marz,date,year,month,poverty_rate,extreme_poverty_rate,non_poor_rate,population,crime_selected_total,Number of minor offense,Number of moderately serious offense,Number of particulary serious offences,crime_total,Number of serious offences,Annual average occupancy of a bed,Number of ambulatory clinics in rural communities,Number of avarage medical personnel,beds,Number of hospitalized patients,hospitals,Number of physicians,"Number of primary health care (PHC) service providers (except OMCs, private medical and dental offices)",crime_rate_per_100k,crime_selected_rate_per_100k,hospitals_per_100k,beds_per_10k
Aragatsotn,2016-01-01,2016,1,15.7,0.6,84.3,129774.0,191.0,322.0,259.0,4.0,655.0,70.0,139.0,16.0,633.0,200.0,5376.0,6.0,241.0,24.0,504.72359640605976,147.1789418527594,4.623422257154746,15.411407523849151
Aragatsotn,2016-02-01,2016,2,15.858333333333189,0.5500000000000455,84.14166666666681,129669.33333333343,191.33333333333303,324.99999999999727,263.24999999999613,4.0833333333332575,661.9166666666604,69.58333333333371,138.75000000000023,15.916666666666742,627.9166666666713,196.6666666666697,5350.250000000024,6.0,239.8333333333344,23.916666666666742,510.5165157098913,147.55817326455033,4.627187630069423,15.164591726224371
Aragatsotn,2016-03-01,2016,3,16.01666666666681,0.4999999999999545,83.98333333333319,129564.66666666657,191.66666666666697,328.00000000000273,267.50000000000387,4.1666666666667425,668.8333333333396,69.16666666666629,138.49999999999977,15.833333333333258,622.8333333333287,193.3333333333303,5324.499999999976,6.0,238.6666666666656,23.833333333333258,516.3094350137387,147.93740467634225,4.63095300298411,14.917775928598916
Aragatsotn,2016-04-01,2016,4,16.175,0.44999999999999996,83.825,129460.0,192.0,331.0,271.75,4.25,675.75,68.75,138.25,15.75,617.75,190.0,5298.75,6.0,237.5,23.75,522.1023543175702,148.31663608813318,4.634718375898786,14.670960130974136
Aragatsotn,2016-05-01,2016,5,16.33333333333319,0.40000000000004543,83.66666666666681,129355.33333333343,192.33333333333303,333.99999999999727,275.99999999999613,4.3333333333332575,682.6666666666604,68.33333333333371,138.00000000000023,15.666666666666742,612.6666666666713,186.6666666666697,5273.000000000024,6.0,236.3333333333344,23.666666666666742,527.8952736214018,148.6958674999241,4.638483748813463,14.424144333349355
Aragatsotn,2016-06-01,2016,6,16.49166666666681,0.3499999999999545,83.50833333333318,129250.66666666657,192.66666666666697,337.00000000000273,280.25000000000387,4.4166666666667425,689.5833333333396,67.91666666666629,137.74999999999977,15.583333333333258,607.5833333333287,183.3333333333303,5247.249999999976,6.0,235.1666666666656,23.583333333333258,533.6881929252492,149.07509891171603,4.64224912172815,14.1773285357239
Aragatsotn,2016-07-01,2016,7,16.65,0.3,83.35,129146.0,193.0,340.0,284.5,4.5,696.5,67.5,137.5,15.5,602.5,180.0,5221.5,6.0,234.0,23.5,539.4811122290807,149.45433032350695,4.646014494642827,13.93051273809912
Aragatsotn,2016-08-01,2016,8,16.80833333333319,0.25000000000004546,83.19166666666682,129041.33333333343,193.33333333333303,342.99999999999727,288.74999999999613,4.5833333333332575,703.4166666666604,67.08333333333371,137.25000000000023,15.416666666666742,597.4166666666713,176.6666666666697,5195.750000000024,6.0,232.8333333333344,23.416666666666742,545.2740315329122,149.83356173529788,4.649779867557504,13.68369694047434
Aragatsotn,2016-09-01,2016,9,16.96666666666681,0.1999999999999545,83.03333333333319,128936.66666666657,193.66666666666697,346.00000000000273,293.00000000000387,4.6666666666667425,710.3333333333396,66.66666666666629,136.99999999999977,15.333333333333258,592.3333333333287,173.3333333333303,5169.999999999976,6.0,231.6666666666656,23.333333333333258,551.0669508367596,150.2127931470898,4.653545240472191,13.436881142848884
Aragatsotn,2016-10-01,2016,10,17.125,0.15000000000000002,82.875,128832.0,194.0,349.0,297.25,4.75,717.25,66.25,136.75,15.25,587.25,170.0,5144.25,6.0,230.5,23.25,556.8598701405912,150.59202455888072,4.657310613386867,13.190065345224104
Aragatsotn,2016-11-01,2016,11,17.28333333333319,0.1000000000000455,82.71666666666681,128727.33333333343,194.33333333333303,351.99999999999727,301.49999999999613,4.8333333333332575,724.1666666666604,65.83333333333371,136.50000000000023,15.166666666666742,582.1666666666713,166.6666666666697,5118.500000000024,6.0,229.3333333333344,23.166666666666742,562.6527894444228,150.97125597067165,4.661075986301544,12.943249547599324
Aragatsotn,2016-12-01,2016,12,17.441666666666812,0.049999999999954525,82.5583333333332,128622.66666666657,194.66666666666697,355.00000000000273,305.75000000000387,4.9166666666667425,731.0833333333396,65.41666666666629,136.24999999999977,15.083333333333258,577.0833333333287,163.3333333333303,5092.749999999976,6.0,228.1666666666656,23.083333333333258,568.44570874827,151.35048738246357,4.664841359216231,12.696433749973869
Aragatsotn,2017-01-01,2017,1,17.6,0.0,82.4,128518.0,195.0,358.0,310.0,5.0,738.0,65.0,136.0,15.0,572.0,160.0,5067.0,6.0,227.0,23.0,574.2386280521016,151.7297187942545,4.6686067321309075,12.449617952349088
Aragatsotn,2017-02-01,2017,2,17.48333333333344,0.0,82.51666666666657,128403.66666666677,194.75000000000023,353.2500000000043,308.4166666666681,5.0833333333332575,733.5833333333374,66.83333333333167,138.3333333333312,15.0,569.6666666666688,159.33333333333394,5080.666666666654,6.0,227.08333333333326,23.0,571.2813030069381,151.66953416017623,4.672804877331751,12.408379845389819
Aragatsotn,2017-03-01,2017,3,17.36666666666656,0.0,82.63333333333344,128289.33333333323,194.49999999999977,348.4999999999957,306.8333333333319,5.1666666666667425,729.1666666666626,68.66666666666833,140.6666666666688,15.0,567.3333333333312,158.66666666666606,5094.333333333346,6.0,227.16666666666674,23.0,568.3239779617664,151.6093495260978,4.677003022532606,12.367141738430435
Aragatsotn,2017-04-01,2017,4,17.25,0.0,82.75,128175.0,194.25,343.75,305.25,5.25,724.75,70.5,143.0,15.0,565.0,158.0,5108.0,6.0,227.25,23.0,565.3666529166028,151.5491648920195,4.68120116773345,12.325903631471165
Aragatsotn,2017-05-01,2017,5,17.13333333333344,0.0,82.86666666666656,128060.66666666677,194.00000000000023,339.0000000000043,303.6666666666681,5.3333333333332575,720.3333333333374,72.33333333333167,145.3333333333312,15.0,562.6666666666688,157.33333333333394,5121.666666666654,6.0,227.33333333333326,23.0,562.4093278714392,151.48898025794122,4.685399312934294,12.284665524511896
Aragatsotn,2017-06-01,2017,6,17.016666666666563,0.0,82.98333333333345,127946.33333333323,193.74999999999977,334.2499999999957,302.0833333333319,5.4166666666667425,715.9166666666626,74.16666666666833,147.6666666666688,15.0,560.3333333333312,156.66666666666606,5135.333333333346,6.0,227.41666666666674,23.0,559.4520028262676,151.42879562386278,4.689597458135149,12.243427417552514
Aragatsotn,2017-07-01,2017,7,16.9,0.0,83.1,127832.0,193.5,329.5,300.5,5.5,711.5,76.0,150.0,15.0,558.0,156.0,5149.0,6.0,227.5,23.0,556.494677781104,151.3686109897845,4.693795603335992,12.202189310593244
Aragatsotn,2017-08-01,2017,8,16.783333333333438,0.0,83.21666666666655,127717.66666666677,193.25000000000023,324.7500000000043,298.9166666666681,5.5833333333332575,707.0833333333374,77.83333333333167,152.3333333333312,15.0,555.6666666666688,155.33333333333394,5162.666666666654,6.0,227.58333333333326,23.0,553.5373527359404,151.30842635570622,4.697993748536836,12.160951203633973
Aragatsotn,2017-09-01,2017,9,16.66666666666656,0.0,83.33333333333344,127603.33333333323,192.99999999999977,319.9999999999957,297.3333333333319,5.6666666666667425,702.6666666666626,79.66666666666833,154.6666666666688,15.0,553.3333333333312,154.66666666666606,5176.333333333346,6.0,227.66666666666674,23.0,550.5800276907688,151.24824172162778,4.702191893737692,12.119713096674591
Aragatsotn,2017-10-01,2017,10,16.55,0.0,83.45,127489.0,192.75,315.25,295.75,5.75,698.25,81.5,157.0,15.0,551.0,154.0,5190.0,6.0,227.75,23.0,547.6227026456053,151.1880570875495,4.706390038938536,12.078474989715321
Aragatsotn,2017-11-01,2017,11,16.43333333333344,0.0,83.56666666666656,127374.66666666677,192.50000000000023,310.5000000000043,294.1666666666681,5.8333333333332575,693.8333333333374,83.33333333333167,159.3333333333312,15.0,548.6666666666688,153.33333333333394,5203.666666666654,6.0,227.83333333333326,23.0,544.6653776004416,151.1278724534712,4.71058818413938,12.037236882756051
Aragatsotn,2017-12-01,2017,12,16.31666666666656,0.0,83.68333333333344,127260.33333333323,192.24999999999977,305.7499999999957,292.5833333333319,5.9166666666667425,689.4166666666626,85.16666666666833,161.6666666666688,15.0,546.3333333333312,152.66666666666606,5217.333333333346,6.0,227.91666666666674,23.0,541.70805255527,151.06768781939277,4.714786329340234,11.995998775796668
Aragatsotn,2018-01-01,2018,1,16.2,0.0,83.8,127146.0,192.0,301.0,291.0,6.0,685.0,87.0,164.0,15.0,544.0,152.0,5231.0,6.0,228.0,23.0,538.7507275101065,151.0075031853145,4.718984474541078,11.954760668837398
Aragatsotn,2018-02-01,2018,2,19.133333333330665,0.6416666666660831,80.86666666666933,127003.83333333346,198.33333333332757,307.16666666666106,291.7499999999993,6.0833333333332575,691.5833333333273,86.58333333333371,167.49999999999682,15.083333333333258,543.8333333333335,153.24999999999886,5348.583333333227,6.0,228.91666666666583,23.083333333333258,544.6095104216739,156.227541185173,4.724332707104827,12.06795875935935
Aragatsotn,2018-03-01,2018,3,22.066666666669335,1.283333333333917,77.93333333333067,126861.66666666654,204.66666666667243,313.33333333333894,292.5000000000007,6.1666666666667425,698.1666666666727,86.16666666666629,171.00000000000318,15.166666666666742,543.6666666666665,154.50000000000114,5466.166666666773,6.0,229.83333333333417,23.166666666666742,550.4682933332573,161.44757918504575,4.72968093966859,12.181156849881608
Aragatsotn,2018-04-01,2018,4,25.0,1.925,75.0,126719.5,211.0,319.5,293.25,6.25,704.75,85.75,174.5,15.25,543.5,155.75,5583.75,6.0,230.75,23.25,556.3270762448248,166.66761718490423,4.735029172232339,12.294354940403558
Aragatsotn,2018-05-01,2018,5,27.933333333330665,2.5666666666660833,72.06666666666933,126577.33333333346,217.33333333332757,325.66666666666106,293.9999999999993,6.3333333333332575,711.3333333333273,85.33333333333371,177.99999999999682,15.333333333333258,543.3333333333335,156.99999999999886,5701.333333333227,6.0,231.66666666666583,23.333333333333258,562.1858591563922,171.88765518476274,4.740377404796088,12.40755303092551
Aragatsotn,2018-06-01,2018,6,30.866666666669335,3.208333333333917,69.13333333333067,126435.16666666654,223.66666666667243,331.83333333333894,294.7500000000007,6.4166666666667425,717.9166666666727,84.91666666666629,181.50000000000318,15.416666666666742,543.1666666666665,158.25000000000114,5818.916666666773,6.0,232.58333333333417,23.416666666666742,568.0446420679756,177.10769318463548,4.745725637359851,12.520751121447768
Aragatsotn,2018-07-01,2018,7,33.8,3.85,66.2,126293.0,230.0,338.0,295.5,6.5,724.5,84.5,185.0,15.5,543.0,159.5,5936.5,6.0,233.5,23.5,573.903424979543,182.32773118449398,4.7510738699236,12.63394921196972
Aragatsotn,2018-08-01,2018,8,36.73333333333066,4.491666666666084,63.26666666666934,126150.83333333346,236.33333333332757,344.16666666666106,296.2499999999993,6.5833333333332575,731.0833333333273,84.08333333333371,188.49999999999682,15.583333333333258,542.8333333333335,160.74999999999886,6054.083333333227,6.0,234.41666666666583,23.583333333333258,579.7622078911105,187.54776918435246,4.756422102487349,12.74714730249167
Aragatsotn,2018-09-01,2018,9,39.666666666669336,5.133333333333917,60.333333333330664,126008.66666666654,242.66666666667243,350.33333333333894,297.0000000000007,6.6666666666667425,737.6666666666727,83.66666666666629,192.00000000000318,15.666666666666742,542.6666666666665,162.00000000000114,6171.666666666773,6.0,235.33333333333417,23.666666666666742,585.6209908026939,192.7678071842252,4.7617703350511125,12.86034539301393
Aragatsotn,2018-10-01,2018,10,42.6,5.775,57.4,125866.5,249.0,356.5,297.75,6.75,744.25,83.25,195.5,15.75,542.5,163.25,6289.25,6.0,236.25,23.75,591.4797737142613,197.9878451840837,4.767118567614861,12.973543483535881
Aragatsotn,2018-11-01,2018,11,45.53333333333067,6.416666666666083,54.46666666666934,125724.33333333346,255.33333333332757,362.66666666666106,298.4999999999993,6.8333333333332575,750.8333333333273,82.83333333333371,198.99999999999682,15.833333333333258,542.3333333333335,164.49999999999886,6406.833333333227,6.0,237.16666666666583,23.833333333333258,597.3385566258288,203.20788318394222,4.77246680017861,13.08674157405783
Aragatsotn,2018-12-01,2018,12,48.46666666666934,7.058333333333917,51.53333333333067,125582.16666666654,261.6666666666724,368.83333333333894,299.2500000000007,6.9166666666667425,757.4166666666727,82.41666666666629,202.50000000000318,15.916666666666742,542.1666666666665,165.75000000000114,6524.416666666773,6.0,238.08333333333417,23.916666666666742,603.1973395374122,208.42792118381493,4.777815032742374,13.19993966458009
Aragatsotn,2019-01-01,2019,1,51.4,7.7,48.6,125440.0,268.0,375.0,300.0,7.0,764.0,82.0,206.0,16.0,542.0,167.0,6642.0,6.0,239.0,24.0,609.0561224489796,213.64795918367344,4.783163265306122,13.31313775510204
Aragatsotn,2019-02-01,2019,2,49.858333333334734,7.158333333333826,50.141666666665266,125380.08333333339,266.2500000000016,380.9166666666613,296.75000000000296,6.9166666666667425,769.9166666666613,85.3333333333303,204.00000000000182,16.0,540.5000000000014,169.41666666666447,6558.333333333409,5.9166666666667425,238.50000000000045,24.0,614.0926381867957,212.3474650692466,4.718645324186772,13.513299279655275
Aragatsotn,2019-03-01,2019,3,48.31666666666526,6.616666666666174,51.68333333333474,125320.16666666661,264.4999999999984,386.8333333333387,293.49999999999704,6.8333333333332575,775.8333333333387,88.6666666666697,201.99999999999818,16.0,538.9999999999986,171.83333333333553,6474.666666666591,5.8333333333332575,237.99999999999955,24.0,619.1291539246256,211.0469709548162,4.654127383067246,13.713460804209053
Aragatsotn,2019-04-01,2019,4,46.775,6.075,53.225,125260.25,262.75,392.75,290.25,6.75,781.75,92.0,200.0,16.0,537.5,174.25,6391.0,5.75,237.5,24.0,624.1656696624417,209.74647684038936,4.589609441947896,13.913622328762287
Aragatsotn,2019-05-01,2019,5,45.233333333334734,5.533333333333826,54.766666666665266,125200.33333333339,261.0000000000016,398.6666666666613,287.00000000000296,6.6666666666667425,787.6666666666613,95.3333333333303,198.00000000000182,16.0,536.0000000000014,176.66666666666447,6307.333333333409,5.6666666666667425,237.00000000000045,24.0,629.2021854002578,208.44598272596252,4.525091500828547,14.113783853315521
Aragatsotn,2019-06-01,2019,6,43.69166666666526,4.991666666666174,56.30833333333474,125140.41666666661,259.2499999999984,404.5833333333387,283.74999999999704,6.5833333333332575,793.5833333333387,98.6666666666697,195.99999999999818,16.0,534.4999999999986,179.08333333333553,6223.666666666591,5.5833333333332575,236.49999999999955,24.0,634.2387011380877,207.14548861153213,4.4605735597090215,14.313945377869299
Aragatsotn,2019-07-01,2019,7,42.15,4.45,57.849999999999994,125080.5,257.5,410.5,280.5,6.5,799.5,102.0,194.0,16.0,533.0,181.5,6140.0,5.5,236.0,24.0,639.2752168759038,205.8449944971053,4.3960556185896715,14.514106902422533
Aragatsotn,2019-08-01,2019,8,40.608333333334734,3.908333333333826,59.39166666666526,125020.58333333339,255.7500000000016,416.4166666666613,277.25000000000296,6.4166666666667425,805.4166666666613,105.3333333333303,192.00000000000182,16.0,531.5000000000014,183.91666666666447,6056.333333333409,5.4166666666667425,235.50000000000045,24.0,644.3117326137199,204.54450038267842,4.331537677470322,14.714268426975767
Aragatsotn,2019-09-01,2019,9,39.06666666666526,3.366666666666174,60.93333333333473,124960.66666666661,253.9999999999984,422.3333333333387,273.99999999999704,6.3333333333332575,811.3333333333387,108.6666666666697,189.99999999999818,16.0,529.9999999999986,186.33333333333553,5972.666666666591,5.3333333333332575,234.99999999999955,24.0,649.3482483515497,203.24400626824803,4.267019736350796,14.914429951529545
Aragatsotn,2019-10-01,2019,10,37.525,2.825,62.474999999999994,124900.75,252.25,428.25,270.75,6.25,817.25,112.0,188.0,16.0,528.5,188.75,5889.0,5.25,234.5,24.0,654.3847640893658,201.9435121538212,4.202501795231447,15.11459147608278
Aragatsotn,2019-11-01,2019,11,35.983333333334734,2.283333333333826,64.01666666666526,124840.83333333339,250.5000000000016,434.1666666666613,267.50000000000296,6.1666666666667425,823.1666666666613,115.3333333333303,186.00000000000182,16.0,527.0000000000014,191.16666666666447,5805.333333333409,5.1666666666667425,234.00000000000045,24.0,659.4212798271819,200.64301803939435,4.137983854112097,15.314753000636014
Aragatsotn,2019-12-01,2019,12,34.44166666666526,1.7416666666661742,65.55833333333473,124780.91666666661,248.7499999999984,440.0833333333387,264.24999999999704,6.0833333333332575,829.0833333333387,118.6666666666697,183.99999999999818,16.0,525.4999999999986,193.58333333333553,5721.666666666591,5.0833333333332575,233.49999999999955,24.0,664.4577955650118,199.34252392496396,4.073465912992571,15.514914525189791
Aragatsotn,2020-01-01,2020,1,32.9,1.2,67.1,124721.0,247.0,446.0,261.0,6.0,835.0,122.0,182.0,16.0,524.0,196.0,5638.0,5.0,233.0,24.0,669.4943113028279,198.04202981053712,4.008947971873221,15.715076049743026
Aragatsotn,2020-02-01,2020,2,31.283333333334802,1.100000000000091,68.71666666666519,124698.08333333336,249.7499999999975,448.3333333333312,260.8333333333335,5.9166666666667425,835.2499999999998,120.16666666666833,185.24999999999704,16.0,524.1666666666665,194.00000000000182,5710.583333333268,5.0,234.5833333333319,24.0,669.8184886807052,200.2882929542533,4.009686217573005,15.557257696075501
Aragatsotn,2020-03-01,2020,3,29.666666666665193,0.999999999999909,70.33333333333479,124675.16666666664,252.5000000000025,450.6666666666688,260.6666666666665,5.8333333333332575,835.5000000000002,118.33333333333167,188.50000000000296,16.0,524.3333333333335,191.99999999999818,5783.166666666732,5.0,236.1666666666681,24.0,670.1426660585834,202.5345560979756,4.010424463272791,15.399439342407545
Aragatsotn,2020-04-01,2020,4,28.049999999999997,0.8999999999999999,71.94999999999999,124652.25,255.25,453.0,260.5,5.75,835.75,116.5,191.75,16.0,524.5,190.0,5855.75,5.0,237.75,24.0,670.4668434364607,204.7808192416918,4.011162708972575,15.241620988740019
Aragatsotn,2020-05-01,2020,5,26.4333333333348,0.8000000000000909,73.5666666666652,124629.33333333336,257.9999999999975,455.3333333333312,260.3333333333335,5.6666666666667425,835.9999999999998,114.66666666666833,194.99999999999704,16.0,524.6666666666665,188.00000000000182,5928.333333333268,5.0,239.3333333333319,24.0,670.791020814338,207.02708238540797,4.01190095467236,15.083802635072495
Aragatsotn,2020-06-01,2020,6,24.816666666665196,0.699999999999909,75.1833333333348,124606.41666666664,260.7500000000025,457.6666666666688,260.1666666666665,5.5833333333332575,836.2500000000002,112.83333333333167,198.25000000000296,16.0,524.8333333333335,185.99999999999818,6000.916666666732,5.0,240.9166666666681,24.0,671.1151981922162,209.27334552913027,4.0126392003721465,14.925984281404538
Aragatsotn,2020-07-01,2020,7,23.2,0.6,76.8,124583.5,263.5,460.0,260.0,5.5,836.5,111.0,201.5,16.0,525.0,184.0,6073.5,5.0,242.5,24.0,671.4393755700935,211.51960867284646,4.01337744607193,14.768165927737012
Aragatsotn,2020-08-01,2020,8,21.583333333334803,0.5000000000000909,78.4166666666652,124560.58333333336,266.2499999999975,462.3333333333312,259.8333333333335,5.4166666666667425,836.7499999999998,109.16666666666833,204.74999999999704,16.0,525.1666666666665,182.00000000000182,6146.083333333268,5.0,244.0833333333319,24.0,671.7635529479709,213.76587181656265,4.014115691771714,14.610347574069488
Aragatsotn,2020-09-01,2020,9,19.966666666665198,0.399999999999909,80.03333333333481,124537.66666666664,269.0000000000025,464.6666666666688,259.6666666666665,5.3333333333332575,837.0000000000002,107.33333333333167,208.00000000000296,16.0,525.3333333333335,179.99999999999818,6218.666666666732,5.0,245.6666666666681,24.0,672.0877303258491,216.01213496028495,4.014853937471501,14.452529220401532
Aragatsotn,2020-10-01,2020,10,18.35,0.30000000000000004,81.65,124514.75,271.75,467.0,259.5,5.25,837.25,105.5,211.25,16.0,525.5,178.0,6291.25,5.0,247.25,24.0,672.4119077037263,218.25839810400112,4.015592183171285,14.294710866734007
Aragatsotn,2020-11-01,2020,11,16.733333333334805,0.200000000000091,83.2666666666652,124491.83333333336,274.4999999999975,469.3333333333312,259.3333333333335,5.1666666666667425,837.4999999999998,103.66666666666833,214.49999999999704,16.0,525.6666666666665,176.00000000000182,6363.833333333268,5.0,248.8333333333319,24.0,672.7360850816037,220.5046612477173,4.016330428871069,14.136892513066481
Aragatsotn,2020-12-01,2020,12,15.116666666665196,0.09999999999990905,84.8833333333348,124468.91666666664,277.2500000000025,471.6666666666688,259.1666666666665,5.0833333333332575,837.7500000000002,101.83333333333167,217.75000000000296,16.0,525.8333333333335,173.99999999999818,6436.416666666732,5.0,250.4166666666681,24.0,673.0602624594819,222.7509243914396,4.017068674570855,13.979074159398525
Aragatsotn,2021-01-01,2021,1,13.5,0.0,86.5,124446.0,280.0,474.0,259.0,5.0,838.0,100.0,221.0,16.0,526.0,172.0,6509.0,5.0,252.0,24.0,673.3844398373592,224.9971875351558,4.0178069202706395,13.821255805731
Aragatsotn,2021-02-01,2021,2,13.033333333333758,0.0,86.96666666666624,124462.66666666666,280.9999999999991,482.33333333332575,271.66666666665515,8.666666666663332,864.9166666666422,102.24999999999795,217.75000000000296,16.0,525.4166666666672,172.66666666666606,6474.583333333365,5.0,254.24999999999795,24.0,694.8888891792309,225.7693747443268,4.01726969124868,13.872892540188841
Aragatsotn,2021-03-01,2021,3,12.566666666666242,0.0,87.43333333333376,124479.33333333334,282.0000000000009,490.66666666667425,284.33333333334485,12.333333333336668,891.8333333333578,104.50000000000205,214.49999999999704,16.0,524.8333333333328,173.33333333333394,6440.166666666635,5.0,256.50000000000205,24.0,716.3933385211612,226.5415619534999,4.01673246222672,13.924529274646822
Aragatsotn,2021-04-01,2021,4,12.1,0.0,87.9,124496.0,283.0,499.0,297.0,16.0,918.75,106.75,211.25,16.0,524.25,174.0,6405.75,5.0,258.75,24.0,737.897787863033,227.3137491626709,4.016195233204761,13.976166009104663
Aragatsotn,2021-05-01,2021,5,11.633333333333757,0.0,88.36666666666623,124512.66666666666,283.9999999999991,507.33333333332575,309.66666666665515,19.666666666663332,945.6666666666422,108.99999999999795,208.00000000000296,16.0,523.6666666666672,174.66666666666606,6371.333333333365,5.0,260.99999999999795,24.0,759.4022372049047,228.08593637184185,4.015658004182802,14.027802743562503
Aragatsotn,2021-06-01,2021,6,11.166666666666242,0.0,88.83333333333375,124529.33333333334,285.0000000000009,515.6666666666742,322.33333333334485,23.333333333336668,972.5833333333578,111.25000000000205,204.74999999999704,16.0,523.0833333333328,175.33333333333394,6336.916666666635,5.0,263.25000000000205,24.0,780.9066865468351,228.85812358101495,4.015120775160841,14.079439478020484
Aragatsotn,2021-07-01,2021,7,10.7,0.0,89.3,124546.0,286.0,524.0,335.0,27.0,999.5,113.5,201.5,16.0,522.5,176.0,6302.5,5.0,265.5,24.0,802.4111358887068,229.63031079018594,4.014583546138882,14.131076212478323
Aragatsotn,2021-08-01,2021,8,10.233333333333757,0.0,89.76666666666624,124562.66666666666,286.9999999999991,532.3333333333258,347.66666666665515,30.666666666663332,1026.4166666666422,115.74999999999795,198.25000000000296,16.0,521.9166666666672,176.66666666666606,6268.083333333365,5.0,267.74999999999795,24.0,823.9155852305785,230.40249799935694,4.014046317116923,14.182712946936164
Aragatsotn,2021-09-01,2021,9,9.766666666666243,0.0,90.23333333333376,124579.33333333334,288.0000000000009,540.6666666666742,360.33333333334485,34.33333333333667,1053.3333333333578,118.00000000000205,194.99999999999704,16.0,521.3333333333328,177.33333333333394,6233.666666666635,5.0,270.00000000000205,24.0,845.4200345725088,231.17468520853004,4.013509088094962,14.234349681394145
Aragatsotn,2021-10-01,2021,10,9.3,0.0,90.69999999999999,124596.0,289.0,549.0,373.0,38.0,1080.25,120.25,191.75,16.0,520.75,178.0,6199.25,5.0,272.25,24.0,866.9244839143805,231.946872417701,4.012971859073003,14.285986415851985
Aragatsotn,2021-11-01,2021,11,8.833333333333758,0.0,91.16666666666623,124612.66666666666,289.9999999999991,557.3333333333258,385.66666666665515,41.66666666666333,1107.1666666666422,122.49999999999795,188.50000000000296,16.0,520.1666666666672,178.66666666666606,6164.833333333365,5.0,274.49999999999795,24.0,888.4289332562523,232.719059626872,4.012434630051044,14.337623150309826
Aragatsotn,2021-12-01,2021,12,8.366666666666243,0.0,91.63333333333375,124629.33333333334,291.0000000000009,565.6666666666742,398.33333333334485,45.33333333333667,1134.0833333333578,124.75000000000205,185.24999999999704,16.0,519.5833333333328,179.33333333333394,6130.416666666635,5.0,276.75000000000205,24.0,909.9333825981827,233.4912468360451,4.011897401029084,14.389259884767807
Aragatsotn,2022-01-01,2022,1,7.9,0.0,92.1,124646.0,292.0,574.0,411.0,49.0,1161.0,127.0,182.0,16.0,519.0,180.0,6096.0,5.0,279.0,24.0,931.4378319400544,234.2634340452161,4.011360172007125,14.440896619225647
Aragatsotn,2022-02-01,2022,2,7.9,0.0,92.1,124646.0,292.0,574.0,411.0,49.0,1161.0,127.0,182.0,16.0,519.0,180.0,6096.0,5.0,279.0,24.0,931.4378319400544,234.2634340452161,4.011360172007125,14.440896619225647
Aragatsotn,2022-03-01,2022,3,7.9,0.0,92.1,124646.0,292.0,574.0,411.0,49.0,1161.0,127.0,182.0,16.0,519.0,180.0,6096.0,5.0,279.0,24.0,931.4378319400544,234.2634340452161,4.011360172007125,14.440896619225647
Aragatsotn,2022-04-01,2022,4,7.9,0.0,92.1,124646.0,292.0,574.0,411.0,49.0,1161.0,127.0,182.0,16.0,519.0,180.0,6096.0,5.0,279.0,24.0,931.4378319400544,234.2634340452161,4.011360172007125,14.440896619225647
Aragatsotn,2022-05-01,2022,5,7.9,0.0,92.1,124646.0,292.0,574.0,411.0,49.0,1161.0,127.0,182.0,16.0,519.0,180.0,6096.0,5.0,279.0,24.0,931.4378319400544,234.2634340452161,4.011360172007125,14.440896619225647
Aragatsotn,2022-06-01,2022,6,7.9,0.0,92.1,124646.0,292.0,574.0,411.0,49.0,1161.0,127.0,182.0,16.0,519.0,180.0,6096.0,5.0,279.0,24.0,931.4378319400544,234.2634340452161,4.011360172007125,14.440896619225647
Aragatsotn,2022-07-01,2022,7,7.9,0.0,92.1,124646.0,292.0,574.0,411.0,49.0,1161.0,127.0,182.0,16.0,519.0,180.0,6096.0,5.0,279.0,24.0,931.4378319400544,234.2634340452161,4.011360172007125,14.440896619225647
Aragatsotn,2022-08-01,2022,8,7.9,0.0,92.1,124646.0,292.0,574.0,411.0,49.0,1161.0,127.0,182.0,16.0,519.0,180.0,6096.0,5.0,279.0,24.0,931.4378319400544,234.2634340452161,4.011360172007125,14.440896619225647
Aragatsotn,2022-09-01,2022,9,7.9,0.0,92.1,124646.0,292.0,574.0,411.0,49.0,1161.0,127.0,182.0,16.0,519.0,180.0,6096.0,5.0,279.0,24.0,931.4378319400544,234.2634340452161,4.011360172007125,14.440896619225647
Aragatsotn,2022-10-01,2022,10,7.9,0.0,92.1,124646.0,292.0,574.0,411.0,49.0,1161.0,127.0,182.0,16.0,519.0,180.0,6096.0,5.0,279.0,24.0,931.4378319400544,234.2634340452161,4.011360172007125,14.440896619225647
Aragatsotn,2022-11-01,2022,11,7.9,0.0,92.1,124646.0,292.0,574.0,411.0,49.0,1161.0,127.0,182.0,16.0,519.0,180.0,6096.0,5.0,279.0,24.0,931.4378319400544,234.2634340452161,4.011360172007125,14.440896619225647
Aragatsotn,2022-12-01,2022,12,7.9,0.0,92.1,124646.0,292.0,574.0,411.0,49.0,1161.0,127.0,182.0,16.0,519.0,180.0,6096.0,5.0,279.0,24.0,931.4378319400544,234.2634340452161,4.011360172007125,14.440896619225647
Ararat,2016-01-01,2016,1,26.9,1.0,73.1,258911.0,349.0,647.0,417.0,4.0,1225.0,157.0,228.0,50.0,1005.0,473.0,13693.0,7.0,460.0,60.0,473.1355562336093,134.79535438818743,2.7036317499063385,18.268825967224256
Ararat,2016-02-01,2016,2,26.46666666666706,1.0499999999999545,73.53333333333293,258869.00000000003,348.7500000000002,651.9999999999955,412.58333333333735,4.33333333333303,1225.666666666666,156.75000000000023,228.9999999999991,50.0,999.6666666666715,468.8333333333371,13635.500000000053,6.9166666666667425,458.0000000000018,60.0,473.4704479355694,134.72051665114594,2.671822314404089,18.110550936067956
Ararat,2016-03-01,2016,3,26.033333333332937,1.1000000000000454,73.96666666666705,258826.99999999997,348.4999999999998,657.0000000000045,408.16666666666265,4.66666666666697,1226.333333333334,156.49999999999977,230.0000000000009,50.0,994.3333333333285,464.6666666666629,13577.999999999947,6.8333333333332575,455.9999999999982,60.0,473.8053396375304,134.64567891410425,2.6400128789017527,17.952275904911225
Ararat,2016-04-01,2016,4,25.599999999999998,1.15,74.39999999999999,258785.0,348.25,662.0,403.75,5.0,1227.0,156.25,231.0,50.0,989.0,460.5,13520.5,6.75,454.0,60.0,474.14023133949047,134.5708411770628,2.6082034433995034,17.794000873754925
Ararat,2016-05-01,2016,5,25.16666666666706,1.1999999999999544,74.83333333333293,258743.00000000003,348.0000000000002,666.9999999999955,399.33333333333735,5.33333333333303,1227.666666666666,156.00000000000023,231.9999999999991,50.0,983.6666666666715,456.3333333333371,13463.000000000053,6.6666666666667425,452.0000000000018,60.0,474.4751230414505,134.4960034400213,2.5763940078972536,17.635725842598625
Ararat,2016-06-01,2016,6,24.733333333332936,1.2500000000000455,75.26666666666705,258700.99999999997,347.7499999999998,672.0000000000045,394.91666666666265,5.66666666666697,1228.333333333334,155.74999999999977,233.0000000000009,50.0,978.3333333333285,452.1666666666629,13405.499999999947,6.5833333333332575,449.9999999999982,60.0,474.8100147434115,134.4211657029796,2.544584572394917,17.477450811441894
Ararat,2016-07-01,2016,7,24.299999999999997,1.3,75.69999999999999,258659.0,347.5,677.0,390.5,6.0,1229.0,155.5,234.0,50.0,973.0,448.0,13348.0,6.5,448.0,60.0,475.1449064453716,134.34632796593814,2.512775136892668,17.319175780285594
Ararat,2016-08-01,2016,8,23.866666666667058,1.3499999999999546,76.13333333333294,258617.00000000003,347.2500000000002,681.9999999999955,386.08333333333735,6.33333333333303,1229.666666666666,155.25000000000023,234.9999999999991,50.0,967.6666666666715,443.8333333333371,13290.500000000053,6.4166666666667425,446.0000000000018,60.0,475.4797981473317,134.27149022889665,2.4809657013904185,17.160900749129294
Ararat,2016-09-01,2016,9,23.43333333333294,1.4000000000000457,76.56666666666706,258574.99999999997,346.9999999999998,687.0000000000045,381.66666666666265,6.66666666666697,1230.333333333334,154.99999999999977,236.0000000000009,50.0,962.3333333333285,439.6666666666629,13232.999999999947,6.3333333333332575,443.9999999999982,60.0,475.8146898492927,134.19665249185496,2.449156265888082,17.002625717972563
Ararat,2016-10-01,2016,10,23.0,1.4500000000000002,77.0,258533.0,346.75,692.0,377.25,7.0,1231.0,154.75,237.0,50.0,957.0,435.5,13175.5,6.25,442.0,60.0,476.1495815512527,134.12181475481347,2.4173468303858323,16.844350686816263
Ararat,2016-11-01,2016,11,22.56666666666706,1.4999999999999547,77.43333333333294,258491.00000000003,346.5000000000002,696.9999999999955,372.83333333333735,7.33333333333303,1231.666666666666,154.50000000000023,237.9999999999991,50.0,951.6666666666715,431.3333333333371,13118.000000000053,6.1666666666667425,440.0000000000018,60.0,476.4844732532128,134.046977017772,2.385537394883583,16.686075655659963
Ararat,2016-12-01,2016,12,22.13333333333294,1.5500000000000456,77.86666666666706,258448.99999999997,346.2499999999998,702.0000000000045,368.41666666666265,7.66666666666697,1232.333333333334,154.24999999999977,239.0000000000009,50.0,946.3333333333285,427.1666666666629,13060.499999999947,6.0833333333332575,437.9999999999982,60.0,476.8193649551738,133.97213928073032,2.3537279593812466,16.527800624503232
Ararat,2017-01-01,2017,1,21.7,1.6,78.3,258407.0,346.0,707.0,364.0,8.0,1233.0,154.0,240.0,50.0,941.0,423.0,13003.0,6.0,436.0,60.0,477.1542566571339,133.89730154368883,2.321918523878997,16.369525593346932
Ararat,2017-02-01,2017,2,21.54166666666681,1.466666666666788,78.45833333333319,258356.75000000006,357.49999999998954,711.2499999999961,373.2499999999916,8.499999999999545,1249.4166666666517,156.41666666666447,239.5833333333337,50.0,944.9166666666631,428.41666666666174,13035.74999999997,6.0,436.2499999999998,60.08333333333326,483.6151481408276,138.3841533357538,2.3223711018290087,16.582824205190356
Ararat,2017-03-01,2017,3,21.383333333333187,1.3333333333332122,78.6166666666668,258306.49999999994,369.00000000001046,715.5000000000039,382.5000000000084,9.000000000000455,1265.8333333333483,158.83333333333553,239.1666666666663,50.0,948.8333333333369,433.83333333333826,13068.50000000003,6.0,436.5000000000002,60.16666666666674,490.07603962453896,142.871005127831,2.322823679779022,16.796122817034362
Ararat,2017-04-01,2017,4,21.225,1.2000000000000002,78.775,258256.25,380.5,719.75,391.75,9.5,1282.25,161.25,238.75,50.0,952.75,439.25,13101.25,6.0,436.75,60.25,496.53693110823264,147.357856919896,2.3232762577290336,17.009421428877786
Ararat,2017-05-01,2017,5,21.066666666666812,1.066666666666788,78.9333333333332,258206.00000000006,391.99999999998954,723.9999999999961,400.9999999999916,9.999999999999545,1298.6666666666517,163.66666666666447,238.3333333333337,50.0,956.6666666666631,444.66666666666174,13133.99999999997,6.0,436.9999999999998,60.33333333333326,502.99782259192637,151.84470871196095,2.323728835679045,17.222720040721214
Ararat,2017-06-01,2017,6,20.90833333333319,0.9333333333332121,79.09166666666681,258155.74999999994,403.50000000001046,728.2500000000039,410.2500000000084,10.500000000000455,1315.0833333333483,166.08333333333553,237.9166666666663,50.0,960.5833333333369,450.08333333333826,13166.75000000003,6.0,437.2500000000002,60.41666666666674,509.4587140756377,156.33156050403818,2.3241814136290584,17.43601865256522
Ararat,2017-07-01,2017,7,20.75,0.8,79.25,258105.5,415.0,732.5,419.5,11.0,1331.5,168.5,237.5,50.0,964.5,455.5,13199.5,6.0,437.5,60.5,515.9196055593314,160.81841229610313,2.32463399157907,17.649317264408644
Ararat,2017-08-01,2017,8,20.59166666666681,0.666666666666788,79.40833333333319,258055.25000000006,426.49999999998954,736.7499999999961,428.7499999999916,11.499999999999545,1347.9166666666517,170.91666666666447,237.0833333333337,50.0,968.4166666666631,460.91666666666174,13232.24999999997,6.0,437.7499999999998,60.58333333333326,522.3804970430251,165.30526408816812,2.3250865695290814,17.862615876252068
Ararat,2017-09-01,2017,9,20.433333333333188,0.5333333333332122,79.5666666666668,258004.99999999994,438.00000000001046,741.0000000000039,438.0000000000084,12.000000000000455,1364.3333333333483,173.33333333333553,236.6666666666663,50.0,972.3333333333369,466.33333333333826,13265.00000000003,6.0,438.0000000000002,60.66666666666674,528.8413885267364,169.79211588024532,2.3255391474790947,18.075914488096075
Ararat,2017-10-01,2017,10,20.275,0.3999999999999999,79.725,257954.75,449.5,745.25,447.25,12.5,1380.75,175.75,236.25,50.0,976.25,471.75,13297.75,6.0,438.25,60.75,535.3022800104302,174.2789676723103,2.3259917254291063,18.289213099939502
Ararat,2017-11-01,2017,11,20.116666666666813,0.26666666666678784,79.8833333333332,257904.50000000006,460.99999999998954,749.4999999999961,456.4999999999916,12.999999999999545,1397.1666666666517,178.16666666666447,235.8333333333337,50.0,980.1666666666631,477.16666666666174,13330.49999999997,6.0,438.4999999999998,60.83333333333326,541.7631714941239,178.76581946437528,2.326444303379118,18.502511711782926
Ararat,2017-12-01,2017,12,19.95833333333319,0.13333333333321207,80.04166666666681,257854.24999999994,472.50000000001046,753.7500000000039,465.7500000000084,13.500000000000455,1413.5833333333483,180.58333333333553,235.4166666666663,50.0,984.0833333333369,482.58333333333826,13363.25000000003,6.0,438.7500000000002,60.91666666666674,548.2240629778353,183.2526712564525,2.326896881329131,18.715810323626933
Ararat,2018-01-01,2018,1,19.8,0.0,80.2,257804.0,484.0,758.0,475.0,14.0,1430.0,183.0,235.0,50.0,988.0,488.0,13396.0,6.0,439.0,61.0,554.684954461529,187.73952304851747,2.3273494592791426,18.929108935470357
Ararat,2018-02-01,2018,2,20.599999999999273,0.04166666666662877,79.40000000000073,257711.0000000001,494.49999999999045,767.2499999999916,475.08333333333326,13.916666666666742,1443.3333333333212,187.08333333332962,235.66666666666606,50.0,987.8333333333335,488.0,13679.833333333076,6.0,440.49999999999864,60.91666666666674,560.0802944622185,191.8981115904148,2.328192675556151,18.93596709452336
Ararat,2018-03-01,2018,3,21.400000000000727,0.08333333333337123,78.59999999999927,257617.9999999999,505.00000000000955,776.5000000000084,475.16666666666674,13.833333333333258,1456.6666666666788,191.16666666667038,236.33333333333394,50.0,987.6666666666665,488.0,13963.666666666924,6.0,442.00000000000136,60.83333333333326,565.4756344629227,196.05670013232347,2.3290358918331617,18.94282525357638
Ararat,2018-04-01,2018,4,22.2,0.125,77.8,257525.0,515.5,785.75,475.25,13.75,1470.0,195.25,237.0,50.0,987.5,488.0,14247.5,6.0,443.5,60.75,570.8709744636122,200.2152886742208,2.3298791081101706,18.949683412629383
Ararat,2018-05-01,2018,5,22.99999999999927,0.16666666666662877,77.00000000000072,257432.0000000001,525.9999999999905,794.9999999999916,475.33333333333326,13.666666666666742,1483.3333333333212,199.33333333332962,237.66666666666606,50.0,987.3333333333335,488.0,14531.333333333076,6.0,444.99999999999864,60.66666666666674,576.2663144643018,204.37387721611813,2.330722324387179,18.956541571682386
Ararat,2018-06-01,2018,6,23.80000000000073,0.20833333333337123,76.19999999999928,257338.9999999999,536.5000000000095,804.2500000000084,475.41666666666674,13.583333333333258,1496.6666666666788,203.41666666667038,238.33333333333394,50.0,987.1666666666665,488.0,14815.166666666924,6.0,446.50000000000136,60.58333333333326,581.6616544650061,208.5324657580268,2.3315655406641898,18.963399730735407
Ararat,2018-07-01,2018,7,24.6,0.25,75.4,257246.0,547.0,813.5,475.5,13.5,1510.0,207.5,239.0,50.0,987.0,488.0,15099.0,6.0,448.0,60.5,587.0569944656957,212.69105429992413,2.332408756941198,18.97025788978841
Ararat,2018-08-01,2018,8,25.399999999999274,0.29166666666662877,74.60000000000072,257153.0000000001,557.4999999999905,822.7499999999916,475.58333333333326,13.416666666666742,1523.3333333333212,211.58333333332962,239.66666666666606,50.0,986.8333333333335,488.0,15382.833333333076,6.0,449.49999999999864,60.41666666666674,592.4523344663851,216.84964284182146,2.3332519732182067,18.977116048841413
Ararat,2018-09-01,2018,9,26.200000000000728,0.33333333333337123,73.79999999999927,257059.9999999999,568.0000000000095,832.0000000000084,475.66666666666674,13.333333333333258,1536.6666666666788,215.66666666667038,240.33333333333394,50.0,986.6666666666665,488.0,15666.666666666924,6.0,451.00000000000136,60.33333333333326,597.8476744670894,221.00823138373013,2.3340951894952173,18.983974207894434
Ararat,2018-10-01,2018,10,27.0,0.375,73.0,256967.0,578.5,841.25,475.75,13.25,1550.0,219.75,241.0,50.0,986.5,488.0,15950.5,6.0,452.5,60.25,603.243014467779,225.16681992562746,2.3349384057722258,18.990832366947437
Ararat,2018-11-01,2018,11,27.799999999999272,0.41666666666662877,72.20000000000073,256874.0000000001,588.9999999999905,850.4999999999916,475.83333333333326,13.166666666666742,1563.3333333333212,223.83333333332962,241.66666666666606,50.0,986.3333333333335,488.0,16234.333333333076,6.0,453.99999999999864,60.16666666666674,608.6383544684685,229.3254084675248,2.3357816220492347,18.99769052600044
Ararat,2018-12-01,2018,12,28.600000000000726,0.45833333333337123,71.39999999999927,256780.9999999999,599.5000000000095,859.7500000000084,475.91666666666674,13.083333333333258,1576.6666666666788,227.91666666667038,242.33333333333394,50.0,986.1666666666665,488.0,16518.166666666926,6.0,455.50000000000136,60.08333333333326,614.0336944691727,233.48399700943347,2.3366248383262453,19.00454868505346
Ararat,2019-01-01,2019,1,29.4,0.5,70.6,256688.0,610.0,869.0,476.0,13.0,1590.0,232.0,243.0,50.0,986.0,488.0,16802.0,6.0,457.0,60.0,619.4290344698622,237.6425855513308,2.337468054603254,19.011406844106464
Ararat,2019-02-01,2019,2,29.683333333333074,0.466666666666697,70.31666666666692,256678.1666666667,609.8333333333335,888.083333333316,478.7499999999975,13.249999999999773,1612.1666666666465,232.08333333333326,243.4166666666663,50.0,980.7500000000048,488.0,16611.583333333507,6.0,455.0000000000018,60.0,628.0923923013972,237.58673394004057,2.3375576406910152,19.012135477620255
Ararat,2019-03-01,2019,3,29.966666666666924,0.43333333333330304,70.03333333333308,256668.3333333333,609.6666666666665,907.166666666684,481.5000000000025,13.500000000000227,1634.3333333333535,232.16666666666674,243.8333333333337,50.0,975.4999999999952,488.0,16421.166666666493,6.0,452.9999999999982,60.0,636.7557501329559,237.5308823287502,2.3376472267787767,19.01286411113405
Ararat,2019-04-01,2019,4,30.25,0.4,69.75,256658.5,609.5,926.25,484.25,13.75,1656.5,232.25,244.25,50.0,970.25,488.0,16230.75,6.0,451.0,60.0,645.4191079644909,237.47503071746,2.337736812866538,19.01359274464784
Ararat,2019-05-01,2019,5,30.533333333333072,0.366666666666697,69.46666666666692,256648.6666666667,609.3333333333335,945.333333333316,486.9999999999975,13.999999999999773,1678.6666666666465,232.33333333333326,244.6666666666663,50.0,965.0000000000048,488.0,16040.333333333507,6.0,449.0000000000018,60.0,654.0824657960259,237.41917910616976,2.337826398954299,19.014321378161632
Ararat,2019-06-01,2019,6,30.816666666666922,0.333333333333303,69.18333333333307,256638.8333333333,609.1666666666665,964.416666666684,489.7500000000025,14.250000000000227,1700.8333333333535,232.41666666666674,245.0833333333337,50.0,959.7499999999952,488.0,15849.916666666493,6.0,446.9999999999982,60.0,662.7458236275845,237.36332749487937,2.3379159850420606,19.015050011675427
Ararat,2019-07-01,2019,7,31.099999999999998,0.3,68.9,256629.0,609.0,983.5,492.5,14.5,1723.0,232.5,245.5,50.0,954.5,488.0,15659.5,6.0,445.0,60.0,671.4091814591195,237.30747588358918,2.338005571129822,19.01577864518922
Ararat,2019-08-01,2019,8,31.383333333333074,0.26666666666669697,68.61666666666693,256619.1666666667,608.8333333333335,1002.583333333316,495.2499999999975,14.749999999999773,1745.1666666666465,232.58333333333326,245.9166666666663,50.0,949.2500000000048,488.0,15469.083333333507,6.0,443.0000000000018,60.0,680.0725392906544,237.25162427229895,2.3380951572175834,19.01650727870301
Ararat,2019-09-01,2019,9,31.66666666666692,0.23333333333330303,68.33333333333307,256609.3333333333,608.6666666666665,1021.666666666684,498.0000000000025,15.000000000000227,1767.3333333333535,232.66666666666674,246.3333333333337,50.0,943.9999999999952,488.0,15278.666666666493,6.0,440.9999999999982,60.0,688.735897122213,237.19577266100856,2.338184743305345,19.017235912216805
Ararat,2019-10-01,2019,10,31.949999999999996,0.19999999999999996,68.05,256599.5,608.5,1040.75,500.75,15.25,1789.5,232.75,246.75,50.0,938.75,488.0,15088.25,6.0,439.0,60.0,697.399254953748,237.13992104971834,2.338274329393106,19.017964545730596
Ararat,2019-11-01,2019,11,32.23333333333307,0.16666666666669694,67.76666666666692,256589.6666666667,608.3333333333335,1059.833333333316,503.4999999999975,15.499999999999773,1811.6666666666465,232.83333333333326,247.1666666666663,50.0,933.5000000000048,488.0,14897.833333333507,6.0,437.0000000000018,60.0,706.062612785283,237.08406943842812,2.3383639154808673,19.018693179244387
Ararat,2019-12-01,2019,12,32.51666666666692,0.133333333333303,67.48333333333308,256579.8333333333,608.1666666666665,1078.916666666684,506.2500000000025,15.750000000000227,1833.8333333333535,232.91666666666674,247.5833333333337,50.0,928.2499999999952,488.0,14707.416666666493,6.0,434.9999999999982,60.0,714.7259706168417,237.02821782713775,2.3384535015686287,19.019421812758182
Ararat,2020-01-01,2020,1,32.8,0.1,67.2,256570.0,608.0,1098.0,509.0,16.0,1856.0,233.0,248.0,50.0,923.0,488.0,14517.0,6.0,433.0,60.0,723.3893284483767,236.97236621584753,2.33854308765639,19.020150446271973
Ararat,2020-02-01,2020,2,32.40000000000036,0.1749999999999318,67.59999999999964,256575.0,620.2499999999889,1105.9999999999927,509.8333333333326,16.249999999999773,1861.499999999995,229.41666666666993,248.91666666666583,50.0,920.416666666669,487.33333333333394,14633.499999999894,5.9166666666667425,434.7499999999984,59.91666666666674,725.5183977440836,241.74115839980033,2.306025353764156,18.99380213384205
Ararat,2020-03-01,2020,3,31.999999999999634,0.2500000000000682,68.00000000000037,256580.0,632.5000000000111,1114.0000000000073,510.6666666666674,16.500000000000227,1867.000000000005,225.83333333333007,249.83333333333417,50.0,917.833333333331,486.66666666666606,14750.000000000106,5.8333333333332575,436.5000000000016,59.83333333333326,727.6474670397963,246.50995058376614,2.2735076198718334,18.96745382141205
Ararat,2020-04-01,2020,4,31.599999999999998,0.325,68.4,256585.0,644.75,1122.0,511.5,16.75,1872.5,222.25,250.75,50.0,915.25,486.0,14866.5,5.75,438.25,59.75,729.7765363355031,251.27874276771894,2.2409898859795994,18.941105508982126
Ararat,2020-05-01,2020,5,31.20000000000036,0.39999999999993185,68.79999999999964,256590.0,656.9999999999889,1129.9999999999927,512.3333333333326,16.999999999999773,1877.999999999995,218.66666666666993,251.66666666666583,50.0,912.666666666669,485.33333333333394,14982.999999999894,5.6666666666667425,439.9999999999984,59.66666666666674,731.90560563121,256.04753495167176,2.2084721520873654,18.9147571965522
Ararat,2020-06-01,2020,6,30.799999999999635,0.47500000000006826,69.20000000000037,256595.0,669.2500000000111,1138.0000000000073,513.1666666666674,17.250000000000227,1883.500000000005,215.08333333333007,252.58333333333417,50.0,910.083333333331,484.66666666666606,15099.500000000106,5.5833333333332575,441.7500000000016,59.58333333333326,734.0346749269228,260.81632713563755,2.1759544181950425,18.8884088841222
Ararat,2020-07-01,2020,7,30.4,0.55,69.6,256600.0,681.5,1146.0,514.0,17.5,1889.0,211.5,253.5,50.0,907.5,484.0,15216.0,5.5,443.5,59.5,736.1637442226297,265.5851193195904,2.1434366843028085,18.862060571692275
Ararat,2020-08-01,2020,8,30.000000000000362,0.6249999999999318,69.99999999999963,256605.0,693.7499999999889,1153.9999999999927,514.8333333333326,17.749999999999773,1894.499999999995,207.91666666666993,254.41666666666583,50.0,904.916666666669,483.33333333333394,15332.499999999894,5.4166666666667425,445.2499999999984,59.41666666666674,738.2928135183366,270.35391150354315,2.1109189504105745,18.83571225926235
Ararat,2020-09-01,2020,9,29.599999999999635,0.7000000000000682,70.40000000000036,256610.0,706.0000000000111,1162.0000000000073,515.6666666666674,18.000000000000227,1900.000000000005,204.33333333333007,255.33333333333417,50.0,902.333333333331,482.66666666666606,15449.000000000106,5.3333333333332575,447.0000000000016,59.33333333333326,740.4218828140494,275.122703687509,2.0784012165182517,18.809363946832352
Ararat,2020-10-01,2020,10,29.2,0.775,70.8,256615.0,718.25,1170.0,516.5,18.25,1905.5,200.75,256.25,50.0,899.75,482.0,15565.5,5.25,448.75,59.25,742.5509521097563,279.89149587146176,2.0458834826260177,18.783015634402425
Ararat,2020-11-01,2020,11,28.800000000000363,0.8499999999999318,71.19999999999963,256620.0,730.4999999999889,1177.9999999999927,517.3333333333326,18.499999999999773,1910.999999999995,197.16666666666993,257.16666666666583,50.0,897.166666666669,481.33333333333394,15681.999999999894,5.1666666666667425,450.4999999999984,59.16666666666674,744.6800214054631,284.6602880554146,2.0133657487337837,18.7566673219725
Ararat,2020-12-01,2020,12,28.399999999999636,0.9250000000000682,71.60000000000036,256625.0,742.7500000000111,1186.0000000000073,518.1666666666674,18.750000000000227,1916.500000000005,193.58333333333007,258.08333333333417,50.0,894.583333333331,480.66666666666606,15798.500000000106,5.0833333333332575,452.2500000000016,59.08333333333326,746.8090907011758,289.42908023938037,1.980848014841461,18.7303190095425
Ararat,2021-01-01,2021,1,28.0,1.0,72.0,256630.0,755.0,1194.0,519.0,19.0,1922.0,190.0,259.0,50.0,892.0,480.0,15915.0,5.0,454.0,59.0,748.9381599968827,294.1978724233332,1.948330280949227,18.703970697112577
Ararat,2021-02-01,2021,2,27.65000000000032,1.0,72.34999999999968,256628.75,752.0000000000027,1201.083333333327,526.1666666666601,20.499999999998636,1942.416666666648,194.66666666666242,257.6666666666679,50.0,888.750000000003,480.0,15981.333333333274,5.0,454.0,58.91666666666674,756.8979551739566,293.03023899325626,1.9483397714811568,18.704061806219105
Ararat,2021-03-01,2021,3,27.29999999999968,1.0,72.70000000000032,256627.5,748.9999999999973,1208.166666666673,533.3333333333399,22.000000000001364,1962.833333333352,199.33333333333758,256.3333333333321,50.0,885.499999999997,480.0,16047.666666666726,5.0,454.0,58.83333333333326,764.8577503510521,291.8626055631761,1.9483492620130867,18.704152915325633
Ararat,2021-04-01,2021,4,26.95,1.0,73.05,256626.25,746.0,1215.25,540.5,23.5,1983.25,204.0,255.0,50.0,882.25,480.0,16114.0,5.0,454.0,58.75,772.817545528126,290.69497213309916,1.9483587525450163,18.704244024432157
Ararat,2021-05-01,2021,5,26.600000000000318,1.0,73.39999999999968,256625.0,743.0000000000027,1222.333333333327,547.6666666666601,24.999999999998636,2003.666666666648,208.66666666666242,253.66666666666788,50.0,879.000000000003,480.0,16180.333333333274,5.0,454.0,58.66666666666674,780.7773407051998,289.52733870302217,1.9483682430769462,18.704335133538684
Ararat,2021-06-01,2021,6,26.24999999999968,1.0,73.75000000000031,256623.75,739.9999999999973,1229.416666666673,554.8333333333399,26.500000000001364,2024.083333333352,213.33333333333758,252.33333333333212,50.0,875.749999999997,480.0,16246.666666666726,5.0,454.0,58.58333333333326,788.7371358822953,288.35970527294205,1.9483777336088761,18.704426242645212
Ararat,2021-07-01,2021,7,25.9,1.0,74.1,256622.5,737.0,1236.5,562.0,28.0,2044.5,218.0,251.0,50.0,872.5,480.0,16313.0,5.0,454.0,58.5,796.6969310593693,287.19207184286506,1.948387224140806,18.70451735175174
Ararat,2021-08-01,2021,8,25.550000000000317,1.0,74.44999999999969,256621.25,734.0000000000027,1243.583333333327,569.1666666666601,29.499999999998636,2064.916666666648,222.66666666666242,249.66666666666788,50.0,869.250000000003,480.0,16379.333333333274,5.0,454.0,58.41666666666674,804.6567262364431,286.02443841278813,1.948396714672736,18.704608460858264
Ararat,2021-09-01,2021,9,25.199999999999683,1.0,74.80000000000032,256620.0,730.9999999999973,1250.666666666673,576.3333333333399,31.000000000001364,2085.333333333352,227.33333333333758,248.33333333333212,50.0,865.999999999997,480.0,16445.666666666726,5.0,454.0,58.33333333333326,812.6165214135386,284.856804982708,1.9484062052046658,18.70469956996479
Ararat,2021-10-01,2021,10,24.85,1.0,75.15,256618.75,728.0,1257.75,583.5,32.5,2105.75,232.0,247.0,50.0,862.75,480.0,16512.0,5.0,454.0,58.25,820.5763165906125,283.689171552631,1.9484156957365957,18.70479067907132
Ararat,2021-11-01,2021,11,24.50000000000032,1.0,75.49999999999969,256617.5,725.0000000000027,1264.833333333327,590.6666666666601,33.999999999998636,2126.166666666648,236.66666666666242,245.66666666666788,50.0,859.500000000003,480.0,16578.333333333274,5.0,454.0,58.16666666666674,828.5361117676863,282.5215381225541,1.9484251862685253,18.704881788177843
Ararat,2021-12-01,2021,12,24.149999999999682,1.0,75.85000000000032,256616.25,721.9999999999973,1271.916666666673,597.8333333333399,35.500000000001364,2146.583333333352,241.33333333333758,244.33333333333212,50.0,856.249999999997,480.0,16644.666666666726,5.0,454.0,58.08333333333326,836.4959069447818,281.3539046924739,1.9484346768004552,18.70497289728437
Ararat,2022-01-01,2022,1,23.8,1.0,76.2,256615.0,719.0,1279.0,605.0,37.0,2167.0,246.0,243.0,50.0,853.0,480.0,16711.0,5.0,454.0,58.0,844.4557021218557,280.186271262397,1.9484441673323851,18.7050640063909
Ararat,2022-02-01,2022,2,23.8,1.0,76.2,256615.0,719.0,1279.0,605.0,37.0,2167.0,246.0,243.0,50.0,853.0,480.0,16711.0,5.0,454.0,58.0,844.4557021218557,280.186271262397,1.9484441673323851,18.7050640063909
Ararat,2022-03-01,2022,3,23.8,1.0,76.2,256615.0,719.0,1279.0,605.0,37.0,2167.0,246.0,243.0,50.0,853.0,480.0,16711.0,5.0,454.0,58.0,844.4557021218557,280.186271262397,1.9484441673323851,18.7050640063909
Ararat,2022-04-01,2022,4,23.8,1.0,76.2,256615.0,719.0,1279.0,605.0,37.0,2167.0,246.0,243.0,50.0,853.0,480.0,16711.0,5.0,454.0,58.0,844.4557021218557,280.186271262397,1.9484441673323851,18.7050640063909
Ararat,2022-05-01,2022,5,23.8,1.0,76.2,256615.0,719.0,1279.0,605.0,37.0,2167.0,246.0,243.0,50.0,853.0,480.0,16711.0,5.0,454.0,58.0,844.4557021218557,280.186271262397,1.9484441673323851,18.7050640063909
Ararat,2022-06-01,2022,6,23.8,1.0,76.2,256615.0,719.0,1279.0,605.0,37.0,2167.0,246.0,243.0,50.0,853.0,480.0,16711.0,5.0,454.0,58.0,844.4557021218557,280.186271262397,1.9484441673323851,18.7050640063909
Ararat,2022-07-01,2022,7,23.8,1.0,76.2,256615.0,719.0,1279.0,605.0,37.0,2167.0,246.0,243.0,50.0,853.0,480.0,16711.0,5.0,454.0,58.0,844.4557021218557,280.186271262397,1.9484441673323851,18.7050640063909
Ararat,2022-08-01,2022,8,23.8,1.0,76.2,256615.0,719.0,1279.0,605.0,37.0,2167.0,246.0,243.0,50.0,853.0,480.0,16711.0,5.0,454.0,58.0,844.4557021218557,280.186271262397,1.9484441673323851,18.7050640063909
Ararat,2022-09-01,2022,9,23.8,1.0,76.2,256615.0,719.0,1279.0,605.0,37.0,2167.0,246.0,243.0,50.0,853.0,480.0,16711.0,5.0,454.0,58.0,844.4557021218557,280.186271262397,1.9484441673323851,18.7050640063909
Ararat,2022-10-01,2022,10,23.8,1.0,76.2,256615.0,719.0,1279.0,605.0,37.0,2167.0,246.0,243.0,50.0,853.0,480.0,16711.0,5.0,454.0,58.0,844.4557021218557,280.186271262397,1.9484441673323851,18.7050640063909
Ararat,2022-11-01,2022,11,23.8,1.0,76.2,256615.0,719.0,1279.0,605.0,37.0,2167.0,246.0,243.0,50.0,853.0,480.0,16711.0,5.0,454.0,58.0,844.4557021218557,280.186271262397,1.9484441673323851,18.7050640063909
Ararat,2022-12-01,2022,12,23.8,1.0,76.2,256615.0,719.0,1279.0,605.0,37.0,2167.0,246.0,243.0,50.0,853.0,480.0,16711.0,5.0,454.0,58.0,844.4557021218557,280.186271262397,1.9484441673323851,18.7050640063909
Armavir,2016-01-01,2016,1,30.0,1.5,70.0,266613.0,373.0,651.0,457.0,11.0,1308.0,189.0,197.0,52.0,975.0,355.0,13364.0,4.0,403.0,61.0,490.59873299501527,139.9031555100464,1.5003019357645726,13.315179679910582
Armavir,2016-02-01,2016,2,29.68333333333362,1.4416666666667197,70.31666666666638,266541.8333333334,375.24999999999795,652.6666666666652,460.99999999999636,11.249999999999773,1313.7499999999948,188.83333333333348,196.66666666666697,52.0,969.5833333333383,355.0,13311.500000000047,4.0,402.08333333333417,61.0,492.8937231044663,140.78725140607844,1.5007036963362252,13.318745304983999
Armavir,2016-03-01,2016,3,29.36666666666638,1.3833333333332802,70.63333333333362,266470.6666666666,377.50000000000205,654.3333333333348,465.00000000000364,11.500000000000227,1319.5000000000052,188.66666666666652,196.33333333333303,52.0,964.1666666666617,355.0,13258.999999999953,4.0,401.16666666666583,61.0,495.18871321392356,141.67134730211293,1.5011054569078788,13.322310930057425
Armavir,2016-04-01,2016,4,29.05,1.325,70.95,266399.5,379.75,656.0,469.0,11.75,1325.25,188.5,196.0,52.0,958.75,355.0,13206.5,4.0,400.25,61.0,497.4837033233745,142.55544319814499,1.5015072174795314,13.32587655513084
Armavir,2016-05-01,2016,5,28.733333333333622,1.2666666666667197,71.26666666666638,266328.3333333334,381.99999999999795,657.6666666666652,472.99999999999636,11.999999999999773,1330.9999999999948,188.33333333333348,195.66666666666697,52.0,953.3333333333383,355.0,13154.000000000047,4.0,399.33333333333417,61.0,499.77869343282555,143.43953909417704,1.501908978051184,13.329442180204257
Armavir,2016-06-01,2016,6,28.41666666666638,1.2083333333332802,71.58333333333363,266257.1666666666,384.25000000000205,659.3333333333348,477.00000000000364,12.250000000000227,1336.7500000000052,188.16666666666652,195.33333333333303,52.0,947.9166666666617,355.0,13101.499999999953,4.0,398.41666666666583,61.0,502.0736835422828,144.32363499021153,1.5023107386228378,13.333007805277683
Armavir,2016-07-01,2016,7,28.1,1.15,71.9,266186.0,386.5,661.0,481.0,12.5,1342.5,188.0,195.0,52.0,942.5,355.0,13049.0,4.0,397.5,61.0,504.36867365173384,145.20773088624358,1.5027124991944905,13.3365734303511
Armavir,2016-08-01,2016,8,27.783333333333623,1.0916666666667196,72.21666666666637,266114.8333333334,388.74999999999795,662.6666666666652,484.99999999999636,12.749999999999773,1348.2499999999948,187.83333333333348,194.66666666666697,52.0,937.0833333333383,355.0,12996.500000000047,4.0,396.58333333333417,61.0,506.6636637611848,146.09182678227563,1.5031142597661429,13.340139055424517
Armavir,2016-09-01,2016,9,27.466666666666377,1.0333333333332804,72.53333333333362,266043.6666666666,391.00000000000205,664.3333333333348,489.00000000000364,13.000000000000227,1354.0000000000052,187.66666666666652,194.33333333333303,52.0,931.6666666666617,355.0,12943.999999999953,4.0,395.66666666666583,61.0,508.9586538706421,146.97592267831013,1.5035160203377966,13.343704680497943
Armavir,2016-10-01,2016,10,27.15,0.9750000000000001,72.85,265972.5,393.25,666.0,493.0,13.25,1359.75,187.5,194.0,52.0,926.25,355.0,12891.5,4.0,394.75,61.0,511.2536439800931,147.86001857434218,1.5039177809094493,13.34727030557136
Armavir,2016-11-01,2016,11,26.83333333333362,0.9166666666667198,73.16666666666637,265901.3333333334,395.49999999999795,667.6666666666652,496.99999999999636,13.499999999999773,1365.4999999999948,187.33333333333348,193.66666666666697,52.0,920.8333333333383,355.0,12839.000000000047,4.0,393.83333333333417,61.0,513.5486340895441,148.74411447037423,1.504319541481102,13.350835930644775
Armavir,2016-12-01,2016,12,26.516666666666378,0.8583333333332803,73.48333333333362,265830.1666666666,397.75000000000205,669.3333333333348,501.00000000000364,13.750000000000227,1371.2500000000052,187.16666666666652,193.33333333333303,52.0,915.4166666666617,355.0,12786.499999999953,4.0,392.91666666666583,61.0,515.8436241990014,149.62821036640872,1.5047213020527554,13.354401555718201
Armavir,2017-01-01,2017,1,26.2,0.8,73.8,265759.0,400.0,671.0,505.0,14.0,1377.0,187.0,193.0,52.0,910.0,355.0,12734.0,4.0,392.0,61.0,518.1386143084524,150.51230626244077,1.505123062624408,13.357967180791618
Armavir,2017-02-01,2017,2,25.975000000000204,0.8083333333333258,74.02499999999979,265663.83333333343,412.83333333332166,679.5833333333255,514.6666666666579,13.500000000000455,1395.6666666666497,187.91666666666583,192.66666666666697,52.0,908.6666666666679,355.0,12743.74999999999,4.0,391.8333333333335,61.0,525.3791778076227,155.41621299485578,1.5056643639950418,13.362771230455992
Armavir,2017-03-01,2017,3,25.749999999999794,0.8166666666666743,74.2500000000002,265568.66666666657,425.66666666667834,688.1666666666745,524.3333333333421,12.999999999999545,1414.3333333333503,188.83333333333417,192.33333333333303,52.0,907.3333333333321,355.0,12753.50000000001,4.0,391.6666666666665,61.0,532.6197413068127,160.32011972728418,1.5062056653656768,13.367575280120379
Armavir,2017-04-01,2017,4,25.525,0.8250000000000001,74.475,265473.5,438.5,696.75,534.0,12.5,1433.0,189.75,192.0,52.0,906.0,355.0,12763.25,4.0,391.5,61.0,539.860304805983,165.2240264596992,1.5067469667363105,13.372379329784753
Armavir,2017-05-01,2017,5,25.300000000000203,0.8333333333333258,74.69999999999979,265378.33333333343,451.33333333332166,705.3333333333255,543.6666666666579,12.000000000000455,1451.6666666666497,190.66666666666583,191.66666666666697,52.0,904.6666666666679,355.0,12772.99999999999,4.0,391.3333333333335,61.0,547.1008683051533,170.1279331921142,1.507288268106944,13.377183379449127
Armavir,2017-06-01,2017,6,25.074999999999797,0.8416666666666743,74.9250000000002,265283.16666666657,464.16666666667834,713.9166666666745,553.3333333333421,11.499999999999545,1470.3333333333503,191.58333333333417,191.33333333333303,52.0,903.3333333333321,355.0,12782.75000000001,4.0,391.1666666666665,61.0,554.3414318043434,175.03183992454257,1.5078295694775792,13.381987429113513
Armavir,2017-07-01,2017,7,24.85,0.8500000000000001,75.15,265188.0,477.0,722.5,563.0,11.0,1489.0,192.5,191.0,52.0,902.0,355.0,12792.5,4.0,391.0,61.0,561.5819953035136,179.93574665695758,1.5083708708482129,13.386791478777887
Armavir,2017-08-01,2017,8,24.625000000000206,0.8583333333333258,75.3749999999998,265092.83333333343,489.83333333332166,731.0833333333255,572.6666666666579,10.500000000000455,1507.6666666666497,193.41666666666583,190.66666666666697,52.0,900.6666666666679,355.0,12802.24999999999,4.0,390.8333333333335,61.0,568.822558802684,184.8396533893726,1.5089121722188463,13.39159552844226
Armavir,2017-09-01,2017,9,24.399999999999796,0.8666666666666742,75.60000000000021,264997.66666666657,502.66666666667834,739.6666666666745,582.3333333333421,9.999999999999545,1526.3333333333503,194.33333333333417,190.33333333333303,52.0,899.3333333333321,355.0,12812.00000000001,4.0,390.6666666666665,61.0,576.063122301874,189.74356012180098,1.5094534735894816,13.396399578106646
Armavir,2017-10-01,2017,10,24.175,0.875,75.825,264902.5,515.5,748.25,592.0,9.5,1545.0,195.25,190.0,52.0,898.0,355.0,12821.75,4.0,390.5,61.0,583.3036858010444,194.647466854216,1.509994774960115,13.40120362777102
Armavir,2017-11-01,2017,11,23.950000000000205,0.8833333333333258,76.0499999999998,264807.33333333343,528.3333333333217,756.8333333333255,601.6666666666579,9.000000000000455,1563.6666666666497,196.16666666666583,189.66666666666697,52.0,896.6666666666679,355.0,12831.49999999999,4.0,390.3333333333335,61.0,590.5442493002147,199.551373586631,1.5105360763307487,13.406007677435394
Armavir,2017-12-01,2017,12,23.724999999999795,0.8916666666666743,76.2750000000002,264712.16666666657,541.1666666666783,765.4166666666745,611.3333333333421,8.499999999999545,1582.3333333333503,197.08333333333417,189.33333333333303,52.0,895.3333333333321,355.0,12841.25000000001,4.0,390.1666666666665,61.0,597.7848127994047,204.4552803190594,1.5110773777013837,13.41081172709978
Armavir,2018-01-01,2018,1,23.5,0.9,76.5,264617.0,554.0,774.0,621.0,8.0,1601.0,198.0,189.0,52.0,894.0,355.0,12851.0,4.0,390.0,61.0,605.025376298575,209.3591870514744,1.5116186790720174,13.415615776764154
Armavir,2018-02-01,2018,2,23.416666666666742,0.9249999999999773,76.58333333333326,264557.25000000006,561.8333333333262,780.1666666666611,617.2500000000034,8.33333333333303,1607.3333333333276,201.58333333333007,191.83333333333076,52.0,893.666666666667,355.0,13024.333333333176,4.0,391.9999999999982,60.91666666666674,607.5622599649887,212.37488445488074,1.511960926954073,13.418653226717398
Armavir,2018-03-01,2018,3,23.333333333333258,0.9500000000000227,76.66666666666674,264497.49999999994,569.6666666666738,786.3333333333389,613.4999999999966,8.66666666666697,1613.6666666666724,205.16666666666993,194.66666666666924,52.0,893.333333333333,355.0,13197.666666666824,4.0,394.0000000000018,60.83333333333326,610.0991436314092,215.39058185829532,1.5123031748361295,13.42169067667065
Armavir,2018-04-01,2018,4,23.25,0.975,76.75,264437.75,577.5,792.5,609.75,9.0,1620.0,208.75,197.5,52.0,893.0,355.0,13371.0,4.0,396.0,60.75,612.6360272978229,218.40627926170166,1.5126454227181851,13.424728126623894
Armavir,2018-05-01,2018,5,23.166666666666742,0.9999999999999772,76.83333333333326,264378.00000000006,585.3333333333262,798.6666666666611,606.0000000000034,9.33333333333303,1626.3333333333276,212.33333333333007,200.33333333333076,52.0,892.666666666667,355.0,13544.333333333176,4.0,397.9999999999982,60.66666666666674,615.1729109642365,221.421976665108,1.5129876706002408,13.427765576577135
Armavir,2018-06-01,2018,6,23.083333333333258,1.0250000000000228,76.91666666666674,264318.24999999994,593.1666666666738,804.8333333333389,602.2499999999966,9.66666666666697,1632.6666666666724,215.91666666666993,203.16666666666924,52.0,892.333333333333,355.0,13717.666666666824,4.0,400.0000000000018,60.58333333333326,617.709794630657,224.43767406852257,1.5133299184822973,13.430803026530388
Armavir,2018-07-01,2018,7,23.0,1.05,77.0,264258.5,601.0,811.0,598.5,10.0,1639.0,219.5,206.0,52.0,892.0,355.0,13891.0,4.0,402.0,60.5,620.2466782970707,227.4533714719289,1.5136721663643526,13.433840476483631
Armavir,2018-08-01,2018,8,22.916666666666742,1.0749999999999773,77.08333333333326,264198.75000000006,608.8333333333262,817.1666666666611,594.7500000000034,10.33333333333303,1645.3333333333276,223.08333333333007,208.83333333333076,52.0,891.666666666667,355.0,14064.333333333176,4.0,403.9999999999982,60.41666666666674,622.7835619634844,230.46906887533527,1.5140144142464083,13.436877926436875
Armavir,2018-09-01,2018,9,22.833333333333258,1.1000000000000227,77.16666666666674,264138.99999999994,616.6666666666738,823.3333333333389,590.9999999999966,10.66666666666697,1651.6666666666724,226.66666666666993,211.66666666666924,52.0,891.333333333333,355.0,14237.666666666824,4.0,406.0000000000018,60.33333333333326,625.320445629905,233.48476627874982,1.5143566621284648,13.439915376390127
Armavir,2018-10-01,2018,10,22.75,1.125,77.25,264079.25,624.5,829.5,587.25,11.0,1658.0,230.25,214.5,52.0,891.0,355.0,14411.0,4.0,408.0,60.25,627.8573292963185,236.50046368215618,1.5146989100105204,13.442952826343369
Armavir,2018-11-01,2018,11,22.666666666666742,1.1499999999999773,77.33333333333326,264019.50000000006,632.3333333333262,835.6666666666611,583.5000000000034,11.33333333333303,1664.3333333333276,233.83333333333007,217.33333333333076,52.0,890.666666666667,355.0,14584.333333333176,4.0,409.9999999999982,60.16666666666674,630.3942129627322,239.51616108556252,1.515041157892576,13.445990276296612
Armavir,2018-12-01,2018,12,22.583333333333258,1.1750000000000227,77.41666666666674,263959.74999999994,640.1666666666738,841.8333333333389,579.7499999999966,11.66666666666697,1670.6666666666724,237.41666666666993,220.16666666666924,52.0,890.333333333333,355.0,14757.666666666824,4.0,412.0000000000018,60.08333333333326,632.9310966291528,242.5318584889771,1.5153834057746325,13.449027726249865
Armavir,2019-01-01,2019,1,22.5,1.2,77.5,263900.0,648.0,848.0,576.0,12.0,1677.0,241.0,223.0,52.0,890.0,355.0,14931.0,4.0,414.0,60.0,635.4679802955665,245.54755589238343,1.515725653656688,13.452065176203108
Armavir,2019-02-01,2019,2,23.308333333332598,1.2916666666665833,76.6916666666674,263896.9166666667,648.5833333333328,850.583333333331,575.5833333333337,12.99999999999909,1679.4999999999977,240.33333333333394,219.8333333333362,52.0,885.6666666666706,355.8333333333326,14743.833333333503,4.0,412.33333333333485,60.0,636.4228673377273,245.7714995233483,1.5157433654519459,13.483804414119321
Armavir,2019-03-01,2019,3,24.116666666667403,1.3833333333334166,75.8833333333326,263893.8333333333,649.1666666666672,853.166666666669,575.1666666666663,14.00000000000091,1682.0000000000023,239.66666666666606,216.6666666666638,52.0,881.3333333333294,356.6666666666674,14556.666666666497,4.0,410.66666666666515,60.0,637.3777543798907,245.99544315431376,1.5157610772472037,13.515543652035621
Armavir,2019-04-01,2019,4,24.925,1.4749999999999999,75.075,263890.75,649.75,855.75,574.75,15.0,1684.5,239.0,213.5,52.0,877.0,357.5,14369.5,4.0,409.0,60.0,638.3326414220516,246.21938678527863,1.5157787890424614,13.547282889951834
Armavir,2019-05-01,2019,5,25.7333333333326,1.5666666666665832,74.2666666666674,263887.6666666667,650.3333333333328,858.333333333331,574.3333333333337,15.99999999999909,1686.9999999999977,238.33333333333394,210.3333333333362,52.0,872.6666666666706,358.3333333333326,14182.333333333503,4.0,407.33333333333485,60.0,639.2875284642124,246.4433304162435,1.5157965008377192,13.579022127868047
Armavir,2019-06-01,2019,6,26.541666666667403,1.6583333333334167,73.4583333333326,263884.5833333333,650.9166666666672,860.916666666669,573.9166666666663,17.00000000000091,1689.5000000000023,237.66666666666606,207.1666666666638,52.0,868.3333333333294,359.1666666666674,13995.166666666497,4.0,405.66666666666515,60.0,640.2424155063758,246.66727404720896,1.515814212632977,13.610761365784345
Armavir,2019-07-01,2019,7,27.35,1.75,72.65,263881.5,651.5,863.5,573.5,18.0,1692.0,237.0,204.0,52.0,864.0,360.0,13808.0,4.0,404.0,60.0,641.1973025485366,246.89121767817383,1.5158319244282348,13.642500603700558
Armavir,2019-08-01,2019,8,28.1583333333326,1.8416666666665833,71.84166666666741,263878.4166666667,652.0833333333328,866.083333333331,573.0833333333337,18.99999999999909,1694.4999999999977,236.33333333333394,200.8333333333362,52.0,859.6666666666706,360.8333333333326,13620.833333333503,4.0,402.33333333333485,60.0,642.1521895906975,247.1151613091387,1.5158496362234928,13.674239841616771
Armavir,2019-09-01,2019,9,28.966666666667404,1.9333333333334166,71.03333333333259,263875.3333333333,652.6666666666672,868.666666666669,572.6666666666663,20.00000000000091,1697.0000000000023,235.66666666666606,197.6666666666638,52.0,855.3333333333294,361.6666666666674,13433.666666666497,4.0,400.66666666666515,60.0,643.1070766328609,247.33910494010416,1.5158673480187506,13.705979079533071
Armavir,2019-10-01,2019,10,29.775000000000002,2.025,70.225,263872.25,653.25,871.25,572.25,21.0,1699.5,235.0,194.5,52.0,851.0,362.5,13246.5,4.0,399.0,60.0,644.0619636750217,247.56304857106903,1.5158850598140083,13.737718317449284
Armavir,2019-11-01,2019,11,30.5833333333326,2.116666666666583,69.4166666666674,263869.1666666667,653.8333333333328,873.833333333331,571.8333333333337,21.99999999999909,1701.9999999999977,234.33333333333394,191.3333333333362,52.0,846.6666666666706,363.3333333333326,13059.333333333503,4.0,397.33333333333485,60.0,645.0168507171826,247.7869922020339,1.5159027716092661,13.769457555365497
Armavir,2019-12-01,2019,12,31.391666666667405,2.2083333333334165,68.6083333333326,263866.0833333333,654.4166666666672,876.416666666669,571.4166666666663,23.00000000000091,1704.5000000000023,233.66666666666606,188.1666666666638,52.0,842.3333333333294,364.1666666666674,12872.166666666497,4.0,395.66666666666515,60.0,645.971737759346,248.01093583299937,1.515920483404524,13.801196793281797
Armavir,2020-01-01,2020,1,32.2,2.3,67.8,263863.0,655.0,879.0,571.0,24.0,1707.0,233.0,185.0,52.0,838.0,365.0,12685.0,4.0,394.0,60.0,646.9266248015068,248.23487946396423,1.5159381951997817,13.83293603119801
Armavir,2020-02-01,2020,2,32.67499999999957,2.4416666666665376,67.32500000000043,263869.75,656.7499999999984,882.6666666666633,576.9999999999945,24.499999999999545,1718.999999999989,234.83333333333167,189.58333333332916,52.0,836.4166666666681,365.0,12898.08333333314,4.0,394.5833333333328,59.91666666666674,651.4564994919014,248.89155063119463,1.5158994271928652,13.832582273134896
Armavir,2020-03-01,2020,3,33.15000000000043,2.583333333333462,66.84999999999957,263876.5,658.5000000000016,886.3333333333367,583.0000000000055,25.000000000000455,1731.000000000011,236.66666666666833,194.16666666667084,52.0,834.8333333333319,365.0,13111.16666666686,4.0,395.1666666666672,59.83333333333326,655.9863741823083,249.54822179842682,1.5158606591859485,13.832228515071781
Armavir,2020-04-01,2020,4,33.625,2.7249999999999996,66.375,263883.25,660.25,890.0,589.0,25.5,1743.0,238.5,198.75,52.0,833.25,365.0,13324.25,4.0,395.75,59.75,660.5162488727028,250.20489296565722,1.5158218911790318,13.831874757008666
Armavir,2020-05-01,2020,5,34.09999999999957,2.8666666666665375,65.90000000000043,263890.0,661.9999999999984,893.6666666666633,594.9999999999945,25.999999999999545,1754.999999999989,240.33333333333167,203.33333333332916,52.0,831.6666666666681,365.0,13537.33333333314,4.0,396.3333333333328,59.66666666666674,665.0461235630975,250.86156413288762,1.5157831231721153,13.831520998945553
Armavir,2020-06-01,2020,6,34.575000000000436,3.008333333333462,65.42499999999957,263896.75,663.7500000000016,897.3333333333367,601.0000000000055,26.500000000000455,1767.000000000011,242.16666666666833,207.91666666667084,52.0,830.0833333333319,365.0,13750.41666666686,4.0,396.9166666666672,59.58333333333326,669.5759982535044,251.5182353001198,1.5157443551651986,13.831167240882438
Armavir,2020-07-01,2020,7,35.05,3.15,64.95,263903.5,665.5,901.0,607.0,27.0,1779.0,244.0,212.5,52.0,828.5,365.0,13963.5,4.0,397.5,59.5,674.1058729438989,252.17490646735024,1.515705587158282,13.830813482819325
Armavir,2020-08-01,2020,8,35.524999999999565,3.2916666666665377,64.47500000000043,263910.25,667.2499999999984,904.6666666666633,612.9999999999945,27.499999999999545,1790.999999999989,245.83333333333167,217.08333333332916,52.0,826.9166666666681,365.0,14176.58333333314,4.0,398.0833333333328,59.41666666666674,678.6357476342935,252.83157763458064,1.5156668191513654,13.830459724756212
Armavir,2020-09-01,2020,9,36.00000000000043,3.4333333333334624,63.99999999999957,263917.0,669.0000000000016,908.3333333333367,619.0000000000055,28.000000000000455,1803.000000000011,247.66666666666833,221.66666666667084,52.0,825.3333333333319,365.0,14389.66666666686,4.0,398.6666666666672,59.33333333333326,683.1656223247004,253.48824880181283,1.5156280511444487,13.830105966693097
Armavir,2020-10-01,2020,10,36.475,3.575,63.525,263923.75,670.75,912.0,625.0,28.5,1815.0,249.5,226.25,52.0,823.75,365.0,14602.75,4.0,399.25,59.25,687.695497015095,254.14491996904323,1.5155892831375322,13.829752208629984
Armavir,2020-11-01,2020,11,36.94999999999957,3.716666666666538,63.05000000000043,263930.5,672.4999999999984,915.6666666666633,630.9999999999945,28.999999999999545,1826.999999999989,251.33333333333167,230.83333333332916,52.0,822.1666666666681,365.0,14815.83333333314,4.0,399.8333333333328,59.16666666666674,692.2253717054896,254.80159113627363,1.5155505151306154,13.829398450566869
Armavir,2020-12-01,2020,12,37.42500000000043,3.858333333333462,62.57499999999957,263937.25,674.2500000000016,919.3333333333367,637.0000000000055,29.500000000000455,1839.000000000011,253.16666666666833,235.41666666667084,52.0,820.5833333333319,365.0,15028.91666666686,4.0,400.4166666666672,59.08333333333326,696.7552463958965,255.45826230350582,1.5155117471236987,13.829044692503754
Armavir,2021-01-01,2021,1,37.9,4.0,62.1,263944.0,676.0,923.0,643.0,30.0,1851.0,255.0,240.0,52.0,819.0,365.0,15242.0,4.0,401.0,59.0,701.285121086291,256.1149334707362,1.5154729791167822,13.82869093444064
Armavir,2021-02-01,2021,2,38.141666666666445,4.0,61.858333333333555,263980.5833333333,681.4166666666617,931.5833333333255,655.1666666666556,31.833333333331666,1876.8333333333098,258.24999999999704,238.33333333333485,52.0,819.9166666666658,365.49999999999955,15258.333333333318,3.9166666666667425,402.24999999999886,59.08333333333326,710.9592604446635,258.1282895816941,1.4837433505609432,13.8456893813528
Armavir,2021-03-01,2021,3,38.38333333333355,4.0,61.61666666666645,264017.1666666667,686.8333333333383,940.1666666666745,667.3333333333444,33.666666666668334,1902.6666666666902,261.50000000000296,236.66666666666515,52.0,820.8333333333342,366.00000000000045,15274.666666666682,3.8333333333332575,403.50000000000114,59.16666666666674,720.6333998030625,260.1416456926575,1.4520137220050175,13.862687828265006
Armavir,2021-04-01,2021,4,38.625,4.0,61.375,264053.75,692.25,948.75,679.5,35.5,1928.5,264.75,235.0,52.0,821.75,366.5,15291.0,3.75,404.75,59.25,730.307539161435,262.1550018036154,1.4202840934491787,13.879686275177168
Armavir,2021-05-01,2021,5,38.86666666666645,4.0,61.13333333333355,264090.3333333333,697.6666666666617,957.3333333333255,691.6666666666556,37.333333333331666,1954.3333333333098,267.99999999999704,233.33333333333485,52.0,822.6666666666658,366.99999999999955,15307.333333333318,3.6666666666667425,405.99999999999886,59.33333333333326,739.9816785198075,264.1683579145732,1.3885544648933397,13.896684722089327
Armavir,2021-06-01,2021,6,39.108333333333555,4.0,60.891666666666445,264126.9166666667,703.0833333333383,965.9166666666745,703.8333333333444,39.166666666668334,1980.1666666666902,271.25000000000296,231.66666666666515,52.0,823.5833333333342,367.50000000000045,15323.666666666682,3.5833333333332575,407.25000000000114,59.41666666666674,749.6558178782064,266.1817140255366,1.356824836337414,13.913683169001533
Armavir,2021-07-01,2021,7,39.349999999999994,4.0,60.650000000000006,264163.5,708.5,974.5,716.0,41.0,2006.0,274.5,230.0,52.0,824.5,368.0,15340.0,3.5,408.5,59.5,759.3299572365789,268.1950701364945,1.325095207781575,13.930681615913693
Armavir,2021-08-01,2021,8,39.59166666666644,4.0,60.40833333333356,264200.0833333333,713.9166666666617,983.0833333333255,728.1666666666556,42.833333333331666,2031.8333333333098,277.74999999999704,228.33333333333485,52.0,825.4166666666658,368.49999999999955,15356.333333333318,3.4166666666667425,409.74999999999886,59.58333333333326,769.0040965949514,270.2084262474524,1.293365579225736,13.947680062825853
Armavir,2021-09-01,2021,9,39.83333333333355,4.0,60.16666666666645,264236.6666666667,719.3333333333383,991.6666666666745,740.3333333333444,44.666666666668334,2057.66666666669,281.00000000000296,226.66666666666515,52.0,826.3333333333342,369.00000000000045,15372.666666666682,3.3333333333332575,411.00000000000114,59.66666666666674,778.6782359533504,272.2217823584158,1.2616359506698103,13.964678509738059
Armavir,2021-10-01,2021,10,40.074999999999996,4.0,59.925000000000004,264273.25,724.75,1000.25,752.5,46.5,2083.5,284.25,225.0,52.0,827.25,369.5,15389.0,3.25,412.25,59.75,788.3523753117229,274.2351384693736,1.2299063221139712,13.981676956650219
Armavir,2021-11-01,2021,11,40.31666666666644,4.0,59.68333333333356,264309.8333333333,730.1666666666617,1008.8333333333255,764.6666666666556,48.333333333331666,2109.33333333331,287.49999999999704,223.33333333333485,52.0,828.1666666666658,369.99999999999955,15405.333333333318,3.1666666666667425,413.49999999999886,59.83333333333326,798.0265146700954,276.2484945803315,1.1981766935581324,13.99867540356238
Armavir,2021-12-01,2021,12,40.55833333333355,4.0,59.44166666666645,264346.4166666667,735.5833333333383,1017.4166666666745,776.8333333333444,50.166666666668334,2135.16666666669,290.75000000000296,221.66666666666515,52.0,829.0833333333342,370.50000000000045,15421.666666666682,3.0833333333332575,414.75000000000114,59.91666666666674,807.7006540284943,278.2618506912949,1.1664470650022067,14.015673850474586
Armavir,2022-01-01,2022,1,40.8,4.0,59.2,264383.0,741.0,1026.0,789.0,52.0,2161.0,294.0,220.0,52.0,830.0,371.0,15438.0,3.0,416.0,60.0,817.3747933868668,280.2752068022528,1.1347174364463677,14.032672297386746
Armavir,2022-02-01,2022,2,40.8,4.0,59.2,264383.0,741.0,1026.0,789.0,52.0,2161.0,294.0,220.0,52.0,830.0,371.0,15438.0,3.0,416.0,60.0,817.3747933868668,280.2752068022528,1.1347174364463677,14.032672297386746
Armavir,2022-03-01,2022,3,40.8,4.0,59.2,264383.0,741.0,1026.0,789.0,52.0,2161.0,294.0,220.0,52.0,830.0,371.0,15438.0,3.0,416.0,60.0,817.3747933868668,280.2752068022528,1.1347174364463677,14.032672297386746
Armavir,2022-04-01,2022,4,40.8,4.0,59.2,264383.0,741.0,1026.0,789.0,52.0,2161.0,294.0,220.0,52.0,830.0,371.0,15438.0,3.0,416.0,60.0,817.3747933868668,280.2752068022528,1.1347174364463677,14.032672297386746
Armavir,2022-05-01,2022,5,40.8,4.0,59.2,264383.0,741.0,1026.0,789.0,52.0,2161.0,294.0,220.0,52.0,830.0,371.0,15438.0,3.0,416.0,60.0,817.3747933868668,280.2752068022528,1.1347174364463677,14.032672297386746
Armavir,2022-06-01,2022,6,40.8,4.0,59.2,264383.0,741.0,1026.0,789.0,52.0,2161.0,294.0,220.0,52.0,830.0,371.0,15438.0,3.0,416.0,60.0,817.3747933868668,280.2752068022528,1.1347174364463677,14.032672297386746
Armavir,2022-07-01,2022,7,40.8,4.0,59.2,264383.0,741.0,1026.0,789.0,52.0,2161.0,294.0,220.0,52.0,830.0,371.0,15438.0,3.0,416.0,60.0,817.3747933868668,280.2752068022528,1.1347174364463677,14.032672297386746
Armavir,2022-08-01,2022,8,40.8,4.0,59.2,264383.0,741.0,1026.0,789.0,52.0,2161.0,294.0,220.0,52.0,830.0,371.0,15438.0,3.0,416.0,60.0,817.3747933868668,280.2752068022528,1.1347174364463677,14.032672297386746
Armavir,2022-09-01,2022,9,40.8,4.0,59.2,264383.0,741.0,1026.0,789.0,52.0,2161.0,294.0,220.0,52.0,830.0,371.0,15438.0,3.0,416.0,60.0,817.3747933868668,280.2752068022528,1.1347174364463677,14.032672297386746
Armavir,2022-10-01,2022,10,40.8,4.0,59.2,264383.0,741.0,1026.0,789.0,52.0,2161.0,294.0,220.0,52.0,830.0,371.0,15438.0,3.0,416.0,60.0,817.3747933868668,280.2752068022528,1.1347174364463677,14.032672297386746
Armavir,2022-11-01,2022,11,40.8,4.0,59.2,264383.0,741.0,1026.0,789.0,52.0,2161.0,294.0,220.0,52.0,830.0,371.0,15438.0,3.0,416.0,60.0,817.3747933868668,280.2752068022528,1.1347174364463677,14.032672297386746
Armavir,2022-12-01,2022,12,40.8,4.0,59.2,264383.0,741.0,1026.0,789.0,52.0,2161.0,294.0,220.0,52.0,830.0,371.0,15438.0,3.0,416.0,60.0,817.3747933868668,280.2752068022528,1.1347174364463677,14.032672297386746
Gegharkunik,2016-01-01,2016,1,28.8,1.0,70.5,231794.0,156.0,414.0,320.0,5.0,821.0,82.0,284.0,30.0,941.0,750.0,12240.0,7.0,316.0,40.0,354.1938100209669,67.30113807950163,3.0199228625417396,32.35631638437578
Gegharkunik,2016-02-01,2016,2,28.108333333333963,1.0249999999999773,71.24999999999932,231704.0833333334,158.58333333333098,412.8333333333344,314.0833333333387,5.499999999999545,813.3333333333403,80.91666666666765,283.4166666666672,30.0,936.3333333333376,750.0,12184.333333333383,7.0,316.0,40.0,351.00884701502906,68.44707495977414,3.0210998185150832,32.36892662694732
Gegharkunik,2016-03-01,2016,3,27.41666666666604,1.0500000000000227,72.00000000000068,231614.1666666666,161.16666666666902,411.6666666666656,308.1666666666613,6.000000000000455,805.6666666666597,79.83333333333235,282.8333333333328,30.0,931.6666666666624,750.0,12128.666666666617,7.0,316.0,40.0,347.8238840090826,69.5930118400498,3.02227677448843,32.38153686951889
Gegharkunik,2016-04-01,2016,4,26.725,1.075,72.75,231524.25,163.75,410.5,302.25,6.5,798.0,78.75,282.25,30.0,927.0,750.0,12073.0,7.0,316.0,40.0,344.63892100314473,70.73894872032231,3.0234537304617737,32.39414711209043
Gegharkunik,2016-05-01,2016,5,26.033333333333964,1.0999999999999772,73.49999999999932,231434.3333333334,166.33333333333098,409.3333333333344,296.3333333333387,6.999999999999545,790.3333333333403,77.66666666666765,281.6666666666672,30.0,922.3333333333376,750.0,12017.333333333383,7.0,316.0,40.0,341.4539579972069,71.88488560059484,3.0246306864351173,32.40675735466197
Gegharkunik,2016-06-01,2016,6,25.341666666666036,1.1250000000000226,74.25000000000068,231344.4166666666,168.91666666666902,408.1666666666656,290.4166666666613,7.500000000000455,782.6666666666597,76.58333333333235,281.0833333333328,30.0,917.6666666666624,750.0,11961.666666666617,7.0,316.0,40.0,338.26899499126034,73.03082248087048,3.025807642408464,32.419367597233546
Gegharkunik,2016-07-01,2016,7,24.65,1.15,75.0,231254.5,171.5,407.0,284.5,8.0,775.0,75.5,280.5,30.0,913.0,750.0,11906.0,7.0,316.0,40.0,335.08403198532255,74.17675936114301,3.026984598381808,32.431977839805086
Gegharkunik,2016-08-01,2016,8,23.95833333333396,1.1749999999999772,75.74999999999932,231164.5833333334,174.08333333333098,405.8333333333344,278.5833333333387,8.499999999999545,767.3333333333403,74.41666666666765,279.9166666666672,30.0,908.3333333333376,750.0,11850.333333333383,7.0,316.0,40.0,331.8990689793847,75.32269624141553,3.028161554355151,32.44458808237662
Gegharkunik,2016-09-01,2016,9,23.266666666666037,1.2000000000000228,76.50000000000068,231074.6666666666,176.66666666666902,404.6666666666656,272.6666666666613,9.000000000000455,759.6666666666597,73.33333333333235,279.3333333333328,30.0,903.6666666666624,750.0,11794.666666666617,7.0,316.0,40.0,328.71410597343817,76.46863312169117,3.0293385103284978,32.457198324948195
Gegharkunik,2016-10-01,2016,10,22.575,1.225,77.25,230984.75,179.25,403.5,266.75,9.5,752.0,72.25,278.75,30.0,899.0,750.0,11739.0,7.0,316.0,40.0,325.5291429675003,77.6145700019637,3.0305154663018414,32.469808567519735
Gegharkunik,2016-11-01,2016,11,21.88333333333396,1.2499999999999774,77.99999999999932,230894.8333333334,181.83333333333098,402.3333333333344,260.8333333333387,9.999999999999545,744.3333333333403,71.16666666666765,278.1666666666672,30.0,894.3333333333376,750.0,11683.333333333383,7.0,316.0,40.0,322.3441799615625,78.76050688223621,3.031692422275185,32.482418810091275
Gegharkunik,2016-12-01,2016,12,21.191666666666038,1.2750000000000228,78.75000000000068,230804.9166666666,184.41666666666902,401.1666666666656,254.91666666666129,10.500000000000455,736.6666666666597,70.08333333333235,277.5833333333328,30.0,889.6666666666624,750.0,11627.666666666617,7.0,316.0,40.0,319.159216955616,79.90644376251187,3.032869378248532,32.495029052662844
Gegharkunik,2017-01-01,2017,1,20.5,1.3,79.5,230715.0,187.0,400.0,249.0,11.0,729.0,69.0,277.0,30.0,885.0,750.0,11572.0,7.0,316.0,40.0,315.97425394967814,81.05238064278439,3.0340463342218755,32.507639295234384
Gegharkunik,2017-02-01,2017,2,20.65833333333319,1.1916666666667652,79.34166666666681,230631.3333333334,189.58333333333098,406.8333333333271,254.16666666666197,10.833333333333485,743.4999999999868,71.66666666666424,276.8333333333335,30.0,880.0833333333378,748.3333333333348,11531.916666666702,7.0,317.9166666666649,40.0,322.4016192590413,82.20650350084026,3.035151412094926,32.446924480333834
Gegharkunik,2017-03-01,2017,3,20.816666666666812,1.083333333333235,79.1833333333332,230547.6666666666,192.16666666666902,413.6666666666729,259.33333333333803,10.666666666666515,758.0000000000132,74.33333333333576,276.6666666666665,30.0,875.1666666666622,746.6666666666652,11491.833333333298,7.0,319.8333333333351,40.0,328.82898456842196,83.36062635889928,3.03625648996798,32.38620966543313
Gegharkunik,2017-04-01,2017,4,20.975,0.9750000000000001,79.025,230464.0,194.75,420.5,264.5,10.5,772.5,77.0,276.5,30.0,870.25,745.0,11451.75,7.0,321.75,40.0,335.25634987778506,84.51474921695515,3.0373615678410304,32.32549485053258
Gegharkunik,2017-05-01,2017,5,21.133333333333187,0.8666666666667653,78.8666666666668,230380.3333333334,197.33333333333098,427.3333333333271,269.66666666666197,10.333333333333485,786.9999999999868,79.66666666666424,276.3333333333335,30.0,865.3333333333378,743.3333333333348,11411.666666666702,7.0,323.6666666666649,40.0,341.6837151871482,85.66887207501102,3.038466645714081,32.264780035632036
Gegharkunik,2017-06-01,2017,6,21.29166666666681,0.7583333333332348,78.70833333333319,230296.6666666666,199.91666666666902,434.1666666666729,274.83333333333803,10.166666666666515,801.5000000000132,82.33333333333576,276.1666666666665,30.0,860.4166666666622,741.6666666666652,11371.583333333298,7.0,325.5833333333351,40.0,348.11108049652887,86.82299493307004,3.0395717235871347,32.20406522073132
Gegharkunik,2017-07-01,2017,7,21.45,0.65,78.55,230213.0,202.5,441.0,280.0,10.0,816.0,85.0,276.0,30.0,855.5,740.0,11331.5,7.0,327.5,40.0,354.538445805892,87.97711779112592,3.0406768014601853,32.14335040583077
Gegharkunik,2017-08-01,2017,8,21.60833333333319,0.5416666666667652,78.39166666666681,230129.3333333334,205.08333333333098,447.8333333333271,285.16666666666197,9.833333333333485,830.4999999999868,87.66666666666424,275.8333333333335,30.0,850.5833333333378,738.3333333333348,11291.416666666702,7.0,329.4166666666649,40.0,360.9658111152552,89.13124064918179,3.041781879333236,32.08263559093023
Gegharkunik,2017-09-01,2017,9,21.76666666666681,0.43333333333323487,78.23333333333319,230045.6666666666,207.66666666666902,454.6666666666729,290.33333333333803,9.666666666666515,845.0000000000132,90.33333333333576,275.6666666666665,30.0,845.6666666666622,736.6666666666652,11251.333333333298,7.0,331.3333333333351,40.0,367.39317642463584,90.2853635072408,3.0428869572062895,32.02192077602952
Gegharkunik,2017-10-01,2017,10,21.924999999999997,0.32499999999999996,78.07499999999999,229962.0,210.25,461.5,295.5,9.5,859.5,93.0,275.5,30.0,840.75,735.0,11211.25,7.0,333.25,40.0,373.820541733999,91.43948636529667,3.04399203507934,31.96120596112897
Gegharkunik,2017-11-01,2017,11,22.083333333333186,0.21666666666676515,77.9166666666668,229878.3333333334,212.83333333333098,468.3333333333271,300.66666666666197,9.333333333333485,873.9999999999868,95.66666666666424,275.3333333333335,30.0,835.8333333333378,733.3333333333348,11171.166666666702,7.0,335.1666666666649,40.0,380.2479070433621,92.59360922335254,3.0450971129523907,31.900491146228426
Gegharkunik,2017-12-01,2017,12,22.24166666666681,0.1083333333332348,77.75833333333318,229794.6666666666,215.41666666666902,475.1666666666729,305.83333333333803,9.166666666666515,888.5000000000132,98.33333333333576,275.1666666666665,30.0,830.9166666666622,731.6666666666652,11131.083333333298,7.0,337.0833333333351,40.0,386.67527235274275,93.74773208141157,3.0462021908254444,31.839776331327712
Gegharkunik,2018-01-01,2018,1,22.4,0.0,77.6,229711.0,218.0,482.0,311.0,9.0,903.0,101.0,275.0,30.0,826.0,730.0,11091.0,7.0,339.0,40.0,393.1026376621059,94.90185493946744,3.047307268698495,31.779061516427166
Gegharkunik,2018-02-01,2018,2,24.158333333331733,0.28333333333307564,75.84166666666826,229589.75000000012,224.74999999999386,482.9999999999991,318.0833333333269,8.66666666666697,916.583333333321,106.83333333332803,275.08333333333326,30.0,825.0000000000009,730.0,11153.749999999944,7.0,341.3333333333312,40.0,399.2623750979174,97.90947292064115,3.0489260038306685,31.795942611376972
Gegharkunik,2018-03-01,2018,3,25.916666666668263,0.5666666666669243,74.08333333333172,229468.49999999988,231.50000000000614,484.0000000000009,325.1666666666731,8.33333333333303,930.166666666679,112.66666666667197,275.16666666666674,30.0,823.9999999999991,730.0,11216.500000000056,7.0,343.6666666666688,40.0,405.4221125337457,100.91709090182306,3.050544738962846,31.812823706326828
Gegharkunik,2018-04-01,2018,4,27.674999999999997,0.85,72.32499999999999,229347.25,238.25,485.0,332.25,8.0,943.75,118.5,275.25,30.0,823.0,730.0,11279.25,7.0,346.0,40.0,411.58184996955714,103.92470888299677,3.0521634740950194,31.829704801276634
Gegharkunik,2018-05-01,2018,5,29.43333333333173,1.1333333333330755,70.56666666666827,229226.00000000012,244.99999999999386,485.9999999999991,339.3333333333269,7.66666666666697,957.333333333321,124.33333333332803,275.33333333333326,30.0,822.0000000000009,730.0,11341.999999999944,7.0,348.3333333333312,40.0,417.74158740536865,106.93232686417048,3.053782209227193,31.846585896226443
Gegharkunik,2018-06-01,2018,6,31.191666666668265,1.4166666666669243,68.80833333333173,229104.74999999988,251.75000000000614,487.0000000000009,346.4166666666731,7.33333333333303,970.916666666679,130.16666666667197,275.41666666666674,30.0,820.9999999999991,730.0,11404.750000000056,7.0,350.6666666666688,40.0,423.9013248411969,109.93994484535239,3.0554009443593704,31.863466991176296
Gegharkunik,2018-07-01,2018,7,32.95,1.7,67.05,228983.5,258.5,488.0,353.5,7.0,984.5,136.0,275.5,30.0,820.0,730.0,11467.5,7.0,353.0,40.0,430.06106227700843,112.94756282652608,3.057019679491544,31.880348086126105
Gegharkunik,2018-08-01,2018,8,34.70833333333174,1.9833333333330756,65.29166666666826,228862.25000000012,265.24999999999386,488.9999999999991,360.5833333333269,6.66666666666697,998.083333333321,141.83333333332803,275.58333333333326,30.0,819.0000000000009,730.0,11530.249999999944,7.0,355.3333333333312,40.0,436.2207997128199,115.95518080769979,3.0586384146237173,31.89722918107591
Gegharkunik,2018-09-01,2018,9,36.46666666666827,2.266666666666924,63.53333333333173,228740.99999999988,272.00000000000614,490.0000000000009,367.6666666666731,6.33333333333303,1011.666666666679,147.66666666667197,275.66666666666674,30.0,817.9999999999991,730.0,11593.000000000056,7.0,357.6666666666688,40.0,442.38053714864816,118.96279878888171,3.060257149755895,31.914110276025763
Gegharkunik,2018-10-01,2018,10,38.225,2.55,61.775,228619.75,278.75,491.0,374.75,6.0,1025.25,153.5,275.75,30.0,817.0,730.0,11655.75,7.0,360.0,40.0,448.54027458445967,121.97041677005541,3.0618758848880683,31.930991370975573
Gegharkunik,2018-11-01,2018,11,39.983333333331736,2.8333333333330755,60.016666666668264,228498.50000000012,285.49999999999386,491.9999999999991,381.8333333333269,5.66666666666697,1038.833333333321,159.33333333332803,275.83333333333326,30.0,816.0000000000009,730.0,11718.499999999944,7.0,362.3333333333312,40.0,454.7000120202711,124.97803475122912,3.0634946200202418,31.94787246592538
Gegharkunik,2018-12-01,2018,12,41.741666666668266,3.1166666666669243,58.258333333331734,228377.24999999988,292.25000000000614,493.0000000000009,388.9166666666731,5.33333333333303,1052.416666666679,165.16666666667197,275.91666666666674,30.0,814.9999999999991,730.0,11781.250000000056,7.0,364.6666666666688,40.0,460.8597494560994,127.98565273241103,3.0651133551524192,31.964753560875234
Gegharkunik,2019-01-01,2019,1,43.5,3.4,56.5,228256.0,299.0,494.0,396.0,5.0,1066.0,171.0,276.0,30.0,814.0,730.0,11844.0,7.0,367.0,40.0,467.0194868919109,130.99327071358474,3.0667320902845927,31.98163465582504
Gegharkunik,2019-02-01,2019,2,43.883333333332985,3.2750000000001136,56.116666666667015,228204.00000000006,293.166666666672,495.4166666666654,394.8333333333344,5.249999999999773,1063.416666666669,167.91666666666947,276.1666666666665,30.0,814.7499999999993,735.833333333328,11870.166666666642,7.0,366.50000000000045,40.0,465.9912996422503,128.46057898634206,3.0674326511402485,32.245202073127444
Gegharkunik,2019-03-01,2019,3,44.266666666667014,3.1499999999998862,55.733333333332986,228151.99999999994,287.333333333328,496.8333333333346,393.6666666666656,5.500000000000227,1060.833333333331,164.83333333333053,276.3333333333335,30.0,815.5000000000007,741.666666666672,11896.333333333358,7.0,365.99999999999955,40.0,464.9631123925869,125.92788725909249,3.068133211995906,32.50876949043057
Gegharkunik,2019-04-01,2019,4,44.65,3.025,55.35,228100.0,281.5,498.25,392.5,5.75,1058.25,161.75,276.5,30.0,816.25,747.5,11922.5,7.0,365.5,40.0,463.9349251429263,123.39519553184982,3.068833772851562,32.77233690773298
Gegharkunik,2019-05-01,2019,5,45.03333333333298,2.9000000000001136,54.96666666666702,228048.00000000006,275.666666666672,499.6666666666654,391.3333333333344,5.999999999999773,1055.666666666669,158.66666666666947,276.6666666666665,30.0,816.9999999999993,753.333333333328,11948.666666666642,7.0,365.00000000000045,40.0,462.9067378932657,120.86250380460716,3.069534333707218,33.03590432503539
Gegharkunik,2019-06-01,2019,6,45.41666666666701,2.7749999999998862,54.58333333333299,227995.99999999994,269.833333333328,501.0833333333346,390.1666666666656,6.250000000000227,1053.083333333331,155.58333333333053,276.8333333333335,30.0,817.7500000000007,759.166666666672,11974.833333333358,7.0,364.49999999999955,40.0,461.8785506436023,118.32981207735759,3.070234894562876,33.29947174233852
Gegharkunik,2019-07-01,2019,7,45.8,2.65,54.2,227944.0,264.0,502.5,389.0,6.5,1050.5,152.5,277.0,30.0,818.5,765.0,12001.0,7.0,364.0,40.0,460.8503633939417,115.79712035011491,3.0709354554185317,33.56303915964092
Gegharkunik,2019-08-01,2019,8,46.18333333333298,2.5250000000001136,53.81666666666702,227892.00000000006,258.166666666672,503.9166666666654,387.8333333333344,6.749999999999773,1047.916666666669,149.41666666666947,277.1666666666665,30.0,819.2499999999993,770.833333333328,12027.166666666642,7.0,363.50000000000045,40.0,459.82217614428106,113.26442862287225,3.071636016274187,33.82660657694333
Gegharkunik,2019-09-01,2019,9,46.56666666666702,2.3999999999998862,53.43333333333298,227839.99999999994,252.33333333332803,505.3333333333346,386.6666666666656,7.000000000000227,1045.333333333331,146.33333333333053,277.3333333333335,30.0,820.0000000000007,776.666666666672,12053.333333333358,7.0,362.99999999999955,40.0,458.79398889461766,110.73173689562267,3.072336577129845,34.090173994246456
Gegharkunik,2019-10-01,2019,10,46.95,2.275,53.05,227788.0,246.5,506.75,385.5,7.25,1042.75,143.25,277.5,30.0,820.75,782.5,12079.5,7.0,362.5,40.0,457.76580164495704,108.19904516838001,3.073037137985501,34.35374141154887
Gegharkunik,2019-11-01,2019,11,47.33333333333299,2.1500000000001136,52.66666666666701,227736.00000000006,240.66666666667197,508.1666666666654,384.3333333333344,7.499999999999773,1040.166666666669,140.16666666666947,277.6666666666665,30.0,821.4999999999993,788.333333333328,12105.666666666642,7.0,362.00000000000045,40.0,456.7376143952965,105.66635344113735,3.073737698841157,34.61730882885127
Gegharkunik,2019-12-01,2019,12,47.71666666666702,2.0249999999998862,52.28333333333298,227683.99999999994,234.83333333332803,509.5833333333346,383.1666666666656,7.750000000000227,1037.583333333331,137.08333333333053,277.8333333333335,30.0,822.2500000000007,794.166666666672,12131.833333333358,7.0,361.49999999999955,40.0,455.7094271456331,103.13366171388776,3.0744382596968145,34.8808762461544
Gegharkunik,2020-01-01,2020,1,48.1,1.9,51.9,227632.0,229.0,511.0,382.0,8.0,1035.0,134.0,278.0,30.0,823.0,800.0,12158.0,7.0,361.0,40.0,454.68123989597245,100.6009699866451,3.0751388205524703,35.144443663456805
Gegharkunik,2020-02-01,2020,2,48.18333333333326,2.133333333333121,51.81666666666674,227601.75000000003,232.49999999999682,520.1666666666583,391.8333333333244,7.500000000000455,1052.9166666666504,133.4166666666672,278.8333333333326,30.0,823.333333333333,794.166666666672,12424.749999999758,7.0,360.7500000000002,40.0,462.6252215836284,102.15438545176254,3.0755481282421315,34.892450589555565
Gegharkunik,2020-03-01,2020,3,48.266666666666744,2.366666666666879,51.733333333333256,227571.49999999997,236.00000000000318,529.3333333333417,401.6666666666756,6.999999999999545,1070.8333333333496,132.8333333333328,279.6666666666674,30.0,823.666666666667,788.333333333328,12691.500000000242,7.0,360.4999999999998,40.0,470.569203271306,103.70780091688421,3.075957435931794,34.64045751565363
Gegharkunik,2020-04-01,2020,4,48.35,2.6,51.65,227541.25,239.5,538.5,411.5,6.5,1088.75,132.25,280.5,30.0,824.0,782.5,12958.25,7.0,360.25,40.0,478.5131849589619,105.26121638200165,3.0763667436214552,34.38846444175239
Gegharkunik,2020-05-01,2020,5,48.43333333333326,2.833333333333121,51.56666666666674,227511.00000000003,242.99999999999682,547.6666666666583,421.3333333333244,6.000000000000455,1106.6666666666504,131.6666666666672,281.3333333333326,30.0,824.333333333333,776.666666666672,13224.999999999758,7.0,360.0000000000002,40.0,486.4571666466179,106.81463184711909,3.076776051311117,34.136471367851144
Gegharkunik,2020-06-01,2020,6,48.516666666666744,3.0666666666668787,51.483333333333256,227480.74999999997,246.50000000000318,556.8333333333417,431.1666666666756,5.499999999999545,1124.5833333333496,131.0833333333328,282.1666666666674,30.0,824.666666666667,770.833333333328,13491.750000000242,7.0,359.7499999999998,40.0,494.4011483342955,108.36804731224078,3.0771853590007794,33.884478293949215
Gegharkunik,2020-07-01,2020,7,48.6,3.3,51.4,227450.5,250.0,566.0,441.0,5.0,1142.5,130.5,283.0,30.0,825.0,765.0,13758.5,7.0,359.5,40.0,502.34513002195143,109.92146277735822,3.0775946666904406,33.63248522004797
Gegharkunik,2020-08-01,2020,8,48.68333333333326,3.533333333333121,51.31666666666674,227420.25000000003,253.49999999999682,575.1666666666583,450.8333333333244,4.500000000000455,1160.4166666666504,129.9166666666672,283.8333333333326,30.0,825.333333333333,759.166666666672,14025.249999999758,7.0,359.2500000000002,40.0,510.28911170960737,111.47487824247565,3.0780039743801018,33.38049214614673
Gegharkunik,2020-09-01,2020,9,48.766666666666744,3.766666666666879,51.233333333333256,227389.99999999997,257.0000000000032,584.3333333333417,460.6666666666756,3.9999999999995453,1178.3333333333496,129.3333333333328,284.6666666666674,30.0,825.666666666667,753.333333333328,14292.000000000244,7.0,358.9999999999998,40.0,518.233093397285,113.02829370759733,3.0784132820697643,33.1284990722448
Gegharkunik,2020-10-01,2020,10,48.85,4.0,51.15,227359.75,260.5,593.5,470.5,3.5,1196.25,128.75,285.5,30.0,826.0,747.5,14558.75,7.0,358.75,40.0,526.177075084941,114.58170917271477,3.078822589759426,32.87650599834355
Gegharkunik,2020-11-01,2020,11,48.93333333333326,4.233333333333121,51.06666666666674,227329.50000000003,263.9999999999968,602.6666666666583,480.3333333333244,3.0000000000004547,1214.1666666666504,128.1666666666672,286.3333333333326,30.0,826.333333333333,741.666666666672,14825.499999999756,7.0,358.5000000000002,40.0,534.1210567725968,116.1351246378322,3.079231897449087,32.624512924442314
Gegharkunik,2020-12-01,2020,12,49.016666666666744,4.466666666666879,50.983333333333256,227299.24999999997,267.5000000000032,611.8333333333417,490.1666666666756,2.4999999999995453,1232.0833333333496,127.5833333333328,287.1666666666674,30.0,826.666666666667,735.833333333328,15092.250000000244,7.0,358.2499999999998,40.0,542.0650384602745,117.68854010295388,3.0796412051387496,32.372519850540385
Gegharkunik,2021-01-01,2021,1,49.1,4.7,50.9,227269.0,271.0,621.0,500.0,2.0,1250.0,127.0,288.0,30.0,827.0,730.0,15359.0,7.0,358.0,40.0,550.0090201479304,119.24195556807132,3.080050512828411,32.12052677663914
Gegharkunik,2021-02-01,2021,2,47.83333333333449,4.7,52.16666666666551,227311.41666666663,272.24999999999886,621.5833333333328,498.91666666666765,4.499999999997726,1257.41666666666,132.41666666666174,285.91666666666856,30.0,824.6666666666688,730.0,15307.916666666713,7.0,358.91666666666583,40.0,553.162692220715,119.76853036334514,3.0794769478839514,32.11454531364692
Gegharkunik,2021-03-01,2021,3,46.56666666666552,4.7,53.43333333333448,227353.83333333337,273.50000000000114,622.1666666666672,497.83333333333235,7.000000000002274,1264.83333333334,137.83333333333826,283.83333333333144,30.0,822.3333333333312,730.0,15256.833333333287,7.0,359.83333333333417,40.0,556.3163642935083,120.29510515862039,3.0789033829394907,32.10856385065469
Gegharkunik,2021-04-01,2021,4,45.3,4.7,54.699999999999996,227396.25,274.75,622.75,496.75,9.5,1272.25,143.25,281.75,30.0,820.0,730.0,15205.75,7.0,360.75,40.0,559.4700363662929,120.82167995389419,3.078329817995032,32.10258238766247
Gegharkunik,2021-05-01,2021,5,44.03333333333448,4.7,55.96666666666551,227438.66666666663,275.99999999999886,623.3333333333328,495.66666666666765,11.999999999997726,1279.66666666666,148.66666666666174,279.66666666666856,30.0,817.6666666666688,730.0,15154.666666666713,7.0,361.66666666666583,40.0,562.6237084390775,121.348254749168,3.0777562530505724,32.096600924670255
Gegharkunik,2021-06-01,2021,6,42.766666666665515,4.7,57.233333333334485,227481.08333333337,277.25000000000114,623.9166666666672,494.58333333333235,14.500000000002274,1287.08333333334,154.08333333333826,277.58333333333144,30.0,815.3333333333312,730.0,15103.583333333287,7.0,362.58333333333417,40.0,565.7773805118708,121.87482954444326,3.0771826881061117,32.09061946167802
Gegharkunik,2021-07-01,2021,7,41.5,4.7,58.5,227523.5,278.5,624.5,493.5,17.0,1294.5,159.5,275.5,30.0,813.0,730.0,15052.5,7.0,363.5,40.0,568.9310525846554,122.40140433971706,3.0766091231616524,32.08463799868581
Gegharkunik,2021-08-01,2021,8,40.233333333334485,4.7,59.766666666665515,227565.91666666663,279.74999999999886,625.0833333333328,492.41666666666765,19.499999999997726,1301.91666666666,164.91666666666174,273.41666666666856,30.0,810.6666666666688,730.0,15001.416666666713,7.0,364.41666666666583,40.0,572.0847246574401,122.92797913499088,3.076035558217193,32.07865653569359
Gegharkunik,2021-09-01,2021,9,38.96666666666552,4.7,61.03333333333448,227608.33333333337,281.00000000000114,625.6666666666672,491.33333333333235,22.000000000002274,1309.33333333334,170.33333333333826,271.33333333333144,30.0,808.3333333333312,730.0,14950.333333333287,7.0,365.33333333333417,40.0,575.2383967302334,123.45455393026613,3.0754619932727323,32.07267507270135
Gegharkunik,2021-10-01,2021,10,37.7,4.7,62.3,227650.75,282.25,626.25,490.25,24.5,1316.75,175.75,269.25,30.0,806.0,730.0,14899.25,7.0,366.25,40.0,578.392068803018,123.98112872553995,3.074888428328273,32.066693609709134
Gegharkunik,2021-11-01,2021,11,36.43333333333449,4.7,63.56666666666551,227693.16666666663,283.49999999999886,626.8333333333328,489.16666666666765,26.999999999997726,1324.16666666666,181.16666666666174,267.16666666666856,30.0,803.6666666666688,730.0,14848.166666666713,7.0,367.16666666666583,40.0,581.5457408758026,124.50770352081375,3.074314863383814,32.06071214671692
Gegharkunik,2021-12-01,2021,12,35.16666666666551,4.7,64.83333333333448,227735.58333333337,284.75000000000114,627.4166666666672,488.08333333333235,29.500000000002274,1331.58333333334,186.58333333333826,265.08333333333144,30.0,801.3333333333312,730.0,14797.083333333287,7.0,368.08333333333417,40.0,584.6994129485959,125.034278316089,3.0737412984393533,32.054730683724685
Gegharkunik,2022-01-01,2022,1,33.9,4.7,66.1,227778.0,286.0,628.0,487.0,32.0,1339.0,192.0,263.0,30.0,799.0,730.0,14746.0,7.0,369.0,40.0,587.8530850213805,125.56085311136282,3.073167733494894,32.04874922073247
Gegharkunik,2022-02-01,2022,2,33.9,4.7,66.1,227778.0,286.0,628.0,487.0,32.0,1339.0,192.0,263.0,30.0,799.0,730.0,14746.0,7.0,369.0,40.0,587.8530850213805,125.56085311136282,3.073167733494894,32.04874922073247
Gegharkunik,2022-03-01,2022,3,33.9,4.7,66.1,227778.0,286.0,628.0,487.0,32.0,1339.0,192.0,263.0,30.0,799.0,730.0,14746.0,7.0,369.0,40.0,587.8530850213805,125.56085311136282,3.073167733494894,32.04874922073247
Gegharkunik,2022-04-01,2022,4,33.9,4.7,66.1,227778.0,286.0,628.0,487.0,32.0,1339.0,192.0,263.0,30.0,799.0,730.0,14746.0,7.0,369.0,40.0,587.8530850213805,125.56085311136282,3.073167733494894,32.04874922073247
Gegharkunik,2022-05-01,2022,5,33.9,4.7,66.1,227778.0,286.0,628.0,487.0,32.0,1339.0,192.0,263.0,30.0,799.0,730.0,14746.0,7.0,369.0,40.0,587.8530850213805,125.56085311136282,3.073167733494894,32.04874922073247
Gegharkunik,2022-06-01,2022,6,33.9,4.7,66.1,227778.0,286.0,628.0,487.0,32.0,1339.0,192.0,263.0,30.0,799.0,730.0,14746.0,7.0,369.0,40.0,587.8530850213805,125.56085311136282,3.073167733494894,32.04874922073247
Gegharkunik,2022-07-01,2022,7,33.9,4.7,66.1,227778.0,286.0,628.0,487.0,32.0,1339.0,192.0,263.0,30.0,799.0,730.0,14746.0,7.0,369.0,40.0,587.8530850213805,125.56085311136282,3.073167733494894,32.04874922073247
Gegharkunik,2022-08-01,2022,8,33.9,4.7,66.1,227778.0,286.0,628.0,487.0,32.0,1339.0,192.0,263.0,30.0,799.0,730.0,14746.0,7.0,369.0,40.0,587.8530850213805,125.56085311136282,3.073167733494894,32.04874922073247
Gegharkunik,2022-09-01,2022,9,33.9,4.7,66.1,227778.0,286.0,628.0,487.0,32.0,1339.0,192.0,263.0,30.0,799.0,730.0,14746.0,7.0,369.0,40.0,587.8530850213805,125.56085311136282,3.073167733494894,32.04874922073247
Gegharkunik,2022-10-01,2022,10,33.9,4.7,66.1,227778.0,286.0,628.0,487.0,32.0,1339.0,192.0,263.0,30.0,799.0,730.0,14746.0,7.0,369.0,40.0,587.8530850213805,125.56085311136282,3.073167733494894,32.04874922073247
Gegharkunik,2022-11-01,2022,11,33.9,4.7,66.1,227778.0,286.0,628.0,487.0,32.0,1339.0,192.0,263.0,30.0,799.0,730.0,14746.0,7.0,369.0,40.0,587.8530850213805,125.56085311136282,3.073167733494894,32.04874922073247
Gegharkunik,2022-12-01,2022,12,33.9,4.7,66.1,227778.0,286.0,628.0,487.0,32.0,1339.0,192.0,263.0,30.0,799.0,730.0,14746.0,7.0,369.0,40.0,587.8530850213805,125.56085311136282,3.073167733494894,32.04874922073247
Kotayk,2016-01-01,2016,1,35.4,1.3,64.6,253898.0,644.0,755.0,501.0,24.0,1577.0,297.0,200.0,30.0,1104.0,668.0,15253.0,11.0,550.0,47.0,621.1155660934705,253.64516459365572,4.332448463556231,26.309777942323297
Kotayk,2016-02-01,2016,2,35.04166666666699,1.3166666666666516,64.958333333333,253809.0000000001,646.4999999999977,765.1666666666574,505.9166666666622,22.66666666666788,1583.9166666666604,290.1666666666729,198.00000000000182,30.0,1094.1666666666756,668.0,15154.833333333423,11.0,546.0000000000036,47.0,624.0699067652591,254.7232582520372,4.333973551216936,26.31903938375376
Kotayk,2016-03-01,2016,3,34.683333333333,1.3333333333333486,65.31666666666699,253719.9999999999,649.0000000000023,775.3333333333426,510.8333333333378,21.33333333333212,1590.8333333333396,283.3333333333271,195.99999999999818,30.0,1084.3333333333244,668.0,15056.666666666577,11.0,541.9999999999964,47.0,627.0242474370558,255.8013519104216,4.335498638877646,26.328300825184254
Kotayk,2016-04-01,2016,4,34.325,1.35,65.675,253631.0,651.5,785.5,515.75,20.0,1597.75,276.5,194.0,30.0,1074.5,668.0,14958.5,11.0,538.0,47.0,629.9785881088444,256.8794455688031,4.3370237265383516,26.337562266614718
Kotayk,2016-05-01,2016,5,33.966666666666995,1.3666666666666516,66.033333333333,253542.0000000001,653.9999999999977,795.6666666666574,520.6666666666622,18.66666666666788,1604.6666666666604,269.6666666666729,192.00000000000182,30.0,1064.6666666666756,668.0,14860.333333333423,11.0,534.0000000000036,47.0,632.9329287806329,257.95753922718455,4.338548814199057,26.346823708045186
Kotayk,2016-06-01,2016,6,33.60833333333301,1.3833333333333484,66.39166666666699,253452.9999999999,656.5000000000023,805.8333333333426,525.5833333333378,17.33333333333212,1611.5833333333396,262.8333333333271,189.99999999999818,30.0,1054.8333333333244,668.0,14762.166666666577,11.0,529.9999999999964,47.0,635.8872694524296,259.03563288556893,4.340073901859767,26.35608514947568
Kotayk,2016-07-01,2016,7,33.25,1.4,66.75,253364.0,659.0,816.0,530.5,16.0,1618.5,256.0,188.0,30.0,1045.0,668.0,14664.0,11.0,526.0,47.0,638.8416101242182,260.1137265439504,4.341598989520472,26.365346590906142
Kotayk,2016-08-01,2016,8,32.89166666666699,1.4166666666666514,67.10833333333301,253275.0000000001,661.4999999999977,826.1666666666574,535.4166666666622,14.66666666666788,1625.4166666666604,249.16666666667288,186.00000000000182,30.0,1035.1666666666756,668.0,14565.833333333423,11.0,522.0000000000036,47.0,641.7959507960068,261.1918202023319,4.343124077181177,26.374608032336607
Kotayk,2016-09-01,2016,9,32.533333333333005,1.4333333333333484,67.466666666667,253185.9999999999,664.0000000000023,836.3333333333426,540.3333333333378,13.33333333333212,1632.3333333333396,242.33333333332712,183.99999999999818,30.0,1025.3333333333244,668.0,14467.666666666577,11.0,517.9999999999964,47.0,644.7502914678034,262.2699138607163,4.344649164841887,26.3838694737671
Kotayk,2016-10-01,2016,10,32.175,1.45,67.825,253097.0,666.5,846.5,545.25,12.0,1639.25,235.5,182.0,30.0,1015.5,668.0,14369.5,11.0,514.0,47.0,647.7046321395919,263.3480075190978,4.346174252502593,26.393130915197567
Kotayk,2016-11-01,2016,11,31.816666666666993,1.4666666666666515,68.18333333333301,253008.0000000001,668.9999999999977,856.6666666666574,550.1666666666622,10.66666666666788,1646.1666666666604,228.66666666667288,180.00000000000182,30.0,1005.6666666666756,668.0,14271.333333333423,11.0,510.00000000000364,47.0,650.6589728113805,264.42610117747927,4.347699340163298,26.40239235662803
Kotayk,2016-12-01,2016,12,31.45833333333301,1.4833333333333485,68.541666666667,252918.9999999999,671.5000000000023,866.8333333333426,555.0833333333378,9.33333333333212,1653.0833333333396,221.83333333332712,177.99999999999818,30.0,995.8333333333244,668.0,14173.166666666577,11.0,505.99999999999636,47.0,653.6133134831772,265.50419483586364,4.349224427824008,26.411653798058524
Kotayk,2017-01-01,2017,1,31.1,1.5,68.9,252830.0,674.0,877.0,560.0,8.0,1660.0,215.0,176.0,30.0,986.0,668.0,14075.0,11.0,502.0,47.0,656.5676541549658,266.5822884942451,4.350749515484713,26.420915239488988
Kotayk,2017-02-01,2017,2,30.400000000000638,1.3750000000001137,69.59999999999937,252727.33333333343,693.1666666666492,904.9166666666413,569.0833333333251,7.833333333333485,1703.2499999999607,221.41666666666083,180.4999999999959,30.0,987.5833333333319,653.0000000000136,14104.999999999973,10.916666666666742,504.83333333333076,47.0,674.0256928217646,274.3090422109558,4.3194032552478685,25.83550735587328
Kotayk,2017-03-01,2017,3,29.699999999999363,1.2499999999998863,70.30000000000064,252624.66666666657,712.3333333333508,932.8333333333587,578.1666666666749,7.666666666666515,1746.5000000000393,227.83333333333917,185.0000000000041,30.0,989.1666666666681,637.9999999999864,14135.000000000027,10.833333333333258,507.66666666666924,47.0,691.483731488611,282.03579592768756,4.288056995010938,25.25009947225597
Kotayk,2017-04-01,2017,4,29.0,1.125,71.0,252522.0,731.5,960.75,587.25,7.5,1789.75,234.25,189.5,30.0,990.75,623.0,14165.0,10.75,510.5,47.0,708.9417701554098,289.76254964439823,4.256710734774092,24.664691588640263
Kotayk,2017-05-01,2017,5,28.300000000000637,1.0000000000001137,71.69999999999936,252419.33333333343,750.6666666666492,988.6666666666413,596.3333333333251,7.333333333333485,1832.9999999999607,240.66666666666083,193.9999999999959,30.0,992.3333333333319,608.0000000000136,14194.999999999973,10.666666666666742,513.3333333333308,47.0,726.3998088222087,297.4893033611089,4.225364474537248,24.079283705024555
Kotayk,2017-06-01,2017,6,27.599999999999362,0.8749999999998863,72.40000000000065,252316.66666666657,769.8333333333508,1016.5833333333587,605.4166666666749,7.166666666666515,1876.2500000000393,247.08333333333917,198.5000000000041,30.0,993.9166666666681,592.9999999999864,14225.000000000027,10.583333333333258,516.1666666666692,47.0,743.8578474890551,305.2160570778407,4.194018214300317,23.493875821407247
Kotayk,2017-07-01,2017,7,26.9,0.75,73.1,252214.0,789.0,1044.5,614.5,7.0,1919.5,253.5,203.0,30.0,995.5,578.0,14255.0,10.5,519.0,47.0,761.315886155854,312.9428107945514,4.162671954063472,22.90846793779154
Kotayk,2017-08-01,2017,8,26.200000000000635,0.6250000000001137,73.79999999999936,252111.33333333343,808.1666666666492,1072.4166666666413,623.5833333333251,6.833333333333485,1962.7499999999607,259.91666666666083,207.4999999999959,30.0,997.0833333333319,563.0000000000136,14284.999999999973,10.416666666666742,521.8333333333308,47.0,778.7739248226528,320.6695645112621,4.131325693826627,22.32306005417583
Kotayk,2017-09-01,2017,9,25.499999999999364,0.4999999999998863,74.50000000000064,252008.66666666657,827.3333333333508,1100.3333333333587,632.6666666666749,6.666666666666515,2006.0000000000393,266.33333333333917,212.0000000000041,30.0,998.6666666666681,547.9999999999864,14315.000000000027,10.333333333333258,524.6666666666692,47.0,796.2319634894992,328.39631822799385,4.099979433589697,21.737652170558523
Kotayk,2017-10-01,2017,10,24.8,0.375,75.2,251906.0,846.5,1128.25,641.75,6.5,2049.25,272.75,216.5,30.0,1000.25,533.0,14345.0,10.25,527.5,47.0,813.6900021562981,336.1230719447045,4.068633173352851,21.152244286942814
Kotayk,2017-11-01,2017,11,24.100000000000637,0.2500000000001137,75.89999999999937,251803.33333333343,865.6666666666492,1156.1666666666413,650.8333333333251,6.333333333333485,2092.499999999961,279.16666666666083,220.9999999999959,30.0,1001.8333333333319,518.0000000000136,14374.999999999973,10.166666666666742,530.3333333333308,47.0,831.1480408230968,343.8498256614152,4.037286913116007,20.566836403327105
Kotayk,2017-12-01,2017,12,23.399999999999363,0.12499999999988631,76.60000000000063,251700.66666666657,884.8333333333508,1184.0833333333587,659.9166666666749,6.166666666666515,2135.750000000039,285.58333333333917,225.5000000000041,30.0,1003.4166666666681,502.99999999998636,14405.000000000027,10.083333333333258,533.1666666666692,47.0,848.6060794899433,351.57657937814696,4.005940652879076,19.981428519709798
Kotayk,2018-01-01,2018,1,22.7,0.0,77.3,251598.0,904.0,1212.0,669.0,6.0,2179.0,292.0,230.0,30.0,1005.0,488.0,14435.0,10.0,536.0,47.0,866.0641181567421,359.30333309485763,3.974594392642231,19.39602063609409
Kotayk,2018-02-01,2018,2,23.46666666666597,0.049999999999954525,76.53333333333403,251598.91666666666,906.8333333333308,1182.4166666666936,665.750000000003,7.166666666665606,2158.1666666666856,302.8333333333235,230.9999999999991,30.0,1009.6666666666624,487.1666666666674,14492.999999999947,10.0,540.8333333333289,47.0,857.7809199188422,360.4281099189951,3.974579912324781,19.362829800238025
Kotayk,2018-03-01,2018,3,24.23333333333403,0.10000000000004547,75.76666666666597,251599.83333333334,909.6666666666692,1152.8333333333064,662.499999999997,8.333333333334394,2137.3333333333144,313.6666666666765,232.0000000000009,30.0,1014.3333333333376,486.3333333333326,14551.000000000053,10.0,545.6666666666711,47.0,849.4977216809198,361.5528867431357,3.974565432007331,19.329638964381868
Kotayk,2018-04-01,2018,4,25.0,0.15,75.0,251600.75,912.5,1123.25,659.25,9.5,2116.5,324.5,233.0,30.0,1019.0,485.5,14609.0,10.0,550.5,47.0,841.2145234430199,362.67766356727316,3.974550951689881,19.296448128525803
Kotayk,2018-05-01,2018,5,25.76666666666597,0.19999999999995452,74.23333333333403,251601.66666666666,915.3333333333308,1093.6666666666936,656.000000000003,10.666666666665606,2095.6666666666856,335.3333333333235,233.9999999999991,30.0,1023.6666666666624,484.6666666666674,14666.999999999947,10.0,555.3333333333289,47.0,832.9313252051201,363.8024403914106,3.974536471372431,19.263257292669735
Kotayk,2018-06-01,2018,6,26.533333333334028,0.25000000000004546,73.46666666666597,251602.58333333334,918.1666666666692,1064.0833333333064,652.749999999997,11.833333333334394,2074.8333333333144,346.1666666666765,235.0000000000009,30.0,1028.3333333333376,483.8333333333326,14725.000000000053,10.0,560.1666666666711,47.0,824.6481269671975,364.92721721555114,3.974521991054981,19.230066456813578
Kotayk,2018-07-01,2018,7,27.299999999999997,0.3,72.69999999999999,251603.5,921.0,1034.5,649.5,13.0,2054.0,357.0,236.0,30.0,1033.0,483.0,14783.0,10.0,565.0,47.0,816.3649287292976,366.0519940396886,3.974507510737531,19.196875620957513
Kotayk,2018-08-01,2018,8,28.066666666665967,0.3499999999999545,71.93333333333402,251604.41666666666,923.8333333333308,1004.9166666666936,646.250000000003,14.166666666665606,2033.1666666666856,367.8333333333235,236.9999999999991,30.0,1037.6666666666624,482.1666666666674,14840.999999999947,10.0,569.8333333333289,47.0,808.0817304913978,367.1767708638261,3.974493030420081,19.16368478510145
Kotayk,2018-09-01,2018,9,28.83333333333403,0.4000000000000455,71.16666666666596,251605.33333333334,926.6666666666692,975.3333333333064,642.999999999997,15.333333333334394,2012.3333333333144,378.6666666666765,238.0000000000009,30.0,1042.3333333333376,481.3333333333326,14899.000000000053,10.0,574.6666666666711,47.0,799.7985322534753,368.30154768796666,3.974478550102631,19.13049394924529
Kotayk,2018-10-01,2018,10,29.599999999999998,0.44999999999999996,70.39999999999999,251606.25,929.5,945.75,639.75,16.5,1991.5,389.5,239.0,30.0,1047.0,480.5,14957.0,10.0,579.5,47.0,791.5153340155755,369.4263245121041,3.974464069785181,19.097303113389223
Kotayk,2018-11-01,2018,11,30.366666666665967,0.4999999999999545,69.63333333333402,251607.16666666666,932.3333333333308,916.1666666666936,636.500000000003,17.666666666665606,1970.6666666666856,400.3333333333235,239.9999999999991,30.0,1051.6666666666624,479.6666666666674,15014.999999999947,10.0,584.3333333333289,47.0,783.2321357776756,370.5511013362416,3.974449589467731,19.06411227753316
Kotayk,2018-12-01,2018,12,31.13333333333403,0.5500000000000455,68.86666666666596,251608.08333333334,935.1666666666692,886.5833333333064,633.249999999997,18.833333333334394,1949.8333333333144,411.1666666666765,241.0000000000009,30.0,1056.3333333333376,478.8333333333326,15073.000000000053,10.0,589.1666666666711,47.0,774.9489375397532,371.6758781603821,3.974435109150281,19.030921441677002
Kotayk,2019-01-01,2019,1,31.9,0.6,68.1,251609.0,938.0,857.0,630.0,20.0,1929.0,422.0,242.0,30.0,1061.0,478.0,15131.0,10.0,594.0,47.0,766.6657393018533,372.8006549845196,3.974420628832831,18.997730605820937
Kotayk,2019-02-01,2019,2,30.691666666667764,0.5500000000000455,69.30833333333223,251550.58333333337,944.9166666666604,871.4999999999868,638.9166666666586,19.583333333333712,1949.9166666666476,419.91666666666856,239.6666666666688,30.0,1058.416666666669,478.0,15002.500000000116,10.0,593.8333333333335,46.91666666666674,775.1806241345499,375.64410532592507,3.975345957658805,19.00215367760909
Kotayk,2019-03-01,2019,3,29.483333333332233,0.4999999999999545,70.51666666666776,251492.16666666663,951.8333333333396,886.0000000000132,647.8333333333414,19.166666666666288,1970.8333333333524,417.83333333333144,237.3333333333312,30.0,1055.833333333331,478.0,14873.999999999884,10.0,593.6666666666665,46.83333333333326,783.6955089672699,378.4875556673383,3.9762712864847813,19.006576749397258
Kotayk,2019-04-01,2019,4,28.275,0.44999999999999996,71.725,251433.75,958.75,900.5,656.75,18.75,1991.75,415.75,235.0,30.0,1053.25,478.0,14745.5,10.0,593.5,46.75,792.2103937999667,381.33100600874377,3.9771966153107554,19.010999821185415
Kotayk,2019-05-01,2019,5,27.066666666667764,0.40000000000004543,72.93333333333223,251375.33333333337,965.6666666666604,914.9999999999868,665.6666666666586,18.333333333333712,2012.6666666666476,413.66666666666856,232.6666666666688,30.0,1050.666666666669,478.0,14617.000000000116,10.0,593.3333333333335,46.66666666666674,800.7252786326634,384.1744563501493,3.978121944136729,19.015422892973568
Kotayk,2019-06-01,2019,6,25.858333333332233,0.3499999999999545,74.14166666666776,251316.91666666663,972.5833333333396,929.5000000000132,674.5833333333414,17.916666666666288,2033.5833333333524,411.58333333333144,230.3333333333312,30.0,1048.083333333331,478.0,14488.499999999884,10.0,593.1666666666665,46.58333333333326,809.2401634653834,387.0179066915625,3.9790472729627053,19.019845964761736
Kotayk,2019-07-01,2019,7,24.65,0.3,75.35,251258.5,979.5,944.0,683.5,17.5,2054.5,409.5,228.0,30.0,1045.5,478.0,14360.0,10.0,593.0,46.5,817.75504829808,389.86135703296793,3.9799726017886794,19.02426903654989
Kotayk,2019-08-01,2019,8,23.441666666667764,0.25000000000004546,76.55833333333223,251200.08333333337,986.4166666666604,958.4999999999868,692.4166666666586,17.083333333333712,2075.416666666648,407.41666666666856,225.6666666666688,30.0,1042.916666666669,478.0,14231.500000000116,10.0,592.8333333333335,46.41666666666674,826.2699331307768,392.70480737437344,3.9808979306146535,19.028692108338046
Kotayk,2019-09-01,2019,9,22.233333333332233,0.1999999999999545,77.76666666666776,251141.66666666663,993.3333333333396,973.0000000000132,701.3333333333414,16.666666666666288,2096.333333333352,405.33333333333144,223.3333333333312,30.0,1040.333333333331,478.0,14102.999999999884,10.0,592.6666666666665,46.33333333333326,834.7848179634968,395.5482577157867,3.9818232594406298,19.033115180126213
Kotayk,2019-10-01,2019,10,21.025,0.15000000000000002,78.975,251083.25,1000.25,987.5,710.25,16.25,2117.25,403.25,221.0,30.0,1037.75,478.0,13974.5,10.0,592.5,46.25,843.2997027961935,398.39170805719215,3.9827485882666034,19.037538251914366
Kotayk,2019-11-01,2019,11,19.816666666667764,0.1000000000000455,80.18333333333223,251024.83333333337,1007.1666666666604,1001.9999999999868,719.1666666666586,15.833333333333712,2138.166666666648,401.16666666666856,218.6666666666688,30.0,1035.166666666669,478.0,13846.000000000116,10.0,592.3333333333335,46.16666666666674,851.8145876288903,401.2351583985976,3.9836739170925775,19.041961323702523
Kotayk,2019-12-01,2019,12,18.608333333332233,0.049999999999954525,81.39166666666776,250966.41666666663,1014.0833333333396,1016.5000000000132,728.0833333333414,15.416666666666288,2159.083333333352,399.08333333333144,216.3333333333312,30.0,1032.583333333331,478.0,13717.499999999884,10.0,592.1666666666665,46.08333333333326,860.3294724616103,404.07860874001085,3.9845992459185537,19.04638439549069
Kotayk,2020-01-01,2020,1,17.4,0.0,82.6,250908.0,1021.0,1031.0,737.0,15.0,2180.0,397.0,214.0,30.0,1030.0,478.0,13589.0,10.0,592.0,46.0,868.844357294307,406.9220590814163,3.985524574744528,19.050807467278844
Kotayk,2020-02-01,2020,2,17.916666666666195,0.16666666666651508,82.0833333333338,250930.41666666666,1025.3333333333294,1050.5833333333155,739.4166666666645,15.416666666666288,2200.666666666648,395.2500000000016,213.66666666666697,30.0,1027.1666666666692,479.4166666666654,13708.49999999989,10.0,593.4999999999986,45.91666666666674,876.994745555661,408.6109537539986,3.9851688806487955,19.10550837964713
Kotayk,2020-03-01,2020,3,18.433333333333803,0.3333333333334849,81.5666666666662,250952.83333333334,1029.6666666666706,1070.1666666666845,741.8333333333355,15.833333333333712,2221.333333333352,393.4999999999984,213.33333333333303,30.0,1024.3333333333308,480.8333333333346,13828.00000000011,10.0,595.0000000000014,45.83333333333326,885.1451338170373,410.2998484265855,3.984813186553062,19.16020929201557
Kotayk,2020-04-01,2020,4,18.95,0.5,81.05,250975.25,1034.0,1089.75,744.25,16.25,2242.0,391.75,213.0,30.0,1021.5,482.25,13947.5,10.0,596.5,45.75,893.2955220783913,411.98874309916783,3.9844574924573295,19.214910204383855
Kotayk,2020-05-01,2020,5,19.466666666666196,0.6666666666665151,80.5333333333338,250997.66666666666,1038.3333333333294,1109.3333333333155,746.6666666666645,16.666666666666288,2262.666666666648,390.0000000000016,212.66666666666697,30.0,1018.6666666666692,483.6666666666654,14066.99999999989,10.0,597.9999999999986,45.66666666666674,901.4459103397454,413.67763777175014,3.984101798361597,19.26961111675214
Kotayk,2020-06-01,2020,6,19.983333333333803,0.8333333333334849,80.0166666666662,251020.08333333334,1042.6666666666706,1128.9166666666845,749.0833333333355,17.083333333333712,2283.333333333352,388.2499999999984,212.33333333333303,30.0,1015.8333333333308,485.0833333333346,14186.50000000011,10.0,599.5000000000014,45.58333333333326,909.5962986011217,415.36653244433705,3.983746104265864,19.32431202912058
Kotayk,2020-07-01,2020,7,20.5,1.0,79.5,251042.5,1047.0,1148.5,751.5,17.5,2304.0,386.5,212.0,30.0,1013.0,486.5,14306.0,10.0,601.0,45.5,917.7466868624757,417.05542711691936,3.9833904101701316,19.379012941488867
Kotayk,2020-08-01,2020,8,21.016666666666197,1.166666666666515,78.9833333333338,251064.91666666666,1051.3333333333294,1168.0833333333155,753.9166666666645,17.916666666666288,2324.666666666648,384.7500000000016,211.66666666666697,30.0,1010.1666666666692,487.9166666666654,14425.49999999989,10.0,602.4999999999986,45.41666666666674,925.8970751238297,418.74432178950167,3.983034716074399,19.433713853857153
Kotayk,2020-09-01,2020,9,21.533333333333804,1.333333333333485,78.4666666666662,251087.33333333334,1055.6666666666706,1187.6666666666845,756.3333333333355,18.333333333333712,2345.333333333352,382.9999999999984,211.33333333333303,30.0,1007.3333333333308,489.3333333333346,14545.00000000011,10.0,604.0000000000014,45.33333333333326,934.047463385206,420.4332164620886,3.9826790219786656,19.488414766225592
Kotayk,2020-10-01,2020,10,22.05,1.5,77.95,251109.75,1060.0,1207.25,758.75,18.75,2366.0,381.25,211.0,30.0,1004.5,490.75,14664.5,10.0,605.5,45.25,942.1978516465601,422.1221111346709,3.9823233278829333,19.543115678593878
Kotayk,2020-11-01,2020,11,22.566666666666197,1.666666666666515,77.4333333333338,251132.16666666666,1064.3333333333294,1226.8333333333155,761.1666666666645,19.166666666666288,2386.666666666648,379.5000000000016,210.66666666666697,30.0,1001.6666666666692,492.1666666666654,14783.99999999989,10.0,606.9999999999986,45.16666666666674,950.3482399079141,423.8110058072532,3.981967633787201,19.597816590962164
Kotayk,2020-12-01,2020,12,23.083333333333805,1.833333333333485,76.9166666666662,251154.58333333334,1068.6666666666706,1246.4166666666845,763.5833333333355,19.583333333333712,2407.333333333352,377.7499999999984,210.33333333333303,30.0,998.8333333333308,493.5833333333346,14903.50000000011,10.0,608.5000000000014,45.08333333333326,958.4986281692904,425.4999004798401,3.9816119396914673,19.652517503330603
Kotayk,2021-01-01,2021,1,23.6,2.0,76.4,251177.0,1073.0,1266.0,766.0,20.0,2428.0,376.0,210.0,30.0,996.0,495.0,15023.0,10.0,610.0,45.0,966.6490164306445,427.1887951524224,3.981256245595735,19.70721841569889
Kotayk,2021-02-01,2021,2,23.808333333333145,2.0,76.19166666666686,251168.58333333334,1054.7500000000166,1266.7499999999993,777.666666666656,20.749999999999318,2435.5833333333267,370.41666666667174,210.24999999999977,30.0,996.4999999999995,495.2499999999998,15021.166666666668,10.0,610.333333333333,45.0,969.7017546289892,419.9344000915412,3.9813897068056225,19.717836193138112
Kotayk,2021-03-01,2021,3,24.016666666666858,2.0,75.98333333333315,251160.16666666666,1036.4999999999834,1267.5000000000007,789.333333333344,21.500000000000682,2443.1666666666733,364.83333333332826,210.50000000000023,30.0,997.0000000000005,495.5000000000002,15019.333333333332,10.0,610.666666666667,45.0,972.7544928273422,412.6800050306402,3.9815231680155105,19.72845397057736
Kotayk,2021-04-01,2021,4,24.225,2.0,75.775,251151.75,1018.25,1268.25,801.0,22.25,2450.75,359.25,210.75,30.0,997.5,495.75,15017.5,10.0,611.0,45.0,975.8072310256869,405.42560996975897,3.981656629225398,19.73907174801658
Kotayk,2021-05-01,2021,5,24.433333333333145,2.0,75.56666666666686,251143.33333333334,1000.0000000000166,1268.9999999999993,812.666666666656,22.999999999999318,2458.3333333333267,353.66666666667174,210.99999999999977,30.0,997.9999999999995,495.9999999999998,15015.666666666668,10.0,611.333333333333,45.0,978.8599692240316,398.17121490887774,3.9817900904352856,19.7496895254558
Kotayk,2021-06-01,2021,6,24.641666666666858,2.0,75.35833333333315,251134.91666666666,981.7499999999834,1269.7500000000007,824.333333333344,23.750000000000682,2465.9166666666733,348.08333333332826,211.25000000000023,30.0,998.5000000000005,496.2500000000002,15013.833333333332,10.0,611.666666666667,45.0,981.9127074223846,390.91681984797674,3.9819235516451736,19.76030730289505
Kotayk,2021-07-01,2021,7,24.85,2.0,75.15,251126.5,963.5,1270.5,836.0,24.5,2473.5,342.5,211.5,30.0,999.0,496.5,15012.0,10.0,612.0,45.0,984.9654456207293,383.6624247870956,3.982057012855061,19.770925080334273
Kotayk,2021-08-01,2021,8,25.058333333333145,2.0,74.94166666666686,251118.08333333334,945.2500000000166,1271.2499999999993,847.666666666656,25.249999999999318,2481.0833333333267,336.91666666667174,211.74999999999977,30.0,999.4999999999995,496.7499999999998,15010.166666666668,10.0,612.333333333333,45.0,988.018183819074,376.40802972621435,3.982190474064949,19.78154285777349
Kotayk,2021-09-01,2021,9,25.266666666666858,2.0,74.73333333333315,251109.66666666666,926.9999999999834,1272.0000000000007,859.333333333344,26.000000000000682,2488.6666666666733,331.33333333332826,212.00000000000023,30.0,1000.0000000000005,497.0000000000002,15008.333333333332,10.0,612.666666666667,45.0,991.070922017427,369.15363466531335,3.982323935274837,19.792160635212742
Kotayk,2021-10-01,2021,10,25.475,2.0,74.525,251101.25,908.75,1272.75,871.0,26.75,2496.25,325.75,212.25,30.0,1000.5,497.25,15006.5,10.0,613.0,45.0,994.1236602157718,361.8992396044321,3.9824573964847247,19.80277841265196
Kotayk,2021-11-01,2021,11,25.683333333333145,2.0,74.31666666666686,251092.83333333334,890.5000000000166,1273.4999999999993,882.666666666656,27.499999999999318,2503.8333333333267,320.16666666667174,212.49999999999977,30.0,1000.9999999999995,497.4999999999998,15004.666666666668,10.0,613.333333333333,45.0,997.1763984141164,354.6448445435509,3.9825908576946123,19.813396190091183
Kotayk,2021-12-01,2021,12,25.891666666666858,2.0,74.10833333333315,251084.41666666666,872.2499999999834,1274.2500000000007,894.333333333344,28.250000000000682,2511.4166666666733,314.58333333332826,212.75000000000023,30.0,1001.5000000000005,497.7500000000002,15002.833333333332,10.0,613.666666666667,45.0,1000.2291366124695,347.3904494826499,3.9827243189045003,19.82401396753043
Kotayk,2022-01-01,2022,1,26.1,2.0,73.9,251076.0,854.0,1275.0,906.0,29.0,2519.0,309.0,213.0,30.0,1002.0,498.0,15001.0,10.0,614.0,45.0,1003.2818748108142,340.1360544217687,3.982857780114388,19.834631744969652
Kotayk,2022-02-01,2022,2,26.1,2.0,73.9,251076.0,854.0,1275.0,906.0,29.0,2519.0,309.0,213.0,30.0,1002.0,498.0,15001.0,10.0,614.0,45.0,1003.2818748108142,340.1360544217687,3.982857780114388,19.834631744969652
Kotayk,2022-03-01,2022,3,26.1,2.0,73.9,251076.0,854.0,1275.0,906.0,29.0,2519.0,309.0,213.0,30.0,1002.0,498.0,15001.0,10.0,614.0,45.0,1003.2818748108142,340.1360544217687,3.982857780114388,19.834631744969652
Kotayk,2022-04-01,2022,4,26.1,2.0,73.9,251076.0,854.0,1275.0,906.0,29.0,2519.0,309.0,213.0,30.0,1002.0,498.0,15001.0,10.0,614.0,45.0,1003.2818748108142,340.1360544217687,3.982857780114388,19.834631744969652
Kotayk,2022-05-01,2022,5,26.1,2.0,73.9,251076.0,854.0,1275.0,906.0,29.0,2519.0,309.0,213.0,30.0,1002.0,498.0,15001.0,10.0,614.0,45.0,1003.2818748108142,340.1360544217687,3.982857780114388,19.834631744969652
Kotayk,2022-06-01,2022,6,26.1,2.0,73.9,251076.0,854.0,1275.0,906.0,29.0,2519.0,309.0,213.0,30.0,1002.0,498.0,15001.0,10.0,614.0,45.0,1003.2818748108142,340.1360544217687,3.982857780114388,19.834631744969652
Kotayk,2022-07-01,2022,7,26.1,2.0,73.9,251076.0,854.0,1275.0,906.0,29.0,2519.0,309.0,213.0,30.0,1002.0,498.0,15001.0,10.0,614.0,45.0,1003.2818748108142,340.1360544217687,3.982857780114388,19.834631744969652
Kotayk,2022-08-01,2022,8,26.1,2.0,73.9,251076.0,854.0,1275.0,906.0,29.0,2519.0,309.0,213.0,30.0,1002.0,498.0,15001.0,10.0,614.0,45.0,1003.2818748108142,340.1360544217687,3.982857780114388,19.834631744969652
Kotayk,2022-09-01,2022,9,26.1,2.0,73.9,251076.0,854.0,1275.0,906.0,29.0,2519.0,309.0,213.0,30.0,1002.0,498.0,15001.0,10.0,614.0,45.0,1003.2818748108142,340.1360544217687,3.982857780114388,19.834631744969652
Kotayk,2022-10-01,2022,10,26.1,2.0,73.9,251076.0,854.0,1275.0,906.0,29.0,2519.0,309.0,213.0,30.0,1002.0,498.0,15001.0,10.0,614.0,45.0,1003.2818748108142,340.1360544217687,3.982857780114388,19.834631744969652
Kotayk,2022-11-01,2022,11,26.1,2.0,73.9,251076.0,854.0,1275.0,906.0,29.0,2519.0,309.0,213.0,30.0,1002.0,498.0,15001.0,10.0,614.0,45.0,1003.2818748108142,340.1360544217687,3.982857780114388,19.834631744969652
Kotayk,2022-12-01,2022,12,26.1,2.0,73.9,251076.0,854.0,1275.0,906.0,29.0,2519.0,309.0,213.0,30.0,1002.0,498.0,15001.0,10.0,614.0,45.0,1003.2818748108142,340.1360544217687,3.982857780114388,19.834631744969652
Lori,2016-01-01,2016,1,35.8,2.7,64.0,224954.0,383.0,747.0,399.0,15.0,1305.0,144.0,242.0,17.0,1167.0,486.0,18593.0,8.0,514.0,42.0,580.118602025303,170.2570303262,3.556282617779635,21.604416903011284
Lori,2016-02-01,2016,2,35.291666666667126,2.6500000000000457,64.52499999999952,224632.66666666695,383.08333333333326,750.8333333333298,401.08333333333144,14.66666666666697,1309.5833333333292,143.0000000000009,240.58333333333462,17.083333333333258,1160.833333333339,485.50000000000045,18530.416666666722,7.9166666666667425,513.5000000000005,41.91666666666674,583.0347060943141,170.5421644857647,3.523760472914099,21.613201330270535
Lori,2016-03-01,2016,3,34.78333333333287,2.599999999999955,65.05000000000048,224311.33333333305,383.16666666666674,754.6666666666702,403.16666666666856,14.33333333333303,1314.1666666666708,141.9999999999991,239.16666666666538,17.166666666666742,1154.666666666661,484.99999999999955,18467.833333333278,7.8333333333332575,512.9999999999995,41.83333333333326,585.950810163333,170.82729864533013,3.4912383280484742,21.62198575752981
Lori,2016-04-01,2016,4,34.275,2.5500000000000003,65.575,223990.0,383.25,758.5,405.25,14.0,1318.75,141.0,237.75,17.25,1148.5,484.5,18405.25,7.75,512.5,41.75,588.8669142323441,171.11243280489478,3.4587161831829385,21.63077018478906
Lori,2016-05-01,2016,5,33.76666666666713,2.5000000000000457,66.09999999999953,223668.66666666695,383.33333333333326,762.3333333333298,407.33333333333144,13.66666666666697,1323.3333333333292,140.0000000000009,236.33333333333462,17.333333333333258,1142.333333333339,484.00000000000045,18342.666666666722,7.6666666666667425,512.0000000000005,41.66666666666674,591.7830183013552,171.39756696445946,3.4261940383174023,21.63955461204831
Lori,2016-06-01,2016,6,33.25833333333287,2.449999999999955,66.62500000000048,223347.33333333305,383.41666666666674,766.1666666666702,409.41666666666856,13.33333333333303,1327.9166666666708,138.9999999999991,234.91666666666538,17.416666666666742,1136.166666666661,483.49999999999955,18280.083333333278,7.5833333333332575,511.49999999999955,41.58333333333326,594.6991223703742,171.6827011240249,3.3936718934517778,21.648339039307587
Lori,2016-07-01,2016,7,32.75,2.4000000000000004,67.15,223026.0,383.5,770.0,411.5,13.0,1332.5,138.0,233.5,17.5,1130.0,483.0,18217.5,7.5,511.0,41.5,597.6152264393853,171.96783528358958,3.361149748586242,21.657123466566837
Lori,2016-08-01,2016,8,32.24166666666713,2.350000000000046,67.67499999999951,222704.66666666695,383.58333333333326,773.8333333333298,413.58333333333144,12.66666666666697,1337.0833333333292,137.0000000000009,232.08333333333462,17.583333333333258,1123.833333333339,482.50000000000045,18154.916666666722,7.4166666666667425,510.50000000000045,41.41666666666674,600.5313305083964,172.25296944315423,3.328627603720706,21.665907893826088
Lori,2016-09-01,2016,9,31.73333333333287,2.2999999999999545,68.20000000000047,222383.33333333305,383.66666666666674,777.6666666666702,415.66666666666856,12.33333333333303,1341.6666666666708,135.9999999999991,230.66666666666538,17.666666666666742,1117.666666666661,481.99999999999955,18092.333333333278,7.3333333333332575,509.99999999999955,41.33333333333326,603.4474345774154,172.53810360271967,3.2961054588550813,21.674692321085363
Lori,2016-10-01,2016,10,31.224999999999998,2.25,68.725,222062.0,383.75,781.5,417.75,12.0,1346.25,135.0,229.25,17.75,1111.5,481.5,18029.75,7.25,509.5,41.25,606.3635386464265,172.82323776228435,3.263583313989545,21.683476748344614
Lori,2016-11-01,2016,11,30.716666666667127,2.2000000000000455,69.24999999999952,221740.66666666695,383.83333333333326,785.3333333333298,419.83333333333144,11.66666666666697,1350.8333333333292,134.0000000000009,227.83333333333462,17.833333333333258,1105.333333333339,481.00000000000045,17967.166666666722,7.1666666666667425,509.00000000000045,41.16666666666674,609.2796427154376,173.108371921849,3.2310611691240094,21.692261175603864
Lori,2016-12-01,2016,12,30.20833333333287,2.1499999999999546,69.77500000000047,221419.33333333305,383.91666666666674,789.1666666666702,421.91666666666856,11.33333333333303,1355.4166666666708,132.9999999999991,226.41666666666538,17.916666666666742,1099.166666666661,480.49999999999955,17904.583333333278,7.0833333333332575,508.49999999999955,41.08333333333326,612.1957467844566,173.39350608141444,3.198539024258385,21.70104560286314
Lori,2017-01-01,2017,1,29.7,2.1,70.3,221098.0,384.0,793.0,424.0,11.0,1360.0,132.0,225.0,18.0,1093.0,480.0,17842.0,7.0,508.0,41.0,615.1118508534677,173.67864024097912,3.1660168793928487,21.70983003012239
Lori,2017-02-01,2017,2,29.675000000000022,2.1833333333332576,70.32499999999997,220786.7500000003,390.41666666666083,792.0833333333342,440.74999999998477,11.166666666666515,1384.3333333333112,140.33333333332575,225.24999999999977,18.0,1092.1666666666674,480.08333333333326,17843.666666666664,7.0,508.9999999999991,41.0,627.1874428213237,176.8793880381711,3.1705504143261636,21.744750959306298
Lori,2017-03-01,2017,3,29.649999999999977,2.2666666666667425,70.35000000000002,220475.4999999997,396.83333333333917,791.1666666666658,457.50000000001523,11.333333333333485,1408.6666666666888,148.66666666667425,225.50000000000023,18.0,1091.3333333333326,480.16666666666674,17845.333333333336,7.0,510.0000000000009,41.0,639.2630347892126,180.0801358353718,3.175083949259491,21.779671888490302
Lori,2017-04-01,2017,4,29.625,2.35,70.375,220164.25,403.25,790.25,474.25,11.5,1433.0,157.0,225.75,18.0,1090.5,480.25,17847.0,7.0,511.0,41.0,651.3386267570687,183.28088363256376,3.1796174841928058,21.814592817674214
Lori,2017-05-01,2017,5,29.600000000000023,2.4333333333332576,70.39999999999998,219853.0000000003,409.66666666666083,789.3333333333342,490.99999999998477,11.666666666666515,1457.3333333333112,165.33333333332575,225.99999999999977,18.0,1089.6666666666674,480.33333333333326,17848.666666666664,7.0,511.9999999999991,41.0,663.4142187249247,186.48163142975574,3.1841510191261206,21.849513746858122
Lori,2017-06-01,2017,6,29.574999999999978,2.5166666666667425,70.42500000000003,219541.7499999997,416.08333333333917,788.4166666666658,507.75000000001523,11.833333333333485,1481.6666666666888,173.66666666667425,226.25000000000023,18.0,1088.8333333333326,480.41666666666674,17850.333333333336,7.0,513.0000000000009,41.0,675.4898106928136,189.68237922695644,3.188684554059448,21.884434676042126
Lori,2017-07-01,2017,7,29.549999999999997,2.6,70.44999999999999,219230.5,422.5,787.5,524.5,12.0,1506.0,182.0,226.5,18.0,1088.0,480.5,17852.0,7.0,514.0,41.0,687.5654026606696,192.88312702414842,3.1932180889927624,21.919355605226038
Lori,2017-08-01,2017,8,29.52500000000002,2.6833333333332576,70.47499999999997,218919.2500000003,428.91666666666083,786.5833333333342,541.2499999999848,12.166666666666515,1530.3333333333112,190.33333333332575,226.74999999999977,18.0,1087.1666666666674,480.58333333333326,17853.666666666664,7.0,514.9999999999991,41.0,699.6409946285257,196.0838748213404,3.1977516239260773,21.954276534409946
Lori,2017-09-01,2017,9,29.499999999999975,2.7666666666667425,70.50000000000001,218607.9999999997,435.33333333333917,785.6666666666658,558.0000000000152,12.333333333333485,1554.6666666666888,198.66666666667425,227.00000000000023,18.0,1086.3333333333326,480.66666666666674,17855.333333333336,7.0,516.0000000000009,41.0,711.7165865964147,199.2846226185411,3.2022851588594046,21.98919746359395
Lori,2017-10-01,2017,10,29.474999999999998,2.85,70.52499999999999,218296.75,441.75,784.75,574.75,12.5,1579.0,207.0,227.25,18.0,1085.5,480.75,17857.0,7.0,517.0,41.0,723.7921785642707,202.4853704157331,3.2068186937927194,22.024118392777858
Lori,2017-11-01,2017,11,29.45000000000002,2.9333333333332576,70.54999999999997,217985.5000000003,448.16666666666083,783.8333333333342,591.4999999999848,12.666666666666515,1603.3333333333112,215.33333333332575,227.49999999999977,18.0,1084.6666666666674,480.83333333333326,17858.666666666664,7.0,517.9999999999991,41.0,735.8677705321268,205.68611821292504,3.2113522287260343,22.05903932196177
Lori,2017-12-01,2017,12,29.424999999999976,3.0166666666667425,70.57500000000002,217674.2499999997,454.58333333333917,782.9166666666658,608.2500000000152,12.833333333333485,1627.6666666666888,223.66666666667425,227.75000000000023,18.0,1083.8333333333326,480.91666666666674,17860.333333333336,7.0,519.0000000000009,41.0,747.9433625000157,208.88686601012574,3.2158857636593616,22.093960251145774
Lori,2018-01-01,2018,1,29.4,3.1,70.6,217363.0,461.0,782.0,625.0,13.0,1652.0,232.0,228.0,18.0,1083.0,481.0,17862.0,7.0,520.0,41.0,760.0189544678717,212.08761380731772,3.2204192985926765,22.12888118032968
Lori,2018-02-01,2018,2,29.45833333333328,2.966666666666788,70.54166666666671,217205.3333333335,468.2499999999934,779.750000000002,619.6666666666715,13.166666666666515,1645.833333333339,233.24999999999886,229.91666666666492,18.0,1080.083333333336,481.0,18073.83333333314,7.0,520.9999999999991,41.0,757.7131359980461,215.60752668241273,3.222775777079701,22.14507355393338
Lori,2018-03-01,2018,3,29.51666666666672,2.8333333333332122,70.48333333333328,217047.6666666665,475.5000000000066,777.499999999998,614.3333333333285,13.333333333333485,1639.666666666661,234.50000000000114,231.83333333333508,18.0,1077.166666666664,481.0,18285.66666666686,7.0,522.0000000000009,41.0,755.4073175282143,219.12743955751733,3.2251322555667317,22.16126592753712
Lori,2018-04-01,2018,4,29.575,2.7,70.425,216890.0,482.75,775.25,609.0,13.5,1633.5,235.75,233.75,18.0,1074.25,481.0,18497.5,7.0,523.0,41.0,753.1014990583888,222.64735243261237,3.2274887340537566,22.177458301140817
Lori,2018-05-01,2018,5,29.63333333333328,2.566666666666788,70.36666666666672,216732.3333333335,489.9999999999934,773.000000000002,603.6666666666715,13.666666666666515,1627.333333333339,236.99999999999886,235.66666666666492,18.0,1071.333333333336,481.0,18709.33333333314,7.0,523.9999999999991,41.0,750.7956805885632,226.16726530770737,3.229845212540781,22.19365067474451
Lori,2018-06-01,2018,6,29.69166666666672,2.433333333333212,70.30833333333328,216574.6666666665,497.2500000000066,770.749999999998,598.3333333333285,13.833333333333485,1621.166666666661,238.25000000000114,237.58333333333508,18.0,1068.416666666664,481.0,18921.16666666686,7.0,525.0000000000009,41.0,748.4898621187314,229.68717818281198,3.2322016910278117,22.20984304834825
Lori,2018-07-01,2018,7,29.75,2.3,70.25,216417.0,504.5,768.5,593.0,14.0,1615.0,239.5,239.5,18.0,1065.5,481.0,19133.0,7.0,526.0,41.0,746.1840436489058,233.20709105790698,3.234558169514836,22.22603542195195
Lori,2018-08-01,2018,8,29.80833333333328,2.1666666666667878,70.19166666666672,216259.3333333335,511.7499999999934,766.250000000002,587.6666666666715,14.166666666666515,1608.833333333339,240.74999999999886,241.41666666666492,18.0,1062.583333333336,481.0,19344.83333333314,7.0,526.9999999999991,41.0,743.8782251790803,236.72700393300198,3.2369146480018607,22.242227795555646
Lori,2018-09-01,2018,9,29.86666666666672,2.0333333333332124,70.13333333333328,216101.6666666665,519.0000000000066,763.999999999998,582.3333333333285,14.333333333333485,1602.666666666661,242.00000000000114,243.33333333333508,18.0,1059.666666666664,481.0,19556.66666666686,7.0,528.0000000000009,41.0,741.5724067092485,240.2469168081066,3.2392711264888914,22.258420169159386
Lori,2018-10-01,2018,10,29.925,1.9,70.075,215944.0,526.25,761.75,577.0,14.5,1596.5,243.25,245.25,18.0,1056.75,481.0,19768.5,7.0,529.0,41.0,739.266588239423,243.7668296832016,3.241627604975916,22.27461254276308
Lori,2018-11-01,2018,11,29.98333333333328,1.7666666666667878,70.01666666666672,215786.3333333335,533.4999999999934,759.500000000002,571.6666666666715,14.666666666666515,1590.333333333339,244.49999999999886,247.16666666666492,18.0,1053.833333333336,481.0,19980.33333333314,7.0,529.9999999999991,41.0,736.9607697695974,247.28674255829662,3.2439840834629408,22.290804916366778
Lori,2018-12-01,2018,12,30.04166666666672,1.633333333333212,69.95833333333329,215628.6666666665,540.7500000000066,757.249999999998,566.3333333333285,14.833333333333485,1584.166666666661,245.75000000000114,249.08333333333508,18.0,1050.916666666664,481.0,20192.16666666686,7.0,531.0000000000009,41.0,734.6549512997656,250.80665543340123,3.2463405619499714,22.306997289970518
Lori,2019-01-01,2019,1,30.1,1.5,69.9,215471.0,548.0,755.0,561.0,15.0,1578.0,247.0,251.0,18.0,1048.0,481.0,20404.0,7.0,532.0,41.0,732.34913282994,254.32656830849623,3.248697040436996,22.323189663574215
Lori,2019-02-01,2019,2,29.175000000000843,1.3916666666667652,70.82499999999916,215291.3333333335,559.9166666666558,763.3333333333258,562.7499999999984,15.66666666666606,1596.2499999999834,254.49999999999318,249.75000000000114,18.0,1047.1666666666674,483.83333333333076,20314.416666666748,7.0,532.2499999999998,40.91666666666674,741.5213838555594,260.12719495659087,3.251433287621979,22.474815505214636
Lori,2019-03-01,2019,3,28.24999999999916,1.2833333333332348,71.75000000000085,215111.6666666665,571.8333333333442,771.6666666666742,564.5000000000016,16.33333333333394,1614.5000000000166,262.0000000000068,248.49999999999886,18.0,1046.3333333333326,486.66666666666924,20224.833333333252,7.0,532.5000000000002,40.83333333333326,750.6936348812038,265.9278216047013,3.2541695348069695,22.62644134685547
Lori,2019-04-01,2019,4,27.325000000000003,1.175,72.67500000000001,214932.0,583.75,780.0,566.25,17.0,1632.75,269.5,247.25,18.0,1045.5,489.5,20135.25,7.0,532.75,40.75,759.8658859068232,271.7284482527959,3.2569057819919527,22.77806718849589
Lori,2019-05-01,2019,5,26.400000000000844,1.0666666666667652,73.59999999999916,214752.3333333335,595.6666666666558,788.3333333333258,567.9999999999984,17.66666666666606,1650.9999999999834,276.9999999999932,246.00000000000114,18.0,1044.6666666666674,492.33333333333076,20045.666666666748,7.0,532.9999999999998,40.66666666666674,769.0381369324425,277.5290749008905,3.2596420291769355,22.929693030136306
Lori,2019-06-01,2019,6,25.47499999999916,0.9583333333332348,74.52500000000084,214572.6666666665,607.5833333333442,796.6666666666742,569.7500000000016,18.33333333333394,1669.2500000000166,284.5000000000068,244.74999999999886,18.0,1043.8333333333326,495.16666666666924,19956.083333333252,7.0,533.2500000000002,40.58333333333326,778.2103879580869,283.32970154900096,3.262378276361926,23.08131887177714
Lori,2019-07-01,2019,7,24.55,0.85,75.45,214393.0,619.5,805.0,571.5,19.0,1687.5,292.0,243.5,18.0,1043.0,498.0,19866.5,7.0,533.5,40.5,787.3826389837063,289.13032819709554,3.265114523546909,23.23294471341756
Lori,2019-08-01,2019,8,23.625000000000842,0.7416666666667652,76.37499999999916,214213.3333333335,631.4166666666558,813.3333333333258,573.2499999999984,19.66666666666606,1705.7499999999834,299.4999999999932,242.25000000000114,18.0,1042.1666666666674,500.83333333333076,19776.916666666748,7.0,533.7499999999998,40.41666666666674,796.5548900093257,294.9309548451902,3.2678507707318922,23.38457055505798
Lori,2019-09-01,2019,9,22.699999999999157,0.6333333333332348,77.30000000000085,214033.6666666665,643.3333333333442,821.6666666666742,575.0000000000016,20.33333333333394,1724.0000000000166,307.0000000000068,240.99999999999886,18.0,1041.3333333333326,503.66666666666924,19687.333333333252,7.0,534.0000000000002,40.33333333333326,805.7271410349701,300.7315814933006,3.2705870179168826,23.536196396698813
Lori,2019-10-01,2019,10,21.775,0.5249999999999999,78.225,213854.0,655.25,830.0,576.75,21.0,1742.25,314.5,239.75,18.0,1040.5,506.5,19597.75,7.0,534.25,40.25,814.8993920605894,306.53220814139524,3.2733232651018653,23.68782223833923
Lori,2019-11-01,2019,11,20.85000000000084,0.4166666666667651,79.14999999999915,213674.3333333335,667.1666666666558,838.3333333333258,578.4999999999984,21.66666666666606,1760.4999999999834,321.9999999999932,238.50000000000114,18.0,1039.6666666666674,509.33333333333076,19508.166666666748,7.0,534.4999999999998,40.16666666666674,824.0716430862088,312.3328347894898,3.2760595122868486,23.83944807997965
Lori,2019-12-01,2019,12,19.92499999999916,0.30833333333323476,80.07500000000084,213494.6666666665,679.0833333333442,846.6666666666742,580.2500000000016,22.33333333333394,1778.7500000000166,329.5000000000068,237.24999999999886,18.0,1038.8333333333326,512.1666666666692,19418.583333333252,7.0,534.7500000000002,40.08333333333326,833.2438941118533,318.13346143760026,3.278795759471839,23.991073921620483
Lori,2020-01-01,2020,1,19.0,0.2,81.0,213315.0,691.0,855.0,582.0,23.0,1797.0,337.0,236.0,18.0,1038.0,515.0,19329.0,7.0,535.0,40.0,842.4161451374727,323.9340880856949,3.281532006656822,24.142699763260904
Lori,2020-02-01,2020,2,19.23333333333312,0.2,80.76666666666688,213252.5833333334,697.2499999999943,863.5833333333255,588.9999999999936,23.083333333333258,1811.7499999999866,336.08333333333417,237.49999999999864,17.916666666666742,1037.666666666667,521.1666666666611,19621.166666666402,6.9166666666667425,534.5000000000005,40.0,849.6025286970461,326.96946950133724,3.2432920668550174,24.43989486271315
Lori,2020-03-01,2020,3,19.466666666666878,0.2,80.53333333333312,213190.1666666666,703.5000000000057,872.1666666666745,596.0000000000064,23.166666666666742,1826.5000000000134,335.16666666666583,239.00000000000136,17.833333333333258,1037.333333333333,527.3333333333389,19913.333333333598,6.8333333333332575,533.9999999999995,40.0,856.788912256639,330.00485091698783,3.2050521270531083,24.737089962166205
Lori,2020-04-01,2020,4,19.7,0.2,80.3,213127.75,709.75,880.75,603.0,23.25,1841.25,334.25,240.5,17.75,1037.0,533.5,20205.5,6.75,533.5,40.0,863.9752958162123,333.0402323326302,3.166812187251303,25.034285061618455
Lori,2020-05-01,2020,5,19.93333333333312,0.2,80.06666666666688,213065.3333333334,715.9999999999943,889.3333333333255,609.9999999999936,23.333333333333258,1855.9999999999866,333.33333333333417,241.99999999999864,17.666666666666742,1036.666666666667,539.6666666666611,20497.666666666402,6.6666666666667425,533.0000000000005,40.0,871.1616793757858,336.0756137482725,3.1285722474494984,25.3314801610707
Lori,2020-06-01,2020,6,20.166666666666877,0.2,79.83333333333312,213002.9166666666,722.2500000000057,897.9166666666745,617.0000000000064,23.416666666666742,1870.7500000000134,332.41666666666583,243.50000000000136,17.583333333333258,1036.333333333333,545.8333333333389,20789.833333333598,6.5833333333332575,532.4999999999995,40.0,878.3480629353787,339.1109951639231,3.0903323076475893,25.628675260523757
Lori,2020-07-01,2020,7,20.4,0.2,79.6,212940.5,728.5,906.5,624.0,23.5,1885.5,331.5,245.0,17.5,1036.0,552.0,21082.0,6.5,532.0,40.0,885.5344464949521,342.1463765795654,3.052092367845784,25.925870359976003
Lori,2020-08-01,2020,8,20.63333333333312,0.2,79.36666666666689,212878.0833333334,734.7499999999943,915.0833333333255,630.9999999999936,23.583333333333258,1900.2499999999866,330.58333333333417,246.49999999999864,17.416666666666742,1035.666666666667,558.1666666666611,21374.166666666402,6.4166666666667425,531.5000000000005,40.0,892.7208300545255,345.18175799520776,3.0138524280439793,26.22306545942825
Lori,2020-09-01,2020,9,20.86666666666688,0.2,79.13333333333313,212815.6666666666,741.0000000000057,923.6666666666745,638.0000000000064,23.666666666666742,1915.0000000000134,329.66666666666583,248.00000000000136,17.333333333333258,1035.333333333333,564.3333333333389,21666.333333333598,6.3333333333332575,530.9999999999995,40.0,899.9072136141185,348.2171394108584,2.9756124882420703,26.520260558881304
Lori,2020-10-01,2020,10,21.1,0.2,78.9,212753.25,747.25,932.25,645.0,23.75,1929.75,328.75,249.5,17.25,1035.0,570.5,21958.5,6.25,530.5,40.0,907.0935971736919,351.2525208265007,2.9373725484402655,26.81745565833355
Lori,2020-11-01,2020,11,21.333333333333123,0.2,78.66666666666688,212690.8333333334,753.4999999999943,940.8333333333255,651.9999999999936,23.833333333333258,1944.4999999999866,327.83333333333417,250.99999999999864,17.166666666666742,1034.666666666667,576.6666666666611,22250.666666666402,6.1666666666667425,530.0000000000005,40.0,914.2799807332652,354.28790224214305,2.8991326086384603,27.1146507577858
Lori,2020-12-01,2020,12,21.56666666666688,0.2,78.43333333333312,212628.4166666666,759.7500000000057,949.4166666666745,659.0000000000064,23.916666666666742,1959.2500000000134,326.91666666666583,252.50000000000136,17.083333333333258,1034.333333333333,582.8333333333389,22542.833333333598,6.0833333333332575,529.4999999999995,40.0,921.4663642928582,357.32328365779364,2.8608926688365512,27.411845857238855
Lori,2021-01-01,2021,1,21.8,0.2,78.2,212566.0,766.0,958.0,666.0,24.0,1974.0,326.0,254.0,17.0,1034.0,589.0,22835.0,6.0,529.0,40.0,928.6527478524316,360.358665073436,2.8226527290347465,27.7090409566911
Lori,2021-02-01,2021,2,21.533333333333577,0.2,78.46666666666643,212491.91666666674,759.5000000000059,993.8333333333007,678.9999999999882,27.166666666663787,2027.2499999999516,327.24999999999886,253.50000000000045,17.0,1032.7500000000011,578.7500000000093,22680.250000000142,6.0,529.9999999999991,40.0,954.1340126618591,357.4140682164546,2.823640609262684,27.234510318585084
Lori,2021-03-01,2021,3,21.266666666666424,0.2,78.73333333333358,212417.83333333326,752.9999999999941,1029.6666666666993,692.0000000000118,30.333333333336213,2080.500000000048,328.50000000000114,252.99999999999955,17.0,1031.4999999999989,568.4999999999907,22525.499999999858,6.0,531.0000000000009,40.0,979.615277471356,354.4694713594652,2.824628489490624,26.759979680477773
Lori,2021-04-01,2021,4,21.0,0.2,79.0,212343.75,746.5,1065.5,705.0,33.5,2133.75,329.75,252.5,17.0,1030.25,558.25,22370.75,6.0,532.0,40.0,1005.0965422807833,351.5248745024839,2.8256163697185617,26.28544904237176
Lori,2021-05-01,2021,5,20.733333333333576,0.2,79.26666666666642,212269.66666666674,740.0000000000059,1101.3333333333007,717.9999999999882,36.66666666666379,2186.999999999952,330.99999999999886,252.00000000000045,17.0,1029.0000000000011,548.0000000000093,22216.000000000142,6.0,532.9999999999991,40.0,1030.5778070902106,348.5802776455025,2.8266042499464996,25.810918404265742
Lori,2021-06-01,2021,6,20.466666666666427,0.2,79.53333333333357,212195.58333333326,733.4999999999941,1137.1666666666993,731.0000000000118,39.83333333333621,2240.250000000048,332.25000000000114,251.49999999999955,17.0,1027.7499999999989,537.7499999999907,22061.249999999858,6.0,534.0000000000009,40.0,1056.0590718997075,345.6356807885131,2.8275921301744398,25.33638776615843
Lori,2021-07-01,2021,7,20.200000000000003,0.2,79.80000000000001,212121.5,727.0,1173.0,744.0,43.0,2293.5,333.5,251.0,17.0,1026.5,527.5,21906.5,6.0,535.0,40.0,1081.540336709135,342.6910839315318,2.8285800104023773,24.861857128052414
Lori,2021-08-01,2021,8,19.93333333333358,0.2,80.06666666666644,212047.41666666674,720.5000000000059,1208.8333333333007,756.9999999999882,46.16666666666379,2346.749999999952,334.74999999999886,250.50000000000045,17.0,1025.2500000000011,517.2500000000093,21751.750000000142,6.0,535.9999999999991,40.0,1107.0216015185624,339.74648707455043,2.8295678906303148,24.3873264899464
Lori,2021-09-01,2021,9,19.666666666666426,0.2,80.33333333333358,211973.33333333326,713.9999999999941,1244.6666666666993,770.0000000000118,49.33333333333621,2400.000000000048,336.00000000000114,249.99999999999955,17.0,1023.9999999999989,506.9999999999907,21596.999999999858,6.0,537.0000000000009,40.0,1132.5028663280593,336.80189021756104,2.830555770858255,23.91279585183909
Lori,2021-10-01,2021,10,19.400000000000002,0.2,80.60000000000001,211899.25,707.5,1280.5,783.0,52.5,2453.25,337.25,249.5,17.0,1022.75,496.75,21442.25,6.0,538.0,40.0,1157.9841311374867,333.85729336057966,2.831543651086193,23.43826521373307
Lori,2021-11-01,2021,11,19.133333333333578,0.2,80.86666666666643,211825.16666666674,701.0000000000059,1316.3333333333007,795.9999999999882,55.66666666666379,2506.499999999952,338.49999999999886,249.00000000000045,17.0,1021.5000000000011,486.5000000000093,21287.500000000142,6.0,538.9999999999991,40.0,1183.4653959469142,330.91269650359834,2.8325315313141304,22.963734575627058
Lori,2021-12-01,2021,12,18.866666666666426,0.2,81.13333333333358,211751.08333333326,694.4999999999941,1352.1666666666993,809.0000000000118,58.83333333333621,2559.750000000048,339.75000000000114,248.49999999999955,17.0,1020.2499999999989,476.2499999999907,21132.749999999858,6.0,540.0000000000009,40.0,1208.9466607564111,327.96809964660895,2.8335194115420705,22.489203937519747
Lori,2022-01-01,2022,1,18.6,0.2,81.4,211677.0,688.0,1388.0,822.0,62.0,2613.0,341.0,248.0,17.0,1019.0,466.0,20978.0,6.0,541.0,40.0,1234.4279255658384,325.02350278962757,2.834507291770008,22.01467329941373
Lori,2022-02-01,2022,2,18.6,0.2,81.4,211677.0,688.0,1388.0,822.0,62.0,2613.0,341.0,248.0,17.0,1019.0,466.0,20978.0,6.0,541.0,40.0,1234.4279255658384,325.02350278962757,2.834507291770008,22.01467329941373
Lori,2022-03-01,2022,3,18.6,0.2,81.4,211677.0,688.0,1388.0,822.0,62.0,2613.0,341.0,248.0,17.0,1019.0,466.0,20978.0,6.0,541.0,40.0,1234.4279255658384,325.02350278962757,2.834507291770008,22.01467329941373
Lori,2022-04-01,2022,4,18.6,0.2,81.4,211677.0,688.0,1388.0,822.0,62.0,2613.0,341.0,248.0,17.0,1019.0,466.0,20978.0,6.0,541.0,40.0,1234.4279255658384,325.02350278962757,2.834507291770008,22.01467329941373
Lori,2022-05-01,2022,5,18.6,0.2,81.4,211677.0,688.0,1388.0,822.0,62.0,2613.0,341.0,248.0,17.0,1019.0,466.0,20978.0,6.0,541.0,40.0,1234.4279255658384,325.02350278962757,2.834507291770008,22.01467329941373
Lori,2022-06-01,2022,6,18.6,0.2,81.4,211677.0,688.0,1388.0,822.0,62.0,2613.0,341.0,248.0,17.0,1019.0,466.0,20978.0,6.0,541.0,40.0,1234.4279255658384,325.02350278962757,2.834507291770008,22.01467329941373
Lori,2022-07-01,2022,7,18.6,0.2,81.4,211677.0,688.0,1388.0,822.0,62.0,2613.0,341.0,248.0,17.0,1019.0,466.0,20978.0,6.0,541.0,40.0,1234.4279255658384,325.02350278962757,2.834507291770008,22.01467329941373
Lori,2022-08-01,2022,8,18.6,0.2,81.4,211677.0,688.0,1388.0,822.0,62.0,2613.0,341.0,248.0,17.0,1019.0,466.0,20978.0,6.0,541.0,40.0,1234.4279255658384,325.02350278962757,2.834507291770008,22.01467329941373
Lori,2022-09-01,2022,9,18.6,0.2,81.4,211677.0,688.0,1388.0,822.0,62.0,2613.0,341.0,248.0,17.0,1019.0,466.0,20978.0,6.0,541.0,40.0,1234.4279255658384,325.02350278962757,2.834507291770008,22.01467329941373
Lori,2022-10-01,2022,10,18.6,0.2,81.4,211677.0,688.0,1388.0,822.0,62.0,2613.0,341.0,248.0,17.0,1019.0,466.0,20978.0,6.0,541.0,40.0,1234.4279255658384,325.02350278962757,2.834507291770008,22.01467329941373
Lori,2022-11-01,2022,11,18.6,0.2,81.4,211677.0,688.0,1388.0,822.0,62.0,2613.0,341.0,248.0,17.0,1019.0,466.0,20978.0,6.0,541.0,40.0,1234.4279255658384,325.02350278962757,2.834507291770008,22.01467329941373
Lori,2022-12-01,2022,12,18.6,0.2,81.4,211677.0,688.0,1388.0,822.0,62.0,2613.0,341.0,248.0,17.0,1019.0,466.0,20978.0,6.0,541.0,40.0,1234.4279255658384,325.02350278962757,2.834507291770008,22.01467329941373
Shirak,2016-01-01,2016,1,45.5,3.7,54.5,243152.0,285.0,555.0,357.0,13.0,1087.0,162.0,177.0,12.0,1401.0,865.0,20917.0,16.0,543.0,32.0,447.04546950055936,117.21063367769956,6.580246101204184,35.57445548463512
Shirak,2016-02-01,2016,2,45.40000000000009,3.7833333333332577,54.59999999999991,242829.16666666695,288.83333333332985,567.1666666666556,364.16666666666015,12.833333333333485,1107.416666666648,163.24999999999886,176.25000000000068,12.0,1393.916666666673,863.3333333333348,20826.000000000084,16.0,542.2500000000007,32.0,456.1812356208676,118.97081569570888,6.589124154276358,35.55279847220172
Shirak,2016-03-01,2016,3,45.29999999999991,3.8666666666667426,54.70000000000009,242506.33333333305,292.66666666667015,579.3333333333444,371.33333333333985,12.666666666666515,1127.833333333352,164.50000000000114,175.49999999999932,12.0,1386.833333333327,861.6666666666652,20734.999999999916,16.0,541.4999999999993,32.0,465.3170017412007,120.73099771372301,6.598002207348555,35.531141459768264
Shirak,2016-04-01,2016,4,45.2,3.95,54.8,242183.5,296.5,591.5,378.5,12.5,1148.25,165.75,174.75,12.0,1379.75,860.0,20644.0,16.0,540.75,32.0,474.4527678615089,122.49117973173233,6.606880260420729,35.50948444733487
Shirak,2016-05-01,2016,5,45.10000000000009,4.033333333333258,54.89999999999991,241860.66666666695,300.33333333332985,603.6666666666556,385.66666666666015,12.333333333333485,1168.666666666648,166.99999999999886,174.00000000000068,12.0,1372.666666666673,858.3333333333348,20553.000000000084,16.0,540.0000000000007,32.0,483.58853398181714,124.25136174974165,6.615758313492902,35.48782743490147
Shirak,2016-06-01,2016,6,44.99999999999991,4.116666666666743,55.00000000000009,241537.83333333305,304.16666666667015,615.8333333333444,392.83333333333985,12.166666666666515,1189.083333333352,168.25000000000114,173.24999999999932,12.0,1365.583333333327,856.6666666666652,20461.999999999916,16.0,539.2499999999993,32.0,492.72430010215027,126.01154376775577,6.6246363665651,35.46617042246801
Shirak,2016-07-01,2016,7,44.9,4.2,55.1,241215.0,308.0,628.0,400.0,12.0,1209.5,169.5,172.5,12.0,1358.5,855.0,20371.0,16.0,538.5,32.0,501.8600662224585,127.77172578576508,6.633514419637273,35.44451341003461
Shirak,2016-08-01,2016,8,44.80000000000009,4.283333333333258,55.19999999999991,240892.16666666695,311.83333333332985,640.1666666666556,407.16666666666015,11.833333333333485,1229.916666666648,170.74999999999886,171.75000000000068,12.0,1351.416666666673,853.3333333333348,20280.000000000084,16.0,537.7500000000007,32.0,510.9958323427667,129.5319078037744,6.642392472709447,35.42285639760121
Shirak,2016-09-01,2016,9,44.69999999999991,4.366666666666743,55.30000000000009,240569.33333333305,315.66666666667015,652.3333333333444,414.33333333333985,11.666666666666515,1250.333333333352,172.00000000000114,170.99999999999932,12.0,1344.333333333327,851.6666666666652,20188.999999999916,16.0,536.9999999999993,32.0,520.1315984630999,131.29208982178852,6.651270525781644,35.40119938516775
Shirak,2016-10-01,2016,10,44.599999999999994,4.45,55.400000000000006,240246.5,319.5,664.5,421.5,11.5,1270.75,173.25,170.25,12.0,1337.25,850.0,20098.0,16.0,536.25,32.0,529.267364583408,133.05227183979787,6.660148578853818,35.37954237273435
Shirak,2016-11-01,2016,11,44.500000000000085,4.533333333333258,55.499999999999915,239923.66666666695,323.33333333332985,676.6666666666556,428.66666666666015,11.333333333333485,1291.166666666648,174.49999999999886,169.50000000000068,12.0,1330.166666666673,848.3333333333348,20007.000000000084,16.0,535.5000000000007,32.0,538.4031307037162,134.81245385780718,6.669026631925991,35.357885360300955
Shirak,2016-12-01,2016,12,44.399999999999906,4.616666666666743,55.600000000000094,239600.83333333305,327.16666666667015,688.8333333333444,435.83333333333985,11.166666666666515,1311.583333333352,175.75000000000114,168.74999999999932,12.0,1323.083333333327,846.6666666666652,19915.999999999916,16.0,534.7499999999993,32.0,547.5388968240494,136.5726358758213,6.677904684998189,35.3362283478675
Shirak,2017-01-01,2017,1,44.3,4.7,55.7,239278.0,331.0,701.0,443.0,11.0,1332.0,177.0,168.0,12.0,1316.0,845.0,19825.0,16.0,534.0,32.0,556.6746629443576,138.33281789383062,6.686782738070362,35.314571335434096
Shirak,2017-02-01,2017,2,44.125000000000156,4.525000000000159,55.874999999999844,238953.16666666695,330.4166666666672,693.6666666666733,445.66666666666424,11.166666666666515,1330.083333333335,179.58333333333098,167.5833333333337,12.0,1315.000000000001,843.7500000000011,19868.49999999996,15.916666666666742,538.1666666666629,32.0,556.6286089876908,138.27589622254388,6.660607007731147,35.310201167714354
Shirak,2017-03-01,2017,3,43.94999999999984,4.349999999999841,56.05000000000016,238628.33333333305,329.8333333333328,686.3333333333267,448.33333333333576,11.333333333333485,1328.166666666665,182.16666666666902,167.1666666666663,12.0,1313.999999999999,842.4999999999989,19912.00000000004,15.833333333333258,542.3333333333371,32.0,556.5825550310238,138.21897455125696,6.63443127739186,35.305830999994605
Shirak,2017-04-01,2017,4,43.775,4.175,56.225,238303.5,329.25,679.0,451.0,11.5,1326.25,184.75,166.75,12.0,1313.0,841.25,19955.5,15.75,546.5,32.0,556.536501074357,138.16205287997022,6.608255547052645,35.30146083227487
Shirak,2017-05-01,2017,5,43.60000000000016,4.000000000000159,56.39999999999984,237978.66666666695,328.6666666666672,671.6666666666733,453.66666666666424,11.666666666666515,1324.333333333335,187.33333333333098,166.3333333333337,12.0,1312.000000000001,840.0000000000011,19998.99999999996,15.666666666666742,550.6666666666629,32.0,556.4904471176902,138.10513120868345,6.582079816713429,35.29709066455513
Shirak,2017-06-01,2017,6,43.42499999999984,3.824999999999841,56.57500000000016,237653.83333333305,328.0833333333328,664.3333333333267,456.33333333333576,11.833333333333485,1322.416666666665,189.91666666666902,165.9166666666663,12.0,1310.999999999999,838.7499999999989,20042.50000000004,15.583333333333258,554.8333333333371,32.0,556.4443931610233,138.04820953739656,6.555904086374142,35.29272049683538
Shirak,2017-07-01,2017,7,43.25,3.6500000000000004,56.75,237329.0,327.5,657.0,459.0,12.0,1320.5,192.5,165.5,12.0,1310.0,837.5,20086.0,15.5,559.0,32.0,556.3983392043565,137.99128786610981,6.529728356034926,35.28835032911564
Shirak,2017-08-01,2017,8,43.07500000000016,3.4750000000001595,56.92499999999984,237004.16666666695,326.9166666666672,649.6666666666733,461.66666666666424,12.166666666666515,1318.583333333335,195.08333333333098,165.0833333333337,12.0,1309.000000000001,836.2500000000011,20129.49999999996,15.416666666666742,563.1666666666629,32.0,556.3522852476898,137.93436619482304,6.503552625695711,35.283980161395895
Shirak,2017-09-01,2017,9,42.89999999999984,3.299999999999841,57.10000000000016,236679.33333333305,326.3333333333328,642.3333333333267,464.33333333333576,12.333333333333485,1316.666666666665,197.66666666666902,164.6666666666663,12.0,1307.999999999999,834.9999999999989,20173.00000000004,15.333333333333258,567.3333333333371,32.0,556.3062312910229,137.87744452353616,6.477376895356424,35.27960999367615
Shirak,2017-10-01,2017,10,42.725,3.125,57.275,236354.5,325.75,635.0,467.0,12.5,1314.75,200.25,164.25,12.0,1307.0,833.75,20216.5,15.25,571.5,32.0,556.2601773343561,137.82052285224938,6.451201165017208,35.275239825956405
Shirak,2017-11-01,2017,11,42.55000000000016,2.950000000000159,57.44999999999984,236029.66666666695,325.1666666666672,627.6666666666733,469.66666666666424,12.666666666666515,1312.833333333335,202.83333333333098,163.8333333333337,12.0,1306.000000000001,832.5000000000011,20259.99999999996,15.166666666666742,575.6666666666629,32.0,556.2141233776892,137.76360118096264,6.425025434677993,35.27086965823667
Shirak,2017-12-01,2017,12,42.374999999999844,2.774999999999841,57.625000000000156,235704.83333333305,324.5833333333328,620.3333333333267,472.33333333333576,12.833333333333485,1310.916666666665,205.41666666666902,163.4166666666663,12.0,1304.999999999999,831.2499999999989,20303.50000000004,15.083333333333258,579.8333333333371,32.0,556.1680694210223,137.70667950967572,6.398849704338706,35.26649949051692
Shirak,2018-01-01,2018,1,42.2,2.6,57.8,235380.0,324.0,613.0,475.0,13.0,1309.0,208.0,163.0,12.0,1304.0,830.0,20347.0,15.0,584.0,32.0,556.1220154643555,137.64975783838898,6.372673973999491,35.26212932279718
Shirak,2018-02-01,2018,2,42.7166666666662,2.5250000000000683,57.2833333333338,235202.0833333335,326.99999999999727,614.3333333333321,480.833333333328,13.249999999999773,1318.3333333333248,209.91666666666492,163.16666666666652,12.0,1301.5000000000023,829.2500000000007,20444.916666666577,15.0,583.5000000000005,32.0,560.5477339517133,139.0409567326066,6.377534978141943,35.25687184893357
Shirak,2018-03-01,2018,3,43.2333333333338,2.449999999999932,56.7666666666662,235024.1666666665,330.00000000000273,615.6666666666679,486.666666666672,13.500000000000227,1327.6666666666752,211.83333333333508,163.33333333333348,12.0,1298.9999999999977,828.4999999999993,20542.833333333423,15.0,582.9999999999995,32.0,564.9734524390831,140.43215562682798,6.382395982284409,35.25161437506994
Shirak,2018-04-01,2018,4,43.75,2.375,56.25,234846.25,333.0,617.0,492.5,13.75,1337.0,213.75,163.5,12.0,1296.5,827.75,20640.75,15.0,582.5,32.0,569.3991709264409,141.8233545210456,6.387256986426862,35.24635690120633
Shirak,2018-05-01,2018,5,44.2666666666662,2.300000000000068,55.7333333333338,234668.3333333335,335.99999999999727,618.3333333333321,498.333333333328,13.999999999999773,1346.3333333333248,215.66666666666492,163.66666666666652,12.0,1294.0000000000023,827.0000000000007,20738.666666666577,15.0,582.0000000000005,32.0,573.8248894137987,143.2145534152632,6.392117990569314,35.24109942734272
Shirak,2018-06-01,2018,6,44.78333333333381,2.2249999999999317,55.21666666666619,234490.4166666665,339.00000000000273,619.6666666666679,504.166666666672,14.250000000000227,1355.6666666666752,217.58333333333508,163.83333333333348,12.0,1291.4999999999977,826.2499999999993,20836.583333333423,15.0,581.4999999999995,32.0,578.2506079011685,144.6057523094846,6.39697899471178,35.235841953479095
Shirak,2018-07-01,2018,7,45.3,2.15,54.7,234312.5,342.0,621.0,510.0,14.5,1365.0,219.5,164.0,12.0,1289.0,825.5,20934.5,15.0,581.0,32.0,582.6763263885263,145.9969512037022,6.401839998854233,35.23058447961549
Shirak,2018-08-01,2018,8,45.816666666666194,2.075000000000068,54.183333333333806,234134.5833333335,344.99999999999727,622.3333333333321,515.833333333328,14.749999999999773,1374.3333333333248,221.41666666666492,164.16666666666652,12.0,1286.5000000000023,824.7500000000007,21032.416666666577,15.0,580.5000000000005,32.0,587.1020448758841,147.3881500979198,6.4067010029966855,35.22532700575187
Shirak,2018-09-01,2018,9,46.333333333333805,1.9999999999999318,53.666666666666195,233956.6666666665,348.00000000000273,623.6666666666679,521.666666666672,15.000000000000227,1383.6666666666752,223.33333333333508,164.33333333333348,12.0,1283.9999999999977,823.9999999999993,21130.333333333423,15.0,579.9999999999995,32.0,591.5277633632538,148.7793489921412,6.4115620071391515,35.22006953188825
Shirak,2018-10-01,2018,10,46.85,1.925,53.15,233778.75,351.0,625.0,527.5,15.25,1393.0,225.25,164.5,12.0,1281.5,823.25,21228.25,15.0,579.5,32.0,595.9534818506116,150.1705478863588,6.416423011281604,35.214812058024634
Shirak,2018-11-01,2018,11,47.3666666666662,1.850000000000068,52.6333333333338,233600.8333333335,353.99999999999727,626.3333333333321,533.333333333328,15.499999999999773,1402.3333333333248,227.16666666666492,164.66666666666652,12.0,1279.0000000000023,822.5000000000007,21326.166666666577,15.0,579.0000000000005,32.0,600.3792003379695,151.5617467805764,6.421284015424057,35.209554584161026
Shirak,2018-12-01,2018,12,47.8833333333338,1.7749999999999317,52.1166666666662,233422.9166666665,357.00000000000273,627.6666666666679,539.166666666672,15.750000000000227,1411.6666666666752,229.08333333333508,164.83333333333348,12.0,1276.4999999999977,821.7499999999993,21424.083333333423,15.0,578.4999999999995,32.0,604.8049188253392,152.9529456747978,6.426145019566523,35.2042971102974
Shirak,2019-01-01,2019,1,48.4,1.7,51.6,233245.0,360.0,629.0,545.0,16.0,1421.0,231.0,165.0,12.0,1274.0,821.0,21522.0,15.0,578.0,32.0,609.230637312697,154.3441445690154,6.431006023708975,35.19903963643379
Shirak,2019-02-01,2019,2,47.94166666666708,1.7416666666666287,52.05833333333292,233088.3333333335,357.5000000000023,624.8333333333371,535.1666666666756,16.33333333333303,1407.5000000000123,231.16666666666652,163.58333333333462,12.0,1272.7500000000011,822.6666666666652,21339.16666666683,15.0,576.2500000000016,32.0,603.8082360557227,153.36811354725046,6.4353607198689255,35.29491058872283
Shirak,2019-03-01,2019,3,47.483333333332915,1.7833333333333712,52.516666666667085,232931.6666666665,354.9999999999977,620.6666666666629,525.3333333333244,16.66666666666697,1393.9999999999877,231.33333333333348,162.16666666666538,12.0,1271.4999999999989,824.3333333333348,21156.33333333317,15.0,574.4999999999984,32.0,598.3858347987335,152.39208252548283,6.439715416028887,35.39078154101214
Shirak,2019-04-01,2019,4,47.025,1.825,52.975,232775.0,352.5,616.5,515.5,17.0,1380.5,231.5,160.75,12.0,1270.25,826.0,20973.5,15.0,572.75,32.0,592.9634335417592,151.41605150371788,6.444070112188837,35.48665249330118
Shirak,2019-05-01,2019,5,46.56666666666708,1.8666666666666287,53.43333333333292,232618.3333333335,350.0000000000023,612.3333333333371,505.6666666666756,17.33333333333303,1367.0000000000123,231.66666666666652,159.33333333333462,12.0,1269.0000000000011,827.6666666666652,20790.66666666683,15.0,571.0000000000016,32.0,587.5410322847848,150.44002048195293,6.448424808348787,35.582523445590226
Shirak,2019-06-01,2019,6,46.108333333332915,1.9083333333333712,53.891666666667085,232461.6666666665,347.4999999999977,608.1666666666629,495.8333333333244,17.66666666666697,1353.4999999999877,231.83333333333348,157.91666666666538,12.0,1267.7499999999989,829.3333333333348,20607.83333333317,15.0,569.2499999999984,32.0,582.1186310277957,149.4639894601853,6.452779504508749,35.67839439787953
Shirak,2019-07-01,2019,7,45.65,1.9500000000000002,54.35,232305.0,345.0,604.0,486.0,18.0,1340.0,232.0,156.5,12.0,1266.5,831.0,20425.0,15.0,567.5,32.0,576.6962297708213,148.48795843842035,6.457134200668699,35.77426535016858
Shirak,2019-08-01,2019,8,45.19166666666708,1.991666666666629,54.80833333333292,232148.3333333335,342.5000000000023,599.8333333333371,476.1666666666756,18.33333333333303,1326.5000000000123,232.16666666666652,155.08333333333462,12.0,1265.2500000000011,832.6666666666652,20242.16666666683,15.0,565.7500000000016,32.0,571.273828513847,147.5119274166554,6.461488896828649,35.87013630245762
Shirak,2019-09-01,2019,9,44.733333333332915,2.0333333333333714,55.266666666667085,231991.6666666665,339.9999999999977,595.6666666666629,466.3333333333244,18.66666666666697,1312.9999999999877,232.33333333333348,153.66666666666538,12.0,1263.9999999999989,834.3333333333348,20059.33333333317,15.0,563.9999999999984,32.0,565.8514272568578,146.53589639488777,6.465843592988611,35.96600725474692
Shirak,2019-10-01,2019,10,44.275,2.075,55.725,231835.0,337.5,591.5,456.5,19.0,1299.5,232.5,152.25,12.0,1262.75,836.0,19876.5,15.0,562.25,32.0,560.4290259998835,145.55986537312282,6.470198289148561,36.06187820703597
Shirak,2019-11-01,2019,11,43.81666666666708,2.116666666666629,56.18333333333292,231678.3333333335,335.0000000000023,587.3333333333371,446.6666666666756,19.33333333333303,1286.0000000000123,232.66666666666652,150.83333333333462,12.0,1261.5000000000011,837.6666666666652,19693.66666666683,15.0,560.5000000000016,32.0,555.0066247429091,144.58383435135786,6.47455298530851,36.15774915932501
Shirak,2019-12-01,2019,12,43.358333333332915,2.1583333333333714,56.641666666667085,231521.6666666665,332.4999999999977,583.1666666666629,436.8333333333244,19.66666666666697,1272.4999999999877,232.83333333333348,149.41666666666538,12.0,1260.2499999999989,839.3333333333348,19510.83333333317,15.0,558.7499999999984,32.0,549.58422348592,143.60780332959024,6.478907681468472,36.25362011161432
Shirak,2020-01-01,2020,1,42.9,2.2,57.1,231365.0,330.0,579.0,427.0,20.0,1259.0,233.0,148.0,12.0,1259.0,841.0,19328.0,15.0,557.0,32.0,544.1618222289457,142.6317723078253,6.483262377628423,36.34949106390336
Shirak,2020-02-01,2020,2,43.23333333333303,2.274999999999932,56.76666666666697,231331.50000000003,327.00000000000273,586.3333333333267,429.41666666666447,19.166666666667425,1264.4166666666617,229.50000000000318,149.33333333333212,12.0,1254.8333333333371,834.0000000000064,19463.83333333321,14.750000000000227,557.6666666666661,32.0,546.5860031051502,141.35355096662596,6.375960295864993,36.051684523248376
Shirak,2020-03-01,2020,3,43.56666666666697,2.3500000000000685,56.43333333333303,231297.99999999997,323.99999999999727,593.6666666666733,431.83333333333553,18.333333333332575,1269.8333333333383,225.99999999999682,150.66666666666788,12.0,1250.6666666666629,826.9999999999936,19599.66666666679,14.499999999999773,558.3333333333339,32.0,549.0101839813614,140.07532962542317,6.268658214101271,35.75387798259258
Shirak,2020-04-01,2020,4,43.9,2.4250000000000003,56.1,231264.5,321.0,601.0,434.25,17.5,1275.25,222.5,152.0,12.0,1246.5,820.0,19735.5,14.25,559.0,32.0,551.4343648575658,138.79710828422384,6.161356132337842,35.456071441937596
Shirak,2020-05-01,2020,5,44.23333333333303,2.499999999999932,55.76666666666697,231231.00000000003,318.00000000000273,608.3333333333267,436.66666666666447,16.666666666667425,1280.6666666666617,219.00000000000318,153.33333333333212,12.0,1242.3333333333371,813.0000000000064,19871.33333333321,14.000000000000227,559.6666666666661,32.0,553.8585457337704,137.5188869430245,6.054054050574413,35.158264901282614
Shirak,2020-06-01,2020,6,44.56666666666697,2.5750000000000686,55.43333333333303,231197.49999999997,314.99999999999727,615.6666666666733,439.08333333333553,15.833333333332575,1286.0833333333383,215.49999999999682,154.66666666666788,12.0,1238.1666666666629,805.9999999999936,20007.16666666679,13.749999999999773,560.3333333333339,32.0,556.2827266099815,136.24066560182172,5.946751968810691,34.86045836062682
Shirak,2020-07-01,2020,7,44.9,2.6500000000000004,55.1,231164.0,312.0,623.0,441.5,15.0,1291.5,212.0,156.0,12.0,1234.0,799.0,20143.0,13.5,561.0,32.0,558.7069074861861,134.9624442606224,5.8394498870472615,34.56265181997183
Shirak,2020-08-01,2020,8,45.23333333333303,2.724999999999932,54.76666666666697,231130.50000000003,309.00000000000273,630.3333333333267,443.91666666666447,14.166666666667425,1296.9166666666617,208.50000000000318,157.33333333333212,12.0,1229.8333333333371,792.0000000000064,20278.83333333321,13.250000000000227,561.6666666666661,32.0,561.1310883623905,133.68422291942306,5.732147805283832,34.26484527931685
Shirak,2020-09-01,2020,9,45.56666666666697,2.800000000000068,54.43333333333303,231096.99999999997,305.99999999999727,637.6666666666733,446.33333333333553,13.333333333332575,1302.3333333333383,204.99999999999682,158.66666666666788,12.0,1225.6666666666629,784.9999999999936,20414.66666666679,12.999999999999773,562.3333333333339,32.0,563.5552692386017,132.40600157822024,5.62484572352011,33.96703873866106
Shirak,2020-10-01,2020,10,45.9,2.875,54.1,231063.5,303.0,645.0,448.75,12.5,1307.75,201.5,160.0,12.0,1221.5,778.0,20550.5,12.75,563.0,32.0,565.9794501148062,131.12778023702094,5.517543641756681,33.66923219800608
Shirak,2020-11-01,2020,11,46.23333333333303,2.949999999999932,53.76666666666697,231030.00000000003,300.00000000000273,652.3333333333267,451.16666666666447,11.666666666667425,1313.1666666666617,198.00000000000318,161.33333333333212,12.0,1217.3333333333371,771.0000000000064,20686.33333333321,12.500000000000227,563.6666666666661,32.0,568.4036309910107,129.84955889582162,5.410241559993252,33.3714256573511
Shirak,2020-12-01,2020,12,46.56666666666697,3.0250000000000683,53.43333333333303,230996.49999999997,296.99999999999727,659.6666666666733,453.58333333333553,10.833333333332575,1318.5833333333383,194.49999999999682,162.66666666666788,12.0,1213.1666666666629,763.9999999999936,20822.16666666679,12.249999999999773,564.3333333333339,32.0,570.8278118672218,128.5713375546188,5.302939478229529,33.0736191166953
Shirak,2021-01-01,2021,1,46.9,3.1,53.1,230963.0,294.0,667.0,456.0,10.0,1324.0,191.0,164.0,12.0,1209.0,757.0,20958.0,12.0,565.0,32.0,573.2519927434264,127.29311621341948,5.1956373964661005,32.775812576040316
Shirak,2021-02-01,2021,2,46.458333333333734,3.1,53.541666666666266,230911.08333333337,301.0833333333269,688.4166666666472,462.4999999999941,12.083333333331439,1359.6666666666342,196.6666666666615,163.66666666666697,12.0,1212.3333333333303,756.666666666667,20942.66666666668,11.916666666666742,566.0833333333323,32.08333333333326,588.8655553000239,130.39697124344508,5.160630045773678,32.76872860279602
Shirak,2021-03-01,2021,3,46.01666666666626,3.1,53.98333333333374,230859.16666666663,308.1666666666731,709.8333333333528,469.0000000000059,14.166666666668561,1395.3333333333658,202.3333333333385,163.33333333333303,12.0,1215.6666666666697,756.333333333333,20927.33333333332,11.833333333333258,567.1666666666677,32.16666666666674,604.479117856664,133.50082627347913,5.125622695081158,32.7616446295517
Shirak,2021-04-01,2021,4,45.575,3.1,54.425,230807.25,315.25,731.25,475.5,16.25,1431.0,208.0,163.0,12.0,1219.0,756.0,20912.0,11.75,568.25,32.25,620.0926804132614,136.60468130350475,5.090615344388735,32.75456065630739
Shirak,2021-05-01,2021,5,45.13333333333374,3.1,54.86666666666626,230755.33333333337,322.3333333333269,752.6666666666472,481.9999999999941,18.33333333333144,1466.6666666666342,213.6666666666615,162.66666666666697,12.0,1222.3333333333303,755.666666666667,20896.66666666668,11.666666666666742,569.3333333333323,32.33333333333326,635.7062429698589,139.70853633353033,5.055607993696311,32.74747668306309
Shirak,2021-06-01,2021,6,44.691666666666265,3.1,55.308333333333735,230703.41666666663,329.4166666666731,774.0833333333528,488.5000000000059,20.41666666666856,1502.3333333333658,219.3333333333385,162.33333333333303,12.0,1225.6666666666697,755.333333333333,20881.33333333332,11.583333333333258,570.4166666666677,32.41666666666674,651.3198055264988,142.8123913635644,5.020600643003792,32.74039270981877
Shirak,2021-07-01,2021,7,44.25,3.1,55.75,230651.5,336.5,795.5,495.0,22.5,1538.0,225.0,162.0,12.0,1229.0,755.0,20866.0,11.5,571.5,32.5,666.9333680830964,145.91624639359,4.9855932923113695,32.73330873657447
Shirak,2021-08-01,2021,8,43.808333333333735,3.1,56.191666666666265,230599.58333333337,343.5833333333269,816.9166666666472,501.4999999999941,24.58333333333144,1573.6666666666342,230.6666666666615,161.66666666666697,12.0,1232.3333333333303,754.666666666667,20850.66666666668,11.416666666666742,572.5833333333323,32.58333333333326,682.5469306396938,149.02010142361559,4.950585941618947,32.726224763330166
Shirak,2021-09-01,2021,9,43.36666666666626,3.1,56.63333333333374,230547.66666666663,350.6666666666731,838.3333333333528,508.0000000000059,26.66666666666856,1609.3333333333658,236.3333333333385,161.33333333333303,12.0,1235.6666666666697,754.333333333333,20835.33333333332,11.333333333333258,573.6666666666677,32.66666666666674,698.1604931963338,152.12395645364967,4.915578590926428,32.719140790085845
Shirak,2021-10-01,2021,10,42.925,3.1,57.075,230495.75,357.75,859.75,514.5,28.75,1645.0,242.0,161.0,12.0,1239.0,754.0,20820.0,11.25,574.75,32.75,713.7740557529313,155.22781148367525,4.880571240234004,32.712056816841546
Shirak,2021-11-01,2021,11,42.48333333333373,3.1,57.51666666666627,230443.83333333337,364.8333333333269,881.1666666666472,520.9999999999941,30.83333333333144,1680.6666666666342,247.6666666666615,160.66666666666697,12.0,1242.3333333333303,753.666666666667,20804.66666666668,11.166666666666742,575.8333333333323,32.83333333333326,729.3876183095288,158.33166651370084,4.84556388954158,32.70497284359724
Shirak,2021-12-01,2021,12,42.041666666666266,3.1,57.958333333333734,230391.91666666663,371.9166666666731,902.5833333333528,527.5000000000059,32.91666666666856,1716.3333333333658,253.3333333333385,160.33333333333303,12.0,1245.6666666666697,753.333333333333,20789.33333333332,11.083333333333258,576.9166666666677,32.91666666666674,745.0011808661689,161.43552154373492,4.810556538849061,32.69788887035292
Shirak,2022-01-01,2022,1,41.6,3.1,58.4,230340.0,379.0,924.0,534.0,35.0,1752.0,259.0,160.0,12.0,1249.0,753.0,20774.0,11.0,578.0,33.0,760.6147434227663,164.5393765737605,4.7755491881566385,32.69080489710862
Shirak,2022-02-01,2022,2,41.6,3.1,58.4,230340.0,379.0,924.0,534.0,35.0,1752.0,259.0,160.0,12.0,1249.0,753.0,20774.0,11.0,578.0,33.0,760.6147434227663,164.5393765737605,4.7755491881566385,32.69080489710862
Shirak,2022-03-01,2022,3,41.6,3.1,58.4,230340.0,379.0,924.0,534.0,35.0,1752.0,259.0,160.0,12.0,1249.0,753.0,20774.0,11.0,578.0,33.0,760.6147434227663,164.5393765737605,4.7755491881566385,32.69080489710862
Shirak,2022-04-01,2022,4,41.6,3.1,58.4,230340.0,379.0,924.0,534.0,35.0,1752.0,259.0,160.0,12.0,1249.0,753.0,20774.0,11.0,578.0,33.0,760.6147434227663,164.5393765737605,4.7755491881566385,32.69080489710862
Shirak,2022-05-01,2022,5,41.6,3.1,58.4,230340.0,379.0,924.0,534.0,35.0,1752.0,259.0,160.0,12.0,1249.0,753.0,20774.0,11.0,578.0,33.0,760.6147434227663,164.5393765737605,4.7755491881566385,32.69080489710862
Shirak,2022-06-01,2022,6,41.6,3.1,58.4,230340.0,379.0,924.0,534.0,35.0,1752.0,259.0,160.0,12.0,1249.0,753.0,20774.0,11.0,578.0,33.0,760.6147434227663,164.5393765737605,4.7755491881566385,32.69080489710862
Shirak,2022-07-01,2022,7,41.6,3.1,58.4,230340.0,379.0,924.0,534.0,35.0,1752.0,259.0,160.0,12.0,1249.0,753.0,20774.0,11.0,578.0,33.0,760.6147434227663,164.5393765737605,4.7755491881566385,32.69080489710862
Shirak,2022-08-01,2022,8,41.6,3.1,58.4,230340.0,379.0,924.0,534.0,35.0,1752.0,259.0,160.0,12.0,1249.0,753.0,20774.0,11.0,578.0,33.0,760.6147434227663,164.5393765737605,4.7755491881566385,32.69080489710862
Shirak,2022-09-01,2022,9,41.6,3.1,58.4,230340.0,379.0,924.0,534.0,35.0,1752.0,259.0,160.0,12.0,1249.0,753.0,20774.0,11.0,578.0,33.0,760.6147434227663,164.5393765737605,4.7755491881566385,32.69080489710862
Shirak,2022-10-01,2022,10,41.6,3.1,58.4,230340.0,379.0,924.0,534.0,35.0,1752.0,259.0,160.0,12.0,1249.0,753.0,20774.0,11.0,578.0,33.0,760.6147434227663,164.5393765737605,4.7755491881566385,32.69080489710862
Shirak,2022-11-01,2022,11,41.6,3.1,58.4,230340.0,379.0,924.0,534.0,35.0,1752.0,259.0,160.0,12.0,1249.0,753.0,20774.0,11.0,578.0,33.0,760.6147434227663,164.5393765737605,4.7755491881566385,32.69080489710862
Shirak,2022-12-01,2022,12,41.6,3.1,58.4,230340.0,379.0,924.0,534.0,35.0,1752.0,259.0,160.0,12.0,1249.0,753.0,20774.0,11.0,578.0,33.0,760.6147434227663,164.5393765737605,4.7755491881566385,32.69080489710862
Syunik,2016-01-01,2016,1,24.2,1.1,75.8,139471.0,208.0,327.0,188.0,14.0,638.0,109.0,221.0,10.0,796.0,429.0,10764.0,7.0,285.0,17.0,457.4427658796452,149.1349456159345,5.018964515920873,30.759082533286488
Syunik,2016-02-01,2016,2,23.72500000000043,1.0083333333334168,76.27499999999957,139427.83333333337,205.75000000000205,327.5833333333328,188.49999999999955,13.33333333333394,635.8333333333353,106.41666666666902,219.75000000000114,10.0,791.5833333333374,429.0,10755.750000000007,7.0,283.2500000000016,17.0,456.02559325816395,147.5620228181968,5.02052369037749,30.768638045313473
Syunik,2016-03-01,2016,3,23.249999999999567,0.9166666666665834,76.75000000000043,139384.66666666663,203.49999999999795,328.1666666666672,189.00000000000045,12.66666666666606,633.6666666666647,103.83333333333098,218.49999999999886,10.0,787.1666666666626,429.0,10747.499999999993,7.0,281.4999999999984,17.0,454.6084206366789,145.9891000204548,5.022082864834112,30.778193557340483
Syunik,2016-04-01,2016,4,22.775,0.8250000000000001,77.225,139341.5,201.25,328.75,189.5,12.0,631.5,101.25,217.25,10.0,782.75,429.0,10739.25,7.0,279.75,17.0,453.19124801519763,144.4161772227171,5.0236420392907295,30.78774906936747
Syunik,2016-05-01,2016,5,22.30000000000043,0.7333333333334168,77.69999999999956,139298.33333333337,199.00000000000205,329.3333333333328,189.99999999999955,11.33333333333394,629.3333333333353,98.66666666666902,216.00000000000114,10.0,778.3333333333374,429.0,10731.000000000007,7.0,278.0000000000016,17.0,451.7740753937164,142.8432544249794,5.025201213747347,30.797304581394457
Syunik,2016-06-01,2016,6,21.82499999999957,0.6416666666665833,78.17500000000042,139255.16666666663,196.74999999999795,329.9166666666672,190.50000000000045,10.66666666666606,627.1666666666647,96.08333333333098,214.74999999999886,10.0,773.9166666666626,429.0,10722.749999999993,7.0,276.2499999999984,17.0,450.3569027722313,141.2703316272374,5.026760388203969,30.806860093421466
Syunik,2016-07-01,2016,7,21.35,0.55,78.65,139212.0,194.5,330.5,191.0,10.0,625.0,93.5,213.5,10.0,769.5,429.0,10714.5,7.0,274.5,17.0,448.93973015075005,139.6974088294997,5.028319562660586,30.81641560544845
Syunik,2016-08-01,2016,8,20.875000000000433,0.45833333333341675,79.12499999999957,139168.83333333337,192.25000000000205,331.0833333333328,191.49999999999955,9.33333333333394,622.8333333333353,90.91666666666902,212.25000000000114,10.0,765.0833333333374,429.0,10706.250000000007,7.0,272.7500000000016,17.0,447.5225575292688,138.12448603176202,5.029878737117205,30.825971117475437
Syunik,2016-09-01,2016,9,20.39999999999957,0.3666666666665833,79.60000000000043,139125.66666666663,189.99999999999795,331.6666666666672,192.00000000000045,8.66666666666606,620.6666666666647,88.33333333333098,210.99999999999886,10.0,760.6666666666626,429.0,10697.999999999993,7.0,270.9999999999984,17.0,446.10538490778373,136.55156323402002,5.031437911573827,30.835526629502446
Syunik,2016-10-01,2016,10,19.925,0.275,80.075,139082.5,187.75,332.25,192.5,8.0,618.5,85.75,209.75,10.0,756.25,429.0,10689.75,7.0,269.25,17.0,444.6882122863025,134.97864043628232,5.032997086030444,30.84508214152943
Syunik,2016-11-01,2016,11,19.450000000000433,0.18333333333341673,80.54999999999957,139039.33333333337,185.50000000000205,332.8333333333328,192.99999999999955,7.33333333333394,616.3333333333353,83.16666666666902,208.50000000000114,10.0,751.8333333333374,429.0,10681.500000000007,7.0,267.5000000000016,17.0,443.2710396648212,133.40571763854462,5.0345562604870615,30.85463765355642
Syunik,2016-12-01,2016,12,18.974999999999568,0.0916666666665833,81.02500000000043,138996.16666666663,183.24999999999795,333.4166666666672,193.50000000000045,6.66666666666606,614.1666666666647,80.58333333333098,207.24999999999886,10.0,747.4166666666626,429.0,10673.249999999993,7.0,265.7499999999984,17.0,441.85386704333615,131.83279484080262,5.036115434943683,30.86419316558343
Syunik,2017-01-01,2017,1,18.5,0.0,81.5,138953.0,181.0,334.0,194.0,6.0,612.0,78.0,206.0,10.0,743.0,429.0,10665.0,7.0,264.0,17.0,440.4366944218549,130.25987204306492,5.037674609400301,30.873748677610415
Syunik,2017-02-01,2017,2,18.350000000000136,0.0,81.64999999999986,138906.66666666672,183.41666666666447,330.6666666666697,196.08333333333144,7.499999999998636,615.0833333333305,80.83333333333076,203.8333333333353,10.0,741.3333333333348,428.91666666666674,10608.500000000051,7.0,263.91666666666674,17.0,442.8120366150232,132.04966546877336,5.0393611507046785,30.878063441336472
Syunik,2017-03-01,2017,3,18.199999999999864,0.0,81.80000000000014,138860.33333333328,185.83333333333553,327.3333333333303,198.16666666666856,9.000000000001364,618.1666666666695,83.66666666666924,201.6666666666647,10.0,739.6666666666652,428.83333333333326,10551.999999999949,7.0,263.83333333333326,17.0,445.187378808198,133.83945889448665,5.041047692009061,30.882378205062544
Syunik,2017-04-01,2017,4,18.05,0.0,81.95,138814.0,188.25,324.0,200.25,10.5,621.25,86.5,199.5,10.0,738.0,428.75,10495.5,7.0,263.75,17.0,447.5627210013663,135.6292523201951,5.042734233313439,30.886692968788605
Syunik,2017-05-01,2017,5,17.900000000000137,0.0,82.09999999999987,138767.66666666672,190.66666666666447,320.6666666666697,202.33333333333144,11.999999999998636,624.3333333333305,89.33333333333076,197.3333333333353,10.0,736.3333333333348,428.66666666666674,10439.000000000051,7.0,263.66666666666674,17.0,449.93806319453455,137.41904574590353,5.044420774617818,30.891007732514662
Syunik,2017-06-01,2017,6,17.749999999999865,0.0,82.25000000000014,138721.33333333328,193.08333333333553,317.3333333333303,204.41666666666856,13.500000000001364,627.4166666666695,92.16666666666924,195.1666666666647,10.0,734.6666666666652,428.58333333333326,10382.499999999949,7.0,263.58333333333326,17.0,452.31340538770934,139.20883917161686,5.0461073159222005,30.895322496240734
Syunik,2017-07-01,2017,7,17.6,0.0,82.4,138675.0,195.5,314.0,206.5,15.0,630.5,95.0,193.0,10.0,733.0,428.5,10326.0,7.0,263.5,17.0,454.68874758087765,140.9986325973253,5.047793857226578,30.899637259966795
Syunik,2017-08-01,2017,8,17.450000000000138,0.0,82.54999999999986,138628.66666666672,197.91666666666447,310.6666666666697,208.58333333333144,16.499999999998636,633.5833333333305,97.83333333333076,190.8333333333353,10.0,731.3333333333348,428.41666666666674,10269.500000000051,7.0,263.41666666666674,17.0,457.06408977404595,142.7884260230337,5.049480398530956,30.903952023692852
Syunik,2017-09-01,2017,9,17.299999999999862,0.0,82.70000000000013,138582.33333333328,200.33333333333553,307.3333333333303,210.66666666666856,18.000000000001364,636.6666666666695,100.66666666666924,188.6666666666647,10.0,729.6666666666652,428.33333333333326,10212.999999999949,7.0,263.33333333333326,17.0,459.43943196722074,144.57821944874703,5.051166939835339,30.908266787418924
Syunik,2017-10-01,2017,10,17.15,0.0,82.85,138536.0,202.75,304.0,212.75,19.5,639.75,103.5,186.5,10.0,728.0,428.25,10156.5,7.0,263.25,17.0,461.814774160389,146.36801287445547,5.052853481139717,30.91258155114498
Syunik,2017-11-01,2017,11,17.000000000000135,0.0,82.99999999999986,138489.66666666672,205.16666666666447,300.6666666666697,214.83333333333144,20.999999999998636,642.8333333333305,106.33333333333076,184.3333333333353,10.0,726.3333333333348,428.16666666666674,10100.000000000051,7.0,263.16666666666674,17.0,464.1901163535573,148.15780630016388,5.054540022444095,30.916896314871043
Syunik,2017-12-01,2017,12,16.849999999999863,0.0,83.15000000000013,138443.33333333328,207.58333333333553,297.3333333333303,216.91666666666856,22.500000000001364,645.9166666666695,109.16666666666924,182.1666666666647,10.0,724.6666666666652,428.08333333333326,10043.499999999949,7.0,263.08333333333326,17.0,466.5654585467321,149.9475997258772,5.056226563748478,30.921211078597114
Syunik,2018-01-01,2018,1,16.7,0.0,83.3,138397.0,210.0,294.0,219.0,24.0,649.0,112.0,180.0,10.0,723.0,428.0,9987.0,7.0,263.0,17.0,468.9408007399004,151.73739315158565,5.057913105052855,30.92552584232317
Syunik,2018-02-01,2018,2,16.316666666667015,0.0,83.68333333333298,138328.41666666672,216.24999999999432,298.41666666666265,221.83333333333076,24.916666666665833,660.1666666666565,114.99999999999727,182.66666666666424,10.0,720.2500000000025,423.8333333333371,10032.749999999958,7.0,261.4166666666681,17.0,477.2914206965518,156.356046794084,5.060434573792985,30.638075517266998
Syunik,2018-03-01,2018,3,15.933333333332984,0.0,84.06666666666702,138259.83333333328,222.50000000000568,302.83333333333735,224.66666666666924,25.833333333334167,671.3333333333435,118.00000000000273,185.33333333333576,10.0,717.4999999999975,419.6666666666629,10078.500000000042,7.0,259.8333333333319,17.0,485.6420406532261,160.97470043659496,5.062956042533121,30.35062519221004
Syunik,2018-04-01,2018,4,15.549999999999999,0.0,84.45,138191.25,228.75,307.25,227.5,26.75,682.5,121.0,188.0,10.0,714.75,415.5,10124.25,7.0,258.25,17.0,493.99266060987753,165.5933540790933,5.065477511273251,30.063174867153865
Syunik,2018-05-01,2018,5,15.166666666667014,0.0,84.83333333333299,138122.66666666672,234.99999999999432,311.66666666666265,230.33333333333076,27.666666666665833,693.6666666666565,123.99999999999727,190.66666666666424,10.0,712.0000000000025,411.3333333333371,10169.999999999958,7.0,256.6666666666681,17.0,502.34328056652896,170.21200772159165,5.06799898001338,29.77572454209769
Syunik,2018-06-01,2018,6,14.783333333332983,0.0,85.21666666666701,138054.08333333328,241.25000000000568,316.08333333333735,233.16666666666924,28.583333333334167,704.8333333333435,127.00000000000273,193.33333333333576,10.0,709.2499999999975,407.1666666666629,10215.750000000042,7.0,255.0833333333319,17.0,510.69390052320324,174.8306613641026,5.070520448753516,29.488274217040733
Syunik,2018-07-01,2018,7,14.399999999999999,0.0,85.6,137985.5,247.5,320.5,236.0,29.5,716.0,130.0,196.0,10.0,706.5,403.0,10261.5,7.0,253.5,17.0,519.0445204798547,179.44931500660095,5.073041917493645,29.200823891984562
Syunik,2018-08-01,2018,8,14.016666666667014,0.0,85.983333333333,137916.91666666672,253.74999999999432,324.91666666666265,238.83333333333076,30.416666666665833,727.1666666666565,132.99999999999727,198.66666666666424,10.0,703.7500000000025,398.8333333333371,10307.249999999958,7.0,251.9166666666681,17.0,527.3951404365062,184.06796864909933,5.075563386233775,28.913373566928385
Syunik,2018-09-01,2018,9,13.633333333332985,0.0,86.36666666666702,137848.33333333328,260.0000000000057,329.33333333333735,241.66666666666924,31.333333333334167,738.3333333333435,136.00000000000273,201.33333333333576,10.0,700.9999999999975,394.6666666666629,10353.000000000042,7.0,250.3333333333319,17.0,535.7457603931804,188.68662229161026,5.078084854973911,28.62592324187143
Syunik,2018-10-01,2018,10,13.25,0.0,86.75,137779.75,266.25,333.75,244.5,32.25,749.5,139.0,204.0,10.0,698.25,390.5,10398.75,7.0,248.75,17.0,544.0963803498319,193.30527593410864,5.08060632371404,28.338472916815256
Syunik,2018-11-01,2018,11,12.866666666667015,0.0,87.13333333333298,137711.16666666672,272.4999999999943,338.16666666666265,247.33333333333076,33.16666666666583,760.6666666666565,141.99999999999727,206.66666666666424,10.0,695.5000000000025,386.3333333333371,10444.499999999958,7.0,247.1666666666681,17.0,552.4470003064832,197.92392957660698,5.08312779245417,28.051022591759082
Syunik,2018-12-01,2018,12,12.483333333332984,0.0,87.51666666666702,137642.58333333328,278.7500000000057,342.58333333333735,250.16666666666924,34.08333333333417,771.8333333333435,145.00000000000273,209.33333333333576,10.0,692.7499999999975,382.1666666666629,10490.250000000042,7.0,245.5833333333319,17.0,560.7976202631575,202.54258321911794,5.085649261194306,27.763572266702123
Syunik,2019-01-01,2019,1,12.1,0.0,87.9,137574.0,285.0,347.0,253.0,35.0,783.0,148.0,212.0,10.0,690.0,378.0,10536.0,7.0,244.0,17.0,569.1482402198089,207.1612368616163,5.088170729934435,27.47612194164595
Syunik,2019-02-01,2019,2,11.600000000000454,0.0,88.39999999999955,137552.1666666667,278.7500000000057,347.49999999999955,251.08333333333508,34.75000000000023,779.750000000003,146.4166666666681,209.41666666666902,10.0,688.5000000000014,384.9166666666604,10484.166666666713,7.0,244.0,17.0,566.8718652725726,202.6424986620322,5.088979775958115,27.984209814487816
Syunik,2019-03-01,2019,3,11.099999999999545,0.0,88.90000000000046,137530.3333333333,272.4999999999943,348.00000000000045,249.16666666666492,34.49999999999977,776.499999999997,144.8333333333319,206.83333333333098,10.0,686.9999999999986,391.8333333333396,10432.333333333287,7.0,244.0,17.0,564.59549032533,198.1237604624358,5.089788821981797,28.49229768733107
Syunik,2019-04-01,2019,4,10.6,0.0,89.4,137508.5,266.25,348.5,247.25,34.25,773.25,143.25,204.25,10.0,685.5,398.75,10380.5,7.0,244.0,17.0,562.3191153780937,193.6050222628517,5.090597868005476,29.000385560172937
Syunik,2019-05-01,2019,5,10.100000000000454,0.0,89.89999999999955,137486.6666666667,260.0000000000057,348.99999999999955,245.33333333333508,34.00000000000023,770.000000000003,141.6666666666681,201.66666666666902,10.0,684.0000000000014,405.6666666666604,10328.666666666713,7.0,244.0,17.0,560.0427404308574,189.0862840632676,5.091406914029156,29.508473433014807
Syunik,2019-06-01,2019,6,9.599999999999545,0.0,90.40000000000046,137464.8333333333,253.74999999999432,349.50000000000045,243.41666666666492,33.74999999999977,766.749999999997,140.0833333333319,199.08333333333098,10.0,682.4999999999986,412.5833333333396,10276.833333333287,7.0,244.0,17.0,557.7663654836148,184.5675458636712,5.092215960052837,30.016561305858062
Syunik,2019-07-01,2019,7,9.1,0.0,90.9,137443.0,247.5,350.0,241.5,33.5,763.5,138.5,196.5,10.0,681.0,419.5,10225.0,7.0,244.0,17.0,555.4899905363784,180.04880766408712,5.093025006076516,30.524649178699928
Syunik,2019-08-01,2019,8,8.600000000000454,0.0,91.39999999999955,137421.1666666667,241.25000000000568,350.49999999999955,239.58333333333508,33.25000000000023,760.250000000003,136.9166666666681,193.91666666666902,10.0,679.5000000000014,426.4166666666604,10173.166666666713,7.0,244.0,17.0,553.2136155891421,175.53006946450301,5.093834052100196,31.032737051541794
Syunik,2019-09-01,2019,9,8.099999999999545,0.0,91.90000000000046,137399.3333333333,234.99999999999432,351.00000000000045,237.66666666666492,32.99999999999977,756.999999999997,135.3333333333319,191.33333333333098,10.0,677.9999999999986,433.3333333333396,10121.333333333287,7.0,244.0,17.0,550.9372406418995,171.0113312649066,5.0946430981238775,31.54082492438505
Syunik,2019-10-01,2019,10,7.6,0.0,92.4,137377.5,228.75,351.5,235.75,32.75,753.75,133.75,188.75,10.0,676.5,440.25,10069.5,7.0,244.0,17.0,548.6608656946632,166.49259306532252,5.095452144147557,32.04891279722692
Syunik,2019-11-01,2019,11,7.100000000000454,0.0,92.89999999999955,137355.6666666667,222.50000000000568,351.99999999999955,233.83333333333508,32.50000000000023,750.500000000003,132.1666666666681,186.16666666666902,10.0,675.0000000000014,447.1666666666604,10017.666666666713,7.0,244.0,17.0,546.3844907474269,161.97385486573842,5.096261190171236,32.55700067006879
Syunik,2019-12-01,2019,12,6.599999999999545,0.0,93.40000000000046,137333.8333333333,216.24999999999432,352.50000000000045,231.91666666666492,32.24999999999977,747.249999999997,130.5833333333319,183.58333333333098,10.0,673.4999999999986,454.0833333333396,9965.833333333287,7.0,244.0,17.0,544.1081158001844,157.455116666142,5.097070236194918,33.06508854291204
Syunik,2020-01-01,2020,1,6.1,0.0,93.9,137312.0,210.0,353.0,230.0,32.0,744.0,129.0,181.0,10.0,672.0,461.0,9914.0,7.0,244.0,17.0,541.831740852948,152.93637846655793,5.097879282218598,33.573176415753906
Syunik,2020-02-01,2020,2,5.82500000000025,0.0,94.17499999999976,137190.25000000012,211.83333333333167,363.5833333333237,229.83333333333348,31.583333333333712,756.6666666666551,131.66666666666424,183.3333333333312,10.0,670.0000000000018,457.75000000000296,10093.58333333317,7.0,243.33333333333394,17.0,551.6412724803508,154.422958156155,5.102448014157336,33.36403209019608
Syunik,2020-03-01,2020,3,5.549999999999749,0.0,94.45000000000026,137068.49999999988,213.66666666666833,374.1666666666763,229.66666666666652,31.166666666666288,769.3333333333449,134.33333333333576,185.6666666666688,10.0,667.9999999999982,454.49999999999704,10273.16666666683,7.0,242.66666666666606,17.0,561.4508041077804,155.90953784575615,5.107016746096087,33.154887764637685
Syunik,2020-04-01,2020,4,5.2749999999999995,0.0,94.72500000000001,136946.75,215.5,384.75,229.5,30.75,782.0,137.0,188.0,10.0,666.0,451.25,10452.75,7.0,242.0,17.0,571.2603357351832,157.39611753535323,5.111585478034825,32.94574343907986
Syunik,2020-05-01,2020,5,5.00000000000025,0.0,94.99999999999976,136825.00000000012,217.33333333333167,395.3333333333237,229.33333333333348,30.333333333333712,794.6666666666551,139.66666666666424,190.3333333333312,10.0,664.0000000000018,448.00000000000296,10632.33333333317,7.0,241.33333333333394,17.0,581.069867362586,158.8826972249503,5.116154209973564,32.73659911352203
Syunik,2020-06-01,2020,6,4.724999999999749,0.0,95.27500000000026,136703.24999999988,219.16666666666833,405.9166666666763,229.16666666666652,29.916666666666288,807.3333333333449,142.33333333333576,192.6666666666688,10.0,661.9999999999982,444.74999999999704,10811.91666666683,7.0,240.66666666666606,17.0,590.8793989900156,160.36927691455145,5.120722941912314,32.52745478796364
Syunik,2020-07-01,2020,7,4.449999999999999,0.0,95.55000000000001,136581.5,221.0,416.5,229.0,29.5,820.0,145.0,195.0,10.0,660.0,441.5,10991.5,7.0,240.0,17.0,600.6889306174185,161.85585660414853,5.125291673851052,32.31831046240581
Syunik,2020-08-01,2020,8,4.175000000000249,0.0,95.82499999999975,136459.75000000012,222.83333333333167,427.0833333333237,228.83333333333348,29.083333333333712,832.6666666666551,147.66666666666424,197.3333333333312,10.0,658.0000000000018,438.25000000000296,11171.08333333317,7.0,239.33333333333394,17.0,610.4984622448213,163.3424362937456,5.129860405789791,32.10916613684799
Syunik,2020-09-01,2020,9,3.8999999999997494,0.0,96.10000000000025,136337.99999999988,224.66666666666833,437.6666666666763,228.66666666666652,28.666666666666288,845.3333333333449,150.33333333333576,199.6666666666688,10.0,655.9999999999982,434.99999999999704,11350.66666666683,7.0,238.66666666666606,17.0,620.3079938722509,164.82901598334672,5.134429137728541,31.90002181128959
Syunik,2020-10-01,2020,10,3.625,0.0,96.375,136216.25,226.5,448.25,228.5,28.25,858.0,153.0,202.0,10.0,654.0,431.75,11530.25,7.0,238.0,17.0,630.1175254996538,166.3155956729438,5.13899786966728,31.690877485731768
Syunik,2020-11-01,2020,11,3.35000000000025,0.0,96.64999999999975,136094.50000000012,228.33333333333167,458.8333333333237,228.33333333333348,27.833333333333712,870.6666666666551,155.66666666666424,204.3333333333312,10.0,652.0000000000018,428.50000000000296,11709.83333333317,7.0,237.33333333333394,17.0,639.9270571270565,167.80217536254088,5.143566601606018,31.481733160173942
Syunik,2020-12-01,2020,12,3.0749999999997497,0.0,96.92500000000025,135972.74999999988,230.16666666666833,469.4166666666763,228.16666666666652,27.416666666666288,883.3333333333449,158.33333333333576,206.6666666666688,10.0,649.9999999999982,425.24999999999704,11889.41666666683,7.0,236.66666666666606,17.0,649.7365887544861,169.28875505214202,5.1481353335447695,31.272588834615547
Syunik,2021-01-01,2021,1,2.8,0.0,97.2,135851.0,232.0,480.0,228.0,27.0,896.0,161.0,209.0,10.0,648.0,422.0,12069.0,7.0,236.0,17.0,659.546120381889,170.7753347417391,5.1527040654835075,31.06344450905772
Syunik,2021-02-01,2021,2,3.0166666666664694,0.0,96.98333333333353,135757.66666666674,240.58333333332553,474.58333333333826,235.0833333333269,28.249999999998863,902.7499999999939,164.83333333332985,207.91666666666765,9.916666666666742,650.8333333333308,422.8333333333326,11924.916666666797,7.0,236.91666666666583,16.916666666666742,665.0129961410063,177.26435630748938,5.156273541299106,31.14681498915635
Syunik,2021-03-01,2021,3,3.23333333333353,0.0,96.76666666666647,135664.33333333326,249.16666666667447,469.16666666666174,242.1666666666731,29.500000000001137,909.5000000000061,168.66666666667015,206.83333333333235,9.833333333333258,653.6666666666692,423.6666666666674,11780.833333333203,7.0,237.83333333333417,16.833333333333258,670.4798719001386,183.75337787325736,5.159843017114714,31.230185469255208
Syunik,2021-04-01,2021,4,3.45,0.0,96.55,135571.0,257.75,463.75,249.25,30.75,916.25,172.5,205.75,9.75,656.5,424.5,11636.75,7.0,238.75,16.75,675.946747659256,190.24239943900764,5.163412492930312,31.313555949353837
Syunik,2021-05-01,2021,5,3.66666666666647,0.0,96.33333333333353,135477.66666666674,266.3333333333255,458.33333333333826,256.3333333333269,31.999999999998863,922.9999999999939,176.33333333332985,204.66666666666765,9.666666666666742,659.3333333333308,425.3333333333326,11492.666666666797,7.0,239.66666666666583,16.666666666666742,681.4136234183733,196.73142100475792,5.16698196874591,31.396926429452467
Syunik,2021-06-01,2021,6,3.8833333333335305,0.0,96.11666666666648,135384.33333333326,274.9166666666745,452.91666666666174,263.4166666666731,33.25000000000114,929.7500000000061,180.16666666667015,203.58333333333235,9.583333333333258,662.1666666666692,426.1666666666674,11348.583333333203,7.0,240.58333333333417,16.583333333333258,686.8804991775055,203.2204425705259,5.170551444561518,31.480296909551324
Syunik,2021-07-01,2021,7,4.1,0.0,95.9,135291.0,283.5,447.5,270.5,34.5,936.5,184.0,202.5,9.5,665.0,427.0,11204.5,7.0,241.5,16.5,692.3473749366228,209.7094641362762,5.174120920377116,31.563667389649957
Syunik,2021-08-01,2021,8,4.316666666666469,0.0,95.68333333333352,135197.66666666674,292.0833333333255,442.08333333333826,277.5833333333269,35.74999999999886,943.2499999999939,187.83333333332985,201.41666666666765,9.416666666666742,667.8333333333308,427.8333333333326,11060.416666666797,7.0,242.41666666666583,16.416666666666742,697.8142506957403,216.19848570202646,5.177690396192714,31.647037869748587
Syunik,2021-09-01,2021,9,4.53333333333353,0.0,95.46666666666647,135104.33333333326,300.6666666666745,436.66666666666174,284.6666666666731,37.00000000000114,950.0000000000061,191.66666666667015,200.33333333333235,9.333333333333258,670.6666666666692,428.6666666666674,10916.333333333203,7.0,243.33333333333417,16.333333333333258,703.2811264548725,222.68750726779447,5.181259872008322,31.730408349847444
Syunik,2021-10-01,2021,10,4.75,0.0,95.25,135011.0,309.25,431.25,291.75,38.25,956.75,195.5,199.25,9.25,673.5,429.5,10772.25,7.0,244.25,16.25,708.7480022139898,229.17652883354475,5.1848293478239205,31.813778829946074
Syunik,2021-11-01,2021,11,4.96666666666647,0.0,95.03333333333353,134917.66666666674,317.8333333333255,425.83333333333826,298.8333333333269,39.49999999999886,963.4999999999939,199.33333333332985,198.16666666666765,9.166666666666742,676.3333333333308,430.3333333333326,10628.166666666797,7.0,245.16666666666583,16.166666666666742,714.2148779731071,235.66555039929503,5.188398823639519,31.897149310044703
Syunik,2021-12-01,2021,12,5.183333333333531,0.0,94.81666666666646,134824.33333333326,326.4166666666745,420.41666666666174,305.9166666666731,40.75000000000114,970.2500000000061,203.16666666667015,197.08333333333235,9.083333333333258,679.1666666666692,431.1666666666674,10484.083333333203,7.0,246.08333333333417,16.083333333333258,719.6817537322395,242.154571965063,5.191968299455127,31.98051979014356
Syunik,2022-01-01,2022,1,5.4,0.0,94.6,134731.0,335.0,415.0,313.0,42.0,977.0,207.0,196.0,9.0,682.0,432.0,10340.0,7.0,247.0,16.0,725.1486294913568,248.6435935308133,5.195537775270725,32.06389027024219
Syunik,2022-02-01,2022,2,5.4,0.0,94.6,134731.0,335.0,415.0,313.0,42.0,977.0,207.0,196.0,9.0,682.0,432.0,10340.0,7.0,247.0,16.0,725.1486294913568,248.6435935308133,5.195537775270725,32.06389027024219
Syunik,2022-03-01,2022,3,5.4,0.0,94.6,134731.0,335.0,415.0,313.0,42.0,977.0,207.0,196.0,9.0,682.0,432.0,10340.0,7.0,247.0,16.0,725.1486294913568,248.6435935308133,5.195537775270725,32.06389027024219
Syunik,2022-04-01,2022,4,5.4,0.0,94.6,134731.0,335.0,415.0,313.0,42.0,977.0,207.0,196.0,9.0,682.0,432.0,10340.0,7.0,247.0,16.0,725.1486294913568,248.6435935308133,5.195537775270725,32.06389027024219
Syunik,2022-05-01,2022,5,5.4,0.0,94.6,134731.0,335.0,415.0,313.0,42.0,977.0,207.0,196.0,9.0,682.0,432.0,10340.0,7.0,247.0,16.0,725.1486294913568,248.6435935308133,5.195537775270725,32.06389027024219
Syunik,2022-06-01,2022,6,5.4,0.0,94.6,134731.0,335.0,415.0,313.0,42.0,977.0,207.0,196.0,9.0,682.0,432.0,10340.0,7.0,247.0,16.0,725.1486294913568,248.6435935308133,5.195537775270725,32.06389027024219
Syunik,2022-07-01,2022,7,5.4,0.0,94.6,134731.0,335.0,415.0,313.0,42.0,977.0,207.0,196.0,9.0,682.0,432.0,10340.0,7.0,247.0,16.0,725.1486294913568,248.6435935308133,5.195537775270725,32.06389027024219
Syunik,2022-08-01,2022,8,5.4,0.0,94.6,134731.0,335.0,415.0,313.0,42.0,977.0,207.0,196.0,9.0,682.0,432.0,10340.0,7.0,247.0,16.0,725.1486294913568,248.6435935308133,5.195537775270725,32.06389027024219
Syunik,2022-09-01,2022,9,5.4,0.0,94.6,134731.0,335.0,415.0,313.0,42.0,977.0,207.0,196.0,9.0,682.0,432.0,10340.0,7.0,247.0,16.0,725.1486294913568,248.6435935308133,5.195537775270725,32.06389027024219
Syunik,2022-10-01,2022,10,5.4,0.0,94.6,134731.0,335.0,415.0,313.0,42.0,977.0,207.0,196.0,9.0,682.0,432.0,10340.0,7.0,247.0,16.0,725.1486294913568,248.6435935308133,5.195537775270725,32.06389027024219
Syunik,2022-11-01,2022,11,5.4,0.0,94.6,134731.0,335.0,415.0,313.0,42.0,977.0,207.0,196.0,9.0,682.0,432.0,10340.0,7.0,247.0,16.0,725.1486294913568,248.6435935308133,5.195537775270725,32.06389027024219
Syunik,2022-12-01,2022,12,5.4,0.0,94.6,134731.0,335.0,415.0,313.0,42.0,977.0,207.0,196.0,9.0,682.0,432.0,10340.0,7.0,247.0,16.0,725.1486294913568,248.6435935308133,5.195537775270725,32.06389027024219
Tavush,2016-01-01,2016,1,33.8,1.9,66.2,125514.0,171.0,314.0,250.0,12.0,632.0,56.0,146.0,18.0,560.0,258.0,8098.0,7.0,228.0,27.0,503.5294867504819,136.23978201634876,5.577067100084452,20.55547588316841
Tavush,2016-02-01,2016,2,33.30000000000045,1.8333333333333939,66.69999999999955,125427.41666666674,169.66666666666788,315.3333333333321,253.58333333333007,11.416666666667197,635.9166666666631,55.58333333333371,145.08333333333417,18.0,557.750000000002,257.91666666666674,8067.333333333361,7.0,228.66666666666606,27.0,507.02628472646705,135.26338323045889,5.580946441797636,20.563079243577192
Tavush,2016-03-01,2016,3,32.79999999999954,1.766666666666606,67.20000000000046,125340.83333333326,168.33333333333212,316.6666666666679,257.1666666666699,10.833333333332803,639.8333333333369,55.16666666666629,144.16666666666583,18.0,555.499999999998,257.83333333333326,8036.666666666639,7.0,229.33333333333394,27.0,510.52308270246175,134.28698444456637,5.58482578351083,20.570682603986
Tavush,2016-04-01,2016,4,32.3,1.7,67.7,125254.25,167.0,318.0,260.75,10.25,643.75,54.75,143.25,18.0,553.25,257.75,8006.0,7.0,230.0,27.0,514.0198806784468,133.3105856586765,5.588705125224014,20.578285964394784
Tavush,2016-05-01,2016,5,31.800000000000452,1.633333333333394,68.19999999999955,125167.66666666674,165.66666666666788,319.3333333333321,264.3333333333301,9.666666666667197,647.6666666666631,54.33333333333371,142.33333333333417,18.0,551.000000000002,257.66666666666674,7975.333333333361,7.0,230.66666666666606,27.0,517.516678654432,132.33418687278663,5.592584466937198,20.585889324803567
Tavush,2016-06-01,2016,6,31.299999999999542,1.566666666666606,68.70000000000046,125081.08333333326,164.33333333333212,320.6666666666679,267.9166666666699,9.083333333332803,651.5833333333369,53.91666666666629,141.41666666666583,18.0,548.749999999998,257.58333333333326,7944.666666666639,7.0,231.33333333333394,27.0,521.0134766304267,131.35778808689412,5.596463808650392,20.593492685212375
Tavush,2016-07-01,2016,7,30.799999999999997,1.5,69.2,124994.5,163.0,322.0,271.5,8.5,655.5,53.5,140.5,18.0,546.5,257.5,7914.0,7.0,232.0,27.0,524.5102746064118,130.38138930100425,5.600343150363576,20.60109604562116
Tavush,2016-08-01,2016,8,30.300000000000455,1.433333333333394,69.69999999999955,124907.91666666674,161.66666666666788,323.3333333333321,275.0833333333301,7.916666666667197,659.4166666666631,53.08333333333371,139.58333333333417,18.0,544.250000000002,257.41666666666674,7883.333333333361,7.0,232.66666666666606,27.0,528.007072582397,129.4049905151144,5.60422249207676,20.60869940602994
Tavush,2016-09-01,2016,9,29.799999999999546,1.366666666666606,70.20000000000046,124821.33333333326,160.33333333333212,324.6666666666679,278.6666666666699,7.333333333332803,663.3333333333369,52.66666666666629,138.66666666666583,18.0,541.999999999998,257.33333333333326,7852.666666666639,7.0,233.33333333333394,27.0,531.5038705583917,128.42859172922186,5.608101833789954,20.61630276643875
Tavush,2016-10-01,2016,10,29.3,1.3,70.7,124734.75,159.0,326.0,282.25,6.75,667.25,52.25,137.75,18.0,539.75,257.25,7822.0,7.0,234.0,27.0,535.0006685343768,127.45219294333201,5.6119811755031375,20.623906126847533
Tavush,2016-11-01,2016,11,28.800000000000455,1.233333333333394,71.19999999999955,124648.16666666674,157.66666666666788,327.3333333333321,285.8333333333301,6.166666666667197,671.1666666666631,51.83333333333371,136.83333333333417,18.0,537.500000000002,257.16666666666674,7791.333333333361,7.0,234.66666666666606,27.0,538.497466510362,126.47579415744214,5.615860517216322,20.631509487256317
Tavush,2016-12-01,2016,12,28.299999999999546,1.1666666666666061,71.70000000000046,124561.58333333326,156.33333333333212,328.6666666666679,289.4166666666699,5.583333333332803,675.0833333333369,51.41666666666629,135.91666666666583,18.0,535.249999999998,257.08333333333326,7760.666666666639,7.0,235.33333333333394,27.0,541.9942644863567,125.49939537154961,5.619739858929516,20.639112847665125
Tavush,2017-01-01,2017,1,27.8,1.1,72.2,124475.0,155.0,330.0,293.0,5.0,679.0,51.0,135.0,18.0,533.0,257.0,7730.0,7.0,236.0,27.0,545.4910624623418,124.52299658565975,5.6236192006426995,20.646716208073908
Tavush,2017-02-01,2017,2,27.616666666666834,1.0833333333333486,72.38333333333317,124393.16666666674,159.74999999999568,338.2499999999925,303.66666666665697,5.0833333333332575,701.1666666666465,54.16666666666379,136.7499999999984,18.0,532.2500000000007,254.91666666666856,7744.33333333332,7.0,236.74999999999932,27.0,563.8022705357504,128.4518843111731,5.627345723640647,20.49169735094337
Tavush,2017-03-01,2017,3,27.433333333333167,1.0666666666666516,72.56666666666683,124311.33333333326,164.50000000000432,346.5000000000075,314.33333333334303,5.1666666666667425,723.3333333333535,57.33333333333621,138.5000000000016,18.0,531.4999999999993,252.83333333333144,7758.66666666668,7.0,237.50000000000068,27.0,582.1134786092089,132.38077203669715,5.631072246638604,20.336678493812403
Tavush,2017-04-01,2017,4,27.25,1.05,72.75,124229.5,169.25,354.75,325.0,5.25,745.5,60.5,140.25,18.0,530.75,250.75,7773.0,7.0,238.25,27.0,600.4246866826174,136.3096597622105,5.634798769636552,20.181659636681864
Tavush,2017-05-01,2017,5,27.066666666666833,1.0333333333333485,72.93333333333317,124147.66666666674,173.99999999999568,362.9999999999925,335.66666666665697,5.3333333333332575,767.6666666666465,63.66666666666379,141.9999999999984,18.0,530.0000000000007,248.66666666666856,7787.33333333332,7.0,238.99999999999932,27.0,618.735894756026,140.23854748772382,5.638525292634499,20.02664077955132
Tavush,2017-06-01,2017,6,26.883333333333166,1.0166666666666515,73.11666666666683,124065.83333333326,178.75000000000432,371.2500000000075,346.33333333334303,5.4166666666667425,789.8333333333535,66.83333333333621,143.7500000000016,18.0,529.2499999999993,246.58333333333144,7801.66666666668,7.0,239.75000000000068,27.0,637.0471028294846,144.1674352132479,5.642251815632457,19.87162192242036
Tavush,2017-07-01,2017,7,26.700000000000003,1.0,73.30000000000001,123984.0,183.5,379.5,357.0,5.5,812.0,70.0,145.5,18.0,528.5,244.5,7816.0,7.0,240.5,27.0,655.3583109028932,148.09632293876123,5.645978338630403,19.716603065289817
Tavush,2017-08-01,2017,8,26.516666666666836,0.9833333333333485,73.48333333333318,123902.16666666674,188.24999999999568,387.7499999999925,367.66666666665697,5.5833333333332575,834.1666666666465,73.16666666666379,147.2499999999984,18.0,527.7500000000007,242.41666666666856,7830.33333333332,7.0,241.24999999999932,27.0,673.6695189763018,152.02521066427457,5.649704861628351,19.561584208159278
Tavush,2017-09-01,2017,9,26.33333333333317,0.9666666666666516,73.66666666666684,123820.33333333326,193.00000000000432,396.0000000000075,378.33333333334303,5.6666666666667425,856.3333333333535,76.33333333333621,149.0000000000016,18.0,526.9999999999993,240.33333333333144,7844.66666666668,7.0,242.00000000000068,27.0,691.9807270497604,155.95409838979862,5.653431384626308,19.406565351028316
Tavush,2017-10-01,2017,10,26.150000000000002,0.9500000000000001,73.85000000000001,123738.5,197.75,404.25,389.0,5.75,878.5,79.5,150.75,18.0,526.25,238.25,7859.0,7.0,242.75,27.0,710.291935123169,159.88298611531195,5.6571579076242555,19.251546493897774
Tavush,2017-11-01,2017,11,25.966666666666836,0.9333333333333486,74.03333333333318,123656.66666666674,202.49999999999568,412.4999999999925,399.66666666665697,5.8333333333332575,900.6666666666465,82.66666666666379,152.4999999999984,18.0,525.5000000000007,236.16666666666856,7873.33333333332,7.0,243.49999999999932,27.0,728.6031431965775,163.81187384082529,5.660884430622203,19.096527636767235
Tavush,2017-12-01,2017,12,25.783333333333168,0.9166666666666515,74.21666666666684,123574.83333333326,207.25000000000432,420.7500000000075,410.33333333334303,5.9166666666667425,922.8333333333535,85.83333333333621,154.2500000000016,18.0,524.7499999999993,234.08333333333144,7887.66666666668,7.0,244.25000000000068,27.0,746.914351270036,167.74076156634936,5.66461095362016,18.94150877963627
Tavush,2018-01-01,2018,1,25.6,0.9,74.4,123493.0,212.0,429.0,421.0,6.0,945.0,89.0,156.0,18.0,524.0,232.0,7902.0,7.0,245.0,27.0,765.2255593434446,171.6696492918627,5.668337476618108,18.78648992250573
Tavush,2018-02-01,2018,2,25.6,0.8750000000000228,74.4,123388.7500000001,213.1666666666656,430.4166666666654,411.4166666666754,6.166666666666515,936.4166666666745,88.4166666666672,157.33333333333212,18.0,524.6666666666661,232.0,7988.416666666588,7.0,245.4166666666663,27.0,758.8565653088978,172.77044302564667,5.673171528596453,18.802511351919676
Tavush,2018-03-01,2018,3,25.6,0.8499999999999773,74.4,123284.4999999999,214.3333333333344,431.8333333333346,401.8333333333246,6.333333333333485,927.8333333333255,87.8333333333328,158.66666666666788,18.0,525.3333333333339,232.0,8074.833333333412,7.0,245.8333333333337,27.0,752.4875712743336,173.87123675943366,5.678005580574812,18.818532781333662
Tavush,2018-04-01,2018,4,25.6,0.825,74.4,123180.25,215.5,433.25,392.25,6.5,919.25,87.25,160.0,18.0,526.0,232.0,8161.25,7.0,246.25,27.0,746.1185772397868,174.97203049321763,5.682839632553157,18.83455421074761
Tavush,2018-05-01,2018,5,25.6,0.8000000000000227,74.4,123076.0000000001,216.6666666666656,434.6666666666654,382.6666666666754,6.666666666666515,910.6666666666745,86.6666666666672,161.33333333333212,18.0,526.6666666666661,232.0,8247.666666666588,7.0,246.6666666666663,27.0,739.74958320524,176.0728242270016,5.687673684531503,18.850575640161555
Tavush,2018-06-01,2018,6,25.6,0.7749999999999773,74.4,122971.7499999999,217.8333333333344,436.0833333333346,373.0833333333246,6.833333333333485,902.0833333333255,86.0833333333328,162.66666666666788,18.0,527.3333333333339,232.0,8334.083333333412,7.0,247.0833333333337,27.0,733.3805891706758,177.1736179607886,5.692507736509861,18.86659706957554
Tavush,2018-07-01,2018,7,25.6,0.75,74.4,122867.5,219.0,437.5,363.5,7.0,893.5,85.5,164.0,18.0,528.0,232.0,8420.5,7.0,247.5,27.0,727.011595136129,178.27441169457256,5.697341788488206,18.882618498989487
Tavush,2018-08-01,2018,8,25.6,0.7250000000000227,74.4,122763.2500000001,220.1666666666656,438.9166666666654,353.9166666666754,7.166666666666515,884.9166666666745,84.9166666666672,165.33333333333212,18.0,528.6666666666661,232.0,8506.916666666588,7.0,247.9166666666663,27.0,720.6426011015822,179.37520542835654,5.702175840466552,18.898639928403433
Tavush,2018-09-01,2018,9,25.6,0.6999999999999773,74.4,122658.9999999999,221.3333333333344,440.3333333333346,344.3333333333246,7.333333333333485,876.3333333333255,84.3333333333328,166.66666666666788,18.0,529.3333333333339,232.0,8593.333333333412,7.0,248.3333333333337,27.0,714.2736070670179,180.47599916214352,5.70700989244491,18.91466135781742
Tavush,2018-10-01,2018,10,25.6,0.675,74.4,122554.75,222.5,441.75,334.75,7.5,867.75,83.75,168.0,18.0,530.0,232.0,8679.75,7.0,248.75,27.0,707.9046130324712,181.5767928959275,5.711843944423256,18.930682787231365
Tavush,2018-11-01,2018,11,25.6,0.6500000000000228,74.4,122450.5000000001,223.6666666666656,443.1666666666654,325.1666666666754,7.666666666666515,859.1666666666745,83.1666666666672,169.33333333333212,18.0,530.6666666666661,232.0,8766.166666666588,7.0,249.1666666666663,27.0,701.5356189979243,182.67758662971147,5.716677996401601,18.946704216645312
Tavush,2018-12-01,2018,12,25.6,0.6249999999999772,74.4,122346.2499999999,224.8333333333344,444.5833333333346,315.5833333333246,7.833333333333485,850.5833333333255,82.5833333333328,170.66666666666788,18.0,531.3333333333339,232.0,8852.583333333412,7.0,249.5833333333337,27.0,695.1666249633602,183.77838036349846,5.72151204837996,18.962725646059297
Tavush,2019-01-01,2019,1,25.6,0.6,74.4,122242.0,226.0,446.0,306.0,8.0,842.0,82.0,172.0,18.0,532.0,232.0,8939.0,7.0,250.0,27.0,688.7976309288133,184.87917409728243,5.726346100358305,18.978747075473244
Tavush,2019-02-01,2019,2,26.591666666665766,0.6083333333333257,73.40833333333424,122178.16666666673,227.7499999999984,453.16666666666015,305.50000000000045,8.166666666666515,851.8333333333244,84.99999999999727,172.49999999999955,18.0,528.8333333333362,234.916666666664,8897.750000000038,7.0,250.16666666666652,27.0,697.2544584676415,186.41693837949762,5.729355186592671,19.22882234429142
Tavush,2019-03-01,2019,3,27.583333333334238,0.6166666666666742,72.41666666666578,122114.33333333327,229.5000000000016,460.33333333333985,304.99999999999955,8.333333333333485,861.6666666666756,88.00000000000273,173.00000000000045,18.0,525.6666666666638,237.833333333336,8856.499999999962,7.0,250.33333333333348,27.0,705.7112860064926,187.95470266171702,5.732364272827046,19.478897613110277
Tavush,2019-04-01,2019,4,28.575000000000003,0.625,71.42500000000001,122050.5,231.25,467.5,304.5,8.5,871.5,91.0,173.5,18.0,522.5,240.75,8815.25,7.0,250.5,27.0,714.1681135453208,189.49246694393221,5.735373359061413,19.728972881928453
Tavush,2019-05-01,2019,5,29.566666666665768,0.6333333333333258,70.43333333333423,121986.66666666673,232.9999999999984,474.66666666666015,304.00000000000045,8.666666666666515,881.3333333333244,93.99999999999727,173.99999999999955,18.0,519.3333333333362,243.666666666664,8774.000000000038,7.0,250.66666666666652,27.0,722.624941084149,191.0302312261474,5.738382445295779,19.979048150746628
Tavush,2019-06-01,2019,6,30.558333333334236,0.6416666666666742,69.44166666666577,121922.83333333327,234.7500000000016,481.83333333333985,303.49999999999955,8.833333333333485,891.1666666666756,97.00000000000273,174.50000000000045,18.0,516.1666666666638,246.583333333336,8732.749999999962,7.0,250.83333333333348,27.0,731.0817686230002,192.5679955083668,5.741391531530153,20.229123419565486
Tavush,2019-07-01,2019,7,31.55,0.6499999999999999,68.45,121859.0,236.5,489.0,303.0,9.0,901.0,100.0,175.0,18.0,513.0,249.5,8691.5,7.0,251.0,27.0,739.5385961618283,194.105759790582,5.744400617764519,20.47919868838366
Tavush,2019-08-01,2019,8,32.54166666666576,0.6583333333333257,67.45833333333424,121795.16666666673,238.2499999999984,496.16666666666015,302.50000000000045,9.166666666666515,910.8333333333244,102.99999999999727,175.49999999999955,18.0,509.8333333333362,252.416666666664,8650.250000000038,7.0,251.16666666666652,27.0,747.9954237006565,195.64352407279722,5.747409703998885,20.729273957201837
Tavush,2019-09-01,2019,9,33.533333333334234,0.6666666666666742,66.46666666666577,121731.33333333327,240.0000000000016,503.33333333333985,301.99999999999955,9.333333333333485,920.6666666666756,106.00000000000273,176.00000000000045,18.0,506.6666666666638,255.333333333336,8608.999999999962,7.0,251.33333333333348,27.0,756.4522512395077,197.18128835501662,5.75041879023326,20.979349226020695
Tavush,2019-10-01,2019,10,34.525,0.6749999999999999,65.475,121667.5,241.75,510.5,301.5,9.5,930.5,109.0,176.5,18.0,503.5,258.25,8567.75,7.0,251.5,27.0,764.9090787783359,198.7190526372318,5.753427876467626,21.22942449483887
Tavush,2019-11-01,2019,11,35.51666666666576,0.6833333333333257,64.48333333333423,121603.66666666673,243.4999999999984,517.6666666666601,301.00000000000045,9.666666666666515,940.3333333333244,111.99999999999727,176.99999999999955,18.0,500.3333333333362,261.166666666664,8526.500000000038,7.0,251.66666666666652,27.0,773.365906317164,200.256816919447,5.756436962701993,21.479499763657046
Tavush,2019-12-01,2019,12,36.508333333334235,0.6916666666666742,63.491666666665765,121539.83333333327,245.2500000000016,524.8333333333399,300.49999999999955,9.833333333333485,950.1666666666756,115.00000000000273,177.50000000000045,18.0,497.1666666666638,264.083333333336,8485.249999999962,7.0,251.83333333333348,27.0,781.8227338560152,201.7945812016664,5.7594460489363675,21.729575032475903
Tavush,2020-01-01,2020,1,37.5,0.7,62.5,121476.0,247.0,532.0,300.0,10.0,960.0,118.0,178.0,18.0,494.0,267.0,8444.0,7.0,252.0,27.0,790.2795613948434,203.3323454838816,5.762455135170733,21.97965030129408
Tavush,2020-02-01,2020,2,37.55833333333328,0.7499999999999545,62.44166666666672,121397.50000000007,244.8333333333353,530.0833333333351,305.2499999999952,9.66666666666697,965.0833333333287,120.08333333333144,179.83333333333167,18.0,495.49999999999864,263.00000000000364,8502.499999999947,7.0,252.74999999999932,27.0,795.0115895271738,201.66721301050478,5.766208040808234,21.6621083840648
Tavush,2020-03-01,2020,3,37.61666666666672,0.8000000000000455,62.38333333333328,121318.99999999993,242.6666666666647,528.1666666666649,310.5000000000048,9.33333333333303,970.1666666666713,122.16666666666856,181.66666666666833,18.0,497.00000000000136,258.99999999999636,8561.000000000053,7.0,253.50000000000068,27.0,799.7436176595171,200.00208053712345,5.769960946445745,21.34456646683466
Tavush,2020-04-01,2020,4,37.675,0.85,62.325,121240.5,240.5,526.25,315.75,9.0,975.25,124.25,183.5,18.0,498.5,255.0,8619.5,7.0,254.25,27.0,804.4756457918475,198.33694806374666,5.773713852083246,21.027024549605386
Tavush,2020-05-01,2020,5,37.733333333333285,0.8999999999999545,62.266666666666715,121162.00000000007,238.3333333333353,524.3333333333351,320.9999999999952,8.66666666666697,980.3333333333287,126.33333333333144,185.33333333333167,18.0,499.99999999999864,251.00000000000364,8677.999999999947,7.0,254.99999999999932,27.0,809.2076739241778,196.67181559036985,5.777466757720746,20.70948263237611
Tavush,2020-06-01,2020,6,37.79166666666672,0.9500000000000455,62.20833333333328,121083.49999999993,236.1666666666647,522.4166666666649,326.2500000000048,8.33333333333303,985.4166666666713,128.41666666666856,187.16666666666833,18.0,501.50000000000136,246.99999999999636,8736.500000000053,7.0,255.75000000000068,27.0,813.9397020565211,195.0066831169885,5.781219663358256,20.391940715145967
Tavush,2020-07-01,2020,7,37.85,1.0,62.15,121005.0,234.0,520.5,331.5,8.0,990.5,130.5,189.0,18.0,503.0,243.0,8795.0,7.0,256.5,27.0,818.6717301888516,193.3415506436117,5.784972568995757,20.07439879791669
Tavush,2020-08-01,2020,8,37.90833333333328,1.0499999999999545,62.09166666666672,120926.50000000007,231.8333333333353,518.5833333333351,336.7499999999952,7.66666666666697,995.5833333333287,132.58333333333144,190.83333333333167,18.0,504.49999999999864,239.00000000000364,8853.499999999947,7.0,257.2499999999993,27.0,823.403758321182,191.67641817023488,5.788725474633258,19.756856880687415
Tavush,2020-09-01,2020,9,37.96666666666672,1.1000000000000454,62.03333333333328,120847.99999999993,229.6666666666647,516.6666666666649,342.0000000000048,7.33333333333303,1000.6666666666713,134.66666666666856,192.66666666666833,18.0,506.00000000000136,234.99999999999636,8912.000000000053,7.0,258.0000000000007,27.0,828.1357864535253,190.01128569685355,5.792478380270769,19.43931496345727
Tavush,2020-10-01,2020,10,38.025000000000006,1.15,61.974999999999994,120769.5,227.5,514.75,347.25,7.0,1005.75,136.75,194.5,18.0,507.5,231.0,8970.5,7.0,258.75,27.0,832.8678145858556,188.34615322347673,5.796231285908269,19.121773046227993
Tavush,2020-11-01,2020,11,38.083333333333286,1.1999999999999544,61.916666666666714,120691.00000000007,225.3333333333353,512.8333333333351,352.4999999999952,6.66666666666697,1010.8333333333287,138.83333333333144,196.33333333333167,18.0,508.99999999999864,227.00000000000364,9028.999999999947,7.0,259.4999999999993,27.0,837.599842718186,186.68102075009995,5.79998419154577,18.80423112899872
Tavush,2020-12-01,2020,12,38.14166666666672,1.2500000000000455,61.85833333333328,120612.49999999993,223.1666666666647,510.9166666666649,357.7500000000048,6.33333333333303,1015.9166666666713,140.91666666666856,198.16666666666833,18.0,510.50000000000136,222.99999999999636,9087.500000000053,7.0,260.2500000000007,27.0,842.3318708505293,185.0158882767186,5.803737097183281,18.486689211768578
Tavush,2021-01-01,2021,1,38.2,1.3,61.8,120534.0,221.0,509.0,363.0,6.0,1021.0,143.0,200.0,18.0,512.0,219.0,9146.0,7.0,261.0,27.0,847.0638989828597,183.3507558033418,5.807490002820781,18.1691472945393
Tavush,2021-02-01,2021,2,38.1333333333334,1.3,61.8666666666666,120469.41666666673,219.2500000000016,500.7500000000075,361.5833333333346,6.583333333332803,1010.6666666666761,141.75000000000114,200.4166666666663,18.0,512.4999999999995,218.75000000000023,9132.666666666679,7.0,262.24999999999886,27.083333333333258,838.892261584503,181.98836469268718,5.810621851472505,18.15807024894028
Tavush,2021-03-01,2021,3,38.066666666666606,1.3,61.933333333333394,120404.83333333327,217.4999999999984,492.4999999999925,360.1666666666654,7.166666666667197,1000.3333333333239,140.49999999999886,200.8333333333337,18.0,513.0000000000005,218.49999999999977,9119.333333333321,7.0,263.50000000000114,27.166666666666742,830.7206241861239,180.62597358202885,5.813753700124238,18.14699320334123
Tavush,2021-04-01,2021,4,38.0,1.3,62.0,120340.25,215.75,484.25,358.75,7.75,990.0,139.25,201.25,18.0,513.5,218.25,9106.0,7.0,264.75,27.25,822.5489867877673,179.26358247137424,5.8168855487759625,18.13591615774221
Tavush,2021-05-01,2021,5,37.933333333333394,1.3,62.066666666666606,120275.66666666673,214.0000000000016,476.0000000000075,357.3333333333346,8.333333333332803,979.6666666666761,138.00000000000114,201.6666666666663,18.0,513.9999999999995,218.00000000000023,9092.666666666679,7.0,265.99999999999886,27.333333333333258,814.3773493894105,177.90119136071962,5.820017397427686,18.12483911214319
Tavush,2021-06-01,2021,6,37.86666666666661,1.3,62.13333333333339,120211.08333333327,212.2499999999984,467.7499999999925,355.9166666666654,8.916666666667197,969.3333333333239,136.74999999999886,202.0833333333337,18.0,514.5000000000005,217.74999999999977,9079.333333333321,7.0,267.25000000000114,27.416666666666742,806.2057119910315,176.53880025006129,5.823149246079419,18.113762066544137
Tavush,2021-07-01,2021,7,37.8,1.3,62.2,120146.5,210.5,459.5,354.5,9.5,959.0,135.5,202.5,18.0,515.0,217.5,9066.0,7.0,268.5,27.5,798.0340745926749,175.1764091394067,5.826281094731144,18.102685020945117
Tavush,2021-08-01,2021,8,37.73333333333339,1.3,62.26666666666661,120081.91666666673,208.7500000000016,451.2500000000075,353.0833333333346,10.083333333332803,948.6666666666761,134.25000000000114,202.9166666666663,18.0,515.4999999999995,217.25000000000023,9052.666666666679,7.0,269.74999999999886,27.583333333333258,789.8624371943181,173.81401802875206,5.829412943382867,18.091607975346093
Tavush,2021-09-01,2021,9,37.66666666666661,1.3,62.33333333333339,120017.33333333327,206.9999999999984,442.9999999999925,351.6666666666654,10.666666666667197,938.3333333333239,132.99999999999886,203.3333333333337,18.0,516.0000000000005,216.99999999999977,9039.333333333321,7.0,271.00000000000114,27.666666666666742,781.6907997959391,172.45162691809375,5.8325447920346,18.08053092974704
Tavush,2021-10-01,2021,10,37.6,1.3,62.4,119952.75,205.25,434.75,350.25,11.25,928.0,131.75,203.75,18.0,516.5,216.75,9026.0,7.0,272.25,27.75,773.5191623975824,171.08923580743914,5.835676640686324,18.06945388414802
Tavush,2021-11-01,2021,11,37.533333333333395,1.3,62.466666666666605,119888.16666666673,203.5000000000016,426.5000000000075,348.8333333333346,11.833333333332803,917.6666666666761,130.50000000000114,204.1666666666663,18.0,516.9999999999995,216.50000000000023,9012.666666666679,7.0,273.49999999999886,27.833333333333258,765.3475249992257,169.72684469678453,5.8388084893380485,18.058376838549
Tavush,2021-12-01,2021,12,37.466666666666605,1.3,62.533333333333395,119823.58333333327,201.7499999999984,418.2499999999925,347.4166666666654,12.416666666667197,907.3333333333239,129.24999999999886,204.5833333333337,18.0,517.5000000000005,216.24999999999977,8999.333333333321,7.0,274.75000000000114,27.916666666666742,757.1758876008466,168.3644535861262,5.841940337989781,18.04729979294995
Tavush,2022-01-01,2022,1,37.4,1.3,62.6,119759.0,200.0,410.0,346.0,13.0,897.0,128.0,205.0,18.0,518.0,216.0,8986.0,7.0,276.0,28.0,749.00425020249,167.00206247547158,5.845072186641505,18.03622274735093
Tavush,2022-02-01,2022,2,37.4,1.3,62.6,119759.0,200.0,410.0,346.0,13.0,897.0,128.0,205.0,18.0,518.0,216.0,8986.0,7.0,276.0,28.0,749.00425020249,167.00206247547158,5.845072186641505,18.03622274735093
Tavush,2022-03-01,2022,3,37.4,1.3,62.6,119759.0,200.0,410.0,346.0,13.0,897.0,128.0,205.0,18.0,518.0,216.0,8986.0,7.0,276.0,28.0,749.00425020249,167.00206247547158,5.845072186641505,18.03622274735093
Tavush,2022-04-01,2022,4,37.4,1.3,62.6,119759.0,200.0,410.0,346.0,13.0,897.0,128.0,205.0,18.0,518.0,216.0,8986.0,7.0,276.0,28.0,749.00425020249,167.00206247547158,5.845072186641505,18.03622274735093
Tavush,2022-05-01,2022,5,37.4,1.3,62.6,119759.0,200.0,410.0,346.0,13.0,897.0,128.0,205.0,18.0,518.0,216.0,8986.0,7.0,276.0,28.0,749.00425020249,167.00206247547158,5.845072186641505,18.03622274735093
Tavush,2022-06-01,2022,6,37.4,1.3,62.6,119759.0,200.0,410.0,346.0,13.0,897.0,128.0,205.0,18.0,518.0,216.0,8986.0,7.0,276.0,28.0,749.00425020249,167.00206247547158,5.845072186641505,18.03622274735093
Tavush,2022-07-01,2022,7,37.4,1.3,62.6,119759.0,200.0,410.0,346.0,13.0,897.0,128.0,205.0,18.0,518.0,216.0,8986.0,7.0,276.0,28.0,749.00425020249,167.00206247547158,5.845072186641505,18.03622274735093
Tavush,2022-08-01,2022,8,37.4,1.3,62.6,119759.0,200.0,410.0,346.0,13.0,897.0,128.0,205.0,18.0,518.0,216.0,8986.0,7.0,276.0,28.0,749.00425020249,167.00206247547158,5.845072186641505,18.03622274735093
Tavush,2022-09-01,2022,9,37.4,1.3,62.6,119759.0,200.0,410.0,346.0,13.0,897.0,128.0,205.0,18.0,518.0,216.0,8986.0,7.0,276.0,28.0,749.00425020249,167.00206247547158,5.845072186641505,18.03622274735093
Tavush,2022-10-01,2022,10,37.4,1.3,62.6,119759.0,200.0,410.0,346.0,13.0,897.0,128.0,205.0,18.0,518.0,216.0,8986.0,7.0,276.0,28.0,749.00425020249,167.00206247547158,5.845072186641505,18.03622274735093
Tavush,2022-11-01,2022,11,37.4,1.3,62.6,119759.0,200.0,410.0,346.0,13.0,897.0,128.0,205.0,18.0,518.0,216.0,8986.0,7.0,276.0,28.0,749.00425020249,167.00206247547158,5.845072186641505,18.03622274735093
Tavush,2022-12-01,2022,12,37.4,1.3,62.6,119759.0,200.0,410.0,346.0,13.0,897.0,128.0,205.0,18.0,518.0,216.0,8986.0,7.0,276.0,28.0,749.00425020249,167.00206247547158,5.845072186641505,18.03622274735093
Vayots Dzor,2016-01-01,2016,1,18.8,1.2,81.2,50836.0,35.0,122.0,38.0,1.0,177.0,16.0,108.0,5.0,228.0,85.0,1959.0,3.0,104.0,8.0,348.17845621213314,68.84884727358565,5.901329766307342,16.7204343378708
Vayots Dzor,2016-02-01,2016,2,18.64166666666681,1.100000000000091,81.35833333333319,50789.41666666671,36.66666666666515,126.74999999999568,38.99999999999909,1.0,182.24999999999523,15.500000000000455,108.0,5.0,228.24999999999977,85.0,1940.250000000017,3.0,104.08333333333326,8.0,358.9432057613251,72.22760645708254,5.906797547034385,16.73592638326409
Vayots Dzor,2016-03-01,2016,3,18.48333333333319,0.999999999999909,81.51666666666681,50742.83333333329,38.33333333333485,131.50000000000432,40.00000000000091,1.0,187.50000000000477,14.999999999999545,108.0,5.0,228.50000000000023,85.0,1921.499999999983,3.0,104.16666666666674,8.0,369.70795531054637,75.60636564058866,5.912265327761443,16.75141842865742
Vayots Dzor,2016-04-01,2016,4,18.325,0.8999999999999999,81.675,50696.25,40.0,136.25,41.0,1.0,192.75,14.5,108.0,5.0,228.75,85.0,1902.75,3.0,104.25,8.0,380.4727048597383,78.98512482408556,5.917733108488487,16.76691047405071
Vayots Dzor,2016-05-01,2016,5,18.16666666666681,0.8000000000000909,81.83333333333319,50649.66666666671,41.66666666666515,140.99999999999568,41.99999999999909,1.0,197.99999999999523,14.000000000000455,108.0,5.0,228.99999999999977,85.0,1884.000000000017,3.0,104.33333333333326,8.0,391.23745440893026,82.36388400758246,5.92320088921553,16.782402519444002
Vayots Dzor,2016-06-01,2016,6,18.00833333333319,0.699999999999909,81.99166666666682,50603.08333333329,43.33333333333485,145.75000000000432,43.00000000000091,1.0,203.25000000000477,13.499999999999545,108.0,5.0,229.25000000000023,85.0,1865.249999999983,3.0,104.41666666666674,8.0,402.00220395815154,85.74264319108858,5.928668669942589,16.797894564837332
Vayots Dzor,2016-07-01,2016,7,17.85,0.6,82.15,50556.5,45.0,150.5,44.0,1.0,208.5,13.0,108.0,5.0,229.5,85.0,1846.5,3.0,104.5,8.0,412.7669535073435,89.12140237458547,5.934136450669632,16.813386610230623
Vayots Dzor,2016-08-01,2016,8,17.69166666666681,0.5000000000000909,82.30833333333318,50509.91666666671,46.66666666666515,155.24999999999568,44.99999999999909,1.0,213.74999999999523,12.500000000000455,108.0,5.0,229.74999999999977,85.0,1827.750000000017,3.0,104.58333333333326,8.0,423.53170305653543,92.50016155808237,5.939604231396676,16.828878655623914
Vayots Dzor,2016-09-01,2016,9,17.53333333333319,0.399999999999909,82.46666666666681,50463.33333333329,48.33333333333485,160.00000000000432,46.00000000000091,1.0,219.00000000000477,11.999999999999545,108.0,5.0,230.00000000000023,85.0,1808.999999999983,3.0,104.66666666666674,8.0,434.2964526057567,95.87892074158847,5.945072012123735,16.844370701017244
Vayots Dzor,2016-10-01,2016,10,17.375,0.30000000000000004,82.625,50416.75,50.0,164.75,47.0,1.0,224.25,11.5,108.0,5.0,230.25,85.0,1790.25,3.0,104.75,8.0,445.06120215494866,99.25767992508537,5.950539792850778,16.859862746410535
Vayots Dzor,2016-11-01,2016,11,17.21666666666681,0.200000000000091,82.78333333333319,50370.16666666671,51.66666666666515,169.49999999999568,47.99999999999909,1.0,229.49999999999523,11.000000000000455,108.0,5.0,230.49999999999977,85.0,1771.500000000017,3.0,104.83333333333326,8.0,455.8259517041406,102.63643910858227,5.956007573577821,16.875354791803826
Vayots Dzor,2016-12-01,2016,12,17.058333333333188,0.09999999999990905,82.9416666666668,50323.58333333329,53.33333333333485,174.25000000000432,49.00000000000091,1.0,234.75000000000477,10.499999999999545,108.0,5.0,230.75000000000023,85.0,1752.749999999983,3.0,104.91666666666674,8.0,466.5907012533619,106.01519829208839,5.96147535430488,16.890846837197156
Vayots Dzor,2017-01-01,2017,1,16.9,0.0,83.1,50277.0,55.0,179.0,50.0,1.0,240.0,10.0,108.0,5.0,231.0,85.0,1734.0,3.0,105.0,8.0,477.35545080255383,109.39395747558528,5.966943135031923,16.906338882590447
Vayots Dzor,2017-02-01,2017,2,17.041666666666536,0.13333333333321207,82.95833333333346,50223.33333333338,55.08333333333326,176.75000000000205,52.499999999997726,1.0,241.49999999999864,11.33333333333212,108.24999999999977,5.0,229.58333333333462,85.0,1746.916666666655,3.0,105.0,8.0,480.8937836830885,109.68014090968175,5.9733950107647305,16.924619197166734
Vayots Dzor,2017-03-01,2017,3,17.18333333333346,0.26666666666678795,82.81666666666653,50169.66666666662,55.16666666666674,174.49999999999795,55.000000000002274,1.0,243.00000000000136,12.66666666666788,108.50000000000023,5.0,228.16666666666538,85.0,1759.833333333345,3.0,105.0,8.0,484.43211656363286,109.96632434377901,5.979846886497556,16.94289951174307
Vayots Dzor,2017-04-01,2017,4,17.325,0.4,82.675,50116.0,55.25,172.25,57.5,1.0,244.5,14.0,108.75,5.0,226.75,85.0,1772.75,3.0,105.0,8.0,487.9704494441675,110.25250777787548,5.986298762230362,16.96117982631936
Vayots Dzor,2017-05-01,2017,5,17.466666666666537,0.5333333333332121,82.53333333333346,50062.33333333338,55.33333333333326,170.00000000000205,59.999999999997726,1.0,245.99999999999864,15.33333333333212,108.99999999999977,5.0,225.33333333333462,85.0,1785.666666666655,3.0,105.0,8.0,491.50878232470217,110.53869121197194,5.992750637963169,16.979460140895647
Vayots Dzor,2017-06-01,2017,6,17.608333333333462,0.666666666666788,82.39166666666654,50008.66666666662,55.41666666666674,167.74999999999795,62.500000000002274,1.0,247.50000000000136,16.66666666666788,109.25000000000023,5.0,223.91666666666538,85.0,1798.583333333345,3.0,105.0,8.0,495.04711520524654,110.82487464606919,5.9992025136959946,16.997740455471984
Vayots Dzor,2017-07-01,2017,7,17.75,0.8,82.25,49955.0,55.5,165.5,65.0,1.0,249.0,18.0,109.5,5.0,222.5,85.0,1811.5,3.0,105.0,8.0,498.5854480857812,111.11105808016566,6.005654389428802,17.01602077004827
Vayots Dzor,2017-08-01,2017,8,17.891666666666538,0.9333333333332121,82.10833333333346,49901.33333333338,55.58333333333326,163.25000000000205,67.49999999999773,1.0,250.49999999999864,19.33333333333212,109.74999999999977,5.0,221.08333333333462,85.0,1824.416666666655,3.0,105.0,8.0,502.12378096631585,111.39724151426213,6.012106265161609,17.03430108462456
Vayots Dzor,2017-09-01,2017,9,18.033333333333463,1.0666666666667879,81.96666666666654,49847.66666666662,55.66666666666674,160.99999999999795,70.00000000000227,1.0,252.00000000000136,20.66666666666788,110.00000000000023,5.0,219.66666666666538,85.0,1837.333333333345,3.0,105.0,8.0,505.6621138468602,111.68342494835939,6.018558140894434,17.052581399200896
Vayots Dzor,2017-10-01,2017,10,18.175,1.2000000000000002,81.825,49794.0,55.75,158.75,72.5,1.0,253.5,22.0,110.25,5.0,218.25,85.0,1850.25,3.0,105.0,8.0,509.2004467273949,111.96960838245585,6.025010016627242,17.070861713777184
Vayots Dzor,2017-11-01,2017,11,18.31666666666654,1.3333333333332122,81.68333333333347,49740.33333333338,55.83333333333326,156.50000000000205,74.99999999999773,1.0,254.99999999999864,23.33333333333212,110.49999999999977,5.0,216.83333333333462,85.0,1863.166666666655,3.0,105.0,8.0,512.7387796079296,112.25579181655232,6.031461892360048,17.08914202835347
Vayots Dzor,2017-12-01,2017,12,18.458333333333464,1.466666666666788,81.54166666666654,49686.66666666662,55.91666666666674,154.24999999999795,77.50000000000227,1.0,256.50000000000136,24.66666666666788,110.75000000000023,5.0,215.41666666666538,85.0,1876.083333333345,3.0,105.0,8.0,516.2771124884739,112.54197525064957,6.037913768092873,17.10742234292981
Vayots Dzor,2018-01-01,2018,1,18.6,1.6,81.4,49633.0,56.0,152.0,80.0,1.0,258.0,26.0,111.0,5.0,214.0,85.0,1889.0,3.0,105.0,8.0,519.8154453690086,112.82815868474604,6.044365643825681,17.125702657506096
Vayots Dzor,2018-02-01,2018,2,18.65833333333328,1.466666666666788,81.34166666666673,49577.75000000005,57.66666666666515,149.8333333333353,80.5833333333328,1.0,256.4166666666681,26.0,112.33333333333212,5.0,214.0,85.0,1909.7499999999811,3.0,105.66666666666606,8.0,517.1686508013839,116.35890041302542,6.051185149682758,17.145024590767814
Vayots Dzor,2018-03-01,2018,3,18.716666666666722,1.3333333333332122,81.28333333333329,49522.49999999995,59.33333333333485,147.6666666666647,81.1666666666672,1.0,254.8333333333319,26.0,113.66666666666788,5.0,214.0,85.0,1930.5000000000189,3.0,106.33333333333394,8.0,514.521856233752,119.88964214131445,6.058004655539853,17.164346524029586
Vayots Dzor,2018-04-01,2018,4,18.775000000000002,1.2000000000000002,81.22500000000001,49467.25,61.0,145.5,81.75,1.0,253.25,26.0,115.0,5.0,214.0,85.0,1951.25,3.0,107.0,8.0,511.87506166612746,123.42038386959383,6.06482416139693,17.183668457291304
Vayots Dzor,2018-05-01,2018,5,18.833333333333282,1.066666666666788,81.16666666666673,49412.00000000005,62.66666666666515,143.3333333333353,82.3333333333328,1.0,251.6666666666681,26.0,116.33333333333212,5.0,214.0,85.0,1971.9999999999811,3.0,107.66666666666606,8.0,509.22826709850284,126.95112559787323,6.0716436672540075,17.202990390553023
Vayots Dzor,2018-06-01,2018,6,18.891666666666723,0.9333333333332121,81.10833333333329,49356.74999999995,64.33333333333485,141.1666666666647,82.9166666666672,1.0,250.0833333333319,26.0,117.66666666666788,5.0,214.0,85.0,1992.7500000000189,3.0,108.33333333333394,8.0,506.581472530871,130.48186732616225,6.078463173111103,17.222312323814794
Vayots Dzor,2018-07-01,2018,7,18.950000000000003,0.8,81.05000000000001,49301.5,66.0,139.0,83.5,1.0,248.5,26.0,119.0,5.0,214.0,85.0,2013.5,3.0,109.0,8.0,503.9346779632464,134.01260905444164,6.085282678968181,17.241634257076512
Vayots Dzor,2018-08-01,2018,8,19.00833333333328,0.666666666666788,80.99166666666672,49246.25000000005,67.66666666666515,136.8333333333353,84.0833333333328,1.0,246.9166666666681,26.0,120.33333333333212,5.0,214.0,85.0,2034.2499999999811,3.0,109.66666666666606,8.0,501.28788339562175,137.543350782721,6.092102184825257,17.26095619033823
Vayots Dzor,2018-09-01,2018,9,19.06666666666672,0.5333333333332122,80.93333333333328,49190.99999999995,69.33333333333485,134.6666666666647,84.6666666666672,1.0,245.3333333333319,26.0,121.66666666666788,5.0,214.0,85.0,2055.000000000019,3.0,110.33333333333394,8.0,498.6410888279899,141.07409251101004,6.098921690682353,17.280278123600002
Vayots Dzor,2018-10-01,2018,10,19.125,0.3999999999999999,80.875,49135.75,71.0,132.5,85.25,1.0,243.75,26.0,123.0,5.0,214.0,85.0,2075.75,3.0,111.0,8.0,495.9942942603653,144.60483423928943,6.10574119653943,17.29960005686172
Vayots Dzor,2018-11-01,2018,11,19.18333333333328,0.26666666666678784,80.81666666666672,49080.50000000005,72.66666666666515,130.3333333333353,85.8333333333328,1.0,242.1666666666681,26.0,124.33333333333212,5.0,214.0,85.0,2096.499999999981,3.0,111.66666666666606,8.0,493.34749969274066,148.1355759675688,6.112560702396507,17.31892199012344
Vayots Dzor,2018-12-01,2018,12,19.24166666666672,0.13333333333321207,80.75833333333328,49025.24999999995,74.33333333333485,128.1666666666647,86.4166666666672,1.0,240.5833333333319,26.0,125.66666666666788,5.0,214.0,85.0,2117.250000000019,3.0,112.33333333333394,8.0,490.7007051251088,151.66631769585783,6.119380208253602,17.33824392338521
Vayots Dzor,2019-01-01,2019,1,19.3,0.0,80.7,48970.0,76.0,126.0,87.0,1.0,239.0,26.0,127.0,5.0,214.0,85.0,2138.0,3.0,113.0,8.0,488.0539105574842,155.19705942413722,6.12619971411068,17.35756585664693
Vayots Dzor,2019-02-01,2019,2,19.51666666666647,0.0,80.48333333333353,48931.50000000004,74.25000000000159,123.58333333333553,86.33333333333394,1.0,236.00000000000273,26.0,125.00000000000182,5.0,213.25000000000068,85.0,2107.083333333361,3.0,111.66666666666788,8.0,482.256724022412,151.712584425951,6.13106197784023,17.371342270547323
Vayots Dzor,2019-03-01,2019,3,19.73333333333353,0.0,80.26666666666647,48892.99999999996,72.49999999999841,121.16666666666447,85.66666666666606,1.0,232.99999999999727,26.0,122.99999999999818,5.0,212.49999999999932,85.0,2076.166666666639,3.0,110.33333333333212,8.0,476.459537487324,148.22810942775527,6.1359242415697945,17.385118684447754
Vayots Dzor,2019-04-01,2019,4,19.95,0.0,80.05,48854.5,70.75,118.75,85.0,1.0,230.0,26.0,121.0,5.0,211.75,85.0,2045.25,3.0,109.0,8.0,470.6623509522518,144.74363442956906,6.140786505299345,17.39889509834815
Vayots Dzor,2019-05-01,2019,5,20.16666666666647,0.0,79.83333333333353,48816.00000000004,69.00000000000159,116.33333333333553,84.33333333333394,1.0,227.00000000000273,26.0,119.00000000000182,5.0,211.00000000000068,85.0,2014.3333333333615,3.0,107.66666666666788,8.0,464.86516441717964,141.25915943138284,6.145648769028896,17.41267151224854
Vayots Dzor,2019-06-01,2019,6,20.383333333333532,0.0,79.61666666666648,48777.49999999996,67.24999999999841,113.91666666666447,83.66666666666606,1.0,223.99999999999727,26.0,116.99999999999818,5.0,210.24999999999932,85.0,1983.4166666666385,3.0,106.33333333333212,8.0,459.0679778820916,137.77468443318713,6.15051103275846,17.42644792614897
Vayots Dzor,2019-07-01,2019,7,20.6,0.0,79.4,48739.0,65.5,111.5,83.0,1.0,221.0,26.0,115.0,5.0,209.5,85.0,1952.5,3.0,105.0,8.0,453.27079134701944,134.29020943500092,6.15537329648801,17.440224340049365
Vayots Dzor,2019-08-01,2019,8,20.816666666666467,0.0,79.18333333333352,48700.50000000004,63.75000000000159,109.08333333333553,82.33333333333394,1.0,218.00000000000273,26.0,113.00000000000182,5.0,208.75000000000068,85.0,1921.5833333333615,3.0,103.66666666666788,8.0,447.47360481194727,130.8057344368147,6.160235560217561,17.45400075394976
Vayots Dzor,2019-09-01,2019,9,21.03333333333353,0.0,78.96666666666647,48661.99999999996,61.99999999999841,106.66666666666447,81.66666666666606,1.0,214.99999999999727,26.0,110.99999999999818,5.0,207.99999999999932,85.0,1890.6666666666385,3.0,102.33333333333212,8.0,441.67641827685924,127.32125943861897,6.165097823947125,17.46777716785019
Vayots Dzor,2019-10-01,2019,10,21.25,0.0,78.75,48623.5,60.25,104.25,81.0,1.0,212.0,26.0,109.0,5.0,207.25,85.0,1859.75,3.0,101.0,8.0,435.87923174178707,123.83678444043275,6.169960087676676,17.481553581750582
Vayots Dzor,2019-11-01,2019,11,21.46666666666647,0.0,78.53333333333353,48585.00000000004,58.50000000000159,101.83333333333553,80.33333333333394,1.0,209.00000000000273,26.0,107.00000000000182,5.0,206.50000000000068,85.0,1828.8333333333615,3.0,99.66666666666788,8.0,430.0820452067149,120.35230944224654,6.174822351406227,17.495329995650977
Vayots Dzor,2019-12-01,2019,12,21.68333333333353,0.0,78.31666666666646,48546.49999999996,56.74999999999841,99.41666666666447,79.66666666666606,1.0,205.99999999999727,26.0,104.99999999999818,5.0,205.74999999999932,85.0,1797.9166666666385,3.0,98.33333333333212,8.0,424.28485867162686,116.86783444405081,6.179684615135791,17.509106409551407
Vayots Dzor,2020-01-01,2020,1,21.9,0.0,78.1,48508.0,55.0,97.0,79.0,1.0,203.0,26.0,103.0,5.0,205.0,85.0,1767.0,3.0,97.0,8.0,418.4876721365547,113.3833594458646,6.1845468788653415,17.522882823451802
Vayots Dzor,2020-02-01,2020,2,22.29166666666631,0.0,77.70833333333368,48476.00000000003,60.08333333332871,104.16666666666015,78.4166666666672,1.3333333333330302,211.33333333332575,27.416666666665378,102.66666666666697,5.0,203.4166666666681,85.0,1776.9166666666576,3.0,98.49999999999864,8.0,436.0823221831205,124.02174363743504,6.188659286398454,17.53453464479562
Vayots Dzor,2020-03-01,2020,3,22.68333333333369,0.0,77.31666666666631,48443.99999999997,65.16666666667129,111.33333333333985,77.8333333333328,1.6666666666669698,219.66666666667425,28.833333333334622,102.33333333333303,5.0,201.8333333333319,85.0,1786.8333333333424,3.0,100.00000000000136,8.0,453.67697222973436,134.66012782903448,6.192771693931578,17.54618646613947
Vayots Dzor,2020-04-01,2020,4,23.075,0.0,76.925,48412.0,70.25,118.5,77.25,2.0,228.0,30.25,102.0,5.0,200.25,85.0,1796.75,3.0,101.5,8.0,471.27162227630015,145.29851202060493,6.196884101464691,17.557838287483293
Vayots Dzor,2020-05-01,2020,5,23.46666666666631,0.0,76.53333333333369,48380.00000000003,75.33333333332871,125.66666666666015,76.6666666666672,2.33333333333303,236.33333333332575,31.666666666665378,101.66666666666697,5.0,198.6666666666681,85.0,1806.6666666666576,3.0,102.99999999999864,8.0,488.86627232286594,155.93689621217536,6.200996508997803,17.56949010882711
Vayots Dzor,2020-06-01,2020,6,23.85833333333369,0.0,76.14166666666631,48347.99999999997,80.41666666667129,132.83333333333985,76.0833333333328,2.66666666666697,244.66666666667425,33.08333333333462,101.33333333333303,5.0,197.0833333333319,85.0,1816.5833333333424,3.0,104.50000000000136,8.0,506.4609223694798,166.5752804037748,6.205108916530927,17.58114193017096
Vayots Dzor,2020-07-01,2020,7,24.25,0.0,75.75,48316.0,85.5,140.0,75.5,3.0,253.0,34.5,101.0,5.0,195.5,85.0,1826.5,3.0,106.0,8.0,524.0555724160456,177.21366459534525,6.209221324064039,17.59279375151478
Vayots Dzor,2020-08-01,2020,8,24.64166666666631,0.0,75.35833333333369,48284.00000000003,90.58333333332871,147.16666666666015,74.9166666666672,3.33333333333303,261.33333333332575,35.91666666666538,100.66666666666697,5.0,193.9166666666681,85.0,1836.4166666666576,3.0,107.49999999999864,8.0,541.6502224626114,187.85204878691567,6.213333731597152,17.604445572858598
Vayots Dzor,2020-09-01,2020,9,25.03333333333369,0.0,74.96666666666631,48251.99999999997,95.66666666667129,154.33333333333985,74.3333333333328,3.66666666666697,269.66666666667425,37.33333333333462,100.33333333333303,5.0,192.3333333333319,85.0,1846.3333333333424,3.0,109.00000000000136,8.0,559.2448725092253,198.49043297851512,6.217446139130276,17.61609739420245
Vayots Dzor,2020-10-01,2020,10,25.425,0.0,74.575,48220.0,100.75,161.5,73.75,4.0,278.0,38.75,100.0,5.0,190.75,85.0,1856.25,3.0,110.5,8.0,576.8395225557911,209.12881717008557,6.221558546663388,17.627749215546267
Vayots Dzor,2020-11-01,2020,11,25.81666666666631,0.0,74.18333333333369,48188.00000000003,105.83333333332871,168.66666666666015,73.1666666666672,4.33333333333303,286.33333333332575,40.16666666666538,99.66666666666697,5.0,189.1666666666681,85.0,1866.1666666666576,3.0,111.99999999999864,8.0,594.4341726023569,219.767201361656,6.225670954196501,17.63940103689009
Vayots Dzor,2020-12-01,2020,12,26.20833333333369,0.0,73.79166666666632,48155.99999999997,110.91666666667129,175.83333333333985,72.5833333333328,4.66666666666697,294.66666666667425,41.58333333333462,99.33333333333303,5.0,187.5833333333319,85.0,1876.0833333333424,3.0,113.50000000000136,8.0,612.0288226489707,230.40558555325543,6.229783361729625,17.65105285823394
Vayots Dzor,2021-01-01,2021,1,26.6,0.0,73.4,48124.0,116.0,183.0,72.0,5.0,303.0,43.0,99.0,5.0,186.0,85.0,1886.0,3.0,115.0,8.0,629.6234726955365,241.0439697448259,6.2338957692627375,17.662704679577757
Vayots Dzor,2021-02-01,2021,2,25.691666666667494,0.0,74.30833333333251,48079.000000000044,115.66666666666697,182.16666666666742,80.58333333332553,6.999999999998181,312.91666666665765,43.166666666666515,99.16666666666652,5.0,186.9999999999991,85.0,1889.7499999999966,3.0,114.66666666666697,8.0,651.0592436046034,240.57140849115248,6.2397911397573695,17.679408229312546
Vayots Dzor,2021-03-01,2021,3,24.783333333332507,0.0,75.21666666666749,48033.999999999956,115.33333333333303,181.33333333333258,89.16666666667447,9.000000000001819,322.83333333334235,43.333333333333485,99.33333333333348,5.0,188.0000000000009,85.0,1893.5000000000034,3.0,114.33333333333303,8.0,672.4950145137287,240.09884723747777,6.245686510252018,17.696111779047385
Vayots Dzor,2021-04-01,2021,4,23.875,0.0,76.125,47989.0,115.0,180.5,97.75,11.0,332.75,43.5,99.5,5.0,189.0,85.0,1897.25,3.0,114.0,8.0,693.9307854227957,239.62628598380437,6.25158188074665,17.712815328782174
Vayots Dzor,2021-05-01,2021,5,22.966666666667493,0.0,77.03333333333251,47944.000000000044,114.66666666666697,179.66666666666742,106.33333333332553,12.999999999998181,342.66666666665765,43.666666666666515,99.66666666666652,5.0,189.9999999999991,85.0,1900.9999999999966,3.0,113.66666666666697,8.0,715.3665563318625,239.15372473013093,6.257477251241282,17.729518878516966
Vayots Dzor,2021-06-01,2021,6,22.058333333332506,0.0,77.9416666666675,47898.999999999956,114.33333333333303,178.83333333333258,114.91666666667447,15.000000000001819,352.58333333334235,43.833333333333485,99.83333333333348,5.0,191.0000000000009,85.0,1904.7500000000034,3.0,113.33333333333303,8.0,736.8023272409879,238.68116347645625,6.26337262173593,17.7462224282518
Vayots Dzor,2021-07-01,2021,7,21.15,0.0,78.85,47854.0,114.0,178.0,123.5,17.0,362.5,44.0,100.0,5.0,192.0,85.0,1908.5,3.0,113.0,8.0,758.2380981500547,238.20860222278282,6.269267992230562,17.76292597798659
Vayots Dzor,2021-08-01,2021,8,20.24166666666749,0.0,79.7583333333325,47809.000000000044,113.66666666666697,177.16666666666742,132.08333333332553,18.99999999999818,372.41666666665765,44.166666666666515,100.16666666666652,5.0,192.9999999999991,85.0,1912.2499999999966,3.0,112.66666666666697,8.0,779.6738690591216,237.7360409691094,6.275163362725194,17.779629527721383
Vayots Dzor,2021-09-01,2021,9,19.333333333332508,0.0,80.6666666666675,47763.999999999956,113.33333333333303,176.33333333333258,140.66666666667447,21.00000000000182,382.33333333334235,44.333333333333485,100.33333333333348,5.0,194.0000000000009,85.0,1916.0000000000034,3.0,112.33333333333303,8.0,801.1096399682469,237.26347971543473,6.281058733219842,17.796333077456218
Vayots Dzor,2021-10-01,2021,10,18.425,0.0,81.575,47719.0,113.0,175.5,149.25,23.0,392.25,44.5,100.5,5.0,195.0,85.0,1919.75,3.0,112.0,8.0,822.5454108773138,236.7909184617613,6.286954103714474,17.81303662719101
Vayots Dzor,2021-11-01,2021,11,17.51666666666749,0.0,82.48333333333251,47674.000000000044,112.66666666666697,174.66666666666742,157.83333333332553,24.99999999999818,402.16666666665765,44.666666666666515,100.66666666666652,5.0,195.9999999999991,85.0,1923.4999999999966,3.0,111.66666666666697,8.0,843.9811817863807,236.3183572080879,6.292849474209106,17.8297401769258
Vayots Dzor,2021-12-01,2021,12,16.608333333332506,0.0,83.39166666666749,47628.999999999956,112.33333333333303,173.83333333333258,166.41666666667447,27.00000000000182,412.08333333334235,44.833333333333485,100.83333333333348,5.0,197.0000000000009,85.0,1927.2500000000034,3.0,111.33333333333303,8.0,865.4169526955061,235.84579595441318,6.298744844703754,17.846443726660638
Vayots Dzor,2022-01-01,2022,1,15.7,0.0,84.3,47584.0,112.0,173.0,175.0,29.0,422.0,45.0,101.0,5.0,198.0,85.0,1931.0,3.0,111.0,8.0,886.8527236045729,235.37323470073977,6.304640215198386,17.863147276395427
Vayots Dzor,2022-02-01,2022,2,15.7,0.0,84.3,47584.0,112.0,173.0,175.0,29.0,422.0,45.0,101.0,5.0,198.0,85.0,1931.0,3.0,111.0,8.0,886.8527236045729,235.37323470073977,6.304640215198386,17.863147276395427
Vayots Dzor,2022-03-01,2022,3,15.7,0.0,84.3,47584.0,112.0,173.0,175.0,29.0,422.0,45.0,101.0,5.0,198.0,85.0,1931.0,3.0,111.0,8.0,886.8527236045729,235.37323470073977,6.304640215198386,17.863147276395427
Vayots Dzor,2022-04-01,2022,4,15.7,0.0,84.3,47584.0,112.0,173.0,175.0,29.0,422.0,45.0,101.0,5.0,198.0,85.0,1931.0,3.0,111.0,8.0,886.8527236045729,235.37323470073977,6.304640215198386,17.863147276395427
Vayots Dzor,2022-05-01,2022,5,15.7,0.0,84.3,47584.0,112.0,173.0,175.0,29.0,422.0,45.0,101.0,5.0,198.0,85.0,1931.0,3.0,111.0,8.0,886.8527236045729,235.37323470073977,6.304640215198386,17.863147276395427
Vayots Dzor,2022-06-01,2022,6,15.7,0.0,84.3,47584.0,112.0,173.0,175.0,29.0,422.0,45.0,101.0,5.0,198.0,85.0,1931.0,3.0,111.0,8.0,886.8527236045729,235.37323470073977,6.304640215198386,17.863147276395427
Vayots Dzor,2022-07-01,2022,7,15.7,0.0,84.3,47584.0,112.0,173.0,175.0,29.0,422.0,45.0,101.0,5.0,198.0,85.0,1931.0,3.0,111.0,8.0,886.8527236045729,235.37323470073977,6.304640215198386,17.863147276395427
Vayots Dzor,2022-08-01,2022,8,15.7,0.0,84.3,47584.0,112.0,173.0,175.0,29.0,422.0,45.0,101.0,5.0,198.0,85.0,1931.0,3.0,111.0,8.0,886.8527236045729,235.37323470073977,6.304640215198386,17.863147276395427
Vayots Dzor,2022-09-01,2022,9,15.7,0.0,84.3,47584.0,112.0,173.0,175.0,29.0,422.0,45.0,101.0,5.0,198.0,85.0,1931.0,3.0,111.0,8.0,886.8527236045729,235.37323470073977,6.304640215198386,17.863147276395427
Vayots Dzor,2022-10-01,2022,10,15.7,0.0,84.3,47584.0,112.0,173.0,175.0,29.0,422.0,45.0,101.0,5.0,198.0,85.0,1931.0,3.0,111.0,8.0,886.8527236045729,235.37323470073977,6.304640215198386,17.863147276395427
Vayots Dzor,2022-11-01,2022,11,15.7,0.0,84.3,47584.0,112.0,173.0,175.0,29.0,422.0,45.0,101.0,5.0,198.0,85.0,1931.0,3.0,111.0,8.0,886.8527236045729,235.37323470073977,6.304640215198386,17.863147276395427
Vayots Dzor,2022-12-01,2022,12,15.7,0.0,84.3,47584.0,112.0,173.0,175.0,29.0,422.0,45.0,101.0,5.0,198.0,85.0,1931.0,3.0,111.0,8.0,886.8527236045729,235.37323470073977,6.304640215198386,17.863147276395427
Yerevan,2016-01-01,2016,1,24.9,1.9,75.1,1073660.0,4085.0,4527.0,2917.0,95.0,9339.0,1800.0,257.0,,8654.0,7924.0,279477.0,53.0,9504.0,147.0,869.8284373079,380.47426559618503,4.936385820464579,73.80362498370062
Yerevan,2016-02-01,2016,2,24.691666666666855,1.8250000000000681,75.30833333333314,1073841.7499999998,4121.916666666633,4624.166666666579,2920.2499999999973,94.08333333333417,9421.08333333326,1782.5833333333492,257.49999999999955,,8648.33333333334,7930.749999999994,279802.7499999997,52.833333333333485,9499.000000000004,146.83333333333348,877.3111805895237,383.8414132219878,4.920060122903768,73.8538983894912
Yerevan,2016-03-01,2016,3,24.483333333333142,1.7499999999999316,75.51666666666685,1074023.5000000002,4158.833333333367,4721.333333333421,2923.5000000000027,93.16666666666583,9503.16666666674,1765.1666666666508,258.00000000000045,,8642.66666666666,7937.500000000006,280128.5000000003,52.666666666666515,9493.999999999996,146.66666666666652,884.7939238711679,387.20856084779973,4.903734425342913,73.90417179528195
Yerevan,2016-04-01,2016,4,24.275,1.6749999999999998,75.725,1074205.25,4195.75,4818.5,2926.75,92.25,9585.25,1747.75,258.5,,8637.0,7944.25,280454.25,52.5,9489.0,146.5,892.2766671527916,390.5757084736025,4.887408727782103,73.95444520107255
Yerevan,2016-05-01,2016,5,24.066666666666855,1.600000000000068,75.93333333333314,1074386.9999999998,4232.666666666633,4915.666666666579,2929.9999999999973,91.33333333333417,9667.33333333326,1730.3333333333492,258.99999999999955,,8631.33333333334,7950.999999999994,280779.9999999997,52.333333333333485,9484.000000000004,146.33333333333348,899.7594104344151,393.9428560994053,4.871083030221292,74.00471860686314
Yerevan,2016-06-01,2016,6,23.858333333333142,1.5249999999999317,76.14166666666685,1074568.7500000002,4269.583333333367,5012.833333333421,2933.2500000000027,90.41666666666583,9749.41666666674,1712.9166666666508,259.50000000000045,,8625.66666666666,7957.750000000006,281105.7500000003,52.166666666666515,9478.999999999996,146.16666666666652,907.2421537160593,397.3100037252172,4.854757332660436,74.05499201265388
Yerevan,2016-07-01,2016,7,23.65,1.45,76.35,1074750.5,4306.5,5110.0,2936.5,89.5,9831.5,1695.5,260.0,,8620.0,7964.5,281431.5,52.0,9474.0,146.0,914.724896997683,400.67715135102,4.838431635099626,74.10526541844447
Yerevan,2016-08-01,2016,8,23.441666666666855,1.3750000000000682,76.55833333333314,1074932.2499999998,4343.416666666633,5207.166666666579,2939.7499999999973,88.58333333333417,9913.58333333326,1678.0833333333492,260.49999999999955,,8614.33333333334,7971.249999999994,281757.2499999997,51.833333333333485,9469.000000000004,145.83333333333348,922.2076402793067,404.04429897682274,4.822105937538815,74.15553882423507
Yerevan,2016-09-01,2016,9,23.233333333333142,1.2999999999999319,76.76666666666685,1075114.0000000002,4380.333333333367,5304.333333333421,2943.0000000000027,87.66666666666583,9995.66666666674,1660.6666666666508,261.00000000000045,,8608.66666666666,7978.000000000006,282083.0000000003,51.666666666666515,9463.999999999996,145.66666666666652,929.6903835609507,407.41144660263467,4.80578023997796,74.20581223002581
Yerevan,2016-10-01,2016,10,23.025,1.225,76.975,1075295.75,4417.25,5401.5,2946.25,86.75,10077.75,1643.25,261.5,,8603.0,7984.75,282408.75,51.5,9459.0,145.5,937.1731268425744,410.77859422843744,4.789454542417149,74.2560856358164
Yerevan,2016-11-01,2016,11,22.816666666666855,1.1500000000000683,77.18333333333314,1075477.4999999998,4454.166666666633,5498.666666666579,2949.4999999999973,85.83333333333417,10159.83333333326,1625.8333333333492,261.99999999999955,,8597.33333333334,7991.499999999994,282734.4999999997,51.333333333333485,9454.000000000004,145.33333333333348,944.6558701241981,414.1457418542402,4.7731288448563385,74.306359041607
Yerevan,2016-12-01,2016,12,22.608333333333142,1.0749999999999318,77.39166666666685,1075659.2500000002,4491.083333333367,5595.833333333421,2952.7500000000027,84.91666666666583,10241.91666666674,1608.4166666666508,262.50000000000045,,8591.66666666666,7998.250000000006,283060.2500000003,51.166666666666515,9448.999999999996,145.16666666666652,952.1386134058423,417.51288948005214,4.756803147295483,74.35663244739774
Yerevan,2017-01-01,2017,1,22.4,1.0,77.6,1075841.0,4528.0,5693.0,2956.0,84.0,10324.0,1591.0,263.0,,8586.0,8005.0,283386.0,51.0,9444.0,145.0,959.621356687466,420.8800371058549,4.740477449734672,74.40690585318833
Yerevan,2017-02-01,2017,2,22.191666666666855,1.0,77.80833333333314,1075986.7499999998,4679.583333333196,5808.9999999998945,3021.4999999999404,87.41666666666356,10552.583333333125,1634.666666666627,262.2500000000007,,8578.000000000007,7994.916666666676,284053.9999999994,51.08333333333326,9466.74999999998,144.91666666666674,980.7040212635807,434.8899945738264,4.7475695800857585,74.30326890419907
Yerevan,2017-03-01,2017,3,21.983333333333142,1.0,78.01666666666685,1076132.5000000002,4831.166666666804,5925.0000000001055,3087.0000000000596,90.83333333333644,10781.166666666875,1678.333333333373,261.4999999999993,,8569.999999999993,7984.833333333324,284722.0000000006,51.16666666666674,9489.50000000002,144.83333333333326,1001.786685839753,448.8999520418362,4.7546617104368645,74.19963195520954
Yerevan,2017-04-01,2017,4,21.775,1.0,78.225,1076278.25,4982.75,6041.0,3152.5,94.25,11009.75,1722.0,260.75,,8562.0,7974.75,285390.0,51.25,9512.25,144.75,1022.8693504158678,462.9099095098077,4.761753840787952,74.09599500622028
Yerevan,2017-05-01,2017,5,21.566666666666855,1.0,78.43333333333314,1076423.9999999998,5134.333333333196,6156.9999999998945,3217.9999999999404,97.66666666666356,11238.333333333125,1765.666666666627,260.0000000000007,,8554.000000000007,7964.666666666676,286057.9999999994,51.33333333333326,9534.99999999998,144.66666666666674,1043.9520149919824,476.9198669777792,4.768845971139038,73.99235805723103
Yerevan,2017-06-01,2017,6,21.358333333333142,1.0,78.64166666666685,1076569.7500000002,5285.916666666804,6273.0000000001055,3283.5000000000596,101.08333333333644,11466.916666666875,1809.333333333373,259.2499999999993,,8545.999999999993,7954.583333333324,286726.0000000006,51.41666666666674,9557.75000000002,144.58333333333326,1065.0346795681546,490.9298244457889,4.775938101490144,73.88872110824148
Yerevan,2017-07-01,2017,7,21.15,1.0,78.85,1076715.5,5437.5,6389.0,3349.0,104.5,11695.5,1853.0,258.5,,8538.0,7944.5,287394.0,51.5,9580.5,144.5,1086.1173441442693,504.9397819137604,4.783030231841231,73.78508415925222
Yerevan,2017-08-01,2017,8,20.941666666666855,1.0,79.05833333333314,1076861.2499999998,5589.083333333196,6504.9999999998945,3414.4999999999404,107.91666666666356,11924.083333333125,1896.666666666627,257.7500000000007,,8530.000000000007,7934.416666666676,288061.9999999994,51.58333333333326,9603.24999999998,144.41666666666674,1107.2000087203842,518.9497393817319,4.790122362192318,73.68144721026297
Yerevan,2017-09-01,2017,9,20.733333333333142,1.0,79.26666666666685,1077007.0000000002,5740.666666666804,6621.0000000001055,3480.0000000000596,111.33333333333644,12152.666666666875,1940.333333333373,256.9999999999993,,8521.999999999993,7924.333333333324,288730.0000000006,51.66666666666674,9626.00000000002,144.33333333333326,1128.2826732965564,532.9596968497417,4.797214492543424,73.57781026127343
Yerevan,2017-10-01,2017,10,20.525,1.0,79.475,1077152.75,5892.25,6737.0,3545.5,114.75,12381.25,1984.0,256.25,,8514.0,7914.25,289398.0,51.75,9648.75,144.25,1149.365337872671,546.9696543177132,4.804306622894511,73.47417331228418
Yerevan,2017-11-01,2017,11,20.316666666666855,1.0,79.68333333333314,1077298.4999999998,6043.833333333196,6852.9999999998945,3610.9999999999404,118.16666666666356,12609.833333333125,2027.666666666627,255.50000000000068,,8506.000000000007,7904.166666666676,290065.9999999994,51.83333333333326,9671.49999999998,144.16666666666674,1170.4480024487857,560.9796117856847,4.811398753245598,73.37053636329492
Yerevan,2017-12-01,2017,12,20.108333333333142,1.0,79.89166666666685,1077444.2500000002,6195.416666666804,6969.0000000001055,3676.5000000000596,121.58333333333644,12838.416666666875,2071.333333333373,254.74999999999932,,8497.999999999993,7894.083333333324,290734.0000000006,51.91666666666674,9694.25000000002,144.08333333333326,1191.5306670249581,574.9895692536944,4.818490883596704,73.26689941430539
Yerevan,2018-01-01,2018,1,19.9,1.0,80.1,1077590.0,6347.0,7085.0,3742.0,125.0,13067.0,2115.0,254.0,,8490.0,7884.0,291402.0,52.0,9717.0,144.0,1212.6133316010728,588.9995267216659,4.82558301394779,73.16326246531612
Yerevan,2018-02-01,2018,2,19.416666666667105,1.0083333333333258,80.58333333333289,1077946.9999999998,6475.41666666655,7156.166666666602,3785.1666666666274,127.33333333333121,13224.83333333319,2156.166666666629,256.08333333333144,,8509.249999999982,7857.250000000025,292666.9166666655,52.08333333333326,9754.749999999965,143.50000000000045,1226.802072964612,600.6750026417967,4.831693337513518,72.89186368440463
Yerevan,2018-03-01,2018,3,18.933333333332893,1.0166666666666742,81.0666666666671,1078304.0000000002,6603.83333333345,7227.333333333398,3828.3333333333726,129.6666666666688,13382.66666666681,2197.333333333371,258.16666666666856,,8528.500000000018,7830.499999999975,293931.8333333345,52.16666666666674,9792.500000000035,142.99999999999955,1240.9908143281903,612.3504785619593,4.8378036610792625,72.62046490349238
Yerevan,2018-04-01,2018,4,18.45,1.025,81.55,1078661.0,6732.25,7298.5,3871.5,132.0,13540.5,2238.5,260.25,,8547.75,7803.75,295196.75,52.25,9830.25,142.5,1255.1795556917295,624.0259544820901,4.84391398464499,72.34906612258088
Yerevan,2018-05-01,2018,5,17.966666666667106,1.0333333333333259,82.03333333333289,1079017.9999999998,6860.66666666655,7369.666666666602,3914.6666666666274,134.3333333333312,13698.33333333319,2279.666666666629,262.33333333333144,,8566.999999999982,7777.000000000025,296461.6666666655,52.33333333333326,9867.999999999965,142.00000000000045,1269.368297055269,635.7014304022208,4.850024308210718,72.07766734166937
Yerevan,2018-06-01,2018,6,17.483333333332894,1.0416666666666743,82.5166666666671,1079375.0000000002,6989.08333333345,7440.833333333398,3957.8333333333726,136.6666666666688,13856.16666666681,2320.833333333371,264.41666666666856,,8586.250000000018,7750.249999999975,297726.5833333345,52.41666666666674,9905.750000000035,141.49999999999955,1283.557038418847,647.3769063223834,4.856134631776462,71.80626856075713
Yerevan,2018-07-01,2018,7,17.0,1.05,83.0,1079732.0,7117.5,7512.0,4001.0,139.0,14014.0,2362.0,266.5,,8605.5,7723.5,298991.5,52.5,9943.5,141.0,1297.7457797823863,659.0523822425142,4.86224495534219,71.53486977984562
Yerevan,2018-08-01,2018,8,16.516666666667106,1.0583333333333258,83.4833333333329,1080088.9999999998,7245.91666666655,7583.166666666602,4044.1666666666274,141.3333333333312,14171.83333333319,2403.166666666629,268.58333333333144,,8624.749999999982,7696.750000000025,300256.4166666655,52.58333333333326,9981.249999999965,140.50000000000045,1311.9345211459258,670.727858162645,4.8683552789079165,71.26347099893412
Yerevan,2018-09-01,2018,9,16.033333333332894,1.0666666666666742,83.96666666666711,1080446.0000000002,7374.33333333345,7654.333333333398,4087.3333333333726,143.6666666666688,14329.66666666681,2444.333333333371,270.66666666666856,,8644.000000000018,7669.999999999975,301521.3333333345,52.66666666666674,10019.000000000035,139.99999999999955,1326.1232625095038,682.4033340828076,4.874465602473661,70.99207221802189
Yerevan,2018-10-01,2018,10,15.549999999999999,1.0750000000000002,84.45,1080803.0,7502.75,7725.5,4130.5,146.0,14487.5,2485.5,272.75,,8663.25,7643.25,302786.25,52.75,10056.75,139.5,1340.3120038730433,694.0788100029383,4.880575926039389,70.72067343711038
Yerevan,2018-11-01,2018,11,15.066666666667107,1.083333333333326,84.9333333333329,1081159.9999999998,7631.16666666655,7796.666666666602,4173.666666666628,148.3333333333312,14645.33333333319,2526.666666666629,274.83333333333144,,8682.499999999982,7616.500000000025,304051.1666666655,52.83333333333326,10094.499999999965,139.00000000000045,1354.5007452365826,705.7542859230691,4.886686249605116,70.44927465619888
Yerevan,2018-12-01,2018,12,14.583333333332893,1.0916666666666743,85.41666666666711,1081517.0000000002,7759.58333333345,7867.833333333398,4216.833333333372,150.6666666666688,14803.16666666681,2567.833333333371,276.91666666666856,,8701.750000000018,7589.749999999975,305316.0833333345,52.91666666666674,10132.250000000035,138.49999999999955,1368.6894866001608,717.4297618432317,4.892796573170861,70.17787587528663
Yerevan,2019-01-01,2019,1,14.1,1.1,85.9,1081874.0,7888.0,7939.0,4260.0,153.0,14961.0,2609.0,279.0,,8721.0,7563.0,306581.0,53.0,10170.0,138.0,1382.8782279637,729.1052377633625,4.898906896736588,69.90647709437513
Yerevan,2019-02-01,2019,2,14.583333333332893,1.0250000000000683,85.41666666666711,1082053.1666666665,7796.833333333416,7881.416666666719,4258.916666666668,152.0000000000009,14871.916666666748,2579.5833333333603,276.58333333333553,,8739.083333333318,7630.666666666605,304124.3333333356,53.166666666666515,10213.99999999996,138.66666666666606,1374.4318291608736,720.5747088989116,4.9134720224604225,70.51914042672446
Yerevan,2019-03-01,2019,3,15.066666666667105,0.9499999999999318,84.9333333333329,1082232.3333333335,7705.666666666584,7823.833333333281,4257.833333333332,150.9999999999991,14782.833333333252,2550.1666666666397,274.16666666666447,,8757.166666666682,7698.333333333395,301667.6666666644,53.333333333333485,10258.00000000004,139.33333333333394,1365.9854303580241,712.0441800344374,4.928037148184297,71.13180375907547
Yerevan,2019-04-01,2019,4,15.549999999999999,0.875,84.45,1082411.5,7614.5,7766.25,4256.75,150.0,14693.75,2520.75,271.75,,8775.25,7766.0,299211.0,53.5,10302.0,140.0,1357.5390315551977,703.5136511699866,4.942602273908131,71.74446709142481
Yerevan,2019-05-01,2019,5,16.033333333332894,0.8000000000000682,83.96666666666711,1082590.6666666665,7523.333333333416,7708.666666666719,4255.666666666668,149.0000000000009,14604.666666666748,2491.3333333333603,269.33333333333553,,8793.333333333318,7833.666666666605,296754.3333333356,53.666666666666515,10345.99999999996,140.66666666666606,1349.0926327523712,694.9831223055356,4.957167399631965,72.35713042377414
Yerevan,2019-06-01,2019,6,16.516666666667106,0.7249999999999318,83.4833333333329,1082769.8333333335,7432.166666666584,7651.083333333281,4254.583333333332,147.9999999999991,14515.583333333252,2461.9166666666397,266.91666666666447,,8811.416666666682,7901.333333333395,294297.6666666644,53.833333333333485,10390.00000000004,141.33333333333394,1340.6462339495215,686.4525934410615,4.971732525355839,72.96979375612514
Yerevan,2019-07-01,2019,7,17.0,0.65,83.0,1082949.0,7341.0,7593.5,4253.5,147.0,14426.5,2432.5,264.5,,8829.5,7969.0,291841.0,54.0,10434.0,142.0,1332.199835146695,677.9220645766105,4.986297651079673,73.58245708847448
Yerevan,2019-08-01,2019,8,17.483333333332894,0.5750000000000682,82.5166666666671,1083128.1666666665,7249.833333333416,7535.916666666719,4252.416666666668,146.0000000000009,14337.416666666748,2403.0833333333603,262.08333333333553,,8847.583333333318,8036.666666666605,289384.3333333356,54.166666666666515,10477.99999999996,142.66666666666606,1323.7534363438688,669.3915357121596,5.000862776803507,74.19512042082381
Yerevan,2019-09-01,2019,9,17.966666666667106,0.49999999999993183,82.03333333333289,1083307.3333333335,7158.666666666584,7478.333333333281,4251.333333333332,144.9999999999991,14248.333333333252,2373.6666666666397,259.66666666666447,,8865.666666666682,8104.333333333395,286927.6666666644,54.333333333333485,10522.00000000004,143.33333333333394,1315.307037541019,660.8610068476854,5.015427902527382,74.80778375317482
Yerevan,2019-10-01,2019,10,18.45,0.42500000000000004,81.55,1083486.5,7067.5,7420.75,4250.25,144.0,14159.25,2344.25,257.25,,8883.75,8172.0,284471.0,54.5,10566.0,144.0,1306.8606387381926,652.3304779832345,5.029993028251216,75.42044708552415
Yerevan,2019-11-01,2019,11,18.933333333332893,0.35000000000006815,81.0666666666671,1083665.6666666665,6976.333333333416,7363.166666666719,4249.166666666668,143.0000000000009,14070.166666666748,2314.8333333333603,254.83333333333553,,8901.833333333318,8239.666666666606,282014.3333333356,54.666666666666515,10609.99999999996,144.66666666666606,1298.4142399353661,643.7999491187836,5.04455815397505,76.03311041787349
Yerevan,2019-12-01,2019,12,19.416666666667105,0.27499999999993174,80.58333333333289,1083844.8333333335,6885.166666666584,7305.583333333281,4248.083333333332,141.9999999999991,13981.083333333252,2285.4166666666397,252.41666666666447,,8919.916666666682,8307.333333333394,279557.6666666644,54.833333333333485,10654.00000000004,145.33333333333394,1289.9678411325167,635.2694202543095,5.059123279698924,76.64577375022449
Yerevan,2020-01-01,2020,1,19.9,0.2,80.1,1084024.0,6794.0,7248.0,4247.0,141.0,13892.0,2256.0,250.0,,8938.0,8375.0,277101.0,55.0,10698.0,146.0,1281.5214423296902,626.7388913898585,5.073688405422758,77.25843708257382
Yerevan,2020-02-01,2020,2,19.56666666666697,0.2,80.43333333333302,1084667.5833333328,6927.833333333212,7414.416666666515,4263.0833333333185,146.0833333333287,14104.166666666473,2280.583333333311,253.24999999999704,,8940.083333333332,8376.583333333332,282267.33333332866,55.08333333333326,10703.749999999995,145.16666666666742,1300.1996716493545,638.6280695863373,5.078330499275155,77.22739609127056
Yerevan,2020-03-01,2020,3,19.23333333333303,0.2,80.76666666666696,1085311.1666666672,7061.666666666788,7580.833333333485,4279.1666666666815,151.1666666666713,14316.333333333527,2305.166666666689,256.50000000000296,,8942.166666666668,8378.166666666668,287433.66666667134,55.16666666666674,10709.500000000005,144.33333333333258,1318.8779009690695,650.5172477828487,5.082972593127564,77.1963550999672
Yerevan,2020-04-01,2020,4,18.9,0.2,81.1,1085954.75,7195.5,7747.25,4295.25,156.25,14528.5,2329.75,259.75,,8944.25,8379.75,292600.0,55.25,10715.25,143.5,1337.5561302887338,662.4064259793275,5.0876146869799594,77.16531410866395
Yerevan,2020-05-01,2020,5,18.56666666666697,0.2,81.43333333333302,1086598.3333333328,7329.333333333212,7913.666666666515,4311.3333333333185,161.3333333333287,14740.666666666473,2354.333333333311,262.99999999999704,,8946.333333333332,8381.333333333332,297766.33333332866,55.33333333333326,10720.999999999995,142.66666666666742,1356.2343596083979,674.2956041758064,5.092256780832356,77.13427311736069
Yerevan,2020-06-01,2020,6,18.23333333333303,0.2,81.76666666666696,1087241.9166666672,7463.166666666788,8080.083333333485,4327.4166666666815,166.4166666666713,14952.833333333527,2378.916666666689,266.25000000000296,,8948.416666666668,8382.916666666668,302932.66666667134,55.41666666666674,10726.750000000005,141.83333333333258,1374.912588928113,686.1847823723177,5.096898874684765,77.10323212605734
Yerevan,2020-07-01,2020,7,17.9,0.2,82.1,1087885.5,7597.0,8246.5,4343.5,171.5,15165.0,2403.5,269.5,,8950.5,8384.5,308099.0,55.5,10732.5,141.0,1393.5908182477774,698.0739605687966,5.1015409685371615,77.07219113475408
Yerevan,2020-08-01,2020,8,17.56666666666697,0.2,82.43333333333302,1088529.0833333328,7730.833333333212,8412.916666666515,4359.5833333333185,176.5833333333287,15377.166666666473,2428.083333333311,272.74999999999704,,8952.583333333332,8386.083333333332,313265.33333332866,55.58333333333326,10738.249999999995,140.16666666666742,1412.2690475674415,709.9631387652754,5.106183062389557,77.04115014345082
Yerevan,2020-09-01,2020,9,17.23333333333303,0.2,82.76666666666696,1089172.6666666672,7864.666666666788,8579.333333333485,4375.6666666666815,181.6666666666713,15589.333333333527,2452.666666666689,276.00000000000296,,8954.666666666668,8387.666666666668,318431.66666667134,55.66666666666674,10744.000000000005,139.33333333333258,1430.9472768871567,721.8523169617868,5.110825156241966,77.01010915214746
Yerevan,2020-10-01,2020,10,16.9,0.2,83.1,1089816.25,7998.5,8745.75,4391.75,186.75,15801.5,2477.25,279.25,,8956.75,8389.25,323598.0,55.75,10749.75,138.5,1449.6255062068208,733.7414951582656,5.115467250094363,76.97906816084421
Yerevan,2020-11-01,2020,11,16.56666666666697,0.2,83.43333333333302,1090459.8333333328,8132.333333333212,8912.166666666515,4407.8333333333185,191.8333333333287,16013.666666666473,2501.833333333311,282.49999999999704,,8958.833333333332,8390.833333333332,328764.33333332866,55.83333333333326,10755.499999999995,137.66666666666742,1468.303735526485,745.6306733547444,5.120109343946758,76.94802716954095
Yerevan,2020-12-01,2020,12,16.23333333333303,0.2,83.76666666666696,1091103.4166666672,8266.166666666788,9078.583333333485,4423.9166666666815,196.9166666666713,16225.833333333527,2526.416666666689,285.75000000000296,,8960.916666666668,8392.416666666668,333930.66666667134,55.91666666666674,10761.250000000005,136.83333333333258,1486.9819648462003,757.5198515512558,5.124751437799167,76.9169861782376
Yerevan,2021-01-01,2021,1,15.9,0.2,84.1,1091747.0,8400.0,9245.0,4440.0,202.0,16438.0,2551.0,289.0,,8963.0,8394.0,339097.0,56.0,10767.0,136.0,1505.6601941658644,769.4090297477346,5.129393531651564,76.88594518693434
Yerevan,2021-02-01,2021,2,16.116666666666468,0.2,83.88333333333352,1091832.9166666665,8364.083333333367,9504.999999999764,4552.916666666564,226.83333333331075,16868.499999999607,2583.74999999997,288.7500000000002,,8937.250000000024,8352.666666666704,339261.8333333332,56.166666666666515,10801.083333333303,134.75000000000114,1544.9368255538916,766.0618066833954,5.144241896344476,76.50165934163279
Yerevan,2021-03-01,2021,3,16.33333333333353,0.2,83.66666666666646,1091918.8333333335,8328.166666666633,9765.000000000236,4665.833333333436,251.66666666668925,17299.000000000393,2616.50000000003,288.4999999999998,,8911.499999999976,8311.333333333296,339426.6666666668,56.333333333333485,10835.166666666697,133.49999999999886,1584.213456942026,762.7145836190471,5.159090261037428,76.1173734963302
Yerevan,2021-04-01,2021,4,16.55,0.2,83.44999999999999,1092004.75,8292.25,10025.0,4778.75,276.5,17729.5,2649.25,288.25,,8885.75,8270.0,339591.5,56.5,10869.25,132.25,1623.4900883300531,759.3673605547078,5.17393862573034,75.73308765102865
Yerevan,2021-05-01,2021,5,16.76666666666647,0.2,83.23333333333353,1092090.6666666665,8256.333333333367,10284.999999999764,4891.666666666564,301.33333333331075,18159.999999999607,2681.99999999997,288.0000000000002,,8860.000000000024,8228.666666666704,339756.3333333332,56.666666666666515,10903.333333333303,131.00000000000114,1662.7667197180804,756.0201374903685,5.188786990423252,75.34880180572712
Yerevan,2021-06-01,2021,6,16.98333333333353,0.2,83.01666666666647,1092176.5833333335,8220.416666666633,10545.000000000236,5004.583333333436,326.16666666668925,18590.500000000393,2714.75000000003,287.7499999999998,,8834.249999999976,8187.333333333296,339921.1666666668,56.833333333333485,10937.416666666697,129.74999999999886,1702.0433511062147,752.6729144260202,5.203635355116204,74.96451596042452
Yerevan,2021-07-01,2021,7,17.2,0.2,82.8,1092262.5,8184.5,10805.0,5117.5,351.0,19021.0,2747.5,287.5,,8808.5,8146.0,340086.0,57.0,10971.5,128.5,1741.3199824942417,749.3256913616809,5.218483719809116,74.58023011512299
Yerevan,2021-08-01,2021,8,17.41666666666647,0.2,82.58333333333353,1092348.4166666665,8148.583333333366,11064.999999999764,5230.416666666564,375.83333333331075,19451.499999999607,2780.24999999997,287.2500000000002,,8782.750000000024,8104.666666666704,340250.8333333332,57.166666666666515,11005.583333333303,127.25000000000114,1780.596613882269,745.9784682973417,5.233332084502028,74.19594426982144
Yerevan,2021-09-01,2021,9,17.633333333333532,0.2,82.36666666666646,1092434.3333333335,8112.666666666634,11325.000000000236,5343.333333333436,400.66666666668925,19882.000000000393,2813.00000000003,286.9999999999998,,8756.999999999976,8063.333333333296,340415.6666666668,57.333333333333485,11039.666666666697,125.99999999999886,1819.8732452704035,742.6312452329934,5.24818044919498,73.81165842451884
Yerevan,2021-10-01,2021,10,17.85,0.2,82.15,1092520.25,8076.75,11585.0,5456.25,425.5,20312.5,2845.75,286.75,,8731.25,8022.0,340580.5,57.5,11073.75,124.75,1859.1498766584305,739.284022168654,5.2630288138878925,73.4273725792173
Yerevan,2021-11-01,2021,11,18.06666666666647,0.2,81.93333333333354,1092606.1666666665,8040.833333333366,11844.999999999764,5569.166666666564,450.33333333331075,20742.999999999607,2878.49999999997,286.5000000000002,,8705.500000000024,7980.666666666704,340745.3333333332,57.666666666666515,11107.833333333303,123.50000000000114,1898.4265080464577,735.9367991043148,5.2778771785808045,73.04308673391576
Yerevan,2021-12-01,2021,12,18.28333333333353,0.2,81.71666666666647,1092692.0833333335,8004.916666666634,12105.000000000236,5682.083333333436,475.16666666668925,21173.500000000393,2911.25000000003,286.2499999999998,,8679.749999999976,7939.333333333296,340910.1666666668,57.833333333333485,11141.916666666697,122.24999999999886,1937.703139434592,732.5895760399665,5.2927255432737565,72.65880088861317
Yerevan,2022-01-01,2022,1,18.5,0.2,81.5,1092778.0,7969.0,12365.0,5795.0,500.0,21604.0,2944.0,286.0,,8654.0,7898.0,341075.0,58.0,11176.0,121.0,1976.9797708226192,729.2423529756272,5.307573907966669,72.27451504331162
Yerevan,2022-02-01,2022,2,18.5,0.2,81.5,1092778.0,7969.0,12365.0,5795.0,500.0,21604.0,2944.0,286.0,,8654.0,7898.0,341075.0,58.0,11176.0,121.0,1976.9797708226192,729.2423529756272,5.307573907966669,72.27451504331162
Yerevan,2022-03-01,2022,3,18.5,0.2,81.5,1092778.0,7969.0,12365.0,5795.0,500.0,21604.0,2944.0,286.0,,8654.0,7898.0,341075.0,58.0,11176.0,121.0,1976.9797708226192,729.2423529756272,5.307573907966669,72.27451504331162
Yerevan,2022-04-01,2022,4,18.5,0.2,81.5,1092778.0,7969.0,12365.0,5795.0,500.0,21604.0,2944.0,286.0,,8654.0,7898.0,341075.0,58.0,11176.0,121.0,1976.9797708226192,729.2423529756272,5.307573907966669,72.27451504331162
Yerevan,2022-05-01,2022,5,18.5,0.2,81.5,1092778.0,7969.0,12365.0,5795.0,500.0,21604.0,2944.0,286.0,,8654.0,7898.0,341075.0,58.0,11176.0,121.0,1976.9797708226192,729.2423529756272,5.307573907966669,72.27451504331162
Yerevan,2022-06-01,2022,6,18.5,0.2,81.5,1092778.0,7969.0,12365.0,5795.0,500.0,21604.0,2944.0,286.0,,8654.0,7898.0,341075.0,58.0,11176.0,121.0,1976.9797708226192,729.2423529756272,5.307573907966669,72.27451504331162
Yerevan,2022-07-01,2022,7,18.5,0.2,81.5,1092778.0,7969.0,12365.0,5795.0,500.0,21604.0,2944.0,286.0,,8654.0,7898.0,341075.0,58.0,11176.0,121.0,1976.9797708226192,729.2423529756272,5.307573907966669,72.27451504331162
Yerevan,2022-08-01,2022,8,18.5,0.2,81.5,1092778.0,7969.0,12365.0,5795.0,500.0,21604.0,2944.0,286.0,,8654.0,7898.0,341075.0,58.0,11176.0,121.0,1976.9797708226192,729.2423529756272,5.307573907966669,72.27451504331162
Yerevan,2022-09-01,2022,9,18.5,0.2,81.5,1092778.0,7969.0,12365.0,5795.0,500.0,21604.0,2944.0,286.0,,8654.0,7898.0,341075.0,58.0,11176.0,121.0,1976.9797708226192,729.2423529756272,5.307573907966669,72.27451504331162
Yerevan,2022-10-01,2022,10,18.5,0.2,81.5,1092778.0,7969.0,12365.0,5795.0,500.0,21604.0,2944.0,286.0,,8654.0,7898.0,341075.0,58.0,11176.0,121.0,1976.9797708226192,729.2423529756272,5.307573907966669,72.27451504331162
Yerevan,2022-11-01,2022,11,18.5,0.2,81.5,1092778.0,7969.0,12365.0,5795.0,500.0,21604.0,2944.0,286.0,,8654.0,7898.0,341075.0,58.0,11176.0,121.0,1976.9797708226192,729.2423529756272,5.307573907966669,72.27451504331162
Yerevan,2022-12-01,2022,12,18.5,0.2,81.5,1092778.0,7969.0,12365.0,5795.0,500.0,21604.0,2944.0,286.0,,8654.0,7898.0,341075.0,58.0,11176.0,121.0,1976.9797708226192,729.2423529756272,5.307573907966669,72.27451504331162
