interview_month,household_size,dwelling_ownership,number_of_rooms,has_computer,has_other_dwelling,household_has_car,potable_water_hours_day,heating_spend_last_winter_amd,dwelling_condition_estimate,dwelling_renovated,building_new_house,household_sent_money_goods_12m,household_received_money_goods_12m,lent_money_12m,family_debt_amount,borrowed_money_12m,registered_poverty_benefit,share_families_really_vulnerable,humanitarian_assistance_12m,money_family_need_monthly_live,drm_in_amd,money_family_need_monthly_make,amd_3,household_income_total,household_income_source_count,food_purchases_total,services_goods_total,goods_services_total
1,3.0,1.0,2.0,1.0,4.0,1.0,31.0,80000.0,2.0,2.0,2.0,2.0,2.0,2.0,0.0,2.0,4.0,6.0,2.0,20000.0,4000.0,1.0,200000.0,250000.0,2.0,88292.2,326739.8,745.0
1,2.0,1.0,1.0,2.0,4.0,2.0,31.0,50000.0,3.0,2.0,2.0,2.0,1.0,2.0,0.0,2.0,4.0,6.0,2.0,0.0,900000.0,1.0,220000.0,120000.0,2.0,72996.9,268921.5,749.0
1,1.0,1.0,2.0,2.0,4.0,2.0,31.0,7.0,3.0,2.0,2.0,2.0,1.0,2.0,0.0,2.0,4.0,6.0,1.0,0.0,1500000.0,1.0,180000.0,52500.0,2.0,69209.7,137734.0,754.0
1,3.0,3.0,2.0,2.0,4.0,2.0,31.0,7.0,3.0,3.0,2.0,2.0,1.0,2.0,150000.0,2.0,4.0,6.0,2.0,2000.0,1000.0,1.0,180000.0,180000.0,2.0,61672.2,297300.0,752.0
1,4.0,1.0,4.0,2.0,4.0,1.0,31.0,130000.0,4.0,2.0,2.0,2.0,2.0,2.0,0.0,2.0,4.0,6.0,2.0,10000.0,4000000.0,1.0,260000.0,235000.0,2.0,75770.2,220226.0,744.0
1,3.0,1.0,2.0,1.0,4.0,2.0,31.0,100000.0,2.0,2.0,2.0,2.0,1.0,2.0,0.0,2.0,4.0,6.0,2.0,0.0,1500000.0,1.0,300000.0,330000.0,2.0,92040.2,222923.0,745.0
1,1.0,1.0,1.0,2.0,4.0,2.0,31.0,30000.0,2.0,2.0,2.0,1.0,2.0,2.0,0.0,2.0,4.0,6.0,2.0,4000000.0,3000000.0,1.0,200000.0,370000.0,1.0,58795.4,143268.0,750.0
1,3.0,1.0,1.0,2.0,4.0,2.0,31.0,60000.0,3.0,3.0,2.0,2.0,1.0,2.0,0.0,2.0,4.0,6.0,2.0,0.0,2000.0,1.0,220000.0,200000.0,1.0,115119.55,295103.0,749.0
1,4.0,1.0,3.0,1.0,4.0,2.0,31.0,120000.0,2.0,2.0,2.0,2.0,1.0,2.0,0.0,2.0,4.0,6.0,2.0,2000.0,1000.0,1.0,180000.0,85000.0,2.0,113527.95,257441.0,745.0
1,1.0,1.0,1.0,2.0,4.0,2.0,31.0,60000.0,4.0,3.0,2.0,2.0,1.0,2.0,0.0,2.0,4.0,6.0,2.0,0.0,150000.0,1.0,80000.0,38000.0,1.0,57032.2,99089.0,754.0
1,2.0,5.0,3.0,2.0,4.0,2.0,31.0,60000.0,4.0,2.0,2.0,2.0,2.0,2.0,0.0,2.0,4.0,6.0,2.0,350000.0,300000.0,1.0,200000.0,74000.0,2.0,88513.17,128878.0,752.0
1,7.0,1.0,3.0,2.0,4.0,2.0,31.0,120000.0,4.0,3.0,2.0,2.0,2.0,2.0,170000.0,1.0,4.0,2.0,2.0,700000.0,500000.0,1.0,300000.0,254000.0,3.0,127718.4,235343.0,750.0
1,9.0,1.0,3.0,2.0,4.0,1.0,31.0,200000.0,4.0,2.0,2.0,2.0,2.0,2.0,0.0,2.0,4.0,6.0,2.0,2000.0,1500.0,3.0,380584.0,490000.0,4.0,154845.6,297646.0,746.0
1,1.0,1.0,2.0,2.0,4.0,2.0,31.0,50000.0,3.0,2.0,2.0,2.0,2.0,2.0,0.0,2.0,4.0,2.0,2.0,250000.0,200000.0,1.0,130000.0,36000.0,1.0,65597.36,40766.0,754.0
1,3.0,1.0,1.0,2.0,4.0,2.0,31.0,80000.0,4.0,2.0,2.0,2.0,2.0,2.0,0.0,2.0,4.0,6.0,2.0,0.0,400000.0,1.0,200000.0,182000.0,3.0,99912.8,160623.0,750.0
1,4.0,1.0,3.0,2.0,4.0,2.0,31.0,80000.0,4.0,2.0,2.0,1.0,1.0,2.0,150000.0,1.0,4.0,2.0,2.0,0.0,500000.0,1.0,200000.0,125000.0,2.0,106492.12,144597.0,746.0
1,1.0,1.0,1.0,2.0,4.0,2.0,31.0,80000.0,3.0,2.0,2.0,2.0,1.0,2.0,0.0,2.0,4.0,3.0,2.0,150000.0,100000.0,1.0,70000.0,41000.0,1.0,50374.119999999995,70910.0,753.0
1,5.0,1.0,3.0,1.0,4.0,2.0,31.0,120000.0,3.0,2.0,2.0,2.0,2.0,2.0,650000.0,1.0,4.0,2.0,2.0,600000.0,500000.0,1.0,300000.0,448000.0,5.0,122969.98,2066617.0,744.0
1,1.0,1.0,3.0,2.0,4.0,2.0,31.0,100000.0,3.0,2.0,2.0,2.0,2.0,2.0,0.0,2.0,4.0,6.0,2.0,0.0,400000.0,1.0,195555.55555555556,132000.0,2.0,70855.65,186080.0,752.0
1,3.0,1.0,3.0,1.0,4.0,2.0,31.0,120000.0,3.0,2.0,2.0,2.0,2.0,2.0,0.0,2.0,4.0,6.0,2.0,0.0,0.0,1.0,208911.11111111112,240000.0,2.0,96891.5,183636.0,749.0
1,6.0,1.0,3.0,1.0,4.0,2.0,31.0,120000.0,3.0,2.0,2.0,2.0,2.0,2.0,250000.0,1.0,4.0,6.0,2.0,0.0,0.0,1.0,500000.0,293000.0,5.0,72683.7,235522.0,749.0
1,6.0,1.0,3.0,1.0,4.0,2.0,31.0,150000.0,3.0,2.0,2.0,2.0,2.0,2.0,350000.0,2.0,4.0,6.0,2.0,0.0,0.0,1.2222222222222223,270814.44444444444,266000.0,3.0,37663.66,185542.0,749.0
1,5.0,1.0,3.0,1.0,4.0,2.0,31.0,45000.0,3.0,2.0,2.0,2.0,1.0,2.0,160000.0,2.0,4.0,6.0,2.0,0.0,0.0,1.0,300000.0,146000.0,4.0,67248.9,189079.0,748.0
1,3.0,1.0,3.0,1.0,4.0,2.0,31.0,110000.0,3.0,2.0,2.0,2.0,1.0,2.0,0.0,2.0,4.0,6.0,2.0,0.0,0.0,1.0,250000.0,36000.0,1.0,54530.9,171382.0,749.0
1,2.0,1.0,3.0,1.0,4.0,2.0,31.0,60000.0,3.0,2.0,2.0,2.0,2.0,2.0,150000.0,1.0,4.0,6.0,2.0,0.0,0.0,3.0,475730.0,230000.0,2.0,70577.95,174723.0,747.0
1,2.0,1.0,3.0,2.0,4.0,2.0,31.0,120000.0,3.0,2.0,2.0,2.0,2.0,2.0,0.0,2.0,4.0,6.0,2.0,0.0,2000.0,1.0,200.0,224000.0,2.0,60661.1,178928.0,749.0
1,1.0,1.0,3.0,1.0,4.0,2.0,31.0,30000.0,3.0,3.0,2.0,2.0,1.0,2.0,0.0,2.0,4.0,6.0,2.0,0.0,0.0,1.4444444444444444,97970.88888888888,450.0,1.0,62527.35,69258.0,750.0
1,4.0,1.0,3.0,1.0,4.0,1.0,31.0,250000.0,3.0,2.0,2.0,1.0,1.0,2.0,800000.0,1.0,4.0,1.0,2.0,0.0,0.0,1.0,300000.0,340000.0,2.0,83715.5,558679.0,80744.0
1,10.0,1.0,4.0,1.0,4.0,2.0,31.0,150000.0,3.0,3.0,2.0,2.0,1.0,2.0,1000000.0,1.0,4.0,1.0,2.0,0.0,2000000.0,1.0,350000.0,332000.0,5.0,89755.15,1064261.0,60750.0
1,4.0,1.0,4.0,1.0,4.0,2.0,31.0,150000.0,3.0,1.0,2.0,1.0,1.0,2.0,0.0,2.0,4.0,2.0,2.0,0.0,4000000.0,1.0,300000.0,630000.0,2.0,125986.05,201693.0,600747.0
1,2.0,1.0,2.0,2.0,4.0,2.0,31.0,100000.0,3.0,2.0,2.0,2.0,1.0,2.0,0.0,2.0,4.0,5.0,2.0,0.0,400000.0,1.0,100000.0,100000.0,2.0,105661.06,218637.0,200754.0
1,4.0,1.0,2.0,1.0,4.0,2.0,31.0,7.0,3.0,2.0,2.0,2.0,1.0,2.0,100000.0,1.0,4.0,1.0,2.0,0.0,800000.0,1.0,200000.0,200000.0,2.0,131061.675,122645.0,748.0
1,8.0,1.0,4.0,1.0,4.0,1.0,31.0,200000.0,3.0,2.0,2.0,1.0,1.0,2.0,1450000.0,1.0,4.0,1.0,2.0,0.0,5000000.0,1.0,500000.0,400000.0,5.0,230251.35,1909123.0,1500743.0
1,6.0,1.0,7.0,1.0,4.0,1.0,31.0,7.0,3.0,1.0,2.0,1.0,1.0,2.0,0.0,2.0,4.0,1.0,2.0,10000000.0,900000.0,1.0,260000.0,236650.0,5.0,102437.3,249474.0,3707864.0
1,1.0,1.0,1.0,1.0,4.0,1.0,31.0,100000.0,3.0,2.0,2.0,1.0,1.0,2.0,0.0,2.0,4.0,1.0,2.0,0.0,5000.0,1.0,100000.0,100000.0,1.0,173024.05,488506.0,749.0
1,2.0,1.0,2.0,2.0,4.0,2.0,31.0,160000.0,3.0,2.0,2.0,1.0,1.0,2.0,30000.0,1.0,4.0,1.0,2.0,1600000.0,600000.0,1.0,220000.0,130000.0,2.0,137113.75,1195860.0,940747.0
1,2.0,1.0,1.0,2.0,4.0,2.0,30.0,30000.0,4.0,3.0,2.0,2.0,2.0,2.0,0.0,2.0,4.0,3.0,2.0,1000000.0,800000.0,1.0,500000.0,60000.0,1.0,70736.8,229875.0,753.0
1,1.0,1.0,1.0,2.0,4.0,2.0,30.0,20000.0,4.0,2.0,2.0,2.0,1.0,2.0,0.0,2.0,4.0,6.0,2.0,400000.0,300000.0,1.0,200000.0,34000.0,1.0,43810.41,55469.0,757.0
1,1.0,1.0,2.0,2.0,4.0,2.0,30.0,45000.0,3.0,3.0,2.0,2.0,1.0,2.0,0.0,2.0,3.0,2.0,2.0,500000.0,300000.0,1.0,200000.0,48000.0,1.0,48469.2,109019.0,751.0
1,4.0,1.0,3.0,1.0,4.0,1.0,30.0,45000.0,3.0,2.0,2.0,2.0,1.0,2.0,500000.0,1.0,4.0,6.0,2.0,800000.0,500000.0,1.0,400000.0,205000.0,3.0,173026.85,466553.0,747.0
1,2.0,1.0,2.0,2.0,4.0,2.0,30.0,80000.0,3.0,3.0,2.0,2.0,2.0,2.0,100000.0,1.0,4.0,5.0,2.0,700000.0,500000.0,1.0,300000.0,87000.0,2.0,115297.55,149514.0,749.0
1,6.0,1.0,4.0,1.0,4.0,2.0,30.0,150000.0,3.0,2.0,2.0,2.0,2.0,2.0,0.0,2.0,4.0,6.0,2.0,900000.0,800000.0,1.0,500000.0,305000.0,3.0,174062.0,538638.0,742.0
1,5.0,1.0,4.0,1.0,4.0,2.0,30.0,150000.0,3.0,2.0,2.0,2.0,2.0,2.0,0.0,2.0,4.0,6.0,2.0,900000.0,700000.0,1.0,400000.0,177000.0,4.0,123774.4,403538.0,744.0
1,4.0,5.0,3.0,1.0,4.0,2.0,30.0,80000.0,3.0,3.0,2.0,2.0,1.0,2.0,0.0,2.0,4.0,6.0,2.0,900000.0,600000.0,1.0,300000.0,70000.0,1.0,105612.75,246875.0,748.0
1,3.0,1.0,4.0,2.0,4.0,1.0,30.0,100000.0,3.0,2.0,2.0,2.0,2.0,2.0,430000.0,1.0,4.0,6.0,2.0,900000.0,700000.0,1.0,500000.0,276000.0,3.0,139700.2,357424.0,2384403.0
1,5.0,1.0,3.0,1.0,4.0,1.0,31.0,140000.0,2.0,2.0,2.0,2.0,2.0,2.0,0.0,2.0,4.0,1.0,2.0,1000000.0,700000.0,1.0,300000.0,290000.0,5.0,74477.45,492847.0,747.0
1,3.0,3.0,2.0,1.0,4.0,1.0,31.0,150000.0,2.0,3.0,2.0,2.0,2.0,2.0,0.0,2.0,4.0,1.0,2.0,2500000.0,650000.0,1.0,250000.0,350000.0,2.0,66644.2,750695.0,743.0
1,3.0,1.0,2.0,1.0,4.0,2.0,31.0,180000.0,1.0,2.0,2.0,2.0,2.0,2.0,1500000.0,2.0,4.0,6.0,2.0,1000000.0,450000.0,1.0,250000.0,524000.0,2.0,82973.45,434525.0,745.0
1,3.0,1.0,3.0,1.0,4.0,1.0,31.0,100000.0,3.0,2.0,2.0,2.0,2.0,2.0,0.0,2.0,4.0,6.0,2.0,1000000.0,600000.0,1.0,300000.0,690000.0,3.0,71249.8,461820.0,746.0
1,3.0,1.0,3.0,1.0,4.0,1.0,31.0,80000.0,3.0,1.0,2.0,2.0,2.0,2.0,0.0,2.0,4.0,1.0,2.0,350000.0,250000.0,1.0,150000.0,350000.0,2.0,81100.4,379564.0,744.0
1,5.0,1.0,3.0,1.0,4.0,2.0,31.0,180000.0,3.0,3.0,2.0,2.0,2.0,2.0,2000000.0,1.0,4.0,5.0,2.0,10000.0,2000.0,3.0,475730.0,200000.0,3.0,112298.15,641742.0,748.0
1,5.0,1.0,3.0,1.0,4.0,1.0,31.0,150000.0,3.0,2.0,2.0,2.0,2.0,2.0,0.0,2.0,4.0,5.0,2.0,2000000.0,1500000.0,1.0,250000.0,1650000.0,5.0,75214.45,629092.0,742.0
1,2.0,1.0,3.0,1.0,4.0,2.0,30.0,150000.0,3.0,2.0,2.0,2.0,2.0,2.0,0.0,2.0,4.0,5.0,2.0,1000.0,400.0,3.0,142719.0,87000.0,2.0,55868.25,207982.0,748.0
1,2.0,5.0,2.0,1.0,4.0,2.0,31.0,7.0,3.0,3.0,2.0,2.0,1.0,2.0,0.0,2.0,4.0,6.0,2.0,2000000.0,800000.0,1.0,400000.0,200000.0,1.0,67336.3,1012491.0,749.0
1,2.0,1.0,4.0,1.0,4.0,2.0,31.0,80000.0,3.0,3.0,2.0,2.0,1.0,2.0,0.0,2.0,4.0,3.0,2.0,0.0,0.0,1.2222222222222223,227263.88888888888,100000.0,1.0,85033.0,275881.0,751.0
1,7.0,1.0,4.0,1.0,4.0,2.0,31.0,160000.0,3.0,2.0,2.0,2.0,1.0,2.0,0.0,2.0,4.0,3.0,2.0,0.0,0.0,1.2222222222222223,236461.11111111112,330000.0,4.0,136554.2,531583.0,749.0
1,4.0,1.0,4.0,1.0,4.0,1.0,31.0,150000.0,3.0,2.0,2.0,2.0,2.0,2.0,0.0,2.0,4.0,3.0,2.0,0.0,0.0,1.2222222222222223,170366.11111111112,350000.0,1.0,180670.05,1150293.0,743.0
1,2.0,1.0,1.0,1.0,4.0,2.0,31.0,120000.0,3.0,3.0,2.0,2.0,2.0,2.0,0.0,2.0,4.0,1.0,2.0,0.0,0.0,1.0,243333.33333333337,127000.0,2.0,95491.2,164383.0,750.0
1,5.0,3.0,2.0,1.0,4.0,2.0,31.0,240000.0,3.0,3.0,2.0,2.0,2.0,2.0,2000000.0,1.0,2.0,1.0,2.0,0.0,0.0,1.4444444444444444,767315.5555555555,236000.0,2.0,159675.7,269944.0,747.0
1,5.0,1.0,2.0,1.0,4.0,2.0,31.0,130000.0,3.0,3.0,2.0,2.0,1.0,2.0,500000.0,1.0,1.0,2.0,2.0,0.0,0.0,1.0,261111.11111111112,178000.0,2.0,106117.85,876009.0,747.0
1,1.0,1.0,1.0,2.0,4.0,2.0,31.0,7.0,3.0,3.0,2.0,2.0,2.0,2.0,0.0,2.0,1.0,1.0,1.0,0.0,0.0,1.0,100000.0,44000.0,2.0,78820.8,62812.0,758.0
1,6.0,1.0,3.0,1.0,4.0,1.0,31.0,150000.0,2.0,1.0,2.0,2.0,2.0,2.0,100000.0,1.0,4.0,6.0,2.0,0.0,700000.0,1.0,250000.0,422000.0,4.0,164898.55,1230563.0,777480.0
1,2.0,3.0,1.0,2.0,4.0,1.0,31.0,200000.0,4.0,3.0,2.0,2.0,2.0,2.0,4700000.0,2.0,4.0,3.0,2.0,0.0,0.0,1.2222222222222223,321230.0,660000.0,2.0,99841.65,368543.0,751.0
1,4.0,3.0,3.0,1.0,4.0,2.0,31.0,150000.0,3.0,3.0,2.0,2.0,1.0,2.0,250000.0,1.0,4.0,3.0,2.0,5000.0,2500.0,1.0,300000.0,85100.0,2.0,162997.75,267999.0,747.0
1,2.0,1.0,3.0,1.0,4.0,2.0,31.0,100000.0,3.0,3.0,2.0,2.0,1.0,2.0,0.0,2.0,4.0,3.0,2.0,3000.0,1500.0,1.0,200000.0,85150.0,3.0,94714.0,148602.0,747.0
1,5.0,1.0,3.0,1.0,4.0,1.0,31.0,140000.0,3.0,3.0,2.0,2.0,2.0,2.0,1870000.0,1.0,4.0,3.0,2.0,2000000.0,600000.0,1.0,300000.0,120000.0,2.0,138494.7,486116.0,745.0
1,6.0,1.0,3.0,1.0,4.0,1.0,31.0,150000.0,3.0,3.0,2.0,2.0,2.0,2.0,2400000.0,1.0,4.0,4.0,2.0,5000.0,2000.0,1.0,400000.0,300000.0,3.0,93861.3,411835.0,743.0
1,4.0,1.0,3.0,1.0,4.0,1.0,31.0,120000.0,3.0,3.0,2.0,2.0,2.0,2.0,700000.0,1.0,4.0,3.0,2.0,5000.0,2500.0,1.0,500000.0,250000.0,1.0,130405.9,294449.0,744.0
1,2.0,3.0,3.0,1.0,4.0,2.0,31.0,80000.0,3.0,3.0,2.0,2.0,1.0,2.0,0.0,2.0,4.0,2.0,2.0,5000.0,2500.0,1.0,300000.0,475000.0,2.0,97233.9,203726.0,749.0
1,1.0,1.0,3.0,2.0,4.0,2.0,31.0,90000.0,3.0,3.0,2.0,2.0,1.0,2.0,0.0,2.0,4.0,2.0,2.0,4000.0,2000.0,1.0,300000.0,40000.0,1.0,25157.8,83657.0,753.0
1,4.0,1.0,3.0,1.0,4.0,2.0,31.0,100000.0,3.0,3.0,2.0,2.0,1.0,2.0,200000.0,1.0,4.0,3.0,2.0,5000.0,2500.0,1.0,200000.0,170000.0,1.0,123341.3,202445.0,747.0
1,5.0,1.0,3.0,1.0,4.0,2.0,31.0,150000.0,3.0,3.0,2.0,2.0,2.0,2.0,350000.0,1.0,4.0,3.0,2.0,2000000.0,3000.0,1.0,300000.0,200000.0,2.0,122504.7,546379.0,746.0
1,7.0,1.0,4.0,1.0,4.0,2.0,31.0,75000.0,3.0,2.0,2.0,2.0,1.0,2.0,0.0,2.0,1.0,6.0,1.0,0.0,0.0,1.0,500000.0,320000.0,6.0,157426.32,340832.0,747.0
1,1.0,1.0,2.0,1.0,4.0,2.0,31.0,120000.0,2.0,2.0,2.0,1.0,1.0,2.0,0.0,2.0,4.0,3.0,2.0,0.0,0.0,1.0,200000.0,30000.0,1.0,126729.13,412077.0,746.0
1,1.0,1.0,2.0,1.0,3.0,1.0,31.0,150000.0,2.0,2.0,2.0,2.0,1.0,2.0,0.0,2.0,4.0,1.0,2.0,0.0,0.0,1.0,200000.0,250000.0,2.0,132518.19,582062.0,1200750.0
1,9.0,1.0,2.0,1.0,4.0,1.0,31.0,250000.0,3.0,2.0,2.0,2.0,2.0,2.0,3650000.0,1.0,4.0,4.0,1.0,0.0,0.0,1.0,800000.0,337000.0,7.0,341457.17,654066.0,744.0
1,2.0,1.0,2.0,1.0,4.0,2.0,31.0,200000.0,3.0,2.0,2.0,2.0,2.0,2.0,1500000.0,2.0,4.0,4.0,2.0,0.0,0.0,1.0,250000.0,174000.0,2.0,126979.99,1123545.0,750.0
1,5.0,1.0,2.0,1.0,4.0,1.0,31.0,200000.0,2.0,2.0,2.0,2.0,2.0,2.0,0.0,2.0,4.0,5.0,2.0,0.0,1000000.0,1.0,600000.0,238000.0,2.0,172432.23,369619.0,340747.0
1,1.0,1.0,1.0,2.0,4.0,2.0,31.0,75000.0,2.0,2.0,2.0,2.0,1.0,2.0,0.0,2.0,4.0,4.0,2.0,0.0,0.0,1.0,150000.0,68000.0,2.0,115553.7,114076.0,748.0
1,6.0,1.0,2.0,1.0,2.0,1.0,31.0,250000.0,2.0,2.0,2.0,2.0,2.0,2.0,1000000.0,2.0,4.0,3.0,2.0,0.0,0.0,1.0,600000.0,549000.0,6.0,198918.77,401173.0,744.0
1,4.0,3.0,2.0,1.0,2.0,2.0,31.0,120000.0,3.0,3.0,2.0,2.0,1.0,2.0,600000.0,1.0,4.0,4.0,2.0,0.0,0.0,1.0,500000.0,30000.0,2.0,147301.66,277792.0,744.0
1,2.0,3.0,2.0,2.0,4.0,2.0,31.0,136222.22222222222,3.0,3.0,2.0,1.0,1.0,2.0,500000.0,1.0,4.0,3.0,2.0,2000000.0,1000000.0,1.0,800000.0,750000.0,2.0,155014.12,361656.0,753.0
1,2.0,1.0,2.0,2.0,4.0,2.0,31.0,130000.0,3.0,2.0,2.0,2.0,2.0,2.0,780000.0,1.0,4.0,4.0,2.0,0.0,500000.0,1.0,280000.0,104500.0,2.0,60853.46,152938.0,751.0
1,4.0,2.0,3.0,1.0,4.0,2.0,31.0,120000.0,3.0,2.0,2.0,1.0,2.0,2.0,150000.0,1.0,4.0,4.0,2.0,0.0,600000.0,1.0,400000.0,120000.0,2.0,78412.95,196977.0,749.0
1,6.0,2.0,2.0,1.0,4.0,2.0,31.0,7.0,3.0,2.0,2.0,2.0,1.0,2.0,800000.0,1.0,4.0,4.0,2.0,0.0,2000.0,3.0,475730.0,166000.0,3.0,237225.89,240351.0,1430946.0
1,6.0,1.0,4.0,2.0,4.0,1.0,31.0,170000.0,3.0,2.0,2.0,2.0,1.0,2.0,560000.0,1.0,4.0,4.0,2.0,0.0,1000000.0,1.0,700000.0,213000.0,4.0,171261.19,1715007.0,160748.0
1,6.0,1.0,3.0,1.0,4.0,2.0,31.0,90000.0,3.0,2.0,2.0,2.0,2.0,2.0,50000.0,2.0,4.0,3.0,2.0,1600000.0,700000.0,1.0,350000.0,120000.0,2.0,146389.2,228228.0,749.0
1,2.0,2.0,3.0,1.0,4.0,2.0,31.0,48000.0,3.0,2.0,2.0,2.0,1.0,2.0,0.0,1.0,4.0,3.0,2.0,0.0,800000.0,1.0,380000.0,60000.0,1.0,91606.42,147278.0,749.0
1,7.0,2.0,3.0,1.0,4.0,2.0,31.0,120000.0,5.0,2.0,2.0,2.0,1.0,2.0,800000.0,2.0,4.0,3.0,2.0,1000000.0,800000.0,1.0,400000.0,238300.0,4.0,55184.2,573941.0,745.0
1,2.0,1.0,2.0,2.0,4.0,2.0,31.0,52000.0,3.0,2.0,2.0,2.0,1.0,2.0,650000.0,1.0,4.0,4.0,2.0,0.0,500000.0,1.0,250000.0,27000.0,1.0,59537.32,99417.0,754.0
1,1.0,1.0,3.0,1.0,4.0,2.0,31.0,80000.0,3.0,3.0,2.0,2.0,2.0,2.0,0.0,2.0,4.0,1.0,2.0,0.0,240000.0,1.0,80000.0,60000.0,1.0,36731.2,98180.0,748.0
1,5.0,1.0,3.0,1.0,4.0,1.0,31.0,280000.0,3.0,3.0,2.0,2.0,2.0,2.0,3000000.0,1.0,4.0,3.0,2.0,0.0,2000.0,1.0,400000.0,218000.0,2.0,201289.77,626425.0,6000754.0
1,2.0,1.0,4.0,2.0,4.0,2.0,31.0,180000.0,4.0,3.0,2.0,2.0,1.0,2.0,0.0,2.0,4.0,6.0,2.0,0.0,350000.0,1.0,100000.0,68000.0,2.0,20131.7,139064.0,752.0
1,6.0,1.0,3.0,1.0,4.0,2.0,31.0,220000.0,4.0,3.0,2.0,1.0,2.0,2.0,700000.0,1.0,4.0,3.0,2.0,0.0,1000000.0,1.0,200000.0,90000.0,2.0,85298.4,306149.0,749.0
1,3.0,1.0,2.0,1.0,4.0,2.0,31.0,90000.0,3.0,2.0,2.0,2.0,1.0,2.0,192500.0,1.0,4.0,2.0,2.0,5000.0,1000000.0,1.0,250000.0,321000.0,3.0,86060.75,377012.0,746.0
1,3.0,1.0,2.0,1.0,4.0,2.0,31.0,7.0,3.0,1.0,2.0,2.0,1.0,2.0,8200000.0,1.0,4.0,1.0,2.0,1000000.0,300000.0,1.2222222222222223,399051.6666666667,60000.0,2.0,132152.7,354099.0,17000748.0
1,2.0,1.0,4.0,1.0,4.0,1.0,31.0,220000.0,2.0,1.0,2.0,1.0,2.0,1.0,0.0,2.0,4.0,2.0,2.0,10000000.0,1000000.0,1.0,261111.11111111112,710000.0,2.0,138942.62,859484.0,743.0
1,2.0,1.0,3.0,1.0,4.0,2.0,31.0,160000.0,3.0,3.0,2.0,2.0,2.0,2.0,0.0,2.0,4.0,1.0,2.0,0.0,500000.0,1.0,100000.0,112000.0,2.0,56211.5,294915.0,745.0
1,5.0,3.0,3.0,1.0,4.0,2.0,31.0,250000.0,3.0,3.0,2.0,2.0,1.0,2.0,0.0,2.0,4.0,1.0,1.0,5000.0,1500.0,2.3333333333333335,663854.0,400000.0,1.0,246626.14,783621.0,746.0
1,2.0,1.0,3.0,2.0,4.0,2.0,31.0,200000.0,3.0,2.0,2.0,2.0,2.0,2.0,0.0,2.0,4.0,6.0,2.0,0.0,0.0,1.0,80000.0,48000.0,1.0,81895.81,212582.0,750.0
1,5.0,1.0,2.0,1.0,4.0,1.0,31.0,160000.0,4.0,2.0,2.0,2.0,2.0,2.0,700000.0,1.0,4.0,3.0,2.0,5000000.0,3000000.0,1.0,1000000.0,372000.0,4.0,183118.8,603082.0,3000748.0
1,2.0,1.0,3.0,2.0,4.0,2.0,31.0,80000.0,3.0,3.0,2.0,2.0,1.0,2.0,0.0,2.0,4.0,6.0,2.0,0.0,0.0,1.0,300000.0,352000.0,3.0,56554.63,126896.0,752.0
1,2.0,1.0,2.0,1.0,4.0,2.0,31.0,100000.0,3.0,3.0,2.0,2.0,2.0,2.0,0.0,2.0,4.0,4.0,2.0,0.0,0.0,1.0,500000.0,96000.0,2.0,125276.8,227428.0,747.0
1,1.0,1.0,3.0,2.0,4.0,2.0,31.0,250000.0,2.0,3.0,2.0,2.0,1.0,2.0,0.0,2.0,4.0,6.0,2.0,500000.0,400000.0,1.0,200000.0,53000.0,2.0,56849.55,89656.0,749.0
1,2.0,1.0,1.0,2.0,4.0,2.0,31.0,150000.0,3.0,2.0,2.0,2.0,1.0,2.0,0.0,2.0,4.0,6.0,2.0,5000.0,3000.0,1.0,300000.0,93000.0,2.0,96444.5,190082.0,750.0
1,5.0,1.0,2.0,1.0,4.0,2.0,31.0,100000.0,3.0,2.0,2.0,2.0,2.0,2.0,0.0,2.0,4.0,6.0,2.0,5000000.0,3000000.0,1.0,1000000.0,230000.0,2.0,118490.1,209685.0,746.0
1,5.0,1.0,3.0,1.0,2.0,1.0,31.0,200000.0,3.0,3.0,2.0,2.0,2.0,2.0,0.0,2.0,4.0,6.0,2.0,0.0,0.0,1.0,500000.0,191000.0,3.0,182968.03,425752.0,744.0
1,7.0,1.0,3.0,1.0,4.0,1.0,31.0,250000.0,4.0,3.0,2.0,2.0,2.0,2.0,0.0,2.0,4.0,6.0,2.0,5000000.0,2000000.0,1.0,600000.0,476000.0,4.0,248878.67,1578043.0,743.0
1,3.0,1.0,2.0,1.0,4.0,1.0,31.0,200000.0,4.0,2.0,2.0,2.0,2.0,2.0,150000.0,1.0,4.0,1.0,2.0,1000000.0,500000.0,1.0,200000.0,464000.0,4.0,68259.35,383613.0,745.0
1,5.0,1.0,2.0,1.0,4.0,2.0,31.0,120000.0,4.0,2.0,2.0,2.0,2.0,2.0,0.0,2.0,4.0,1.0,2.0,0.0,0.0,1.0,200000.0,240000.0,3.0,89808.7,478136.0,748.0
1,6.0,1.0,4.0,1.0,4.0,2.0,31.0,150000.0,3.0,2.0,2.0,2.0,2.0,2.0,0.0,2.0,4.0,1.0,2.0,0.0,0.0,1.0,25000.0,235000.0,4.0,128974.05,2619186.0,745.0
1,7.0,1.0,3.0,1.0,4.0,2.0,31.0,200000.0,3.0,2.0,2.0,2.0,2.0,2.0,0.0,2.0,4.0,1.0,2.0,0.0,0.0,1.0,200000.0,138000.0,3.0,100766.4,462056.0,746.0
1,4.0,1.0,3.0,2.0,4.0,2.0,31.0,180000.0,3.0,2.0,2.0,2.0,2.0,2.0,0.0,2.0,4.0,1.0,2.0,0.0,0.0,1.0,200000.0,170000.0,2.0,117466.7,257746.0,746.0
1,4.0,5.0,5.0,1.0,4.0,2.0,31.0,100000.0,3.0,2.0,2.0,2.0,2.0,2.0,300000.0,1.0,4.0,1.0,2.0,0.0,0.0,1.2222222222222223,210493.55555555556,114000.0,3.0,74853.75,84414.0,746.0
1,5.0,5.0,3.0,2.0,4.0,1.0,31.0,80000.0,4.0,3.0,2.0,2.0,2.0,2.0,0.0,2.0,4.0,1.0,2.0,0.0,0.0,1.0,200000.0,258000.0,3.0,82231.0,244204.0,746.0
1,4.0,1.0,4.0,1.0,4.0,1.0,31.0,250000.0,3.0,2.0,2.0,2.0,2.0,2.0,0.0,2.0,4.0,1.0,2.0,0.0,0.0,1.6666666666666667,303800.44444444444,650000.0,2.0,145103.15,331954.0,741.0
1,6.0,1.0,2.0,1.0,4.0,2.0,31.0,80000.0,4.0,3.0,2.0,2.0,2.0,2.0,100000.0,1.0,4.0,2.0,2.0,0.0,0.0,1.6666666666666667,359916.6666666667,205000.0,4.0,99258.7,247263.0,746.0
1,4.0,1.0,4.0,1.0,4.0,1.0,31.0,100000.0,2.0,2.0,2.0,2.0,1.0,2.0,0.0,2.0,4.0,3.0,2.0,2600000.0,1000000.0,1.0,250000.0,370000.0,3.0,39599.6,132600.0,744.0
1,4.0,1.0,3.0,1.0,4.0,1.0,31.0,110000.0,2.0,2.0,2.0,2.0,1.0,2.0,0.0,2.0,4.0,1.0,2.0,2000000.0,800000.0,1.0,220000.0,570500.0,3.0,11572.8,185293.0,741.0
1,2.0,1.0,4.0,2.0,4.0,2.0,31.0,90000.0,3.0,2.0,2.0,1.0,1.0,1.0,0.0,2.0,4.0,1.0,1.0,600000.0,300000.0,1.0,140000.0,89500.0,3.0,36198.9,36948.0,753.0
1,5.0,1.0,5.0,1.0,1.0,1.0,31.0,120000.0,2.0,2.0,2.0,2.0,2.0,2.0,50000.0,1.0,2.0,3.0,2.0,550000.0,350000.0,1.0,230000.0,270000.0,3.0,55719.4,185675.0,340747.0
1,6.0,1.0,5.0,1.0,4.0,2.0,31.0,120000.0,3.0,2.0,2.0,2.0,1.0,1.0,0.0,1.0,4.0,1.0,2.0,1700000.0,800000.0,1.0,270000.0,188400.0,4.0,45766.35,285333.0,340748.0
1,5.0,1.0,5.0,1.0,4.0,2.0,31.0,130000.0,3.0,2.0,2.0,1.0,1.0,2.0,0.0,2.0,4.0,3.0,2.0,2000000.0,900000.0,1.0,250000.0,131400.0,3.0,46762.2,164379.0,744.0
1,6.0,1.0,5.0,1.0,4.0,1.0,31.0,180000.0,2.0,2.0,2.0,1.0,1.0,2.0,0.0,2.0,4.0,3.0,2.0,2600000.0,950000.0,1.0,270000.0,175460.0,4.0,78125.6,188659.0,747.0
1,5.0,1.0,4.0,1.0,4.0,1.0,31.0,120000.0,3.0,2.0,2.0,2.0,1.0,2.0,0.0,2.0,4.0,1.0,1.0,2500000.0,1400000.0,1.0,300000.0,478000.0,5.0,67451.35,190245.0,747.0
1,4.0,1.0,4.0,1.0,4.0,1.0,31.0,110000.0,3.0,2.0,2.0,2.0,1.0,1.0,40000.0,1.0,4.0,3.0,2.0,1700000.0,800000.0,1.0,260000.0,588200.0,4.0,55637.6,165880.0,746.0
1,4.0,1.0,3.0,2.0,4.0,2.0,31.0,80000.0,4.0,2.0,2.0,2.0,1.0,2.0,100000.0,1.0,4.0,3.0,2.0,1600000.0,400000.0,1.0,150000.0,10000.0,1.0,40337.95,93820.0,745.0
1,3.0,1.0,4.0,2.0,4.0,2.0,31.0,80000.0,4.0,2.0,2.0,2.0,1.0,2.0,60000.0,1.0,4.0,6.0,2.0,900000.0,400000.0,1.0,150000.0,90000.0,1.0,53933.3,79104.0,745.0
1,2.0,1.0,3.0,2.0,4.0,2.0,31.0,70000.0,4.0,2.0,2.0,2.0,2.0,2.0,0.0,2.0,4.0,3.0,2.0,600000.0,300000.0,1.0,150000.0,75000.0,2.0,34905.85,76928.0,752.0
1,1.0,1.0,3.0,2.0,4.0,2.0,31.0,77000.0,4.0,2.0,2.0,2.0,2.0,2.0,50000.0,1.0,4.0,3.0,2.0,500000.0,260000.0,1.0,100000.0,41000.0,1.0,41016.6,43403.0,751.0
1,2.0,1.0,3.0,2.0,4.0,2.0,31.0,66000.0,4.0,2.0,2.0,2.0,2.0,2.0,60000.0,1.0,4.0,3.0,2.0,950000.0,250000.0,1.0,150000.0,68700.0,2.0,41024.8,110073.0,749.0
1,5.0,1.0,3.0,2.0,4.0,2.0,31.0,60000.0,4.0,2.0,2.0,2.0,1.0,2.0,30000.0,1.0,4.0,3.0,2.0,900000.0,350000.0,1.0,200000.0,76700.0,2.0,6637.7,76736.0,752.0
1,4.0,1.0,4.0,2.0,4.0,1.0,31.0,38000.0,4.0,2.0,2.0,2.0,2.0,2.0,150000.0,1.0,4.0,6.0,2.0,2600000.0,700000.0,1.0,200000.0,137600.0,2.0,25131.4,139906.0,744.0
1,5.0,1.0,4.0,2.0,4.0,1.0,31.0,40000.0,4.0,2.0,2.0,2.0,2.0,2.0,100000.0,1.0,4.0,6.0,2.0,2600000.0,1000000.0,1.0,200000.0,100000.0,1.0,24667.7,121502.0,745.0
1,5.0,1.0,4.0,2.0,4.0,1.0,31.0,40000.0,4.0,2.0,2.0,2.0,2.0,2.0,80000.0,1.0,4.0,6.0,2.0,5000.0,1000000.0,1.0,260000.0,167100.0,3.0,12608.6,111014.0,743.0
1,1.0,1.0,3.0,2.0,4.0,2.0,31.0,50000.0,3.0,2.0,2.0,2.0,1.0,2.0,0.0,1.0,4.0,6.0,2.0,400000.0,260000.0,1.0,100000.0,49800.0,2.0,35924.0,84273.0,751.0
1,4.0,1.0,4.0,1.0,4.0,1.0,31.0,60000.0,3.0,2.0,2.0,2.0,2.0,2.0,200000.0,1.0,4.0,6.0,2.0,1600000.0,800000.0,1.0,250000.0,120000.0,1.0,34310.45,150326.0,740.0
1,2.0,1.0,4.0,1.0,4.0,1.0,31.0,80000.0,4.0,2.0,2.0,2.0,2.0,2.0,150000.0,1.0,4.0,6.0,2.0,1000000.0,500000.0,1.0,200000.0,145000.0,2.0,48450.15,132899.0,743.0
1,3.0,1.0,4.0,1.0,4.0,1.0,31.0,70000.0,3.0,2.0,2.0,2.0,2.0,2.0,200000.0,1.0,4.0,6.0,2.0,600000.0,400000.0,1.0,200000.0,146000.0,2.0,59505.0,107806.0,743.0
1,4.0,1.0,4.0,1.0,4.0,1.0,31.0,90000.0,3.0,2.0,2.0,2.0,2.0,2.0,100000.0,1.0,4.0,6.0,2.0,1500000.0,700000.0,1.0,200000.0,178000.0,2.0,52333.9,200533.0,741.0
1,4.0,1.0,4.0,2.0,4.0,1.0,31.0,68000.0,3.0,2.0,2.0,2.0,2.0,2.0,100000.0,1.0,4.0,6.0,2.0,1000000.0,500000.0,1.0,180000.0,88000.0,1.0,50665.3,142300.0,748.0
1,3.0,1.0,3.0,1.0,4.0,2.0,31.0,76000.0,3.0,2.0,2.0,2.0,2.0,2.0,100000.0,1.0,4.0,6.0,2.0,1000000.0,150000.0,1.0,100000.0,70000.0,1.0,45072.9,97888.0,744.0
1,2.0,1.0,3.0,2.0,4.0,2.0,31.0,66000.0,4.0,3.0,2.0,2.0,1.0,2.0,100000.0,1.0,4.0,3.0,2.0,350000.0,200000.0,1.0,100000.0,7000.0,1.0,28105.55,78116.0,753.0
1,4.0,1.0,4.0,1.0,4.0,1.0,31.0,200000.0,3.0,2.0,2.0,1.0,2.0,2.0,200000.0,1.0,4.0,6.0,2.0,600000.0,400000.0,1.0,200000.0,260000.0,2.0,32230.2,324616.0,739.0
1,5.0,1.0,2.0,2.0,4.0,2.0,31.0,200000.0,3.0,3.0,2.0,2.0,2.0,2.0,0.0,2.0,4.0,1.0,2.0,3000000.0,1000000.0,1.0,500000.0,30000.0,1.0,22548.45,41967.0,752.0
1,7.0,1.0,2.0,1.0,4.0,1.0,31.0,180000.0,4.0,3.0,2.0,1.0,2.0,2.0,960000.0,1.0,4.0,3.0,2.0,1000000.0,700000.0,1.0,300000.0,190000.0,3.0,45969.25,171524.0,560751.0
1,6.0,1.0,5.0,1.0,2.0,1.0,31.0,200000.0,2.0,2.0,2.0,2.0,2.0,2.0,2748000.0,1.0,4.0,3.0,2.0,1000000.0,500000.0,1.0,150000.0,1198000.0,4.0,45367.2,192175.0,4715847.0
1,4.0,1.0,4.0,2.0,4.0,1.0,31.0,75000.0,4.0,3.0,2.0,2.0,2.0,2.0,446000.0,1.0,4.0,3.0,2.0,1000000.0,500000.0,1.0,200000.0,140000.0,1.0,31503.55,139340.0,752.0
1,5.0,1.0,5.0,1.0,4.0,2.0,31.0,130000.0,3.0,1.0,2.0,2.0,2.0,2.0,0.0,2.0,4.0,3.0,2.0,500000.0,250000.0,1.0,100000.0,75000.0,2.0,21466.0,140370.0,1200756.0
1,5.0,1.0,5.0,2.0,4.0,1.0,31.0,160000.0,3.0,3.0,2.0,2.0,2.0,2.0,76000.0,1.0,4.0,3.0,2.0,700000.0,500000.0,1.0,250000.0,63000.0,3.0,47390.1,123227.0,184749.0
1,4.0,1.0,4.0,1.0,4.0,2.0,31.0,230000.0,2.0,2.0,2.0,2.0,1.0,2.0,1447000.0,1.0,4.0,2.0,2.0,2000000.0,1000000.0,1.0,300000.0,68000.0,2.0,59353.82,394034.0,5914756.0
1,2.0,1.0,3.0,1.0,4.0,1.0,31.0,110000.0,4.0,3.0,2.0,2.0,1.0,2.0,0.0,2.0,4.0,3.0,2.0,1000.0,150000.0,1.0,100000.0,92000.0,1.0,46507.15,70173.0,751.0
1,5.0,1.0,2.0,1.0,4.0,1.0,31.0,7.0,4.0,3.0,2.0,2.0,1.0,2.0,0.0,2.0,4.0,3.0,2.0,1000000.0,200000.0,1.0,100000.0,55000.0,3.0,41286.0,94041.0,753.0
1,5.0,1.0,4.0,1.0,4.0,2.0,31.0,150000.0,3.0,2.0,2.0,2.0,1.0,2.0,0.0,2.0,4.0,6.0,2.0,1000000.0,800000.0,1.0,100000.0,80000.0,2.0,103833.15,310298.0,744.0
1,3.0,1.0,4.0,1.0,4.0,2.0,31.0,150000.0,3.0,2.0,2.0,1.0,2.0,2.0,0.0,2.0,4.0,6.0,2.0,500000.0,400000.0,1.0,100000.0,540000.0,2.0,114782.64,428450.0,744.0
1,3.0,1.0,3.0,2.0,4.0,2.0,31.0,200000.0,3.0,1.0,2.0,2.0,1.0,2.0,0.0,2.0,4.0,6.0,2.0,500000.0,400000.0,1.0,145555.55555555556,50000.0,1.0,92917.7,358807.0,600752.0
1,4.0,1.0,2.0,2.0,4.0,2.0,31.0,75000.0,4.0,3.0,1.0,2.0,2.0,2.0,1200000.0,1.0,4.0,6.0,2.0,1000000.0,500000.0,1.0,150000.0,250000.0,3.0,112591.55,189341.0,756.0
1,3.0,1.0,3.0,1.0,4.0,2.0,31.0,140000.0,3.0,3.0,2.0,2.0,2.0,2.0,0.0,2.0,4.0,6.0,2.0,500000.0,400000.0,1.0,101444.44444444444,86000.0,2.0,74307.95,170228.0,748.0
1,4.0,1.0,2.0,1.0,4.0,1.0,31.0,80000.0,5.0,3.0,2.0,1.0,2.0,2.0,50000.0,1.0,4.0,6.0,2.0,1000000.0,800000.0,1.0,100000.0,75000.0,2.0,101732.5,121004.0,300750.0
1,2.0,1.0,1.0,2.0,4.0,2.0,31.0,60000.0,5.0,3.0,2.0,2.0,1.0,2.0,0.0,2.0,4.0,6.0,2.0,500000.0,400000.0,1.0,70000.0,75000.0,2.0,111697.48,156901.0,754.0
1,2.0,1.0,3.0,1.0,4.0,2.0,31.0,120000.0,3.0,2.0,2.0,2.0,2.0,2.0,150000.0,1.0,4.0,6.0,2.0,1000000.0,500000.0,1.0,150000.0,200000.0,2.0,99830.55,242557.0,753.0
1,6.0,1.0,3.0,2.0,4.0,1.0,31.0,150000.0,3.0,2.0,2.0,2.0,1.0,2.0,0.0,2.0,4.0,6.0,2.0,800000.0,500000.0,1.0,200000.0,357000.0,4.0,102158.246,345057.0,742.0
1,3.0,1.0,6.0,1.0,4.0,1.0,31.0,160000.0,2.0,2.0,2.0,2.0,2.0,2.0,0.0,2.0,4.0,4.0,2.0,0.0,0.0,1.0,200000.0,235000.0,3.0,106027.66,239167.0,737.0
1,3.0,1.0,2.0,1.0,4.0,2.0,31.0,100000.0,3.0,3.0,2.0,2.0,2.0,2.0,0.0,2.0,4.0,5.0,2.0,0.0,0.0,1.0,300000.0,670000.0,2.0,98961.78,248460.0,746.0
1,1.0,1.0,4.0,1.0,4.0,2.0,31.0,110000.0,3.0,2.0,2.0,2.0,2.0,2.0,0.0,2.0,4.0,6.0,2.0,0.0,2000000.0,1.0,85000.0,85000.0,1.0,83002.35,120969.0,741.0
1,3.0,1.0,2.0,1.0,4.0,1.0,31.0,80000.0,3.0,2.0,2.0,2.0,1.0,2.0,0.0,2.0,4.0,6.0,2.0,0.0,10000.0,1.0,150000.0,150000.0,1.0,57157.08,286746.0,744.0
1,3.0,1.0,6.0,1.0,4.0,2.0,31.0,140000.0,2.0,2.0,2.0,2.0,1.0,2.0,0.0,2.0,4.0,5.0,2.0,0.0,5000000.0,1.0,100000.0,125000.0,1.0,67831.18,188118.0,741.0
1,5.0,1.0,6.0,1.0,4.0,1.0,31.0,110000.0,3.0,2.0,2.0,2.0,1.0,2.0,300000.0,1.0,4.0,6.0,2.0,0.0,0.0,1.0,120000.0,124000.0,2.0,111734.84,332476.0,739.0
1,3.0,1.0,3.0,2.0,4.0,1.0,31.0,50000.0,3.0,2.0,2.0,2.0,2.0,2.0,0.0,1.0,4.0,6.0,2.0,0.0,0.0,1.0,80000.0,80000.0,1.0,83248.1,136744.0,746.0
1,3.0,1.0,7.0,1.0,4.0,2.0,31.0,100000.0,3.0,2.0,2.0,2.0,2.0,2.0,0.0,1.0,4.0,5.0,2.0,0.0,0.0,1.0,100000.0,115000.0,1.0,100659.27,241078.0,742.0
1,3.0,3.0,2.0,1.0,4.0,2.0,31.0,90000.0,3.0,3.0,2.0,2.0,1.0,2.0,0.0,2.0,4.0,6.0,2.0,0.0,0.0,1.0,120000.0,120000.0,1.0,55077.78,282388.0,748.0
1,4.0,1.0,6.0,1.0,4.0,1.0,31.0,250000.0,2.0,2.0,2.0,1.0,2.0,2.0,0.0,2.0,4.0,6.0,2.0,0.0,0.0,1.0,200000.0,280000.0,2.0,61645.25,378691.0,742.0
1,6.0,1.0,5.0,1.0,4.0,1.0,31.0,200000.0,3.0,2.0,2.0,1.0,1.0,2.0,600000.0,1.0,4.0,6.0,2.0,0.0,0.0,1.0,250000.0,530000.0,2.0,40792.57,315624.0,746.0
1,5.0,1.0,4.0,2.0,4.0,2.0,31.0,220000.0,3.0,2.0,2.0,2.0,2.0,2.0,0.0,2.0,4.0,6.0,2.0,0.0,0.0,1.0,150000.0,270000.0,2.0,47324.55,242972.0,747.0
1,3.0,1.0,4.0,1.0,4.0,2.0,31.0,180000.0,3.0,2.0,2.0,1.0,1.0,2.0,0.0,2.0,4.0,6.0,2.0,0.0,0.0,1.0,150000.0,241000.0,3.0,56376.2,241386.0,745.0
1,4.0,1.0,4.0,1.0,4.0,1.0,31.0,200000.0,3.0,2.0,2.0,1.0,2.0,2.0,250000.0,1.0,4.0,6.0,2.0,0.0,0.0,1.0,200000.0,490000.0,2.0,33489.34,939484.0,744.0
1,4.0,1.0,4.0,2.0,4.0,1.0,31.0,180000.0,3.0,2.0,2.0,2.0,2.0,2.0,0.0,2.0,4.0,6.0,2.0,0.0,0.0,1.0,200000.0,240000.0,2.0,64824.49,169792.0,746.0
1,3.0,1.0,4.0,1.0,4.0,1.0,31.0,220000.0,3.0,2.0,2.0,2.0,2.0,2.0,0.0,2.0,4.0,6.0,2.0,0.0,0.0,1.0,200000.0,199000.0,2.0,43680.95,455101.0,744.0
1,1.0,1.0,4.0,2.0,4.0,2.0,31.0,60000.0,3.0,2.0,2.0,1.0,1.0,2.0,0.0,2.0,4.0,6.0,2.0,0.0,0.0,1.0,100000.0,45500.0,1.0,42325.5,191701.0,752.0
1,4.0,1.0,6.0,1.0,4.0,2.0,31.0,220000.0,3.0,2.0,2.0,1.0,1.0,2.0,0.0,2.0,4.0,6.0,2.0,0.0,0.0,1.0,150000.0,104000.0,2.0,47891.05,226716.0,745.0
1,7.0,1.0,4.0,2.0,4.0,1.0,31.0,150000.0,3.0,3.0,2.0,2.0,1.0,2.0,50000.0,1.0,4.0,2.0,2.0,1000000.0,700000.0,1.0,600000.0,320000.0,3.0,63767.22,72261.0,750.0
1,4.0,1.0,4.0,2.0,4.0,2.0,31.0,140000.0,3.0,3.0,2.0,2.0,1.0,2.0,200000.0,1.0,4.0,6.0,2.0,2000000.0,1500000.0,1.0,1000000.0,226000.0,3.0,57171.1,80818.0,751.0
1,4.0,1.0,4.0,1.0,4.0,2.0,31.0,82889.66666666667,3.0,3.0,2.0,2.0,2.0,2.0,600000.0,1.0,4.0,6.0,2.0,1500000.0,1000000.0,1.0,600000.0,250000.0,1.0,20092.9,136617.0,748.0
1,5.0,1.0,4.0,1.0,4.0,2.0,31.0,7.0,3.0,3.0,2.0,2.0,2.0,2.0,80000.0,1.0,4.0,6.0,2.0,0.0,0.0,1.2222222222222223,340327.77777777775,160000.0,2.0,47277.0,147626.0,750.0
1,6.0,1.0,4.0,1.0,4.0,1.0,31.0,180000.0,2.0,3.0,2.0,2.0,1.0,2.0,0.0,2.0,4.0,2.0,2.0,0.0,0.0,1.0,238888.88888888888,360000.0,3.0,63674.47,203501.0,744.0
1,4.0,1.0,4.0,1.0,4.0,1.0,31.0,7.0,3.0,3.0,2.0,2.0,2.0,2.0,0.0,2.0,4.0,6.0,2.0,0.0,0.0,1.0,177777.77777777778,178000.0,3.0,11484.7,118009.0,748.0
1,5.0,1.0,5.0,2.0,4.0,2.0,31.0,130000.0,3.0,3.0,2.0,2.0,2.0,2.0,0.0,2.0,1.0,4.0,2.0,3000000.0,1000000.0,1.0,700000.0,152000.0,2.0,61824.1,83581.0,751.0
1,10.0,1.0,5.0,2.0,4.0,1.0,31.0,150000.0,3.0,3.0,2.0,2.0,2.0,2.0,1900000.0,1.0,4.0,6.0,2.0,10000.0,8000.0,3.0,3330110.0,520000.0,4.0,91045.1,145758.0,750.0
1,4.0,1.0,3.0,2.0,4.0,2.0,31.0,120000.0,3.0,3.0,2.0,2.0,1.0,2.0,200000.0,1.0,4.0,3.0,2.0,2000000.0,1500000.0,1.0,1000000.0,210000.0,3.0,48727.7,37444.0,752.0
1,7.0,1.0,5.0,2.0,4.0,1.0,31.0,100000.0,3.0,3.0,2.0,2.0,2.0,2.0,80000.0,1.0,4.0,5.0,2.0,4000000.0,3500000.0,1.0,3000000.0,158000.0,2.0,46221.6,342751.0,746.0
1,3.0,1.0,4.0,1.0,4.0,1.0,31.0,96000.0,3.0,3.0,2.0,2.0,2.0,2.0,130000.0,1.0,4.0,6.0,2.0,3800000.0,3500000.0,1.0,2800000.0,158000.0,2.0,34328.35,174293.0,747.0
1,2.0,1.0,4.0,2.0,4.0,1.0,31.0,7.0,3.0,3.0,2.0,2.0,2.0,2.0,80000.0,1.0,4.0,4.0,2.0,3000000.0,2500000.0,1.0,360000.0,80000.0,1.0,36127.55,170340.0,749.0
1,2.0,1.0,4.0,1.0,4.0,2.0,31.0,89000.0,3.0,3.0,2.0,2.0,2.0,2.0,200000.0,1.0,4.0,5.0,2.0,4000000.0,3000000.0,1.0,2500000.0,120000.0,1.0,27364.25,188081.0,750.0
1,3.0,1.0,5.0,2.0,4.0,1.0,31.0,100000.0,3.0,3.0,2.0,2.0,1.0,2.0,300000.0,1.0,4.0,5.0,2.0,4500000.0,4000000.0,1.0,3500000.0,172000.0,2.0,34539.3,200837.0,747.0
1,5.0,1.0,5.0,1.0,4.0,1.0,31.0,116000.0,3.0,3.0,2.0,2.0,2.0,2.0,200000.0,1.0,4.0,6.0,2.0,5000000.0,4500000.0,1.0,4000000.0,127000.0,2.0,28425.2,275503.0,745.0
1,1.0,1.0,4.0,2.0,4.0,1.0,31.0,60000.0,3.0,3.0,2.0,2.0,2.0,2.0,0.0,2.0,4.0,5.0,2.0,3500000.0,3000000.0,1.0,2800000.0,70000.0,1.0,50192.05,230489.0,749.0
1,6.0,1.0,5.0,1.0,4.0,1.0,31.0,118000.0,3.0,3.0,2.0,2.0,1.0,2.0,300000.0,1.0,4.0,4.0,2.0,7000000.0,6000000.0,1.0,5000000.0,150000.0,1.0,41256.6,190544.0,744.0
1,4.0,1.0,5.0,2.0,4.0,1.0,31.0,105000.0,3.0,2.0,2.0,2.0,2.0,2.0,240000.0,1.0,4.0,6.0,2.0,6500000.0,5500000.0,1.0,4500000.0,165000.0,3.0,41793.3,401081.0,747.0
1,4.0,3.0,3.0,1.0,4.0,1.0,31.0,350000.0,3.0,3.0,2.0,2.0,2.0,2.0,0.0,2.0,4.0,6.0,2.0,0.0,0.0,1.2222222222222223,288930.55555555556,230000.0,1.0,59553.1,294750.0,743.0
1,1.0,1.0,2.0,2.0,4.0,2.0,31.0,60000.0,4.0,3.0,2.0,2.0,2.0,2.0,0.0,2.0,4.0,6.0,2.0,0.0,0.0,1.0,91111.11111111112,37000.0,1.0,41954.1,56112.0,753.0
1,2.0,1.0,2.0,2.0,4.0,2.0,31.0,100000.0,3.0,3.0,2.0,2.0,2.0,2.0,80000.0,1.0,4.0,5.0,2.0,0.0,500000.0,1.0,150000.0,36000.0,1.0,44503.6,116873.0,1000756.0
1,2.0,5.0,3.0,2.0,4.0,1.0,31.0,80000.0,2.0,3.0,2.0,2.0,2.0,2.0,0.0,2.0,4.0,6.0,2.0,0.0,1000000.0,1.0,200000.0,172000.0,2.0,74762.4,200992.0,749.0
1,4.0,1.0,3.0,1.0,4.0,2.0,31.0,7.0,3.0,3.0,2.0,2.0,2.0,2.0,0.0,2.0,4.0,4.0,2.0,0.0,0.0,1.0,167777.77777777778,145800.0,3.0,10867.5,108175.0,746.0
1,4.0,1.0,3.0,1.0,4.0,2.0,31.0,170000.0,2.0,2.0,2.0,2.0,1.0,2.0,0.0,2.0,4.0,6.0,2.0,0.0,1000000.0,1.0,300000.0,150000.0,1.0,55744.0,256173.0,600751.0
1,2.0,5.0,3.0,2.0,4.0,2.0,31.0,180000.0,2.0,3.0,2.0,2.0,1.0,2.0,0.0,2.0,4.0,5.0,2.0,0.0,0.0,1.0,93444.44444444444,69000.0,2.0,50817.2,78579.0,751.0
1,4.0,1.0,3.0,1.0,4.0,2.0,31.0,130000.0,3.0,3.0,2.0,2.0,2.0,2.0,0.0,2.0,4.0,6.0,2.0,0.0,0.0,1.0,277777.77777777775,115000.0,2.0,40694.8,159454.0,749.0
1,1.0,1.0,3.0,2.0,4.0,2.0,31.0,80000.0,3.0,3.0,2.0,2.0,1.0,2.0,0.0,2.0,4.0,6.0,2.0,0.0,0.0,1.0,200000.0,100000.0,1.0,26921.0,13036.0,751.0
1,5.0,1.0,4.0,1.0,4.0,2.0,31.0,60000.0,4.0,3.0,2.0,2.0,2.0,2.0,100000.0,1.0,4.0,6.0,2.0,0.0,3000000.0,1.0,600000.0,66000.0,2.0,73357.8,93773.0,751.0
1,6.0,1.0,3.0,1.0,4.0,2.0,31.0,120000.0,2.0,2.0,2.0,2.0,2.0,2.0,250000.0,1.0,4.0,6.0,2.0,0.0,4000000.0,1.0,800000.0,1050000.0,3.0,158697.1,247288.0,500745.0
1,1.0,1.0,2.0,2.0,4.0,2.0,31.0,40000.0,3.0,3.0,2.0,2.0,2.0,2.0,0.0,2.0,4.0,6.0,2.0,0.0,2000000.0,1.0,400000.0,50000.0,1.0,58761.4,72961.0,754.0
1,4.0,1.0,2.0,1.0,4.0,1.0,31.0,80000.0,2.0,2.0,2.0,2.0,2.0,2.0,2000000.0,1.0,4.0,6.0,2.0,0.0,4000000.0,1.0,800000.0,200000.0,1.0,177480.25,219297.0,4000748.0
1,2.0,1.0,3.0,1.0,4.0,2.0,31.0,100000.0,2.0,2.0,2.0,2.0,1.0,2.0,0.0,2.0,4.0,6.0,2.0,0.0,2000000.0,1.0,400000.0,63000.0,2.0,71321.0,105639.0,746.0
1,4.0,1.0,3.0,1.0,4.0,1.0,31.0,200000.0,2.0,2.0,2.0,2.0,2.0,2.0,7000000.0,2.0,4.0,6.0,2.0,0.0,800000.0,1.0,400000.0,266000.0,2.0,231288.25,413626.0,745.0
1,5.0,1.0,3.0,1.0,4.0,2.0,31.0,240000.0,2.0,2.0,2.0,2.0,2.0,2.0,300000.0,1.0,4.0,6.0,2.0,0.0,4000000.0,1.0,800000.0,200000.0,1.0,152126.6,239703.0,748.0
1,3.0,1.0,3.0,1.0,4.0,2.0,31.0,100000.0,2.0,2.0,2.0,2.0,2.0,2.0,330000.0,1.0,4.0,6.0,2.0,0.0,3000000.0,1.0,600000.0,107000.0,3.0,103386.05,206713.0,500750.0
1,5.0,1.0,4.0,1.0,4.0,2.0,31.0,80000.0,3.0,2.0,2.0,2.0,2.0,2.0,300000.0,1.0,4.0,6.0,2.0,0.0,600000.0,1.0,300000.0,100000.0,1.0,124155.45,103249.0,747.0
1,4.0,1.0,4.0,1.0,4.0,1.0,29.88888888888889,200000.0,3.0,2.0,2.0,2.0,1.0,2.0,400000.0,1.0,4.0,3.0,2.0,1000000.0,800000.0,1.0,500000.0,151000.0,3.0,55666.0,432578.0,4000749.0
1,3.0,1.0,3.0,1.0,4.0,1.0,31.0,160000.0,3.0,3.0,2.0,2.0,2.0,2.0,0.0,2.0,4.0,1.0,2.0,0.0,0.0,1.0,200000.0,138000.0,2.0,65746.5,121637.0,743.0
1,3.0,1.0,4.0,1.0,4.0,1.0,30.666666666666668,200000.0,3.0,2.0,2.0,2.0,1.0,2.0,0.0,2.0,4.0,3.0,2.0,15000.0,10000.0,1.0,250000.0,250000.0,1.0,33472.2,120183.0,741.0
1,2.0,1.0,4.0,1.0,4.0,2.0,28.444444444444443,120000.0,3.0,3.0,2.0,2.0,2.0,2.0,0.0,2.0,4.0,3.0,2.0,800000.0,600000.0,1.0,400000.0,80000.0,1.0,47317.5,97870.0,746.0
1,3.0,1.0,3.0,2.0,4.0,2.0,30.444444444444443,160000.0,3.0,2.0,2.0,2.0,1.0,2.0,0.0,2.0,4.0,3.0,2.0,1000000.0,700000.0,1.0,300000.0,234000.0,2.0,53101.5,179061.0,749.0
1,6.0,1.0,3.0,1.0,4.0,1.0,31.0,200000.0,3.0,3.0,2.0,2.0,2.0,2.0,0.0,2.0,4.0,3.0,2.0,10000000.0,1000000.0,1.0,300000.0,150000.0,3.0,16862.5,143488.0,747.0
1,3.0,1.0,6.0,1.0,4.0,1.0,31.0,200000.0,1.0,2.0,2.0,2.0,1.0,1.0,0.0,2.0,4.0,1.0,2.0,0.0,0.0,1.0,300000.0,300000.0,1.0,92435.4,551366.0,737.0
1,5.0,1.0,6.0,1.0,4.0,1.0,26.11111111111111,200000.0,3.0,2.0,2.0,2.0,1.0,2.0,0.0,2.0,4.0,1.0,2.0,20000000.0,1500000.0,1.0,300000.0,300000.0,1.0,45425.95,236897.0,740.0
1,6.0,1.0,4.0,1.0,4.0,1.0,30.77777777777778,200000.0,3.0,2.0,2.0,2.0,1.0,2.0,0.0,2.0,4.0,1.0,2.0,2000.0,1500.0,1.0,250000.0,250000.0,1.0,3774.4,190549.0,742.0
1,2.0,1.0,1.0,1.0,4.0,2.0,31.0,60000.0,3.0,2.0,2.0,2.0,1.0,2.0,50000.0,1.0,1.0,4.0,2.0,2500000.0,450000.0,1.0,60000.0,47000.0,2.0,43738.4,71476.0,746.0
1,6.0,1.0,3.0,1.0,4.0,2.0,31.0,160000.0,2.0,2.0,2.0,2.0,1.0,2.0,0.0,2.0,1.0,4.0,2.0,6000000.0,4000000.0,1.0,250000.0,73300.0,3.0,45883.6,150346.0,742.0
1,1.0,1.0,4.0,2.0,4.0,2.0,31.0,100000.0,3.0,3.0,2.0,2.0,1.0,2.0,0.0,2.0,4.0,6.0,2.0,1000000.0,400000.0,1.0,100000.0,45000.0,1.0,63669.7,92591.0,750.0
1,6.0,1.0,4.0,1.0,4.0,2.0,31.0,140000.0,2.0,2.0,2.0,2.0,2.0,2.0,0.0,2.0,4.0,4.0,2.0,6000000.0,4000000.0,1.0,200000.0,200000.0,4.0,59907.1,254247.0,741.0
1,2.0,1.0,4.0,1.0,4.0,2.0,31.0,140000.0,2.0,2.0,2.0,2.0,2.0,2.0,0.0,2.0,4.0,6.0,2.0,3000000.0,1500000.0,1.0,160000.0,150000.0,2.0,87333.0,120946.0,744.0
1,4.0,1.0,2.0,2.0,4.0,2.0,31.0,125000.0,2.0,2.0,2.0,2.0,1.0,1.0,0.0,2.0,4.0,4.0,2.0,4500000.0,3000000.0,1.0,200000.0,74300.0,2.0,44827.1,119586.0,745.0
1,6.0,1.0,4.0,1.0,4.0,1.0,31.0,240000.0,2.0,2.0,2.0,2.0,2.0,2.0,0.0,2.0,4.0,4.0,2.0,5000000.0,3000000.0,1.0,300000.0,326000.0,4.0,70716.1,240266.0,742.0
1,5.0,1.0,4.0,2.0,4.0,2.0,31.0,100000.0,3.0,2.0,2.0,2.0,1.0,2.0,0.0,2.0,1.0,4.0,2.0,4000000.0,2500000.0,1.0,200000.0,35900.0,2.0,54058.78,93631.0,745.0
1,2.0,1.0,3.0,1.0,4.0,2.0,31.0,120000.0,2.0,2.0,2.0,2.0,1.0,2.0,0.0,2.0,4.0,4.0,2.0,2000000.0,1000000.0,1.0,150000.0,200.0,1.0,81216.35,105072.0,743.0
1,3.0,1.0,3.0,1.0,4.0,2.0,31.0,144000.0,3.0,3.0,2.0,2.0,1.0,2.0,0.0,2.0,4.0,6.0,2.0,3000000.0,800000.0,1.0,100000.0,100000.0,1.0,39603.3,87958.0,745.0
1,6.0,1.0,6.0,1.0,4.0,2.0,31.0,170000.0,2.0,2.0,2.0,2.0,1.0,2.0,0.0,2.0,1.0,6.0,2.0,1600000.0,800000.0,1.0,350000.0,377000.0,2.0,45207.3,136716.0,743.0
1,4.0,1.0,6.0,2.0,4.0,2.0,31.0,180000.0,2.0,2.0,2.0,2.0,1.0,2.0,0.0,2.0,1.0,6.0,2.0,2000000.0,1100000.0,1.0,200000.0,108000.0,2.0,66111.7,58318.0,746.0
1,1.0,1.0,4.0,2.0,4.0,2.0,31.0,72000.0,3.0,2.0,2.0,2.0,1.0,2.0,60000.0,1.0,4.0,6.0,2.0,150000.0,100000.0,1.0,65000.0,28000.0,1.0,28424.05,61369.0,749.0
1,8.0,1.0,5.0,1.0,4.0,1.0,31.0,200000.0,3.0,2.0,2.0,1.0,1.0,2.0,0.0,2.0,1.0,6.0,2.0,6000000.0,1600000.0,1.0,500000.0,309000.0,4.0,114887.3,127877.0,739.0
1,4.0,1.0,3.0,1.0,4.0,2.0,31.0,210000.0,3.0,2.0,2.0,2.0,1.0,2.0,0.0,2.0,4.0,6.0,2.0,7000.0,2000.0,3.0,237865.0,200000.0,1.0,83642.4,171557.0,741.0
1,6.0,1.0,3.0,2.0,4.0,2.0,31.0,90000.0,4.0,3.0,2.0,2.0,1.0,2.0,0.0,2.0,1.0,5.0,2.0,1800000.0,800000.0,1.0,150000.0,117000.0,3.0,49111.25,56485.0,751.0
1,7.0,1.0,3.0,1.0,4.0,1.0,31.0,160000.0,2.0,2.0,2.0,1.0,2.0,2.0,0.0,2.0,4.0,5.0,2.0,1000000.0,600000.0,1.0,300000.0,68000.0,2.0,54667.26,75818.0,739.0
1,1.0,1.0,6.0,1.0,4.0,2.0,31.0,60000.0,2.0,2.0,2.0,2.0,2.0,2.0,0.0,2.0,4.0,6.0,2.0,200000.0,100000.0,1.0,60000.0,20000.0,1.0,9676.5,33639.0,743.0
1,1.0,1.0,2.0,2.0,4.0,2.0,30.0,30000.0,4.0,2.0,2.0,2.0,1.0,2.0,60000.0,1.0,1.0,5.0,1.0,400000.0,200000.0,1.0,80000.0,17100.0,2.0,13524.3,108819.0,748.0
1,2.0,1.0,2.0,1.0,4.0,1.0,30.0,64000.0,3.0,2.0,2.0,1.0,2.0,2.0,900000.0,1.0,4.0,3.0,2.0,1000000.0,500000.0,1.0,200000.0,610000.0,2.0,62330.0,428993.0,1600746.0
1,6.0,1.0,3.0,1.0,4.0,1.0,30.0,60000.0,3.0,2.0,2.0,2.0,2.0,2.0,750000.0,1.0,4.0,4.0,2.0,1500000.0,1000000.0,1.0,500000.0,140000.0,2.0,37033.55,281581.0,742.0
1,2.0,1.0,2.0,2.0,4.0,2.0,30.0,34000.0,4.0,3.0,2.0,2.0,1.0,2.0,100000.0,1.0,1.0,4.0,1.0,500000.0,300000.0,1.0,150000.0,38000.0,2.0,63438.85777777779,61990.0,753.0
1,1.0,1.0,3.0,2.0,4.0,2.0,30.0,24000.0,4.0,2.0,2.0,2.0,1.0,2.0,0.0,2.0,1.0,4.0,1.0,200000.0,120000.0,1.0,60000.0,58000.0,2.0,39409.0,100186.0,752.0
1,2.0,1.0,2.0,2.0,4.0,2.0,30.0,42000.0,3.0,2.0,2.0,2.0,1.0,2.0,0.0,2.0,4.0,4.0,2.0,400000.0,250000.0,1.0,100000.0,80000.0,2.0,10437.6,144457.0,752.0
1,4.0,1.0,2.0,2.0,4.0,2.0,30.0,52000.0,3.0,2.0,2.0,2.0,2.0,2.0,590000.0,1.0,4.0,5.0,2.0,800000.0,600000.0,1.0,300000.0,120000.0,1.0,18204.98,301546.0,980752.0
1,3.0,1.0,3.0,1.0,4.0,1.0,30.0,45000.0,3.0,2.0,2.0,2.0,2.0,2.0,250000.0,1.0,4.0,5.0,2.0,800000.0,600000.0,1.0,250000.0,100000.0,1.0,12655.05,158978.0,745.0
1,2.0,1.0,2.0,2.0,4.0,2.0,30.0,35000.0,4.0,2.0,2.0,2.0,2.0,2.0,0.0,1.0,1.0,4.0,1.0,300000.0,200000.0,1.0,90000.0,105000.0,3.0,21170.0,88906.0,751.0
1,5.0,1.0,2.0,1.0,4.0,2.0,30.0,100000.0,2.0,1.0,2.0,1.0,1.0,2.0,470000.0,1.0,1.0,6.0,2.0,0.0,500000.0,1.0,100000.0,135000.0,2.0,117426.13,152246.0,744.0
1,3.0,1.0,3.0,1.0,4.0,2.0,30.0,150000.0,3.0,2.0,2.0,1.0,1.0,2.0,0.0,1.0,4.0,6.0,2.0,0.0,600000.0,1.0,200000.0,201000.0,3.0,41146.7,221968.0,560747.0
1,1.0,1.0,2.0,2.0,4.0,2.0,30.0,70000.0,2.0,3.0,2.0,2.0,1.0,2.0,0.0,2.0,1.0,6.0,2.0,0.0,0.0,1.0,80000.0,69000.0,3.0,76162.15,79821.0,752.0
1,5.0,1.0,3.0,1.0,4.0,2.0,30.0,200000.0,3.0,1.0,2.0,1.0,1.0,1.0,40000.0,1.0,4.0,6.0,2.0,0.0,0.0,1.0,250000.0,168000.0,2.0,143934.35,387976.0,743.0
1,1.0,1.0,1.0,2.0,4.0,2.0,30.0,30000.0,3.0,2.0,2.0,2.0,1.0,2.0,100000.0,1.0,4.0,6.0,2.0,0.0,0.0,1.0,100000.0,34500.0,1.0,58662.0,113752.0,753.0
1,3.0,1.0,2.0,1.0,4.0,1.0,30.0,200000.0,2.0,3.0,2.0,1.0,1.0,1.0,0.0,2.0,4.0,6.0,2.0,0.0,2000000.0,1.0,400000.0,770000.0,2.0,203107.8,402435.0,738.0
1,4.0,1.0,4.0,1.0,4.0,1.0,30.0,200000.0,2.0,3.0,2.0,1.0,1.0,2.0,100000.0,1.0,4.0,3.0,2.0,0.0,0.0,1.0,400000.0,33400.0,2.0,149583.35,237824.0,739.0
1,1.0,1.0,3.0,2.0,4.0,2.0,30.0,60000.0,2.0,3.0,2.0,1.0,1.0,1.0,0.0,2.0,1.0,6.0,2.0,0.0,120000.0,1.0,80000.0,65300.0,3.0,77053.5,109042.0,749.0
1,4.0,1.0,2.0,1.0,4.0,2.0,30.0,100000.0,3.0,3.0,2.0,1.0,1.0,2.0,80000.0,1.0,1.0,2.0,2.0,0.0,0.0,1.0,200000.0,132000.0,4.0,117384.15,290783.0,744.0
1,5.0,1.0,2.0,2.0,4.0,2.0,30.0,85000.0,3.0,3.0,2.0,2.0,1.0,2.0,42000.0,1.0,1.0,6.0,2.0,0.0,200000.0,1.0,100000.0,66000.0,2.0,65494.0,194043.0,240754.0
1,1.0,1.0,4.0,2.0,4.0,2.0,30.0,50000.0,5.0,3.0,2.0,2.0,2.0,2.0,15000.0,1.0,1.0,6.0,2.0,0.0,100000.0,1.0,60000.0,73000.0,3.0,40291.1,43206.0,755.0
1,3.0,1.0,3.0,2.0,4.0,2.0,25.0,140000.0,5.0,3.0,2.0,1.0,2.0,2.0,180000.0,1.0,4.0,6.0,2.0,0.0,400000.0,1.0,200000.0,95000.0,2.0,79377.4,59240.0,715849.0
1,5.0,1.0,3.0,2.0,4.0,2.0,30.0,30000.0,5.0,3.0,2.0,2.0,2.0,2.0,70000.0,1.0,1.0,2.0,2.0,400000.0,200000.0,1.0,50000.0,59500.0,2.0,13065.2,131252.0,750.0
1,2.0,1.0,5.0,2.0,4.0,1.0,30.0,35000.0,3.0,3.0,2.0,1.0,2.0,2.0,0.0,2.0,4.0,6.0,2.0,0.0,150000.0,1.0,85000.0,85000.0,2.0,20341.4,285104.0,747.0
1,1.0,1.0,2.0,2.0,4.0,2.0,30.0,36000.0,4.0,3.0,2.0,1.0,2.0,2.0,0.0,2.0,4.0,3.0,2.0,0.0,100000.0,1.0,50000.0,42000.0,1.0,12978.0,61354.0,755.0
1,2.0,1.0,2.0,2.0,4.0,2.0,30.0,70000.0,4.0,3.0,2.0,2.0,2.0,2.0,300000.0,1.0,4.0,6.0,2.0,250000.0,200000.0,1.0,100000.0,69000.0,2.0,31120.81,67262.0,752.0
1,6.0,1.0,4.0,1.0,4.0,2.0,30.0,217000.0,3.0,3.0,2.0,1.0,1.0,2.0,400000.0,1.0,4.0,6.0,2.0,500000.0,400000.0,1.0,200000.0,243000.0,3.0,175776.9,1218290.0,744.0
1,2.0,1.0,3.0,2.0,4.0,1.0,30.0,70000.0,3.0,3.0,2.0,2.0,1.0,2.0,0.0,1.0,3.0,6.0,2.0,0.0,200000.0,1.0,150000.0,17200.0,2.0,67556.9,792023.0,750.0
1,1.0,2.0,1.0,2.0,4.0,2.0,15.0,7.0,3.0,3.0,2.0,2.0,2.0,2.0,0.0,2.0,4.0,6.0,2.0,0.0,0.0,1.0,120000.0,38000.0,1.0,63853.23,57730.0,754.0
1,6.0,1.0,3.0,1.0,4.0,2.0,30.0,180000.0,3.0,3.0,2.0,2.0,1.0,2.0,300000.0,1.0,4.0,6.0,2.0,0.0,500000.0,1.0,250000.0,164000.0,3.0,143415.61,283671.0,743.0
1,3.0,1.0,2.0,1.0,4.0,2.0,30.0,7.0,2.0,1.0,2.0,2.0,1.0,2.0,800000.0,1.0,1.0,2.0,2.0,900000.0,300000.0,1.0,150000.0,83000.0,3.0,71372.14,197551.0,1600749.0
1,4.0,1.0,3.0,1.0,4.0,2.0,30.0,240000.0,2.0,2.0,2.0,2.0,2.0,2.0,0.0,2.0,4.0,1.0,2.0,0.0,400000.0,1.0,250000.0,150000.0,1.0,122838.99,168583.0,741.0
1,3.0,1.0,2.0,1.0,4.0,2.0,30.0,150000.0,3.0,3.0,2.0,2.0,1.0,2.0,400000.0,1.0,4.0,2.0,2.0,0.0,600000.0,1.0,100000.0,86000.0,1.0,94568.66,130671.0,800749.0
1,3.0,1.0,3.0,1.0,4.0,1.0,30.0,200000.0,3.0,3.0,2.0,2.0,2.0,2.0,0.0,2.0,4.0,6.0,2.0,0.0,500000.0,1.0,200000.0,153000.0,1.0,146436.94,294013.0,743.0
1,3.0,1.0,2.0,2.0,4.0,2.0,30.0,150000.0,2.0,3.0,2.0,2.0,1.0,2.0,0.0,2.0,1.0,1.0,2.0,0.0,0.0,1.0,150000.0,60000.0,2.0,31721.22,75734.0,750.0
1,5.0,1.0,2.0,1.0,4.0,2.0,30.0,240000.0,3.0,3.0,2.0,2.0,2.0,2.0,300000.0,1.0,4.0,6.0,2.0,0.0,0.0,1.0,300000.0,143500.0,3.0,348198.65,495480.0,743.0
1,1.0,1.0,2.0,2.0,4.0,2.0,30.0,42000.0,4.0,3.0,2.0,2.0,1.0,2.0,0.0,2.0,4.0,6.0,2.0,0.0,200000.0,1.0,70000.0,15000.0,1.0,54428.68,39917.0,752.0
1,6.0,1.0,3.0,1.0,4.0,1.0,30.0,130000.0,2.0,2.0,2.0,2.0,1.0,2.0,0.0,1.0,4.0,4.0,2.0,10000.0,5000.0,1.0,60000.0,30000.0,1.0,83850.5,277018.0,740.0
1,1.0,1.0,2.0,2.0,4.0,2.0,29.11111111111111,120000.0,2.0,2.0,2.0,2.0,2.0,2.0,0.0,1.0,4.0,6.0,2.0,0.0,150000.0,1.0,50000.0,79000.0,2.0,70978.5,192994.0,750.0
1,5.0,1.0,4.0,1.0,4.0,2.0,30.444444444444443,90000.0,3.0,3.0,2.0,2.0,1.0,2.0,50000.0,1.0,4.0,4.0,2.0,5000.0,300000.0,1.0,50000.0,38800.0,1.0,44907.15,130049.0,747.0
1,1.0,1.0,2.0,2.0,4.0,2.0,30.0,75000.0,3.0,3.0,2.0,2.0,2.0,2.0,20000.0,1.0,4.0,6.0,2.0,0.0,100000.0,1.0,35000.0,35000.0,1.0,28485.7,41491.0,755.0
1,6.0,1.0,4.0,1.0,4.0,1.0,30.0,180000.0,2.0,2.0,2.0,2.0,2.0,2.0,0.0,2.0,4.0,6.0,2.0,10000.0,5000.0,3.0,95146.0,110000.0,2.0,72268.0,239075.0,743.0
1,1.0,1.0,1.0,2.0,4.0,2.0,29.11111111111111,50000.0,4.0,3.0,2.0,2.0,1.0,2.0,20000.0,1.0,4.0,5.0,2.0,0.0,100000.0,1.0,47000.0,47000.0,1.0,24684.9,35770.0,754.0
1,3.0,1.0,3.0,1.0,4.0,2.0,30.0,100000.0,3.0,3.0,2.0,2.0,1.0,2.0,60000.0,1.0,4.0,6.0,2.0,5000.0,2500.0,1.0,60000.0,28000.0,2.0,87816.0,111712.0,748.0
1,1.0,1.0,2.0,2.0,4.0,2.0,30.666666666666668,50000.0,3.0,2.0,2.0,2.0,2.0,2.0,15000.0,1.0,4.0,5.0,2.0,0.0,1000.0,1.0,50000.0,49500.0,1.0,52061.95,85465.0,751.0
1,2.0,1.0,4.0,1.0,4.0,2.0,30.444444444444443,90000.0,3.0,3.0,2.0,2.0,1.0,2.0,15000.0,1.0,1.0,6.0,2.0,0.0,200000.0,1.0,40000.0,51000.0,2.0,53513.0,108562.0,746.0
1,5.0,1.0,2.0,1.0,4.0,2.0,31.0,80000.0,3.0,3.0,2.0,2.0,1.0,2.0,200000.0,1.0,4.0,4.0,2.0,2000000.0,3000.0,1.0,206666.66666666663,125000.0,2.0,39086.4,234648.0,746.0
1,7.0,1.0,1.0,1.0,4.0,2.0,31.0,80000.0,4.0,3.0,2.0,2.0,2.0,2.0,0.0,2.0,1.0,3.0,2.0,0.0,3000.0,1.0,191133.33333333337,239000.0,5.0,47451.95,238158.0,743.0
1,2.0,1.0,3.0,1.0,4.0,1.0,31.0,90000.0,3.0,3.0,2.0,2.0,2.0,2.0,200000.0,1.0,4.0,5.0,2.0,0.0,500000.0,1.0,197555.55555555556,150000.0,1.0,56876.4,268940.0,744.0
1,6.0,1.0,3.0,1.0,4.0,2.0,31.0,200000.0,3.0,3.0,2.0,2.0,1.0,2.0,0.0,2.0,1.0,3.0,2.0,0.0,2000.0,1.2222222222222223,202524.33333333337,60000.0,2.0,47445.55,196333.0,743.0
1,3.0,1.0,1.0,2.0,4.0,2.0,31.0,80000.0,4.0,3.0,2.0,2.0,2.0,2.0,0.0,2.0,4.0,4.0,2.0,0.0,2500.0,1.0,202333.33333333337,290000.0,3.0,78843.4,220660.0,746.0
1,4.0,3.0,2.0,1.0,4.0,2.0,31.0,75000.0,4.0,3.0,2.0,2.0,2.0,2.0,180000.0,1.0,1.0,3.0,2.0,0.0,250000.0,1.0,123666.66666666669,178000.0,2.0,32280.65,165777.0,360747.0
1,3.0,1.0,2.0,2.0,4.0,1.0,31.0,130000.0,3.0,3.0,2.0,2.0,1.0,2.0,800000.0,1.0,4.0,6.0,2.0,0.0,2000.0,1.0,272222.22222222225,194000.0,3.0,47934.4,418937.0,744.0
1,1.0,5.0,2.0,1.0,4.0,2.0,31.0,75000.0,4.0,3.0,2.0,2.0,1.0,2.0,200000.0,1.0,4.0,4.0,2.0,0.0,1000.0,1.0,243333.33333333337,294100.0,4.0,62095.8,130155.0,400747.0
1,3.0,1.0,2.0,1.0,4.0,2.0,31.0,60000.0,3.0,3.0,2.0,2.0,2.0,2.0,0.0,2.0,4.0,3.0,2.0,2000000.0,500000.0,1.0,157777.77777777778,65000.0,3.0,48350.6,180588.0,744.0
1,6.0,1.0,4.0,1.0,4.0,1.0,31.0,150000.0,3.0,2.0,2.0,2.0,2.0,2.0,1000000.0,1.0,4.0,6.0,2.0,0.0,0.0,1.0,250000.0,128500.0,2.0,97464.085,304435.0,744.0
1,7.0,1.0,3.0,1.0,4.0,1.0,31.0,67000.0,2.0,2.0,2.0,2.0,2.0,2.0,400000.0,1.0,4.0,6.0,2.0,0.0,1000000.0,1.0,350000.0,234000.0,3.0,151277.5,382317.1,747.0
1,4.0,1.0,3.0,1.0,4.0,1.0,31.0,140000.0,3.0,3.0,2.0,2.0,2.0,2.0,0.0,2.0,4.0,6.0,2.0,0.0,0.0,1.0,150000.0,100000.0,1.0,51704.425,189149.5,747.0
1,5.0,1.0,3.0,1.0,4.0,2.0,31.0,75000.0,3.0,2.0,2.0,2.0,2.0,2.0,350000.0,1.0,4.0,6.0,2.0,0.0,0.0,1.0,250000.0,200000.0,2.0,30135.5,169182.5,700748.0
1,3.0,1.0,4.0,1.0,4.0,2.0,31.0,120000.0,2.0,1.0,2.0,2.0,2.0,2.0,100000.0,1.0,4.0,6.0,2.0,0.0,0.0,1.0,250000.0,337000.0,4.0,87713.4,231383.5,749.0
1,4.0,1.0,3.0,1.0,4.0,2.0,31.0,100000.0,3.0,2.0,2.0,2.0,2.0,2.0,0.0,2.0,4.0,6.0,2.0,0.0,0.0,1.0,250000.0,240000.0,2.0,106046.3,314693.0,750.0
1,2.0,1.0,2.0,2.0,4.0,2.0,31.0,7.0,5.0,2.0,2.0,2.0,2.0,2.0,0.0,2.0,4.0,6.0,2.0,0.0,0.0,1.0,100000.0,74000.0,2.0,69603.9,24525.0,760.0
1,6.0,1.0,2.0,1.0,4.0,2.0,31.0,100000.0,4.0,2.0,2.0,2.0,2.0,2.0,1000000.0,1.0,4.0,6.0,2.0,0.0,0.0,1.0,200000.0,80000.0,1.0,57672.03,87324.0,748.0
1,5.0,1.0,4.0,1.0,4.0,1.0,31.0,120000.0,3.0,2.0,2.0,2.0,1.0,2.0,250000.0,1.0,4.0,6.0,2.0,0.0,0.0,1.0,250000.0,185000.0,3.0,82223.15,233556.0,749.0
1,1.0,1.0,1.0,2.0,4.0,2.0,31.0,80000.0,3.0,3.0,2.0,2.0,1.0,2.0,15000.0,1.0,1.0,1.0,2.0,0.0,100000.0,1.0,40000.0,54000.0,2.0,142182.7,23160.0,753.0
1,2.0,1.0,2.0,2.0,4.0,2.0,31.0,37000.0,4.0,3.0,2.0,2.0,2.0,2.0,300000.0,1.0,4.0,1.0,2.0,0.0,200000.0,1.0,80000.0,121000.0,4.0,135810.05,198858.0,749.0
1,4.0,1.0,3.0,1.0,4.0,2.0,31.0,200000.0,3.0,2.0,2.0,2.0,2.0,2.0,100000.0,1.0,4.0,1.0,2.0,0.0,300000.0,1.0,120000.0,180000.0,1.0,188291.3,391389.0,747.0
1,5.0,1.0,3.0,1.0,4.0,2.0,31.0,70000.0,4.0,3.0,2.0,2.0,1.0,2.0,130000.0,2.0,4.0,6.0,2.0,0.0,500000.0,1.0,100000.0,137000.0,3.0,185169.1,351429.0,750.0
1,4.0,1.0,2.0,1.0,4.0,2.0,31.0,7.0,4.0,3.0,2.0,2.0,2.0,2.0,200000.0,1.0,4.0,6.0,2.0,0.0,300000.0,1.0,150000.0,162600.0,3.0,155523.95,376534.0,748.0
1,1.0,1.0,1.0,2.0,4.0,2.0,31.0,50000.0,3.0,3.0,2.0,2.0,2.0,2.0,0.0,2.0,4.0,6.0,2.0,0.0,600000.0,1.0,50000.0,56000.0,1.0,160043.88,49611.0,756.0
1,4.0,1.0,1.0,1.0,4.0,2.0,31.0,100000.0,4.0,3.0,2.0,2.0,1.0,2.0,110000.0,1.0,4.0,3.0,2.0,0.0,250000.0,1.0,120000.0,80200.0,2.0,168144.85,413879.0,748.0
1,4.0,1.0,3.0,1.0,4.0,1.0,31.0,150000.0,3.0,3.0,2.0,2.0,1.0,2.0,0.0,2.0,4.0,1.0,2.0,0.0,600000.0,1.0,150000.0,150000.0,1.0,211868.79,375437.0,746.0
1,2.0,1.0,1.0,2.0,4.0,2.0,31.0,50000.0,3.0,3.0,2.0,2.0,1.0,2.0,70000.0,1.0,4.0,6.0,2.0,0.0,450000.0,1.0,70000.0,100000.0,2.0,175029.2,282398.0,750.0
1,2.0,3.0,1.0,1.0,4.0,2.0,31.0,60000.0,4.0,3.0,2.0,2.0,1.0,2.0,0.0,2.0,4.0,6.0,2.0,300000.0,250000.0,1.0,200000.0,50000.0,1.0,113537.06,235169.0,748.0
1,2.0,3.0,1.0,2.0,4.0,2.0,31.0,150000.0,3.0,3.0,2.0,2.0,1.0,2.0,0.0,2.0,4.0,6.0,2.0,1000.0,800.0,3.0,285438.0,150000.0,1.0,83046.35,132759.0,753.0
1,1.0,1.0,2.0,2.0,4.0,2.0,31.0,48000.0,2.0,3.0,2.0,2.0,2.0,2.0,0.0,2.0,1.0,3.0,2.0,500000.0,400000.0,1.0,200000.0,51000.0,2.0,67019.08,113946.0,750.0
1,3.0,1.0,1.0,1.0,4.0,2.0,31.0,120000.0,3.0,2.0,2.0,2.0,2.0,2.0,0.0,2.0,4.0,6.0,2.0,0.0,250000.0,1.0,150000.0,100000.0,1.0,112071.68,135135.0,746.0
1,6.0,1.0,1.0,2.0,4.0,2.0,31.0,120000.0,3.0,3.0,2.0,2.0,2.0,2.0,0.0,2.0,1.0,6.0,2.0,0.0,0.0,3.0,475730.0,108000.0,2.0,90103.75,225179.0,749.0
1,6.0,1.0,2.0,2.0,4.0,2.0,31.0,180000.0,3.0,3.0,2.0,2.0,1.0,2.0,0.0,2.0,4.0,6.0,2.0,0.0,0.0,1.2222222222222223,195176.22222222225,60300.0,2.0,94765.35,164915.0,748.0
1,5.0,1.0,2.0,2.0,4.0,2.0,31.0,100000.0,3.0,3.0,2.0,2.0,2.0,2.0,0.0,2.0,1.0,3.0,2.0,0.0,0.0,1.0,300000.0,67000.0,2.0,91302.73,349206.0,752.0
1,6.0,1.0,2.0,2.0,4.0,2.0,31.0,120000.0,3.0,3.0,2.0,2.0,2.0,2.0,0.0,2.0,1.0,3.0,2.0,0.0,400000.0,1.0,300000.0,153000.0,3.0,99023.5,171389.0,749.0
1,2.0,1.0,2.0,2.0,4.0,2.0,31.0,85000.0,3.0,3.0,2.0,2.0,2.0,2.0,0.0,2.0,4.0,6.0,2.0,0.0,250000.0,1.0,150000.0,150.0,1.0,108319.08,129103.0,751.0
1,3.0,1.0,4.0,2.0,4.0,2.0,31.0,130000.0,2.0,2.0,2.0,2.0,1.0,2.0,0.0,2.0,4.0,3.0,2.0,0.0,400000.0,1.0,160000.0,77000.0,2.0,83207.6,180752.0,751.0
1,5.0,1.0,3.0,2.0,4.0,2.0,31.0,70000.0,2.0,2.0,2.0,2.0,1.0,2.0,0.0,2.0,4.0,3.0,2.0,0.0,600000.0,1.0,250000.0,10000.0,1.0,85481.53,117784.0,750.0
1,1.0,1.0,2.0,2.0,4.0,2.0,31.0,80000.0,3.0,2.0,2.0,2.0,1.0,2.0,0.0,2.0,4.0,6.0,2.0,0.0,160000.0,1.0,80000.0,43000.0,1.0,70740.77,43192.0,753.0
1,1.0,1.0,2.0,2.0,4.0,2.0,31.0,7.0,3.0,2.0,2.0,2.0,1.0,2.0,0.0,2.0,4.0,6.0,2.0,0.0,200000.0,1.0,60000.0,34000.0,1.0,67543.40000000001,94475.0,755.0
1,2.0,1.0,3.0,1.0,4.0,2.0,31.0,120000.0,3.0,2.0,2.0,2.0,1.0,2.0,0.0,2.0,4.0,6.0,2.0,0.0,600000.0,1.0,200000.0,65000.0,2.0,60787.25,97502.0,748.0
1,1.0,1.0,1.0,2.0,4.0,2.0,31.0,7.0,3.0,2.0,2.0,2.0,2.0,2.0,0.0,2.0,1.0,1.0,1.0,0.0,200000.0,1.0,80000.0,63000.0,2.0,65250.1,53721.0,754.0
1,1.0,1.0,2.0,2.0,4.0,2.0,31.0,100000.0,2.0,2.0,2.0,2.0,1.0,2.0,0.0,2.0,4.0,6.0,2.0,0.0,180000.0,1.0,60000.0,36000.0,1.0,42550.0,83466.0,753.0
1,4.0,1.0,2.0,1.0,4.0,2.0,31.0,250000.0,2.0,2.0,2.0,2.0,1.0,2.0,150000.0,1.0,4.0,6.0,2.0,0.0,400000.0,1.0,180000.0,70000.0,2.0,106900.35,225910.0,748.0
1,4.0,1.0,3.0,1.0,4.0,1.0,31.0,250000.0,2.0,2.0,2.0,2.0,2.0,2.0,0.0,2.0,4.0,6.0,2.0,0.0,800000.0,1.0,300000.0,150000.0,1.0,129619.3,251839.0,745.0
1,6.0,1.0,3.0,1.0,4.0,2.0,24.0,140000.0,3.0,2.0,2.0,2.0,1.0,2.0,0.0,2.0,1.0,1.0,2.0,0.0,1000000.0,1.0,200000.0,49200.0,3.0,24721.2,100805.0,749.0
1,3.0,1.0,3.0,2.0,2.0,2.0,23.0,75000.0,3.0,2.0,2.0,2.0,1.0,2.0,0.0,2.0,4.0,1.0,2.0,1200000.0,600000.0,1.0,100000.0,15300.0,2.0,26130.3,77405.0,751.0
1,4.0,1.0,5.0,1.0,4.0,2.0,25.0,230000.0,3.0,2.0,2.0,2.0,1.0,2.0,0.0,2.0,4.0,1.0,2.0,0.0,800000.0,1.0,150000.0,15300.0,2.0,21597.8,119488.0,480745.0
1,3.0,1.0,4.0,1.0,4.0,1.0,24.0,195000.0,3.0,2.0,2.0,2.0,1.0,2.0,0.0,2.0,4.0,6.0,2.0,1200000.0,600000.0,1.0,100000.0,115200.0,3.0,15304.4,124053.0,640742.0
1,3.0,1.0,3.0,1.0,4.0,1.0,25.0,170000.0,2.0,2.0,2.0,2.0,2.0,2.0,0.0,2.0,4.0,1.0,2.0,1000000.0,300000.0,1.0,100000.0,95000.0,2.0,51420.7,158266.0,746.0
1,1.0,1.0,2.0,2.0,4.0,2.0,20.0,90000.0,3.0,2.0,2.0,2.0,1.0,2.0,0.0,2.0,4.0,1.0,2.0,0.0,100000.0,1.0,40000.0,64000.0,3.0,45993.4,55670.0,750.0
1,2.0,1.0,2.0,2.0,4.0,2.0,25.0,85000.0,3.0,2.0,2.0,2.0,2.0,2.0,0.0,2.0,1.0,1.0,2.0,600000.0,300000.0,1.0,80000.0,98000.0,4.0,32502.9,71098.0,753.0
1,2.0,2.0,2.0,1.0,4.0,2.0,23.0,95000.0,4.0,2.0,2.0,2.0,2.0,2.0,0.0,2.0,4.0,6.0,2.0,500000.0,200000.0,1.0,80000.0,65000.0,1.0,53702.1,71088.0,750.0
1,6.0,1.0,4.0,1.0,4.0,1.0,24.0,180000.0,3.0,2.0,2.0,2.0,1.0,2.0,500000.0,1.0,2.0,6.0,2.0,1500000.0,600000.0,1.0,200000.0,106250.0,3.0,24803.4,142313.0,2384399.0
1,5.0,1.0,3.0,1.0,4.0,2.0,31.0,55000.0,4.0,3.0,2.0,2.0,1.0,2.0,130000.0,1.0,4.0,2.0,2.0,500000.0,250000.0,1.0,100000.0,30000.0,1.0,20571.7,175107.0,751.0
1,4.0,1.0,3.0,1.0,4.0,2.0,31.0,54000.0,4.0,3.0,2.0,1.0,1.0,2.0,150000.0,1.0,4.0,2.0,2.0,500000.0,250000.0,1.0,100000.0,35000.0,1.0,39146.9,156481.0,750.0
1,3.0,1.0,2.0,2.0,4.0,2.0,31.0,50000.0,5.0,3.0,2.0,2.0,2.0,2.0,0.0,2.0,4.0,2.0,2.0,300000.0,100000.0,1.0,50000.0,25000.0,1.0,19916.8,100094.0,756.0
1,3.0,1.0,3.0,1.0,4.0,2.0,31.0,65000.0,3.0,2.0,2.0,2.0,1.0,2.0,120000.0,1.0,4.0,6.0,2.0,300000.0,200000.0,1.0,80000.0,30000.0,1.0,26334.1,106702.0,750.0
1,2.0,1.0,2.0,2.0,4.0,2.0,31.0,50000.0,4.0,3.0,2.0,2.0,2.0,2.0,0.0,2.0,4.0,2.0,2.0,200000.0,100000.0,1.0,60000.0,62000.0,2.0,31448.3,88738.0,752.0
1,4.0,1.0,3.0,1.0,4.0,2.0,31.0,54000.0,3.0,2.0,2.0,2.0,1.0,2.0,200000.0,1.0,4.0,6.0,2.0,400000.0,200000.0,1.0,100000.0,28000.0,1.0,25900.7,99146.0,750.0
1,4.0,3.0,2.0,2.0,4.0,2.0,31.0,65000.0,4.0,3.0,2.0,2.0,1.0,2.0,0.0,2.0,1.0,1.0,2.0,400000.0,200000.0,1.0,100000.0,27000.0,1.0,38724.2,97256.0,754.0
1,4.0,1.0,3.0,2.0,4.0,2.0,31.0,65000.0,4.0,3.0,2.0,2.0,1.0,2.0,150000.0,1.0,4.0,2.0,2.0,400000.0,200000.0,1.0,100000.0,47000.0,1.0,36815.9,121371.0,752.0
1,1.0,1.0,1.0,2.0,4.0,2.0,31.0,30000.0,4.0,3.0,2.0,2.0,2.0,2.0,0.0,2.0,4.0,2.0,2.0,100000.0,60000.0,1.0,40000.0,36000.0,1.0,15644.4,62598.0,755.0
1,1.0,1.0,1.0,2.0,4.0,2.0,31.0,30000.0,3.0,3.0,2.0,2.0,1.0,2.0,0.0,2.0,4.0,6.0,2.0,0.0,300000.0,1.0,90000.0,33000.0,1.0,58808.9,70624.0,752.0
1,1.0,1.0,1.0,2.0,4.0,2.0,31.0,27000.0,3.0,3.0,2.0,2.0,1.0,2.0,0.0,2.0,4.0,6.0,2.0,0.0,350000.0,1.0,100000.0,189100.0,2.0,68987.83,97938.0,752.0
1,1.0,1.0,1.0,2.0,4.0,2.0,31.0,24000.0,3.0,3.0,2.0,2.0,2.0,2.0,0.0,2.0,4.0,6.0,2.0,0.0,350000.0,1.0,100000.0,50000.0,1.0,69157.29,83709.0,751.0
1,4.0,1.0,1.0,2.0,4.0,2.0,31.0,70000.0,2.0,2.0,2.0,2.0,2.0,2.0,0.0,2.0,4.0,6.0,2.0,1500000.0,800000.0,1.0,150000.0,154600.0,3.0,133485.8,124679.0,745.0
1,5.0,1.0,2.0,1.0,4.0,2.0,31.0,80000.0,2.0,2.0,2.0,2.0,2.0,2.0,0.0,2.0,4.0,6.0,2.0,2800000.0,800000.0,1.0,260000.0,265000.0,4.0,164633.35,287107.0,742.0
1,2.0,1.0,1.0,1.0,4.0,2.0,31.0,60000.0,2.0,2.0,2.0,2.0,2.0,2.0,200000.0,1.0,4.0,6.0,2.0,800000.0,500000.0,1.0,250000.0,120000.0,1.0,122386.48,424880.0,744.0
1,4.0,1.0,1.0,1.0,4.0,2.0,31.0,45000.0,2.0,2.0,2.0,2.0,2.0,2.0,0.0,2.0,4.0,6.0,2.0,0.0,900000.0,1.0,250000.0,120000.0,1.0,145662.06,158471.0,743.0
1,2.0,1.0,2.0,1.0,4.0,2.0,31.0,60000.0,2.0,2.0,2.0,2.0,2.0,2.0,0.0,2.0,4.0,6.0,2.0,0.0,1000000.0,1.0,220000.0,215000.0,2.0,103123.25,191583.0,744.0
1,3.0,1.0,3.0,1.0,4.0,2.0,31.0,70000.0,3.0,3.0,2.0,2.0,1.0,2.0,0.0,2.0,4.0,6.0,2.0,600000.0,400000.0,1.0,200000.0,30200.0,2.0,128404.27,130579.0,744.0
1,5.0,1.0,2.0,1.0,4.0,1.0,31.0,110000.0,3.0,2.0,2.0,2.0,1.0,2.0,200000.0,1.0,4.0,1.0,2.0,10000.0,2000.0,1.0,200000.0,100100.0,2.0,85393.85,204569.0,747.0
1,2.0,1.0,3.0,2.0,4.0,2.0,31.0,70000.0,3.0,2.0,2.0,2.0,1.0,2.0,0.0,2.0,4.0,2.0,2.0,4000000.0,500000.0,1.0,160000.0,103150.0,3.0,102393.6,186135.0,752.0
1,4.0,1.0,2.0,1.0,4.0,1.0,31.0,130000.0,3.0,2.0,2.0,2.0,1.0,2.0,400000.0,2.0,4.0,6.0,2.0,10000.0,2000.0,1.0,180000.0,180000.0,2.0,81821.35,248609.0,745.0
1,3.0,1.0,2.0,2.0,4.0,1.0,31.0,40000.0,3.0,2.0,2.0,2.0,2.0,2.0,300000.0,1.0,4.0,2.0,2.0,8000.0,800000.0,1.0,240000.0,250000.0,2.0,65108.7,185502.0,751.0
1,4.0,3.0,1.0,2.0,4.0,2.0,31.0,60000.0,3.0,3.0,2.0,2.0,1.0,2.0,0.0,2.0,4.0,2.0,2.0,3000000.0,1500000.0,1.0,140000.0,150000.0,2.0,50344.25,123425.0,751.0
1,3.0,1.0,2.0,2.0,4.0,2.0,31.0,80000.0,3.0,2.0,2.0,2.0,2.0,2.0,0.0,2.0,4.0,3.0,2.0,10000.0,800000.0,1.0,150000.0,164000.0,3.0,85914.92,156273.0,750.0
1,4.0,1.0,2.0,1.0,4.0,2.0,31.0,90000.0,3.0,2.0,2.0,2.0,2.0,2.0,300000.0,1.0,4.0,2.0,2.0,7000000.0,1700000.0,1.0,250000.0,370000.0,4.0,82743.75,193999.0,749.0
1,1.0,1.0,2.0,2.0,4.0,2.0,31.0,55000.0,3.0,2.0,2.0,2.0,1.0,2.0,0.0,2.0,4.0,3.0,2.0,2000.0,250000.0,1.0,80000.0,75000.0,2.0,65314.6,91182.0,752.0
1,2.0,1.0,1.0,1.0,4.0,2.0,31.0,60000.0,3.0,2.0,2.0,2.0,2.0,2.0,200000.0,2.0,4.0,2.0,2.0,3000000.0,500000.0,1.0,120000.0,120000.0,1.0,95827.15,136877.0,750.0
1,2.0,1.0,3.0,2.0,4.0,2.0,31.0,150000.0,2.0,2.0,2.0,2.0,2.0,2.0,500000.0,1.0,4.0,6.0,2.0,0.0,0.0,1.2222222222222223,291747.77777777775,172000.0,3.0,66228.1,53018.0,752.0
1,1.0,1.0,4.0,2.0,4.0,2.0,31.0,90000.0,3.0,3.0,2.0,2.0,1.0,2.0,0.0,2.0,4.0,6.0,2.0,0.0,0.0,1.0,108888.88888888888,30180.0,2.0,39408.18,65928.0,753.0
1,6.0,1.0,4.0,1.0,4.0,2.0,31.0,60000.0,3.0,3.0,2.0,2.0,1.0,2.0,0.0,2.0,1.0,6.0,2.0,0.0,0.0,1.0,152222.22222222222,144000.0,3.0,70025.0,89431.0,750.0
1,6.0,1.0,5.0,1.0,4.0,1.0,31.0,120000.0,2.0,2.0,2.0,2.0,2.0,2.0,0.0,2.0,4.0,6.0,2.0,0.0,0.0,1.0,243333.33333333337,381000.0,5.0,46994.6,126548.0,744.0
1,2.0,1.0,3.0,1.0,4.0,2.0,31.0,80000.0,3.0,3.0,2.0,2.0,2.0,2.0,0.0,2.0,4.0,6.0,2.0,0.0,0.0,1.0,150000.0,91000.0,2.0,56143.5,63824.0,749.0
1,4.0,1.0,4.0,1.0,4.0,1.0,31.0,120000.0,3.0,3.0,2.0,2.0,2.0,2.0,1000000.0,1.0,4.0,6.0,2.0,0.0,0.0,1.0,314444.44444444444,295000.0,3.0,41022.4,120402.0,750.0
1,6.0,1.0,5.0,1.0,4.0,1.0,31.0,160000.0,2.0,2.0,2.0,2.0,2.0,2.0,120000.0,1.0,2.0,6.0,2.0,0.0,5000.0,1.0,260000.0,401000.0,4.0,91066.6,191467.0,746.0
1,2.0,1.0,3.0,2.0,4.0,1.0,31.0,130000.0,2.0,2.0,2.0,2.0,1.0,2.0,1000000.0,1.0,4.0,6.0,2.0,6000.0,3000.0,1.0,180000.0,341000.0,3.0,83109.15,137566.0,748.0
1,1.0,1.0,4.0,1.0,4.0,2.0,31.0,100000.0,2.0,2.0,2.0,2.0,2.0,2.0,0.0,2.0,4.0,6.0,2.0,0.0,0.0,1.0,131666.66666666666,70000.0,2.0,39002.5,92729.0,750.0
1,3.0,1.0,3.0,1.0,4.0,1.0,31.0,130000.0,2.0,2.0,2.0,2.0,1.0,2.0,0.0,2.0,4.0,2.0,2.0,1500000.0,1000000.0,1.0,150000.0,165000.0,2.0,122996.05,199733.0,744.0
1,2.0,1.0,2.0,1.0,4.0,1.0,31.0,110000.0,3.0,3.0,2.0,2.0,1.0,2.0,0.0,2.0,4.0,6.0,2.0,0.0,0.0,1.4444444444444444,10720452.222222222,36800.0,2.0,127888.15,174574.0,744.0
1,4.0,1.0,3.0,1.0,4.0,1.0,31.0,150000.0,2.0,2.0,2.0,2.0,2.0,2.0,650000.0,1.0,4.0,2.0,2.0,0.0,0.0,1.0,344444.44444444444,290000.0,3.0,157665.1,477005.0,742.0
1,2.0,1.0,2.0,1.0,4.0,2.0,31.0,155000.0,3.0,3.0,2.0,2.0,2.0,2.0,0.0,2.0,4.0,6.0,2.0,1000000.0,750000.0,1.0,250000.0,124000.0,2.0,96526.1,279253.0,745.0
1,5.0,1.0,3.0,1.0,4.0,2.0,31.0,140000.0,3.0,2.0,2.0,2.0,1.0,2.0,0.0,2.0,1.0,2.0,2.0,0.0,0.0,1.2222222222222223,336007.77777777775,168000.0,5.0,133230.5,371716.0,746.0
1,4.0,1.0,3.0,1.0,4.0,1.0,31.0,140000.0,2.0,2.0,2.0,2.0,1.0,2.0,2000000.0,1.0,4.0,6.0,2.0,0.0,0.0,1.2222222222222223,430636.6666666667,150200.0,2.0,138464.4,431756.0,742.0
1,1.0,1.0,2.0,1.0,4.0,2.0,31.0,120000.0,2.0,2.0,2.0,2.0,1.0,2.0,0.0,2.0,4.0,6.0,2.0,0.0,0.0,1.0,220000.0,200.0,1.0,107163.3,226489.0,747.0
1,6.0,1.0,2.0,1.0,4.0,1.0,31.0,130000.0,3.0,3.0,2.0,2.0,1.0,2.0,600000.0,1.0,1.0,2.0,2.0,700000.0,350000.0,1.0,150000.0,28400.0,2.0,121272.13,236741.0,743.0
1,8.0,1.0,3.0,1.0,4.0,1.0,31.0,120000.0,3.0,3.0,2.0,2.0,2.0,2.0,340000.0,1.0,4.0,2.0,2.0,1000000.0,800000.0,1.0,300000.0,145000.0,2.0,87007.1,370311.0,746.0
1,3.0,1.0,2.0,2.0,4.0,1.0,31.0,100000.0,4.0,3.0,2.0,2.0,1.0,2.0,55000.0,1.0,4.0,6.0,2.0,700000.0,350000.0,1.0,100000.0,8000.0,1.0,129098.9,205426.0,753.0
1,5.0,1.0,5.0,1.0,4.0,1.0,31.0,100000.0,3.0,2.0,2.0,1.0,1.0,2.0,500000.0,1.0,4.0,4.0,2.0,1500000.0,500000.0,1.0,150000.0,132000.0,3.0,47156.95,271542.0,747.0
1,5.0,1.0,5.0,1.0,4.0,2.0,31.0,7.0,3.0,2.0,2.0,1.0,1.0,2.0,330000.0,1.0,4.0,6.0,2.0,900000.0,100000.0,1.0,45000.0,10000.0,1.0,26103.8,211319.0,745.0
1,5.0,1.0,4.0,1.0,4.0,2.0,31.0,7.0,3.0,3.0,2.0,1.0,2.0,2.0,1200000.0,1.0,1.0,6.0,2.0,750000.0,450000.0,1.0,150000.0,113000.0,3.0,25727.1,208579.0,745.0
1,2.0,1.0,4.0,2.0,4.0,2.0,31.0,7.0,4.0,3.0,2.0,1.0,1.0,2.0,0.0,2.0,4.0,6.0,2.0,800000.0,400000.0,1.0,100000.0,86200.0,2.0,44730.5,62094.0,752.0
1,2.0,1.0,4.0,2.0,4.0,2.0,31.0,7.0,3.0,3.0,2.0,2.0,1.0,2.0,0.0,2.0,4.0,6.0,2.0,800000.0,500000.0,1.0,100000.0,87600.0,3.0,50465.5,172483.0,44753.0
1,3.0,1.0,4.0,2.0,4.0,2.0,31.0,72000.0,4.0,3.0,2.0,2.0,2.0,2.0,600000.0,1.0,4.0,6.0,2.0,650000.0,450000.0,1.0,150000.0,122100.0,3.0,27024.7,84328.0,752.0
1,4.0,1.0,2.0,1.0,4.0,2.0,31.0,48000.0,4.0,3.0,2.0,2.0,1.0,2.0,173000.0,1.0,4.0,5.0,2.0,800000.0,450000.0,1.0,100000.0,59000.0,2.0,65504.45,121955.0,750.0
1,5.0,1.0,4.0,1.0,4.0,2.0,31.0,7.0,3.0,2.0,2.0,1.0,1.0,2.0,350000.0,1.0,4.0,3.0,2.0,1000000.0,500000.0,1.0,150000.0,60000.0,1.0,27260.35,227253.0,745.0
1,6.0,1.0,3.0,2.0,4.0,1.0,31.0,200000.0,2.0,2.0,2.0,2.0,1.0,2.0,0.0,2.0,4.0,6.0,2.0,0.0,0.0,1.0,300000.0,175000.0,3.0,127377.6,238911.0,744.0
1,5.0,1.0,4.0,1.0,4.0,1.0,31.0,170000.0,2.0,2.0,2.0,1.0,1.0,2.0,260000.0,1.0,4.0,6.0,2.0,2000000.0,1000000.0,1.0,350000.0,221000.0,4.0,36820.7,221771.0,570748.0
1,3.0,1.0,6.0,2.0,4.0,1.0,31.0,7.0,3.0,2.0,2.0,1.0,2.0,2.0,0.0,2.0,4.0,6.0,2.0,0.0,0.0,1.0,200000.0,51000.0,2.0,55923.8,329496.0,751.0
1,2.0,1.0,4.0,2.0,4.0,2.0,31.0,70000.0,4.0,3.0,2.0,2.0,1.0,2.0,0.0,2.0,4.0,3.0,2.0,0.0,0.0,1.0,128888.88888888888,61666.666666666664,1.4444444444444444,19284.2,75123.0,748.0
1,5.0,1.0,4.0,2.0,4.0,2.0,31.0,7.0,4.0,2.0,2.0,1.0,2.0,2.0,0.0,2.0,4.0,3.0,2.0,0.0,600000.0,1.0,200000.0,97000.0,2.0,43017.0,115781.0,751.0
1,2.0,1.0,3.0,1.0,4.0,1.0,31.0,180000.0,3.0,3.0,2.0,2.0,2.0,2.0,600000.0,1.0,4.0,6.0,2.0,0.0,0.0,1.2222222222222223,313970.0,30000.0,1.0,97039.75,202256.0,748.0
1,4.0,1.0,4.0,2.0,4.0,1.0,31.0,120000.0,3.0,2.0,2.0,2.0,1.0,2.0,0.0,2.0,4.0,6.0,2.0,0.0,0.0,1.2222222222222223,247819.44444444444,65000.0,2.0,58634.5,274819.0,750.0
1,6.0,1.0,3.0,2.0,4.0,1.0,31.0,100000.0,4.0,3.0,2.0,2.0,2.0,2.0,1000000.0,1.0,1.0,2.0,2.0,0.0,1000000.0,1.0,200000.0,183000.0,3.0,49651.0,166265.0,751.0
1,2.0,1.0,4.0,2.0,4.0,2.0,31.0,7.0,4.0,3.0,2.0,1.0,2.0,2.0,200000.0,1.0,4.0,6.0,2.0,0.0,0.0,1.2222222222222223,204438.33333333337,63880.0,2.0,112136.904,139491.0,749.0
1,2.0,1.0,3.0,1.0,4.0,1.0,31.0,180000.0,3.0,2.0,2.0,1.0,1.0,2.0,0.0,2.0,4.0,6.0,2.0,1000000.0,600000.0,1.0,300000.0,150000.0,3.0,61893.95,263359.0,747.0
1,2.0,1.0,3.0,1.0,4.0,1.0,31.0,150000.0,3.0,2.0,2.0,1.0,1.0,2.0,0.0,2.0,4.0,6.0,2.0,0.0,600000.0,1.0,300000.0,150000.0,3.0,53647.65,225042.0,744.0
1,2.0,1.0,2.0,1.0,4.0,2.0,31.0,100000.0,3.0,2.0,2.0,1.0,1.0,2.0,0.0,2.0,4.0,6.0,2.0,0.0,800000.0,1.0,400000.0,193000.0,3.0,37544.35,188925.0,748.0
1,4.0,1.0,2.0,1.0,4.0,1.0,31.0,80000.0,3.0,2.0,2.0,1.0,1.0,2.0,1550000.0,2.0,4.0,6.0,2.0,0.0,600000.0,1.0,300000.0,100000.0,1.0,49782.35,175040.0,747.0
1,1.0,1.0,2.0,2.0,4.0,2.0,31.0,60000.0,3.0,2.0,2.0,1.0,1.0,2.0,0.0,2.0,1.0,6.0,2.0,0.0,300000.0,1.0,100000.0,50000.0,3.0,33187.1,58413.0,752.0
1,6.0,1.0,2.0,1.0,4.0,2.0,31.0,180000.0,3.0,2.0,2.0,1.0,1.0,2.0,0.0,2.0,4.0,6.0,2.0,0.0,1000000.0,1.0,300000.0,105000.0,2.0,34987.75,214488.0,747.0
1,2.0,1.0,2.0,2.0,4.0,2.0,31.0,50000.0,3.0,2.0,2.0,1.0,1.0,2.0,0.0,2.0,4.0,6.0,2.0,0.0,500000.0,1.0,200000.0,66000.0,2.0,13017.45,125659.0,752.0
1,4.0,5.0,2.0,2.0,4.0,2.0,31.0,30000.0,3.0,3.0,2.0,1.0,1.0,2.0,100000.0,1.0,1.0,6.0,2.0,0.0,500000.0,1.0,250000.0,29000.0,1.0,26578.0,98913.0,752.0
1,1.0,1.0,1.0,2.0,4.0,2.0,31.0,65000.0,3.0,2.0,2.0,1.0,1.0,2.0,0.0,2.0,1.0,6.0,2.0,0.0,250000.0,1.0,150000.0,73700.0,2.0,46192.05,99011.0,752.0
1,10.0,1.0,3.0,2.0,4.0,2.0,20.0,130000.0,4.0,2.0,2.0,1.0,1.0,2.0,250000.0,1.0,4.0,4.0,2.0,800000.0,500000.0,1.0,100000.0,53000.0,2.0,55754.7,74104.0,752.0
1,4.0,1.0,5.0,2.0,4.0,2.0,23.0,130000.0,3.0,3.0,2.0,1.0,1.0,2.0,350000.0,1.0,4.0,3.0,2.0,600000.0,400000.0,1.0,100000.0,150000.0,1.0,41781.7,100851.0,752.0
1,4.0,1.0,3.0,1.0,4.0,2.0,20.0,80000.0,3.0,3.0,2.0,1.0,1.0,2.0,110000.0,1.0,1.0,1.0,2.0,700000.0,450000.0,1.0,120000.0,91500.0,3.0,35858.1,116591.0,751.0
1,2.0,1.0,4.0,1.0,4.0,2.0,23.0,180000.0,3.0,3.0,2.0,1.0,1.0,2.0,0.0,2.0,4.0,2.0,2.0,300000.0,200000.0,1.0,100000.0,132000.0,2.0,41410.3,130515.0,751.0
1,1.0,1.0,2.0,2.0,4.0,2.0,25.0,130000.0,3.0,2.0,2.0,1.0,1.0,2.0,50000.0,1.0,4.0,4.0,2.0,170000.0,100000.0,1.0,50000.0,39000.0,1.0,19211.6,53063.0,752.0
1,4.0,5.0,3.0,1.0,4.0,2.0,25.0,72000.0,3.0,3.0,2.0,1.0,1.0,2.0,0.0,2.0,4.0,4.0,2.0,300000.0,200000.0,1.0,75000.0,150000.0,1.0,11488.0,73649.0,748.0
1,3.0,1.0,3.0,2.0,4.0,2.0,25.0,120000.0,3.0,3.0,2.0,1.0,1.0,2.0,100000.0,1.0,4.0,4.0,2.0,450000.0,200000.0,1.0,100000.0,71000.0,2.0,32841.5,18208.0,753.0
1,6.0,1.0,3.0,2.0,4.0,2.0,25.0,120000.0,3.0,3.0,2.0,1.0,1.0,2.0,0.0,2.0,4.0,3.0,2.0,0.0,0.0,1.0,127222.22222222222,88000.0,2.0,38295.5,62414.0,751.0
1,4.0,1.0,3.0,1.0,4.0,1.0,25.0,250000.0,3.0,2.0,2.0,1.0,1.0,2.0,0.0,2.0,4.0,1.0,2.0,1000000.0,500000.0,1.0,100000.0,110000.0,1.0,44549.9,140196.0,745.0
1,3.0,1.0,9.0,1.0,4.0,1.0,31.0,150000.0,3.0,1.0,2.0,1.0,1.0,2.0,0.0,1.0,4.0,4.0,2.0,0.0,500000.0,1.0,200000.0,65000.0,2.0,29871.75,160665.0,800748.0
1,4.0,5.0,2.0,2.0,4.0,2.0,31.0,100000.0,4.0,3.0,2.0,1.0,1.0,2.0,500000.0,1.0,1.0,1.0,2.0,0.0,500000.0,1.0,250000.0,65000.0,2.0,28433.0,23184.0,753.0
1,5.0,1.0,4.0,1.0,4.0,2.0,31.0,200000.0,4.0,2.0,2.0,1.0,1.0,2.0,0.0,2.0,4.0,5.0,2.0,0.0,0.0,1.0,300000.0,32200.0,2.0,41412.6,168537.0,747.0
1,7.0,1.0,4.0,2.0,4.0,2.0,31.0,150000.0,5.0,3.0,2.0,1.0,1.0,2.0,600000.0,1.0,4.0,5.0,2.0,0.0,2000.0,3.0,475730.0,155000.0,3.0,38389.75,99698.0,749.0
1,8.0,1.0,4.0,1.0,4.0,2.0,31.0,200000.0,4.0,3.0,1.0,1.0,1.0,2.0,711000.0,1.0,4.0,5.0,2.0,0.0,0.0,3.0,475730.0,86000.0,3.0,22501.6,130702.0,748.0
1,2.0,1.0,3.0,1.0,4.0,2.0,31.0,100000.0,5.0,3.0,2.0,1.0,1.0,2.0,570000.0,1.0,4.0,5.0,2.0,500000.0,250000.0,1.0,100000.0,178000.0,3.0,11555.5,141210.0,749.0
1,4.0,1.0,5.0,1.0,4.0,2.0,31.0,150000.0,3.0,2.0,2.0,1.0,1.0,2.0,130000.0,1.0,4.0,4.0,2.0,0.0,500000.0,1.0,200000.0,66000.0,2.0,22800.9,175056.0,749.0
1,7.0,1.0,6.0,1.0,4.0,1.0,31.0,200000.0,5.0,3.0,2.0,1.0,1.0,2.0,700000.0,1.0,1.0,1.0,2.0,0.0,0.0,3.0,475730.0,148000.0,4.0,32356.9,114492.0,747.0
1,5.0,1.0,3.0,1.0,4.0,1.0,31.0,120000.0,5.0,3.0,2.0,1.0,1.0,2.0,150000.0,1.0,1.0,1.0,2.0,0.0,600000.0,1.0,300000.0,131000.0,2.0,32494.05,133275.0,749.0
2,5.0,1.0,3.0,1.0,4.0,2.0,20.0,150000.0,2.0,2.0,2.0,2.0,1.0,2.0,0.0,2.0,4.0,6.0,2.0,0.0,1000.0,1.0,200000.0,120000.0,2.0,121881.57,296097.0,711.0
2,4.0,1.0,3.0,1.0,4.0,1.0,28.0,100000.0,2.0,2.0,2.0,2.0,2.0,2.0,0.0,2.0,4.0,6.0,2.0,6000000.0,800000.0,1.0,250000.0,285000.0,2.0,133501.26,330815.0,742.0
2,3.0,1.0,2.0,2.0,4.0,2.0,28.0,60000.0,3.0,2.0,2.0,2.0,2.0,2.0,0.0,2.0,4.0,6.0,2.0,20000.0,2000.0,1.0,220000.0,255000.0,2.0,102582.25,236893.0,748.0
2,4.0,1.0,3.0,1.0,4.0,1.0,28.0,150000.0,2.0,2.0,2.0,2.0,2.0,2.0,0.0,2.0,4.0,6.0,2.0,20000.0,2000.0,1.0,300000.0,400000.0,2.0,136446.77,304423.0,741.0
2,2.0,1.0,2.0,2.0,4.0,2.0,28.0,80000.0,3.0,3.0,2.0,2.0,1.0,2.0,0.0,2.0,4.0,6.0,2.0,0.0,1000000.0,1.0,180000.0,330000.0,2.0,121056.24,227073.0,749.0
2,5.0,1.0,4.0,2.0,4.0,1.0,28.0,110000.0,2.0,2.0,2.0,2.0,2.0,2.0,0.0,2.0,4.0,6.0,2.0,5000000.0,800000.0,1.0,200000.0,335000.0,3.0,140164.6,269131.0,746.0
2,2.0,1.0,2.0,2.0,4.0,2.0,28.0,75000.0,3.0,3.0,2.0,2.0,1.0,2.0,0.0,2.0,4.0,6.0,2.0,3000000.0,1800000.0,1.0,180000.0,80200.0,2.0,110993.11,225567.0,748.0
2,3.0,3.0,2.0,2.0,4.0,1.0,28.0,7.0,2.0,3.0,2.0,1.0,2.0,2.0,0.0,2.0,4.0,6.0,2.0,20000.0,2000.0,1.0,300000.0,620000.0,2.0,127296.6,364870.0,751.0
2,4.0,3.0,2.0,1.0,4.0,2.0,28.0,90000.0,3.0,3.0,2.0,2.0,2.0,2.0,0.0,2.0,4.0,6.0,2.0,20000.0,2000.0,1.0,28000.0,280000.0,2.0,126227.85,380254.0,746.0
2,1.0,1.0,1.0,2.0,4.0,2.0,28.0,60000.0,4.0,3.0,2.0,2.0,1.0,2.0,10000.0,1.0,4.0,6.0,2.0,300000.0,200000.0,1.0,120000.0,40000.0,2.0,73454.85,49340.0,753.0
2,3.0,1.0,2.0,1.0,1.0,2.0,28.0,140000.0,2.0,2.0,2.0,2.0,1.0,2.0,0.0,2.0,4.0,6.0,2.0,500000.0,400000.0,1.0,250000.0,297000.0,2.0,116934.56,241952.0,747.0
2,2.0,1.0,1.0,2.0,4.0,2.0,28.0,58000.0,3.0,2.0,2.0,1.0,2.0,2.0,0.0,2.0,4.0,2.0,2.0,0.0,3000000.0,1.0,120000.0,120000.0,2.0,107383.37,103961.0,754.0
2,7.0,5.0,2.0,2.0,4.0,2.0,28.0,120000.0,4.0,2.0,2.0,2.0,1.0,2.0,180000.0,1.0,4.0,6.0,2.0,0.0,0.0,1.4444444444444444,388439.4444444445,240000.0,3.0,88676.92,208694.0,752.0
2,2.0,1.0,2.0,1.0,4.0,2.0,28.0,70000.0,2.0,2.0,2.0,2.0,1.0,2.0,0.0,2.0,4.0,6.0,2.0,0.0,0.0,1.4444444444444444,191104.44444444444,110000.0,2.0,130466.05,224361.0,742.0
2,1.0,5.0,1.0,2.0,4.0,2.0,28.0,60000.0,4.0,2.0,2.0,2.0,1.0,2.0,0.0,2.0,4.0,6.0,2.0,250000.0,200000.0,1.0,100000.0,21000.0,1.0,42446.4,17431.0,756.0
2,2.0,1.0,2.0,2.0,2.0,2.0,28.0,80000.0,3.0,2.0,2.0,2.0,2.0,2.0,0.0,2.0,4.0,6.0,2.0,0.0,300000.0,1.0,120000.0,74000.0,2.0,101667.1,104583.5,748.0
2,4.0,1.0,2.0,1.0,4.0,1.0,28.0,120000.0,3.0,2.0,2.0,2.0,2.0,2.0,0.0,2.0,4.0,2.0,2.0,0.0,400000.0,1.0,250000.0,243000.0,3.0,153088.97,271106.0,744.0
2,6.0,1.0,4.0,1.0,4.0,2.0,28.0,160000.0,2.0,2.0,2.0,2.0,2.0,2.0,200000.0,1.0,4.0,2.0,2.0,500000.0,400000.0,1.0,28000.0,450000.0,3.0,181167.4,290047.0,741.0
2,2.0,3.0,3.0,2.0,4.0,2.0,28.0,40000.0,3.0,3.0,2.0,2.0,1.0,2.0,0.0,2.0,4.0,6.0,2.0,0.0,0.0,1.0,200000.0,77900.0,2.0,118366.35,106903.0,750.0
2,6.0,1.0,3.0,2.0,4.0,2.0,28.0,120000.0,3.0,2.0,2.0,2.0,2.0,2.0,0.0,2.0,4.0,6.0,2.0,0.0,0.0,1.0,300000.0,193000.0,3.0,167142.97,239375.0,751.0
2,6.0,1.0,3.0,2.0,4.0,2.0,28.0,60000.0,3.0,2.0,2.0,2.0,2.0,2.0,200000.0,1.0,4.0,6.0,2.0,0.0,0.0,1.0,250000.0,288000.0,3.0,159625.6,226665.0,750.0
2,1.0,1.0,3.0,2.0,4.0,2.0,28.0,60000.0,3.0,2.0,2.0,2.0,1.0,2.0,0.0,2.0,4.0,6.0,2.0,0.0,0.0,1.0,100000.0,39000.0,1.0,84065.7,159043.0,752.0
2,3.0,1.0,3.0,1.0,4.0,2.0,28.0,60000.0,3.0,2.0,2.0,2.0,1.0,2.0,200000.0,2.0,4.0,6.0,2.0,0.0,0.0,1.0,200000.0,118100.0,4.0,135095.8,233350.0,749.0
2,3.0,1.0,3.0,1.0,4.0,2.0,28.0,180000.0,3.0,2.0,2.0,2.0,1.0,2.0,420000.0,1.0,4.0,6.0,2.0,0.0,0.0,1.0,250000.0,123000.0,3.0,141055.45,288844.0,750.0
2,5.0,1.0,3.0,1.0,4.0,2.0,28.0,45000.0,3.0,2.0,2.0,2.0,2.0,2.0,0.0,2.0,4.0,6.0,2.0,0.0,0.0,1.0,300000.0,150000.0,2.0,168919.25,180940.0,750.0
2,6.0,1.0,3.0,1.0,4.0,2.0,28.0,120000.0,3.0,2.0,2.0,2.0,2.0,2.0,0.0,2.0,4.0,6.0,2.0,0.0,0.0,1.0,400000.0,340000.0,3.0,150439.15,277108.0,749.0
2,4.0,1.0,3.0,1.0,4.0,2.0,28.0,120000.0,3.0,2.0,2.0,2.0,1.0,2.0,300000.0,1.0,4.0,6.0,2.0,0.0,0.0,1.0,500000.0,130000.0,1.0,105766.34,292139.0,749.0
2,5.0,1.0,3.0,2.0,4.0,2.0,28.0,100000.0,3.0,2.0,2.0,2.0,2.0,2.0,3000000.0,1.0,4.0,1.0,2.0,0.0,1500000.0,1.0,200000.0,146000.0,3.0,114156.3,121225.0,754.0
2,1.0,1.0,3.0,2.0,4.0,2.0,28.0,40000.0,3.0,2.0,2.0,2.0,1.0,2.0,600000.0,1.0,4.0,3.0,2.0,800000.0,280000.0,1.0,80000.0,41000.0,2.0,72242.13,52145.0,1200760.0
2,2.0,3.0,2.0,2.0,4.0,2.0,28.0,7.0,3.0,3.0,2.0,2.0,2.0,2.0,0.0,2.0,4.0,1.0,2.0,8000000.0,800000.0,1.0,200000.0,160000.0,2.0,149566.13,222153.0,749.0
2,2.0,1.0,3.0,1.0,4.0,2.0,28.0,80000.0,3.0,2.0,2.0,1.0,1.0,2.0,0.0,2.0,4.0,1.0,2.0,0.0,1200000.0,1.0,120000.0,120000.0,2.0,113443.0,203937.0,80751.0
2,2.0,1.0,4.0,2.0,4.0,1.0,28.0,200000.0,3.0,2.0,2.0,1.0,1.0,2.0,0.0,2.0,4.0,1.0,2.0,8000000.0,1000000.0,1.0,200000.0,366000.0,3.0,143098.5,1013178.0,200751.0
2,2.0,1.0,3.0,1.0,4.0,2.0,28.0,125000.0,3.0,2.0,2.0,2.0,1.0,2.0,1000000.0,1.0,4.0,1.0,2.0,0.0,4000.0,1.0,200000.0,112250.0,3.0,119088.3,328808.0,2020750.0
2,1.0,1.0,2.0,2.0,4.0,2.0,28.0,20000.0,3.0,2.0,2.0,1.0,1.0,2.0,0.0,2.0,4.0,1.0,2.0,6000000.0,600000.0,1.0,60000.0,60000.0,1.0,103146.83,48052.0,749.0
2,2.0,1.0,2.0,2.0,4.0,2.0,28.0,50000.0,4.0,2.0,2.0,2.0,2.0,2.0,500000.0,1.0,4.0,2.0,2.0,600000.0,300000.0,1.0,100000.0,105000.0,2.0,85847.25,240713.0,50756.0
2,2.0,1.0,3.0,1.0,4.0,2.0,28.0,100000.0,3.0,2.0,2.0,2.0,2.0,2.0,0.0,2.0,4.0,1.0,2.0,0.0,600000.0,1.0,200000.0,170000.0,3.0,116829.0,144391.0,750.0
2,3.0,1.0,2.0,1.0,4.0,1.0,28.0,80000.0,3.0,1.0,2.0,2.0,2.0,2.0,0.0,2.0,4.0,6.0,2.0,10000.0,5000.0,3.0,956780.0,218000.0,2.0,286116.05,304374.0,743.0
2,4.0,1.0,2.0,1.0,4.0,2.0,28.0,100000.0,4.0,3.0,2.0,2.0,2.0,2.0,0.0,2.0,1.0,3.0,2.0,700000.0,400000.0,1.0,300000.0,202000.0,5.0,165735.35,366132.0,749.0
2,7.0,1.0,2.0,2.0,4.0,2.0,28.0,45000.0,4.0,3.0,2.0,2.0,2.0,2.0,50000.0,1.0,4.0,6.0,2.0,900000.0,700000.0,1.0,400000.0,120000.0,1.0,152880.85,228343.0,752.0
2,4.0,1.0,2.0,1.0,4.0,1.0,28.0,60000.0,3.0,3.0,2.0,2.0,2.0,2.0,0.0,2.0,4.0,6.0,2.0,800000.0,600000.0,1.0,300000.0,330000.0,2.0,289722.61,277063.0,748.0
2,5.0,1.0,3.0,1.0,4.0,1.0,28.0,130000.0,3.0,2.0,2.0,2.0,2.0,2.0,0.0,2.0,4.0,6.0,2.0,1000000.0,800000.0,1.0,500000.0,357000.0,3.0,386243.603,553856.0,742.0
2,4.0,1.0,3.0,1.0,4.0,2.0,28.0,60000.0,3.0,2.0,2.0,2.0,1.0,2.0,0.0,2.0,4.0,3.0,2.0,1000000.0,800000.0,1.0,500000.0,200000.0,2.0,256073.0,335372.0,746.0
2,3.0,1.0,3.0,1.0,4.0,1.0,28.0,85000.0,3.0,2.0,2.0,2.0,2.0,2.0,0.0,2.0,4.0,3.0,2.0,900000.0,600000.0,1.0,300000.0,830000.0,3.0,337013.0,460955.0,741.0
2,7.0,1.0,3.0,1.0,4.0,1.0,28.0,150000.0,3.0,3.0,2.0,2.0,2.0,2.0,0.0,2.0,4.0,3.0,2.0,900000.0,700000.0,1.0,400000.0,219000.0,2.0,280473.8,350429.0,742.0
2,2.0,1.0,2.0,2.0,4.0,2.0,28.0,45000.0,3.0,3.0,2.0,2.0,2.0,2.0,0.0,2.0,4.0,3.0,2.0,500000.0,400000.0,1.0,150000.0,87800.0,2.0,203035.55,174237.0,749.0
2,5.0,1.0,3.0,2.0,4.0,2.0,28.0,240000.0,3.0,2.0,2.0,2.0,2.0,2.0,700000.0,1.0,4.0,1.0,2.0,800000.0,500000.0,1.0,350000.0,178000.0,3.0,186120.95,545917.0,746.0
2,2.0,5.0,3.0,2.0,4.0,1.0,28.0,120000.0,3.0,3.0,2.0,2.0,2.0,2.0,0.0,2.0,4.0,6.0,2.0,500000.0,300000.0,1.0,100000.0,60000.0,1.0,121112.08,277951.0,749.0
2,3.0,1.0,3.0,1.0,4.0,2.0,28.0,100000.0,3.0,2.0,2.0,2.0,1.0,2.0,300000.0,1.0,4.0,1.0,1.0,800000.0,400000.0,1.0,200000.0,110000.0,2.0,182212.36,161276.0,749.0
2,4.0,1.0,3.0,1.0,4.0,2.0,28.0,200000.0,3.0,3.0,2.0,2.0,2.0,2.0,400000.0,1.0,1.0,6.0,2.0,1000000.0,600000.0,1.0,300000.0,177000.0,2.0,179057.45,223391.0,750.0
2,4.0,1.0,4.0,1.0,4.0,1.0,28.0,200000.0,3.0,2.0,2.0,2.0,2.0,2.0,0.0,2.0,4.0,1.0,2.0,2000.0,400000.0,1.0,200000.0,139000.0,2.0,220816.8,373292.0,743.0
2,1.0,1.0,3.0,1.0,4.0,2.0,28.0,60000.0,3.0,3.0,2.0,2.0,1.0,2.0,0.0,2.0,4.0,1.0,2.0,1000000.0,600000.0,1.0,200000.0,65000.0,2.0,109029.89,162349.0,747.0
2,5.0,1.0,3.0,1.0,4.0,1.0,28.0,200000.0,3.0,2.0,2.0,2.0,1.0,2.0,260000.0,2.0,4.0,6.0,2.0,1500000.0,800000.0,1.0,500000.0,206000.0,3.0,219757.12,850891.0,746.0
2,3.0,3.0,3.0,2.0,2.0,1.0,28.0,100000.0,3.0,3.0,2.0,2.0,2.0,2.0,1500000.0,1.0,4.0,2.0,2.0,1000000.0,500000.0,1.0,300000.0,330000.0,2.0,165498.38999999998,514142.0,4000754.0
2,1.0,1.0,3.0,2.0,4.0,2.0,28.0,200000.0,5.0,3.0,2.0,2.0,1.0,2.0,0.0,2.0,4.0,5.0,1.0,150000.0,100000.0,1.0,60000.0,82000.0,2.0,88839.39,154784.0,747.0
2,7.0,1.0,3.0,2.0,4.0,2.0,28.0,150000.0,3.0,2.0,2.0,2.0,2.0,2.0,0.0,2.0,1.0,6.0,2.0,0.0,0.0,1.0,372222.22222222225,333000.0,4.0,177865.6,239015.0,751.0
2,5.0,1.0,3.0,1.0,4.0,2.0,28.0,120000.0,2.0,2.0,2.0,2.0,2.0,2.0,705000.0,1.0,4.0,1.0,2.0,0.0,0.0,1.0,350000.0,250000.0,1.0,255744.35,326705.0,749.0
2,5.0,1.0,3.0,1.0,4.0,2.0,28.0,100000.0,3.0,1.0,2.0,2.0,2.0,2.0,350000.0,1.0,4.0,1.0,2.0,0.0,0.0,1.0,405555.5555555555,314000.0,4.0,174325.6,298045.0,20655752.0
2,3.0,3.0,3.0,1.0,4.0,2.0,28.0,70000.0,2.0,3.0,2.0,2.0,2.0,1.0,600000.0,1.0,4.0,1.0,2.0,0.0,600000.0,1.0,227777.77777777775,186000.0,1.0,179016.1,415115.0,748.0
2,2.0,1.0,3.0,2.0,4.0,2.0,28.0,60000.0,3.0,2.0,2.0,2.0,1.0,2.0,0.0,2.0,4.0,6.0,2.0,0.0,200000.0,1.0,85222.22222222222,75100.0,3.0,129801.0,234607.0,750.0
2,4.0,1.0,3.0,2.0,4.0,2.0,28.0,60000.0,3.0,2.0,2.0,2.0,1.0,2.0,0.0,2.0,4.0,6.0,2.0,0.0,0.0,1.2222222222222223,168185.0,90000.0,1.0,146980.3,211460.0,747.0
2,3.0,3.0,3.0,1.0,4.0,1.0,28.0,100000.0,2.0,3.0,2.0,2.0,1.0,2.0,100000.0,1.0,4.0,3.0,2.0,0.0,300000.0,1.0,130000.0,120000.0,1.0,206854.5,409710.0,749.0
2,5.0,1.0,3.0,1.0,4.0,2.0,28.0,150000.0,3.0,2.0,2.0,2.0,1.0,2.0,103000.0,1.0,4.0,6.0,2.0,0.0,500000.0,1.0,220000.0,266000.0,4.0,317498.7,360096.0,743.0
2,6.0,1.0,3.0,1.0,4.0,1.0,28.0,120000.0,3.0,2.0,2.0,2.0,2.0,2.0,60000.0,1.0,4.0,2.0,2.0,0.0,800000.0,0.8888888888888888,372222.22222222225,404000.0,5.0,209473.5,540110.0,743.0
2,3.0,1.0,3.0,2.0,4.0,2.0,28.0,70000.0,5.0,3.0,2.0,2.0,2.0,2.0,150000.0,1.0,4.0,4.0,2.0,5000.0,2500.0,1.0,300000.0,70000.0,1.0,126429.6,80218.0,752.0
2,2.0,1.0,3.0,1.0,4.0,2.0,28.0,110000.0,4.0,3.0,2.0,2.0,2.0,2.0,300000.0,1.0,4.0,4.0,2.0,2000000.0,600000.0,1.0,281111.1111111111,182000.0,3.0,109595.5,285348.0,745.0
2,2.0,1.0,1.0,2.0,4.0,2.0,28.0,120000.0,3.0,3.0,2.0,2.0,1.0,2.0,2150000.0,1.0,4.0,5.0,2.0,3000.0,1000.0,1.0,200000.0,567000.0,4.0,125283.4,272673.0,749.0
2,1.0,1.0,1.0,2.0,4.0,2.0,28.0,60000.0,3.0,3.0,2.0,2.0,1.0,2.0,0.0,2.0,4.0,4.0,2.0,2000.0,1000.0,1.0,100000.0,45000.0,1.0,48161.7,115347.0,751.0
2,2.0,3.0,2.0,1.0,4.0,2.0,28.0,79444.44444444444,3.0,3.0,2.0,2.0,1.0,2.0,0.0,2.0,4.0,4.0,2.0,6000.0,2500.0,1.0,400000.0,400.0,1.0,107406.25,137198.0,750.0
2,1.0,1.0,1.0,2.0,4.0,2.0,28.0,60000.0,3.0,3.0,2.0,2.0,1.0,2.0,0.0,2.0,4.0,5.0,2.0,2500.0,1500.0,1.0,170000.0,53000.0,1.0,69130.6,80947.0,751.0
2,5.0,1.0,2.0,1.0,4.0,1.0,28.0,120000.0,5.0,3.0,2.0,2.0,1.0,2.0,0.0,2.0,4.0,4.0,2.0,5000.0,2500.0,1.0,400000.0,253100.0,3.0,180236.65,391496.0,746.0
2,1.0,1.0,2.0,1.0,4.0,2.0,28.0,100000.0,3.0,3.0,2.0,2.0,2.0,2.0,0.0,2.0,4.0,4.0,2.0,4000.0,2000.0,1.0,250000.0,80000.0,1.0,59351.15,195998.0,750.0
2,3.0,1.0,3.0,1.0,4.0,2.0,28.0,120000.0,3.0,3.0,2.0,2.0,1.0,2.0,450000.0,1.0,4.0,5.0,2.0,5000.0,2500.0,1.0,200000.0,363000.0,3.0,119101.65,537413.0,748.0
2,4.0,1.0,3.0,1.0,4.0,1.0,28.0,180000.0,2.0,2.0,2.0,2.0,2.0,2.0,0.0,2.0,4.0,1.0,2.0,0.0,0.0,1.0,500000.0,999500.0,5.0,300522.29,783349.0,741.0
2,3.0,1.0,3.0,1.0,2.0,2.0,28.0,200000.0,2.0,2.0,2.0,2.0,1.0,2.0,0.0,2.0,4.0,6.0,2.0,0.0,0.0,1.0,400000.0,315000.0,3.0,289109.3,304995.0,745.0
2,5.0,3.0,3.0,1.0,4.0,1.0,28.0,200000.0,3.0,3.0,2.0,2.0,2.0,2.0,3000000.0,1.0,4.0,6.0,2.0,0.0,0.0,1.0,400000.0,232000.0,4.0,142909.15,448680.0,274747.0
2,5.0,1.0,3.0,1.0,4.0,2.0,28.0,150000.0,2.0,2.0,2.0,2.0,1.0,2.0,0.0,2.0,4.0,5.0,2.0,0.0,0.0,1.0,500000.0,290000.0,3.0,286080.91,370476.0,749.0
2,2.0,5.0,3.0,1.0,2.0,2.0,28.0,120000.0,3.0,3.0,2.0,2.0,1.0,2.0,0.0,2.0,4.0,6.0,2.0,0.0,0.0,1.0,400000.0,156000.0,3.0,143586.09,312628.0,750.0
2,4.0,1.0,3.0,1.0,4.0,2.0,28.0,220000.0,2.0,2.0,2.0,2.0,1.0,2.0,1500000.0,1.0,4.0,6.0,2.0,0.0,0.0,1.0,500000.0,150.0,1.0,109099.67,217834.0,3000751.0
2,4.0,1.0,3.0,1.0,4.0,1.0,28.0,120000.0,2.0,2.0,2.0,2.0,1.0,2.0,0.0,2.0,4.0,6.0,2.0,0.0,0.0,1.0,500000.0,200000.0,2.0,281067.325,254315.0,742.0
2,2.0,1.0,3.0,1.0,4.0,2.0,28.0,120000.0,2.0,3.0,2.0,1.0,1.0,2.0,0.0,2.0,4.0,6.0,2.0,0.0,0.0,1.0,200000.0,194000.0,3.0,313648.13,200898.0,1120745.0
2,6.0,1.0,3.0,1.0,4.0,1.0,28.0,250000.0,3.0,2.0,2.0,2.0,2.0,2.0,0.0,2.0,4.0,3.0,2.0,0.0,0.0,1.0,600000.0,417500.0,3.0,427352.233,583935.0,4794649.0
2,5.0,1.0,3.0,1.0,4.0,2.0,29.0,300000.0,3.0,2.0,2.0,2.0,2.0,2.0,0.0,2.0,4.0,3.0,2.0,0.0,600000.0,1.0,300000.0,128000.0,2.0,216563.54,287912.0,747.0
2,4.0,1.0,3.0,1.0,4.0,2.0,28.0,170000.0,3.0,2.0,2.0,1.0,1.0,2.0,0.0,2.0,4.0,4.0,2.0,0.0,700000.0,1.0,350000.0,275000.0,3.0,240307.08,343897.0,749.0
2,6.0,1.0,3.0,1.0,4.0,1.0,28.0,100000.0,3.0,2.0,2.0,2.0,2.0,2.0,0.0,2.0,4.0,3.0,2.0,0.0,800000.0,1.0,400000.0,244000.0,4.0,175629.99,456654.0,746.0
2,3.0,1.0,2.0,1.0,4.0,1.0,28.0,140000.0,3.0,2.0,2.0,2.0,1.0,2.0,0.0,2.0,4.0,4.0,2.0,0.0,800000.0,1.0,400000.0,220000.0,3.0,137968.06,447744.0,746.0
2,6.0,1.0,3.0,1.0,4.0,2.0,28.0,160000.0,3.0,2.0,2.0,2.0,2.0,2.0,200000.0,1.0,4.0,4.0,2.0,0.0,1000000.0,1.0,500000.0,232000.0,3.0,158922.96,439616.0,440748.0
2,4.0,1.0,2.0,1.0,4.0,1.0,28.0,90000.0,3.0,2.0,2.0,2.0,2.0,2.0,2400000.0,1.0,4.0,4.0,2.0,0.0,1000000.0,1.0,500000.0,352500.0,5.0,189147.34,537028.0,3739995.0
2,7.0,1.0,4.0,1.0,4.0,1.0,28.0,120000.0,3.0,1.0,2.0,1.0,2.0,2.0,500000.0,1.0,4.0,4.0,2.0,2500000.0,1500000.0,1.0,500000.0,383000.0,3.0,210547.62,673336.0,744.0
2,2.0,1.0,3.0,2.0,4.0,2.0,29.0,120000.0,3.0,2.0,2.0,2.0,2.0,2.0,0.0,2.0,4.0,5.0,2.0,0.0,400000.0,1.0,200000.0,183000.0,3.0,183089.6,278971.0,748.0
2,2.0,1.0,1.0,1.0,4.0,2.0,28.0,95000.0,2.0,2.0,2.0,2.0,1.0,2.0,40000.0,1.0,4.0,2.0,2.0,0.0,300000.0,1.0,150000.0,79000.0,1.0,96321.87,287907.0,750.0
2,6.0,1.0,3.0,1.0,4.0,1.0,28.0,90000.0,3.0,2.0,2.0,2.0,2.0,2.0,3290000.0,2.0,4.0,1.0,2.0,0.0,1000000.0,1.0,200000.0,192000.0,3.0,147435.15,633506.0,743.0
2,5.0,3.0,2.0,1.0,4.0,2.0,28.0,130000.0,3.0,3.0,2.0,2.0,2.0,2.0,1000000.0,2.0,4.0,2.0,2.0,1000000.0,500000.0,1.0,208888.88888888888,225000.0,2.0,92915.35,364663.0,744.0
2,7.0,3.0,1.0,1.0,4.0,2.0,28.0,120000.0,5.0,3.0,2.0,2.0,1.0,2.0,2000000.0,1.0,4.0,3.0,2.0,15000000.0,1800000.0,1.0,500000.0,450000.0,4.0,262093.42,968380.0,748.0
2,4.0,1.0,3.0,1.0,4.0,1.0,28.0,220000.0,3.0,2.0,2.0,2.0,1.0,2.0,247000.0,2.0,4.0,2.0,2.0,1500000.0,800000.0,1.0,340000.0,130000.0,1.0,158372.45,479354.0,746.0
2,5.0,1.0,3.0,1.0,4.0,2.0,28.0,120000.0,3.0,2.0,2.0,2.0,1.0,2.0,0.0,2.0,4.0,1.0,2.0,0.0,1000000.0,1.0,300000.0,180400.0,3.0,153799.44999999998,329084.0,747.0
2,6.0,1.0,3.0,1.0,4.0,1.0,28.0,200000.0,3.0,2.0,2.0,1.0,2.0,2.0,0.0,2.0,4.0,2.0,2.0,0.0,500000.0,1.0,250000.0,277000.0,4.0,200709.644,913122.0,743.0
2,3.0,1.0,3.0,1.0,1.0,2.0,28.0,210000.0,2.0,2.0,2.0,1.0,1.0,2.0,0.0,2.0,4.0,1.0,2.0,1000000.0,300000.0,1.0,180000.0,122000.0,2.0,126876.65,375299.0,748.0
2,2.0,1.0,3.0,2.0,4.0,2.0,28.0,35000.0,3.0,3.0,2.0,2.0,1.0,2.0,0.0,2.0,4.0,1.0,2.0,0.0,1000000.0,1.0,100000.0,49000.0,2.0,107324.5,112545.0,751.0
2,1.0,1.0,4.0,1.0,4.0,2.0,28.0,150000.0,2.0,2.0,2.0,2.0,1.0,2.0,120000.0,1.0,4.0,1.0,2.0,3000000.0,800000.0,1.0,120000.0,30250.0,2.0,89911.3,201414.0,749.0
2,6.0,1.0,4.0,1.0,4.0,2.0,28.0,200000.0,3.0,3.0,2.0,2.0,2.0,2.0,0.0,2.0,4.0,6.0,2.0,10000.0,5000.0,3.0,1435170.0,560000.0,4.0,224050.0,1834386.0,746.0
2,4.0,1.0,3.0,1.0,4.0,1.0,28.0,300000.0,3.0,3.0,2.0,2.0,2.0,2.0,0.0,2.0,4.0,6.0,2.0,10000.0,8000.0,3.0,2391950.0,900000.0,2.0,276556.08,385170.0,737.0
2,6.0,1.0,2.0,1.0,4.0,1.0,28.0,200000.0,3.0,3.0,2.0,2.0,2.0,2.0,800000.0,1.0,4.0,6.0,2.0,100000.0,5000.0,3.0,956780.0,310000.0,3.0,299534.496,436661.0,3200744.0
2,3.0,1.0,2.0,1.0,4.0,2.0,28.0,200000.0,3.0,3.0,2.0,2.0,1.0,2.0,0.0,2.0,4.0,6.0,2.0,5000.0,3000.0,1.0,600000.0,170000.0,3.0,218193.13,368216.0,748.0
2,5.0,1.0,3.0,1.0,4.0,2.0,28.0,220000.0,3.0,3.0,2.0,2.0,2.0,2.0,0.0,2.0,4.0,6.0,2.0,0.0,0.0,1.0,600000.0,200000.0,1.0,187137.31,448839.5,750.0
2,6.0,1.0,4.0,1.0,4.0,1.0,28.0,200000.0,3.0,3.0,2.0,2.0,2.0,2.0,0.0,2.0,4.0,3.0,2.0,10000.0,5000.0,1.0,600000.0,252000.0,2.0,256855.34,321033.0,747.0
2,5.0,1.0,3.0,1.0,4.0,2.0,28.0,160000.0,3.0,3.0,2.0,2.0,1.0,2.0,0.0,2.0,4.0,6.0,2.0,0.0,0.0,3.0,717585.0,250000.0,2.0,210643.95,363185.0,748.0
2,5.0,1.0,4.0,1.0,4.0,2.0,28.0,300000.0,3.0,2.0,2.0,2.0,2.0,2.0,1200000.0,1.0,4.0,6.0,2.0,0.0,0.0,1.0,500000.0,205000.0,3.0,187929.01,1853332.0,3200752.0
2,5.0,1.0,3.0,1.0,4.0,2.0,28.0,200000.0,3.0,3.0,2.0,2.0,1.0,2.0,0.0,2.0,4.0,6.0,2.0,10000.0,8000.0,3.0,2391950.0,439000.0,2.0,218577.87,623833.0,748.0
2,2.0,1.0,3.0,2.0,4.0,2.0,28.0,30000.0,4.0,3.0,2.0,2.0,2.0,2.0,50000.0,1.0,4.0,1.0,2.0,0.0,0.0,1.2222222222222223,278105.55555555556,62500.0,2.0,79658.25,138456.0,757.0
2,4.0,1.0,5.0,1.0,4.0,2.0,28.0,60000.0,3.0,2.0,2.0,2.0,2.0,2.0,0.0,2.0,4.0,1.0,2.0,0.0,0.0,1.0,200000.0,300000.0,1.0,180702.75,228211.0,746.0
2,2.0,1.0,3.0,1.0,4.0,2.0,28.0,150000.0,2.0,2.0,2.0,2.0,2.0,2.0,0.0,2.0,4.0,1.0,2.0,0.0,0.0,1.2222222222222223,401685.5555555555,266200.0,2.0,113612.8,199831.0,745.0
2,2.0,1.0,3.0,1.0,4.0,2.0,28.0,200000.0,2.0,2.0,2.0,2.0,2.0,2.0,400000.0,2.0,4.0,1.0,2.0,1000000.0,500000.0,1.0,200000.0,450000.0,1.0,133212.05,273734.0,740.0
2,4.0,1.0,3.0,1.0,4.0,2.0,28.0,100000.0,4.0,3.0,2.0,2.0,2.0,2.0,0.0,2.0,4.0,1.0,2.0,0.0,0.0,1.0,200000.0,447000.0,3.0,194203.3,277733.0,744.0
2,2.0,1.0,3.0,2.0,4.0,2.0,28.0,30000.0,3.0,2.0,2.0,2.0,2.0,2.0,0.0,2.0,4.0,2.0,2.0,0.0,0.0,1.0,100000.0,92000.0,2.0,137300.7,102010.0,757.0
2,1.0,1.0,1.0,2.0,4.0,2.0,28.0,7.0,3.0,3.0,2.0,2.0,1.0,2.0,0.0,2.0,4.0,2.0,2.0,0.0,0.0,1.0,86333.33333333333,37000.0,1.0,75530.85,36910.0,755.0
2,2.0,1.0,2.0,2.0,4.0,2.0,28.0,50000.0,4.0,3.0,2.0,2.0,2.0,2.0,0.0,2.0,4.0,2.0,1.0,0.0,0.0,1.2222222222222223,115284.44444444444,51000.0,2.0,90838.65,80224.0,754.0
2,2.0,3.0,2.0,2.0,4.0,2.0,28.0,120000.0,4.0,3.0,2.0,2.0,1.0,2.0,0.0,2.0,4.0,1.0,2.0,0.0,0.0,1.2222222222222223,10706666.666666666,39000.0,2.0,105849.5,196989.0,748.0
2,5.0,1.0,5.0,1.0,4.0,1.0,28.0,150000.0,2.0,2.0,2.0,2.0,1.0,2.0,0.0,2.0,4.0,1.0,2.0,1600000.0,700000.0,1.0,200000.0,70300.0,2.0,104756.45,136674.0,744.0
2,5.0,1.0,5.0,1.0,4.0,1.0,28.0,120000.0,3.0,2.0,2.0,2.0,1.0,2.0,0.0,2.0,4.0,3.0,2.0,1500000.0,800000.0,1.0,220000.0,634250.0,5.0,72705.3,89866.0,747.0
2,6.0,1.0,5.0,1.0,4.0,1.0,28.0,50000.0,2.0,2.0,2.0,2.0,2.0,2.0,0.0,2.0,1.0,1.0,2.0,2600000.0,1000000.0,1.0,250000.0,562000.0,5.0,63325.1,314901.0,746.0
2,5.0,1.0,4.0,1.0,4.0,2.0,28.0,55000.0,3.0,3.0,2.0,1.0,1.0,1.0,100000.0,1.0,1.0,1.0,2.0,1000000.0,500000.0,1.0,150000.0,128000.0,3.0,42061.6,109991.0,480746.0
2,7.0,1.0,4.0,2.0,4.0,2.0,28.0,110000.0,3.0,2.0,2.0,1.0,1.0,1.0,0.0,2.0,4.0,1.0,1.0,600000.0,240000.0,1.0,130000.0,87500.0,3.0,33224.85,43483.0,754.0
2,3.0,1.0,5.0,1.0,4.0,2.0,28.0,60000.0,3.0,2.0,2.0,1.0,1.0,2.0,30000.0,1.0,4.0,1.0,2.0,1400000.0,600000.0,1.0,150000.0,185400.0,3.0,49873.3,193237.0,747.0
2,5.0,1.0,4.0,1.0,4.0,2.0,28.0,140000.0,1.0,2.0,2.0,2.0,1.0,2.0,0.0,2.0,4.0,1.0,2.0,1500000.0,500000.0,1.0,180000.0,37400.0,2.0,93443.85,149999.0,750.0
2,4.0,1.0,5.0,2.0,4.0,1.0,28.0,80000.0,3.0,2.0,2.0,2.0,1.0,2.0,300000.0,1.0,4.0,1.0,2.0,1300000.0,600000.0,1.0,200000.0,370400.0,3.0,36055.35,92304.0,751.0
2,5.0,1.0,4.0,2.0,4.0,2.0,28.0,90000.0,3.0,2.0,2.0,2.0,2.0,2.0,0.0,2.0,2.0,3.0,2.0,1600000.0,700000.0,1.0,230000.0,590000.0,4.0,40553.0,167368.0,752.0
2,3.0,1.0,4.0,2.0,4.0,1.0,28.0,40000.0,3.0,2.0,2.0,2.0,2.0,2.0,100000.0,1.0,4.0,6.0,2.0,1000000.0,500000.0,1.0,200000.0,100000.0,1.0,27463.8,145992.0,747.0
2,4.0,1.0,3.0,2.0,4.0,1.0,28.0,30000.0,3.0,2.0,2.0,2.0,2.0,2.0,100000.0,1.0,4.0,6.0,2.0,1600000.0,700000.0,1.0,250000.0,90000.0,1.0,29727.15,128240.0,746.0
2,4.0,1.0,3.0,1.0,4.0,1.0,28.0,30000.0,4.0,2.0,2.0,2.0,2.0,2.0,60000.0,1.0,4.0,6.0,2.0,2000000.0,900000.0,1.0,200000.0,95000.0,1.0,22475.55,117764.0,745.0
2,6.0,1.0,3.0,2.0,4.0,2.0,28.0,60000.0,4.0,2.0,2.0,2.0,1.0,2.0,30000.0,1.0,4.0,3.0,2.0,400000.0,300000.0,1.0,150000.0,86100.0,3.0,41479.65,64220.0,752.0
2,4.0,1.0,4.0,2.0,4.0,1.0,28.0,40000.0,3.0,2.0,2.0,2.0,2.0,2.0,80000.0,1.0,4.0,6.0,2.0,1000000.0,500000.0,1.0,180000.0,104000.0,1.0,24862.1,126760.0,745.0
2,1.0,1.0,3.0,2.0,4.0,2.0,28.0,56000.0,4.0,2.0,2.0,2.0,2.0,2.0,30000.0,1.0,4.0,3.0,2.0,500000.0,250000.0,1.0,100000.0,89000.0,3.0,51600.2,69400.0,751.0
2,2.0,1.0,3.0,2.0,4.0,2.0,28.0,88000.0,4.0,2.0,2.0,2.0,2.0,2.0,200000.0,1.0,4.0,3.0,2.0,850000.0,350000.0,1.0,150000.0,47000.0,2.0,34617.4,112872.0,749.0
2,4.0,1.0,4.0,1.0,4.0,1.0,28.0,100000.0,3.0,2.0,2.0,2.0,2.0,2.0,100000.0,1.0,4.0,6.0,2.0,1600000.0,800000.0,1.0,200000.0,206200.0,3.0,79745.05,171936.0,740.0
2,1.0,1.0,2.0,2.0,4.0,2.0,28.0,55000.0,4.0,2.0,2.0,2.0,2.0,2.0,0.0,2.0,4.0,3.0,2.0,500000.0,200000.0,1.0,100000.0,38900.0,1.0,38283.55,13436.0,752.0
2,5.0,1.0,4.0,1.0,4.0,1.0,28.0,100000.0,3.0,2.0,2.0,2.0,2.0,2.0,100000.0,1.0,4.0,6.0,2.0,1800000.0,700000.0,1.0,200000.0,110000.0,1.0,38864.2,105153.0,741.0
2,3.0,1.0,4.0,1.0,4.0,1.0,28.0,90000.0,3.0,2.0,2.0,2.0,2.0,2.0,300000.0,1.0,4.0,6.0,2.0,1650000.0,750000.0,1.0,250000.0,176000.0,2.0,71409.8,236514.0,743.0
2,5.0,1.0,4.0,2.0,4.0,1.0,28.0,100000.0,3.0,2.0,2.0,1.0,2.0,2.0,60000.0,1.0,4.0,6.0,2.0,2600000.0,800000.0,1.0,200000.0,166200.0,3.0,34140.5,89328.0,747.0
2,4.0,1.0,5.0,1.0,4.0,1.0,28.0,110000.0,3.0,2.0,2.0,2.0,2.0,2.0,70000.0,1.0,4.0,6.0,2.0,1700000.0,800000.0,1.0,250000.0,170000.0,2.0,64778.0,210106.0,740.0
2,4.0,1.0,5.0,1.0,4.0,1.0,28.0,100000.0,3.0,2.0,2.0,2.0,2.0,2.0,50000.0,1.0,4.0,6.0,2.0,1000000.0,400000.0,1.0,200000.0,100000.0,1.0,26083.8,119219.0,740.0
2,2.0,1.0,3.0,2.0,4.0,2.0,28.0,70000.0,4.0,2.0,2.0,2.0,2.0,2.0,40000.0,1.0,4.0,3.0,2.0,600000.0,300000.0,1.0,120000.0,88100.0,3.0,38258.5,49821.0,752.0
2,1.0,1.0,3.0,2.0,4.0,2.0,28.0,60000.0,4.0,2.0,2.0,2.0,2.0,2.0,50000.0,1.0,4.0,3.0,2.0,500000.0,300000.0,1.0,150000.0,59700.0,2.0,40462.5,64056.0,751.0
2,4.0,1.0,3.0,1.0,4.0,1.0,28.0,100000.0,3.0,2.0,2.0,2.0,2.0,2.0,100000.0,1.0,4.0,6.0,2.0,1800000.0,600000.0,1.0,250000.0,180000.0,2.0,62443.25,187551.0,743.0
2,2.0,1.0,3.0,2.0,4.0,2.0,28.0,70000.0,4.0,2.0,2.0,2.0,2.0,2.0,30000.0,1.0,4.0,3.0,2.0,500000.0,250000.0,1.0,150000.0,95500.0,3.0,44523.85,35535.0,753.0
2,2.0,1.0,3.0,1.0,4.0,1.0,28.0,160000.0,3.0,2.0,2.0,1.0,2.0,2.0,0.0,2.0,4.0,2.0,2.0,300000.0,170000.0,1.0,100000.0,104000.0,3.0,74147.5,146434.0,746.0
2,1.0,1.0,4.0,2.0,2.0,2.0,28.0,66000.0,4.0,3.0,2.0,1.0,1.0,2.0,221400.0,1.0,4.0,2.0,2.0,300000.0,200000.0,1.0,100000.0,108000.0,2.0,32845.6,189853.0,340756.0
2,5.0,1.0,4.0,1.0,4.0,1.0,28.0,152000.0,3.0,3.0,2.0,2.0,2.0,2.0,306000.0,1.0,4.0,3.0,2.0,1500.0,1000.0,1.0,250000.0,100000.0,1.0,55584.045,1279689.0,747.0
2,2.0,1.0,4.0,2.0,4.0,2.0,28.0,88000.0,4.0,3.0,2.0,1.0,2.0,2.0,0.0,2.0,4.0,3.0,2.0,1200000.0,370000.0,1.0,50000.0,38600.0,1.0,42255.7,55914.0,755.0
2,6.0,1.0,4.0,2.0,4.0,2.0,28.0,172000.0,3.0,2.0,2.0,1.0,2.0,2.0,0.0,2.0,4.0,2.0,2.0,400000.0,300000.0,1.0,150000.0,220000.0,2.0,71515.25,143573.0,751.0
2,3.0,3.0,3.0,1.0,4.0,2.0,28.0,144000.0,4.0,3.0,2.0,2.0,1.0,2.0,51100.0,1.0,4.0,6.0,2.0,1300000.0,870000.0,1.0,120000.0,50000.0,1.0,55599.55,83123.0,755.0
2,6.0,1.0,3.0,1.0,4.0,1.0,28.0,200000.0,3.0,3.0,2.0,2.0,1.0,2.0,2258000.0,1.0,4.0,5.0,2.0,5000.0,2700.0,3.0,478390.0,98000.0,2.0,65843.0,128626.0,2060756.0
2,2.0,1.0,6.0,2.0,4.0,2.0,28.0,7.0,3.0,2.0,2.0,2.0,2.0,2.0,0.0,2.0,4.0,3.0,2.0,1000.0,300000.0,1.0,200000.0,50800.0,2.0,44410.2,90204.0,751.0
2,7.0,1.0,3.0,2.0,4.0,2.0,28.0,220000.0,5.0,3.0,2.0,2.0,2.0,2.0,218000.0,1.0,1.0,3.0,2.0,1000.0,250000.0,1.0,150000.0,82000.0,3.0,67133.4,106782.0,1080754.0
2,1.0,1.0,2.0,2.0,4.0,2.0,28.0,120000.0,4.0,3.0,2.0,2.0,1.0,2.0,0.0,2.0,1.0,6.0,2.0,400000.0,300000.0,1.0,50000.0,59000.0,2.0,78058.3,130720.0,752.0
2,1.0,1.0,2.0,2.0,4.0,2.0,28.0,100000.0,4.0,3.0,2.0,2.0,1.0,2.0,0.0,2.0,4.0,6.0,2.0,1200000.0,350000.0,1.0,50000.0,38000.0,2.0,83331.8,102502.0,753.0
2,9.0,1.0,4.0,1.0,4.0,1.0,28.0,180000.0,3.0,2.0,2.0,2.0,2.0,2.0,0.0,2.0,4.0,6.0,2.0,2000000.0,1000000.0,1.0,250000.0,428000.0,7.0,186502.53,334692.0,740.0
2,4.0,3.0,2.0,2.0,4.0,2.0,28.0,100000.0,5.0,3.0,2.0,2.0,1.0,2.0,0.0,2.0,4.0,6.0,2.0,1300000.0,800000.0,1.0,100000.0,120000.0,2.0,148764.3,203869.0,754.0
2,6.0,1.0,4.0,2.0,4.0,2.0,28.0,130000.0,3.0,2.0,2.0,2.0,2.0,2.0,0.0,2.0,1.0,2.0,2.0,1000000.0,800000.0,1.0,100000.0,182000.0,2.0,129652.59,271457.0,747.0
2,3.0,3.0,2.0,2.0,4.0,2.0,28.0,100000.0,5.0,3.0,2.0,2.0,1.0,2.0,50000.0,1.0,1.0,1.0,1.0,700000.0,250000.0,1.0,33000.0,72000.0,2.0,61696.67,133834.0,754.0
2,7.0,1.0,4.0,1.0,4.0,1.0,28.0,200000.0,3.0,2.0,2.0,2.0,1.0,2.0,0.0,2.0,4.0,6.0,2.0,1000000.0,500000.0,1.0,150000.0,275000.0,4.0,165873.72,415567.0,742.0
2,7.0,1.0,3.0,1.0,4.0,2.0,28.0,100000.0,4.0,3.0,2.0,2.0,2.0,2.0,0.0,2.0,4.0,6.0,2.0,1500000.0,1000000.0,1.0,301111.1111111111,145000.0,2.0,145112.3,96806.0,753.0
2,2.0,1.0,3.0,2.0,4.0,2.0,28.0,100000.0,4.0,3.0,2.0,2.0,1.0,2.0,0.0,2.0,4.0,6.0,2.0,800000.0,300000.0,1.0,80000.0,73000.0,3.0,96314.3,136190.0,753.0
2,4.0,1.0,5.0,1.0,4.0,1.0,28.0,120000.0,3.0,2.0,2.0,2.0,2.0,2.0,0.0,2.0,4.0,5.0,2.0,0.0,3000000.0,1.0,290000.0,290000.0,2.0,144915.64,679753.0,739.0
2,4.0,1.0,4.0,1.0,2.0,2.0,28.0,45000.0,4.0,3.0,2.0,2.0,2.0,2.0,50000.0,1.0,4.0,6.0,2.0,0.0,5000.0,1.0,100000.0,105000.0,2.0,117329.03,54630.0,745.0
2,1.0,1.0,7.0,1.0,4.0,2.0,28.0,180000.0,2.0,2.0,2.0,2.0,1.0,2.0,0.0,2.0,4.0,6.0,2.0,0.0,0.0,1.0,80000.0,250000.0,2.0,87088.68,551063.0,739.0
2,3.0,1.0,5.0,1.0,2.0,2.0,28.0,140000.0,2.0,2.0,2.0,2.0,2.0,2.0,0.0,2.0,4.0,6.0,2.0,0.0,5000000.0,1.0,140000.0,140000.0,3.0,80974.15,286364.0,140745.0
2,2.0,1.0,6.0,2.0,4.0,2.0,28.0,140000.0,3.0,2.0,2.0,2.0,1.0,2.0,0.0,2.0,4.0,4.0,2.0,0.0,0.0,1.0,100000.0,87000.0,3.0,118210.17,155010.0,746.0
2,5.0,1.0,5.0,1.0,4.0,1.0,28.0,160000.0,3.0,2.0,2.0,2.0,1.0,2.0,0.0,2.0,4.0,6.0,2.0,0.0,0.0,1.0,338888.8888888889,155000.0,4.0,130373.86,284724.0,743.0
2,2.0,1.0,3.0,2.0,4.0,2.0,28.0,60000.0,3.0,2.0,2.0,2.0,1.0,2.0,20000.0,1.0,4.0,5.0,2.0,0.0,2000.0,1.0,70000.0,73000.0,3.0,90923.55,496160.0,748.0
2,4.0,1.0,7.0,1.0,4.0,1.0,28.0,200000.0,2.0,2.0,2.0,2.0,2.0,2.0,120000.0,1.0,4.0,6.0,2.0,0.0,3000000.0,1.0,159000.0,159000.0,2.0,133912.98,200618.0,1320740.0
2,3.0,1.0,4.0,1.0,4.0,2.0,28.0,80000.0,3.0,2.0,2.0,2.0,2.0,2.0,270000.0,1.0,4.0,5.0,2.0,0.0,0.0,1.0,180000.0,180000.0,2.0,84772.03,163445.0,746.0
2,5.0,1.0,2.0,2.0,4.0,2.0,28.0,145000.0,3.0,2.0,2.0,1.0,2.0,2.0,150000.0,1.0,4.0,6.0,2.0,0.0,0.0,1.0,200000.0,186000.0,3.0,153088.6,170441.0,748.0
2,6.0,1.0,3.0,2.0,4.0,2.0,28.0,60000.0,3.0,2.0,2.0,2.0,1.0,2.0,0.0,2.0,4.0,6.0,2.0,0.0,0.0,1.0,100000.0,101400.0,2.0,111414.4,154281.0,748.0
2,2.0,1.0,1.0,1.0,4.0,2.0,28.0,80000.0,3.0,2.0,2.0,2.0,1.0,2.0,0.0,2.0,4.0,6.0,2.0,0.0,0.0,1.0,150000.0,95000.0,2.0,260021.18,232903.0,741.0
2,4.0,1.0,1.0,1.0,4.0,2.0,28.0,120000.0,3.0,2.0,2.0,2.0,2.0,2.0,50000.0,1.0,4.0,6.0,2.0,0.0,0.0,1.0,200000.0,200000.0,1.0,208205.7,280731.0,1000745.0
2,3.0,1.0,2.0,2.0,4.0,2.0,28.0,150000.0,3.0,2.0,2.0,2.0,2.0,2.0,750000.0,1.0,4.0,6.0,2.0,0.0,0.0,1.0,150000.0,203700.0,4.0,132897.95,335035.0,744.0
2,3.0,1.0,4.0,1.0,4.0,2.0,28.0,200000.0,2.0,2.0,2.0,2.0,2.0,2.0,0.0,2.0,4.0,6.0,2.0,0.0,400000.0,1.0,200000.0,200000.0,1.0,294017.24,562944.0,743.0
2,3.0,1.0,2.0,1.0,4.0,2.0,28.0,180000.0,3.0,2.0,2.0,2.0,2.0,2.0,500000.0,1.0,4.0,6.0,2.0,0.0,0.0,1.0,200000.0,150400.0,3.0,145455.0,126075.0,743.0
2,1.0,1.0,1.0,1.0,4.0,2.0,28.0,60000.0,3.0,2.0,2.0,2.0,2.0,2.0,0.0,2.0,4.0,6.0,2.0,0.0,0.0,1.0,100000.0,92000.0,1.0,121072.7,171523.0,744.0
2,2.0,1.0,4.0,1.0,4.0,2.0,28.0,100000.0,3.0,2.0,2.0,2.0,1.0,2.0,0.0,2.0,1.0,6.0,2.0,0.0,0.0,1.0,100000.0,72000.0,3.0,164158.301,219141.0,750.0
2,7.0,1.0,4.0,1.0,4.0,2.0,28.0,7.0,3.0,3.0,2.0,2.0,2.0,2.0,200000.0,1.0,4.0,2.0,2.0,7000.0,6000.0,3.0,2391950.0,253000.0,4.0,176461.6,123138.0,745.0
2,2.0,1.0,4.0,2.0,4.0,2.0,28.0,7.0,3.0,3.0,2.0,2.0,1.0,2.0,0.0,2.0,4.0,6.0,2.0,400000.0,350000.0,1.0,300000.0,87000.0,3.0,108378.69,100024.0,748.0
2,5.0,1.0,4.0,1.0,4.0,1.0,28.0,300000.0,2.0,2.0,2.0,2.0,2.0,2.0,0.0,2.0,4.0,2.0,2.0,3000000.0,2500000.0,1.0,2000000.0,100000.0,1.0,150517.65,200131.0,743.0
2,6.0,1.0,3.0,2.0,4.0,2.0,28.0,7.0,3.0,3.0,2.0,2.0,2.0,2.0,500000.0,1.0,4.0,2.0,2.0,0.0,0.0,1.0,233333.33333333337,200000.0,2.0,109973.92,165836.0,750.0
2,4.0,1.0,4.0,1.0,4.0,1.0,28.0,150000.0,2.0,3.0,2.0,2.0,1.0,2.0,271000.0,1.0,4.0,2.0,2.0,4000.0,3000.0,3.0,1195975.0,200000.0,2.0,136377.59,249262.0,745.0
2,8.0,1.0,4.0,1.0,4.0,2.0,28.0,180000.0,3.0,3.0,2.0,2.0,2.0,2.0,0.0,2.0,4.0,3.0,2.0,5000.0,4000.0,3.0,1435170.0,220000.0,2.0,125097.35,200033.0,745.0
2,1.0,1.0,1.0,1.0,4.0,2.0,28.0,50000.0,3.0,3.0,2.0,2.0,1.0,2.0,0.0,2.0,4.0,6.0,2.0,500.0,400.0,3.0,143517.0,19100.0,2.0,53122.0,73609.0,750.0
2,3.0,1.0,2.0,1.0,4.0,2.0,28.0,140000.0,3.0,3.0,2.0,2.0,2.0,2.0,0.0,2.0,4.0,3.0,2.0,0.0,0.0,1.2222222222222223,178382.0,114000.0,2.0,110529.1,145823.0,746.0
2,2.0,1.0,1.0,1.0,4.0,2.0,28.0,100000.0,3.0,3.0,2.0,2.0,1.0,2.0,0.0,2.0,4.0,2.0,2.0,0.0,0.0,1.6666666666666667,280730.0,80000.0,2.0,137788.85,120927.0,745.0
2,9.0,1.0,5.0,1.0,4.0,1.0,28.0,135000.0,3.0,2.0,2.0,2.0,2.0,2.0,280000.0,1.0,4.0,6.0,2.0,6000000.0,4000000.0,1.0,2000000.0,449600.0,4.0,118640.35,525786.0,746.0
2,1.0,1.0,4.0,2.0,4.0,2.0,28.0,80000.0,3.0,2.0,2.0,2.0,1.0,2.0,0.0,2.0,4.0,6.0,2.0,1000000.0,800000.0,1.0,400000.0,52000.0,1.0,58921.5,191317.0,749.0
2,4.0,1.0,4.0,1.0,4.0,1.0,28.0,100000.0,3.0,3.0,2.0,2.0,2.0,2.0,250000.0,1.0,4.0,4.0,2.0,3600000.0,2000000.0,1.0,1000000.0,286000.0,2.0,65133.3,343127.0,745.0
2,6.0,1.0,4.0,2.0,4.0,2.0,28.0,98000.0,3.0,3.0,2.0,2.0,2.0,2.0,300000.0,1.0,4.0,5.0,2.0,5000000.0,4000000.0,1.0,2000000.0,280000.0,2.0,68497.05,405252.0,14750.0
2,3.0,1.0,4.0,1.0,4.0,2.0,28.0,100000.0,2.0,2.0,2.0,2.0,2.0,2.0,70000.0,1.0,4.0,6.0,2.0,3500000.0,2800000.0,1.0,2000000.0,200000.0,3.0,64664.75,339434.0,7748.0
2,5.0,1.0,4.0,1.0,4.0,1.0,28.0,110000.0,3.0,3.0,2.0,2.0,2.0,2.0,250000.0,1.0,1.0,5.0,2.0,6000000.0,5000000.0,1.0,4000000.0,239000.0,3.0,47668.85,422844.0,745.0
2,3.0,1.0,4.0,1.0,4.0,1.0,28.0,97000.0,3.0,3.0,2.0,2.0,2.0,2.0,300000.0,1.0,4.0,6.0,2.0,3500000.0,2800000.0,1.0,2400000.0,240000.0,2.0,62897.75,355642.0,746.0
2,2.0,1.0,5.0,2.0,4.0,1.0,28.0,76000.0,3.0,3.0,2.0,2.0,1.0,2.0,60000.0,1.0,1.0,6.0,2.0,3600000.0,3000000.0,1.0,2600000.0,367150.0,4.0,57599.5,241916.0,750.0
2,6.0,1.0,5.0,2.0,4.0,1.0,28.0,120000.0,3.0,3.0,2.0,2.0,2.0,2.0,120000.0,1.0,4.0,5.0,2.0,7000000.0,6000000.0,1.0,4000000.0,370000.0,2.0,72213.15,416041.0,746.0
2,7.0,1.0,5.0,1.0,4.0,1.0,28.0,250000.0,3.0,3.0,2.0,2.0,2.0,2.0,0.0,2.0,4.0,6.0,2.0,0.0,0.0,1.4444444444444444,238391.22222222225,120000.0,1.0,55330.8,201768.0,748.0
2,3.0,1.0,4.0,1.0,4.0,1.0,28.0,136000.0,3.0,2.0,2.0,2.0,2.0,2.0,0.0,2.0,4.0,6.0,2.0,0.0,0.0,1.4444444444444444,225383.22222222225,111000.0,3.0,77264.7,207556.0,745.0
2,8.0,1.0,3.0,2.0,4.0,2.0,28.0,100000.0,4.0,3.0,2.0,2.0,2.0,2.0,360000.0,1.0,1.0,2.0,2.0,0.0,0.0,1.2222222222222223,214938.0,89000.0,2.0,34236.7,119203.0,756.0
2,5.0,1.0,5.0,1.0,4.0,2.0,28.0,80000.0,3.0,2.0,2.0,2.0,2.0,2.0,0.0,2.0,4.0,6.0,2.0,0.0,0.0,1.0,202222.22222222225,29000.0,1.0,51836.0,203154.0,749.0
2,4.0,5.0,5.0,2.0,4.0,2.0,28.0,60000.0,3.0,3.0,2.0,2.0,1.0,2.0,500000.0,1.0,4.0,6.0,2.0,0.0,500000.0,1.0,150000.0,80000.0,1.0,42053.8,129500.0,753.0
2,6.0,1.0,3.0,1.0,4.0,2.0,28.0,250000.0,3.0,3.0,2.0,2.0,2.0,2.0,140000.0,1.0,4.0,4.0,2.0,0.0,0.0,1.0,200000.0,86000.0,2.0,51761.9,200568.0,748.0
2,5.0,1.0,3.0,2.0,4.0,2.0,28.0,100000.0,3.0,3.0,2.0,2.0,1.0,2.0,300000.0,2.0,4.0,6.0,2.0,0.0,0.0,1.2222222222222223,196604.66666666663,100000.0,1.0,60332.6,142342.0,750.0
2,9.0,1.0,4.0,1.0,4.0,2.0,28.0,240000.0,3.0,3.0,2.0,2.0,2.0,2.0,0.0,2.0,4.0,3.0,2.0,0.0,0.0,1.4444444444444444,243946.77777777775,62000.0,2.0,39518.05,253375.0,748.0
2,4.0,1.0,3.0,2.0,4.0,2.0,28.0,130000.0,3.0,2.0,2.0,2.0,1.0,2.0,0.0,2.0,4.0,6.0,2.0,0.0,1000000.0,1.0,250000.0,145000.0,2.0,86658.25,137317.0,750.0
2,3.0,1.0,4.0,1.0,4.0,2.0,28.0,70000.0,2.0,2.0,2.0,2.0,2.0,2.0,500000.0,1.0,4.0,6.0,2.0,0.0,0.0,1.0,247777.77777777775,125000.0,2.0,151456.5,107827.0,749.0
2,3.0,1.0,2.0,1.0,4.0,1.0,28.0,160000.0,2.0,2.0,2.0,2.0,2.0,2.0,0.0,2.0,4.0,6.0,2.0,0.0,0.0,1.0,344444.44444444444,320000.0,2.0,174625.6,268413.0,740.0
2,3.0,3.0,2.0,1.0,4.0,2.0,28.0,100000.0,2.0,2.0,2.0,2.0,2.0,2.0,0.0,2.0,4.0,6.0,2.0,0.0,0.0,1.4444444444444444,355260.1111111111,170000.0,1.0,195795.5,90551.0,746.0
2,1.0,1.0,2.0,1.0,4.0,2.0,28.0,30000.0,2.0,2.0,2.0,2.0,2.0,2.0,0.0,2.0,4.0,5.0,2.0,0.0,0.0,1.3333333333333333,222474.44444444444,124000.0,2.0,133953.61,268333.0,406751.0
2,3.0,1.0,2.0,1.0,4.0,2.0,28.0,40000.0,3.0,3.0,2.0,2.0,1.0,2.0,0.0,2.0,4.0,6.0,2.0,0.0,0.0,1.4444444444444444,219627.77777777775,81000.0,3.0,91109.5,255193.0,748.0
2,4.0,3.0,3.0,2.0,4.0,2.0,28.0,60000.0,3.0,3.0,2.0,2.0,2.0,2.0,0.0,2.0,4.0,5.0,2.0,0.0,0.0,1.0,264444.44444444444,150000.0,2.0,147678.8,328260.0,749.0
2,5.0,1.0,4.0,1.0,4.0,2.0,28.0,80000.0,3.0,2.0,2.0,2.0,2.0,2.0,600000.0,1.0,4.0,4.0,2.0,0.0,0.0,1.2222222222222223,375531.1111111111,284000.0,2.0,168559.6,346494.0,749.0
2,4.0,3.0,3.0,1.0,4.0,2.0,28.0,80000.0,3.0,3.0,2.0,2.0,2.0,2.0,500000.0,1.0,4.0,5.0,2.0,0.0,0.0,1.2222222222222223,308864.44444444444,90000.0,1.0,130860.6,293865.0,754.0
2,3.0,1.0,2.0,1.0,2.0,2.0,28.0,40000.0,2.0,2.0,2.0,2.0,2.0,2.0,0.0,2.0,4.0,6.0,2.0,0.0,0.0,1.0,173333.33333333334,80000.0,1.0,111318.5,90388.0,748.0
2,3.0,1.0,4.0,2.0,4.0,2.0,15.0,200000.0,4.0,3.0,2.0,2.0,2.0,2.0,0.0,2.0,4.0,1.0,2.0,6000000.0,1000000.0,1.0,200000.0,50000.0,1.0,43467.2,42287.0,755.0
2,3.0,1.0,3.0,2.0,4.0,2.0,15.0,200000.0,4.0,3.0,2.0,2.0,2.0,2.0,200000.0,1.0,1.0,1.0,2.0,8000000.0,6000000.0,1.0,400000.0,113500.0,3.0,23489.5,167433.0,752.0
2,2.0,1.0,6.0,2.0,4.0,1.0,15.0,150000.0,2.0,3.0,2.0,2.0,2.0,2.0,0.0,2.0,4.0,1.0,2.0,10000000.0,1000000.0,1.0,400000.0,70000.0,1.0,32029.1,61776.0,753.0
2,3.0,1.0,4.0,2.0,4.0,1.0,15.0,150000.0,3.0,3.0,2.0,2.0,2.0,2.0,0.0,2.0,4.0,1.0,2.0,1000000.0,800000.0,1.0,600000.0,178000.0,2.0,63964.45,170562.5,746.0
2,2.0,1.0,3.0,2.0,4.0,2.0,15.0,150000.0,3.0,3.0,2.0,2.0,2.0,2.0,0.0,2.0,4.0,1.0,2.0,500000.0,300000.0,1.0,100000.0,70000.0,2.0,80871.25,28201.0,756.0
2,2.0,1.0,4.0,2.0,4.0,1.0,15.0,7.0,4.0,3.0,2.0,2.0,2.0,2.0,1200000.0,1.0,4.0,3.0,2.0,3000.0,1000.0,1.0,150000.0,160000.0,2.0,48310.6,91695.0,751.0
2,7.0,1.0,4.0,1.0,4.0,2.0,15.0,200000.0,3.0,3.0,2.0,2.0,2.0,2.0,0.0,2.0,4.0,3.0,2.0,3000000.0,1000000.0,1.0,200000.0,120000.0,2.0,65103.5,100450.0,747.0
2,5.0,1.0,5.0,2.0,4.0,2.0,15.0,150000.0,3.0,3.0,2.0,2.0,2.0,2.0,0.0,2.0,1.0,1.0,2.0,8000000.0,1500000.0,1.0,200000.0,95000.0,2.0,59206.75,100476.0,750.0
2,3.0,1.0,4.0,2.0,4.0,2.0,15.0,100000.0,4.0,3.0,2.0,2.0,2.0,2.0,0.0,2.0,1.0,1.0,2.0,3000000.0,1000000.0,1.0,200000.0,78000.0,2.0,39466.5,115467.0,754.0
2,2.0,1.0,3.0,2.0,4.0,2.0,28.0,100000.0,2.0,2.0,2.0,2.0,1.0,2.0,0.0,2.0,4.0,6.0,2.0,1500000.0,1000000.0,1.0,160000.0,88000.0,2.0,67266.8,158209.0,749.0
2,3.0,1.0,3.0,1.0,4.0,1.0,28.0,140000.0,2.0,2.0,2.0,2.0,2.0,1.0,0.0,2.0,4.0,4.0,2.0,4500000.0,2500000.0,1.0,300000.0,230000.0,2.0,72190.9,148830.0,739.0
2,5.0,1.0,6.0,1.0,4.0,2.0,28.0,140000.0,2.0,2.0,2.0,2.0,2.0,2.0,0.0,2.0,4.0,4.0,2.0,4500000.0,3000000.0,1.0,250000.0,240000.0,2.0,58346.9,220066.0,742.0
2,2.0,1.0,4.0,2.0,4.0,2.0,28.0,120000.0,3.0,2.0,2.0,2.0,1.0,1.0,0.0,2.0,4.0,4.0,2.0,1500000.0,1000000.0,1.0,160000.0,82500.0,2.0,50521.4,99482.0,750.0
2,5.0,1.0,6.0,1.0,4.0,2.0,28.0,140000.0,2.0,2.0,2.0,2.0,1.0,2.0,0.0,2.0,4.0,4.0,2.0,4000000.0,2500000.0,1.0,200000.0,120200.0,2.0,84857.1,154983.0,744.0
2,3.0,1.0,6.0,1.0,4.0,1.0,28.0,160000.0,2.0,2.0,2.0,2.0,2.0,2.0,0.0,2.0,4.0,6.0,2.0,4000000.0,2500000.0,1.0,250000.0,203500.0,2.0,72799.0,162897.0,740.0
2,4.0,1.0,4.0,1.0,4.0,2.0,28.0,140000.0,3.0,2.0,2.0,2.0,2.0,2.0,200000.0,1.0,1.0,4.0,2.0,4000000.0,3000000.0,1.0,300000.0,163000.0,3.0,34221.6,159262.0,741.0
2,3.0,1.0,4.0,1.0,4.0,2.0,28.0,60000.0,2.0,2.0,2.0,2.0,2.0,2.0,150000.0,1.0,4.0,4.0,2.0,3000000.0,2000000.0,1.0,300000.0,105000.0,2.0,59223.15,161069.0,744.0
2,7.0,1.0,6.0,1.0,4.0,2.0,28.0,140000.0,2.0,2.0,2.0,2.0,1.0,1.0,0.0,2.0,4.0,4.0,2.0,6000000.0,4000000.0,1.0,350000.0,46600.0,2.0,55388.0,178387.0,745.0
2,6.0,1.0,2.0,1.0,4.0,2.0,28.0,100000.0,3.0,3.0,2.0,2.0,1.0,2.0,0.0,2.0,4.0,5.0,2.0,1000000.0,600000.0,1.0,150000.0,145000.0,4.0,91319.95,153287.0,11747.0
2,1.0,1.0,1.0,2.0,4.0,2.0,28.0,60000.0,3.0,3.0,2.0,2.0,1.0,2.0,90000.0,1.0,4.0,5.0,2.0,300000.0,0.0,1.0,60000.0,65000.0,2.0,93157.0,65933.0,756.0
2,3.0,1.0,3.0,1.0,4.0,2.0,28.0,168000.0,1.0,2.0,2.0,2.0,1.0,2.0,0.0,2.0,4.0,6.0,2.0,3000000.0,2000000.0,1.0,150000.0,100600.0,2.0,100586.5,213789.0,745.0
2,4.0,1.0,1.0,1.0,4.0,2.0,28.0,180000.0,4.0,3.0,2.0,2.0,1.0,2.0,180000.0,1.0,4.0,3.0,2.0,6000000.0,1000000.0,1.0,200000.0,40000.0,1.0,155311.55,123659.0,747.0
2,4.0,1.0,1.0,1.0,2.0,2.0,28.0,100000.0,2.0,3.0,2.0,2.0,2.0,2.0,0.0,2.0,4.0,4.0,2.0,600000.0,300000.0,1.0,180000.0,120000.0,2.0,109766.65,129235.0,746.0
2,2.0,1.0,2.0,1.0,4.0,2.0,28.0,80000.0,3.0,3.0,2.0,2.0,2.0,2.0,58000.0,1.0,4.0,4.0,2.0,2000000.0,360000.0,1.0,80000.0,82000.0,3.0,64204.2,51011.0,746.0
2,3.0,1.0,1.0,2.0,4.0,2.0,28.0,87000.0,4.0,3.0,2.0,2.0,1.0,2.0,200000.0,1.0,1.0,5.0,2.0,1600000.0,250000.0,1.0,100000.0,68000.0,3.0,73844.7,132121.0,752.0
2,1.0,1.0,1.0,1.0,4.0,2.0,28.0,108000.0,1.0,2.0,2.0,2.0,2.0,2.0,0.0,2.0,4.0,6.0,2.0,2500000.0,0.0,1.0,160000.0,300000.0,1.0,118323.95,201487.0,741.0
2,4.0,1.0,2.0,1.0,4.0,2.0,28.0,160000.0,3.0,3.0,2.0,2.0,1.0,2.0,160000.0,1.0,1.0,1.0,2.0,6000000.0,900000.0,1.0,180000.0,69000.0,2.0,100242.9,182680.0,748.0
2,4.0,1.0,3.0,1.0,4.0,2.0,30.0,60000.0,4.0,2.0,2.0,1.0,1.0,2.0,100000.0,1.0,1.0,4.0,2.0,1000000.0,500000.0,1.0,250000.0,64000.0,3.0,62454.62,241868.0,749.0
2,4.0,1.0,2.0,1.0,4.0,2.0,30.0,48000.0,4.0,2.0,2.0,2.0,1.0,2.0,400000.0,1.0,4.0,4.0,2.0,1500000.0,1000000.0,1.0,400000.0,20000.0,1.0,53506.2,174761.0,748.0
2,4.0,1.0,2.0,2.0,4.0,2.0,30.0,37000.0,4.0,2.0,2.0,2.0,2.0,2.0,240000.0,1.0,1.0,3.0,2.0,1000000.0,600000.0,1.0,300000.0,113800.0,3.0,69932.2,172310.0,749.0
2,1.0,1.0,2.0,2.0,4.0,2.0,30.0,30000.0,4.0,3.0,2.0,2.0,2.0,2.0,200000.0,1.0,4.0,5.0,2.0,400000.0,200000.0,1.0,80000.0,80000.0,1.0,69779.71,102023.0,750.0
2,7.0,1.0,4.0,2.0,4.0,2.0,30.0,120000.0,5.0,2.0,2.0,2.0,1.0,2.0,450000.0,1.0,1.0,5.0,2.0,2000000.0,1000000.0,1.0,500000.0,70000.0,2.0,54160.16,92718.0,752.0
2,1.0,1.0,3.0,2.0,4.0,2.0,30.0,24000.0,5.0,3.0,2.0,2.0,2.0,2.0,15000.0,1.0,1.0,4.0,2.0,200000.0,150000.0,1.0,60000.0,55000.0,2.0,62581.35,74405.0,754.0
2,2.0,1.0,3.0,1.0,4.0,1.0,30.0,40000.0,3.0,2.0,2.0,2.0,1.0,2.0,0.0,2.0,4.0,3.0,2.0,1000000.0,500000.0,1.0,200000.0,500.0,1.0,96306.66,293274.0,743.0
2,3.0,1.0,2.0,1.0,4.0,2.0,30.0,45000.0,3.0,2.0,2.0,2.0,2.0,2.0,400000.0,1.0,4.0,5.0,2.0,800000.0,500000.0,1.0,250000.0,182000.0,2.0,67059.84,222226.0,747.0
2,5.0,1.0,3.0,1.0,4.0,1.0,30.0,74000.0,4.0,2.0,2.0,2.0,1.0,2.0,1650000.0,1.0,4.0,4.0,2.0,2000000.0,1000000.0,1.0,400000.0,163000.0,3.0,83040.8,407291.0,744.0
2,5.0,5.0,6.0,2.0,2.0,1.0,14.0,150000.0,3.0,3.0,2.0,1.0,1.0,1.0,0.0,2.0,4.0,6.0,2.0,0.0,600000.0,1.0,150000.0,200000.0,1.0,113437.3,213413.0,748.0
2,1.0,1.0,2.0,2.0,4.0,2.0,14.0,50000.0,3.0,1.0,2.0,1.0,1.0,2.0,30000.0,1.0,4.0,2.0,2.0,0.0,0.0,1.0,80000.0,60000.0,2.0,80895.5,189910.0,350754.0
2,1.0,1.0,5.0,2.0,4.0,2.0,14.0,15000.0,4.0,3.0,2.0,1.0,1.0,2.0,290000.0,1.0,4.0,6.0,2.0,0.0,0.0,1.0,80000.0,25000.0,1.0,68740.7,56993.0,1800756.0
2,4.0,1.0,4.0,1.0,4.0,2.0,14.0,180000.0,2.0,3.0,2.0,1.0,1.0,1.0,100000.0,1.0,1.0,6.0,2.0,0.0,1000000.0,1.0,200000.0,208000.0,3.0,255438.95,404106.0,700748.0
2,3.0,5.0,2.0,1.0,4.0,2.0,14.0,30000.0,3.0,3.0,2.0,2.0,1.0,2.0,30000.0,1.0,1.0,6.0,2.0,0.0,0.0,1.0,100000.0,60000.0,2.0,109103.8,62431.0,754.0
2,4.0,1.0,4.0,1.0,4.0,1.0,14.0,120000.0,4.0,2.0,2.0,1.0,1.0,2.0,120000.0,1.0,4.0,6.0,2.0,0.0,900000.0,1.0,300000.0,62000.0,2.0,54919.0,196623.0,64745.0
2,2.0,1.0,3.0,2.0,4.0,2.0,14.0,45000.0,3.0,2.0,2.0,1.0,1.0,2.0,30000.0,1.0,4.0,6.0,2.0,0.0,200000.0,1.0,120000.0,83000.0,2.0,76559.6,89375.0,751.0
2,2.0,1.0,5.0,1.0,4.0,2.0,14.0,120000.0,3.0,2.0,2.0,1.0,1.0,2.0,0.0,2.0,4.0,6.0,2.0,0.0,400000.0,1.0,120000.0,112000.0,2.0,173346.45,218914.0,742.0
2,5.0,1.0,4.0,1.0,4.0,2.0,14.0,250000.0,2.0,2.0,2.0,1.0,1.0,2.0,0.0,1.0,4.0,4.0,2.0,3000000.0,1000000.0,1.0,200000.0,229000.0,2.0,310580.15,290342.0,742.0
2,4.0,3.0,3.0,2.0,4.0,2.0,28.0,75000.0,3.0,3.0,2.0,2.0,1.0,2.0,22000.0,1.0,1.0,6.0,2.0,300000.0,250000.0,1.0,100000.0,78000.0,3.0,54829.15,82635.0,753.0
2,4.0,1.0,1.0,2.0,4.0,2.0,28.0,130000.0,3.0,3.0,2.0,2.0,1.0,2.0,35000.0,1.0,1.0,6.0,2.0,0.0,300000.0,1.0,200000.0,110000.0,3.0,185400.8,274878.0,749.0
2,5.0,1.0,3.0,1.0,4.0,1.0,28.0,100000.0,2.0,3.0,2.0,1.0,2.0,2.0,0.0,2.0,4.0,2.0,2.0,0.0,400000.0,1.0,250000.0,160000.0,1.0,84630.35,155219.0,743.0
2,4.0,3.0,3.0,1.0,4.0,2.0,28.0,80000.0,2.0,3.0,2.0,2.0,1.0,2.0,20000.0,1.0,4.0,6.0,2.0,0.0,300000.0,1.0,100000.0,80000.0,2.0,74348.8,133250.0,753.0
2,6.0,1.0,4.0,1.0,2.0,1.0,28.0,150000.0,2.0,3.0,2.0,1.0,1.0,2.0,0.0,2.0,4.0,4.0,2.0,0.0,500000.0,1.0,200000.0,134200.0,4.0,244951.46,362356.0,747.0
2,1.0,1.0,1.0,2.0,4.0,2.0,28.0,80000.0,3.0,3.0,2.0,2.0,2.0,1.0,0.0,2.0,4.0,3.0,2.0,300000.0,200000.0,1.0,80000.0,100000.0,1.0,105011.6,113102.0,752.0
2,3.0,1.0,3.0,2.0,4.0,2.0,28.0,100000.0,3.0,2.0,2.0,2.0,2.0,2.0,1800000.0,1.0,4.0,4.0,2.0,0.0,300000.0,1.0,200000.0,152000.0,2.0,123523.2,100843.0,746.0
2,6.0,1.0,4.0,1.0,4.0,1.0,28.0,100000.0,3.0,3.0,2.0,2.0,2.0,2.0,200000.0,1.0,4.0,6.0,2.0,600000.0,400000.0,1.0,200000.0,150000.0,2.0,159836.9,218315.0,719835.0
2,1.0,1.0,1.0,2.0,4.0,2.0,28.0,28000.0,3.0,3.0,2.0,2.0,2.0,2.0,20000.0,1.0,1.0,3.0,2.0,0.0,200000.0,1.0,65000.0,77000.0,3.0,109450.95,84673.0,750.0
2,2.0,2.0,1.0,2.0,4.0,2.0,15.0,60000.0,4.0,3.0,2.0,2.0,2.0,2.0,50000.0,1.0,4.0,2.0,2.0,0.0,500000.0,1.0,200000.0,1000.0,1.0,156481.2,121745.0,753.0
2,5.0,1.0,2.0,1.0,4.0,2.0,15.0,148000.0,3.0,3.0,2.0,2.0,2.0,2.0,200000.0,1.0,1.0,1.0,2.0,0.0,400000.0,1.0,150000.0,53000.0,2.0,129552.25,124732.0,748.0
2,6.0,1.0,2.0,1.0,4.0,2.0,15.0,120000.0,3.0,3.0,2.0,2.0,2.0,2.0,30000.0,1.0,4.0,6.0,2.0,0.0,600000.0,1.0,200000.0,131500.0,4.0,181133.91,474108.0,743.0
2,3.0,1.0,3.0,2.0,4.0,2.0,15.0,150000.0,3.0,2.0,2.0,2.0,2.0,2.0,200000.0,1.0,1.0,2.0,2.0,0.0,300000.0,1.0,120000.0,54500.0,3.0,112777.85,105714.5,600750.0
2,3.0,5.0,3.0,1.0,4.0,2.0,15.0,102000.0,3.0,3.0,2.0,2.0,1.0,2.0,0.0,2.0,1.0,1.0,2.0,0.0,350000.0,1.0,150000.0,24000.0,2.0,128410.86,168514.0,751.0
2,6.0,1.0,2.0,1.0,4.0,1.0,15.0,120000.0,5.0,3.0,2.0,2.0,1.0,2.0,2800000.0,1.0,4.0,6.0,2.0,0.0,2000.0,3.0,478390.0,50000.0,2.0,206191.4,305870.0,744.0
2,1.0,1.0,1.0,2.0,4.0,2.0,15.0,90000.0,3.0,3.0,2.0,2.0,2.0,2.0,0.0,2.0,1.0,6.0,2.0,0.0,200000.0,1.0,100000.0,49000.0,2.0,74138.0,60040.0,752.0
2,4.0,1.0,2.0,2.0,4.0,2.0,15.0,120000.0,4.0,3.0,2.0,2.0,1.0,2.0,600000.0,2.0,1.0,3.0,2.0,1000000.0,500000.0,1.0,200000.0,58000.0,2.0,131680.8,226826.0,751.0
2,5.0,1.0,2.0,2.0,4.0,2.0,15.0,108000.0,5.0,3.0,2.0,2.0,1.0,2.0,180000.0,1.0,1.0,1.0,2.0,1500000.0,500000.0,1.0,200000.0,88500.0,3.0,174747.1,207492.0,748.0
2,1.0,1.0,1.0,2.0,4.0,2.0,29.11111111111111,40000.0,3.0,3.0,2.0,2.0,1.0,2.0,10000.0,1.0,4.0,6.0,2.0,0.0,100000.0,1.0,50000.0,45000.0,1.0,26400.3,32738.0,755.0
2,2.0,1.0,2.0,2.0,4.0,2.0,30.555555555555557,90000.0,3.0,3.0,2.0,2.0,2.0,2.0,25000.0,1.0,4.0,6.0,2.0,2000.0,300000.0,1.0,60000.0,36000.0,1.0,42983.15,46282.0,754.0
2,5.0,1.0,4.0,1.0,4.0,1.0,30.333333333333332,150000.0,2.0,2.0,2.0,2.0,1.0,2.0,0.0,1.0,4.0,6.0,2.0,10000.0,5000.0,3.0,239195.0,300.0,1.0,35787.9,103333.0,741.0
2,4.0,1.0,2.0,1.0,4.0,2.0,30.555555555555557,90000.0,5.0,3.0,2.0,2.0,1.0,2.0,50000.0,1.0,1.0,6.0,2.0,5000.0,2500.0,1.0,50000.0,48000.0,2.0,73650.35,112827.0,746.0
2,5.0,1.0,4.0,1.0,4.0,2.0,30.333333333333332,200000.0,2.0,2.0,2.0,2.0,1.0,2.0,0.0,1.0,4.0,4.0,2.0,10000.0,5000.0,1.0,100000.0,49000.0,2.0,62374.2,264929.0,742.0
2,1.0,1.0,3.0,2.0,4.0,2.0,30.333333333333332,30000.0,4.0,3.0,2.0,2.0,1.0,2.0,10000.0,1.0,4.0,4.0,2.0,0.0,100000.0,1.0,50000.0,20000.0,1.0,28698.199999999997,28946.0,755.0
2,3.0,1.0,4.0,1.0,4.0,1.0,30.333333333333332,120000.0,2.0,2.0,2.0,2.0,1.0,2.0,0.0,2.0,4.0,6.0,2.0,10000.0,5000.0,1.0,100000.0,500.0,1.0,54858.6,128015.0,742.0
2,2.0,1.0,5.0,2.0,4.0,2.0,30.666666666666668,130000.0,2.0,2.0,2.0,2.0,2.0,2.0,30000.0,1.0,4.0,6.0,2.0,3000.0,1500.0,1.0,60000.0,39000.0,1.0,42389.3,45776.0,750.0
2,5.0,1.0,5.0,2.0,4.0,2.0,30.666666666666668,100000.0,3.0,2.0,2.0,2.0,1.0,2.0,20000.0,1.0,4.0,6.0,2.0,5000.0,2500.0,1.0,50000.0,18000.0,2.0,42877.45,85946.0,747.0
2,4.0,1.0,3.0,2.0,4.0,2.0,28.0,55000.0,3.0,3.0,2.0,2.0,2.0,2.0,200000.0,1.0,1.0,6.0,2.0,0.0,300000.0,1.0,168888.88888888888,118000.0,2.0,68657.35,177189.0,750.0
2,2.0,1.0,3.0,2.0,4.0,2.0,28.0,75000.0,3.0,3.0,2.0,2.0,1.0,2.0,0.0,2.0,4.0,6.0,2.0,0.0,250000.0,1.0,100777.77777777778,87000.0,3.0,106229.65,221967.0,746.0
2,3.0,1.0,3.0,1.0,4.0,2.0,28.0,100000.0,3.0,3.0,2.0,2.0,2.0,2.0,500000.0,1.0,4.0,6.0,2.0,0.0,2000.0,1.2222222222222223,336642.22222222225,250000.0,2.0,72984.8,415703.0,741.0
2,8.0,1.0,4.0,1.0,4.0,2.0,28.0,250000.0,3.0,2.0,2.0,2.0,2.0,2.0,500000.0,1.0,4.0,6.0,2.0,0.0,3000.0,1.0,316666.6666666667,300000.0,4.0,115937.0,469676.0,740.0
2,5.0,1.0,3.0,1.0,4.0,1.0,28.0,200000.0,4.0,3.0,2.0,2.0,1.0,2.0,500000.0,1.0,1.0,4.0,2.0,0.0,500000.0,1.0,177777.77777777778,86000.0,3.0,56230.1,282978.0,745.0
2,5.0,1.0,3.0,1.0,4.0,1.0,28.0,150000.0,3.0,2.0,2.0,2.0,2.0,2.0,170000.0,1.0,4.0,3.0,2.0,0.0,400000.0,1.0,126777.77777777778,150000.0,2.0,68234.65,412889.0,742.0
2,4.0,3.0,1.0,2.0,4.0,2.0,28.0,7.0,5.0,3.0,2.0,2.0,2.0,2.0,100000.0,1.0,4.0,5.0,2.0,0.0,300000.0,1.0,105000.0,90000.0,1.0,50210.55,196872.0,751.0
2,6.0,1.0,3.0,2.0,4.0,2.0,28.0,170000.0,3.0,3.0,2.0,2.0,2.0,2.0,200000.0,1.0,1.0,3.0,2.0,2000000.0,2000.0,1.0,206666.66666666663,164000.0,4.0,81440.75,278231.0,746.0
2,3.0,1.0,3.0,1.0,4.0,1.0,28.0,150000.0,3.0,3.0,2.0,2.0,2.0,2.0,0.0,2.0,4.0,6.0,2.0,0.0,3000.0,1.0,283333.3333333333,240000.0,2.0,122049.35,354566.0,741.0
2,2.0,1.0,3.0,2.0,4.0,2.0,28.0,100000.0,3.0,2.0,2.0,2.0,2.0,2.0,0.0,2.0,4.0,6.0,2.0,0.0,0.0,1.0,100000.0,94000.0,2.0,66474.75,206505.5,755.0
2,1.0,1.0,4.0,2.0,4.0,2.0,28.0,7.0,4.0,2.0,2.0,2.0,2.0,2.0,0.0,2.0,4.0,3.0,2.0,0.0,0.0,1.0,60000.0,37000.0,1.0,54111.0,55775.5,755.0
2,4.0,1.0,2.0,2.0,4.0,2.0,28.0,100000.0,2.0,2.0,2.0,2.0,2.0,2.0,696000.0,1.0,4.0,6.0,2.0,0.0,0.0,1.0,250000.0,180000.0,4.0,112960.8,176226.0,752.0
2,5.0,1.0,4.0,1.0,4.0,1.0,28.0,250000.0,2.0,1.0,2.0,2.0,2.0,2.0,378000.0,1.0,4.0,6.0,2.0,0.0,0.0,1.0,250000.0,135000.0,3.0,148026.3,397123.0,745.0
2,7.0,1.0,2.0,1.0,4.0,1.0,28.0,240000.0,3.0,2.0,2.0,2.0,2.0,2.0,540000.0,1.0,4.0,6.0,2.0,0.0,0.0,1.0,350000.0,427000.0,3.0,163562.285,477197.0,747.0
2,5.0,1.0,4.0,2.0,4.0,2.0,28.0,80000.0,2.0,2.0,2.0,2.0,2.0,2.0,175000.0,1.0,4.0,6.0,2.0,0.0,0.0,1.0,300000.0,295000.0,5.0,149184.7,239289.0,830749.0
2,5.0,1.0,3.0,1.0,4.0,1.0,28.0,240000.0,2.0,2.0,2.0,2.0,1.0,2.0,0.0,2.0,4.0,6.0,2.0,0.0,0.0,1.0,300000.0,230000.0,2.0,167219.435,633130.0,745.0
2,6.0,1.0,2.0,1.0,4.0,1.0,28.0,70000.0,4.0,2.0,2.0,2.0,2.0,2.0,200000.0,1.0,4.0,3.0,2.0,0.0,0.0,1.0,250000.0,182000.0,4.0,70425.75,263412.0,746.0
2,3.0,1.0,3.0,1.0,4.0,2.0,28.0,70000.0,3.0,2.0,2.0,2.0,1.0,2.0,200000.0,1.0,1.0,1.0,2.0,0.0,0.0,1.0,150000.0,117000.0,3.0,101810.35,87874.0,749.0
2,3.0,1.0,3.0,2.0,4.0,2.0,28.0,100000.0,4.0,3.0,2.0,2.0,2.0,2.0,250000.0,1.0,1.0,1.0,2.0,0.0,250000.0,1.0,100000.0,127000.0,3.0,171862.0,239147.0,751.0
2,7.0,1.0,2.0,1.0,4.0,2.0,28.0,60000.0,4.0,2.0,2.0,2.0,2.0,2.0,600000.0,1.0,1.0,2.0,2.0,0.0,500000.0,1.0,200000.0,155000.0,4.0,247277.5,307112.0,748.0
2,5.0,1.0,3.0,1.0,4.0,2.0,28.0,40000.0,4.0,3.0,2.0,2.0,2.0,2.0,200000.0,1.0,4.0,1.0,2.0,0.0,350000.0,1.0,130000.0,154000.0,3.0,177061.8,281786.0,748.0
2,1.0,1.0,1.0,2.0,4.0,2.0,28.0,100000.0,3.0,3.0,2.0,2.0,2.0,2.0,0.0,2.0,4.0,4.0,2.0,0.0,250000.0,1.0,140000.0,296000.0,2.0,149464.3,189710.0,749.0
2,2.0,1.0,2.0,2.0,4.0,2.0,28.0,120000.0,2.0,3.0,2.0,2.0,1.0,2.0,0.0,2.0,4.0,6.0,2.0,0.0,200000.0,1.0,70000.0,25200.0,2.0,186647.4,251478.0,750.0
2,5.0,1.0,3.0,1.0,4.0,2.0,28.0,120000.0,3.0,1.0,2.0,2.0,2.0,2.0,0.0,2.0,4.0,1.0,2.0,0.0,300000.0,1.0,150000.0,186500.0,2.0,203497.59,259413.0,750.0
2,3.0,1.0,2.0,1.0,4.0,2.0,28.0,50000.0,3.0,3.0,2.0,2.0,1.0,2.0,0.0,2.0,4.0,6.0,2.0,0.0,300000.0,1.0,100000.0,110000.0,2.0,183413.1,131749.0,745.0
2,3.0,1.0,3.0,1.0,4.0,2.0,28.0,130000.0,3.0,3.0,2.0,2.0,1.0,2.0,0.0,2.0,1.0,6.0,2.0,0.0,0.0,1.0,150000.0,83000.0,3.0,210784.45,315168.0,749.0
2,1.0,1.0,2.0,2.0,4.0,2.0,28.0,70000.0,4.0,3.0,2.0,2.0,2.0,2.0,0.0,2.0,4.0,5.0,2.0,0.0,100000.0,1.0,40000.0,49000.0,1.0,90438.6,59619.0,755.0
2,1.0,1.0,2.0,2.0,4.0,2.0,28.0,65000.0,2.0,3.0,2.0,2.0,2.0,2.0,0.0,2.0,4.0,6.0,2.0,0.0,0.0,1.0,100000.0,44000.0,1.0,119610.85,111760.0,751.0
2,6.0,1.0,3.0,1.0,4.0,2.0,28.0,200000.0,2.0,2.0,2.0,2.0,2.0,2.0,0.0,2.0,4.0,6.0,2.0,0.0,0.0,1.4444444444444444,323613.6666666667,119000.0,3.0,214979.86,225876.0,745.0
2,6.0,1.0,3.0,1.0,4.0,2.0,28.0,180000.0,2.0,2.0,2.0,2.0,2.0,2.0,0.0,2.0,4.0,6.0,2.0,0.0,1000.0,3.0,334873.0,161000.0,3.0,192679.1,249840.0,747.0
2,1.0,1.0,1.0,2.0,4.0,2.0,28.0,60000.0,3.0,3.0,2.0,2.0,2.0,2.0,0.0,2.0,4.0,6.0,2.0,500000.0,400000.0,1.0,200000.0,44000.0,1.0,71317.9,85652.0,750.0
2,4.0,1.0,3.0,1.0,4.0,2.0,28.0,220000.0,2.0,3.0,2.0,2.0,2.0,2.0,0.0,2.0,4.0,6.0,2.0,1500.0,1200.0,3.0,478390.0,120000.0,1.0,185632.38,306524.0,746.0
2,3.0,1.0,2.0,1.0,4.0,2.0,28.0,125000.0,2.0,3.0,2.0,2.0,2.0,2.0,0.0,2.0,4.0,6.0,2.0,0.0,0.0,1.0,225555.55555555556,265000.0,3.0,162669.41,154954.0,746.0
2,6.0,2.0,3.0,1.0,4.0,2.0,28.0,250000.0,2.0,2.0,2.0,2.0,2.0,2.0,0.0,2.0,4.0,6.0,2.0,0.0,450000.0,1.0,400000.0,238000.0,6.0,178948.0,531538.0,746.0
2,4.0,1.0,3.0,1.0,4.0,2.0,28.0,220000.0,2.0,2.0,2.0,2.0,2.0,2.0,0.0,2.0,4.0,6.0,2.0,0.0,400000.0,1.0,300000.0,100000.0,2.0,228031.9,329111.0,746.0
2,2.0,1.0,1.0,2.0,4.0,2.0,28.0,100000.0,3.0,3.0,2.0,2.0,2.0,2.0,0.0,2.0,4.0,6.0,2.0,0.0,0.0,1.0,150000.0,66000.0,2.0,136216.59,96048.0,751.0
2,4.0,1.0,3.0,1.0,4.0,1.0,28.0,230000.0,2.0,2.0,2.0,2.0,1.0,2.0,0.0,2.0,4.0,6.0,2.0,0.0,800000.0,1.0,300000.0,15000.0,1.0,111033.4,176657.0,748.0
2,3.0,1.0,4.0,1.0,4.0,2.0,28.0,180000.0,2.0,2.0,2.0,2.0,1.0,2.0,0.0,2.0,4.0,6.0,2.0,0.0,500000.0,1.0,200000.0,70000.0,2.0,34323.95,88831.0,749.0
2,4.0,1.0,5.0,1.0,4.0,1.0,28.0,200000.0,2.0,2.0,2.0,2.0,1.0,2.0,0.0,2.0,4.0,6.0,2.0,900000.0,600000.0,1.0,200000.0,95000.0,2.0,118471.92,140750.0,747.0
2,4.0,1.0,4.0,1.0,4.0,1.0,28.0,230000.0,2.0,2.0,2.0,2.0,1.0,2.0,0.0,2.0,4.0,6.0,2.0,0.0,500000.0,1.0,250000.0,85000.0,2.0,73044.525,223505.0,746.0
2,6.0,1.0,4.0,1.0,4.0,1.0,28.0,200000.0,2.0,2.0,2.0,2.0,2.0,2.0,1500000.0,1.0,4.0,6.0,2.0,0.0,600000.0,1.0,200000.0,167000.0,4.0,57700.2,273246.0,744.0
2,4.0,1.0,4.0,1.0,4.0,2.0,28.0,160000.0,2.0,2.0,2.0,2.0,1.0,2.0,0.0,2.0,1.0,6.0,2.0,800000.0,400000.0,1.0,250000.0,78000.0,2.0,125785.22,112030.0,748.0
2,6.0,1.0,4.0,1.0,4.0,1.0,28.0,180000.0,2.0,2.0,2.0,2.0,1.0,2.0,0.0,2.0,4.0,6.0,2.0,0.0,800000.0,1.0,300000.0,25000.0,2.0,85732.4,157214.0,746.0
2,3.0,1.0,3.0,1.0,4.0,1.0,28.0,180000.0,2.0,2.0,2.0,2.0,2.0,2.0,0.0,2.0,4.0,6.0,2.0,0.0,600000.0,1.0,200000.0,120000.0,2.0,96026.75,226651.0,748.0
2,3.0,1.0,4.0,1.0,4.0,2.0,28.0,200000.0,3.0,2.0,2.0,2.0,2.0,2.0,0.0,2.0,4.0,6.0,2.0,0.0,500000.0,1.0,200000.0,122000.0,2.0,80699.8,93404.0,749.0
2,4.0,3.0,3.0,1.0,4.0,2.0,25.0,165000.0,3.0,2.0,2.0,2.0,2.0,2.0,120000.0,1.0,4.0,1.0,2.0,1000000.0,400000.0,1.0,120000.0,161000.0,2.0,140998.6,159412.5,520749.0
2,6.0,1.0,3.0,1.0,4.0,2.0,26.0,250000.0,3.0,2.0,2.0,2.0,1.0,2.0,0.0,2.0,4.0,6.0,2.0,1400000.0,600000.0,1.0,120000.0,75300.0,2.0,270251.65,223632.0,742.0
2,5.0,1.0,2.0,1.0,4.0,2.0,26.0,180000.0,3.0,2.0,2.0,2.0,1.0,2.0,0.0,2.0,4.0,2.0,2.0,1500000.0,500000.0,1.0,100000.0,62200.0,2.0,173729.55,148812.5,746.0
2,1.0,1.0,1.0,1.0,4.0,2.0,25.0,95000.0,3.0,2.0,2.0,2.0,2.0,2.0,0.0,2.0,4.0,6.0,2.0,500000.0,200000.0,1.0,50000.0,85000.0,1.0,136697.65,125578.0,749.0
2,3.0,1.0,2.0,2.0,4.0,2.0,25.0,160000.0,3.0,2.0,2.0,2.0,1.0,2.0,0.0,2.0,2.0,2.0,2.0,800000.0,300000.0,1.0,80000.0,118000.0,2.0,139879.6,106517.0,751.0
2,6.0,1.0,4.0,1.0,2.0,1.0,27.0,215000.0,3.0,2.0,2.0,2.0,1.0,2.0,60000.0,1.0,4.0,1.0,2.0,1400000.0,600000.0,1.0,200000.0,190200.0,3.0,141670.5,145458.0,280747.0
2,6.0,1.0,4.0,1.0,1.0,1.0,25.0,190000.0,3.0,2.0,2.0,2.0,1.0,2.0,0.0,2.0,4.0,1.0,2.0,900000.0,500000.0,1.0,200000.0,177000.0,3.0,116553.65,144760.0,740.0
2,1.0,1.0,1.0,1.0,4.0,1.0,26.0,170000.0,2.0,2.0,2.0,2.0,1.0,2.0,500000.0,1.0,4.0,6.0,2.0,0.0,500000.0,1.0,90000.0,79000.0,2.0,119385.7,152858.0,2400750.0
2,5.0,1.0,2.0,1.0,2.0,2.0,25.0,180000.0,3.0,2.0,2.0,2.0,1.0,2.0,0.0,2.0,4.0,2.0,2.0,1000000.0,500000.0,1.0,100000.0,100100.0,3.0,120138.67,163412.0,748.0
2,3.0,1.0,2.0,2.0,4.0,2.0,28.0,50000.0,3.0,3.0,2.0,2.0,2.0,2.0,150000.0,1.0,4.0,6.0,2.0,30000.0,100000.0,1.0,20000.0,70000.0,1.0,36173.7,111634.0,751.0
2,4.0,1.0,3.0,2.0,4.0,2.0,28.0,63000.0,3.0,3.0,2.0,2.0,1.0,2.0,0.0,2.0,1.0,6.0,2.0,400000.0,200000.0,1.0,80000.0,28000.0,1.0,33846.5,100029.0,752.0
2,5.0,1.0,3.0,2.0,4.0,2.0,28.0,65000.0,3.0,3.0,2.0,2.0,2.0,2.0,0.0,2.0,1.0,1.0,2.0,500000.0,300000.0,1.0,100000.0,59000.0,2.0,43077.8,112379.0,752.0
2,6.0,1.0,4.0,2.0,4.0,2.0,28.0,70000.0,3.0,2.0,2.0,2.0,1.0,2.0,0.0,2.0,1.0,1.0,2.0,500000.0,250000.0,1.0,100000.0,42000.0,1.0,32988.1,93001.0,751.0
2,5.0,1.0,3.0,2.0,4.0,2.0,28.0,70000.0,3.0,3.0,2.0,2.0,2.0,2.0,150000.0,1.0,4.0,2.0,2.0,500000.0,250000.0,1.0,100000.0,27000.0,1.0,32631.9,116942.0,754.0
2,4.0,1.0,3.0,2.0,4.0,2.0,28.0,60000.0,3.0,3.0,2.0,2.0,1.0,2.0,0.0,2.0,1.0,1.0,2.0,300000.0,200000.0,1.0,80000.0,28000.0,1.0,75670.4,87601.0,749.0
2,6.0,1.0,3.0,2.0,4.0,2.0,28.0,65000.0,3.0,2.0,2.0,2.0,1.0,2.0,0.0,2.0,1.0,1.0,2.0,600000.0,300000.0,1.0,100000.0,52000.0,2.0,47644.35,138159.0,751.0
2,4.0,1.0,3.0,2.0,4.0,2.0,28.0,70000.0,3.0,2.0,2.0,2.0,1.0,2.0,0.0,2.0,1.0,1.0,2.0,400000.0,200000.0,1.0,100000.0,28000.0,1.0,39749.8,97352.0,752.0
2,6.0,1.0,3.0,2.0,4.0,2.0,28.0,65000.0,3.0,3.0,2.0,2.0,2.0,2.0,0.0,2.0,1.0,1.0,2.0,500000.0,100000.0,1.0,25000.0,72000.0,3.0,59098.2,130226.0,752.0
2,6.0,1.0,3.0,1.0,4.0,1.0,28.0,225000.0,4.0,3.0,2.0,2.0,2.0,2.0,0.0,2.0,4.0,6.0,2.0,0.0,2000000.0,1.0,350000.0,361500.0,3.0,121492.7,352017.0,745.0
2,7.0,1.0,2.0,2.0,4.0,2.0,28.0,200000.0,4.0,2.0,2.0,2.0,2.0,2.0,50000.0,1.0,4.0,6.0,2.0,0.0,3000000.0,1.0,380000.0,481000.0,3.0,106176.75,176645.0,748.0
2,2.0,1.0,3.0,2.0,4.0,2.0,28.0,75000.0,3.0,2.0,2.0,2.0,2.0,2.0,0.0,2.0,4.0,6.0,2.0,1000000.0,400000.0,1.0,160000.0,160000.0,2.0,106430.86,116348.0,749.0
2,2.0,4.0,3.0,2.0,4.0,2.0,28.0,60000.0,3.0,2.0,2.0,1.0,2.0,2.0,0.0,2.0,4.0,2.0,2.0,0.0,0.0,1.2222222222222223,144173.33333333334,88000.0,2.0,87968.2,119381.0,750.0
2,1.0,1.0,2.0,2.0,4.0,1.0,28.0,50000.0,2.0,2.0,2.0,2.0,2.0,2.0,500000.0,1.0,4.0,6.0,2.0,1500000.0,500000.0,1.0,100000.0,90000.0,1.0,67195.18,94610.0,3000751.0
2,5.0,1.0,3.0,2.0,4.0,2.0,28.0,120000.0,4.0,2.0,2.0,1.0,2.0,2.0,35000.0,1.0,4.0,4.0,2.0,6000.0,3000.0,1.4444444444444444,507600.0,275000.0,3.0,86255.7,83076.0,749.0
2,2.0,3.0,2.0,1.0,4.0,2.0,28.0,25000.0,3.0,3.0,2.0,2.0,1.0,2.0,108000.0,1.0,4.0,5.0,2.0,2000000.0,600000.0,1.0,90000.0,95000.0,1.0,80613.1,68154.0,280754.0
2,2.0,1.0,3.0,2.0,4.0,2.0,28.0,80000.0,2.0,2.0,2.0,2.0,1.0,2.0,0.0,2.0,4.0,6.0,2.0,600000.0,200000.0,1.0,111111.11111111112,65600.0,2.0,151003.0,85194.0,750.0
2,5.0,1.0,2.0,2.0,4.0,2.0,28.0,100000.0,4.0,2.0,2.0,2.0,2.0,2.0,0.0,1.0,4.0,6.0,2.0,2000000.0,1000000.0,1.0,200000.0,163800.0,2.0,106640.0,104266.0,748.0
2,1.0,1.0,2.0,2.0,4.0,2.0,28.0,50000.0,3.0,2.0,2.0,2.0,2.0,2.0,0.0,2.0,4.0,2.0,2.0,5000.0,1000.0,1.0,60000.0,60000.0,1.0,35236.3,36922.0,754.0
2,4.0,1.0,4.0,2.0,4.0,1.0,28.0,25000.0,3.0,2.0,2.0,2.0,2.0,2.0,300000.0,1.0,4.0,2.0,2.0,0.0,0.0,1.0,200000.0,560000.0,3.0,47034.15,112913.0,750.0
2,4.0,1.0,5.0,1.0,4.0,1.0,28.0,20000.0,3.0,2.0,2.0,2.0,2.0,2.0,0.0,2.0,4.0,2.0,2.0,10000.0,2000000.0,1.0,200000.0,399000.0,3.0,69570.5,179091.0,748.0
2,4.0,1.0,4.0,2.0,4.0,1.0,28.0,20000.0,3.0,2.0,2.0,2.0,2.0,2.0,0.0,2.0,4.0,2.0,2.0,10000.0,1800000.0,1.0,260000.0,361000.0,3.0,45055.3,151198.0,751.0
2,4.0,1.0,5.0,2.0,4.0,1.0,28.0,24000.0,3.0,2.0,2.0,2.0,2.0,2.0,0.0,2.0,4.0,2.0,2.0,15000.0,5000.0,3.0,191356.0,710000.0,3.0,59476.25,162213.0,750.0
2,2.0,1.0,3.0,2.0,4.0,2.0,28.0,7.0,3.0,2.0,2.0,2.0,2.0,2.0,0.0,2.0,4.0,2.0,2.0,10000.0,2000.0,1.0,100000.0,166000.0,2.0,27170.0,12241.0,752.0
2,6.0,1.0,5.0,2.0,4.0,1.0,28.0,30000.0,3.0,2.0,2.0,2.0,2.0,2.0,0.0,2.0,4.0,2.0,2.0,10000.0,3000.0,3.0,239195.0,480000.0,4.0,69237.9,133592.0,749.0
2,5.0,1.0,5.0,2.0,4.0,1.0,28.0,25000.0,3.0,2.0,2.0,2.0,1.0,2.0,0.0,2.0,4.0,2.0,2.0,3000000.0,800000.0,1.0,150000.0,115300.0,3.0,34267.1,91192.0,749.0
2,4.0,1.0,3.0,2.0,4.0,2.0,28.0,20000.0,3.0,2.0,2.0,2.0,2.0,2.0,0.0,2.0,4.0,3.0,2.0,5000000.0,1500000.0,1.0,180000.0,580000.0,3.0,78532.73,215364.0,748.0
2,3.0,1.0,2.0,1.0,4.0,2.0,28.0,90000.0,3.0,3.0,2.0,2.0,2.0,2.0,0.0,2.0,4.0,6.0,2.0,0.0,1000000.0,1.0,160000.0,215000.0,3.0,135744.45,173524.0,744.0
2,4.0,1.0,2.0,2.0,4.0,2.0,28.0,90000.0,3.0,3.0,2.0,2.0,2.0,2.0,0.0,2.0,4.0,6.0,2.0,0.0,800000.0,1.0,250000.0,250000.0,1.0,188843.17,233519.0,746.0
2,2.0,1.0,2.0,2.0,4.0,2.0,28.0,60000.0,3.0,3.0,2.0,2.0,2.0,2.0,0.0,2.0,4.0,6.0,2.0,0.0,700000.0,1.0,200000.0,173000.0,3.0,196878.39,162954.0,746.0
2,6.0,1.0,2.0,1.0,4.0,2.0,28.0,90000.0,3.0,3.0,2.0,2.0,2.0,2.0,0.0,2.0,4.0,6.0,2.0,0.0,1800000.0,1.0,400000.0,345000.0,3.0,205880.0,231037.0,742.0
2,4.0,1.0,3.0,1.0,4.0,2.0,28.0,80000.0,3.0,3.0,2.0,2.0,2.0,2.0,0.0,2.0,4.0,6.0,2.0,1900000.0,800000.0,1.0,350000.0,165000.0,2.0,227387.0,162806.0,742.0
2,4.0,1.0,2.0,1.0,4.0,2.0,28.0,90000.0,3.0,3.0,2.0,2.0,2.0,2.0,0.0,2.0,4.0,6.0,2.0,1500000.0,600000.0,1.0,250000.0,150000.0,1.0,179483.3,232560.0,745.0
2,4.0,1.0,2.0,2.0,4.0,2.0,28.0,75000.0,3.0,3.0,2.0,2.0,1.0,2.0,250000.0,1.0,4.0,6.0,2.0,1000000.0,500000.0,1.0,200000.0,300.0,1.0,128855.35,165016.0,746.0
2,2.0,1.0,2.0,2.0,4.0,2.0,28.0,65000.0,3.0,3.0,2.0,2.0,2.0,2.0,200000.0,1.0,4.0,6.0,2.0,1000000.0,500000.0,1.0,100000.0,90000.0,2.0,134165.3,339839.0,747.0
2,3.0,1.0,2.0,2.0,4.0,2.0,28.0,85000.0,3.0,3.0,2.0,2.0,2.0,2.0,0.0,2.0,4.0,6.0,2.0,0.0,800000.0,1.0,250000.0,112000.0,3.0,128316.6,150232.0,748.0
2,1.0,1.0,4.0,2.0,4.0,2.0,28.0,7.0,3.0,3.0,2.0,2.0,1.0,2.0,0.0,2.0,4.0,2.0,2.0,0.0,0.0,1.0,238888.88888888888,26200.0,2.0,126448.88,203010.0,16750.0
2,4.0,1.0,2.0,1.0,4.0,2.0,28.0,180000.0,3.0,3.0,2.0,2.0,2.0,2.0,0.0,2.0,1.0,3.0,2.0,1000000.0,500000.0,1.0,250000.0,98000.0,4.0,107859.45,202408.0,748.0
2,3.0,1.0,3.0,1.0,4.0,1.0,28.0,100000.0,3.0,3.0,2.0,2.0,2.0,2.0,2200000.0,1.0,4.0,6.0,2.0,0.0,0.0,1.2222222222222223,386192.22222222225,106000.0,3.0,168072.764,298195.0,746.0
2,4.0,1.0,4.0,1.0,4.0,2.0,28.0,200000.0,2.0,2.0,2.0,2.0,1.0,2.0,410000.0,1.0,4.0,1.0,2.0,0.0,0.0,1.0,255555.55555555556,60000.0,1.0,60371.05,341769.0,24743.0
2,4.0,1.0,5.0,1.0,4.0,1.0,28.0,120000.0,2.0,2.0,2.0,2.0,2.0,2.0,0.0,2.0,4.0,2.0,2.0,0.0,0.0,1.2222222222222223,249348.61111111112,183000.0,4.0,144192.7,228764.0,743.0
2,5.0,1.0,4.0,1.0,4.0,2.0,28.0,170000.0,3.0,3.0,2.0,2.0,2.0,2.0,300000.0,1.0,4.0,6.0,2.0,0.0,0.0,1.0,267222.22222222225,80000.0,1.0,92230.8,252288.0,744.0
2,7.0,1.0,3.0,2.0,4.0,1.0,28.0,7.0,3.0,3.0,2.0,2.0,2.0,2.0,0.0,2.0,4.0,6.0,2.0,0.0,0.0,1.0,202222.22222222225,61000.0,2.0,139100.1,123114.0,751.0
2,5.0,1.0,3.0,1.0,4.0,2.0,28.0,150000.0,3.0,3.0,2.0,2.0,2.0,2.0,0.0,2.0,4.0,6.0,2.0,0.0,0.0,1.0,305555.55555555556,238000.0,3.0,152498.15,326463.0,747.0
2,5.0,1.0,4.0,2.0,4.0,1.0,28.0,7.0,3.0,3.0,2.0,2.0,2.0,2.0,0.0,2.0,1.0,2.0,2.0,1000000.0,700000.0,1.0,200000.0,236000.0,4.0,156764.87,294950.0,746.0
2,5.0,1.0,2.0,2.0,4.0,2.0,28.0,7.0,4.0,3.0,2.0,2.0,1.0,2.0,700000.0,1.0,4.0,5.0,2.0,950000.0,500000.0,1.0,100000.0,200000.0,1.0,91121.6,54480.0,400750.0
2,6.0,1.0,3.0,2.0,4.0,2.0,28.0,7.0,4.0,3.0,2.0,2.0,1.0,2.0,150000.0,1.0,1.0,6.0,2.0,1000000.0,550000.0,1.0,150000.0,119000.0,3.0,30797.5,177632.0,754.0
2,2.0,5.0,2.0,2.0,3.0,1.0,28.0,60000.0,3.0,3.0,2.0,1.0,2.0,2.0,0.0,2.0,4.0,6.0,2.0,1000000.0,500000.0,1.0,100000.0,167000.0,2.0,40560.6,354830.0,752.0
2,1.0,4.0,1.0,2.0,4.0,2.0,28.0,10000.0,4.0,3.0,2.0,2.0,1.0,2.0,0.0,2.0,4.0,6.0,2.0,700000.0,350000.0,1.0,100000.0,103000.0,2.0,64501.1,158606.0,754.0
2,4.0,3.0,2.0,2.0,4.0,1.0,28.0,7.0,4.0,3.0,2.0,2.0,1.0,2.0,120000.0,1.0,4.0,6.0,2.0,800000.0,450000.0,1.0,150000.0,88000.0,2.0,68694.5,152507.0,280751.0
2,4.0,1.0,3.0,1.0,4.0,1.0,28.0,60000.0,3.0,3.0,2.0,2.0,1.0,2.0,80000.0,1.0,4.0,6.0,2.0,1000000.0,600000.0,1.0,150000.0,120000.0,1.0,40220.0,141763.0,745.0
2,5.0,4.0,2.0,1.0,4.0,1.0,28.0,7.0,4.0,2.0,2.0,2.0,2.0,2.0,0.0,2.0,4.0,6.0,2.0,2500000.0,1000000.0,1.0,180000.0,150000.0,1.0,84568.5,229172.0,230749.0
2,3.0,5.0,2.0,2.0,3.0,1.0,28.0,7.0,4.0,3.0,2.0,1.0,2.0,2.0,0.0,2.0,4.0,6.0,2.0,2000000.0,500000.0,1.0,200000.0,130000.0,2.0,166359.208,1611410.0,751.0
2,1.0,1.0,2.0,2.0,4.0,2.0,28.0,7.0,4.0,3.0,2.0,1.0,2.0,2.0,0.0,2.0,4.0,6.0,2.0,500000.0,200000.0,1.0,50000.0,41000.0,1.0,18708.6,32979.0,758.0
2,3.0,1.0,3.0,1.0,4.0,1.0,28.0,7.0,4.0,2.0,2.0,2.0,2.0,2.0,0.0,2.0,4.0,3.0,2.0,0.0,0.0,1.0,80000.0,107500.0,3.0,41746.35,185298.0,746.0
2,6.0,2.0,3.0,2.0,4.0,2.0,28.0,40000.0,3.0,2.0,2.0,1.0,1.0,2.0,600000.0,1.0,1.0,2.0,2.0,0.0,0.0,1.0,120000.0,126000.0,4.0,285870.55,1725989.0,800755.0
2,5.0,2.0,2.0,1.0,4.0,2.0,28.0,80000.0,2.0,2.0,2.0,1.0,1.0,2.0,0.0,2.0,4.0,3.0,2.0,0.0,0.0,1.0,250000.0,370000.0,2.0,110441.42,307423.0,748.0
2,3.0,1.0,3.0,2.0,4.0,2.0,28.0,7.0,3.0,3.0,2.0,1.0,2.0,2.0,600000.0,1.0,4.0,6.0,2.0,0.0,0.0,1.0,150000.0,148000.0,2.0,42680.8,58485.0,1200753.0
2,5.0,1.0,4.0,1.0,4.0,2.0,28.0,7.0,4.0,2.0,2.0,1.0,2.0,2.0,200000.0,1.0,4.0,2.0,2.0,1500000.0,0.0,1.0,250000.0,134000.0,3.0,89950.0,151593.0,748.0
2,5.0,1.0,4.0,2.0,4.0,2.0,28.0,80000.0,4.0,2.0,2.0,1.0,2.0,2.0,300000.0,1.0,4.0,3.0,2.0,1000000.0,600000.0,1.0,200000.0,144000.0,3.0,25223.5,151610.0,751.0
2,5.0,1.0,6.0,1.0,4.0,2.0,28.0,60000.0,3.0,2.0,2.0,2.0,2.0,2.0,200000.0,1.0,4.0,2.0,2.0,0.0,0.0,1.0,200000.0,111000.0,2.0,47217.4,133542.0,749.0
2,3.0,1.0,4.0,1.0,4.0,2.0,28.0,40000.0,2.0,2.0,2.0,2.0,1.0,2.0,0.0,2.0,1.0,3.0,2.0,0.0,0.0,1.0,120000.0,98000.0,4.0,127193.15,278611.0,747.0
2,6.0,2.0,4.0,1.0,4.0,1.0,28.0,150000.0,2.0,2.0,2.0,2.0,1.0,2.0,700000.0,1.0,4.0,4.0,2.0,0.0,0.0,1.0,200000.0,134000.0,3.0,75925.0,286999.0,1400746.0
2,4.0,1.0,3.0,1.0,4.0,2.0,28.0,180000.0,3.0,1.0,2.0,1.0,1.0,2.0,100000.0,1.0,4.0,2.0,2.0,700000.0,500000.0,1.0,100000.0,143000.0,2.0,48305.3,97766.0,700749.0
2,5.0,1.0,2.0,2.0,4.0,2.0,28.0,120000.0,3.0,3.0,2.0,1.0,1.0,2.0,100000.0,1.0,4.0,4.0,2.0,500000.0,300000.0,1.0,120000.0,50000.0,1.0,40105.2,22867.0,748.0
2,5.0,1.0,2.0,2.0,4.0,2.0,28.0,140000.0,3.0,3.0,2.0,1.0,1.0,2.0,1000000.0,1.0,4.0,4.0,2.0,300000.0,150000.0,1.0,70000.0,95000.0,2.0,37206.3,82065.0,752.0
2,6.0,1.0,3.0,1.0,4.0,1.0,20.0,180000.0,3.0,3.0,2.0,1.0,1.0,2.0,380000.0,1.0,4.0,3.0,2.0,450000.0,250000.0,1.0,150000.0,90000.0,1.0,41685.65,78477.0,747.0
2,2.0,1.0,3.0,2.0,4.0,2.0,3.0,120000.0,3.0,3.0,2.0,1.0,1.0,2.0,0.0,2.0,4.0,3.0,2.0,240000.0,100000.0,1.0,50000.0,83000.0,2.0,32382.4,146235.0,750.0
2,5.0,1.0,3.0,2.0,4.0,2.0,28.0,180000.0,4.0,3.0,2.0,1.0,1.0,2.0,50000.0,1.0,1.0,1.0,2.0,400000.0,200000.0,1.0,50000.0,35000.0,1.0,31574.2,37155.0,752.0
2,4.0,1.0,2.0,2.0,4.0,2.0,24.0,100000.0,4.0,3.0,2.0,1.0,1.0,2.0,200000.0,1.0,4.0,3.0,2.0,300000.0,170000.0,1.0,100000.0,78000.0,2.0,36240.8,49293.0,750.0
2,2.0,1.0,2.0,2.0,4.0,2.0,28.0,50000.0,3.0,2.0,2.0,1.0,1.0,2.0,45000.0,1.0,1.0,2.0,2.0,180000.0,100000.0,1.0,60000.0,104000.0,3.0,21916.4,118989.0,752.0
2,5.0,1.0,4.0,2.0,4.0,1.0,25.0,170000.0,3.0,3.0,2.0,1.0,1.0,2.0,0.0,2.0,4.0,3.0,2.0,450000.0,200000.0,1.0,100000.0,173000.0,4.0,30166.7,116105.0,750.0
2,4.0,1.0,3.0,2.0,2.0,2.0,28.555555555555557,100000.0,4.0,3.0,2.0,1.0,1.0,2.0,200000.0,1.0,4.0,6.0,2.0,0.0,500000.0,1.0,200000.0,32000.0,2.0,40928.1,133106.0,749.0
2,6.0,1.0,4.0,2.0,4.0,1.0,29.88888888888889,80000.0,3.0,2.0,2.0,1.0,1.0,2.0,0.0,1.0,4.0,6.0,2.0,0.0,600000.0,1.0,250000.0,59400.0,2.0,58875.2,162247.0,748.0
2,5.0,1.0,3.0,1.0,4.0,1.0,29.88888888888889,150000.0,3.0,2.0,2.0,1.0,1.0,2.0,800000.0,1.0,4.0,6.0,2.0,0.0,0.0,1.0,300000.0,108000.0,2.0,36804.9,302843.0,746.0
2,1.0,1.0,5.0,1.0,4.0,2.0,29.11111111111111,70000.0,4.0,2.0,2.0,1.0,1.0,2.0,0.0,2.0,4.0,6.0,2.0,0.0,0.0,1.0,200000.0,97000.0,2.0,49173.55,107878.0,30749.0
2,6.0,1.0,4.0,1.0,4.0,2.0,30.444444444444443,120000.0,4.0,2.0,2.0,1.0,1.0,2.0,0.0,2.0,1.0,1.0,2.0,0.0,0.0,1.0,300000.0,101000.0,3.0,91057.0,214991.0,748.0
2,5.0,1.0,7.0,1.0,4.0,2.0,30.444444444444443,100000.0,3.0,3.0,2.0,1.0,1.0,2.0,0.0,2.0,4.0,6.0,2.0,0.0,0.0,1.0,400000.0,100000.0,1.0,44656.5,193408.0,749.0
2,5.0,1.0,3.0,2.0,4.0,2.0,30.666666666666668,110000.0,3.0,2.0,2.0,1.0,1.0,2.0,25000.0,1.0,4.0,1.0,2.0,0.0,0.0,1.0,300000.0,42000.0,1.0,46405.0,91410.0,751.0
2,5.0,1.0,3.0,2.0,4.0,1.0,30.555555555555557,100000.0,3.0,2.0,2.0,1.0,1.0,2.0,0.0,2.0,4.0,6.0,1.0,1000000.0,600000.0,1.0,300000.0,91000.0,2.0,51109.85,185689.0,749.0
2,2.0,1.0,4.0,1.0,4.0,1.0,30.22222222222222,120000.0,3.0,2.0,2.0,1.0,1.0,2.0,0.0,2.0,4.0,6.0,2.0,0.0,500000.0,1.0,200000.0,73000.0,1.0,22394.0,150143.0,746.0
2,5.0,1.0,5.0,1.0,4.0,2.0,28.0,100000.0,4.0,3.0,2.0,1.0,1.0,2.0,2700000.0,1.0,4.0,2.0,2.0,0.0,0.0,1.0,300000.0,175000.0,3.0,94456.45,167021.0,745.0
2,3.0,3.0,3.0,2.0,4.0,2.0,28.0,75000.0,5.0,3.0,2.0,1.0,1.0,2.0,0.0,2.0,1.0,2.0,2.0,0.0,1000.0,1.0,150000.0,26000.0,2.0,81617.05,152230.0,750.0
2,4.0,1.0,4.0,1.0,4.0,1.0,28.0,120000.0,3.0,2.0,2.0,1.0,1.0,2.0,0.0,2.0,4.0,3.0,2.0,0.0,0.0,1.0,250000.0,60000.0,1.0,72187.233,175567.0,746.0
2,3.0,1.0,5.0,1.0,4.0,2.0,28.0,120000.0,4.0,2.0,2.0,1.0,1.0,2.0,800000.0,1.0,4.0,1.0,2.0,0.0,0.0,1.0,500000.0,100000.0,2.0,66643.1,177725.0,1980754.0
2,5.0,1.0,6.0,1.0,4.0,1.0,28.0,100000.0,3.0,1.0,2.0,1.0,1.0,1.0,800000.0,1.0,4.0,3.0,2.0,3000000.0,1000000.0,1.0,500000.0,1310000.0,5.0,192602.16,348756.0,3600745.0
2,4.0,1.0,6.0,2.0,4.0,2.0,28.0,130000.0,5.0,3.0,2.0,1.0,1.0,2.0,1000000.0,1.0,1.0,1.0,2.0,0.0,700000.0,1.0,250000.0,100000.0,3.0,39642.85,264211.0,751.0
2,3.0,1.0,4.0,2.0,4.0,2.0,28.0,50000.0,5.0,3.0,2.0,1.0,1.0,2.0,0.0,2.0,4.0,1.0,2.0,0.0,0.0,1.0,250000.0,50000.0,1.0,38697.05,70529.0,752.0
2,5.0,1.0,5.0,1.0,4.0,2.0,28.0,120000.0,5.0,3.0,2.0,1.0,1.0,2.0,96000.0,1.0,1.0,1.0,2.0,0.0,500000.0,1.0,250000.0,81000.0,3.0,67334.4,124925.0,750.0
2,4.0,1.0,5.0,1.0,4.0,1.0,28.0,200000.0,3.0,2.0,2.0,1.0,1.0,2.0,0.0,2.0,4.0,1.0,2.0,0.0,3000.0,3.0,478390.0,322000.0,5.0,171687.25,687160.0,746.0
3,4.0,1.0,3.0,1.0,4.0,2.0,31.0,100000.0,2.0,2.0,2.0,2.0,1.0,2.0,0.0,2.0,4.0,6.0,2.0,20000.0,2000.0,1.0,200000.0,550000.0,3.0,142988.3,292468.0,746.0
3,3.0,3.0,2.0,2.0,4.0,1.0,31.0,70000.0,2.0,3.0,2.0,2.0,2.0,2.0,0.0,2.0,4.0,6.0,2.0,2000.0,1000.0,1.0,250000.0,615000.0,2.0,142723.08,375443.0,744.0
3,3.0,1.0,1.0,2.0,4.0,1.0,31.0,20000.0,2.0,2.0,2.0,2.0,2.0,2.0,1000000.0,1.0,4.0,6.0,2.0,0.0,2000.0,1.0,200000.0,230000.0,1.0,143191.2,280817.0,1436702.0
3,1.0,1.0,1.0,2.0,4.0,2.0,31.0,18000.0,2.0,2.0,2.0,2.0,2.0,2.0,0.0,2.0,4.0,6.0,2.0,5000000.0,1000000.0,1.0,200000.0,350000.0,1.0,115981.1,203104.0,749.0
3,4.0,1.0,3.0,1.0,4.0,1.0,31.0,80000.0,2.0,2.0,2.0,2.0,2.0,2.0,0.0,2.0,4.0,6.0,2.0,20000.0,10000.0,1.0,260000.0,310000.0,3.0,156356.1,477621.0,743.0
3,2.0,5.0,1.0,2.0,4.0,2.0,31.0,35000.0,3.0,3.0,2.0,2.0,1.0,2.0,0.0,2.0,4.0,6.0,2.0,10000.0,1000000.0,1.0,200000.0,120100.0,2.0,121193.88,226314.0,750.0
3,2.0,1.0,3.0,2.0,4.0,2.0,31.0,50000.0,2.0,2.0,2.0,2.0,1.0,2.0,0.0,2.0,4.0,6.0,2.0,0.0,300000.0,1.0,120000.0,95000.0,2.0,100536.5,89854.0,751.0
3,4.0,1.0,3.0,1.0,4.0,2.0,31.0,60000.0,2.0,2.0,2.0,2.0,2.0,2.0,0.0,2.0,4.0,6.0,2.0,2000.0,1000.0,1.0,180000.0,170000.0,2.0,152748.19,216560.0,746.0
3,3.0,1.0,2.0,2.0,4.0,1.0,31.0,40000.0,2.0,2.0,2.0,2.0,2.0,2.0,0.0,2.0,4.0,6.0,2.0,0.0,1000000.0,1.0,200000.0,200000.0,1.0,141316.63999999998,259971.0,747.0
3,13.0,5.0,7.0,2.0,1.0,2.0,31.0,250000.0,3.0,3.0,2.0,2.0,2.0,2.0,0.0,2.0,4.0,6.0,2.0,0.0,0.0,1.4444444444444444,322570.44444444444,576000.0,6.0,227194.7,265993.0,744.0
3,4.0,1.0,3.0,1.0,4.0,2.0,31.0,7.0,4.0,3.0,2.0,2.0,1.0,2.0,70000.0,1.0,4.0,2.0,2.0,600000.0,450000.0,1.0,250000.0,33150.0,2.0,188022.11,198884.0,746.0
3,1.0,1.0,3.0,2.0,4.0,2.0,31.0,70000.0,3.0,2.0,2.0,2.0,2.0,2.0,0.0,2.0,4.0,6.0,2.0,300000.0,250000.0,1.0,120000.0,75000.0,1.0,86998.7,115422.0,750.0
3,4.0,1.0,3.0,1.0,4.0,1.0,31.0,120000.0,3.0,2.0,2.0,2.0,1.0,1.0,200000.0,1.0,4.0,2.0,2.0,0.0,400000.0,1.0,270000.0,280000.0,2.0,195516.25,316455.0,1676017.0
3,2.0,1.0,3.0,2.0,4.0,2.0,31.0,100000.0,3.0,2.0,2.0,2.0,2.0,2.0,0.0,2.0,4.0,6.0,2.0,350000.0,250000.0,1.0,180000.0,136000.0,3.0,133401.6,191441.0,749.0
3,7.0,1.0,3.0,2.0,4.0,2.0,31.0,40000.0,5.0,3.0,2.0,2.0,2.0,2.0,150000.0,1.0,4.0,3.0,2.0,500000.0,400000.0,1.0,30000.0,153000.0,3.0,119368.05,116646.0,753.0
3,3.0,1.0,4.0,1.0,4.0,1.0,31.0,150000.0,2.0,2.0,2.0,2.0,1.0,2.0,0.0,2.0,4.0,2.0,2.0,0.0,450000.0,1.0,250000.0,220100.0,2.0,165933.1,1988265.0,746.0
3,4.0,1.0,3.0,2.0,4.0,2.0,31.0,100000.0,3.0,3.0,2.0,2.0,2.0,2.0,100000.0,1.0,4.0,6.0,2.0,1000.0,700.0,3.0,143295.0,215000.0,3.0,136311.92,171685.0,746.0
3,1.0,1.0,1.0,2.0,4.0,2.0,31.0,60000.0,3.0,2.0,2.0,2.0,1.0,2.0,0.0,2.0,4.0,6.0,2.0,200000.0,150000.0,1.0,80000.0,117000.0,3.0,91482.93,157023.0,749.0
3,5.0,1.0,4.0,1.0,4.0,2.0,31.0,90000.0,3.0,3.0,2.0,2.0,2.0,2.0,0.0,2.0,4.0,6.0,2.0,0.0,0.0,1.0,250000.0,270000.0,2.0,160124.0,174883.0,749.0
3,5.0,1.0,3.0,1.0,4.0,2.0,31.0,90000.0,3.0,2.0,2.0,2.0,1.0,2.0,0.0,2.0,4.0,6.0,2.0,0.0,0.0,1.0,200000.0,70000.0,1.0,91868.95,315274.5,750.0
3,3.0,1.0,3.0,2.0,4.0,2.0,31.0,120000.0,3.0,2.0,2.0,2.0,2.0,2.0,0.0,2.0,4.0,6.0,2.0,0.0,0.0,1.0,250000.0,305000.0,4.0,194425.6,139665.0,753.0
3,1.0,1.0,1.0,2.0,4.0,2.0,31.0,60000.0,3.0,2.0,2.0,2.0,2.0,2.0,0.0,2.0,4.0,4.0,2.0,0.0,0.0,1.0,100000.0,45000.0,1.0,74090.3,89221.0,752.0
3,4.0,1.0,4.0,1.0,4.0,2.0,31.0,150000.0,3.0,3.0,2.0,2.0,2.0,2.0,900000.0,1.0,4.0,6.0,2.0,0.0,0.0,1.0,200000.0,184000.0,2.0,132151.7,2010024.0,752.0
3,3.0,1.0,3.0,1.0,4.0,2.0,31.0,100000.0,3.0,2.0,2.0,2.0,2.0,2.0,500000.0,1.0,4.0,6.0,2.0,0.0,500000.0,1.0,200000.0,150000.0,2.0,159828.55,960828.0,747.0
3,7.0,1.0,4.0,1.0,4.0,2.0,31.0,159000.0,3.0,3.0,2.0,2.0,1.0,2.0,0.0,2.0,4.0,6.0,2.0,0.0,0.0,1.0,300000.0,240000.0,3.0,203497.33,261273.0,748.0
3,3.0,1.0,4.0,1.0,4.0,2.0,31.0,150000.0,3.0,2.0,2.0,2.0,1.0,2.0,1440000.0,1.0,4.0,6.0,2.0,0.0,0.0,1.0,300000.0,180000.0,2.0,142138.95,316659.0,750.0
3,5.0,1.0,4.0,1.0,4.0,2.0,31.0,160000.0,3.0,2.0,2.0,2.0,2.0,2.0,800000.0,1.0,4.0,6.0,2.0,0.0,0.0,1.0,300000.0,150000.0,1.0,160389.3,397390.0,1600749.0
3,4.0,1.0,4.0,1.0,4.0,1.0,31.0,200000.0,3.0,2.0,2.0,1.0,1.0,2.0,0.0,2.0,4.0,1.0,2.0,0.0,3000000.0,1.0,350000.0,900000.0,3.0,167182.75,528305.0,738.0
3,1.0,1.0,3.0,2.0,4.0,2.0,31.0,80000.0,3.0,2.0,2.0,2.0,1.0,2.0,0.0,2.0,4.0,1.0,2.0,4000000.0,400000.0,1.0,100000.0,41500.0,2.0,168246.15,225376.0,50754.0
3,2.0,1.0,3.0,1.0,4.0,2.0,31.0,40000.0,5.0,3.0,2.0,2.0,1.0,2.0,0.0,2.0,4.0,1.0,2.0,1000000.0,400000.0,1.0,90000.0,7500.0,1.0,139379.15,127205.0,754.0
3,2.0,1.0,2.0,1.0,4.0,2.0,31.0,120000.0,3.0,2.0,2.0,1.0,1.0,2.0,0.0,2.0,4.0,1.0,2.0,0.0,450000.0,1.0,200000.0,182000.0,3.0,150621.25,359979.0,749.0
3,1.0,1.0,3.0,2.0,4.0,2.0,31.0,100000.0,3.0,2.0,2.0,2.0,1.0,2.0,0.0,2.0,4.0,1.0,2.0,0.0,400000.0,1.0,100000.0,81400.0,2.0,131167.85,82125.0,120753.0
3,4.0,1.0,4.0,1.0,4.0,2.0,31.0,200000.0,3.0,2.0,2.0,2.0,1.0,2.0,0.0,2.0,4.0,1.0,2.0,12000000.0,1200000.0,1.0,100000.0,100000.0,1.0,86528.1,1280381.0,739.0
3,4.0,1.0,3.0,1.0,4.0,2.0,31.0,80000.0,4.0,2.0,2.0,2.0,2.0,2.0,300000.0,1.0,4.0,1.0,2.0,6000000.0,1000000.0,1.0,150000.0,150000.0,2.0,163504.5,197117.0,80751.0
3,5.0,3.0,2.0,1.0,4.0,2.0,31.0,140000.0,4.0,3.0,2.0,2.0,1.0,2.0,0.0,2.0,4.0,1.0,2.0,0.0,2500000.0,1.0,250000.0,190200.0,3.0,173334.8,461425.0,80746.0
3,1.0,1.0,3.0,2.0,4.0,2.0,31.0,100000.0,3.0,2.0,2.0,2.0,1.0,2.0,0.0,2.0,4.0,1.0,2.0,0.0,250000.0,1.0,60000.0,132000.0,2.0,137900.35,185716.0,750.0
3,7.0,1.0,7.0,1.0,4.0,2.0,31.0,150000.0,3.0,3.0,2.0,2.0,1.0,2.0,200000.0,1.0,4.0,6.0,2.0,900000.0,800000.0,1.0,600000.0,205000.0,4.0,286665.75,458040.0,748.0
3,6.0,1.0,4.0,2.0,4.0,2.0,31.0,200000.0,3.0,3.0,2.0,2.0,2.0,2.0,600000.0,1.0,4.0,3.0,2.0,1000000.0,700000.0,1.0,400000.0,223000.0,4.0,215958.05,703258.0,746.0
3,2.0,1.0,4.0,1.0,4.0,2.0,31.0,180000.0,3.0,2.0,2.0,2.0,2.0,2.0,0.0,2.0,4.0,6.0,2.0,900000.0,700000.0,1.0,500000.0,160000.0,2.0,207963.42,398952.0,747.0
3,6.0,1.0,3.0,2.0,4.0,2.0,31.0,170000.0,3.0,3.0,2.0,2.0,2.0,2.0,200000.0,1.0,4.0,6.0,2.0,800000.0,500000.0,1.0,300000.0,285000.0,3.0,171957.8,375896.0,750.0
3,5.0,1.0,5.0,1.0,4.0,1.0,31.0,180000.0,3.0,2.0,2.0,2.0,2.0,2.0,0.0,2.0,4.0,6.0,2.0,900000.0,700000.0,1.0,400000.0,150000.0,1.0,250233.91,369151.0,744.0
3,6.0,1.0,5.0,1.0,4.0,2.0,31.0,160000.0,2.0,2.0,2.0,2.0,2.0,2.0,0.0,2.0,4.0,6.0,2.0,900000.0,600000.0,1.0,400000.0,275500.0,4.0,267465.7,540768.0,744.0
3,5.0,1.0,4.0,1.0,4.0,2.0,31.0,100000.0,4.0,3.0,2.0,2.0,1.0,2.0,200000.0,1.0,1.0,2.0,2.0,900000.0,600000.0,1.0,300000.0,141000.0,3.0,205276.95,295180.0,746.0
3,3.0,3.0,2.0,1.0,4.0,2.0,31.0,80000.0,3.0,3.0,2.0,2.0,1.0,2.0,0.0,2.0,4.0,6.0,2.0,900000.0,600000.0,1.0,300000.0,180000.0,1.0,238163.3,393131.0,750.0
3,5.0,1.0,3.0,2.0,4.0,2.0,31.0,7.0,3.0,3.0,2.0,2.0,1.0,2.0,0.0,2.0,4.0,2.0,2.0,800000.0,700000.0,1.0,400000.0,3000.0,1.0,168961.2,130528.0,750.0
3,4.0,1.0,3.0,1.0,4.0,1.0,31.0,80000.0,3.0,2.0,2.0,1.0,1.0,2.0,460000.0,1.0,1.0,6.0,2.0,1000000.0,450000.0,1.0,150000.0,88000.0,2.0,122682.95,476330.0,746.0
3,2.0,1.0,3.0,1.0,4.0,2.0,31.0,160000.0,3.0,2.0,2.0,2.0,2.0,2.0,0.0,2.0,4.0,2.0,2.0,500000.0,300000.0,1.0,150000.0,127000.0,2.0,228324.01,345862.0,749.0
3,3.0,1.0,3.0,2.0,4.0,2.0,31.0,7.0,3.0,2.0,2.0,2.0,2.0,2.0,160000.0,2.0,4.0,5.0,1.0,500000.0,250000.0,1.0,150000.0,67000.0,2.0,157477.5,187501.0,753.0
3,6.0,1.0,3.0,1.0,4.0,1.0,31.0,150000.0,2.0,2.0,2.0,2.0,2.0,2.0,160000.0,1.0,4.0,2.0,2.0,800000.0,500000.0,1.0,300000.0,80000.0,2.0,218740.3,297409.0,745.0
3,2.0,1.0,3.0,2.0,4.0,1.0,31.0,150000.0,3.0,2.0,2.0,2.0,2.0,2.0,0.0,2.0,4.0,1.0,2.0,600000.0,400000.0,1.0,200000.0,135000.0,3.0,154319.05,196160.0,749.0
3,5.0,1.0,3.0,1.0,4.0,2.0,31.0,100000.0,3.0,2.0,2.0,2.0,2.0,2.0,800000.0,2.0,4.0,5.0,2.0,1000000.0,500000.0,1.0,300000.0,48000.0,2.0,166119.0,304412.0,748.0
3,4.0,1.0,3.0,1.0,4.0,1.0,31.0,210000.0,3.0,3.0,2.0,2.0,2.0,2.0,0.0,2.0,4.0,6.0,2.0,1000000.0,600000.0,1.0,200000.0,200000.0,1.0,204645.5,216332.0,746.0
3,5.0,3.0,3.0,1.0,4.0,1.0,31.0,150000.0,3.0,2.0,2.0,2.0,1.0,2.0,900000.0,2.0,4.0,6.0,2.0,500000.0,350000.0,1.0,250000.0,150200.0,3.0,193362.3,582807.0,745.0
3,2.0,1.0,3.0,2.0,4.0,2.0,31.0,50000.0,3.0,2.0,2.0,2.0,2.0,2.0,0.0,2.0,4.0,6.0,1.0,500000.0,300000.0,1.0,150000.0,105000.0,2.0,123476.5,101184.0,751.0
3,8.0,1.0,4.0,1.0,4.0,1.0,31.0,220000.0,3.0,2.0,2.0,2.0,2.0,2.0,0.0,2.0,4.0,2.0,2.0,0.0,0.0,1.0,200000.0,440000.0,3.0,258382.95,875377.0,743.0
3,6.0,1.0,6.0,1.0,4.0,1.0,31.0,250000.0,4.0,2.0,2.0,2.0,2.0,2.0,384000.0,1.0,4.0,3.0,1.0,0.0,1000000.0,1.0,300000.0,182000.0,5.0,174489.45,520589.0,2340970.0
3,3.0,1.0,3.0,2.0,4.0,2.0,31.0,100000.0,3.0,2.0,2.0,2.0,1.0,2.0,0.0,2.0,4.0,6.0,2.0,0.0,100000.0,1.0,61444.444444444445,65000.0,2.0,87307.75,148114.0,754.0
3,6.0,1.0,4.0,1.0,4.0,1.0,31.0,70000.0,3.0,2.0,2.0,2.0,2.0,2.0,0.0,2.0,4.0,3.0,2.0,0.0,1500000.0,1.0,327777.77777777775,360000.0,2.0,231582.5,399083.0,744.0
3,2.0,1.0,1.0,2.0,4.0,2.0,31.0,50000.0,4.0,2.0,2.0,2.0,2.0,2.0,270000.0,1.0,4.0,1.0,2.0,0.0,0.0,1.0,267777.77777777775,66000.0,2.0,134964.0,191479.0,751.0
3,6.0,1.0,4.0,1.0,4.0,2.0,31.0,120000.0,3.0,1.0,2.0,2.0,2.0,2.0,9600000.0,1.0,4.0,2.0,2.0,0.0,0.0,1.2222222222222223,398352.77777777775,402000.0,4.0,222320.85,426120.0,743.0
3,7.0,1.0,4.0,1.0,4.0,1.0,31.0,7.0,3.0,2.0,2.0,2.0,2.0,2.0,500000.0,1.0,4.0,1.0,2.0,0.0,0.0,1.2222222222222223,241646.0,300000.0,3.0,174286.25,269211.0,1936704.0
3,4.0,5.0,2.0,1.0,4.0,2.0,31.0,150000.0,4.0,2.0,2.0,2.0,1.0,2.0,500000.0,1.0,2.0,2.0,2.0,0.0,500000.0,1.0,222222.22222222225,350000.0,2.0,155852.9,476909.0,1820751.0
3,6.0,1.0,4.0,1.0,4.0,2.0,31.0,220000.0,2.0,2.0,2.0,2.0,1.0,2.0,0.0,2.0,4.0,1.0,2.0,0.0,800000.0,1.0,296666.6666666667,120100.0,3.0,284303.35,424304.0,749.0
3,2.0,1.0,1.0,1.0,4.0,2.0,31.0,200000.0,5.0,3.0,2.0,2.0,2.0,2.0,45000.0,1.0,1.0,4.0,2.0,4000.0,2000.0,1.0,100000.0,74200.0,3.0,48234.5,175299.0,749.0
3,3.0,3.0,3.0,1.0,4.0,2.0,31.0,178333.33333333334,3.0,3.0,2.0,2.0,1.0,2.0,500000.0,1.0,4.0,4.0,2.0,4000.0,2000.0,1.0,250000.0,820000.0,3.0,142496.85,347740.0,747.0
3,3.0,1.0,2.0,1.0,4.0,1.0,31.0,120000.0,3.0,3.0,2.0,2.0,2.0,2.0,2000000.0,1.0,4.0,4.0,2.0,0.0,1000000.0,1.0,200000.0,250000.0,2.0,202760.85,506086.0,747.0
3,3.0,1.0,1.0,1.0,4.0,2.0,31.0,60000.0,4.0,3.0,2.0,2.0,2.0,2.0,100000.0,1.0,1.0,3.0,1.0,4000.0,1500.0,1.0,100000.0,104500.0,3.0,72796.8,72323.0,747.0
3,4.0,1.0,2.0,1.0,4.0,1.0,31.0,120000.0,3.0,3.0,2.0,2.0,2.0,2.0,500000.0,1.0,4.0,4.0,2.0,6000.0,4000.0,1.0,400000.0,305000.0,3.0,243046.95,381661.0,745.0
3,5.0,1.0,3.0,1.0,4.0,1.0,31.0,100000.0,3.0,3.0,2.0,2.0,1.0,2.0,0.0,2.0,4.0,4.0,2.0,5000.0,2500.0,1.0,300000.0,200000.0,1.0,313402.45,511288.0,745.0
3,7.0,1.0,2.0,1.0,4.0,1.0,31.0,150000.0,3.0,1.0,2.0,2.0,2.0,2.0,0.0,2.0,4.0,4.0,2.0,7000.0,4000.0,3.0,477650.0,300000.0,2.0,370545.1,268104.0,745.0
3,2.0,1.0,3.0,2.0,4.0,2.0,31.0,70000.0,3.0,1.0,2.0,2.0,2.0,2.0,0.0,2.0,4.0,4.0,2.0,3000.0,1500.0,1.0,120000.0,150000.0,1.0,153905.95,225673.0,749.0
3,5.0,3.0,3.0,1.0,3.0,2.0,31.0,150000.0,3.0,3.0,2.0,2.0,1.0,2.0,300000.0,1.0,4.0,5.0,2.0,5000.0,3000.0,1.0,350000.0,358000.0,4.0,261132.1,490401.0,747.0
3,3.0,1.0,2.0,1.0,2.0,2.0,31.0,150000.0,2.0,2.0,2.0,2.0,1.0,2.0,0.0,2.0,4.0,6.0,2.0,0.0,0.0,1.0,400000.0,300.0,1.0,118869.66,230915.0,744.0
3,4.0,1.0,2.0,1.0,4.0,1.0,31.0,150000.0,2.0,2.0,2.0,2.0,1.0,2.0,0.0,2.0,4.0,6.0,2.0,0.0,0.0,1.0,400000.0,200000.0,1.0,194129.325,290929.0,743.0
3,5.0,1.0,2.0,1.0,2.0,2.0,31.0,250000.0,2.0,2.0,2.0,2.0,2.0,2.0,3850000.0,1.0,4.0,6.0,2.0,0.0,0.0,1.0,500000.0,310000.0,3.0,257768.85,783374.0,743.0
3,5.0,1.0,3.0,1.0,4.0,1.0,31.0,100000.0,3.0,2.0,2.0,2.0,2.0,2.0,0.0,2.0,4.0,5.0,2.0,0.0,0.0,1.0,500000.0,199500.0,2.0,223241.16,196405.0,747.0
3,2.0,1.0,2.0,1.0,4.0,2.0,31.0,180000.0,2.0,2.0,2.0,2.0,1.0,2.0,3000000.0,1.0,4.0,3.0,2.0,0.0,0.0,1.0,300000.0,20000.0,1.0,121343.41,738479.0,747.0
3,4.0,1.0,3.0,1.0,4.0,2.0,31.0,150000.0,3.0,2.0,2.0,2.0,2.0,2.0,720000.0,1.0,1.0,4.0,1.0,0.0,0.0,1.0,400000.0,798000.0,4.0,247412.676,352422.0,744.0
3,2.0,1.0,3.0,1.0,4.0,2.0,31.0,60000.0,3.0,3.0,2.0,2.0,1.0,2.0,500000.0,1.0,4.0,4.0,2.0,0.0,0.0,1.0,300000.0,94100.0,3.0,195395.28,205979.0,749.0
3,1.0,1.0,2.0,1.0,4.0,2.0,31.0,150000.0,3.0,2.0,2.0,2.0,1.0,2.0,0.0,2.0,4.0,3.0,2.0,0.0,0.0,1.0,200000.0,265000.0,3.0,102214.9,163536.0,751.0
3,1.0,1.0,3.0,2.0,4.0,2.0,31.0,160000.0,3.0,3.0,2.0,2.0,1.0,2.0,0.0,2.0,4.0,5.0,2.0,0.0,0.0,1.0,150000.0,95000.0,2.0,245769.39,45150.0,749.0
3,4.0,1.0,3.0,1.0,4.0,2.0,31.0,270000.0,3.0,3.0,2.0,2.0,2.0,2.0,320000.0,1.0,4.0,5.0,2.0,10000.0,800000.0,1.0,400000.0,171000.0,4.0,268497.42,498329.0,747.0
3,7.0,1.0,2.0,1.0,4.0,2.0,31.0,126000.0,4.0,3.0,2.0,2.0,2.0,2.0,1720000.0,1.0,1.0,4.0,2.0,0.0,600000.0,1.0,300000.0,120000.0,3.0,112267.028,309705.0,750.0
3,7.0,1.0,3.0,2.0,4.0,2.0,31.0,90000.0,3.0,2.0,2.0,2.0,2.0,2.0,460000.0,2.0,1.0,3.0,2.0,0.0,800000.0,1.0,400000.0,152000.0,3.0,139906.35,408694.0,750.0
3,1.0,1.0,4.0,1.0,4.0,2.0,31.0,120000.0,3.0,2.0,2.0,2.0,1.0,2.0,0.0,2.0,4.0,3.0,2.0,0.0,0.0,1.0,100000.0,60050.0,2.0,81333.06,239593.0,749.0
3,5.0,1.0,2.0,1.0,4.0,1.0,31.0,80000.0,3.0,2.0,2.0,2.0,2.0,2.0,300000.0,1.0,4.0,4.0,2.0,1800000.0,600000.0,1.0,300000.0,230000.0,3.0,172092.14,726829.5,745.0
3,10.0,1.0,4.0,1.0,4.0,1.0,31.0,300000.0,3.0,2.0,2.0,2.0,2.0,2.0,1600000.0,1.0,4.0,4.0,2.0,5000.0,1000000.0,1.0,480000.0,255000.0,4.0,158102.75,608123.0,744.0
3,8.0,1.0,2.0,1.0,4.0,2.0,31.0,80000.0,3.0,2.0,2.0,2.0,1.0,2.0,160000.0,1.0,4.0,2.0,2.0,0.0,0.0,1.0,360000.0,121600.0,3.0,88642.88,428196.5,751.0
3,4.0,1.0,8.0,1.0,4.0,1.0,31.0,150000.0,3.0,2.0,2.0,2.0,2.0,2.0,0.0,2.0,4.0,2.0,2.0,0.0,1000000.0,1.0,700000.0,118000.0,3.0,124637.81,222677.0,745.0
3,3.0,1.0,4.0,1.0,4.0,2.0,31.0,64000.0,3.0,2.0,2.0,2.0,1.0,2.0,30000.0,1.0,4.0,3.0,2.0,3000.0,500000.0,1.0,250000.0,136000.0,3.0,125372.85,228818.0,749.0
3,9.0,1.0,3.0,1.0,4.0,2.0,31.0,200000.0,3.0,2.0,2.0,2.0,2.0,2.0,0.0,2.0,4.0,2.0,2.0,3000000.0,500000.0,1.0,300000.0,220000.0,2.0,95779.3,189186.0,747.0
3,1.0,1.0,2.0,1.0,4.0,2.0,31.0,120000.0,3.0,2.0,2.0,2.0,1.0,2.0,0.0,2.0,4.0,2.0,2.0,2000.0,400000.0,1.0,173333.33333333334,80000.0,2.0,143432.77,152309.0,750.0
3,1.0,1.0,1.0,2.0,4.0,2.0,31.0,48000.0,3.0,2.0,2.0,2.0,1.0,2.0,0.0,2.0,1.0,4.0,2.0,0.0,350000.0,1.0,80000.0,76500.0,3.0,102837.35,97946.0,752.0
3,7.0,1.0,3.0,1.0,4.0,2.0,31.0,120000.0,3.0,3.0,2.0,2.0,2.0,1.0,0.0,2.0,4.0,1.0,2.0,0.0,400000.0,1.2222222222222223,213902.22222222225,451000.0,4.0,273991.9,291436.0,840752.0
3,6.0,1.0,3.0,1.0,4.0,1.0,31.0,200000.0,2.0,2.0,2.0,2.0,1.0,2.0,0.0,2.0,4.0,1.0,2.0,0.0,500000.0,1.0,246666.66666666663,210000.0,3.0,254996.97,534748.0,747.0
3,4.0,1.0,3.0,2.0,4.0,2.0,31.0,180000.0,3.0,3.0,2.0,2.0,2.0,2.0,0.0,2.0,4.0,1.0,2.0,2000000.0,500000.0,1.0,233333.33333333337,120000.0,2.0,268558.15,629573.0,749.0
3,2.0,1.0,1.0,2.0,4.0,2.0,31.0,60000.0,4.0,3.0,2.0,2.0,2.0,2.0,0.0,2.0,4.0,1.0,2.0,0.0,400000.0,1.0,161111.11111111112,68000.0,2.0,139707.25,266510.0,753.0
3,3.0,1.0,1.0,1.0,4.0,2.0,31.0,100000.0,3.0,3.0,2.0,2.0,2.0,2.0,300000.0,2.0,4.0,4.0,2.0,1000000.0,500000.0,1.0,197777.77777777775,150000.0,1.0,125339.65,210257.0,752.0
3,4.0,1.0,2.0,1.0,4.0,2.0,31.0,30000.0,3.0,3.0,2.0,2.0,2.0,2.0,0.0,2.0,4.0,2.0,2.0,1500000.0,500000.0,1.0,195555.55555555556,124100.0,2.0,125675.23,273403.0,748.0
3,1.0,1.0,3.0,1.0,4.0,2.0,31.0,94223.77777777778,3.0,3.0,2.0,2.0,1.0,2.0,0.0,2.0,4.0,6.0,2.0,5000.0,1000000.0,1.0,300000.0,116000.0,2.0,175028.02,464247.0,746.0
3,4.0,1.0,3.0,1.0,4.0,2.0,31.0,40000.0,3.0,3.0,2.0,2.0,2.0,2.0,0.0,2.0,4.0,6.0,2.0,6000.0,5000.0,1.0,600000.0,97000.0,2.0,241280.44,200179.0,749.0
3,2.0,5.0,2.0,2.0,4.0,2.0,31.0,150000.0,3.0,2.0,2.0,2.0,1.0,2.0,0.0,2.0,4.0,6.0,2.0,0.0,0.0,1.0,400000.0,209000.0,3.0,172524.22,333340.0,749.0
3,4.0,1.0,4.0,1.0,4.0,2.0,31.0,150000.0,3.0,3.0,2.0,2.0,1.0,2.0,0.0,2.0,4.0,6.0,2.0,0.0,0.0,3.0,477650.0,145900.0,2.0,202367.15,200199.0,746.0
3,4.0,1.0,2.0,1.0,4.0,2.0,31.0,160000.0,3.0,3.0,2.0,2.0,1.0,2.0,3000000.0,1.0,4.0,6.0,2.0,100000.0,5000.0,1.0,500000.0,200000.0,2.0,221957.0,342077.0,749.0
3,2.0,1.0,3.0,1.0,4.0,2.0,31.0,100000.0,3.0,3.0,2.0,2.0,2.0,2.0,0.0,2.0,4.0,2.0,2.0,0.0,0.0,1.0,300000.0,152000.0,2.0,226189.23,247495.0,748.0
3,1.0,1.0,1.0,2.0,4.0,2.0,31.0,160000.0,3.0,3.0,2.0,2.0,1.0,2.0,0.0,2.0,1.0,1.0,2.0,0.0,0.0,1.0,300000.0,282000.0,3.0,150622.79,206751.0,749.0
3,1.0,1.0,3.0,2.0,4.0,2.0,31.0,60000.0,3.0,3.0,2.0,2.0,2.0,2.0,0.0,2.0,1.0,1.0,2.0,0.0,0.0,1.0,100000.0,84000.0,2.0,110413.74,39821.0,752.0
3,1.0,1.0,4.0,1.0,4.0,2.0,31.0,200000.0,3.0,3.0,2.0,2.0,2.0,2.0,0.0,2.0,4.0,6.0,2.0,10000.0,5000.0,3.0,955300.0,294000.0,2.0,209196.97,674664.0,747.0
3,7.0,1.0,6.0,1.0,4.0,1.0,31.0,100000.0,3.0,2.0,2.0,2.0,1.0,2.0,0.0,2.0,4.0,1.0,2.0,0.0,0.0,1.2222222222222223,376130.0,273000.0,2.0,228732.85,2386940.0,743.0
3,3.0,1.0,2.0,1.0,4.0,2.0,31.0,50000.0,3.0,3.0,2.0,2.0,2.0,2.0,0.0,2.0,4.0,1.0,2.0,0.0,0.0,1.0,200000.0,284000.0,4.0,213826.45,424715.0,746.0
3,3.0,1.0,2.0,1.0,4.0,2.0,31.0,80000.0,3.0,2.0,2.0,2.0,2.0,2.0,0.0,2.0,4.0,1.0,2.0,0.0,0.0,1.4444444444444444,266670.77777777775,247900.0,3.0,185197.4,382451.0,744.0
3,4.0,1.0,3.0,1.0,4.0,2.0,31.0,70000.0,2.0,2.0,2.0,2.0,2.0,2.0,0.0,2.0,4.0,1.0,2.0,0.0,0.0,1.4444444444444444,238818.33333333337,353000.0,4.0,198765.85,1366269.0,743.0
3,1.0,1.0,2.0,1.0,4.0,2.0,31.0,160000.0,3.0,2.0,2.0,2.0,1.0,2.0,0.0,2.0,4.0,1.0,2.0,0.0,0.0,1.2222222222222223,231125.0,283000.0,2.0,129338.25,470363.0,745.0
3,1.0,1.0,1.0,1.0,4.0,2.0,31.0,30000.0,3.0,2.0,2.0,2.0,1.0,2.0,0.0,2.0,4.0,1.0,2.0,0.0,0.0,1.0,100000.0,282000.0,2.0,101741.05,265910.0,745.0
3,1.0,1.0,1.0,2.0,4.0,2.0,31.0,70000.0,2.0,3.0,2.0,2.0,1.0,2.0,0.0,2.0,1.0,1.0,1.0,0.0,0.0,1.0,127777.77777777778,40000.0,3.0,122696.1,128183.0,752.0
3,2.0,1.0,3.0,1.0,4.0,2.0,31.0,100000.0,3.0,2.0,2.0,2.0,1.0,2.0,0.0,2.0,4.0,1.0,2.0,0.0,0.0,1.2222222222222223,230459.72222222225,200000.0,1.0,167497.85,287272.0,24746.0
3,5.0,1.0,3.0,1.0,4.0,2.0,31.0,200000.0,3.0,3.0,2.0,2.0,2.0,2.0,0.0,2.0,4.0,1.0,2.0,0.0,0.0,1.2222222222222223,485287.22222222225,232900.0,2.0,215874.3,434875.0,746.0
3,4.0,1.0,4.0,1.0,4.0,1.0,31.0,130000.0,2.0,2.0,2.0,2.0,2.0,2.0,0.0,2.0,1.0,2.0,2.0,1400000.0,700000.0,1.0,220000.0,357000.0,3.0,111773.45,124361.0,747.0
3,3.0,1.0,5.0,1.0,4.0,2.0,31.0,110000.0,2.0,2.0,2.0,2.0,2.0,2.0,40000.0,1.0,4.0,2.0,2.0,800000.0,550000.0,1.0,180000.0,270000.0,1.0,109477.6,151963.0,749.0
3,3.0,1.0,4.0,2.0,4.0,2.0,31.0,90000.0,3.0,2.0,2.0,1.0,1.0,1.0,0.0,2.0,4.0,6.0,1.0,550000.0,250000.0,1.0,140000.0,82300.0,3.0,78295.2,79496.0,752.0
3,6.0,1.0,5.0,1.0,4.0,1.0,31.0,70000.0,3.0,2.0,2.0,1.0,1.0,1.0,60000.0,1.0,4.0,1.0,2.0,2000000.0,950000.0,1.0,280000.0,415300.0,6.0,70528.5,332250.0,300750.0
3,6.0,1.0,5.0,1.0,4.0,1.0,31.0,80000.0,3.0,3.0,2.0,1.0,2.0,2.0,0.0,1.0,1.0,1.0,1.0,1600000.0,700000.0,1.0,260000.0,601000.0,5.0,72276.3,230187.0,748.0
3,5.0,1.0,4.0,2.0,4.0,2.0,31.0,60000.0,3.0,2.0,2.0,2.0,1.0,2.0,0.0,2.0,2.0,4.0,2.0,1500000.0,850000.0,1.0,190000.0,75400.0,2.0,62981.6,143279.0,752.0
3,2.0,1.0,5.0,2.0,4.0,2.0,31.0,110000.0,2.0,2.0,2.0,2.0,1.0,2.0,0.0,2.0,4.0,1.0,1.0,500000.0,250000.0,1.0,120000.0,45250.0,2.0,49018.3,55876.0,754.0
3,4.0,1.0,4.0,1.0,4.0,1.0,31.0,120000.0,2.0,3.0,2.0,1.0,2.0,2.0,0.0,2.0,4.0,1.0,2.0,1700000.0,800000.0,1.0,220000.0,720000.0,2.0,93066.45,141259.0,750.0
3,5.0,1.0,5.0,1.0,4.0,2.0,31.0,130000.0,2.0,2.0,2.0,2.0,1.0,1.0,100000.0,1.0,4.0,3.0,2.0,1600000.0,950000.0,1.0,200000.0,282580.0,3.0,92042.0,36112.0,749.0
3,2.0,1.0,3.0,2.0,4.0,2.0,31.0,80000.0,4.0,2.0,2.0,2.0,2.0,2.0,0.0,2.0,4.0,3.0,2.0,400000.0,200000.0,1.0,100000.0,81100.0,2.0,90016.35,66191.0,752.0
3,5.0,1.0,4.0,2.0,4.0,2.0,31.0,100000.0,3.0,2.0,2.0,2.0,1.0,2.0,100000.0,1.0,4.0,3.0,2.0,2500000.0,1000000.0,1.0,250000.0,90000.0,2.0,130944.75,177756.0,745.0
3,2.0,1.0,3.0,2.0,4.0,2.0,31.0,75000.0,4.0,2.0,2.0,2.0,1.0,2.0,0.0,2.0,4.0,3.0,2.0,800000.0,500000.0,1.0,150000.0,50000.0,2.0,88527.9,246671.0,748.0
3,4.0,1.0,5.0,1.0,4.0,1.0,31.0,120000.0,3.0,2.0,2.0,2.0,2.0,2.0,200000.0,1.0,4.0,6.0,2.0,1600000.0,900000.0,1.0,200000.0,260000.0,2.0,143410.9,307030.0,741.0
3,2.0,1.0,3.0,2.0,4.0,2.0,31.0,70000.0,4.0,2.0,2.0,2.0,2.0,2.0,40000.0,1.0,1.0,1.0,2.0,900000.0,300000.0,1.0,150000.0,95400.0,3.0,86892.9,62565.0,752.0
3,5.0,1.0,3.0,2.0,4.0,2.0,31.0,60000.0,4.0,2.0,2.0,2.0,1.0,2.0,30000.0,1.0,4.0,6.0,2.0,500000.0,250000.0,1.0,100000.0,43400.0,2.0,77415.1,76666.0,748.0
3,3.0,1.0,3.0,1.0,4.0,1.0,31.0,88000.0,3.0,2.0,2.0,2.0,2.0,2.0,50000.0,1.0,4.0,6.0,2.0,1000000.0,500000.0,1.0,180000.0,100000.0,1.0,118196.9,143990.0,741.0
3,3.0,1.0,4.0,2.0,4.0,1.0,31.0,110000.0,3.0,2.0,2.0,1.0,2.0,2.0,40000.0,1.0,4.0,6.0,2.0,850000.0,450000.0,1.0,150000.0,245000.0,2.0,103994.4,156925.0,747.0
3,5.0,1.0,4.0,1.0,4.0,1.0,31.0,100000.0,3.0,2.0,2.0,2.0,2.0,2.0,70000.0,1.0,4.0,6.0,2.0,1600000.0,900000.0,1.0,200000.0,204500.0,3.0,153792.75,209674.0,741.0
3,1.0,1.0,2.0,2.0,4.0,2.0,31.0,66000.0,4.0,2.0,2.0,2.0,2.0,2.0,20000.0,1.0,1.0,1.0,2.0,500000.0,260000.0,1.0,100000.0,61200.0,2.0,59126.6,67340.0,755.0
3,5.0,1.0,3.0,2.0,4.0,2.0,31.0,50000.0,4.0,2.0,2.0,2.0,1.0,2.0,0.0,2.0,4.0,3.0,2.0,500000.0,200000.0,1.0,100000.0,42960.0,2.0,54210.85,89334.0,752.0
3,3.0,1.0,4.0,1.0,4.0,1.0,31.0,100000.0,3.0,2.0,2.0,2.0,2.0,2.0,100000.0,1.0,4.0,6.0,2.0,1000000.0,500000.0,1.0,210000.0,215000.0,2.0,59147.75,175713.0,742.0
3,3.0,1.0,3.0,1.0,4.0,1.0,31.0,90000.0,3.0,2.0,2.0,2.0,2.0,2.0,150000.0,1.0,4.0,6.0,2.0,1000000.0,500000.0,1.0,200000.0,130000.0,1.0,68630.65,163900.0,400746.0
3,4.0,1.0,4.0,2.0,4.0,1.0,31.0,30000.0,3.0,2.0,2.0,2.0,2.0,2.0,100000.0,1.0,4.0,6.0,2.0,1500000.0,550000.0,1.0,220000.0,148000.0,1.0,63165.25,141789.0,747.0
3,5.0,1.0,4.0,2.0,4.0,1.0,31.0,40000.0,3.0,2.0,2.0,2.0,2.0,2.0,100000.0,1.0,4.0,6.0,2.0,2000000.0,800000.0,1.0,250000.0,98000.0,1.0,63516.65,37238.0,746.0
3,5.0,1.0,4.0,1.0,4.0,1.0,31.0,40000.0,3.0,2.0,2.0,2.0,2.0,2.0,150000.0,1.0,4.0,6.0,2.0,1600000.0,800000.0,1.0,200000.0,148500.0,2.0,44999.55,68330.0,742.0
3,5.0,1.0,3.0,2.0,4.0,2.0,31.0,70000.0,4.0,2.0,2.0,2.0,1.0,2.0,50000.0,1.0,4.0,3.0,2.0,650000.0,350000.0,1.0,150000.0,82000.0,2.0,37772.8,38339.0,753.0
3,2.0,1.0,3.0,2.0,4.0,2.0,31.0,66000.0,4.0,2.0,2.0,2.0,2.0,2.0,0.0,2.0,4.0,3.0,2.0,600000.0,300000.0,1.0,130000.0,82900.0,2.0,47835.4,13240.0,753.0
3,4.0,1.0,3.0,1.0,4.0,2.0,15.0,120000.0,3.0,2.0,2.0,2.0,1.0,2.0,495000.0,1.0,4.0,3.0,2.0,4000000.0,1600000.0,1.0,1000000.0,91000.0,2.0,74554.3,145167.0,1532749.0
3,9.0,1.0,4.0,1.0,4.0,1.0,15.0,100000.0,3.0,3.0,2.0,2.0,1.0,2.0,280000.0,1.0,4.0,6.0,2.0,5000.0,2500.0,3.0,477650.0,217000.0,2.0,148049.0,249803.0,747.0
3,3.0,1.0,3.0,1.0,4.0,2.0,15.0,240000.0,3.0,1.0,2.0,2.0,1.0,2.0,0.0,2.0,4.0,4.0,2.0,850000.0,1000.0,1.0,200000.0,66800.0,2.0,92277.55,224337.0,749.0
3,5.0,1.0,4.0,1.0,4.0,1.0,15.0,120000.0,3.0,2.0,2.0,2.0,2.0,2.0,0.0,2.0,4.0,4.0,2.0,1000000.0,600000.0,1.0,250000.0,360000.0,3.0,112739.7,656244.0,1600750.0
3,2.0,1.0,4.0,1.0,4.0,2.0,15.0,63000.0,3.0,3.0,2.0,2.0,1.0,2.0,0.0,2.0,4.0,3.0,2.0,1000.0,250000.0,1.0,100000.0,89000.0,2.0,104613.9,79871.0,748.0
3,4.0,1.0,4.0,1.0,4.0,2.0,15.0,200000.0,3.0,2.0,2.0,2.0,2.0,2.0,0.0,2.0,1.0,4.0,2.0,1200000.0,430000.0,1.0,100000.0,128000.0,2.0,89022.15,263948.0,750.0
3,1.0,3.0,4.0,2.0,4.0,2.0,15.0,40000.0,3.0,3.0,2.0,2.0,2.0,2.0,0.0,2.0,4.0,1.0,2.0,400000.0,175000.0,1.0,50000.0,36000.0,1.0,51375.4,37204.0,757.0
3,5.0,1.0,7.0,1.0,4.0,2.0,15.0,320000.0,3.0,3.0,2.0,2.0,1.0,2.0,263000.0,1.0,4.0,4.0,2.0,1300000.0,550000.0,1.0,100000.0,61000.0,2.0,141785.05,182088.0,383671.0
3,6.0,1.0,4.0,1.0,4.0,2.0,15.0,200000.0,3.0,3.0,2.0,2.0,2.0,2.0,388000.0,1.0,4.0,4.0,2.0,2000000.0,0.0,1.0,500000.0,121000.0,2.0,73613.0,139915.0,748.0
3,4.0,1.0,4.0,1.0,4.0,1.0,31.0,130000.0,3.0,3.0,2.0,2.0,2.0,2.0,500000.0,1.0,4.0,6.0,2.0,1000000.0,800000.0,1.0,100000.0,250000.0,4.0,177591.91,355922.0,2020749.0
3,2.0,1.0,3.0,2.0,4.0,2.0,31.0,120000.0,4.0,3.0,2.0,2.0,2.0,2.0,50000.0,1.0,4.0,6.0,2.0,500000.0,250000.0,1.0,70000.0,80000.0,1.0,134795.26,205108.0,756.0
3,6.0,1.0,4.0,1.0,4.0,2.0,31.0,150000.0,4.0,3.0,2.0,2.0,2.0,2.0,500000.0,1.0,4.0,6.0,2.0,1000000.0,800000.0,1.0,100000.0,223000.0,3.0,170131.46,302931.0,745.0
3,4.0,1.0,1.0,1.0,4.0,1.0,31.0,120000.0,3.0,3.0,2.0,2.0,2.0,2.0,1500000.0,1.0,4.0,6.0,2.0,1000000.0,800000.0,1.0,100000.0,180000.0,1.0,159752.5,376677.0,1915349.0
3,2.0,1.0,5.0,2.0,4.0,1.0,31.0,250000.0,3.0,2.0,2.0,1.0,2.0,2.0,800000.0,1.0,4.0,6.0,2.0,1000000.0,800000.0,1.0,100000.0,200000.0,1.0,212783.2,346956.0,744.0
3,2.0,1.0,3.0,1.0,4.0,1.0,31.0,100000.0,4.0,3.0,2.0,2.0,2.0,2.0,0.0,2.0,4.0,6.0,2.0,1000000.0,500000.0,1.0,150000.0,150000.0,1.0,256044.84,329316.0,742.0
3,8.0,1.0,7.0,1.0,4.0,1.0,31.0,250000.0,3.0,2.0,2.0,2.0,2.0,2.0,4800000.0,1.0,4.0,6.0,2.0,5000000.0,3000000.0,1.0,300000.0,461000.0,5.0,273522.95,766773.0,739.0
3,1.0,1.0,2.0,2.0,4.0,2.0,31.0,80000.0,4.0,3.0,2.0,1.0,1.0,2.0,0.0,2.0,4.0,6.0,2.0,1200000.0,450000.0,1.0,50000.0,38100.0,2.0,113076.9,160109.0,752.0
3,1.0,1.0,3.0,2.0,4.0,2.0,31.0,100000.0,4.0,3.0,2.0,2.0,1.0,2.0,0.0,2.0,4.0,6.0,2.0,500000.0,250000.0,1.0,50000.0,49000.0,1.0,72820.3,98601.0,753.0
3,2.0,1.0,2.0,2.0,4.0,2.0,31.0,80000.0,2.0,2.0,2.0,2.0,1.0,2.0,0.0,2.0,4.0,6.0,2.0,0.0,1000000.0,1.0,68000.0,68000.0,2.0,84164.89,158907.0,744.0
3,4.0,3.0,2.0,2.0,4.0,2.0,31.0,50000.0,4.0,3.0,2.0,2.0,1.0,2.0,2350000.0,1.0,4.0,6.0,2.0,0.0,0.0,1.0,70000.0,91000.0,4.0,118024.57,221496.0,958055.0
3,1.0,1.0,2.0,2.0,4.0,2.0,31.0,60000.0,2.0,2.0,2.0,2.0,1.0,2.0,0.0,2.0,4.0,6.0,2.0,0.0,0.0,1.0,50000.0,52000.0,2.0,89396.63,160173.0,746.0
3,5.0,1.0,3.0,1.0,4.0,2.0,31.0,120000.0,3.0,3.0,2.0,2.0,2.0,2.0,50000.0,1.0,4.0,4.0,2.0,0.0,5000.0,1.0,170000.0,187000.0,2.0,175687.88,126305.0,747.0
3,1.0,1.0,3.0,2.0,4.0,2.0,31.0,65000.0,3.0,2.0,2.0,2.0,1.0,2.0,0.0,1.0,4.0,6.0,2.0,0.0,1000.0,1.0,36000.0,36000.0,1.0,60776.5,102418.0,745.0
3,3.0,1.0,3.0,2.0,4.0,2.0,31.0,120000.0,3.0,2.0,2.0,2.0,1.0,2.0,0.0,2.0,4.0,5.0,2.0,0.0,0.0,1.0,130000.0,130000.0,1.0,87128.11,141509.0,748.0
3,5.0,3.0,3.0,1.0,4.0,2.0,31.0,100000.0,3.0,3.0,2.0,2.0,1.0,2.0,0.0,1.0,1.0,3.0,2.0,0.0,0.0,1.0,100000.0,110000.0,2.0,109732.97,193722.0,745.0
3,4.0,1.0,2.0,2.0,4.0,2.0,31.0,80000.0,3.0,2.0,2.0,2.0,1.0,2.0,0.0,1.0,1.0,5.0,2.0,0.0,2000000.0,1.0,159000.0,159200.0,4.0,112435.05,135697.0,747.0
3,2.0,1.0,3.0,2.0,4.0,2.0,31.0,80000.0,4.0,2.0,2.0,2.0,1.0,2.0,0.0,2.0,4.0,6.0,2.0,10000.0,4000.0,1.0,100000.0,83000.0,2.0,128729.77,218002.0,747.0
3,4.0,1.0,2.0,1.0,4.0,2.0,31.0,100000.0,3.0,2.0,2.0,2.0,2.0,2.0,0.0,2.0,1.0,6.0,2.0,0.0,0.0,1.0,150000.0,176000.0,4.0,217177.01,115480.0,744.0
3,2.0,1.0,3.0,1.0,4.0,1.0,31.0,150000.0,3.0,2.0,2.0,2.0,2.0,2.0,0.0,2.0,4.0,6.0,2.0,0.0,1000.0,1.0,100000.0,83100.0,2.0,196707.05,232421.0,745.0
3,2.0,1.0,2.0,1.0,4.0,2.0,31.0,45000.0,3.0,2.0,2.0,2.0,2.0,2.0,100000.0,1.0,4.0,6.0,2.0,0.0,0.0,1.0,100000.0,85000.0,1.0,158669.22,208322.0,800751.0
3,2.0,1.0,2.0,1.0,4.0,2.0,31.0,65000.0,3.0,2.0,2.0,2.0,1.0,2.0,100000.0,1.0,4.0,6.0,2.0,0.0,0.0,1.0,100000.0,42400.0,1.0,129673.5,144609.0,751.0
3,4.0,1.0,2.0,1.0,4.0,2.0,31.0,200000.0,3.0,1.0,2.0,2.0,2.0,2.0,0.0,2.0,4.0,6.0,2.0,0.0,0.0,1.0,200000.0,192500.0,3.0,197091.2,252835.0,743.0
3,4.0,1.0,3.0,1.0,4.0,1.0,31.0,60000.0,3.0,2.0,2.0,2.0,2.0,2.0,0.0,2.0,4.0,6.0,2.0,0.0,0.0,1.0,150000.0,120000.0,1.0,110251.94,265035.0,744.0
3,3.0,1.0,2.0,1.0,4.0,2.0,31.0,70000.0,3.0,2.0,2.0,2.0,2.0,2.0,0.0,2.0,4.0,6.0,2.0,0.0,0.0,1.0,150000.0,134500.0,2.0,149627.32,215337.0,742.0
3,4.0,1.0,3.0,1.0,4.0,2.0,31.0,155000.0,3.0,2.0,2.0,2.0,1.0,2.0,0.0,2.0,4.0,6.0,2.0,0.0,0.0,1.0,250000.0,147500.0,2.0,185340.1,382103.0,742.0
3,2.0,1.0,2.0,2.0,4.0,2.0,31.0,60000.0,3.0,2.0,2.0,2.0,1.0,2.0,0.0,2.0,4.0,6.0,2.0,0.0,0.0,1.0,100000.0,173000.0,3.0,135791.9,70509.0,750.0
3,2.0,1.0,3.0,1.0,4.0,2.0,31.0,160000.0,3.0,3.0,2.0,2.0,2.0,2.0,0.0,2.0,4.0,6.0,2.0,0.0,0.0,1.6666666666666667,271830.3333333333,157000.0,2.0,82323.15,75162.0,747.0
3,7.0,1.0,2.0,1.0,4.0,2.0,31.0,150000.0,3.0,3.0,2.0,2.0,1.0,2.0,960000.0,1.0,4.0,6.0,2.0,0.0,0.0,1.0,286666.6666666667,258000.0,3.0,174404.55,234222.0,748.0
3,3.0,1.0,3.0,2.0,4.0,2.0,31.0,40000.0,4.0,3.0,2.0,2.0,2.0,2.0,60000.0,1.0,4.0,2.0,2.0,4000.0,3500.0,3.0,1432950.0,105000.0,2.0,74772.4,115164.0,749.0
3,6.0,1.0,3.0,1.0,4.0,2.0,31.0,180000.0,3.0,3.0,2.0,2.0,2.0,2.0,1900000.0,1.0,4.0,6.0,2.0,2000000.0,1500000.0,1.0,1000000.0,266000.0,2.0,171414.15,577053.0,747.0
3,1.0,1.0,2.0,2.0,4.0,2.0,31.0,120000.0,1.0,2.0,2.0,2.0,1.0,2.0,0.0,2.0,4.0,3.0,2.0,0.0,0.0,1.2222222222222223,251715.33333333337,122000.0,2.0,66161.45,140848.0,745.0
3,4.0,1.0,3.0,2.0,4.0,1.0,31.0,180000.0,2.0,3.0,2.0,2.0,2.0,2.0,700000.0,1.0,4.0,2.0,2.0,1000000.0,800000.0,1.0,700000.0,350000.0,2.0,89818.6,232191.0,749.0
3,6.0,1.0,3.0,1.0,4.0,1.0,31.0,180000.0,3.0,3.0,2.0,2.0,2.0,2.0,0.0,2.0,4.0,2.0,2.0,600000.0,500000.0,1.0,450000.0,280000.0,2.0,118652.3,239577.0,744.0
3,3.0,1.0,3.0,1.0,4.0,1.0,31.0,35000.0,3.0,3.0,2.0,2.0,2.0,2.0,0.0,2.0,4.0,2.0,2.0,800000.0,700000.0,1.0,600000.0,200000.0,2.0,122975.25,83763.0,746.0
3,1.0,1.0,3.0,2.0,4.0,2.0,31.0,20000.0,3.0,3.0,2.0,2.0,1.0,2.0,0.0,2.0,4.0,2.0,2.0,150000.0,120000.0,1.0,100000.0,143000.0,2.0,75393.1,42414.0,751.0
3,4.0,1.0,5.0,1.0,4.0,2.0,31.0,96000.0,2.0,2.0,2.0,2.0,2.0,2.0,20000.0,1.0,4.0,5.0,2.0,3500000.0,3000000.0,1.0,2800000.0,268000.0,3.0,93658.15,327190.0,746.0
3,5.0,1.0,4.0,2.0,4.0,1.0,31.0,110000.0,3.0,3.0,2.0,2.0,2.0,2.0,700000.0,1.0,4.0,6.0,2.0,6000000.0,5000000.0,1.0,4000000.0,31000.0,1.0,84589.55,368337.0,749.0
3,2.0,1.0,4.0,2.0,4.0,1.0,31.0,75000.0,3.0,3.0,2.0,2.0,1.0,2.0,400000.0,1.0,1.0,5.0,2.0,800000.0,600000.0,1.0,500000.0,46600.0,3.0,38548.9,300988.0,748.0
3,6.0,1.0,5.0,2.0,4.0,2.0,31.0,108000.0,3.0,3.0,2.0,2.0,1.0,2.0,250000.0,1.0,4.0,4.0,2.0,3000000.0,2800000.0,1.0,2600000.0,120150.0,3.0,62942.8,320817.0,749.0
3,1.0,1.0,4.0,2.0,4.0,2.0,31.0,80000.0,3.0,3.0,2.0,2.0,1.0,2.0,0.0,2.0,4.0,6.0,2.0,2500000.0,2000000.0,1.0,1800000.0,42500.0,2.0,48257.5,123268.0,749.0
3,4.0,1.0,4.0,2.0,4.0,1.0,31.0,95000.0,3.0,3.0,2.0,2.0,2.0,2.0,500000.0,1.0,4.0,6.0,2.0,4000000.0,3500000.0,1.0,2000000.0,100000.0,1.0,46299.95,358182.0,748.0
3,6.0,1.0,5.0,1.0,4.0,1.0,31.0,110000.0,3.0,3.0,2.0,2.0,2.0,2.0,300000.0,1.0,4.0,6.0,2.0,4600000.0,3800000.0,1.0,2800000.0,33000.0,1.0,85608.85,414210.0,746.0
3,3.0,1.0,4.0,2.0,4.0,1.0,31.0,98000.0,3.0,3.0,2.0,2.0,2.0,2.0,600000.0,1.0,4.0,4.0,2.0,3000000.0,2000000.0,1.0,1800000.0,100000.0,1.0,66937.2,344273.0,749.0
3,3.0,1.0,5.0,1.0,4.0,1.0,31.0,96000.0,3.0,3.0,2.0,2.0,2.0,2.0,1000000.0,1.0,4.0,6.0,2.0,6000000.0,5000000.0,1.0,3000000.0,219000.0,3.0,107650.6,521743.0,745.0
3,3.0,3.0,3.0,2.0,4.0,2.0,31.0,200000.0,3.0,3.0,2.0,2.0,2.0,2.0,1000000.0,1.0,4.0,4.0,2.0,0.0,0.0,1.2222222222222223,183056.88888888888,150000.0,1.0,31759.3,179559.0,752.0
3,3.0,1.0,2.0,1.0,4.0,2.0,31.0,90000.0,3.0,3.0,2.0,2.0,1.0,2.0,0.0,2.0,4.0,5.0,2.0,0.0,0.0,1.0,212222.22222222225,150000.0,1.0,37944.6,119621.0,752.0
3,4.0,1.0,4.0,2.0,4.0,1.0,31.0,180000.0,3.0,3.0,2.0,2.0,2.0,2.0,0.0,2.0,4.0,6.0,2.0,0.0,0.0,1.0,250000.0,140000.0,2.0,33246.0,118497.0,751.0
3,4.0,1.0,4.0,1.0,4.0,1.0,31.0,250000.0,3.0,3.0,2.0,2.0,2.0,2.0,600000.0,2.0,4.0,6.0,2.0,0.0,600000.0,1.0,200000.0,220000.0,1.0,64401.0,190866.0,746.0
3,6.0,1.0,4.0,1.0,4.0,2.0,31.0,7.0,3.0,3.0,2.0,2.0,2.0,2.0,0.0,2.0,4.0,4.0,2.0,0.0,0.0,1.0,181777.77777777775,37000.0,1.0,44499.2,161182.0,747.0
3,4.0,1.0,5.0,1.0,4.0,1.0,31.0,200000.0,3.0,2.0,2.0,2.0,2.0,2.0,200000.0,1.0,4.0,6.0,2.0,0.0,0.0,1.0,300000.0,80000.0,1.0,21079.5,191781.0,751.0
3,1.0,1.0,3.0,1.0,4.0,2.0,31.0,250000.0,3.0,2.0,2.0,2.0,2.0,2.0,1000000.0,1.0,4.0,6.0,2.0,0.0,0.0,1.2222222222222223,188612.44444444444,102000.0,2.0,44525.6,112675.0,748.0
3,4.0,1.0,4.0,1.0,4.0,2.0,31.0,150000.0,3.0,3.0,2.0,2.0,2.0,2.0,0.0,2.0,4.0,6.0,2.0,0.0,0.0,1.2222222222222223,257270.88888888888,137000.0,3.0,38814.8,153433.0,748.0
3,6.0,1.0,5.0,1.0,4.0,1.0,31.0,150000.0,2.0,2.0,2.0,2.0,1.0,2.0,500000.0,1.0,4.0,6.0,2.0,0.0,0.0,1.0,311111.1111111111,35000.0,2.0,71297.3,232593.0,745.0
3,7.0,1.0,4.0,1.0,4.0,1.0,31.0,80000.0,2.0,3.0,2.0,2.0,1.0,2.0,150000.0,1.0,4.0,5.0,2.0,0.0,1000000.0,1.0,500000.0,201000.0,2.0,211507.3,365882.0,746.0
3,2.0,1.0,2.0,2.0,4.0,2.0,31.0,40000.0,2.0,3.0,2.0,2.0,1.0,2.0,7000000.0,2.0,4.0,6.0,2.0,0.0,600000.0,1.0,300000.0,25000.0,1.0,64670.2,50920.0,754.0
3,7.0,1.0,5.0,1.0,4.0,1.0,31.0,120000.0,2.0,2.0,2.0,2.0,2.0,2.0,0.0,2.0,4.0,5.0,2.0,0.0,1200000.0,1.0,600000.0,449000.0,4.0,249233.64,417041.0,742.0
3,3.0,5.0,1.0,1.0,4.0,1.0,31.0,100000.0,3.0,3.0,2.0,2.0,2.0,2.0,100000.0,1.0,4.0,5.0,2.0,0.0,600000.0,1.0,300000.0,100000.0,1.0,129087.1,184168.0,2000754.0
3,3.0,1.0,2.0,2.0,4.0,2.0,31.0,60000.0,3.0,3.0,2.0,2.0,2.0,2.0,500000.0,1.0,4.0,1.0,2.0,0.0,600000.0,1.0,300000.0,102000.0,2.0,101463.4,61308.0,753.0
3,4.0,1.0,3.0,2.0,4.0,2.0,31.0,70000.0,3.0,3.0,2.0,2.0,2.0,2.0,150000.0,1.0,4.0,6.0,2.0,0.0,600000.0,1.0,300000.0,120000.0,2.0,148232.9,60839.0,751.0
3,5.0,3.0,3.0,1.0,4.0,2.0,31.0,60000.0,3.0,3.0,2.0,2.0,1.0,2.0,200000.0,1.0,4.0,6.0,2.0,0.0,800000.0,1.0,400000.0,15000.0,1.0,146987.6,153506.0,746.0
3,1.0,1.0,2.0,1.0,4.0,2.0,31.0,100000.0,2.0,2.0,2.0,2.0,2.0,2.0,0.0,2.0,4.0,6.0,2.0,0.0,400000.0,1.0,200000.0,80000.0,1.0,95073.3,202997.0,747.0
3,5.0,1.0,4.0,1.0,4.0,2.0,31.0,80000.0,3.0,3.0,2.0,2.0,2.0,2.0,500000.0,1.0,4.0,5.0,2.0,0.0,600000.0,1.0,300000.0,140000.0,2.0,60766.9,112244.0,747.0
3,3.0,1.0,4.0,2.0,4.0,2.0,31.0,120000.0,4.0,3.0,2.0,2.0,2.0,2.0,0.0,2.0,4.0,3.0,2.0,1000000.0,800000.0,1.0,400000.0,140000.0,2.0,59315.1,138618.0,750.0
3,3.0,1.0,3.0,2.0,4.0,2.0,31.0,180000.0,4.0,3.0,2.0,2.0,1.0,2.0,0.0,2.0,1.0,1.0,2.0,0.0,0.0,1.0,200000.0,90200.0,3.0,30241.7,120256.0,754.0
3,4.0,1.0,3.0,1.0,4.0,1.0,31.0,180000.0,3.0,1.0,2.0,2.0,2.0,2.0,400000.0,1.0,4.0,1.0,2.0,1000000.0,700000.0,1.0,200000.0,110000.0,1.0,39593.2,199539.0,750.0
3,7.0,1.0,6.0,1.0,4.0,1.0,31.0,220000.0,2.0,2.0,2.0,2.0,1.0,2.0,0.0,2.0,4.0,1.0,2.0,0.0,0.0,1.0,300000.0,297000.0,3.0,107840.8,320298.5,739.0
3,3.0,1.0,4.0,1.0,4.0,2.0,31.0,160000.0,3.0,2.0,2.0,2.0,1.0,2.0,0.0,2.0,4.0,1.0,2.0,1500000.0,1000000.0,1.0,200000.0,120000.0,1.0,106668.9,129274.0,745.0
3,5.0,1.0,6.0,1.0,4.0,1.0,31.0,200000.0,3.0,2.0,2.0,2.0,1.0,2.0,0.0,2.0,4.0,1.0,2.0,1200000.0,800000.0,1.0,200000.0,175000.0,3.0,62194.0,292481.0,742.0
3,9.0,1.0,7.0,2.0,4.0,1.0,31.0,260000.0,4.0,3.0,2.0,2.0,1.0,2.0,0.0,2.0,4.0,3.0,2.0,1500000.0,800000.0,1.0,500000.0,200000.0,1.0,78388.35,187699.5,751.0
3,4.0,1.0,4.0,1.0,4.0,2.0,31.0,200000.0,3.0,2.0,2.0,2.0,1.0,2.0,0.0,2.0,4.0,3.0,2.0,800000.0,600000.0,1.0,200000.0,150000.0,1.0,56410.6,83190.0,745.0
3,6.0,1.0,3.0,2.0,4.0,2.0,31.0,200000.0,4.0,3.0,2.0,2.0,1.0,2.0,0.0,2.0,1.0,1.0,2.0,800000.0,600000.0,1.0,200000.0,98000.0,3.0,37501.4,104557.0,750.0
3,5.0,1.0,4.0,1.0,4.0,2.0,31.0,160000.0,2.0,2.0,2.0,1.0,1.0,2.0,0.0,2.0,4.0,4.0,2.0,4500000.0,3000000.0,1.0,190000.0,190000.0,2.0,103644.9,158030.0,1200748.0
3,4.0,1.0,5.0,1.0,4.0,1.0,31.0,140000.0,2.0,2.0,2.0,2.0,1.0,2.0,0.0,2.0,4.0,4.0,2.0,3000000.0,2000000.0,1.0,200000.0,500.0,1.0,109098.3,168287.0,741.0
3,5.0,1.0,3.0,1.0,4.0,2.0,31.0,140000.0,3.0,2.0,2.0,2.0,1.0,2.0,0.0,2.0,4.0,4.0,2.0,4500000.0,3500000.0,1.0,150000.0,32200.0,2.0,90607.8,195399.0,743.0
3,3.0,1.0,4.0,1.0,4.0,2.0,31.0,100000.0,3.0,2.0,2.0,2.0,1.0,2.0,0.0,2.0,4.0,4.0,2.0,2500000.0,2000000.0,1.0,160000.0,167500.0,3.0,65257.6,153555.0,742.0
3,2.0,1.0,3.0,1.0,4.0,2.0,31.0,100000.0,2.0,2.0,2.0,1.0,2.0,2.0,0.0,2.0,4.0,4.0,2.0,3000000.0,1000000.0,1.0,100000.0,90000.0,1.0,133779.9,151074.0,745.0
3,5.0,1.0,3.0,1.0,4.0,1.0,31.0,150000.0,2.0,2.0,2.0,2.0,2.0,2.0,0.0,2.0,4.0,6.0,2.0,4500000.0,3000000.0,1.0,250000.0,280000.0,2.0,108690.1,208261.0,744.0
3,1.0,1.0,3.0,2.0,4.0,2.0,31.0,100000.0,3.0,2.0,2.0,2.0,1.0,1.0,0.0,2.0,4.0,4.0,2.0,2500000.0,1500000.0,1.0,120000.0,124000.0,1.0,91105.5,122270.0,748.0
3,5.0,1.0,4.0,1.0,4.0,1.0,31.0,140000.0,3.0,2.0,2.0,2.0,1.0,2.0,0.0,2.0,4.0,4.0,2.0,5000000.0,1000000.0,1.0,280000.0,280000.0,2.0,70915.1,250770.0,742.0
3,4.0,1.0,4.0,1.0,4.0,1.0,31.0,90000.0,3.0,2.0,2.0,2.0,2.0,2.0,0.0,2.0,4.0,4.0,2.0,4000000.0,1000000.0,1.0,200000.0,222500.0,3.0,68066.8,197935.0,742.0
3,7.0,1.0,3.0,2.0,4.0,2.0,10.0,220000.0,4.0,3.0,2.0,2.0,1.0,2.0,0.0,2.0,4.0,5.0,2.0,10000000.0,1000000.0,1.0,300000.0,100000.0,1.0,98175.2,170123.0,749.0
3,5.0,1.0,3.0,2.0,4.0,2.0,10.0,230000.0,4.0,3.0,2.0,2.0,1.0,2.0,300000.0,1.0,4.0,4.0,2.0,8000000.0,1000000.0,1.0,200000.0,200000.0,2.0,125880.9,110268.0,751.0
3,4.0,1.0,3.0,2.0,4.0,2.0,10.0,220000.0,4.0,3.0,2.0,2.0,1.0,2.0,200000.0,1.0,4.0,4.0,2.0,0.0,800000.0,1.0,200000.0,160000.0,1.0,48273.6,49234.0,400751.0
3,5.0,1.0,3.0,1.0,4.0,1.0,10.0,260000.0,3.0,1.0,2.0,2.0,1.0,2.0,0.0,2.0,4.0,4.0,2.0,1200000.0,800000.0,1.0,200000.0,195000.0,2.0,169519.6,186871.0,56744.0
3,7.0,1.0,3.0,1.0,4.0,1.0,10.0,230000.0,2.0,3.0,2.0,2.0,1.0,2.0,0.0,2.0,4.0,4.0,2.0,2000000.0,1000000.0,1.0,300000.0,276000.0,3.0,216133.8,291402.0,742.0
3,5.0,1.0,3.0,2.0,4.0,2.0,10.0,250000.0,4.0,3.0,2.0,2.0,1.0,2.0,0.0,2.0,1.0,4.0,2.0,600000.0,400000.0,1.0,250000.0,150000.0,3.0,87283.3,132531.0,748.0
3,2.0,1.0,4.0,2.0,4.0,2.0,10.0,124000.0,4.0,3.0,2.0,2.0,1.0,2.0,0.0,2.0,4.0,6.0,2.0,800000.0,600000.0,1.0,200000.0,108000.0,2.0,45505.7,47494.0,754.0
3,5.0,1.0,3.0,2.0,4.0,2.0,10.0,260000.0,4.0,3.0,2.0,2.0,2.0,2.0,0.0,2.0,4.0,4.0,2.0,1800000.0,600000.0,1.0,300000.0,100000.0,1.0,29342.4,54629.0,747.0
3,6.0,1.0,2.0,2.0,4.0,2.0,10.0,250000.0,4.0,2.0,2.0,2.0,1.0,2.0,0.0,2.0,4.0,4.0,2.0,0.0,1000000.0,1.0,200000.0,150000.0,3.0,30625.75,56531.0,746.0
3,2.0,1.0,2.0,2.0,4.0,2.0,30.0,42000.0,4.0,2.0,2.0,2.0,2.0,2.0,0.0,1.0,4.0,4.0,2.0,300000.0,200000.0,1.0,100000.0,100000.0,2.0,112396.03,237694.0,749.0
3,5.0,1.0,2.0,1.0,4.0,1.0,30.0,45000.0,3.0,2.0,2.0,1.0,2.0,2.0,450000.0,1.0,4.0,3.0,2.0,1000000.0,800000.0,1.0,400000.0,221000.0,2.0,122422.95,462161.0,900745.0
3,3.0,1.0,2.0,2.0,4.0,2.0,30.0,40000.0,5.0,3.0,2.0,2.0,2.0,2.0,100000.0,1.0,4.0,5.0,2.0,500000.0,300000.0,1.0,150000.0,60000.0,1.0,62037.62,145444.0,753.0
3,1.0,1.0,2.0,2.0,4.0,2.0,30.0,36000.0,4.0,2.0,2.0,2.0,1.0,2.0,10000.0,1.0,4.0,5.0,2.0,200000.0,150000.0,1.0,70000.0,37100.0,2.0,91867.59,206495.0,751.0
3,2.0,5.0,1.0,1.0,4.0,2.0,30.0,48000.0,4.0,3.0,2.0,2.0,1.0,2.0,250000.0,1.0,1.0,4.0,1.0,500000.0,300000.0,1.0,100000.0,32500.0,2.0,127175.91,171919.0,5750.0
3,1.0,1.0,1.0,2.0,4.0,2.0,30.0,30000.0,5.0,3.0,2.0,2.0,2.0,2.0,0.0,1.0,1.0,4.0,1.0,200000.0,120000.0,1.0,60000.0,58000.0,2.0,93946.35,90293.0,752.0
3,3.0,1.0,1.0,2.0,4.0,2.0,30.0,36000.0,4.0,2.0,2.0,2.0,2.0,2.0,300000.0,1.0,1.0,4.0,1.0,800000.0,500000.0,1.0,200000.0,67500.0,2.0,71406.97,110996.0,751.0
3,5.0,1.0,2.0,1.0,4.0,1.0,30.0,50000.0,3.0,2.0,2.0,1.0,2.0,2.0,500000.0,1.0,4.0,4.0,2.0,1500000.0,1000000.0,1.0,500000.0,214500.0,3.0,111026.72,417269.0,620748.0
3,2.0,1.0,2.0,2.0,4.0,2.0,30.0,45000.0,5.0,3.0,2.0,2.0,1.0,2.0,45000.0,1.0,1.0,4.0,1.0,400000.0,300000.0,1.0,100000.0,40000.0,2.0,26089.13,76376.0,755.0
3,6.0,1.0,3.0,2.0,2.0,1.0,31.0,150000.0,4.0,2.0,2.0,1.0,1.0,2.0,0.0,1.0,1.0,6.0,2.0,0.0,0.0,1.0,300000.0,209000.0,4.0,167366.95,285181.0,749.0
3,2.0,1.0,4.0,2.0,4.0,2.0,31.0,100000.0,3.0,2.0,2.0,1.0,1.0,2.0,0.0,1.0,4.0,4.0,2.0,0.0,300000.0,1.0,150000.0,90000.0,3.0,69051.7,170413.0,56750.0
3,5.0,1.0,4.0,2.0,4.0,2.0,11.0,60000.0,4.0,2.0,2.0,1.0,1.0,2.0,180000.0,1.0,4.0,6.0,2.0,1000000.0,500000.0,1.0,200000.0,120000.0,2.0,154328.55,164547.0,750.0
3,6.0,1.0,3.0,1.0,4.0,1.0,11.0,150000.0,4.0,2.0,2.0,1.0,1.0,1.0,240000.0,1.0,4.0,3.0,2.0,0.0,500000.0,1.0,200000.0,160000.0,2.0,191252.75,297029.0,746.0
3,11.0,1.0,4.0,2.0,4.0,2.0,11.0,140000.0,4.0,3.0,2.0,1.0,1.0,2.0,280000.0,1.0,1.0,6.0,2.0,1000000.0,600000.0,1.0,300000.0,238500.0,5.0,315001.03,378812.0,748.0
3,8.0,1.0,5.0,2.0,4.0,2.0,31.0,190000.0,3.0,2.0,2.0,1.0,1.0,2.0,1675000.0,1.0,1.0,3.0,2.0,1000000.0,800000.0,1.0,200000.0,142000.0,3.0,112863.3,284403.0,749.0
3,1.0,1.0,3.0,2.0,4.0,2.0,11.0,60000.0,3.0,2.0,2.0,1.0,1.0,2.0,10000.0,1.0,4.0,6.0,2.0,0.0,0.0,1.0,80000.0,39000.0,1.0,127204.4,57401.0,752.0
3,7.0,1.0,4.0,1.0,4.0,2.0,11.0,200000.0,5.0,2.0,2.0,1.0,1.0,2.0,6000.0,1.0,1.0,6.0,2.0,0.0,0.0,1.0,200000.0,108000.0,4.0,133271.45,180096.0,747.0
3,5.0,1.0,6.0,2.0,4.0,1.0,31.0,120000.0,3.0,2.0,2.0,1.0,1.0,2.0,100000.0,1.0,1.0,6.0,2.0,1500000.0,800000.0,1.0,300000.0,156000.0,3.0,79542.45,401524.0,478746.0
3,4.0,1.0,2.0,2.0,4.0,2.0,30.0,7.0,3.0,3.0,2.0,2.0,1.0,2.0,200000.0,1.0,4.0,6.0,2.0,0.0,200000.0,1.0,60000.0,50000.0,2.0,40495.9,49719.0,754.0
3,6.0,1.0,3.0,1.0,4.0,1.0,30.0,150000.0,3.0,3.0,2.0,2.0,2.0,2.0,0.0,2.0,4.0,3.0,2.0,0.0,300000.0,1.0,100000.0,196000.0,3.0,293788.4,216923.0,744.0
3,1.0,1.0,2.0,2.0,4.0,2.0,30.0,30000.0,4.0,3.0,2.0,2.0,1.0,2.0,500000.0,1.0,4.0,6.0,2.0,0.0,0.0,1.0,50000.0,20000.0,1.0,24281.3,49518.0,754.0
3,5.0,1.0,2.0,2.0,4.0,1.0,30.0,50000.0,3.0,3.0,2.0,2.0,2.0,2.0,0.0,2.0,4.0,3.0,2.0,0.0,200000.0,1.0,80000.0,49000.0,1.0,70537.8,109471.0,750.0
3,5.0,1.0,3.0,1.0,4.0,2.0,30.0,80000.0,3.0,2.0,2.0,2.0,2.0,2.0,0.0,2.0,4.0,2.0,2.0,0.0,0.0,1.0,150000.0,94500.0,3.0,114741.9,504699.0,747.0
3,3.0,1.0,1.0,2.0,4.0,2.0,30.0,25000.0,3.0,3.0,2.0,2.0,2.0,2.0,0.0,2.0,4.0,6.0,2.0,0.0,200000.0,1.0,60000.0,65000.0,1.0,136270.75,78020.0,755.0
3,1.0,1.0,3.0,2.0,4.0,2.0,30.0,7.0,3.0,3.0,2.0,2.0,1.0,2.0,0.0,2.0,4.0,6.0,2.0,250000.0,100000.0,1.0,50000.0,200.0,1.0,103216.65,62829.0,754.0
3,1.0,1.0,3.0,2.0,4.0,2.0,30.0,35000.0,3.0,3.0,2.0,2.0,2.0,2.0,0.0,2.0,4.0,3.0,2.0,200000.0,120000.0,1.0,60000.0,65000.0,1.0,88539.2,97134.0,750.0
3,3.0,1.0,3.0,1.0,4.0,2.0,30.0,150000.0,3.0,3.0,2.0,2.0,2.0,2.0,0.0,2.0,4.0,3.0,2.0,2000.0,1000.0,1.0,70000.0,300.0,1.0,306470.83,97522.0,748.0
3,6.0,1.0,1.0,1.0,4.0,2.0,30.0,150000.0,4.0,3.0,2.0,2.0,1.0,2.0,100000.0,1.0,1.0,1.0,2.0,0.0,600000.0,1.0,200000.0,65000.0,2.0,109156.94,100002.0,747.0
3,5.0,1.0,3.0,1.0,4.0,2.0,30.0,180000.0,2.0,2.0,2.0,2.0,1.0,2.0,900000.0,2.0,4.0,1.0,2.0,0.0,1000000.0,1.0,200000.0,167500.0,3.0,194290.92,232553.0,743.0
3,5.0,1.0,1.0,1.0,4.0,2.0,30.0,90000.0,3.0,3.0,2.0,2.0,2.0,2.0,400000.0,2.0,4.0,6.0,2.0,0.0,500000.0,1.0,300000.0,300000.0,4.0,308206.27,693982.0,745.0
3,5.0,1.0,4.0,1.0,4.0,1.0,30.0,60000.0,3.0,3.0,2.0,2.0,1.0,2.0,0.0,2.0,4.0,1.0,2.0,0.0,500000.0,1.0,250000.0,143000.0,2.0,221537.15,467408.0,747.0
3,1.0,1.0,3.0,2.0,4.0,2.0,30.0,120000.0,2.0,3.0,2.0,2.0,1.0,2.0,0.0,2.0,4.0,6.0,2.0,0.0,0.0,1.0,50000.0,43100.0,2.0,113658.2,87051.0,749.0
3,2.0,1.0,1.0,2.0,4.0,2.0,30.0,7.0,4.0,3.0,2.0,2.0,1.0,2.0,0.0,2.0,4.0,6.0,2.0,0.0,0.0,1.0,150000.0,63700.0,2.0,85764.09,79419.0,748.0
3,5.0,1.0,4.0,2.0,4.0,2.0,30.0,90000.0,3.0,3.0,2.0,2.0,2.0,2.0,400000.0,1.0,1.0,1.0,1.0,0.0,500000.0,1.0,150000.0,58500.0,2.0,179577.85,144243.0,751.0
3,1.0,1.0,3.0,2.0,4.0,2.0,30.0,90000.0,3.0,3.0,2.0,2.0,2.0,2.0,0.0,2.0,4.0,2.0,2.0,0.0,0.0,1.0,50000.0,38000.0,1.0,78181.4,77853.0,752.0
3,2.0,1.0,4.0,1.0,4.0,2.0,30.0,210000.0,2.0,2.0,2.0,2.0,2.0,2.0,0.0,2.0,4.0,6.0,2.0,500000.0,300000.0,1.0,150000.0,162000.0,2.0,171561.48,255289.0,745.0
3,3.0,1.0,3.0,2.0,4.0,2.0,31.0,150000.0,2.0,3.0,2.0,2.0,2.0,2.0,50000.0,1.0,4.0,4.0,2.0,5000.0,3000.0,1.0,80000.0,100000.0,1.0,83620.55,226341.0,749.0
3,4.0,1.0,3.0,1.0,4.0,1.0,30.333333333333332,200000.0,2.0,2.0,2.0,2.0,1.0,2.0,0.0,1.0,1.0,6.0,2.0,3000.0,1500.0,3.0,143295.0,29100.0,2.0,283372.1,1139231.0,740.0
3,6.0,1.0,4.0,2.0,4.0,2.0,30.77777777777778,170000.0,3.0,2.0,2.0,2.0,1.0,2.0,20000.0,1.0,4.0,6.0,2.0,5000.0,2000.0,1.0,50000.0,27700.0,2.0,181711.818,131128.0,747.0
3,7.0,1.0,4.0,2.0,4.0,2.0,30.11111111111111,80000.0,3.0,2.0,2.0,2.0,2.0,2.0,100000.0,1.0,1.0,6.0,2.0,0.0,300000.0,1.0,100000.0,117000.0,3.0,19412.3,67391.0,748.0
3,2.0,1.0,4.0,2.0,4.0,2.0,30.444444444444443,100000.0,3.0,2.0,2.0,2.0,1.0,2.0,50000.0,1.0,4.0,6.0,2.0,0.0,3000.0,3.0,143295.0,300.0,1.0,38713.6,53180.0,747.0
3,4.0,1.0,4.0,1.0,4.0,2.0,30.666666666666668,150000.0,3.0,3.0,2.0,2.0,2.0,2.0,30000.0,1.0,1.0,6.0,2.0,3000.0,1500.0,1.0,50000.0,50000.0,2.0,96214.13,271376.0,743.0
3,4.0,1.0,3.0,2.0,4.0,2.0,30.666666666666668,80000.0,3.0,3.0,2.0,2.0,2.0,2.0,25000.0,1.0,1.0,6.0,2.0,2000.0,1000.0,1.0,50000.0,58000.0,2.0,90137.15,117236.0,747.0
3,7.0,1.0,4.0,2.0,4.0,2.0,30.666666666666668,200000.0,3.0,3.0,2.0,2.0,2.0,2.0,0.0,2.0,1.0,6.0,2.0,3000.0,2000.0,1.0,60000.0,96000.0,3.0,55224.6,76272.5,746.0
3,5.0,1.0,3.0,1.0,4.0,2.0,30.0,80000.0,3.0,3.0,2.0,2.0,1.0,2.0,300000.0,1.0,1.0,6.0,2.0,5000.0,2500.0,1.0,50000.0,275000.0,2.0,194254.0,270943.0,742.0
3,4.0,1.0,5.0,2.0,4.0,1.0,30.22222222222222,150000.0,3.0,3.0,2.0,2.0,2.0,2.0,300000.0,1.0,4.0,6.0,2.0,2000000.0,500000.0,1.0,277777.77777777775,153000.0,2.0,54505.1,890687.0,746.0
3,5.0,1.0,4.0,2.0,4.0,1.0,27.444444444444443,200000.0,4.0,3.0,2.0,2.0,2.0,2.0,500000.0,1.0,1.0,2.0,2.0,0.0,800000.0,1.0,272222.22222222225,42000.0,2.0,46765.7,110830.0,748.0
3,6.0,1.0,4.0,1.0,4.0,2.0,29.22222222222222,150000.0,3.0,3.0,2.0,2.0,2.0,2.0,500000.0,1.0,4.0,4.0,2.0,0.0,2000.0,1.2222222222222223,314420.0,200000.0,2.0,58385.9,425100.0,744.0
3,7.0,1.0,4.0,1.0,4.0,1.0,30.555555555555557,300000.0,3.0,3.0,2.0,2.0,2.0,2.0,1000000.0,1.0,4.0,5.0,2.0,0.0,1000000.0,1.0,166111.11111111112,300000.0,3.0,62688.9,378530.0,1400742.0
3,2.0,1.0,3.0,1.0,4.0,1.0,30.88888888888889,100000.0,3.0,3.0,2.0,2.0,2.0,2.0,0.0,2.0,4.0,5.0,2.0,0.0,500000.0,1.0,215555.55555555556,130000.0,1.0,106928.1,267791.0,744.0
3,5.0,1.0,5.0,1.0,4.0,2.0,30.444444444444443,100000.0,3.0,3.0,2.0,2.0,2.0,2.0,0.0,2.0,4.0,6.0,2.0,0.0,3000.0,1.6666666666666667,352084.6666666667,341000.0,2.0,54701.4,838661.0,744.0
3,4.0,1.0,7.0,1.0,4.0,1.0,30.444444444444443,200000.0,3.0,3.0,2.0,2.0,1.0,2.0,0.0,2.0,4.0,4.0,2.0,10000.0,2000.0,1.2222222222222223,206708.33333333337,30000.0,2.0,71949.2,324720.0,740.0
3,3.0,1.0,4.0,1.0,4.0,1.0,30.555555555555557,120000.0,3.0,2.0,2.0,2.0,2.0,2.0,500000.0,1.0,4.0,5.0,2.0,0.0,3000.0,1.2222222222222223,284420.0,250000.0,1.0,57010.2,326317.0,742.0
3,8.0,1.0,4.0,2.0,4.0,1.0,29.555555555555557,250000.0,3.0,3.0,2.0,2.0,2.0,2.0,500000.0,1.0,4.0,6.0,2.0,0.0,3000.0,1.4444444444444444,304395.55555555556,234000.0,2.0,55050.2,398444.0,744.0
3,6.0,1.0,5.0,2.0,4.0,1.0,31.0,160000.0,3.0,2.0,2.0,2.0,2.0,2.0,1550000.0,1.0,4.0,6.0,2.0,0.0,0.0,1.0,300000.0,231000.0,3.0,114726.25,360624.0,1915353.0
3,4.0,1.0,4.0,1.0,4.0,2.0,31.0,7.0,3.0,2.0,2.0,2.0,2.0,2.0,0.0,2.0,4.0,6.0,2.0,0.0,0.0,1.0,200000.0,76000.0,3.0,85784.2,195675.0,747.0
3,4.0,1.0,4.0,1.0,4.0,2.0,31.0,120000.0,3.0,1.0,2.0,2.0,1.0,2.0,5000000.0,1.0,4.0,6.0,2.0,0.0,0.0,1.0,150000.0,140000.0,2.0,120205.3,298649.5,751.0
3,4.0,1.0,3.0,2.0,4.0,2.0,31.0,80000.0,4.0,1.0,2.0,2.0,1.0,2.0,200000.0,1.0,4.0,6.0,2.0,0.0,0.0,1.0,150000.0,169000.0,2.0,80505.9,50516.0,750.0
3,7.0,1.0,3.0,1.0,4.0,1.0,31.0,100000.0,4.0,2.0,2.0,2.0,2.0,2.0,3125000.0,1.0,4.0,6.0,2.0,0.0,0.0,1.0,350000.0,402000.0,3.0,90218.3,334714.0,742.0
3,2.0,1.0,4.0,1.0,4.0,1.0,31.0,160000.0,2.0,2.0,2.0,2.0,2.0,2.0,0.0,2.0,4.0,6.0,2.0,0.0,0.0,1.0,150000.0,85000.0,2.0,80559.65,250433.5,747.0
3,5.0,1.0,7.0,1.0,3.0,1.0,31.0,250000.0,2.0,2.0,2.0,2.0,2.0,2.0,0.0,2.0,4.0,6.0,2.0,0.0,1000000.0,1.0,250000.0,650000.0,4.0,325048.95,603231.0,739.0
3,5.0,1.0,4.0,2.0,4.0,2.0,31.0,7.0,4.0,3.0,2.0,2.0,2.0,2.0,430000.0,1.0,4.0,6.0,2.0,0.0,0.0,1.0,250000.0,216000.0,4.0,157948.45,325217.0,749.0
3,5.0,1.0,3.0,2.0,4.0,2.0,31.0,140000.0,3.0,2.0,2.0,2.0,2.0,2.0,300000.0,2.0,4.0,6.0,2.0,0.0,0.0,1.0,250000.0,100000.0,1.0,127705.0,317233.0,752.0
3,5.0,3.0,1.0,1.0,4.0,2.0,31.0,80000.0,4.0,3.0,2.0,2.0,1.0,2.0,500000.0,1.0,1.0,6.0,2.0,0.0,500000.0,1.0,100000.0,115000.0,2.0,201257.9,47403.0,752.0
3,4.0,3.0,1.0,1.0,4.0,2.0,31.0,7.0,4.0,3.0,2.0,2.0,2.0,2.0,200000.0,1.0,4.0,4.0,2.0,0.0,400000.0,1.0,150000.0,170000.0,2.0,180578.1,317410.0,749.0
3,5.0,2.0,1.0,2.0,4.0,2.0,31.0,100000.0,5.0,3.0,2.0,2.0,1.0,2.0,50000.0,1.0,2.0,6.0,2.0,0.0,300000.0,1.0,100000.0,100000.0,2.0,200779.95,239726.0,750.0
3,3.0,1.0,5.0,1.0,4.0,1.0,31.0,85000.0,3.0,3.0,2.0,2.0,2.0,2.0,0.0,2.0,4.0,6.0,2.0,0.0,0.0,1.0,100000.0,30900.0,1.0,210697.18,413466.0,751.0
3,6.0,1.0,3.0,2.0,4.0,2.0,31.0,90000.0,4.0,3.0,2.0,2.0,2.0,2.0,470000.0,1.0,4.0,2.0,2.0,0.0,500000.0,1.0,120000.0,140000.0,4.0,198007.75,282753.0,753.0
3,3.0,1.0,7.0,1.0,2.0,2.0,31.0,100000.0,5.0,3.0,2.0,2.0,1.0,2.0,140000.0,1.0,4.0,1.0,2.0,0.0,500000.0,1.0,15000.0,145000.0,3.0,191501.2,301790.0,748.0
3,3.0,3.0,1.0,1.0,4.0,1.0,31.0,7.0,4.0,3.0,2.0,2.0,2.0,2.0,1000000.0,1.0,1.0,1.0,2.0,0.0,250000.0,1.0,76000.0,76500.0,3.0,195782.7,404896.0,754.0
3,2.0,1.0,2.0,2.0,4.0,1.0,31.0,80000.0,4.0,3.0,2.0,2.0,2.0,2.0,30000.0,1.0,4.0,6.0,2.0,0.0,150000.0,1.0,45000.0,75000.0,2.0,181664.0,118750.0,754.0
3,4.0,1.0,1.0,1.0,4.0,2.0,31.0,140000.0,4.0,3.0,2.0,2.0,2.0,2.0,0.0,2.0,4.0,3.0,2.0,0.0,550000.0,1.0,120000.0,184000.0,2.0,241631.6,547425.0,747.0
3,1.0,1.0,2.0,2.0,4.0,2.0,31.0,40000.0,3.0,3.0,2.0,2.0,2.0,2.0,0.0,2.0,4.0,6.0,2.0,600000.0,400000.0,1.0,200000.0,70000.0,2.0,97988.1,90766.0,750.0
3,1.0,1.0,2.0,2.0,4.0,2.0,31.0,36000.0,3.0,3.0,2.0,2.0,2.0,2.0,0.0,2.0,4.0,6.0,2.0,0.0,0.0,1.2222222222222223,161951.11111111112,43000.0,1.0,98136.85,89823.0,752.0
3,6.0,1.0,3.0,1.0,4.0,2.0,31.0,120000.0,3.0,3.0,2.0,2.0,1.0,2.0,0.0,2.0,1.0,6.0,2.0,0.0,2000.0,3.0,477650.0,137000.0,3.0,227071.15,178967.0,746.0
3,5.0,2.0,2.0,2.0,4.0,2.0,31.0,60000.0,3.0,3.0,2.0,2.0,2.0,2.0,0.0,2.0,1.0,3.0,2.0,1000000.0,500000.0,1.0,200000.0,138000.0,3.0,214301.95,96081.0,750.0
3,6.0,1.0,3.0,2.0,4.0,2.0,31.0,108000.0,3.0,3.0,2.0,2.0,2.0,2.0,0.0,2.0,1.0,6.0,2.0,2500.0,2000.0,3.0,716475.0,120000.0,3.0,251095.3,123944.0,749.0
3,3.0,1.0,3.0,2.0,4.0,2.0,31.0,72000.0,3.0,3.0,2.0,2.0,2.0,2.0,0.0,2.0,4.0,6.0,2.0,0.0,300000.0,1.0,250000.0,140000.0,3.0,187425.6,155223.0,752.0
3,4.0,2.0,2.0,2.0,4.0,2.0,31.0,100000.0,2.0,2.0,2.0,2.0,1.0,2.0,0.0,2.0,4.0,6.0,2.0,0.0,0.0,1.0,400000.0,163000.0,2.0,172658.9,137027.0,751.0
3,4.0,1.0,3.0,1.0,4.0,1.0,31.0,150000.0,3.0,3.0,2.0,2.0,2.0,2.0,0.0,2.0,4.0,6.0,2.0,0.0,0.0,1.4444444444444444,273613.6666666667,132000.0,3.0,205097.1,249953.0,745.0
3,1.0,1.0,2.0,2.0,4.0,2.0,31.0,40000.0,3.0,3.0,2.0,2.0,2.0,2.0,0.0,2.0,1.0,3.0,2.0,0.0,0.0,1.0,120000.0,55000.0,2.0,95283.45,95948.0,752.0
3,2.0,1.0,2.0,2.0,4.0,2.0,31.0,7.0,2.0,2.0,2.0,2.0,2.0,2.0,0.0,2.0,4.0,6.0,2.0,0.0,500000.0,1.0,200000.0,78000.0,2.0,120125.52,382042.0,753.0
3,6.0,1.0,2.0,1.0,4.0,2.0,31.0,100000.0,3.0,3.0,2.0,2.0,1.0,2.0,0.0,2.0,1.0,6.0,2.0,0.0,2000.0,1.0,300000.0,70000.0,3.0,133381.45,569437.0,749.0
3,5.0,2.0,2.0,1.0,4.0,2.0,31.0,100000.0,3.0,2.0,2.0,2.0,1.0,2.0,0.0,2.0,4.0,6.0,1.0,0.0,600000.0,1.0,200000.0,80100.0,2.0,165058.5,204039.0,747.0
3,4.0,1.0,2.0,1.0,4.0,2.0,31.0,150000.0,3.0,3.0,2.0,2.0,2.0,2.0,0.0,2.0,4.0,6.0,2.0,0.0,800000.0,1.0,300000.0,250000.0,3.0,239372.08,375849.0,745.0
3,1.0,1.0,1.0,2.0,4.0,2.0,31.0,100000.0,2.0,3.0,2.0,2.0,2.0,2.0,0.0,2.0,4.0,6.0,2.0,0.0,400000.0,1.0,120000.0,94000.0,2.0,79288.9,119907.0,754.0
3,1.0,1.0,3.0,2.0,4.0,2.0,30.0,80000.0,3.0,3.0,2.0,2.0,1.0,2.0,0.0,2.0,1.0,6.0,2.0,0.0,300000.0,1.0,100000.0,52000.0,2.0,98901.2,93886.0,754.0
3,2.0,1.0,3.0,1.0,4.0,2.0,31.0,150000.0,2.0,2.0,2.0,2.0,1.0,2.0,0.0,2.0,4.0,6.0,2.0,0.0,600000.0,1.0,200000.0,83000.0,3.0,147965.75,157381.0,749.0
3,4.0,2.0,3.0,2.0,4.0,2.0,31.0,120000.0,3.0,3.0,2.0,2.0,2.0,2.0,0.0,2.0,4.0,6.0,2.0,0.0,600000.0,1.0,200000.0,132000.0,4.0,173656.25,220167.0,753.0
3,2.0,1.0,3.0,1.0,4.0,2.0,31.0,150000.0,3.0,3.0,2.0,2.0,1.0,2.0,0.0,2.0,4.0,6.0,2.0,0.0,400000.0,1.0,180000.0,10000.0,1.0,150082.79,229166.0,749.0
3,3.0,1.0,3.0,2.0,4.0,2.0,25.0,160000.0,3.0,2.0,2.0,2.0,2.0,2.0,0.0,2.0,4.0,6.0,1.0,700000.0,400000.0,1.0,100000.0,153000.0,4.0,103819.9,112262.0,751.0
3,5.0,1.0,4.0,1.0,4.0,2.0,24.0,205000.0,3.0,2.0,2.0,2.0,1.0,2.0,150000.0,1.0,4.0,6.0,2.0,1200000.0,500000.0,1.0,100000.0,105000.0,2.0,171187.1,182750.0,1773105.0
3,5.0,1.0,2.0,1.0,4.0,2.0,23.0,160000.0,4.0,2.0,2.0,2.0,1.0,2.0,0.0,2.0,4.0,6.0,2.0,1000000.0,500000.0,1.0,130000.0,195050.0,3.0,127913.76,422852.0,748.0
3,5.0,1.0,4.0,1.0,4.0,1.0,25.0,178000.0,3.0,2.0,2.0,2.0,1.0,2.0,0.0,2.0,4.0,4.0,2.0,1500000.0,600000.0,1.0,150000.0,80200.0,3.0,146206.83,172802.0,745.0
3,5.0,1.0,3.0,1.0,4.0,1.0,24.0,175000.0,3.0,2.0,2.0,1.0,1.0,2.0,0.0,2.0,4.0,1.0,2.0,0.0,500000.0,1.0,150000.0,15200.0,2.0,90737.75,81238.0,280746.0
3,5.0,1.0,4.0,1.0,4.0,2.0,26.0,185000.0,3.0,2.0,2.0,2.0,1.0,2.0,120000.0,1.0,4.0,1.0,2.0,1000000.0,600000.0,1.0,150000.0,194000.0,4.0,190057.05,177902.0,640744.0
3,6.0,1.0,4.0,1.0,4.0,1.0,26.0,160000.0,3.0,2.0,2.0,2.0,1.0,2.0,0.0,2.0,4.0,2.0,2.0,1500000.0,600000.0,1.0,150000.0,124000.0,4.0,110701.75,138127.5,745.0
3,6.0,1.0,3.0,1.0,2.0,1.0,27.0,135000.0,2.0,2.0,2.0,2.0,1.0,1.0,0.0,2.0,4.0,1.0,2.0,0.0,1000000.0,1.0,300000.0,182000.0,4.0,126589.35,74699.0,640742.0
3,6.0,1.0,4.0,1.0,4.0,2.0,24.0,190000.0,3.0,2.0,2.0,2.0,1.0,2.0,0.0,2.0,4.0,6.0,2.0,1100000.0,600000.0,1.0,120000.0,109150.0,4.0,123768.6,133373.0,746.0
3,7.0,1.0,3.0,2.0,4.0,2.0,31.0,50000.0,5.0,3.0,2.0,2.0,2.0,2.0,250000.0,1.0,1.0,2.0,2.0,500000.0,200000.0,1.0,100000.0,28000.0,1.0,33296.2,102418.0,755.0
3,5.0,1.0,3.0,2.0,4.0,2.0,31.0,54000.0,3.0,3.0,2.0,2.0,2.0,2.0,200000.0,1.0,4.0,6.0,2.0,500000.0,300000.0,1.0,100000.0,33000.0,1.0,32870.3,123777.0,752.0
3,1.0,1.0,3.0,2.0,4.0,2.0,31.0,30000.0,5.0,3.0,2.0,2.0,1.0,2.0,0.0,2.0,4.0,2.0,2.0,100000.0,50000.0,1.0,25000.0,10000.0,1.0,19245.45,55954.0,753.0
3,4.0,5.0,3.0,2.0,4.0,2.0,31.0,54000.0,5.0,3.0,2.0,2.0,1.0,2.0,500000.0,1.0,4.0,2.0,2.0,400000.0,200000.0,1.0,100000.0,8000.0,1.0,24991.4,90590.0,754.0
3,5.0,1.0,3.0,1.0,4.0,2.0,31.0,65000.0,4.0,1.0,2.0,2.0,1.0,2.0,500000.0,1.0,4.0,2.0,2.0,500000.0,250000.0,1.0,100000.0,10000.0,1.0,39851.0,213438.0,748.0
3,1.0,1.0,4.0,2.0,4.0,2.0,31.0,54000.0,5.0,3.0,2.0,2.0,2.0,2.0,200000.0,1.0,4.0,2.0,2.0,120000.0,80000.0,1.0,50000.0,89000.0,2.0,29998.15,114902.0,750.0
3,5.0,1.0,2.0,2.0,4.0,2.0,31.0,36000.0,5.0,3.0,2.0,2.0,2.0,2.0,300000.0,1.0,1.0,1.0,2.0,300000.0,150000.0,1.0,80000.0,28000.0,1.0,32509.5,116744.0,757.0
3,1.0,1.0,3.0,2.0,4.0,2.0,31.0,54000.0,4.0,3.0,2.0,1.0,2.0,2.0,0.0,2.0,4.0,2.0,2.0,100000.0,60000.0,1.0,15000.0,65000.0,1.0,35415.7,106936.0,750.0
3,6.0,1.0,4.0,1.0,4.0,1.0,31.0,65000.0,3.0,3.0,2.0,2.0,2.0,2.0,300000.0,1.0,4.0,1.0,2.0,600000.0,300000.0,1.0,100000.0,70000.0,1.0,44516.7,156313.0,747.0
3,4.0,1.0,2.0,1.0,4.0,2.0,31.0,70000.0,3.0,2.0,2.0,2.0,2.0,2.0,0.0,2.0,4.0,6.0,2.0,0.0,1000000.0,1.0,230000.0,240000.0,2.0,198442.17,326851.0,743.0
3,3.0,1.0,2.0,1.0,4.0,2.0,31.0,80000.0,2.0,2.0,2.0,2.0,2.0,2.0,0.0,2.0,4.0,6.0,2.0,1900000.0,800000.0,1.0,300000.0,279000.0,3.0,206863.5,222631.0,744.0
3,3.0,1.0,1.0,2.0,4.0,2.0,31.0,45000.0,3.0,3.0,2.0,2.0,1.0,2.0,0.0,2.0,1.0,6.0,2.0,0.0,600000.0,1.0,250000.0,169000.0,3.0,128160.32,230675.0,745.0
3,1.0,1.0,2.0,2.0,4.0,2.0,31.0,60000.0,3.0,3.0,2.0,2.0,1.0,2.0,0.0,2.0,1.0,6.0,2.0,0.0,300000.0,1.0,100000.0,83000.0,3.0,111759.5,121757.0,751.0
3,2.0,1.0,4.0,2.0,4.0,2.0,31.0,60000.0,3.0,3.0,2.0,2.0,2.0,2.0,0.0,2.0,4.0,6.0,2.0,0.0,600000.0,1.0,150000.0,93800.0,2.0,152356.05,144576.0,747.0
3,4.0,1.0,2.0,1.0,4.0,2.0,31.0,60000.0,3.0,3.0,2.0,2.0,1.0,2.0,0.0,2.0,4.0,6.0,2.0,1900000.0,800000.0,1.0,350000.0,160000.0,2.0,213200.4,193795.0,740.0
3,6.0,1.0,2.0,1.0,4.0,2.0,31.0,60000.0,3.0,3.0,2.0,2.0,2.0,2.0,0.0,2.0,4.0,6.0,2.0,0.0,1800000.0,1.0,400000.0,275000.0,3.0,156620.25,244835.0,742.0
3,3.0,5.0,3.0,1.0,4.0,2.0,31.0,50000.0,3.0,3.0,2.0,2.0,1.0,2.0,800000.0,1.0,1.0,2.0,2.0,0.0,800000.0,1.0,200000.0,70150.0,4.0,155382.59,313503.0,1600748.0
3,3.0,1.0,2.0,2.0,4.0,2.0,31.0,60000.0,3.0,3.0,2.0,2.0,1.0,2.0,0.0,2.0,1.0,2.0,2.0,1000000.0,500000.0,1.0,200000.0,73150.0,4.0,145622.05,110338.0,747.0
3,5.0,1.0,2.0,1.0,4.0,2.0,31.0,80000.0,3.0,2.0,2.0,2.0,2.0,2.0,0.0,2.0,4.0,2.0,2.0,15000.0,800000.0,1.0,150000.0,265000.0,2.0,119860.3,233626.0,747.0
3,3.0,1.0,3.0,1.0,4.0,1.0,31.0,140000.0,3.0,2.0,2.0,2.0,2.0,2.0,0.0,2.0,4.0,2.0,2.0,5000.0,1000000.0,1.0,200000.0,307000.0,5.0,138469.35,236767.0,746.0
3,3.0,1.0,2.0,1.0,4.0,1.0,31.0,110000.0,3.0,2.0,2.0,2.0,2.0,2.0,0.0,2.0,4.0,2.0,2.0,10000.0,900000.0,1.0,180000.0,230000.0,2.0,149831.12,220314.0,745.0
3,5.0,1.0,3.0,2.0,4.0,1.0,31.0,140000.0,3.0,2.0,2.0,2.0,1.0,2.0,100000.0,1.0,4.0,3.0,2.0,20000.0,5000.0,1.0,250000.0,205400.0,4.0,154253.95,175897.0,749.0
3,4.0,1.0,3.0,2.0,4.0,2.0,31.0,140000.0,3.0,2.0,2.0,2.0,1.0,2.0,0.0,2.0,4.0,2.0,2.0,5000000.0,1500000.0,1.0,160000.0,370.0,1.0,155665.18,197695.0,750.0
3,2.0,1.0,3.0,1.0,2.0,1.0,31.0,90000.0,3.0,2.0,2.0,2.0,2.0,2.0,0.0,2.0,4.0,3.0,2.0,10000.0,800000.0,1.0,140000.0,200000.0,1.0,160677.9,252794.0,746.0
3,3.0,1.0,3.0,1.0,4.0,2.0,31.0,70000.0,3.0,2.0,2.0,2.0,2.0,2.0,0.0,2.0,4.0,2.0,2.0,3000000.0,1000000.0,1.0,200000.0,842000.0,4.0,147999.75,211365.0,747.0
3,2.0,1.0,1.0,1.0,4.0,2.0,31.0,65000.0,3.0,2.0,2.0,1.0,2.0,2.0,0.0,2.0,4.0,2.0,2.0,5000.0,400000.0,1.0,130000.0,230000.0,2.0,134024.04,159611.0,747.0
3,2.0,1.0,3.0,2.0,4.0,2.0,31.0,60000.0,3.0,2.0,2.0,1.0,2.0,2.0,0.0,2.0,4.0,3.0,2.0,5000000.0,800000.0,1.0,150000.0,180000.0,1.0,107949.67,166133.0,749.0
3,8.0,1.0,5.0,2.0,4.0,1.0,31.0,180000.0,3.0,3.0,2.0,2.0,2.0,2.0,800000.0,1.0,4.0,6.0,2.0,0.0,0.0,1.5555555555555556,262144.44444444444,137000.0,3.0,46304.7,96276.0,752.0
3,5.0,1.0,3.0,2.0,4.0,2.0,31.0,72000.0,3.0,3.0,2.0,2.0,2.0,2.0,50000.0,1.0,1.0,1.0,2.0,0.0,0.0,1.2222222222222223,309216.6666666667,132500.0,2.0,88822.5,112616.0,752.0
3,5.0,1.0,4.0,1.0,4.0,1.0,31.0,130000.0,3.0,3.0,2.0,2.0,2.0,2.0,0.0,2.0,4.0,6.0,2.0,0.0,0.0,1.0,244444.44444444444,580000.0,3.0,100983.5,166209.0,747.0
3,1.0,1.0,4.0,2.0,4.0,2.0,31.0,72000.0,2.0,3.0,2.0,1.0,2.0,2.0,0.0,2.0,4.0,1.0,2.0,0.0,0.0,1.2222222222222223,331961.1111111111,230000.0,1.0,60064.4,56523.0,753.0
3,2.0,1.0,4.0,1.0,4.0,1.0,31.0,72000.0,2.0,3.0,2.0,2.0,2.0,2.0,0.0,2.0,4.0,1.0,2.0,0.0,0.0,1.2222222222222223,210466.11111111112,480000.0,2.0,96026.23,99223.0,749.0
3,3.0,1.0,3.0,1.0,4.0,1.0,31.0,108000.0,3.0,3.0,2.0,2.0,2.0,2.0,0.0,2.0,4.0,6.0,2.0,0.0,0.0,1.0,204444.44444444444,120000.0,2.0,94882.0,160598.0,749.0
3,5.0,1.0,3.0,1.0,4.0,1.0,31.0,96000.0,3.0,3.0,2.0,2.0,2.0,2.0,1500000.0,1.0,4.0,1.0,2.0,0.0,0.0,1.2222222222222223,243834.44444444444,115000.0,2.0,50652.0,134140.0,747.0
3,2.0,1.0,3.0,2.0,4.0,2.0,31.0,130000.0,2.0,3.0,2.0,1.0,2.0,2.0,200000.0,1.0,4.0,6.0,2.0,0.0,0.0,1.4444444444444444,434231.1111111111,420000.0,4.0,63922.85,149707.0,752.0
3,3.0,1.0,3.0,1.0,4.0,1.0,31.0,104000.0,3.0,3.0,2.0,2.0,2.0,2.0,150000.0,1.0,4.0,6.0,2.0,0.0,0.0,1.2222222222222223,280802.77777777775,140000.0,1.0,104708.2,145763.0,751.0
3,1.0,1.0,3.0,2.0,4.0,2.0,31.0,100000.0,2.0,3.0,2.0,2.0,1.0,2.0,0.0,2.0,4.0,6.0,2.0,0.0,0.0,1.1111111111111112,169733.33333333334,38100.0,2.0,154083.88,127980.0,750.0
3,5.0,1.0,2.0,1.0,4.0,2.0,31.0,170000.0,2.0,3.0,2.0,2.0,1.0,2.0,0.0,2.0,1.0,2.0,2.0,0.0,0.0,1.4444444444444444,614996.6666666666,137000.0,2.0,151269.25,474069.0,743.0
3,6.0,1.0,3.0,2.0,4.0,2.0,31.0,120000.0,3.0,3.0,2.0,2.0,2.0,2.0,151800.0,1.0,4.0,6.0,2.0,0.0,0.0,1.2222222222222223,296691.6666666667,81000.0,2.0,153553.82,199479.0,750.0
3,3.0,3.0,1.0,2.0,4.0,2.0,31.0,60000.0,3.0,3.0,2.0,2.0,1.0,2.0,0.0,2.0,1.0,2.0,2.0,0.0,0.0,1.0,116666.66666666669,46000.0,2.0,104658.05,123504.0,752.0
3,2.0,1.0,1.0,2.0,4.0,2.0,31.0,95000.0,3.0,3.0,2.0,2.0,2.0,2.0,266000.0,1.0,4.0,3.0,2.0,0.0,0.0,1.2222222222222223,246604.66666666663,80000.0,2.0,53838.49,181843.0,748.0
3,3.0,1.0,3.0,1.0,4.0,2.0,31.0,120000.0,2.0,1.0,2.0,2.0,1.0,2.0,0.0,2.0,4.0,6.0,2.0,0.0,0.0,1.2222222222222223,253658.88888888888,40100.0,2.0,167760.75,379311.0,745.0
3,4.0,1.0,2.0,1.0,4.0,1.0,31.0,120000.0,2.0,2.0,2.0,2.0,2.0,2.0,0.0,2.0,4.0,2.0,2.0,2000000.0,1000000.0,1.0,200000.0,920000.0,3.0,191913.87,1216389.0,739.0
3,6.0,1.0,3.0,1.0,4.0,1.0,31.0,120000.0,2.0,3.0,2.0,2.0,2.0,2.0,0.0,2.0,4.0,2.0,2.0,1500000.0,700000.0,1.0,200000.0,155000.0,4.0,310602.26,562911.0,740.0
3,4.0,3.0,2.0,1.0,4.0,2.0,31.0,100000.0,3.0,3.0,2.0,2.0,2.0,2.0,0.0,2.0,4.0,2.0,2.0,0.0,0.0,1.2222222222222223,340452.22222222225,166000.0,3.0,220069.7,419336.0,743.0
3,8.0,1.0,4.0,1.0,4.0,1.0,31.0,100000.0,3.0,2.0,2.0,1.0,1.0,2.0,350000.0,1.0,4.0,6.0,2.0,5000000.0,1000000.0,1.0,350000.0,306000.0,5.0,79703.9,397815.0,60744.0
3,6.0,1.0,4.0,1.0,3.0,1.0,31.0,7.0,3.0,3.0,2.0,1.0,2.0,2.0,0.0,2.0,4.0,4.0,2.0,3000000.0,1000000.0,1.0,150000.0,326630.0,3.0,101155.95,208695.0,744.0
3,8.0,1.0,4.0,1.0,4.0,1.0,31.0,7.0,4.0,1.0,2.0,1.0,2.0,2.0,2000000.0,1.0,4.0,4.0,2.0,2000000.0,800000.0,1.0,200000.0,355000.0,3.0,331997.4,498455.0,840749.0
3,5.0,1.0,4.0,1.0,4.0,1.0,31.0,80000.0,3.0,2.0,2.0,1.0,1.0,2.0,3000000.0,1.0,4.0,6.0,2.0,1500000.0,600000.0,1.0,200000.0,93000.0,3.0,75776.2,288731.0,1440746.0
3,3.0,1.0,4.0,1.0,2.0,1.0,31.0,150000.0,3.0,3.0,2.0,1.0,1.0,1.0,2000000.0,1.0,4.0,1.0,2.0,5000000.0,1000000.0,1.0,200000.0,3405000.0,3.0,40698.5,352457.0,4200744.0
3,7.0,1.0,4.0,1.0,4.0,2.0,31.0,125000.0,3.0,3.0,2.0,1.0,2.0,2.0,500000.0,1.0,4.0,6.0,2.0,1500000.0,800000.0,1.0,300000.0,260000.0,3.0,78439.0,206495.0,1800749.0
3,4.0,1.0,4.0,1.0,4.0,1.0,31.0,7.0,3.0,3.0,2.0,1.0,1.0,2.0,2000000.0,1.0,4.0,3.0,2.0,1500000.0,600000.0,1.0,200000.0,126000.0,2.0,59949.08,413200.0,520746.0
3,2.0,1.0,3.0,2.0,4.0,2.0,31.0,7.0,3.0,2.0,2.0,1.0,1.0,2.0,0.0,2.0,4.0,6.0,2.0,800000.0,450000.0,1.0,100000.0,86900.0,2.0,28207.5,121876.0,752.0
3,4.0,1.0,2.0,2.0,4.0,1.0,31.0,7.0,4.0,3.0,2.0,2.0,1.0,2.0,2700000.0,1.0,4.0,6.0,2.0,1000000.0,500000.0,1.0,160000.0,303000.0,2.0,69209.0,311563.0,755.0
3,8.0,1.0,4.0,1.0,2.0,1.0,31.0,60000.0,3.0,2.0,2.0,1.0,2.0,2.0,0.0,2.0,4.0,6.0,2.0,0.0,0.0,1.0,400000.0,271000.0,5.0,201301.0,646579.0,1300749.0
3,2.0,1.0,5.0,2.0,4.0,2.0,31.0,7.0,3.0,2.0,2.0,1.0,1.0,2.0,0.0,2.0,4.0,2.0,2.0,0.0,0.0,1.0,130000.0,131000.0,4.0,99858.4,267553.0,751.0
3,6.0,1.0,6.0,1.0,4.0,1.0,31.0,200000.0,2.0,2.0,2.0,1.0,2.0,2.0,600000.0,1.0,4.0,6.0,2.0,0.0,0.0,1.0,277777.77777777775,175000.0,3.0,117683.7,262303.0,745.0
3,6.0,1.0,4.0,1.0,4.0,1.0,31.0,140000.0,4.0,2.0,2.0,1.0,2.0,2.0,0.0,2.0,4.0,6.0,2.0,0.0,0.0,1.0,280000.0,147000.0,3.0,176611.0,487378.0,746.0
3,4.0,1.0,4.0,2.0,4.0,1.0,31.0,7.0,3.0,2.0,2.0,1.0,2.0,2.0,140000.0,1.0,4.0,6.0,2.0,1000000.0,0.0,1.0,200000.0,330000.0,2.0,38681.1,235249.0,747.0
3,2.0,1.0,5.0,2.0,4.0,2.0,31.0,80000.0,3.0,2.0,2.0,1.0,1.0,2.0,0.0,2.0,4.0,6.0,2.0,0.0,0.0,1.0,106666.66666666669,77000.0,2.0,74542.75,82806.0,751.0
3,7.0,1.0,8.0,1.0,4.0,2.0,31.0,7.0,2.0,2.0,2.0,1.0,2.0,2.0,0.0,2.0,4.0,3.0,2.0,0.0,0.0,1.0,250000.0,239000.0,4.0,204263.85,348278.0,736753.0
3,5.0,1.0,4.0,2.0,4.0,1.0,31.0,80000.0,3.0,2.0,2.0,1.0,1.0,2.0,240000.0,1.0,4.0,6.0,2.0,0.0,0.0,1.0,180000.0,130200.0,3.0,67745.9,274270.0,480749.0
3,6.0,1.0,5.0,2.0,4.0,1.0,31.0,7.0,3.0,2.0,2.0,2.0,2.0,2.0,0.0,2.0,4.0,3.0,2.0,0.0,0.0,1.0,150000.0,228000.0,3.0,105649.54,459241.0,750.0
3,4.0,1.0,2.0,2.0,4.0,2.0,15.0,85000.0,4.0,3.0,2.0,1.0,1.0,2.0,200000.0,1.0,4.0,6.0,2.0,0.0,500000.0,1.0,200000.0,7000.0,1.0,24541.6,55159.0,752.0
3,6.0,1.0,4.0,1.0,4.0,2.0,15.0,100000.0,4.0,2.0,2.0,1.0,1.0,2.0,100000.0,1.0,4.0,6.0,2.0,0.0,0.0,1.0,300000.0,94000.0,4.0,48650.5,139360.0,748.0
3,8.0,1.0,4.0,2.0,4.0,2.0,15.0,130000.0,4.0,3.0,2.0,1.0,1.0,2.0,300000.0,1.0,4.0,6.0,2.0,0.0,0.0,1.0,350000.0,51000.0,1.0,45648.55,71881.0,748.0
3,3.0,1.0,3.0,1.0,4.0,1.0,15.0,110000.0,4.0,3.0,2.0,1.0,1.0,2.0,250000.0,1.0,4.0,6.0,2.0,0.0,0.0,1.0,200000.0,50000.0,1.0,49019.65,156534.0,747.0
3,2.0,1.0,3.0,2.0,4.0,2.0,15.0,80000.0,4.0,3.0,2.0,1.0,1.0,2.0,50000.0,1.0,4.0,6.0,2.0,0.0,500000.0,1.0,200000.0,76000.0,2.0,34415.4,58620.0,752.0
3,2.0,1.0,4.0,2.0,4.0,2.0,15.0,90000.0,4.0,3.0,2.0,1.0,1.0,2.0,0.0,2.0,4.0,6.0,2.0,0.0,0.0,1.0,200000.0,89000.0,2.0,31524.3,49326.0,750.0
3,3.0,1.0,3.0,2.0,2.0,2.0,15.0,160000.0,3.0,2.0,2.0,1.0,1.0,2.0,0.0,2.0,4.0,6.0,2.0,0.0,0.0,1.0,200000.0,112000.0,2.0,44164.1,53734.0,751.0
3,2.0,1.0,2.0,2.0,4.0,2.0,15.0,100000.0,4.0,2.0,2.0,1.0,1.0,2.0,0.0,2.0,4.0,6.0,2.0,0.0,0.0,1.0,200000.0,96000.0,2.0,33497.8,124509.0,749.0
3,6.0,1.0,5.0,1.0,4.0,1.0,15.0,120000.0,3.0,2.0,2.0,1.0,1.0,2.0,400000.0,1.0,4.0,6.0,2.0,0.0,0.0,1.0,300000.0,40000.0,1.0,38016.5,132380.0,744.0
3,5.0,1.0,3.0,2.0,4.0,1.0,31.0,96000.0,3.0,2.0,2.0,1.0,1.0,2.0,0.0,2.0,4.0,3.0,2.0,450000.0,300000.0,1.0,200000.0,80000.0,1.0,44268.3,70660.0,748.0
3,11.0,1.0,5.0,1.0,4.0,1.0,31.0,50000.0,4.0,3.0,2.0,1.0,1.0,2.0,840000.0,1.0,4.0,4.0,2.0,1000000.0,700000.0,1.0,150000.0,322000.0,3.0,117228.75,76465.0,748.0
3,2.0,1.0,5.0,1.0,4.0,1.0,31.0,120000.0,3.0,2.0,2.0,1.0,1.0,2.0,500000.0,1.0,4.0,3.0,2.0,270000.0,170000.0,1.0,100000.0,83000.0,2.0,78433.4,138645.0,749.0
3,5.0,1.0,6.0,1.0,4.0,1.0,31.0,144000.0,3.0,1.0,2.0,1.0,1.0,2.0,0.0,2.0,4.0,3.0,2.0,500000.0,300000.0,1.0,170000.0,264000.0,4.0,34488.8,133292.0,3600751.0
3,1.0,5.0,4.0,2.0,4.0,2.0,31.0,60000.0,3.0,3.0,2.0,1.0,1.0,2.0,384000.0,1.0,4.0,3.0,2.0,150000.0,100000.0,1.0,50000.0,75000.0,1.0,17170.75,28020.0,752.0
3,2.0,1.0,5.0,2.0,4.0,1.0,31.0,72000.0,4.0,3.0,2.0,1.0,1.0,2.0,586000.0,1.0,4.0,4.0,2.0,250000.0,200000.0,1.0,130000.0,41000.0,1.0,98947.65,139425.0,750.0
3,2.0,1.0,3.0,1.0,4.0,2.0,31.0,60000.0,3.0,2.0,2.0,1.0,1.0,2.0,0.0,2.0,4.0,3.0,2.0,400000.0,270000.0,1.0,130000.0,65000.0,1.0,72100.5,112114.5,748.0
3,4.0,1.0,2.0,2.0,4.0,2.0,31.0,96000.0,3.0,3.0,2.0,1.0,1.0,2.0,1000000.0,1.0,2.0,4.0,2.0,400000.0,300000.0,1.0,100000.0,50000.0,1.0,81724.45,63529.0,751.0
3,2.0,1.0,3.0,2.0,4.0,2.0,31.0,60000.0,3.0,3.0,2.0,1.0,1.0,2.0,0.0,2.0,4.0,4.0,2.0,170000.0,100000.0,1.0,70000.0,100000.0,2.0,58715.45,35445.0,750.0
3,4.0,1.0,4.0,2.0,4.0,2.0,31.0,120000.0,4.0,1.0,2.0,1.0,1.0,2.0,0.0,2.0,1.0,2.0,2.0,0.0,500000.0,1.0,250000.0,44000.0,2.0,61464.5,115287.0,300754.0
3,5.0,1.0,4.0,1.0,4.0,1.0,31.0,120000.0,4.0,2.0,2.0,1.0,1.0,2.0,0.0,2.0,4.0,3.0,2.0,0.0,500000.0,1.0,250000.0,180000.0,2.0,66491.05,147117.0,746.0
3,2.0,1.0,2.0,1.0,4.0,2.0,31.0,70000.0,4.0,3.0,2.0,1.0,1.0,2.0,200000.0,1.0,4.0,4.0,2.0,0.0,300000.0,1.0,150000.0,16000.0,1.0,15470.5,93099.0,192219.0
3,6.0,1.0,4.0,1.0,4.0,2.0,31.0,150000.0,5.0,3.0,2.0,1.0,1.0,2.0,2000000.0,1.0,1.0,1.0,2.0,0.0,1000000.0,1.0,500000.0,95000.0,2.0,64723.2,295822.0,4920754.0
3,3.0,1.0,3.0,2.0,4.0,2.0,31.0,150000.0,5.0,3.0,2.0,1.0,1.0,2.0,80000.0,1.0,4.0,6.0,2.0,0.0,1000.0,1.0,200000.0,47000.0,2.0,37138.95,48652.0,754.0
3,4.0,1.0,4.0,2.0,4.0,1.0,31.0,120000.0,5.0,2.0,2.0,1.0,1.0,2.0,0.0,2.0,4.0,5.0,2.0,1000000.0,500000.0,1.0,200000.0,130000.0,2.0,80422.55,212086.0,749.0
3,4.0,5.0,3.0,1.0,4.0,1.0,31.0,80000.0,5.0,3.0,2.0,1.0,1.0,2.0,0.0,2.0,1.0,1.0,2.0,0.0,500000.0,1.0,200000.0,117000.0,2.0,62788.2,314407.0,751.0
3,7.0,1.0,4.0,1.0,4.0,1.0,31.0,150000.0,3.0,2.0,2.0,1.0,1.0,2.0,0.0,2.0,4.0,1.0,2.0,0.0,600000.0,1.0,300000.0,318000.0,3.0,185854.0,461202.0,745.0
3,5.0,1.0,4.0,2.0,4.0,1.0,31.0,140000.0,3.0,2.0,2.0,1.0,1.0,2.0,0.0,2.0,4.0,2.0,2.0,0.0,1000.0,1.0,250000.0,75000.0,2.0,116490.8,275300.0,748.0
4,1.0,1.0,1.0,2.0,4.0,2.0,30.0,25000.0,2.0,2.0,2.0,2.0,2.0,2.0,0.0,2.0,4.0,6.0,2.0,3000000.0,350000.0,1.0,80000.0,80000.0,1.0,84399.7,138375.0,751.0
4,3.0,1.0,3.0,2.0,4.0,1.0,30.0,60000.0,3.0,2.0,2.0,2.0,2.0,2.0,0.0,2.0,4.0,6.0,2.0,20000.0,2000.0,1.0,300000.0,600000.0,2.0,93288.05,305244.0,743.0
4,4.0,1.0,3.0,1.0,4.0,1.0,30.0,100000.0,2.0,2.0,2.0,2.0,2.0,2.0,0.0,2.0,4.0,6.0,2.0,3000.0,1500.0,3.0,237035.0,250000.0,2.0,136155.2,269504.0,16745.0
4,3.0,1.0,3.0,2.0,4.0,2.0,30.0,80000.0,3.0,2.0,2.0,2.0,2.0,2.0,0.0,2.0,4.0,6.0,1.0,0.0,400000.0,1.0,200000.0,182500.0,3.0,88544.0,172160.0,750.0
4,4.0,1.0,3.0,1.0,4.0,2.0,30.0,130000.0,2.0,2.0,2.0,2.0,1.0,2.0,0.0,2.0,4.0,6.0,2.0,2000.0,1000.0,1.0,200000.0,700000.0,4.0,120193.2,273713.0,745.0
4,2.0,1.0,1.0,2.0,4.0,2.0,30.0,40000.0,3.0,3.0,2.0,2.0,1.0,2.0,0.0,2.0,4.0,6.0,2.0,1000.0,300000.0,1.0,200000.0,270200.0,2.0,100313.4,219081.0,746.0
4,4.0,1.0,2.0,2.0,4.0,1.0,30.0,110000.0,3.0,2.0,2.0,2.0,1.0,2.0,0.0,2.0,4.0,6.0,2.0,2000.0,1000.0,1.0,200000.0,250000.0,2.0,112724.9,237145.0,747.0
4,1.0,1.0,1.0,2.0,4.0,2.0,30.0,20000.0,4.0,2.0,2.0,2.0,1.0,2.0,0.0,2.0,4.0,6.0,2.0,0.0,500.0,1.0,80000.0,32100.0,2.0,53787.8,93986.0,753.0
4,4.0,1.0,3.0,1.0,4.0,1.0,30.0,130000.0,2.0,2.0,2.0,2.0,1.0,2.0,800000.0,1.0,4.0,6.0,2.0,3000.0,1500.0,1.0,200000.0,510000.0,3.0,66413.1,235439.0,744.0
4,4.0,1.0,2.0,1.0,4.0,1.0,30.0,160000.0,3.0,2.0,2.0,1.0,1.0,2.0,550000.0,1.0,4.0,6.0,2.0,0.0,500000.0,1.0,222222.22222222225,233000.0,3.0,163117.9,464816.0,741.0
4,1.0,1.0,2.0,2.0,4.0,2.0,30.0,7.0,4.0,2.0,2.0,2.0,1.0,2.0,0.0,2.0,4.0,6.0,2.0,0.0,0.0,1.0,60000.0,28000.0,2.0,61124.5,68398.0,757.0
4,3.0,5.0,2.0,2.0,4.0,2.0,30.0,7.0,4.0,3.0,2.0,2.0,1.0,2.0,45000.0,1.0,4.0,3.0,2.0,350000.0,200000.0,1.0,30000.0,85000.0,3.0,93909.45,168086.0,753.0
4,4.0,1.0,3.0,1.0,4.0,2.0,30.0,120000.0,3.0,2.0,2.0,2.0,1.0,2.0,0.0,2.0,4.0,6.0,2.0,0.0,300000.0,1.0,24000.0,225100.0,4.0,202475.82,282932.0,740.0
4,1.0,1.0,3.0,2.0,4.0,2.0,30.0,70000.0,3.0,2.0,2.0,2.0,2.0,2.0,0.0,2.0,4.0,6.0,2.0,300000.0,250000.0,1.0,160000.0,94000.0,2.0,110702.75,128774.0,755.0
4,2.0,1.0,3.0,2.0,4.0,1.0,30.0,75000.0,3.0,2.0,2.0,2.0,2.0,2.0,0.0,2.0,4.0,2.0,2.0,0.0,350000.0,1.0,220000.0,164000.0,2.0,138488.45,167784.0,748.0
4,4.0,1.0,4.0,1.0,4.0,1.0,30.0,130000.0,2.0,2.0,2.0,2.0,2.0,1.0,0.0,2.0,4.0,6.0,2.0,0.0,500000.0,1.0,250000.0,370000.0,3.0,178619.1,324614.0,739.0
4,3.0,1.0,4.0,1.0,4.0,1.0,30.0,100000.0,3.0,2.0,2.0,2.0,2.0,2.0,200000.0,1.0,4.0,6.0,2.0,500000.0,400000.0,1.0,250000.0,260000.0,2.0,192870.23,1633129.0,743.0
4,6.0,1.0,5.0,1.0,4.0,2.0,30.0,120000.0,3.0,2.0,2.0,2.0,2.0,2.0,900000.0,1.0,4.0,2.0,2.0,600000.0,300000.0,1.0,45000.0,368000.0,3.0,196738.0,218588.0,740.0
4,3.0,1.0,3.0,1.0,4.0,2.0,30.0,75000.0,3.0,2.0,2.0,2.0,2.0,2.0,0.0,2.0,4.0,6.0,2.0,0.0,0.0,1.0,200000.0,160000.0,2.0,66580.3,92311.0,752.0
4,3.0,1.0,3.0,1.0,4.0,2.0,30.0,75000.0,3.0,2.0,2.0,2.0,1.0,2.0,0.0,2.0,4.0,6.0,2.0,0.0,0.0,1.0,150000.0,70000.0,1.0,56946.8,87942.0,750.0
4,6.0,1.0,3.0,2.0,4.0,2.0,30.0,120000.0,3.0,2.0,2.0,2.0,2.0,2.0,0.0,2.0,4.0,6.0,2.0,0.0,0.0,1.0,250000.0,150000.0,1.0,63235.5,104843.0,753.0
4,4.0,3.0,3.0,1.0,4.0,2.0,30.0,120000.0,3.0,3.0,2.0,2.0,2.0,2.0,0.0,2.0,4.0,6.0,2.0,0.0,0.0,1.0,200000.0,200000.0,1.0,74025.5,133800.0,752.0
4,3.0,1.0,3.0,1.0,4.0,2.0,30.0,120000.0,3.0,2.0,2.0,2.0,2.0,2.0,0.0,2.0,4.0,6.0,2.0,0.0,0.0,1.0,200000.0,115000.0,2.0,57557.7,84847.0,751.0
4,2.0,1.0,3.0,1.0,4.0,2.0,30.0,150000.0,3.0,2.0,2.0,2.0,1.0,2.0,0.0,2.0,4.0,6.0,2.0,0.0,300000.0,1.0,150000.0,68000.0,2.0,45862.2,167681.0,750.0
4,5.0,1.0,3.0,1.0,4.0,2.0,30.0,120000.0,3.0,2.0,2.0,2.0,2.0,2.0,500000.0,1.0,4.0,6.0,2.0,0.0,0.0,1.0,300000.0,313000.0,3.0,90853.0,359669.0,400753.0
4,3.0,1.0,3.0,1.0,4.0,2.0,30.0,150000.0,3.0,2.0,2.0,2.0,2.0,2.0,350000.0,1.0,4.0,6.0,2.0,0.0,0.0,1.0,150000.0,150000.0,1.0,58171.7,141659.0,749.0
4,6.0,1.0,3.0,1.0,4.0,2.0,30.0,120000.0,3.0,2.0,2.0,2.0,2.0,2.0,0.0,2.0,4.0,6.0,2.0,0.0,0.0,1.0,25000.0,320000.0,3.0,93387.5,330533.0,749.0
4,3.0,1.0,2.0,2.0,4.0,2.0,30.0,60000.0,3.0,1.0,2.0,2.0,1.0,2.0,220000.0,1.0,4.0,1.0,2.0,0.0,500000.0,1.0,150000.0,110000.0,2.0,47720.4,109405.0,730751.0
4,3.0,1.0,3.0,2.0,4.0,2.0,30.0,60000.0,4.0,3.0,2.0,1.0,2.0,2.0,150000.0,1.0,4.0,1.0,2.0,900000.0,300000.0,1.0,120000.0,110000.0,2.0,52135.0,53327.0,755.0
4,5.0,1.0,3.0,2.0,4.0,2.0,30.0,100000.0,3.0,2.0,2.0,2.0,1.0,2.0,2000000.0,1.0,4.0,1.0,2.0,0.0,800000.0,1.0,180000.0,180000.0,2.0,110330.3,119025.0,749.0
4,4.0,1.0,3.0,1.0,4.0,2.0,30.0,100000.0,3.0,2.0,2.0,1.0,1.0,2.0,0.0,2.0,4.0,1.0,2.0,0.0,8000000.0,1.0,300000.0,290000.0,4.0,99149.5,243809.0,400754.0
4,5.0,1.0,3.0,1.0,4.0,2.0,30.0,100000.0,3.0,2.0,2.0,1.0,2.0,2.0,0.0,2.0,4.0,1.0,2.0,0.0,600000.0,1.0,200000.0,95000.0,2.0,57690.5,91810.0,744.0
4,4.0,1.0,3.0,1.0,4.0,1.0,30.0,160000.0,4.0,3.0,2.0,2.0,2.0,2.0,1500000.0,1.0,4.0,1.0,2.0,0.0,1000000.0,1.0,240000.0,240000.0,3.0,78570.8,396887.0,744.0
4,3.0,1.0,3.0,1.0,4.0,1.0,30.0,100000.0,3.0,2.0,2.0,1.0,1.0,2.0,0.0,2.0,4.0,2.0,2.0,0.0,4000000.0,1.0,100000.0,64000.0,2.0,123131.45,152482.0,200746.0
4,6.0,1.0,5.0,1.0,4.0,2.0,30.0,75000.0,3.0,2.0,2.0,2.0,2.0,2.0,0.0,2.0,4.0,1.0,2.0,0.0,1800000.0,1.0,180000.0,160000.0,2.0,75910.7,110941.0,120749.0
4,4.0,1.0,4.0,1.0,4.0,1.0,30.0,200000.0,3.0,2.0,2.0,1.0,1.0,2.0,0.0,2.0,4.0,1.0,2.0,4000000.0,2000000.0,1.0,300000.0,330500.0,2.0,141094.3,473245.0,143263.0
4,3.0,3.0,3.0,2.0,4.0,2.0,30.0,45000.0,3.0,3.0,2.0,2.0,1.0,2.0,0.0,2.0,4.0,6.0,2.0,700000.0,500000.0,1.0,200000.0,89000.0,4.0,59982.05,303987.0,754.0
4,4.0,1.0,3.0,1.0,4.0,2.0,30.0,100000.0,3.0,2.0,2.0,2.0,1.0,2.0,0.0,2.0,4.0,6.0,2.0,900000.0,500000.0,1.0,250000.0,52000.0,2.0,129903.8,209627.0,746.0
4,5.0,1.0,4.0,1.0,4.0,2.0,30.0,160000.0,2.0,2.0,2.0,2.0,2.0,2.0,0.0,2.0,4.0,6.0,2.0,900000.0,600000.0,1.0,300000.0,909000.0,3.0,198129.06,260414.0,743.0
4,2.0,1.0,2.0,1.0,4.0,2.0,30.0,100000.0,3.0,2.0,2.0,2.0,1.0,2.0,0.0,2.0,4.0,6.0,2.0,700000.0,400000.0,1.0,200000.0,241000.0,2.0,115643.25,220066.0,744.0
4,6.0,3.0,3.0,1.0,3.0,2.0,30.0,100000.0,3.0,3.0,2.0,2.0,2.0,2.0,444000.0,1.0,4.0,3.0,2.0,1000000.0,600000.0,1.0,400000.0,407000.0,4.0,147490.2,449616.0,1200751.0
4,1.0,1.0,3.0,2.0,4.0,2.0,30.0,46000.0,3.0,3.0,2.0,2.0,1.0,2.0,0.0,2.0,4.0,3.0,2.0,600000.0,300000.0,1.0,150000.0,85000.0,2.0,74541.7,114412.0,750.0
4,5.0,1.0,4.0,1.0,4.0,1.0,30.0,160000.0,3.0,3.0,2.0,2.0,2.0,2.0,200000.0,1.0,4.0,6.0,2.0,900000.0,600000.0,1.0,400000.0,182000.0,2.0,142981.075,301192.0,744.0
4,5.0,1.0,4.0,1.0,4.0,2.0,30.0,120000.0,3.0,2.0,2.0,2.0,2.0,2.0,0.0,2.0,4.0,3.0,2.0,900000.0,700000.0,1.0,400000.0,247000.0,3.0,141886.38,326119.0,744.0
4,7.0,1.0,4.0,1.0,4.0,2.0,30.0,150000.0,3.0,3.0,2.0,2.0,2.0,2.0,0.0,2.0,4.0,3.0,2.0,900000.0,700000.0,1.0,300000.0,270000.0,4.0,131474.0,216135.0,745.0
4,5.0,3.0,3.0,1.0,4.0,1.0,30.0,120000.0,3.0,3.0,2.0,2.0,2.0,2.0,0.0,2.0,4.0,3.0,2.0,600000.0,350000.0,1.0,150000.0,296000.0,3.0,145934.6,410695.0,747.0
4,6.0,1.0,3.0,1.0,4.0,1.0,30.0,110000.0,3.0,2.0,2.0,2.0,1.0,2.0,0.0,2.0,4.0,3.0,2.0,500000.0,300000.0,1.0,150000.0,240000.0,3.0,149796.1,534293.0,742.0
4,7.0,1.0,3.0,1.0,4.0,1.0,30.0,250000.0,3.0,2.0,2.0,2.0,1.0,2.0,0.0,2.0,4.0,1.0,2.0,1000000.0,500000.0,1.0,200000.0,380000.0,3.0,179288.1,374419.0,744.0
4,3.0,1.0,4.0,1.0,4.0,2.0,30.0,60000.0,3.0,2.0,2.0,2.0,2.0,2.0,0.0,2.0,4.0,6.0,2.0,1000000.0,300000.0,1.0,150000.0,180000.0,3.0,158638.15,164376.0,747.0
4,3.0,1.0,3.0,2.0,4.0,2.0,30.0,240000.0,3.0,2.0,2.0,2.0,2.0,2.0,0.0,2.0,4.0,3.0,2.0,500000.0,300000.0,1.0,150000.0,108000.0,3.0,164048.85,217413.0,751.0
4,4.0,1.0,2.0,1.0,4.0,2.0,30.0,120000.0,2.0,2.0,2.0,2.0,2.0,2.0,0.0,2.0,4.0,5.0,2.0,0.0,3000.0,3.0,474070.0,195000.0,3.0,196419.48,576614.0,745.0
4,4.0,3.0,3.0,1.0,4.0,2.0,30.0,100000.0,3.0,3.0,2.0,2.0,2.0,2.0,0.0,2.0,1.0,5.0,2.0,800000.0,400000.0,1.0,150000.0,131000.0,2.0,135127.45,273110.0,747.0
4,6.0,1.0,2.0,1.0,4.0,1.0,30.0,300000.0,3.0,2.0,2.0,2.0,2.0,2.0,300000.0,1.0,4.0,3.0,2.0,1000000.0,600000.0,1.0,300000.0,230000.0,2.0,202381.4,303827.0,747.0
4,5.0,1.0,3.0,1.0,4.0,2.0,30.0,180000.0,3.0,2.0,2.0,2.0,2.0,2.0,120000.0,1.0,4.0,4.0,2.0,500000.0,350000.0,1.0,200000.0,45600.0,2.0,164738.0,292467.0,742.0
4,6.0,1.0,3.0,1.0,4.0,1.0,30.0,240000.0,2.0,2.0,2.0,2.0,2.0,2.0,0.0,2.0,4.0,2.0,2.0,0.0,1000000.0,1.0,388888.8888888889,392000.0,4.0,148611.1,455561.0,742.0
4,4.0,1.0,3.0,1.0,4.0,2.0,30.0,90000.0,3.0,2.0,2.0,2.0,2.0,2.0,400000.0,1.0,4.0,1.0,2.0,0.0,600000.0,1.0,300000.0,150000.0,2.0,122449.15,121121.0,746.0
4,6.0,1.0,3.0,1.0,4.0,2.0,30.0,190000.0,3.0,2.0,2.0,2.0,2.0,2.0,1300000.0,1.0,4.0,6.0,2.0,0.0,0.0,1.2222222222222223,427501.3333333333,277000.0,4.0,172899.5,377873.0,744.0
4,2.0,1.0,3.0,2.0,4.0,2.0,30.0,140000.0,2.0,2.0,2.0,2.0,1.0,2.0,0.0,2.0,4.0,2.0,2.0,0.0,0.0,1.0,166666.66666666666,112000.0,3.0,118849.7,145681.0,750.0
4,3.0,1.0,2.0,1.0,4.0,2.0,30.0,65000.0,3.0,1.0,2.0,2.0,2.0,2.0,200000.0,1.0,4.0,2.0,2.0,0.0,500000.0,1.0,240333.33333333337,220000.0,3.0,111468.25,121212.0,747.0
4,2.0,1.0,3.0,2.0,4.0,1.0,30.0,120000.0,2.0,2.0,2.0,2.0,1.0,2.0,0.0,2.0,4.0,1.0,2.0,0.0,0.0,1.2222222222222223,227126.38888888888,218000.0,3.0,135123.45,196302.0,746.0
4,4.0,1.0,4.0,1.0,4.0,2.0,30.0,30000.0,2.0,2.0,2.0,2.0,2.0,2.0,200000.0,1.0,4.0,1.0,2.0,0.0,0.0,1.0,244444.44444444444,110000.0,2.0,88814.15,192293.0,748.0
4,7.0,1.0,3.0,1.0,4.0,2.0,30.0,120000.0,3.0,2.0,2.0,2.0,2.0,2.0,250000.0,1.0,4.0,6.0,2.0,0.0,700000.0,1.0,247777.77777777775,310000.0,4.0,99587.7,291653.0,560752.0
4,3.0,1.0,3.0,2.0,4.0,2.0,30.0,60000.0,3.0,2.0,2.0,2.0,1.0,2.0,0.0,2.0,4.0,6.0,2.0,0.0,400000.0,1.0,160555.55555555556,163000.0,2.0,143638.3,769947.0,749.0
4,4.0,3.0,3.0,1.0,4.0,2.0,30.0,60000.0,3.0,3.0,2.0,2.0,1.0,2.0,1000000.0,1.0,4.0,3.0,2.0,7000.0,4000.0,1.0,500000.0,270100.0,4.0,118587.0,198727.0,745.0
4,1.0,1.0,3.0,2.0,4.0,2.0,30.0,80000.0,3.0,3.0,2.0,2.0,1.0,2.0,0.0,2.0,4.0,3.0,2.0,3500.0,2000.0,1.0,100000.0,80000.0,2.0,81118.5,75327.0,750.0
4,7.0,1.0,4.0,1.0,4.0,2.0,30.0,200000.0,3.0,3.0,2.0,2.0,2.0,2.0,6320000.0,1.0,4.0,3.0,2.0,0.0,6000.0,3.0,1185175.0,231500.0,4.0,169689.5,186756.0,745.0
4,1.0,1.0,1.0,2.0,4.0,2.0,30.0,140000.0,3.0,3.0,2.0,2.0,2.0,2.0,0.0,2.0,4.0,3.0,2.0,2500.0,1500.0,1.0,150000.0,55000.0,1.0,66702.1,112461.0,751.0
4,1.0,1.0,2.0,2.0,4.0,2.0,30.0,80000.0,3.0,3.0,2.0,2.0,1.0,2.0,0.0,2.0,4.0,4.0,2.0,1000.0,150000.0,1.0,80000.0,50000.0,1.0,53963.0,55257.0,751.0
4,2.0,3.0,2.0,1.0,2.0,2.0,30.0,50000.0,2.0,3.0,2.0,2.0,1.0,2.0,800000.0,1.0,4.0,3.0,2.0,4000.0,2000.0,1.0,300000.0,185000.0,2.0,121240.15,209228.0,746.0
4,3.0,1.0,3.0,1.0,4.0,2.0,30.0,100000.0,2.0,3.0,2.0,2.0,2.0,2.0,0.0,2.0,4.0,3.0,2.0,5000.0,3000.0,1.0,300000.0,200000.0,1.0,108901.9,124633.0,745.0
4,3.0,1.0,3.0,1.0,4.0,2.0,30.0,140000.0,2.0,1.0,2.0,2.0,1.0,2.0,200000.0,1.0,4.0,3.0,2.0,1000000.0,700000.0,1.0,300000.0,300000.0,2.0,135985.77,266081.0,747.0
4,2.0,1.0,1.0,1.0,4.0,2.0,30.0,100000.0,4.0,3.0,2.0,2.0,1.0,2.0,990000.0,1.0,4.0,3.0,2.0,4000.0,2000.0,1.0,200000.0,40100.0,2.0,87924.9,117993.0,749.0
4,4.0,3.0,3.0,1.0,4.0,1.0,30.0,120000.0,3.0,3.0,2.0,2.0,2.0,2.0,300000.0,1.0,4.0,4.0,2.0,0.0,0.0,1.0,800000.0,990000.0,4.0,283089.73,544481.0,1220743.0
4,7.0,1.0,5.0,1.0,4.0,1.0,30.0,250000.0,3.0,2.0,2.0,1.0,1.0,2.0,1500000.0,1.0,4.0,6.0,2.0,0.0,0.0,1.0,700000.0,460000.0,5.0,240829.49,495911.0,1126744.0
4,1.0,1.0,2.0,2.0,4.0,2.0,30.0,20000.0,3.0,2.0,2.0,2.0,1.0,2.0,0.0,2.0,4.0,3.0,2.0,0.0,0.0,1.0,100000.0,57000.0,3.0,91643.74,79466.0,753.0
4,5.0,1.0,3.0,1.0,4.0,2.0,30.0,230000.0,3.0,2.0,2.0,1.0,2.0,2.0,85000.0,1.0,4.0,4.0,2.0,0.0,0.0,1.0,600000.0,228000.0,3.0,266275.01,373271.0,270747.0
4,5.0,1.0,2.0,1.0,4.0,1.0,30.0,250000.0,3.0,2.0,2.0,1.0,2.0,2.0,0.0,2.0,4.0,6.0,2.0,0.0,0.0,1.0,400000.0,212000.0,3.0,218449.08,267081.0,50744.0
4,5.0,1.0,3.0,1.0,4.0,1.0,30.0,250000.0,2.0,2.0,2.0,1.0,1.0,2.0,0.0,2.0,4.0,4.0,2.0,0.0,0.0,1.0,600000.0,287000.0,2.0,196957.572,346693.0,741.0
4,6.0,1.0,5.0,1.0,4.0,1.0,30.0,150000.0,3.0,2.0,2.0,2.0,2.0,2.0,200000.0,1.0,4.0,3.0,2.0,0.0,0.0,1.0,600000.0,240000.0,4.0,123801.71,186825.0,745.0
4,2.0,1.0,2.0,2.0,4.0,2.0,30.0,150000.0,4.0,2.0,2.0,2.0,1.0,2.0,100000.0,1.0,4.0,6.0,2.0,0.0,0.0,1.0,300000.0,86600.0,3.0,156718.71,168660.0,340751.0
4,1.0,1.0,2.0,2.0,4.0,2.0,30.0,65000.0,3.0,3.0,2.0,2.0,1.0,2.0,0.0,2.0,4.0,6.0,2.0,0.0,0.0,1.0,150000.0,67500.0,2.0,99357.86,158267.0,753.0
4,3.0,1.0,2.0,1.0,4.0,1.0,30.0,119444.44444444444,2.0,2.0,2.0,2.0,2.0,2.0,0.0,2.0,4.0,3.0,2.0,0.0,800000.0,1.0,400000.0,270000.0,3.0,110505.03,300557.0,746.0
4,6.0,1.0,3.0,1.0,4.0,2.0,30.0,180000.0,5.0,2.0,2.0,2.0,2.0,2.0,100000.0,1.0,4.0,3.0,2.0,1000000.0,700000.0,1.0,400000.0,180000.0,3.0,125709.41,199499.0,747.0
4,1.0,1.0,3.0,1.0,4.0,2.0,30.0,28000.0,3.0,2.0,2.0,2.0,1.0,2.0,0.0,2.0,4.0,2.0,2.0,0.0,300000.0,1.0,150000.0,41100.0,2.0,104780.05,174761.0,749.0
4,4.0,1.0,1.0,1.0,4.0,2.0,30.0,150000.0,4.0,2.0,2.0,2.0,2.0,2.0,0.0,2.0,4.0,3.0,2.0,0.0,0.0,1.0,500000.0,193300.0,4.0,101696.42,273819.0,746.0
4,3.0,1.0,3.0,1.0,4.0,2.0,30.0,150000.0,2.0,2.0,2.0,2.0,1.0,2.0,0.0,2.0,4.0,2.0,2.0,0.0,1000000.0,1.0,500000.0,237200.0,4.0,173646.57,456859.0,744.0
4,1.0,1.0,3.0,2.0,4.0,1.0,30.0,90000.0,3.0,2.0,2.0,2.0,1.0,2.0,0.0,2.0,4.0,3.0,2.0,0.0,400000.0,1.0,200000.0,81000.0,2.0,125494.1,147993.0,750.0
4,5.0,1.0,3.0,1.0,1.0,1.0,30.0,150000.0,3.0,2.0,2.0,2.0,1.0,2.0,0.0,2.0,4.0,5.0,2.0,3000000.0,1500000.0,1.0,700000.0,346000.0,4.0,146641.83,530476.0,743.0
4,4.0,1.0,3.0,1.0,4.0,1.0,30.0,220000.0,3.0,2.0,2.0,2.0,2.0,2.0,0.0,2.0,4.0,4.0,2.0,5000.0,1000000.0,1.0,500000.0,290000.0,2.0,192297.62,398948.0,742.0
4,2.0,1.0,2.0,1.0,4.0,2.0,30.0,50000.0,2.0,2.0,2.0,2.0,1.0,2.0,0.0,2.0,4.0,3.0,2.0,0.0,250000.0,1.0,120000.0,80000.0,2.0,114338.63,113739.0,748.0
4,2.0,1.0,2.0,2.0,4.0,2.0,30.0,100000.0,4.0,3.0,2.0,1.0,2.0,2.0,0.0,2.0,4.0,4.0,2.0,0.0,2000000.0,1.0,200000.0,139400.0,3.0,135217.54,197612.0,752.0
4,2.0,1.0,1.0,2.0,4.0,2.0,30.0,7.0,5.0,3.0,2.0,1.0,2.0,1.0,500000.0,2.0,4.0,3.0,2.0,0.0,0.0,1.0,150000.0,118000.0,2.0,56713.1,154063.0,755.0
4,8.0,1.0,3.0,1.0,4.0,2.0,30.0,200000.0,3.0,3.0,2.0,2.0,1.0,2.0,0.0,2.0,4.0,4.0,2.0,5000.0,2000.0,1.0,200000.0,151000.0,3.0,199767.35,346585.0,750.0
4,2.0,1.0,2.0,2.0,4.0,2.0,30.0,7.0,4.0,3.0,2.0,2.0,1.0,2.0,0.0,2.0,1.0,1.0,2.0,0.0,500000.0,1.0,100000.0,83000.0,2.0,68126.55,100926.0,754.0
4,2.0,1.0,2.0,2.0,4.0,2.0,30.0,90000.0,3.0,3.0,2.0,1.0,2.0,2.0,800000.0,2.0,4.0,3.0,2.0,500000.0,150000.0,1.0,100000.0,81000.0,2.0,70317.05,200517.0,752.0
4,3.0,1.0,3.0,1.0,4.0,1.0,30.0,180000.0,2.0,2.0,2.0,2.0,1.0,2.0,0.0,2.0,4.0,3.0,2.0,1000000.0,500000.0,1.0,150000.0,120000.0,1.0,77819.85,213842.0,749.0
4,5.0,1.0,3.0,1.0,4.0,2.0,30.0,180000.0,3.0,3.0,2.0,2.0,2.0,2.0,500000.0,2.0,4.0,3.0,2.0,0.0,800000.0,1.0,300000.0,281000.0,4.0,140986.2,253665.0,747.0
4,4.0,1.0,3.0,1.0,4.0,2.0,30.0,80000.0,3.0,3.0,2.0,2.0,2.0,2.0,0.0,2.0,4.0,2.0,2.0,2000000.0,800000.0,1.0,200000.0,160000.0,2.0,91871.35,386309.0,749.0
4,1.0,5.0,1.0,2.0,4.0,2.0,30.0,20000.0,3.0,3.0,2.0,2.0,1.0,2.0,0.0,2.0,4.0,1.0,2.0,0.0,200000.0,1.0,100000.0,30300.0,1.0,86756.95,90758.0,756.0
4,2.0,1.0,3.0,2.0,4.0,2.0,30.0,160000.0,3.0,3.0,2.0,2.0,2.0,2.0,0.0,2.0,4.0,4.0,2.0,0.0,0.0,1.0,400000.0,108000.0,2.0,171223.4,643647.0,750.0
4,2.0,3.0,2.0,1.0,4.0,2.0,30.0,20000.0,3.0,3.0,2.0,2.0,1.0,2.0,200000.0,1.0,4.0,6.0,2.0,6000000.0,4000000.0,1.0,500000.0,170000.0,1.0,256102.648,1097129.0,753.0
4,4.0,1.0,2.0,2.0,4.0,2.0,30.0,160000.0,3.0,3.0,2.0,2.0,2.0,2.0,0.0,2.0,4.0,6.0,2.0,0.0,0.0,1.0,400000.0,232000.0,2.0,195694.57,300056.0,748.0
4,4.0,1.0,4.0,1.0,4.0,1.0,30.0,150000.0,2.0,3.0,2.0,2.0,2.0,2.0,0.0,2.0,4.0,6.0,2.0,0.0,0.0,1.0,600000.0,340000.0,2.0,226186.55,401356.0,744.0
4,2.0,1.0,3.0,1.0,4.0,1.0,30.0,160000.0,3.0,3.0,2.0,2.0,2.0,2.0,0.0,2.0,4.0,2.0,2.0,2000000.0,600000.0,1.0,300000.0,565000.0,3.0,216692.12,356705.0,745.0
4,5.0,1.0,3.0,1.0,4.0,2.0,30.0,150000.0,3.0,3.0,2.0,2.0,1.0,2.0,0.0,2.0,4.0,6.0,2.0,10000.0,5000.0,3.0,474070.0,160000.0,4.0,181449.7,424785.0,748.0
4,3.0,1.0,3.0,2.0,4.0,2.0,30.0,180000.0,3.0,2.0,2.0,2.0,1.0,2.0,0.0,2.0,4.0,4.0,2.0,0.0,0.0,1.0,400000.0,205000.0,4.0,226006.46,254254.0,748.0
4,4.0,1.0,2.0,1.0,4.0,1.0,30.0,120000.0,4.0,2.0,2.0,2.0,2.0,2.0,0.0,2.0,4.0,6.0,2.0,0.0,0.0,1.0,600000.0,250000.0,2.0,227061.9,421879.0,746.0
4,4.0,1.0,2.0,2.0,4.0,2.0,30.0,150000.0,3.0,3.0,2.0,2.0,1.0,2.0,7050000.0,1.0,4.0,6.0,2.0,6000.0,2000.0,1.0,300000.0,200000.0,1.0,114251.18,131609.0,750.0
4,6.0,5.0,2.0,2.0,4.0,2.0,30.0,80000.0,4.0,3.0,2.0,2.0,2.0,2.0,0.0,2.0,4.0,1.0,2.0,0.0,0.0,1.0,223444.44444444444,320000.0,2.0,110119.8,158610.0,749.0
4,3.0,5.0,2.0,1.0,4.0,2.0,30.0,50000.0,4.0,3.0,2.0,2.0,1.0,2.0,0.0,2.0,4.0,1.0,2.0,0.0,0.0,1.2222222222222223,164173.33333333334,126200.0,3.0,94771.0,111026.0,744.0
4,3.0,1.0,4.0,1.0,4.0,2.0,30.0,150000.0,2.0,2.0,2.0,2.0,2.0,2.0,0.0,2.0,4.0,1.0,2.0,0.0,0.0,1.2222222222222223,264563.3333333333,693000.0,3.0,135329.1,260739.0,741.0
4,8.0,1.0,5.0,1.0,4.0,1.0,30.0,150000.0,2.0,2.0,2.0,2.0,2.0,2.0,0.0,2.0,4.0,1.0,2.0,0.0,0.0,1.0,300000.0,560800.0,3.0,158530.95,486369.0,741.0
4,4.0,1.0,2.0,2.0,4.0,2.0,30.0,40000.0,4.0,3.0,2.0,2.0,2.0,2.0,0.0,2.0,1.0,1.0,2.0,0.0,0.0,1.2222222222222223,157118.88888888888,150000.0,3.0,74357.5,54127.0,752.0
4,1.0,1.0,2.0,1.0,4.0,2.0,30.0,80000.0,2.0,2.0,2.0,2.0,1.0,2.0,0.0,2.0,4.0,1.0,2.0,500000.0,300000.0,1.0,150000.0,130000.0,1.0,65231.5,201744.0,747.0
4,4.0,1.0,4.0,1.0,4.0,2.0,30.0,70000.0,3.0,3.0,2.0,2.0,2.0,2.0,2400000.0,2.0,4.0,1.0,2.0,0.0,0.0,1.2222222222222223,386192.22222222225,260000.0,3.0,106490.7,736500.0,744.0
4,4.0,1.0,3.0,2.0,4.0,2.0,30.0,30000.0,4.0,3.0,2.0,2.0,1.0,2.0,100000.0,1.0,4.0,1.0,2.0,0.0,0.0,1.0,150000.0,120000.0,1.0,74317.5,139934.0,750.0
4,6.0,1.0,4.0,1.0,4.0,1.0,30.0,130000.0,3.0,3.0,2.0,2.0,1.0,2.0,0.0,2.0,4.0,1.0,2.0,0.0,0.0,1.0,300000.0,7150.0,3.0,160265.0,182766.0,743.0
4,6.0,1.0,5.0,1.0,4.0,1.0,30.0,7.0,2.0,2.0,2.0,1.0,2.0,2.0,0.0,2.0,1.0,1.0,2.0,2000000.0,800000.0,1.0,250000.0,325000.0,7.0,43158.5,101769.0,746.0
4,6.0,1.0,4.0,1.0,4.0,2.0,30.0,7.0,3.0,3.0,2.0,2.0,1.0,2.0,0.0,2.0,1.0,1.0,2.0,3000000.0,950000.0,1.0,280000.0,192470.0,4.0,83764.5,107737.0,751.0
4,4.0,1.0,5.0,2.0,4.0,1.0,30.0,40000.0,3.0,3.0,2.0,1.0,2.0,2.0,50000.0,1.0,4.0,3.0,2.0,1600000.0,850000.0,1.0,260000.0,200000.0,3.0,55490.3,167875.0,750.0
4,6.0,1.0,6.0,1.0,4.0,1.0,30.0,35000.0,2.0,2.0,2.0,2.0,1.0,2.0,0.0,1.0,1.0,1.0,1.0,500000.0,400000.0,1.0,170000.0,288500.0,6.0,59016.7,225851.0,750.0
4,4.0,1.0,4.0,2.0,4.0,2.0,30.0,40000.0,4.0,2.0,2.0,1.0,1.0,2.0,0.0,2.0,4.0,3.0,2.0,1600000.0,900000.0,1.0,160000.0,165300.0,3.0,40434.75,228913.0,752.0
4,4.0,1.0,5.0,1.0,4.0,2.0,30.0,7.0,2.0,2.0,2.0,2.0,1.0,2.0,0.0,2.0,4.0,1.0,2.0,2000000.0,1000000.0,1.0,260000.0,155400.0,3.0,49988.5,248599.0,748.0
4,2.0,1.0,2.0,2.0,4.0,2.0,30.0,80000.0,3.0,2.0,2.0,2.0,1.0,1.0,40000.0,1.0,4.0,1.0,2.0,500000.0,250000.0,1.0,150000.0,185400.0,2.0,62363.3,73446.0,20751.0
4,2.0,1.0,5.0,2.0,4.0,2.0,30.0,90000.0,4.0,2.0,2.0,2.0,1.0,2.0,0.0,2.0,4.0,3.0,1.0,600000.0,300000.0,1.0,170000.0,110300.0,3.0,75929.25,34747.0,753.0
4,5.0,1.0,4.0,1.0,4.0,2.0,30.0,40000.0,2.0,2.0,2.0,2.0,1.0,1.0,50000.0,1.0,1.0,1.0,2.0,2500000.0,1000000.0,1.0,220000.0,127500.0,3.0,54907.5,189148.0,300750.0
4,4.0,1.0,3.0,1.0,4.0,1.0,30.0,100000.0,3.0,2.0,2.0,2.0,1.0,2.0,80000.0,1.0,4.0,6.0,2.0,1500000.0,600000.0,1.0,200000.0,198600.0,3.0,144849.9,202778.0,742.0
4,5.0,1.0,2.0,2.0,4.0,2.0,30.0,90000.0,4.0,2.0,2.0,2.0,1.0,2.0,0.0,2.0,4.0,3.0,2.0,500000.0,250000.0,1.0,150000.0,79100.0,2.0,100137.65,116674.0,751.0
4,3.0,1.0,3.0,1.0,4.0,2.0,30.0,100000.0,3.0,2.0,2.0,2.0,2.0,2.0,100000.0,1.0,4.0,6.0,2.0,1400000.0,600000.0,1.0,200000.0,148000.0,2.0,119836.65,146480.0,745.0
4,3.0,1.0,3.0,1.0,4.0,1.0,30.0,100000.0,3.0,2.0,2.0,2.0,2.0,2.0,80000.0,1.0,4.0,6.0,2.0,1500000.0,500000.0,1.0,200000.0,145000.0,2.0,151392.45,141414.0,742.0
4,3.0,1.0,3.0,2.0,4.0,1.0,30.0,90000.0,3.0,2.0,2.0,1.0,2.0,2.0,100000.0,1.0,4.0,6.0,2.0,10000000.0,500000.0,1.0,200000.0,170000.0,2.0,107202.4,156583.0,745.0
4,2.0,1.0,2.0,2.0,4.0,2.0,30.0,88000.0,3.0,2.0,2.0,2.0,1.0,2.0,0.0,2.0,4.0,3.0,2.0,500000.0,250000.0,1.0,100000.0,75900.0,2.0,141347.46,147640.0,752.0
4,5.0,1.0,2.0,2.0,4.0,2.0,30.0,85000.0,3.0,2.0,2.0,2.0,1.0,2.0,0.0,2.0,4.0,3.0,2.0,850000.0,450000.0,1.0,150000.0,94100.0,3.0,128061.4,248609.5,750.0
4,1.0,1.0,1.0,2.0,4.0,2.0,30.0,70000.0,3.0,2.0,2.0,2.0,1.0,2.0,0.0,2.0,1.0,1.0,2.0,600000.0,300000.0,1.0,100000.0,65500.0,3.0,102418.0,111359.0,754.0
4,1.0,1.0,1.0,2.0,4.0,2.0,30.0,60000.0,4.0,2.0,2.0,2.0,2.0,2.0,30000.0,1.0,4.0,3.0,2.0,550000.0,250000.0,1.0,150000.0,41000.0,1.0,110614.0,112985.0,752.0
4,2.0,1.0,3.0,2.0,4.0,2.0,30.0,70000.0,4.0,2.0,2.0,2.0,2.0,2.0,50000.0,1.0,4.0,3.0,2.0,650000.0,350000.0,1.0,150000.0,91100.0,3.0,120221.15,144446.0,753.0
4,3.0,1.0,4.0,1.0,4.0,1.0,30.0,38000.0,4.0,2.0,2.0,2.0,2.0,2.0,100000.0,1.0,4.0,6.0,2.0,1600000.0,800000.0,1.0,200000.0,400000.0,2.0,84140.25,148246.0,746.0
4,4.0,1.0,4.0,2.0,4.0,1.0,30.0,40000.0,4.0,2.0,2.0,2.0,2.0,2.0,70000.0,1.0,4.0,6.0,2.0,2000000.0,900000.0,1.0,200000.0,144200.0,2.0,88011.65,164277.0,748.0
4,4.0,1.0,4.0,2.0,4.0,1.0,30.0,30000.0,3.0,2.0,2.0,2.0,2.0,2.0,80000.0,1.0,4.0,6.0,2.0,1600000.0,700000.0,1.0,200000.0,100000.0,1.0,92700.3,120833.0,748.0
4,2.0,1.0,3.0,2.0,4.0,2.0,30.0,78000.0,4.0,2.0,2.0,2.0,2.0,2.0,50000.0,1.0,4.0,3.0,2.0,850000.0,450000.0,1.0,150000.0,63100.0,2.0,72166.25,110611.0,750.0
4,4.0,1.0,4.0,2.0,4.0,1.0,30.0,25000.0,3.0,2.0,2.0,2.0,2.0,2.0,100000.0,1.0,4.0,6.0,2.0,1500000.0,600000.0,1.0,150000.0,110000.0,1.0,88962.7,154838.0,745.0
4,4.0,1.0,4.0,2.0,4.0,1.0,30.0,30000.0,4.0,2.0,2.0,2.0,1.0,2.0,70000.0,1.0,4.0,6.0,2.0,450000.0,300000.0,1.0,180000.0,49000.0,2.0,84134.5,117402.0,747.0
4,1.0,1.0,3.0,2.0,4.0,2.0,30.0,55000.0,4.0,2.0,2.0,2.0,1.0,2.0,0.0,2.0,1.0,1.0,2.0,300000.0,200000.0,1.0,100000.0,64000.0,3.0,88462.6,64147.0,752.0
4,5.0,1.0,3.0,2.0,4.0,2.0,30.0,60000.0,4.0,2.0,2.0,2.0,1.0,2.0,0.0,2.0,4.0,3.0,2.0,300000.0,200000.0,1.0,120000.0,59500.0,2.0,111350.55,113191.0,752.0
4,1.0,1.0,1.0,2.0,4.0,2.0,30.0,53111.11111111111,4.0,3.0,2.0,2.0,1.0,2.0,0.0,2.0,1.0,6.0,2.0,100000.0,65000.0,1.0,40000.0,42000.0,2.0,7011.5,85023.33333333333,763.0
4,6.0,1.0,8.0,1.0,4.0,1.0,30.0,350000.0,3.0,3.0,2.0,2.0,2.0,2.0,620000.0,1.0,4.0,4.0,2.0,2000000.0,1200000.0,1.0,600000.0,163300.0,3.0,79326.0,258682.0,1800751.0
4,4.0,1.0,5.0,1.0,4.0,1.0,30.0,150000.0,3.0,3.0,2.0,2.0,2.0,2.0,0.0,2.0,4.0,4.0,2.0,800000.0,400000.0,2.0,45050.0,150000.0,1.0,55365.7,140186.0,748.0
4,4.0,1.0,4.0,1.0,4.0,2.0,30.0,7.0,3.0,1.0,2.0,2.0,1.0,2.0,582000.0,1.0,1.0,3.0,2.0,2000.0,1000.0,3.0,94814.0,83000.0,3.0,35548.5,63996.0,1600751.0
4,6.0,1.0,4.0,1.0,4.0,2.0,30.0,110000.0,3.0,3.0,2.0,2.0,2.0,2.0,0.0,2.0,4.0,3.0,2.0,3000000.0,2000000.0,1.0,500000.0,90000.0,2.0,64848.5,147966.0,749.0
4,7.0,1.0,4.0,1.0,4.0,1.0,30.0,7.0,4.0,3.0,2.0,2.0,2.0,2.0,240000.0,1.0,4.0,3.0,2.0,2000000.0,1000000.0,1.0,300000.0,211000.0,3.0,78230.5,143535.0,1200749.0
4,4.0,1.0,4.0,1.0,2.0,1.0,30.0,132000.0,3.0,3.0,2.0,2.0,2.0,2.0,0.0,2.0,4.0,5.0,2.0,2000.0,1000.0,1.0,50000.0,170000.0,2.0,61152.8,244869.0,751.0
4,4.0,1.0,6.0,1.0,4.0,1.0,30.0,160000.0,3.0,3.0,2.0,2.0,2.0,2.0,775000.0,1.0,4.0,2.0,2.0,100000.0,500000.0,1.0,300000.0,159000.0,3.0,53287.0,322844.0,748.0
4,4.0,1.0,5.0,1.0,4.0,1.0,30.0,260000.0,3.0,3.0,2.0,2.0,2.0,2.0,400000.0,1.0,4.0,3.0,2.0,1400000.0,200000.0,1.0,100000.0,190000.0,3.0,74833.9,376519.0,747.0
4,1.0,3.0,3.0,1.0,4.0,2.0,30.0,36000.0,4.0,3.0,2.0,2.0,2.0,2.0,0.0,2.0,4.0,6.0,2.0,1300000.0,500000.0,1.0,110000.0,294000.0,2.0,94010.375,218476.0,751.0
4,3.0,1.0,3.0,1.0,4.0,2.0,30.0,120000.0,3.0,2.0,2.0,2.0,1.0,2.0,1000000.0,1.0,4.0,6.0,2.0,1500000.0,400000.0,1.0,100000.0,120000.0,1.0,45185.0,114307.0,4751.0
4,1.0,1.0,3.0,1.0,4.0,2.0,30.0,80000.0,3.0,2.0,2.0,2.0,1.0,2.0,0.0,2.0,4.0,6.0,2.0,500000.0,400000.0,1.0,50000.0,60100.0,2.0,52656.38,186970.0,741.0
4,4.0,3.0,2.0,1.0,4.0,1.0,30.0,100000.0,4.0,2.0,2.0,2.0,1.0,2.0,0.0,2.0,4.0,6.0,2.0,2000000.0,1000000.0,1.0,130000.0,260000.0,1.0,77230.52,303652.0,745.0
4,5.0,1.0,3.0,1.0,4.0,2.0,30.0,100000.0,4.0,3.0,2.0,1.0,2.0,2.0,0.0,2.0,4.0,6.0,2.0,1000000.0,500000.0,1.0,150000.0,184000.0,2.0,122037.3,243424.0,746.0
4,1.0,1.0,2.0,2.0,4.0,2.0,30.0,70000.0,3.0,3.0,2.0,2.0,1.0,2.0,50000.0,1.0,4.0,6.0,2.0,1000000.0,500000.0,1.0,50000.0,52000.0,1.0,44128.58,117456.0,752.0
4,9.0,1.0,3.0,1.0,4.0,2.0,30.0,120000.0,4.0,3.0,2.0,2.0,2.0,2.0,0.0,2.0,4.0,6.0,2.0,1000000.0,800000.0,1.0,100000.0,328000.0,4.0,67800.9,202180.0,746.0
4,2.0,1.0,3.0,2.0,4.0,2.0,30.0,70000.0,4.0,3.0,2.0,2.0,1.0,2.0,0.0,2.0,4.0,6.0,2.0,500000.0,400000.0,1.0,100000.0,83000.0,2.0,49983.95,128209.0,748.0
4,1.0,1.0,2.0,1.0,4.0,2.0,30.0,75000.0,4.0,3.0,2.0,2.0,2.0,2.0,1000000.0,1.0,4.0,6.0,2.0,1000000.0,800000.0,1.0,150000.0,312000.0,2.0,43458.78,125056.0,3000754.0
4,1.0,1.0,1.0,2.0,4.0,2.0,30.0,58890.444444444445,3.0,2.0,2.0,2.0,1.0,2.0,0.0,2.0,4.0,4.0,2.0,0.0,0.0,1.0,35000.0,35000.0,1.0,34064.8,60411.0,749.0
4,2.0,1.0,4.0,1.0,4.0,1.0,30.0,185000.0,2.0,2.0,2.0,2.0,2.0,2.0,0.0,2.0,4.0,5.0,2.0,0.0,0.0,1.0,250000.0,550000.0,2.0,124261.3,293192.0,741.0
4,1.0,1.0,1.0,1.0,4.0,2.0,30.0,85000.0,2.0,2.0,2.0,2.0,1.0,2.0,0.0,2.0,4.0,4.0,2.0,0.0,0.0,1.0,241000.0,291200.0,3.0,110463.25,209636.0,743.0
4,2.0,1.0,1.0,2.0,4.0,2.0,30.0,50000.0,4.0,2.0,2.0,2.0,1.0,2.0,40000.0,1.0,4.0,6.0,2.0,0.0,300000.0,1.0,50000.0,113000.0,3.0,35093.64,162792.0,749.0
4,1.0,3.0,1.0,2.0,4.0,2.0,30.0,40000.0,3.0,3.0,2.0,2.0,1.0,2.0,75000.0,1.0,4.0,3.0,2.0,0.0,2000.0,1.0,68000.0,60000.0,2.0,33297.3,99950.0,753.0
4,1.0,1.0,1.0,2.0,4.0,2.0,30.0,20000.0,4.0,3.0,2.0,2.0,1.0,2.0,0.0,2.0,4.0,4.0,2.0,0.0,0.0,1.0,16000.0,16000.0,1.0,24781.64,65483.0,751.0
4,2.0,1.0,2.0,1.0,4.0,2.0,30.0,48000.0,3.0,2.0,2.0,2.0,2.0,2.0,0.0,2.0,4.0,4.0,2.0,0.0,2000000.0,1.0,150000.0,155000.0,2.0,110737.3,201818.0,744.0
4,2.0,3.0,2.0,2.0,4.0,2.0,30.0,50000.0,3.0,3.0,2.0,2.0,2.0,2.0,200000.0,1.0,4.0,6.0,2.0,0.0,500000.0,1.0,83000.0,83000.0,2.0,61384.85,148616.0,751.0
4,3.0,1.0,3.0,1.0,4.0,2.0,30.0,200000.0,2.0,2.0,2.0,2.0,1.0,2.0,0.0,2.0,4.0,5.0,2.0,5000000.0,1000000.0,1.0,224000.0,619000.0,4.0,122553.65,283726.0,36743.0
4,6.0,1.0,4.0,2.0,4.0,1.0,30.0,185000.0,4.0,3.0,2.0,1.0,2.0,2.0,0.0,2.0,4.0,6.0,2.0,0.0,0.0,1.0,200000.0,162500.0,2.0,102661.4,221187.6,746.0
4,5.0,1.0,5.0,1.0,4.0,1.0,30.0,160000.0,3.0,2.0,2.0,2.0,2.0,2.0,0.0,2.0,4.0,6.0,2.0,0.0,0.0,1.0,150000.0,230000.0,3.0,109974.0,193973.0,744.0
4,5.0,1.0,4.0,1.0,4.0,2.0,30.0,160000.0,3.0,2.0,2.0,2.0,2.0,2.0,750000.0,1.0,4.0,6.0,2.0,0.0,0.0,1.0,150000.0,235700.0,4.0,111602.27,255764.0,2000752.0
4,4.0,1.0,4.0,1.0,4.0,1.0,30.0,160000.0,3.0,2.0,2.0,1.0,2.0,2.0,700000.0,1.0,4.0,6.0,2.0,0.0,0.0,1.0,200000.0,270000.0,2.0,80464.15,307434.0,744.0
4,6.0,1.0,3.0,2.0,4.0,2.0,30.0,180000.0,3.0,2.0,2.0,2.0,2.0,2.0,40000.0,1.0,1.0,6.0,2.0,0.0,0.0,1.0,180000.0,73900.0,2.0,69300.3,139601.0,753.0
4,3.0,1.0,4.0,2.0,4.0,2.0,30.0,140000.0,3.0,2.0,2.0,1.0,2.0,2.0,0.0,2.0,4.0,6.0,2.0,0.0,0.0,1.0,100000.0,175000.0,2.0,74698.9,58372.0,748.0
4,2.0,1.0,2.0,2.0,4.0,2.0,30.0,100000.0,3.0,2.0,2.0,2.0,2.0,2.0,0.0,2.0,1.0,6.0,2.0,0.0,0.0,1.0,100000.0,91500.0,3.0,75053.2,77025.0,749.0
4,4.0,1.0,2.0,1.0,4.0,2.0,30.0,120000.0,3.0,2.0,2.0,2.0,1.0,2.0,0.0,2.0,4.0,6.0,2.0,0.0,0.0,1.0,150000.0,155000.0,2.0,88468.8,135421.0,745.0
4,7.0,1.0,5.0,1.0,4.0,1.0,30.0,180000.0,3.0,2.0,2.0,2.0,2.0,2.0,0.0,2.0,4.0,6.0,2.0,0.0,0.0,1.0,250000.0,255000.0,2.0,120096.4,318337.0,744.0
4,3.0,1.0,2.0,2.0,4.0,1.0,30.0,100000.0,3.0,3.0,2.0,2.0,2.0,2.0,0.0,2.0,4.0,2.0,2.0,1000000.0,800000.0,1.0,700000.0,150000.0,1.0,79517.05,67956.0,749.0
4,4.0,5.0,2.0,1.0,4.0,2.0,30.0,80000.0,3.0,3.0,2.0,2.0,2.0,2.0,0.0,2.0,4.0,3.0,2.0,2000.0,1500.0,3.0,474070.0,130000.0,2.0,44145.0,60913.0,748.0
4,4.0,1.0,2.0,1.0,4.0,1.0,31.0,180000.0,3.0,3.0,2.0,2.0,1.0,2.0,0.0,2.0,4.0,2.0,2.0,0.0,0.0,1.0,93333.33333333331,80000.0,1.0,37729.7,63841.0,747.0
4,4.0,5.0,1.0,1.0,4.0,2.0,30.0,50000.0,3.0,3.0,2.0,2.0,1.0,2.0,1000000.0,1.0,4.0,2.0,2.0,2000000.0,1500000.0,1.0,1000000.0,100200.0,2.0,80273.7,89199.0,746.0
4,3.0,3.0,2.0,1.0,4.0,2.0,30.0,80000.0,3.0,3.0,2.0,2.0,2.0,2.0,100000.0,1.0,4.0,2.0,2.0,800000.0,700000.0,1.0,500000.0,240000.0,3.0,76102.15,83004.0,746.0
4,2.0,1.0,3.0,2.0,4.0,2.0,30.0,110000.0,3.0,3.0,2.0,2.0,1.0,2.0,0.0,2.0,4.0,3.0,2.0,500000.0,400000.0,1.0,350000.0,139000.0,2.0,66992.75,745797.0,749.0
4,6.0,1.0,3.0,1.0,4.0,1.0,30.0,170000.0,2.0,3.0,2.0,2.0,2.0,2.0,0.0,2.0,4.0,2.0,2.0,1500000.0,1000000.0,1.0,800000.0,179000.0,3.0,62134.55,75284.0,746.0
4,3.0,1.0,3.0,2.0,4.0,2.0,30.0,130000.0,3.0,3.0,2.0,2.0,1.0,2.0,0.0,2.0,4.0,2.0,2.0,0.0,0.0,1.2222222222222223,176138.88888888888,100000.0,1.0,67188.45,52050.0,747.0
4,6.0,1.0,3.0,1.0,4.0,1.0,30.0,100000.0,3.0,3.0,2.0,2.0,1.0,2.0,400000.0,1.0,4.0,2.0,2.0,2000000.0,1500000.0,1.0,1000000.0,240000.0,3.0,73352.15,88232.0,745.0
4,4.0,1.0,4.0,2.0,4.0,1.0,30.0,97000.0,3.0,3.0,2.0,2.0,2.0,2.0,120000.0,1.0,4.0,6.0,2.0,3000000.0,2000000.0,1.0,1500000.0,170000.0,2.0,112199.05,425208.0,746.0
4,6.0,1.0,4.0,2.0,4.0,1.0,30.0,100000.0,2.0,3.0,2.0,2.0,2.0,2.0,2000000.0,1.0,4.0,6.0,2.0,4500000.0,4000000.0,1.0,3500000.0,80000.0,2.0,128901.15,370232.0,9750.0
4,6.0,1.0,5.0,1.0,4.0,1.0,30.0,88000.0,3.0,3.0,2.0,2.0,2.0,2.0,300000.0,1.0,4.0,5.0,2.0,5000000.0,4000000.0,1.0,3000000.0,98000.0,3.0,98618.2,486919.0,748.0
4,7.0,1.0,5.0,1.0,4.0,1.0,30.0,98000.0,3.0,3.0,2.0,2.0,2.0,2.0,1200000.0,1.0,4.0,5.0,2.0,4000000.0,3000000.0,1.0,2500000.0,87000.0,2.0,159968.25,460320.0,745.0
4,6.0,1.0,4.0,2.0,4.0,1.0,30.0,98000.0,3.0,3.0,2.0,2.0,2.0,2.0,250000.0,1.0,4.0,5.0,2.0,3500000.0,3000000.0,1.0,2600000.0,133000.0,2.0,151807.1,305364.0,748.0
4,4.0,1.0,4.0,2.0,4.0,1.0,30.0,97000.0,3.0,3.0,2.0,2.0,2.0,2.0,360000.0,1.0,4.0,6.0,2.0,2600000.0,2000000.0,1.0,1600000.0,92000.0,2.0,120519.6,318030.0,748.0
4,6.0,1.0,5.0,2.0,4.0,1.0,30.0,105000.0,3.0,3.0,2.0,2.0,2.0,2.0,230000.0,1.0,4.0,6.0,2.0,2500000.0,2000000.0,1.0,1500000.0,130000.0,2.0,123648.0,388386.0,748.0
4,2.0,1.0,4.0,1.0,4.0,2.0,30.0,75000.0,3.0,3.0,2.0,2.0,1.0,2.0,30000.0,1.0,4.0,6.0,2.0,1500000.0,1000000.0,1.0,800000.0,30150.0,2.0,102271.2,238153.0,11748.0
4,5.0,1.0,4.0,1.0,4.0,1.0,30.0,106000.0,3.0,3.0,2.0,2.0,2.0,2.0,80000.0,1.0,4.0,5.0,2.0,2800000.0,2500000.0,1.0,1000000.0,81000.0,2.0,150957.0,398841.0,745.0
4,8.0,1.0,4.0,2.0,4.0,1.0,30.0,170000.0,3.0,2.0,2.0,2.0,1.0,2.0,0.0,2.0,4.0,6.0,2.0,0.0,0.0,1.6666666666666667,238497.0,150000.0,1.0,75699.4,79548.0,749.0
4,4.0,1.0,3.0,2.0,4.0,1.0,30.0,7.0,3.0,3.0,2.0,2.0,1.0,2.0,0.0,1.0,4.0,6.0,2.0,0.0,0.0,1.0,200000.0,150000.0,2.0,62860.6,159430.0,752.0
4,3.0,1.0,2.0,2.0,4.0,2.0,30.0,150000.0,4.0,3.0,2.0,2.0,2.0,2.0,0.0,2.0,4.0,4.0,2.0,0.0,0.0,1.0,58444.444444444445,44750.0,3.0,32311.3,62466.0,754.0
4,7.0,1.0,5.0,1.0,4.0,2.0,30.0,7.0,3.0,2.0,2.0,2.0,2.0,2.0,0.0,2.0,4.0,6.0,2.0,0.0,0.0,1.0,79111.11111111111,4000.0,1.0,28000.95,112840.0,750.0
4,4.0,1.0,5.0,1.0,4.0,2.0,30.0,108000.0,3.0,3.0,2.0,2.0,2.0,2.0,0.0,2.0,4.0,6.0,2.0,0.0,0.0,1.0,192888.88888888888,36000.0,2.0,46829.2,128626.0,748.0
4,1.0,1.0,3.0,2.0,4.0,2.0,30.0,120000.0,4.0,3.0,2.0,2.0,1.0,2.0,0.0,2.0,4.0,6.0,2.0,0.0,0.0,1.0,108888.88888888888,80000.0,1.0,25196.0,59692.0,754.0
4,1.0,1.0,1.0,2.0,4.0,2.0,30.0,80000.0,4.0,3.0,2.0,2.0,2.0,2.0,0.0,2.0,4.0,6.0,2.0,0.0,0.0,1.0,175555.55555555556,88000.0,1.0,38623.4,89457.0,752.0
4,2.0,5.0,2.0,2.0,4.0,2.0,30.0,60000.0,4.0,3.0,2.0,2.0,1.0,2.0,0.0,2.0,1.0,6.0,2.0,0.0,0.0,1.0,150000.0,22500.0,1.0,12191.3,22292.0,759.0
4,1.0,1.0,3.0,2.0,4.0,2.0,30.0,35336.444444444445,4.0,3.0,2.0,2.0,2.0,2.0,0.0,2.0,4.0,3.0,2.0,0.0,0.0,1.0,91111.11111111112,37000.0,1.0,65245.68,65267.0,754.0
4,5.0,1.0,4.0,1.0,4.0,1.0,30.0,80000.0,3.0,2.0,2.0,2.0,2.0,2.0,8000000.0,1.0,4.0,6.0,2.0,0.0,1000000.0,1.0,500000.0,370000.0,3.0,111720.7,224225.0,16000747.0
4,1.0,1.0,1.0,1.0,4.0,2.0,30.0,50000.0,3.0,3.0,2.0,2.0,1.0,2.0,400000.0,1.0,4.0,6.0,2.0,0.0,400000.0,1.0,200000.0,50000.0,1.0,31651.0,164768.0,749.0
4,9.0,1.0,4.0,1.0,4.0,1.0,30.0,200000.0,2.0,2.0,2.0,2.0,2.0,2.0,2000000.0,1.0,4.0,5.0,2.0,0.0,1000000.0,1.0,500000.0,300000.0,1.0,159005.4,192606.0,747.0
4,5.0,1.0,3.0,2.0,4.0,2.0,30.0,60000.0,3.0,2.0,2.0,2.0,2.0,2.0,0.0,2.0,4.0,6.0,2.0,0.0,600000.0,1.0,300000.0,145000.0,3.0,81921.5,156517.0,752.0
4,2.0,1.0,2.0,1.0,4.0,2.0,30.0,30000.0,3.0,3.0,2.0,2.0,2.0,2.0,0.0,2.0,4.0,6.0,2.0,0.0,400000.0,1.0,200000.0,40000.0,1.0,60840.25,47913.0,750.0
4,2.0,1.0,3.0,2.0,4.0,2.0,30.0,40000.0,3.0,3.0,2.0,2.0,2.0,2.0,30000.0,1.0,4.0,6.0,2.0,0.0,400000.0,1.0,200000.0,100000.0,2.0,85882.0,73526.0,753.0
4,5.0,1.0,3.0,1.0,4.0,1.0,30.0,80000.0,3.0,2.0,2.0,2.0,2.0,2.0,0.0,2.0,4.0,4.0,2.0,0.0,600000.0,1.0,300000.0,227000.0,3.0,102385.85,206070.0,747.0
4,7.0,1.0,3.0,1.0,4.0,2.0,30.0,80000.0,3.0,2.0,2.0,2.0,2.0,2.0,200000.0,1.0,4.0,6.0,2.0,0.0,800000.0,1.0,400000.0,118000.0,2.0,123049.8,12374.0,750.0
4,6.0,1.0,2.0,1.0,4.0,1.0,30.0,80000.0,2.0,2.0,2.0,2.0,2.0,2.0,0.0,2.0,4.0,6.0,2.0,0.0,800000.0,1.0,400000.0,355000.0,3.0,137729.2,188295.0,748.0
4,4.0,1.0,2.0,1.0,4.0,2.0,30.0,120000.0,3.0,3.0,2.0,1.0,2.0,2.0,0.0,2.0,4.0,1.0,2.0,0.0,0.0,1.0,300000.0,601000.0,3.0,70954.9,123509.0,750.0
4,5.0,1.0,1.0,2.0,4.0,2.0,30.0,7.0,4.0,3.0,2.0,2.0,2.0,2.0,0.0,2.0,1.0,1.0,2.0,1000000.0,700000.0,1.0,200000.0,135000.0,2.0,47187.0,41947.0,749.0
4,2.0,1.0,2.0,2.0,4.0,2.0,30.0,7.0,4.0,3.0,2.0,2.0,2.0,2.0,0.0,2.0,4.0,1.0,2.0,8000000.0,1000000.0,1.0,260000.0,170000.0,1.0,44923.5,92043.0,751.0
4,7.0,1.0,3.0,2.0,4.0,2.0,30.0,7.0,4.0,3.0,2.0,2.0,2.0,2.0,0.0,2.0,1.0,1.0,2.0,3000000.0,1000000.0,1.0,300000.0,140000.0,2.0,118192.5,90677.0,751.0
4,4.0,1.0,2.0,2.0,4.0,2.0,30.0,7.0,4.0,3.0,2.0,2.0,2.0,2.0,0.0,2.0,4.0,1.0,2.0,10000000.0,1000000.0,1.0,300000.0,571000.0,3.0,57187.8,96071.0,754.0
4,2.0,1.0,2.0,2.0,4.0,1.0,30.0,80000.0,4.0,3.0,2.0,2.0,2.0,2.0,0.0,2.0,4.0,3.0,2.0,800000.0,600000.0,1.0,200000.0,90000.0,1.0,52091.3,106457.0,752.0
4,5.0,1.0,4.0,2.0,4.0,2.0,30.0,7.0,4.0,3.0,2.0,2.0,2.0,2.0,0.0,2.0,1.0,1.0,2.0,10000000.0,1000000.0,1.0,200000.0,185000.0,2.0,80278.1,134828.0,750.0
4,2.0,1.0,2.0,2.0,4.0,2.0,30.0,7.0,4.0,3.0,2.0,2.0,2.0,2.0,0.0,2.0,4.0,1.0,2.0,7000000.0,1000000.0,1.0,250000.0,70000.0,1.0,49687.3,23593.0,751.0
4,2.0,1.0,2.0,2.0,4.0,2.0,30.0,7.0,4.0,3.0,2.0,2.0,2.0,2.0,0.0,2.0,4.0,3.0,2.0,800000.0,600000.0,1.0,100000.0,100000.0,1.0,59707.6,81008.0,752.0
4,5.0,1.0,4.0,1.0,4.0,1.0,30.0,100000.0,2.0,2.0,2.0,2.0,2.0,2.0,0.0,2.0,4.0,4.0,2.0,3500000.0,2000000.0,1.0,300000.0,160000.0,1.0,75837.7,217719.0,743.0
4,6.0,1.0,4.0,1.0,4.0,1.0,30.0,140000.0,2.0,2.0,2.0,2.0,1.0,2.0,0.0,2.0,1.0,4.0,2.0,4000000.0,2500000.0,1.0,200000.0,108200.0,3.0,116322.9,184278.0,742.0
4,7.0,1.0,5.0,1.0,4.0,2.0,30.0,100000.0,2.0,2.0,2.0,2.0,2.0,2.0,0.0,2.0,1.0,6.0,2.0,5000000.0,3000000.0,1.0,200000.0,245000.0,3.0,79926.9,175714.0,744.0
4,3.0,1.0,4.0,1.0,4.0,1.0,30.0,100000.0,2.0,2.0,2.0,2.0,1.0,2.0,0.0,2.0,4.0,4.0,2.0,0.0,0.0,1.0,200000.0,160000.0,2.0,51110.8,124267.0,745.0
4,4.0,1.0,4.0,2.0,4.0,2.0,30.0,80000.0,3.0,2.0,2.0,2.0,2.0,2.0,0.0,2.0,4.0,4.0,2.0,4000000.0,3000000.0,1.0,200000.0,120000.0,1.0,79863.4,61616.0,747.0
4,6.0,1.0,6.0,1.0,4.0,1.0,30.0,100000.0,2.0,2.0,2.0,2.0,2.0,2.0,0.0,2.0,4.0,4.0,2.0,3000000.0,2000000.0,1.0,300000.0,198000.0,3.0,60807.9,245773.0,743.0
4,5.0,1.0,5.0,2.0,4.0,2.0,30.0,120000.0,3.0,2.0,2.0,2.0,1.0,2.0,0.0,2.0,1.0,4.0,2.0,4000000.0,1000000.0,1.0,100000.0,29200.0,2.0,75452.8,68343.0,745.0
4,5.0,1.0,3.0,1.0,4.0,2.0,30.0,60000.0,2.0,2.0,2.0,2.0,2.0,2.0,0.0,2.0,1.0,4.0,2.0,3500000.0,2000000.0,1.0,200000.0,185000.0,2.0,71199.2,163602.0,745.0
4,2.0,1.0,3.0,2.0,4.0,2.0,30.0,100000.0,3.0,2.0,2.0,2.0,1.0,2.0,80000.0,1.0,4.0,5.0,2.0,2500000.0,1500000.0,1.0,180000.0,140000.0,1.0,46941.7,77872.0,747.0
4,1.0,1.0,2.0,2.0,4.0,2.0,30.0,60000.0,3.0,3.0,2.0,2.0,2.0,2.0,90000.0,1.0,4.0,4.0,2.0,250000.0,100000.0,1.0,80000.0,75000.0,2.0,65176.25,32734.0,756.0
4,4.0,1.0,3.0,1.0,4.0,2.0,30.0,180000.0,2.0,3.0,2.0,1.0,2.0,2.0,0.0,2.0,4.0,6.0,2.0,1800000.0,800000.0,1.0,200000.0,100000.0,1.0,74203.55,120406.0,744.0
4,4.0,1.0,5.0,1.0,4.0,2.0,30.0,178000.0,3.0,3.0,2.0,2.0,1.0,2.0,0.0,2.0,4.0,4.0,2.0,2200000.0,1800000.0,1.0,200000.0,100200.0,2.0,124188.3,311745.0,744.0
4,7.0,1.0,7.0,1.0,4.0,2.0,30.0,180000.0,3.0,3.0,2.0,2.0,2.0,2.0,0.0,2.0,4.0,6.0,2.0,1500000.0,800000.0,1.0,300000.0,560000.0,3.0,108805.55,297933.0,36743.0
4,6.0,1.0,5.0,2.0,4.0,2.0,30.0,140000.0,3.0,3.0,2.0,2.0,2.0,2.0,190000.0,1.0,4.0,4.0,2.0,3000000.0,1000000.0,1.0,200000.0,180000.0,3.0,117521.0,150908.0,746.0
4,1.0,1.0,7.0,2.0,4.0,2.0,30.0,80000.0,1.0,3.0,2.0,2.0,2.0,2.0,0.0,2.0,4.0,6.0,2.0,0.0,0.0,1.0,60000.0,41000.0,1.0,49219.5,54909.0,747.0
4,1.0,1.0,3.0,2.0,4.0,2.0,30.0,78000.0,3.0,3.0,2.0,2.0,1.0,2.0,0.0,2.0,4.0,6.0,2.0,500000.0,250000.0,1.0,80000.0,50000.0,2.0,67611.15,70138.0,747.0
4,3.0,1.0,3.0,1.0,4.0,2.0,30.0,178000.0,2.0,3.0,2.0,2.0,2.0,2.0,80000.0,1.0,1.0,4.0,2.0,180000.0,120000.0,1.0,80000.0,59000.0,2.0,104257.4,107803.0,744.0
4,2.0,1.0,6.0,2.0,4.0,2.0,30.0,120000.0,2.0,3.0,2.0,2.0,2.0,2.0,0.0,2.0,4.0,6.0,2.0,1000000.0,300000.0,1.0,70000.0,72000.0,2.0,100068.95,137712.0,749.0
4,3.0,1.0,2.0,1.0,4.0,1.0,30.0,85000.0,3.0,2.0,2.0,2.0,1.0,2.0,280000.0,1.0,4.0,5.0,2.0,800000.0,500000.0,1.0,200000.0,140000.0,1.0,96262.35,209916.0,746.0
4,3.0,1.0,3.0,1.0,4.0,1.0,30.0,80000.0,3.0,2.0,2.0,2.0,2.0,2.0,500000.0,1.0,4.0,3.0,2.0,1000000.0,600000.0,1.0,300000.0,270000.0,2.0,139348.05,405569.0,745.0
4,2.0,1.0,2.0,2.0,4.0,2.0,30.0,32000.0,4.0,2.0,2.0,2.0,1.0,2.0,240000.0,1.0,4.0,5.0,2.0,400000.0,200000.0,1.0,70000.0,10000.0,1.0,83228.86,86603.0,751.0
4,4.0,1.0,3.0,1.0,4.0,1.0,30.0,85000.0,3.0,2.0,2.0,1.0,1.0,2.0,570000.0,1.0,4.0,3.0,2.0,1000000.0,800000.0,1.0,300000.0,230000.0,2.0,111759.4,491138.0,600745.0
4,3.0,1.0,4.0,1.0,4.0,2.0,30.0,100000.0,4.0,2.0,2.0,2.0,1.0,2.0,180000.0,1.0,4.0,4.0,2.0,1000000.0,600000.0,1.0,250000.0,245000.0,2.0,99830.8,110882.0,747.0
4,2.0,1.0,5.0,1.0,4.0,2.0,30.0,75000.0,3.0,2.0,2.0,2.0,1.0,2.0,250000.0,1.0,4.0,4.0,2.0,400000.0,250000.0,1.0,100000.0,15000.0,1.0,84146.65,92459.0,747.0
4,3.0,1.0,3.0,1.0,4.0,2.0,30.0,80000.0,3.0,2.0,2.0,2.0,1.0,2.0,600000.0,1.0,4.0,5.0,2.0,800000.0,500000.0,1.0,200000.0,160000.0,2.0,112631.1,213946.0,800751.0
4,3.0,1.0,2.0,1.0,4.0,2.0,30.0,74000.0,4.0,3.0,2.0,2.0,1.0,2.0,120000.0,1.0,4.0,5.0,2.0,600000.0,400000.0,1.0,150000.0,20000.0,1.0,89930.5,124483.0,747.0
4,6.0,1.0,3.0,2.0,4.0,2.0,30.0,83000.0,4.0,2.0,2.0,2.0,1.0,2.0,300000.0,1.0,1.0,4.0,2.0,1500000.0,1000000.0,1.0,500000.0,159000.0,3.0,109598.92,150284.0,750.0
4,5.0,1.0,5.0,1.0,4.0,1.0,30.0,180000.0,3.0,2.0,2.0,1.0,1.0,1.0,0.0,2.0,4.0,6.0,2.0,0.0,700000.0,1.0,300000.0,140000.0,2.0,67647.6,242784.0,743.0
4,7.0,1.0,3.0,1.0,4.0,1.0,30.0,160000.0,3.0,2.0,2.0,1.0,1.0,2.0,0.0,1.0,4.0,6.0,2.0,0.0,0.0,1.0,300000.0,106000.0,3.0,73609.6,169956.0,745.0
4,6.0,1.0,5.0,1.0,4.0,2.0,15.0,200000.0,4.0,2.0,2.0,1.0,1.0,2.0,350000.0,1.0,4.0,1.0,2.0,0.0,0.0,1.0,400000.0,785000.0,4.0,98841.0,2167072.0,743.0
4,4.0,1.0,4.0,1.0,4.0,2.0,15.0,160000.0,3.0,2.0,2.0,1.0,1.0,2.0,300000.0,1.0,4.0,1.0,2.0,0.0,400000.0,1.0,200000.0,147000.0,3.0,105061.65,151294.0,745.0
4,6.0,1.0,4.0,1.0,4.0,2.0,15.0,100000.0,3.0,2.0,2.0,1.0,1.0,2.0,60000.0,1.0,1.0,1.0,2.0,0.0,0.0,1.0,200000.0,59000.0,2.0,55416.6,118577.0,747.0
4,1.0,1.0,2.0,2.0,4.0,2.0,15.0,80000.0,4.0,3.0,2.0,1.0,1.0,1.0,0.0,2.0,4.0,6.0,2.0,0.0,300000.0,1.0,100000.0,268000.0,2.0,43509.7,48330.0,749.0
4,3.0,1.0,3.0,1.0,4.0,2.0,15.0,120000.0,3.0,2.0,2.0,1.0,1.0,2.0,100000.0,1.0,4.0,4.0,2.0,0.0,400000.0,1.0,150000.0,50000.0,1.0,64840.5,71195.0,746.0
4,7.0,1.0,4.0,1.0,4.0,1.0,30.0,150000.0,3.0,2.0,2.0,1.0,1.0,2.0,150000.0,1.0,1.0,1.0,2.0,0.0,0.0,1.0,300000.0,227000.0,4.0,83074.1,296971.0,744.0
4,7.0,1.0,4.0,1.0,4.0,2.0,15.0,180000.0,3.0,1.0,2.0,1.0,1.0,2.0,0.0,1.0,1.0,6.0,2.0,0.0,500000.0,1.0,300000.0,150500.0,4.0,67203.2,184410.0,743.0
4,6.0,1.0,3.0,2.0,4.0,1.0,30.0,100000.0,3.0,1.0,2.0,2.0,1.0,2.0,50000.0,1.0,1.0,6.0,2.0,0.0,200000.0,1.0,100000.0,99000.0,3.0,87695.8,127555.0,3801316.0
4,5.0,1.0,4.0,1.0,4.0,1.0,30.0,150000.0,3.0,3.0,2.0,2.0,1.0,2.0,0.0,2.0,4.0,2.0,2.0,400000.0,250000.0,1.0,100000.0,61000.0,2.0,52534.2,136322.0,746.0
4,4.0,1.0,3.0,1.0,4.0,1.0,30.0,200000.0,2.0,3.0,2.0,2.0,1.0,2.0,800000.0,1.0,1.0,1.0,2.0,300000.0,200000.0,1.0,100000.0,73000.0,2.0,37259.5,146998.0,748.0
4,5.0,1.0,4.0,2.0,4.0,2.0,30.0,120000.0,4.0,3.0,2.0,2.0,2.0,2.0,300000.0,1.0,1.0,6.0,2.0,0.0,1000.0,3.0,284442.0,115000.0,3.0,51866.47,116817.0,752.0
4,4.0,1.0,2.0,2.0,4.0,1.0,30.0,200000.0,3.0,3.0,2.0,2.0,1.0,2.0,60000.0,1.0,1.0,2.0,2.0,300000.0,150000.0,1.0,100000.0,83000.0,2.0,30417.0,117653.0,750.0
4,8.0,1.0,4.0,1.0,4.0,2.0,30.0,150000.0,5.0,3.0,2.0,2.0,1.0,2.0,1000000.0,1.0,1.0,1.0,2.0,500000.0,200000.0,1.0,100000.0,78000.0,2.0,82596.8,152356.0,400748.0
4,7.0,1.0,3.0,1.0,4.0,1.0,30.0,100000.0,3.0,3.0,2.0,2.0,1.0,2.0,40000.0,1.0,1.0,3.0,2.0,400000.0,200000.0,1.0,100000.0,154000.0,4.0,83387.4,118462.0,746.0
4,5.0,1.0,3.0,2.0,4.0,2.0,30.0,65000.0,5.0,3.0,2.0,2.0,2.0,2.0,200000.0,1.0,4.0,6.0,2.0,300000.0,180000.0,1.0,120000.0,300000.0,2.0,118571.74,318825.0,753.0
4,1.0,1.0,3.0,2.0,4.0,2.0,30.0,65000.0,2.0,3.0,2.0,2.0,1.0,2.0,0.0,2.0,4.0,6.0,2.0,0.0,150000.0,1.0,60000.0,84000.0,2.0,48002.48,80814.0,751.0
4,1.0,1.0,2.0,2.0,4.0,2.0,30.0,56000.0,3.0,3.0,2.0,2.0,2.0,2.0,0.0,2.0,4.0,6.0,2.0,0.0,150000.0,1.0,70000.0,45900.0,1.0,93972.0,105858.0,752.0
4,4.0,5.0,2.0,1.0,4.0,2.0,30.0,140000.0,4.0,3.0,2.0,2.0,2.0,2.0,300000.0,1.0,4.0,6.0,2.0,0.0,500000.0,1.0,150000.0,120000.0,2.0,132373.4,180685.0,747.0
4,4.0,1.0,2.0,1.0,4.0,2.0,30.0,200000.0,2.0,2.0,2.0,2.0,1.0,2.0,1200000.0,2.0,4.0,6.0,2.0,0.0,0.0,3.0,474070.0,286000.0,3.0,112890.01,274034.0,600747.0
4,4.0,1.0,3.0,2.0,4.0,2.0,30.0,56000.0,3.0,3.0,2.0,1.0,1.0,2.0,80000.0,1.0,4.0,6.0,2.0,0.0,0.0,1.0,100000.0,43000.0,2.0,127945.41,69003.0,749.0
4,6.0,1.0,4.0,1.0,4.0,1.0,30.0,120000.0,3.0,2.0,2.0,2.0,1.0,2.0,2000000.0,1.0,4.0,6.0,2.0,0.0,400000.0,1.0,150000.0,208000.0,4.0,194097.79,286039.0,4000746.0
4,6.0,1.0,3.0,1.0,4.0,2.0,30.0,90000.0,3.0,2.0,2.0,2.0,2.0,2.0,5640000.0,1.0,1.0,1.0,2.0,0.0,200000.0,1.0,100000.0,88000.0,3.0,205075.68,127095.0,744.0
4,6.0,1.0,3.0,1.0,4.0,1.0,30.0,240000.0,3.0,3.0,2.0,2.0,1.0,2.0,1800000.0,1.0,4.0,6.0,2.0,0.0,0.0,1.0,200000.0,375000.0,4.0,145979.43,389878.0,743.0
4,6.0,1.0,3.0,1.0,4.0,1.0,30.0,140000.0,3.0,2.0,2.0,2.0,1.0,2.0,500000.0,1.0,4.0,6.0,2.0,0.0,600000.0,1.0,300000.0,50000.0,2.0,353285.625,1704674.0,740.0
4,1.0,1.0,3.0,2.0,2.0,2.0,30.0,7.0,3.0,3.0,2.0,2.0,1.0,2.0,0.0,2.0,1.0,6.0,2.0,0.0,0.0,1.0,50000.0,40800.0,2.0,232452.88,123973.0,752.0
4,4.0,1.0,3.0,1.0,4.0,2.0,30.0,90000.0,3.0,2.0,2.0,2.0,2.0,2.0,50000.0,1.0,4.0,5.0,2.0,5000.0,3000.0,1.0,100000.0,107000.0,1.0,113799.01,120052.0,745.0
4,3.0,1.0,3.0,1.0,4.0,2.0,30.0,60000.0,3.0,2.0,2.0,2.0,1.0,2.0,0.0,1.0,4.0,6.0,2.0,5000.0,2500.0,3.0,142221.0,300.0,1.0,88336.45,66125.0,744.0
4,6.0,1.0,3.0,2.0,4.0,2.0,30.0,100000.0,3.0,3.0,2.0,2.0,1.0,2.0,50000.0,1.0,4.0,6.0,2.0,0.0,3000.0,1.0,100000.0,70000.0,2.0,99711.8,72835.0,749.0
4,1.0,1.0,3.0,2.0,2.0,2.0,30.0,54779.333333333336,3.0,2.0,2.0,2.0,1.0,2.0,30000.0,1.0,1.0,6.0,2.0,0.0,200000.0,1.0,70000.0,61000.0,3.0,57538.8,51512.0,752.0
4,2.0,1.0,4.0,2.0,4.0,2.0,30.0,60000.0,3.0,3.0,2.0,2.0,2.0,2.0,15000.0,1.0,4.0,5.0,2.0,0.0,200000.0,1.0,80000.0,81000.0,2.0,59493.1,52638.0,750.0
4,2.0,1.0,3.0,2.0,4.0,2.0,30.0,60000.0,3.0,3.0,2.0,2.0,2.0,2.0,200000.0,1.0,4.0,6.0,2.0,0.0,200000.0,1.0,80000.0,89000.0,2.0,50505.1,64938.0,751.0
4,5.0,1.0,3.0,2.0,4.0,2.0,30.0,120000.0,2.0,2.0,2.0,2.0,2.0,2.0,25000.0,1.0,4.0,6.0,2.0,3000.0,1500.0,1.0,80000.0,88000.0,2.0,62127.9,61264.0,748.0
4,2.0,1.0,1.0,2.0,4.0,2.0,30.0,80000.0,4.0,3.0,2.0,2.0,1.0,2.0,15000.0,1.0,4.0,6.0,2.0,1000.0,200000.0,1.0,41000.0,35000.0,1.0,46419.2,40469.0,751.0
4,6.0,1.0,4.0,2.0,4.0,2.0,30.0,120000.0,3.0,2.0,2.0,2.0,2.0,2.0,50000.0,1.0,4.0,5.0,2.0,5000.0,3000.0,1.0,150000.0,161000.0,4.0,108167.1,115781.0,746.0
4,4.0,1.0,3.0,1.0,4.0,1.0,30.0,150000.0,3.0,2.0,2.0,2.0,1.0,2.0,0.0,2.0,4.0,4.0,2.0,0.0,500000.0,1.0,191111.11111111112,90000.0,2.0,87173.3,469737.0,740.0
4,4.0,1.0,2.0,1.0,4.0,2.0,30.0,150000.0,3.0,3.0,2.0,2.0,2.0,2.0,0.0,2.0,1.0,6.0,2.0,0.0,2000.0,1.2222222222222223,252524.33333333337,108000.0,2.0,68620.2,165716.0,745.0
4,1.0,1.0,2.0,2.0,4.0,2.0,30.0,75000.0,3.0,3.0,2.0,2.0,2.0,2.0,0.0,2.0,4.0,6.0,2.0,0.0,250000.0,1.0,101111.11111111112,104000.0,2.0,68158.8,121850.0,750.0
4,2.0,1.0,2.0,1.0,4.0,2.0,30.0,50000.0,4.0,3.0,2.0,2.0,2.0,2.0,0.0,2.0,4.0,6.0,2.0,2000.0,200000.0,1.0,91111.11111111112,50000.0,2.0,65217.95,119229.0,749.0
4,2.0,1.0,2.0,2.0,4.0,2.0,30.0,60000.0,3.0,3.0,2.0,2.0,1.0,2.0,0.0,2.0,4.0,4.0,2.0,0.0,200000.0,1.0,98888.88888888888,36100.0,2.0,88665.9,331500.0,750.0
4,4.0,5.0,3.0,1.0,2.0,1.0,30.0,200000.0,4.0,3.0,2.0,2.0,2.0,2.0,1000000.0,1.0,4.0,5.0,2.0,0.0,3000.0,1.0,261111.11111111112,800.0,1.0,111216.5,283812.0,2000744.0
4,4.0,1.0,2.0,1.0,4.0,1.0,30.0,150000.0,2.0,3.0,2.0,2.0,2.0,2.0,3000000.0,1.0,4.0,3.0,2.0,0.0,3000.0,1.0,266666.6666666667,200000.0,2.0,81631.55,419554.0,5000742.0
4,4.0,1.0,2.0,1.0,4.0,2.0,30.0,130000.0,3.0,2.0,2.0,2.0,1.0,2.0,500000.0,1.0,1.0,6.0,2.0,0.0,500000.0,1.0,211111.11111111112,198000.0,3.0,70104.95,148502.0,742.0
4,4.0,3.0,2.0,1.0,4.0,2.0,31.0,90000.0,4.0,3.0,2.0,2.0,1.0,2.0,200000.0,1.0,4.0,4.0,2.0,0.0,500000.0,1.0,195888.88888888888,15000.0,1.0,60077.55,113336.0,745.0
4,5.0,1.0,3.0,1.0,4.0,2.0,30.0,150000.0,3.0,1.0,2.0,2.0,2.0,2.0,600000.0,1.0,4.0,6.0,2.0,0.0,0.0,1.0,300000.0,200000.0,2.0,178301.068,224910.55,749.0
4,5.0,1.0,3.0,1.0,4.0,1.0,30.0,200000.0,2.0,2.0,2.0,2.0,2.0,2.0,80000.0,1.0,4.0,3.0,2.0,0.0,0.0,1.0,300000.0,245000.0,4.0,146855.7,314935.0,747.0
4,11.0,1.0,5.0,1.0,4.0,1.0,30.0,300000.0,3.0,2.0,2.0,2.0,2.0,2.0,1400000.0,1.0,4.0,6.0,2.0,0.0,0.0,1.0,500000.0,205000.0,3.0,241416.15,271105.0,747.0
4,3.0,1.0,4.0,1.0,4.0,2.0,30.0,150000.0,3.0,2.0,2.0,2.0,1.0,2.0,100000.0,1.0,4.0,6.0,2.0,0.0,0.0,1.0,250000.0,80000.0,1.0,112064.8,273055.0,750.0
4,2.0,1.0,1.0,2.0,4.0,2.0,30.0,100000.0,2.0,2.0,2.0,2.0,2.0,2.0,0.0,2.0,4.0,6.0,2.0,0.0,0.0,1.0,150000.0,50000.0,1.0,86574.8,186646.0,752.0
4,9.0,1.0,4.0,1.0,4.0,2.0,30.0,130000.0,3.0,2.0,2.0,2.0,2.0,2.0,300000.0,1.0,2.0,6.0,2.0,0.0,0.0,1.0,300000.0,106000.0,3.0,118138.5,174576.0,750.0
4,4.0,1.0,3.0,1.0,4.0,1.0,30.0,200000.0,2.0,2.0,2.0,2.0,2.0,2.0,2700000.0,1.0,4.0,6.0,2.0,0.0,0.0,1.0,300000.0,294000.0,3.0,138338.6,343265.0,2000749.0
4,4.0,1.0,3.0,1.0,4.0,1.0,30.0,60000.0,3.0,2.0,2.0,2.0,2.0,2.0,0.0,2.0,4.0,6.0,2.0,0.0,600000.0,1.0,250000.0,147000.0,2.0,134186.0,243776.0,745.0
4,3.0,1.0,4.0,1.0,4.0,2.0,30.0,120000.0,2.0,2.0,2.0,2.0,2.0,2.0,682000.0,1.0,4.0,6.0,2.0,0.0,0.0,1.0,200000.0,75000.0,1.0,124004.7,228419.1,749.0
4,3.0,1.0,3.0,1.0,4.0,2.0,30.0,130000.0,3.0,3.0,2.0,2.0,2.0,2.0,0.0,2.0,4.0,6.0,2.0,0.0,400000.0,1.0,100000.0,173000.0,3.0,195361.5,299287.0,746.0
4,2.0,1.0,2.0,1.0,3.0,2.0,30.0,100000.0,4.0,3.0,2.0,2.0,2.0,2.0,0.0,2.0,4.0,6.0,2.0,0.0,200000.0,1.0,100000.0,100000.0,1.0,155252.03,199791.0,750.0
4,5.0,1.0,2.0,1.0,4.0,2.0,30.0,40000.0,4.0,3.0,2.0,2.0,2.0,2.0,80000.0,2.0,4.0,6.0,2.0,750000.0,400000.0,1.0,150000.0,32200.0,2.0,239847.7,52977.0,750.0
4,6.0,1.0,2.0,1.0,4.0,1.0,30.0,150000.0,4.0,3.0,2.0,2.0,2.0,2.0,1700000.0,2.0,4.0,3.0,2.0,0.0,600000.0,1.0,150000.0,336000.0,3.0,256828.45,455606.0,747.0
4,2.0,1.0,2.0,2.0,4.0,2.0,30.0,40000.0,3.0,3.0,2.0,2.0,2.0,2.0,0.0,2.0,4.0,6.0,2.0,0.0,250000.0,1.0,80000.0,120000.0,3.0,149851.58,92824.0,752.0
4,4.0,1.0,2.0,1.0,4.0,1.0,30.0,70000.0,4.0,3.0,2.0,2.0,2.0,2.0,800000.0,1.0,4.0,6.0,2.0,0.0,800000.0,1.0,200000.0,988700.0,5.0,265214.33,612821.0,748.0
4,2.0,1.0,1.0,1.0,4.0,2.0,30.0,90000.0,4.0,3.0,2.0,2.0,2.0,2.0,260000.0,1.0,4.0,6.0,2.0,0.0,250000.0,1.0,70000.0,94000.0,2.0,153048.0,236418.0,749.0
4,3.0,1.0,2.0,1.0,4.0,2.0,30.0,50000.0,4.0,3.0,2.0,2.0,2.0,2.0,0.0,2.0,4.0,1.0,2.0,0.0,400000.0,1.0,100000.0,95000.0,2.0,214623.7,238614.0,800750.0
4,3.0,3.0,2.0,1.0,4.0,2.0,30.0,100000.0,4.0,3.0,2.0,2.0,2.0,2.0,750000.0,2.0,4.0,1.0,2.0,0.0,350000.0,1.0,100000.0,310000.0,3.0,230119.8,392055.0,746.0
4,4.0,1.0,3.0,2.0,4.0,2.0,30.0,30000.0,3.0,3.0,2.0,2.0,1.0,2.0,0.0,2.0,4.0,6.0,2.0,0.0,0.0,1.0,250000.0,8000.0,1.0,115341.45,107175.0,749.0
4,5.0,1.0,3.0,1.0,4.0,2.0,30.0,85000.0,3.0,2.0,2.0,2.0,2.0,2.0,0.0,2.0,1.0,2.0,2.0,0.0,0.0,1.0,350000.0,141000.0,4.0,282712.0,152142.0,746.0
4,4.0,1.0,3.0,1.0,4.0,2.0,30.0,100000.0,3.0,3.0,2.0,2.0,1.0,2.0,0.0,2.0,4.0,6.0,2.0,0.0,400000.0,1.0,300000.0,205000.0,2.0,316761.65,368681.0,747.0
4,1.0,1.0,3.0,1.0,4.0,2.0,30.0,85000.0,3.0,3.0,2.0,2.0,1.0,2.0,0.0,2.0,4.0,6.0,2.0,0.0,0.0,1.0,400000.0,200.0,1.0,63411.8,140635.0,747.0
4,2.0,1.0,2.0,2.0,4.0,2.0,30.0,7.0,5.0,3.0,2.0,2.0,2.0,2.0,0.0,2.0,1.0,6.0,2.0,0.0,0.0,1.2222222222222223,70834.66666666667,65000.0,3.0,47002.52,44967.0,761.0
4,1.0,1.0,2.0,2.0,4.0,2.0,30.0,60000.0,3.0,3.0,2.0,2.0,2.0,2.0,0.0,2.0,4.0,6.0,2.0,500000.0,250000.0,1.0,100000.0,50000.0,1.0,44119.2,78165.0,751.0
4,4.0,1.0,3.0,1.0,4.0,2.0,30.0,125000.0,3.0,3.0,2.0,2.0,1.0,2.0,0.0,2.0,4.0,6.0,2.0,2000.0,1500.0,3.0,474070.0,10000.0,1.0,120789.7,143968.0,746.0
4,7.0,1.0,3.0,2.0,4.0,2.0,30.0,110000.0,3.0,3.0,2.0,2.0,1.0,2.0,0.0,2.0,1.0,6.0,2.0,0.0,0.0,1.2222222222222223,211138.88888888888,93000.0,3.0,107691.7,120692.0,751.0
4,7.0,1.0,4.0,2.0,4.0,2.0,30.0,100000.0,3.0,3.0,2.0,2.0,2.0,2.0,0.0,2.0,1.0,6.0,2.0,0.0,0.0,3.0,474070.0,139000.0,3.0,114921.0,113288.0,753.0
4,2.0,1.0,2.0,2.0,4.0,2.0,30.0,120000.0,5.0,2.0,2.0,2.0,1.0,2.0,0.0,2.0,1.0,6.0,2.0,0.0,800000.0,1.0,250000.0,27000.0,2.0,55744.55,406781.0,753.0
4,1.0,1.0,2.0,2.0,4.0,2.0,30.0,60000.0,4.0,2.0,2.0,2.0,1.0,2.0,0.0,2.0,4.0,3.0,2.0,0.0,250000.0,1.0,100000.0,46000.0,1.0,23855.0,58693.0,754.0
4,4.0,1.0,2.0,2.0,4.0,2.0,30.0,120000.0,4.0,2.0,2.0,2.0,1.0,2.0,100000.0,1.0,4.0,6.0,2.0,0.0,600000.0,1.0,200000.0,10000.0,1.0,70509.5,56190.0,752.0
4,2.0,1.0,2.0,2.0,4.0,2.0,30.0,120000.0,4.0,2.0,2.0,2.0,1.0,2.0,0.0,2.0,4.0,6.0,2.0,0.0,600000.0,1.0,300000.0,37000.0,2.0,51971.7,114520.0,753.0
4,4.0,1.0,2.0,1.0,4.0,2.0,30.0,130000.0,4.0,2.0,2.0,2.0,1.0,2.0,0.0,2.0,1.0,6.0,2.0,0.0,500000.0,1.0,200000.0,92000.0,3.0,89961.5,104487.0,749.0
4,4.0,1.0,4.0,1.0,4.0,1.0,30.0,150000.0,2.0,2.0,2.0,2.0,2.0,2.0,0.0,2.0,4.0,6.0,2.0,0.0,800000.0,1.0,300000.0,170000.0,2.0,120976.05,185326.0,746.0
4,6.0,1.0,3.0,1.0,4.0,2.0,30.0,140000.0,4.0,2.0,2.0,2.0,1.0,2.0,0.0,2.0,1.0,6.0,2.0,0.0,800000.0,1.0,300000.0,101000.0,2.0,88558.0,104391.0,750.0
4,2.0,1.0,2.0,2.0,4.0,2.0,30.0,60000.0,4.0,3.0,2.0,2.0,2.0,2.0,0.0,2.0,4.0,3.0,2.0,0.0,500000.0,1.0,180000.0,70000.0,2.0,59885.4,44163.0,754.0
4,1.0,1.0,1.0,2.0,4.0,2.0,30.0,7.0,5.0,3.0,2.0,2.0,2.0,2.0,0.0,2.0,1.0,6.0,2.0,0.0,300000.0,1.0,80000.0,48500.0,2.0,42175.6,61734.0,754.0
4,4.0,1.0,4.0,1.0,2.0,2.0,20.0,190000.0,3.0,2.0,2.0,2.0,2.0,2.0,800000.0,1.0,4.0,6.0,2.0,1300000.0,600000.0,1.0,150000.0,207000.0,3.0,131892.8,132143.0,360745.0
4,1.0,1.0,3.0,2.0,4.0,2.0,20.0,75000.0,3.0,2.0,2.0,2.0,1.0,2.0,0.0,2.0,1.0,1.0,1.0,0.0,150000.0,1.0,60000.0,41030.0,3.0,66595.5,44139.0,753.0
4,7.0,1.0,4.0,1.0,4.0,2.0,20.0,160000.0,3.0,2.0,2.0,2.0,1.0,2.0,0.0,2.0,4.0,6.0,2.0,0.0,1000000.0,1.0,20000.0,155200.0,3.0,111197.2,205368.0,920747.0
4,4.0,1.0,3.0,1.0,4.0,1.0,23.0,240000.0,3.0,2.0,2.0,1.0,2.0,2.0,1400000.0,1.0,4.0,6.0,2.0,1200000.0,600000.0,1.0,150000.0,204000.0,2.0,78620.6,230464.0,743.0
4,2.0,1.0,3.0,2.0,4.0,2.0,22.0,85000.0,3.0,2.0,2.0,2.0,1.0,2.0,0.0,2.0,4.0,2.0,2.0,600000.0,150000.0,1.0,60000.0,30100.0,2.0,89125.65000000001,37088.0,753.0
4,4.0,1.0,4.0,1.0,4.0,2.0,20.0,110000.0,3.0,2.0,2.0,2.0,2.0,2.0,500000.0,1.0,4.0,2.0,2.0,1000000.0,400000.0,1.0,100000.0,403000.0,3.0,84824.95,174489.5,748.0
4,6.0,1.0,4.0,2.0,4.0,1.0,22.0,120000.0,3.0,2.0,2.0,2.0,1.0,2.0,0.0,2.0,4.0,3.0,2.0,0.0,400000.0,1.0,100000.0,365000.0,4.0,56518.5,84011.0,753.0
4,3.0,1.0,2.0,2.0,4.0,2.0,20.0,95000.0,3.0,2.0,2.0,2.0,1.0,2.0,400000.0,1.0,4.0,3.0,2.0,900000.0,300000.0,1.0,80000.0,105150.0,2.0,71475.8,55614.0,480749.0
4,5.0,1.0,6.0,1.0,2.0,1.0,21.0,250000.0,2.0,2.0,2.0,2.0,2.0,2.0,0.0,2.0,4.0,6.0,2.0,1500000.0,800000.0,1.0,200000.0,530000.0,3.0,68569.25,173683.0,1440745.0
4,1.0,1.0,2.0,2.0,4.0,2.0,30.0,35000.0,3.0,3.0,2.0,2.0,1.0,2.0,0.0,2.0,4.0,2.0,2.0,100000.0,50000.0,1.0,25000.0,28000.0,1.0,22629.95,75797.0,752.0
4,3.0,1.0,3.0,2.0,4.0,2.0,30.0,55000.0,3.0,2.0,2.0,2.0,1.0,2.0,200000.0,1.0,4.0,2.0,2.0,300000.0,200000.0,1.0,80000.0,59000.0,2.0,29268.5,125656.0,750.0
4,5.0,1.0,2.0,2.0,4.0,2.0,30.0,65000.0,3.0,3.0,2.0,2.0,1.0,2.0,0.0,2.0,1.0,1.0,2.0,500000.0,250000.0,1.0,80000.0,28000.0,1.0,33654.08,125051.0,755.0
4,5.0,1.0,3.0,2.0,4.0,2.0,30.0,50000.0,3.0,3.0,2.0,2.0,2.0,2.0,300000.0,1.0,4.0,2.0,2.0,500000.0,200000.0,1.0,80000.0,68000.0,2.0,37109.57,138693.0,750.0
4,6.0,1.0,3.0,2.0,4.0,1.0,30.0,60000.0,3.0,2.0,2.0,2.0,2.0,2.0,400000.0,1.0,4.0,2.0,2.0,600000.0,300000.0,1.0,100000.0,62000.0,2.0,40808.9,142231.0,9751.0
4,1.0,1.0,2.0,2.0,4.0,2.0,30.0,35000.0,3.0,3.0,2.0,2.0,2.0,2.0,100000.0,1.0,4.0,1.0,2.0,100000.0,50000.0,1.0,30000.0,30000.0,1.0,32868.8,83958.0,752.0
4,4.0,1.0,2.0,2.0,4.0,2.0,30.0,70000.0,3.0,3.0,2.0,2.0,1.0,2.0,0.0,2.0,4.0,2.0,2.0,400000.0,200000.0,1.0,80000.0,100.0,1.0,54848.43,112263.0,7750.0
4,5.0,1.0,3.0,2.0,4.0,2.0,30.0,35000.0,4.0,3.0,2.0,2.0,2.0,2.0,50000.0,1.0,1.0,1.0,2.0,500000.0,300000.0,1.0,80000.0,53000.0,2.0,33708.4,88930.0,755.0
4,3.0,1.0,3.0,2.0,4.0,2.0,30.0,35000.0,3.0,3.0,2.0,2.0,2.0,2.0,300000.0,1.0,4.0,2.0,2.0,300000.0,150000.0,1.0,80000.0,35000.0,1.0,28384.1,93322.0,751.0
4,6.0,1.0,3.0,1.0,4.0,2.0,30.0,120000.0,2.0,2.0,2.0,2.0,2.0,2.0,0.0,2.0,4.0,6.0,2.0,0.0,1800000.0,1.0,400000.0,1287000.0,5.0,225102.15,290282.0,740.0
4,3.0,1.0,2.0,2.0,4.0,2.0,30.0,100000.0,2.0,2.0,2.0,2.0,2.0,2.0,0.0,2.0,4.0,6.0,2.0,0.0,1900000.0,1.0,400000.0,840000.0,2.0,142776.0,139696.0,745.0
4,1.0,1.0,3.0,2.0,4.0,2.0,30.0,50000.0,3.0,3.0,2.0,2.0,1.0,2.0,0.0,2.0,4.0,6.0,2.0,0.0,500000.0,1.0,200000.0,111000.0,2.0,68644.35,105235.0,750.0
4,6.0,1.0,3.0,1.0,4.0,2.0,30.0,120000.0,3.0,3.0,2.0,2.0,1.0,2.0,0.0,2.0,4.0,6.0,2.0,2000000.0,800000.0,1.0,350000.0,50300.0,2.0,133065.35,209309.0,749.0
4,3.0,1.0,4.0,1.0,4.0,2.0,30.0,130000.0,2.0,2.0,2.0,2.0,2.0,2.0,0.0,2.0,4.0,6.0,2.0,0.0,1000000.0,1.0,400000.0,200000.0,1.0,122274.45,181237.5,738.0
4,5.0,1.0,3.0,1.0,4.0,2.0,30.0,120000.0,2.0,2.0,2.0,2.0,2.0,2.0,0.0,2.0,4.0,2.0,2.0,0.0,900000.0,1.0,450000.0,497000.0,4.0,157191.55,259106.0,742.0
4,4.0,1.0,2.0,2.0,4.0,2.0,30.0,90000.0,3.0,3.0,2.0,2.0,2.0,2.0,0.0,2.0,4.0,6.0,2.0,0.0,800000.0,1.0,400000.0,300000.0,1.0,137410.95,181956.0,745.0
4,3.0,1.0,2.0,1.0,4.0,2.0,30.0,100000.0,3.0,3.0,2.0,2.0,2.0,2.0,0.0,2.0,4.0,6.0,2.0,900000.0,700000.0,1.0,400000.0,188000.0,2.0,113680.65,249013.0,743.0
4,1.0,1.0,3.0,1.0,4.0,2.0,30.0,100000.0,3.0,3.0,2.0,2.0,1.0,2.0,0.0,2.0,4.0,6.0,2.0,0.0,500000.0,1.0,200000.0,52100.0,2.0,95439.85,191168.0,743.0
4,5.0,1.0,3.0,1.0,4.0,1.0,30.0,7.0,3.0,2.0,2.0,1.0,2.0,2.0,0.0,2.0,4.0,2.0,2.0,3000000.0,500000.0,1.0,150000.0,310000.0,1.0,94617.2,223267.0,747.0
4,6.0,1.0,3.0,2.0,4.0,2.0,30.0,7.0,3.0,2.0,2.0,1.0,2.0,2.0,0.0,1.0,4.0,3.0,2.0,5000000.0,1500000.0,1.0,260000.0,125000.0,3.0,65203.0,135478.0,751.0
4,9.0,1.0,3.0,1.0,4.0,2.0,30.0,7.0,3.0,3.0,2.0,2.0,2.0,2.0,200000.0,1.0,1.0,2.0,2.0,10000000.0,2000000.0,1.0,400000.0,186000.0,3.0,81664.9,179795.0,749.0
4,5.0,1.0,3.0,1.0,4.0,2.0,30.0,7.0,3.0,2.0,2.0,1.0,2.0,2.0,0.0,2.0,4.0,2.0,2.0,5000000.0,1800000.0,1.0,250000.0,393000.0,2.0,70362.2,147060.0,748.0
4,5.0,1.0,3.0,1.0,4.0,2.0,30.0,7.0,3.0,2.0,2.0,1.0,1.0,2.0,0.0,2.0,4.0,2.0,2.0,15000.0,5000.0,1.0,250000.0,52200.0,2.0,76188.4,161197.0,747.0
4,6.0,1.0,3.0,1.0,4.0,1.0,30.0,7.0,3.0,2.0,2.0,1.0,2.0,2.0,0.0,2.0,4.0,2.0,2.0,20000.0,1800000.0,1.0,250000.0,395000.0,3.0,85691.8,184127.0,747.0
4,6.0,1.0,3.0,1.0,4.0,2.0,30.0,7.0,3.0,2.0,2.0,1.0,1.0,2.0,500000.0,1.0,4.0,2.0,2.0,15000.0,1800000.0,1.0,200000.0,545300.0,3.0,68463.55,150708.0,747.0
4,1.0,1.0,3.0,2.0,4.0,2.0,30.0,70000.0,3.0,2.0,2.0,2.0,1.0,2.0,0.0,2.0,4.0,3.0,2.0,5000.0,600000.0,1.0,80000.0,65000.0,1.0,40830.45,77899.0,752.0
4,8.0,1.0,4.0,1.0,4.0,2.0,30.0,7.0,3.0,2.0,2.0,1.0,2.0,2.0,0.0,2.0,4.0,6.0,2.0,20000.0,10000.0,1.0,300000.0,418000.0,3.0,87857.92,307853.0,746.0
4,5.0,1.0,2.0,1.0,4.0,2.0,30.0,80000.0,3.0,3.0,2.0,2.0,1.0,2.0,0.0,2.0,4.0,6.0,2.0,0.0,1000000.0,1.0,400000.0,290100.0,5.0,242299.0,304350.5,743.0
4,4.0,1.0,3.0,2.0,4.0,2.0,30.0,60000.0,3.0,3.0,2.0,2.0,1.0,2.0,0.0,2.0,1.0,2.0,2.0,1900000.0,800000.0,1.0,300000.0,100700.0,4.0,156741.55,94457.0,748.0
4,5.0,1.0,3.0,1.0,4.0,2.0,30.0,80000.0,3.0,3.0,2.0,2.0,2.0,2.0,150000.0,1.0,4.0,6.0,2.0,0.0,1800000.0,1.0,400000.0,154700.0,2.0,190779.7,147211.0,745.0
4,4.0,1.0,3.0,2.0,4.0,2.0,30.0,7.0,3.0,3.0,2.0,2.0,2.0,2.0,0.0,2.0,4.0,6.0,2.0,0.0,1000000.0,1.0,400000.0,234000.0,2.0,248643.5,151473.0,747.0
4,1.0,1.0,4.0,1.0,4.0,2.0,30.0,40000.0,3.0,3.0,2.0,2.0,1.0,2.0,0.0,2.0,4.0,6.0,2.0,0.0,300000.0,1.0,150000.0,36100.0,2.0,75506.95,91062.0,745.0
4,4.0,1.0,1.0,2.0,4.0,2.0,30.0,60000.0,4.0,3.0,2.0,2.0,2.0,2.0,0.0,2.0,4.0,6.0,2.0,1900000.0,900000.0,1.0,350000.0,259000.0,4.0,217993.56,128114.5,745.0
4,4.0,1.0,4.0,1.0,4.0,2.0,30.0,70000.0,3.0,3.0,2.0,2.0,2.0,2.0,0.0,2.0,4.0,6.0,2.0,0.0,1500000.0,1.0,300000.0,259000.0,4.0,190473.35,141560.5,745.0
4,4.0,1.0,2.0,1.0,4.0,2.0,30.0,85000.0,3.0,3.0,2.0,2.0,1.0,2.0,0.0,2.0,4.0,6.0,2.0,0.0,1800000.0,1.0,400000.0,570200.0,3.0,207884.0,229255.5,742.0
4,3.0,1.0,1.0,2.0,4.0,2.0,30.0,55000.0,3.0,3.0,2.0,2.0,2.0,2.0,0.0,2.0,4.0,6.0,2.0,1900000.0,800000.0,1.0,300000.0,106000.0,2.0,147708.4,106549.0,746.0
4,4.0,1.0,3.0,2.0,4.0,2.0,30.0,170000.0,2.0,2.0,2.0,2.0,2.0,2.0,48000.0,1.0,4.0,5.0,2.0,0.0,0.0,1.2222222222222223,276097.0,165000.0,3.0,173002.6,278871.0,747.0
4,5.0,1.0,4.0,1.0,4.0,1.0,30.0,145000.0,2.0,1.0,2.0,2.0,2.0,2.0,123000.0,1.0,4.0,6.0,2.0,1300000.0,800000.0,1.0,150000.0,77000.0,2.0,98759.8,213536.0,742.0
4,2.0,1.0,3.0,2.0,4.0,2.0,30.0,7.0,3.0,3.0,2.0,2.0,2.0,2.0,217000.0,1.0,4.0,2.0,2.0,0.0,0.0,1.0,137777.77777777778,65000.0,1.0,88418.5,95476.0,747.0
4,6.0,1.0,6.0,1.0,4.0,1.0,30.0,220000.0,2.0,2.0,2.0,2.0,2.0,2.0,0.0,2.0,4.0,3.0,2.0,0.0,0.0,1.0,230000.0,154000.0,3.0,147637.4,199436.0,745.0
4,7.0,1.0,7.0,1.0,2.0,1.0,30.0,150000.0,3.0,3.0,2.0,2.0,2.0,2.0,0.0,2.0,4.0,5.0,2.0,0.0,0.0,1.4444444444444444,333681.55555555556,445000.0,5.0,175371.1,272385.0,742.0
4,6.0,1.0,3.0,1.0,4.0,2.0,30.0,120000.0,3.0,2.0,2.0,2.0,2.0,2.0,300000.0,1.0,4.0,2.0,2.0,0.0,0.0,1.2222222222222223,238036.66666666663,219000.0,3.0,108925.9,147993.0,746.0
4,3.0,1.0,5.0,1.0,4.0,2.0,30.0,120000.0,2.0,2.0,2.0,2.0,1.0,2.0,264000.0,1.0,4.0,6.0,2.0,1000000.0,500000.0,1.0,230000.0,65200.0,2.0,134281.0,231042.0,746.0
4,4.0,1.0,4.0,1.0,4.0,1.0,30.0,120000.0,2.0,2.0,2.0,2.0,2.0,2.0,0.0,2.0,4.0,2.0,2.0,1500000.0,700000.0,1.0,300000.0,220000.0,3.0,131561.4,233129.0,740.0
4,1.0,1.0,7.0,2.0,4.0,2.0,30.0,60000.0,3.0,3.0,2.0,2.0,1.0,2.0,0.0,2.0,4.0,2.0,2.0,0.0,0.0,1.0,122222.22222222222,44100.0,2.0,105895.1,127682.0,750.0
4,2.0,1.0,4.0,1.0,4.0,2.0,30.0,7.0,3.0,2.0,2.0,2.0,1.0,2.0,160000.0,1.0,4.0,6.0,2.0,700000.0,450000.0,1.0,120000.0,80000.0,2.0,38012.95,157478.0,747.0
4,2.0,1.0,3.0,2.0,4.0,2.0,31.0,100000.0,4.0,2.0,2.0,1.0,2.0,2.0,3000000.0,1.0,4.0,4.0,2.0,1000000.0,500000.0,1.0,100000.0,69000.0,2.0,57185.7,79149.0,4000756.0
4,1.0,1.0,5.0,2.0,4.0,2.0,30.0,60000.0,3.0,2.0,2.0,1.0,1.0,2.0,0.0,2.0,4.0,6.0,2.0,500000.0,250000.0,1.0,70000.0,59000.0,2.0,57855.15,102253.0,750.0
4,5.0,1.0,3.0,2.0,4.0,2.0,30.0,100000.0,4.0,1.0,2.0,1.0,2.0,2.0,1500000.0,1.0,1.0,2.0,2.0,1000000.0,600000.0,1.0,150000.0,158000.0,3.0,56492.85,159371.0,200749.0
4,2.0,1.0,4.0,2.0,4.0,1.0,30.0,7.0,3.0,2.0,2.0,1.0,1.0,2.0,170000.0,1.0,4.0,5.0,2.0,800000.0,400000.0,1.0,80000.0,60000.0,1.0,70768.0,77211.0,746.0
4,6.0,1.0,4.0,1.0,4.0,1.0,30.0,100000.0,3.0,2.0,2.0,1.0,2.0,2.0,1000000.0,1.0,4.0,4.0,2.0,1500000.0,600000.0,1.0,200000.0,181000.0,3.0,65814.7,225682.0,2000748.0
4,5.0,1.0,4.0,1.0,4.0,1.0,30.0,100000.0,3.0,2.0,2.0,1.0,1.0,1.0,0.0,2.0,4.0,6.0,2.0,1500000.0,900000.0,1.0,300000.0,165000.0,2.0,76034.75,98777.0,740.0
4,5.0,1.0,3.0,2.0,4.0,1.0,30.0,120000.0,3.0,2.0,2.0,1.0,1.0,2.0,400000.0,1.0,4.0,2.0,2.0,800000.0,400000.0,1.0,180000.0,130000.0,2.0,74589.7,233357.0,40748.0
4,2.0,1.0,4.0,1.0,4.0,2.0,30.0,100000.0,3.0,3.0,2.0,1.0,1.0,2.0,0.0,1.0,4.0,3.0,2.0,600000.0,300000.0,1.0,140000.0,94000.0,3.0,53215.5,142817.0,20749.0
4,5.0,1.0,3.0,2.0,4.0,1.0,30.0,80000.0,2.0,2.0,2.0,1.0,2.0,2.0,1000000.0,1.0,4.0,3.0,2.0,0.0,0.0,1.0,200000.0,138000.0,3.0,110061.2,210374.0,749.0
4,4.0,1.0,4.0,1.0,2.0,1.0,30.0,40000.0,2.0,2.0,2.0,1.0,1.0,2.0,1200000.0,1.0,4.0,6.0,2.0,1500000.0,0.0,1.0,500000.0,890000.0,3.0,125560.15,273426.0,2301032.0
4,5.0,1.0,4.0,2.0,4.0,1.0,30.0,30000.0,3.0,3.0,2.0,1.0,1.0,2.0,1200000.0,1.0,4.0,6.0,2.0,0.0,0.0,1.0,300000.0,580000.0,3.0,110329.18,224126.0,2400752.0
4,3.0,1.0,3.0,2.0,4.0,1.0,30.0,7.0,3.0,3.0,1.0,1.0,2.0,2.0,800000.0,1.0,4.0,3.0,2.0,1000000.0,700000.0,1.0,180000.0,160000.0,3.0,95626.1,187811.0,1600752.0
4,3.0,5.0,2.0,1.0,2.0,1.0,30.0,100000.0,2.0,3.0,2.0,2.0,2.0,2.0,400000.0,2.0,4.0,2.0,2.0,0.0,0.0,1.0,200000.0,227000.0,5.0,134953.0,236451.0,1425962.0
4,3.0,1.0,3.0,2.0,4.0,1.0,30.0,7.0,4.0,2.0,2.0,1.0,2.0,2.0,400000.0,1.0,4.0,3.0,2.0,1000000.0,0.0,1.0,150000.0,135000.0,3.0,118410.7,207982.0,752.0
4,3.0,1.0,3.0,2.0,4.0,2.0,30.0,7.0,4.0,2.0,2.0,1.0,1.0,2.0,0.0,2.0,4.0,6.0,2.0,0.0,0.0,1.0,120000.0,129000.0,4.0,101640.0,110193.0,751.0
4,2.0,1.0,2.0,2.0,2.0,1.0,30.0,73890.44444444444,2.0,2.0,2.0,1.0,2.0,2.0,400000.0,1.0,4.0,2.0,2.0,0.0,0.0,1.0,150000.0,103000.0,3.0,108581.0,258205.0,2000756.0
4,3.0,1.0,2.0,1.0,4.0,1.0,30.0,7.0,3.0,2.0,2.0,1.0,2.0,2.0,900000.0,1.0,4.0,6.0,2.0,0.0,0.0,1.0,200000.0,350000.0,3.0,99095.5,730469.0,1330945.0
4,3.0,1.0,3.0,1.0,3.0,1.0,30.0,120000.0,3.0,3.0,2.0,1.0,1.0,2.0,30000.0,1.0,4.0,3.0,2.0,300000.0,180000.0,1.0,100000.0,50000.0,1.0,38219.2,56305.0,748.0
4,3.0,1.0,4.0,1.0,4.0,2.0,30.0,145000.0,3.0,3.0,2.0,1.0,1.0,2.0,0.0,2.0,4.0,4.0,2.0,400000.0,270000.0,1.0,120000.0,200.0,1.0,40775.65,77066.0,748.0
4,8.0,1.0,3.0,1.0,4.0,1.0,30.0,180000.0,3.0,3.0,2.0,1.0,1.0,2.0,0.0,2.0,4.0,3.0,2.0,650000.0,500000.0,1.0,170000.0,322000.0,4.0,66120.3,106994.0,748.0
4,6.0,1.0,4.0,2.0,4.0,2.0,30.0,100000.0,3.0,2.0,2.0,1.0,1.0,2.0,0.0,2.0,4.0,3.0,2.0,470000.0,200000.0,1.0,100000.0,294000.0,3.0,52053.7,43291.0,750.0
4,2.0,1.0,3.0,1.0,4.0,1.0,30.0,150000.0,3.0,3.0,2.0,1.0,1.0,2.0,0.0,2.0,4.0,3.0,2.0,250000.0,200000.0,1.0,70000.0,96000.0,2.0,35431.25,81029.0,748.0
4,4.0,1.0,6.0,1.0,4.0,2.0,30.0,135000.0,3.0,3.0,2.0,1.0,1.0,2.0,0.0,2.0,4.0,3.0,2.0,470000.0,300000.0,1.0,100000.0,110000.0,2.0,59974.25,132087.0,749.0
4,6.0,1.0,4.0,1.0,4.0,1.0,30.0,75000.0,3.0,3.0,2.0,1.0,1.0,2.0,1000000.0,1.0,4.0,4.0,2.0,780000.0,450000.0,1.0,100000.0,90000.0,1.0,54454.2,115697.0,750.0
4,4.0,1.0,1.0,2.0,4.0,2.0,30.0,7.0,5.0,3.0,2.0,1.0,1.0,2.0,0.0,2.0,4.0,3.0,2.0,270000.0,150000.0,1.0,100000.0,64000.0,2.0,37978.3,16353.0,757.0
4,4.0,1.0,4.0,1.0,4.0,1.0,30.0,150000.0,2.0,3.0,2.0,1.0,1.0,2.0,0.0,2.0,4.0,3.0,2.0,470000.0,360000.0,1.0,120000.0,100000.0,1.0,34433.65,111180.0,748.0
4,4.0,1.0,3.0,2.0,4.0,2.0,30.0,80000.0,4.0,2.0,2.0,1.0,1.0,2.0,215000.0,1.0,1.0,1.0,2.0,0.0,400000.0,1.0,200000.0,48000.0,2.0,48608.05,149281.0,749.0
4,4.0,1.0,3.0,2.0,4.0,2.0,30.0,80000.0,5.0,3.0,2.0,1.0,1.0,2.0,200000.0,1.0,4.0,4.0,2.0,0.0,500000.0,1.0,300000.0,123000.0,3.0,40078.7,134702.0,751.0
4,8.0,1.0,2.0,1.0,4.0,1.0,30.0,120000.0,5.0,3.0,2.0,1.0,1.0,2.0,2200000.0,1.0,1.0,1.0,2.0,0.0,0.0,1.0,500000.0,268000.0,4.0,112878.6,252747.0,745.0
4,5.0,1.0,3.0,1.0,4.0,2.0,30.0,130000.0,5.0,3.0,2.0,1.0,1.0,2.0,180000.0,1.0,4.0,3.0,2.0,0.0,500000.0,1.0,300000.0,215000.0,3.0,93064.3,179425.0,380746.0
4,3.0,1.0,3.0,2.0,4.0,1.0,30.0,80000.0,3.0,2.0,2.0,1.0,1.0,2.0,0.0,2.0,4.0,1.0,2.0,0.0,500000.0,1.0,250000.0,168000.0,3.0,144532.9,197207.0,748.0
4,4.0,5.0,2.0,2.0,4.0,2.0,30.0,100000.0,4.0,3.0,2.0,1.0,1.0,2.0,150000.0,1.0,1.0,1.0,2.0,0.0,500000.0,1.0,250000.0,98000.0,2.0,56139.5,159795.0,751.0
4,5.0,1.0,3.0,1.0,4.0,2.0,30.0,120000.0,3.0,2.0,2.0,1.0,1.0,2.0,70000.0,1.0,4.0,6.0,2.0,900000.0,600000.0,1.0,300000.0,145000.0,3.0,84513.5,183737.0,640750.0
4,5.0,1.0,2.0,1.0,4.0,2.0,30.0,90000.0,4.0,2.0,2.0,1.0,1.0,2.0,300000.0,1.0,1.0,1.0,2.0,0.0,500000.0,1.0,250000.0,38000.0,2.0,61437.5,160642.0,747.0
4,6.0,1.0,3.0,1.0,4.0,2.0,30.0,120000.0,4.0,2.0,2.0,1.0,1.0,2.0,0.0,2.0,4.0,6.0,2.0,1000000.0,700000.0,1.0,350000.0,99000.0,2.0,127722.4,174742.0,747.0
4,3.0,1.0,3.0,1.0,4.0,1.0,27.0,150000.0,3.0,2.0,2.0,1.0,1.0,2.0,500000.0,1.0,4.0,6.0,2.0,0.0,1000000.0,1.0,300000.0,85000.0,1.0,78219.8,166815.0,748.0
4,6.0,1.0,4.0,2.0,4.0,2.0,30.666666666666668,150000.0,3.0,2.0,2.0,1.0,1.0,2.0,920000.0,1.0,4.0,2.0,2.0,20000.0,10000.0,3.0,711105.0,356000.0,3.0,219961.17,420557.0,749.0
4,6.0,1.0,6.0,1.0,4.0,1.0,27.88888888888889,200000.0,3.0,2.0,2.0,1.0,1.0,1.0,330000.0,1.0,2.0,1.0,1.0,10000.0,5000.0,3.0,474070.0,167000.0,3.0,130465.85,364838.0,143274.0
4,2.0,1.0,5.0,2.0,4.0,2.0,30.444444444444443,120000.0,4.0,3.0,2.0,1.0,1.0,2.0,0.0,2.0,4.0,6.0,2.0,0.0,0.0,1.0,250000.0,110000.0,2.0,81047.7,160796.0,751.0
4,6.0,1.0,3.0,2.0,4.0,2.0,30.0,150000.0,4.0,2.0,2.0,1.0,1.0,2.0,500000.0,1.0,1.0,1.0,2.0,0.0,0.0,1.0,300000.0,77000.0,2.0,55487.95,212099.0,750.0
4,1.0,1.0,2.0,2.0,4.0,2.0,30.666666666666668,30000.0,4.0,3.0,2.0,1.0,1.0,2.0,0.0,2.0,1.0,1.0,2.0,0.0,0.0,1.0,100000.0,45000.0,2.0,33310.799999999996,46469.0,758.0
4,5.0,1.0,4.0,2.0,4.0,1.0,28.555555555555557,120000.0,3.0,3.0,2.0,1.0,1.0,2.0,250000.0,1.0,4.0,6.0,2.0,0.0,0.0,1.0,300000.0,108000.0,2.0,71428.2,135653.0,747.0
4,3.0,1.0,7.0,1.0,4.0,2.0,29.88888888888889,150000.0,3.0,2.0,2.0,1.0,1.0,2.0,0.0,2.0,4.0,6.0,2.0,0.0,500000.0,1.0,280000.0,39700.0,2.0,45474.45,96778.0,748.0
4,6.0,1.0,3.0,1.0,4.0,1.0,30.444444444444443,150000.0,4.0,2.0,2.0,1.0,1.0,2.0,1800000.0,1.0,4.0,6.0,2.0,0.0,800000.0,1.0,250000.0,54000.0,2.0,85366.75,277812.0,746.0
5,3.0,1.0,2.0,2.0,4.0,2.0,31.0,65000.0,4.0,2.0,2.0,2.0,2.0,2.0,0.0,2.0,4.0,6.0,2.0,0.0,300000.0,1.0,150000.0,155000.0,2.0,135662.15,221435.0,752.0
5,3.0,1.0,3.0,1.0,4.0,2.0,31.0,70000.0,2.0,2.0,2.0,2.0,1.0,2.0,300000.0,1.0,4.0,6.0,2.0,2000.0,1000.0,1.0,160000.0,72000.0,2.0,140073.8,201892.0,746.0
5,3.0,3.0,1.0,2.0,4.0,1.0,31.0,50000.0,2.0,3.0,2.0,2.0,2.0,2.0,0.0,2.0,4.0,6.0,2.0,2000.0,1000.0,1.0,200000.0,160000.0,1.0,150329.8,317607.0,7750.0
5,3.0,1.0,3.0,1.0,4.0,1.0,31.0,100000.0,2.0,2.0,2.0,2.0,1.0,2.0,850000.0,1.0,4.0,6.0,2.0,2000.0,1500.0,3.0,240125.0,460000.0,2.0,121412.25,307495.0,3200747.0
5,2.0,1.0,2.0,2.0,4.0,2.0,31.0,7.0,3.0,2.0,2.0,2.0,1.0,2.0,0.0,2.0,4.0,6.0,1.0,0.0,2000000.0,1.0,200000.0,68500.0,3.0,90788.2,154003.0,751.0
5,4.0,1.0,3.0,1.0,4.0,2.0,31.0,90000.0,2.0,3.0,2.0,2.0,1.0,2.0,0.0,2.0,4.0,6.0,2.0,0.0,1000000.0,1.0,200000.0,300000.0,2.0,176961.9,298581.0,744.0
5,4.0,1.0,3.0,2.0,4.0,1.0,31.0,110000.0,2.0,2.0,2.0,2.0,2.0,2.0,0.0,2.0,4.0,6.0,2.0,0.0,3000.0,3.0,480250.0,320000.0,2.0,185284.1,340994.0,745.0
5,3.0,1.0,1.0,2.0,4.0,2.0,31.0,50000.0,3.0,3.0,2.0,2.0,2.0,2.0,0.0,2.0,4.0,6.0,2.0,0.0,1000000.0,1.0,180000.0,200000.0,1.0,136922.85,191783.0,747.0
5,4.0,1.0,2.0,1.0,4.0,1.0,31.0,100000.0,2.0,2.0,2.0,2.0,2.0,2.0,0.0,2.0,4.0,6.0,2.0,3000.0,1500.0,3.0,240125.0,300000.0,3.0,156567.7,401161.0,743.0
5,1.0,1.0,2.0,2.0,4.0,2.0,31.0,59777.77777777778,4.0,2.0,2.0,2.0,1.0,2.0,0.0,2.0,4.0,6.0,2.0,220000.0,180000.0,1.0,80000.0,55100.0,2.0,94985.52,51381.0,757.0
5,2.0,1.0,3.0,2.0,4.0,2.0,31.0,80000.0,3.0,2.0,2.0,2.0,1.0,2.0,25000.0,1.0,4.0,2.0,2.0,300000.0,250000.0,1.0,150000.0,98000.0,2.0,152011.67,111357.0,751.0
5,4.0,1.0,3.0,1.0,4.0,2.0,31.0,160000.0,3.0,2.0,2.0,2.0,2.0,2.0,0.0,2.0,4.0,6.0,2.0,0.0,1000.0,1.0,230000.0,268000.0,2.0,152925.95,64142.0,743.0
5,3.0,3.0,3.0,1.0,4.0,2.0,31.0,140000.0,3.0,2.0,2.0,2.0,2.0,2.0,150000.0,1.0,4.0,3.0,2.0,600000.0,500000.0,1.0,280000.0,710000.0,2.0,125192.02,433673.0,740.0
5,1.0,1.0,2.0,1.0,4.0,2.0,31.0,48000.0,3.0,2.0,2.0,2.0,1.0,2.0,0.0,2.0,4.0,6.0,2.0,0.0,400000.0,1.0,200000.0,325000.0,1.0,110812.0,130784.0,742.0
5,4.0,1.0,2.0,1.0,4.0,2.0,31.0,120000.0,3.0,2.0,2.0,2.0,1.0,2.0,0.0,2.0,4.0,6.0,2.0,500000.0,400000.0,1.0,300000.0,265000.0,2.0,158194.75,100458.0,745.0
5,5.0,1.0,2.0,1.0,4.0,1.0,31.0,110000.0,3.0,2.0,2.0,2.0,2.0,2.0,0.0,2.0,4.0,6.0,2.0,0.0,0.0,1.0,265555.55555555556,292000.0,3.0,171714.65,189011.0,746.0
5,3.0,1.0,2.0,1.0,4.0,2.0,31.0,110000.0,3.0,2.0,2.0,2.0,1.0,2.0,0.0,2.0,4.0,6.0,2.0,1000.0,700.0,3.0,264137.5,200000.0,3.0,151902.3,240211.0,742.0
5,3.0,1.0,2.0,1.0,1.0,2.0,31.0,130000.0,2.0,2.0,2.0,2.0,1.0,2.0,0.0,2.0,4.0,6.0,2.0,0.0,600000.0,1.0,270000.0,100300.0,3.0,163919.17,175354.0,738.0
5,4.0,1.0,3.0,1.0,4.0,1.0,31.0,150000.0,3.0,2.0,2.0,2.0,1.0,2.0,0.0,2.0,4.0,6.0,2.0,0.0,0.0,1.0,450000.0,200000.0,1.0,107577.75,373324.0,744.0
5,5.0,2.0,2.0,1.0,4.0,1.0,31.0,100000.0,3.0,2.0,2.0,2.0,2.0,2.0,1300000.0,1.0,4.0,6.0,2.0,0.0,0.0,1.0,350000.0,320000.0,3.0,111566.15,454033.0,2600750.0
5,2.0,1.0,1.0,2.0,4.0,2.0,31.0,45000.0,3.0,3.0,2.0,2.0,2.0,2.0,0.0,2.0,4.0,6.0,2.0,0.0,0.0,1.0,150000.0,70000.0,1.0,70024.45,49104.0,756.0
5,4.0,1.0,2.0,1.0,4.0,2.0,31.0,120000.0,3.0,2.0,2.0,2.0,1.0,2.0,0.0,2.0,4.0,6.0,2.0,0.0,0.0,1.0,250000.0,200000.0,3.0,103589.55,195162.0,743.0
5,4.0,1.0,3.0,1.0,4.0,2.0,31.0,100000.0,3.0,3.0,2.0,2.0,2.0,2.0,280000.0,1.0,4.0,6.0,2.0,0.0,0.0,1.0,300000.0,900000.0,3.0,153136.05,363044.0,1120748.0
5,2.0,1.0,2.0,1.0,4.0,1.0,31.0,90000.0,3.0,2.0,2.0,1.0,2.0,2.0,3000000.0,1.0,4.0,6.0,2.0,0.0,0.0,1.0,300000.0,155000.0,2.0,104524.55,237981.0,6000751.0
5,6.0,1.0,3.0,2.0,4.0,1.0,31.0,150000.0,3.0,2.0,2.0,2.0,2.0,2.0,2000000.0,2.0,4.0,6.0,2.0,0.0,0.0,1.0,500000.0,88000.0,2.0,127453.95,138303.0,751.0
5,7.0,1.0,3.0,1.0,4.0,1.0,31.0,160000.0,3.0,2.0,2.0,2.0,2.0,2.0,0.0,2.0,4.0,6.0,2.0,0.0,2000000.0,1.0,294222.22222222225,448000.0,3.0,154128.1,421342.0,746.0
5,1.0,1.0,1.0,2.0,4.0,2.0,31.0,24000.0,3.0,2.0,2.0,2.0,1.0,2.0,0.0,2.0,4.0,6.0,2.0,0.0,0.0,1.0,120000.0,90000.0,1.0,72905.95,89300.0,750.0
5,3.0,1.0,4.0,1.0,4.0,2.0,31.0,140000.0,3.0,3.0,2.0,2.0,2.0,2.0,0.0,2.0,4.0,1.0,2.0,0.0,800000.0,1.0,120000.0,150000.0,1.0,123875.23,181500.0,750.0
5,1.0,4.0,1.0,2.0,4.0,2.0,31.0,59445.22222222222,5.0,3.0,2.0,1.0,1.0,2.0,0.0,2.0,1.0,1.0,2.0,0.0,300000.0,1.0,70000.0,48000.0,2.0,125756.72,54313.0,40763.0
5,7.0,1.0,3.0,1.0,4.0,2.0,31.0,100000.0,3.0,2.0,2.0,2.0,2.0,2.0,500000.0,1.0,4.0,1.0,2.0,0.0,1000000.0,1.0,300000.0,400000.0,5.0,214308.25,277251.0,750.0
5,5.0,1.0,5.0,1.0,4.0,1.0,31.0,200000.0,3.0,2.0,2.0,1.0,1.0,2.0,13750000.0,1.0,4.0,1.0,2.0,0.0,3000000.0,1.0,500000.0,310000.0,3.0,193606.65,437256.0,3981993.0
5,1.0,1.0,1.0,2.0,4.0,2.0,31.0,48445.22222222222,4.0,2.0,2.0,2.0,2.0,2.0,0.0,2.0,4.0,3.0,2.0,0.0,400000.0,1.0,40000.0,41500.0,1.0,88046.95,35406.0,760.0
5,1.0,1.0,2.0,1.0,4.0,2.0,31.0,100000.0,3.0,2.0,2.0,1.0,1.0,2.0,0.0,2.0,4.0,1.0,2.0,0.0,800000.0,1.0,80000.0,86000.0,1.0,128362.2,198543.0,60746.0
5,4.0,1.0,4.0,1.0,4.0,1.0,31.0,80000.0,2.0,2.0,2.0,2.0,1.0,2.0,0.0,2.0,4.0,6.0,2.0,3000.0,300.0,1.0,100000.0,500.0,2.0,146273.45,225568.0,108289.0
5,2.0,1.0,3.0,2.0,4.0,2.0,31.0,100000.0,3.0,2.0,2.0,1.0,1.0,2.0,0.0,2.0,4.0,1.0,2.0,0.0,0.0,1.0,100000.0,100000.0,1.0,141982.95,82894.0,60753.0
5,3.0,1.0,4.0,2.0,4.0,2.0,31.0,100000.0,4.0,2.0,2.0,2.0,2.0,2.0,0.0,1.0,4.0,1.0,2.0,0.0,400000.0,1.0,100000.0,107000.0,2.0,118229.85,54917.0,749.0
5,3.0,1.0,1.0,1.0,4.0,2.0,31.0,60000.0,3.0,2.0,2.0,2.0,1.0,2.0,0.0,2.0,4.0,6.0,2.0,700000.0,500000.0,1.0,200000.0,39000.0,2.0,194298.7,1652883.0,747.0
5,1.0,1.0,1.0,2.0,4.0,2.0,31.0,25000.0,3.0,3.0,2.0,2.0,1.0,2.0,0.0,2.0,1.0,6.0,2.0,400000.0,300000.0,1.0,150000.0,52000.0,2.0,48519.2,50724.0,758.0
5,1.0,1.0,2.0,2.0,4.0,2.0,31.0,28000.0,3.0,3.0,2.0,2.0,1.0,2.0,0.0,2.0,4.0,6.0,2.0,500000.0,250000.0,1.0,150000.0,20000.0,1.0,41417.9,35529.0,752.0
5,1.0,1.0,1.0,2.0,4.0,2.0,31.0,20000.0,4.0,2.0,2.0,2.0,2.0,2.0,0.0,2.0,4.0,5.0,2.0,400000.0,300000.0,1.0,100000.0,30000.0,1.0,83819.0,66405.0,756.0
5,2.0,1.0,2.0,1.0,4.0,2.0,31.0,150000.0,3.0,2.0,2.0,2.0,1.0,2.0,0.0,2.0,4.0,2.0,2.0,800000.0,500000.0,1.0,300000.0,382000.0,3.0,214633.8,342469.0,746.0
5,1.0,1.0,2.0,2.0,4.0,2.0,31.0,45000.0,2.0,2.0,2.0,2.0,2.0,2.0,0.0,2.0,1.0,1.0,2.0,500000.0,300000.0,1.0,200000.0,52000.0,2.0,89396.3,114298.0,753.0
5,2.0,1.0,2.0,2.0,4.0,2.0,31.0,80000.0,3.0,3.0,2.0,2.0,1.0,2.0,50000.0,1.0,1.0,3.0,2.0,600000.0,400000.0,1.0,200000.0,95000.0,3.0,88552.6,135384.0,754.0
5,3.0,1.0,2.0,1.0,4.0,2.0,31.0,140000.0,3.0,2.0,2.0,2.0,2.0,2.0,350000.0,1.0,4.0,6.0,2.0,800000.0,500000.0,1.0,300000.0,268000.0,4.0,209299.7,259478.0,746.0
5,3.0,1.0,3.0,1.0,4.0,1.0,31.0,140000.0,2.0,2.0,2.0,2.0,2.0,2.0,0.0,2.0,4.0,6.0,2.0,700000.0,500000.0,1.0,200000.0,241000.0,2.0,267040.3,293834.0,743.0
5,4.0,1.0,2.0,1.0,4.0,2.0,31.0,130000.0,3.0,2.0,2.0,2.0,2.0,2.0,150000.0,1.0,4.0,2.0,2.0,1000.0,250000.0,1.0,150000.0,70000.0,2.0,233952.15,315340.0,746.0
5,2.0,1.0,3.0,1.0,4.0,2.0,31.0,100000.0,3.0,3.0,2.0,2.0,1.0,2.0,100000.0,2.0,4.0,6.0,2.0,800000.0,500000.0,1.0,200000.0,85000.0,2.0,122003.25,160542.0,749.0
5,3.0,1.0,3.0,1.0,4.0,1.0,31.0,130000.0,3.0,2.0,2.0,2.0,2.0,2.0,700000.0,1.0,4.0,4.0,2.0,800000.0,400000.0,1.0,150000.0,100000.0,1.0,151214.4,199372.0,749.0
5,3.0,1.0,2.0,2.0,4.0,2.0,31.0,150000.0,3.0,2.0,2.0,2.0,2.0,2.0,0.0,2.0,4.0,6.0,2.0,500000.0,350000.0,1.0,200000.0,246000.0,3.0,148792.25,245086.0,750.0
5,4.0,1.0,3.0,1.0,4.0,2.0,31.0,140000.0,3.0,2.0,2.0,2.0,1.0,2.0,0.0,2.0,4.0,5.0,2.0,600000.0,300000.0,1.0,150000.0,157000.0,2.0,248119.8,403388.0,749.0
5,5.0,1.0,3.0,1.0,4.0,2.0,31.0,260000.0,2.0,2.0,2.0,2.0,2.0,2.0,0.0,2.0,4.0,5.0,2.0,1000000.0,600000.0,1.0,300000.0,475000.0,3.0,259294.9,212668.0,746.0
5,2.0,1.0,2.0,1.0,4.0,1.0,31.0,180000.0,3.0,3.0,2.0,2.0,1.0,2.0,0.0,2.0,4.0,6.0,2.0,2000.0,500000.0,1.0,200000.0,100000.0,1.0,157398.2,193245.0,747.0
5,4.0,1.0,3.0,1.0,4.0,2.0,31.0,120000.0,2.0,2.0,2.0,2.0,2.0,2.0,100000.0,1.0,4.0,5.0,2.0,800000.0,400000.0,1.0,100000.0,97500.0,2.0,190648.6,209867.0,748.0
5,5.0,1.0,3.0,1.0,4.0,1.0,31.0,90000.0,3.0,2.0,2.0,2.0,2.0,2.0,1850000.0,2.0,4.0,5.0,2.0,1000000.0,800000.0,1.0,400000.0,386000.0,4.0,202519.7,467489.0,260740.0
5,4.0,1.0,1.0,1.0,4.0,1.0,31.0,75000.0,3.0,1.0,2.0,2.0,1.0,2.0,0.0,2.0,4.0,6.0,2.0,0.0,0.0,1.0,272222.22222222225,415000.0,3.0,97465.9,280580.0,747.0
5,7.0,1.0,4.0,1.0,4.0,1.0,31.0,100000.0,3.0,2.0,2.0,2.0,1.0,2.0,1500000.0,1.0,4.0,1.0,2.0,0.0,0.0,1.0,516666.6666666667,266000.0,4.0,297348.55,358318.0,741.0
5,5.0,1.0,3.0,1.0,2.0,2.0,31.0,200000.0,3.0,2.0,2.0,2.0,2.0,2.0,700000.0,1.0,4.0,3.0,2.0,0.0,0.0,1.4444444444444444,230060.44444444444,205000.0,2.0,164368.45,239917.0,1500749.0
5,1.0,1.0,2.0,2.0,4.0,2.0,31.0,50000.0,1.0,2.0,2.0,2.0,1.0,2.0,0.0,2.0,4.0,1.0,2.0,0.0,0.0,1.2222222222222223,96357.88888888888,58811.11111111111,1.5555555555555556,89763.3,69910.0,752.0
5,3.0,1.0,4.0,1.0,4.0,2.0,31.0,240000.0,2.0,2.0,2.0,2.0,1.0,2.0,0.0,2.0,4.0,6.0,2.0,0.0,1500.0,1.6666666666666667,320054.55555555556,28000.0,2.0,147516.6,210859.0,745.0
5,3.0,1.0,1.0,1.0,4.0,2.0,31.0,90000.0,3.0,1.0,2.0,2.0,2.0,2.0,0.0,2.0,4.0,4.0,2.0,0.0,500000.0,1.0,231111.11111111112,280000.0,3.0,111703.05,265442.0,749.0
5,1.0,1.0,1.0,2.0,4.0,2.0,31.0,70000.0,3.0,2.0,2.0,2.0,2.0,2.0,100000.0,1.0,4.0,6.0,2.0,0.0,150000.0,1.0,73000.0,73000.0,1.0,102703.6,172418.0,450753.0
5,3.0,3.0,1.0,1.0,4.0,1.0,31.0,120000.0,4.0,3.0,2.0,2.0,2.0,2.0,160000.0,1.0,4.0,6.0,2.0,0.0,600000.0,1.0,177222.22222222222,230000.0,2.0,136067.9,431811.0,746.0
5,7.0,5.0,1.0,1.0,4.0,1.0,31.0,170000.0,3.0,2.0,2.0,2.0,2.0,2.0,3000000.0,1.0,4.0,6.0,2.0,0.0,0.0,1.4444444444444444,487005.5555555555,275000.0,4.0,142650.6,300331.0,746.0
5,6.0,1.0,3.0,1.0,4.0,1.0,31.0,150000.0,3.0,3.0,2.0,2.0,1.0,2.0,3000000.0,1.0,4.0,5.0,2.0,5000.0,2000.0,1.0,500000.0,127400.0,5.0,147187.0,227101.0,744.0
5,5.0,1.0,3.0,1.0,4.0,2.0,31.0,60000.0,5.0,3.0,2.0,2.0,2.0,2.0,300000.0,1.0,4.0,4.0,2.0,6000.0,3500.0,1.0,500000.0,139000.0,2.0,190294.2,232738.0,745.0
5,3.0,1.0,3.0,1.0,4.0,2.0,31.0,70000.0,3.0,3.0,2.0,2.0,1.0,2.0,200000.0,1.0,4.0,4.0,2.0,5000.0,2500.0,1.0,300000.0,120000.0,1.0,177537.85,160142.0,746.0
5,7.0,1.0,3.0,1.0,4.0,2.0,31.0,50000.0,4.0,3.0,2.0,2.0,2.0,2.0,200000.0,1.0,4.0,5.0,2.0,0.0,0.0,1.0,300000.0,152000.0,3.0,239426.9,135809.0,746.0
5,2.0,3.0,2.0,1.0,4.0,2.0,31.0,50000.0,3.0,3.0,2.0,2.0,1.0,2.0,500000.0,1.0,4.0,3.0,2.0,6000.0,3000.0,1.0,400000.0,580000.0,2.0,107950.9,172654.0,748.0
5,2.0,3.0,2.0,1.0,4.0,2.0,31.0,70000.0,3.0,3.0,2.0,2.0,1.0,2.0,300000.0,1.0,4.0,5.0,2.0,4000.0,2000.0,1.0,250000.0,180000.0,2.0,138330.2,77862.0,747.0
5,4.0,1.0,3.0,1.0,2.0,2.0,31.0,200000.0,3.0,3.0,2.0,1.0,2.0,2.0,0.0,2.0,1.0,5.0,2.0,5000.0,2000.0,1.0,250000.0,340000.0,2.0,196989.8,261522.0,743.0
5,3.0,3.0,3.0,1.0,4.0,2.0,31.0,60000.0,3.0,3.0,2.0,2.0,2.0,2.0,0.0,2.0,4.0,4.0,2.0,4000.0,2000.0,1.0,300000.0,240000.0,2.0,173286.15,154310.0,745.0
5,1.0,1.0,2.0,2.0,4.0,2.0,31.0,50000.0,4.0,3.0,2.0,2.0,1.0,2.0,0.0,2.0,4.0,6.0,2.0,800000.0,400000.0,1.0,100000.0,45000.0,1.0,74112.65,46044.0,751.0
5,8.0,3.0,3.0,1.0,2.0,2.0,31.0,150000.0,4.0,3.0,2.0,1.0,1.0,2.0,1000000.0,1.0,4.0,5.0,2.0,0.0,0.0,1.0,800000.0,460000.0,4.0,375763.09,605362.0,749.0
5,1.0,1.0,3.0,2.0,4.0,2.0,31.0,150000.0,2.0,2.0,2.0,2.0,1.0,2.0,0.0,2.0,4.0,5.0,2.0,0.0,0.0,1.0,150000.0,68000.0,2.0,109438.85,781740.0,749.0
5,5.0,1.0,3.0,1.0,4.0,1.0,31.0,100000.0,2.0,2.0,2.0,2.0,2.0,2.0,540000.0,1.0,4.0,4.0,1.0,0.0,0.0,1.0,600000.0,287000.0,4.0,223154.98,373423.0,746.0
5,2.0,1.0,2.0,2.0,4.0,1.0,31.0,75000.0,3.0,2.0,2.0,2.0,1.0,2.0,0.0,2.0,4.0,5.0,2.0,0.0,0.0,1.0,200000.0,99500.0,3.0,152494.78,105277.0,748.0
5,7.0,1.0,4.0,1.0,4.0,2.0,31.0,220000.0,2.0,2.0,2.0,1.0,1.0,2.0,70285000.0,1.0,4.0,5.0,2.0,0.0,0.0,1.0,1000000.0,538000.0,4.0,382812.58,709823.0,745.0
5,5.0,1.0,3.0,1.0,4.0,1.0,31.0,250000.0,3.0,2.0,2.0,2.0,1.0,2.0,0.0,2.0,4.0,4.0,2.0,0.0,0.0,1.0,500000.0,57000.0,2.0,203155.55,253942.0,745.0
5,5.0,1.0,3.0,1.0,4.0,2.0,31.0,150000.0,3.0,3.0,2.0,1.0,1.0,2.0,3400000.0,1.0,4.0,6.0,2.0,0.0,0.0,1.0,500000.0,122200.0,3.0,178849.1,86796.0,749.0
5,4.0,1.0,2.0,1.0,4.0,1.0,31.0,250000.0,2.0,2.0,2.0,2.0,2.0,2.0,0.0,2.0,4.0,6.0,2.0,0.0,0.0,1.0,400000.0,160000.0,2.0,161595.4,190860.0,744.0
5,5.0,1.0,2.0,2.0,4.0,2.0,31.0,65000.0,2.0,2.0,2.0,2.0,2.0,2.0,1200000.0,1.0,4.0,4.0,2.0,0.0,0.0,1.0,500000.0,102500.0,4.0,167813.15,297800.0,748.0
5,1.0,1.0,1.0,2.0,4.0,2.0,31.0,7.0,4.0,2.0,2.0,2.0,2.0,2.0,0.0,2.0,4.0,2.0,2.0,0.0,100000.0,1.0,60000.0,35000.0,1.0,73958.77,65571.0,753.0
5,5.0,1.0,3.0,1.0,4.0,2.0,31.0,75000.0,3.0,2.0,2.0,2.0,2.0,2.0,326000.0,1.0,4.0,4.0,2.0,0.0,700000.0,1.0,400000.0,150900.0,3.0,105996.53,276079.0,960750.0
5,5.0,1.0,2.0,1.0,4.0,1.0,31.0,80000.0,3.0,2.0,2.0,2.0,2.0,2.0,75000.0,1.0,4.0,4.0,2.0,0.0,800000.0,1.0,400000.0,195000.0,3.0,129066.01,355986.0,743.0
5,1.0,1.0,4.0,1.0,4.0,2.0,31.0,60000.0,3.0,2.0,2.0,2.0,1.0,2.0,0.0,2.0,4.0,4.0,2.0,5000.0,800000.0,1.0,400000.0,330000.0,1.0,169176.03,585591.5,746.0
5,4.0,3.0,2.0,1.0,4.0,2.0,31.0,66000.0,3.0,1.0,2.0,2.0,1.0,2.0,800000.0,2.0,4.0,4.0,2.0,0.0,0.0,1.0,400000.0,168000.0,1.0,140236.34,334517.0,160754.0
5,3.0,1.0,3.0,1.0,4.0,1.0,31.0,180000.0,3.0,3.0,2.0,1.0,1.0,2.0,800000.0,1.0,4.0,4.0,2.0,30000000.0,1000000.0,1.0,300000.0,510000.0,3.0,206469.95,837423.0,3920750.0
5,3.0,3.0,2.0,1.0,4.0,2.0,31.0,60000.0,3.0,3.0,2.0,2.0,2.0,2.0,450000.0,1.0,4.0,4.0,2.0,0.0,700000.0,1.0,300000.0,190000.0,3.0,108234.43,284214.0,750.0
5,8.0,1.0,2.0,1.0,4.0,2.0,31.0,140000.0,3.0,2.0,2.0,2.0,1.0,2.0,960000.0,2.0,4.0,4.0,2.0,0.0,2000000.0,1.0,700000.0,287000.0,4.0,188599.69,471979.0,744.0
5,4.0,1.0,3.0,2.0,4.0,2.0,31.0,132222.22222222222,4.0,2.0,2.0,1.0,1.0,2.0,500000.0,2.0,4.0,4.0,2.0,0.0,600000.0,1.0,280000.0,130000.0,2.0,102302.7,294093.4,751.0
5,2.0,1.0,1.0,2.0,4.0,2.0,31.0,40000.0,5.0,3.0,2.0,2.0,1.0,2.0,0.0,2.0,4.0,1.0,2.0,0.0,2000000.0,1.0,214444.44444444444,60700.0,1.0,39540.0,64873.0,756.0
5,2.0,3.0,2.0,1.0,4.0,1.0,31.0,168888.88888888888,3.0,3.0,2.0,2.0,2.0,2.0,1500000.0,1.0,4.0,1.0,2.0,0.0,0.0,1.0,146000.0,296000.0,1.0,55595.35,1195261.0,2888255.0
5,3.0,1.0,3.0,1.0,4.0,2.0,31.0,25000.0,3.0,2.0,2.0,2.0,2.0,2.0,300000.0,2.0,4.0,3.0,2.0,1000000.0,600000.0,1.0,300000.0,149000.0,3.0,88302.69,198538.0,746.0
5,1.0,3.0,2.0,2.0,4.0,2.0,31.0,40000.0,3.0,3.0,2.0,2.0,1.0,2.0,0.0,2.0,4.0,1.0,2.0,0.0,2500000.0,1.0,250000.0,300.0,1.0,68018.8,99740.0,751.0
5,2.0,1.0,2.0,2.0,4.0,2.0,31.0,80000.0,3.0,2.0,2.0,2.0,2.0,2.0,0.0,2.0,4.0,6.0,2.0,0.0,2000000.0,1.0,214444.44444444444,81000.0,2.0,84995.5,143532.0,749.0
5,1.0,1.0,3.0,2.0,4.0,2.0,31.0,60000.0,5.0,3.0,2.0,2.0,1.0,2.0,0.0,2.0,4.0,1.0,2.0,0.0,300000.0,1.0,111111.11111111112,39000.0,1.0,85267.63,93929.0,752.0
5,2.0,1.0,3.0,1.0,4.0,1.0,31.0,100000.0,3.0,3.0,2.0,2.0,2.0,2.0,0.0,2.0,4.0,3.0,2.0,0.0,0.0,1.4444444444444444,291380.6666666667,870000.0,4.0,83370.2,210644.0,746.0
5,5.0,1.0,2.0,1.0,4.0,2.0,31.0,60000.0,5.0,3.0,2.0,1.0,1.0,2.0,1500000.0,1.0,4.0,4.0,2.0,0.0,1000000.0,1.0,300000.0,215900.0,4.0,121604.47,223056.0,749.0
5,6.0,1.0,2.0,1.0,4.0,2.0,31.0,60000.0,3.0,3.0,2.0,1.0,2.0,2.0,0.0,2.0,4.0,1.0,2.0,0.0,2000000.0,1.0,400000.0,425000.0,5.0,168643.05,272237.0,746.0
5,2.0,3.0,1.0,1.0,4.0,2.0,31.0,45000.0,3.0,3.0,2.0,2.0,1.0,2.0,300000.0,1.0,4.0,4.0,2.0,0.0,600000.0,1.0,400000.0,400000.0,2.0,256020.95,236495.0,749.0
5,1.0,1.0,2.0,1.0,4.0,2.0,31.0,85000.77777777778,2.0,3.0,2.0,2.0,1.0,2.0,0.0,2.0,4.0,6.0,2.0,10000.0,5000.0,3.0,720375.0,80000.0,1.0,99381.85,251972.0,748.0
5,4.0,1.0,4.0,1.0,4.0,2.0,31.0,160000.0,2.0,3.0,2.0,2.0,2.0,2.0,140000.0,1.0,4.0,4.0,2.0,0.0,0.0,1.0,600000.0,272000.0,3.0,160113.95,272711.0,400747.0
5,1.0,1.0,2.0,2.0,4.0,2.0,31.0,40000.0,3.0,3.0,2.0,2.0,1.0,2.0,0.0,2.0,4.0,6.0,2.0,0.0,300000.0,1.0,200000.0,62000.0,2.0,95401.37,61055.0,753.0
5,3.0,1.0,3.0,1.0,4.0,2.0,31.0,160000.0,3.0,3.0,2.0,2.0,1.0,2.0,0.0,2.0,4.0,6.0,2.0,0.0,0.0,1.0,600000.0,176000.0,4.0,208671.35,1631712.0,746.0
5,3.0,3.0,3.0,1.0,4.0,2.0,31.0,60000.0,3.0,3.0,2.0,2.0,2.0,2.0,0.0,2.0,4.0,4.0,2.0,50000.0,10000.0,1.0,600000.0,195000.0,3.0,149249.12,130216.0,746.0
5,3.0,5.0,2.0,2.0,4.0,2.0,31.0,150000.0,3.0,2.0,2.0,2.0,2.0,2.0,0.0,2.0,4.0,6.0,2.0,5000000.0,3000000.0,1.0,500000.0,130000.0,2.0,228985.02,179121.0,745.0
5,1.0,1.0,3.0,2.0,4.0,2.0,31.0,93888.88888888888,3.0,3.0,2.0,2.0,1.0,2.0,0.0,2.0,4.0,5.0,2.0,0.0,0.0,1.0,300000.0,62000.0,2.0,99930.67,189404.0,748.0
5,1.0,1.0,2.0,2.0,4.0,2.0,31.0,30000.0,3.0,3.0,2.0,2.0,2.0,2.0,0.0,2.0,4.0,5.0,2.0,0.0,0.0,1.0,300000.0,49000.0,1.0,117836.9,82078.0,748.0
5,3.0,1.0,2.0,1.0,4.0,2.0,31.0,80000.0,3.0,2.0,2.0,2.0,2.0,2.0,0.0,2.0,4.0,1.0,2.0,0.0,0.0,1.0,200000.0,248000.0,2.0,200956.55,302059.0,743.0
5,1.0,3.0,1.0,2.0,4.0,2.0,31.0,50000.0,3.0,3.0,2.0,2.0,1.0,2.0,0.0,2.0,4.0,1.0,2.0,0.0,0.0,1.0,100000.0,53600.0,1.0,131865.25,153208.0,752.0
5,1.0,1.0,1.0,1.0,4.0,2.0,31.0,7.0,3.0,3.0,2.0,2.0,1.0,2.0,0.0,2.0,4.0,1.0,2.0,0.0,0.0,1.0,222222.22222222225,70000.0,2.0,161031.3,134577.0,745.0
5,3.0,1.0,1.0,1.0,4.0,2.0,31.0,60000.0,3.0,3.0,2.0,2.0,1.0,2.0,500000.0,1.0,4.0,1.0,2.0,0.0,0.0,1.2222222222222223,308864.44444444444,40000.0,2.0,156401.35,308738.0,745.0
5,4.0,1.0,3.0,1.0,4.0,1.0,31.0,60000.0,1.0,2.0,2.0,2.0,2.0,2.0,0.0,2.0,4.0,1.0,2.0,0.0,0.0,1.2222222222222223,259849.11111111112,435000.0,2.0,249229.6,344290.0,741.0
5,2.0,1.0,2.0,2.0,4.0,2.0,31.0,20000.0,4.0,3.0,2.0,2.0,2.0,2.0,0.0,2.0,4.0,1.0,2.0,0.0,0.0,1.0,100000.0,95000.0,2.0,153239.25,80056.0,749.0
5,4.0,1.0,1.0,1.0,4.0,2.0,31.0,15000.0,4.0,2.0,2.0,2.0,2.0,2.0,0.0,2.0,4.0,1.0,2.0,0.0,0.0,1.0,227777.77777777775,171000.0,3.0,164365.2,217474.0,745.0
5,3.0,1.0,1.0,1.0,4.0,1.0,31.0,30000.0,3.0,3.0,2.0,2.0,2.0,2.0,0.0,2.0,4.0,1.0,2.0,0.0,0.0,1.2222222222222223,275674.44444444444,700000.0,2.0,198191.35,286703.0,741.0
5,5.0,1.0,3.0,1.0,4.0,1.0,31.0,120000.0,3.0,2.0,2.0,2.0,2.0,2.0,0.0,2.0,4.0,1.0,2.0,0.0,0.0,1.0,226666.66666666663,250000.0,1.0,181853.95,186341.0,742.0
5,4.0,1.0,4.0,1.0,4.0,1.0,31.0,90000.0,2.0,2.0,2.0,2.0,2.0,2.0,0.0,2.0,4.0,1.0,2.0,1700000.0,800000.0,1.0,300000.0,370000.0,3.0,120332.4,147773.0,743.0
5,3.0,1.0,4.0,1.0,4.0,1.0,31.0,100000.0,3.0,2.0,2.0,2.0,1.0,2.0,0.0,2.0,4.0,3.0,2.0,1000000.0,600000.0,1.0,200000.0,460300.0,3.0,91098.95,140067.0,745.0
5,5.0,1.0,6.0,1.0,4.0,1.0,31.0,120000.0,3.0,2.0,2.0,1.0,2.0,1.0,0.0,1.0,2.0,4.0,2.0,2000000.0,800000.0,1.0,350000.0,345000.0,5.0,106656.4,175337.0,300744.0
5,5.0,1.0,5.0,1.0,4.0,1.0,31.0,130000.0,2.0,2.0,2.0,1.0,1.0,2.0,0.0,2.0,1.0,1.0,2.0,2000000.0,900000.0,1.0,300000.0,498630.0,4.0,65787.8,285514.0,746.0
5,6.0,1.0,5.0,1.0,4.0,1.0,31.0,90000.0,3.0,3.0,2.0,1.0,1.0,2.0,0.0,1.0,1.0,1.0,2.0,3000000.0,1500000.0,1.0,260000.0,408500.0,6.0,47509.2,177133.0,742.0
5,5.0,1.0,5.0,1.0,2.0,1.0,31.0,85000.0,3.0,2.0,2.0,2.0,2.0,2.0,0.0,2.0,4.0,3.0,2.0,2000000.0,900000.0,1.0,200000.0,680000.0,4.0,76960.05,122361.0,746.0
5,5.0,1.0,5.0,1.0,1.0,2.0,31.0,200000.0,2.0,2.0,2.0,2.0,1.0,2.0,0.0,2.0,4.0,3.0,2.0,1000000.0,500000.0,1.0,270000.0,208700.0,5.0,94508.3,168566.0,746.0
5,2.0,1.0,5.0,2.0,4.0,2.0,31.0,110000.0,2.0,1.0,2.0,1.0,1.0,1.0,0.0,2.0,4.0,1.0,1.0,700000.0,300000.0,1.0,200000.0,83500.0,3.0,61898.2,37657.0,751.0
5,5.0,1.0,5.0,1.0,4.0,2.0,31.0,110000.0,2.0,2.0,2.0,2.0,2.0,2.0,40000.0,1.0,1.0,1.0,2.0,1600000.0,600000.0,1.0,270000.0,371000.0,4.0,89674.8,102142.0,749.0
5,4.0,1.0,4.0,2.0,4.0,1.0,31.0,35000.0,3.0,2.0,2.0,2.0,2.0,2.0,100000.0,1.0,4.0,6.0,2.0,1000000.0,500000.0,1.0,200000.0,115000.0,1.0,85900.55,171071.0,744.0
5,2.0,1.0,3.0,2.0,4.0,2.0,31.0,60000.0,4.0,2.0,2.0,2.0,1.0,2.0,30000.0,1.0,4.0,3.0,2.0,500000.0,200000.0,1.0,130000.0,79300.0,2.0,80368.4,26724.0,750.0
5,4.0,1.0,5.0,1.0,4.0,1.0,31.0,100000.0,3.0,2.0,2.0,2.0,2.0,2.0,80000.0,1.0,4.0,6.0,2.0,1000000.0,500000.0,1.0,200000.0,193000.0,3.0,123855.05,186876.0,742.0
5,6.0,1.0,3.0,2.0,4.0,2.0,31.0,66000.0,3.0,2.0,2.0,2.0,1.0,2.0,0.0,2.0,4.0,3.0,2.0,500000.0,300000.0,1.0,160000.0,88000.0,3.0,79531.9,156854.0,751.0
5,5.0,1.0,4.0,2.0,4.0,1.0,31.0,35000.0,3.0,2.0,2.0,2.0,2.0,2.0,60000.0,1.0,4.0,6.0,2.0,1600000.0,700000.0,1.0,200000.0,105000.0,1.0,83332.55,160069.0,744.0
5,4.0,1.0,4.0,2.0,4.0,1.0,31.0,28000.0,3.0,2.0,2.0,2.0,2.0,2.0,30000.0,1.0,4.0,6.0,2.0,1500000.0,700000.0,1.0,260000.0,152200.0,2.0,79350.45,167391.0,745.0
5,1.0,1.0,3.0,2.0,4.0,2.0,31.0,65000.0,4.0,2.0,2.0,2.0,1.0,2.0,0.0,2.0,1.0,1.0,2.0,500000.0,200000.0,1.0,100000.0,65800.0,3.0,70403.6,80558.0,753.0
5,1.0,1.0,3.0,2.0,4.0,2.0,31.0,60000.0,4.0,2.0,2.0,2.0,2.0,2.0,40000.0,1.0,4.0,3.0,2.0,500000.0,250000.0,1.0,120000.0,56400.0,2.0,79359.05,79440.0,752.0
5,3.0,1.0,3.0,2.0,4.0,1.0,31.0,66000.0,4.0,2.0,2.0,1.0,1.0,2.0,100000.0,1.0,4.0,6.0,2.0,1500000.0,800000.0,1.0,150000.0,60000.0,2.0,88602.0,105909.0,745.0
5,5.0,1.0,4.0,2.0,4.0,1.0,31.0,20000.0,4.0,2.0,2.0,2.0,2.0,2.0,100000.0,1.0,4.0,6.0,2.0,1600000.0,700000.0,1.0,200000.0,179300.0,3.0,88457.5,207857.0,744.0
5,6.0,1.0,3.0,2.0,4.0,2.0,31.0,76000.0,4.0,2.0,2.0,2.0,1.0,2.0,0.0,2.0,4.0,3.0,2.0,350000.0,250000.0,1.0,150000.0,89400.0,3.0,90732.7,104679.0,752.0
5,4.0,1.0,3.0,2.0,4.0,1.0,31.0,28000.0,4.0,2.0,2.0,2.0,2.0,2.0,60000.0,1.0,4.0,6.0,2.0,1000000.0,700000.0,1.0,200000.0,71600.0,2.0,81311.65,155474.0,745.0
5,4.0,1.0,4.0,1.0,4.0,1.0,31.0,30000.0,4.0,2.0,2.0,2.0,2.0,2.0,0.0,2.0,4.0,6.0,2.0,1000000.0,500000.0,1.0,250000.0,110000.0,1.0,95212.7,134180.0,741.0
5,3.0,1.0,4.0,1.0,4.0,1.0,31.0,70000.0,3.0,2.0,2.0,2.0,2.0,2.0,100000.0,1.0,4.0,6.0,2.0,1000000.0,500000.0,1.0,150000.0,160000.0,2.0,95780.95,144421.0,743.0
5,1.0,1.0,3.0,2.0,4.0,2.0,31.0,68000.0,3.0,2.0,2.0,2.0,1.0,2.0,50000.0,1.0,4.0,3.0,2.0,500000.0,250000.0,1.0,100000.0,42500.0,1.0,78914.4,79151.0,752.0
5,5.0,1.0,4.0,2.0,4.0,2.0,31.0,57000.0,3.0,2.0,2.0,2.0,1.0,2.0,0.0,2.0,4.0,6.0,2.0,500000.0,300000.0,1.0,150000.0,53500.0,2.0,87085.2,94148.0,746.0
5,4.0,1.0,3.0,1.0,4.0,1.0,31.0,25000.0,3.0,2.0,2.0,2.0,2.0,2.0,0.0,2.0,4.0,6.0,2.0,1600000.0,800000.0,1.0,200000.0,120000.0,1.0,83388.4,188087.0,743.0
5,4.0,1.0,4.0,1.0,4.0,2.0,31.0,70000.0,4.0,2.0,2.0,1.0,1.0,2.0,150000.0,1.0,4.0,6.0,2.0,1600000.0,800000.0,1.0,200000.0,20000.0,1.0,97595.06,165415.0,743.0
5,7.0,1.0,4.0,2.0,4.0,2.0,31.0,110000.0,3.0,3.0,2.0,2.0,2.0,2.0,0.0,2.0,1.0,1.0,2.0,1000000.0,700000.0,1.0,500000.0,80000.0,3.0,98634.0,91289.0,750.0
5,5.0,1.0,4.0,1.0,4.0,1.0,31.0,82000.0,3.0,3.0,2.0,2.0,2.0,2.0,0.0,2.0,4.0,5.0,2.0,1000000.0,500000.0,1.0,100000.0,187000.0,2.0,142004.96,168405.0,748.0
5,6.0,1.0,6.0,1.0,4.0,1.0,31.0,300000.0,3.0,3.0,2.0,2.0,2.0,2.0,700000.0,1.0,4.0,4.0,2.0,3000000.0,1500000.0,1.0,400000.0,409000.0,5.0,113377.8,148561.0,748.0
5,2.0,1.0,4.0,2.0,4.0,2.0,31.0,40000.0,3.0,1.0,2.0,2.0,1.0,2.0,0.0,2.0,4.0,2.0,2.0,500000.0,250000.0,1.0,100000.0,55000.0,2.0,59955.5,65553.0,400755.0
5,3.0,1.0,5.0,1.0,4.0,2.0,31.0,100000.0,3.0,1.0,2.0,2.0,2.0,2.0,2514000.0,1.0,4.0,2.0,2.0,1000000.0,500000.0,1.0,300000.0,191000.0,2.0,82898.7,174614.0,4000751.0
5,2.0,1.0,3.0,2.0,4.0,1.0,31.0,7.0,3.0,3.0,2.0,2.0,2.0,2.0,7380000.0,1.0,4.0,4.0,2.0,500000.0,250000.0,1.0,100000.0,129000.0,2.0,59851.0,182221.0,751.0
5,5.0,1.0,5.0,2.0,4.0,2.0,31.0,125000.0,3.0,3.0,2.0,2.0,2.0,2.0,0.0,2.0,4.0,1.0,2.0,5000.0,2000.0,3.0,480250.0,130000.0,2.0,68028.2,77721.0,752.0
5,7.0,1.0,5.0,1.0,4.0,1.0,31.0,160000.0,3.0,3.0,2.0,2.0,2.0,2.0,0.0,2.0,4.0,3.0,2.0,500000.0,400000.0,1.0,200000.0,207000.0,4.0,149557.6,236211.0,747.0
5,10.0,1.0,3.0,2.0,2.0,1.0,31.0,220000.0,3.0,3.0,2.0,2.0,1.0,2.0,2594000.0,1.0,4.0,3.0,2.0,2000000.0,800000.0,1.0,400000.0,240000.0,2.0,180189.6,245740.0,749.0
5,2.0,1.0,2.0,2.0,4.0,2.0,31.0,40000.0,4.0,3.0,2.0,2.0,1.0,2.0,0.0,2.0,1.0,2.0,2.0,500000.0,400000.0,1.0,60000.0,77000.0,3.0,84260.68000000001,83090.0,752.0
5,2.0,1.0,3.0,2.0,4.0,2.0,31.0,100000.0,3.0,2.0,2.0,2.0,1.0,2.0,100000.0,1.0,4.0,6.0,2.0,1000000.0,500000.0,1.0,100000.0,100000.0,1.0,86749.15,112683.0,747.0
5,6.0,1.0,3.0,1.0,4.0,2.0,31.0,100000.0,4.0,3.0,2.0,2.0,2.0,2.0,120000.0,1.0,4.0,6.0,2.0,5000000.0,2000000.0,1.0,150000.0,201000.0,3.0,84527.7,239098.0,743.0
5,2.0,1.0,2.0,2.0,4.0,1.0,31.0,70000.0,4.0,3.0,2.0,2.0,1.0,2.0,0.0,2.0,4.0,6.0,2.0,400000.0,300000.0,1.0,100000.0,130000.0,2.0,106925.33,142357.0,749.0
5,1.0,1.0,4.0,2.0,4.0,2.0,31.0,50000.0,4.0,3.0,2.0,2.0,1.0,2.0,2000000.0,2.0,4.0,6.0,2.0,4000000.0,3000000.0,1.0,100000.0,280000.0,2.0,62926.11,228831.0,751.0
5,1.0,3.0,2.0,1.0,4.0,2.0,31.0,50000.0,4.0,3.0,2.0,2.0,2.0,2.0,30000.0,1.0,4.0,6.0,2.0,200000.0,120000.0,1.0,100000.0,80000.0,1.0,43183.4,87136.0,753.0
5,2.0,1.0,3.0,2.0,4.0,2.0,31.0,80000.0,3.0,2.0,2.0,2.0,2.0,2.0,100000.0,1.0,4.0,6.0,2.0,500000.0,400000.0,1.0,70000.0,80000.0,2.0,114126.86,463800.0,750.0
5,2.0,1.0,2.0,1.0,4.0,2.0,31.0,100000.0,3.0,2.0,2.0,2.0,2.0,2.0,0.0,2.0,4.0,6.0,2.0,1000000.0,800000.0,1.0,150000.0,210000.0,2.0,142270.53,167746.0,743.0
5,3.0,3.0,2.0,1.0,4.0,1.0,31.0,100000.0,4.0,3.0,2.0,2.0,2.0,2.0,0.0,2.0,4.0,6.0,2.0,1000000.0,800000.0,1.0,200000.0,360000.0,3.0,147178.1,404023.0,747.0
5,2.0,1.0,3.0,1.0,4.0,1.0,31.0,180000.0,3.0,1.0,2.0,2.0,2.0,2.0,0.0,2.0,4.0,6.0,2.0,0.0,0.0,1.0,250000.0,334000.0,2.0,103954.73,312472.0,963246.0
5,3.0,1.0,1.0,2.0,4.0,2.0,31.0,35000.0,5.0,3.0,2.0,2.0,1.0,2.0,0.0,2.0,1.0,6.0,2.0,0.0,0.0,1.0,85000.0,85500.0,4.0,77974.7,61593.0,753.0
5,5.0,1.0,3.0,1.0,4.0,2.0,31.0,75000.0,3.0,2.0,2.0,2.0,2.0,2.0,200000.0,1.0,4.0,6.0,2.0,0.0,2000000.0,1.0,118000.0,280000.0,3.0,133596.32,534295.0,745.0
5,5.0,1.0,3.0,2.0,4.0,2.0,31.0,120000.0,3.0,2.0,2.0,2.0,2.0,2.0,70000.0,1.0,4.0,4.0,2.0,25000.0,5000.0,1.0,181000.0,181000.0,3.0,160084.42,180589.0,750.0
5,2.0,1.0,2.0,2.0,4.0,2.0,31.0,150000.0,3.0,1.0,2.0,1.0,2.0,2.0,450000.0,1.0,4.0,6.0,2.0,0.0,0.0,1.0,250000.0,554000.0,4.0,152075.44,238989.0,900748.0
5,4.0,1.0,3.0,1.0,4.0,1.0,31.0,150000.0,3.0,2.0,2.0,2.0,2.0,2.0,1450000.0,1.0,4.0,4.0,2.0,0.0,4000.0,1.0,235000.0,235000.0,2.0,167769.44,536661.0,3600747.0
5,4.0,1.0,2.0,1.0,4.0,2.0,31.0,85000.0,2.0,1.0,2.0,2.0,1.0,2.0,0.0,2.0,4.0,4.0,2.0,0.0,4000.0,3.0,288150.0,230500.0,2.0,180924.21,516369.0,743.0
5,2.0,3.0,1.0,2.0,4.0,2.0,31.0,35000.0,4.0,3.0,2.0,2.0,2.0,2.0,30000.0,1.0,1.0,4.0,1.0,0.0,0.0,1.0,50000.0,109000.0,4.0,76995.66,74277.0,752.0
5,5.0,1.0,3.0,1.0,4.0,1.0,31.0,135000.0,3.0,2.0,2.0,2.0,2.0,2.0,0.0,2.0,4.0,5.0,2.0,0.0,0.0,1.0,180000.0,182000.0,2.0,153713.34,145950.0,743.0
5,7.0,1.0,3.0,1.0,4.0,2.0,31.0,140000.0,1.0,3.0,2.0,2.0,1.0,2.0,450000.0,1.0,4.0,6.0,2.0,0.0,0.0,1.0,150000.0,108200.0,3.0,186127.28,200958.0,900747.0
5,4.0,1.0,4.0,2.0,4.0,2.0,31.0,120000.0,3.0,2.0,2.0,2.0,2.0,2.0,0.0,2.0,4.0,6.0,2.0,0.0,0.0,1.0,150000.0,250000.0,1.0,169391.9,131332.0,750.0
5,5.0,1.0,4.0,1.0,4.0,1.0,31.0,160000.0,3.0,2.0,2.0,2.0,2.0,2.0,750000.0,1.0,4.0,6.0,2.0,0.0,0.0,1.0,200000.0,247000.0,2.0,195818.4,319566.0,741.0
5,3.0,1.0,4.0,1.0,4.0,2.0,31.0,120000.0,3.0,3.0,2.0,2.0,1.0,2.0,0.0,2.0,4.0,6.0,2.0,0.0,0.0,1.0,150000.0,500.0,1.0,92179.95,117973.0,746.0
5,2.0,1.0,2.0,2.0,4.0,2.0,31.0,80000.0,3.0,2.0,2.0,2.0,2.0,2.0,0.0,2.0,4.0,6.0,2.0,0.0,0.0,1.0,100000.0,89700.0,2.0,111607.05,131387.0,751.0
5,5.0,1.0,4.0,2.0,4.0,1.0,31.0,120000.0,3.0,3.0,2.0,1.0,2.0,2.0,450000.0,1.0,4.0,6.0,2.0,0.0,5000.0,1.0,200000.0,190000.0,2.0,102596.14,170045.0,900747.0
5,1.0,1.0,2.0,2.0,4.0,2.0,31.0,60000.0,3.0,3.0,2.0,2.0,1.0,2.0,0.0,2.0,1.0,6.0,2.0,0.0,0.0,1.0,50000.0,64000.0,2.0,92015.3,110760.0,753.0
5,5.0,1.0,4.0,1.0,4.0,1.0,31.0,140000.0,3.0,2.0,2.0,2.0,2.0,2.0,0.0,2.0,4.0,6.0,2.0,0.0,0.0,1.0,150000.0,120000.0,2.0,121120.1,198876.0,743.0
5,1.0,1.0,2.0,2.0,4.0,2.0,31.0,42000.0,3.0,3.0,2.0,1.0,1.0,2.0,0.0,2.0,1.0,6.0,2.0,0.0,0.0,1.0,50000.0,54000.0,2.0,72133.3,80794.0,755.0
5,6.0,1.0,6.0,2.0,4.0,1.0,31.0,150000.0,3.0,3.0,2.0,2.0,2.0,2.0,7350000.0,1.0,4.0,3.0,2.0,5000000.0,4000000.0,1.0,3000000.0,234000.0,3.0,141111.8,68346.0,749.0
5,2.0,1.0,3.0,2.0,4.0,2.0,31.0,90000.0,3.0,3.0,2.0,2.0,2.0,2.0,0.0,2.0,4.0,6.0,2.0,2000.0,1500.0,3.0,480250.0,55000.0,2.0,103599.88,80051.0,752.0
5,7.0,1.0,5.0,1.0,4.0,1.0,31.0,120000.0,3.0,3.0,2.0,2.0,2.0,2.0,1200000.0,1.0,4.0,6.0,2.0,0.0,0.0,1.4444444444444444,321401.3333333333,200000.0,1.0,132050.7,129121.0,751.0
5,2.0,1.0,4.0,1.0,4.0,1.0,31.0,120000.0,3.0,3.0,2.0,2.0,1.0,2.0,80000.0,1.0,4.0,6.0,2.0,0.0,0.0,1.0,161111.11111111112,156000.0,3.0,102877.1,90402.0,748.0
5,8.0,1.0,4.0,2.0,4.0,1.0,31.0,150000.0,3.0,3.0,2.0,2.0,1.0,2.0,200000.0,1.0,4.0,6.0,2.0,0.0,0.0,1.4444444444444444,406453.3333333333,450000.0,3.0,134113.2,82632.0,751.0
5,6.0,1.0,4.0,1.0,4.0,2.0,31.0,180000.0,3.0,3.0,2.0,2.0,2.0,2.0,200000.0,1.0,4.0,6.0,2.0,5000.0,4000.0,3.0,1440750.0,300000.0,2.0,155069.05,99047.0,749.0
5,6.0,1.0,4.0,1.0,4.0,1.0,31.0,140000.0,3.0,3.0,2.0,2.0,1.0,2.0,0.0,2.0,4.0,6.0,2.0,4000.0,3500.0,3.0,1440750.0,280000.0,2.0,130791.45,103311.0,748.0
5,4.0,1.0,4.0,2.0,4.0,1.0,31.0,130000.0,2.0,3.0,2.0,2.0,2.0,2.0,0.0,2.0,4.0,6.0,2.0,0.0,0.0,1.2222222222222223,394527.77777777775,316000.0,3.0,140645.55,83907.0,749.0
5,4.0,1.0,4.0,1.0,4.0,1.0,31.0,120000.0,3.0,3.0,2.0,2.0,2.0,2.0,100000.0,1.0,4.0,2.0,2.0,0.0,0.0,1.2222222222222223,212588.33333333337,180000.0,2.0,95821.2,96892.0,746.0
5,4.0,1.0,4.0,1.0,4.0,1.0,31.0,87000.0,3.0,3.0,2.0,2.0,1.0,2.0,50000.0,1.0,4.0,6.0,2.0,2500000.0,2000000.0,1.0,1500000.0,47200.0,2.0,91548.48,217047.0,745.0
5,4.0,1.0,5.0,1.0,4.0,1.0,31.0,96000.0,3.0,3.0,2.0,2.0,2.0,2.0,80000.0,1.0,4.0,4.0,2.0,1500000.0,1200000.0,1.0,850000.0,159600.0,3.0,79194.0,391165.0,747.0
5,3.0,1.0,4.0,2.0,4.0,1.0,31.0,80000.0,3.0,3.0,2.0,2.0,1.0,2.0,0.0,2.0,4.0,5.0,2.0,1800000.0,1000000.0,1.0,800000.0,94650.0,3.0,99971.12,293552.0,750.0
5,4.0,1.0,5.0,2.0,4.0,1.0,31.0,100000.0,3.0,3.0,2.0,2.0,2.0,2.0,0.0,2.0,4.0,6.0,2.0,2000000.0,1500000.0,1.0,1200000.0,180000.0,3.0,86287.75,365589.0,748.0
5,3.0,1.0,5.0,1.0,4.0,1.0,31.0,107000.0,3.0,2.0,2.0,2.0,2.0,2.0,75000.0,1.0,4.0,6.0,2.0,3000000.0,2000000.0,1.0,1500000.0,180000.0,2.0,82572.53,375954.0,20748.0
5,5.0,1.0,5.0,1.0,4.0,1.0,31.0,95000.0,3.0,3.0,2.0,1.0,2.0,2.0,180000.0,1.0,4.0,6.0,2.0,10000.0,8000.0,3.0,2401250.0,230000.0,2.0,95586.45,397198.0,744.0
5,5.0,1.0,5.0,1.0,4.0,1.0,31.0,100000.0,3.0,3.0,2.0,2.0,2.0,2.0,200000.0,1.0,4.0,6.0,2.0,2500000.0,1800000.0,1.0,1000000.0,325000.0,3.0,86818.65,365997.0,747.0
5,3.0,1.0,4.0,2.0,4.0,1.0,31.0,95000.0,3.0,3.0,2.0,2.0,2.0,2.0,50000.0,1.0,4.0,4.0,2.0,1000000.0,800000.0,1.0,500000.0,270000.0,3.0,89685.7,340073.0,749.0
5,3.0,1.0,4.0,2.0,4.0,1.0,31.0,108000.0,3.0,3.0,2.0,2.0,2.0,2.0,220000.0,1.0,4.0,6.0,2.0,2000000.0,1800000.0,1.0,1500000.0,172500.0,3.0,80229.18,241660.0,749.0
5,2.0,5.0,1.0,2.0,4.0,1.0,31.0,112444.44444444444,3.0,3.0,2.0,2.0,1.0,2.0,0.0,2.0,4.0,6.0,2.0,0.0,0.0,1.0,300000.0,150000.0,1.0,71184.8,158757.0,751.0
5,6.0,1.0,3.0,1.0,4.0,2.0,31.0,40000.0,3.0,3.0,2.0,2.0,2.0,2.0,0.0,2.0,4.0,3.0,2.0,0.0,200000.0,1.0,123333.33333333331,200000.0,2.0,141025.5,272078.0,50750.0
5,3.0,1.0,2.0,2.0,4.0,1.0,31.0,100000.0,3.0,2.0,2.0,2.0,2.0,2.0,0.0,2.0,4.0,6.0,2.0,0.0,0.0,1.0,196688.88888888888,232000.0,3.0,63597.0,167388.0,750.0
5,5.0,1.0,3.0,1.0,4.0,1.0,31.0,180000.0,2.0,2.0,2.0,2.0,2.0,2.0,4000000.0,1.0,4.0,6.0,2.0,0.0,1200000.0,1.0,325555.55555555556,985000.0,3.0,212519.25,606224.0,746.0
5,6.0,1.0,3.0,1.0,4.0,2.0,31.0,120000.0,3.0,2.0,2.0,2.0,2.0,2.0,0.0,2.0,4.0,6.0,2.0,0.0,0.0,1.0,264444.44444444444,170000.0,2.0,102082.7,209023.0,748.0
5,1.0,1.0,2.0,2.0,4.0,2.0,31.0,37334.11111111111,4.0,3.0,2.0,2.0,2.0,2.0,0.0,2.0,4.0,6.0,2.0,0.0,0.0,1.0,63888.88888888889,42500.0,1.0,43855.7,17620.0,754.0
5,9.0,1.0,3.0,1.0,4.0,2.0,31.0,160000.0,3.0,2.0,2.0,2.0,2.0,2.0,110000.0,1.0,4.0,6.0,2.0,0.0,0.0,1.4444444444444444,293835.55555555556,187000.0,3.0,94761.7,219774.0,748.0
5,1.0,1.0,3.0,2.0,4.0,2.0,31.0,25000.0,3.0,3.0,2.0,2.0,2.0,2.0,0.0,2.0,4.0,6.0,2.0,0.0,0.0,1.0,100000.0,50000.0,1.0,40000.8,32257.0,751.0
5,3.0,1.0,2.0,1.0,4.0,1.0,31.0,130000.0,2.0,2.0,2.0,2.0,2.0,2.0,0.0,2.0,4.0,6.0,2.0,0.0,0.0,1.2222222222222223,271261.77777777775,775000.0,4.0,89144.2,189650.0,749.0
5,1.0,1.0,2.0,2.0,4.0,2.0,31.0,30000.0,3.0,3.0,2.0,2.0,2.0,2.0,0.0,2.0,4.0,6.0,2.0,0.0,200000.0,1.0,100000.0,35000.0,1.0,67325.55,33716.0,754.0
5,6.0,1.0,4.0,1.0,4.0,1.0,31.0,25000.0,2.0,2.0,2.0,2.0,1.0,2.0,0.0,2.0,4.0,5.0,2.0,0.0,800000.0,1.0,400000.0,360500.0,4.0,267520.1,471925.0,740.0
5,2.0,3.0,2.0,1.0,4.0,2.0,31.0,30000.0,3.0,2.0,2.0,2.0,1.0,2.0,0.0,2.0,4.0,6.0,2.0,0.0,200000.0,1.0,150000.0,5000.0,1.0,115691.8,189059.0,748.0
5,4.0,3.0,3.0,1.0,4.0,1.0,31.0,128333.33333333331,3.0,3.0,2.0,2.0,1.0,2.0,0.0,2.0,4.0,5.0,2.0,0.0,400000.0,1.0,200000.0,90200.0,2.0,158823.75,163687.0,747.0
5,1.0,1.0,1.0,2.0,4.0,2.0,31.0,30000.0,3.0,3.0,2.0,2.0,1.0,2.0,30000.0,1.0,4.0,6.0,2.0,0.0,200000.0,1.0,100000.0,34000.0,1.0,63273.05,129920.0,754.0
5,3.0,1.0,3.0,1.0,4.0,1.0,31.0,200000.0,2.0,2.0,2.0,2.0,2.0,2.0,0.0,2.0,4.0,5.0,2.0,0.0,600000.0,1.0,300000.0,185000.0,2.0,168901.95,134653.0,745.0
5,3.0,3.0,2.0,1.0,4.0,1.0,31.0,100000.0,2.0,2.0,2.0,2.0,1.0,2.0,0.0,2.0,4.0,6.0,2.0,0.0,600000.0,1.0,300000.0,200200.0,2.0,165509.9,173203.0,744.0
5,3.0,1.0,1.0,2.0,4.0,2.0,31.0,30000.0,4.0,3.0,2.0,2.0,2.0,2.0,400000.0,1.0,4.0,6.0,2.0,0.0,600000.0,1.0,300000.0,60000.0,2.0,77926.55,35384.0,755.0
5,1.0,1.0,2.0,1.0,4.0,2.0,31.0,30000.0,2.0,2.0,2.0,2.0,2.0,2.0,0.0,2.0,4.0,6.0,2.0,0.0,200000.0,1.0,100000.0,35000.0,1.0,77459.05,40419.0,750.0
5,4.0,1.0,3.0,1.0,4.0,1.0,31.0,7.0,5.0,3.0,2.0,2.0,2.0,2.0,0.0,2.0,4.0,1.0,2.0,1200000.0,800000.0,1.0,300000.0,200000.0,3.0,20572.6,164538.0,744.0
5,4.0,1.0,2.0,2.0,4.0,2.0,31.0,7.0,4.0,3.0,2.0,2.0,1.0,2.0,0.0,2.0,1.0,1.0,2.0,1000000.0,600000.0,1.0,260000.0,99000.0,2.0,19071.5,84573.0,752.0
5,4.0,1.0,3.0,2.0,4.0,2.0,31.0,7.0,4.0,3.0,2.0,1.0,2.0,2.0,0.0,2.0,4.0,1.0,2.0,1000000.0,600000.0,1.0,200000.0,80000.0,1.0,29386.2,47742.0,754.0
5,3.0,1.0,3.0,2.0,4.0,2.0,31.0,7.0,4.0,3.0,2.0,1.0,2.0,2.0,0.0,2.0,4.0,1.0,2.0,1000000.0,800000.0,1.0,300000.0,150000.0,1.0,26929.5,24860.0,752.0
5,2.0,1.0,2.0,2.0,4.0,2.0,31.0,7.0,4.0,3.0,2.0,2.0,2.0,2.0,0.0,2.0,4.0,1.0,2.0,1000000.0,500000.0,1.0,300000.0,452000.0,3.0,12016.5,89083.0,752.0
5,4.0,1.0,2.0,2.0,4.0,2.0,31.0,7.0,4.0,3.0,2.0,2.0,2.0,2.0,0.0,2.0,1.0,1.0,2.0,1000000.0,700000.0,1.0,200000.0,99000.0,2.0,34823.1,16217.0,753.0
5,5.0,1.0,3.0,2.0,4.0,2.0,31.0,7.0,4.0,2.0,2.0,2.0,2.0,2.0,0.0,2.0,1.0,1.0,2.0,1000000.0,600000.0,1.0,300000.0,146000.0,3.0,28866.0,62526.0,751.0
5,1.0,1.0,2.0,2.0,4.0,2.0,31.0,7.0,5.0,3.0,2.0,2.0,2.0,2.0,0.0,2.0,4.0,1.0,2.0,600000.0,400000.0,1.0,100000.0,140000.0,2.0,22979.5,8217.0,757.0
5,1.0,1.0,2.0,2.0,4.0,2.0,31.0,7.0,5.0,3.0,2.0,2.0,1.0,2.0,0.0,2.0,4.0,1.0,2.0,0.0,0.0,1.0,92777.77777777778,42000.0,1.0,62655.6,13005.0,759.0
5,2.0,1.0,3.0,2.0,4.0,2.0,31.0,65000.0,3.0,2.0,2.0,2.0,1.0,2.0,0.0,2.0,1.0,4.0,2.0,2000000.0,450000.0,1.0,80000.0,85500.0,3.0,39662.8,55477.0,747.0
5,2.0,1.0,5.0,1.0,4.0,2.0,31.0,100000.0,2.0,2.0,2.0,2.0,1.0,2.0,0.0,2.0,4.0,4.0,2.0,3000000.0,2000000.0,1.0,180000.0,120000.0,1.0,55743.1,138461.0,745.0
5,3.0,1.0,3.0,1.0,4.0,2.0,31.0,100000.0,3.0,2.0,2.0,2.0,1.0,2.0,60000.0,1.0,4.0,6.0,2.0,3000000.0,2000000.0,1.0,200000.0,120000.0,1.0,38320.6,101057.0,743.0
5,2.0,1.0,4.0,2.0,4.0,2.0,31.0,75000.0,3.0,2.0,2.0,2.0,1.0,2.0,0.0,2.0,4.0,4.0,2.0,2000000.0,1500000.0,1.0,260000.0,53700.0,3.0,42337.7,96336.0,746.0
5,3.0,1.0,3.0,1.0,4.0,1.0,31.0,50000.0,4.0,3.0,2.0,2.0,2.0,2.0,0.0,2.0,4.0,4.0,2.0,4000000.0,1000000.0,1.0,300000.0,225000.0,2.0,40554.0,111614.0,740.0
5,1.0,1.0,2.0,2.0,4.0,2.0,31.0,80000.0,2.0,2.0,2.0,2.0,1.0,2.0,0.0,2.0,4.0,6.0,2.0,1500000.0,400000.0,1.0,100000.0,43100.0,2.0,59963.9,59381.0,752.0
5,2.0,1.0,3.0,1.0,4.0,2.0,31.0,100000.0,4.0,3.0,2.0,2.0,1.0,2.0,0.0,2.0,4.0,4.0,2.0,3000000.0,2000000.0,1.0,260000.0,237000.0,3.0,31666.2,113863.0,748.0
5,2.0,1.0,5.0,2.0,4.0,2.0,31.0,65000.0,3.0,2.0,2.0,2.0,1.0,2.0,0.0,2.0,4.0,4.0,2.0,2500000.0,1500000.0,1.0,200000.0,120000.0,2.0,34869.2,98457.0,748.0
5,2.0,1.0,2.0,2.0,4.0,2.0,31.0,120000.0,3.0,2.0,2.0,2.0,1.0,2.0,0.0,2.0,4.0,4.0,2.0,2500000.0,450000.0,1.0,100000.0,92200.0,3.0,30563.3,68552.0,748.0
5,4.0,1.0,4.0,1.0,2.0,2.0,31.0,90000.0,3.0,2.0,2.0,2.0,1.0,2.0,0.0,2.0,4.0,5.0,2.0,2200000.0,800000.0,1.0,200000.0,90000.0,1.0,89559.7,123488.0,744.0
5,6.0,1.0,6.0,2.0,4.0,2.0,31.0,150000.0,3.0,3.0,2.0,2.0,2.0,2.0,0.0,2.0,1.0,6.0,2.0,1700000.0,1200000.0,1.0,450000.0,232000.0,5.0,85739.25,31226.0,748.0
5,5.0,1.0,6.0,1.0,4.0,2.0,31.0,190000.0,3.0,2.0,2.0,2.0,2.0,2.0,0.0,2.0,4.0,6.0,2.0,1200000.0,600000.0,1.0,100000.0,150000.0,1.0,94185.5,198777.0,134744.0
5,1.0,1.0,1.0,2.0,4.0,2.0,31.0,75000.0,3.0,3.0,2.0,2.0,2.0,2.0,160000.0,1.0,4.0,4.0,2.0,1200000.0,600000.0,1.0,150000.0,50000.0,1.0,58444.3,46409.0,752.0
5,4.0,1.0,3.0,1.0,4.0,2.0,31.0,190000.0,3.0,2.0,2.0,2.0,2.0,2.0,0.0,2.0,4.0,6.0,2.0,900000.0,300000.0,1.0,200000.0,240000.0,2.0,79522.5,106756.0,742.0
5,1.0,1.0,4.0,2.0,4.0,2.0,31.0,100000.0,2.0,2.0,2.0,2.0,1.0,2.0,0.0,2.0,4.0,6.0,2.0,2000000.0,1600000.0,1.0,80000.0,115000.0,2.0,40656.0,68416.0,747.0
5,4.0,1.0,2.0,1.0,4.0,2.0,31.0,120000.0,3.0,3.0,2.0,2.0,2.0,2.0,0.0,2.0,4.0,6.0,2.0,2000000.0,180000.0,1.0,100000.0,160000.0,1.0,75820.3,95752.0,742.0
5,3.0,1.0,6.0,1.0,4.0,2.0,31.0,120000.0,1.0,1.0,2.0,2.0,1.0,2.0,0.0,2.0,4.0,6.0,2.0,1600000.0,800000.0,1.0,120000.0,76000.0,2.0,84636.5,63225.0,743.0
5,6.0,1.0,3.0,1.0,4.0,2.0,31.0,130000.0,3.0,3.0,2.0,2.0,2.0,2.0,0.0,2.0,4.0,6.0,2.0,1200000.0,600000.0,1.0,200000.0,180000.0,2.0,119273.5,121623.0,742.0
5,1.0,1.0,2.0,2.0,4.0,2.0,30.0,25000.0,3.0,2.0,2.0,2.0,1.0,2.0,0.0,1.0,4.0,4.0,2.0,250000.0,150000.0,1.0,60000.0,38000.0,1.0,85654.5,81068.0,749.0
5,1.0,1.0,3.0,2.0,4.0,2.0,30.0,40000.0,4.0,2.0,2.0,2.0,1.0,2.0,20000.0,1.0,4.0,3.0,2.0,200000.0,150000.0,1.0,60000.0,39000.0,1.0,85114.35,93805.0,751.0
5,2.0,1.0,3.0,1.0,4.0,2.0,30.0,45000.0,3.0,2.0,2.0,2.0,2.0,2.0,340000.0,1.0,4.0,5.0,2.0,500000.0,300000.0,1.0,150000.0,97000.0,2.0,115213.55,127597.0,600748.0
5,1.0,1.0,2.0,2.0,4.0,2.0,30.0,56000.0,3.0,2.0,2.0,2.0,1.0,2.0,0.0,2.0,1.0,3.0,2.0,250000.0,150000.0,1.0,60000.0,54000.0,2.0,90623.95,63934.0,751.0
5,1.0,1.0,3.0,2.0,4.0,2.0,30.0,20000.0,4.0,3.0,2.0,2.0,1.0,2.0,50000.0,1.0,4.0,5.0,2.0,300000.0,200000.0,1.0,80000.0,20000.0,1.0,63685.15,20799.0,753.0
5,3.0,1.0,2.0,1.0,4.0,2.0,30.0,60000.0,3.0,2.0,2.0,2.0,2.0,2.0,500000.0,1.0,4.0,5.0,2.0,1000000.0,600000.0,1.0,300000.0,221000.0,3.0,117260.22,182392.0,800750.0
5,1.0,1.0,3.0,2.0,4.0,2.0,30.0,45000.0,3.0,2.0,2.0,2.0,1.0,2.0,0.0,2.0,4.0,5.0,2.0,250000.0,150000.0,1.0,60000.0,37100.0,2.0,84752.75,108211.0,751.0
5,2.0,1.0,3.0,2.0,4.0,2.0,30.0,55000.0,4.0,3.0,2.0,2.0,1.0,2.0,400000.0,1.0,4.0,5.0,2.0,600000.0,400000.0,1.0,120000.0,68000.0,2.0,87893.85,96026.0,800758.0
5,2.0,1.0,3.0,2.0,4.0,2.0,30.0,48000.0,4.0,2.0,2.0,2.0,1.0,2.0,60000.0,1.0,4.0,4.0,2.0,800000.0,400000.0,1.0,150000.0,100000.0,1.0,129894.2,85653.0,750.0
5,1.0,1.0,3.0,2.0,2.0,2.0,31.0,59111.88888888889,3.0,3.0,2.0,1.0,1.0,2.0,0.0,2.0,4.0,6.0,2.0,0.0,100000.0,1.0,30000.0,50000.0,1.0,50168.3,55830.0,754.0
5,2.0,1.0,2.0,2.0,4.0,2.0,31.0,120000.0,4.0,2.0,2.0,1.0,1.0,2.0,30000.0,1.0,4.0,1.0,2.0,0.0,400000.0,1.0,100000.0,100000.0,2.0,120314.3,155884.0,749.0
5,5.0,1.0,3.0,1.0,4.0,2.0,31.0,120000.0,3.0,2.0,2.0,1.0,1.0,2.0,0.0,1.0,4.0,2.0,2.0,1000000.0,600000.0,1.0,200000.0,220000.0,3.0,118485.5,210618.0,746.0
5,1.0,1.0,3.0,2.0,4.0,2.0,31.0,16000.0,4.0,2.0,2.0,1.0,1.0,2.0,0.0,2.0,4.0,6.0,2.0,0.0,0.0,1.0,40000.0,40000.0,1.0,41425.45,5817.0,753.0
5,1.0,1.0,2.0,2.0,4.0,2.0,31.0,45000.77777777778,3.0,3.0,2.0,1.0,1.0,2.0,0.0,2.0,4.0,6.0,2.0,0.0,0.0,1.0,35000.0,35000.0,1.0,48587.5,34959.0,751.0
5,2.0,5.0,2.0,2.0,4.0,2.0,31.0,50000.0,5.0,3.0,2.0,2.0,1.0,2.0,40000.0,1.0,4.0,6.0,2.0,0.0,0.0,1.0,30000.0,25000.0,3.0,52114.0,27940.0,754.0
5,4.0,1.0,3.0,2.0,4.0,2.0,31.0,90000.0,4.0,2.0,2.0,1.0,1.0,2.0,100000.0,1.0,1.0,1.0,2.0,0.0,0.0,1.0,100000.0,87000.0,2.0,91758.8,113102.0,754.0
5,2.0,1.0,3.0,2.0,4.0,2.0,31.0,100000.0,3.0,2.0,2.0,1.0,1.0,2.0,0.0,2.0,3.0,6.0,2.0,0.0,400000.0,1.0,80000.0,79900.0,3.0,107266.0,124842.0,749.0
5,1.0,1.0,4.0,2.0,4.0,2.0,31.0,60000.0,4.0,2.0,2.0,1.0,1.0,2.0,0.0,2.0,4.0,1.0,2.0,0.0,150000.0,1.0,43000.0,43000.0,1.0,73316.6,55056.0,750.0
5,6.0,1.0,4.0,1.0,4.0,2.0,30.0,160000.0,3.0,3.0,2.0,2.0,2.0,2.0,60000.0,1.0,4.0,2.0,2.0,0.0,300000.0,1.0,150000.0,266000.0,3.0,216262.61,229433.0,748.0
5,6.0,1.0,3.0,1.0,4.0,1.0,30.0,200000.0,2.0,3.0,2.0,2.0,1.0,2.0,0.0,2.0,4.0,3.0,2.0,10000.0,300000.0,1.0,150000.0,200000.0,3.0,222140.05,259461.0,241374.0
5,1.0,1.0,1.0,2.0,4.0,2.0,30.0,30000.0,2.0,2.0,2.0,1.0,2.0,2.0,0.0,2.0,4.0,3.0,2.0,0.0,150000.0,1.0,80000.0,40000.0,1.0,58321.8,39270.0,752.0
5,3.0,1.0,3.0,2.0,4.0,2.0,30.0,75000.0,2.0,3.0,2.0,2.0,2.0,2.0,400000.0,2.0,4.0,6.0,2.0,0.0,250000.0,1.0,100000.0,152000.0,2.0,67036.8,119724.0,748.0
5,2.0,1.0,4.0,2.0,4.0,2.0,30.0,125000.0,3.0,3.0,2.0,2.0,2.0,2.0,30000.0,1.0,4.0,6.0,2.0,0.0,200000.0,1.0,100000.0,30000.0,1.0,46622.35,121393.0,750.0
5,4.0,3.0,2.0,2.0,4.0,2.0,30.0,80000.0,3.0,3.0,2.0,2.0,2.0,2.0,25000.0,1.0,1.0,6.0,2.0,300000.0,250000.0,1.0,100000.0,47000.0,2.0,113455.85,113968.0,752.0
5,1.0,1.0,2.0,2.0,4.0,2.0,30.0,40000.0,2.0,3.0,2.0,2.0,2.0,2.0,0.0,2.0,4.0,5.0,2.0,200000.0,100000.0,1.0,60000.0,60000.0,1.0,47888.1,86434.0,752.0
5,4.0,1.0,2.0,1.0,4.0,2.0,30.0,200000.0,2.0,1.0,2.0,2.0,1.0,2.0,0.0,2.0,4.0,2.0,2.0,1000000.0,300000.0,1.0,100000.0,100000.0,1.0,142032.34,384616.0,747.0
5,3.0,1.0,2.0,1.0,4.0,1.0,30.0,60000.0,3.0,3.0,2.0,1.0,2.0,2.0,0.0,2.0,4.0,4.0,2.0,500000.0,300000.0,1.0,150000.0,201000.0,2.0,134495.4,231892.0,749.0
5,3.0,3.0,2.0,2.0,4.0,2.0,30.0,90000.0,3.0,3.0,2.0,2.0,2.0,2.0,100000.0,2.0,4.0,6.0,2.0,0.0,0.0,1.0,100000.0,60000.0,1.0,91504.92,216224.0,752.0
5,3.0,1.0,1.0,1.0,4.0,2.0,30.0,120000.0,3.0,2.0,2.0,2.0,1.0,2.0,0.0,2.0,4.0,2.0,2.0,0.0,500000.0,1.0,300000.0,190000.0,2.0,145274.06,465220.0,743.0
5,1.0,1.0,3.0,1.0,4.0,2.0,30.0,90000.0,3.0,3.0,2.0,2.0,1.0,2.0,0.0,2.0,4.0,6.0,2.0,0.0,500000.0,1.0,100000.0,278000.0,3.0,57655.24,1088588.0,747.0
5,1.0,1.0,3.0,2.0,4.0,2.0,30.0,90000.0,3.0,3.0,2.0,2.0,2.0,2.0,0.0,2.0,4.0,6.0,2.0,0.0,0.0,1.0,100000.0,82000.0,1.0,77359.93,90325.0,752.0
5,1.0,1.0,3.0,2.0,4.0,2.0,30.0,60000.0,3.0,3.0,2.0,2.0,2.0,2.0,0.0,2.0,4.0,6.0,2.0,0.0,200000.0,1.0,70000.0,77000.0,2.0,84626.375,63717.0,750.0
5,4.0,1.0,3.0,1.0,1.0,2.0,30.0,108000.0,3.0,3.0,2.0,1.0,2.0,2.0,100000.0,1.0,4.0,3.0,2.0,0.0,200000.0,1.0,60000.0,112000.0,2.0,97599.46,107254.0,400745.0
5,3.0,1.0,2.0,1.0,4.0,2.0,30.0,120000.0,3.0,3.0,2.0,2.0,1.0,2.0,200000.0,1.0,4.0,6.0,2.0,0.0,400000.0,1.0,150000.0,3000.0,1.0,143589.56,194361.0,743.0
5,3.0,1.0,3.0,1.0,4.0,2.0,30.0,90000.0,3.0,3.0,2.0,2.0,1.0,2.0,0.0,2.0,4.0,3.0,2.0,0.0,500000.0,1.0,200000.0,45000.0,1.0,119771.94,135480.0,744.0
5,4.0,3.0,2.0,2.0,4.0,2.0,30.0,120000.0,3.0,3.0,2.0,2.0,2.0,2.0,650000.0,1.0,4.0,6.0,2.0,0.0,300000.0,1.0,150000.0,86000.0,3.0,167525.73,225408.0,750.0
5,4.0,1.0,3.0,1.0,4.0,2.0,30.11111111111111,120000.0,2.0,2.0,2.0,2.0,1.0,2.0,100000.0,1.0,4.0,6.0,2.0,5000.0,3000.0,1.0,120000.0,140000.0,2.0,154470.16,329530.0,742.0
5,5.0,1.0,5.0,1.0,4.0,2.0,30.333333333333332,100000.0,2.0,2.0,2.0,2.0,1.0,2.0,0.0,1.0,4.0,5.0,2.0,10000.0,5000.0,1.0,100000.0,75000.0,2.0,193956.66,90158.0,743.0
5,1.0,1.0,3.0,2.0,4.0,2.0,29.444444444444443,75000.0,2.0,2.0,2.0,2.0,1.0,2.0,0.0,2.0,4.0,6.0,2.0,0.0,150000.0,1.0,32000.0,32000.0,1.0,60221.0,79075.0,750.0
5,7.0,5.0,3.0,2.0,4.0,2.0,30.77777777777778,80000.0,3.0,3.0,2.0,2.0,1.0,2.0,30000.0,1.0,1.0,6.0,2.0,0.0,5000.0,1.0,130000.0,436000.0,4.0,69254.6,89270.0,746.0
5,3.0,1.0,3.0,2.0,4.0,2.0,30.77777777777778,90000.0,3.0,3.0,2.0,2.0,1.0,2.0,0.0,2.0,4.0,6.0,2.0,6000.0,3000.0,1.0,100000.0,168000.0,4.0,63403.0,65322.0,748.0
5,3.0,1.0,3.0,2.0,4.0,2.0,30.11111111111111,7.0,4.0,3.0,2.0,2.0,2.0,2.0,50000.0,1.0,4.0,6.0,2.0,0.0,200000.0,1.0,50000.0,87000.0,2.0,69919.95,88074.0,751.0
5,5.0,1.0,5.0,1.0,4.0,2.0,30.444444444444443,120000.0,2.0,2.0,2.0,2.0,2.0,2.0,30000.0,1.0,4.0,6.0,2.0,6000.0,3000.0,1.0,40000.0,40000.0,1.0,135632.65,136377.5,746.0
5,7.0,1.0,5.0,1.0,4.0,2.0,30.666666666666668,120000.0,2.0,2.0,2.0,2.0,2.0,2.0,100000.0,1.0,4.0,5.0,2.0,5000.0,3000.0,1.0,150000.0,130000.0,2.0,124916.6,157940.5,744.0
5,6.0,1.0,4.0,2.0,4.0,2.0,30.11111111111111,120000.0,3.0,3.0,2.0,2.0,2.0,2.0,60000.0,1.0,4.0,6.0,2.0,6000.0,3000.0,1.0,100000.0,105000.0,2.0,156626.58,95046.0,747.0
5,4.0,1.0,3.0,1.0,4.0,2.0,31.0,250000.0,3.0,1.0,2.0,2.0,1.0,2.0,3000000.0,1.0,4.0,6.0,2.0,0.0,500000.0,1.2222222222222223,360932.22222222225,15000.0,1.0,156961.5,174317.0,2000747.0
5,2.0,1.0,3.0,2.0,4.0,2.0,31.0,220000.0,3.0,2.0,2.0,2.0,1.0,2.0,400000.0,1.0,4.0,5.0,2.0,0.0,300000.0,1.0,152222.22222222222,10000.0,1.0,126444.15,215202.0,747.0
5,5.0,1.0,2.0,2.0,4.0,2.0,31.0,180000.0,3.0,3.0,2.0,2.0,1.0,2.0,800000.0,1.0,1.0,6.0,2.0,0.0,500000.0,1.0,309444.44444444444,109000.0,3.0,106583.6,2144609.0,747.0
5,4.0,3.0,3.0,1.0,2.0,1.0,31.0,150000.0,4.0,3.0,2.0,2.0,2.0,2.0,0.0,2.0,4.0,4.0,2.0,5000.0,400000.0,1.0,170000.0,120000.0,1.0,69348.3,312231.0,744.0
5,5.0,1.0,4.0,2.0,2.0,2.0,31.0,200000.0,3.0,3.0,2.0,2.0,2.0,2.0,0.0,2.0,4.0,4.0,2.0,0.0,300000.0,1.0,127777.77777777778,134000.0,3.0,71281.65,79616.0,749.0
5,7.0,1.0,3.0,1.0,4.0,1.0,31.0,300000.0,3.0,3.0,2.0,2.0,1.0,2.0,0.0,2.0,4.0,6.0,2.0,0.0,500000.0,1.0,225555.55555555556,65000.0,3.0,149712.2,248733.0,741.0
5,5.0,3.0,3.0,2.0,4.0,2.0,31.0,150000.0,3.0,3.0,2.0,2.0,1.0,2.0,200000.0,1.0,4.0,6.0,2.0,0.0,500000.0,1.0,225888.88888888888,144000.0,4.0,108263.65,161222.0,747.0
5,7.0,1.0,3.0,1.0,4.0,2.0,31.0,250000.0,3.0,3.0,2.0,2.0,1.0,2.0,0.0,2.0,4.0,5.0,2.0,0.0,700000.0,1.0,257777.77777777775,203000.0,5.0,162067.45,186314.0,743.0
5,3.0,1.0,1.0,2.0,4.0,2.0,31.0,60000.0,3.0,3.0,2.0,2.0,1.0,2.0,200000.0,1.0,1.0,6.0,2.0,0.0,200000.0,1.0,78888.88888888889,71000.0,2.0,62675.7,57440.0,749.0
5,4.0,3.0,3.0,1.0,4.0,2.0,31.0,120000.0,3.0,2.0,2.0,2.0,2.0,2.0,0.0,2.0,4.0,6.0,2.0,0.0,0.0,1.0,250000.0,210000.0,4.0,155862.6,178812.5,750.0
5,2.0,1.0,1.0,2.0,4.0,2.0,31.0,90000.0,4.0,2.0,2.0,2.0,2.0,2.0,672000.0,1.0,4.0,6.0,2.0,0.0,0.0,1.0,150000.0,80000.0,1.0,143376.55,129508.0,750.0
5,4.0,1.0,4.0,1.0,4.0,1.0,31.0,160000.0,2.0,2.0,2.0,2.0,2.0,2.0,0.0,2.0,4.0,6.0,2.0,0.0,0.0,1.0,150000.0,150000.0,1.0,159801.6,218288.5,748.0
5,2.0,1.0,3.0,1.0,4.0,1.0,31.0,50000.0,2.0,2.0,2.0,2.0,1.0,2.0,300000.0,2.0,4.0,6.0,2.0,0.0,0.0,1.0,150000.0,137000.0,2.0,125872.6,152882.0,747.0
5,5.0,1.0,2.0,1.0,4.0,1.0,31.0,100000.0,3.0,2.0,2.0,2.0,2.0,2.0,288000.0,2.0,4.0,6.0,2.0,0.0,0.0,1.0,200000.0,150000.0,2.0,156423.9,344961.0,748.0
5,1.0,1.0,3.0,2.0,4.0,2.0,31.0,70777.77777777778,4.0,3.0,2.0,2.0,1.0,2.0,0.0,2.0,4.0,4.0,2.0,0.0,0.0,1.0,50000.0,20000.0,1.0,19907.2,37462.0,755.0
5,4.0,1.0,4.0,1.0,4.0,2.0,31.0,100000.0,3.0,2.0,2.0,2.0,1.0,2.0,0.0,2.0,4.0,6.0,2.0,0.0,0.0,1.0,80000.0,50000.0,1.0,83468.9,98031.0,747.0
5,1.0,1.0,2.0,2.0,4.0,2.0,31.0,100556.33333333331,3.0,3.0,2.0,2.0,2.0,2.0,500000.0,2.0,4.0,6.0,2.0,0.0,0.0,1.0,150000.0,310000.0,1.0,56667.2,134974.0,761.0
5,2.0,1.0,1.0,1.0,4.0,2.0,31.0,100000.0,2.0,2.0,2.0,2.0,2.0,2.0,400000.0,2.0,4.0,6.0,2.0,0.0,0.0,1.0,200000.0,214000.0,3.0,128972.5,236114.5,741.0
5,2.0,1.0,3.0,1.0,4.0,1.0,31.0,65000.0,3.0,2.0,2.0,2.0,2.0,2.0,1500000.0,1.0,4.0,6.0,2.0,0.0,300000.0,1.0,120000.0,158000.0,2.0,151895.33,203487.0,1444503.0
5,2.0,1.0,3.0,2.0,4.0,2.0,31.0,100000.0,3.0,3.0,2.0,2.0,1.0,2.0,0.0,2.0,4.0,1.0,2.0,0.0,200000.0,1.0,100000.0,86000.0,3.0,176185.28,252913.0,751.0
5,5.0,1.0,3.0,2.0,4.0,1.0,31.0,160000.0,3.0,2.0,2.0,2.0,1.0,2.0,0.0,2.0,4.0,6.0,2.0,800000.0,350000.0,1.0,120000.0,180000.0,1.0,246077.88,422753.0,748.0
5,8.0,1.0,3.0,1.0,4.0,2.0,31.0,130000.0,3.0,2.0,2.0,2.0,2.0,2.0,0.0,2.0,4.0,1.0,2.0,0.0,450000.0,1.0,250000.0,385000.0,4.0,266955.73,328890.0,749.0
5,2.0,1.0,2.0,2.0,4.0,2.0,31.0,70000.0,4.0,3.0,2.0,2.0,1.0,2.0,0.0,2.0,4.0,6.0,2.0,0.0,150000.0,1.0,80000.0,92000.0,2.0,142001.05,83522.0,752.0
5,7.0,1.0,3.0,1.0,4.0,1.0,31.0,150000.0,4.0,3.0,2.0,2.0,2.0,2.0,0.0,2.0,4.0,1.0,2.0,0.0,600000.0,0.0,266666.6666666667,405000.0,5.0,282318.31,430129.0,745.0
5,6.0,1.0,3.0,1.0,4.0,2.0,31.0,200000.0,4.0,3.0,2.0,2.0,2.0,2.0,0.0,2.0,4.0,1.0,2.0,0.0,400000.0,1.0,130000.0,161000.0,3.0,232425.3,144611.0,748.0
5,2.0,1.0,2.0,1.0,4.0,2.0,31.0,200000.0,3.0,2.0,2.0,2.0,1.0,2.0,0.0,2.0,4.0,3.0,2.0,0.0,280000.0,1.0,100000.0,15000.0,1.0,138343.63,215075.0,747.0
5,3.0,1.0,3.0,1.0,4.0,2.0,31.0,80000.0,4.0,3.0,2.0,2.0,1.0,2.0,0.0,2.0,4.0,1.0,2.0,0.0,250000.0,1.0,80000.0,140000.0,3.0,203606.23,367955.0,749.0
5,4.0,1.0,3.0,2.0,4.0,2.0,31.0,88000.0,3.0,3.0,2.0,2.0,1.0,2.0,0.0,2.0,4.0,6.0,2.0,0.0,0.0,3.0,480250.0,96150.0,3.0,158017.0,122533.0,748.0
5,4.0,1.0,2.0,1.0,4.0,2.0,31.0,200000.0,2.0,2.0,2.0,2.0,1.0,2.0,0.0,2.0,4.0,6.0,2.0,0.0,0.0,1.0,450000.0,182000.0,2.0,126587.45,646899.0,745.0
5,2.0,1.0,4.0,1.0,4.0,2.0,31.0,200000.0,2.0,2.0,2.0,2.0,2.0,2.0,0.0,2.0,4.0,6.0,2.0,0.0,0.0,1.4444444444444444,344781.6666666667,205000.0,4.0,126682.13,194183.0,745.0
5,2.0,1.0,2.0,2.0,4.0,2.0,31.0,80000.0,3.0,3.0,2.0,2.0,2.0,2.0,0.0,2.0,4.0,6.0,2.0,0.0,0.0,1.2222222222222223,131138.88888888888,45000.0,1.0,117852.1,74287.0,747.0
5,2.0,1.0,2.0,2.0,4.0,2.0,31.0,90000.0,3.0,3.0,2.0,2.0,2.0,2.0,0.0,2.0,4.0,6.0,2.0,0.0,1500.0,3.0,480250.0,106000.0,2.0,123460.75,108374.0,748.0
5,3.0,1.0,2.0,2.0,4.0,2.0,31.0,60000.0,3.0,3.0,2.0,2.0,2.0,2.0,0.0,2.0,4.0,6.0,2.0,0.0,0.0,1.0,400000.0,137000.0,3.0,146034.9,76311.0,752.0
5,3.0,1.0,2.0,2.0,4.0,2.0,31.0,100000.0,3.0,3.0,2.0,2.0,2.0,2.0,0.0,2.0,3.0,6.0,2.0,400000.0,350000.0,1.0,300000.0,73000.0,3.0,177994.3,93129.0,751.0
5,1.0,1.0,1.0,2.0,4.0,2.0,31.0,45000.0,2.0,3.0,2.0,2.0,2.0,2.0,0.0,2.0,1.0,6.0,2.0,0.0,0.0,1.2222222222222223,140840.0,56800.0,2.0,78614.0,128177.0,749.0
5,1.0,1.0,1.0,2.0,4.0,2.0,31.0,7.0,5.0,3.0,2.0,2.0,2.0,2.0,10000.0,1.0,1.0,6.0,2.0,0.0,0.0,1.0,100000.0,17000.0,1.0,65717.4,78402.0,755.0
5,4.0,1.0,2.0,2.0,4.0,2.0,31.0,60000.0,5.0,3.0,2.0,2.0,2.0,2.0,50000.0,1.0,4.0,3.0,2.0,0.0,600000.0,1.0,200000.0,63000.0,2.0,94060.2,26198.0,753.0
5,4.0,1.0,3.0,1.0,4.0,2.0,31.0,120000.0,3.0,3.0,2.0,2.0,2.0,2.0,0.0,2.0,4.0,6.0,2.0,0.0,2000.0,1.0,200000.0,80000.0,1.0,133199.15,157539.0,750.0
5,1.0,1.0,2.0,2.0,4.0,2.0,31.0,120000.0,4.0,2.0,2.0,2.0,2.0,2.0,0.0,2.0,4.0,6.0,2.0,0.0,300000.0,1.0,100000.0,75000.0,2.0,65312.8,103291.0,754.0
5,3.0,1.0,2.0,1.0,4.0,2.0,31.0,80000.0,4.0,2.0,2.0,2.0,1.0,2.0,0.0,2.0,1.0,6.0,2.0,0.0,500000.0,1.0,180000.0,81000.0,2.0,76900.0,130387.0,752.0
5,5.0,1.0,2.0,2.0,4.0,2.0,31.0,70000.0,5.0,3.0,2.0,2.0,1.0,2.0,0.0,2.0,4.0,3.0,2.0,0.0,800000.0,1.0,250000.0,5000.0,1.0,80794.9,76354.0,754.0
5,4.0,1.0,2.0,2.0,4.0,2.0,31.0,7.0,5.0,3.0,2.0,2.0,1.0,2.0,0.0,2.0,1.0,6.0,2.0,0.0,600000.0,1.0,200000.0,62000.0,2.0,73332.1,99383.0,752.0
5,4.0,1.0,2.0,2.0,4.0,2.0,31.0,100000.0,5.0,2.0,2.0,2.0,1.0,2.0,0.0,2.0,1.0,6.0,2.0,0.0,800000.0,1.0,200000.0,31000.0,2.0,116196.5,79583.0,753.0
5,4.0,1.0,2.0,2.0,4.0,2.0,31.0,58000.0,4.0,2.0,2.0,2.0,1.0,2.0,80000.0,1.0,1.0,6.0,2.0,0.0,2000.0,1.0,200000.0,58000.0,2.0,110997.57,83459.0,753.0
5,2.0,1.0,1.0,2.0,4.0,2.0,31.0,80000.0,5.0,3.0,2.0,2.0,1.0,2.0,0.0,2.0,4.0,6.0,2.0,0.0,300000.0,1.0,150000.0,86000.0,2.0,87377.5,101112.0,754.0
5,5.0,1.0,3.0,1.0,4.0,2.0,20.0,145000.0,3.0,2.0,2.0,2.0,2.0,2.0,350000.0,1.0,1.0,4.0,2.0,0.0,1000000.0,1.0,150000.0,203000.0,5.0,140598.9,291997.0,748.0
5,4.0,1.0,4.0,1.0,4.0,2.0,20.0,135000.0,3.0,2.0,2.0,2.0,1.0,2.0,0.0,2.0,4.0,3.0,2.0,800000.0,400000.0,1.0,150000.0,105200.0,2.0,87153.4,62112.0,747.0
5,5.0,1.0,5.0,1.0,4.0,2.0,20.0,165000.0,3.0,2.0,2.0,2.0,1.0,2.0,0.0,2.0,4.0,2.0,2.0,1500000.0,600000.0,1.0,150000.0,65250.0,2.0,178159.75,109357.0,749.0
5,2.0,1.0,2.0,2.0,4.0,2.0,20.0,85000.0,3.0,2.0,2.0,2.0,2.0,2.0,0.0,2.0,4.0,2.0,2.0,800000.0,300000.0,1.0,80000.0,181000.0,3.0,114608.8,91434.0,753.0
5,4.0,1.0,4.0,1.0,2.0,2.0,22.0,132000.0,3.0,2.0,2.0,2.0,2.0,2.0,140000.0,1.0,4.0,1.0,2.0,1500000.0,800000.0,1.0,150000.0,195000.0,4.0,136321.3,193382.0,480747.0
5,5.0,1.0,3.0,2.0,4.0,2.0,22.0,140000.0,3.0,2.0,2.0,2.0,2.0,2.0,150000.0,1.0,4.0,3.0,2.0,1500000.0,800000.0,1.0,200000.0,121000.0,2.0,185866.6,162736.0,750.0
5,5.0,1.0,4.0,1.0,2.0,1.0,20.0,164000.0,3.0,2.0,2.0,2.0,2.0,2.0,100000.0,1.0,4.0,1.0,2.0,2000000.0,1000000.0,1.0,200000.0,665000.0,3.0,154393.8,165056.0,600743.0
5,4.0,1.0,3.0,1.0,4.0,1.0,20.0,160000.0,2.0,2.0,2.0,2.0,2.0,2.0,0.0,2.0,4.0,1.0,2.0,0.0,800000.0,1.0,200000.0,861000.0,4.0,138533.66999999998,134168.0,360743.0
5,6.0,1.0,4.0,1.0,4.0,1.0,20.0,140000.0,3.0,2.0,2.0,2.0,1.0,2.0,0.0,2.0,4.0,3.0,2.0,0.0,1000000.0,1.0,200000.0,234200.0,4.0,129154.05,131915.0,746.0
5,3.0,1.0,2.0,2.0,4.0,2.0,15.0,68000.0,3.0,3.0,2.0,2.0,1.0,2.0,0.0,2.0,4.0,2.0,2.0,300000.0,150000.0,1.0,50000.0,30000.0,1.0,54674.15,88903.0,752.0
5,3.0,1.0,3.0,2.0,4.0,2.0,15.0,35000.0,3.0,3.0,2.0,2.0,1.0,2.0,200000.0,1.0,4.0,6.0,2.0,300000.0,150000.0,1.0,80000.0,28000.0,1.0,26414.4,138997.0,9754.0
5,6.0,1.0,3.0,2.0,4.0,2.0,15.0,40000.0,3.0,3.0,2.0,2.0,1.0,2.0,0.0,2.0,1.0,1.0,2.0,500000.0,200000.0,1.0,100000.0,28000.0,1.0,31097.8,79571.0,754.0
5,4.0,1.0,3.0,2.0,4.0,2.0,15.0,50000.0,3.0,2.0,2.0,2.0,1.0,2.0,500000.0,1.0,4.0,1.0,2.0,400000.0,200000.0,1.0,100000.0,70000.0,1.0,30096.8,117294.0,750.0
5,4.0,1.0,3.0,2.0,4.0,2.0,15.0,50000.0,3.0,2.0,2.0,2.0,2.0,2.0,300000.0,1.0,4.0,1.0,2.0,400000.0,200000.0,1.0,100000.0,30000.0,1.0,26352.1,111469.0,751.0
5,6.0,1.0,3.0,2.0,4.0,2.0,15.0,40000.0,4.0,3.0,2.0,2.0,1.0,2.0,0.0,2.0,1.0,1.0,2.0,500000.0,200000.0,1.0,80000.0,41000.0,1.0,39599.1,129571.0,755.0
5,2.0,1.0,2.0,2.0,4.0,2.0,15.0,40000.0,4.0,3.0,2.0,2.0,2.0,2.0,250000.0,1.0,4.0,2.0,2.0,200000.0,100000.0,1.0,50000.0,29000.0,1.0,29604.4,97203.0,755.0
5,2.0,1.0,3.0,2.0,4.0,2.0,15.0,35000.0,3.0,3.0,2.0,2.0,2.0,2.0,200000.0,1.0,4.0,2.0,2.0,100000.0,50000.0,1.0,20000.0,30000.0,1.0,25767.1,120181.0,752.0
5,5.0,1.0,3.0,1.0,4.0,2.0,15.0,65000.0,3.0,2.0,2.0,2.0,2.0,2.0,500000.0,1.0,4.0,1.0,2.0,500000.0,300000.0,1.0,150000.0,110000.0,1.0,37905.3,156942.0,9748.0
5,2.0,1.0,4.0,2.0,4.0,2.0,31.0,100000.0,3.0,3.0,2.0,2.0,2.0,2.0,0.0,2.0,4.0,6.0,2.0,0.0,600000.0,1.0,300000.0,360000.0,2.0,106212.7,84017.0,747.0
5,6.0,1.0,5.0,1.0,4.0,1.0,31.0,150000.0,3.0,3.0,2.0,2.0,2.0,2.0,0.0,2.0,4.0,6.0,2.0,0.0,2000000.0,1.0,500000.0,1150000.0,7.0,93769.15,171335.5,740.0
5,1.0,1.0,3.0,2.0,4.0,2.0,31.0,60000.0,4.0,3.0,2.0,2.0,2.0,2.0,0.0,2.0,4.0,6.0,2.0,0.0,500000.0,1.0,100000.0,42000.0,1.0,64239.4,28809.0,754.0
5,2.0,1.0,4.0,2.0,4.0,2.0,31.0,80000.0,3.0,3.0,2.0,2.0,2.0,2.0,0.0,2.0,4.0,6.0,2.0,0.0,800000.0,1.0,300000.0,187000.0,4.0,105587.35,105954.0,750.0
5,1.0,1.0,5.0,2.0,4.0,2.0,31.0,80000.0,3.0,3.0,2.0,2.0,2.0,2.0,0.0,2.0,4.0,6.0,2.0,0.0,350000.0,1.0,120000.0,42000.0,1.0,77320.9,30102.0,754.0
5,3.0,1.0,4.0,2.0,4.0,2.0,31.0,7.0,3.0,3.0,2.0,2.0,2.0,2.0,0.0,2.0,4.0,6.0,2.0,0.0,1500000.0,1.0,400000.0,270000.0,2.0,81707.95,121094.0,746.0
5,3.0,1.0,4.0,2.0,4.0,2.0,31.0,120000.0,2.0,2.0,2.0,2.0,2.0,2.0,0.0,2.0,4.0,6.0,2.0,2000000.0,700000.0,1.0,250000.0,288000.0,4.0,147801.35,157254.5,748.0
5,5.0,1.0,3.0,2.0,4.0,2.0,31.0,90000.0,3.0,3.0,2.0,2.0,2.0,2.0,250000.0,1.0,4.0,6.0,2.0,0.0,1000000.0,1.0,300000.0,100000.0,1.0,112239.95,109788.0,748.0
5,3.0,1.0,3.0,2.0,4.0,2.0,31.0,90000.0,3.0,3.0,2.0,2.0,2.0,2.0,0.0,2.0,4.0,6.0,2.0,0.0,1000000.0,1.0,260000.0,100000.0,3.0,84533.4,82724.0,748.0
5,2.0,1.0,1.0,1.0,4.0,2.0,31.0,100000.0,3.0,3.0,2.0,2.0,1.0,2.0,0.0,2.0,4.0,6.0,2.0,0.0,800000.0,1.0,200000.0,89100.0,3.0,100806.05,127637.0,745.0
5,2.0,1.0,1.0,2.0,4.0,2.0,31.0,50000.0,3.0,3.0,2.0,2.0,2.0,2.0,0.0,2.0,4.0,6.0,2.0,0.0,600000.0,1.0,200000.0,140000.0,2.0,110289.15,93858.0,748.0
5,3.0,1.0,1.0,2.0,4.0,2.0,31.0,60000.0,4.0,3.0,2.0,2.0,1.0,2.0,0.0,2.0,4.0,6.0,2.0,1800000.0,800000.0,1.0,300000.0,84100.0,3.0,134228.55,136953.0,747.0
5,4.0,1.0,4.0,2.0,4.0,2.0,31.0,90000.0,3.0,3.0,2.0,2.0,1.0,2.0,150000.0,1.0,4.0,6.0,2.0,0.0,900000.0,1.0,300000.0,89100.0,3.0,140766.05,117646.5,749.0
5,2.0,1.0,1.0,1.0,4.0,2.0,31.0,100000.0,2.0,1.0,2.0,2.0,2.0,2.0,300000.0,1.0,4.0,6.0,2.0,0.0,600000.0,1.0,300000.0,200000.0,3.0,118148.8,151324.0,745.0
5,3.0,1.0,4.0,1.0,4.0,2.0,31.0,12000.0,2.0,3.0,2.0,2.0,2.0,2.0,0.0,2.0,4.0,2.0,2.0,1200000.0,600000.0,1.0,350000.0,275000.0,2.0,140495.8,193714.0,744.0
5,1.0,1.0,4.0,1.0,4.0,2.0,31.0,90000.0,3.0,3.0,2.0,2.0,1.0,2.0,0.0,2.0,4.0,6.0,2.0,800000.0,500000.0,1.0,200000.0,50150.0,2.0,111895.1,137311.0,746.0
5,5.0,1.0,4.0,1.0,4.0,2.0,31.0,90000.0,2.0,3.0,2.0,2.0,1.0,2.0,150000.0,1.0,4.0,6.0,2.0,1900000.0,800000.0,1.0,300000.0,180000.0,3.0,170330.6,127543.5,743.0
5,3.0,1.0,4.0,1.0,4.0,2.0,31.0,80000.0,3.0,3.0,2.0,2.0,2.0,2.0,150000.0,1.0,4.0,6.0,2.0,0.0,900000.0,1.0,300000.0,110000.0,2.0,105701.0,127068.0,743.0
5,5.0,1.0,5.0,1.0,4.0,2.0,31.0,140000.0,2.0,3.0,2.0,2.0,2.0,2.0,1000000.0,1.0,4.0,6.0,2.0,0.0,0.0,1.0,292222.22222222225,234000.0,3.0,111620.55,153401.0,748.0
5,5.0,1.0,3.0,1.0,4.0,1.0,31.0,120000.0,3.0,3.0,2.0,2.0,2.0,2.0,5000000.0,1.0,4.0,6.0,2.0,0.0,0.0,1.2222222222222223,210118.88888888888,380000.0,2.0,145652.3,228008.0,746.0
5,5.0,1.0,4.0,1.0,4.0,1.0,31.0,130000.0,2.0,2.0,2.0,2.0,2.0,2.0,0.0,2.0,4.0,1.0,2.0,0.0,0.0,1.2222222222222223,385638.8888888889,354000.0,4.0,132899.85,109577.0,746.0
5,4.0,5.0,4.0,1.0,4.0,2.0,31.0,130000.0,2.0,3.0,2.0,2.0,2.0,2.0,1000000.0,1.0,4.0,6.0,2.0,0.0,0.0,1.0,308888.8888888889,300000.0,1.0,124219.6,128640.0,749.0
5,3.0,1.0,2.0,1.0,4.0,1.0,31.0,150000.0,2.0,2.0,2.0,2.0,1.0,2.0,0.0,2.0,4.0,6.0,2.0,0.0,0.0,1.4444444444444444,272570.44444444444,500000.0,1.0,106356.25,301326.0,747.0
5,4.0,1.0,6.0,1.0,4.0,1.0,31.0,200000.0,2.0,2.0,2.0,2.0,2.0,2.0,0.0,2.0,4.0,1.0,2.0,0.0,0.0,1.0,316666.6666666667,398000.0,2.0,123727.3,204526.0,746.0
5,2.0,1.0,4.0,1.0,4.0,1.0,31.0,84000.0,2.0,2.0,2.0,2.0,2.0,2.0,1300000.0,1.0,4.0,6.0,2.0,1500000.0,700000.0,1.0,160000.0,560000.0,2.0,79502.2,137436.0,600752.0
5,5.0,1.0,3.0,1.0,4.0,2.0,31.0,70000.0,4.0,3.0,2.0,2.0,2.0,2.0,400000.0,1.0,4.0,6.0,2.0,0.0,0.0,1.2222222222222223,264147.77777777775,243000.0,2.0,95004.35,103214.0,750.0
5,1.0,1.0,2.0,2.0,4.0,2.0,31.0,40000.0,3.0,3.0,2.0,2.0,1.0,2.0,0.0,2.0,1.0,1.0,2.0,400000.0,300000.0,1.0,70000.0,53000.0,2.0,39319.5,32455.0,754.0
5,4.0,1.0,2.0,1.0,2.0,1.0,31.0,170000.0,3.0,2.0,2.0,2.0,1.0,2.0,0.0,2.0,4.0,2.0,2.0,0.0,0.0,1.0,322222.22222222225,268300.0,3.0,191642.78,262828.0,744.0
5,5.0,1.0,3.0,1.0,4.0,2.0,31.0,130000.0,2.0,2.0,2.0,2.0,2.0,2.0,0.0,2.0,4.0,6.0,2.0,1000000.0,700000.0,1.0,50000.0,179000.0,2.0,158840.35,178579.0,745.0
5,3.0,3.0,3.0,2.0,2.0,2.0,31.0,150000.0,3.0,3.0,2.0,2.0,1.0,2.0,120000.0,1.0,4.0,1.0,2.0,0.0,0.0,1.2222222222222223,490100.0,70000.0,1.0,71378.8,501360.0,750.0
5,5.0,1.0,3.0,2.0,4.0,2.0,31.0,120000.0,2.0,2.0,2.0,2.0,2.0,2.0,0.0,2.0,1.0,2.0,2.0,1300000.0,500000.0,1.0,100000.0,198000.0,2.0,135908.7,219293.0,748.0
5,4.0,1.0,3.0,1.0,4.0,1.0,31.0,120000.0,2.0,3.0,2.0,2.0,1.0,2.0,0.0,2.0,4.0,6.0,2.0,0.0,0.0,1.2222222222222223,245881.11111111112,400.0,1.0,111535.1,293689.0,746.0
5,6.0,3.0,3.0,1.0,4.0,2.0,31.0,120000.0,3.0,3.0,2.0,2.0,1.0,2.0,800000.0,1.0,1.0,6.0,2.0,0.0,0.0,1.0,300000.0,121200.0,5.0,149818.3,356124.0,748.0
5,5.0,1.0,3.0,1.0,4.0,2.0,31.0,130000.0,3.0,3.0,2.0,2.0,1.0,2.0,0.0,2.0,1.0,6.0,2.0,0.0,0.0,1.0,300000.0,137300.0,4.0,99624.5,339343.0,746.0
5,6.0,1.0,1.0,1.0,4.0,2.0,31.0,135000.0,3.0,3.0,2.0,2.0,1.0,2.0,0.0,2.0,4.0,6.0,2.0,0.0,0.0,1.6666666666666667,10757511.111111112,21700.0,2.0,116112.35,180994.0,749.0
5,4.0,1.0,3.0,1.0,4.0,1.0,31.0,150000.0,2.0,2.0,2.0,2.0,2.0,2.0,0.0,2.0,4.0,1.0,2.0,0.0,0.0,1.8888888888888888,402536.8888888889,270000.0,2.0,167888.19,616069.0,740.0
5,9.0,1.0,4.0,2.0,4.0,1.0,31.0,7.0,4.0,3.0,2.0,1.0,1.0,2.0,1000000.0,1.0,4.0,3.0,2.0,1500000.0,600000.0,1.0,200000.0,110000.0,2.0,82562.3,207277.0,748.0
5,8.0,1.0,5.0,1.0,4.0,1.0,31.0,140000.0,3.0,2.0,2.0,1.0,1.0,2.0,650000.0,1.0,4.0,6.0,2.0,2500000.0,1000000.0,1.0,350000.0,300000.0,1.0,96957.1,406031.0,1200749.0
5,2.0,1.0,4.0,2.0,4.0,1.0,31.0,7.0,3.0,3.0,2.0,1.0,2.0,2.0,0.0,2.0,4.0,6.0,2.0,1000000.0,450000.0,1.0,100000.0,55000.0,1.0,33321.6,104146.0,746.0
5,4.0,1.0,3.0,2.0,4.0,1.0,31.0,100000.0,3.0,2.0,2.0,1.0,1.0,2.0,300000.0,1.0,4.0,6.0,2.0,1600000.0,700000.0,1.0,180000.0,261000.0,3.0,69861.5,232208.0,400747.0
5,5.0,1.0,4.0,1.0,4.0,1.0,31.0,7.0,3.0,2.0,2.0,1.0,1.0,1.0,800000.0,1.0,4.0,5.0,2.0,1500000.0,600000.0,1.0,150000.0,560000.0,3.0,78065.4,281869.0,516745.0
5,2.0,1.0,2.0,2.0,4.0,2.0,31.0,7.0,3.0,1.0,2.0,1.0,1.0,2.0,0.0,2.0,4.0,6.0,2.0,1000000.0,500000.0,1.0,140000.0,60000.0,2.0,43109.4,177368.0,100753.0
5,8.0,1.0,5.0,1.0,4.0,1.0,31.0,7.0,3.0,2.0,2.0,1.0,1.0,2.0,120000.0,1.0,4.0,2.0,2.0,1500000.0,800000.0,1.0,300000.0,60000.0,1.0,39574.3,755530.0,300748.0
5,1.0,1.0,3.0,2.0,4.0,2.0,31.0,7.0,3.0,3.0,2.0,1.0,2.0,2.0,7000.0,1.0,4.0,6.0,2.0,0.0,0.0,1.2222222222222223,71945.77777777778,52000.0,2.0,38259.8,64946.0,754.0
5,1.0,1.0,2.0,2.0,4.0,2.0,31.0,70000.0,3.0,3.0,2.0,2.0,2.0,2.0,0.0,2.0,4.0,6.0,2.0,600000.0,300000.0,1.0,80000.0,104000.0,2.0,57129.25,68750.5,754.0
5,2.0,1.0,5.0,2.0,4.0,1.0,31.0,120000.0,2.0,2.0,2.0,1.0,2.0,2.0,70000.0,1.0,4.0,6.0,2.0,0.0,0.0,1.0,200000.0,284000.0,2.0,63546.6,794297.0,749.0
5,4.0,1.0,4.0,1.0,4.0,2.0,31.0,120000.0,4.0,3.0,2.0,1.0,2.0,2.0,230000.0,1.0,1.0,3.0,2.0,0.0,600000.0,1.0,130000.0,116000.0,4.0,50499.0,311708.0,749.0
5,3.0,1.0,4.0,2.0,4.0,1.0,31.0,7.0,3.0,2.0,2.0,1.0,2.0,2.0,800000.0,1.0,4.0,3.0,2.0,0.0,0.0,1.0,100000.0,115000.0,3.0,65530.2,254102.0,880754.0
5,6.0,1.0,4.0,1.0,4.0,1.0,31.0,100000.0,2.0,2.0,2.0,1.0,2.0,2.0,100000.0,1.0,4.0,6.0,2.0,1000000.0,0.0,1.0,150000.0,125000.0,2.0,81046.6,322034.0,749.0
5,7.0,1.0,4.0,1.0,4.0,1.0,31.0,110000.0,3.0,3.0,2.0,1.0,2.0,2.0,0.0,2.0,4.0,6.0,2.0,0.0,0.0,1.0,238888.88888888888,125000.0,4.0,72665.9,398555.0,746.0
5,2.0,1.0,5.0,2.0,4.0,2.0,31.0,7.0,3.0,2.0,2.0,1.0,1.0,2.0,0.0,1.0,4.0,6.0,2.0,0.0,0.0,1.0,150000.0,270000.0,2.0,95590.4,91275.0,600752.0
5,4.0,1.0,5.0,1.0,4.0,1.0,31.0,7.0,3.0,3.0,2.0,1.0,1.0,2.0,950000.0,1.0,4.0,2.0,2.0,1000000.0,0.0,1.0,200000.0,107000.0,3.0,78280.1,209959.0,480747.0
5,5.0,1.0,4.0,1.0,4.0,1.0,31.0,150000.0,3.0,2.0,2.0,1.0,2.0,2.0,0.0,2.0,4.0,6.0,2.0,0.0,0.0,1.0,200000.0,400000.0,2.0,125989.1,990155.0,745.0
5,5.0,1.0,3.0,1.0,4.0,1.0,31.0,90000.0,4.0,3.0,2.0,1.0,2.0,2.0,1000000.0,1.0,4.0,2.0,2.0,0.0,0.0,1.0,300000.0,160000.0,2.0,95912.42,194419.0,748.0
5,8.0,1.0,3.0,2.0,4.0,1.0,31.0,120000.0,4.0,3.0,2.0,1.0,1.0,2.0,70000.0,1.0,4.0,6.0,2.0,0.0,0.0,1.0,300000.0,60000.0,1.0,59567.0,131913.0,750.0
5,1.0,1.0,4.0,2.0,4.0,2.0,31.0,90000.0,4.0,2.0,2.0,1.0,1.0,2.0,0.0,2.0,1.0,1.0,2.0,600000.0,300000.0,1.0,150000.0,50600.0,2.0,37450.3,47227.0,751.0
5,6.0,1.0,3.0,2.0,4.0,2.0,31.0,135000.0,4.0,3.0,2.0,1.0,1.0,2.0,50000.0,1.0,4.0,6.0,2.0,0.0,700000.0,1.0,300000.0,130000.0,2.0,48522.4,195204.0,752.0
5,4.0,1.0,4.0,1.0,4.0,2.0,31.0,120000.0,3.0,2.0,2.0,1.0,1.0,2.0,0.0,2.0,4.0,6.0,2.0,0.0,0.0,1.0,250000.0,130000.0,3.0,70941.15,110322.0,746.0
5,1.0,1.0,6.0,1.0,4.0,2.0,31.0,120000.0,4.0,2.0,2.0,1.0,1.0,2.0,0.0,2.0,4.0,6.0,2.0,0.0,0.0,1.0,100000.0,42000.0,2.0,34278.7,107581.0,749.0
5,2.0,1.0,3.0,2.0,4.0,2.0,31.0,110000.0,4.0,2.0,2.0,1.0,1.0,2.0,0.0,2.0,4.0,6.0,2.0,0.0,500000.0,1.0,200000.0,95000.0,2.0,40540.7,190340.0,751.0
5,6.0,1.0,4.0,2.0,4.0,2.0,31.0,150000.0,4.0,2.0,2.0,1.0,1.0,2.0,0.0,2.0,4.0,6.0,2.0,0.0,1000000.0,1.0,250000.0,65000.0,1.0,110786.55,72875.0,747.0
5,7.0,1.0,5.0,1.0,2.0,2.0,31.0,120000.0,3.0,2.0,2.0,1.0,1.0,2.0,0.0,2.0,4.0,6.0,2.0,0.0,0.0,1.0,500000.0,141000.0,2.0,72841.0,157309.0,744.0
5,4.0,1.0,3.0,1.0,4.0,1.0,31.0,130000.0,4.0,3.0,2.0,1.0,1.0,2.0,200000.0,1.0,4.0,6.0,2.0,0.0,0.0,1.0,500000.0,51000.0,1.0,56942.4,168449.0,747.0
5,5.0,1.0,2.0,1.0,4.0,2.0,24.0,84000.0,2.0,2.0,2.0,1.0,1.0,2.0,614000.0,1.0,4.0,3.0,1.0,700000.0,500000.0,1.0,100000.0,300000.0,2.0,131367.8,99273.0,749.0
5,1.0,1.0,3.0,2.0,4.0,2.0,31.0,80000.0,3.0,2.0,2.0,1.0,1.0,2.0,0.0,2.0,4.0,4.0,1.0,200000.0,150000.0,1.0,35000.0,37000.0,1.0,55334.5,31460.0,751.0
5,2.0,1.0,4.0,2.0,4.0,2.0,31.0,75000.0,3.0,2.0,2.0,1.0,1.0,2.0,30000.0,1.0,4.0,3.0,1.0,200000.0,150000.0,1.0,70000.0,27000.0,1.0,46425.05,72812.0,751.0
5,1.0,5.0,1.0,2.0,4.0,2.0,31.0,72000.0,3.0,3.0,2.0,1.0,1.0,2.0,0.0,2.0,4.0,3.0,1.0,200000.0,100000.0,1.0,50000.0,36000.0,1.0,42052.1,42691.0,751.0
5,4.0,3.0,1.0,1.0,4.0,2.0,31.0,80000.0,3.0,2.0,2.0,1.0,1.0,2.0,0.0,2.0,4.0,3.0,1.0,550000.0,400000.0,1.0,130000.0,135000.0,2.0,140985.6,100983.0,748.0
5,1.0,1.0,1.0,2.0,4.0,2.0,31.0,35000.0,3.0,3.0,2.0,1.0,1.0,2.0,0.0,2.0,4.0,3.0,1.0,300000.0,200000.0,1.0,70000.0,50000.0,1.0,65985.05,49067.0,751.0
5,6.0,1.0,2.0,2.0,4.0,2.0,31.0,80000.0,3.0,2.0,2.0,1.0,1.0,2.0,80000.0,1.0,4.0,3.0,1.0,1000000.0,500000.0,1.0,100000.0,176000.0,3.0,84860.3,79466.0,752.0
5,2.0,1.0,4.0,2.0,4.0,2.0,31.0,96000.0,3.0,2.0,2.0,1.0,1.0,2.0,0.0,2.0,4.0,3.0,2.0,450000.0,300000.0,1.0,150000.0,69000.0,2.0,116724.7,106754.0,749.0
5,1.0,1.0,2.0,2.0,4.0,2.0,31.0,70000.0,3.0,3.0,2.0,1.0,1.0,2.0,0.0,2.0,4.0,3.0,1.0,170000.0,120000.0,1.0,50000.0,37000.0,1.0,60450.15,35924.0,752.0
5,5.0,1.0,5.0,1.0,4.0,2.0,31.0,150000.0,3.0,2.0,2.0,1.0,1.0,2.0,0.0,2.0,4.0,4.0,2.0,0.0,700000.0,1.0,350000.0,230000.0,2.0,180808.18,146815.0,746.0
5,4.0,1.0,3.0,1.0,4.0,2.0,31.0,120000.0,4.0,2.0,2.0,1.0,1.0,2.0,120000.0,1.0,1.0,2.0,1.0,0.0,0.0,1.0,300000.0,87000.0,2.0,75284.8,234507.0,747.0
5,4.0,1.0,3.0,1.0,4.0,1.0,31.0,80000.0,3.0,2.0,2.0,1.0,1.0,2.0,645000.0,1.0,4.0,5.0,2.0,0.0,600000.0,1.0,250000.0,145000.0,2.0,79058.1,253280.0,1600748.0
5,3.0,5.0,3.0,2.0,4.0,2.0,31.0,100000.0,5.0,3.0,2.0,1.0,1.0,2.0,382000.0,1.0,1.0,1.0,2.0,0.0,500000.0,1.0,200000.0,79000.0,3.0,44214.6,127069.0,752.0
5,2.0,1.0,3.0,1.0,4.0,2.0,31.0,120000.0,4.0,3.0,2.0,1.0,1.0,2.0,0.0,2.0,4.0,4.0,2.0,0.0,0.0,1.0,200000.0,56000.0,1.0,89732.25,86481.0,748.0
5,3.0,1.0,4.0,1.0,4.0,2.0,31.0,100000.0,5.0,3.0,2.0,1.0,1.0,2.0,0.0,2.0,4.0,3.0,2.0,0.0,500000.0,1.0,250000.0,41000.0,2.0,77601.45,150886.0,747.0
5,2.0,1.0,4.0,2.0,4.0,2.0,31.0,120000.0,4.0,3.0,2.0,1.0,1.0,2.0,0.0,2.0,4.0,5.0,2.0,0.0,0.0,1.0,150000.0,70000.0,2.0,115816.6,140333.0,752.0
5,5.0,1.0,4.0,1.0,4.0,1.0,31.0,120000.0,4.0,2.0,2.0,1.0,1.0,2.0,0.0,2.0,4.0,1.0,2.0,0.0,600000.0,1.0,300000.0,131200.0,3.0,153570.45,279272.0,743.0
5,4.0,1.0,3.0,1.0,4.0,1.0,31.0,60000.0,4.0,2.0,2.0,1.0,1.0,2.0,0.0,1.0,4.0,4.0,2.0,1000000.0,600000.0,1.0,300000.0,85000.0,2.0,56492.45,214962.0,745.0
6,3.0,5.0,2.0,2.0,4.0,2.0,30.0,141111.11111111112,3.0,3.0,2.0,2.0,2.0,2.0,0.0,2.0,4.0,6.0,2.0,0.0,2000.0,1.0,280000.0,234500.0,3.0,133832.1,163014.0,750.0
6,1.0,1.0,1.0,2.0,4.0,2.0,30.0,7.0,3.0,2.0,2.0,2.0,1.0,2.0,0.0,2.0,4.0,6.0,2.0,0.0,250000.0,1.0,100000.0,63000.0,2.0,51069.8,66768.0,754.0
6,3.0,1.0,2.0,2.0,4.0,1.0,30.0,75000.0,2.0,2.0,2.0,2.0,2.0,2.0,0.0,2.0,4.0,6.0,2.0,2000.0,1000.0,1.0,200000.0,220000.0,1.0,137750.4,208627.0,745.0
6,4.0,1.0,3.0,1.0,4.0,2.0,30.0,90000.0,2.0,2.0,2.0,2.0,2.0,2.0,0.0,2.0,4.0,6.0,2.0,3000.0,1500.0,1.0,300000.0,355000.0,3.0,141040.5,252102.0,746.0
6,3.0,1.0,2.0,1.0,4.0,1.0,30.0,65000.0,2.0,2.0,2.0,2.0,2.0,2.0,0.0,2.0,4.0,6.0,2.0,0.0,1500000.0,1.0,300000.0,210000.0,2.0,119416.1,222702.0,743.0
6,3.0,1.0,3.0,2.0,4.0,1.0,30.0,80000.0,3.0,2.0,2.0,2.0,2.0,2.0,0.0,2.0,4.0,6.0,2.0,0.0,2000.0,1.0,290000.0,290000.0,3.0,123947.8,232493.0,745.0
6,3.0,1.0,3.0,2.0,4.0,2.0,30.0,85000.0,3.0,2.0,2.0,2.0,1.0,2.0,0.0,2.0,4.0,6.0,2.0,0.0,1000000.0,1.0,200000.0,168500.0,5.0,139711.4,156363.0,751.0
6,3.0,3.0,1.0,2.0,4.0,2.0,30.0,50000.0,3.0,3.0,2.0,2.0,2.0,2.0,0.0,2.0,4.0,6.0,2.0,0.0,2000.0,1.0,200000.0,240000.0,1.0,134156.2,305222.0,752.0
6,2.0,1.0,1.0,1.0,4.0,1.0,30.0,60000.0,2.0,2.0,2.0,2.0,2.0,2.0,0.0,2.0,4.0,6.0,2.0,30000.0,2000.0,1.0,250000.0,610000.0,2.0,122207.6,277406.0,743.0
6,3.0,3.0,2.0,1.0,4.0,1.0,30.0,130000.0,3.0,3.0,2.0,2.0,2.0,2.0,0.0,2.0,4.0,6.0,2.0,500000.0,400000.0,1.0,250000.0,580000.0,2.0,155059.48,227425.0,742.0
6,5.0,1.0,3.0,1.0,4.0,1.0,30.0,120000.0,3.0,2.0,2.0,2.0,2.0,1.0,700000.0,1.0,4.0,6.0,2.0,0.0,800000.0,1.0,350000.0,357000.0,4.0,228985.79,292148.0,738.0
6,1.0,1.0,2.0,2.0,4.0,2.0,30.0,50000.0,3.0,2.0,2.0,2.0,1.0,2.0,0.0,2.0,4.0,6.0,2.0,180000.0,150000.0,1.0,80000.0,55000.0,2.0,93045.35,114639.0,752.0
6,1.0,1.0,2.0,2.0,4.0,2.0,30.0,70000.0,3.0,2.0,2.0,2.0,1.0,2.0,0.0,2.0,1.0,1.0,1.0,300000.0,150000.0,1.0,100000.0,54000.0,2.0,86342.84999999999,38224.0,752.0
6,3.0,1.0,1.0,1.0,4.0,2.0,30.0,200000.0,4.0,2.0,2.0,1.0,2.0,2.0,0.0,2.0,4.0,6.0,2.0,0.0,400000.0,1.0,250000.0,400000.0,1.0,205893.65,154823.0,741.0
6,2.0,1.0,2.0,2.0,4.0,2.0,30.0,90000.0,3.0,2.0,2.0,2.0,1.0,2.0,0.0,2.0,4.0,6.0,2.0,250000.0,200000.0,1.0,120000.0,77000.0,3.0,129319.65,85274.0,752.0
6,6.0,1.0,2.0,1.0,4.0,2.0,30.0,80000.0,3.0,2.0,2.0,2.0,2.0,1.0,120000.0,1.0,4.0,6.0,2.0,0.0,600000.0,1.0,280000.0,185000.0,3.0,178202.34,135243.0,746.0
6,7.0,1.0,2.0,1.0,4.0,2.0,30.0,64000.0,5.0,2.0,2.0,2.0,2.0,2.0,0.0,2.0,4.0,2.0,2.0,700000.0,600000.0,1.0,300000.0,194000.0,3.0,217334.3,208062.0,743.0
6,4.0,1.0,3.0,1.0,4.0,2.0,30.0,100000.0,3.0,2.0,2.0,2.0,2.0,2.0,70000.0,1.0,4.0,6.0,2.0,700000.0,600000.0,1.0,200000.0,171000.0,3.0,188719.52,161242.0,747.0
6,1.0,1.0,2.0,2.0,4.0,2.0,30.0,45000.0,3.0,2.0,2.0,2.0,1.0,2.0,0.0,2.0,4.0,6.0,2.0,0.0,0.0,1.0,150000.0,35000.0,1.0,82635.55,90636.0,752.0
6,6.0,1.0,3.0,1.0,4.0,2.0,30.0,150000.0,3.0,2.0,2.0,2.0,2.0,2.0,4000000.0,2.0,4.0,6.0,2.0,0.0,2000000.0,1.0,500000.0,471000.0,5.0,225526.95,247342.0,750.0
6,2.0,1.0,2.0,1.0,4.0,2.0,30.0,90000.0,3.0,3.0,2.0,2.0,1.0,2.0,0.0,2.0,4.0,6.0,2.0,0.0,0.0,1.0,300000.0,40000.0,2.0,125105.65,337397.0,750.0
6,7.0,1.0,2.0,1.0,4.0,1.0,30.0,150000.0,3.0,2.0,2.0,2.0,1.0,2.0,1440000.0,1.0,4.0,6.0,2.0,0.0,0.0,1.0,300000.0,470500.0,6.0,219265.95,249627.0,2880749.0
6,3.0,1.0,2.0,1.0,4.0,2.0,30.0,115000.0,3.0,2.0,2.0,2.0,2.0,2.0,0.0,2.0,4.0,6.0,2.0,0.0,600000.0,1.0,300000.0,53000.0,1.0,126328.2,161645.0,748.0
6,6.0,1.0,2.0,1.0,4.0,1.0,30.0,150000.0,2.0,2.0,2.0,2.0,2.0,2.0,0.0,2.0,4.0,6.0,2.0,0.0,0.0,1.0,500000.0,410000.0,5.0,192574.75,264768.0,748.0
6,4.0,1.0,2.0,2.0,4.0,2.0,30.0,120000.0,3.0,2.0,2.0,2.0,2.0,2.0,0.0,2.0,4.0,6.0,2.0,0.0,0.0,1.0,300000.0,197000.0,2.0,182216.55,150514.0,752.0
6,6.0,3.0,3.0,1.0,4.0,2.0,30.0,75000.0,3.0,3.0,2.0,2.0,2.0,2.0,240000.0,1.0,4.0,6.0,2.0,0.0,0.0,1.0,300000.0,207000.0,4.0,227782.15,180237.0,751.0
6,5.0,1.0,3.0,2.0,4.0,2.0,30.0,95000.77777777778,3.0,3.0,2.0,2.0,2.0,2.0,150000.0,1.0,4.0,6.0,2.0,0.0,0.0,1.4444444444444444,299391.1111111111,164000.0,4.0,182077.15,208995.0,751.0
6,2.0,1.0,3.0,1.0,4.0,2.0,30.0,200000.0,4.0,2.0,2.0,2.0,1.0,2.0,250000.0,1.0,4.0,2.0,2.0,0.0,400000.0,1.0,100000.0,43200.0,2.0,143574.1,143275.0,440749.0
6,5.0,1.0,3.0,2.0,4.0,2.0,30.0,50000.0,5.0,2.0,2.0,2.0,1.0,2.0,30000.0,1.0,4.0,6.0,2.0,0.0,2000000.0,1.0,200000.0,235000.0,4.0,228078.91,257751.0,755.0
6,6.0,1.0,4.0,1.0,4.0,2.0,30.0,7.0,4.0,2.0,2.0,2.0,2.0,2.0,60000.0,1.0,4.0,1.0,2.0,0.0,3000000.0,1.0,280000.0,180000.0,2.0,157229.48,149406.0,743.0
6,8.0,1.0,4.0,1.0,4.0,1.0,30.0,200000.0,4.0,3.0,2.0,1.0,1.0,2.0,2000000.0,1.0,4.0,1.0,2.0,0.0,2500000.0,1.0,500000.0,605000.0,8.0,228363.94,612759.0,743.0
6,3.0,1.0,3.0,1.0,1.0,2.0,30.0,150000.0,3.0,1.0,2.0,1.0,1.0,2.0,0.0,2.0,4.0,1.0,2.0,0.0,1000000.0,1.0,200000.0,225100.0,4.0,213523.9,395244.0,3096749.0
6,6.0,1.0,2.0,1.0,4.0,1.0,30.0,20000.0,5.0,2.0,2.0,1.0,1.0,2.0,600000.0,1.0,4.0,1.0,2.0,2000000.0,1000000.0,1.0,200000.0,240000.0,3.0,142798.7,237093.0,2018756.0
6,6.0,1.0,3.0,2.0,4.0,1.0,30.0,95000.0,4.0,3.0,2.0,2.0,2.0,2.0,45000.0,1.0,2.0,2.0,2.0,0.0,2000.0,1.0,250000.0,211000.0,4.0,95899.5,362766.0,752.0
6,1.0,1.0,2.0,2.0,4.0,2.0,30.0,50000.77777777778,4.0,3.0,2.0,2.0,1.0,2.0,0.0,2.0,4.0,1.0,2.0,0.0,450000.0,1.0,45000.0,45000.0,1.0,119241.01,36524.0,757.0
6,2.0,1.0,2.0,2.0,4.0,2.0,30.0,40000.0,4.0,2.0,2.0,2.0,2.0,2.0,0.0,2.0,4.0,1.0,2.0,0.0,400000.0,1.0,80000.0,82100.0,2.0,164592.9,65281.0,754.0
6,12.0,1.0,4.0,1.0,4.0,1.0,30.0,7.0,4.0,3.0,2.0,2.0,2.0,2.0,460000.0,1.0,4.0,4.0,2.0,900000.0,600000.0,1.0,400000.0,313000.0,3.0,339624.9,552096.0,748.0
6,4.0,1.0,3.0,1.0,4.0,1.0,30.0,130000.0,3.0,2.0,2.0,2.0,2.0,2.0,0.0,2.0,4.0,3.0,2.0,800000.0,500000.0,1.0,300000.0,90000.0,1.0,358351.8,591654.0,741.0
6,4.0,1.0,3.0,1.0,4.0,2.0,30.0,160000.0,3.0,3.0,2.0,2.0,2.0,2.0,0.0,2.0,4.0,6.0,2.0,700000.0,500000.0,1.0,300000.0,156000.0,2.0,248673.9,322716.0,749.0
6,5.0,1.0,4.0,1.0,4.0,1.0,30.0,170000.0,3.0,2.0,2.0,2.0,2.0,2.0,0.0,2.0,4.0,1.0,2.0,800000.0,500000.0,1.0,200000.0,766000.0,3.0,223179.0,1389679.5,747.0
6,2.0,1.0,2.0,1.0,4.0,1.0,30.0,12500.0,3.0,3.0,2.0,2.0,2.0,2.0,170000.0,1.0,4.0,6.0,2.0,600000.0,400000.0,1.0,250000.0,150000.0,1.0,167729.85,126105.0,747.0
6,4.0,1.0,3.0,1.0,4.0,1.0,30.0,165000.0,3.0,1.0,2.0,2.0,2.0,2.0,0.0,2.0,4.0,6.0,2.0,900000.0,600000.0,1.0,400000.0,266000.0,2.0,227386.7,304194.0,744.0
6,6.0,1.0,3.0,1.0,4.0,2.0,30.0,160000.0,3.0,3.0,2.0,2.0,2.0,2.0,0.0,2.0,4.0,6.0,2.0,900000.0,700000.0,1.0,400000.0,270000.0,4.0,288222.1,477012.0,744.0
6,1.0,1.0,4.0,2.0,4.0,2.0,30.0,150000.0,3.0,3.0,2.0,2.0,2.0,2.0,150000.0,1.0,4.0,6.0,2.0,500000.0,300000.0,1.0,200000.0,30000.0,1.0,84598.6,72809.0,752.0
6,6.0,1.0,5.0,1.0,4.0,1.0,30.0,140000.0,3.0,2.0,2.0,2.0,2.0,2.0,400000.0,1.0,4.0,6.0,2.0,800000.0,500000.0,1.0,300000.0,75000.0,2.0,286835.05,428293.0,745.0
6,2.0,3.0,3.0,1.0,2.0,2.0,30.0,150000.0,3.0,3.0,2.0,2.0,1.0,2.0,0.0,2.0,4.0,5.0,2.0,800000.0,400000.0,1.0,150000.0,264000.0,3.0,161721.4,383238.0,745.0
6,3.0,1.0,3.0,1.0,4.0,1.0,30.0,150000.0,3.0,2.0,2.0,2.0,2.0,2.0,0.0,2.0,4.0,6.0,2.0,2000.0,500000.0,1.0,250000.0,265000.0,3.0,238432.3,226854.0,745.0
6,4.0,1.0,3.0,1.0,4.0,1.0,30.0,120000.0,2.0,2.0,2.0,2.0,2.0,2.0,0.0,2.0,4.0,6.0,2.0,600000.0,400000.0,1.0,200000.0,300000.0,3.0,202752.45,405492.0,742.0
6,3.0,3.0,3.0,1.0,2.0,2.0,30.0,80000.0,3.0,3.0,2.0,2.0,2.0,2.0,0.0,2.0,4.0,5.0,2.0,2000.0,1000.0,1.0,200000.0,148000.0,3.0,199404.05,511539.0,752.0
6,4.0,1.0,3.0,1.0,4.0,2.0,30.0,140000.0,3.0,3.0,2.0,2.0,1.0,2.0,0.0,2.0,4.0,2.0,2.0,1000000.0,500000.0,1.0,200000.0,150000.0,1.0,157570.0,171736.0,748.0
6,2.0,1.0,3.0,1.0,4.0,2.0,30.0,120000.0,3.0,2.0,2.0,2.0,1.0,2.0,0.0,2.0,4.0,6.0,2.0,2000.0,1000.0,3.0,237560.0,107000.0,2.0,207474.75,183825.0,742.0
6,5.0,1.0,3.0,1.0,4.0,2.0,30.0,250000.0,2.0,2.0,2.0,2.0,2.0,2.0,0.0,2.0,4.0,2.0,2.0,700000.0,500000.0,1.0,200000.0,144000.0,3.0,293387.3,428166.0,746.0
6,5.0,1.0,3.0,2.0,4.0,1.0,30.0,110000.0,3.0,2.0,2.0,2.0,2.0,2.0,2400000.0,1.0,4.0,5.0,2.0,1000000.0,500000.0,1.0,300000.0,345000.0,3.0,253106.6,425663.0,747.0
6,6.0,1.0,3.0,2.0,4.0,2.0,30.0,7.0,3.0,2.0,2.0,2.0,2.0,2.0,0.0,2.0,4.0,6.0,1.0,1200000.0,500000.0,1.0,200000.0,130000.0,3.0,232884.75,401272.0,749.0
6,4.0,1.0,3.0,1.0,4.0,1.0,30.0,180000.0,2.0,1.0,2.0,2.0,1.0,2.0,200000.0,1.0,4.0,1.0,2.0,0.0,0.0,1.6666666666666667,477638.3333333333,200000.0,1.0,156024.1,287627.0,40745.0
6,7.0,1.0,2.0,1.0,4.0,1.0,30.0,205000.0,3.0,2.0,2.0,2.0,2.0,2.0,3000000.0,1.0,4.0,2.0,2.0,0.0,1000.0,1.4444444444444444,520338.8888888889,355000.0,4.0,293195.05,421217.0,745.0
6,5.0,1.0,3.0,2.0,4.0,2.0,30.0,80000.0,3.0,2.0,2.0,2.0,2.0,2.0,0.0,2.0,2.0,6.0,1.0,0.0,0.0,1.0,200000.0,153500.0,3.0,148690.8,112404.0,755.0
6,6.0,1.0,3.0,1.0,4.0,2.0,30.0,250000.0,3.0,2.0,2.0,2.0,1.0,2.0,0.0,2.0,4.0,1.0,2.0,5000.0,1500.0,3.0,237560.0,271000.0,4.0,449174.9,391378.0,741.0
6,6.0,1.0,3.0,1.0,4.0,2.0,30.0,110000.0,3.0,2.0,2.0,2.0,1.0,2.0,0.0,2.0,4.0,6.0,2.0,0.0,0.0,1.0,251111.11111111112,250000.0,3.0,191737.75,246379.0,747.0
6,3.0,1.0,3.0,1.0,4.0,1.0,30.0,120000.0,3.0,2.0,2.0,2.0,1.0,2.0,0.0,2.0,4.0,6.0,2.0,0.0,0.0,1.0,202222.22222222225,62000.0,2.0,239404.45,264352.0,748.0
6,2.0,1.0,3.0,1.0,4.0,2.0,30.0,150000.0,3.0,2.0,2.0,2.0,2.0,1.0,0.0,2.0,4.0,6.0,2.0,0.0,2000.0,1.4444444444444444,421248.8888888889,573000.0,3.0,215381.4,1748603.0,749.0
6,4.0,1.0,3.0,1.0,4.0,2.0,30.0,150000.0,3.0,2.0,2.0,2.0,2.0,2.0,0.0,2.0,4.0,6.0,2.0,0.0,0.0,1.2222222222222223,294183.3333333333,200000.0,1.0,191708.3,204025.0,749.0
6,7.0,2.0,3.0,1.0,4.0,2.0,30.0,180000.0,3.0,2.0,2.0,2.0,2.0,2.0,700000.0,1.0,4.0,4.0,1.0,0.0,0.0,1.0,288888.8888888889,209450.0,2.0,174004.0,189408.0,749.0
6,4.0,1.0,3.0,1.0,4.0,1.0,30.0,70000.0,2.0,3.0,2.0,2.0,2.0,2.0,500000.0,1.0,4.0,4.0,2.0,5500.0,3000.0,3.0,475120.0,220000.0,2.0,234890.85,214048.0,746.0
6,4.0,1.0,2.0,1.0,4.0,2.0,30.0,30000.0,3.0,3.0,2.0,2.0,2.0,2.0,0.0,2.0,1.0,3.0,2.0,5000.0,2500.0,1.0,300000.0,28000.0,1.0,192739.35,138701.0,746.0
6,2.0,3.0,1.0,1.0,3.0,2.0,30.0,75000.0,3.0,3.0,2.0,2.0,2.0,2.0,300000.0,1.0,4.0,4.0,2.0,4000.0,2000.0,1.0,200000.0,90000.0,1.0,88049.1,86403.0,750.0
6,1.0,1.0,2.0,1.0,4.0,2.0,30.0,100000.0,2.0,3.0,2.0,2.0,1.0,2.0,0.0,2.0,4.0,3.0,2.0,2000.0,1000.0,1.0,100000.0,44250.0,2.0,101740.8,120255.0,744.0
6,2.0,1.0,2.0,2.0,4.0,2.0,30.0,45000.0,3.0,3.0,2.0,2.0,2.0,2.0,0.0,2.0,4.0,4.0,2.0,3000.0,2000.0,1.0,200000.0,100000.0,2.0,217860.1,161148.0,749.0
6,1.0,1.0,1.0,1.0,4.0,2.0,30.0,60000.0,3.0,3.0,2.0,2.0,1.0,2.0,0.0,2.0,4.0,4.0,2.0,2500.0,1500.0,1.0,150000.0,80000.0,1.0,69429.0,99995.0,749.0
6,3.0,3.0,1.0,1.0,3.0,2.0,30.0,70000.0,3.0,3.0,2.0,2.0,1.0,2.0,0.0,2.0,4.0,4.0,2.0,4000.0,2000.0,1.0,300000.0,80000.0,1.0,92127.1,45940.0,749.0
6,4.0,1.0,3.0,1.0,4.0,1.0,30.0,150000.0,2.0,1.0,2.0,2.0,2.0,2.0,0.0,2.0,4.0,4.0,2.0,5000.0,2500.0,1.0,300000.0,295000.0,2.0,289033.2,344971.0,742.0
6,2.0,3.0,1.0,1.0,4.0,2.0,30.0,150000.0,2.0,3.0,2.0,2.0,2.0,2.0,0.0,2.0,4.0,3.0,2.0,5000.0,2500.0,1.0,400000.0,214000.0,2.0,200627.35,237244.0,749.0
6,2.0,1.0,3.0,1.0,4.0,1.0,30.0,200000.0,3.0,3.0,2.0,1.0,1.0,1.0,0.0,2.0,4.0,6.0,2.0,0.0,0.0,1.0,300000.0,820200.0,4.0,349203.81,2759746.0,746.0
6,6.0,1.0,3.0,1.0,4.0,1.0,30.0,250000.0,3.0,3.0,2.0,2.0,2.0,2.0,2000000.0,1.0,4.0,6.0,2.0,0.0,0.0,1.0,600000.0,400000.0,4.0,557314.995,399742.0,744.0
6,3.0,1.0,3.0,2.0,4.0,2.0,30.0,150000.0,3.0,2.0,2.0,2.0,2.0,2.0,188000.0,1.0,4.0,1.0,2.0,0.0,0.0,1.0,400000.0,275000.0,4.0,177424.082,185186.0,750.0
6,3.0,1.0,3.0,1.0,4.0,2.0,30.0,115000.0,3.0,3.0,2.0,2.0,2.0,2.0,0.0,2.0,4.0,4.0,2.0,0.0,0.0,1.0,400000.0,40800.0,1.0,85770.09,230449.0,745.0
6,4.0,1.0,3.0,1.0,4.0,2.0,30.0,200000.0,3.0,2.0,2.0,2.0,2.0,2.0,800000.0,1.0,4.0,6.0,2.0,0.0,0.0,1.0,600000.0,320000.0,3.0,509593.365,490159.0,747.0
6,4.0,1.0,3.0,1.0,2.0,2.0,30.0,200000.0,2.0,2.0,2.0,2.0,2.0,2.0,480000.0,1.0,4.0,6.0,2.0,0.0,0.0,1.0,1000000.0,997000.0,5.0,531084.095,331321.0,3800747.0
6,2.0,1.0,1.0,1.0,4.0,2.0,30.0,60000.0,4.0,3.0,2.0,2.0,2.0,2.0,48000.0,1.0,4.0,6.0,2.0,0.0,0.0,1.0,200000.0,40800.0,1.0,181731.945,74625.0,751.0
6,3.0,1.0,3.0,1.0,4.0,2.0,30.0,200000.0,2.0,2.0,2.0,2.0,2.0,2.0,0.0,2.0,4.0,6.0,2.0,0.0,0.0,1.0,350000.0,228000.0,2.0,339871.86,257547.0,744.0
6,4.0,1.0,3.0,1.0,4.0,1.0,30.0,185000.0,2.0,2.0,2.0,2.0,1.0,2.0,0.0,2.0,4.0,4.0,2.0,0.0,600000.0,1.0,300000.0,468300.0,4.0,368274.93,319032.0,747.0
6,1.0,5.0,1.0,2.0,4.0,2.0,30.0,10000.0,5.0,3.0,2.0,2.0,2.0,2.0,25000.0,1.0,4.0,5.0,2.0,0.0,0.0,1.0,100000.0,38000.0,1.0,127081.0,50875.0,751.0
6,2.0,1.0,2.0,2.0,4.0,2.0,30.0,100000.0,3.0,2.0,2.0,2.0,2.0,2.0,0.0,2.0,4.0,3.0,2.0,0.0,0.0,1.0,220000.0,120000.0,2.0,276230.25,156174.0,753.0
6,2.0,1.0,3.0,1.0,4.0,2.0,30.0,92000.0,4.0,1.0,2.0,2.0,1.0,2.0,0.0,1.0,4.0,5.0,2.0,0.0,0.0,3.0,285072.0,285000.0,2.0,197437.36,672689.0,16750.0
6,1.0,1.0,1.0,2.0,4.0,2.0,30.0,28000.0,3.0,3.0,2.0,2.0,2.0,2.0,0.0,2.0,4.0,3.0,2.0,0.0,0.0,1.0,100000.0,49000.0,1.0,115522.08,121584.0,752.0
6,6.0,1.0,3.0,1.0,4.0,1.0,30.0,180000.0,3.0,2.0,2.0,2.0,1.0,2.0,1695000.0,2.0,4.0,3.0,2.0,0.0,0.0,1.0,800000.0,294000.0,4.0,287430.83,243218.0,748.0
6,1.0,1.0,2.0,2.0,4.0,2.0,30.0,10000.0,3.0,2.0,2.0,2.0,1.0,2.0,0.0,2.0,4.0,3.0,2.0,0.0,0.0,1.0,300000.0,70000.0,1.0,134515.82,77573.0,748.0
6,3.0,1.0,2.0,1.0,4.0,2.0,30.0,120000.0,3.0,2.0,2.0,2.0,1.0,2.0,0.0,2.0,4.0,4.0,2.0,0.0,1000000.0,1.0,500000.0,164000.0,3.0,224791.6,188239.0,747.0
6,2.0,1.0,2.0,2.0,4.0,2.0,30.0,69000.0,3.0,2.0,2.0,2.0,1.0,2.0,0.0,2.0,4.0,3.0,2.0,1000000.0,600000.0,1.0,300000.0,140000.0,2.0,157340.81,334861.0,750.0
6,4.0,1.0,3.0,1.0,4.0,2.0,30.0,80000.0,3.0,3.0,2.0,2.0,1.0,2.0,250000.0,1.0,4.0,5.0,2.0,0.0,4000.0,3.0,475120.0,167000.0,4.0,178330.22,297935.0,746.0
6,1.0,1.0,3.0,2.0,4.0,2.0,30.0,80000.0,3.0,3.0,2.0,1.0,1.0,2.0,0.0,2.0,4.0,1.0,2.0,0.0,200000.0,1.0,166666.66666666666,55000.0,1.0,126667.3,46121.0,1000758.0
6,1.0,1.0,2.0,1.0,4.0,2.0,30.0,60000.0,5.0,3.0,2.0,2.0,1.0,1.0,0.0,2.0,4.0,1.0,2.0,0.0,2000000.0,1.0,214444.44444444444,30000.0,1.0,118716.25,139955.0,749.0
6,3.0,1.0,3.0,1.0,4.0,2.0,30.0,7.0,4.0,3.0,2.0,2.0,2.0,2.0,200000.0,1.0,4.0,4.0,2.0,0.0,1500000.0,1.0,200000.0,80000.0,2.0,134587.7,149068.0,748.0
6,4.0,1.0,5.0,1.0,4.0,1.0,30.0,200000.0,3.0,3.0,2.0,2.0,2.0,2.0,0.0,2.0,4.0,1.0,2.0,0.0,1000000.0,1.0,355555.55555555556,275000.0,2.0,219039.3,327208.0,746.0
6,5.0,1.0,2.0,1.0,4.0,2.0,30.0,7.0,3.0,3.0,2.0,2.0,1.0,2.0,150000.0,2.0,1.0,1.0,1.0,0.0,1000000.0,1.0,233444.44444444444,34000.0,1.0,118838.4,55989.0,752.0
6,5.0,1.0,5.0,1.0,4.0,2.0,30.0,200000.0,3.0,3.0,2.0,2.0,2.0,2.0,0.0,2.0,4.0,2.0,2.0,0.0,2000000.0,1.0,300000.0,325000.0,3.0,228473.55,405818.0,747.0
6,6.0,1.0,1.0,2.0,4.0,1.0,30.0,7.0,5.0,3.0,2.0,2.0,1.0,2.0,1000000.0,2.0,4.0,2.0,2.0,0.0,1000000.0,1.0,250000.0,102000.0,2.0,160149.7,347935.0,751.0
6,10.0,1.0,3.0,1.0,4.0,2.0,30.0,120000.0,3.0,3.0,2.0,2.0,2.0,2.0,1000000.0,2.0,4.0,1.0,2.0,0.0,1000000.0,1.0,300000.0,300000.0,3.0,229965.95,322445.0,748.0
6,7.0,1.0,2.0,2.0,4.0,2.0,30.0,7.0,5.0,3.0,2.0,2.0,2.0,2.0,50000.0,2.0,4.0,1.0,1.0,0.0,1000000.0,1.0,164000.0,95000.0,3.0,120014.1,49125.0,757.0
6,2.0,1.0,3.0,2.0,4.0,2.0,30.0,60000.0,3.0,3.0,2.0,2.0,2.0,2.0,0.0,2.0,4.0,6.0,2.0,0.0,2000.0,1.0,300000.0,397000.0,3.0,198275.18,292359.0,749.0
6,6.0,1.0,2.0,1.0,4.0,2.0,30.0,100000.0,4.0,3.0,2.0,2.0,2.0,2.0,0.0,2.0,4.0,4.0,2.0,5000000.0,3000000.0,1.0,1000000.0,186500.0,3.0,191807.3,272608.0,748.0
6,2.0,1.0,2.0,1.0,4.0,2.0,30.0,120000.0,3.0,3.0,2.0,2.0,2.0,2.0,0.0,2.0,4.0,6.0,2.0,3000.0,2000.0,1.0,400000.0,87000.0,2.0,213049.25,136787.0,747.0
6,4.0,1.0,2.0,1.0,4.0,1.0,30.0,80000.0,3.0,3.0,2.0,2.0,2.0,2.0,0.0,2.0,4.0,6.0,2.0,0.0,4000000.0,1.0,1000000.0,370000.0,3.0,302695.71,393139.0,744.0
6,2.0,1.0,1.0,2.0,4.0,2.0,30.0,75000.0,4.0,3.0,2.0,2.0,2.0,2.0,0.0,2.0,4.0,6.0,2.0,0.0,0.0,1.0,300000.0,230000.0,3.0,244529.46,250443.0,750.0
6,1.0,1.0,2.0,1.0,4.0,2.0,30.0,70000.77777777778,3.0,3.0,2.0,2.0,2.0,2.0,0.0,2.0,4.0,6.0,2.0,0.0,0.0,1.0,211111.11111111112,57000.0,1.0,207805.65,133863.0,750.0
6,5.0,1.0,3.0,1.0,4.0,1.0,30.0,240000.0,3.0,3.0,2.0,2.0,2.0,2.0,0.0,2.0,4.0,6.0,2.0,0.0,0.0,1.0,800000.0,290000.0,3.0,303341.15,463715.0,745.0
6,6.0,1.0,3.0,1.0,4.0,2.0,30.0,120000.0,3.0,3.0,2.0,2.0,1.0,2.0,0.0,2.0,4.0,6.0,2.0,0.0,0.0,1.0,500000.0,270000.0,2.0,365967.9,339815.0,747.0
6,1.0,1.0,1.0,2.0,4.0,2.0,30.0,150000.0,3.0,3.0,2.0,2.0,2.0,2.0,0.0,2.0,1.0,1.0,2.0,0.0,0.0,1.0,148000.0,72000.0,2.0,105899.8,45804.0,756.0
6,3.0,1.0,3.0,1.0,4.0,2.0,30.0,100000.0,4.0,3.0,2.0,2.0,2.0,2.0,0.0,2.0,4.0,1.0,2.0,0.0,0.0,1.0,224444.44444444444,157000.0,2.0,199533.8,227769.0,746.0
6,1.0,1.0,1.0,2.0,4.0,2.0,30.0,30000.0,4.0,3.0,2.0,2.0,2.0,2.0,0.0,2.0,4.0,1.0,2.0,0.0,0.0,1.0,188888.88888888888,57000.0,1.0,121508.3,210274.0,749.0
6,2.0,1.0,2.0,1.0,4.0,2.0,30.0,150000.0,4.0,2.0,2.0,2.0,2.0,2.0,0.0,2.0,4.0,1.0,2.0,0.0,0.0,1.0,150000.0,180000.0,2.0,192569.55,275755.0,745.0
6,1.0,1.0,4.0,1.0,4.0,2.0,30.0,50000.0,3.0,2.0,2.0,2.0,1.0,2.0,0.0,2.0,4.0,1.0,2.0,0.0,0.0,1.0,100000.0,40900.0,2.0,135075.1,110132.0,748.0
6,4.0,1.0,2.0,2.0,4.0,2.0,30.0,30000.0,5.0,3.0,2.0,2.0,2.0,2.0,0.0,2.0,4.0,1.0,2.0,0.0,0.0,1.4444444444444444,404582.22222222225,265000.0,2.0,252230.95,1814561.0,749.0
6,4.0,1.0,4.0,1.0,4.0,2.0,30.0,120000.0,3.0,2.0,2.0,2.0,1.0,2.0,0.0,2.0,4.0,1.0,2.0,0.0,0.0,1.2222222222222223,222547.77777777775,65000.0,2.0,194154.25,286372.0,746.0
6,4.0,1.0,1.0,2.0,4.0,2.0,30.0,50000.0,4.0,2.0,2.0,2.0,2.0,2.0,0.0,2.0,1.0,1.0,2.0,0.0,0.0,1.2222222222222223,343296.6666666667,179300.0,5.0,222252.55,160792.0,747.0
6,2.0,1.0,1.0,2.0,4.0,2.0,30.0,45000.0,4.0,3.0,2.0,2.0,2.0,2.0,0.0,2.0,4.0,1.0,2.0,0.0,0.0,1.0,100000.0,90000.0,1.0,154725.0,104542.0,752.0
6,4.0,1.0,1.0,2.0,4.0,2.0,30.0,36000.0,4.0,2.0,2.0,2.0,1.0,2.0,0.0,2.0,4.0,1.0,2.0,0.0,0.0,1.2222222222222223,280637.3333333333,120000.0,2.0,230521.3,133935.0,748.0
6,4.0,1.0,3.0,1.0,4.0,1.0,30.0,120000.0,3.0,2.0,2.0,2.0,2.0,2.0,0.0,2.0,1.0,1.0,2.0,1600000.0,900000.0,1.0,250000.0,637000.0,3.0,133255.05,61458.0,747.0
6,4.0,1.0,3.0,1.0,4.0,1.0,30.0,130000.0,2.0,2.0,2.0,2.0,1.0,2.0,0.0,2.0,4.0,1.0,2.0,2000000.0,800000.0,1.0,260000.0,550300.0,3.0,128825.75,139198.0,743.0
6,5.0,1.0,3.0,1.0,4.0,1.0,30.0,100000.0,3.0,2.0,2.0,2.0,1.0,1.0,40000.0,1.0,1.0,1.0,1.0,1000000.0,600000.0,1.0,270000.0,327000.0,4.0,123569.1,103289.0,300745.0
6,4.0,1.0,3.0,2.0,4.0,2.0,30.0,110000.0,2.0,2.0,2.0,1.0,1.0,1.0,0.0,2.0,4.0,1.0,1.0,1500000.0,700000.0,1.0,250000.0,299500.0,4.0,117630.7,104999.0,751.0
6,3.0,1.0,2.0,2.0,1.0,2.0,30.0,100000.0,2.0,2.0,2.0,2.0,1.0,2.0,0.0,1.0,4.0,1.0,1.0,800000.0,380000.0,1.0,200000.0,70500.0,3.0,91528.0,42099.0,752.0
6,5.0,1.0,3.0,1.0,4.0,2.0,30.0,140000.0,2.0,2.0,2.0,2.0,1.0,1.0,120000.0,1.0,1.0,1.0,1.0,2000000.0,850000.0,1.0,300000.0,258600.0,3.0,155885.5,265035.0,600746.0
6,5.0,1.0,3.0,1.0,2.0,1.0,30.0,130000.0,2.0,2.0,2.0,2.0,1.0,1.0,0.0,2.0,4.0,3.0,2.0,2600000.0,1500000.0,1.0,260000.0,285100.0,3.0,154041.3,69981.0,747.0
6,4.0,1.0,3.0,2.0,4.0,2.0,30.0,90000.0,3.0,2.0,2.0,2.0,1.0,2.0,0.0,2.0,4.0,1.0,1.0,800000.0,300000.0,1.0,130000.0,41200.0,2.0,73366.1,57907.0,753.0
6,3.0,1.0,3.0,1.0,4.0,1.0,30.0,110000.0,2.0,2.0,2.0,2.0,2.0,2.0,0.0,2.0,4.0,1.0,2.0,1650000.0,750000.0,1.0,240000.0,550000.0,2.0,134582.8,235206.0,748.0
6,5.0,1.0,3.0,2.0,4.0,2.0,30.0,80000.0,4.0,2.0,2.0,2.0,1.0,2.0,0.0,2.0,4.0,6.0,2.0,600000.0,300000.0,1.0,150000.0,80500.0,2.0,123051.75,130038.0,752.0
6,3.0,1.0,3.0,2.0,4.0,2.0,30.0,78000.0,4.0,2.0,2.0,2.0,1.0,2.0,60000.0,1.0,4.0,3.0,2.0,900000.0,350000.0,1.0,150000.0,90250.0,2.0,130785.25,85854.0,751.0
6,4.0,1.0,4.0,2.0,4.0,2.0,30.0,76000.0,3.0,2.0,2.0,2.0,1.0,2.0,100000.0,1.0,4.0,6.0,2.0,1000000.0,400000.0,1.0,200000.0,38000.0,2.0,142036.32,120914.0,745.0
6,3.0,1.0,3.0,2.0,4.0,2.0,30.0,75000.0,4.0,2.0,2.0,2.0,2.0,2.0,50000.0,1.0,4.0,3.0,2.0,850000.0,500000.0,1.0,150000.0,99100.0,3.0,136658.65,128580.0,746.0
6,5.0,1.0,4.0,2.0,4.0,2.0,30.0,80000.0,4.0,2.0,2.0,2.0,1.0,2.0,150000.0,1.0,4.0,6.0,2.0,1600000.0,900000.0,1.0,200000.0,64600.0,2.0,137875.95,157551.0,744.0
6,5.0,1.0,4.0,2.0,4.0,1.0,30.0,35000.0,3.0,2.0,2.0,2.0,2.0,2.0,0.0,2.0,4.0,6.0,2.0,2500000.0,800000.0,1.0,200000.0,110000.0,1.0,126216.3,189300.0,746.0
6,5.0,1.0,4.0,2.0,4.0,1.0,30.0,30000.0,3.0,2.0,2.0,2.0,2.0,2.0,0.0,2.0,4.0,6.0,2.0,1600000.0,800000.0,1.0,250000.0,146500.0,2.0,85157.75,158181.0,745.0
6,4.0,1.0,3.0,2.0,4.0,1.0,30.0,36000.0,4.0,2.0,2.0,2.0,2.0,2.0,0.0,2.0,4.0,6.0,2.0,1800000.0,900000.0,1.0,200000.0,100000.0,1.0,77863.8,46527.0,744.0
6,1.0,1.0,3.0,2.0,4.0,2.0,30.0,60000.0,4.0,2.0,2.0,2.0,2.0,2.0,30000.0,1.0,1.0,1.0,2.0,500000.0,300000.0,1.0,100000.0,57400.0,2.0,110799.9,68129.0,752.0
6,6.0,1.0,3.0,2.0,4.0,2.0,30.0,60000.0,4.0,2.0,2.0,2.0,1.0,2.0,0.0,2.0,4.0,3.0,2.0,650000.0,350000.0,1.0,150000.0,105600.0,3.0,104536.5,124417.0,751.0
6,6.0,1.0,3.0,2.0,4.0,2.0,30.0,50000.0,4.0,2.0,2.0,2.0,1.0,2.0,0.0,2.0,4.0,3.0,2.0,550000.0,300000.0,1.0,150000.0,79300.0,2.0,91582.95,74090.0,751.0
6,4.0,1.0,4.0,1.0,4.0,1.0,30.0,7.0,3.0,2.0,2.0,2.0,2.0,2.0,150000.0,1.0,4.0,6.0,2.0,1700000.0,800000.0,1.0,250000.0,148000.0,2.0,84600.2,180587.0,742.0
6,3.0,1.0,5.0,1.0,4.0,1.0,30.0,88000.0,3.0,2.0,2.0,2.0,2.0,2.0,200000.0,1.0,4.0,6.0,2.0,2000000.0,900000.0,1.0,200000.0,170000.0,2.0,104845.7,151311.0,742.0
6,4.0,1.0,4.0,1.0,4.0,1.0,30.0,70000.0,3.0,2.0,2.0,2.0,2.0,2.0,150000.0,1.0,4.0,6.0,2.0,1600000.0,800000.0,1.0,200000.0,180000.0,2.0,128062.15,201426.0,742.0
6,4.0,1.0,4.0,1.0,4.0,1.0,30.0,20000.0,4.0,2.0,2.0,2.0,2.0,2.0,80000.0,1.0,4.0,6.0,2.0,1000000.0,500000.0,1.0,200000.0,100000.0,1.0,108598.6,160326.0,743.0
6,4.0,1.0,4.0,2.0,4.0,2.0,30.0,60000.0,3.0,2.0,2.0,2.0,1.0,2.0,0.0,2.0,4.0,6.0,2.0,500000.0,200000.0,1.0,100000.0,41650.0,2.0,61960.8,66294.0,753.0
6,4.0,1.0,4.0,1.0,4.0,1.0,30.0,30000.0,3.0,2.0,2.0,2.0,2.0,2.0,150000.0,1.0,4.0,6.0,2.0,2000000.0,900000.0,1.0,200000.0,138000.0,2.0,70843.7,138848.0,744.0
6,3.0,1.0,3.0,2.0,4.0,2.0,30.0,78000.0,4.0,2.0,2.0,1.0,1.0,2.0,100000.0,1.0,4.0,6.0,2.0,1500000.0,500000.0,1.0,150000.0,50300.0,2.0,118184.8,151524.0,745.0
6,3.0,1.0,5.0,1.0,4.0,1.0,30.0,240000.0,3.0,3.0,2.0,2.0,2.0,2.0,0.0,2.0,4.0,3.0,2.0,1000000.0,500000.0,1.0,100000.0,215000.0,3.0,119047.0,397375.0,743.0
6,7.0,1.0,3.0,1.0,4.0,2.0,30.0,275000.0,3.0,3.0,2.0,2.0,2.0,2.0,0.0,2.0,1.0,3.0,2.0,500000.0,300000.0,1.0,120000.0,175000.0,4.0,130229.5,164240.0,750.0
6,8.0,1.0,3.0,2.0,4.0,2.0,30.0,7.0,4.0,3.0,2.0,2.0,2.0,2.0,0.0,2.0,1.0,3.0,2.0,500000.0,200000.0,1.0,100000.0,140000.0,5.0,87405.2,37082.0,753.0
6,5.0,1.0,4.0,1.0,2.0,1.0,30.0,250000.0,3.0,3.0,2.0,2.0,2.0,2.0,611000.0,1.0,4.0,3.0,2.0,1000000.0,400000.0,1.0,200000.0,180000.0,2.0,81141.4,370899.9,746.0
6,4.0,1.0,5.0,1.0,4.0,1.0,30.0,180000.0,3.0,3.0,2.0,2.0,2.0,2.0,1120000.0,1.0,4.0,1.0,2.0,1000.0,300.0,3.0,47512.0,120000.0,2.0,91638.8,232593.0,750.0
6,1.0,1.0,4.0,2.0,4.0,2.0,30.0,7.0,3.0,3.0,2.0,2.0,2.0,2.0,0.0,2.0,4.0,4.0,2.0,1000.0,500.0,3.0,47512.0,70000.0,1.0,62394.0,70952.0,750.0
6,2.0,1.0,2.0,2.0,4.0,2.0,30.0,7.0,4.0,3.0,2.0,2.0,2.0,2.0,0.0,2.0,1.0,3.0,2.0,500000.0,250000.0,1.0,100000.0,72000.0,3.0,73796.1,35453.0,759.0
6,2.0,1.0,4.0,2.0,4.0,2.0,30.0,220000.0,3.0,2.0,2.0,2.0,1.0,2.0,0.0,2.0,4.0,6.0,2.0,300000.0,150000.0,1.0,100000.0,63000.0,2.0,54142.6,38372.0,754.0
6,2.0,1.0,3.0,2.0,4.0,2.0,30.0,60000.0,3.0,3.0,2.0,2.0,2.0,2.0,0.0,2.0,4.0,3.0,2.0,2000000.0,500000.0,1.0,200000.0,115000.0,2.0,60924.0,33597.0,755.0
6,1.0,1.0,3.0,2.0,4.0,2.0,27.666666666666668,75000.0,4.0,3.0,2.0,1.0,1.0,2.0,0.0,2.0,4.0,6.0,2.0,300000.0,200000.0,1.0,40000.0,38000.0,2.0,93683.4,96572.0,749.0
6,2.0,1.0,4.0,2.0,4.0,2.0,25.77777777777778,150000.0,4.0,3.0,2.0,1.0,2.0,2.0,0.0,2.0,1.0,1.0,2.0,200000.0,150000.0,1.0,60000.0,80000.0,3.0,60539.35,144275.0,749.0
6,3.0,1.0,3.0,1.0,4.0,2.0,30.555555555555557,100000.0,4.0,3.0,2.0,2.0,2.0,2.0,0.0,2.0,4.0,6.0,2.0,1000000.0,800000.0,1.0,100000.0,120000.0,1.0,135651.2,136191.0,747.0
6,3.0,3.0,4.0,2.0,4.0,2.0,29.77777777777778,100000.0,4.0,3.0,2.0,2.0,1.0,2.0,0.0,2.0,4.0,6.0,2.0,500000.0,300000.0,1.0,40000.0,105000.0,2.0,134108.48,150574.0,753.0
6,1.0,1.0,4.0,2.0,4.0,2.0,30.0,65000.0,3.0,3.0,2.0,1.0,1.0,2.0,0.0,2.0,4.0,6.0,2.0,300000.0,200000.0,1.0,70000.0,42000.0,2.0,81458.4,149507.0,751.0
6,3.0,1.0,2.0,1.0,4.0,2.0,30.0,100000.0,4.0,3.0,2.0,2.0,2.0,2.0,50000.0,1.0,4.0,4.0,2.0,1000000.0,400000.0,1.0,100000.0,180000.0,2.0,84317.15,232276.0,748.0
6,1.0,1.0,4.0,2.0,4.0,2.0,29.88888888888889,75000.0,4.0,3.0,2.0,1.0,1.0,2.0,0.0,2.0,1.0,1.0,2.0,0.0,0.0,1.4444444444444444,227961.11111111112,115000.0,3.0,79264.1,261363.0,754.0
6,1.0,5.0,2.0,2.0,4.0,2.0,30.0,80000.0,4.0,3.0,2.0,2.0,1.0,2.0,30000.0,1.0,4.0,6.0,2.0,500000.0,400000.0,1.0,100000.0,40000.0,2.0,119100.74,132659.0,748.0
6,2.0,1.0,3.0,2.0,4.0,2.0,30.0,65000.0,4.0,3.0,2.0,2.0,2.0,2.0,0.0,2.0,4.0,6.0,2.0,500000.0,400000.0,1.0,100000.0,180000.0,2.0,68912.68,117640.0,748.0
6,5.0,1.0,2.0,1.0,4.0,2.0,30.0,160000.0,3.0,2.0,2.0,2.0,2.0,2.0,0.0,1.0,4.0,5.0,2.0,0.0,2000000.0,1.0,140000.0,143000.0,2.0,201298.17,92135.0,742.0
6,2.0,1.0,3.0,1.0,4.0,2.0,30.0,120000.0,3.0,3.0,2.0,2.0,1.0,2.0,0.0,2.0,4.0,6.0,2.0,0.0,0.0,1.0,100000.0,25100.0,2.0,110039.8,123637.0,746.0
6,3.0,1.0,2.0,1.0,4.0,2.0,30.0,120000.0,2.0,2.0,2.0,2.0,2.0,2.0,50000.0,1.0,4.0,6.0,2.0,0.0,0.0,1.0,85000.0,88000.0,2.0,178969.61,205382.0,743.0
6,5.0,1.0,2.0,1.0,4.0,2.0,30.0,150000.0,3.0,2.0,2.0,2.0,2.0,2.0,0.0,2.0,4.0,6.0,2.0,0.0,5000.0,1.0,250000.0,274600.0,3.0,152932.62,320705.0,744.0
6,4.0,1.0,2.0,1.0,4.0,2.0,30.0,90000.0,4.0,3.0,2.0,2.0,1.0,2.0,156000.0,1.0,1.0,3.0,2.0,0.0,5000.0,1.0,140000.0,157650.0,3.0,140889.22,106856.0,450743.0
6,3.0,1.0,1.0,1.0,4.0,2.0,30.0,80000.0,3.0,2.0,2.0,2.0,2.0,2.0,50000.0,1.0,4.0,5.0,2.0,0.0,0.0,1.0,180000.0,110000.0,1.0,121823.35,173248.0,744.0
6,2.0,1.0,2.0,2.0,4.0,2.0,30.0,48890.444444444445,4.0,3.0,2.0,2.0,2.0,2.0,0.0,2.0,4.0,5.0,2.0,0.0,1000000.0,1.0,81000.0,81000.0,2.0,130373.5,25369.0,753.0
6,2.0,1.0,3.0,2.0,4.0,2.0,30.0,80000.0,3.0,2.0,2.0,2.0,1.0,2.0,790000.0,1.0,4.0,5.0,2.0,5000000.0,2000000.0,1.0,180000.0,47000.0,2.0,164543.39,333993.0,744.0
6,5.0,1.0,2.0,1.0,4.0,1.0,30.0,160000.0,3.0,1.0,2.0,2.0,1.0,2.0,0.0,2.0,4.0,6.0,2.0,0.0,0.0,1.0,250000.0,330000.0,2.0,107252.4,281309.0,2600743.0
6,4.0,1.0,2.0,1.0,4.0,1.0,30.0,80000.0,3.0,2.0,2.0,2.0,2.0,2.0,0.0,2.0,4.0,6.0,2.0,0.0,0.0,1.0,250000.0,185000.0,1.0,246602.7,575613.0,741.0
6,4.0,1.0,2.0,1.0,4.0,1.0,30.0,100000.0,3.0,2.0,2.0,2.0,2.0,2.0,0.0,2.0,4.0,6.0,2.0,0.0,0.0,1.0,150000.0,170000.0,1.0,199623.18,202460.0,742.0
6,4.0,1.0,3.0,1.0,4.0,1.0,30.0,60000.0,3.0,2.0,2.0,1.0,1.0,2.0,1500000.0,1.0,4.0,6.0,2.0,0.0,0.0,1.0,70000.0,1000.0,1.0,142135.88,82364.0,4000745.0
6,4.0,1.0,3.0,1.0,4.0,2.0,30.0,85000.0,3.0,2.0,2.0,2.0,1.0,2.0,0.0,2.0,4.0,6.0,2.0,0.0,0.0,1.0,200000.0,210000.0,2.0,172840.15,166120.0,745.0
6,3.0,1.0,1.0,1.0,4.0,2.0,30.0,60000.0,3.0,2.0,2.0,2.0,1.0,2.0,0.0,2.0,4.0,6.0,2.0,0.0,0.0,1.0,200000.0,220000.0,2.0,207792.5,163189.0,743.0
6,5.0,1.0,2.0,1.0,4.0,2.0,30.0,120000.0,3.0,2.0,2.0,2.0,2.0,2.0,50000.0,1.0,4.0,6.0,2.0,0.0,0.0,1.0,200000.0,205000.0,2.0,154993.6,189897.0,742.0
6,2.0,1.0,2.0,2.0,4.0,2.0,30.0,75000.0,3.0,2.0,2.0,2.0,2.0,2.0,0.0,2.0,4.0,6.0,2.0,0.0,0.0,1.0,100000.0,175000.0,1.0,137853.1,80496.0,752.0
6,4.0,1.0,3.0,1.0,4.0,1.0,30.0,180000.0,3.0,2.0,2.0,2.0,1.0,2.0,0.0,2.0,4.0,6.0,2.0,0.0,0.0,1.0,250000.0,255000.0,3.0,207180.1,102883.0,741.0
6,1.0,1.0,1.0,2.0,4.0,2.0,30.0,40000.0,3.0,3.0,2.0,2.0,2.0,2.0,20000.0,1.0,4.0,6.0,2.0,0.0,0.0,1.0,50000.0,47000.0,1.0,115588.38,88263.0,755.0
6,4.0,1.0,1.0,1.0,4.0,2.0,30.0,60000.0,4.0,3.0,2.0,2.0,2.0,2.0,2000000.0,1.0,4.0,6.0,2.0,0.0,0.0,1.2222222222222223,708901.1111111111,920000.0,3.0,253698.45,180078.0,745.0
6,2.0,1.0,3.0,1.0,4.0,2.0,30.0,100000.0,3.0,3.0,2.0,2.0,1.0,2.0,600000.0,1.0,4.0,2.0,2.0,1000000.0,800000.0,1.0,500000.0,61300.0,3.0,153309.6,132348.0,748.0
6,2.0,1.0,3.0,2.0,4.0,1.0,30.0,80000.0,3.0,3.0,2.0,2.0,2.0,2.0,0.0,2.0,4.0,6.0,2.0,0.0,0.0,1.2222222222222223,10634444.444444444,64000.0,2.0,130715.8,138354.0,748.0
6,1.0,1.0,5.0,1.0,4.0,2.0,30.0,80000.0,2.0,3.0,2.0,2.0,1.0,2.0,0.0,2.0,4.0,6.0,2.0,0.0,0.0,1.0,238888.88888888888,50.0,1.0,74115.3,167713.0,744.0
6,2.0,1.0,1.0,1.0,4.0,2.0,30.0,50000.0,4.0,3.0,2.0,2.0,2.0,2.0,0.0,2.0,4.0,6.0,2.0,1500.0,1000.0,3.0,237560.0,100000.0,1.0,95531.7,117393.0,744.0
6,1.0,1.0,4.0,2.0,4.0,2.0,30.0,100000.0,3.0,3.0,2.0,2.0,1.0,2.0,0.0,2.0,4.0,6.0,2.0,1000.0,800.0,3.0,237560.0,130000.0,2.0,147443.0,134641.0,747.0
6,3.0,1.0,4.0,1.0,4.0,1.0,30.0,130000.0,2.0,3.0,2.0,2.0,2.0,2.0,0.0,2.0,4.0,6.0,2.0,2000000.0,1500000.0,1.0,1000000.0,150000.0,1.0,215898.2,161786.0,744.0
6,1.0,1.0,5.0,1.0,4.0,2.0,30.0,7.0,2.0,3.0,2.0,2.0,1.0,2.0,0.0,2.0,4.0,6.0,2.0,0.0,0.0,1.2222222222222223,104723.55555555556,88000.0,2.0,62269.65,54919.0,750.0
6,1.0,1.0,2.0,2.0,4.0,2.0,30.0,45000.0,3.0,3.0,2.0,2.0,1.0,2.0,0.0,2.0,4.0,2.0,2.0,1000.0,800.0,3.0,237560.0,50000.0,1.0,86733.45,100106.0,748.0
6,6.0,1.0,4.0,1.0,4.0,1.0,30.0,89000.0,3.0,3.0,2.0,2.0,1.0,2.0,80000.0,1.0,4.0,6.0,2.0,1800000.0,1500000.0,1.0,1200000.0,70000.0,1.0,45651.5,324232.0,745.0
6,7.0,1.0,5.0,1.0,4.0,1.0,30.0,96000.0,3.0,3.0,2.0,2.0,1.0,2.0,0.0,2.0,4.0,6.0,2.0,1200000.0,1000000.0,1.0,800000.0,140000.0,1.0,99580.25,441047.0,3746.0
6,7.0,1.0,5.0,1.0,4.0,1.0,30.0,100000.0,3.0,3.0,2.0,2.0,2.0,2.0,1500000.0,1.0,4.0,5.0,2.0,3000000.0,2000000.0,1.0,1500000.0,195000.0,2.0,132672.35,481384.0,744.0
6,5.0,1.0,5.0,1.0,4.0,1.0,30.0,105000.0,3.0,3.0,2.0,2.0,2.0,2.0,0.0,2.0,4.0,6.0,2.0,4500000.0,3500000.0,1.0,2000000.0,225000.0,1.0,99222.5,437722.0,23746.0
6,3.0,1.0,4.0,1.0,4.0,1.0,30.0,97000.0,3.0,3.0,2.0,1.0,2.0,2.0,1842000.0,1.0,4.0,4.0,2.0,2000000.0,1800000.0,1.0,1500000.0,100000.0,1.0,73404.88,282774.0,745.0
6,5.0,1.0,4.0,1.0,4.0,1.0,30.0,80000.0,3.0,3.0,2.0,2.0,2.0,2.0,180000.0,1.0,4.0,5.0,2.0,2000000.0,1800000.0,1.0,1200000.0,115000.0,1.0,93047.65,496112.0,9746.0
6,3.0,1.0,4.0,1.0,4.0,1.0,30.0,105000.0,3.0,3.0,2.0,2.0,2.0,2.0,350000.0,1.0,4.0,6.0,2.0,3000000.0,2000000.0,1.0,1000000.0,130000.0,1.0,98892.95,482902.0,744.0
6,5.0,1.0,4.0,1.0,4.0,1.0,30.0,108000.0,3.0,2.0,2.0,2.0,2.0,2.0,200000.0,1.0,4.0,6.0,2.0,3500000.0,3000000.0,1.0,2800000.0,85000.0,1.0,97652.15,322160.0,749.0
6,5.0,1.0,5.0,2.0,4.0,1.0,30.0,75000.0,3.0,3.0,2.0,2.0,2.0,2.0,50000.0,1.0,4.0,6.0,2.0,2800000.0,2500000.0,1.0,2000000.0,135000.0,2.0,80478.1,314555.0,747.0
6,4.0,1.0,3.0,1.0,4.0,1.0,30.0,130000.0,3.0,2.0,2.0,2.0,2.0,2.0,1200000.0,1.0,4.0,6.0,2.0,0.0,200000.0,1.0,100000.0,80000.0,1.0,47430.5,105388.0,749.0
6,5.0,1.0,4.0,1.0,4.0,1.0,30.0,200000.0,3.0,2.0,2.0,2.0,2.0,2.0,2000000.0,1.0,4.0,6.0,2.0,0.0,0.0,1.0,200000.0,60000.0,1.0,46544.5,268510.0,748.0
6,4.0,1.0,4.0,1.0,4.0,2.0,30.0,200000.0,3.0,3.0,2.0,2.0,2.0,2.0,2000000.0,1.0,4.0,4.0,2.0,0.0,0.0,1.0,314444.44444444444,96000.0,1.0,74799.0,141526.0,749.0
6,5.0,1.0,3.0,1.0,4.0,1.0,30.0,200000.0,3.0,3.0,2.0,2.0,2.0,2.0,0.0,2.0,4.0,6.0,2.0,0.0,0.0,1.6666666666666667,204248.88888888888,70000.0,1.0,49109.5,244546.0,749.0
6,8.0,1.0,5.0,1.0,4.0,1.0,30.0,7.0,2.0,2.0,2.0,2.0,2.0,2.0,0.0,2.0,4.0,6.0,2.0,0.0,0.0,1.2222222222222223,274727.77777777775,463700.0,4.0,37162.0,337146.0,748.0
6,5.0,1.0,4.0,1.0,4.0,1.0,30.0,80000.0,3.0,2.0,2.0,2.0,2.0,2.0,2500000.0,1.0,4.0,5.0,2.0,700000.0,300000.0,1.0,60000.0,347000.0,3.0,124681.6,242351.0,748.0
6,4.0,1.0,3.0,1.0,4.0,1.0,30.0,130000.0,4.0,3.0,2.0,2.0,2.0,2.0,3000000.0,1.0,4.0,6.0,2.0,0.0,0.0,1.6666666666666667,465597.77777777775,37000.0,1.0,65249.0,188491.0,748.0
6,4.0,1.0,3.0,1.0,4.0,2.0,30.0,100000.0,3.0,2.0,2.0,2.0,2.0,2.0,0.0,2.0,4.0,6.0,2.0,0.0,0.0,1.0,204444.44444444444,100000.0,1.0,47233.3,141794.0,751.0
6,6.0,1.0,4.0,1.0,4.0,2.0,30.0,75000.0,3.0,2.0,2.0,2.0,2.0,2.0,0.0,2.0,4.0,6.0,2.0,0.0,0.0,1.2222222222222223,236577.22222222225,400000.0,1.0,54511.7,123515.0,751.0
6,6.0,1.0,4.0,1.0,4.0,2.0,30.0,200000.0,2.0,2.0,2.0,2.0,2.0,2.0,1000000.0,1.0,4.0,6.0,2.0,0.0,3000000.0,1.0,2000000.0,340000.0,3.0,234087.05,343792.0,742.0
6,5.0,1.0,3.0,1.0,4.0,2.0,30.0,120000.0,2.0,1.0,2.0,2.0,2.0,2.0,2000000.0,2.0,4.0,4.0,2.0,0.0,800000.0,1.0,400000.0,220000.0,2.0,136892.05,202900.0,750.0
6,7.0,1.0,4.0,1.0,4.0,2.0,30.0,100000.0,3.0,2.0,2.0,2.0,2.0,2.0,1500000.0,1.0,4.0,6.0,2.0,0.0,1500000.0,1.0,1000000.0,260000.0,4.0,331272.48,316659.0,750.0
6,4.0,1.0,4.0,1.0,4.0,2.0,30.0,100000.0,2.0,2.0,2.0,2.0,2.0,2.0,2000000.0,1.0,4.0,6.0,2.0,0.0,900000.0,1.0,400000.0,260000.0,2.0,192347.3,292556.0,747.0
6,8.0,1.0,3.0,1.0,4.0,2.0,30.0,120000.0,3.0,3.0,2.0,2.0,2.0,2.0,100000.0,1.0,4.0,6.0,2.0,0.0,1000000.0,1.0,500000.0,145000.0,3.0,145957.1,108209.0,750.0
6,5.0,1.0,4.0,1.0,4.0,1.0,30.0,200000.0,2.0,2.0,2.0,2.0,2.0,2.0,300000.0,1.0,4.0,6.0,2.0,0.0,1000000.0,1.0,500000.0,200000.0,2.0,228430.0,355451.0,739.0
6,3.0,1.0,5.0,1.0,4.0,2.0,30.0,60000.0,3.0,3.0,2.0,2.0,2.0,2.0,1000000.0,1.0,4.0,5.0,2.0,0.0,400000.0,1.0,200000.0,120000.0,2.0,148117.0,63454.0,750.0
6,2.0,1.0,2.0,2.0,4.0,2.0,30.0,30000.0,3.0,3.0,2.0,2.0,2.0,2.0,50000.0,1.0,4.0,6.0,2.0,0.0,400000.0,1.0,200000.0,110000.0,2.0,95801.55,6217.0,756.0
6,2.0,1.0,3.0,2.0,4.0,2.0,30.0,40000.0,3.0,3.0,2.0,2.0,1.0,2.0,0.0,2.0,4.0,6.0,2.0,0.0,200000.0,1.0,150000.0,39100.0,2.0,84310.65,74004.0,754.0
6,3.0,1.0,2.0,2.0,4.0,2.0,30.0,7.0,4.0,3.0,2.0,2.0,2.0,2.0,0.0,2.0,1.0,1.0,2.0,7000000.0,1000000.0,1.0,200000.0,78000.0,2.0,39869.8,87272.0,751.0
6,2.0,1.0,2.0,2.0,4.0,2.0,30.0,7.0,4.0,3.0,2.0,2.0,2.0,2.0,0.0,2.0,4.0,1.0,2.0,700000.0,500000.0,1.0,260000.0,72000.0,2.0,76580.05,49606.0,756.0
6,8.0,4.0,3.0,1.0,4.0,1.0,30.0,7.0,3.0,3.0,2.0,2.0,2.0,2.0,0.0,2.0,4.0,1.0,2.0,1800000.0,1000000.0,1.0,600000.0,143000.0,3.0,80536.85,121181.0,749.0
6,4.0,1.0,2.0,1.0,4.0,2.0,30.0,7.0,4.0,3.0,2.0,2.0,2.0,2.0,0.0,2.0,4.0,1.0,2.0,2000000.0,1000000.0,1.0,250000.0,80000.0,1.0,71881.0,108559.0,750.0
6,4.0,1.0,2.0,2.0,4.0,2.0,30.0,7.0,4.0,3.0,2.0,2.0,2.0,2.0,0.0,2.0,1.0,1.0,2.0,7000000.0,1500000.0,1.0,300000.0,158000.0,2.0,80079.25,48903.0,749.0
6,2.0,1.0,3.0,1.0,4.0,2.0,30.0,7.0,4.0,3.0,2.0,2.0,2.0,2.0,0.0,2.0,4.0,1.0,2.0,10000000.0,1000000.0,1.0,200000.0,105000.0,2.0,59413.5,108223.0,744.0
6,2.0,1.0,2.0,1.0,4.0,2.0,30.0,7.0,4.0,3.0,2.0,2.0,2.0,2.0,0.0,2.0,1.0,1.0,2.0,5000000.0,3000000.0,1.0,200000.0,47000.0,2.0,40669.0,49216.0,753.0
6,5.0,1.0,2.0,1.0,4.0,1.0,30.0,7.0,4.0,3.0,2.0,2.0,1.0,2.0,0.0,2.0,4.0,1.0,2.0,8000000.0,1000000.0,1.0,300000.0,140000.0,1.0,72018.3,154041.0,745.0
6,3.0,1.0,3.0,1.0,4.0,2.0,30.0,7.0,4.0,3.0,2.0,2.0,2.0,2.0,0.0,2.0,1.0,1.0,2.0,2000000.0,1000000.0,1.0,200000.0,78000.0,2.0,50213.8,59312.0,748.0
6,1.0,1.0,2.0,2.0,4.0,2.0,30.0,60000.0,3.0,2.0,2.0,2.0,1.0,2.0,0.0,2.0,1.0,2.0,2.0,1500000.0,200000.0,1.0,80000.0,56500.0,2.0,90760.65,38435.0,753.0
6,4.0,1.0,3.0,2.0,4.0,1.0,30.0,7.0,3.0,2.0,2.0,2.0,1.0,2.0,0.0,2.0,4.0,4.0,2.0,4000000.0,2500000.0,1.0,200000.0,180000.0,1.0,84098.2,149831.0,745.0
6,6.0,1.0,4.0,1.0,4.0,1.0,30.0,7.0,2.0,2.0,2.0,2.0,2.0,2.0,0.0,2.0,4.0,4.0,2.0,4000000.0,2500000.0,1.0,280000.0,228000.0,4.0,90350.2,149749.0,745.0
6,6.0,1.0,3.0,1.0,4.0,1.0,30.0,7.0,3.0,2.0,2.0,1.0,2.0,2.0,0.0,2.0,4.0,4.0,2.0,4000000.0,2500000.0,1.0,200000.0,193000.0,4.0,80997.2,99547.0,742.0
6,3.0,1.0,4.0,1.0,4.0,2.0,30.0,7.0,3.0,2.0,2.0,2.0,2.0,2.0,0.0,2.0,4.0,4.0,2.0,3500000.0,2000000.0,1.0,280000.0,607900.0,5.0,99483.3,120443.0,744.0
6,3.0,1.0,2.0,2.0,4.0,2.0,30.0,7.0,2.0,2.0,2.0,2.0,1.0,2.0,120000.0,1.0,4.0,4.0,2.0,3000000.0,2000000.0,1.0,160000.0,60000.0,1.0,69742.4,68433.0,745.0
6,3.0,1.0,3.0,2.0,4.0,2.0,30.0,7.0,3.0,2.0,2.0,2.0,2.0,2.0,60000.0,1.0,4.0,4.0,2.0,3000000.0,2000000.0,1.0,250000.0,146500.0,4.0,86528.2,48929.0,747.0
6,2.0,1.0,3.0,2.0,4.0,2.0,30.0,7.0,2.0,2.0,2.0,2.0,1.0,2.0,0.0,2.0,4.0,4.0,2.0,2500000.0,1500000.0,1.0,280000.0,100200.0,2.0,84558.6,92871.0,746.0
6,3.0,1.0,3.0,2.0,4.0,2.0,30.0,7.0,2.0,2.0,2.0,2.0,2.0,2.0,50000.0,1.0,1.0,4.0,2.0,3000000.0,2000000.0,1.0,180000.0,98000.0,2.0,102670.8,44707.0,746.0
6,4.0,1.0,1.0,1.0,4.0,2.0,30.0,90000.0,4.0,3.0,2.0,2.0,2.0,2.0,0.0,2.0,4.0,4.0,2.0,500000.0,140000.0,1.0,100000.0,34000.0,1.0,101071.9,83545.0,746.0
6,1.0,1.0,1.0,2.0,4.0,2.0,30.0,42000.0,4.0,3.0,2.0,1.0,2.0,2.0,0.0,2.0,4.0,4.0,2.0,0.0,0.0,1.0,100000.0,35000.0,1.0,89124.5,37480.0,754.0
6,5.0,1.0,3.0,1.0,4.0,2.0,30.0,90000.0,2.0,3.0,2.0,2.0,1.0,2.0,0.0,2.0,4.0,6.0,2.0,2000000.0,1000000.0,1.0,300000.0,105000.0,2.0,121503.25,92930.0,739.0
6,4.0,1.0,6.0,1.0,2.0,1.0,30.0,200000.0,5.0,3.0,2.0,2.0,2.0,2.0,0.0,2.0,4.0,6.0,2.0,6000000.0,3000000.0,1.0,100000.0,200000.0,1.0,208603.3,139966.0,737.0
6,3.0,1.0,4.0,1.0,4.0,2.0,30.0,120000.0,2.0,2.0,2.0,2.0,1.0,2.0,0.0,2.0,4.0,4.0,2.0,1800000.0,900000.0,1.0,200000.0,40000.0,1.0,145026.2,134479.0,743.0
6,1.0,1.0,4.0,2.0,4.0,2.0,30.0,40000.0,3.0,3.0,2.0,2.0,1.0,2.0,0.0,2.0,4.0,4.0,1.0,460000.0,200000.0,1.0,60000.0,30000.0,1.0,98373.9,34727.0,755.0
6,2.0,1.0,4.0,1.0,4.0,1.0,30.0,75000.0,1.0,2.0,2.0,2.0,1.0,2.0,0.0,2.0,4.0,6.0,2.0,6000000.0,2000000.0,1.0,160000.0,119000.0,3.0,159478.75,319450.0,738.0
6,5.0,1.0,4.0,1.0,2.0,1.0,30.0,210000.0,1.0,1.0,2.0,2.0,2.0,2.0,0.0,2.0,4.0,6.0,2.0,3500000.0,2000000.0,1.0,400000.0,950000.0,4.0,117083.2,238156.0,739.0
6,6.0,1.0,3.0,1.0,4.0,2.0,30.0,160000.0,3.0,3.0,2.0,2.0,1.0,2.0,190000.0,1.0,1.0,1.0,2.0,2000000.0,1000000.0,1.0,200000.0,84000.0,3.0,159784.4,137402.0,380745.0
6,2.0,1.0,3.0,1.0,4.0,2.0,30.0,200000.0,3.0,2.0,2.0,1.0,2.0,2.0,200000.0,1.0,4.0,5.0,2.0,400000.0,250000.0,1.0,120000.0,124000.0,2.0,114996.78,341857.0,749.0
6,9.0,1.0,3.0,2.0,4.0,2.0,30.0,160000.0,4.0,2.0,2.0,2.0,2.0,2.0,1000000.0,1.0,4.0,5.0,2.0,1500000.0,1000000.0,1.0,400000.0,190000.0,2.0,113761.65,254489.0,751.0
6,12.0,1.0,4.0,1.0,4.0,1.0,30.0,200000.0,4.0,3.0,2.0,2.0,2.0,2.0,800000.0,1.0,4.0,5.0,2.0,3000000.0,2000000.0,1.0,1000000.0,412000.0,4.0,148997.0,456799.0,748.0
6,3.0,1.0,2.0,2.0,4.0,1.0,30.0,120000.0,4.0,3.0,2.0,1.0,1.0,2.0,120000.0,1.0,4.0,4.0,2.0,600000.0,400000.0,1.0,200000.0,102000.0,3.0,84064.95,246517.0,750.0
6,1.0,1.0,2.0,2.0,4.0,2.0,30.0,70000.0,5.0,3.0,2.0,2.0,2.0,2.0,40000.0,1.0,4.0,3.0,2.0,300000.0,200000.0,1.0,80000.0,52000.0,1.0,99974.4,156133.0,753.0
6,6.0,1.0,4.0,1.0,4.0,1.0,30.0,100000.0,3.0,2.0,2.0,1.0,1.0,2.0,450000.0,1.0,4.0,5.0,2.0,1000000.0,800000.0,1.0,300000.0,120000.0,2.0,99068.4,440009.0,742.0
6,3.0,1.0,2.0,2.0,4.0,2.0,30.0,90000.0,4.0,2.0,2.0,2.0,2.0,2.0,610000.0,1.0,4.0,4.0,2.0,1000000.0,600000.0,1.0,200000.0,80000.0,1.0,75772.1,105300.0,660750.0
6,1.0,1.0,2.0,2.0,4.0,2.0,30.0,50000.0,5.0,3.0,2.0,2.0,2.0,2.0,15000.0,1.0,1.0,4.0,2.0,200000.0,120000.0,1.0,60000.0,55500.0,2.0,85222.95,64797.0,754.0
6,2.0,1.0,3.0,2.0,4.0,2.0,30.0,70000.0,3.0,2.0,2.0,1.0,1.0,2.0,230000.0,1.0,4.0,4.0,2.0,800000.0,400000.0,1.0,150000.0,84900.0,2.0,91828.65,82436.0,750.0
6,1.0,1.0,2.0,2.0,4.0,2.0,30.0,60000.0,3.0,2.0,2.0,1.0,1.0,2.0,0.0,2.0,1.0,6.0,2.0,0.0,0.0,1.0,80000.0,72000.0,2.0,137825.45,98275.0,750.0
6,4.0,3.0,3.0,2.0,4.0,1.0,30.0,60000.0,3.0,3.0,2.0,1.0,1.0,2.0,0.0,2.0,4.0,2.0,2.0,0.0,300000.0,1.0,150000.0,120000.0,1.0,186833.17,198218.0,30750.0
6,3.0,1.0,2.0,2.0,4.0,2.0,30.0,120000.0,3.0,2.0,2.0,1.0,1.0,2.0,50000.0,1.0,4.0,6.0,2.0,1500000.0,700000.0,1.0,300000.0,30000.0,2.0,114913.95,151728.0,750.0
6,4.0,1.0,2.0,1.0,4.0,2.0,30.0,160000.0,3.0,2.0,2.0,1.0,1.0,2.0,0.0,1.0,1.0,1.0,2.0,800000.0,250000.0,1.0,150000.0,68000.0,2.0,106778.7,83026.0,746.0
6,1.0,5.0,2.0,2.0,4.0,2.0,30.0,40000.0,4.0,3.0,2.0,2.0,1.0,2.0,15000.0,1.0,1.0,6.0,2.0,0.0,0.0,1.0,100000.0,22000.0,2.0,82265.15,62980.0,753.0
6,3.0,1.0,3.0,1.0,4.0,2.0,30.0,100000.0,3.0,2.0,2.0,1.0,1.0,2.0,20000.0,1.0,1.0,6.0,2.0,0.0,300000.0,1.0,150000.0,134000.0,4.0,223435.09,407837.0,746.0
6,7.0,1.0,2.0,2.0,4.0,2.0,30.0,100000.0,4.0,3.0,2.0,1.0,1.0,2.0,350000.0,1.0,1.0,1.0,2.0,0.0,1000000.0,1.0,300000.0,174500.0,3.0,223774.45,355052.0,748.0
6,4.0,1.0,2.0,1.0,4.0,2.0,30.0,150000.0,4.0,2.0,2.0,1.0,1.0,2.0,100000.0,1.0,4.0,6.0,2.0,0.0,1000000.0,1.0,300000.0,264000.0,5.0,316651.13,172529.0,744.0
6,2.0,5.0,3.0,1.0,2.0,1.0,30.0,130000.0,3.0,2.0,2.0,1.0,1.0,2.0,670000.0,1.0,3.0,6.0,2.0,2000000.0,600000.0,1.0,100000.0,99000.0,3.0,173476.0,390149.0,746.0
6,5.0,1.0,4.0,2.0,4.0,2.0,30.0,120000.0,3.0,3.0,2.0,2.0,1.0,2.0,200000.0,1.0,1.0,5.0,2.0,0.0,150000.0,1.0,50000.0,83000.0,2.0,92345.4,105701.0,749.0
6,8.0,1.0,4.0,1.0,4.0,2.0,24.0,7.0,3.0,3.0,2.0,2.0,2.0,2.0,250000.0,1.0,4.0,6.0,2.0,0.0,200000.0,1.0,60000.0,331000.0,3.0,73884.4,186391.0,500751.0
6,5.0,1.0,3.0,1.0,4.0,2.0,30.0,90000.0,3.0,3.0,2.0,2.0,1.0,2.0,200000.0,1.0,4.0,6.0,2.0,0.0,400000.0,1.0,80000.0,70000.0,2.0,42984.2,80688.0,747.0
6,6.0,1.0,3.0,1.0,4.0,1.0,30.0,150000.0,4.0,3.0,2.0,2.0,2.0,2.0,300000.0,1.0,4.0,4.0,2.0,250000.0,150000.0,1.0,60000.0,337000.0,2.0,60358.91,142208.0,752.0
6,9.0,1.0,4.0,1.0,4.0,1.0,24.0,150000.0,2.0,1.0,2.0,1.0,2.0,2.0,0.0,2.0,4.0,6.0,2.0,500000.0,200000.0,1.0,100000.0,91000.0,2.0,75645.8,156967.0,747.0
6,6.0,1.0,3.0,2.0,4.0,2.0,30.0,150000.0,3.0,3.0,2.0,2.0,2.0,2.0,450000.0,1.0,4.0,4.0,2.0,0.0,0.0,1.0,100000.0,67000.0,2.0,175469.2,101536.0,1191056.0
6,2.0,1.0,4.0,2.0,4.0,1.0,30.0,90000.0,3.0,3.0,2.0,1.0,2.0,2.0,0.0,2.0,4.0,6.0,2.0,250000.0,150000.0,1.0,60000.0,82000.0,2.0,67224.7,132656.0,749.0
6,5.0,1.0,4.0,2.0,4.0,2.0,30.0,100000.0,4.0,3.0,2.0,2.0,2.0,2.0,100000.0,1.0,4.0,2.0,2.0,450000.0,150000.0,1.0,30000.0,200000.0,2.0,71330.8,56001.0,300755.0
6,9.0,1.0,4.0,2.0,4.0,1.0,30.0,100000.0,3.0,3.0,2.0,1.0,2.0,2.0,500000.0,1.0,1.0,1.0,2.0,500000.0,300000.0,1.0,200000.0,94500.0,3.0,155273.05,177075.0,238809.0
6,1.0,5.0,3.0,2.0,4.0,2.0,30.0,60000.0,3.0,3.0,2.0,2.0,2.0,2.0,0.0,2.0,1.0,1.0,2.0,0.0,0.0,1.0,70000.0,50000.0,2.0,61210.74,29020.0,754.0
6,3.0,5.0,3.0,2.0,4.0,2.0,30.0,150000.0,3.0,3.0,2.0,2.0,1.0,2.0,70000.0,1.0,4.0,6.0,2.0,3000.0,750000.0,1.0,150000.0,38000.0,2.0,117689.05,284601.0,750.0
6,2.0,1.0,2.0,2.0,4.0,2.0,30.0,90000.0,5.0,3.0,2.0,2.0,2.0,2.0,0.0,2.0,1.0,1.0,2.0,0.0,300000.0,1.0,100000.0,78800.0,3.0,76986.26,45559.0,758.0
6,4.0,1.0,3.0,1.0,4.0,2.0,30.0,56000.0,3.0,3.0,2.0,2.0,2.0,2.0,26000.0,1.0,1.0,1.0,2.0,0.0,0.0,1.0,100000.0,86000.0,3.0,87501.56,246045.0,748.0
6,1.0,1.0,2.0,2.0,4.0,2.0,30.0,78000.0,3.0,3.0,2.0,2.0,2.0,2.0,0.0,2.0,4.0,1.0,2.0,0.0,300000.0,1.0,100000.0,45000.0,2.0,140361.06,196678.0,753.0
6,4.0,5.0,2.0,1.0,4.0,1.0,30.0,7.0,3.0,3.0,2.0,2.0,1.0,2.0,0.0,2.0,4.0,6.0,2.0,0.0,800000.0,1.0,300000.0,250000.0,2.0,203950.12,318292.0,120748.0
6,3.0,1.0,2.0,1.0,4.0,2.0,30.0,78000.0,3.0,3.0,2.0,2.0,2.0,2.0,100000.0,1.0,4.0,6.0,2.0,0.0,600000.0,1.0,150000.0,2000.0,1.0,145320.53,188072.0,1500748.0
6,4.0,1.0,5.0,1.0,4.0,2.0,30.0,360000.0,2.0,3.0,2.0,2.0,2.0,2.0,0.0,2.0,4.0,6.0,2.0,0.0,600000.0,1.0,180000.0,862000.0,4.0,165930.3,299841.0,300743.0
6,6.0,5.0,5.0,1.0,4.0,2.0,30.0,430000.0,3.0,3.0,2.0,2.0,1.0,2.0,0.0,2.0,4.0,6.0,2.0,0.0,1000000.0,1.0,200000.0,137200.0,4.0,274670.325,110612.0,747.0
6,5.0,1.0,2.0,1.0,4.0,2.0,30.0,70000.0,3.0,2.0,2.0,2.0,1.0,2.0,20000.0,1.0,1.0,6.0,2.0,3000.0,500000.0,1.0,58000.0,58000.0,2.0,125297.8,79680.0,746.0
6,4.0,1.0,2.0,1.0,4.0,2.0,30.0,80000.0,2.0,2.0,2.0,2.0,2.0,2.0,0.0,2.0,4.0,6.0,2.0,6000.0,2000.0,1.0,100000.0,140000.0,2.0,86584.25,89057.0,744.0
6,5.0,1.0,3.0,1.0,4.0,2.0,30.0,150000.0,2.0,2.0,2.0,2.0,1.0,2.0,30000.0,1.0,1.0,6.0,2.0,5000.0,3000.0,1.0,100000.0,96000.0,4.0,126408.75,89197.0,741.0
6,1.0,1.0,3.0,2.0,4.0,2.0,30.0,50000.0,3.0,3.0,2.0,2.0,2.0,2.0,30000.0,1.0,4.0,4.0,2.0,0.0,250000.0,1.0,50000.0,35000.0,1.0,62831.7,26133.0,754.0
6,3.0,1.0,4.0,1.0,4.0,2.0,30.0,60000.0,3.0,3.0,2.0,2.0,1.0,2.0,20000.0,1.0,1.0,6.0,2.0,3000.0,2000.0,1.0,100000.0,108000.0,4.0,159345.0,230832.0,745.0
6,6.0,1.0,3.0,1.0,4.0,2.0,30.0,90000.0,3.0,3.0,2.0,2.0,1.0,2.0,0.0,1.0,1.0,2.0,2.0,8000.0,5000.0,1.0,100000.0,94000.0,3.0,174950.8,98287.0,743.0
6,4.0,1.0,4.0,2.0,4.0,2.0,30.0,120000.0,2.0,2.0,2.0,2.0,1.0,2.0,60000.0,1.0,4.0,6.0,2.0,10000.0,5000.0,1.0,100000.0,160000.0,4.0,210344.08,239197.0,743.0
6,1.0,1.0,2.0,2.0,4.0,2.0,30.0,70000.0,3.0,2.0,2.0,2.0,1.0,2.0,0.0,1.0,4.0,6.0,2.0,0.0,300000.0,1.0,60000.0,49000.0,3.0,58253.45,25229.0,749.0
6,4.0,1.0,2.0,1.0,4.0,2.0,30.0,80000.0,3.0,2.0,2.0,2.0,2.0,2.0,0.0,1.0,4.0,6.0,2.0,5000.0,3000.0,1.0,120000.0,235000.0,2.0,176239.8,257062.0,743.0
6,2.0,1.0,1.0,1.0,4.0,2.0,30.0,90000.0,3.0,2.0,2.0,2.0,1.0,2.0,200000.0,1.0,4.0,6.0,2.0,3000.0,400000.0,1.0,153333.33333333334,65000.0,2.0,150015.2,42015.0,400744.0
6,3.0,1.0,2.0,1.0,4.0,2.0,30.0,75000.0,3.0,3.0,2.0,2.0,1.0,2.0,500000.0,1.0,4.0,6.0,2.0,0.0,500000.0,1.0,176666.66666666666,15000.0,1.0,151973.45,177578.0,1000747.0
6,2.0,1.0,2.0,2.0,4.0,1.0,30.0,120000.0,3.0,3.0,2.0,2.0,2.0,2.0,0.0,2.0,4.0,6.0,2.0,0.0,2000.0,1.0,308888.8888888889,150000.0,1.0,173563.65,302227.0,747.0
6,1.0,1.0,2.0,1.0,4.0,2.0,30.0,150000.0,3.0,3.0,2.0,2.0,1.0,2.0,0.0,2.0,4.0,6.0,2.0,0.0,1000.0,1.4444444444444444,245288.88888888888,250.0,1.0,153007.9,198109.0,742.0
6,4.0,1.0,2.0,2.0,4.0,2.0,30.0,7.0,4.0,3.0,2.0,2.0,2.0,2.0,0.0,2.0,4.0,4.0,2.0,0.0,500000.0,1.0,214111.11111111112,122000.0,2.0,170521.05,179661.0,748.0
6,2.0,1.0,2.0,2.0,4.0,2.0,30.0,120000.0,3.0,3.0,2.0,2.0,2.0,2.0,0.0,2.0,4.0,5.0,2.0,0.0,250000.0,1.0,87222.22222222222,85000.0,1.0,132825.9,27230.0,748.0
6,6.0,1.0,2.0,1.0,4.0,1.0,30.0,250000.0,3.0,3.0,2.0,2.0,2.0,2.0,300000.0,1.0,4.0,6.0,2.0,0.0,2000.0,1.2222222222222223,485577.77777777775,250000.0,3.0,254776.7,379051.0,600741.0
6,2.0,1.0,2.0,1.0,4.0,1.0,30.0,130000.0,3.0,2.0,2.0,2.0,2.0,2.0,400000.0,1.0,4.0,6.0,2.0,0.0,500000.0,1.0,198888.88888888888,150000.0,1.0,169305.95,324098.0,800740.0
6,1.0,1.0,2.0,2.0,4.0,2.0,30.0,84555.55555555556,3.0,3.0,2.0,2.0,1.0,2.0,0.0,2.0,4.0,5.0,2.0,0.0,300000.0,1.0,130000.0,93000.0,2.0,135527.9,172738.0,748.0
6,3.0,1.0,4.0,1.0,4.0,1.0,30.0,170000.0,3.0,3.0,2.0,2.0,2.0,2.0,2400000.0,1.0,4.0,6.0,2.0,0.0,700000.0,1.0,300000.0,400000.0,1.0,292271.65,494096.0,745.0
6,4.0,1.0,4.0,1.0,4.0,2.0,30.0,150000.0,2.0,3.0,2.0,2.0,2.0,2.0,0.0,2.0,4.0,6.0,2.0,0.0,0.0,1.0,200000.0,290000.0,2.0,176553.3,372350.0,746.0
6,5.0,1.0,6.0,1.0,4.0,2.0,30.0,200000.0,4.0,3.0,2.0,2.0,2.0,2.0,0.0,2.0,4.0,2.0,2.0,1500000.0,700000.0,1.0,300000.0,252000.0,2.0,240147.5,123269.0,749.0
6,2.0,1.0,6.0,1.0,4.0,1.0,30.0,250000.0,3.0,3.0,2.0,2.0,2.0,2.0,0.0,2.0,4.0,6.0,2.0,0.0,500000.0,1.0,200000.0,654000.0,2.0,238292.85,295374.0,745.0
6,8.0,1.0,5.0,1.0,4.0,2.0,30.0,300000.0,3.0,2.0,2.0,2.0,2.0,2.0,500000.0,1.0,1.0,2.0,2.0,0.0,0.0,1.0,266666.6666666667,210000.0,4.0,195895.1,403995.0,1000747.0
6,5.0,1.0,5.0,1.0,4.0,2.0,30.0,200000.0,3.0,3.0,2.0,2.0,2.0,2.0,200000.0,1.0,4.0,3.0,2.0,1500000.0,1000000.0,1.0,350000.0,356000.0,3.0,198570.225,131063.0,748.0
6,7.0,1.0,3.0,1.0,4.0,2.0,30.0,160000.0,3.0,2.0,2.0,2.0,2.0,2.0,0.0,2.0,4.0,6.0,2.0,0.0,0.0,1.0,400000.0,150000.0,1.0,205361.3,184654.0,749.0
6,3.0,1.0,4.0,1.0,4.0,1.0,30.0,300000.0,1.0,3.0,2.0,2.0,2.0,2.0,0.0,2.0,4.0,4.0,2.0,0.0,0.0,1.4444444444444444,547002.2222222222,800000.0,2.0,177100.7,282014.0,741.0
6,5.0,1.0,2.0,1.0,4.0,2.0,30.0,70000.0,3.0,3.0,2.0,2.0,1.0,2.0,0.0,2.0,4.0,3.0,2.0,1000000.0,700000.0,1.0,300000.0,210000.0,3.0,144070.7,71925.0,750.0
6,1.0,1.0,1.0,2.0,4.0,2.0,30.0,80000.0,2.0,2.0,2.0,2.0,1.0,2.0,0.0,2.0,4.0,6.0,2.0,0.0,100000.0,1.0,40000.0,51500.0,2.0,178238.88999999998,139266.0,750.0
6,1.0,1.0,1.0,2.0,4.0,2.0,30.0,25000.0,3.0,3.0,2.0,2.0,1.0,2.0,0.0,2.0,4.0,1.0,2.0,0.0,180000.0,1.0,40000.0,42000.0,1.0,170986.8,101798.0,753.0
6,4.0,3.0,1.0,2.0,4.0,2.0,30.0,80000.0,4.0,3.0,2.0,2.0,2.0,2.0,100000.0,1.0,4.0,3.0,2.0,0.0,350000.0,1.0,120000.0,180000.0,1.0,268740.4,74915.0,756.0
6,5.0,1.0,2.0,1.0,4.0,2.0,30.0,160000.0,4.0,3.0,2.0,2.0,1.0,2.0,200000.0,1.0,4.0,6.0,2.0,0.0,800000.0,1.0,200000.0,90000.0,2.0,263635.05,435204.0,747.0
6,4.0,1.0,2.0,1.0,4.0,1.0,30.0,80000.0,3.0,2.0,2.0,2.0,2.0,2.0,0.0,2.0,4.0,6.0,2.0,0.0,500000.0,1.0,250000.0,250000.0,1.0,316242.85,480101.0,744.0
6,2.0,1.0,2.0,1.0,4.0,2.0,30.0,160000.0,4.0,3.0,2.0,2.0,1.0,2.0,150000.0,1.0,4.0,6.0,2.0,0.0,400000.0,1.0,150000.0,180000.0,2.0,241089.68,332549.0,600749.0
6,2.0,1.0,2.0,2.0,4.0,2.0,30.0,100000.0,3.0,2.0,2.0,2.0,2.0,2.0,120000.0,1.0,4.0,1.0,2.0,0.0,350000.0,1.0,100000.0,145600.0,2.0,252586.81,337474.0,750.0
6,5.0,2.0,2.0,2.0,4.0,2.0,30.0,150000.0,4.0,3.0,2.0,2.0,2.0,2.0,4000000.0,1.0,4.0,2.0,2.0,0.0,500000.0,1.0,250000.0,350000.0,1.0,354070.95,486203.0,748.0
6,1.0,1.0,2.0,2.0,4.0,2.0,30.0,93334.88888888888,3.0,3.0,2.0,2.0,2.0,2.0,180000.0,1.0,4.0,6.0,2.0,0.0,120000.0,1.0,50000.0,58000.0,1.0,150101.23,147085.0,755.0
6,1.0,1.0,1.0,2.0,4.0,2.0,30.0,55000.0,4.0,3.0,2.0,2.0,2.0,2.0,0.0,2.0,4.0,6.0,2.0,0.0,0.0,1.0,100000.0,42000.0,1.0,123231.3,51893.0,750.0
6,6.0,1.0,3.0,1.0,4.0,2.0,30.0,160000.0,2.0,3.0,2.0,2.0,2.0,2.0,0.0,2.0,1.0,6.0,2.0,0.0,0.0,3.0,475120.0,108000.0,2.0,216414.93,153812.0,1429111.0
6,1.0,5.0,2.0,1.0,4.0,2.0,30.0,65000.0,2.0,3.0,2.0,2.0,2.0,2.0,0.0,2.0,4.0,6.0,2.0,0.0,0.0,1.2222222222222223,217629.44444444444,93000.0,2.0,185073.15,172992.0,747.0
6,3.0,1.0,3.0,1.0,4.0,2.0,30.0,130000.0,2.0,2.0,2.0,2.0,1.0,2.0,0.0,2.0,4.0,6.0,2.0,0.0,0.0,1.4444444444444444,224599.77777777775,12000.0,1.0,225182.9,198328.5,744.0
6,4.0,1.0,2.0,1.0,4.0,2.0,30.0,125000.0,3.0,3.0,2.0,2.0,2.0,2.0,0.0,2.0,4.0,6.0,2.0,0.0,0.0,1.4444444444444444,511480.5555555555,190000.0,2.0,232092.5,123755.0,744.0
6,5.0,1.0,3.0,2.0,4.0,2.0,30.0,7.0,3.0,3.0,2.0,2.0,2.0,2.0,0.0,2.0,4.0,6.0,2.0,0.0,1500.0,3.0,475120.0,100000.0,2.0,282176.45,71806.0,751.0
6,1.0,1.0,1.0,2.0,4.0,2.0,30.0,20000.0,3.0,3.0,2.0,2.0,2.0,2.0,0.0,2.0,1.0,6.0,2.0,0.0,200000.0,1.0,80000.0,52000.0,2.0,92102.85,63796.0,754.0
6,3.0,2.0,2.0,2.0,4.0,2.0,30.0,7.0,3.0,3.0,2.0,2.0,1.0,2.0,0.0,2.0,1.0,6.0,2.0,0.0,400000.0,1.0,300000.0,36000.0,2.0,125008.295,57791.0,750.0
6,1.0,1.0,1.0,2.0,4.0,2.0,30.0,7.0,4.0,3.0,2.0,2.0,2.0,2.0,0.0,2.0,1.0,6.0,2.0,0.0,0.0,1.0,150000.0,61000.0,2.0,104620.8,80333.0,750.0
6,4.0,2.0,2.0,1.0,4.0,2.0,30.0,160000.0,4.0,2.0,2.0,2.0,1.0,2.0,400000.0,1.0,4.0,6.0,2.0,0.0,1000000.0,1.0,300000.0,37000.0,2.0,131110.43,68718.0,748.0
6,4.0,1.0,4.0,1.0,4.0,2.0,30.0,200000.0,3.0,3.0,2.0,2.0,1.0,2.0,145000.0,1.0,4.0,6.0,2.0,0.0,800000.0,1.0,300000.0,200.0,1.0,137449.6,128954.0,749.0
6,1.0,1.0,2.0,2.0,4.0,2.0,30.0,60000.0,4.0,3.0,2.0,2.0,2.0,2.0,0.0,2.0,1.0,6.0,2.0,0.0,200000.0,1.0,80000.0,57000.0,2.0,115884.1,72347.0,752.0
6,1.0,1.0,1.0,2.0,4.0,2.0,30.0,7.0,5.0,3.0,2.0,2.0,2.0,2.0,0.0,2.0,4.0,3.0,2.0,0.0,300000.0,1.0,80000.0,7000.0,1.0,101446.85,53647.0,754.0
6,2.0,2.0,1.0,2.0,4.0,2.0,30.0,100000.0,4.0,2.0,2.0,2.0,1.0,2.0,0.0,2.0,4.0,6.0,2.0,0.0,600000.0,1.0,200000.0,50000.0,1.0,110442.9,42289.0,753.0
6,3.0,1.0,3.0,1.0,4.0,2.0,30.0,250000.0,2.0,2.0,2.0,2.0,1.0,2.0,0.0,2.0,4.0,6.0,2.0,0.0,600000.0,1.0,200000.0,100000.0,1.0,182172.41,145062.0,748.0
6,1.0,1.0,1.0,2.0,4.0,2.0,30.0,50000.0,4.0,3.0,2.0,2.0,2.0,2.0,0.0,2.0,4.0,6.0,2.0,0.0,300000.0,1.0,100000.0,70000.0,2.0,122793.8,81105.0,752.0
6,4.0,1.0,2.0,1.0,4.0,2.0,30.0,150000.0,4.0,2.0,2.0,2.0,2.0,2.0,80000.0,1.0,4.0,6.0,2.0,0.0,600000.0,1.0,200000.0,80000.0,1.0,161633.82,90313.0,750.0
6,6.0,1.0,3.0,1.0,4.0,2.0,30.0,180000.0,4.0,2.0,2.0,1.0,2.0,2.0,0.0,2.0,4.0,6.0,2.0,0.0,800000.0,1.0,300000.0,182000.0,2.0,242769.17,156397.0,748.0
6,1.0,1.0,2.0,2.0,4.0,2.0,27.0,75000.0,4.0,2.0,2.0,2.0,2.0,2.0,0.0,2.0,1.0,1.0,2.0,300000.0,150000.0,1.0,50000.0,150000.0,3.0,124945.2,64439.0,753.0
6,5.0,1.0,4.0,1.0,4.0,1.0,26.0,180000.0,3.0,2.0,2.0,2.0,2.0,2.0,110000.0,1.0,4.0,6.0,2.0,0.0,1000000.0,1.0,200000.0,191000.0,3.0,133873.15,139429.0,460744.0
6,1.0,1.0,2.0,2.0,4.0,2.0,26.0,70000.0,4.0,2.0,2.0,2.0,2.0,2.0,0.0,2.0,1.0,1.0,2.0,300000.0,150000.0,1.0,50000.0,63000.0,2.0,124360.3,56608.0,753.0
6,5.0,1.0,4.0,1.0,4.0,1.0,25.0,180000.0,3.0,2.0,2.0,2.0,1.0,2.0,120000.0,1.0,4.0,1.0,2.0,1500000.0,600000.0,1.0,150000.0,315000.0,3.0,246530.75,154613.0,560747.0
6,2.0,1.0,4.0,1.0,2.0,2.0,26.0,128000.0,3.0,2.0,2.0,2.0,1.0,2.0,0.0,2.0,4.0,6.0,2.0,800000.0,300000.0,1.0,100000.0,92000.0,2.0,249719.1,96880.0,746.0
6,1.0,1.0,3.0,2.0,4.0,2.0,25.0,80000.0,3.0,2.0,2.0,2.0,1.0,2.0,0.0,2.0,4.0,2.0,2.0,500000.0,200000.0,1.0,50000.0,124050.0,3.0,85882.8,66407.0,752.0
6,6.0,1.0,6.0,1.0,4.0,1.0,26.0,95000.0,3.0,2.0,2.0,2.0,1.0,2.0,0.0,2.0,4.0,1.0,2.0,0.0,600000.0,1.0,100000.0,431040.0,5.0,193093.05,153574.0,744.0
6,5.0,1.0,4.0,1.0,4.0,1.0,26.0,145000.0,3.0,2.0,2.0,2.0,1.0,2.0,550000.0,1.0,4.0,2.0,2.0,3000.0,600000.0,1.0,150000.0,172150.0,3.0,166434.94,143810.5,747.0
6,5.0,1.0,4.0,1.0,2.0,2.0,26.0,160000.0,3.0,2.0,2.0,2.0,1.0,2.0,400000.0,1.0,4.0,2.0,2.0,0.0,1000000.0,1.0,150000.0,92150.0,3.0,191202.1,142715.0,746.0
6,3.0,1.0,2.0,2.0,4.0,2.0,30.0,50000.0,3.0,3.0,2.0,2.0,2.0,2.0,0.0,2.0,1.0,1.0,2.0,300000.0,100000.0,1.0,60000.0,44000.0,2.0,59833.0,111400.0,755.0
6,1.0,1.0,2.0,2.0,4.0,2.0,30.0,60000.0,3.0,2.0,2.0,2.0,2.0,2.0,0.0,2.0,4.0,1.0,2.0,150000.0,100000.0,1.0,70000.0,83000.0,2.0,46751.45,121216.0,9750.0
6,5.0,1.0,3.0,2.0,4.0,2.0,30.0,55000.0,3.0,2.0,2.0,2.0,1.0,2.0,300000.0,1.0,4.0,2.0,2.0,500000.0,300000.0,1.0,100000.0,45000.0,2.0,63316.7,117265.0,750.0
6,5.0,1.0,3.0,2.0,4.0,2.0,30.0,55000.0,3.0,3.0,2.0,2.0,1.0,2.0,0.0,2.0,1.0,1.0,2.0,400000.0,200000.0,1.0,80000.0,28300.0,2.0,71666.0,99459.0,754.0
6,7.0,1.0,3.0,2.0,4.0,2.0,30.0,53000.0,3.0,2.0,2.0,2.0,1.0,2.0,400000.0,1.0,4.0,2.0,2.0,500000.0,250000.0,1.0,100000.0,500.0,1.0,69266.3,174317.0,749.0
6,4.0,1.0,2.0,2.0,4.0,2.0,30.0,60000.0,3.0,3.0,2.0,2.0,1.0,2.0,100000.0,1.0,1.0,1.0,2.0,300000.0,150000.0,1.0,70000.0,108000.0,2.0,71278.7,90262.0,752.0
6,3.0,1.0,2.0,2.0,4.0,2.0,30.0,65000.0,3.0,3.0,2.0,2.0,1.0,2.0,170000.0,1.0,4.0,2.0,2.0,300000.0,150000.0,1.0,80000.0,25000.0,1.0,60077.1,346371.0,751.0
6,4.0,3.0,2.0,2.0,4.0,2.0,30.0,40000.0,4.0,3.0,2.0,2.0,2.0,2.0,0.0,2.0,1.0,1.0,2.0,400000.0,200000.0,1.0,100000.0,28000.0,1.0,67877.9,80216.0,754.0
6,3.0,1.0,3.0,2.0,4.0,2.0,30.0,40000.0,3.0,2.0,2.0,2.0,2.0,2.0,350000.0,1.0,4.0,2.0,2.0,300000.0,150000.0,1.0,80000.0,60000.0,1.0,64602.5,148052.0,752.0
6,1.0,1.0,5.0,2.0,4.0,2.0,15.0,80000.0,2.0,3.0,2.0,2.0,1.0,2.0,0.0,2.0,4.0,6.0,2.0,0.0,500000.0,1.0,150000.0,45400.0,2.0,69217.4,83551.0,752.0
6,1.0,1.0,2.0,2.0,4.0,2.0,27.555555555555557,60000.0,4.0,3.0,2.0,2.0,1.0,2.0,0.0,2.0,4.0,6.0,2.0,500000.0,200000.0,1.0,100000.0,42000.0,1.0,74643.15,57125.0,757.0
6,2.0,1.0,4.0,2.0,4.0,2.0,15.0,80000.0,2.0,3.0,2.0,1.0,2.0,2.0,0.0,2.0,4.0,6.0,2.0,1200000.0,700000.0,1.0,300000.0,620000.0,3.0,93216.4,144563.0,748.0
6,5.0,1.0,4.0,2.0,4.0,2.0,15.0,100000.0,3.0,3.0,2.0,2.0,2.0,2.0,0.0,2.0,4.0,6.0,2.0,0.0,1000000.0,1.0,350000.0,775000.0,3.0,162005.3,135710.0,744.0
6,1.0,1.0,3.0,2.0,4.0,2.0,15.0,60000.0,3.0,3.0,2.0,2.0,2.0,2.0,0.0,2.0,4.0,6.0,2.0,500000.0,300000.0,1.0,150000.0,65300.0,1.0,104277.55,101365.0,754.0
6,1.0,1.0,5.0,2.0,4.0,2.0,15.0,50000.0,3.0,3.0,2.0,2.0,2.0,2.0,0.0,2.0,4.0,6.0,2.0,0.0,500000.0,1.0,130000.0,53500.0,1.0,115628.05,68128.0,750.0
6,4.0,1.0,3.0,2.0,4.0,2.0,15.0,100000.0,2.0,2.0,2.0,2.0,2.0,2.0,0.0,2.0,4.0,6.0,2.0,0.0,1200000.0,1.0,200000.0,200000.0,2.0,136454.3,123820.0,749.0
6,4.0,1.0,3.0,2.0,4.0,2.0,30.0,80000.0,3.0,3.0,2.0,2.0,2.0,2.0,0.0,2.0,4.0,6.0,2.0,0.0,900000.0,1.0,280000.0,202000.0,3.0,183498.5,155632.0,747.0
6,2.0,1.0,3.0,2.0,4.0,2.0,30.0,7.0,4.0,3.0,2.0,2.0,2.0,2.0,50000.0,1.0,4.0,6.0,2.0,0.0,800000.0,1.0,200000.0,90000.0,2.0,145619.55,66638.0,753.0
6,4.0,1.0,3.0,1.0,4.0,2.0,30.0,150000.0,2.0,2.0,2.0,2.0,2.0,2.0,0.0,2.0,4.0,2.0,2.0,0.0,800000.0,1.0,200000.0,140000.0,1.0,234462.85,223149.5,746.0
6,3.0,1.0,3.0,2.0,4.0,2.0,30.0,70000.0,2.0,2.0,2.0,2.0,1.0,2.0,0.0,2.0,4.0,6.0,2.0,1000000.0,700000.0,1.0,200000.0,300150.0,2.0,339073.7,126601.0,742.0
6,1.0,1.0,3.0,2.0,4.0,2.0,30.0,40000.0,3.0,3.0,2.0,2.0,2.0,2.0,0.0,2.0,4.0,6.0,2.0,500000.0,300000.0,1.0,100000.0,43500.0,1.0,104346.54,75529.0,747.0
6,3.0,3.0,2.0,1.0,4.0,2.0,30.0,80000.0,3.0,3.0,2.0,2.0,2.0,2.0,0.0,2.0,4.0,6.0,2.0,2000000.0,600000.0,1.0,300000.0,220000.0,2.0,230731.05,255985.0,744.0
6,2.0,1.0,3.0,2.0,4.0,2.0,30.0,80000.0,3.0,3.0,2.0,2.0,2.0,2.0,0.0,2.0,4.0,6.0,2.0,800000.0,500000.0,1.0,160000.0,193000.0,3.0,122841.85,85747.0,750.0
6,3.0,1.0,4.0,1.0,4.0,2.0,30.0,70000.0,3.0,3.0,2.0,2.0,2.0,2.0,0.0,2.0,4.0,6.0,2.0,1000000.0,500000.0,1.0,200000.0,125000.0,3.0,193178.64,158204.0,741.0
6,2.0,1.0,1.0,1.0,4.0,2.0,30.0,50000.0,3.0,3.0,2.0,2.0,2.0,2.0,0.0,2.0,4.0,6.0,2.0,700000.0,500000.0,1.0,150000.0,100000.0,1.0,236665.55,142754.0,743.0
6,4.0,1.0,2.0,2.0,4.0,2.0,30.0,150000.0,2.0,2.0,2.0,2.0,2.0,2.0,0.0,2.0,4.0,6.0,2.0,900000.0,700000.0,1.0,200000.0,198000.0,2.0,247757.95,243343.5,751.0
6,1.0,3.0,1.0,2.0,4.0,2.0,30.0,30000.0,3.0,3.0,2.0,2.0,2.0,2.0,0.0,2.0,4.0,6.0,2.0,800000.0,500000.0,1.0,120000.0,90000.0,1.0,179169.1,144291.0,751.0
6,4.0,1.0,2.0,1.0,4.0,1.0,30.0,78000.0,3.0,3.0,2.0,2.0,2.0,2.0,100000.0,1.0,4.0,6.0,2.0,0.0,0.0,1.6666666666666667,335583.3333333333,250000.0,1.0,115862.65,201235.0,747.0
6,3.0,4.0,1.0,2.0,4.0,1.0,30.0,84000.0,3.0,3.0,2.0,2.0,1.0,2.0,800000.0,1.0,4.0,6.0,2.0,0.0,0.0,1.2222222222222223,341747.77777777775,250000.0,1.0,112498.3,143070.0,750.0
6,3.0,1.0,3.0,1.0,4.0,1.0,30.0,90000.0,2.0,2.0,2.0,2.0,2.0,2.0,0.0,2.0,4.0,6.0,2.0,0.0,0.0,1.4444444444444444,291380.6666666667,870000.0,3.0,127875.55,183957.0,749.0
6,5.0,1.0,3.0,1.0,4.0,1.0,30.0,90000.0,2.0,1.0,2.0,2.0,2.0,2.0,1000000.0,1.0,4.0,6.0,2.0,0.0,0.0,1.0,311111.1111111111,200000.0,1.0,143410.8,155897.0,748.0
6,4.0,1.0,3.0,2.0,4.0,2.0,30.0,95000.0,2.0,3.0,2.0,2.0,2.0,2.0,600000.0,1.0,4.0,6.0,2.0,0.0,0.0,1.2222222222222223,311747.77777777775,150000.0,1.0,139767.05,135789.0,752.0
6,1.0,4.0,1.0,2.0,4.0,2.0,30.0,56000.0,4.0,3.0,2.0,2.0,1.0,2.0,0.0,2.0,1.0,1.0,1.0,0.0,0.0,1.0,102222.22222222222,63000.0,2.0,61169.05,54298.0,755.0
6,6.0,1.0,3.0,2.0,4.0,2.0,30.0,100000.0,2.0,3.0,2.0,2.0,2.0,2.0,0.0,2.0,4.0,6.0,2.0,0.0,0.0,1.2222222222222223,343416.6666666667,270000.0,2.0,179632.0,105503.0,750.0
6,5.0,4.0,2.0,2.0,4.0,2.0,30.0,90000.0,3.0,3.0,2.0,2.0,1.0,2.0,400000.0,1.0,4.0,6.0,2.0,0.0,0.0,1.0,231111.11111111112,200000.0,1.0,81642.5,121972.0,751.0
6,6.0,1.0,3.0,1.0,4.0,2.0,30.0,110000.0,3.0,3.0,2.0,2.0,2.0,2.0,300000.0,1.0,4.0,6.0,2.0,0.0,0.0,1.4444444444444444,339442.22222222225,284000.0,2.0,155407.9,153636.0,748.0
6,3.0,1.0,3.0,2.0,4.0,2.0,30.0,120000.0,2.0,2.0,2.0,2.0,2.0,2.0,0.0,2.0,4.0,1.0,2.0,0.0,0.0,1.2222222222222223,268237.5,200000.0,1.0,164676.3,193511.0,744.0
6,3.0,1.0,3.0,1.0,4.0,2.0,30.0,150000.0,2.0,3.0,2.0,1.0,2.0,2.0,0.0,2.0,4.0,6.0,2.0,0.0,0.0,1.2222222222222223,243484.0,709500.0,5.0,79014.3,177486.0,745.0
6,5.0,1.0,4.0,1.0,4.0,1.0,30.0,150000.0,2.0,2.0,2.0,2.0,2.0,2.0,35000.0,1.0,4.0,6.0,2.0,0.0,400000.0,1.0,200000.0,220000.0,3.0,157336.565,326037.0,747.0
6,6.0,1.0,3.0,1.0,4.0,2.0,30.0,7.0,3.0,3.0,2.0,2.0,2.0,2.0,0.0,2.0,1.0,1.0,2.0,0.0,0.0,1.0,223333.33333333337,205000.0,4.0,99101.8,214323.0,750.0
6,3.0,1.0,4.0,1.0,4.0,2.0,30.0,150000.0,3.0,3.0,2.0,2.0,1.0,2.0,0.0,2.0,4.0,1.0,2.0,0.0,0.0,1.4444444444444444,228356.66666666663,120100.0,3.0,182480.4,202578.0,749.0
6,7.0,1.0,4.0,2.0,4.0,1.0,30.0,7.0,3.0,3.0,2.0,2.0,2.0,2.0,200000.0,2.0,4.0,6.0,2.0,0.0,0.0,1.2222222222222223,291680.0,183000.0,3.0,161187.03,233086.0,747.0
6,8.0,1.0,4.0,1.0,4.0,2.0,30.0,150000.0,2.0,2.0,2.0,2.0,2.0,2.0,0.0,2.0,4.0,2.0,2.0,0.0,0.0,1.4444444444444444,489393.8888888889,620000.0,4.0,673418.59,498385.0,742.0
6,4.0,1.0,2.0,1.0,4.0,2.0,30.0,140000.0,2.0,2.0,2.0,2.0,2.0,2.0,0.0,2.0,4.0,3.0,2.0,1000000.0,700000.0,1.0,300000.0,66000.0,2.0,161152.85,177767.0,747.0
6,5.0,1.0,4.0,1.0,4.0,2.0,30.0,200000.0,2.0,2.0,2.0,2.0,2.0,2.0,0.0,2.0,4.0,3.0,2.0,0.0,0.0,1.4444444444444444,372495.5555555555,126000.0,2.0,179820.25,370688.0,745.0
6,5.0,5.0,4.0,1.0,4.0,1.0,30.0,7.0,3.0,2.0,2.0,1.0,1.0,2.0,1500000.0,1.0,4.0,6.0,2.0,1200000.0,600000.0,1.0,200000.0,140000.0,2.0,69608.8,217178.0,748.0
6,1.0,1.0,4.0,1.0,2.0,2.0,30.0,75000.0,3.0,2.0,2.0,1.0,2.0,2.0,350000.0,1.0,4.0,6.0,2.0,700000.0,350000.0,1.0,80000.0,106000.0,2.0,50432.5,66830.0,748.0
6,3.0,1.0,2.0,2.0,4.0,1.0,30.0,7.0,3.0,3.0,2.0,1.0,1.0,2.0,1550000.0,1.0,4.0,1.0,2.0,900000.0,500000.0,1.0,100000.0,26000.0,2.0,66798.7,261108.0,747.0
6,3.0,5.0,1.0,2.0,4.0,2.0,28.77777777777778,7.0,4.0,3.0,2.0,1.0,1.0,1.0,2000000.0,1.0,4.0,6.0,2.0,1500000.0,650000.0,1.0,250000.0,99000.0,2.0,83065.3,122727.0,751.0
6,5.0,1.0,4.0,2.0,4.0,2.0,30.0,7.0,3.0,2.0,2.0,1.0,2.0,2.0,2000000.0,1.0,4.0,2.0,2.0,1000000.0,600000.0,1.0,200000.0,248000.0,4.0,96247.1,255105.0,400754.0
6,5.0,5.0,4.0,2.0,4.0,2.0,30.0,60000.0,4.0,3.0,2.0,1.0,1.0,2.0,1000000.0,1.0,4.0,1.0,2.0,1000000.0,600000.0,1.0,180000.0,70000.0,2.0,98037.9,120170.0,751.0
6,5.0,1.0,4.0,1.0,4.0,1.0,30.0,100000.0,3.0,3.0,2.0,1.0,1.0,2.0,750000.0,1.0,1.0,1.0,2.0,850000.0,500000.0,1.0,150000.0,86000.0,4.0,97310.2,262009.0,747.0
6,3.0,1.0,3.0,2.0,4.0,2.0,30.0,7.0,4.0,2.0,2.0,1.0,2.0,2.0,0.0,2.0,4.0,6.0,2.0,900000.0,500000.0,1.0,200000.0,191000.0,4.0,69844.2,221490.0,749.0
6,2.0,1.0,2.0,1.0,4.0,1.0,30.0,7.0,4.0,3.0,2.0,1.0,2.0,2.0,100000.0,1.0,4.0,6.0,2.0,960000.0,480000.0,1.0,100000.0,130985.0,2.0,133689.22,243746.0,1300750.0
6,3.0,1.0,3.0,2.0,4.0,2.0,30.0,75000.0,4.0,2.0,2.0,2.0,2.0,2.0,400000.0,1.0,4.0,3.0,2.0,0.0,0.0,1.0,200000.0,220000.0,2.0,79380.95,100438.0,749.0
6,6.0,1.0,2.0,1.0,4.0,1.0,30.0,150000.0,2.0,2.0,2.0,2.0,2.0,2.0,161000.0,1.0,4.0,2.0,2.0,0.0,0.0,1.0,300000.0,260000.0,2.0,261055.95,462990.0,570745.0
6,6.0,1.0,3.0,1.0,4.0,1.0,30.0,120000.0,2.0,2.0,2.0,2.0,1.0,2.0,0.0,1.0,4.0,6.0,2.0,0.0,0.0,1.0,300000.0,240000.0,1.0,244118.365,305160.0,744.0
6,4.0,1.0,4.0,2.0,4.0,1.0,30.0,120000.0,3.0,2.0,2.0,2.0,1.0,2.0,0.0,1.0,4.0,3.0,2.0,0.0,0.0,1.0,120000.0,108000.0,2.0,114939.7,188459.0,749.0
6,2.0,1.0,4.0,2.0,4.0,2.0,30.0,80000.0,2.0,2.0,2.0,2.0,1.0,2.0,0.0,2.0,4.0,3.0,2.0,0.0,0.0,1.0,150000.0,145000.0,2.0,113146.2,70063.0,748.0
6,7.0,1.0,6.0,1.0,4.0,1.0,30.0,150000.0,3.0,2.0,2.0,2.0,2.0,2.0,800000.0,1.0,4.0,6.0,2.0,1200000.0,700000.0,1.0,300000.0,230000.0,5.0,463238.8,297994.0,744.0
6,3.0,5.0,3.0,2.0,4.0,2.0,30.0,75000.0,3.0,3.0,2.0,2.0,1.0,2.0,0.0,2.0,1.0,2.0,2.0,0.0,0.0,1.0,100000.0,116000.0,3.0,87379.5,98027.0,753.0
6,3.0,1.0,2.0,1.0,4.0,2.0,30.0,100000.0,3.0,2.0,2.0,2.0,2.0,2.0,0.0,2.0,4.0,6.0,2.0,0.0,700000.0,1.0,250000.0,606000.0,3.0,210941.69,506814.0,747.0
6,2.0,1.0,4.0,1.0,4.0,1.0,30.0,100000.0,2.0,2.0,2.0,2.0,1.0,2.0,0.0,2.0,4.0,6.0,2.0,0.0,0.0,1.2222222222222223,279728.8888888889,103000.0,3.0,239299.85,248062.0,742.0
6,5.0,1.0,4.0,2.0,4.0,2.0,30.0,145000.0,4.0,3.0,2.0,1.0,1.0,2.0,600000.0,1.0,1.0,2.0,2.0,510000.0,300000.0,1.0,100000.0,77000.0,2.0,78584.95,40739.0,752.0
6,2.0,1.0,4.0,2.0,4.0,1.0,30.0,100000.0,4.0,3.0,2.0,1.0,1.0,2.0,100000.0,1.0,4.0,3.0,2.0,230000.0,170000.0,1.0,70000.0,47000.0,1.0,50694.95,64817.0,750.0
6,1.0,1.0,3.0,2.0,4.0,2.0,30.0,70000.0,3.0,3.0,2.0,1.0,1.0,2.0,0.0,2.0,4.0,4.0,2.0,70000.0,56000.0,1.0,40000.0,52000.0,1.0,62814.5,27276.0,753.0
6,7.0,1.0,4.0,1.0,4.0,2.0,30.0,150000.0,3.0,3.0,2.0,1.0,1.0,2.0,0.0,2.0,4.0,4.0,2.0,800000.0,500000.0,1.0,150000.0,611000.0,5.0,73777.25,1272836.0,749.0
6,6.0,1.0,3.0,1.0,4.0,2.0,30.0,120000.0,3.0,3.0,2.0,1.0,1.0,2.0,1500000.0,1.0,4.0,3.0,2.0,400000.0,250000.0,1.0,100000.0,183000.0,2.0,98652.0,83007.0,751.0
6,1.0,1.0,4.0,2.0,4.0,2.0,30.0,80000.0,3.0,3.0,2.0,1.0,1.0,2.0,0.0,2.0,4.0,4.0,2.0,200000.0,150000.0,1.0,80000.0,70000.0,1.0,91458.75,49015.0,753.0
6,1.0,1.0,6.0,2.0,4.0,2.0,30.0,100000.0,3.0,3.0,2.0,1.0,1.0,2.0,0.0,2.0,4.0,4.0,2.0,150000.0,100000.0,1.0,70000.0,50000.0,1.0,44781.5,94650.0,753.0
6,6.0,1.0,5.0,1.0,4.0,2.0,30.0,120000.0,3.0,3.0,2.0,1.0,1.0,2.0,1500000.0,1.0,3.0,2.0,2.0,370000.0,200000.0,1.0,100000.0,101000.0,3.0,70965.55,50336.0,600754.0
6,3.0,5.0,2.0,2.0,4.0,2.0,30.0,78000.0,3.0,3.0,2.0,1.0,1.0,2.0,70000.0,1.0,4.0,3.0,2.0,200000.0,100000.0,1.0,50000.0,20000.0,2.0,50248.95,31761.0,754.0
6,4.0,1.0,5.0,2.0,4.0,1.0,30.0,100000.0,4.0,3.0,2.0,1.0,1.0,2.0,400000.0,1.0,4.0,6.0,2.0,0.0,500000.0,1.0,200000.0,30000.0,1.0,43709.6,177848.0,750.0
6,7.0,1.0,5.0,1.0,4.0,2.0,30.0,120000.0,4.0,2.0,2.0,1.0,1.0,2.0,100000.0,1.0,4.0,6.0,2.0,0.0,0.0,1.0,400000.0,85000.0,2.0,111292.2,138964.0,747.0
6,4.0,1.0,3.0,1.0,4.0,1.0,30.0,110000.0,4.0,3.0,2.0,1.0,1.0,2.0,60000.0,1.0,4.0,6.0,2.0,0.0,0.0,1.0,300000.0,100000.0,1.0,101509.3,104772.0,748.0
6,4.0,1.0,3.0,2.0,4.0,1.0,30.0,130000.0,4.0,2.0,2.0,1.0,1.0,2.0,60000.0,1.0,4.0,6.0,2.0,0.0,0.0,1.0,500000.0,340000.0,4.0,170184.1,288270.0,749.0
6,7.0,1.0,5.0,1.0,4.0,2.0,30.0,150000.0,4.0,2.0,2.0,1.0,1.0,2.0,0.0,2.0,4.0,6.0,2.0,0.0,0.0,1.0,350000.0,260000.0,3.0,117402.2,159055.0,749.0
6,5.0,1.0,6.0,1.0,4.0,1.0,30.0,80000.0,3.0,2.0,2.0,1.0,1.0,2.0,0.0,2.0,4.0,6.0,2.0,0.0,0.0,1.0,350000.0,145000.0,2.0,93018.95,175557.0,744.0
6,1.0,1.0,3.0,2.0,4.0,2.0,30.0,50000.0,4.0,3.0,2.0,1.0,1.0,2.0,0.0,2.0,4.0,6.0,2.0,0.0,0.0,1.0,100000.0,30000.0,1.0,89487.59999999999,30699.0,756.0
6,2.0,1.0,5.0,1.0,4.0,2.0,30.0,90000.0,3.0,2.0,2.0,1.0,1.0,2.0,0.0,2.0,4.0,6.0,2.0,0.0,500000.0,1.0,200000.0,47000.0,3.0,54993.0,110438.0,747.0
6,3.0,1.0,6.0,1.0,4.0,1.0,30.0,120000.0,4.0,3.0,2.0,1.0,1.0,2.0,200000.0,1.0,4.0,6.0,2.0,0.0,1000000.0,1.0,300000.0,606100.0,3.0,72968.55,201956.0,744.0
6,5.0,1.0,3.0,1.0,4.0,1.0,30.0,200000.0,3.0,2.0,2.0,1.0,1.0,2.0,0.0,2.0,4.0,6.0,2.0,2000000.0,1000000.0,1.0,500000.0,426000.0,5.0,214634.95,159333.0,747.0
6,1.0,1.0,2.0,2.0,4.0,2.0,30.0,70000.0,5.0,3.0,2.0,1.0,1.0,2.0,0.0,2.0,1.0,1.0,2.0,0.0,0.0,1.0,150000.0,69000.0,2.0,90758.5,124803.0,754.0
6,1.0,1.0,2.0,1.0,4.0,2.0,30.0,120000.0,4.0,2.0,2.0,1.0,1.0,2.0,250000.0,1.0,4.0,6.0,2.0,0.0,0.0,1.0,200000.0,50000.0,1.0,98072.4,138432.0,952995.0
6,4.0,1.0,2.0,1.0,1.0,1.0,30.0,60000.0,4.0,2.0,2.0,1.0,1.0,2.0,300000.0,1.0,4.0,1.0,2.0,0.0,500000.0,1.0,250000.0,227000.0,3.0,169758.3,209479.0,743.0
6,2.0,1.0,1.0,1.0,4.0,1.0,30.0,50000.0,3.0,2.0,2.0,1.0,1.0,1.0,200000.0,1.0,4.0,1.0,2.0,30000.0,10000.0,3.0,475120.0,450000.0,2.0,215475.3,422219.0,800748.0
6,3.0,1.0,2.0,1.0,4.0,2.0,30.0,90000.0,4.0,2.0,2.0,1.0,1.0,2.0,420000.0,1.0,4.0,1.0,2.0,1000000.0,700000.0,1.0,300000.0,15000.0,1.0,173033.94999999998,183690.0,748.0
6,4.0,3.0,1.0,2.0,4.0,2.0,30.0,150000.0,4.0,3.0,2.0,1.0,1.0,2.0,800000.0,1.0,4.0,3.0,2.0,0.0,0.0,1.0,300000.0,150000.0,1.0,107170.05,161388.0,750.0
6,2.0,1.0,3.0,1.0,4.0,2.0,30.0,50000.0,3.0,2.0,2.0,1.0,1.0,1.0,0.0,2.0,4.0,2.0,2.0,0.0,400000.0,1.0,200000.0,130000.0,2.0,182802.52,214130.0,718746.0
6,4.0,3.0,2.0,1.0,4.0,2.0,30.0,150000.0,3.0,2.0,2.0,1.0,1.0,2.0,1500000.0,1.0,4.0,6.0,2.0,0.0,1000000.0,1.0,500000.0,280000.0,1.0,148505.05,361216.0,6580755.0
7,2.0,1.0,2.0,1.0,4.0,1.0,31.0,70000.0,2.0,2.0,2.0,2.0,2.0,2.0,0.0,2.0,4.0,6.0,2.0,0.0,2000.0,1.0,250000.0,560000.0,2.0,140965.4,216109.0,743.0
7,3.0,3.0,1.0,2.0,4.0,2.0,31.0,50000.0,3.0,3.0,2.0,2.0,2.0,2.0,0.0,2.0,4.0,6.0,2.0,0.0,1000.0,1.0,150000.0,89000.0,2.0,161379.0,179101.0,751.0
7,4.0,1.0,3.0,1.0,4.0,2.0,31.0,120000.0,2.0,2.0,2.0,2.0,1.0,2.0,0.0,2.0,4.0,6.0,2.0,20000.0,1000000.0,1.0,200000.0,73000.0,2.0,151635.95,249953.0,744.0
7,1.0,5.0,1.0,2.0,4.0,1.0,31.0,7.0,3.0,3.0,2.0,2.0,2.0,2.0,0.0,2.0,4.0,6.0,2.0,2000.0,300000.0,1.0,180000.0,330000.0,1.0,90256.2,299230.0,751.0
7,2.0,1.0,2.0,2.0,4.0,2.0,31.0,70000.0,2.0,3.0,2.0,2.0,1.0,2.0,0.0,2.0,4.0,6.0,2.0,0.0,1000.0,1.0,180000.0,170000.0,2.0,75210.9,134948.0,749.0
7,4.0,1.0,3.0,1.0,4.0,2.0,31.0,80000.0,2.0,2.0,2.0,2.0,1.0,2.0,0.0,2.0,4.0,6.0,2.0,0.0,2000.0,3.0,238665.0,110000.0,2.0,161852.3,199689.0,744.0
7,3.0,1.0,3.0,1.0,4.0,1.0,31.0,100000.0,2.0,2.0,2.0,2.0,2.0,2.0,0.0,2.0,4.0,6.0,2.0,20000.0,2000.0,1.0,200000.0,190000.0,2.0,140930.7,283324.0,745.0
7,1.0,1.0,1.0,2.0,4.0,1.0,31.0,60000.0,2.0,2.0,2.0,2.0,2.0,2.0,0.0,2.0,4.0,6.0,2.0,0.0,360000.0,1.0,180000.0,330000.0,1.0,103615.7,290768.0,19346.0
7,4.0,1.0,3.0,1.0,4.0,2.0,31.0,95000.0,3.0,2.0,2.0,2.0,2.0,2.0,0.0,2.0,4.0,6.0,2.0,0.0,1000000.0,1.0,280000.0,310000.0,2.0,150172.3,232282.0,745.0
7,2.0,1.0,4.0,2.0,4.0,2.0,31.0,80000.0,3.0,2.0,2.0,2.0,2.0,2.0,100000.0,1.0,4.0,6.0,2.0,300000.0,250000.0,1.0,150000.0,139000.0,3.0,98788.15,99692.0,750.0
7,4.0,1.0,3.0,1.0,1.0,1.0,31.0,140000.0,2.0,2.0,2.0,2.0,2.0,2.0,0.0,2.0,4.0,6.0,2.0,500000.0,400000.0,1.0,200000.0,280000.0,2.0,209739.6,202557.0,740.0
7,4.0,1.0,3.0,1.0,4.0,2.0,31.0,120000.0,3.0,2.0,2.0,2.0,1.0,2.0,0.0,2.0,4.0,2.0,2.0,600000.0,400000.0,1.0,180000.0,215000.0,2.0,141854.93,179552.0,741.0
7,1.0,1.0,2.0,2.0,4.0,2.0,31.0,60000.0,3.0,2.0,2.0,2.0,1.0,2.0,0.0,2.0,4.0,6.0,2.0,230000.0,180000.0,1.0,100000.0,55000.0,1.0,99230.75,74360.0,752.0
7,2.0,3.0,3.0,1.0,4.0,2.0,31.0,100000.0,3.0,3.0,2.0,1.0,2.0,2.0,0.0,2.0,4.0,6.0,2.0,400000.0,300000.0,1.0,150000.0,480000.0,2.0,175423.18,207967.0,749.0
7,6.0,1.0,4.0,1.0,4.0,1.0,31.0,120000.0,2.0,2.0,2.0,2.0,2.0,2.0,250000.0,1.0,4.0,2.0,2.0,600000.0,500000.0,1.0,220000.0,370000.0,3.0,219789.45,282791.0,742.0
7,2.0,1.0,4.0,2.0,4.0,2.0,31.0,120000.0,3.0,2.0,2.0,2.0,1.0,2.0,0.0,2.0,4.0,2.0,2.0,0.0,250000.0,1.0,120000.0,54000.0,2.0,145056.35,85669.0,751.0
7,5.0,1.0,2.0,1.0,4.0,1.0,31.0,100000.0,4.0,2.0,2.0,2.0,2.0,2.0,0.0,2.0,4.0,6.0,2.0,600000.0,450000.0,1.0,200000.0,266000.0,3.0,186961.97,284336.0,742.0
7,1.0,1.0,3.0,2.0,4.0,2.0,31.0,70000.0,3.0,2.0,2.0,2.0,1.0,2.0,40000.0,1.0,4.0,6.0,2.0,0.0,150000.0,1.0,80000.0,95000.0,2.0,121825.3,98726.0,754.0
7,2.0,3.0,3.0,2.0,3.0,2.0,24.0,97111.11111111112,3.0,3.0,2.0,2.0,2.0,2.0,0.0,2.0,4.0,6.0,2.0,0.0,0.0,1.0,150000.0,131000.0,3.0,149388.88,83844.0,751.0
7,2.0,1.0,2.0,1.0,4.0,2.0,31.0,60000.0,3.0,2.0,2.0,2.0,1.0,2.0,50000.0,2.0,4.0,6.0,2.0,0.0,0.0,1.0,150000.0,32000.0,1.0,105998.8,87809.0,749.0
7,2.0,1.0,2.0,1.0,4.0,2.0,28.0,130000.0,3.0,2.0,2.0,2.0,2.0,2.0,0.0,2.0,4.0,6.0,2.0,0.0,500000.0,1.0,200000.0,120000.0,2.0,133658.25,141316.0,748.0
7,1.0,1.0,1.0,1.0,4.0,2.0,28.0,45000.0,3.0,3.0,2.0,2.0,1.0,2.0,0.0,2.0,4.0,6.0,2.0,0.0,350000.0,1.0,150000.0,100.0,1.0,105507.85,99727.0,751.0
7,2.0,1.0,2.0,1.0,4.0,1.0,24.0,90000.0,3.0,2.0,2.0,2.0,1.0,2.0,0.0,2.0,4.0,6.0,2.0,0.0,0.0,1.0,200000.0,38000.0,1.0,143632.65,184459.0,749.0
7,3.0,1.0,1.0,1.0,4.0,2.0,24.0,60000.0,3.0,2.0,2.0,2.0,1.0,2.0,2000000.0,2.0,4.0,6.0,2.0,0.0,0.0,1.0,600000.0,137000.0,2.0,171281.65,303361.0,748.0
7,1.0,1.0,1.0,2.0,4.0,2.0,27.0,35668.22222222222,3.0,2.0,2.0,2.0,1.0,2.0,0.0,2.0,4.0,6.0,2.0,0.0,0.0,1.0,150000.0,45000.0,1.0,102141.8,87421.0,753.0
7,3.0,1.0,2.0,1.0,4.0,2.0,31.0,33000.0,3.0,2.0,2.0,2.0,2.0,2.0,0.0,2.0,4.0,6.0,2.0,0.0,0.0,1.0,200000.0,235000.0,3.0,176386.4,215564.0,746.0
7,1.0,1.0,2.0,1.0,4.0,2.0,25.0,90000.0,3.0,2.0,2.0,2.0,1.0,2.0,490000.0,1.0,4.0,6.0,2.0,0.0,0.0,1.0,150000.0,37800.0,2.0,127357.82,393218.0,750.0
7,6.0,1.0,3.0,1.0,4.0,1.0,31.0,100000.0,3.0,2.0,2.0,1.0,1.0,2.0,1000000.0,1.0,4.0,1.0,2.0,0.0,1500000.0,1.0,300000.0,272100.0,5.0,248340.45,158767.0,744.0
7,4.0,1.0,2.0,1.0,4.0,2.0,31.0,68000.0,4.0,2.0,2.0,1.0,1.0,2.0,1000000.0,1.0,4.0,1.0,2.0,0.0,2000000.0,1.0,200000.0,190000.0,3.0,163899.9,209453.0,747.0
7,4.0,1.0,4.0,1.0,4.0,2.0,31.0,100000.0,3.0,2.0,2.0,2.0,2.0,2.0,1000000.0,1.0,4.0,1.0,2.0,0.0,1200000.0,1.0,180000.0,167000.0,3.0,187958.0,151116.0,60746.0
7,6.0,1.0,7.0,1.0,4.0,1.0,31.0,200000.0,3.0,2.0,2.0,1.0,1.0,2.0,0.0,2.0,4.0,6.0,2.0,0.0,2500000.0,1.0,200000.0,250000.0,4.0,254939.55,198487.0,200740.0
7,4.0,1.0,3.0,2.0,4.0,2.0,31.0,100000.0,3.0,2.0,2.0,1.0,1.0,2.0,0.0,2.0,4.0,1.0,2.0,0.0,2000000.0,1.0,200000.0,241500.0,3.0,201104.15,130243.0,200747.0
7,4.0,3.0,3.0,2.0,4.0,1.0,31.0,60000.0,5.0,3.0,2.0,2.0,2.0,2.0,0.0,2.0,4.0,2.0,2.0,0.0,4000000.0,1.0,200000.0,221000.0,3.0,207627.8,339903.0,752.0
7,1.0,1.0,1.0,2.0,4.0,2.0,31.0,7.0,4.0,2.0,2.0,2.0,1.0,2.0,15000.0,1.0,4.0,5.0,2.0,0.0,400000.0,1.0,50000.0,52000.0,2.0,128022.4,22370.0,754.0
7,1.0,1.0,3.0,1.0,4.0,1.0,31.0,100000.0,2.0,2.0,2.0,1.0,1.0,2.0,5000000.0,1.0,4.0,1.0,2.0,0.0,600000.0,1.0,160000.0,121500.0,2.0,187474.35,296278.0,60747.0
7,5.0,1.0,3.0,1.0,4.0,2.0,31.0,200000.0,3.0,2.0,2.0,2.0,2.0,2.0,1000000.0,1.0,4.0,1.0,2.0,0.0,1000000.0,1.0,200000.0,195000.0,3.0,211846.2,223297.0,747.0
7,2.0,1.0,1.0,2.0,4.0,2.0,31.0,7.0,4.0,3.0,2.0,2.0,1.0,2.0,150000.0,1.0,4.0,6.0,2.0,600000.0,400000.0,1.0,200000.0,74000.0,3.0,160134.1,1243799.0,752.0
7,5.0,1.0,2.0,1.0,4.0,2.0,31.0,120000.0,3.0,2.0,2.0,2.0,2.0,2.0,0.0,2.0,4.0,6.0,2.0,800000.0,600000.0,1.0,400000.0,308000.0,2.0,383555.0,383373.0,747.0
7,5.0,1.0,2.0,1.0,4.0,1.0,31.0,100000.0,4.0,3.0,2.0,2.0,1.0,2.0,260000.0,1.0,4.0,6.0,2.0,800000.0,500000.0,1.0,300000.0,107000.0,2.0,217324.55,304565.0,749.0
7,2.0,1.0,2.0,2.0,4.0,2.0,31.0,50000.0,3.0,3.0,2.0,2.0,2.0,2.0,100000.0,1.0,4.0,6.0,2.0,700000.0,500000.0,1.0,300000.0,40000.0,1.0,176892.5,207820.0,751.0
7,6.0,1.0,3.0,1.0,4.0,1.0,31.0,120000.0,3.0,2.0,2.0,2.0,2.0,2.0,300000.0,1.0,4.0,6.0,2.0,1000000.0,800000.0,1.0,400000.0,898000.0,4.0,316422.7,468627.0,742.0
7,4.0,1.0,1.0,1.0,4.0,2.0,31.0,90000.0,3.0,2.0,2.0,2.0,1.0,2.0,0.0,2.0,4.0,6.0,2.0,900000.0,600000.0,1.0,300000.0,500000.0,2.0,273791.05,438143.0,747.0
7,3.0,1.0,3.0,2.0,4.0,2.0,31.0,60000.0,3.0,3.0,2.0,2.0,2.0,2.0,0.0,2.0,4.0,6.0,2.0,600000.0,400000.0,1.0,200000.0,115000.0,2.0,179864.15,292012.0,752.0
7,5.0,1.0,3.0,1.0,4.0,2.0,31.0,120000.0,3.0,2.0,2.0,2.0,1.0,2.0,0.0,2.0,4.0,3.0,2.0,700000.0,500000.0,1.0,300000.0,53000.0,2.0,385489.9,309670.0,746.0
7,6.0,1.0,3.0,1.0,4.0,1.0,31.0,140000.0,3.0,3.0,2.0,2.0,2.0,2.0,0.0,2.0,4.0,6.0,2.0,800000.0,700000.0,1.0,400000.0,267000.0,4.0,482818.84,513821.0,744.0
7,4.0,1.0,2.0,1.0,4.0,2.0,31.0,130000.0,3.0,2.0,2.0,2.0,1.0,2.0,900000.0,2.0,4.0,3.0,2.0,600000.0,400000.0,1.0,200000.0,140000.0,1.0,244886.5,328620.0,747.0
7,5.0,1.0,2.0,1.0,4.0,1.0,31.0,100000.0,3.0,2.0,2.0,2.0,1.0,2.0,2000000.0,2.0,4.0,5.0,2.0,800000.0,500000.0,1.0,200000.0,640000.0,3.0,243552.95,393004.0,746.0
7,5.0,1.0,3.0,1.0,4.0,2.0,31.0,200000.0,4.0,2.0,2.0,1.0,2.0,2.0,2000000.0,2.0,4.0,5.0,2.0,1000000.0,500000.0,1.0,300000.0,250000.0,3.0,262734.45,488926.0,747.0
7,3.0,1.0,2.0,1.0,4.0,2.0,31.0,100000.0,3.0,2.0,2.0,2.0,2.0,2.0,0.0,2.0,4.0,5.0,2.0,700000.0,300000.0,1.0,200000.0,250000.0,2.0,244579.0,435002.0,747.0
7,1.0,1.0,2.0,2.0,4.0,2.0,31.0,40000.0,3.0,2.0,2.0,2.0,2.0,2.0,0.0,2.0,4.0,5.0,1.0,500000.0,200000.0,1.0,100000.0,48000.0,1.0,128062.35,83922.0,753.0
7,1.0,1.0,2.0,2.0,4.0,2.0,31.0,45000.0,3.0,2.0,2.0,2.0,1.0,2.0,0.0,2.0,3.0,1.0,1.0,150000.0,100000.0,1.0,60000.0,39000.0,1.0,126881.75,117520.0,753.0
7,2.0,5.0,2.0,2.0,4.0,2.0,31.0,60000.0,4.0,3.0,2.0,2.0,2.0,2.0,200000.0,1.0,4.0,5.0,2.0,2000000.0,2000.0,1.0,200000.0,60000.0,1.0,95394.12,146235.0,752.0
7,4.0,1.0,4.0,1.0,4.0,2.0,31.0,160000.0,3.0,2.0,2.0,2.0,2.0,2.0,300000.0,2.0,4.0,6.0,2.0,800000.0,450000.0,1.0,150000.0,180000.0,1.0,205248.25,345603.0,700749.0
7,4.0,1.0,2.0,1.0,4.0,1.0,31.0,100000.0,3.0,2.0,2.0,2.0,1.0,2.0,100000.0,1.0,4.0,6.0,2.0,1000000.0,600000.0,1.0,200000.0,202000.0,4.0,220688.8,433072.0,748.0
7,5.0,1.0,3.0,1.0,2.0,1.0,31.0,160000.0,2.0,1.0,2.0,2.0,2.0,2.0,0.0,2.0,4.0,2.0,2.0,0.0,500000.0,0.8888888888888888,246666.66666666663,400000.0,2.0,348118.2,345712.0,744.0
7,6.0,1.0,4.0,1.0,4.0,1.0,31.0,40000.0,3.0,1.0,2.0,1.0,2.0,2.0,0.0,2.0,4.0,6.0,2.0,0.0,5000.0,1.4444444444444444,373053.3333333333,830000.0,2.0,394600.65,840307.0,400745.0
7,5.0,1.0,3.0,1.0,3.0,1.0,31.0,200000.0,3.0,1.0,2.0,1.0,2.0,2.0,700000.0,1.0,4.0,2.0,2.0,0.0,500000.0,1.6666666666666667,462315.0,930000.0,3.0,500404.0,1163836.0,3554071.0
7,2.0,1.0,3.0,1.0,4.0,2.0,31.0,200000.0,3.0,2.0,2.0,2.0,2.0,2.0,1500000.0,1.0,4.0,2.0,2.0,0.0,0.0,1.4444444444444444,333545.0,196000.0,3.0,177863.45,189121.0,3600752.0
7,3.0,3.0,2.0,1.0,4.0,2.0,31.0,120000.0,3.0,3.0,2.0,2.0,1.0,2.0,100000.0,1.0,4.0,6.0,2.0,0.0,500000.0,1.0,221111.11111111112,600000.0,3.0,194313.1,480374.0,550750.0
7,3.0,1.0,3.0,2.0,4.0,2.0,31.0,60000.0,3.0,3.0,2.0,2.0,2.0,2.0,2300000.0,1.0,4.0,1.0,2.0,0.0,300000.0,1.2222222222222223,347303.3333333333,320000.0,4.0,177651.85,1601000.0,752.0
7,5.0,1.0,4.0,1.0,4.0,2.0,31.0,120000.0,3.0,3.0,2.0,2.0,2.0,2.0,0.0,2.0,4.0,1.0,2.0,0.0,400000.0,1.0,208888.88888888888,268000.0,3.0,368922.1,346212.0,745.0
7,2.0,1.0,1.0,1.0,4.0,2.0,31.0,130000.0,3.0,2.0,2.0,2.0,2.0,2.0,0.0,2.0,4.0,4.0,2.0,0.0,500000.0,1.0,235555.55555555556,198000.0,2.0,180540.3,225262.0,751.0
7,5.0,1.0,2.0,1.0,4.0,2.0,31.0,120000.0,3.0,3.0,2.0,2.0,2.0,2.0,0.0,2.0,4.0,3.0,2.0,0.0,0.0,1.0,250000.0,201000.0,3.0,221589.2,223066.0,749.0
7,6.0,1.0,2.0,1.0,4.0,1.0,31.0,120000.0,3.0,3.0,2.0,2.0,2.0,2.0,900000.0,1.0,4.0,4.0,2.0,6000.0,1000000.0,1.0,500000.0,318000.0,4.0,240649.1,365653.0,744.0
7,4.0,1.0,3.0,1.0,4.0,2.0,31.0,160000.0,3.0,1.0,2.0,2.0,2.0,2.0,0.0,2.0,4.0,4.0,2.0,6000.0,3000.0,1.0,400000.0,110000.0,2.0,234766.9,206680.0,747.0
7,6.0,1.0,2.0,1.0,2.0,1.0,31.0,150000.0,3.0,3.0,2.0,1.0,2.0,2.0,0.0,2.0,4.0,4.0,2.0,2000000.0,1000000.0,1.0,500000.0,298000.0,4.0,159834.2,310050.0,745.0
7,5.0,1.0,1.0,1.0,4.0,2.0,31.0,200000.0,3.0,3.0,2.0,2.0,2.0,2.0,0.0,2.0,4.0,4.0,2.0,6000.0,3000.0,1.0,250000.0,184500.0,3.0,373773.3,311812.0,747.0
7,3.0,3.0,3.0,1.0,4.0,2.0,31.0,60000.0,3.0,3.0,2.0,2.0,1.0,2.0,500000.0,1.0,4.0,5.0,2.0,4000.0,2000.0,1.0,250000.0,160000.0,2.0,160516.8,98158.0,746.0
7,1.0,1.0,1.0,2.0,4.0,2.0,31.0,80000.0,3.0,3.0,2.0,2.0,1.0,2.0,0.0,2.0,4.0,4.0,2.0,2000.0,1000.0,1.0,150000.0,52500.0,1.0,63640.05,56846.0,751.0
7,5.0,1.0,3.0,2.0,4.0,1.0,31.0,90000.0,4.0,3.0,2.0,2.0,2.0,2.0,400000.0,1.0,4.0,4.0,2.0,5000.0,2500.0,1.0,100000.0,155000.0,2.0,211693.5,155526.0,747.0
7,7.0,1.0,4.0,1.0,4.0,1.0,31.0,50000.0,3.0,3.0,2.0,2.0,2.0,2.0,2475000.0,1.0,4.0,4.0,2.0,5000.0,2500.0,1.0,250000.0,129500.0,2.0,295593.75,194327.0,744.0
7,6.0,1.0,3.0,1.0,4.0,1.0,31.0,110000.0,2.0,3.0,2.0,2.0,2.0,2.0,0.0,2.0,4.0,4.0,2.0,5000.0,2500.0,1.4444444444444444,525757.7777777778,310000.0,3.0,247381.5,266831.0,744.0
7,5.0,1.0,3.0,1.0,2.0,1.0,31.0,150000.0,2.0,2.0,2.0,2.0,2.0,2.0,0.0,2.0,4.0,5.0,2.0,0.0,0.0,1.0,500000.0,446666.6666666667,2.888888888888889,521316.35,585838.0,1200748.0
7,5.0,5.0,3.0,1.0,2.0,2.0,31.0,150000.0,2.0,3.0,2.0,2.0,1.0,2.0,1000000.0,1.0,1.0,2.0,2.0,0.0,0.0,1.0,300000.0,69000.0,2.0,150137.87,93430.0,746.0
7,2.0,1.0,3.0,1.0,2.0,1.0,31.0,60000.0,2.0,2.0,2.0,2.0,2.0,2.0,1000000.0,1.0,4.0,2.0,2.0,0.0,0.0,1.0,600000.0,200000.0,1.0,272434.65,221864.0,2392399.0
7,4.0,1.0,3.0,1.0,4.0,1.0,31.0,125000.0,2.0,2.0,2.0,2.0,2.0,2.0,0.0,2.0,4.0,6.0,2.0,0.0,0.0,1.0,600000.0,410000.0,2.0,483753.31,534648.0,741.0
7,4.0,5.0,2.0,1.0,4.0,2.0,31.0,200000.0,3.0,2.0,2.0,1.0,1.0,2.0,0.0,2.0,4.0,5.0,2.0,0.0,0.0,1.0,300000.0,288300.0,3.0,325999.8,409279.0,746.0
7,6.0,1.0,3.0,1.0,4.0,1.0,31.0,150000.0,2.0,2.0,2.0,2.0,2.0,2.0,0.0,2.0,4.0,4.0,2.0,0.0,0.0,1.0,400000.0,240000.0,2.0,463010.04,268488.0,744.0
7,4.0,1.0,2.0,1.0,4.0,2.0,31.0,150000.0,3.0,2.0,2.0,2.0,1.0,2.0,1450000.0,1.0,4.0,5.0,2.0,0.0,0.0,1.0,400000.0,230000.0,2.0,370546.59,299042.0,746.0
7,4.0,1.0,4.0,1.0,4.0,2.0,31.0,120000.0,3.0,2.0,2.0,2.0,1.0,2.0,0.0,2.0,4.0,6.0,2.0,0.0,0.0,1.0,250000.0,430300.0,3.0,378062.33,164174.0,741.0
7,2.0,1.0,2.0,1.0,2.0,2.0,31.0,150000.0,3.0,3.0,2.0,2.0,1.0,2.0,0.0,2.0,4.0,6.0,2.0,0.0,0.0,1.0,250000.0,112000.0,1.0,173240.03,238510.0,746.0
7,5.0,1.0,2.0,2.0,4.0,2.0,31.0,80000.0,3.0,2.0,2.0,2.0,1.0,2.0,14000.0,1.0,4.0,4.0,2.0,0.0,0.0,1.0,350000.0,80000.0,1.0,122942.09,72361.0,336748.0
7,1.0,1.0,3.0,2.0,4.0,2.0,31.0,71222.22222222222,3.0,2.0,2.0,2.0,2.0,2.0,0.0,2.0,4.0,5.0,2.0,0.0,100000.0,1.0,80000.0,48000.0,1.0,135332.08,135019.0,754.0
7,6.0,1.0,3.0,1.0,4.0,1.0,31.0,10000.0,2.0,3.0,2.0,2.0,1.0,2.0,260000.0,1.0,4.0,3.0,2.0,0.0,0.0,1.0,500000.0,68000.0,2.0,153234.22,178499.0,749.0
7,3.0,1.0,1.0,1.0,4.0,2.0,31.0,60000.0,3.0,2.0,2.0,2.0,2.0,2.0,0.0,1.0,4.0,2.0,2.0,1000000.0,500000.0,1.0,300000.0,140000.0,3.0,209009.07,319099.0,750.0
7,3.0,1.0,2.0,2.0,4.0,2.0,31.0,8000.0,4.0,3.0,2.0,2.0,1.0,2.0,12000.0,1.0,1.0,1.0,2.0,0.0,200000.0,1.0,80000.0,34500.0,2.0,110771.63,140556.0,749.0
7,1.0,1.0,1.0,1.0,4.0,2.0,31.0,44000.0,4.0,2.0,2.0,2.0,1.0,2.0,0.0,2.0,4.0,3.0,2.0,0.0,0.0,1.0,150000.0,98160.0,2.0,120741.93,214564.0,747.0
7,3.0,1.0,2.0,1.0,4.0,2.0,31.0,80000.0,4.0,3.0,2.0,2.0,1.0,2.0,0.0,2.0,4.0,3.0,2.0,0.0,500000.0,1.0,250000.0,120000.0,2.0,174245.29,242310.0,748.0
7,1.0,1.0,1.0,1.0,4.0,2.0,31.0,20000.0,2.0,2.0,2.0,2.0,1.0,2.0,0.0,2.0,4.0,3.0,2.0,0.0,0.0,1.0,100000.0,87000.0,3.0,106104.44,210750.0,747.0
7,3.0,1.0,2.0,1.0,4.0,2.0,31.0,60000.0,3.0,2.0,2.0,2.0,1.0,2.0,0.0,2.0,4.0,3.0,2.0,0.0,600000.0,1.0,300000.0,120000.0,1.0,170109.61,215957.0,746.0
7,3.0,1.0,3.0,1.0,4.0,1.0,31.0,90000.0,3.0,3.0,2.0,1.0,2.0,2.0,0.0,2.0,4.0,6.0,2.0,2000000.0,600000.0,1.0,254444.44444444444,648000.0,3.0,117339.25,276576.0,743.0
7,4.0,1.0,1.0,1.0,4.0,1.0,31.0,45000.0,3.0,3.0,2.0,2.0,1.0,2.0,50000.0,1.0,4.0,2.0,2.0,2000000.0,500000.0,1.0,206666.66666666663,100000.0,2.0,253982.71,384032.0,747.0
7,3.0,3.0,3.0,1.0,4.0,2.0,31.0,60000.0,2.0,2.0,2.0,2.0,2.0,2.0,0.0,2.0,4.0,1.0,2.0,2000000.0,600000.0,1.0,300000.0,894000.0,4.0,136167.1,1508567.0,160751.0
7,2.0,5.0,2.0,1.0,4.0,2.0,31.0,60000.0,3.0,3.0,2.0,2.0,1.0,2.0,200000.0,1.0,4.0,1.0,2.0,5000.0,2000.0,1.0,200000.0,436000.0,2.0,68172.4,179102.0,750.0
7,4.0,1.0,1.0,2.0,4.0,1.0,31.0,7.0,3.0,3.0,2.0,2.0,1.0,2.0,0.0,2.0,4.0,1.0,2.0,3000000.0,500000.0,1.0,163333.33333333334,95000.0,2.0,110248.3,291990.0,748.0
7,4.0,1.0,3.0,1.0,4.0,2.0,31.0,50000.0,3.0,2.0,2.0,1.0,1.0,2.0,0.0,2.0,4.0,3.0,2.0,0.0,350000.0,1.0,142222.22222222222,44000.0,2.0,217027.54,181072.0,749.0
7,2.0,1.0,3.0,2.0,4.0,2.0,31.0,90000.0,3.0,2.0,2.0,2.0,2.0,2.0,0.0,2.0,3.0,3.0,1.0,0.0,500000.0,1.0,250000.0,133900.0,3.0,152472.65,192535.0,751.0
7,5.0,1.0,3.0,1.0,4.0,2.0,31.0,75000.0,2.0,2.0,2.0,1.0,1.0,2.0,200000.0,1.0,4.0,1.0,2.0,5000000.0,2000000.0,1.0,215222.22222222225,330000.0,3.0,301759.97,597985.0,580748.0
7,2.0,1.0,2.0,2.0,4.0,2.0,31.0,7.0,5.0,3.0,2.0,2.0,1.0,2.0,20000.0,1.0,4.0,1.0,2.0,0.0,1000000.0,1.0,124888.88888888888,33000.0,1.0,113630.8,61874.0,756.0
7,6.0,1.0,2.0,1.0,4.0,1.0,31.0,80000.0,5.0,3.0,2.0,2.0,2.0,2.0,140000.0,1.0,1.0,6.0,2.0,0.0,0.0,1.0,400000.0,207000.0,3.0,177879.8,209399.0,800750.0
7,3.0,1.0,2.0,1.0,4.0,2.0,31.0,80000.0,3.0,3.0,2.0,1.0,1.0,2.0,700000.0,1.0,4.0,6.0,2.0,0.0,3000.0,1.0,300000.0,240000.0,2.0,212478.75,353248.0,749.0
7,5.0,1.0,2.0,1.0,4.0,2.0,31.0,80000.0,4.0,3.0,2.0,2.0,2.0,2.0,500000.0,1.0,4.0,6.0,2.0,5000000.0,3000000.0,1.0,600000.0,143000.0,3.0,248509.53,409743.0,749.0
7,2.0,1.0,2.0,1.0,4.0,1.0,31.0,60000.0,3.0,3.0,2.0,2.0,1.0,2.0,0.0,2.0,4.0,6.0,2.0,0.0,0.0,1.0,300000.0,165000.0,3.0,202193.48,204551.0,746.0
7,1.0,1.0,2.0,1.0,4.0,1.0,31.0,130000.0,3.0,3.0,2.0,1.0,2.0,2.0,500000.0,1.0,4.0,6.0,2.0,0.0,0.0,1.0,200000.0,120000.0,1.0,135201.44,432166.0,957413.0
7,5.0,1.0,2.0,1.0,4.0,1.0,31.0,80000.0,3.0,3.0,2.0,1.0,2.0,2.0,0.0,2.0,4.0,4.0,2.0,5000.0,4000.0,3.0,477330.0,910000.0,3.0,431958.39,1015330.0,740.0
7,4.0,1.0,1.0,1.0,4.0,1.0,31.0,120000.0,4.0,3.0,2.0,2.0,2.0,2.0,1700000.0,1.0,4.0,6.0,2.0,0.0,0.0,1.0,600000.0,1060000.0,4.0,288279.95,321270.0,6400748.0
7,1.0,1.0,3.0,2.0,4.0,2.0,31.0,57000.0,2.0,3.0,2.0,2.0,2.0,2.0,0.0,2.0,4.0,6.0,2.0,500000.0,400000.0,1.0,200000.0,42000.0,1.0,113361.55,28760.0,754.0
7,1.0,1.0,1.0,1.0,4.0,2.0,31.0,60000.0,4.0,3.0,2.0,2.0,1.0,2.0,0.0,2.0,4.0,6.0,2.0,10000.0,3000.0,1.0,300000.0,60000.0,1.0,214308.5,177566.0,749.0
7,2.0,1.0,2.0,1.0,4.0,2.0,31.0,80000.0,3.0,3.0,2.0,2.0,2.0,2.0,0.0,2.0,4.0,1.0,2.0,0.0,0.0,1.0,200000.0,480000.0,2.0,172140.1,474803.0,745.0
7,4.0,1.0,3.0,1.0,4.0,2.0,31.0,150000.0,3.0,2.0,2.0,2.0,2.0,2.0,1500000.0,2.0,4.0,1.0,2.0,0.0,0.0,1.0,383333.3333333333,315000.0,3.0,208248.8,253736.0,745.0
7,4.0,1.0,2.0,1.0,4.0,2.0,31.0,120000.0,3.0,3.0,2.0,2.0,2.0,2.0,1300000.0,2.0,4.0,1.0,2.0,1000000.0,500000.0,1.0,250000.0,360000.0,2.0,224259.45,777980.0,745.0
7,1.0,1.0,1.0,2.0,2.0,2.0,31.0,7.0,3.0,3.0,2.0,2.0,2.0,2.0,0.0,2.0,1.0,1.0,1.0,0.0,0.0,1.0,80000.0,60000.0,2.0,150012.85,76619.0,752.0
7,4.0,1.0,1.0,2.0,4.0,2.0,31.0,15000.0,4.0,3.0,2.0,2.0,2.0,2.0,200000.0,2.0,4.0,1.0,2.0,0.0,0.0,1.2222222222222223,268882.77777777775,71000.0,2.0,207382.4,83470.0,750.0
7,4.0,1.0,2.0,1.0,4.0,2.0,31.0,80000.0,3.0,2.0,2.0,2.0,1.0,2.0,1000000.0,2.0,4.0,1.0,2.0,0.0,0.0,1.4444444444444444,340806.1111111111,190000.0,3.0,228873.4,530693.0,741.0
7,3.0,3.0,3.0,1.0,4.0,2.0,31.0,150000.0,3.0,2.0,2.0,2.0,1.0,2.0,0.0,2.0,4.0,1.0,2.0,0.0,0.0,1.2222222222222223,525772.2222222222,370200.0,2.0,220844.75,520210.0,744.0
7,3.0,1.0,1.0,1.0,4.0,1.0,31.0,60000.0,3.0,2.0,2.0,2.0,2.0,2.0,4700000.0,2.0,4.0,1.0,2.0,0.0,0.0,1.0,250000.0,594000.0,2.0,309466.65,731705.5,740.0
7,5.0,1.0,2.0,1.0,4.0,2.0,31.0,120000.0,4.0,2.0,2.0,2.0,2.0,2.0,400000.0,2.0,4.0,1.0,2.0,0.0,0.0,1.0,250000.0,234000.0,3.0,229361.15,399964.0,743.0
7,4.0,1.0,4.0,2.0,4.0,2.0,31.0,80000.0,2.0,2.0,2.0,2.0,2.0,2.0,0.0,2.0,2.0,3.0,2.0,1500000.0,550000.0,1.0,200000.0,1200000.0,4.0,142072.15,87400.0,750.0
7,4.0,1.0,5.0,1.0,4.0,1.0,31.0,90000.0,3.0,3.0,2.0,2.0,2.0,2.0,0.0,2.0,4.0,1.0,2.0,1600000.0,700000.0,1.0,220000.0,1275000.0,3.0,77539.0,210975.0,747.0
7,3.0,1.0,4.0,2.0,4.0,2.0,31.0,75000.0,3.0,2.0,2.0,1.0,1.0,1.0,0.0,1.0,4.0,1.0,1.0,800000.0,400000.0,1.0,130000.0,168200.0,4.0,95330.0,75157.0,754.0
7,2.0,1.0,3.0,1.0,4.0,2.0,31.0,85000.0,2.0,2.0,2.0,2.0,1.0,2.0,40000.0,1.0,4.0,3.0,2.0,850000.0,450000.0,1.0,150000.0,320150.0,3.0,71899.51,149342.0,750.0
7,5.0,1.0,4.0,1.0,4.0,1.0,31.0,90000.0,3.0,3.0,2.0,1.0,2.0,1.0,350000.0,1.0,1.0,1.0,1.0,1600000.0,800000.0,1.0,200000.0,538000.0,4.0,86818.5,221757.0,150750.0
7,6.0,1.0,5.0,1.0,4.0,2.0,31.0,80000.0,2.0,2.0,2.0,2.0,2.0,2.0,200000.0,1.0,2.0,4.0,2.0,1700000.0,800000.0,1.0,250000.0,681000.0,6.0,100879.5,166515.0,749.0
7,5.0,1.0,5.0,2.0,4.0,1.0,31.0,100000.0,3.0,2.0,2.0,2.0,1.0,1.0,50000.0,1.0,2.0,5.0,2.0,2000000.0,1000000.0,1.0,160000.0,905250.0,4.0,153963.4,198642.0,260751.0
7,5.0,1.0,6.0,1.0,4.0,1.0,31.0,150000.0,3.0,3.0,2.0,1.0,1.0,2.0,0.0,2.0,4.0,3.0,2.0,2600000.0,1000000.0,1.0,220000.0,1705300.0,6.0,60941.0,108460.0,751.0
7,4.0,1.0,4.0,2.0,4.0,2.0,31.0,80000.0,3.0,3.0,2.0,2.0,1.0,2.0,0.0,1.0,1.0,1.0,2.0,1400000.0,700000.0,1.0,150000.0,932000.0,4.0,49554.5,147527.0,751.0
7,1.0,1.0,3.0,2.0,4.0,2.0,31.0,54000.0,4.0,2.0,2.0,2.0,2.0,2.0,60000.0,1.0,4.0,6.0,2.0,800000.0,400000.0,1.0,180000.0,260000.0,1.0,94824.3,78196.0,749.0
7,2.0,1.0,4.0,1.0,4.0,2.0,31.0,66000.0,3.0,2.0,2.0,2.0,1.0,2.0,0.0,2.0,4.0,6.0,2.0,600000.0,400000.0,1.0,150000.0,262600.0,3.0,94539.05,132618.0,742.0
7,4.0,1.0,4.0,1.0,4.0,2.0,31.0,120000.0,3.0,2.0,2.0,2.0,1.0,2.0,100000.0,1.0,4.0,6.0,2.0,1600000.0,700000.0,1.0,200000.0,10000.0,1.0,173792.65,84464.0,741.0
7,6.0,1.0,4.0,2.0,4.0,2.0,31.0,66000.0,4.0,2.0,2.0,2.0,1.0,2.0,0.0,2.0,4.0,3.0,2.0,500000.0,300000.0,1.0,150000.0,99000.0,3.0,124068.0,104685.0,751.0
7,4.0,1.0,5.0,1.0,4.0,1.0,31.0,125000.0,4.0,2.0,2.0,2.0,2.0,2.0,100000.0,1.0,4.0,6.0,2.0,1500000.0,600000.0,1.0,200000.0,383500.0,3.0,191248.4,83986.0,739.0
7,5.0,1.0,4.0,1.0,4.0,2.0,31.0,110000.0,3.0,2.0,2.0,2.0,2.0,2.0,80000.0,1.0,4.0,6.0,2.0,2000000.0,250000.0,1.0,100000.0,215000.0,2.0,206415.63,308832.0,740.0
7,3.0,1.0,4.0,1.0,4.0,1.0,31.0,100000.0,3.0,2.0,2.0,2.0,2.0,2.0,150000.0,1.0,4.0,6.0,2.0,800000.0,400000.0,1.0,200000.0,120000.0,1.0,167005.0,195867.0,700741.0
7,1.0,1.0,3.0,2.0,4.0,2.0,31.0,50000.0,3.0,2.0,2.0,2.0,1.0,2.0,20000.0,1.0,4.0,3.0,2.0,400000.0,200000.0,1.0,100000.0,42500.0,1.0,105574.02,96506.0,751.0
7,5.0,1.0,4.0,1.0,4.0,1.0,31.0,110000.0,4.0,2.0,2.0,2.0,2.0,2.0,100000.0,1.0,4.0,6.0,2.0,1600000.0,800000.0,1.0,200000.0,134800.0,2.0,192263.15,344730.0,739.0
7,3.0,1.0,3.0,1.0,4.0,1.0,31.0,30000.0,3.0,2.0,2.0,2.0,2.0,2.0,100000.0,1.0,4.0,6.0,2.0,400000.0,150000.0,1.0,100000.0,110000.0,1.0,110434.8,163484.0,742.0
7,1.0,1.0,2.0,2.0,4.0,2.0,31.0,55000.0,4.0,2.0,2.0,2.0,2.0,2.0,0.0,2.0,4.0,3.0,2.0,500000.0,300000.0,1.0,100000.0,39600.0,1.0,93423.15,73638.0,753.0
7,4.0,1.0,4.0,2.0,4.0,1.0,31.0,7.0,3.0,2.0,2.0,2.0,2.0,2.0,120000.0,1.0,4.0,6.0,2.0,1500000.0,700000.0,1.0,200000.0,125000.0,1.0,127673.7,172865.0,746.0
7,1.0,1.0,3.0,2.0,4.0,2.0,31.0,60000.0,4.0,2.0,2.0,2.0,2.0,2.0,30000.0,1.0,4.0,3.0,2.0,500000.0,280000.0,1.0,100000.0,51000.0,2.0,85230.1,81036.0,751.0
7,4.0,1.0,3.0,2.0,4.0,1.0,31.0,20000.0,3.0,2.0,2.0,2.0,2.0,2.0,150000.0,1.0,4.0,6.0,2.0,1000000.0,600000.0,1.0,200000.0,120000.0,1.0,107945.6,153474.0,744.0
7,4.0,1.0,4.0,2.0,4.0,2.0,31.0,70000.0,4.0,2.0,2.0,2.0,1.0,2.0,100000.0,1.0,4.0,6.0,2.0,600000.0,400000.0,1.0,200000.0,93300.0,2.0,93523.4,80390.0,747.0
7,4.0,1.0,3.0,2.0,4.0,2.0,31.0,48000.0,4.0,2.0,2.0,2.0,1.0,2.0,0.0,2.0,4.0,3.0,2.0,500000.0,280000.0,1.0,100000.0,40600.0,1.0,76069.25,65430.0,753.0
7,4.0,1.0,4.0,2.0,4.0,2.0,31.0,50000.0,4.0,2.0,2.0,2.0,2.0,2.0,100000.0,1.0,4.0,3.0,2.0,1000000.0,500000.0,1.0,200000.0,100000.0,1.0,119648.25,143666.0,747.0
7,4.0,1.0,3.0,2.0,4.0,2.0,31.0,60000.0,4.0,2.0,2.0,2.0,1.0,2.0,60000.0,1.0,4.0,3.0,2.0,500000.0,150000.0,1.0,100000.0,88100.0,2.0,111230.3,117767.0,750.0
7,5.0,1.0,4.0,1.0,4.0,1.0,31.0,150000.0,3.0,3.0,2.0,2.0,2.0,2.0,0.0,2.0,4.0,5.0,2.0,1000000.0,900000.0,1.0,500000.0,200000.0,2.0,107992.75,149463.0,747.0
7,6.0,1.0,6.0,1.0,4.0,1.0,31.0,134000.0,3.0,2.0,2.0,2.0,2.0,2.0,0.0,2.0,4.0,1.0,2.0,500000.0,350000.0,1.0,200000.0,209000.0,5.0,114876.5,353271.0,745.0
7,5.0,1.0,3.0,2.0,4.0,1.0,31.0,7.0,4.0,3.0,2.0,2.0,2.0,2.0,0.0,2.0,4.0,1.0,2.0,1000000.0,500000.0,1.0,200000.0,240000.0,2.0,75585.0,141689.0,751.0
7,3.0,1.0,2.0,2.0,4.0,2.0,31.0,7.0,5.0,3.0,2.0,2.0,2.0,2.0,707000.0,1.0,4.0,5.0,2.0,1500000.0,500000.0,1.0,100000.0,97000.0,2.0,63667.3,58810.0,753.0
7,6.0,1.0,8.0,1.0,4.0,1.0,31.0,260000.0,3.0,2.0,2.0,2.0,2.0,2.0,1000000.0,1.0,4.0,1.0,2.0,1000000.0,600000.0,1.0,300000.0,366000.0,3.0,130490.86,279108.0,747.0
7,7.0,1.0,4.0,2.0,4.0,1.0,31.0,220000.0,3.0,3.0,2.0,2.0,2.0,2.0,1150000.0,1.0,1.0,6.0,2.0,500000.0,250000.0,1.0,100000.0,462100.0,4.0,128365.8,184430.0,749.0
7,3.0,1.0,5.0,1.0,4.0,1.0,31.0,170000.0,3.0,3.0,2.0,2.0,2.0,2.0,0.0,2.0,4.0,1.0,2.0,5000000.0,3000000.0,1.0,1000000.0,351000.0,3.0,100639.6,175073.0,745.0
7,7.0,1.0,3.0,1.0,4.0,2.0,31.0,200000.0,3.0,3.0,2.0,2.0,2.0,2.0,1340000.0,1.0,4.0,3.0,2.0,1000000.0,700000.0,1.0,150000.0,156000.0,3.0,89356.0,265430.0,749.0
7,5.0,1.0,4.0,1.0,4.0,2.0,31.0,100000.0,3.0,3.0,2.0,2.0,2.0,2.0,0.0,2.0,1.0,6.0,2.0,500000.0,350000.0,1.0,200000.0,362000.0,4.0,87434.0,75999.0,749.0
7,3.0,1.0,3.0,1.0,4.0,2.0,31.0,150000.0,4.0,3.0,2.0,2.0,1.0,2.0,0.0,2.0,4.0,6.0,2.0,1000000.0,800000.0,1.0,120000.0,145000.0,3.0,134162.35,177637.0,745.0
7,3.0,1.0,4.0,1.0,4.0,1.0,31.0,150000.0,4.0,3.0,2.0,2.0,2.0,2.0,0.0,2.0,4.0,6.0,2.0,1000000.0,800000.0,1.0,150000.0,155000.0,2.0,198259.18,299181.0,742.0
7,4.0,1.0,6.0,1.0,4.0,1.0,31.0,150000.0,3.0,2.0,2.0,1.0,2.0,2.0,0.0,2.0,4.0,6.0,2.0,2000000.0,1000000.0,1.0,200000.0,282000.0,3.0,136357.6,329123.0,742.0
7,5.0,1.0,2.0,1.0,4.0,1.0,31.0,170000.0,3.0,3.0,2.0,2.0,2.0,2.0,350000.0,1.0,4.0,6.0,2.0,1000000.0,500000.0,1.0,100000.0,151000.0,3.0,127618.8,151517.0,743.0
7,6.0,1.0,4.0,1.0,4.0,1.0,31.0,180000.0,3.0,2.0,2.0,1.0,2.0,2.0,0.0,2.0,4.0,6.0,2.0,2000000.0,1000000.0,1.0,250000.0,200000.0,1.0,184876.18,407942.0,740.0
7,1.0,1.0,4.0,2.0,4.0,2.0,31.0,50000.0,4.0,3.0,2.0,2.0,1.0,2.0,0.0,2.0,1.0,1.0,2.0,300000.0,200000.0,1.0,60000.0,67000.0,3.0,118660.38,137287.0,749.0
7,6.0,1.0,5.0,1.0,4.0,2.0,31.0,250000.0,3.0,1.0,2.0,2.0,2.0,2.0,0.0,2.0,4.0,6.0,2.0,1000000.0,500000.0,1.0,200000.0,500000.0,5.0,237625.9,527704.0,743.0
7,5.0,1.0,5.0,2.0,4.0,2.0,31.0,130000.0,4.0,3.0,2.0,2.0,2.0,2.0,0.0,2.0,4.0,6.0,2.0,1000000.0,800000.0,1.0,150000.0,220000.0,2.0,200245.92,215481.0,746.0
7,5.0,3.0,4.0,2.0,4.0,2.0,31.0,100000.0,4.0,3.0,2.0,2.0,2.0,2.0,400000.0,1.0,1.0,1.0,2.0,1500000.0,1000000.0,1.0,433333.3333333333,184000.0,2.0,126264.5,185011.0,753.0
7,1.0,1.0,4.0,2.0,4.0,2.0,31.0,60000.0,3.0,2.0,2.0,2.0,1.0,2.0,0.0,2.0,1.0,6.0,2.0,0.0,0.0,1.0,38000.0,44800.0,3.0,139282.27,61581.0,748.0
7,1.0,1.0,4.0,2.0,4.0,2.0,31.0,42112.666666666664,3.0,2.0,2.0,1.0,1.0,2.0,0.0,2.0,4.0,6.0,2.0,0.0,0.0,1.0,42000.0,42000.0,1.0,103696.82,53737.0,750.0
7,4.0,1.0,2.0,1.0,4.0,1.0,31.0,160000.0,2.0,2.0,2.0,2.0,2.0,2.0,0.0,2.0,4.0,6.0,2.0,0.0,5000000.0,1.0,300000.0,450000.0,1.0,172232.22,301162.0,741.0
7,2.0,1.0,2.0,1.0,4.0,2.0,31.0,120000.0,3.0,2.0,2.0,2.0,1.0,2.0,235000.0,1.0,4.0,6.0,2.0,0.0,0.0,1.0,100000.0,110000.0,2.0,111599.84,119355.0,742.0
7,4.0,3.0,3.0,2.0,4.0,2.0,31.0,75000.0,3.0,3.0,2.0,2.0,1.0,2.0,180000.0,1.0,1.0,6.0,2.0,0.0,0.0,1.0,70000.0,53000.0,3.0,98990.11,70454.0,750.0
7,2.0,1.0,3.0,2.0,4.0,2.0,31.0,50000.0,4.0,3.0,2.0,2.0,1.0,2.0,0.0,2.0,4.0,6.0,2.0,0.0,0.0,1.0,80000.0,80000.0,2.0,114097.46,64401.0,751.0
7,4.0,5.0,3.0,1.0,4.0,2.0,31.0,185000.0,3.0,3.0,2.0,2.0,1.0,2.0,200000.0,1.0,4.0,4.0,2.0,0.0,0.0,1.0,80000.0,115000.0,2.0,170798.22,96013.0,746.0
7,3.0,1.0,3.0,1.0,4.0,1.0,31.0,150000.0,2.0,2.0,2.0,2.0,1.0,2.0,0.0,2.0,4.0,6.0,2.0,10000.0,5000.0,1.0,120000.0,150000.0,2.0,155223.16,212817.0,743.0
7,5.0,1.0,3.0,1.0,4.0,2.0,31.0,150000.0,3.0,2.0,2.0,2.0,1.0,2.0,0.0,1.0,4.0,6.0,2.0,5000000.0,2000000.0,1.0,192000.0,192000.0,3.0,186698.27,218768.0,744.0
7,1.0,1.0,4.0,2.0,4.0,2.0,31.0,85000.0,4.0,2.0,2.0,1.0,1.0,2.0,0.0,2.0,4.0,6.0,2.0,0.0,0.0,1.0,70000.0,48000.0,1.0,181202.91,282518.0,751.0
7,8.0,1.0,6.0,1.0,4.0,1.0,31.0,180000.0,3.0,2.0,2.0,1.0,2.0,2.0,450000.0,1.0,4.0,6.0,2.0,0.0,0.0,1.0,250000.0,294500.0,4.0,143930.97,320725.0,745.0
7,1.0,1.0,3.0,2.0,4.0,2.0,31.0,55000.0,3.0,2.0,2.0,2.0,2.0,2.0,0.0,2.0,4.0,6.0,2.0,0.0,0.0,1.0,50000.0,47000.0,1.0,96094.66,118969.0,751.0
7,8.0,1.0,4.0,1.0,4.0,1.0,31.0,200000.0,3.0,2.0,2.0,1.0,1.0,2.0,550000.0,1.0,4.0,6.0,2.0,0.0,0.0,1.0,250000.0,252400.0,3.0,121849.22,574808.0,1500751.0
7,5.0,1.0,4.0,1.0,4.0,1.0,31.0,160000.0,3.0,2.0,2.0,1.0,2.0,2.0,0.0,2.0,4.0,6.0,2.0,0.0,0.0,1.0,250000.0,265000.0,3.0,253068.27,439903.5,738.0
7,3.0,1.0,6.0,1.0,4.0,2.0,31.0,200000.0,3.0,2.0,2.0,1.0,1.0,2.0,0.0,2.0,4.0,6.0,2.0,0.0,0.0,1.0,200000.0,210000.0,3.0,110375.52,206328.0,746.0
7,7.0,1.0,5.0,1.0,4.0,1.0,31.0,140000.0,3.0,2.0,2.0,2.0,2.0,2.0,0.0,2.0,4.0,6.0,2.0,0.0,0.0,1.0,250000.0,239000.0,3.0,197117.24,153008.0,744.0
7,2.0,1.0,2.0,2.0,4.0,2.0,31.0,60000.0,4.0,3.0,2.0,2.0,2.0,2.0,100000.0,1.0,4.0,6.0,2.0,0.0,0.0,1.0,100000.0,80000.0,1.0,79282.55,109773.0,751.0
7,4.0,1.0,4.0,2.0,4.0,1.0,31.0,120000.0,3.0,2.0,2.0,1.0,2.0,2.0,0.0,2.0,4.0,6.0,2.0,0.0,0.0,1.0,200000.0,216300.0,2.0,75745.15,301940.0,744.0
7,5.0,1.0,4.0,2.0,4.0,2.0,31.0,80000.0,3.0,3.0,2.0,2.0,2.0,2.0,1600000.0,1.0,4.0,6.0,2.0,1000000.0,800000.0,1.0,600000.0,150000.0,1.0,105377.2,108196.0,749.0
7,5.0,1.0,3.0,1.0,4.0,2.0,31.0,100000.0,3.0,3.0,2.0,2.0,1.0,2.0,1600000.0,1.0,4.0,6.0,2.0,0.0,0.0,1.2222222222222223,310501.1111111111,100200.0,2.0,82595.95,59014.0,747.0
7,3.0,1.0,4.0,2.0,4.0,2.0,31.0,60000.0,3.0,3.0,2.0,2.0,2.0,2.0,0.0,2.0,4.0,6.0,2.0,0.0,0.0,1.0,148888.88888888888,150000.0,1.0,100697.7,76229.0,752.0
7,2.0,1.0,3.0,1.0,4.0,2.0,31.0,100000.0,3.0,3.0,2.0,2.0,2.0,2.0,3100000.0,1.0,4.0,6.0,2.0,3000.0,2500.0,3.0,954660.0,220000.0,2.0,106785.8,83668.0,750.0
7,6.0,1.0,4.0,1.0,4.0,1.0,31.0,80000.0,3.0,3.0,2.0,2.0,1.0,2.0,300000.0,1.0,4.0,6.0,2.0,2000.0,1500.0,3.0,477330.0,300000.0,3.0,116126.45,116489.0,746.0
7,3.0,1.0,4.0,1.0,4.0,2.0,31.0,100000.0,4.0,3.0,2.0,2.0,2.0,2.0,2700000.0,1.0,4.0,6.0,2.0,0.0,0.0,1.4444444444444444,470338.8888888889,200000.0,1.0,105483.1,128539.0,749.0
7,4.0,1.0,3.0,2.0,4.0,1.0,31.0,80000.0,3.0,3.0,2.0,2.0,2.0,2.0,1170000.0,1.0,4.0,2.0,2.0,2000000.0,1500000.0,1.0,1000000.0,160000.0,1.0,87615.2,136362.0,750.0
7,4.0,1.0,3.0,2.0,4.0,2.0,31.0,80000.0,3.0,3.0,2.0,2.0,1.0,2.0,3200000.0,1.0,4.0,3.0,2.0,2000.0,1500.0,3.0,477330.0,100000.0,1.0,73944.7,33454.0,751.0
7,3.0,1.0,4.0,1.0,4.0,2.0,31.0,50000.0,4.0,3.0,2.0,2.0,1.0,2.0,500000.0,1.0,4.0,3.0,2.0,0.0,0.0,1.0,258888.88888888888,34120.0,2.0,65309.75,73076.0,747.0
7,4.0,1.0,5.0,1.0,4.0,1.0,31.0,96000.0,3.0,3.0,2.0,2.0,2.0,2.0,300000.0,1.0,4.0,6.0,2.0,1500000.0,1200000.0,1.0,1000000.0,320000.0,2.0,87555.35,479107.0,747.0
7,3.0,1.0,4.0,2.0,4.0,1.0,31.0,92000.0,3.0,3.0,2.0,2.0,2.0,2.0,250000.0,1.0,4.0,5.0,2.0,2000000.0,1500000.0,1.0,1200000.0,200000.0,1.0,93198.4,303125.0,746.0
7,6.0,1.0,4.0,1.0,4.0,1.0,31.0,108000.0,3.0,3.0,2.0,2.0,2.0,2.0,520000.0,1.0,4.0,4.0,2.0,3000000.0,2500000.0,1.0,2000000.0,335000.0,2.0,50078.25,443014.0,743.0
7,5.0,1.0,4.0,1.0,4.0,1.0,31.0,98500.0,3.0,3.0,2.0,2.0,2.0,2.0,390000.0,1.0,4.0,4.0,2.0,2800000.0,2500000.0,1.0,1000000.0,188000.0,1.0,91870.25,426420.0,10747.0
7,6.0,1.0,4.0,2.0,4.0,1.0,31.0,110000.0,3.0,3.0,2.0,2.0,2.0,2.0,380000.0,1.0,4.0,5.0,2.0,3500000.0,3000000.0,1.0,2800000.0,425000.0,4.0,111447.4,364878.0,15748.0
7,5.0,1.0,5.0,2.0,4.0,2.0,31.0,60000.0,3.0,3.0,2.0,2.0,1.0,2.0,0.0,2.0,4.0,6.0,2.0,1800000.0,1200000.0,1.0,1000000.0,149150.0,3.0,62471.4,182321.0,749.0
7,5.0,1.0,4.0,1.0,4.0,1.0,31.0,105000.0,3.0,3.0,2.0,2.0,2.0,2.0,260000.0,1.0,4.0,5.0,2.0,3000000.0,2500000.0,1.0,2000000.0,376000.0,4.0,122421.43,443182.0,5747.0
7,4.0,1.0,4.0,1.0,4.0,1.0,31.0,108000.0,3.0,3.0,2.0,2.0,1.0,2.0,70000.0,1.0,4.0,6.0,2.0,4000000.0,3000000.0,1.0,2000000.0,80200.0,2.0,124070.1,374863.0,744.0
7,5.0,1.0,5.0,1.0,4.0,1.0,31.0,97500.0,3.0,3.0,2.0,2.0,2.0,2.0,650000.0,1.0,4.0,4.0,2.0,3800000.0,3200000.0,1.0,2000000.0,317500.0,3.0,121306.9,704962.0,15746.0
7,1.0,5.0,3.0,2.0,4.0,2.0,31.0,75000.77777777778,2.0,3.0,2.0,2.0,1.0,2.0,0.0,2.0,4.0,6.0,2.0,0.0,500000.0,1.0,150000.0,70000.0,1.0,35776.8,59938.0,750.0
7,6.0,1.0,4.0,1.0,4.0,1.0,31.0,280000.0,3.0,2.0,2.0,2.0,2.0,2.0,0.0,2.0,4.0,6.0,2.0,0.0,0.0,1.0,277777.77777777775,227000.0,3.0,93459.0,322780.0,746.0
7,7.0,1.0,6.0,1.0,4.0,2.0,31.0,400000.0,2.0,2.0,2.0,2.0,1.0,2.0,3000000.0,1.0,4.0,4.0,2.0,0.0,1000000.0,1.0,250000.0,215500.0,6.0,158772.1,278466.0,749.0
7,4.0,1.0,6.0,1.0,4.0,1.0,31.0,200000.0,2.0,2.0,2.0,2.0,2.0,2.0,0.0,2.0,4.0,6.0,2.0,0.0,0.0,1.2222222222222223,346750.0,270000.0,2.0,183933.2,118198.0,744.0
7,4.0,1.0,3.0,1.0,4.0,2.0,31.0,140000.0,2.0,2.0,2.0,2.0,2.0,2.0,0.0,2.0,4.0,6.0,2.0,0.0,0.0,1.0,185555.55555555556,120000.0,1.0,128575.3,170983.0,749.0
7,4.0,1.0,5.0,1.0,4.0,2.0,31.0,150000.0,3.0,3.0,2.0,2.0,2.0,2.0,0.0,2.0,4.0,4.0,2.0,0.0,800000.0,1.0,200000.0,200000.0,1.0,136280.7,123048.0,747.0
7,2.0,1.0,4.0,1.0,4.0,1.0,31.0,120000.0,3.0,2.0,2.0,2.0,2.0,2.0,0.0,2.0,4.0,6.0,2.0,0.0,0.0,1.0,150000.0,455000.0,2.0,86488.05,220415.0,745.0
7,3.0,1.0,4.0,1.0,4.0,1.0,31.0,130000.0,2.0,2.0,2.0,2.0,2.0,2.0,0.0,2.0,4.0,6.0,2.0,0.0,0.0,1.0,238888.88888888888,633000.0,3.0,128876.2,298721.0,744.0
7,5.0,1.0,3.0,1.0,4.0,2.0,31.0,140000.0,4.0,3.0,2.0,2.0,2.0,2.0,0.0,2.0,4.0,5.0,2.0,0.0,0.0,1.0,150000.0,140000.0,1.0,136309.3,197226.0,751.0
7,1.0,1.0,2.0,1.0,4.0,2.0,31.0,8000.0,2.0,3.0,2.0,2.0,1.0,2.0,0.0,2.0,4.0,6.0,2.0,0.0,250000.0,1.0,150000.0,29000.0,2.0,105470.8,96192.0,749.0
7,1.0,1.0,3.0,2.0,4.0,2.0,31.0,8000.0,3.0,3.0,2.0,2.0,1.0,2.0,70000.0,1.0,4.0,4.0,2.0,0.0,200000.0,1.0,150000.0,30000.0,1.0,43866.15,28217.0,756.0
7,1.0,1.0,3.0,1.0,4.0,2.0,31.0,40000.0,2.0,2.0,2.0,2.0,1.0,2.0,900000.0,1.0,4.0,6.0,2.0,0.0,200000.0,1.0,150000.0,35000.0,2.0,56316.3,72082.0,1800753.0
7,5.0,3.0,3.0,2.0,4.0,2.0,31.0,40000.0,4.0,3.0,2.0,2.0,1.0,2.0,0.0,2.0,1.0,5.0,2.0,0.0,600000.0,1.0,300000.0,35000.0,1.0,50576.05,84101.0,754.0
7,4.0,1.0,2.0,2.0,4.0,2.0,31.0,40000.0,3.0,3.0,2.0,2.0,1.0,2.0,0.0,2.0,4.0,5.0,2.0,0.0,800000.0,1.0,400000.0,10000.0,1.0,136821.95,138178.0,752.0
7,3.0,1.0,3.0,1.0,4.0,1.0,31.0,120000.0,2.0,2.0,2.0,2.0,2.0,2.0,0.0,2.0,4.0,5.0,2.0,0.0,1000000.0,1.0,500000.0,960000.0,3.0,143091.2,185688.0,746.0
7,4.0,1.0,3.0,1.0,4.0,2.0,31.0,100000.0,3.0,1.0,2.0,2.0,2.0,2.0,800000.0,1.0,4.0,5.0,2.0,0.0,1000000.0,1.0,500000.0,770000.0,3.0,178945.8,62824.0,751.0
7,2.0,1.0,3.0,2.0,4.0,2.0,31.0,16000.0,3.0,1.0,2.0,2.0,2.0,2.0,150000.0,1.0,4.0,6.0,2.0,0.0,400000.0,1.0,250000.0,93000.0,2.0,102495.2,105632.0,751.0
7,2.0,3.0,3.0,1.0,4.0,2.0,31.0,60000.0,3.0,3.0,2.0,2.0,2.0,2.0,200000.0,1.0,4.0,6.0,2.0,0.0,400000.0,1.0,200000.0,120000.0,1.0,144691.6,173162.0,750.0
7,6.0,1.0,4.0,1.0,4.0,1.0,28.333333333333332,180000.0,3.0,3.0,2.0,2.0,2.0,2.0,0.0,2.0,4.0,1.0,2.0,7000000.0,1000000.0,1.0,300000.0,102000.0,2.0,111197.8,145219.5,749.0
7,7.0,1.0,3.0,1.0,4.0,2.0,27.88888888888889,150000.0,5.0,3.0,2.0,2.0,2.0,2.0,300000.0,1.0,4.0,3.0,2.0,600000.0,500000.0,1.0,300000.0,122000.0,3.0,79418.0,134559.0,749.0
7,2.0,1.0,4.0,2.0,4.0,1.0,30.22222222222222,100000.0,3.0,2.0,2.0,2.0,2.0,2.0,0.0,2.0,4.0,1.0,2.0,500000.0,400000.0,1.0,200000.0,123000.0,3.0,61455.3,57829.0,754.0
7,6.0,1.0,3.0,1.0,4.0,1.0,27.0,100000.0,4.0,2.0,2.0,2.0,2.0,2.0,0.0,2.0,4.0,1.0,2.0,3000000.0,1000000.0,1.0,300000.0,170000.0,2.0,65399.9,115490.0,749.0
7,4.0,1.0,3.0,1.0,4.0,1.0,28.444444444444443,160000.0,3.0,3.0,2.0,2.0,2.0,2.0,0.0,2.0,4.0,1.0,2.0,800000.0,600000.0,1.0,400000.0,130000.0,2.0,64443.8,107036.5,744.0
7,5.0,1.0,4.0,1.0,4.0,1.0,30.444444444444443,160000.0,3.0,3.0,2.0,2.0,2.0,2.0,0.0,2.0,4.0,1.0,2.0,1000000.0,700000.0,1.0,400000.0,220000.0,3.0,70956.3,179929.0,744.0
7,5.0,1.0,4.0,1.0,4.0,1.0,28.88888888888889,160000.0,3.0,3.0,2.0,2.0,2.0,2.0,0.0,2.0,4.0,1.0,2.0,700000.0,500000.0,1.0,200000.0,130000.0,2.0,91565.4,66498.0,747.0
7,5.0,1.0,4.0,1.0,4.0,1.0,30.666666666666668,160000.0,3.0,3.0,2.0,2.0,2.0,2.0,0.0,2.0,4.0,1.0,2.0,5000000.0,1000000.0,1.0,300000.0,270000.0,3.0,63516.9,91840.0,743.0
7,6.0,1.0,4.0,1.0,4.0,1.0,25.77777777777778,150000.0,3.0,3.0,2.0,2.0,2.0,2.0,0.0,2.0,4.0,1.0,2.0,8000000.0,1000000.0,1.0,400000.0,240000.0,3.0,83220.3,144827.0,749.0
7,1.0,1.0,1.0,2.0,4.0,2.0,31.0,70000.0,3.0,2.0,2.0,2.0,1.0,2.0,0.0,2.0,4.0,4.0,2.0,1500000.0,1000000.0,1.0,140000.0,43100.0,2.0,110854.4,52564.0,748.0
7,4.0,1.0,3.0,2.0,4.0,2.0,31.0,140000.0,2.0,2.0,2.0,2.0,2.0,2.0,0.0,2.0,1.0,6.0,2.0,4000000.0,2500000.0,1.0,280000.0,228000.0,2.0,137034.5,91524.0,745.0
7,5.0,1.0,3.0,1.0,4.0,2.0,31.0,160000.0,2.0,2.0,2.0,2.0,1.0,2.0,0.0,2.0,4.0,4.0,2.0,5000000.0,3500000.0,1.0,250000.0,41400.0,2.0,83400.2,130916.0,746.0
7,2.0,1.0,4.0,1.0,4.0,2.0,31.0,120000.0,2.0,2.0,2.0,2.0,2.0,2.0,0.0,2.0,4.0,4.0,2.0,2500000.0,1500000.0,1.0,120000.0,120000.0,1.0,148699.0,101610.0,743.0
7,1.0,1.0,1.0,1.0,4.0,2.0,31.0,90000.0,2.0,2.0,2.0,2.0,2.0,2.0,0.0,2.0,4.0,3.0,2.0,2500000.0,1500000.0,1.0,100000.0,250000.0,1.0,112877.1,72971.0,744.0
7,2.0,1.0,3.0,2.0,4.0,2.0,31.0,120000.0,2.0,2.0,2.0,2.0,1.0,2.0,0.0,2.0,4.0,4.0,2.0,2500000.0,1500000.0,1.0,200000.0,95200.0,3.0,142077.5,95673.0,745.0
7,7.0,1.0,3.0,1.0,4.0,1.0,31.0,140000.0,2.0,2.0,2.0,2.0,1.0,2.0,0.0,2.0,4.0,4.0,2.0,5000000.0,3000000.0,1.0,300000.0,165400.0,4.0,105801.4,174346.0,741.0
7,4.0,3.0,1.0,2.0,4.0,2.0,31.0,120000.0,3.0,3.0,2.0,2.0,1.0,2.0,50000.0,1.0,4.0,4.0,2.0,4000000.0,2500000.0,1.0,160000.0,160000.0,1.0,89525.9,150633.0,745.0
7,3.0,3.0,1.0,2.0,4.0,2.0,31.0,120000.0,3.0,3.0,2.0,2.0,2.0,2.0,80000.0,1.0,4.0,4.0,2.0,350000.0,200000.0,1.0,160000.0,140000.0,1.0,128100.2,120735.0,746.0
7,6.0,1.0,3.0,1.0,4.0,1.0,31.0,100000.0,3.0,3.0,2.0,1.0,2.0,2.0,2380000.0,1.0,4.0,6.0,2.0,1800000.0,650000.0,1.0,300000.0,231000.0,3.0,136227.8,87758.0,746.0
7,7.0,1.0,3.0,1.0,4.0,2.0,31.0,80000.0,3.0,2.0,2.0,1.0,2.0,2.0,60000.0,1.0,4.0,6.0,2.0,2000000.0,1000000.0,1.0,380000.0,125000.0,2.0,171092.45,163395.0,746.0
7,6.0,1.0,4.0,1.0,4.0,1.0,31.0,180000.0,2.0,2.0,2.0,1.0,2.0,2.0,100000.0,1.0,4.0,6.0,2.0,2800000.0,1200000.0,1.0,250000.0,155000.0,4.0,141929.95,140017.0,744.0
7,8.0,1.0,2.0,1.0,4.0,2.0,31.0,120000.0,5.0,3.0,2.0,1.0,2.0,2.0,100000.0,1.0,4.0,4.0,2.0,1000000.0,700000.0,1.0,250000.0,93000.0,3.0,135056.8,19201.0,750.0
7,4.0,1.0,2.0,1.0,4.0,2.0,31.0,70000.0,4.0,3.0,2.0,2.0,2.0,2.0,200000.0,1.0,4.0,6.0,2.0,0.0,900000.0,1.0,200000.0,20000.0,1.0,71118.2,117341.0,752.0
7,5.0,1.0,2.0,1.0,4.0,2.0,31.0,90000.0,4.0,3.0,2.0,2.0,2.0,2.0,160000.0,1.0,4.0,4.0,2.0,1000000.0,700000.0,1.0,260000.0,54000.0,2.0,93309.3,88085.0,751.0
7,4.0,2.0,2.0,2.0,4.0,2.0,31.0,90000.0,4.0,3.0,2.0,1.0,2.0,2.0,100000.0,1.0,4.0,4.0,2.0,700000.0,500000.0,1.0,260000.0,15000.0,1.0,66352.9,90228.0,751.0
7,2.0,1.0,4.0,2.0,4.0,2.0,31.0,70000.0,4.0,3.0,2.0,2.0,2.0,2.0,60000.0,1.0,4.0,6.0,2.0,0.0,1000000.0,1.0,200000.0,122000.0,3.0,80448.55,46910.0,750.0
7,2.0,1.0,3.0,1.0,4.0,2.0,31.0,90000.0,4.0,3.0,2.0,2.0,2.0,2.0,0.0,2.0,4.0,6.0,2.0,0.0,0.0,1.0,180000.0,138000.0,3.0,62582.2,95895.0,746.0
7,1.0,1.0,3.0,2.0,4.0,2.0,30.0,72000.0,4.0,2.0,2.0,2.0,1.0,2.0,230000.0,1.0,4.0,4.0,2.0,300000.0,200000.0,1.0,70000.0,150.0,1.0,98443.0,97657.0,800756.0
7,1.0,1.0,1.0,2.0,4.0,2.0,30.0,80000.0,5.0,3.0,2.0,2.0,2.0,2.0,30000.0,1.0,4.0,4.0,2.0,250000.0,180000.0,1.0,80000.0,41000.0,1.0,85804.2,104880.0,752.0
7,3.0,1.0,1.0,1.0,4.0,2.0,30.0,100000.0,3.0,2.0,2.0,2.0,1.0,2.0,960000.0,1.0,4.0,4.0,2.0,1000000.0,600000.0,1.0,250000.0,20000.0,1.0,139019.7,211086.0,1440750.0
7,2.0,1.0,3.0,1.0,4.0,2.0,30.0,70000.0,4.0,2.0,2.0,2.0,1.0,2.0,50000.0,1.0,4.0,5.0,2.0,400000.0,250000.0,1.0,150000.0,48000.0,2.0,134415.05,239907.0,746.0
7,3.0,1.0,3.0,2.0,4.0,2.0,30.0,120000.0,4.0,3.0,2.0,2.0,2.0,2.0,150000.0,1.0,4.0,5.0,2.0,800000.0,500000.0,1.0,200000.0,158000.0,3.0,105608.05,216172.0,749.0
7,1.0,1.0,3.0,2.0,4.0,2.0,30.0,60000.0,4.0,3.0,2.0,2.0,2.0,2.0,120000.0,1.0,4.0,5.0,2.0,300000.0,200000.0,1.0,100000.0,60000.0,1.0,109131.65,241515.0,320752.0
7,4.0,1.0,2.0,1.0,4.0,2.0,30.0,150000.0,4.0,3.0,2.0,2.0,1.0,2.0,230000.0,1.0,1.0,4.0,2.0,1000000.0,500000.0,1.0,200000.0,108000.0,2.0,133826.41,112724.0,400749.0
7,3.0,1.0,1.0,2.0,4.0,2.0,30.0,65000.0,5.0,2.0,2.0,2.0,1.0,2.0,40000.0,1.0,1.0,4.0,1.0,800000.0,400000.0,1.0,150000.0,54500.0,3.0,100777.32,88318.0,750.0
7,1.0,1.0,1.0,2.0,4.0,2.0,30.0,48000.0,4.0,2.0,2.0,2.0,1.0,2.0,0.0,2.0,4.0,5.0,2.0,200000.0,150000.0,1.0,60000.0,41000.0,1.0,92635.6,68752.0,751.0
7,8.0,1.0,5.0,2.0,4.0,2.0,31.0,250000.0,4.0,3.0,2.0,1.0,1.0,2.0,500000.0,1.0,1.0,2.0,2.0,0.0,500000.0,1.0,150000.0,138000.0,3.0,264141.65,136116.0,751.0
7,4.0,1.0,3.0,2.0,4.0,2.0,30.333333333333332,200000.0,4.0,2.0,2.0,1.0,1.0,1.0,1000000.0,1.0,4.0,2.0,2.0,0.0,300000.0,1.0,100000.0,100000.0,2.0,134665.2,90433.0,752.0
7,5.0,1.0,5.0,1.0,4.0,2.0,31.0,200000.0,3.0,2.0,2.0,1.0,1.0,2.0,0.0,1.0,4.0,6.0,2.0,0.0,500000.0,1.0,200000.0,84000.0,3.0,204683.1,147509.0,746.0
7,4.0,1.0,3.0,2.0,4.0,2.0,31.0,100000.0,4.0,2.0,2.0,2.0,1.0,2.0,700000.0,1.0,3.0,4.0,2.0,0.0,0.0,1.7777777777777777,259447.77777777775,15000.0,2.0,8788.82,60622.0,751.0
7,7.0,1.0,6.0,1.0,4.0,2.0,31.0,350000.0,4.0,3.0,2.0,1.0,1.0,1.0,500000.0,1.0,1.0,2.0,2.0,0.0,500000.0,1.0,150000.0,77000.0,3.0,299349.44,301375.0,747.0
7,10.0,1.0,6.0,1.0,4.0,1.0,31.0,360000.0,3.0,2.0,2.0,1.0,1.0,1.0,200000.0,1.0,4.0,2.0,2.0,0.0,0.0,1.0,276666.6666666667,126000.0,2.0,256438.75,240530.5,744.0
7,5.0,1.0,8.0,1.0,4.0,2.0,31.0,200000.0,3.0,2.0,2.0,1.0,1.0,2.0,500000.0,1.0,4.0,2.0,2.0,2000000.0,500000.0,1.0,150000.0,30000.0,1.0,274507.45,219870.0,750.0
7,5.0,1.0,4.0,1.0,4.0,1.0,31.0,150000.0,4.0,1.0,2.0,1.0,1.0,2.0,850000.0,1.0,4.0,2.0,2.0,1000000.0,500000.0,1.0,150000.0,181000.0,4.0,169557.0,327152.0,1200749.0
7,6.0,1.0,4.0,1.0,4.0,2.0,31.0,200000.0,3.0,2.0,2.0,1.0,1.0,2.0,1500000.0,1.0,1.0,2.0,2.0,0.0,0.0,1.0,200000.0,109000.0,4.0,183373.3,145520.0,742.0
7,2.0,1.0,3.0,2.0,4.0,2.0,30.0,65000.0,3.0,3.0,2.0,2.0,2.0,2.0,0.0,2.0,4.0,3.0,2.0,0.0,200000.0,1.0,50000.0,95000.0,3.0,65528.25,104573.0,751.0
7,5.0,1.0,3.0,1.0,4.0,1.0,30.0,125000.0,2.0,1.0,2.0,2.0,2.0,2.0,250000.0,1.0,4.0,1.0,2.0,0.0,0.0,1.0,250000.0,102000.0,2.0,103455.1,283735.0,744.0
7,3.0,1.0,4.0,2.0,4.0,2.0,30.0,130000.0,3.0,1.0,2.0,2.0,2.0,2.0,100000.0,1.0,4.0,5.0,2.0,0.0,200000.0,1.0,100000.0,42000.0,1.0,43576.88,134713.0,752.0
7,1.0,1.0,2.0,1.0,4.0,2.0,30.0,78000.0,4.0,3.0,2.0,2.0,2.0,2.0,120000.0,1.0,1.0,2.0,2.0,0.0,150000.0,1.0,100000.0,50000.0,2.0,72607.8,105719.0,192086.0
7,5.0,1.0,4.0,1.0,4.0,2.0,30.0,65000.0,3.0,3.0,2.0,2.0,2.0,2.0,30000.0,1.0,1.0,1.0,2.0,300000.0,200000.0,1.0,60000.0,73000.0,3.0,84345.8,110838.0,750.0
7,2.0,1.0,4.0,1.0,4.0,2.0,30.0,80000.0,3.0,1.0,2.0,2.0,2.0,2.0,160000.0,1.0,4.0,2.0,2.0,400000.0,200000.0,1.0,100000.0,81000.0,2.0,135649.7,127696.0,600748.0
7,7.0,1.0,3.0,2.0,4.0,1.0,30.0,130000.0,3.0,3.0,2.0,1.0,2.0,2.0,0.0,2.0,1.0,6.0,2.0,0.0,300000.0,1.0,150000.0,103000.0,3.0,86941.1,113604.0,750.0
7,5.0,1.0,4.0,1.0,4.0,2.0,30.0,120000.0,3.0,3.0,2.0,2.0,1.0,2.0,200000.0,1.0,4.0,3.0,2.0,0.0,0.0,1.0,150000.0,68000.0,2.0,57265.35,103621.0,749.0
7,1.0,1.0,3.0,2.0,4.0,2.0,30.0,39000.0,3.0,3.0,2.0,2.0,2.0,2.0,0.0,2.0,4.0,3.0,2.0,0.0,100000.0,1.0,50000.0,39000.0,1.0,44002.9,84208.0,753.0
7,5.0,1.0,4.0,1.0,4.0,1.0,31.0,7.0,4.0,3.0,2.0,2.0,1.0,2.0,700000.0,1.0,4.0,6.0,2.0,0.0,300000.0,1.0,150000.0,88000.0,2.0,60879.78,205561.0,746.0
7,4.0,1.0,4.0,1.0,4.0,2.0,31.0,120000.0,3.0,3.0,2.0,2.0,1.0,2.0,170000.0,1.0,4.0,6.0,2.0,0.0,500000.0,1.0,200000.0,50000.0,1.0,134952.865,250668.0,747.0
7,3.0,1.0,2.0,1.0,4.0,2.0,31.0,180000.0,3.0,2.0,2.0,2.0,2.0,2.0,0.0,2.0,4.0,6.0,2.0,0.0,500000.0,1.0,150000.0,180000.0,3.0,219550.47,118296.0,745.0
7,1.0,1.0,3.0,2.0,4.0,2.0,31.0,180000.0,3.0,2.0,2.0,2.0,1.0,2.0,0.0,2.0,4.0,6.0,2.0,0.0,200000.0,1.0,100000.0,67000.0,2.0,32669.48,51257.0,751.0
7,3.0,1.0,3.0,1.0,4.0,2.0,31.0,45000.0,3.0,3.0,2.0,2.0,2.0,2.0,50000.0,1.0,1.0,6.0,2.0,0.0,300000.0,1.0,100000.0,40000.0,2.0,132352.12,62904.0,747.0
7,4.0,1.0,3.0,2.0,4.0,2.0,31.0,58336.444444444445,3.0,3.0,2.0,2.0,2.0,2.0,0.0,2.0,1.0,6.0,2.0,0.0,0.0,1.0,250000.0,51000.0,2.0,92720.41,30587.0,750.0
7,6.0,1.0,2.0,2.0,4.0,2.0,31.0,60000.0,4.0,3.0,2.0,2.0,1.0,2.0,0.0,2.0,4.0,6.0,2.0,0.0,0.0,1.0,100000.0,6500.0,2.0,76058.22,119154.0,753.0
7,2.0,5.0,3.0,2.0,4.0,2.0,31.0,45000.0,2.0,3.0,2.0,2.0,1.0,2.0,100000.0,1.0,2.0,2.0,2.0,0.0,200000.0,1.0,70000.0,41550.0,4.0,111538.94,91428.0,754.0
7,1.0,5.0,4.0,1.0,4.0,2.0,31.0,60000.0,3.0,3.0,2.0,2.0,1.0,2.0,0.0,2.0,1.0,6.0,2.0,0.0,0.0,1.0,70000.0,49000.0,2.0,107520.21,21514.0,750.0
7,5.0,1.0,4.0,1.0,4.0,2.0,31.0,75000.0,3.0,2.0,2.0,2.0,2.0,2.0,0.0,1.0,4.0,6.0,2.0,6000.0,3000.0,1.0,150000.0,250000.0,3.0,99290.05,144649.0,743.0
7,1.0,1.0,4.0,2.0,4.0,2.0,31.0,50000.0,2.0,2.0,2.0,2.0,1.0,2.0,15000.0,1.0,4.0,6.0,2.0,0.0,150000.0,1.0,50000.0,50000.0,2.0,94864.25,69421.0,745.0
7,3.0,1.0,2.0,1.0,4.0,2.0,31.0,70000.0,2.0,2.0,2.0,2.0,1.0,2.0,10000.0,1.0,1.0,6.0,2.0,3000.0,1500.0,1.0,50000.0,82000.0,4.0,191287.93,119776.0,745.0
7,2.0,1.0,4.0,1.0,4.0,2.0,31.0,65000.0,3.0,2.0,2.0,2.0,1.0,2.0,25000.0,1.0,4.0,6.0,2.0,0.0,200000.0,1.0,80000.0,73000.0,2.0,83687.95,80802.0,748.0
7,7.0,1.0,4.0,2.0,4.0,2.0,31.0,100000.0,3.0,3.0,2.0,2.0,2.0,2.0,100000.0,1.0,1.0,6.0,2.0,10000.0,5000.0,1.0,100000.0,104000.0,3.0,134646.06,144873.0,749.0
7,4.0,1.0,1.0,1.0,4.0,2.0,31.0,40000.0,3.0,3.0,2.0,2.0,1.0,2.0,50000.0,1.0,4.0,6.0,2.0,5000.0,2500.0,1.0,60000.0,80000.0,2.0,82968.5,91616.0,745.0
7,6.0,1.0,3.0,1.0,4.0,2.0,31.0,80000.0,3.0,3.0,2.0,2.0,2.0,2.0,40000.0,1.0,1.0,4.0,2.0,5000.0,2500.0,1.0,70000.0,165000.0,3.0,235984.55,165767.0,747.0
7,4.0,1.0,2.0,1.0,4.0,2.0,31.0,7.0,2.0,2.0,2.0,2.0,2.0,2.0,0.0,1.0,4.0,3.0,2.0,5000.0,2500.0,1.0,100000.0,100000.0,1.0,198360.08,68747.0,745.0
7,2.0,1.0,4.0,2.0,4.0,2.0,31.0,80000.0,3.0,3.0,2.0,2.0,1.0,2.0,0.0,1.0,4.0,6.0,2.0,5000.0,3000.0,1.0,90000.0,135000.0,3.0,101813.1,78993.0,748.0
7,5.0,1.0,4.0,2.0,2.0,2.0,31.0,200000.0,4.0,3.0,2.0,2.0,2.0,2.0,350000.0,1.0,1.0,6.0,2.0,0.0,500000.0,1.0,166666.66666666666,184000.0,3.0,165007.2,236907.0,400750.0
7,8.0,1.0,4.0,1.0,4.0,1.0,31.0,250000.0,3.0,3.0,2.0,2.0,1.0,2.0,0.0,2.0,4.0,6.0,2.0,3000.0,2000.0,1.4444444444444444,394717.77777777775,158000.0,3.0,194320.25,396712.0,740.0
7,6.0,1.0,4.0,2.0,4.0,2.0,31.0,7.0,4.0,3.0,2.0,2.0,1.0,2.0,300000.0,1.0,1.0,6.0,2.0,0.0,2000.0,1.0,220000.0,163500.0,5.0,112129.5,151276.0,747.0
7,3.0,1.0,3.0,2.0,4.0,2.0,31.0,200000.0,4.0,3.0,2.0,2.0,1.0,2.0,200000.0,1.0,4.0,5.0,2.0,0.0,200000.0,1.0,84444.44444444444,74000.0,3.0,180819.1,56476.0,748.0
7,5.0,1.0,4.0,1.0,4.0,2.0,31.0,180000.0,4.0,3.0,2.0,2.0,1.0,2.0,2000000.0,1.0,4.0,4.0,2.0,0.0,500000.0,1.0,339444.44444444444,140000.0,2.0,130486.85,80559.0,3400747.0
7,6.0,1.0,4.0,2.0,4.0,1.0,31.0,7.0,3.0,3.0,2.0,2.0,2.0,2.0,2000000.0,1.0,4.0,6.0,2.0,5000.0,2500.0,1.4444444444444444,299162.22222222225,220000.0,2.0,139909.3,302196.0,1200746.0
7,3.0,1.0,5.0,1.0,4.0,1.0,31.0,250000.0,3.0,3.0,2.0,2.0,2.0,2.0,0.0,2.0,4.0,4.0,2.0,0.0,500000.0,1.0,203333.33333333337,180000.0,1.0,115463.6,390331.0,739.0
7,6.0,1.0,5.0,1.0,4.0,1.0,31.0,230000.0,3.0,3.0,2.0,2.0,2.0,2.0,300000.0,1.0,4.0,6.0,2.0,0.0,500000.0,1.0,201111.11111111112,290000.0,3.0,171088.75,387470.0,742.0
7,7.0,1.0,5.0,1.0,4.0,1.0,31.0,200000.0,2.0,2.0,2.0,2.0,1.0,2.0,1000000.0,1.0,4.0,6.0,2.0,0.0,2000.0,1.2222222222222223,279341.1111111111,305000.0,4.0,139747.45,347460.0,700740.0
7,3.0,1.0,3.0,2.0,4.0,2.0,31.0,200000.0,3.0,3.0,2.0,2.0,2.0,2.0,750000.0,1.0,4.0,6.0,2.0,1000000.0,350000.0,1.0,150000.0,80000.0,1.0,331101.2,360851.0,479082.0
7,4.0,3.0,3.0,1.0,4.0,1.0,31.0,200000.0,3.0,3.0,2.0,2.0,2.0,2.0,800000.0,1.0,4.0,6.0,2.0,0.0,0.0,1.0,200000.0,80000.0,1.0,300355.2,287290.0,743.0
7,1.0,3.0,3.0,2.0,4.0,2.0,31.0,50000.0,3.0,3.0,2.0,2.0,1.0,2.0,0.0,2.0,4.0,6.0,2.0,500000.0,270000.0,1.0,150000.0,67000.0,2.0,147059.35,152506.0,751.0
7,5.0,1.0,3.0,1.0,4.0,1.0,31.0,300000.0,3.0,3.0,2.0,2.0,2.0,2.0,0.0,2.0,4.0,6.0,2.0,0.0,0.0,1.2222222222222223,430412.6666666667,250000.0,4.0,278784.92,359518.0,744.0
7,5.0,1.0,3.0,1.0,4.0,2.0,31.0,250000.0,5.0,3.0,2.0,2.0,2.0,2.0,150000.0,1.0,4.0,2.0,2.0,0.0,300000.0,1.0,200000.0,214000.0,2.0,332002.805,119611.0,748.0
7,5.0,1.0,3.0,1.0,4.0,2.0,31.0,150000.0,3.0,3.0,2.0,2.0,1.0,2.0,0.0,2.0,4.0,6.0,2.0,0.0,0.0,1.6666666666666667,306984.44444444444,123000.0,3.0,218710.85,216006.0,746.0
7,4.0,3.0,3.0,1.0,4.0,2.0,31.0,30000.0,4.0,3.0,2.0,2.0,2.0,2.0,350000.0,1.0,1.0,6.0,2.0,0.0,0.0,1.0,600000.0,51500.0,2.0,139894.0,201184.0,752.0
7,7.0,1.0,3.0,1.0,4.0,2.0,31.0,220000.0,3.0,3.0,2.0,2.0,2.0,2.0,0.0,2.0,4.0,6.0,2.0,0.0,0.0,1.0,300000.0,413200.0,3.0,271043.33,191183.0,746.0
7,7.0,1.0,3.0,1.0,4.0,1.0,30.0,170000.0,4.0,3.0,2.0,2.0,2.0,2.0,0.0,2.0,4.0,5.0,2.0,0.0,0.0,1.0,500000.0,375500.0,4.0,395593.5,444169.0,747.0
7,6.0,1.0,5.0,1.0,4.0,1.0,31.0,90000.0,3.0,3.0,2.0,2.0,2.0,2.0,500000.0,1.0,4.0,1.0,2.0,0.0,700000.0,1.0,180000.0,653900.0,5.0,262326.0,395851.0,1000748.0
7,5.0,1.0,4.0,1.0,4.0,1.0,31.0,7.0,2.0,2.0,2.0,2.0,2.0,2.0,3500000.0,1.0,4.0,6.0,2.0,0.0,450000.0,1.0,150000.0,240000.0,2.0,210611.66,468409.0,747.0
7,5.0,1.0,4.0,2.0,4.0,2.0,31.0,7.0,4.0,3.0,2.0,2.0,2.0,2.0,70000.0,1.0,4.0,4.0,2.0,0.0,350000.0,1.0,120000.0,215000.0,3.0,255761.55,622248.0,750.0
7,6.0,1.0,6.0,1.0,4.0,1.0,31.0,150000.0,3.0,3.0,2.0,2.0,2.0,2.0,1000000.0,1.0,4.0,6.0,2.0,0.0,400000.0,1.0,100000.0,220000.0,2.0,222147.15,416956.0,670751.0
7,7.0,1.0,6.0,1.0,4.0,1.0,31.0,7.0,3.0,3.0,2.0,2.0,2.0,2.0,1800000.0,1.0,4.0,3.0,2.0,0.0,600000.0,1.0,100000.0,120000.0,2.0,202297.25,101919.0,300749.0
7,3.0,1.0,4.0,2.0,4.0,2.0,31.0,7.0,4.0,3.0,2.0,2.0,2.0,2.0,200000.0,1.0,4.0,6.0,2.0,0.0,300000.0,1.0,120000.0,115000.0,3.0,105333.9,65864.0,751.0
7,5.0,1.0,5.0,1.0,4.0,2.0,31.0,200000.0,3.0,2.0,2.0,2.0,2.0,2.0,1000000.0,2.0,4.0,6.0,2.0,0.0,500000.0,1.0,100000.0,246000.0,3.0,252523.15,565204.0,748.0
7,5.0,1.0,8.0,1.0,4.0,1.0,31.0,100000.0,3.0,3.0,2.0,2.0,2.0,2.0,1000000.0,2.0,1.0,1.0,2.0,0.0,450000.0,1.0,150000.0,200000.0,5.0,203510.65,93404.0,747.0
7,4.0,1.0,4.0,1.0,4.0,1.0,31.0,150000.0,3.0,2.0,2.0,2.0,1.0,2.0,480000.0,1.0,4.0,6.0,2.0,0.0,500000.0,1.0,100000.0,140000.0,3.0,184549.55,348574.0,745.0
7,4.0,1.0,3.0,1.0,4.0,2.0,31.0,100000.0,2.0,3.0,2.0,2.0,1.0,2.0,0.0,2.0,4.0,6.0,2.0,0.0,0.0,1.0,350000.0,153000.0,3.0,189142.895,147718.0,748.0
7,3.0,1.0,3.0,1.0,4.0,2.0,31.0,65000.0,2.0,3.0,2.0,2.0,2.0,2.0,0.0,2.0,4.0,6.0,2.0,400000.0,350000.0,1.0,300000.0,110000.0,2.0,133202.75,69446.0,747.0
7,2.0,1.0,3.0,2.0,4.0,2.0,31.0,120000.0,2.0,3.0,2.0,2.0,2.0,2.0,0.0,2.0,4.0,6.0,2.0,0.0,0.0,1.0,300000.0,59000.0,2.0,172556.65,67299.0,749.0
7,6.0,1.0,3.0,1.0,4.0,2.0,31.0,120000.0,2.0,2.0,2.0,2.0,1.0,2.0,0.0,2.0,4.0,6.0,2.0,0.0,0.0,1.4444444444444444,345342.22222222225,130000.0,3.0,239831.65,116897.0,746.0
7,6.0,1.0,3.0,1.0,4.0,2.0,31.0,80000.0,3.0,3.0,2.0,2.0,2.0,2.0,0.0,2.0,1.0,6.0,2.0,0.0,0.0,1.6666666666666667,409312.8888888889,170000.0,5.0,240303.8,116049.0,747.0
7,6.0,1.0,4.0,2.0,4.0,2.0,31.0,7.0,3.0,2.0,2.0,2.0,1.0,2.0,0.0,2.0,1.0,6.0,2.0,0.0,0.0,1.0,500000.0,118000.0,2.0,205145.27,92469.0,749.0
7,4.0,1.0,4.0,1.0,4.0,1.0,31.0,7.0,2.0,3.0,2.0,2.0,1.0,2.0,0.0,2.0,4.0,6.0,2.0,0.0,0.0,1.0,261111.11111111112,202000.0,4.0,107736.4,133418.0,748.0
7,6.0,1.0,3.0,1.0,4.0,2.0,31.0,60000.0,3.0,2.0,2.0,2.0,2.0,2.0,300000.0,1.0,4.0,6.0,2.0,0.0,0.0,1.0,197777.77777777775,148000.0,2.0,160094.0,99619.0,746.0
7,2.0,1.0,3.0,2.0,4.0,2.0,31.0,160000.0,3.0,3.0,2.0,2.0,2.0,2.0,0.0,2.0,4.0,6.0,2.0,0.0,0.0,1.0,159111.11111111112,82000.0,2.0,105217.5,49578.0,752.0
7,1.0,1.0,3.0,2.0,4.0,2.0,31.0,150000.0,3.0,3.0,2.0,2.0,1.0,2.0,0.0,2.0,4.0,6.0,2.0,0.0,0.0,1.0,103000.0,40000.0,1.0,91420.2,55687.0,751.0
7,4.0,1.0,3.0,1.0,4.0,2.0,31.0,80000.0,3.0,3.0,2.0,2.0,1.0,2.0,0.0,2.0,4.0,6.0,2.0,1200.0,1000.0,3.0,381864.0,111000.0,3.0,156189.82,69025.0,747.0
7,4.0,1.0,4.0,1.0,4.0,2.0,31.0,200000.0,2.0,2.0,2.0,2.0,2.0,2.0,0.0,2.0,4.0,6.0,2.0,0.0,0.0,1.4444444444444444,309169.22222222225,170000.0,2.0,225990.1,184297.0,746.0
7,3.0,2.0,4.0,1.0,4.0,2.0,31.0,180000.0,3.0,2.0,2.0,2.0,1.0,2.0,0.0,2.0,4.0,6.0,2.0,0.0,0.0,1.4444444444444444,520933.3333333333,225000.0,3.0,100065.0,74382.0,746.0
7,5.0,1.0,4.0,2.0,4.0,2.0,31.0,160000.0,3.0,3.0,2.0,2.0,1.0,2.0,0.0,2.0,4.0,6.0,2.0,0.0,0.0,1.0,227777.77777777775,155000.0,2.0,144601.3,80728.0,750.0
7,4.0,1.0,3.0,1.0,4.0,2.0,31.0,200000.0,2.0,2.0,2.0,2.0,1.0,2.0,0.0,2.0,1.0,6.0,2.0,0.0,400000.0,1.0,200000.0,103000.0,2.0,105937.95,61983.0,746.0
7,6.0,1.0,4.0,1.0,4.0,2.0,31.0,150000.0,3.0,3.0,2.0,2.0,2.0,2.0,0.0,2.0,4.0,6.0,2.0,0.0,0.0,1.0,400000.0,100000.0,1.0,215647.7,100578.0,747.0
7,3.0,2.0,4.0,2.0,4.0,2.0,31.0,60000.0,2.0,3.0,2.0,2.0,1.0,2.0,0.0,2.0,4.0,6.0,2.0,0.0,0.0,3.0,715995.0,75000.0,1.0,95417.75,25025.0,749.0
7,3.0,1.0,3.0,1.0,4.0,2.0,31.0,150000.0,3.0,3.0,2.0,2.0,1.0,2.0,0.0,2.0,4.0,6.0,2.0,0.0,0.0,1.0,165555.55555555556,75000.0,1.0,149581.8,83799.0,746.0
7,5.0,1.0,4.0,1.0,4.0,1.0,24.0,170000.0,3.0,2.0,2.0,2.0,1.0,2.0,0.0,2.0,4.0,1.0,2.0,3000.0,800000.0,1.0,140000.0,110000.0,2.0,290754.9,146022.0,620744.0
7,3.0,1.0,2.0,2.0,2.0,2.0,25.0,95000.0,3.0,2.0,2.0,2.0,1.0,2.0,0.0,2.0,4.0,6.0,2.0,800000.0,300000.0,1.0,100000.0,105050.0,3.0,202599.467,75524.5,753.0
7,6.0,1.0,3.0,2.0,4.0,2.0,25.0,105000.0,2.0,2.0,2.0,2.0,1.0,2.0,500000.0,1.0,4.0,2.0,2.0,0.0,1000000.0,1.0,200000.0,99200.0,4.0,154119.4,168275.0,748.0
7,7.0,1.0,4.0,1.0,4.0,2.0,24.0,135000.0,3.0,2.0,2.0,2.0,1.0,2.0,150000.0,1.0,1.0,1.0,2.0,1500000.0,700000.0,1.0,150000.0,79150.0,3.0,259330.7,169123.0,460748.0
7,2.0,1.0,2.0,2.0,2.0,2.0,23.0,85000.0,4.0,2.0,2.0,2.0,2.0,2.0,0.0,2.0,4.0,3.0,2.0,800000.0,500000.0,1.0,70000.0,70000.0,2.0,174189.95,127791.0,753.0
7,4.0,1.0,4.0,1.0,4.0,2.0,25.0,128000.0,3.0,2.0,2.0,2.0,1.0,2.0,0.0,2.0,4.0,6.0,2.0,1000000.0,400000.0,1.0,150000.0,25200.0,2.0,144813.15,114374.0,745.0
7,6.0,1.0,4.0,1.0,4.0,1.0,26.0,160000.0,3.0,2.0,2.0,1.0,1.0,2.0,450000.0,1.0,4.0,6.0,2.0,0.0,800000.0,1.0,200000.0,348150.0,3.0,175031.0,118011.0,744.0
7,5.0,5.0,3.0,2.0,4.0,2.0,25.0,155000.0,4.0,2.0,2.0,2.0,1.0,2.0,0.0,2.0,1.0,1.0,1.0,2000000.0,1200000.0,1.0,150000.0,141150.0,5.0,141078.7,130376.0,753.0
7,5.0,1.0,4.0,1.0,4.0,2.0,24.0,140000.0,3.0,2.0,2.0,2.0,2.0,2.0,0.0,2.0,4.0,2.0,2.0,1500000.0,600000.0,1.0,150000.0,117000.0,2.0,173823.95,108962.0,748.0
7,5.0,1.0,2.0,1.0,4.0,2.0,31.0,30000.0,3.0,2.0,2.0,2.0,2.0,2.0,300000.0,1.0,4.0,1.0,2.0,400000.0,200000.0,1.0,100000.0,80000.0,1.0,115804.1,192763.0,748.0
7,2.0,1.0,2.0,2.0,4.0,2.0,31.0,50000.0,3.0,3.0,2.0,2.0,2.0,2.0,0.0,2.0,4.0,1.0,2.0,200000.0,100000.0,1.0,80000.0,85000.0,2.0,74168.5,116113.0,7751.0
7,6.0,1.0,4.0,1.0,4.0,2.0,31.0,35000.0,3.0,2.0,2.0,2.0,2.0,2.0,150000.0,1.0,4.0,2.0,2.0,500000.0,250000.0,1.0,100000.0,133000.0,3.0,115974.7,152247.0,9748.0
7,3.0,1.0,3.0,2.0,4.0,2.0,31.0,60000.0,3.0,3.0,2.0,2.0,2.0,2.0,0.0,2.0,4.0,2.0,2.0,300000.0,150000.0,1.0,70000.0,68000.0,2.0,81415.6,115083.0,750.0
7,1.0,1.0,1.0,2.0,4.0,2.0,31.0,40000.0,3.0,3.0,2.0,2.0,1.0,2.0,0.0,2.0,1.0,1.0,2.0,100000.0,75000.0,1.0,50000.0,30000.0,2.0,80212.7,85498.0,751.0
7,3.0,1.0,1.0,2.0,4.0,2.0,31.0,50000.0,3.0,2.0,2.0,2.0,1.0,2.0,0.0,2.0,4.0,2.0,2.0,300000.0,100000.0,1.0,50000.0,17250.0,2.0,79170.3,134163.0,751.0
7,3.0,1.0,3.0,2.0,4.0,2.0,31.0,50000.0,3.0,3.0,2.0,2.0,1.0,2.0,0.0,2.0,4.0,2.0,2.0,200000.0,100000.0,1.0,60000.0,55000.0,1.0,70151.9,150001.0,748.0
7,1.0,5.0,4.0,2.0,3.0,2.0,31.0,25000.0,3.0,3.0,2.0,2.0,1.0,2.0,0.0,2.0,4.0,2.0,2.0,100000.0,70000.0,1.0,40000.0,80.0,1.0,64208.9,101393.0,751.0
7,2.0,1.0,2.0,2.0,4.0,2.0,31.0,45000.0,3.0,3.0,2.0,2.0,1.0,2.0,0.0,2.0,4.0,2.0,2.0,250000.0,150000.0,1.0,70000.0,63000.0,2.0,62459.4,148469.0,752.0
7,5.0,1.0,3.0,2.0,4.0,2.0,31.0,7.0,3.0,3.0,2.0,2.0,2.0,2.0,0.0,2.0,4.0,6.0,2.0,1800000.0,700000.0,1.0,250000.0,145000.0,3.0,137554.7,1358203.0,745.0
7,2.0,1.0,2.0,2.0,4.0,2.0,31.0,7.0,4.0,3.0,2.0,2.0,2.0,2.0,0.0,2.0,4.0,6.0,2.0,0.0,480000.0,1.0,150000.0,83500.0,2.0,109722.08,70085.0,754.0
7,2.0,1.0,5.0,2.0,4.0,2.0,31.0,80000.0,3.0,3.0,2.0,1.0,2.0,2.0,0.0,2.0,4.0,6.0,2.0,900000.0,600000.0,1.0,130000.0,60000.0,1.0,99496.25,83654.0,750.0
7,1.0,1.0,2.0,2.0,4.0,2.0,31.0,7.0,4.0,3.0,2.0,2.0,1.0,2.0,0.0,2.0,4.0,6.0,2.0,0.0,250000.0,1.0,100000.0,59000.0,2.0,43842.3,54207.0,756.0
7,3.0,1.0,3.0,1.0,4.0,2.0,31.0,70000.0,3.0,3.0,2.0,2.0,2.0,2.0,0.0,2.0,4.0,6.0,2.0,0.0,600000.0,1.0,200000.0,168000.0,4.0,104155.85,97278.0,745.0
7,5.0,1.0,4.0,2.0,4.0,2.0,31.0,100000.0,3.0,3.0,2.0,1.0,2.0,2.0,0.0,2.0,4.0,6.0,2.0,1900000.0,800000.0,1.0,200000.0,200000.0,2.0,137695.35,86445.0,746.0
7,4.0,1.0,4.0,2.0,4.0,2.0,31.0,100000.0,3.0,3.0,2.0,2.0,2.0,2.0,0.0,2.0,4.0,6.0,2.0,0.0,1000000.0,1.0,200000.0,85000.0,1.0,168622.83,146501.0,748.0
7,6.0,1.0,4.0,1.0,4.0,2.0,31.0,7.0,3.0,3.0,2.0,2.0,2.0,2.0,0.0,2.0,4.0,6.0,2.0,1900000.0,1000000.0,1.0,300000.0,353800.0,3.0,176957.65,102348.0,743.0
7,2.0,1.0,3.0,2.0,4.0,2.0,31.0,70000.0,3.0,3.0,2.0,2.0,1.0,2.0,0.0,2.0,4.0,6.0,2.0,0.0,600000.0,1.0,130000.0,40000.0,1.0,105008.9,49809.0,749.0
7,1.0,1.0,4.0,2.0,4.0,2.0,31.0,65000.0,3.0,2.0,2.0,2.0,2.0,2.0,0.0,2.0,4.0,3.0,2.0,5000.0,1000.0,1.0,80000.0,60000.0,1.0,92236.1,78808.0,755.0
7,2.0,1.0,3.0,1.0,4.0,2.0,31.0,31000.0,3.0,2.0,2.0,2.0,1.0,2.0,0.0,2.0,4.0,3.0,2.0,2000.0,500000.0,1.0,100000.0,253000.0,3.0,122554.95,110246.0,752.0
7,2.0,1.0,4.0,1.0,4.0,2.0,31.0,110000.0,3.0,2.0,2.0,1.0,2.0,2.0,0.0,2.0,4.0,3.0,2.0,5000000.0,1000000.0,1.0,150000.0,385000.0,2.0,185855.4,128073.0,751.0
7,3.0,3.0,3.0,1.0,4.0,2.0,31.0,150000.0,3.0,3.0,2.0,2.0,2.0,2.0,700000.0,1.0,4.0,3.0,2.0,10000.0,800000.0,1.0,180000.0,250000.0,1.0,207106.45,186861.0,750.0
7,2.0,1.0,3.0,2.0,4.0,2.0,31.0,40000.0,3.0,3.0,2.0,2.0,1.0,2.0,70000.0,1.0,4.0,3.0,2.0,5000.0,1000000.0,1.0,120000.0,80000.0,1.0,77341.9,73487.0,751.0
7,4.0,1.0,3.0,1.0,4.0,2.0,31.0,120000.0,3.0,2.0,2.0,2.0,1.0,2.0,2800000.0,2.0,4.0,3.0,2.0,15000.0,800000.0,1.0,180000.0,700000.0,2.0,135466.85,168327.0,748.0
7,3.0,5.0,3.0,1.0,4.0,2.0,31.0,60000.0,3.0,3.0,2.0,1.0,2.0,2.0,250000.0,1.0,4.0,3.0,2.0,15000.0,1000000.0,1.0,200000.0,218000.0,2.0,158102.22,138738.0,748.0
7,2.0,1.0,3.0,2.0,4.0,2.0,31.0,70000.0,3.0,3.0,2.0,2.0,1.0,2.0,700000.0,1.0,4.0,2.0,2.0,3000.0,400000.0,1.0,80000.0,15000.0,1.0,147534.45,99057.0,1700752.0
7,5.0,1.0,3.0,2.0,4.0,2.0,31.0,85000.0,3.0,2.0,2.0,2.0,1.0,2.0,700000.0,1.0,4.0,3.0,2.0,20000.0,2000.0,1.0,150000.0,85000.0,2.0,256708.8,168390.0,750.0
7,5.0,1.0,2.0,2.0,4.0,2.0,31.0,60000.0,3.0,3.0,2.0,2.0,2.0,2.0,0.0,2.0,4.0,6.0,2.0,0.0,1000000.0,1.0,400000.0,435000.0,3.0,265729.75,318779.0,749.0
7,5.0,1.0,3.0,1.0,4.0,2.0,31.0,70000.0,2.0,2.0,2.0,2.0,2.0,2.0,0.0,2.0,4.0,6.0,2.0,0.0,1500000.0,1.0,400000.0,270000.0,3.0,263397.35,163550.5,742.0
7,2.0,1.0,2.0,2.0,4.0,2.0,31.0,60000.0,3.0,3.0,2.0,2.0,2.0,2.0,0.0,2.0,4.0,6.0,2.0,400000.0,150000.0,1.0,100000.0,175000.0,2.0,189854.35,99833.0,751.0
7,4.0,1.0,3.0,1.0,4.0,2.0,31.0,80000.0,2.0,2.0,2.0,2.0,2.0,2.0,0.0,2.0,4.0,6.0,2.0,0.0,1900000.0,1.0,300000.0,343000.0,3.0,214869.25,196174.0,745.0
7,2.0,1.0,1.0,2.0,4.0,2.0,31.0,30000.0,3.0,3.0,2.0,2.0,2.0,2.0,0.0,2.0,4.0,6.0,2.0,600000.0,300000.0,1.0,120000.0,76000.0,2.0,213544.25,69459.0,750.0
7,6.0,1.0,2.0,1.0,4.0,2.0,31.0,60000.0,3.0,3.0,2.0,2.0,1.0,2.0,0.0,2.0,4.0,6.0,2.0,1900000.0,900000.0,1.0,300000.0,180000.0,4.0,241973.5,132454.0,749.0
7,1.0,1.0,2.0,1.0,4.0,2.0,31.0,72000.0,2.0,2.0,2.0,2.0,2.0,2.0,0.0,2.0,4.0,6.0,2.0,0.0,800000.0,1.0,150000.0,300000.0,1.0,100771.2,123518.0,748.0
7,6.0,1.0,3.0,1.0,4.0,2.0,31.0,70000.0,3.0,3.0,2.0,2.0,2.0,2.0,0.0,2.0,4.0,6.0,2.0,0.0,1200000.0,1.0,400000.0,285000.0,3.0,225266.5,240700.0,746.0
7,1.0,1.0,1.0,2.0,4.0,2.0,31.0,50000.0,3.0,3.0,2.0,2.0,2.0,2.0,0.0,2.0,4.0,6.0,2.0,500000.0,300000.0,1.0,100000.0,50000.0,1.0,116669.6,69236.0,749.0
7,6.0,1.0,3.0,1.0,4.0,2.0,31.0,60000.0,3.0,3.0,2.0,2.0,1.0,2.0,0.0,2.0,4.0,6.0,2.0,0.0,0.0,1.0,227777.77777777775,45150.0,2.0,197630.45,180103.0,748.0
7,5.0,1.0,4.0,1.0,4.0,2.0,31.0,80000.0,2.0,3.0,2.0,2.0,1.0,2.0,200000.0,1.0,4.0,1.0,2.0,0.0,0.0,1.2222222222222223,151105.0,12300.0,3.0,110540.8,95876.0,743.0
7,3.0,5.0,1.0,1.0,4.0,2.0,31.0,100000.0,3.0,3.0,2.0,2.0,1.0,2.0,0.0,2.0,4.0,1.0,2.0,0.0,0.0,1.0,183333.33333333337,150000.0,1.0,130304.8,253110.0,120749.0
7,1.0,1.0,2.0,2.0,4.0,2.0,31.0,7.0,3.0,3.0,2.0,2.0,2.0,2.0,156000.0,1.0,4.0,6.0,2.0,500000.0,300000.0,1.0,70000.0,70000.0,1.0,139831.6,76950.0,753.0
7,1.0,1.0,3.0,2.0,4.0,2.0,31.0,70000.0,3.0,3.0,2.0,2.0,1.0,2.0,0.0,2.0,4.0,6.0,2.0,0.0,0.0,1.0,92888.88888888888,40000.0,1.0,59069.2,92772.0,749.0
7,6.0,1.0,4.0,2.0,4.0,2.0,31.0,60000.0,3.0,3.0,2.0,2.0,1.0,2.0,0.0,2.0,1.0,2.0,2.0,0.0,0.0,1.3333333333333333,197696.66666666663,113700.0,5.0,251139.68,152005.0,320748.0
7,5.0,1.0,3.0,1.0,2.0,1.0,31.0,140000.0,2.0,2.0,2.0,2.0,1.0,2.0,0.0,2.0,4.0,6.0,2.0,0.0,0.0,1.0,333333.3333333333,377000.0,4.0,159688.2,243994.0,742.0
7,1.0,3.0,1.0,2.0,4.0,2.0,31.0,77778.55555555556,3.0,3.0,2.0,2.0,1.0,2.0,0.0,2.0,4.0,6.0,2.0,0.0,0.0,1.4444444444444444,129745.77777777778,400.0,1.0,40684.3,101307.0,752.0
7,4.0,1.0,4.0,2.0,4.0,1.0,31.0,120000.0,2.0,2.0,2.0,2.0,1.0,2.0,0.0,2.0,4.0,2.0,2.0,0.0,0.0,1.0,222222.22222222225,33100.0,2.0,215712.7,114808.0,748.0
7,6.0,1.0,5.0,2.0,4.0,1.0,31.0,7.0,3.0,2.0,2.0,1.0,2.0,2.0,100000.0,1.0,4.0,2.0,2.0,1500000.0,600000.0,1.0,200000.0,140000.0,3.0,128640.95,261639.0,340748.0
7,3.0,5.0,3.0,2.0,4.0,2.0,31.0,7.0,3.0,3.0,2.0,1.0,2.0,2.0,260000.0,1.0,4.0,3.0,2.0,800000.0,400000.0,1.0,100000.0,60000.0,2.0,18543.5,69038.0,752.0
7,6.0,1.0,5.0,2.0,4.0,1.0,31.0,100000.0,3.0,2.0,2.0,1.0,2.0,2.0,1500000.0,1.0,4.0,2.0,2.0,1000000.0,180000.0,1.0,55000.0,138600.0,3.0,86852.8,358937.0,747.0
7,3.0,1.0,5.0,1.0,4.0,1.0,31.0,100000.0,3.0,1.0,2.0,1.0,1.0,2.0,1000000.0,1.0,4.0,6.0,2.0,1200000.0,600000.0,1.0,150000.0,133000.0,2.0,41964.0,288487.0,2770748.0
7,7.0,1.0,4.0,2.0,4.0,1.0,31.0,100000.0,3.0,2.0,2.0,1.0,2.0,2.0,100000.0,1.0,4.0,2.0,2.0,2000000.0,800000.0,1.0,200000.0,145700.0,3.0,25553.805,121648.0,400751.0
7,3.0,1.0,4.0,2.0,4.0,2.0,31.0,105000.0,3.0,2.0,2.0,2.0,2.0,2.0,700000.0,1.0,1.0,6.0,2.0,900000.0,450000.0,1.0,100000.0,87500.0,2.0,72296.7,115943.0,800755.0
7,5.0,1.0,3.0,2.0,4.0,2.0,31.0,120000.0,4.0,3.0,2.0,1.0,1.0,2.0,215000.0,1.0,1.0,1.0,2.0,800000.0,500000.0,1.0,120000.0,87800.0,3.0,54009.1,219149.0,753.0
7,5.0,1.0,4.0,2.0,4.0,2.0,31.0,7.0,4.0,3.0,2.0,2.0,2.0,2.0,100000.0,1.0,1.0,6.0,2.0,900000.0,500000.0,1.0,100000.0,68500.0,2.0,20118.0,42173.0,754.0
7,7.0,1.0,5.0,1.0,4.0,2.0,31.0,7.0,3.0,2.0,2.0,1.0,1.0,2.0,250000.0,1.0,1.0,2.0,2.0,1500000.0,600000.0,1.0,200000.0,143500.0,4.0,110726.0,153959.0,744.0
7,5.0,1.0,4.0,1.0,4.0,1.0,31.0,120000.0,3.0,2.0,2.0,2.0,2.0,2.0,0.0,2.0,4.0,6.0,2.0,0.0,0.0,1.0,350000.0,309000.0,4.0,66940.8,163280.0,745.0
7,2.0,1.0,4.0,1.0,4.0,1.0,31.0,100000.0,2.0,2.0,2.0,1.0,1.0,2.0,0.0,2.0,4.0,6.0,2.0,0.0,0.0,1.0,150000.0,283400.0,3.0,146755.45,120450.0,749.0
7,1.0,1.0,3.0,2.0,4.0,2.0,31.0,80000.0,4.0,3.0,2.0,2.0,1.0,2.0,0.0,2.0,4.0,3.0,2.0,0.0,0.0,1.0,100000.0,80000.0,2.0,62856.6,96233.0,753.0
7,3.0,1.0,4.0,2.0,4.0,2.0,31.0,110000.0,4.0,3.0,2.0,1.0,1.0,2.0,800000.0,1.0,4.0,6.0,2.0,0.0,0.0,1.0,150000.0,221000.0,4.0,103386.33,79254.0,751.0
7,2.0,1.0,4.0,2.0,4.0,2.0,31.0,80000.0,3.0,2.0,2.0,1.0,2.0,2.0,0.0,2.0,4.0,3.0,2.0,0.0,0.0,1.0,150000.0,137000.0,3.0,85593.6,93927.0,750.0
7,6.0,1.0,5.0,1.0,4.0,1.0,31.0,120000.0,4.0,3.0,2.0,2.0,1.0,2.0,0.0,2.0,4.0,3.0,2.0,0.0,0.0,1.0,150000.0,140000.0,2.0,80096.4,85954.0,747.0
7,4.0,5.0,2.0,1.0,4.0,2.0,31.0,100000.0,4.0,3.0,2.0,2.0,1.0,2.0,1000000.0,1.0,4.0,3.0,2.0,0.0,0.0,1.0,100000.0,140000.0,2.0,127862.82,161236.0,748.0
7,5.0,1.0,4.0,1.0,4.0,1.0,31.0,7.0,4.0,2.0,2.0,1.0,2.0,2.0,200000.0,1.0,4.0,6.0,2.0,0.0,0.0,1.0,150000.0,110000.0,3.0,131013.5,262374.0,747.0
7,4.0,1.0,4.0,1.0,4.0,2.0,31.0,60000.0,4.0,2.0,2.0,1.0,2.0,2.0,180000.0,1.0,4.0,6.0,2.0,0.0,1000000.0,1.0,200000.0,166000.0,2.0,114336.06,108456.0,1200748.0
7,2.0,1.0,2.0,1.0,4.0,2.0,31.0,150000.0,3.0,2.0,2.0,1.0,1.0,2.0,0.0,2.0,4.0,6.0,2.0,0.0,0.0,1.0,300000.0,125000.0,2.0,130175.55,115537.0,746.0
7,1.0,1.0,3.0,2.0,4.0,2.0,31.0,80000.0,4.0,2.0,2.0,1.0,1.0,2.0,0.0,2.0,4.0,6.0,2.0,0.0,0.0,1.0,200000.0,63000.0,1.0,106384.9,111466.0,750.0
7,3.0,1.0,3.0,1.0,4.0,1.0,31.0,120000.0,3.0,2.0,2.0,1.0,1.0,2.0,0.0,2.0,4.0,6.0,2.0,0.0,1000000.0,1.0,500000.0,286000.0,2.0,194656.0,180839.0,746.0
7,5.0,1.0,2.0,1.0,4.0,2.0,31.0,80000.0,3.0,2.0,2.0,1.0,1.0,2.0,180000.0,1.0,4.0,6.0,2.0,0.0,0.0,1.0,400000.0,68000.0,3.0,195329.85,157483.0,750.0
7,2.0,1.0,2.0,1.0,4.0,2.0,31.0,100000.0,4.0,2.0,2.0,1.0,1.0,2.0,0.0,1.0,4.0,6.0,2.0,0.0,0.0,1.0,300000.0,88000.0,2.0,159412.5,115944.0,747.0
7,4.0,1.0,3.0,1.0,4.0,1.0,31.0,70000.0,3.0,2.0,2.0,1.0,1.0,2.0,840000.0,1.0,4.0,6.0,2.0,0.0,1000000.0,1.0,500000.0,845000.0,4.0,189228.3,209315.0,745.0
7,4.0,1.0,3.0,2.0,4.0,2.0,31.0,90000.0,4.0,2.0,2.0,1.0,1.0,2.0,0.0,2.0,4.0,6.0,2.0,0.0,0.0,1.0,350000.0,50000.0,1.0,147140.4,95200.0,748.0
7,3.0,3.0,1.0,1.0,4.0,1.0,31.0,150000.0,3.0,3.0,2.0,1.0,1.0,2.0,954000.0,1.0,4.0,6.0,2.0,0.0,0.0,1.0,250000.0,155000.0,1.0,163468.3,286284.0,957410.0
7,2.0,1.0,1.0,1.0,4.0,2.0,31.0,150000.0,3.0,2.0,2.0,1.0,1.0,2.0,0.0,2.0,4.0,6.0,2.0,0.0,0.0,1.0,350000.0,167000.0,2.0,168356.0,155423.0,747.0
7,6.0,1.0,3.0,1.0,4.0,2.0,31.0,170000.0,5.0,3.0,2.0,1.0,1.0,2.0,1800000.0,1.0,4.0,5.0,2.0,0.0,1000000.0,1.0,400000.0,193000.0,2.0,128763.1,204027.0,100751.0
7,3.0,3.0,4.0,2.0,4.0,2.0,31.0,180000.0,5.0,3.0,2.0,1.0,1.0,2.0,400000.0,1.0,4.0,6.0,2.0,0.0,600000.0,1.0,250000.0,100000.0,2.0,89808.25,148441.0,754.0
7,3.0,1.0,3.0,2.0,4.0,1.0,31.0,120000.0,5.0,3.0,2.0,1.0,1.0,2.0,200000.0,1.0,4.0,5.0,2.0,0.0,900000.0,1.0,250000.0,76000.0,2.0,81132.9,121214.0,753.0
7,5.0,5.0,3.0,1.0,4.0,1.0,31.0,100000.0,5.0,3.0,2.0,1.0,1.0,2.0,35000.0,1.0,4.0,5.0,2.0,0.0,0.0,1.0,300000.0,160000.0,2.0,64014.55,160023.0,749.0
7,2.0,1.0,2.0,2.0,4.0,2.0,31.0,180000.0,5.0,3.0,2.0,1.0,1.0,2.0,60000.0,1.0,4.0,3.0,2.0,0.0,400000.0,1.0,200000.0,75000.0,3.0,71229.8,113015.0,754.0
7,4.0,3.0,2.0,1.0,4.0,1.0,31.0,70000.0,4.0,2.0,2.0,1.0,1.0,2.0,1800000.0,1.0,4.0,4.0,2.0,0.0,1000000.0,1.0,300000.0,72000.0,2.0,110935.3,277680.0,2000752.0
7,4.0,1.0,2.0,1.0,4.0,1.0,31.0,120000.0,4.0,1.0,2.0,1.0,1.0,2.0,200000.0,1.0,4.0,6.0,2.0,0.0,900000.0,1.0,300000.0,397000.0,5.0,86345.0,498982.0,160749.0
7,6.0,1.0,3.0,1.0,4.0,1.0,31.0,100000.0,4.0,2.0,2.0,1.0,1.0,2.0,0.0,2.0,4.0,2.0,2.0,0.0,1000000.0,1.0,500000.0,244000.0,3.0,155800.6,153498.0,750.0
7,8.0,1.0,3.0,2.0,4.0,1.0,31.0,100000.0,5.0,3.0,2.0,1.0,1.0,2.0,800000.0,1.0,4.0,3.0,1.0,0.0,1000000.0,1.0,500000.0,170000.0,2.0,162523.9,171131.0,752.0
7,6.0,1.0,4.0,1.0,4.0,2.0,8.0,100000.0,3.0,2.0,2.0,1.0,1.0,2.0,80000.0,1.0,1.0,1.0,1.0,0.0,800000.0,1.0,400000.0,131000.0,3.0,133000.65,125447.0,748.0
7,5.0,1.0,3.0,2.0,4.0,1.0,8.0,120000.0,3.0,2.0,2.0,1.0,1.0,2.0,600000.0,1.0,4.0,6.0,1.0,0.0,900000.0,1.0,300000.0,209000.0,4.0,119060.5,157506.0,748.0
7,4.0,1.0,4.0,2.0,4.0,2.0,8.0,140000.0,4.0,3.0,2.0,1.0,1.0,2.0,100000.0,1.0,1.0,1.0,1.0,1000000.0,500000.0,1.0,250000.0,53000.0,2.0,80299.3,53797.0,753.0
7,6.0,1.0,4.0,2.0,4.0,1.0,8.0,130000.0,3.0,2.0,2.0,1.0,1.0,2.0,0.0,2.0,4.0,6.0,1.0,0.0,0.0,1.0,500000.0,178000.0,4.0,109801.55,110291.0,747.0
7,6.0,1.0,5.0,1.0,4.0,1.0,8.0,150000.0,3.0,2.0,2.0,1.0,1.0,2.0,0.0,2.0,4.0,6.0,1.0,0.0,0.0,1.0,500000.0,176000.0,4.0,120892.9,280293.0,745.0
7,1.0,1.0,2.0,2.0,4.0,2.0,8.0,70000.0,4.0,3.0,2.0,1.0,1.0,2.0,0.0,2.0,4.0,6.0,1.0,0.0,0.0,1.0,150000.0,97000.0,2.0,88174.59999999999,25896.0,756.0
7,7.0,1.0,4.0,2.0,4.0,2.0,8.0,120000.0,4.0,3.0,2.0,1.0,1.0,2.0,60000.0,1.0,1.0,1.0,1.0,0.0,1000000.0,1.0,500000.0,102500.0,3.0,113489.85,100178.0,751.0
7,9.0,1.0,5.0,1.0,4.0,1.0,8.0,200000.0,4.0,2.0,2.0,1.0,1.0,2.0,1200000.0,1.0,4.0,6.0,1.0,0.0,1000000.0,1.0,500000.0,406000.0,4.0,95385.0,230381.0,747.0
7,5.0,1.0,2.0,2.0,4.0,2.0,8.0,120000.0,4.0,2.0,2.0,1.0,1.0,2.0,0.0,1.0,1.0,1.0,1.0,0.0,0.0,1.0,300000.0,59000.0,2.0,112594.9,121893.0,750.0
8,3.0,1.0,3.0,2.0,4.0,1.0,31.0,80000.0,2.0,2.0,2.0,2.0,2.0,2.0,0.0,2.0,4.0,6.0,2.0,0.0,2000.0,1.0,280000.0,270000.0,2.0,154540.7,220334.0,746.0
8,1.0,1.0,1.0,2.0,4.0,1.0,31.0,40000.0,2.0,2.0,2.0,2.0,2.0,2.0,0.0,2.0,4.0,6.0,2.0,10000.0,2000000.0,1.0,180000.0,330000.0,1.0,61882.3,317136.0,745.0
8,2.0,5.0,1.0,2.0,4.0,2.0,31.0,7.0,3.0,3.0,2.0,2.0,1.0,2.0,0.0,2.0,4.0,6.0,2.0,2000.0,1000.0,1.0,200000.0,350000.0,2.0,89329.9,176626.0,752.0
8,3.0,1.0,2.0,1.0,4.0,1.0,31.0,75000.0,2.0,2.0,2.0,2.0,2.0,2.0,0.0,2.0,4.0,6.0,2.0,0.0,1000.0,1.0,260000.0,245000.0,2.0,165494.8,273616.0,15744.0
8,4.0,1.0,3.0,1.0,4.0,2.0,31.0,75000.0,2.0,2.0,2.0,2.0,2.0,2.0,0.0,2.0,4.0,6.0,2.0,0.0,1000000.0,1.0,300000.0,300000.0,2.0,165520.3,259980.0,745.0
8,3.0,1.0,2.0,2.0,4.0,1.0,31.0,60000.0,3.0,2.0,2.0,2.0,2.0,2.0,0.0,2.0,4.0,6.0,2.0,600000.0,400000.0,1.0,250000.0,320000.0,2.0,154633.8,302811.0,747.0
8,2.0,3.0,1.0,2.0,4.0,2.0,31.0,40000.0,3.0,3.0,2.0,2.0,2.0,2.0,0.0,2.0,4.0,6.0,2.0,2000.0,500000.0,1.0,190000.0,490000.0,2.0,91114.2,219791.0,753.0
8,4.0,1.0,3.0,1.0,4.0,1.0,31.0,60000.0,2.0,2.0,2.0,2.0,1.0,2.0,0.0,2.0,4.0,6.0,2.0,0.0,500000.0,1.0,250000.0,30000.0,1.0,147263.4,186145.0,745.0
8,3.0,1.0,2.0,2.0,4.0,2.0,31.0,60000.0,3.0,2.0,2.0,2.0,1.0,2.0,0.0,2.0,4.0,6.0,1.0,500000.0,400000.0,1.0,260000.0,185000.0,2.0,141637.7,136671.0,748.0
8,5.0,1.0,2.0,1.0,4.0,1.0,31.0,120000.0,3.0,2.0,2.0,2.0,2.0,1.0,0.0,2.0,4.0,6.0,2.0,1200.0,800.0,3.0,191912.0,294000.0,3.0,222950.68,392026.0,744.0
8,4.0,1.0,3.0,1.0,4.0,2.0,31.0,90000.0,3.0,2.0,2.0,2.0,2.0,2.0,200000.0,1.0,4.0,2.0,2.0,0.0,500000.0,1.0,270000.0,675000.0,3.0,172099.98,162869.0,742.0
8,2.0,1.0,1.0,2.0,4.0,2.0,31.0,40000.0,3.0,2.0,2.0,2.0,1.0,2.0,40000.0,1.0,4.0,2.0,2.0,400000.0,300000.0,1.0,150000.0,76000.0,2.0,125930.86,79393.0,752.0
8,5.0,1.0,1.0,1.0,4.0,2.0,31.0,50000.0,4.0,2.0,2.0,2.0,1.0,2.0,200000.0,1.0,4.0,6.0,2.0,1200.0,1000.0,3.0,119945.0,42000.0,2.0,198496.2,144354.0,745.0
8,3.0,1.0,3.0,1.0,1.0,2.0,31.0,140000.0,2.0,2.0,2.0,2.0,1.0,2.0,0.0,2.0,4.0,6.0,2.0,1500.0,1000.0,3.0,287868.0,70300.0,2.0,171605.11,167434.0,740.0
8,4.0,1.0,3.0,1.0,4.0,2.0,31.0,80000.0,3.0,2.0,2.0,2.0,2.0,2.0,0.0,2.0,4.0,2.0,2.0,500000.0,400000.0,1.0,300000.0,375000.0,3.0,241490.09,231818.0,741.0
8,1.0,3.0,2.0,2.0,4.0,2.0,31.0,60000.0,3.0,3.0,2.0,2.0,1.0,2.0,0.0,2.0,4.0,6.0,2.0,0.0,300000.0,1.0,150000.0,290000.0,2.0,115502.75,233074.0,751.0
8,2.0,1.0,3.0,2.0,4.0,2.0,31.0,28000.0,3.0,2.0,2.0,2.0,2.0,2.0,120000.0,1.0,4.0,6.0,2.0,0.0,350000.0,1.0,200000.0,69000.0,2.0,151764.26,150832.0,750.0
8,1.0,1.0,1.0,1.0,4.0,2.0,31.0,24000.0,3.0,2.0,2.0,2.0,2.0,2.0,0.0,2.0,4.0,6.0,2.0,0.0,250000.0,1.0,150000.0,59000.0,1.0,131113.73,111125.0,748.0
8,2.0,1.0,1.0,2.0,4.0,2.0,31.0,50000.0,4.0,3.0,2.0,2.0,2.0,2.0,250000.0,2.0,3.0,6.0,2.0,0.0,0.0,1.0,150000.0,99000.0,2.0,112603.6,121193.0,753.0
8,6.0,1.0,4.0,1.0,4.0,2.0,31.0,100000.0,3.0,2.0,2.0,2.0,2.0,2.0,240000.0,2.0,4.0,6.0,2.0,0.0,0.0,1.0,200000.0,230000.0,4.0,171060.05,153622.0,748.0
8,5.0,1.0,3.0,2.0,4.0,1.0,31.0,100000.0,3.0,3.0,2.0,2.0,2.0,2.0,300000.0,2.0,1.0,6.0,2.0,0.0,0.0,1.0,200000.0,167000.0,3.0,169565.55,183983.0,752.0
8,6.0,1.0,3.0,1.0,4.0,1.0,31.0,300000.0,3.0,2.0,2.0,2.0,2.0,2.0,1000000.0,2.0,4.0,6.0,2.0,0.0,0.0,1.0,300000.0,220000.0,2.0,150514.05,305477.0,747.0
8,3.0,1.0,2.0,1.0,4.0,2.0,31.0,150000.0,3.0,3.0,2.0,2.0,2.0,2.0,300000.0,2.0,4.0,6.0,2.0,0.0,0.0,1.0,200000.0,140000.0,3.0,152682.15,187056.0,752.0
8,2.0,1.0,1.0,2.0,4.0,2.0,31.0,7.0,4.0,3.0,2.0,2.0,2.0,2.0,0.0,2.0,4.0,6.0,2.0,0.0,0.0,1.0,150000.0,105000.0,2.0,105361.75,79083.0,757.0
8,2.0,1.0,2.0,1.0,4.0,1.0,31.0,60000.0,3.0,3.0,2.0,2.0,1.0,2.0,0.0,2.0,4.0,6.0,2.0,0.0,0.0,1.0,200000.0,70000.0,1.0,140911.65,192718.0,751.0
8,6.0,1.0,3.0,1.0,4.0,2.0,31.0,120000.0,3.0,3.0,2.0,2.0,1.0,2.0,400000.0,2.0,1.0,6.0,2.0,0.0,0.0,1.0,300000.0,147000.0,3.0,158054.2,308520.0,750.0
8,4.0,1.0,2.0,1.0,4.0,2.0,31.0,100000.0,3.0,3.0,2.0,2.0,1.0,2.0,300000.0,1.0,1.0,6.0,2.0,0.0,0.0,1.0,300000.0,90000.0,3.0,121674.9,207221.0,600752.0
8,4.0,1.0,3.0,1.0,4.0,2.0,31.0,70000.0,4.0,2.0,2.0,2.0,2.0,2.0,0.0,2.0,4.0,1.0,2.0,0.0,600000.0,1.0,120000.0,121000.0,3.0,163857.7,126964.0,748.0
8,2.0,1.0,1.0,2.0,4.0,2.0,31.0,41000.77777777778,5.0,3.0,2.0,2.0,1.0,2.0,0.0,2.0,1.0,2.0,1.0,0.0,200000.0,1.0,55000.0,48000.0,2.0,99236.93,96279.0,50763.0
8,4.0,1.0,4.0,2.0,4.0,2.0,31.0,120000.0,3.0,1.0,2.0,2.0,1.0,2.0,1000000.0,1.0,4.0,1.0,2.0,0.0,1500000.0,1.0,150000.0,138000.0,2.0,265343.9,146440.0,2000749.0
8,3.0,1.0,4.0,1.0,4.0,1.0,31.0,80000.0,1.0,3.0,2.0,1.0,1.0,2.0,0.0,2.0,4.0,1.0,2.0,30000000.0,3000000.0,1.0,300000.0,300000.0,2.0,271162.1,1443897.0,320741.0
8,8.0,1.0,4.0,1.0,4.0,2.0,31.0,200000.0,3.0,2.0,2.0,1.0,1.0,2.0,600000.0,1.0,4.0,3.0,2.0,10000.0,1500000.0,1.0,300000.0,369000.0,5.0,318765.8,424173.0,320753.0
8,2.0,1.0,3.0,1.0,4.0,1.0,31.0,120000.0,3.0,2.0,2.0,1.0,1.0,2.0,0.0,2.0,4.0,1.0,2.0,4000000.0,400000.0,1.0,200000.0,200000.0,2.0,237942.3,337291.0,80742.0
8,2.0,1.0,4.0,1.0,4.0,2.0,31.0,60000.0,3.0,2.0,2.0,2.0,1.0,2.0,1000000.0,1.0,4.0,1.0,2.0,1000000.0,400000.0,1.0,100000.0,80000.0,1.0,154986.5,254284.0,745.0
8,7.0,1.0,5.0,2.0,4.0,1.0,30.0,100000.0,3.0,2.0,2.0,1.0,2.0,2.0,0.0,2.0,4.0,4.0,2.0,2000.0,1500.0,1.0,300000.0,400000.0,3.0,253054.32,702079.0,200745.0
8,5.0,1.0,3.0,1.0,4.0,2.0,31.0,70000.0,5.0,3.0,2.0,2.0,1.0,2.0,1000000.0,1.0,4.0,1.0,2.0,0.0,4000.0,1.0,200000.0,203000.0,4.0,190965.03,219305.0,749.0
8,1.0,1.0,1.0,2.0,4.0,2.0,31.0,50000.0,3.0,3.0,2.0,2.0,1.0,2.0,0.0,2.0,4.0,6.0,2.0,400000.0,350000.0,1.0,150000.0,58000.0,2.0,65490.6,40421.0,751.0
8,5.0,1.0,3.0,1.0,4.0,2.0,31.0,100000.0,3.0,3.0,2.0,2.0,2.0,2.0,0.0,2.0,4.0,3.0,2.0,900000.0,600000.0,1.0,400000.0,269000.0,4.0,356342.2,446111.0,745.0
8,2.0,1.0,1.0,2.0,4.0,2.0,31.0,60000.0,3.0,3.0,2.0,2.0,2.0,2.0,0.0,2.0,4.0,6.0,2.0,600000.0,400000.0,1.0,200000.0,60000.0,1.0,194224.95,120083.0,752.0
8,5.0,1.0,3.0,1.0,4.0,1.0,31.0,100000.0,3.0,2.0,2.0,2.0,2.0,2.0,0.0,2.0,4.0,6.0,2.0,900000.0,600000.0,1.0,400000.0,403000.0,3.0,210470.1,2053277.0,742.0
8,6.0,3.0,3.0,1.0,4.0,1.0,31.0,60000.0,3.0,3.0,2.0,2.0,2.0,2.0,400000.0,1.0,4.0,6.0,2.0,900000.0,700000.0,1.0,400000.0,850000.0,3.0,288549.65,542589.0,746.0
8,7.0,1.0,3.0,1.0,4.0,1.0,31.0,130000.0,3.0,2.0,2.0,2.0,2.0,2.0,400000.0,1.0,4.0,4.0,2.0,1000000.0,800000.0,1.0,500000.0,258000.0,3.0,344717.6,477136.0,744.0
8,1.0,1.0,1.0,2.0,4.0,2.0,31.0,45000.0,3.0,3.0,2.0,2.0,1.0,2.0,300000.0,1.0,4.0,6.0,2.0,500000.0,400000.0,1.0,200000.0,60000.0,1.0,88981.47,1032862.0,750.0
8,5.0,1.0,2.0,1.0,4.0,1.0,31.0,130000.0,3.0,2.0,2.0,2.0,1.0,2.0,500000.0,1.0,4.0,4.0,2.0,1000000.0,800000.0,1.0,500000.0,328000.0,2.0,224832.0,939402.0,746.0
8,3.0,1.0,4.0,1.0,4.0,2.0,31.0,100000.0,3.0,3.0,2.0,2.0,2.0,2.0,0.0,2.0,4.0,6.0,2.0,900000.0,600000.0,1.0,400000.0,135000.0,3.0,215892.7,221016.0,748.0
8,1.0,1.0,2.0,2.0,4.0,2.0,31.0,45000.0,3.0,2.0,2.0,2.0,2.0,2.0,0.0,2.0,1.0,1.0,1.0,200000.0,100000.0,1.0,60000.0,52000.0,2.0,127635.25,71492.0,754.0
8,6.0,3.0,2.0,2.0,2.0,1.0,31.0,180000.0,3.0,1.0,2.0,2.0,2.0,2.0,1800000.0,2.0,4.0,5.0,2.0,800000.0,500000.0,1.0,300000.0,250000.0,2.0,222548.58,743831.0,748.0
8,5.0,1.0,3.0,1.0,4.0,2.0,31.0,150000.0,3.0,1.0,2.0,2.0,1.0,2.0,0.0,2.0,4.0,1.0,2.0,4000.0,2000.0,1.0,500000.0,220000.0,2.0,241276.95,235440.0,749.0
8,4.0,1.0,2.0,1.0,4.0,2.0,31.0,100000.0,3.0,2.0,2.0,2.0,2.0,2.0,800000.0,1.0,4.0,6.0,2.0,1500000.0,600000.0,1.0,300000.0,740000.0,3.0,250998.95,492806.0,744.0
8,4.0,1.0,3.0,1.0,4.0,2.0,31.0,120000.0,3.0,2.0,2.0,2.0,1.0,2.0,60000.0,1.0,4.0,1.0,2.0,1350000.0,900000.0,1.0,450000.0,120000.0,2.0,279755.7,365383.0,749.0
8,3.0,1.0,2.0,1.0,2.0,1.0,31.0,120000.0,3.0,2.0,2.0,2.0,1.0,2.0,0.0,2.0,4.0,2.0,2.0,3000.0,1000.0,1.0,300000.0,97000.0,2.0,229019.72,350924.0,744.0
8,2.0,1.0,3.0,1.0,4.0,2.0,31.0,100000.0,2.0,1.0,2.0,2.0,2.0,2.0,1575000.0,1.0,4.0,5.0,2.0,0.0,10000.0,1.0,150000.0,300000.0,1.0,157293.4,272379.0,749.0
8,6.0,3.0,2.0,1.0,4.0,2.0,31.0,70000.0,3.0,3.0,2.0,2.0,2.0,2.0,400000.0,1.0,4.0,5.0,2.0,600000.0,300000.0,1.0,150000.0,225000.0,3.0,281170.95,506170.0,751.0
8,2.0,1.0,3.0,2.0,4.0,2.0,31.0,7.0,3.0,2.0,2.0,2.0,1.0,2.0,0.0,2.0,4.0,6.0,2.0,1000000.0,500000.0,1.0,250000.0,86250.0,3.0,189271.95,175294.0,751.0
8,4.0,1.0,3.0,1.0,4.0,2.0,31.0,150000.0,3.0,3.0,2.0,2.0,1.0,2.0,0.0,2.0,1.0,1.0,1.0,0.0,0.0,1.0,120000.0,136000.0,4.0,234382.55,158564.0,746.0
8,3.0,1.0,3.0,1.0,4.0,2.0,31.0,100000.0,2.0,2.0,2.0,2.0,2.0,2.0,0.0,2.0,4.0,6.0,2.0,0.0,0.0,1.0,231111.11111111112,186000.0,3.0,148524.7,135860.0,748.0
8,6.0,1.0,3.0,1.0,4.0,2.0,31.0,270000.0,2.0,2.0,2.0,2.0,2.0,2.0,1200000.0,1.0,4.0,2.0,2.0,0.0,0.0,1.0,316666.6666666667,380000.0,2.0,256957.9,476668.0,2400751.0
8,2.0,3.0,1.0,2.0,4.0,2.0,31.0,80000.0,3.0,3.0,2.0,2.0,1.0,2.0,0.0,2.0,4.0,1.0,2.0,0.0,0.0,1.0,181111.11111111112,20000.0,1.0,190063.65,216371.0,752.0
8,3.0,1.0,1.0,1.0,4.0,2.0,31.0,100000.0,3.0,2.0,2.0,2.0,2.0,2.0,1600000.0,1.0,4.0,4.0,2.0,0.0,800000.0,1.0,276666.6666666667,190000.0,2.0,151573.1,341084.0,747.0
8,1.0,3.0,3.0,1.0,4.0,2.0,31.0,120000.0,4.0,2.0,2.0,2.0,2.0,2.0,200000.0,1.0,4.0,1.0,2.0,0.0,0.0,1.4444444444444444,581225.5555555555,300000.0,1.0,103669.65,410179.0,750.0
8,2.0,1.0,1.0,2.0,4.0,2.0,31.0,50000.0,3.0,2.0,2.0,2.0,2.0,2.0,0.0,2.0,4.0,1.0,2.0,0.0,250000.0,1.0,132222.22222222222,143000.0,2.0,154395.1,214080.0,751.0
8,2.0,1.0,1.0,1.0,4.0,2.0,31.0,60000.0,2.0,1.0,2.0,2.0,1.0,2.0,35000.0,1.0,1.0,2.0,1.0,0.0,200000.0,1.0,90777.77777777778,49000.0,2.0,109336.35,171785.0,750.0
8,6.0,1.0,2.0,2.0,4.0,1.0,31.0,150000.0,3.0,2.0,2.0,2.0,2.0,2.0,0.0,2.0,4.0,4.0,2.0,0.0,1600000.0,1.0,355555.55555555556,495000.0,4.0,386368.55,342703.0,748.0
8,1.0,1.0,3.0,1.0,4.0,2.0,31.0,80000.0,4.0,3.0,2.0,2.0,1.0,2.0,0.0,2.0,4.0,5.0,2.0,1500.0,700.0,1.0,100000.0,87000.0,2.0,127449.6,92105.0,748.0
8,4.0,3.0,3.0,1.0,4.0,2.0,31.0,120000.0,3.0,3.0,2.0,2.0,2.0,2.0,0.0,2.0,4.0,4.0,2.0,5000.0,2500.0,1.0,200000.0,250000.0,1.0,299972.4,307878.0,745.0
8,1.0,1.0,3.0,2.0,4.0,2.0,31.0,30000.0,3.0,3.0,2.0,2.0,1.0,2.0,0.0,2.0,3.0,4.0,2.0,600000.0,300000.0,1.0,100000.0,76500.0,2.0,92715.6,69526.0,749.0
8,5.0,1.0,3.0,2.0,4.0,2.0,31.0,150000.0,3.0,3.0,2.0,2.0,2.0,2.0,2025000.0,1.0,4.0,4.0,2.0,3000.0,1500.0,1.0,300000.0,220000.0,2.0,357690.19,700422.0,749.0
8,8.0,3.0,3.0,1.0,3.0,2.0,31.0,300000.0,3.0,3.0,2.0,2.0,2.0,2.0,450000.0,1.0,4.0,5.0,2.0,6000.0,3000.0,3.0,479780.0,255000.0,4.0,159214.67,223160.0,747.0
8,2.0,1.0,3.0,2.0,4.0,2.0,31.0,85000.0,3.0,3.0,2.0,2.0,2.0,2.0,0.0,2.0,4.0,3.0,2.0,4000.0,2000.0,1.0,250000.0,136500.0,2.0,101109.85,91329.0,749.0
8,3.0,1.0,3.0,1.0,4.0,2.0,31.0,97222.22222222222,3.0,3.0,2.0,2.0,2.0,2.0,0.0,2.0,4.0,4.0,2.0,0.0,0.0,1.0,257777.77777777775,300000.0,1.0,141984.7,168963.0,746.0
8,2.0,1.0,1.0,1.0,4.0,1.0,31.0,170000.0,3.0,3.0,2.0,2.0,2.0,2.0,3000000.0,1.0,4.0,4.0,2.0,1000000.0,1000.0,1.0,150000.0,637000.0,3.0,283357.56,234172.0,746.0
8,4.0,3.0,1.0,1.0,4.0,2.0,31.0,100000.0,3.0,3.0,2.0,2.0,1.0,2.0,2400000.0,1.0,4.0,4.0,2.0,5000.0,2500.0,1.0,250000.0,160000.0,2.0,208365.4,339566.0,748.0
8,3.0,1.0,2.0,1.0,4.0,2.0,31.0,250000.0,3.0,3.0,2.0,1.0,2.0,2.0,0.0,2.0,4.0,5.0,2.0,0.0,0.0,1.0,400000.0,550000.0,1.0,350139.75,249448.0,745.0
8,1.0,1.0,1.0,2.0,2.0,2.0,31.0,30000.0,3.0,2.0,2.0,2.0,1.0,2.0,0.0,2.0,3.0,5.0,2.0,0.0,0.0,1.0,100000.0,41000.0,1.0,111348.57,97535.0,755.0
8,4.0,1.0,3.0,1.0,2.0,2.0,31.0,200000.0,2.0,2.0,2.0,1.0,2.0,2.0,0.0,2.0,4.0,5.0,2.0,0.0,0.0,1.0,500000.0,150000.0,1.0,308924.18,214416.0,746.0
8,4.0,1.0,1.0,1.0,4.0,2.0,31.0,100000.0,2.0,2.0,2.0,2.0,1.0,2.0,750000.0,1.0,4.0,6.0,2.0,0.0,0.0,1.0,300000.0,710000.0,3.0,347060.16,1628713.0,1000748.0
8,1.0,1.0,1.0,1.0,4.0,2.0,31.0,70000.0,2.0,2.0,2.0,2.0,2.0,2.0,0.0,2.0,4.0,6.0,2.0,0.0,0.0,1.0,200000.0,384000.0,2.0,236693.54,429779.0,749.0
8,5.0,3.0,4.0,1.0,4.0,2.0,31.0,50000.0,3.0,3.0,2.0,2.0,2.0,2.0,1600000.0,1.0,4.0,4.0,2.0,0.0,0.0,1.0,500000.0,237000.0,4.0,225621.5,294852.0,749.0
8,4.0,1.0,3.0,1.0,4.0,1.0,31.0,150000.0,2.0,3.0,2.0,2.0,1.0,2.0,0.0,2.0,4.0,6.0,2.0,0.0,0.0,1.0,300000.0,700000.0,2.0,447042.16,451103.4,741.0
8,1.0,3.0,1.0,1.0,2.0,2.0,31.0,40000.0,3.0,3.0,2.0,2.0,1.0,2.0,850000.0,1.0,4.0,5.0,2.0,0.0,0.0,1.0,250000.0,325000.0,2.0,128757.96,496403.0,752.0
8,2.0,1.0,2.0,2.0,4.0,2.0,31.0,77667.44444444444,4.0,2.0,2.0,2.0,2.0,2.0,100000.0,1.0,4.0,5.0,2.0,0.0,0.0,1.0,200000.0,113000.0,3.0,195341.2,113708.0,755.0
8,2.0,1.0,3.0,2.0,4.0,2.0,31.0,39000.0,3.0,2.0,2.0,2.0,2.0,2.0,0.0,2.0,4.0,3.0,2.0,0.0,0.0,1.0,100000.0,82000.0,2.0,184633.5,173936.0,753.0
8,2.0,1.0,3.0,2.0,4.0,1.0,31.0,68000.0,3.0,3.0,2.0,2.0,1.0,2.0,6000000.0,2.0,4.0,3.0,2.0,0.0,700000.0,1.0,300000.0,160000.0,1.0,128177.96,209779.0,750.0
8,5.0,1.0,3.0,1.0,4.0,1.0,31.0,200000.0,3.0,2.0,2.0,2.0,2.0,2.0,1800000.0,1.0,4.0,4.0,2.0,0.0,1300000.0,1.0,800000.0,848000.0,4.0,191381.02,366497.0,3023093.0
8,2.0,5.0,1.0,2.0,4.0,2.0,31.0,24000.0,3.0,3.0,2.0,2.0,1.0,2.0,0.0,1.0,4.0,4.0,2.0,0.0,1000.0,1.0,200000.0,62000.0,1.0,111319.0,201321.0,752.0
8,3.0,3.0,1.0,2.0,4.0,2.0,31.0,50000.0,3.0,3.0,2.0,2.0,1.0,2.0,200000.0,1.0,4.0,2.0,2.0,0.0,0.0,1.0,350000.0,130000.0,2.0,157501.51,349886.0,752.0
8,2.0,1.0,3.0,1.0,4.0,2.0,31.0,30000.0,3.0,2.0,2.0,2.0,1.0,2.0,0.0,2.0,4.0,3.0,2.0,0.0,400000.0,1.0,180000.0,125000.0,2.0,132466.31,368166.0,748.0
8,7.0,1.0,3.0,1.0,4.0,1.0,31.0,280000.0,3.0,1.0,2.0,2.0,2.0,2.0,0.0,2.0,4.0,2.0,2.0,100000.0,2500.0,1.0,1000000.0,1545000.0,6.0,282440.41,452247.0,742.0
8,6.0,1.0,2.0,1.0,4.0,2.0,31.0,56000.0,3.0,2.0,2.0,2.0,1.0,2.0,0.0,2.0,1.0,1.0,2.0,0.0,700000.0,1.0,350000.0,194500.0,6.0,192286.65,457276.0,747.0
8,4.0,3.0,2.0,2.0,4.0,2.0,31.0,60000.0,3.0,3.0,2.0,2.0,1.0,2.0,48000.0,1.0,4.0,3.0,2.0,0.0,0.0,3.0,383824.0,333000.0,3.0,291115.76,676135.0,751.0
8,3.0,1.0,3.0,1.0,4.0,2.0,31.0,75000.0,3.0,2.0,2.0,2.0,1.0,2.0,0.0,2.0,4.0,1.0,2.0,0.0,600000.0,1.0,241111.11111111112,195000.0,3.0,153270.65,161411.0,747.0
8,6.0,1.0,3.0,1.0,4.0,2.0,31.0,100000.0,3.0,2.0,2.0,2.0,1.0,1.0,8700000.0,2.0,4.0,1.0,2.0,0.0,1000000.0,1.2222222222222223,409463.8888888889,90000.0,2.0,139088.9,176029.0,750.0
8,2.0,1.0,3.0,2.0,4.0,2.0,31.0,100000.0,3.0,2.0,2.0,2.0,2.0,2.0,0.0,2.0,4.0,4.0,2.0,0.0,500000.0,1.0,200000.0,74000.0,2.0,119835.1,99230.0,754.0
8,4.0,1.0,3.0,1.0,4.0,1.0,31.0,120000.0,2.0,3.0,2.0,2.0,1.0,2.0,270000.0,1.0,4.0,4.0,2.0,0.0,1000000.0,1.0,350000.0,105000.0,2.0,151041.98,355840.0,747.0
8,2.0,1.0,4.0,1.0,4.0,2.0,31.0,80000.0,3.0,2.0,2.0,2.0,1.0,1.0,0.0,2.0,1.0,2.0,2.0,0.0,500000.0,1.0,120000.0,38200.0,3.0,127278.74,164794.0,749.0
8,9.0,1.0,4.0,1.0,4.0,2.0,31.0,60000.0,5.0,3.0,2.0,1.0,1.0,2.0,4500000.0,1.0,4.0,3.0,2.0,0.0,700000.0,1.0,322222.22222222225,471000.0,5.0,269176.35,346709.0,4808556.0
8,2.0,1.0,4.0,1.0,4.0,2.0,31.0,80000.0,3.0,2.0,2.0,2.0,2.0,2.0,0.0,2.0,4.0,1.0,2.0,1000000.0,400000.0,1.0,166666.66666666666,133000.0,2.0,102295.75,172441.0,749.0
8,1.0,1.0,3.0,2.0,4.0,2.0,31.0,120000.0,2.0,2.0,2.0,1.0,1.0,2.0,0.0,2.0,4.0,1.0,2.0,0.0,250000.0,1.0,101666.66666666669,26100.0,2.0,99680.74,95872.0,749.0
8,8.0,1.0,3.0,1.0,4.0,2.0,31.0,200000.0,3.0,2.0,2.0,2.0,2.0,2.0,0.0,2.0,4.0,3.0,2.0,2000000.0,500000.0,1.0,196666.66666666663,89800.0,3.0,266376.27,209704.0,749.0
8,1.0,1.0,2.0,2.0,4.0,2.0,31.0,200000.0,3.0,3.0,2.0,1.0,2.0,2.0,0.0,2.0,4.0,6.0,2.0,0.0,20000.0,1.0,400000.0,350000.0,1.0,176630.8,290531.0,751.0
8,1.0,1.0,2.0,1.0,4.0,2.0,31.0,100000.0,3.0,3.0,2.0,2.0,2.0,2.0,0.0,2.0,4.0,6.0,2.0,10000.0,5000.0,1.0,250000.0,72000.0,2.0,180073.38,197427.0,748.0
8,3.0,1.0,2.0,1.0,4.0,1.0,31.0,180000.0,3.0,3.0,2.0,2.0,2.0,2.0,0.0,2.0,4.0,6.0,2.0,5000.0,4000.0,1.0,600000.0,270000.0,4.0,243643.38,402780.0,747.0
8,4.0,1.0,2.0,2.0,4.0,1.0,31.0,70000.0,4.0,3.0,2.0,2.0,1.0,2.0,0.0,2.0,4.0,6.0,2.0,5000000.0,3000000.0,1.0,1000000.0,150000.0,1.0,160652.22,1480212.0,751.0
8,1.0,1.0,3.0,2.0,4.0,2.0,31.0,60000.0,3.0,3.0,2.0,2.0,2.0,2.0,0.0,2.0,4.0,6.0,2.0,0.0,0.0,1.0,200000.0,43000.0,1.0,146845.25,103644.0,749.0
8,2.0,1.0,3.0,2.0,4.0,1.0,31.0,210000.0,3.0,3.0,2.0,2.0,1.0,2.0,0.0,2.0,4.0,6.0,2.0,6000.0,4000.0,1.0,500000.0,427000.0,3.0,234210.72,705693.0,749.0
8,2.0,1.0,3.0,1.0,4.0,1.0,31.0,160000.0,3.0,3.0,2.0,2.0,1.0,2.0,5760000.0,1.0,4.0,6.0,2.0,10000.0,5000.0,1.0,400000.0,588000.0,3.0,195177.5,293008.0,6731677.0
8,3.0,1.0,3.0,1.0,4.0,2.0,31.0,120000.0,3.0,3.0,2.0,2.0,2.0,2.0,650000.0,2.0,4.0,6.0,2.0,0.0,0.0,1.0,300000.0,80000.0,1.0,206725.77,297561.0,751.0
8,2.0,1.0,3.0,1.0,4.0,2.0,31.0,120000.0,3.0,3.0,2.0,2.0,2.0,2.0,0.0,2.0,4.0,6.0,2.0,0.0,0.0,1.0,480000.0,155000.0,3.0,204816.55,318375.0,748.0
8,2.0,1.0,2.0,1.0,4.0,2.0,31.0,60000.0,3.0,2.0,2.0,2.0,2.0,2.0,0.0,2.0,4.0,1.0,2.0,0.0,0.0,1.0,150000.0,150000.0,1.0,156772.4,183676.0,743.0
8,2.0,1.0,3.0,1.0,4.0,2.0,31.0,100000.0,3.0,3.0,2.0,2.0,2.0,2.0,0.0,2.0,4.0,1.0,2.0,0.0,0.0,1.0,200000.0,619000.0,4.0,208971.5,208014.0,749.0
8,1.0,3.0,2.0,1.0,4.0,1.0,31.0,60000.0,3.0,2.0,2.0,2.0,2.0,2.0,0.0,2.0,4.0,1.0,2.0,0.0,0.0,1.0,150000.0,360000.0,1.0,141317.7,1151321.0,743.0
8,1.0,1.0,1.0,2.0,4.0,2.0,31.0,30000.0,4.0,3.0,2.0,2.0,2.0,2.0,0.0,2.0,1.0,1.0,1.0,0.0,0.0,1.0,101888.88888888888,57900.0,2.0,123934.9,56070.0,754.0
8,2.0,1.0,3.0,1.0,4.0,2.0,31.0,60000.0,3.0,2.0,2.0,2.0,2.0,2.0,0.0,2.0,4.0,1.0,2.0,0.0,0.0,1.0,200000.0,362000.0,3.0,155217.95,537483.0,744.0
8,2.0,1.0,2.0,1.0,4.0,2.0,31.0,80000.0,3.0,2.0,2.0,2.0,2.0,2.0,0.0,2.0,4.0,1.0,2.0,1000000.0,500000.0,1.0,200000.0,650000.0,2.0,184154.2,694570.0,745.0
8,1.0,1.0,2.0,2.0,4.0,2.0,31.0,100000.0,3.0,2.0,2.0,2.0,1.0,2.0,0.0,2.0,4.0,1.0,2.0,0.0,0.0,1.2222222222222223,158916.66666666666,46000.0,1.0,79263.8,79184.0,751.0
8,1.0,1.0,2.0,2.0,4.0,2.0,31.0,40000.0,3.0,3.0,2.0,2.0,2.0,2.0,0.0,2.0,4.0,1.0,2.0,0.0,0.0,1.2222222222222223,244236.11111111112,313000.0,2.0,148380.8,428270.0,747.0
8,2.0,3.0,2.0,2.0,4.0,2.0,31.0,40000.0,3.0,3.0,2.0,2.0,1.0,2.0,0.0,2.0,4.0,1.0,2.0,0.0,0.0,1.0,200000.0,520000.0,3.0,160155.85,254988.0,749.0
8,4.0,1.0,3.0,1.0,4.0,1.0,31.0,120000.0,2.0,2.0,2.0,2.0,1.0,2.0,0.0,2.0,4.0,1.0,2.0,1600000.0,800000.0,1.0,230000.0,370300.0,2.0,147789.0,118325.0,746.0
8,4.0,1.0,3.0,1.0,4.0,2.0,31.0,100000.0,2.0,2.0,2.0,2.0,1.0,2.0,0.0,2.0,2.0,3.0,2.0,1000000.0,500000.0,1.0,220000.0,220500.0,2.0,162096.6,87242.0,748.0
8,1.0,1.0,3.0,2.0,4.0,2.0,31.0,80000.0,3.0,2.0,2.0,1.0,1.0,1.0,0.0,2.0,4.0,1.0,1.0,500000.0,300000.0,1.0,110000.0,45500.0,2.0,64093.9,40375.0,753.0
8,2.0,1.0,4.0,2.0,4.0,2.0,31.0,100000.0,3.0,2.0,2.0,1.0,1.0,2.0,50000.0,1.0,4.0,1.0,1.0,2500000.0,1000000.0,1.0,150000.0,87400.0,3.0,113677.1,66687.0,755.0
8,5.0,1.0,3.0,1.0,4.0,1.0,31.0,110000.0,3.0,2.0,2.0,1.0,2.0,2.0,0.0,1.0,4.0,3.0,2.0,2000000.0,900000.0,1.0,220000.0,242000.0,4.0,108958.1,255430.0,747.0
8,5.0,1.0,5.0,1.0,4.0,1.0,31.0,40000.0,2.0,2.0,2.0,1.0,2.0,1.0,0.0,2.0,4.0,3.0,2.0,1600000.0,800000.0,1.0,260000.0,276000.0,5.0,100809.8,285609.0,280748.0
8,5.0,1.0,5.0,1.0,4.0,2.0,31.0,30000.0,2.0,2.0,2.0,2.0,1.0,2.0,40000.0,1.0,1.0,1.0,1.0,1500000.0,800000.0,1.0,230000.0,108420.0,3.0,108703.5,190747.0,340749.0
8,5.0,1.0,5.0,1.0,4.0,2.0,31.0,70000.0,3.0,2.0,2.0,1.0,1.0,2.0,0.0,2.0,1.0,3.0,2.0,1500000.0,500000.0,1.0,250000.0,195460.0,5.0,114924.6,188410.0,747.0
8,5.0,1.0,3.0,2.0,1.0,2.0,31.0,90000.0,2.0,2.0,2.0,1.0,1.0,2.0,0.0,2.0,4.0,1.0,2.0,1000000.0,350000.0,1.0,130000.0,72350.0,3.0,64980.2,52342.0,753.0
8,5.0,1.0,4.0,2.0,4.0,1.0,31.0,35000.0,4.0,2.0,2.0,2.0,2.0,2.0,100000.0,1.0,4.0,6.0,2.0,1800000.0,850000.0,1.0,180000.0,155000.0,2.0,81517.4,182414.0,746.0
8,6.0,1.0,3.0,2.0,4.0,2.0,31.0,55000.0,4.0,2.0,2.0,2.0,1.0,2.0,0.0,2.0,4.0,3.0,2.0,500000.0,250000.0,1.0,150000.0,102900.0,3.0,79301.1,35701.0,751.0
8,6.0,1.0,4.0,2.0,4.0,1.0,31.0,30000.0,4.0,2.0,2.0,2.0,2.0,2.0,0.0,2.0,4.0,6.0,2.0,1500000.0,860000.0,1.0,250000.0,178200.0,3.0,106477.5,206070.0,743.0
8,2.0,1.0,3.0,2.0,4.0,2.0,31.0,50000.0,4.0,2.0,2.0,2.0,1.0,2.0,30000.0,1.0,4.0,3.0,2.0,550000.0,250000.0,1.0,150000.0,95000.0,3.0,76704.6,60117.0,753.0
8,3.0,1.0,3.0,2.0,4.0,1.0,31.0,35000.0,4.0,2.0,2.0,2.0,2.0,2.0,100000.0,1.0,4.0,6.0,2.0,950000.0,500000.0,1.0,250000.0,110000.0,1.0,67702.8,154615.0,746.0
8,5.0,1.0,4.0,2.0,4.0,1.0,31.0,20000.0,3.0,2.0,2.0,2.0,2.0,2.0,150000.0,1.0,4.0,6.0,2.0,1000000.0,500000.0,1.0,200000.0,100000.0,1.0,104190.83,216011.0,745.0
8,5.0,1.0,4.0,2.0,4.0,1.0,31.0,30000.0,4.0,2.0,2.0,2.0,2.0,2.0,0.0,2.0,4.0,6.0,2.0,1500000.0,650000.0,1.0,160000.0,150600.0,2.0,78982.9,272476.0,745.0
8,3.0,1.0,4.0,2.0,4.0,2.0,31.0,70000.0,4.0,2.0,2.0,1.0,2.0,2.0,100000.0,1.0,4.0,6.0,2.0,900000.0,350000.0,1.0,150000.0,100000.0,2.0,77759.7,41579.0,745.0
8,1.0,1.0,3.0,2.0,4.0,2.0,31.0,68000.0,4.0,2.0,2.0,2.0,1.0,2.0,50000.0,1.0,4.0,3.0,2.0,500000.0,260000.0,1.0,100000.0,142100.0,3.0,64903.15,72964.0,749.0
8,6.0,1.0,3.0,2.0,4.0,2.0,31.0,70000.0,3.0,2.0,2.0,2.0,1.0,2.0,0.0,2.0,4.0,3.0,2.0,800000.0,500000.0,1.0,150000.0,82800.0,3.0,84167.6,128283.0,749.0
8,5.0,1.0,3.0,2.0,4.0,1.0,31.0,100000.0,4.0,2.0,2.0,2.0,1.0,2.0,300000.0,1.0,4.0,3.0,2.0,1500000.0,800000.0,1.0,250000.0,88000.0,2.0,143556.28,248285.0,744.0
8,4.0,1.0,3.0,1.0,2.0,1.0,31.0,95000.0,3.0,2.0,2.0,2.0,2.0,2.0,60000.0,1.0,4.0,6.0,2.0,900000.0,500000.0,1.0,180000.0,120000.0,2.0,134854.5,189098.0,743.0
8,3.0,1.0,2.0,1.0,4.0,1.0,31.0,78000.0,4.0,2.0,2.0,2.0,2.0,2.0,150000.0,1.0,1.0,1.0,2.0,800000.0,350000.0,1.0,150000.0,62500.0,2.0,101745.4,107157.0,742.0
8,4.0,1.0,4.0,2.0,4.0,1.0,31.0,28000.0,4.0,2.0,2.0,2.0,2.0,2.0,200000.0,1.0,4.0,6.0,2.0,1600000.0,900000.0,1.0,260000.0,168500.0,2.0,63413.3,44358.0,747.0
8,1.0,1.0,2.0,2.0,4.0,2.0,31.0,66000.0,3.0,2.0,2.0,2.0,2.0,2.0,60000.0,1.0,4.0,6.0,2.0,800000.0,400000.0,1.0,140000.0,242600.0,2.0,79539.2,99097.0,748.0
8,2.0,1.0,3.0,1.0,4.0,1.0,31.0,120000.0,3.0,2.0,2.0,2.0,2.0,2.0,200000.0,1.0,4.0,6.0,2.0,1000000.0,500000.0,1.0,200000.0,158000.0,2.0,115041.95,122382.0,1440745.0
8,3.0,1.0,2.0,1.0,4.0,1.0,31.0,88000.0,3.0,2.0,2.0,2.0,2.0,2.0,100000.0,1.0,4.0,6.0,2.0,1000000.0,480000.0,1.0,180000.0,156000.0,2.0,126607.15,100121.0,741.0
8,2.0,1.0,3.0,2.0,4.0,2.0,31.0,68000.0,4.0,2.0,2.0,2.0,1.0,2.0,0.0,2.0,1.0,1.0,2.0,650000.0,350000.0,1.0,150000.0,97600.0,3.0,135990.73,86965.0,752.0
8,1.0,1.0,5.0,2.0,4.0,2.0,31.0,80000.0,3.0,3.0,2.0,2.0,2.0,2.0,0.0,2.0,4.0,3.0,2.0,800000.0,400000.0,1.0,50000.0,90000.0,1.0,60733.5,151619.0,755.0
8,1.0,1.0,4.0,2.0,4.0,2.0,31.0,95556.33333333331,3.0,3.0,2.0,2.0,1.0,2.0,0.0,2.0,4.0,6.0,2.0,800000.0,600000.0,1.0,400000.0,10000.0,1.0,41345.1,85575.0,757.0
8,6.0,1.0,3.0,1.0,4.0,2.0,31.0,120000.0,3.0,2.0,2.0,2.0,2.0,2.0,0.0,2.0,4.0,1.0,2.0,2000000.0,1700000.0,1.0,500000.0,160000.0,2.0,117027.05,166506.0,749.0
8,2.0,1.0,5.0,2.0,4.0,2.0,31.0,90000.0,3.0,3.0,2.0,2.0,1.0,2.0,0.0,2.0,4.0,6.0,2.0,800000.0,450000.0,1.0,50000.0,83000.0,2.0,59643.8,77435.0,751.0
8,5.0,3.0,2.0,2.0,4.0,2.0,31.0,160000.0,4.0,3.0,2.0,2.0,1.0,2.0,0.0,2.0,1.0,6.0,2.0,1300000.0,700000.0,1.0,100000.0,38500.0,2.0,56675.5,55458.5,753.0
8,1.0,1.0,4.0,2.0,4.0,2.0,31.0,56555.555555555555,4.0,3.0,2.0,2.0,1.0,2.0,0.0,2.0,4.0,6.0,2.0,500000.0,300000.0,1.0,200000.0,30000.0,1.0,23808.75,66131.0,756.0
8,6.0,1.0,3.0,1.0,4.0,2.0,31.0,100000.0,3.0,3.0,2.0,2.0,2.0,2.0,0.0,2.0,1.0,1.0,2.0,1000000.0,600000.0,1.0,300000.0,135000.0,3.0,127470.8,168842.0,752.0
8,4.0,1.0,4.0,2.0,4.0,1.0,31.0,290000.0,2.0,3.0,2.0,2.0,2.0,2.0,0.0,2.0,4.0,6.0,2.0,1300000.0,420000.0,1.0,100000.0,130000.0,2.0,127110.7,235663.0,750.0
8,3.0,1.0,4.0,1.0,4.0,1.0,31.0,110000.0,3.0,1.0,2.0,2.0,2.0,2.0,0.0,2.0,4.0,2.0,2.0,1300000.0,850000.0,1.0,100000.0,85000.0,2.0,72596.1,182375.0,500752.0
8,4.0,1.0,3.0,1.0,4.0,1.0,31.0,100000.0,3.0,2.0,2.0,2.0,2.0,2.0,0.0,2.0,4.0,6.0,2.0,2000000.0,1000000.0,1.0,250000.0,700000.0,4.0,174563.1,135901.0,743.0
8,8.0,1.0,6.0,1.0,4.0,1.0,31.0,150000.0,4.0,2.0,2.0,2.0,2.0,2.0,250000.0,1.0,4.0,6.0,2.0,1000000.0,800000.0,1.0,250000.0,500000.0,4.0,206758.858,372401.0,749.0
8,5.0,1.0,3.0,2.0,4.0,2.0,31.0,120000.0,4.0,3.0,2.0,2.0,2.0,2.0,20000.0,2.0,1.0,1.0,2.0,1000000.0,800000.0,1.0,100000.0,200000.0,4.0,193769.72,190048.0,749.0
8,1.0,1.0,4.0,1.0,4.0,2.0,31.0,100000.0,3.0,3.0,2.0,2.0,2.0,2.0,0.0,2.0,4.0,6.0,2.0,500000.0,400000.0,1.0,43000.0,50000.0,1.0,93913.5,120772.0,747.0
8,7.0,1.0,4.0,1.0,4.0,1.0,31.0,120000.0,3.0,3.0,2.0,2.0,2.0,2.0,460000.0,1.0,4.0,6.0,2.0,1000000.0,800000.0,1.0,200000.0,427000.0,4.0,221003.26,337913.0,560750.0
8,3.0,1.0,5.0,1.0,4.0,1.0,31.0,150000.0,3.0,2.0,2.0,2.0,2.0,2.0,0.0,2.0,4.0,6.0,2.0,1000000.0,500000.0,1.0,200000.0,298000.0,4.0,149691.38,268300.0,743.0
8,5.0,3.0,4.0,2.0,4.0,1.0,31.0,120000.0,3.0,3.0,2.0,2.0,1.0,2.0,0.0,2.0,4.0,6.0,2.0,1500000.0,900000.0,1.0,200000.0,227000.0,3.0,186347.96,320536.0,749.0
8,2.0,1.0,4.0,2.0,4.0,2.0,31.0,150000.0,3.0,2.0,2.0,2.0,2.0,2.0,0.0,2.0,4.0,6.0,2.0,900000.0,400000.0,1.0,100000.0,188000.0,2.0,132296.9,205530.0,746.0
8,5.0,1.0,5.0,1.0,4.0,1.0,31.0,120000.0,3.0,3.0,2.0,2.0,2.0,2.0,1000000.0,1.0,4.0,6.0,2.0,1000000.0,600000.0,1.0,200000.0,287000.0,3.0,140884.23,288200.0,744.0
8,3.0,1.0,2.0,1.0,4.0,2.0,31.0,90000.0,3.0,2.0,2.0,2.0,1.0,2.0,20000.0,1.0,4.0,6.0,2.0,10000.0,2000.0,1.0,85000.0,85000.0,2.0,120808.01,106466.0,746.0
8,4.0,1.0,3.0,1.0,4.0,2.0,31.0,80000.0,3.0,3.0,2.0,2.0,1.0,2.0,0.0,2.0,4.0,6.0,2.0,10000.0,3000.0,1.0,120000.0,120000.0,1.0,136899.1,259334.0,745.0
8,4.0,1.0,3.0,1.0,4.0,2.0,31.0,110000.0,3.0,3.0,2.0,2.0,1.0,2.0,300000.0,1.0,4.0,6.0,2.0,0.0,0.0,1.0,135000.0,135000.0,1.0,108095.5,202423.0,744.0
8,3.0,3.0,3.0,1.0,4.0,2.0,31.0,60000.0,3.0,3.0,2.0,2.0,2.0,2.0,0.0,2.0,4.0,6.0,2.0,0.0,0.0,1.0,195000.0,495000.0,3.0,162948.04,172416.0,745.0
8,3.0,1.0,5.0,1.0,4.0,2.0,31.0,90000.0,2.0,1.0,2.0,1.0,1.0,2.0,40000.0,1.0,4.0,4.0,2.0,10000.0,5000.0,1.0,150000.0,95000.0,2.0,150682.57,329095.0,4808548.0
8,2.0,1.0,3.0,1.0,4.0,2.0,31.0,100000.0,2.0,2.0,2.0,2.0,1.0,2.0,0.0,2.0,4.0,4.0,2.0,0.0,0.0,2.0,87600.0,12000.0,1.0,118945.87,131005.0,741.0
8,3.0,1.0,3.0,1.0,2.0,2.0,31.0,110000.0,2.0,1.0,2.0,1.0,1.0,2.0,30000.0,1.0,4.0,5.0,2.0,0.0,500000.0,1.0,130000.0,139000.0,2.0,125821.71,121062.0,500743.0
8,3.0,3.0,3.0,2.0,4.0,2.0,31.0,80000.0,3.0,3.0,2.0,2.0,1.0,2.0,0.0,2.0,4.0,6.0,2.0,0.0,0.0,1.0,125000.0,125000.0,1.0,143963.18,198192.0,747.0
8,4.0,1.0,3.0,1.0,4.0,2.0,31.0,150000.0,3.0,2.0,2.0,2.0,2.0,2.0,200000.0,1.0,4.0,6.0,2.0,0.0,0.0,1.0,157000.0,157000.0,2.0,101685.06,138644.0,744.0
8,2.0,1.0,2.0,1.0,4.0,2.0,31.0,120000.0,3.0,2.0,2.0,1.0,1.0,2.0,0.0,2.0,4.0,6.0,2.0,0.0,0.0,1.0,100000.0,100000.0,1.0,124106.2,149667.0,748.0
8,3.0,1.0,3.0,2.0,4.0,1.0,31.0,140000.0,3.0,2.0,2.0,2.0,2.0,2.0,1000000.0,1.0,4.0,6.0,2.0,0.0,0.0,1.0,150000.0,179500.0,3.0,173509.31,188364.0,2200748.0
8,5.0,1.0,3.0,1.0,4.0,1.0,31.0,150000.0,3.0,2.0,2.0,2.0,2.0,2.0,300000.0,1.0,4.0,6.0,2.0,0.0,0.0,1.0,250000.0,269000.0,3.0,167312.8,416397.0,745.0
8,4.0,1.0,2.0,1.0,4.0,2.0,31.0,140000.0,3.0,2.0,2.0,2.0,2.0,2.0,500000.0,1.0,4.0,6.0,2.0,0.0,0.0,1.0,200000.0,130000.0,1.0,124174.18,237671.0,745.0
8,1.0,1.0,2.0,2.0,4.0,2.0,31.0,58000.0,3.0,2.0,2.0,2.0,1.0,2.0,0.0,2.0,4.0,6.0,2.0,0.0,0.0,1.0,50000.0,54500.0,1.0,94398.0,93241.0,752.0
8,2.0,1.0,2.0,2.0,4.0,2.0,31.0,100000.0,3.0,2.0,2.0,2.0,2.0,2.0,0.0,2.0,4.0,6.0,2.0,0.0,0.0,1.0,100000.0,89700.0,2.0,168230.3,143277.0,748.0
8,3.0,1.0,2.0,1.0,4.0,2.0,31.0,85000.0,3.0,2.0,2.0,2.0,2.0,2.0,0.0,2.0,4.0,6.0,2.0,0.0,0.0,1.0,200000.0,202500.0,3.0,118755.68,253597.0,744.0
8,2.0,1.0,2.0,1.0,4.0,1.0,31.0,100000.0,3.0,3.0,2.0,2.0,2.0,2.0,0.0,2.0,4.0,6.0,2.0,0.0,2000.0,1.0,200000.0,225000.0,2.0,182077.13,263032.0,745.0
8,1.0,1.0,3.0,2.0,4.0,2.0,31.0,80000.0,3.0,2.0,2.0,2.0,2.0,2.0,0.0,2.0,4.0,6.0,2.0,0.0,1000.0,1.0,70000.0,292500.0,2.0,115349.49,172925.0,749.0
8,5.0,1.0,3.0,1.0,4.0,2.0,31.0,100000.0,3.0,3.0,2.0,2.0,2.0,2.0,600000.0,1.0,4.0,6.0,2.0,0.0,0.0,1.2222222222222223,302858.8888888889,216000.0,4.0,83455.95,182371.0,748.0
8,5.0,1.0,4.0,1.0,4.0,1.0,31.0,140000.0,2.0,3.0,2.0,2.0,2.0,2.0,0.0,2.0,4.0,6.0,2.0,0.0,0.0,1.0,262222.22222222225,287000.0,2.0,175522.3,184128.0,744.0
8,5.0,1.0,4.0,1.0,4.0,2.0,31.0,80000.0,3.0,3.0,2.0,2.0,2.0,2.0,250000.0,1.0,4.0,2.0,2.0,1000000.0,800000.0,1.0,600000.0,350000.0,2.0,87654.0,137848.0,749.0
8,4.0,1.0,3.0,1.0,4.0,1.0,31.0,7.0,3.0,3.0,2.0,2.0,2.0,2.0,1580000.0,1.0,4.0,3.0,2.0,2000000.0,1500000.0,1.0,1000000.0,249000.0,3.0,59257.15,118762.0,751.0
8,3.0,2.0,4.0,1.0,4.0,1.0,31.0,100000.0,3.0,3.0,2.0,2.0,2.0,2.0,0.0,2.0,4.0,6.0,2.0,0.0,0.0,1.0,231111.11111111112,356000.0,4.0,94282.3,136977.0,748.0
8,3.0,1.0,4.0,2.0,4.0,2.0,31.0,80000.0,3.0,3.0,2.0,2.0,2.0,2.0,400000.0,1.0,4.0,6.0,2.0,1500000.0,1000000.0,1.0,800000.0,149000.0,2.0,74058.1,126920.0,751.0
8,1.0,1.0,4.0,2.0,4.0,2.0,31.0,7.0,3.0,3.0,2.0,2.0,1.0,2.0,0.0,2.0,4.0,6.0,2.0,0.0,0.0,1.2222222222222223,87501.33333333333,85000.0,2.0,49292.95,39543.0,752.0
8,3.0,5.0,3.0,2.0,4.0,2.0,31.0,7.0,4.0,3.0,2.0,2.0,2.0,2.0,3400000.0,1.0,4.0,3.0,2.0,2000.0,1500.0,3.0,479780.0,187000.0,2.0,55385.7,13845.0,751.0
8,6.0,1.0,4.0,2.0,4.0,1.0,31.0,130000.0,3.0,3.0,2.0,2.0,2.0,2.0,400000.0,1.0,4.0,3.0,2.0,2000000.0,1500000.0,1.0,1000000.0,142000.0,3.0,98232.6,163100.0,749.0
8,7.0,1.0,5.0,1.0,4.0,1.0,31.0,100000.0,3.0,3.0,2.0,2.0,2.0,2.0,150000.0,1.0,4.0,5.0,2.0,3500000.0,3000000.0,1.0,2600000.0,381000.0,5.0,108579.95,504660.0,743.0
8,7.0,1.0,4.0,2.0,4.0,1.0,31.0,102000.0,3.0,3.0,2.0,2.0,2.0,2.0,0.0,2.0,4.0,6.0,2.0,6500000.0,5000000.0,1.0,4000000.0,240000.0,2.0,109494.7,438478.0,11747.0
8,7.0,1.0,5.0,1.0,4.0,1.0,31.0,108000.0,3.0,2.0,2.0,2.0,2.0,2.0,450000.0,1.0,4.0,5.0,2.0,5000000.0,4500000.0,1.0,4000000.0,291000.0,3.0,117777.55,614581.0,6747.0
8,7.0,1.0,4.0,1.0,4.0,1.0,31.0,88000.0,3.0,3.0,2.0,2.0,1.0,2.0,0.0,2.0,4.0,5.0,2.0,3500000.0,3000000.0,1.0,2800000.0,80200.0,2.0,76741.1,353543.0,744.0
8,6.0,1.0,5.0,1.0,4.0,1.0,31.0,90000.0,3.0,3.0,2.0,2.0,1.0,2.0,350000.0,1.0,4.0,5.0,2.0,600000.0,500000.0,1.0,400000.0,180150.0,3.0,117987.7,490567.0,745.0
8,7.0,1.0,5.0,2.0,4.0,1.0,31.0,100000.0,3.0,3.0,2.0,2.0,2.0,2.0,300000.0,1.0,4.0,6.0,2.0,8000000.0,6000000.0,1.0,4000000.0,220000.0,1.0,109342.85,331759.0,748.0
8,4.0,1.0,4.0,1.0,4.0,1.0,31.0,86000.0,3.0,2.0,2.0,2.0,1.0,2.0,0.0,2.0,4.0,4.0,2.0,450000.0,400000.0,1.0,300000.0,391350.0,5.0,81548.55,449119.0,744.0
8,6.0,1.0,4.0,1.0,4.0,1.0,31.0,109000.0,3.0,2.0,2.0,2.0,2.0,2.0,200000.0,1.0,4.0,6.0,2.0,7500000.0,6000000.0,1.0,4000000.0,180000.0,2.0,126653.65,468568.0,8747.0
8,1.0,1.0,4.0,1.0,4.0,2.0,31.0,60000.0,3.0,3.0,2.0,2.0,1.0,2.0,80000.0,1.0,4.0,6.0,2.0,3500000.0,2500000.0,1.0,1800000.0,60100.0,2.0,123241.75,177484.0,746.0
8,1.0,5.0,1.0,2.0,4.0,2.0,31.0,76111.88888888889,2.0,3.0,2.0,2.0,1.0,2.0,0.0,2.0,4.0,4.0,2.0,0.0,800000.0,1.0,100000.0,76000.0,1.0,50265.5,54107.0,752.0
8,3.0,1.0,1.0,2.0,4.0,2.0,31.0,50000.0,3.0,3.0,2.0,2.0,2.0,2.0,0.0,2.0,4.0,3.0,2.0,0.0,1000000.0,1.0,232000.0,140000.0,3.0,97081.8,133485.0,751.0
8,1.0,1.0,1.0,1.0,4.0,2.0,31.0,50000.0,2.0,2.0,2.0,2.0,2.0,2.0,0.0,2.0,4.0,6.0,2.0,0.0,1000000.0,1.0,150000.0,320000.0,1.0,94899.5,187808.0,748.0
8,4.0,3.0,2.0,2.0,4.0,1.0,31.0,150000.0,3.0,3.0,2.0,2.0,1.0,2.0,0.0,2.0,4.0,6.0,2.0,0.0,700000.0,1.0,150000.0,180000.0,1.0,104768.8,191236.0,750.0
8,1.0,1.0,1.0,2.0,4.0,2.0,31.0,50000.0,3.0,3.0,2.0,2.0,1.0,2.0,0.0,2.0,4.0,6.0,2.0,0.0,0.0,1.0,93333.33333333331,50000.0,1.0,45146.8,45617.0,753.0
8,1.0,1.0,1.0,2.0,4.0,2.0,31.0,46112.666666666664,3.0,3.0,2.0,2.0,1.0,2.0,0.0,2.0,4.0,6.0,2.0,0.0,0.0,1.0,105555.55555555556,42000.0,1.0,58499.6,72989.0,755.0
8,5.0,1.0,3.0,1.0,4.0,1.0,31.0,90000.0,3.0,2.0,2.0,2.0,2.0,2.0,0.0,2.0,4.0,6.0,2.0,0.0,0.0,1.2222222222222223,242681.94444444444,223000.0,3.0,116250.5,217704.0,746.0
8,5.0,1.0,3.0,1.0,4.0,1.0,31.0,150000.0,1.0,1.0,2.0,2.0,2.0,2.0,0.0,2.0,4.0,6.0,2.0,0.0,0.0,1.0,200000.0,270000.0,2.0,137910.25,386307.0,745.0
8,2.0,1.0,1.0,1.0,4.0,2.0,31.0,50000.0,2.0,2.0,2.0,2.0,2.0,2.0,100000.0,1.0,4.0,6.0,2.0,0.0,0.0,1.2222222222222223,321438.8888888889,100000.0,2.0,76877.0,115097.0,748.0
8,3.0,1.0,2.0,1.0,4.0,2.0,31.0,80000.0,3.0,2.0,2.0,2.0,2.0,2.0,0.0,2.0,4.0,5.0,2.0,0.0,500000.0,1.0,250000.0,81500.0,2.0,106700.6,159322.0,756.0
8,5.0,1.0,2.0,1.0,4.0,2.0,31.0,130000.0,2.0,2.0,2.0,2.0,2.0,2.0,0.0,2.0,4.0,4.0,2.0,0.0,700000.0,1.0,400000.0,245000.0,3.0,216583.78,83790.0,748.0
8,5.0,1.0,2.0,1.0,4.0,2.0,31.0,120000.0,3.0,1.0,2.0,2.0,2.0,2.0,400000.0,1.0,4.0,4.0,2.0,0.0,600000.0,1.0,350000.0,150000.0,3.0,248261.6,352784.0,747.0
8,3.0,1.0,2.0,2.0,4.0,2.0,31.0,60000.0,3.0,3.0,2.0,2.0,2.0,2.0,300000.0,1.0,4.0,4.0,2.0,0.0,400000.0,1.0,200000.0,92000.0,2.0,124892.3,176857.0,752.0
8,2.0,1.0,3.0,1.0,4.0,2.0,31.0,60000.0,3.0,3.0,2.0,2.0,2.0,2.0,10000.0,1.0,4.0,6.0,2.0,0.0,400000.0,1.0,200000.0,77000.0,2.0,78465.85,133026.0,752.0
8,4.0,1.0,2.0,1.0,4.0,1.0,31.0,100000.0,2.0,3.0,2.0,2.0,2.0,2.0,0.0,2.0,4.0,4.0,2.0,0.0,1000000.0,1.0,500000.0,100000.0,1.0,160031.85,161866.0,749.0
8,7.0,1.0,3.0,1.0,4.0,1.0,31.0,150000.0,3.0,2.0,2.0,2.0,1.0,2.0,0.0,2.0,4.0,6.0,2.0,0.0,1000000.0,1.0,500000.0,286000.0,4.0,197254.8,393800.0,749.0
8,2.0,1.0,3.0,1.0,4.0,2.0,31.0,40000.0,3.0,3.0,2.0,2.0,1.0,2.0,250000.0,1.0,4.0,6.0,2.0,0.0,250000.0,1.0,150000.0,40050.0,2.0,80203.45,46030.0,750.0
8,4.0,1.0,3.0,1.0,4.0,2.0,31.0,60000.0,3.0,2.0,2.0,2.0,1.0,2.0,0.0,2.0,4.0,6.0,2.0,0.0,300000.0,1.0,60000.0,80100.0,3.0,157033.75,181141.0,749.0
8,1.0,1.0,2.0,2.0,4.0,2.0,31.0,100000.0,3.0,3.0,2.0,2.0,1.0,2.0,0.0,2.0,4.0,1.0,2.0,300000.0,200000.0,1.0,100000.0,42000.0,1.0,49245.3,23369.0,757.0
8,4.0,1.0,3.0,1.0,4.0,1.0,31.0,150000.0,3.0,2.0,2.0,2.0,1.0,2.0,0.0,2.0,4.0,1.0,2.0,8000000.0,1000000.0,1.0,300000.0,150000.0,1.0,52407.6,108717.0,750.0
8,4.0,1.0,4.0,1.0,4.0,1.0,31.0,120000.0,3.0,3.0,2.0,2.0,2.0,2.0,0.0,2.0,4.0,1.0,2.0,600000.0,400000.0,1.0,300000.0,115000.0,2.0,77442.0,183264.0,744.0
8,1.0,1.0,2.0,2.0,4.0,2.0,31.0,80000.0,4.0,3.0,2.0,2.0,2.0,2.0,0.0,2.0,4.0,3.0,2.0,400000.0,200000.0,1.0,150000.0,115000.0,2.0,27141.0,32732.0,756.0
8,4.0,1.0,3.0,2.0,4.0,2.0,31.0,120000.0,3.0,3.0,2.0,2.0,2.0,2.0,0.0,2.0,1.0,1.0,2.0,800000.0,500000.0,1.0,300000.0,78000.0,2.0,66654.4,228234.0,754.0
8,6.0,1.0,4.0,1.0,4.0,1.0,31.0,150000.0,3.0,3.0,2.0,2.0,2.0,2.0,0.0,2.0,4.0,1.0,2.0,1000000.0,700000.0,1.0,300000.0,280000.0,2.0,101551.0,382879.5,744.0
8,6.0,1.0,3.0,2.0,4.0,1.0,31.0,160000.0,3.0,2.0,2.0,2.0,2.0,2.0,0.0,2.0,4.0,1.0,2.0,1000000.0,700000.0,1.0,400000.0,150000.0,1.0,61858.3,136530.0,749.0
8,5.0,1.0,4.0,1.0,4.0,1.0,31.0,150000.0,3.0,3.0,2.0,2.0,2.0,2.0,0.0,2.0,4.0,1.0,2.0,1000000.0,700000.0,1.0,300000.0,520000.0,3.0,88188.0,317975.0,745.0
8,4.0,1.0,3.0,1.0,4.0,1.0,31.0,120000.0,3.0,3.0,2.0,2.0,1.0,2.0,0.0,2.0,4.0,1.0,2.0,700000.0,500000.0,1.0,400000.0,105000.0,2.0,95025.7,188213.0,747.0
8,1.0,1.0,2.0,2.0,4.0,2.0,26.555555555555557,50000.0,4.0,3.0,2.0,2.0,1.0,2.0,0.0,2.0,4.0,6.0,2.0,450000.0,200000.0,1.0,80000.0,50000.0,1.0,46121.0,46260.0,753.0
8,2.0,1.0,3.0,2.0,4.0,2.0,30.22222222222222,90000.0,4.0,3.0,2.0,2.0,1.0,2.0,0.0,2.0,4.0,4.0,2.0,1000000.0,500000.0,1.0,150000.0,69300.0,2.0,49073.0,59723.0,750.0
8,3.0,1.0,2.0,2.0,4.0,2.0,30.0,85000.0,4.0,3.0,2.0,2.0,1.0,2.0,60000.0,1.0,1.0,4.0,2.0,300000.0,200000.0,1.0,100000.0,31100.0,2.0,80432.2,192292.0,750.0
8,4.0,1.0,4.0,2.0,4.0,2.0,28.77777777777778,30000.0,3.0,2.0,2.0,2.0,1.0,2.0,0.0,2.0,4.0,4.0,2.0,400000.0,250000.0,1.0,100000.0,40200.0,2.0,96959.3,161537.0,749.0
8,3.0,1.0,3.0,2.0,4.0,2.0,30.22222222222222,85000.0,3.0,2.0,2.0,2.0,1.0,2.0,0.0,2.0,1.0,3.0,2.0,2500000.0,250000.0,1.0,80000.0,71000.0,2.0,78613.6,148578.0,750.0
8,2.0,1.0,3.0,2.0,4.0,2.0,30.444444444444443,100000.0,2.0,2.0,2.0,2.0,1.0,2.0,0.0,2.0,4.0,6.0,2.0,2000000.0,300000.0,1.0,150000.0,83700.0,3.0,96131.85,52203.0,750.0
8,2.0,1.0,2.0,2.0,4.0,2.0,30.444444444444443,7.0,3.0,2.0,2.0,2.0,2.0,2.0,0.0,2.0,4.0,4.0,2.0,2000000.0,250000.0,1.0,100000.0,100800.0,2.0,61212.0,93403.0,748.0
8,5.0,1.0,4.0,1.0,4.0,1.0,29.333333333333332,120000.0,2.0,2.0,2.0,2.0,1.0,2.0,0.0,2.0,4.0,4.0,2.0,4500000.0,2500000.0,1.0,200000.0,160000.0,3.0,108640.8,190160.0,745.0
8,5.0,1.0,3.0,1.0,4.0,2.0,30.666666666666668,80000.0,3.0,2.0,2.0,2.0,1.0,2.0,150000.0,1.0,1.0,4.0,2.0,1500000.0,1000000.0,1.0,250000.0,234000.0,2.0,97120.3,231665.0,746.0
8,4.0,1.0,3.0,1.0,4.0,1.0,31.0,75000.0,2.0,2.0,2.0,2.0,2.0,2.0,0.0,2.0,4.0,5.0,2.0,1600000.0,400000.0,1.0,140000.0,150000.0,2.0,157157.8,123226.0,741.0
8,6.0,1.0,4.0,1.0,4.0,1.0,31.0,85000.0,2.0,2.0,2.0,2.0,2.0,2.0,0.0,2.0,4.0,4.0,2.0,2000000.0,1000000.0,1.0,300000.0,170000.0,3.0,100131.45,465299.0,743.0
8,5.0,1.0,5.0,1.0,4.0,1.0,31.0,90000.0,2.0,3.0,2.0,2.0,2.0,2.0,0.0,2.0,4.0,6.0,2.0,2000000.0,360000.0,1.0,160000.0,145000.0,3.0,133140.6,161430.0,740.0
8,4.0,1.0,2.0,1.0,4.0,2.0,31.0,60000.0,3.0,2.0,2.0,2.0,2.0,2.0,0.0,2.0,4.0,6.0,2.0,0.0,0.0,1.0,200000.0,145000.0,2.0,142527.0,70101.0,744.0
8,6.0,1.0,4.0,1.0,4.0,1.0,31.0,180000.0,3.0,3.0,2.0,2.0,2.0,2.0,0.0,2.0,4.0,4.0,2.0,1800000.0,1000000.0,1.0,280000.0,245000.0,5.0,123855.75,218568.0,743.0
8,3.0,1.0,3.0,1.0,4.0,1.0,31.0,60000.0,3.0,3.0,2.0,2.0,2.0,2.0,0.0,2.0,4.0,6.0,2.0,0.0,1000000.0,1.0,300000.0,295000.0,2.0,146662.0,308415.0,742.0
8,1.0,1.0,2.0,2.0,4.0,2.0,31.0,36000.0,3.0,3.0,2.0,2.0,1.0,2.0,0.0,2.0,4.0,6.0,2.0,0.0,0.0,1.0,50000.0,45000.0,2.0,98271.15,49334.0,748.0
8,1.0,1.0,3.0,1.0,4.0,2.0,31.0,48000.0,2.0,2.0,2.0,2.0,2.0,2.0,0.0,2.0,4.0,6.0,2.0,0.0,200000.0,1.0,80000.0,58000.0,2.0,83048.8,46584.0,746.0
8,2.0,1.0,3.0,1.0,4.0,2.0,31.0,60000.0,2.0,3.0,2.0,2.0,2.0,2.0,0.0,2.0,4.0,4.0,2.0,0.0,0.0,1.0,160000.0,65000.0,2.0,86899.09999999999,55241.0,747.0
8,3.0,1.0,3.0,2.0,4.0,2.0,30.0,100000.0,5.0,2.0,2.0,2.0,1.0,2.0,250000.0,1.0,4.0,5.0,2.0,800000.0,400000.0,1.0,200000.0,69000.0,3.0,89042.95,123743.0,400755.0
8,4.0,1.0,3.0,1.0,4.0,2.0,30.0,96000.0,4.0,3.0,2.0,1.0,1.0,2.0,290000.0,1.0,4.0,4.0,2.0,1000000.0,800000.0,1.0,400000.0,100200.0,2.0,113886.45,313568.0,960748.0
8,2.0,1.0,4.0,2.0,4.0,2.0,30.0,80000.0,4.0,2.0,2.0,1.0,1.0,2.0,40000.0,1.0,4.0,3.0,2.0,300000.0,200000.0,1.0,100000.0,89000.0,3.0,78681.4,103175.0,752.0
8,1.0,1.0,3.0,2.0,4.0,2.0,30.0,84000.0,4.0,2.0,2.0,1.0,1.0,2.0,50000.0,1.0,4.0,4.0,2.0,200000.0,150000.0,1.0,80000.0,46000.0,2.0,77884.95,100706.0,751.0
8,4.0,1.0,3.0,1.0,2.0,1.0,30.0,100000.0,4.0,2.0,2.0,1.0,1.0,2.0,554000.0,1.0,4.0,5.0,2.0,1000000.0,800000.0,1.0,350000.0,181000.0,3.0,96242.32,294329.0,308746.0
8,2.0,1.0,3.0,2.0,4.0,2.0,30.0,120000.0,5.0,3.0,2.0,1.0,2.0,2.0,150000.0,1.0,4.0,3.0,2.0,350000.0,250000.0,1.0,150000.0,101000.0,3.0,58276.03,249568.0,751.0
8,5.0,1.0,2.0,1.0,4.0,1.0,30.0,130000.0,3.0,2.0,2.0,2.0,1.0,2.0,300000.0,1.0,4.0,4.0,2.0,1000000.0,800000.0,1.0,400000.0,66000.0,3.0,91890.85,465151.0,745.0
8,7.0,1.0,3.0,1.0,4.0,2.0,30.0,150000.0,3.0,2.0,2.0,1.0,1.0,2.0,750000.0,1.0,1.0,3.0,2.0,1500000.0,1000000.0,1.0,450000.0,139500.0,5.0,88600.45,559687.0,560745.0
8,2.0,1.0,5.0,2.0,4.0,2.0,30.0,130000.0,3.0,2.0,2.0,1.0,2.0,2.0,100000.0,1.0,4.0,5.0,2.0,400000.0,250000.0,1.0,120000.0,130000.0,3.0,91023.4,218812.0,750.0
8,3.0,1.0,3.0,1.0,4.0,2.0,31.0,7.0,4.0,3.0,2.0,1.0,1.0,2.0,100000.0,1.0,1.0,2.0,2.0,0.0,500000.0,1.0,200000.0,93000.0,3.0,187394.05,91253.0,748.0
8,5.0,1.0,4.0,1.0,4.0,2.0,31.0,80000.0,4.0,3.0,2.0,1.0,1.0,2.0,100000.0,1.0,1.0,2.0,2.0,0.0,500000.0,1.0,300000.0,70000.0,3.0,205944.05,175507.0,748.0
8,4.0,4.0,4.0,2.0,2.0,2.0,31.0,120000.0,4.0,2.0,2.0,1.0,1.0,1.0,0.0,2.0,4.0,2.0,2.0,0.0,0.0,1.0,400000.0,230000.0,2.0,112097.75,278477.0,748.0
8,4.0,1.0,3.0,2.0,2.0,2.0,30.11111111111111,45000.0,5.0,2.0,2.0,1.0,1.0,2.0,20000.0,1.0,1.0,1.0,2.0,0.0,600000.0,1.0,300000.0,93000.0,4.0,142569.5,94909.0,752.0
8,6.0,1.0,4.0,1.0,4.0,2.0,28.666666666666668,200000.0,3.0,2.0,2.0,1.0,1.0,2.0,300000.0,1.0,1.0,1.0,2.0,0.0,0.0,1.0,400000.0,133000.0,5.0,301049.7,507790.0,745.0
8,4.0,1.0,3.0,1.0,4.0,1.0,31.0,130000.0,3.0,2.0,2.0,1.0,1.0,1.0,0.0,2.0,4.0,6.0,2.0,1000000.0,600000.0,1.0,300000.0,264000.0,5.0,202073.35,198290.0,743.0
8,6.0,1.0,3.0,1.0,2.0,1.0,31.0,180000.0,4.0,2.0,2.0,1.0,1.0,2.0,500000.0,1.0,4.0,2.0,2.0,0.0,1000000.0,1.0,500000.0,287000.0,3.0,215178.0,377316.0,743.0
8,5.0,5.0,4.0,1.0,2.0,2.0,31.0,100000.0,3.0,2.0,2.0,1.0,1.0,2.0,60000.0,1.0,1.0,2.0,2.0,1000000.0,600000.0,1.0,300000.0,103000.0,1.0,164934.6,206425.0,750.0
8,6.0,4.0,4.0,1.0,2.0,2.0,30.666666666666668,200000.0,3.0,3.0,2.0,1.0,1.0,2.0,7000000.0,1.0,4.0,2.0,2.0,0.0,600000.0,1.0,400000.0,273100.0,5.0,295268.8,313830.0,745.0
8,6.0,1.0,4.0,1.0,4.0,1.0,20.0,150000.0,3.0,3.0,2.0,2.0,2.0,2.0,0.0,2.0,4.0,2.0,2.0,500000.0,400000.0,1.0,200000.0,187000.0,4.0,574216.15,213583.0,745.0
8,3.0,1.0,3.0,1.0,4.0,2.0,30.0,100000.0,4.0,3.0,2.0,2.0,2.0,2.0,300000.0,1.0,4.0,6.0,2.0,0.0,0.0,1.0,200000.0,375000.0,2.0,110010.04,755064.0,748.0
8,4.0,5.0,2.0,1.0,3.0,2.0,30.0,100000.0,3.0,3.0,2.0,2.0,1.0,2.0,0.0,2.0,1.0,3.0,2.0,300000.0,250000.0,1.0,120000.0,39000.0,2.0,78756.9,63342.0,749.0
8,1.0,1.0,1.0,2.0,4.0,2.0,15.0,42000.0,3.0,3.0,2.0,2.0,2.0,2.0,0.0,2.0,4.0,6.0,2.0,150000.0,80000.0,1.0,42000.0,42000.0,1.0,115958.4,52213.0,753.0
8,1.0,1.0,3.0,1.0,2.0,2.0,30.0,130000.0,3.0,3.0,2.0,2.0,2.0,2.0,150000.0,1.0,1.0,3.0,2.0,0.0,200000.0,1.0,70000.0,51000.0,2.0,98120.7,109012.0,500750.0
8,2.0,1.0,4.0,2.0,4.0,2.0,20.0,60000.0,4.0,3.0,2.0,2.0,2.0,2.0,0.0,2.0,2.0,3.0,2.0,0.0,200000.0,1.0,120000.0,84000.0,2.0,155867.6,197411.0,753.0
8,2.0,1.0,3.0,2.0,4.0,2.0,20.0,50000.0,5.0,3.0,2.0,2.0,2.0,2.0,0.0,2.0,4.0,6.0,2.0,0.0,200000.0,1.0,82000.0,82000.0,2.0,94282.4,168134.0,749.0
8,2.0,1.0,1.0,2.0,3.0,2.0,15.0,60000.0,3.0,3.0,2.0,2.0,2.0,2.0,0.0,2.0,1.0,6.0,2.0,200000.0,150000.0,1.0,100000.0,98000.0,3.0,154046.0,200927.0,755.0
8,3.0,1.0,1.0,1.0,4.0,2.0,20.0,75000.0,3.0,2.0,2.0,2.0,1.0,2.0,0.0,2.0,4.0,1.0,2.0,500000.0,300000.0,1.0,200000.0,200.0,1.0,193176.3,155303.0,749.0
8,7.0,5.0,2.0,2.0,4.0,2.0,15.0,78000.0,4.0,3.0,2.0,2.0,2.0,2.0,300000.0,1.0,1.0,6.0,2.0,0.0,500000.0,1.0,150000.0,103500.0,2.0,194598.5,193535.0,755.0
8,2.0,1.0,3.0,2.0,4.0,2.0,15.0,240000.0,3.0,3.0,2.0,2.0,2.0,2.0,0.0,2.0,4.0,6.0,2.0,0.0,300000.0,1.0,150000.0,160000.0,2.0,262367.04,115896.0,751.0
8,4.0,1.0,4.0,1.0,4.0,2.0,15.0,48000.0,3.0,3.0,2.0,2.0,2.0,2.0,0.0,2.0,4.0,6.0,2.0,0.0,300000.0,1.0,150000.0,70200.0,2.0,158897.99,84851.0,748.0
8,1.0,1.0,3.0,2.0,4.0,2.0,15.0,120000.0,3.0,2.0,2.0,2.0,2.0,2.0,142000.0,1.0,4.0,6.0,2.0,0.0,0.0,1.0,70000.0,48000.0,1.0,208958.49,111431.0,750.0
8,6.0,1.0,3.0,1.0,4.0,2.0,15.0,7.0,3.0,3.0,2.0,2.0,1.0,2.0,300000.0,1.0,4.0,6.0,2.0,700000.0,500000.0,1.0,200000.0,74800.0,2.0,132468.84,109310.0,747.0
8,2.0,5.0,1.0,2.0,4.0,2.0,15.0,102000.0,4.0,3.0,2.0,2.0,2.0,2.0,0.0,2.0,1.0,5.0,2.0,500000.0,300000.0,1.0,150000.0,90900.0,3.0,153186.66,51407.0,753.0
8,4.0,1.0,3.0,1.0,4.0,1.0,15.0,75000.0,3.0,2.0,2.0,1.0,2.0,2.0,1000000.0,1.0,4.0,6.0,2.0,600000.0,300000.0,1.0,150000.0,100000.0,1.0,75305.08,94314.0,744.0
8,2.0,1.0,2.0,2.0,4.0,2.0,15.0,90000.0,3.0,3.0,2.0,2.0,2.0,2.0,0.0,2.0,4.0,6.0,2.0,0.0,200000.0,1.0,100000.0,67000.0,2.0,191901.44,89678.0,752.0
8,2.0,1.0,3.0,2.0,4.0,2.0,15.0,120000.0,5.0,3.0,2.0,2.0,2.0,2.0,300000.0,1.0,4.0,6.0,2.0,0.0,300000.0,1.0,100000.0,33800.0,1.0,119945.13,40646.0,753.0
8,5.0,1.0,2.0,2.0,4.0,2.0,28.555555555555557,7.0,5.0,3.0,2.0,2.0,1.0,2.0,60000.0,1.0,1.0,6.0,2.0,10000.0,500000.0,1.0,50000.0,44000.0,2.0,149974.4,136634.0,751.0
8,7.0,5.0,2.0,2.0,4.0,2.0,30.555555555555557,60000.0,5.0,3.0,2.0,2.0,2.0,2.0,60000.0,1.0,1.0,6.0,2.0,10000.0,5000.0,1.0,250000.0,75000.0,2.0,78476.25,84156.0,751.0
8,4.0,1.0,3.0,1.0,4.0,2.0,31.0,70000.0,4.0,3.0,2.0,2.0,1.0,2.0,0.0,2.0,4.0,6.0,2.0,10000.0,5000.0,1.0,70000.0,80000.0,2.0,111596.25,76586.0,747.0
8,4.0,1.0,1.0,2.0,4.0,2.0,29.88888888888889,80000.0,3.0,3.0,2.0,2.0,2.0,2.0,25000.0,1.0,1.0,6.0,2.0,5000.0,2500.0,1.0,150000.0,29000.0,1.0,98570.05,171951.0,748.0
8,6.0,1.0,3.0,1.0,4.0,2.0,30.22222222222222,85000.0,3.0,3.0,2.0,2.0,1.0,2.0,50000.0,1.0,4.0,5.0,2.0,10000.0,5000.0,1.0,100000.0,67000.0,2.0,88573.0,267193.0,744.0
8,4.0,1.0,5.0,1.0,4.0,2.0,30.0,70000.0,3.0,3.0,2.0,2.0,2.0,2.0,50000.0,1.0,4.0,5.0,2.0,5000.0,2500.0,1.0,200000.0,111000.0,3.0,131870.5,142074.0,743.0
8,1.0,1.0,2.0,2.0,4.0,2.0,29.333333333333332,50000.0,4.0,3.0,2.0,2.0,1.0,2.0,20000.0,1.0,4.0,6.0,2.0,0.0,150000.0,1.0,35000.0,35000.0,1.0,68938.88,30638.0,757.0
8,3.0,5.0,6.0,2.0,4.0,2.0,30.11111111111111,90000.0,4.0,3.0,2.0,2.0,1.0,2.0,20000.0,1.0,4.0,6.0,2.0,0.0,5000.0,1.0,150000.0,10000.0,1.0,338169.11,155183.0,751.0
8,6.0,1.0,4.0,1.0,4.0,2.0,30.333333333333332,100000.0,4.0,3.0,2.0,2.0,1.0,2.0,15000.0,1.0,4.0,6.0,2.0,5000.0,2500.0,1.0,100000.0,5000.0,1.0,140260.25,128768.0,745.0
8,6.0,1.0,4.0,1.0,4.0,1.0,31.0,250000.0,3.0,3.0,2.0,2.0,2.0,2.0,0.0,2.0,4.0,4.0,2.0,0.0,3000.0,1.8888888888888888,756128.4444444445,342000.0,4.0,251989.45,579845.0,737.0
8,2.0,1.0,1.0,1.0,4.0,2.0,31.0,100000.0,2.0,3.0,2.0,2.0,2.0,2.0,0.0,2.0,4.0,6.0,2.0,0.0,400000.0,1.0,183333.33333333337,150000.0,1.0,142381.45,70092.0,743.0
8,5.0,5.0,4.0,1.0,4.0,2.0,31.0,200000.0,3.0,3.0,2.0,2.0,1.0,2.0,0.0,2.0,4.0,4.0,2.0,0.0,400000.0,1.0,205555.55555555556,221000.0,3.0,110309.9,161109.0,741.0
8,4.0,1.0,4.0,1.0,4.0,1.0,31.0,200000.0,2.0,3.0,2.0,2.0,2.0,2.0,0.0,2.0,4.0,4.0,2.0,0.0,400000.0,1.0,177777.77777777778,220000.0,2.0,189740.45,361371.0,739.0
8,3.0,1.0,4.0,1.0,4.0,2.0,31.0,200000.0,3.0,3.0,2.0,2.0,2.0,2.0,0.0,2.0,4.0,5.0,2.0,3000.0,250000.0,1.0,110555.55555555556,130000.0,1.0,159194.6,44638.0,742.0
8,5.0,1.0,4.0,1.0,4.0,2.0,31.0,180000.0,3.0,3.0,2.0,2.0,1.0,2.0,500000.0,1.0,4.0,5.0,2.0,0.0,300000.0,1.0,130000.0,144000.0,3.0,135231.25,284236.0,743.0
8,4.0,1.0,4.0,2.0,4.0,2.0,31.0,100000.0,3.0,3.0,2.0,2.0,1.0,2.0,0.0,2.0,1.0,6.0,2.0,0.0,2000.0,1.0,145555.55555555556,42000.0,2.0,154490.5,43185.0,746.0
8,3.0,1.0,1.0,1.0,2.0,2.0,31.0,100000.0,3.0,3.0,2.0,2.0,2.0,2.0,200000.0,1.0,4.0,4.0,2.0,0.0,400000.0,1.0,175555.55555555556,146000.0,2.0,135612.3,93419.0,744.0
8,3.0,1.0,2.0,1.0,4.0,2.0,31.0,100000.0,2.0,3.0,2.0,2.0,2.0,2.0,0.0,2.0,4.0,4.0,2.0,2000.0,250000.0,1.0,112222.22222222222,150000.0,1.0,173586.45,38346.0,742.0
8,6.0,1.0,4.0,1.0,4.0,1.0,31.0,250000.0,3.0,2.0,2.0,2.0,2.0,2.0,0.0,2.0,4.0,6.0,2.0,0.0,600000.0,1.0,400000.0,104000.0,2.0,317160.085,425823.0,743.0
8,3.0,1.0,4.0,1.0,4.0,1.0,31.0,200000.0,2.0,3.0,2.0,2.0,2.0,2.0,1000000.0,1.0,4.0,2.0,2.0,0.0,0.0,1.2222222222222223,336683.3333333333,266000.0,3.0,160879.65,304967.0,746.0
8,2.0,1.0,1.0,2.0,4.0,2.0,31.0,50000.0,4.0,3.0,2.0,2.0,2.0,2.0,0.0,2.0,1.0,1.0,2.0,0.0,0.0,1.0,110000.0,80000.0,3.0,70101.9,105620.0,756.0
8,7.0,1.0,3.0,1.0,4.0,1.0,31.0,200000.0,3.0,3.0,2.0,2.0,2.0,2.0,0.0,2.0,4.0,1.0,2.0,0.0,0.0,1.0,300000.0,1120000.0,3.0,173242.2,334713.0,744.0
8,1.0,1.0,1.0,2.0,4.0,2.0,31.0,50000.0,4.0,3.0,2.0,2.0,2.0,2.0,0.0,2.0,4.0,6.0,2.0,0.0,0.0,1.0,150000.0,49000.0,1.0,104859.05,119355.0,754.0
8,2.0,1.0,2.0,1.0,4.0,1.0,31.0,90000.0,3.0,3.0,2.0,2.0,2.0,2.0,0.0,2.0,4.0,1.0,2.0,0.0,0.0,1.0,180000.0,185000.0,3.0,161691.5,239667.0,747.0
8,4.0,3.0,2.0,2.0,4.0,2.0,31.0,50000.0,3.0,3.0,2.0,2.0,1.0,2.0,0.0,2.0,1.0,1.0,2.0,0.0,0.0,1.0,150000.0,81000.0,2.0,160216.68,251704.0,754.0
8,4.0,1.0,1.0,2.0,4.0,2.0,31.0,80000.0,3.0,3.0,2.0,2.0,1.0,2.0,0.0,2.0,1.0,1.0,2.0,0.0,0.0,1.2222222222222223,259214.44444444444,37000.0,2.0,219549.425,386424.0,751.0
8,2.0,1.0,3.0,1.0,4.0,2.0,31.0,70000.0,3.0,3.0,2.0,2.0,1.0,2.0,0.0,2.0,4.0,6.0,2.0,3000000.0,500000.0,1.0,200000.0,56000.0,2.0,74181.5,266275.0,746.0
8,2.0,5.0,4.0,2.0,4.0,2.0,31.0,110000.0,2.0,3.0,2.0,2.0,2.0,2.0,0.0,2.0,4.0,6.0,2.0,500000.0,250000.0,1.0,50000.0,70000.0,2.0,206545.53,171406.0,752.0
8,7.0,1.0,4.0,1.0,4.0,1.0,31.0,7.0,3.0,2.0,2.0,2.0,2.0,2.0,1000000.0,2.0,4.0,6.0,2.0,0.0,550000.0,1.0,150000.0,221500.0,2.0,233390.05,741267.0,753.0
8,6.0,1.0,4.0,2.0,4.0,1.0,31.0,150000.0,3.0,3.0,2.0,2.0,2.0,2.0,2500000.0,1.0,4.0,1.0,2.0,0.0,500000.0,1.0,150000.0,360000.0,3.0,240901.95,436148.0,1202701.0
8,6.0,1.0,7.0,2.0,4.0,2.0,31.0,7.0,4.0,3.0,2.0,2.0,2.0,2.0,300000.0,1.0,4.0,6.0,2.0,0.0,400000.0,1.0,100000.0,155000.0,3.0,166475.5,232960.0,750.0
8,6.0,1.0,4.0,2.0,2.0,1.0,31.0,7.0,4.0,3.0,1.0,2.0,2.0,2.0,1150000.0,1.0,4.0,6.0,2.0,0.0,600000.0,1.0,150000.0,196000.0,4.0,269789.95,755323.0,750.0
8,4.0,1.0,5.0,2.0,4.0,2.0,31.0,7.0,3.0,3.0,2.0,2.0,2.0,2.0,4750000.0,1.0,4.0,4.0,2.0,1000000.0,350000.0,1.0,100000.0,139000.0,3.0,198836.65,164446.0,753.0
8,4.0,1.0,3.0,1.0,4.0,2.0,31.0,7.0,4.0,3.0,2.0,2.0,2.0,2.0,470000.0,1.0,4.0,1.0,2.0,0.0,500000.0,1.0,100000.0,100000.0,1.0,221239.25,257053.0,747.0
8,10.0,1.0,5.0,2.0,4.0,1.0,31.0,7.0,4.0,3.0,2.0,2.0,2.0,2.0,2000000.0,1.0,4.0,6.0,2.0,0.0,700000.0,1.0,200000.0,185600.0,5.0,235233.8,582036.0,749.0
8,2.0,1.0,4.0,2.0,4.0,2.0,31.0,7.0,3.0,3.0,2.0,2.0,2.0,2.0,0.0,2.0,4.0,6.0,2.0,0.0,150000.0,1.0,60000.0,87000.0,3.0,140176.6,73286.0,755.0
8,6.0,1.0,3.0,2.0,4.0,2.0,31.0,80000.0,2.0,2.0,2.0,2.0,2.0,2.0,0.0,2.0,1.0,6.0,2.0,0.0,0.0,3.0,719670.0,167000.0,4.0,268293.9,194905.0,748.0
8,6.0,2.0,4.0,1.0,4.0,2.0,31.0,100000.0,3.0,3.0,2.0,2.0,2.0,2.0,0.0,2.0,4.0,6.0,2.0,0.0,0.0,1.4444444444444444,310245.6666666667,120000.0,2.0,233414.18,71575.0,747.0
8,2.0,1.0,4.0,2.0,4.0,2.0,31.0,60000.0,2.0,3.0,2.0,2.0,2.0,2.0,0.0,2.0,4.0,6.0,2.0,0.0,400000.0,1.0,250000.0,80000.0,1.0,155571.8,101225.0,749.0
8,7.0,2.0,3.0,1.0,4.0,2.0,31.0,80000.0,3.0,3.0,2.0,2.0,2.0,2.0,0.0,2.0,1.0,2.0,2.0,0.0,0.0,1.0,400000.0,183000.0,4.0,236148.2,173879.0,747.0
8,6.0,1.0,3.0,2.0,4.0,2.0,31.0,75000.0,3.0,3.0,2.0,2.0,1.0,2.0,0.0,2.0,1.0,6.0,2.0,0.0,0.0,3.0,575736.0,123000.0,2.0,209017.87,100924.0,749.0
8,10.0,1.0,3.0,1.0,4.0,2.0,31.0,250000.0,3.0,3.0,2.0,2.0,2.0,2.0,0.0,2.0,4.0,6.0,2.0,2000.0,1500.0,3.0,623714.0,236000.0,3.0,259130.61,271339.0,747.0
8,6.0,1.0,4.0,1.0,4.0,2.0,31.0,150000.0,3.0,2.0,2.0,2.0,2.0,2.0,20000.0,1.0,1.0,3.0,2.0,400000.0,350000.0,1.0,300000.0,123000.0,3.0,257062.95,189257.0,747.0
8,3.0,1.0,3.0,1.0,4.0,2.0,31.0,80000.0,2.0,2.0,2.0,2.0,1.0,2.0,0.0,2.0,4.0,6.0,2.0,0.0,350000.0,1.0,300000.0,39650.0,2.0,160479.95,94505.0,746.0
8,3.0,1.0,4.0,1.0,4.0,2.0,31.0,110000.0,3.0,2.0,2.0,2.0,1.0,2.0,0.0,2.0,4.0,6.0,2.0,0.0,0.0,1.0,232777.77777777775,405000.0,3.0,201399.56,129698.0,746.0
8,6.0,1.0,3.0,1.0,4.0,2.0,31.0,120000.0,3.0,2.0,2.0,2.0,2.0,2.0,0.0,2.0,1.0,6.0,2.0,0.0,600000.0,1.0,200000.0,92000.0,3.0,151155.0,109163.0,750.0
8,1.0,1.0,2.0,1.0,4.0,2.0,31.0,80000.0,2.0,2.0,2.0,2.0,2.0,2.0,0.0,2.0,4.0,6.0,2.0,0.0,400000.0,1.0,120000.0,73000.0,2.0,96536.0,144600.0,749.0
8,6.0,1.0,3.0,2.0,4.0,2.0,31.0,160000.0,2.0,2.0,2.0,2.0,2.0,2.0,0.0,2.0,4.0,6.0,2.0,0.0,600000.0,1.0,300000.0,151722.22222222222,2.111111111111111,180859.6,104051.0,750.0
8,2.0,1.0,3.0,2.0,4.0,2.0,31.0,60000.0,2.0,1.0,2.0,2.0,1.0,2.0,0.0,2.0,4.0,4.0,2.0,0.0,400000.0,1.0,150000.0,78000.0,2.0,117133.95,68518.0,750.0
8,1.0,1.0,2.0,1.0,4.0,2.0,31.0,150000.0,2.0,2.0,2.0,2.0,2.0,2.0,0.0,2.0,4.0,6.0,2.0,0.0,400000.0,1.0,150000.0,105000.0,2.0,84447.86,140399.0,747.0
8,2.0,1.0,1.0,1.0,4.0,2.0,31.0,100000.0,3.0,2.0,2.0,2.0,1.0,2.0,0.0,2.0,4.0,6.0,2.0,0.0,800000.0,1.0,200000.0,5000.0,1.0,97920.15,91968.0,753.0
8,4.0,1.0,3.0,1.0,4.0,2.0,31.0,200000.0,2.0,2.0,2.0,2.0,1.0,2.0,0.0,2.0,4.0,6.0,2.0,0.0,2000.0,1.0,200000.0,110000.0,3.0,192273.8,116773.0,748.0
8,3.0,1.0,3.0,1.0,4.0,2.0,31.0,120000.0,2.0,2.0,2.0,2.0,1.0,2.0,0.0,2.0,4.0,6.0,2.0,0.0,2000.0,1.0,300000.0,45000.0,2.0,114875.3,133253.0,748.0
8,6.0,1.0,3.0,1.0,4.0,2.0,31.0,160000.0,3.0,2.0,2.0,2.0,2.0,2.0,0.0,2.0,4.0,3.0,2.0,3000.0,1500.0,1.0,250000.0,130000.0,1.0,230653.55,165817.0,748.0
8,2.0,1.0,3.0,2.0,2.0,2.0,28.0,85000.0,3.0,2.0,2.0,2.0,2.0,2.0,0.0,2.0,4.0,6.0,2.0,500000.0,300000.0,1.0,80000.0,203000.0,3.0,219103.0,125051.0,749.0
8,5.0,1.0,3.0,1.0,4.0,1.0,30.0,170000.0,3.0,2.0,2.0,2.0,1.0,2.0,250000.0,1.0,4.0,1.0,2.0,0.0,1000000.0,1.0,150000.0,135000.0,2.0,131132.05,173973.0,745.0
8,7.0,1.0,3.0,1.0,4.0,1.0,28.0,195000.0,3.0,2.0,2.0,2.0,1.0,2.0,340000.0,1.0,4.0,6.0,2.0,0.0,1500000.0,1.0,200000.0,153200.0,4.0,258729.15,167368.0,560745.0
8,2.0,1.0,4.0,2.0,4.0,2.0,30.0,115000.0,3.0,2.0,2.0,2.0,2.0,2.0,0.0,2.0,4.0,1.0,2.0,0.0,500000.0,1.0,60000.0,110000.0,2.0,203582.0,86378.0,747.0
8,6.0,1.0,4.0,2.0,4.0,2.0,30.0,95000.0,3.0,2.0,2.0,1.0,2.0,2.0,200000.0,1.0,1.0,1.0,2.0,0.0,1000000.0,1.0,300000.0,185000.0,5.0,155738.9,191954.0,751.0
8,5.0,1.0,3.0,1.0,4.0,2.0,28.0,135000.0,3.0,2.0,2.0,2.0,1.0,2.0,0.0,2.0,1.0,1.0,2.0,1200000.0,700000.0,1.0,100000.0,95000.0,4.0,146386.6,86257.0,749.0
8,7.0,1.0,4.0,1.0,4.0,2.0,30.0,145000.0,3.0,2.0,2.0,2.0,2.0,2.0,300000.0,1.0,4.0,1.0,2.0,1500000.0,700000.0,1.0,150000.0,161000.0,3.0,124589.3,163585.0,747.0
8,5.0,1.0,4.0,1.0,4.0,1.0,28.0,210000.0,2.0,2.0,2.0,2.0,1.0,2.0,140000.0,1.0,4.0,1.0,2.0,1300000.0,500000.0,1.0,100000.0,118150.0,4.0,371955.8,330570.0,520744.0
8,4.0,1.0,4.0,1.0,2.0,1.0,31.0,250000.0,3.0,2.0,2.0,2.0,1.0,1.0,0.0,2.0,4.0,1.0,2.0,0.0,800000.0,1.0,200000.0,75000.0,3.0,276045.4,147112.0,1680747.0
8,2.0,1.0,2.0,2.0,4.0,2.0,31.0,50000.0,4.0,3.0,2.0,2.0,2.0,2.0,0.0,2.0,4.0,2.0,2.0,80000.0,70000.0,1.0,10000.0,62000.0,2.0,53789.15,160050.0,754.0
8,5.0,1.0,5.0,1.0,4.0,1.0,31.0,60000.0,2.0,2.0,2.0,2.0,1.0,2.0,400000.0,1.0,4.0,1.0,2.0,500000.0,250000.0,1.0,100000.0,100000.0,2.0,97574.3,171380.0,746.0
8,2.0,1.0,2.0,1.0,4.0,2.0,31.0,70000.0,3.0,2.0,2.0,2.0,1.0,2.0,200000.0,1.0,4.0,2.0,2.0,200000.0,100000.0,1.0,50000.0,55000.0,1.0,81781.2,122776.0,748.0
8,4.0,1.0,3.0,2.0,4.0,2.0,31.0,60000.0,3.0,3.0,2.0,2.0,1.0,2.0,350000.0,1.0,4.0,2.0,2.0,400000.0,200000.0,1.0,70000.0,45000.0,2.0,70407.8,158202.0,9751.0
8,3.0,1.0,3.0,2.0,4.0,2.0,31.0,45000.0,3.0,3.0,2.0,2.0,1.0,2.0,300000.0,1.0,4.0,1.0,2.0,300000.0,150000.0,1.0,70000.0,15000.0,1.0,54411.05,158233.0,750.0
8,6.0,1.0,3.0,1.0,4.0,1.0,31.0,40000.0,3.0,2.0,2.0,2.0,1.0,2.0,500000.0,1.0,4.0,1.0,2.0,500000.0,250000.0,1.0,100000.0,50000.0,1.0,56351.7,150146.0,10748.0
8,3.0,1.0,9.0,1.0,4.0,2.0,31.0,50000.0,2.0,2.0,2.0,2.0,2.0,2.0,600000.0,1.0,4.0,2.0,2.0,200000.0,100000.0,1.0,70000.0,71000.0,2.0,52611.4,183207.0,9748.0
8,6.0,1.0,3.0,1.0,4.0,1.0,31.0,80000.0,3.0,2.0,2.0,2.0,2.0,2.0,400000.0,1.0,4.0,2.0,2.0,500000.0,250000.0,1.0,100000.0,59000.0,2.0,83342.5,262883.0,749.0
8,5.0,1.0,4.0,1.0,4.0,2.0,31.0,7.0,3.0,2.0,2.0,2.0,2.0,2.0,500000.0,1.0,4.0,1.0,2.0,500000.0,250000.0,1.0,100000.0,68000.0,2.0,79099.4,133043.0,749.0
8,1.0,1.0,3.0,2.0,4.0,2.0,31.0,70000.0,3.0,3.0,2.0,2.0,1.0,2.0,0.0,2.0,4.0,6.0,2.0,0.0,500000.0,1.0,150000.0,70000.0,2.0,61483.8,88180.0,751.0
8,3.0,5.0,3.0,1.0,4.0,2.0,31.0,100000.0,3.0,3.0,2.0,2.0,2.0,2.0,0.0,2.0,4.0,6.0,2.0,0.0,800000.0,1.0,300000.0,154900.0,3.0,95911.4,115351.0,747.0
8,1.0,1.0,3.0,2.0,4.0,2.0,31.0,60000.0,3.0,3.0,2.0,2.0,2.0,2.0,0.0,2.0,4.0,6.0,2.0,0.0,600000.0,1.0,130000.0,250000.0,1.0,63983.65,64389.0,753.0
8,1.0,1.0,2.0,1.0,4.0,2.0,31.0,70000.0,3.0,3.0,2.0,2.0,2.0,2.0,0.0,2.0,4.0,6.0,2.0,700000.0,500000.0,1.0,200000.0,274100.0,2.0,55090.9,99404.0,744.0
8,3.0,1.0,3.0,2.0,4.0,2.0,31.0,80000.0,2.0,2.0,2.0,2.0,1.0,2.0,0.0,2.0,4.0,6.0,2.0,1000000.0,600000.0,1.0,200000.0,100300.0,2.0,114730.45,151222.0,747.0
8,2.0,1.0,3.0,1.0,4.0,2.0,31.0,80000.0,3.0,3.0,2.0,2.0,2.0,2.0,0.0,2.0,4.0,6.0,2.0,0.0,800000.0,1.0,130000.0,121000.0,2.0,97074.27,106956.0,745.0
8,2.0,1.0,2.0,2.0,4.0,2.0,31.0,70000.0,4.0,3.0,2.0,2.0,1.0,2.0,0.0,2.0,4.0,6.0,2.0,0.0,900000.0,1.0,120000.0,92700.0,3.0,60455.7,83492.0,754.0
8,2.0,1.0,2.0,2.0,4.0,2.0,31.0,7.0,3.0,3.0,2.0,2.0,2.0,2.0,0.0,2.0,4.0,6.0,2.0,0.0,600000.0,1.0,160000.0,100000.0,1.0,113036.75,80362.0,750.0
8,4.0,1.0,4.0,1.0,4.0,1.0,31.0,100000.0,2.0,2.0,2.0,2.0,2.0,2.0,0.0,2.0,4.0,2.0,2.0,0.0,1800000.0,1.0,400000.0,862000.0,4.0,156276.55,964787.0,740.0
8,2.0,1.0,2.0,2.0,4.0,2.0,31.0,50000.0,3.0,3.0,2.0,2.0,2.0,2.0,0.0,2.0,4.0,6.0,2.0,700000.0,500000.0,1.0,250000.0,105000.0,2.0,159828.9,110243.0,749.0
8,4.0,1.0,2.0,1.0,4.0,2.0,31.0,100000.0,2.0,2.0,2.0,2.0,2.0,2.0,150000.0,1.0,4.0,6.0,2.0,0.0,1000000.0,1.0,400000.0,150000.0,1.0,204487.85,246174.0,746.0
8,4.0,1.0,2.0,1.0,4.0,2.0,31.0,100000.0,3.0,3.0,2.0,2.0,1.0,2.0,0.0,2.0,4.0,6.0,2.0,1800000.0,800000.0,1.0,350000.0,150150.0,2.0,227738.6,200085.0,745.0
8,4.0,1.0,2.0,1.0,4.0,2.0,31.0,80000.0,3.0,3.0,2.0,2.0,2.0,2.0,0.0,2.0,4.0,6.0,2.0,1900000.0,750000.0,1.0,400000.0,200000.0,2.0,221186.0,115734.0,743.0
8,4.0,1.0,2.0,1.0,4.0,2.0,31.0,70000.0,3.0,3.0,2.0,2.0,1.0,2.0,0.0,2.0,4.0,6.0,2.0,1500000.0,800000.0,1.0,350000.0,250000.0,2.0,218641.43,224267.0,742.0
8,2.0,1.0,2.0,2.0,4.0,2.0,31.0,80000.0,4.0,3.0,2.0,2.0,1.0,2.0,0.0,2.0,4.0,6.0,2.0,0.0,800000.0,1.0,200000.0,100150.0,2.0,217863.1,114661.0,752.0
8,5.0,1.0,3.0,1.0,4.0,2.0,31.0,100000.0,2.0,2.0,2.0,2.0,2.0,2.0,0.0,2.0,4.0,6.0,2.0,0.0,1900000.0,1.0,300000.0,270000.0,4.0,247595.73,157405.0,744.0
8,4.0,1.0,4.0,1.0,4.0,2.0,31.0,70000.0,3.0,3.0,2.0,2.0,2.0,2.0,0.0,2.0,4.0,6.0,2.0,1000000.0,600000.0,1.0,200000.0,100000.0,1.0,212800.6,203159.0,748.0
8,4.0,1.0,2.0,1.0,4.0,2.0,31.0,100000.0,3.0,3.0,2.0,2.0,2.0,2.0,0.0,2.0,4.0,6.0,2.0,0.0,1500000.0,1.0,500000.0,285000.0,2.0,231599.7,311916.0,743.0
8,7.0,1.0,2.0,2.0,4.0,2.0,31.0,84000.0,3.0,3.0,2.0,2.0,2.0,2.0,1000000.0,1.0,4.0,6.0,2.0,0.0,0.0,1.0,314444.44444444444,316000.0,4.0,180239.4,178223.0,751.0
8,3.0,1.0,2.0,1.0,4.0,2.0,31.0,70000.0,2.0,2.0,2.0,2.0,1.0,2.0,0.0,2.0,4.0,6.0,2.0,0.0,0.0,1.0,106677.77777777778,70200.0,2.0,123887.5,90904.0,747.0
8,3.0,1.0,3.0,2.0,4.0,2.0,31.0,84000.0,3.0,3.0,2.0,2.0,1.0,2.0,0.0,2.0,4.0,6.0,2.0,0.0,0.0,1.2222222222222223,264896.6666666667,145000.0,2.0,97789.2,140483.0,751.0
8,5.0,3.0,1.0,2.0,4.0,2.0,31.0,84000.0,4.0,3.0,2.0,2.0,2.0,2.0,0.0,2.0,4.0,5.0,2.0,0.0,0.0,1.2222222222222223,193361.11111111112,110000.0,2.0,114244.55,85713.0,755.0
8,7.0,1.0,4.0,1.0,4.0,1.0,31.0,140000.0,2.0,2.0,2.0,2.0,2.0,2.0,800000.0,1.0,4.0,6.0,2.0,0.0,0.0,1.0,264444.44444444444,369000.0,5.0,162981.6,158612.0,747.0
8,1.0,1.0,3.0,2.0,4.0,2.0,31.0,60000.0,2.0,3.0,2.0,2.0,1.0,2.0,0.0,2.0,4.0,6.0,2.0,0.0,0.0,1.2222222222222223,89357.88888888889,200.0,1.0,102192.95,53417.0,752.0
8,3.0,1.0,4.0,2.0,4.0,1.0,31.0,110000.0,2.0,2.0,2.0,2.0,1.0,2.0,0.0,2.0,4.0,6.0,2.0,0.0,0.0,1.0,232777.77777777775,595000.0,3.0,139048.7,124203.0,748.0
8,4.0,1.0,3.0,2.0,4.0,2.0,31.0,130000.0,2.0,3.0,2.0,2.0,1.0,2.0,1000000.0,1.0,4.0,6.0,2.0,0.0,0.0,1.0,294444.44444444444,119000.0,2.0,123909.4,129309.0,2000755.0
8,5.0,1.0,3.0,1.0,4.0,2.0,31.0,98000.0,2.0,2.0,2.0,2.0,2.0,2.0,0.0,2.0,4.0,6.0,2.0,0.0,0.0,1.0,203333.33333333337,259000.0,2.0,170172.2,122829.0,748.0
8,3.0,1.0,1.0,2.0,4.0,2.0,31.0,100000.0,2.0,1.0,2.0,2.0,1.0,2.0,0.0,2.0,4.0,6.0,2.0,0.0,0.0,1.0,226666.66666666663,120000.0,2.0,163016.6,262131.0,748.0
8,4.0,1.0,3.0,1.0,4.0,1.0,31.0,120000.0,2.0,2.0,2.0,1.0,2.0,2.0,2000000.0,2.0,4.0,2.0,2.0,0.0,0.0,1.2222222222222223,736678.8888888889,506400.0,3.0,161951.7,186966.0,740.0
8,2.0,1.0,1.0,1.0,4.0,2.0,31.0,120000.0,2.0,2.0,2.0,2.0,2.0,2.0,0.0,2.0,1.0,2.0,2.0,0.0,0.0,1.8888888888888888,337728.1111111111,73000.0,3.0,229517.1,165627.0,743.0
8,1.0,1.0,3.0,2.0,4.0,2.0,31.0,7.0,3.0,3.0,2.0,2.0,2.0,2.0,0.0,2.0,4.0,6.0,2.0,0.0,0.0,1.0,118555.55555555556,50000.0,1.0,125886.4,52605.0,753.0
8,6.0,1.0,3.0,1.0,4.0,1.0,31.0,200000.0,3.0,3.0,2.0,2.0,1.0,2.0,0.0,2.0,4.0,6.0,2.0,700000.0,400000.0,1.0,150000.0,52200.0,3.0,114938.3,84881.0,744.0
8,5.0,1.0,4.0,1.0,4.0,2.0,31.0,40000.0,4.0,3.0,2.0,2.0,1.0,2.0,0.0,2.0,1.0,1.0,2.0,0.0,0.0,1.0,134444.44444444444,122000.0,3.0,149884.7,248746.0,748.0
8,6.0,1.0,3.0,1.0,4.0,2.0,31.0,40000.0,2.0,2.0,2.0,2.0,2.0,2.0,1300000.0,2.0,4.0,2.0,2.0,1500000.0,1000000.0,1.0,500000.0,208000.0,4.0,232231.5,171901.0,745.0
8,4.0,1.0,1.0,1.0,4.0,1.0,31.0,150000.0,2.0,2.0,2.0,2.0,2.0,2.0,0.0,2.0,4.0,3.0,2.0,0.0,0.0,1.2222222222222223,323793.05555555556,205000.0,2.0,191849.5,219671.0,745.0
8,4.0,1.0,3.0,1.0,4.0,2.0,31.0,100000.0,3.0,3.0,2.0,2.0,2.0,2.0,0.0,2.0,4.0,6.0,2.0,1000000.0,750000.0,1.0,350000.0,125000.0,3.0,255985.25,305267.0,745.0
8,4.0,1.0,4.0,1.0,2.0,1.0,31.0,7.0,3.0,2.0,2.0,1.0,1.0,2.0,0.0,2.0,1.0,1.0,2.0,1200000.0,600000.0,1.0,180000.0,111000.0,3.0,27973.8,251096.0,746.0
8,3.0,1.0,3.0,1.0,4.0,2.0,31.0,7.0,3.0,3.0,2.0,1.0,1.0,2.0,300000.0,1.0,4.0,1.0,2.0,700000.0,350000.0,1.0,120000.0,125000.0,3.0,76276.5,118804.0,747.0
8,2.0,1.0,3.0,1.0,4.0,2.0,31.0,60000.0,3.0,2.0,2.0,1.0,2.0,1.0,0.0,2.0,4.0,6.0,2.0,800000.0,400000.0,1.0,100000.0,143000.0,2.0,91135.2,130288.0,746.0
8,7.0,1.0,3.0,1.0,4.0,2.0,31.0,7.0,4.0,3.0,2.0,1.0,1.0,2.0,60000.0,1.0,1.0,1.0,2.0,2500000.0,800000.0,1.0,250000.0,80450.0,3.0,93705.93,205294.0,745.0
8,6.0,1.0,5.0,1.0,4.0,2.0,31.0,7.0,3.0,2.0,2.0,1.0,1.0,2.0,550000.0,1.0,1.0,1.0,2.0,2000000.0,600000.0,1.0,200000.0,79500.0,3.0,139986.75,394663.0,120750.0
8,2.0,1.0,5.0,1.0,4.0,1.0,31.0,7.0,3.0,2.0,2.0,1.0,2.0,1.0,0.0,2.0,4.0,6.0,2.0,1000000.0,500000.0,1.0,150000.0,119000.0,3.0,58934.2,184388.0,747.0
8,4.0,1.0,2.0,1.0,2.0,2.0,31.0,7.0,3.0,2.0,2.0,2.0,1.0,2.0,110000.0,1.0,1.0,1.0,2.0,900000.0,480000.0,1.0,100000.0,129000.0,3.0,122544.62,149606.0,749.0
8,5.0,1.0,5.0,1.0,4.0,1.0,31.0,7.0,3.0,2.0,2.0,1.0,2.0,2.0,1000000.0,1.0,4.0,6.0,2.0,1000000.0,500000.0,1.0,150000.0,232650.0,3.0,42870.2,175124.0,200746.0
8,2.0,1.0,4.0,1.0,4.0,1.0,31.0,7.0,3.0,2.0,2.0,1.0,1.0,2.0,0.0,2.0,4.0,1.0,2.0,1500000.0,600000.0,1.0,150000.0,330750.0,3.0,34848.8,197436.0,746.0
8,6.0,1.0,5.0,2.0,4.0,1.0,31.0,75000.0,4.0,2.0,2.0,1.0,2.0,2.0,500000.0,1.0,1.0,2.0,2.0,0.0,1000000.0,1.0,150000.0,130000.0,4.0,71871.5,142645.0,751.0
8,6.0,1.0,5.0,1.0,4.0,1.0,31.0,140000.0,2.0,2.0,2.0,1.0,1.0,2.0,800000.0,1.0,4.0,3.0,2.0,0.0,0.0,1.0,200000.0,125000.0,3.0,40509.45,169756.0,749.0
8,4.0,1.0,6.0,1.0,4.0,1.0,31.0,120000.0,3.0,2.0,2.0,2.0,2.0,2.0,400000.0,1.0,4.0,6.0,2.0,1000000.0,700000.0,1.0,150000.0,134000.0,2.0,145849.3,244515.0,747.0
8,5.0,1.0,4.0,1.0,4.0,1.0,31.0,120000.0,2.0,2.0,2.0,1.0,2.0,2.0,0.0,2.0,4.0,6.0,2.0,0.0,0.0,1.0,250000.0,577600.0,3.0,92050.9,1149918.0,746.0
8,4.0,1.0,4.0,2.0,4.0,1.0,31.0,80000.0,3.0,2.0,2.0,2.0,2.0,2.0,300000.0,2.0,4.0,5.0,2.0,0.0,0.0,1.0,255000.0,85000.0,2.0,74022.5,210099.0,751.0
8,7.0,1.0,6.0,2.0,4.0,2.0,31.0,50000.0,4.0,2.0,2.0,1.0,1.0,2.0,700000.0,1.0,4.0,3.0,2.0,800000.0,600000.0,1.0,150000.0,155000.0,4.0,46920.5,98439.0,753.0
8,4.0,1.0,3.0,1.0,4.0,1.0,31.0,50000.0,3.0,3.0,2.0,2.0,2.0,2.0,800000.0,1.0,4.0,5.0,2.0,0.0,0.0,1.0,282222.22222222225,106000.0,3.0,122584.09,220874.0,2400747.0
8,2.0,1.0,5.0,2.0,4.0,2.0,31.0,60000.0,3.0,2.0,2.0,1.0,1.0,2.0,0.0,2.0,4.0,6.0,2.0,0.0,0.0,1.0,180000.0,429400.0,4.0,88647.0,122903.0,752.0
8,2.0,1.0,4.0,2.0,4.0,2.0,31.0,90000.0,3.0,2.0,2.0,1.0,1.0,2.0,0.0,2.0,4.0,6.0,2.0,0.0,0.0,1.0,80000.0,80000.0,2.0,28931.0,85920.0,753.0
8,2.0,1.0,2.0,2.0,4.0,2.0,27.444444444444443,65000.0,3.0,2.0,2.0,1.0,1.0,2.0,0.0,2.0,4.0,6.0,2.0,0.0,0.0,1.0,150000.0,105000.0,2.0,120214.9,58086.0,750.0
8,4.0,1.0,5.0,1.0,4.0,1.0,27.444444444444443,130000.0,4.0,2.0,2.0,1.0,1.0,2.0,600000.0,1.0,4.0,6.0,2.0,0.0,1000000.0,1.0,400000.0,110000.0,1.0,76643.95,315480.0,746.0
8,4.0,3.0,2.0,2.0,4.0,2.0,30.666666666666668,90000.0,3.0,3.0,2.0,1.0,1.0,2.0,300000.0,1.0,4.0,6.0,2.0,0.0,0.0,1.0,300000.0,190000.0,2.0,126508.0,206592.0,751.0
8,3.0,1.0,4.0,1.0,4.0,2.0,30.444444444444443,120000.0,4.0,3.0,2.0,1.0,1.0,2.0,1000000.0,2.0,4.0,6.0,2.0,0.0,1000000.0,1.0,300000.0,30000.0,1.0,116113.1,100462.0,748.0
8,5.0,1.0,5.0,1.0,4.0,1.0,30.0,200000.0,3.0,3.0,2.0,1.0,1.0,2.0,0.0,2.0,4.0,6.0,2.0,0.0,0.0,1.0,300000.0,121000.0,2.0,180886.7,238992.0,746.0
8,1.0,1.0,2.0,2.0,4.0,2.0,30.666666666666668,60000.0,4.0,3.0,2.0,1.0,1.0,2.0,20000.0,1.0,1.0,1.0,2.0,0.0,300000.0,1.0,100000.0,23000.0,1.0,55429.05,56758.0,755.0
8,6.0,1.0,4.0,1.0,4.0,2.0,30.555555555555557,120000.0,3.0,2.0,2.0,1.0,1.0,2.0,0.0,2.0,4.0,6.0,2.0,0.0,0.0,1.0,400000.0,150000.0,2.0,110619.65,173776.0,746.0
8,1.0,1.0,5.0,2.0,4.0,2.0,30.555555555555557,80000.0,4.0,2.0,2.0,1.0,1.0,2.0,0.0,2.0,4.0,6.0,2.0,0.0,300000.0,1.0,100000.0,37600.0,1.0,86564.65,61970.0,752.0
8,2.0,1.0,4.0,1.0,4.0,1.0,30.77777777777778,100000.0,4.0,2.0,2.0,1.0,1.0,2.0,0.0,2.0,4.0,6.0,2.0,0.0,0.0,1.0,200000.0,351200.0,2.0,124359.14,145377.0,745.0
8,3.0,1.0,5.0,1.0,4.0,2.0,15.0,200000.0,3.0,2.0,2.0,1.0,1.0,2.0,0.0,2.0,4.0,3.0,2.0,300000.0,200000.0,1.0,100000.0,172000.0,2.0,90358.45,132919.0,749.0
8,1.0,1.0,3.0,2.0,4.0,2.0,15.0,60000.0,3.0,3.0,2.0,1.0,1.0,2.0,0.0,2.0,4.0,4.0,2.0,80000.0,50000.0,1.0,40000.0,45000.0,1.0,28071.9,97761.0,752.0
8,5.0,1.0,4.0,1.0,4.0,2.0,15.0,130000.0,2.0,2.0,2.0,1.0,1.0,2.0,40000.0,1.0,2.0,3.0,1.0,750000.0,600000.0,1.0,100000.0,150.0,1.0,85537.65,95768.0,747.0
8,2.0,1.0,3.0,2.0,4.0,1.0,10.0,120000.0,3.0,2.0,2.0,1.0,1.0,2.0,285000.0,1.0,4.0,3.0,2.0,500000.0,300000.0,1.0,150000.0,60000.0,1.0,62908.4,90907.0,748.0
8,2.0,1.0,3.0,2.0,4.0,2.0,15.0,72000.0,3.0,2.0,2.0,1.0,1.0,2.0,50000.0,1.0,1.0,6.0,2.0,300000.0,200000.0,1.0,50000.0,23000.0,1.0,42029.68,54517.0,751.0
8,3.0,1.0,3.0,1.0,4.0,1.0,10.0,120000.0,3.0,2.0,2.0,1.0,1.0,2.0,0.0,2.0,4.0,4.0,2.0,350000.0,200000.0,1.0,100000.0,169000.0,3.0,140801.4,159030.0,747.0
8,6.0,1.0,3.0,1.0,4.0,2.0,15.0,180000.0,3.0,2.0,2.0,1.0,1.0,2.0,2400000.0,1.0,4.0,3.0,2.0,1200000.0,500000.0,1.0,150000.0,214000.0,4.0,101124.2,82436.0,748.0
8,2.0,1.0,3.0,2.0,4.0,2.0,14.0,120000.0,3.0,2.0,2.0,1.0,1.0,2.0,60000.0,1.0,4.0,4.0,2.0,200000.0,100000.0,1.0,55000.0,50.0,1.0,69932.55,84266.0,751.0
8,2.0,1.0,6.0,1.0,4.0,1.0,15.0,70000.0,3.0,2.0,2.0,1.0,1.0,2.0,0.0,2.0,4.0,4.0,2.0,350000.0,250000.0,1.0,100000.0,200.0,1.0,83836.75,139092.0,745.0
8,4.0,1.0,4.0,1.0,3.0,1.0,31.0,170000.0,3.0,2.0,2.0,1.0,1.0,2.0,700000.0,1.0,4.0,1.0,2.0,0.0,500000.0,1.0,250000.0,350000.0,3.0,226012.15,282540.0,746.0
8,2.0,1.0,4.0,1.0,4.0,2.0,31.0,120000.0,4.0,1.0,2.0,1.0,1.0,2.0,500000.0,1.0,4.0,4.0,2.0,0.0,600000.0,1.0,300000.0,210000.0,2.0,122755.2,105024.0,748.0
8,6.0,1.0,5.0,1.0,4.0,1.0,31.0,150000.0,3.0,2.0,2.0,1.0,1.0,2.0,300000.0,1.0,4.0,6.0,2.0,0.0,0.0,3.0,479780.0,179000.0,3.0,128284.85,377124.0,746.0
8,6.0,1.0,4.0,1.0,4.0,1.0,31.0,70000.0,5.0,3.0,2.0,1.0,1.0,2.0,0.0,2.0,4.0,6.0,2.0,0.0,1000000.0,1.0,400000.0,300000.0,3.0,94901.8,373176.0,747.0
8,5.0,1.0,8.0,1.0,4.0,2.0,31.0,100000.0,4.0,2.0,2.0,1.0,1.0,2.0,1800000.0,1.0,4.0,6.0,2.0,2000000.0,1000000.0,1.0,500000.0,140000.0,2.0,166090.5,115180.0,747.0
8,8.0,1.0,8.0,1.0,2.0,1.0,31.0,200000.0,2.0,2.0,2.0,1.0,1.0,2.0,3000000.0,1.0,4.0,5.0,2.0,0.0,0.0,1.0,1000000.0,347000.0,4.0,325636.2,747021.0,1000742.0
8,5.0,1.0,5.0,1.0,4.0,1.0,31.0,80000.0,4.0,2.0,2.0,1.0,1.0,2.0,3000000.0,1.0,4.0,5.0,2.0,0.0,1000000.0,1.0,400000.0,355000.0,4.0,164415.9,284933.0,745.0
8,8.0,1.0,8.0,1.0,4.0,1.0,31.0,250000.0,3.0,2.0,2.0,1.0,1.0,1.0,0.0,2.0,4.0,1.0,2.0,0.0,1500000.0,1.0,500000.0,284000.0,3.0,363573.84,340943.0,800742.0
8,6.0,1.0,4.0,1.0,4.0,2.0,31.0,90000.0,5.0,2.0,2.0,1.0,1.0,2.0,480000.0,1.0,4.0,6.0,2.0,0.0,0.0,3.0,479780.0,190000.0,3.0,175028.9,318917.0,745.0
9,3.0,1.0,3.0,2.0,4.0,2.0,30.0,60000.0,3.0,2.0,2.0,2.0,1.0,2.0,0.0,2.0,4.0,6.0,1.0,0.0,2000.0,1.0,250000.0,320000.0,2.0,97917.4,147078.0,747.0
9,3.0,3.0,2.0,2.0,4.0,1.0,30.0,70000.0,2.0,3.0,2.0,2.0,2.0,2.0,0.0,2.0,4.0,6.0,2.0,3000000.0,1000000.0,1.0,280000.0,430000.0,1.0,121008.5,320494.0,749.0
9,3.0,1.0,1.0,1.0,4.0,1.0,30.0,90000.0,2.0,2.0,2.0,2.0,1.0,2.0,0.0,2.0,4.0,6.0,2.0,0.0,2000.0,1.0,300000.0,400200.0,2.0,149347.2,233751.0,744.0
9,3.0,1.0,3.0,1.0,4.0,2.0,30.0,75000.0,2.0,2.0,2.0,2.0,2.0,2.0,0.0,2.0,4.0,6.0,2.0,5000000.0,1000000.0,1.0,280000.0,165000.0,3.0,151618.0,240335.0,744.0
9,4.0,1.0,2.0,1.0,4.0,1.0,30.0,75000.0,2.0,2.0,2.0,2.0,2.0,2.0,0.0,2.0,4.0,6.0,2.0,0.0,1500000.0,1.0,200000.0,300000.0,2.0,163288.18,309032.0,746.0
9,7.0,1.0,4.0,2.0,4.0,2.0,30.0,150000.0,2.0,2.0,2.0,2.0,1.0,2.0,0.0,2.0,4.0,6.0,1.0,0.0,1500.0,1.0,250000.0,226000.0,6.0,205119.8,485018.0,747.0
9,5.0,1.0,3.0,1.0,4.0,1.0,30.0,100000.0,2.0,2.0,2.0,2.0,2.0,2.0,0.0,2.0,4.0,6.0,2.0,2000.0,1000.0,1.0,280000.0,325000.0,2.0,195395.0,421083.0,740.0
9,2.0,1.0,1.0,2.0,4.0,2.0,30.0,7.0,3.0,2.0,2.0,2.0,1.0,2.0,0.0,2.0,4.0,6.0,1.0,0.0,350000.0,1.0,100000.0,28400.0,2.0,76603.7,102162.0,752.0
9,4.0,3.0,3.0,2.0,4.0,1.0,30.0,90000.0,3.0,3.0,2.0,2.0,2.0,2.0,0.0,2.0,4.0,6.0,2.0,2000.0,1000.0,1.0,260000.0,240000.0,1.0,178053.88,369336.0,749.0
9,2.0,1.0,3.0,1.0,4.0,2.0,30.0,140000.0,3.0,2.0,2.0,2.0,2.0,2.0,120000.0,1.0,4.0,6.0,2.0,280000.0,200000.0,1.0,80000.0,100200.0,2.0,168105.82,123563.0,747.0
9,2.0,1.0,2.0,2.0,4.0,2.0,30.0,70000.0,3.0,2.0,2.0,2.0,2.0,2.0,30000.0,1.0,4.0,2.0,2.0,300000.0,250000.0,1.0,100000.0,56000.0,2.0,135568.8,89478.0,753.0
9,5.0,1.0,4.0,1.0,4.0,1.0,30.0,100000.0,3.0,2.0,2.0,2.0,2.0,2.0,0.0,2.0,4.0,2.0,2.0,1500.0,1000.0,3.0,288642.0,370000.0,2.0,262907.41,356366.0,741.0
9,3.0,1.0,2.0,2.0,4.0,2.0,30.0,7.0,4.0,3.0,2.0,2.0,2.0,2.0,12000.0,1.0,4.0,6.0,2.0,350000.0,250000.0,1.0,150000.0,62600.0,2.0,112667.9,59907.0,756.0
9,5.0,1.0,2.0,1.0,4.0,2.0,30.0,200000.0,3.0,2.0,2.0,2.0,1.0,2.0,0.0,2.0,4.0,2.0,2.0,600000.0,500000.0,1.0,280000.0,250000.0,1.0,232252.45,195729.0,746.0
9,2.0,1.0,3.0,1.0,4.0,1.0,30.0,120000.0,3.0,2.0,2.0,2.0,1.0,2.0,0.0,2.0,4.0,2.0,2.0,0.0,400000.0,1.0,230000.0,330100.0,2.0,153825.78,197564.0,742.0
9,6.0,1.0,3.0,1.0,4.0,1.0,30.0,120000.0,4.0,3.0,2.0,2.0,2.0,2.0,0.0,2.0,4.0,2.0,2.0,500000.0,400000.0,1.0,270000.0,240000.0,2.0,108983.38,194780.0,745.0
9,3.0,1.0,5.0,2.0,1.0,2.0,30.0,80000.0,3.0,2.0,2.0,2.0,1.0,2.0,250000.0,1.0,4.0,6.0,2.0,0.0,350000.0,1.0,200000.0,160500.0,3.0,166875.85,159760.0,746.0
9,4.0,1.0,2.0,1.0,4.0,2.0,30.0,200000.0,3.0,2.0,2.0,2.0,1.0,2.0,0.0,2.0,4.0,6.0,2.0,600000.0,500000.0,1.0,220000.0,152000.0,2.0,155398.7,151690.0,743.0
9,4.0,1.0,2.0,1.0,4.0,2.0,30.0,70000.0,3.0,3.0,2.0,2.0,2.0,2.0,0.0,2.0,4.0,6.0,2.0,0.0,0.0,1.0,250000.0,170000.0,1.0,151050.65,232278.0,746.0
9,4.0,3.0,2.0,1.0,3.0,2.0,30.0,75000.0,3.0,3.0,2.0,2.0,2.0,2.0,0.0,2.0,4.0,6.0,2.0,0.0,0.0,1.0,300000.0,360000.0,4.0,167023.8,216168.0,749.0
9,4.0,1.0,2.0,1.0,4.0,1.0,30.0,120000.0,3.0,2.0,2.0,2.0,2.0,2.0,0.0,2.0,4.0,6.0,2.0,0.0,0.0,1.2222222222222223,231570.83333333337,178000.0,2.0,180906.9,210155.0,747.0
9,2.0,1.0,2.0,2.0,4.0,2.0,30.0,15000.0,3.0,2.0,2.0,2.0,2.0,2.0,0.0,2.0,4.0,6.0,2.0,0.0,0.0,1.0,200000.0,100000.0,1.0,126516.2,115574.0,754.0
9,1.0,1.0,2.0,1.0,4.0,2.0,30.0,40000.0,3.0,3.0,2.0,2.0,1.0,2.0,0.0,2.0,4.0,6.0,2.0,0.0,0.0,1.0,150000.0,75000.0,2.0,61952.05,347980.0,752.0
9,6.0,1.0,2.0,1.0,4.0,1.0,30.0,45000.0,3.0,2.0,2.0,2.0,2.0,2.0,0.0,2.0,4.0,6.0,2.0,0.0,0.0,1.0,223333.33333333337,248000.0,3.0,173848.9,202571.0,748.0
9,4.0,1.0,2.0,1.0,4.0,1.0,30.0,150000.0,3.0,2.0,2.0,2.0,1.0,2.0,400000.0,2.0,4.0,6.0,2.0,0.0,0.0,1.0,300000.0,100000.0,1.0,143271.95,200143.0,745.0
9,2.0,1.0,2.0,2.0,4.0,1.0,30.0,50000.0,3.0,3.0,2.0,2.0,2.0,2.0,2350000.0,1.0,4.0,6.0,2.0,0.0,0.0,1.0,250000.0,565000.0,4.0,132203.25,302245.0,4700753.0
9,3.0,1.0,2.0,1.0,4.0,2.0,30.0,12000.0,3.0,2.0,2.0,2.0,2.0,2.0,0.0,2.0,4.0,6.0,2.0,0.0,0.0,1.0,250000.0,48000.0,1.0,97469.05,128004.0,748.0
9,5.0,1.0,3.0,1.0,4.0,2.0,30.0,7.0,4.0,2.0,2.0,2.0,2.0,2.0,400000.0,1.0,4.0,1.0,2.0,0.0,2500000.0,1.0,250000.0,236000.0,5.0,211855.6,223225.0,751.0
9,1.0,1.0,3.0,2.0,4.0,2.0,30.0,30000.0,3.0,2.0,2.0,2.0,1.0,2.0,0.0,2.0,4.0,1.0,2.0,0.0,500000.0,1.0,50000.0,41600.0,1.0,107120.7,46990.0,40756.0
9,2.0,1.0,4.0,1.0,4.0,2.0,30.0,100000.0,3.0,2.0,2.0,1.0,1.0,2.0,0.0,2.0,4.0,4.0,2.0,1000000.0,400000.0,1.0,240000.0,105150.0,3.0,157771.53,278267.0,746.0
9,4.0,1.0,4.0,1.0,4.0,1.0,30.0,200000.0,3.0,2.0,2.0,1.0,1.0,2.0,0.0,2.0,4.0,1.0,2.0,0.0,10000000.0,1.0,300000.0,180150.0,2.0,293108.35,419867.0,193573.0
9,5.0,1.0,4.0,1.0,4.0,1.0,30.0,200000.0,3.0,2.0,2.0,1.0,2.0,2.0,800000.0,1.0,4.0,1.0,2.0,0.0,5000000.0,1.0,300000.0,261600.0,4.0,228947.3,510233.0,744.0
9,3.0,1.0,2.0,1.0,4.0,1.0,30.0,65000.0,4.0,3.0,2.0,2.0,1.0,2.0,280000.0,1.0,4.0,3.0,2.0,900000.0,300000.0,1.0,180000.0,120000.0,2.0,147237.8,233967.0,560747.0
9,4.0,1.0,4.0,1.0,4.0,2.0,30.0,200000.0,4.0,2.0,2.0,1.0,1.0,2.0,0.0,2.0,4.0,1.0,2.0,0.0,6000000.0,1.0,300000.0,244000.0,4.0,162159.1,356638.0,360747.0
9,1.0,1.0,3.0,1.0,4.0,2.0,30.0,70667.44444444444,3.0,3.0,2.0,2.0,1.0,2.0,0.0,2.0,4.0,1.0,2.0,0.0,100000.0,1.0,10000.0,65100.0,3.0,232219.45,138997.0,749.0
9,3.0,1.0,3.0,1.0,1.0,2.0,30.0,60000.0,3.0,2.0,2.0,1.0,2.0,2.0,0.0,2.0,4.0,1.0,1.0,0.0,2500000.0,1.0,250000.0,243000.0,5.0,190456.1,350681.0,210751.0
9,1.0,1.0,3.0,1.0,4.0,2.0,30.0,80000.0,3.0,2.0,2.0,2.0,1.0,2.0,0.0,2.0,4.0,6.0,2.0,500000.0,400000.0,1.0,200000.0,49520.0,2.0,158520.13,89875.0,750.0
9,6.0,1.0,2.0,1.0,4.0,2.0,30.0,180000.0,3.0,3.0,2.0,2.0,2.0,2.0,450000.0,1.0,4.0,3.0,2.0,900000.0,600000.0,1.0,400000.0,228000.0,3.0,272707.55,304615.0,747.0
9,1.0,1.0,1.0,2.0,4.0,2.0,30.0,7.0,4.0,3.0,2.0,2.0,1.0,2.0,0.0,2.0,1.0,1.0,2.0,400000.0,300000.0,1.0,150000.0,53000.0,2.0,63428.149999999994,75491.0,754.0
9,1.0,1.0,1.0,1.0,4.0,2.0,30.0,100000.0,3.0,2.0,2.0,2.0,1.0,2.0,0.0,2.0,4.0,6.0,2.0,700000.0,500000.0,1.0,300000.0,306300.0,3.0,196486.5,314439.0,748.0
9,4.0,5.0,2.0,1.0,4.0,1.0,30.0,135000.0,3.0,3.0,2.0,2.0,1.0,2.0,16000000.0,1.0,4.0,6.0,2.0,900000.0,700000.0,1.0,400000.0,369000.0,3.0,223539.95,436672.6,747.0
9,2.0,1.0,2.0,2.0,4.0,2.0,30.0,90000.0,3.0,3.0,2.0,2.0,1.0,2.0,30000.0,1.0,4.0,6.0,2.0,500000.0,400000.0,1.0,200000.0,48160.0,1.0,147918.45,78731.0,750.0
9,2.0,1.0,2.0,2.0,4.0,2.0,30.0,78888.88888888889,3.0,3.0,2.0,2.0,2.0,2.0,50000.0,1.0,4.0,6.0,2.0,500000.0,400000.0,1.0,200000.0,50000.0,1.0,206346.3,114070.0,752.0
9,4.0,3.0,2.0,1.0,4.0,2.0,30.0,70000.0,3.0,3.0,2.0,2.0,2.0,2.0,0.0,2.0,4.0,6.0,2.0,800000.0,500000.0,1.0,300000.0,277000.0,4.0,320661.628,350036.0,750.0
9,1.0,1.0,1.0,2.0,4.0,2.0,30.0,76000.0,3.0,2.0,2.0,2.0,2.0,2.0,0.0,2.0,4.0,3.0,2.0,500000.0,400000.0,1.0,200000.0,80000.0,1.0,230269.71,243971.0,751.0
9,4.0,1.0,3.0,1.0,4.0,2.0,30.0,100000.0,3.0,2.0,2.0,2.0,1.0,2.0,800000.0,1.0,4.0,4.0,2.0,0.0,350000.0,1.0,150000.0,150000.0,2.0,265203.15,432440.0,748.0
9,2.0,1.0,3.0,1.0,4.0,2.0,30.0,140000.0,2.0,2.0,2.0,2.0,2.0,2.0,0.0,2.0,4.0,5.0,2.0,800000.0,500000.0,1.0,200000.0,120000.0,2.0,166542.5,1161414.0,749.0
9,2.0,1.0,3.0,1.0,4.0,2.0,30.0,200000.0,3.0,2.0,2.0,2.0,2.0,2.0,300000.0,1.0,4.0,6.0,2.0,1000000.0,600000.0,1.0,300000.0,200000.0,2.0,192126.9,303873.0,746.0
9,4.0,1.0,3.0,1.0,4.0,1.0,30.0,240000.0,3.0,2.0,2.0,2.0,2.0,2.0,1500000.0,1.0,4.0,3.0,2.0,1500000.0,1000000.0,1.0,300000.0,396000.0,4.0,276924.6,481438.0,3000750.0
9,5.0,1.0,3.0,1.0,4.0,1.0,30.0,360000.0,2.0,2.0,2.0,2.0,2.0,2.0,0.0,2.0,4.0,6.0,2.0,2000000.0,600000.0,1.0,300000.0,717000.0,2.0,289478.05,595583.0,260745.0
9,3.0,1.0,3.0,1.0,4.0,1.0,30.0,120000.0,3.0,2.0,2.0,2.0,2.0,2.0,0.0,2.0,4.0,3.0,2.0,100000.0,10000.0,3.0,481070.0,700000.0,2.0,214800.4,333387.0,746.0
9,4.0,3.0,3.0,1.0,4.0,2.0,30.0,140000.0,3.0,2.0,2.0,2.0,2.0,2.0,0.0,2.0,4.0,6.0,2.0,1000000.0,600000.0,1.0,350000.0,694000.0,2.0,239953.6,415192.0,744.0
9,7.0,3.0,3.0,1.0,4.0,1.0,30.0,200000.0,3.0,3.0,2.0,2.0,2.0,2.0,0.0,2.0,4.0,5.0,2.0,2500000.0,1500000.0,1.0,500000.0,1230000.0,4.0,325988.75,1715383.0,744.0
9,4.0,1.0,3.0,1.0,4.0,2.0,30.0,250000.0,3.0,2.0,2.0,2.0,2.0,2.0,0.0,2.0,4.0,5.0,2.0,2000000.0,1000000.0,1.0,400000.0,1160000.0,5.0,245467.9,2562307.0,744.0
9,2.0,1.0,2.0,2.0,4.0,2.0,30.0,80000.0,3.0,2.0,2.0,2.0,2.0,2.0,0.0,2.0,1.0,6.0,2.0,0.0,500000.0,1.0,70000.0,69500.0,3.0,162536.4,603100.0,753.0
9,1.0,1.0,1.0,2.0,4.0,2.0,30.0,80000.0,3.0,3.0,2.0,2.0,2.0,2.0,0.0,2.0,1.0,6.0,2.0,0.0,120000.0,1.0,59444.444444444445,60000.0,2.0,156949.7,140059.0,751.0
9,4.0,1.0,3.0,2.0,4.0,1.0,30.0,150000.0,3.0,2.0,2.0,2.0,2.0,2.0,900000.0,1.0,4.0,3.0,2.0,0.0,500000.0,1.0,261111.11111111112,660000.0,2.0,284643.6,1114325.0,749.0
9,6.0,1.0,3.0,1.0,4.0,1.0,30.0,250000.0,2.0,2.0,2.0,2.0,2.0,2.0,500000.0,1.0,4.0,3.0,2.0,0.0,500000.0,1.0,200000.0,200000.0,2.0,297245.9,434745.0,746.0
9,3.0,1.0,1.0,1.0,4.0,2.0,30.0,150000.0,3.0,2.0,2.0,2.0,2.0,2.0,0.0,2.0,2.0,6.0,2.0,0.0,400000.0,1.0,100000.0,182900.0,4.0,171480.1,282808.0,749.0
9,5.0,1.0,3.0,1.0,4.0,2.0,30.0,60000.0,2.0,2.0,2.0,2.0,2.0,2.0,0.0,2.0,4.0,2.0,2.0,0.0,0.0,1.2222222222222223,151518.33333333334,100000.0,1.0,127923.8,195327.0,750.0
9,2.0,1.0,1.0,1.0,4.0,2.0,30.0,120000.0,4.0,3.0,2.0,2.0,1.0,2.0,0.0,2.0,4.0,6.0,2.0,0.0,0.0,1.2222222222222223,241680.0,60000.0,1.0,103249.4,94651.0,1205930.0
9,4.0,1.0,2.0,1.0,4.0,1.0,30.0,200000.0,3.0,3.0,2.0,2.0,1.0,2.0,1000000.0,1.0,4.0,6.0,2.0,0.0,0.0,1.0,305555.55555555556,290000.0,2.0,228436.4,320146.0,2564891.0
9,4.0,1.0,1.0,1.0,4.0,2.0,30.0,150000.0,3.0,2.0,2.0,2.0,2.0,2.0,0.0,2.0,4.0,4.0,2.0,0.0,350000.0,1.0,155555.55555555556,180000.0,1.0,201608.5,378007.0,749.0
9,5.0,1.0,3.0,1.0,4.0,2.0,30.0,100000.0,4.0,3.0,2.0,2.0,1.0,2.0,500000.0,1.0,4.0,4.0,2.0,5000.0,2500.0,1.0,150000.0,88000.0,2.0,219399.3,137593.0,748.0
9,2.0,3.0,3.0,1.0,4.0,2.0,30.0,70000.0,3.0,3.0,2.0,2.0,2.0,2.0,0.0,2.0,4.0,4.0,2.0,4000.0,2000.0,1.0,250000.0,480000.0,2.0,77546.5,137045.0,749.0
9,2.0,1.0,3.0,1.0,4.0,2.0,30.0,100000.0,3.0,3.0,2.0,2.0,2.0,2.0,0.0,2.0,4.0,5.0,2.0,4000.0,2000.0,1.0,350000.0,100000.0,1.0,107282.1,120754.0,746.0
9,5.0,1.0,3.0,1.0,4.0,2.0,30.0,150000.0,3.0,3.0,2.0,2.0,2.0,2.0,300000.0,1.0,4.0,5.0,2.0,6000.0,4000.0,3.0,481070.0,340000.0,2.0,255649.45,1503985.0,748.0
9,5.0,1.0,3.0,1.0,3.0,1.0,30.0,150000.0,3.0,3.0,2.0,2.0,2.0,2.0,400000.0,1.0,4.0,4.0,2.0,5000.0,2500.0,1.0,300000.0,315000.0,3.0,183509.25,290224.0,743.0
9,2.0,1.0,3.0,1.0,4.0,2.0,30.0,40000.0,3.0,3.0,2.0,2.0,1.0,2.0,0.0,2.0,4.0,5.0,2.0,3500.0,2000.0,1.0,300000.0,69000.0,2.0,129754.3,219400.0,747.0
9,5.0,1.0,3.0,1.0,4.0,2.0,30.0,120000.0,3.0,3.0,2.0,2.0,2.0,2.0,4500000.0,2.0,4.0,4.0,2.0,6000.0,3500.0,3.0,481070.0,360000.0,3.0,320236.5,489608.0,746.0
9,5.0,1.0,3.0,1.0,4.0,1.0,30.0,120000.0,3.0,1.0,2.0,2.0,1.0,2.0,1560000.0,2.0,4.0,5.0,2.0,4000.0,2000.0,1.0,300000.0,86500.0,2.0,205523.2,245448.0,745.0
9,3.0,1.0,3.0,1.0,4.0,2.0,30.0,21000.0,3.0,3.0,2.0,2.0,2.0,2.0,25000.0,1.0,4.0,4.0,2.0,4000.0,2000.0,1.0,200000.0,80000.0,1.0,166672.9,154480.0,746.0
9,5.0,1.0,3.0,1.0,4.0,2.0,30.0,130000.0,3.0,2.0,2.0,2.0,2.0,2.0,120000.0,1.0,1.0,1.0,2.0,0.0,0.0,1.0,300000.0,195000.0,3.0,298849.7,113573.0,1120754.0
9,3.0,3.0,2.0,2.0,2.0,2.0,30.0,70000.0,3.0,3.0,2.0,2.0,1.0,2.0,0.0,2.0,4.0,6.0,2.0,0.0,0.0,1.0,300000.0,180000.0,3.0,146580.58,247255.0,752.0
9,4.0,1.0,1.0,1.0,4.0,2.0,30.0,35000.0,3.0,2.0,2.0,2.0,2.0,2.0,85000.0,1.0,4.0,3.0,2.0,0.0,0.0,1.0,400000.0,160000.0,2.0,270806.19,139701.0,747.0
9,3.0,3.0,1.0,1.0,4.0,2.0,30.0,80000.0,4.0,3.0,2.0,2.0,1.0,2.0,0.0,2.0,1.0,6.0,1.0,0.0,0.0,1.0,250000.0,44000.0,2.0,205484.9,137212.0,751.0
9,4.0,1.0,3.0,1.0,4.0,2.0,30.0,200000.0,2.0,2.0,2.0,1.0,1.0,2.0,250000.0,1.0,4.0,1.0,2.0,0.0,0.0,1.0,300000.0,200000.0,2.0,165817.5,441077.0,746.0
9,2.0,1.0,1.0,2.0,4.0,2.0,30.0,60000.0,3.0,2.0,2.0,2.0,2.0,2.0,0.0,2.0,4.0,6.0,2.0,0.0,0.0,1.0,200000.0,118000.0,2.0,194473.88,161960.0,751.0
9,3.0,1.0,2.0,1.0,4.0,1.0,30.0,150000.0,3.0,2.0,2.0,2.0,2.0,2.0,0.0,2.0,4.0,6.0,2.0,0.0,0.0,1.0,300000.0,828000.0,4.0,305043.38,240787.0,200746.0
9,6.0,1.0,3.0,1.0,4.0,2.0,30.0,160000.0,3.0,2.0,2.0,2.0,2.0,2.0,7200000.0,2.0,4.0,6.0,2.0,0.0,0.0,1.0,400000.0,290000.0,3.0,370501.06,347724.0,747.0
9,2.0,1.0,2.0,2.0,4.0,2.0,30.0,30000.0,3.0,3.0,2.0,2.0,1.0,2.0,0.0,2.0,4.0,6.0,2.0,0.0,0.0,1.0,200000.0,75000.0,2.0,196896.695,145662.0,750.0
9,4.0,1.0,3.0,2.0,4.0,2.0,30.0,45000.0,3.0,2.0,2.0,2.0,2.0,2.0,0.0,2.0,4.0,4.0,2.0,0.0,0.0,1.0,360000.0,100000.0,1.0,196750.6,255019.0,751.0
9,3.0,3.0,2.0,2.0,4.0,2.0,30.0,160000.0,5.0,3.0,2.0,2.0,1.0,2.0,1575000.0,1.0,4.0,5.0,2.0,0.0,700000.0,1.0,350000.0,133000.0,3.0,151949.3,292864.0,753.0
9,3.0,1.0,2.0,1.0,4.0,2.0,30.0,75000.0,4.0,2.0,2.0,2.0,2.0,2.0,550000.0,2.0,4.0,4.0,2.0,0.0,0.0,1.0,480000.0,120000.0,1.0,202539.25,101059.0,747.0
9,2.0,1.0,1.0,2.0,4.0,2.0,30.0,28000.0,3.0,2.0,2.0,2.0,1.0,2.0,0.0,2.0,4.0,5.0,2.0,0.0,0.0,1.0,150000.0,97000.0,2.0,200337.7,270955.0,751.0
9,1.0,1.0,2.0,1.0,4.0,2.0,30.0,63333.333333333336,3.0,2.0,2.0,2.0,1.0,2.0,50000.0,1.0,4.0,4.0,2.0,0.0,300000.0,1.0,100000.0,49900.0,2.0,121576.1,132055.0,749.0
9,5.0,1.0,2.0,1.0,4.0,2.0,30.0,127000.0,3.0,2.0,2.0,2.0,2.0,2.0,20000.0,1.0,4.0,5.0,2.0,0.0,0.0,1.0,500000.0,179000.0,4.0,242393.48,376998.0,746.0
9,1.0,1.0,1.0,2.0,4.0,2.0,30.0,48000.0,3.0,2.0,2.0,2.0,1.0,2.0,0.0,2.0,4.0,5.0,2.0,0.0,0.0,1.0,100000.0,46000.0,1.0,96716.85,86119.0,757.0
9,2.0,1.0,3.0,1.0,4.0,2.0,30.0,45000.0,3.0,1.0,2.0,2.0,2.0,2.0,460000.0,1.0,4.0,3.0,2.0,0.0,0.0,1.0,300000.0,125000.0,2.0,185762.2,328155.0,723857.0
9,3.0,5.0,3.0,2.0,4.0,2.0,30.0,40000.0,5.0,2.0,2.0,2.0,1.0,2.0,240000.0,1.0,4.0,4.0,2.0,0.0,0.0,1.0,300000.0,150000.0,2.0,144459.85,238640.0,700752.0
9,2.0,1.0,2.0,2.0,4.0,2.0,30.0,60000.0,3.0,3.0,2.0,2.0,2.0,2.0,0.0,2.0,4.0,5.0,2.0,1000000.0,300000.0,1.0,150000.0,116000.0,2.0,178733.87,69161.0,753.0
9,3.0,5.0,1.0,2.0,4.0,2.0,30.0,40000.0,3.0,3.0,2.0,2.0,1.0,2.0,500000.0,2.0,4.0,1.0,2.0,1000000.0,300000.0,1.0,156111.11111111112,4000.0,1.0,64521.33,81255.0,750.0
9,3.0,1.0,1.0,1.0,4.0,2.0,30.0,80000.0,3.0,2.0,2.0,2.0,1.0,2.0,0.0,2.0,1.0,3.0,2.0,2000000.0,500000.0,1.0,198888.88888888888,28000.0,2.0,166554.32,209732.0,749.0
9,4.0,1.0,1.0,1.0,4.0,2.0,30.0,120000.0,3.0,2.0,2.0,2.0,2.0,2.0,0.0,2.0,4.0,1.0,2.0,1000000.0,500000.0,1.0,181111.11111111112,233000.0,4.0,212425.46,421124.0,747.0
9,2.0,3.0,2.0,1.0,4.0,2.0,30.0,50000.0,2.0,3.0,2.0,2.0,1.0,2.0,0.0,2.0,4.0,1.0,2.0,1000000.0,500000.0,1.0,283333.3333333333,545000.0,3.0,140636.34,799969.0,751.0
9,4.0,1.0,3.0,1.0,4.0,2.0,30.0,100000.0,3.0,2.0,2.0,2.0,2.0,2.0,3700000.0,1.0,4.0,1.0,2.0,70000.0,5000.0,1.2222222222222223,425531.1111111111,190000.0,2.0,299966.46,559891.0,749.0
9,8.0,1.0,2.0,1.0,4.0,2.0,30.0,120000.0,4.0,2.0,2.0,1.0,2.0,2.0,2000000.0,1.0,4.0,4.0,2.0,10000000.0,1500000.0,1.0,283333.3333333333,420000.0,4.0,236739.35,662992.0,748.0
9,5.0,1.0,1.0,1.0,4.0,1.0,30.0,90000.0,3.0,2.0,2.0,2.0,2.0,2.0,0.0,2.0,4.0,2.0,2.0,10000000.0,5000000.0,1.0,2122222.222222222,140000.0,2.0,211604.8,331067.0,749.0
9,4.0,1.0,1.0,2.0,4.0,2.0,30.0,30000.0,5.0,3.0,2.0,2.0,2.0,2.0,180000.0,2.0,1.0,1.0,2.0,1000000.0,500000.0,1.0,175555.55555555556,106000.0,2.0,160559.65,148066.0,754.0
9,2.0,1.0,3.0,1.0,4.0,2.0,30.0,140000.0,3.0,3.0,2.0,2.0,1.0,2.0,0.0,2.0,4.0,6.0,2.0,0.0,0.0,1.0,300000.0,110000.0,2.0,181316.34,284005.0,748.0
9,4.0,5.0,3.0,1.0,4.0,1.0,30.0,60000.0,3.0,3.0,2.0,2.0,2.0,2.0,6900000.0,1.0,4.0,6.0,2.0,5000.0,3000.0,1.0,400000.0,290000.0,2.0,326220.52,408940.0,7231799.0
9,6.0,1.0,2.0,1.0,4.0,2.0,30.0,60000.0,4.0,3.0,2.0,2.0,2.0,2.0,2665000.0,1.0,4.0,6.0,2.0,0.0,0.0,1.0,500000.0,260000.0,3.0,405945.08,467218.0,747.0
9,1.0,1.0,3.0,1.0,4.0,2.0,30.0,20000.0,3.0,3.0,2.0,2.0,1.0,2.0,0.0,2.0,4.0,6.0,2.0,0.0,0.0,1.0,300000.0,82000.0,2.0,199243.8,375298.0,749.0
9,1.0,3.0,2.0,1.0,2.0,2.0,30.0,118890.44444444444,3.0,3.0,2.0,2.0,1.0,2.0,0.0,2.0,4.0,6.0,2.0,3000000.0,1000000.0,1.0,300000.0,70000.0,1.0,76841.18,331529.0,751.0
9,7.0,1.0,3.0,1.0,4.0,2.0,30.0,240000.0,3.0,3.0,2.0,2.0,2.0,2.0,0.0,2.0,4.0,6.0,2.0,0.0,0.0,1.0,500000.0,242000.0,3.0,364259.12,571625.0,747.0
9,6.0,1.0,2.0,2.0,4.0,2.0,30.0,80000.0,4.0,3.0,2.0,2.0,1.0,2.0,550000.0,1.0,4.0,6.0,2.0,1500000.0,700000.0,1.0,350000.0,150000.0,1.0,163932.9,547836.0,752.0
9,4.0,3.0,2.0,1.0,4.0,2.0,30.0,116669.0,3.0,3.0,2.0,2.0,2.0,2.0,0.0,2.0,4.0,6.0,2.0,10000000.0,3000000.0,1.0,400000.0,152000.0,2.0,177185.01,221264.0,749.0
9,2.0,1.0,1.0,2.0,4.0,2.0,30.0,60000.0,4.0,3.0,2.0,2.0,2.0,2.0,0.0,2.0,4.0,6.0,2.0,0.0,0.0,1.0,300000.0,72000.0,2.0,182473.5,150754.0,749.0
9,2.0,1.0,2.0,1.0,4.0,2.0,30.0,150000.0,2.0,2.0,2.0,2.0,1.0,2.0,0.0,2.0,4.0,1.0,2.0,0.0,0.0,1.0,150000.0,170000.0,3.0,148396.5,876850.0,744.0
9,4.0,1.0,3.0,1.0,4.0,1.0,30.0,100000.0,2.0,2.0,2.0,2.0,1.0,2.0,0.0,2.0,4.0,1.0,2.0,0.0,0.0,1.0,300000.0,300000.0,1.0,199932.2,311200.0,742.0
9,3.0,1.0,2.0,1.0,4.0,1.0,30.0,150000.0,2.0,2.0,2.0,2.0,2.0,2.0,0.0,2.0,4.0,1.0,2.0,0.0,0.0,1.0,338888.8888888889,218000.0,2.0,193632.1,307825.0,744.0
9,3.0,1.0,3.0,2.0,4.0,2.0,30.0,75000.0,3.0,3.0,2.0,2.0,2.0,2.0,0.0,2.0,4.0,1.0,2.0,0.0,0.0,1.2222222222222223,359608.3333333333,103000.0,2.0,242404.0,151166.0,748.0
9,3.0,1.0,1.0,1.0,4.0,2.0,30.0,50000.0,3.0,2.0,2.0,2.0,2.0,2.0,0.0,2.0,4.0,1.0,2.0,0.0,0.0,1.0,150000.0,117000.0,3.0,198750.75,101321.0,746.0
9,2.0,3.0,3.0,1.0,3.0,2.0,30.0,150000.0,3.0,3.0,2.0,2.0,2.0,2.0,0.0,2.0,4.0,6.0,2.0,0.0,0.0,1.2222222222222223,220392.22222222225,1000.0,2.0,174799.25,234820.0,745.0
9,4.0,1.0,3.0,1.0,4.0,1.0,30.0,170000.0,2.0,2.0,2.0,2.0,2.0,1.0,0.0,2.0,4.0,1.0,2.0,0.0,0.0,1.4444444444444444,674780.0,1190000.0,3.0,236363.8,413669.0,743.0
9,1.0,1.0,2.0,1.0,4.0,2.0,30.0,80000.0,3.0,2.0,2.0,2.0,2.0,2.0,0.0,2.0,4.0,1.0,2.0,0.0,0.0,1.0,150000.0,300000.0,1.0,133245.05,204743.0,748.0
9,1.0,1.0,2.0,2.0,4.0,2.0,30.0,50000.0,3.0,3.0,2.0,2.0,1.0,2.0,0.0,2.0,4.0,1.0,2.0,0.0,0.0,1.0,100.0,47100.0,2.0,128894.55,95659.0,752.0
9,2.0,1.0,4.0,2.0,4.0,2.0,30.0,120000.0,3.0,2.0,2.0,1.0,1.0,2.0,0.0,2.0,4.0,1.0,1.0,950000.0,450000.0,1.0,150000.0,96300.0,3.0,106541.7,67676.0,750.0
9,2.0,1.0,4.0,2.0,4.0,2.0,30.0,80000.0,2.0,2.0,2.0,1.0,1.0,2.0,0.0,2.0,4.0,1.0,1.0,900000.0,500000.0,1.0,100000.0,45300.0,2.0,95888.3,64739.0,753.0
9,5.0,1.0,5.0,1.0,4.0,1.0,30.0,110000.0,3.0,2.0,2.0,2.0,2.0,1.0,40000.0,1.0,1.0,1.0,2.0,1700000.0,900000.0,1.0,270000.0,653000.0,3.0,132708.85,291504.0,744.0
9,5.0,1.0,4.0,1.0,4.0,1.0,30.0,110000.0,2.0,2.0,2.0,2.0,1.0,2.0,30000.0,1.0,2.0,4.0,2.0,1500000.0,850000.0,1.0,260000.0,500300.0,3.0,124626.7,236285.0,280745.0
9,5.0,1.0,5.0,1.0,4.0,1.0,30.0,150000.0,2.0,2.0,2.0,1.0,1.0,1.0,0.0,2.0,4.0,1.0,2.0,3800000.0,1600000.0,1.0,300000.0,880000.0,3.0,147644.1,182580.0,739.0
9,6.0,1.0,5.0,1.0,4.0,1.0,30.0,140000.0,2.0,2.0,2.0,2.0,1.0,2.0,0.0,1.0,2.0,4.0,2.0,1800000.0,750000.0,1.0,250000.0,436350.0,6.0,92368.0,124862.0,743.0
9,3.0,1.0,4.0,2.0,4.0,1.0,30.0,120000.0,2.0,2.0,2.0,2.0,2.0,2.0,0.0,2.0,4.0,1.0,2.0,1000000.0,500000.0,1.0,200000.0,255000.0,3.0,84997.43,37820.0,751.0
9,5.0,1.0,5.0,1.0,4.0,1.0,30.0,120000.0,2.0,2.0,2.0,1.0,2.0,2.0,0.0,1.0,4.0,3.0,2.0,1700000.0,800000.0,1.0,200000.0,790000.0,3.0,114964.45,327117.0,746.0
9,5.0,1.0,4.0,1.0,4.0,2.0,30.0,110000.0,2.0,2.0,2.0,2.0,1.0,2.0,0.0,2.0,4.0,1.0,2.0,1500000.0,650000.0,1.0,220000.0,55600.0,2.0,91385.4,35526.0,746.0
9,2.0,1.0,3.0,2.0,4.0,2.0,30.0,66000.0,4.0,2.0,2.0,2.0,1.0,2.0,50000.0,1.0,4.0,3.0,2.0,500000.0,280000.0,1.0,100000.0,19900.0,1.0,42470.85,93303.0,748.0
9,4.0,1.0,4.0,2.0,4.0,1.0,30.0,50000.0,4.0,2.0,2.0,2.0,2.0,2.0,100000.0,1.0,4.0,6.0,2.0,1600000.0,900000.0,1.0,220000.0,90000.0,1.0,33614.7,161711.0,742.0
9,1.0,1.0,3.0,2.0,4.0,2.0,30.0,68000.0,4.0,2.0,2.0,2.0,2.0,2.0,40000.0,1.0,4.0,3.0,2.0,600000.0,300000.0,1.0,100000.0,39800.0,1.0,63840.9,104683.0,752.0
9,5.0,1.0,4.0,2.0,4.0,1.0,30.0,45000.0,4.0,2.0,2.0,2.0,2.0,2.0,130000.0,1.0,4.0,6.0,2.0,1800000.0,700000.0,1.0,260000.0,105000.0,1.0,52531.7,55271.0,747.0
9,4.0,1.0,4.0,2.0,4.0,1.0,30.0,30000.0,3.0,2.0,2.0,2.0,2.0,2.0,100000.0,1.0,4.0,6.0,2.0,1600000.0,600000.0,1.0,260000.0,100000.0,1.0,53553.4,138751.0,744.0
9,2.0,1.0,3.0,2.0,4.0,2.0,30.0,68000.0,4.0,2.0,2.0,2.0,2.0,2.0,50000.0,1.0,4.0,3.0,2.0,800000.0,500000.0,1.0,150000.0,79700.0,2.0,63585.6,47097.0,752.0
9,3.0,1.0,4.0,1.0,4.0,1.0,30.0,80000.0,3.0,2.0,2.0,2.0,2.0,2.0,50000.0,1.0,4.0,6.0,2.0,1000000.0,600000.0,1.0,200000.0,130000.0,1.0,70695.15,173711.0,742.0
9,5.0,1.0,4.0,1.0,4.0,1.0,30.0,60000.0,4.0,2.0,2.0,2.0,2.0,2.0,120000.0,1.0,4.0,6.0,2.0,1800000.0,900000.0,1.0,260000.0,90000.0,1.0,44932.5,151935.0,742.0
9,4.0,1.0,3.0,2.0,4.0,2.0,30.0,60000.0,3.0,2.0,2.0,2.0,1.0,2.0,0.0,2.0,4.0,6.0,2.0,350000.0,250000.0,1.0,150000.0,83400.0,2.0,39139.0,71160.0,748.0
9,3.0,1.0,3.0,1.0,4.0,1.0,30.0,80000.0,3.0,2.0,2.0,2.0,2.0,2.0,100000.0,1.0,4.0,6.0,2.0,1600000.0,900000.0,1.0,200000.0,160000.0,2.0,118095.15,142372.0,741.0
9,4.0,1.0,4.0,1.0,4.0,1.0,30.0,70000.0,3.0,2.0,2.0,2.0,2.0,2.0,100000.0,1.0,4.0,1.0,2.0,1600000.0,800000.0,1.0,250000.0,206600.0,3.0,118452.8,170869.0,743.0
9,3.0,1.0,3.0,2.0,4.0,1.0,30.0,33000.0,3.0,2.0,2.0,1.0,2.0,2.0,50000.0,1.0,4.0,6.0,2.0,1500000.0,900000.0,1.0,180000.0,150000.0,1.0,51313.35,62609.0,747.0
9,4.0,1.0,4.0,2.0,4.0,1.0,30.0,30000.0,4.0,2.0,2.0,1.0,2.0,2.0,70000.0,1.0,4.0,6.0,2.0,1800000.0,900000.0,1.0,200000.0,110000.0,1.0,58531.3,160762.0,747.0
9,1.0,1.0,3.0,2.0,4.0,2.0,30.0,65000.0,4.0,2.0,2.0,2.0,2.0,2.0,30000.0,1.0,1.0,1.0,2.0,500000.0,200000.0,1.0,80000.0,53500.0,2.0,69485.25,55380.0,755.0
9,4.0,1.0,3.0,2.0,4.0,1.0,30.0,26000.0,3.0,2.0,2.0,2.0,2.0,2.0,100000.0,1.0,4.0,6.0,2.0,1500000.0,650000.0,1.0,180000.0,100000.0,1.0,83452.9,181327.0,746.0
9,1.0,1.0,3.0,2.0,4.0,2.0,30.0,60000.0,4.0,2.0,2.0,2.0,2.0,2.0,50000.0,1.0,4.0,3.0,2.0,500000.0,300000.0,1.0,100000.0,39800.0,1.0,75954.7,100074.0,748.0
9,5.0,1.0,3.0,2.0,4.0,2.0,30.0,68000.0,3.0,2.0,2.0,2.0,1.0,2.0,60000.0,1.0,4.0,6.0,2.0,500000.0,300000.0,1.0,150000.0,40600.0,1.0,63600.2,62806.0,747.0
9,4.0,1.0,4.0,1.0,4.0,1.0,30.0,80000.0,4.0,2.0,2.0,2.0,2.0,2.0,50000.0,1.0,4.0,6.0,2.0,1600000.0,880000.0,1.0,200000.0,100000.0,1.0,95439.45,165216.0,743.0
9,6.0,1.0,3.0,2.0,4.0,2.0,30.0,70000.0,4.0,3.0,2.0,2.0,2.0,2.0,400000.0,1.0,1.0,4.0,1.0,2000000.0,2500.0,1.0,250000.0,165000.0,3.0,114642.53,111879.0,751.0
9,2.0,1.0,4.0,2.0,4.0,2.0,30.0,130000.0,3.0,3.0,2.0,2.0,2.0,2.0,0.0,2.0,4.0,4.0,2.0,1000000.0,500000.0,1.0,200000.0,80000.0,2.0,83007.9,63110.0,751.0
9,9.0,1.0,6.0,1.0,4.0,1.0,30.0,300000.0,3.0,3.0,2.0,2.0,2.0,2.0,0.0,2.0,4.0,4.0,2.0,7000.0,5000.0,1.0,200000.0,290000.0,4.0,270550.75,258444.0,747.0
9,6.0,1.0,4.0,1.0,3.0,1.0,30.0,300000.0,3.0,3.0,2.0,2.0,2.0,2.0,150000.0,1.0,4.0,4.0,2.0,8000.0,5000.0,3.0,962140.0,425000.0,5.0,241572.875,222900.0,745.0
9,6.0,1.0,4.0,1.0,4.0,1.0,30.0,100000.0,3.0,3.0,2.0,2.0,2.0,2.0,0.0,2.0,4.0,4.0,2.0,5000.0,2500.0,1.0,200000.0,323000.0,4.0,214532.83,278398.0,747.0
9,5.0,1.0,4.0,1.0,4.0,1.0,30.0,120000.0,3.0,3.0,2.0,2.0,2.0,2.0,0.0,2.0,4.0,4.0,2.0,2000000.0,700000.0,1.0,300000.0,145000.0,2.0,208356.65,216673.0,746.0
9,4.0,1.0,4.0,1.0,4.0,1.0,30.0,150000.0,3.0,3.0,2.0,2.0,2.0,2.0,1764000.0,1.0,4.0,4.0,2.0,5000.0,2000.0,1.0,400000.0,300000.0,2.0,215156.9,188388.0,5400748.0
9,4.0,1.0,6.0,1.0,3.0,1.0,30.0,150000.0,3.0,3.0,2.0,2.0,2.0,2.0,2000000.0,1.0,4.0,4.0,2.0,2000000.0,2000.0,1.0,300000.0,750000.0,4.0,215268.2,412955.0,746.0
9,2.0,1.0,6.0,2.0,4.0,2.0,30.0,80000.0,3.0,3.0,2.0,2.0,1.0,2.0,0.0,2.0,4.0,4.0,2.0,2000.0,1000.0,1.0,200000.0,84000.0,2.0,90641.9,43947.0,752.0
9,5.0,1.0,3.0,2.0,4.0,2.0,30.0,120000.0,4.0,3.0,2.0,2.0,2.0,2.0,0.0,2.0,1.0,2.0,2.0,500000.0,400000.0,1.0,100000.0,132000.0,3.0,79900.3,44793.0,755.0
9,6.0,1.0,5.0,1.0,4.0,1.0,30.0,200000.0,3.0,2.0,2.0,2.0,2.0,2.0,0.0,2.0,4.0,6.0,2.0,1000000.0,800000.0,1.0,150000.0,270000.0,2.0,220981.0,638390.0,742.0
9,4.0,1.0,4.0,1.0,4.0,2.0,30.0,150000.0,3.0,3.0,2.0,2.0,1.0,2.0,0.0,2.0,4.0,6.0,2.0,2000000.0,1000000.0,1.0,100000.0,156000.0,4.0,148684.1,288198.0,745.0
9,3.0,1.0,4.0,1.0,4.0,1.0,30.0,200000.0,3.0,2.0,2.0,2.0,2.0,2.0,0.0,2.0,4.0,6.0,2.0,1000000.0,800000.0,1.0,150000.0,166000.0,4.0,157829.0,242290.0,741.0
9,1.0,1.0,5.0,2.0,4.0,2.0,30.0,70000.0,3.0,3.0,2.0,2.0,1.0,2.0,0.0,2.0,4.0,6.0,2.0,1000000.0,500000.0,1.0,40000.0,42000.0,1.0,115804.12,73561.0,751.0
9,4.0,1.0,4.0,2.0,4.0,2.0,30.0,80000.0,3.0,3.0,2.0,2.0,2.0,2.0,0.0,2.0,4.0,6.0,2.0,500000.0,400000.0,1.0,70000.0,95000.0,2.0,73563.02,151479.0,754.0
9,2.0,1.0,4.0,1.0,4.0,2.0,30.0,150000.0,3.0,2.0,2.0,2.0,2.0,2.0,0.0,2.0,4.0,6.0,2.0,1000000.0,500000.0,1.0,200000.0,300000.0,1.0,152825.34,170901.0,742.0
9,1.0,1.0,3.0,2.0,4.0,2.0,30.0,75000.0,4.0,3.0,2.0,2.0,2.0,2.0,0.0,2.0,3.0,2.0,2.0,500000.0,400000.0,1.0,60000.0,62000.0,2.0,90163.5,114195.0,752.0
9,3.0,1.0,5.0,1.0,4.0,2.0,30.0,150000.0,3.0,2.0,2.0,2.0,1.0,2.0,0.0,2.0,4.0,6.0,2.0,1000000.0,800000.0,1.0,100000.0,10000.0,1.0,129091.69,483782.0,744.0
9,4.0,1.0,6.0,1.0,4.0,1.0,30.0,120000.0,3.0,3.0,2.0,2.0,2.0,2.0,800000.0,1.0,4.0,4.0,2.0,0.0,0.0,1.0,410000.0,410000.0,4.0,206068.11,418024.0,200743.0
9,5.0,3.0,5.0,1.0,4.0,2.0,31.0,160000.0,3.0,3.0,2.0,2.0,2.0,2.0,0.0,2.0,4.0,6.0,2.0,10000000.0,5000000.0,1.0,250000.0,255000.0,3.0,189219.1,238039.0,745.0
9,1.0,1.0,4.0,1.0,4.0,2.0,30.0,80000.0,2.0,2.0,2.0,2.0,1.0,2.0,0.0,2.0,4.0,5.0,2.0,0.0,0.0,1.0,75000.0,75000.0,1.0,107819.25,290370.0,743.0
9,2.0,5.0,2.0,2.0,2.0,1.0,30.0,127222.22222222222,4.0,3.0,2.0,2.0,2.0,2.0,800000.0,2.0,4.0,6.0,2.0,0.0,0.0,2.0,57840.0,8000.0,1.0,116762.8,116515.0,750.0
9,1.0,1.0,3.0,2.0,4.0,2.0,30.0,45000.0,3.0,3.0,2.0,2.0,1.0,2.0,25000.0,1.0,1.0,3.0,2.0,0.0,500000.0,1.0,77000.0,59000.0,3.0,119416.5,166685.0,749.0
9,3.0,1.0,5.0,2.0,4.0,2.0,30.0,30000.0,4.0,3.0,2.0,2.0,2.0,2.0,60000.0,1.0,4.0,6.0,2.0,0.0,0.0,1.0,80000.0,31000.0,2.0,122603.17,146791.7,749.0
9,3.0,1.0,3.0,1.0,4.0,2.0,30.0,150000.0,3.0,2.0,2.0,2.0,2.0,2.0,45000.0,1.0,4.0,6.0,2.0,0.0,2000000.0,1.0,196000.0,132500.0,3.0,107113.65,70765.0,743.0
9,4.0,1.0,5.0,1.0,4.0,1.0,30.0,250000.0,3.0,2.0,2.0,2.0,1.0,2.0,400000.0,1.0,4.0,6.0,2.0,6000000.0,3000000.0,1.0,170000.0,170000.0,1.0,142840.31,420247.0,740.0
9,3.0,1.0,5.0,1.0,4.0,1.0,30.0,135000.0,2.0,2.0,2.0,1.0,2.0,2.0,0.0,2.0,4.0,6.0,2.0,0.0,0.0,1.0,300000.0,813000.0,3.0,137941.58,232806.0,300742.0
9,5.0,1.0,3.0,1.0,4.0,1.0,30.0,120000.0,3.0,2.0,2.0,2.0,1.0,2.0,0.0,2.0,4.0,6.0,2.0,0.0,0.0,1.0,200000.0,219000.0,2.0,231633.1,256158.0,744.0
9,4.0,1.0,2.0,1.0,4.0,1.0,30.0,100000.0,3.0,2.0,2.0,1.0,2.0,2.0,0.0,2.0,4.0,6.0,2.0,0.0,0.0,1.0,250000.0,220000.0,2.0,317684.64,604327.0,741.0
9,5.0,1.0,3.0,1.0,4.0,2.0,30.0,120000.0,3.0,2.0,2.0,2.0,1.0,2.0,0.0,2.0,4.0,2.0,2.0,0.0,0.0,1.0,283333.3333333333,89000.0,2.0,333332.21,400012.0,746.0
9,1.0,1.0,1.0,2.0,4.0,2.0,30.0,55000.0,4.0,2.0,2.0,2.0,2.0,2.0,60000.0,1.0,4.0,6.0,2.0,0.0,0.0,1.0,50000.0,47200.0,1.0,128262.38,113532.0,751.0
9,4.0,3.0,3.0,1.0,4.0,2.0,30.0,150000.0,3.0,3.0,2.0,2.0,2.0,2.0,0.0,2.0,4.0,6.0,2.0,0.0,0.0,1.0,250000.0,250000.0,1.0,270755.8,387374.0,745.0
9,3.0,1.0,2.0,1.0,4.0,2.0,30.0,100000.0,4.0,3.0,2.0,2.0,2.0,2.0,200000.0,1.0,4.0,6.0,2.0,0.0,0.0,1.0,150000.0,134000.0,2.0,282437.26,324795.0,748.0
9,1.0,1.0,1.0,2.0,4.0,2.0,30.0,35000.0,3.0,2.0,2.0,2.0,2.0,2.0,0.0,2.0,4.0,6.0,2.0,0.0,0.0,1.0,60000.0,95000.0,1.0,105968.4,116757.0,747.0
9,4.0,1.0,3.0,1.0,4.0,1.0,30.0,250000.0,3.0,2.0,2.0,1.0,1.0,2.0,0.0,2.0,4.0,6.0,2.0,0.0,0.0,1.0,120000.0,223000.0,2.0,172053.0,138982.0,743.0
9,2.0,1.0,1.0,2.0,4.0,2.0,30.0,90000.0,3.0,2.0,2.0,2.0,2.0,2.0,0.0,2.0,4.0,6.0,2.0,0.0,0.0,1.0,100000.0,90000.0,1.0,206074.83,53304.0,749.0
9,2.0,3.0,2.0,1.0,4.0,2.0,30.0,60000.0,3.0,3.0,2.0,2.0,2.0,2.0,5500000.0,1.0,4.0,6.0,2.0,10000000.0,8000000.0,1.0,6000000.0,170000.0,2.0,76632.55,99345.0,748.0
9,2.0,1.0,3.0,1.0,4.0,2.0,30.0,140000.0,2.0,1.0,2.0,2.0,2.0,2.0,2200000.0,1.0,4.0,6.0,2.0,0.0,0.0,1.0,342222.22222222225,172000.0,3.0,154703.9,117061.0,742.0
9,3.0,3.0,1.0,1.0,4.0,2.0,30.0,107000.0,3.0,3.0,2.0,2.0,1.0,2.0,110000.0,1.0,4.0,6.0,2.0,2000000.0,1500000.0,1.0,1000000.0,74000.0,1.0,86191.05,91985.0,748.0
9,1.0,1.0,2.0,2.0,4.0,2.0,30.0,75000.0,2.0,3.0,2.0,2.0,2.0,2.0,0.0,2.0,4.0,3.0,2.0,0.0,0.0,1.4444444444444444,241978.88888888888,103000.0,2.0,102571.72,98555.0,749.0
9,5.0,1.0,3.0,1.0,4.0,2.0,30.0,85000.0,3.0,3.0,2.0,2.0,2.0,2.0,0.0,2.0,4.0,2.0,2.0,2000.0,1500.0,3.0,481070.0,101700.0,2.0,150563.8,111812.0,747.0
9,3.0,1.0,4.0,1.0,4.0,2.0,30.0,40000.0,2.0,3.0,2.0,2.0,1.0,2.0,0.0,2.0,4.0,6.0,2.0,1000000.0,800000.0,1.0,600000.0,200000.0,1.0,93004.15,120421.0,744.0
9,1.0,1.0,1.0,2.0,4.0,2.0,31.0,80000.0,3.0,3.0,2.0,2.0,1.0,2.0,0.0,2.0,4.0,6.0,2.0,0.0,0.0,1.0,127222.22222222222,50000.0,1.0,46970.2,58414.22222222222,752.0
9,4.0,1.0,3.0,1.0,4.0,1.0,30.0,150000.0,2.0,2.0,2.0,2.0,1.0,2.0,0.0,2.0,4.0,6.0,2.0,0.0,0.0,1.2222222222222223,264904.1666666667,200000.0,1.0,174975.45,212066.0,743.0
9,4.0,3.0,3.0,1.0,4.0,1.0,30.0,80000.0,3.0,3.0,2.0,2.0,1.0,2.0,0.0,2.0,4.0,2.0,2.0,1000000.0,800000.0,1.0,700000.0,200000.0,1.0,103115.25,111375.0,747.0
9,4.0,1.0,4.0,1.0,4.0,1.0,30.0,100000.0,3.0,3.0,2.0,2.0,2.0,2.0,0.0,2.0,4.0,6.0,2.0,3500000.0,2800000.0,1.0,2000000.0,170000.0,2.0,37586.95,327540.0,743.0
9,1.0,1.0,2.0,1.0,4.0,2.0,30.0,52000.0,3.0,3.0,2.0,2.0,2.0,2.0,0.0,2.0,4.0,4.0,2.0,2500000.0,2000000.0,1.0,1500000.0,100000.0,2.0,71852.25,196173.0,747.0
9,4.0,1.0,3.0,1.0,4.0,1.0,30.0,98000.0,3.0,2.0,2.0,2.0,2.0,2.0,70000.0,1.0,4.0,6.0,2.0,4000000.0,3000000.0,1.0,2500000.0,197000.0,3.0,73753.25,513858.0,743.0
9,5.0,1.0,3.0,2.0,4.0,1.0,30.0,88000.0,3.0,3.0,2.0,2.0,2.0,2.0,200000.0,1.0,4.0,5.0,2.0,5000000.0,4000000.0,1.0,3000000.0,230000.0,3.0,80921.65,392696.0,747.0
9,6.0,1.0,5.0,1.0,4.0,1.0,30.0,96000.0,3.0,3.0,2.0,2.0,2.0,2.0,380000.0,1.0,4.0,6.0,2.0,6000000.0,5000000.0,1.0,4000000.0,393000.0,5.0,110200.8,400834.0,745.0
9,4.0,1.0,3.0,1.0,4.0,1.0,30.0,79000.0,3.0,3.0,2.0,2.0,2.0,2.0,300000.0,1.0,4.0,6.0,2.0,4600000.0,4000000.0,1.0,3500000.0,265000.0,4.0,88875.35,466352.0,744.0
9,5.0,1.0,4.0,1.0,4.0,1.0,31.0,86000.0,3.0,3.0,2.0,2.0,2.0,2.0,220000.0,1.0,4.0,3.0,2.0,6000000.0,5500000.0,1.0,4000000.0,367000.0,4.0,85990.55,350695.0,745.0
9,4.0,1.0,4.0,1.0,4.0,1.0,31.0,96000.0,3.0,3.0,2.0,2.0,2.0,2.0,170000.0,1.0,4.0,5.0,2.0,4000000.0,3500000.0,1.0,3000000.0,375000.0,4.0,83404.6,406893.0,745.0
9,7.0,1.0,4.0,1.0,4.0,1.0,30.0,92000.0,3.0,3.0,2.0,2.0,2.0,2.0,40000.0,1.0,4.0,5.0,2.0,6000000.0,5000000.0,1.0,4000000.0,254000.0,3.0,65638.1,465927.0,744.0
9,4.0,1.0,3.0,2.0,4.0,2.0,30.0,130000.0,3.0,2.0,2.0,2.0,1.0,2.0,0.0,2.0,4.0,6.0,2.0,0.0,0.0,1.0,227777.77777777775,60000.0,1.0,21821.0,140427.0,752.0
9,4.0,1.0,4.0,1.0,4.0,2.0,30.0,100001.55555555556,3.0,3.0,2.0,2.0,2.0,2.0,0.0,2.0,4.0,6.0,2.0,0.0,0.0,1.2222222222222223,193118.33333333337,200000.0,1.0,77820.4,182783.0,748.0
9,6.0,1.0,5.0,1.0,4.0,1.0,30.0,300000.0,2.0,2.0,2.0,2.0,2.0,2.0,300000.0,1.0,4.0,6.0,2.0,0.0,0.0,1.2222222222222223,319975.55555555556,99000.0,2.0,51986.0,320182.0,746.0
9,5.0,1.0,5.0,2.0,4.0,1.0,30.0,7.0,4.0,3.0,2.0,2.0,2.0,2.0,0.0,2.0,4.0,6.0,2.0,0.0,0.0,1.0,146666.66666666666,90000.0,1.0,45622.6,134530.0,749.0
9,5.0,1.0,5.0,2.0,4.0,2.0,30.0,7.0,4.0,3.0,2.0,2.0,2.0,2.0,1000000.0,1.0,4.0,4.0,2.0,0.0,1000000.0,1.0,250000.0,140000.0,2.0,38308.8,62027.0,754.0
9,8.0,1.0,8.0,1.0,4.0,1.0,30.0,200000.0,3.0,3.0,2.0,2.0,2.0,2.0,2800000.0,1.0,4.0,6.0,2.0,0.0,0.0,1.4444444444444444,440338.8888888889,90000.0,2.0,31960.3,195201.0,746.0
9,7.0,1.0,4.0,2.0,4.0,2.0,30.0,7.0,3.0,3.0,2.0,2.0,2.0,2.0,0.0,2.0,4.0,6.0,2.0,0.0,0.0,1.0,200000.0,76000.0,2.0,73097.0,135391.0,751.0
9,3.0,1.0,4.0,2.0,4.0,1.0,25.88888888888889,180000.0,4.0,3.0,2.0,2.0,2.0,2.0,0.0,2.0,4.0,6.0,2.0,0.0,0.0,1.2222222222222223,185087.22222222225,100000.0,1.0,45877.6,88359.0,747.0
9,3.0,1.0,4.0,1.0,4.0,1.0,30.0,150000.0,3.0,2.0,2.0,2.0,1.0,2.0,0.0,2.0,4.0,6.0,2.0,0.0,0.0,1.0,238911.11111111112,268200.0,2.0,34801.7,167119.0,751.0
9,5.0,1.0,2.0,1.0,4.0,2.0,30.0,60000.0,2.0,3.0,2.0,2.0,2.0,2.0,500000.0,1.0,4.0,6.0,2.0,0.0,800000.0,1.0,400000.0,180000.0,4.0,265274.0,226451.0,749.0
9,5.0,1.0,2.0,1.0,4.0,2.0,30.0,100000.0,3.0,3.0,2.0,2.0,2.0,2.0,0.0,2.0,4.0,5.0,2.0,0.0,500000.0,1.0,250000.0,145000.0,3.0,213060.75,127647.0,748.0
9,5.0,1.0,3.0,1.0,4.0,2.0,30.0,100000.0,3.0,3.0,2.0,2.0,2.0,2.0,1000000.0,1.0,4.0,6.0,2.0,0.0,800000.0,1.0,400000.0,105000.0,3.0,193844.1,279782.0,748.0
9,4.0,1.0,3.0,1.0,4.0,1.0,30.0,160000.0,2.0,2.0,2.0,2.0,1.0,2.0,200000.0,1.0,4.0,6.0,2.0,0.0,1000000.0,1.0,500000.0,53000.0,3.0,109864.05,133177.0,745.0
9,6.0,1.0,3.0,1.0,4.0,1.0,30.0,200000.0,3.0,2.0,2.0,2.0,2.0,2.0,0.0,2.0,4.0,6.0,2.0,0.0,600000.0,1.0,300000.0,139000.0,3.0,240748.2,239284.0,746.0
9,1.0,1.0,2.0,1.0,4.0,2.0,30.0,40000.0,3.0,3.0,2.0,2.0,2.0,2.0,0.0,2.0,4.0,6.0,2.0,0.0,200000.0,1.0,100000.0,40000.0,1.0,51775.9,44423.0,751.0
9,4.0,3.0,2.0,1.0,4.0,2.0,30.0,100000.0,2.0,2.0,2.0,2.0,1.0,2.0,0.0,2.0,4.0,5.0,2.0,0.0,500000.0,1.0,250000.0,85000.0,2.0,179531.95,118578.0,746.0
9,4.0,3.0,3.0,1.0,4.0,2.0,30.0,50000.0,3.0,3.0,2.0,2.0,2.0,2.0,400000.0,1.0,4.0,6.0,2.0,0.0,800000.0,1.0,400000.0,200000.0,1.0,213452.05,135058.0,749.0
9,4.0,1.0,3.0,1.0,4.0,2.0,30.0,250000.0,2.0,2.0,2.0,2.0,1.0,2.0,0.0,2.0,4.0,6.0,2.0,0.0,400000.0,1.0,200000.0,95000.0,2.0,173626.91,249808.0,746.0
9,3.0,1.0,4.0,1.0,4.0,2.0,27.77777777777778,80000.0,4.0,3.0,2.0,2.0,2.0,2.0,0.0,2.0,4.0,1.0,2.0,6000000.0,1000000.0,1.0,200000.0,50000.0,1.0,74439.7,112266.0,751.0
9,6.0,1.0,4.0,2.0,4.0,2.0,30.444444444444443,120000.0,3.0,3.0,2.0,2.0,2.0,2.0,0.0,2.0,1.0,1.0,1.0,5000000.0,1000000.0,1.0,200000.0,93000.0,3.0,64813.0,161287.0,753.0
9,2.0,1.0,3.0,1.0,4.0,2.0,30.88888888888889,100000.0,3.0,3.0,2.0,2.0,1.0,2.0,0.0,2.0,4.0,2.0,2.0,700000.0,500000.0,1.0,200000.0,150200.0,2.0,43482.5,135496.0,747.0
9,4.0,1.0,1.0,1.0,4.0,2.0,28.333333333333332,100000.0,5.0,3.0,1.0,2.0,1.0,2.0,0.0,2.0,4.0,1.0,2.0,800000.0,700000.0,1.0,200000.0,100000.0,1.0,144800.6,67641.0,746.0
9,6.0,1.0,4.0,1.0,4.0,1.0,26.333333333333332,150000.0,3.0,2.0,2.0,1.0,2.0,2.0,0.0,2.0,4.0,1.0,2.0,10000000.0,1000000.0,1.0,200000.0,215000.0,3.0,99844.9,455990.0,742.0
9,2.0,1.0,3.0,2.0,4.0,2.0,27.333333333333332,100000.0,4.0,3.0,2.0,2.0,2.0,2.0,0.0,2.0,4.0,1.0,2.0,700000.0,500000.0,1.0,100000.0,50000.0,1.0,38282.5,35880.0,756.0
9,6.0,1.0,4.0,1.0,4.0,2.0,29.555555555555557,160000.0,3.0,3.0,2.0,2.0,2.0,2.0,0.0,2.0,1.0,1.0,2.0,800000.0,600000.0,1.0,200000.0,253000.0,5.0,73380.5,428901.0,748.0
9,5.0,1.0,4.0,1.0,4.0,2.0,30.555555555555557,120000.0,3.0,1.0,2.0,2.0,1.0,2.0,0.0,2.0,4.0,1.0,2.0,800000.0,600000.0,1.0,400000.0,100000.0,2.0,56935.7,181962.0,744.0
9,3.0,1.0,1.0,1.0,4.0,2.0,30.77777777777778,80000.0,5.0,3.0,1.0,2.0,2.0,2.0,0.0,2.0,4.0,2.0,2.0,600000.0,400000.0,1.0,300000.0,60000.0,1.0,65219.5,132613.0,752.0
9,4.0,1.0,3.0,2.0,4.0,2.0,30.0,140000.0,3.0,2.0,2.0,2.0,1.0,2.0,0.0,2.0,1.0,2.0,2.0,4000000.0,2500000.0,1.0,280000.0,148500.0,2.0,123197.9,140790.0,748.0
9,6.0,1.0,3.0,1.0,4.0,2.0,30.0,80000.0,3.0,3.0,2.0,1.0,1.0,2.0,0.0,2.0,1.0,4.0,2.0,3000000.0,2000000.0,1.0,200000.0,156000.0,3.0,95839.5,159187.0,744.0
9,8.0,1.0,4.0,2.0,4.0,2.0,30.0,80000.0,3.0,2.0,2.0,2.0,2.0,2.0,0.0,2.0,1.0,4.0,2.0,4500000.0,3000000.0,1.0,200000.0,226500.0,4.0,92637.0,179044.0,746.0
9,5.0,1.0,4.0,2.0,4.0,2.0,30.0,200000.0,2.0,1.0,2.0,1.0,2.0,2.0,0.0,2.0,4.0,4.0,2.0,5000000.0,1000000.0,1.0,150000.0,151000.0,3.0,133056.2,77541.0,746.0
9,1.0,1.0,1.0,2.0,4.0,2.0,30.0,60000.0,4.0,3.0,2.0,2.0,1.0,2.0,0.0,2.0,4.0,6.0,2.0,450000.0,200000.0,1.0,50000.0,36000.0,1.0,64534.1,50611.0,751.0
9,7.0,1.0,4.0,2.0,4.0,1.0,30.0,90000.0,2.0,2.0,2.0,2.0,2.0,2.0,0.0,2.0,1.0,4.0,2.0,500000.0,350000.0,1.0,100000.0,230000.0,4.0,144055.1,196144.0,746.0
9,10.0,1.0,4.0,2.0,4.0,2.0,30.0,200000.0,2.0,2.0,2.0,2.0,1.0,2.0,0.0,2.0,1.0,4.0,2.0,6000000.0,4000000.0,1.0,300000.0,359000.0,4.0,184007.1,232537.0,746.0
9,6.0,1.0,3.0,1.0,4.0,2.0,30.0,80000.0,3.0,2.0,2.0,2.0,2.0,2.0,0.0,2.0,1.0,4.0,2.0,3500000.0,2500000.0,1.0,200000.0,134000.0,3.0,77922.4,197025.0,744.0
9,7.0,1.0,3.0,1.0,4.0,2.0,30.0,90000.0,3.0,2.0,2.0,2.0,2.0,2.0,0.0,2.0,1.0,4.0,2.0,4500000.0,3000000.0,1.0,250000.0,265500.0,4.0,100985.6,118961.0,744.0
9,3.0,1.0,3.0,1.0,4.0,2.0,31.0,72000.0,3.0,3.0,2.0,1.0,1.0,2.0,0.0,2.0,4.0,6.0,2.0,0.0,250000.0,1.0,150000.0,70000.0,2.0,75758.6,81803.0,745.0
9,2.0,1.0,6.0,2.0,4.0,2.0,31.0,92000.0,3.0,3.0,2.0,2.0,2.0,2.0,0.0,2.0,4.0,6.0,2.0,0.0,0.0,1.0,200000.0,76000.0,3.0,104717.1,55305.0,752.0
9,2.0,1.0,3.0,2.0,4.0,2.0,31.0,64000.0,3.0,3.0,2.0,2.0,1.0,2.0,0.0,2.0,4.0,6.0,2.0,0.0,0.0,1.0,90000.0,64000.0,2.0,67308.8,40348.0,751.0
9,3.0,1.0,3.0,2.0,4.0,2.0,30.0,90000.0,3.0,3.0,2.0,2.0,2.0,2.0,0.0,2.0,4.0,6.0,2.0,0.0,0.0,1.0,100000.0,60000.0,2.0,76752.45,41949.0,750.0
9,5.0,1.0,2.0,1.0,4.0,2.0,30.0,120000.0,2.0,2.0,2.0,2.0,1.0,2.0,0.0,2.0,4.0,6.0,2.0,400000.0,200000.0,1.0,100000.0,89000.0,2.0,115246.4,123278.0,744.0
9,5.0,1.0,3.0,1.0,4.0,2.0,31.0,90000.0,3.0,3.0,2.0,1.0,1.0,2.0,0.0,2.0,4.0,5.0,2.0,4500000.0,2000000.0,1.0,100000.0,135000.0,2.0,120403.85,91365.0,745.0
9,2.0,1.0,4.0,2.0,4.0,2.0,31.0,60000.0,3.0,3.0,2.0,2.0,2.0,2.0,0.0,2.0,4.0,6.0,2.0,600000.0,250000.0,1.0,150000.0,55000.0,2.0,71472.8,41718.0,750.0
9,1.0,1.0,3.0,2.0,4.0,2.0,30.0,90000.0,4.0,3.0,2.0,2.0,1.0,2.0,0.0,2.0,4.0,6.0,2.0,0.0,0.0,1.0,80000.0,65000.0,2.0,93577.6,31821.0,750.0
9,2.0,1.0,5.0,1.0,4.0,1.0,30.0,120000.0,2.0,2.0,2.0,2.0,1.0,2.0,0.0,2.0,4.0,6.0,2.0,0.0,0.0,1.0,200000.0,216000.0,3.0,165834.6,125084.0,742.0
9,5.0,1.0,4.0,1.0,4.0,1.0,30.0,120000.0,3.0,2.0,2.0,1.0,2.0,2.0,700000.0,1.0,4.0,3.0,2.0,1500000.0,800000.0,1.0,350000.0,296000.0,4.0,76923.55,338966.0,800747.0
9,6.0,1.0,4.0,1.0,4.0,1.0,30.0,140000.0,3.0,2.0,2.0,2.0,1.0,2.0,500000.0,1.0,4.0,3.0,2.0,1500000.0,1000000.0,1.0,500000.0,410000.0,5.0,112809.05,519029.0,742.0
9,4.0,1.0,2.0,1.0,4.0,2.0,30.0,110000.0,4.0,2.0,2.0,2.0,1.0,2.0,30000.0,1.0,4.0,3.0,2.0,800000.0,600000.0,1.0,300000.0,50000.0,2.0,55029.33,158998.0,748.0
9,1.0,1.0,5.0,2.0,4.0,1.0,30.0,80000.0,3.0,2.0,2.0,1.0,2.0,2.0,400000.0,1.0,4.0,5.0,2.0,400000.0,250000.0,1.0,100000.0,80000.0,1.0,75369.83,309500.0,749.0
9,7.0,1.0,4.0,1.0,4.0,1.0,30.0,150000.0,3.0,2.0,2.0,2.0,2.0,2.0,380000.0,1.0,4.0,4.0,2.0,2000000.0,1000000.0,1.0,500000.0,383000.0,4.0,79842.45,525519.0,560744.0
9,3.0,1.0,2.0,2.0,4.0,2.0,30.0,7.0,4.0,3.0,2.0,2.0,1.0,2.0,200000.0,1.0,4.0,4.0,2.0,600000.0,400000.0,1.0,200000.0,90000.0,2.0,45945.87,162178.0,750.0
9,4.0,1.0,4.0,1.0,4.0,1.0,30.0,135000.0,3.0,2.0,2.0,1.0,1.0,2.0,350000.0,1.0,4.0,5.0,2.0,800000.0,500000.0,1.0,250000.0,90000.0,2.0,84423.0,230633.0,745.0
9,6.0,1.0,5.0,1.0,4.0,1.0,30.0,125000.0,3.0,2.0,2.0,1.0,2.0,2.0,800000.0,1.0,4.0,5.0,2.0,1500000.0,1000000.0,1.0,400000.0,315000.0,3.0,66689.5,453043.0,747.0
9,1.0,1.0,2.0,2.0,4.0,2.0,30.0,50000.0,5.0,3.0,2.0,2.0,2.0,2.0,20000.0,1.0,1.0,4.0,2.0,200000.0,120000.0,1.0,50000.0,55000.0,2.0,38821.45,61572.0,755.0
9,2.0,1.0,4.0,2.0,4.0,2.0,30.0,60000.0,4.0,3.0,2.0,2.0,1.0,2.0,40000.0,1.0,2.0,2.0,2.0,0.0,0.0,1.0,80000.0,80000.0,2.0,171684.25,191747.0,754.0
9,5.0,1.0,4.0,1.0,4.0,2.0,30.0,180000.0,3.0,2.0,2.0,1.0,1.0,2.0,0.0,2.0,4.0,6.0,2.0,0.0,600000.0,1.0,200000.0,120000.0,2.0,230560.39,255371.0,742.0
9,2.0,1.0,4.0,2.0,4.0,2.0,30.0,150000.0,4.0,3.0,2.0,1.0,1.0,2.0,0.0,2.0,3.0,2.0,2.0,0.0,300000.0,1.0,150000.0,97000.0,3.0,111050.25,100045.0,751.0
9,6.0,1.0,4.0,1.0,4.0,2.0,30.0,180000.0,4.0,2.0,2.0,1.0,1.0,1.0,105000.0,1.0,4.0,6.0,2.0,1000000.0,600000.0,1.0,200000.0,75000.0,2.0,189282.2,250693.0,745.0
9,1.0,1.0,4.0,1.0,4.0,2.0,30.0,60000.0,4.0,2.0,2.0,1.0,1.0,2.0,0.0,1.0,4.0,6.0,2.0,0.0,200000.0,1.0,80000.0,37000.0,2.0,94067.2,75837.0,746.0
9,2.0,1.0,4.0,1.0,4.0,2.0,30.0,120000.0,4.0,2.0,2.0,1.0,1.0,2.0,0.0,2.0,4.0,3.0,2.0,1000000.0,300000.0,1.0,150000.0,43000.0,2.0,141988.1,274449.0,747.0
9,1.0,1.0,4.0,2.0,4.0,2.0,30.0,21000.0,4.0,2.0,2.0,1.0,1.0,1.0,0.0,2.0,4.0,6.0,2.0,0.0,200000.0,1.0,50000.0,5000.0,1.0,109870.3,97767.0,750.0
9,5.0,1.0,4.0,1.0,4.0,1.0,30.0,150000.0,3.0,2.0,2.0,1.0,1.0,2.0,15000.0,1.0,4.0,3.0,2.0,0.0,500000.0,1.0,220000.0,220000.0,3.0,272903.5,267593.0,744.0
9,5.0,1.0,4.0,1.0,4.0,1.0,30.0,90000.0,4.0,2.0,2.0,1.0,1.0,2.0,1000000.0,2.0,4.0,3.0,2.0,1500000.0,1000000.0,1.0,500000.0,70000.0,1.0,253622.8,185625.0,745.0
9,6.0,1.0,5.0,1.0,4.0,1.0,30.333333333333332,120000.0,3.0,1.0,2.0,2.0,2.0,2.0,0.0,2.0,4.0,3.0,2.0,0.0,500000.0,1.0,180000.0,129000.0,3.0,65706.55,171755.0,745.0
9,3.0,1.0,5.0,1.0,4.0,1.0,30.0,150000.0,2.0,3.0,2.0,1.0,2.0,2.0,0.0,2.0,4.0,2.0,2.0,400000.0,250000.0,1.0,150000.0,180000.0,3.0,190049.3,208534.0,3000746.0
9,6.0,1.0,6.0,1.0,4.0,1.0,30.0,130000.0,3.0,1.0,2.0,1.0,2.0,2.0,800000.0,1.0,4.0,3.0,2.0,0.0,500000.0,1.0,250000.0,115000.0,2.0,174449.5,163397.0,747.0
9,7.0,1.0,4.0,1.0,4.0,2.0,30.0,7.0,5.0,3.0,2.0,2.0,1.0,2.0,0.0,2.0,4.0,2.0,2.0,2000.0,500000.0,1.0,200000.0,90000.0,3.0,90827.0,176468.0,748.0
9,2.0,1.0,4.0,2.0,4.0,2.0,30.0,85000.0,3.0,3.0,2.0,2.0,1.0,2.0,0.0,2.0,4.0,3.0,2.0,0.0,300000.0,1.0,150000.0,100000.0,2.0,102902.46,135531.0,748.0
9,2.0,1.0,3.0,2.0,4.0,2.0,30.0,85000.0,3.0,3.0,2.0,2.0,2.0,2.0,0.0,2.0,4.0,3.0,2.0,0.0,200000.0,1.0,100000.0,75000.0,2.0,87034.05,66054.0,750.0
9,5.0,1.0,3.0,1.0,4.0,2.0,30.0,150000.0,4.0,3.0,2.0,2.0,1.0,2.0,80000.0,1.0,4.0,3.0,2.0,500000.0,400000.0,1.0,200000.0,90000.0,2.0,161209.25,274205.0,748.0
9,4.0,1.0,3.0,2.0,4.0,2.0,30.0,110000.0,3.0,3.0,2.0,2.0,1.0,2.0,100000.0,1.0,1.0,3.0,2.0,500000.0,400000.0,1.0,200000.0,71000.0,3.0,102938.95,110805.0,751.0
9,1.0,5.0,4.0,2.0,3.0,2.0,30.0,60000.0,3.0,3.0,2.0,1.0,2.0,2.0,0.0,2.0,4.0,2.0,2.0,0.0,150000.0,1.0,40000.0,49000.0,2.0,78357.95,66833.0,753.0
9,4.0,1.0,1.0,1.0,4.0,2.0,30.0,96000.0,2.0,1.0,2.0,2.0,2.0,2.0,60000.0,1.0,4.0,4.0,2.0,0.0,300000.0,1.0,150000.0,101500.0,3.0,336083.1,364399.0,500748.0
9,1.0,1.0,1.0,2.0,4.0,2.0,30.0,90000.0,3.0,2.0,2.0,2.0,2.0,2.0,0.0,2.0,4.0,6.0,2.0,0.0,100000.0,1.0,50000.0,47000.0,1.0,80443.04,25880.0,750.0
9,4.0,1.0,4.0,1.0,4.0,2.0,30.0,108000.0,3.0,3.0,2.0,2.0,1.0,2.0,850000.0,1.0,1.0,1.0,2.0,0.0,400000.0,1.0,150000.0,107500.0,4.0,159542.707,128977.0,746.0
9,6.0,1.0,4.0,1.0,4.0,2.0,30.0,180000.0,3.0,2.0,2.0,1.0,1.0,2.0,370000.0,1.0,1.0,2.0,2.0,1000000.0,500000.0,1.0,200000.0,250900.0,5.0,381226.227,471121.0,1165147.0
9,2.0,1.0,2.0,2.0,4.0,2.0,30.0,120000.0,3.0,3.0,2.0,2.0,2.0,2.0,0.0,2.0,4.0,2.0,2.0,0.0,0.0,1.0,100000.0,104000.0,2.0,260446.18,81816.0,750.0
9,2.0,3.0,2.0,2.0,4.0,2.0,30.0,30000.0,3.0,3.0,2.0,2.0,1.0,2.0,20000.0,1.0,1.0,3.0,2.0,300000.0,200000.0,1.0,100000.0,31000.0,3.0,164497.03,131459.0,753.0
9,2.0,1.0,3.0,2.0,4.0,1.0,30.0,72000.0,3.0,3.0,2.0,2.0,2.0,2.0,0.0,2.0,4.0,6.0,2.0,0.0,500000.0,1.0,200000.0,93000.0,2.0,228106.35,91915.0,749.0
9,4.0,1.0,2.0,1.0,4.0,2.0,30.0,90000.0,3.0,3.0,2.0,1.0,1.0,2.0,1000000.0,2.0,4.0,5.0,2.0,5000.0,2000.0,1.0,200000.0,42100.0,3.0,206232.66,232342.0,1600746.0
9,3.0,1.0,2.0,1.0,4.0,2.0,30.0,140000.0,3.0,3.0,2.0,2.0,2.0,2.0,650000.0,1.0,4.0,6.0,2.0,2000.0,500000.0,1.0,200000.0,170000.0,2.0,267511.4,353174.0,1800753.0
9,3.0,1.0,4.0,1.0,4.0,2.0,30.0,75000.0,2.0,2.0,2.0,2.0,1.0,2.0,25000.0,1.0,4.0,6.0,2.0,0.0,2000.0,1.0,50000.0,35000.0,2.0,58065.6,63168.0,746.0
9,4.0,1.0,4.0,2.0,4.0,2.0,30.0,100000.0,2.0,2.0,2.0,2.0,1.0,2.0,0.0,1.0,1.0,6.0,2.0,10000.0,5000.0,1.0,150000.0,36000.0,2.0,132243.24,211500.0,748.0
9,2.0,1.0,4.0,1.0,4.0,2.0,30.0,70000.0,3.0,2.0,2.0,2.0,2.0,2.0,30000.0,1.0,4.0,6.0,2.0,0.0,400000.0,1.0,100000.0,110000.0,2.0,112336.2,64200.0,746.0
9,5.0,1.0,4.0,1.0,4.0,2.0,30.0,120000.0,2.0,2.0,2.0,2.0,1.0,2.0,15000.0,1.0,4.0,6.0,2.0,5000.0,2000.0,1.0,120000.0,86000.0,2.0,91937.5,145987.0,745.0
9,4.0,5.0,1.0,1.0,4.0,2.0,30.0,50000.0,3.0,2.0,2.0,2.0,1.0,2.0,20000.0,1.0,1.0,6.0,2.0,0.0,300000.0,1.0,100000.0,114000.0,5.0,72694.8,121550.0,964892.0
9,3.0,1.0,4.0,1.0,4.0,2.0,30.0,90000.0,2.0,2.0,2.0,2.0,2.0,2.0,10000.0,1.0,4.0,4.0,2.0,10000.0,5000.0,1.0,200000.0,199000.0,3.0,73839.0,92520.0,745.0
9,2.0,1.0,4.0,2.0,4.0,2.0,30.0,100000.0,3.0,3.0,2.0,2.0,2.0,2.0,0.0,1.0,4.0,6.0,2.0,0.0,200000.0,1.0,40000.0,20000.0,1.0,37514.75,58729.0,751.0
9,5.0,5.0,3.0,2.0,4.0,2.0,30.0,80000.0,3.0,3.0,2.0,2.0,2.0,2.0,50000.0,1.0,4.0,6.0,2.0,5000.0,2500.0,1.0,30000.0,20000.0,1.0,150017.0,202275.0,749.0
9,4.0,1.0,5.0,1.0,4.0,2.0,30.0,60000.0,2.0,2.0,2.0,2.0,2.0,2.0,10000.0,1.0,4.0,6.0,2.0,10000.0,5000.0,1.0,100000.0,100000.0,1.0,74552.2,77820.0,743.0
9,3.0,1.0,5.0,2.0,4.0,2.0,30.0,120000.0,3.0,3.0,2.0,2.0,2.0,2.0,500000.0,1.0,4.0,5.0,2.0,0.0,1000.0,1.2222222222222223,252858.88888888888,40000.0,2.0,30270.0,40700.0,747.0
9,2.0,1.0,2.0,2.0,4.0,2.0,30.0,7.0,4.0,3.0,2.0,2.0,2.0,2.0,0.0,2.0,4.0,2.0,2.0,0.0,300000.0,1.0,97777.77777777778,48000.0,3.0,22601.5,28271.0,752.0
9,4.0,1.0,4.0,2.0,4.0,2.0,30.0,100000.0,3.0,3.0,2.0,2.0,1.0,2.0,0.0,2.0,4.0,5.0,2.0,0.0,2000.0,1.0,238888.88888888888,35000.0,2.0,44743.7,202930.0,746.0
9,7.0,1.0,5.0,2.0,4.0,1.0,30.0,150000.0,3.0,3.0,2.0,1.0,2.0,2.0,500000.0,1.0,4.0,4.0,2.0,0.0,3000.0,1.2222222222222223,291747.77777777775,150000.0,1.0,78173.2,70406.0,743.0
9,6.0,1.0,3.0,1.0,4.0,2.0,30.0,7.0,4.0,3.0,2.0,2.0,2.0,2.0,500000.0,1.0,1.0,6.0,2.0,0.0,800000.0,1.0,292222.22222222225,70000.0,3.0,29920.0,256665.0,748.0
9,7.0,1.0,5.0,2.0,4.0,2.0,30.0,200000.0,3.0,3.0,2.0,2.0,2.0,2.0,1000000.0,1.0,1.0,3.0,2.0,0.0,500000.0,1.0,206666.66666666663,82000.0,3.0,54189.0,152791.0,2000751.0
9,6.0,1.0,5.0,1.0,4.0,1.0,30.0,250000.0,3.0,3.0,2.0,2.0,2.0,2.0,400000.0,1.0,4.0,6.0,2.0,0.0,500000.0,1.0,198888.88888888888,264000.0,4.0,59801.0,332729.0,800743.0
9,7.0,1.0,5.0,1.0,4.0,1.0,30.0,250000.0,2.0,2.0,2.0,2.0,2.0,2.0,0.0,2.0,4.0,6.0,2.0,0.0,2500.0,1.2222222222222223,259762.77777777775,187000.0,2.0,133585.8,92837.0,738.0
9,5.0,1.0,4.0,2.0,4.0,1.0,30.0,130000.0,3.0,3.0,2.0,2.0,2.0,2.0,200000.0,1.0,4.0,5.0,2.0,0.0,400000.0,1.0,142333.33333333334,165000.0,3.0,57659.3,338044.0,745.0
9,6.0,1.0,4.0,1.0,4.0,2.0,30.0,50000.0,4.0,3.0,2.0,2.0,2.0,2.0,0.0,2.0,1.0,1.0,2.0,0.0,0.0,1.0,258888.88888888888,81000.0,2.0,260994.705,204750.0,751.0
9,4.0,1.0,4.0,2.0,4.0,2.0,30.0,150000.0,3.0,3.0,2.0,2.0,1.0,2.0,400000.0,1.0,4.0,1.0,2.0,0.0,0.0,1.0,450000.0,28000.0,2.0,293660.35,127290.0,751.0
9,2.0,1.0,5.0,1.0,4.0,2.0,30.0,80000.0,5.0,3.0,2.0,2.0,2.0,2.0,79000.0,1.0,4.0,6.0,2.0,0.0,0.0,1.2222222222222223,397800.0,143000.0,2.0,84012.3,342582.0,747.0
9,5.0,1.0,4.0,1.0,4.0,1.0,30.0,140000.0,3.0,2.0,2.0,2.0,1.0,2.0,900000.0,1.0,1.0,1.0,2.0,0.0,0.0,1.0,200000.0,36000.0,2.0,138596.3,209403.0,749.0
9,6.0,1.0,3.0,2.0,4.0,2.0,30.0,50000.0,4.0,3.0,2.0,2.0,2.0,2.0,500000.0,1.0,1.0,1.0,2.0,0.0,0.0,1.0,283333.3333333333,115000.0,3.0,53149.85,179256.0,752.0
9,7.0,1.0,4.0,1.0,4.0,2.0,30.0,250000.0,4.0,3.0,2.0,2.0,2.0,2.0,1440000.0,1.0,4.0,6.0,2.0,0.0,3000.0,1.0,1400000.0,313000.0,4.0,154066.8,492460.0,746.0
9,4.0,1.0,6.0,1.0,4.0,2.0,30.0,210000.0,4.0,3.0,2.0,2.0,1.0,2.0,215000.0,1.0,4.0,6.0,2.0,0.0,0.0,1.0,251444.44444444444,120000.0,3.0,79191.1,173904.0,430749.0
9,6.0,1.0,4.0,2.0,4.0,2.0,30.0,200000.0,3.0,3.0,2.0,2.0,2.0,2.0,500000.0,1.0,1.0,1.0,2.0,0.0,0.0,1.4444444444444444,261655.55555555556,180000.0,3.0,236980.9,201122.0,749.0
9,8.0,1.0,4.0,1.0,4.0,1.0,30.0,250000.0,3.0,3.0,2.0,2.0,1.0,2.0,3000000.0,1.0,4.0,6.0,2.0,0.0,0.0,1.0,400000.0,183100.0,3.0,181823.85,690325.0,745.0
9,2.0,1.0,2.0,1.0,4.0,2.0,30.0,100000.0,4.0,3.0,2.0,2.0,2.0,2.0,0.0,2.0,1.0,3.0,2.0,0.0,200000.0,1.0,70000.0,78500.0,3.0,199354.1,27430.0,750.0
9,4.0,3.0,2.0,2.0,4.0,1.0,30.0,166667.44444444444,3.0,3.0,2.0,2.0,2.0,2.0,400000.0,2.0,4.0,6.0,2.0,0.0,500000.0,1.0,100000.0,160000.0,1.0,202283.3,433553.0,753.0
9,2.0,1.0,4.0,1.0,4.0,2.0,30.0,135000.0,3.0,2.0,2.0,2.0,1.0,2.0,3000000.0,1.0,4.0,6.0,2.0,0.0,350000.0,1.0,80000.0,19120.0,2.0,198494.7,244531.0,750.0
9,6.0,1.0,3.0,1.0,4.0,2.0,30.0,190000.0,3.0,3.0,2.0,2.0,1.0,2.0,0.0,2.0,4.0,4.0,2.0,0.0,700000.0,1.0,120000.0,117000.0,4.0,265878.45,321417.0,749.0
9,5.0,1.0,4.0,1.0,4.0,2.0,30.0,170000.0,2.0,2.0,2.0,2.0,2.0,2.0,35000.0,1.0,4.0,6.0,2.0,0.0,2000.0,1.0,200000.0,195000.0,3.0,284493.2,412081.0,748.0
9,2.0,1.0,3.0,1.0,4.0,2.0,30.0,130000.0,3.0,2.0,2.0,2.0,1.0,2.0,0.0,2.0,4.0,4.0,2.0,0.0,1000.0,1.0,100000.0,19100.0,2.0,202022.92,214119.0,747.0
9,3.0,1.0,4.0,2.0,4.0,2.0,30.0,118445.22222222222,3.0,3.0,2.0,2.0,2.0,2.0,300000.0,1.0,4.0,6.0,2.0,0.0,450000.0,1.0,80000.0,121000.0,3.0,231521.5,91826.0,752.0
9,1.0,1.0,3.0,2.0,4.0,2.0,30.0,56444.444444444445,3.0,3.0,2.0,2.0,1.0,2.0,0.0,2.0,4.0,6.0,2.0,0.0,130000.0,1.0,40000.0,57000.0,2.0,122247.53,17211.0,753.0
9,5.0,1.0,2.0,1.0,4.0,1.0,30.0,150000.0,4.0,3.0,2.0,2.0,2.0,2.0,2000000.0,2.0,4.0,1.0,2.0,0.0,600000.0,1.0,200000.0,256000.0,3.0,327109.05,323142.0,744.0
9,6.0,1.0,2.0,2.0,4.0,2.0,30.0,112000.0,4.0,3.0,2.0,2.0,2.0,2.0,0.0,2.0,4.0,6.0,2.0,0.0,0.0,3.0,721605.0,150000.0,2.0,233243.77,131196.0,749.0
9,6.0,1.0,3.0,1.0,4.0,2.0,30.0,100000.0,2.0,2.0,2.0,2.0,1.0,2.0,0.0,2.0,4.0,6.0,2.0,0.0,0.0,1.8888888888888888,412385.1111111111,133000.0,3.0,232994.3,130002.0,746.0
9,3.0,1.0,3.0,2.0,4.0,2.0,30.0,60000.0,3.0,3.0,2.0,2.0,2.0,2.0,0.0,2.0,4.0,6.0,2.0,0.0,0.0,1.0,250000.0,108000.0,2.0,266494.145,140421.0,748.0
9,5.0,1.0,4.0,1.0,4.0,2.0,30.0,160000.0,3.0,3.0,2.0,2.0,2.0,2.0,0.0,2.0,4.0,6.0,2.0,2000.0,1500.0,3.0,481070.0,260000.0,5.0,276337.7,242997.0,745.0
9,5.0,1.0,3.0,1.0,4.0,2.0,30.0,180000.0,2.0,2.0,2.0,2.0,1.0,2.0,0.0,2.0,4.0,6.0,2.0,0.0,0.0,1.0,400000.0,163900.0,3.0,265664.15,199927.0,745.0
9,1.0,1.0,3.0,2.0,4.0,2.0,30.0,80000.0,3.0,2.0,2.0,2.0,2.0,2.0,0.0,2.0,4.0,6.0,2.0,1000000.0,500000.0,1.0,20000.0,70000.0,1.0,136672.5,107445.0,1446965.0
9,1.0,1.0,3.0,2.0,4.0,2.0,30.0,60000.0,2.0,3.0,2.0,2.0,2.0,2.0,0.0,2.0,4.0,6.0,2.0,0.0,0.0,1.0,113122.22222222222,40000.0,1.0,131543.2,85048.0,752.0
9,2.0,1.0,2.0,2.0,4.0,2.0,30.0,80000.0,3.0,3.0,2.0,2.0,2.0,2.0,0.0,2.0,4.0,6.0,2.0,0.0,0.0,1.0,300000.0,120000.0,2.0,184026.65,99717.0,750.0
9,6.0,1.0,2.0,2.0,4.0,2.0,30.0,80000.0,3.0,3.0,2.0,2.0,2.0,2.0,50000.0,1.0,4.0,6.0,2.0,0.0,1500.0,3.0,481070.0,200000.0,2.0,222038.7,88394.0,749.0
9,3.0,1.0,3.0,2.0,4.0,2.0,30.0,60000.0,2.0,2.0,2.0,2.0,2.0,2.0,0.0,2.0,1.0,6.0,2.0,0.0,400000.0,1.0,150000.0,108000.0,4.0,168337.35,84910.0,753.0
9,4.0,1.0,3.0,1.0,4.0,2.0,30.0,200000.0,4.0,2.0,2.0,2.0,2.0,2.0,0.0,2.0,4.0,6.0,2.0,0.0,800000.0,1.0,250000.0,304000.0,3.0,249275.7,141136.0,746.0
9,1.0,1.0,2.0,2.0,4.0,2.0,30.0,100000.0,3.0,3.0,2.0,2.0,1.0,2.0,0.0,2.0,4.0,3.0,2.0,0.0,300000.0,1.0,100000.0,100.0,1.0,97338.3,64559.0,750.0
9,6.0,1.0,3.0,1.0,4.0,2.0,30.0,60000.0,3.0,2.0,2.0,2.0,2.0,2.0,0.0,2.0,4.0,6.0,2.0,0.0,800000.0,1.0,200000.0,140000.0,3.0,189910.45,128135.0,748.0
9,2.0,1.0,3.0,1.0,4.0,2.0,30.0,140000.0,2.0,2.0,2.0,2.0,2.0,2.0,0.0,2.0,4.0,6.0,2.0,0.0,400000.0,1.0,150000.0,114000.0,2.0,145788.3,265579.0,749.0
9,3.0,1.0,1.0,1.0,4.0,2.0,30.0,50000.0,4.0,3.0,2.0,2.0,2.0,2.0,180000.0,1.0,4.0,3.0,2.0,0.0,300000.0,1.0,180000.0,60000.0,1.0,153750.0,177201.0,752.0
9,2.0,1.0,3.0,1.0,4.0,1.0,30.0,120000.0,3.0,2.0,2.0,2.0,2.0,2.0,0.0,2.0,4.0,3.0,2.0,0.0,600000.0,1.0,200000.0,150000.0,1.0,161523.45,218958.0,746.0
9,1.0,1.0,4.0,2.0,4.0,2.0,30.0,60000.0,3.0,2.0,2.0,2.0,2.0,2.0,0.0,2.0,1.0,6.0,2.0,0.0,200000.0,1.0,100000.0,54000.0,2.0,101222.75,83808.0,753.0
9,4.0,1.0,2.0,1.0,4.0,2.0,30.0,160000.0,4.0,3.0,2.0,2.0,1.0,2.0,0.0,2.0,1.0,6.0,2.0,0.0,600000.0,1.0,250000.0,33000.0,2.0,283256.02999999997,337447.0,748.0
9,4.0,1.0,2.0,1.0,4.0,1.0,26.0,230000.0,3.0,2.0,2.0,2.0,1.0,2.0,0.0,2.0,4.0,1.0,2.0,0.0,800000.0,1.0,120000.0,140000.0,2.0,142992.3,94911.0,1480750.0
9,5.0,1.0,4.0,1.0,4.0,2.0,26.0,135000.0,3.0,2.0,2.0,2.0,1.0,2.0,0.0,2.0,1.0,1.0,2.0,0.0,1000000.0,1.0,150000.0,139150.0,3.0,83375.2,104307.0,748.0
9,4.0,1.0,2.0,1.0,4.0,2.0,26.0,170000.0,4.0,2.0,2.0,2.0,1.0,2.0,0.0,2.0,4.0,1.0,2.0,800000.0,400000.0,1.0,150000.0,130150.0,2.0,266052.38,156318.0,747.0
9,5.0,1.0,3.0,1.0,4.0,2.0,26.0,135000.0,3.0,2.0,2.0,2.0,1.0,2.0,320000.0,1.0,4.0,6.0,2.0,0.0,700000.0,1.0,140000.0,58000.0,3.0,242041.48,157298.0,748.0
9,5.0,1.0,4.0,1.0,4.0,1.0,25.0,210000.0,3.0,2.0,2.0,2.0,1.0,2.0,120000.0,1.0,4.0,1.0,2.0,0.0,1000000.0,1.0,200000.0,598100.0,4.0,167538.45,141208.0,560743.0
9,4.0,1.0,4.0,1.0,4.0,2.0,25.0,210000.0,3.0,2.0,2.0,2.0,1.0,1.0,0.0,2.0,4.0,1.0,2.0,600000.0,160000.0,1.0,150000.0,298200.0,3.0,217715.77,190486.2,746.0
9,4.0,1.0,4.0,1.0,4.0,1.0,26.0,160000.0,3.0,2.0,2.0,2.0,1.0,2.0,0.0,2.0,4.0,6.0,2.0,1000000.0,400000.0,1.0,120000.0,40000.0,2.0,110549.3,84513.0,748.0
9,2.0,1.0,2.0,2.0,4.0,2.0,26.0,120000.0,3.0,2.0,1.0,2.0,1.0,2.0,0.0,2.0,4.0,2.0,2.0,800000.0,300000.0,1.0,80000.0,80180.0,2.0,114163.2,77952.0,560748.0
9,1.0,1.0,3.0,2.0,4.0,2.0,25.0,70000.0,3.0,2.0,2.0,2.0,1.0,2.0,0.0,2.0,4.0,6.0,2.0,200000.0,100000.0,1.0,40000.0,165000.0,3.0,102768.8,45973.0,753.0
9,4.0,1.0,3.0,2.0,4.0,2.0,30.0,55000.0,3.0,3.0,2.0,2.0,2.0,2.0,200000.0,1.0,4.0,1.0,2.0,400000.0,200000.0,1.0,80000.0,87000.0,2.0,67654.7,168562.0,751.0
9,5.0,1.0,3.0,2.0,4.0,2.0,30.0,70000.0,3.0,2.0,2.0,2.0,1.0,2.0,300000.0,1.0,4.0,1.0,2.0,500000.0,250000.0,1.0,100000.0,51000.0,2.0,65584.2,149676.0,751.0
9,2.0,1.0,2.0,2.0,4.0,2.0,30.0,60000.0,3.0,3.0,2.0,2.0,2.0,2.0,0.0,2.0,4.0,2.0,2.0,150000.0,90000.0,1.0,70000.0,58000.0,2.0,92262.45,100600.0,752.0
9,6.0,1.0,3.0,2.0,4.0,2.0,30.0,70000.0,3.0,3.0,2.0,2.0,1.0,2.0,0.0,2.0,4.0,1.0,2.0,600000.0,300000.0,1.0,100000.0,33000.0,2.0,76721.3,134261.0,9752.0
9,5.0,1.0,3.0,1.0,4.0,2.0,30.0,65000.0,3.0,2.0,2.0,1.0,1.0,2.0,300000.0,1.0,4.0,1.0,2.0,500000.0,250000.0,1.0,100000.0,10000.0,1.0,56224.05,254760.0,749.0
9,5.0,1.0,2.0,2.0,4.0,2.0,30.0,40000.0,4.0,3.0,2.0,2.0,1.0,2.0,350000.0,1.0,4.0,2.0,2.0,400000.0,200000.0,1.0,80000.0,53000.0,2.0,61358.5,133254.0,750.0
9,3.0,1.0,2.0,2.0,4.0,2.0,30.0,55000.0,5.0,3.0,2.0,2.0,1.0,2.0,0.0,2.0,1.0,1.0,2.0,250000.0,150000.0,1.0,70000.0,33000.0,2.0,73795.1,79028.0,755.0
9,1.0,1.0,2.0,2.0,4.0,2.0,30.0,55000.0,3.0,3.0,2.0,2.0,1.0,2.0,0.0,2.0,4.0,2.0,2.0,100000.0,70000.0,1.0,50000.0,38000.0,1.0,63838.85,91075.0,753.0
9,3.0,1.0,1.0,2.0,4.0,2.0,30.0,35000.0,5.0,3.0,2.0,2.0,1.0,2.0,0.0,2.0,1.0,1.0,2.0,100000.0,50000.0,1.0,30000.0,43000.0,2.0,77104.0,91529.0,755.0
9,2.0,1.0,3.0,1.0,4.0,1.0,30.0,60000.0,3.0,3.0,2.0,2.0,2.0,2.0,0.0,2.0,4.0,6.0,2.0,1000000.0,600000.0,1.0,250000.0,560000.0,3.0,165238.4,128901.0,742.0
9,1.0,1.0,3.0,2.0,4.0,2.0,30.0,40000.0,3.0,3.0,2.0,2.0,1.0,2.0,0.0,2.0,4.0,6.0,2.0,600000.0,400000.0,1.0,120000.0,65000.0,2.0,43791.95,85998.0,753.0
9,2.0,1.0,2.0,2.0,4.0,2.0,30.0,60000.0,3.0,3.0,2.0,1.0,2.0,2.0,0.0,2.0,4.0,6.0,2.0,0.0,700000.0,1.0,200000.0,165000.0,2.0,95877.45,168756.0,751.0
9,4.0,1.0,3.0,1.0,4.0,2.0,30.0,80000.0,2.0,3.0,2.0,2.0,2.0,2.0,0.0,2.0,4.0,6.0,2.0,0.0,1800000.0,1.0,400000.0,295000.0,3.0,130224.45,273147.0,742.0
9,2.0,1.0,2.0,2.0,4.0,2.0,30.0,70000.0,3.0,3.0,2.0,1.0,2.0,2.0,0.0,2.0,4.0,6.0,2.0,900000.0,600000.0,1.0,200000.0,130000.0,3.0,105168.1,111741.0,750.0
9,1.0,1.0,2.0,2.0,4.0,2.0,30.0,40000.0,3.0,3.0,2.0,2.0,2.0,2.0,0.0,2.0,4.0,6.0,2.0,600000.0,400000.0,1.0,100000.0,58000.0,2.0,75285.45,79746.0,752.0
9,1.0,1.0,2.0,2.0,4.0,2.0,30.0,30000.0,3.0,3.0,2.0,2.0,2.0,2.0,0.0,2.0,4.0,6.0,2.0,0.0,400000.0,1.0,120000.0,65000.0,2.0,75112.3,66084.0,755.0
9,2.0,1.0,3.0,2.0,4.0,2.0,30.0,70000.0,3.0,3.0,2.0,2.0,2.0,2.0,0.0,2.0,4.0,6.0,2.0,0.0,700000.0,1.0,200000.0,155000.0,3.0,81738.6,155083.0,749.0
9,2.0,1.0,2.0,2.0,4.0,2.0,30.0,50000.0,3.0,3.0,2.0,1.0,2.0,2.0,0.0,2.0,4.0,6.0,2.0,0.0,600000.0,1.0,160000.0,115000.0,3.0,83857.95,92581.5,753.0
9,6.0,1.0,4.0,1.0,4.0,2.0,30.0,80000.0,3.0,2.0,2.0,1.0,2.0,2.0,250000.0,1.0,4.0,3.0,2.0,15000.0,2000.0,1.0,150000.0,235000.0,3.0,97593.6,108900.0,747.0
9,2.0,1.0,3.0,1.0,4.0,2.0,30.0,60000.0,3.0,3.0,2.0,1.0,2.0,2.0,0.0,2.0,4.0,2.0,2.0,5000000.0,800000.0,1.0,120000.0,130000.0,2.0,91270.6,106836.0,748.0
9,2.0,1.0,4.0,2.0,4.0,2.0,30.0,80000.0,3.0,2.0,2.0,2.0,1.0,2.0,0.0,2.0,4.0,2.0,2.0,5000000.0,500000.0,1.0,150000.0,88000.0,2.0,55992.8,97760.0,753.0
9,5.0,1.0,4.0,1.0,2.0,1.0,30.0,50000.0,3.0,2.0,2.0,1.0,2.0,2.0,600000.0,1.0,4.0,3.0,2.0,4000000.0,500000.0,1.0,250000.0,621100.0,4.0,188659.67,217763.0,748.0
9,1.0,1.0,3.0,2.0,4.0,2.0,30.0,7.0,3.0,2.0,2.0,1.0,1.0,2.0,0.0,2.0,4.0,3.0,2.0,10000.0,2000.0,1.0,90000.0,65000.0,1.0,40862.5,76023.0,751.0
9,6.0,1.0,5.0,1.0,4.0,1.0,30.0,7.0,3.0,2.0,2.0,1.0,2.0,2.0,0.0,2.0,4.0,2.0,2.0,10000.0,1500000.0,1.0,250000.0,285000.0,2.0,125174.3,246439.0,745.0
9,4.0,1.0,4.0,2.0,4.0,2.0,30.0,70000.0,3.0,2.0,2.0,2.0,1.0,2.0,0.0,2.0,4.0,2.0,2.0,5000000.0,1500000.0,1.0,160000.0,77250.0,3.0,75105.85,149505.0,749.0
9,7.0,1.0,5.0,2.0,4.0,2.0,30.0,7.0,3.0,2.0,2.0,2.0,2.0,2.0,0.0,2.0,4.0,3.0,2.0,10000.0,5000.0,1.0,350000.0,370000.0,5.0,93341.0,160098.0,750.0
9,2.0,1.0,5.0,1.0,4.0,2.0,30.0,90000.0,3.0,2.0,2.0,1.0,2.0,2.0,0.0,2.0,4.0,2.0,2.0,5000000.0,1000000.0,1.0,200000.0,711300.0,4.0,134164.25,225560.0,745.0
9,4.0,1.0,2.0,1.0,4.0,2.0,30.0,120000.0,2.0,2.0,2.0,2.0,1.0,2.0,0.0,2.0,4.0,6.0,2.0,1900000.0,700000.0,1.0,200000.0,400.0,1.0,152615.75,161314.0,747.0
9,4.0,1.0,2.0,1.0,4.0,2.0,30.0,90000.0,3.0,3.0,2.0,2.0,1.0,2.0,30000.0,1.0,1.0,2.0,2.0,0.0,1000000.0,1.0,200000.0,71800.0,4.0,179408.88,198610.5,749.0
9,5.0,1.0,3.0,1.0,4.0,2.0,30.0,120000.0,3.0,2.0,2.0,2.0,2.0,2.0,0.0,2.0,4.0,6.0,2.0,0.0,1500000.0,1.0,200000.0,212000.0,4.0,236956.68,165206.0,747.0
9,3.0,1.0,3.0,1.0,4.0,2.0,30.0,110000.0,2.0,3.0,2.0,2.0,2.0,2.0,0.0,2.0,4.0,6.0,2.0,900000.0,600000.0,1.0,200000.0,219000.0,3.0,218400.0,177713.0,745.0
9,4.0,1.0,3.0,1.0,4.0,2.0,30.0,90000.0,3.0,3.0,2.0,2.0,2.0,2.0,0.0,2.0,4.0,6.0,2.0,0.0,1000000.0,1.0,250000.0,270000.0,3.0,208712.79,125974.0,746.0
9,2.0,1.0,3.0,1.0,4.0,2.0,30.0,90000.0,2.0,2.0,2.0,2.0,2.0,2.0,0.0,2.0,4.0,6.0,2.0,900000.0,600000.0,1.0,180000.0,180000.0,1.0,213470.5,200031.0,743.0
9,4.0,1.0,2.0,1.0,4.0,2.0,30.0,70000.0,3.0,3.0,2.0,2.0,2.0,2.0,200000.0,1.0,4.0,6.0,2.0,900000.0,700000.0,1.0,400000.0,217000.0,4.0,212205.6,150025.0,749.0
9,4.0,1.0,2.0,1.0,4.0,2.0,30.0,80000.0,3.0,3.0,2.0,2.0,2.0,2.0,0.0,2.0,4.0,6.0,2.0,0.0,1300000.0,1.0,300000.0,397000.0,3.0,251563.14,279915.0,742.0
9,3.0,1.0,3.0,1.0,4.0,2.0,30.0,90000.0,2.0,2.0,2.0,2.0,2.0,2.0,0.0,2.0,4.0,6.0,2.0,1000000.0,600000.0,1.0,200000.0,228000.0,2.0,206127.4,294957.0,747.0
9,1.0,1.0,3.0,2.0,4.0,2.0,30.0,15000.0,2.0,3.0,2.0,2.0,1.0,2.0,0.0,2.0,4.0,1.0,2.0,0.0,0.0,1.0,165555.55555555556,37100.0,2.0,124690.55,89597.0,750.0
9,4.0,1.0,1.0,1.0,4.0,2.0,30.0,90000.0,3.0,3.0,2.0,2.0,1.0,2.0,0.0,2.0,1.0,2.0,2.0,500000.0,300000.0,1.0,80000.0,69000.0,2.0,160295.7,197953.0,745.0
9,2.0,1.0,2.0,1.0,4.0,2.0,30.0,7.0,2.0,1.0,2.0,2.0,2.0,2.0,0.0,2.0,4.0,6.0,2.0,500000.0,300000.0,1.0,100000.0,150000.0,1.0,120126.4,114348.0,747.0
9,4.0,1.0,4.0,2.0,4.0,2.0,30.0,84000.0,3.0,2.0,2.0,2.0,1.0,2.0,0.0,2.0,4.0,6.0,2.0,0.0,0.0,1.8888888888888888,438320.6666666667,194000.0,4.0,245898.65,99589.0,745.0
9,4.0,1.0,3.0,1.0,4.0,2.0,30.0,70000.0,3.0,3.0,2.0,2.0,1.0,2.0,108000.0,1.0,1.0,1.0,2.0,0.0,0.0,1.3333333333333333,168030.0,68000.0,2.0,114969.9,121622.0,420747.0
9,7.0,1.0,2.0,2.0,4.0,2.0,30.0,80000.0,3.0,3.0,2.0,2.0,1.0,2.0,0.0,2.0,1.0,2.0,2.0,0.0,0.0,1.2222222222222223,183916.66666666663,81000.0,3.0,119180.3,118946.0,752.0
9,7.0,1.0,4.0,1.0,4.0,2.0,30.0,250000.0,2.0,2.0,2.0,1.0,1.0,2.0,0.0,2.0,4.0,6.0,2.0,0.0,0.0,1.0,246666.66666666663,148200.0,4.0,139827.3,140573.0,743.0
9,5.0,1.0,2.0,1.0,4.0,1.0,30.0,100000.0,3.0,3.0,2.0,2.0,2.0,2.0,0.0,2.0,4.0,3.0,2.0,1000000.0,500000.0,1.0,200000.0,112000.0,3.0,228875.8,250390.0,743.0
9,7.0,1.0,2.0,2.0,4.0,2.0,30.0,85000.0,2.0,1.0,2.0,2.0,2.0,2.0,0.0,2.0,4.0,2.0,2.0,0.0,0.0,1.8888888888888888,342325.44444444444,370000.0,4.0,200875.43,385379.0,747.0
9,1.0,1.0,3.0,2.0,4.0,2.0,30.0,7.0,4.0,3.0,2.0,1.0,1.0,2.0,0.0,2.0,1.0,1.0,2.0,400000.0,200000.0,1.0,70000.0,53000.0,2.0,33007.5,39029.0,754.0
9,3.0,1.0,2.0,2.0,4.0,2.0,30.0,160000.0,4.0,3.0,2.0,1.0,1.0,2.0,150000.0,1.0,1.0,1.0,2.0,900000.0,500000.0,1.0,180000.0,166000.0,4.0,39587.0,103323.0,750.0
9,2.0,1.0,2.0,2.0,4.0,2.0,30.0,7.0,3.0,3.0,2.0,1.0,1.0,2.0,15000.0,1.0,4.0,6.0,2.0,900000.0,450000.0,1.0,150000.0,65000.0,3.0,24102.9,56917.0,752.0
9,4.0,1.0,3.0,1.0,4.0,2.0,30.0,100000.0,3.0,2.0,2.0,2.0,1.0,2.0,500000.0,1.0,4.0,2.0,2.0,800000.0,400000.0,1.0,130000.0,80000.0,1.0,57943.6,145530.0,745.0
9,3.0,1.0,3.0,2.0,4.0,2.0,30.0,7.0,3.0,1.0,2.0,1.0,2.0,2.0,50000.0,1.0,4.0,6.0,2.0,1000000.0,500000.0,1.0,150000.0,105000.0,2.0,34801.7,113744.0,140751.0
9,3.0,1.0,2.0,1.0,4.0,2.0,30.0,7.0,4.0,3.0,2.0,1.0,2.0,2.0,80000.0,1.0,4.0,6.0,2.0,800000.0,350000.0,1.0,180000.0,133800.0,3.0,71691.7,157734.0,746.0
9,7.0,1.0,5.0,1.0,4.0,2.0,30.0,7.0,3.0,3.0,2.0,1.0,1.0,2.0,2000000.0,1.0,1.0,1.0,2.0,1500000.0,800000.0,1.0,200000.0,76500.0,3.0,34889.9,184687.0,749.0
9,2.0,1.0,3.0,2.0,4.0,1.0,30.0,50000.0,4.0,1.0,2.0,1.0,1.0,2.0,300000.0,1.0,4.0,6.0,2.0,600000.0,300000.0,1.0,100000.0,80000.0,2.0,32867.2,179035.0,140751.0
9,8.0,5.0,3.0,1.0,4.0,2.0,30.0,7.0,4.0,3.0,2.0,2.0,1.0,2.0,300000.0,1.0,1.0,1.0,1.0,1000000.0,500000.0,1.0,200000.0,80700.0,2.0,40154.5,107697.0,753.0
9,6.0,1.0,4.0,1.0,4.0,1.0,30.0,120000.0,3.0,2.0,2.0,1.0,1.0,2.0,1500000.0,1.0,4.0,3.0,2.0,800000.0,400000.0,1.0,200000.0,134000.0,4.0,246775.8,209969.0,2411097.0
9,3.0,1.0,3.0,2.0,4.0,2.0,30.0,100000.0,2.0,2.0,2.0,2.0,1.0,2.0,0.0,2.0,4.0,6.0,2.0,0.0,0.0,1.0,140000.0,118000.0,2.0,98510.0,191966.0,751.0
9,7.0,1.0,4.0,1.0,4.0,1.0,30.0,180000.0,2.0,2.0,2.0,1.0,2.0,2.0,900000.0,1.0,4.0,4.0,2.0,0.0,0.0,1.0,400000.0,340000.0,3.0,259215.46,371077.0,742.0
9,3.0,1.0,4.0,1.0,4.0,1.0,30.0,110000.0,3.0,2.0,2.0,1.0,2.0,2.0,0.0,2.0,4.0,5.0,2.0,1000000.0,0.0,1.0,350000.0,409000.0,4.0,33007.5,182126.0,745.0
9,4.0,1.0,3.0,1.0,4.0,1.0,30.0,200000.0,2.0,2.0,2.0,1.0,2.0,2.0,1000000.0,1.0,4.0,6.0,2.0,0.0,0.0,1.0,250000.0,157000.0,1.0,115548.1,186194.0,746.0
9,4.0,1.0,4.0,1.0,4.0,2.0,30.0,100000.0,4.0,2.0,2.0,1.0,1.0,2.0,0.0,2.0,4.0,2.0,2.0,0.0,0.0,1.0,125111.11111111112,40050.0,2.0,50105.5,84577.0,748.0
9,5.0,1.0,4.0,1.0,4.0,1.0,30.0,7.0,3.0,2.0,2.0,2.0,2.0,2.0,600000.0,1.0,4.0,6.0,2.0,0.0,0.0,1.0,230000.0,220000.0,3.0,42610.0,169688.0,3000751.0
9,4.0,1.0,4.0,1.0,4.0,1.0,30.0,120000.0,3.0,2.0,2.0,1.0,2.0,2.0,200000.0,1.0,4.0,2.0,2.0,1000000.0,500000.0,1.0,250000.0,445200.0,2.0,111519.63,954726.0,700747.0
9,5.0,1.0,4.0,1.0,4.0,1.0,30.0,110000.0,4.0,3.0,2.0,1.0,2.0,2.0,0.0,2.0,4.0,1.0,2.0,0.0,0.0,1.0,200000.0,170000.0,3.0,102248.35,353402.0,748.0
9,3.0,1.0,1.0,1.0,4.0,2.0,30.0,75000.0,3.0,1.0,2.0,1.0,1.0,2.0,0.0,2.0,4.0,5.0,2.0,0.0,0.0,1.0,500000.0,185000.0,2.0,120069.3,229709.0,600747.0
9,4.0,3.0,2.0,1.0,4.0,1.0,30.0,150000.0,3.0,3.0,2.0,1.0,1.0,2.0,500000.0,1.0,4.0,6.0,2.0,0.0,700000.0,1.0,300000.0,200000.0,1.0,109810.95,353733.0,746.0
9,1.0,1.0,2.0,2.0,4.0,2.0,30.0,30000.0,4.0,3.0,2.0,1.0,1.0,2.0,0.0,2.0,4.0,3.0,2.0,0.0,0.0,1.0,150000.0,39000.0,1.0,48366.05,52528.0,754.0
9,1.0,1.0,2.0,2.0,4.0,2.0,30.0,40000.0,3.0,2.0,2.0,1.0,1.0,2.0,0.0,1.0,4.0,4.0,2.0,0.0,350000.0,1.0,150000.0,48000.0,1.0,100650.8,109907.0,750.0
9,1.0,1.0,1.0,2.0,4.0,2.0,30.0,30000.0,5.0,3.0,2.0,1.0,1.0,2.0,0.0,2.0,1.0,1.0,2.0,0.0,0.0,1.0,200000.0,57000.0,2.0,112263.75,92783.0,752.0
9,5.0,1.0,7.0,1.0,4.0,2.0,30.0,200000.0,3.0,2.0,2.0,1.0,1.0,2.0,1000000.0,1.0,4.0,6.0,2.0,2000000.0,800000.0,1.0,300000.0,350000.0,3.0,194995.75,349591.0,3600751.0
9,3.0,1.0,2.0,1.0,4.0,2.0,30.0,75000.0,5.0,3.0,2.0,1.0,1.0,2.0,100000.0,1.0,4.0,6.0,2.0,0.0,0.0,1.0,300000.0,160000.0,3.0,87959.55,150436.0,750.0
9,4.0,1.0,5.0,1.0,4.0,2.0,30.0,75000.0,5.0,3.0,2.0,1.0,1.0,2.0,1800000.0,1.0,4.0,4.0,2.0,0.0,1000000.0,1.0,500000.0,245000.0,2.0,41868.85,122618.0,1200752.0
9,2.0,1.0,3.0,2.0,4.0,2.0,30.0,7.0,4.0,3.0,2.0,1.0,1.0,2.0,0.0,2.0,4.0,6.0,2.0,0.0,0.0,1.0,150000.0,88000.0,2.0,53880.45,6217.0,753.0
9,2.0,1.0,4.0,2.0,4.0,2.0,10.0,84000.0,4.0,3.0,2.0,1.0,1.0,2.0,0.0,2.0,4.0,3.0,2.0,300000.0,200000.0,1.0,100000.0,105000.0,2.0,71227.45,75719.0,752.0
9,2.0,1.0,3.0,2.0,4.0,2.0,30.0,120000.0,3.0,3.0,2.0,1.0,1.0,2.0,0.0,2.0,4.0,3.0,2.0,200000.0,150000.0,1.0,78000.0,105000.0,2.0,94296.7,61849.0,754.0
9,2.0,1.0,4.0,1.0,4.0,1.0,20.0,120000.0,3.0,3.0,2.0,1.0,1.0,2.0,0.0,2.0,4.0,3.0,2.0,270000.0,180000.0,1.0,80000.0,92000.0,2.0,63985.45,104086.0,747.0
9,1.0,1.0,3.0,2.0,4.0,2.0,30.0,70000.0,3.0,3.0,2.0,1.0,1.0,2.0,0.0,2.0,4.0,4.0,2.0,130000.0,100000.0,1.0,50000.0,50000.0,1.0,37612.0,137819.0,752.0
9,1.0,1.0,2.0,2.0,4.0,2.0,15.0,60000.0,3.0,3.0,2.0,1.0,1.0,2.0,0.0,2.0,4.0,5.0,2.0,150000.0,100000.0,1.0,70000.0,45000.0,1.0,79229.5,57031.0,755.0
9,2.0,1.0,3.0,2.0,4.0,2.0,30.0,70000.0,3.0,3.0,2.0,1.0,1.0,2.0,95000.0,1.0,4.0,3.0,2.0,300000.0,200000.0,1.0,100000.0,83000.0,2.0,50521.8,23717.0,755.0
9,2.0,1.0,1.0,2.0,4.0,2.0,7.0,24000.0,4.0,3.0,2.0,1.0,1.0,2.0,0.0,2.0,4.0,4.0,2.0,170000.0,100000.0,1.0,60000.0,94000.0,2.0,70684.45,169280.0,752.0
9,4.0,1.0,3.0,1.0,4.0,1.0,15.0,60000.0,3.0,3.0,2.0,1.0,1.0,2.0,0.0,2.0,4.0,3.0,2.0,500000.0,200000.0,1.0,70000.0,156000.0,3.0,82216.8,121358.0,748.0
9,2.0,1.0,5.0,1.0,4.0,1.0,30.0,70000.0,3.0,3.0,2.0,1.0,1.0,2.0,0.0,2.0,4.0,3.0,2.0,350000.0,200000.0,1.0,40000.0,25000.0,1.0,26685.5,69511.0,748.0
9,1.0,1.0,3.0,2.0,4.0,2.0,25.0,80000.0,4.0,2.0,2.0,1.0,1.0,2.0,0.0,2.0,4.0,6.0,2.0,0.0,600000.0,1.0,200000.0,64000.0,1.0,54985.8,99978.0,749.0
9,5.0,3.0,3.0,2.0,4.0,2.0,25.0,50000.0,3.0,3.0,2.0,1.0,1.0,2.0,20000.0,1.0,4.0,6.0,2.0,0.0,600000.0,1.0,300000.0,150000.0,1.0,80455.6,144382.0,752.0
9,4.0,1.0,3.0,1.0,4.0,2.0,25.0,130000.0,4.0,2.0,2.0,1.0,1.0,2.0,400000.0,1.0,4.0,6.0,2.0,0.0,0.0,1.0,300000.0,131000.0,2.0,83158.8,147502.0,746.0
9,5.0,1.0,3.0,1.0,4.0,1.0,25.0,100000.0,3.0,2.0,2.0,1.0,1.0,2.0,0.0,2.0,4.0,6.0,2.0,0.0,0.0,1.0,400000.0,100500.0,2.0,60509.95,283327.0,746.0
9,4.0,5.0,3.0,1.0,4.0,2.0,25.0,35000.0,3.0,3.0,2.0,1.0,1.0,2.0,935000.0,1.0,4.0,6.0,2.0,0.0,0.0,1.0,500000.0,160000.0,1.0,131075.6,129653.0,749.0
9,6.0,1.0,2.0,1.0,4.0,1.0,25.0,130000.0,3.0,2.0,2.0,1.0,1.0,2.0,0.0,2.0,4.0,6.0,2.0,0.0,0.0,1.0,400000.0,160000.0,3.0,152693.15,211280.0,745.0
9,5.0,1.0,2.0,2.0,4.0,1.0,25.0,100000.0,4.0,3.0,2.0,1.0,1.0,2.0,500000.0,2.0,4.0,6.0,1.0,0.0,700000.0,1.0,350000.0,54000.0,2.0,100258.1,134253.0,749.0
9,4.0,1.0,2.0,1.0,4.0,1.0,25.0,90000.0,3.0,2.0,2.0,1.0,1.0,2.0,0.0,2.0,4.0,6.0,2.0,0.0,1000000.0,1.0,450000.0,145000.0,4.0,130721.45,295920.0,746.0
9,6.0,1.0,3.0,2.0,4.0,1.0,25.0,120000.0,3.0,2.0,2.0,1.0,1.0,2.0,100000.0,1.0,1.0,1.0,2.0,0.0,0.0,1.0,500000.0,178000.0,2.0,105276.1,175465.0,746.0
10,3.0,3.0,1.0,2.0,4.0,2.0,31.0,50000.0,3.0,3.0,2.0,2.0,1.0,2.0,0.0,2.0,4.0,6.0,2.0,0.0,1000000.0,1.0,180000.0,82200.0,4.0,141014.0,248590.0,752.0
10,4.0,1.0,3.0,2.0,4.0,1.0,31.0,75000.0,3.0,2.0,2.0,2.0,1.0,2.0,0.0,2.0,4.0,6.0,2.0,2000.0,1000.0,1.0,200000.0,510000.0,3.0,132061.6,301904.0,747.0
10,4.0,1.0,3.0,1.0,4.0,1.0,31.0,110000.0,2.0,2.0,2.0,2.0,2.0,2.0,0.0,2.0,4.0,6.0,2.0,2000.0,1000.0,1.0,250000.0,280000.0,1.0,123022.3,333903.0,745.0
10,3.0,1.0,1.0,2.0,4.0,2.0,31.0,60000.0,2.0,2.0,2.0,2.0,2.0,2.0,0.0,2.0,4.0,6.0,2.0,0.0,400000.0,1.0,200000.0,200000.0,1.0,99895.1,179094.0,751.0
10,3.0,1.0,3.0,2.0,4.0,2.0,31.0,70000.0,2.0,2.0,2.0,2.0,1.0,2.0,0.0,2.0,4.0,6.0,2.0,0.0,1500.0,3.0,236275.0,85000.0,2.0,94769.7,223514.0,745.0
10,1.0,1.0,1.0,2.0,4.0,2.0,31.0,61111.88888888889,4.0,2.0,2.0,2.0,1.0,2.0,0.0,2.0,4.0,6.0,2.0,0.0,300000.0,1.0,80000.0,58500.0,2.0,69796.0,96878.0,755.0
10,4.0,1.0,3.0,1.0,4.0,1.0,31.0,90000.0,2.0,2.0,2.0,2.0,2.0,2.0,0.0,2.0,4.0,6.0,2.0,2000.0,1000.0,1.0,280000.0,285000.0,2.0,132952.5,339230.0,744.0
10,3.0,3.0,2.0,2.0,4.0,1.0,31.0,100000.0,2.0,3.0,2.0,2.0,2.0,2.0,0.0,2.0,4.0,6.0,2.0,0.0,400000.0,1.0,150000.0,240000.0,1.0,124318.1,324954.0,747.0
10,2.0,1.0,2.0,2.0,4.0,2.0,31.0,60000.0,3.0,2.0,2.0,2.0,1.0,2.0,0.0,2.0,4.0,6.0,2.0,0.0,300000.0,1.0,200000.0,161500.0,4.0,92472.7,135564.0,752.0
10,6.0,1.0,4.0,1.0,4.0,2.0,31.0,150000.0,3.0,2.0,2.0,2.0,2.0,2.0,0.0,2.0,4.0,1.0,2.0,700000.0,600000.0,1.0,300000.0,230200.0,2.0,144953.95,223034.0,741.0
10,2.0,1.0,3.0,2.0,4.0,2.0,31.0,75000.0,3.0,2.0,2.0,2.0,2.0,2.0,20000.0,1.0,4.0,2.0,2.0,350000.0,300000.0,1.0,160000.0,82000.0,2.0,92541.88,110877.0,750.0
10,1.0,1.0,4.0,2.0,4.0,2.0,31.0,40000.0,3.0,2.0,2.0,2.0,1.0,2.0,25000.0,1.0,4.0,6.0,2.0,250000.0,200000.0,1.0,130000.0,48400.0,2.0,90711.06,81892.0,751.0
10,2.0,1.0,3.0,1.0,4.0,2.0,31.0,70000.0,3.0,2.0,2.0,2.0,1.0,2.0,400000.0,1.0,4.0,6.0,2.0,600000.0,450000.0,1.0,150000.0,143000.0,1.0,92640.35,182375.0,747.0
10,4.0,1.0,5.0,1.0,4.0,2.0,31.0,150000.0,3.0,2.0,2.0,2.0,1.0,2.0,0.0,2.0,4.0,2.0,2.0,1500.0,1000.0,3.0,283530.0,15000.0,1.0,162802.6,192411.0,742.0
10,2.0,1.0,3.0,1.0,4.0,2.0,31.0,100000.0,3.0,2.0,2.0,2.0,1.0,2.0,0.0,2.0,4.0,6.0,2.0,500000.0,350000.0,1.0,200000.0,280000.0,2.0,124414.35,186338.0,742.0
10,2.0,1.0,5.0,1.0,4.0,2.0,31.0,180000.0,4.0,2.0,2.0,2.0,2.0,2.0,280000.0,1.0,4.0,2.0,2.0,1000.0,250000.0,1.0,150000.0,149000.0,2.0,115912.15,264923.0,749.0
10,7.0,1.0,3.0,1.0,4.0,2.0,31.0,160000.0,5.0,3.0,2.0,2.0,2.0,2.0,300000.0,1.0,4.0,6.0,2.0,0.0,1000.0,1.0,250000.0,215000.0,2.0,166942.0,208100.0,748.0
10,4.0,1.0,2.0,2.0,4.0,2.0,31.0,100000.0,4.0,2.0,2.0,2.0,2.0,2.0,0.0,2.0,4.0,6.0,2.0,0.0,0.0,1.2222222222222223,250452.22222222225,191000.0,3.0,118241.2,128783.0,751.0
10,3.0,1.0,2.0,1.0,4.0,2.0,31.0,60000.0,3.0,2.0,2.0,2.0,2.0,2.0,5000000.0,2.0,4.0,6.0,2.0,0.0,500000.0,1.0,200000.0,190000.0,2.0,139047.55,218568.0,749.0
10,4.0,1.0,3.0,1.0,4.0,1.0,31.0,120000.0,3.0,3.0,2.0,2.0,2.0,2.0,600000.0,1.0,4.0,6.0,2.0,0.0,0.0,1.0,300000.0,149000.0,2.0,128193.05,338440.0,749.0
10,2.0,1.0,2.0,1.0,4.0,2.0,31.0,25000.0,3.0,2.0,2.0,2.0,2.0,2.0,40000.0,1.0,1.0,6.0,1.0,0.0,0.0,1.0,150000.0,90300.0,4.0,72797.3,67122.0,751.0
10,2.0,1.0,2.0,1.0,4.0,2.0,31.0,90000.0,3.0,2.0,2.0,2.0,1.0,2.0,0.0,2.0,4.0,6.0,2.0,0.0,0.0,3.0,94510000.0,42500.0,2.0,123327.45,173592.0,751.0
10,3.0,1.0,2.0,2.0,4.0,2.0,31.0,115000.0,3.0,2.0,2.0,2.0,1.0,2.0,3157000.0,2.0,4.0,6.0,2.0,0.0,0.0,1.0,300000.0,116500.0,2.0,132218.9,122480.0,752.0
10,5.0,1.0,3.0,1.0,4.0,2.0,31.0,45000.0,3.0,2.0,2.0,2.0,2.0,2.0,0.0,2.0,4.0,6.0,2.0,0.0,0.0,1.0,300000.0,49000.0,2.0,152686.65,116510.0,749.0
10,6.0,1.0,2.0,2.0,4.0,2.0,31.0,48000.0,3.0,2.0,2.0,2.0,2.0,2.0,2000000.0,1.0,4.0,6.0,2.0,0.0,350000.0,1.0,80000.0,123800.0,3.0,142999.2,113540.0,751.0
10,3.0,1.0,2.0,1.0,4.0,2.0,31.0,90000.0,3.0,2.0,2.0,2.0,1.0,2.0,1700000.0,1.0,4.0,6.0,2.0,0.0,0.0,1.0,250000.0,96000.0,2.0,134321.25,151813.0,750.0
10,2.0,1.0,2.0,2.0,4.0,1.0,31.0,120000.0,3.0,2.0,2.0,2.0,2.0,2.0,0.0,2.0,4.0,6.0,2.0,0.0,2000.0,3.0,472550.0,505000.0,2.0,134722.95,332564.0,749.0
10,2.0,1.0,2.0,2.0,4.0,2.0,31.0,7.0,4.0,2.0,2.0,2.0,1.0,2.0,800000.0,1.0,4.0,1.0,2.0,4000000.0,2000000.0,1.0,100000.0,92000.0,2.0,80314.75,11880.0,755.0
10,2.0,1.0,2.0,2.0,4.0,2.0,31.0,100000.0,3.0,2.0,2.0,1.0,1.0,2.0,0.0,2.0,4.0,1.0,2.0,0.0,400000.0,1.0,200000.0,110100.0,3.0,110197.48,60715.0,751.0
10,1.0,3.0,1.0,2.0,3.0,2.0,31.0,58891.22222222222,4.0,3.0,2.0,1.0,1.0,2.0,0.0,2.0,4.0,1.0,2.0,0.0,1600000.0,1.0,60000.0,60000.0,1.0,80944.9,109540.0,758.0
10,5.0,1.0,5.0,1.0,4.0,1.0,31.0,100000.0,3.0,2.0,2.0,2.0,1.0,2.0,1300000.0,1.0,4.0,1.0,2.0,0.0,1500000.0,1.0,200000.0,51000.0,2.0,154339.25,2495981.0,100742.0
10,3.0,1.0,4.0,1.0,4.0,2.0,31.0,200000.0,3.0,2.0,2.0,2.0,2.0,2.0,0.0,2.0,4.0,1.0,2.0,0.0,4000000.0,1.0,140000.0,140000.0,1.0,125249.85,247789.0,60750.0
10,7.0,1.0,4.0,2.0,4.0,2.0,31.0,200000.0,3.0,2.0,2.0,1.0,1.0,2.0,1000000.0,1.0,4.0,1.0,2.0,0.0,2000000.0,1.0,250000.0,240000.0,4.0,149760.15,232542.0,1860758.0
10,4.0,1.0,1.0,1.0,4.0,1.0,31.0,180000.0,5.0,2.0,2.0,1.0,1.0,2.0,400000.0,1.0,4.0,1.0,2.0,1000000.0,500000.0,1.0,180000.0,180000.0,3.0,140573.5,245789.0,80752.0
10,1.0,1.0,1.0,2.0,4.0,2.0,31.0,50001.555555555555,5.0,3.0,2.0,2.0,1.0,2.0,0.0,2.0,1.0,1.0,2.0,0.0,500000.0,1.0,50000.0,48000.0,2.0,117128.64,85952.0,40762.0
10,3.0,1.0,3.0,1.0,4.0,1.0,31.0,100000.0,3.0,2.0,2.0,1.0,1.0,2.0,0.0,2.0,4.0,1.0,2.0,0.0,1800000.0,1.0,180000.0,180000.0,2.0,127383.4,172595.0,1070748.0
10,6.0,1.0,4.0,1.0,4.0,1.0,31.0,220000.0,3.0,3.0,2.0,2.0,2.0,2.0,0.0,2.0,4.0,6.0,2.0,900000.0,600000.0,1.0,300000.0,97000.0,2.0,210228.5,251474.0,743.0
10,5.0,1.0,4.0,1.0,4.0,1.0,31.0,230000.0,2.0,2.0,2.0,2.0,2.0,2.0,0.0,2.0,4.0,6.0,2.0,900000.0,700000.0,1.0,400000.0,275000.0,2.0,215236.5,325237.0,742.0
10,7.0,1.0,5.0,1.0,4.0,2.0,31.0,120000.0,3.0,2.0,2.0,2.0,2.0,2.0,200000.0,1.0,4.0,6.0,2.0,900000.0,600000.0,1.0,400000.0,165650.0,5.0,189685.2,240334.0,747.0
10,5.0,1.0,3.0,1.0,4.0,2.0,31.0,130000.0,3.0,3.0,2.0,2.0,2.0,2.0,470000.0,1.0,4.0,6.0,2.0,900000.0,700000.0,1.0,300000.0,370000.0,4.0,198956.8,361380.0,745.0
10,7.0,1.0,5.0,2.0,4.0,2.0,31.0,180000.0,3.0,3.0,2.0,2.0,1.0,2.0,450000.0,1.0,4.0,4.0,2.0,800000.0,600000.0,1.0,400000.0,200000.0,2.0,150443.05,377459.0,700754.0
10,6.0,1.0,3.0,2.0,4.0,1.0,31.0,180000.0,3.0,3.0,2.0,2.0,2.0,2.0,700000.0,1.0,4.0,6.0,2.0,1000000.0,700000.0,1.0,400000.0,200000.0,1.0,213130.4,364387.0,746.0
10,2.0,1.0,4.0,2.0,4.0,2.0,31.0,100000.0,3.0,2.0,2.0,2.0,1.0,2.0,0.0,2.0,4.0,3.0,2.0,500000.0,300000.0,1.0,200000.0,104000.0,2.0,125718.2,256403.0,751.0
10,4.0,3.0,3.0,1.0,4.0,2.0,31.0,120000.0,3.0,3.0,2.0,2.0,1.0,2.0,0.0,2.0,4.0,6.0,2.0,600000.0,400000.0,1.0,200000.0,85000.0,2.0,128492.7,191509.0,751.0
10,7.0,1.0,7.0,1.0,4.0,1.0,31.0,200000.0,2.0,2.0,2.0,2.0,2.0,2.0,0.0,2.0,4.0,6.0,2.0,900000.0,800000.0,1.0,500000.0,260000.0,3.0,208859.55,326166.0,742.0
10,6.0,1.0,6.0,1.0,4.0,1.0,31.0,320000.0,2.0,2.0,2.0,2.0,1.0,2.0,0.0,2.0,4.0,5.0,2.0,1000000.0,600000.0,1.0,300000.0,322000.0,4.0,182356.85,420832.0,746.0
10,6.0,1.0,4.0,1.0,4.0,1.0,31.0,280000.0,3.0,2.0,2.0,1.0,2.0,2.0,400000.0,1.0,4.0,1.0,2.0,1200000.0,600000.0,1.0,300000.0,305000.0,4.0,304188.4,503638.0,741.0
10,4.0,1.0,3.0,2.0,4.0,2.0,31.0,160000.0,3.0,2.0,2.0,2.0,2.0,2.0,0.0,2.0,4.0,5.0,2.0,600000.0,400000.0,1.0,200000.0,140000.0,3.0,128436.35,155888.0,750.0
10,3.0,1.0,6.0,1.0,4.0,1.0,31.0,200000.0,2.0,2.0,2.0,2.0,2.0,2.0,0.0,2.0,4.0,2.0,2.0,600000.0,500000.0,1.0,200000.0,120000.0,1.0,184490.15,517398.0,741.0
10,4.0,1.0,4.0,2.0,4.0,2.0,31.0,120000.0,3.0,2.0,2.0,2.0,1.0,2.0,0.0,2.0,4.0,4.0,2.0,1500.0,1000.0,1.0,150000.0,230000.0,2.0,150698.65,160329.0,750.0
10,4.0,1.0,3.0,2.0,4.0,2.0,31.0,160000.0,3.0,2.0,2.0,2.0,1.0,2.0,0.0,2.0,4.0,1.0,2.0,1000000.0,500000.0,1.0,200000.0,180000.0,3.0,123019.4,149590.0,749.0
10,1.0,1.0,3.0,2.0,4.0,2.0,31.0,80000.0,3.0,2.0,2.0,2.0,2.0,2.0,0.0,2.0,4.0,5.0,1.0,300000.0,200000.0,1.0,100000.0,44800.0,1.0,54493.25,100073.0,754.0
10,4.0,1.0,3.0,2.0,4.0,1.0,31.0,130000.0,3.0,2.0,2.0,2.0,2.0,2.0,0.0,2.0,4.0,1.0,2.0,600000.0,400000.0,1.0,100000.0,199000.0,3.0,195722.6,321916.0,747.0
10,2.0,1.0,1.0,2.0,4.0,2.0,31.0,40000.0,5.0,2.0,2.0,2.0,2.0,2.0,0.0,2.0,4.0,6.0,1.0,200000.0,120000.0,1.0,80000.0,48000.0,1.0,106002.65,71428.0,756.0
10,2.0,1.0,1.0,1.0,4.0,2.0,31.0,50000.0,3.0,2.0,2.0,2.0,2.0,2.0,1100000.0,1.0,4.0,1.0,2.0,0.0,500000.0,1.0,188888.88888888888,80000.0,2.0,131797.5,182034.0,749.0
10,19.0,1.0,3.0,2.0,4.0,2.0,31.0,168888.88888888888,3.0,2.0,2.0,2.0,1.0,2.0,470000.0,1.0,1.0,1.0,1.0,0.0,0.0,1.4444444444444444,300544.44444444444,389000.0,6.0,196382.8,178315.0,756.0
10,3.0,3.0,1.0,1.0,3.0,2.0,31.0,60000.0,3.0,3.0,2.0,2.0,2.0,2.0,0.0,2.0,4.0,2.0,2.0,0.0,500000.0,1.0,220000.0,240000.0,2.0,114109.35,233716.0,753.0
10,5.0,1.0,3.0,1.0,4.0,2.0,31.0,120000.0,3.0,2.0,2.0,2.0,1.0,2.0,300000.0,1.0,4.0,6.0,2.0,0.0,400000.0,1.0,164444.44444444444,186000.0,2.0,161529.5,278615.0,600751.0
10,2.0,1.0,1.0,2.0,4.0,2.0,31.0,120000.0,3.0,2.0,2.0,2.0,1.0,2.0,0.0,2.0,4.0,3.0,1.0,0.0,300000.0,1.0,135555.55555555556,93100.0,3.0,159426.8,182520.0,754.0
10,1.0,1.0,1.0,2.0,4.0,2.0,31.0,7.0,4.0,3.0,2.0,2.0,2.0,2.0,0.0,2.0,2.0,6.0,2.0,0.0,0.0,1.0,66111.11111111111,28900.0,1.0,49377.3,67130.0,754.0
10,2.0,1.0,3.0,2.0,4.0,2.0,31.0,180000.0,3.0,2.0,2.0,2.0,1.0,2.0,0.0,2.0,4.0,4.0,2.0,0.0,1000000.0,1.0,313333.3333333333,118000.0,2.0,111095.2,275064.0,754.0
10,2.0,3.0,1.0,2.0,4.0,2.0,31.0,133888.88888888888,3.0,3.0,2.0,2.0,2.0,2.0,100000.0,1.0,4.0,2.0,2.0,0.0,0.0,1.0,228888.88888888888,120000.0,1.0,80990.7,220340.0,756.0
10,3.0,1.0,3.0,1.0,4.0,2.0,31.0,60000.0,3.0,2.0,2.0,2.0,1.0,2.0,0.0,2.0,4.0,6.0,2.0,0.0,0.0,1.0,235555.55555555556,184000.0,2.0,110030.4,286746.0,750.0
10,1.0,1.0,1.0,2.0,4.0,2.0,31.0,70000.0,3.0,3.0,2.0,2.0,2.0,2.0,0.0,2.0,4.0,3.0,2.0,1500.0,500.0,1.0,100000.0,47000.0,1.0,94244.05,65836.0,749.0
10,4.0,1.0,4.0,1.0,4.0,2.0,31.0,120000.0,3.0,3.0,2.0,2.0,2.0,2.0,800000.0,1.0,4.0,2.0,2.0,2000000.0,0.0,1.0,200000.0,180000.0,2.0,155733.8,327288.0,746.0
10,5.0,1.0,3.0,1.0,4.0,1.0,31.0,150000.0,2.0,2.0,2.0,2.0,1.0,2.0,500000.0,1.0,4.0,3.0,2.0,7000.0,4000.0,1.0,400000.0,398000.0,3.0,154606.55,277947.0,746.0
10,2.0,1.0,2.0,1.0,4.0,2.0,31.0,200000.0,3.0,3.0,2.0,2.0,1.0,2.0,0.0,2.0,4.0,4.0,2.0,4000.0,1000.0,1.0,200000.0,142000.0,3.0,130092.5,284614.0,745.0
10,6.0,1.0,3.0,1.0,4.0,1.0,31.0,120000.0,3.0,3.0,2.0,2.0,2.0,2.0,0.0,2.0,4.0,4.0,2.0,0.0,500000.0,1.0,250000.0,230000.0,2.0,142812.8,233253.0,745.0
10,1.0,1.0,2.0,2.0,4.0,2.0,31.0,80000.0,3.0,3.0,2.0,2.0,1.0,2.0,0.0,2.0,4.0,3.0,2.0,2000.0,1000.0,1.0,100000.0,50000.0,1.0,91312.3,61304.0,752.0
10,6.0,1.0,3.0,1.0,4.0,2.0,31.0,150000.0,3.0,3.0,2.0,2.0,2.0,2.0,0.0,2.0,4.0,5.0,2.0,6000.0,3500.0,1.0,500000.0,300000.0,3.0,147678.2,196178.0,747.0
10,3.0,3.0,2.0,1.0,4.0,2.0,31.0,120000.0,3.0,3.0,2.0,2.0,2.0,2.0,600000.0,1.0,4.0,3.0,2.0,3000000.0,3000.0,1.0,400000.0,810000.0,3.0,132897.3,262095.0,747.0
10,1.0,1.0,2.0,2.0,4.0,2.0,31.0,100000.0,3.0,3.0,2.0,2.0,1.0,2.0,0.0,2.0,4.0,4.0,2.0,2000.0,1000.0,1.0,200000.0,47650.0,2.0,66397.9,58546.0,751.0
10,6.0,1.0,3.0,1.0,4.0,1.0,31.0,200000.0,3.0,3.0,2.0,2.0,2.0,2.0,600000.0,1.0,4.0,5.0,2.0,0.0,0.0,1.0,500000.0,143100.0,3.0,158203.77,108814.0,743.0
10,4.0,1.0,2.0,1.0,4.0,1.0,31.0,150000.0,2.0,2.0,2.0,2.0,2.0,2.0,60000.0,1.0,4.0,2.0,2.0,0.0,0.0,1.0,500000.0,270000.0,2.0,328208.97,359019.0,1600743.0
10,4.0,1.0,4.0,1.0,4.0,2.0,31.0,150000.0,3.0,2.0,2.0,2.0,1.0,2.0,195000.0,1.0,4.0,5.0,2.0,0.0,0.0,3.0,1890200.0,369000.0,5.0,213350.54,401773.0,310747.0
10,6.0,1.0,3.0,1.0,4.0,1.0,31.0,150000.0,3.0,2.0,2.0,2.0,1.0,2.0,0.0,2.0,4.0,5.0,2.0,0.0,0.0,1.0,500000.0,390000.0,3.0,362769.9,382252.0,745.0
10,3.0,1.0,2.0,1.0,4.0,1.0,31.0,180000.0,2.0,2.0,2.0,2.0,1.0,2.0,400000.0,1.0,4.0,6.0,2.0,0.0,0.0,1.0,300000.0,80100.0,2.0,135237.41,209252.0,745.0
10,3.0,5.0,4.0,1.0,2.0,2.0,31.0,100000.0,2.0,3.0,2.0,2.0,1.0,2.0,0.0,2.0,4.0,6.0,2.0,0.0,0.0,1.0,300000.0,200000.0,3.0,147642.67,329189.0,746.0
10,8.0,1.0,3.0,1.0,4.0,1.0,31.0,180000.0,3.0,1.0,2.0,2.0,2.0,2.0,450000.0,1.0,4.0,4.0,2.0,0.0,0.0,1.0,800000.0,481000.0,5.0,344787.73,558167.0,1000746.0
10,6.0,1.0,3.0,1.0,4.0,1.0,31.0,250000.0,2.0,2.0,2.0,1.0,2.0,2.0,0.0,2.0,4.0,5.0,2.0,0.0,0.0,1.0,300000.0,270000.0,2.0,308078.71,354724.0,743.0
10,4.0,1.0,4.0,1.0,4.0,2.0,31.0,210000.0,3.0,3.0,2.0,2.0,2.0,2.0,250000.0,1.0,4.0,5.0,2.0,0.0,0.0,1.0,500000.0,190000.0,3.0,237562.15,346016.0,747.0
10,5.0,1.0,3.0,1.0,4.0,2.0,31.0,50000.0,3.0,2.0,2.0,2.0,2.0,2.0,0.0,2.0,4.0,5.0,2.0,0.0,0.0,1.0,340000.0,89000.0,2.0,120069.05,110289.0,746.0
10,5.0,1.0,3.0,1.0,4.0,2.0,31.0,48000.0,3.0,2.0,2.0,2.0,2.0,2.0,0.0,2.0,4.0,2.0,2.0,0.0,0.0,1.0,500000.0,164000.0,3.0,110022.7,326687.0,746.0
10,5.0,1.0,6.0,1.0,4.0,2.0,31.0,400000.0,3.0,2.0,2.0,2.0,1.0,2.0,500000.0,1.0,4.0,4.0,2.0,0.0,0.0,1.0,300000.0,162000.0,2.0,124269.1,327341.0,747.0
10,1.0,1.0,1.0,2.0,4.0,2.0,31.0,61666.666666666664,2.0,2.0,2.0,2.0,2.0,2.0,0.0,2.0,4.0,2.0,2.0,0.0,0.0,1.0,90000.0,70000.0,1.0,115583.65,94541.0,758.0
10,3.0,3.0,2.0,2.0,4.0,2.0,31.0,147111.11111111112,3.0,3.0,2.0,2.0,2.0,2.0,0.0,2.0,4.0,6.0,2.0,0.0,500000.0,1.0,280000.0,112000.0,2.0,87652.55,269016.0,754.0
10,4.0,1.0,2.0,2.0,4.0,1.0,31.0,80000.0,3.0,2.0,2.0,2.0,2.0,2.0,400000.0,2.0,4.0,4.0,2.0,0.0,500000.0,1.0,300000.0,152000.0,2.0,128065.05,169623.0,750.0
10,5.0,1.0,2.0,1.0,4.0,2.0,31.0,60000.0,4.0,2.0,2.0,2.0,2.0,2.0,250000.0,1.0,4.0,4.0,2.0,0.0,800000.0,1.0,400000.0,175000.0,3.0,127274.05,189532.0,745.0
10,1.0,5.0,1.0,1.0,4.0,2.0,31.0,30000.0,3.0,1.0,2.0,2.0,2.0,2.0,300000.0,1.0,4.0,3.0,2.0,0.0,0.0,1.0,150000.0,48000.0,1.0,76709.95,110177.0,751.0
10,2.0,1.0,2.0,1.0,4.0,2.0,31.0,120000.0,3.0,2.0,2.0,1.0,2.0,2.0,0.0,2.0,4.0,2.0,2.0,0.0,0.0,1.0,250000.0,130000.0,2.0,135547.82,252937.0,745.0
10,1.0,3.0,1.0,1.0,4.0,2.0,31.0,50000.0,3.0,3.0,2.0,2.0,1.0,2.0,0.0,2.0,4.0,5.0,2.0,4000000.0,2000000.0,1.0,324444.44444444444,4000.0,1.0,40360.0,443975.0,752.0
10,1.0,1.0,1.0,2.0,4.0,2.0,31.0,22000.0,3.0,3.0,2.0,2.0,2.0,2.0,0.0,2.0,1.0,1.0,2.0,0.0,250000.0,1.0,87222.22222222222,57000.0,2.0,19314.62,34738.0,755.0
10,1.0,1.0,2.0,2.0,4.0,2.0,31.0,120000.0,4.0,3.0,2.0,2.0,2.0,2.0,900000.0,2.0,4.0,3.0,2.0,500000.0,300000.0,1.0,120000.0,40000.0,1.0,46373.5,147886.0,753.0
10,1.0,1.0,1.0,2.0,4.0,2.0,31.0,50000.0,5.0,3.0,2.0,2.0,1.0,2.0,0.0,2.0,4.0,1.0,2.0,0.0,0.0,1.0,150666.66666666666,41000.0,1.0,48451.9,144493.0,754.0
10,4.0,1.0,3.0,1.0,4.0,2.0,31.0,60000.0,3.0,3.0,2.0,1.0,1.0,2.0,0.0,2.0,4.0,2.0,2.0,2000000.0,800000.0,1.0,290000.0,190000.0,2.0,123199.15,335320.0,748.0
10,2.0,1.0,3.0,2.0,4.0,2.0,31.0,35000.0,3.0,3.0,2.0,2.0,1.0,2.0,0.0,2.0,4.0,1.0,2.0,500000.0,300000.0,1.0,150000.0,84000.0,3.0,45375.15,75729.0,750.0
10,4.0,1.0,3.0,1.0,4.0,1.0,31.0,60000.0,2.0,2.0,2.0,2.0,2.0,2.0,0.0,2.0,4.0,1.0,2.0,1500000.0,800000.0,1.0,256666.66666666663,160000.0,2.0,139960.6,404272.0,747.0
10,5.0,1.0,2.0,1.0,4.0,1.0,31.0,60000.0,4.0,3.0,2.0,1.0,1.0,2.0,900000.0,1.0,4.0,4.0,2.0,5000000.0,1000000.0,1.2222222222222223,297794.44444444444,415000.0,3.0,179974.0,542117.0,744.0
10,1.0,1.0,1.0,2.0,4.0,2.0,31.0,54000.0,3.0,3.0,2.0,2.0,1.0,2.0,0.0,2.0,4.0,4.0,2.0,0.0,350000.0,1.0,115555.55555555556,56000.0,2.0,65473.45,106815.0,756.0
10,2.0,1.0,3.0,1.0,4.0,2.0,31.0,160000.0,3.0,3.0,2.0,2.0,2.0,2.0,0.0,2.0,4.0,6.0,2.0,0.0,0.0,1.0,300000.0,92000.0,2.0,121857.7,63281.0,748.0
10,4.0,1.0,3.0,1.0,4.0,2.0,31.0,60000.0,3.0,3.0,2.0,2.0,2.0,2.0,180000.0,2.0,4.0,5.0,2.0,20000.0,5000.0,1.0,500000.0,178000.0,3.0,98685.1,292532.0,750.0
10,4.0,1.0,2.0,1.0,4.0,1.0,31.0,80000.0,3.0,3.0,2.0,2.0,2.0,2.0,0.0,2.0,4.0,4.0,2.0,0.0,0.0,1.0,300000.0,290000.0,2.0,139665.15,180331.0,747.0
10,4.0,1.0,2.0,1.0,4.0,2.0,31.0,160000.0,4.0,3.0,2.0,2.0,2.0,2.0,0.0,2.0,4.0,6.0,2.0,0.0,0.0,1.0,500000.0,156000.0,3.0,112095.7,234354.0,748.0
10,3.0,1.0,3.0,1.0,4.0,1.0,31.0,220000.0,3.0,3.0,2.0,2.0,2.0,2.0,0.0,2.0,4.0,6.0,2.0,9000000.0,3000000.0,1.0,650000.0,700000.0,2.0,168640.5,753717.0,746.0
10,1.0,1.0,2.0,1.0,4.0,2.0,31.0,40000.0,3.0,3.0,2.0,2.0,1.0,2.0,0.0,2.0,4.0,6.0,2.0,0.0,0.0,1.0,300000.0,80000.0,1.0,95285.2,130427.0,751.0
10,3.0,1.0,3.0,2.0,4.0,2.0,31.0,60000.0,3.0,3.0,2.0,2.0,2.0,2.0,0.0,2.0,4.0,6.0,2.0,0.0,0.0,1.0,500000.0,150000.0,1.0,141554.3,163488.0,751.0
10,2.0,1.0,3.0,1.0,4.0,2.0,31.0,150000.0,3.0,3.0,2.0,2.0,2.0,2.0,0.0,2.0,4.0,6.0,2.0,10000.0,4000.0,1.0,400000.0,79000.0,2.0,144135.5,235934.0,748.0
10,2.0,1.0,3.0,2.0,4.0,1.0,31.0,120000.0,3.0,3.0,2.0,2.0,2.0,2.0,0.0,2.0,4.0,6.0,2.0,0.0,0.0,1.0,300000.0,195000.0,2.0,120012.25,208061.0,750.0
10,1.0,1.0,2.0,2.0,4.0,2.0,31.0,52111.11111111111,3.0,3.0,2.0,2.0,1.0,2.0,0.0,2.0,4.0,1.0,2.0,0.0,0.0,1.0,122222.22222222222,43000.0,2.0,109253.85,104869.0,750.0
10,1.0,1.0,1.0,2.0,4.0,2.0,31.0,30000.0,3.0,3.0,2.0,2.0,2.0,2.0,0.0,2.0,4.0,1.0,2.0,0.0,0.0,1.0,91666.66666666669,66000.0,2.0,84654.55,70230.0,754.0
10,1.0,3.0,1.0,2.0,4.0,2.0,31.0,50000.0,3.0,3.0,2.0,2.0,1.0,2.0,0.0,2.0,4.0,1.0,2.0,0.0,0.0,1.0,246666.66666666663,303000.0,2.0,49250.25,106627.0,750.0
10,5.0,1.0,3.0,1.0,4.0,1.0,31.0,100000.0,2.0,2.0,2.0,2.0,2.0,2.0,450000.0,2.0,4.0,1.0,2.0,0.0,0.0,1.0,200000.0,218000.0,3.0,169870.45,243995.0,742.0
10,1.0,1.0,2.0,1.0,4.0,2.0,31.0,50000.0,3.0,2.0,2.0,2.0,2.0,2.0,0.0,2.0,4.0,1.0,2.0,0.0,0.0,1.2222222222222223,178617.77777777778,100000.0,1.0,92980.45,95829.0,747.0
10,2.0,1.0,1.0,1.0,4.0,2.0,31.0,100000.0,3.0,2.0,2.0,2.0,1.0,2.0,0.0,2.0,4.0,1.0,2.0,0.0,0.0,1.0,150000.0,365000.0,3.0,121730.05,201475.0,748.0
10,2.0,1.0,2.0,1.0,3.0,1.0,31.0,105000.0,3.0,1.0,2.0,2.0,2.0,2.0,0.0,2.0,4.0,6.0,2.0,0.0,0.0,1.3333333333333333,173518.88888888888,28000.0,2.0,128391.95,138951.0,746.0
10,3.0,1.0,2.0,1.0,4.0,1.0,31.0,150000.0,2.0,3.0,2.0,2.0,2.0,2.0,200000.0,1.0,4.0,1.0,2.0,0.0,0.0,1.0,200000.0,228000.0,3.0,159543.8,295452.0,745.0
10,2.0,3.0,2.0,1.0,4.0,2.0,31.0,50000.0,3.0,3.0,2.0,2.0,2.0,2.0,0.0,2.0,4.0,1.0,2.0,0.0,0.0,1.0,200000.0,400000.0,1.0,136647.8,144735.0,747.0
10,1.0,1.0,4.0,2.0,4.0,2.0,31.0,100000.0,3.0,3.0,2.0,2.0,1.0,2.0,0.0,2.0,4.0,1.0,1.0,400000.0,200000.0,1.0,100000.0,45300.0,2.0,56951.6,60609.0,755.0
10,2.0,1.0,4.0,2.0,4.0,2.0,31.0,110000.0,3.0,3.0,2.0,1.0,1.0,2.0,0.0,2.0,4.0,1.0,1.0,250000.0,150000.0,1.0,90000.0,162330.0,4.0,74815.35,54755.0,754.0
10,5.0,1.0,5.0,1.0,4.0,2.0,31.0,130000.0,3.0,2.0,2.0,1.0,1.0,1.0,0.0,1.0,1.0,1.0,2.0,1500000.0,600000.0,1.0,200000.0,115420.0,3.0,62361.3,106348.0,746.0
10,4.0,1.0,3.0,1.0,4.0,2.0,31.0,70000.0,3.0,2.0,2.0,2.0,1.0,1.0,150000.0,1.0,4.0,4.0,2.0,1600000.0,900000.0,1.0,180000.0,85500.0,2.0,44306.3,210650.0,560748.0
10,6.0,1.0,5.0,2.0,4.0,1.0,31.0,7.0,2.0,2.0,2.0,1.0,1.0,1.0,40000.0,1.0,4.0,1.0,2.0,1800000.0,800000.0,1.0,250000.0,544300.0,7.0,36260.0,290571.0,320751.0
10,5.0,1.0,4.0,1.0,4.0,1.0,31.0,7.0,2.0,3.0,2.0,1.0,1.0,2.0,0.0,1.0,1.0,1.0,2.0,1800000.0,900000.0,1.0,200000.0,455000.0,3.0,16172.5,206055.0,746.0
10,5.0,1.0,3.0,2.0,4.0,1.0,31.0,50000.0,2.0,3.0,2.0,2.0,1.0,2.0,0.0,2.0,4.0,1.0,2.0,700000.0,300000.0,1.0,150000.0,598300.0,3.0,35581.0,100378.0,751.0
10,6.0,1.0,4.0,1.0,4.0,2.0,31.0,40000.0,3.0,2.0,2.0,2.0,1.0,2.0,0.0,2.0,2.0,5.0,2.0,1600000.0,900000.0,1.0,180000.0,420400.0,4.0,49187.9,302040.0,748.0
10,4.0,1.0,4.0,1.0,4.0,1.0,31.0,80000.0,2.0,2.0,2.0,1.0,1.0,2.0,0.0,1.0,4.0,1.0,2.0,1550000.0,800000.0,1.0,160000.0,490000.0,3.0,43902.6,117950.0,746.0
10,6.0,1.0,3.0,1.0,4.0,1.0,31.0,150000.0,3.0,2.0,2.0,2.0,2.0,2.0,150000.0,1.0,4.0,6.0,2.0,2000000.0,800000.0,1.0,350000.0,246000.0,3.0,161461.05,229516.0,739.0
10,6.0,1.0,5.0,1.0,4.0,1.0,31.0,86000.0,4.0,2.0,2.0,2.0,1.0,2.0,50000.0,1.0,4.0,6.0,2.0,850000.0,450000.0,1.0,150000.0,79450.0,3.0,112416.01,205164.0,742.0
10,2.0,1.0,5.0,2.0,4.0,2.0,31.0,100000.0,3.0,2.0,2.0,2.0,2.0,2.0,100000.0,1.0,1.0,1.0,2.0,700000.0,300000.0,1.0,150000.0,79000.0,3.0,93087.2,108611.0,748.0
10,4.0,1.0,4.0,1.0,4.0,2.0,31.0,100000.0,3.0,2.0,2.0,2.0,1.0,2.0,100000.0,1.0,4.0,6.0,2.0,1800000.0,900000.0,1.0,300000.0,275000.0,2.0,116220.95,257739.0,739.0
10,4.0,1.0,3.0,1.0,4.0,1.0,31.0,130000.0,3.0,2.0,2.0,2.0,2.0,2.0,1000000.0,1.0,4.0,6.0,2.0,2500000.0,1000000.0,1.0,500000.0,261000.0,3.0,134474.7,173490.0,740.0
10,3.0,1.0,4.0,1.0,4.0,1.0,31.0,130000.0,3.0,2.0,2.0,2.0,2.0,2.0,70000.0,1.0,4.0,6.0,2.0,1700000.0,900000.0,1.0,300000.0,255000.0,2.0,127361.6,280567.0,742.0
10,5.0,1.0,4.0,1.0,4.0,1.0,31.0,130000.0,3.0,2.0,2.0,2.0,2.0,2.0,100000.0,1.0,4.0,6.0,2.0,1600000.0,800000.0,1.0,250000.0,214000.0,4.0,151351.95,93872.0,745.0
10,5.0,1.0,5.0,1.0,4.0,1.0,31.0,130000.0,4.0,2.0,2.0,2.0,2.0,2.0,0.0,2.0,4.0,2.0,2.0,3000000.0,1500000.0,1.0,150000.0,189000.0,3.0,141968.95,257612.0,741.0
10,5.0,1.0,6.0,1.0,4.0,2.0,31.0,100000.0,3.0,2.0,2.0,1.0,1.0,2.0,1000000.0,1.0,4.0,6.0,2.0,600000.0,300000.0,1.0,150000.0,80000.0,1.0,94618.3,116111.0,742.0
10,5.0,1.0,3.0,2.0,4.0,2.0,31.0,66000.0,3.0,2.0,2.0,2.0,1.0,2.0,0.0,2.0,4.0,6.0,2.0,650000.0,300000.0,1.0,150000.0,41100.0,1.0,103701.45,104607.0,747.0
10,1.0,1.0,3.0,2.0,4.0,2.0,31.0,88000.0,4.0,2.0,2.0,2.0,1.0,2.0,50000.0,1.0,4.0,3.0,2.0,600000.0,400000.0,1.0,200000.0,35800.0,1.0,99655.8,124238.0,749.0
10,5.0,1.0,4.0,1.0,4.0,1.0,31.0,50000.0,4.0,2.0,2.0,2.0,2.0,2.0,250000.0,1.0,4.0,2.0,2.0,1900000.0,850000.0,1.0,430000.0,110000.0,1.0,80952.5,167747.0,743.0
10,4.0,1.0,3.0,2.0,4.0,1.0,31.0,50000.0,4.0,2.0,2.0,2.0,2.0,2.0,200000.0,1.0,4.0,3.0,2.0,1600000.0,800000.0,1.0,500000.0,144600.0,2.0,99609.3,181086.0,745.0
10,2.0,1.0,3.0,2.0,4.0,2.0,31.0,80000.0,4.0,2.0,2.0,2.0,2.0,2.0,40000.0,1.0,4.0,3.0,2.0,700000.0,400000.0,1.0,200000.0,76700.0,2.0,92617.93,149547.0,753.0
10,4.0,1.0,3.0,2.0,4.0,2.0,31.0,100000.0,4.0,2.0,2.0,2.0,1.0,2.0,0.0,2.0,1.0,1.0,2.0,900000.0,500000.0,1.0,200000.0,79550.0,4.0,108107.01,116758.0,749.0
10,4.0,1.0,4.0,2.0,4.0,1.0,31.0,50000.0,3.0,2.0,2.0,2.0,2.0,2.0,150000.0,1.0,4.0,6.0,2.0,2000000.0,800000.0,1.0,300000.0,150900.0,2.0,84923.9,152206.0,746.0
10,5.0,1.0,4.0,1.0,4.0,1.0,31.0,45000.0,4.0,2.0,2.0,2.0,2.0,2.0,0.0,1.0,4.0,2.0,2.0,1800000.0,800000.0,1.0,240000.0,154000.0,2.0,143460.7,302826.0,741.0
10,4.0,1.0,3.0,2.0,4.0,1.0,31.0,50000.0,3.0,2.0,2.0,2.0,2.0,2.0,300000.0,1.0,4.0,6.0,2.0,1500000.0,800000.0,1.0,280000.0,110000.0,1.0,118328.2,234397.0,800749.0
10,7.0,1.0,3.0,1.0,4.0,1.0,31.0,250000.0,3.0,2.0,2.0,2.0,1.0,2.0,100000.0,1.0,4.0,4.0,2.0,600000.0,300000.0,1.0,200000.0,466000.0,3.0,135258.3,213414.0,748.0
10,4.0,1.0,4.0,1.0,4.0,1.0,31.0,250000.0,3.0,2.0,2.0,2.0,2.0,2.0,0.0,2.0,4.0,3.0,2.0,1500000.0,400000.0,1.0,150000.0,150000.0,1.0,154612.55,156374.0,747.0
10,5.0,1.0,4.0,1.0,4.0,1.0,31.0,300000.0,2.0,1.0,2.0,2.0,1.0,1.0,0.0,2.0,4.0,1.0,2.0,900000.0,700000.0,1.0,400000.0,599100.0,3.0,170821.9,405208.0,600742.0
10,2.0,1.0,4.0,2.0,4.0,2.0,31.0,100000.0,4.0,3.0,2.0,2.0,1.0,2.0,300000.0,1.0,4.0,3.0,2.0,500000.0,350000.0,1.0,200000.0,50000.0,1.0,52117.535,100485.0,755.0
10,6.0,1.0,4.0,1.0,2.0,2.0,31.0,300000.0,3.0,2.0,2.0,2.0,1.0,2.0,1380000.0,1.0,4.0,4.0,2.0,650000.0,500000.0,1.0,300000.0,133000.0,2.0,152125.95,360142.0,237524.0
10,6.0,1.0,4.0,1.0,4.0,1.0,31.0,120000.0,3.0,1.0,2.0,2.0,2.0,2.0,110000.0,2.0,4.0,4.0,2.0,600000.0,400000.0,1.0,200000.0,138000.0,3.0,140485.47,323223.0,2000749.0
10,3.0,1.0,3.0,1.0,4.0,2.0,31.0,7.0,3.0,3.0,2.0,2.0,1.0,2.0,1300000.0,1.0,4.0,3.0,2.0,2000.0,1500.0,3.0,94510.0,3000.0,1.0,95893.1,135025.0,750.0
10,4.0,1.0,3.0,1.0,4.0,1.0,31.0,150000.0,3.0,1.0,2.0,2.0,1.0,2.0,0.0,2.0,4.0,4.0,2.0,600000.0,300000.0,1.0,200000.0,180000.0,2.0,143964.55,217159.0,370748.0
10,5.0,1.0,5.0,1.0,4.0,1.0,31.0,500000.0,2.0,1.0,2.0,2.0,2.0,2.0,0.0,2.0,4.0,2.0,2.0,5000.0,500000.0,1.0,300000.0,848100.0,3.0,186145.95,162390.0,600746.0
10,5.0,1.0,4.0,1.0,4.0,2.0,31.0,200000.0,3.0,2.0,2.0,2.0,2.0,2.0,0.0,2.0,4.0,6.0,2.0,1500000.0,1000000.0,1.0,200000.0,200000.0,2.0,196911.41,278378.0,744.0
10,1.0,1.0,1.0,2.0,4.0,2.0,31.0,70000.0,4.0,3.0,2.0,2.0,1.0,2.0,0.0,2.0,4.0,6.0,2.0,1000000.0,800000.0,1.0,50000.0,38800.0,2.0,131872.37,81391.0,754.0
10,3.0,1.0,4.0,2.0,4.0,2.0,31.0,120000.0,4.0,3.0,2.0,2.0,2.0,2.0,300000.0,1.0,4.0,6.0,2.0,800000.0,500000.0,1.0,246666.66666666663,355000.0,2.0,130114.1,171857.0,750.0
10,3.0,1.0,5.0,1.0,4.0,1.0,31.0,200000.0,4.0,2.0,2.0,2.0,1.0,2.0,0.0,2.0,4.0,6.0,2.0,500000.0,400000.0,1.0,160000.0,160000.0,1.0,114810.73,247704.0,744.0
10,6.0,1.0,3.0,2.0,4.0,2.0,31.0,150000.0,4.0,2.0,2.0,2.0,1.0,2.0,600000.0,1.0,4.0,2.0,2.0,1000000.0,800000.0,1.0,200000.0,127000.0,3.0,142700.15,493194.0,748.0
10,2.0,1.0,2.0,2.0,4.0,2.0,31.0,100000.0,4.0,3.0,2.0,2.0,2.0,2.0,0.0,2.0,3.0,6.0,2.0,400000.0,300000.0,1.0,50000.0,55000.0,2.0,69660.28,30431.0,755.0
10,1.0,1.0,3.0,1.0,4.0,1.0,31.0,200000.0,2.0,2.0,2.0,1.0,2.0,2.0,0.0,2.0,4.0,6.0,2.0,500000.0,400000.0,1.0,150000.0,470000.0,2.0,96779.3,177149.0,747.0
10,6.0,1.0,4.0,1.0,4.0,1.0,31.0,160000.0,3.0,3.0,2.0,2.0,2.0,2.0,600000.0,1.0,4.0,6.0,2.0,2000000.0,1000000.0,1.0,312222.22222222225,770000.0,4.0,163560.074,344182.0,743.0
10,5.0,1.0,4.0,2.0,4.0,2.0,31.0,100000.0,3.0,3.0,2.0,2.0,2.0,2.0,150000.0,1.0,1.0,1.0,2.0,1000000.0,800000.0,1.0,225555.55555555556,116000.0,3.0,164183.1,159281.0,750.0
10,2.0,1.0,2.0,2.0,4.0,2.0,31.0,50000.0,3.0,2.0,2.0,2.0,1.0,2.0,250000.0,1.0,4.0,6.0,2.0,1000000.0,500000.0,1.0,50000.0,65000.0,1.0,82962.64,113634.0,746.0
10,1.0,1.0,2.0,2.0,4.0,2.0,31.0,60000.0,3.0,2.0,2.0,2.0,2.0,2.0,0.0,2.0,4.0,6.0,2.0,0.0,350000.0,1.0,95000.0,95000.0,2.0,108241.62,178039.0,200747.0
10,1.0,1.0,2.0,2.0,4.0,2.0,31.0,28891.222222222223,2.0,2.0,2.0,2.0,1.0,2.0,0.0,2.0,4.0,6.0,2.0,0.0,0.0,1.0,50000.0,42000.0,2.0,60781.32,65757.0,742.0
10,6.0,1.0,2.0,1.0,4.0,2.0,31.0,100000.0,3.0,2.0,2.0,2.0,1.0,2.0,0.0,2.0,1.0,4.0,2.0,0.0,0.0,1.0,130000.0,168000.0,4.0,117941.35,210024.0,744.0
10,1.0,1.0,2.0,1.0,4.0,2.0,31.0,72223.0,3.0,2.0,2.0,2.0,1.0,2.0,0.0,1.0,4.0,4.0,2.0,0.0,0.0,1.0,35000.0,35000.0,1.0,28116.21,90757.0,745.0
10,4.0,1.0,2.0,1.0,4.0,2.0,31.0,45000.0,3.0,2.0,2.0,2.0,2.0,2.0,400000.0,1.0,4.0,5.0,2.0,0.0,0.0,1.0,150000.0,168000.0,3.0,143444.7,191490.0,751.0
10,6.0,1.0,2.0,1.0,4.0,2.0,31.0,90000.0,3.0,2.0,2.0,2.0,1.0,2.0,0.0,2.0,4.0,5.0,2.0,5000000.0,2000000.0,1.0,265000.0,180000.0,2.0,160278.35,277458.0,744.0
10,3.0,1.0,5.0,1.0,4.0,1.0,31.0,160000.0,2.0,2.0,2.0,2.0,1.0,2.0,0.0,2.0,4.0,4.0,2.0,0.0,2000000.0,1.0,300000.0,255300.0,3.0,183985.77,415360.0,300741.0
10,2.0,1.0,4.0,1.0,4.0,1.0,31.0,70000.0,3.0,2.0,2.0,1.0,1.0,2.0,0.0,2.0,4.0,6.0,2.0,0.0,0.0,1.0,100000.0,110000.0,1.0,77553.3,202071.0,743.0
10,2.0,1.0,2.0,2.0,4.0,2.0,31.0,100000.0,3.0,2.0,2.0,2.0,1.0,2.0,0.0,2.0,4.0,6.0,2.0,0.0,0.0,1.0,150000.0,96400.0,2.0,162335.65,134299.0,750.0
10,4.0,1.0,3.0,1.0,4.0,2.0,31.0,135000.0,3.0,2.0,2.0,2.0,1.0,2.0,0.0,2.0,4.0,6.0,2.0,0.0,0.0,1.0,150000.0,148000.0,2.0,223299.65,164602.0,742.0
10,1.0,1.0,1.0,1.0,4.0,2.0,31.0,60000.0,3.0,2.0,2.0,2.0,1.0,2.0,0.0,2.0,1.0,6.0,2.0,0.0,0.0,1.0,50000.0,69000.0,2.0,97199.68,176595.0,744.0
10,6.0,4.0,2.0,1.0,4.0,2.0,31.0,120000.0,3.0,2.0,2.0,2.0,2.0,2.0,200000.0,1.0,4.0,6.0,2.0,0.0,0.0,1.0,200000.0,223000.0,4.0,182886.54,167360.0,1200744.0
10,7.0,1.0,3.0,1.0,4.0,1.0,31.0,120000.0,3.0,2.0,2.0,2.0,2.0,2.0,0.0,2.0,4.0,6.0,2.0,0.0,0.0,1.0,250000.0,270500.0,4.0,208284.19,473515.0,743.0
10,3.0,1.0,2.0,2.0,4.0,2.0,31.0,100000.0,4.0,3.0,2.0,2.0,2.0,2.0,0.0,2.0,4.0,6.0,2.0,0.0,0.0,1.0,150000.0,150700.0,3.0,130316.48,104641.0,751.0
10,3.0,1.0,3.0,1.0,4.0,2.0,31.0,150000.0,3.0,2.0,2.0,2.0,1.0,2.0,0.0,2.0,4.0,6.0,2.0,0.0,0.0,1.0,200000.0,300.0,1.0,143957.38,113807.0,740.0
10,4.0,1.0,2.0,1.0,4.0,2.0,31.0,100000.0,3.0,2.0,2.0,2.0,1.0,2.0,0.0,2.0,4.0,6.0,2.0,0.0,0.0,1.0,150000.0,165000.0,2.0,151202.55,75630.0,747.0
10,4.0,1.0,3.0,1.0,4.0,1.0,31.0,160000.0,3.0,2.0,2.0,2.0,1.0,2.0,0.0,2.0,4.0,6.0,2.0,0.0,0.0,1.0,150000.0,96700.0,2.0,154031.6,147811.0,739.0
10,6.0,3.0,3.0,2.0,4.0,1.0,31.0,7.0,4.0,3.0,2.0,2.0,2.0,2.0,1104000.0,1.0,4.0,6.0,1.0,3000.0,2500.0,3.0,945100.0,112000.0,2.0,91276.1,101879.0,750.0
10,3.0,1.0,2.0,1.0,4.0,2.0,31.0,7.0,3.0,3.0,2.0,2.0,1.0,2.0,0.0,2.0,4.0,6.0,2.0,0.0,0.0,1.0,132222.22222222222,200000.0,2.0,85018.75,59266.0,747.0
10,3.0,1.0,2.0,1.0,4.0,1.0,31.0,135000.0,3.0,3.0,2.0,2.0,1.0,2.0,0.0,2.0,4.0,6.0,2.0,0.0,0.0,1.4444444444444444,245670.55555555556,120000.0,1.0,65031.95,103349.0,746.0
10,4.0,1.0,3.0,1.0,4.0,1.0,3.0,150000.0,3.0,3.0,2.0,2.0,1.0,2.0,0.0,2.0,4.0,6.0,2.0,1000.0,800.0,3.0,330785.0,120000.0,1.0,77488.8,98778.0,746.0
10,6.0,1.0,3.0,1.0,4.0,2.0,31.0,110000.0,3.0,3.0,2.0,2.0,1.0,2.0,0.0,2.0,4.0,3.0,2.0,5000.0,4000.0,3.0,1417650.0,210000.0,2.0,79426.1,74588.0,744.0
10,6.0,1.0,4.0,1.0,4.0,1.0,31.0,150000.0,2.0,1.0,2.0,2.0,2.0,2.0,0.0,2.0,4.0,2.0,2.0,2000000.0,1500000.0,1.0,1000000.0,250000.0,1.0,145765.61,172660.0,741.0
10,4.0,1.0,3.0,1.0,4.0,1.0,31.0,145000.0,2.0,2.0,2.0,2.0,2.0,2.0,0.0,2.0,4.0,6.0,2.0,0.0,0.0,1.2222222222222223,366750.0,236000.0,2.0,133103.2,112591.0,741.0
10,6.0,1.0,3.0,1.0,4.0,1.0,31.0,100000.0,3.0,3.0,2.0,2.0,2.0,2.0,0.0,2.0,4.0,6.0,2.0,1500000.0,1000000.0,1.0,800000.0,162000.0,2.0,111341.35,117899.0,745.0
10,4.0,1.0,3.0,1.0,4.0,1.0,31.0,100000.0,2.0,3.0,2.0,2.0,2.0,2.0,0.0,2.0,4.0,6.0,2.0,1000000.0,900000.0,1.0,800000.0,282000.0,3.0,117437.35,109497.0,744.0
10,1.0,1.0,4.0,2.0,4.0,2.0,31.0,52000.0,3.0,3.0,2.0,2.0,1.0,2.0,0.0,2.0,4.0,6.0,2.0,1800000.0,1500000.0,1.0,1000000.0,53000.0,1.0,90620.0,177877.0,749.0
10,6.0,1.0,5.0,1.0,4.0,1.0,31.0,80000.0,3.0,3.0,2.0,2.0,2.0,2.0,280000.0,1.0,4.0,5.0,2.0,3000000.0,2000000.0,1.0,1000000.0,115500.0,2.0,116712.55,408552.0,745.0
10,2.0,1.0,4.0,2.0,4.0,1.0,31.0,60000.0,3.0,3.0,2.0,2.0,1.0,2.0,0.0,2.0,4.0,5.0,2.0,2800000.0,2500000.0,1.0,1500000.0,20200.0,2.0,87781.75,171485.0,6749.0
10,1.0,1.0,4.0,2.0,4.0,2.0,31.0,62000.0,3.0,3.0,2.0,2.0,2.0,2.0,30000.0,1.0,4.0,6.0,2.0,2000000.0,1800000.0,1.0,1000000.0,73000.0,3.0,74526.3,118736.0,747.0
10,5.0,1.0,5.0,1.0,4.0,1.0,31.0,77000.0,3.0,3.0,2.0,2.0,2.0,2.0,200000.0,1.0,4.0,5.0,2.0,3500000.0,2800000.0,1.0,2500000.0,140000.0,2.0,129042.15,399080.0,746.0
10,4.0,1.0,5.0,1.0,4.0,1.0,31.0,90000.0,3.0,2.0,2.0,2.0,2.0,2.0,300000.0,1.0,4.0,5.0,2.0,5000000.0,4800000.0,1.0,3600000.0,280000.0,2.0,92070.23,326320.0,744.0
10,7.0,1.0,5.0,1.0,4.0,1.0,31.0,96000.0,3.0,3.0,2.0,2.0,2.0,2.0,4500000.0,1.0,4.0,6.0,2.0,6500000.0,5500000.0,1.0,4000000.0,348000.0,4.0,140205.1,430199.0,742.0
10,5.0,1.0,4.0,2.0,4.0,1.0,31.0,76000.0,3.0,3.0,2.0,2.0,2.0,2.0,100000.0,1.0,4.0,4.0,2.0,6000.0,5000.0,3.0,1890200.0,125000.0,2.0,117969.1,328747.0,746.0
10,4.0,1.0,4.0,1.0,4.0,1.0,31.0,70000.0,3.0,3.0,2.0,2.0,2.0,2.0,180000.0,1.0,4.0,6.0,2.0,4500000.0,4000000.0,1.0,3500000.0,110000.0,2.0,106671.9,251807.0,743.0
10,6.0,1.0,4.0,1.0,4.0,1.0,31.0,7.0,2.0,2.0,2.0,2.0,2.0,2.0,0.0,2.0,4.0,6.0,2.0,0.0,0.0,1.0,246666.66666666663,224000.0,4.0,82710.0,179242.0,746.0
10,3.0,1.0,4.0,2.0,4.0,1.0,31.0,80000.0,3.0,2.0,2.0,2.0,2.0,2.0,0.0,2.0,4.0,6.0,2.0,0.0,0.0,1.0,200000.0,81000.0,2.0,41859.6,129384.0,751.0
10,4.0,1.0,3.0,2.0,4.0,2.0,31.0,120000.0,3.0,2.0,2.0,2.0,2.0,2.0,0.0,2.0,4.0,6.0,2.0,0.0,0.0,1.2222222222222223,217805.55555555556,167000.0,3.0,34888.0,101553.0,753.0
10,3.0,1.0,3.0,2.0,4.0,1.0,31.0,250000.0,4.0,3.0,2.0,2.0,1.0,2.0,8000000.0,1.0,4.0,6.0,2.0,0.0,1000000.0,1.0,250000.0,50000.0,1.0,20796.0,70332.0,16000755.0
10,5.0,1.0,3.0,1.0,4.0,2.0,31.0,180000.0,3.0,2.0,2.0,2.0,1.0,2.0,0.0,2.0,1.0,6.0,2.0,0.0,0.0,1.4444444444444444,221781.66666666663,128000.0,2.0,40923.0,91915.0,750.0
10,4.0,1.0,3.0,2.0,4.0,1.0,31.0,7.0,4.0,3.0,2.0,2.0,2.0,2.0,0.0,2.0,4.0,3.0,2.0,0.0,0.0,1.0,150000.0,80000.0,1.0,51508.5,111216.5,751.0
10,4.0,1.0,3.0,1.0,4.0,1.0,31.0,100000.0,3.0,3.0,2.0,2.0,2.0,2.0,1500000.0,2.0,4.0,6.0,2.0,0.0,0.0,1.2222222222222223,243834.44444444444,80000.0,1.0,41255.4,272410.0,744.0
10,4.0,1.0,5.0,1.0,4.0,1.0,31.0,180000.0,2.0,2.0,2.0,2.0,2.0,2.0,0.0,2.0,4.0,6.0,2.0,0.0,0.0,1.2222222222222223,247842.66666666663,537800.0,3.0,97367.8,193645.0,745.0
10,3.0,1.0,3.0,2.0,4.0,1.0,31.0,120000.0,3.0,2.0,2.0,2.0,2.0,2.0,0.0,2.0,4.0,6.0,2.0,0.0,0.0,1.2222222222222223,209525.55555555556,120000.0,1.0,101236.3,203398.0,752.0
10,6.0,1.0,4.0,1.0,4.0,1.0,31.0,300000.0,2.0,2.0,2.0,2.0,1.0,2.0,0.0,2.0,4.0,6.0,2.0,0.0,1000000.0,1.0,500000.0,80000.0,2.0,187537.15,206296.0,740.0
10,3.0,1.0,3.0,2.0,4.0,1.0,31.0,100000.0,2.0,2.0,2.0,2.0,2.0,2.0,800000.0,1.0,4.0,5.0,2.0,0.0,800000.0,1.0,400000.0,119000.0,2.0,121142.15,204246.0,751.0
10,6.0,1.0,5.0,1.0,4.0,1.0,31.0,260000.0,2.0,2.0,2.0,2.0,2.0,2.0,300000.0,1.0,4.0,5.0,2.0,0.0,1000000.0,1.0,500000.0,270000.0,3.0,194542.1,334553.0,748.0
10,1.0,1.0,4.0,2.0,4.0,2.0,31.0,100000.0,3.0,3.0,2.0,2.0,2.0,2.0,400000.0,1.0,4.0,5.0,2.0,0.0,250000.0,1.0,150000.0,44000.0,1.0,62633.3,70461.0,753.0
10,5.0,1.0,4.0,1.0,4.0,2.0,31.0,240000.0,2.0,2.0,2.0,2.0,1.0,2.0,0.0,2.0,4.0,5.0,2.0,0.0,600000.0,1.0,300000.0,50000.0,1.0,228894.7,127816.0,744.0
10,2.0,1.0,3.0,2.0,4.0,2.0,31.0,140000.0,3.0,3.0,2.0,2.0,2.0,2.0,10000.0,1.0,4.0,6.0,2.0,0.0,400000.0,1.0,200000.0,85000.0,2.0,98510.5,47027.0,752.0
10,5.0,1.0,3.0,1.0,4.0,2.0,31.0,12000.0,3.0,2.0,2.0,2.0,2.0,2.0,1000000.0,1.0,4.0,6.0,2.0,0.0,600000.0,1.0,300000.0,128000.0,3.0,116447.5,246445.0,749.0
10,1.0,1.0,2.0,2.0,4.0,2.0,31.0,100000.0,3.0,3.0,2.0,2.0,2.0,2.0,70000.0,1.0,4.0,4.0,2.0,0.0,200000.0,1.0,100000.0,35000.0,1.0,61222.5,124902.0,756.0
10,1.0,1.0,4.0,2.0,4.0,2.0,31.0,100000.0,3.0,3.0,2.0,2.0,2.0,2.0,30000.0,1.0,4.0,5.0,2.0,0.0,200000.0,1.0,100000.0,62000.0,1.0,65918.5,69585.0,754.0
10,1.0,1.0,3.0,2.0,4.0,2.0,31.0,60000.0,3.0,2.0,2.0,2.0,2.0,2.0,0.0,2.0,4.0,1.0,2.0,800000.0,600000.0,1.0,400000.0,80000.0,2.0,85742.3,93501.0,751.0
10,6.0,1.0,4.0,1.0,4.0,2.0,31.0,80000.0,2.0,2.0,2.0,2.0,1.0,2.0,0.0,2.0,1.0,1.0,2.0,2000000.0,1000000.0,1.0,200000.0,96000.0,2.0,87373.0,89127.0,744.0
10,2.0,1.0,3.0,2.0,4.0,2.0,31.0,60000.0,3.0,3.0,2.0,2.0,2.0,2.0,0.0,2.0,4.0,1.0,2.0,0.0,0.0,1.0,80000.0,84000.0,2.0,100522.95,62547.0,752.0
10,3.0,1.0,3.0,1.0,4.0,2.0,31.0,200000.0,3.0,2.0,2.0,2.0,2.0,1.0,0.0,2.0,4.0,1.0,2.0,2000000.0,1500000.0,1.0,180000.0,180000.0,1.0,133342.1,334373.5,741.0
10,1.0,1.0,2.0,2.0,4.0,2.0,31.0,55000.0,3.0,3.0,2.0,2.0,2.0,2.0,0.0,2.0,4.0,3.0,2.0,700000.0,500000.0,1.0,50000.0,42000.0,1.0,74971.2,75399.0,754.0
10,5.0,1.0,3.0,1.0,4.0,2.0,31.0,100000.0,3.0,2.0,2.0,2.0,1.0,2.0,0.0,2.0,4.0,1.0,2.0,1000000.0,800000.0,1.0,200000.0,100000.0,1.0,96132.0,288624.0,744.0
10,4.0,3.0,3.0,2.0,4.0,2.0,31.0,50000.0,3.0,3.0,2.0,2.0,1.0,2.0,0.0,2.0,1.0,1.0,2.0,800000.0,600000.0,1.0,100000.0,90000.0,3.0,93940.2,80561.0,753.0
10,1.0,1.0,3.0,2.0,4.0,2.0,31.0,50000.0,3.0,3.0,2.0,2.0,2.0,2.0,0.0,2.0,4.0,3.0,2.0,800000.0,600000.0,1.0,50000.0,46000.0,1.0,112311.3,49367.0,755.0
10,4.0,1.0,2.0,1.0,4.0,2.0,31.0,60000.0,3.0,2.0,2.0,2.0,1.0,2.0,0.0,2.0,4.0,1.0,2.0,2000000.0,1000000.0,1.0,200000.0,170000.0,2.0,102803.8,218782.0,743.0
10,4.0,1.0,4.0,1.0,4.0,2.0,31.0,120000.0,2.0,2.0,2.0,2.0,1.0,2.0,0.0,2.0,4.0,4.0,2.0,3500000.0,2500000.0,1.0,280000.0,316600.0,4.0,103814.2,134518.0,743.0
10,2.0,1.0,3.0,2.0,4.0,2.0,31.0,100000.0,2.0,2.0,2.0,2.0,1.0,2.0,0.0,2.0,1.0,4.0,2.0,1500000.0,300000.0,1.0,100000.0,92000.0,3.0,54375.2,104262.0,749.0
10,4.0,1.0,4.0,1.0,4.0,1.0,31.0,120000.0,2.0,2.0,2.0,2.0,1.0,1.0,0.0,2.0,4.0,4.0,2.0,450000.0,300000.0,1.0,200000.0,111600.0,3.0,95923.8,158303.0,742.0
10,6.0,1.0,4.0,1.0,4.0,1.0,31.0,100000.0,3.0,2.0,2.0,2.0,1.0,1.0,0.0,2.0,4.0,4.0,2.0,4500000.0,3000000.0,1.0,290000.0,141300.0,3.0,80075.5,173788.0,740.0
10,4.0,1.0,4.0,1.0,4.0,1.0,31.0,140000.0,3.0,2.0,2.0,2.0,1.0,1.0,0.0,2.0,4.0,4.0,2.0,4000000.0,2500000.0,1.0,200000.0,400.0,1.0,77940.3,207685.0,745.0
10,3.0,1.0,4.0,1.0,4.0,2.0,31.0,120000.0,2.0,2.0,2.0,2.0,1.0,2.0,0.0,2.0,4.0,4.0,2.0,3000000.0,1800000.0,1.0,280000.0,100200.0,2.0,74102.6,121842.0,745.0
10,3.0,1.0,3.0,1.0,4.0,2.0,31.0,120000.0,2.0,2.0,2.0,2.0,1.0,2.0,0.0,2.0,4.0,4.0,2.0,3000000.0,2000000.0,1.0,120000.0,300.0,1.0,82437.3,121792.0,744.0
10,3.0,1.0,3.0,2.0,4.0,2.0,31.0,90000.0,3.0,2.0,2.0,2.0,1.0,2.0,0.0,2.0,4.0,4.0,2.0,3500000.0,2000000.0,1.0,180000.0,100000.0,1.0,80970.95,118548.0,747.0
10,4.0,1.0,4.0,1.0,4.0,2.0,31.0,120000.0,2.0,2.0,2.0,2.0,1.0,2.0,0.0,2.0,4.0,4.0,2.0,4000000.0,2500000.0,1.0,290000.0,92700.0,2.0,74629.5,120194.0,743.0
10,3.0,1.0,3.0,1.0,4.0,2.0,31.0,70000.0,3.0,3.0,2.0,2.0,1.0,2.0,0.0,2.0,4.0,6.0,2.0,0.0,0.0,1.0,160000.0,80000.0,1.0,53267.1,109178.0,745.0
10,2.0,1.0,4.0,1.0,4.0,2.0,31.0,70000.0,4.0,3.0,2.0,1.0,1.0,2.0,0.0,2.0,4.0,6.0,2.0,0.0,0.0,1.0,250000.0,110000.0,2.0,9443.0,81567.0,750.0
10,1.0,1.0,4.0,1.0,4.0,2.0,31.0,60000.0,3.0,3.0,2.0,2.0,1.0,2.0,0.0,2.0,4.0,6.0,2.0,0.0,0.0,1.0,90000.0,70000.0,1.0,18829.1,34439.0,747.0
10,3.0,1.0,2.0,1.0,4.0,2.0,31.0,90000.0,3.0,3.0,2.0,2.0,2.0,2.0,160000.0,1.0,4.0,6.0,2.0,600000.0,0.0,1.0,160000.0,80000.0,1.0,54145.6,45181.0,746.0
10,2.0,1.0,3.0,1.0,4.0,2.0,31.0,70000.0,4.0,3.0,2.0,2.0,1.0,2.0,0.0,2.0,4.0,6.0,2.0,0.0,0.0,1.0,150000.0,150000.0,3.0,65441.1,77887.0,750.0
10,5.0,1.0,4.0,1.0,4.0,2.0,31.0,115000.0,2.0,2.0,2.0,1.0,2.0,2.0,0.0,2.0,4.0,6.0,2.0,0.0,0.0,1.0,380000.0,320000.0,3.0,55192.0,113012.0,744.0
10,3.0,1.0,4.0,1.0,4.0,2.0,31.0,70000.0,3.0,3.0,2.0,2.0,1.0,2.0,0.0,2.0,4.0,6.0,2.0,0.0,0.0,1.0,180000.0,92000.0,2.0,67410.0,112503.0,747.0
10,1.0,1.0,1.0,2.0,4.0,2.0,31.0,7.0,4.0,3.0,2.0,2.0,1.0,2.0,0.0,2.0,4.0,6.0,2.0,0.0,0.0,1.0,80000.0,35000.0,1.0,92076.8,25684.0,756.0
10,3.0,1.0,3.0,1.0,4.0,2.0,31.0,95000.0,4.0,3.0,2.0,2.0,1.0,2.0,0.0,2.0,4.0,6.0,2.0,0.0,0.0,1.0,120000.0,6000.0,1.0,83566.3,227802.0,746.0
10,4.0,1.0,4.0,2.0,4.0,2.0,30.0,150000.0,4.0,2.0,2.0,2.0,2.0,2.0,450000.0,1.0,1.0,5.0,2.0,800000.0,500000.0,1.0,250000.0,155500.0,5.0,61947.5,111947.0,800755.0
10,6.0,1.0,5.0,1.0,4.0,2.0,30.0,130000.0,3.0,2.0,2.0,1.0,1.0,2.0,150000.0,1.0,4.0,4.0,2.0,1200000.0,800000.0,1.0,300000.0,85000.0,2.0,90290.57,190376.0,744.0
10,7.0,1.0,5.0,1.0,4.0,2.0,30.0,180000.0,3.0,2.0,2.0,1.0,1.0,2.0,520000.0,1.0,1.0,3.0,2.0,1500000.0,1000000.0,1.0,400000.0,180000.0,3.0,123326.47,185345.0,1440745.0
10,4.0,1.0,5.0,2.0,4.0,2.0,30.0,90000.0,4.0,2.0,2.0,1.0,2.0,2.0,200000.0,1.0,4.0,4.0,2.0,800000.0,500000.0,1.0,250000.0,150000.0,2.0,69281.91,261265.0,751.0
10,6.0,1.0,5.0,1.0,4.0,1.0,30.0,120000.0,3.0,2.0,2.0,2.0,1.0,2.0,100000.0,1.0,4.0,4.0,2.0,1000000.0,600000.0,1.0,300000.0,110000.0,2.0,86406.05,503538.0,744.0
10,2.0,1.0,4.0,1.0,4.0,2.0,30.0,60000.0,3.0,2.0,2.0,1.0,1.0,2.0,120000.0,1.0,4.0,4.0,2.0,500000.0,300000.0,1.0,150000.0,53000.0,2.0,71636.53,178591.0,745.0
10,1.0,5.0,3.0,2.0,4.0,2.0,30.0,48000.0,3.0,2.0,2.0,2.0,1.0,2.0,60000.0,1.0,4.0,4.0,2.0,250000.0,150000.0,1.0,60000.0,30100.0,2.0,61699.95,167866.0,748.0
10,2.0,1.0,4.0,1.0,4.0,2.0,30.0,75000.0,3.0,2.0,2.0,2.0,1.0,2.0,300000.0,1.0,1.0,4.0,2.0,500000.0,250000.0,1.0,120000.0,77500.0,2.0,70091.3,217620.0,749.0
10,5.0,1.0,5.0,1.0,4.0,1.0,30.0,145000.0,3.0,2.0,2.0,2.0,1.0,2.0,470000.0,1.0,4.0,4.0,2.0,1000000.0,500000.0,1.0,250000.0,250000.0,1.0,96688.05,364589.0,540745.0
10,5.0,1.0,4.0,2.0,4.0,2.0,31.0,170000.0,4.0,2.0,2.0,1.0,1.0,2.0,220000.0,1.0,4.0,3.0,2.0,0.0,300000.0,1.0,100000.0,136000.0,3.0,117873.7,99062.0,748.0
10,4.0,1.0,5.0,1.0,2.0,2.0,31.0,180000.0,2.0,3.0,2.0,1.0,1.0,1.0,1000000.0,1.0,4.0,3.0,2.0,0.0,600000.0,1.0,200000.0,225000.0,4.0,167737.5,205474.0,745.0
10,5.0,1.0,6.0,1.0,2.0,1.0,31.0,200000.0,3.0,2.0,2.0,1.0,1.0,2.0,0.0,1.0,4.0,6.0,2.0,3000000.0,1000000.0,1.0,400000.0,230000.0,3.0,103758.1,297056.0,740.0
10,3.0,1.0,6.0,1.0,2.0,1.0,31.0,250000.0,3.0,2.0,2.0,1.0,1.0,2.0,500000.0,1.0,4.0,3.0,2.0,0.0,500000.0,1.0,100000.0,205000.0,4.0,90136.1,170408.0,741.0
10,7.0,1.0,5.0,1.0,4.0,2.0,31.0,200000.0,3.0,2.0,2.0,1.0,1.0,2.0,0.0,2.0,1.0,2.0,2.0,0.0,600000.0,1.0,300000.0,92500.0,3.0,84550.8,284970.0,744.0
10,4.0,1.0,4.0,1.0,4.0,2.0,31.0,180000.0,3.0,2.0,2.0,1.0,1.0,1.0,0.0,2.0,4.0,6.0,2.0,0.0,0.0,1.0,200000.0,140000.0,3.0,65023.0,371691.0,746.0
10,10.0,1.0,4.0,1.0,2.0,1.0,31.0,200000.0,3.0,2.0,2.0,1.0,1.0,1.0,500000.0,1.0,4.0,2.0,2.0,2000000.0,900000.0,1.0,300000.0,510000.0,4.0,252387.5,316595.0,738.0
10,6.0,1.0,3.0,1.0,4.0,1.0,31.0,200000.0,3.0,2.0,2.0,1.0,1.0,2.0,130000.0,1.0,1.0,1.0,2.0,1000000.0,500000.0,1.0,200000.0,156000.0,5.0,118302.0,274862.0,743.0
10,4.0,5.0,5.0,2.0,4.0,2.0,31.0,60000.0,5.0,3.0,2.0,2.0,1.0,2.0,200000.0,1.0,1.0,1.0,2.0,0.0,0.0,1.0,60000.0,35000.0,2.0,78867.95,34773.0,755.0
10,5.0,1.0,4.0,1.0,4.0,1.0,30.0,56000.0,3.0,1.0,2.0,2.0,1.0,2.0,35000.0,1.0,1.0,2.0,2.0,400000.0,250000.0,1.0,100000.0,124000.0,4.0,33660.1,113371.0,749.0
10,1.0,1.0,3.0,2.0,4.0,2.0,30.0,28000.0,3.0,3.0,2.0,1.0,2.0,2.0,0.0,2.0,1.0,6.0,2.0,200000.0,150000.0,1.0,55000.0,69000.0,3.0,35668.3,95482.0,752.0
10,5.0,1.0,2.0,1.0,3.0,2.0,30.0,90000.0,5.0,3.0,2.0,1.0,1.0,2.0,35000.0,1.0,1.0,6.0,2.0,0.0,400000.0,1.0,200000.0,95000.0,3.0,6219.5,94232.0,474302.0
10,9.0,1.0,4.0,1.0,4.0,2.0,30.0,140000.0,4.0,3.0,2.0,2.0,1.0,2.0,250000.0,1.0,1.0,3.0,2.0,0.0,500000.0,1.0,100000.0,235000.0,6.0,65471.8,201607.0,1200751.0
10,1.0,1.0,2.0,2.0,4.0,2.0,30.0,120000.0,4.0,3.0,2.0,2.0,1.0,2.0,0.0,2.0,4.0,3.0,2.0,0.0,100000.0,1.0,43000.0,43000.0,1.0,57347.1,65977.0,755.0
10,6.0,1.0,4.0,1.0,4.0,2.0,30.0,140000.0,3.0,3.0,2.0,2.0,1.0,2.0,100000.0,1.0,1.0,2.0,2.0,300000.0,200000.0,1.0,100000.0,113000.0,4.0,57820.6,116688.0,748.0
10,3.0,1.0,4.0,1.0,4.0,1.0,30.0,140000.0,2.0,3.0,2.0,1.0,1.0,2.0,0.0,2.0,4.0,3.0,2.0,600000.0,400000.0,1.0,150000.0,500.0,1.0,26773.0,154593.0,1421403.0
10,1.0,1.0,3.0,2.0,4.0,2.0,30.0,140000.0,4.0,3.0,2.0,2.0,2.0,2.0,0.0,2.0,4.0,1.0,2.0,0.0,0.0,1.0,75000.0,90000.0,2.0,42143.0,61490.0,754.0
10,5.0,1.0,3.0,1.0,4.0,2.0,30.0,180000.0,4.0,3.0,2.0,1.0,1.0,2.0,0.0,2.0,1.0,1.0,2.0,0.0,300000.0,1.0,150000.0,90800.0,4.0,105386.8,134965.0,747.0
10,6.0,1.0,3.0,1.0,4.0,2.0,31.0,300000.0,3.0,3.0,2.0,2.0,1.0,2.0,300000.0,1.0,4.0,6.0,2.0,0.0,400000.0,1.0,200000.0,133000.0,5.0,150307.77,169417.0,745.0
10,2.0,1.0,2.0,1.0,4.0,2.0,31.0,120000.0,3.0,2.0,2.0,2.0,2.0,2.0,0.0,2.0,4.0,6.0,2.0,0.0,0.0,1.0,100000.0,51000.0,2.0,71512.99,106251.0,747.0
10,2.0,1.0,2.0,2.0,2.0,2.0,31.0,90000.0,4.0,3.0,2.0,2.0,1.0,2.0,0.0,2.0,4.0,6.0,2.0,0.0,0.0,1.0,100000.0,42000.0,1.0,46389.64,53638.0,752.0
10,6.0,1.0,3.0,1.0,4.0,2.0,31.0,125000.0,3.0,3.0,2.0,2.0,2.0,2.0,120000.0,1.0,1.0,6.0,2.0,0.0,500000.0,1.0,200000.0,57000.0,2.0,89544.95999999999,71130.0,745.0
10,4.0,1.0,4.0,1.0,4.0,2.0,31.0,210000.0,3.0,3.0,2.0,2.0,1.0,2.0,1000000.0,1.0,4.0,6.0,2.0,0.0,0.0,1.0,200000.0,100000.0,1.0,110523.4,123534.0,747.0
10,7.0,1.0,3.0,1.0,4.0,2.0,31.0,120000.0,3.0,2.0,2.0,2.0,2.0,2.0,2500000.0,2.0,4.0,6.0,2.0,0.0,1000000.0,1.0,200000.0,296000.0,4.0,216351.97,497203.0,744.0
10,2.0,1.0,3.0,2.0,4.0,2.0,31.0,90000.0,3.0,3.0,2.0,2.0,2.0,2.0,0.0,2.0,4.0,6.0,2.0,0.0,0.0,1.0,100000.0,80000.0,2.0,49259.34,51162.0,750.0
10,3.0,1.0,2.0,1.0,4.0,2.0,31.0,222000.0,3.0,2.0,2.0,2.0,1.0,2.0,0.0,2.0,4.0,2.0,2.0,1000000.0,700000.0,1.0,300000.0,222000.0,3.0,186945.657,374643.0,747.0
10,5.0,1.0,2.0,1.0,4.0,2.0,31.0,180000.0,3.0,3.0,2.0,2.0,2.0,2.0,1600000.0,1.0,1.0,1.0,2.0,0.0,500000.0,1.0,150000.0,120000.0,3.0,114419.637,123563.0,745.0
10,6.0,1.0,4.0,1.0,2.0,2.0,30.0,160000.0,3.0,2.0,2.0,2.0,2.0,2.0,30000.0,1.0,4.0,6.0,2.0,10000.0,5000.0,1.0,100000.0,225000.0,3.0,143730.85,156918.0,744.0
10,2.0,1.0,3.0,2.0,4.0,2.0,30.0,65000.0,3.0,3.0,2.0,2.0,2.0,2.0,20000.0,1.0,4.0,4.0,2.0,0.0,250000.0,1.0,90000.0,100000.0,2.0,90572.5,84599.0,749.0
10,2.0,1.0,3.0,1.0,4.0,1.0,30.0,100000.0,2.0,2.0,2.0,2.0,2.0,2.0,0.0,2.0,4.0,6.0,2.0,10000.0,5000.0,1.0,150000.0,190000.0,2.0,112518.7,130247.0,740.0
10,4.0,1.0,3.0,2.0,4.0,2.0,30.0,120000.0,3.0,2.0,2.0,2.0,1.0,2.0,0.0,1.0,4.0,6.0,2.0,5000.0,3000.0,1.0,150000.0,160000.0,3.0,114531.5,105477.0,747.0
10,2.0,1.0,3.0,1.0,4.0,2.0,30.0,120000.0,2.0,2.0,2.0,2.0,2.0,2.0,0.0,2.0,4.0,6.0,2.0,0.0,3000.0,1.0,100000.0,530000.0,2.0,107602.95,82698.0,744.0
10,2.0,1.0,4.0,1.0,4.0,2.0,30.0,160000.0,2.0,2.0,2.0,2.0,1.0,2.0,0.0,2.0,4.0,6.0,2.0,0.0,3000.0,1.0,50000.0,21000.0,2.0,82364.95,88583.0,743.0
10,6.0,1.0,3.0,2.0,4.0,2.0,30.0,70000.0,3.0,3.0,2.0,2.0,1.0,2.0,100000.0,1.0,4.0,6.0,2.0,6000.0,3000.0,1.0,100000.0,160000.0,4.0,115601.05,96947.0,745.0
10,2.0,1.0,2.0,2.0,4.0,2.0,30.0,60000.0,3.0,3.0,2.0,2.0,1.0,2.0,0.0,1.0,4.0,6.0,2.0,0.0,300000.0,1.0,60000.0,60000.0,1.0,85530.45,67829.0,749.0
10,4.0,3.0,2.0,1.0,4.0,2.0,30.0,100000.0,3.0,3.0,2.0,2.0,2.0,2.0,30000.0,1.0,4.0,6.0,2.0,5000.0,2000.0,1.0,80000.0,85000.0,2.0,95025.7,182107.0,742.0
10,2.0,1.0,3.0,2.0,4.0,2.0,31.0,100000.0,3.0,3.0,2.0,2.0,1.0,2.0,0.0,2.0,4.0,4.0,2.0,0.0,150000.0,1.0,63333.333333333336,90000.0,2.0,50907.5,52900.0,747.0
10,5.0,1.0,3.0,1.0,2.0,1.0,31.0,120000.0,3.0,3.0,2.0,2.0,2.0,2.0,0.0,2.0,4.0,5.0,2.0,3000.0,400000.0,1.0,205555.55555555556,185000.0,3.0,81546.45,164236.0,743.0
10,2.0,1.0,3.0,1.0,4.0,1.0,31.0,220000.0,3.0,3.0,2.0,2.0,1.0,2.0,0.0,2.0,4.0,3.0,2.0,0.0,1000.0,1.2222222222222223,331685.55555555556,230000.0,2.0,97259.8,242063.0,743.0
10,5.0,1.0,3.0,1.0,4.0,2.0,31.0,180000.0,3.0,2.0,2.0,2.0,2.0,2.0,0.0,2.0,1.0,3.0,2.0,0.0,3000.0,1.4444444444444444,367009.77777777775,184000.0,2.0,122022.5,74280.0,742.0
10,5.0,1.0,3.0,1.0,4.0,2.0,31.0,250000.0,3.0,3.0,2.0,2.0,1.0,2.0,1000000.0,1.0,4.0,5.0,2.0,0.0,1000000.0,1.0,228333.33333333337,743000.0,5.0,143588.9,119590.0,1000742.0
10,4.0,1.0,3.0,1.0,4.0,1.0,31.0,200000.0,3.0,3.0,2.0,2.0,1.0,2.0,1000000.0,1.0,4.0,3.0,2.0,0.0,400000.0,1.0,222222.22222222225,539000.0,4.0,118678.95,274754.0,2000740.0
10,6.0,1.0,3.0,1.0,2.0,1.0,31.0,150000.0,3.0,3.0,2.0,2.0,2.0,2.0,0.0,2.0,4.0,3.0,2.0,0.0,200000.0,1.0,107222.22222222222,140000.0,2.0,101032.05,269243.0,742.0
10,4.0,1.0,3.0,1.0,4.0,2.0,31.0,200000.0,3.0,2.0,2.0,2.0,2.0,2.0,0.0,2.0,4.0,3.0,2.0,0.0,2000.0,1.2222222222222223,405638.8888888889,319000.0,3.0,162617.85,109429.0,742.0
10,6.0,1.0,3.0,1.0,4.0,2.0,31.0,250000.0,3.0,2.0,2.0,2.0,1.0,2.0,350000.0,1.0,1.0,3.0,2.0,5000.0,2000.0,1.4444444444444444,446725.5555555555,357200.0,6.0,167343.0,190180.0,738.0
10,5.0,1.0,2.0,1.0,4.0,1.0,31.0,150000.0,3.0,3.0,2.0,2.0,2.0,2.0,200000.0,1.0,4.0,6.0,2.0,2000000.0,1000000.0,1.0,400000.0,350000.0,3.0,146256.25,500223.0,700745.0
10,2.0,1.0,1.0,2.0,4.0,2.0,31.0,200000.0,5.0,3.0,2.0,2.0,2.0,2.0,240000.0,1.0,4.0,6.0,1.0,0.0,5000.0,1.0,300000.0,160000.0,3.0,73187.35,216694.0,750.0
10,1.0,3.0,1.0,2.0,4.0,2.0,31.0,50000.0,3.0,3.0,2.0,2.0,2.0,2.0,20000.0,1.0,4.0,1.0,2.0,0.0,300000.0,1.0,200000.0,83000.0,1.0,106720.3,183454.0,750.0
10,1.0,1.0,1.0,2.0,4.0,2.0,31.0,25000.0,4.0,3.0,2.0,2.0,2.0,2.0,0.0,2.0,4.0,2.0,2.0,0.0,0.0,1.0,78333.33333333333,53000.0,1.0,53928.1,18601.0,754.0
10,4.0,1.0,2.0,2.0,4.0,1.0,31.0,170000.0,3.0,3.0,2.0,2.0,2.0,2.0,530000.0,1.0,4.0,3.0,2.0,0.0,0.0,1.0,250000.0,160000.0,2.0,129037.4,219512.0,748.0
10,3.0,3.0,2.0,1.0,4.0,2.0,31.0,88889.66666666667,3.0,3.0,2.0,2.0,1.0,2.0,0.0,2.0,4.0,6.0,2.0,1000000.0,600000.0,1.0,300000.0,200.0,1.0,112011.9,120697.0,746.0
10,3.0,1.0,1.0,1.0,2.0,1.0,31.0,135000.0,3.0,3.0,2.0,2.0,2.0,2.0,0.0,2.0,4.0,1.0,2.0,0.0,450000.0,1.0,200000.0,130000.0,1.0,119834.5,198998.0,746.0
10,1.0,1.0,3.0,1.0,4.0,2.0,31.0,30000.0,5.0,3.0,2.0,2.0,1.0,2.0,300000.0,1.0,4.0,1.0,2.0,500000.0,200000.0,1.0,100000.0,10000.0,1.0,66182.75,97057.0,753.0
10,2.0,1.0,2.0,2.0,4.0,2.0,31.0,60000.0,3.0,3.0,2.0,2.0,1.0,2.0,0.0,2.0,4.0,6.0,2.0,0.0,0.0,1.4444444444444444,188882.22222222225,110250.0,3.0,127493.2,210547.0,749.0
10,4.0,1.0,3.0,1.0,4.0,2.0,31.0,280000.0,5.0,3.0,2.0,2.0,1.0,2.0,1100000.0,1.0,4.0,6.0,2.0,0.0,500000.0,1.0,180000.0,190000.0,2.0,300666.23,501743.0,360755.0
10,3.0,1.0,5.0,1.0,4.0,1.0,31.0,200000.0,3.0,2.0,2.0,2.0,1.0,2.0,0.0,2.0,4.0,2.0,2.0,0.0,450000.0,1.0,200000.0,273000.0,4.0,293474.55,359013.0,746.0
10,6.0,1.0,5.0,1.0,4.0,1.0,31.0,170000.0,3.0,3.0,2.0,2.0,2.0,2.0,80000.0,1.0,4.0,1.0,2.0,0.0,550000.0,1.0,150000.0,170000.0,1.0,177016.08,347557.0,747.0
10,6.0,1.0,6.0,1.0,4.0,1.0,31.0,120000.0,3.0,3.0,2.0,2.0,2.0,2.0,250000.0,1.0,4.0,6.0,2.0,0.0,600000.0,1.0,200000.0,783500.0,2.0,194779.6,329976.0,1000749.0
10,4.0,1.0,4.0,2.0,4.0,1.0,31.0,50000.0,4.0,3.0,2.0,2.0,1.0,2.0,0.0,2.0,4.0,6.0,2.0,0.0,350000.0,1.0,70000.0,200.0,1.0,145479.09,131613.0,750.0
10,5.0,1.0,10.0,1.0,4.0,1.0,31.0,80000.0,3.0,3.0,2.0,2.0,1.0,2.0,0.0,2.0,4.0,3.0,2.0,0.0,500000.0,1.0,160000.0,91000.0,3.0,188841.7,319216.0,743.0
10,5.0,1.0,6.0,1.0,4.0,2.0,31.0,350000.0,3.0,3.0,2.0,2.0,1.0,2.0,1500000.0,2.0,4.0,6.0,2.0,1000000.0,400000.0,1.0,150000.0,298000.0,3.0,173188.48,313096.0,751.0
10,10.0,1.0,5.0,2.0,4.0,1.0,31.0,7.0,3.0,2.0,2.0,2.0,2.0,2.0,400000.0,1.0,4.0,6.0,2.0,0.0,1000000.0,1.0,300000.0,565000.0,4.0,221844.2,465855.0,2000753.0
10,9.0,1.0,5.0,2.0,4.0,2.0,31.0,7.0,5.0,3.0,2.0,2.0,1.0,2.0,2000000.0,1.0,4.0,3.0,2.0,0.0,500000.0,1.0,150000.0,146200.0,4.0,180767.25,316235.0,4000753.0
10,5.0,1.0,2.0,2.0,4.0,2.0,31.0,60000.0,4.0,3.0,2.0,2.0,2.0,2.0,0.0,2.0,1.0,3.0,2.0,0.0,0.0,1.0,350000.0,93500.0,2.0,107291.2,75693.0,753.0
10,5.0,1.0,3.0,1.0,4.0,2.0,31.0,100000.0,2.0,2.0,2.0,2.0,1.0,2.0,0.0,2.0,1.0,6.0,2.0,0.0,400000.0,1.0,350000.0,123000.0,3.0,142265.0,126639.0,747.0
10,5.0,1.0,3.0,1.0,4.0,2.0,31.0,70000.0,3.0,2.0,2.0,2.0,2.0,2.0,0.0,2.0,1.0,6.0,2.0,0.0,2000.0,3.0,708825.0,118000.0,3.0,143832.25,126607.0,749.0
10,4.0,1.0,4.0,1.0,4.0,2.0,31.0,240000.0,2.0,2.0,2.0,2.0,2.0,2.0,0.0,2.0,4.0,6.0,2.0,0.0,0.0,1.4444444444444444,347003.8888888889,240000.0,2.0,156215.0,178750.0,745.0
10,4.0,1.0,3.0,1.0,4.0,2.0,31.0,100000.0,2.0,2.0,2.0,2.0,2.0,2.0,20000.0,1.0,1.0,6.0,2.0,0.0,0.0,1.0,300000.0,98000.0,2.0,131846.1,142456.0,746.0
10,5.0,1.0,3.0,2.0,4.0,2.0,31.0,75000.0,3.0,3.0,2.0,2.0,1.0,2.0,0.0,2.0,4.0,6.0,2.0,0.0,0.0,1.0,187777.77777777775,149000.0,4.0,123739.7,90613.0,751.0
10,3.0,1.0,4.0,1.0,4.0,2.0,31.0,140000.0,2.0,2.0,2.0,2.0,2.0,2.0,0.0,2.0,1.0,6.0,2.0,0.0,0.0,1.2222222222222223,280568.8888888889,136000.0,3.0,137281.86,219462.0,1421401.0
10,1.0,1.0,3.0,1.0,4.0,2.0,31.0,7.0,2.0,2.0,2.0,2.0,2.0,2.0,0.0,2.0,4.0,6.0,2.0,0.0,0.0,1.0,100000.0,40000.0,1.0,83672.75,118946.0,745.0
10,2.0,1.0,2.0,2.0,4.0,2.0,31.0,80000.0,2.0,2.0,2.0,2.0,1.0,2.0,0.0,2.0,4.0,6.0,2.0,0.0,0.0,1.2222222222222223,146694.44444444444,75000.0,1.0,101538.5,98208.0,753.0
10,3.0,1.0,3.0,1.0,4.0,2.0,31.0,160000.0,2.0,3.0,2.0,2.0,2.0,2.0,0.0,2.0,4.0,6.0,2.0,5000.0,600000.0,1.0,200000.0,100000.0,1.0,109981.8,136088.0,749.0
10,1.0,1.0,3.0,2.0,2.0,2.0,31.0,120000.0,3.0,2.0,2.0,2.0,1.0,2.0,0.0,2.0,4.0,6.0,2.0,0.0,200000.0,1.0,100000.0,45000.0,1.0,62149.2,60243.0,754.0
10,6.0,1.0,3.0,2.0,4.0,2.0,31.0,120000.0,3.0,2.0,2.0,2.0,2.0,2.0,0.0,2.0,1.0,6.0,2.0,0.0,600000.0,1.0,200000.0,112000.0,3.0,138418.3,101265.0,750.0
10,6.0,1.0,2.0,1.0,4.0,2.0,31.0,180000.0,3.0,2.0,2.0,2.0,2.0,2.0,200000.0,1.0,4.0,3.0,2.0,0.0,800000.0,1.0,250000.0,144000.0,3.0,130519.95,173099.0,748.0
10,3.0,1.0,3.0,1.0,4.0,2.0,31.0,180000.0,2.0,2.0,2.0,2.0,1.0,2.0,0.0,2.0,4.0,3.0,2.0,800000.0,400000.0,1.0,160000.0,29000.0,2.0,101801.7,112409.0,748.0
10,1.0,1.0,3.0,1.0,4.0,2.0,31.0,120000.0,3.0,3.0,2.0,2.0,2.0,2.0,0.0,2.0,4.0,6.0,2.0,0.0,300000.0,1.0,150000.0,100000.0,1.0,72993.6,121064.0,748.0
10,5.0,1.0,2.0,1.0,4.0,2.0,31.0,150000.0,3.0,2.0,2.0,2.0,2.0,2.0,0.0,2.0,4.0,6.0,2.0,0.0,800000.0,1.0,200000.0,225000.0,4.0,155557.25,221972.0,749.0
10,2.0,1.0,2.0,2.0,4.0,2.0,31.0,150000.0,3.0,2.0,2.0,2.0,2.0,2.0,0.0,2.0,4.0,3.0,2.0,0.0,400000.0,1.0,150000.0,92000.0,2.0,116455.3,107622.0,753.0
10,6.0,1.0,3.0,1.0,4.0,2.0,31.0,200000.0,2.0,2.0,2.0,2.0,1.0,2.0,0.0,2.0,4.0,3.0,2.0,0.0,2000.0,1.0,200000.0,51000.0,2.0,131592.5,138678.0,748.0
10,4.0,1.0,3.0,1.0,2.0,1.0,26.0,250000.0,2.0,2.0,2.0,2.0,2.0,2.0,0.0,2.0,4.0,6.0,2.0,0.0,1000000.0,1.0,200000.0,331000.0,2.0,124079.75,145815.0,760745.0
10,3.0,1.0,3.0,1.0,4.0,1.0,27.0,185000.0,3.0,2.0,2.0,2.0,2.0,2.0,0.0,2.0,4.0,6.0,2.0,1000000.0,500000.0,1.0,120000.0,650000.0,3.0,118365.73,181071.0,480746.0
10,4.0,1.0,3.0,1.0,4.0,1.0,25.0,150000.0,2.0,2.0,2.0,2.0,1.0,2.0,0.0,2.0,4.0,1.0,2.0,1500000.0,600000.0,1.0,150000.0,240100.0,2.0,86973.9,154399.0,746.0
10,3.0,1.0,4.0,1.0,4.0,2.0,26.0,210000.0,3.0,2.0,2.0,2.0,2.0,2.0,0.0,2.0,4.0,1.0,2.0,800000.0,450000.0,1.0,120000.0,643000.0,4.0,122453.3,141462.0,360748.0
10,4.0,1.0,3.0,1.0,4.0,2.0,25.0,175000.0,3.0,2.0,2.0,2.0,2.0,2.0,0.0,2.0,4.0,1.0,2.0,800000.0,500000.0,1.0,150000.0,230000.0,1.0,117841.7,116366.0,749.0
10,4.0,1.0,3.0,1.0,4.0,1.0,25.0,190000.0,3.0,2.0,2.0,2.0,2.0,2.0,0.0,2.0,4.0,1.0,2.0,800000.0,300000.0,1.0,100000.0,228000.0,2.0,113451.93,144049.0,360747.0
10,6.0,1.0,4.0,1.0,4.0,1.0,26.0,180000.0,3.0,2.0,2.0,2.0,2.0,2.0,0.0,2.0,4.0,6.0,2.0,0.0,600000.0,1.0,120000.0,238000.0,2.0,114563.4,138520.0,746.0
10,4.0,1.0,3.0,1.0,4.0,1.0,26.0,210000.0,3.0,2.0,2.0,2.0,2.0,1.0,0.0,2.0,4.0,1.0,2.0,1000000.0,600000.0,1.0,150000.0,290000.0,1.0,139790.75,188113.0,745.0
10,5.0,1.0,4.0,1.0,4.0,1.0,28.0,250000.0,3.0,2.0,2.0,2.0,2.0,2.0,0.0,2.0,4.0,1.0,2.0,1500000.0,600000.0,1.0,200000.0,750000.0,3.0,95907.2,129864.0,744.0
10,7.0,1.0,4.0,1.0,4.0,1.0,31.0,60000.0,2.0,2.0,2.0,2.0,1.0,2.0,1200000.0,1.0,4.0,1.0,2.0,500000.0,250000.0,1.0,100000.0,66000.0,2.0,65631.7,131336.0,748.0
10,4.0,1.0,3.0,2.0,4.0,1.0,31.0,40000.0,3.0,3.0,2.0,2.0,1.0,2.0,80000.0,1.0,4.0,1.0,2.0,400000.0,200000.0,1.0,100000.0,120000.0,2.0,50941.6,126009.0,10751.0
10,4.0,1.0,3.0,2.0,4.0,2.0,31.0,35000.0,3.0,3.0,2.0,2.0,1.0,2.0,600000.0,1.0,4.0,2.0,2.0,400000.0,200000.0,1.0,70000.0,50000.0,1.0,37654.8,155400.0,9752.0
10,5.0,1.0,3.0,2.0,4.0,2.0,31.0,50000.0,3.0,3.0,2.0,2.0,1.0,2.0,1000000.0,1.0,4.0,1.0,2.0,500000.0,250000.0,1.0,100000.0,200.0,1.0,33478.0,109221.0,751.0
10,6.0,1.0,3.0,2.0,4.0,2.0,31.0,40000.0,3.0,3.0,2.0,2.0,1.0,2.0,900000.0,1.0,4.0,2.0,2.0,600000.0,300000.0,1.0,100000.0,50000.0,1.0,46184.7,113230.0,751.0
10,5.0,1.0,4.0,2.0,4.0,2.0,31.0,45000.0,3.0,3.0,2.0,2.0,1.0,2.0,500000.0,1.0,4.0,2.0,2.0,400000.0,200000.0,1.0,100000.0,62000.0,2.0,43696.4,142112.0,752.0
10,6.0,1.0,3.0,1.0,4.0,1.0,31.0,36000.0,3.0,3.0,2.0,1.0,2.0,2.0,1300000.0,1.0,4.0,1.0,2.0,500000.0,250000.0,1.0,100000.0,99000.0,2.0,46920.0,147477.0,5746.0
10,5.0,1.0,2.0,1.0,4.0,2.0,31.0,65000.0,4.0,3.0,2.0,2.0,1.0,2.0,0.0,2.0,4.0,2.0,2.0,400000.0,200000.0,1.0,100000.0,87000.0,2.0,56675.2,141897.0,748.0
10,6.0,1.0,4.0,2.0,4.0,1.0,31.0,7.0,2.0,2.0,2.0,2.0,2.0,2.0,1400000.0,1.0,4.0,1.0,2.0,600000.0,300000.0,1.0,150000.0,115000.0,2.0,44325.2,100116.0,748.0
10,1.0,1.0,3.0,2.0,4.0,2.0,31.0,60000.0,3.0,3.0,2.0,2.0,2.0,2.0,0.0,2.0,4.0,2.0,2.0,0.0,400000.0,1.0,120000.0,45000.0,1.0,55296.65,67902.0,751.0
10,3.0,1.0,3.0,1.0,4.0,2.0,31.0,7.0,2.0,2.0,2.0,2.0,2.0,2.0,0.0,2.0,4.0,6.0,2.0,0.0,1000000.0,1.0,350000.0,631850.0,3.0,72012.5,150448.0,743.0
10,1.0,1.0,2.0,1.0,4.0,2.0,31.0,50000.0,3.0,3.0,2.0,2.0,2.0,2.0,0.0,2.0,4.0,6.0,2.0,800000.0,500000.0,1.0,250000.0,95000.0,2.0,49747.4,84733.0,747.0
10,2.0,1.0,3.0,2.0,4.0,2.0,31.0,70000.0,3.0,3.0,2.0,2.0,2.0,2.0,0.0,2.0,4.0,6.0,2.0,0.0,700000.0,1.0,300000.0,450000.0,1.0,77458.6,87740.0,751.0
10,2.0,1.0,4.0,2.0,4.0,2.0,31.0,7.0,3.0,3.0,2.0,2.0,2.0,2.0,0.0,2.0,4.0,6.0,2.0,0.0,700000.0,1.0,300000.0,180000.0,1.0,67105.45,81766.0,749.0
10,3.0,1.0,4.0,1.0,4.0,2.0,31.0,7.0,3.0,3.0,2.0,2.0,2.0,2.0,0.0,2.0,4.0,6.0,2.0,0.0,1000000.0,1.0,300000.0,225000.0,2.0,69413.45,133027.0,746.0
10,2.0,1.0,3.0,2.0,4.0,2.0,31.0,70000.0,2.0,2.0,2.0,2.0,2.0,2.0,0.0,2.0,4.0,6.0,2.0,800000.0,500000.0,1.0,200000.0,92000.0,2.0,67756.65,79075.0,748.0
10,4.0,1.0,3.0,1.0,4.0,2.0,31.0,90000.0,3.0,3.0,2.0,2.0,2.0,2.0,0.0,2.0,4.0,6.0,2.0,0.0,800000.0,1.0,240000.0,218000.0,2.0,68304.65,79456.0,742.0
10,2.0,1.0,2.0,2.0,4.0,2.0,31.0,7.0,3.0,3.0,2.0,2.0,2.0,2.0,0.0,2.0,4.0,6.0,2.0,800000.0,500000.0,1.0,200000.0,79000.0,2.0,54991.35,60158.0,751.0
10,4.0,1.0,1.0,1.0,4.0,2.0,31.0,65000.0,4.0,3.0,2.0,2.0,2.0,2.0,60000.0,1.0,4.0,4.0,2.0,0.0,800000.0,1.0,400000.0,150000.0,1.0,106289.55,243237.0,746.0
10,2.0,1.0,1.0,2.0,4.0,2.0,31.0,100000.0,2.0,2.0,2.0,2.0,2.0,2.0,200000.0,1.0,4.0,6.0,2.0,0.0,900000.0,1.0,300000.0,175000.0,2.0,74651.25,140950.5,750.0
10,2.0,1.0,4.0,2.0,4.0,2.0,31.0,60000.0,3.0,3.0,2.0,2.0,1.0,2.0,0.0,2.0,4.0,6.0,2.0,900000.0,600000.0,1.0,200000.0,105100.0,3.0,81280.7,114750.0,751.0
10,1.0,1.0,2.0,2.0,4.0,2.0,31.0,60000.0,3.0,3.0,2.0,2.0,1.0,2.0,0.0,2.0,4.0,2.0,2.0,800000.0,500000.0,1.0,200000.0,250.0,1.0,63920.8,85098.0,751.0
10,5.0,1.0,1.0,1.0,4.0,2.0,31.0,105000.0,4.0,3.0,2.0,2.0,2.0,2.0,0.0,2.0,4.0,6.0,2.0,0.0,1000000.0,1.0,300000.0,204800.0,2.0,113882.2,25654.0,743.0
10,3.0,1.0,4.0,1.0,4.0,2.0,31.0,70000.0,3.0,2.0,2.0,2.0,2.0,2.0,0.0,2.0,4.0,6.0,2.0,900000.0,500000.0,1.0,180000.0,127000.0,3.0,80639.75,101220.0,743.0
10,4.0,1.0,2.0,1.0,4.0,2.0,31.0,120000.0,2.0,2.0,2.0,2.0,2.0,2.0,0.0,2.0,4.0,2.0,2.0,0.0,900000.0,1.0,300000.0,250000.0,2.0,97655.8,135210.0,749.0
10,3.0,1.0,3.0,2.0,4.0,2.0,31.0,60000.0,3.0,3.0,2.0,2.0,1.0,2.0,0.0,2.0,1.0,2.0,2.0,0.0,800000.0,1.0,280000.0,125000.0,4.0,93623.45,92432.5,749.0
10,1.0,1.0,2.0,2.0,4.0,2.0,31.0,45000.0,3.0,3.0,2.0,2.0,2.0,2.0,0.0,2.0,4.0,6.0,2.0,0.0,500000.0,1.0,200000.0,45000.0,1.0,62941.85,75690.0,749.0
10,9.0,1.0,4.0,1.0,4.0,1.0,31.0,160000.0,3.0,3.0,2.0,2.0,2.0,2.0,500000.0,1.0,4.0,6.0,2.0,0.0,0.0,1.0,266666.6666666667,540000.0,6.0,119947.0,187228.0,746.0
10,2.0,1.0,2.0,2.0,4.0,2.0,31.0,60000.0,3.0,3.0,2.0,2.0,2.0,2.0,0.0,2.0,4.0,6.0,2.0,0.0,0.0,1.0,140555.55555555556,101000.0,2.0,62191.8,74994.0,752.0
10,2.0,1.0,3.0,1.0,4.0,1.0,31.0,80000.0,2.0,2.0,2.0,2.0,2.0,2.0,0.0,2.0,4.0,6.0,2.0,0.0,0.0,1.2222222222222223,379738.8888888889,270000.0,1.0,67742.7,96077.0,747.0
10,3.0,1.0,4.0,2.0,4.0,2.0,31.0,100000.0,2.0,3.0,2.0,2.0,2.0,2.0,0.0,2.0,1.0,1.0,2.0,0.0,0.0,1.0,113333.33333333331,66000.0,2.0,65375.8,66432.0,752.0
10,4.0,3.0,2.0,2.0,4.0,1.0,31.0,60000.0,2.0,3.0,2.0,2.0,1.0,2.0,0.0,2.0,4.0,6.0,2.0,0.0,0.0,1.2222222222222223,161951.11111111112,120000.0,1.0,81641.6,164334.0,751.0
10,2.0,1.0,3.0,2.0,4.0,2.0,31.0,75000.0,2.0,3.0,2.0,2.0,1.0,2.0,100000.0,1.0,4.0,6.0,2.0,0.0,0.0,1.0,162222.22222222222,51150.0,2.0,67622.94,119108.0,751.0
10,1.0,5.0,2.0,2.0,4.0,2.0,31.0,55000.0,2.0,3.0,2.0,2.0,1.0,2.0,0.0,2.0,4.0,6.0,2.0,0.0,0.0,1.0,173333.33333333334,100000.0,1.0,58299.93,98894.0,750.0
10,5.0,1.0,3.0,1.0,2.0,1.0,31.0,130000.0,2.0,3.0,2.0,2.0,2.0,2.0,5000000.0,1.0,4.0,6.0,2.0,0.0,0.0,1.2222222222222223,210118.88888888888,496000.0,5.0,104599.85,321457.0,747.0
10,1.0,1.0,2.0,1.0,4.0,2.0,31.0,70000.0,2.0,3.0,2.0,2.0,1.0,2.0,0.0,2.0,4.0,6.0,2.0,0.0,0.0,1.2222222222222223,368627.77777777775,250150.0,2.0,71772.45,94026.0,749.0
10,2.0,1.0,1.0,2.0,4.0,2.0,31.0,120000.0,4.0,3.0,2.0,1.0,2.0,2.0,0.0,2.0,4.0,3.0,2.0,0.0,0.0,1.2222222222222223,257270.88888888888,137000.0,3.0,79147.15,136354.0,748.0
10,1.0,1.0,2.0,2.0,4.0,2.0,31.0,85000.0,3.0,3.0,2.0,2.0,1.0,2.0,0.0,2.0,1.0,2.0,2.0,0.0,0.0,1.0,140000.0,79000.0,3.0,40380.1,87467.0,751.0
10,2.0,1.0,2.0,1.0,2.0,2.0,31.0,100000.0,2.0,2.0,2.0,2.0,1.0,2.0,0.0,2.0,4.0,6.0,2.0,0.0,0.0,1.2222222222222223,140694.44444444444,26200.0,2.0,85954.7,80471.0,743.0
10,2.0,1.0,3.0,2.0,4.0,1.0,31.0,120000.0,3.0,2.0,2.0,2.0,2.0,2.0,0.0,2.0,4.0,2.0,2.0,1500000.0,1000000.0,1.0,100000.0,152000.0,3.0,65084.05,142516.0,748.0
10,10.0,1.0,3.0,1.0,4.0,2.0,31.0,120000.0,4.0,3.0,2.0,2.0,2.0,2.0,600000.0,1.0,1.0,2.0,2.0,0.0,0.0,1.0,200000.0,185000.0,3.0,41397.4,144968.0,748.0
10,4.0,1.0,4.0,1.0,4.0,2.0,31.0,200000.0,2.0,2.0,2.0,2.0,1.0,2.0,0.0,2.0,4.0,1.0,2.0,1000000.0,0.0,1.0,250000.0,210000.0,3.0,130686.93,145401.0,747.0
10,2.0,1.0,1.0,1.0,4.0,2.0,31.0,150000.0,2.0,3.0,2.0,1.0,2.0,2.0,0.0,2.0,2.0,2.0,2.0,1000000.0,700000.0,1.0,150000.0,184000.0,3.0,68665.15,115033.0,746.0
10,1.0,1.0,2.0,2.0,4.0,2.0,31.0,60000.0,3.0,2.0,2.0,2.0,1.0,2.0,0.0,2.0,1.0,2.0,2.0,0.0,0.0,1.0,60000.0,59000.0,2.0,54562.25,84566.0,753.0
10,7.0,1.0,3.0,1.0,4.0,2.0,31.0,180000.0,4.0,3.0,2.0,2.0,1.0,2.0,0.0,2.0,4.0,2.0,2.0,0.0,0.0,1.4444444444444444,231445.66666666663,165000.0,3.0,55449.8,201806.0,747.0
10,5.0,1.0,4.0,1.0,4.0,1.0,31.0,7.0,3.0,3.0,2.0,1.0,2.0,2.0,0.0,1.0,4.0,6.0,2.0,2000000.0,600000.0,1.0,200000.0,199000.0,5.0,62421.3,171392.0,743.0
10,2.0,1.0,4.0,2.0,4.0,1.0,31.0,7.0,3.0,2.0,2.0,1.0,1.0,2.0,560000.0,1.0,4.0,6.0,2.0,800000.0,450000.0,1.0,100000.0,62600.0,2.0,61736.0,100769.0,752.0
10,7.0,1.0,4.0,1.0,4.0,1.0,31.0,7.0,3.0,2.0,2.0,1.0,2.0,2.0,3000000.0,1.0,1.0,6.0,2.0,900000.0,500000.0,1.0,200000.0,138600.0,4.0,60088.1,172496.0,745.0
10,2.0,1.0,4.0,2.0,4.0,1.0,31.0,7.0,3.0,2.0,2.0,1.0,1.0,2.0,0.0,2.0,4.0,3.0,2.0,650000.0,350000.0,1.0,100000.0,71000.0,2.0,52076.6,90280.0,748.0
10,3.0,1.0,4.0,1.0,4.0,2.0,31.0,95000.0,3.0,2.0,2.0,1.0,1.0,2.0,0.0,2.0,4.0,5.0,2.0,800000.0,500000.0,1.0,150000.0,102900.0,3.0,52615.3,166961.0,744.0
10,5.0,1.0,4.0,1.0,4.0,1.0,31.0,7.0,3.0,2.0,2.0,1.0,1.0,1.0,1100000.0,1.0,1.0,6.0,2.0,1000000.0,600000.0,1.0,250000.0,170650.0,4.0,83564.5,148986.0,740745.0
10,6.0,1.0,5.0,1.0,4.0,1.0,31.0,60000.0,3.0,2.0,2.0,1.0,2.0,2.0,400000.0,1.0,4.0,6.0,2.0,1200000.0,800000.0,1.0,400000.0,282260.0,3.0,99793.3,261219.0,20742.0
10,4.0,1.0,3.0,1.0,4.0,1.0,31.0,100000.0,3.0,2.0,2.0,1.0,1.0,2.0,800000.0,1.0,4.0,6.0,2.0,1000000.0,700000.0,1.0,200000.0,100000.0,1.0,61054.3,259451.0,3600750.0
10,6.0,1.0,3.0,1.0,4.0,2.0,31.0,7.0,4.0,3.0,2.0,2.0,1.0,2.0,2000000.0,1.0,4.0,6.0,2.0,600000.0,350000.0,1.0,80000.0,88600.0,3.0,42604.5,99332.0,750.0
10,1.0,1.0,4.0,2.0,4.0,1.0,31.0,58000.0,4.0,3.0,2.0,1.0,1.0,2.0,0.0,2.0,4.0,6.0,2.0,0.0,0.0,1.0,120000.0,217100.0,2.0,53845.0,124453.0,751.0
10,4.0,1.0,4.0,1.0,4.0,1.0,31.0,100000.0,3.0,2.0,2.0,1.0,1.0,2.0,300000.0,1.0,4.0,3.0,2.0,1000000.0,0.0,1.0,200000.0,140000.0,3.0,85318.3,194727.0,730750.0
10,2.0,1.0,4.0,2.0,4.0,2.0,31.0,90000.0,3.0,2.0,2.0,1.0,1.0,2.0,0.0,2.0,4.0,3.0,2.0,0.0,0.0,1.0,60000.0,70000.0,2.0,27014.9,68183.0,753.0
10,4.0,1.0,4.0,2.0,4.0,2.0,31.0,90000.0,4.0,2.0,2.0,1.0,1.0,2.0,600000.0,1.0,4.0,2.0,2.0,0.0,600000.0,1.0,240000.0,190100.0,4.0,53850.3,86905.0,820750.0
10,2.0,1.0,3.0,2.0,4.0,1.0,31.0,100000.0,4.0,2.0,2.0,1.0,2.0,2.0,800000.0,1.0,4.0,6.0,2.0,1000000.0,0.0,1.0,180000.0,112000.0,2.0,42941.5,139707.0,750.0
10,1.0,1.0,5.0,2.0,4.0,2.0,31.0,80000.0,4.0,2.0,2.0,1.0,1.0,2.0,0.0,2.0,4.0,6.0,2.0,0.0,0.0,1.0,60000.0,116100.0,2.0,52841.0,38310.0,755.0
10,3.0,1.0,3.0,1.0,4.0,1.0,31.0,130000.0,2.0,2.0,2.0,1.0,2.0,2.0,0.0,2.0,4.0,6.0,2.0,0.0,0.0,1.0,200000.0,165000.0,3.0,44409.0,785930.0,750.0
10,1.0,1.0,3.0,2.0,4.0,2.0,31.0,80000.0,4.0,3.0,2.0,1.0,1.0,2.0,0.0,2.0,4.0,3.0,2.0,0.0,0.0,1.0,50000.0,58000.0,2.0,38444.6,60514.0,752.0
10,5.0,1.0,4.0,1.0,4.0,1.0,31.0,120000.0,3.0,2.0,2.0,1.0,2.0,2.0,300000.0,1.0,4.0,2.0,2.0,800000.0,500000.0,1.0,200000.0,170000.0,2.0,42364.6,169380.0,556748.0
10,3.0,1.0,4.0,2.0,4.0,1.0,31.0,150000.0,4.0,2.0,2.0,1.0,1.0,2.0,0.0,2.0,4.0,6.0,2.0,0.0,0.0,1.0,200000.0,40000.0,2.0,54668.5,142559.0,750.0
10,4.0,1.0,4.0,1.0,4.0,1.0,31.0,80000.0,3.0,1.0,2.0,1.0,1.0,2.0,0.0,2.0,4.0,4.0,2.0,0.0,0.0,1.0,250000.0,517800.0,4.0,52721.6,416457.0,2000747.0
10,6.0,1.0,5.0,1.0,4.0,1.0,31.0,150000.0,4.0,2.0,2.0,1.0,1.0,1.0,300000.0,1.0,4.0,5.0,2.0,0.0,1000000.0,1.0,400000.0,169000.0,4.0,57242.6,157874.0,747.0
10,6.0,1.0,6.0,1.0,4.0,1.0,31.0,160000.0,3.0,1.0,2.0,1.0,1.0,2.0,0.0,2.0,4.0,5.0,2.0,0.0,1000000.0,1.0,300000.0,200000.0,1.0,75735.3,144762.0,440749.0
10,8.0,1.0,5.0,1.0,4.0,1.0,31.0,170000.0,3.0,1.0,2.0,1.0,1.0,2.0,0.0,1.0,4.0,1.0,2.0,6000000.0,600000.0,1.0,300000.0,399000.0,5.0,119007.45,258726.0,2664747.0
10,5.0,1.0,3.0,2.0,4.0,1.0,31.0,100000.0,3.0,1.0,2.0,1.0,1.0,2.0,500000.0,1.0,4.0,1.0,2.0,0.0,700000.0,1.0,250000.0,160000.0,3.0,52385.25,278174.0,70750.0
10,2.0,1.0,4.0,2.0,4.0,2.0,31.0,100000.0,5.0,3.0,2.0,1.0,1.0,2.0,0.0,2.0,4.0,5.0,2.0,0.0,0.0,1.0,200000.0,85000.0,2.0,51190.2,135562.0,751.0
10,3.0,1.0,4.0,1.0,4.0,2.0,31.0,120000.0,5.0,3.0,2.0,1.0,1.0,2.0,0.0,2.0,4.0,5.0,2.0,0.0,600000.0,1.0,250000.0,75000.0,2.0,38293.15,71503.0,80749.0
10,4.0,1.0,4.0,1.0,4.0,2.0,31.0,150000.0,4.0,2.0,2.0,1.0,1.0,2.0,300000.0,1.0,1.0,6.0,2.0,0.0,0.0,1.0,200000.0,142000.0,4.0,44033.7,94887.0,600750.0
10,1.0,1.0,2.0,2.0,4.0,2.0,31.0,70000.0,4.0,2.0,2.0,1.0,1.0,2.0,0.0,2.0,4.0,6.0,2.0,0.0,0.0,1.0,200000.0,39000.0,1.0,26270.65,49858.0,755.0
10,4.0,1.0,4.0,1.0,4.0,2.0,31.0,120000.0,4.0,3.0,2.0,1.0,1.0,2.0,26000.0,1.0,4.0,6.0,2.0,0.0,1000000.0,1.0,200000.0,44000.0,1.0,40211.5,78920.0,749.0
10,2.0,1.0,3.0,2.0,4.0,2.0,28.77777777777778,100000.0,3.0,2.0,2.0,1.0,1.0,2.0,0.0,2.0,4.0,6.0,2.0,0.0,500000.0,1.0,200000.0,75000.0,2.0,48119.0,112158.0,751.0
10,1.0,1.0,3.0,2.0,4.0,2.0,31.0,80000.0,4.0,2.0,2.0,1.0,1.0,2.0,0.0,2.0,1.0,1.0,1.0,0.0,0.0,1.0,150000.0,51000.0,2.0,37753.2,56535.0,753.0
10,2.0,1.0,3.0,1.0,4.0,1.0,30.333333333333332,120000.0,4.0,3.0,2.0,1.0,1.0,2.0,0.0,2.0,4.0,6.0,2.0,0.0,0.0,1.0,300000.0,29000.0,1.0,29359.0,156561.0,749.0
10,2.0,1.0,4.0,2.0,2.0,2.0,31.0,120000.0,4.0,3.0,2.0,1.0,1.0,2.0,0.0,2.0,4.0,6.0,2.0,0.0,0.0,1.0,200000.0,109000.0,2.0,47775.4,85166.0,750.0
10,4.0,1.0,4.0,1.0,4.0,2.0,27.11111111111111,70000.0,4.0,3.0,2.0,1.0,1.0,2.0,80000.0,1.0,1.0,1.0,2.0,0.0,0.0,1.0,250000.0,29000.0,1.0,52655.75,150779.0,749.0
10,6.0,1.0,4.0,1.0,4.0,2.0,31.0,110000.0,4.0,2.0,2.0,1.0,1.0,2.0,500000.0,1.0,4.0,6.0,2.0,0.0,0.0,1.0,500000.0,225000.0,4.0,55675.5,184690.0,745.0
10,3.0,1.0,4.0,2.0,4.0,2.0,31.0,90000.0,3.0,2.0,2.0,1.0,1.0,2.0,0.0,2.0,4.0,6.0,2.0,0.0,0.0,1.0,250000.0,65000.0,2.0,43562.8,138413.0,751.0
10,1.0,1.0,2.0,2.0,4.0,2.0,20.0,40000.0,4.0,3.0,2.0,1.0,1.0,2.0,0.0,2.0,4.0,3.0,2.0,150000.0,100000.0,1.0,43000.0,43000.0,1.0,32663.5,48773.0,752.0
10,4.0,1.0,5.0,1.0,4.0,1.0,30.0,120000.0,2.0,2.0,2.0,1.0,1.0,2.0,0.0,2.0,4.0,3.0,2.0,570000.0,450000.0,1.0,150000.0,956300.0,6.0,47462.5,128820.0,1700748.0
10,1.0,1.0,3.0,2.0,4.0,2.0,20.0,70000.0,3.0,3.0,2.0,1.0,1.0,2.0,0.0,2.0,4.0,4.0,2.0,200000.0,150000.0,1.0,75000.0,35000.0,1.0,46822.65,54170.0,750.0
10,5.0,1.0,2.0,2.0,4.0,2.0,18.0,7.0,5.0,3.0,2.0,1.0,1.0,2.0,0.0,2.0,4.0,3.0,2.0,550000.0,400000.0,1.0,150000.0,129000.0,3.0,46352.5,166242.0,752.0
10,6.0,1.0,2.0,2.0,4.0,1.0,16.0,7.0,3.0,3.0,2.0,1.0,1.0,2.0,0.0,2.0,1.0,1.0,2.0,300000.0,150000.0,1.0,70000.0,64000.0,2.0,41478.0,89319.0,750.0
10,6.0,1.0,2.0,2.0,4.0,1.0,20.0,140000.0,4.0,3.0,2.0,1.0,1.0,2.0,1000000.0,1.0,1.0,2.0,2.0,500000.0,300000.0,1.0,150000.0,49900.0,2.0,76256.7,68308.0,750.0
10,3.0,1.0,5.0,1.0,4.0,2.0,20.0,150000.0,2.0,1.0,2.0,1.0,1.0,2.0,200000.0,1.0,4.0,6.0,2.0,2000000.0,800000.0,1.0,140000.0,618000.0,5.0,110622.2,547984.0,2950751.0
10,5.0,1.0,4.0,1.0,4.0,1.0,20.0,180000.0,3.0,2.0,2.0,1.0,1.0,2.0,600000.0,1.0,4.0,4.0,2.0,450000.0,300000.0,1.0,150000.0,164000.0,3.0,151994.0,113675.0,700749.0
10,5.0,1.0,2.0,1.0,4.0,2.0,15.0,70000.0,3.0,2.0,2.0,1.0,1.0,2.0,800000.0,1.0,4.0,3.0,2.0,400000.0,200000.0,1.0,100000.0,60000.0,1.0,53060.75,60481.0,749.0
11,2.0,1.0,2.0,2.0,4.0,2.0,30.0,50000.0,2.0,2.0,2.0,2.0,1.0,2.0,0.0,2.0,4.0,6.0,2.0,4000000.0,2000000.0,1.0,200000.0,230000.0,2.0,97467.6,127026.0,746.0
11,3.0,3.0,2.0,1.0,4.0,1.0,30.0,7.0,3.0,3.0,2.0,2.0,2.0,2.0,0.0,2.0,4.0,6.0,2.0,2000.0,1000.0,1.0,200000.0,220000.0,1.0,142903.2,327588.0,747.0
11,4.0,1.0,3.0,1.0,2.0,2.0,30.0,110000.0,2.0,2.0,2.0,2.0,1.0,2.0,0.0,2.0,4.0,6.0,2.0,0.0,2000.0,1.0,200000.0,57000.0,2.0,103681.7,164439.0,744.0
11,2.0,3.0,1.0,2.0,4.0,1.0,30.0,7.0,3.0,3.0,2.0,2.0,1.0,2.0,0.0,2.0,4.0,6.0,2.0,1500.0,1000.0,3.0,144045.0,270200.0,2.0,121187.22,305332.0,751.0
11,4.0,1.0,3.0,1.0,4.0,1.0,30.0,90000.0,2.0,2.0,2.0,2.0,2.0,2.0,0.0,2.0,4.0,6.0,2.0,20000.0,1500000.0,1.0,250000.0,270000.0,2.0,148588.4,343360.0,744.0
11,1.0,1.0,1.0,2.0,4.0,2.0,30.0,60666.666666666664,4.0,2.0,2.0,2.0,1.0,2.0,0.0,2.0,4.0,6.0,1.0,0.0,150000.0,1.0,60000.0,48500.0,2.0,78147.7,90136.0,755.0
11,3.0,1.0,2.0,1.0,4.0,1.0,30.0,100000.0,2.0,2.0,2.0,2.0,2.0,2.0,0.0,2.0,4.0,6.0,2.0,20000.0,2000.0,1.0,250000.0,260000.0,1.0,123774.46,244861.0,747.0
11,4.0,1.0,3.0,2.0,4.0,1.0,30.0,110000.0,2.0,2.0,2.0,2.0,2.0,2.0,0.0,2.0,4.0,6.0,2.0,2000.0,1000.0,1.0,200000.0,250000.0,1.0,141249.38,349298.0,748.0
11,3.0,1.0,1.0,2.0,4.0,2.0,30.0,70000.0,2.0,3.0,2.0,2.0,1.0,2.0,0.0,2.0,4.0,6.0,2.0,0.0,400000.0,1.0,200000.0,160000.0,1.0,108380.9,163492.0,751.0
11,7.0,1.0,3.0,1.0,4.0,1.0,30.0,240000.0,3.0,1.0,2.0,2.0,1.0,2.0,0.0,2.0,4.0,6.0,2.0,350000.0,300000.0,1.0,100000.0,450000.0,2.0,300895.48,359393.0,739.0
11,2.0,1.0,1.0,2.0,4.0,2.0,30.0,150000.0,4.0,3.0,2.0,2.0,1.0,2.0,180000.0,1.0,4.0,6.0,2.0,350000.0,300000.0,1.0,160000.0,79000.0,2.0,113472.45,215350.0,750.0
11,5.0,1.0,4.0,1.0,4.0,1.0,30.0,350000.0,3.0,2.0,2.0,2.0,1.0,2.0,0.0,2.0,4.0,6.0,2.0,450000.0,350000.0,1.0,250000.0,265600.0,3.0,201040.87,1368311.0,742.0
11,4.0,1.0,6.0,1.0,4.0,2.0,30.0,250000.0,3.0,2.0,2.0,2.0,2.0,2.0,0.0,2.0,4.0,6.0,2.0,0.0,0.0,1.2222222222222223,348352.22222222225,266600.0,3.0,178083.39,143795.0,747.0
11,2.0,1.0,3.0,2.0,4.0,1.0,30.0,140000.0,3.0,2.0,2.0,2.0,2.0,2.0,100000.0,1.0,4.0,2.0,2.0,400000.0,300000.0,1.0,160000.0,97400.0,2.0,155363.09,166000.0,749.0
11,3.0,1.0,4.0,1.0,1.0,2.0,30.0,130000.0,3.0,2.0,2.0,2.0,1.0,1.0,0.0,2.0,4.0,1.0,2.0,600000.0,400000.0,1.0,200000.0,254000.0,2.0,177179.0,204473.0,739.0
11,1.0,1.0,2.0,2.0,4.0,2.0,30.0,80000.0,3.0,2.0,2.0,2.0,2.0,2.0,0.0,2.0,4.0,6.0,2.0,150000.0,100000.0,1.0,70000.0,64600.0,2.0,124040.46,117371.0,751.0
11,5.0,3.0,3.0,2.0,4.0,2.0,30.0,80000.0,3.0,3.0,2.0,2.0,2.0,2.0,0.0,2.0,4.0,2.0,2.0,600000.0,400000.0,1.0,220000.0,212000.0,3.0,215987.15,167700.0,750.0
11,4.0,3.0,3.0,1.0,4.0,2.0,30.0,100000.0,3.0,3.0,2.0,2.0,1.0,2.0,250000.0,1.0,4.0,2.0,2.0,400000.0,300000.0,1.0,250000.0,137400.0,3.0,132097.3,112131.0,751.0
11,2.0,5.0,2.0,2.0,4.0,2.0,30.0,90000.0,3.0,3.0,2.0,2.0,2.0,2.0,500000.0,2.0,1.0,6.0,2.0,0.0,0.0,1.0,200000.0,105000.0,3.0,109960.45,94438.0,752.0
11,3.0,1.0,3.0,1.0,4.0,2.0,30.0,54556.333333333336,3.0,2.0,2.0,2.0,1.0,2.0,0.0,2.0,4.0,6.0,2.0,0.0,0.0,1.0,100000.0,5000.0,1.0,98901.45,92741.0,752.0
11,5.0,1.0,3.0,1.0,4.0,1.0,30.0,120000.0,3.0,2.0,2.0,2.0,2.0,2.0,0.0,2.0,4.0,4.0,2.0,0.0,300000.0,1.0,164444.44444444444,185000.0,2.0,132123.85,155223.0,747.0
11,2.0,1.0,3.0,2.0,4.0,2.0,30.0,55000.77777777778,3.0,3.0,2.0,2.0,2.0,2.0,300000.0,2.0,4.0,6.0,2.0,0.0,0.0,1.0,160000.0,35000.0,1.0,118808.1,83663.0,753.0
11,1.0,1.0,2.0,1.0,4.0,2.0,30.0,120000.0,3.0,2.0,2.0,2.0,1.0,2.0,0.0,1.0,4.0,6.0,2.0,0.0,1000000.0,1.0,300000.0,310000.0,1.0,129671.85,544095.0,500755.0
11,3.0,1.0,3.0,1.0,4.0,2.0,30.0,150000.0,3.0,2.0,2.0,2.0,1.0,2.0,1000000.0,1.0,4.0,6.0,2.0,0.0,0.0,1.0,500000.0,298000.0,3.0,189099.8,416985.0,2000751.0
11,1.0,1.0,3.0,1.0,4.0,2.0,30.0,15000.0,3.0,3.0,2.0,2.0,1.0,2.0,0.0,2.0,4.0,6.0,2.0,0.0,0.0,1.0,50000.0,38600.0,2.0,80571.15,92155.0,748.0
11,3.0,1.0,2.0,1.0,4.0,2.0,30.0,100000.0,3.0,2.0,2.0,2.0,2.0,2.0,1000000.0,1.0,4.0,6.0,2.0,0.0,500000.0,1.0,200000.0,80000.0,1.0,153599.45,151365.0,2000746.0
11,2.0,1.0,3.0,2.0,4.0,2.0,30.0,45000.0,3.0,2.0,2.0,2.0,2.0,2.0,1000000.0,1.0,4.0,6.0,2.0,0.0,0.0,1.0,200000.0,80000.0,1.0,126372.0,85178.0,2000756.0
11,6.0,1.0,2.0,1.0,4.0,1.0,30.0,200000.0,4.0,2.0,2.0,2.0,1.0,2.0,2000000.0,1.0,4.0,1.0,1.0,0.0,800000.0,1.0,220000.0,218000.0,4.0,230146.01,334341.0,747.0
11,6.0,1.0,4.0,1.0,4.0,1.0,30.0,200000.0,3.0,3.0,2.0,2.0,1.0,2.0,1500000.0,1.0,4.0,1.0,2.0,0.0,4000000.0,1.0,200000.0,222000.0,4.0,243445.4,177693.0,200741.0
11,3.0,1.0,5.0,1.0,4.0,2.0,30.0,200000.0,2.0,2.0,2.0,1.0,1.0,2.0,200000.0,2.0,4.0,1.0,2.0,4000000.0,2000000.0,1.0,200000.0,20000.0,1.0,204591.34,645818.0,747.0
11,4.0,1.0,2.0,1.0,4.0,1.0,30.0,80000.0,3.0,3.0,2.0,2.0,1.0,2.0,1000000.0,1.0,2.0,3.0,2.0,4000000.0,400000.0,1.0,100000.0,100000.0,1.0,156362.15,189172.0,745.0
11,4.0,1.0,2.0,1.0,4.0,2.0,30.0,7.0,5.0,3.0,2.0,2.0,2.0,2.0,1500000.0,1.0,4.0,1.0,1.0,0.0,2500000.0,1.0,170000.0,190000.0,3.0,131778.5,270267.0,755.0
11,3.0,1.0,3.0,1.0,4.0,2.0,30.0,7.0,3.0,2.0,2.0,2.0,2.0,2.0,0.0,2.0,4.0,1.0,2.0,0.0,1000000.0,1.0,180000.0,170000.0,3.0,180091.4,301185.0,750.0
11,6.0,1.0,2.0,1.0,4.0,1.0,30.0,12000.0,4.0,2.0,2.0,1.0,1.0,2.0,1600000.0,1.0,4.0,1.0,2.0,0.0,4000000.0,1.0,200000.0,200000.0,3.0,137998.7,122041.0,497752.0
11,4.0,1.0,2.0,1.0,3.0,1.0,30.0,60000.0,4.0,2.0,1.0,2.0,2.0,2.0,1000000.0,1.0,4.0,1.0,2.0,0.0,800000.0,1.0,180000.0,195000.0,3.0,180118.8,194315.0,1680758.0
11,1.0,1.0,2.0,2.0,4.0,2.0,30.0,40000.0,4.0,2.0,2.0,2.0,1.0,2.0,600000.0,1.0,4.0,1.0,2.0,0.0,800000.0,1.0,55000.0,40000.0,1.0,143317.13999999998,55278.0,1400759.0
11,2.0,1.0,3.0,1.0,4.0,2.0,30.0,35000.0,3.0,2.0,2.0,2.0,2.0,2.0,700000.0,1.0,4.0,6.0,2.0,500000.0,450000.0,1.0,300000.0,55000.0,1.0,155972.99,221475.0,749.0
11,7.0,1.0,3.0,1.0,4.0,1.0,30.0,125000.0,3.0,2.0,2.0,2.0,2.0,2.0,0.0,2.0,4.0,6.0,2.0,900000.0,600000.0,1.0,400000.0,383000.0,3.0,415330.62,413594.0,744.0
11,5.0,1.0,2.0,2.0,4.0,2.0,30.0,55000.0,3.0,2.0,2.0,2.0,1.0,2.0,600000.0,1.0,4.0,6.0,2.0,750000.0,500000.0,1.0,350000.0,214000.0,3.0,170273.15,225572.0,748.0
11,3.0,1.0,3.0,1.0,4.0,1.0,30.0,280000.0,2.0,2.0,2.0,2.0,2.0,2.0,0.0,2.0,4.0,6.0,2.0,800000.0,600000.0,1.0,400000.0,150000.0,1.0,296928.11,510756.0,746.0
11,2.0,1.0,2.0,1.0,4.0,2.0,30.0,45000.0,3.0,2.0,2.0,2.0,2.0,2.0,0.0,2.0,4.0,6.0,2.0,700000.0,500000.0,1.0,300000.0,400000.0,1.0,155952.62,153048.0,748.0
11,3.0,3.0,3.0,1.0,2.0,2.0,30.0,34000.0,3.0,3.0,2.0,2.0,2.0,2.0,0.0,2.0,4.0,6.0,2.0,900000.0,600000.0,1.0,400000.0,920000.0,3.0,183721.02,351484.0,751.0
11,1.0,1.0,1.0,2.0,4.0,2.0,30.0,25000.0,3.0,2.0,2.0,2.0,1.0,2.0,0.0,2.0,1.0,1.0,2.0,400000.0,300000.0,1.0,200000.0,66000.0,3.0,101572.95,98967.0,750.0
11,1.0,1.0,2.0,1.0,4.0,2.0,30.0,30000.0,3.0,2.0,2.0,2.0,2.0,2.0,200000.0,1.0,4.0,6.0,2.0,700000.0,500000.0,1.0,300000.0,91000.0,2.0,145810.842,1124484.0,748.0
11,1.0,1.0,2.0,2.0,4.0,2.0,30.0,26000.0,3.0,2.0,2.0,2.0,1.0,2.0,0.0,2.0,4.0,4.0,2.0,500000.0,400000.0,1.0,300000.0,85000.0,2.0,105329.05,140532.0,751.0
11,6.0,1.0,4.0,1.0,4.0,1.0,30.0,250000.0,3.0,2.0,2.0,2.0,2.0,2.0,1500000.0,2.0,4.0,5.0,2.0,2000000.0,1000000.0,1.0,500000.0,520000.0,6.0,276365.35,447541.0,746.0
11,8.0,1.0,3.0,1.0,4.0,1.0,30.0,60000.0,3.0,2.0,2.0,2.0,2.0,2.0,500000.0,1.0,4.0,5.0,1.0,1500000.0,600000.0,1.0,300000.0,175000.0,4.0,274890.3,370898.0,746.0
11,6.0,3.0,3.0,1.0,4.0,2.0,30.0,150000.0,3.0,3.0,2.0,2.0,2.0,2.0,0.0,2.0,1.0,1.0,2.0,5000000.0,1000000.0,3.0,480150.0,260000.0,3.0,234899.2,395435.0,750.0
11,2.0,1.0,3.0,2.0,4.0,2.0,30.0,50000.0,3.0,3.0,2.0,2.0,1.0,2.0,0.0,2.0,4.0,5.0,1.0,500000.0,200000.0,1.0,100000.0,92000.0,2.0,120865.2,102159.0,752.0
11,4.0,1.0,2.0,1.0,4.0,1.0,30.0,160000.0,3.0,2.0,2.0,2.0,2.0,2.0,0.0,2.0,4.0,6.0,2.0,2000000.0,1000000.0,1.0,200000.0,376000.0,4.0,212221.65,397040.0,742.0
11,5.0,1.0,4.0,1.0,4.0,2.0,30.0,60000.0,3.0,2.0,2.0,2.0,1.0,2.0,250000.0,2.0,1.0,1.0,2.0,5000000.0,1000000.0,1.0,250000.0,65000.0,3.0,184195.95,188645.0,748.0
11,3.0,1.0,3.0,1.0,4.0,2.0,30.0,160000.0,2.0,2.0,2.0,2.0,2.0,2.0,2000000.0,2.0,4.0,6.0,2.0,2000000.0,600000.0,1.0,400000.0,650000.0,2.0,246643.5,1463321.0,745.0
11,1.0,1.0,2.0,2.0,4.0,2.0,30.0,35000.0,3.0,2.0,2.0,2.0,2.0,2.0,300000.0,1.0,4.0,6.0,2.0,500000.0,300000.0,1.0,100000.0,111200.0,2.0,113297.25,909326.0,752.0
11,1.0,1.0,3.0,1.0,4.0,2.0,30.0,140000.0,3.0,2.0,2.0,2.0,2.0,2.0,0.0,2.0,4.0,5.0,2.0,500000.0,250000.0,1.0,120000.0,70000.0,1.0,118707.45,198541.0,747.0
11,5.0,1.0,2.0,1.0,4.0,2.0,30.0,210000.0,3.0,3.0,2.0,2.0,1.0,2.0,1000000.0,2.0,4.0,6.0,2.0,0.0,500000.0,1.0,188888.88888888888,100200.0,2.0,179576.05,233192.0,747.0
11,1.0,1.0,1.0,1.0,2.0,2.0,30.0,60000.0,2.0,1.0,2.0,2.0,2.0,2.0,0.0,2.0,4.0,6.0,2.0,0.0,300000.0,1.0,90000.0,97500.0,1.0,72539.1,125787.0,750.0
11,2.0,1.0,1.0,2.0,4.0,2.0,30.0,150000.0,2.0,2.0,2.0,2.0,1.0,2.0,0.0,2.0,1.0,1.0,1.0,0.0,250000.0,1.0,100000.0,105000.0,3.0,131033.2,97329.0,751.0
11,2.0,1.0,2.0,1.0,4.0,2.0,30.0,150000.0,2.0,2.0,2.0,2.0,2.0,2.0,500000.0,1.0,4.0,1.0,2.0,0.0,800000.0,1.0,344444.44444444444,160000.0,2.0,149377.45,164448.0,749.0
11,7.0,1.0,2.0,1.0,4.0,1.0,30.0,120000.0,3.0,2.0,2.0,2.0,1.0,2.0,1200000.0,2.0,4.0,4.0,2.0,0.0,600000.0,1.0,288888.8888888889,93000.0,3.0,209939.1,1691284.0,747.0
11,9.0,1.0,2.0,1.0,4.0,1.0,30.0,150000.0,3.0,2.0,2.0,2.0,2.0,2.0,1500000.0,1.0,4.0,6.0,2.0,0.0,3000.0,1.0,505555.5555555555,518000.0,6.0,280029.55,435293.0,748.0
11,5.0,1.0,2.0,1.0,4.0,1.0,30.0,160000.0,2.0,2.0,2.0,2.0,1.0,2.0,0.0,2.0,4.0,6.0,2.0,0.0,2000.0,1.0,300000.0,286000.0,3.0,213951.6,533146.0,746.0
11,4.0,1.0,2.0,1.0,4.0,2.0,30.0,200000.0,3.0,2.0,2.0,2.0,2.0,2.0,800000.0,1.0,4.0,3.0,2.0,0.0,500000.0,1.0,183333.33333333337,150000.0,2.0,180903.6,548761.0,745.0
11,3.0,1.0,2.0,1.0,4.0,2.0,30.0,60000.0,3.0,2.0,2.0,2.0,2.0,2.0,7500000.0,1.0,4.0,3.0,1.0,0.0,0.0,1.0,300000.0,119000.0,3.0,35002.0,70625.0,751.0
11,2.0,3.0,2.0,2.0,4.0,2.0,30.0,91111.88888888888,3.0,3.0,2.0,2.0,1.0,2.0,0.0,2.0,4.0,4.0,2.0,4000.0,2000.0,1.0,300000.0,5200.0,3.0,63300.55,194528.0,752.0
11,4.0,4.0,4.0,1.0,4.0,2.0,30.0,70000.0,3.0,3.0,2.0,2.0,1.0,2.0,600000.0,1.0,4.0,4.0,2.0,5000.0,3000.0,1.0,300000.0,210000.0,2.0,178193.5,279189.0,746.0
11,2.0,3.0,3.0,1.0,4.0,2.0,30.0,34000.0,2.0,3.0,2.0,2.0,1.0,2.0,0.0,2.0,4.0,3.0,2.0,3000.0,1500.0,1.0,150000.0,88000.0,2.0,145447.43,243492.0,750.0
11,5.0,1.0,4.0,1.0,4.0,2.0,30.0,40000.0,3.0,3.0,2.0,2.0,1.0,2.0,0.0,2.0,4.0,4.0,2.0,4000.0,2000.0,1.0,250000.0,65000.0,1.0,227981.55,357063.0,744.0
11,3.0,1.0,4.0,2.0,4.0,2.0,30.0,150000.0,3.0,3.0,2.0,2.0,2.0,2.0,0.0,2.0,4.0,3.0,1.0,3500.0,2000.0,1.0,300000.0,475000.0,4.0,137164.25,156629.0,751.0
11,2.0,1.0,3.0,2.0,4.0,2.0,30.0,91000.0,3.0,3.0,2.0,2.0,2.0,2.0,0.0,2.0,4.0,5.0,2.0,3000.0,1500.0,1.0,250000.0,124000.0,3.0,145055.35,64285.0,750.0
11,5.0,3.0,4.0,1.0,3.0,2.0,30.0,100000.0,3.0,3.0,2.0,2.0,1.0,2.0,0.0,2.0,4.0,5.0,2.0,6000.0,4000.0,1.0,500000.0,910000.0,3.0,169551.55,256429.0,746.0
11,1.0,1.0,1.0,1.0,4.0,2.0,30.0,60000.0,3.0,3.0,2.0,2.0,2.0,2.0,0.0,2.0,4.0,3.0,2.0,2500.0,1500.0,1.0,250000.0,250000.0,1.0,69988.5,269557.0,746.0
11,1.0,1.0,1.0,1.0,4.0,2.0,30.0,50000.0,3.0,3.0,2.0,2.0,1.0,2.0,0.0,2.0,4.0,4.0,2.0,2000.0,1000.0,1.0,120000.0,150.0,1.0,75427.85,105687.0,747.0
11,2.0,3.0,2.0,1.0,4.0,2.0,30.0,140000.0,2.0,3.0,2.0,2.0,1.0,2.0,0.0,2.0,4.0,6.0,2.0,0.0,0.0,1.0,300000.0,160000.0,1.0,112222.37,365250.0,747.0
11,2.0,1.0,1.0,1.0,4.0,2.0,30.0,140000.0,3.0,3.0,2.0,2.0,1.0,2.0,0.0,2.0,4.0,6.0,2.0,0.0,0.0,1.0,150000.0,183800.0,5.0,215632.23,244454.0,318751.0
11,1.0,1.0,1.0,1.0,4.0,2.0,30.0,80000.0,3.0,2.0,2.0,2.0,1.0,2.0,30000.0,1.0,4.0,5.0,2.0,0.0,0.0,1.0,150000.0,105000.0,2.0,152537.95,186050.0,747.0
11,1.0,1.0,1.0,1.0,4.0,2.0,30.0,50000.0,3.0,3.0,2.0,2.0,2.0,2.0,0.0,2.0,1.0,6.0,2.0,0.0,0.0,1.0,150000.0,72000.0,2.0,144850.53,517048.0,748.0
11,3.0,1.0,2.0,1.0,4.0,2.0,30.0,180000.0,2.0,2.0,2.0,2.0,2.0,2.0,3000000.0,2.0,4.0,6.0,2.0,0.0,0.0,1.0,600000.0,211377.77777777775,3.0,267341.08,370512.0,745.0
11,2.0,1.0,4.0,1.0,4.0,1.0,30.0,150000.0,2.0,2.0,2.0,2.0,1.0,2.0,0.0,2.0,4.0,6.0,2.0,0.0,0.0,1.0,300000.0,630000.0,5.0,220090.275,1892724.0,745.0
11,4.0,1.0,3.0,1.0,4.0,1.0,30.0,180000.0,3.0,2.0,2.0,2.0,2.0,2.0,1000000.0,2.0,4.0,5.0,2.0,0.0,0.0,3.0,480150.0,250000.0,1.0,329041.46,381668.0,741.0
11,2.0,1.0,1.0,1.0,4.0,2.0,30.0,65000.0,3.0,2.0,2.0,2.0,1.0,2.0,0.0,2.0,4.0,4.0,2.0,0.0,0.0,1.0,200000.0,20200.0,2.0,171792.62,150146.0,750.0
11,3.0,1.0,3.0,1.0,4.0,2.0,30.0,150000.0,3.0,2.0,2.0,1.0,2.0,2.0,960000.0,1.0,4.0,4.0,2.0,0.0,0.0,1.0,350000.0,216300.0,3.0,251029.675,223845.0,745.0
11,3.0,1.0,2.0,1.0,4.0,2.0,30.0,30000.0,3.0,1.0,2.0,2.0,1.0,2.0,0.0,2.0,4.0,2.0,2.0,0.0,500000.0,1.0,250000.0,153000.0,3.0,157392.38,317886.0,1043056.0
11,4.0,1.0,2.0,1.0,4.0,2.0,30.0,58000.0,3.0,2.0,2.0,2.0,1.0,2.0,400000.0,1.0,4.0,4.0,2.0,0.0,0.0,1.0,400000.0,70000.0,1.0,101176.78,201865.0,746.0
11,2.0,1.0,2.0,1.0,4.0,2.0,30.0,70000.0,2.0,2.0,2.0,2.0,2.0,2.0,370000.0,1.0,4.0,4.0,2.0,0.0,300000.0,1.0,150000.0,81000.0,2.0,134525.3,159787.0,740749.0
11,1.0,1.0,1.0,2.0,4.0,2.0,30.0,10000.0,5.0,3.0,2.0,2.0,1.0,2.0,0.0,2.0,4.0,5.0,2.0,0.0,0.0,1.0,150000.0,46000.0,1.0,94721.38,99056.0,753.0
11,4.0,1.0,2.0,1.0,4.0,2.0,30.0,124444.44444444444,4.0,2.0,2.0,2.0,1.0,2.0,130000.0,2.0,4.0,3.0,2.0,0.0,0.0,1.0,250000.0,178700.0,5.0,151952.55,130144.0,1347971.0
11,3.0,1.0,1.0,2.0,4.0,2.0,30.0,33000.0,3.0,2.0,2.0,2.0,1.0,2.0,0.0,2.0,4.0,4.0,2.0,0.0,0.0,1.0,260000.0,155000.0,3.0,170045.86,345655.0,750.0
11,6.0,5.0,2.0,2.0,4.0,2.0,30.0,60000.0,3.0,2.0,2.0,2.0,1.0,2.0,0.0,2.0,4.0,4.0,2.0,0.0,700000.0,1.0,400000.0,246000.0,4.0,248449.46,510741.0,747.0
11,3.0,1.0,2.0,1.0,4.0,2.0,30.0,120000.0,3.0,3.0,2.0,2.0,2.0,2.0,350000.0,1.0,4.0,1.0,2.0,0.0,0.0,1.0,550000.0,775000.0,4.0,260797.94,545146.0,1000744.0
11,5.0,1.0,2.0,1.0,4.0,1.0,30.0,200000.0,4.0,2.0,2.0,1.0,1.0,2.0,0.0,2.0,4.0,1.0,2.0,0.0,5000.0,3.0,480150.0,489000.0,2.0,398357.98,761029.0,739.0
11,2.0,1.0,3.0,2.0,4.0,2.0,30.0,25000.0,3.0,3.0,2.0,2.0,1.0,2.0,0.0,2.0,4.0,4.0,2.0,500000.0,300000.0,1.0,133333.33333333334,80000.0,1.0,121116.95,92279.0,749.0
11,2.0,1.0,1.0,2.0,4.0,2.0,30.0,30000.0,3.0,3.0,2.0,2.0,1.0,2.0,0.0,2.0,4.0,3.0,2.0,0.0,250000.0,1.0,103333.33333333331,97000.0,2.0,50052.35,85145.0,751.0
11,2.0,5.0,1.0,1.0,4.0,2.0,30.0,7.0,3.0,3.0,2.0,2.0,1.0,2.0,0.0,2.0,4.0,3.0,2.0,10000.0,2000.0,1.2222222222222223,191005.0,400000.0,1.0,54834.4,315729.0,751.0
11,1.0,1.0,3.0,2.0,1.0,2.0,30.0,180000.0,3.0,3.0,2.0,1.0,2.0,2.0,0.0,2.0,4.0,6.0,2.0,0.0,400000.0,1.0,153333.33333333334,100000.0,2.0,76375.95,137616.0,753.0
11,4.0,1.0,2.0,1.0,4.0,2.0,30.0,120000.0,3.0,2.0,2.0,2.0,1.0,2.0,500000.0,2.0,4.0,1.0,2.0,0.0,1000000.0,1.0,388888.8888888889,330500.0,2.0,180907.34,369744.0,740.0
11,6.0,1.0,4.0,1.0,4.0,2.0,30.0,200000.0,3.0,3.0,2.0,2.0,2.0,2.0,500000.0,1.0,4.0,3.0,2.0,20000000.0,1500000.0,1.0,316666.6666666667,197000.0,2.0,168856.2,218607.0,748.0
11,1.0,1.0,2.0,2.0,4.0,2.0,30.0,7.0,5.0,3.0,2.0,2.0,2.0,2.0,0.0,2.0,4.0,1.0,2.0,0.0,200000.0,1.0,93333.33333333331,41000.0,1.0,65949.7,50521.0,757.0
11,5.0,1.0,5.0,1.0,4.0,2.0,30.0,160000.0,2.0,2.0,2.0,1.0,1.0,2.0,0.0,2.0,4.0,5.0,2.0,1200000.0,500000.0,1.0,170000.0,255000.0,3.0,194164.55,493478.0,748.0
11,5.0,3.0,4.0,1.0,4.0,1.0,30.0,7.0,2.0,3.0,2.0,2.0,2.0,2.0,0.0,2.0,4.0,6.0,2.0,0.0,2000.0,3.0,240075.0,800.0,1.0,167127.0,603591.5,743.0
11,3.0,4.0,1.0,2.0,4.0,2.0,30.0,60000.0,5.0,3.0,2.0,2.0,2.0,2.0,0.0,2.0,4.0,6.0,2.0,0.0,0.0,1.0,300000.0,187000.0,2.0,111465.15,196622.0,758.0
11,1.0,4.0,1.0,2.0,4.0,2.0,30.0,40000.0,5.0,3.0,2.0,2.0,1.0,2.0,0.0,2.0,1.0,3.0,2.0,0.0,0.0,1.0,200000.0,62000.0,2.0,116590.15,64057.0,757.0
11,2.0,4.0,2.0,2.0,4.0,2.0,30.0,60000.0,4.0,3.0,2.0,2.0,1.0,2.0,0.0,2.0,4.0,6.0,2.0,0.0,0.0,1.0,250000.0,44000.0,1.0,163604.52,98732.0,759.0
11,3.0,4.0,1.0,1.0,4.0,2.0,30.0,120000.0,5.0,3.0,2.0,2.0,1.0,2.0,0.0,2.0,4.0,6.0,2.0,4000.0,3000.0,1.0,300000.0,110000.0,2.0,205478.65,331382.0,750.0
11,1.0,4.0,1.0,2.0,4.0,2.0,30.0,100000.0,4.0,3.0,2.0,2.0,1.0,2.0,0.0,2.0,4.0,6.0,2.0,5000.0,2000.0,1.0,250000.0,60000.0,1.0,228368.54,387863.0,754.0
11,3.0,4.0,1.0,2.0,4.0,2.0,30.0,7.0,5.0,3.0,2.0,2.0,1.0,2.0,0.0,2.0,4.0,6.0,2.0,0.0,0.0,1.0,400000.0,65000.0,1.0,164793.39,83027.0,760.0
11,2.0,4.0,1.0,2.0,4.0,2.0,30.0,60000.0,4.0,3.0,2.0,2.0,2.0,2.0,280000.0,1.0,1.0,6.0,2.0,5000.0,1000.0,1.0,250000.0,99000.0,3.0,198256.26,183917.0,753.0
11,7.0,1.0,3.0,1.0,4.0,2.0,30.0,150000.0,3.0,3.0,2.0,2.0,2.0,2.0,701000.0,1.0,4.0,4.0,2.0,0.0,0.0,1.0,400000.0,184000.0,2.0,219283.2,359501.0,750.0
11,4.0,1.0,3.0,1.0,4.0,1.0,30.0,150000.0,3.0,3.0,2.0,2.0,2.0,2.0,1300000.0,1.0,4.0,6.0,2.0,5000000.0,1000000.0,1.0,500000.0,250000.0,2.0,236242.41,1684110.0,747.0
11,3.0,1.0,1.0,2.0,4.0,2.0,30.0,64334.11111111111,4.0,3.0,2.0,2.0,1.0,2.0,100000.0,2.0,1.0,1.0,1.0,0.0,0.0,1.0,166666.66666666666,48000.0,3.0,116158.9,65803.0,755.0
11,4.0,1.0,2.0,1.0,4.0,1.0,30.0,100000.0,2.0,3.0,2.0,2.0,2.0,2.0,0.0,2.0,4.0,1.0,2.0,0.0,0.0,1.0,200000.0,1050000.0,2.0,250724.05,944711.0,739.0
11,1.0,1.0,1.0,1.0,4.0,2.0,30.0,30000.0,3.0,2.0,2.0,2.0,2.0,2.0,0.0,2.0,4.0,1.0,2.0,0.0,0.0,1.0,100000.0,330000.0,1.0,122886.75,235952.0,745.0
11,2.0,1.0,2.0,1.0,4.0,2.0,30.0,40000.0,3.0,2.0,2.0,2.0,2.0,2.0,0.0,2.0,4.0,1.0,2.0,0.0,0.0,1.0,180555.55555555556,110000.0,2.0,127132.75,182250.0,744.0
11,4.0,1.0,2.0,1.0,4.0,2.0,30.0,100000.0,3.0,2.0,2.0,2.0,2.0,2.0,0.0,2.0,4.0,1.0,2.0,0.0,0.0,1.0,200000.0,612000.0,2.0,138410.15,232195.0,743.0
11,1.0,1.0,1.0,2.0,4.0,2.0,30.0,44666.666666666664,3.0,3.0,2.0,2.0,1.0,2.0,0.0,2.0,4.0,1.0,2.0,0.0,0.0,1.0,102222.22222222222,34000.0,1.0,100388.45,95155.0,750.0
11,2.0,1.0,3.0,1.0,4.0,2.0,30.0,7.0,3.0,2.0,2.0,2.0,2.0,2.0,0.0,2.0,4.0,1.0,2.0,0.0,0.0,1.0,261111.11111111112,400000.0,1.0,172801.2,277629.0,745.0
11,6.0,1.0,3.0,2.0,4.0,2.0,30.0,20000.0,3.0,3.0,2.0,2.0,1.0,2.0,0.0,2.0,4.0,1.0,2.0,0.0,0.0,1.0,150000.0,142000.0,3.0,180697.55,292120.0,746.0
11,1.0,1.0,1.0,2.0,4.0,2.0,30.0,30000.0,3.0,2.0,2.0,2.0,2.0,2.0,0.0,2.0,4.0,1.0,2.0,0.0,0.0,1.0,132777.77777777778,56000.0,1.0,120048.05,79725.0,749.0
11,5.0,1.0,4.0,1.0,4.0,1.0,30.0,7.0,3.0,2.0,2.0,1.0,1.0,2.0,0.0,2.0,1.0,1.0,2.0,1500000.0,650000.0,1.0,160000.0,1138000.0,4.0,43016.1,146580.0,744.0
11,5.0,1.0,4.0,2.0,4.0,1.0,30.0,7.0,3.0,3.0,2.0,2.0,2.0,2.0,0.0,2.0,1.0,1.0,2.0,1600000.0,900000.0,1.0,150000.0,757000.0,5.0,38681.55,108417.0,749.0
11,7.0,1.0,5.0,1.0,4.0,1.0,30.0,50000.0,2.0,2.0,2.0,2.0,1.0,2.0,70000.0,1.0,2.0,4.0,2.0,1800000.0,800000.0,1.0,200000.0,964300.0,7.0,76280.7,257062.5,500747.0
11,3.0,1.0,3.0,2.0,4.0,2.0,30.0,80000.0,2.0,2.0,2.0,1.0,1.0,1.0,0.0,2.0,4.0,1.0,1.0,500000.0,200000.0,1.0,100000.0,47200.0,2.0,34188.75,21033.0,753.0
11,4.0,1.0,3.0,1.0,4.0,2.0,30.0,30000.0,3.0,2.0,2.0,1.0,2.0,2.0,100000.0,1.0,1.0,1.0,2.0,1000000.0,500000.0,1.0,160000.0,1112000.0,4.0,33823.9,237831.0,749.0
11,5.0,1.0,4.0,2.0,4.0,2.0,30.0,7.0,4.0,3.0,2.0,2.0,1.0,2.0,0.0,2.0,4.0,3.0,1.0,500000.0,200000.0,1.0,140000.0,149000.0,4.0,64553.5,115141.0,754.0
11,5.0,1.0,3.0,1.0,4.0,2.0,30.0,7.0,3.0,2.0,2.0,2.0,2.0,2.0,0.0,2.0,4.0,1.0,2.0,1650000.0,900000.0,1.0,180000.0,993000.0,5.0,36187.3,253164.5,747.0
11,5.0,1.0,4.0,1.0,4.0,2.0,30.0,7.0,3.0,2.0,2.0,1.0,1.0,2.0,60000.0,1.0,2.0,5.0,2.0,1800000.0,800000.0,1.0,190000.0,350420.0,3.0,42112.2,166753.0,744.0
11,5.0,1.0,4.0,1.0,4.0,1.0,30.0,7.0,2.0,2.0,2.0,1.0,1.0,2.0,100000.0,1.0,4.0,1.0,2.0,1700000.0,800000.0,1.0,200000.0,700300.0,4.0,24413.0,303769.0,80746.0
11,4.0,1.0,3.0,2.0,4.0,1.0,30.0,40000.0,4.0,2.0,2.0,2.0,2.0,2.0,150000.0,1.0,4.0,3.0,2.0,1000000.0,600000.0,1.0,300000.0,95000.0,1.0,75242.25,205478.0,746.0
11,2.0,1.0,3.0,2.0,4.0,2.0,30.0,100000.0,4.0,2.0,2.0,2.0,1.0,2.0,0.0,2.0,1.0,1.0,2.0,600000.0,400000.0,1.0,200000.0,103000.0,4.0,100036.93,148770.0,752.0
11,5.0,1.0,4.0,1.0,4.0,1.0,30.0,30000.0,4.0,2.0,2.0,2.0,2.0,2.0,0.0,2.0,4.0,6.0,2.0,1600000.0,800000.0,1.0,340000.0,165600.0,2.0,47992.0,217299.0,743.0
11,3.0,1.0,4.0,2.0,4.0,1.0,30.0,36000.0,3.0,2.0,2.0,1.0,2.0,2.0,60000.0,1.0,4.0,6.0,2.0,1000000.0,800000.0,1.0,400000.0,150000.0,1.0,74760.0,159307.0,746.0
11,3.0,1.0,3.0,2.0,4.0,2.0,30.0,116000.0,4.0,2.0,2.0,2.0,2.0,2.0,50000.0,1.0,4.0,3.0,2.0,700000.0,500000.0,1.0,300000.0,126700.0,4.0,130083.3,189717.0,752.0
11,4.0,1.0,4.0,1.0,4.0,1.0,30.0,30000.0,3.0,2.0,2.0,2.0,2.0,2.0,200000.0,1.0,4.0,6.0,2.0,1900000.0,900000.0,1.0,300000.0,105000.0,1.0,72693.0,261290.0,600748.0
11,1.0,1.0,3.0,2.0,4.0,2.0,30.0,75000.0,4.0,2.0,2.0,2.0,1.0,2.0,0.0,2.0,1.0,1.0,2.0,480000.0,280000.0,1.0,130000.0,58700.0,2.0,48560.98,58576.0,752.0
11,3.0,1.0,3.0,1.0,4.0,1.0,30.0,120000.0,3.0,2.0,2.0,2.0,2.0,2.0,150000.0,1.0,4.0,6.0,2.0,1000000.0,500000.0,1.0,230000.0,188000.0,2.0,100031.0,246201.0,742.0
11,5.0,1.0,3.0,2.0,4.0,2.0,30.0,88000.0,3.0,2.0,2.0,2.0,1.0,2.0,0.0,2.0,4.0,3.0,2.0,500000.0,300000.0,1.0,120000.0,41700.0,1.0,100833.2,109314.0,750.0
11,1.0,1.0,1.0,2.0,4.0,2.0,30.0,80000.0,4.0,2.0,2.0,2.0,2.0,2.0,0.0,2.0,4.0,6.0,2.0,500000.0,300000.0,1.0,150000.0,108200.0,2.0,84610.35,99070.0,747.0
11,4.0,1.0,3.0,1.0,4.0,1.0,30.0,88000.0,3.0,2.0,2.0,2.0,2.0,2.0,100000.0,1.0,4.0,6.0,2.0,1000000.0,500000.0,1.0,250000.0,190000.0,2.0,149913.75,299970.0,742.0
11,3.0,1.0,3.0,1.0,4.0,1.0,30.0,100000.0,3.0,2.0,2.0,2.0,2.0,2.0,0.0,2.0,4.0,6.0,2.0,1000000.0,600000.0,1.0,300000.0,210000.0,2.0,136410.3,221623.0,740.0
11,6.0,1.0,3.0,2.0,4.0,2.0,30.0,120000.0,3.0,2.0,2.0,2.0,1.0,2.0,0.0,2.0,4.0,3.0,2.0,800000.0,500000.0,1.0,200000.0,99800.0,3.0,121655.7,207066.0,750.0
11,4.0,1.0,3.0,1.0,4.0,1.0,30.0,120000.0,3.0,2.0,2.0,2.0,2.0,2.0,0.0,2.0,4.0,6.0,2.0,800000.0,500000.0,1.0,250000.0,241500.0,3.0,169377.35,45763.0,742.0
11,3.0,1.0,2.0,1.0,4.0,1.0,30.0,85000.0,3.0,2.0,2.0,2.0,2.0,2.0,160000.0,1.0,4.0,3.0,2.0,1000000.0,800000.0,1.0,300000.0,110000.0,1.0,101311.8,180745.0,742.0
11,1.0,1.0,2.0,2.0,4.0,2.0,30.0,50000.0,4.0,2.0,2.0,2.0,1.0,2.0,30000.0,1.0,4.0,2.0,2.0,480000.0,300000.0,1.0,120000.0,47000.0,1.0,89221.9,85723.0,753.0
11,4.0,1.0,3.0,1.0,4.0,1.0,30.0,100000.0,3.0,2.0,2.0,2.0,2.0,2.0,200000.0,1.0,4.0,6.0,2.0,1600000.0,800000.0,1.0,360000.0,270000.0,2.0,177881.13,461070.0,740.0
11,4.0,1.0,3.0,1.0,4.0,2.0,30.0,100000.0,4.0,2.0,2.0,2.0,1.0,2.0,400000.0,1.0,4.0,6.0,2.0,1500000.0,1000000.0,1.0,500000.0,130000.0,2.0,156138.93,402505.0,740.0
11,6.0,1.0,3.0,1.0,4.0,1.0,30.0,100000.0,2.0,2.0,2.0,2.0,2.0,2.0,600000.0,1.0,4.0,6.0,2.0,0.0,1000000.0,1.0,600000.0,125000.0,3.0,113760.09,310506.0,745.0
11,5.0,1.0,4.0,1.0,4.0,2.0,30.0,120000.0,3.0,2.0,2.0,2.0,2.0,2.0,15000.0,1.0,4.0,3.0,2.0,3000000.0,1000000.0,1.0,500000.0,198000.0,3.0,166086.5,334355.0,749.0
11,5.0,1.0,4.0,1.0,4.0,1.0,30.0,140000.0,3.0,2.0,2.0,2.0,2.0,2.0,1500000.0,1.0,4.0,6.0,2.0,0.0,0.0,1.0,300000.0,449000.0,4.0,141894.5,286743.0,745.0
11,3.0,1.0,3.0,1.0,4.0,1.0,30.0,140000.0,3.0,2.0,2.0,1.0,1.0,2.0,800000.0,1.0,4.0,4.0,2.0,0.0,600000.0,1.0,350000.0,360000.0,2.0,231108.3,1443159.0,746.0
11,3.0,1.0,5.0,1.0,4.0,1.0,30.0,270000.0,2.0,2.0,2.0,2.0,2.0,2.0,0.0,2.0,4.0,6.0,2.0,0.0,700000.0,1.0,300000.0,80000.0,3.0,214987.57,369758.0,746.0
11,5.0,1.0,3.0,2.0,4.0,2.0,30.0,7.0,4.0,2.0,2.0,2.0,2.0,2.0,180000.0,1.0,4.0,4.0,2.0,0.0,1000000.0,1.0,600000.0,234000.0,3.0,150966.2,674649.0,754.0
11,3.0,1.0,2.0,2.0,4.0,2.0,30.0,30000.0,4.0,3.0,2.0,2.0,2.0,2.0,300000.0,1.0,1.0,6.0,2.0,0.0,0.0,1.0,100000.0,83500.0,3.0,69084.6,150377.0,759.0
11,5.0,1.0,4.0,2.0,4.0,2.0,30.0,60000.0,3.0,3.0,2.0,2.0,2.0,2.0,0.0,2.0,4.0,6.0,2.0,0.0,0.0,1.0,150000.0,130000.0,4.0,94463.75,99449.0,752.0
11,5.0,1.0,2.0,1.0,4.0,2.0,30.0,110000.0,3.0,2.0,2.0,2.0,2.0,2.0,1300000.0,1.0,1.0,6.0,2.0,0.0,0.0,1.0,200000.0,140000.0,4.0,165898.2,213149.0,748.0
11,5.0,1.0,4.0,2.0,4.0,2.0,30.0,110000.0,3.0,2.0,1.0,2.0,2.0,2.0,3000000.0,1.0,4.0,3.0,2.0,1000000.0,500000.0,1.0,100000.0,181000.0,3.0,89797.9,150394.0,750.0
11,6.0,1.0,5.0,1.0,4.0,1.0,30.0,120000.0,3.0,3.0,2.0,2.0,2.0,2.0,800000.0,1.0,4.0,6.0,2.0,2000000.0,1000000.0,1.0,200000.0,308000.0,4.0,202985.9,279460.0,743.0
11,2.0,1.0,3.0,1.0,4.0,2.0,30.0,80000.0,4.0,3.0,2.0,2.0,2.0,2.0,20000.0,1.0,4.0,6.0,2.0,1000000.0,500000.0,1.0,110000.0,145000.0,2.0,130132.38,165705.0,751.0
11,7.0,1.0,4.0,1.0,4.0,1.0,30.0,120000.0,3.0,2.0,2.0,2.0,2.0,2.0,500000.0,1.0,1.0,1.0,2.0,1500000.0,500000.0,1.0,150000.0,116000.0,4.0,158898.8,309651.0,743.0
11,6.0,1.0,4.0,1.0,4.0,1.0,30.0,200000.0,3.0,3.0,2.0,2.0,2.0,2.0,1000000.0,1.0,4.0,6.0,2.0,1800000.0,1000000.0,1.0,200000.0,294000.0,3.0,103751.53,455446.0,739.0
11,4.0,1.0,4.0,1.0,4.0,1.0,30.0,130000.0,3.0,3.0,2.0,2.0,2.0,2.0,390000.0,1.0,4.0,6.0,2.0,1000000.0,800000.0,1.0,100000.0,116000.0,2.0,134319.45,356004.0,746.0
11,3.0,1.0,5.0,1.0,4.0,1.0,30.0,130000.0,3.0,2.0,2.0,2.0,2.0,2.0,0.0,2.0,4.0,6.0,2.0,1000000.0,500000.0,1.0,250000.0,580000.0,3.0,125558.2,268689.0,739.0
11,5.0,1.0,4.0,1.0,4.0,1.0,30.0,200000.0,3.0,3.0,2.0,1.0,1.0,2.0,0.0,2.0,4.0,2.0,2.0,1000000.0,500000.0,1.0,100000.0,765000.0,6.0,67310.0,1258345.0,744.0
11,1.0,1.0,6.0,1.0,4.0,2.0,30.0,200000.0,3.0,2.0,2.0,2.0,1.0,2.0,0.0,2.0,4.0,6.0,2.0,500000.0,400000.0,1.0,150000.0,300000.0,3.0,130115.83,107724.0,740.0
11,5.0,1.0,2.0,1.0,4.0,1.0,30.0,140000.0,2.0,2.0,2.0,2.0,2.0,2.0,0.0,2.0,4.0,4.0,2.0,0.0,0.0,1.0,250000.0,250000.0,1.0,194444.89,239364.0,745.0
11,4.0,1.0,2.0,1.0,4.0,2.0,12.0,85000.0,3.0,2.0,2.0,2.0,2.0,2.0,100000.0,1.0,4.0,4.0,2.0,0.0,800000.0,1.0,100000.0,126000.0,3.0,128671.25,148191.0,748.0
11,2.0,1.0,2.0,1.0,4.0,2.0,30.0,60000.0,3.0,2.0,2.0,2.0,1.0,2.0,100000.0,1.0,4.0,5.0,2.0,0.0,600000.0,1.0,88000.0,58000.0,3.0,102001.17,191378.0,744.0
11,5.0,1.0,2.0,1.0,4.0,2.0,30.0,160000.0,3.0,2.0,2.0,1.0,1.0,2.0,0.0,2.0,4.0,5.0,2.0,0.0,0.0,1.0,200000.0,212000.0,5.0,152950.27,218133.0,100745.0
11,3.0,1.0,3.0,1.0,4.0,1.0,30.0,120000.0,2.0,2.0,2.0,2.0,2.0,2.0,900000.0,1.0,4.0,5.0,2.0,0.0,0.0,1.0,280000.0,634000.0,2.0,170031.64,423868.0,476743.0
11,2.0,1.0,2.0,1.0,4.0,2.0,30.0,150000.0,1.0,2.0,2.0,2.0,1.0,2.0,0.0,2.0,4.0,6.0,2.0,0.0,0.0,4.0,309270.0,600.0,1.0,181115.12,159407.0,300745.0
11,3.0,1.0,2.0,1.0,4.0,1.0,30.0,100000.0,2.0,2.0,2.0,2.0,2.0,2.0,0.0,2.0,4.0,6.0,2.0,0.0,1500000.0,1.0,300000.0,792000.0,3.0,181861.55,316314.0,160745.0
11,4.0,1.0,2.0,1.0,4.0,1.0,30.0,180000.0,2.0,2.0,2.0,2.0,1.0,2.0,0.0,2.0,4.0,6.0,2.0,0.0,5000000.0,1.0,200000.0,350000.0,1.0,116172.14,270408.0,742.0
11,5.0,1.0,3.0,1.0,4.0,2.0,30.0,180000.0,2.0,2.0,2.0,2.0,1.0,2.0,70000.0,1.0,4.0,6.0,2.0,5000000.0,2000000.0,1.0,400000.0,395000.0,4.0,211576.46,527060.0,1400744.0
11,1.0,1.0,2.0,2.0,4.0,2.0,30.0,65000.0,3.0,2.0,2.0,2.0,2.0,2.0,0.0,2.0,4.0,6.0,2.0,0.0,0.0,1.0,100000.0,277000.0,2.0,176127.18,166364.0,749.0
11,4.0,1.0,2.0,1.0,4.0,1.0,30.0,150000.0,3.0,2.0,2.0,1.0,1.0,2.0,0.0,2.0,4.0,6.0,2.0,0.0,0.0,1.0,200000.0,170000.0,2.0,271811.33,257123.0,1120745.0
11,4.0,1.0,1.0,1.0,4.0,1.0,30.0,160000.0,3.0,2.0,2.0,2.0,2.0,2.0,320000.0,1.0,4.0,6.0,2.0,0.0,0.0,1.0,250000.0,335000.0,3.0,248265.35,264011.0,742.0
11,3.0,1.0,1.0,1.0,4.0,1.0,30.0,100000.0,3.0,2.0,2.0,2.0,2.0,2.0,0.0,2.0,4.0,6.0,2.0,0.0,2000000.0,1.0,200000.0,162900.0,3.0,236231.91,256731.0,742.0
11,6.0,1.0,2.0,1.0,4.0,1.0,30.0,120000.0,3.0,2.0,2.0,2.0,2.0,2.0,0.0,2.0,4.0,6.0,2.0,0.0,0.0,1.0,250000.0,219400.0,3.0,286221.19,242035.0,739.0
11,3.0,1.0,3.0,1.0,4.0,2.0,30.0,160000.0,3.0,2.0,2.0,2.0,1.0,2.0,0.0,2.0,4.0,6.0,2.0,0.0,0.0,1.0,300000.0,150000.0,1.0,224005.23,292605.0,745.0
11,4.0,1.0,3.0,1.0,4.0,1.0,30.0,75000.0,3.0,2.0,2.0,2.0,2.0,2.0,0.0,2.0,4.0,6.0,2.0,0.0,0.0,1.0,250000.0,205000.0,3.0,195870.05,302496.0,743.0
11,5.0,1.0,2.0,1.0,4.0,1.0,30.0,150000.0,3.0,2.0,2.0,2.0,2.0,2.0,1000000.0,1.0,4.0,6.0,2.0,0.0,0.0,1.0,300000.0,300000.0,2.0,231055.93,306033.0,742.0
11,2.0,1.0,3.0,2.0,4.0,2.0,30.0,60000.0,3.0,2.0,2.0,1.0,2.0,2.0,0.0,2.0,4.0,6.0,2.0,0.0,0.0,1.0,200000.0,82800.0,2.0,137864.2,166760.0,752.0
11,3.0,1.0,5.0,1.0,4.0,1.0,30.0,100000.0,3.0,3.0,2.0,2.0,2.0,2.0,0.0,2.0,4.0,6.0,2.0,0.0,0.0,1.4444444444444444,232924.44444444444,96000.0,2.0,124368.1,117014.0,738.0
11,3.0,1.0,2.0,1.0,4.0,2.0,30.0,100000.0,2.0,2.0,2.0,2.0,1.0,2.0,0.0,2.0,4.0,6.0,2.0,1200000.0,1000000.0,1.0,800000.0,187000.0,2.0,108767.3,118521.0,744.0
11,2.0,1.0,3.0,1.0,4.0,1.0,30.0,110000.0,2.0,3.0,2.0,2.0,2.0,2.0,0.0,2.0,4.0,6.0,2.0,0.0,0.0,1.2222222222222223,249039.55555555556,848000.0,3.0,115290.8,82275.0,742.0
11,6.0,1.0,2.0,1.0,4.0,1.0,30.0,125000.0,3.0,2.0,2.0,2.0,1.0,2.0,0.0,2.0,4.0,2.0,2.0,8000.0,7000.0,3.0,2400750.0,363000.0,3.0,291814.15,230140.0,740.0
11,3.0,1.0,2.0,2.0,4.0,2.0,30.0,120000.0,3.0,3.0,2.0,2.0,1.0,2.0,150000.0,1.0,4.0,2.0,2.0,3000.0,2000.0,3.0,720225.0,170000.0,2.0,138593.0,187919.0,748.0
11,4.0,1.0,3.0,1.0,4.0,1.0,30.0,120000.0,3.0,3.0,2.0,2.0,2.0,2.0,0.0,2.0,4.0,6.0,2.0,0.0,0.0,1.2222222222222223,274173.3333333333,170000.0,1.0,161848.75,141123.0,743.0
11,1.0,1.0,3.0,2.0,4.0,2.0,30.0,57000.0,3.0,3.0,2.0,2.0,1.0,2.0,0.0,2.0,4.0,6.0,2.0,0.0,0.0,1.0,60555.555555555555,16000.0,1.0,36495.0,10837.0,752.0
11,3.0,5.0,3.0,2.0,4.0,1.0,30.0,55000.0,3.0,3.0,2.0,2.0,1.0,2.0,0.0,2.0,4.0,2.0,2.0,1000000.0,800000.0,1.0,600000.0,265000.0,2.0,97108.9,67225.0,746.0
11,2.0,1.0,2.0,1.0,4.0,2.0,30.0,130000.0,2.0,3.0,2.0,2.0,2.0,2.0,450000.0,1.0,4.0,6.0,2.0,0.0,0.0,1.0,233333.33333333337,140000.0,2.0,90691.7,94497.0,747.0
11,3.0,1.0,4.0,1.0,4.0,1.0,30.0,120000.0,3.0,2.0,2.0,2.0,2.0,2.0,0.0,2.0,4.0,6.0,2.0,6000.0,5000.0,3.0,1920600.0,160000.0,2.0,226586.55,630235.0,743.0
11,5.0,1.0,4.0,2.0,4.0,2.0,30.0,120000.0,3.0,3.0,2.0,2.0,2.0,2.0,1943000.0,1.0,1.0,4.0,2.0,1000000.0,500000.0,1.0,250000.0,138000.0,3.0,174663.8,396768.0,750.0
11,6.0,1.0,5.0,1.0,4.0,1.0,30.0,115000.0,2.0,2.0,2.0,2.0,2.0,2.0,0.0,2.0,4.0,6.0,2.0,10000.0,8000.0,3.0,2880900.0,100000.0,2.0,177270.5,491131.0,745.0
11,3.0,1.0,5.0,1.0,4.0,1.0,30.0,180000.0,2.0,2.0,2.0,2.0,2.0,2.0,0.0,2.0,4.0,6.0,2.0,5800000.0,5000000.0,1.0,4000000.0,200000.0,1.0,179833.35,547855.0,740.0
11,5.0,1.0,4.0,1.0,4.0,1.0,30.0,100000.0,3.0,3.0,2.0,2.0,2.0,2.0,450000.0,1.0,4.0,5.0,2.0,3500000.0,3000000.0,1.0,2000000.0,185000.0,3.0,130648.25,436816.0,742.0
11,2.0,1.0,4.0,1.0,4.0,1.0,30.0,50000.0,3.0,3.0,2.0,2.0,2.0,2.0,0.0,2.0,4.0,6.0,2.0,3000000.0,2000000.0,1.0,1500000.0,300000.0,1.0,45995.3,88645.0,747.0
11,7.0,1.0,5.0,1.0,4.0,1.0,30.0,120000.0,3.0,3.0,2.0,2.0,2.0,2.0,0.0,2.0,1.0,6.0,2.0,6500000.0,5500000.0,1.0,4000000.0,241000.0,3.0,126517.75,500755.0,743.0
11,4.0,1.0,4.0,2.0,4.0,1.0,30.0,100000.0,3.0,3.0,2.0,2.0,1.0,2.0,1000000.0,1.0,4.0,6.0,2.0,5000000.0,4000000.0,1.0,2000000.0,164300.0,3.0,57502.35,372275.0,748.0
11,5.0,1.0,5.0,1.0,4.0,1.0,30.0,100000.0,2.0,2.0,2.0,2.0,2.0,2.0,700000.0,1.0,4.0,5.0,2.0,6500000.0,5000000.0,1.0,4000000.0,192000.0,4.0,155737.7,591612.0,744.0
11,3.0,1.0,3.0,2.0,4.0,2.0,30.0,150000.0,3.0,3.0,2.0,2.0,2.0,2.0,600000.0,1.0,4.0,6.0,2.0,0.0,0.0,1.0,250000.0,70000.0,3.0,71547.8,189969.0,751.0
11,3.0,3.0,2.0,1.0,4.0,1.0,27.444444444444443,180000.0,3.0,3.0,2.0,2.0,1.0,2.0,700000.0,1.0,4.0,6.0,2.0,0.0,800000.0,1.0,200000.0,410000.0,1.0,69479.1,183903.0,753.0
11,5.0,1.0,4.0,1.0,4.0,2.0,30.0,140000.0,3.0,3.0,2.0,2.0,1.0,2.0,0.0,2.0,4.0,6.0,2.0,0.0,0.0,1.2222222222222223,355041.1111111111,202000.0,2.0,107501.45,189318.0,748.0
11,3.0,1.0,3.0,2.0,4.0,2.0,30.0,75000.0,4.0,3.0,2.0,2.0,2.0,2.0,200000.0,1.0,4.0,4.0,2.0,0.0,0.0,1.0,300000.0,100000.0,1.0,13198.5,115309.0,754.0
11,1.0,1.0,2.0,2.0,4.0,2.0,30.0,80000.0,4.0,3.0,2.0,2.0,1.0,2.0,0.0,2.0,1.0,6.0,2.0,0.0,0.0,1.0,100555.55555555556,60000.0,2.0,37940.1,45715.0,755.0
11,5.0,1.0,5.0,1.0,4.0,1.0,30.444444444444443,240000.0,3.0,2.0,2.0,2.0,2.0,2.0,0.0,2.0,4.0,6.0,2.0,0.0,0.0,1.2222222222222223,341152.77777777775,162000.0,3.0,75856.0,320526.0,746.0
11,4.0,1.0,3.0,2.0,4.0,1.0,30.0,184000.0,3.0,3.0,2.0,2.0,1.0,2.0,1300000.0,1.0,4.0,4.0,2.0,0.0,0.0,1.0,300000.0,230000.0,2.0,80597.0,157483.0,1100753.0
11,6.0,1.0,4.0,1.0,4.0,1.0,25.666666666666668,200000.0,3.0,2.0,2.0,2.0,2.0,2.0,500000.0,1.0,4.0,3.0,2.0,0.0,1000000.0,1.0,150000.0,183000.0,4.0,50192.0,192568.0,743.0
11,4.0,1.0,8.0,2.0,4.0,2.0,30.0,180000.0,3.0,2.0,2.0,2.0,1.0,2.0,0.0,2.0,4.0,6.0,2.0,0.0,0.0,1.2222222222222223,280452.22222222225,152000.0,2.0,95886.6,405913.4,751.0
11,8.0,1.0,2.0,2.0,4.0,2.0,30.0,100000.0,2.0,2.0,2.0,2.0,2.0,2.0,0.0,2.0,4.0,6.0,2.0,0.0,1000000.0,1.0,500000.0,72000.0,2.0,230280.7,163912.0,753.0
11,6.0,1.0,2.0,1.0,4.0,1.0,30.0,140000.0,3.0,2.0,2.0,2.0,2.0,2.0,400000.0,1.0,4.0,5.0,2.0,0.0,700000.0,1.0,400000.0,196600.0,4.0,216047.3,251946.0,748.0
11,4.0,1.0,3.0,1.0,4.0,1.0,30.0,170000.0,3.0,2.0,2.0,2.0,2.0,2.0,0.0,2.0,4.0,4.0,2.0,0.0,800000.0,1.0,400000.0,265000.0,4.0,148683.05,205483.0,746.0
11,3.0,1.0,3.0,1.0,4.0,2.0,30.0,60000.0,3.0,3.0,2.0,2.0,2.0,2.0,80000.0,1.0,4.0,6.0,2.0,0.0,400000.0,1.0,200000.0,85000.0,2.0,82854.75,62603.0,753.0
11,3.0,1.0,2.0,1.0,4.0,2.0,30.0,100000.0,2.0,2.0,2.0,2.0,2.0,2.0,0.0,2.0,4.0,6.0,2.0,0.0,500000.0,1.0,250000.0,130000.0,1.0,114583.9,77900.0,748.0
11,6.0,1.0,3.0,1.0,4.0,2.0,30.0,120000.0,3.0,2.0,2.0,2.0,2.0,2.0,4000000.0,1.0,4.0,5.0,2.0,0.0,1000000.0,1.0,500000.0,138000.0,2.0,200846.65,73357.0,745.0
11,4.0,1.0,2.0,1.0,4.0,1.0,30.0,220000.0,2.0,2.0,2.0,2.0,2.0,2.0,850000.0,1.0,4.0,3.0,2.0,0.0,1000000.0,1.0,500000.0,300000.0,2.0,208462.95,222226.0,747.0
11,6.0,1.0,3.0,1.0,4.0,1.0,30.0,150000.0,2.0,2.0,2.0,2.0,2.0,2.0,1000000.0,1.0,4.0,5.0,2.0,0.0,1000000.0,1.0,500000.0,180000.0,2.0,184829.1,163465.0,745.0
11,5.0,1.0,3.0,1.0,4.0,2.0,30.0,160000.0,2.0,2.0,2.0,2.0,2.0,2.0,0.0,2.0,4.0,6.0,2.0,0.0,1000000.0,1.0,500000.0,411000.0,3.0,173627.515,264296.0,749.0
11,3.0,1.0,4.0,1.0,4.0,2.0,30.0,180000.0,3.0,3.0,2.0,2.0,2.0,2.0,0.0,2.0,4.0,1.0,2.0,1000000.0,800000.0,1.0,200000.0,120000.0,1.0,102763.55,242882.0,747.0
11,3.0,1.0,5.0,1.0,4.0,1.0,30.0,120000.0,3.0,2.0,2.0,2.0,1.0,2.0,0.0,2.0,4.0,1.0,2.0,1200000.0,800000.0,1.0,200000.0,160000.0,1.0,77986.7,207293.0,742.0
11,3.0,1.0,6.0,2.0,4.0,2.0,30.0,120000.0,3.0,3.0,2.0,2.0,2.0,2.0,0.0,2.0,4.0,1.0,2.0,1000000.0,800000.0,1.0,160000.0,150000.0,1.0,92479.9,60073.0,747.0
11,4.0,1.0,5.0,1.0,4.0,2.0,30.0,160000.0,3.0,3.0,2.0,2.0,1.0,2.0,0.0,2.0,1.0,1.0,2.0,10000000.0,1000000.0,1.0,250000.0,250000.0,1.0,117688.95,139452.0,360745.0
11,1.0,1.0,3.0,2.0,4.0,2.0,30.0,100000.0,3.0,3.0,2.0,2.0,2.0,2.0,0.0,2.0,4.0,1.0,2.0,800000.0,600000.0,1.0,42000.0,42000.0,1.0,97070.6,90802.0,753.0
11,2.0,1.0,3.0,2.0,4.0,2.0,30.0,120000.0,3.0,3.0,2.0,2.0,2.0,2.0,0.0,2.0,4.0,1.0,2.0,800000.0,600000.0,1.0,90000.0,90000.0,2.0,100052.1,60465.0,752.0
11,6.0,1.0,5.0,1.0,4.0,2.0,30.0,160000.0,3.0,2.0,2.0,2.0,2.0,2.0,0.0,2.0,4.0,1.0,2.0,2000000.0,1000000.0,1.0,200000.0,223000.0,4.0,106466.5,191925.5,742.0
11,2.0,1.0,5.0,1.0,4.0,1.0,30.0,160000.0,3.0,1.0,2.0,2.0,1.0,2.0,0.0,2.0,4.0,1.0,2.0,2000000.0,1000000.0,1.0,100000.0,100000.0,1.0,80952.05,277312.0,746.0
11,4.0,1.0,5.0,1.0,4.0,2.0,30.0,160000.0,3.0,3.0,2.0,2.0,1.0,2.0,0.0,2.0,1.0,1.0,2.0,1500000.0,1000000.0,1.0,200000.0,159000.0,2.0,67844.9,162707.0,747.0
11,5.0,1.0,3.0,1.0,4.0,1.0,30.0,100000.0,3.0,2.0,2.0,2.0,1.0,2.0,0.0,2.0,4.0,4.0,2.0,4500000.0,3000000.0,1.0,200000.0,500.0,1.0,83856.1,199531.0,742.0
11,5.0,1.0,3.0,1.0,4.0,2.0,30.0,120000.0,2.0,2.0,2.0,1.0,1.0,2.0,0.0,2.0,4.0,4.0,2.0,5000000.0,3000000.0,1.0,250000.0,39000.0,2.0,88489.3,191553.0,743.0
11,5.0,1.0,5.0,2.0,4.0,1.0,30.0,90000.0,3.0,2.0,2.0,2.0,2.0,2.0,0.0,2.0,1.0,4.0,2.0,2500000.0,1000000.0,1.0,250000.0,286000.0,2.0,80096.5,216321.0,742.0
11,5.0,1.0,5.0,1.0,4.0,2.0,30.0,100000.0,2.0,2.0,2.0,2.0,1.0,2.0,0.0,2.0,4.0,4.0,2.0,4000000.0,300000.0,1.0,250000.0,218500.0,2.0,109980.7,67087.0,744.0
11,5.0,1.0,4.0,2.0,4.0,2.0,30.0,80000.0,3.0,2.0,2.0,2.0,2.0,2.0,0.0,2.0,4.0,4.0,2.0,4500000.0,3000000.0,1.0,250000.0,213000.0,3.0,75851.8,79295.0,745.0
11,2.0,1.0,3.0,2.0,4.0,2.0,30.0,140000.0,2.0,2.0,2.0,2.0,1.0,2.0,0.0,2.0,4.0,4.0,2.0,2500000.0,1500000.0,1.0,160000.0,215200.0,2.0,62603.3,111923.0,751.0
11,2.0,1.0,5.0,1.0,4.0,2.0,30.0,140000.0,2.0,2.0,2.0,2.0,1.0,2.0,0.0,2.0,4.0,4.0,2.0,2500000.0,1500000.0,1.0,150000.0,84500.0,2.0,108585.8,113000.0,745.0
11,4.0,1.0,4.0,1.0,4.0,2.0,30.0,120000.0,2.0,2.0,2.0,2.0,1.0,2.0,0.0,2.0,4.0,4.0,2.0,4500000.0,1000000.0,1.0,150000.0,150000.0,1.0,102222.9,119582.0,744.0
11,7.0,1.0,5.0,2.0,4.0,2.0,30.0,100000.0,2.0,2.0,2.0,1.0,2.0,2.0,0.0,2.0,4.0,4.0,2.0,4000000.0,3000000.0,1.0,250000.0,142000.0,3.0,129835.5,193786.0,749.0
11,5.0,1.0,5.0,1.0,4.0,1.0,30.0,78000.0,2.0,2.0,2.0,2.0,1.0,2.0,0.0,2.0,4.0,6.0,2.0,0.0,1000000.0,1.0,314444.44444444444,69000.0,2.0,151533.56,261630.0,742.0
11,5.0,1.0,4.0,1.0,4.0,1.0,30.0,120000.0,3.0,3.0,2.0,2.0,1.0,2.0,0.0,2.0,4.0,6.0,2.0,0.0,1000000.0,1.0,200000.0,85000.0,3.0,145091.95,279124.0,745.0
11,5.0,1.0,4.0,1.0,4.0,1.0,30.0,90000.0,3.0,2.0,2.0,1.0,2.0,2.0,0.0,2.0,4.0,6.0,2.0,0.0,1500000.0,1.0,200000.0,123000.0,2.0,148706.52,291260.0,743.0
11,6.0,1.0,3.0,1.0,4.0,2.0,30.0,120000.0,3.0,2.0,2.0,1.0,1.0,2.0,0.0,2.0,4.0,6.0,2.0,0.0,1000000.0,1.0,250000.0,332000.0,2.0,89123.45,151245.0,745.0
11,4.0,1.0,5.0,1.0,4.0,1.0,30.0,160000.0,2.0,2.0,2.0,2.0,2.0,2.0,0.0,2.0,4.0,4.0,2.0,0.0,1000000.0,1.0,270000.0,155000.0,2.0,97174.1,288135.0,743.0
11,3.0,1.0,3.0,1.0,4.0,2.0,30.0,110000.0,3.0,3.0,2.0,2.0,1.0,2.0,0.0,2.0,4.0,4.0,2.0,0.0,1300000.0,1.0,200000.0,90000.0,3.0,103824.75,132741.0,744.0
11,7.0,1.0,5.0,1.0,4.0,2.0,30.0,200000.0,3.0,2.0,2.0,2.0,1.0,2.0,0.0,2.0,4.0,4.0,2.0,0.0,1000000.0,1.0,400000.0,149000.0,4.0,126491.5,155234.0,745.0
11,5.0,1.0,4.0,1.0,4.0,2.0,30.0,200000.0,3.0,2.0,2.0,2.0,2.0,2.0,0.0,2.0,4.0,4.0,2.0,0.0,1000000.0,1.0,300000.0,160000.0,1.0,137276.45,158580.0,745.0
11,6.0,1.0,4.0,1.0,4.0,2.0,30.0,140000.0,3.0,2.0,2.0,2.0,1.0,2.0,0.0,2.0,4.0,4.0,2.0,2000000.0,1000000.0,1.0,260000.0,160000.0,2.0,125531.7,140105.0,743.0
11,1.0,1.0,1.0,2.0,4.0,2.0,30.0,65000.0,3.0,2.0,2.0,2.0,2.0,2.0,200000.0,1.0,4.0,4.0,2.0,300000.0,200000.0,1.0,100000.0,227000.0,2.0,103826.89,111497.0,748.0
11,1.0,1.0,1.0,2.0,2.0,2.0,30.0,65000.0,4.0,2.0,2.0,2.0,2.0,2.0,50000.0,1.0,4.0,4.0,2.0,300000.0,200000.0,1.0,85000.0,85000.0,1.0,94760.13,143549.0,751.0
11,5.0,1.0,4.0,1.0,4.0,1.0,30.0,125000.0,4.0,2.0,2.0,2.0,1.0,2.0,300000.0,1.0,4.0,4.0,2.0,1500000.0,1000000.0,1.0,400000.0,232000.0,4.0,94989.55,586944.0,744.0
11,2.0,1.0,3.0,2.0,4.0,2.0,30.0,60000.0,4.0,2.0,2.0,2.0,1.0,2.0,20000.0,1.0,4.0,5.0,2.0,300000.0,200000.0,1.0,100000.0,40000.0,1.0,85270.8,82054.0,751.0
11,6.0,1.0,3.0,1.0,4.0,2.0,30.0,130000.0,3.0,2.0,2.0,2.0,1.0,2.0,120000.0,1.0,1.0,4.0,1.0,1200000.0,800000.0,1.0,400000.0,108500.0,3.0,108659.27,350379.0,746.0
11,4.0,1.0,3.0,1.0,4.0,2.0,30.0,140000.0,3.0,2.0,2.0,2.0,1.0,2.0,270000.0,1.0,4.0,3.0,2.0,1000000.0,600000.0,1.0,300000.0,210000.0,2.0,135254.95,281038.0,745.0
11,1.0,1.0,1.0,2.0,4.0,2.0,30.0,70000.0,3.0,2.0,2.0,2.0,1.0,2.0,0.0,1.0,4.0,4.0,2.0,250000.0,150000.0,1.0,60000.0,47000.0,2.0,108904.4,114104.0,750.0
11,3.0,1.0,3.0,2.0,4.0,2.0,30.0,120000.0,4.0,2.0,2.0,2.0,2.0,2.0,200000.0,1.0,4.0,4.0,2.0,800000.0,500000.0,1.0,200000.0,122000.0,3.0,62750.95,126551.0,749.0
11,2.0,1.0,3.0,1.0,4.0,1.0,30.0,100000.0,3.0,2.0,2.0,2.0,1.0,2.0,0.0,2.0,4.0,5.0,2.0,400000.0,250000.0,1.0,120000.0,105000.0,2.0,96375.52,253289.0,745.0
11,4.0,1.0,5.0,1.0,4.0,2.0,30.0,120000.0,3.0,2.0,2.0,1.0,1.0,2.0,20000.0,1.0,4.0,6.0,2.0,600000.0,300000.0,1.0,100000.0,100000.0,1.0,151408.5,176984.0,480748.0
11,6.0,1.0,8.0,1.0,4.0,2.0,30.0,150000.0,3.0,2.0,2.0,1.0,1.0,1.0,0.0,2.0,4.0,6.0,2.0,1000000.0,600000.0,1.0,200000.0,93000.0,3.0,260413.52,500912.0,746.0
11,7.0,1.0,2.0,1.0,4.0,1.0,30.0,7.0,3.0,2.0,2.0,1.0,1.0,1.0,0.0,2.0,4.0,6.0,2.0,0.0,0.0,1.0,100000.0,26400.0,1.0,47774.95,315603.0,747.0
11,4.0,1.0,2.0,1.0,4.0,2.0,30.0,150000.0,4.0,3.0,2.0,1.0,1.0,2.0,0.0,2.0,1.0,2.0,2.0,600000.0,300000.0,1.0,100000.0,89000.0,2.0,83283.38,230536.0,741.0
11,6.0,1.0,3.0,1.0,4.0,1.0,30.0,200000.0,3.0,2.0,2.0,1.0,1.0,2.0,60000.0,1.0,4.0,6.0,2.0,0.0,600000.0,1.0,200000.0,190000.0,2.0,203690.6,174005.0,744.0
11,3.0,4.0,2.0,1.0,4.0,2.0,30.0,150000.0,4.0,2.0,2.0,1.0,1.0,2.0,7000.0,1.0,4.0,2.0,2.0,2000000.0,600000.0,1.0,200000.0,25000.0,1.0,90418.05,227864.0,748.0
11,2.0,4.0,2.0,1.0,4.0,2.0,30.0,100000.0,4.0,2.0,2.0,1.0,1.0,2.0,150000.0,1.0,4.0,3.0,2.0,0.0,0.0,1.0,100000.0,61000.0,3.0,75244.85,809575.0,460749.0
11,2.0,4.0,2.0,2.0,4.0,2.0,30.0,80000.0,4.0,2.0,2.0,1.0,1.0,2.0,0.0,2.0,4.0,2.0,2.0,600000.0,300000.0,1.0,150000.0,200000.0,1.0,128127.0,570144.0,748.0
11,9.0,4.0,2.0,1.0,4.0,2.0,30.0,100000.0,4.0,2.0,2.0,1.0,1.0,2.0,220000.0,1.0,1.0,2.0,2.0,0.0,0.0,1.0,200000.0,123000.0,3.0,135969.7,245605.0,800749.0
11,1.0,1.0,3.0,2.0,4.0,2.0,30.0,45000.0,2.0,3.0,2.0,2.0,1.0,2.0,0.0,2.0,4.0,5.0,2.0,0.0,150000.0,1.0,50000.0,69000.0,2.0,81850.65,104678.0,749.0
11,5.0,1.0,3.0,1.0,3.0,1.0,30.0,155000.0,2.0,2.0,2.0,2.0,1.0,2.0,0.0,2.0,4.0,1.0,2.0,600000.0,400000.0,1.0,250000.0,250100.0,3.0,280256.05,396479.0,744.0
11,7.0,1.0,3.0,1.0,4.0,2.0,30.0,150000.0,3.0,3.0,2.0,2.0,2.0,2.0,30000.0,1.0,4.0,6.0,2.0,0.0,300000.0,1.0,150000.0,200000.0,3.0,111567.51,148938.0,746.0
11,4.0,3.0,4.0,1.0,4.0,2.0,30.0,50000.0,3.0,3.0,2.0,2.0,1.0,2.0,600000.0,1.0,1.0,5.0,2.0,500000.0,300000.0,1.0,150000.0,130000.0,3.0,116327.72,109297.0,748.0
11,4.0,1.0,4.0,1.0,2.0,1.0,30.0,200000.0,2.0,3.0,2.0,2.0,2.0,2.0,200000.0,1.0,4.0,2.0,2.0,0.0,600000.0,1.0,200000.0,120000.0,1.0,218190.0,365388.0,744.0
11,6.0,1.0,3.0,1.0,4.0,1.0,30.0,100000.0,2.0,3.0,2.0,2.0,2.0,2.0,0.0,2.0,4.0,2.0,2.0,600000.0,400000.0,1.0,200000.0,257000.0,4.0,130808.56,190882.0,742.0
11,2.0,1.0,1.0,1.0,4.0,2.0,30.0,45000.0,2.0,1.0,2.0,2.0,2.0,2.0,0.0,2.0,1.0,3.0,2.0,500000.0,300000.0,1.0,100000.0,101000.0,3.0,128833.9,128841.0,28752.0
11,2.0,1.0,4.0,2.0,4.0,2.0,30.0,75000.0,4.0,3.0,2.0,1.0,2.0,2.0,0.0,2.0,1.0,5.0,2.0,300000.0,250000.0,1.0,70000.0,89000.0,3.0,108120.8,77566.0,750.0
11,3.0,3.0,3.0,2.0,4.0,2.0,30.0,60000.0,5.0,3.0,2.0,2.0,2.0,2.0,0.0,2.0,4.0,2.0,2.0,0.0,500000.0,1.0,200000.0,60000.0,1.0,66185.9,112984.0,752.0
11,2.0,1.0,4.0,2.0,4.0,2.0,30.0,7.0,3.0,3.0,2.0,1.0,2.0,2.0,0.0,2.0,1.0,1.0,2.0,0.0,300000.0,1.0,120000.0,61000.0,3.0,25207.7,51733.0,748.0
11,4.0,5.0,3.0,2.0,4.0,2.0,30.0,7.0,5.0,3.0,2.0,2.0,2.0,2.0,100000.0,1.0,1.0,6.0,2.0,0.0,0.0,1.0,150000.0,76000.0,2.0,142862.185,98359.5,750.0
11,1.0,1.0,1.0,2.0,4.0,2.0,30.0,48000.0,4.0,3.0,2.0,2.0,1.0,2.0,0.0,2.0,1.0,6.0,2.0,0.0,0.0,1.0,50000.0,49000.0,2.0,84347.94,55195.0,753.0
11,1.0,1.0,2.0,2.0,4.0,2.0,30.0,48000.0,3.0,3.0,2.0,2.0,2.0,2.0,0.0,2.0,1.0,6.0,2.0,0.0,100000.0,1.0,60000.0,52000.0,2.0,66931.33,29668.0,751.0
11,2.0,1.0,5.0,2.0,4.0,2.0,30.0,60000.0,4.0,3.0,2.0,2.0,2.0,2.0,0.0,2.0,1.0,6.0,2.0,0.0,0.0,1.0,100000.0,79000.0,3.0,64959.3,47753.0,751.0
11,1.0,1.0,2.0,2.0,4.0,2.0,30.0,48000.0,5.0,3.0,2.0,2.0,2.0,2.0,0.0,2.0,1.0,6.0,2.0,0.0,0.0,1.0,70000.0,49000.0,2.0,73593.2,63336.0,750.0
11,1.0,1.0,3.0,2.0,4.0,2.0,30.0,60000.0,3.0,3.0,2.0,2.0,1.0,2.0,0.0,2.0,4.0,6.0,2.0,0.0,0.0,1.0,80000.0,42000.0,1.0,62978.35,20844.0,755.0
11,4.0,1.0,3.0,1.0,4.0,2.0,30.0,7.0,3.0,3.0,2.0,2.0,2.0,2.0,35000.0,1.0,1.0,6.0,2.0,0.0,0.0,1.0,100000.0,28000.0,1.0,82177.78,55916.0,750.0
11,5.0,1.0,3.0,1.0,4.0,1.0,30.0,40000.0,5.0,3.0,2.0,2.0,2.0,2.0,0.0,2.0,1.0,5.0,2.0,0.0,0.0,1.0,150000.0,65000.0,2.0,100100.99,129511.0,744.0
11,7.0,1.0,4.0,2.0,4.0,2.0,30.0,120000.0,4.0,3.0,2.0,2.0,2.0,2.0,20000.0,1.0,1.0,6.0,2.0,6000.0,3000.0,1.0,150000.0,137000.0,3.0,60319.55,71166.0,752.0
11,1.0,1.0,1.0,2.0,4.0,2.0,30.0,59112.666666666664,3.0,3.0,2.0,2.0,1.0,2.0,10000.0,1.0,1.0,6.0,2.0,0.0,200000.0,1.0,100000.0,41000.0,2.0,44941.01,39104.0,755.0
11,2.0,1.0,2.0,1.0,4.0,2.0,30.0,95000.0,4.0,3.0,2.0,2.0,1.0,2.0,20000.0,1.0,4.0,4.0,2.0,6000.0,3000.0,1.0,100000.0,28000.0,2.0,83756.7,127503.0,744.0
11,2.0,1.0,2.0,1.0,4.0,2.0,30.0,80000.0,2.0,2.0,2.0,2.0,2.0,2.0,15000.0,1.0,4.0,6.0,2.0,5000.0,2500.0,1.0,100000.0,90000.0,2.0,209165.23,196082.0,560747.0
11,3.0,1.0,1.0,1.0,4.0,2.0,30.0,60000.0,3.0,3.0,2.0,2.0,1.0,2.0,20000.0,1.0,1.0,6.0,2.0,5000.0,2000.0,1.0,50000.0,73000.0,3.0,83165.05,106089.0,747.0
11,4.0,1.0,2.0,1.0,4.0,2.0,30.0,120000.0,3.0,2.0,2.0,2.0,2.0,2.0,15000.0,1.0,1.0,2.0,2.0,10000.0,5000.0,1.0,100000.0,330000.0,3.0,287428.58,375055.0,745.0
11,1.0,1.0,1.0,2.0,4.0,2.0,30.0,30000.0,3.0,3.0,2.0,2.0,1.0,2.0,25000.0,1.0,1.0,6.0,2.0,2000.0,1000.0,1.0,50000.0,33000.0,2.0,50175.43,16143.0,752.0
11,2.0,1.0,2.0,2.0,4.0,2.0,30.0,50000.0,3.0,3.0,2.0,2.0,2.0,2.0,10000.0,1.0,4.0,6.0,2.0,500000.0,200000.0,1.0,100000.0,90000.0,1.0,81024.5,54948.0,747.0
11,2.0,1.0,1.0,1.0,4.0,2.0,30.0,7.0,2.0,2.0,2.0,2.0,1.0,2.0,0.0,1.0,4.0,6.0,2.0,5000.0,2000.0,1.0,100000.0,160000.0,2.0,85413.8,36465.0,747.0
11,7.0,1.0,4.0,1.0,4.0,2.0,30.0,150000.0,4.0,3.0,2.0,2.0,1.0,2.0,0.0,2.0,4.0,4.0,2.0,0.0,2000.0,1.0,203333.33333333337,189000.0,5.0,140851.45,74264.0,742.0
11,7.0,1.0,4.0,1.0,4.0,1.0,30.0,200000.0,3.0,2.0,2.0,2.0,2.0,2.0,0.0,2.0,4.0,3.0,2.0,0.0,500000.0,0.8888888888888888,266666.6666666667,380000.0,3.0,188259.9,441773.0,742.0
11,1.0,1.0,3.0,2.0,4.0,2.0,30.0,100000.0,3.0,3.0,2.0,2.0,1.0,2.0,0.0,2.0,1.0,6.0,2.0,500000.0,150000.0,1.0,85000.0,75100.0,3.0,108657.3,190182.0,749.0
11,5.0,1.0,3.0,1.0,4.0,2.0,30.0,170000.0,3.0,3.0,2.0,2.0,1.0,2.0,0.0,2.0,4.0,3.0,2.0,0.0,250000.0,1.0,115000.0,210000.0,4.0,161668.35,512462.0,743.0
11,1.0,3.0,3.0,1.0,2.0,2.0,30.0,87556.33333333333,3.0,3.0,2.0,1.0,2.0,2.0,0.0,2.0,4.0,6.0,2.0,0.0,300000.0,1.0,186666.66666666663,450000.0,1.0,172298.025,191677.0,742.0
11,6.0,1.0,4.0,1.0,4.0,2.0,30.0,200000.0,3.0,2.0,2.0,2.0,2.0,2.0,300000.0,1.0,4.0,6.0,2.0,5000.0,2000.0,1.4444444444444444,386195.0,360000.0,4.0,85112.8,323678.0,741.0
11,7.0,1.0,3.0,1.0,4.0,1.0,30.0,130000.0,3.0,2.0,2.0,2.0,1.0,2.0,500000.0,1.0,1.0,6.0,2.0,0.0,2000.0,1.2222222222222223,347753.3333333333,241000.0,5.0,148443.15,321534.0,740.0
11,6.0,1.0,4.0,1.0,4.0,2.0,30.0,200000.0,3.0,3.0,2.0,2.0,1.0,2.0,500000.0,1.0,1.0,4.0,2.0,0.0,2000.0,1.0,281111.1111111111,74000.0,3.0,60528.9,255769.0,744.0
11,4.0,1.0,1.0,1.0,4.0,2.0,30.0,120000.0,3.0,2.0,2.0,2.0,2.0,2.0,0.0,2.0,1.0,6.0,2.0,0.0,1500.0,1.2222222222222223,240604.22222222225,172000.0,2.0,63021.3,115226.0,740.0
11,3.0,1.0,6.0,1.0,4.0,1.0,30.0,150000.0,3.0,3.0,2.0,2.0,2.0,2.0,0.0,2.0,4.0,6.0,1.0,0.0,750000.0,1.0,250000.0,600000.0,3.0,79712.3,445674.0,746.0
11,5.0,1.0,3.0,1.0,4.0,1.0,30.0,150000.0,3.0,3.0,2.0,2.0,2.0,2.0,0.0,2.0,4.0,6.0,2.0,0.0,500000.0,1.0,200000.0,250000.0,3.0,116970.55,415881.0,746.0
11,7.0,1.0,4.0,1.0,4.0,2.0,30.0,200000.0,4.0,3.0,2.0,2.0,2.0,2.0,0.0,2.0,4.0,6.0,2.0,1000000.0,800000.0,1.0,300000.0,980000.0,3.0,122496.5,224515.0,748.0
11,4.0,1.0,5.0,1.0,4.0,2.0,30.0,500000.0,2.0,3.0,2.0,2.0,2.0,2.0,500000.0,1.0,4.0,6.0,2.0,0.0,0.0,1.0,300000.0,454000.0,3.0,142193.82,428164.0,748.0
11,4.0,1.0,7.0,1.0,4.0,1.0,30.0,7.0,3.0,3.0,2.0,1.0,2.0,2.0,0.0,2.0,4.0,6.0,2.0,0.0,0.0,1.0,300000.0,434000.0,2.0,165508.7,382246.0,746.0
11,4.0,1.0,5.0,2.0,4.0,1.0,30.0,600000.0,2.0,3.0,2.0,2.0,2.0,2.0,750000.0,2.0,4.0,6.0,2.0,0.0,500000.0,1.0,200000.0,380000.0,2.0,85500.9,302803.0,748.0
11,6.0,1.0,5.0,1.0,4.0,1.0,30.0,100000.0,3.0,3.0,2.0,2.0,2.0,2.0,1440000.0,1.0,4.0,6.0,1.0,0.0,0.0,1.0,400000.0,1660000.0,5.0,117277.4,667547.0,747.0
11,4.0,1.0,5.0,1.0,4.0,1.0,30.0,400000.0,3.0,3.0,2.0,2.0,2.0,2.0,600000.0,1.0,4.0,6.0,2.0,1000000.0,500000.0,1.0,300000.0,300000.0,1.0,90235.4,399003.0,743.0
11,7.0,1.0,5.0,1.0,4.0,1.0,30.0,220000.0,3.0,3.0,2.0,2.0,1.0,2.0,0.0,2.0,4.0,3.0,2.0,1000000.0,500000.0,1.0,200000.0,115000.0,3.0,116048.2,387670.0,746.0
11,6.0,1.0,4.0,1.0,3.0,1.0,30.0,250000.0,2.0,2.0,2.0,2.0,1.0,2.0,0.0,2.0,4.0,6.0,2.0,10000.0,5000.0,1.0,300000.0,348000.0,3.0,293667.05,768474.0,745.0
11,4.0,3.0,4.0,1.0,4.0,1.0,30.0,70000.0,2.0,3.0,2.0,2.0,2.0,2.0,0.0,2.0,4.0,1.0,2.0,0.0,550000.0,1.0,200000.0,400000.0,2.0,266654.4,554948.0,746.0
11,2.0,1.0,3.0,2.0,4.0,1.0,30.0,80000.0,3.0,3.0,2.0,2.0,1.0,2.0,0.0,2.0,4.0,6.0,2.0,0.0,150000.0,1.0,80000.0,120000.0,1.0,192812.95,372093.0,751.0
11,3.0,5.0,2.0,2.0,4.0,2.0,30.0,7.0,4.0,3.0,2.0,2.0,1.0,2.0,150000.0,1.0,4.0,3.0,2.0,0.0,200000.0,1.0,60000.0,90000.0,2.0,187099.83,50856.0,755.0
11,4.0,3.0,1.0,1.0,4.0,2.0,30.0,7.0,4.0,3.0,2.0,2.0,1.0,2.0,0.0,2.0,4.0,6.0,2.0,600000.0,350000.0,1.0,80000.0,10000.0,1.0,194592.65,232019.0,751.0
11,4.0,3.0,3.0,1.0,4.0,2.0,30.0,100000.0,3.0,3.0,2.0,2.0,2.0,2.0,0.0,2.0,4.0,6.0,2.0,0.0,300000.0,1.0,100000.0,105000.0,3.0,191638.4,328721.0,757.0
11,1.0,1.0,4.0,2.0,4.0,2.0,30.0,50000.0,3.0,3.0,2.0,2.0,2.0,2.0,50000.0,1.0,4.0,6.0,2.0,0.0,100000.0,1.0,45000.0,49000.0,1.0,87885.45,14219.0,755.0
11,4.0,1.0,3.0,1.0,4.0,2.0,30.0,160000.0,2.0,2.0,2.0,2.0,2.0,2.0,0.0,2.0,4.0,6.0,2.0,650000.0,350000.0,1.0,120000.0,250000.0,2.0,239917.4,343605.0,745.0
11,4.0,1.0,2.0,1.0,4.0,2.0,30.0,120000.0,4.0,3.0,2.0,2.0,2.0,2.0,150000.0,1.0,4.0,6.0,2.0,0.0,400000.0,1.0,160000.0,192500.0,2.0,266013.8,327860.0,745.0
11,1.0,2.0,2.0,2.0,4.0,2.0,30.0,50000.0,3.0,3.0,2.0,2.0,2.0,2.0,0.0,2.0,4.0,6.0,2.0,0.0,0.0,1.0,120000.0,78000.0,2.0,135195.7,76397.0,753.0
11,2.0,1.0,3.0,2.0,4.0,2.0,30.0,80000.0,3.0,3.0,2.0,2.0,1.0,2.0,0.0,2.0,4.0,6.0,2.0,0.0,0.0,1.0,200000.0,179000.0,3.0,147290.67,29797.0,750.0
11,4.0,2.0,3.0,1.0,4.0,2.0,30.0,200000.0,2.0,3.0,2.0,2.0,2.0,2.0,0.0,2.0,4.0,6.0,2.0,0.0,0.0,1.0,291111.1111111111,207000.0,4.0,215968.23,175453.0,745.0
11,2.0,1.0,3.0,1.0,4.0,2.0,30.0,140000.0,2.0,2.0,2.0,2.0,2.0,2.0,0.0,2.0,4.0,6.0,2.0,0.0,0.0,1.4444444444444444,249492.0,124000.0,2.0,169699.9,163944.0,747.0
11,4.0,1.0,3.0,1.0,4.0,1.0,30.0,120000.0,2.0,2.0,2.0,2.0,2.0,2.0,0.0,2.0,4.0,6.0,2.0,0.0,0.0,1.0,260000.0,260000.0,2.0,218471.635,178218.5,744.0
11,5.0,1.0,2.0,1.0,4.0,2.0,30.0,200000.0,2.0,2.0,2.0,2.0,1.0,2.0,0.0,2.0,4.0,6.0,2.0,0.0,2000.0,1.0,200000.0,218000.0,3.0,221329.67,121431.5,746.0
11,4.0,2.0,2.0,1.0,4.0,2.0,30.0,150000.0,3.0,3.0,2.0,2.0,2.0,2.0,0.0,2.0,1.0,6.0,2.0,2000.0,1500.0,1.0,100000.0,108000.0,2.0,165365.4,140085.0,746.0
11,4.0,1.0,3.0,1.0,4.0,2.0,30.0,180000.0,2.0,3.0,2.0,2.0,2.0,2.0,0.0,2.0,4.0,6.0,2.0,0.0,0.0,1.2222222222222223,326845.0,176000.0,2.0,229208.92,144677.5,746.0
11,1.0,1.0,2.0,2.0,4.0,2.0,30.0,60000.0,3.0,3.0,2.0,2.0,2.0,2.0,0.0,2.0,1.0,2.0,2.0,0.0,0.0,1.0,100000.0,62000.0,2.0,108852.15,62504.0,751.0
11,6.0,2.0,3.0,2.0,4.0,2.0,31.0,150000.0,4.0,2.0,2.0,2.0,2.0,2.0,0.0,2.0,1.0,6.0,2.0,0.0,1000000.0,1.0,200000.0,112000.0,3.0,129245.2,130402.0,754.0
11,6.0,2.0,3.0,2.0,4.0,1.0,31.0,200000.0,4.0,2.0,2.0,2.0,1.0,2.0,0.0,2.0,4.0,3.0,2.0,0.0,800000.0,1.0,250000.0,150000.0,2.0,188432.3,636119.0,749.0
11,4.0,2.0,3.0,1.0,4.0,2.0,31.0,200000.0,3.0,2.0,2.0,2.0,2.0,2.0,0.0,2.0,4.0,3.0,2.0,0.0,800000.0,1.0,200000.0,150000.0,3.0,232805.8,217091.0,750.0
11,2.0,1.0,3.0,2.0,4.0,2.0,30.0,140000.0,4.0,2.0,2.0,2.0,1.0,2.0,0.0,2.0,1.0,6.0,2.0,0.0,500000.0,1.0,200000.0,47000.0,2.0,130472.15,79648.0,754.0
11,3.0,2.0,2.0,2.0,4.0,2.0,31.0,70000.0,3.0,2.0,2.0,2.0,2.0,2.0,0.0,2.0,1.0,6.0,2.0,0.0,800000.0,1.0,200000.0,116000.0,4.0,167225.51,81528.0,751.0
11,3.0,2.0,2.0,1.0,4.0,2.0,31.0,60000.0,3.0,2.0,2.0,2.0,1.0,2.0,0.0,2.0,1.0,6.0,2.0,0.0,600000.0,1.0,250000.0,51000.0,3.0,125130.45,92457.0,750.0
11,5.0,2.0,2.0,1.0,4.0,2.0,31.0,190000.0,4.0,2.0,2.0,2.0,1.0,2.0,0.0,2.0,1.0,6.0,2.0,0.0,500000.0,1.0,250000.0,64000.0,2.0,205369.8,142286.0,751.0
11,5.0,2.0,3.0,1.0,4.0,1.0,30.0,200000.0,4.0,2.0,2.0,2.0,1.0,2.0,0.0,2.0,4.0,6.0,2.0,0.0,1000000.0,1.0,200000.0,10000.0,1.0,130814.6,177588.0,749.0
11,3.0,2.0,4.0,1.0,4.0,1.0,31.0,200000.0,4.0,2.0,2.0,2.0,1.0,2.0,0.0,2.0,4.0,6.0,2.0,0.0,2000.0,1.0,200000.0,98000.0,3.0,118353.46,624269.0,749.0
11,5.0,1.0,4.0,1.0,4.0,1.0,28.0,205000.0,3.0,2.0,2.0,2.0,2.0,2.0,0.0,2.0,4.0,6.0,2.0,1000000.0,500000.0,1.0,200000.0,481000.0,3.0,109944.4,378099.0,745.0
11,3.0,1.0,3.0,1.0,4.0,1.0,26.0,180000.0,3.0,2.0,2.0,2.0,1.0,1.0,0.0,2.0,4.0,1.0,2.0,1000000.0,600000.0,1.0,100000.0,140000.0,2.0,82196.22,164415.0,920744.0
11,4.0,1.0,3.0,1.0,4.0,2.0,25.0,180000.0,3.0,2.0,2.0,2.0,1.0,2.0,0.0,2.0,4.0,2.0,2.0,1200000.0,400000.0,1.0,200000.0,45000.0,2.0,140266.67,95538.0,749.0
11,6.0,1.0,4.0,1.0,4.0,1.0,25.0,215000.0,3.0,2.0,2.0,2.0,1.0,2.0,0.0,2.0,4.0,6.0,2.0,0.0,1000000.0,1.0,200000.0,200000.0,3.0,193658.65,287607.0,745.0
11,5.0,1.0,4.0,1.0,2.0,1.0,28.0,210000.0,3.0,2.0,2.0,1.0,1.0,2.0,0.0,2.0,4.0,1.0,2.0,0.0,1000000.0,1.0,180000.0,186250.0,3.0,100542.28,136790.0,280745.0
11,4.0,1.0,3.0,1.0,4.0,2.0,26.0,200000.0,3.0,2.0,2.0,2.0,1.0,2.0,0.0,2.0,4.0,1.0,2.0,1500000.0,800000.0,1.0,150000.0,135150.0,3.0,148433.9,105479.0,360750.0
11,4.0,1.0,4.0,1.0,4.0,1.0,26.0,190000.0,3.0,2.0,2.0,2.0,1.0,2.0,0.0,2.0,4.0,2.0,2.0,1500000.0,800000.0,1.0,150000.0,105250.0,2.0,65409.0,161006.0,760745.0
11,3.0,1.0,4.0,1.0,4.0,1.0,26.0,140000.0,3.0,2.0,2.0,2.0,1.0,2.0,200000.0,1.0,4.0,6.0,2.0,900000.0,500000.0,1.0,100000.0,150000.0,2.0,82966.3,246596.0,746.0
11,4.0,1.0,4.0,1.0,4.0,2.0,26.0,175000.0,3.0,2.0,2.0,2.0,1.0,2.0,800000.0,1.0,4.0,2.0,2.0,1500000.0,800000.0,1.0,200000.0,145100.0,3.0,123885.25,103606.0,748.0
11,3.0,1.0,3.0,2.0,4.0,2.0,15.0,65000.0,3.0,2.0,2.0,2.0,1.0,2.0,0.0,2.0,4.0,1.0,2.0,300000.0,150000.0,1.0,100000.0,100.0,1.0,50162.8,97423.0,753.0
11,6.0,1.0,3.0,1.0,4.0,2.0,15.0,7.0,3.0,2.0,2.0,2.0,2.0,2.0,600000.0,1.0,4.0,1.0,2.0,500000.0,250000.0,1.0,100000.0,65000.0,2.0,46946.7,129928.0,748.0
11,2.0,1.0,2.0,2.0,4.0,2.0,15.0,35000.0,3.0,3.0,2.0,2.0,2.0,2.0,300000.0,1.0,4.0,1.0,2.0,150000.0,100000.0,1.0,60000.0,32000.0,1.0,32904.7,103966.0,753.0
11,3.0,1.0,3.0,2.0,4.0,2.0,15.0,40000.0,3.0,3.0,2.0,2.0,2.0,2.0,400000.0,1.0,4.0,2.0,2.0,400000.0,200000.0,1.0,100000.0,70000.0,1.0,59066.2,178512.0,752.0
11,5.0,1.0,3.0,2.0,4.0,2.0,15.0,35000.0,3.0,3.0,2.0,2.0,1.0,2.0,50000.0,1.0,4.0,2.0,2.0,500000.0,250000.0,1.0,100000.0,45000.0,1.0,51941.0,125942.0,750.0
11,4.0,1.0,2.0,2.0,4.0,2.0,15.0,40000.0,3.0,3.0,2.0,2.0,1.0,2.0,300000.0,1.0,4.0,2.0,2.0,400000.0,200000.0,1.0,80000.0,350.0,1.0,49677.85,138566.0,751.0
11,7.0,1.0,3.0,2.0,4.0,2.0,15.0,60000.0,4.0,3.0,2.0,2.0,1.0,2.0,0.0,2.0,1.0,1.0,2.0,500000.0,300000.0,1.0,10000.0,34000.0,1.0,59613.7,105547.0,755.0
11,3.0,1.0,3.0,1.0,4.0,2.0,15.0,40000.0,3.0,2.0,2.0,2.0,2.0,2.0,200000.0,1.0,4.0,1.0,2.0,400000.0,200000.0,1.0,100000.0,165000.0,3.0,66374.75,154380.0,10748.0
11,4.0,1.0,3.0,2.0,4.0,2.0,15.0,40000.0,3.0,3.0,2.0,2.0,1.0,2.0,300000.0,1.0,4.0,1.0,2.0,400000.0,200000.0,1.0,100000.0,45000.0,1.0,43089.3,128660.0,751.0
11,3.0,1.0,3.0,2.0,4.0,2.0,30.0,100000.0,2.0,2.0,2.0,2.0,2.0,2.0,0.0,2.0,4.0,6.0,2.0,2000000.0,1000000.0,1.0,300000.0,290000.0,2.0,132709.6,151178.0,748.0
11,4.0,1.0,3.0,2.0,4.0,2.0,30.0,80000.0,3.0,3.0,2.0,2.0,2.0,2.0,0.0,2.0,4.0,6.0,2.0,0.0,1000000.0,1.0,280000.0,170000.0,1.0,145474.65,169543.0,745.0
11,4.0,1.0,3.0,1.0,4.0,2.0,30.0,100000.0,3.0,3.0,2.0,1.0,2.0,2.0,0.0,2.0,4.0,6.0,2.0,2000000.0,800000.0,1.0,300000.0,645000.0,3.0,144736.55,121411.0,741.0
11,2.0,1.0,5.0,1.0,4.0,2.0,30.0,90000.0,2.0,2.0,2.0,2.0,2.0,2.0,0.0,2.0,4.0,6.0,2.0,1000000.0,600000.0,1.0,300000.0,776000.0,4.0,139494.0,210957.0,743.0
11,4.0,1.0,3.0,1.0,4.0,2.0,30.0,80000.0,3.0,3.0,2.0,2.0,2.0,2.0,0.0,2.0,4.0,6.0,2.0,0.0,900000.0,1.0,380000.0,140000.0,2.0,149924.45,116445.0,743.0
11,2.0,1.0,3.0,2.0,4.0,2.0,30.0,75000.0,3.0,3.0,2.0,2.0,2.0,2.0,0.0,2.0,4.0,6.0,2.0,900000.0,1700000.0,1.0,500000.0,176000.0,3.0,112336.3,109477.0,745.0
11,4.0,1.0,2.0,1.0,4.0,2.0,30.0,120000.0,3.0,3.0,2.0,2.0,2.0,2.0,0.0,2.0,4.0,6.0,2.0,0.0,800000.0,1.0,400000.0,350000.0,2.0,149245.35,147568.0,745.0
11,5.0,1.0,3.0,1.0,4.0,2.0,30.0,100000.0,2.0,3.0,2.0,2.0,2.0,2.0,0.0,2.0,4.0,6.0,2.0,0.0,2000000.0,1.0,600000.0,370000.0,5.0,157383.97,206457.0,743.0
11,4.0,1.0,3.0,1.0,4.0,2.0,30.0,90000.0,3.0,3.0,2.0,2.0,2.0,2.0,0.0,2.0,4.0,6.0,2.0,1800000.0,800000.0,1.0,500000.0,303000.0,4.0,120553.0,149245.0,745.0
11,10.0,1.0,5.0,1.0,4.0,2.0,30.0,140000.0,3.0,2.0,2.0,2.0,2.0,2.0,0.0,2.0,4.0,2.0,2.0,15000000.0,2000000.0,1.0,350000.0,1082000.0,5.0,58025.6,196148.0,748.0
11,7.0,1.0,3.0,1.0,4.0,2.0,30.0,100000.0,3.0,2.0,2.0,2.0,1.0,2.0,300000.0,1.0,1.0,1.0,2.0,10000000.0,2000000.0,1.0,250000.0,299000.0,3.0,71344.8,190706.0,1200753.0
11,1.0,1.0,3.0,2.0,4.0,2.0,30.0,80000.0,3.0,2.0,2.0,2.0,1.0,2.0,0.0,1.0,4.0,2.0,2.0,1000000.0,350000.0,1.0,80000.0,150.0,1.0,65843.38,101295.0,751.0
11,3.0,1.0,3.0,2.0,4.0,2.0,30.0,85000.0,3.0,3.0,2.0,2.0,2.0,2.0,400000.0,1.0,4.0,2.0,2.0,2000000.0,800000.0,1.0,150000.0,456000.0,2.0,57637.0,166276.0,751.0
11,6.0,1.0,5.0,1.0,4.0,2.0,30.0,100000.0,3.0,2.0,2.0,2.0,1.0,2.0,0.0,2.0,1.0,2.0,2.0,4000000.0,1000000.0,1.0,200000.0,71800.0,3.0,74551.25,200991.0,749.0
11,5.0,1.0,3.0,1.0,4.0,1.0,30.0,90000.0,3.0,2.0,2.0,1.0,2.0,2.0,0.0,2.0,4.0,1.0,2.0,8000000.0,2000000.0,1.0,350000.0,805000.0,3.0,72988.1,426452.0,745.0
11,7.0,1.0,3.0,1.0,4.0,2.0,30.0,120000.0,3.0,2.0,2.0,2.0,1.0,2.0,0.0,2.0,1.0,6.0,2.0,5000000.0,1000000.0,1.0,200000.0,68000.0,3.0,112833.1,230113.0,745.0
11,3.0,1.0,3.0,1.0,4.0,1.0,30.0,100000.0,3.0,2.0,2.0,1.0,2.0,2.0,0.0,2.0,4.0,2.0,2.0,3000000.0,1500000.0,1.0,190000.0,680000.0,3.0,50735.2,290124.0,746.0
11,5.0,1.0,4.0,1.0,4.0,2.0,30.0,100000.0,3.0,2.0,2.0,2.0,1.0,2.0,0.0,2.0,1.0,2.0,2.0,3000000.0,1700000.0,1.0,200000.0,190000.0,2.0,75049.4,165766.0,748.0
11,1.0,1.0,2.0,2.0,4.0,2.0,30.0,30000.0,2.0,3.0,2.0,2.0,1.0,2.0,0.0,2.0,1.0,1.0,2.0,0.0,0.0,1.0,91111.11111111112,57000.0,2.0,58131.15,74897.0,753.0
11,4.0,1.0,1.0,2.0,4.0,2.0,30.0,30000.0,3.0,3.0,2.0,2.0,2.0,2.0,300000.0,1.0,1.0,1.0,2.0,0.0,0.0,1.2222222222222223,171604.66666666666,126000.0,3.0,88211.4,67408.0,751.0
11,1.0,1.0,2.0,2.0,4.0,2.0,30.0,30000.0,2.0,3.0,2.0,2.0,2.0,2.0,0.0,2.0,1.0,1.0,2.0,0.0,0.0,1.0,88333.33333333333,53000.0,2.0,53573.85,70938.0,753.0
11,1.0,1.0,1.0,2.0,4.0,2.0,30.0,40000.0,2.0,3.0,2.0,2.0,1.0,2.0,0.0,2.0,4.0,5.0,2.0,0.0,0.0,1.0,67888.88888888889,40000.0,1.0,55882.8,74557.33333333333,753.0
11,4.0,1.0,3.0,1.0,4.0,1.0,30.0,90000.0,2.0,3.0,2.0,2.0,2.0,2.0,1000000.0,1.0,4.0,6.0,2.0,0.0,0.0,1.0,336666.6666666667,338000.0,2.0,115574.5,160833.0,747.0
11,4.0,1.0,3.0,1.0,4.0,1.0,30.0,180000.0,2.0,3.0,2.0,2.0,2.0,2.0,0.0,2.0,4.0,1.0,2.0,0.0,0.0,1.0,305555.55555555556,405000.0,3.0,138372.11,218018.0,746.0
11,1.0,1.0,3.0,2.0,4.0,2.0,30.0,50000.0,2.0,3.0,2.0,2.0,1.0,2.0,0.0,2.0,4.0,6.0,2.0,0.0,0.0,1.2222222222222223,74835.22222222222,35100.0,2.0,54581.28,53085.0,750.0
11,4.0,3.0,3.0,1.0,4.0,1.0,30.0,90000.0,3.0,3.0,2.0,2.0,1.0,2.0,800000.0,1.0,4.0,6.0,2.0,0.0,0.0,1.0,272222.22222222225,300000.0,1.0,96148.6,229478.0,747.0
11,5.0,1.0,3.0,1.0,4.0,2.0,30.0,70000.0,2.0,3.0,2.0,2.0,2.0,2.0,300000.0,1.0,4.0,6.0,2.0,0.0,0.0,1.4444444444444444,309442.22222222225,296000.0,3.0,129735.43,144844.0,747.0
11,3.0,3.0,3.0,1.0,2.0,1.0,30.0,7.0,3.0,3.0,2.0,2.0,1.0,2.0,2500000.0,2.0,4.0,6.0,2.0,1500000.0,1000000.0,1.0,350000.0,100000.0,1.0,87950.1,236199.0,746.0
11,5.0,1.0,5.0,1.0,4.0,2.0,30.0,200000.0,2.0,2.0,2.0,2.0,2.0,2.0,0.0,2.0,4.0,3.0,2.0,0.0,0.0,1.4444444444444444,255922.55555555556,190000.0,3.0,105242.05,121559.0,746.0
11,4.0,1.0,2.0,1.0,4.0,2.0,30.0,7.0,3.0,3.0,2.0,2.0,1.0,2.0,0.0,2.0,4.0,6.0,2.0,0.0,0.0,1.2222222222222223,220041.66666666663,118000.0,2.0,95411.4,221187.0,747.0
11,6.0,1.0,4.0,1.0,4.0,1.0,30.0,170000.0,2.0,3.0,2.0,2.0,2.0,2.0,2000000.0,1.0,4.0,2.0,2.0,0.0,0.0,1.2222222222222223,736678.8888888889,263000.0,3.0,111191.1,285139.0,743.0
11,1.0,1.0,5.0,1.0,4.0,2.0,30.0,200000.0,2.0,2.0,2.0,2.0,1.0,2.0,0.0,2.0,4.0,2.0,2.0,1000000.0,500000.0,1.0,100000.0,39200.0,2.0,157507.6,209452.0,749.0
11,5.0,1.0,5.0,1.0,4.0,2.0,30.0,100000.0,3.0,2.0,2.0,2.0,1.0,2.0,2000000.0,1.0,4.0,3.0,2.0,0.0,0.0,1.2222222222222223,425081.1111111111,158500.0,3.0,115887.15,325009.0,745.0
11,2.0,1.0,3.0,2.0,4.0,2.0,30.0,250000.0,2.0,2.0,2.0,2.0,2.0,2.0,0.0,2.0,4.0,2.0,2.0,0.0,0.0,1.0,220000.0,227000.0,4.0,167227.3,95713.0,748.0
11,2.0,5.0,2.0,1.0,4.0,2.0,30.0,7.0,2.0,2.0,2.0,2.0,1.0,2.0,0.0,2.0,1.0,2.0,2.0,0.0,0.0,1.0,220000.0,55250.0,3.0,161832.65,127235.0,746.0
11,3.0,1.0,6.0,1.0,4.0,2.0,30.0,250000.0,2.0,2.0,2.0,2.0,2.0,2.0,3000000.0,2.0,4.0,1.0,2.0,0.0,0.0,1.2222222222222223,447598.8888888889,224000.0,2.0,358901.9,470547.0,744.0
11,2.0,1.0,4.0,2.0,4.0,2.0,30.0,7.0,4.0,2.0,2.0,1.0,2.0,2.0,2000000.0,1.0,4.0,6.0,2.0,1000000.0,500000.0,1.0,150000.0,221400.0,4.0,118772.0,150804.0,2000749.0
11,4.0,1.0,4.0,1.0,4.0,2.0,30.0,7.0,3.0,3.0,2.0,1.0,2.0,2.0,320000.0,1.0,4.0,1.0,1.0,850000.0,550000.0,1.0,150000.0,88000.0,3.0,51914.1,159585.0,280747.0
11,4.0,1.0,3.0,2.0,4.0,1.0,30.0,50000.0,4.0,3.0,2.0,1.0,2.0,2.0,600000.0,1.0,4.0,6.0,2.0,1000000.0,600000.0,1.0,200000.0,171200.0,2.0,62170.95,297679.0,748.0
11,7.0,3.0,4.0,1.0,3.0,2.0,30.0,7.0,3.0,3.0,2.0,1.0,2.0,2.0,1500000.0,1.0,1.0,1.0,1.0,1000000.0,600000.0,1.0,200000.0,173300.0,5.0,83056.6,313874.0,745.0
11,4.0,1.0,4.0,2.0,4.0,2.0,30.0,7.0,1.0,2.0,2.0,2.0,1.0,2.0,200000.0,1.0,1.0,1.0,1.0,750000.0,450000.0,1.0,150000.0,68500.0,3.0,32135.8,143460.0,751.0
11,5.0,1.0,4.0,1.0,4.0,1.0,30.0,7.0,2.0,2.0,2.0,1.0,2.0,2.0,150000.0,1.0,4.0,6.0,2.0,2000000.0,750000.0,1.0,250000.0,100000.0,2.0,91607.5,239763.0,744.0
11,5.0,1.0,4.0,1.0,4.0,2.0,30.0,7.0,4.0,3.0,2.0,1.0,2.0,2.0,30000.0,1.0,1.0,1.0,2.0,900000.0,480000.0,1.0,180000.0,110500.0,4.0,60279.7,186873.0,747.0
11,2.0,1.0,4.0,1.0,4.0,2.0,30.0,120000.0,3.0,3.0,2.0,1.0,1.0,2.0,100000.0,1.0,4.0,6.0,2.0,500000.0,250000.0,1.0,80000.0,53700.0,3.0,32555.0,84535.0,745.0
11,9.0,1.0,4.0,1.0,3.0,1.0,30.0,7.0,2.0,2.0,2.0,1.0,2.0,2.0,0.0,2.0,4.0,2.0,2.0,2000000.0,900000.0,1.0,300000.0,194800.0,3.0,35018.3,184533.0,741.0
11,5.0,1.0,4.0,2.0,4.0,2.0,30.0,130000.0,4.0,2.0,2.0,1.0,1.0,2.0,0.0,2.0,4.0,3.0,2.0,0.0,0.0,1.0,200000.0,152000.0,2.0,73569.3,164950.0,750.0
11,4.0,1.0,3.0,1.0,4.0,2.0,30.0,7.0,4.0,2.0,2.0,1.0,1.0,2.0,0.0,2.0,1.0,1.0,2.0,0.0,0.0,1.0,150000.0,43000.0,2.0,30543.7,138258.0,748.0
11,3.0,1.0,4.0,2.0,4.0,1.0,30.0,100000.0,2.0,2.0,2.0,1.0,1.0,2.0,0.0,2.0,4.0,6.0,2.0,0.0,0.0,1.2222222222222223,264486.1111111111,46000.0,2.0,53207.25,249906.0,747.0
11,5.0,1.0,5.0,1.0,4.0,1.0,30.0,130000.0,2.0,2.0,2.0,1.0,2.0,2.0,0.0,2.0,4.0,2.0,2.0,1000000.0,0.0,1.0,300000.0,275000.0,4.0,165565.29,413137.0,745.0
11,7.0,1.0,5.0,1.0,4.0,1.0,30.0,7.0,3.0,2.0,2.0,1.0,2.0,2.0,1200000.0,1.0,4.0,6.0,2.0,0.0,0.0,1.0,250000.0,152000.0,4.0,62051.0,199117.0,748.0
11,5.0,1.0,3.0,2.0,4.0,2.0,30.0,100000.0,3.0,2.0,2.0,1.0,1.0,2.0,0.0,2.0,4.0,6.0,2.0,0.0,0.0,1.0,198444.44444444444,700.0,2.0,41919.55,127459.0,751.0
11,2.0,1.0,5.0,1.0,4.0,1.0,30.0,120000.0,2.0,2.0,2.0,1.0,1.0,2.0,0.0,2.0,4.0,2.0,2.0,0.0,0.0,1.0,300000.0,11000.0,1.0,55967.5,160414.0,747.0
11,6.0,1.0,5.0,1.0,4.0,1.0,30.0,250000.0,3.0,2.0,2.0,1.0,1.0,2.0,0.0,2.0,4.0,2.0,2.0,0.0,0.0,1.0,200000.0,26100.0,3.0,378924.1,369674.0,749.0
11,3.0,1.0,5.0,2.0,4.0,1.0,30.0,110000.0,3.0,2.0,2.0,1.0,2.0,2.0,100000.0,1.0,4.0,6.0,2.0,0.0,0.0,1.0,20000.0,163000.0,3.0,53001.92,236839.0,800755.0
11,7.0,1.0,2.0,1.0,4.0,2.0,24.0,107000.0,3.0,2.0,2.0,1.0,1.0,2.0,0.0,2.0,4.0,4.0,2.0,600000.0,175000.0,1.0,120000.0,112000.0,2.0,48950.2,84041.0,749.0
11,7.0,1.0,2.0,2.0,4.0,2.0,20.0,7.0,3.0,3.0,2.0,1.0,1.0,2.0,700000.0,1.0,1.0,2.0,2.0,550000.0,300000.0,1.0,160000.0,178000.0,6.0,34895.7,27433.0,300756.0
11,2.0,1.0,2.0,2.0,4.0,2.0,20.0,65000.0,3.0,3.0,2.0,1.0,1.0,2.0,0.0,2.0,4.0,4.0,2.0,180000.0,150000.0,1.0,100000.0,93000.0,2.0,22537.85,39285.0,749.0
11,5.0,1.0,6.0,1.0,4.0,1.0,23.0,75000.0,3.0,3.0,2.0,1.0,1.0,2.0,0.0,2.0,4.0,4.0,2.0,450000.0,300000.0,1.0,130000.0,775000.0,3.0,51432.2,89304.0,749.0
11,4.0,1.0,2.0,1.0,4.0,2.0,25.0,65000.0,3.0,3.0,2.0,1.0,1.0,2.0,1260000.0,1.0,4.0,3.0,2.0,190000.0,140000.0,1.0,120000.0,51000.0,2.0,31643.9,59659.0,749.0
11,1.0,1.0,3.0,2.0,4.0,2.0,25.0,48000.0,3.0,3.0,2.0,1.0,1.0,2.0,0.0,2.0,4.0,3.0,2.0,130000.0,70000.0,1.0,50000.0,35000.0,1.0,38686.0,34394.0,753.0
11,5.0,1.0,4.0,2.0,4.0,2.0,23.0,75000.0,3.0,3.0,2.0,1.0,1.0,2.0,0.0,2.0,1.0,3.0,2.0,270000.0,175000.0,1.0,100000.0,21000.0,1.0,31382.5,41641.0,749.0
11,7.0,1.0,4.0,1.0,4.0,2.0,20.0,120000.0,3.0,3.0,2.0,1.0,1.0,2.0,80000.0,1.0,1.0,3.0,2.0,320000.0,140000.0,1.0,90000.0,74000.0,2.0,26484.9,65205.0,749.0
11,6.0,1.0,2.0,1.0,4.0,2.0,24.0,120000.0,3.0,3.0,2.0,1.0,1.0,2.0,250000.0,1.0,4.0,3.0,2.0,190000.0,120000.0,1.0,75000.0,190000.0,2.0,39675.2,68608.0,748.0
11,1.0,1.0,2.0,2.0,4.0,2.0,30.555555555555557,40000.0,4.0,3.0,2.0,1.0,1.0,2.0,0.0,2.0,4.0,6.0,2.0,0.0,0.0,1.0,100000.0,38000.0,1.0,35536.5,55389.0,754.0
11,6.0,1.0,3.0,1.0,4.0,2.0,29.77777777777778,100000.0,3.0,2.0,2.0,1.0,1.0,2.0,500000.0,1.0,4.0,6.0,2.0,0.0,600000.0,1.0,300000.0,86000.0,3.0,43102.45,242907.0,746.0
11,2.0,1.0,5.0,2.0,4.0,2.0,30.88888888888889,150000.0,3.0,2.0,2.0,1.0,1.0,2.0,30000.0,1.0,4.0,6.0,2.0,0.0,400000.0,1.0,200000.0,71000.0,2.0,24671.3,140811.0,750.0
11,8.0,1.0,4.0,2.0,4.0,2.0,27.0,180000.0,4.0,3.0,2.0,1.0,1.0,2.0,500000.0,2.0,1.0,1.0,2.0,0.0,1000000.0,1.0,350000.0,73000.0,2.0,48274.95,168051.0,752.0
11,4.0,1.0,3.0,2.0,4.0,2.0,30.77777777777778,60000.0,4.0,3.0,2.0,1.0,1.0,2.0,0.0,2.0,4.0,6.0,2.0,0.0,0.0,1.0,400000.0,90000.0,2.0,52387.3,72070.0,751.0
11,2.0,1.0,4.0,2.0,4.0,2.0,29.11111111111111,80000.0,4.0,3.0,2.0,1.0,1.0,2.0,0.0,2.0,4.0,6.0,2.0,0.0,0.0,1.0,200000.0,60000.0,1.0,42851.3,128849.0,752.0
11,7.0,1.0,4.0,1.0,4.0,2.0,30.444444444444443,95000.0,3.0,2.0,2.0,1.0,1.0,2.0,0.0,2.0,1.0,1.0,2.0,0.0,0.0,1.0,350000.0,50000.0,2.0,54447.5,140495.0,749.0
11,3.0,1.0,5.0,1.0,4.0,2.0,30.444444444444443,120000.0,4.0,2.0,2.0,1.0,1.0,2.0,0.0,2.0,4.0,6.0,2.0,0.0,800000.0,1.0,300000.0,140000.0,2.0,43407.5,171238.0,749.0
11,2.0,1.0,5.0,2.0,2.0,2.0,30.444444444444443,130000.0,3.0,2.0,2.0,1.0,1.0,2.0,0.0,2.0,4.0,6.0,2.0,0.0,0.0,1.0,200000.0,5000.0,1.0,58943.0,96824.0,750.0
11,1.0,1.0,4.0,2.0,4.0,2.0,30.0,75000.0,5.0,3.0,2.0,1.0,1.0,2.0,0.0,2.0,4.0,4.0,2.0,0.0,0.0,1.0,150000.0,58000.0,1.0,45388.9,94893.0,600755.0
11,4.0,1.0,1.0,1.0,4.0,2.0,30.0,80000.0,4.0,3.0,2.0,1.0,1.0,2.0,800000.0,1.0,2.0,1.0,2.0,0.0,1000000.0,1.0,200000.0,237000.0,3.0,100718.65,235189.0,744.0
11,4.0,3.0,4.0,1.0,4.0,1.0,30.0,50000.0,4.0,3.0,2.0,1.0,1.0,2.0,680000.0,1.0,4.0,6.0,2.0,0.0,0.0,1.0,300000.0,200000.0,2.0,58639.75,233392.0,520748.0
11,4.0,1.0,2.0,2.0,4.0,2.0,30.0,150000.0,3.0,2.0,2.0,1.0,1.0,2.0,350000.0,1.0,4.0,6.0,2.0,0.0,400000.0,1.0,150000.0,270000.0,2.0,111965.35,162479.0,750.0
11,3.0,1.0,4.0,1.0,4.0,2.0,30.0,90000.0,5.0,3.0,2.0,1.0,1.0,2.0,200000.0,1.0,2.0,4.0,2.0,0.0,0.0,1.0,200000.0,35000.0,1.0,63068.45,120309.0,749.0
11,4.0,3.0,2.0,1.0,4.0,2.0,30.0,70000.0,4.0,3.0,2.0,1.0,1.0,2.0,1300000.0,1.0,4.0,4.0,2.0,0.0,0.0,1.0,200000.0,200000.0,2.0,63347.15,241921.0,748.0
11,5.0,1.0,3.0,1.0,4.0,2.0,30.0,80000.0,3.0,1.0,2.0,1.0,1.0,2.0,150000.0,1.0,4.0,4.0,2.0,0.0,500000.0,1.0,250000.0,253000.0,4.0,82473.6,227347.0,800749.0
11,1.0,1.0,4.0,2.0,4.0,2.0,30.0,50000.0,4.0,2.0,2.0,1.0,1.0,2.0,0.0,2.0,4.0,5.0,2.0,0.0,400000.0,1.0,200000.0,47000.0,1.0,51435.9,65113.0,751.0
11,2.0,1.0,3.0,1.0,4.0,2.0,30.0,60000.0,3.0,2.0,2.0,1.0,1.0,2.0,2600000.0,1.0,4.0,1.0,2.0,1000000.0,800000.0,1.0,400000.0,560000.0,2.0,73826.62,239514.0,747.0
12,3.0,3.0,2.0,2.0,4.0,2.0,31.0,7.0,3.0,3.0,2.0,2.0,1.0,2.0,0.0,2.0,4.0,6.0,2.0,20000.0,2000.0,1.0,250000.0,520000.0,3.0,208316.7,342928.0,748.0
12,5.0,1.0,3.0,2.0,4.0,1.0,31.0,120000.0,2.0,2.0,2.0,2.0,1.0,2.0,0.0,2.0,4.0,6.0,2.0,20000.0,9000.0,1.0,200000.0,205000.0,3.0,251573.2,336904.0,743.0
12,1.0,1.0,2.0,2.0,4.0,2.0,31.0,100000.0,2.0,2.0,2.0,2.0,2.0,2.0,0.0,2.0,4.0,6.0,2.0,0.0,1000.0,1.0,150000.0,274000.0,2.0,66645.3,205042.0,749.0
12,2.0,1.0,2.0,1.0,4.0,1.0,31.0,82000.0,3.0,2.0,2.0,2.0,2.0,2.0,0.0,2.0,4.0,6.0,2.0,5000000.0,1300000.0,1.0,300000.0,650000.0,2.0,103447.5,289694.0,742.0
12,3.0,5.0,2.0,2.0,4.0,1.0,31.0,103889.66666666669,3.0,3.0,2.0,2.0,2.0,2.0,0.0,2.0,4.0,6.0,2.0,0.0,1000000.0,1.0,200000.0,250000.0,1.0,119549.0,342227.0,750.0
12,4.0,1.0,3.0,1.0,4.0,2.0,31.0,105000.0,2.0,2.0,2.0,2.0,1.0,2.0,0.0,2.0,4.0,6.0,2.0,0.0,2000.0,1.0,250000.0,135000.0,2.0,217526.1,274434.0,742.0
12,4.0,1.0,3.0,2.0,4.0,1.0,31.0,85000.0,3.0,2.0,2.0,2.0,2.0,2.0,0.0,2.0,4.0,6.0,2.0,700000.0,500000.0,1.0,260000.0,290000.0,2.0,255075.85,367924.0,745.0
12,1.0,1.0,1.5,2.0,4.0,2.0,31.0,35000.0,4.0,2.0,2.0,2.0,1.0,2.0,0.0,2.0,4.0,6.0,1.0,0.0,250000.0,1.0,80000.0,58500.0,2.0,69273.6,42555.0,753.0
12,4.0,1.0,2.0,2.0,4.0,2.0,31.0,7.0,2.0,2.0,2.0,2.0,2.0,2.0,0.0,2.0,4.0,6.0,2.0,2000000.0,1000000.0,1.0,250000.0,280000.0,1.0,307629.7,317607.0,746.0
12,3.0,3.0,2.0,1.0,4.0,1.0,31.0,140000.0,2.0,3.0,2.0,2.0,1.0,2.0,0.0,2.0,4.0,2.0,2.0,500000.0,400000.0,1.0,250000.0,250100.0,2.0,243553.73,312387.0,742.0
12,4.0,1.0,3.0,1.0,4.0,1.0,31.0,130000.0,3.0,2.0,2.0,2.0,2.0,2.0,0.0,2.0,4.0,2.0,2.0,600000.0,450000.0,1.0,280000.0,432400.0,5.0,271963.55,351020.0,741.0
12,5.0,1.0,3.0,1.0,4.0,1.0,31.0,160000.0,3.0,2.0,2.0,2.0,2.0,2.0,0.0,2.0,4.0,6.0,2.0,0.0,400000.0,1.0,300000.0,433000.0,4.0,280571.45,514341.0,740.0
12,2.0,1.0,1.0,1.0,4.0,2.0,31.0,70000.0,2.0,2.0,2.0,2.0,1.0,2.0,0.0,2.0,4.0,2.0,2.0,350000.0,250000.0,1.0,120000.0,30100.0,2.0,92341.86,1201998.0,747.0
12,2.0,1.0,1.0,2.0,4.0,2.0,31.0,80000.0,5.0,2.0,2.0,2.0,1.0,2.0,100000.0,1.0,4.0,6.0,2.0,350000.0,300000.0,1.0,150000.0,110000.0,3.0,164381.33,109548.0,751.0
12,5.0,1.0,3.0,1.0,4.0,2.0,31.0,140000.0,3.0,2.0,2.0,2.0,1.0,2.0,200000.0,1.0,4.0,2.0,2.0,500000.0,400000.0,1.0,300000.0,329000.0,5.0,220665.7,198054.0,745.0
12,4.0,1.0,2.0,1.0,4.0,1.0,31.0,130000.0,4.0,2.0,2.0,2.0,1.0,2.0,400000.0,1.0,4.0,6.0,2.0,0.0,450000.0,1.0,200000.0,260000.0,3.0,256428.5,245812.0,742.0
12,3.0,1.0,2.0,1.0,4.0,1.0,31.0,100000.0,4.0,2.0,2.0,2.0,2.0,2.0,100000.0,1.0,4.0,6.0,2.0,500000.0,400000.0,1.0,250000.0,215000.0,3.0,229996.0,1829461.0,740.0
12,2.0,1.0,2.0,2.0,4.0,2.0,31.0,80000.0,3.0,2.0,2.0,2.0,1.0,2.0,0.0,2.0,4.0,2.0,2.0,400000.0,300000.0,1.0,120000.0,99000.0,3.0,175743.18,172245.0,751.0
12,2.0,1.0,2.0,2.0,4.0,2.0,31.0,110000.0,3.0,2.0,2.0,2.0,1.0,2.0,1000000.0,2.0,4.0,6.0,2.0,0.0,0.0,1.0,200000.0,66000.0,2.0,103871.35,161845.0,749.0
12,2.0,1.0,3.0,2.0,4.0,2.0,31.0,7.0,3.0,3.0,2.0,2.0,2.0,2.0,0.0,2.0,4.0,6.0,2.0,0.0,500000.0,1.0,200000.0,100000.0,1.0,114306.8,160611.0,760.0
12,4.0,1.0,3.0,1.0,4.0,1.0,31.0,100000.0,3.0,2.0,2.0,2.0,2.0,2.0,6000000.0,2.0,4.0,6.0,2.0,4000.0,1000.0,1.0,200000.0,235000.0,4.0,198618.05,190111.0,749.0
12,2.0,1.0,2.0,2.0,4.0,2.0,31.0,130000.0,3.0,2.0,2.0,2.0,1.0,2.0,0.0,2.0,4.0,6.0,2.0,0.0,0.0,1.0,200000.0,90000.0,2.0,127312.0,233043.0,750.0
12,1.0,1.0,2.0,2.0,4.0,2.0,31.0,45000.0,3.0,2.0,2.0,2.0,2.0,2.0,0.0,2.0,4.0,6.0,2.0,0.0,0.0,1.0,100000.0,74000.0,1.0,88986.45,127298.0,754.0
12,1.0,1.0,2.0,2.0,4.0,2.0,31.0,35000.0,3.0,2.0,2.0,2.0,1.0,2.0,0.0,2.0,4.0,6.0,2.0,0.0,0.0,1.0,100000.0,45000.0,1.0,60887.15,80095.0,755.0
12,2.0,1.0,2.0,1.0,4.0,2.0,31.0,120000.0,3.0,2.0,2.0,2.0,1.0,2.0,0.0,2.0,4.0,6.0,2.0,0.0,0.0,1.0,200000.0,80000.0,1.0,110246.0,209538.0,750.0
12,8.0,1.0,2.0,1.0,4.0,2.0,31.0,75000.0,3.0,2.0,2.0,2.0,2.0,2.0,1000000.0,2.0,4.0,6.0,2.0,0.0,0.0,1.0,500000.0,239000.0,4.0,193446.5,166516.0,749.0
12,2.0,3.0,2.0,1.0,4.0,2.0,31.0,75000.0,3.0,3.0,2.0,2.0,1.0,2.0,0.0,2.0,4.0,6.0,2.0,0.0,0.0,1.0,300000.0,270000.0,2.0,120233.51,193141.0,749.0
12,1.0,4.0,1.0,2.0,4.0,2.0,31.0,30000.0,3.0,3.0,2.0,2.0,1.0,2.0,0.0,2.0,4.0,1.0,1.0,0.0,1000000.0,1.0,35000.0,35300.0,1.0,6838.95,7617.0,758.0
12,1.0,4.0,1.0,2.0,4.0,2.0,31.0,30000.0,3.0,3.0,2.0,2.0,1.0,2.0,0.0,2.0,4.0,1.0,1.0,0.0,0.0,1.0,40000.0,37150.0,2.0,71671.80555555556,51953.0,757.0
12,2.0,4.0,1.0,2.0,4.0,2.0,31.0,40000.0,3.0,3.0,2.0,2.0,2.0,2.0,0.0,2.0,4.0,6.0,1.0,0.0,1000000.0,1.0,60000.0,58000.0,2.0,1697.0,84276.0,755.0
12,4.0,1.0,1.0,1.0,4.0,2.0,31.0,120000.0,5.0,3.0,2.0,2.0,2.0,2.0,1500000.0,1.0,4.0,1.0,2.0,15000.0,5000.0,1.2222222222222223,402674.4444444445,200000.0,2.0,284005.935,295972.0,400751.0
12,1.0,4.0,1.0,2.0,4.0,2.0,31.0,30000.0,3.0,3.0,2.0,2.0,2.0,2.0,0.0,2.0,4.0,6.0,1.0,0.0,0.0,1.0,40000.0,30800.0,1.0,2133.1,27446.0,758.0
12,1.0,1.0,2.0,2.0,4.0,2.0,31.0,49446.0,4.0,3.0,2.0,2.0,1.0,2.0,0.0,2.0,4.0,1.0,2.0,0.0,250000.0,1.0,35000.0,35000.0,1.0,78047.75,97715.88888888888,757.0
12,1.0,4.0,1.0,1.0,4.0,2.0,31.0,7.0,3.0,3.0,2.0,2.0,2.0,2.0,0.0,2.0,4.0,1.0,1.0,0.0,300000.0,1.0,30000.0,35000.0,1.0,27963.0,77960.0,757.0
12,4.0,1.0,3.0,1.0,4.0,1.0,31.0,7.0,4.0,3.0,2.0,2.0,2.0,2.0,150000.0,1.0,4.0,1.0,2.0,0.0,400000.0,1.0,220000.0,216000.0,3.0,215177.55,165353.0,748.0
12,2.0,1.0,2.0,1.0,4.0,2.0,31.0,200000.0,4.0,2.0,2.0,2.0,1.0,2.0,0.0,2.0,4.0,1.0,2.0,2000.0,800.0,3.0,96586.0,12150.0,2.0,92880.45,149527.0,751.0
12,6.0,1.0,2.0,1.0,4.0,2.0,31.0,140000.0,3.0,3.0,2.0,2.0,2.0,2.0,200000.0,1.0,4.0,3.0,2.0,800000.0,600000.0,1.0,400000.0,200000.0,3.0,411304.55,433330.0,745.0
12,2.0,1.0,2.0,2.0,4.0,2.0,31.0,120000.0,3.0,2.0,2.0,2.0,1.0,2.0,0.0,2.0,4.0,3.0,2.0,700000.0,500000.0,1.0,250000.0,156000.0,3.0,316118.704,152722.0,749.0
12,5.0,1.0,2.0,1.0,4.0,2.0,31.0,150000.0,3.0,3.0,2.0,2.0,2.0,2.0,0.0,2.0,4.0,3.0,2.0,900000.0,500000.0,1.0,300000.0,334000.0,3.0,337169.8,265253.0,744.0
12,2.0,1.0,3.0,2.0,4.0,2.0,31.0,20000.0,3.0,3.0,2.0,2.0,1.0,2.0,200000.0,1.0,4.0,6.0,2.0,600000.0,400000.0,1.0,200000.0,35000.0,1.0,73917.75,67536.0,749.0
12,3.0,3.0,3.0,1.0,4.0,1.0,31.0,60000.0,3.0,3.0,2.0,2.0,1.0,2.0,0.0,2.0,4.0,6.0,2.0,800000.0,500000.0,1.0,300000.0,210000.0,2.0,142608.83,457213.0,750.0
12,4.0,3.0,1.0,1.0,4.0,2.0,31.0,80000.0,3.0,3.0,2.0,2.0,1.0,2.0,0.0,2.0,4.0,6.0,2.0,900000.0,600000.0,1.0,300000.0,360000.0,2.0,266126.21,454536.0,751.0
12,4.0,1.0,2.0,1.0,4.0,2.0,31.0,105000.0,3.0,2.0,2.0,2.0,2.0,2.0,350000.0,1.0,4.0,6.0,2.0,800000.0,700000.0,1.0,400000.0,250000.0,3.0,306605.15,406092.0,745.0
12,5.0,1.0,3.0,1.0,4.0,1.0,31.0,150000.0,3.0,2.0,2.0,2.0,2.0,2.0,0.0,2.0,4.0,6.0,2.0,800000.0,600000.0,1.0,400000.0,220000.0,3.0,387548.62,498788.0,743.0
12,5.0,1.0,2.0,1.0,4.0,2.0,31.0,100000.0,3.0,3.0,2.0,2.0,2.0,2.0,300000.0,1.0,4.0,6.0,2.0,900000.0,600000.0,1.0,300000.0,159000.0,2.0,322911.43,375725.0,749.0
12,6.0,5.0,3.0,1.0,4.0,2.0,31.0,225000.0,3.0,2.0,2.0,2.0,2.0,2.0,1350000.0,2.0,4.0,5.0,1.0,1200000.0,800000.0,1.0,450000.0,284000.0,4.0,350714.9,592305.0,748.0
12,2.0,1.0,3.0,1.0,4.0,2.0,31.0,100000.0,3.0,2.0,2.0,2.0,2.0,2.0,0.0,2.0,4.0,5.0,2.0,700000.0,300000.0,1.0,100000.0,230000.0,2.0,251124.5,405343.0,745.0
12,2.0,1.0,1.0,1.0,4.0,2.0,31.0,100000.0,3.0,2.0,2.0,2.0,1.0,2.0,0.0,2.0,4.0,6.0,2.0,5000.0,3000.0,3.0,482930.0,32300.0,2.0,141579.4,325584.0,747.0
12,2.0,1.0,1.0,1.0,4.0,1.0,31.0,80000.0,3.0,2.0,2.0,2.0,2.0,2.0,0.0,2.0,4.0,5.0,2.0,3000.0,1000.0,1.0,200000.0,150000.0,1.0,261824.55,210490.0,800748.0
12,5.0,1.0,3.0,1.0,4.0,1.0,31.0,170000.0,3.0,2.0,2.0,2.0,2.0,2.0,1000000.0,1.0,4.0,3.0,2.0,5000.0,3000.0,3.0,482930.0,1330000.0,6.0,283166.6,622626.0,2904330.0
12,5.0,1.0,4.0,1.0,4.0,2.0,31.0,100000.0,3.0,2.0,2.0,2.0,1.0,2.0,0.0,2.0,4.0,3.0,1.0,5000.0,3000.0,1.0,500000.0,198000.0,4.0,318021.65,422702.0,749.0
12,6.0,1.0,3.0,1.0,4.0,2.0,31.0,150000.0,3.0,2.0,2.0,1.0,2.0,2.0,0.0,2.0,4.0,6.0,2.0,900000.0,700000.0,1.0,400000.0,203000.0,4.0,272752.2,277353.0,745.0
12,6.0,1.0,3.0,1.0,4.0,1.0,31.0,150000.0,3.0,3.0,2.0,2.0,2.0,2.0,0.0,2.0,4.0,5.0,2.0,1000000.0,1000.0,1.0,200000.0,333000.0,5.0,321283.7,494789.0,747.0
12,3.0,1.0,2.0,1.0,4.0,2.0,31.0,70000.0,3.0,2.0,2.0,2.0,1.0,2.0,1000000.0,2.0,4.0,5.0,2.0,1000000.0,700000.0,1.0,300000.0,200000.0,2.0,150537.65,309778.0,752.0
12,6.0,1.0,4.0,1.0,4.0,1.0,31.0,150000.0,2.0,2.0,2.0,2.0,2.0,2.0,0.0,2.0,4.0,1.0,2.0,0.0,800000.0,0.8888888888888888,311111.1111111111,412000.0,3.0,458427.1,490049.0,745.0
12,2.0,1.0,2.0,1.0,4.0,2.0,31.0,220000.0,3.0,2.0,2.0,2.0,2.0,2.0,2000000.0,2.0,4.0,2.0,2.0,0.0,400000.0,1.2222222222222223,564456.6666666666,390000.0,2.0,250346.95,222709.0,750.0
12,4.0,1.0,3.0,2.0,4.0,2.0,31.0,120000.0,3.0,2.0,2.0,2.0,2.0,2.0,0.0,2.0,4.0,6.0,2.0,0.0,500000.0,1.0,223333.33333333337,145000.0,3.0,199764.45,249981.0,754.0
12,4.0,1.0,2.0,1.0,4.0,2.0,31.0,160000.0,3.0,2.0,2.0,1.0,2.0,2.0,6500000.0,2.0,4.0,2.0,2.0,0.0,600000.0,1.2222222222222223,398352.77777777775,270000.0,2.0,344504.1,446263.0,747.0
12,3.0,1.0,1.0,1.0,2.0,2.0,31.0,220000.0,3.0,3.0,2.0,1.0,2.0,2.0,0.0,2.0,4.0,2.0,2.0,0.0,600000.0,0.8888888888888888,255555.55555555556,501000.0,2.0,253574.15,344838.0,754.0
12,2.0,3.0,1.0,2.0,4.0,1.0,31.0,170000.0,3.0,3.0,2.0,2.0,2.0,2.0,2500000.0,2.0,4.0,3.0,2.0,0.0,1000.0,1.2222222222222223,703345.5555555555,770000.0,3.0,182101.8,395359.0,750.0
12,4.0,1.0,4.0,2.0,4.0,2.0,31.0,180000.0,3.0,2.0,2.0,2.0,1.0,2.0,500000.0,1.0,1.0,1.0,2.0,0.0,150000.0,1.0,177777.77777777778,123000.0,2.0,274931.85,252162.0,1000749.0
12,2.0,1.0,2.0,2.0,4.0,2.0,31.0,160000.0,3.0,2.0,2.0,2.0,1.0,2.0,200000.0,1.0,4.0,3.0,2.0,0.0,400000.0,1.0,86000.0,83000.0,2.0,155100.7,331874.0,750.0
12,6.0,1.0,3.0,1.0,4.0,1.0,31.0,150000.0,3.0,3.0,2.0,2.0,1.0,2.0,1600000.0,1.0,4.0,2.0,2.0,0.0,2000.0,1.2222222222222223,513970.0,385500.0,3.0,276053.8,1046682.0,747.0
12,3.0,1.0,3.0,2.0,4.0,2.0,31.0,60000.0,3.0,3.0,2.0,2.0,2.0,2.0,0.0,2.0,4.0,5.0,1.0,4000.0,2000.0,1.0,300000.0,164500.0,4.0,359746.4,125500.0,750.0
12,6.0,1.0,3.0,2.0,4.0,1.0,31.0,80000.0,3.0,3.0,2.0,2.0,2.0,2.0,0.0,2.0,4.0,4.0,2.0,5000.0,3000.0,1.0,300000.0,213000.0,3.0,382455.15,258071.0,747.0
12,5.0,1.0,3.0,1.0,4.0,1.0,3.0,180000.0,3.0,3.0,2.0,2.0,2.0,2.0,0.0,2.0,4.0,3.0,2.0,6000.0,4000.0,3.0,579516.0,270000.0,3.0,350084.85,532586.0,745.0
12,3.0,1.0,3.0,1.0,4.0,2.0,31.0,16000.0,3.0,3.0,2.0,2.0,2.0,2.0,0.0,2.0,4.0,4.0,2.0,2000000.0,1000000.0,1.0,400000.0,134500.0,3.0,219360.0,159208.0,747.0
12,2.0,1.0,3.0,1.0,4.0,1.0,31.0,7.0,3.0,3.0,2.0,2.0,1.0,2.0,0.0,2.0,4.0,3.0,2.0,3500.0,2000.0,1.0,350000.0,300000.0,1.0,94266.65,207216.0,746.0
12,1.0,1.0,3.0,2.0,4.0,2.0,31.0,30000.0,3.0,3.0,2.0,2.0,1.0,2.0,0.0,2.0,4.0,3.0,2.0,3000.0,1500.0,1.0,200000.0,200.0,1.0,67974.0,94149.0,748.0
12,2.0,1.0,3.0,2.0,4.0,2.0,31.0,50000.0,3.0,3.0,2.0,2.0,2.0,2.0,0.0,2.0,4.0,3.0,2.0,1000000.0,400000.0,1.0,200000.0,85000.0,1.0,127667.5,164869.0,749.0
12,5.0,1.0,3.0,1.0,4.0,1.0,31.0,100000.0,3.0,3.0,2.0,2.0,1.0,2.0,0.0,2.0,4.0,4.0,2.0,6000.0,3500.0,3.0,724395.0,370000.0,3.0,534670.55,433030.0,747.0
12,10.0,1.0,3.0,1.0,4.0,1.0,31.0,200000.0,3.0,3.0,1.0,2.0,1.0,2.0,1850000.0,1.0,1.0,4.0,2.0,6000.0,1000000.0,1.0,500000.0,344000.0,3.0,454613.9,556674.0,746.0
12,3.0,1.0,2.0,1.0,2.0,2.0,31.0,60000.0,3.0,2.0,2.0,1.0,2.0,2.0,1920000.0,2.0,4.0,6.0,2.0,0.0,0.0,1.0,300000.0,174000.0,3.0,218827.74,160603.0,747.0
12,6.0,1.0,2.0,1.0,4.0,1.0,31.0,215000.0,3.0,2.0,2.0,2.0,2.0,2.0,1000000.0,1.0,4.0,5.0,2.0,0.0,0.0,1.0,500000.0,442000.0,8.0,237858.96,350846.0,745.0
12,1.0,1.0,2.0,1.0,4.0,2.0,31.0,25000.0,3.0,3.0,2.0,2.0,1.0,2.0,130000.0,1.0,3.0,6.0,2.0,0.0,0.0,1.0,150000.0,39100.0,2.0,138350.7,260744.0,748.0
12,1.0,5.0,2.0,2.0,4.0,2.0,31.0,60000.0,3.0,2.0,2.0,2.0,1.0,2.0,0.0,2.0,4.0,6.0,2.0,0.0,0.0,1.0,200000.0,49880.0,2.0,107126.345,354406.0,751.0
12,4.0,1.0,1.0,1.0,4.0,2.0,31.0,100000.0,2.0,2.0,2.0,2.0,1.0,2.0,0.0,2.0,4.0,2.0,2.0,0.0,0.0,1.0,350000.0,250160.0,4.0,347906.965,299502.0,750.0
12,4.0,1.0,2.0,1.0,2.0,1.0,31.0,145000.0,2.0,2.0,2.0,2.0,1.0,1.0,1200000.0,1.0,4.0,6.0,2.0,0.0,0.0,1.0,400000.0,672700.0,6.0,450410.52,490196.0,3980400.0
12,5.0,1.0,2.0,1.0,4.0,2.0,31.0,120000.0,3.0,2.0,2.0,2.0,2.0,2.0,750000.0,1.0,4.0,4.0,2.0,0.0,0.0,1.0,400000.0,256000.0,3.0,321834.61,302689.0,746.0
12,2.0,1.0,1.0,1.0,4.0,2.0,31.0,50000.0,3.0,2.0,2.0,2.0,1.0,2.0,520000.0,1.0,4.0,5.0,2.0,0.0,0.0,1.0,200000.0,89000.0,2.0,61616.1,124489.0,751.0
12,2.0,1.0,2.0,1.0,2.0,2.0,31.0,65000.0,2.0,3.0,2.0,2.0,1.0,2.0,0.0,2.0,4.0,4.0,2.0,0.0,0.0,1.0,180000.0,55000.0,3.0,28095.75,259794.0,750.0
12,3.0,1.0,2.0,1.0,4.0,2.0,31.0,150000.0,2.0,2.0,2.0,1.0,2.0,2.0,0.0,2.0,4.0,3.0,2.0,0.0,1000000.0,1.0,500000.0,320000.0,3.0,268430.9,426299.0,745.0
12,2.0,1.0,4.0,2.0,4.0,2.0,31.0,240000.0,2.0,1.0,2.0,2.0,1.0,2.0,30000.0,1.0,4.0,4.0,2.0,0.0,280000.0,1.0,150000.0,81000.0,3.0,198161.6,97018.0,560755.0
12,3.0,1.0,3.0,1.0,4.0,2.0,31.0,120000.0,3.0,2.0,2.0,2.0,1.0,2.0,500000.0,1.0,4.0,4.0,2.0,0.0,1000000.0,1.0,500000.0,513000.0,4.0,354172.1,390171.0,744.0
12,3.0,1.0,2.0,1.0,4.0,2.0,31.0,100000.0,5.0,2.0,2.0,2.0,1.0,2.0,1000000.0,1.0,4.0,5.0,2.0,0.0,0.0,1.0,400000.0,80000.0,1.0,88286.07,311921.0,750.0
12,2.0,1.0,3.0,1.0,4.0,2.0,31.0,100000.0,2.0,1.0,2.0,1.0,1.0,2.0,10000000.0,2.0,4.0,5.0,2.0,0.0,4000000.0,1.0,1500000.0,880000.0,2.0,105222.19,1327383.0,744.0
12,2.0,1.0,2.0,2.0,4.0,2.0,31.0,50000.0,3.0,2.0,2.0,2.0,1.0,2.0,1100000.0,2.0,4.0,4.0,2.0,0.0,500000.0,1.0,200000.0,110000.0,3.0,176847.37,105884.0,749.0
12,2.0,1.0,2.0,2.0,4.0,2.0,31.0,130000.0,3.0,2.0,2.0,2.0,1.0,2.0,0.0,2.0,4.0,2.0,2.0,0.0,0.0,1.0,200000.0,193000.0,2.0,232478.85,268034.0,748.0
12,4.0,1.0,3.0,1.0,4.0,2.0,31.0,85000.0,3.0,2.0,2.0,2.0,1.0,2.0,150000.0,1.0,4.0,4.0,2.0,0.0,300000.0,1.0,100000.0,150000.0,2.0,143953.25,581898.0,746.0
12,2.0,1.0,4.0,1.0,4.0,2.0,31.0,90000.0,3.0,2.0,2.0,2.0,1.0,2.0,0.0,2.0,4.0,5.0,2.0,0.0,800000.0,1.0,250000.0,203000.0,3.0,138350.5,378746.0,749.0
12,2.0,1.0,3.0,2.0,4.0,2.0,31.0,60000.0,3.0,2.0,2.0,2.0,2.0,2.0,0.0,2.0,4.0,2.0,2.0,0.0,400000.0,1.0,185555.55555555556,167000.0,2.0,158525.45,226463.0,750.0
12,6.0,1.0,2.0,1.0,4.0,2.0,31.0,200000.0,3.0,2.0,2.0,2.0,1.0,2.0,280000.0,1.0,4.0,2.0,2.0,0.0,1500000.0,1.0,333333.3333333333,400000.0,2.0,282970.95,1869566.0,640748.0
12,2.0,3.0,1.0,1.0,4.0,2.0,31.0,7.0,3.0,3.0,2.0,2.0,1.0,2.0,0.0,2.0,4.0,5.0,2.0,0.0,1000000.0,1.0,247777.77777777775,90000.0,2.0,88386.7,411216.0,750.0
12,6.0,1.0,4.0,1.0,4.0,1.0,31.0,200000.0,1.0,3.0,2.0,1.0,2.0,1.0,4000000.0,2.0,4.0,1.0,2.0,8000000.0,5000000.0,1.0,300000.0,360000.0,2.0,295611.13,555563.0,738.0
12,3.0,1.0,4.0,1.0,4.0,1.0,31.0,200000.0,3.0,2.0,2.0,2.0,2.0,2.0,10000000.0,1.0,4.0,6.0,2.0,0.0,2000.0,3.0,241465.0,172000.0,3.0,183636.6,400755.0,8711494.0
12,1.0,1.0,3.0,2.0,4.0,2.0,31.0,80000.0,3.0,3.0,2.0,2.0,1.0,2.0,0.0,2.0,4.0,1.0,2.0,200000.0,150000.0,1.0,64444.444444444445,60000.0,2.0,20978.9,104874.0,751.0
12,4.0,1.0,3.0,1.0,4.0,2.0,31.0,80000.0,3.0,2.0,2.0,2.0,2.0,2.0,0.0,2.0,4.0,3.0,2.0,700000.0,400000.0,1.0,180000.0,110000.0,1.0,190623.95,377976.0,748.0
12,5.0,1.0,2.0,1.0,4.0,2.0,31.0,150000.0,3.0,2.0,2.0,2.0,2.0,2.0,0.0,2.0,4.0,3.0,2.0,10000000.0,800000.0,1.0,261111.11111111112,191000.0,5.0,206867.1,2000121.0,749.0
12,6.0,1.0,2.0,1.0,4.0,2.0,31.0,60000.0,3.0,3.0,2.0,1.0,2.0,2.0,0.0,2.0,4.0,5.0,2.0,3000000.0,1000000.0,1.0,276666.6666666667,308000.0,3.0,248851.1,476098.0,746.0
12,2.0,1.0,4.0,1.0,4.0,1.0,31.0,150000.0,2.0,3.0,2.0,2.0,1.0,2.0,0.0,2.0,4.0,4.0,2.0,0.0,0.0,1.0,300000.0,245900.0,2.0,256063.42,268066.0,748.0
12,2.0,1.0,2.0,1.0,2.0,1.0,31.0,180000.0,3.0,3.0,2.0,2.0,2.0,2.0,0.0,2.0,4.0,6.0,2.0,0.0,0.0,1.0,500000.0,450000.0,2.0,304351.77,392976.0,749.0
12,6.0,1.0,3.0,1.0,4.0,2.0,31.0,120000.0,3.0,3.0,2.0,2.0,2.0,2.0,0.0,2.0,4.0,5.0,2.0,0.0,0.0,1.0,600000.0,208000.0,4.0,220983.79,283105.0,749.0
12,4.0,3.0,3.0,2.0,4.0,2.0,31.0,107889.66666666669,4.0,3.0,2.0,2.0,1.0,2.0,0.0,2.0,4.0,6.0,2.0,0.0,0.0,1.0,400000.0,116000.0,4.0,177733.55,145589.0,752.0
12,1.0,5.0,3.0,2.0,4.0,2.0,31.0,100000.0,3.0,3.0,2.0,1.0,2.0,2.0,60000.0,1.0,4.0,4.0,2.0,0.0,4000000.0,1.0,400000.0,260000.0,1.0,127470.24,381180.0,751.0
12,2.0,1.0,1.0,2.0,4.0,2.0,31.0,60000.0,5.0,3.0,2.0,2.0,2.0,2.0,100000.0,1.0,4.0,6.0,2.0,0.0,0.0,1.0,400000.0,80000.0,2.0,116765.16,81940.0,751.0
12,4.0,1.0,3.0,1.0,4.0,1.0,31.0,120000.0,3.0,3.0,2.0,2.0,2.0,2.0,0.0,2.0,4.0,2.0,2.0,0.0,0.0,1.0,400000.0,750000.0,2.0,302008.66,373066.0,745.0
12,4.0,1.0,3.0,1.0,4.0,1.0,31.0,200000.0,2.0,3.0,2.0,2.0,2.0,2.0,0.0,2.0,4.0,6.0,2.0,0.0,0.0,1.0,600000.0,235000.0,3.0,280676.65,451667.0,747.0
12,1.0,1.0,1.0,2.0,4.0,2.0,31.0,80000.0,3.0,3.0,2.0,2.0,2.0,2.0,0.0,2.0,4.0,6.0,2.0,0.0,0.0,1.0,200000.0,65000.0,1.0,91628.9,147244.0,752.0
12,2.0,1.0,4.0,2.0,4.0,2.0,31.0,120000.0,3.0,2.0,2.0,2.0,1.0,2.0,0.0,2.0,4.0,1.0,2.0,0.0,0.0,1.2222222222222223,189728.88888888888,70000.0,3.0,237590.0,246743.0,747.0
12,1.0,1.0,1.0,2.0,4.0,2.0,31.0,45000.0,3.0,2.0,2.0,2.0,1.0,2.0,0.0,2.0,4.0,1.0,2.0,0.0,0.0,1.0,170011.11111111112,71000.0,2.0,121903.7,89879.0,749.0
12,2.0,3.0,2.0,1.0,3.0,1.0,31.0,80000.0,3.0,3.0,2.0,2.0,1.0,2.0,0.0,2.0,4.0,1.0,2.0,0.0,0.0,1.0,150000.0,170000.0,2.0,105962.45,318966.0,746.0
12,1.0,1.0,1.0,2.0,4.0,2.0,31.0,45000.0,4.0,3.0,2.0,2.0,2.0,2.0,0.0,2.0,4.0,1.0,2.0,0.0,0.0,1.0,83555.55555555556,35000.0,1.0,90978.85,68797.0,756.0
12,4.0,1.0,3.0,1.0,4.0,1.0,31.0,100000.0,3.0,2.0,2.0,2.0,2.0,2.0,0.0,2.0,4.0,1.0,2.0,0.0,0.0,1.0,100000.0,301700.0,3.0,313467.75,361445.0,743.0
12,3.0,1.0,2.0,1.0,4.0,2.0,31.0,60000.0,3.0,3.0,2.0,2.0,2.0,2.0,0.0,2.0,4.0,1.0,2.0,0.0,0.0,1.0,200000.0,239000.0,6.0,233740.35,237879.0,744.0
12,6.0,1.0,3.0,1.0,4.0,1.0,31.0,150000.0,2.0,2.0,2.0,2.0,2.0,2.0,0.0,2.0,4.0,1.0,2.0,5000000.0,1000000.0,1.0,500000.0,494000.0,3.0,400122.35,537903.0,743.0
12,4.0,1.0,2.0,1.0,4.0,2.0,31.0,200000.0,2.0,2.0,2.0,2.0,2.0,2.0,0.0,2.0,4.0,1.0,2.0,0.0,0.0,1.0,300000.0,1500.0,1.0,241150.5,480630.0,745.0
12,2.0,1.0,3.0,2.0,4.0,2.0,31.0,150000.0,2.0,2.0,2.0,2.0,1.0,2.0,0.0,2.0,4.0,1.0,2.0,0.0,0.0,1.0,150000.0,1750.0,2.0,121886.8,249273.0,745.0
12,5.0,1.0,4.0,1.0,4.0,2.0,31.0,70000.0,3.0,3.0,2.0,2.0,1.0,2.0,0.0,2.0,1.0,1.0,2.0,500000.0,400000.0,1.0,200000.0,488000.0,4.0,139551.25,127584.0,746.0
12,4.0,1.0,5.0,1.0,4.0,2.0,31.0,80000.0,3.0,2.0,2.0,2.0,1.0,2.0,0.0,2.0,4.0,3.0,2.0,600000.0,400000.0,1.0,180000.0,380000.0,3.0,98305.7,135860.0,745.0
12,6.0,1.0,5.0,1.0,4.0,1.0,31.0,50000.0,2.0,2.0,2.0,2.0,2.0,1.0,40000.0,1.0,1.0,1.0,2.0,700000.0,500000.0,1.0,180000.0,1283000.0,7.0,113206.3,262743.0,340746.0
12,3.0,1.0,4.0,2.0,4.0,2.0,31.0,75000.0,3.0,2.0,2.0,1.0,1.0,2.0,0.0,2.0,4.0,1.0,1.0,300000.0,230000.0,1.0,130000.0,157200.0,4.0,40743.7,92345.0,752.0
12,1.0,1.0,3.0,2.0,4.0,2.0,31.0,90000.0,2.0,2.0,2.0,1.0,1.0,1.0,0.0,2.0,1.0,1.0,1.0,350000.0,200000.0,1.0,120000.0,67330.0,3.0,37994.1,89544.0,754.0
12,3.0,1.0,3.0,1.0,4.0,1.0,31.0,7.0,2.0,2.0,2.0,2.0,2.0,2.0,0.0,2.0,4.0,1.0,2.0,800000.0,500000.0,1.0,200000.0,640000.0,5.0,45501.0,133648.0,748.0
12,6.0,1.0,5.0,1.0,4.0,2.0,31.0,7.0,3.0,2.0,2.0,2.0,1.0,2.0,0.0,2.0,1.0,1.0,2.0,600000.0,450000.0,1.0,170000.0,247400.0,5.0,84824.9,88122.0,747.0
12,5.0,1.0,5.0,2.0,4.0,1.0,31.0,45000.0,2.0,2.0,2.0,1.0,2.0,1.0,25000.0,1.0,4.0,3.0,1.0,400000.0,300000.0,1.0,160000.0,1055000.0,4.0,94346.7,297372.0,750.0
12,6.0,1.0,5.0,1.0,4.0,2.0,31.0,60000.0,3.0,2.0,2.0,2.0,1.0,1.0,0.0,1.0,4.0,1.0,2.0,700000.0,500000.0,1.0,250000.0,485500.0,6.0,136672.9,215721.0,500746.0
12,6.0,1.0,5.0,1.0,4.0,1.0,31.0,148000.0,3.0,2.0,2.0,2.0,2.0,2.0,300000.0,1.0,4.0,6.0,2.0,1800000.0,850000.0,1.0,250000.0,193600.0,3.0,277050.89,340378.0,742.0
12,4.0,1.0,4.0,1.0,4.0,1.0,31.0,150000.0,3.0,2.0,2.0,2.0,2.0,2.0,350000.0,1.0,4.0,6.0,2.0,1600000.0,800000.0,1.0,500000.0,210000.0,2.0,255134.2,228093.0,739.0
12,3.0,1.0,4.0,2.0,4.0,1.0,31.0,120000.0,4.0,2.0,2.0,1.0,2.0,2.0,200000.0,1.0,4.0,6.0,2.0,1800000.0,800000.0,1.0,250000.0,160000.0,2.0,264741.59,156704.0,744.0
12,2.0,1.0,3.0,2.0,4.0,2.0,31.0,100000.0,4.0,2.0,2.0,2.0,1.0,2.0,0.0,2.0,4.0,3.0,2.0,800000.0,500000.0,1.0,180000.0,83300.0,3.0,131014.0,100400.0,750.0
12,1.0,1.0,2.0,2.0,4.0,2.0,31.0,100000.0,4.0,2.0,2.0,2.0,1.0,2.0,0.0,2.0,1.0,1.0,2.0,350000.0,250000.0,1.0,150000.0,53800.0,2.0,70926.25,91978.0,752.0
12,2.0,1.0,2.0,2.0,4.0,2.0,31.0,100000.0,4.0,2.0,2.0,2.0,1.0,2.0,20000.0,1.0,4.0,3.0,2.0,600000.0,400000.0,1.0,200000.0,80500.0,3.0,146847.6,112571.0,752.0
12,4.0,1.0,3.0,1.0,4.0,2.0,31.0,150000.0,3.0,2.0,2.0,2.0,2.0,2.0,200000.0,1.0,4.0,3.0,2.0,800000.0,500000.0,1.0,250000.0,490000.0,2.0,308534.1,176986.0,25745.0
12,5.0,1.0,2.0,2.0,4.0,2.0,31.0,88000.0,3.0,2.0,2.0,2.0,1.0,2.0,0.0,2.0,4.0,6.0,2.0,400000.0,300000.0,1.0,100000.0,38900.0,2.0,203406.3,147445.0,745.0
12,4.0,1.0,3.0,2.0,4.0,2.0,31.0,160000.0,3.0,2.0,2.0,2.0,1.0,2.0,0.0,2.0,4.0,6.0,2.0,800000.0,400000.0,1.0,200000.0,150000.0,2.0,303904.78,169496.0,746.0
12,2.0,1.0,3.0,2.0,4.0,2.0,31.0,80000.0,4.0,2.0,2.0,2.0,2.0,2.0,0.0,2.0,4.0,3.0,2.0,600000.0,400000.0,1.0,160000.0,79400.0,2.0,182054.7,100185.0,750.0
12,4.0,1.0,3.0,1.0,4.0,1.0,31.0,7.0,3.0,2.0,2.0,2.0,2.0,2.0,150000.0,1.0,4.0,6.0,2.0,1500000.0,500000.0,1.0,250000.0,95000.0,1.0,254185.23,93091.0,747.0
12,3.0,1.0,3.0,1.0,4.0,1.0,31.0,60000.0,3.0,2.0,2.0,2.0,2.0,2.0,60000.0,1.0,4.0,6.0,2.0,800000.0,500000.0,1.0,180000.0,138000.0,2.0,244972.85,172806.0,742.0
12,3.0,1.0,4.0,2.0,4.0,1.0,31.0,35000.0,3.0,2.0,2.0,2.0,2.0,2.0,300000.0,1.0,4.0,6.0,2.0,1000000.0,400000.0,1.0,200000.0,110000.0,1.0,219344.05,161586.0,745.0
12,1.0,1.0,3.0,2.0,4.0,2.0,31.0,68000.0,4.0,2.0,2.0,2.0,2.0,2.0,0.0,2.0,1.0,1.0,2.0,400000.0,300000.0,1.0,150000.0,82500.0,3.0,55395.3,70838.0,754.0
12,5.0,1.0,4.0,2.0,4.0,1.0,31.0,25000.0,3.0,2.0,2.0,2.0,2.0,2.0,100000.0,1.0,4.0,6.0,2.0,1800000.0,800000.0,1.0,250000.0,189700.0,3.0,247192.05,223633.0,747.0
12,1.0,1.0,3.0,2.0,4.0,2.0,31.0,70000.0,4.0,2.0,2.0,2.0,2.0,2.0,30000.0,1.0,4.0,6.0,2.0,600000.0,400000.0,1.0,200000.0,69900.0,2.0,129417.73,90425.0,753.0
12,6.0,1.0,4.0,2.0,4.0,2.0,31.0,70000.0,4.0,2.0,2.0,2.0,1.0,2.0,0.0,2.0,4.0,3.0,2.0,600000.0,400000.0,1.0,200000.0,79300.0,3.0,91185.7,139243.0,751.0
12,1.0,1.0,3.0,2.0,4.0,2.0,31.0,78000.0,4.0,2.0,2.0,2.0,2.0,2.0,30000.0,1.0,4.0,6.0,2.0,700000.0,400000.0,1.0,150000.0,94800.0,3.0,160529.88,84700.0,748.0
12,5.0,1.0,4.0,1.0,4.0,2.0,31.0,150000.0,3.0,2.0,2.0,1.0,1.0,2.0,0.0,2.0,4.0,6.0,2.0,0.0,600000.0,1.0,250000.0,142000.0,3.0,326817.67,282979.0,750.0
12,4.0,1.0,3.0,1.0,4.0,2.0,31.0,100000.0,3.0,3.0,2.0,1.0,1.0,2.0,0.0,2.0,4.0,6.0,2.0,3000000.0,800000.0,1.0,300000.0,330000.0,2.0,397217.72,262995.0,751.0
12,4.0,1.0,2.0,1.0,4.0,2.0,31.0,100000.0,3.0,2.0,2.0,2.0,2.0,2.0,0.0,2.0,4.0,6.0,2.0,0.0,0.0,1.0,180000.0,270000.0,3.0,319203.6,324917.0,751.0
12,2.0,1.0,3.0,2.0,4.0,2.0,31.0,50000.0,3.0,3.0,2.0,2.0,1.0,2.0,0.0,2.0,4.0,6.0,2.0,0.0,0.0,1.0,138888.88888888888,58700.0,2.0,93003.34,181859.0,754.0
12,4.0,1.0,3.0,1.0,4.0,1.0,31.0,18000.0,3.0,3.0,2.0,2.0,2.0,2.0,0.0,2.0,4.0,3.0,2.0,0.0,0.0,1.0,200000.0,185000.0,3.0,308294.65,487212.0,749.0
12,1.0,1.0,2.0,2.0,4.0,2.0,31.0,58667.444444444445,3.0,3.0,2.0,2.0,1.0,2.0,0.0,2.0,4.0,6.0,2.0,600000.0,300000.0,1.0,50000.0,42000.0,2.0,75110.29,74512.0,756.0
12,4.0,1.0,4.0,1.0,4.0,2.0,31.0,200000.0,3.0,3.0,2.0,2.0,2.0,2.0,0.0,2.0,4.0,6.0,2.0,0.0,0.0,1.0,150000.0,246000.0,2.0,329122.35,340172.0,20750.0
12,2.0,1.0,2.0,2.0,4.0,2.0,31.0,100000.0,3.0,2.0,2.0,2.0,2.0,2.0,0.0,2.0,4.0,6.0,2.0,0.0,0.0,1.0,261111.11111111112,102000.0,2.0,202854.52,324372.0,757.0
12,6.0,1.0,4.0,1.0,4.0,2.0,31.0,200000.0,3.0,2.0,2.0,2.0,2.0,2.0,0.0,2.0,4.0,6.0,2.0,0.0,800000.0,1.0,300000.0,175000.0,4.0,405084.02,216673.0,747.0
12,5.0,1.0,4.0,1.0,4.0,1.0,31.0,200000.0,3.0,2.0,2.0,2.0,2.0,2.0,0.0,2.0,4.0,6.0,2.0,1000000.0,500000.0,1.0,200000.0,195000.0,2.0,271069.4,420652.4,742.0
12,6.0,1.0,4.0,1.0,4.0,1.0,31.0,110000.0,3.0,2.0,2.0,1.0,2.0,2.0,0.0,2.0,4.0,6.0,2.0,2000000.0,1000000.0,1.0,100000.0,195000.0,3.0,276821.23,383799.0,743.0
12,4.0,1.0,4.0,1.0,4.0,1.0,31.0,120000.0,3.0,3.0,2.0,2.0,2.0,2.0,0.0,2.0,4.0,6.0,2.0,800000.0,500000.0,1.0,150000.0,310000.0,2.0,196099.44,175527.0,560745.0
12,3.0,1.0,4.0,1.0,4.0,1.0,31.0,200000.0,3.0,2.0,2.0,2.0,2.0,2.0,2000000.0,2.0,4.0,6.0,2.0,2000000.0,1000000.0,1.0,427777.77777777775,100000.0,1.0,222768.6,224371.0,746.0
12,5.0,1.0,3.0,1.0,4.0,2.0,31.0,200000.0,3.0,2.0,2.0,2.0,1.0,2.0,0.0,2.0,4.0,6.0,2.0,1000000.0,400000.0,1.0,150000.0,282300.0,3.0,292501.69,476517.5,744.0
12,2.0,1.0,4.0,2.0,4.0,2.0,31.0,70000.0,3.0,3.0,2.0,1.0,2.0,2.0,0.0,2.0,4.0,6.0,2.0,800000.0,200000.0,1.0,60000.0,91000.0,2.0,166973.96,158763.0,749.0
12,2.0,1.0,5.0,2.0,4.0,2.0,31.0,120000.0,4.0,3.0,2.0,1.0,1.0,2.0,0.0,2.0,4.0,2.0,2.0,500000.0,200000.0,1.0,60000.0,117000.0,3.0,66873.36,53112.0,751.0
12,7.0,1.0,5.0,1.0,4.0,1.0,31.0,130000.0,4.0,3.0,2.0,2.0,1.0,2.0,700000.0,1.0,4.0,4.0,2.0,1500000.0,400000.0,1.0,183333.33333333337,150000.0,2.0,191460.74,249969.0,750.0
12,5.0,1.0,5.0,1.0,4.0,1.0,31.0,150000.0,3.0,3.0,2.0,2.0,2.0,2.0,1000000.0,1.0,4.0,1.0,2.0,1000000.0,800000.0,1.0,100000.0,240000.0,3.0,314061.58,339379.0,747.0
12,2.0,1.0,4.0,1.0,4.0,2.0,31.0,60000.0,3.0,2.0,2.0,2.0,2.0,2.0,0.0,2.0,4.0,6.0,2.0,0.0,0.0,1.0,200000.0,361000.0,2.0,185448.205,241565.0,747.0
12,2.0,1.0,3.0,1.0,4.0,2.0,31.0,130000.0,2.0,2.0,2.0,2.0,1.0,2.0,0.0,2.0,4.0,4.0,2.0,0.0,0.0,1.0,100000.0,79000.0,3.0,97445.0,118970.0,240744.0
12,3.0,1.0,5.0,2.0,4.0,2.0,31.0,280000.0,2.0,2.0,2.0,2.0,1.0,2.0,800000.0,1.0,4.0,6.0,2.0,0.0,0.0,1.0,150000.0,138200.0,4.0,95657.12,378707.0,744.0
12,3.0,1.0,3.0,1.0,4.0,2.0,31.0,120000.0,3.0,2.0,2.0,2.0,2.0,2.0,0.0,2.0,4.0,5.0,2.0,0.0,5000.0,1.0,200000.0,210000.0,2.0,272278.14,191745.0,742.0
12,2.0,1.0,1.0,2.0,4.0,2.0,31.0,20000.0,5.0,3.0,2.0,2.0,2.0,2.0,0.0,1.0,1.0,5.0,2.0,0.0,0.0,1.0,50000.0,60000.0,2.0,102823.75,68784.0,753.0
12,4.0,1.0,4.0,1.0,4.0,1.0,31.0,140000.0,2.0,2.0,2.0,2.0,1.0,2.0,0.0,2.0,4.0,6.0,2.0,4000000.0,2000000.0,1.0,320000.0,320000.0,2.0,286253.48,581820.0,743.0
12,5.0,1.0,4.0,1.0,4.0,2.0,31.0,140000.0,2.0,2.0,2.0,2.0,1.0,2.0,1700000.0,1.0,4.0,6.0,2.0,0.0,3000000.0,1.0,400000.0,657200.0,4.0,317879.51,207968.0,2400747.0
12,2.0,1.0,1.0,2.0,4.0,2.0,31.0,20000.0,5.0,3.0,2.0,2.0,2.0,2.0,0.0,2.0,3.0,5.0,2.0,0.0,0.0,1.0,55000.0,72000.0,2.0,114386.91,65620.0,755.0
12,3.0,1.0,1.0,2.0,4.0,2.0,31.0,50000.0,4.0,3.0,2.0,2.0,2.0,2.0,50000.0,1.0,4.0,6.0,2.0,0.0,2000.0,1.0,150000.0,150000.0,2.0,145083.82,108155.0,748.0
12,6.0,1.0,3.0,1.0,4.0,2.0,31.0,200000.0,3.0,2.0,2.0,2.0,2.0,2.0,0.0,2.0,4.0,6.0,2.0,0.0,0.0,1.0,250000.0,355000.0,3.0,299833.08,323325.0,741.0
12,5.0,1.0,3.0,1.0,4.0,2.0,31.0,75000.0,3.0,2.0,2.0,2.0,1.0,2.0,250000.0,1.0,1.0,6.0,2.0,0.0,0.0,1.0,250000.0,63800.0,3.0,235085.69,641401.0,742.0
12,2.0,1.0,1.0,2.0,4.0,2.0,31.0,60000.0,3.0,3.0,2.0,2.0,2.0,2.0,0.0,2.0,4.0,6.0,2.0,0.0,0.0,1.0,150000.0,140000.0,2.0,309525.63,190811.0,749.0
12,1.0,1.0,3.0,2.0,4.0,2.0,31.0,45000.0,3.0,2.0,2.0,2.0,2.0,2.0,30000.0,1.0,4.0,6.0,2.0,0.0,0.0,1.0,100000.0,62500.0,2.0,165372.83000000002,102293.0,752.0
12,2.0,1.0,2.0,2.0,4.0,2.0,30.0,65000.0,3.0,3.0,2.0,2.0,2.0,2.0,400000.0,1.0,4.0,6.0,2.0,0.0,0.0,1.0,150000.0,120000.0,2.0,232834.37,264408.0,749.0
12,1.0,3.0,1.0,2.0,4.0,2.0,30.0,45000.0,3.0,3.0,2.0,2.0,2.0,2.0,0.0,2.0,4.0,6.0,2.0,0.0,0.0,1.0,100000.0,72000.0,2.0,116346.7,241865.0,752.0
12,4.0,1.0,2.0,2.0,4.0,2.0,31.0,80000.0,3.0,2.0,2.0,2.0,2.0,2.0,150000.0,1.0,4.0,6.0,2.0,0.0,0.0,1.0,250000.0,170000.0,2.0,293439.0,195398.0,300750.0
12,4.0,1.0,3.0,1.0,4.0,1.0,31.0,180000.0,3.0,2.0,2.0,1.0,2.0,2.0,0.0,2.0,4.0,6.0,2.0,0.0,0.0,1.0,300000.0,207500.0,2.0,387329.7,246016.0,743.0
12,4.0,1.0,2.0,1.0,4.0,1.0,31.0,200000.0,3.0,2.0,2.0,2.0,2.0,2.0,0.0,2.0,4.0,6.0,2.0,0.0,0.0,1.0,300000.0,285000.0,3.0,341388.5,380232.0,740.0
12,7.0,1.0,4.0,1.0,4.0,2.0,31.0,40000.0,3.0,3.0,2.0,2.0,2.0,2.0,280000.0,1.0,4.0,6.0,2.0,2000000.0,1500000.0,1.0,1000000.0,345000.0,5.0,216459.825,101146.0,747.0
12,2.0,1.0,5.0,1.0,4.0,1.0,31.0,135000.0,3.0,3.0,2.0,2.0,2.0,2.0,0.0,2.0,4.0,3.0,2.0,0.0,0.0,1.2222222222222223,333511.6666666667,180000.0,2.0,200471.7,111654.0,745.0
12,4.0,1.0,4.0,1.0,4.0,1.0,31.0,7.0,3.0,3.0,2.0,2.0,2.0,2.0,8000000.0,1.0,4.0,6.0,2.0,0.0,0.0,1.2222222222222223,398352.77777777775,321000.0,3.0,280057.7,134042.0,744.0
12,7.0,1.0,4.0,1.0,4.0,1.0,31.0,7.0,4.0,3.0,2.0,2.0,2.0,2.0,3200000.0,1.0,4.0,6.0,2.0,1000000.0,800000.0,1.0,600000.0,170340.0,3.0,148014.95,145796.0,749.0
12,6.0,1.0,4.0,1.0,4.0,1.0,31.0,140000.0,2.0,1.0,2.0,2.0,2.0,2.0,100000.0,1.0,4.0,6.0,2.0,0.0,0.0,1.2222222222222223,360118.8888888889,280000.0,2.0,234318.0,216026.0,744.0
12,3.0,1.0,4.0,1.0,4.0,2.0,31.0,120000.0,3.0,3.0,2.0,2.0,2.0,2.0,0.0,2.0,4.0,6.0,2.0,0.0,0.0,1.2222222222222223,313511.6666666667,177000.0,3.0,195605.35,107312.0,747.0
12,6.0,1.0,5.0,1.0,4.0,1.0,31.0,120000.0,2.0,3.0,2.0,2.0,2.0,2.0,0.0,2.0,4.0,6.0,2.0,7000.0,6000.0,3.0,1931720.0,179000.0,3.0,240944.95,186991.0,743.0
12,5.0,1.0,5.0,2.0,4.0,2.0,31.0,7.0,3.0,3.0,2.0,2.0,2.0,2.0,80000.0,1.0,4.0,6.0,2.0,3000.0,2500.0,3.0,965860.0,230000.0,2.0,151129.6,66252.0,751.0
12,3.0,1.0,3.0,2.0,4.0,2.0,31.0,7.0,3.0,3.0,2.0,2.0,2.0,2.0,0.0,2.0,4.0,2.0,2.0,500000.0,400000.0,1.0,300000.0,125000.0,4.0,152634.2,116887.0,751.0
12,5.0,1.0,6.0,2.0,4.0,1.0,31.0,115000.0,3.0,3.0,2.0,2.0,2.0,2.0,280000.0,1.0,4.0,6.0,2.0,3500000.0,3000000.0,1.0,2850000.0,162000.0,2.0,242136.95,415057.0,748.0
12,5.0,1.0,5.0,1.0,4.0,1.0,31.0,100000.0,3.0,3.0,2.0,2.0,2.0,2.0,150000.0,1.0,4.0,5.0,2.0,4800000.0,3000000.0,1.0,2000000.0,260000.0,2.0,255965.75,442454.0,746.0
12,6.0,1.0,5.0,1.0,4.0,1.0,31.0,108000.0,3.0,3.0,2.0,2.0,2.0,2.0,300000.0,1.0,4.0,4.0,2.0,5000000.0,4000000.0,1.0,3000000.0,466000.0,4.0,289017.25,584839.0,745.0
12,3.0,1.0,5.0,1.0,4.0,1.0,31.0,70000.0,3.0,3.0,2.0,2.0,2.0,2.0,150000.0,1.0,4.0,4.0,2.0,4500000.0,4000000.0,1.0,3800000.0,200000.0,1.0,258566.35,452793.0,745.0
12,6.0,1.0,4.0,1.0,4.0,1.0,31.0,97000.0,3.0,3.0,2.0,2.0,2.0,2.0,280000.0,1.0,4.0,5.0,2.0,3800000.0,3000000.0,1.0,2000000.0,295000.0,2.0,310302.75,654538.0,744.0
12,3.0,1.0,4.0,2.0,4.0,1.0,31.0,86000.0,3.0,2.0,2.0,2.0,2.0,2.0,0.0,2.0,4.0,5.0,2.0,3000000.0,2800000.0,1.0,2000000.0,628000.0,3.0,279440.1,372448.0,745.0
12,5.0,1.0,3.0,1.0,4.0,1.0,31.0,92000.0,3.0,3.0,2.0,2.0,2.0,2.0,300000.0,1.0,4.0,6.0,2.0,10000.0,8000.0,3.0,2414650.0,420000.0,3.0,270209.15,429008.0,744.0
12,7.0,1.0,3.0,2.0,4.0,1.0,31.0,77000.0,3.0,3.0,2.0,2.0,1.0,2.0,100000.0,1.0,4.0,5.0,2.0,4500000.0,4000000.0,1.0,3500000.0,262000.0,2.0,256138.2,467605.0,747.0
12,4.0,1.0,4.0,1.0,4.0,1.0,31.0,92000.0,3.0,2.0,2.0,2.0,2.0,2.0,350000.0,1.0,4.0,5.0,2.0,4000000.0,3500000.0,1.0,3000000.0,400000.0,2.0,235676.75,410694.0,744.0
12,7.0,1.0,7.0,1.0,4.0,1.0,31.0,120000.0,3.0,2.0,2.0,2.0,2.0,2.0,0.0,2.0,4.0,6.0,2.0,0.0,1000000.0,1.0,200000.0,211000.0,4.0,231271.6,406205.0,743.0
12,1.0,5.0,3.0,2.0,4.0,1.0,31.0,90000.0,2.0,3.0,2.0,2.0,1.0,2.0,0.0,2.0,4.0,6.0,2.0,0.0,0.0,1.0,228888.88888888888,350000.0,1.0,51011.15,111422.0,751.0
12,4.0,3.0,2.0,2.0,4.0,1.0,31.0,129445.22222222222,3.0,3.0,2.0,2.0,1.0,2.0,0.0,2.0,4.0,6.0,2.0,0.0,0.0,1.2222222222222223,207540.55555555556,180000.0,1.0,77604.5,205016.0,749.0
12,2.0,1.0,3.0,2.0,4.0,1.0,31.0,80000.0,3.0,3.0,2.0,2.0,2.0,2.0,0.0,2.0,4.0,3.0,2.0,0.0,0.0,1.0,202222.22222222225,125000.0,1.0,70444.3,178338.0,1100752.0
12,3.0,1.0,4.0,2.0,4.0,2.0,31.0,120000.0,3.0,3.0,2.0,2.0,2.0,2.0,0.0,2.0,4.0,6.0,2.0,0.0,0.0,1.2222222222222223,256694.44444444444,153900.0,4.0,80482.0,102255.0,753.0
12,6.0,1.0,4.0,2.0,4.0,1.0,31.0,200000.0,3.0,2.0,2.0,2.0,2.0,2.0,550000.0,1.0,4.0,4.0,2.0,0.0,500000.0,1.0,300000.0,160000.0,1.0,208653.9,424498.0,750.0
12,6.0,1.0,5.0,1.0,4.0,2.0,31.0,7.0,3.0,3.0,2.0,2.0,2.0,2.0,0.0,2.0,4.0,6.0,2.0,0.0,0.0,1.3333333333333333,178030.0,107000.0,2.0,128525.1,121612.0,400751.0
12,5.0,1.0,4.0,1.0,4.0,1.0,31.0,50000.0,2.0,2.0,2.0,2.0,2.0,2.0,0.0,2.0,4.0,6.0,2.0,0.0,0.0,1.2222222222222223,378531.1111111111,200000.0,1.0,239634.9,350825.0,748.0
12,4.0,1.0,3.0,1.0,4.0,2.0,31.0,150000.0,3.0,3.0,2.0,2.0,2.0,2.0,0.0,2.0,4.0,3.0,2.0,0.0,0.0,1.0,250000.0,200000.0,1.0,184384.83,208847.0,749.0
12,5.0,1.0,3.0,1.0,4.0,1.0,31.0,100000.0,2.0,2.0,2.0,2.0,2.0,2.0,130000.0,1.0,4.0,4.0,2.0,0.0,1000000.0,1.0,500000.0,107000.0,2.0,188475.95,161544.0,745.0
12,4.0,1.0,3.0,1.0,4.0,2.0,31.0,70000.0,3.0,3.0,2.0,2.0,1.0,2.0,100000.0,1.0,1.0,6.0,2.0,0.0,400000.0,1.0,200000.0,88100.0,3.0,250591.08,90194.0,748.0
12,6.0,1.0,2.0,1.0,4.0,2.0,31.0,120000.0,2.0,2.0,2.0,2.0,2.0,2.0,500000.0,1.0,4.0,6.0,2.0,0.0,800000.0,1.0,400000.0,150000.0,1.0,312231.5,182943.0,748.0
12,5.0,1.0,3.0,2.0,4.0,2.0,31.0,60000.0,3.0,2.0,2.0,2.0,2.0,2.0,0.0,2.0,4.0,4.0,2.0,0.0,1000000.0,1.0,500000.0,84000.0,3.0,252797.11,158629.0,751.0
12,3.0,1.0,4.0,1.0,4.0,2.0,31.0,100000.0,2.0,3.0,2.0,2.0,2.0,2.0,150000.0,1.0,4.0,6.0,2.0,0.0,600000.0,1.0,300000.0,215000.0,3.0,281234.5,71239.0,748.0
12,5.0,5.0,2.0,1.0,4.0,2.0,31.0,100000.0,3.0,2.0,2.0,2.0,1.0,2.0,0.0,2.0,4.0,6.0,2.0,0.0,600000.0,1.0,300000.0,130000.0,2.0,195144.95,114856.0,751.0
12,1.0,1.0,3.0,2.0,4.0,2.0,31.0,40000.0,3.0,3.0,2.0,2.0,2.0,2.0,0.0,2.0,4.0,6.0,2.0,0.0,200000.0,1.0,100000.0,37000.0,1.0,121060.6,26374.0,753.0
12,5.0,1.0,2.0,1.0,4.0,2.0,31.0,60000.0,3.0,2.0,2.0,2.0,1.0,2.0,200000.0,1.0,4.0,5.0,2.0,0.0,800000.0,1.0,400000.0,158200.0,4.0,308678.25,101686.0,748.0
12,4.0,1.0,3.0,1.0,4.0,2.0,31.0,150000.0,2.0,2.0,2.0,2.0,1.0,2.0,200000.0,1.0,4.0,5.0,2.0,0.0,400000.0,1.0,200000.0,41400.0,2.0,151018.0,66630.0,748.0
12,2.0,1.0,3.0,2.0,4.0,2.0,31.0,120000.0,4.0,3.0,2.0,2.0,2.0,2.0,0.0,2.0,4.0,6.0,2.0,0.0,0.0,1.2222222222222223,223540.44444444444,92000.0,2.0,149800.05,28001.0,756.0
12,2.0,1.0,6.0,1.0,4.0,1.0,31.0,300000.0,2.0,2.0,2.0,2.0,1.0,1.0,0.0,2.0,4.0,1.0,2.0,2000000.0,1000000.0,1.0,200000.0,133000.0,2.0,311368.7,293949.0,739.0
12,5.0,1.0,4.0,1.0,4.0,1.0,31.0,200000.0,3.0,2.0,2.0,2.0,1.0,2.0,0.0,2.0,4.0,1.0,2.0,2000000.0,1500000.0,1.0,300000.0,152000.0,2.0,258966.7,165778.0,741.0
12,2.0,1.0,3.0,2.0,4.0,2.0,31.0,120000.0,3.0,3.0,2.0,2.0,2.0,2.0,0.0,2.0,4.0,1.0,2.0,1000000.0,800000.0,1.0,200000.0,78000.0,2.0,130086.9,45049.0,753.0
12,4.0,1.0,4.0,1.0,4.0,1.0,31.0,160000.0,3.0,2.0,2.0,1.0,1.0,2.0,0.0,2.0,4.0,3.0,2.0,2000.0,1500.0,1.0,200000.0,328000.0,2.0,218346.5,136897.0,742.0
12,3.0,1.0,4.0,1.0,4.0,1.0,31.0,160000.0,3.0,1.0,2.0,2.0,1.0,2.0,0.0,2.0,4.0,1.0,2.0,3000000.0,2000000.0,1.0,200000.0,450000.0,2.0,238785.2,193399.0,740.0
12,3.0,1.0,6.0,1.0,4.0,1.0,31.0,180000.0,3.0,2.0,2.0,2.0,1.0,2.0,0.0,2.0,4.0,1.0,2.0,2000000.0,1500000.0,1.0,300000.0,230000.0,2.0,166555.0,142235.0,743.0
12,3.0,1.0,4.0,1.0,4.0,2.0,31.0,140000.0,3.0,2.0,2.0,2.0,2.0,2.0,200000.0,1.0,4.0,1.0,2.0,1500000.0,1000000.0,1.0,200000.0,164000.0,3.0,207167.8,135663.0,745.0
12,3.0,1.0,4.0,1.0,4.0,1.0,31.0,140000.0,3.0,2.0,2.0,2.0,1.0,1.0,0.0,2.0,4.0,1.0,2.0,2000000.0,1500000.0,1.0,200000.0,132000.0,2.0,186627.3,197058.0,744.0
12,1.0,1.0,3.0,1.0,4.0,2.0,31.0,85000.0,2.0,2.0,2.0,2.0,1.0,2.0,0.0,2.0,4.0,6.0,2.0,1500000.0,300000.0,1.0,80000.0,76500.0,1.0,135258.0,80197.0,748.0
12,4.0,1.0,2.0,1.0,4.0,2.0,31.0,120000.0,2.0,2.0,2.0,2.0,1.0,2.0,0.0,2.0,1.0,4.0,2.0,3500000.0,2000000.0,1.0,180000.0,179000.0,2.0,218301.4,192985.0,741.0
12,4.0,1.0,5.0,1.0,4.0,1.0,31.0,200000.0,1.0,2.0,2.0,2.0,2.0,1.0,0.0,2.0,4.0,4.0,2.0,4000000.0,3000000.0,1.0,250000.0,545000.0,2.0,272319.7,203637.0,739.0
12,5.0,1.0,3.0,1.0,4.0,2.0,31.0,160000.0,2.0,2.0,2.0,2.0,1.0,2.0,0.0,2.0,1.0,4.0,2.0,4500000.0,300000.0,1.0,200000.0,140500.0,4.0,201723.45,222825.0,744.0
12,2.0,1.0,3.0,1.0,4.0,2.0,31.0,120000.0,2.0,2.0,2.0,2.0,2.0,2.0,0.0,2.0,4.0,4.0,2.0,3000000.0,2000000.0,1.0,200000.0,170000.0,2.0,244154.8,167875.0,745.0
12,8.0,1.0,3.0,1.0,4.0,1.0,31.0,250000.0,3.0,2.0,2.0,2.0,1.0,2.0,0.0,2.0,4.0,4.0,2.0,6000000.0,1000000.0,1.0,250000.0,235000.0,3.0,253263.6,260698.0,740.0
12,3.0,1.0,3.0,1.0,4.0,1.0,31.0,140000.0,2.0,2.0,2.0,2.0,2.0,2.0,0.0,2.0,4.0,4.0,2.0,5000000.0,3000000.0,1.0,200000.0,200000.0,1.0,242452.3,182335.0,742.0
12,1.0,1.0,1.0,2.0,4.0,2.0,31.0,60000.0,3.0,2.0,2.0,2.0,2.0,2.0,0.0,2.0,3.0,4.0,2.0,1500000.0,300000.0,1.0,40000.0,48000.0,1.0,129091.3,109940.0,750.0
12,4.0,1.0,3.0,1.0,4.0,2.0,31.0,120000.0,2.0,2.0,2.0,2.0,1.0,1.0,0.0,2.0,4.0,6.0,2.0,5000000.0,3500000.0,1.0,250000.0,194900.0,4.0,195121.1,155109.0,744.0
12,2.0,1.0,4.0,1.0,4.0,2.0,31.0,110000.0,2.0,2.0,2.0,2.0,1.0,2.0,0.0,2.0,4.0,6.0,2.0,1000000.0,0.0,1.0,160000.0,235000.0,2.0,433757.0,281020.0,747.0
12,3.0,1.0,3.0,1.0,4.0,2.0,31.0,170000.0,3.0,3.0,2.0,2.0,1.0,2.0,0.0,2.0,4.0,6.0,2.0,0.0,0.0,1.0,300000.0,230000.0,2.0,294578.95,171509.0,744.0
12,2.0,1.0,3.0,1.0,4.0,2.0,31.0,200000.0,2.0,2.0,2.0,2.0,2.0,2.0,300000.0,1.0,4.0,6.0,2.0,0.0,0.0,1.0,260000.0,100000.0,1.0,274813.2,158983.0,744.0
12,4.0,1.0,5.0,1.0,4.0,2.0,31.0,210000.0,3.0,2.0,2.0,2.0,1.0,2.0,0.0,2.0,4.0,6.0,2.0,1700000.0,600000.0,1.0,260000.0,228000.0,2.0,286457.25,162732.0,66746.0
12,5.0,1.0,3.0,1.0,4.0,2.0,31.0,200000.0,3.0,2.0,2.0,2.0,1.0,2.0,0.0,2.0,4.0,5.0,2.0,0.0,0.0,1.0,350000.0,200000.0,1.0,393992.55,307830.0,746.0
12,2.0,1.0,4.0,1.0,4.0,2.0,31.0,200000.0,3.0,3.0,2.0,2.0,1.0,2.0,0.0,2.0,4.0,6.0,2.0,0.0,0.0,1.0,140000.0,61000.0,2.0,169520.6,59375.0,746.0
12,4.0,1.0,4.0,1.0,4.0,2.0,31.0,190000.0,3.0,3.0,2.0,2.0,2.0,2.0,0.0,2.0,4.0,6.0,2.0,0.0,0.0,1.0,360000.0,220000.0,1.0,291960.5,87653.0,743.0
12,1.0,1.0,4.0,2.0,4.0,2.0,31.0,70000.0,2.0,3.0,2.0,2.0,1.0,2.0,0.0,2.0,4.0,6.0,2.0,0.0,0.0,1.0,40000.0,26000.0,1.0,30211.6,43368.0,752.0
12,3.0,1.0,4.0,1.0,4.0,2.0,31.0,160000.0,2.0,3.0,2.0,2.0,1.0,2.0,0.0,2.0,4.0,6.0,2.0,0.0,0.0,1.0,200000.0,193000.0,2.0,303526.0,242340.0,126747.0
12,6.0,1.0,4.0,1.0,4.0,1.0,30.0,140000.0,3.0,2.0,2.0,2.0,2.0,2.0,500000.0,1.0,4.0,4.0,2.0,1000000.0,600000.0,1.0,300000.0,299000.0,4.0,215403.66,443120.0,19148.0
12,4.0,1.0,5.0,1.0,4.0,1.0,30.0,135000.0,3.0,2.0,2.0,2.0,2.0,2.0,400000.0,1.0,1.0,3.0,1.0,800000.0,400000.0,1.0,200000.0,189000.0,2.0,173241.55,376248.0,744.0
12,2.0,1.0,3.0,1.0,4.0,1.0,30.0,90000.0,4.0,2.0,2.0,2.0,2.0,2.0,280000.0,1.0,4.0,5.0,2.0,500000.0,300000.0,1.0,150000.0,200000.0,1.0,198035.71,316362.0,360749.0
12,1.0,1.0,3.0,2.0,4.0,2.0,30.0,75000.0,4.0,2.0,2.0,2.0,2.0,2.0,25000.0,1.0,1.0,4.0,2.0,200000.0,150000.0,1.0,60000.0,55000.0,2.0,138544.95,53698.0,752.0
12,2.0,1.0,4.0,1.0,4.0,2.0,30.0,120000.0,3.0,2.0,2.0,2.0,1.0,2.0,50000.0,1.0,4.0,4.0,2.0,400000.0,250000.0,1.0,120000.0,39000.0,2.0,144565.14,250016.0,747.0
12,1.0,1.0,3.0,1.0,4.0,2.0,30.0,80000.0,3.0,2.0,2.0,2.0,1.0,2.0,60000.0,1.0,4.0,3.0,2.0,300000.0,200000.0,1.0,100000.0,275200.0,2.0,198928.47,233789.0,50746.0
12,6.0,1.0,4.0,1.0,4.0,1.0,30.0,150000.0,3.0,2.0,2.0,2.0,1.0,2.0,600000.0,1.0,1.0,3.0,2.0,1000000.0,800000.0,1.0,400000.0,149000.0,3.0,238277.97,449071.0,1300746.0
12,5.0,1.0,5.0,1.0,4.0,1.0,30.0,130000.0,4.0,2.0,2.0,1.0,1.0,2.0,650000.0,1.0,4.0,4.0,2.0,1000000.0,800000.0,1.0,300000.0,65000.0,2.0,207868.14,592454.0,744.0
12,3.0,1.0,3.0,1.0,4.0,1.0,30.0,125000.0,3.0,2.0,2.0,2.0,1.0,2.0,350000.0,1.0,4.0,3.0,2.0,600000.0,400000.0,1.0,200000.0,198250.0,3.0,186756.69,543884.0,6746.0
12,6.0,1.0,2.0,1.0,4.0,2.0,15.0,100000.0,4.0,2.0,2.0,1.0,1.0,1.0,0.0,2.0,4.0,2.0,2.0,3000000.0,1000000.0,1.0,400000.0,1059000.0,5.0,523967.69,999708.0,740.0
12,2.0,3.0,3.0,2.0,2.0,2.0,15.0,60000.0,3.0,3.0,2.0,1.0,1.0,2.0,20000.0,1.0,4.0,6.0,2.0,0.0,400000.0,1.0,150000.0,120000.0,2.0,90388.75,318307.0,752.0
12,5.0,1.0,1.0,1.0,4.0,2.0,15.0,120000.0,4.0,2.0,2.0,1.0,1.0,2.0,0.0,1.0,1.0,2.0,2.0,0.0,600000.0,1.0,200000.0,63000.0,3.0,293593.15,258320.0,745.0
12,4.0,1.0,3.0,1.0,4.0,1.0,15.0,150000.0,3.0,2.0,2.0,1.0,1.0,1.0,0.0,2.0,4.0,6.0,2.0,1000000.0,500000.0,1.0,200000.0,260000.0,2.0,357848.78,373442.0,739.0
12,7.0,1.0,3.0,1.0,4.0,2.0,15.0,180000.0,3.0,2.0,2.0,1.0,1.0,2.0,200000.0,1.0,4.0,3.0,2.0,0.0,0.0,1.0,300000.0,300000.0,3.0,268892.37,399776.0,748.0
12,2.0,1.0,1.0,2.0,4.0,2.0,15.0,80000.0,3.0,2.0,2.0,1.0,1.0,2.0,20000.0,1.0,4.0,6.0,2.0,0.0,300000.0,1.0,150000.0,142800.0,3.0,210588.67,427825.0,6753.0
12,4.0,1.0,1.0,1.0,4.0,2.0,15.0,120000.0,3.0,2.0,2.0,1.0,1.0,2.0,0.0,2.0,4.0,6.0,2.0,1000000.0,500000.0,1.0,200000.0,200000.0,1.0,210406.55,352238.0,747.0
12,3.0,1.0,1.0,1.0,4.0,2.0,15.0,150000.0,4.0,2.0,2.0,1.0,1.0,2.0,300000.0,1.0,4.0,2.0,2.0,1000000.0,600000.0,1.0,250000.0,1250000.0,5.0,379602.48,317474.0,554744.0
12,5.0,1.0,3.0,1.0,4.0,2.0,15.0,200000.0,3.0,2.0,2.0,1.0,1.0,2.0,300000.0,1.0,4.0,1.0,2.0,0.0,1000000.0,1.0,400000.0,700000.0,5.0,240794.8,819780.0,1400746.0
12,2.0,1.0,3.0,2.0,4.0,2.0,30.0,110000.0,5.0,1.0,2.0,2.0,1.0,2.0,0.0,2.0,4.0,3.0,2.0,300000.0,200000.0,1.0,50000.0,33200.0,2.0,132475.25,163372.0,752.0
12,7.0,1.0,2.0,1.0,4.0,1.0,30.0,78000.0,2.0,3.0,2.0,2.0,1.0,2.0,0.0,1.0,4.0,2.0,2.0,500000.0,300000.0,1.0,150000.0,159000.0,3.0,208292.45,221662.0,744.0
12,3.0,1.0,3.0,2.0,4.0,2.0,30.0,65000.0,3.0,3.0,2.0,2.0,2.0,2.0,40000.0,1.0,4.0,5.0,2.0,1000.0,300000.0,1.0,60000.0,83000.0,3.0,82243.825,116119.0,750.0
12,2.0,1.0,3.0,2.0,4.0,2.0,30.0,56000.0,3.0,3.0,2.0,2.0,2.0,2.0,20000.0,1.0,1.0,3.0,2.0,0.0,150000.0,1.0,50000.0,71000.0,4.0,214161.88,136451.0,754.0
12,1.0,1.0,2.0,2.0,4.0,2.0,30.0,80000.0,5.0,1.0,2.0,2.0,2.0,2.0,15000.0,1.0,1.0,6.0,2.0,0.0,200000.0,1.0,50000.0,65000.0,3.0,33939.4,39621.0,755.0
12,1.0,1.0,2.0,2.0,4.0,2.0,30.0,70000.0,5.0,3.0,2.0,2.0,2.0,2.0,0.0,2.0,4.0,6.0,2.0,100000.0,60000.0,1.0,38000.0,38000.0,1.0,71384.44,34509.0,758.0
12,1.0,1.0,3.0,2.0,4.0,2.0,30.0,60000.0,3.0,3.0,2.0,2.0,2.0,2.0,0.0,2.0,4.0,5.0,2.0,200000.0,100000.0,1.0,42000.0,42000.0,1.0,55603.0,64283.0,752.0
12,6.0,1.0,3.0,1.0,4.0,2.0,30.0,100000.0,3.0,1.0,2.0,2.0,2.0,2.0,50000.0,1.0,1.0,3.0,2.0,500000.0,250000.0,1.0,60000.0,113000.0,3.0,246626.85,340585.0,750.0
12,2.0,1.0,2.0,2.0,4.0,1.0,30.0,65000.0,3.0,3.0,2.0,2.0,2.0,2.0,0.0,2.0,4.0,6.0,2.0,200000.0,150000.0,1.0,70000.0,76000.0,2.0,120223.9,136877.0,751.0
12,1.0,1.0,2.0,2.0,4.0,2.0,30.0,30000.0,4.0,3.0,2.0,2.0,2.0,2.0,0.0,2.0,4.0,3.0,2.0,0.0,150000.0,1.0,60000.0,28600.0,1.0,42413.01,56747.0,750.0
12,1.0,3.0,1.0,2.0,2.0,2.0,30.0,30000.0,4.0,3.0,2.0,2.0,2.0,2.0,300000.0,2.0,4.0,4.0,2.0,0.0,0.0,1.0,100000.0,70000.0,1.0,71644.3,60116.0,755.0
12,4.0,1.0,3.0,2.0,4.0,2.0,30.0,90000.0,3.0,3.0,2.0,2.0,1.0,2.0,800000.0,1.0,4.0,5.0,2.0,0.0,600000.0,1.0,150000.0,116200.0,3.0,182490.92,224931.0,748.0
12,4.0,3.0,2.0,2.0,4.0,2.0,30.0,7.0,3.0,3.0,2.0,2.0,1.0,2.0,1100000.0,2.0,4.0,6.0,2.0,0.0,300000.0,1.0,100000.0,15000.0,1.0,97910.08,43601.0,753.0
12,2.0,1.0,3.0,1.0,4.0,2.0,30.0,100000.0,3.0,1.0,2.0,2.0,1.0,2.0,0.0,2.0,4.0,6.0,2.0,1000000.0,500000.0,1.0,150000.0,300.0,1.0,265840.84,166189.0,600745.0
12,1.0,1.0,4.0,2.0,4.0,2.0,30.0,30000.0,3.0,3.0,2.0,2.0,2.0,2.0,0.0,2.0,4.0,6.0,2.0,0.0,100000.0,1.0,50000.0,30000.0,1.0,101846.08,30551.0,752.0
12,3.0,1.0,2.0,1.0,4.0,2.0,30.0,180000.0,3.0,3.0,2.0,2.0,2.0,2.0,500000.0,1.0,4.0,6.0,2.0,0.0,500000.0,1.0,150000.0,5000.0,2.0,253621.64,119071.0,1000744.0
12,1.0,5.0,2.0,2.0,4.0,2.0,30.0,36000.0,4.0,3.0,2.0,2.0,2.0,2.0,45000.0,1.0,3.0,6.0,2.0,0.0,200000.0,1.0,100000.0,25000.0,1.0,62910.52,74533.0,755.0
12,5.0,1.0,4.0,1.0,4.0,2.0,30.0,48000.0,3.0,3.0,2.0,2.0,1.0,2.0,1000000.0,1.0,4.0,5.0,2.0,0.0,500000.0,1.0,150000.0,107000.0,3.0,233908.82,177712.0,747.0
12,5.0,1.0,3.0,1.0,4.0,2.0,30.22222222222222,150000.0,4.0,3.0,2.0,2.0,2.0,2.0,10000.0,1.0,1.0,6.0,2.0,5000.0,2500.0,1.0,100000.0,65000.0,4.0,164143.65,96319.0,748.0
12,1.0,1.0,4.0,2.0,4.0,2.0,29.11111111111111,90000.0,4.0,3.0,2.0,1.0,1.0,2.0,30000.0,1.0,4.0,6.0,2.0,0.0,200000.0,1.0,60000.0,3000.0,1.0,40676.1,41147.0,751.0
12,1.0,1.0,1.0,2.0,4.0,2.0,29.0,50000.0,4.0,3.0,2.0,2.0,1.0,2.0,0.0,1.0,1.0,6.0,2.0,0.0,100000.0,1.0,60000.0,68000.0,2.0,29339.9,18844.0,758.0
12,4.0,1.0,3.0,1.0,4.0,2.0,30.444444444444443,120000.0,2.0,2.0,2.0,2.0,1.0,2.0,50000.0,1.0,1.0,6.0,2.0,3000.0,1000.0,1.0,50000.0,49000.0,2.0,107395.9,64854.0,745.0
12,9.0,1.0,5.0,1.0,4.0,2.0,30.333333333333332,100000.0,3.0,3.0,2.0,2.0,1.0,2.0,0.0,1.0,1.0,6.0,2.0,10000.0,5000.0,1.0,100000.0,94000.0,3.0,134535.8,112419.0,743.0
12,5.0,1.0,4.0,1.0,4.0,2.0,28.444444444444443,50000.0,2.0,2.0,2.0,2.0,1.0,2.0,0.0,2.0,1.0,6.0,2.0,5000.0,2000.0,1.0,60000.0,44000.0,2.0,173041.28,75247.0,745.0
12,7.0,1.0,4.0,1.0,4.0,2.0,30.11111111111111,120000.0,3.0,2.0,2.0,2.0,2.0,2.0,50000.0,1.0,4.0,6.0,2.0,5000.0,2500.0,1.0,100000.0,136000.0,2.0,185747.7,100407.0,745.0
12,1.0,1.0,4.0,1.0,4.0,2.0,30.555555555555557,50000.0,3.0,3.0,2.0,2.0,1.0,2.0,0.0,1.0,4.0,6.0,2.0,5000.0,2500.0,1.0,50000.0,34000.0,1.0,41451.7,71178.0,745.0
12,6.0,1.0,5.0,1.0,4.0,2.0,30.22222222222222,100000.0,3.0,3.0,2.0,2.0,2.0,2.0,0.0,1.0,1.0,6.0,2.0,10000.0,5000.0,1.0,100000.0,115000.0,4.0,146613.3,107604.0,744.0
12,1.0,1.0,1.0,2.0,4.0,2.0,31.0,30000.0,5.0,3.0,2.0,2.0,2.0,2.0,0.0,2.0,4.0,6.0,2.0,0.0,150000.0,1.0,50000.0,25000.0,1.0,88874.5,26316.0,760.0
12,2.0,1.0,1.0,2.0,2.0,2.0,31.0,25000.0,5.0,3.0,2.0,2.0,2.0,2.0,0.0,2.0,4.0,3.0,2.0,200000.0,120000.0,1.0,60000.0,40000.0,1.0,79968.95,71498.0,758.0
12,1.0,1.0,1.0,2.0,4.0,2.0,31.0,15000.0,5.0,3.0,2.0,2.0,2.0,2.0,0.0,2.0,4.0,2.0,2.0,0.0,0.0,1.2222222222222223,104723.55555555556,100000.0,1.0,53863.8,35443.0,761.0
12,4.0,1.0,1.0,1.0,4.0,2.0,31.0,80000.0,3.0,3.0,2.0,2.0,2.0,2.0,0.0,2.0,1.0,6.0,2.0,0.0,400000.0,1.0,200000.0,27000.0,1.0,161636.02000000002,162918.0,749.0
12,6.0,1.0,1.0,1.0,4.0,2.0,31.0,30000.0,4.0,3.0,2.0,2.0,2.0,2.0,0.0,2.0,4.0,6.0,2.0,0.0,0.0,1.0,250000.0,205000.0,2.0,166023.35,142254.0,749.0
12,1.0,1.0,1.0,2.0,4.0,2.0,31.0,20000.0,4.0,3.0,2.0,2.0,2.0,2.0,0.0,2.0,4.0,6.0,2.0,300000.0,150000.0,1.0,50000.0,40800.0,1.0,57743.45,34337.0,757.0
12,3.0,1.0,1.0,2.0,4.0,2.0,31.0,30000.0,4.0,3.0,2.0,2.0,1.0,2.0,0.0,2.0,4.0,6.0,2.0,0.0,0.0,1.0,177777.77777777778,50000.0,2.0,136829.2,200654.0,754.0
12,1.0,1.0,1.0,2.0,4.0,2.0,31.0,15000.0,4.0,3.0,2.0,2.0,2.0,2.0,0.0,2.0,4.0,6.0,1.0,200000.0,100000.0,1.0,50000.0,40500.0,1.0,81656.4,46657.0,760.0
12,1.0,1.0,1.0,2.0,4.0,2.0,31.0,12000.0,5.0,3.0,2.0,2.0,2.0,2.0,0.0,2.0,4.0,6.0,2.0,0.0,100000.0,1.0,50000.0,7000.0,1.0,52721.2,45471.0,762.0
12,7.0,1.0,6.0,1.0,4.0,2.0,31.0,220000.0,3.0,2.0,2.0,2.0,2.0,2.0,1500000.0,1.0,4.0,5.0,2.0,0.0,2000.0,1.0,450000.0,279000.0,4.0,148762.1,502519.0,741.0
12,7.0,1.0,4.0,2.0,4.0,2.0,31.0,150000.0,3.0,2.0,2.0,2.0,2.0,2.0,0.0,2.0,4.0,6.0,2.0,0.0,3000.0,1.2222222222222223,327819.44444444444,115000.0,2.0,127358.7,262746.0,746.0
12,3.0,1.0,4.0,1.0,4.0,1.0,31.0,100000.0,3.0,2.0,2.0,2.0,2.0,2.0,400000.0,1.0,4.0,4.0,2.0,0.0,300000.0,1.0,127777.77777777778,245000.0,2.0,126599.2,292257.0,744.0
12,5.0,1.0,3.0,1.0,2.0,1.0,31.0,160000.0,3.0,3.0,2.0,2.0,2.0,2.0,3000000.0,1.0,4.0,6.0,2.0,0.0,2000.0,1.0,361111.1111111111,250000.0,1.0,232542.7,327099.0,6000745.0
12,6.0,1.0,4.0,1.0,4.0,2.0,31.0,200000.0,3.0,3.0,2.0,2.0,2.0,2.0,0.0,2.0,1.0,6.0,2.0,0.0,500000.0,1.0,222222.22222222225,166000.0,6.0,158084.5,139917.0,744.0
12,3.0,1.0,4.0,2.0,4.0,2.0,31.0,150000.0,3.0,2.0,2.0,2.0,1.0,2.0,0.0,2.0,4.0,5.0,2.0,0.0,400000.0,1.0,214444.44444444444,185000.0,2.0,172049.1,139764.0,745.0
12,2.0,1.0,6.0,2.0,4.0,2.0,31.0,200000.0,3.0,2.0,2.0,2.0,2.0,2.0,500000.0,1.0,4.0,5.0,2.0,0.0,300000.0,1.0,155555.55555555556,30000.0,1.0,163472.65,194861.0,746.0
12,3.0,1.0,4.0,2.0,4.0,2.0,31.0,150000.0,3.0,2.0,2.0,2.0,2.0,2.0,0.0,2.0,4.0,5.0,2.0,0.0,400000.0,1.0,168888.88888888888,145000.0,3.0,153199.5,206553.0,746.0
12,5.0,1.0,2.0,2.0,2.0,2.0,31.0,120000.0,4.0,3.0,2.0,2.0,2.0,2.0,500000.0,1.0,4.0,5.0,2.0,0.0,500000.0,1.0,216666.66666666663,265000.0,4.0,131898.2,378008.0,745.0
12,4.0,1.0,2.0,1.0,4.0,2.0,31.0,100000.0,3.0,3.0,2.0,2.0,2.0,2.0,0.0,2.0,4.0,6.0,2.0,0.0,1500000.0,1.0,450000.0,200000.0,2.0,395533.05,462424.0,747.0
12,4.0,3.0,1.0,2.0,4.0,2.0,31.0,7.0,4.0,3.0,2.0,2.0,2.0,2.0,0.0,2.0,4.0,6.0,2.0,0.0,600000.0,1.0,200000.0,390000.0,1.0,423997.45,335732.0,754.0
12,7.0,1.0,4.0,1.0,4.0,1.0,31.0,180000.0,3.0,2.0,2.0,2.0,2.0,2.0,0.0,2.0,4.0,1.0,2.0,0.0,700000.0,1.0,150000.0,293000.0,4.0,455228.9,315183.0,745.0
12,1.0,1.0,4.0,2.0,4.0,2.0,31.0,49778.555555555555,4.0,3.0,2.0,2.0,2.0,2.0,0.0,2.0,4.0,6.0,2.0,0.0,100000.0,1.0,40000.0,44000.0,1.0,119147.03,35976.0,755.0
12,3.0,1.0,3.0,1.0,4.0,2.0,31.0,45000.0,4.0,2.0,2.0,2.0,1.0,2.0,300000.0,1.0,4.0,1.0,2.0,0.0,500000.0,1.0,100000.0,38300.0,2.0,401819.9,342345.0,360749.0
12,5.0,1.0,2.0,1.0,4.0,1.0,31.0,120000.0,3.0,3.0,2.0,2.0,2.0,2.0,0.0,2.0,4.0,6.0,2.0,0.0,600000.0,1.0,200000.0,200000.0,2.0,437663.55,433569.0,747.0
12,3.0,1.0,2.0,1.0,4.0,1.0,31.0,120000.0,3.0,2.0,2.0,2.0,2.0,2.0,1300000.0,1.0,4.0,1.0,2.0,0.0,600000.0,1.0,120000.0,282000.0,3.0,351888.5,459535.0,2140751.0
12,5.0,1.0,1.0,1.0,4.0,2.0,31.0,120000.0,5.0,3.0,2.0,2.0,1.0,2.0,1000000.0,2.0,4.0,6.0,2.0,0.0,550000.0,1.0,100000.0,200.0,1.0,296102.05,403363.0,753.0
12,2.0,1.0,2.0,1.0,4.0,2.0,31.0,180000.0,3.0,2.0,2.0,2.0,1.0,2.0,1000000.0,2.0,4.0,6.0,2.0,0.0,150000.0,1.0,50000.0,44100.0,2.0,296291.25,242933.0,748.0
12,5.0,1.0,2.0,2.0,4.0,2.0,31.0,125000.0,2.0,2.0,2.0,2.0,1.0,2.0,0.0,2.0,1.0,6.0,2.0,0.0,350000.0,1.0,300000.0,134000.0,3.0,296877.3,219975.0,749.0
12,1.0,1.0,1.0,2.0,4.0,2.0,31.0,30000.0,2.0,3.0,2.0,2.0,2.0,2.0,0.0,2.0,4.0,6.0,2.0,0.0,0.0,1.0,125777.77777777778,40000.0,1.0,116478.25,74916.0,753.0
12,1.0,3.0,1.0,2.0,4.0,2.0,31.0,72000.0,2.0,3.0,2.0,2.0,2.0,2.0,0.0,2.0,4.0,6.0,2.0,0.0,0.0,1.0,217777.77777777775,280000.0,1.0,183019.47,147291.0,748.0
12,4.0,1.0,3.0,1.0,4.0,2.0,31.0,120000.0,3.0,3.0,2.0,2.0,2.0,2.0,0.0,2.0,1.0,6.0,2.0,0.0,0.0,1.0,350000.0,152000.0,5.0,233941.09,112536.0,749.0
12,3.0,1.0,2.0,1.0,4.0,2.0,31.0,160000.0,2.0,2.0,2.0,2.0,1.0,2.0,0.0,2.0,4.0,6.0,2.0,0.0,0.0,1.4444444444444444,494374.4444444445,132000.0,1.0,301752.27,201925.0,744.0
12,2.0,1.0,2.0,1.0,4.0,2.0,31.0,100000.0,3.0,2.0,2.0,2.0,2.0,2.0,0.0,2.0,4.0,6.0,2.0,0.0,300000.0,1.0,200000.0,86000.0,2.0,128598.6,108386.0,750.0
12,1.0,3.0,3.0,2.0,4.0,2.0,31.0,22000.0,2.0,3.0,2.0,2.0,2.0,2.0,0.0,2.0,4.0,6.0,2.0,0.0,0.0,1.2222222222222223,115951.11111111112,45000.0,1.0,81136.15,96193.0,753.0
12,2.0,1.0,1.0,1.0,4.0,2.0,31.0,80000.0,2.0,3.0,2.0,2.0,2.0,2.0,0.0,2.0,4.0,6.0,2.0,0.0,0.0,1.0,250000.0,100000.0,2.0,165231.12,151730.0,748.0
12,2.0,1.0,3.0,1.0,4.0,1.0,31.0,140000.0,2.0,2.0,2.0,2.0,2.0,2.0,0.0,2.0,4.0,6.0,2.0,0.0,0.0,1.6666666666666667,561004.4444444445,130000.0,2.0,283228.45,216913.0,746.0
12,4.0,1.0,3.0,1.0,4.0,2.0,31.0,150000.0,2.0,2.0,2.0,2.0,1.0,2.0,0.0,2.0,4.0,6.0,2.0,0.0,500000.0,1.0,180000.0,20000.0,1.0,213214.45,183129.0,749.0
12,1.0,1.0,3.0,2.0,4.0,2.0,31.0,50000.0,3.0,3.0,2.0,2.0,1.0,2.0,0.0,2.0,4.0,3.0,2.0,0.0,200000.0,1.0,70000.0,20000.0,1.0,119976.35,99227.0,753.0
12,3.0,2.0,2.0,1.0,4.0,2.0,31.0,150000.0,4.0,2.0,2.0,2.0,1.0,2.0,0.0,2.0,4.0,6.0,2.0,0.0,2000.0,1.0,150000.0,65000.0,2.0,164247.0,163661.0,748.0
12,1.0,1.0,2.0,2.0,4.0,2.0,31.0,80000.0,4.0,3.0,2.0,2.0,1.0,2.0,0.0,2.0,4.0,3.0,2.0,0.0,200000.0,1.0,80000.0,45000.0,1.0,83991.65,75566.0,755.0
12,3.0,1.0,3.0,2.0,4.0,2.0,31.0,120000.0,3.0,2.0,2.0,2.0,2.0,2.0,0.0,2.0,4.0,3.0,2.0,0.0,600000.0,1.0,200000.0,70000.0,2.0,106888.4,149653.0,753.0
12,6.0,1.0,3.0,1.0,4.0,2.0,31.0,180000.0,3.0,2.0,2.0,2.0,1.0,2.0,0.0,2.0,4.0,3.0,2.0,0.0,800000.0,1.0,200000.0,145000.0,3.0,241220.25,218376.0,748.0
12,1.0,1.0,3.0,2.0,2.0,2.0,31.0,60000.0,3.0,2.0,2.0,2.0,1.0,2.0,0.0,2.0,4.0,3.0,2.0,0.0,300000.0,1.0,100000.0,45000.0,1.0,81055.8,55575.0,752.0
12,4.0,1.0,3.0,1.0,4.0,2.0,31.0,150000.0,3.0,3.0,2.0,2.0,2.0,2.0,0.0,2.0,4.0,6.0,2.0,0.0,600000.0,1.0,200000.0,168000.0,4.0,265192.2,207681.0,748.0
12,2.0,1.0,3.0,1.0,4.0,2.0,31.0,180000.0,2.0,2.0,2.0,2.0,1.0,2.0,0.0,2.0,4.0,6.0,2.0,0.0,400000.0,1.0,150000.0,100000.0,2.0,147596.0,183019.0,749.0
12,6.0,1.0,4.0,1.0,4.0,1.0,26.0,190000.0,3.0,2.0,2.0,2.0,2.0,2.0,350000.0,1.0,4.0,2.0,2.0,0.0,1500000.0,1.0,200000.0,242000.0,3.0,287398.95,272932.0,746.0
12,3.0,1.0,2.0,1.0,4.0,2.0,25.0,155000.0,4.0,2.0,2.0,2.0,1.0,2.0,140000.0,1.0,4.0,1.0,2.0,0.0,600000.0,1.0,150000.0,577000.0,5.0,382977.67,163826.0,1080749.0
12,2.0,1.0,3.0,1.0,4.0,2.0,28.0,95000.0,3.0,2.0,2.0,2.0,2.0,2.0,500000.0,1.0,4.0,6.0,2.0,800000.0,500000.0,1.0,100000.0,385000.0,2.0,306358.19,302287.0,280745.0
12,4.0,1.0,2.0,2.0,4.0,2.0,28.0,120000.0,4.0,2.0,2.0,2.0,1.0,2.0,0.0,2.0,4.0,2.0,2.0,0.0,900000.0,1.0,80000.0,25000.0,1.0,210157.96,120365.0,752.0
12,5.0,1.0,3.0,1.0,4.0,1.0,28.0,185000.0,2.0,2.0,2.0,2.0,2.0,1.0,0.0,2.0,4.0,1.0,2.0,0.0,1000000.0,1.0,200000.0,225000.0,2.0,366918.49,1248941.0,640743.0
12,5.0,1.0,2.0,1.0,4.0,1.0,26.0,160000.0,4.0,2.0,2.0,1.0,1.0,2.0,0.0,2.0,4.0,4.0,2.0,0.0,1000000.0,1.0,150000.0,40200.0,2.0,218280.93,159136.0,748.0
12,5.0,1.0,2.0,2.0,4.0,2.0,26.0,80000.0,4.0,2.0,2.0,2.0,1.0,2.0,0.0,2.0,1.0,1.0,2.0,800000.0,500000.0,1.0,100000.0,94000.0,3.0,125038.7,101090.0,751.0
12,1.0,1.0,3.0,1.0,4.0,2.0,28.0,80000.0,3.0,2.0,2.0,2.0,2.0,1.0,0.0,2.0,4.0,1.0,2.0,500000.0,300000.0,1.0,50000.0,360000.0,2.0,156643.5,75827.0,745.0
12,3.0,1.0,3.0,1.0,4.0,1.0,25.0,148000.0,3.0,2.0,2.0,2.0,2.0,2.0,450000.0,1.0,4.0,1.0,2.0,1300000.0,500000.0,1.0,100000.0,388000.0,3.0,207335.0,128818.0,560745.0
12,2.0,1.0,1.0,2.0,4.0,2.0,31.0,20000.0,4.0,3.0,2.0,2.0,1.0,2.0,300000.0,1.0,4.0,2.0,2.0,150000.0,70000.0,1.0,50000.0,160000.0,1.0,68814.75,127210.0,754.0
12,3.0,1.0,3.0,2.0,4.0,2.0,31.0,60000.0,3.0,3.0,2.0,2.0,1.0,2.0,0.0,2.0,4.0,2.0,2.0,300000.0,200000.0,1.0,80000.0,50000.0,1.0,79372.85,100029.0,752.0
12,4.0,1.0,2.0,2.0,4.0,2.0,31.0,50000.0,4.0,3.0,2.0,2.0,1.0,2.0,0.0,2.0,1.0,1.0,2.0,300000.0,150000.0,1.0,80000.0,49000.0,2.0,80867.85,90819.0,752.0
12,4.0,1.0,3.0,2.0,4.0,2.0,31.0,65000.0,3.0,2.0,2.0,2.0,1.0,2.0,200000.0,1.0,4.0,1.0,2.0,500000.0,250000.0,1.0,100000.0,70000.0,1.0,92408.95,168256.0,9752.0
12,3.0,1.0,3.0,2.0,4.0,2.0,31.0,65000.0,3.0,3.0,2.0,2.0,1.0,2.0,0.0,2.0,4.0,2.0,2.0,400000.0,200000.0,1.0,80000.0,42000.0,2.0,62698.35,88920.0,750.0
12,2.0,1.0,4.0,2.0,4.0,2.0,31.0,60000.0,3.0,3.0,2.0,2.0,1.0,2.0,0.0,2.0,4.0,2.0,2.0,200000.0,100000.0,1.0,50000.0,58000.0,2.0,75274.12,110611.0,752.0
12,5.0,1.0,4.0,1.0,4.0,2.0,31.0,40000.0,2.0,2.0,2.0,2.0,1.0,2.0,350000.0,1.0,4.0,2.0,2.0,1000000.0,500000.0,1.0,200000.0,352000.0,2.0,84632.62,238624.0,10749.0
12,1.0,1.0,3.0,2.0,4.0,2.0,31.0,50000.0,3.0,3.0,2.0,2.0,1.0,2.0,0.0,2.0,4.0,2.0,2.0,120000.0,80000.0,1.0,50000.0,48000.0,2.0,79783.82,106175.0,753.0
12,2.0,5.0,2.0,2.0,4.0,2.0,31.0,40000.0,4.0,3.0,2.0,2.0,1.0,2.0,0.0,2.0,4.0,2.0,2.0,20000.0,50000.0,1.0,10000.0,45000.0,1.0,90724.1,95264.0,754.0
12,2.0,1.0,2.0,1.0,4.0,2.0,31.0,90000.0,3.0,3.0,2.0,2.0,2.0,2.0,0.0,2.0,4.0,6.0,2.0,600000.0,400000.0,1.0,200000.0,81000.0,2.0,115790.55,146298.0,747.0
12,2.0,1.0,2.0,1.0,4.0,2.0,31.0,40000.0,3.0,3.0,2.0,2.0,2.0,2.0,0.0,2.0,4.0,6.0,2.0,0.0,350000.0,1.0,250000.0,105000.0,2.0,174798.125,114532.0,747.0
12,5.0,1.0,2.0,2.0,4.0,2.0,31.0,140000.0,3.0,3.0,2.0,2.0,2.0,2.0,0.0,2.0,4.0,6.0,2.0,0.0,800000.0,1.0,400000.0,160000.0,1.0,207872.22,157492.0,746.0
12,2.0,1.0,2.0,1.0,4.0,2.0,31.0,70000.0,3.0,3.0,2.0,2.0,1.0,2.0,0.0,2.0,4.0,6.0,2.0,700000.0,400000.0,1.0,250000.0,360150.0,4.0,180404.75,192587.0,747.0
12,6.0,1.0,2.0,2.0,4.0,2.0,31.0,150000.0,3.0,3.0,2.0,2.0,2.0,2.0,0.0,2.0,4.0,6.0,2.0,0.0,1000000.0,1.0,500000.0,325000.0,4.0,248590.73,227312.0,744.0
12,2.0,1.0,2.0,2.0,4.0,2.0,31.0,100000.0,3.0,3.0,2.0,2.0,1.0,2.0,0.0,2.0,4.0,6.0,2.0,500000.0,300000.0,1.0,150000.0,84000.0,3.0,162157.15,133461.0,752.0
12,4.0,1.0,2.0,2.0,4.0,2.0,31.0,52000.0,3.0,3.0,2.0,2.0,2.0,2.0,0.0,2.0,4.0,2.0,2.0,900000.0,600000.0,1.0,300000.0,16000.0,1.0,271027.69,144284.0,747.0
12,4.0,1.0,2.0,1.0,4.0,2.0,31.0,140000.0,3.0,3.0,2.0,2.0,2.0,2.0,0.0,2.0,4.0,6.0,2.0,1500000.0,900000.0,1.0,300000.0,150000.0,1.0,197300.83,198763.0,748.0
12,5.0,1.0,2.0,1.0,4.0,2.0,31.0,7.0,3.0,3.0,2.0,2.0,2.0,2.0,0.0,2.0,4.0,6.0,2.0,1900000.0,800000.0,1.0,400000.0,200000.0,1.0,217920.05,171521.0,743.0
12,7.0,1.0,5.0,2.0,4.0,2.0,31.0,120000.0,3.0,2.0,2.0,2.0,2.0,2.0,0.0,2.0,4.0,3.0,2.0,5000000.0,1000000.0,1.0,320000.0,275000.0,3.0,176508.32,112131.0,748.0
12,3.0,1.0,4.0,2.0,4.0,2.0,31.0,85000.0,3.0,2.0,2.0,2.0,2.0,2.0,0.0,2.0,4.0,2.0,2.0,4000000.0,500000.0,1.0,280000.0,510000.0,1.0,201534.435,127232.0,750.0
12,6.0,1.0,4.0,1.0,4.0,1.0,31.0,120000.0,3.0,2.0,2.0,1.0,2.0,2.0,0.0,2.0,4.0,2.0,2.0,3000000.0,500000.0,1.0,250000.0,215000.0,2.0,241569.44,231754.0,747.0
12,5.0,1.0,5.0,1.0,4.0,2.0,31.0,120000.0,3.0,2.0,2.0,2.0,1.0,2.0,0.0,2.0,4.0,2.0,2.0,4000000.0,450000.0,1.0,200000.0,103200.0,3.0,257967.805,184658.0,745.0
12,6.0,1.0,4.0,1.0,4.0,2.0,31.0,90000.0,3.0,2.0,2.0,1.0,2.0,2.0,200000.0,1.0,4.0,3.0,2.0,5000000.0,1000000.0,1.0,260000.0,305000.0,3.0,211789.73,120319.0,746.0
12,7.0,1.0,6.0,1.0,4.0,1.0,31.0,120000.0,3.0,2.0,2.0,2.0,2.0,2.0,0.0,2.0,4.0,2.0,2.0,5000000.0,3000000.0,1.0,1800000.0,271000.0,5.0,233032.94,180154.0,743.0
12,2.0,1.0,5.0,1.0,4.0,1.0,31.0,100000.0,3.0,2.0,2.0,1.0,2.0,2.0,100000.0,1.0,4.0,1.0,2.0,5000000.0,1000000.0,1.0,160000.0,510000.0,2.0,243706.89,185261.0,745.0
12,2.0,1.0,4.0,2.0,4.0,2.0,31.0,60000.0,3.0,2.0,2.0,1.0,1.0,2.0,0.0,2.0,4.0,3.0,2.0,1000000.0,300000.0,1.0,100000.0,94000.0,2.0,78405.55,73849.0,752.0
12,2.0,1.0,4.0,2.0,4.0,2.0,31.0,80000.0,3.0,2.0,2.0,1.0,1.0,2.0,0.0,2.0,4.0,3.0,2.0,4000000.0,400000.0,1.0,100000.0,93000.0,3.0,108444.78,99224.0,751.0
12,3.0,1.0,4.0,2.0,4.0,2.0,31.0,90000.0,2.0,3.0,2.0,2.0,2.0,2.0,0.0,2.0,4.0,6.0,2.0,0.0,0.0,1.2222222222222223,207984.88888888888,140000.0,3.0,136594.15,65267.0,751.0
12,3.0,1.0,4.0,1.0,4.0,2.0,31.0,70000.0,2.0,3.0,2.0,2.0,2.0,2.0,0.0,2.0,1.0,1.0,2.0,0.0,0.0,1.2222222222222223,135583.33333333334,62000.0,2.0,100973.7,76480.0,751.0
12,4.0,1.0,5.0,2.0,4.0,1.0,31.0,120000.0,2.0,2.0,2.0,2.0,2.0,2.0,0.0,2.0,4.0,6.0,2.0,0.0,0.0,1.2222222222222223,374527.77777777775,360000.0,2.0,145097.72,100293.0,750.0
12,3.0,1.0,3.0,1.0,4.0,1.0,31.0,150000.0,2.0,2.0,2.0,2.0,2.0,2.0,0.0,2.0,4.0,1.0,2.0,0.0,0.0,1.2222222222222223,209515.33333333337,192000.0,3.0,80052.4,177192.0,749.0
12,3.0,1.0,4.0,2.0,4.0,1.0,31.0,144000.0,2.0,3.0,2.0,2.0,2.0,2.0,700000.0,1.0,4.0,6.0,2.0,0.0,0.0,1.0,272222.22222222225,420000.0,2.0,100270.65,99258.0,750.0
12,4.0,4.0,3.0,1.0,4.0,2.0,31.0,100000.0,3.0,3.0,2.0,2.0,2.0,2.0,0.0,2.0,1.0,1.0,2.0,0.0,0.0,1.0,198888.88888888888,108000.0,2.0,72211.5,123269.0,750.0
12,6.0,1.0,5.0,1.0,4.0,1.0,31.0,150000.0,2.0,2.0,2.0,2.0,2.0,2.0,1500000.0,1.0,4.0,6.0,2.0,0.0,0.0,1.0,294444.44444444444,270000.0,2.0,118016.1,166224.0,747.0
12,4.0,1.0,4.0,2.0,4.0,2.0,31.0,85000.0,2.0,2.0,2.0,2.0,1.0,2.0,0.0,2.0,1.0,1.0,2.0,0.0,0.0,1.0,172222.22222222222,93000.0,2.0,111966.4,65691.0,752.0
12,5.0,1.0,4.0,1.0,4.0,2.0,31.0,95000.0,2.0,3.0,2.0,2.0,2.0,2.0,1400000.0,1.0,1.0,1.0,2.0,0.0,0.0,1.2222222222222223,243834.44444444444,102500.0,3.0,142043.7,144231.0,750.0
12,6.0,1.0,4.0,1.0,4.0,1.0,31.0,150000.0,2.0,1.0,2.0,2.0,2.0,2.0,1500000.0,1.0,4.0,6.0,2.0,0.0,0.0,1.0,450000.0,270000.0,5.0,256623.32,617763.0,740.0
12,2.0,1.0,4.0,1.0,4.0,2.0,31.0,7.0,2.0,1.0,2.0,2.0,1.0,2.0,0.0,2.0,4.0,6.0,2.0,0.0,0.0,1.0,211111.11111111112,120000.0,1.0,141411.55,196530.0,748.0
12,7.0,1.0,5.0,1.0,4.0,1.0,31.0,125000.0,2.0,2.0,2.0,1.0,2.0,2.0,0.0,2.0,4.0,2.0,2.0,0.0,0.0,1.2222222222222223,310118.8888888889,297500.0,5.0,218614.35,222716.0,748.0
12,6.0,1.0,5.0,1.0,4.0,1.0,31.0,200000.0,2.0,2.0,2.0,2.0,1.0,2.0,0.0,2.0,4.0,3.0,2.0,0.0,0.0,1.0,427777.77777777775,410150.0,6.0,366221.35,452718.0,740.0
12,1.0,1.0,2.0,2.0,4.0,2.0,31.0,7.0,3.0,3.0,2.0,2.0,2.0,2.0,0.0,2.0,1.0,1.0,2.0,0.0,0.0,1.0,105222.22222222222,56000.0,2.0,94515.75,70331.0,752.0
12,5.0,1.0,4.0,1.0,4.0,2.0,31.0,100000.0,3.0,3.0,2.0,2.0,1.0,2.0,0.0,2.0,4.0,2.0,2.0,0.0,0.0,1.2222222222222223,280568.8888888889,41300.0,2.0,224238.255,190941.0,2000751.0
12,3.0,1.0,4.0,1.0,4.0,1.0,31.0,140000.0,3.0,3.0,2.0,2.0,1.0,2.0,0.0,2.0,4.0,6.0,2.0,0.0,0.0,1.2222222222222223,493524.4444444445,225000.0,2.0,231301.88,174944.0,744.0
12,5.0,1.0,6.0,1.0,4.0,2.0,31.0,200000.0,2.0,2.0,2.0,2.0,2.0,2.0,0.0,2.0,4.0,3.0,2.0,1000000.0,700000.0,1.0,200000.0,265000.0,2.0,176468.05,258241.0,745.0
12,7.0,1.0,7.0,1.0,4.0,1.0,31.0,200000.0,2.0,2.0,2.0,2.0,2.0,2.0,0.0,2.0,4.0,2.0,2.0,0.0,0.0,1.8888888888888888,692826.6666666666,493000.0,6.0,355435.75,598402.0,745.0
12,5.0,1.0,4.0,1.0,3.0,1.0,31.0,150000.0,2.0,2.0,2.0,1.0,2.0,2.0,350000.0,1.0,4.0,2.0,2.0,1200000.0,750000.0,1.0,250000.0,215000.0,3.0,82742.15,169575.0,741.0
12,6.0,1.0,4.0,1.0,2.0,1.0,31.0,140000.0,2.0,2.0,2.0,1.0,1.0,2.0,0.0,2.0,4.0,2.0,2.0,1500000.0,800000.0,1.0,350000.0,308600.0,4.0,98201.3,209151.0,460743.0
12,6.0,1.0,4.0,2.0,4.0,1.0,31.0,110000.0,3.0,2.0,2.0,1.0,2.0,2.0,650000.0,1.0,4.0,2.0,2.0,900000.0,600000.0,1.0,200000.0,192000.0,4.0,92569.5,294079.0,746.0
12,4.0,1.0,4.0,1.0,2.0,2.0,31.0,7.0,4.0,3.0,2.0,1.0,2.0,2.0,800000.0,1.0,4.0,5.0,2.0,1000000.0,600000.0,1.0,200000.0,170000.0,3.0,261083.45,271126.0,745.0
12,3.0,1.0,5.0,1.0,4.0,2.0,31.0,7.0,3.0,2.0,2.0,2.0,1.0,2.0,0.0,2.0,4.0,1.0,2.0,750000.0,480000.0,1.0,120000.0,101000.0,4.0,43550.9,96360.0,752.0
12,7.0,1.0,4.0,1.0,4.0,1.0,31.0,7.0,3.0,2.0,2.0,1.0,2.0,2.0,450000.0,1.0,4.0,3.0,2.0,1600000.0,800000.0,1.0,400000.0,226000.0,4.0,94614.5,201882.0,742.0
12,4.0,1.0,4.0,1.0,4.0,2.0,31.0,7.0,3.0,2.0,2.0,1.0,1.0,2.0,0.0,1.0,4.0,1.0,2.0,1900000.0,600000.0,1.0,150000.0,170000.0,2.0,86713.9,123953.0,746.0
12,2.0,1.0,4.0,2.0,4.0,2.0,31.0,7.0,3.0,2.0,2.0,1.0,2.0,2.0,0.0,2.0,4.0,3.0,2.0,800000.0,400000.0,1.0,80000.0,88400.0,3.0,66721.4,114231.0,751.0
12,2.0,1.0,4.0,1.0,4.0,1.0,31.0,7.0,3.0,2.0,2.0,1.0,2.0,2.0,1000000.0,1.0,4.0,6.0,2.0,1500000.0,600000.0,1.0,150000.0,398000.0,3.0,133436.2,269977.0,742.0
12,5.0,1.0,4.0,1.0,4.0,1.0,31.0,60000.0,4.0,3.0,2.0,1.0,2.0,2.0,0.0,2.0,4.0,3.0,2.0,0.0,0.0,1.0,250000.0,193000.0,3.0,166066.13,176219.0,748.0
12,5.0,1.0,2.0,1.0,4.0,2.0,31.0,100000.0,5.0,3.0,2.0,1.0,1.0,2.0,0.0,2.0,1.0,2.0,2.0,0.0,0.0,1.0,120000.0,103000.0,2.0,190834.36,190116.0,752.0
12,8.0,1.0,6.0,1.0,4.0,1.0,31.0,120000.0,4.0,2.0,2.0,1.0,2.0,2.0,0.0,2.0,4.0,4.0,2.0,0.0,0.0,1.0,170000.0,153000.0,5.0,180754.75,201446.0,747.0
12,4.0,1.0,4.0,1.0,4.0,1.0,31.0,150000.0,3.0,2.0,2.0,1.0,2.0,2.0,0.0,2.0,4.0,2.0,2.0,1000000.0,0.0,1.0,150000.0,197000.0,3.0,184889.16,487278.0,746.0
12,2.0,1.0,4.0,1.0,4.0,1.0,31.0,110000.0,3.0,2.0,2.0,1.0,1.0,2.0,0.0,2.0,4.0,6.0,2.0,0.0,0.0,1.0,150000.0,66400.0,3.0,51951.4,232232.0,747.0
12,6.0,1.0,4.0,1.0,4.0,1.0,31.0,200000.0,3.0,2.0,2.0,1.0,2.0,2.0,0.0,2.0,4.0,6.0,2.0,0.0,0.0,1.0,200000.0,189000.0,3.0,118618.3,192612.0,747.0
12,3.0,1.0,3.0,2.0,4.0,2.0,31.0,76000.0,2.0,2.0,2.0,2.0,1.0,2.0,0.0,2.0,4.0,3.0,2.0,0.0,0.0,1.0,142222.22222222222,103200.0,3.0,85644.35,88316.0,751.0
12,6.0,1.0,6.0,1.0,4.0,1.0,31.0,220000.0,2.0,2.0,2.0,1.0,1.0,2.0,200000.0,1.0,4.0,6.0,2.0,0.0,0.0,1.0,395000.0,590000.0,3.0,369358.804,1173019.0,5020754.0
12,3.0,1.0,6.0,1.0,4.0,1.0,31.0,200000.0,2.0,2.0,2.0,2.0,2.0,2.0,800000.0,1.0,4.0,6.0,2.0,0.0,0.0,1.2222222222222223,336683.3333333333,260000.0,2.0,362271.015,270354.0,745.0
12,1.0,1.0,6.0,2.0,4.0,2.0,31.0,70000.0,3.0,2.0,2.0,1.0,1.0,2.0,0.0,2.0,4.0,6.0,2.0,0.0,0.0,1.0,120000.0,50000.0,1.0,62609.7,104741.0,754.0
12,3.0,1.0,2.0,2.0,4.0,2.0,31.0,7.0,4.0,2.0,2.0,1.0,1.0,2.0,0.0,2.0,4.0,6.0,2.0,0.0,0.0,1.0,200000.0,80000.0,1.0,74866.6,100738.0,753.0
12,1.0,1.0,3.0,2.0,4.0,2.0,31.0,80000.0,3.0,2.0,2.0,1.0,1.0,2.0,0.0,2.0,4.0,6.0,2.0,0.0,300000.0,1.0,150000.0,32000.0,1.0,62008.4,56759.0,752.0
12,3.0,1.0,3.0,2.0,4.0,1.0,31.0,130000.0,3.0,2.0,2.0,1.0,1.0,2.0,0.0,2.0,4.0,6.0,2.0,0.0,0.0,1.0,200000.0,34000.0,1.0,75018.7,156976.0,748.0
12,3.0,1.0,2.0,2.0,4.0,2.0,31.0,100000.0,4.0,3.0,2.0,1.0,1.0,2.0,0.0,2.0,4.0,6.0,2.0,0.0,0.0,1.0,300000.0,20000.0,1.0,23820.9,131108.0,751.0
12,9.0,1.0,4.0,2.0,4.0,2.0,31.0,120000.0,4.0,3.0,2.0,1.0,1.0,2.0,250000.0,1.0,1.0,1.0,2.0,0.0,0.0,1.0,350000.0,153500.0,4.0,106507.2,218094.0,752.0
12,6.0,1.0,5.0,2.0,4.0,1.0,31.0,130000.0,4.0,3.0,2.0,1.0,1.0,2.0,0.0,2.0,4.0,6.0,2.0,0.0,0.0,1.0,400000.0,249000.0,4.0,91429.7,121535.0,751.0
12,6.0,1.0,3.0,1.0,4.0,1.0,31.0,120000.0,3.0,2.0,2.0,1.0,1.0,2.0,0.0,2.0,4.0,6.0,2.0,0.0,0.0,1.0,300000.0,276000.0,4.0,87778.1,279741.0,748.0
12,2.0,1.0,2.0,2.0,4.0,2.0,31.0,70000.0,4.0,3.0,2.0,1.0,1.0,2.0,0.0,2.0,4.0,6.0,2.0,0.0,0.0,1.0,100000.0,60000.0,2.0,65598.5,62206.0,754.0
12,6.0,1.0,8.0,1.0,4.0,2.0,25.0,145000.0,3.0,2.0,2.0,1.0,1.0,2.0,0.0,2.0,4.0,4.0,2.0,275000.0,150000.0,1.0,100000.0,230000.0,3.0,153459.05,102999.0,747.0
12,1.0,1.0,4.0,1.0,4.0,2.0,27.0,120000.0,3.0,2.0,2.0,1.0,1.0,2.0,0.0,2.0,4.0,3.0,2.0,180000.0,100000.0,1.0,50000.0,36000.0,1.0,63803.6,61208.0,749.0
12,2.0,1.0,3.0,1.0,4.0,2.0,20.0,72000.0,3.0,2.0,2.0,1.0,1.0,2.0,0.0,2.0,4.0,3.0,2.0,270000.0,200000.0,1.0,100000.0,185000.0,2.0,113757.4,85096.0,745.0
12,1.0,1.0,3.0,2.0,4.0,2.0,25.0,60000.0,3.0,2.0,2.0,1.0,1.0,2.0,0.0,2.0,4.0,4.0,2.0,150000.0,100000.0,1.0,50000.0,47000.0,1.0,69632.15,45225.0,750.0
12,4.0,1.0,4.0,2.0,4.0,1.0,20.0,120000.0,3.0,3.0,2.0,1.0,1.0,2.0,250000.0,1.0,4.0,3.0,2.0,350000.0,200000.0,1.0,100000.0,90000.0,1.0,99267.95,152650.0,749.0
12,1.0,1.0,4.0,2.0,4.0,2.0,27.0,75000.0,3.0,2.0,2.0,1.0,1.0,2.0,0.0,2.0,4.0,4.0,2.0,150000.0,78000.0,1.0,53000.0,42000.0,1.0,80598.6,62615.0,751.0
12,2.0,1.0,3.0,1.0,4.0,2.0,23.0,120000.0,3.0,2.0,2.0,1.0,1.0,2.0,0.0,2.0,1.0,2.0,2.0,300000.0,170000.0,1.0,80000.0,45450.0,2.0,94018.3,75161.0,749.0
12,4.0,1.0,3.0,1.0,4.0,2.0,30.0,85000.0,3.0,2.0,2.0,1.0,1.0,2.0,0.0,2.0,4.0,3.0,2.0,450000.0,170000.0,1.0,100000.0,209400.0,4.0,140519.05,123965.0,747.0
12,1.0,1.0,2.0,2.0,4.0,2.0,25.0,96000.0,4.0,3.0,2.0,1.0,1.0,2.0,0.0,2.0,1.0,4.0,2.0,135000.0,75000.0,1.0,45000.0,57000.0,2.0,53860.6,102876.0,751.0
12,3.0,1.0,4.0,2.0,4.0,2.0,31.0,100000.0,5.0,3.0,2.0,1.0,1.0,2.0,0.0,2.0,4.0,6.0,2.0,0.0,500000.0,1.0,250000.0,90000.0,2.0,131435.56,112201.0,755.0
12,4.0,1.0,3.0,2.0,4.0,2.0,31.0,60000.0,5.0,3.0,2.0,1.0,1.0,2.0,300000.0,1.0,1.0,1.0,2.0,0.0,0.0,1.0,400000.0,153000.0,3.0,146361.4,112488.0,570754.0
12,1.0,1.0,4.0,2.0,4.0,2.0,31.0,100000.0,4.0,2.0,2.0,1.0,1.0,2.0,0.0,2.0,4.0,3.0,2.0,0.0,0.0,1.0,120000.0,41000.0,1.0,64693.65,80060.0,747.0
12,5.0,1.0,4.0,1.0,4.0,1.0,31.0,120000.0,4.0,2.0,2.0,1.0,1.0,2.0,0.0,2.0,4.0,1.0,2.0,0.0,700000.0,1.0,350000.0,204000.0,4.0,237783.35,155127.0,610748.0
12,5.0,1.0,2.0,1.0,4.0,2.0,31.0,80000.0,4.0,3.0,2.0,1.0,1.0,2.0,520000.0,1.0,1.0,1.0,2.0,0.0,0.0,1.0,300000.0,132000.0,2.0,154465.55,131389.0,749.0
12,6.0,1.0,3.0,2.0,4.0,1.0,31.0,100000.0,5.0,3.0,2.0,1.0,1.0,2.0,815000.0,1.0,1.0,2.0,2.0,0.0,0.0,1.0,400000.0,325000.0,4.0,112804.6,112055.0,750.0
12,3.0,1.0,4.0,1.0,2.0,2.0,31.0,200000.0,3.0,2.0,2.0,1.0,1.0,1.0,80000.0,1.0,4.0,1.0,2.0,0.0,0.0,1.0,300000.0,87000.0,3.0,185420.81,389798.0,320747.0
12,2.0,1.0,3.0,2.0,4.0,2.0,31.0,80000.0,5.0,3.0,2.0,1.0,1.0,2.0,0.0,2.0,4.0,5.0,2.0,0.0,0.0,1.0,200000.0,82000.0,2.0,44757.5,118843.0,753.0
12,3.0,1.0,2.0,1.0,4.0,2.0,31.0,200000.0,4.0,3.0,2.0,1.0,1.0,2.0,200000.0,1.0,4.0,5.0,2.0,0.0,0.0,1.0,300000.0,140000.0,2.0,141488.1,103213.0,748.0
