x,y,cluster,income_decile
50.34645,14.686891,3,8.0
-42.471977,48.341736,1,5.0
6.1966805,-78.27745,1,2.0
-40.363667,-2.2623441,1,7.0
34.06006,2.2376776,2,8.0
-9.115025,41.90681,1,9.0
-11.419828,-3.7542126,2,10.0
-57.985603,35.486603,1,7.0
-6.959521,40.662056,3,4.0
-60.08906,29.459564,1,1.0
-41.437874,-8.360342,1,3.0
-22.144903,20.441723,3,9.0
62.199867,33.489815,0,10.0
-25.472927,47.25951,1,1.0
-23.40112,55.920532,1,7.0
-3.9690032,-33.16482,1,5.0
-45.344944,47.646076,1,1.0
53.302776,-22.318714,3,10.0
-21.8466,52.102596,1,6.0
23.607384,42.711666,1,8.0
9.536558,18.2656,3,9.0
22.084991,41.496696,3,9.0
-3.7746453,36.228836,1,6.0
-8.214645,37.01249,1,1.0
63.83575,40.605812,0,8.0
-21.27678,52.20703,1,8.0
-3.298531,53.8124,1,1.0
12.868105,-35.496513,3,9.0
30.476948,-1.9536111,3,9.0
11.88541,-11.374678,2,10.0
-41.113007,46.848396,1,4.0
-6.343728,12.802088,1,7.0
51.13407,-24.410894,2,10.0
23.355915,-34.839184,2,8.0
-2.9174068,-25.223042,1,4.0
25.206202,-26.152657,3,5.0
-66.48269,9.252676,1,2.0
-47.15723,49.22348,1,1.0
-52.17311,30.282488,1,2.0
27.337986,-3.383213,3,8.0
-28.880388,15.4609375,1,4.0
26.255686,31.60157,3,9.0
26.074041,31.496128,3,7.0
-35.7715,-8.620606,1,3.0
33.023537,-25.416754,3,9.0
40.00301,11.1946745,3,9.0
-25.92815,-1.3627952,3,9.0
30.71081,41.94612,3,10.0
41.976303,6.8166304,3,10.0
34.774952,9.7725725,3,9.0
60.027058,37.36296,0,7.0
38.42301,3.534704,3,10.0
63.870346,39.818455,0,4.0
-34.669155,-6.8576813,1,7.0
-4.617253,49.911823,1,4.0
4.733739,39.905846,3,9.0
50.234375,-19.422182,3,9.0
17.113312,56.10314,1,5.0
-27.715519,-15.820812,4,8.0
-36.471474,-34.534874,4,7.0
9.56816,-80.71101,4,2.0
48.893982,-17.317776,3,10.0
-25.896877,1.5842221,3,10.0
-29.662334,-11.031099,1,4.0
-5.5936584,50.357216,1,4.0
35.028114,-4.8328495,3,5.0
35.42704,-4.0144906,3,9.0
34.41785,-6.6719656,3,8.0
-26.351803,-4.2216625,1,10.0
-51.251854,30.99686,1,1.0
-11.1527,16.453032,1,7.0
1.5087321,22.658379,3,7.0
11.152889,-76.14088,4,9.0
-2.6494687,-25.41877,1,1.0
27.488008,3.7508852,3,8.0
10.32336,-73.6701,3,9.0
13.344633,12.162765,3,7.0
49.290173,10.45226,3,8.0
-41.205185,50.9448,1,3.0
31.208736,-51.54174,3,10.0
23.536535,-57.74726,1,1.0
-26.42449,-13.39567,1,10.0
-20.511938,29.599127,1,5.0
-0.46481732,-20.726782,3,5.0
65.244,40.99859,0,7.0
51.893345,-22.990147,3,8.0
17.79917,33.024143,3,5.0
-9.642922,9.39284,1,2.0
6.216106,38.580353,3,8.0
-36.51894,31.643,1,1.0
18.544945,56.368065,1,2.0
32.94963,-31.780155,3,8.0
-56.972202,30.745096,1,3.0
8.830322,-23.737722,3,4.0
-5.564142,12.3496685,3,9.0
32.89439,-34.86713,3,2.0
53.97666,-36.482803,5,10.0
19.010464,56.469585,1,5.0
8.2396755,-74.00196,0,10.0
-20.446884,51.20207,1,2.0
35.2932,-29.323929,2,10.0
-54.708096,40.22053,1,9.0
16.129183,54.90814,1,4.0
-58.232716,41.017914,1,2.0
-41.290752,46.674698,1,4.0
-0.040285353,-3.252848,2,8.0
29.87715,-53.065403,3,7.0
54.22556,-20.244596,2,10.0
33.32397,-3.9226425,3,10.0
14.265987,33.89616,3,8.0
53.377857,-22.838724,3,8.0
16.054722,32.676476,3,6.0
-20.378008,47.96827,1,7.0
-34.812973,-11.921525,3,5.0
-44.361156,-8.019099,1,9.0
36.51831,7.191587,3,10.0
-9.370992,23.044483,3,8.0
19.795002,1.6890996,3,10.0
19.637978,1.5621787,3,10.0
55.872063,-50.17792,5,4.0
31.95969,-56.06648,3,9.0
53.933033,-40.239967,5,7.0
-0.029782835,-29.065605,3,6.0
14.574283,-31.770817,3,7.0
10.643126,-75.119255,3,10.0
53.21211,-39.740593,5,10.0
-33.87487,29.24396,1,1.0
-31.7036,29.446827,1,4.0
-24.413952,45.038036,1,3.0
-23.977623,32.564697,1,1.0
-23.988138,31.735472,1,3.0
-33.631336,28.767876,1,3.0
26.62908,-17.606396,1,6.0
26.730255,-18.147577,1,4.0
26.148937,-16.745773,1,7.0
-35.90325,33.692657,1,2.0
39.600616,-17.253746,3,5.0
40.661827,-18.254251,1,6.0
39.481922,-16.290106,3,6.0
39.994133,-16.018566,3,7.0
28.20255,-19.024305,1,4.0
6.3359227,23.098015,1,3.0
-39.51237,23.1394,1,1.0
17.890587,-27.459703,3,9.0
-63.871555,15.32583,1,1.0
9.60376,-24.120205,3,7.0
30.41848,-47.951637,3,10.0
28.07601,-15.56561,1,6.0
25.08954,26.222574,3,3.0
30.691732,-10.16069,3,2.0
31.827093,-31.197157,3,3.0
29.985619,14.116833,1,4.0
-8.845006,48.8588,1,2.0
-10.174601,36.177227,3,3.0
8.009648,-17.701744,3,10.0
-41.964096,43.858685,1,2.0
-5.2484593,74.8596,7,8.0
15.367134,52.531082,1,4.0
8.231595,-25.702862,1,3.0
-61.758373,30.27914,1,3.0
7.377421,23.375158,1,7.0
24.738466,16.47979,3,10.0
46.008728,7.2166853,3,8.0
16.296724,43.73411,3,10.0
26.349833,42.910324,1,4.0
22.339827,9.421629,1,6.0
10.655147,-4.8459315,2,5.0
26.856606,-5.781056,3,5.0
29.566217,-18.23317,1,3.0
11.969806,29.646732,3,5.0
-31.591082,-6.3811297,1,5.0
18.423553,-25.502478,3,9.0
17.373892,-32.669533,3,10.0
-16.862026,52.380352,3,9.0
0.8849397,-29.314314,3,8.0
22.011726,-25.83344,3,10.0
28.691753,21.404425,3,8.0
46.58903,10.040843,3,7.0
-9.72529,-29.938768,1,2.0
1.2619445,-30.423212,3,5.0
29.086376,-9.836638,3,9.0
-30.788754,22.640532,1,8.0
-1.6506902,25.3796,1,8.0
-1.8794274,24.098114,1,6.0
30.659912,9.934684,3,10.0
32.769936,19.775131,1,7.0
-43.17871,-43.905346,4,6.0
61.617447,33.640793,0,10.0
-30.875729,22.611156,1,8.0
61.131187,-6.219224,2,6.0
62.105717,-10.442232,2,6.0
58.01965,-5.1417785,2,3.0
62.23522,-11.34222,2,5.0
62.363796,-5.1021285,2,7.0
63.837498,-9.269931,2,5.0
58.91128,-4.711583,2,3.0
66.61692,-8.022995,2,6.0
65.68246,-8.42482,2,7.0
36.203354,24.426874,3,8.0
-59.4557,3.8729682,1,1.0
-30.579252,15.287166,1,1.0
-37.4879,-6.2544923,1,7.0
16.582859,49.529156,1,6.0
-8.491212,40.869194,3,6.0
-38.852043,-7.4482923,1,3.0
15.650167,51.828968,1,5.0
-53.43156,35.991383,1,4.0
-2.9928708,20.931334,2,3.0
36.983376,2.7884316,2,10.0
-55.687157,4.246526,1,2.0
35.978245,-25.941236,2,7.0
-9.3840885,41.998596,1,2.0
13.623549,0.87381077,3,9.0
13.711013,16.033415,2,7.0
13.32992,17.08558,2,5.0
6.642753,21.761112,3,4.0
32.270824,-30.038692,3,6.0
33.41132,15.2719555,3,6.0
20.22935,6.779355,3,8.0
18.641209,55.95734,1,3.0
-36.959354,44.870674,1,8.0
1.5385225,-9.363062,2,6.0
54.811314,-38.041325,5,9.0
-0.62130004,-9.638115,2,9.0
20.044859,6.719179,3,8.0
-35.721127,-31.907713,4,2.0
-26.883457,-26.89044,2,3.0
-51.94971,37.03032,1,2.0
2.9767118,-3.997006,2,7.0
5.427805,0.15843207,2,6.0
56.96297,-37.218803,5,3.0
4.08723,-4.306426,2,9.0
-30.008741,-27.376116,2,1.0
2.9878654,1.4219502,1,1.0
1.2619395,52.591167,1,4.0
-32.735394,-27.694532,3,10.0
-32.43471,-27.646254,4,5.0
-36.356426,33.642624,1,1.0
-27.020357,-28.838552,2,9.0
63.768764,38.934906,0,7.0
-46.58025,-32.95231,4,5.0
15.68289,-24.537289,3,3.0
28.904305,48.438732,1,1.0
9.337895,-82.12346,4,1.0
18.797491,-30.18517,3,10.0
35.714302,-13.642787,3,6.0
9.3009,-82.21173,4,1.0
8.49907,-81.16275,4,2.0
-44.14636,47.475655,1,3.0
-19.895514,33.524918,1,5.0
38.65236,-17.283258,1,4.0
10.119473,-82.13172,4,5.0
-35.30338,-30.70066,4,6.0
0.027930077,-34.253086,3,8.0
-52.584965,-31.97828,4,3.0
55.285797,-42.735252,5,7.0
-37.017155,32.303715,1,1.0
53.279,-37.705036,5,10.0
13.159526,-36.49396,3,1.0
56.754307,-42.123703,5,3.0
-24.680876,-45.08338,4,6.0
-49.301544,-35.168694,4,3.0
-54.88189,-36.816605,4,3.0
-17.717667,-30.876629,1,4.0
-47.398533,-40.820065,4,2.0
6.908224,-29.658415,1,4.0
-16.277647,-27.468472,1,2.0
-31.71892,12.710223,1,3.0
48.972317,-22.975645,3,8.0
-20.311756,11.123566,1,1.0
-12.18621,-61.86358,1,1.0
-7.2871814,16.079105,3,7.0
-34.9076,-32.45378,4,3.0
20.787888,33.722885,3,6.0
-11.063229,16.91173,1,4.0
36.271587,22.488169,3,6.0
-52.173965,-44.655575,4,2.0
2.1102583,18.640337,3,6.0
-59.60287,29.610703,1,1.0
24.435682,-6.0654316,3,1.0
-19.246674,27.821777,1,3.0
-11.949002,16.203087,1,1.0
-30.000343,14.967523,1,1.0
63.249462,35.610897,0,5.0
-39.709232,20.416555,1,2.0
-12.139917,14.5418415,1,1.0
-19.666504,31.470888,1,2.0
-37.17268,-33.03414,4,2.0
-12.895323,15.67806,1,5.0
-41.145668,-41.442562,4,8.0
35.204533,-8.639661,1,6.0
-35.592278,-34.625412,4,2.0
-62.106712,6.7286124,1,9.0
-46.014698,-23.460484,4,7.0
-20.131174,10.880756,1,7.0
-40.228447,-13.209167,1,9.0
16.238346,58.306458,1,3.0
42.089455,-10.094364,3,5.0
44.12531,-10.403797,3,8.0
34.347588,21.006453,1,4.0
8.020196,20.277061,3,7.0
6.680722,28.817924,3,9.0
23.3289,42.581593,3,8.0
-61.535263,0.8892347,1,3.0
5.7405787,21.325335,1,3.0
26.968798,-4.7508764,3,7.0
-50.28977,-38.19006,4,2.0
-25.073118,25.546446,1,5.0
12.929221,23.973713,3,7.0
-0.42443702,48.861435,1,6.0
-5.553159,22.44018,1,7.0
-54.8368,5.252908,1,2.0
-11.429487,18.866972,1,3.0
28.235317,13.383385,3,6.0
-37.464745,19.304127,1,4.0
-32.48133,-6.5175767,1,2.0
60.224335,42.909958,0,6.0
-51.668644,-42.24189,4,2.0
24.864063,45.68998,1,4.0
63.347366,44.176304,0,5.0
-49.810272,39.810402,1,2.0
-45.47569,-43.69955,4,3.0
-45.044197,-43.458786,4,6.0
-56.973274,7.423704,1,1.0
-36.387886,49.122913,1,3.0
-38.399776,43.219044,1,1.0
-44.27544,49.64415,1,2.0
-44.90248,49.710575,1,1.0
-7.0400863,37.173325,1,3.0
9.380763,-80.52135,4,2.0
-42.289852,52.094215,1,1.0
-2.3396637,8.270725,3,3.0
49.382954,10.674601,3,6.0
-31.769108,-31.7916,4,2.0
27.244228,-58.818974,1,1.0
8.191141,6.529204,3,1.0
22.939323,4.848766,3,5.0
33.811935,12.041996,3,4.0
-12.13631,-56.253777,1,3.0
-55.042534,-44.251564,4,4.0
24.738697,48.223946,1,3.0
29.70086,-25.840614,3,5.0
-13.346027,17.508501,1,1.0
-2.9299488,-39.064743,1,1.0
-67.43652,7.8508244,1,1.0
-7.8430977,8.717872,1,1.0
-65.28088,9.11182,1,2.0
-7.8965774,8.759131,1,1.0
-48.865685,-20.51183,4,1.0
-39.601936,24.256968,1,2.0
-66.81685,9.61421,1,1.0
-55.91627,33.890015,1,1.0
-56.80778,35.013306,1,7.0
-55.96392,6.0744658,1,2.0
-20.512554,55.92959,1,6.0
29.686586,40.057293,3,9.0
8.567885,26.44058,1,5.0
27.733685,44.726856,1,5.0
28.482252,45.01871,1,8.0
-1.4163412,52.1745,1,1.0
23.131563,-7.355424,3,4.0
-7.2873645,-5.0123305,1,5.0
22.818914,9.530345,3,7.0
28.5813,-14.284561,1,8.0
-42.388596,3.3783865,1,6.0
-21.202461,48.895977,1,7.0
-3.4597223,-8.93206,2,10.0
-44.14631,47.121773,1,3.0
16.74112,39.69373,1,5.0
-19.313597,26.985765,1,7.0
-52.90833,37.39739,1,1.0
-39.643135,-31.73232,4,6.0
43.498566,11.090447,3,10.0
15.28716,54.049686,1,4.0
35.773457,-6.732164,3,9.0
43.054504,-8.752293,3,10.0
23.374458,-2.649895,3,9.0
28.73847,47.910732,1,3.0
19.892824,3.6959755,3,7.0
1.2624261,63.63172,1,1.0
44.373817,-7.8896933,3,9.0
14.364435,53.38311,1,5.0
-32.659393,-33.44005,4,7.0
24.34839,-4.174127,3,6.0
-8.7699175,39.27654,1,1.0
-33.95542,-37.65736,4,1.0
33.758633,-5.5253406,3,6.0
-24.753448,9.095988,1,1.0
15.083784,-33.47645,3,6.0
0.20575534,-36.428864,1,1.0
-22.790007,-42.6091,4,5.0
-11.163244,-34.494087,1,4.0
-52.98796,39.359985,1,4.0
-24.0727,16.720453,1,5.0
-13.846604,16.012045,1,2.0
0.28147706,-36.992012,1,2.0
24.464523,15.928431,3,7.0
15.067753,-31.617594,3,8.0
7.2416043,-29.51992,1,2.0
-55.899223,28.951979,1,
-8.922483,-24.769516,1,4.0
35.11221,-8.455184,3,1.0
23.744974,17.970942,1,3.0
-44.93304,-40.445732,4,7.0
-11.696014,-20.495625,1,3.0
11.624165,-39.655815,3,6.0
11.5756855,-39.604836,3,6.0
0.58909786,-26.298004,1,7.0
10.053529,-39.198124,1,4.0
-33.953182,-52.319126,4,2.0
1.591877,-27.940424,3,5.0
-10.802983,-28.886576,1,3.0
-46.557922,-15.284014,4,1.0
-33.972733,-52.344913,4,3.0
-8.238164,-50.16619,1,2.0
-6.6097655,-45.14321,1,6.0
-18.91842,-52.20245,4,4.0
-4.346364,-50.516045,1,6.0
-6.4184213,-34.304802,1,1.0
-35.618065,-14.454566,1,6.0
-6.5574894,-43.927055,1,3.0
-6.0791783,-44.44479,1,4.0
10.592115,-43.09775,3,5.0
10.825246,-36.470036,3,3.0
-47.054157,-14.709729,4,3.0
1.2977632,-29.389141,1,1.0
56.7167,38.015778,0,6.0
-4.9305415,74.77108,7,4.0
-5.654404,-39.014343,1,7.0
1.6519269,-33.95347,3,3.0
56.322456,38.03257,0,6.0
-23.512426,-47.724236,4,5.0
10.478304,6.335279,3,5.0
4.8026643,-7.756704,2,9.0
-22.238327,53.09736,1,9.0
49.92344,13.262835,3,10.0
-57.51359,35.911922,1,9.0
4.7980356,-7.704578,2,9.0
-49.49332,24.737913,1,3.0
-33.475014,1.173753,1,10.0
-25.630833,-6.201642,1,9.0
-39.618996,19.947502,1,1.0
31.41147,-57.34656,3,9.0
-15.984353,-23.523767,1,5.0
-39.891582,-10.100712,1,8.0
-7.143099,42.50085,1,5.0
-41.587807,-7.813519,1,1.0
27.556616,-58.125042,1,3.0
40.03148,13.139801,3,8.0
15.49671,24.829239,3,10.0
-40.666386,-2.5882535,1,3.0
-18.319632,53.21344,3,7.0
-21.242706,24.943811,3,9.0
-44.010468,50.552917,1,1.0
-3.6796288,36.258568,1,5.0
-4.5766473,7.8978753,3,5.0
22.114931,43.39707,3,6.0
21.669651,41.071377,3,9.0
-5.812309,8.400835,1,5.0
-26.029383,27.549295,3,6.0
-37.000717,29.855326,1,1.0
-4.293154,-11.818082,2,6.0
-2.526928,-26.299118,1,5.0
2.8281567,-11.557792,2,10.0
-3.4068813,5.6478624,3,5.0
-1.3578113,-13.918858,1,2.0
-22.880247,32.147915,1,5.0
16.157307,35.6391,1,7.0
64.97777,35.01487,0,8.0
-41.18402,-40.956467,4,8.0
-28.004692,20.216393,1,5.0
39.20993,19.194855,3,9.0
45.523167,21.111012,3,10.0
-0.1612971,36.047966,3,7.0
39.173737,7.0618916,3,10.0
40.631718,20.16883,3,8.0
-58.344265,14.915469,1,4.0
4.3324237,18.455704,3,7.0
-37.356525,-6.2020907,1,2.0
7.1415634,-74.69764,4,5.0
-41.443092,-34.447205,4,7.0
38.56527,14.60062,3,6.0
-6.0488935,50.07782,1,3.0
26.818333,6.3979692,3,8.0
32.543427,-47.339275,3,9.0
5.0590043,-80.07771,1,3.0
-44.2275,-32.27549,4,9.0
13.771854,23.61925,3,8.0
32.901764,-34.91376,3,9.0
57.209354,-39.389214,5,7.0
-40.82828,48.7055,1,3.0
-40.62754,42.42881,1,4.0
-29.592989,-2.7617311,3,5.0
0.86225617,11.953496,3,9.0
43.694298,-5.751361,3,10.0
-33.80164,12.244499,1,3.0
-5.503194,24.759438,1,7.0
-18.128965,20.770548,1,10.0
-55.03015,32.460712,1,2.0
-31.590305,-6.1003976,1,1.0
-55.320423,32.754482,1,2.0
19.792595,17.934055,3,9.0
16.38497,55.484707,1,3.0
-7.085656,15.215198,3,10.0
51.642475,-16.738184,3,10.0
30.242405,-56.256886,3,9.0
34.876137,-3.327962,3,8.0
-1.6925954,41.177624,3,9.0
21.850702,-57.586502,1,6.0
-1.6499985,5.319828,3,1.0
23.49005,11.134289,3,7.0
3.1335616,-24.571411,3,7.0
35.408894,-30.900986,3,10.0
22.814795,34.687767,3,5.0
2.988401,-26.848207,3,9.0
41.777275,13.918394,3,8.0
24.79842,7.332132,3,8.0
10.832879,19.442745,3,8.0
33.897377,-29.639614,3,9.0
20.291687,-28.50935,3,10.0
-19.93228,53.163303,1,7.0
-10.692672,8.736428,1,3.0
41.537243,14.370061,3,7.0
-24.663687,-4.258187,3,8.0
-0.76429635,-10.942383,2,10.0
20.922138,5.2892942,3,5.0
2.0820153,33.9595,3,7.0
20.392807,-22.598627,3,9.0
32.704483,-58.446743,3,5.0
-48.82647,31.777668,1,2.0
1.4755535,7.399082,1,1.0
67.66818,36.111195,0,10.0
64.07952,33.106842,0,10.0
60.08271,33.26756,0,9.0
0.26047495,46.218086,3,7.0
14.620659,45.88676,3,7.0
40.38422,20.278934,3,8.0
62.784435,37.89468,0,8.0
50.82923,-23.14363,3,8.0
62.986217,37.425507,0,10.0
-33.049202,17.386606,1,2.0
17.236313,37.11032,3,9.0
20.39345,33.15472,3,9.0
20.53293,33.0856,3,10.0
12.955031,39.57343,3,10.0
-23.408962,47.268646,1,4.0
-52.275314,29.28952,1,1.0
5.1959624,-79.18375,1,2.0
1.2433625,63.65313,1,1.0
19.515247,4.5065055,3,3.0
22.25678,1.0017215,3,10.0
-27.418571,-37.522842,3,10.0
53.500862,-42.03017,5,5.0
55.752678,-50.081642,5,4.0
0.35374063,-37.95031,3,7.0
4.381961,5.8695707,3,1.0
27.438871,-12.109497,3,10.0
-28.054913,-35.12342,4,10.0
27.93269,-19.845978,1,4.0
28.074083,-19.881002,1,4.0
39.667755,-19.144405,1,4.0
-33.696518,28.375875,1,4.0
27.918081,-19.748348,1,5.0
-24.648075,30.767553,1,4.0
-24.425062,31.355564,1,2.0
40.679443,-14.859052,3,8.0
-25.850445,45.450344,1,1.0
40.98923,-16.831263,3,5.0
40.224796,-15.576448,3,7.0
11.017509,-29.682718,3,7.0
41.01692,-15.589527,3,7.0
41.296654,-16.660816,3,4.0
-24.58593,30.677683,1,4.0
-24.491995,31.48356,1,2.0
39.536934,-15.300551,3,7.0
-24.570839,30.667084,1,4.0
14.779222,-19.961796,3,5.0
28.593893,-60.862564,1,5.0
49.961098,-19.8636,3,4.0
-16.437765,-28.134127,1,1.0
-6.0738177,-24.977266,3,8.0
-31.456894,-9.775134,1,2.0
59.945267,33.824265,0,4.0
-25.014048,43.684532,1,2.0
-45.09044,-39.096844,4,3.0
-54.368298,-31.4262,4,2.0
-58.812943,30.627707,1,1.0
46.557293,-0.86377394,3,10.0
-42.732758,-3.9039612,1,5.0
-43.312798,-45.002907,4,7.0
8.457954,-83.542366,4,3.0
25.621143,5.063562,3,9.0
9.552615,51.819218,3,6.0
-58.371723,31.629494,1,3.0
34.145153,2.3344672,2,9.0
27.796053,-55.62764,1,5.0
-12.446167,37.17756,3,8.0
10.763498,-4.42092,2,6.0
-34.050686,44.9563,1,4.0
25.193722,4.874652,3,6.0
-34.48334,34.829445,1,3.0
44.92227,-14.115105,2,6.0
6.490787,24.04885,1,7.0
-6.5456614,-20.22654,3,7.0
-40.134277,42.320797,1,4.0
-5.858724,33.019714,1,4.0
9.221122,24.08118,3,7.0
-19.793509,25.290243,3,8.0
27.073032,36.64142,3,7.0
7.908251,22.559185,3,6.0
25.291069,47.469563,1,4.0
-37.4421,-29.23608,4,3.0
60.216137,38.4908,0,9.0
-53.234867,39.398197,1,4.0
7.38084,-3.2693639,2,4.0
-32.412605,19.134912,1,7.0
60.236122,35.54642,0,7.0
61.068336,37.99065,0,8.0
62.73042,41.076393,0,1.0
16.897974,55.2713,1,5.0
-6.7535934,52.58156,1,3.0
63.94928,-7.601081,2,10.0
-43.989307,51.252907,1,2.0
58.92796,-9.618524,2,9.0
61.747486,-5.936622,2,9.0
8.189647,0.22930008,2,7.0
65.94262,-9.810576,2,8.0
60.30954,-10.08246,2,8.0
62.33671,-4.4351397,2,10.0
66.08203,-7.984665,2,10.0
34.38477,24.574003,3,5.0
45.279446,11.943926,3,5.0
-46.481667,-40.280853,4,4.0
20.708078,46.75471,1,1.0
-38.75477,-10.421759,1,3.0
1.0081028,23.749493,3,4.0
-50.15417,39.14817,1,4.0
33.13355,26.434395,3,2.0
-40.113033,44.04973,1,6.0
5.638371,25.191854,3,5.0
50.00842,13.193553,3,9.0
-31.100964,-4.1315107,1,7.0
29.086212,46.47239,1,5.0
-1.8031541,55.303905,1,3.0
-36.918076,-1.1861567,1,6.0
8.95133,20.754946,3,9.0
-28.002188,-8.815083,1,4.0
28.608173,-57.646206,1,3.0
-16.996143,-59.86381,2,2.0
67.157845,-10.869766,2,5.0
-17.561302,-59.99088,2,3.0
-13.184554,-59.36769,1,7.0
-12.978745,-59.394127,1,3.0
-11.511922,-59.990814,1,6.0
-7.1099987,-58.673485,3,5.0
-17.353296,-59.743443,2,4.0
-17.000921,-58.470097,4,3.0
-40.67144,53.2041,1,4.0
56.213562,-37.201508,5,8.0
3.2137618,-2.0404437,2,8.0
56.649982,-40.20809,5,3.0
2.9541323,-1.3939947,2,5.0
5.68522,-4.033844,2,8.0
-28.00742,-25.956886,2,7.0
7.9512243,0.29264286,2,5.0
56.830788,-36.68916,5,2.0
3.4806027,49.925144,3,6.0
-38.49041,19.666294,1,3.0
3.2990026,-0.09108883,2,4.0
-8.993096,-10.005979,2,1.0
28.377691,-56.67368,1,5.0
-5.246966,25.441504,1,3.0
-50.398026,-35.24287,4,3.0
29.83234,45.16537,1,9.0
-9.059598,-10.149801,4,3.0
-23.387556,-44.40739,4,3.0
-9.925047,11.116962,1,1.0
-54.67884,-40.69597,4,5.0
-31.796158,13.103889,1,3.0
-47.73632,-32.42401,4,3.0
-55.253117,-37.08416,4,2.0
21.320097,8.67364,1,1.0
8.689559,23.651587,1,7.0
28.924854,-3.356446,3,7.0
49.83298,-45.105583,5,7.0
-8.3156805,-54.25789,1,2.0
-9.227711,-51.937817,1,1.0
58.196842,-43.879536,5,8.0
-51.722046,-16.43621,4,2.0
-6.5729175,-52.137566,3,2.0
-8.504563,-53.51158,1,3.0
-5.2343297,-52.851574,1,5.0
-4.674329,-54.827614,3,8.0
-45.754673,-21.53115,4,3.0
-49.54011,-35.141613,4,5.0
10.669557,-22.121548,3,6.0
-30.140148,-9.921282,1,3.0
28.787739,-51.301086,3,6.0
57.412468,-40.516186,5,4.0
-20.870253,29.139177,1,6.0
37.359116,-7.082892,3,6.0
-49.706615,-39.684055,4,3.0
-12.1182575,-60.199245,1,1.0
-15.79441,-55.84627,4,2.0
-8.305619,-59.64794,3,6.0
-15.728079,-55.772785,4,2.0
-51.71608,-16.452707,4,1.0
57.17229,33.281036,0,2.0
-13.047747,-62.939007,4,2.0
-16.729252,-57.38416,4,2.0
-16.693409,-57.128174,4,4.0
-38.477543,20.094797,1,2.0
-29.965567,14.994318,1,1.0
60.481663,35.031155,0,1.0
-49.39774,-33.202404,4,2.0
-2.0026095,8.846655,3,2.0
-39.483845,22.159546,1,1.0
20.398403,9.5107,1,1.0
-16.514843,28.501425,1,1.0
-30.577557,28.114384,1,1.0
-46.897316,-35.576183,4,5.0
-54.79552,39.14052,1,4.0
-2.606835,23.086016,1,8.0
8.958932,16.913982,3,9.0
-34.285114,-37.198696,4,4.0
36.029213,-12.933422,3,6.0
-34.214245,10.104869,1,4.0
-45.84368,-38.055267,4,7.0
35.403187,20.576902,3,8.0
-21.715052,52.069798,1,4.0
-25.096361,44.34791,1,1.0
-19.953165,25.221037,3,7.0
46.381363,-11.184647,3,6.0
41.758736,-7.5957136,3,10.0
-20.07141,24.501642,3,9.0
27.19883,6.745643,3,8.0
36.788742,-11.977604,3,7.0
-35.368813,-33.152374,4,5.0
-47.874943,-39.04393,4,5.0
-36.221806,-41.425243,4,6.0
-8.832236,21.92141,3,6.0
-51.84821,4.848103,1,9.0
-57.81063,39.872772,1,1.0
21.018913,36.827522,3,7.0
-1.0019406,53.5759,1,5.0
-39.25156,-30.615519,4,3.0
-59.59804,3.9884017,1,2.0
-57.702045,10.625569,1,2.0
28.366814,35.690266,3,5.0
63.91273,36.797558,0,7.0
-56.366203,5.7260013,1,2.0
63.55557,37.327682,0,5.0
12.80216,46.93961,3,9.0
27.405966,30.528461,3,8.0
27.396612,36.76181,3,4.0
-52.248188,5.272582,1,3.0
22.543306,6.433822,3,1.0
-7.595413,39.2951,1,3.0
22.609877,6.165761,3,4.0
22.61779,6.2894487,3,4.0
43.657413,-11.123172,3,7.0
-36.764076,-28.638844,4,3.0
22.614048,6.262863,3,1.0
48.99997,11.678904,3,5.0
23.92323,41.27975,3,5.0
-25.950745,-10.276095,3,7.0
-1.371481,40.133892,3,3.0
8.326038,7.8969884,3,2.0
25.043705,47.82223,1,4.0
-52.61618,-49.9201,4,5.0
32.3791,-54.45632,3,7.0
32.874367,-55.974606,3,7.0
21.595984,-12.105857,3,3.0
32.324802,-55.210102,3,4.0
-29.787573,14.767979,1,3.0
-52.63942,-30.569294,4,1.0
-45.70658,-44.245213,4,2.0
-50.196003,-49.31746,4,2.0
-32.35704,18.708992,1,1.0
-49.518745,-48.03179,4,1.0
-50.27547,-49.255013,4,2.0
-50.328636,-49.205517,4,1.0
-45.35892,-44.065197,4,3.0
40.278233,16.036743,3,10.0
14.579398,17.765898,2,10.0
-21.983742,52.23685,1,6.0
-37.302822,-15.972696,1,4.0
31.632532,-22.412504,1,4.0
-6.3407016,-21.040068,1,9.0
-31.224104,-9.304916,1,4.0
-40.31951,52.41046,1,3.0
-23.975498,27.936611,1,7.0
-25.401144,46.99798,1,2.0
27.669127,-12.4158325,3,10.0
33.892666,4.653539,3,10.0
33.86864,4.648968,3,10.0
62.899437,32.23926,0,10.0
-24.662083,46.64848,1,7.0
62.846222,32.26762,0,10.0
-8.592601,-5.847133,1,5.0
-4.4694715,-6.751065,2,10.0
11.301655,49.418777,1,8.0
-47.106953,8.976875,1,8.0
-50.27402,8.624167,1,7.0
8.911147,47.37005,3,9.0
11.10536,51.106575,3,7.0
11.767194,52.024582,1,6.0
-36.97808,20.082083,1,1.0
-28.357292,13.920062,1,4.0
-50.39905,9.297771,1,5.0
-49.13218,32.904324,1,1.0
-40.926785,-40.398426,4,4.0
36.282955,-6.099811,3,5.0
-1.4695356,8.893009,3,2.0
38.536766,10.726901,3,7.0
0.9272223,24.015375,3,3.0
21.763384,-15.601156,1,2.0
12.629308,45.45371,3,8.0
-41.33957,-44.882053,4,8.0
-40.855247,22.630795,1,7.0
-48.02659,-33.91699,4,5.0
-36.238514,-6.031822,1,7.0
-41.612553,-6.480348,1,5.0
-37.63986,-3.7414393,1,4.0
-17.01986,12.176296,1,5.0
-29.936392,0.06610762,1,6.0
-35.230206,-6.092807,3,5.0
-16.066286,-27.15528,1,1.0
43.586597,13.357497,1,5.0
52.271465,-24.415207,4,5.0
-0.61303794,-26.563618,3,10.0
-11.842127,-20.42068,1,6.0
-1.793909,-20.559448,1,6.0
-6.079632,-21.708591,1,6.0
12.386949,28.73237,3,5.0
-35.74573,-29.306746,4,4.0
25.390802,-5.4663553,3,6.0
0.96783847,-35.252922,3,6.0
-6.726097,-43.517628,1,2.0
-6.6077476,-43.532475,1,4.0
-5.8930335,-49.496517,3,4.0
-10.849331,-53.68859,1,3.0
-25.560223,-48.89444,4,1.0
-6.454845,-43.959835,1,3.0
-27.132645,-49.34365,4,5.0
6.4789734,-38.77344,3,7.0
28.65443,-60.759304,1,1.0
10.293588,-33.260242,1,2.0
15.187241,-35.29298,3,5.0
-0.9114476,-30.482113,1,4.0
-26.89267,-44.6881,4,4.0
0.6835277,-31.513666,1,4.0
-3.2401698,-33.700512,1,2.0
3.135569,-75.52453,1,4.0
10.276714,-39.41671,1,3.0
-2.6666129,-41.307087,3,7.0
-48.45665,-15.856171,4,1.0
10.047974,-40.49928,3,2.0
-0.6226483,-40.147766,3,4.0
51.029163,-38.54863,5,10.0
-24.308716,-47.78258,4,4.0
-12.44065,-37.211796,1,2.0
-23.88422,-47.359253,4,3.0
57.225853,36.442123,0,9.0
21.576565,25.939772,3,10.0
-33.566494,0.8067748,3,10.0
31.292725,-21.800007,1,8.0
-27.689178,52.166958,1,9.0
49.212994,15.017522,3,9.0
-40.28152,-7.282463,1,5.0
-40.747944,52.18178,1,4.0
28.399328,41.62861,3,7.0
25.73397,21.956131,1,7.0
24.6651,-50.932285,3,10.0
-10.429669,19.440037,1,1.0
-23.216444,51.225414,1,3.0
55.153137,-39.32615,5,9.0
-20.387503,52.903114,1,6.0
-22.195332,20.13247,1,6.0
52.555477,-22.74759,3,8.0
59.847885,39.82698,0,8.0
-41.577366,48.190945,1,5.0
14.94665,49.21829,3,9.0
-8.854045,37.100994,1,3.0
-19.516148,53.78861,3,9.0
-25.589125,50.648342,1,2.0
52.614803,-22.322504,3,7.0
13.848568,12.715178,3,6.0
4.0774717,41.84701,3,8.0
-4.951575,7.906445,3,7.0
5.976954,16.905577,3,6.0
12.029691,-11.574135,3,10.0
-7.1887255,-5.0853834,1,1.0
-45.034428,24.064777,1,1.0
-2.1524622,-25.85715,3,7.0
-36.51965,47.148926,1,3.0
2.5899348,-11.13616,2,4.0
-3.5622535,-9.097303,2,6.0
-21.941977,-3.2623239,3,7.0
-36.460403,47.139282,1,6.0
10.13465,14.833679,3,8.0
3.8435276,18.381052,3,8.0
25.351366,36.99533,3,6.0
-24.70331,21.243956,3,9.0
50.02175,8.093767,3,6.0
26.841778,31.634058,3,9.0
-36.7346,-37.35313,4,6.0
-30.359407,-6.9525146,1,7.0
-47.72613,30.177614,1,1.0
-22.560316,-40.206615,4,4.0
18.641054,36.1964,3,5.0
7.357162,-77.59772,1,3.0
45.280994,-8.571967,3,3.0
28.992113,17.868238,3,6.0
19.72549,37.185043,3,2.0
36.716324,22.350023,3,7.0
25.979801,8.077144,3,6.0
7.2523,-77.7206,1,5.0
41.23712,9.945604,3,10.0
10.701303,-74.00154,3,7.0
-40.706383,44.422806,1,3.0
42.29483,14.144448,3,10.0
-22.223375,33.191517,1,3.0
13.743045,-0.06333259,3,10.0
34.63783,-23.822472,3,9.0
-43.130505,-18.342554,4,9.0
3.5497139,34.80517,3,5.0
-54.219673,-38.431747,4,3.0
-26.04013,-12.713771,3,10.0
37.019775,-4.6435385,3,8.0
10.463923,-82.11733,4,5.0
38.218678,-4.475997,3,9.0
27.666822,13.453511,3,7.0
65.28688,34.501606,0,9.0
-22.961212,49.624676,1,6.0
-21.532742,-8.57252,3,10.0
29.414274,-57.5609,1,1.0
22.619131,11.165481,3,7.0
32.314613,-52.00314,3,9.0
45.762108,14.744109,3,7.0
-1.3508531,10.368214,3,1.0
11.013973,-76.646545,4,10.0
-9.627099,17.359837,1,4.0
-1.1077445,31.612232,1,9.0
-56.508945,39.80594,1,4.0
2.2882462,18.983688,3,7.0
-39.462547,-37.523808,4,5.0
-43.337067,-44.94793,4,6.0
-2.7566025,33.468323,1,2.0
38.026844,-12.495381,3,8.0
48.859142,-2.6100328,3,9.0
-3.982182,13.573414,3,5.0
44.424397,2.8556437,3,5.0
-5.667173,11.104247,3,6.0
18.359333,31.747332,3,8.0
-1.5524441,33.44014,1,3.0
-54.149624,-46.470657,4,3.0
54.046875,-39.01867,5,10.0
28.447357,4.567894,3,8.0
-28.285904,40.082306,3,5.0
-66.88745,11.180418,1,3.0
13.48933,54.84097,1,6.0
16.511068,58.48852,1,5.0
-0.49038082,52.585163,1,5.0
12.329311,50.89136,1,4.0
-39.8957,-8.491208,1,8.0
62.685074,38.513695,0,6.0
-6.113571,15.936583,3,7.0
13.637428,40.879154,1,6.0
-52.787712,-45.119747,4,9.0
-50.886814,-42.567272,4,4.0
63.573906,37.100456,0,9.0
53.162056,-23.20956,3,9.0
12.0722275,38.837658,3,9.0
13.843593,35.9614,3,8.0
52.183926,-19.437963,3,9.0
0.84851253,32.840195,3,9.0
-1.654117,31.175728,1,9.0
9.332384,-79.74655,4,1.0
-0.3276337,33.64718,1,7.0
11.804906,41.21075,3,8.0
-28.122736,-37.283596,3,10.0
11.714622,28.22938,3,9.0
55.8161,-50.309456,5,3.0
52.50834,-40.64244,5,10.0
12.704174,-77.0525,4,10.0
-46.469666,-30.564207,4,3.0
5.4276814,-76.45194,1,2.0
11.449746,-15.717076,3,10.0
54.29045,-40.137466,5,9.0
-24.193626,45.207386,1,3.0
-31.84571,26.935293,1,4.0
-35.38079,42.447796,1,2.0
40.93712,-14.075526,3,9.0
-55.137226,-41.035896,4,4.0
-31.559721,29.159996,1,2.0
37.917095,-16.342958,3,4.0
10.063243,-29.165627,3,8.0
41.202892,-12.96115,3,8.0
-55.265957,-40.85277,4,2.0
-36.993633,40.185078,1,2.0
39.649914,-15.862138,3,8.0
38.238304,-16.671463,3,5.0
28.345787,-18.866594,1,6.0
27.831633,-18.873577,1,4.0
40.132187,-16.991005,3,6.0
-33.568768,28.822203,1,3.0
-24.407364,45.057064,1,3.0
-9.201295,-57.11997,2,4.0
57.19237,33.28866,0,8.0
-4.4152703,-56.82477,3,3.0
-4.574288,-59.25519,3,10.0
-10.164524,-60.82288,1,4.0
-15.643559,-55.896866,4,5.0
-12.675636,-60.09308,1,1.0
-6.5123763,-58.44823,3,2.0
-7.1394954,-58.66841,3,5.0
33.475822,-26.562925,3,8.0
-31.263517,13.587747,1,3.0
-0.69678617,20.233934,3,8.0
35.641026,-25.539845,3,7.0
10.448627,-27.093258,3,7.0
35.968784,21.744743,3,6.0
64.74338,-4.554213,2,10.0
-12.326664,-34.78112,1,1.0
-57.6619,30.199331,1,2.0
-41.09993,52.429295,1,3.0
-43.746716,-2.7012315,1,4.0
-41.497753,51.72417,1,2.0
0.5416769,21.340204,3,7.0
-36.244473,33.351677,1,1.0
-40.919594,44.144417,1,5.0
-45.034985,-22.383839,4,5.0
-47.853027,-31.931732,4,6.0
-41.975582,45.247417,1,3.0
-42.511486,-31.39416,4,7.0
46.94721,14.681705,3,4.0
8.188763,24.725075,1,4.0
-8.737199,7.8552365,1,2.0
22.052761,37.723103,3,7.0
47.093178,14.025037,3,5.0
24.19819,44.01642,1,6.0
-2.883165,38.601486,3,6.0
-40.74153,48.09828,1,7.0
16.212362,52.47556,1,6.0
-6.8805656,16.187784,3,9.0
60.011948,40.964043,0,5.0
0.11233635,19.792377,3,9.0
-37.32196,52.605324,1,5.0
32.133327,-9.955687,3,9.0
34.64519,15.292713,3,9.0
33.998062,17.225243,1,7.0
-50.03208,31.904312,1,6.0
8.290903,0.20235303,2,9.0
65.7473,-7.522885,2,1.0
-49.359734,-36.690582,4,2.0
60.933254,-4.5177116,2,5.0
-49.40135,24.929373,1,2.0
60.559917,-5.9742703,2,4.0
62.882946,-9.725352,2,1.0
58.00224,-5.6859684,2,4.0
64.46382,-8.788334,2,8.0
-38.189384,3.5160608,1,6.0
-3.902988,52.873863,1,6.0
29.944307,22.372097,1,6.0
36.11241,23.65309,3,8.0
18.197203,48.72716,1,1.0
42.98092,-16.098642,3,3.0
5.2822146,22.760876,1,4.0
16.089808,51.458233,3,6.0
25.632616,-5.797806,3,1.0
25.86701,-8.1071205,3,8.0
-16.888992,7.668239,1,1.0
46.012722,4.5252886,3,10.0
-36.928806,-9.993175,1,4.0
-31.63887,18.210102,1,4.0
-26.684103,18.372084,1,5.0
-30.460148,-9.926969,1,1.0
28.174128,45.792923,1,3.0
-1.7226659,24.598269,1,6.0
-62.270863,15.527263,1,6.0
-48.04967,-49.858315,4,4.0
34.771694,-12.264521,3,5.0
30.810661,8.244922,3,9.0
5.868052,5.565731,1,5.0
18.657528,4.679005,3,7.0
30.361229,11.287506,3,7.0
5.9269896,5.5483313,1,6.0
-47.958626,-49.879982,4,4.0
1.2335197,-4.252349,2,7.0
4.2065177,-1.7163357,2,1.0
1.6753895,-2.917313,2,1.0
1.5643451,-0.10341965,2,7.0
-1.0241026,-15.105419,1,4.0
5.1324244,-3.6811638,2,9.0
56.87002,-40.052517,5,5.0
3.8265233,-6.7545385,2,9.0
5.784718,-7.178192,2,8.0
-16.830763,-60.596302,2,4.0
-16.79366,-60.58927,2,7.0
-14.457422,-58.474472,1,6.0
-4.5472155,-57.000294,3,7.0
-4.9899745,-57.503277,3,9.0
-15.834287,-57.66143,4,6.0
-14.011578,-58.367958,1,5.0
-14.708535,-58.65061,1,4.0
-14.83622,-58.272995,1,6.0
-22.624634,31.666302,1,4.0
18.184402,-30.218891,3,8.0
-33.485874,11.804413,1,2.0
-34.163555,32.318108,1,1.0
7.6970186,-84.08346,4,1.0
9.714611,-82.50885,4,2.0
10.057575,-82.11573,4,3.0
17.991945,-30.173151,3,8.0
9.2000265,-82.42841,4,1.0
25.989857,-53.020298,4,8.0
-5.275258,-32.78599,1,4.0
-8.220059,-52.86252,1,5.0
58.309204,-43.797745,5,6.0
-15.459029,-52.741283,4,8.0
-27.862206,-43.463726,4,6.0
-8.500883,-53.539047,1,1.0
-15.691502,-52.583828,4,5.0
-22.270319,-39.81129,4,6.0
-37.444813,21.208775,1,2.0
40.8257,19.988167,3,7.0
-39.660942,20.891146,1,1.0
-22.174994,4.7063704,1,2.0
15.78529,33.73815,3,4.0
-54.76435,5.294066,1,3.0
-54.046654,35.418697,1,1.0
-61.981663,12.206995,1,3.0
16.806578,46.477394,1,1.0
-37.67233,-36.32499,4,3.0
3.1857154,34.422596,3,7.0
10.24754,44.807274,3,9.0
28.215326,13.3341675,3,6.0
-58.07556,39.54037,1,2.0
-60.752865,30.476982,1,3.0
11.617778,-80.107666,4,2.0
-62.512604,12.523088,1,1.0
27.934353,36.78305,3,7.0
-28.340357,18.093637,1,4.0
66.49495,36.283253,0,1.0
-30.013216,27.6355,1,1.0
-45.25257,-35.497875,4,5.0
63.48943,41.23152,0,1.0
-41.624184,-34.499363,4,2.0
-46.849686,-35.55742,4,2.0
-44.315186,-36.517437,4,4.0
-38.63762,-33.303604,4,9.0
54.982243,-8.240387,3,6.0
-44.902992,-40.30867,4,2.0
0.81402254,23.454344,3,7.0
42.775146,-2.4703033,3,9.0
34.69211,20.502478,1,5.0
9.007116,37.150246,3,9.0
30.639742,11.669066,3,1.0
37.755272,-14.521474,3,8.0
30.397251,-8.426211,3,8.0
33.003414,-25.247204,3,8.0
21.176338,44.301605,1,3.0
-4.76378,6.6009808,3,6.0
-31.147911,29.786776,1,7.0
40.36284,-9.298678,3,10.0
48.702408,12.026525,3,4.0
46.908733,3.9548855,3,10.0
-21.861399,17.92019,1,8.0
-17.314842,51.832798,1,4.0
-45.135685,-23.315397,4,5.0
-27.522955,-9.801525,1,7.0
-50.03959,-32.80714,4,4.0
34.874508,22.141161,3,1.0
-22.052868,20.436388,3,6.0
27.1586,-55.30299,3,6.0
-46.323837,-24.026583,4,3.0
-25.707512,9.759654,1,3.0
13.023452,42.177917,3,7.0
-54.21967,7.2245264,1,3.0
-56.41276,7.5276937,1,2.0
64.16445,43.94152,0,6.0
-44.702904,-43.064247,4,6.0
63.768116,44.2162,0,5.0
-49.952335,9.168645,1,6.0
-39.542053,51.871235,1,7.0
39.170883,22.571001,3,6.0
-50.958508,-42.323353,4,2.0
-25.410221,53.66259,1,3.0
-39.28043,-31.403881,4,3.0
7.2274623,-75.55809,1,3.0
10.8049755,46.075687,3,8.0
-58.331844,9.41012,1,4.0
-52.769432,-31.322042,4,2.0
-6.3686934,40.09287,3,3.0
-49.22711,10.17546,1,6.0
-1.5907831,50.967514,1,1.0
8.005171,-77.00399,1,6.0
-1.6163023,6.010582,3,5.0
11.60742,6.1310844,3,7.0
23.45768,4.104504,3,3.0
10.624152,-43.051025,3,1.0
1.9663907,9.686214,3,7.0
23.45792,3.590381,3,5.0
49.184235,-43.30686,5,7.0
11.555168,6.341921,3,5.0
-47.357193,-40.894855,4,1.0
-27.143976,18.037039,1,1.0
-54.769638,26.311108,1,1.0
-42.567623,-11.706316,1,1.0
-10.271595,10.782523,1,1.0
-34.489548,13.544724,1,4.0
-47.521,-40.97185,4,1.0
-16.44015,-27.876282,1,3.0
33.29316,-6.3299036,3,3.0
25.541471,41.309624,3,8.0
29.433617,40.166893,3,9.0
-52.808693,-32.13021,4,7.0
-52.86301,-31.817295,4,3.0
-52.295914,11.230412,1,4.0
2.5356681,48.904736,1,6.0
8.89552,47.547665,3,9.0
-44.02194,-18.982174,4,3.0
-47.185074,-47.83906,4,3.0
17.564371,33.91838,3,9.0
41.325165,12.51794,3,9.0
39.762268,13.454606,3,8.0
25.930449,-11.666631,3,8.0
-7.1857343,-3.8070595,2,1.0
30.072392,-54.186535,3,7.0
16.256933,-7.01089,3,10.0
-1.9970316,-23.618185,1,8.0
-0.79807234,-14.144367,1,7.0
30.338833,-8.526904,3,6.0
-47.18203,-39.67617,4,6.0
38.093307,17.468794,3,10.0
-14.81996,-30.37313,1,8.0
35.47374,12.806772,3,10.0
34.676712,20.642235,3,5.0
33.47087,-6.4041543,3,5.0
-8.811323,-18.680996,1,10.0
35.146053,-8.570949,1,6.0
-58.014194,39.530384,1,1.0
-35.840847,-34.445976,4,6.0
-25.76176,20.521288,1,3.0
-48.10086,-20.401283,4,2.0
-30.44481,16.581469,1,3.0
-6.3016706,41.337986,3,1.0
51.744827,-17.749765,3,10.0
41.62589,20.950684,3,6.0
-24.035368,-4.4704666,3,7.0
15.552467,-31.310942,2,9.0
12.398458,-20.937004,3,9.0
20.437927,-28.558311,3,9.0
18.878275,-33.635857,3,4.0
50.18928,-38.04962,5,10.0
20.341612,-31.500751,3,9.0
4.4868584,-40.005894,3,5.0
-10.87705,-28.803854,1,4.0
-18.800287,11.3496895,1,9.0
29.069498,-50.77229,3,9.0
-8.526313,-26.522814,1,5.0
17.880053,-25.779366,3,7.0
16.91616,-23.027245,3,6.0
10.395585,-28.941269,1,9.0
-8.93187,-29.424273,1,3.0
17.518858,-19.409111,3,8.0
10.530059,-33.1508,3,5.0
22.836681,-16.511099,3,8.0
-8.983367,-52.152744,1,1.0
-6.1250005,-53.371033,3,4.0
-8.33136,-50.67527,1,2.0
-6.8585095,-51.749573,1,2.0
-9.162186,-52.360424,1,3.0
-10.00403,-52.57035,1,4.0
27.128601,-62.48686,1,5.0
-9.71854,-52.815746,1,4.0
-6.4977083,-51.994305,3,1.0
8.134659,-35.603058,1,3.0
5.6852326,-44.30475,3,9.0
14.252791,-34.026596,3,3.0
26.239048,-33.781437,3,9.0
-37.657127,-14.779499,1,3.0
3.5762653,-42.553097,1,1.0
-2.6880388,-27.063902,1,3.0
-7.5532875,-43.412388,4,2.0
-13.148443,-33.06538,1,4.0
-28.703289,-49.14325,4,2.0
14.878406,-39.653793,3,7.0
-3.0191548,-38.98905,1,1.0
29.893635,-30.15278,4,4.0
-7.9602284,-39.456734,1,2.0
6.977647,-36.83623,1,5.0
-47.8415,-14.794411,4,5.0
15.859005,-39.266045,3,9.0
8.230161,-35.305992,3,3.0
-27.473627,52.121708,1,3.0
26.106419,19.488733,3,10.0
63.64223,35.33677,0,8.0
7.624786,-77.28406,1,7.0
21.589224,25.927002,3,10.0
-57.549896,35.5133,1,9.0
24.392721,17.332151,1,8.0
-47.314346,49.301704,1,1.0
23.702257,-2.641359,3,10.0
15.373655,-36.264633,3,8.0
-47.32413,49.438602,1,1.0
-41.991016,-11.146109,1,4.0
-2.9110334,37.04813,3,8.0
-22.455177,52.009167,1,4.0
28.676538,18.167877,1,7.0
54.48423,-39.228237,5,10.0
52.3311,-21.821945,3,9.0
15.277537,25.10047,3,10.0
23.236576,44.513336,1,6.0
-8.304464,36.830776,1,3.0
-17.185703,51.846992,1,6.0
-26.431799,-6.397629,1,7.0
23.357368,44.600513,1,5.0
-7.0699725,37.388023,1,3.0
8.989719,19.589777,3,9.0
6.2818456,22.772854,1,6.0
21.840933,41.2342,3,9.0
-36.063217,28.056702,1,5.0
-17.670053,-29.353678,1,5.0
-34.684708,26.749966,1,7.0
11.335135,-9.033702,2,9.0
-2.3604589,-23.791986,1,4.0
33.77557,-4.251882,3,8.0
10.486325,-11.137092,2,3.0
17.329815,31.823984,3,6.0
4.1738415,-12.917666,2,9.0
-41.748123,-1.813624,1,4.0
-5.7843986,36.99781,1,2.0
40.69676,3.9170444,3,10.0
-5.888585,35.617115,1,8.0
-21.552303,-8.499517,3,10.0
-50.367844,32.366688,1,4.0
37.371567,-6.7005715,3,7.0
17.401604,32.67074,3,8.0
9.331419,42.216393,3,9.0
-26.77205,-1.421334,3,9.0
25.352913,6.9039717,3,8.0
28.505472,4.687239,3,10.0
21.113638,44.09151,3,7.0
-19.163483,48.69277,3,5.0
64.321526,36.743137,0,7.0
-44.42729,-26.83929,4,5.0
46.604244,-8.411672,3,8.0
12.269655,23.819601,3,2.0
40.635773,10.734928,3,10.0
12.555451,26.53146,3,6.0
9.119873,17.49646,3,9.0
-36.133614,49.172256,1,5.0
9.924152,28.42975,3,8.0
-34.4469,50.47261,3,8.0
12.189183,27.815018,3,5.0
9.552428,18.571615,3,9.0
-30.749805,41.254955,1,7.0
-29.112394,-11.09215,3,9.0
-50.584946,32.387257,1,3.0
59.33747,37.1126,0,8.0
-61.729298,10.083637,1,2.0
-53.16938,31.857738,1,2.0
23.562916,-57.682693,1,7.0
18.659685,53.917336,1,7.0
-4.652629,11.74395,3,9.0
-14.061981,16.802332,1,1.0
38.91133,0.442037,3,10.0
18.810621,-36.046364,3,10.0
-43.69131,47.05463,1,2.0
1.1993397,-21.129065,3,8.0
17.78527,-22.935472,3,8.0
13.763249,-38.086494,3,9.0
43.313816,-7.137674,3,8.0
-31.652727,32.149094,1,4.0
-55.73493,36.62089,1,3.0
39.476135,12.565384,3,9.0
-5.274856,19.99211,3,7.0
-2.318241,32.90194,1,1.0
13.953715,33.69442,3,7.0
3.0614579,33.944645,3,8.0
-34.375473,51.434135,1,3.0
32.911125,-56.435898,3,9.0
48.726643,9.876091,3,9.0
-3.184049,31.373343,1,3.0
-15.536285,-24.023907,1,6.0
57.808582,-41.351986,5,5.0
4.3187737,41.64988,3,6.0
-50.36125,-46.00405,4,3.0
-15.201028,-25.384281,1,3.0
20.369852,5.1623983,3,5.0
9.477649,42.193447,3,9.0
16.616482,58.423904,1,6.0
-40.837585,-11.509998,1,1.0
-28.561132,40.15006,1,5.0
57.075302,-17.929543,2,7.0
-46.71473,8.563803,1,8.0
38.824585,21.413975,3,9.0
38.228336,7.934428,3,10.0
62.315357,37.796276,0,6.0
-34.19759,46.873768,3,8.0
45.768085,16.439835,3,8.0
-16.834196,7.663532,1,7.0
-44.369385,-8.0633335,1,9.0
-40.41806,-12.57913,1,5.0
20.467184,29.832485,3,10.0
40.855667,9.865687,3,10.0
-48.397346,-43.3939,4,6.0
-2.9242842,31.468632,1,5.0
11.502742,37.288963,3,9.0
-39.771217,24.463419,1,5.0
29.779673,12.658488,3,1.0
-26.955278,-38.28721,4,9.0
-29.915785,-33.35322,4,7.0
12.296203,-29.101019,3,7.0
12.308132,-77.08667,4,9.0
-6.218521,-28.89053,1,7.0
5.250112,10.341264,3,6.0
56.661964,-40.34014,5,7.0
5.3364615,-77.06457,1,5.0
54.07622,-40.902023,5,5.0
27.096884,-3.750686,3,7.0
-36.594597,40.469246,1,3.0
7.453399,23.340311,1,6.0
38.465786,-15.263459,3,6.0
0.58502436,-12.151767,2,7.0
-38.08755,46.88588,1,3.0
-37.345238,42.040012,1,4.0
-53.731987,-46.455193,4,3.0
-21.859982,32.801704,1,1.0
-23.692425,30.350517,1,4.0
41.009037,-18.364899,3,10.0
26.773335,-17.307856,1,6.0
28.519127,-19.00555,1,4.0
-23.862951,31.587135,1,3.0
28.583252,-19.025105,1,5.0
25.962564,-15.455038,1,2.0
-52.554485,-47.629143,4,3.0
-36.953133,40.38021,1,2.0
-54.478138,-31.924698,4,2.0
43.524292,-1.494337,3,7.0
34.067986,23.9309,3,6.0
65.0952,42.15203,0,3.0
-1.8340888,-0.757758,2,4.0
33.179638,-14.044298,3,8.0
29.786734,-53.743443,3,7.0
42.746853,-0.5547143,3,6.0
42.79812,-0.803255,3,7.0
-26.375237,-5.420287,1,9.0
-7.312004,8.373157,1,5.0
-6.960963,36.809093,1,2.0
-29.959787,-0.017069666,1,9.0
5.4514694,-21.936672,1,7.0
-37.975506,20.449455,1,2.0
8.602298,42.871758,3,9.0
-58.23821,31.032871,1,3.0
5.226647,15.321769,1,9.0
-45.362183,48.08211,1,1.0
43.372906,6.771226,3,10.0
-3.275993,30.789698,1,9.0
-33.754925,33.029133,1,5.0
-40.03113,2.2990384,1,2.0
-60.206562,28.862566,1,1.0
25.986032,43.418373,1,6.0
-37.90936,1.7180436,1,3.0
0.929122,-1.075161,2,10.0
8.128422,-30.76034,3,7.0
45.061123,10.182751,3,8.0
9.256513,18.968737,3,8.0
17.833563,-27.444878,3,9.0
-45.26865,-35.366913,4,3.0
-10.481451,-24.698477,1,7.0
-49.370308,-29.836227,4,4.0
-5.3326774,37.338573,1,6.0
45.423897,9.9593,3,9.0
-22.454039,4.6252184,1,6.0
59.206528,43.674988,0,5.0
29.882622,13.965389,1,3.0
-38.999836,-12.629319,1,4.0
-27.34613,-10.10516,1,8.0
-30.226368,40.77948,1,6.0
35.23069,14.488628,3,7.0
-49.3606,29.738941,1,4.0
28.794542,-9.957605,3,8.0
58.403175,-6.4918237,2,7.0
63.125195,-6.289718,2,3.0
63.431843,-8.76494,2,4.0
60.429276,-8.7857275,2,4.0
60.485245,-6.5233355,2,6.0
58.361423,-6.424666,2,4.0
58.789707,-6.708901,2,5.0
-11.881392,13.358005,1,1.0
59.20631,-9.239784,2,3.0
23.427343,18.104559,3,6.0
-18.827099,11.516069,1,6.0
-62.88386,7.4536376,1,2.0
20.538565,46.88277,1,1.0
16.327131,51.155563,1,1.0
-57.424683,30.19647,1,3.0
-59.571537,3.4053013,1,4.0
-46.518234,-16.796652,4,1.0
-65.42339,9.915193,1,1.0
32.896637,-34.841255,3,10.0
-14.094362,13.872605,1,2.0
45.349403,-10.393385,3,9.0
-18.807552,52.278107,1,6.0
14.745634,55.794754,1,1.0
-28.22355,15.633523,1,4.0
43.923473,13.4843445,3,8.0
7.1348248,20.863081,3,5.0
49.842983,16.684744,3,9.0
9.541834,-16.902046,3,10.0
-47.9311,-43.778248,4,6.0
-4.3460283,-11.47651,2,7.0
-47.122997,-43.955826,4,6.0
-4.5546174,-11.1767,2,10.0
-22.382885,4.6269007,1,4.0
-5.793414,-11.312256,2,7.0
-4.324742,-11.496423,1,3.0
-66.22445,9.1753645,1,4.0
5.8389187,-3.785683,2,6.0
-27.582708,-27.923594,2,5.0
-27.62711,-26.434128,2,8.0
20.46965,9.253105,3,6.0
-3.7055137,-4.3227215,2,5.0
5.718516,-4.5914283,2,7.0
-30.84023,-27.80879,4,1.0
-28.565659,-26.46305,2,7.0
-8.284651,-0.39605382,1,6.0
-29.679462,15.998808,1,3.0
-1.431719,-15.678826,1,4.0
0.7464044,1.7007182,2,4.0
30.042635,31.323051,3,10.0
-24.186516,20.058552,3,7.0
-53.516888,14.89189,1,1.0
-54.19719,36.99877,1,2.0
-41.42179,-34.18072,4,2.0
-53.31758,14.549231,1,3.0
22.556528,-5.3328204,1,6.0
37.271572,-13.673525,3,9.0
-34.52755,31.661966,1,1.0
16.06986,-33.88358,3,8.0
-7.359384,10.93153,1,8.0
-6.9678955,9.744001,1,1.0
-6.4755154,8.148744,1,6.0
-13.82172,16.176983,1,1.0
-47.76649,-32.411694,4,6.0
54.91634,-42.01584,5,6.0
15.444576,-35.687965,3,5.0
49.813053,-24.147604,3,10.0
-5.2543626,-53.906578,3,6.0
-18.239738,-52.410942,4,2.0
58.108856,-42.777843,5,9.0
-7.031449,-53.38697,1,2.0
-27.418636,-41.537174,4,8.0
-15.869595,-52.415184,4,6.0
30.065649,-26.062185,4,4.0
30.014042,12.935413,3,2.0
-33.82084,-37.928055,4,3.0
62.797108,44.089745,0,5.0
-33.928757,-37.950592,4,3.0
-38.138752,-37.1267,4,3.0
-34.077698,-36.91393,4,6.0
-23.544296,18.51181,1,9.0
-58.338226,38.45841,1,4.0
-56.184288,7.4407563,1,2.0
-37.196953,-10.47752,1,5.0
64.275955,38.18791,0,9.0
-7.2850227,-42.23655,1,2.0
32.74166,-29.548399,3,8.0
-37.28835,-39.528275,4,4.0
33.419544,-1.6338911,3,10.0
51.685192,-22.521772,3,2.0
26.09127,-57.025513,4,1.0
6.598131,22.682922,1,5.0
63.836376,40.92692,0,1.0
-28.577152,23.78805,1,3.0
25.984657,-56.417168,4,2.0
-27.443466,15.750534,1,3.0
-28.092861,15.721693,1,4.0
-19.24887,26.817352,1,4.0
-39.676773,20.164513,1,1.0
-21.12236,25.27602,3,7.0
24.455717,7.7174096,3,4.0
-43.861176,-28.46862,4,5.0
-54.39351,7.7715907,1,5.0
13.606699,56.12966,1,2.0
-53.417545,33.820053,1,1.0
22.59543,-59.78118,3,1.0
32.839363,-31.543928,3,7.0
-36.729343,-31.6671,4,7.0
-31.294764,-9.900658,1,1.0
10.937192,22.349411,3,7.0
44.1673,-7.9069614,3,8.0
48.844646,-2.5333893,3,8.0
-5.6436005,8.57806,1,3.0
-25.901049,52.958237,1,2.0
-40.176754,-35.011135,3,5.0
33.727306,-27.796068,3,9.0
46.598354,13.971745,3,6.0
5.27268,25.160704,3,3.0
12.231531,47.615704,3,7.0
11.849297,55.144463,1,4.0
9.897734,52.901264,1,1.0
42.68606,19.664204,3,9.0
-50.9424,8.414364,1,5.0
39.500454,0.9070531,3,10.0
-7.1479917,24.230427,1,4.0
13.575873,40.620903,1,4.0
-23.63732,-4.2185373,3,9.0
-51.75155,35.41406,1,1.0
-37.039368,-41.45362,4,6.0
1.3639046,43.866577,3,8.0
-3.0103583,53.071194,1,1.0
-56.0416,-35.015,4,3.0
-55.88158,7.265187,1,2.0
62.748466,39.320656,0,1.0
-46.215527,-33.006145,4,4.0
63.45318,44.166073,0,6.0
-55.362,-29.86077,4,1.0
-46.44722,47.406418,1,2.0
-32.13913,29.483015,1,1.0
-47.88359,48.317726,1,1.0
-39.372135,-28.423595,4,4.0
48.80643,11.732547,3,7.0
-39.236076,-28.609901,4,4.0
-65.0486,9.093031,1,3.0
-56.0001,-34.907925,4,2.0
33.478306,-54.490208,3,8.0
8.388287,-80.02356,4,1.0
11.219785,6.264203,3,6.0
18.546751,-27.565706,3,8.0
-12.097812,-56.192963,1,1.0
-8.479366,-58.29965,3,10.0
23.588318,2.752604,3,10.0
-11.160588,-56.938816,1,5.0
33.56862,-53.199554,3,10.0
-51.98125,30.412472,1,1.0
-35.50881,28.031157,1,2.0
-49.465115,-47.89994,4,1.0
-32.179554,18.835634,1,3.0
29.108196,-14.514026,1,2.0
-32.243954,17.342663,1,1.0
-48.815456,30.078356,1,1.0
-47.17143,-40.498478,4,2.0
-32.303543,17.873646,1,1.0
38.646183,3.2192838,3,10.0
32.953762,40.377174,3,10.0
-54.295063,37.077263,1,5.0
1.9020847,49.986446,1,2.0
27.14841,41.970707,3,7.0
20.244087,30.093094,3,10.0
-47.168774,9.059622,1,9.0
13.917827,53.22437,1,7.0
-1.5546227,52.358345,1,2.0
11.762453,-19.74261,3,9.0
0.7175519,-15.377477,2,5.0
-6.272319,-10.20084,2,7.0
0.4087833,-14.507841,2,10.0
-1.9004244,-27.352873,1,2.0
11.394873,-19.43541,3,10.0
2.4970558,-37.432373,3,10.0
-45.440327,46.53301,1,3.0
7.1844034,-18.330654,3,10.0
4.259589,48.027695,3,9.0
-47.00657,-47.902058,4,4.0
-1.9351263,20.530806,3,6.0
-48.723286,7.8923054,1,8.0
-2.3415787,53.279877,1,1.0
-49.349937,4.800935,1,9.0
9.783464,48.27987,3,9.0
6.3637915,47.562992,3,10.0
-52.22563,6.084591,1,5.0
-20.10873,25.941826,3,7.0
46.108253,-12.307011,3,3.0
-32.362717,17.51865,1,3.0
45.99932,7.101182,3,6.0
30.055445,-50.797035,3,10.0
13.283596,26.001171,3,8.0
-3.6324322,9.528506,3,3.0
37.32432,11.022566,3,8.0
-49.03343,36.309776,1,2.0
-7.362379,9.242991,1,3.0
30.280024,-31.643095,1,3.0
-8.985417,-29.59959,1,2.0
-28.097252,-48.322407,4,6.0
8.236252,-32.77395,1,2.0
19.96858,-31.6962,3,7.0
55.04202,-41.71016,5,7.0
9.626129,-34.51195,3,5.0
-1.2967442,-38.553913,1,4.0
12.558581,-30.032955,3,6.0
30.144716,-48.653778,3,10.0
20.609938,-32.81468,3,10.0
-5.2612057,74.87378,7,6.0
21.348818,-57.101994,3,8.0
11.523858,-28.59664,1,6.0
-10.3798685,-26.47277,1,5.0
32.485294,-48.15362,3,5.0
18.719065,-30.15432,3,9.0
6.6762767,-41.93908,1,2.0
-7.170098,-36.245857,1,1.0
14.2509365,-42.017193,3,9.0
-5.596999,-29.027098,1,9.0
8.653456,-41.14041,1,4.0
0.5958662,-31.502907,1,5.0
5.6394367,-41.39724,3,4.0
-13.815098,-35.531334,1,3.0
9.0449505,-41.158817,3,4.0
-26.785187,-48.770878,4,2.0
-7.396522,-39.50909,1,5.0
-23.50428,-48.668724,4,9.0
-4.8592916,-39.37325,1,8.0
8.027641,-34.91055,1,7.0
-47.095177,-14.669318,4,4.0
0.08759601,-34.209503,3,6.0
-24.95497,-46.28442,4,1.0
1.7482405,-28.41832,1,4.0
14.437521,-35.21169,3,4.0
57.2648,37.15779,0,10.0
56.19161,-48.610214,5,7.0
-10.873125,-35.854324,1,5.0
-26.454735,-48.588634,4,3.0
-30.192272,-50.91501,4,2.0
4.6141415,-42.3286,1,5.0
0.9403047,-30.780003,3,1.0
15.289234,-35.266743,3,2.0
-23.380196,55.72847,1,6.0
-3.825126,8.888847,1,3.0
-33.917355,-0.106514595,1,6.0
60.02452,33.3577,0,10.0
6.1612525,-78.20579,1,3.0
1.612668,47.887123,3,9.0
63.739185,34.81402,0,9.0
-53.60926,5.070084,1,7.0
63.86844,35.35429,0,9.0
-47.494694,48.853313,1,2.0
-35.914234,29.562391,1,4.0
23.524588,40.83335,3,9.0
-25.15227,-12.444267,3,10.0
-6.5988526,35.276226,1,9.0
-4.8090634,37.415607,1,9.0
45.201595,15.027703,3,9.0
64.087456,39.078495,0,7.0
31.42181,-57.39424,3,4.0
22.975813,9.318386,3,7.0
33.73048,-27.87081,3,9.0
-56.081635,6.0258136,1,3.0
-4.8412833,37.1765,1,7.0
18.070055,21.099634,3,10.0
31.58734,-32.328957,3,6.0
28.824036,20.71271,3,4.0
40.87901,15.56868,3,10.0
-45.213932,49.450375,1,4.0
19.370602,56.272766,1,6.0
-48.21592,-15.927157,4,2.0
17.368465,27.94825,3,10.0
13.764336,-0.70484406,3,9.0
-26.456167,45.777386,1,1.0
-2.6843214,-25.978788,1,4.0
20.3335,10.231262,3,1.0
-6.691989,-27.75036,1,4.0
-25.196789,32.207996,1,5.0
51.376324,-21.834095,3,1.0
-53.50251,-32.065575,4,2.0
-55.223164,34.570946,1,1.0
-26.796339,45.851986,1,1.0
1.8531957,33.091137,3,10.0
-52.16004,-42.495842,4,2.0
-49.879063,-37.053135,4,4.0
12.008845,20.820385,3,9.0
50.5773,12.724313,3,8.0
12.403557,24.137081,3,3.0
-1.2220998,52.069305,1,4.0
37.12086,-15.551082,3,4.0
-19.80767,53.58709,1,8.0
-1.899716,38.53257,3,6.0
25.854136,34.473866,3,10.0
21.181072,13.9786005,1,4.0
7.1357937,26.044355,3,4.0
42.693542,15.41193,3,10.0
23.671673,12.706516,3,10.0
29.525383,2.1457546,3,9.0
31.339735,-54.61187,3,8.0
-37.26682,52.632713,1,
-4.457685,42.610268,3,1.0
19.40233,40.421715,3,9.0
-19.704395,31.624989,1,3.0
-27.636154,-2.2438588,3,8.0
-22.563025,-10.345939,3,9.0
33.414684,-1.6882919,3,5.0
-5.9272256,21.2717,1,6.0
-10.906329,16.315083,1,5.0
-5.5835176,21.359203,3,6.0
-27.41788,-12.128817,1,10.0
-29.866117,-10.414773,1,7.0
27.872734,-53.775154,4,9.0
-25.38172,-5.6258097,1,8.0
-59.549194,29.761286,1,2.0
23.582388,-51.6497,3,10.0
-30.720135,41.257008,1,3.0
9.861553,-74.55023,3,9.0
-34.391857,51.617664,1,4.0
13.231035,-1.1370556,6,10.0
24.391157,9.205502,3,2.0
-2.6125622,-42.10794,3,5.0
49.524986,10.863643,3,6.0
-20.256014,25.035393,3,5.0
-26.51936,45.831642,1,1.0
9.855832,20.858425,3,6.0
37.287277,-12.400251,3,7.0
-3.6114042,34.19417,1,9.0
-32.525806,-4.6057153,1,7.0
-1.2303332,-9.363363,2,10.0
-27.484253,-9.881182,1,7.0
19.723627,25.191166,3,9.0
-5.9776373,-29.784264,1,5.0
-55.049828,25.17687,1,2.0
35.482075,-27.649046,3,9.0
16.099611,34.84267,1,6.0
-42.75055,3.0363948,1,1.0
-26.292828,55.75557,1,3.0
-54.67385,26.30233,1,1.0
39.88658,5.675819,3,10.0
-5.132782,-39.388313,1,8.0
9.946559,-18.648708,3,10.0
-27.966486,-11.896941,1,10.0
62.93108,40.368835,0,3.0
2.1998734,21.276598,3,9.0
-55.62113,36.115643,1,2.0
51.480736,-21.824463,3,7.0
-25.131184,-5.666281,1,7.0
-35.723656,-4.1108546,2,5.0
-55.066853,37.412434,1,2.0
-56.307137,7.7893586,1,2.0
15.042368,36.426037,3,8.0
-41.2816,1.9674873,1,2.0
-7.6036425,51.742065,1,3.0
-11.708349,18.864185,1,1.0
37.366314,12.377889,3,10.0
-66.767105,11.207963,1,4.0
14.512919,35.129112,1,7.0
38.255993,7.3910217,3,10.0
39.324326,14.10903,3,8.0
36.9519,10.94667,3,10.0
20.510815,1.8694079,3,10.0
52.75854,-41.12808,5,9.0
-26.72843,-39.495758,3,10.0
-26.75437,-40.077847,4,10.0
30.407764,-50.2209,3,10.0
32.713985,-56.865604,3,8.0
55.920113,-50.258583,5,4.0
-29.446178,-37.469044,4,10.0
28.7743,-18.78542,1,5.0
-33.597954,30.632313,1,3.0
41.30542,-13.942078,3,7.0
-37.593315,41.53984,1,4.0
28.380476,-18.766031,1,5.0
28.46965,-18.141373,1,6.0
-52.579575,-47.624126,4,3.0
-23.772776,31.90144,1,2.0
8.988329,-32.701347,1,2.0
26.310928,-16.931683,3,7.0
-37.611553,40.46511,1,4.0
27.120361,-16.91239,1,3.0
54.678093,7.8471923,1,5.0
39.473907,-16.021889,3,6.0
-36.30995,30.679487,1,2.0
-39.8926,42.73033,1,2.0
54.48844,8.10684,1,5.0
-0.7071423,-36.01303,1,1.0
-44.47228,-43.86285,4,3.0
36.724373,19.916567,3,7.0
43.18594,-1.6986282,3,10.0
-37.985706,50.515697,1,2.0
31.216866,-30.702694,3,7.0
-16.951889,7.7800217,1,5.0
60.886505,39.27662,0,5.0
37.214897,15.380525,3,8.0
32.00378,-53.575603,3,8.0
-50.533047,-46.164608,4,3.0
-36.06264,32.935173,1,4.0
-1.5233531,-3.379411,2,8.0
-24.45101,8.165308,1,5.0
-11.585468,-0.42103302,2,9.0
-28.59156,-8.336255,1,3.0
-18.808971,29.672968,1,3.0
25.354921,44.185772,1,8.0
-27.443754,-1.9672571,3,10.0
52.06184,10.895284,3,9.0
-56.011124,-32.083233,4,4.0
11.446148,18.768972,3,9.0
-21.140089,25.420418,3,7.0
-6.6208534,-19.744667,3,10.0
33.15207,-29.713732,3,8.0
65.14927,38.132183,0,8.0
9.399318,-83.346794,4,5.0
45.530888,13.48618,3,7.0
-7.3248525,17.547585,3,5.0
-17.596628,51.595665,1,8.0
41.966187,-9.475105,3,8.0
-2.3838444,51.368237,1,1.0
-23.18799,52.549442,1,4.0
9.630328,-30.625074,3,7.0
-53.11158,-31.724758,4,3.0
45.65063,12.349127,3,5.0
-33.726143,-52.107983,4,2.0
64.66745,-6.0363474,2,8.0
61.272503,40.63532,0,2.0
37.1652,-7.9828167,3,7.0
28.827621,-5.077394,3,6.0
29.431181,-9.004116,3,10.0
60.487175,37.542706,0,9.0
61.134335,36.175766,0,9.0
28.155027,22.986502,3,9.0
33.68069,-6.4449,3,7.0
58.437267,-11.387422,2,2.0
56.536423,-8.711831,3,6.0
-13.554577,-0.558649,1,4.0
57.09474,-6.6676226,2,7.0
56.85416,-10.605675,2,7.0
58.08754,37.02074,0,8.0
57.211372,-8.711259,2,9.0
31.114796,-10.262264,3,9.0
57.86135,-6.5054703,2,7.0
-38.323547,-5.8922777,1,6.0
17.263773,49.11494,3,7.0
27.027517,19.992718,1,8.0
40.44399,1.0847666,3,10.0
22.450027,42.073055,3,7.0
-59.451965,3.8186808,1,2.0
8.297953,18.0128,3,7.0
-56.056606,8.692169,1,2.0
40.98656,5.9033084,3,10.0
-55.938164,7.3060765,1,1.0
45.55074,4.1936555,3,10.0
-32.26431,-5.357055,1,1.0
-30.905687,-2.3455968,3,4.0
-38.282326,20.107143,1,1.0
49.294357,11.16065,3,7.0
-31.357067,-3.486939,3,8.0
-31.709845,11.7893095,1,2.0
28.09462,46.892582,1,1.0
-20.200285,4.1893053,1,7.0
-49.822594,-46.31791,4,4.0
-17.113794,-28.275574,1,3.0
-17.09144,-28.2545,1,6.0
-65.547134,7.573262,1,10.0
-47.91924,-43.687088,4,4.0
-47.600235,-44.27494,4,6.0
-67.00241,8.117691,1,6.0
-54.678814,26.191954,1,2.0
-54.516243,-47.90159,4,4.0
2.8019495,0.30051422,2,5.0
-8.23125,0.47136107,2,5.0
-8.752963,-3.8417754,1,2.0
6.4987736,-8.260562,2,8.0
-41.464687,52.528812,1,2.0
0.012601789,0.50375587,2,8.0
-8.693563,-3.8628445,1,5.0
-42.66822,46.327446,1,4.0
29.516445,-58.049694,1,4.0
-42.743443,-37.41021,4,8.0
24.713997,35.846848,3,6.0
-30.623514,15.759592,1,2.0
23.58365,41.24678,3,8.0
-9.35643,-3.1716685,1,5.0
13.922343,52.822697,1,6.0
2.2194128,2.1576269,3,3.0
13.8235,50.366467,3,7.0
-36.637646,31.620827,1,1.0
-34.885178,30.727385,1,1.0
7.690604,24.298813,1,4.0
-53.849552,-46.885384,4,2.0
-39.548943,21.824608,1,1.0
9.472664,22.81531,3,8.0
-43.439533,48.71359,1,1.0
-40.025326,22.087248,1,3.0
-34.397747,30.871483,1,4.0
28.712206,-60.33652,1,2.0
-3.9808502,-33.30978,1,4.0
1.6172717,-35.632496,3,8.0
-10.041936,-31.799345,1,1.0
-12.780865,-33.628757,1,1.0
-42.518143,-10.876685,1,1.0
-26.721905,-48.712658,4,4.0
-9.973613,-28.29032,1,3.0
-7.6221375,-30.431658,1,2.0
1.6993916,20.53548,3,9.0
30.220942,9.727841,3,7.0
-16.35831,-21.427038,1,1.0
-53.713448,12.693918,1,6.0
-26.615993,15.23881,1,1.0
-46.099537,-21.962498,4,2.0
-57.981438,10.363875,1,2.0
4.130287,8.114513,3,4.0
10.763522,-22.22982,3,8.0
-37.41967,-0.7380097,1,2.0
1.0454993,33.1701,1,7.0
13.553955,10.865488,3,9.0
-56.197205,9.099469,1,3.0
-54.53885,8.755461,1,3.0
30.744091,-60.19469,3,5.0
-11.280534,14.508477,1,1.0
-4.7230253,49.631336,1,2.0
-37.92527,1.6249777,1,4.0
-3.65715,8.83719,3,6.0
-3.2458346,9.585694,3,3.0
-42.346195,52.128723,1,1.0
-44.90563,-20.505983,4,10.0
-54.56096,40.612625,1,7.0
-30.842451,12.002005,1,4.0
4.697151,24.816757,3,1.0
4.36423,24.504986,3,5.0
-25.827223,20.389292,1,5.0
-1.6995962,5.2434726,3,1.0
-31.870113,34.753147,1,1.0
52.37591,-23.787252,3,5.0
23.100426,-59.535805,3,5.0
28.91137,-54.35369,3,6.0
28.72234,9.937375,3,3.0
-43.268898,-1.998593,1,6.0
5.4011526,41.58532,3,8.0
-50.79225,-34.78078,4,3.0
-23.95192,-6.4148564,3,8.0
-20.460693,32.31311,1,3.0
49.12499,12.280588,3,6.0
20.694748,10.307256,1,6.0
46.18855,15.198334,3,6.0
-56.051987,28.946066,1,1.0
-8.648942,37.108074,1,2.0
-53.52589,8.865367,1,9.0
29.487658,43.778618,3,8.0
36.317055,-19.007208,3,6.0
-47.583008,32.153263,1,4.0
24.427118,14.791835,3,7.0
17.91478,29.332815,3,10.0
-59.796555,31.725086,1,4.0
42.957607,20.547873,3,10.0
11.604966,41.215218,3,7.0
-1.6944412,34.723957,1,1.0
-7.085859,48.787144,1,6.0
61.75954,40.069347,0,4.0
-4.353511,40.34314,3,7.0
29.579195,35.6375,3,8.0
-57.042206,7.488479,1,2.0
61.230877,40.664356,0,5.0
-50.88072,8.504554,1,6.0
-50.608154,8.352579,1,3.0
-53.828465,-33.753418,4,2.0
-55.817646,-36.60663,4,1.0
-33.654835,11.705293,1,2.0
14.592335,51.916397,1,3.0
-24.229383,55.44121,1,3.0
-39.51966,-28.134192,4,3.0
-55.688076,24.749,1,1.0
-55.90456,-31.932928,4,2.0
-55.300957,-29.906898,4,1.0
-49.91558,-34.14308,4,2.0
-61.79172,30.230509,1,4.0
-15.8611355,-54.92315,4,8.0
9.7000065,6.8237066,1,5.0
9.579504,6.954184,3,3.0
-12.296366,-56.417366,1,7.0
33.402725,-54.54124,3,7.0
-15.469623,3.6591272,3,5.0
33.774002,-54.04571,3,10.0
35.76679,6.3285737,3,10.0
23.60051,2.9386556,3,8.0
-11.914784,-58.398743,1,1.0
-10.825283,-59.180656,1,1.0
-17.55201,-57.18454,4,1.0
-11.013251,-58.066055,1,3.0
-10.573297,-58.593475,1,1.0
-17.43441,-57.264267,4,1.0
-11.825677,-59.73346,1,1.0
-11.623964,-59.50986,1,1.0
-9.452787,-58.490658,1,5.0
-52.529263,10.040258,1,10.0
38.56279,3.0924513,3,10.0
-59.363075,5.1461024,1,2.0
-50.49493,11.536182,1,7.0
-55.275772,11.38993,1,2.0
-52.81604,10.534528,1,9.0
-19.957737,55.23501,3,9.0
-26.782598,18.358833,1,4.0
-50.589046,10.766462,1,4.0
-0.022025827,51.985474,1,4.0
-53.610542,6.030051,1,6.0
-60.6378,32.0366,1,4.0
-29.386982,23.776777,1,4.0
7.8342576,28.404749,3,7.0
17.795103,58.206703,1,9.0
-1.6002007,52.41695,1,2.0
-7.928281,17.525501,3,7.0
-2.3397868,24.78339,1,5.0
2.2832773,21.55599,3,8.0
35.7666,-4.5234213,3,10.0
38.332752,11.08787,3,9.0
-36.36173,-11.154151,1,9.0
22.734694,12.21326,3,10.0
46.08304,6.878946,3,10.0
39.145733,-11.442809,3,10.0
-4.0329576,23.130745,1,8.0
-51.697426,-45.248146,4,2.0
30.818743,-52.6923,3,9.0
27.955538,40.41582,3,7.0
23.952017,-57.966854,1,3.0
-43.425926,-45.141685,4,7.0
20.929949,13.130403,3,1.0
-44.312126,-22.07583,4,5.0
-39.375587,-31.453669,4,6.0
1.2653955,63.623543,0,1.0
37.85814,12.877571,3,9.0
5.601518,-44.159786,1,5.0
17.592308,-34.980843,3,9.0
6.745766,-29.676556,1,2.0
10.63798,-33.1003,3,9.0
53.24592,-40.878006,5,10.0
-11.376322,-28.442324,1,2.0
16.54474,-34.058216,3,2.0
-11.777867,-20.46401,1,2.0
-54.427814,7.670254,1,5.0
21.11753,-26.159477,3,9.0
-23.559122,-43.513493,4,5.0
11.663068,-28.857702,1,5.0
16.6409,-27.11544,3,5.0
16.461773,-23.78118,3,5.0
-6.55293,-32.229786,1,9.0
4.5068398,-39.957672,3,5.0
22.098227,-25.244196,3,10.0
10.406628,-24.304695,3,6.0
4.978146,-42.953213,1,2.0
-29.401192,-49.71275,4,2.0
-7.2285347,-40.366592,1,5.0
0.7017226,-29.072481,3,5.0
-0.75561744,-30.527311,1,2.0
-9.57324,-31.008003,1,4.0
-6.064716,-30.400204,1,3.0
29.61152,-59.255203,3,6.0
5.997125,-41.753357,1,2.0
5.6264086,-74.11482,3,9.0
4.1415186,-76.267235,1,1.0
4.2056003,-75.70313,1,1.0
5.5568695,-83.78921,1,1.0
6.5008273,-75.172,1,6.0
3.8648357,-76.79639,1,2.0
4.740416,-74.696976,4,7.0
-7.504901,-28.229076,1,3.0
3.9466171,-76.67647,1,1.0
2.6999369,-28.178288,3,8.0
10.970688,-78.86212,4,4.0
19.016884,-33.752907,3,6.0
-47.10739,-14.682579,4,3.0
-7.5690856,-36.508522,1,2.0
-8.361839,-37.095875,1,1.0
-11.082514,-35.86012,1,3.0
15.560008,-39.693253,3,6.0
14.89378,-34.351555,1,4.0
-37.704075,-8.304249,1,8.0
-45.61059,49.444828,1,2.0
26.152142,21.731789,1,8.0
29.206017,41.406765,3,9.0
50.72467,17.185959,3,8.0
26.823713,20.033077,3,9.0
-39.980053,48.96623,1,7.0
-36.99485,-0.29825163,1,8.0
52.28218,15.30288,3,10.0
-27.446558,-1.9151243,3,10.0
54.287075,-39.55829,5,10.0
-43.533855,48.991516,1,2.0
8.866709,-80.136696,4,2.0
3.513965,-20.901917,3,10.0
-40.842823,48.01334,1,3.0
54.825665,-39.982876,5,7.0
13.662474,34.259705,3,7.0
8.829777,21.852335,3,7.0
-44.50685,49.671284,1,1.0
25.36701,29.514957,3,10.0
-1.3140228,52.992874,1,1.0
33.080532,-29.102598,3,10.0
24.957094,45.404655,1,2.0
43.85004,16.593359,3,10.0
-20.381237,53.87428,1,7.0
-23.279766,-8.818478,3,8.0
-24.347383,21.637316,3,7.0
-7.8367195,12.125199,1,2.0
-30.160309,31.111088,1,8.0
16.961096,27.071188,2,7.0
19.44898,-38.74753,3,10.0
33.48091,-58.22309,3,8.0
20.539127,-35.134758,3,8.0
-44.85155,-40.512848,4,8.0
-54.017857,27.451727,1,2.0
-23.631514,45.85234,1,3.0
50.07303,-6.0100074,3,9.0
46.709465,18.619255,3,4.0
13.53504,46.89688,3,6.0
51.518936,-18.234995,3,10.0
35.18492,-9.802006,1,6.0
51.79275,11.347816,3,9.0
10.836806,44.84771,3,9.0
-26.548275,15.065236,1,1.0
46.34544,-6.4161005,3,3.0
22.717361,-57.37278,3,9.0
45.86308,14.208126,3,9.0
49.01969,14.866941,3,9.0
22.686615,-57.041668,3,6.0
-4.719821,49.206577,1,6.0
63.92888,39.18242,0,5.0
22.865396,34.44905,3,6.0
40.39001,-8.155969,3,9.0
8.005042,-76.552414,1,5.0
21.48304,-6.7648435,3,7.0
44.735397,-4.916582,3,9.0
8.325402,-77.39415,4,6.0
66.173256,33.729042,0,9.0
-2.9736028,37.40439,3,8.0
23.752182,10.514174,3,2.0
54.13513,-33.41381,5,10.0
23.721912,40.122597,3,7.0
8.503888,-74.35018,3,8.0
61.412334,35.29123,0,8.0
-44.855255,-28.449005,4,1.0
-28.48953,-5.469427,1,4.0
-5.8859363,52.01613,1,2.0
-50.698605,6.7389903,1,4.0
-5.193972,53.763504,1,3.0
-28.74654,-5.2269335,1,3.0
51.719868,11.799299,3,9.0
-24.437183,-4.858944,1,8.0
54.05093,-32.85633,5,10.0
44.238247,24.8714,3,10.0
-22.03208,26.978067,3,9.0
16.683884,54.189068,1,1.0
44.250187,25.390547,3,9.0
34.23913,-49.62981,3,10.0
-7.3632016,24.272688,1,1.0
27.03631,36.976803,3,8.0
30.476254,4.2709146,3,10.0
-43.11302,-9.970001,1,1.0
-24.591547,49.14821,1,5.0
65.72529,38.46909,0,9.0
-61.908245,10.439889,1,2.0
29.995155,4.110891,3,9.0
-44.83936,46.959263,1,3.0
-0.9769529,36.045536,3,7.0
-38.06287,46.82621,1,6.0
61.572723,37.928112,0,7.0
-14.1383505,-32.229168,1,2.0
57.817287,-40.248943,5,1.0
-5.8609304,23.187468,1,3.0
35.95582,16.26017,3,9.0
10.216692,-80.183266,4,1.0
22.55915,28.574686,3,9.0
-55.9463,24.081144,1,4.0
17.945349,29.388317,3,9.0
3.7773929,-79.061844,4,4.0
-49.3413,8.817148,1,10.0
-1.3002243,-3.423313,2,7.0
12.782168,53.433346,1,4.0
51.69284,19.047625,2,10.0
-49.70014,5.00383,1,8.0
12.413439,53.901604,1,2.0
41.061142,23.09319,3,9.0
1.4716023,43.679928,3,9.0
-51.293198,-43.19522,4,3.0
13.4709835,40.577297,1,6.0
-67.1177,10.626463,1,2.0
15.156028,36.21545,1,7.0
-2.4463904,32.99506,1,1.0
54.55495,-22.375391,3,9.0
0.08334879,33.969948,3,3.0
-44.484726,-47.664978,4,7.0
-67.11123,10.913764,1,4.0
-35.010887,40.36302,1,5.0
-28.07378,-37.185966,3,10.0
19.710438,1.9228824,3,10.0
55.504295,-48.800156,5,9.0
55.67764,-49.925488,5,9.0
33.559303,-60.639175,4,3.0
55.57498,-48.84638,5,9.0
49.21826,-43.301167,5,9.0
5.8052387,-76.64148,1,1.0
36.467278,10.9819975,3,10.0
-39.211952,41.312267,1,3.0
-33.36005,30.26449,1,4.0
-30.598886,28.052847,1,1.0
-23.685669,30.02665,1,4.0
-30.94652,28.919308,1,3.0
24.295132,-18.180489,1,5.0
24.20409,-17.947916,1,6.0
24.614729,-18.048279,1,4.0
-55.337883,-40.943153,4,2.0
-37.616295,40.47596,1,5.0
-37.203564,40.274548,1,3.0
40.081978,-17.16006,3,6.0
40.82676,-15.317401,3,7.0
39.91379,-15.188457,3,7.0
39.680935,-18.864983,1,4.0
-39.966118,42.92411,1,1.0
40.085064,-16.960377,3,6.0
-4.812975,-34.2228,1,2.0
35.991215,16.48189,3,8.0
-40.801647,-39.95649,4,7.0
-43.47268,-42.54705,4,6.0
31.051493,-53.733627,3,7.0
59.891216,35.765003,0,5.0
61.225323,41.029816,0,3.0
-49.158165,-43.127686,4,3.0
-43.081463,43.061947,1,2.0
-62.0968,14.273957,1,5.0
-11.830054,-34.724266,1,1.0
-32.030216,-50.446114,4,3.0
13.608806,52.246597,1,5.0
-41.887417,-3.1571515,1,5.0
-12.3918085,-32.90041,1,2.0
-5.8776364,24.210524,1,7.0
-30.682833,-50.36037,4,5.0
-41.998875,-10.4309635,1,1.0
-60.211548,5.63434,1,7.0
13.4123955,17.680729,3,6.0
-1.7371148,51.81657,1,1.0
7.5713925,26.080584,3,4.0
22.006134,40.508694,3,9.0
-37.49586,-36.02917,4,6.0
8.748823,24.558498,1,5.0
-62.055523,4.482694,1,3.0
-7.7420454,-1.2551441,2,2.0
33.112793,8.311677,3,9.0
46.86901,17.69622,3,7.0
46.733456,15.638876,3,7.0
29.469484,-32.622395,3,1.0
-4.469538,37.13718,1,8.0
-5.888443,33.27174,1,8.0
8.329421,22.323368,3,8.0
-23.99777,52.180943,1,7.0
24.156479,10.001395,3,9.0
-29.6157,13.900436,1,2.0
17.935131,20.825754,3,10.0
-9.74594,17.402704,1,2.0
1.2583278,63.643597,1,3.0
-0.028925402,55.212223,1,1.0
62.459087,41.439705,0,4.0
61.871265,40.487713,0,5.0
37.34537,21.031895,3,6.0
-0.06582246,55.31381,1,4.0
61.332516,41.48904,0,2.0
58.1103,-11.449304,2,3.0
27.862682,11.206385,3,6.0
59.147354,-8.66706,2,7.0
60.929092,-11.348814,2,8.0
57.591938,-9.887089,2,4.0
58.337776,-9.456372,2,5.0
58.32841,-9.6387,2,5.0
60.879505,-10.252645,2,4.0
59.10982,-6.5070314,2,6.0
38.34967,-16.611063,3,3.0
43.08459,-15.968144,3,2.0
0.9971482,24.188272,3,4.0
34.3026,24.201965,3,3.0
43.208405,11.515297,3,10.0
40.631805,-9.422849,3,9.0
34.056736,-8.357056,1,1.0
22.980145,44.969707,1,4.0
21.650002,45.66986,3,10.0
13.672328,16.030926,3,9.0
27.238417,39.687717,3,8.0
11.303952,16.400688,3,9.0
5.194812,26.570986,3,9.0
-0.63598007,21.152342,3,6.0
45.82582,-9.744235,3,7.0
-1.8652334,24.673582,1,5.0
-28.887827,15.020326,1,5.0
-54.289085,37.395157,1,1.0
-5.758275,-11.844104,4,3.0
-65.91103,8.735235,1,3.0
-27.685165,-0.3986366,3,6.0
16.368395,59.262386,1,3.0
-5.8019977,-11.836685,4,6.0
-4.139947,-11.2032585,2,5.0
-6.2883263,-12.463893,2,2.0
-3.1882725,-11.011692,2,6.0
-47.723854,-43.29278,4,3.0
-53.83716,-47.084595,4,2.0
-6.882919,-2.6608472,2,7.0
5.5474606,-5.1100273,2,8.0
6.8138437,-11.094504,2,7.0
16.070269,-6.8659143,2,10.0
-8.544755,-1.2256703,1,2.0
-23.57959,14.119594,2,6.0
-8.943646,-2.4034426,1,4.0
-29.262352,-25.816122,4,4.0
12.77341,55.48722,1,1.0
-16.133116,-27.12527,1,1.0
1.9113739,50.11908,1,5.0
26.462925,-49.39271,2,7.0
3.034361,1.5550257,1,1.0
5.3395042,-77.58644,1,1.0
4.433683,-2.7864835,2,5.0
31.192577,-50.045578,3,10.0
-36.15382,-37.333405,4,4.0
0.09826746,-20.885857,3,5.0
-23.98112,27.26619,3,7.0
49.86462,-3.5997963,2,10.0
2.5579064,-41.981995,1,4.0
-33.96806,12.328028,1,2.0
15.829214,-34.443645,3,5.0
-22.231112,32.257458,1,3.0
-55.34813,-37.09196,4,2.0
-5.291471,-33.73999,1,4.0
-33.95719,-52.334812,4,3.0
-30.999166,-1.1969876,1,5.0
-4.9255223,-34.574055,1,1.0
-25.08478,-46.36654,4,3.0
-46.242847,-16.583035,4,1.0
-23.185589,-40.59905,4,6.0
-26.101583,-47.202614,4,7.0
4.6210732,-25.642918,3,9.0
20.91379,-58.23245,3,4.0
-48.629917,-35.837646,4,3.0
-1.2008328,23.280361,3,9.0
-12.228331,15.260431,1,3.0
34.78427,-6.050158,3,9.0
15.494983,-24.723303,3,4.0
-26.079107,20.772446,1,3.0
6.907128,-29.764938,1,3.0
-31.52872,19.568295,1,7.0
-29.795792,-46.04223,4,4.0
-46.32624,-18.45293,4,2.0
-38.90881,-10.198999,1,1.0
-49.155617,-43.86781,4,3.0
-38.7351,-38.93277,4,4.0
-63.880543,13.166523,1,2.0
-35.526653,-7.6752973,1,8.0
4.716511,15.756343,1,1.0
49.5795,3.7173195,3,10.0
-35.08127,-10.539205,3,6.0
-36.6574,-31.653616,4,2.0
27.87339,43.873135,1,6.0
-37.13594,-31.024073,4,4.0
-29.566477,15.935453,1,1.0
-38.57544,-33.351963,4,5.0
-36.55519,-36.81641,4,4.0
-28.6224,27.701326,3,6.0
-35.18885,33.82056,1,2.0
8.721292,22.582388,3,8.0
-9.100285,7.0331473,1,3.0
-11.198909,14.192722,1,1.0
-25.212702,6.126781,1,6.0
-1.588685,51.01479,1,1.0
-62.691383,4.549653,1,5.0
-57.516,7.6061177,1,4.0
39.808292,-5.9334016,3,8.0
36.500885,-18.009054,3,6.0
-55.978706,37.02439,1,4.0
37.025448,-4.637813,3,10.0
14.123961,46.531673,3,9.0
22.73284,28.696163,3,8.0
44.13353,5.934032,3,10.0
-34.495735,-42.128513,3,8.0
2.020908,20.49289,3,10.0
20.983921,38.306263,3,6.0
49.12609,4.2691154,3,10.0
3.374542,49.91668,1,8.0
-41.030468,50.904118,1,2.0
-51.686214,28.955965,1,2.0
-37.267715,3.252314,1,7.0
-4.806606,17.436146,3,4.0
46.804947,17.933254,3,8.0
-4.763013,17.428766,1,7.0
-22.67886,34.9565,1,6.0
1.1398185,16.04424,3,9.0
-29.060802,13.6226,1,2.0
-60.19959,3.3915918,1,2.0
64.41283,44.050915,0,5.0
-37.174526,-8.252875,1,4.0
-5.7054753,42.645584,1,1.0
13.90994,47.974216,3,7.0
60.230453,40.195217,0,4.0
-54.194916,-33.858006,4,2.0
-53.14447,-31.157366,4,1.0
-55.37194,-34.2609,4,2.0
-11.413778,10.436832,1,1.0
-9.854289,14.845502,1,1.0
-54.979687,-34.306175,4,2.0
-67.84762,8.531896,1,1.0
-48.25987,48.697838,1,2.0
-4.2165437,41.54766,3,4.0
-61.038185,3.7034874,1,3.0
5.852658,21.676691,1,3.0
3.8953915,-21.82967,3,7.0
-54.86973,-44.004322,4,6.0
43.235153,-12.312841,3,7.0
-54.900368,-43.958263,4,2.0
26.04183,0.67513144,3,9.0
29.90404,-56.850044,3,4.0
-12.198343,-55.994305,1,5.0
22.694544,1.1231008,3,10.0
25.78249,0.33063892,3,7.0
32.40304,-54.791584,3,4.0
-50.270523,-42.810486,4,2.0
-25.007591,47.14418,1,3.0
-35.109043,27.434248,1,2.0
-49.270046,-47.878372,4,1.0
-35.30975,26.967318,1,1.0
-50.03558,-37.948483,4,5.0
-38.69438,24.751232,1,1.0
-48.96051,-20.423643,4,1.0
-23.567263,33.81472,1,2.0
-10.664993,-61.39891,1,2.0
-59.095703,29.523443,1,2.0
-9.3468075,-63.410927,1,10.0
-9.374885,-63.399612,3,10.0
-11.580618,-61.78472,1,3.0
-11.1355095,-61.588165,1,2.0
-10.519902,-62.474403,1,7.0
-49.561546,9.533042,1,8.0
-30.570951,11.820123,1,4.0
20.447212,34.55174,3,6.0
-32.618736,47.42308,1,9.0
-55.76843,9.250897,1,2.0
-25.065212,-6.602856,1,8.0
-50.731995,10.230778,1,7.0
11.526195,48.38101,3,5.0
11.999348,53.82683,1,4.0
-18.378994,55.812725,3,7.0
-37.300545,0.019841464,1,4.0
34.945194,-8.854661,3,8.0
-37.648468,-4.4231567,1,8.0
40.89379,5.77376,3,10.0
46.232452,-12.325656,3,7.0
-28.110447,18.31082,1,6.0
7.473728,-83.80995,4,2.0
-48.13154,12.393303,1,9.0
-39.006367,-9.982296,1,7.0
-0.72136855,22.092243,3,9.0
-21.134653,47.202248,1,7.0
9.225274,-16.209862,3,10.0
43.9243,-10.006655,3,8.0
-39.90492,-41.345142,4,8.0
-5.85568,48.265892,3,5.0
21.839714,-15.646543,3,7.0
45.987175,23.956587,3,10.0
19.966347,34.47746,3,3.0
28.516062,34.80393,3,5.0
-34.515736,-14.694317,1,6.0
30.088398,-59.40518,1,5.0
3.3897088,-40.38616,1,1.0
58.36951,-41.422703,5,4.0
-3.8632903,-20.657635,3,8.0
-37.72699,-14.779069,1,3.0
-27.034925,-41.231415,4,4.0
-10.373484,-26.089426,1,7.0
8.017872,-25.644377,1,5.0
-23.567152,31.079136,1,8.0
45.504063,-8.229106,3,9.0
23.77913,-5.260942,3,8.0
25.983677,-11.884116,3,5.0
-36.541622,49.37461,1,6.0
46.918526,-5.660201,3,8.0
-46.113567,-18.51974,4,5.0
25.585598,39.37971,3,10.0
20.887373,11.35191,3,5.0
-25.57556,-48.476284,4,3.0
3.481407,-42.5187,1,2.0
-13.24114,-32.969917,1,2.0
48.2624,-23.39847,3,10.0
-2.7687223,-41.76514,3,7.0
-13.084519,-32.568855,1,3.0
-12.718614,-31.757996,1,2.0
-2.5884526,-41.40768,4,4.0
-37.58957,-14.777473,1,1.0
3.9160397,-42.530224,1,1.0
1.4995493,-33.1866,3,4.0
5.960312,-41.75172,1,4.0
11.262906,-33.426304,3,9.0
2.113725,-29.390247,3,9.0
10.722184,-37.871548,3,6.0
-11.94648,-34.518784,1,1.0
-0.17766578,-29.693542,1,2.0
17.562925,-32.648533,3,10.0
13.563265,-42.363686,3,10.0
-30.137827,-51.150112,4,3.0
-2.3748605,-35.863323,1,2.0
26.962801,-52.063858,3,8.0
60.65976,-38.70656,5,10.0
1.3495343,-36.95828,1,1.0
-33.73772,-16.816336,1,6.0
56.29571,-41.286266,5,5.0
31.364948,-32.450615,3,9.0
52.192276,15.259149,3,10.0
-37.355434,-0.40328577,1,4.0
-7.1781135,41.137848,3,3.0
-37.434845,-5.8119597,1,9.0
-58.21483,37.80431,1,7.0
63.940212,39.075768,0,5.0
49.737667,14.1207,3,7.0
25.538656,22.098276,1,9.0
25.511278,41.407196,3,9.0
-19.110659,29.42177,1,6.0
31.617386,-56.334854,3,9.0
0.116422854,33.127697,3,8.0
-44.31316,49.591488,1,2.0
-26.105747,-5.769689,1,10.0
44.609592,-7.7240834,3,10.0
-36.16462,46.78218,1,2.0
45.34717,16.000118,3,9.0
-35.799835,33.773254,1,4.0
-21.751656,-6.2349777,1,5.0
-7.981847,36.17656,1,1.0
25.006283,45.011253,1,5.0
-4.9583874,54.14656,1,1.0
21.912857,9.560657,1,1.0
-6.192718,32.512505,1,6.0
-45.50452,49.93545,1,2.0
24.161278,43.346134,1,8.0
-9.3177595,6.211815,1,1.0
18.471865,-38.512314,3,9.0
2.0160496,-36.838867,3,7.0
14.165047,26.160269,3,7.0
14.311204,-22.617956,3,8.0
-5.2070622,-27.100695,1,8.0
-21.19655,-2.9267256,2,8.0
-34.123,32.550377,1,2.0
3.81179,-38.15567,3,5.0
13.840065,25.186192,3,7.0
-14.343739,24.806635,1,3.0
24.356915,37.982124,3,9.0
-5.1509595,2.4256544,3,5.0
-28.873592,13.350604,1,1.0
39.78518,0.94481796,3,10.0
-6.938163,33.39967,3,10.0
-49.544727,8.24072,1,5.0
0.82044065,37.619003,3,2.0
44.408455,22.033028,3,9.0
0.45848027,35.741444,3,6.0
31.50616,5.695264,3,10.0
3.8445237,-21.9926,3,8.0
24.512808,38.921642,3,8.0
7.003443,-78.292435,1,2.0
7.6741514,-79.17796,1,1.0
-42.847633,-9.95184,1,2.0
25.05488,36.874664,3,7.0
27.30651,-2.9978812,3,8.0
33.46769,-50.79445,3,10.0
19.77938,-20.851448,3,10.0
36.31069,-31.511663,3,10.0
31.575468,-30.383266,3,7.0
-26.380144,-12.589609,3,10.0
54.147778,-22.261282,3,9.0
11.08778,42.83584,3,9.0
19.970839,39.62481,1,7.0
12.019975,43.90954,3,8.0
38.724197,-4.3423724,3,9.0
21.790907,37.404793,3,5.0
29.009312,-51.72667,3,9.0
11.682139,43.154243,3,7.0
-29.923897,-10.496575,1,6.0
-54.563297,32.438923,1,2.0
-25.73401,9.840753,1,6.0
38.111492,-9.353525,3,5.0
39.992367,21.13354,3,9.0
33.889896,-50.177994,3,
20.429081,-58.34492,4,3.0
32.535816,-48.153545,3,7.0
46.4791,21.997952,3,10.0
-34.94239,-9.266693,3,9.0
46.317234,22.209925,3,8.0
-1.3616022,12.881344,3,8.0
0.36597264,40.94027,3,10.0
29.154879,-57.19142,1,5.0
-33.100685,27.331427,1,3.0
-23.27873,50.797817,1,2.0
25.299917,-8.547388,3,3.0
11.255434,24.927237,3,6.0
-50.561626,-38.030933,4,1.0
-4.3790917,32.373024,1,4.0
-7.325112,48.858803,1,5.0
-3.3067145,30.931328,1,4.0
-1.4205594,33.725727,1,5.0
10.14127,-16.18375,3,10.0
-5.130213,2.1868436,3,4.0
52.208496,-18.32408,3,10.0
-39.76584,-12.856225,1,10.0
-47.333267,28.36121,1,4.0
-1.5636227,-27.218174,1,2.0
7.883449,-77.47122,4,6.0
2.420626,-14.976197,2,9.0
-42.409603,23.958296,1,1.0
-42.946346,-39.381588,4,8.0
-3.2712765,-36.760212,1,8.0
-1.45758,-3.4074202,2,6.0
21.363667,14.800304,1,7.0
7.7238503,-25.462694,3,5.0
65.80713,32.71286,0,10.0
33.894783,-31.540804,3,10.0
-56.98438,11.267175,1,2.0
-5.7803617,54.87908,1,2.0
12.794692,37.986046,3,10.0
17.600584,35.10563,3,9.0
11.9801,37.641068,3,10.0
10.379908,-80.773895,4,2.0
-67.153175,11.708031,1,3.0
1.2816527,34.336857,3,7.0
-23.687223,-1.7520456,3,10.0
21.416197,21.830553,3,10.0
14.102965,34.522064,3,8.0
17.104673,-7.914871,3,10.0
38.299644,4.991652,3,10.0
55.69456,-49.87587,5,7.0
-5.091964,12.222035,3,9.0
55.23894,-48.824005,5,10.0
20.148329,-3.3039901,3,10.0
52.26796,-39.274616,5,10.0
37.804058,3.786329,3,10.0
-27.49787,-35.27518,4,10.0
-21.452045,30.914982,1,9.0
-4.6825705,35.507065,1,9.0
-5.69559,9.308561,1,1.0
-37.88004,40.29414,1,4.0
41.81198,-13.458231,3,10.0
8.477962,21.327253,3,8.0
37.243023,-17.150377,3,5.0
-36.317703,30.694502,1,2.0
40.064552,-13.260139,3,6.0
37.85659,-16.717813,1,5.0
-26.046385,45.640827,1,1.0
29.242495,-18.972183,1,5.0
-23.745031,31.90391,1,2.0
29.269651,-18.931433,1,5.0
-31.295765,29.160236,1,4.0
-36.568314,40.066063,1,1.0
-25.08006,32.694687,1,4.0
-33.33706,29.775223,1,4.0
36.763775,19.836887,3,7.0
39.02722,9.901932,3,8.0
-21.191967,4.6084023,1,8.0
-33.20237,11.443235,1,4.0
43.837814,0.32192293,3,10.0
-44.413624,-37.541477,3,10.0
2.8714764,-8.355226,2,9.0
0.81100935,22.475092,3,6.0
-41.758427,-37.190186,4,10.0
0.18558246,49.585743,1,6.0
36.125465,21.690048,3,6.0
15.176282,-22.596817,3,9.0
38.219425,-5.9616747,3,6.0
15.8128805,-22.296976,3,7.0
-51.352333,-47.113335,4,3.0
27.224634,31.41928,3,10.0
-46.983837,10.724732,1,8.0
-48.11889,-24.197498,4,7.0
-51.008556,-30.23578,4,2.0
-9.771186,-30.091375,1,2.0
11.516123,-5.9847274,2,10.0
-8.636481,7.4591026,1,5.0
-45.759346,-21.55003,4,2.0
-58.869675,31.43884,1,3.0
-36.071648,-10.922744,1,5.0
22.183262,10.818288,3,6.0
-0.031492833,-2.2868485,2,7.0
-8.861168,-31.762115,1,2.0
17.730778,-25.60204,3,9.0
-23.415104,51.168877,1,2.0
18.474087,-35.73691,3,8.0
17.311155,-22.552982,3,9.0
1.376872,-30.271622,3,8.0
45.11956,10.024942,3,8.0
-31.724205,13.029899,1,3.0
8.062546,-30.133575,3,8.0
-26.283842,18.071085,1,6.0
-12.119286,15.188322,1,4.0
-54.496162,10.82212,1,6.0
59.625187,38.28087,0,8.0
60.732246,36.03854,0,9.0
-3.8224542,23.303097,1,7.0
57.24982,-5.2240977,1,6.0
60.941566,41.96186,0,4.0
-13.318589,17.396572,1,1.0
56.67387,-8.756581,3,9.0
57.81387,-5.802729,2,7.0
59.508858,-9.15123,2,9.0
58.866337,-9.41986,2,7.0
61.51088,-7.0712194,2,10.0
-52.131256,40.004845,1,6.0
61.08341,-7.964431,2,10.0
59.159515,-11.372318,2,3.0
61.12929,-8.381716,2,9.0
-39.120968,-7.235868,1,3.0
46.5005,9.48807,3,8.0
34.427162,30.437496,3,8.0
45.985645,7.724555,3,9.0
27.595505,42.39753,3,5.0
18.324852,51.2855,3,7.0
43.177467,7.3240237,3,10.0
42.92403,6.714119,3,10.0
14.270552,51.730732,1,6.0
-3.4503624,55.1817,1,1.0
-38.2705,22.20653,1,1.0
-6.425992,6.209308,1,1.0
-49.270405,-21.192013,4,1.0
-51.64724,35.114155,1,1.0
41.029785,5.506342,3,10.0
16.50571,21.91019,3,10.0
-17.996288,29.93567,1,4.0
-28.063593,-8.695642,1,5.0
1.8625168,-9.128031,2,4.0
-5.320826,20.115324,3,5.0
28.93309,17.53628,1,5.0
6.807839,-7.156996,3,7.0
33.646275,15.08413,3,5.0
34.451935,14.866377,3,8.0
33.826458,15.082907,3,5.0
2.348363,-8.807349,2,9.0
1.7718252,-9.299897,2,8.0
-43.03495,47.38861,1,2.0
-29.014328,-26.443102,2,8.0
1.8332621,-2.9116724,2,1.0
5.454227,0.23547238,3,5.0
16.933426,39.944347,1,8.0
-9.35754,-2.9528227,1,4.0
3.8466167,-3.801363,2,7.0
-42.24116,3.626926,2,6.0
-38.12139,2.9173646,1,6.0
13.777892,-26.667946,3,8.0
-0.45865735,-19.334743,3,5.0
15.294256,-30.608137,3,6.0
8.208637,-23.583708,3,4.0
-6.349164,23.806929,1,1.0
-6.1735196,23.802755,1,2.0
-17.863544,-29.359018,1,1.0
-24.089735,16.676453,1,5.0
13.49066,56.320297,1,6.0
-35.09824,30.83234,1,1.0
-33.882347,12.182787,1,1.0
-7.935867,5.931767,1,1.0
-7.8891826,10.7548,1,2.0
-24.444044,17.577972,1,6.0
-31.542957,13.461852,1,2.0
-37.65888,-35.93308,4,5.0
9.433239,-82.44959,4,2.0
-47.150547,48.917,1,1.0
-27.256393,-46.845066,4,6.0
55.890568,-42.68566,5,4.0
2.4864552,-32.278057,3,4.0
-33.131363,28.902369,1,1.0
53.891346,-44.051918,5,3.0
53.96036,-44.026646,5,5.0
3.2819777,-33.02062,3,1.0
21.30824,-34.819706,3,7.0
-28.146208,-42.777378,4,5.0
-61.494736,13.881871,1,4.0
34.793972,-12.208976,3,4.0
-17.14484,29.444836,1,2.0
-54.46363,-38.79554,4,2.0
-38.681984,-38.94158,4,3.0
9.793583,28.684937,3,3.0
-40.216187,-45.539246,4,5.0
-11.980679,16.5392,1,3.0
-62.133724,12.087528,1,1.0
-17.13693,12.252549,1,4.0
-10.652813,15.021393,1,2.0
22.656189,38.925106,3,7.0
-43.08544,43.12317,1,3.0
-42.48138,-34.314484,4,1.0
-53.080093,-34.259544,4,2.0
-61.855206,32.124767,1,1.0
-45.24324,-18.880507,4,1.0
-46.348625,-17.846338,4,2.0
8.332443,20.41685,3,8.0
-36.33145,34.385777,1,2.0
-37.345543,-31.127481,4,3.0
-7.1557403,9.269223,1,3.0
-45.175423,-36.429127,4,5.0
-13.515136,14.657377,1,3.0
-40.174107,-36.40621,4,7.0
10.39641,26.167734,1,4.0
-29.63775,23.704556,1,6.0
27.020897,-54.375,4,7.0
28.939644,9.810308,3,6.0
-47.8361,-33.913605,4,7.0
-30.219048,24.741869,1,3.0
30.390049,-29.845192,3,6.0
31.755203,-20.061386,3,8.0
36.265892,23.524815,3,7.0
41.724552,-3.2892053,3,9.0
25.541399,-5.1449003,3,9.0
1.7646257,16.033886,3,3.0
-25.896318,-8.39672,3,3.0
-40.679424,-2.545174,1,3.0
41.282284,23.287832,3,8.0
-6.7417965,20.046875,3,8.0
-1.3629112,45.013157,3,5.0
-45.795914,-23.377932,4,2.0
24.60903,33.387905,3,10.0
43.418545,21.852528,3,10.0
39.510303,-2.201015,3,10.0
40.387356,-10.0040245,3,8.0
-21.24605,18.425367,3,8.0
40.800262,-3.9676692,3,8.0
38.074993,-9.379073,3,5.0
-23.330633,16.67048,1,5.0
26.70727,31.865793,3,8.0
43.674236,2.7294924,4,7.0
27.03344,-4.0837812,3,6.0
1.3837788,47.6516,3,6.0
18.294905,53.79738,1,5.0
-55.727806,12.533601,1,2.0
-2.4267807,43.49602,3,5.0
-41.32034,-37.883602,4,7.0
-51.3572,-29.19601,4,5.0
32.08742,19.380327,3,8.0
7.5216846,21.065615,3,6.0
-54.500504,12.281137,1,3.0
-52.720173,36.443676,1,1.0
62.378407,39.04042,0,5.0
28.641466,35.563087,3,7.0
-6.215565,38.298275,3,8.0
-49.92156,39.807602,1,6.0
-36.970467,-28.534811,4,5.0
15.530785,47.909992,3,4.0
62.02704,40.77259,0,3.0
-1.7885839,50.72658,1,3.0
24.96283,1.7959043,3,5.0
27.535906,-57.88498,1,5.0
-27.731985,26.786905,3,4.0
-34.897423,-39.573326,4,3.0
26.993958,-58.311165,1,3.0
10.5891485,6.472061,1,1.0
16.01643,-36.586697,3,9.0
8.161558,-84.58476,4,6.0
9.929963,8.732408,3,5.0
11.789396,26.683132,1,3.0
-63.583652,12.862625,1,4.0
12.833411,27.297716,3,6.0
-62.49335,13.5687685,1,3.0
-51.68452,-45.20321,4,1.0
-44.145,46.017,1,1.0
-49.160557,30.458324,1,2.0
-39.500393,-15.008087,1,1.0
-50.341278,30.838646,1,2.0
14.692204,11.239389,3,6.0
-61.82531,4.1450377,1,4.0
-12.730588,-24.230057,1,2.0
-60.25464,30.278126,1,2.0
10.7169075,48.991615,1,7.0
-12.770712,-24.11279,1,7.0
-47.238514,10.118006,1,4.0
9.469739,49.11835,3,9.0
-52.84529,35.93355,1,1.0
-23.6533,48.224487,1,2.0
-1.4466574,32.65097,1,9.0
0.604502,-14.190345,2,10.0
-26.956953,-8.967846,3,8.0
-38.163208,23.066774,1,3.0
7.9603047,12.450229,3,10.0
-36.902466,-14.009672,1,8.0
-38.31777,28.049316,1,1.0
-33.057556,25.567633,1,4.0
-16.081526,41.777298,3,10.0
29.84232,38.71001,3,9.0
-51.128864,7.0398507,1,7.0
29.873951,38.77385,3,9.0
-51.41952,6.1486163,1,3.0
3.9080572,48.529358,3,7.0
28.722954,45.1555,1,9.0
9.4782295,47.57113,3,9.0
-55.685413,5.7732735,1,2.0
-1.560528,48.591713,1,2.0
-11.979375,17.280176,3,1.0
-40.23938,-12.264109,1,6.0
-29.44011,13.664331,1,3.0
-53.487934,36.03791,1,1.0
-46.42957,-48.14285,4,5.0
30.836266,-52.06902,3,10.0
-39.673557,-2.1074586,1,1.0
-34.381073,50.41435,3,1.0
12.649093,-29.229641,3,6.0
-37.49639,-14.7204,1,2.0
12.858188,-29.663918,3,6.0
28.383299,-32.909245,3,6.0
12.887901,-29.626404,3,6.0
-45.74877,-34.975887,4,4.0
-25.721395,-48.031902,4,4.0
-46.601997,-35.949997,4,3.0
-25.06849,-42.14661,4,6.0
43.925583,11.045368,3,9.0
11.967191,-39.30456,3,9.0
-55.708965,28.904978,1,3.0
-7.11084,-39.512466,1,8.0
-9.499821,-25.10577,1,6.0
30.258173,12.595816,3,6.0
-39.199715,-12.448101,1,6.0
14.748151,-27.540207,3,5.0
-4.5540156,-21.821424,3,7.0
0.22862773,-25.310883,1,5.0
-9.447721,-31.652878,1,2.0
12.671889,-39.068554,3,9.0
-0.8962892,-34.228966,3,3.0
-2.2515333,-35.823032,1,4.0
13.692777,-14.755972,3,10.0
-8.800223,-32.014538,1,2.0
-31.929485,-14.931883,1,6.0
0.24008054,-25.163965,1,7.0
-4.724573,-39.49205,3,7.0
-8.734182,-39.545525,1,4.0
2.627146,-42.11815,1,3.0
-33.91897,-15.144839,1,6.0
-7.795299,-39.3418,1,3.0
19.635813,-34.127083,3,3.0
12.245125,-34.044266,3,10.0
15.513871,-39.800613,3,8.0
2.5225785,-75.369965,4,7.0
-0.7913997,-64.342094,4,5.0
-1.0450193,-63.203804,4,8.0
-0.9579934,-64.3313,4,2.0
-1.0580555,-63.148945,4,7.0
-1.0012195,-63.055237,3,7.0
-1.4181514,-63.6292,1,4.0
-0.9303067,-64.31419,4,5.0
-0.9391468,-62.978737,3,10.0
-0.9423216,-64.3279,4,2.0
26.521276,21.479301,3,9.0
25.22737,22.362326,1,9.0
-40.337555,-7.1824,1,9.0
50.05556,14.617794,3,8.0
28.173609,40.63078,3,9.0
26.403543,20.20458,1,9.0
-36.455193,-0.020851236,1,10.0
20.420742,10.263651,3,1.0
6.569311,-77.504005,1,7.0
60.67357,-38.690464,5,9.0
16.461449,21.985077,3,10.0
-37.521286,31.37457,1,3.0
64.89245,40.758728,0,2.0
30.90738,-57.71767,0,3.0
17.026875,34.870754,3,10.0
-40.412407,-2.1076868,1,9.0
-18.873642,29.85387,1,3.0
25.534416,47.18637,1,2.0
-61.166878,3.8025138,1,4.0
20.896065,41.681973,3,8.0
-40.631645,-45.284435,4,7.0
47.029556,9.44655,3,8.0
13.086958,48.734562,1,6.0
-61.431293,3.675954,1,5.0
21.059011,14.379676,1,3.0
-39.372578,-31.400312,4,6.0
-38.09761,-33.48126,4,4.0
15.025659,34.75441,3,5.0
8.854893,-81.77549,4,2.0
-34.38512,25.44452,3,6.0
-1.234516,-9.348693,2,9.0
19.107727,-38.54244,3,10.0
4.1574473,-13.344264,3,7.0
-8.742265,10.30613,1,3.0
19.031239,-21.199614,3,10.0
-9.99402,20.474152,3,8.0
-56.203087,34.74841,1,2.0
11.074297,43.15248,3,9.0
-54.11084,5.0750246,1,2.0
52.611565,-21.819166,3,10.0
38.984497,0.443538,3,10.0
45.160904,-5.813372,3,9.0
-14.397357,24.8681,1,2.0
48.568405,-19.212475,3,9.0
11.642369,48.074394,3,6.0
9.2988205,-80.36147,4,2.0
33.32485,-51.249317,3,8.0
1.7556765,35.743675,3,8.0
17.315447,21.096367,3,10.0
-2.283506,13.109825,3,5.0
30.757345,-52.86367,3,4.0
7.306716,28.790129,3,9.0
-23.40152,-8.642057,3,8.0
-39.972874,48.378975,1,4.0
10.268588,-78.21996,4,6.0
28.83317,41.77008,3,7.0
36.68742,-29.613716,3,10.0
-41.248985,2.0301952,1,1.0
10.4429,24.45263,3,7.0
-25.145365,-11.157304,1,9.0
-25.382288,48.063545,1,6.0
10.178388,-79.1661,4,2.0
46.00843,20.642488,3,10.0
-3.810486,51.525307,1,4.0
-25.531141,-7.5028734,3,8.0
-50.71975,33.420692,1,3.0
1.3826094,16.186417,3,8.0
58.63251,35.017437,0,9.0
-62.09199,13.626921,1,6.0
17.42368,52.272324,1,9.0
37.813133,-3.911554,3,10.0
-29.028961,-11.693754,1,6.0
3.4126933,-20.287374,3,10.0
27.57599,-58.893368,1,1.0
29.195759,-55.537758,3,6.0
51.421494,-20.663225,3,10.0
30.13887,43.595753,3,10.0
-23.291065,-8.792944,3,8.0
47.51421,21.938578,3,10.0
23.480955,-57.60448,1,9.0
-22.232178,29.934189,1,5.0
-22.941143,47.84321,1,3.0
-16.933622,7.7063746,1,6.0
34.66165,-29.599186,3,10.0
-41.290203,-10.472641,1,2.0
-40.073757,2.3274028,1,5.0
-2.0788462,33.106575,1,5.0
38.724022,3.888293,3,10.0
-32.501804,-33.49325,4,7.0
59.10673,41.847168,0,9.0
-0.4128857,32.83571,3,7.0
58.01708,-38.80462,5,4.0
-21.601574,49.061905,1,3.0
25.820501,-8.087428,3,5.0
55.566315,-40.640316,5,1.0
29.47008,-29.3415,3,10.0
16.306934,35.801792,1,6.0
-6.5182977,-27.421068,1,1.0
18.879028,31.565222,3,4.0
-14.153624,-23.348272,1,9.0
12.952897,53.76429,1,3.0
40.588657,23.137527,3,9.0
56.784786,-18.20262,2,6.0
-55.8934,9.623107,1,2.0
40.18551,24.551746,3,10.0
32.994953,-32.342937,3,10.0
13.543353,51.692036,1,3.0
12.4122095,47.95581,3,6.0
15.710354,37.371254,1,6.0
12.663765,38.93204,3,10.0
16.428577,-3.6129823,3,10.0
9.478912,-81.04519,4,2.0
13.667999,36.685802,3,10.0
13.226233,37.34801,3,10.0
-45.32124,45.729923,1,2.0
-64.85244,13.34407,1,9.0
-40.931934,0.6746045,1,10.0
19.833405,2.8438668,3,10.0
-35.73447,-28.332085,4,8.0
55.941074,-50.276104,5,2.0
4.6760163,-75.02217,4,4.0
15.950071,-29.609293,3,8.0
52.900703,-40.933132,5,9.0
11.836816,-78.07743,4,5.0
-25.65755,-41.576138,4,7.0
32.61235,-58.653625,1,3.0
26.658817,-17.26855,1,6.0
-37.626534,40.359097,1,5.0
24.19038,-17.387835,3,7.0
-32.89164,31.078129,1,4.0
27.663588,-17.162573,1,5.0
29.00034,-18.88318,1,4.0
24.289091,-17.594688,1,6.0
-6.298464,-22.179464,1,4.0
-32.87324,31.202765,1,6.0
-37.572376,41.563892,1,3.0
25.84313,-12.478442,1,4.0
30.324642,-54.603928,3,5.0
-54.789875,-39.881664,4,2.0
26.724888,-17.294254,1,7.0
-19.8256,30.616346,1,8.0
36.405807,-18.897,3,6.0
38.032516,-15.494624,3,6.0
-52.425312,-47.91899,4,4.0
-61.449276,16.019192,1,4.0
-51.951355,37.020275,1,1.0
17.621017,32.18199,3,6.0
-51.58236,37.787834,1,3.0
-49.387093,-21.442999,4,1.0
-57.228558,29.87417,1,1.0
-39.949547,-41.10943,4,6.0
31.254322,23.054966,3,5.0
34.501587,9.477472,3,4.0
41.46677,6.776448,3,10.0
43.18917,-4.4263873,3,10.0
-44.889763,-42.84474,4,7.0
16.005964,53.802242,1,2.0
40.793663,-2.8231058,3,10.0
43.71126,9.6204815,3,9.0
-32.19293,-1.991492,3,8.0
-20.139076,52.129326,1,7.0
40.61399,-3.516184,3,9.0
-8.660286,7.5682917,1,4.0
-2.3064716,50.281258,1,5.0
-11.235534,15.1139145,1,6.0
-25.593302,-5.648877,3,10.0
29.026752,-32.483894,3,4.0
-6.430949,43.33987,1,1.0
30.270136,-58.969795,3,6.0
-40.47569,-2.7835114,1,5.0
7.0799704,22.503645,3,6.0
0.103917204,-25.240997,1,4.0
33.00365,-25.437466,3,7.0
41.766735,-8.625318,3,9.0
6.8463235,22.49329,1,5.0
-44.359707,49.61283,1,2.0
-23.295511,53.014317,1,4.0
24.056932,43.373745,1,8.0
35.171577,20.010483,3,8.0
-21.951376,52.698288,1,9.0
-0.94992197,21.804987,3,8.0
38.58794,21.174248,3,9.0
-0.34443462,24.794397,3,9.0
33.068356,-13.697483,2,8.0
38.114044,17.481659,3,10.0
-25.79128,17.123867,1,6.0
-53.30752,38.122456,1,4.0
59.114964,43.697502,0,7.0
30.43187,-10.319621,2,6.0
61.65488,-7.7350144,2,10.0
65.94997,-7.7443805,2,8.0
64.318924,-8.447906,2,9.0
59.90866,-11.624956,2,3.0
27.725393,-6.5805697,3,7.0
66.21546,-7.847646,2,8.0
21.797203,1.0707422,3,10.0
65.919304,-8.64524,2,7.0
-9.493985,1.6489749,2,2.0
-39.41985,-7.243514,1,3.0
-59.730637,13.3143425,1,6.0
28.842052,45.126198,1,9.0
-33.763374,-1.833218,1,7.0
-55.856968,33.725464,1,2.0
-55.881035,33.751446,1,2.0
44.936016,13.887737,3,8.0
51.374226,13.127895,3,9.0
8.62079,26.471455,1,4.0
24.513056,44.567528,1,3.0
28.299963,39.094128,3,8.0
12.151973,21.996635,3,6.0
-28.998735,16.275684,1,4.0
-3.140313,25.073284,1,3.0
34.55037,19.30248,3,4.0
25.956629,5.283091,3,9.0
-12.647554,13.869958,1,1.0
-4.1921964,36.547573,1,3.0
-51.61826,30.41859,1,2.0
1.23692,-8.546589,2,6.0
33.697945,15.26689,3,5.0
-64.77321,9.145797,1,5.0
-45.487812,-44.23444,4,3.0
34.625347,15.078337,3,9.0
30.244686,18.155079,3,6.0
34.80265,14.357069,3,10.0
29.773706,13.33083,3,5.0
-59.03679,29.373396,1,2.0
-56.462337,29.480198,1,3.0
-50.24905,-35.458122,4,1.0
-39.429653,42.61831,1,1.0
-54.306507,-47.982964,4,3.0
-40.50899,53.139427,1,4.0
-26.586239,50.090237,1,4.0
4.032013,-3.4367228,2,6.0
-36.20191,-32.0421,4,8.0
48.741013,14.036805,3,6.0
37.358868,10.4741535,3,7.0
37.756565,19.672853,3,6.0
23.7463,43.998222,1,6.0
37.238674,15.356484,3,8.0
35.72698,19.70518,3,9.0
-55.63037,36.147713,1,2.0
28.44456,47.12544,1,2.0
18.375275,54.02152,1,3.0
-31.495571,31.413572,1,3.0
-3.8213716,-39.19079,1,4.0
-4.668598,-32.936214,1,4.0
-4.9271045,-33.52075,1,2.0
27.133892,-51.89274,3,7.0
-17.66158,-30.47423,1,4.0
28.016516,-3.4078693,3,3.0
-27.633635,-42.3142,4,6.0
-6.408746,-22.493006,1,5.0
-24.321936,-45.194996,4,4.0
-24.439491,-45.227024,4,3.0
49.726387,-44.593643,5,8.0
25.624676,-53.426216,4,4.0
-29.034702,-42.383682,4,6.0
54.3852,-41.448105,5,9.0
27.200617,-51.80575,3,9.0
20.460932,-58.367065,4,5.0
23.366829,-51.680016,3,9.0
44.891903,23.157675,3,7.0
-2.9008064,22.61424,3,10.0
-46.872986,-18.602648,4,1.0
-12.031895,-61.976536,1,2.0
26.304708,-55.627647,4,2.0
-14.2708645,-61.526978,4,4.0
-14.040069,-61.528316,1,3.0
-13.1640415,-63.102154,4,4.0
8.324576,8.704176,1,1.0
-51.717377,-16.412666,4,5.0
-11.341785,-62.78993,1,6.0
-10.181997,-61.25801,1,3.0
-11.36654,-62.388546,1,2.0
-9.625212,-59.896034,1,3.0
-51.7154,-16.418684,4,4.0
-6.7289767,-52.131935,3,4.0
-11.567081,-62.21322,1,3.0
-13.404226,-61.15546,1,1.0
-49.97326,-33.12138,4,2.0
-44.969982,-15.756559,4,3.0
-3.4614503,51.23832,1,3.0
-47.43785,-35.393303,4,1.0
-12.020624,15.660136,1,3.0
-1.6162064,24.507755,3,5.0
-39.62088,20.753012,1,1.0
-38.25156,-11.068558,1,1.0
-10.629313,15.665642,1,1.0
41.615303,23.529629,3,9.0
19.745253,53.443123,1,6.0
-35.47378,-10.45866,3,8.0
38.649178,21.439686,3,8.0
18.080038,51.319725,1,5.0
-7.6113167,15.91816,3,6.0
-51.978218,-30.507496,4,2.0
27.876087,-56.184055,1,6.0
19.095972,53.625008,1,6.0
49.849644,8.32857,3,5.0
36.158398,-2.5827632,3,9.0
-49.281963,-43.399654,4,3.0
38.26584,5.2387757,3,10.0
-60.138966,3.3494434,1,2.0
33.89801,17.159893,3,7.0
-48.038086,-20.407642,4,3.0
-48.14685,-46.88622,4,1.0
0.9918682,52.62869,1,2.0
-37.549294,-8.016837,1,3.0
48.06875,17.440102,3,8.0
37.963562,-2.1045954,3,10.0
-22.181423,17.086338,1,6.0
-5.261208,75.142105,7,7.0
-20.535624,15.431202,1,6.0
-8.512658,21.936886,1,4.0
50.09395,-6.034044,3,7.0
-51.810028,11.437029,1,4.0
63.960457,44.46397,0,7.0
15.165068,48.226406,3,5.0
-56.525055,11.713859,1,3.0
-39.39785,-41.395775,4,7.0
63.706875,44.032852,0,5.0
61.795776,36.770027,0,8.0
-35.5162,-41.244133,4,5.0
-7.2252507,40.625805,1,1.0
-3.3054216,37.147324,3,10.0
-42.90669,-31.340824,4,4.0
28.313658,45.983795,1,3.0
-17.930313,55.501163,3,
-38.301304,50.788933,1,3.0
28.030386,45.653217,1,5.0
-8.047553,35.647705,1,1.0
-2.936405,41.413906,3,5.0
-7.133242,40.355682,1,2.0
20.79296,37.84738,3,5.0
27.519567,-57.72122,1,8.0
23.061562,-7.033372,3,6.0
27.895752,-0.58805466,3,6.0
-22.104267,47.213894,1,5.0
-29.502874,-45.74834,4,7.0
-31.925842,-32.165695,4,4.0
14.571439,25.858387,3,7.0
27.758585,1.5112934,3,5.0
49.059826,-43.291477,5,3.0
-65.30238,9.219543,1,2.0
23.46549,-8.373214,3,4.0
-9.810486,9.137315,1,2.0
-38.582226,25.30438,1,2.0
-38.680763,24.978378,1,1.0
23.233442,-7.8375897,3,2.0
12.13696,29.659163,3,3.0
35.57854,-13.12573,3,2.0
12.504883,27.559614,1,3.0
-54.165127,36.99738,1,3.0
-37.06682,-8.631566,1,6.0
-53.600613,9.385458,1,8.0
14.636503,55.00945,1,9.0
-40.40514,52.53802,1,4.0
14.883043,53.73019,1,5.0
-59.293648,31.997738,1,4.0
-55.104076,6.456686,1,4.0
51.713917,-17.563646,3,10.0
-51.634068,6.969384,1,5.0
7.2147174,26.680481,3,6.0
2.486068,48.87358,1,6.0
11.060675,51.40972,1,7.0
2.5485077,48.77885,1,8.0
-60.127163,32.304306,1,4.0
29.924747,38.528923,3,9.0
12.573208,50.986145,1,4.0
9.446595,46.823368,3,9.0
-24.171467,21.807945,3,9.0
-7.4856553,40.63751,1,3.0
-54.430344,38.426994,1,6.0
-37.881317,-1.1787848,1,5.0
42.993587,-8.374755,3,10.0
-58.679974,38.860542,1,1.0
25.241636,17.411173,3,10.0
-27.474796,22.17967,1,5.0
28.415503,41.260654,3,9.0
-39.841366,50.793777,1,5.0
16.312925,-19.27814,3,10.0
-42.36979,-29.015684,4,3.0
-55.600784,9.391841,1,2.0
28.454733,10.251518,3,2.0
-38.380116,-41.061634,4,5.0
20.514128,31.086884,3,8.0
38.76738,12.905625,3,8.0
11.318637,47.2499,3,5.0
25.386667,-54.14838,4,5.0
-0.6564293,-38.657825,1,5.0
56.13092,-41.50729,5,6.0
-24.575438,-43.472694,4,3.0
-25.056324,-42.263264,4,3.0
55.24721,-41.460014,5,5.0
25.591335,-55.126312,4,5.0
15.144987,-27.69382,3,8.0
12.520308,-17.573378,3,9.0
-29.576967,-45.849777,4,5.0
14.776152,-33.10707,3,5.0
41.5193,-14.350143,3,6.0
22.177372,-25.18694,3,10.0
28.21253,20.806551,1,4.0
-3.8573427,-31.454805,3,6.0
33.750084,-26.454084,3,5.0
-9.083729,-27.149698,1,10.0
-9.352973,-29.18933,1,3.0
-10.759522,-29.208824,1,5.0
14.50339,-35.090405,3,5.0
-33.407104,-16.919794,1,7.0
-7.508033,-36.76278,1,1.0
13.076113,-37.63229,3,5.0
-29.326962,-50.88452,4,1.0
1.753456,-28.693203,3,6.0
-8.871405,-30.855993,1,1.0
11.550951,-38.82522,3,9.0
-5.1010885,-53.05481,3,7.0
-10.450595,-52.34543,1,2.0
-0.548072,-64.61058,4,1.0
-7.960915,-53.408363,1,2.0
-9.022646,-53.848328,4,1.0
-5.2772174,-52.25428,3,7.0
-5.1640143,-54.11294,3,8.0
-8.315411,-53.55213,1,1.0
-5.4488454,-52.082943,1,1.0
17.299759,-37.652084,3,9.0
-1.0843037,-35.653103,3,8.0
57.571194,37.002274,0,7.0
7.4366355,-38.388412,3,9.0
2.9965699,-33.22532,3,6.0
27.960125,-49.6902,3,9.0
17.721134,-33.741455,3,9.0
54.01283,-43.923973,5,9.0
56.918472,37.82257,0,7.0
6.562944,-77.36692,1,9.0
-33.79309,0.46082035,1,10.0
23.031612,12.347915,3,10.0
5.894574,-0.69159245,2,7.0
50.645027,17.163195,3,9.0
10.023006,-75.60896,3,8.0
49.26159,14.839746,3,9.0
6.300938,-78.37823,1,1.0
-33.503006,-0.43572348,1,8.0
7.4339924,23.257719,1,4.0
-23.011503,33.88343,1,2.0
64.67584,34.19869,0,10.0
-31.21533,11.853533,1,2.0
0.8759691,35.613792,3,8.0
20.501463,2.7641706,3,9.0
34.343174,15.808271,3,8.0
31.53305,-57.954865,3,7.0
-4.208687,38.594368,3,6.0
12.972168,52.377552,1,7.0
-22.294195,-6.9390225,3,10.0
46.496777,15.177442,3,7.0
-24.404041,51.75707,1,4.0
-2.2472181,54.136875,1,3.0
45.065067,15.103173,3,8.0
22.956394,9.712186,3,4.0
33.61,-31.04381,3,10.0
25.363457,46.76925,1,2.0
17.025427,27.173326,3,8.0
-45.452057,46.087048,1,1.0
-0.7569859,-28.135159,3,5.0
11.262395,-8.8487215,2,7.0
12.165281,-9.411495,2,9.0
-5.1754103,2.3685505,1,5.0
11.518591,-9.245848,2,8.0
-6.566707,49.181175,1,3.0
33.591286,-60.6307,3,8.0
-6.641303,36.454,1,2.0
1.2379073,19.056562,3,8.0
-50.5438,-45.750416,4,2.0
-6.2277265,33.760563,1,9.0
13.170686,-0.76855457,3,10.0
-37.353924,20.021364,1,2.0
-28.78195,13.252356,1,2.0
-24.085945,-7.147211,3,9.0
-25.012571,49.24511,1,3.0
-2.255534,12.681874,3,6.0
13.406106,12.170828,3,5.0
7.7712994,23.195654,3,7.0
34.91388,-29.623165,3,10.0
50.3003,5.4973497,3,10.0
64.34125,33.84851,0,10.0
-24.576036,-12.431242,3,10.0
53.0138,-18.804523,3,10.0
53.00036,-20.143145,3,10.0
-49.04092,-29.336342,4,3.0
-54.139503,-33.805145,4,2.0
50.27906,-18.512213,3,10.0
46.18214,-8.459831,3,7.0
-42.527554,-31.214596,3,7.0
19.504505,35.40217,1,4.0
-5.795712,54.8752,1,2.0
32.221725,-27.88562,3,9.0
19.967255,39.33688,3,7.0
-10.190033,18.566486,1,4.0
-25.968596,-5.1506567,1,10.0
16.226603,53.93978,1,4.0
67.519875,36.13996,0,9.0
38.296104,-5.009684,3,9.0
-1.7704742,53.342842,1,3.0
59.4516,37.076187,0,10.0
25.069632,10.504596,3,4.0
-3.5867717,24.892313,1,3.0
-35.51932,-41.231228,4,7.0
22.931093,-57.433094,1,7.0
11.064412,24.92879,3,6.0
7.7966743,-83.65178,4,2.0
3.132051,-35.545254,3,7.0
-23.929329,53.22398,1,5.0
39.732265,6.8763256,3,10.0
13.792162,0.7595572,3,9.0
-56.354996,37.31304,1,3.0
-22.78199,48.56832,1,4.0
-43.71488,-3.1137643,1,6.0
23.399122,46.302605,1,5.0
-39.30855,47.1611,1,4.0
-9.464443,7.7975845,1,2.0
12.359876,20.886251,3,7.0
-45.136143,49.04719,1,2.0
9.7185755,28.666536,3,5.0
-42.48082,-11.3012495,1,6.0
-51.356537,6.894585,1,5.0
-40.805088,-11.552194,1,1.0
-40.803425,-27.475536,4,1.0
13.571989,35.16722,3,8.0
-25.055418,-2.0205052,3,10.0
14.143211,23.020237,3,7.0
-0.4576006,-11.175129,2,10.0
67.41111,-8.975163,2,6.0
-48.61404,-44.254288,4,5.0
-1.1074597,50.92411,1,5.0
32.708035,-32.70843,3,9.0
-0.11692468,17.127747,3,9.0
-1.1269495,53.63329,1,3.0
22.92118,-58.29103,1,3.0
24.247257,32.864918,3,8.0
-28.432446,20.589132,1,6.0
-0.464812,-6.5312777,2,6.0
-61.12601,3.7607484,1,3.0
12.079948,11.973095,3,7.0
20.21335,3.0244575,3,9.0
38.514824,12.769135,3,8.0
-58.644157,15.767372,1,5.0
14.636601,35.725243,1,5.0
-21.96721,-6.2699623,1,1.0
52.761253,-38.060165,5,10.0
15.730609,37.60138,1,9.0
-50.57046,30.15432,1,2.0
4.8403187,-75.52626,4,4.0
4.7150636,-75.6953,1,2.0
52.475624,-39.369774,5,10.0
21.806004,-2.795427,3,10.0
53.16056,-37.76969,5,10.0
20.639252,-3.1139278,3,10.0
29.068798,17.273283,3,9.0
13.320079,-15.77683,3,10.0
4.498203,5.9035244,3,2.0
-34.623154,30.398636,1,1.0
27.007975,-17.953394,1,4.0
-23.868376,32.51651,1,1.0
26.917248,-18.051458,1,5.0
28.155067,-19.153036,1,4.0
-23.988354,31.598804,1,3.0
39.11144,-16.736567,3,5.0
39.719646,-18.92192,3,4.0
-40.190292,43.21635,1,4.0
38.83212,-15.379803,3,6.0
34.665863,-14.110964,3,8.0
9.794716,-28.776087,1,6.0
9.614941,-28.517818,1,5.0
-55.323627,-40.954784,4,2.0
28.859552,-19.357433,1,4.0
-23.83313,32.525238,1,1.0
-31.757442,28.170847,1,1.0
39.74965,-18.803177,3,4.0
11.620168,-80.535576,4,7.0
-61.85987,15.272018,1,3.0
47.228832,1.7971182,3,9.0
58.665943,34.956215,0,10.0
40.13941,18.653044,3,9.0
37.11894,20.324862,3,6.0
32.95732,-31.609274,3,9.0
40.07887,-1.9185063,3,10.0
-49.180153,36.39893,1,4.0
-45.567513,-43.136913,4,6.0
49.69695,7.8638926,3,9.0
0.7457944,49.486797,3,6.0
43.7036,9.780735,3,7.0
-51.41964,37.25734,1,2.0
-52.92131,12.132143,1,4.0
24.86029,40.600864,3,9.0
-64.6125,10.09973,1,2.0
-10.447083,36.151436,3,1.0
40.080486,-2.5395923,3,10.0
-0.43852165,-6.5275593,2,9.0
-9.352938,39.32233,1,3.0
22.901821,-60.13655,1,1.0
-49.93242,-37.146614,4,2.0
-23.140493,16.605156,1,1.0
13.322574,17.505375,3,6.0
58.812454,-12.668581,2,7.0
14.450975,-15.886379,3,10.0
23.977295,10.464862,3,8.0
18.137318,-21.989222,3,8.0
0.8807095,37.37323,3,4.0
-20.46506,32.293953,1,2.0
-25.552458,-7.5531526,3,8.0
-3.3852212,18.52161,1,6.0
-24.982935,51.657406,1,4.0
13.5290985,-38.194595,3,8.0
-24.36795,52.938133,1,4.0
66.73616,-6.9121995,2,7.0
7.233547,28.760551,3,7.0
-31.501184,-9.207189,1,3.0
-60.058792,11.613102,1,5.0
61.269817,38.90657,0,4.0
0.6747061,54.29162,1,7.0
-55.782757,33.60199,1,2.0
22.474041,11.088678,3,7.0
-30.576736,-2.0203538,1,7.0
60.71288,-11.56366,2,7.0
14.927561,57.99221,1,4.0
61.056953,-9.980201,2,7.0
62.30745,-6.416546,2,8.0
64.494484,-7.912148,2,10.0
62.978092,-8.031358,2,9.0
64.84025,-8.140691,2,10.0
62.207703,-7.9498353,2,10.0
64.78407,-8.317275,2,9.0
-40.98728,43.819004,1,2.0
16.019466,51.15382,1,7.0
49.500694,0.38940722,3,4.0
-21.283802,5.6092787,1,4.0
-23.031158,16.290106,1,6.0
37.04663,-8.461291,3,4.0
-50.802338,13.917897,1,3.0
30.068459,22.499287,1,4.0
22.084131,8.268679,3,9.0
-1.2788566,19.031708,3,7.0
11.204819,46.627644,3,6.0
-1.1554475,20.082075,3,5.0
24.927711,-4.043361,3,2.0
46.689133,11.818293,3,6.0
14.798278,55.78846,1,1.0
-31.482065,-4.112729,1,4.0
-27.72191,-8.75699,1,7.0
-3.9873898,41.429127,3,4.0
-3.8181133,-10.835761,2,2.0
12.078335,-80.29162,4,4.0
-5.656459,50.190746,1,6.0
-5.259057,74.762764,7,4.0
1.4910206,-10.619278,2,8.0
-64.31237,10.666158,1,2.0
-40.49335,-40.451748,4,9.0
5.752751,6.594968,3,4.0
-5.2702894,74.76242,7,2.0
-29.872404,-27.375046,2,6.0
-27.592033,-30.645813,4,6.0
-27.463095,-26.288744,2,8.0
-2.8589833,-5.798076,2,6.0
-59.972534,29.491224,1,1.0
-41.404984,-45.031742,4,8.0
-26.629473,-26.469257,2,10.0
-28.08782,-26.419552,2,6.0
-27.700119,-26.35439,2,9.0
-7.5291505,-36.078487,1,3.0
-52.91585,14.146402,1,3.0
-54.150673,37.452076,1,3.0
-53.856346,11.883283,1,2.0
-7.4616885,41.020542,1,4.0
0.8449449,-4.712497,2,6.0
-53.489143,11.609408,1,2.0
-58.34356,31.097853,1,3.0
20.733221,11.281302,3,8.0
16.222214,-29.5281,3,9.0
29.54532,-2.7215564,3,10.0
-9.866436,11.113101,1,2.0
9.5718775,-29.305672,1,3.0
43.08379,-5.647091,3,10.0
-40.519474,22.873922,1,4.0
14.911498,-34.615906,3,4.0
16.222492,-28.413511,3,9.0
-55.334152,-37.095097,4,2.0
-50.901096,-37.576633,4,3.0
3.018182,-27.445686,3,5.0
-13.910122,-37.106617,1,4.0
55.1548,-42.785976,5,3.0
-1.492196,-35.95605,1,1.0
-1.5987525,-28.47688,1,2.0
56.9563,-41.65348,5,1.0
16.618055,-37.409348,3,8.0
14.884247,-40.343147,3,3.0
34.4228,9.24515,3,5.0
22.523266,-32.456036,3,7.0
17.121405,-28.593512,3,5.0
-8.874726,48.215836,1,4.0
-49.713093,32.86381,1,4.0
-62.10445,13.6585245,1,3.0
-10.31572,18.524614,3,4.0
-49.325462,-36.713966,4,3.0
-38.901115,-15.255398,1,2.0
12.31216,22.04527,3,4.0
-25.211006,51.631428,1,2.0
-36.261383,-37.01385,4,5.0
-29.214457,-42.34333,3,8.0
-58.573906,15.757348,1,5.0
-46.424377,-21.126783,4,1.0
-25.394592,6.024618,1,4.0
3.087408,-24.587303,1,2.0
3.7403495,15.755066,3,7.0
-3.9281037,9.222646,1,1.0
-36.75044,-30.41718,4,1.0
6.7226396,24.052574,1,5.0
-3.3433468,9.178361,3,4.0
-44.105457,-19.295837,4,5.0
6.076954,25.068197,3,7.0
-26.736076,15.209539,1,1.0
-38.398476,-10.2562685,1,1.0
4.8749447,24.919596,1,4.0
-26.032997,15.472215,1,1.0
-65.44536,8.330982,1,2.0
-50.60047,38.907673,1,1.0
9.539408,-30.895569,3,6.0
-43.27904,-35.28824,4,3.0
-45.019695,-38.425735,4,3.0
42.675076,-2.4801757,3,9.0
46.041676,8.312676,3,7.0
31.000032,-10.128424,3,7.0
-38.6187,-41.367344,4,3.0
-32.9234,25.120869,1,1.0
-4.733127,23.725838,1,6.0
-33.28125,-38.512638,4,1.0
-46.847633,-40.300488,4,5.0
8.36944,16.467175,3,9.0
-8.221348,15.524776,3,5.0
-46.474907,-38.583057,4,7.0
33.41032,-1.5349958,3,7.0
-42.123714,-40.855408,4,3.0
-33.56318,-0.55247706,1,6.0
-4.8836293,7.11873,3,1.0
4.5699224,41.392334,3,5.0
12.701524,19.776821,3,7.0
-2.120565,35.74615,1,1.0
-25.894022,19.342632,1,5.0
-54.87972,37.15547,1,2.0
42.688488,19.63686,3,9.0
60.28684,40.12375,0,6.0
-2.4322758,43.74672,3,6.0
-49.654987,7.3047824,1,5.0
62.095562,37.05718,0,9.0
-2.2252743,41.357903,3,7.0
-22.697931,50.879303,1,3.0
-57.037987,11.221768,1,1.0
-51.141815,7.045331,1,5.0
59.870827,39.976906,0,7.0
-48.590183,-29.681883,4,5.0
22.75888,38.63848,3,9.0
-52.640312,31.329,1,1.0
21.238064,42.572147,3,6.0
28.057154,42.44868,3,5.0
-7.1616964,23.848278,1,2.0
39.84301,13.840144,3,6.0
-49.97932,-30.048841,4,2.0
-39.558693,-30.016409,4,1.0
21.61178,4.105034,3,6.0
-31.758198,-31.805511,4,6.0
7.9948545,8.27818,3,5.0
0.39752677,11.814529,3,2.0
25.87926,0.585384,3,10.0
55.63116,-39.138172,5,9.0
23.0229,5.228367,3,1.0
-5.2983403,74.787025,7,3.0
-41.187237,49.176647,1,7.0
-32.088062,18.64978,1,4.0
-35.182514,27.353743,1,2.0
-63.231903,12.928284,1,2.0
-47.30271,30.430235,1,1.0
0.4936208,-37.090187,1,1.0
-39.994213,24.319235,1,2.0
-49.69097,-45.665596,4,1.0
-51.916637,30.55919,1,1.0
-49.68719,-45.56979,4,2.0
37.54753,17.806772,3,10.0
-54.057674,37.032604,1,3.0
-14.618179,-24.419401,1,7.0
8.473766,48.20958,3,9.0
-14.643977,-24.481411,1,5.0
-54.42989,7.307391,1,2.0
-54.49309,7.293431,1,3.0
-50.76519,10.618866,1,6.0
-14.662637,-24.497934,1,5.0
-1.3888134,-20.56828,3,8.0
-0.396981,-14.258616,1,5.0
-7.329853,-4.9358935,1,4.0
29.960241,-49.60633,3,10.0
-11.284642,-30.111769,1,3.0
11.524655,-19.56958,3,9.0
-7.4028654,-4.7666473,2,3.0
-17.642357,23.141842,3,10.0
1.1291217,-13.785104,2,10.0
-7.9736004,41.705196,1,1.0
-36.501583,-36.968258,4,3.0
29.820387,38.15721,3,8.0
12.469576,47.057568,3,8.0
10.31544,47.85273,3,9.0
27.550005,41.339775,3,7.0
-1.1801614,19.369795,3,8.0
9.365926,46.94424,3,10.0
27.96884,40.835484,3,8.0
-48.752583,32.522003,1,1.0
-41.021538,-27.472982,4,3.0
27.53601,47.05643,1,6.0
-2.4581637,44.176807,3,7.0
-36.781647,-36.43082,4,3.0
-48.160725,-47.590504,4,3.0
3.5289147,-28.608978,3,6.0
40.632225,19.608362,3,5.0
11.840227,34.902195,3,10.0
-30.280472,-50.764122,4,2.0
-25.693134,-48.041798,4,7.0
-7.593579,-42.072227,1,3.0
-9.45616,10.015494,1,3.0
-7.542726,-22.720516,1,5.0
-10.373718,-20.659506,1,6.0
-24.837833,-42.59342,4,3.0
8.868318,-32.6511,1,3.0
7.8244333,-84.45685,4,3.0
21.515045,-34.409615,3,6.0
-40.181538,52.176704,1,5.0
19.166868,-23.882494,3,9.0
14.543126,-19.50748,3,10.0
17.963394,-27.283186,3,6.0
-1.9569362,-28.58384,1,1.0
33.85992,-26.374947,3,8.0
22.193287,-26.206938,3,10.0
11.691346,-23.344177,3,7.0
0.11457015,-24.953503,1,7.0
-31.998547,-14.909748,3,7.0
-13.467949,-34.500504,1,1.0
-5.6832,-33.925014,1,2.0
-30.084229,-51.263515,4,2.0
27.444096,-32.51188,3,9.0
-5.5626445,-38.980194,1,6.0
-4.16883,-39.968334,1,8.0
-11.52939,-34.50647,1,4.0
-10.539727,-53.28038,1,5.0
-13.485551,-32.817745,1,5.0
-4.80927,-50.91733,1,4.0
-13.225872,-33.002327,1,2.0
-10.437737,-52.358555,1,2.0
-7.200604,-42.39999,1,3.0
-10.784818,-53.52097,1,4.0
-5.104608,-51.41325,1,6.0
8.862955,-41.01417,1,1.0
-10.922273,-31.196432,1,3.0
-33.230553,-17.09238,1,6.0
-1.6359826,-35.104103,1,5.0
12.332221,-41.170853,3,4.0
-35.471737,-14.482095,1,6.0
12.764596,-41.240284,3,6.0
2.769977,-75.51467,1,2.0
12.74683,-41.288483,3,6.0
-23.237875,-51.167164,4,7.0
-41.823845,-1.6735764,1,3.0
25.036058,17.306715,3,10.0
49.924603,14.156335,3,9.0
-25.853622,53.120506,1,7.0
62.87996,40.272293,0,4.0
-47.506588,48.953423,1,2.0
49.66432,14.431288,3,9.0
-33.808132,-0.079978004,1,8.0
-40.571827,48.465763,1,7.0
17.475462,32.47701,3,8.0
-23.311626,33.692978,1,3.0
-36.069946,33.967434,1,2.0
-7.472194,8.40368,1,6.0
63.356655,39.015884,0,1.0
-5.6378684,35.849663,1,9.0
14.432663,27.805618,3,6.0
-5.4315,20.727036,3,8.0
-23.160057,55.972687,1,7.0
13.061038,1.6020832,1,7.0
36.240845,-6.766348,3,6.0
10.842193,-82.032326,4,4.0
1.4817111,64.02377,0,2.0
-40.641136,45.98074,1,5.0
22.19804,43.595943,1,2.0
-21.280329,24.538908,1,5.0
-8.297812,7.3075314,1,4.0
63.765854,34.371334,0,10.0
-7.6957917,-0.8987354,1,4.0
-6.140826,-27.32342,1,5.0
-43.1857,2.699123,1,2.0
53.085133,-23.301083,3,2.0
10.561017,-4.9637327,2,6.0
-2.915115,-31.470667,3,8.0
16.945961,-40.68528,3,7.0
-49.805805,-45.488075,4,2.0
10.2655735,-11.728543,3,7.0
37.25766,22.21134,3,4.0
49.27248,8.926313,3,9.0
10.319687,16.586859,3,7.0
-0.7353965,19.699106,3,10.0
-26.212284,23.15534,3,7.0
39.071,-7.559415,3,7.0
-36.186882,46.39978,1,5.0
-31.387712,-6.586864,1,4.0
46.43266,5.1140857,3,9.0
30.541908,7.5003896,3,9.0
19.768288,-23.7104,3,9.0
-19.291252,52.900433,1,6.0
47.23252,7.047724,3,5.0
-35.721516,45.45038,1,8.0
-36.60996,44.213043,1,7.0
7.0282593,-78.16515,1,2.0
29.123297,18.023155,3,7.0
6.0019536,-79.58823,1,2.0
11.290807,25.609814,1,3.0
11.857602,-75.48732,4,10.0
-28.38116,-5.1725297,1,8.0
-5.159239,8.554524,3,7.0
6.6803694,-77.08842,1,4.0
-55.852604,-34.07174,1,1.0
-37.00394,45.09301,1,5.0
-38.44331,3.105941,1,5.0
-5.4389143,36.196953,1,7.0
-61.850933,10.373407,1,2.0
1.5763772,22.663803,3,7.0
24.010677,-2.5650578,3,10.0
-0.0032362305,46.671097,1,6.0
36.264194,19.058874,3,8.0
-52.516556,31.352009,1,2.0
12.374292,45.090206,3,9.0
-25.522465,-12.706797,3,10.0
-52.986713,32.840565,1,2.0
38.245445,-5.9002786,3,6.0
37.22637,-29.059912,3,9.0
61.562035,37.425537,0,10.0
30.317656,4.74172,3,10.0
24.464352,-4.116247,3,3.0
21.741507,-57.522892,3,7.0
46.030453,-3.9428172,3,10.0
18.249966,-22.79714,3,9.0
2.1499808,19.59896,3,7.0
22.248896,43.661293,1,4.0
15.884076,33.991886,3,7.0
33.566345,30.971294,3,7.0
-26.136837,48.172054,1,3.0
-37.358246,-0.9276299,1,5.0
27.642086,19.690872,1,6.0
9.931903,22.001808,3,7.0
-41.491146,-9.218639,1,2.0
-2.0272336,-23.690865,1,5.0
-32.578346,-7.956346,1,1.0
-50.802567,-42.831493,4,2.0
-64.22908,9.275621,1,1.0
-54.706833,26.105112,1,1.0
-1.751906,-26.742655,1,7.0
-49.441196,31.558344,1,4.0
37.197575,11.31532,3,6.0
16.672564,-31.526445,2,10.0
-54.18547,32.604324,1,2.0
15.582529,52.77898,1,4.0
16.224222,49.49291,1,7.0
35.19149,19.117018,3,9.0
13.338147,49.145027,1,6.0
4.3124547,-9.366008,2,10.0
-3.7894237,54.014286,1,3.0
-54.67861,10.431025,1,6.0
15.260898,52.726566,1,3.0
-25.227604,6.0109763,1,7.0
-50.567642,30.281662,1,2.0
-64.11536,12.369398,1,3.0
-41.168056,1.5087328,1,9.0
37.99768,11.857,3,8.0
15.710803,37.677032,1,4.0
-1.163343,31.29778,1,10.0
47.378788,15.261069,3,1.0
36.252556,-2.3365448,3,8.0
-25.90316,-4.5764484,1,10.0
5.2370186,-77.043434,1,2.0
4.9333677,-75.48056,4,7.0
53.539413,-41.996414,5,5.0
55.642982,-40.23613,5,4.0
52.126637,-40.56936,5,10.0
-26.45263,-40.088814,4,10.0
19.227852,0.92753017,3,10.0
-29.040724,-33.955044,4,10.0
13.028459,-16.516508,3,10.0
41.31174,-12.197432,3,8.0
27.483416,-5.410422,3,3.0
-55.27079,-41.62653,4,3.0
-5.863574,9.688522,3,9.0
41.048443,-12.54915,3,9.0
40.109493,-14.225985,3,9.0
41.58753,-12.570565,3,8.0
6.235683,-7.0574684,2,7.0
2.243433,-33.50998,3,3.0
-40.11399,42.810593,1,1.0
-34.85136,30.626171,1,1.0
34.331303,-14.784153,3,5.0
27.858381,-15.549166,1,6.0
-23.63586,31.609673,1,3.0
-52.178856,-48.54986,4,3.0
28.422226,-18.076696,1,6.0
34.358837,-14.618689,3,6.0
29.595352,-19.764986,1,5.0
24.71162,-1.9091923,3,10.0
48.389565,9.650258,3,6.0
54.28461,-37.912632,5,10.0
-39.41021,23.292038,1,2.0
31.88747,-54.24571,3,6.0
33.729916,8.724329,3,6.0
61.589638,41.99255,0,1.0
25.091179,10.399111,3,7.0
50.35686,4.836448,3,10.0
24.97539,36.389416,3,7.0
-60.422615,31.742945,1,1.0
-24.40281,17.767237,1,9.0
23.195667,8.193228,3,6.0
-31.837772,26.368633,3,5.0
-60.774685,5.047652,1,2.0
14.99851,-17.4536,3,10.0
40.605343,-1.3697206,3,10.0
-46.643925,-38.745758,4,5.0
-36.35568,32.52831,1,3.0
-23.300137,52.32452,1,4.0
-41.691147,51.769604,1,2.0
-32.989193,-33.134594,4,7.0
-9.792734,8.582218,1,1.0
9.42137,22.280243,3,7.0
0.20361789,-2.8316624,2,7.0
18.28664,8.04057,3,9.0
10.374937,-39.280415,1,5.0
-40.822968,46.94014,1,4.0
-3.0326772,38.40059,3,6.0
-39.847343,-27.625502,4,3.0
-23.021948,-9.555446,3,8.0
43.74435,16.137243,3,9.0
-61.410465,6.494631,1,6.0
-7.8086143,37.409763,1,1.0
-4.9790115,37.32914,1,7.0
23.616055,9.74533,3,4.0
58.22795,40.189198,0,5.0
-2.3173091,55.053757,1,7.0
21.071953,13.768858,1,5.0
-5.7185826,-61.48211,0,5.0
61.804375,38.829163,0,8.0
7.438253,-3.4174054,3,8.0
49.402943,13.058205,3,8.0
36.815224,19.631763,3,7.0
37.50619,19.338415,3,9.0
-49.42891,24.992628,1,2.0
58.84824,-8.919488,2,5.0
-13.290259,-0.6011929,2,1.0
-24.001642,14.580267,1,3.0
60.28233,-9.11464,2,6.0
64.46898,-9.176509,2,9.0
64.906494,-6.664918,2,9.0
59.044792,39.302727,0,5.0
63.026367,-9.555193,2,5.0
43.281273,11.605244,3,8.0
28.18334,20.883621,1,3.0
-18.970913,52.091515,1,7.0
32.893154,-34.83424,3,2.0
-38.12331,-28.482353,4,5.0
-21.580727,4.877316,1,3.0
33.999554,21.081112,1,3.0
43.512566,6.929449,3,10.0
27.96903,21.020922,1,5.0
23.390017,6.556824,3,3.0
30.106348,-17.310143,3,5.0
46.1617,-9.758438,3,9.0
-26.863686,15.096419,1,2.0
-4.120036,41.624832,3,2.0
-27.076319,16.353437,1,4.0
9.480294,21.50503,3,5.0
-30.234606,15.733759,1,1.0
-26.893444,15.105242,1,2.0
-24.27136,47.130093,1,3.0
-30.538078,-29.605497,4,4.0
-62.981956,13.346176,1,4.0
56.407368,-38.845722,5,7.0
-61.97347,11.713129,1,2.0
0.6927134,31.739527,1,4.0
-47.94295,-20.404282,4,4.0
-61.75736,12.371201,1,2.0
0.60824007,31.761639,1,7.0
1.6356646,-0.980515,2,9.0
-54.7217,-47.96119,4,4.0
55.037457,-39.564262,5,5.0
56.56089,-37.14593,5,6.0
56.48751,-37.512413,5,1.0
2.7052526,0.17151283,2,4.0
2.9417334,0.3014152,2,1.0
-7.628627,-3.048826,1,4.0
2.5471735,-0.8495202,2,4.0
-3.1885812,52.60185,1,3.0
-7.9300313,-36.299854,1,5.0
-2.9405837,53.192932,1,3.0
-3.4024932,25.622478,1,3.0
-3.830833,51.40995,1,6.0
7.442346,-18.159939,3,9.0
-2.4932933,52.29673,1,4.0
-60.528408,29.617346,1,1.0
-3.324429,51.389324,1,1.0
-45.181107,-34.689095,4,6.0
1.8181729,-33.785786,3,4.0
-27.737343,-43.105446,4,7.0
-6.194474,-22.053837,1,6.0
26.968805,-6.1277895,3,5.0
-0.80545866,-36.401276,1,2.0
-41.242577,-9.626982,1,1.0
-36.208958,-32.591747,4,3.0
26.830624,-6.1909776,3,8.0
-3.9594147,-32.335438,1,6.0
49.701626,-43.721115,5,8.0
27.45823,-50.6084,3,8.0
27.565409,-50.75891,3,8.0
-27.245459,-44.06243,4,4.0
55.201965,-42.236496,5,6.0
49.718533,-43.25403,5,10.0
-27.512632,-41.61244,4,6.0
-46.01739,-14.544013,4,1.0
-32.172764,-38.10603,4,5.0
-32.98039,-50.947563,4,3.0
-22.009052,-45.15583,4,4.0
-34.89307,-36.192673,4,8.0
-54.9587,28.342371,1,2.0
-35.523083,-36.471405,4,5.0
9.107714,-41.316135,1,1.0
-64.227646,10.437214,1,4.0
-26.091764,-45.227016,4,4.0
5.871851,41.331722,3,6.0
24.402191,45.060158,1,2.0
27.49323,-59.62229,1,2.0
-41.797173,-34.65922,4,2.0
-9.729756,14.875966,1,4.0
25.398397,29.648846,3,9.0
-54.003815,11.695794,1,3.0
2.1393723,33.150505,3,8.0
-38.77807,-38.288113,4,5.0
30.906008,-54.8192,3,8.0
-28.634235,16.14762,1,4.0
50.27115,14.026394,3,7.0
-29.469637,27.568682,1,6.0
30.380024,41.707733,3,10.0
-7.43578,39.42254,1,1.0
-28.65308,23.910023,1,6.0
-37.731644,20.438282,1,2.0
-28.15347,-8.909134,1,4.0
-52.051888,33.523335,1,4.0
29.750618,-53.58769,3,7.0
29.413654,14.178822,3,8.0
-42.795403,-29.437456,4,7.0
31.44873,-27.269588,3,10.0
31.801723,-27.509144,3,10.0
29.882963,-53.672764,3,6.0
21.766705,35.776115,3,9.0
-32.745422,-34.815598,4,10.0
39.69724,-4.975586,3,9.0
5.1652484,-80.41843,1,6.0
-38.764137,3.0539505,1,3.0
-66.879944,9.725809,1,2.0
32.16934,-10.094619,3,6.0
-31.742455,-6.519326,1,1.0
29.703392,-54.094204,3,5.0
-44.66043,24.004065,1,1.0
-55.741077,38.63453,1,5.0
-4.8465433,17.538347,3,7.0
30.15594,3.8490527,3,9.0
33.212425,-5.530819,3,7.0
40.787704,-1.6942939,3,10.0
-24.333553,7.889852,1,1.0
44.491665,2.7311852,3,4.0
33.53529,30.98268,3,9.0
34.351994,-23.082853,3,10.0
29.50807,-29.310411,3,6.0
-46.71828,-43.176163,4,4.0
-36.61695,-28.68266,4,5.0
64.13354,43.876846,0,5.0
28.84909,35.418324,3,8.0
-41.13093,-33.039936,4,4.0
-54.479595,40.871857,1,6.0
-41.702183,-30.507664,4,6.0
28.184395,47.15547,1,1.0
-42.064045,51.931084,1,3.0
17.916142,53.105995,1,4.0
28.04027,-59.053688,1,2.0
-44.33151,-32.110554,4,5.0
13.239795,24.826021,3,6.0
3.7872765,6.862495,1,1.0
15.902271,53.864307,1,4.0
22.117567,39.888977,3,8.0
-21.190022,48.756237,1,4.0
3.8469186,7.105711,3,2.0
33.16908,-53.12208,3,9.0
42.187004,7.520853,3,10.0
20.286154,4.102285,3,8.0
35.78608,6.6000724,3,10.0
9.981781,8.870497,3,8.0
33.824512,12.077189,3,8.0
45.52278,10.731919,3,8.0
55.931396,-38.80608,5,9.0
36.25583,6.8391194,3,10.0
23.451248,-8.294971,3,3.0
-39.150208,25.981348,1,5.0
-38.59141,25.08522,1,2.0
-38.3989,25.313936,1,1.0
-38.248,25.405466,1,2.0
-38.368107,25.525057,1,2.0
10.523922,-24.388302,3,4.0
-8.31733,48.70584,1,4.0
29.303085,-14.463046,3,5.0
-62.35215,12.34081,1,2.0
31.564768,40.99089,3,10.0
14.643307,55.27212,1,4.0
-52.998653,9.594869,1,10.0
-53.9616,10.184541,1,7.0
15.024908,50.40549,1,8.0
-21.87409,54.232906,1,4.0
14.526406,50.87821,1,8.0
-54.344875,6.8862433,1,3.0
-6.7872534,23.82889,1,6.0
-19.266024,28.024725,1,7.0
-52.925465,39.377407,1,5.0
-51.931816,30.541224,1,1.0
9.956812,53.49237,1,8.0
21.112873,44.227104,1,5.0
19.527004,34.23231,3,8.0
-47.207333,-47.879925,4,5.0
-55.840992,7.097289,1,2.0
44.38506,-3.0931492,3,10.0
-54.353794,7.8326535,1,4.0
50.98479,14.4162,3,9.0
-45.736256,-45.526318,4,3.0
-34.043877,-1.7521566,1,5.0
-36.031094,21.431,1,2.0
-39.270073,-7.2015915,1,4.0
31.881807,-51.56206,3,10.0
-3.546805,55.37023,1,8.0
-15.469683,-25.501738,1,6.0
-51.986664,-45.291973,4,3.0
29.307224,-57.669,1,1.0
28.945738,17.59963,1,6.0
-39.340385,-37.49256,4,7.0
3.8231375,6.608945,3,8.0
-2.0749912,-22.831623,4,7.0
-53.65516,-46.85355,4,2.0
4.881677,42.921314,3,7.0
14.534623,-28.168423,3,7.0
8.347814,-32.74829,1,2.0
-21.977018,-42.207882,4,6.0
7.465658,-34.040646,1,3.0
-0.018491115,-29.006622,1,5.0
53.210564,-41.682266,5,7.0
15.522197,-27.894447,3,9.0
29.291555,-32.66129,3,4.0
-14.750644,15.391027,1,4.0
-10.186112,-35.064373,1,8.0
15.078603,-33.623398,3,6.0
-7.8595433,-28.541853,1,3.0
-3.8612757,-31.95009,1,7.0
9.394677,-28.738209,1,5.0
-8.751408,-30.545137,1,5.0
22.033745,-25.081356,3,7.0
-13.334906,-34.609222,1,2.0
16.584923,-29.531574,3,7.0
7.2646046,-36.694942,1,1.0
26.087845,-33.81859,3,10.0
54.219585,-42.05346,5,7.0
10.714562,-37.29825,3,7.0
23.210241,-34.805996,2,10.0
9.683928,-34.531265,3,6.0
-11.489557,-36.548138,1,4.0
-8.283165,-37.02965,1,3.0
-22.947535,-44.289524,4,6.0
-10.1225195,-31.890862,1,1.0
-3.444116,-38.551556,1,2.0
-10.164494,-29.112616,1,3.0
8.100991,-80.69011,4,2.0
7.51334,-41.204525,1,1.0
28.791471,-60.490967,1,5.0
-23.202414,-46.89714,4,1.0
0.31811643,-33.502678,3,8.0
-9.297822,-28.980652,1,3.0
-10.843367,-51.48601,1,2.0
15.208589,-14.553045,3,10.0
-10.705029,-51.74381,1,1.0
-10.930749,-50.819557,1,5.0
-18.451084,-56.120575,4,3.0
-22.84322,-51.41856,4,2.0
26.373774,-32.169266,3,10.0
-3.8402746,-53.44699,3,7.0
-7.015465,-53.47321,1,2.0
-8.995199,-2.345435,2,8.0
-32.28681,-0.44752476,1,8.0
29.520128,-57.602783,3,2.0
60.107857,42.908897,0,9.0
50.59824,17.040823,3,9.0
6.1627707,-78.862335,1,2.0
50.39612,14.418448,3,9.0
26.492455,21.644333,3,8.0
-58.424717,36.152367,1,6.0
30.129856,5.4492626,3,10.0
-39.683094,19.298424,1,3.0
49.412457,-21.503273,3,9.0
29.587025,34.212177,3,9.0
29.750671,-12.899317,3,4.0
49.178074,-43.795074,5,9.0
-23.26201,52.3999,1,3.0
-24.160439,-3.4989846,1,8.0
-29.400126,-11.02063,1,6.0
-45.98278,-17.743399,4,5.0
-8.321721,36.720406,1,1.0
45.0134,13.394433,3,7.0
-55.71443,9.683426,1,1.0
-6.8433633,7.2228594,1,9.0
-3.1110969,5.853024,3,9.0
-2.5655696,53.83705,1,1.0
5.1653366,15.960869,1,3.0
-18.157694,33.673088,1,3.0
10.106086,-74.08533,3,8.0
12.478857,-9.396197,2,8.0
4.2259827,-12.750932,2,1.0
-9.789239,-10.027943,4,4.0
3.4965086,-79.20883,4,7.0
15.8013525,34.962597,3,7.0
10.428112,-10.9065,2,7.0
-5.268565,74.92906,7,7.0
-37.434933,29.199266,1,1.0
7.6294036,24.474276,1,2.0
45.552696,21.253511,3,10.0
-29.268963,27.238531,1,8.0
50.188046,9.151499,3,6.0
26.200113,44.28291,1,10.0
22.36832,-55.535595,3,10.0
-53.77446,-46.413227,4,3.0
13.888285,12.7326355,3,4.0
-43.66937,47.594078,1,4.0
46.575115,-0.81969196,3,10.0
9.894069,-74.42587,3,7.0
65.04204,44.57756,0,9.0
5.6414356,-77.70772,1,4.0
43.029495,15.685145,3,10.0
-29.79013,-29.3766,4,3.0
51.67429,-19.891537,3,10.0
-14.628377,25.411533,1,5.0
25.426168,45.246384,1,3.0
0.23187742,46.04376,3,4.0
28.631056,-58.03603,1,4.0
9.2841425,-79.47902,4,5.0
12.201483,25.829647,3,6.0
51.7965,-22.512812,3,4.0
45.939617,-3.1992283,3,10.0
27.194057,6.8692126,3,9.0
12.570841,23.820465,3,6.0
7.2014313,-73.560616,1,5.0
-41.24413,-1.8653463,1,1.0
-30.273973,-11.09667,1,8.0
-30.873074,-5.6098967,1,4.0
-2.2038925,48.380257,1,3.0
8.882905,-76.497246,3,10.0
-50.895866,9.700238,1,5.0
-23.148176,-12.646848,3,10.0
16.39861,56.0339,1,8.0
-5.201701,53.796448,1,1.0
-31.08749,-6.158481,1,6.0
4.052399,47.30659,3,7.0
-9.384009,7.154769,1,5.0
-45.580307,-28.3237,4,3.0
26.986538,37.629025,3,
52.311413,-21.099977,3,10.0
64.86901,34.65664,0,8.0
-4.809367,32.692722,1,1.0
1.0476758,-21.114458,3,8.0
-0.8643398,32.44479,3,6.0
-9.177823,8.911901,1,3.0
8.400573,25.954914,1,3.0
-61.344074,29.390661,1,2.0
5.2145624,36.344017,3,7.0
-39.16896,47.150036,1,6.0
-39.597862,-8.714548,3,8.0
18.314857,21.592333,3,10.0
65.88135,33.04665,0,10.0
-51.375137,33.01768,1,3.0
-53.913177,32.07101,1,4.0
-40.064953,-12.2931,1,10.0
30.34541,-60.507996,1,4.0
1.3552233,33.480408,3,9.0
-0.66015357,-9.68871,2,7.0
-67.532036,8.334887,1,1.0
3.3470058,-27.795738,3,9.0
62.72865,34.86134,0,1.0
-42.733307,-6.0420713,1,7.0
-47.86186,-16.51676,4,2.0
-41.8242,-5.8434114,1,2.0
-42.47066,-5.1378083,1,5.0
-41.85542,-5.5867457,1,2.0
-42.201893,-5.9594855,1,3.0
-45.279316,-16.958979,4,4.0
0.87920797,20.819088,3,7.0
54.06343,-20.55902,2,8.0
9.098295,-81.23671,4,2.0
51.70501,-17.00465,3,10.0
15.747619,37.809067,1,9.0
15.60423,36.899788,1,5.0
14.108889,37.414036,3,10.0
-51.833885,29.27383,1,1.0
16.261574,37.520966,1,10.0
-46.83548,30.628752,1,6.0
-25.805634,47.72826,1,2.0
16.236727,-9.903237,4,10.0
-27.53209,-35.78948,4,10.0
20.23064,-3.2710204,3,10.0
55.917717,-50.22442,5,2.0
16.247854,-9.835579,4,10.0
4.6004267,-77.93873,4,6.0
16.355425,-7.095621,3,10.0
-24.000437,-41.858162,4,9.0
13.089806,-16.41095,3,10.0
27.975222,-15.63023,1,4.0
-52.33498,-48.250065,4,5.0
54.70389,7.794089,3,7.0
9.830168,-28.897318,1,6.0
-23.688345,29.440672,1,5.0
39.60226,-17.61491,3,5.0
-52.743607,-47.456768,4,2.0
38.73826,-15.039627,3,7.0
-38.492756,42.870003,1,2.0
-24.203577,55.489708,1,5.0
38.761112,-14.344876,3,7.0
46.583538,13.894064,3,8.0
-37.38309,41.91041,1,4.0
45.584045,13.933214,3,8.0
36.855827,-15.293346,3,5.0
-35.185234,30.544931,1,2.0
39.009285,-13.4816,3,9.0
-7.4682846,10.872828,3,5.0
44.1389,-10.413907,3,5.0
14.831261,25.951103,3,7.0
41.368362,-8.929098,3,10.0
50.147205,-22.46897,3,10.0
48.677135,8.46508,3,3.0
-20.978474,18.595406,1,8.0
-53.96244,-36.77497,4,4.0
-50.472088,12.557252,1,5.0
-41.660877,-32.31777,4,6.0
-5.2416506,74.85823,7,7.0
40.827335,-3.072926,3,9.0
-5.292309,24.125107,1,6.0
-33.139595,-39.58542,4,5.0
41.534798,-3.5202382,3,9.0
37.213543,-6.716844,3,5.0
42.79769,7.314456,3,10.0
48.134556,-23.454378,3,10.0
-12.365098,37.19922,3,9.0
48.595142,13.386312,3,8.0
-8.741125,-59.14458,3,5.0
-9.407867,7.4770174,1,2.0
0.49794534,-27.315557,3,8.0
39.14928,-11.142924,3,10.0
65.65528,39.394302,0,1.0
41.25013,5.5857325,3,10.0
11.472201,-5.961263,2,9.0
0.043853376,-1.8363788,2,10.0
-23.01342,53.18458,1,9.0
13.298442,-39.02528,3,7.0
41.29054,-7.2814455,3,9.0
51.111973,18.14423,3,7.0
44.851006,15.8885145,3,8.0
-2.7464263,38.761497,3,6.0
45.483475,14.733511,3,8.0
41.313198,-7.634784,3,9.0
-10.719706,-24.71491,1,3.0
34.225807,22.44418,3,4.0
-8.801748,41.75749,1,7.0
40.465214,5.7328877,3,10.0
65.43392,33.977795,0,10.0
60.46121,41.46486,0,7.0
34.9378,21.066872,3,7.0
-53.62091,35.869976,1,1.0
-38.95594,-5.892568,1,9.0
-3.2695954,26.113739,1,6.0
64.26728,35.291832,0,6.0
-46.137115,-38.03793,4,6.0
63.10773,35.344585,0,4.0
64.7916,-10.027758,2,7.0
60.646935,-8.824289,2,7.0
60.775425,-12.259382,2,9.0
65.97334,-9.773547,2,8.0
62.38158,-5.238049,2,7.0
64.84395,-8.71342,2,7.0
-26.935923,16.773518,1,3.0
-31.406658,-12.842354,3,10.0
-1.9934744,49.48799,3,8.0
-32.36404,13.673489,1,4.0
-54.378532,-31.738792,4,2.0
46.17613,9.61035,3,7.0
-20.202494,10.510577,3,8.0
43.463882,-11.856405,3,7.0
-33.512085,44.707474,3,6.0
-17.728014,55.577114,3,3.0
42.0286,-6.8308306,3,7.0
41.68185,12.5846815,3,9.0
-3.075158,25.012545,1,4.0
27.826517,44.62063,1,5.0
4.708964,26.892473,3,6.0
46.231033,-8.6295185,3,9.0
45.0711,-9.86721,3,7.0
28.603567,39.06753,3,10.0
19.39038,56.317158,1,5.0
18.766142,5.1623945,3,6.0
-61.579617,16.359537,1,6.0
-6.7088065,-10.549671,2,8.0
-63.258026,13.878742,1,2.0
-63.27701,14.433598,1,4.0
16.923765,31.469065,3,8.0
18.514627,5.3384886,3,4.0
-30.970573,-30.47035,4,6.0
2.3762524,-2.9946687,2,1.0
1.1761067,-4.264212,2,1.0
-42.2281,-44.739216,4,9.0
3.8675652,2.0378187,3,8.0
-3.5784938,-4.5079775,2,8.0
-9.300774,-2.9615989,1,8.0
2.7240841,0.7739383,3,4.0
3.5722132,1.2727066,2,6.0
-2.7961335,-5.136166,2,6.0
19.658707,9.968172,3,3.0
28.16081,10.587552,3,4.0
15.625874,-22.459444,3,5.0
1.6632198,-28.096117,3,9.0
47.019283,7.673309,3,6.0
0.4057223,50.800438,1,4.0
12.506656,6.9760995,3,6.0
24.297836,36.064926,3,6.0
4.5082917,3.7038195,3,6.0
-19.982254,30.80038,1,8.0
26.55677,-59.068996,1,4.0
29.174402,-3.122189,3,8.0
-34.398773,31.128998,1,1.0
11.301538,-77.98848,4,5.0
-5.264148,11.3559675,3,8.0
-37.32882,31.686436,1,2.0
-23.982958,29.833988,1,5.0
21.95037,9.017793,1,5.0
2.1564705,-33.49385,3,4.0
54.48507,-43.375362,5,4.0
55.601368,-41.867508,5,1.0
-25.879076,-45.48384,4,4.0
15.752712,-36.545834,3,7.0
-35.41747,-16.723564,1,1.0
-35.5848,-16.826225,1,2.0
-36.089405,-16.655796,1,7.0
-47.40984,-13.74815,4,5.0
-58.28836,38.477783,1,3.0
27.998766,4.239731,3,8.0
-0.5022843,21.38528,3,7.0
-44.942463,-22.203375,4,5.0
30.991096,-53.696716,3,5.0
35.91527,14.050518,3,9.0
-42.04544,-28.469587,4,4.0
-32.74079,-50.75036,4,4.0
-67.62163,7.116211,1,2.0
-32.372185,-50.586708,4,2.0
-45.039314,-15.806476,4,3.0
-54.427032,-31.94372,4,2.0
-53.965263,-33.91477,4,2.0
-53.830524,-35.467518,4,3.0
-55.87206,-34.98825,4,2.0
-53.605778,35.927094,1,2.0
-42.730667,-34.295834,4,1.0
-43.005127,-39.46221,4,3.0
-45.20593,-36.40014,4,6.0
-51.28525,-34.68605,4,1.0
-13.927716,16.617586,1,1.0
7.951194,26.008127,3,4.0
-37.905964,-33.51984,4,3.0
-35.830444,-41.382915,4,9.0
-51.33819,-34.662273,4,1.0
-29.616741,14.62243,1,4.0
-10.424709,6.960309,1,6.0
5.2485,42.255875,3,7.0
41.134487,10.206318,3,10.0
-52.570084,-31.478458,4,3.0
4.5592103,41.10096,3,8.0
22.811716,-56.240013,1,10.0
9.007649,17.481373,3,10.0
-33.142082,-35.980404,3,8.0
-35.530666,-36.092052,4,3.0
-43.450165,-28.772532,4,7.0
9.476275,-76.256424,3,10.0
36.54382,18.978697,3,8.0
40.260868,3.2021232,3,10.0
50.233746,2.5694573,3,10.0
13.100169,-23.927345,3,10.0
50.36321,2.5141788,3,10.0
37.910713,1.932165,3,10.0
50.078735,1.9523066,3,9.0
30.125244,11.163117,3,5.0
27.957823,6.127002,3,9.0
-26.522738,-1.1033379,3,10.0
-24.64317,7.3068223,1,5.0
-41.93738,-11.086818,1,4.0
-32.746727,-6.5093913,1,1.0
-24.633944,-6.3692355,3,5.0
-27.206512,14.959945,1,2.0
27.220037,37.301598,3,8.0
-3.362914,18.518484,3,7.0
-52.899574,7.155748,1,3.0
-55.14465,39.42082,1,7.0
12.770237,46.093407,3,8.0
28.365631,42.55061,3,5.0
49.52722,13.550152,3,9.0
-2.5005457,41.422867,3,8.0
-44.176613,-27.857916,4,5.0
14.058108,46.73264,3,7.0
-50.956314,-42.572845,4,2.0
-44.523052,-31.993706,4,5.0
26.281416,8.990872,3,6.0
22.175499,35.440872,3,6.0
-54.9737,-29.9035,4,2.0
-48.563503,-29.675978,4,5.0
-39.48205,-27.82337,4,2.0
-39.524315,-28.963957,4,3.0
23.599825,8.437655,3,1.0
25.72808,8.132716,3,4.0
42.702305,8.133132,3,10.0
55.76747,-39.029736,5,6.0
8.483998,7.6732273,3,2.0
24.995066,4.7285657,3,7.0
28.213655,-51.405426,3,7.0
8.315181,7.610369,3,6.0
21.395088,4.3714476,3,5.0
26.414717,-4.171242,3,6.0
1.900064,9.410499,3,6.0
-11.721711,-57.890232,1,1.0
-9.375013,-58.5575,1,3.0
-11.692143,-59.45686,1,1.0
-11.559289,-59.450336,1,3.0
-11.173891,-58.649723,1,2.0
-11.290518,-58.660294,1,1.0
-17.426065,-57.25122,4,1.0
-9.008023,-58.59131,1,7.0
-11.285507,-58.618584,1,2.0
-20.296768,55.55139,1,9.0
-47.27095,9.562492,1,7.0
9.682423,-16.355108,3,10.0
40.92386,4.024898,3,10.0
13.323549,50.678333,1,6.0
-50.374195,10.798746,1,7.0
11.986705,49.83976,3,9.0
8.262469,48.340874,3,10.0
10.365789,48.860794,3,9.0
0.18263938,-10.287532,2,10.0
-6.4100146,-10.128962,2,9.0
-36.324635,30.378967,1,1.0
-30.837309,19.113024,1,10.0
-29.989285,-29.382612,4,3.0
1.3958757,-11.271313,2,10.0
-29.08641,-28.97908,4,3.0
11.1898775,-15.677544,2,10.0
-30.189491,-29.341776,4,7.0
-51.954903,-44.67605,4,2.0
-49.372967,-39.85202,4,5.0
-51.59056,-42.525906,4,2.0
-56.441513,33.37182,1,1.0
35.746517,-7.0925727,3,9.0
35.54639,13.473097,3,10.0
-58.436886,38.562183,1,1.0
-31.393589,-12.752588,1,9.0
-0.8719541,22.14823,3,9.0
22.98579,-58.685074,1,4.0
28.778204,34.545006,3,7.0
-2.022091,55.164482,1,5.0
35.947857,-2.968851,3,9.0
3.0253496,6.1808457,3,1.0
-4.6756735,10.710667,3,6.0
-18.926231,48.60852,3,8.0
-45.62519,-18.788042,4,2.0
27.584682,33.403885,3,8.0
-4.4183626,-21.013914,1,8.0
4.86025,-74.39594,4,4.0
9.1388235,-28.249695,1,7.0
13.189976,-77.41297,4,7.0
11.973501,-78.349495,4,3.0
16.16155,-27.156178,3,4.0
-23.744886,-43.404537,4,5.0
-1.4966362,-38.47855,1,2.0
12.409511,-20.93013,3,7.0
-5.7988496,-29.540918,1,6.0
-27.090994,-45.351192,4,2.0
8.210233,-36.54819,1,2.0
16.90124,-20.118626,3,9.0
14.924634,-27.815365,3,6.0
-9.3781395,-28.573862,1,1.0
9.656586,-40.719257,3,1.0
16.470394,-38.256275,3,1.0
10.271082,-29.870024,3,7.0
-4.1392756,-44.79023,1,5.0
-19.326496,-52.218315,4,7.0
-10.730972,-51.646263,1,4.0
15.85299,-15.92892,3,10.0
-4.863432,-43.73501,1,2.0
-14.264384,-33.093143,1,1.0
-20.79543,-51.92952,4,1.0
-18.735039,-52.237865,4,3.0
-4.835459,-43.89818,1,7.0
-12.43369,-34.41893,1,1.0
0.09530299,-34.05932,3,4.0
-5.6875634,-32.34981,1,3.0
-25.373466,-49.37075,4,3.0
-11.709544,-35.18547,1,4.0
-11.256759,-35.31682,1,2.0
-27.053278,-44.599976,4,2.0
-0.42765665,-30.28081,1,6.0
29.050716,-60.083736,1,1.0
-11.978642,-36.824986,1,2.0
-24.496271,-45.71194,4,8.0
-33.549442,-15.354975,1,7.0
-4.8103776,-34.82421,1,9.0
-22.689865,-46.80834,4,1.0
-33.794292,-16.36459,1,7.0
0.6189819,-34.733025,3,9.0
-9.343779,-31.09392,1,2.0
2.6965344,-37.750774,3,10.0
-40.53244,-0.54784733,1,10.0
24.436357,15.625193,3,8.0
-22.204428,53.927296,1,9.0
4.960705,-8.778912,2,10.0
-37.353188,-6.0671577,1,8.0
-5.7930164,41.167492,3,6.0
26.13275,20.232088,3,9.0
6.1729503,-78.78447,1,2.0
-18.555899,57.04343,1,9.0
-29.674664,-2.5741148,3,8.0
41.86955,16.81372,3,10.0
43.365067,16.393545,3,10.0
12.217862,11.942851,3,1.0
-31.61628,32.218613,1,5.0
1.9024973,10.871858,3,9.0
27.123417,-2.5018754,3,9.0
52.45776,-21.881409,3,8.0
-37.62922,47.016106,1,4.0
-40.988644,46.445374,1,3.0
-54.857414,9.544569,1,4.0
13.320214,1.0591743,3,8.0
-41.03542,46.635654,1,4.0
-24.307428,51.54778,1,3.0
-44.63333,49.63207,1,2.0
-7.7449846,36.43213,1,3.0
20.609035,41.690304,3,8.0
-31.304428,-6.4467764,1,9.0
5.679519,-83.633675,1,1.0
5.762025,-83.64494,1,1.0
5.3127503,-83.32079,1,2.0
-7.0261145,20.557903,3,7.0
5.3266206,-83.34493,1,1.0
-54.110176,27.43454,1,1.0
5.573204,-83.54536,1,1.0
-9.044717,21.853596,3,8.0
64.66365,39.652267,0,1.0
1.0355846,18.18901,3,7.0
-34.295315,47.210564,1,6.0
11.428509,43.15682,3,9.0
-37.772568,21.280949,1,1.0
-31.089912,-2.2926006,3,8.0
-30.065693,-7.0665183,3,10.0
12.90434,20.97203,3,8.0
45.42345,21.03717,3,8.0
-0.01905426,17.81902,3,6.0
8.62084,-73.83282,3,9.0
24.477772,38.890827,3,8.0
64.227554,39.52711,0,1.0
46.99549,16.65628,3,6.0
60.903988,31.676872,0,10.0
9.33191,-75.19908,3,7.0
3.8993757,-22.151846,3,8.0
42.96531,21.713833,3,9.0
-5.5100436,35.042233,1,7.0
46.19439,23.335121,3,10.0
18.17696,35.40378,3,10.0
-19.138922,53.547215,3,6.0
14.216284,0.78663015,3,9.0
28.175776,-53.55616,3,10.0
-25.908737,1.5693086,3,10.0
-34.660732,-40.869038,4,5.0
-31.95211,34.62499,1,3.0
48.510757,-19.256662,3,10.0
8.405402,-76.274315,1,7.0
41.55497,19.795408,3,8.0
-5.7036543,-61.48062,0,9.0
10.281811,50.167885,1,6.0
20.44955,15.06406,1,9.0
-51.368416,31.846895,1,1.0
-61.628025,12.601651,1,4.0
66.05262,33.573013,0,10.0
-5.104634,75.13357,7,9.0
28.72038,-55.805786,3,7.0
46.010242,-2.9420857,3,10.0
-13.316088,13.571325,1,1.0
-40.545067,-8.287632,1,2.0
2.1981072,37.467762,3,8.0
48.346977,-42.643917,5,10.0
12.883578,21.175655,3,9.0
-9.739883,7.4762387,1,4.0
28.831331,-57.215885,1,2.0
2.1322021,-22.687635,3,9.0
-29.349436,34.835007,3,3.0
1.5433484,11.888569,3,10.0
-9.284113,11.761358,1,3.0
14.8462305,0.014545989,2,10.0
-39.18378,47.714676,1,5.0
-35.042255,47.217995,1,7.0
-3.5224075,12.052606,3,6.0
-4.350692,35.161804,3,8.0
-22.77449,47.591778,1,7.0
51.53756,-22.934547,3,10.0
-32.51061,-6.915315,1,4.0
55.82228,-35.941216,5,10.0
32.7852,-33.079002,0,7.0
-50.269875,31.257782,1,2.0
19.327095,36.62564,3,5.0
54.697342,-20.411335,2,7.0
5.816055,-20.693216,3,9.0
25.856096,12.918589,3,8.0
29.68854,-52.865383,3,10.0
11.702646,44.969517,3,8.0
-42.49413,-2.5899827,1,5.0
-36.83629,-13.5569725,2,9.0
-32.762802,11.632875,1,3.0
38.483734,7.361841,3,10.0
40.552578,22.850922,3,8.0
-56.413418,6.146088,1,3.0
-35.49226,47.113667,1,3.0
-44.28433,45.926224,1,3.0
-28.731426,-4.6204624,1,7.0
-67.04326,10.2483635,1,1.0
41.617237,17.2859,3,9.0
11.804789,38.971027,3,8.0
46.84317,23.58027,3,10.0
20.898867,34.523422,3,1.0
-35.999714,48.935757,1,1.0
-30.039854,-33.87227,4,10.0
5.744214,11.295286,3,10.0
51.70016,-39.09662,5,10.0
4.910517,-75.40844,4,6.0
56.146305,-49.956913,5,3.0
36.680286,9.610017,3,10.0
-29.878582,-33.690613,4,8.0
54.74386,-49.03021,5,10.0
53.067364,-40.033165,5,10.0
46.220226,-6.237418,3,7.0
40.37721,-12.60688,3,8.0
10.288081,-27.397768,3,6.0
-35.368687,42.53329,1,4.0
-52.862995,-47.32427,4,2.0
-32.41311,31.596087,1,3.0
14.580534,21.405724,3,10.0
-39.34481,44.876106,1,1.0
-32.870903,47.266438,1,6.0
-23.481106,45.712605,1,3.0
36.071762,-16.464542,3,4.0
36.339344,-16.346397,3,6.0
30.188585,-18.89726,1,5.0
-54.57178,-43.713634,4,3.0
30.964716,-18.392683,3,7.0
-21.728321,30.494644,1,3.0
-37.8594,40.31276,1,3.0
-21.96772,30.119139,1,4.0
3.254443,-26.948124,3,6.0
5.799192,-20.460096,3,9.0
24.356667,38.25033,3,9.0
-54.543884,37.685566,1,2.0
41.095547,19.049543,3,7.0
-55.48894,35.9963,1,2.0
15.517268,46.531765,3,8.0
-23.341633,53.445793,1,4.0
25.418718,33.32992,3,7.0
49.801018,8.338302,3,7.0
16.119139,-22.151258,3,7.0
36.798916,20.432283,3,9.0
50.804382,8.087444,3,4.0
-1.0213426,39.459904,3,9.0
-12.809659,-24.198673,1,4.0
-13.8479805,-37.077133,1,5.0
28.075459,-6.6227536,3,6.0
38.202267,-2.0763025,3,8.0
24.698063,41.994705,3,10.0
-6.597149,39.62339,1,3.0
-29.156206,34.793068,3,6.0
24.177525,38.810593,3,8.0
-55.5751,-36.75824,4,2.0
4.9479337,-2.6413195,2,9.0
19.18781,-10.890006,3,10.0
-61.495068,2.2954028,1,3.0
-31.732956,11.648378,1,6.0
25.109598,33.603813,3,9.0
-38.320095,-32.436268,4,3.0
-50.26879,5.8920646,1,6.0
-18.937216,29.911339,1,2.0
-28.400177,13.031772,1,5.0
-37.43665,-0.20834906,1,3.0
-22.803793,25.029543,1,7.0
18.108307,-22.28149,3,8.0
45.118958,20.008121,3,9.0
7.95285,14.556371,3,9.0
34.129444,22.44947,3,7.0
12.7028885,0.25981104,3,9.0
38.505768,-9.487296,3,7.0
46.28208,-12.10169,3,9.0
12.298622,48.162605,3,7.0
62.397873,35.487926,0,7.0
59.486755,39.842926,0,8.0
-60.560505,14.152532,1,5.0
60.05453,-7.0164804,2,7.0
61.41263,-8.972538,2,9.0
62.44367,-8.272542,2,10.0
62.183346,-9.406397,2,7.0
61.44226,-8.922076,2,9.0
59.963245,-2.135934,2,10.0
61.569878,35.147984,0,10.0
62.473827,-6.360955,2,9.0
61.853386,-9.211741,2,10.0
46.321102,4.889694,3,8.0
-38.49547,-6.149475,1,9.0
-33.900146,-1.8468966,1,7.0
-22.898954,4.734973,1,5.0
-50.541065,12.34671,1,6.0
39.235535,-7.649672,3,6.0
18.174751,48.610584,1,5.0
48.958725,15.841595,3,7.0
17.60253,51.909348,3,7.0
44.951637,-9.693114,3,5.0
-38.6487,-33.394924,4,4.0
7.0300484,26.982403,3,6.0
-18.409792,54.094498,1,4.0
-1.371249,18.569658,3,8.0
-35.67705,-8.77126,1,5.0
-55.785282,9.397854,1,1.0
0.804517,12.074092,3,6.0
-3.1484313,8.845871,3,1.0
-60.77512,6.450258,1,4.0
55.069954,-37.874878,5,6.0
17.776304,4.2042594,3,6.0
-63.34163,14.547253,1,3.0
13.84156,-38.567257,3,9.0
17.511059,3.998319,2,10.0
18.075338,4.5319,3,8.0
14.319815,26.149403,3,7.0
55.78991,-38.61328,5,6.0
-9.082251,39.468037,1,3.0
-29.028973,-27.934814,2,7.0
55.54044,-36.608646,5,10.0
-29.10117,-29.05186,4,6.0
5.645539,0.15755926,2,7.0
3.3848267,-6.4904175,2,8.0
5.399369,-3.211714,2,7.0
-25.88412,50.498188,1,2.0
56.724243,-36.80399,5,7.0
0.53610307,41.139725,3,8.0
1.0287796,44.083073,3,8.0
6.588451,26.39044,3,4.0
-0.8102414,39.66036,3,8.0
0.4525787,38.55601,3,7.0
-1.2029923,50.381474,1,2.0
15.664979,46.866337,3,8.0
-59.027584,38.680378,1,1.0
0.93693167,44.008987,3,7.0
43.693996,-6.0426536,3,9.0
11.328754,-77.50057,4,7.0
36.56751,-17.466322,3,7.0
-55.728737,-40.591606,4,2.0
-6.1310883,10.413676,1,1.0
-6.1904516,11.188251,1,9.0
-33.306217,-39.441402,3,6.0
16.301197,-34.883183,3,3.0
27.686636,-3.244417,3,7.0
58.994854,-44.273525,5,10.0
27.108238,-62.538303,1,5.0
-16.69111,-53.328667,4,2.0
58.363586,-43.865475,5,9.0
-4.8531814,-54.563423,3,9.0
-7.91857,-54.453487,1,6.0
-6.5861025,-54.480293,1,7.0
25.459694,-31.188738,3,10.0
25.600796,-31.389162,3,10.0
-34.91664,42.164124,1,1.0
25.353426,-8.588973,3,6.0
-27.786718,16.550072,1,3.0
-48.430885,-38.858982,4,3.0
-56.39828,-40.299397,4,3.0
-60.42152,2.081395,1,1.0
-56.4041,8.966585,1,2.0
-35.74412,-41.38793,4,5.0
-25.265553,6.007399,1,3.0
-65.888916,9.588806,1,1.0
25.701868,-59.61784,1,3.0
-29.283398,23.896362,1,5.0
-40.056892,-2.818664,1,1.0
-3.5022779,39.45123,1,1.0
-55.6165,10.268097,1,1.0
3.636061,15.785761,3,1.0
-42.98628,-9.981186,1,1.0
-8.826171,17.630743,3,5.0
-40.95499,-36.08723,4,3.0
-10.151109,-37.607063,1,1.0
-51.399982,-34.72096,4,3.0
-36.815,-30.914368,4,2.0
-39.59511,-35.044796,4,4.0
-36.589397,-28.807472,4,2.0
7.3070674,20.841873,3,6.0
-12.605854,13.489913,1,1.0
-40.88152,-35.969685,4,5.0
-60.70152,2.043844,1,1.0
26.136919,-59.59976,1,1.0
-67.712326,8.527006,1,4.0
-44.756847,-28.34749,4,1.0
9.829113,53.25874,1,8.0
-59.848343,3.228279,1,1.0
-61.074535,31.250908,1,2.0
5.8355722,-79.45835,1,1.0
-60.691147,1.9822898,1,1.0
9.094195,16.618519,3,9.0
-17.137228,52.305256,3,5.0
37.593826,-14.02887,3,8.0
33.837692,-32.90134,3,8.0
-41.583294,-37.939217,4,7.0
-35.67655,45.477924,1,7.0
-16.110325,28.436205,1,1.0
-19.553408,52.81801,1,6.0
27.56003,-54.68203,3,9.0
9.141838,45.598995,3,7.0
-36.34294,3.6215198,1,10.0
45.958443,23.327461,3,9.0
-59.033443,5.8356147,1,2.0
-2.116939,13.593914,3,1.0
44.69399,21.71131,3,7.0
37.10655,-29.045168,3,9.0
-8.086858,55.26723,1,1.0
-2.1218286,38.690674,3,2.0
-36.704704,-27.226368,4,6.0
-58.108425,9.918362,1,1.0
-36.80942,0.17929414,1,9.0
-41.426476,-37.7934,4,6.0
-5.498694,42.76895,3,6.0
24.727413,44.806534,1,4.0
-38.414978,-0.16746247,1,2.0
19.823624,53.41967,1,4.0
52.37447,13.170404,3,5.0
-5.6093464,41.657333,3,1.0
-51.37651,32.120785,1,1.0
-4.896491,38.310806,1,3.0
-54.86187,28.198187,1,2.0
-21.314014,48.72079,1,3.0
2.8127499,35.24293,3,6.0
27.809149,-59.03015,1,2.0
11.3694515,46.058575,3,7.0
-6.2554326,40.27702,3,4.0
44.73343,-6.288839,3,8.0
2.0740945,11.699589,3,10.0
14.003408,21.02472,3,10.0
-35.403778,40.3974,1,1.0
54.232323,-33.97913,5,8.0
14.188151,-40.579845,3,1.0
-52.113785,-49.1969,4,4.0
56.45775,-39.582073,5,10.0
26.445345,0.6233591,3,10.0
-41.021328,23.607857,1,6.0
-49.15478,30.440632,1,2.0
-49.798954,-46.364296,4,2.0
-35.357666,27.477373,1,3.0
-49.294846,31.063236,1,2.0
-49.591793,32.275135,1,2.0
-4.9595146,12.407471,3,9.0
-50.15265,31.812782,1,2.0
-41.078045,-11.539908,1,2.0
14.2533655,53.970448,1,3.0
12.87176,53.842937,1,5.0
-46.845432,8.902063,1,6.0
4.081119,47.493732,1,10.0
-16.072979,41.786953,3,9.0
-55.782383,38.974377,1,4.0
-58.38219,15.6854925,1,1.0
11.761346,51.92396,1,6.0
10.8325205,51.829266,1,7.0
-4.1909857,-5.942587,2,9.0
-4.588215,-6.540236,1,10.0
15.921192,-21.258142,3,8.0
4.3543687,3.184649,3,5.0
1.4109317,-14.893565,2,9.0
5.0140953,-5.653591,2,9.0
1.6746695,-14.216574,2,10.0
-7.6470566,-28.242031,1,4.0
-7.5650434,-27.351328,1,4.0
-51.913284,12.917841,1,6.0
-45.537952,-45.780083,4,2.0
27.838757,22.649033,3,10.0
38.152786,11.851458,3,7.0
32.48966,-9.153767,3,10.0
-46.872143,-19.260422,4,5.0
42.766422,-10.159069,3,9.0
-50.355434,-49.722076,4,4.0
-38.42025,-38.896587,4,5.0
46.06541,-4.443906,3,9.0
-10.103768,39.440098,1,5.0
17.113108,-19.96976,3,9.0
31.03182,3.6428149,3,10.0
-50.85224,-42.59578,4,2.0
-4.644858,47.78292,3,1.0
25.803741,12.877442,3,8.0
28.439327,33.871944,3,9.0
31.629343,3.3213606,3,10.0
16.4148,-30.086535,3,8.0
28.546356,-51.2499,3,9.0
12.901112,-29.706505,3,7.0
27.917168,-55.40561,3,7.0
5.279517,10.466568,1,4.0
14.944086,-28.534075,3,8.0
0.4166147,-37.684437,1,7.0
-9.353377,-25.154844,1,4.0
15.22982,-27.26237,3,10.0
11.709875,-23.305279,3,7.0
-25.767618,-45.54208,4,5.0
17.285099,-24.298126,3,6.0
16.530981,-20.779366,3,7.0
11.306183,-39.442707,3,3.0
16.754965,-23.50978,3,7.0
-36.520878,49.473103,1,5.0
35.932037,-31.466045,3,10.0
47.815437,-7.350532,3,9.0
-8.832603,-29.901428,1,2.0
-10.11589,-32.19414,1,3.0
-10.1325035,-29.953983,1,1.0
7.9125953,-36.451096,1,1.0
-12.405135,-35.067657,1,1.0
-26.55534,-47.304283,4,6.0
6.752725,-38.371544,3,8.0
13.429706,-41.645035,3,9.0
-12.255608,-34.825596,1,2.0
2.3609889,-30.65959,3,8.0
-3.0856042,-27.544086,1,1.0
-4.470642,-51.69682,1,7.0
-11.274289,-30.576271,1,2.0
-5.9805675,-49.305122,1,4.0
-11.0169735,-30.450138,1,2.0
-20.268867,-51.064716,4,2.0
-0.14573917,-27.497711,3,8.0
-30.799543,-51.48603,4,2.0
-11.107532,-36.571106,1,4.0
-25.223448,-47.866985,4,6.0
-7.90149,-30.593464,1,1.0
15.920521,-39.646397,3,8.0
-24.65536,-45.717598,4,6.0
-23.716948,-48.650074,4,9.0
49.63762,-43.833057,5,4.0
-11.745794,-36.38507,1,3.0
-3.9679422,-37.656975,1,6.0
