"recno","f1_row","f1_0","f1_1","f1_2","f1_3","f1_4","f1_5","f1_6","f1_7","f1_8","f1_9","f1_10","f1_11","f1_12","f1_13","f1_14","f1_15"
12,13,,100,,,60,,0,,,,50,,10,,0,100
12,14,,100,,,70,,0,,,,50,,20,,0,100
83,13,,50,,,80,,0,,,,80,,,,0,100
83,14,,100,,,,,0,,,,,,,,0,100
114,14,,700,,,50,,0,,,,50,,,,0,
118,14,,800,800,,400,,0,,,,,250,,,150,100
119,14,,700,700,,350,,0,,,,180,,,,170,100
121,14,,700,700,,400,,0,,,,260,,,,140,100
122,14,,850,850,,500,200,70000,,,,150,,,,150,100
123,14,,700,700,,380,240,96000,,,,90,,,,50,100
124,9,,500,500,,4000,4000,1500000,,,,,,,,0,100
124,14,,300,300,,150,,0,,,,150,,,,0,100
127,14,,2000,,70,400,170,100000,,,,200,,20,,80,
127,15,1,2000,,700,,700,35000,,,,,,,,0,
128,14,,1500,,80,270,100,60000,,,,170,,10,,70,
128,15,1,1500,,,500,500,25000,,,,,,,,0,
129,14,,1200,,60,240,50,28000,,,,150,,,20,80,
129,15,1,1200,,,400,,0,,400,,,,,,0,
130,14,,1200,,70,160,50,35000,,,,100,,,,80,
130,15,1,1200,,,300,,0,,300,,,,,,0,
131,14,,1200,,60,280,100,68000,,,,170,,,,70,
131,15,1,1200,,,400,,0,,400,,,,,,0,
132,14,,1500,,90,200,40,20000,,,,170,,,,80,
132,15,1,1500,,,400,,0,,400,,,,,,0,
133,1,,10000,,400,1700,350,56000,,,250,570,280,,,650,
133,14,,2000,,90,300,110,80000,,,,200,,,,80,
133,15,1,7000,,,2000,,0,,,,,1000,,,1000,
134,1,,10000,,480,1800,550,90000,,,250,550,280,,,650,
134,14,,1500,,70,250,50,35000,,,,200,,,,70,
134,15,1,6500,,,1800,,0,,,,,1800,,,0,
135,1,,10000,,600,1800,500,90000,,80,250,700,270,,,600,
135,14,,2000,,60,340,130,80000,,,,200,,,,70,
135,15,1,8000,,,2500,,0,,,,,2000,,,500,
136,11,,200,200,,60,,0,,,,60,,,,0,100
136,14,,800,800,70,180,60,35000,,,,120,,,,70,100
136,15,1,800,800,,250,,0,,250,,,,,,0,100
137,11,,600,600,,220,,0,,,,200,,20,,0,100
137,14,,1400,1400,100,300,50,30000,50,,,200,,20,,80,100
137,15,1,9400,9400,,2600,,0,,,,,2000,,,600,100
138,14,,1000,1000,80,270,100,60000,,,,170,,,,80,100
138,15,1,1000,1000,,280,,0,,280,,,,,,0,100
139,11,,500,500,,220,,0,,,,200,,20,,0,100
139,14,,1500,1500,100,450,200,90000,60,,,200,,20,,70,100
139,15,1,1500,1500,,500,500,25000,,,,,,,,0,100
140,11,,500,500,,200,,0,,,,200,,,,0,100
140,14,,1000,1000,80,220,,0,,,,180,,30,,90,100
141,11,,500,500,,180,,0,,,,180,,,,0,100
141,14,,1000,1000,100,300,130,60000,,,,200,,,,70,100
141,15,1,11500,11500,,3400,,0,,,,,2400,,,1000,100
142,14,,1200,1200,90,180,,0,,,,180,,,,90,100
143,11,,400,400,,100,,0,,,,100,,,,0,100
143,14,,800,800,50,160,60,30000,,,,100,,,,50,100
144,11,,400,400,,160,,0,,,,160,,,,0,100
144,14,,800,800,70,200,,0,,,,190,,,,80,100
145,11,,950,950,,2100,2000,300000,,,,100,,,,0,100
145,14,,50,50,,100,,0,,,,100,,,,0,100
146,12,,600,200,,100,,0,,,,100,,,,0,100
146,14,,100,100,,50,,0,,,,50,,,,0,100
147,11,,3000,3000,,3100,3000,450000,,,,100,,,,0,100
147,14,,1000,1000,,600,500,125000,,,,100,,,,0,100
148,12,,300,300,,200,160,24000,,,,40,,,,0,100
148,14,,200,200,,100,55,13750,,,,45,,,,0,100
149,11,,500,500,,120,,0,,,,120,,,,0,100
149,14,,500,500,,100,,0,,,,100,,,,0,100
149,15,,3800,3800,,6000,,0,,,,,6000,,,0,100
150,11,,4500,4500,,7000,6880,1032000,,,,70,,,,50,100
150,14,,3000,3000,,800,750,187500,,,,50,,,,0,100
151,14,,4800,4800,,25,,0,,,,25,,,,0,100
152,14,,2100,2100,,150,130,32500,,,,20,,,,0,100
153,11,,500,500,,500,400,60000,,,,100,,,,0,100
153,14,,500,500,,300,200,50000,,,,100,,,,0,100
154,13,,200,,,60,,0,,,,60,,,,0,100
154,14,,600,,,80,,0,,,,80,,,,0,100
155,13,,50,,,10,,0,,,,10,,,,0,100
155,14,,100,,,25,,0,,,,25,,,,0,100
156,11,1,600,,,200,100,30000,,,,100,,,,0,100
157,11,,200,,,40,,0,,,,40,,,,0,100
158,11,,100,,,50,,0,,,,50,,,,0,100
158,14,,100,,,20,,0,,,,20,,,,0,100
159,11,1,200,,,80,,0,,,,80,,,,0,100
159,13,,100,,,10,,0,,,,10,,,,0,100
159,14,,100,,,15,,0,,,,15,,,,0,100
160,11,1,200,,,100,70,21000,,,,30,,,,0,100
160,13,,100,,,5,,0,,,,5,,,,0,100
160,14,,200,,,50,25,5000,,,,25,,,,0,100
162,11,,400,,,150,,0,,,,150,,,,0,100
162,13,,200,,,50,,0,,,,50,,,,0,100
162,14,,200,,,150,,0,,,,50,,,50,50,100
167,11,,30,,,75,,0,,,,75,,,,0,100
167,13,,170,,,80,,0,,,,80,,,,0,100
168,14,,300,,,85,,0,,,,85,,,,0,100
170,14,,300,,,85,,0,,,,85,,,,0,100
172,1,,3200,3200,200,1200,,0,,,250,450,,,,700,100
172,9,,1300,,,20000,20000,2400000,,,,,,,,0,100
173,9,,1000,,,18000,18000,2160000,,,,,,,,0,100
173,11,,1500,1500,,8000,7500,1350000,,300,,100,,,100,0,100
173,13,,5000,5000,,12500,12450,1805250,,,,50,,,,0,100
173,14,,500,,,250,,0,,,,250,,,,0,100
174,9,,1000,,,18200,18000,2160000,,,,,,200,,0,100
174,11,,500,,,300,,0,,,,300,,,,0,100
175,9,,800,,,15000,15000,1800000,,,,,,,,0,100
175,11,,300,,,250,,0,,,,250,,,,0,100
175,14,,200,,,200,,0,,,,200,,,,0,100
176,9,,1000,,,15000,15000,1800000,,,,,,,,0,100
176,11,,200,,,200,,0,,,,200,,,,0,100
176,13,,3000,3000,,5200,5100,739500,,,,100,,,,0,100
176,14,,300,,,250,,0,,,,250,,,,0,100
177,9,,1000,,,18000,18000,2160000,,,,,,,,0,100
177,11,,500,,,250,,0,,,,250,,,,0,100
177,14,,3200,3200,,,,0,,,,,,,,0,100
178,9,,1000,,,15000,15000,1800000,,,,,,,,0,100
178,11,,500,,,250,,0,,,,250,,,,0,100
178,13,,200,,,100,,0,,,,100,,,,0,100
178,14,,300,,,200,,0,,,,200,,,,0,100
179,11,,200,,,100,,0,,,,100,,,,0,100
179,14,,800,,,150,,0,,,,100,,,50,0,100
180,11,,300,,,200,,0,,,,200,,,,0,100
180,14,,700,,,250,,0,,,,200,,,50,0,100
181,11,,8000,8000,,8000,7000,1050000,,,,800,,,200,0,100
182,11,,1000,1000,,850,350,52000,,,,450,,50,,0,100
183,11,,500,500,,500,,0,,,,450,,50,,0,100
183,12,,10000,10000,,26000,25000,5000000,,,,500,,200,300,0,100
184,11,,31000,31000,,36000,35000,5250000,,,,800,,200,,0,100
185,11,,1200,1200,,700,350,52500,,,,330,,20,,0,100
186,11,,1000,,,600,,0,,,,550,,,50,0,100
187,11,,11800,11800,,15000,14000,2100000,,,,750,,250,,0,100
188,11,,11700,11700,,10000,9000,1350000,,,,900,,100,,0,100
189,11,,8000,8000,,15000,14000,2100000,,,,700,,80,220,0,100
190,11,,8900,8900,,12000,11700,702000,,,,300,,,,0,100
190,13,,3600,3600,,5200,4900,735000,,,,300,,,,0,100
191,11,,3800,3800,,4900,4750,380000,,,,150,,,,0,100
191,13,,1400,,,2800,2650,530000,,,,100,,,50,0,100
192,11,,3900,3900,,5600,5500,330000,,,,100,,,,0,100
192,13,,5360,5360,,6000,5400,972000,,,,500,,,100,0,100
193,11,,7600,7600,,9700,9540,477000,,,,100,,,60,0,100
193,13,,1160,1160,,2500,2370,426600,,,,100,,,30,0,100
194,11,,3600,3600,,6300,6180,309000,,,,120,,,,0,100
194,13,,3990,,,4300,4170,750600,,,,130,,,,0,100
195,11,,3600,3600,,5200,4950,297000,,,,250,,,,0,100
195,13,,6050,6050,,7700,7400,1110000,,,,300,,,,0,100
196,11,,5000,5000,,6800,6650,332500,,,,50,,,100,0,100
196,13,,2400,2400,,3500,3350,502500,,,,50,,,100,0,100
197,10,,2000,2000,,3500,3250,260000,,,,250,,,,0,100
197,11,,4550,4550,,11000,10700,535000,,,,300,,,,0,100
197,13,,6060,6060,,8200,7900,1185000,,,,300,,,,0,100
198,11,,8600,8600,,10600,10350,517500,,,,250,,,,0,100
198,13,,2460,,,3800,3600,648000,,,,200,,,,0,100
215,11,,200,200,,500,300,30000,,,,200,,,,0,100
215,13,,200,200,,200,200,50000,,,,,,,,0,100
217,10,,780,780,200,3200,2300,368000,,,400,200,,,,500,100
217,11,,10,10,,26,,0,,,,26,,,,0,100
217,14,,10,10,20,80,,0,,,,60,,,,40,100
218,10,,780,780,200,3300,2500,450000,,,400,100,,,,500,100
218,11,,20,20,,50,,0,,,,50,,,,0,100
219,10,,380,380,300,2000,500,90000,,,200,100,,,,1500,100
219,11,,10,10,,20,,0,,,,20,,,,0,100
219,14,,10,10,20,60,,0,,,,50,,,,30,100
220,2,,800,,100,150,,0,,,15,,150,,,85,
220,10,,380,380,200,2500,2000,400000,,,350,100,50,,,200,100
220,11,,10,10,,30,,0,,,,30,,,,0,100
220,14,,10,10,30,80,,0,,,,40,10,,,60,100
221,10,,780,780,300,2700,2100,420000,,,400,150,,50,,300,100
221,11,,20,20,,40,,0,,,,40,,,,0,100
222,2,,400,,60,60,,0,,,10,,50,,,60,
222,10,,770,770,200,3300,2300,414000,,,300,200,100,,,600,100
222,11,,20,20,,40,,0,,,,40,,,,0,100
222,14,,10,10,30,100,,0,,,,70,,,,60,100
224,10,,780,780,300,3000,2000,360000,,,400,150,,50,,700,100
224,11,,20,20,,25,,0,,,,25,,,,0,100
225,10,,770,770,300,3000,2300,460000,,,400,200,,,,400,100
225,11,,20,20,,40,,0,,,,40,,,,0,100
225,14,,10,10,20,80,,0,,,,50,,,,50,100
235,11,,100,,60,290,70,8400,,,,100,,40,,140,100
235,14,,50,,150,700,,0,,,,230,,300,,320,100
236,10,,200,,160,300,,0,,,,200,,,,260,100
237,10,,360,,200,670,270,21600,,,200,200,,60,,140,100
237,11,,40,,3,110,,0,,,,60,,7,,46,100
239,11,,150,,60,180,,0,,,,160,,20,,60,100
240,14,,60,,40,400,,0,,,,160,,200,,80,100
241,10,,400,,300,1600,800,128000,,,160,200,50,90,,600,100
242,10,,560,,300,600,,0,,,280,200,,40,,380,100
242,11,,40,,,40,,0,,,,20,20,,,0,100
243,11,,10,,2,20,,0,,,,10,,,,12,100
243,14,,90,,30,600,,0,,,,100,,300,,230,100
262,5,,30,,,5,,0,,,2,1,,,,2,
262,10,,300,,,150,,0,,,,150,,,,0,
262,11,,70,,,10,,0,,,,10,,,,0,
263,5,,50,,2,4,,0,,,3,2,,,,1,
263,10,,600,,100,400,,0,,,250,100,,,,150,
263,11,,100,,,10,,0,,,,10,,,,0,
263,14,,250,,15,50,,0,,,,30,,10,10,15,
264,10,,200,200,,150,,0,,,50,100,,,,0,100
264,15,,10000,,1500,3000,,0,,,,,1800,,,2700,
265,5,,50,,2,5,,0,,,2,3,,,,2,
265,10,,300,,,250,,0,,,,100,,,,150,
265,11,,50,,,20,,0,,,,20,,,,0,
265,14,,100,,,50,,0,,,,30,,,,20,
265,15,,5000,,,4800,,0,,,,,2300,,,2500,
266,5,,40,40,2,4,,0,,,2,2,,,,2,100
266,10,,150,150,,240,,0,,,120,100,20,,,0,100
266,11,,150,150,,30,,0,,,,30,,,,0,100
266,14,,260,260,15,60,,0,,,,40,,5,,30,100
266,15,,10000,,1400,2600,,0,,,,,1700,,,2300,
268,5,,30,,2,4,,0,,,1.5,2.5,,,,2,
268,10,,200,,,200,,0,,,,200,,,,0,
268,11,,70,,,25,,0,,,,25,,,,0,
268,14,,100,,,50,,0,,,,30,,,,20,
268,15,,4600,,,850,,0,,,,,700,,,150,
269,10,,700,700,300,600,,0,,,200,300,50,,,350,100
269,11,,100,100,,50,,0,,,,40,,,,10,100
269,14,,200,200,,80,,0,,,,50,20,,10,0,100
269,15,,2500,,,500,,0,,,,,500,,,0,
270,10,,250,250,,200,,0,,,,200,,,,0,100
270,11,,50,50,,10,,0,,,,10,,,,0,100
270,15,,20000,,1000,3500,,0,,,,,1500,,,3000,
280,10,,700,,,900,,0,,,200,350,50,,,300,
280,11,,100,,,80,,0,,,,50,10,,,20,
280,14,,200,,,60,,0,,,,45,5,,,10,
280,15,,5000,,,3000,,0,,,,,2000,,,1000,
282,10,,500,,,700,,0,,,200,200,,,,300,
282,11,,200,,,90,,0,,,,60,,,10,20,
282,14,,300,,,70,,0,,,,50,,,10,10,
283,10,,400,,,200,,0,,,100,80,,,,20,
283,11,,200,,,30,,0,,,,20,,,5,5,
284,10,,200,,,300,,0,,,80,200,,,,20,
284,11,,100,,,60,,0,,,,30,20,,,10,
284,15,,5000,,,2500,,0,,,,,2000,,,500,
285,10,,500,,,300,,0,,,150,70,,,,80,
286,10,,600,,,800,,0,,,200,300,,,,300,
286,11,,200,,,100,,0,,,,80,,,,20,
286,14,,200,,,90,,0,,,,70,,10,,10,
287,10,,200,,,300,,0,,,80,80,,,20,120,
287,11,,100,,,50,,0,,,,20,,,10,20,
288,10,,200,,,300,,0,,,80,180,,20,,20,
288,11,,100,,,30,,0,,,,30,,,,0,
301,14,,200,,,50,,0,,,,50,,,,0,80
302,14,,400,,25,100,,0,,,,95,,,,30,100
305,1,,0,,700,,,0,,,,600,,,,100,
305,14,,600,,50,100,,0,,,,110,,,,40,100
306,14,,400,,50,100,,0,,,,125,,,,25,100
334,1,,7000,,,1700,500,70000,,500,200,400,,,,100,
334,10,,600,,,1700,900,110000,,,200,400,,,,200,
334,11,,300,,,1550,1000,125000,,,,450,,,,100,
334,16,1,7000,,,2000,,0,,,,,1000,,,1000,
335,1,,8000,,,2000,1000,145000,,500,200,200,,,,100,
335,10,,600,,,1700,1000,120000,,,300,300,,,,100,
335,11,,200,,,1100,700,80000,,,,300,,,,100,
336,1,,7000,,,1600,900,120000,,,300,400,,,,0,
336,10,,800,,,1900,800,100000,,,300,400,,,,400,
336,11,,200,,,1600,1000,120000,,,,400,,,,200,
337,1,,7000,,,1600,800,95000,,,200,400,100,,,100,
337,10,,600,,,1400,500,60000,,,300,400,,,,200,
337,11,,200,,,1100,600,70000,,,,400,100,,,0,
337,16,1,7000,,,2000,,0,,,,,1000,,,1000,
338,1,,8000,,,2000,1000,140000,,500,300,,,,,200,
338,10,,600,,,1600,800,95000,,,200,200,,,,400,
338,11,,200,,,1200,800,100000,,,,200,,,,200,
339,1,,7000,,,1700,1000,140000,,300,300,,,,,100,
339,10,,700,,,1800,1100,130000,,,,150,,,,550,
339,11,,300,,,1500,1200,150000,,,,150,,150,,0,
340,1,,4000,,,1100,600,70000,,,200,200,,,,100,
340,10,,300,,,700,400,45000,,,,200,,,,100,
340,11,,200,,,550,400,45000,,,,150,,,,0,
340,16,1,4000,,,1500,,0,,,,,500,,,1000,
341,1,,4000,,,950,600,75000,,,200,,,,,150,
341,10,,350,,,800,300,35000,,,200,200,,,,100,
341,11,,150,,,450,250,35000,,,,200,,,,0,
342,1,,8000,,,2000,1000,140000,,,300,400,200,,,100,
342,10,,600,,,1700,800,95000,,,200,500,,,,200,
342,11,,200,,,1100,500,70000,,,,500,,,,100,
342,16,1,8000,,,3500,,0,,,,,1500,,,2000,
343,10,,500,500,,500,,0,,,100,180,20,,,200,100
343,11,,500,500,,300,100,15000,,,20,80,20,,,80,100
343,15,,10000,,,1300,,0,,,,,300,,,1000,
344,2,,20000,20000,,4000,2700,350000,,,800,,500,,,0,100
344,10,,1300,1300,,1200,,0,,,500,500,100,,100,0,100
344,11,,700,700,,800,,0,,,100,180,500,,20,0,100
344,15,,8000,8000,,1000,,0,,,,,500,,,500,100
344,16,1,20000,20000,,2000,,0,,,,,1000,,,1000,100
345,10,,500,500,,500,,0,,,100,150,30,20,,200,100
345,11,,500,500,,350,100,15000,,,20,100,30,,,100,100
345,15,,20000,,,3000,,0,,,,,1000,,,2000,
346,2,,10000,10000,,2000,1000,130000,,,500,,200,,,300,100
346,10,,600,600,,600,100,15000,,,100,150,30,20,,200,100
346,11,,400,400,,280,60,9000,,,20,70,20,30,,80,100
346,15,,20000,20000,,3000,,0,,,,,1000,,,2000,100
348,1,,10000,10000,,1000,,0,,,500,250,,,,250,100
348,2,,5000,5000,,500,,0,,,400,,100,,,0,100
348,4,,5000,5000,,500,,0,,,300,,,,,200,100
348,10,,600,600,,600,100,15000,,,100,150,50,,,200,100
348,11,,400,400,,250,50,8000,,,20,70,30,,,80,100
348,16,1,20000,,,2500,,0,,,,,1200,,,1300,100
350,1,,20000,20000,,1500,,0,,,500,300,100,,,600,100
350,4,,9000,9000,,1000,,0,,,300,,200,,,500,100
350,10,,600,600,,600,100,15000,,,100,180,20,,,200,100
350,11,,400,400,,280,,0,,,20,100,30,,,130,100
350,15,,30000,,,3500,,0,,,,,2000,,,1500,
350,16,1,9000,9000,,1000,,0,,,,,500,,,500,100
364,5,,40,,5,12,,0,,,2,8,,,,7,100
364,10,,170,,150,350,,0,,,80,250,,,,170,100
364,11,,40,,30,80,,0,,,,70,,,,40,100
366,5,,60,,5,13,,0,,,2,10,,,,6,100
366,10,,300,,150,550,,0,,,100,300,,,,300,100
366,11,,40,,50,110,,0,,,,90,,,,70,100
367,5,,50,,6,16,,0,,,3,11,,,,8,100
367,10,,200,,250,450,,0,,,100,300,,,,300,100
367,11,,50,,40,100,,0,,,,90,,,,50,100
370,5,,350,,10,80,59,59000,,,15,10,,,,6,100
370,10,,400,,100,700,280,42000,,,120,250,,,,150,100
370,14,,50,,,40,,0,,,,40,,,,0,100
370,15,,20000,,,4000,4000,200000,,,,,,,,0,
371,5,,300,,10,60,40,40000,,,12,8,,,,10,100
371,10,,300,,50,450,100,18000,,,80,200,,,,120,100
371,11,,100,,,90,,0,,,,90,,,,0,100
371,14,,100,,,50,,0,,,,50,,,,0,100
372,5,,500,,10,100,70,70000,,,20,10,,,,10,100
372,10,,600,,120,900,390,58500,,,120,350,,,,160,100
372,14,,100,,,70,,0,,,,70,,,,0,100
373,2,,9240,,500,2730,2400,312000,,,,,430,,,400,
373,5,,720,,10,160,130,130000,,,10,16,,,,14,100
373,10,,850,,400,1500,1100,165000,,,100,300,150,,,250,100
373,11,,180,,,330,,0,,,,330,,,,0,100
373,14,,250,,,270,,0,,,,270,,,,0,100
373,15,,8500,,,1800,,0,,,,,1800,,,0,
374,5,,600,,5,100,80,80000,,,15,6,,,,4,100
374,10,,600,,50,900,700,91000,,,50,150,,,,50,100
374,11,,200,,,200,,0,,,,200,,,,0,100
374,14,,100,,,60,,0,,,,60,,,,0,100
375,5,,300,,10,70,45,45000,,,15,11,,,,9,100
375,10,,300,,100,500,,0,,,80,300,80,,,140,100
375,11,,150,,,170,,0,,,,100,,,,70,100
375,14,,50,,,40,,0,,,,40,,,,0,100
375,15,,18200,,1200,3800,,0,,,,,3000,,,2000,
376,1,,8400,,,2100,2100,310000,,,,,,,,0,
376,5,,250,,5,50,15,15000,,,10,15,,,,15,100
376,10,,400,,100,700,70,9100,,,100,250,,,,380,100
376,11,,100,,,150,,0,,,,100,,,,50,100
376,14,,50,,,40,,0,,,,40,,,,0,100
376,15,,9000,,300,1800,,0,,,,,2100,,,0,
377,5,,200,,5,40,21,21000,,,8,8,,,,8,100
377,10,,400,,50,600,150,22500,,,100,250,,,,150,100
377,11,,100,,,120,,0,,,,100,,,,20,100
377,14,,100,,,80,,0,,,,80,,,,0,100
378,5,,500,,15,100,80,80000,,,16,8,,,,11,100
378,10,,600,,100,900,500,65000,,,100,150,100,,,150,100
378,11,,400,,,600,300,60000,,,,230,,,,70,100
378,14,,100,,,90,,0,,,,90,,,,0,100
378,15,,14000,,500,2800,,0,,,,,3300,,,0,
388,5,,10,10,,2,,0,,,,1,,,1,0,100
388,10,,30,30,,20,,0,,,,20,,,,0,
388,11,,70,,,80,,0,20,,,40,,,,20,100
388,13,,20,20,,10,,0,,,,7,,,3,0,100
388,14,,770,770,,70,,0,20,,,30,,,10,10,100
389,5,,20,20,,7,,0,,,,2,,,2,3,100
389,11,,230,230,,300,,0,80,,,130,,,40,50,100
389,14,,1250,1250,,180,,0,50,,,60,,,20,50,100
389,15,,2600,2600,,4000,,0,,,,,1800,,,2200,100
390,5,,20,20,,5,,0,,,,2,,,1,2,100
390,11,,200,200,,150,,0,50,,,50,,,30,20,100
390,13,,30,30,,20,,0,,,,20,,,,0,100
390,14,,950,950,,120,,0,30,,,40,,,10,40,100
390,15,,10000,,,5000,,0,,,,,2000,,,3000,
391,5,,20,20,,3,,0,,,,2,,,,1,100
391,10,,40,40,,50,,0,,,,50,,,,0,100
391,11,,200,200,,250,,0,65,,,120,,,25,40,100
391,13,,40,40,,50,,0,40,,,10,,,,0,100
391,14,,900,900,,150,,0,40,,,50,,,30,30,100
391,15,,1500,1500,,1500,,0,,,,,800,,,700,100
392,5,,10,10,,3,,0,,,,1,,,,2,100
392,10,,50,50,,40,,0,,,,40,,,,0,100
392,11,,50,50,,60,,0,10,,,40,,,,10,100
392,13,,20,20,,10,,0,,,,5,,,5,0,100
392,14,,1370,1370,,120,,0,20,,,50,,,30,20,100
392,15,,1500,1500,,1800,,0,,,,,800,,,1000,100
394,5,,10,10,,3,,0,,,,1,,,,2,100
394,10,,50,50,,60,,0,,,,60,,,,0,100
394,11,,100,100,,120,,0,30,,,70,,,,20,100
394,13,,200,200,,200,,0,180,,,20,,,,0,100
394,14,,840,840,,150,,0,30,,,80,,,,40,100
394,15,,3000,3000,,1800,,0,,,,,1000,,,800,100
395,10,,40,40,,30,,0,,,,30,,,,0,100
395,11,,60,60,,80,,0,20,,,50,,,,10,100
395,14,,300,300,,70,,0,20,,,30,,,,20,100
396,5,,10,10,,3,,0,,,,1,,,,2,100
396,10,,70,70,,50,,0,,,,50,,,,0,100
396,11,,100,100,,120,,0,40,,,50,,,,30,100
396,12,,20,20,,20,,0,10,,,10,,,,0,100
396,14,,1000,1000,,100,,0,20,,,50,,,,30,100
396,15,,1200,1200,,500,,0,,,,,500,,,0,100
397,10,,200,200,,280,,0,,,,130,,,,150,100
397,11,,200,200,,140,,0,,,,100,,,,40,100
397,14,,800,800,,300,60,90000,,,,100,,,40,100,100
398,10,,200,200,,300,,0,,,,160,,,,140,100
398,11,,300,300,,190,50,12500,,,,100,,,,40,100
398,14,,700,700,,270,70,105000,,,,100,,,20,80,100
398,15,,10000,10000,,4000,,0,,,,,4000,,,0,100
399,10,,200,200,,250,,0,,,,150,,,,100,100
399,11,,300,300,,160,,0,,,,120,,,,40,100
399,14,,800,800,,250,,0,,,,150,,,,100,100
400,10,,100,100,,130,,0,,,,130,,,,0,100
400,11,,200,200,,90,,0,,,,60,,,,30,100
400,14,,700,700,,250,100,25000,,,,70,,,,80,100
401,10,,200,200,,270,,0,,,,170,,,,100,100
401,11,,200,200,,130,,0,,,,90,,,,40,100
401,14,,1000,1000,,300,100,25000,,,,120,,,,80,100
401,15,,3000,3000,,3000,,0,,,,,2000,,,1000,100
402,10,,200,,,240,,0,,,40,100,,,,100,100
402,11,,200,,,120,,0,,,,80,,,,40,100
402,14,,800,,,250,50,65000,,,,100,,,,100,100
403,1,,4000,4000,60,730,,0,,,120,600,70,,,0,100
403,10,,200,200,,270,,0,,,,170,,,,100,100
403,11,,300,300,,150,,0,,,,100,,,,50,100
403,14,,1500,1500,300,,,0,,,,100,,,70,130,100
403,15,,2000,2000,,3000,,0,,,,,2000,,,1000,100
404,10,,300,300,,400,,0,,,,250,,,,150,100
404,11,,200,200,,170,,0,,,,120,,,,50,100
404,14,,500,500,,200,,0,,,,120,,,,80,100
404,15,,3000,3000,,1400,,0,,,,,1400,,,0,100
405,10,,100,100,,180,,0,,,,120,,,,60,100
405,11,,200,200,,110,,0,,,,90,,,,20,100
405,14,,700,700,,270,100,25000,,,,40,,,70,60,100
405,15,,5000,5000,,2000,,0,,,,,1200,,,800,100
415,5,,1000,,10,120,84,67200,,,7,23,,,,16,100
415,10,,1000,,140,1250,,0,,,450,420,250,,,270,
415,11,,500,,40,550,,0,,,,550,,,,40,100
415,13,,1600,1600,,,,0,,,,,,,,0,
415,14,,500,,20,200,,0,,,,190,,,,30,
415,15,,21800,,2000,4800,,0,,,,,4300,,,2500,
415,16,,2600,,100,1000,,0,,,10,60,430,,,600,
416,5,,1000,,7,90,46,32200,,,12,17,,,7,15,30
416,10,,1000,,150,900,,0,,,350,300,240,,,160,40
416,11,,500,,30,500,,0,,,3,487,,,,40,100
416,14,,200,,,50,,0,,,,50,,,,0,100
416,16,,4300,,100,1500,,0,,,10,40,850,,,700,
417,5,,300,,4,27,,0,,,4,20,,,,7,10
417,10,,700,,100,650,,0,,,280,330,,,,140,
417,11,,300,,20,290,,0,,,3,277,,,,30,70
417,14,,300,,,70,,0,,,,70,,,,0,100
417,15,,1200,,200,350,,0,,,,,305,,,245,
417,16,,700,,50,240,,0,,,4,10,106,,,170,
418,5,,1000,,6,60,40,20000,,,5,10,,,6,5,20
418,10,,600,,110,700,100,15000,,,300,270,,,,140,100
418,11,,400,,40,420,,0,,,4,406,,,,50,20
418,13,,1600,1600,,1360,,0,,,,1360,,,,0,100
418,14,,300,,35,200,,0,,,,215,,,,20,100
418,15,,1900,,400,600,,0,,,,,580,,,420,
418,16,,1200,,300,600,,0,,,5,10,350,,,535,
419,1,,8600,,,1630,423,84600,,,,350,407,,,450,
419,5,,400,,6,23,8,6400,,,4,10,,,3,4,75
419,10,,700,,110,600,,0,,,220,230,,,120,140,100
419,11,,300,300,10,325,,0,,,4,304,,,,27,100
419,13,,800,,,520,,0,,,,520,,,,0,
419,14,,500,500,,130,,0,,,,130,,,,0,100
419,16,,700,,40,340,,0,,,4,10,100,,,266,
420,5,,200,,3,16,,0,,,3,12,,,,4,100
420,10,,400,,110,320,,0,,,,300,,,60,70,
420,11,,300,,20,270,,0,,,10,270,,,,10,100
420,14,,350,,,100,,0,,,,100,,,,0,100
420,16,,250,,30,62,,0,,,2,60,,,,30,
421,5,,450,,4,30,,0,,,3,16,,,5,10,50
421,10,,540,,170,650,,0,,,200,320,120,,,180,50
421,11,,300,,30,400,,0,,,3,377,,,,50,100
421,14,,250,,,130,,0,,,,130,,,,0,
421,16,,5460,,300,1700,,0,,,5,15,600,,,1380,
422,5,,300,,5,17,,0,,,5,10,,,,7,10
422,10,,700,,180,680,,0,,,250,330,,,80,200,50
422,11,,200,,25,300,,0,,,3,292,,,,30,100
422,14,,400,,20,100,,0,,,,120,,,,0,100
423,1,,5200,,,1300,,0,,,400,,370,,,530,
423,5,,600,,5,27,,0,,,6,18,,,5,3,50
423,10,,1000,,140,700,,0,,,340,330,,,,170,20
423,11,,500,,30,480,,0,,,490,,,,,20,100
423,13,,3500,3500,,2200,,0,,120,,2080,,,,0,100
423,14,,300,,,70,,0,,,,70,,,,0,
423,15,,1900,,200,475,,0,,,,,303,,,372,
423,16,,2000,,,550,,0,,,5,,200,,,345,
424,10,,200,,,80,,0,,,,80,,,,0,100
424,11,,350,,,140,,0,,,,80,,,,60,100
424,13,,20,,,80,,0,,,,80,,,,0,100
424,14,,30,,,150,,0,,,,150,,,,0,100
425,5,,50,,,5,,0,,,1.5,1,,,,2.5,100
425,10,,300,,,150,,0,,,,80,,,,70,100
425,11,,200,,,250,,0,,,,210,,,,40,100
425,13,,20,,,100,,0,,,,100,,,,0,100
425,14,,30,,,80,,0,,,,80,,,,0,100
426,5,,50,,3,6,,0,,,2,2,,,1,4,100
426,10,,600,,,350,,0,,,,150,,,,200,100
426,11,,300,,,120,,0,,,,80,,,,40,100
426,14,,50,,,150,,0,,,,150,,,,0,100
427,10,,300,,,250,,0,,,,180,,20,,50,100
427,11,,255,,,150,,0,,,,90,,,,60,100
427,13,,15,,,150,,0,,,,150,,,,0,100
427,14,,30,,,100,,0,,,,100,,,,0,100
428,5,,40,,4,6,,0,,,2,3,,1,,4,100
428,10,,900,,200,700,,0,,150,,300,50,,,400,100
428,11,,500,,,250,,0,,,,150,,,,100,100
428,13,,20,,,200,,0,,,,200,,,,0,
428,14,,40,,,150,,0,,,,100,,,,50,100
428,15,,30000,,5000,8000,,0,,,,,6000,,,7000,
429,10,,600,,,250,,0,,,,100,,30,,120,100
429,11,,510,,,280,,0,,,,100,,20,,160,100
429,13,,20,,,250,,0,,,,250,,,,0,100
429,14,,70,,,150,,0,,,,60,,40,,50,100
430,5,,40,,4,5,,0,,,2,2,,,,5,100
430,10,,600,,200,350,,0,,,100,200,,,,250,100
430,11,,275,,,220,,0,,,,150,,,,70,100
430,13,,15,,,250,,0,,,,250,,,,0,100
430,14,,70,,,200,,0,,,,130,,,,70,100
431,10,,500,,,250,,0,,,,180,,,,70,100
431,11,,255,,,90,,0,,,,90,,,,0,100
431,13,,15,,,150,,0,,,,150,,,,0,100
431,14,,30,,,100,,0,,,,70,,,,30,100
432,10,,100,,,30,,0,,,,30,,,,0,100
432,11,,250,,,90,,0,,,,90,,,,0,100
432,14,,50,,,60,,0,,,,60,,,,0,100
460,14,,150,,,70,,0,,,,70,,,,0,100
463,13,,10,,,25,,0,,,,25,,,,0,100
464,11,,50,,10,30,,0,,,,25,,,,15,100
464,13,,100,,,30,,0,,,,30,,,,0,100
464,14,,250,,20,100,,0,,,,95,,,,25,100
465,14,,60,,,15,,0,,,,15,,,,0,100
512,10,,100,,,300,,0,,,,150,,,150,0,100
512,11,,100,,,150,,0,,,,70,,,50,30,100
512,13,,250,,,800,300,75000,300,,,100,,,100,0,100
512,14,,950,,,200,50,10000,25,,,75,,,50,0,100
546,14,,300,,,30,,0,,,,30,,,,0,
552,2,,5000,,,2300,1300,221000,,,300,,300,,,400,
552,14,,700,700,,200,,0,,,,80,,,,120,100
553,14,,600,600,,270,,0,,,,100,,,,170,100
555,2,,6000,,,2500,2000,340000,,,,,200,,,300,
555,14,,100,100,,120,,0,,,,100,,,,20,100
555,15,,700,700,,500,,0,,,,,500,,,0,100
557,1,,3000,,,1300,,0,,,300,700,,,,300,
557,2,,3000,,,1100,400,68000,,,200,,300,,,200,
557,15,,700,700,,500,,0,,,,,500,,,0,100
558,15,,7700,700,,5000,,0,,,,,1800,,,3200,10
559,1,,9000,,400,1700,560,96000,,,240,430,270,,,600,
559,10,,2500,,350,1650,800,140000,,,500,250,,,,450,
559,15,,8000,,,2500,,0,,,,,2000,,,500,
560,1,,9000,,480,1850,520,88000,,80,250,560,260,,60,600,
560,10,,3000,,450,2700,1540,270000,,100,700,260,40,,60,450,
560,15,,8000,,,2600,,0,,,,,2600,,,0,
561,1,,10000,,400,1800,550,94000,,50,250,570,280,,,500,
561,10,,3000,,400,2600,1250,220000,,100,700,250,100,,,600,
561,15,,7000,,,2400,,0,,,,,1200,,,1200,
562,10,,2200,,400,1600,1000,170000,,60,300,180,,,60,400,
563,1,,9000,,500,1800,600,102000,,,250,570,280,,,600,
563,10,,2500,,400,1700,800,150000,,,600,240,,,60,400,
563,15,,9000,,,2800,,0,,,,,2000,,,800,
564,10,,2500,,400,1800,1090,180000,,100,400,150,,,60,400,
565,10,,2500,,380,1820,1100,200000,,100,430,170,,,,400,
566,10,,2500,,400,1840,1100,190000,,,480,220,,,40,400,
567,10,,2500,,450,1800,1030,170000,,100,500,170,,,50,400,
568,11,,1000,1000,,450,150,40000,,,,270,,,,30,100
568,14,,3500,3500,250,1700,1300,550000,,30,,270,,,50,300,100
568,15,1,11500,11500,,3400,,0,,,,,1700,,,1700,100
569,14,,2000,2000,300,1000,850,400000,,,,200,,,50,200,100
569,15,1,2000,2000,,700,,0,,700,,,,,,0,100
570,11,,1000,1000,,300,100,30000,,,,200,,,,0,100
570,14,,3000,3000,300,1500,1100,500000,,50,,250,,,50,350,100
570,15,1,11000,11000,,3000,,0,,,,,1300,,,1700,100
571,14,,2000,2000,300,1100,850,380000,,,,250,,,50,250,100
571,15,1,2000,2000,,700,,0,,700,,,,,,0,100
572,11,,1000,1000,,400,200,60000,,,,170,,,,30,100
572,14,,4000,4000,300,1500,1200,500000,,,,250,,,50,300,100
572,15,1,13000,13000,500,4000,500,25000,,,,,2000,,,2000,100
573,14,,2000,2000,200,950,650,350000,,100,,160,,,,240,100
573,15,1,2000,2000,,600,,0,,600,,,,,,0,100
574,14,,2000,2000,100,800,640,240000,,,,140,,,20,100,100
574,15,1,2000,2000,,700,,0,,700,,,,,,0,100
575,14,,3000,3000,250,1600,1300,500000,,,,250,,,50,250,100
575,15,1,3000,3000,,1000,1000,50000,,,,,,,,0,100
576,14,,2000,2000,100,780,560,200000,,,,180,,40,,100,100
576,15,1,2000,2000,,580,580,30000,,,,,,,,0,100
577,11,,600,,,370,300,50000,,,,20,,,50,0,100
577,14,,4500,4500,,210,160,40000,,,,25,,,25,0,100
577,15,,1000,1000,,1500,,0,,,,,1500,,,0,100
579,11,,200,,,70,,0,,,,70,,,,0,100
579,14,,400,,,80,,0,,,,80,,,,0,100
580,11,,100,,,70,40,6000,,,,30,,,,0,100
580,13,,3000,3000,,2000,1950,487500,,,,5,,45,,0,100
580,14,,500,,,120,100,25000,,,,15,,5,,0,100
580,15,,2000,2000,,3000,,0,,,,,2000,,,1000,100
581,11,,600,,,200,100,15000,,,,100,,,,0,100
581,13,,1000,1000,,1050,1000,130000,,,,50,,,,0,100
584,11,,600,,,350,300,45000,,,,50,,,,0,100
584,13,,200,,,200,150,37500,,,,50,,,,0,100
584,14,,400,,,250,200,50000,,,,50,,,,0,100
585,11,,550,,,300,225,33750,,,,75,,,,0,100
585,14,,50,,,25,,0,,,,25,,,,0,100
588,11,1,800,800,,500,300,60000,,,,200,,,,0,100
588,13,,200,200,,150,,0,,,,150,,,,0,100
588,14,,200,200,,100,,0,,,,100,,,,0,100
590,11,1,2000,2000,,1500,1300,260000,,,,150,,50,,0,100
592,11,,400,400,,100,,0,,,,100,,,,0,100
592,13,,200,200,,50,,0,,,,50,,,,0,100
592,14,,100,100,,30,,0,,,,30,,,,0,100
594,11,,800,800,,300,250,100000,,,,50,,,,0,100
594,14,,200,200,,50,30,6000,,,,20,,,,0,100
595,11,,50,,,70,,0,,,,70,,,,0,70
595,14,,300,,,85,,0,,,,85,,,,0,100
596,11,,50,,,60,,0,,,,60,,,,0,100
596,14,,200,,,75,,0,,,,75,,,,0,100
598,11,,150,,,430,400,135000,,,,30,,,,0,100
600,1,,2500,2500,,1200,,0,,,100,500,,,,600,100
600,10,,50,,60,120,,0,,,20,130,,,,30,100
600,11,,60,,,85,,0,,,,85,,,,0,100
600,13,,2000,2000,,2000,2000,260000,,,,,,,,0,100
600,14,,340,,30,95,,0,,,,75,,,,50,100
602,11,,50,,,110,,0,,,,110,,,,0,100
602,14,,250,,,,,0,,,,,,,,0,
603,10,,20,,25,50,,0,,,,35,,,,40,100
603,11,,80,,,65,,0,,,,65,,,,0,100
603,13,,10,,,45,,0,,,,45,,,,0,100
603,14,,240,,20,150,,0,,,,140,,,,30,100
614,14,,100,,,70,,0,,,,65,,,5,0,100
618,14,,100,,,120,,0,,,,100,,20,,0,100
622,11,,1150,1150,,4900,4600,368000,,,,300,,,,0,100
623,11,,1650,,,3850,3650,255500,,,,50,,,150,0,100
624,11,,800,,,2300,2150,193500,,,,150,,,,0,100
625,11,,800,,,3500,3300,264000,,,,200,,,,0,
626,11,,800,,,2300,2200,176000,,,,100,,,,0,100
627,11,,800,,,3600,3400,360000,,,,200,,,,0,100
628,11,,800,,,3200,3100,217000,,,,100,,,,0,100
629,11,,800,,,2600,2550,204000,,,,50,,,,0,100
630,11,,1650,1650,,4000,3750,262500,,,,250,,,,0,100
646,13,,8000,8000,,1100,1000,130000,,,,100,,,,0,100
649,10,,960,,200,1300,500,80000,,,400,200,100,,,300,
649,11,,20,,,30,,0,,,,30,,,,0,
649,14,,20,,30,80,,0,,,,80,,,,30,
649,15,,11000,,500,2800,,0,,,,,2500,,,800,
650,10,,960,,200,1200,400,64000,,,400,200,100,,,300,
650,11,,20,,,20,,0,,,,20,,,,0,
650,14,,20,,25,75,,0,,,,70,,,,30,
650,15,,10000,,700,2000,,0,,,,,2500,,,200,
651,10,,970,,400,2600,2100,315000,,,400,100,100,,,300,
651,11,,20,,,25,,0,,,,25,,,,0,
651,14,,10,,20,120,,0,,,,80,20,,,40,
651,15,,10000,,500,2500,,0,,,,,2600,,,400,
652,10,,970,,200,1800,1500,240000,,,,150,150,,,200,
652,11,,20,,25,,,0,,,,25,,,,0,
652,14,,10,,20,80,,0,,,,60,,,,40,
652,15,,10000,,500,2200,,0,,,,,2300,,,400,
654,10,,980,,300,2000,1200,180000,,,400,100,100,,,500,
654,11,,20,,30,30,,0,,,,30,,,,30,
654,15,,10000,,800,2500,,0,,,,,2600,,,700,
655,10,,1970,,300,3300,2000,300000,,,800,400,100,,,300,
655,11,,20,,,25,,0,,,,25,,,,0,
655,14,,10,,30,120,,0,,,,120,10,,,20,
655,15,,10000,,600,2500,,0,,,,,2500,,,600,
656,2,,10000,,200,1300,,0,,,120,,600,,,780,
656,10,,1980,,400,4000,2700,405000,,,800,300,200,,,400,
656,11,,10,,20,20,,0,,,,20,,,,20,
656,14,,10,,20,130,,0,,,,130,,,,20,
656,15,,14000,,700,5500,,0,,,,,5200,,,1000,
657,10,,970,,300,1700,1000,160000,,,400,250,50,,,300,
657,11,,20,,,25,,0,,,,25,,,,0,
657,14,,10,,30,120,,0,,,,100,20,,,30,
657,15,,10000,,650,2700,,0,,,,,2500,,,850,
658,10,,295,295,160,300,100,20000,,,120,100,,20,,120,100
658,11,,5,5,20,50,,0,,,,30,,10,,30,100
659,10,,990,990,700,1200,800,160000,,,400,150,,30,,520,100
659,11,,5,5,30,60,,0,,,,50,,20,,20,100
659,14,,5,5,40,70,,0,,,,40,,30,,40,100
660,10,,990,990,700,1300,800,160000,,,400,250,100,20,,430,100
660,11,,5,5,40,60,,0,,,,50,20,10,,20,100
660,14,,5,5,30,70,,0,,,,40,30,,,30,100
660,15,,13000,,4000,6500,,0,,,,,5000,,,5500,
661,10,,390,390,400,350,,0,,,160,100,,,30,460,100
661,11,,5,5,20,40,,0,,,,30,,,10,20,100
661,14,,5,5,30,60,,0,,,,40,,20,,30,100
662,10,,790,790,500,1000,800,160000,,,300,200,,30,,170,100
662,11,,5,5,30,60,,0,,,,40,,10,,40,100
662,14,,5,5,50,80,,0,,,,70,,20,,40,100
662,15,,7000,,,5000,5000,400000,,,,,,,,0,
663,10,,990,990,700,1200,800,160000,,,400,150,,50,,500,100
663,11,,5,5,40,80,,0,,,,60,,30,,30,100
663,14,,5,5,50,80,,0,,,,70,,30,,30,100
663,15,,13000,,,4500,4500,360000,,,,,,,,0,
664,10,,990,990,600,1300,800,180000,,,400,200,50,,,450,100
664,11,,5,5,30,60,,0,,,,40,20,10,,20,100
664,14,,5,5,40,80,,0,,,,60,20,10,,30,100
664,15,,12000,,3500,4500,,0,,,,,4000,,,4000,
665,10,,980,980,700,1200,900,180000,,,400,150,150,,,300,100
665,11,,15,15,40,80,,0,,,,60,30,20,,10,100
665,14,,5,5,30,60,,0,,,,40,20,20,,10,100
665,15,,10000,,3000,4500,,0,,,,,4000,,,3500,
666,10,,990,990,600,1200,900,180000,,,400,300,100,,,100,100
666,11,,5,5,30,80,,0,,,,50,20,10,,30,100
666,14,,5,5,40,70,,0,,,,60,20,20,,10,100
666,15,,11000,,3000,4500,,0,,,,,3500,,,4000,
670,10,,350,,120,460,,0,,,160,200,,50,,170,100
670,11,,50,,10,140,,0,,,,60,,40,,50,100
685,5,1,20,,1,5,,0,,,1,3,,,,2,100
685,10,,100,,,50,,0,,,,50,,,,0,
685,11,,100,,,40,,0,,,,40,,,,0,100
685,14,,200,,20,90,,0,,,,60,,10,20,20,
686,5,1,15,,2,4,,0,,,0.5,2.5,,,1,2,100
686,10,,300,,20,120,,0,,,50,,,20,40,30,
686,11,,200,,10,90,40,22000,,,,30,,,20,10,100
686,14,,200,,20,100,,0,,,,50,,10,30,30,100
687,5,,20,,1,6,,0,,,1,3,,,1,2,100
687,10,,150,,,80,,0,,,20,40,,,10,10,
687,11,,80,,,30,,0,,,,20,,,10,0,100
687,14,,50,,,50,,0,,,,20,,10,20,0,
688,11,,100,,,60,,0,,,,40,,,,20,100
688,14,,200,,30,150,,0,,,,100,,20,20,40,100
688,15,,20500,,,6000,6000,300000,,,,,,,,0,
690,5,1,30,,3,5,,0,,,1.5,3.5,,,,3,100
690,6,1,10,,1,4,,0,,,0.5,4.5,,,,0,100
690,10,,500,,200,400,,0,,,150,150,50,,50,200,
690,11,,100,,30,70,,0,,,,60,10,,10,20,100
690,14,,100,,50,150,,0,,,,100,30,,20,50,100
690,15,,300,,,170,,0,,,,,150,,,20,
691,5,1,20,,2,8,,0,,,1,4,,,3,2,100
691,10,,100,,,70,,0,,,,40,10,,20,0,
691,11,,100,,,60,,0,,,,30,,,30,0,100
691,14,,100,,,100,,0,,,,40,20,,30,10,
691,15,,500,,,800,,0,,,,,800,,,0,
692,11,,100,,,50,,0,,,,50,,,,0,100
692,14,,500,,40,150,,0,,,,100,,10,50,30,
693,11,,300,,20,100,,0,,,,70,,,30,20,100
693,14,,400,,40,160,,0,,,,90,,20,40,50,
698,14,,300,,,100,,0,,,,30,,10,20,40,
712,10,,800,,,500,,0,,,200,150,,,,150,
712,11,,200,,,80,,0,,,,40,,10,10,20,
713,10,,700,,,800,,0,,,250,200,,50,,300,
713,11,,300,,,150,,0,,,,60,,20,20,50,
714,10,,700,,,1000,,0,,,300,200,100,,100,300,
714,11,,100,,,60,,0,,,,30,10,,,20,
714,14,,200,,,70,,0,,,,40,,,10,20,
714,15,,4000,,,1500,,0,,,,,1500,,,0,
715,10,,400,,,600,,0,,,160,180,,10,,250,
715,11,,200,,,100,,0,,,,80,,,,20,
716,10,,800,,,1000,,0,,,350,300,,100,,250,
716,11,,200,,,90,,0,,,,40,,20,,30,
719,10,,700,,,700,,0,,,280,100,20,,,300,
719,11,,200,,,120,,0,,,,50,30,,20,20,
719,14,,100,,,50,,0,,,,20,,10,,20,
720,10,,600,,,700,,0,,,200,280,20,,,200,
720,11,,200,,,150,,0,,,,90,10,20,10,20,
720,14,,200,,,50,,0,,,,30,5,,,15,
720,15,,4000,,,2000,,0,,,,,2000,,,0,
757,5,,100,,2,10,,0,,,2,3,,,2,5,
757,10,,400,,200,700,,0,,,150,250,,,200,300,
757,11,,200,,50,200,,0,,,,150,,,20,80,
757,14,,100,,70,150,,0,,,,120,,,20,80,
758,2,,1500,,,300,,0,,,100,,200,,,0,
758,5,,200,,5,20,10,10000,,,4,3,,,3,5,
758,10,,2000,,250,3200,2300,460000,,,400,300,,,150,300,
758,11,,1000,,150,800,450,90000,,,,200,,,100,200,
758,14,,300,,50,350,150,30000,,,,100,,,50,100,
758,15,,7000,,,1400,,0,,,,,400,,,1000,
759,1,,2500,,,750,250,50000,,,300,,,,,200,
759,2,,5000,,,1000,,0,,,400,,300,,,300,
759,5,,250,,4,20,10,10000,,,3,3,,,3,5,
759,10,,1000,,300,1500,300,36000,,,300,300,,,500,400,
759,11,,1000,,100,800,400,80000,,,,200,,,100,200,
759,14,,250,,50,300,,0,,,,200,,,50,100,
759,15,,30000,,,6000,,0,,,,,4000,,,2000,
760,1,,1000,,,300,,0,,,100,,100,,,100,
760,2,,1000,,,200,,0,,,50,,70,,,80,
760,5,,200,,3,18,9,13500,,,3,3,,,2,4,
760,10,,1200,,300,1900,1000,200000,,,400,300,,,200,300,
760,11,,800,,100,850,400,80000,,,,250,,,150,150,
760,14,,200,,80,200,80,20000,,,,70,,,30,100,
760,15,,7100,,,1500,,0,,,,,500,,,1000,
761,1,,1000,,,300,,0,,,100,,100,,,100,
761,2,,2000,,,400,,0,,,100,,150,,,150,
761,5,,300,,4,25,10,10000,,,5,4,,,4,6,
761,10,,3000,,300,4800,3400,680000,,,600,400,,,200,500,
761,11,,1000,,100,900,400,80000,,,,300,,,100,200,
761,14,,300,,50,400,200,50000,,,,100,,,50,100,
761,15,,5800,,,1100,,0,,,,,500,,,600,
762,5,,100,,2,10,3,3000,,,2,3,,,,4,
762,10,,800,,200,1200,400,80000,,,200,300,,,200,300,
762,11,,200,,30,180,,0,,,,150,,,10,50,
762,14,,100,,50,150,,0,,,,100,,,20,80,
763,1,,1000,,,250,,0,,,100,,50,,,100,
763,2,,1000,,,200,,0,,,,,100,,,100,
763,5,,200,,2,20,8,8000,,,4,3,,,2,5,
763,10,,1000,,300,1600,700,140000,,,300,250,,100,150,400,
763,11,,1000,,100,1000,500,100000,,,,300,,,200,100,
763,14,,300,,100,350,200,50000,,,,100,,,50,100,
763,15,,7000,,,1400,,0,,,,,700,,,700,
764,5,,100,,2,10,,0,,,2,3,,,4,3,
764,10,,500,,200,800,250,50000,,,150,200,,,200,200,
764,12,,200,,50,200,,0,,,,150,,,20,80,
764,14,,200,,70,250,70,17500,,,,100,,,50,100,
764,15,,3000,,,600,600,36000,,,,,,,,0,
765,5,,200,,3,18,10,10000,,,4,2,,,2,3,
765,10,,2000,,250,3200,2100,420000,,,600,250,,,200,300,
765,11,,400,,60,350,60,12000,,,,200,,,50,100,
765,14,,200,,50,250,80,20000,,,,100,,,20,100,
765,15,,8400,,,1600,1600,96000,,,,,,,,0,
775,10,,1200,1200,,800,300,45000,,,150,150,,,,200,100
775,11,,600,600,,300,100,15000,,,20,80,,,,100,100
776,10,,500,500,,400,,0,,,100,150,,,,150,100
776,11,,500,500,,180,,0,,,20,80,,,,80,100
777,10,,500,500,,400,,0,,,50,150,,,,200,100
777,11,,300,300,,200,,0,,,20,80,,,,100,100
777,15,,4600,,,500,500,30000,,,,,,,,0,
778,10,,700,700,,500,,0,,,100,180,20,,,200,100
778,11,,500,500,,200,,0,,,20,70,30,,,80,100
778,15,,4000,,,500,,0,,,,,500,,,0,
779,10,,1200,1200,,800,300,45000,,,120,150,30,,,200,100
779,11,,800,800,,320,100,15000,,,20,80,20,,,100,100
779,15,,11000,,,1500,,0,,,,,700,,,800,
780,10,,700,700,,500,,0,,,150,150,,,,200,100
780,11,,400,400,,200,30,6000,,,20,70,,,,80,100
780,15,,7400,,,900,900,60000,,,,,,,,0,
781,10,,1500,1500,,1000,200,30000,,,150,250,,50,,350,100
781,11,,500,500,,220,,0,,,20,80,,20,,100,100
781,15,,11000,,,1200,1200,80000,,,,,,,,0,
782,10,,700,700,,500,,0,,,100,200,,,,200,100
782,11,,400,400,,220,,0,,,20,80,,20,,100,100
782,15,,5400,,,700,700,45000,,,,,,,,0,
783,10,,2000,2000,,1300,600,150000,,,200,200,,,,300,100
783,11,,500,500,,250,,0,,,20,100,,,,130,100
783,15,,13500,,,1700,1700,110000,,,,,,,,0,
786,14,,450,450,3,60,,0,,,,50,,,,13,100
789,14,,500,,,1200,500,225000,250,,,250,,,,200,100
792,14,,600,,10,700,395,178000,100,,,200,,,,15,100
793,5,,100,,4,20,10,15000,,,4,4,,,,6,100
793,10,,800,,200,2000,1700,200000,,,200,100,,,,200,100
793,11,,100,,50,150,100,10000,,,,40,,,,60,100
794,1,,20000,,500,5700,3900,600000,,,700,700,100,,,800,
794,2,,20000,,900,4200,1000,150000,,,500,,2500,,,1100,
794,5,,200,,7,36,13,20000,,,8,12,,,,10,100
794,10,,3200,,600,7100,6000,700000,,,,1000,200,,,500,100
794,11,,600,,100,1300,900,50000,,,,120,180,,,200,100
794,15,,24000,,5000,29000,14000,500000,,,,,10000,,,10000,
795,1,,20000,,800,5100,3700,580000,,,700,800,100,,,600,
795,2,,20000,,1000,4500,500,75000,,,500,,3000,,,1500,
795,5,,300,,10,70,40,60000,,,15,10,,,,15,100
795,10,,3200,,500,8500,6800,800000,,,1100,300,200,,100,500,100
795,11,,500,,100,1300,1000,60000,,,,100,200,,,100,100
795,15,,40000,,10000,34000,14000,550000,,,,,18000,,,12000,
796,1,,30000,,400,7300,5500,880000,,,1000,700,,,,500,
796,2,,20000,,800,4000,2000,300000,,,500,,1400,,,900,
796,5,,400,,12,90,62,90000,,,15,12,,,3,10,100
796,10,,4400,,500,12000,10000,1200000,,,1500,300,200,,100,400,100
796,11,,200,,70,700,500,30000,,,,100,100,,,70,100
796,15,,20000,,6000,28000,8000,320000,,,,,14000,,,12000,
797,1,,20000,,600,5400,3400,540000,,,700,800,100,,,1000,
797,2,,10000,,1000,2100,,0,,,400,,2100,,,600,
797,5,,100,,5,18,,0,,,4,10,,,,9,100
797,10,,1400,,400,3800,2700,320000,,,500,400,200,,,400,100
797,11,,500,,100,1100,800,48000,,,,120,180,,,100,100
797,15,,50000,,20000,40000,,0,,,,,34000,,,26000,
798,1,,10000,,300,2600,1600,250000,,,400,400,100,,,400,
798,5,,150,,5,35,20,30000,,,5,7,,,,8,100
798,10,,3150,,300,14000,12400,1500000,,,1200,250,150,,,300,100
798,11,,200,,70,600,300,18000,,,,70,200,,,100,100
798,15,,4500,,2500,3500,,0,,,,,3000,,,3000,
799,1,,21000,,600,5800,3800,600000,,,800,1000,,,,800,
799,2,,20000,,1300,4400,1000,150000,,,500,,2400,,,1800,
799,5,,200,,10,35,13,20000,,,8,14,,,,10,100
799,10,,3600,,800,10000,8200,950000,,,1300,500,200,,,600,100
799,11,,200,,100,200,,0,,,,200,,,,100,100
799,15,,30000,,12000,32000,13000,660000,,,,,20000,,,11000,
800,1,,10000,,500,2500,1000,160000,,,500,850,50,,,600,
800,2,,10000,,400,1800,,0,,,300,,1400,,,500,
800,5,,200,,6,40,20,30000,,,10,10,,,,6,100
800,10,,2600,,500,6000,4600,500000,,,800,300,200,,,600,100
800,11,,200,,80,500,200,12000,,,,100,180,,,100,100
800,15,,24000,,4000,32000,20000,2000000,,,,,10000,,,6000,
801,1,,5000,,400,1300,,0,,,200,600,200,,,700,
801,2,,5000,,500,1000,,0,,,150,,1000,,,350,
801,5,,200,,8,36,18,27000,,,8,10,,,,8,100
801,10,,1600,,500,3700,2700,320000,,,500,300,100,,,600,100
801,11,,200,,100,500,300,18000,,,,80,120,,,100,100
801,15,,15000,,6000,20000,11000,1100000,,,,,8000,,,7000,
811,10,,200,200,,250,150,30000,,,15,50,,5,,30,100
811,11,,300,300,,200,100,35000,,,20,40,,,10,30,100
811,14,,500,500,,600,300,250000,,,,100,,50,100,50,100
812,10,,200,200,,250,,0,,,30,150,,,20,50,100
812,11,,800,800,,500,250,180000,,,20,150,,10,20,50,100
812,14,,1200,1200,,600,400,250000,,,,150,,,20,30,100
813,10,,100,100,,100,,0,,,,90,,10,,0,100
813,11,,100,100,,100,,0,,,5,80,,10,,5,100
813,14,,200,200,,300,,0,,,,200,,10,50,40,100
814,11,,100,100,,80,,0,,,,60,,,5,15,100
814,14,,200,200,,240,,0,,,,200,,,5,35,100
815,10,,50,50,,60,,0,,,,50,,,10,0,100
815,11,,200,200,,250,,0,,,,180,,,20,50,100
815,14,,150,150,,200,,0,,,,150,,,20,30,100
816,10,,100,100,,120,,0,,,10,100,,,10,0,100
816,11,,300,300,,200,,0,,,15,150,,10,15,10,100
816,14,,600,600,,700,500,120000,,,,150,,,20,30,100
817,10,,200,200,,120,,0,,,20,100,,,,0,100
817,11,,200,200,,150,,0,,,20,80,,5,5,40,100
817,14,,200,200,,280,,0,,,,200,,20,10,50,100
818,10,,200,200,,220,,0,,,20,150,,10,20,20,100
818,11,,300,300,,200,,0,,,10,150,,,20,20,100
818,14,,500,500,,600,150,90000,,,,350,,,50,50,100
819,10,,100,100,,70,,0,,,,70,,,,0,100
819,11,,300,300,,210,,0,,,30,150,,,10,20,100
819,14,,400,400,,350,,0,,,,250,,15,50,35,100
820,5,,10,,,5,,0,,,,4,,,,1,100
820,10,,80,,,100,,0,,,,90,,,,10,100
820,12,,160,,,180,,0,50,,,100,,,,30,100
820,14,,1250,,,40,,0,10,,,30,,,,0,100
820,15,,15000,,,4000,,0,,,,,2000,,,2000,100
826,5,,10,,,4,,0,,,,2,,,,2,100
826,10,,90,,,100,,0,,,,70,,,,30,100
826,14,,400,,,50,,0,,,,50,,,,0,100
826,15,,34500,,,10000,,0,,,,,5000,,,5000,100
828,14,,800,,,80,,0,8,,,42,,,10,20,100
828,15,,9200,,,2600,,0,,,,,,2000,,600,0
829,1,,3000,3000,,600,,0,,,100,500,,,,0,100
829,10,,200,200,,260,,0,,,,160,,,,100,100
829,11,,300,300,,200,,0,,,,160,,,,40,100
829,14,,1500,1500,,400,200,225000,,,,120,,,,80,100
829,15,,18000,18000,,6000,,0,,,,,4000,,,2000,100
830,1,,10000,10000,,2200,600,90000,,,200,1000,,100,,300,100
830,10,,200,200,,180,,0,,,,180,,,,0,100
830,11,,200,200,,90,,0,,,,70,,,,20,100
830,14,,600,600,,200,,0,,,,100,,,50,50,100
830,15,,10000,,,3000,,0,,,,,1500,,,1500,
831,14,,1500,1500,,300,,0,,,,200,,,,100,100
832,1,,3000,3000,,500,,0,,,70,400,,30,,0,100
832,2,,2000,2000,,300,70,9100,,,30,,140,,,60,100
832,10,,200,200,,240,,0,,,,140,,,,100,100
832,11,,300,300,,180,,0,,,,120,,,,60,100
832,14,,1500,1500,,250,,0,,,,100,,,100,50,100
832,15,,13000,13000,,6500,,0,,,,,4500,,,2000,100
833,1,,10000,10000,,2500,700,105000,,,300,1000,300,,,200,100
833,10,,350,350,,400,,0,,,,280,,,,120,100
833,11,,250,250,,140,,0,,,,100,,,,40,100
833,14,,1400,1400,,800,500,100000,,,,150,,,100,50,100
833,15,,10000,10000,,4000,,0,,,,,4000,,,0,100
834,5,,50,50,,15,,0,,,,8,,,,7,100
834,11,,350,350,,220,,0,,,,160,,,,60,100
834,14,,1600,1600,,500,300,60000,,,,140,,,,60,100
834,15,,18000,18000,,7000,,0,,,,,5000,,,2000,100
835,1,,4500,4500,,800,,0,,,150,550,,,,100,100
835,2,,5000,5000,,950,300,36000,,150,150,,250,,,100,100
835,3,,500,500,,100,40,5600,,,,40,,,,20,100
835,11,,300,300,,180,,0,,,,140,,,,40,100
835,14,,1200,1200,,250,,0,,,,150,,,,100,100
835,15,,13500,13500,,5000,,0,,,,,4000,,,1000,100
836,1,,4000,4000,,700,,0,,,100,500,,,,100,100
836,10,,200,200,,130,,0,,,,130,,,,0,100
836,11,,200,200,,140,,0,,,,120,,,,20,100
836,14,,600,600,,350,250,50000,,,,70,,,,30,100
836,15,,5000,5000,,2000,,0,,,,,2000,,,0,100
837,1,,5000,5000,,800,,0,,,100,700,,,,0,100
837,2,,5000,5000,,500,250,32500,,,70,,180,,,0,100
837,14,,4000,4000,,500,300,75000,,,,100,,,,100,100
837,15,,11000,11000,,5000,,0,,,,,4000,,,1000,100
838,1,,1500,,100,400,,0,,,150,,200,,,150,
838,5,,100,,3,17,,0,,,2,8,,,3,7,100
838,10,,2000,,200,1700,,0,,,600,400,380,200,100,220,
838,11,,200,,10,400,,0,,,3,340,27,,,40,100
838,14,,400,,,150,,0,,,,130,,,,20,100
838,15,,10800,,2000,3000,,0,,,,,3000,,,2000,
839,5,,200,,7,18,,0,,,3,12,,,,10,100
839,10,,1000,,200,1100,,0,,,350,420,290,,,240,100
839,11,,300,,30,340,,0,,,4,316,,,,50,100
839,14,,500,,,250,,0,,,,250,,,,0,100
839,15,,13000,,1700,3250,,0,,,,,3150,,,1800,
840,5,,500,,10,40,10,8000,,,3,20,,,,17,100
840,10,,1000,,160,1100,,0,,,350,300,300,,140,170,100
840,11,,300,,30,450,,0,,,3,357,40,,,80,100
840,14,,500,,,120,,0,,,,120,,,,0,100
840,15,,15000,,1800,3750,,0,,,,,3150,,,2400,
840,16,,200,,40,120,,0,,,3,5,82,,,70,100
841,5,,200,,6,22,,0,,,3,12,,,6,7,100
841,10,,800,,175,920,,0,,,300,400,195,,,200,100
841,11,,200,,10,270,,0,,,3,242,,,,35,100
841,14,,300,,20,160,,0,,,,180,,,,0,100
841,15,,13500,,2000,3600,,0,,,,,3600,,,2000,
842,5,,100,,3,13,,0,,,1,11,,,,4,100
842,10,,400,,80,550,,0,,,200,220,100,,,110,100
842,11,,100,,20,180,,0,,,1,182,,,,17,100
842,14,,100,,20,70,,0,,,,90,,,,0,100
842,15,,14300,,1400,2860,,0,,,,,2410,,,1850,
843,5,,100,,4,17,,0,,,2,10,,,,9,100
843,10,,500,,90,540,,0,,,200,270,40,,,120,
843,11,,200,,27,310,,0,,,,200,,,,137,100
843,14,,200,,,120,,0,,,,120,,,,0,100
844,5,,100,,3,12,,0,,,3,8,,,,4,100
844,10,,600,,100,670,,0,,,200,300,110,,,160,100
844,11,,100,,20,240,,0,,,3,217,,,,40,100
844,14,,200,,,130,,0,,,,130,,,,0,100
844,15,,29000,,2000,6000,,0,,,,,4000,,,4000,
845,5,,200,,3,24,,0,,,2,12,,,,13,100
845,10,,400,,90,440,,0,,,150,200,35,,,145,100
845,11,,100,,20,170,,0,,,2,155,,,,33,100
846,1,,1500,,50,120,,0,,,,,70,,,100,
846,5,,100,,3,15,,0,,,3,8,,,,7,100
846,10,,1000,,170,1100,,0,,,350,440,290,,,190,35
846,11,,250,,20,300,,0,,,3,277,,,,40,100
846,14,,300,,,100,,0,,,,100,,,,0,100
846,15,,48850,,3000,9760,,0,,,,,8060,,,4700,
847,1,,5000,,,1000,,0,,,100,500,,150,50,200,
847,5,1,30,,,5,,0,,,1,2,,,,2,100
847,10,,100,,,60,,0,,,,60,,,,0,
847,11,,300,,,100,,0,,,,70,,,10,20,100
847,13,,2500,,,1200,700,98000,,,,450,,,50,0,
847,14,,400,,,50,,0,,,,40,,,10,0,
848,1,,2000,,,500,,0,,,100,,250,,,150,
848,5,1,35,,,15,,0,,,2,6,,,2,5,
848,10,,1000,,,1000,,0,,,200,200,300,,100,200,
848,11,,500,,,300,,0,,,,250,,,20,30,
848,13,,1500,,,600,,0,,,,550,,,50,0,100
848,14,,1000,,,70,,0,,,,70,,,,0,
848,15,,5000,,,3000,,0,,,,,3000,,,0,
849,1,,1500,,,300,,0,,,,,150,,,150,
849,5,1,50,50,,35,,0,,,2,10,,,10,13,100
849,10,,200,200,,220,,0,,,,120,50,,50,0,100
849,11,,800,800,,300,,0,,,,200,,,50,50,100
849,13,,1500,1500,,700,,0,,,,630,,,70,0,100
849,14,,1000,,,150,,0,,,,100,,,50,0,80
849,15,,6000,,,5000,,0,,,,,3000,,,2000,
850,5,1,20,,2,6,,0,,,1,2,,,2,3,100
850,10,,200,,,150,,0,,,30,30,,,50,40,
850,11,,200,,,120,,0,,,,90,,,20,10,100
850,14,,600,,,100,,0,,,,70,,,30,0,
851,1,,6000,,,1500,,0,,,200,,600,100,100,500,
851,5,1,30,,2,5,,0,,,1,3,,,,3,100
851,10,,100,,,120,,0,,,,120,,,,0,
851,11,,300,,,200,,0,,,,150,,,20,30,100
851,13,,3500,3500,,300,,0,,,,250,,,50,0,100
851,14,,600,,,50,,0,,,,50,,,,0,
852,5,1,20,,,6,,0,,,1,3,,,,2,
852,10,,200,,,120,,0,,,,120,,,,0,
852,11,,200,,,100,,0,,,,85,,,,15,
852,13,,50,,,200,,0,,,,200,,,,0,
852,14,,550,,,50,,0,,,,50,,,,0,
853,5,1,50,,2,13,,0,,,2,7,,,,6,
853,10,,1000,,,800,,0,,,200,200,150,,50,200,
853,11,,300,,,150,,0,,,,110,,,10,30,
853,13,,1000,,,500,,0,,,,470,,,30,0,
853,14,,500,,,100,,0,,,,90,,,10,0,
853,15,,14000,,,7000,,0,,,,,4500,,,2500,
854,5,1,20,,2,8,,0,,,1,3,,,2,4,
854,10,,300,,,150,,0,,,,100,,,50,0,
854,11,,200,,,120,,0,,,,80,,,15,25,
854,13,,3000,,,600,,0,,,,550,,,50,0,
854,14,,300,,,80,,0,,,,70,,,10,0,
854,15,,10000,,,4000,,0,,,,,2000,,,2000,
855,1,,5000,,,2000,,0,,,,,700,150,150,1000,
855,5,1,30,,,8,,0,,,1,3,,,,4,
855,11,,300,,,100,,0,,,,80,,,,20,
855,13,,1800,1800,,1000,,0,,,,900,,,100,0,100
855,14,,700,,,80,,0,,,,70,,10,,0,
855,15,,6000,,,3000,,0,,,,,3000,,,0,
856,11,,450,,,120,,0,,,,120,,,,0,100
856,13,,10,,,50,,0,,,,50,,,,0,
856,14,,40,,,70,,0,,,,70,,,,0,
859,11,,150,,,70,,0,,,,70,,,,0,100
859,14,,50,,,60,,0,,,,60,,,,0,
860,11,,250,,,70,,0,,,,70,,,,0,100
860,14,,100,,,120,,0,,,,120,,,,0,
861,11,,300,,,100,,0,,,,100,,,,0,100
861,14,,50,,,150,,0,,,,150,,,,0,
862,11,,200,,,70,,0,,,,70,,,,0,100
862,14,,300,,,200,,0,,,,200,,,,0,
863,11,,300,,,70,,0,,,,70,,,,0,100
863,14,,100,,,100,,0,,,,100,,,,0,
864,11,,30,,,20,,0,,,,20,,,,0,100
864,14,,70,,,150,,0,,,,150,,,,0,100
892,11,,30,,,80,,0,,,,50,,,,30,100
892,13,,20,,,60,,0,,,,40,,,,20,100
892,14,,50,,,100,,0,,,,70,,,,30,100
895,14,,10,,,21,,0,,,,21,,,,0,100
898,11,,20,,,25,,0,,,,25,,,,0,100
898,14,,20,,,40,,0,,,,37,,,,3,100
905,11,,50,,,20,,0,,,,20,,,,0,100
905,13,,50,,,100,,0,,,,100,,,,0,100
905,14,,200,,,300,,0,,,,300,,,,0,100
907,13,,100,,,200,,0,,,,150,,,50,0,100
907,14,,200,,,300,,0,,,,200,,,100,0,100
909,13,,100,,,30,,0,,,,30,,,,0,100
909,14,,200,,,80,,0,,,,80,,,,0,100
910,10,,350,350,500,1200,750,150000,,,200,250,,,250,250,100
910,11,,50,50,30,40,,0,,,,40,,,10,20,100
919,14,,2200,2200,30,,,0,,,,30,,,,0,100
920,11,,100,100,,20,,0,,,,20,,,,0,100
920,13,,20,20,,10,,0,,,,10,,,,0,100
920,14,,280,280,,,,0,,,,,,,,0,100
922,12,,400,,,,,0,,,,,,,,0,100
925,14,,1000,1000,25,65,,0,25,,,50,,,,15,100
927,14,,2000,2000,,,,0,,,,,,,,0,100
947,14,,400,400,,,,0,,,,,,,,0,100
952,10,,40,,,180,,0,,,,180,,,,0,100
952,11,,400,,,490,,0,,,,490,,,,0,100
952,14,,60,,,28,,0,,,,28,,,,0,100
982,13,,3000,3000,,2500,2330,310000,,,,70,,,,100,100
982,14,,1200,1200,,800,620,200000,,,,60,,,,120,100
983,14,,1300,1300,,1100,850,300000,,,,100,,,,150,100
984,14,,1300,1300,,2000,1650,360000,,,,100,,,100,150,100
985,11,,200,200,,160,,0,,,,140,20,,,0,100
985,13,,3000,3000,,2300,2000,500000,,,,200,,,,100,100
985,14,,2000,2000,,4000,3630,798600,,,,120,50,30,,170,100
986,10,,200,200,,400,,0,,,100,150,,,,150,100
986,11,,1100,1100,,2000,1540,230000,,,,300,60,,40,60,100
986,13,,3000,3000,,4000,3400,850000,,,,300,,,100,200,100
986,14,,3000,3000,,5000,4200,1260000,200,,,250,50,,150,150,100
987,13,,2000,2000,,3500,3250,850000,,,,150,,,,100,100
987,14,,1400,1400,,3000,2700,540000,,,,120,,,,180,100
989,13,,700,700,,1200,900,250000,,,,200,,,,100,100
989,14,,700,700,,1500,1200,280000,100,,,150,,,,50,100
990,14,,1200,1200,,800,500,100000,,,,200,,,,100,100
991,14,,1200,1200,30,180,30,20000,,,,140,,,,40,100
991,15,1,1200,1200,,350,,0,,350,,,,,,0,100
992,14,,600,600,20,100,,0,,,,100,,,,20,100
992,15,1,600,600,,200,,0,,200,,,,,,0,100
993,14,,1000,1000,40,170,30,28000,,,,130,,,,50,100
993,15,1,1000,1000,,350,,0,,350,,,,,,0,100
994,14,,800,800,30,120,,0,,,,110,,,,40,100
994,15,1,800,800,,250,,0,,250,,,,,,0,100
995,14,,1000,1000,30,160,,0,,,,160,,,,30,100
995,15,1,1000,1000,,300,,0,,300,,,,,,0,100
996,14,,700,700,20,120,,0,,,,100,,,,40,100
996,15,1,700,700,,200,,0,,200,,,,,,0,100
997,14,,600,600,20,110,,0,,,,90,,,,40,100
998,14,,800,800,20,120,,0,,,,110,,,,30,100
998,15,1,800,800,,200,,0,,200,,,,,,0,100
999,14,,600,600,,130,,0,,,,130,,,,0,100
999,15,1,600,600,,130,,0,,130,,,,,,0,100
1000,10,,1200,1200,380,1020,580,100000,,,300,120,,,50,350,100
1001,10,,1200,1200,350,1050,550,100000,,,300,110,,,40,400,100
1002,10,,1000,1000,350,850,300,60000,,,330,170,,,50,350,100
1003,10,,1200,1200,400,1000,380,80000,,,400,180,,,40,400,100
1004,1,,10000,,500,1700,500,800000,,60,250,570,270,,,550,
1004,10,,1000,1000,300,900,400,70000,,,300,200,,,,300,100
1004,15,,10000,,300,2800,,0,,,,,1500,,,1600,
1005,1,,10000,,500,1900,350,60000,,40,250,700,260,,,800,
1005,10,,1000,1000,300,860,280,60000,,,350,200,,,,330,100
1005,15,,9000,,200,2800,,0,,,,,1500,,,1500,
1006,1,,10000,,650,1850,440,71000,,,250,710,280,,,820,
1006,10,,1500,1500,400,1250,450,80000,,,500,250,,,50,400,100
1006,15,,10000,,100,3000,,0,,,,,1500,,,1600,
1007,10,,1200,1200,400,1000,500,95000,,100,300,170,,30,,300,100
1008,10,,1500,1500,380,1170,520,90000,,,400,180,,,50,400,100
1009,14,,500,,,100,,0,,,,100,,,,0,100
1010,14,,800,,,200,,0,,,,200,,,,0,100
1011,11,,300,300,,100,,0,,,,100,,,,0,100
1011,14,,200,200,,200,120,30000,,,,60,,,,20,100
1012,11,,500,,,300,200,30000,,,,100,,,,0,100
1012,14,,1100,,,500,440,110000,,,,60,,,,0,100
1012,16,,8000,8000,,1500,780,546000,,,,20,,,,700,100
1013,11,,300,,,625,600,90000,,,,25,,,,0,100
1013,13,,450,450,,210,200,29000,,,,10,,,,0,100
1013,14,,700,,,100,90,22500,,,,10,,,,0,100
1014,14,,250,,,100,,0,,,,100,,,,0,100
1017,13,,8600,8600,,8100,8000,1160000,,,,100,,,,0,100
1017,15,,6000,6000,,6400,6400,355000,,,,,,,,0,100
1020,11,1,200,,,30,,0,,,,30,,,,0,100
1020,13,,100,,,20,,0,,,,20,,,,0,100
1020,14,,100,,,20,,0,,,,20,,,,0,100
1021,11,1,400,400,,80,,0,,,,80,,,,0,100
1021,14,,100,100,,40,,0,,,,40,,,,0,100
1022,11,1,200,200,,40,,0,,,,40,,,,0,100
1022,14,,200,200,,60,,0,,,,40,,,20,0,100
1024,12,1,200,200,,20,,0,,,,20,,,,0,100
1024,13,,100,100,,25,,0,,,,25,,,,0,100
1024,14,,100,100,,30,,0,,,,30,,,,0,100
1025,11,,100,100,,20,,0,,,,20,,,,0,100
1025,14,,200,200,,50,,0,,,,30,,,20,0,100
1026,13,,100,100,,30,,0,,,,30,,,,0,
1026,14,,200,200,,50,,0,,,,20,,,30,0,100
1045,14,,4000,4000,,,,0,,,,,,,,0,100
1055,11,,4200,4200,,8800,8600,1032000,,,,200,,,,0,100
1056,11,,1280,1280,,3700,3600,360000,,,,100,,,,0,100
1056,12,,2720,2720,,5200,5100,612000,,,,100,,,,0,100
1057,11,,1650,,,3900,3650,401500,,,,250,,,,0,100
1058,11,,650,,,1500,1450,145000,,,,50,,,,0,100
1059,11,,1700,,,3750,3550,390500,,,,200,,,,0,100
1060,11,,4500,3500,,6600,6350,508000,,,,250,,,,0,100
1061,11,,6950,6200,,11800,11650,1165000,,,,150,,,,0,100
1062,11,,1200,,,3500,3400,408000,,,,100,,,,0,100
1067,12,,1000,1000,,1000,,0,,,,1000,,,,0,100
1067,13,,5000,5000,,10000,9000,1305000,,,,700,,,300,0,100
1067,14,,1000,1000,,1600,1000,250000,,,,600,,,,0,100
1068,11,,4200,4200,,10500,9000,720000,,,,1000,,,500,0,100
1068,14,,2000,2000,,2800,1800,500000,,,,800,,,200,0,100
1068,15,1,1000,1000,,2500,,0,,,,,2500,,,0,100
1072,13,,400,400,,,,0,,,,,,,,0,100
1072,14,,400,400,,,,0,,,,,,,,0,100
1074,13,,25000,25000,,15000,15000,1950000,,,,,,,,0,100
1081,10,,370,370,200,1800,1300,195000,,,200,200,100,,,200,100
1081,11,,20,20,,20,,0,,,,20,,,,0,100
1081,14,,10,10,,120,,0,,,,100,,,,20,100
1081,15,,9600,,700,3600,,0,,,,,2600,,,1700,
1082,10,,370,370,200,800,,0,,,200,300,100,,,400,100
1082,11,,20,20,,20,,0,,,,20,,,,0,100
1082,14,,10,10,30,130,,0,,,,120,,,,40,100
1082,15,,7600,,300,3500,,0,,,,,2700,,,1100,
1083,2,,500,,80,300,,0,,,150,,150,,,80,
1083,10,,1170,1170,300,4000,3000,450000,,,500,300,200,,,300,100
1083,11,,20,20,,25,,0,,,,25,,,,0,100
1083,14,,10,10,30,200,,0,,,,130,40,20,,40,100
1083,15,,8300,,700,2300,,0,,,,,2300,,,700,
1084,10,,270,270,200,1300,500,100000,,,150,500,,50,100,200,100
1084,11,,20,20,,40,,0,,,,40,,,,0,100
1084,14,,10,10,30,150,,0,,,,150,,,,30,100
1085,10,,370,370,250,1500,1000,110000,,,200,200,,50,,300,100
1085,11,,20,20,,25,,0,,,,25,,,,0,100
1085,14,,10,10,40,140,,0,,,,150,,,,30,100
1086,10,,380,380,200,1600,800,120000,,,200,400,100,,,300,100
1086,11,,10,10,,20,,0,,,,20,,,,0,100
1086,14,,10,10,20,100,,0,,,,80,10,,,30,100
1086,15,,9600,,300,5000,2000,160000,,,,,2700,,,600,
1087,10,,370,370,300,1800,1000,160000,,,200,600,,,,300,100
1087,11,,20,20,,25,,0,,,,25,,,,0,100
1087,14,,10,10,30,140,,0,,,,150,,,,20,100
1087,15,,9600,,700,5600,,0,,,,,3000,,,3300,
1088,10,,370,370,200,1800,1200,180000,,,200,250,50,,,300,100
1088,11,,20,20,,15,,0,,,,15,,,,0,100
1088,14,,10,10,20,100,,0,,,,80,,,,40,100
1088,15,,7600,,400,4500,,0,,,,,2700,,,2200,
1089,10,,380,380,200,1000,,0,,,200,500,,,,500,100
1089,11,,10,10,,20,,0,,,,20,,,,0,100
1089,14,,10,10,30,150,,0,,,,140,,,,40,100
1089,15,,9600,,600,4000,,0,,,,,2600,,,2000,
1090,10,,390,390,200,350,,0,,,120,130,,,150,150,100
1090,11,,5,5,30,60,,0,,,,20,,5,30,35,100
1090,14,,5,5,40,80,,0,,,,30,,10,45,35,100
1091,10,,590,590,500,700,,0,,,320,200,,30,,650,100
1091,11,,5,5,20,50,,0,,,,40,,20,,10,100
1091,14,,5,5,30,60,,0,,,,50,,20,,20,100
1092,10,,585,585,400,650,,0,,,240,250,,20,,540,100
1092,11,,10,10,80,100,,0,,,,70,,30,,80,100
1092,14,,5,5,30,60,,0,,,,40,,20,,30,100
1093,10,,390,390,250,500,,0,,,120,150,,50,,430,100
1093,11,,5,5,30,60,,0,,,,40,,10,,40,100
1093,14,,5,5,30,50,,0,,,,40,,20,,20,100
1094,10,,590,590,350,600,,0,,,240,100,,10,150,450,100
1094,11,,5,5,40,60,,0,,,,30,,15,30,25,100
1094,14,,5,5,50,80,,0,,,,40,,20,50,20,100
1097,10,,390,390,200,400,,0,,,120,200,,30,,250,100
1097,11,,5,5,30,70,,0,,,,50,,20,,30,100
1097,14,,5,5,40,90,,0,,,,60,,20,,50,100
1098,10,,390,390,200,400,,0,,,120,200,50,,,230,100
1098,11,,5,5,30,60,,0,,,,40,10,5,,35,100
1098,14,,5,5,35,70,,0,,,,40,20,10,,35,100
1099,1,,5000,5000,200,800,130,16000,,,170,500,,,,200,100
1099,10,,3200,3200,2300,12000,9200,920000,,,1400,500,1200,,,2000,100
1099,15,,5000,,500,1300,,0,,,,,1800,,,0,
1100,10,,1200,1200,500,700,,0,,,480,300,60,,,360,100
1101,10,,500,500,300,700,,0,,,240,200,,,,560,100
1101,11,,100,100,40,200,,0,,,2,180,,,,58,100
1102,2,,2700,,200,800,750,112500,,,250,,,,,0,
1102,10,,1000,1000,600,10000,9000,900000,,,500,400,,100,,600,100
1102,11,,200,200,100,600,,0,,,,300,,100,,300,100
1103,1,,4000,,600,1000,800,120000,500,,140,,60,,,100,
1103,10,,3100,3100,1600,20000,17000,1700000,,,1400,600,300,100,,2200,100
1103,15,,4000,,5000,2000,,0,,,,,6000,,,1000,
1104,10,,1200,1200,400,800,,0,,,480,300,,,,420,100
1105,10,,100,100,80,200,100,20000,,,,80,,,,100,100
1105,11,,100,100,50,100,30,15000,,,,70,,,,50,100
1106,10,,500,500,300,700,240,24000,,,160,200,,,,400,100
1106,11,,100,100,40,100,,0,,,2,128,,,,10,100
1107,10,,1400,1400,600,8000,5500,550000,,,600,400,600,500,,1000,100
1107,11,,100,100,50,550,150,15800,,,,200,,,,250,100
1117,10,,1200,,500,400,,0,,,,500,200,50,50,100,
1117,11,,300,,100,90,20,8000,,,,100,20,,,50,100
1117,14,,500,,100,,,0,,,,100,,,,0,
1117,15,,44000,,3000,14000,10000,600000,,,,,2000,,,5000,
1118,5,1,30,,4,,,0,,,1,3,,,,0,100
1118,10,,500,,300,250,,0,,,150,200,,,100,100,
1118,11,,200,,60,50,,0,,,,60,,,30,20,100
1118,14,,200,,50,,,0,,,,30,,,20,0,
1119,10,,500,,200,150,,0,,,,250,,,,100,
1119,11,,200,,50,120,50,25000,,,,50,,,10,60,100
1119,14,,300,,100,,,0,,,,90,,,10,0,
1120,4,1,20,,5,,,0,,,,5,,,,0,
1120,10,,1200,,400,700,,0,,,300,400,,,100,300,
1120,11,,100,,30,60,,0,,,,80,,,,10,100
1120,14,,200,,40,,,0,,,,40,,,,0,
1120,15,,30000,,7000,11250,,0,,,,,8250,,,10000,
1121,10,,1500,,500,800,,0,,,,900,,,,400,
1121,11,,200,,,60,,0,,,,60,,,,0,
1121,14,,300,,,50,,0,,,,50,,,,0,
1121,15,,12100,,2000,4000,,0,,,,,2500,,,3500,
1122,10,,800,,300,400,,0,,,,600,,,,100,
1122,11,,100,,50,60,,0,,,,90,,,,20,100
1122,14,,300,,80,,,0,,,,80,,,,0,
1122,15,,11000,,4000,3000,,0,,,,,4000,,,3000,
1123,10,,550,,150,300,,0,,,150,120,,,,180,
1123,11,,100,,50,100,40,16000,,,3,50,,,7,50,100
1123,14,,150,,50,,,0,,,,50,,,,0,
1124,5,1,20,,7,,,0,,,,7,,,,0,
1124,10,,1700,,400,700,,0,,,,500,100,,200,300,
1124,11,,100,,30,90,,0,,,,80,,,20,20,100
1124,14,,200,,60,,,0,,,,60,,,,0,
1124,15,,35000,,6000,12000,,0,,,,,7000,,,11000,
1125,5,1,30,,4,,,0,,,,4,,,,0,
1125,10,,500,,300,400,,0,,,,500,50,,50,100,
1125,11,,200,,50,70,,0,,,,80,,,10,30,100
1125,14,,300,,100,,,0,,,,100,,,,0,
1125,15,,33000,,5000,12000,,0,,,,,7500,,,9500,
1129,10,,200,,,150,,0,,,,150,,,,0,
1129,11,,200,,,20,,0,,,,20,,,,0,100
1129,14,,100,,,10,,0,,,,10,,,,0,
1133,10,,50,,,60,,0,,,,60,,,,0,100
1133,11,,50,,,20,,0,,,,20,,,,0,100
1133,14,,100,,,50,,0,,,,20,,20,,10,
1144,10,,400,,,700,,0,,,300,150,,50,,200,100
1144,11,,300,,,150,,0,,,,100,,,,50,100
1145,10,,400,,,500,,0,,,200,150,,50,,100,100
1145,11,,400,,,300,,0,,,150,100,,,,50,100
1146,10,,1000,,,1000,,0,,,400,300,50,50,,200,100
1146,11,,500,,,300,,0,,,,200,20,30,,50,100
1146,15,,10000,,,2500,,0,,,,,2000,,,500,
1147,10,,800,,,1000,,0,,,320,350,80,50,,200,100
1147,11,,400,,,300,,0,,,150,50,20,30,,50,100
1147,15,,8000,,,2000,,0,,,,,2000,,,0,
1148,10,,800,,,800,,0,,,350,150,100,50,,150,100
1148,11,,400,,,150,,0,,,,80,20,30,,20,100
1149,10,,900,,,1000,,0,,,350,200,150,50,50,200,100
1149,11,,600,,,250,,0,,,,100,30,50,,70,100
1149,15,,4000,,,3000,,0,,,,,2000,,,1000,
1150,10,,600,,,900,,0,,,250,300,,50,,300,100
1150,11,,200,,,100,,0,,,,60,,20,,20,100
1151,10,,1000,,,2000,,0,,,400,700,200,100,100,500,100
1151,11,,600,,,300,,0,,,,100,,20,80,100,100
1151,15,,5000,,,3500,,0,,,,,3000,,,500,
1152,10,,1200,,,1000,,0,,,400,200,,,100,300,100
1152,11,,800,,,400,,0,,,200,80,,20,20,80,100
1153,10,,400,,400,700,100,15000,,,300,200,100,,,400,
1154,10,,60,,120,300,,0,,,80,220,,,,120,
1156,1,,2000,,800,2000,500,80000,,,500,500,200,,300,800,
1156,2,,1000,,700,2000,500,75000,,300,500,,500,,200,700,
1156,10,,200,,200,400,,0,,,150,250,,,,200,
1157,10,,200,,250,400,,0,,,100,150,,,250,150,
1158,1,,500,,500,1200,,0,,,500,500,,,200,500,
1158,2,,500,,500,1000,,0,,,500,,500,,,500,
1159,10,,80,,200,350,,0,,,100,150,50,,50,200,
1160,1,,1000,,500,1200,200,32000,,,500,500,,,,500,
1160,2,,1000,,500,1200,200,30000,,,500,,500,,,500,
1160,10,,100,,200,450,,0,,,150,200,,,100,200,
1162,11,,200,200,,60,,0,,,,60,,,,0,100
1162,14,,200,200,,50,,0,,,,50,,,,0,100
1163,11,,30,30,,50,,0,,,,50,,,,0,100
1163,14,,570,570,50,100,,0,,,,150,,,,0,100
1164,11,,100,100,,50,,0,,,,50,,,,0,100
1164,14,,100,100,,60,,0,,,,60,,,,0,100
1165,14,,180,180,,40,,0,,,,40,,,,0,100
1166,11,,50,50,,40,,0,,,,40,,,,0,100
1166,14,,650,650,,70,,0,,,,70,,,,0,100
1167,14,,100,,,,,0,,,,,,,,0,100
1168,1,,10000,,,3000,,0,,,300,500,300,,,1900,
1168,14,,800,800,100,200,,0,,,,225,,,,75,100
1169,11,,200,200,,100,,0,,,,100,,,,0,100
1169,14,,800,800,50,80,,0,,,,130,,,,0,100
1170,14,,2000,2000,80,200,,0,,,,180,,,,100,100
1172,14,,400,400,,30,,0,,,,30,,,,0,100
1173,14,,400,400,,60,,0,,,,60,,,,0,100
1174,14,,400,400,,100,,0,,,,70,,,,30,100
1175,14,,400,400,,150,,0,,,,150,,,,0,100
1176,14,,400,400,,80,,0,,,,80,,,,0,100
1178,14,,450,450,,40,,0,,,,40,,,,0,100
1179,14,,400,400,,180,,0,,,,180,,,,0,100
1198,1,,18000,,,4800,2000,275000,,800,800,400,400,,,400,
1198,2,,10000,,,2400,1200,150000,,,300,,400,,,500,
1198,10,,700,700,,2400,1400,160000,,,400,400,,,,200,100
1198,11,,200,200,,1100,700,95000,,,,300,,,,100,100
1198,16,1,28000,,,7000,,0,,,,,4000,,,3000,
1199,1,,7500,,,2100,1500,210000,,,300,,200,,,100,
1199,10,,1000,1000,,2800,1500,180000,,,300,500,,,,500,100
1199,11,,200,200,,1100,700,90000,,,,400,,,,0,100
1199,16,1,7500,,,2500,,0,,,,,1500,,,1000,
1200,1,,6000,,,2300,1000,140000,,,300,400,,,,600,
1200,2,,5000,,,1600,600,75000,,,300,,600,,,100,
1200,10,,1000,1000,,2800,1000,125000,,,600,400,,,,800,100
1200,11,,200,200,,1100,600,75000,,,,400,,,,100,100
1200,16,1,11000,,,2700,,0,,,,,2000,,,700,
1201,1,,10000,,,2800,1000,145000,,800,400,400,,,,200,
1201,2,,10000,,,2400,1000,130000,,400,400,,600,,,0,
1201,10,,3000,3000,,7200,4000,500000,,,1000,600,,,,1600,100
1201,11,,1000,1000,,4000,3000,360000,,,,600,,,,400,100
1201,16,1,20000,,,5000,,0,,,,,3000,,,2000,
1202,1,,8000,,,2000,1000,135000,,,300,400,,,,300,
1202,10,,500,500,,1800,800,110000,,,400,400,,,,200,100
1202,11,,200,200,,1000,500,70000,,,,400,,,,100,100
1203,1,,10000,,,2700,1500,220000,,500,400,,,,,300,
1203,2,,11000,,,2900,1500,210000,,500,400,,,,,500,
1203,10,,1000,1000,,2800,2000,230000,,,400,,,,,400,100
1203,11,,300,300,,1500,1000,130000,,,400,,,,,100,100
1203,16,1,21000,,,4000,4000,80000,,,,,,,,0,
1204,1,,6000,,,1500,600,95000,,,300,400,,,,200,
1204,2,,5000,,,1250,800,130000,,,200,,250,,,0,
1204,10,,2000,2000,,4800,2000,250000,,,800,600,,,,1400,100
1204,11,,700,700,,2900,2000,260000,,,,500,200,,,200,100
1204,16,1,11000,,,3000,,0,,,,,2000,,,1000,
1205,1,,10000,,,2600,2000,280000,,,400,,,,,200,
1205,2,,7000,,,1800,1000,130000,,,300,,,,,500,
1205,10,,400,400,,900,,0,,,200,600,,,,100,100
1205,11,,100,100,,520,,0,,,,520,,,,0,100
1206,1,,10000,,,2700,1000,145000,,500,400,600,,,,200,
1206,2,,10000,,,2400,1000,140000,,,400,,600,,,400,
1206,10,,2000,2000,,2800,1500,190000,,,500,600,,100,,100,100
1206,11,,400,400,,2200,1500,170000,,,,600,,,,100,100
1206,16,1,20000,,,5000,,0,,,,,3000,,,2000,
1207,1,,5800,5800,,1100,,0,,,300,270,130,,,400,100
1207,10,,700,700,,600,,0,,,150,170,30,,,250,100
1207,11,,500,500,,300,,0,,,20,100,30,,,150,100
1207,15,,30000,30000,,4000,,0,,,,,1800,,,2200,100
1207,16,1,5800,5800,,600,,0,,,,,600,,,0,100
1208,1,,10800,10800,,2000,700,90000,,,500,380,,,,420,100
1208,10,,800,800,,700,,0,,,200,200,30,,,270,100
1208,11,,400,400,,250,,0,,,30,80,20,,,120,100
1208,15,,30000,30000,,4000,,0,,,,,2000,,,2000,100
1208,16,1,10800,10800,,1000,,0,,,,,500,,,500,100
1209,10,,700,700,,600,150,22500,,,200,100,,,,150,100
1209,11,,500,500,,280,130,19000,,,20,50,,,,80,100
1210,10,,600,600,,500,,0,,,150,150,,,,200,100
1210,11,,600,600,,350,,0,,,30,100,,20,,200,100
1210,15,,15000,15000,,2250,2250,150000,,,,,,,,0,100
1211,10,,1000,1000,,800,100,15000,,,200,200,,30,,270,100
1211,11,,500,500,,300,,0,,,30,100,,20,,150,100
1211,14,,100,100,,200,,0,,,,80,,,,120,100
1211,15,,3000,3000,,450,450,30000,,,,,,,,0,100
1212,1,,9400,9400,,2000,1000,130000,,,500,65,,,,435,100
1212,10,,1000,1000,,800,300,45000,,,200,50,,,150,100,100
1212,11,,600,600,,350,100,15000,,,30,40,,,100,80,100
1212,15,,20000,20000,,2500,2500,160000,,,,,,,,0,100
1213,10,,700,,,600,,0,,,100,200,,,,300,100
1213,11,,500,,,280,,0,,,20,100,,,,160,100
1213,15,,3800,,,500,500,30000,,,,,,,,0,100
1214,10,,300,300,,250,,0,,,50,40,,,100,60,100
1214,11,,200,200,,100,,0,,,,30,,,20,50,100
1215,10,,800,800,,700,,0,,,150,220,30,,,300,100
1215,11,,500,500,,280,,0,,,20,80,30,,,150,100
1225,5,,50,,4,10,,0,,,2,7,,,,5,100
1225,10,,200,,100,400,,0,,,70,250,,,,180,100
1225,11,,50,,40,130,,0,,,,110,,,,60,100
1226,5,,50,,4,10,,0,,,2,7,,,,5,100
1226,10,,200,,100,400,,0,,,80,200,,,,220,100
1226,11,,50,,50,100,,0,,,,90,,,,60,100
1227,5,,50,,5,11,,0,,,2,7,,,1,6,100
1227,10,,200,,100,400,,0,,,100,300,,,,100,100
1227,11,,50,,30,100,,0,,,,80,,,,50,100
1228,5,,50,,4,10,,0,,,2,7,,,,5,100
1228,10,,200,,150,450,,0,,,100,250,,,,250,100
1228,11,,50,,40,120,,0,,,,90,,,,70,100
1231,5,,50,,5,11,,0,,,2,7,,,,7,100
1231,10,,200,,150,500,,0,,,70,300,,,100,180,100
1231,11,,50,,50,130,,0,,,,120,,,,60,100
1233,5,,50,,4,10,,0,,,2,6,,,2,4,100
1233,10,,200,,150,450,,0,,,100,200,,,150,150,100
1233,11,,50,,30,100,,0,,,,80,,,20,30,100
1234,2,,16000,,120,4700,1000,140000,,,350,,3320,,,150,
1234,5,,200,200,,48,20,20000,,,5,20,,,,3,100
1234,10,,600,600,350,1000,150,27000,,,200,550,150,,,300,100
1234,11,,100,100,,175,,0,,,,150,,,,25,100
1234,14,,100,100,30,80,,0,,,,80,,,,30,100
1235,5,,400,400,10,96,66,66000,,,10,15,,,,15,100
1235,10,,600,600,150,1000,300,54000,,,250,400,,,,200,100
1235,11,,200,200,,310,,0,,,,270,,,,40,100
1236,1,,30000,,500,8200,5600,690000,,,1000,1000,500,,,600,
1236,2,,20000,,200,5600,1900,266000,,,600,,3000,,,300,
1236,5,,200,200,6,48,30,30000,,,7,10,,,,7,100
1236,10,,600,600,150,1000,350,52500,,,200,350,100,,,150,100
1236,11,,100,100,,150,,0,,,,150,,,,0,100
1236,14,,100,100,,90,,0,,,,90,,,,0,100
1237,1,,22400,,100,6250,4450,550000,100,,650,200,500,,300,150,
1237,5,,200,200,8,40,10,10000,,,6,7,,,15,10,100
1237,10,,400,400,90,700,220,39600,,,,150,120,,200,100,100
1237,11,,200,200,,300,50,15000,,,,200,,,50,0,
1237,14,,200,200,,200,30,9000,,,,130,,,40,0,100
1238,1,,8000,,100,1500,650,79000,,,200,300,300,,,150,
1238,2,,8000,,150,1700,1150,161000,,,200,,300,,,200,
1238,5,,300,300,8,60,38,38000,,,10,10,,,,10,100
1238,10,,500,500,100,900,220,33000,,,180,250,200,,,150,100
1238,11,,100,100,,155,,0,,,,135,,,,20,100
1238,14,,100,100,,97,,0,,,,97,,,,0,100
1239,1,,12000,,200,3070,1770,218000,,,400,350,500,,,250,
1239,3,,4000,,130,1084,94,13100,,,100,120,700,,,200,
1239,5,,300,300,5,72,55,55000,,,7,10,,,,5,100
1239,10,,400,400,120,720,90,16200,,,200,350,50,,,150,100
1239,11,,100,100,,174,,0,,,,174,,,,0,100
1239,14,,200,200,,198,,0,,,,198,,,,0,100
1239,15,,1800,,50,500,,0,,,,,550,,,0,
1240,1,,6000,,150,1500,200,26000,,,200,750,270,,,230,
1240,5,,300,300,5,72,33,33000,,,6,20,,,,18,100
1240,10,,500,500,200,900,100,17000,,,200,400,150,,,250,100
1240,11,,100,100,,160,,0,,,,140,,,,20,100
1240,14,,100,100,,106,,0,,,,90,,,,16,100
1240,15,,15000,,200,4100,,0,,,,,3900,,,400,
1241,1,,10000,,120,2880,1300,169000,,,350,250,580,,370,150,
1241,5,,300,300,5,70,33,33000,,,7,8,,,20,7,100
1241,10,,500,500,120,900,200,30000,,,200,250,,,170,200,100
1241,11,,200,200,,330,,0,,,250,,,,50,30,100
1241,14,,500,500,,500,100,25000,100,,,200,,,,100,100
1241,15,,1500,,80,800,,0,,,,,880,,,0,
1242,1,,18000,,200,4590,3000,390000,,,600,420,470,,,300,
1242,5,,300,300,5,72,45,45000,,,7,15,,,,10,100
1242,10,,500,500,150,900,150,25500,,,200,150,150,,,400,100
1242,11,,100,100,,150,,0,,,,100,,,,50,100
1242,14,,100,100,,110,,0,40,,,50,,,,20,100
1250,14,,2000,2000,,200,150,105000,,,,35,,,15,0,100
1252,2,,10000,10000,,1000,,0,,,200,,500,,,300,100
1252,5,,20,20,,10,,0,,,1,4,,,,5,100
1252,10,,890,890,,300,,0,,,,120,,,,180,100
1252,11,,400,400,,500,100,30000,100,,,200,,,,100,100
1252,12,,130,130,,200,,0,50,,,100,,,,50,100
1252,13,,60,60,,100,,0,,,,80,,,20,0,100
1252,14,,1000,1000,,500,300,90000,,,,80,,,50,70,100
1252,15,,60000,20000,,10000,,0,,,,,5000,,,5000,30
1253,2,,16000,,,1000,,0,,,200,,600,,,200,100
1253,5,,20,20,,6,,0,,,,3,,,,3,100
1253,10,,180,180,,200,,0,,,,100,,,,100,100
1253,11,,300,300,,400,,0,100,,,150,,,,150,100
1253,12,,60,60,,100,,0,30,,,20,,,50,0,100
1253,14,,3440,3440,,1000,300,90000,200,,,200,,,100,200,100
1253,15,,14000,6000,,3000,,0,,,,,2000,,,1000,45
1254,2,,2000,,,500,,0,,,,,400,,,100,0
1254,5,,20,,,15,,0,,,,6,,,4,5,100
1254,10,,250,,,200,,0,,,,100,,,,100,100
1254,11,,300,,,300,,0,75,,,100,,,45,80,100
1254,12,,30,,,25,,0,15,,,10,,,,0,100
1254,14,,2400,,,400,100,25000,90,,,110,,,30,70,100
1254,15,,66000,,,18000,,0,,,,,8000,,,10000,0
1255,2,,16000,16000,,1200,,0,,,300,,500,,,400,100
1255,5,,20,20,,10,,0,,,,3,,,2,5,100
1255,10,,40,40,,30,,0,,,,30,,,,0,100
1255,11,,250,250,,300,,0,80,,,120,,,40,60,100
1255,12,,50,50,,40,,0,20,,,10,,,,10,100
1255,13,,30,30,,20,,0,,,,20,,,,0,100
1255,14,,1610,1610,,350,80,24000,50,,,100,,,50,70,100
1255,15,,48000,,,6000,,0,,,,,3000,,,3000,0
1256,2,,20000,20000,,3000,,0,,,400,,2000,,,600,100
1256,5,,10,10,,5,,0,,,,2,,,2,1,100
1256,10,,180,180,,200,,0,,,,100,,,50,50,100
1256,11,,210,210,,300,,0,80,,,100,,,50,70,100
1256,12,,50,50,,40,,0,10,,,10,,,10,10,100
1256,14,,2050,2050,,500,200,60000,70,,,100,,,50,80,100
1256,15,,27500,27500,,20000,,0,,,,,12000,,,8000,100
1257,2,,10000,10000,,1000,,0,,,200,,400,,,400,100
1257,5,,20,20,,7,,0,,,,3,,,,4,100
1257,10,,200,200,,200,,0,,,,100,,,,100,100
1257,11,,250,250,,350,,0,80,,,200,,,,70,100
1257,12,,30,30,,25,,0,15,,,10,,,,0,100
1257,14,,2000,2000,,250,,0,70,,,100,,,,80,100
1257,15,,35000,35000,,6000,,0,,,,,4000,,,2000,100
1258,2,,6000,,,450,,0,,,,,300,,,150,
1258,5,,30,30,,15,5,4000,,,,,2,,5,3,100
1258,10,,80,80,,100,,0,,,,80,,,,20,100
1258,11,,450,450,,500,200,50000,80,,,100,,,50,70,100
1258,12,,10,10,,10,,0,,,,10,,,,0,100
1258,13,,30,30,,15,,0,,,,15,,,,0,
1258,14,,1400,1400,,500,240,80000,60,,,100,,,50,50,100
1258,15,,14000,,,5000,,0,,,,,2500,,,2500,
1259,5,,10,10,,3,,0,,,,1,,,1,1,100
1259,10,,60,60,,50,,0,,,,30,,,20,0,100
1259,11,,100,100,,80,,0,30,,,50,,,,0,
1259,14,,530,530,,200,,0,60,,,50,,,40,50,100
1259,15,,1000,1000,,800,,0,,,,,800,,,0,100
1261,10,,300,300,,360,,0,,,50,200,,,,110,100
1261,11,,400,400,,270,90,22500,,,,100,,,,80,100
1261,14,,1300,1300,,750,350,275000,,,,150,,,100,150,100
1261,15,,26000,26000,,10000,,0,,,,,6000,,,4000,100
1262,10,,100,100,,140,,0,,,,90,,,,50,100
1262,11,,200,200,,130,,0,,,,100,,,,30,100
1262,14,,700,700,,300,,0,,,,100,,,100,100,100
1263,5,,100,100,,30,17,17000,,,1,7,,,,5,100
1263,10,,200,200,,230,,0,,,150,,,,,80,100
1263,11,,200,200,,140,,0,,,100,,,,,40,100
1263,14,,1500,1500,,650,400,275000,,,,150,,,,100,100
1263,15,,18000,18000,,7500,6700,480000,,,,,500,,,300,100
1264,11,,300,300,,190,,0,,,,120,,,,70,100
1264,14,,700,700,,300,,0,,,,170,,,,130,100
1264,15,,40000,40000,,16000,,0,,,,,11000,,,5000,100
1265,10,,200,200,,240,,0,,,,160,,,,80,100
1265,11,,300,300,,160,,0,,,,120,,,,40,100
1265,14,,1000,1000,,600,300,75000,,,,200,,,,100,100
1265,15,,20000,20000,,8000,,0,,,,,5000,,,3000,100
1266,10,,100,100,,120,,0,,,,120,,,,0,100
1266,11,,200,200,,180,50,12500,,,,100,,,,30,100
1266,14,,700,700,,280,50,75000,,,,100,,,80,50,100
1266,15,,12000,12000,,5000,,0,,,,,4000,,,1000,100
1267,5,,100,100,,40,20,20000,,,,7,,,,13,100
1267,10,,300,300,,280,,0,,,,160,,,,120,100
1267,11,,300,300,,200,,0,,,,120,,,,80,100
1267,14,,1700,1700,,700,300,75000,100,,,120,,,100,80,100
1267,15,,20000,20000,,7800,,0,,,,,5800,,,2000,100
1268,10,,200,200,,280,,0,,,,130,,,,150,100
1268,11,,300,300,,180,,0,,,,100,,,20,60,100
1268,14,,1000,1000,,300,,0,,,,100,,,50,150,100
1269,10,,200,200,,250,,0,,,,150,,,,100,100
1269,11,,200,200,,190,,0,,,,150,,,,40,100
1269,14,,800,800,,350,,0,,,,200,,,,150,100
1269,15,,20000,20000,,8000,,0,,,,,4000,,,4000,100
1270,5,1,35,,2,7,,0,,,1,3,,,2,3,
1270,10,,600,,,350,,0,,,100,150,,,,100,
1270,11,,400,,,100,,0,,,,70,,,,30,
1270,14,,1000,,,50,,0,,,,50,,,,0,
1271,5,1,50,,,10,,0,,,1,5,,,1,3,
1271,10,,300,,,200,,0,,,,80,20,,20,80,
1271,11,,300,,,180,,0,,,,130,,,15,35,
1271,14,,400,,,50,,0,,,,40,,,10,0,
1271,15,,2500,,,800,,0,,,,,800,,,0,
1272,5,1,70,,2,15,,0,,,2,7,,,3,5,
1272,10,,600,,,450,,0,,,50,200,50,,50,100,
1272,11,,400,,,250,,0,,,,170,,,50,30,
1272,14,,500,,,30,,0,,,,30,,,,0,
1272,15,,3000,,,2000,,0,,,,,2000,,,0,
1273,5,1,20,,,5,,0,,,1,2,,,,2,
1273,10,,300,,,200,,0,,,,100,20,,,80,
1273,11,,200,,,95,,0,,,,80,,,,15,
1273,13,,170,,,100,,0,,,,80,,,20,0,
1273,14,,730,,,50,,0,,,,50,,,,0,
1274,5,1,50,,3,10,,0,,,1,5,,,2,5,100
1274,10,,300,,,180,,0,,,80,50,30,,20,0,100
1274,11,,700,,,200,,0,,,,170,,,10,20,100
1274,14,,600,,,80,,0,,,,60,,,20,0,
1275,5,1,50,,1,5,,0,,,1,3,,,,2,
1275,10,,1000,,,480,,0,,,100,180,,,100,100,
1275,11,,300,,,150,,0,,,,100,,,20,30,
1275,13,,1000,1000,,200,,0,,,,180,,,20,0,100
1276,5,1,50,,2,10,,0,,,1,5,,,2,4,
1276,10,,200,,,100,,0,,,,100,,,,0,
1276,11,,500,,,160,,0,,,,125,,,10,25,
1276,14,,900,,,70,,0,,,,50,,,20,0,
1276,15,,5000,,,1000,,0,,,,,1000,,,0,
1277,5,1,20,,,5,,0,,,1,2,,,,2,
1277,10,,300,,,180,,0,,,,100,,,,80,
1277,11,,200,,,120,,0,,,,80,,,20,20,
1277,14,,500,,,30,,0,,,,30,,,,0,
1278,5,1,50,,2,10,,0,,,1,6,,,1,4,
1278,10,,800,,,700,,0,,,200,200,50,,100,150,100
1278,11,,500,,,250,,0,,,,180,,,20,50,
1278,14,,300,,,70,,0,,,,60,,,10,0,
1278,15,,4000,,,2000,,0,,,,,2000,,,0,
1279,5,,100,,3,10,,0,,,2,7,,,,4,100
1279,10,,800,,140,1000,,0,,,300,400,260,,,180,100
1279,11,,100,,30,190,,0,,,2,203,,,,15,100
1279,14,,200,,,140,,0,,,,140,,,,0,100
1279,15,,12800,,3000,3850,,0,,,,,5050,,,1800,
1280,5,,50,,2,7,,0,,,1,5,,,,3,100
1280,10,,300,,70,330,,0,,,60,240,,,,100,100
1280,11,,50,,10,150,,0,,,3,147,,,,10,100
1280,15,,4000,,1000,1280,,0,,,,,1380,,,900,
1281,5,,700,,10,50,30,30000,,,4,10,,,3,13,100
1281,10,,1000,,160,1000,,0,,,350,280,200,100,100,130,100
1281,11,,400,,27,392,,0,,,2,370,,,5,42,100
1281,13,,100,,,140,,0,,,,140,,,,0,100
1281,14,,800,,40,400,,0,,,,390,,,,50,100
1282,5,,300,,4,25,,0,,,3,20,,,,6,
1282,10,,700,,140,650,,0,,,280,300,60,,,150,
1282,11,,300,,30,420,,0,,,2,378,20,,,50,
1282,14,,600,,,150,,0,,,,150,,,,0,100
1282,15,,13100,,2040,3400,,0,,,,,3340,,,2100,
1283,5,,200,,3,15,,0,,,2,9,,,,7,100
1283,10,,400,,70,440,,0,,,110,100,100,,,200,100
1283,11,,200,,25,300,,0,,,3,292,,,,30,100
1283,14,,200,,,50,,0,,,,50,,,,0,100
1284,14,,600,,70,200,,0,,180,,,,,,90,100
1287,14,,800,,,200,,0,,,,200,,,,0,100
1288,4,,1600,,,400,100,20000,,,,,100,,,200,
1288,10,,1500,,,1000,400,80000,,,100,70,,,30,400,100
1288,11,,700,,,400,150,30000,,,,150,,,,100,100
1288,14,,100,,,400,,0,,,,400,,,,0,100
1289,5,,40,,3,5,,0,,,2,2,,,1,3,100
1289,10,,500,,,170,,0,,,,100,,,,70,100
1289,11,,210,,,100,,0,,,,100,,,,0,100
1289,13,,20,,,50,,0,,,,50,,,,0,100
1289,14,,30,,,70,,0,,,,70,,,,0,100
1290,5,,70,,6,10,,0,,,2,3,,,3,8,100
1290,10,,200,,,150,,0,,,,70,,,,80,100
1290,11,,200,,,150,,0,,,,100,,,,50,100
1290,14,,30,,,100,,0,,,,100,,,,0,100
1291,4,,100,,,50,,0,,,,,50,,,0,100
1291,5,,50,,5,7,,0,,,2,3,,,2,5,100
1291,10,,600,,150,250,,0,,,,250,,,,150,100
1291,11,,230,,,150,,0,,,,130,,,,20,100
1291,14,,20,,,100,,0,,,,100,,,,0,100
1292,5,,40,,4,6,,0,,,2,2,,,,6,100
1292,10,,700,,100,400,,0,,,150,100,,,,250,100
1292,11,,210,,,100,,0,,,,100,,,,0,100
1292,14,,50,,,150,,0,,,,150,,,,0,100
1293,5,,40,,2,4,,0,,,2,2,,,,2,100
1293,10,,500,,100,250,,0,,,,120,,,,230,100
1293,11,,210,,,100,,0,,,,100,,,,0,100
1293,13,,20,,,200,,0,,,,200,,,,0,100
1293,14,,30,,,170,,0,,,,170,,,,0,100
1294,5,,30,,3,4,,0,,,2,2,,,,3,100
1294,10,,400,,100,350,,0,,,80,80,,,20,270,100
1294,11,,230,,,90,,0,,,,70,,,,20,100
1294,14,,40,,,120,,0,,,,120,,,,0,100
1295,4,,1000,,,250,,0,,,,,150,,,100,100
1295,5,,50,,2,4,,0,,,1,3,,,,2,100
1295,10,,300,,,120,,0,,,,120,,,,0,100
1295,11,,120,,,80,,0,,,,80,,,,0,100
1295,14,,30,,,150,,0,,,,150,,,,0,100
1296,5,,50,,4,6,,0,,,2,3,,,2,3,100
1296,10,,400,,100,250,,0,,,80,100,30,,,140,100
1296,11,,300,,,120,,0,,,,120,,,,0,100
1296,14,,50,,,200,,0,,,,200,,,,0,100
1374,13,,60,,,150,,0,,,,130,,,20,0,100
1374,14,,290,,,1000,300,75000,300,,,200,,10,190,0,100
1378,14,,500,500,35,400,200,60000,,,,200,,,15,20,100
1408,14,,900,,,30,,0,,,,30,,,,0,
1414,14,,1500,1500,,700,350,70000,,,,200,50,,,100,100
1414,15,,1000,1000,,1200,,0,,,,,400,,,800,100
1415,14,,2000,2000,,400,,0,,,,200,,,,200,100
1415,15,,8000,8000,,5000,,0,,,,,1000,,,4000,100
1416,14,,3000,3000,,500,150,120000,,,,200,,,,150,100
1416,15,,11000,11000,,6000,,0,,,,,2000,,,4000,100
1417,15,,5000,5000,,2800,,0,,,,,2000,,,800,100
1418,14,,2500,2500,,600,300,210000,,,,150,,,,150,100
1418,15,,8000,8000,,4000,,0,,,,,1800,,,2200,100
1419,15,,2000,2000,,2000,,0,,,,,2000,,,0,100
1422,14,,1000,1000,,500,250,200000,,,,100,,,,150,100
1422,15,,1500,1500,,2000,,0,,,,,1500,,,500,100
1432,10,,2500,,450,2100,1220,190000,,200,450,180,,,50,450,
1433,1,,10000,,600,1880,1000,160000,,80,250,430,290,,,430,
1433,10,,2000,,400,1800,850,145000,,70,550,200,50,,30,450,
1433,15,,12000,,,4000,,0,,,,,2000,,,2000,
1434,1,,10000,,500,1800,760,120000,,,250,560,280,,,450,
1434,10,,2500,,400,2200,1350,220000,,,600,200,,,50,400,
1434,15,,12000,,,3500,,0,,,,,1500,,,2000,
1435,1,,10000,,450,1900,400,80000,,150,250,570,280,,,700,
1435,10,,2500,,400,2200,1000,170000,,150,600,300,,,50,500,
1435,15,,10000,,,3300,,0,,,,,1300,,,2000,
1436,10,,2500,,450,2350,1400,210000,,120,600,180,,,,500,
1437,1,,10000,,580,1850,650,110000,,60,250,570,300,,,600,
1437,10,,2500,,500,2300,1450,220000,,,550,200,,,50,550,
1437,15,,11000,,,3400,,0,,,,,1600,,,1800,
1438,10,,2500,,450,2250,1220,200000,,100,600,200,60,,40,480,
1438,15,,11500,,,3800,,0,,,,,1800,,2000,0,
1439,10,,2500,,500,1860,1090,170000,,200,500,170,,,,400,
1440,10,,2000,,300,1600,750,120000,,100,500,170,,,50,330,
1442,11,,1000,,,1100,1000,150000,,,,100,,,,0,100
1442,14,,300,,,130,100,25000,,,,30,,,,0,100
1443,11,,7000,,,4000,3920,600000,,,,80,,,,0,100
1444,12,,10000,10000,,5000,4900,780000,,,,100,,,,0,100
1444,14,,500,,,200,130,32500,,,,70,,,,0,100
1445,11,,800,,,400,320,48000,,,,80,,,,0,100
1445,14,,200,,,400,350,87500,,,,50,,,,0,100
1446,14,,400,,,80,,0,,,,80,,,,0,100
1447,11,,300,,,1000,930,230000,,,,70,,,,0,100
1447,14,,1100,,,700,630,158000,,,,70,,,,0,100
1448,9,,600,,,5000,5000,250000,,,,,,,,0,100
1448,14,,100,,,50,,0,,,,50,,,,0,100
1449,11,,1900,,,5000,4850,2000000,,,,150,,,,0,100
1449,14,,80,,,100,,0,,,,100,,,,0,100
1460,14,,300,,,280,,0,,,,280,,,,0,100
1468,11,,500,500,,350,,0,,,,350,,,,0,100
1468,14,,1000,1000,,200,,0,,,,200,,,,0,100
1468,15,,8000,8000,500,12000,,0,,,,,12200,,,300,100
1469,11,,500,500,,300,,0,,,,300,,,,0,100
1469,14,,1000,1000,,150,,0,,,,150,,,,0,100
1470,11,,200,200,,260,,0,,,,260,,,,0,100
1470,13,,1000,1000,,1800,1700,255000,,,,50,,,30,20,100
1470,14,,8000,8000,,50,30,45000,,,,20,,,,0,100
1471,11,,200,200,,500,,0,,,,400,,,100,0,100
1471,12,,6900,6900,,25000,24500,2082500,,,,300,,,200,0,100
1471,13,,1000,1000,,1900,1700,277500,150,,,50,,,,0,100
1471,14,,300,300,,100,,0,,,,70,,,30,0,100
1472,11,,500,500,,550,,0,,,,450,,,100,0,100
1472,13,,5500,5500,,11000,10700,1605000,,,,100,,200,,0,100
1472,14,,500,500,,100,,0,,,,100,,,,0,100
1473,11,,500,500,,400,200,50000,,,,200,,,,0,100
1473,13,,500,500,,900,850,131750,,,,50,,,,0,100
1473,14,,500,500,,30,20,3000,,,,10,,,,0,100
1476,14,,1200,1200,,10,,0,,,,10,,,,0,100
1476,15,,5600,5600,,7500,7500,225000,,,,,,,,0,100
1486,11,,2000,2000,,8000,7750,990000,,,,250,,,,0,100
1486,12,,7100,7100,,13000,12700,1905000,,,,300,,,,0,100
1487,11,,3000,3000,,6700,6400,768000,,,,300,,,,0,100
1487,12,,12100,12100,,14600,14250,2137500,,,,350,,,,0,100
1488,12,,9600,9600,,14500,14150,2122500,,,,350,,,,0,100
1489,11,,4100,4100,,9600,9350,1215500,,,,250,,,,0,100
1489,12,,9000,9000,,11900,11550,1732500,,,,350,,,,0,100
1490,11,,3600,3600,,6800,6550,851500,,,,250,,,,0,100
1490,12,,10500,10500,,12800,12440,1866000,,,,360,,,,0,100
1491,11,,2100,2100,,4800,4600,460000,,,,200,,,,0,100
1491,12,,6000,6000,,8600,8350,1085500,,,,250,,,,0,100
1492,11,,2100,2100,,6200,6000,600000,,,,200,,,,0,100
1492,12,,8500,8500,,13200,12950,1683500,,,,250,,,,0,100
1493,11,,800,800,,1300,1250,150000,,,,50,,,,0,100
1493,12,,2300,2300,,3400,3340,501000,,,,60,,,,0,100
1494,11,,2000,2000,,4300,4100,492000,,,,200,,,,0,100
1494,12,,6700,6700,,9850,9600,1440000,,,,250,,,,0,100
1498,15,,6000,6000,3500,7000,,0,,,,,7000,,,3500,100
1504,14,,1000,1000,,300,300,240000,,,,,,,,0,100
1513,1,,5000,,300,2000,,0,,,200,,500,,,1600,
1513,10,,2600,2600,400,3600,1600,240000,,,1200,500,100,,100,500,100
1513,11,,200,200,,30,,0,,,,30,,,,0,100
1513,14,,200,200,40,160,,0,,,,150,,,,50,100
1513,15,,2000,,500,5000,,0,,,,,5000,,,500,
1514,10,,4800,4800,300,4000,1300,195000,,,2000,600,50,50,,300,100
1514,11,,100,100,,30,,0,,,,30,,,,0,100
1514,14,,100,100,30,600,430,107500,,,,150,,,,50,100
1514,15,,5000,,1000,7000,,0,,,,,5000,,,3000,
1515,1,,20000,,1000,3000,2000,500000,,,300,,200,,,1500,
1515,10,,2800,2800,500,12000,9900,1287000,,,1200,300,600,,,500,100
1515,11,,100,100,,60,,0,,,,60,,,,0,100
1515,14,,100,100,30,1000,800,160000,,,,80,100,,,50,100
1515,15,,25000,,600,250000,,0,,,,,250000,,,600,1
1516,10,,1800,1800,300,4500,3000,450000,,,800,600,100,,,300,100
1516,11,,100,100,,40,,0,,,,40,,,,0,100
1516,14,,100,100,20,250,120,24000,,,,100,,,,50,100
1516,15,,5000,,1000,10000,,0,,,,,10000,,,1000,
1517,1,,5000,,500,2000,,0,,,150,700,150,,,1500,
1517,10,,2000,2000,500,6000,4500,6300000,,,800,600,100,,,500,100
1517,11,,200,200,,60,,0,,,,60,,,,0,100
1517,14,,200,200,50,200,100,25000,,,,100,,,,50,100
1517,15,,5000,,700,4000,,0,,,,,4700,,,0,
1518,10,,1000,1000,300,3000,2100,315000,,,400,300,100,,,400,100
1518,11,,100,100,,40,,0,,,,40,,,,0,100
1518,14,,100,100,50,300,240,60000,,,,60,,,,50,100
1518,15,,6000,,600,7000,,0,,,,,6000,,,1600,
1519,1,,10000,,200,2000,900,180000,,,100,,,200,,1000,
1519,10,,1700,1700,300,6000,4200,546000,,,800,600,200,,,500,100
1519,11,,200,200,,50,,0,,,,50,,,,0,100
1519,14,,100,100,30,400,230,57500,,,,100,50,,,50,100
1519,15,,10000,,600,10500,,0,,,,,10000,,,1100,
1520,10,,1800,1800,200,4000,2750,412500,,,800,300,50,,,300,100
1520,11,,100,100,30,,,0,,,,30,,,,0,100
1520,14,,100,100,20,200,120,30000,,,,50,,,,50,100
1520,15,,3000,,500,5000,,0,,,,,3000,,,2500,
1521,10,,1800,1800,200,4000,2800,420000,,,800,200,100,,,300,100
1521,11,,100,100,,30,,0,,,,30,,,,0,100
1521,14,,100,100,30,200,130,26000,,,,60,,,,40,100
1521,15,,5000,,1000,7000,,0,,,,,6000,,,2000,
1522,10,,785,785,600,800,700,140000,,,300,200,50,,,150,100
1522,11,,10,10,50,140,80,16000,,,,60,20,10,,20,100
1522,14,,5,5,40,70,,0,,,,50,30,15,,15,100
1522,15,,10000,,2500,3500,,0,,,,,3000,,,3000,
1523,10,,980,980,600,1100,800,160000,,,400,250,,50,,200,100
1523,11,,20,20,80,250,100,15000,,,,60,,30,,140,100
1523,15,,10000,,,4000,4000,320000,,,,,,,,0,
1524,1,,3000,,50,1100,,0,,,,900,,30,,220,
1524,10,,980,980,700,1200,800,160000,,,400,300,100,,,300,100
1524,11,,20,20,80,250,150,22000,,,,70,30,10,,70,100
1524,15,,7000,,3000,4000,,0,,,,,3500,,,3500,
1525,10,,985,985,600,1100,800,160000,,,400,150,100,20,,230,100
1525,11,,10,10,50,120,60,12000,,,,40,30,10,,30,100
1525,14,,5,5,40,80,,0,,,,45,20,15,,40,100
1525,15,,10000,,2000,4500,,0,,,,,3000,,,3500,
1526,10,,780,780,600,1000,800,160000,,,320,150,100,30,,200,100
1526,11,,15,15,60,300,250,37500,,,,50,20,10,,30,100
1526,14,,5,5,50,120,80,16000,,,,40,25,15,,10,100
1526,15,,19200,,2500,3500,,0,,,,,3000,,,3000,
1527,10,,1990,1990,900,2000,1200,240000,,,800,350,150,20,,380,100
1527,11,,10,10,60,120,,0,,,,80,20,10,,70,100
1527,15,,15000,,3000,4500,,0,,,,,3500,,,4000,
1528,10,,990,990,600,1000,700,140000,,,400,200,,30,,270,100
1528,11,,5,5,40,60,,0,,,,45,,15,,40,100
1528,14,,5,5,30,80,,0,,,,50,,20,,40,100
1529,10,,1190,1190,700,1200,800,160000,,,480,200,100,20,,300,100
1529,11,,5,5,30,60,,0,,,,40,20,10,,20,100
1529,14,,5,5,50,80,,0,,,,60,20,15,,35,100
1529,15,,8000,,2500,3500,,0,,,,,3000,,,3000,
1530,10,,990,990,600,1000,700,140000,,,400,150,,20,,330,100
1530,11,,5,5,30,80,,0,,,,50,,25,,35,100
1530,14,,5,5,40,90,20,4000,,,,45,,20,,45,100
1532,10,,340,,250,560,,0,,,170,200,,40,100,300,100
1532,11,,30,,,130,,0,,,2,60,,20,8,40,100
1532,14,,30,,10,210,55,47500,,,,80,,30,15,40,100
1533,10,,450,,200,650,,0,,,200,160,,90,,400,100
1533,11,,40,,10,120,,0,,,1,60,,9,,60,100
1533,14,,10,,,30,15,9000,,,,15,,,,0,100
1534,1,,20000,,7000,28000,28000,4200000,,,2000,,,,,5000,
1534,10,,400,400,200,500,,0,,,160,200,,,,340,100
1535,10,,650,,200,1900,1340,134000,,,300,260,,,,200,100
1535,11,,100,,10,400,300,166000,,,,40,,,,70,100
1535,14,,50,,20,800,600,80000,,,,70,,130,,20,100
1538,10,,360,360,200,500,,0,,,160,150,,190,,200,100
1538,11,,39,39,2,150,,0,,,2,28,,,,122,100
1538,14,,1,1,,80,40,12000,,,,40,,,,0,100
1539,10,,250,,30,430,180,18000,,,120,100,,,,60,100
1539,11,,40,,2,80,20,30000,,,,42,,,,20,100
1539,14,,10,,,20,15,7500,,,,5,,,,0,100
1544,5,,30,,2.5,4,,0,,,1,3.5,,,,2,100
1544,10,,350,,50,160,,0,,,30,110,,,,70,100
1544,11,,70,,6,50,,0,,,,51,,,,5,100
1544,14,,50,,6,65,,0,,,,64,,,,7,100
1545,5,,20,,1,2.5,,0,,,0.5,1.5,,,,1.5,100
1545,10,,200,,50,100,,0,,,,90,,,,60,100
1545,11,,50,,2,30,,0,,,,29,,,,3,100
1545,14,,30,,5,45,,0,,,,42,,,,8,100
1546,5,,40,,2,4,,0,,,0.5,3,,,,2.5,100
1546,10,,280,,60,140,,0,,,,120,,,,80,100
1546,11,,40,,3,35,,0,,,,32,,,,6,100
1546,14,,40,,4,60,,0,,,,59,,,,5,100
1549,5,1,20,,5,15,,0,,,2,10,,,2,6,100
1549,10,,600,,300,700,,0,,,150,400,,,100,350,
1549,11,,400,,40,200,,0,,,150,,30,,10,50,100
1549,14,,200,,60,300,100,50000,,,,200,,,20,40,100
1549,15,,2000,,1000,2000,,0,,,,,3000,,,0,
1550,5,1,30,,10,20,10,9000,,,4,8,,,2,6,100
1550,10,,600,,300,700,,0,,,200,400,50,,50,300,
1550,11,,400,,80,270,,0,,,,170,80,,50,50,100
1550,14,,200,,70,300,100,50000,,,,200,,,20,50,100
1550,15,,4000,,1500,4000,,0,,,,,4000,,,1500,
1551,5,1,100,,10,30,20,20000,,,5,10,,,,5,100
1551,10,,2000,,1500,3000,,0,,,,2500,,200,,1800,
1551,11,,500,,50,400,100,40000,,,,200,50,,50,50,100
1551,14,,200,,100,500,,0,,,,350,50,,100,100,100
1551,15,,58500,,10000,26000,,0,,,,,20000,,,16000,
1552,5,1,20,,3,20,5,5000,,,2,6,,,2,8,100
1552,10,,800,,300,700,,0,,,200,300,,,200,300,
1552,11,,200,,20,100,,0,,,,80,,,10,30,100
1552,14,,260,,100,300,50,10000,,,,150,50,,50,100,100
1552,15,,40000,,8000,20000,10000,1000000,,,,,10000,,,8000,
1553,10,,700,,300,700,,0,,,200,400,100,,,300,
1553,11,,200,,20,70,,0,,,,70,,,,20,100
1553,14,,100,,10,80,,0,,,,80,,,,10,100
1553,15,,5500,,1500,2500,,0,,,,,2000,,,2000,
1554,5,1,50,,5,30,20,20000,,,3,6,,2,,4,100
1554,11,,400,,50,200,100,50000,,,,80,,,20,50,100
1554,14,,900,,60,400,250,100000,,,,100,,,50,60,
1555,4,1,30,,10,25,20,20000,,,3,6,,2,,4,100
1555,10,,600,,300,700,200,40000,,,200,250,50,50,50,200,
1555,11,,400,,80,300,150,60000,,,,100,50,,10,70,100
1555,14,,200,,70,300,100,50000,,,,200,,,20,50,100
1555,15,,3000,,1500,2500,,0,,,,,3000,,,1000,
1556,2,,4000,,,1000,,0,,,,,500,,,500,
1556,5,1,30,,5,20,,0,,,3,,10,,2,10,100
1556,10,,500,,300,600,,0,,,200,400,,,,300,
1556,11,,300,,20,230,,0,,,,150,,,50,50,100
1556,14,,200,,100,600,300,90000,,,,300,,,100,0,100
1556,15,,10000,,2000,4000,4000,400000,,,,,2000,,,0,
1557,5,1,80,,5,25,10,10000,,,5,8,,,2,5,100
1557,6,1,5,,,3,,0,,,,3,,,,0,100
1557,10,,600,,150,400,,0,,,150,200,,,,200,
1557,11,,600,,50,300,100,40000,,,,120,50,,30,50,100
1557,14,,1000,,300,3000,1600,640000,,,,800,200,300,100,300,
1557,15,,1000,,,1500,,0,,,,,1500,,,0,
1558,5,,100,100,4,10,,0,,,4,5,,,2,3,100
1558,6,,50,50,3,7,,0,,,3,5,,,,2,100
1558,10,,1200,1200,200,2000,500,100000,,,500,400,200,100,100,400,100
1558,11,,650,650,100,1000,300,24000,,,,100,150,300,50,200,100
1559,5,,50,50,4,4,,0,,,3,3,,,,2,100
1559,10,,700,700,300,1000,,0,,,400,200,200,,,500,100
1559,11,,150,150,200,300,,0,,,,50,200,,50,200,100
1559,14,,100,100,20,60,,0,,,,30,,,10,40,100
1559,15,,9000,,600,1300,,0,,,,,1100,,,800,
1560,10,,400,400,150,300,,0,,,,200,,,,250,100
1560,11,,300,300,,700,,0,,,,50,500,,,150,100
1560,15,,7300,,400,1000,,0,,,,,600,,,800,
1561,10,,700,700,300,600,,0,,,,350,50,,100,400,100
1561,11,,250,250,50,150,,0,,,,50,50,,,100,100
1561,14,,50,50,,20,,0,,,,20,,,,0,100
1561,15,,6500,,,700,,0,,,,,700,,,0,
1562,5,,50,50,3,6,,0,,,3,3,,,1,2,100
1562,10,,400,400,200,500,,0,,,250,200,,,,250,100
1562,11,,150,150,,1000,300,15000,,,,50,400,150,,100,100
1563,10,,600,600,,600,,0,,,,400,,,,200,100
1563,11,,250,250,150,800,600,30000,,,,50,,200,,100,100
1563,14,,150,150,20,70,,0,,,,60,,,,30,100
1564,1,,1000,,,300,,0,,,,240,60,,,0,
1564,10,,600,600,250,300,,0,,,250,200,,,,100,100
1564,11,,300,300,,600,200,10000,,,,70,130,100,,100,100
1564,14,,100,100,,90,,0,,,,60,,,,30,100
1564,15,,1000,,,350,,0,,,,,350,,,0,
1565,5,1,100,,4,15,,0,,,3,5,,2,2,7,
1565,6,,60,,3,10,,0,,,3,10,,,,0,
1565,10,,600,,300,500,,0,,,100,300,,,,400,
1565,11,,340,,,200,100,5000,,,,60,,,,40,
1565,14,,500,,25,100,,0,,,,45,,15,25,40,
1566,10,,250,250,150,300,,0,,,120,60,,,150,120,100
1566,11,,100,100,,200,,0,,,,50,,50,50,50,100
1566,14,,150,150,,100,,0,,,,20,,,50,30,100
1602,14,,3600,3600,100,150,,0,,,,200,,,,50,100
1602,15,1,3600,3600,1000,2000,,0,,,,,2000,,,1000,100
1630,1,,10000,,,2500,1400,190000,,,300,400,,,,400,
1630,2,,6000,,,1300,400,55000,,,200,,600,,,100,
1630,10,,800,800,,2100,1200,140000,,,300,400,,,,200,100
1630,11,,200,200,,1100,600,70000,,,,400,,,,100,100
1630,16,1,16000,,,3500,,0,,,,,2000,,,1500,
1631,1,,6000,,,1300,500,70000,,300,200,,200,,,100,
1631,10,,300,300,,700,400,45000,,,150,100,,,,50,100
1631,11,,100,100,,80,,0,,,,80,,,,0,100
1631,16,1,6000,,,1000,,0,,,,,800,,,200,
1632,1,,5000,,,1400,400,55000,,,200,600,,,,200,
1632,2,,7000,,,1900,1500,210000,,200,200,,,,,0,
1632,10,,1200,1200,,3000,1700,190000,,,500,600,,,,200,100
1632,11,,300,300,,1600,900,120000,,,,600,,,,100,100
1633,1,,1500,,,400,,0,,,200,,,,,200,
1633,10,,500,500,,500,,0,,,200,300,,,,0,100
1633,11,,200,200,,150,,0,,,,150,,,,0,100
1633,16,1,1500,,,500,,0,,,,,500,,,0,
1634,1,,2500,,,700,300,45000,,200,200,,,,,0,
1634,10,,1000,1000,,2800,2400,280000,,,,200,,,,200,100
1634,11,,300,300,,1600,1300,150000,,,,200,,,,100,100
1635,1,,6000,,,1600,800,110000,,,200,400,,,,200,
1635,2,,6000,,,1500,500,70000,,,200,,700,,,100,
1635,10,,1200,1200,,3200,2000,240000,,,500,400,100,,,200,100
1635,11,,400,400,,2300,1300,150000,,,,400,400,,,200,100
1635,16,1,1200,,,3000,,0,,,,,2000,,,1000,
1636,2,,7000,,,1800,800,105000,,,200,,600,,,200,
1636,10,,600,600,,1500,800,100000,,,300,200,100,,,100,100
1636,11,,200,200,,1200,700,90000,,,,200,200,,,100,100
1636,16,1,7000,,,2000,,0,,,,,1000,,,1000,
1637,1,,10000,,,2500,1000,145000,,500,300,200,,,,500,
1637,2,,8000,,,1700,500,70000,,,300,,400,,,500,
1637,10,,800,800,,2300,1500,180000,,,500,200,,,,100,100
1637,11,,300,300,,1600,1300,150000,,,,200,,,,100,100
1637,16,1,18000,,,4000,,0,,,,,1500,,,2500,
1638,2,,11000,,,3000,900,130000,,,400,,1500,,,200,
1638,10,,2000,2000,,4800,3000,380000,,,1000,400,200,,,200,100
1638,11,,300,300,,1600,600,70000,,,,400,400,,,200,100
1638,16,1,11000,,,3500,,0,,,,,2000,,,1500,
1640,15,,30000,,,3000,,0,,,,,1000,,,2000,
1642,1,,10000,,,2000,1000,130000,,,500,200,,,,300,
1642,2,,12000,,,2000,1000,140000,,,400,,300,,,300,
1642,15,,24000,,,3000,,0,,,,,1000,,,2000,
1642,16,1,10000,,,1000,,0,,,,,1000,,,0,
1643,1,,11000,,,2000,800,105000,,,500,300,,,,400,
1643,2,,15000,,,2500,1500,210000,,,500,,200,,,300,
1643,15,,20000,,,2500,,0,,,,,1500,,,1000,
1643,16,1,15000,,,1400,,0,,,,,400,,,1000,
1644,15,,23000,,,3000,,0,,,,,1000,,,2000,
1646,15,,13000,,,1500,,0,,,,,500,,,1000,
1647,1,,13000,,,2500,1400,182000,,,500,300,,,,300,
1647,15,,33000,,,4000,,0,,,,,2000,,,2000,
1647,16,1,13000,,,1200,,0,,,,,1200,,,0,
1657,1,,20000,,500,5200,3600,540000,,,650,800,150,,,500,
1657,3,,15400,,200,2600,1300,200000,,,400,50,700,,50,300,
1657,5,,400,,10,100,65,80000,,,12,15,,,8,10,100
1657,10,1,4000,,200,8300,7000,800000,,,700,300,100,,100,300,100
1657,11,,200,,30,150,,0,,,,100,20,10,20,30,100
1657,14,,300,,100,400,100,20000,,,,250,,,50,100,100
1657,15,,10000,,4000,8000,,0,,,,,7000,,,5000,
1658,1,,30000,,800,8400,6000,900000,,,1000,1000,200,,,1000,
1658,2,,13000,,300,2700,1500,210000,,,400,,600,,,500,
1658,5,,200,,10,60,40,52000,,,7,15,,,,8,100
1658,10,1,2000,,300,4500,3400,400000,,,400,300,200,,100,400,100
1658,11,,800,,70,2400,2000,150000,,,,120,200,,50,100,100
1658,14,,300,,80,500,100,20000,,,,330,,,50,100,100
1658,15,,15000,,7000,11000,,0,,,,,10000,,,8000,
1659,1,,25000,,700,6500,4500,675000,,,800,1000,100,,,800,
1659,2,,10000,,300,2400,1000,140000,,,300,,700,,,700,
1659,5,,200,,14,45,15,22000,,,8,22,,,,14,100
1659,10,1,1100,,400,2800,1800,210000,,,300,500,100,,,500,100
1659,11,,200,,60,160,,0,,,,130,,20,,70,100
1659,14,,200,,100,350,,0,,,,300,,,,150,100
1659,15,,15000,,8000,12000,,0,,,,,12000,,,8000,
1660,1,,20000,,500,5300,3500,525000,,,700,750,150,,,700,
1660,3,,10000,,300,2300,1000,150000,,,300,50,600,,50,600,
1660,5,1,300,,8,74,50,70000,,,10,10,,,5,7,100
1660,10,,2500,,500,6500,5000,600000,,,400,300,100,,100,1100,100
1660,11,,200,,40,140,,0,,,,120,,,20,40,100
1660,14,,300,,100,350,,0,,,,250,,,50,150,100
1660,15,,25000,,6000,16000,,0,,,,,16000,,,6000,
1661,1,,30000,,500,8000,6000,900000,,,1000,700,150,,,650,
1661,3,,15000,,600,3000,1500,200000,,,400,50,800,,50,800,
1661,5,1,300,,6,90,60,90000,,,10,10,,,5,11,100
1661,10,,3000,,800,6800,6000,840000,,,600,350,150,,100,400,100
1661,11,,700,,60,1900,1700,130000,,,,100,60,,30,70,100
1661,14,,300,300,60,200,,0,,,,160,,,,100,100
1661,15,,15000,,9000,13000,,0,,,,,13000,,,9000,
1662,1,,35000,,500,9000,6400,950000,,,1200,1000,200,,,700,
1662,3,,21000,,700,4000,2500,350000,,,600,50,800,,50,700,
1662,5,,200,,10,45,20,30000,,,8,12,,,5,10,100
1662,10,1,3000,,400,8600,7500,900000,,,600,300,200,,100,300,100
1662,11,,800,,50,2500,2200,170000,,,,100,100,,50,100,100
1662,14,,300,,100,450,,0,,,,300,100,,,150,100
1662,15,,20000,,10000,17000,,0,,,,,16000,,,11000,
1663,1,,15000,,500,4000,2400,360000,,,500,1000,100,,,500,
1663,3,,13500,,500,2600,1000,150000,,,400,50,800,,50,800,
1663,5,,300,,6,60,30,45000,,,8,15,,,5,8,100
1663,10,1,1000,,300,2900,2200,250000,,,200,300,100,,100,300,100
1663,11,,200,,50,150,,0,,,,120,,,30,50,100
1663,14,,200,,50,300,,0,,,,250,,,20,80,100
1663,15,,15000,,5000,9000,,0,,,,,8000,,,6000,
1665,1,,35000,,800,9000,6300,945000,,,1200,1200,200,,,900,
1665,3,,22000,,1000,4300,2000,300000,,,600,50,1400,,50,1200,
1665,5,,200,,15,58,28,42000,,,10,15,,,5,15,100
1665,10,1,2500,,500,6500,5400,630000,,,500,400,200,,100,400,100
1665,11,,300,,,260,,0,,,,200,,,,60,100
1665,14,,200,,50,300,,0,,,,250,,,,100,100
1665,15,,25000,,10000,22000,,0,,,,,21000,,,11000,
1675,10,,300,300,,350,,0,,,25,300,,,25,0,100
1675,11,,200,200,,150,,0,,,15,70,,5,30,30,100
1675,14,,300,300,,150,,0,,,,80,,,50,20,100
1676,10,,200,200,,250,,0,,,,200,,20,30,0,100
1676,11,,500,500,,400,,0,,,,300,,30,30,40,100
1676,14,,200,200,,300,,0,,,,250,,,20,30,100
1677,10,,300,300,,320,,0,,,,250,,20,50,0,100
1677,11,,300,300,,240,,0,,,,200,,10,30,0,100
1677,14,,400,400,,500,,0,,,,400,,,70,30,100
1678,10,,200,200,,250,,0,,,,200,,10,40,0,100
1678,11,,200,200,,150,,0,,,,130,,,10,10,100
1678,14,,400,400,,500,,0,,,,350,,,100,50,100
1679,10,,300,300,,300,,0,,,20,225,,,50,5,100
1679,11,,200,200,,150,,0,,,5,110,,,20,15,100
1679,14,,300,300,,400,,0,,,,300,,20,50,30,100
1680,10,,200,200,,240,,0,,,20,200,,,,20,100
1680,11,,200,200,,160,,0,,,10,120,,,30,0,100
1680,14,,400,400,,550,,0,,,,450,,20,50,30,100
1681,10,,100,100,,120,,0,,,10,110,,,,0,100
1681,11,,300,300,,240,100,33000,,,10,100,,,10,20,100
1681,14,,400,400,,550,350,122500,,,,150,,,30,20,100
1682,10,,300,300,,400,,0,,,50,300,,,50,0,100
1682,11,,300,300,,230,,0,,,10,200,,,10,10,100
1682,14,,900,900,,1400,1000,250000,,,,330,,,50,20,100
1683,10,,200,200,,270,170,42500,,,,100,,,,0,100
1683,11,,300,300,,250,100,50000,,,,130,,,,20,100
1683,14,,300,300,,450,300,200000,,,,130,,,10,10,100
1684,6,,10,10,,2,,0,,,,1,,,,1,100
1684,10,,40,40,,30,,0,,,,30,,,,0,100
1684,11,,50,50,,150,,0,40,,,50,,,40,20,100
1684,13,,50,50,,100,,0,90,,,10,,,,0,100
1684,14,,850,850,,120,,0,20,,,60,,,10,30,100
1684,15,,3000,3000,,3000,,0,,,,,1000,,,2000,100
1685,5,,20,20,,3,,0,,,,1,,,1,1,100
1685,10,,60,60,,50,,0,,,,50,,,,0,100
1685,11,,100,100,,120,,0,30,,,70,,,,20,100
1685,12,,20,20,,10,,0,,,,5,,,5,0,100
1685,13,,700,700,,200,,0,100,,,50,,,50,0,100
1685,14,,600,600,,170,,0,20,,,70,,,50,30,100
1686,5,,10,10,,3,,0,,,,1,,,1,1,100
1686,10,,80,80,,100,,0,,,20,20,,,20,40,100
1686,11,,100,100,,120,,0,20,,,30,,,40,30,100
1686,12,,10,10,,5,,0,,,,5,,,,0,100
1686,14,,1300,1300,,100,,0,,,,20,,,50,30,100
1687,10,,150,150,,150,,0,,,,90,,,,60,100
1687,11,,180,180,,200,,0,50,,,100,,,,50,100
1687,12,,20,20,,10,,0,10,,,,,,,0,100
1687,14,,450,450,,300,,0,70,,,130,,,,100,100
1688,5,,10,10,,5,,0,,,,2,,,2,1,100
1688,10,,50,50,,45,,0,,,,45,,,,0,100
1688,11,,150,150,,200,,0,60,,,80,,,30,30,100
1688,13,,40,40,,30,,0,,,,20,,,10,0,100
1688,14,,1550,1550,,300,100,30000,50,,,60,,,50,40,100
1688,15,,2000,,,3000,,0,,,,,2000,,,1000,100
1689,5,,20,20,,4,,0,,,,2,,,,2,100
1689,10,,30,30,,25,,0,,,,25,,,,0,100
1689,11,,250,250,,300,,0,100,,,150,,,,50,100
1689,13,,1200,1200,,400,,0,350,,,50,,,,0,100
1689,14,,600,600,,240,,0,40,,,100,,,40,60,100
1689,15,,7000,7000,,6000,,0,,,,,3000,,,3000,100
1690,5,,10,10,,5,,0,,,,2,,,,3,100
1690,10,,50,50,,40,,0,,,,40,,,,0,100
1690,11,,120,120,,100,,0,30,,,50,,,,20,100
1690,12,,20,20,,15,,0,,,,15,,,,0,100
1690,13,,1000,1000,,150,,0,120,,,30,,,,0,100
1690,14,,3800,3800,,450,,0,60,,,100,,,100,190,100
1691,5,,10,10,,2,,0,,,,1,,,,1,100
1691,10,,40,40,,50,,0,,,,50,,,,0,100
1691,11,,100,100,,130,,0,40,,,70,,,,20,100
1691,12,,20,20,,10,,0,,,,10,,,,0,100
1691,13,,30,30,,20,,0,,,,20,,,,0,100
1691,14,,1200,1200,,100,,0,30,,,70,,,,0,100
1692,5,,10,10,,2,,0,,,,1,,,,1,100
1692,10,,40,40,,30,,0,,,,30,,,,0,100
1692,11,,120,120,,100,,0,20,,,60,,,,20,100
1692,12,,30,30,,20,,0,10,,,10,,,,0,100
1692,13,,60,60,,50,,0,45,,,5,,,,0,100
1692,14,,2740,2740,,450,,0,50,,,200,,,150,50,100
1693,10,,300,300,,350,,0,,,,200,,,,150,100
1693,11,,100,100,,90,,0,,,,70,,,,20,100
1693,14,,600,600,,200,30,30000,,,,70,,10,30,60,100
1693,15,,71000,6000,,22000,,0,,,,,15000,,,7000,10
1694,10,,200,200,,250,,0,,,,150,,,,100,100
1694,11,,100,100,,80,,0,,,,80,,,,0,100
1694,14,,500,500,,80,,0,,,,80,,,,0,100
1694,15,,30000,30000,,10000,,0,,,,,7000,,,3000,100
1695,10,,300,300,,360,,0,,,,200,,,,160,100
1695,11,,200,200,,130,,0,,,,90,,,,40,100
1695,14,,1000,1000,,400,200,200000,,,,60,,10,50,80,100
1696,10,,300,300,,360,,0,,,,200,,,,160,100
1696,11,,200,200,,120,,0,,,,90,,,,30,100
1696,14,,1000,1000,,250,180,180000,,,,70,,,,0,100
1696,15,,60000,,,13000,,0,,,,,9000,,,4000,
1697,10,,200,200,,240,,0,,,,140,,,,100,100
1697,11,,100,100,,90,,0,,,,90,,,,0,100
1697,14,,500,500,,300,200,240000,,,,60,,,,40,100
1698,10,,200,200,,240,,0,,,,140,,,,100,100
1698,11,,100,100,,80,,0,,,,80,,,,0,100
1698,14,,500,500,,100,30,30000,,,,50,,,,20,100
1698,15,,60000,,,13000,,0,,,,,9000,,,4000,
1699,10,,300,300,,340,100,20000,,,,140,,,,100,100
1699,11,,200,200,,110,,0,,,,90,,,,20,100
1699,14,,1500,1500,,200,70,70000,,,,30,,10,20,70,100
1699,15,,30000,,,7000,,0,,,,,4000,,,3000,
1700,14,,1000,1000,,350,200,200000,,,,50,,10,30,60,100
1700,15,,30000,30000,,10000,,0,,,,,7000,,,3000,100
1701,10,,300,300,,300,,0,,,,200,,,,100,100
1701,14,,900,900,,200,100,100000,,,,70,,,,30,100
1701,15,,30000,,,9000,,0,,,,,6000,,,3000,
1702,5,,100,,10,12,,0,,,3,12,,,,7,100
1702,10,,600,,110,640,,0,,,135,350,100,,,165,100
1702,11,,150,,42,240,,0,,,2,230,,,,50,100
1702,14,,150,,,100,,0,,,,100,,,,0,100
1703,5,,200,,7,16,,0,,,3,13,,,,7,100
1703,10,,500,,130,520,,0,,,150,330,,,,170,100
1703,11,,200,,20,170,,0,,,,160,,,,30,100
1703,13,,2000,2000,,2500,2000,270000,,,,500,,,,0,
1703,14,,100,,20,130,,0,,,,150,,,,0,100
1704,1,,20000,,170,3600,,0,,,750,,2220,,,800,
1704,5,,200,,5,20,,0,,,3,12,,,,10,100
1704,10,,1000,,200,1000,,0,,,350,370,300,,,180,20
1704,11,,200,,30,170,,0,,,5,165,,,,30,100
1704,14,,150,,20,100,,0,,,,120,,,,0,100
1704,15,,2450,,,1000,,0,,,,,1000,,,0,
1705,5,,100,,3,10,,0,,,2,5,,,,6,100
1705,10,,700,,130,800,,0,,,250,420,,,95,165,100
1705,11,,100,,20,180,,0,,,5,180,,,,15,100
1705,14,,100,,,120,,0,,,,120,,,,0,100
1706,5,,200,,5,15,,0,,,5,5,,,,10,100
1706,10,,1000,,130,1000,,0,,,300,300,,,360,170,100
1706,11,,300,,20,350,,0,,,4,316,,,,50,100
1706,14,,500,,,200,,0,,,,200,,,,0,100
1707,5,,100,,3,12,,0,,,2,9,,,,4,100
1707,10,,700,,140,750,,0,,,280,300,150,,,160,100
1707,11,,100,,20,150,,0,,,3,152,,,,15,100
1707,13,,1000,1000,,1600,1500,202500,,,,100,,,,0,100
1707,14,,100,,,120,,0,,,,120,,,,0,100
1708,5,,150,,4,16,,0,,,4,9,,,,7,100
1708,10,,300,,140,700,,0,,,240,360,90,,,150,100
1708,11,,100,,20,160,,0,,,,150,,,,30,100
1708,13,,1000,1000,,1200,1000,135000,,,,200,,,,0,100
1708,14,,150,,,100,,0,,,,100,,,,0,
1709,5,,200,,10,24,,0,,,4,20,,,,10,100
1709,10,,600,,180,750,,0,,,200,430,,,100,200,100
1709,11,,200,,20,315,,0,,,3,302,,,,30,100
1710,5,,300,,5,14,,0,,,2,10,,,3,4,100
1710,10,,800,,185,870,,0,,,300,365,,,200,190,20
1710,11,,240,,30,200,,0,,,2,188,,,,40,100
1710,13,,2700,2700,,2900,2500,337500,,,,400,,,,0,100
1710,15,,10960,,1600,2400,2000,100000,,,,,,,,2000,
1720,5,1,20,,,5,,0,,,1,2,,,,2,100
1720,10,,100,,,120,,0,,,,80,15,,25,0,100
1720,11,,200,,,150,,0,,,,110,,,20,20,100
1720,13,,5000,,,5000,4000,560000,,,,800,,,200,0,100
1720,15,,10700,,,2500,,0,,,,,1500,,,1000,
1721,1,,1000,,100,1300,500,110000,,,,,600,,100,200,
1721,10,,200,,,70,,0,,,,60,10,,,0,100
1721,11,,400,,50,400,100,15000,,,10,220,,,50,70,100
1721,13,,3500,3500,,5000,4300,559000,300,100,,150,,,150,0,100
1721,14,,1100,,30,160,100,20000,,,,80,,,10,0,100
1722,1,,3000,,,1600,200,32000,,150,,,900,,50,300,
1722,5,1,50,50,25,20,10,8000,,,5,13,,2,5,10,100
1722,10,,500,500,,250,,0,,,,150,50,,50,0,100
1722,11,,600,400,60,400,80,16000,,,20,225,15,25,50,45,70
1722,13,,8000,8000,,14600,13000,1820000,700,300,,300,,,300,0,100
1722,14,,1000,900,50,500,400,80000,50,,,,,,50,50,90
1722,16,,700,,100,200,,0,,,20,30,250,,,0,
1723,5,1,30,,,4,,0,,,1,2,,,,1,100
1723,10,,200,,,150,,0,,,50,80,20,,,0,100
1723,11,,200,,,200,,0,,,,165,,,10,25,100
1723,13,,800,,,500,,0,,,,450,,,50,0,
1723,14,,800,,,100,,0,,,,90,,,10,0,
1724,5,1,50,,2,10,,0,,,2,5,,,2,3,100
1724,10,,150,,,100,,0,,,,90,,,10,0,100
1724,11,,500,,,300,30,9000,,,,215,,,20,35,100
1724,13,,200,,,300,100,10000,,,,190,,,10,0,
1724,14,,1650,,,150,30,12000,,,,100,,,20,0,
1726,10,,200,200,,150,,0,,,50,100,,,,0,100
1726,11,,200,200,,180,,0,,,,130,,,20,30,100
1726,13,,5000,5000,,7000,6300,882000,300,,,300,,,100,0,100
1726,14,,600,600,,150,80,24000,,,,50,,,20,0,100
1727,5,1,30,,,10,,0,,,1,4,,,1,4,
1727,10,,100,,,70,,0,,,,60,10,,,0,100
1727,11,,300,,,200,,0,,,,160,,,15,25,100
1727,13,,50,,,100,,0,,,,90,,,10,0,
1727,14,,550,,,200,,0,,,,180,,,20,0,
1727,16,,1000,,,60,,0,,,10,,50,,,0,100
1728,5,1,50,,,7,,0,,,1,3,,,,3,
1728,10,,200,,,150,,0,,,,125,25,,,0,100
1728,11,,550,,,250,,0,,,,200,,,20,30,100
1728,13,,50,,,200,,0,,,,180,,,20,0,
1728,14,,1200,,,80,20,4000,,,,50,,,10,0,100
1728,15,,4000,,,5700,,0,,,,,2700,,,3000,
1728,16,,1000,,,55,,0,,,5,,45,,5,0,
1846,14,,800,800,,300,,0,,,,200,,,,100,100
1847,11,,200,200,,250,,0,,,,250,,,,0,100
1847,14,,500,500,,300,,0,,,,250,,,,50,100
1848,11,,200,200,,150,,0,,,,150,,,,0,100
1848,14,,600,600,,500,250,200000,,,,150,,,,100,100
1849,14,,700,700,,330,200,170000,,,,80,,,,50,100
1850,11,,400,400,,800,400,50000,,200,,200,,,,0,100
1850,14,,2000,2000,,5000,4000,800000,500,,,250,50,,,200,100
1850,15,,3300,3300,,2000,,0,,,,,1000,,,1000,100
1851,14,,2500,2500,,6000,5200,1500000,500,,,120,,,,180,100
1851,15,,2300,2300,,2000,,0,,,,,1000,,,1000,100
1852,14,,800,800,,450,350,200000,,,,80,,20,,0,100
1854,14,,800,800,,1200,1000,300000,,,,150,,,,50,100
1855,1,,10000,,700,1900,650,130000,,70,250,570,280,,,780,100
1855,10,,2000,,500,1850,1050,180000,,,550,220,,,30,500,100
1855,15,,10000,,,3400,,0,,,,,1700,,,1700,100
1856,10,,2500,,400,2100,1050,180000,,100,600,200,,,50,500,100
1857,1,,10000,,600,1900,850,170000,,170,250,580,,,,650,100
1857,10,,2000,,400,1900,1000,180000,,150,500,250,,,,400,100
1858,10,,2500,,550,2200,1400,210000,,50,600,150,,,50,500,100
1859,1,,10000,,800,1800,600,120000,,,250,740,100,,30,880,100
1859,2,,4000,,,650,,0,,,100,,300,,,250,100
1859,10,,2000,,500,1900,910,150000,,100,600,250,,,40,500,100
1859,11,,1000,,30,500,310,60000,,,,100,,,20,100,100
1859,15,,10000,,,3500,,0,,,,,2600,,,900,100
1860,1,,10000,,660,1840,780,160000,,,250,470,300,,,700,100
1860,10,,2500,,500,2300,1140,190000,,100,600,200,60,,40,660,100
1860,11,,1000,,100,460,360,90000,,,,120,,,20,60,100
1860,15,,11000,,,3800,,0,,,,,2800,,,1000,100
1861,10,,2000,,300,1700,1000,160000,,150,440,110,,,50,250,100
1862,10,,1800,,400,1700,1190,200000,,100,250,160,,,30,370,100
1863,1,,10000,,500,1900,840,170000,,90,250,290,280,,,650,
1863,10,,2500,,500,2200,1400,250000,,70,600,180,,,,450,
1864,1,,10000,,600,1800,300,60000,,,250,750,300,,,800,
1864,10,,2000,,500,1900,720,130000,,150,650,280,,,,600,
1864,11,,1000,,100,500,400,80000,,,,100,,,,100,
1864,15,,13000,,,4200,300,15000,,,,,2600,,,1300,
1865,10,,2000,,400,2000,1100,200000,,100,600,170,,,30,400,100
1866,1,,11000,,600,2000,950,180000,,90,250,440,270,,,600,100
1866,10,,2000,,500,1800,940,170000,,100,500,200,,,60,500,100
1867,1,,10000,,700,1950,790,140000,,70,250,580,200,,,760,100
1867,2,,6000,,160,540,110,20000,,,140,,150,,,300,100
1867,10,,2000,,400,1900,800,140000,,100,650,250,,,50,450,100
1867,15,,10000,,,3700,,0,,,,,2700,,,1000,100
1868,1,,10000,,500,2000,1150,200000,,120,250,380,,,,600,100
1868,10,,2000,,300,1800,950,150000,,,600,170,,,50,330,100
1869,10,,2000,,350,1850,900,150000,,150,550,150,,,50,400,100
1870,10,,2000,,400,1800,1000,170000,,100,550,150,,,30,370,
1871,1,,12000,,600,2000,620,125000,,150,250,580,300,,,700,100
1871,10,,2000,,650,1950,700,110000,,200,700,250,,,50,700,100
1871,15,,18000,,,5300,1800,100000,,,,,2500,,,1000,100
1872,10,,2000,,600,1900,1000,180000,,150,600,150,,,,600,100
1873,11,,600,600,,150,,0,,,,150,,,,0,100
1873,13,,2400,2400,,1600,1530,382500,,,,70,,,,0,100
1873,14,,2800,2800,,1270,1200,300000,,,,70,,,,0,100
1874,4,,800,800,,1000,950,237500,,,,50,,,,0,100
1874,14,,200,200,,100,,0,,,,100,,,,0,100
1875,10,,700,700,,300,,0,,,,300,,,,0,100
1875,14,,700,700,,,,0,,,,,,,,0,100
1875,15,,9000,9000,,10000,10000,810000,,,,,,,,0,100
1876,11,,150,150,,1000,980,147000,,,,20,,,,0,100
1876,14,,550,550,,100,50,12500,,,,50,,,,0,100
1878,11,,500,500,,200,150,22500,,,,50,,,,0,100
1878,14,,5300,5300,,800,750,187500,,,,50,,,,0,100
1879,11,,700,700,,500,440,66000,,,,60,,,,0,100
1879,13,,1000,1000,,1000,950,237500,,,,50,,,,0,100
1879,14,,4000,4000,,2000,1930,482500,,,,70,,,,0,100
1880,11,,400,400,,80,,0,,,,80,,,,0,100
1880,14,,400,400,,80,,0,,,,80,,,,0,100
1881,11,,400,400,,300,,0,,,,300,,,,0,100
1881,14,,600,600,,400,,0,,,,400,,,,0,100
1900,11,,300,300,,700,,0,,,,400,,100,200,0,100
1900,13,,3000,3000,,5400,5300,768500,,,,50,,,,50,100
1900,14,,700,700,,750,400,80000,,,,300,,,50,0,100
1901,13,,2000,2000,,4000,3900,565500,,,,100,,,,0,100
1901,14,,1000,1000,,500,400,100000,,,,100,,,,0,100
1902,11,,500,500,,250,,0,,,,250,,,,0,100
1902,13,,500,500,,200,,0,,,,200,,,,0,100
1902,14,,500,500,,200,,0,,,,200,,,,0,100
1903,11,,500,500,,300,200,50000,,,,100,,,,0,100
1903,13,,200,200,,150,100,25000,,,,50,,,,0,100
1903,14,,800,800,,250,200,50000,,,,50,,,,0,100
1904,11,,200,200,,150,,0,,,,150,,,,0,100
1904,13,,300,300,,100,,0,,,,100,,,,0,100
1904,14,,500,500,,150,,0,,,,150,,,,0,100
1905,11,,400,400,,250,,0,,,,250,,,,0,100
1905,13,,100,100,,200,100,25000,,,,100,,,,0,100
1905,14,,1000,1000,,300,150,38000,,,,150,,,,0,100
1905,15,,5000,5000,2000,9000,,0,,,,,8000,,,3000,100
1907,11,,300,300,,200,,0,,,,200,,,,0,100
1907,12,,5000,5000,,18500,18000,1530000,,,,500,,,,0,100
1907,13,,200,200,,200,100,25000,,,,100,,,,0,100
1907,14,,1000,1000,,240,200,60000,,,,40,,,,0,100
1908,11,,100,100,,150,,0,,,,100,,,50,0,100
1908,13,,100,100,,50,,0,,,,20,,,30,0,100
1908,14,,800,800,,150,,0,,,,100,,,50,0,100
1909,5,,4800,4800,,1600,1500,1050000,,,,20,,,40,40,100
1909,10,,1000,,,1200,1000,80000,,,,200,,,,0,100
1909,11,,1500,,,1000,600,50000,,,,400,,,,0,100
1910,11,,800,,,400,,0,,,,350,,20,30,0,100
1911,10,,3000,3000,,1300,1200,72000,,,,100,,,,0,100
1911,11,,3300,2500,,1200,700,84000,,,,450,,,50,0,100
1913,5,,1000,,,300,250,200000,,,,20,,5,25,0,100
1913,11,,200,,,300,,0,,,,260,,10,30,0,100
1914,11,,1000,,,600,,0,,,,500,50,50,,0,100
1914,15,,6000,6000,,6000,3500,245000,,,,,2500,,,0,100
1915,10,,800,800,,2000,1500,120000,,,,250,40,50,160,0,100
1915,11,,800,,,1000,700,105000,,,,280,,20,,0,100
1915,15,,7000,7000,,8000,4000,280000,,,,,4000,,,0,100
1916,11,,1000,,,800,,0,,,,500,,100,200,0,100
1916,13,,4000,4000,,3000,2500,362500,,,,450,,,50,0,100
1917,10,,3000,3000,,1000,800,56000,,,,100,,,100,0,100
1917,11,,1200,,,600,,0,,,,500,,,100,0,100
1917,15,,4000,4000,,4500,,0,,,,,4500,,,0,100
1945,10,,280,,200,1500,,0,,,900,500,,,,300,
1945,11,,10,,,25,,0,,,,25,,,,0,
1945,14,,10,,40,300,190,57000,,,,100,,,,50,
1945,15,,10200,,1000,7000,,0,,,,,6000,,,2000,
1946,10,,280,,200,1600,200,26000,,,800,500,,,,300,
1946,11,,10,,,20,,0,,,,20,,,,0,
1946,14,,10,,30,500,380,95000,,,,100,,,,50,
1946,15,,9700,,800,10000,,0,,,,,10000,,,800,
1947,10,,780,,200,1600,700,105000,,,400,400,100,,,200,
1947,11,,10,,,20,,0,,,,20,,,,0,
1947,14,,10,,50,500,400,100000,,,,80,40,,,30,
1947,15,,10000,,1200,14000,,0,,,,,15000,,,200,
1948,10,,2700,,200,2500,400,52000,,,1200,400,100,,200,400,
1948,11,,100,,,85,,0,,,,65,,,,20,
1948,14,,200,,30,650,570,142500,,,,40,,,40,30,
1948,15,,7000,,800,7500,,0,,,,,8000,,,300,
1949,2,,5000,,100,1200,650,130000,,,250,,200,,,200,
1949,10,,270,,200,800,,0,,,250,250,100,,,400,
1949,11,,10,,,20,,0,,,,20,,,,0,
1949,14,,20,,30,600,530,132500,,,,60,,,,40,
1949,15,,5000,,1000,3000,,0,,,,,3000,,,1000,
1950,10,,180,,150,750,,0,,,200,400,,,,300,
1950,11,,10,,,15,,0,,,,15,,,,0,
1950,14,,10,,40,600,450,135000,,,,100,50,,,40,
1950,15,,9800,,1200,10000,,0,,,,,10000,,,1200,
1951,10,,1970,,250,1500,,0,,,800,600,150,,,200,
1951,11,,10,,,20,,0,,,,20,,,,0,
1951,14,,20,,30,700,550,137500,,,,80,50,,,50,
1951,15,,10000,,1000,12000,,0,,,,,11000,,,2000,
1952,10,,170,,150,600,250,32500,,,100,100,100,,,200,
1952,11,,10,,,15,,0,,,,15,,,,0,
1952,14,,20,,20,600,520,130000,,,,30,50,,,20,
1952,15,,7800,,1000,7000,,0,,,,,6000,,,2000,
1954,10,,385,,250,400,,0,,,160,80,,20,,390,100
1954,11,,10,,30,60,,0,,,,40,,10,,40,100
1954,14,,5,,35,70,,0,,,,50,,25,,30,100
1955,1,,785,,50,250,,0,,,25,150,,20,,105,
1955,10,,1200,,700,1000,800,160000,,,480,150,,20,,250,100
1955,11,,10,,40,80,40,8000,,,,30,,25,,25,100
1955,14,,5,,30,70,45,9000,,,,30,,10,,15,100
1956,10,,490,,400,700,300,60000,,,200,150,,20,,430,100
1956,11,,5,,50,80,40,8000,,,,50,,10,,30,100
1956,14,,5,,30,60,,0,,,,40,,20,,30,100
1957,10,,985,,600,1000,700,140000,,,400,160,100,,,240,100
1957,11,,10,,60,140,100,20000,,,,40,20,10,,30,100
1957,14,,5,,40,80,,0,,,,50,30,10,,30,100
1958,1,,2000,,60,200,,0,,,80,100,,20,,60,100
1958,10,,1180,,600,1000,600,120000,,,480,150,20,,,350,100
1958,11,,15,,35,150,100,15000,,,,40,20,10,,15,100
1958,14,,5,,25,60,,0,,,,35,20,10,,20,100
1958,15,,3000,,2000,3000,,0,,,,,2500,,,2500,
1960,10,,395,,300,500,,0,,,160,100,,20,,520,100
1960,11,,5,,30,60,,0,,,,50,,20,,20,100
1961,10,,990,,600,1000,700,140000,,,400,120,100,10,,270,100
1961,11,,5,,20,60,,0,,,,40,20,10,,10,100
1961,14,,5,,30,70,,0,,,,35,20,10,,35,100
1963,10,,750,,300,1200,250,25000,,,320,180,300,,,450,100
1963,11,,30,,,600,287,22960,,,,80,150,,,83,100
1963,14,,20,,100,300,50,30000,,,,100,200,,,50,100
1964,10,,760,,200,1600,970,97000,,,,180,200,,,450,100
1964,14,,40,,40,700,340,34000,,,,90,200,40,,70,100
1966,10,,380,,150,390,,0,,,160,90,,,,290,100
1966,11,,20,,,40,,0,,,,20,,,,20,100
1967,10,,550,,300,900,,0,,,260,180,300,60,,400,100
1967,11,,20,,,160,10,10000,,,,40,60,,,50,100
1967,14,,30,,40,560,150,20000,,,,,200,200,,50,100
1969,10,,350,,400,700,110,11000,,,200,300,,40,,450,100
1969,11,,20,,,180,70,7000,,,,60,,10,,40,100
1969,14,,30,,20,690,,0,,,,100,,410,,200,100
1970,10,,950,,250,1200,440,44000,,,400,160,,90,,360,100
1970,11,,20,,,90,,0,,,,30,,30,,30,100
1970,14,,30,,100,1200,600,60000,,,,200,,300,,200,100
1971,2,,20000,,900,8000,7000,1050000,,,900,,,,,1000,
1971,10,,1450,,300,3600,2300,230000,,,600,200,350,50,,400,100
1971,11,,50,,,100,,0,,,,40,,,,60,100
1981,5,1,5,,1,3,,0,,,0.5,1.5,,,1,1,100
1981,10,,50,,,30,,0,,,,30,,,,0,100
1981,11,,150,,,60,,0,,,,30,,,30,0,100
1981,14,,550,,,200,,0,,,,50,,,150,0,
1982,10,,100,,,70,,0,,,,70,,,,0,
1982,11,,200,,,100,,0,,,,60,,,30,10,
1982,14,,200,,80,120,,0,,,,90,,,60,50,
1983,5,1,10,,,3,,0,,,0.5,2.5,,,,0,100
1983,10,,700,,300,600,,0,,,200,500,,,,200,
1983,11,,200,,10,90,,0,,,,90,,,,10,100
1983,14,,200,,30,150,,0,,,,120,,,20,40,
1983,15,,11900,,3000,5000,,0,,,,,5000,,,3000,
1984,11,,10,,,5,,0,,,,5,,,,0,
1984,14,,90,,,80,,0,,,,30,,,50,0,
1985,12,,20,,,30,,0,,,,30,,,,0,100
1985,14,,80,,,90,,0,,,,30,,,60,0,100
1986,5,1,10,,1,3,,0,,,0.5,2.5,,,,1,100
1986,10,,300,,,90,,0,,,,90,,,,0,
1986,11,,100,,10,80,,0,,,,80,,,,10,100
1986,14,,100,,50,150,50,40000,,,,100,,,,50,
1987,5,1,30,,5,10,,0,,,1,8,,,,6,100
1987,10,,400,,,150,,0,,,,150,,,,0,
1987,11,,100,,20,120,,0,,,,100,10,,10,20,100
1987,14,,100,,,30,,0,,,,30,,,,0,
1988,5,1,50,,2,6,,0,,,2,3,,,,3,100
1988,10,,1500,,500,1500,500,75000,,,500,300,100,,200,400,
1988,11,,200,,30,120,,0,,,,60,50,,10,30,100
1988,14,,300,,20,80,,0,,,,60,,,20,20,100
1988,15,,14500,,3000,5000,,0,,,,,4000,,,4000,
1989,5,1,10,,,2,,0,,,0.5,1.5,,,,0,100
1989,10,,300,,50,90,,0,,,50,60,,,,30,
1989,11,,100,,10,70,,0,,,,70,,,,10,100
1989,14,,200,,10,70,,0,,,,70,,,,10,
2008,10,,1000,,,1000,,0,,,400,250,100,,50,200,100
2008,11,,300,,,100,,0,,,,60,20,,10,10,100
2008,14,,200,,,100,,0,,,,70,10,,10,10,100
2008,15,,5000,,,3000,,0,,,,,2500,,,500,
2009,10,,1000,,,2000,800,112000,,,400,300,100,50,50,300,100
2009,11,,200,,,150,,0,,,,90,10,20,10,20,100
2009,14,,300,,,100,,0,,,,50,20,,,30,100
2009,15,,4500,,,3500,,0,,,,,3000,,,500,
2010,10,,800,,,600,,0,,,300,100,20,30,50,100,
2010,11,,200,,,100,,0,,,,30,20,,,50,
2011,10,,500,,,1000,,0,,,200,400,100,,,300,
2011,11,,200,,,150,,0,,,,70,50,10,,20,
2012,10,,800,,,700,,0,,,300,180,50,20,,150,
2012,11,,200,,,90,,0,,,,50,10,10,,20,
2012,14,,500,,,100,,0,,,,70,10,,,20,
2012,15,,5000,,,3000,,0,,,,,2000,,,1000,
2013,10,,1000,,,1000,,0,,,400,300,50,50,,200,
2013,11,,600,,,200,,0,,,,100,50,30,,20,
2013,14,,300,,,150,,0,,,,100,20,10,,20,
2013,15,,20000,,,6000,,0,,,,,5000,,,1000,
2014,10,,1000,,,1200,200,28000,,,400,200,50,,50,300,
2014,11,,300,,,150,,0,,,,80,20,,30,20,
2014,14,,200,,,80,,0,,,,40,10,,10,20,
2014,15,,6000,,,2500,,0,,,,,2000,,,500,
2015,11,,1000,,,250,,0,,,,150,50,,30,20,
2015,15,,6700,,,2000,,0,,,,,2000,,,0,
2016,10,,1000,,,1000,,0,,,400,250,50,,50,250,100
2016,11,,300,,,150,,0,,,,50,20,,30,50,100
2016,14,,200,,,100,,0,,,,50,20,,,30,100
2016,15,,5000,,,3000,,0,,,,,2000,,,1000,
2062,1,,6000,,,1700,500,75000,,,200,600,,,,400,
2062,2,,5000,,,1500,,0,,,200,,1000,,,300,
2062,10,,1000,,,2400,1300,150000,,,400,600,,,,100,
2062,11,,200,,,1200,600,75000,,,,600,,,,0,
2062,16,1,11000,,,3000,,0,,,,,2500,,,500,
2063,1,,20000,,,4900,3000,400000,,,800,,,,,1100,
2063,2,,20000,,,4500,2000,260000,,,800,,700,,,1000,
2063,10,,1000,,,2400,1000,130000,,,500,400,300,,,200,
2063,11,,300,,,1400,1000,120000,,,,400,,,,0,
2063,15,,33000,,,3500,,0,,,,,3000,,,500,
2063,16,1,40000,,,8000,,0,,,,,6000,,,2000,
2064,1,,30000,,,7800,5000,700000,,,1000,600,,,,1200,
2064,2,,30000,,,7400,2000,260000,,,1000,,3000,,,1400,
2064,10,,800,,,2600,1400,160000,,,400,600,,,,200,
2064,11,,400,,,2100,1100,130000,,,,600,300,,,100,
2064,15,,17000,,,2000,,0,,,,,1500,,,500,
2064,16,1,60000,,,12000,,0,,,,,10000,,,2000,
2065,1,,10000,,,2400,1000,140000,,700,400,,,,,300,
2065,2,,10000,,,2200,900,105000,,,400,,700,,,200,
2065,10,,800,,,2400,1500,185000,,,400,300,,,,200,
2065,11,,400,,,2300,1500,180000,,,,300,500,,,0,
2065,15,,24000,,,3000,,0,,,,,2500,,,500,
2065,16,1,20000,,,5000,,0,,,,,4000,,,1000,
2066,1,,10000,,,2600,1000,140000,,1000,400,,,,,200,
2066,2,,15000,,,3700,2000,260000,,,500,700,,,,500,
2066,10,,400,,,1100,300,45000,,,200,500,,,,100,
2066,11,,100,,,500,,0,,,,500,,,,0,
2066,15,,30000,,,3500,,0,,,,,3000,,,500,
2066,16,1,25000,,,5000,,0,,,,,4000,,,1000,
2067,1,,20000,,,4400,2000,280000,,1000,800,400,,,,200,
2067,2,,10000,,,2200,,0,,,500,,1400,,,300,
2067,10,,800,,,2300,1000,125000,,,400,400,300,,,200,
2067,11,,400,,,2000,1000,120000,,,,400,400,,,200,
2067,15,,13000,,,2000,,0,,,,,1500,,,500,
2067,16,1,3000,,,6000,,0,,,,,5500,,,500,
2068,1,,30000,,,7200,3000,390000,,2000,1000,600,,,,600,
2068,2,,20000,,,5200,,0,,,1000,,3000,,,1200,
2068,10,,800,,,2500,1500,170000,,,400,500,,,,100,
2068,11,,400,,,1600,500,60000,,,,500,500,,,100,
2068,15,,32000,,,4000,,0,,,,,3500,,,500,
2068,16,1,50000,,,13000,,0,,,,,12000,,,1000,
2069,1,,10000,,,2400,1600,230000,,,400,,,,,400,
2069,2,,10000,,,2100,,0,,300,400,,1100,,,300,
2069,10,,1000,,,2400,1400,180000,,,400,400,,,,200,
2069,11,,200,,,1300,600,75000,,,,400,300,,,0,
2069,15,,24000,,,2500,,0,,,,,2000,,,500,
2069,16,1,20000,,,5000,,0,,,,,4500,,,500,
2070,1,,30000,,,8000,6000,840000,,,1000,600,,,,400,
2070,2,,30000,,,7500,3000,390000,,,1000,,2500,,,1000,
2070,10,,1200,,,2800,1500,180000,,,500,600,,,,200,
2070,11,,500,,,2400,1000,115000,,,,600,600,,,200,
2070,15,,22000,,,2500,,0,,,,,2000,,,500,
2070,16,1,60000,,,13000,,0,,,,,12000,,,1000,
2072,1,,16000,,,3000,1500,195000,,,620,180,200,,,500,
2072,2,,14000,,,2500,1500,210000,,,500,,300,,,200,
2072,15,,60000,,,7000,,0,,,,,3000,,,4000,
2072,16,1,16000,,,1500,,0,,,,,1500,,,0,
2073,15,,20000,,,2500,,0,,,,,1500,,,1000,
2074,1,,18000,,,3500,1500,195000,,,800,200,300,,,700,
2074,2,,20000,,,3500,2000,280000,,,800,,200,,,500,
2074,15,,59000,,,7000,,0,,,,,3000,,,4000,
2074,16,1,20000,,,2000,,0,,,,,2000,,,0,
2075,1,,14000,,,3000,1500,195000,,,600,200,200,,,500,
2075,15,,21000,,,2500,,0,,,,,2500,,,0,
2076,15,,26200,,,2500,,0,,,,,1500,,,1000,
2077,1,,12000,,,2500,1200,156000,,,500,200,200,,,400,
2077,2,,15000,,,2500,1200,168000,,,700,,300,,,300,
2077,15,,63000,,,7000,,0,,,,,5000,,,2000,
2078,1,,10000,,,2000,500,65000,,,600,200,250,,,450,
2078,2,,15000,,,2500,1500,210000,,,500,,200,,,300,
2078,15,,40000,,,5000,,0,,,,,3000,,,2000,
2078,16,1,10000,,,1200,,0,,,,,1200,,,0,
2079,1,,23000,,,4500,2500,325000,,,1000,300,300,,,400,
2079,2,,17000,,,2700,1200,168000,,,700,,300,,,500,
2079,15,,32500,,,4000,,0,,,,,2000,,,2000,
2079,16,1,17000,,,1200,,0,,,,,1200,,,0,
2080,5,,100,100,2,20,10,15000,,,2,5,,,3,2,100
2080,10,,200,200,50,300,100,20000,,,50,100,,,50,50,100
2080,11,,100,100,,120,40,10000,,,,60,,,,20,100
2080,14,,100,100,,200,100,40000,,,,70,,,30,0,100
2080,15,,100,,,1000,,0,,,,,1000,,,0,100
2081,1,,10000,,300,3000,1000,170000,,200,300,1000,200,100,100,400,
2081,5,,200,200,5,40,20,30000,,,5,13,,,3,4,100
2081,10,,300,300,100,450,200,40000,,,100,150,,,50,50,100
2081,11,,200,200,,260,100,25000,,,,120,,,,40,100
2081,14,,100,100,,200,50,15000,,,,100,,,,50,100
2081,15,,200,100,,2000,,0,,,,,2000,,,0,100
2083,5,,150,150,2,30,15,22500,,,2,5,,,5,5,100
2083,10,,160,160,50,240,100,20000,,,50,100,,,,40,100
2083,11,,150,150,,180,80,16000,,,,80,,,,20,100
2083,14,,100,100,,150,50,20000,,,,90,,,10,0,100
2085,5,,200,200,5,40,25,37500,,,5,7,,5,,3,100
2085,10,,200,200,50,300,150,30000,,,,100,,20,,80,100
2085,11,,200,200,,240,120,24000,,,,100,,,,20,
2085,14,,100,100,,130,70,28000,,,,60,,,,0,100
2085,15,,100,100,,1000,,0,,,,,1000,,,0,100
2086,5,,300,300,5,60,41,61500,,2,5,7,,,5,5,100
2086,10,,200,200,70,300,150,45000,,,70,110,,,25,15,100
2086,11,,200,200,,280,40,12000,,,,160,,,40,40,100
2086,14,,200,200,,220,100,40000,,,,80,,,40,0,100
2087,5,,100,100,2,20,10,15000,,,2,8,,,,2,100
2087,10,,100,100,20,150,,0,,,20,100,,,,50,100
2087,11,,100,100,,130,,0,,,,100,,,,30,100
2088,5,,150,150,3,30,20,30000,,,3,7,,,,3,100
2088,10,,200,200,50,300,130,26000,,,50,100,,,,70,100
2088,11,,200,200,,240,100,20000,,,,100,,,20,20,100
2088,14,,50,50,,100,,0,,,,100,,,,0,100
2116,5,,10,,,4,,0,,,,3,,,,1,100
2116,10,,450,,,500,,0,,,100,150,,,,250,100
2116,11,,200,,,250,,0,80,,,100,,,,70,100
2116,14,,340,,,200,,0,50,,,100,,,,50,100
2116,15,,10000,,,6000,,0,,,,,2000,,,4000,100
2117,5,,10,,,2,,0,,,,2,,,,0,100
2117,10,,200,,,250,,0,,,50,100,,,,100,100
2117,11,,100,,,120,,0,30,,,70,,,,20,100
2117,13,,50,,,40,,0,,,,40,,,,0,100
2117,14,,1140,,,160,,0,40,,,120,,,,0,100
2117,15,,6000,,,3000,,0,,,,,1000,,,2000,
2118,5,,10,,,4,,0,,,,1,,,2,1,100
2118,10,,40,,,30,,0,,,,30,,,,0,100
2118,11,,150,,,120,,0,40,,,60,,,,20,100
2118,14,,1800,,,1000,800,200000,50,,,50,,,50,50,100
2118,15,,10000,,,6000,,0,,,,,3000,,,3000,80
2119,5,,10,,,2,,0,,,,1,,,,1,100
2119,10,,40,,,50,,0,,,,50,,,,0,100
2119,11,,80,,,100,,0,20,,,60,,,,20,100
2119,12,,30,,,20,,0,,,,20,,,,0,100
2119,14,,840,,,120,,0,30,,,60,,,,30,100
2119,15,,10000,,4000,,,0,,,,,2000,,,2000,100
2120,5,,20,,,8,,0,,,,2,,,4,2,100
2120,10,,450,,,400,,0,,,,100,,,100,200,100
2120,11,,130,,,160,,0,40,,,70,,,20,30,100
2120,12,,20,,,10,,0,,,,10,,,,0,
2120,13,,30,,,30,,0,25,,,5,,,,0,100
2120,14,,300,,,350,100,20000,60,,,70,,,80,40,100
2120,15,,11550,,,6000,,0,,,,,3000,,,3000,100
2121,5,,10,,,3,,0,,,,1,,,,2,100
2121,10,,100,,,150,,0,,,,50,,,,100,100
2121,11,,100,,,80,,0,40,,,30,,,,10,100
2121,12,,10,,,10,,0,,,,10,,,,0,100
2121,14,,1780,,,110,,0,30,,,60,,,,20,100
2121,15,,8000,,,3000,,0,,,,,2000,,,1000,50
2122,5,,10,,,3,,0,,,,2,,,,1,100
2122,11,,120,,,100,,0,20,,,80,,,,0,100
2122,14,,1870,,,800,300,90000,80,,,150,,,150,120,100
2122,15,,7400,,,2000,,0,,,,,1500,,,500,100
2123,5,,20,,,10,,0,,,,1,,,6,3,100
2123,10,,50,,,50,,0,,,,20,,,,30,100
2123,11,,50,,,60,,0,20,,,30,,,,10,100
2123,14,,1380,,,120,,0,30,,,20,,,40,30,100
2123,15,,2000,,,1000,,0,,,,,500,,,500,50
2124,14,,800,,,180,,0,,,,40,,20,70,50,100
2125,10,,200,200,,240,,0,,,,140,,,,100,100
2125,11,,200,200,,120,,0,,,,80,,,20,20,100
2125,13,,8000,8000,,8000,7000,1260000,,,,700,,,200,100,100
2125,14,,1000,1000,,250,50,15000,,,,70,,,60,70,100
2125,15,,6000,6000,,2000,2000,110000,,,,,,,,0,100
2126,1,,2000,2000,,400,,0,,,50,350,,,,0,100
2126,2,,1000,1000,,200,,0,,,,,200,,,0,100
2126,10,,250,250,,300,,0,,,,200,,,,100,100
2126,11,,250,250,,140,,0,,,,90,,,,50,100
2126,13,,5000,5000,,3500,3000,540000,,,,350,,,100,50,100
2126,14,,500,500,,130,,0,,,,90,,,20,20,100
2126,15,,5000,,,2000,,0,,,,,2000,,,0,0
2127,10,,300,300,,340,,0,,,,200,,,,140,100
2127,11,,200,200,,160,,0,,,,100,,,40,20,100
2127,13,,5000,5000,,3000,2500,450000,,,,400,,20,50,30,100
2127,14,,1900,1900,,150,,0,,,,70,,,50,30,100
2127,15,,7000,7000,,3000,,0,,,,,2000,,,1000,100
2128,11,,200,200,,130,,0,,,,90,,,,40,100
2128,13,,6000,6000,,3500,3000,540000,400,,,70,,,,30,100
2128,14,,800,800,,200,100,50000,,,,70,,,,30,100
2128,15,,10000,10000,,4000,,0,,,,,3000,,,1000,100
2129,1,,3000,3000,,400,,0,,,50,350,,,,0,100
2129,13,,8000,8000,,10000,9500,1710000,400,,,50,,,30,20,100
2129,14,,800,800,,180,,0,,,,100,,,40,40,100
2129,15,,4000,4000,,2000,,0,,,,,2000,,,0,100
2130,1,,7000,7000,,2000,200,30000,300,100,100,800,200,50,50,200,100
2130,11,,200,200,,140,,0,,,,70,,,40,30,100
2130,13,,6000,6000,,9000,8500,1530000,300,,,70,,20,80,30,100
2130,14,,1800,1800,,280,150,75000,,,,80,,,50,0,100
2131,1,,3000,3000,,1300,,0,100,,100,700,50,50,,300,100
2131,2,,4000,4000,,1500,,0,,50,100,,900,50,,400,100
2131,10,,200,200,,260,,0,,,,160,,,,100,100
2131,11,,100,100,,90,,0,,,,90,,,,0,100
2131,13,,6000,6000,,6000,5600,1008000,250,,,70,,,50,30,100
2131,14,,700,700,,200,150,75000,,,,50,,,,0,100
2131,15,,10000,,,4000,,0,,,,,2500,,,1500,
2132,2,,3000,3000,,1000,,0,,,70,,600,,,330,100
2132,11,,200,200,,80,,0,,,,80,,,,0,100
2132,13,,9000,9000,,13000,12500,2250000,400,,,50,,,50,0,100
2132,14,,800,800,,230,130,65000,,,,50,,,50,0,100
2132,15,,10000,10000,,4000,,0,,,,,3000,,,1000,100
2133,2,,3000,3000,,400,,0,,,30,,370,,,0,100
2133,13,,3000,3000,,3000,2500,450000,450,,,50,,,,0,100
2133,14,,11000,11000,,1450,1200,800000,,30,,70,,20,80,50,100
2133,15,,5000,,,2000,,0,,,,,1500,,,500,
2134,5,1,35,,,7,,0,,,1,4,,,,2,100
2134,10,,200,,,120,,0,,,,120,,,,0,
2134,11,,250,,,180,,0,,,,135,,,15,30,100
2134,14,,550,,,80,,0,,,,70,,,10,0,
2135,5,1,25,,,5,,0,,,1,2,,,,2,100
2135,10,,100,,,120,,0,,,,100,,,,20,100
2135,11,,100,,,80,,0,,,,70,,,,10,100
2135,13,,100,,,200,,0,,,,175,,,25,0,
2135,14,,200,,,200,,0,,,,180,,,20,0,
2136,5,1,50,,,8,,0,,,1,4,,,,3,100
2136,10,,700,,,500,,0,,,100,200,50,,,150,
2136,11,,300,,,150,,0,,,,130,,,,20,100
2136,14,,500,,,100,,0,,,,80,,,,20,
2136,15,,3000,,,1000,,0,,,,,1000,,,0,
2137,5,1,70,70,,50,10,8000,,,2,13,,,10,15,100
2137,10,,300,300,,550,,0,,,100,200,,,50,200,100
2137,11,,500,500,,300,,0,,,,250,,,20,30,100
2137,13,,2000,2000,,900,300,42000,,,,500,,,100,0,100
2137,14,,1200,,,100,,0,,,,70,,,30,0,
2138,5,1,20,,1,7,,0,,,1,3,,,,4,100
2138,10,,250,,,200,,0,,,50,50,20,,20,60,
2138,11,,300,,,200,,0,,,,150,,,30,20,100
2138,14,,1950,,,100,,0,,,,80,,,20,0,
2139,5,1,30,,,8,,0,,,1,4,,,,3,100
2139,10,,200,,,100,,0,,,60,,30,,10,0,
2139,11,,200,,,150,,0,,,,110,,,20,20,100
2139,13,,50,,,100,,0,,,,80,,,20,0,
2139,14,,550,,,70,,0,,,,55,,,15,0,
2140,5,1,25,,,6,,0,,,1,3,,,,2,100
2140,10,,200,,,250,,0,,,,170,80,,,0,
2140,11,,200,,,150,,0,,,,115,,,10,25,100
2140,14,,400,,,80,,0,,,,70,,,10,0,
2141,5,1,50,,2,10,,0,,,1,7,,,,4,100
2141,10,,500,,,700,,0,,,100,200,50,,100,250,
2141,11,,400,,,250,,0,,,,200,,,20,30,100
2141,14,,300,,,100,,0,,,,90,,,10,0,
2142,5,1,30,,,5,,0,,,1,2,,,,2,100
2142,10,,100,,,80,,0,,,,80,,,,0,100
2142,11,,200,,,100,,0,,,,85,,,,15,100
2142,14,,400,,,70,,0,,,,60,,,10,0,
2142,15,,1000,,,500,,0,,,,,500,,,0,
2150,10,,300,,100,250,,0,,,150,120,,,,80,
2152,11,,200,,,30,,0,,,,30,,,,0,100
2155,10,,100,,,30,,0,,,,30,,,,0,100
2155,11,,200,,,80,,0,,,,80,,,,0,100
2156,11,,150,,,60,,0,,,,60,,,,0,100
2156,14,,150,,,400,,0,,,,400,,,,0,
2157,11,,250,,,90,,0,,,,90,,,,0,100
2157,14,,150,,,250,,0,,,,250,,,,0,
2159,11,,400,,,120,,0,,,,120,,,,0,100
2159,13,,20,,,100,,0,,,,100,,,,0,
2159,14,,80,,,200,,0,,,,200,,,,0,
2198,14,,200,,,300,,0,,,,200,,,100,0,100
2199,14,,100,,,170,,0,,,,70,,,100,0,100
2204,13,,50,,,30,,0,,,,20,,,10,0,100
2204,14,,50,,,60,,0,,,,40,,,20,0,100
2287,10,,2000,,500,1800,870,140000,,,550,180,,,100,600,100
2288,10,,2500,,500,2200,1250,200000,,,600,200,,,50,600,100
2289,10,,2500,,600,2300,1350,200000,,50,650,200,,,50,600,100
2290,10,,2000,,570,1930,900,150000,,150,550,250,,,50,600,100
2291,10,,2500,,600,2350,1430,240000,,,660,220,,,40,600,100
2292,1,,10000,,700,1800,400,68000,,50,250,700,300,,,800,
2292,10,,2000,,500,1800,850,140000,,,650,240,,,60,500,100
2292,11,,500,,100,350,280,60000,,,,100,,,,70,100
2292,15,,12000,,,4000,,0,,,,,2700,,,1300,
2293,1,,10000,,800,1900,500,90000,,50,250,720,300,,,880,
2293,10,,2000,,600,1900,800,120000,,,650,230,70,,50,700,100
2293,11,,1000,,200,700,590,100000,,,,100,,,50,160,100
2293,15,,12000,,,4000,,0,,,,,3000,,,1000,
2294,1,,10000,,800,2000,700,150000,,80,250,570,300,,40,860,
2294,10,,2000,,600,1900,930,150000,,100,600,220,,,50,600,100
2294,11,,1000,,150,680,600,90000,,,,100,,,30,100,100
2294,15,,13000,,,4200,,0,,,,,3000,,,1200,
2295,10,,2000,,600,1900,1000,170000,,100,600,160,,,40,600,100
2296,14,,1200,1200,70,350,220,100000,,,,100,,,40,60,100
2296,15,1,1200,1200,,400,,0,,400,,,,,,0,100
2297,14,,2000,2000,100,650,400,200000,,20,,180,,,50,100,100
2297,15,1,2000,2000,,800,,0,,800,,,,,,0,100
2298,14,,2000,2000,110,790,500,270000,70,,,200,,,30,100,100
2298,15,1,22000,22000,,7000,1500,80000,,,,,2500,,,3000,100
2299,1,,9000,9000,600,1800,650,111000,,,250,430,270,,,800,100
2299,11,,1000,1000,50,480,230,58000,,,,220,,,30,50,100
2299,14,,2000,2000,80,600,270,110000,50,,,250,,,30,80,100
2299,15,1,2000,2000,,700,700,35000,,,,,,,,0,100
2300,11,,500,500,60,230,60,20000,,,,180,,,,50,100
2300,14,,1500,1500,80,380,150,70000,,,,210,,,20,80,100
2300,15,1,1500,1500,,500,,0,,500,,,,,,0,100
2301,11,,1000,1000,60,450,160,40000,,,,250,,,40,60,100
2301,14,,2000,2000,100,700,450,200000,,,,220,,,30,100,100
2301,15,1,19000,19000,,6500,1000,50000,,,,,2800,,,2700,100
2302,14,,1200,1200,80,370,260,110000,,,,100,,,20,70,100
2302,15,1,1200,1200,,400,,0,,400,,,,,,0,100
2303,11,,800,800,80,350,180,60000,,,,150,,,30,70,100
2303,14,,1200,1200,100,500,300,150000,,,,200,,,20,80,100
2303,15,1,21200,21200,,7500,2500,155000,,,,,2500,,,2500,100
2304,11,,500,500,40,250,90,30000,,,,150,,,,50,100
2304,14,,2000,2000,100,780,500,260000,,,,200,,,80,100,100
2304,15,1,22000,22000,,7000,7000,350000,,,,,,,,0,100
2305,11,,400,400,,350,250,37500,,,,100,,,,0,100
2305,13,,6000,6000,,2700,2550,637500,,,,150,,,,0,100
2305,14,,4400,4400,,3000,2930,732500,,,,70,,,,0,100
2306,11,,200,200,,100,,0,,,,100,,,,0,100
2306,13,,300,300,,200,130,32500,,,,70,,,,0,70
2306,14,,300,300,,400,300,75000,,,,100,,,,0,100
2307,11,,300,300,,400,250,37500,,,,150,,,,0,100
2307,14,,500,500,,400,300,75000,,,,100,,,,0,100
2308,11,,200,200,,100,,0,,,,100,,,,0,100
2308,14,,800,800,,800,700,175000,,,,100,,,,0,100
2308,15,,3500,3500,,5700,5700,342000,,,,,,,,0,
2309,11,,750,750,,500,400,60000,,,,100,,,,0,100
2309,14,,3450,3450,,600,550,137500,,,,50,,,,0,100
2309,15,1,3000,3000,,4500,4500,270000,,,,,,,,0,100
2310,11,,100,100,,100,70,10500,,,,30,,,,0,100
2310,13,,100,100,,100,90,22500,,,,10,,,,0,100
2310,14,,600,600,,600,560,140000,,,,40,,,,0,100
2311,11,,100,100,,50,,0,,,,50,,,,0,100
2311,13,,100,100,,10,,0,,,,10,,,,0,100
2311,14,,1000,1000,,400,370,92500,,,,30,,,,0,100
2313,11,,100,100,,60,45,6750,,,,15,,,,0,100
2313,13,,100,100,,50,40,10000,,,,10,,,,0,100
2313,14,,1900,1900,,1000,985,246250,,,,15,,,,0,100
2314,10,,100,100,,30,,0,,,,30,,,,0,100
2314,11,,900,900,,300,80,14000,,,,170,,,50,0,100
2315,11,,1400,1400,,2000,1800,360000,,,,100,,,100,0,100
2315,15,,2700,2700,700,3500,,0,,,,,1700,,,2500,100
2316,11,1,2000,2000,,1000,900,270000,,,,100,,,,0,100
2316,13,,200,200,,20,,0,,,,20,,,,0,100
2316,14,,300,300,,10,,0,,,,10,,,,0,100
2317,11,,400,400,,140,100,25000,,,,40,,,,0,100
2317,14,,100,100,,5,,0,,,,5,,,,0,100
2318,11,1,700,700,,250,200,50000,,,,30,,,20,0,100
2318,13,,50,50,,30,,0,,,,20,,,10,0,100
2318,14,,100,100,,30,,0,,,,20,,,10,0,100
2319,11,1,600,600,,300,250,75000,,,,50,,,,0,100
2319,13,,100,100,,5,,0,,,,5,,,,0,100
2319,14,,200,200,,10,,0,,,,10,,,,0,100
2320,11,,300,300,,150,130,39000,,,,20,,,,0,100
2320,13,,200,200,,30,,0,,,,30,,,,0,100
2320,14,,300,300,,20,,0,,,,20,,,,0,100
2321,11,,300,300,,200,150,45000,,,,50,,,,0,100
2321,13,,100,100,,30,,0,,,,30,,,,0,100
2321,14,,100,100,,20,,0,,,,20,,,,0,100
2322,11,,1000,1000,,1500,1000,200000,,,,200,,300,,0,100
2322,13,,200,200,,40,,0,,,,40,,,,0,100
2322,14,,300,300,,15,,0,,,,15,,,,0,100
2343,11,,500,,,700,300,45000,,,,350,,50,,0,100
2350,11,,1450,,,5000,4900,588000,,,,100,,,,0,100
2351,10,,3000,,,6500,6300,504000,,,,200,,,,0,100
2351,11,,8000,6100,,11800,11600,812000,,,,200,,,,0,100
2352,10,,1560,,,4500,4200,420000,,,,300,,,,0,100
2352,11,,5350,5350,,8350,8050,483000,,,,300,,,,0,100
2353,11,,2450,,,5550,5300,424000,,,,250,,,,0,100
2354,10,,3000,,,6800,6650,532000,,,,150,,,,0,100
2354,11,,7150,6500,,10800,10450,731500,,,,150,,,200,0,100
2355,10,,970,,,3950,3850,308000,,,,100,,,,0,100
2355,11,,4950,4950,,7900,7800,546000,,,,100,,,,0,100
2356,10,,1050,,,3850,3750,300000,,,,100,,,,0,100
2356,11,,6380,6380,,8750,8650,605500,,,,100,,,,0,100
2357,11,,5640,4480,,8880,8680,1041600,,,,200,,,,0,100
2358,11,,6050,3700,,10800,10500,735000,,,,200,,,100,0,100
2359,11,,1200,1200,,5000,4000,320000,,,,1000,,,,0,100
2359,13,,5000,5000,,15000,14000,2100000,,,,500,,,500,0,100
2359,14,,800,800,,1500,,0,,,,1300,,,200,0,100
2360,11,,500,500,,1000,,0,,,,1000,,,,0,100
2360,12,,1000,1000,,4000,3000,500000,,,,1000,,,,0,100
2360,13,,10000,10000,,25000,24000,3600000,,,,1000,,,,0,100
2360,14,,500,500,,1000,,0,,,,1000,,,,0,100
2360,16,,10800,10800,,2200,2000,1200000,,,,100,,,100,0,100
2361,11,1,800,800,,1000,,0,,,,1000,,,,0,100
2361,14,,1800,1800,,4000,3000,800000,,,,1000,,,,0,100
2361,15,,10200,10200,,30000,30000,1200000,,,,,,,,0,100
2362,11,1,900,900,,2000,1000,80000,,,,1000,,,,0,100
2362,13,,10000,10000,,20000,19000,2850000,,,,800,,,200,0,100
2362,14,,1500,1500,,3000,2000,600000,,,,1000,,,,0,100
2363,11,,5000,5000,,15000,14000,1120000,,,,1000,,,,0,100
2363,13,,10000,10000,,20000,19000,2900000,,,,800,,,200,0,100
2363,14,,6000,6000,,12000,11000,2700000,,,,1000,,,,0,100
2363,15,,4000,4000,4000,8000,,0,,,,,8000,,,4000,100
2364,5,,1000,1000,,400,380,304000,,,10,10,,,,0,100
2364,11,,1000,1000,,10000,9000,750000,,,,1000,,,,0,100
2364,13,,20000,20000,,62000,61000,9150000,,,,1000,,,,0,100
2364,14,,2000,2000,,5000,4000,1000000,,,,1000,,,,0,100
2365,11,,1000,1000,,2500,1700,155000,,,,800,,,,0,100
2365,13,,8000,8000,,20000,19400,2910000,,,,600,,,,0,100
2365,14,,1600,1600,,3600,3000,800000,,,,600,,,,0,100
2366,11,,2000,2000,,7000,6000,500000,,,,1000,,,,0,100
2366,13,,5000,5000,,10000,9000,1400000,,,,600,,,400,0,100
2366,14,,2000,2000,,5000,4000,1000000,,,,1000,,,,0,100
2367,11,,700,700,,1200,,0,,,,1200,,,,0,100
2367,13,,4000,4000,,8000,7000,1300000,,,,500,,,500,0,100
2367,14,,2300,2300,,4600,4000,1600000,,,,600,,,,0,100
2369,11,,400,400,,100,,0,,,,100,,,,0,100
2377,10,,1980,,100,1200,200,26000,,,800,100,,,,200,
2377,11,,10,,,20,,0,,,,20,,,,0,
2377,14,,10,,30,500,430,107500,,,,50,,,,50,
2378,10,,280,,80,300,80,10400,,,120,100,,,,80,
2378,11,,10,,,15,,0,,,,15,,,,0,
2378,14,,10,,30,150,90,22500,,,,50,,,,40,
2379,10,,700,,200,3000,1400,156000,,,400,400,100,,100,800,
2379,11,,100,,,30,,0,,,,30,,,,0,
2379,14,,200,,30,250,90,22500,,,,70,50,,30,40,
2379,15,,3000,,700,3000,,0,,,,,3700,,,0,
2380,10,,3200,,200,4000,2400,312000,,,1200,250,50,,,300,
2380,11,,100,,,20,,0,,,,20,,,,0,
2380,14,,200,,30,400,330,82500,,,,50,20,,,30,
2381,10,,2600,,200,3000,1600,208000,,,1000,300,,,,300,
2381,11,,100,,,25,,0,,,,25,,,,0,
2381,14,,100,,20,250,190,57000,,,,50,,,,30,
2382,10,,1880,,100,2000,1100,132000,,,800,100,,,,100,
2382,11,,10,,,20,,0,,,,20,,,,0,
2382,14,,110,,20,300,260,65000,,,,40,,,,20,
2382,15,,3000,,700,2300,,0,,,,,2800,,,200,
2383,10,,1480,,200,2500,1700,221000,,,600,150,50,,,200,
2383,11,,10,,,20,,0,,,,20,,,,0,
2383,14,,10,,10,300,200,50000,,,,30,50,,,30,
2383,15,,4500,,1000,3000,,0,,,,,3000,,,1000,
2384,10,,2000,,200,3000,2000,260000,,,800,100,100,,,200,
2384,11,,100,,,25,,0,,,,25,,,,0,
2384,14,,100,,50,350,300,45000,,,,60,,,,40,
2384,15,,4000,,600,2500,,0,,,,,3000,,,100,
2385,10,,1980,,100,1800,900,117000,,,800,100,,,,100,
2385,11,,10,,,15,,0,,,,15,,,,0,
2385,14,,10,,30,150,100,25000,,,,50,,,,30,
2385,15,,4800,,1000,3500,,0,,,,,3000,,,1500,
2386,10,,195,195,120,300,,0,,,80,60,,20,,260,100
2386,14,,5,5,40,70,,0,,,,20,,30,,60,100
2387,10,,1500,1500,900,1700,1200,240000,,,600,200,,30,,570,100
2387,11,,280,280,200,500,400,120000,,,,80,,20,,200,100
2387,14,,20,20,80,160,80,20000,,,,70,,30,,60,100
2388,10,,2300,2300,1200,2700,2000,400000,,,920,300,200,,,480,100
2388,11,,480,480,120,600,500,150000,,,,100,30,20,,70,100
2388,14,,20,20,80,400,300,75000,,,,100,40,30,,10,100
2388,15,,20000,,6000,8000,,0,,,,,7000,,,7000,
2389,1,,1000,1000,100,300,,0,,,50,300,,20,,30,100
2389,10,,1000,1000,600,1200,800,160000,,,400,200,100,,,300,100
2389,11,,570,570,200,600,500,150000,,,,150,50,20,,80,100
2389,14,,30,30,200,400,350,85000,,,,150,50,30,,20,100
2389,15,,10000,,3500,6000,,0,,,,,5000,,,4500,
2390,10,,2300,2300,1300,2800,2000,400000,,,920,150,100,,,930,100
2390,11,,450,450,150,350,200,40000,,,,200,50,30,,20,100
2390,14,,50,50,120,300,180,36000,,,,70,30,20,,120,100
2390,15,,10000,,4000,5000,,0,,,,,4500,,,4500,
2391,10,,2600,2600,1200,2500,2000,400000,,,1000,250,,50,,400,100
2391,11,,180,180,200,450,400,80000,,,,80,,30,,140,100
2391,14,,20,20,70,120,80,24000,,,,60,,40,,10,100
2392,1,,1000,1000,,300,,0,,,30,180,,10,,80,100
2392,10,,1200,1200,1250,2600,2100,420000,,,880,250,100,20,,500,100
2392,11,,950,950,200,600,500,100000,,,,80,40,20,,160,100
2392,14,,50,50,70,300,200,40000,,,,70,30,30,,40,100
2393,10,,2000,2000,1100,2400,2000,400000,,,800,120,50,10,,520,100
2393,11,,1180,1180,100,600,450,120000,,,,70,20,,,160,100
2393,14,,20,20,60,130,60,12000,,,,40,30,10,,50,100
2393,15,,10000,,3500,5000,,0,,,,,4000,,,4500,
2394,1,,1660,1660,100,450,200,34000,,,50,150,,30,,120,100
2394,10,,1000,1000,600,1200,700,140000,,,400,200,50,,,450,100
2394,11,,500,500,120,700,500,125000,,,,120,40,20,,140,100
2394,14,,40,40,80,350,200,40000,,,,100,30,20,,80,100
2395,10,,190,,400,,,0,,,100,200,,,,100,100
2395,11,,10,,10,,,0,,,,10,,,,0,100
2396,10,,750,,150,1200,540,43200,,,320,90,,40,200,160,100
2396,11,,40,,5,100,,0,,,,20,,30,40,15,100
2396,14,,10,,50,300,,0,,,,30,,100,90,130,100
2397,10,,250,,200,380,100,20000,,,120,180,,30,,150,100
2397,11,,50,,,100,,0,,,,80,,,,20,100
2399,10,,150,,100,300,,0,,,80,150,,20,,150,100
2399,11,,50,,,40,,0,,,,30,,,,10,100
2400,10,,160,,180,400,100,10000,,,100,130,,20,60,170,100
2400,11,,40,,16,50,,0,,,,36,,,,30,100
2403,10,,750,,600,1100,620,49600,,,320,220,,40,,500,100
2403,11,,40,,10,160,93,9300,,,2,30,,5,,40,100
2403,14,,10,,200,800,100,12000,,,,200,,400,,300,100
2404,5,,40,,1,4,,0,,,1,2,,,1,1,100
2404,10,,460,,80,250,,0,,,60,130,,,40,100,100
2404,11,,100,,5,60,,0,,,,41,,,20,4,100
2404,13,,120,,,130,,0,,,,115,,,15,0,100
2404,14,,80,,12,100,,0,,,,65,,,40,7,100
2404,15,,2000,,,500,500,25000,,,,,,,,0,
2405,5,,70,,3,6.5,,0,,,1,5,,,,3.5,100
2405,10,,400,,100,230,,0,,,,220,30,,,80,100
2405,11,,80,,3,70,20,6000,,,,51,,,,2,100
2405,13,,10,,,25,,0,,,,25,,,,0,100
2405,14,,240,,20,220,95,38000,,,,130,,,,15,100
2405,15,,2600,,450,500,,0,,,,,550,,,400,
2406,5,,100,,4,8,,0,,,1.5,6,,,,4.5,100
2406,10,,650,,160,350,,0,,,70,280,30,,,130,100
2406,11,,120,,7,100,40,12000,,,,62,,,,5,100
2406,13,,30,,,50,,0,,,,50,,,,0,100
2406,14,,300,,15,280,160,64000,,,,123,,,,12,100
2406,15,,3700,,,600,600,30000,,,,,,,,0,
2407,5,,50,,2,4,,0,,,0.5,3,,,1,1.5,100
2407,10,,120,,,80,,0,,,,80,,,,0,100
2407,11,,130,,6,85,30,9000,,,,36,,,20,5,100
2407,14,,400,,10,260,100,40000,,,,117,,,45,8,100
2407,15,,2700,,,500,500,25000,,,,,,,,0,
2408,5,,30,,1.5,3.5,,0,,,0.5,2.5,,,,2,100
2408,10,,350,,65,180,,0,,,50,115,,,,80,100
2408,11,,70,,2,40,10,3000,,,,29,,,,3,100
2408,14,,150,,8,100,40,14000,,,,63,,,,5,100
2409,5,,60,,3,5,,0,,,1,4,,,1,2,100
2409,10,,560,,120,300,,0,,,60,220,20,,30,90,100
2409,11,,90,,4,75,10,3000,,,,52,,,15,2,100
2409,13,,30,,,45,,0,,,,25,,,20,0,100
2409,14,,160,,12,170,65,26000,,,,88,,,20,9,100
2410,5,,80,,2,7,2,2000,,,1,3.5,,,,2.5,100
2410,10,,500,,100,260,,0,,,80,160,,,,120,100
2410,11,,60,,5,35,,0,,,,37,,,,3,100
2410,13,,40,,,80,,0,,,,80,,,,0,100
2410,14,,320,,15,250,120,48000,,,,135,,,,10,100
2411,5,,20,,1.5,2,,0,,,0.5,2,,,,1,100
2411,10,,180,,45,90,,0,,,20,75,,,,40,100
2411,11,,30,,4,25,,0,,,,27,,,,2,100
2411,14,,70,,5,65,35,14000,,,,29,,,,6,100
2412,5,,40,,1.5,3,,0,,,0.5,2,,,1,1,100
2412,10,,380,,75,200,,0,,,30,120,,,35,90,100
2412,11,,60,,2,48,10,3000,,,,27,,,10,3,100
2412,13,,20,,,40,15,4500,,,,20,,,5,0,100
2412,14,,100,,6,90,20,8000,,,,43,,,25,8,100
2412,15,,1200,,,200,200,10000,,,,,,,,0,
2422,5,,50,50,2,6,,0,,,2,,,,3,3,100
2422,10,,1000,1000,200,1200,,0,,,350,300,,,50,700,100
2422,11,,300,300,,130,100,50000,,,3,20,,,,7,100
2422,14,,150,150,,50,,0,,,,50,,,,0,100
2423,10,,2000,2000,,1000,,0,,,,450,300,50,,200,100
2423,11,,400,400,,200,,0,,,,200,,,,0,100
2423,14,,100,100,,20,,0,,,,20,,,,0,100
2423,15,,10000,,,3000,,0,,,,,3000,,,0,
2424,5,,50,50,3,5,,0,,,2,3,,,,3,100
2424,6,,50,50,3,7,,0,,,2,4,,,,4,100
2424,10,,2000,2000,200,4000,,0,,,700,300,2650,,50,500,100
2424,11,,200,200,,50,,0,,,,35,,,,15,100
2424,15,,6000,,800,2400,,0,,,,,1800,,,1400,
2425,1,,15000,,,4000,,0,,,400,800,2300,,,500,
2425,5,,50,50,3,6,,0,,,3,3,,,,3,100
2425,10,,5000,5000,500,6000,3000,240000,,,2000,700,400,,100,300,100
2425,11,,250,250,,40,,0,,,,40,,,,0,100
2425,14,,200,200,,100,,0,,,,100,,,,0,100
2425,15,,5000,,5400,5000,,0,,,,,5600,,,4800,
2426,1,,10000,,,2000,500,60000,,,500,600,300,,,100,
2426,10,,10000,10000,500,7000,2000,350000,,,3000,900,200,,100,1300,100
2426,11,,300,300,,50,,0,,,,50,,,,0,100
2426,14,,200,200,,20,,0,,,,20,,,,0,100
2426,15,,30000,,3000,7000,,0,,,,,5500,,,4500,
2427,5,,50,,2,5,,0,,,2,2,,,,3,100
2427,10,,2000,2000,,1000,,0,,,500,300,200,,,0,100
2427,11,,650,,,120,,0,,,,60,20,,,40,100
2427,14,,300,,,100,,0,,,,70,,,,30,100
2427,15,,10000,,,2000,2000,100000,,,,,,,,0,
2428,10,,2000,2000,300,3500,2000,300000,,,1000,200,,,300,300,100
2428,11,,300,300,50,100,,0,,,,50,,,50,50,100
2428,14,,200,200,50,,,0,,,,10,,,20,20,100
2428,15,,3500,,3500,,,0,,,,,3500,,,0,
2429,10,,200,,,60,,0,,,,60,,,,0,
2429,11,,100,,,15,,0,,,,15,,,,0,100
2430,2,,8000,,,2000,,0,,,300,,700,,,1000,
2430,10,,5000,5000,600,10000,5000,750000,,,2000,800,1300,,,1500,100
2430,11,,200,,,170,100,50000,,,5,40,,,5,20,100
2430,14,,100,,,100,,0,,,,100,,,,0,100
2430,15,,17000,,2000,5000,,0,,,,,6000,,,1000,
2444,14,,100,,,30,,0,,,,30,,,,0,
2446,14,,100,,,15,,0,,,,15,,,,0,
2458,14,,500,500,60,200,,0,,,,180,,,,80,100
2459,5,,100,100,,40,30,24000,,,,10,,,,0,100
2459,10,,100,100,70,250,,0,,,40,,200,,,80,100
2459,11,,200,200,,120,,0,,,,120,,,,0,100
2459,13,,3000,3000,,170,,0,,,,170,,,,0,100
2459,14,,800,800,100,250,,0,,,,200,,,,150,100
2459,15,,4000,4000,,2300,2300,150000,,,,,,,,0,100
2460,11,,100,100,,70,,0,,,,70,,,,0,100
2460,14,,400,400,,100,,0,,,,100,,,,0,100
2461,14,,400,400,,100,,0,,,,100,,,,0,100
2462,10,,50,50,,35,,0,,,,35,,,,0,100
2462,11,,80,80,,40,,0,,,,40,,,,0,100
2462,14,,620,620,,130,,0,,,,130,,,,0,100
2463,14,,2900,2900,,300,200,70000,,,,100,,,,0,100
2464,11,,150,150,,65,,0,,,,65,,,,0,100
2464,13,,4000,4000,,300,300,45000,,,,,,,,0,100
2464,14,,550,550,,80,,0,,,,80,,,,0,100
2465,14,,500,500,,45,,0,,,,45,,,,0,100
2466,11,,100,100,,70,,0,,,,70,,,,0,100
2466,14,,300,300,,60,,0,,,,60,,,,0,100
2494,1,,7000,,,1800,1000,135000,,500,300,,,,,0,
2494,10,,500,500,,1300,700,90000,,,200,200,,200,,0,100
2494,11,,200,200,,1700,1500,180000,,,,200,,,,0,100
2494,15,,2000,2000,,1200,,0,,,,,1000,,,200,
2494,16,1,7000,,,2500,,0,,,,,2000,,,500,
2495,1,,10000,,,2600,1000,140000,,500,300,600,,,,200,
2495,2,,6000,,,1800,500,70000,,,300,,800,,,200,
2495,10,,1300,1300,,3400,2100,250000,,,500,500,,250,,50,100
2495,11,,300,300,,1700,1000,115000,,,,500,200,,,0,100
2495,16,1,16000,,,4500,,0,,,,,4000,,,500,
2496,10,,60,60,,170,,0,,,50,120,,,,0,100
2496,11,,20,20,,120,,0,,,,120,,,,0,100
2496,15,,11600,,,3000,3000,210000,,,,,,,,0,
2497,1,,10000,,,2500,1000,145000,,500,400,400,,,,200,
2497,2,,4000,,,1100,600,70000,,200,,,200,,,100,
2497,10,,1000,1000,,2800,1800,220000,,,500,400,,100,,0,100
2497,11,,200,200,,1200,800,100000,,,,400,,,,0,100
2497,15,,3000,,,1200,,0,,,,,1000,,,200,
2497,16,1,14000,,,3000,,0,,,,,2000,,,1000,
2498,1,,10000,,,2500,1000,145000,,900,300,,,,,300,
2498,2,,6000,,,1500,1000,135000,,,300,,,,,200,
2498,10,,1200,1200,,2800,2000,240000,,,500,200,,100,,0,100
2498,11,,300,300,,1600,1200,140000,,,,200,,200,,0,100
2499,1,,5000,,,1300,600,85000,,,200,200,200,,,100,
2499,10,,500,500,,1400,1000,115000,,,200,200,,,,0,100
2499,11,,200,200,,1200,700,80000,,,200,200,100,,,0,100
2499,15,,11000,3000,,2000,,0,,,,,1500,,,500,100
2499,16,1,5000,,,1500,,0,,,,,1000,,,500,
2500,1,,5000,,,1300,800,135000,,,300,,,,,200,
2500,2,,10000,,,2400,500,70000,,,300,,1100,,,500,
2500,10,,350,350,,1100,600,75000,,,200,200,100,,,0,100
2500,11,,150,150,,700,300,35000,,,,200,200,,,0,100
2500,15,,2000,2000,,2000,,0,,,,,1800,,,200,100
2500,16,1,15000,,,4000,,0,,,,,3000,,,1000,
2501,1,,6000,,,1600,700,100000,,,300,600,,,,0,
2501,2,,10000,,,2500,,0,,,400,,1500,,,600,
2501,10,,3000,3000,,5800,3700,420000,,,1000,600,400,,,100,100
2501,11,,500,500,,2200,1000,125000,,,,600,500,,,100,100
2501,16,1,16000,,,5000,,0,,,,,4500,,,500,
2502,1,,7000,,,1900,500,70000,,,300,600,400,,,100,
2502,10,,2700,2700,,7800,5200,600000,,,1200,600,500,200,,100,100
2502,11,,300,300,,1600,1000,125000,,,,600,,,,0,100
2502,16,1,7000,,,2000,,0,,,,,1700,,,300,
2505,2,,12000,,,2000,1000,140000,,,500,,200,,,300,
2505,15,,30000,,,3500,,0,,,,,2000,,,1500,
2505,16,1,12000,,,1000,,0,,,,,1000,,,0,
2507,1,,12000,,,2300,1000,130000,,,500,400,250,,,150,
2507,2,,8000,,,1500,500,70000,,,400,,500,,,100,
2507,15,,20000,,,2500,,0,,,,,1500,,,1000,
2507,16,1,20000,,,1800,,0,,,,,800,,,1000,
2511,1,,13000,,,2500,1500,210000,,,400,150,150,,,300,
2511,2,,12000,,,1800,1000,130000,,,500,,,,,300,
2511,15,,15000,,,2000,,0,,,,,1000,,,1000,
2511,16,1,23000,,,2000,,0,,,,,1000,,,1000,
2514,5,,300,,3,60,40,60000,,,3,5,,2,8,5,100
2514,10,,200,,50,300,135,27000,,,50,80,,5,20,60,100
2514,11,,200,,,240,100,30000,,,,120,,,20,0,100
2514,14,,200,,,200,100,30000,,,,80,,,10,10,100
2515,5,,250,,2,35,20,30000,,,2,7,,3,3,2,100
2515,10,,250,,50,375,180,36000,,,50,100,15,,30,50,100
2515,11,,200,,,240,100,25000,,,,120,,,20,0,100
2515,14,,100,,,130,40,12000,,,,60,,,,30,100
2517,5,,200,,3,40,30,45000,,,3,3,,1,4,2,100
2517,10,,300,,100,450,330,66000,,,50,50,,10,80,30,100
2517,11,,200,,,240,100,20000,,,,100,,,40,0,100
2517,14,,100,,,100,50,15000,,,,30,,,20,0,100
2518,5,,100,,3,20,10,15000,,,3,4,,,3,3,100
2518,10,,200,,80,300,150,30000,,,80,100,,,20,30,100
2518,11,,150,,,180,60,12000,,,,120,,,,0,100
2518,14,,50,,,50,,0,,,,50,,,,0,100
2519,5,,50,,2,10,,0,,,2,7,,,,3,100
2519,10,,100,,30,150,,0,,,30,100,,,20,30,100
2519,11,,100,,,120,,0,,,,120,,,,0,100
2519,14,,50,,,50,,0,,,,50,,,,0,100
2520,5,,50,,2,10,5,7500,,,2,4,,,,1,100
2520,10,,150,,50,225,100,20000,,,50,80,,,20,25,100
2520,11,,150,,,180,100,30000,,,,80,,,,0,100
2520,14,,150,,,100,40,12000,,,,60,,,,0,100
2539,10,,300,300,,300,,0,,,30,270,,,,0,100
2539,11,,100,100,,80,,0,,,10,70,,,,0,100
2539,14,,100,100,,150,,0,,,,150,,,,0,100
2540,10,,300,300,,370,,0,,,,200,,,,170,100
2540,11,,200,200,,120,,0,,,,80,,,,40,100
2540,14,,500,500,,270,100,50000,,,,100,,,,70,100
2540,15,,30000,30000,,10000,,0,,,,,8000,,,2000,100
2541,10,,100,100,,100,,0,,,,90,,10,,0,100
2541,11,,500,500,,300,,0,,,,220,,,50,30,100
2541,14,,200,200,,200,,0,,,,150,,,50,0,100
2542,10,,400,400,,500,300,60000,,,15,150,,,35,0,100
2542,14,,100,100,,150,,0,,,,120,10,10,10,0,100
2542,15,,10000,10000,,4000,,0,,,,,3000,,,1000,100
2543,10,,200,,,250,,0,,,20,200,,,30,0,100
2543,11,,300,,,240,,0,,,10,200,,,20,10,100
2544,10,,600,600,,750,400,60000,,,,150,,,,200,100
2544,11,,500,500,,240,90,18000,,,,100,,,,50,100
2544,14,,500,500,,250,,0,,,,100,,,50,100,100
2544,15,,30400,30400,,13000,,0,,,,,10000,,,3000,100
2545,10,,2000,2000,,2400,1800,360000,,,50,400,30,20,100,0,100
2545,11,,300,300,,240,40,80000,,,25,150,,,25,0,100
2545,15,,30000,30000,,12000,,0,,,,,10000,,,2000,100
2546,10,,200,200,,250,,0,,,20,200,,,30,0,100
2546,11,,200,200,,130,,0,,,,120,,,,10,100
2546,14,,100,100,,150,,0,,,,150,,,,0,100
2547,10,,300,,,350,,0,,,50,300,,,,0,100
2547,11,,200,,,150,,0,,,20,100,,,30,0,100
2547,14,,100,,,150,,0,,,,150,,,,0,100
2548,5,,20,,,4,,0,,,,2,,,,2,100
2548,10,,150,,,120,,0,,,,60,,,,60,100
2548,11,,150,,,120,,0,30,,,70,,,,20,100
2548,12,,30,,,15,,0,,,,15,,,,0,100
2548,14,,850,,,160,,0,40,,,80,,,,40,100
2549,5,,10,,,2,,0,,,,1,,,,1,100
2549,10,,150,,,200,,0,,,,30,,,100,70,100
2549,11,,150,,,240,40,20000,40,,,40,,,80,40,100
2549,12,,40,,,20,,0,,,,,,,10,10,100
2549,14,,2650,,,260,60,18000,50,,,50,,,70,30,100
2550,5,,30,,,10,7,5600,,,,1,,,,2,100
2550,10,,250,,,300,,0,,,,70,,,50,180,100
2550,11,,200,,,200,,0,50,,,100,,,,50,100
2550,12,,70,,,50,,0,10,,,10,,,20,10,100
2550,14,,1950,,,1000,600,150000,70,,,80,,,150,100,100
2550,15,,27500,,,14000,6000,240000,,,,,4000,,,4000,0
2551,5,,20,,,10,6,4800,,,,2,,,,2,100
2551,10,,180,,,200,,0,,,,70,,,,130,100
2551,11,,100,,,150,,0,50,,,80,,,,20,100
2551,14,,2200,,,500,200,60000,50,,,100,,,,150,100
2552,5,,20,,,12,,0,,,,3,,,3,6,100
2552,10,,400,,,600,,0,,,,120,,,100,380,100
2552,11,,180,,,200,,0,50,,,110,,,,40,100
2552,14,,600,,,100,,0,50,,,50,,,,0,100
2552,15,,20900,,,9000,9000,450000,,,,,,,,0,0
2553,5,,20,,,10,,0,,,,4,,,,6,100
2553,10,,380,,,400,,0,,,,100,,,,300,100
2553,11,,100,,,150,,0,40,,,100,,,,10,100
2553,14,,1000,,,460,200,50000,60,,,100,,,,100,100
2553,15,,17000,,,8000,8000,800000,,,,,,,,0,0
2554,5,,10,,,6,,0,,,,2,,,,4,100
2554,10,,180,,,300,,0,,,,100,,,,200,100
2554,11,,100,,,120,,0,40,,,60,,,,20,100
2554,12,,20,,,30,,0,15,,,15,,,,0,100
2554,14,,890,,,180,,0,80,,,60,,,,40,100
2554,15,,30000,,,12000,2000,80000,,,,,4000,,,6000,0
2555,5,,10,,,4,,0,,,,2,,,,2,100
2555,10,,150,,,200,,0,,,,80,,,,120,100
2555,11,,50,,,60,,0,,,,60,,,,0,100
2555,12,,20,,,10,,0,,,,10,,,,0,100
2555,14,,1270,,,80,,0,20,,,40,,,,20,100
2555,15,,28500,,,8000,,0,,,,,4000,,,4000,0
2556,5,,20,,,5,,0,,,,1,,,2,2,100
2556,10,,400,,,350,,0,,,,70,,,50,230,100
2556,11,,200,,,150,,0,50,,,60,,,,40,100
2556,12,,30,,,20,,0,,,,20,,,,0,100
2556,14,,1850,,,150,60,150000,20,,,40,,,,30,100
2556,15,,30000,,,8000,,0,,,,,3000,,,5000,0
2557,11,,100,100,,90,,0,,,,70,,,,20,100
2557,13,,100,100,,130,,0,100,,,30,,,,0,100
2557,14,,300,300,,170,100,25000,,,,20,,,,50,100
2558,11,,100,100,,90,,0,,,,90,,,,0,100
2558,14,,300,300,,170,,0,,,,100,,,,70,100
2560,11,,100,100,,70,,0,,,,70,,,,0,100
2560,14,,700,700,,250,100,25000,,,,50,,50,,50,100
2561,11,,200,200,,90,,0,,,,70,,,,20,100
2561,14,,300,300,,100,,0,,,,70,,,,30,100
2562,11,,300,300,,130,,0,,,,90,,,,40,100
2562,14,,3200,3200,,400,150,37500,,,,100,,,50,100,100
2566,5,,200,200,6,19,,0,,,4,13,,,1,7,100
2566,10,,550,550,150,620,,0,,,155,350,90,,15,160,100
2566,11,,350,350,47,400,,0,,,6,300,57,,30,54,100
2566,14,,200,200,13,290,,0,,,,270,,,8,25,100
2566,15,,27700,,4000,6600,,0,,,,,6250,,,4350,
2567,5,,200,200,5,18,,0,,,3,14,,,,6,100
2567,10,,470,470,95,500,,0,,,140,335,,,,120,100
2567,11,,200,200,25,300,,0,,,3,272,,,,50,100
2567,13,,1000,1000,,1400,1200,162000,,,,200,,,,0,100
2567,14,,130,130,,270,,0,,,,270,,,,0,100
2569,5,,300,300,6,19,,0,,,2,10,,,7,6,100
2569,10,,500,500,160,600,,0,,,180,300,100,,,180,100
2569,11,,200,200,40,300,,0,,,4,276,,,,60,100
2569,13,,1000,1000,,1500,1500,202500,,,,,,,,0,100
2569,14,,200,200,,280,,0,,,,280,,,,0,100
2569,15,,10800,,1600,3000,,0,,,,,2600,,,2000,
2570,5,,100,100,3,15,,0,,,4,7,,,,7,100
2570,10,,300,300,90,400,,0,,,130,250,,,50,60,100
2570,11,,200,200,15,270,,0,,,5,250,,,,30,100
2570,13,,1800,1800,,2000,2000,270000,,,,,,,,0,100
2570,14,,200,200,,250,,0,,,,250,,,,0,100
2571,5,,150,150,2,17,,0,,,3,12,,,,4,100
2571,10,,500,500,90,475,,0,,,150,240,,45,,130,100
2571,11,,200,200,20,300,,0,,,,270,,,,50,100
2571,13,,1500,1500,,2000,1500,202500,,,,500,,,,0,100
2571,14,,150,150,,200,,0,,,,200,,,,0,
2572,5,,100,100,3,13,,0,,,2,5,,,3,6,100
2572,10,,500,500,70,540,,0,,,250,100,100,,100,60,100
2572,11,,200,200,50,290,129,32250,,,1,180,,,,30,100
2572,13,,50,50,,100,,0,,,,100,,,,0,100
2572,14,,150,150,20,180,,0,,,,170,,,,30,100
2573,1,,10000,,200,2000,400,60000,,,500,,1130,,,170,
2573,5,,200,200,4,25,,0,,,5,10,,,8,6,100
2573,10,,300,300,50,350,,0,,,80,250,,,,70,100
2573,11,,300,300,10,350,,0,,,4,316,,,,40,100
2573,14,,200,200,,270,,0,,,,270,,,,0,100
2574,5,,200,200,4,16,,0,,,5,5,,,,10,100
2574,10,,450,450,100,500,,0,,,120,300,50,,,130,100
2574,11,,150,150,50,250,,0,,,5,250,,,,45,100
2574,14,,200,200,,320,,0,,,,320,,,,0,100
2575,5,1,50,,,10,,0,,,1,5,,,,4,100
2575,10,,600,,,500,,0,,,100,150,50,,,200,100
2575,11,,500,,,250,,0,,,,200,,,20,30,100
2575,13,,100,,,200,,0,,,,180,,,20,0,100
2575,14,,1100,,,100,,0,,,,80,,,20,0,
2576,10,,200,,,80,,0,,,,80,,,,0,
2576,11,,100,,,70,,0,,,,45,,,10,15,100
2576,14,,200,,,20,,0,,,,20,,,,0,
2577,10,,100,,,60,,0,,,,60,,,,0,
2577,11,,200,,,100,,0,,,,70,,,15,15,100
2577,14,,200,,,20,,0,,,,20,,,,0,
2578,5,1,20,,,4,,0,,,1,2,,,,1,100
2578,10,,300,,,150,,0,,,50,80,20,,,0,100
2578,11,,200,,,100,,0,,,,70,,,10,20,100
2578,13,,50,,,80,,0,,,,80,,,,0,
2578,14,,250,,,50,,0,,,,40,,,10,0,
2579,10,,300,,,150,,0,,,,130,20,,,0,
2579,11,,200,,,100,,0,,,,70,,,10,20,100
2579,14,,700,,,50,,0,,,,50,,,,0,
2580,5,1,50,,,15,,0,,,2,6,,,2,5,100
2580,10,,500,,,600,,0,,,100,300,,,50,150,100
2580,11,,500,,,250,,0,,,,200,,,20,30,100
2580,14,,600,,,50,,0,,,,40,,,10,0,
2581,10,,100,,,80,,0,,,,80,,,,0,
2581,11,,150,,,50,,0,,,,40,,,,10,100
2581,14,,550,,,30,,0,,,,30,,,,0,
2582,5,1,20,,,5,,0,,,1,2,,,,2,100
2582,10,,150,,,100,,0,,,,80,20,,,0,100
2582,11,,200,,,120,,0,,,,90,,,10,20,100
2582,13,,50,,,20,,0,,,,20,,,,0,100
2582,14,,400,,,30,,0,,,,30,,,,0,50
2583,1,,8000,,,2000,200,36000,,,300,,550,150,100,700,
2583,5,1,30,,,10,,0,,,1,5,,,2,2,100
2583,10,,700,,,1000,,0,,,150,300,200,,50,300,100
2583,11,,300,,,200,,0,,,,135,,,30,35,100
2583,13,,14000,14000,,18000,17000,2380000,,,,900,,,100,0,100
2583,14,,1600,1400,,500,200,80000,,,,300,,,,0,50
2583,15,1,14000,14000,,5000,,0,,,,,4000,,,1000,
2710,14,,3300,3300,,8000,7900,3950000,,,,50,20,30,,0,100
2711,14,,4200,4200,,19000,18700,7480000,,,,80,,20,,200,100
2711,15,,1000,1000,,1800,,0,,,,,1200,,,600,100
2712,14,,500,500,,700,480,150000,,,,70,,,50,100,100
2713,14,,600,600,,1300,1150,460000,,,,50,,20,,80,100
2714,10,,150,150,,100,,0,,,,100,,,,0,100
2714,11,,200,200,,300,,0,,,,300,,,,0,100
2714,13,,200,200,,600,330,100000,200,,,70,,,,0,100
2714,14,,3000,3000,,7000,6800,2720000,,,,150,,50,,0,100
2714,15,,650,650,,1500,,0,,,,,1300,,,200,100
2715,11,,200,200,,350,100,20000,,,,200,30,,20,0,100
2715,14,,4000,4000,,9000,8400,3400000,300,,,150,50,,,100,100
2715,15,,1000,1000,200,2300,,0,,,,,1500,,,1000,100
2716,14,,3300,3300,,7000,6830,2390500,,,,140,,30,,0,100
2717,11,,200,200,,700,400,70000,,,,220,,,80,0,100
2717,14,,4000,4000,,9000,8800,3300000,,,,70,,,130,0,100
2718,5,,100,100,,7,,0,,,,3,,,,4,100
2718,10,,100,100,,140,,0,,,,100,,,,40,100
2718,11,,100,100,,350,50,15000,,,,250,,20,,30,100
2718,14,,2000,2000,,6000,5700,2200000,,,,180,,50,,70,100
2719,14,,800,800,30,170,30,15000,,,,130,,,,40,100
2719,15,1,800,800,,200,,0,,200,,,,,,0,100
2720,14,,800,800,40,180,40,20000,,,,120,,,30,30,100
2720,15,1,800,800,,250,,0,,250,,,,,,0,100
2721,14,,1200,1200,60,380,150,80000,40,,,180,,,20,50,100
2721,15,1,1200,1200,,300,,0,,300,,,,,,0,100
2722,14,,1000,1000,50,250,80,30000,,,,150,,,20,50,100
2722,15,1,1000,1000,,300,,0,,300,,,,,,0,100
2723,14,,1000,1000,60,250,30,35000,,,,200,,,20,60,100
2723,15,1,1000,1000,,350,,0,,350,,,,,,0,100
2724,14,,800,800,50,160,,0,,,,160,,,,50,100
2724,15,1,800,800,,200,,0,,200,,,,,,0,100
2725,14,,1500,1500,60,350,170,75000,,,,160,,,30,50,100
2725,15,1,1500,1500,,400,,0,,400,,,,,,0,100
2726,14,,1500,1500,40,420,300,120000,,,,100,,,20,40,100
2726,15,1,1500,1500,,400,,0,,400,,,,,,0,100
2727,14,,1500,1500,60,340,120,60000,,,,200,,,20,60,100
2727,15,1,1500,1500,,400,400,20000,,,,,,,,0,100
2728,10,,2500,,500,2250,1300,250000,,,700,180,,,70,500,
2728,15,,15000,,,5000,,0,,,,,2000,,,3000,
2729,10,,2000,,400,1900,900,160000,,100,660,130,,,60,450,
2730,1,,10000,,750,1950,550,88000,,100,250,600,300,,50,850,
2730,10,,2500,,600,2400,1200,200000,,150,700,250,,,50,650,
2730,15,,10000,,,4000,,0,,,,,2000,,,2000,
2731,10,,2500,,500,2000,1000,180000,,160,650,140,,,50,500,
2732,1,,9000,,500,1900,1000,160000,,80,250,420,200,,,450,
2732,10,,2500,,350,2250,1080,180000,,120,700,200,,,50,450,
2732,15,,8500,,,3000,,0,,,,,2500,,,500,
2733,10,,2500,,600,2300,1400,240000,,100,600,170,,,30,600,
2734,10,,2500,,400,2300,1200,200000,,150,650,150,,,100,450,
2735,1,,15000,,700,2500,1200,200000,,110,350,580,300,,60,600,
2735,10,,2500,,500,2250,1060,200000,,80,750,350,,,60,450,
2736,10,,2500,,300,2100,890,176000,,150,800,200,,,60,300,
2737,11,,100,100,,50,,0,,,,50,,,,0,100
2737,14,,4700,4700,,3000,2900,725000,,,,100,,,,0,100
2738,11,,200,200,,200,130,19500,,,,70,,,,0,100
2738,14,,1600,1600,,900,800,200000,,,,100,,,,0,100
2739,10,,1000,1000,,2500,2200,330000,,,,300,,,,0,100
2739,14,,5000,5000,,3000,2700,675000,,,,300,,,,0,100
2740,11,,500,500,,500,350,52500,,,,150,,,,0,100
2740,13,,200,200,,100,50,12500,,,,50,,,,0,100
2740,14,,800,800,,600,500,125000,,,,100,,,,0,100
2741,11,,500,500,,600,500,75000,,,,100,,,,0,100
2741,14,,3700,3700,,2000,1900,475000,,,,100,,,,0,100
2742,11,,500,500,,400,330,49500,,,,70,,,,0,100
2742,14,,2100,2100,,1930,1760,440000,,,,170,,,,0,100
2742,15,,2000,2000,,3000,,0,,,,,1600,,,1400,100
2743,9,,1600,1600,,1200,1200,600000,,,,,,,,0,100
2743,11,,200,200,,200,100,15000,,,,100,,,,0,
2743,14,,1500,1500,,980,880,220000,,,,100,,,,0,100
2744,11,,600,600,,400,300,45000,,,,100,,,,0,100
2744,14,,400,400,,400,350,87500,,,,50,,,,0,100
2745,11,,800,800,,1000,910,136500,,,,90,,,,0,100
2745,14,,3800,3800,,2000,1900,475000,,,,100,,,,0,100
2746,11,,400,400,,40,,0,,,,40,,,,0,100
2746,14,,500,500,,10,,0,,,,10,,,,0,100
2747,11,,400,400,,250,150,45000,,,,100,,,,0,100
2747,13,,200,200,,100,,0,,,,100,,,,0,100
2747,14,,200,200,,5,,0,,,,5,,,,0,100
2748,11,1,1000,1000,,1300,1000,200000,,,,200,,100,,0,100
2749,11,,250,250,,20,,0,,,,20,,,,0,100
2749,13,,250,250,,50,,0,,,,50,,,,0,100
2749,14,,50,50,,5,,0,,,,5,,,,0,100
2750,11,,400,400,,150,,0,,,,150,,,,0,100
2750,13,,200,200,,15,,0,,,,15,,,,0,100
2750,14,,200,200,,10,,0,,,,10,,,,0,100
2751,11,1,400,400,,40,,0,,,,40,,,,0,100
2751,13,,100,100,,30,,0,,,,30,,,,0,100
2751,14,,100,100,,3,,0,,,,3,,,,0,100
2752,11,1,200,200,,50,,0,,,,50,,,,0,100
2752,13,,100,100,,20,,0,,,,20,,,,0,100
2752,14,,100,100,,5,,0,,,,5,,,,0,100
2753,11,,500,500,,80,,0,,,,80,,,,0,100
2754,11,,4000,4000,,3000,2750,570000,,,,200,,50,,0,100
2755,10,,20,,10,50,,0,,,,60,,,,0,100
2755,11,,130,,,150,,0,,,,150,,,,0,100
2755,13,,50,,,35,,0,,,,35,,,,0,100
2755,14,,800,,,250,,0,,,,250,,,,0,100
2756,13,,50,,,35,,0,,,,15,,,20,0,100
2756,14,,350,,20,140,,0,,,,70,,,65,25,100
2764,14,,1200,1200,,250,,0,,,,100,,150,,0,100
2765,11,,4000,4000,,14000,13500,1147500,,,,300,100,,100,0,100
2765,13,,5000,5000,,9000,8900,1290500,,,,100,,,,0,100
2765,14,,1200,1200,,750,500,125000,,,,250,,,,0,100
2765,15,,3000,3000,200,5250,,0,,,,,4950,,,500,100
2767,11,,4000,4000,,15200,14800,1628000,,,,400,,,,0,100
2767,13,,6000,6000,,12500,12300,1783500,,,,100,,,100,0,100
2767,14,,1500,1500,,1200,900,250000,,,,200,,,50,50,100
2768,11,,200,200,,450,,0,,,,400,,,50,0,100
2768,14,,500,500,,380,,0,,,,300,,,80,0,100
2769,11,,200,200,,530,,0,,,,350,,80,100,0,100
2769,14,,500,500,,420,,0,,,,400,,,20,0,100
2770,11,,300,300,,400,,0,,,,400,,,,0,100
2770,14,,400,400,,350,,0,,,,350,,,,0,100
2771,11,,250,250,,200,,0,,,,200,,,,0,100
2771,14,,250,250,,150,,0,,,,150,,,,0,100
2772,11,,1000,1000,,3800,3500,420000,,,,300,,,,0,100
2772,13,,4000,4000,,8000,7800,1131000,,,,200,,,,0,100
2772,14,,1000,1000,,780,600,150000,,,,180,,,,0,100
2772,15,,5000,5000,500,9000,,0,,,,,9200,,,300,100
2773,11,,600,,,500,,0,,,,450,,50,,0,100
2773,12,,10000,10000,,3000,2500,250000,,,,350,,,150,0,100
2773,15,,20000,20000,,6000,,0,,,,,6000,,,0,100
2774,11,,600,,,500,,0,,,,400,,100,,0,100
2774,12,,6000,6000,,1800,1000,50000,,,,600,,200,,0,100
2774,15,,4000,4000,,1100,,0,,,,,1100,,,0,100
2775,11,,500,,,350,,0,,,,330,,20,,0,100
2775,14,,100,,,35,,0,,,,30,,5,,0,100
2776,11,,400,,,150,,0,,,,150,,,,0,100
2776,14,,200,,,30,,0,,,,30,,,,0,100
2777,11,,900,,,1000,800,160000,,,,200,,,,0,100
2777,14,,100,,,30,,0,,,,30,,,,0,100
2778,2,,25000,25000,,4000,3000,360000,,,,,800,,,200,100
2778,11,,200,,,200,,0,,,,200,,,,0,100
2778,14,,200,,,50,,0,,,,50,,,,0,100
2779,11,,1000,,,800,500,100000,,,,280,,20,,0,100
2780,11,,600,,,500,,0,,,,450,,,50,0,100
2780,14,1,100,,,,,0,,,,,,,,0,100
2782,11,,4800,4800,,9800,9550,1050500,,,,200,,,50,0,100
2783,11,,4000,2700,,9800,9620,962000,,,,100,,,80,0,100
2783,12,,6500,6500,,11500,11250,8237500,,,,150,,,100,0,100
2784,11,,4100,2700,,8300,8000,640000,,,,250,,,50,0,100
2784,12,,6000,6000,,12000,11620,1394400,,,,300,,,80,0,100
2785,11,,4050,2200,,8700,8450,676000,,,,250,,,,0,100
2785,12,,6000,6000,,13500,13200,1320000,,,,300,,,,0,100
2790,11,,7350,6100,,13600,13350,1068000,,,,250,,,,0,100
2809,1,,5000,,,700,,0,,,200,400,,,,100,
2809,2,,5000,,,600,,0,,,200,,200,,,200,
2809,10,,970,,150,650,,0,,,400,300,,,,100,
2809,11,,10,,,18,,0,,,,18,,,,0,
2809,14,,20,,30,90,,0,,,,80,,,,40,
2809,15,,29000,,2000,7000,,0,,,,,6000,,,3000,
2810,1,,10000,,150,1200,,0,,,200,1150,,,,0,
2810,2,,10000,,50,1000,550,71500,,,200,,100,,,200,
2810,10,,180,,180,600,,0,,,100,500,,,,180,
2810,11,,10,,,20,,0,,,,20,,,,0,
2810,14,,10,,30,200,,0,,,,180,,,,50,
2810,15,,5000,,2000,4000,,0,,,,,5000,,,1000,
2811,1,,10000,,100,800,,0,,,200,200,,,,500,
2811,2,,5000,,100,700,,0,,,100,,650,,,50,
2811,10,,980,,100,500,,0,,,400,100,,,,100,
2811,11,,10,,,15,,0,,,,15,,,,0,
2811,14,,10,,30,100,,0,,,,40,50,,,40,
2811,15,,54000,,500,10000,,0,,,,,8000,,,2500,
2812,1,,5000,,200,1200,,0,,,150,1200,,,,50,
2812,2,,5000,,,800,,0,,,150,,650,,,0,
2812,10,,980,,200,1200,200,40000,,,400,300,100,,,400,
2812,11,,10,,,20,,0,,,,20,,,,0,
2812,14,,10,,30,100,,0,,,,80,,,,50,
2812,15,,16000,,1000,11000,,0,,,,,6000,,,6000,
2813,1,,5000,,100,650,,0,,,200,350,,,,200,
2813,2,,5000,,150,700,,0,,,200,,450,,,200,
2813,10,,970,,200,600,,0,,,400,200,,,,200,
2813,11,,20,,,25,,0,,,,25,,,,0,
2813,14,,10,,20,80,,0,,,,70,,,,30,
2813,15,,29000,,2000,10000,,0,,,,,6000,,,6000,
2814,1,,5000,,100,600,,0,,,100,500,,,,100,
2814,2,,5000,,,500,,0,,,100,,300,,,100,
2814,10,,970,,200,700,,0,,,400,300,,,,200,
2814,11,,10,,,25,,0,,,,25,,,,0,
2814,14,,20,,50,300,170,42500,,,,80,40,,,60,
2814,15,,29000,,3000,8000,,0,,,,,6000,,,5000,
2815,1,,6000,,100,700,,0,,,250,300,,,,250,
2815,2,,4000,,,500,,0,,,150,,200,,,150,
2815,10,,980,,200,500,,0,,,400,200,,,,100,
2815,11,,10,,,15,,0,,,,15,,,,0,
2815,14,,10,,30,70,,0,,,,60,,,,40,
2815,15,,29000,,2000,7000,,0,,,,,6000,,,3000,
2816,1,,5000,,100,750,,0,,,200,400,,,,250,
2816,2,,5000,,100,800,,0,,,200,,400,,,300,
2816,10,,980,,200,600,,0,,,400,200,,,,200,
2816,11,,10,,,15,,0,,,,15,,,,0,
2816,14,,10,,40,150,80,20000,,,,70,,,,40,
2816,15,,39000,,2000,8000,,0,,,,,7000,,,3000,
2817,1,,6000,,,800,,0,,,200,400,,,,200,
2817,2,,4000,,,600,,0,,,200,,300,,,100,
2817,10,,970,,200,700,,0,,,400,300,,,,200,
2817,11,,10,,,20,,0,,,,20,,,,0,
2817,14,,20,,30,70,,0,,,,70,,,,30,
2817,15,,29000,,2000,7000,,0,,,,,6000,,,3000,
2827,10,,1850,,600,8500,,0,,,800,680,200,100,120,7200,100
2827,11,,100,,40,520,,0,,,10,90,200,50,130,80,100
2827,14,,50,,100,1300,,0,,,,200,600,400,60,140,100
2828,10,,750,,600,800,,0,,,320,280,160,40,,600,100
2828,11,,10,,,40,,0,,,,20,,5,,15,100
2828,14,,40,,,30,,0,,,,30,,,,0,100
2828,15,,20000,,4500,8500,,0,,,,,6500,,,6500,
2829,10,,550,,200,1200,,0,,,240,130,80,20,,930,100
2829,11,,40,,10,100,,0,,,5,20,,20,,65,100
2829,14,,10,,30,400,,0,,,,100,130,100,,100,100
2829,15,,30000,,4300,5000,,0,,,,,6800,,,2500,
2830,10,,1500,,580,1800,580,58000,,,600,300,400,100,50,350,100
2830,11,,150,,20,500,240,19200,,,10,60,100,10,,100,100
2830,14,,50,,200,1800,620,73600,,,,150,100,300,30,800,100
2831,10,,350,,160,450,,0,,,160,120,,,,330,100
2831,11,,10,,,40,,0,,,,20,,,,20,100
2831,14,,40,,,200,,0,,,,40,,30,,130,100
2832,10,,90,,150,200,,0,,,50,100,,50,,150,100
2832,11,,10,,,13,,0,,,,13,,,,0,100
2833,10,,250,,100,450,,0,,,150,200,,,,200,100
2833,11,,10,,5,20,,0,,,,10,,5,,10,100
2833,14,,40,,30,400,,0,,,,160,100,100,,70,100
2834,10,,1100,,400,1000,300,24000,,,500,100,200,40,,260,100
2834,11,,50,,10,40,,0,,,5,10,10,,,25,100
2834,14,,50,,30,300,50,5000,,,,40,100,40,,100,100
2835,10,,80,,150,230,,0,,,60,130,20,10,,160,100
2835,11,,10,,,40,,0,,,,20,,,,20,100
2835,14,,10,,60,300,,0,,,,70,100,100,,90,100
2845,10,,300,,300,400,,0,,,,600,,,,100,
2845,11,,200,,50,150,,0,,,,170,,,,30,25
2845,14,,100,,,10,,0,,,,10,,,,0,
2845,15,,7000,,1000,4000,,0,,,,,2500,,,2500,
2846,10,,500,,100,200,,0,,,,100,200,,,0,
2846,11,,500,,50,200,,0,,,,100,80,,20,50,20
2846,15,,5000,,1000,3000,,0,,,,,2500,,,1500,
2847,1,,1000,,,300,,0,,,,,300,,,0,
2847,5,1,10,,,3,,0,,,,3,,,,0,100
2847,7,,20,,,20,,0,,,,10,10,,,0,100
2847,10,,1000,,400,1000,,0,,,300,500,200,,,400,
2847,11,,400,,50,200,,0,,,,150,50,,,50,100
2847,14,,80,,,30,,0,,,,30,,,,0,100
2847,15,,7000,,1000,3000,,0,,,,,2500,,,1500,
2847,16,1,1000,,,500,,0,,,,,,,,500,
2848,5,1,20,,,5,,0,,,,,,5,,0,
2848,10,,500,,200,400,,0,,,,400,,,,200,
2848,11,,200,,20,80,,0,,,,70,,,,30,50
2848,14,,100,,,20,,0,,,,20,,,,0,
2848,15,,1700,,500,800,,0,,,,,1300,,,0,
2849,1,,3000,,,600,,0,,,,,600,,,0,
2849,10,,2000,,300,1000,,0,,,600,500,100,,,100,
2849,11,,400,,30,250,,0,,,,150,50,30,,50,50
2849,14,,100,,,20,,0,,,,20,,,,0,
2849,15,1,3000,,5000,,,0,,,,,3000,,,2000,
2849,16,1,3000,,,1000,,0,,,,,500,,,500,
2850,10,,600,,300,700,,0,,,,800,,,,200,
2850,11,,300,,,200,,0,,,,150,,50,,0,100
2850,14,,100,,,30,,0,,,,30,,,,0,100
2850,15,,10000,,2000,6000,,0,,,,,2500,,,5500,
2851,10,,700,,300,500,,0,,,,500,100,,,200,
2851,11,,250,,30,180,,0,,,,150,30,,,30,40
2851,14,,8400,,300,,,0,,,,,300,,,0,
2851,14,,50,,,30,,0,,,,30,,,,0,
2851,15,,11600,,1000,2600,,0,,,,,2500,,,1100,
2851,16,1,8400,,,2000,,0,,,,,,,,2000,
2852,1,,2000,,,800,,0,,,,,800,,,0,
2852,10,,1000,,300,700,,0,,,,400,200,,100,300,
2852,11,,500,,60,200,,0,,,,150,80,,,30,100
2852,14,,300,,,30,,0,,,,30,,,,0,
2852,15,,30000,,3000,10000,,0,,,,,8000,5000,,0,
2853,10,,2000,,500,2000,500,80000,,,600,500,400,,,500,
2853,11,,400,,10,160,,0,,,,120,20,,10,20,50
2853,14,,200,,,50,,0,,,,50,,,,0,
2853,15,,34800,,4000,8000,,0,,,,,7000,,,5000,
2854,10,,500,,200,600,,0,,,150,400,,,,250,
2854,11,,300,,,50,,0,,,,40,,,,10,100
2854,14,,100,,,50,,0,,,,20,,,20,10,
2854,15,,7100,,,1000,,0,,,,,800,,,200,
2855,1,,5000,,,1700,,0,,,300,700,200,,,500,
2855,10,,10000,,1000,20000,10000,1500000,,300,3000,1000,1000,700,,5000,
2855,11,,200,,,40,,0,,,,40,,,,0,100
2855,14,,100,,,30,,0,,,,30,,,,0,100
2855,15,,3000,,1700,1000,,0,,,,,1300,,,1400,
2856,10,,300,,,120,,0,,,50,70,,,,0,
2856,11,,200,,5,25,,0,,,,25,,,,5,100
2856,14,,200,,15,20,,0,,,,30,,,,5,
2857,10,,100,,,130,,0,,,,70,,,,60,
2857,11,,200,,,70,,0,,,,50,,,,20,50
2858,5,,50,,4,6,,0,,,3,4,,,,3,100
2858,6,,50,,4,7,,0,,,3,6,,,,2,100
2858,10,,1000,,300,1000,,0,,,250,300,150,,,600,
2858,11,,600,,15,80,,0,,,,70,,,5,20,100
2858,14,,300,,,45,,0,,,,20,,,,25,
2858,16,,10000,,700,2500,,0,,,,,2000,,,1200,
2859,5,,30,,2,5,,0,,,3,2,,,,2,100
2859,10,,200,,,240,,0,,,60,60,,,,120,
2859,11,,170,,,40,,0,,,,30,,,,10,100
2859,14,,100,,,50,,0,,,,35,,,,15,
2860,1,,10000,,,6000,2000,320000,,,2000,700,1000,,,300,
2860,5,,100,,5,10,,0,,,4,5,,,2,4,100
2860,10,,10000,,500,15000,7000,1200000,,300,3000,1000,3000,100,100,1000,
2860,11,,600,,10,60,,0,,,,55,,,,15,100
2860,14,,300,,30,70,,0,,,,50,,,,50,
2860,15,,5000,,,1800,,0,,,,,1800,,,0,
2861,10,,250,,,150,,0,,,,150,,,,0,
2861,11,,100,,,40,,0,,,,30,,,,10,100
2861,14,,50,,,50,,0,,,,20,,,,30,
2862,10,,100,,60,120,,0,,,40,50,,,,90,
2862,11,,100,,,30,,0,,,,20,,,,10,100
2862,14,,100,,,50,,0,,,,20,,,20,10,
2881,10,,100,100,200,400,,0,,,100,250,,,,250,100
2883,10,,100,100,,350,,0,,,100,250,,,,0,100
2883,11,,30,30,,15,,0,,,,15,,,,0,100
2885,10,,100,100,200,450,,0,,,150,300,,,,200,100
2886,10,,100,100,250,400,,0,,,100,300,,,,250,100
2886,11,,50,50,,15,,0,,,,15,,,,0,100
2887,10,,80,80,200,300,,0,,,70,230,,,,200,100
2887,11,,20,20,,10,,0,,,,10,,,,0,100
2888,10,,140,140,300,450,,0,,,150,300,,,,300,100
2899,14,,2000,,,400,,0,,,,400,,,,0,100
2900,11,,300,,,350,,0,,,,350,,,,0,100
2900,14,,1200,,,200,,0,,,,200,,,,0,100
2901,14,,1000,,,200,,0,,,,200,,,,0,100
2901,15,,5000,,,2000,,0,,,,,2000,,,0,
2902,10,,200,,,150,,0,,,,150,,,,0,100
2902,11,,100,,,100,,0,,,,100,,,,0,100
2902,14,,1200,,,200,,0,,,,200,,,,0,100
2902,15,,6000,,,3000,,0,,,,,3000,,,0,0
2903,11,,1500,1500,,400,400,400000,,,,,,,,0,100
2903,14,,2000,,,450,,0,,,,450,,,,0,100
2904,11,,200,,,350,,0,,,,350,,,,0,100
2904,14,,1300,,,400,,0,,,,400,,,,0,100
2905,1,,5000,,,1000,,0,,,,500,200,,,300,
2905,2,,5000,,,1000,1000,200000,,,,,,,,0,
2905,11,,300,300,,200,,0,,,,200,,,,0,100
2905,14,,1200,1200,,450,,0,,,,450,,,,0,100
2905,15,,20000,,,2000,2000,100000,,,,,,,,0,0
2906,11,,300,,,450,,0,,,,450,,,,0,100
2906,14,,700,,,300,,0,,,,300,,,,0,100
2907,2,,3000,,,1000,,0,,,,,1000,,,0,0
2907,10,,100,,,100,,0,,,,100,,,,0,100
2907,11,,200,,,150,,0,,,,150,,,,0,100
2907,14,,700,,,300,,0,,,,300,,,,0,100
2907,15,,2500,,,2000,,0,,,,,2000,,,0,
2908,10,,500,,,1200,600,80000,,,200,400,,,,0,
2908,11,,200,,,1100,700,90000,,,,400,,,,0,
2909,10,,800,,,2200,1500,270000,,,100,400,,,100,100,
2909,11,,200,,,1400,800,160000,,,,350,,100,100,50,
2910,10,,700,,,2200,1000,180000,,,200,600,,100,100,200,
2910,11,,300,,,1400,900,110000,,,,300,,50,100,50,
2911,1,1,4500,,,2500,2000,260000,,,200,200,,,,100,
2911,2,1,4000,,,1800,1500,195000,,,,,,,,300,
2911,10,,1000,,,2300,1600,288000,,,,500,,100,,100,
2911,11,,500,,,1200,700,210000,,,,300,,100,,100,
2911,15,,8500,,,2000,2000,200000,,,,,,,,0,
2912,10,,800,,200,2000,1000,220000,,,200,500,,100,200,200,
2912,11,,700,,100,1400,1000,125000,,,,300,,,100,100,
2912,15,,13500,,,14000,,0,,,,,10000,,,4000,
2913,10,,1000,,,2600,1500,190000,,,500,600,,,,0,
2913,11,,500,,,2400,1500,180000,,,,600,,300,,0,
2913,15,,23000,,,7000,7000,350000,,,,,,,,0,
2914,1,,10000,,,2600,1300,169000,,300,300,600,,,,100,
2914,2,,2800,,,1200,,0,,,200,,800,,,200,
2914,10,,800,,,2000,1000,120000,,,350,500,,,150,0,
2914,11,,400,,,1600,1000,125000,,,,500,,,100,0,
2914,15,,1000,,,800,,0,,,,,800,,,0,
2915,1,,10000,,,2600,1200,160000,,300,400,600,,,,100,
2915,2,,5000,,,1400,,0,,,200,,900,,,300,
2915,10,,700,,,2100,1000,120000,,,400,600,100,,,0,
2915,11,,300,,,1600,1000,125000,,,,500,,,100,0,
2915,15,,4000,,,1500,,0,,,,,1000,,,500,
2915,16,1,15000,,,4500,,0,,,,,3000,,,1500,
2926,1,,6000,,,1700,600,75000,,,300,400,300,,,100,
2926,10,,600,600,,1800,1100,130000,,,250,400,,50,,0,100
2926,11,,200,200,,1100,500,60000,,,,400,200,,,0,100
2926,16,1,6000,,,2000,,0,,,,,1500,,,500,
2927,1,,6000,,,1600,1000,140000,,,300,200,,,,100,
2927,10,,700,700,,2200,1500,170000,,,400,200,,100,,0,100
2927,11,,200,200,,1200,1000,110000,,,,200,,,,0,100
2928,1,,4000,,,1100,,0,,,200,600,,,,300,
2928,10,,2000,2000,,3800,2200,250000,,,800,600,,200,,0,100
2928,11,,400,400,,2200,1400,155000,,,,600,200,,,0,100
2928,16,1,4000,,,1500,,0,,,,,1000,,,500,
2929,1,,6000,,,1800,800,105000,,,200,600,200,,,0,
2929,10,,500,500,,1600,700,85000,,,200,600,,100,,0,100
2929,11,,200,200,,1200,500,55000,,,,600,100,,,0,100
2929,16,1,6000,,,2000,,0,,,,,1500,,,500,
2930,1,,4500,,,1300,1000,130000,,,200,,,,,100,
2930,10,,1500,1500,,3600,2500,300000,,,600,200,,300,,0,100
2930,11,,300,300,,1700,1500,170000,,,,200,,,,0,100
2930,16,1,4500,,,1500,,0,,,,,1000,,,500,
2931,10,,800,800,,1900,1000,110000,,,300,400,100,100,,0,100
2931,11,,200,200,,1200,600,70000,,,,400,200,,,0,100
2932,2,,7400,,,1800,700,90000,,,300,,600,,,200,
2932,10,,5500,5500,,12000,9000,985000,,,2000,500,,500,,0,100
2932,11,,500,500,,2400,1600,170000,,,,500,300,,,0,100
2932,16,1,7400,,,2000,,0,,,,,1500,,,500,
2933,1,,4500,,,1300,400,55000,,,200,600,,,,100,
2933,10,,1500,1500,,3800,2500,300000,,,500,600,,200,,0,100
2933,11,,700,700,,3500,2800,320000,,,,600,,100,,0,100
2934,1,,6000,,,1600,800,110000,,,200,400,100,,,100,
2934,10,,2000,2000,,6800,5000,550000,,,1000,400,200,200,,0,100
2934,11,,200,200,,1600,800,90000,,,,400,200,,200,0,100
2934,16,1,6000,,,2000,,0,,,,,1500,,,500,
2935,15,,10000,,,1300,,0,,,,,1000,,,300,
2937,15,,20000,,,2500,,0,,,,,2000,,,500,
2944,5,,300,,5,60,40,60000,,,5,7,,,8,5,100
2944,10,,300,,100,450,140,28000,,,100,180,10,10,30,80,100
2944,11,,200,,,240,100,25000,,,,120,,,,20,100
2944,14,,100,,,150,,0,,,,130,,,,20,100
2944,15,,100,,,1000,,0,,,,,1000,,,0,100
2945,5,,50,,1,10,,0,,,1,4,,,4,2,100
2945,10,,100,,50,180,,0,,,30,80,,,20,100,100
2945,11,,50,,,60,,0,,,,60,,,,0,
2946,5,,200,,3,40,27,40500,,,3,5,,,3,5,100
2946,10,,300,,80,450,250,50000,,,80,120,,,50,30,100
2946,11,,200,,,120,,0,,,,100,,,20,0,100
2946,14,,100,,,80,,0,,,,80,,,,0,100
2948,5,,100,,2,20,5,7500,,,2,5,,2,2,6,100
2948,10,,150,,50,330,100,20000,,,50,100,,,10,120,100
2948,11,,150,,,180,,0,,,,150,,,10,20,100
2948,14,,100,,,60,,0,,,,60,,,,0,100
2949,5,,200,,2,20,8,12000,,,2,7,,,3,2,100
2949,10,,500,,100,750,250,50000,,,100,180,,,30,290,100
2949,11,,200,,,240,50,10000,,,,150,,,40,0,100
2949,14,,100,,,50,,0,,,,50,,,,0,100
2950,5,,250,,3,45,25,37500,,,3,8,,,,12,100
2950,10,,300,,100,450,200,40000,,,100,200,,,,50,100
2950,11,,250,,,300,120,24000,,,,150,,,,30,100
2950,14,,200,,,200,80,20000,,,,100,,,,20,100
2951,5,,300,,5,60,40,60000,,,5,9,,,7,4,100
2951,10,,400,,150,600,350,70000,,,150,150,,,,100,100
2951,12,,200,,,240,100,25000,,,,120,,,,20,100
2951,14,,100,,,100,,0,,,,100,,,,0,100
2952,5,,200,,2,40,25,37500,,,2,5,,,,10,100
2952,10,,200,,50,380,200,40000,,,50,100,,,,80,100
2952,11,,100,,,120,20,5000,,,,80,,,,20,100
2952,14,,100,,,70,,0,,,,70,,,,0,100
2953,5,,30,,2,5,,0,,,1,4,,,,2,100
2953,10,,150,,100,360,160,18000,,,50,150,,,,100,100
2953,11,,20,,,50,,0,,,,40,,,,10,100
2954,5,,30,,2,5,,0,,,1,3,,,,3,100
2954,10,,140,,100,350,,0,,,50,150,,,50,200,100
2954,11,,30,,,50,,0,,,,35,,,,15,100
2957,5,,50,,3,10,,0,,,2,6,,,,5,100
2957,10,,400,,200,1200,700,85000,,,150,300,,,,250,100
2957,11,,50,,20,110,,0,,,,80,,,,50,100
2959,5,,100,,4,20,13,13000,,,3,4,,,,4,100
2959,10,,600,,200,1300,800,95000,,,200,300,,,,200,100
2959,11,,100,,30,110,,0,,,,100,,,,40,100
2961,10,,140,,100,400,,0,,,50,250,,,,200,100
2961,11,,60,,15,70,,0,,,,65,,,,20,100
2980,1,,2700,2700,,700,,0,600,,,,100,,,0,100
2980,5,,40,40,,20,,0,,,,4,,,4,12,100
2980,10,,400,400,,500,,0,,,,120,,,,380,100
2980,11,,300,300,,250,,0,100,,,100,,,,50,100
2980,12,,60,60,,45,,0,20,,,10,,,,15,100
2980,13,,1000,1000,,1000,600,180000,350,,,50,,,,0,100
2980,14,,1000,1000,,400,100,25000,70,,,120,,,30,80,100
2980,15,,4500,3200,,1500,,0,,,,,1000,,,500,75
2981,5,,10,10,,5,,0,,,,2,,,,3,100
2981,10,,50,50,,40,,0,,,,40,,,,0,100
2981,11,,140,140,,200,,0,60,,,60,,,20,60,100
2981,13,,200,200,,250,200,50000,45,,,5,,,,0,100
2981,14,,1600,1600,,200,,0,50,,,50,,,50,50,100
2981,15,,4000,4000,,2000,,0,,,,,1500,,,500,100
2982,1,,10000,3000,,1000,,0,550,,,,150,,,300,30
2982,2,,3600,3600,,600,,0,,,200,,300,,,100,
2982,5,,40,40,,17,7,5600,,,,3,,,2,5,100
2982,10,,260,260,,200,,0,,,,100,,,,100,100
2982,11,,250,250,,300,150,37500,70,,,60,,,,20,100
2982,12,,50,50,,40,,0,10,,,20,,,,10,
2982,13,,1000,1000,,1500,1300,1606000,150,,,50,,,,0,100
2982,14,,900,900,,400,150,45000,50,,,100,,,20,80,100
2982,15,,5700,5700,,6000,,0,,,,,3000,,,3000,100
2983,1,,2800,,,800,,0,500,,,,150,,,150,0
2983,2,,2200,,,800,,0,,,200,,400,,,200,0
2983,5,,20,20,,10,,0,,,,8,,,2,0,100
2983,10,,100,100,,130,,0,,,,80,,,,50,100
2983,11,,180,180,,280,,0,80,,,100,,,20,80,100
2983,13,,1000,1000,,1500,1000,230000,450,,,40,,,10,0,100
2983,14,,700,700,,400,200,50000,60,,,70,,,30,40,100
2983,15,,5000,,,2000,,0,,,,,1500,,,500,0
2984,5,,20,20,,6,,0,,,,2,,,,4,100
2984,10,,100,100,,120,,0,,,,90,,,,30,100
2984,11,,250,250,,380,150,37500,80,,,100,,,,50,100
2984,13,,3000,3000,,1760,1600,345600,100,,,60,,,,0,100
2984,14,,1130,1130,,400,100,30000,80,,,120,,,,100,100
2984,15,,4500,4500,,1500,,0,,,,,1000,,,500,100
2985,1,,3000,,,400,,0,200,,,,200,,,0,0
2985,5,,10,10,,5,,0,,,,2,,,,3,100
2985,10,,40,40,,50,,0,,,,50,,,,0,100
2985,11,,150,150,,180,,0,40,,,100,,,,40,100
2985,13,,2000,2000,,960,860,187000,80,,,20,,,,0,100
2985,14,,5800,5800,,500,250,62500,50,,,60,,,,140,100
2985,15,,2000,,,1000,,0,,,,,500,,,500,0
2986,5,,20,20,,10,,0,,,,4,,,,6,100
2986,10,,100,100,,120,,0,,,,80,,,,40,100
2986,11,,80,80,,100,,0,30,,,60,,,,10,100
2986,13,,800,800,,1100,1000,220000,,,,100,,,,0,100
2986,14,,500,500,,150,,0,40,,,70,,,,40,100
2986,15,,10000,7500,,2400,,0,,,,,1400,,,1000,75
2987,5,,10,10,,4,,0,,,,2,,,,2,100
2987,10,,100,100,,150,,0,,,,80,,,,70,100
2987,11,,90,90,,120,,0,30,,,60,,,,30,100
2987,12,,10,10,,20,,0,10,,,10,,,,0,100
2987,13,,1300,1300,,350,300,64800,,,,50,,,,0,100
2987,14,,2990,2990,,400,180,45000,60,,,90,,,,70,100
2987,15,,5500,,,2000,,0,,,,,1000,,,1000,0
2988,1,,2500,2500,,250,,0,180,,,,70,,,0,100
2988,5,,30,30,,10,2,1500,,,,3,,,,5,100
2988,10,,100,100,,150,,0,,,,100,,,,50,100
2988,11,,700,700,,500,200,40000,80,,,120,,,30,70,100
2988,13,,1000,1000,,500,,0,450,,,50,,,,0,100
2988,14,,1170,1170,,250,,0,50,,,100,,,20,80,100
2988,15,,5500,,,4000,,0,,,,,2000,,,2000,0
2989,10,,200,200,,260,,0,,,,160,,,,100,100
2989,11,,100,100,,120,,0,,,,80,,,,40,100
2989,14,,2500,2500,,600,300,100000,,,,150,,,50,100,100
2990,5,,50,50,,30,15,15000,,,2,10,,,3,0,100
2990,10,,150,150,,180,,0,,,,100,,,,80,100
2990,11,,200,200,,180,80,20000,,,,70,,,,30,100
2990,13,,100,100,,70,,0,,,,50,,,20,0,100
2990,14,,1500,1500,,400,200,50000,,,,80,,,50,70,100
2991,10,,100,100,,130,,0,,,,90,,,,40,100
2991,11,,100,100,,70,,0,,,,50,,,,20,100
2991,14,,600,600,,220,120,30000,,,,70,,,,30,100
2992,5,,50,50,,24,,0,,,2,11,,,3,8,100
2992,10,,400,400,,480,200,30000,,,,180,,,,100,100
2992,11,,350,350,,270,100,25000,,,,120,,,,50,100
2992,13,,1200,1200,,300,200,36000,,,,70,,,30,0,100
2992,14,,2000,2000,,450,250,187500,,,,100,,,30,70,100
2993,10,,500,500,,750,500,75000,,,,150,,,,100,100
2993,11,,300,300,,220,100,25000,,,,70,,,,50,100
2993,14,,2000,2000,,650,350,330000,,,,300,,,,0,100
2993,15,,10000,10000,,4200,,0,,,,,3000,,,1200,100
2994,10,,250,250,,320,,0,,,,200,,,,120,100
2994,11,,250,250,,180,,0,,,,130,,,,50,100
2994,13,,100,100,,80,,0,,,,80,,,,0,100
2994,14,,1400,1400,,500,250,180000,,,,100,,50,,100,100
2995,5,,50,50,,12,,0,,,,8,,,,4,100
2995,10,,100,100,,120,,0,,,,120,,,,0,100
2995,14,,250,250,,100,,0,,,,100,,,,0,100
2996,10,,200,200,,260,,0,,,,160,,,,100,100
2996,11,,200,200,,140,,0,,,,100,,,,40,100
2996,14,,2600,2600,,600,300,75000,,,,100,,,100,100,100
2996,15,,22000,22000,,10000,,0,,,,,7000,,,3000,100
2997,5,,50,50,,23,,0,,,1,15,,,,7,100
2997,10,,200,200,,260,,0,,,,160,,,,100,100
2997,11,,250,250,,170,,0,,,,120,,,,50,100
2997,14,,1500,1500,,450,100,150000,,,,200,,,50,100,100
2997,15,,10000,10000,,4000,,0,,,,,3000,,,1000,100
3007,4,,1000,,,350,,0,,,,30,120,,,200,100
3007,5,,200,,30,70,60,60000,,,8,7,,,2,23,100
3007,10,,1500,,300,900,400,60000,,,200,200,,,30,370,100
3007,11,,980,,170,400,100,20000,,,,300,,,20,150,100
3007,13,,20,,,150,,0,,,,150,,,,0,100
3007,14,,300,,,300,,0,,,,300,,,,0,100
3007,15,,14000,,2700,5000,,0,,,,,1700,,,6000,
3008,4,,300,,,200,,0,,,,20,30,,,150,100
3008,5,,100,,15,30,25,20000,,,4,3,,,,13,100
3008,10,,700,,,400,,0,,,,150,,,50,200,100
3008,11,,600,,,300,,0,,,,200,,,,100,100
3008,14,,50,,,200,,0,,,,200,,,,0,100
3009,5,,60,,7,8,,0,,,2,3,,,,10,100
3009,10,,200,,,80,,0,,,,80,,,,0,100
3009,11,,200,,,70,,0,,,,50,,,,20,100
3009,14,,40,,,150,,0,,,,150,,,,0,100
3009,15,,8000,,1000,3000,,0,,,,,1000,,,3000,
3010,4,,120,,,50,,0,,,,20,30,,,0,100
3010,5,,300,,20,100,80,80000,,,15,6,,,2,17,100
3010,10,,900,,200,400,200,30000,,,80,70,,,,250,100
3010,11,,580,,30,60,,0,,,,55,,,10,25,100
3010,14,,100,,,150,120,96000,,,,30,,,,0,100
3010,15,,1000,,,500,,0,,,,,250,,,250,
3011,4,,100,,,80,,0,,,,,30,,,50,100
3011,5,,30,,15,20,20,16000,,,4,3,,,2,6,100
3011,10,,500,,,250,,0,,,,70,,,,180,100
3011,11,,810,,,280,30,6000,,,,135,,,15,100,100
3011,14,,60,,,200,30,18000,,,,163,,,7,0,100
3012,5,,100,,15,60,55,44000,,,10,3,,,,7,100
3012,10,,500,,100,250,,0,,,,90,,,,260,100
3012,11,,300,,,200,,0,,,,140,,,,60,100
3012,14,,100,,,200,,0,,,,200,,,,0,100
3012,15,,7500,,1000,1500,,0,,,,,800,,,1700,
3013,4,,500,,,150,,0,,,,,80,,,70,100
3013,5,,400,,20,100,80,80000,,,10,4,,,3,23,100
3013,10,,1000,,200,350,,0,,,150,100,,,20,280,100
3013,11,,510,,70,250,,0,,,,250,,,,70,100
3013,13,,20,,,200,,0,,,,200,,,,0,100
3013,14,,70,,,250,150,90000,,,,100,,,,0,100
3014,5,,70,,10,25,20,16000,,,4,3,,,,8,100
3014,10,,600,,,350,,0,,,,100,30,,,220,100
3014,11,,300,,,150,,0,,,,110,,,,40,100
3014,14,,30,,,120,,0,,,,120,,,,0,100
3014,15,,7500,,1500,2000,,0,,,,,700,,,2800,
3015,5,,200,,40,70,70,56000,,,7,4,,,3,26,100
3015,10,,1000,,500,1000,,0,,,250,250,,,50,950,100
3015,11,,600,,30,250,,0,,,,200,,,,80,100
3015,14,,200,,,250,70,56000,,,,180,,,,0,100
3015,15,,14000,,2000,3500,,0,,,,,1500,,,4000,
3016,1,,1000,,,150,,0,,,,,100,,,50,
3016,10,,500,,,300,,0,,,50,150,50,,50,0,
3016,11,,300,,,180,,0,,,,130,,,20,30,
3016,13,,50,,,30,,0,,,,30,,,,0,
3016,14,,650,,,80,,0,,,,70,,,10,0,
3016,15,,10000,,,3500,,0,,,,,2000,,,1500,
3017,1,,5000,,,800,,0,,,200,,400,,,200,
3017,10,,500,,,200,,0,,,,150,50,,,0,
3017,11,,200,,,80,,0,,,,40,,,10,30,
3017,13,,100,,,50,,0,,,,40,,,10,0,
3017,14,,200,,,50,,0,,,,50,,,,0,
3017,15,,5000,,,3600,,0,,,,,1600,,,2000,
3018,1,,8000,,,750,,0,,,250,200,,,50,250,
3018,10,,500,,,350,,0,,,150,100,,,,100,
3018,11,,400,,,200,,0,,,,150,,,20,30,
3018,14,,900,,,200,,0,,,,170,,,30,0,
3018,15,,8000,,,2500,,0,,,,,1000,,,1500,
3019,1,,10000,,,3000,250,45000,,,250,,1500,,,1000,
3019,5,1,50,,2,10,,0,,,1,5,,,2,4,
3019,10,,1000,,,500,,0,,,100,200,,,50,150,
3019,11,,500,,,200,,0,,,,150,,,20,30,
3019,13,,1000,,,500,,0,,,,450,,,50,0,
3019,14,,500,,,200,,0,,,,175,,,25,0,
3019,15,,20000,,,9000,4000,140000,,,,,2000,,,3000,
3020,1,,2000,,,400,,0,,,100,,150,,,150,
3020,10,,500,,,350,,0,,,100,200,,,50,0,
3020,11,,250,,,150,,0,,,,100,,,20,30,
3020,14,,450,,,100,,0,,,,70,,,30,0,
3020,15,,9000,,,4000,,0,,,,,2000,,,2000,
3022,5,1,30,,,3,,0,,,1,2,,,,0,
3022,10,,500,,,400,,0,,,100,150,50,,,100,
3022,11,,300,,,100,,0,,,,70,,,10,20,
3022,13,,50,,,30,,0,,,,30,,,,0,
3022,14,,650,,,200,,0,,,,180,,,20,0,
3022,16,,16000,,,4000,,0,,,,,2000,,,2000,
3023,1,,4000,,,400,,0,,,150,,150,,,100,
3023,10,,400,,,200,,0,,,,150,,,50,0,
3023,11,,300,,,150,,0,,,,100,,,20,30,
3023,14,,300,,,70,,0,,,,50,,,20,0,
3023,15,,13000,,,5500,,0,,,,,3000,,,2500,
3024,1,,1000,,,200,,0,,,50,,100,,,50,
3024,5,1,20,,1,4,,0,,,1,2,,,,2,
3024,10,,300,,,150,,0,,,,130,20,,,0,
3024,11,,200,,,100,,0,,,,80,,,,20,
3024,14,,800,,,100,,0,,,,80,,,20,0,
3059,13,,200,,,40,,0,,,,30,,,10,0,100
3059,14,,400,,,50,,0,,,,40,,,10,0,100
3060,14,,100,100,,40,,0,,,,20,,20,,0,100
3145,10,,300,300,,600,,0,,,,80,,20,,500,100
3146,10,,500,,,800,400,60000,,,,100,50,,,250,
3146,15,,1500,,,2000,,0,,,,,1700,,,300,
3147,1,,2000,,,900,,0,,,50,700,,,,150,
3147,10,,800,800,,1400,1000,150000,,,,70,30,,,300,100
3147,15,1,2000,,,1700,,0,,,,,1700,,,0,
3148,10,,500,500,,800,400,60000,,,,100,50,,,250,100
3148,11,,200,200,,170,30,10000,,,,40,,,,100,100
3149,10,,300,300,,400,200,28000,,,,70,,,,130,100
3149,11,,200,200,,180,,0,,,,40,20,,,120,100
3149,15,,2500,200,,1700,,0,,,,,1700,,,0,20
3151,1,,10000,,750,1950,430,68000,50,150,250,750,270,,,800,
3151,10,,2000,,600,1850,840,150000,,,660,240,,,60,650,
3151,15,,10000,,,3700,,0,,,,,2700,,,1000,
3152,10,,2000,,400,1850,1040,175000,,100,550,160,,,50,350,
3153,1,,10000,,750,1840,300,48000,,60,250,870,260,,,850,
3153,10,,2500,,600,2400,1140,200000,,,700,300,60,,100,700,
3153,15,,11500,,200,3800,,0,,,,,2000,,,2000,
3154,10,,2500,,450,2250,1300,200000,,150,600,150,,,50,450,
3155,1,,10000,,500,1900,740,118000,,100,250,440,270,,,600,
3155,10,,2500,,450,2350,1600,270000,,,250,200,,,100,650,
3155,15,,10000,,,3600,,0,,,,,2600,,,1000,
3156,1,,10000,,800,1900,350,70000,,80,250,720,300,,,1000,
3156,10,,2000,,500,1850,1000,170000,,,560,220,30,,40,500,
3156,15,,10000,,,3500,,0,,,,,2500,,,1000,
3157,10,,2500,,650,2400,1420,240000,,,660,220,,,50,700,
3157,15,,15500,,,4800,,0,,,,,3200,,,1600,
3158,1,,10000,,600,1800,790,126000,,150,250,280,230,,,700,
3158,10,,2000,,400,1900,800,130000,,140,600,200,,,60,500,
3159,10,,2000,,500,1800,1100,180000,,100,500,160,,,40,400,
3160,11,,500,500,50,260,100,25000,,,,170,,,,40,100
3160,14,,700,700,60,270,120,60000,,,,160,,,,50,100
3160,15,1,700,700,,250,,0,,250,,,,,,0,100
3161,11,,1000,1000,80,660,340,100000,,,,240,,,60,100,100
3161,12,,1000,1000,,650,530,90000,,,,100,,,20,0,100
3161,14,,3000,3000,100,1300,940,290000,,,,280,,,80,100,100
3161,15,1,3000,3000,,1100,1100,66000,,,,,,,,0,100
3162,11,,1600,1600,70,1150,840,250000,,,,250,,,30,100,100
3162,12,,400,400,,260,160,27000,,,,100,,,,0,100
3162,14,,2200,2200,70,900,540,250000,80,,,250,,,40,60,100
3162,15,1,2200,2200,,700,700,42000,,,,,,,,0,100
3163,11,,1000,1000,70,630,350,100000,,,,220,,,70,60,100
3163,12,,700,700,,390,290,85000,,,,100,,,,0,100
3163,14,,1700,1700,120,900,600,230000,70,,,220,,,60,70,100
3163,15,1,1700,1700,,600,600,36000,,,,,,,,0,100
3164,11,,1000,1000,70,600,300,90000,,,,250,,,40,80,100
3164,14,,1000,1000,70,380,170,85000,,,,200,,,,80,100
3164,15,1,4000,4000,,1800,,0,,,,,1800,,,0,100
3165,11,,350,350,40,290,130,35000,,30,,110,,,20,40,100
3165,14,,650,650,60,280,130,45000,,,,120,,,20,70,100
3165,15,1,650,650,,200,,0,,200,,,,,,0,100
3166,11,,800,800,60,380,140,40000,,40,,160,,,30,70,100
3166,14,,1200,1200,80,480,260,150000,,,,200,,,30,70,100
3166,15,1,1200,1200,,400,400,40000,,,,,,,,0,100
3167,11,,500,500,60,270,100,30000,,,,170,,,,60,100
3167,14,,1000,1000,70,400,170,88000,,,,200,,,30,70,100
3167,15,1,1000,1000,,400,400,24000,,,,,,,,0,100
3168,14,,800,800,50,180,,0,,,,160,,,10,60,100
3168,15,1,800,800,,300,,0,,300,,,,,,0,100
3169,11,,1000,1000,,1550,1500,225000,,,,50,,,,0,100
3169,14,,3800,3800,,1550,1500,375000,,,,50,,,,0,100
3170,14,,400,400,,60,,0,,,,60,,,,0,100
3171,11,,400,400,,175,100,15000,,,,75,,,,0,100
3171,14,,2685,2685,,4150,4000,1000000,,,,150,,,,0,100
3172,11,,400,400,,75,,0,,,,75,,,,0,100
3172,14,,100,100,,50,,0,,,,50,,,,0,100
3173,11,,100,100,,70,,0,,,,70,,,,0,100
3173,14,,500,500,,100,,0,,,,100,,,,0,100
3175,11,,1500,1500,,2100,2000,300000,,,,100,,,,0,100
3175,14,,1600,1600,,500,430,107500,,,,70,,,,0,100
3175,16,,1800,1800,,500,460,130000,,,,40,,,,0,100
3176,11,,1800,1800,,2100,2000,300000,,,,100,,,,0,100
3176,14,,3500,3500,,4100,4000,1000000,,,,100,,,,0,100
3177,11,,400,400,,500,400,60000,,,,100,,,,0,100
3177,14,,600,600,,300,230,57500,,,,70,,,,0,100
3178,11,1,3500,3500,,4000,3500,1800000,,,,300,,100,100,0,100
3178,14,,100,100,,5,,0,,,,5,,,,0,100
3179,11,1,7300,7300,,3500,3000,600000,,,,300,,200,,0,100
3179,13,,100,100,,30,,0,,,,30,,,,0,100
3179,14,,200,200,,20,,0,,,,20,,,,0,100
3180,11,1,200,200,,20,,0,,,,20,,,,0,100
3181,11,,500,500,,1200,1000,350000,,,,100,,,100,0,100
3181,14,,200,200,,5,,0,,,,5,,,,0,100
3182,11,1,6000,6000,,3800,3000,750000,,200,,400,,,,200,100
3182,14,,500,500,,30,,0,,,,30,,,,0,100
3183,11,1,1200,1200,,2000,1800,480000,,,,150,,,50,0,100
3183,13,,50,50,,10,,0,,,,10,,,,0,100
3183,14,,50,50,,5,,0,,,,5,,,,0,100
3184,10,,200,200,,250,100,20000,,,,50,,,,100,100
3184,11,1,600,600,,1000,800,480000,,,,200,,,,0,100
3184,14,,50,50,,3,,0,,,,3,,,,0,100
3185,11,1,2000,2000,,2500,2300,500000,,,,100,,100,,0,100
3185,14,,300,300,,20,,0,,,,20,,,,0,100
3186,11,1,1500,1500,,2300,2000,1000000,,,,200,,,100,0,100
3186,14,,50,50,,5,,0,,,,5,,,,0,100
3193,11,,250,,,90,,0,,,0.5,89.5,,,,0,100
3193,14,,150,,,30,,0,,,,30,,,,0,100
3205,1,,7600,7600,,2500,1000,120000,,,300,1000,,100,100,0,100
3205,11,,1500,,,600,,0,,,,600,,,,0,100
3205,13,,150,,,360,,0,,,,300,,,60,0,100
3205,14,,150,,,150,,0,,,,150,,,,0,100
3206,13,,200,,,500,,0,,,,350,,50,100,0,100
3206,14,,200,,,200,,0,,,,200,,,,0,100
3207,11,,1000,,,700,,0,,,,500,,100,100,0,100
3207,13,,150,,,200,,0,,,,200,,,,0,100
3207,14,,150,,,300,,0,,,,300,,,,0,100
3208,11,,1350,,,600,300,45000,,,,300,,,,0,100
3208,13,,100,,,80,,0,,,,80,,,,0,100
3208,14,,50,,,50,,0,,,,50,,,,0,100
3209,11,,800,,,650,,0,,,,500,50,,100,0,100
3209,13,,100,,,80,,0,,,,80,,,,0,100
3209,14,,100,,,100,,0,,,,100,,,,0,100
3209,15,,6000,6000,6500,,,0,,,,,6500,,,0,100
3210,1,,4600,4600,,2500,1500,180000,,,,1000,,,,0,100
3210,11,,1000,,,700,350,52500,,,,300,,50,,0,100
3210,14,,200,,,100,,0,,,,100,,,,0,100
3212,11,,2500,2500,,1800,1000,150000,,,,500,,150,150,0,100
3212,13,,900,900,,500,250,62500,,,,250,,,,0,100
3212,14,,100,100,,150,,0,,,,150,,,,0,100
3213,11,,1500,1500,,1000,500,75000,,,,400,,100,,0,100
3213,13,,500,500,,250,,0,,,,200,,50,,0,100
3213,14,,500,500,,50,,0,,,,50,,,,0,100
3214,10,,1480,,,3600,3200,384000,,,,400,,,,0,100
3214,11,,4000,4000,,6800,6550,524000,,,,250,,,,0,100
3215,11,,4980,3780,,7600,7300,584000,,,,300,,,,0,100
3216,11,,1200,,,3500,3250,325000,,,,250,,,,0,100
3216,13,,4300,4300,,4200,4200,420000,,,,,,,,0,100
3217,11,,1270,,,3800,3730,373000,,,,70,,,,0,100
3218,11,,820,,,2600,2400,240000,,,,200,,,,0,100
3218,14,,5000,5000,,3500,3200,480000,,,,300,,,,0,100
3219,11,,5050,4200,,7300,7000,560000,,,,300,,,,0,100
3220,11,,780,,,2500,2420,193600,,,,80,,,,0,100
3220,13,,6800,6800,,48000,48000,4800000,,,,,,,,0,100
3221,11,,1200,,,3800,3600,432000,,,,200,,,,0,100
3221,13,,1600,1600,,2300,2050,307500,,,,250,,,,0,100
3222,11,,1000,,,2500,2450,196000,,,,50,,,,0,100
3241,10,,600,600,50,200,,0,,,150,50,,,,50,100
3241,11,,50,50,,20,,0,,,,20,,,,0,100
3241,14,,50,50,30,500,470,117500,,,,30,,,,30,100
3242,1,,600,,100,1200,250,37500,,,250,600,,,,200,100
3242,2,,300,,150,700,,0,,,150,,500,,,200,100
3242,10,,3600,3600,200,7000,5150,669500,,,1400,300,150,,,200,100
3242,11,,100,100,,30,,0,,,,30,,,,0,100
3242,14,,100,100,50,1500,1450,362500,,,,60,,,,40,100
3242,15,,45300,,2000,50000,,0,,,,,50000,,,2000,
3243,10,,1370,1370,200,1800,600,78000,,,600,500,50,,,250,100
3243,11,,10,10,,25,,0,,,,25,,,,0,100
3243,14,,20,20,50,500,370,92500,,,,80,50,,,50,100
3243,15,,6000,,3000,12000,,0,,,,,14000,,,1000,
3244,10,,680,680,100,700,250,32500,,,250,100,100,,,100,100
3244,11,,10,10,,18,,0,,,,18,,,,0,100
3244,14,,10,10,30,220,140,35000,,,,30,50,,,30,100
3244,15,,23000,,2000,12000,6000,300000,,,,,6000,,,2000,
3245,10,,570,570,200,1300,500,65000,,,250,300,50,,,400,100
3245,11,,10,10,,20,,0,,,,20,,,,0,100
3245,14,,20,20,40,500,360,90000,,,,80,50,,,50,100
3245,15,,5000,,1000,8000,,0,,,,,7500,,,1500,
3246,10,,770,770,200,1300,550,66000,,,250,400,50,,,250,100
3246,11,,10,10,,25,,0,,,,25,,,,0,100
3246,14,,20,20,50,400,330,82500,,,,80,,,,40,100
3246,15,,3000,,2000,7000,,0,,,,,8000,,,1000,
3247,1,,1000,,,1200,250,50000,,,200,650,,,,100,
3247,2,,1000,,,1000,,0,,,200,,600,,,200,
3247,10,,1260,1260,200,3000,1900,247000,,,500,500,50,,,250,100
3247,11,,10,10,,25,,0,,,,25,,,,0,100
3247,14,,30,30,40,550,390,78000,,,,100,50,,,50,100
3247,15,,50000,,4000,30000,,0,,,,,32000,,,2000,
3248,1,,5000,,100,1000,,0,,,200,750,,,,150,
3248,2,,5000,,100,800,,0,,,200,,500,,,200,
3248,10,,480,480,200,900,200,26000,,,200,500,,,,200,100
3248,11,,10,10,,30,,0,,,,30,,,,0,100
3248,14,,10,10,40,300,170,42500,,,,80,50,,,40,100
3248,15,,15000,,4000,30000,,0,,,,,30000,,,4000,
3249,1,,1000,,200,1300,600,120000,,,300,400,,,,200,
3249,2,,500,,100,800,,0,,,150,,600,,,150,
3249,10,,570,570,150,750,200,26000,,,200,300,,,,200,100
3249,11,,10,10,,20,,0,,,,20,,,,0,100
3249,14,,20,20,30,350,230,57500,,,,50,50,,,50,100
3249,15,,20500,,1500,12000,5500,275000,,,,,6000,,,2000,
3250,10,,300,,250,450,400,80000,,,120,100,,10,,70,10
3251,10,,990,,600,1000,800,160000,,,400,100,,20,,280,100
3251,11,,5,,30,60,,0,,,,40,,20,,30,100
3251,14,,5,,20,80,40,10000,,,,30,,10,,20,100
3252,10,,680,,550,800,600,120000,,,270,200,,20,,260,100
3252,11,,15,,70,30,,0,,,,60,,10,,30,100
3252,14,,5,,30,80,40,8000,,,,40,,10,,20,100
3253,10,,990,,600,1100,800,160000,,,400,200,100,30,,170,100
3253,11,,5,,40,60,,0,,,,40,10,,,50,100
3253,14,,5,,30,80,,0,,,,60,20,10,,20,100
3253,15,,30000,,4000,6000,,0,,,,,5000,,,5000,
3254,10,,680,,500,750,400,80000,,,270,200,,10,,370,100
3254,11,,15,,40,200,100,20000,,,,60,,20,,60,100
3254,14,,5,,30,80,40,12000,,,,40,,10,,20,100
3255,10,,500,,300,600,400,80000,,,200,120,,30,,150,100
3256,10,,980,,650,1000,800,160000,,,400,150,100,,,200,100
3256,11,,15,,40,140,100,25000,,,,30,20,,,30,100
3256,14,,5,,30,60,40,12000,,,,30,10,,,10,100
3256,15,,20000,,4000,6000,,0,,,,,4500,,,5500,
3257,10,,985,,600,1100,800,160000,,,400,200,,30,,270,100
3257,11,,10,,40,100,50,12500,,,,40,,10,,40,100
3257,14,,5,,30,80,40,12000,,,,40,,20,,10,100
3258,10,,780,,500,800,500,100000,,,300,200,,20,,280,100
3258,11,,10,,60,120,80,200000,,,,40,,10,,50,100
3258,14,,10,,40,80,,0,,,,60,,20,,40,100
3259,10,,250,,200,350,100,20000,,,150,120,,20,,160,100
3259,11,,20,,30,70,,0,,,3,30,,15,,52,100
3259,13,,10,,,20,,0,,,,20,,,,0,100
3259,14,,20,,60,600,100,20000,,,,180,,200,,180,100
3260,10,,260,,160,360,,0,,,150,140,40,20,,170,100
3260,11,,40,,,100,,0,,,,60,10,,,30,100
3261,10,,250,,160,340,,0,,,160,180,,50,,110,100
3261,11,,20,,,70,,0,,,,30,,5,,35,100
3261,14,,30,,100,290,,0,,,,150,,100,,140,100
3262,10,,170,,160,270,100,20000,,,80,130,,20,,100,100
3262,11,,30,,10,30,,0,,,,20,,2,,18,100
3263,10,,350,,200,650,150,22500,,,160,200,40,,100,200,100
3263,11,,40,,10,120,,0,,,,60,20,10,,40,100
3263,14,,10,,30,200,,0,,,,100,80,20,,30,100
3264,10,,160,,100,200,,0,,,100,80,,20,,100,100
3264,11,,20,,20,160,,0,,,,60,,20,,100,100
3264,14,,20,,50,590,420,84000,,,,60,,120,,40,100
3265,10,,350,,100,520,230,34500,,,160,60,,50,,120,100
3265,11,,10,,10,170,115,23000,,,,30,,20,,15,100
3265,14,,40,,30,300,140,20000,,,,40,,100,,50,100
3266,10,,90,,70,150,20,4000,,,40,60,,,20,80,100
3266,11,,10,,,16,,0,,,,16,,,,0,100
3267,10,,250,,200,400,,0,,,160,100,,10,40,290,100
3267,11,,30,,5,70,35,10000,,,,20,,,,20,100
3267,14,,20,,30,120,50,25000,,,,30,,20,20,30,100
3268,5,,100,,2,6,1,1000,,,1,3.5,,,,2.5,100
3268,10,,500,,90,280,,0,,,80,170,40,,,80,100
3268,11,,100,,4,65,25,7500,,,,39,,,,5,100
3268,14,,300,,8,200,100,40000,,,,96,,,,12,100
3268,15,,10000,,1400,1900,,0,,,,,1700,,,1600,
3269,10,,300,,40,150,,0,,,35,100,,,,55,100
3269,11,,50,,,20,,0,,,,20,,,,0,100
3269,14,,150,,,65,,0,,,,45,,,20,0,100
3270,5,,60,,2,4.5,,0,,,0.5,3.5,,,,2.5,100
3270,10,,350,,60,160,,0,,,45,100,25,,,50,100
3270,11,,90,,2,60,,0,,,,39,,,20,3,100
3270,14,,200,,5,150,30,12000,,,,89,,,30,6,100
3270,15,,5000,,,1000,,0,,,,,,,1000,0,
3271,5,,80,,1.5,5,,0,,,1,2.5,,,1,2,100
3271,10,,380,,65,170,,0,,,40,115,20,,,60,100
3271,11,,125,,3,75,15,4500,,,,31,,,30,2,100
3271,13,,5,,,10,,0,,,,5,,,5,0,100
3271,14,,210,,7,160,60,21000,,,,62,,,40,5,100
3271,15,,10000,,,1800,1800,90000,,,,,,,,0,
3272,5,,40,,1,3,,0,,,0.5,2,,,,1.5,100
3272,10,,450,,45,220,,0,,,40,95,,,80,50,100
3272,11,,60,,,40,,0,,,,30,,,10,0,100
3272,13,,5,,,18,,0,,,,10,,,8,0,100
3272,14,,245,,7,120,20,8000,,,,78,,,25,4,100
3272,15,,9000,,,1800,1800,90000,,,,,,,,0,
3273,5,,70,,2.5,5,,0,,,1,3.5,,,1,2,100
3273,10,,450,,80,240,,0,,,60,140,30,,,90,100
3273,11,,150,,5,100,40,12000,,,,52,,,10,3,100
3273,14,,330,,13,200,80,32000,,,,95,,,30,8,100
3273,15,,10000,,1600,2100,,0,,,,,2000,,,1700,
3274,5,,50,,2,4,,0,,,1,3.5,,,,1.5,100
3274,10,,420,,70,200,,0,,,50,140,20,,,60,100
3274,11,,100,,3,64,20,6000,,,,43,,,,4,100
3274,14,,180,,10,130,40,14000,,,,94,,,,6,100
3274,15,,10000,,,2000,2000,100000,,,,,,,,0,
3275,5,,150,,3,10,,0,,,1.5,5,,,2,4.5,100
3275,10,,400,,85,200,,0,,,,190,30,,,65,100
3275,11,,80,,6,62,,0,,,,64,,,,4,100
3275,13,,10,,,25,,0,,,,25,,,,0,100
3275,14,,260,,10,180,,0,,,,125,,,50,15,100
3275,15,,10000,,1400,2000,,0,,,,,1900,,,1500,
3276,5,,50,,2,3,,0,,,0.5,3,,,,1.5,100
3276,10,,170,,55,90,,0,,,,95,10,,,40,100
3276,11,,70,,3,55,,0,,,,39,,,15,4,100
3276,13,,10,,,25,,0,,,,15,,,10,0,100
3276,14,,300,,12,160,60,24000,,,,86,,,20,6,100
3276,15,,15000,,,3000,3000,180000,,,,,,,,0,
3278,5,1,10,,2,5,,0,,,1.5,3.5,,,,2,100
3278,10,,150,,,200,,0,,,,200,,,,0,
3278,11,,150,,,50,,0,,,,50,,,,0,100
3278,13,,30,,,50,,0,,,,40,,,10,0,
3278,14,,270,,50,200,,0,,,,120,,30,50,50,
3280,10,,100,,,40,,0,,,,40,,,,0,
3280,11,,100,,,30,,0,,,,30,,,,0,100
3280,14,,400,,,50,,0,,,,50,,,,0,
3281,11,,80,,,40,,0,,,,40,,,,0,100
3281,14,,20,,,15,,0,,,,15,,,,0,100
3282,10,,50,,,30,,0,,,,30,,,,0,100
3282,11,,50,,,20,,0,,,,20,,,,0,100
3282,14,,600,,,40,,0,,,,40,,,,0,
3283,5,1,10,10,,5,,0,,,1.5,2.5,,,,1,100
3283,10,,300,300,100,400,,0,,,,400,,,,100,100
3283,11,,100,100,20,120,,0,,,,110,,,10,20,100
3284,11,,100,,,30,,0,,,,30,,,,0,100
3284,13,,10,,,20,,0,,,,20,,,,0,
3284,14,,490,,,90,,0,,,,80,,,,10,
3285,10,,600,,200,600,,0,,,,450,,,,350,
3285,11,,100,,20,100,,0,,,,90,,10,,20,100
3285,14,,50,,,80,,0,,,,80,,,,0,100
3293,10,,50,,,60,,0,,,,60,,,,0,
3293,11,,50,,,10,,0,,,,10,,,,0,100
3293,14,,50,,,10,,0,,,,10,,,,0,
3304,10,,350,,,200,,0,,,80,120,,,,0,
3304,14,,100,,,30,,0,,,,25,,,5,0,
3307,10,,600,,,800,,0,,,200,300,50,50,,200,100
3307,11,,300,,,70,,0,,,,40,10,,5,15,100
3307,14,,300,,,50,,0,,,,20,10,,10,10,100
3308,10,,300,,,600,,0,,,150,300,30,,20,100,100
3308,11,,100,,,80,,0,,,,50,10,,,20,100
3308,14,,100,,,60,,0,,,,30,,,10,20,100
3309,10,,300,,,700,,0,,,150,300,20,,30,200,100
3309,11,,100,,,70,,0,,,,50,10,,,10,100
3309,14,,100,,,50,,0,,,,20,10,,,20,100
3310,10,,300,,,300,,0,,,100,150,,,,50,
3310,11,,100,,,20,,0,,,,20,,,,0,
3310,14,,100,,,50,,0,,,,10,,10,20,10,
3311,10,,500,,,600,,0,,,180,200,,20,,200,100
3311,11,,300,,,100,,0,,,,60,,10,,30,100
3311,14,,200,,,90,,0,,,,40,,,20,30,100
3312,14,,300,,,80,,0,,,,50,10,,10,10,100
3323,14,,400,400,70,200,,0,,,,150,,,40,80,100
3325,11,,150,150,,80,,0,,,,80,,,,0,100
3325,14,,200,200,,140,,0,,,,140,,,,0,100
3330,10,,50,50,40,100,,0,,,,80,,,,60,100
3330,11,,100,100,,70,,0,,,,70,,,,0,100
3330,14,,150,150,50,110,,0,,,,100,,,,60,100
3331,14,,800,,,450,,0,,,,100,,,350,0,100
3332,11,,200,,,300,,0,,,,300,,,,0,100
3332,14,,400,,,500,,0,,,,500,,,,0,100
3332,15,,35000,,,7600,,0,,,,,7600,,,0,
3333,11,,300,300,,350,,0,,,,350,,,,0,100
3333,14,,1000,1000,,600,,0,,,,600,,,,0,100
3333,15,,10000,,,5000,,0,,,,,5000,,,0,
3334,3,,10000,,,1500,1450,300000,,,,30,,,20,0,
3334,14,,1500,,,700,,0,,,,500,,,200,0,100
3334,15,,3500,,,2000,,0,,,,,2000,,,0,
3335,14,,1500,,,500,,0,,,,500,,,,0,100
3336,14,,1000,1000,,350,,0,,,,350,,,,0,100
3336,15,,35000,,,12000,,0,,,,,12000,,,0,
3337,14,,1000,,,550,,0,,,,550,,,,0,100
3337,15,,20000,,,2600,,0,,,,,2600,,,0,
3338,1,,70000,,,3000,,0,,1000,,1200,800,,,0,
3338,2,,10000,,,2000,,0,,,,,2000,,,0,
3338,14,,1500,,,600,,0,,,,600,,,,0,100
3338,15,,40000,,,30000,,0,,,,,30000,,,0,
3339,14,,1500,,,600,,0,,,,50,,,550,0,100
3339,15,,8500,,,2000,,0,,,,,2000,,,0,0
3358,1,,4000,,,1200,800,105000,,,200,200,,,,0,
3358,2,,10000,,,2800,,0,,300,400,,1500,,,600,
3358,10,,1000,1000,,3200,2000,230000,,,500,200,500,,,0,100
3358,11,,200,200,,1200,600,65000,,,,200,400,,,0,100
3358,16,1,14000,,,4000,,0,,,,,3400,,,600,
3359,1,,8000,,,2500,1800,235000,,,300,400,,,,0,
3359,2,,5000,,,1300,700,95000,,,200,,300,,,100,
3359,10,,1300,1300,,4200,3200,360000,,,400,400,,200,,0,100
3359,11,,200,200,,1300,700,90000,,,,400,200,,,0,100
3359,16,1,13000,,,3500,,0,,,,,3000,,,500,
3360,1,,10000,,,2800,1000,130000,,500,400,600,,,,300,
3360,2,,10000,,,2600,1500,200000,,300,400,,200,,,200,
3360,10,,3000,3000,,8500,6500,700000,,,1000,700,,200,,100,100
3360,11,,500,500,,2400,1300,145000,,,,700,400,,,0,100
3360,16,1,20000,,,4500,,0,,,,,4000,,,500,
3361,1,,10000,,,2600,1000,130000,,1000,300,,,,,300,
3361,2,,4000,,,1100,800,90000,,,200,,,,,100,
3361,10,,700,700,,2200,1500,160000,,,300,200,,200,,0,100
3361,11,,300,300,,1700,1500,170000,,,,200,,,,0,100
3362,1,,10000,,,2800,1600,200000,,,400,600,,,,200,
3362,2,,4000,,,1300,500,65000,,500,200,,,,,100,
3362,10,,700,700,,2400,1200,135000,,,400,600,,200,,0,100
3362,11,,300,300,,1600,900,100000,,,,600,,100,,0,100
3363,1,,8000,,,2400,1000,135000,,400,400,400,,,,200,
3363,10,,600,600,,1800,1000,120000,,,300,500,,,,0,100
3363,11,,200,200,,1300,800,95000,,,,400,100,,,0,100
3363,16,1,14000,,,3000,,0,,,,,2500,,,500,
3364,1,,10000,,,2700,1300,180000,,400,400,600,,,,0,
3364,2,,9000,,,2000,1100,150000,,,300,,400,,,200,
3364,10,,2000,2000,,5600,4500,480000,,,500,600,,,,0,100
3364,11,,500,500,,2100,1000,120000,,,,600,500,,,0,100
3364,16,1,19000,,,4500,,0,,,,,4000,,,500,
3365,1,,7000,,,1800,1000,138000,,400,300,,,,,100,
3365,2,,6000,,,1500,800,90000,,,200,,400,,,100,
3365,10,,800,800,,2800,1600,180000,,,400,600,,200,,0,100
3365,11,,200,200,,1300,600,75000,,,,600,100,,,0,100
3365,16,1,13000,,,3000,,0,,,,,2500,,,500,
3366,1,,10000,,,2600,1000,135000,,1000,400,,,,,200,
3366,10,,1000,1000,,2800,2000,240000,,,400,300,,100,,0,100
3366,11,,400,400,,1800,1500,175000,,,,300,,,,0,100
3366,15,,4000,,,1200,1200,50000,,,,,,,,0,
3368,1,,29300,,,6000,6000,720000,,,,,,,,0,0
3368,10,,500,500,,500,,0,,,200,300,,,,0,100
3368,11,,200,200,,80,,0,,,10,70,,,,0,100
3369,10,,300,300,,300,,0,,,100,200,,,,0,100
3369,11,,200,200,,80,,0,,,10,70,,,,0,100
3370,1,,10000,10000,,2000,800,104000,,,500,500,200,,,0,100
3370,10,,600,600,,600,,0,,,200,400,,,,0,100
3370,11,,400,400,,220,100,15000,,,10,110,,,,0,100
3370,15,,10000,,,1300,,0,,,,,1000,,,300,0
3371,10,,600,600,,500,,0,,,200,280,20,,,0,100
3371,11,,400,400,,160,,0,,,20,130,10,,,0,100
3371,15,,20000,,,3000,,0,,,,,3000,,,0,
3372,2,,10000,10000,,2000,1200,160000,,,500,,300,,,0,100
3372,10,,10000,10000,,4000,3000,300000,,,300,650,50,,,0,100
3372,11,,1000,1000,,400,200,30000,,,30,150,20,,,0,100
3372,16,1,10000,10000,,1000,,0,,,,,500,,,500,100
3373,10,,500,500,,400,,0,,,200,180,20,,,0,100
3373,11,,1500,1500,,600,450,68000,,,30,80,30,10,,0,100
3373,15,,1000,1000,,150,,0,,,,,150,,,0,100
3374,1,,8000,,,2500,1200,156000,,,500,800,,,,0,
3374,2,,15000,,,2500,1500,210000,,,500,,500,,,0,
3374,10,,7000,3000,,6000,4750,575000,,,500,700,50,,,0,42
3375,1,,10000,,,3000,1500,210000,,,700,800,,,,0,
3375,2,,10000,,,1500,1500,195000,,,,,,,,0,
3375,10,,300,300,,250,250,37500,,,,,,,,0,100
3375,11,,200,200,,100,100,15000,,,,,,,,0,100
3375,15,,9500,,,1500,,0,,,,,1000,,,500,
3376,5,,200,,2,40,20,30000,,,2,5,,,10,5,100
3376,10,,200,,50,300,150,30000,,,50,80,,,50,20,100
3376,11,,200,,,240,130,32500,,,,70,,,40,0,100
3376,14,,200,,,70,,0,,,,70,,,,0,100
3377,5,,300,,5,60,33,49500,,,5,7,3,2,10,5,100
3377,10,,300,,100,450,300,60000,,,100,100,,,20,30,100
3377,11,,300,,,360,200,50000,,,,120,,,40,0,100
3377,14,,100,,,100,30,9000,,,,70,,,,0,100
3378,5,,200,,2,40,30,45000,,,2,3,,,7,0,100
3378,10,,250,,80,375,200,40000,,,80,50,,,100,25,100
3378,11,,150,,,180,100,30000,,,,50,,,30,0,100
3378,14,,100,,,100,50,12500,,,,30,,,20,0,100
3379,5,,150,,3,30,20,30000,,,3,3,,,5,2,100
3379,10,,200,,70,300,200,40000,,,70,60,,,20,20,100
3379,11,,200,,,240,100,30000,,,,100,,,40,0,100
3379,14,,50,,,50,,0,,,,50,,,,0,100
3380,5,,100,,2,28,10,15000,,,2,4,,,3,11,100
3380,10,,200,,50,300,100,20000,,,50,100,,,20,80,100
3380,11,,200,,,240,100,30000,,,,100,,,,40,100
3380,14,,100,,,80,,0,,,,60,,,,20,100
3381,5,,100,,2,20,15,22500,,,2,3,,,,2,100
3381,10,,150,,30,220,120,24000,,,30,80,,,,20,100
3381,11,,150,,,190,100,30000,,,,60,,,,30,100
3381,14,,200,,,100,50,15000,,,,50,,,,0,100
3382,5,,100,,2,20,10,15000,,,2,3,,,4,3,100
3382,10,,150,,50,225,100,20000,,,50,70,,,25,30,100
3382,11,,150,,,160,80,24000,,,,60,,,,20,100
3382,14,,100,,,100,50,15000,,,,50,,,,0,100
3383,5,,50,,1,10,4,6000,,,1,2,,,2,2,100
3383,10,,100,,30,150,50,12500,,,30,60,,,20,20,100
3383,11,,200,,,240,100,20000,,,,70,,,50,20,100
3383,14,,250,,,250,150,45000,,,,50,,,50,0,100
3384,5,,200,,5,40,25,37500,,,5,7,,,5,3,100
3384,10,,300,,100,450,150,30000,,,100,200,,,50,50,100
3384,11,,200,,,240,100,30000,,,,120,,,,20,100
3384,14,,100,,,100,,0,,,,80,,,20,0,100
3412,5,,30,,,15,8,8000,,,,3,,,2,2,100
3412,10,,150,,,140,,0,,,,70,,,,70,100
3412,11,,170,,,220,,0,70,,,80,,,20,50,100
3412,12,,20,,,20,,0,,,,20,,,,0,100
3412,14,,2630,,,420,70,175000,60,,,150,,,40,100,100
3412,15,,22000,,,8000,,0,,,,,2000,,,6000,100
3413,14,,5000,,,250,50,400000,20,,,100,,,30,50,100
3414,5,,10,,,4,,0,,,,2,,,,2,100
3414,10,,35,,,40,,0,,,,40,,,,0,100
3414,11,,75,,,80,,0,30,,,40,,,,10,100
3414,14,,6380,,,500,200,300000,50,,,80,,,120,50,100
3415,5,,20,,,6,,0,,,,2,,,,4,100
3415,10,,100,,,80,,0,,,,70,,,,10,100
3415,11,,130,,,150,,0,50,,,80,,,,20,100
3415,14,,4750,,,450,20,100000,50,,,130,,,50,200,100
3415,15,,3600,,,1000,,0,,,,,600,,,400,100
3416,5,,20,,,10,,0,,,,3,,,2,5,100
3416,10,,80,,,100,,0,,,,100,,,,0,100
3416,11,,150,,,200,,0,60,,,100,,,,40,100
3416,14,,14150,,,1500,1000,1000000,100,,,150,,,150,100,100
3416,15,,30000,,,8000,,0,,,,,2000,,,6000,100
3417,1,,10000,,,1500,,0,700,,,,300,,,500,0
3417,2,,5000,,,600,,0,,,250,,200,,,150,0
3417,3,,2000,,,600,,0,,,,,200,,,400,0
3417,5,,10,,,5,,0,,,,1,,,1,3,100
3417,10,,100,,,80,,0,,,,40,,,,40,100
3417,11,,100,,,100,,0,30,,,60,,,,10,100
3417,14,,3790,,,350,100,150000,50,,,50,,,50,100,100
3417,15,,8000,,,4000,,0,,,,,1000,,,3000,0
3418,14,,1800,,,140,40,40000,20,,,60,,,,20,100
3418,15,,4800,,,1600,,0,,,,,600,,,1000,100
3419,5,,30,,,12,5,4000,,,,4,,,,3,100
3419,10,,50,,,60,,0,,,,60,,,,0,100
3419,11,,150,,,170,,0,50,,,100,,,,20,100
3419,12,,20,,,20,,0,10,,,10,,,,0,100
3419,14,,1250,,,450,150,300000,70,,,80,,,70,80,100
3419,15,,3000,,,700,,0,,,,,700,,,0,100
3420,11,,150,,,120,,0,40,,,60,,,,20,100
3420,14,,350,,,1000,500,1000000,50,,,50,,,100,300,100
3420,15,,23500,,,5000,,0,,,,,2000,,,3000,50
3421,5,,50,50,,10,,0,,,,6,,,,4,100
3421,10,,250,250,,300,,0,,,170,,,,,130,100
3421,11,,200,200,,130,,0,,,,80,,,,50,100
3421,14,,700,700,,270,,0,,,,170,,,,100,100
3421,15,,20000,20000,,8000,,0,,,,,5000,,,3000,100
3422,10,,300,300,,370,,0,,,,200,,,,170,100
3422,11,,200,200,,160,,0,,,,100,,,,60,100
3422,14,,700,700,,280,100,150000,,,,100,,,,80,100
3422,15,,20000,20000,,8000,,0,,,,,6000,,,2000,100
3423,10,,200,200,,260,,0,,,,160,,,,100,100
3423,11,,200,200,,140,,0,,,,100,,,,40,100
3423,14,,800,800,,250,100,150000,,,,80,,,,70,100
3423,15,,10000,10000,,3000,,0,,,,,2000,,,1000,
3424,5,,100,100,,11,,0,,,1,6,,,,4,100
3424,10,,200,200,,250,,0,,,,150,,,,100,100
3424,11,,200,200,,130,,0,,,,90,,,,40,100
3424,14,,1200,1200,,600,350,200000,,,,150,,,,100,100
3424,15,,1500,1500,,600,600,42000,,,,,,,,0,100
3425,5,,100,100,,18,10,10000,,,,5,,,,3,100
3425,10,,200,200,,260,,0,,,,160,,,,100,100
3425,11,,200,200,,150,,0,,,,100,,,,50,100
3425,14,,1500,1500,,550,200,170000,,,,200,,,,150,100
3425,15,,10000,10000,,5000,,0,,,,,3000,,,2000,100
3426,1,,1000,1000,,300,,0,,,,200,,,,100,100
3426,5,,100,100,,14,,0,,,,9,,,,5,100
3426,10,,200,200,,270,,0,,,,170,,,,100,100
3426,11,,150,150,,90,,0,,,,60,,,,30,100
3426,13,,50,50,,90,,0,,,,90,,,,0,100
3426,14,,700,700,,350,100,150000,,,,100,,,50,100,100
3426,15,,12000,12000,,5000,,0,,,,,4000,,,1000,100
3427,10,,200,200,,240,,0,,,,140,,,,100,100
3427,11,,100,100,,90,,0,,,,60,,,,30,100
3427,14,,900,900,,600,350,330000,,,,100,,,,150,100
3427,15,,10000,10000,,4000,,0,,,,,3000,,,1000,100
3428,5,,50,50,,13,5,5000,,,,4,,,,4,100
3428,10,,250,250,,370,200,40000,,,,100,,,,70,100
3428,11,,100,100,,90,,0,,,,70,,,,20,100
3428,14,,1600,1600,,550,350,165000,,,,120,,,,80,100
3428,15,,10000,10000,,4000,,0,,,,,3000,,,1000,100
3429,5,,50,50,,12,5,5000,,,,4,,,,3,100
3429,10,,350,350,,450,250,50000,,,,100,,,,100,100
3429,11,,100,100,,80,,0,,,,60,,,,20,100
3429,14,,1500,1500,,650,250,180000,,,,100,,,200,100,100
3430,10,,100,,,60,,0,,,,40,,,20,0,
3430,11,,100,,,60,,0,,,,25,,,20,15,
3430,14,,100,,,30,,0,,,,20,,,10,0,
3431,5,1,50,,1,8,,0,,,1,4,,,1,3,
3431,10,,700,,,500,,0,,,100,150,,,50,200,
3431,11,,500,,,250,,0,,,,210,,,10,30,
3431,14,,600,,,150,30,12000,,,,100,,,20,0,
3431,16,,1000,,,100,,0,,,5,,95,,,0,
3433,10,,100,,,50,,0,,,,50,,,,0,
3433,11,,200,,,90,,0,,,,60,,,10,20,100
3433,14,,700,,,70,,0,,,,50,,,20,0,
3434,11,,100,,,50,,0,,,,50,,,,0,
3434,14,,200,,,20,,0,,,,20,,,,0,
3435,10,,100,,,70,,0,,,,70,,,,0,
3435,11,,100,,,50,,0,,,,40,,,,10,
3435,14,,300,,,60,,0,,,,50,,,10,0,
3436,11,,100,,,70,,0,,,,45,,,,25,
3436,14,,200,,,50,,0,,,,50,,,,0,
3437,5,1,20,,1,4,,0,,,1,1,,,1,2,100
3437,10,,200,,,80,,0,,,,30,20,,30,0,
3437,11,,300,,,120,,0,,,,70,,,30,20,100
3437,14,,1300,,,250,,0,,,,230,,,20,0,
3438,5,1,30,,1,6,,0,,,1,3,,,,3,
3438,10,,300,,,200,,0,,,,70,,,30,100,
3438,11,,300,,,150,,0,,,,120,,,10,20,
3438,13,,100,,,70,,0,,,,60,,,10,0,
3438,14,,800,,,50,,0,,,,35,,,15,0,
3439,5,,200,,4,22,,0,,,5,10,,,4,7,100
3439,10,,1000,,140,800,,0,,,300,300,100,,80,160,
3439,11,,200,,50,270,,0,,,10,280,,,,30,100
3439,14,,400,,30,350,,0,,,,345,,,,35,100
3439,16,,1200,,50,800,,0,,,10,,390,,,450,
3440,5,,200,,5,10,,0,,,3,4,,,4,4,100
3440,10,,300,,70,300,,0,,,100,170,,,,100,100
3440,11,,300,,5,200,,0,,,4,81,,,100,20,100
3441,1,,10000,,300,2000,,0,,,600,500,700,,,500,
3441,5,,200,,5,30,,0,,,2,20,,,6,7,100
3441,10,,600,,140,730,,0,,,150,350,200,,,170,100
3441,11,,200,,70,260,,0,,,3,277,,,,50,100
3442,1,,5000,,170,1300,,0,,,250,,620,,,600,
3442,5,,300,,6,20,,0,,,3,10,,,5,8,100
3442,10,,500,,100,650,,0,,,150,230,280,,,90,100
3442,11,,200,,30,300,,0,,,2,302,,,,26,100
3442,15,,8000,,1600,2000,,0,,,,,2200,,,1400,
3443,5,,200,,3,15,,0,,,2,8,,,,8,100
3443,10,,450,,80,500,,0,,,140,300,50,,,90,100
3443,11,,200,,10,270,,0,,,4,260,,,,16,100
3443,14,,150,,,70,,0,,,,70,,,,0,100
3444,1,,8000,,300,1200,,0,,,500,,300,,,700,
3444,5,,200,,4,15,,0,,,5,5,,,2,7,100
3444,10,,1800,,140,1500,,0,,,350,300,500,130,200,160,11
3444,11,,300,,20,340,,0,,,5,300,,,15,40,100
3444,14,,300,,,400,,0,,,,400,,,,0,100
3444,15,,9600,,700,2100,,0,,,,,1800,,,1000,
3444,16,,800,,50,360,,0,,,10,,100,,,300,
3445,1,,7500,,300,1800,,0,,,500,400,800,,,400,
3445,5,,200,,6,25,,0,,,3,12,,,7,9,100
3445,10,,800,,145,850,,0,,,260,370,195,,,170,44
3445,11,,300,,20,370,,0,,,3,347,,,,40,100
3445,15,,11200,,2300,4200,,0,,,,,3700,,,2800,
3445,16,,4000,,500,1800,,0,,,5,,1295,,,1000,
3446,1,,5000,,240,900,,0,,,260,,480,,,400,
3446,5,,300,,4,20,,0,,,4,10,,,3,7,100
3446,10,,500,,90,600,,0,,,240,270,80,,,100,100
3446,11,,200,,50,300,,0,,,3,300,,,7,40,100
3446,15,,8500,,,1700,1700,68000,,,,,,,,0,
3446,16,,500,,30,270,,0,,,5,,145,,,150,
3447,1,,2600,,100,400,,0,,,200,,200,,,100,
3447,5,,400,,6,30,,0,,,6,10,,,10,10,50
3447,10,,700,,90,600,,0,,,270,300,,,,120,43
3447,11,,150,,20,240,,0,,,5,200,,,15,40,100
3447,14,,150,,,200,,0,,,,,,200,,0,100
3448,11,,100,,,25,,0,,,,25,,,,0,100
3448,14,,400,,,200,,0,,,,200,,,,0,
3449,11,,50,,,20,,0,,,,20,,,,0,100
3449,14,,150,,20,200,100,20000,,,,85,,,20,15,100
3450,11,,200,,,50,,0,,,,50,,,,0,100
3450,14,,200,,,80,,0,,,,80,,,,0,
3451,11,,200,,,100,,0,,,,100,,,,0,100
3451,14,,100,,,250,,0,,,,250,,,,0,100
3452,11,,80,,,30,,0,,,,30,,,,0,100
3452,13,,20,,,150,,0,,,,150,,,,0,100
3452,14,,300,,,250,150,22500,,,,100,,,,0,
3454,11,,20,,,5,,0,,,,5,,,,0,100
3454,14,,480,,,100,,0,,,,100,,,,0,100
3455,14,,1000,,,250,,0,,,,250,,,,0,100
3456,10,,100,,,30,,0,,,,30,,,,0,100
3456,11,,150,,,60,,0,,,,60,,,,0,100
3456,14,,50,,,170,,0,,,,170,,,,0,100
3486,13,,100,,,50,,0,,,,25,,,25,0,100
3486,14,,100,,,50,,0,,,,25,,,25,0,100
3490,10,,100,,30,100,,0,,,10,100,,,,20,100
3490,11,,100,,4,100,,0,,,,100,,,,4,100
3490,13,,100,,,100,,0,,,,100,,,,0,100
3490,14,,300,,10,100,,0,,,,100,,,,10,100
3513,10,,3000,3000,,100000,85000,17000000,,,3000,500,,1000,500,10000,100
3513,11,,1000,1000,,3800,3600,720000,,,,160,,15,25,0,100
3574,14,,400,400,,550,,0,,,,150,,,100,300,100
3575,14,,300,300,,350,,0,,,,100,,,,250,100
3576,11,,250,250,,150,,0,,,,150,,,,0,100
3576,14,,600,600,,800,440,300000,,,,240,,20,,100,100
3577,11,,200,200,,270,,0,,,,250,,20,,0,100
3577,14,,600,600,,450,150,100000,,,,150,,30,,120,100
3578,14,,400,400,,600,250,200000,,,,200,,50,50,50,100
3579,11,,200,200,,230,,0,,,,200,30,,,0,100
3579,13,,200,200,,300,,0,,,,200,,,,100,100
3579,14,,3300,3300,,5000,4600,1150000,,,,150,50,,,200,100
3580,14,,800,800,,1500,1100,330000,,,,200,,,,200,100
3581,14,,4700,4700,,7000,6100,1830000,300,,,200,50,50,100,200,100
3583,11,,1000,1000,50,350,150,30000,,40,,160,,,,50,100
3584,1,,10000,10000,600,1850,550,88000,,,250,570,280,,,800,100
3584,11,,500,500,,250,,0,,,,250,,,,0,100
3584,15,,9500,9500,,3650,,0,,,,,1650,,,2000,100
3585,11,,1000,1000,60,380,160,40000,,40,,160,,,20,60,100
3586,1,,10000,10000,600,1900,410,66000,,,250,700,260,,,880,100
3586,11,,1000,1000,50,420,160,40000,,,,250,,,,60,100
3586,15,,11000,11000,,4000,,0,,,,,2000,,,2000,100
3587,1,,10000,10000,500,1850,460,73600,,,250,570,270,,,800,100
3587,11,,600,600,50,300,50,10000,,,,250,,,,50,100
3587,15,,11400,11400,,4000,,0,,,,,1800,,,2200,100
3588,2,,1600,1600,,360,,0,,,,,150,,,210,100
3588,11,,400,400,,160,,0,,,,160,,,,0,100
3589,1,,10000,10000,580,1800,700,112000,,100,250,360,270,,50,650,100
3589,11,,1000,1000,50,400,130,40000,,,,230,,,30,60,100
3590,11,,1000,1000,50,400,150,37000,,,,230,,,20,50,100
3590,15,,14000,14000,,4000,,0,,,,,2000,,,2000,100
3591,11,,1000,1000,50,300,150,45000,,,,160,,,,40,100
3591,15,,1000,1000,,380,,0,,380,,,,,,0,100
3592,1,,10000,,500,1800,650,104000,,100,250,430,270,,,600,
3592,14,,2000,,80,560,260,105000,,,,250,,,50,80,
3592,15,1,2000,,,750,750,37500,,,,,,,,0,
3593,1,,10000,,550,1880,610,100000,,150,240,440,290,,,700,
3593,14,,2000,,70,540,280,150000,,,,220,,,30,80,
3593,15,1,2000,,,700,700,35000,,,,,,,,0,
3594,1,,10000,,400,1800,1000,160000,,,250,280,270,,,400,
3594,14,,1500,,70,460,230,100000,,,,200,,,40,60,
3594,15,1,21500,,,4000,,0,,,,,2000,,,2000,
3595,1,,10000,,500,1760,500,82000,,70,250,430,280,,,730,
3595,14,,1600,,70,450,180,80000,,,,220,,,40,80,
3595,15,1,21600,,,4100,,0,,,,,1800,,,2300,
3596,14,,1500,,60,400,200,80000,,20,,160,,,20,60,
3596,15,1,1500,,,550,,0,,550,,,,,,0,
3597,1,,8000,,600,1450,300,50000,,,250,570,270,,,660,
3597,14,,2000,,90,500,210,90000,30,,,250,,,20,80,
3597,15,1,10000,,,3800,,0,,,,,2500,,,1300,
3598,14,,2000,,60,700,500,230000,,,,170,,,30,60,
3598,15,1,2000,,,700,,0,,700,,,,,,0,
3599,14,,2000,,50,780,500,200000,,50,,180,,,30,70,
3599,15,1,2000,,,500,,0,,500,,,,,,0,
3600,14,,2000,,70,700,430,150000,,,,230,,,40,70,
3600,15,1,15000,,,4300,,0,,,,,2100,,,2200,
3601,14,,1200,,,100,,0,,,,100,,,,0,100
3602,13,,200,,,50,,0,,,,50,,,,0,100
3602,14,,800,,,100,,0,,,,100,,,,0,100
3603,13,,300,,,200,,0,,,,200,,,,0,100
3603,14,,1700,,,500,,0,,,,500,,,,0,100
3604,13,,200,,,100,,0,,,,100,,,,0,100
3604,14,,400,,,300,,0,,,,300,,,,0,100
3605,1,,5300,,,1400,,0,,,100,400,,,,900,
3605,13,,200,,,100,,0,,,,100,,,,0,100
3605,14,,500,,,300,,0,,,,300,,,,0,100
3606,1,,2000,2000,,1000,,0,,,,100,,500,,400,100
3606,11,1,2000,2000,,1500,1000,150000,,,,500,,,,0,100
3606,13,,200,,,50,,0,,,,50,,,,0,100
3606,14,,500,,,200,,0,,,,200,,,,0,100
3607,13,,100,,,70,,0,,,,70,,,,0,100
3607,14,,350,,,150,,0,,,,150,,,,0,100
3608,13,,50,,,30,,0,,,,30,,,,0,100
3608,14,,250,,,100,,0,,,,100,,,,0,100
3609,13,,50,,,30,,0,,,,30,,,,0,100
3609,14,,150,,,80,,0,,,,80,,,,0,100
3610,10,,200,,,70,,0,,,,70,,,,0,100
3610,11,1,1600,,,1800,1700,340000,,,,100,,,,0,100
3610,13,,100,,,20,,0,,,,20,,,,0,100
3610,14,,100,,,5,,0,,,,5,,,,0,100
3611,1,,2500,2500,200,800,,0,,,,500,100,,,400,100
3611,2,,2500,2500,,800,,0,,,,300,200,,,300,100
3611,11,,2000,2000,,2500,2000,1000000,,,,200,100,100,100,0,100
3611,13,,200,200,,50,,0,,,,50,,,,0,100
3611,14,,100,100,,10,,0,,,,10,,,,0,100
3612,11,1,800,800,,150,,0,,,,100,,20,30,0,100
3612,13,,100,100,,20,,0,,,,20,,,,0,100
3612,14,,100,100,,5,,0,,,,5,,,,0,100
3613,11,,600,600,,350,200,100000,,,,150,,,,0,100
3613,13,,100,100,,50,,0,,,,50,,,,0,100
3613,14,,100,100,,4,,0,,,,4,,,,0,100
3613,15,,500,500,,800,,0,,,,,400,,,400,100
3614,11,1,2000,2000,,600,500,125000,,,,50,,,50,0,100
3614,13,,300,300,,70,,0,,,,70,,,,0,100
3614,14,,200,200,,10,,0,,,,10,,,,0,100
3615,11,,600,600,,250,200,100000,,,,50,,,,0,100
3615,13,,300,300,,50,,0,,,,50,,,,0,100
3615,14,,100,100,,5,,0,,,,5,,,,0,100
3617,11,,700,700,,450,400,100000,,,,50,,,,0,100
3617,13,,50,50,,10,,0,,,,10,,,,0,100
3617,14,,50,50,,5,,0,,,,5,,,,0,100
3618,11,,400,400,,100,,0,,,,70,,,30,0,100
3619,11,,50,,,95,,0,,,,95,,,,0,100
3619,14,,80,,,110,,0,,,,110,,,,0,100
3620,10,,20,,,50,,0,,,,50,,,,0,100
3620,11,,150,,,145,,0,,,,145,,,,0,100
3620,14,,230,,,85,,0,,,,85,,,,0,100
3624,10,,30,,20,50,,0,,,,55,,,,15,100
3624,11,,100,,8,75,,0,,,1,76,,,,6,100
3624,13,,20,,15,45,,0,,,,50,,,,10,100
3624,14,,100,,,60,,0,,,,60,,,,0,100
3625,11,,100,,,150,,0,,,,150,,,,0,100
3625,13,,20,,,50,,0,,,,50,,,,0,100
3625,14,,180,,,70,,0,,,,70,,,,0,100
3627,13,,20,,,150,,0,,,,150,,,,0,100
3627,14,,280,,,180,,0,,,,150,,,30,0,100
3646,11,,400,,,1000,850,68000,,,,150,,,,0,100
3647,11,,800,,,1200,1140,79800,,,,60,,,,0,100
3648,11,,3200,3200,,4500,4320,302400,,,,180,,,,0,100
3649,11,,600,,,2200,2000,160000,,,,200,,,,0,100
3649,13,,3200,3200,,4900,4700,611000,,,,200,,,,0,100
3652,11,,2700,2300,,4500,4300,301000,,,,200,,,,0,100
3654,11,,2300,2300,,4800,4550,318500,,,,250,,,,0,100
3656,11,,500,500,,800,,0,,,,800,,,,0,100
3656,14,,500,500,,600,,0,,,,600,,,,0,100
3657,11,,500,500,,1000,,0,,,,1000,,,,0,100
3657,13,,23600,23600,,28000,27000,4050000,,,,500,,500,,0,100
3657,14,,500,500,,900,,0,,,,900,,,,0,100
3658,11,,600,600,,1000,,0,,,,1000,,,,0,100
3658,13,,5000,5000,,10000,9000,1350000,,,,800,,200,,0,100
3658,14,,400,400,,500,,0,,,,500,,,,0,100
3659,11,1,3000,3000,,7000,6000,500000,,,,1000,,,,0,100
3659,13,,500,500,,700,,0,,,,700,,,,0,100
3659,14,,5000,5000,,8000,7000,1700000,,,,1000,,,,0,100
3660,11,,500,500,,1000,,0,,,,1000,,,,0,100
3660,13,,7800,7800,,15600,15000,2500000,,,,600,,,,0,100
3660,14,,500,500,,1000,,0,,,,1000,,,,0,100
3661,11,,400,400,,1000,,0,,,,1000,,,,0,100
3661,13,,4600,4600,,9200,9000,1350000,,,,200,,,,0,100
3661,14,,600,600,,700,,0,,,,,,,700,0,100
3662,11,,8000,8000,,25000,24000,2160000,,,,1000,,,,0,100
3662,13,,500,500,,800,,0,,,,800,,,,0,100
3662,14,,500,500,,700,,0,,,,700,,,,0,100
3663,11,,8000,8000,,27000,26000,2350000,,,,1000,,,,0,100
3663,13,1,300,300,,600,,0,,,,600,,,,0,100
3663,14,,800,800,,800,,0,,,,800,,,,0,100
3667,14,,1000,1000,,200,,0,,,,200,,,,0,100
3673,10,,1800,,200,6000,5200,676000,,,400,200,100,,100,200,
3673,11,,100,,20,80,40,4000,,,,20,,,20,20,
3673,14,,100,,30,700,590,147500,,,,30,50,,30,30,
3674,10,,1300,,400,6000,4800,576000,,,600,500,100,,,400,
3674,11,,100,,40,70,,0,,,,50,,,,60,
3674,14,,100,,50,800,680,204000,,,,60,50,,,60,
3675,10,,1600,,200,2400,1700,221000,,,600,100,,,,200,
3675,11,,100,,20,130,100,7000,,,,20,,,,30,
3675,14,,100,,30,650,540,135000,,,,40,50,,,50,
3676,10,,1500,,200,2300,1500,195000,,,500,200,100,,,200,
3676,11,,300,,30,170,130,10400,,,,40,,,,30,
3676,14,,200,,40,800,700,210000,,,,40,50,,,50,
3676,15,,3000,,1000,1500,,0,,,,,2500,,,0,
3677,1,,2000,,200,1000,,0,,,300,600,,,,300,
3677,2,,2000,,300,800,600,90000,,,300,,,,,200,
3677,10,,2000,,300,4000,2400,384000,,,800,300,,,400,400,
3677,11,,1800,,100,5000,4950,396000,,,,50,,,50,50,
3677,14,,200,,60,700,600,150000,,,,60,,,50,50,
3678,10,,1600,,250,2250,1700,204000,,,300,200,100,,,200,
3678,11,,100,,50,70,40,3200,,,,50,,,,30,
3678,14,,100,,30,500,470,117500,,,,30,,,,30,
3678,15,,3200,,700,1000,,0,,,,,1700,,,0,
3679,10,,1800,,400,3000,2150,279500,,,400,400,50,,,400,
3679,11,,100,,,60,,0,,,,30,,,,30,
3679,14,,100,,50,500,450,90000,,,,50,,,,50,
3679,15,,3000,,1500,2300,,0,,,,,3800,,,0,
3680,10,,1000,,300,3200,2500,325000,,,400,250,50,,,300,
3680,11,,970,,40,680,620,49600,,,,60,,10,,30,
3680,14,,30,,40,800,700,210000,,,,50,30,,,60,
3681,10,,1300,,250,1650,1000,120000,,,300,250,100,,,250,
3681,11,,100,,40,60,,0,,,,50,,,,50,
3681,14,,100,,40,600,490,147000,,,,60,50,,,40,
3681,15,,3000,,1000,2000,,0,,,,,3000,,,0,
3682,10,,1200,1200,800,1500,900,180000,,,500,200,,50,,650,100
3682,11,,80,80,120,260,150,30000,,,,80,,30,,120,100
3682,14,,20,20,50,250,180,54000,,,,70,,20,,30,100
3683,10,,980,980,800,1200,800,160000,,,400,200,50,,100,450,100
3683,11,,15,15,40,300,200,50000,,,,60,30,10,20,20,100
3683,14,,5,5,30,160,80,24000,,,,40,20,15,20,15,100
3683,15,,10000,,2500,4000,,0,,,,,3000,,,3500,
3684,10,,770,770,500,1000,700,140000,,,300,200,50,,,250,100
3684,11,,25,25,80,400,300,75000,,,,80,20,20,,60,100
3684,14,,5,5,40,100,60,18000,,,,50,10,10,,10,100
3684,15,,10000,,2500,3500,,0,,,,,3000,,,3000,
3685,10,,1300,1300,800,1800,1000,200000,,,550,250,,50,80,670,100
3685,11,,90,90,60,200,150,30000,,,,50,,,40,20,100
3685,14,,10,10,50,300,200,80000,,,,60,,30,30,30,100
3686,10,,100,100,60,200,,0,,,40,60,,10,,150,100
3687,10,,980,980,700,1200,800,160000,,,400,250,100,,,350,100
3687,11,,15,15,80,300,200,50000,,,,80,20,10,,70,100
3687,14,,5,5,50,120,40,10000,,,,50,10,10,,60,100
3687,15,,10000,,2500,3500,,0,,,,,3000,,,3000,
3688,10,,1460,1460,900,2000,1500,300000,,,600,300,,50,,450,100
3688,11,,30,30,150,400,400,100000,,,,60,,30,,60,100
3688,14,,10,10,60,200,150,45000,,,,50,,20,,40,100
3689,10,,1180,1180,750,1400,800,160000,,,600,300,100,,,350,100
3689,11,,15,15,70,250,200,50000,,,,70,20,10,,20,100
3689,14,,5,5,40,160,80,24000,,,,50,30,10,,30,100
3689,15,,21000,,4000,5500,,0,,,,,3500,,,6000,
3690,10,,1160,1160,800,1400,900,180000,,,600,250,130,20,,300,100
3690,11,,30,30,60,250,150,45000,,,,70,20,10,,60,100
3690,14,,10,10,50,200,100,30000,,,,50,30,20,,50,100
3690,15,,10000,,2500,3500,,0,,,,,3500,,,2500,
3691,10,,360,,150,600,,0,,,160,180,30,,,380,100
3691,11,,20,,,100,,0,,,,40,20,,20,20,100
3691,14,,20,,10,700,,0,,,,150,200,,100,260,100
3694,10,,370,,200,650,,0,,,160,180,,,,510,100
3694,11,,10,,,45,,0,,,,20,,,,25,100
3694,14,,20,,30,130,,0,,,,80,,,,80,100
3695,10,,450,,400,1000,,0,,,120,230,,140,,910,100
3695,11,,40,,10,100,,0,,,,60,,20,,30,100
3695,14,,10,,600,1000,,0,,,,300,,400,,900,100
3696,10,,350,,600,1000,,0,,,220,200,150,30,,1000,100
3696,11,,20,,10,100,,0,,,,40,10,,20,40,100
3696,14,,30,,50,150,,0,,,,50,20,30,30,70,100
3697,10,,350,,200,870,,0,,,160,300,,,,610,100
3697,11,,20,,,80,,0,,,,40,,,,40,100
3697,14,,30,,,300,,0,,,,150,,,,150,100
3700,4,,80,80,,35,,0,,,2,15,18,,,0,100
3700,5,,75,75,3,6,,0,,,1,4.5,,,1,2.5,100
3700,10,,400,,65,200,,0,,,30,155,24,,,56,
3700,11,,120,120,4,70,,0,,,,48,,,20,6,100
3700,13,,25,25,,40,,0,,,,30,,,10,0,100
3700,14,,300,300,20,180,60,24000,,,,104,,,20,16,100
3700,15,,15000,,2600,3000,,0,,,,,3100,,,2500,
3701,5,,60,60,2,4,,0,,,1,3.5,,,,1.5,100
3701,10,,350,,70,180,,0,,,,170,25,,,55,
3701,11,,80,80,3,50,,0,,,,49,,,,4,100
3701,13,,10,10,,30,,0,,,,30,,,,0,100
3701,14,,4000,4000,25,1300,1000,400000,,,,305,,,,20,100
3701,15,,5000,,,1000,,0,,,,,,,1000,0,
3702,4,,100,100,,40,,0,,,2,15,23,,,0,100
3702,5,,100,100,2,8.5,2,2000,,,1.5,4,,,,3,100
3702,10,,600,,90,300,,0,,,45,190,35,,,120,
3702,11,,200,200,6,88,28,8500,,,,61,,,,5,100
3702,14,,500,500,20,300,150,60000,,,,155,,,,15,100
3703,4,,100,100,,45,,0,,,2,7,30,,6,0,100
3703,5,,60,60,1.5,5,1,1000,,,1,2.5,,,,2,100
3703,10,,300,,60,160,,0,,,30,100,20,,,70,
3703,11,,140,140,2,80,30,9000,,,,34,,,15,3,100
3703,13,,30,30,,50,,0,,,,50,,,,0,100
3703,14,,370,370,8,220,120,48000,,,,82,,,20,6,100
3703,15,,20000,,3500,4000,,0,,,,,4300,,,3200,
3704,4,,120,120,,50,,0,,,3,20,27,,,0,100
3704,5,,80,80,3.5,7,,0,,,1,5.5,,,,4,100
3704,10,,800,,120,450,,0,,,130,240,50,,,150,
3704,11,,150,150,5,86,32,10000,,,,55,,,,4,100
3704,14,,1000,1000,20,600,350,140000,,,,254,,,,16,100
3704,15,,10000,,1900,2100,,0,,,,,2200,,,1800,
3705,4,,50,50,,25,,0,,,2,10,13,,,0,100
3705,5,,50,50,2.5,4,,0,,,1,3.5,,,,2,100
3705,10,,250,,55,120,,0,,,,115,10,,,50,
3705,11,,100,100,2,62,24,7000,,,,37,,,,3,100
3705,14,,250,250,12,140,50,20000,,,,94,,,,8,100
3706,4,,150,150,,60,,0,,,3,18,34,,5,0,100
3706,5,,100,100,2,9,3,3000,,,1.5,3,,,1,2.5,100
3706,10,,650,,100,350,,0,,,100,180,40,,,130,
3706,11,,180,180,4,100,25,7500,,,,54,,,20,5,100
3706,13,,20,20,,50,,0,,,,40,,,10,0,100
3706,14,,400,400,15,200,60,24000,,,,115,,,30,10,100
3707,4,,40,40,,20,,0,,,1,10,9,,,0,100
3707,5,,70,70,2.5,6,,0,,,1,4.5,,,,3,100
3707,10,,1000,,150,500,,0,,,140,280,50,,,180,
3707,11,,90,90,4,65,,0,,,,51,,,15,3,100
3707,13,,20,20,,40,,0,,,,40,,,,0,100
3707,14,,580,580,28,350,150,60000,,,,163,,,40,25,100
3707,15,,12000,,2000,2200,,0,,,,,2400,,,1800,
3708,5,,40,40,1,2.5,,0,,,0.5,1.5,,,,1.5,100
3708,10,,120,,35,50,,0,,,,55,,,,30,
3708,11,,50,50,2,20,5,1800,,,,16,,,,1,100
3708,14,,90,90,4,48,20,8000,,,,30,,,,2,100
3719,5,,50,,4,3,,0,,,2,3,,,,2,
3719,10,,200,,,120,,0,,,,60,,,,60,100
3719,11,,100,,,30,,0,,,,20,,,,10,100
3719,14,,250,,,100,,0,,,,40,,,20,40,
3720,5,,50,,3,6,,0,,,3,4,,,,2,100
3720,10,,1500,,300,1200,,0,,,400,400,50,,250,400,
3720,11,,600,,,40,,0,,,,30,,,,10,100
3720,14,,200,,,25,,0,,,,10,,,,15,100
3720,15,,4000,,,1500,,0,,,,,1500,,,0,
3721,5,,30,,4,6,,0,,,3,3,,,,4,100
3721,6,,20,,3,5,,0,,,2,5,,,,1,100
3721,10,,300,,,150,,0,,,,150,,,,0,100
3721,11,,150,,,15,,0,,,,15,,,,0,100
3721,14,,100,,10,50,,0,,,,40,,,,20,100
3722,10,,250,,,200,,0,,,60,100,,,,40,
3722,11,,150,,,30,,0,,,,25,,,,5,100
3723,5,,50,,2,5,,0,,,2,2,,,,3,
3723,10,,150,,,150,,0,,,50,100,,,,0,
3723,11,,100,,,20,,0,,,,20,,,,0,100
3723,14,,100,,15,40,,0,,,,20,,5,5,25,
3724,10,,50,,,40,,0,,,,40,,,,0,
3724,11,,50,,,15,,0,,,,15,,,,0,80
3724,14,,50,,,10,,0,,,,10,,,,0,
3725,10,,200,,,200,,0,,,50,150,,,,0,
3725,11,,100,,,15,,0,,,,15,,,,0,100
3726,10,,700,,200,1000,300,40000,,,200,100,,,400,200,100
3726,11,,200,,,30,,0,,,5,10,,,10,5,100
3726,14,,100,,,20,,0,,,,10,,,10,0,100
3737,10,,100,,,300,,0,,,40,150,,50,10,50,
3737,11,,100,,,70,,0,,,,50,,,,20,
3738,10,,100,,,20,,0,,,20,,,,,0,
3738,14,,100,,,30,,0,,,,20,,,5,5,
3739,14,,300,,,150,,0,,,,50,20,,50,30,
3742,10,,200,,,300,,0,,,100,30,70,,100,0,
3742,11,1,100,,,50,,0,,,,20,,,20,10,
3742,14,,100,,,80,,0,,,,20,,,50,10,
3743,14,,200,,,70,,0,,,,40,,10,10,10,
3744,10,,200,,,300,,0,,,120,100,,30,,50,
3744,14,,100,,,60,,0,,,,50,,,,10,
3745,5,,100,100,10,10,5,4000,,,2,3,,,,10,100
3745,10,,750,750,1000,1500,800,120000,,,400,250,50,,,1000,100
3745,11,,100,100,,50,30,9000,,,,20,,,,0,100
3745,14,,50,50,80,100,50,25000,,,,50,,,,80,100
3746,5,,200,200,20,30,20,16000,,,5,5,,,,20,100
3746,10,,1000,1000,1200,1500,800,120000,,,500,200,,,,1200,100
3746,11,,300,300,,100,40,12000,,,,60,,,,0,100
3746,14,,200,200,180,200,150,45000,,,,50,,,,180,100
3747,5,,80,80,,12,5,4000,,,3,4,,,,0,100
3747,10,,700,700,800,1300,500,75000,,,400,300,100,,,800,100
3747,11,,80,80,,50,30,9000,,,,20,,,,0,100
3747,14,,140,140,120,250,170,80000,,,,,80,,,120,100
3748,1,,5000,,3000,5000,2500,300000,,300,800,1000,200,100,100,3000,
3748,5,,200,200,30,50,30,21000,,,10,10,,,,30,100
3748,10,,4500,4500,10000,15000,12000,1440000,,500,1000,800,500,,200,10000,100
3748,11,,200,200,,120,50,15000,,,,50,,,20,0,100
3748,14,,100,100,50,90,30,15000,,,,40,,,20,50,100
3749,5,,100,100,5,15,10,8000,,,,5,,,,5,100
3749,10,,700,700,800,1000,400,60000,,,200,400,,,,800,100
3749,11,,100,100,,70,40,12000,,,,30,,,,0,100
3749,14,,100,100,80,150,,0,,,,100,,20,30,80,100
3750,5,,100,100,10,15,5,4000,,,7,5,,,,8,100
3750,10,,700,700,1500,2000,1200,180000,,,400,400,,,,1500,100
3750,11,,100,100,,80,50,15000,,,,30,,,,0,100
3750,14,,100,100,50,150,150,37500,,,,,,,,50,100
3751,5,,70,70,15,18,8,6400,,,5,5,,,,15,100
3751,10,,1000,1000,1000,2000,800,120000,,,300,500,200,,200,1000,100
3751,11,,100,100,,50,20,6000,,,,30,,,,0,100
3751,14,,130,130,120,150,90,22500,,,,35,,,20,125,100
3752,5,,100,100,5,20,,0,,,10,10,,,,5,100
3752,10,,600,600,800,1000,,0,,,400,400,100,,100,800,100
3752,11,,200,200,,150,,0,,,,60,30,,10,50,100
3752,14,,100,100,50,100,,0,,,,80,,,20,50,100
3753,5,,100,100,10,15,5,4000,,,5,5,,,,10,100
3753,10,,600,600,1000,1300,600,90000,,,400,400,100,,,800,100
3753,11,,200,200,,70,30,9000,,,,40,,,,0,100
3753,14,,100,100,60,100,,0,,,,40,,30,30,60,100
3754,14,,500,500,,170,,0,,,,170,,,,0,100
3755,10,,50,50,30,80,,0,,,,100,,,,10,100
3755,11,,150,150,,50,,0,,,,50,,,,0,100
3755,14,,300,300,70,150,,0,,,,160,,,,60,100
3756,14,,600,600,,250,,0,,,,150,,,100,0,100
3756,15,,200,200,,100,,0,,,,,,,100,0,
3757,14,,1200,1200,100,300,,0,,,,250,,,70,80,100
3758,10,,70,70,100,170,,0,,,,150,,,,120,100
3758,11,,150,150,,110,,0,,,,110,,,,0,100
3758,14,,320,320,50,190,,0,,,,170,,,,70,100
3758,15,,60,60,80,,,0,,,,,80,,,0,100
3759,14,,400,400,120,250,,0,,,,200,,,40,130,100
3760,10,,80,80,30,140,,0,,,,140,,,,30,100
3760,11,,120,120,,150,,0,,,,150,,,,0,100
3760,14,,300,300,50,200,,0,,,,200,,30,,20,100
3761,11,,100,100,,50,,0,,,,50,,,,0,100
3761,14,,300,300,,100,,0,,,,100,,,,0,100
3762,11,,70,70,30,30,,0,,,,60,,,,0,100
3762,14,,630,630,20,170,,0,,,,170,,,,20,100
3790,1,,8000,,,2000,1000,125000,,300,300,400,,,,0,
3790,2,,15000,,,3600,900,120000,,300,,,1800,,,600,
3790,10,,600,,,1400,800,90000,,,200,400,,,,0,100
3790,11,,200,,,1200,600,180000,,,,400,200,,,0,100
3790,15,,5000,,,1500,,0,,,,,1000,,,500,
3790,16,1,2300,,,4500,,0,,,,,3000,,,1500,
3791,1,,20000,,,5400,2100,275000,,700,800,600,,,,1200,
3791,2,,10000,,,2300,1200,155000,,,400,,500,,,200,
3791,10,,500,,,1400,600,70000,,,200,600,,,,0,100
3791,11,,300,,,1600,800,90000,,,,600,200,,,0,100
3791,15,,15000,,,2500,,0,,,,,2000,,,500,26
3791,16,1,30000,,,7000,,0,,,,,4000,,,3000,
3792,1,,5000,,,1400,700,90000,,,300,400,,,,0,
3792,2,,10000,,,2500,,0,,600,300,1200,,,,400,
3792,10,,400,,,1000,400,46000,,,200,400,,,,0,100
3792,11,,100,,,420,,0,,,,420,,,,0,100
3792,15,,1000,,,1000,,0,,,,,1000,,,0,0
3792,16,1,15000,,,3000,,0,,,,,2000,,,1000,0
3793,1,,10000,,,2800,1700,220000,,,300,600,,,,200,
3793,2,,9000,,,2000,1000,125000,,700,300,,,,,0,
3793,10,,300,,,800,200,25000,,,100,500,,,,0,100
3793,11,,100,,,480,,0,,,,480,,,,0,100
3793,15,,5000,,,1200,1200,80000,,,,,,,,0,
3793,16,1,19000,,,3000,3000,75000,,,,,,,,0,
3794,1,,20000,,,5200,3000,400000,,1000,600,600,,,,0,
3794,2,,10000,,,2400,600,70000,,,300,,1300,,,200,
3794,10,,800,,,1900,1000,120000,,,300,600,,,,0,100
3794,11,,300,,,1300,500,60000,,,,600,200,,,0,100
3794,15,,16000,,,3000,,0,,,,,2500,,,500,
3794,16,1,30000,,,6000,,0,,,,,4000,,,2000,
3795,1,,20000,,,4600,2500,330000,,800,600,400,,,,300,
3795,2,,15000,,,3500,1000,125000,,600,600,,800,,,500,
3795,10,,400,,,1200,400,45000,,,200,400,,100,,100,100
3795,11,,100,,,500,,0,,,,400,100,,,0,100
3795,15,,9000,,,2400,,0,,,,,1500,,,900,
3795,16,1,35000,,,6500,,0,,,,,4000,,,2500,
3796,1,,8000,,,2000,800,100000,,,300,400,300,,,200,
3796,10,,450,,,1200,600,75000,,,200,400,,,,0,100
3796,11,,150,,,800,400,45000,,,,400,,,,0,100
3796,16,1,8000,,,2000,,0,,,,,1500,,,500,
3797,1,,15000,,,3800,2000,270000,,800,500,,,,,500,
3797,2,,10000,,,2300,1200,150000,,,400,,400,,,300,
3797,10,,500,,,1300,800,90000,,,200,200,100,,,0,100
3797,11,,200,,,1100,700,75000,,,,200,200,,,0,100
3797,15,,20000,,,3000,,0,,,,,2000,,,1000,
3797,16,1,25000,,,4500,,0,,,,,2500,,,2000,
3798,10,,200,,,400,200,22000,,,50,150,,,,0,100
3798,11,,100,,,400,200,20000,,,,200,,,,0,100
3799,10,,500,500,,500,,0,,,,480,20,,,0,100
3799,11,,500,500,,280,85,13000,,,,180,15,,,0,100
3799,15,,3850,3850,,500,,0,,,,,500,,,0,100
3800,1,,9800,9800,,2300,1300,169000,,,500,500,,,,0,100
3800,10,,600,600,,600,,0,,,150,450,,,,0,100
3800,11,,400,400,,250,70,10500,,,15,165,,,,0,100
3802,10,,500,500,,500,,0,,,,500,,,,0,100
3802,11,,800,800,,550,360,54000,,,10,180,,,,0,100
3802,15,,15000,,,1800,1800,120000,,,,,,,,0,
3803,1,,4100,4100,,1000,,0,,,300,230,100,,,370,100
3803,10,,600,600,,550,,0,,,,500,50,,,0,100
3803,11,,400,400,,280,100,15000,,,,160,20,,,0,100
3804,1,,5100,5100,,1200,400,52000,,,300,400,100,,,0,100
3804,10,,6300,6300,,6000,3480,348000,,,2000,500,20,,,0,100
3804,11,,300,300,,180,,0,,,10,150,20,,,0,100
3805,10,,1000,1000,,800,350,35000,,,200,250,,,,0,100
3805,11,,600,600,,350,220,33000,,,10,120,,,,0,100
3807,10,,300,300,,250,,0,,,100,150,,,,0,100
3807,11,,200,200,,100,,0,,,10,80,,10,,0,100
3808,5,,50,,1.5,20,,0,,,5,5,,,4,7.5,100
3808,10,,50,,15,75,,0,,,,75,,,,15,100
3808,11,,50,,,60,,0,,,,60,,,,0,100
3808,14,,50,,,50,,0,,,,50,,,,0,100
3809,5,,50,,2,10,,0,,,2,2,,1,5,2,100
3809,10,,50,,10,75,,0,,,10,35,,,20,20,100
3809,11,,50,,,60,,0,,,,60,,,,0,100
3809,14,,50,,,50,,0,,,,50,,,,0,100
3810,5,,150,,5,30,20,30000,,,5,4,,,3,3,100
3810,10,,200,,60,300,180,36000,,,30,80,,,20,50,100
3810,11,,250,,,300,170,51000,,,,100,,,20,10,100
3810,14,,200,,,200,100,25000,,,,60,,,20,20,100
3811,5,,300,,5,60,40,60000,,,5,7,,,10,3,100
3811,10,,200,,80,300,150,30000,,,80,120,,,,30,100
3811,11,,300,,,360,160,40000,,,,160,,,40,0,100
3811,14,,200,,,200,100,30000,,,,80,,,20,0,100
3812,5,,300,,4,60,45,67500,,,4,5,,,7,3,100
3812,10,,300,,100,450,230,46000,,,100,100,,,50,70,100
3812,11,,200,,,240,140,35000,,,,80,,,20,0,100
3812,14,,200,,,200,100,30000,,,,70,,,30,0,100
3813,5,,100,,2,20,10,15000,,,2,3,,1,5,1,100
3813,10,,200,,50,300,150,30000,,,50,60,,10,30,50,100
3813,11,,150,,,180,80,20000,,,,80,,,20,0,100
3813,14,,150,,,150,70,21000,,,,50,,,30,0,100
3814,5,,200,,3,40,30,45000,,,3,3,,,5,2,100
3814,10,,300,,80,450,350,70000,,,80,60,,,20,20,100
3814,11,,150,,,180,100,30000,,,,65,,,15,0,100
3814,14,,150,,,150,80,24000,,,,50,,,20,0,100
3815,5,,300,,5,60,42,63000,,,5,5,2,1,7,3,100
3815,10,,250,,80,380,230,46000,,,80,80,5,,15,50,100
3815,11,,250,,,300,180,45000,,,,100,,,20,0,100
3815,14,,200,,,200,105,31500,,,,80,,,15,0,100
3816,5,,200,,2,40,26,39000,,,2,5,,2,5,2,100
3816,10,,200,,50,300,150,30000,,,50,80,,,20,50,100
3816,11,,200,,,200,120,30000,,,60,,,,,20,100
3816,14,,200,,,200,80,24000,,,,80,,,20,20,100
3817,5,1,150,,6,27,10,13000,,,5,8,,,3,7,100
3817,10,,500,,300,1300,650,80000,,,250,350,,,100,250,100
3817,11,1,150,,60,180,,0,,,,120,,10,40,70,100
3817,14,,200,,50,250,,0,,,,150,,,50,100,100
3818,5,1,100,,4,17,7,9000,,,3,6,,,,5,100
3818,10,,400,,200,800,300,36000,,,150,200,,50,100,200,100
3818,11,1,100,,40,120,,0,,,,80,,,30,50,100
3818,14,,200,,50,150,,0,,,,80,,,60,60,100
3819,1,,30000,,300,7000,5600,750000,,,1000,250,50,,,400,
3819,5,1,100,,4,16,10,13000,,,3,4,,,,3,100
3819,10,,400,,200,850,550,65000,,,150,200,,,,150,100
3819,11,1,100,,40,100,,0,,,,100,,,,40,100
3819,14,,200,,40,70,,0,,,,60,,,,50,100
3820,2,,20000,,1300,4000,,0,,,500,,3600,,,1200,
3820,5,,100,,5,18,10,13000,,,3,,,,2,8,100
3820,10,,900,,300,2000,1200,145000,,,300,300,100,,100,300,100
3820,11,,100,,60,130,,0,,,,120,,,,70,100
3820,14,,300,,60,200,,0,,,,170,,,30,60,100
3820,15,,40000,,7000,14000,,0,,,,,13000,,,8000,
3821,5,1,100,,4,18,10,13000,,,3,3,,,3,3,100
3821,10,,400,,150,950,600,72000,,,150,100,,,100,150,100
3821,11,1,100,,30,100,,0,,,,60,,,40,30,100
3821,14,,200,200,30,150,,0,,,,50,,20,70,40,100
3822,5,,100,,5,20,6,8000,,,3,10,,,,6,100
3822,10,,400,,250,900,250,37000,,,200,300,100,,,300,100
3822,11,,100,,50,120,,0,,,,110,,,,60,100
3822,15,,50000,,16000,32000,,0,,,,,30000,,,18000,
3823,5,,100,,6,20,10,13000,,,3,7,,,,6,100
3823,10,,400,,200,1000,600,75000,,,150,250,,,,200,100
3823,11,1,100,,40,100,,0,,,,100,,,,40,100
3823,14,,100,,40,120,,0,,,,100,,,,60,100
3824,5,,100,,4,22,10,13000,,,3,8,,,,5,100
3824,10,,400,,300,1000,300,42000,,,200,300,100,,150,250,100
3824,11,,100,,50,130,,0,,,,120,,,,60,100
3824,15,,19000,,4000,6000,,0,,,,,5000,,,5000,
3825,2,,22000,,,4500,3900,470000,,,600,,,,,0,
3825,5,,100,,5,17,,0,,,3,7,,,5,7,100
3825,10,1,400,,150,750,,0,,,150,200,,,300,250,100
3825,11,,100,,40,100,,0,,,,70,,,30,40,100
3825,14,,150,,50,100,,0,,,,50,,,50,50,100
3841,10,,50,50,,70,,0,,,,70,,,,0,100
3841,11,,50,50,,40,,0,,,,40,,,,0,100
3841,14,,100,100,,150,,0,,,,130,,,20,0,100
3842,10,,100,100,,140,,0,,,,120,,20,,0,100
3842,11,,100,100,,80,,0,,,,70,,,5,5,100
3842,13,,100,100,,90,,0,,,,80,,,10,0,100
3842,14,,100,100,,150,,0,,,,110,,10,30,0,100
3843,10,,100,100,,140,,0,,,15,110,,,15,0,100
3843,11,,100,100,,70,,0,,,5,65,,,,0,100
3843,14,,200,200,,300,,0,,,,300,,,,0,100
3844,14,,1500,,,250,,0,,,,40,,,190,20,100
3845,5,,30,,,20,10,8000,,,,2,,,2,6,100
3845,11,,70,,,50,,0,,,,50,,,,0,100
3845,14,,1900,,,100,40,40000,,,,30,,,10,20,100
3845,15,,13000,,,2500,,0,,,,,500,,,2000,0
3846,5,,10,,,4,,0,,,,2,,,1,1,100
3846,10,,100,,,80,,0,,,,30,,,,50,100
3846,11,,40,,,50,,0,10,,,30,,,,10,100
3846,14,,1450,,,300,100,75000,20,,,80,,,50,50,100
3846,15,,10000,,,1700,,0,,,,,700,,,1000,0
3847,5,,10,,,5,,0,,,,1,,,,4,100
3847,10,,100,,,80,,0,,,,40,,,,40,100
3847,11,,100,,,80,,0,20,,,50,,,,10,100
3847,14,,1790,,,180,40,40000,30,,,60,,,10,40,100
3848,5,,10,,,13,6,4800,,,,2,,,2,3,100
3848,10,,100,,,120,,0,,,,50,,,,70,100
3848,11,,120,,,150,,0,40,,,50,,,20,40,100
3848,14,,2770,,,250,60,60000,20,,,70,,,50,50,100
3848,15,,10000,,,2000,,0,,,,,2000,,,0,
3849,5,,10,,,2,,0,,,,1,,,,1,100
3849,10,,50,,,60,,0,,,,30,,,,30,100
3849,11,,40,,,30,,0,,,,30,,,,0,100
3849,14,,3530,,,240,100,85000,40,,,40,,,30,30,100
3849,15,,15000,,,3000,,0,,,,,,,,3000,100
3850,5,,20,,,7,,0,,,,2,,,2,3,100
3850,10,,160,,,210,,0,,,,70,,,,140,100
3850,11,,100,,,120,,0,30,,,70,,,,20,100
3850,12,,20,,,30,,0,20,,,10,,,,0,100
3850,14,,2530,,,440,250,160000,40,,,60,,,50,40,100
3851,5,,10,,,3,,0,,,,1,,,1,1,100
3851,10,,140,,,150,,0,,,,50,,,50,50,100
3851,11,,50,,,40,,0,,,,40,,,,0,100
3851,14,,2800,,,420,200,120000,20,,,70,,,60,70,100
3851,15,,10000,,,4000,,0,,,,,2000,,,2000,0
3853,11,,400,400,,550,350,70000,,,,100,,,30,70,100
3853,13,,1600,1600,,1500,1000,300000,450,,,50,,,,0,100
3853,14,,1000,1000,,1000,,0,800,,,80,,,20,100,100
3854,11,,100,100,,90,,0,,,,60,,,,30,100
3854,13,,900,900,,800,,0,750,,,50,,,,0,100
3854,14,,200,200,,140,40,60000,,,,70,,,,30,100
3855,10,,200,200,,270,,0,,,,200,,,,70,100
3855,11,,300,300,,180,,0,,,,100,,,,80,100
3855,13,,3000,3000,,3400,2000,360000,1300,,,40,,,60,0,100
3855,14,,2000,2000,,1800,800,200000,900,,,50,,,50,0,100
3856,5,,100,100,,17,10,12000,,,,4,,,,3,100
3856,10,,200,200,,260,,0,,,,160,,,,100,100
3856,11,,200,200,,150,,0,,,,100,,,,50,100
3856,13,,15000,15000,,28000,26000,5200000,1800,,,50,,,150,0,100
3856,14,,2000,2000,,2400,2200,330000,,,,100,,,50,50,100
3857,11,,200,200,,120,,0,,,,80,,,,40,100
3857,13,,1200,1200,,1300,1200,216000,,,,40,,,60,0,100
3857,14,,1600,1600,,500,450,135000,,,,50,,,,0,100
3858,10,,200,200,,280,,0,,,,150,,,,130,100
3858,11,,400,400,,600,400,200000,,,,100,,,40,60,100
3858,13,,1000,1000,,600,400,120000,150,,,50,,,,0,100
3858,14,,600,600,,800,500,250000,200,,,100,,,,0,100
3858,15,,10000,10000,,4000,,0,,,,,3000,,,1000,100
3859,11,,300,300,,270,150,30000,,,,70,,,,50,100
3859,14,,1700,1700,,900,300,75000,500,,,60,,,,40,100
3860,10,,100,100,,170,,0,,,,170,,,,0,100
3860,11,,200,200,,340,140,35000,,,,100,,,40,60,100
3860,13,,2500,2500,,2500,1300,234000,1000,,,100,,,70,30,100
3860,14,,2200,2200,,700,200,50000,450,,,50,,,,0,100
3861,10,,300,300,,360,,0,,,,200,,,,160,100
3861,11,,400,400,,280,180,45000,,,,60,,,,40,100
3861,13,,2000,2000,,1000,,0,900,,,30,,,30,40,100
3861,14,,2300,2300,,170,100,25000,,,,50,,,20,0,100
3867,14,,100,,,50,,0,,,,50,,,,0,100
3869,10,,70,,,25,,0,,,,25,,,,0,100
3869,11,,100,,,30,,0,,,,30,,,,0,100
3869,14,,30,,,80,,0,,,,80,,,,0,100
3870,10,,70,,,20,,0,,,,20,,,,0,100
3870,11,,100,,,30,,0,,,,30,,,,0,100
3870,14,,30,,,50,,0,,,,50,,,,0,100
3871,5,,300,,5,26,,0,,,5,10,,,9,7,100
3871,10,,600,,110,550,,0,,,250,260,20,,,130,20
3871,11,,200,,20,240,,0,,,4,221,,,,35,100
3871,14,,400,,,300,,0,,,,300,,,,0,100
3871,15,,24500,,1500,4500,,0,,,,,3500,,,2500,
3873,5,,400,,4,35,,0,,,5,10,,,14,10,100
3873,10,,600,,80,550,,0,,,250,240,,,40,100,100
3873,11,,200,,25,240,,0,,,5,200,,,30,30,100
3873,14,,300,,20,250,,0,,,,230,,,,40,100
3874,5,,200,,4,15,,0,,,3,5,,,5,6,100
3874,10,,600,,70,500,,0,,,,480,,,,90,100
3874,11,,200,,10,240,,0,,,4,196,,,30,20,100
3874,14,,200,,,300,,0,,,,300,,,,0,100
3875,5,,300,,3,10,,0,,,4,5,,,,4,100
3875,10,,400,,50,400,,0,,,90,200,,,100,60,100
3875,11,,300,,10,120,,0,,,10,100,,,,20,100
3876,5,,200,,3,15,,0,,,3,9,,,,6,100
3876,10,,600,,90,500,,0,,,130,230,110,,,120,100
3876,11,,100,,110,130,,0,,,3,200,,,7,30,100
3876,14,,100,,25,140,,0,,,,125,,,,40,100
3877,5,,200,,4,12,,0,,,4,8,,,,4,100
3877,10,,400,,65,400,,0,,,100,255,,,,110,100
3877,11,,100,,13,150,,0,,,3,130,,,,30,100
3877,14,,100,,,150,,0,,,,150,,,,0,100
3878,5,,200,,8,15,,0,,,4,12,,,,7,100
3878,10,,500,,150,540,,0,,,180,350,,,,160,100
3878,11,,300,,25,280,,0,,,7,258,,,,40,100
3879,1,,3000,,250,810,,0,,,160,,600,,,300,
3879,5,,200,,3,18,,0,,,3,6,,,5,7,100
3879,10,,500,,100,610,,0,,,150,240,200,,,120,100
3879,11,,150,,30,180,,0,,,5,175,,,,30,100
3879,14,,150,,40,200,,0,,,,190,,,,50,100
3920,13,,100,,20,200,,0,100,,,80,,,,40,100
3920,14,,900,,20,220,,0,100,,,100,,,,40,100
3925,13,,100,,,50,,0,,,,50,,,,0,100
3925,14,,100,,,50,,0,,,,50,,,,0,100
3926,14,,200,,,200,,0,,,,100,,,100,0,100
3927,14,,150,,,40,,0,,,,40,,,,0,100
3928,11,,50,,,20,,0,,,,20,,,,0,100
3928,13,,50,,,150,,0,,,,150,,,,0,100
3928,14,,100,,,180,,0,,,,180,,,,0,100
3929,11,,50,,,10,,0,,,,10,,,,0,100
3929,14,,100,,,50,,0,,,,50,,,,0,100
3931,14,,150,,,80,,0,,,,50,,,30,0,100
3933,14,,250,,,100,,0,,,,100,,,,0,100
3935,11,,300,300,,10,,0,,,,10,,,,0,100
3935,13,,100,100,,100,,0,,,,100,,,,0,100
3935,14,,600,600,,7,,0,,,,7,,,,0,100
3936,11,,50,50,20,10,,0,,,,30,,,,0,100
3936,13,,50,50,15,10,,0,,,,25,,,,0,100
3936,14,,100,100,,40,,0,,,,40,,,,0,100
3937,14,,200,200,10,20,,0,,,,30,,,,0,100
3941,13,,20,,,30,,0,,,,30,,,,0,100
3941,14,,100,,,5,,0,,,,5,,,,0,100
3942,13,,100,100,,,,0,,,,,,,,0,
3942,14,,200,200,,,,0,,,,,,,,0,
4007,14,,500,500,,250,,0,,,,100,,,,150,100
4008,11,,400,400,,200,,0,,,,200,,,,0,100
4008,14,,800,800,,600,,0,,,,250,,,,350,100
4009,11,,500,500,,350,,0,,,,330,20,,,0,100
4009,13,,5000,5000,,4500,4000,520000,200,,,150,,,,150,100
4009,14,,500,500,,250,,0,,,,130,,,,120,100
4010,1,,3000,3000,,1300,,0,,,300,500,,,,500,100
4010,2,,2000,2000,,1000,,0,,,200,,400,,,400,100
4010,13,,5000,5000,,4300,3400,460000,500,,,100,,40,60,200,100
4010,15,,1000,1000,,2000,,0,,,,,1300,,,700,100
4011,1,,2000,2000,,1200,,0,,,200,600,,,,400,100
4011,13,,4000,4000,,5000,4350,650000,350,,,150,,,,150,100
4011,15,,2000,2000,,1700,,0,,,,,1700,,,0,100
4012,11,,500,500,,270,,0,,,,270,,,,0,100
4012,13,,9000,9000,,8500,8000,1200000,,,,300,,,,200,100
4012,14,,500,500,,300,,0,,,,200,,,,100,100
4013,13,,10000,10000,,9000,8600,1118000,,,,200,,,,200,100
4013,15,,6000,6000,,4000,,0,,,,,2500,,,1500,100
4014,13,,5000,5000,,6000,5700,750000,,,,150,,,,150,100
4014,15,,2000,2000,,2500,,0,,,,,1500,,,1000,100
4015,14,,800,800,40,140,,0,,,,130,,,,50,100
4015,15,1,800,800,,250,,0,,,250,,,,,0,100
4016,14,,600,600,20,100,,0,,,,90,,,,30,100
4016,15,1,600,600,,200,,0,,200,,,,,,0,100
4017,14,,800,800,,60,,0,,,,60,,,,0,100
4018,14,,800,800,40,110,,0,,,,100,,,,50,100
4018,15,1,800,800,,200,,0,,200,,,,,,0,100
4019,14,,600,600,30,100,,0,,,,90,,,,40,100
4020,14,,800,800,40,200,,0,,,,160,,,20,60,100
4020,15,1,800,800,,300,,0,,300,,,,,,0,100
4021,14,,700,700,,160,,0,,,,160,,,,0,100
4021,15,1,700,700,,250,,0,,250,,,,,,0,100
4022,14,,200,200,,40,,0,,,,40,,,,0,100
4023,14,,600,600,,80,,0,,,,60,,,,20,100
4024,10,,1600,,400,1700,650,100000,,200,500,150,,,,600,
4025,10,,2200,,600,2100,1100,180000,,200,600,150,,,50,600,
4025,14,,300,,30,60,,0,,,,60,,,,30,
4026,1,,10000,,680,2050,400,64000,,150,250,700,270,,,960,
4026,10,,600,,100,500,,0,,,100,250,,,,250,
4026,15,,11400,,3600,,,0,,,,,1600,,,2000,
4027,1,,10000,,850,2000,870,139000,,70,250,500,270,,30,860,
4027,10,,600,,180,460,,0,,,200,210,,,30,200,
4027,15,,13400,,,4500,,0,,,,,2000,,,2500,
4028,10,,600,,100,390,220,35000,,,,140,,,,130,
4028,14,,400,,,70,,0,,,,70,,,,0,
4029,10,,600,,80,380,210,33600,,,,150,,,,100,
4029,14,,400,,,50,,0,,,,50,,,,0,
4030,1,,10000,,500,2100,590,94000,,,250,580,300,,,880,
4030,10,,800,,200,600,200,30000,,,,200,,,,400,
4030,15,,7700,,,2400,,0,,,,,1000,,,1400,
4031,1,,12000,,900,2600,900,144000,,150,250,700,300,,,1200,
4031,10,,700,,100,600,140,22000,,,,260,,,50,250,
4031,15,,12300,,,4400,,0,,,,,2200,,,2200,
4032,1,,10000,,700,1900,500,80000,,90,250,580,280,,,900,
4032,10,,600,,200,480,180,28000,,,,200,,,,300,
4032,14,,400,,10,60,,0,,,,50,,,,20,
4032,15,1,13400,,,4600,,0,,,,,2300,,,2300,
4033,11,,400,,,1500,1135,136200,,,,350,,,,15,100
4033,13,,200,,,280,100,15000,,,,150,,,,30,100
4033,14,,100,,,,,0,,,,,,,,0,100
4034,5,,200,,,15,,0,,,,6,,,,9,100
4034,11,,400,,,50,,0,,,,20,,,,30,100
4034,14,,200,,,70,,0,,,,10,,,,60,100
4035,1,,10000,10000,100,760,250,40000,,,,100,60,,,450,100
4035,10,,200,200,,300,100,15000,,,,150,,,,50,100
4035,11,,3000,3000,,1000,700,224000,,,,200,,,,100,100
4035,14,,3000,3000,,10000,9500,3300000,,,,500,,,,0,100
4035,15,,700,,,2520,2520,141000,,,,,,,,0,100
4038,10,,300,,,300,,0,,,,29,,16,,255,100
4038,11,,600,,,780,300,36000,,,,108,,30,,342,100
4038,13,,300,,,420,320,45000,,,,40,,,,60,100
4038,14,,150,,,50,,0,,,,15,,,,35,100
4039,11,,400,,,1200,800,96000,,,,250,,,,150,100
4039,13,,200,,,100,60,9000,,,,20,,,,20,100
4039,14,,100,,,,,0,,,,,,,,0,
4040,5,,200,,5,15,,0,,,,12,,,,8,100
4040,11,,800,,,1500,1135,136200,,,,350,,,,15,100
4040,13,,250,,,300,150,22500,,,,100,,,,50,100
4040,14,,550,,,30,,0,,,,30,,,,0,100
4041,5,,200,,5,10,,0,,,,10,,,,5,100
4041,11,,300,,,1050,800,96000,,,,200,,,,50,100
4041,13,,200,,,280,200,30000,,,,40,,,,40,100
4044,11,,800,800,,250,100,30000,,,,150,,,,0,100
4044,14,,200,200,,3,,0,,,,3,,,,0,100
4046,11,,1000,,,1500,1300,390000,,,,200,,,,0,100
4047,11,,200,,,100,,0,,,,100,,,,0,100
4047,13,,100,,,20,,0,,,,20,,,,0,100
4047,14,,100,,,,,0,,,,,,,,0,100
4048,1,,2500,2500,,1000,1000,120000,,,,,,,,0,100
4048,11,,800,,,100,,0,,,,50,,,50,0,100
4048,13,,2500,2500,,2000,1500,225000,,,,150,,,50,300,100
4048,14,,1500,1500,,20,,0,,,,20,,,,0,100
4049,11,,5800,5000,,2000,1800,360000,,,,200,,,,0,100
4049,13,,5000,5000,,3000,2700,4540000,,,,200,,,,100,100
4049,14,,200,,,20,,0,,,,20,,,,0,100
4050,11,1,1000,,,1300,1100,330000,,,,150,,50,,0,100
4050,13,,100,,,30,,0,,,,30,,,,0,100
4050,14,,200,,,10,,0,,,,10,,,,0,100
4058,11,,230,,,90,,0,,,,90,,,,0,100
4058,13,,10,,,50,,0,,,,50,,,,0,100
4058,14,,60,,,85,,0,,,,85,,,,0,100
4059,11,,250,,,180,80,20000,,,,50,,,50,0,100
4059,13,,50,,,60,,0,,,,30,,,30,0,100
4059,14,,200,,,85,,0,,,,35,,,50,0,100
4069,13,,100,,,50,,0,,,,50,,,,0,100
4077,11,,1000,1000,,1500,1100,110000,,,,250,,,150,0,100
4078,11,,1500,,,2200,2140,171200,,,,60,,,,0,100
4079,11,,1400,,,3200,3000,240000,,,,200,,,,0,100
4080,11,,1500,,,2900,2835,283500,,,,65,,,,0,100
4081,11,,1200,,,2400,2360,188800,,,,40,,,,0,100
4082,11,,1500,,,3300,3100,217000,,,,200,,,,0,100
4082,14,,6500,6500,,4500,4200,504000,,,,300,,,,0,100
4083,11,,1200,,,3400,3200,224000,,,,200,,,,0,100
4084,11,,5000,4000,,6500,6200,496000,,,,300,,,,0,100
4085,11,,1800,,,3400,3200,256000,,,,200,,,,0,100
4085,13,,3900,3900,,5000,4750,617500,,,,250,,,,0,100
4086,11,,1400,,,3600,3400,238000,,,,200,,,,0,100
4086,14,,2000,2000,,3500,3300,495000,,,,200,,,,0,100
4087,11,,500,500,,800,,0,,,,800,,,,0,100
4087,12,,10000,10000,,30000,29000,2300000,,,,1000,,,,0,100
4087,13,,2000,2000,,,,0,,,,,,,,0,
4087,14,,600,600,,1000,,0,,,,1000,,,,0,100
4088,11,,600,600,,800,,0,,,,800,,,,0,100
4088,14,,600,600,,800,,0,,,,800,,,,0,100
4089,11,,3000,3000,,9000,8000,900000,,,,1000,,,,0,100
4089,14,,2000,2000,,4000,3000,750000,,,,1000,,,,0,100
4091,11,,300,,,500,,0,,,,500,,,,0,100
4091,14,,300,,,500,,0,,,,500,,,,0,100
4092,11,,400,400,,800,,0,,,,800,,,,0,100
4092,13,,5000,5000,,10000,9000,1300000,,,,500,,,500,0,100
4092,14,,400,400,,800,,0,,,,800,,,,0,100
4093,11,,600,600,,1000,,0,,,,1000,,,,0,100
4093,14,,3000,3000,,4800,4000,1000000,,,,800,,,,0,100
4094,11,,1600,1600,,4900,4000,320000,,,,900,,,,0,100
4094,14,,3000,3000,,6000,5000,1300000,,,,1000,,,,0,100
4095,11,,4000,4000,,10000,9000,720000,,,,1000,,,,0,100
4095,13,,15000,15000,,30000,28400,3976000,,,,800,,200,600,0,100
4095,14,,2500,2500,,3700,3000,750000,,,,700,,,,0,100
4097,14,,100,100,,30,,0,,,,30,,,,0,100
4098,13,,100,100,,30,,0,,,,30,,,,0,100
4099,14,,100,,,50,,0,,,,50,,,,0,100
4101,13,,100,100,,30,,0,,,,30,,,,0,100
4102,14,,100,100,,60,,0,,,,30,,,30,0,100
4103,13,,50,50,,20,,0,,,,,,,20,0,100
4103,14,,50,50,,30,,0,,,,,,,30,0,100
4104,13,,100,100,,40,,0,,,,40,,,,0,100
4114,10,,1180,1180,750,1400,800,160000,,,470,200,,30,,650,100
4114,11,,15,15,60,160,100,25000,,,,60,,20,,40,100
4114,14,,5,5,30,80,,0,,,,50,,30,,30,100
4115,10,,1450,1450,700,1700,1000,200000,,,600,150,,50,,600,100
4115,11,,40,40,80,400,350,87000,,,,40,,30,,60,100
4115,14,,10,10,50,130,100,20000,,,,30,,20,,30,100
4116,10,,1960,1960,1000,2500,1700,340000,,,800,250,,50,,700,100
4116,11,,30,30,80,200,120,30000,,,,60,,20,,80,100
4116,14,,10,10,40,250,150,45000,,,,40,,30,,70,100
4117,10,,1570,1570,900,1800,1000,200000,,,640,250,100,,,710,100
4117,11,,25,25,80,250,160,40000,,,,60,30,20,,60,100
4117,14,,5,5,40,100,,0,,,,50,20,10,,60,100
4117,15,,10000,,2000,4000,,0,,,,,3000,,,3000,
4118,10,,1180,1180,700,1400,800,160000,,,500,200,,50,,550,100
4118,11,,15,15,40,120,40,10000,,,,70,,20,,30,100
4118,14,,5,5,50,100,,0,,,,60,,30,,60,100
4119,10,,1190,1190,600,1300,700,140000,,,470,150,,30,,550,100
4119,11,,5,5,30,70,,0,,,,60,,20,,20,100
4119,14,,5,5,50,100,,0,,,,70,,30,,50,100
4120,10,,1460,1460,750,1700,1200,240000,,,600,160,,40,,450,100
4120,11,,35,35,60,250,150,37500,,,,50,,30,,80,100
4120,14,,5,5,40,120,50,15000,,,,40,,30,,40,100
4121,10,,1140,1140,700,1400,1000,200000,,,450,150,,20,,480,100
4121,11,,50,50,60,300,250,62500,,,,40,,30,,40,100
4121,14,,10,10,40,160,80,16000,,,,50,,30,,40,100
4122,10,,1480,1480,800,1800,1000,200000,,,600,150,100,20,,730,100
4122,11,,15,15,60,200,150,37500,,,,60,30,10,,10,100
4122,14,,5,5,45,120,80,20000,,,,40,20,15,,10,100
4122,15,,10000,,,6500,,0,,,,,3500,,,3000,
4123,10,,650,650,400,1000,700,84000,,,300,100,,50,,250,100
4123,11,,20,20,,200,90,25000,,,,60,,,,50,100
4123,14,,30,30,,1300,950,95000,,,,30,,200,,120,100
4124,10,,460,460,400,1000,800,80000,,,200,100,,,100,200,100
4124,11,,20,20,,180,100,20000,,,,40,,10,,30,100
4124,14,,20,20,,400,200,20000,,,,60,,100,,40,100
4125,10,,450,450,100,600,240,36000,,,200,60,,,,200,100
4125,11,,20,20,,200,140,10000,,,,20,,,,40,100
4125,14,,30,30,,1800,1550,232500,,,,30,,200,,20,100
4126,10,,450,450,300,500,160,16000,,,200,140,,,,300,100
4126,11,,40,40,,220,110,15000,,,,60,,,,50,100
4126,14,,10,10,,300,200,20000,,,,50,,,,50,100
4127,10,,180,180,80,160,,0,,,80,60,,,,100,100
4127,11,,10,10,,10,,0,,,,6,,,,4,100
4127,14,,10,10,,300,,0,,,,40,,200,,60,100
4128,1,,3200,,600,2000,,0,1100,,620,600,200,,,80,
4128,2,,3000,,300,2500,2000,300000,,,600,,100,,,100,
4128,10,,3000,3000,600,15000,12200,976000,,,1600,300,200,100,400,800,100
4128,11,,190,190,,600,230,18400,,,,120,150,,,100,100
4128,14,,10,10,,400,210,31500,,,,50,,60,,80,100
4129,10,,950,950,400,2600,2200,264000,,,400,160,,40,,200,100
4129,11,,40,40,,100,,0,,,,40,,,,60,100
4129,14,,10,10,100,1000,620,93000,,,,120,,200,,160,100
4131,10,,450,450,200,600,280,33600,,,200,100,,20,,200,100
4131,11,,30,30,,330,44,9400,,,6,80,,40,,160,100
4131,14,,20,20,,1600,950,142500,,,,100,,300,,250,100
4132,5,,60,,3,5.5,1.5,2100,,,1,4,,,,2,100
4132,10,,240,,45,130,,0,,,,105,15,,,55,
4132,11,,80,,3,42,10,3000,,,,30,,,,5,100
4132,14,,120,,12,80,30,12000,,,,52,,,,10,100
4133,5,,45,,2.5,4,,0,,,1,3.5,,,,2,100
4133,10,,200,,38,120,,0,,,,113,15,,,30,
4133,11,,65,,4,40,,0,,,,31,,,8,5,100
4133,14,,90,,10,70,,0,,,,40,,,25,15,100
4134,5,,50,,3,4,,0,,,0.5,4.5,,,,2,100
4134,10,,150,,,80,,0,,,,65,15,,,0,
4134,11,,100,,4,60,,0,,,,48,,,10,6,100
4134,14,,100,,16,85,,0,,,,62,,,25,14,100
4135,5,,50,,2.5,4,,0,,,0.5,3.5,,,,2.5,100
4135,10,,180,,40,100,,0,,,,95,,,,45,
4135,11,,70,,2,38,,0,,,,30,,,6,4,100
4135,14,,100,,10,75,,0,,,,52,,,25,8,100
4136,5,,50,,2,4.5,,0,,,1,3,,,,2.5,100
4136,10,,250,,65,125,,0,,,,130,,,,60,
4136,11,,70,,5,32,,0,,,,31,,,,6,100
4136,14,,80,,13,65,,0,,,,62,,,,16,100
4137,5,,40,,1,3,,0,,,0.5,2,,,,1.5,100
4137,10,,120,,40,65,,0,,,,70,,,,35,
4137,11,,60,,3,35,,0,,,,26,,,10,2,100
4137,14,,80,,8,60,,0,,,,37,,,25,6,100
4138,4,,20,,1.5,2,,0,,,0.5,2,,,,1,100
4138,10,,100,,30,50,,0,,,,55,,,,25,
4138,11,,40,,2,22,,0,,,,20,,,,4,100
4138,14,,40,,5,30,,0,,,,29,,,,6,100
4139,5,,30,,2,2.5,,0,,,0.5,2.5,,,,1.5,100
4139,10,,140,,30,70,,0,,,,60,,,,40,
4139,11,,30,,2,20,,0,,,,19,,,,3,100
4139,14,,50,,7,40,,0,,,,42,,,,5,100
4140,5,,40,,1.5,3.5,,0,,,0.5,2.5,,,,2,100
4140,10,,260,,35,140,,0,,,30,93,20,,,32,
4140,11,,50,,3,30,,0,,,,29.5,,,,3.5,100
4140,14,,150,,14,100,40,15000,,,,62,,,,12,100
4141,5,1,40,,5,12,,0,,,2,7,,,1,7,100
4141,10,,800,,500,800,500,90000,,,,,400,,,400,100
4141,11,,200,,40,250,,0,,,,130,50,,50,60,100
4141,14,1,100,,50,200,,0,,,,100,50,,50,50,100
4141,15,,9000,,,4000,,0,,,,,2000,,,2000,
4142,2,,2000,,,800,,0,,,100,,300,,,400,
4142,10,,800,,900,1600,600,102000,,,400,600,,,300,600,100
4142,11,,200,,,80,,0,,,,80,,,,0,100
4142,14,1,200,,,100,,0,,,,80,,,20,0,100
4142,15,,30000,,3000,5000,,0,,,,,3000,,,5000,
4142,16,1,2000,,,500,,0,,,,,500,,,0,
4143,5,1,50,,10,20,10,10000,,,3,8,,,2,7,100
4143,10,,1400,,400,2000,800,144000,,,600,400,,,100,500,100
4143,11,,400,,100,500,200,40000,,,,150,50,50,50,100,100
4143,14,,200,,100,400,100,50000,,,,200,,50,50,100,100
4143,15,,5000,,1000,3000,,0,,,,,2000,,,2000,
4144,1,,1600,,300,500,300,40000,,,60,100,200,,,140,
4144,2,,1600,,300,500,300,40000,,,60,,150,,,290,
4144,5,1,40,,7,15,,0,,,3,6,,,4,9,100
4144,10,,1300,,300,2000,1300,234000,,,200,100,,,300,400,100
4144,11,,400,,50,300,150,30000,,,,100,,,50,50,100
4144,14,,100,,80,200,,0,,,,100,50,,50,80,100
4144,15,,4500,,2000,4000,,0,,,,,2500,,,3500,
4144,16,1,3200,,,400,,0,,,,,,,,400,
4145,1,,5000,,,1500,,0,,,,300,300,,200,700,
4145,5,1,30,,5,14,,0,,,3,8,,,2,6,100
4145,10,,800,,500,1200,500,90000,,,,500,100,,100,500,100
4145,11,,400,,80,500,200,30000,,,,,180,,50,150,100
4145,15,,6000,,2000,3000,,0,,,,,2000,,,3000,
4145,16,1,5000,,,400,,0,,,,,,,,400,
4146,1,,5000,,,1000,,0,,,120,100,300,,100,380,
4146,5,1,50,,8,15,,0,,,2,8,,,5,8,100
4146,10,,1500,,500,2000,700,126000,,,600,500,100,,100,500,100
4146,11,,300,,100,400,100,15000,,,,150,100,50,,100,100
4146,14,,200,,70,300,40,20000,,,,150,20,50,50,60,100
4146,15,,5000,,,3000,,0,,,,,1000,,,2000,
4146,16,1,5000,,,1000,,0,,,,,,,,1000,
4147,1,,3000,,,700,,0,,,,100,400,,,200,
4147,10,,1500,,500,2500,300,54000,,,600,1000,200,,200,700,100
4147,11,,500,,100,500,,0,,,,200,200,,,200,100
4147,15,,7000,,2000,3000,,0,,,,,2000,,,3000,
4147,16,1,3000,,,200,,0,,,,,,,,200,
4148,5,1,50,,5,15,,0,,,3,10,,,2,5,100
4148,10,,1500,,700,2000,250,45000,,,600,1000,50,,200,600,100
4148,11,,400,,100,400,100,20000,,,,200,,,50,150,100
4148,14,,100,,100,300,80,50000,,,,200,,,20,100,100
4148,15,,5000,,1000,3000,,0,,,,,2000,,,2000,
4149,10,,450,,100,500,,0,,,150,300,,,,150,100
4149,11,,50,,,30,,0,,,,30,,,,0,100
4150,1,,1000,,,500,,0,,,40,260,200,,,0,
4150,10,,1800,,200,1500,200,30000,,,300,200,500,,,500,100
4150,11,,200,,,30,,0,,,,20,,,,10,100
4150,15,,3000,,700,1500,,0,,,,,2000,,,200,
4151,1,,1000,,,350,,0,,,50,150,50,,100,0,
4151,5,,20,,2,4,,0,,,2,1,,,,3,100
4151,10,,1000,,100,700,,0,,,300,200,100,,100,100,100
4151,11,,180,,,200,,0,,,,200,,,,0,100
4151,14,,100,,15,25,,0,,,,15,,,25,0,100
4152,1,,5000,,250,350,,0,,,50,450,50,,,50,
4152,10,,1000,,300,1000,200,30000,,,300,200,100,,50,450,100
4152,11,,500,500,30,100,,0,,,,60,10,10,,50,100
4152,14,,500,500,,70,,0,,,,40,,,,30,100
4152,15,,6000,,500,2500,,0,,,,,1600,,,1400,
4153,1,,3000,,,500,,0,,,100,300,100,,,0,
4153,10,,2000,2000,300,3000,300,45000,,,1600,600,200,,,600,100
4153,11,,900,,20,80,,0,,,,60,10,,,30,100
4153,14,,100,,,20,,0,,,,20,,,,0,100
4153,15,,15000,,1200,4500,,0,,,,,2000,,,3700,
4155,5,,50,,3,7,,0,,,3,4,,,,3,100
4155,10,,1000,1000,250,1000,,0,,,300,300,150,,,500,100
4155,11,,800,,,90,,0,,,,60,10,,,20,100
4155,14,,150,,,30,,0,,,,30,,,,0,100
4156,10,,400,,,500,,0,,,200,150,,,,150,100
4156,11,,400,,25,50,,0,,,,40,,,,35,50
4156,14,,200,,,40,,0,,,,20,,,,20,
4157,1,,1000,,,400,,0,,,50,150,150,,,50,
4157,10,,200,,50,120,,0,,,40,60,,,,70,100
4157,11,,50,,,15,,0,,,,10,,,,5,100
4157,14,,50,,,20,,0,,,,20,,,,0,100
4158,10,,1000,800,200,850,,0,,,200,400,,,50,400,80
4188,14,,1000,1000,80,300,100,25000,,,,,100,,60,120,100
4190,14,,1600,1600,50,300,,0,,,,270,,,40,40,100
4193,14,,200,200,70,,,0,,,,70,,,,0,100
4195,11,,50,50,,200,,0,,,,200,,,,0,100
4195,14,,610,610,,250,,0,,,,250,,,,0,100
4196,14,,500,500,,200,,0,,,,200,,,,0,100
4197,15,,2000,,,4000,,0,,,,,4000,,,0,
4198,10,,1000,1000,,2000,1400,280000,,,,600,,,,0,100
4198,11,,700,700,,500,,0,,,,500,,,,0,100
4199,14,,1500,1500,,500,400,60000,,,,100,,,,0,100
4200,10,,500,500,,600,,0,,,,600,,,,0,100
4200,11,,200,200,,200,,0,,,,200,,,,0,
4200,14,,500,500,,450,,0,,,,450,,,,0,100
4200,15,,7000,,,3000,,0,,,,,3000,,,0,
4201,11,,200,200,,300,,0,,,,300,,,,0,100
4201,14,,800,800,,250,,0,,,,250,,,,0,100
4202,2,,5000,5000,,2100,2100,2000000,,,,,,,,0,100
4202,11,,300,300,,250,,0,,,,250,,,,0,100
4202,14,,700,700,,200,,0,,,,200,,,,0,100
4202,15,,4000,,,3000,,0,,,,,3000,,,0,
4203,1,,2000,,,800,,0,,,,750,50,,,0,
4203,10,,200,200,,400,,0,,,,400,,,,0,100
4203,11,,400,400,,300,,0,,,,300,,,,0,100
4203,14,,900,900,,450,,0,,,,450,,,,0,100
4222,1,,20000,,,5500,2000,270000,,2000,600,400,,,,500,
4222,2,,30000,,,7800,2000,260000,,,600,,3200,,,2000,
4222,10,,400,,,1000,400,45000,,,200,400,,,,0,100
4222,11,,600,,,2400,1000,125000,,,,400,1000,,,0,100
4222,15,,42000,,,18000,,0,,,,,15000,,,3000,
4222,16,1,50000,,,16000,,0,,,,,14000,,,2000,
4223,1,,20000,,,5300,2600,330000,,1000,700,400,,,,600,
4223,2,,10000,,,2400,1200,150000,,,,,800,,,400,
4223,10,,400,,,1200,500,60000,,,200,400,,,,100,100
4223,11,,600,,,2400,1000,120000,,,,400,1000,,,0,100
4223,15,,47000,,,14000,,0,,,,,8000,,,6000,
4223,16,1,30000,,,7500,,0,,,,,5000,,,2500,
4224,1,,20000,,,5200,2200,300000,,1600,600,400,,,,400,
4224,2,,30000,,,7300,3000,380000,,900,600,,1800,,,1000,
4224,10,,500,,,1300,700,80000,,,200,400,,,,0,100
4224,11,,500,,,2400,1000,115000,,,,400,1000,,,0,100
4224,15,,46000,,20000,,,0,,,,,15000,,,5000,
4224,16,1,50000,,12000,,,0,,,,,7000,,,5000,
4225,1,,10000,,,2700,1000,140000,,500,600,400,,,,200,
4225,2,,20000,,,5000,1000,125000,,1000,600,,1800,,,600,
4225,10,,200,,,500,,0,,,150,350,,,,0,100
4225,11,,300,,,1600,700,80000,,,,400,500,,,0,100
4225,15,,32000,,,14000,,0,,,,,10000,,,4000,
4225,16,1,30000,,,7000,,0,,,,,5000,,,2000,
4226,1,,20000,,,5300,2000,280000,,2000,600,400,,,,300,
4226,2,,20000,,,4600,2000,260000,,,600,,1500,,,500,
4226,10,,400,,,1200,600,70000,,,200,400,,,,0,100
4226,11,,600,,,2800,1000,120000,,,,400,1400,,,0,100
4226,15,,60000,,,18000,,0,,,,,15000,,,3000,
4226,16,1,40000,,,8000,,0,,,,,6000,,,2000,
4227,1,,10000,,,2600,1000,130000,,,600,400,200,,,400,
4227,2,,20000,,,5100,1000,125000,,,600,,2500,,,1000,
4227,10,,500,,,1200,500,57000,,,200,400,,100,,0,100
4227,11,,500,,,2400,600,70000,,,,400,1400,,,0,100
4227,15,,31000,,,15000,,0,,,,,13000,,,2000,
4227,16,1,30000,,,9500,,0,,,,,7000,,,2500,
4228,1,,20000,,,5200,3000,380000,,,600,600,,,,1000,
4228,2,,10000,,,2600,900,120000,,,400,,1200,,,100,
4228,10,,300,,,900,,0,,,300,600,,,,0,100
4228,11,,500,,,2200,600,70000,,,,600,800,200,,0,100
4228,15,,23000,,,9000,,0,,,,,6000,,,3000,
4228,16,1,30000,,,8500,,0,,,,,5000,,,3500,
4229,1,,20000,,,5200,3000,400000,,,1000,400,,,,800,
4229,2,,30000,,,7500,3000,370000,,,1000,,2000,,,1500,
4229,10,,600,,,1400,500,70000,,,300,400,200,,,0,100
4229,11,,400,,,2400,1000,120000,,,,400,1000,,,0,100
4229,15,,56000,,,20000,,0,,,,,12000,,,8000,
4229,16,1,50000,,,18500,,0,,,,,16000,,,2500,
4230,1,,30000,,,7500,3000,400000,,2400,1000,600,,,,500,
4230,2,,30000,,,7000,2000,250000,,1000,1000,,2100,,,900,
4230,10,,400,,,1100,300,35000,,,200,600,,,,0,100
4230,11,,600,,,2800,1000,120000,,,,600,1200,,,0,100
4230,15,,61000,,,21000,,0,,,,,15000,,,6000,
4230,16,1,60000,,,15000,,0,,,,,10000,,,5000,
4231,1,,15000,15000,,2000,,0,,,700,250,200,,,850,100
4231,2,,25000,25000,,2800,1000,140000,,,800,,300,,,700,100
4231,10,,600,600,,400,,0,,,,200,,,,200,100
4231,11,,200,200,,80,,0,,,,30,,,,50,100
4231,14,,1200,1200,,250,,0,,,,150,,,,100,100
4231,15,,123000,,,10000,,0,,,,,6500,,,3500,0
4231,16,1,25000,,,1500,,0,,,,,1000,,,500,
4232,1,,18000,18000,,2500,1000,130000,,,700,250,150,,,400,100
4232,2,,30000,30000,,3500,2000,280000,,,800,,200,,,500,100
4232,10,,1500,1500,,800,,0,,,300,200,,,,300,100
4232,11,,500,500,,200,,0,,,,200,,,,0,100
4232,15,,16000,,,1500,,0,,,,,1000,,,500,0
4233,1,,12000,12000,,1400,,0,,,600,300,,,,500,100
4233,2,,8000,8000,,1000,,0,,,500,,300,,,200,100
4233,10,,1800,1800,,1200,,0,,,500,200,100,,,400,100
4233,11,,200,200,,80,,0,,,10,30,10,,,30,100
4233,15,,40000,,,4500,,0,,,,,2500,,,2000,
4233,16,1,8000,,,1000,,0,,,,,500,,,500,
4234,1,,15000,15000,,2000,,0,,,600,300,700,,,400,100
4234,2,,25000,25000,,3000,,0,,,500,,800,,,1700,100
4234,10,,1500,1500,,900,,0,,,400,250,,,,250,100
4234,11,,500,500,,180,,0,,,20,60,30,,,70,100
4234,15,,23000,,,2000,,0,,,,,1000,,,1000,
4234,16,1,25000,,,1500,,0,,,,,1500,,,0,
4235,1,,15000,15000,,2000,,0,,,600,200,200,,,1000,100
4235,2,,13000,13000,,1500,,0,,,500,,200,,,800,100
4235,10,,1600,,,1000,,0,,,300,150,,,,550,100
4235,11,,400,,,180,,0,,,20,60,,,,100,100
4235,15,,28000,10000,,2500,,0,,,,,1000,,,1500,36
4235,16,1,13000,13000,,900,,0,,,,,900,,,0,100
4236,1,,11000,11000,,1500,,0,,,500,200,150,,,650,100
4236,10,,800,800,,500,,0,,,,500,,,,0,100
4236,11,,200,200,,80,,0,,,,80,,,,0,100
4236,15,,30000,,,3000,,0,,,,,2000,,,1000,
4237,1,,10000,10000,,1500,,0,,,500,250,200,,,550,100
4237,2,,8000,8000,,500,,0,,,500,,,,,0,100
4237,10,,1400,1400,,900,,0,,,200,250,,,100,350,100
4237,11,,550,550,,250,,0,,,20,80,,,50,100,100
4237,14,,50,50,,300,,0,,,,100,,,100,100,100
4237,15,,12000,,,1000,,0,,,,,1000,,,0,
4237,16,1,8000,,,800,,0,,,,,800,,,0,
4238,10,,1300,1300,,900,,0,,,400,200,,,,300,100
4238,11,,500,500,,200,,0,,,20,80,,,,100,100
4239,1,,13000,13000,,1600,,0,,,600,250,150,,,600,100
4239,2,,27000,27000,,3000,1500,200000,,,800,,200,,,500,100
4239,10,,1800,1800,,1000,,0,,,370,200,30,,,400,100
4239,11,,650,650,,320,100,15000,,,20,80,20,,,100,100
4239,14,,50,50,,250,,0,,,,100,,,,150,100
4239,15,,45500,10000,,3000,,0,,,,,2000,,,1000,22
4239,16,1,27000,,,1500,,0,,,,,1000,,,500,
4240,5,,50,,2,10,,0,,,2,3,,,4,3,100
4240,10,,100,,30,150,,0,,,30,60,,10,30,50,100
4240,11,,50,,,60,,0,,,,50,,,10,0,100
4240,14,,200,,,200,100,20000,,,,60,,,40,0,100
4241,5,,100,,5,20,10,15000,,,5,6,,,3,1,100
4241,10,,100,,40,150,,0,,,40,80,,,20,50,100
4241,11,,150,,,160,,0,,,,120,,,40,0,100
4241,14,,150,,,150,,0,,,,100,,,50,0,100
4242,5,,30,,1,6,,0,,,1,3,,,2,1,100
4242,10,,100,,30,150,,0,,,30,50,,,50,50,100
4242,11,,70,,,65,,0,,,,50,,,15,0,100
4242,14,,200,,,200,100,30000,,,,70,,,30,0,100
4243,5,,200,,5,40,25,37500,,,5,5,,2,5,3,100
4243,10,,300,,100,450,300,60000,,,100,70,,,10,70,100
4243,11,,150,,,170,70,17500,,,,70,,,30,0,100
4243,14,,150,,,150,70,21000,,,,50,,,30,0,100
4244,5,,150,,3,30,20,30000,,,3,4,,,4,2,100
4244,10,,150,,50,225,120,24000,,,50,70,,,15,20,100
4244,11,,200,,,240,140,42000,,,,80,,,20,0,100
4244,14,,100,,,100,,0,,,,70,,,30,0,100
4245,5,,150,,5,30,15,22500,,,5,7,,,3,5,100
4245,10,,150,,40,225,70,14000,,,40,100,,,25,30,100
4245,11,,150,,,180,80,24000,,,,80,,,20,0,100
4245,14,,250,,,250,130,39000,,,,100,,,20,0,100
4246,5,,300,,5,60,45,67500,,,5,5,,2,3,5,100
4246,10,,200,,70,300,200,40000,,,70,70,,,,30,100
4246,11,,200,,,240,140,42000,,,,80,,,20,0,100
4246,14,,100,,,100,40,12000,,,,60,,,,0,100
4247,5,,50,,2,10,,0,,,2,4,,,3,3,100
4247,10,,100,,30,150,,0,,,30,60,,,,90,100
4247,11,,100,,,120,40,12000,,,,60,,,20,0,100
4247,14,,250,,,250,150,45000,,,,80,,,20,0,100
4248,5,,200,,3,40,30,45000,,,3,4,,2,,4,100
4248,10,,200,,80,300,200,40000,,,80,70,,,,30,100
4248,11,,100,,,120,60,18000,,,,60,,,,0,100
4248,14,,200,,,200,130,39000,,,,50,,,,20,100
4267,10,,300,300,,360,,0,,,,100,,,100,160,100
4267,14,,500,500,,340,80,120000,,,,100,,,100,60,100
4276,2,,4000,4000,,600,,0,,,,,400,,,200,100
4276,5,,10,10,,4,,0,,,,1,,,1,2,100
4276,10,,100,100,,120,,0,,,,60,,,,60,100
4276,11,,150,150,,200,,0,50,,,90,,,30,30,100
4276,13,,50,50,,20,,0,,,,20,,,,0,100
4276,14,,1290,1290,,150,,0,40,,,70,,,,40,100
4276,15,,6400,,,1500,,0,,,,,800,,,700,0
4277,2,,5000,,,500,,0,,,,,250,,,250,
4277,5,,10,,,5,,0,,,,1,,,2,2,100
4277,10,,50,,,40,,0,,,,40,,,,0,100
4277,11,,120,,,160,,0,60,,,50,,,30,20,100
4277,12,,20,,,20,,0,10,,,,,,10,0,100
4277,14,,1800,,,430,150,45000,40,,,70,,,100,70,100
4277,15,,11000,6000,,5000,,0,,,,,2000,,,3000,50
4278,1,,5000,5000,,900,,0,400,,,,,,,500,100
4278,5,,20,20,,10,,0,,,,2,,,,8,100
4278,10,,80,80,,150,,0,,,,60,,,50,40,100
4278,11,,150,150,,180,,0,60,,,80,,,,40,100
4278,12,,20,20,,30,,0,15,,,,,,,15,100
4278,13,,350,350,,100,,0,80,,,20,,,,0,100
4278,14,,2380,2380,,260,40,40000,50,,,80,,,60,30,100
4278,15,,5000,,,1000,,0,,,,,1000,,,0,0
4279,5,,10,,,4,,0,,,,1,,,,3,100
4279,10,,60,,,80,,0,,,,30,,,,50,100
4279,11,,100,,,120,,0,30,,,70,,,,20,100
4279,12,,20,,,40,,0,20,,,10,,,10,0,100
4279,14,,1810,,,250,100,75000,50,,,50,,,,50,100
4279,15,,10000,,,2000,,0,,,,,800,,,1200,0
4280,5,,10,10,,3,,0,,,,1,,,,2,100
4280,10,,20,20,,30,,0,,,,30,,,,0,100
4280,11,,120,120,,150,,0,40,,,70,,,,40,100
4280,12,,20,20,,18,,0,8,,,,,,,10,100
4280,13,,200,200,,100,,0,90,,,10,,,,0,
4280,14,,2330,2330,,450,150,60000,60,,,100,,,40,100,100
4280,15,,7000,7000,,2000,,0,,,,,1000,,,1000,100
4281,5,,10,10,,4,,0,,,,2,,,,2,100
4281,10,,120,120,,150,,0,,,,50,,,,100,100
4281,11,,150,150,,180,,0,60,,,80,,,,40,100
4281,12,,30,30,,20,,0,10,,,,,,,10,100
4281,13,,40,40,,60,30,7500,,,,30,,,,0,100
4281,14,,1650,1650,,350,150,75000,60,,,90,,,,50,100
4281,15,,3000,3000,,2000,,0,,,,,1000,,,1000,100
4282,5,,10,10,,5,,0,,,,2,,,1,2,100
4282,10,,80,80,,100,,0,,,,60,,,,40,100
4282,11,,110,110,,130,,0,30,,,70,,,,30,100
4282,14,,3800,3800,,400,200,100000,50,,,60,,,20,70,100
4282,15,,10000,,,2000,,0,,,,,1000,,,1000,
4283,5,,10,,,4,,0,,,,2,,,,2,100
4283,10,,60,,,50,,0,,,,50,,,,0,100
4283,11,,80,,,100,,0,30,,,50,,,,20,100
4283,12,,20,,,20,,0,10,,,,,,,10,100
4283,13,,20,,,30,,0,,,,30,,,,0,100
4283,14,,1810,,,500,300,160000,60,,,70,,,,70,100
4283,15,,6000,6000,,3000,,0,,,,,1500,,,1500,100
4284,5,,10,,,5,2,1600,,,,1,,,,2,100
4284,10,,50,,,60,,0,,,,30,,,,30,100
4284,11,,140,,,180,,0,40,,,60,,,40,40,100
4284,14,,1500,,,240,100,70000,30,,,40,,,30,40,100
4284,15,,2000,,,600,,0,,,,,400,,,200,100
4285,14,,1050,1050,,570,300,320000,,,,70,,,100,100,100
4286,10,,300,300,,360,,0,,,,200,,,,160,100
4286,11,,300,300,,210,,0,,,,100,,,50,60,100
4286,14,,800,800,,400,,0,,,,100,,,100,200,100
4286,15,,23600,23600,,9000,4000,200000,,,,,3000,,,2000,100
4287,10,,200,200,,240,,0,,,,70,,,70,100,100
4287,11,,200,200,,110,,0,,,,80,,,,30,100
4287,14,,1800,1800,,650,400,80000,,,,80,,,70,100,100
4288,5,,100,100,,20,10,15000,,,,4,,,,6,100
4288,10,,300,300,,360,,0,,,,160,,,,200,100
4288,11,,300,300,,170,,0,,,,100,,,,70,100
4288,14,,1300,1300,,800,400,80000,,,,100,,,150,150,100
4288,15,,33000,33000,,10000,,0,,,,,7000,,,3000,100
4289,10,,400,400,,470,200,20000,,,,170,,,,100,100
4289,11,,200,200,,110,,0,,,,70,,,,40,100
4289,14,,2400,2400,,900,500,100000,,,,100,,50,150,100,100
4290,14,,2100,2100,,800,600,510000,,,,60,,,100,40,100
4291,10,,400,400,,430,,0,,,,180,,,100,150,100
4291,11,,200,200,,120,,0,,,,80,,,,40,100
4291,14,,600,600,,340,,0,,,,100,,,100,140,100
4291,15,,38800,38800,,12000,,0,,,,,7000,,,5000,100
4292,10,,150,150,,220,,0,,,,120,,,,100,100
4292,11,,150,150,,80,,0,,,,50,,,,30,100
4292,14,,2700,2700,,800,500,100000,,,,50,,,150,100,100
4293,5,,50,50,,12,,0,,,1,6,,,,5,100
4293,10,,300,300,,340,,0,,,,180,,,,160,100
4293,11,,250,250,,190,90,18000,,,,70,,,,30,100
4293,14,,1400,1400,,470,200,40000,,,,100,,,70,100,100
4293,15,,18000,18000,,7000,,0,,,,,4000,,,3000,100
4294,1,,2000,,400,800,,0,,,,400,200,100,,500,
4294,5,,80,,5,8,,0,,,3,3,,1,,6,100
4294,10,,1000,,,350,,0,,,,80,,,,270,100
4294,11,,600,,,200,,0,,,,140,,,,60,100
4294,14,,320,,,300,,0,,,,220,,,,80,100
4294,15,,5000,,800,1500,,0,,,,,700,,,1600,
4295,1,,2000,,400,600,,0,,,,,200,50,,750,
4295,5,,70,,5,10,,0,,,2,3,,1,,9,100
4295,10,,1000,,300,800,400,40000,,,120,150,,70,,360,100
4295,11,,160,,,120,,0,,,,80,,,,40,100
4295,13,,20,,,300,,0,,,,300,,,,0,100
4295,14,,150,,,120,,0,,,,120,,,,0,100
4295,15,,6000,,1500,2500,,0,,,,,700,,,3300,
4296,1,,2000,,400,900,400,52000,,,,,150,,100,650,
4296,4,,1000,,,300,,0,,,,20,70,,10,200,100
4296,5,,100,,6,12,8,6400,,,2,3,,,,5,100
4296,10,,1000,,200,800,300,30000,,,120,200,,,,380,100
4296,11,,680,,,250,,0,,,,150,,,,100,100
4296,13,,20,,,250,,0,,,,250,,,,0,100
4296,14,,200,,,300,,0,,,,200,,,,100,100
4296,15,,6000,,1000,1700,,0,,,,,700,,,2000,
4297,4,,800,,,250,,0,,,,,100,,,150,100
4297,5,,100,,10,15,12,9600,,,3,4,,,,6,100
4297,10,,1000,,300,800,,0,,,150,200,,,50,700,100
4297,11,,500,,,160,,0,,,,110,,,,50,100
4297,13,,50,,,250,,0,,,,250,,,,0,100
4297,14,,150,,,200,,0,,,,150,,,,50,100
4298,1,,3000,,500,400,,0,,,,,400,,50,450,
4298,5,,80,,7,15,,0,,,2,3,,,2,15,100
4298,10,,1000,,,1200,,0,,,200,300,,,100,600,100
4298,11,,300,,,150,,0,,,,100,,,,50,100
4298,13,,20,,,200,,0,,,,200,,,,0,100
4298,14,,100,,,300,,0,,,,240,,,,60,100
4299,5,,30,,4,7,,0,,,3,2,,,,6,100
4299,10,,1500,,,1200,,0,,,250,200,,,80,670,100
4299,11,,300,,,90,,0,,,,90,,,,0,100
4299,13,,20,,,250,,0,,,,250,,,,0,100
4299,14,,150,,,200,,0,,,,200,,,,0,100
4299,15,,7000,,1000,1800,,0,,,,,850,,,1950,
4300,5,,40,,3,5,,0,,,2,2,,,,4,100
4300,10,,500,,100,200,,0,,,70,60,,,,170,100
4300,11,,260,,,100,,0,,,,100,,,,0,100
4300,14,,200,,,250,,0,,,,200,,,,50,100
4300,15,,7000,,,3000,,0,,,,,600,,,2400,
4301,5,,30,,3,5,,0,,,1.5,1.5,,,1,4,100
4301,10,,600,,,180,,0,,,,80,,,,100,100
4301,11,,460,,,150,,0,,,,120,,,,30,100
4301,13,,10,,,200,,0,,,,200,,,,0,100
4301,14,,100,,,250,,0,,,,180,,,20,50,100
4302,5,,50,,7,5,5,4000,,,2,2,,,,3,100
4302,10,,800,,150,350,,0,,,70,150,,,30,250,100
4302,11,,520,,,150,,0,,,,110,,,,40,100
4302,13,,30,,,200,,0,,,,200,,,,0,100
4302,14,,100,,,150,,0,,,,150,,,,0,100
4303,10,,100,,,80,,0,,,,50,,,30,0,
4303,11,,100,,,60,,0,,,,20,,,25,15,
4303,14,,800,,,200,,0,,,,150,,,50,0,
4304,5,1,30,,2,5,,0,,,1,2,,,1,3,
4304,10,,150,,,120,,0,,,,100,20,,,0,
4304,11,,200,,,130,,0,,,,75,,,25,30,
4304,13,,100,,,200,,0,,,,170,,,30,0,
4304,14,,550,,,100,,0,,,,70,,,30,0,
4304,15,,6000,,,3000,,0,,,,,1500,,,1500,
4305,10,,100,,,80,,0,,,,60,,,20,0,
4305,11,,200,,,100,,0,,,,50,,,30,20,
4305,14,,1100,,,100,,0,,,,70,,,30,0,
4306,10,,100,,,70,,0,,,,50,,,,20,
4306,11,,70,,,40,,0,,,,40,,,,0,
4306,14,,130,,,30,,0,,,,30,,,,0,
4307,10,,100,,,120,,0,,,,80,20,,20,0,
4307,11,,150,,,80,,0,,,,50,,,10,20,
4307,14,,950,,,70,,0,,,,50,,,20,0,
4307,15,,3000,,,1500,,0,,,,,1500,,,0,
4308,5,1,20,,,6,,0,,,1,2,,,,3,
4308,10,,100,,,110,,0,,,50,30,,,30,0,
4308,11,,150,,,100,,0,,,,60,,,20,20,
4308,14,,750,,,180,,0,,,,165,,,15,0,
4309,5,1,35,,1,4,,0,,,1,2,,,,2,
4309,10,,200,,,180,,0,,,50,80,,,,50,
4309,11,,200,,,120,,0,,,,100,,,,20,
4309,14,,600,,,30,,0,,,,30,,,,0,
4310,1,,6000,,,650,,0,,,100,,270,30,50,200,
4310,10,,200,,,250,,0,,,50,100,50,,50,0,
4310,11,,200,,,180,,0,,,,120,,,25,35,
4310,13,,100,,,250,,0,,,,200,,,50,0,
4310,14,,800,,,70,,0,,,,50,,,20,0,
4311,5,1,25,,,4,,0,,,1,2,,,,1,
4311,10,,300,,,200,,0,,,50,100,50,,,0,
4311,11,,200,,,150,,0,,,,120,,,,30,
4311,14,,1000,,,50,,0,,,,50,,,,0,
4311,15,,3000,,1000,2000,,0,,,,,1500,,,1500,
4313,1,,13000,,400,4000,800,120000,,,800,,1000,,,1800,
4313,5,,400,400,5,18,,0,,,3,13,,,,7,100
4313,10,,1000,,160,1800,510,71400,,,350,400,,,500,200,
4313,11,,600,600,50,400,,0,,,10,400,,,,40,100
4313,13,,1000,1000,,1200,,0,700,100,,,,400,,0,100
4315,15,,30000,,4000,6000,,0,,,,,7000,,,3000,
4316,5,,150,150,5,15,,0,,,3,12,,,,5,100
4316,10,,400,400,50,500,,0,,,150,230,100,,,70,100
4316,11,,200,200,20,300,,0,,,,290,,,,30,100
4316,14,,250,250,,300,,0,,,,300,,,,0,100
4316,15,,10000,,2000,3500,,0,,,,,3500,,,2000,
4318,1,,25000,,1500,5500,2500,375000,,,700,,2000,,,1800,
4318,5,,100,100,3,12,,0,,,4,1,,,5,5,100
4318,10,,1000,,150,2500,1000,140000,,100,400,370,300,,300,180,60
4318,11,,400,400,60,500,,0,,,10,400,,,80,70,100
4318,13,,1000,1000,,1100,,0,,,,1100,,,,0,100
4318,15,,22500,,2700,6300,,0,,,,,4200,,,4800,
4319,1,,2500,,,600,,0,,,100,,150,,,350,
4319,5,,200,,3,12,,0,,,3,7,,,,5,100
4319,10,,100,,,110,,0,,,,110,,,,0,100
4319,11,,300,,7,320,,0,,,4,300,,,5,18,100
4319,13,,1000,1000,,800,,0,,,,800,,,,0,100
4320,5,,200,,3,15,,0,,,3,10,,,,5,100
4320,10,,300,,,250,,0,,,,250,,,,0,100
4320,11,,100,,20,170,,0,,,,160,,,,30,100
4320,14,,400,,,300,,0,,,,300,,,,0,100
4438,1,,3000,,,800,,0,,,200,600,,,,0,
4438,2,,2000,,,700,,0,,,200,,300,,,200,
4438,10,,1500,,,4000,3300,560000,,,300,100,,,,300,100
4438,11,,500,,,1500,1350,180000,,,,30,20,,,100,100
4438,15,,10000,,,4000,,0,,,,,2000,,,2000,
4439,1,,5000,,,2500,,0,,,400,500,,,,1600,
4439,2,,3000,,,1300,,0,,,300,,400,,,600,
4439,10,,1200,,,3500,2800,450000,,,300,100,50,,,250,100
4439,11,,300,,,700,500,65000,,,,40,,,,160,100
4439,15,1,15000,,,6000,,0,,,,,3000,,,3000,
4440,2,,5000,,,2500,1500,255000,,,300,,400,,,300,
4440,10,,1200,,,3000,2070,370000,,,400,150,50,30,,300,100
4440,11,,800,,,600,400,40000,,,,40,20,,,140,100
4440,15,1,20000,,,6000,,0,,,,,3000,,,3000,
4442,1,,4000,,,1700,440,70000,,,400,540,,,,320,
4442,2,,2000,,,900,,0,,,200,,300,,,400,
4442,10,,700,,,2200,1740,300000,,,,120,40,,,300,100
4442,11,,300,,,180,,0,,,,50,20,,,110,100
4442,15,1,10500,,,4500,,0,,,,,2300,,,2200,
4443,10,,300,,,400,,0,,,,60,,,,340,100
4443,11,,200,,,270,160,20000,,,,40,,,,70,100
4443,15,,1000,,,700,,0,,,,,700,,,0,
4444,10,,1300,,,2000,1200,200000,,,400,80,20,,,300,100
4444,11,,700,,,1200,1050,126000,,,,40,10,,,100,100
4444,15,,15000,,,7000,,0,,,,,3800,,,3200,
4445,2,,2500,,,1300,300,48000,,,300,,400,,,300,
4445,10,,1000,,,2200,1850,300000,,,200,70,30,,50,200,100
4445,11,,500,,,800,600,72000,,,,60,20,,20,100,100
4445,15,1,16500,,,7000,,0,,,,,3300,,,3700,
4446,10,,700,,,1600,1000,150000,,,200,100,,,100,200,100
4446,11,,300,,,600,200,24000,,,,200,,,50,150,100
4446,15,,17000,,,9000,,0,,,,,3700,,,5300,
4447,1,,10000,10000,700,1900,720,115000,,,250,580,280,,,770,100
4447,14,,2500,2500,100,1200,840,250000,,,,250,,,50,160,100
4447,15,1,12500,12500,,4000,,0,,,,,2000,,,2000,100
4448,14,,2000,2000,100,600,360,150000,,,,180,,,40,120,100
4448,15,1,2000,2000,,600,,0,,600,,,,,,0,100
4449,1,,10000,10000,700,1850,500,78000,,100,250,750,100,,,850,100
4449,2,,4000,4000,100,800,,0,,,100,,350,,,450,100
4449,14,,2500,2500,130,760,440,170000,,,,270,,,40,140,100
4449,15,1,11000,11000,,4000,,0,,,,,2000,,,2000,100
4450,1,,8000,8000,750,1450,450,72000,,80,250,300,270,,,850,100
4450,14,,2000,2000,130,820,610,175000,,,,200,,,,140,100
4450,15,1,12000,12000,,4100,,0,,,,,2000,,,2100,100
4451,14,,2500,2500,130,800,540,200000,,,,200,,,50,140,100
4451,15,1,2500,2500,,800,,0,,800,,,,,,0,100
4452,1,,10000,10000,500,1800,490,78000,,100,250,580,280,,,600,100
4452,14,,2000,2000,130,460,240,100000,,,,210,,,20,120,100
4452,15,1,12000,12000,,4000,,0,,,,,2000,,,2000,100
4453,14,,2000,2000,70,480,310,120000,,,,150,,,,90,100
4453,15,1,2000,2000,,700,,0,,700,,,,,,0,100
4454,1,,10000,10000,600,1700,760,118000,,,250,380,250,,,660,100
4454,14,,2500,2500,120,480,300,160000,,,,200,,,,100,100
4454,15,1,2500,2500,,400,400,20000,,,,,,,,0,100
4455,14,,2000,2000,100,420,240,100000,,,,140,,,30,110,100
4455,15,1,2000,2000,,800,,0,,800,,,,,,0,100
4465,9,,200,,,1500,1500,100000,,,,,,,,0,100
4465,11,,2000,,,100,,0,,,,100,,,,0,100
4465,13,,200,,,50,,0,,,,30,,,20,0,100
4466,11,,3000,1000,,500,300,90000,,,,100,,,,100,100
4466,13,,3000,3000,,1500,600,80000,,,,200,,,,600,100
4467,9,,1000,,,100000,100000,5000000,,,,,,,,0,100
4467,11,,600,,,2000,1200,420000,,,,500,,,,300,100
4468,9,,1400,,,70000,60000,12000000,,,,,,10000,,0,100
4468,11,,1600,1600,,5600,5000,1250000,,,,600,,,,0,100
4469,11,,600,,,200,,0,,,,150,,,50,0,100
4469,14,,4000,4000,,300,200,60000,,,,100,,,,0,100
4470,9,,1400,,,2000,2000,50000,,,,,,,,0,100
4470,11,,250,,,100,,0,,,,50,,,,50,100
4470,13,,50,,,50,,0,,,,30,,,,20,100
4470,14,,100,,,30,,0,,,,10,,,,20,100
4473,11,,1800,1800,,6300,5800,1740000,,,,500,,,,0,100
4474,11,1,2000,,,1500,1400,700000,,,,100,,,,0,100
4475,11,1,2000,,,950,900,450000,,,,50,,,,0,100
4475,14,,3000,3000,,,,0,,,,,,,,0,100
4477,11,,5000,5000,,3500,3300,660000,,,,150,,,50,0,100
4477,13,,200,200,,20,,0,,,,20,,,,0,100
4477,14,,600,600,,10,,0,,,,10,,,,0,100
4478,11,,1000,,,200,,0,,,,200,,,,0,100
4478,13,,5000,5000,,3000,2000,400000,,500,,200,,100,,200,100
4478,14,,5000,5000,,1100,800,320000,,,,100,,,,200,100
4478,15,,9000,9000,,10000,6000,480000,,,,,2000,,,2000,100
4479,11,1,2800,2200,,3000,2750,1375000,,,,250,,,,0,100
4480,11,,500,,,130,,0,,,,130,,,,0,100
4480,13,,200,,,50,,0,,,,50,,,,0,100
4480,14,,300,,,,,0,,,,,,,,0,100
4481,1,,2000,2000,,1500,1000,150000,,,,,200,,,300,100
4481,11,1,2400,1000,,2000,1700,850000,,,,150,,50,100,0,100
4481,13,,2000,2000,,2000,1500,300000,,,,100,,100,100,200,100
4481,14,,1000,1000,,500,450,90000,,,,40,,,10,0,100
4501,14,,1000,1000,,250,,0,,,,200,,,50,0,100
4510,11,,2300,1000,,3300,3220,225400,,,,80,,,,0,100
4511,11,,2000,2000,,3100,3000,1000000,,,,100,,,,0,100
4512,11,,1300,1300,,2700,2580,258000,,,,120,,,,0,100
4513,11,,1000,,,1850,1790,143200,,,,60,,,,0,100
4514,11,,3300,3300,,4200,4100,328000,,,,100,,,,0,100
4516,11,,3000,3000,,5200,4950,396500,,,,250,,,,0,100
4517,11,,1000,,,1800,1700,170000,,,,100,,,,0,100
4518,11,,4000,2800,,5200,5050,404000,,,,150,,,,0,100
4519,11,,2100,2100,,7000,6000,500000,,,,1000,,,,0,100
4519,13,,1400,1400,,2800,2500,450000,,,,300,,,,0,100
4519,14,,1000,1000,,1000,500,130000,,,,500,,,,0,100
4521,11,,700,700,,800,,0,,,,800,,,,0,100
4521,14,,1300,1300,,1000,,0,,,,1000,,,,0,100
4522,11,,1000,1000,,900,,0,,,,900,,,,0,100
4522,14,,1000,1000,,800,,0,,,,800,,,,0,100
4524,11,,750,,,1000,,0,,,,1000,,,,0,100
4524,14,,750,,,1000,,0,,,,1000,,,,0,100
4525,11,,700,700,,1000,,0,,,,1000,,,,0,100
4525,14,,800,800,,700,,0,,,,700,,,,0,100
4526,11,,1500,1500,,5000,4000,350000,,,,1000,,,,0,100
4526,14,,1000,1000,,1000,,0,,,,1000,,,,0,100
4527,11,,600,600,,800,,0,,,,800,,,,0,100
4527,14,,600,600,,700,,0,,,,700,,,,0,100
4546,10,,1190,1190,700,1400,800,160000,,,480,150,,20,,650,100
4546,11,,5,5,30,70,,0,,,,60,,20,,20,100
4546,14,,5,5,40,100,,0,,,,60,,20,,60,100
4547,10,,1450,1450,900,1750,1400,280000,,,600,150,150,50,,300,100
4547,11,,30,30,70,330,150,37500,,,,60,40,30,,120,100
4547,14,,20,20,70,260,200,50000,,,,60,20,10,,40,100
4547,15,,20000,,3000,3500,,0,,,,,3500,,,3000,
4548,10,,1180,1180,900,1400,1000,200000,,,480,150,100,30,,540,100
4548,11,,15,15,140,200,200,50000,,,,60,20,20,,40,100
4548,14,,5,5,50,100,,0,,,,50,30,20,,50,100
4548,15,,20000,,3500,4500,,0,,,,,4000,,,4000,
4549,10,,1190,1190,800,1300,1000,200000,,,480,200,,20,,400,100
4549,11,,5,5,30,60,,0,,,,50,,20,,20,100
4549,14,,5,5,40,60,,0,,,,40,,30,,30,100
4550,10,,1180,1180,800,1300,1000,200000,,,480,200,100,20,,300,100
4550,11,,15,15,120,180,200,50000,,,,50,30,10,,10,100
4550,14,,5,5,40,90,,0,,,,60,20,20,,30,100
4550,15,,20000,,3000,4500,,0,,,,,3500,,,4000,
4551,10,,1470,1470,900,1800,1200,240000,,,600,200,,50,,650,100
4551,11,,20,20,60,200,100,25000,,,,50,,20,,90,100
4551,14,,10,10,50,150,50,15000,,,,60,,20,,70,100
4552,10,,1190,1190,700,1300,800,160000,,,480,150,,20,,550,100
4552,11,,5,5,30,80,,0,,,,70,,20,,20,100
4552,14,,5,5,40,100,,0,,,,60,,30,,50,100
4553,10,,1160,1160,600,1000,700,140000,,,440,150,,20,,290,100
4553,11,,30,30,50,150,80,20000,,,,50,,10,,60,100
4553,14,,10,10,50,130,70,21000,,,,70,,20,,20,100
4554,10,,1450,1450,850,1800,1400,280000,,,600,200,150,50,,250,100
4554,11,,30,30,70,300,150,37500,,,,60,30,20,,110,100
4554,14,,20,20,80,250,200,50000,,,,50,20,10,,50,100
4554,15,,20000,,2500,4000,,0,,,,,3500,,,3000,
4555,10,,650,650,300,850,300,33000,,,300,180,,30,,340,100
4555,11,,30,30,,190,,0,,,,60,,,,130,100
4555,14,,20,20,,600,,0,,,,80,,100,,420,100
4556,10,,750,750,3200,1500,1900,280000,,,400,300,400,100,,1600,100
4556,11,,20,20,,100,,0,,,,60,,,,40,100
4556,14,,30,30,,400,,0,,,,120,60,40,,180,100
4556,15,,20000,,3200,7000,,0,,,,,6500,,,3700,
4557,10,,1750,1750,4320,4500,6000,720000,,,850,270,,,,1700,100
4557,11,,20,20,,630,528,105600,,,2,80,,,,20,100
4557,14,,30,30,20,900,370,74000,,,,190,,200,,160,100
4558,10,,350,350,200,550,,0,,,200,220,100,30,,300,100
4558,11,,20,20,,160,,0,,,,80,,,,80,100
4558,14,,30,30,,600,300,60000,,,,100,,,,200,100
4559,10,,770,770,7290,2000,6220,746400,,,400,270,,,,2400,100
4559,11,,10,10,,180,,0,,,,80,,,,100,100
4559,14,,20,20,100,1800,940,188000,,,,160,,200,,600,100
4560,10,,950,950,2200,2000,2040,244800,,,400,160,600,,,1000,100
4560,11,,30,30,,200,,0,,,,110,,,,90,100
4560,14,,20,20,,600,200,40000,,,,100,200,,,100,100
4561,10,,750,750,3300,1600,3220,386400,,,350,280,400,50,,600,100
4561,11,,20,20,,300,,0,,,,60,100,20,,120,100
4561,14,,30,30,,1800,1170,234000,,,,130,300,,,200,100
4562,10,,760,760,3300,2000,2700,324000,,,400,300,600,100,,1200,100
4562,11,,30,30,,400,180,36000,,,,80,50,30,,90,100
4562,14,,10,10,,2000,1390,278000,,,,160,300,,,150,100
4563,10,,560,560,200,1600,370,44400,,,300,200,430,,,500,100
4563,11,,30,30,,200,,0,,,,100,40,,,60,100
4563,14,,10,10,,600,,0,,,,160,200,,,240,100
4573,5,1,100,,15,35,30,30000,,,3,10,,,2,5,100
4573,10,,1500,,500,2000,1500,210000,,,,300,200,100,100,300,100
4573,11,,500,,80,400,100,20000,,,,100,100,50,30,100,100
4573,14,,500,,100,900,400,80000,,,,200,250,,50,100,100
4573,15,,9000,,,4000,,0,,,,,1000,,,3000,
4574,5,1,30,,4,10,,0,,,2,7,,,,5,100
4574,10,,1200,,600,1500,500,60000,,,500,400,,,100,600,100
4574,11,,400,,100,300,,0,,,,200,100,,,100,100
4574,14,,400,,60,100,,0,,,,100,,,10,50,100
4574,15,,4000,,1000,2500,,0,,,,,1500,,,2000,
4575,10,,150,,30,90,,0,,,,120,,,,0,100
4575,11,,150,,20,70,,0,,,,90,,,,0,100
4575,14,,200,,50,200,,0,,,,150,,30,70,0,100
4577,10,,500,,150,400,,0,,,,400,,,,150,
4577,11,,200,,100,200,,0,,,,200,,,50,50,
4577,14,,300,,50,200,,0,,,,150,,50,,50,
4578,10,,100,,,60,,0,,,,60,,,,0,100
4578,11,,100,,,30,,0,,,,30,,,,0,100
4578,14,,200,,,100,,0,,,,80,,20,,0,100
4591,15,,16500,,4000,3200,,0,,,,,4200,,,3000,
4599,15,1,9000,,2600,3000,2600,104000,,,,,400,,,2600,
4618,11,,200,200,,70,,0,,,,70,,,,0,100
4618,14,,600,600,100,170,,0,,,,150,,,,120,100
4618,16,,1200,1200,,5200,5000,650000,,,20,20,,,160,0,100
4619,10,,100,100,,70,,0,,,,70,,,,0,100
4619,11,,250,250,,100,,0,,,,100,,,,0,100
4619,14,,500,500,50,200,,0,,,,130,,20,20,80,100
4619,16,,1300,1300,400,4000,4100,533000,,,,50,,20,80,150,100
4620,11,,100,100,,40,,0,,,,40,,,,0,100
4620,14,,400,400,40,120,,0,,,,130,,,,30,100
4620,16,,2000,2000,,7000,7000,910000,,,,,,,,0,100
4621,10,,50,50,,70,,0,,,,70,,,,0,100
4621,11,,100,100,,60,,0,,,,60,,,,0,100
4621,14,,170,170,,100,,0,,,,100,,,,0,100
4621,16,,680,680,,2500,1400,182000,,,,50,,,50,1000,100
4622,14,,500,500,,250,,0,,,,200,,,,50,100
4622,16,,1500,1500,,3000,2800,364000,,,,100,,100,,0,100
4623,11,,200,200,,50,,0,,,,30,,,,20,100
4623,14,,200,200,,170,,0,,,,170,,,,0,100
4623,16,,800,800,,2200,2000,260000,,,,20,,80,100,0,100
4624,11,,2000,2000,,10000,10000,12000000,,,,,,,,0,100
4624,14,,1000,1000,70,300,,0,,,,200,,,,170,100
4624,16,,1600,1600,,10000,10000,1300000,,,,,,,,0,100
4625,10,,100,100,,50,,0,,,,50,,,,0,100
4625,11,,200,200,,70,,0,,,,70,,,,0,100
4625,14,,500,500,,150,,0,,,,150,,,,0,100
4625,16,,200,200,,500,450,58500,,,,50,,,,0,100
4626,10,,300,300,,120,,0,,,,120,,,,0,100
4626,14,,1200,1200,50,450,,0,,,,400,,,,100,100
4654,1,,5000,,,1400,700,95000,,,,400,,,,300,
4654,10,,9000,9000,,28000,23600,2500000,,,1000,400,,,,3000,100
4654,11,,800,800,,4000,3000,450000,,,,200,,600,,200,100
4655,10,,1000,1000,400,2400,1600,200000,,,400,500,,,,300,100
4655,11,,400,400,200,2200,1500,185000,,,,300,300,,,300,100
4656,1,,6000,,,1500,1000,140000,,,300,,,,,200,
4656,10,,1000,1000,,2600,2000,240000,,,400,100,,,,100,100
4656,11,,300,300,,1700,1500,185000,,,,160,,,,40,100
4657,1,,5000,,,1400,800,110000,,,200,,,,,400,
4657,2,,4000,,,1200,500,68000,,,200,,400,,,100,
4657,10,,1500,1500,400,3600,2000,250000,,,600,600,400,,,400,100
4657,11,,700,700,300,3200,2200,300000,,,,600,400,,,300,100
4657,16,1,9000,,,3000,,0,,,,,2500,,,500,
4658,1,,5000,,,1400,600,80000,,,200,100,200,,,300,
4658,10,,1400,1400,300,3100,2000,240000,,,600,400,100,,,300,100
4658,11,,300,300,,1700,1000,125000,,,,200,300,,,200,100
4658,16,1,5000,,,2000,,0,,,,,1500,,,500,
4659,10,,1400,1400,150,3700,2600,320000,,,600,400,,100,,150,100
4659,11,,1000,1000,,4800,4000,460000,,,,400,,400,,0,100
4660,1,,8000,,,2100,900,120000,,400,300,100,,,,400,
4660,2,,5000,,,1300,600,80000,,,300,,200,,,200,
4660,10,,1500,1500,300,3500,2500,400000,,,600,400,,,,300,100
4660,11,,300,300,200,1600,1000,120000,,,,400,200,,,200,100
4660,16,1,13000,,,3000,,0,,,,,2000,,,1000,
4661,1,,10000,,,2600,1000,140000,,600,400,400,,,,200,
4661,2,,4000,,,1200,500,70000,,,200,,400,,,100,
4661,10,,1500,1500,200,3200,2000,230000,,,600,600,,,,200,100
4661,11,,200,200,70,1100,500,65000,,,,400,200,,,70,100
4661,16,1,14000,,,4000,,0,,,,,3000,,,1000,
4662,1,,8000,,,2000,1000,140000,,500,300,,,,,200,
4662,2,,5000,,,1200,1000,130000,,,200,,,,,0,
4662,10,,1500,1500,200,3200,2300,270000,,,600,300,,,,200,100
4662,11,,300,300,,1500,1100,135000,,,,300,,100,,0,100
4664,1,,11500,,,1200,,0,,,500,250,100,,,350,
4664,2,,10000,,,1300,,0,,,400,,300,,,600,
4664,15,,20000,,,2500,,0,,,,,2500,,,0,
4664,16,,10000,,,700,,0,,,,,700,,,0,
4665,2,,10000,,,1300,,0,,,500,,200,,,600,0
4665,15,,25000,,,2500,,0,,,,,500,,,2000,0
4665,16,1,10000,,,700,,0,,,,,700,,,0,0
4666,1,,10000,,,1500,,0,,,500,200,150,,,650,0
4666,2,,5000,,,600,,0,,,400,,100,,,100,0
4666,15,,15000,,,1500,,0,,,,,1500,,,0,0
4666,16,1,5000,,,400,,0,,,,,400,,,0,0
4667,1,,11000,,,1500,,0,,,500,200,150,,,650,0
4667,15,,20000,,,4000,,0,,,,,2000,,,2000,0
4668,2,,14000,,,1700,1000,130000,,,500,,100,,,100,0
4668,15,,20000,,,2500,,0,,,,,500,,,2000,0
4668,16,1,14000,,,1200,1200,60000,,,,,,,,0,0
4670,2,,14500,,,2000,1000,130000,,,600,,200,,,200,0
4670,15,,20000,,,2000,,0,,,,,2000,,,0,
4670,16,1,14500,,,1000,,0,,,,,1000,,,0,
4671,1,,5800,,,800,,0,,,,150,150,,,500,
4671,2,,10000,,,1300,,0,,,500,,200,,,600,
4671,15,,20000,,,1800,,0,,,,,1800,,,0,
4671,16,1,10000,,,700,,0,,,,,700,,,0,
4672,14,,150,,,100,,0,,,,70,,,,30,100
4673,13,,25,,,28,,0,,,,18,,,,10,100
4673,14,,100,,,100,,0,,,,80,,,,20,100
4674,14,,150,,,150,,0,,,,100,,,,50,100
4675,14,,300,,,200,,0,,,,100,,,50,50,100
4676,14,,200,,,160,,0,,,,70,,,20,70,100
4678,14,,100,,,100,,0,,,,80,,,,20,100
4679,14,,300,,,280,,0,,,,150,,,20,110,100
4680,14,,100,,,120,,0,,,,80,,,,40,100
4681,1,,21000,,1000,6000,3000,360000,,,700,1700,100,,,1500,
4681,2,,20000,,,4500,2500,300000,,,500,,800,,,700,
4681,5,1,300,,15,60,15,20000,,,15,25,,,,20,100
4681,10,,1200,,600,2100,1000,130000,,,300,800,,,,600,100
4681,11,,500,,160,1400,1100,66000,,,,240,,,,220,100
4681,14,,200,,60,250,,0,,,,150,,,,160,100
4681,15,,50000,,10000,23000,,0,,,,,20000,,,13000,
4682,5,,100,,5,22,,0,,,5,10,,,3,9,100
4682,10,,800,,300,1500,600,86000,,,200,450,150,,100,300,100
4682,11,,400,,120,800,500,35000,,,,140,80,,50,150,100
4682,14,,200,,60,450,,0,,,,300,,10,50,150,100
4683,5,,200,,4,35,20,26000,,,7,3,,,5,4,100
4683,10,1,700,,150,1300,700,90000,,,250,150,,,150,200,100
4683,11,,400,,80,250,100,7000,,,,60,,40,50,80,100
4683,14,,100,,60,140,50,15000,,,,40,,,60,50,100
4684,1,,23500,,300,6500,5000,700000,,,800,500,100,,,400,
4684,2,,20000,,500,4300,3000,360000,,,500,,600,,,700,
4684,5,,300,,6,54,25,33000,,,15,7,,,3,10,100
4684,10,,500,,300,800,300,40000,,,200,300,100,,,200,100
4684,11,,500,,70,1300,1100,70000,,,,100,70,,,100,100
4684,14,,200,,40,250,100,25000,,,,80,,,10,100,100
4684,15,,20000,,7000,12000,,0,,,,,11000,,,8000,
4685,2,,15000,,300,3200,2100,250000,,,400,,400,,,600,
4685,5,,300,,8,60,25,32000,,,15,10,,,5,13,100
4685,10,,500,,300,1200,500,65000,,,200,250,150,,100,300,100
4685,11,,700,,100,1500,1100,70000,,,,130,170,,,200,100
4685,14,,200,,60,240,,0,,,,200,,,,100,100
4685,15,1,5000,,2000,6000,,0,,,,,5000,,,3000,
4686,1,,50000,,500,15000,12000,1600000,,200,1600,1000,200,,,500,
4686,2,,30000,,3000,7000,,0,,,,,6500,,,3500,
4686,5,,300,,8,75,35,46000,,,20,10,,,8,10,100
4686,10,,800,,400,2000,800,100000,,,300,300,300,,200,500,100
4686,11,,200,,100,700,300,30000,,,,100,200,,100,100,100
4686,14,,200,,60,200,,0,,,,130,,,50,80,100
4686,15,,405000,,40000,82000,,0,,,,,80000,,,42000,
4687,1,,15000,,300,2800,1200,150000,,,500,900,50,,,450,0
4687,2,,22000,,400,3900,3200,385000,,,500,,300,,,300,0
4687,5,,200,,8,38,16,20000,,,10,10,,,,10,100
4687,10,,800,,250,1400,700,85000,,,250,350,100,,50,200,100
4687,11,,400,,90,350,120,14000,,,,150,40,,,130,100
4687,14,,100,,50,250,,0,,,,200,,,,100,100
4687,15,,10000,,4000,7000,,0,,,,,7000,,,4000,0
4688,1,,20000,,300,5600,4000,500000,,,700,550,100,,,550,
4688,2,,25000,,600,6000,3600,430000,,,700,,1300,,,1000,
4688,5,,400,,6,70,30,40000,,,15,8,,,10,13,100
4688,10,,1000,,400,1600,900,130000,,,300,300,,,200,300,100
4688,11,,300,,100,500,200,15000,,,,130,,,100,170,100
4688,14,,300,,70,300,100,25000,,,,120,,,50,100,100
4688,15,,80000,,15000,35000,,0,,,,,30000,,,20000,
4689,5,,100,,5,16,,0,,,4,7,,,3,7,100
4689,10,,500,,200,700,,0,,,200,350,150,,,200,100
4689,11,,200,,70,130,,0,,,,120,,,,80,100
4689,14,,200,,50,250,,0,,,,200,,,,100,100
4689,15,,6000,,1200,2200,,0,,,,,2100,,,1300,0
4700,10,,100,100,,80,,0,,,,80,,,,0,100
4700,11,,300,300,,200,,0,,,,180,,,20,0,100
4700,14,,400,400,,600,,0,,,,520,,,50,30,100
4701,10,,100,100,,60,,0,,,,60,,,,0,100
4701,11,,200,200,,150,,0,,,,130,,,10,10,100
4701,14,,300,300,,420,,0,,,,350,,20,30,20,100
4702,10,,100,100,,80,,0,,,,80,,,,0,100
4702,11,,200,200,,140,,0,,,,130,,,,10,100
4702,14,,200,200,,300,,0,,,,250,,,50,0,100
4703,10,,200,200,,160,,0,,,20,140,,,,0,100
4703,11,,200,200,,150,,0,,,10,130,,10,,0,100
4703,14,,400,400,,350,,0,,,,230,,20,70,30,100
4704,10,,200,200,,150,,0,,,,150,,,,0,100
4704,11,,200,200,,140,,0,,,,130,,,,10,100
4704,14,,400,400,,300,,0,,,,280,,,,20,100
4705,11,,200,200,,150,,0,,,10,130,,,10,0,100
4705,14,,400,400,,350,,0,,,,300,,,50,0,100
4706,10,,100,100,,80,,0,,,,60,,10,10,0,100
4706,11,,300,300,,200,,0,,,,170,,,30,0,100
4706,14,,200,200,,300,,0,,,,270,,,30,0,100
4707,11,,200,200,,120,,0,,,5,115,,,,0,100
4707,14,,600,600,,750,,0,,,,750,,,,0,100
4708,1,,3000,,,150,,0,,,,,,,,150,
4708,2,,10000,,,400,,0,,,150,,200,,,50,
4708,3,,5000,,,300,,0,,,200,,100,,,0,
4708,5,,10,,,5,,0,,,,1,,,3,1,100
4708,10,,150,,,200,,0,,,,40,,,100,60,100
4708,11,,150,,,180,,0,40,,,60,,,50,30,100
4708,12,,20,,,10,,0,5,,,,,,5,0,100
4708,14,,3670,,,100,,0,30,,,40,,,,30,100
4708,15,,22000,,,6000,,0,,,,,2000,,,4000,
4709,2,,5000,,,400,,0,,,,,200,,,200,
4709,5,,20,,,6,,0,,,,2,,,1,3,100
4709,10,,150,,,180,,0,,,,60,,,,120,100
4709,11,,100,,,130,,0,50,,,60,,,,20,100
4709,12,,30,,,20,,0,10,,,,,,,10,100
4709,14,,800,,,400,200,120000,50,,,70,,,40,40,100
4709,15,,11100,,,7000,,0,,,,,3000,,,4000,0
4710,1,,6000,,,150,,0,150,,,,,,,0,
4710,2,,5000,,,200,,0,,,,,100,,,100,
4710,3,,4000,,,300,,0,,,100,,100,,,100,
4710,5,,10,,,3,,0,,,,1,,,,2,100
4710,10,,150,,,160,,0,,,40,40,,,30,50,100
4710,11,,100,,,70,,0,20,,,40,,,,10,100
4710,12,,40,,,30,,0,10,,,,,,10,10,100
4710,14,,2100,,,120,,0,40,,,30,,,20,30,100
4710,15,,15000,,,8000,,0,,,,,3000,,,5000,
4711,3,,10000,,,300,,0,,,,,150,,,150,
4711,5,,10,,,5,,0,,,,2,,,,3,100
4711,10,,490,,,180,,0,,,,70,,,,110,100
4711,11,,500,,,120,,0,40,,,60,,,,20,100
4711,14,,2000,,,400,200,80000,50,,,100,,,,50,100
4711,15,,10000,,,4000,,0,,,,,1500,,,2500,
4712,2,,5000,,,400,,0,,,100,,50,,,250,0
4712,3,,5000,,,400,,0,,,100,,100,,,200,0
4712,5,,10,,,4,,0,,,,2,,,,2,100
4712,10,,250,,,300,,0,,,,200,,,,100,100
4712,11,,80,,,100,,0,20,,,70,,,,10,100
4712,12,,10,,,5,,0,,,,5,,,,0,100
4712,14,,750,,,100,,0,20,,,60,,,,20,100
4712,15,,10000,,,4000,,0,,,,,1500,,,2500,0
4713,2,,10000,,,800,,0,,,200,,300,,,300,0
4713,3,,6000,,,800,,0,,,200,,300,,,300,0
4713,5,,10,,,3,,0,,,,1,,,,2,100
4713,10,,150,,,200,,0,,,,60,,,20,120,100
4713,11,,80,,,100,,0,40,,,40,,,,20,100
4713,12,,10,,,100,,0,30,,,30,,,20,20,100
4713,14,,3750,,,200,40,20000,40,,,50,,,20,50,100
4713,15,,10000,,,6000,,0,,,,,3000,,,3000,0
4714,3,,8000,,,400,,0,,,,,100,,,300,
4714,5,,20,,,4,,0,,,,2,,,,2,100
4714,10,,180,,,200,,0,,,,60,,,40,100,100
4714,11,,100,,,120,,0,40,,,40,,,20,20,100
4714,14,,3700,,,300,100,75000,50,,,100,,,,50,100
4714,15,,4800,,,8000,,0,,,,,3000,,,5000,
4715,5,,10,,,2,,0,,,,1,,,,1,100
4715,10,,70,,,60,,0,,,,20,,,,40,100
4715,11,,60,,,50,,0,10,,,30,,,,10,100
4715,12,,10,,,5,,0,5,,,,,,,0,
4715,14,,3850,,,80,20,20000,10,,,30,,,,20,100
4715,15,,8000,,,3000,,0,,,,,1000,,,2000,0
4716,3,,1300,,,350,,0,,,,,350,,,0,0
4716,5,,50,,,10,,0,,,,3,,,,7,100
4716,10,,430,,,200,,0,,,,100,,,,100,100
4716,11,,200,,,100,,0,30,,,70,,,,0,100
4716,12,,20,,,10,,0,,,,10,,,,0,100
4716,14,,0,,,360,100,120000,60,,,100,,,30,70,100
4716,15,,25000,,,6000,,0,,,,,3000,,,3000,0
4717,10,,200,200,,250,,0,,,,180,,,,70,100
4717,11,,200,200,,160,,0,,,,100,,,,60,100
4717,13,,300,200,,130,,0,100,,,30,,,,0,
4717,14,,600,600,,350,100,150000,,,,100,,,,150,100
4717,15,,5000,5000,,2000,,0,,,,,2000,,,0,100
4718,10,,300,300,,360,,0,,,,160,,,50,150,100
4718,11,,200,200,,110,,0,,,,70,,,,40,100
4718,14,,2000,2000,,600,300,75000,,,,70,,,100,130,100
4719,10,,200,200,,260,,0,,,,120,,,,140,100
4719,11,,200,200,,110,,0,,,,70,,,,40,100
4719,14,,400,400,,200,,0,,,,100,,,,100,100
4720,1,,4000,4000,,1500,,0,,,100,1000,,,,400,100
4720,11,,100,100,,80,,0,,,,60,,,,20,100
4720,14,,200,200,,200,,0,,,,100,,,,100,100
4720,15,,4300,4300,,1500,,0,,,,,1500,,,0,100
4721,11,,300,300,,160,,0,,,,100,,,,60,100
4721,14,,1000,1000,,450,100,25000,,,,100,,,100,150,100
4722,10,,200,200,,270,,0,,,,170,,,,100,100
4722,11,,200,200,,140,,0,,,,90,,,,50,100
4722,14,,600,600,,450,250,125000,,,,120,,,,80,100
4722,15,,5000,5000,,2000,,0,,,,,2000,,,0,100
4723,10,,200,200,,240,,0,,,,140,,,,100,100
4723,11,,300,300,,150,60,15000,,,,50,,,,40,100
4723,14,,1500,1500,,480,200,80000,,,,80,,,100,100,100
4723,15,,4000,4000,,1700,1700,190000,,,,,,,,0,100
4724,11,,100,100,,60,,0,,,,60,,,,0,100
4724,14,,700,700,,500,250,130000,,,,80,,,,170,100
4725,10,,300,300,370,,,0,,,30,200,,,,140,100
4725,11,,200,200,,140,50,12500,,,,50,,,,40,100
4725,14,,700,700,,450,250,62500,,,,80,,,,120,100
4726,5,,300,,7,19,,0,,,2,10,,,,14,100
4726,10,,700,,140,750,,0,,,320,290,,50,50,180,100
4726,11,,400,,35,270,,0,,,5,270,,,,30,100
4726,14,,300,,20,350,,0,,,,,320,,,50,100
4726,15,,11300,,1700,2800,,0,,,,,2700,,,1800,
4727,5,,350,,4,30,,0,,,3,10,,,5,16,100
4727,10,,550,,170,660,,0,,,230,335,100,,,165,100
4727,11,,350,,40,275,,0,,,5,255,,,10,45,100
4727,14,,250,,30,270,,0,,,,270,,,3,27,100
4727,15,,2000,,,500,500,20000,,,,,,,,0,
4727,16,,400,,,220,,0,,,,,220,,,0,100
4728,5,,500,,13,45,16,12800,,,8,15,,,5,14,100
4728,10,,500,,100,540,,0,,,190,200,65,,70,115,100
4728,11,,500,,30,400,,0,,,7,133,,,240,50,100
4728,14,,500,,45,350,,0,,,,345,,,,50,100
4728,15,,23000,,2700,6400,,0,,,,,4600,,,4500,
4729,5,,100,,3,15,,0,,,5,10,,,,3,100
4729,10,,600,,120,750,,0,,,280,340,105,,,145,100
4729,11,,150,,40,180,,0,,,10,100,,,,110,100
4729,14,,150,,40,200,,0,,,,210,,,,30,100
4729,15,,17000,,1500,4400,,0,,,,,2900,,,3000,
4730,5,,400,,5,40,10,10000,,,3,15,,,10,7,100
4730,10,,600,,80,900,,0,,,300,300,210,,,170,100
4730,11,,200,,40,220,,0,,,5,215,,,,40,100
4730,14,,200,,30,170,,0,,,,160,,,,40,100
4730,15,,22600,,1900,6500,,0,,,,,3900,,,4500,
4732,5,,200,,3,20,,0,,,4,10,,,,9,100
4732,10,,500,,110,540,,0,,,230,200,100,,,120,100
4732,11,,200,,30,270,,0,,,5,220,,,,75,100
4732,14,,100,,30,200,,0,,,,180,,,,50,100
4732,15,,22000,,2000,5500,,0,,,,,3600,,,3900,
4733,5,,100,,4,10,,0,,,1,8,,,,5,100
4733,10,,200,,50,300,,0,,,70,240,,,,40,100
4733,11,,100,,5,250,,0,,,4,240,,,,11,100
4733,14,,100,,,250,,0,,,,250,,,,0,100
4734,1,,2000,,100,450,,0,,,180,,180,,,190,
4734,5,,200,,5,14,,0,,,4,8,,,,7,100
4734,10,,500,,90,675,,0,,,190,335,100,,,140,100
4734,11,,150,,10,180,,0,,,5,148,,,,37,100
4734,14,,150,,43,180,,0,,,,198,,,,25,100
4734,15,,27000,,5400,7900,,0,,,,,7400,,,5900,
4736,5,1,30,,3,3,,0,,,1,3,,,,2,100
4736,10,,400,,,250,,0,,,,140,30,,,80,
4736,11,,200,,,150,,0,,,,110,,,10,30,100
4736,13,,50,,,80,,0,,,,70,,,10,0,
4736,14,,350,,,100,,0,,,,80,,,20,0,
4737,1,,1000,,,300,,0,,,100,,100,,,100,
4737,5,1,20,,,6,,0,,,1,3,,,,2,100
4737,10,,100,,,120,,0,,,,80,20,,20,0,
4737,11,,100,,,80,,0,,,,50,,,10,20,100
4737,14,,300,,,200,,0,,,,190,,,10,0,
4738,5,1,50,,,15,,0,,,2,6,,,2,5,100
4738,10,,300,,,250,,0,,,100,100,50,,,0,
4738,11,,200,,,200,,0,,,,150,,,20,30,100
4738,13,,2000,,,600,,0,,,,550,,,50,0,
4738,14,,400,,,100,,0,,,,70,,,30,0,
4739,5,1,20,,,6,,0,,,1,3,,,,2,100
4739,10,,200,,,150,,0,,,,120,30,,,0,
4739,11,,200,,,120,,0,,,,90,,,10,20,100
4739,14,,600,,,500,,0,,,,470,,,30,0,
4740,5,1,50,,,10,,0,,,1,3,,,3,3,100
4740,10,,500,,,400,,0,,,100,100,50,,50,100,
4740,11,,500,,,250,,0,,,,170,,,50,30,100
4740,14,,500,,,150,,0,,,,100,,,50,0,
4740,16,,1000,1000,,150,,0,,,10,50,,,,90,100
4741,1,,3000,,,350,,0,,,70,,180,,,100,
4741,5,1,50,,,25,15,12000,,,3,4,,,1,2,100
4741,10,,500,,,300,,0,,,100,100,30,,,70,
4741,11,,500,500,,550,300,120000,,,,175,,,25,50,100
4741,13,,100,,,200,,0,,,,170,,,30,0,
4741,14,,900,,,350,50,15000,,,,280,,,20,0,
4741,16,,1000,,,250,,0,,,10,,140,,,100,
4742,5,1,20,,,5,,0,,,1,2,,,,2,100
4742,10,,100,,,90,,0,,,,70,20,,,0,
4742,11,,200,,,120,,0,,,,90,,,10,20,100
4742,14,,200,,,50,,0,,,,50,,,,0,
4743,5,1,30,,2,5,,0,,,1,2,,,1,3,100
4743,10,,100,,,110,,0,,,30,60,20,,,0,
4743,11,,100,,,80,,0,,,,50,,,10,20,100
4743,13,,50,,,100,,0,,,,80,,,10,10,
4743,14,,550,,,200,,0,,,,180,,,20,0,
4870,14,,1000,1000,,500,200,150000,,,,200,,,,100,100
4870,15,,6000,1000,,3000,,0,,,,,300,,,2700,10
4871,14,,500,500,,300,,0,,,,170,,,,130,100
4871,15,,1500,1500,,700,,0,,,,,200,,,500,100
4872,2,,5000,,,2000,1000,180000,,,300,,400,,,300,
4872,14,,1000,1000,,500,100,80000,,,,200,,,,200,100
4872,15,,6000,1000,,3000,,0,,,,,400,,,2600,10
4873,14,,1000,1000,,400,,0,,,,100,,,,300,100
4875,14,,500,500,,700,400,300000,,,,100,30,,,170,100
4875,15,,7500,1500,,5000,,0,,,,,600,,,4400,15
4876,14,,500,500,,300,,0,,,,150,,,,150,100
4876,15,,11500,1500,,7000,,0,,,,,500,,,6500,15
4877,2,,5000,,,2000,700,130000,,,400,,600,,,300,
4877,14,,300,300,,370,200,200000,,,,50,,,,120,100
4877,15,,6700,1700,,8000,,0,,,,,500,,,7500,17
4878,14,,500,500,,400,200,250000,,,,100,,,,100,100
4878,15,,9500,2500,,8500,,0,,,,,500,,,8000,25
4879,1,,10000,,680,1900,400,60000,,80,250,900,250,,,700,
4879,14,,800,,80,270,,0,,,,250,,,20,80,
4879,15,1,800,,,260,260,14000,,,,,,,,0,
4880,14,,800,,60,200,,0,,,,190,,,,70,
4880,15,1,800,,,200,200,10000,,,,,,,,0,
4881,14,,800,,60,240,,0,,,,220,,,,80,
4881,15,1,800,,,250,250,14000,,,,,,,,0,
4882,14,,800,,70,250,,0,,,,210,,,20,90,
4882,15,1,800,,,250,,0,,250,,,,,,0,
4888,10,,2000,,600,1800,780,117000,,120,600,200,,,,700,
4889,1,,13000,,780,2200,680,109000,,100,250,590,300,,60,1000,
4889,10,,2000,,600,1900,400,60000,,100,700,300,,,100,900,
4889,15,,10000,,,3800,,0,,,,,1900,,,1900,
4890,1,,10000,,500,1850,900,144000,,50,250,350,250,,50,500,
4890,10,,2000,,600,1900,1220,183000,,50,250,180,,,100,700,
4891,1,,10000,,600,1970,860,137000,,100,250,460,270,,30,600,
4891,10,,2000,,300,1800,580,87000,,,600,200,60,,60,600,
4891,15,,10000,,,3700,,0,,,,,2600,,,1100,
4892,10,,2000,,400,1850,770,130000,,180,500,150,,,50,600,
4893,1,,12000,,800,2100,550,88000,,100,250,730,270,,,1000,
4893,10,,2500,,450,2300,800,120000,,,650,300,150,,150,700,
4893,15,,10000,,,3000,,0,,,,,1400,,,1600,
4894,10,,2500,,400,2500,1100,190000,,200,700,160,,,40,700,
4895,10,,2000,,500,1750,880,132000,,60,500,180,,,30,600,
4896,10,,2000,,400,1750,840,130000,,150,600,130,,,30,400,
4897,11,,1500,,,300,,0,,,20,180,,30,10,60,100
4897,14,,8300,8300,,500,200,60000,,,,130,20,15,30,105,100
4898,11,,1500,,,800,500,150000,,,50,80,,20,,150,100
4898,13,,5300,5300,,9000,9000,1100000,,,,,,,,0,100
4899,11,,6800,5700,,4000,3500,1050000,,,50,400,,,,50,100
4901,11,,1500,,,450,,0,,,,450,,,,0,100
4901,13,,3000,3000,,7000,6500,800000,,,,50,,,,450,100
4901,14,,2700,2700,,4000,3500,730000,50,,,100,,100,,250,100
4902,11,,1000,,,30,,0,,,5,15,,,,10,100
4902,14,,500,,,15,,0,,,,7,,3,,5,100
4903,11,,600,,,60,,0,,,10,30,,,,20,100
4903,13,,300,,,30,,0,,,,10,,,,20,100
4903,14,,100,,,20,,0,,,,7,,4,,9,100
4904,11,,500,,,70,,0,,,,30,,15,,25,100
4904,13,,700,,,40,,0,,,,15,,5,,20,100
4904,14,,300,,,50,,0,,,,20,,10,,20,100
4905,11,,400,400,,80,,0,,,,40,,,,40,100
4905,13,,600,600,,150,100,13000,,,,20,,,,30,100
4905,14,,300,300,,60,,0,,,,20,,10,,30,100
4906,11,,500,500,,150,,0,,,,150,,,,0,100
4906,13,,1000,1000,,500,,0,,,,200,,,,300,100
4906,14,,4000,4000,,1200,1000,300000,,,,150,,50,,0,100
4907,13,,1000,1000,,500,,0,,,,400,,,,100,100
4907,14,,6000,6000,,400,200,100000,,,,100,,,,100,100
4908,11,,1000,1000,,150,,0,,,150,,,,,0,100
4908,14,,2200,2200,,50,,0,,,,50,,,,0,100
4909,11,,200,200,,50,,0,,,,50,,,,0,100
4909,14,,2200,2200,,1200,1000,400000,,,,200,,,,0,100
4910,11,,250,250,,40,,0,,,,40,,,,0,10
4910,13,,250,250,,25,,0,,,,25,,,,0,100
4910,14,,500,500,,30,,0,,,,30,,,,0,100
4911,11,,500,500,,50,,0,,,,50,,,,0,100
4911,14,,1500,1500,,50,,0,,,,30,,,20,0,100
4912,14,,1000,1000,,20,,0,,,,10,,,10,0,100
4913,11,,500,500,,250,100,30000,,,,150,,,,0,100
4913,13,,200,200,,50,,0,,,,50,,,,0,100
4913,14,,4200,4200,,400,300,120000,,,,100,,,,0,100
4914,11,,500,500,,150,,0,,,,150,,,,0,100
4914,14,,500,500,,20,,0,,,,20,,,,0,100
4915,11,,180,,,130,,0,,,1,124,5,,,0,100
4915,13,,20,,,30,,0,,,,30,,,,0,100
4915,14,,100,,,150,,0,,,,150,,,,0,100
4917,10,,100,,40,150,,0,,,20,170,,,,0,100
4917,11,,200,,,165,100,25000,,,,65,,,,0,100
4917,13,,6500,6500,,20000,20000,2400000,,,,,,,,0,100
4917,14,,300,,,100,,0,,,,100,,,,0,100
4933,11,,300,300,,420,,0,,,,380,,20,20,0,100
4933,14,,100,100,,70,,0,,,,70,,,,0,100
4935,11,,330,330,,300,,0,,,,280,,,20,0,100
4935,14,,70,70,,30,,0,,,,30,,,,0,100
4936,11,,300,300,,380,,0,,,,350,,30,,0,100
4936,14,,100,100,,60,,0,,,,60,,,,0,100
4938,11,,340,340,,350,,0,,,,330,,,20,0,100
4938,14,,60,60,,,,0,,,,,,,,0,100
4939,14,,400,,,,,0,,,,,,,,0,100
4940,11,,350,350,,260,,0,,,,220,,40,,0,100
4940,14,,50,50,,60,,0,,,,50,,10,,0,100
4941,11,,350,350,,330,,0,,,,300,,,30,0,100
4941,14,,50,50,,20,,0,,,,20,,,,0,100
4942,10,,680,,,4200,4000,480000,,,,200,,,,0,100
4942,11,,5000,5000,,7900,7650,459000,,,,250,,,,0,100
4943,11,,1500,,,4400,4180,292600,,,,220,,,,0,100
4944,10,,850,,,4500,4250,510000,,,,250,,,,0,100
4944,11,,6000,6000,,8800,8500,680000,,,,300,,,,0,100
4945,10,,800,,,3400,3300,396000,,,,100,,,,0,100
4945,11,,6800,6800,,9600,9450,567000,,,,150,,,,0,100
4946,10,,1400,1400,,4600,4400,440000,,,,200,,,,0,100
4946,11,,8850,8850,,10200,9900,693000,,,,300,,,,0,100
4947,11,,1100,,,3500,3350,268000,,,,150,,,,0,100
4948,11,,1100,,,4000,3800,304000,,,,200,,,,0,100
4949,11,,1300,,,3800,3600,324000,,,,200,,,,0,100
4950,11,,1100,,,3700,3500,280000,,,,200,,,,0,100
4957,11,,400,,,500,,0,,,,500,,,,0,100
4960,14,,600,600,,1000,900,180000,,,,100,,,,0,100
4969,10,,200,200,200,200,,0,,,50,100,,,,250,100
4970,10,,2200,2200,500,4000,2700,270000,,,1000,200,,,,600,100
4970,11,,100,100,,25,,0,,,,25,,,,0,100
4971,10,,2100,2100,700,3800,2800,336000,,,900,300,,,,500,100
4971,11,,100,100,,40,,0,,,,40,,,,0,100
4972,10,,1200,1200,300,2500,2000,240000,,,500,100,,,,200,100
4973,10,,700,700,400,1600,1200,160000,,,200,300,,,,300,100
4973,11,,100,100,,40,,0,,,,40,,,,0,100
4974,10,,1400,1400,700,4000,3300,396000,,,600,200,,,,600,100
4974,11,,50,50,,40,,0,,,,40,,,,0,100
4974,14,,50,50,50,100,,0,,,,50,,30,,70,100
4975,10,,1400,1400,500,4500,3700,444000,,,600,200,,,,500,100
4975,11,,50,50,,40,,0,,,,40,,,,0,100
4975,14,,50,50,50,120,,0,,,,50,,,,120,100
4976,10,,1100,1100,600,3500,2400,240000,,,500,300,100,,,800,100
4976,11,,50,50,,28,,0,,,,28,,,,0,100
4976,14,,50,50,60,70,,0,,,,60,10,,,60,100
4977,10,,1200,1200,800,3200,2500,275000,,,600,300,,,,600,100
4977,11,,50,50,,25,,0,,,,25,,,,0,100
4987,10,,260,260,300,600,300,75000,,,120,100,,,,380,100
4987,11,,30,30,,40,,0,,,,20,,,,20,100
4987,14,,10,10,,400,,0,,,,100,,60,,240,100
4988,10,,250,250,200,600,,0,,,200,200,,,,400,100
4988,11,,40,40,,140,,0,,,,70,,,,70,100
4988,14,,10,10,,700,200,40000,,,,100,,200,,200,100
4989,10,,650,650,400,1300,,0,,,780,350,300,150,,120,100
4989,11,,40,40,,600,480,96000,,,,60,,,,60,100
4989,14,,10,10,,750,200,40000,,,,100,300,100,,50,100
4990,10,,550,550,200,800,,0,,,300,150,100,,,450,100
4990,11,,40,40,,100,,0,,,,70,,,,30,100
4990,14,,10,10,20,1000,580,116000,,,,40,300,,,100,100
4991,10,,1950,1950,500,15000,13370,2406600,,,800,330,400,,,600,100
4991,11,,40,40,10,200,,0,,,,70,70,,,70,100
4991,14,,10,10,60,800,610,152500,,,,100,,,,150,100
4992,10,,570,570,300,700,,0,,,300,140,200,60,,300,100
4992,11,,15,15,,100,,0,,,2,40,12,3,,43,100
4992,14,,15,15,50,600,,0,,,,100,300,100,,150,100
4993,10,,570,570,300,1200,,0,,,300,180,200,100,,720,100
4993,11,,20,20,10,300,,0,,,,60,150,20,,80,100
4993,14,,10,10,,1000,200,40000,,,,100,300,200,,200,100
4993,15,,30000,,1300,8000,,0,,,,,4600,,,4700,
4995,1,,5000,,400,4000,,0,,,1200,600,,,,2600,
4995,2,,5000,,200,2600,,0,,,1200,,400,,,1200,
4995,10,,550,550,300,2600,1690,422500,,,240,200,250,20,,500,100
4995,11,,40,40,,100,,0,,,,50,20,,,30,100
4995,14,,10,10,,600,,0,,,,200,200,100,,100,100
4996,10,,70,,,38,,0,,,,38,,,,0,
4996,14,,30,,6,25,,0,,,,26,,,,5,100
4997,14,,50,,4,28,,0,,,,26,,,,6,100
4998,10,,80,,,45,,0,,,,45,,,,0,
4998,11,,30,,,12,,0,,,,12,,,,0,100
4998,14,,40,,4,30,,0,,,,28,,,,6,100
4999,10,,45,,,25,,0,,,,25,,,,0,
4999,11,,15,,,6,,0,,,,6,,,,0,100
4999,14,,20,,3,15,,0,,,,14,,,,4,100
5000,10,,50,,,26,,0,,,,26,,,,0,
5000,11,,10,,,5,,0,,,,5,,,,0,100
5000,14,,40,,,22,,0,,,,22,,,,0,100
5001,14,,50,,,20,,0,,,,20,,,,0,100
5002,10,,120,,,60,,0,,,,60,,,,0,
5002,11,,30,,,15,,0,,,,15,,,,0,100
5002,14,,50,,6,35,,0,,,,33,,,,8,100
5003,10,,60,,,35,,0,,,,35,,,,0,
5003,11,,20,,,10,,0,,,,10,,,,0,100
5003,14,,40,,7,25,,0,,,,27,,,,5,100
5004,10,,50,,,25,,0,,,,25,,,,0,
5004,11,,20,,,8,,0,,,,8,,,,0,100
5004,14,,30,,,18,,0,,,,18,,,,0,100
5014,5,,20,,3,5,,0,,,4,2,,,,2,100
5014,10,,500,,150,400,,0,,,200,200,,,,150,
5014,11,,180,,20,50,,0,,,,40,,,,30,100
5014,14,,100,,25,70,,0,,,,30,,,15,50,
5015,1,,3000,,,200,,0,,,,,150,,,50,
5015,10,,1500,,300,1000,,0,,,400,400,100,,,400,
5015,11,,500,,40,120,,0,,,,100,,,15,45,50
5015,14,,500,,50,300,100,20000,,,,100,,,50,100,
5015,15,,30000,,,5000,,0,,,,,5000,,,0,
5016,5,,50,,3,7,,0,,,4,3,,,,3,100
5016,10,,500,,150,450,,0,,,200,200,,,,200,
5016,11,,300,,,100,,0,,,,60,15,,,25,100
5016,14,,150,,,100,,0,,,,30,10,,,60,
5016,15,,1000,,,1000,,0,,,,,800,,,200,
5017,10,,600,,200,400,,0,,,300,100,,,,200,
5017,11,,200,,,50,,0,,,,20,10,,,20,100
5017,14,,200,,,40,,0,,,,30,,,,10,100
5017,15,,29000,,1500,4000,,0,,,,,1500,,,4000,
5020,10,,100,,,30,,0,,,,30,,,,0,100
5020,11,,100,,,50,,0,,,,50,,,,0,100
5020,14,,100,,,120,,0,,,,120,,,,0,100
5021,10,,500,,200,500,,0,,,200,300,,,,200,
5021,11,,300,,,40,,0,,,,30,,,,10,100
5021,15,,2000,,700,1500,,0,,,,,800,,,1400,
5022,10,,350,,150,300,,0,,,180,120,50,,,100,
5022,11,,200,,,60,,0,,,,40,,,,20,100
5022,14,,150,,,80,,0,,,,30,10,,10,30,
5022,15,,1800,,,1000,,0,,,,,600,,,400,
5032,10,,750,,,1000,,0,,,300,300,50,,50,300,100
5032,15,,5000,,,2000,,0,,,,,2000,,,0,
5033,10,,400,,,800,,0,,,150,200,50,,200,200,100
5035,10,,500,,,600,,0,,,200,150,,50,,200,100
5035,11,,200,,,150,,0,,,,100,,20,10,20,100
5036,10,,300,,,600,,0,,,150,150,50,50,,200,100
5036,11,,100,,,50,,0,,,,45,5,,,0,100
5036,15,,10000,,,3000,,0,,,,,1500,,,1500,
5038,10,,400,,,600,,0,,,150,350,,50,,50,100
5038,11,,100,,,60,,0,,,,45,,10,5,0,100
5039,10,,600,,,600,,0,,,250,100,,50,100,100,100
5039,14,,200,,,100,,0,,,,50,,10,20,20,100
5040,10,,1000,,,1000,,0,,,400,200,50,,50,300,100
5040,11,,300,,,150,,0,,,,50,30,20,20,30,100
5040,14,,200,,,50,,0,,,,20,10,,10,10,100
5040,15,,4500,,,2500,,0,,,,,2000,,,500,
5050,1,,15000,,1000,5000,3000,360000,,500,500,800,200,,,1000,
5050,2,,5000,,500,2000,1200,156000,,,500,,300,,,500,
5050,3,,10000,,3000,4000,3500,875000,,150,300,50,,,,3000,
5050,5,,500,500,10,30,20,16000,,,5,5,,,,10,100
5050,10,,500,500,800,1000,,0,,,300,600,100,,,800,100
5050,11,,500,500,,50,20,1000,,,,30,,,,0,100
5050,14,,1000,1000,700,1200,700,150000,,,,500,,,,700,100
5051,1,,5000,,500,2000,1000,120000,,,300,500,100,,100,500,
5051,3,,5000,,400,1000,700,175000,,,200,30,70,,,400,
5051,5,,200,200,5,20,10,8000,,,5,5,,,,5,100
5051,10,,400,400,600,800,,0,,,300,500,,,,600,100
5051,11,,200,200,,50,,0,,,,50,,,,0,100
5051,14,,700,700,500,1000,500,100000,,,,500,,,,500,100
5052,2,,7000,,1000,2000,1500,225000,,,300,,200,,,1000,
5052,3,,5000,,500,1000,700,175000,,,250,20,30,,,500,
5052,5,,200,200,10,25,15,12000,,,5,5,,,,10,100
5052,10,,500,500,500,700,,0,,,300,300,100,,,500,100
5052,11,,300,300,,45,,0,,,,45,,,,0,100
5052,14,,1500,1500,500,1500,1000,200000,,,,500,,,,500,100
5054,1,,10000,,1000,2000,1000,120000,,,500,500,,,,1000,
5054,3,,5000,,500,1200,800,200000,,,300,50,50,,,500,
5054,5,,200,,10,20,10,8000,,,5,5,,,,10,100
5054,10,,300,,700,800,,0,,,300,500,,,,700,100
5054,11,,100,,,30,,0,,,,30,,,,0,100
5054,14,,600,,500,1000,500,100000,,,,500,,,,500,100
5055,5,,500,500,15,20,10,8000,,,5,10,,,,10,100
5055,10,,300,300,300,500,,0,,,200,300,,,,300,100
5055,11,,200,200,,40,,0,,,,40,,,,0,100
5055,14,,1000,1000,400,800,400,100000,,,,400,,,,400,100
5056,3,,5000,,500,1200,800,200000,,,300,10,90,,,500,
5056,5,,200,200,10,25,15,12000,,,5,5,,,,10,100
5056,10,,500,500,400,700,200,30000,,,200,300,,,,400,100
5056,11,,300,300,,45,,0,,,,45,,,,0,100
5056,14,,1000,1000,600,1000,500,125000,,,,500,,,,600,100
5056,15,,5500,,1500,3000,1500,105000,,,,,1500,,,1500,
5057,5,,200,200,10,15,5,4000,,,5,5,,,,10,100
5057,10,,500,500,400,500,,0,,,200,300,,,,400,100
5057,11,,200,200,,30,,0,,,,30,,,,0,100
5057,14,,600,600,500,1000,500,125000,,,,500,,,,500,100
5058,3,,10000,,1000,1200,700,175000,,,300,20,100,,80,1000,
5058,10,,500,500,400,600,,0,,,200,400,,,,400,100
5058,11,,200,200,,50,20,4000,,,,30,,,,0,100
5058,14,,500,500,200,300,150,30000,,,,150,,,,200,100
5086,1,,10000,,,2600,600,85000,,800,400,600,,,,200,
5086,2,,7000,,,1700,1000,130000,,,200,,300,,,200,
5086,10,,5000,5000,,11500,9400,1100000,,,1000,600,,,,500,100
5086,11,,500,500,,2400,1800,210000,,,,600,,,,0,100
5086,16,1,17000,,,3000,,0,,,,,2000,,,1000,
5087,1,,10000,,,2600,1500,200000,,500,400,,,,,200,
5087,2,,10000,,,2300,1000,130000,,500,300,,,,,500,
5087,10,,600,600,,1300,1000,130000,,,,300,,,,0,100
5087,11,,300,300,,1500,1000,120000,,,,300,,200,,0,100
5087,16,1,20000,,,4000,4000,80000,,,,,,,,0,
5088,1,,10000,,,2700,1500,200000,,700,400,,,,,100,
5088,2,,12000,,,3300,1700,210000,,,400,,800,,,400,
5088,10,,1000,1000,,2500,1500,195000,,,400,200,100,,,300,
5088,11,,200,200,,1100,600,70000,,,,200,300,,,0,
5088,16,1,22000,,,6000,,0,,,,,4000,,,2000,
5089,1,,9000,,,2000,1000,135000,,300,300,400,,,,0,
5089,10,,1000,100,,2400,1600,210000,,,400,400,,,,0,100
5089,11,,200,200,,800,400,80000,,,,400,,,,0,100
5090,1,,11000,,,3100,2000,280000,,,400,600,,,,100,
5090,10,,1200,1200,,2800,1700,220000,,,500,600,,,,0,100
5090,11,,300,300,,1600,1000,125000,,,,600,,,,0,100
5090,16,1,11000,,,3000,,0,,,,,2000,,,1000,
5091,1,,5000,,,1300,500,70000,,,200,600,,,,0,
5091,2,,5000,,,1200,500,65000,,,200,,400,,,100,
5091,10,,1000,1000,,2600,1400,150000,,,400,600,,200,,0,100
5091,11,,200,200,,1200,700,80000,,,,500,,,,0,100
5091,16,1,10000,,,2500,,0,,,,,1500,,,1000,
5092,1,,10000,,,2600,1400,195000,,,400,400,200,,,200,
5092,10,,700,700,,1900,1000,125000,,,400,400,,,,100,100
5092,11,,300,300,,1600,1000,130000,,,,400,200,,,0,100
5092,16,1,10000,,,2500,,0,,,,,1500,,,1000,
5093,1,,5000,,,1400,500,70000,,500,300,,,,,100,
5093,2,,10000,,,2500,1600,210000,,,300,,400,,,200,
5093,10,,1200,1200,,3200,2500,315000,,,,200,,,,500,100
5093,11,,400,400,,1500,1000,135000,,,,200,300,,,0,100
5093,16,1,15000,,,4000,,0,,,,,3000,,,1000,
5094,1,,6000,,,1600,1000,135000,,,200,400,,,,0,
5094,2,,4000,,,1100,,0,,400,200,,400,,,100,
5094,10,,1200,1200,,3100,2000,260000,,,600,400,,100,,0,100
5094,11,,300,300,,1600,1000,125000,,,,400,200,,,0,100
5094,16,1,10000,,,2800,,0,,,,,1000,,,1800,
5095,1,,8800,,,1500,,0,,,400,300,,,,800,
5095,10,,700,700,,800,130,13000,,,300,150,20,,,200,100
5095,11,,500,500,,250,100,15000,,,20,50,10,,,70,100
5096,10,,600,600,,700,,0,,,350,150,,,,200,100
5096,11,,600,600,,250,,0,,,20,130,,,,100,100
5098,1,,8800,8800,,1500,500,65000,,,400,250,,,,350,100
5098,10,,700,700,,700,,0,,,300,180,20,,,200,100
5098,11,,500,500,,300,,0,,,20,100,30,,,150,100
5098,15,,10000,,,1300,,0,,,,,1000,,,300,
5098,16,1,10000,,,900,,0,,,,,200,,,700,
5099,10,,600,600,,600,,0,,,200,120,,,,280,100
5099,11,,600,600,,300,,0,,,20,120,,,,160,100
5101,1,,8800,8800,,1700,,0,,,400,300,200,,,800,100
5101,10,,800,800,,800,,0,,,300,200,,,,300,100
5101,11,,400,400,,250,,0,,,20,100,,,,130,100
5101,15,,10000,,,1250,,0,,,,,650,,,600,
5101,16,1,8800,8800,,800,,0,,,,,400,,,400,100
5103,10,,800,800,,800,350,35000,,,200,100,,,,150,100
5103,11,,400,400,,220,60,9000,,,10,50,,,,100,100
5113,5,,100,,6,18,,0,,,4,12,,,,8,100
5113,10,,300,,200,500,,0,,,150,300,50,,,200,100
5113,11,1,100,,50,150,,0,,,,150,,,,50,100
5113,14,,100,,50,200,,0,,,,180,,,,70,100
5114,5,,100,,5,16,,0,,,3,5,,,9,4,100
5114,10,,300,,200,450,,0,,,150,200,,,50,250,100
5114,11,1,100,,40,130,,0,,,,80,,,40,50,100
5114,14,,100,,50,150,,0,,,,60,,,80,60,100
5115,5,,100,,7,20,,0,,,4,10,,,5,8,100
5115,10,,500,,250,750,300,40000,,,150,250,,,100,200,100
5115,11,1,200,,50,150,,0,,,,140,,,,60,100
5115,14,,200,,100,220,,0,,,,200,,,,120,100
5116,5,,100,,5,15,,0,,,3,8,,,3,6,100
5116,10,,300,,200,450,,0,,,150,300,,,,200,100
5116,11,1,100,,30,120,,0,,,,110,,,,40,100
5116,14,,100,,70,140,,0,,,,140,,,,70,100
5117,5,,100,,6,18,,0,,,4,9,,,3,8,100
5117,10,,300,,200,500,,0,,,150,200,50,,100,200,100
5117,11,1,100,,40,140,,0,,,,100,,,30,50,100
5117,14,,100,,40,150,,0,,,,120,,,20,50,100
5117,15,,3000,,2500,4500,,0,,,,,4500,,,2500,
5118,5,,100,,7,18,,0,,,4,13,,,,8,100
5118,10,,300,,300,500,,0,,,150,350,,,,300,100
5118,11,1,100,,40,160,,0,,,,150,,,,50,100
5118,14,,100,,40,180,,0,,,,130,,,,90,
5119,1,,179000,,,50000,44000,5500000,,,5600,400,,,,0,
5119,5,,100,,5,17,,0,,,4,5,,,7,6,100
5119,10,,600,,150,800,350,48000,,,150,200,,,100,150,100
5119,11,,100,,30,130,,0,,,,80,,,40,40,100
5119,14,,200,,60,200,,0,,,,100,,,60,100,100
5120,5,,100,,4,19,,0,,,3,4,,,12,4,100
5120,10,,300,,200,500,,0,,,150,150,,,200,200,100
5120,11,1,100,,30,150,,0,,,,60,,,90,30,100
5120,14,,100,,40,150,,0,,,,50,,,90,50,100
5121,5,,100,,4,17,,0,,,4,4,,,8,5,100
5121,10,,200,,100,300,,0,,,100,150,,,,150,100
5121,11,,100,,20,130,,0,,,,50,,,70,30,100
5121,14,,100,,40,130,,0,,,,40,,,80,50,100
5122,1,,10000,,300,2900,900,99000,450,500,400,200,100,,,650,
5122,5,,130,,3,30,20,20000,,,3,5,,,,5,100
5122,10,,450,,60,800,310,46500,,,,350,50,,,150,100
5122,11,,70,,,120,20,6000,,,,80,20,,,0,100
5122,14,,150,,30,160,30,4500,,,,100,,,,60,100
5122,15,,8000,,,1800,,0,,,,,1800,,,0,
5123,5,,100,,,20,12,12000,,,1,5,,,,2,100
5123,10,,300,,30,540,200,30000,,,100,200,,,,70,100
5123,11,,100,,,150,50,20000,,,,100,,,,0,100
5123,14,,100,,10,100,10,2000,,,,70,,,,30,100
5124,1,,10000,,300,2900,1200,132000,650,,300,300,200,,,550,
5124,3,,5000,,,1500,1190,131000,,150,,10,150,,,0,
5124,5,,200,,5,48,30,30000,,8,3,5,,,,7,100
5124,10,,300,,40,550,50,7500,,,100,250,90,,,100,100
5124,11,,100,,,170,40,12000,,,,100,30,,,0,100
5124,14,,100,,30,100,,0,,,,70,,,,60,100
5124,15,,10000,,,2200,,0,,,,,2200,,,0,
5125,1,,8000,,200,2300,870,96000,400,300,200,380,100,,,250,
5125,5,,150,,4,36,25,25000,,,2,7,,,,6,100
5125,10,,300,,60,540,170,25500,,,,250,80,,,100,100
5125,11,,100,,,170,30,9000,,,,100,40,,,0,100
5125,14,,150,,40,160,,0,,,,100,50,,,50,100
5125,15,,7000,,,1600,,0,,,,,1600,,,0,
5126,1,,20000,,400,6000,2000,220000,1300,700,700,600,150,,,950,
5126,3,,10000,,,2200,1990,258000,,100,,10,100,,,0,
5126,5,,150,,5,36,27,27000,,,2,6,,,,6,100
5126,10,,400,,50,720,300,45000,,,,300,70,,,100,100
5126,11,,50,,,90,,0,,,,70,20,,,0,
5126,14,,200,,50,220,50,10000,,,,150,,,,70,100
5126,15,,7000,,,1500,,0,,,,,1500,,,0,
5127,2,,5000,,,1480,1180,129800,,,,,300,,,0,
5128,1,,15000,,350,4350,1450,159500,500,600,450,800,150,,,750,
5128,3,,10000,,,2900,2290,252000,,200,,10,200,,,200,
5128,5,,200,,4,48,31,31000,,,3,10,,,,8,100
5128,10,,500,,50,900,140,21000,,,160,450,100,,,100,100
5128,11,,100,,,175,,0,,,,165,10,,,0,100
5128,14,,100,,,110,,0,,,,80,,,,30,100
5128,15,,10000,,,2200,,0,,,,,2200,,,0,
5129,1,,10000,,,2900,1550,171000,,300,300,400,,,,350,
5129,5,,150,,3,36,24,24000,,,2,7,,,,6,100
5129,10,,500,,50,900,340,51000,,,180,350,,,,80,100
5129,11,,100,,,170,50,15000,,,,120,,,,0,100
5129,14,,150,,40,160,40,8000,,,,100,,,,60,100
5130,1,,12000,,200,3400,1300,143000,600,500,360,400,,,,440,
5130,5,,100,,2,24,11,11000,,,2,8,,,,5,100
5130,10,,400,,40,720,110,16500,,,150,400,,,,100,100
5130,11,,150,,,260,,0,,,,260,,,,0,100
5130,14,,150,,,160,30,6000,,,,100,,,,30,100
5131,11,,200,200,,120,,0,,,10,100,,,,10,100
5131,14,,1000,1000,,400,180,340000,,,,150,,20,30,20,100
5133,10,,100,100,,40,,0,,,,40,,,,0,100
5133,11,,300,300,,170,,0,,,10,150,,,,10,100
5133,14,,400,400,,200,,0,,,,150,,10,30,10,100
5134,10,,100,100,,45,,0,,,,45,,,,0,100
5134,11,,200,200,,120,,0,,,,120,,,,0,100
5134,14,,500,500,,250,,0,,,,220,,,20,10,100
5135,10,,100,100,,50,,0,,,,50,,,,0,100
5135,11,,100,100,,60,,0,,,,60,,,,0,100
5135,14,,1000,1000,,350,200,125000,,,,50,,,100,0,100
5136,10,,300,300,,250,,0,,,30,200,,20,,0,100
5136,11,,500,500,,300,,0,,,,250,,,40,10,100
5136,14,,300,300,,200,,0,,,,180,,,10,10,100
5137,10,,100,100,,45,,0,,,,45,,,,0,100
5137,11,,200,200,,120,,0,,,10,100,,,,10,100
5137,14,,300,300,,100,,0,,,,100,,,,0,100
5138,11,,200,200,,100,,0,,,,80,,,,20,100
5138,14,,300,300,,100,,0,,,,90,,,,10,100
5139,10,,200,200,,120,,0,,,10,100,,,10,0,100
5139,11,,200,200,,150,,0,,,15,120,,,10,5,100
5139,13,,3000,3000,,1000,900,162000,,,,50,,,50,0,100
5139,14,,400,400,,200,,0,,,,150,,20,30,0,100
5140,2,,5000,5000,,1500,,0,,,200,,500,,,800,100
5140,5,,10,10,,3,,0,,,,1,,,,2,100
5140,10,,100,100,,120,,0,,,,60,,,30,30,100
5140,11,,100,100,,160,,0,60,,,60,,,,40,100
5140,12,,10,10,,50,,0,,,,40,,,,10,100
5140,13,,800,800,,300,,0,270,,,30,,,,0,100
5140,14,,1980,1980,,500,250,75000,50,,,80,,,50,70,100
5140,15,,15000,,,3000,,0,,,,,1000,,,2000,
5141,5,,10,10,,3,,0,,,,1,,,,2,100
5141,11,,130,130,,150,50,12500,40,,,40,,,,20,100
5141,12,,10,10,,10,,0,10,,,,,,,0,100
5141,13,,2000,2000,,1500,500,90000,900,,,100,,,,0,100
5141,14,,2850,2850,,1000,500,150000,100,,,100,,,100,200,100
5141,15,,3000,3000,,1000,,0,,,,,,,,1000,100
5142,2,,3000,3000,,1200,,0,,,200,,600,,,400,100
5142,5,,10,10,,4,,0,,,,2,,,,2,100
5142,10,,100,100,,130,,0,,,,70,,,,60,100
5142,11,,140,140,,150,,0,40,,,70,,,,40,100
5142,13,,750,750,,560,500,65000,,,,60,,,,0,100
5142,14,,2000,2000,,1000,400,80000,60,,,100,,,40,400,100
5142,15,,8000,,,6000,,0,,,,,2000,,,4000,
5143,2,,3000,,,800,,0,,,,,300,,,500,0
5143,5,,20,20,,4,,0,,,,1,,,,3,100
5143,10,,50,50,,60,,0,,,,60,,,,0,100
5143,11,,100,100,,100,,0,30,,,50,,,,20,100
5143,12,,30,30,,40,,0,20,,,10,,,,10,100
5143,13,,500,500,,250,,0,220,,,30,,,,0,100
5143,14,,1300,1300,,500,250,75000,50,,,80,,,50,70,100
5143,15,,8000,1000,,6000,,0,,,,,2500,,,3500,12
5144,14,,5000,5000,,600,300,90000,20,,,80,,,100,100,100
5145,2,,5000,5000,,1500,,0,,,400,,600,,,500,100
5145,5,,20,20,,12,,0,,,,3,,,3,6,100
5145,10,,100,100,,120,,0,,,,70,,,,50,100
5145,11,,150,150,,140,,0,60,,,40,,,,40,100
5145,12,,30,30,,100,,0,10,,,80,,,,10,100
5145,13,,2000,2000,,700,,0,650,,,50,,,,0,100
5145,14,,900,900,,1500,500,125000,50,,,100,,,200,650,100
5145,15,,8800,1800,,8000,,0,,,,,3000,,,5000,20
5146,1,,5000,,,400,,0,400,,,,,,,0,
5146,2,,8000,,,500,,0,,,,,500,,,0,
5146,3,,2000,,,500,,0,,,,,500,,,0,
5146,5,,10,10,,4,,0,,,,2,,,1,1,100
5146,11,,80,80,,100,,0,30,,,50,,,,20,100
5146,12,,10,10,,20,,0,10,,,10,,,,0,100
5146,13,,2000,2000,,1800,1500,270000,200,,,60,,,40,0,100
5146,14,,2900,2900,,1000,500,150000,50,,,100,,,50,300,100
5146,15,,13000,3000,,8000,,0,,,,,2000,,,6000,25
5147,5,,10,10,,3,,0,,,,1,,,,2,100
5147,10,,100,100,,80,,0,,,,40,,,,40,100
5147,11,,120,120,,150,,0,40,,,60,,,30,20,100
5147,12,,20,20,,20,,0,10,,,,,,,10,100
5147,13,,600,600,,350,,0,300,,,20,,,30,0,100
5147,14,,650,650,,200,50,15000,30,,,50,,,30,40,100
5147,15,,13500,3500,,4000,,0,,,,,1000,,,3000,30
5148,2,,3000,3000,,1200,,0,,,,,500,,,700,100
5148,11,,50,50,,50,,0,,,,50,,,,0,100
5148,13,,4000,4000,,5000,2500,450000,450,,,50,,2000,,0,100
5148,14,,4950,4950,,1000,200,60000,,,,50,,,300,450,100
5148,15,,26000,,,10000,,0,,,,,1500,,,8500,
5149,11,,100,100,,80,,0,,,,70,,,,10,100
5149,13,,200,200,,160,,0,120,,,30,,,10,0,100
5149,14,,500,500,,280,,0,200,,,80,,,,0,100
5149,15,,9000,,,3000,,0,,,,,3000,,,0,
5150,11,,200,200,,120,,0,,,,80,,,,40,100
5150,13,,100,100,,90,,0,,,,30,,,30,30,100
5150,14,,300,300,,180,,0,,,,65,,,60,55,100
5151,10,,150,150,,190,,0,,,,100,,,,90,100
5151,11,,150,150,,125,,0,,,,90,,,,35,100
5151,13,,500,500,,1500,300,60000,1000,,,50,,,80,70,100
5151,14,,200,200,,230,,0,,,,100,,,50,80,100
5151,15,,5000,5000,,1700,,0,,,,,1000,,,700,100
5152,11,,300,300,,270,,0,,,,150,,,,120,100
5152,13,,400,400,,230,,0,180,,,50,,,,0,100
5152,14,,1300,1300,,500,300,390000,,,,80,,,30,90,100
5152,15,,6000,6000,,1700,,0,,,,,700,,,1000,100
5153,10,,150,150,,190,,0,,,,100,,,,90,100
5153,11,,150,150,,100,,0,,,,70,,,,30,100
5153,13,,100,100,,80,,0,,,,30,,,40,10,100
5153,14,,200,200,,160,,0,,,,40,,,60,60,100
5153,15,,3200,3200,,1200,,0,,,,,800,,,400,100
5154,10,,300,300,,280,,0,,,,180,,,,100,100
5154,11,,200,200,,110,,0,,,,70,,,,40,100
5154,13,,200,200,,100,,0,,,,60,,,30,10,100
5154,14,,100,100,,200,100,25000,,,,70,,,,30,100
5154,15,,1200,1200,,500,,0,,,,,500,,,0,100
5155,11,,100,100,,90,,0,,,,60,,,,30,100
5155,13,,200,200,,120,,0,100,,,20,,,,0,100
5155,14,,500,500,,300,200,155000,,,,60,,,,40,100
5156,10,,200,200,,240,,0,,,,140,,,,100,100
5156,11,,200,200,,120,,0,,,,80,,,,40,100
5156,13,,300,300,,200,,0,140,,,30,,,30,0,100
5156,14,,300,300,,240,,0,70,,,50,,,40,80,100
5156,15,,7000,7000,,2700,,0,,,,,2000,,,700,100
5159,5,1,100,100,2,20,10,10000,,,2,3,,,3,4,100
5159,10,,200,200,,80,,0,,,,70,,,10,0,100
5159,11,,1000,1000,,300,100,30000,,,,150,,,20,30,100
5159,13,,100,100,,200,,0,,,,170,,,30,0,100
5159,14,,1400,,,180,,0,,,,160,,,20,0,
5159,15,,14000,,,7000,3000,160000,,,,,2000,,,2000,
5160,5,1,20,,,6,,0,,,1,3,,,,2,100
5160,10,,100,,,50,,0,,,,50,,,,0,
5160,11,,100,,,60,,0,,,,50,,,,10,100
5160,14,,1000,,,100,,0,,,,80,,,20,0,
5161,5,1,30,,,10,,0,,,1,3,,,1,5,100
5161,10,,200,,,180,,0,,,,70,20,,10,80,100
5161,11,,200,,,150,,0,,,,110,,,15,25,100
5161,13,,100,,,150,,0,,,,130,,,20,0,
5161,14,,500,,,300,,0,,,,270,,,30,0,
5162,5,1,20,,1,4,,0,,,1,2,,,,2,100
5162,10,,100,,,60,,0,,,,60,,,,0,100
5162,11,,100,,,70,,0,,,,50,,,,20,100
5162,14,,1300,,,150,,0,,,,100,,,50,0,
5163,1,,3700,,,800,,0,,,200,200,,50,50,300,
5163,5,1,50,,,10,,0,,,1,4,,,,5,100
5163,10,,200,,,150,,0,,,,100,50,,,0,
5163,11,,300,,,250,,0,,,,200,,,20,30,100
5163,13,,100,,,200,,0,,,,180,,,20,0,
5163,14,,1900,,,250,,0,,,,220,,,30,0,
5164,5,1,50,,1,12,,0,,,2,6,,,,5,100
5164,10,,500,,,300,,0,,,50,100,20,,,130,
5164,11,,500,,,280,,0,,,,230,,,10,40,100
5164,14,,1000,,,100,,0,,,,80,,,20,0,
5165,1,,1500,,,100,,0,,,,,60,,,40,
5165,5,1,30,,,10,,0,,,1,4,,,,5,100
5165,11,,300,,,150,,0,,,,100,,,20,30,100
5165,14,,700,,,200,,0,,,,180,,,20,0,
5165,15,,7500,,,5000,,0,,,,,3500,,,1500,
5165,16,,1000,,,150,,0,,,10,,90,,,50,
5166,10,,100,,,50,,0,,,,50,,,,0,100
5166,11,,100,,,35,,0,,,,25,,,,10,100
5166,14,,800,,,100,,0,,,,80,,,20,0,
5167,5,,200,,3,12,,0,,,2,7,,,,6,
5167,10,,500,,130,600,,0,,,250,320,,,,160,
5167,11,,200,,20,250,,0,,,5,225,,,,40,
5167,14,,570,,,370,,0,,,,300,,,,70,100
5167,15,,2000,,,560,560,28000,,,,,,,,0,
5168,5,,150,,3,14,,0,,,4,7,,,,6,100
5168,10,,400,,100,410,,0,,,170,220,,,,120,100
5168,11,,150,,10,200,,0,,,5,185,,,,20,100
5168,14,,100,,,230,,0,,,,230,,,,0,100
5171,5,,100,,2,10,,0,,,3,5,,,,4,100
5171,10,,300,,50,400,,0,,,150,200,,,,100,100
5171,11,,100,,20,150,,0,,,4,116,,,,50,100
5174,5,,200,,3,15,,0,,,4,9,,,,5,100
5174,10,,500,,140,540,,0,,,270,230,,,,180,100
5174,11,,300,,20,280,,0,,,5,265,,,,30,100
5174,13,,1800,1800,,1000,1000,135000,,,,,,,,0,100
5174,14,,200,,,170,,0,,,,170,,,,0,100
5175,1,,3000,,150,750,,0,,,270,,230,,,400,
5176,5,,50,,6,7,5,4000,,,2,2,,,,4,100
5176,10,,700,,,300,,0,,,,100,,,,200,100
5176,11,,200,,,150,80,24000,,,,50,,,,20,100
5176,14,,50,,,300,280,42000,,,,,,,,20,100
5177,4,,100,,,40,,0,,,,,40,,,0,100
5177,5,,30,,5,4,,0,,,1.5,2.5,,,,5,100
5177,10,,300,,,120,,0,,,,120,,,,0,100
5177,11,,300,,,80,,0,,,,80,,,,0,100
5177,13,,20,,,100,,0,,,,100,,,,0,100
5177,14,,50,,,170,140,18200,,,,10,,,,20,100
5178,5,,30,,5,4,,0,,,2,2,,1,,4,100
5178,10,,400,,,90,,0,,,,30,,,,60,100
5178,11,,300,,,70,,0,,,,70,,,,0,100
5178,13,,20,,,250,,0,,,,250,,,,0,100
5178,14,,50,,,200,180,25200,,,,,,,,20,100
5179,5,,30,,5,6,,0,,,2,3,,,,6,100
5179,10,,600,,,300,,0,,,,200,,,,100,100
5179,11,,300,,,90,,0,,,,90,,,,0,100
5179,13,,20,,,400,,0,,,,400,,,,0,100
5179,14,,50,,,600,500,70000,,,,60,,,20,20,100
5179,15,,8000,,,1700,,0,,,,,500,,,1200,
5180,5,,40,,4,5,,0,,,2,2,,,,5,100
5180,10,,600,,,200,,0,,,,200,,,,0,100
5180,11,,300,,,130,,0,,,,130,,,,0,100
5180,14,,60,,,280,220,30800,,,,30,,,,30,100
5181,5,,70,,8,7,10,8000,,,1,2,,,,2,100
5181,10,,200,,,40,,0,,,,40,,,,0,100
5181,11,,700,,,150,40,12000,,,,50,,,,60,100
5181,14,,30,,,270,200,30000,,,,,,,,70,100
5182,1,,8000,,,1000,500,65000,,,,,200,,30,270,
5182,4,,1100,,,200,,0,,,,,80,,,120,100
5182,5,,30,,8,10,,0,,,2,4,,,2,10,100
5182,10,,600,,,200,,0,,,,50,,,,150,100
5182,11,,520,,,90,,0,,,,60,,,,30,100
5182,14,,50,,,1300,900,135000,,,,300,,,30,70,100
5183,13,,20,,,200,,0,,,,200,,,,0,
5183,14,,80,,,250,,0,,,,200,,,30,20,
5184,5,,40,,4,6,,0,,,2,3,,,,5,100
5184,10,,420,,,700,,0,,,100,150,,,,450,100
5184,11,,180,,,80,,0,,,,80,,,,0,100
5184,13,,20,,,200,,0,,,,200,,,,0,100
5184,14,,40,,,200,170,23800,,,,,,,,30,100
5184,15,,6000,,1200,2000,,0,,,,,600,,,2600,
