"recno","f2_row","f2_1","f2_2","f2_3","f2_4","f2_5","f2_6","f2_7","f2_8","f2_9","f2_10","f2_11","f2_12","f2_13","f2_14"
83,11,16,,,,,2,,,2,3800,,,,
83,12,16,,,,,2,,,2,3800,,,,
89,1,1,,,1,80000,,,,,,2,,,
89,2,1,,,,,,,,,,,,,
89,4,,,,1,80000,,,,,,2,,,
89,11,12,,,,,,,,,,,,,
89,12,12,,,,,,,,,,,,,
124,11,15,,,,,,,,,,,,,
124,12,15,,,,,,,,,,,,,
126,11,18,,,,,5,,,10,12000,,,,
126,12,12,,,,,5,,,10,12000,,,,
127,11,25,,,5,15000,7,,,10,17000,,2,8,
127,12,17,,,5,15000,7,,,10,17000,,2,8,
130,11,15,,,,,5,,,8,13600,,,,
130,12,15,,,,,5,,,8,13600,,,,
133,1,5,,,2,350000,2,275,550000,36,72000,2,,,
133,2,3,,,,,1,130,260000,16,32000,2,,,
133,3,1,,,,,1,145,290000,20,40000,2,,,
133,4,1,,,2,350000,,,,,,2,,,
133,11,20,,,,,7,,,10,17000,,,,
133,12,20,,,,,7,,,10,17000,,,,
134,1,5,,,2,510000,1,150,300000,20,40000,2,8,,6
134,2,2,,,1,330000,,,,,,2,8,,
134,3,1,,,,,1,150,300000,20,40000,2,8,,6
134,4,2,,,1,180000,,,,,,2,8,,
134,9,20,,,5,250000,2,,,28,70000,2,8,9,
134,11,20,,,5,15000,6,,,10,17000,2,,,
134,12,20,,,5,15000,6,,,10,17000,2,,,
135,1,4,,,2,360000,2,270,540000,35,70000,2,8,,10
135,2,2,,,,,1,130,260000,20,40000,2,8,,
135,3,1,,,,,1,140,280000,15,30000,2,8,,10
135,4,1,,,2,360000,,,,,,2,8,,
135,11,20,,,,,10,,,14,23800,,,,
135,12,20,,,,,10,,,14,23800,,,,
136,11,12,,,3,10000,2,,,3,5500,2,8,,
136,12,12,,,3,10000,2,,,3,5500,2,8,,
137,1,4,,,3,700000,1,140,308000,20,44000,2,8,9,5
137,2,2,,,1,350000,,,,,,2,,,
137,3,,,,,,1,140,308000,20,44000,2,8,9,5
137,4,2,,,2,350000,,,,,,2,8,,
137,6,2,,,,,2,125,400000,15,48000,2,8,9,5
137,7,2,,,,,2,125,400000,15,48000,2,8,9,5
137,11,18,,,,,5,,,7,12000,,,,
137,12,18,,,,,5,,,7,12000,,,,
139,11,20,,,6,20000,4,,,6,10000,2,,,
139,12,14,,,6,20000,4,,,6,10000,2,,,
141,1,6,,,2,540000,1,140,280000,20,40000,2,8,,4
141,2,2,,,1,360000,1,140,280000,20,40000,2,8,,4
141,3,1,,,,,,,,,,,,,
141,4,3,,,1,180000,,,,,,2,8,,
141,6,2,,,,,2,130,416000,15,55000,2,8,,5
141,7,2,,,,,2,130,416000,15,55000,2,8,,5
141,11,20,,,5,15000,6,,,9,16000,2,,,
141,12,20,,,5,15000,6,,,9,16000,2,,,
145,1,1,,,1,250000,,,,,,2,,,
145,2,1,,,,,,,,,,,,,
145,3,,,,1,250000,,,,,,2,,,
145,11,12,,,,,2,,,22,55000,,,,10
145,12,9,,,,,2,,,22,55000,,,,10
146,11,1,,,,,2,,,9,18000,,,,9
146,12,,,,,,2,,,9,18000,,,,9
146,13,3,,,,,,,,,,,,,
146,14,3,,,,,,,,,,,,,
147,11,10,,,,,,,,,,,,,
147,12,10,,,,,,,,,,,,,
148,1,1,1,60000,,,,,,,,,,,
148,4,1,1,60000,,,,,,,,,,,
149,1,1,,,,,,,,,,,,,
149,2,1,,,,,,,,,,,,,
149,11,7,,,,,,,,,,,,,
149,12,7,,,,,,,,,,,,,
150,11,9,,,,,,,,,,,,,
150,12,9,,,,,,,,,,,,,
152,11,16,,,,,,,,,,,,,
152,12,11,,,,,,,,,,,,,
153,1,1,1,300000,,,,,,,,,,,
153,2,1,1,300000,,,,,,,,,,,
153,11,10,,,,,,,,,,,,,
153,12,9,,,,,,,,,,,,,
154,11,10,,,,,5,,,8,16000,,,,2
154,12,10,,,,,5,,,8,16000,,,,2
158,11,15,,,,,3,,,5,7500,,,,
158,12,15,,,,,3,,,5,7500,,,,
159,11,9,,,,,,,,,,,,,
159,12,9,,,,,,,,,,,,,
163,11,20,,,,,7,,,8.4,12550,,,,
163,12,16,,,,,,,,,,,,,
173,6,10,,,20,700000,10,375,1050000,20,56000,2,,,5
173,7,2,,,,,,,,,,,,,
173,8,8,,,20,700000,10,375,1050000,20,56000,2,,,5
173,11,10,,,,,10,,,20,34000,,,,4
173,12,10,,,,,10,,,20,34000,,,,4
174,11,25,,,,,8,,,16,27000,,,,
174,12,25,,,,,8,,,16,27000,,,,
176,6,22,,,10,300000,,,,,,2,,,
176,7,2,,,,,,,,,,,,,
176,8,20,,,10,300000,,,,,,2,,,
176,11,25,,,,,10,,,15,25500,,,,
176,12,25,,,,,10,,,15,25500,,,,
178,11,30,,,,,10,,,20,34000,,,,
178,12,30,,,,,10,,,20,34000,,,,
179,11,25,,,,,10,,,15,25500,,,,
179,12,20,,,,,10,,,15,25500,,,,
184,1,7,,,,,,,,,,,,,
184,2,2,,,,,,,,,,,,,
184,4,5,,,,,,,,,,,,,
186,1,2,,,,,,,,,,,,,
186,2,2,,,,,,,,,,,,,
186,11,18,,,,,,,,,,,,,
186,12,18,,,,,,,,,,,,,
189,1,4,,,,,,,,,,,,,
189,2,1,,,,,,,,,,,,,
189,4,3,,,,,,,,,,,,,
189,11,16,,,,,,,,,,,,,
189,12,15,,,,,,,,,,,,,
195,1,2,,,,,,,,,,,,,
195,2,1,,,,,,,,,,,,,
195,4,1,,,,,,,,,,,,,
220,1,2,,,1,150000,,,,,,2,,,
220,2,1,,,,,,,,,,,,,
220,3,,,,1,150000,,,,,,2,,,
220,4,1,,,,,,,,,,,,,
220,11,8,,,,,,,,,,,,,
220,12,8,,,,,,,,,,,,,
222,1,2,,,,,1,110,253000,10,23000,2,,,
222,2,1,,,,,,,,,,,,,
222,3,,,,,,1,110,253000,10,23000,2,,,
222,4,1,,,,,,,,,,,,,
222,11,10,,,,,,,,,,,,,
222,12,10,,,,,,,,,,,,,
242,1,6,,,2,160000,,,,,,2,,,
242,2,4,,,,,,,,,,,,,
242,4,2,,,2,160000,,,,,,2,,,
242,6,1,,,1,90000,,,,,,2,,,
242,8,1,,,1,90000,,,,,,2,,,
242,9,10,,,,,,,,,,,,,
242,11,10,,,,,10,,,10,10000,,,,
242,12,10,,,,,10,,,10,10000,,,,
242,13,22,,,10,60000,15,,,35,60000,2,,,
242,14,22,,,10,60000,15,,,35,60000,2,,,
264,1,5,,,,,,,,,,,,,
264,2,3,,,,,,,,,,,,,
264,4,2,,,,,,,,,,,,,
264,19,8,,,,,,,,,,,,,
265,1,2,,,,,,,,,,,,,
265,2,1,,,,,,,,,,,,,
265,4,1,,,,,,,,,,,,,
265,10,1,,,,,,,,,,,,,
266,1,2,,,,,,,,,,,,,
266,2,1,,,,,,,,,,,,,
266,4,1,,,,,,,,,,,,,
266,6,3,,,,,,,,,,,,,
266,8,3,,,,,,,,,,,,,
266,11,5,,,,,,,,,,,,,
266,12,5,,,,,,,,,,,,,
266,19,10,,,,,,,,,,,,,
268,1,2,,,,,,,,,,,,,
268,2,1,,,,,,,,,,,,,
268,4,1,,,,,,,,,,,,,
268,11,5,,,,,3,,,5,9000,,,,
268,12,5,,,,,3,,,5,9000,,,,
269,1,7,,,,,1,,,60,140000,,,,20
269,2,4,,,,,,,,,,,,,
269,4,3,,,,,1,,,60,140000,,,,20
269,6,,,,,,1,,,50,150000,,,,10
269,8,,,,,,1,,,50,150000,,,,10
269,11,8,,,,,3,,,5,9000,,,,
269,12,8,,,,,3,,,5,9000,,,,
270,1,1,,,,,,,,,,,,,
270,2,1,,,,,,,,,,,,,
270,19,5,,,,,,,,,,,,,
280,1,3,,,3,150000,,,,,,2,,,
280,2,2,,,,,,,,,,,,,
280,3,1,,,,,,,,,,,,,
280,4,,,,3,150000,,,,,,2,,,
280,11,15,,,,,,,,,,,,,
280,12,10,,,,,,,,,,,,,
284,1,3,,,,,,,,,,,,,
284,2,2,,,,,,,,,,,,,
284,3,1,,,,,,,,,,,,,
284,11,10,,,,,,,,,,,,,
284,12,10,,,,,,,,,,,,,
285,11,5,,,,,,,,,,,,,
285,12,5,,,,,,,,,,,,,
286,11,10,,,,,,,,,,,,,
286,12,10,,,,,,,,,,,,,
298,11,10,,,,,,,,,,,,,
298,12,10,,,,,,,,,,,,,
301,11,10,,,,,,,,,,,,,
301,12,10,,,,,,,,,,,,,
302,11,20,,,,,,,,,,,,,
302,12,20,,,,,,,,,,,,,
305,11,7,,,,,,,,,,,,,
305,12,7,,,,,,,,,,,,,
334,1,3,,,1,270000,,,,,,2,,,
334,2,1,,,,,,,,,,,,,
334,3,1,,,1,270000,,,,,,2,,,
334,4,1,,,,,,,,,,,,,
334,11,10,20,30000,,,15,,,25,35000,,,,
334,12,10,,,,,,,,,,,,,
337,1,5,,,1,260000,,,,,,2,,,
337,2,2,,,,,,,,,,,,,
337,3,1,,,1,260000,,,,,,2,,,
337,4,2,,,,,,,,,,,,,
337,11,15,35,45000,,,20,,,35,45000,,,,
337,12,10,,,,,,,,,,,,,
340,1,3,,,1,240000,,,,,,2,,,
340,2,1,,,,,,,,,,,,,
340,3,1,,,1,240000,,,,,,2,,,
340,4,1,,,,,,,,,,,,,
340,11,15,30,40000,,,20,,,30,45000,,,,
340,12,10,,,,,,,,,,,,,
342,1,11,,,2,480000,1,120,240000,20,40000,2,4,,
342,2,4,,,,,,,,,,,,,
342,3,3,,,2,480000,1,120,240000,20,40000,2,4,,
342,4,4,,,,,,,,,,,,,
342,11,15,40,50000,,,25,,,35,45000,,,,
342,12,10,,,,,,,,,,,,,
342,19,52,,,,,,,,,,,,,
343,1,4,,,,,,,,,,,,,
343,2,2,,,,,,,,,,,,,
343,4,2,,,,,,,,,,,,,
343,9,4,,,,,,,,,,,,,
344,1,5,,,,,1,70,140000,10,20000,2,,,
344,2,3,,,,,,,,,,,,,
344,3,2,,,,,1,70,140000,10,20000,2,,,
344,4,1,,,,,,,,,,,,,
345,1,4,,,,,1,80,160000,10,20000,2,,,
345,2,2,,,,,,,,,,,,,
345,3,,,,,,1,80,160000,10,20000,2,,,
345,4,2,,,,,,,,,,,,,
346,1,3,,,,,1,70,119000,10,17000,2,,,
346,2,2,,,,,1,70,119000,10,17000,2,,,
346,4,1,,,,,,,,,,,,,
346,9,6,,,,,,,,,,,,,
348,1,5,,,,,1,90,180000,10,20000,2,,,
348,2,3,,,,,,,,,,,,,
348,3,,,,,,1,90,180000,10,20000,2,,,
348,4,2,,,,,,,,,,,,,
348,11,8,,,,,2,,,2,3000,,,,
348,12,8,,,,,2,,,2,3000,,,,
350,1,3,,,,,1,90,180000,10,20000,2,,,
350,2,2,,,,,,,,,,,,,
350,3,,,,,,1,90,180000,10,20000,2,,,
350,4,1,,,,,,,,,,,,,
350,9,10,,,,,,,,,,,,,
350,11,10,,,,,3,,,3,4500,,,,
350,12,10,,,,,,,,,,,,,
373,1,23,,,5,1000000,,,,,,2,,,
373,2,11,,,,,,,,,,,,,
373,3,4,,,,,,,,,,,,,
373,4,8,,,5,1000000,,,,,,2,,,
373,10,2,,,,,,,,,,,,,
373,11,10,,,,,3,,,4.5,7200,,,,
373,12,10,,,,,3,,,4.5,7200,,,,
373,19,8,,,,,,,,,,,,,
375,1,4,,,1,200000,,,,,,2,,,
375,2,2,,,,,,,,,,,,,
375,4,2,,,1,200000,,,,,,2,,,
375,9,2,,,2,80000,1,,,15,37500,2,,,5
375,11,6,,,,,2,3.2,4800,,,2,,,
375,12,6,,,,,2,3.2,4800,,,2,,,
376,1,5,,,2,400000,,,,,,2,,,
376,2,2,,,,,,,,,,,,,
376,3,1,,,,,,,,,,,,,
376,4,2,,,2,400000,,,,,,2,,,
376,9,6,,,2,86000,2,,,30,75000,2,,,6
376,11,7,,,,,2,,,3,4500,,,,
376,12,7,,,,,2,,,3,4500,,,,
378,1,5,,,1,200000,,,,,,2,,,
378,2,2,,,,,,,,,,,,,
378,3,1,,,,,,,,,,,,,
378,4,2,,,1,200000,,,,,,2,,,
378,6,1,1,35000,,,,,,,,,,,
378,8,1,1,35000,,,,,,,,,,,
378,11,10,,,,,3,,,3,4500,,,,2
378,12,10,,,,,3,,,3,4500,,,,2
389,1,3,,,,,,,,,,,,,
389,2,2,,,,,,,,,,,,,
389,3,1,,,,,,,,,,,,,
389,11,18,,,,,5,,,5,10000,,,,
389,12,18,,,,,,,,,,,,,
390,1,3,,,,,1,45,90000,45,90000,2,,,
390,2,2,,,,,1,45,90000,45,90000,2,,,
390,4,1,,,,,,,,,,,,,
390,11,2,,,,,5,,,5,10000,,,,
390,12,2,,,,,5,,,5,10000,,,,
391,1,1,,,,,,,,,,,,,
391,4,1,,,,,,,,,,,,,
391,11,7,,,,,2,,,2,4000,,,,
391,12,7,,,,,,,,,,,,,
391,13,1,,,,,1,,,2.5,6250,,,,
391,14,1,,,,,,,,,,,,,
392,1,1,,,,,1,,,50,100000,,,,
392,2,1,,,,,,,,,,,,,
392,4,,,,,,1,,,50,100000,,,,10
393,11,5,,,,,,,,,,,,,
393,12,5,,,,,,,,,,,,,
394,1,2,,,,,,,,,,,,,
394,2,1,,,,,,,,,,,,,
394,4,1,,,,,,,,,,,,,
394,11,10,,,,,2,,,2,4000,,,,
394,12,10,,,,,2,,,2,4000,,,,
395,11,3,,,,,2,,,2,3000,,,,
395,12,3,,,,,2,,,2,3000,,,,
396,1,2,,,,,,,,,,,,,
396,2,1,,,,,,,,,,,,,
396,4,1,,,,,,,,,,,,,
396,6,,,,,,1,,,35,122500,,,,
396,8,,,,,,1,,,35,122500,,,,
396,11,6,,,,,1,,,1,2000,,,,
396,12,6,,,,,,,,,,,,,
396,13,1,,,,,,,,,,,,,
396,14,1,,,,,,,,,,,,,
397,11,15,,,,,5,,,8,13600,,,,
397,12,15,,,,,5,,,8,13600,,,,
398,1,12,,,,,1,80,160000,70,140000,2,,,
398,2,6,,,,,1,80,160000,70,140000,2,,,10
398,3,1,,,,,,,,,,,,,
398,4,5,,,,,,,,,,,,,
398,11,15,,,,,4,,,7,11900,,,,
398,12,15,,,,,4,,,7,11900,,,,
399,1,1,,,,,,,,,,,,,
399,4,1,,,,,,,,,,,,,
400,11,5,,,,,2,,,3,5100,,,,
400,12,5,,,,,2,,,3,5100,,,,
401,1,2,,,,,,,,,,,,,
401,2,1,,,,,,,,,,,,,
401,4,1,,,,,,,,,,,,,
401,11,5,,,,,3,,,4,6800,,,,
401,12,5,,,,,3,,,4,6800,,,,
403,1,3,,,,,,,,,,,,,
403,2,2,,,,,,,,,,,,,
403,4,1,,,,,,,,,,,,,
403,11,10,,,,,4,,,5,8500,,,,
403,12,10,,,,,4,,,5,8500,,,,
404,1,2,,,,,1,90,180000,40,80000,2,,,
404,2,1,,,,,,,,,,,,,
404,3,,,,,,1,90,180000,40,80000,2,,,15
404,4,1,,,,,,,,,,,,,
404,9,,,,,,10,100,250000,15,37500,4,,,
404,11,10,,,,,5,,,7,11900,,,,
404,12,10,,,,,5,,,7,11900,,,,
405,1,3,,,,,,,,,,,,,
405,2,2,,,,,,,,,,,,,
405,4,1,,,,,,,,,,,,,
405,11,15,,,,,4,,,4,6800,,,,
405,12,15,,,,,4,,,4,6800,,,,
415,1,4,,,2,320000,,,,,,2,,,
415,2,2,,,,,,,,,,,,,
415,4,2,,,,,,,,,,,,,
415,11,10,,,,,4,,,5,12500,,,,
415,12,10,,,,,4,,,5,12500,,,,
416,11,30,,,,,15,,,17,42500,,,,
416,12,30,,,,,15,,,17,42500,,,,
417,9,3,,,,,4,107,374500,5,17500,4,,,
417,11,7,,,,,6,,,7.5,18750,,,,
417,12,7,,,,,6,,,7.5,18750,,,,
418,9,6,,,,,2,,,27,94500,,,,
419,11,12,,,,,5,,,7,17500,,,,
419,12,12,,,,,5,,,7,17500,,,,
420,11,8,,,,,4,,,5,12500,,,,
420,12,8,,,,,4,,,5,12500,,,,
421,6,,2,60000,,,2,110,385000,10,35000,4,,,
421,8,,2,60000,,,2,110,385000,10,35000,4,,,
423,6,2,1,35000,,,1,,,30,105000,,,,20
423,8,2,1,35000,,,1,,,30,105000,,,,20
423,9,8,,,,,4,,,72,252000,,,,
423,11,50,70,35000,,,20,,,19,47500,,,,
423,12,50,,,,,20,,,19,47500,,,,
424,1,3,,,,,,,,,,,,,
424,2,1,,,,,,,,,,,,,
424,4,1,,,,,,,,,,,,,
424,6,6,,,4,120000,1,,,25,80000,2,,,30
424,7,1,,,,,,,,,,,,,
424,8,5,,,4,120000,,,,,,2,,,
424,11,10,,,,,5,,,6,15000,,,,
424,12,10,,,,,5,,,6,15000,,,,
424,13,2,,,,,,,,,,,,,
424,14,2,,,,,,,,,,,,,
426,11,5,,,,,2,,,2.5,6250,,,,
426,12,5,,,,,2,,,2.5,6250,,,,
427,6,,1,30000,,,1,,,50,160000,,,,10
427,8,,1,30000,,,,,,,,,,,
427,11,4,,,,,,,,,,,,,
427,12,4,,,,,,,,,,,,,
428,1,6,,,,,,,,,,,,,
428,2,2,,,,,,,,,,,,,
428,4,2,,,,,,,,,,,,,
428,6,1,2,70000,,,1,20,64000,35,112000,2,,,10
428,8,1,2,70000,,,,,,,,,,,
428,10,,,,,,3,,,3,7500,,,,
428,11,9,,,,,,,,,,,,,
428,12,9,,,,,,,,,,,,,
429,1,10,,,,,1,50,100000,10,20000,2,,,15
429,2,5,,,,,,,,,,,,,
429,4,3,,,,,,,,,,,,,
429,6,17,,,,,24,920,2944000,40,128000,2,,,20
429,7,3,,,,,,,,,,,,,
429,8,10,,,,,,,,,,,,,
429,11,40,,,,,10,,,10,25000,,,,
429,12,30,,,,,,,,,,,,,
429,19,1,,,,,,,,,,,,,
430,1,5,,,2,160000,,,,,,2,,,
430,2,3,,,,,,,,,,,,,
430,6,2,3,90000,,,1,,,40,128000,,,,25
430,8,2,3,90000,,,,,,,,,,,
430,11,20,,,,,6,,,7,17500,,,,
430,12,20,,,,,,,,,,,,,
431,1,2,,,1,100000,,,,,,2,,,
431,2,1,,,,,,,,,,,,,
431,6,3,,,3,90000,1,,,40,128000,2,,,10
431,7,1,,,,,,,,,,,,,
431,8,2,,,3,90000,,,,,,2,,,
431,11,12,,,,,5,,,6.5,16250,,,,
431,12,12,,,,,5,,,6.5,16250,,,,
431,13,3,,,,,,,,,,,,,
431,14,3,,,,,,,,,,,,,
432,6,1,2,65000,,,1,10,32000,35,112000,2,,,15
432,8,1,2,65000,,,,,,,,,,,
432,11,10,,,,,6,,,6,15000,,,,
432,12,10,,,,,,,,,,,,,
552,1,4,,,,,2,280,560000,7,14000,2,4,,8
552,2,2,,,,,,,,,,,,,
552,3,,,,,,2,280,560000,7,14000,2,4,,8
552,6,2,,,1,80000,,,,,,2,,,
552,8,2,,,1,80000,,,,,,2,,,
552,11,20,,,,,,,,,,,,,
552,12,15,,,,,,,,,,,,,
553,1,3,,,1,350000,,,,,,2,,,
553,2,2,,,1,350000,,,,,,2,,,
553,3,1,,,,,,,,,,,,,
553,6,3,,,,,,,,,,,,,
553,8,3,,,,,,,,,,,,,
553,11,18,,,,,,,,,,,,,
553,12,15,,,,,,,,,,,,,
555,1,3,,,,,1,130,260000,12,24000,2,4,,
555,2,1,,,,,,,,,,,,,
555,3,2,,,,,1,130,260000,12,24000,2,4,,
555,11,15,,,,,,,,,,,,,
555,12,10,,,,,,,,,,,,,
557,1,2,,,1,250000,,,,,,2,,,
557,2,2,,,,,,,,,,,,,
557,3,,,,1,250000,,,,,,2,,,
557,9,10,,,5,190000,,,,,,2,8,,
557,11,14,,,,,,,,,,,,,
557,12,10,,,,,,,,,,,,,
557,19,10,,,,,,,,,,,,,
558,1,2,,,1,380000,,,,,,2,,,
558,2,1,,,1,380000,,,,,,2,,,
558,3,1,,,,,,,,,,,,,
558,6,1,,,,,,,,,,,,,
558,8,1,,,,,,,,,,,,,
558,11,18,,,,,,,,,,,,,
558,12,15,,,,,,,,,,,,,
559,1,5,,,3,650000,1,150,315000,12,25200,2,4,,
559,2,2,,,1,300000,,,,,,2,,,
559,3,1,,,,,1,150,315000,12,25200,2,4,,
559,4,2,,,2,350000,,,,,,2,,,
559,11,16,,,,,6,,,9,16000,,,,
559,12,16,,,,,6,,,9,16000,,,,
560,1,6,,,2,360000,1,155,325000,16,33600,2,4,,9
560,2,2,,,,,,,,,,,,,
560,3,2,,,,,1,155,325000,16,33600,2,4,,9
560,4,2,,,2,360000,,,,,,2,,,
560,11,20,,,6,20000,7,,,11,17600,2,,,
560,12,20,,,6,20000,7,,,11,17600,2,,,
561,1,4,,,2,360000,1,145,290000,15,30000,2,8,,
561,2,2,,,,,,,,,,,,,
561,3,,,,,,1,145,290000,15,30000,2,8,,
561,4,2,,,2,360000,,,,,,2,,,
561,9,30,,,5,230000,1,14,35000,13,32500,2,4,,
561,11,20,,,,,7,,,10,16000,,,,
561,12,20,,,,,7,,,10,16000,,,,
563,1,4,,,2,360000,2,290,609000,,,2,8,,
563,2,2,,,,,1,140,294000,,,2,8,,
563,3,1,,,,,1,150,315000,,,2,8,,
563,4,1,,,2,360000,,,,,,2,8,,
563,9,38,,,6,280000,1,,,15,37500,,2,,
563,11,18,,,,,7,,,10,16000,,,,
563,12,18,,,,,7,,,10,16000,,,,
565,11,16,,,,,5,,,7.5,12000,,,,
565,12,16,,,,,5,,,7.5,12000,,,,
566,11,15,,,,,5,,,8,12800,,,,
566,12,15,,,,,5,,,8,12800,,,,
568,1,4,,,2,360000,2,270,540000,40,80000,2,8,9,
568,2,2,,,,,1,130,260000,20,40000,2,8,9,
568,3,1,,,,,1,140,280000,20,40000,2,8,9,
568,4,1,,,2,360000,,,,,,2,8,,
568,11,18,,,,,6,,,10,16000,,,,
568,12,18,,,,,6,,,10,16000,,,,
570,1,3,,,2,500000,1,140,280000,20,40000,2,,,
570,2,2,,,1,320000,,,,,,2,,,
570,3,,,,,,1,140,280000,20,40000,2,,,
570,4,1,,,1,180000,,,,,,2,,,
570,11,14,,,,,7,,,10,16000,,,,
570,12,14,,,,,7,,,10,16000,,,,
571,11,16,,,,,6,,,9,17000,,,,
571,12,16,,,,,6,,,9,17000,,,,
572,1,5,,,2,480000,1,145,290000,20,40000,2,8,,
572,2,2,,,1,300000,,,,,,2,8,,
572,3,1,,,,,1,145,290000,20,40000,2,8,,
572,4,2,,,1,180000,,,,,,2,8,,
572,11,17,,,,,7,,,10,16000,,,,
572,12,17,,,,,7,,,10,16000,,,,
573,11,15,,,,,4,,,6,10000,,,,
573,12,15,,,,,4,,,6,10000,,,,
574,11,10,,,,,4,,,6,10000,,,,
574,12,10,,,,,4,,,6,10000,,,,
577,1,1,,,,,,,,,,,,,
577,2,1,,,,,,,,,,,,,
580,10,1,,,,,,,,,,,,,
580,11,3,,,,,,,,,,,,,
580,12,3,,,,,,,,,,,,,
581,1,3,1,400000,1,120000,,,,,,2,,,
581,2,2,1,400000,,,,,,,,,,,
581,4,1,,,1,120000,,,,,,2,,,
584,11,6,,,,,,,,,,,,,
584,12,4,,,,,,,,,,,,,
585,11,15,,,,,,,,,,,,,
585,12,10,,,,,,,,,,,,,
590,11,10,,,,,5,,,8,16000,,,,
590,12,10,,,,,5,,,8,16000,,,,
600,11,15,,,,,10,,,10,15500,,,,
600,12,10,,,,,,,,,,,,,
602,11,10,,,,,6,,,9,13600,,,,
602,12,9,,,,,6,,,9,13600,,,,
615,11,5,,,,,,,,,,,,,
631,1,1,,,,,,,,,,,,,
631,2,1,,,,,,,,,,,,,
631,11,10,,,,,,,,,,,,,
631,12,10,,,,,,,,,,,,,
634,1,2,,,,,,,,,,,,,
634,2,1,,,,,,,,,,,,,
634,4,1,,,,,,,,,,,,,
634,9,4,,,,,,,,,,,,,
634,11,4,,,,,,,,,,,,,
634,12,4,,,,,,,,,,,,,
635,11,13,,,,,,,,,,,,,
635,12,10,,,,,,,,,,,,,
636,11,10,,,,,,,,,,,,,
636,12,10,,,,,,,,,,,,,
637,11,7,,,,,,,,,,,,,
637,12,7,,,,,,,,,,,,,
639,11,10,,,,,,,,,,,,,
639,12,10,,,,,,,,,,,,,
649,1,2,,,1,300000,,,,,,2,,,
649,2,1,,,,,,,,,,,,,
649,3,,,,1,300000,,,,,,2,,,
649,4,1,,,,,,,,,,,,,
649,11,15,5,3000,,,,,,,,,,,
649,12,10,,,,,,,,,,,,,
650,1,2,,,1,180000,,,,,,2,,,
650,2,1,,,,,,,,,,,,,
650,4,1,,,1,180000,,,,,,2,,,
650,11,17,,,,,,,,,,,,,
650,12,15,,,,,,,,,,,,,
651,1,3,,,1,170000,,,,,,2,,,
651,2,1,,,,,,,,,,,,,
651,4,2,,,1,170000,,,,,,2,,,
651,11,15,,,2,10000,2,,,2,7000,2,,,
651,12,10,,,,,,,,,,,,,
652,1,2,,,,,1,60,138000,10,23000,2,,,
652,2,1,,,,,,,,,,,,,
652,4,1,,,,,1,60,138000,10,23000,2,,,
652,11,8,,,,,,,,,,,,,
652,12,8,,,,,,,,,,,,,
654,1,2,,,1,161000,,,,,,2,,,
654,2,1,,,,,,,,,,,,,
654,4,1,,,1,161000,,,,,,2,,,
654,11,20,,,,,,,,,,,,,
654,12,20,,,,,,,,,,,,,
655,1,2,,,1,180000,,,,,,2,,,
655,2,1,,,,,,,,,,,,,
655,4,1,,,1,180000,,,,,,2,,,
655,11,20,10,6000,,,,,,,,,,,
655,12,10,,,,,,,,,,,,,
656,1,4,,,1,170000,,,,,,2,,,
656,2,2,,,,,,,,,,,,,
656,4,2,,,1,170000,,,,,,2,,,
656,11,12,,,,,,,,,,,,,
656,12,10,,,,,,,,,,,,,
657,1,2,,,,,1,70,161000,10,23000,2,,,
657,2,1,,,,,,,,,,,,,
657,4,1,,,,,1,70,161000,10,23000,2,,,
657,11,12,,,,,,,,,,,,,
657,12,10,,,,,,,,,,,,,
660,1,4,,,1,100000,,,,,,2,,,
660,2,2,,,,,,,,,,,,,
660,4,2,,,1,100000,,,,,,2,,,
660,11,10,,,,,2,,,4,6000,,,,
660,12,10,,,,,2,,,4,6000,,,,
664,1,4,,,1,90000,,,,,,2,,,
664,2,2,,,,,,,,,,,,,
664,4,2,,,1,90000,,,,,,2,,,
664,11,10,,,,,2,,,4,6000,,,,
664,12,10,,,,,2,,,4,6000,,,,
665,1,3,,,,,,,,,,,,,
665,2,2,,,,,,,,,,,,,
665,4,1,,,,,,,,,,,,,
665,11,20,10,20000,,,2,,,3,4500,,,,
665,12,20,10,20000,,,2,,,3,4500,,,,
666,1,2,,,,,,,,,,,,,
666,2,1,,,,,,,,,,,,,
666,4,1,,,,,,,,,,,,,
666,11,8,8,16000,,,1,,,1.5,2300,,,,
666,12,8,8,16000,,,1,,,1.5,2300,,,,
690,13,10,,,2,10000,5,,,15,30000,8,,,
690,14,10,,,2,1000,5,,,15,30000,8,,,
690,19,10,,,,,,,,,,,,,
691,1,1,,,,,,,,,,,,,
691,2,1,,,,,,,,,,,,,
714,1,2,,,,,,,,,,,,,
714,2,1,,,,,,,,,,,,,
714,5,1,,,,,,,,,,,,,
714,6,,,,,,1,,,25,75000,,,,
714,8,,,,,,1,,,25,75000,,,,
714,11,18,,,,,,,,,,,,,
714,12,15,,,,,,,,,,,,,
719,11,10,,,,,,,,,,,,,
719,12,10,,,,,,,,,,,,,
720,1,2,,,,,,,,,,,,,
720,2,1,,,,,,,,,,,,,
720,3,1,,,,,,,,,,,,,
720,11,10,,,,,,,,,,,,,
720,12,7,,,,,,,,,,,,,
758,1,5,,,,,2,240,480000,10,20000,2,,,20
758,2,2,,,,,,,,,,,,,
758,3,,,,,,1,170,340000,10,20000,2,,,20
758,4,3,,,,,1,70,140000,,,2,,,
758,11,20,,,,,,,,,,,,,
758,12,20,,,,,,,,,,,,,
759,1,4,,,,,1,70,140000,10,20000,1,,,10
759,2,2,,,,,,,,,,,,,
759,4,2,,,,,1,70,140000,10,20000,1,,,10
759,11,15,,,,,,,,,,,,,
759,12,15,,,,,,,,,,,,,
760,1,1,,,,,2,230,460000,20,40000,2,,,30
760,2,1,,,,,2,230,460000,20,40000,2,,,30
760,6,1,,,,,,,,,,,,,
760,7,1,,,,,,,,,,,,,
761,1,4,,,,,2,340,480000,30,60000,2,4,,10
761,2,2,,,,,,,,,,,,,
761,3,,,,,,1,170,340000,20,40000,2,4,,10
761,4,2,,,,,1,70,140000,10,20000,2,,,
761,6,2,,,,,5,250,800000,,,2,4,,
761,7,2,,,,,,,,,,,,,
761,11,40,,,,,,,,,,,,,
761,12,40,,,,,,,,,,,,,
763,1,5,,,,,2,270,540000,10,20000,2,,,40
763,2,3,,,,,,,,,,,,,
763,3,,,,,,1,200,400000,10,20000,2,,,40
763,4,2,,,,,1,70,140000,,,2,,,
763,11,20,,,,,,,,,,,,,
763,12,20,,,,,,,,,,,,,
775,1,5,,,,,1,80,176000,10,22000,2,,,
775,2,1,,,,,,,,,,,,,
775,3,3,,,,,1,80,176000,10,22000,2,,,
775,4,1,,,,,,,,,,,,,
775,9,10,,,,,,,,,,,,,
778,1,2,,,1,60000,,,,,,2,,,
778,2,1,,,,,,,,,,,,,
778,4,1,,,1,60000,,,,,,2,,,
779,1,4,,,,,1,80,160000,10,20000,2,,,
779,2,1,,,,,,,,,,,,,
779,3,2,,,,,1,80,160000,10,20000,2,,,
779,4,1,,,,,,,,,,,,,
779,11,18,,,,,2,,,2,3000,,,,
779,12,18,,,,,2,,,2,3000,,,,
793,11,5,,,,,2,,,3,6000,,,,
793,12,5,,,,,2,,,3,6000,,,,
794,1,5,,,2,620000,,,,,,2,,,
794,2,3,,,,,,,,,,,,,
794,4,2,,,2,620000,,,,,,2,,,
794,9,8,,,5,200000,3,20,50000,40,100000,1,2,8,
794,11,11,,,,,,,,,,,,,
794,12,11,,,,,,,,,,,,,
795,1,8,,,3,920000,1,180,350000,20,38000,2,,,
795,2,4,,,,,,,,,,,,,
795,4,4,,,3,920000,1,180,350000,20,38000,2,,,
795,9,6,,,3,120000,2,,,40,100000,2,8,,
795,11,20,,,,,4,,,7,11000,,,,
795,12,20,,,,,4,,,7,11000,,,,
796,1,6,,,2,680000,,,,,,2,,,
796,2,3,,,,,,,,,,,,,
796,4,3,,,2,680000,,,,,,2,,,
796,9,5,,,3,100000,2,,,50,125000,2,8,,
796,11,10,,,,,2,,,3,6000,,,,
796,12,10,,,,,2,,,3,6000,,,,
797,1,9,,,3,880000,,,,,,2,,,
797,2,5,,,,,,,,,,,,,
797,4,4,,,3,880000,,,,,,2,,,
797,9,18,,,7,300000,3,20,50000,50,125000,1,2,8,
797,11,20,,,,,4,,,7,11000,,,,
797,12,20,,,,,4,,,7,11000,,,,
798,1,2,,,,,,,,,,,,,
798,2,1,,,,,,,,,,,,,
798,4,1,,,,,,,,,,,,,
798,9,3,,,,,1,,,22,55000,,,,
798,11,10,,,,,,,,,,,,,
798,12,10,,,,,,,,,,,,,
799,1,6,,,3,800000,,,,,,,2,,
799,2,4,,,,,,,,,,,,,
799,4,2,,,3,800000,,,,,,,2,,
799,9,16,,,8,300000,3,30,75000,30,75000,2,8,,
799,11,20,,,,,5,,,8,12000,,,,
799,12,20,,,,,5,,,8,12000,,,,
800,1,4,,,2,580000,,,,,,2,,,
800,2,2,,,,,,,,,,,,,
800,4,2,,,2,580000,,,,,,2,,,
800,11,8,,,,,3,,,5,8000,,,,
800,12,8,,,,,3,,,5,8000,,,,
801,1,3,,,1,290000,,,,,,2,,,
801,2,2,,,,,,,,,,,,,
801,4,1,,,1,290000,,,,,,2,,,
801,9,6,,,4,120000,2,20,50000,20,50000,1,2,8,
801,11,14,,,,,5,,,9,14000,,,,
801,12,14,,,,,5,,,9,14000,,,,
812,11,5,,,,,,,,,,,,,
812,12,5,,,,,,,,,,,,,
813,11,11,,,,,,,,,,,,,
813,12,10,,,,,,,,,,,,,
815,11,5,,,,,,,,,,,,,
815,12,5,,,,,,,,,,,,,
816,11,21,,,,,,,,,,,,,
816,12,20,,,,,,,,,,,,,
820,1,2,,,,,1,120,240000,30,60000,2,,,
820,2,1,,,,,1,120,240000,30,60000,2,,,
820,4,1,,,,,,,,,,,,,
821,11,5,,,,,1,,,2,3000,,,,
821,12,5,,,,,1,,,2,3000,,,,
822,11,6,,,,,,,,,,,,,
822,12,6,,,,,,,,,,,,,
822,19,4,,,,,,,,,,,,,
826,1,8,,,2,500000,1,80,160000,40,80000,2,,,
826,2,3,,,,,1,80,160000,40,80000,2,,,
826,3,1,,,2,500000,,,,,,2,,,
826,4,4,,,,,,,,,,,,,
826,9,2,,,,,,,,,,,,,
826,11,8,,,,,2,,,2,4000,,,,
826,12,8,,,,,,,,,,,,,
828,9,12,,,2,60000,2,,,40,100000,2,,,
828,11,2,,,,,,,,,,,,,
828,12,2,,,,,,,,,,,,,
829,1,9,,,,,2,170,340000,100,200000,2,,,
829,2,4,,,,,1,90,180000,50,100000,2,,,25
829,3,1,,,,,1,80,160000,50,100000,2,,,
829,4,4,,,,,,,,,,,,,
829,9,7,,,3,100000,,,,,,2,,,
829,11,5,,,,,4,,,7,11900,,,,
829,12,5,,,,,4,,,7,11900,,,,
829,13,6,,,,,2,,,3,7500,,,,
829,14,6,,,,,2,,,3,7500,,,,
829,19,2,,,,,,,,,,,,,
830,1,2,,,,,,,,,,,,,
830,4,2,,,,,,,,,,,,,
830,11,15,,,2,10000,5,,,7,11900,2,,,
830,12,15,,,2,10000,5,,,7,11900,2,,,
832,1,4,,,,,,,,,,,,,
832,2,2,,,,,,,,,,,,,
832,4,2,,,,,,,,,,,,,
832,9,6,,,2,80000,,,,,,2,,,
832,11,7,,,,,4,,,6,10200,,,,
832,12,7,,,,,4,,,6,10200,,,,
832,19,2,,,,,,,,,,,,,
833,1,4,,,,,1,50,100000,80,160000,2,,,12
833,2,3,,,,,,,,,,,,,
833,3,,,,,,1,50,100000,80,160000,2,,,12
833,4,1,,,,,,,,,,,,,
833,9,10,,,2,90000,1,,,14,35000,2,,,
833,11,9,,,1,5000,4,,,6,10200,2,,,
833,12,9,,,1,5000,4,,,6,10200,2,,,
833,19,4,,,,,,,,,,,,,
834,1,3,,,,,,,,,,,,,
834,2,2,,,,,,,,,,,,,
834,4,1,,,,,,,,,,,,,
834,9,8,,,2,90000,2,,,34,85000,2,,,
834,11,7,,,3,15000,4,,,6,10200,2,,,
834,12,7,,,3,15000,4,,,6,10200,2,,,
834,13,10,,,4,12000,,,,,,2,,,
834,14,10,,,4,12000,,,,,,2,,,
835,1,3,,,,,1,70,140000,70,140000,2,,,15
835,2,1,,,,,,,,,,,,,
835,3,1,,,,,1,70,140000,70,140000,2,,,15
835,4,1,,,,,,,,,,,,,
835,9,9,,,2,90000,,,,,,2,,,
835,10,1,,,,,,,,,,,,,
835,11,5,,,,,3,,,5,8500,,,,
835,12,5,,,,,3,,,5,8500,,,,
836,1,2,,,,,,,,,,,,,
836,2,1,,,,,,,,,,,,,
836,4,1,,,,,,,,,,,,,
836,11,10,,,,,4,,,6,10200,,,,
836,12,10,,,,,4,,,6,10200,,,,
836,19,10,,,,,,,,,,,,,
837,1,5,,,,,1,50,100000,90,180000,2,,,20
837,2,2,,,,,1,50,100000,90,180000,2,,,20
837,3,1,,,,,,,,,,,,,
837,4,2,,,,,,,,,,,,,
837,11,9,,,,,4,,,6,10200,,,,
837,12,9,,,,,4,,,6,10200,,,,
837,13,20,,,3,10000,3,,,5,12500,2,,,
837,14,20,,,3,10000,3,,,5,12500,2,,,
837,19,20,,,,,,,,,,,,,
838,1,4,,,,,2,210,525000,10,25000,4,,,
838,2,2,,,,,,,,,,,,,
838,3,,,,,,2,210,525000,10,25000,4,,,
838,4,2,,,,,,,,,,,,,
838,11,10,,,,,5,,,6,15000,,,,
838,12,10,,,,,5,,,6,15000,,,,
839,1,2,,,1,140000,,,,,,2,,,
839,2,1,,,,,,,,,,,,,
839,4,1,,,,,,,,,,,,,
839,11,10,,,,,4,,,5,12500,,,,
839,12,10,,,,,4,,,5,12500,,,,
840,1,4,,,,,15,1043,2086000,23,52900,2,4,,
840,2,1,,,,,5,73,146000,23,52900,2,,,
840,3,,,,,,5,620,1240000,,,4,,,
840,4,3,,,,,5,350,700000,,,4,,,
840,6,1,1,25000,,,,,,,,,,,
840,11,10,,,,,2,,,4,10000,,,,
840,12,10,,,,,2,,,4,10000,,,,
841,1,10,,,,,5,470,1081000,13,29900,3,,,
841,2,5,,,,,,,,,,,,,
841,3,,,,,,5,470,1081000,13,29900,3,,,
841,4,5,,,,,,,,,,,,,
841,11,13,,,,,4,,,6,15000,,,,
841,12,13,,,,,4,,,6,15000,,,,
842,1,2,,,1,130000,,,,,,2,,,
842,2,1,,,,,,,,,,,,,
842,11,12,,,,,5,,,6,15000,,,,
842,12,12,,,,,5,,,6,15000,,,,
843,1,2,,,,,1,75,172500,7,16100,4,,,
843,2,1,,,,,,,,,,,,,
843,3,1,,,,,,,,,,,,,
843,6,1,1,30000,,,,,,,,,,,
843,11,20,,,,,10,,,13,32500,,,,
843,12,20,,,,,10,,,13,32500,,,,
844,1,4,,,2,400000,,,,,,2,,,
844,2,2,,,,,,,,,,,,,
844,4,2,,,,,,,,,,,,,
844,11,7,,,,,4,,,5,12500,,,,
844,12,7,,,,,4,,,5,12500,,,,
845,11,15,,,,,6,,,7,17500,,,,
845,12,15,,,,,6,,,7,17500,,,,
846,1,2,,,2,290000,,,,,,2,,,
846,2,1,,,,,,,,,,,,,
846,4,1,,,2,290000,,,,,,2,,,
846,11,9,,,,,4,,,6,15000,,,,
846,12,9,,,,,4,,,6,15000,,,,
847,11,30,,,,,14,,,13,26000,,,,3
847,12,30,,,,,14,,,13,26000,,,,3
848,1,10,,,,,3,300,540000,10,18000,2,,,10
848,2,5,,,,,,,,,,,,,
848,4,5,,,,,,,,,,,,,
848,6,,,,,,1,25,75000,25,75000,2,,,
848,10,2,,,,,,,,,,,,,
848,11,15,,,,,10,,,4,8000,,,,6
848,12,15,,,,,10,,,4,8000,,,,6
849,1,4,,,,,2,200,400000,5,10000,2,,,10
849,2,2,,,,,,,,,,,,,
849,4,2,,,,,,,,,,,,,
849,11,40,,,,,10,,,12,24000,,,,2
849,12,40,,,,,10,,,12,24000,,,,2
849,19,5,,,,,,,,,,,,,
851,11,25,,,,,1,,,13,26000,,,,4
851,12,25,,,,,1,,,13,26000,,,,4
851,19,5,,,,,,,,,,,,,
853,1,6,,,2,220000,,,,,,2,,,
853,2,3,,,,,,,,,,,,,
853,4,3,,,,,,,,,,,,,
853,10,1,,,,,,,,,,,,,
853,11,10,,,,,6,,,5,10000,,,,2
853,12,10,,,,,6,,,5,10000,,,,2
854,1,4,,,1,95000,,,,,,2,,,
854,2,2,,,,,,,,,,,,,
854,4,2,,,,,,,,,,,,,
854,11,14,,,,,8,,,7,14000,,,,2
854,12,14,,,,,8,,,7,14000,,,,2
854,19,1,,,,,,,,,,,,,
855,1,2,,,3,400000,1,70,140000,20,40000,2,,,15
855,2,1,,,,,,,,,,,,,
855,4,1,,,,,,,,,,,,,
855,11,25,,,,,7,,,6,12000,,,,3
855,12,25,,,,,7,,,6,12000,,,,3
855,19,2,,,,,,,,,,,,,
856,11,10,10,20000,,,,,,,,,,,
856,12,10,,,,,,,,,,,,,
859,6,11,1,40000,,,,,,,,,,,
859,7,1,,,,,,,,,,,,,
859,8,10,,,,,,,,,,,,,
859,11,10,15,25500,,,5,,,6.5,16250,,,,
859,12,10,,,,,,,,,,,,,
859,19,2,,,,,,,,,,,,,
953,1,5,,,,,1,38,78000,15,30000,4,,,
953,2,2,,,,,,,,,,,,,
953,3,1,,,,,,,,,,,,,
953,4,2,,,,,1,38,78000,15,30000,4,,,
953,10,1,,,,,,,,,,,,,
953,11,10,,,,,4,,,4,7000,,,,
953,12,10,,,,,4,,,4,7000,,,,
954,1,10,,,,,,,,,,,,,
954,2,5,,,,,,,,,,,,,
954,4,5,,,,,,,,,,,,,
954,11,10,,,,,,,,,,,,,
954,12,10,,,,,,,,,,,,,
985,1,1,,,1,230000,,,,,,2,,,
985,2,1,,,,,,,,,,,,,
985,3,,,,1,230000,,,,,,2,,,
985,6,2,2,60000,,,,,,,,,,,
985,8,2,2,60000,,,,,,,,,,,
985,11,12,,,,,,,,,,,,,
985,12,12,,,,,,,,,,,,,
986,1,2,,,,,1,140,280000,6,12000,2,4,,
986,2,2,,,,,,,,,,,,,
986,3,,,,,,1,140,280000,6,12000,2,4,,
986,6,1,,,,,,,,,,,,,
986,8,1,,,,,,,,,,,,,
986,11,13,,,,,,,,,,,,,
986,12,10,,,,,,,,,,,,,
987,1,3,,,1,270000,,,,,,2,,,
987,2,1,,,,,,,,,,,,,
987,3,2,,,1,270000,,,,,,2,,,
987,11,8,,,,,,,,,,,,,
987,12,8,,,,,,,,,,,,,
1002,11,15,,,,,5,,,7.5,12000,,,,
1002,12,10,,,,,5,,,7.5,12000,,,,
1003,11,15,,,,,6,,,10,16000,,,,
1003,12,10,,,,,6,,,10,16000,,,,
1004,1,6,,,2,500000,1,150,300000,20,40000,2,8,,
1004,2,2,,,1,330000,,,,,,2,8,,
1004,3,1,,,,,1,150,300000,20,40000,2,8,,
1004,4,3,,,1,170000,,,,,,2,8,,
1004,11,17,,,,,6,,,10,16000,,,,
1004,12,12,,,,,6,,,10,16000,,,,
1005,1,5,,,1,180000,2,278,556000,30,60000,2,8,,
1005,2,2,,,,,1,130,260000,15,30000,2,8,,
1005,3,1,,,,,1,148,296000,15,30000,2,8,,
1005,4,2,,,1,180000,,,,,,2,8,,
1005,9,30,,,6,260000,2,15,37500,13,32500,2,4,,
1005,11,18,,,,,7,,,10,16000,,,,
1005,12,14,,,,,7,,,10,16000,,,,
1006,1,6,,,2,480000,1,148,296000,18,36000,2,8,,
1006,2,3,,,1,300000,,,,,,2,8,,
1006,3,1,,,,,1,148,296000,18,36000,2,8,9,
1006,4,2,,,1,180000,,,,,,2,8,,
1006,11,20,,,,,7,,,11,17600,,,,
1006,12,14,,,,,7,,,11,17600,,,,
1009,11,15,,,,,,,,,,,,,
1009,12,15,,,,,,,,,,,,,
1011,11,20,,,,,1,,,1.5,2600,,,,
1011,12,20,,,,,1,,,1.5,2600,,,,
1012,11,12,,,,,,,,,,,,,
1012,12,12,,,,,,,,,,,,,
1017,1,,,,2,550000,,,,,,2,,,
1017,2,,,,1,400000,,,,,,2,,,
1017,4,,,,1,150000,,,,,,2,,,
1017,11,20,,,,,,,,,,,,,
1017,12,20,,,,,,,,,,,,,
1024,11,10,,,,,3,,,4,6000,,,,
1024,12,10,,,,,3,,,4,6000,,,,
1057,1,3,,,,,,,,,,,,,
1057,2,2,,,,,,,,,,,,,
1057,3,1,,,,,,,,,,,,,
1057,6,2,,,,,,,,,,,,,
1057,7,2,,,,,,,,,,,,,
1057,11,10,,,,,,,,,,,,,
1057,12,10,,,,,,,,,,,,,
1065,11,12,,,,,,,,,,,,,
1065,12,12,,,,,,,,,,,,,
1066,11,10,,,,,,,,,,,,,
1066,12,10,,,,,,,,,,,,,
1067,11,12,,,,,,,,,,,,,
1067,12,12,,,,,,,,,,,,,
1068,1,1,,,,,,,,,,,,,
1068,2,1,,,,,,,,,,,,,
1068,11,10,,,,,,,,,,,,,
1068,12,10,,,,,,,,,,,,,
1070,11,20,,,,,,,,,,,,,
1070,12,20,,,,,,,,,,,,,
1071,6,2,,,,,,,,,,,,,
1071,8,2,,,,,,,,,,,,,
1071,11,30,,,,,,,,,,,,,
1071,12,30,,,,,,,,,,,,,
1081,1,3,,,1,180000,,,,,,2,,,
1081,2,1,,,,,,,,,,,,,
1081,3,1,,,1,180000,,,,,,2,,,
1081,4,1,,,,,,,,,,,,,
1081,6,2,,,,,1,40,120000,5,15000,2,,,
1081,7,,,,,,1,40,120000,5,15000,2,,,
1081,8,2,,,,,,,,,,,,,
1081,11,12,,,,,,,,,,,,,
1081,12,10,,,,,,,,,,,,,
1082,1,2,,,1,170000,,,,,,2,,,
1082,2,1,,,,,,,,,,,,,
1082,4,1,,,1,170000,,,,,,2,,,
1082,11,12,,,,,,,,,,,,,
1082,12,10,,,,,,,,,,,,,
1083,1,2,,,1,175000,,,,,,2,,,
1083,2,1,,,,,,,,,,,,,
1083,4,1,,,1,175000,,,,,,2,,,
1083,11,15,,,,,2,,,2.5,4000,,,,
1083,12,13,,,,,,,,,,,,,
1086,1,2,,,,,1,80,184000,,,2,,,
1086,2,1,,,,,,,,,,,,,
1086,4,1,,,,,1,80,184000,,,2,,,
1086,11,20,10,6000,,,,,,,,,,,
1086,12,10,,,,,,,,,,,,,
1087,1,4,1,75000,1,170000,,,,,,2,,,
1087,2,1,,,,,,,,,,,,,
1087,3,1,,,1,170000,,,,,,2,,,
1087,4,2,1,75000,,,,,,,,,,,
1087,11,10,,,,,,,,,,,,,
1087,12,10,,,,,,,,,,,,,
1088,1,2,,,1,150000,,,,,,2,,,
1088,2,1,,,,,,,,,,,,,
1088,4,1,,,1,150000,,,,,,2,,,
1088,11,10,,,,,,,,,,,,,
1088,12,10,,,,,,,,,,,,,
1089,1,2,,,,,1,120,276000,10,23000,2,4,,
1089,2,1,,,,,,,,,,,,,
1089,3,,,,,,1,120,276000,10,23000,2,4,,
1089,4,1,,,,,,,,,,,,,
1089,11,20,10,6000,,,,,,,,,,,
1089,12,10,,,,,,,,,,,,,
1093,1,2,,,1,90000,,,,,,2,,,
1093,2,1,,,,,,,,,,,,,
1093,4,1,,,1,90000,,,,,,2,,,
1098,1,2,,,,,,,,,,,,,
1098,2,1,,,,,,,,,,,,,
1098,4,1,,,,,,,,,,,,,
1098,11,5,,,,,,,,,,,,,
1098,12,5,,,,,,,,,,,,,
1099,1,2,,,1,190000,,,,,,3,,,
1099,2,1,,,,,,,,,,,,,
1099,3,,,,1,190000,,,,,,3,,,
1099,4,1,,,,,,,,,,,,,
1099,11,2,,,,,,,,,,,,,
1099,12,2,,,,,,,,,,,,,
1100,1,2,,,1,190000,,,,,,3,,,
1100,2,1,,,,,,,,,,,,,
1100,4,1,,,1,190000,,,,,,3,,,
1100,7,,,,1,220000,,,,,,3,,,
1100,11,10,,,,,,,,,,,,,
1100,12,10,,,,,,,,,,,,,
1101,1,2,,,,,,,,,,,,,
1101,2,1,,,,,,,,,,,,,
1101,4,1,,,,,,,,,,,,,
1101,11,10,,,,,,,,,,,,,
1101,12,10,,,,,,,,,,,,,
1103,1,4,,,1,190000,,,,,,2,,,
1103,2,2,,,,,,,,,,,,,
1103,4,2,,,1,190000,,,,,,2,,,
1103,11,10,,,,,4,,,6,8400,,,,
1103,12,10,,,,,4,,,6,8400,,,,
1103,13,6,,,,,2,,,4,6400,,,,
1103,14,6,,,,,2,,,4,6400,,,,
1107,1,2,,,,,,,,,,,,,
1107,2,1,,,,,,,,,,,,,
1107,4,1,,,,,,,,,,,,,
1117,1,1,2,120000,2,380000,,,,,,2,5,,
1117,2,1,,,,,,,,,,,,,
1117,3,,,,2,380000,,,,,,2,5,,
1117,4,,2,120000,,,,,,,,,,,
1117,11,18,18,10800,,,5,,,10,16000,,,,
1117,12,18,,,,,5,,,10,16000,,,,
1119,11,5,,,,,2,,,3,6000,,,,
1119,12,5,,,,,2,,,3,6000,,,,
1119,13,12,,,4,36000,5,,,15,45000,8,9,,
1119,14,12,,,4,36000,5,,,15,45000,8,9,,
1120,1,4,,,2,120000,,,,,,2,8,,
1120,2,3,,,,,,,,,,,,,
1120,4,1,,,2,120000,,,,,,2,8,,
1120,6,1,1,25000,,,,,,,,,,,
1120,8,1,1,25000,,,,,,,,,,,
1120,11,10,,,,,7,,,12,24000,,,,
1120,12,10,,,,,7,,,12,24000,,,,
1120,13,15,,,4,20000,12,,,36,108000,8,9,,
1120,14,15,,,4,20000,12,,,36,108000,8,9,,
1121,1,2,,,,,,,,,,,,,
1121,2,1,,,,,,,,,,,,,
1121,4,1,,,,,,,,,,,,,
1121,11,12,,,,,6,,,12,24000,,,,
1121,12,12,,,,,6,,,12,24000,,,,
1122,1,2,2,90000,,,,,,,,,,,
1122,3,2,,,,,,,,,,,,,
1122,4,,2,90000,,,,,,,,,,,
1122,10,1,,,,,,,,,,,,,
1122,11,10,,,,,15,,,15,30000,,,,
1122,12,10,,,,,,,,,,,,,
1123,11,10,,,,,4,12,18000,,,2,,,
1123,12,10,,,,,4,12,18000,,,2,,,
1124,1,5,,,,,1,30,80000,70,196000,2,8,9,
1124,2,3,,,,,,,,,,,,,
1124,3,,,,,,1,30,80000,70,196000,2,8,9,
1124,4,2,,,,,,,,,,,,,
1124,11,10,,,,,8,,,16,32000,,,,
1124,12,10,,,,,8,,,16,32000,,,,
1125,1,5,,,2,235000,,,,,,2,3,8,
1125,2,3,,,,,,,,,,,,,
1125,3,,,,1,170000,,,,,,2,3,8,
1125,4,2,,,1,65000,,,,,,2,3,8,
1125,11,6,,,,,,,,,,,,,
1125,12,6,,,,,,,,,,,,,
1146,1,2,,,,,,,,,,,,,
1146,2,2,,,,,,,,,,,,,
1146,11,10,,,,,,,,,,,,,
1146,12,10,,,,,,,,,,,,,
1147,1,2,,,,,,,,,,,,,
1147,2,2,,,,,,,,,,,,,
1147,11,6,,,,,,,,,,,,,
1147,12,6,,,,,,,,,,,,,
1148,1,1,,,,,,,,,,,,,
1148,2,1,,,,,,,,,,,,,
1148,11,5,,,,,,,,,,,,,
1148,12,5,,,,,,,,,,,,,
1149,1,1,,,,,,,,,,,,,
1149,2,1,,,,,,,,,,,,,
1149,11,10,,,,,,,,,,,,,
1149,12,10,,,,,,,,,,,,,
1151,1,2,,,,,1,,,50,100000,,,,
1151,2,2,,,,,1,,,50,100000,,,,
1151,11,15,,,,,4,,,9,7000,,,,
1151,12,13,,,,,4,,,9,7000,,,,
1153,1,1,,,,,,,,,,,,,
1153,2,1,,,,,,,,,,,,,
1153,9,3,,,,,,,,,,,,,
1153,11,10,,,,,,,,,,,,,
1153,12,10,,,,,,,,,,,,,
1154,1,1,,,,,,,,,,,,,
1154,2,1,,,,,,,,,,,,,
1155,1,1,,,,,,,,,,,,,
1155,2,1,,,,,,,,,,,,,
1155,9,4,,,,,,,,,,,,,
1155,11,10,,,,,,,,,,,,,
1155,12,10,,,,,,,,,,,,,
1156,1,3,,,,,,,,,,,,,
1156,2,1,,,,,,,,,,,,,
1156,3,1,,,,,,,,,,,,,
1156,4,1,,,,,,,,,,,,,
1156,9,10,,,,,,,,,,,,,
1156,11,20,,,,,,,,,,,,,
1156,12,20,,,,,,,,,,,,,
1158,1,17,,,,,,,,,,,,,
1158,2,10,,,,,,,,,,,,,
1158,3,1,,,,,,,,,,,,,
1158,4,6,,,,,,,,,,,,,
1158,11,40,,,,,,,,,,,,,
1158,12,40,,,,,,,,,,,,,
1159,9,8,,,,,,,,,,,,,
1159,11,10,,,,,,,,,,,,,
1159,12,10,,,,,,,,,,,,,
1160,1,15,,,1,350000,,,,,,3,,,
1160,2,6,,,1,350000,,,,,,3,,,
1160,3,1,,,,,,,,,,,,,
1160,4,8,,,,,,,,,,,,,
1160,11,15,,,,,,,,,,,,,
1160,12,15,,,,,,,,,,,,,
1161,1,2,,,,,,,,,,,,,
1161,2,1,,,,,,,,,,,,,
1161,4,1,,,,,,,,,,,,,
1161,9,5,,,,,,,,,,,,,
1161,11,10,,,,,,,,,,,,,
1161,12,10,,,,,,,,,,,,,
1162,11,15,,,,,,,,,,,,,
1162,12,15,,,,,,,,,,,,,
1163,11,12,,,,,5,,,5,5000,,,,
1163,12,12,,,,,5,,,5,5000,,,,
1165,11,4,,,,,,,,,,,,,
1165,12,4,,,,,,,,,,,,,
1166,11,2,2,3000,,,,,,,,,,,
1166,12,2,,,,,,,,,,,,,
1167,1,1,1,90000,,,,,,,,,,,
1167,4,1,1,90000,,,,,,,,,,,
1167,11,15,,,,,5,,,6,6000,,,,
1167,12,15,,,,,3,,,3,3000,,,,
1168,1,90,,,40,2000000,2,100,200000,30,60000,5,,,
1168,2,50,,,,,,,,,,,,,
1168,4,40,,,40,2000000,2,100,200000,30,60000,5,,,
1168,11,7,,,,,,,,,,,,,
1168,12,7,,,,,,,,,,,,,
1169,11,20,,,,,4,,,4,4000,,,,
1169,12,20,,,,,,,,,,,,,
1171,11,6,,,,,,,,,,,,,
1171,12,5,,,,,,,,,,,,,
1175,11,9,,,,,,,,,,,,,
1175,12,9,,,,,,,,,,,,,
1176,11,10,,,,,,,,,,,,,
1176,12,10,,,,,,,,,,,,,
1198,1,3,,,1,260000,,,,,,2,,,
1198,2,1,,,,,,,,,,,,,
1198,3,1,,,1,260000,,,,,,2,,,
1198,4,1,,,,,,,,,,,,,
1198,9,8,,,4,120000,,,,,,2,,,
1198,11,10,30,40000,,,20,,,30,45000,,,,
1198,12,10,,,,,,,,,,,,,
1199,1,5,,,1,240000,,,,,,2,,,
1199,2,2,,,,,,,,,,,,,
1199,3,1,,,1,240000,,,,,,2,,,
1199,4,2,,,,,,,,,,,,,
1199,11,12,25,30000,,,15,,,25,35000,,,,
1199,12,10,,,,,,,,,,,,,
1200,1,6,,,2,290000,,,,,,2,,,
1200,2,2,,,,,,,,,,,,,
1200,3,2,,,1,230000,,,,,,2,,,
1200,4,2,,,1,60000,,,,,,2,,,
1200,11,12,30,40000,,,25,,,35,45000,,,,
1200,12,10,,,,,,,,,,,,,
1201,1,8,,,2,460000,,,,,,2,,,
1201,2,3,,,,,,,,,,,,,
1201,3,2,,,2,460000,,,,,,2,,,
1201,4,3,,,,,,,,,,,,,
1201,11,10,30,40000,,,20,,,30,40000,,,,
1201,12,10,,,,,,,,,,,,,
1204,1,3,,,1,260000,,,,,,2,,,
1204,2,1,,,,,,,,,,,,,
1204,3,1,,,1,260000,,,,,,2,,,
1204,4,1,,,,,,,,,,,,,
1204,11,12,25,30000,,,15,,,25,35000,,,,
1204,12,10,,,,,,,,,,,,,
1206,1,5,,,1,260000,,,,,,2,,,
1206,2,2,,,,,,,,,,,,,
1206,3,1,,,1,260000,,,,,,2,,,
1206,4,2,,,,,,,,,,,,,
1206,11,14,30,40000,,,20,,,30,45000,,,,
1206,12,10,,,,,,,,,,,,,
1207,1,6,,,,,1,80,160000,10,20000,2,,,
1207,2,3,,,,,,,,,,,,,
1207,3,1,,,,,1,80,160000,10,20000,2,,,
1207,4,2,,,,,,,,,,,,,
1207,11,20,,,,,3,,,3,4500,,,,
1207,12,20,,,,,3,,,3,4500,,,,
1208,1,5,,,,,2,160,320000,10,20000,2,,,
1208,2,3,,,,,,,,,,,,,
1208,3,,,,,,2,160,320000,10,20000,2,,,
1208,4,2,,,,,,,,,,,,,
1208,9,15,,,,,,,,,,,,,
1208,11,30,,,,,5,,,5,7500,,,,
1208,12,30,,,,,5,,,5,7500,,,,
1215,1,3,,,,,1,80,160000,10,20000,2,,,
1215,2,1,,,,,,,,,,,,,
1215,3,1,,,,,1,80,160000,10,20000,2,,,
1215,4,1,,,,,,,,,,,,,
1234,1,7,,,,,,,,,,,,,
1234,2,3,,,,,,,,,,,,,
1234,4,4,,,,,,,,,,,,,
1234,6,10,,,,,3,30,96000,10,32000,2,,,5
1234,7,1,,,,,,,,,,,,,
1234,8,9,,,,,3,30,96000,10,32000,2,,,5
1234,9,15,,,,,2,15,37500,10,25000,2,,,7
1234,11,25,,,,,8,7.5,13500,1.5,2700,2,,,3
1234,12,18,,,,,8,7.5,13500,1.5,2700,2,,,3
1236,1,10,,,,,,,,,,,,,
1236,2,3,,,,,,,,,,,,,
1236,4,7,,,,,,,,,,,,,
1236,6,2,,,,,2,60,180000,,,3,,,
1236,8,2,,,,,2,60,180000,,,3,,,
1236,11,12,,,,,4,,,3,5400,,,,3
1236,12,10,,,,,4,,,3,5400,,,,3
1237,9,30,,,,,2,25,70000,2,5600,1,,,3
1237,11,15,,,,,3,1.5,2700,1.5,2700,2,,,1.5
1237,12,10,,,,,3,1.5,2700,1.5,2700,2,,,1.5
1238,1,4,,,,,1,90,180000,,,4,,,
1238,2,2,,,,,,,,,,,,,
1238,4,2,,,,,1,90,180000,,,4,,,
1238,11,25,,,,,6,,,5,9000,,,,4
1238,12,18,,,,,6,,,5,9000,,,,4
1239,1,5,,,,,1,90,180000,,,4,,,
1239,2,3,,,,,,,,,,,,,
1239,4,2,,,,,1,90,180000,,,4,,,
1239,11,35,,,,,6,3,5400,3,5400,1,,,3
1239,12,25,,,,,6,3,5400,3,5400,1,,,3
1240,1,8,,,,,1,100,160000,5,10000,4,,,5
1240,2,4,,,,,,,,,,,,,
1240,4,4,,,,,1,100,160000,5,10000,4,,,5
1240,6,2,,,,,2,80,256000,,,4,,,
1240,8,2,,,,,2,80,256000,,,4,,,
1240,11,28,,,,,4,,,3,5400,,,,3
1240,12,20,,,,,4,,,3,5400,,,,3
1241,1,2,,,,,1,110,198000,15,27000,4,,,5
1241,2,1,,,,,,,,,,,,,
1241,4,1,,,,,1,110,198000,15,27000,4,,,5
1241,11,30,,,,,4,,,3,5400,,,,3
1241,12,20,,,,,4,,,3,5400,,,,3
1242,1,3,1,300000,,,1,100,200000,,,3,,,
1242,2,1,1,300000,,,,,,,,,,,
1242,4,2,,,,,1,100,200000,,,3,,,
1242,11,12,,,,,4,,,3,5400,,,,3
1242,12,8,,,,,4,,,3,5400,,,,3
1250,19,15,,,,,,,,,,,,,
1252,1,15,,,7,600000,1,,,135,270000,2,,,
1252,2,6,,,,,1,,,135,270000,,,,
1252,3,1,,,,,,,,,,,,,
1252,4,8,,,7,600000,,,,,,2,,,
1252,9,27,,,4,120000,4,,,70,210000,2,,,
1252,11,30,,,,,15,,,20,40000,,,,
1252,12,30,,,,,,,,,,,,,
1252,19,10,,,,,,,,,,,,,
1253,1,4,,,3,500000,1,,,100,200000,2,,,
1253,2,2,,,,,,,,,,,,,
1253,4,2,,,3,500000,1,,,100,200000,2,,,
1253,9,11,,,5,150000,4,,,60,180000,2,,,
1253,11,20,,,,,6,,,10,18000,,,,
1253,12,20,,,,,6,,,10,18000,,,,
1253,19,20,,,,,,,,,,,,,
1254,1,40,,,6,1200000,,,,,,2,,,
1254,2,15,,,,,,,,,,,,,
1254,3,5,,,6,1200000,,,,,,2,,,
1254,4,20,,,,,,,,,,,,,
1254,6,2,,,,,,,,,,,,,
1254,8,2,,,,,,,,,,,,,
1254,9,37,,,12,300000,10,,,187,467500,2,,,
1254,10,7,,,,,,,,,,,,,
1254,11,35,,,,,20,,,30,45000,,,,
1254,12,35,,,,,,,,,,,,,
1254,13,11,,,,,4,,,6,15000,,,,
1254,14,11,,,,,4,,,6,15000,,,,
1255,1,4,,,,,,,,,,,,,
1255,2,1,,,,,,,,,,,,,
1255,4,3,,,,,,,,,,,,,
1255,6,,,,,,1,,,30,90000,,,,
1255,8,,,,,,1,,,30,90000,,,,
1255,9,35,,,,,5,,,100,280000,,,,
1255,11,18,,,,,2,,,3,6000,,,,
1255,12,18,,,,,2,,,3,6000,,,,
1255,13,2,,,,,1,,,2,5000,,,,
1255,14,2,,,,,1,,,2,5000,,,,
1256,1,20,,,8,1500000,1,,,100,200000,2,,,
1256,2,4,,,,,1,,,100,200000,,,,
1256,3,10,,,8,1500000,,,,,,2,,,
1256,4,6,,,,,,,,,,,,,
1256,6,2,,,2,280000,1,,,40,128000,2,,,
1256,7,,,,2,280000,1,,,40,128000,2,,,
1256,8,2,,,,,,,,,,,,,
1256,11,20,,,,,5,,,7,14000,,,,
1256,12,20,,,,,,,,,,,,,
1256,19,15,,,,,,,,,,,,,
1257,1,2,,,4,400000,,,,,,2,,,
1257,2,,,,4,400000,,,,,,2,,,
1257,4,2,,,,,,,,,,,,,
1257,9,10,,,,,2,,,30,90000,,,,
1257,11,10,,,,,6,,,7,10500,,,,
1257,12,10,,,,,6,,,7,10500,,,,
1257,19,3,,,,,,,,,,,,,
1258,1,6,,,,,,,,,,,,,
1258,2,2,,,,,,,,,,,,,
1258,4,4,,,,,,,,,,,,,
1258,6,1,,,,,1,27,81000,,,2,,,
1258,8,1,,,,,1,27,81000,,,2,,,
1258,11,30,,,,,20,,,20,36000,,,,
1258,12,30,,,,,20,,,20,36000,,,,
1258,13,3,,,,,5,,,5,12500,,,,
1258,14,3,,,,,5,,,5,12500,,,,
1259,1,2,,,,,1,,,90,180000,,,,
1259,2,1,,,,,,,,,,,,,
1259,4,1,,,,,1,,,90,180000,,,,
1259,11,25,,,,,10,,,10,15000,,,,
1259,12,25,,,,,,,,,,,,,
1259,19,30,,,,,,,,,,,,,
1261,1,4,,,,,1,,,130,260000,,,,25
1261,2,3,,,,,1,,,130,260000,,,,25
1261,3,1,,,,,,,,,,,,,
1261,4,1,,,,,,,,,,,,,
1261,11,20,,,,,5,,,8,13600,,,,
1261,12,20,,,,,5,,,8,13600,,,,
1261,19,4,,,,,,,,,,,,,
1262,11,10,,,,,3,,,5,8500,,,,
1262,12,10,,,,,3,,,5,8500,,,,
1263,11,10,,,,,4,,,6,10200,,,,
1263,12,10,,,,,4,,,6,10200,,,,
1263,13,50,,,7,28000,5,,,8,20000,2,,,
1263,14,50,,,7,28000,5,,,8,20000,2,,,
1263,19,14,,,,,,,,,,,,,
1264,1,9,,,,,1,90,180000,70,140000,2,,,
1264,2,6,,,,,,,,,,,,,
1264,3,1,,,,,1,90,180000,70,140000,2,,,
1264,4,2,,,,,,,,,,,,,
1264,9,3,,,2,80000,1,,,15,37500,2,,,
1264,11,13,,,,,5,,,9,15300,,,,
1264,12,13,,,,,5,,,9,15300,,,,
1264,19,20,,,,,,,,,,,,,
1265,1,7,,,,,1,90,180000,60,120000,2,,,
1265,2,4,,,,,,,,,,,,,
1265,3,1,,,,,1,90,180000,60,120000,2,,,
1265,4,2,,,,,,,,,,,,,
1265,6,2,,,,,,,,,,,,,
1265,8,2,,,,,,,,,,,,,
1265,11,7,,,,,3,,,5,8500,,,,
1265,12,7,,,,,3,,,5,8500,,,,
1266,1,3,,,,,,,,,,,,,
1266,2,2,,,,,,,,,,,,,
1266,4,1,,,,,,,,,,,,,
1266,11,5,,,,,2,,,3,5100,,,,
1266,12,5,,,,,2,,,3,5100,,,,
1267,1,8,,,,,2,60,120000,200,400000,2,,,25
1267,2,4,,,,,1,60,120000,100,200000,2,,,
1267,3,1,,,,,,,,,,,,,
1267,4,3,,,,,1,,,100,200000,,,,25
1267,9,6,,,,,,,,,,,,,
1267,11,13,,,2,10000,5,,,8,13600,2,,,
1267,12,13,,,2,10000,5,,,8,13600,2,,,
1268,11,15,,,,,5,,,8,13600,,,,
1268,12,15,,,,,5,,,8,13600,,,,
1269,1,4,,,,,1,90,180000,60,120000,2,,,
1269,2,2,,,,,,,,,,,,,
1269,3,1,,,,,1,90,180000,60,120000,2,,,
1269,4,1,,,,,,,,,,,,,
1269,9,6,,,2,80000,2,10,30000,30,75000,2,,,15
1269,11,12,,,,,4,,,6,10200,,,,
1269,12,12,,,,,4,,,6,10200,,,,
1271,1,,,,1,200000,,,,,,2,,,
1271,11,8,,,,,4,,,3,6000,,,,1
1271,12,8,,,,,4,,,3,6000,,,,1
1272,1,2,,,3,650000,,,,,,2,,,
1272,2,1,,,,,,,,,,,,,
1272,4,1,,,,,,,,,,,,,
1272,6,2,2,60000,,,1,30,90000,40,120000,2,,,
1272,8,2,2,60000,,,,,,,,,,,
1272,11,10,,,,,7,,,6,12000,,,,2
1272,12,10,,,,,7,,,6,12000,,,,2
1273,6,2,2,70000,,,,,,,,,,,
1273,8,2,2,70000,,,,,,,,,,,
1273,11,5,,,,,2,,,3,6000,,,,
1273,12,5,,,,,2,,,3,6000,,,,
1273,19,2,,,,,,,,,,,,,
1274,11,8,,,,,2,,,2.5,5000,,,,
1274,12,8,,,,,2,,,2.5,5000,,,,
1276,1,4,,,,,2,260,442000,,,2,,,15
1276,2,2,,,,,,,,,,,,,
1276,4,2,,,,,,,,,,,,,
1276,19,6,,,,,,,,,,,,,
1277,11,5,,,,,3,,,4,8000,,,,
1277,12,5,,,,,3,,,4,8000,,,,
1277,19,10,,,,,,,,,,,,,
1278,1,2,,,2,200000,,,,,,2,,,
1278,2,1,,,,,,,,,,,,,
1278,4,1,,,,,,,,,,,,,
1278,6,,,,,,1,20,70000,30,105000,2,,,
1278,11,8,,,,,5,,,4,8000,,,,1.5
1278,12,8,,,,,5,,,4,8000,,,,1.5
1279,1,4,,,2,370000,,,,,,2,,,
1279,2,2,,,,,,,,,,,,,
1279,11,10,,,,,4,,,6,15000,,,,
1279,12,10,,,,,4,,,6,15000,,,,
1280,1,4,,,2,300000,,,,,,2,,,
1280,2,2,,,,,,,,,,,,,
1280,6,8,,,1,130000,,,,,,4,,,
1280,7,,,,1,130000,,,,,,4,,,
1280,8,8,,,,,,,,,,,,,
1280,11,10,,,,,4,,,6,15000,,,,
1280,12,10,,,,,4,,,6,15000,,,,
1281,11,10,,,,,7,,,4,10000,,,,
1281,12,10,,,,,7,,,4,10000,,,,
1282,1,2,,,2,400000,1,80,184000,5,11500,2,4,,
1282,2,,,,2,400000,,,,,,4,,,
1282,3,,,,,,1,80,184000,5,11500,4,,,
1282,4,2,,,,,,,,,,,,,
1282,11,13,,,,,4,,,5,12500,,,,
1282,12,13,,,,,4,,,5,12500,,,,
1282,19,22,,,,,,,,,,,,,
1283,11,15,,,,,5,,,7,17500,,,,
1283,12,15,,,,,5,,,7,17500,,,,
1288,6,2,2,60000,,,,,,,,,,,
1288,8,2,2,60000,,,,,,,,,,,
1288,11,15,,,,,10,,,15,37500,,,,
1288,12,15,,,,,10,,,15,37500,,,,
1290,11,12,,,,,4,,,6,15000,,,,
1290,12,12,,,,,4,,,6,15000,,,,
1291,13,17,,,,,3,,,6,18000,,,,
1291,14,17,,,,,3,,,6,18000,,,,
1292,11,10,,,,,3,,,4.5,11250,,,,
1292,12,10,,,,,3,,,4.5,11250,,,,
1293,6,1,1,35000,,,1,20,60000,40,120000,2,,,
1293,8,1,1,35000,,,,,,,,,,,
1293,11,8,,,,,,,,,,,,,
1293,12,8,,,,,,,,,,,,,
1294,6,2,2,60000,,,,,,,,,,,
1294,8,2,2,60000,,,,,,,,,,,
1295,6,1,1,30000,,,,,,,,,,,
1295,8,1,1,30000,,,,,,,,,,,
1295,11,30,40,24000,,,12,,,16,40000,,,,
1295,12,10,,,,,,,,,,,,,
1296,6,1,2,70000,,,1,,,50,150000,,,,
1296,8,1,2,70000,,,,,,,,,,,
1414,1,6,,,2,540000,,,,,,2,,,
1414,2,3,,,,,,,,,,,,,
1414,3,3,,,2,540000,,,,,,2,,,
1414,9,15,,,4,200000,,,,,,2,8,,
1414,11,20,,,,,,,,,,,,,
1414,12,15,,,,,,,,,,,,,
1415,1,5,,,1,350000,,,,,,2,,,
1415,2,2,,,1,350000,,,,,,2,,,
1415,4,3,,,,,,,,,,,,,
1415,9,30,,,6,300000,,,,,,2,8,,
1415,11,30,,,,,,,,,,,,,
1415,12,25,,,,,,,,,,,,,
1416,1,3,,,,,1,120,240000,5,10000,2,,,8
1416,2,2,,,,,,,,,,,,,
1416,3,,,,,,1,120,240000,5,10000,2,,,8
1416,4,1,,,,,,,,,,,,,
1416,6,2,,,,,,,,,,,,,
1416,8,2,,,,,,,,,,,,,
1416,9,35,,,10,400000,,,,,,2,8,,
1416,11,30,,,,,,,,,,,,,
1416,12,25,,,,,,,,,,,,,
1417,1,5,,,,,2,240,480000,7,14000,2,4,,
1417,2,5,,,,,,,,,,,,,
1417,3,,,,,,2,240,480000,7,14000,2,4,,
1417,6,3,1,35000,,,1,30,90000,5,15000,2,4,,
1417,8,3,1,35000,,,1,30,90000,5,15000,2,4,,
1417,9,10,,,,,,,,,,,,,
1417,11,15,,,,,5,6,7200,3,3600,2,8,,
1417,12,10,,,,,5,6,7200,3,3600,2,8,,
1418,1,4,,,,,1,150,300000,20,40000,2,4,,
1418,2,2,,,,,1,150,300000,20,40000,2,4,,
1418,4,2,,,,,,,,,,,,,
1418,9,20,,,6,220000,,,,,,2,9,,
1418,11,15,,,,,,,,,,,,,
1418,12,10,,,,,,,,,,,,,
1418,19,10,,,,,,,,,,,,,
1419,1,3,,,1,270000,,,,,,2,,,
1419,2,2,,,,,,,,,,,,,
1419,3,1,,,1,270000,,,,,,2,,,
1419,9,15,,,6,240000,,,,,,2,8,,
1419,11,25,,,,,4,,,6,7200,,,,
1419,12,20,,,,,4,,,6,7200,,,,
1419,19,20,,,,,,,,,,,,,
1422,1,2,,,,,1,140,280000,5,10000,2,,,
1422,2,2,,,,,,,,,,,,,
1422,3,,,,,,1,140,280000,5,10000,2,,,
1422,9,20,,,7,250000,,,,,,2,,,
1422,11,18,,,,,,,,,,,,,
1422,12,15,,,,,,,,,,,,,
1432,11,10,,,,,5,,,8,14400,,,,
1432,12,10,,,,,5,,,8,14400,,,,
1433,1,6,,,1,160000,2,275,550000,30,60000,2,8,,
1433,2,3,,,,,1,130,260000,15,30000,2,8,,
1433,3,1,,,,,1,145,290000,15,30000,2,8,,
1433,4,2,,,1,160000,,,,,,2,,,
1433,9,20,,,6,250000,1,,,15,37500,,2,,
1433,11,18,,,,,7,,,10,18000,,,,
1433,12,18,,,,,7,,,10,18000,,,,
1434,1,5,,,2,510000,1,145,300000,15,30000,2,,,
1434,2,2,,,1,330000,,,,,,2,,,
1434,3,1,,,,,1,145,300000,15,30000,2,,,
1434,4,2,,,1,180000,,,,,,2,,,
1434,11,16,,,,,6,,,8.5,16000,,,,
1434,12,16,,,,,6,,,8.5,16000,,,,
1435,1,5,,,2,520000,1,130,260000,20,40000,2,,,
1435,2,2,,,,,1,130,260000,20,40000,2,,,
1435,3,1,,,1,350000,,,,,,2,,,
1435,4,2,,,1,170000,,,,,,2,,,
1435,11,20,,,5,15000,7,,,11,20000,2,,,
1435,12,20,,,,,,,,,,,,,
1436,11,12,,,,,6,,,9,17000,,,,
1436,12,12,,,,,6,,,9,17000,,,,
1437,1,5,,,2,520000,1,150,300000,15,30000,2,8,,
1437,2,2,,,1,350000,,,,,,2,8,,
1437,3,1,,,,,1,150,300000,15,30000,2,8,,
1437,4,2,,,1,170000,,,,,,2,8,,
1437,9,30,,,10,450000,2,,,30,75000,2,8,,
1437,11,16,,,3,10000,5,,,8,14500,2,8,,
1437,12,16,,,3,10000,5,,,8,14500,2,8,,
1438,1,3,,,1,170000,1,138,276000,16,32000,2,8,,
1438,2,1,,,,,1,138,276000,16,32000,2,8,,
1438,4,2,,,1,170000,,,,,,2,,,
1438,11,10,,,,,7,,,10,18000,,,,
1438,12,10,,,,,7,,,10,18000,,,,
1442,6,24,,,,,14,350,700000,70,140000,2,,,
1442,7,4,,,,,,,,,,,,,
1442,8,20,,,,,14,350,700000,70,140000,2,,,
1442,11,33,,,,,,,,,,,,,
1442,12,30,,,,,,,,,,,,,
1443,11,9,,,,,,,,,,,,,
1443,12,9,,,,,,,,,,,,,
1444,11,4,,,,,,,,,,,,,
1444,12,4,,,,,,,,,,,,,
1446,11,12,,,,,,,,,,,,,
1446,12,10,,,,,,,,,,,,,
1447,11,9,,,,,,,,,,,,,
1447,12,4,,,,,,,,,,,,,
1448,11,2580,2550,510000,2550,1530000,,,,,,2,,,
1448,12,30,,,,,,,,,,,,,
1449,11,10,,,,,,,,,,,,,
1449,12,10,,,,,,,,,,,,,
1468,1,5,,,2,400000,,,,,,3,,,
1468,2,3,,,,,,,,,,,,,
1468,4,2,,,2,400000,,,,,,3,,,
1468,6,12,,,10,350000,,,,,,2,,,
1468,7,1,,,,,,,,,,,,,
1468,8,11,,,10,350000,,,,,,2,,,
1468,9,200,,,50,1500000,4,,,80,184000,2,,,
1468,11,20,,,,,10,,,25,42500,,,,
1468,12,20,,,,,10,,,25,42500,,,,
1471,1,2,,,1,280000,,,,,,2,,,
1471,2,1,,,,,,,,,,,,,
1471,4,1,,,1,280000,,,,,,2,,,
1471,6,4,,,,,6,320,1024000,40,128000,2,,,
1471,8,4,,,,,6,320,1024000,40,128000,2,,,
1471,11,25,,,,,8,,,20,32000,,,,
1471,12,25,,,,,8,,,20,32000,,,,
1488,11,30,,,,,,,,,,,,,
1488,12,30,,,,,,,,,,,,,
1491,11,33,,,,,,,,,,,,,
1491,12,30,,,,,,,,,,,,,
1496,1,6,,,,,,,,,,,,,
1496,2,3,,,,,,,,,,,,,
1496,4,3,,,,,,,,,,,,,
1496,11,9,,,,,,,,,,,,,
1496,12,9,,,,,,,,,,,,,
1498,1,1,,,,,,,,,,,,,
1498,2,1,,,,,,,,,,,,,
1513,1,6,,,2,380000,1,100,230000,10,23000,2,,,
1513,2,3,,,,,,,,,,,,,
1513,4,3,,,2,380000,1,100,230000,10,23000,2,,,
1513,11,30,10,5000,,,,,,,,,,,
1513,12,20,,,,,,,,,,,,,
1514,1,4,,,2,400000,,,,,,2,,,
1514,2,2,,,,,,,,,,,,,
1514,4,2,,,2,400000,,,,,,2,,,
1514,9,5,,,4,100000,1,,,12,36000,2,,,
1514,11,20,,,,,2,,,3,4500,,,,
1514,12,20,,,,,,,,,,,,,
1515,1,20,,,5,800000,3,240,528000,10,22000,2,,,
1515,2,10,,,,,,,,,,,,,
1515,4,10,,,5,800000,3,240,528000,10,22000,2,,,
1515,11,40,20,12000,,,4,,,6,9000,,,,
1515,12,20,,,,,,,,,,,,,
1516,1,8,,,2,250000,2,80,176000,10,22000,2,,,
1516,2,4,,,,,,,,,,,,,
1516,4,4,,,2,250000,2,80,176000,10,22000,2,,,
1516,11,40,20,12000,,,4,,,6,9000,,,,
1516,12,20,,,,,,,,,,,,,
1517,1,6,,,3,600000,,,,,,2,,,
1517,2,3,,,,,,,,,,,,,
1517,4,3,,,3,600000,,,,,,2,,,
1517,11,40,20,12000,,,,,,,,,,,
1517,12,20,,,,,,,,,,,,,
1518,1,4,,,2,360000,,,,,,2,,,
1518,2,2,,,,,,,,,,,,,
1518,4,2,,,2,360000,,,,,,2,,,
1518,11,30,10,5000,,,2,,,3,4500,,,,
1518,12,20,,,,,,,,,,,,,
1519,1,8,,,4,800000,,,,,,2,,,
1519,2,4,,,,,,,,,,,,,
1519,4,4,,,4,800000,,,,,,2,,,
1519,9,10,,,6,180000,2,,,20,60000,2,,,
1519,11,30,10,5000,,,4,,,6,9000,,,,
1519,12,20,,,,,,,,,,,,,
1520,1,2,,,1,160000,,,,,,2,,,
1520,2,1,,,,,,,,,,,,,
1520,4,1,,,1,160000,,,,,,2,,,
1520,11,30,10,6000,,,,,,,,,,,
1520,12,20,,,,,,,,,,,,,
1521,1,4,,,2,280000,,,,,,2,,,
1521,2,2,,,,,,,,,,,,,
1521,4,2,,,2,280000,,,,,,2,,,
1521,9,10,,,8,280000,2,,,20,60000,2,,,
1521,11,30,10,6000,,,2,,,3,5000,,,,
1521,12,20,,,,,,,,,,,,,
1522,1,2,,,,,,,,,,,,,
1522,2,1,,,,,,,,,,,,,
1522,4,1,,,,,,,,,,,,,
1522,11,7,,,,,1,,,1.5,2300,,,,
1522,12,7,,,,,1,,,1.5,2300,,,,
1524,1,4,,,2,180000,,,,,,2,,,
1524,2,2,,,,,,,,,,,,,
1524,4,2,,,2,180000,,,,,,2,,,
1524,11,10,10,20000,,,1,,,2,4000,,,,
1524,12,10,10,20000,,,1,,,2,4000,,,,
1525,1,4,,,1,100000,,,,,,2,,,
1525,2,2,,,,,,,,,,,,,
1525,4,2,,,1,100000,,,,,,2,,,
1525,11,10,5,10000,,,1,,,1.5,2250,,,,
1525,12,10,5,10000,,,1,,,1.5,2250,,,,
1526,1,6,,,1,100000,,,,,,2,,,
1526,2,3,,,,,,,,,,,,,
1526,4,3,,,1,100000,,,,,,2,,,
1526,9,5,,,,,1,,,20,50000,,,,
1526,11,5,5,10000,,,,,,,,,,,
1526,12,5,5,10000,,,,,,,,,,,
1527,1,4,,,1,120000,,,,,,2,,,
1527,2,2,,,,,,,,,,,,,
1527,4,2,,,1,120000,,,,,,2,,,
1527,11,10,10,20000,,,2,,,3,4500,,,,
1527,12,10,10,20000,,,2,,,3,4500,,,,
1527,19,60,,,,,,,,,,,,,
1529,1,2,,,,,,,,,,,,,
1529,2,1,,,,,,,,,,,,,
1529,4,1,,,,,,,,,,,,,
1529,11,5,5,10000,,,,,,,,,,,
1529,12,5,5,10000,,,,,,,,,,,
1549,1,4,,,1,150000,1,40,100000,40,100000,1,2,,40
1549,2,2,,,,,,,,,,,,,
1549,3,,,,,,1,40,100000,40,100000,1,2,,40
1549,4,2,,,1,150000,,,,,,1,,,
1549,11,20,,,,,10,,,15,30000,,,,
1549,12,20,,,,,10,,,15,30000,,,,
1550,1,4,,,1,120000,,,,,,2,,,
1550,4,2,,,1,120000,,,,,,2,,,
1550,6,1,1,30000,,,,,,,,,,,
1550,8,1,1,30000,,,,,,,,,,,
1550,11,12,,,,,,,,,,,,,
1550,12,12,,,,,,,,,,,,,
1551,1,9,,,3,630000,1,45,100000,30,75000,2,3,,45
1551,2,6,,,,,,,,,,,,,
1551,3,,,,3,630000,1,45,100000,30,75000,2,3,,45
1551,4,3,,,,,,,,,,,,,
1551,6,1,1,27000,,,,,,,,,,,
1551,8,1,1,27000,,,,,,,,,,,
1551,10,1,,,,,,,,,,,,,
1551,11,20,,,,,4,,,8,16000,,,,
1551,12,20,,,,,4,,,8,16000,,,,
1551,13,2,2,6000,,,,,,,,,,,
1551,14,2,2,6000,,,,,,,,,,,
1552,1,8,,,2,340000,,,,,,1,3,,
1552,2,4,,,,,,,,,,,,,
1552,4,4,,,2,340000,,,,,,1,3,,
1552,6,,2,50000,,,1,40,120000,40,136000,2,,,20
1552,8,,2,50000,,,,,,,,,,,
1553,1,2,,,,,,,,,,,,,
1553,2,1,,,,,,,,,,,,,
1553,4,1,,,,,,,,,,,,,
1553,11,7,,,,,,,,,,,,,
1553,12,7,,,,,,,,,,,,,
1555,1,4,,,2,200000,,,,,,1,2,,
1555,2,2,,,,,,,,,,,,,
1555,4,2,,,2,200000,,,,,,1,2,,
1555,11,7,,,,,,,,,,,,,
1555,12,7,,,,,,,,,,,,,
1556,1,,1,70000,,,1,30,66000,40,100000,2,,,20
1556,4,,1,70000,,,1,30,66000,40,100000,2,,,20
1556,6,2,2,75000,,,2,50,180000,40,144000,2,,,20
1556,8,2,2,75000,,,,,,,,,,,
1556,11,7,,,,,4,,,8,16000,,,,
1556,12,7,,,,,4,,,8,16000,,,,
1556,13,2,,,,,2,,,6,18000,,,,
1556,14,2,,,,,2,,,6,18000,,,,
1557,1,3,,,,,2,100,220000,50,110000,2,9,,20
1557,2,1,,,,,,,,,,,,,
1557,3,1,,,,,,,,,,,,,
1557,4,1,,,,,2,100,220000,50,110000,2,9,,20
1557,11,6,,,,,3,,,5,9000,,,,
1557,12,6,,,,,3,,,5,9000,,,,
1558,1,2,,,,,,,,,,,,,
1558,2,1,,,,,,,,,,,,,
1558,4,1,,,,,,,,,,,,,
1558,11,10,,,,,2,,,3,4500,,,,
1558,12,10,,,,,2,,,3,4500,,,,
1559,1,3,,,,,,,,,,,,,
1559,2,2,,,,,,,,,,,,,
1559,3,1,,,,,,,,,,,,,
1559,6,1,,,,,1,40,92000,30,69000,2,,,
1559,11,8,,,,,4,,,6,9000,,,,
1559,12,8,,,,,4,,,6,9000,,,,
1560,1,1,,,,,,,,,,,,,
1560,2,1,,,,,,,,,,,,,
1561,1,1,,,1,110000,,,,,,2,,,
1561,2,1,,,,,,,,,,,,,
1561,4,,,,1,110000,,,,,,2,,,
1561,11,11,,,,,,,,,,,,,
1561,12,11,,,,,,,,,,,,,
1562,1,2,,,,,,,,,,,,,
1562,2,1,,,,,,,,,,,,,
1562,4,1,,,,,,,,,,,,,
1562,11,6,,,,,,,,,,,,,
1562,12,6,,,,,,,,,,,,,
1563,11,10,,,,,2,,,4,6000,,,,
1563,12,10,,,,,2,,,4,6000,,,,
1564,1,5,,,1,120000,,,,,,2,,,
1564,2,2,,,,,,,,,,,,,
1564,3,1,,,,,,,,,,,,,
1564,4,2,,,1,120000,,,,,,2,,,
1564,6,2,,,,,1,,,50,100000,,,,
1564,8,2,,,,,,,,,,,,,
1564,11,10,,,,,4,,,6,9000,,,,
1564,12,10,,,,,4,,,6,9000,,,,
1572,11,25,,,,,,,,,,,,,
1572,12,25,,,,,,,,,,,,,
1574,11,10,,,,,,,,,,,,,
1574,12,10,,,,,,,,,,,,,
1602,1,1,,,,,1,130,234000,10,18000,2,,,
1602,2,1,,,,,,,,,,,,,
1602,3,,,,,,1,130,234000,10,18000,2,,,
1602,11,5,,,,,,,,,,,,,
1602,12,5,,,,,,,,,,,,,
1630,1,3,,,1,210000,,,,,,2,,,
1630,2,1,,,,,,,,,,,,,
1630,3,1,,,1,210000,,,,,,2,,,
1630,4,1,,,,,,,,,,,,,
1630,9,4,,,3,130000,,,,,,2,,,
1630,11,13,25,30000,,,15,,,25,40000,,,,
1630,12,10,,,,,,,,,,,,,
1631,9,12,,,6,200000,,,,,,2,,,
1631,11,5,10,15000,,,5,,,10,15000,,,,
1631,12,4,,,,,,,,,,,,,
1633,1,5,,,1,240000,,,,,,2,,,
1633,2,2,,,1,240000,,,,,,2,,,
1633,3,1,,,,,,,,,,,,,
1633,4,2,,,,,,,,,,,,,
1633,11,10,20,25000,,,10,,,20,30000,,,,
1633,12,7,,,,,,,,,,,,,
1635,1,7,,,2,460000,,,,,,2,,,
1635,2,3,,,,,,,,,,,,,
1635,3,2,,,2,460000,,,,,,2,,,
1635,4,2,,,,,,,,,,,,,
1635,9,12,,,5,170000,1,10,20000,15,30000,2,,,
1635,11,12,30,45000,,,20,,,30,45000,,,,
1635,12,10,,,,,,,,,,,,,
1636,1,6,,,1,240000,1,90,180000,20,40000,2,4,,
1636,2,2,,,,,,,,,,,,,
1636,3,2,,,1,240000,1,90,180000,20,40000,2,4,,
1636,4,2,,,,,,,,,,,,,
1636,11,10,25,32000,,,15,,,25,38000,,,,
1636,12,7,,,,,,,,,,,,,
1636,19,8,,,,,,,,,,,,,
1637,1,6,,,2,490000,,,,,,2,,,
1637,2,2,,,,,,,,,,,,,
1637,3,1,,,1,210000,,,,,,2,,,
1637,4,2,,,,,,,,,,,,,
1637,5,1,,,1,280000,,,,,,2,,,
1637,9,6,,,4,130000,,,,,,2,,,
1637,11,15,30,45000,,,20,,,30,45000,,,,
1637,12,10,,,,,,,,,,,,,
1638,1,6,,,1,230000,1,100,200000,20,40000,2,3,,
1638,2,2,,,1,230000,1,100,200000,20,40000,2,3,,
1638,3,3,,,,,,,,,,,,,
1638,4,1,,,,,,,,,,,,,
1638,6,6,,,4,120000,1,60,150000,10,25000,2,3,,
1638,7,1,,,,,,,,,,,,,
1638,8,5,,,4,120000,1,60,150000,10,25000,2,3,,
1638,11,10,30,45000,,,20,,,35,50000,,,,
1638,12,6,,,,,,,,,,,,,
1640,1,5,,,2,130000,1,85,170000,10,20000,2,,,
1640,2,3,,,,,,,,,,,,,
1640,3,,,,,,1,85,170000,10,20000,2,,,
1640,4,2,,,2,130000,,,,,,2,,,
1640,9,18,,,2,70000,,,,,,2,,,
1640,11,9,,,,,3,,,3,4500,,,,
1642,1,8,,,,,2,160,320000,10,20000,2,,,
1642,2,4,,,,,,,,,,,,,
1642,3,1,,,,,2,160,320000,10,20000,2,,,
1642,4,3,,,,,,,,,,,,,
1642,11,6,,,,,4,,,4,6000,,,,
1642,12,6,,,,,4,,,4,6000,,,,
1643,1,10,,,2,120000,1,80,160000,10,20000,2,,,
1643,2,4,,,,,,,,,,,,,
1643,3,2,,,,,1,80,160000,10,20000,2,,,
1643,4,4,,,2,120000,,,,,,2,,,
1643,9,20,,,,,2,,,35,60000,,,,
1643,10,1,,,,,,,,,,,,,
1643,11,5,,,,,3,,,3,4500,,,,
1643,12,5,,,,,3,,,3,4500,,,,
1644,1,7,,,,,1,85,170000,5,10000,2,,,
1644,2,2,,,,,,,,,,,,,
1644,3,3,,,,,1,85,170000,5,10000,2,,,
1644,4,2,,,,,,,,,,,,,
1644,11,12,,,,,2,,,2,3000,,,,
1644,12,12,,,,,2,,,2,3000,,,,
1646,1,2,,,,,,,,,,,,,
1646,2,1,,,,,,,,,,,,,
1646,4,1,,,,,,,,,,,,,
1647,1,8,,,2,130000,,,,,,2,,,
1647,2,4,,,,,,,,,,,,,
1647,3,1,,,,,,,,,,,,,
1647,4,3,,,2,130000,,,,,,2,,,
1647,9,15,,,3,120000,,,,,,2,,,
1657,1,2,,,1,320000,,,,,,2,,,
1657,2,1,,,,,,,,,,,,,
1657,4,1,,,1,320000,,,,,,2,,,
1657,9,10,,,6,200000,2,,,35,85000,1,2,8,
1657,11,25,,,,,6,,,10,16000,,,,
1657,12,25,,,,,6,,,10,16000,,,,
1657,19,20,,,,,,,,,,,,,
1658,1,5,,,2,620000,,,,,,2,,,
1658,2,2,,,,,,,,,,,,,
1658,3,1,,,,,,,,,,,,,
1658,4,2,,,2,620000,,,,,,2,,,
1658,9,13,,,8,250000,2,,,40,100000,1,2,8,
1658,11,10,,,,,4,,,6,10000,,,,
1658,12,10,,,,,4,,,6,10000,,,,
1659,1,5,,,1,320000,1,140,280000,30,60000,3,,,
1659,2,2,,,,,,,,,,,,,
1659,4,3,,,1,320000,1,140,280000,30,60000,3,,,
1659,9,8,,,4,120000,2,20,50000,20,50000,2,8,,
1659,11,10,,,,,6,,,10,16000,,,,
1659,12,10,,,,,6,,,10,16000,,,,
1660,1,5,,,2,630000,,,,,,2,,,
1660,2,3,,,,,,,,,,,,,
1660,4,2,,,2,630000,,,,,,2,,,
1660,9,6,,,4,120000,3,35,85000,25,60000,2,8,,
1660,11,18,,,,,8,,,13,20000,,,,
1660,12,18,,,,,8,,,13,20000,,,,
1660,19,5,,,,,,,,,,,,,
1661,1,7,,,1,300000,,,,,,2,,,
1661,2,3,,,,,,,,,,,,,
1661,4,4,,,1,300000,,,,,,2,,,
1661,9,11,,,5,150000,4,30,70000,50,130000,2,8,,
1661,11,25,,,,,5,,,8,12000,,,,
1661,12,25,,,,,5,,,8,12000,,,,
1662,1,9,,,2,650000,1,70,140000,60,120000,2,,,
1662,2,5,,,,,,,,,,,,,
1662,4,4,,,2,650000,1,70,140000,60,120000,2,,,
1662,9,25,,,8,250000,4,20,50000,50,120000,2,7,8,
1662,11,20,,,,,5,,,8,12000,,,,
1662,12,20,,,,,5,,,8,12000,,,,
1662,19,100,,,,,,,,,,,,,
1663,1,4,,,2,670000,,,,,,2,,,
1663,2,2,,,,,,,,,,,,,
1663,4,2,,,2,670000,,,,,,2,,,
1663,9,5,,,3,100000,2,15,37000,25,60000,8,,,
1663,11,12,,,,,7,,,11,16000,,,,
1663,12,12,,,,,7,,,11,16000,,,,
1665,1,11,,,3,860000,,,,,,2,,,
1665,2,5,,,,,,,,,,,,,
1665,4,6,,,3,860000,,,,,,2,,,
1665,9,25,,,12,350000,5,40,100000,60,150000,1,2,8,
1665,11,20,,,,,4,,,7,10000,,,,
1665,12,20,,,,,4,,,7,10000,,,,
1665,19,100,,,,,,,,,,,,,
1676,11,10,,,,,,,,,,,,,
1676,12,10,,,,,,,,,,,,,
1676,13,1,,,,,,,,,,,,,
1676,14,1,,,,,,,,,,,,,
1677,11,20,,,,,,,,,,,,,
1677,12,20,,,,,,,,,,,,,
1678,11,30,,,,,,,,,,,,,
1678,12,30,,,,,,,,,,,,,
1680,11,17,,,,,,,,,,,,,
1680,12,17,,,,,,,,,,,,,
1681,11,13,,,,,,,,,,,,,
1681,12,13,,,,,,,,,,,,,
1682,11,10,,,,,,,,,,,,,
1682,12,10,,,,,,,,,,,,,
1683,11,10,,,,,,,,,,,,,
1683,12,10,,,,,,,,,,,,,
1684,1,1,,,,,,,,,,,,,
1684,2,1,,,,,,,,,,,,,
1684,11,7,,,,,5,,,5,7500,,,,
1684,12,7,,,,,,,,,,,,,
1685,11,16,,,,,5,,,8,12000,,,,
1685,12,16,,,,,5,,,8,12000,,,,
1686,11,5,,,,,,,,,,,,,
1686,12,5,,,,,,,,,,,,,
1686,19,1,,,,,,,,,,,,,
1687,1,1,,,,,,,,,,,,,
1687,2,1,,,,,,,,,,,,,
1687,10,1,,,,,,,,,,,,,
1687,11,6,,,,,3,,,4,8000,,,,
1687,12,6,,,,,,,,,,,,,
1688,1,3,,,,,1,,,100,200000,,,,
1688,2,1,,,,,,,,,,,,,
1688,3,1,,,,,,,,,,,,,
1688,4,1,,,,,,,,,,,,,
1688,11,12,,,,,5,,,5,10000,,,,
1688,12,12,,,,,,,,,,,,,
1688,19,1,,,,,,,,,,,,,
1689,1,5,,,,,1,,,100,200000,,,,
1689,2,2,,,,,,,,,,,,,
1689,3,1,,,,,,,,,,,,,
1689,4,2,,,,,,,,,,,,,
1689,11,10,,,,,2,,,3,4500,,,,
1689,12,10,,,,,,,,,,,,,
1689,19,2,,,,,,,,,,,,,
1691,11,7,,,,,1,,,1.5,2250,,,,
1691,12,7,,,,,,,,,,,,,
1692,11,4,,,,,,,,,,,,,
1692,12,4,,,,,,,,,,,,,
1693,1,11,,,,,2,150,255000,110,187000,2,,,
1693,2,5,,,,,1,,,110,187000,,,,
1693,3,2,,,,,1,150,255000,,,2,,,
1693,4,4,,,,,,,,,,,,,
1693,11,8,,,,,4,,,6,10200,,,,
1693,12,8,,,,,4,,,6,10200,,,,
1693,19,7,,,,,,,,,,,,,
1694,1,5,,,,,2,260,442000,40,68000,4,,,
1694,2,2,,,,,,,,,,,,,
1694,3,,,,,,2,260,442000,40,68000,4,,,
1694,4,3,,,,,,,,,,,,,
1694,6,3,3,90000,,,5,160,480000,18,54000,4,,,
1694,7,,,,,,5,160,480000,18,54000,4,,,
1694,8,3,3,90000,,,,,,,,,,,
1694,9,8,,,2,80000,1,,,13,32500,2,,,
1694,11,25,,,,,7,,,10,17000,,,,
1694,12,25,,,,,7,,,10,17000,,,,
1694,19,4,,,,,,,,,,,,,
1695,9,3,,,1,40000,1,,,15,37500,2,,,
1695,11,8,,,,,3,,,4,6800,,,,
1696,1,8,,,,,1,150,255000,20,34000,2,,,
1696,2,4,,,,,,,,,,,,,
1696,3,2,,,,,1,150,255000,20,34000,2,,,
1696,4,2,,,,,,,,,,,,,
1696,6,3,,,,,,,,,,,,,
1696,8,3,,,,,,,,,,,,,
1696,11,10,,,,,3,,,5,8500,,,,
1696,12,10,,,,,3,,,5,8500,,,,
1696,13,7,,,,,3,,,4,12000,,,,
1696,14,7,,,,,3,,,4,12000,,,,
1696,19,5,,,,,,,,,,,,,
1697,11,18,,,,,5,,,8,13600,,,,
1697,12,18,,,,,5,,,8,13600,,,,
1697,19,14,,,,,,,,,,,,,
1698,1,10,,,,,2,260,446000,40,64000,4,,,
1698,2,4,,,,,1,110,176000,40,64000,4,,,
1698,3,2,,,,,1,150,270000,,,4,,,
1698,4,4,,,,,,,,,,,,,
1698,10,1,,,,,,,,,,,,,
1698,11,8,,,,,4,,,8,13600,,,,
1698,12,8,,,,,4,,,8,13600,,,,
1698,19,5,,,,,,,,,,,,,
1699,1,3,,,,,,,,,,,,,
1699,2,1,,,,,,,,,,,,,
1699,4,2,,,,,,,,,,,,,
1699,9,4,,,,,2,,,40,120000,,,,
1699,11,7,,,1,5000,4,,,6,10200,2,,,
1699,12,7,,,1,5000,4,,,6,10200,2,,,
1699,13,2,,,,,3,,,3.5,8750,,,,
1699,14,2,,,,,3,,,3.5,8750,,,,
1700,1,7,,,,,3,340,574000,110,176000,2,,,
1700,2,2,,,,,1,40,64000,110,176000,2,,,10
1700,3,1,,,,,2,300,510000,,,2,,,
1700,4,4,,,,,,,,,,,,,
1700,6,2,,,,,1,60,180000,10,30000,2,,,
1700,7,,,,,,1,60,180000,10,30000,2,,,
1700,8,2,,,,,,,,,,,,,
1700,13,3,,,,,2,,,3,7500,,,,
1700,14,3,,,,,2,,,3,7500,,,,
1700,19,30,,,,,,,,,,,,,
1701,1,5,,,1,270000,1,60,102000,70,119000,2,,,
1701,2,2,,,1,270000,1,60,102000,70,119000,2,,,
1701,3,1,,,,,,,,,,,,,
1701,4,2,,,,,,,,,,,,,
1701,9,3,,,,,,,,,,,,,
1701,11,15,,,,,5,,,7,11900,,,,
1701,12,15,,,,,5,,,7,11900,,,,
1701,19,1,,,,,,,,,,,,,
1702,1,4,,,2,240000,,,,,,2,,,
1702,2,2,,,,,,,,,,,,,
1702,11,10,,,,,3,,,4,10000,,,,
1702,12,10,,,,,3,,,4,10000,,,,
1704,1,2,,,1,93000,,,,,,3,,,
1704,2,2,,,,,,,,,,,,,
1707,1,3,,,1,130000,,,,,,2,,,
1707,2,2,,,,,,,,,,,,,
1707,6,2,2,50000,,,,,,,,,,,
1707,8,,2,50000,,,,,,,,,,,
1707,11,10,,,,,4,,,5,12500,,,,
1707,12,10,,,,,4,,,5,12500,,,,
1708,11,5,,,,,2,,,3,7500,,,,
1708,12,5,,,,,2,,,3,7500,,,,
1710,6,1,,,,,,,,,,,,,
1710,11,8,,,,,4,,,5,12500,,,,
1710,12,8,,,,,4,,,5,12500,,,,
1720,1,2,,,1,120000,,,,,,2,,,
1720,2,1,,,,,,,,,,,,,
1720,4,1,,,,,,,,,,,,,
1720,6,,,,,,1,,,50,150000,,,,
1720,11,10,,,,,10,,,13,26000,,,,
1720,12,10,,,,,10,,,13,26000,,,,
1721,6,,2,70000,,,2,,,75,225000,,,,
1721,8,,2,70000,,,,,,,,,,,
1721,11,15,30,18000,,,15,,,17,51000,,,,
1721,12,15,,,,,10,,,13,39000,,,,
1722,6,,2,60000,,,2,20,60000,80,240000,2,,,
1722,8,,2,60000,,,,,,,,,,,
1722,11,25,70,42000,,,25,,,23,46000,,,,
1722,12,25,,,,,5,,,5,10000,,,,
1722,19,1,,,,,,,,,,,,,
1723,11,10,,,,,4,,,5,10000,,,,
1723,12,10,,,,,4,,,5,10000,,,,
1724,11,12,,,,,10,,,12,24000,,,,
1724,12,12,,,,,10,,,12,24000,,,,
1726,6,5,,,7,210000,4,90,288000,40,128000,2,,,
1726,7,1,,,,,,,,,,,,,
1726,8,4,,,7,210000,,,,,,2,,,
1726,11,67,50,32500,,,5,,,6,12000,,,,
1726,12,17,,,,,5,,,6,12000,,,,
1727,6,,,,,,1,,,60,180000,,,,
1727,11,15,,,,,10,,,13,26000,,,,
1727,12,15,,,,,10,,,13,26000,,,,
1728,1,4,,,2,200000,,,,,,2,,,
1728,2,2,,,,,,,,,,,,,
1728,4,2,,,,,,,,,,,,,
1728,6,2,2,80000,,,1,,,40,120000,,,,
1728,8,2,2,80000,,,,,,,,,,,
1728,11,20,,,,,7,,,8,16000,,,,
1728,12,20,,,,,7,,,8,16000,,,,
1849,6,2,2,70000,,,2,60,180000,6,18000,2,8,,
1849,8,2,2,70000,,,2,60,180000,6,18000,2,8,,
1849,11,25,,,,,,,,,,,,,
1849,12,20,,,,,,,,,,,,,
1850,1,2,,,,,1,130,260000,7,14000,2,,,
1850,2,1,,,,,,,,,,,,,
1850,3,1,,,,,1,130,260000,7,14000,2,,,
1850,6,3,3,105000,,,,,,,,,,,
1850,8,3,3,105000,,,,,,,,,,,
1850,11,30,,,,,5,,,6,7200,,,,
1850,12,25,,,,,5,,,6,7200,,,,
1851,1,2,,,1,270000,,,,,,2,,,
1851,2,2,,,,,,,,,,,,,
1851,3,,,,1,270000,,,,,,2,,,
1851,11,30,,,,,,,,,,,,,
1851,12,22,,,,,,,,,,,,,
1852,11,25,,,,,,,,,,,,,
1852,12,20,,,,,,,,,,,,,
1854,11,22,6,18000,,,,,,,,,,,
1854,12,17,,,,,,,,,,,,,
1855,1,6,,,3,650000,1,140,280000,20,40000,2,8,,
1855,2,3,,,1,330000,,,,,,2,8,,
1855,3,1,,,,,1,140,280000,20,40000,2,8,,
1855,4,2,,,2,320000,,,,,,2,8,,
1855,9,32,,,6,270000,1,,,16,40000,,2,,
1855,11,15,,,,,7,,,10,18000,,,,
1855,12,15,,,,,7,,,10,18000,,,,
1859,1,6,,,1,350000,1,145,290000,20,40000,2,8,,
1859,2,2,,,1,350000,,,,,,2,8,,
1859,3,1,,,,,1,145,290000,20,40000,2,8,,
1859,4,3,,,,,,,,,,,,,
1859,11,14,,,5,15000,3,,,5,9000,2,,,
1859,12,14,,,5,15000,3,,,5,9000,2,,,
1860,1,5,,,2,360000,2,280,560000,35,70000,2,8,,
1860,2,2,,,,,1,130,260000,15,30000,2,8,,
1860,3,1,,,,,1,150,300000,20,40000,2,8,,
1860,4,2,,,2,360000,,,,,,2,8,,
1860,11,16,,,5,15000,5,,,8,15000,2,,,
1860,12,16,,,5,15000,5,,,8,15000,2,,,
1863,11,15,,,4,12000,6,,,9,16000,2,8,,
1863,12,15,,,4,12000,6,,,9,16000,2,8,,
1864,1,6,,,2,520000,1,135,270000,15,30000,2,,,
1864,2,2,,,1,340000,1,135,270000,15,30000,2,,,
1864,3,2,,,,,,,,,,,,,
1864,4,2,,,1,180000,,,,,,2,,,
1864,11,15,,,4,15000,5,,,8,15000,2,,,
1864,12,15,,,4,15000,5,,,8,15000,2,,,
1866,11,16,,,5,15000,7,,,10,18000,2,,,
1866,12,16,,,5,15000,7,,,10,18000,2,,,
1867,1,5,,,3,700000,1,150,300000,20,40000,2,,,
1867,2,2,,,1,350000,,,,,,2,,,
1867,3,1,,,,,1,150,300000,20,40000,2,,,
1867,4,2,,,2,350000,,,,,,2,,,
1867,11,18,,,5,15000,5,,,8,15000,2,,,
1867,12,18,,,5,15000,5,,,8,15000,2,,,
1869,11,11,,,,,4,,,6,11000,,,,
1869,12,11,,,,,4,,,6,11000,,,,
1871,1,5,,,2,530000,1,150,300000,20,40000,2,,,
1871,2,2,,,1,350000,,,,,,2,,,
1871,3,1,,,,,1,150,300000,20,40000,2,,,
1871,4,2,,,1,180000,,,,,,2,,,
1871,9,18,,,10,400000,2,,,26,65000,2,,,
1871,11,15,,,,,6,,,10,18000,,,,
1871,12,15,,,,,6,,,10,18000,,,,
1872,11,12,,,,,4,,,6,11000,,,,
1872,12,12,,,,,4,,,6,11000,,,,
1873,11,5,,,,,,,,,,,,,
1873,12,5,,,,,,,,,,,,,
1873,13,2,,,,,,,,,,,,,
1873,14,2,,,,,,,,,,,,,
1876,11,8,,,,,,,,,,,,,
1876,12,8,,,,,,,,,,,,,
1878,11,5,,,,,,,,,,,,,
1878,12,5,,,,,,,,,,,,,
1879,11,8,,,,,,,,,,,,,
1879,12,8,,,,,,,,,,,,,
1881,6,2,2,80000,,,,,,,,,,,
1881,8,2,2,80000,,,,,,,,,,,
1881,11,34,,,,,,,,,,,,,
1881,12,20,,,,,,,,,,,,,
1900,11,22,,,,,8,,,15,25500,,,,
1900,12,10,,,,,8,,,15,25500,,,,
1903,11,25,,,,,10,,,25,42500,,,,
1903,12,20,,,,,10,,,25,42500,,,,
1905,1,4,,,,,1,100,180000,50,90000,2,,,10
1905,2,2,,,,,,,,,,,,,
1905,4,2,,,,,1,100,180000,50,90000,2,,,10
1905,11,15,,,,,8,,,15,26000,,,,
1905,12,15,,,,,8,,,15,26000,,,,
1910,1,1,,,,,,,,,,,,,
1910,4,1,,,,,,,,,,,,,
1910,11,9,,,,,,,,,,,,,
1910,12,9,,,,,,,,,,,,,
1911,11,15,,,,,,,,,,,,,
1911,12,13,,,,,,,,,,,,,
1912,11,22,,,,,,,,,,,,,
1912,12,20,,,,,,,,,,,,,
1913,11,10,,,,,,,,,,,,,
1913,12,10,,,,,,,,,,,,,
1914,1,1,,,,,,,,,,,,,
1914,4,1,,,,,,,,,,,,,
1915,1,2,,,,,,,,,,,,,
1915,2,1,,,,,,,,,,,,,
1915,4,1,,,,,,,,,,,,,
1915,11,20,,,,,,,,,,,,,
1915,12,12,,,,,,,,,,,,,
1917,1,2,,,,,,,,,,,,,
1917,2,1,,,,,,,,,,,,,
1917,4,1,,,,,,,,,,,,,
1917,11,11,,,,,,,,,,,,,
1917,12,10,,,,,,,,,,,,,
1919,1,3,,,,,,,,,,,,,
1919,2,1,,,,,,,,,,,,,
1919,3,1,,,,,,,,,,,,,
1919,4,1,,,,,,,,,,,,,
1920,1,3,,,,,,,,,,,,,
1920,2,2,,,,,,,,,,,,,
1920,3,1,,,,,,,,,,,,,
1921,1,3,,,,,,,,,,,,,
1921,2,2,,,,,,,,,,,,,
1921,3,1,,,,,,,,,,,,,
1921,11,25,,,,,,,,,,,,,
1921,12,25,,,,,,,,,,,,,
1945,1,4,,,2,300000,,,,,,2,,,
1945,2,2,,,,,,,,,,,,,
1945,4,2,,,2,300000,,,,,,2,,,
1945,11,40,20,12000,,,6,,,8,12000,,,,
1945,12,20,,,,,,,,,,,,,
1946,1,6,,,2,320000,1,80,176000,10,22000,2,,,
1946,2,3,,,,,,,,,,,,,
1946,4,3,,,2,320000,1,80,176000,10,22000,2,,,
1946,9,10,,,8,240000,2,,,20,60000,2,,,
1946,11,25,,,,,2,,,3,4500,,,,
1946,12,20,,,,,,,,,,,,,
1947,1,10,,,3,450000,2,160,352000,10,22000,2,,,
1947,2,5,,,,,,,,,,,,,
1947,4,5,,,3,450000,2,160,352000,10,22000,2,,,
1947,9,10,,,10,300000,,,,,,2,,,
1947,11,20,,,,,4,,,6,9000,,,,
1947,12,10,,,,,,,,,,,,,
1948,1,6,,,2,400000,1,80,176000,10,22000,2,,,
1948,2,3,,,,,,,,,,,,,
1948,4,3,,,2,400000,1,80,176000,10,22000,2,,,
1948,11,40,10,6000,,,5,,,7,10500,,,,
1948,12,30,,,,,,,,,,,,,
1949,1,2,,,1,165000,,,,,,2,,,
1949,2,1,,,,,,,,,,,,,
1949,4,1,,,1,165000,,,,,,2,,,
1949,11,40,20,12000,,,,,,,,,,,
1949,12,20,,,,,,,,,,,,,
1950,1,6,,,2,350000,1,60,132000,12,26400,2,,,
1950,2,3,,,,,,,,,,,,,
1950,4,3,,,2,350000,1,60,132000,12,26400,2,,,
1950,11,50,30,18000,,,6,,,9,13500,,,,
1950,12,20,,,,,,,,,,,,,
1951,1,8,,,4,600000,,,,,,2,,,
1951,2,4,,,,,,,,,,,,,
1951,4,4,,,4,600000,,,,,,2,,,
1951,9,10,,,8,200000,2,,,20,60000,2,,,
1951,11,30,,,,,5,,,6,9000,,,,
1951,12,30,,,,,,,,,,,,,
1952,1,4,,,2,350000,,,,,,2,,,
1952,2,2,,,,,,,,,,,,,
1952,4,2,,,2,350000,,,,,,2,,,
1952,9,10,,,10,300000,,,,,,2,,,
1952,11,20,,,,,6,,,6,9000,,,,
1952,12,20,,,,,,,,,,,,,
1957,1,2,,,1,100000,,,,,,2,,,
1957,2,1,,,,,,,,,,,,,
1957,4,1,,,1,100000,,,,,,2,,,
1957,9,10,,,,,1,,,25,50000,,,,
1957,11,10,,,,,2,,,3,4500,,,,
1957,12,10,,,,,2,,,3,4500,,,,
1958,1,2,,,1,80000,,,,,,2,,,
1958,2,1,,,,,,,,,,,,,
1958,4,1,,,1,80000,,,,,,2,,,
1958,9,4,,,,,,,,,,,,,
1958,11,10,5,10000,,,,,,,,,,,
1958,12,10,5,10000,,,,,,,,,,,
1961,1,2,,,,,,,,,,,,,
1961,2,1,,,,,,,,,,,,,
1961,4,1,,,,,,,,,,,,,
1961,9,8,,,,,1,,,20,40000,,,,
1961,11,10,10,20000,,,2,,,3,4500,,,,
1961,12,10,10,20000,,,2,,,3,4500,,,,
1963,6,8,,,7,315000,1,15,45000,15,45000,2,4,,
1963,7,2,,,,,,,,,,,,,
1963,8,6,,,7,315000,1,15,45000,15,45000,2,4,,
1964,1,4,,,2,180000,,,,,,2,,,
1964,2,2,,,,,,,,,,,,,
1964,3,1,,,,,,,,,,,,,
1964,4,1,,,2,180000,,,,,,2,,,
1967,1,4,,,1,160000,1,,,30,60000,3,,,
1967,2,1,,,,,,,,,,,,,
1967,3,,,,1,160000,,,,,,3,,,
1967,4,2,,,,,1,,,30,60000,,,,
1971,1,5,,,1,190000,,,,,,3,,,
1971,2,2,,,,,,,,,,,,,
1971,3,2,,,1,190000,,,,,,3,,,
1971,4,1,,,,,,,,,,,,,
1982,11,15,,,,,6,,,12,24000,,,,
1982,12,15,,,,,6,,,12,24000,,,,
1983,1,5,,,1,180000,,,,,,1,,,
1983,2,2,,,,,,,,,,,,,
1983,3,1,,,1,180000,,,,,,1,,,
1983,4,2,,,,,,,,,,,,,
1983,6,1,1,35000,,,1,40,120000,40,120000,2,8,9,
1983,8,1,1,35000,,,,,,,,,,,
1983,10,1,,,,,,,,,,,,,
1983,11,10,,,,,4,,,8,16000,,,,
1983,12,10,,,,,4,,,8,16000,,,,
1986,11,7,,,,,2,,,4,8000,,,,
1986,12,7,,,,,2,,,4,8000,,,,
1987,1,2,,,,,,,,,,,,,
1987,2,1,,,,,,,,,,,,,
1987,4,1,,,,,,,,,,,,,
1987,12,6,,,,,,,,,,,,,
1987,13,6,,,,,,,,,,,,,
1988,1,5,,,1,180000,,,,,,1,,,
1988,2,2,,,,,,,,,,,,,
1988,3,1,,,1,180000,,,,,,1,,,
1988,4,2,,,,,,,,,,,,,
1988,6,1,1,180000,,,,,,,,,,,
1988,7,1,1,180000,,,,,,,,,,,
1988,10,1,,,,,,,,,,,,,
1988,11,10,,,,,2,,,4,8000,,,,
1988,12,10,,,,,2,,,4,8000,,,,
1989,11,5,,,,,,,,,,,,,
1989,12,5,,,,,,,,,,,,,
2008,1,2,,,,,1,170,221000,10,13000,3,,,5
2008,2,1,,,,,1,170,221000,10,13000,3,,,5
2008,3,1,,,,,,,,,,,,,
2008,6,1,,,,,1,25,75000,10,30000,2,,,10
2008,11,20,,,,,,,,,,,,,
2008,12,10,,,,,,,,,,,,,
2009,1,4,,,,,,,,,,,,,
2009,2,2,,,,,,,,,,,,,
2009,4,2,,,,,,,,,,,,,
2009,6,,,,,,1,15,45000,20,60000,2,,,
2009,8,,,,,,1,15,45000,20,60000,2,,,
2009,11,10,,,,,,,,,,,,,
2009,12,8,,,,,,,,,,,,,
2010,11,15,,,,,,,,,,,,,
2010,12,10,,,,,,,,,,,,,
2011,1,2,,,,,,,,,,,,,
2011,2,1,,,,,,,,,,,,,
2011,4,1,,,,,,,,,,,,,
2011,11,10,,,,,,,,,,,,,
2011,12,10,,,,,,,,,,,,,
2012,1,2,,,,,,,,,,,,,
2012,2,1,,,,,,,,,,,,,
2012,4,1,,,,,,,,,,,,,
2012,6,3,,,,,,,,,,,,,
2012,8,3,,,,,,,,,,,,,
2013,1,3,,,,,,,,,,,,,
2013,2,2,,,,,,,,,,,,,
2013,3,1,,,,,,,,,,,,,
2013,11,5,,,,,,,,,,,,,
2013,12,5,,,,,,,,,,,,,
2014,1,4,,,,,,,,,,,,,
2014,2,2,,,,,,,,,,,,,
2014,4,2,,,,,,,,,,,,,
2014,6,1,,,,,1,15,49500,15,49500,2,,,
2014,8,1,,,,,1,15,49500,15,49500,2,,,
2014,11,10,,,,,,,,,,,,,
2014,12,5,,,,,,,,,,,,,
2015,1,3,,,,,,,,,,,,,
2015,2,1,,,,,,,,,,,,,
2015,3,1,,,,,,,,,,,,,
2015,4,1,,,,,,,,,,,,,
2015,6,1,,,,,,,,,,,,,
2015,11,10,,,,,,,,,,,,,
2015,12,6,,,,,,,,,,,,,
2016,1,3,,,,,,,,,,,,,
2016,2,1,,,,,,,,,,,,,
2016,3,1,,,,,,,,,,,,,
2016,4,1,,,,,,,,,,,,,
2016,6,1,,,,,,,,,,,,,
2016,8,1,,,,,,,,,,,,,
2016,11,10,,,,,,,,,,,,,
2016,12,6,,,,,,,,,,,,,
2062,1,17,,,4,950000,1,170,340000,10,20000,4,2,,
2062,2,5,,,,,,,,,,,,,
2062,3,7,,,4,950000,1,170,340000,10,20000,4,2,,
2062,4,5,,,,,,,,,,,,,
2062,9,10,,,5,180000,1,15,30000,10,20000,2,,,
2062,11,20,40,35000,,,20,,,35,50000,,,,
2062,12,10,,,,,,,,,,,,,
2063,1,5,,,2,480000,,,,,,2,,,
2063,2,2,,,,,,,,,,,,,
2063,3,2,,,2,480000,,,,,,2,,,
2063,4,1,,,,,,,,,,,,,
2063,9,9,,,4,140000,,,,,,2,,,
2063,11,10,25,30000,,,15,,,25,40000,,,,
2063,12,5,,,,,,,,,,,,,
2064,1,7,,,1,260000,1,90,180000,20,40000,2,4,,
2064,2,2,,,,,,,,,,,,,
2064,3,3,,,1,260000,1,90,180000,20,40000,2,4,,
2064,4,2,,,,,,,,,,,,,
2064,11,11,20,25000,,,15,,,25,35000,,,,
2064,12,7,,,,,,,,,,,,,
2065,1,10,,,2,290000,,,,,,2,,,
2065,2,4,,,,,,,,,,,,,
2065,3,3,,,2,290000,,,,,,2,,,
2065,4,3,,,,,,,,,,,,,
2065,9,14,,,8,270000,,,,,,2,,,
2065,11,10,20,25000,,,15,,,25,35000,,,,
2065,12,6,,,,,,,,,,,,,
2066,1,8,,,2,285000,1,120,240000,10,20000,2,4,,
2066,2,3,,,,,,,,,,,,,
2066,3,2,,,1,230000,1,120,240000,10,20000,2,4,,
2066,4,3,,,1,55000,,,,,,2,,,
2066,9,5,,,4,140000,,,,,,2,,,
2066,11,15,30,35000,,,20,,,30,45000,,,,
2066,12,10,,,,,,,,,,,,,
2067,1,14,,,3,810000,1,110,220000,20,40000,2,4,,
2067,2,4,,,,,,,,,,,,,
2067,3,5,,,2,460000,1,110,220000,20,40000,2,4,,
2067,4,4,,,,,,,,,,,,,
2067,5,1,,,1,350000,,,,,,2,,,
2067,9,14,,,5,180000,1,15,30000,10,20000,2,,,
2067,11,20,30,40000,,,20,,,35,55000,,,,
2067,12,10,,,,,,,,,,,,,
2068,1,28,,,7,1360000,1,120,240000,20,40000,2,,,
2068,2,12,,,1,260000,,,,,,2,,,
2068,3,8,,,4,1000000,1,120,240000,20,40000,2,,,
2068,4,8,,,2,100000,,,,,,2,,,
2068,9,46,,,20,700000,2,45,90000,10,20000,2,,,
2068,11,14,30,40000,,,8,20,30000,30,45000,2,,,
2068,12,10,,,,,,,,,,,,,
2069,1,13,,,3,740000,,,,,,2,,,
2069,2,5,,,1,280000,,,,,,2,,,
2069,3,4,,,2,460000,,,,,,2,,,
2069,4,4,,,,,,,,,,,,,
2069,9,23,,,10,350000,1,15,30000,10,20000,2,7,,
2069,11,15,40,50000,,,30,,,50,65000,,,,
2069,12,10,,,,,,,,,,,,,
2070,1,10,,,3,740000,1,110,220000,20,40000,2,4,,
2070,2,3,,,1,260000,,,,,,2,,,
2070,3,4,,,2,480000,1,110,220000,20,40000,2,4,,
2070,4,3,,,,,,,,,,,,,
2070,9,24,,,14,500000,1,15,30000,10,20000,2,,,
2070,11,20,40,50000,,,10,30,42000,50,70000,2,,,
2070,12,15,,,,,,,,,,,,,
2070,19,8,,,,,,,,,,,,,
2072,1,10,,,2,130000,1,90,180000,10,20000,2,,,
2072,2,5,,,,,,,,,,,,,
2072,3,2,,,,,1,90,180000,10,20000,2,,,
2072,4,3,,,2,130000,,,,,,2,,,
2072,11,30,,,,,5,,,5,7500,,,,
2072,12,30,,,,,5,,,5,7500,,,,
2072,19,10,,,,,,,,,,,,,
2073,1,2,,,,,,,,,,,,,
2073,2,1,,,,,,,,,,,,,
2073,4,1,,,,,,,,,,,,,
2073,11,15,,,,,1,,,1,1500,,,,
2073,12,15,,,,,1,,,1,1500,,,,
2074,1,10,,,,,,,,,,,,,
2074,2,3,,,,,,,,,,,,,
2074,3,5,,,,,,,,,,,,,
2074,4,2,,,,,,,,,,,,,
2074,6,1,,,,,,,,,,,,,
2074,7,1,,,,,,,,,,,,,
2074,9,8,,,,,,,,,,,,,
2074,11,50,,,,,,,,,,,,,
2074,12,50,,,,,,,,,,,,,
2075,1,7,,,,,1,85,170000,10,20000,2,,,
2075,2,3,,,,,,,,,,,,,
2075,3,2,,,,,1,85,170000,10,20000,2,,,
2075,4,2,,,,,,,,,,,,,
2075,11,20,,,,,3,,,3,4500,,,,
2075,12,20,,,,,3,,,3,4500,,,,
2076,1,3,,,,,,,,,,,,,
2076,2,1,,,,,,,,,,,,,
2076,3,1,,,,,,,,,,,,,
2076,4,1,,,,,,,,,,,,,
2076,11,10,,,,,2,,,2,3000,,,,
2076,12,10,,,,,2,,,2,3000,,,,
2077,1,5,,,,,1,85,170000,5,10000,2,,,
2077,2,2,,,,,,,,,,,,,
2077,3,1,,,,,1,85,170000,5,10000,2,,,
2077,4,2,,,,,,,,,,,,,
2077,11,30,,,,,2,,,2,3000,,,,
2077,12,30,,,,,2,,,2,3000,,,,
2078,1,7,,,,,1,75,127500,5,8500,2,,,
2078,2,3,,,,,1,75,127500,5,8500,2,,,
2078,3,2,,,,,,,,,,,,,
2078,4,2,,,,,,,,,,,,,
2078,11,30,,,,,3,,,3,4500,,,,
2078,12,30,,,,,3,,,3,4500,,,,
2079,1,6,,,,,2,160,320000,15,30000,2,,,
2079,2,2,,,,,,,,,,,,,
2079,3,2,,,,,2,160,320000,15,30000,2,,,
2079,4,2,,,,,,,,,,,,,
2079,11,50,,,,,8,,,8,12000,,,,
2079,12,50,,,,,8,,,8,12000,,,,
2080,1,10,,,1,320000,1,160,320000,10,20000,4,,,
2080,2,4,,,,,,,,,,,,,
2080,3,2,,,1,320000,1,160,320000,10,20000,4,,,
2080,4,4,,,,,,,,,,,,,
2080,10,1,,,,,,,,,,,,,
2080,11,50,,,,,15,10,20000,5,10000,2,,,
2080,12,20,,,,,,,,,,,,,
2081,1,12,,,,,2,320,640000,50,100000,2,,,
2081,2,5,,,,,,,,,,,,,
2081,3,2,,,,,2,320,640000,50,100000,2,,,
2081,4,5,,,,,,,,,,,,,
2081,6,12,,,3,180000,3,60,180000,20,60000,2,,,
2081,7,1,,,,,,,,,,,,,
2081,8,11,,,3,180000,3,60,180000,20,60000,2,,,
2081,11,40,,,,,10,,,18,27000,,,,
2081,12,20,,,,,,,,,,,,,
2083,1,2,,,,,,,,,,,,,
2083,2,1,,,,,,,,,,,,,
2083,3,1,,,,,,,,,,,,,
2083,10,1,,,,,,,,,,,,,
2083,11,30,,,,,10,5,9000,8,13000,2,,,
2083,12,15,,,,,,,,,,,,,
2085,1,8,,,,,1,150,300000,20,40000,2,3,,5
2085,2,4,,,,,,,,,,,,,
2085,3,2,,,,,1,150,300000,20,40000,2,3,,5
2085,4,2,,,,,,,,,,,,,
2085,7,1,,,,,5,80,240000,20,60000,2,3,,
2085,8,8,,,,,5,80,240000,20,60000,2,3,,
2085,10,1,,,,,,,,,,,,,
2085,11,50,,,,,12,8,14000,8,14000,2,,,
2085,12,19,,,,,,,,,,,,,
2088,11,40,,,,,15,13,23400,3,5400,2,,,
2088,12,25,,,,,,,,,,,,,
2116,1,6,,,,,1,,,80,160000,,,,
2116,2,2,,,,,,,,,,,,,
2116,3,2,,,,,,,,,,,,,
2116,4,2,,,,,,,,,,,,,
2116,9,20,,,,,6,,,50,125000,,,,
2116,11,15,,,,,8,,,10,20000,,,,
2116,12,15,,,,,,,,,,,,,
2117,1,,,,,,1,90,180000,10,20000,2,,,
2117,9,6,,,,,1,,,10,25000,,,,
2117,11,5,,,,,,,,,,,,,
2117,12,5,,,,,,,,,,,,,
2117,13,2,,,,,,,,,,,,,
2117,14,2,,,,,,,,,,,,,
2118,1,1,,,,,,,,,,,,,
2118,2,1,,,,,,,,,,,,,
2118,9,17,,,,,1,,,35,87000,,,,
2118,11,15,,,,,5,,,6,12000,,,,
2118,12,10,,,,,5,,,6,12000,,,,
2118,19,7,,,,,,,,,,,,,
2119,1,4,,,2,530000,,,,,,2,,,
2119,2,2,,,,,,,,,,,,,
2119,4,2,,,,,,,,,,,,,
2119,9,4,,,,,,,,,,,,,
2120,1,4,,,,,1,170,340000,30,60000,2,,,
2120,2,1,,,,,,,,,,,,,
2120,4,3,,,,,,,,,,,,,
2120,9,4,,,,,2,,,33,82500,,,,
2120,11,62,,,,,7,,,8,16000,,,,
2120,12,12,,,,,7,,,8,16000,,,,
2121,1,1,,,1,70000,,,,,,2,,,
2121,2,1,,,,,,,,,,,,,
2121,4,,,,1,70000,,,,,,2,,,
2121,9,8,,,,,3,,,45,112500,,,,
2121,11,12,,,,,1,,,1.5,3000,,,,
2121,12,5,,,,,1,,,1.5,3000,,,,
2122,1,2,,,,,,,,,,,,,
2122,2,1,,,,,,,,,,,,,
2122,4,1,,,,,,,,,,,,,
2122,11,3,,,,,,,,,,,,,
2122,12,3,,,,,,,,,,,,,
2122,19,12,,,,,,,,,,,,,
2123,1,1,,,,,,,,,,,,,
2123,2,1,,,,,,,,,,,,,
2123,11,3,,,,,,,,,,,,,
2123,12,3,,,,,,,,,,,,,
2126,1,2,,,,,1,80,160000,30,60000,2,,,
2126,2,1,,,,,,,,,,,,,
2126,3,,,,,,1,80,160000,30,60000,2,,,
2126,4,1,,,,,,,,,,,,,
2126,11,27,,,,,4,,,6,10200,,,,
2126,12,7,,,,,4,,,6,10200,,,,
2127,1,3,,,,,1,130,260000,30,60000,2,,,
2127,2,1,,,,,,,,,,,,,
2127,3,1,,,,,1,130,260000,30,60000,2,,,
2127,4,1,,,,,,,,,,,,,
2127,11,10,,,,,5,,,8,13600,,,,
2127,12,10,,,,,5,,,8,13600,,,,
2128,1,6,,,,,1,70,126000,80,144000,2,,,
2128,2,3,,,,,,,,,,,,,
2128,3,,,,,,1,70,126000,80,144000,2,,,
2128,4,3,,,,,,,,,,,,,
2128,11,15,,,3,15000,4,,,6,10200,2,,,
2128,12,15,,,3,15000,4,,,6,10200,2,,,
2129,1,3,,,,,2,140,280000,110,220000,2,,,
2129,2,2,,,,,,,,,,,,,
2129,3,,,,,,1,140,280000,30,60000,2,,,
2129,4,1,,,,,1,,,80,160000,,,,
2129,11,10,,,,,3,,,5,8500,,,,
2129,12,10,,,,,3,,,5,8500,,,,
2130,11,36,30,15000,,,4,,,7,11900,,,,
2130,12,6,30,15000,,,4,,,7,11900,,,,
2131,1,5,,,1,270000,1,40,72000,85,153000,2,,,6
2131,2,2,,,1,270000,,,,,,2,,,
2131,3,1,,,,,1,40,72000,85,153000,2,,,6
2131,4,2,,,,,,,,,,,,,
2131,11,15,,,,,5,,,8,13600,,,,
2131,12,15,,,,,5,,,8,13600,,,,
2132,1,2,,,,,1,50,100000,85,170000,2,,,
2132,2,1,,,,,,,,,,,,,
2132,3,,,,,,1,50,100000,85,170000,2,,,
2132,4,1,,,,,,,,,,,,,
2132,11,10,,,,,4,,,6,10200,,,,
2132,12,10,,,,,4,,,6,10200,,,,
2133,1,2,1,200000,,,,,,,,,,,
2133,2,1,1,200000,,,,,,,,,,,
2133,4,1,,,,,,,,,,,,,
2133,11,49,35,17500,,,5,,,8,13600,,,,
2133,12,14,35,17500,,,5,,,8,13600,,,,
2134,11,37,,,,,,,,,,,,,
2134,12,12,,,,,,,,,,,,,
2135,11,5,,,,,2,,,3,6000,,,,
2135,12,5,,,,,2,,,3,6000,,,,
2136,1,2,,,1,90000,,,,,,2,,,
2136,2,1,,,,,,,,,,,,,
2136,4,1,,,,,,,,,,,,,
2136,6,1,1,30000,,,,,,,,,,,
2136,8,1,1,30000,,,,,,,,,,,
2136,11,31,,,,,6,,,7,14000,,,,
2136,12,11,,,,,6,,,7,14000,,,,
2137,19,8,,,,,,,,,,,,,
2138,11,6,,,,,2,,,3,6000,,,,
2138,12,6,,,,,2,,,3,6000,,,,
2139,1,2,,,1,120000,,,,,,2,,,
2139,2,1,,,,,,,,,,,,,
2139,4,1,,,,,,,,,,,,,
2139,11,10,,,,,6,,,7,14000,,,,
2139,12,10,,,,,6,,,7,14000,,,,
2140,6,2,2,60000,,,1,20,60000,40,120000,2,,,
2140,8,2,2,60000,,,,,,,,,,,
2140,11,10,,,,,4,,,5,10000,,,,
2140,12,10,,,,,4,,,5,10000,,,,
2140,19,1,,,,,,,,,,,,,
2141,11,15,,,,,5,,,6,12000,,,,
2141,12,15,,,,,5,,,6,12000,,,,
2141,19,5,,,,,,,,,,,,,
2142,1,11,10,600000,1,120000,,,,,,2,,,
2142,2,1,,,,,,,,,,,,,
2142,4,10,10,600000,,,,,,,,,,,
2142,6,3,3,300000,,,,,,,,,,,
2142,7,3,3,300000,,,,,,,,,,,
2142,11,33,,,,,10,,,12,24000,,,,
2142,12,20,,,,,10,,,12,24000,,,,
2142,19,2,,,,,,,,,,,,,
2149,11,8,,,,,4,,,5,12500,,,,
2149,12,8,,,,,4,,,5,12500,,,,
2150,11,12,,,,,5,,,6,15000,,,,
2150,12,12,,,,,5,,,6,15000,,,,
2152,11,5,,,,,,,,,,,,,
2152,12,5,,,,,,,,,,,,,
2158,11,7,3,3000,,,7,,,7,17500,,,,
2158,12,4,,,,,,,,,,,,,
2159,11,6,,,,,4,,,4.5,11250,,,,
2159,12,6,,,,,4,,,4.5,11250,,,,
2160,11,5,,,,,3,,,3,7500,,,,
2160,12,5,,,,,,,,,,,,,
2205,11,20,,,,,,,,,,,,,
2205,12,20,,,,,,,,,,,,,
2288,11,15,,,,,6,,,10,18000,,,,
2288,12,15,,,,,6,,,10,18000,,,,
2289,11,10,,,2,6000,4,,,6,10000,2,,,
2289,12,10,,,2,6000,4,,,6,10000,2,,,
2291,11,15,,,5,15000,6,,,9,16200,2,,,
2291,12,15,,,5,15000,6,,,9,16200,2,,,
2292,1,6,,,1,350000,2,275,550000,30,60000,2,8,,
2292,2,2,,,1,350000,1,130,260000,15,30000,2,8,,
2292,3,1,,,,,1,145,290000,15,30000,2,8,,
2292,4,3,,,,,,,,,,,,,
2292,9,30,,,6,280000,1,,,14,35000,2,,,
2292,11,15,,,,,7,,,10,18000,,,,
2292,12,15,,,,,7,,,10,18000,,,,
2293,1,5,,,2,500000,1,150,300000,18,36000,2,8,,
2293,2,2,,,1,320000,,,,,,2,8,,
2293,3,1,,,,,1,150,300000,18,36000,2,8,,
2293,4,2,,,1,180000,,,,,,2,8,,
2293,9,26,,,7,300000,1,,,15,37500,2,,,
2293,11,16,,,,,5,,,8,15000,,,,
2293,12,16,,,,,5,,,8,15000,,,,
2294,1,6,,,2,530000,1,160,320000,15,30000,2,,,
2294,2,2,,,1,350000,,,,,,2,,,
2294,3,1,,,,,1,160,320000,15,30000,2,,,
2294,4,3,,,1,180000,,,,,,2,,,
2294,9,34,,,6,260000,1,,,15,37500,2,,,
2294,11,16,,,,,6,,,10,18000,,,,
2294,12,16,,,,,6,,,10,18000,,,,
2298,1,5,,,3,650000,1,150,300000,16,32000,2,,,
2298,2,2,,,1,310000,,,,,,2,,,
2298,3,1,,,,,1,150,300000,16,32000,2,,,
2298,4,2,,,2,340000,,,,,,2,,,
2298,11,16,,,,,6,,,9,17000,,,,
2298,12,16,,,,,6,,,9,17000,,,,
2299,11,10,,,,,6,,,10,16000,,,,
2299,12,10,,,,,6,,,10,16000,,,,
2300,11,12,,,,,4,,,6,9600,,,,
2300,12,12,,,,,4,,,6,9600,,,,
2301,1,6,,,3,630000,1,145,290000,15,30000,2,8,,
2301,2,2,,,1,330000,,,,,,2,8,,
2301,3,1,,,,,1,145,290000,15,30000,2,8,,
2301,4,3,,,2,300000,,,,,,2,8,,
2301,11,15,,,,,7,,,10,17000,,,,
2301,12,15,,,,,7,,,10,17000,,,,
2303,1,5,,,2,500000,1,150,300000,15,30000,2,8,,
2303,2,2,,,1,330000,,,,,,2,8,,
2303,3,1,,,,,1,150,300000,15,30000,2,8,,
2303,4,2,,,1,170000,,,,,,2,8,,
2303,11,15,,,,,7,,,10,18000,,,,
2303,12,15,,,,,7,,,10,18000,,,,
2304,11,14,,,,,6,,,9,16000,,,,
2304,12,14,,,,,6,,,9,16000,,,,
2305,11,15,,,,,,,,,,,,,
2305,12,15,,,,,,,,,,,,,
2308,11,10,,,,,,,,,,,,,
2308,12,9,,,,,,,,,,,,,
2309,1,1,1,120000,,,,,,,,,,,
2309,4,1,1,120000,,,,,,,,,,,
2309,6,7,,,,,,,,,,,,,
2309,7,2,,,,,,,,,,,,,
2309,8,5,,,,,,,,,,,,,
2310,11,5,,,,,,,,,,,,,
2310,12,5,,,,,,,,,,,,,
2315,1,2,,,1,250000,,,,,,2,,,
2315,3,2,,,1,250000,,,,,,2,,,
2315,11,20,,,,,3,,,5,6500,,,,
2315,12,20,,,,,3,,,5,6500,,,,
2318,11,10,,,,,5,3,7500,2,2400,2,,,
2318,12,10,,,,,5,3,7500,2,2400,2,,,
2321,11,5,,,,,,,,,,,,,
2321,12,5,,,,,,,,,,,,,
2322,1,2,,,,,,,,,,,,,
2322,3,2,,,,,,,,,,,,,
2322,11,10,10,10000,,,2,,,2,2000,,,,
2351,1,6,,,,,,,,,,,,,
2351,2,3,,,,,,,,,,,,,
2351,3,2,,,,,,,,,,,,,
2351,4,1,,,,,,,,,,,,,
2353,1,11,,,,,,,,,,,,,
2353,2,4,,,,,,,,,,,,,
2353,3,5,,,,,,,,,,,,,
2353,4,2,,,,,,,,,,,,,
2356,11,30,,,,,,,,,,,,,
2356,12,30,,,,,,,,,,,,,
2358,1,3,,,,,,,,,,,,,
2358,2,2,,,,,,,,,,,,,
2358,3,1,,,,,,,,,,,,,
2359,1,4,,,,,,,,,,,,,
2359,3,4,,,,,,,,,,,,,
2359,6,4,,,10,300000,,,,,,2,,,
2359,8,4,,,10,300000,,,,,,2,,,
2359,11,6,,,,,,,,,,,,,
2359,12,6,,,,,,,,,,,,,
2360,6,10,,,,,,,,,,,,,
2360,7,2,,,,,,,,,,,,,
2360,8,8,,,,,,,,,,,,,
2360,11,23,,,,,,,,,,,,,
2360,12,15,,,,,,,,,,,,,
2361,6,1,,,,,,,,,,,,,
2361,7,1,,,,,,,,,,,,,
2361,11,15,,,,,,,,,,,,,
2361,12,15,,,,,,,,,,,,,
2362,11,15,,,,,,,,,,,,,
2362,12,15,,,,,,,,,,,,,
2363,1,1,,,,,,,,,,,,,
2363,3,1,,,,,,,,,,,,,
2363,6,1,,,,,,,,,,,,,
2363,7,1,,,,,,,,,,,,,
2363,11,10,,,,,,,,,,,,,
2363,12,10,,,,,,,,,,,,,
2364,6,2,,,,,,,,,,,,,
2364,8,2,,,,,,,,,,,,,
2364,11,5,,,,,,,,,,,,,
2364,12,5,,,,,,,,,,,,,
2365,6,1,1,30000,,,,,,,,,,,
2365,8,1,1,30000,,,,,,,,,,,
2365,11,20,,,,,,,,,,,,,
2365,12,20,,,,,,,,,,,,,
2365,13,3,,,,,,,,,,,,,
2365,14,3,,,,,,,,,,,,,
2366,9,5,,,,,,,,,,,,,
2366,11,30,,,,,,,,,,,,,
2366,12,30,,,,,,,,,,,,,
2367,1,2,,,,,,,,,,,,,
2367,2,1,,,,,,,,,,,,,
2367,4,1,,,,,,,,,,,,,
2367,11,10,,,,,,,,,,,,,
2367,12,10,,,,,,,,,,,,,
2377,1,2,,,,,1,70,161000,10,23000,2,,,
2377,2,1,,,,,,,,,,,,,
2377,4,1,,,,,1,70,161000,10,23000,2,,,
2377,11,30,10,6000,,,4,,,6,9000,,,,
2377,12,20,,,,,,,,,,,,,
2378,1,2,,,1,170000,,,,,,2,,,
2378,2,1,,,,,,,,,,,,,
2378,4,1,,,1,170000,,,,,,2,,,
2378,11,20,,,,,4,,,6,9000,,,,
2378,12,10,,,,,,,,,,,,,
2379,1,4,,,1,150000,1,80,184000,,,2,,,
2379,2,2,,,,,,,,,,,,,
2379,4,2,,,1,150000,1,80,184000,,,2,,,
2379,9,8,,,8,320000,,,,,,2,,,
2379,11,15,,,,,2,,,3,4500,,,,
2379,12,10,,,,,2,,,3,4500,,,,
2380,1,2,,,1,180000,,,,,,2,,,
2380,2,1,,,,,,,,,,,,,
2380,4,1,,,1,180000,,,,,,2,,,
2380,6,1,,,,,1,,,12,36000,,,,5
2380,8,1,,,,,1,,,12,36000,,,,5
2380,9,5,,,5,200000,,,,,,2,,,
2380,11,15,,,,,4,,,6,9000,,,,
2380,12,10,,,,,,,,,,,,,
2381,1,2,,,1,170000,,,,,,2,,,
2381,2,1,,,,,,,,,,,,,
2381,4,1,,,1,170000,,,,,,2,,,
2381,9,5,,,3,120000,2,,,24,72000,2,,,
2381,11,10,,,,,2,,,3,4500,,,,
2382,1,2,,,1,180000,,,,,,2,,,
2382,2,1,,,,,,,,,,,,,
2382,4,1,,,1,180000,,,,,,2,,,
2382,11,20,10,6000,,,4,,,7,10500,,,,
2382,12,10,,,,,,,,,,,,,
2383,1,2,,,1,160000,,,,,,2,,,
2383,2,1,,,,,,,,,,,,,
2383,4,1,,,1,160000,,,,,,2,,,
2383,11,20,10,6000,,,2,,,3,4500,,,,
2383,12,10,,,,,2,,,3,4500,,,,
2384,1,2,,,1,175000,,,,,,2,,,
2384,2,1,,,,,,,,,,,,,
2384,4,1,,,1,175000,,,,,,2,,,
2384,11,20,,,,,2,,,3,4500,,,,
2384,12,10,,,,,2,,,3,4500,,,,
2385,1,2,,,1,170000,,,,,,2,,,
2385,2,1,,,,,,,,,,,,,
2385,4,1,,,1,170000,,,,,,2,,,
2385,11,25,10,6000,,,,,,,,,,,
2385,12,15,,,,,,,,,,,,,
2388,1,8,,,2,200000,,,,,,2,,,
2388,2,4,,,,,,,,,,,,,
2388,4,4,,,2,200000,,,,,,2,,,
2388,6,8,,,4,120000,,,,,,2,,,
2388,7,2,,,,,,,,,,,,,
2388,8,6,,,4,120000,,,,,,2,,,
2388,11,30,10,5000,,,3,,,5,7500,,,,
2388,12,20,10,5000,,,3,,,5,7500,,,,
2389,1,4,,,1,80000,,,,,,2,,,
2389,2,2,,,,,,,,,,,,,
2389,4,2,,,1,80000,,,,,,2,,,
2389,6,10,,,6,180000,,,,,,2,,,
2389,7,2,,,,,,,,,,,,,
2389,8,8,,,6,180000,,,,,,2,,,
2389,11,20,10,20000,,,2,,,4,6000,,,,
2389,12,20,10,20000,,,2,,,4,6000,,,,
2390,1,2,,,,,,,,,,,,,
2390,2,1,,,,,,,,,,,,,
2390,4,1,,,,,,,,,,,,,
2390,11,15,10,20000,,,2,,,3,4500,,,,
2390,12,15,10,20000,,,2,,,3,4500,,,,
2392,1,2,,,1,110000,,,,,,2,,,
2392,2,1,,,,,,,,,,,,,
2392,4,1,,,1,110000,,,,,,2,,,
2392,9,5,,,,,,,,,,,,,
2392,11,10,5,10000,,,1,,,1.5,2250,,,,
2392,12,10,5,10000,,,1,,,1.5,2250,,,,
2393,1,2,,,1,90000,,,,,,2,,,
2393,2,1,,,,,,,,,,,,,
2393,4,1,,,1,90000,,,,,,2,,,
2393,11,20,10,20000,,,2,,,3,4500,,,,
2393,12,20,10,20000,,,2,,,3,4500,,,,
2394,1,2,,,1,80000,,,,,,2,,,
2394,2,1,,,,,,,,,,,,,
2394,4,1,,,1,80000,,,,,,2,,,
2394,6,10,,,8,240000,,,,,,2,,,
2394,7,2,,,,,,,,,,,,,
2394,8,8,,,8,240000,,,,,,2,,,
2394,11,10,,,,,2,,,3,4500,,,,
2394,12,10,,,,,2,,,3,4500,,,,
2397,11,20,,,,,5,,,6,9500,,,,
2397,12,15,,,,,5,,,6,9500,,,,
2405,1,2,,,,,,,,,,,,,
2405,2,1,,,,,,,,,,,,,
2405,4,1,,,,,,,,,,,,,
2405,6,1,1,35000,,,1,20,60000,25,75000,2,,,
2405,8,1,1,35000,,,1,20,60000,25,75000,2,,,
2405,10,1,,,,,,,,,,,,,
2405,11,10,,,,,6,,,6,9000,,,,
2405,12,10,,,,,,,,,,,,,
2405,13,12,,,8,20000,3,,,5,15000,2,,,
2405,14,12,,,8,20000,3,,,5,15000,2,,,
2406,6,3,,,8,240000,1,18,54000,22,66000,2,,,
2406,7,1,,,,,,,,,,,,,
2406,8,2,,,8,240000,1,18,54000,22,66000,2,,,
2406,11,12,,,,,7,,,8,12000,,,,
2406,12,12,,,,,,,,,,,,,
2406,13,8,,,5,15000,2,,,3,9000,2,,,
2406,14,8,,,5,15000,2,,,3,9000,2,,,
2409,11,9,,,,,5,,,5.5,8200,,,,
2409,12,9,,,,,,,,,,,,,
2422,11,10,,,,,,,,,,,,,
2422,12,10,,,,,,,,,,,,,
2423,1,5,,,,,,,,,,,,,
2423,2,3,,,,,,,,,,,,,
2423,4,2,,,,,,,,,,,,,
2423,9,3,,,,,1,,,18,54000,,,,
2423,11,2,,,,,,,,,,,,,
2423,12,2,,,,,,,,,,,,,
2424,1,4,,,,,,,,,,,,,
2424,2,2,,,,,,,,,,,,,
2424,4,2,,,,,,,,,,,,,
2424,6,,,,,,1,,,50,110000,,,,
2425,1,3,,,,,,,,,,,,,
2425,2,3,,,,,,,,,,,,,
2425,11,10,,,,,,,,,,,,,
2425,12,10,,,,,,,,,,,,,
2426,1,6,,,,,,,,,,,,,
2426,2,3,,,,,,,,,,,,,
2426,4,3,,,,,,,,,,,,,
2426,6,2,,,,,1,,,50,100000,,,,
2426,8,2,,,,,1,,,50,100000,,,,
2427,1,2,2,450000,,,,,,,,,,,
2427,2,1,1,370000,,,,,,,,,,,
2427,4,1,1,80000,,,,,,,,,,,
2428,1,3,,,1,80000,,,,,,2,,,
2428,2,2,,,,,,,,,,,,,
2428,4,1,,,1,80000,,,,,,2,,,
2428,11,8,,,,,,,,,,,,,
2428,12,8,,,,,,,,,,,,,
2430,1,9,,,2,860000,,,,,,2,,,
2430,2,5,,,,,,,,,,,,,
2430,3,,,,2,860000,,,,,,2,,,
2430,4,4,,,,,,,,,,,,,
2430,6,2,,,,,,,,,,,,,
2430,11,10,,,,,4,,,5,7500,,,,
2430,12,10,,,,,4,,,5,7500,,,,
2459,1,1,1,140000,,,,,,,,,,,
2459,4,1,1,140000,,,,,,,,,,,
2459,11,13,,,,,,,,,,,,,
2459,12,13,,,,,,,,,,,,,
2460,11,15,5,1300,,,,,,,,,,,
2460,12,5,,,,,,,,,,,,,
2462,11,30,20,5500,,,,,,,,,,,
2462,12,10,,,,,,,,,,,,,
2464,1,2,,,,,,,,,,,,,
2464,2,1,,,,,,,,,,,,,
2464,4,1,,,,,,,,,,,,,
2464,11,5,5,3500,,,,,,,,,,,
2464,12,5,5,3500,,,,,,,,,,,
2494,9,26,,,12,380000,1,25,50000,5,10000,2,4,,
2495,1,4,,,1,230000,1,110,220000,10,20000,2,4,,
2495,2,1,,,,,,,,,,,,,
2495,3,2,,,1,230000,1,110,220000,10,20000,2,4,,
2495,4,1,,,,,,,,,,,,,
2495,6,2,,,,,1,60,150000,10,25000,4,,,
2495,8,2,,,,,1,60,150000,10,25000,4,,,
2495,11,15,30,42000,,,20,,,35,60000,,,,
2495,12,10,,,,,,,,,,,,,
2497,9,11,,,5,180000,1,15,30000,10,20000,2,,,
2499,1,3,,,1,240000,,,,,,2,,,
2499,2,1,,,,,,,,,,,,,
2499,3,1,,,1,240000,,,,,,2,,,
2499,4,1,,,,,,,,,,,,,
2499,11,15,30,40000,,,20,,,30,45000,,,,
2499,12,10,,,,,,,,,,,,,
2500,1,10,,,3,880000,1,120,240000,10,20000,2,4,,
2500,2,2,,,,,,,,,,,,,
2500,3,5,,,2,480000,1,120,240000,10,20000,2,4,,
2500,4,2,,,,,,,,,,,,,
2500,5,1,,,1,400000,,,,,,2,,,
2500,6,3,,,4,120000,1,60,150000,10,25000,2,4,,
2500,7,1,,,,,,,,,,,,,
2500,8,2,,,4,120000,1,60,150000,10,25000,2,4,,
2500,11,20,40,55000,,,18,,,35,50000,,,,
2500,12,15,,,,,,,,,,,,,
2500,19,24,,,,,,,,,,,,,
2501,1,11,,,3,840000,1,130,260000,20,40000,2,4,,
2501,2,3,,,,,,,,,,,,,
2501,3,4,,,2,480000,1,130,260000,20,40000,2,4,,
2501,4,3,,,,,,,,,,,,,
2501,5,1,,,1,360000,,,,,,2,,,
2501,6,4,,,4,120000,1,60,150000,10,25000,2,4,,
2501,7,1,,,,,,,,,,,,,
2501,8,3,,,4,120000,1,60,150000,10,25000,2,4,,
2501,10,1,,,,,,,,,,,,,
2501,11,20,40,60000,,,25,,,38,62000,,,,
2501,12,15,,,,,,,,,,,,,
2502,1,7,,,2,510000,,,,,,2,,,
2502,2,2,,,,,,,,,,,,,
2502,3,3,,,2,510000,,,,,,2,,,
2502,4,2,,,,,,,,,,,,,
2502,6,4,,,3,90000,1,50,125000,10,25000,2,4,,
2502,7,1,,,,,,,,,,,,,
2502,8,3,,,3,90000,1,50,125000,10,25000,2,4,,
2502,11,15,30,40000,,,20,,,35,50000,,,,
2502,12,10,,,,,,,,,,,,,
2505,1,5,,,,,1,85,170000,10,20000,2,,,
2505,2,3,,,,,,,,,,,,,
2505,3,,,,,,1,85,170000,10,20000,2,,,
2505,4,2,,,,,,,,,,,,,
2505,9,8,,,,,,,,,,,,,
2505,11,27,,,,,3,,,3,4500,,,,
2505,12,27,,,,,3,,,3,4500,,,,
2507,1,6,,,,,2,140,280000,10,20000,2,,,
2507,2,3,,,,,,,,,,,,,
2507,3,,,,,,2,140,280000,10,20000,2,,,
2507,4,3,,,,,,,,,,,,,
2507,9,10,,,,,,,,,,,,,
2507,11,25,,,,,3,,,3,4500,,,,
2507,12,25,,,,,3,,,3,4500,,,,
2511,1,6,,,3,200000,,,,,,2,,,
2511,2,3,,,,,,,,,,,,,
2511,4,3,,,3,200000,,,,,,2,,,
2511,9,20,,,5,150000,,,,,,2,,,
2514,1,5,,,,,1,145,290000,10,20000,2,,,5
2514,2,2,,,,,,,,,,,,,
2514,3,1,,,,,1,145,290000,10,20000,2,,,5
2514,4,2,,,,,,,,,,,,,
2514,6,10,,,,,,,,,,,,,
2514,7,1,,,,,,,,,,,,,
2514,8,9,,,,,,,,,,,,,
2514,11,50,,,,,5,3,5400,3,5400,2,,,
2514,12,45,,,,,,,,,,,,,
2515,1,4,,,,,1,150,300000,15,30000,2,,,5
2515,2,2,,,,,,,,,,,,,
2515,3,1,,,,,1,150,300000,15,30000,2,,,5
2515,4,1,,,,,,,,,,,,,
2515,6,1,,,,,,,,,,,,,
2515,7,1,,,,,,,,,,,,,
2515,11,25,,,,,5,,,10,18000,,,,
2515,12,20,,,,,,,,,,,,,
2518,1,2,,,,,,,,,,,,,
2518,2,1,,,,,,,,,,,,,
2518,3,1,,,,,,,,,,,,,
2518,11,40,,,,,4,,,6,10000,,,,
2518,12,34,,,,,,,,,,,,,
2519,11,30,,,,,5,,,6.5,11700,,,,
2519,12,25,,,,,,,,,,,,,
2540,1,7,,,,,2,200,370000,110,214000,2,,,
2540,2,4,,,,,1,50,100000,80,160000,2,,,
2540,3,,,,,,1,150,270000,30,54000,2,,,
2540,4,3,,,,,,,,,,,,,
2540,9,3,,,2,100000,,,,,,2,,,
2540,11,10,,,,,3,,,5,8500,,,,
2540,12,10,,,,,3,,,5,8500,,,,
2542,1,3,,,,,1,120,216000,40,72000,2,,,
2542,2,1,,,,,,,,,,,,,
2542,3,,,,,,1,120,216000,40,72000,2,,,
2542,4,2,,,,,,,,,,,,,
2542,9,4,,,,,,,,,,,,,
2542,11,5,,,,,2,,,3,5100,,,,
2542,12,5,,,,,2,,,3,5100,,,,
2544,1,10,,,,,1,70,126000,80,144000,2,,,
2544,2,4,,,,,1,70,126000,80,144000,2,,,
2544,3,1,,,,,,,,,,,,,
2544,4,5,,,,,,,,,,,,,
2545,1,16,,,,,2,200,360000,85,153000,2,,,
2545,2,8,,,,,2,200,360000,85,153000,2,,,
2545,4,8,,,,,,,,,,,,,
2545,6,1,,,,,,,,,,,,,
2545,7,1,,,,,,,,,,,,,
2545,11,30,,,,,5,,,8,13600,,,,
2545,12,20,,,,,5,,,8,13600,,,,
2548,1,3,,,,,,,,,,,,,
2548,2,2,,,,,,,,,,,,,
2548,4,1,,,,,,,,,,,,,
2548,6,,,,1,60000,,,,,,2,,,
2548,11,20,,,,,5,,,7,10500,,,,
2548,12,10,,,,,5,,,7,10500,,,,
2549,1,,,,1,70000,,,,,,2,,,
2549,4,,,,1,70000,,,,,,2,,,
2549,11,7,,,,,2,,,2,3000,,,,
2549,12,7,,,,,2,,,,,,,,
2550,1,2,,,,,,,,,,,,,
2550,2,2,,,,,,,,,,,,,
2550,10,1,,,,,,,,,,,,,
2550,11,23,,,,,10,,,12,18000,,,,
2550,12,23,,,,,10,,,12,18000,,,,
2551,1,5,,,,,,,,,,,,,
2551,2,2,,,,,,,,,,,,,
2551,4,3,,,,,,,,,,,,,
2551,6,,,,,,1,30,105000,30,105000,2,,,
2551,9,11,,,,,1,,,20,60000,,,,
2551,11,50,,,,,10,,,15,22500,,,,
2551,12,25,,,,,10,,,15,22500,,,,
2551,20,1000,,,,,1000,400,80000,50,100000,2,,,
2552,11,20,,,,,1,,,1,1500,,,,
2552,12,4,,,,,1,,,1,1500,,,,
2553,6,,,,,,1,,,40,128000,,,,
2553,9,4,,,,,1,,,10,30000,,,,
2553,11,6,,,,,1,,,1,1500,,,,
2553,12,6,,,,,1,,,1,1500,,,,
2554,1,4,,,,,1,125,250000,10,20000,2,,,
2554,2,2,,,,,,,,,,,,,
2554,4,2,,,,,,,,,,,,,
2554,6,,,,,,1,,,40,120000,,,,
2554,9,15,,,,,2,,,40,120000,,,,
2554,10,1,,,,,,,,,,,,,
2554,11,15,,,,,5,,,6,9000,,,,
2554,12,10,,,,,5,,,6,9000,,,,
2555,1,3,,,,,1,120,240000,10,20000,2,,,
2555,2,1,,,,,,,,,,,,,
2555,4,2,,,,,,,,,,,,,
2555,9,10,,,,,1,,,25,75000,,,,
2555,11,10,,,,,4,,,4,6000,,,,
2555,12,7,,,,,4,,,4,6000,,,,
2556,1,3,,,,,,,,,,,,,
2556,2,1,,,,,,,,,,,,,
2556,4,2,,,,,,,,,,,,,
2556,9,20,,,3,105000,3,,,50,125000,2,,,
2556,11,8,,,,,3,,,3,4500,,,,
2556,12,4,,,,,,,,,,,,,
2556,19,8,,,,,,,,,,,,,
2557,11,10,,,,,3,,,4,6800,,,,
2557,12,10,,,,,3,,,4,6800,,,,
2558,11,30,10,5000,,,6,,,9,15300,,,,
2558,12,20,,,,,6,,,9,15300,,,,
2559,11,20,,,,,5,,,8,13600,,,,
2559,12,20,,,,,5,,,8,13600,,,,
2561,11,10,,,,,2,,,3,5100,,,,
2561,12,10,,,,,2,,,3,5100,,,,
2562,11,15,,,,,4,,,6,10200,,,,
2562,12,15,,,,,4,,,6,10200,,,,
2562,19,2,,,,,,,,,,,,,
2566,1,4,,,2,280000,,,,,,2,,,
2566,2,2,,,,,,,,,,,,,
2566,3,,,,2,280000,,,,,,2,,,
2566,6,3,3,105000,,,,,,,,,,,
2566,8,3,3,105000,,,,,,,,,,,
2566,9,3,,,2,70000,1,,,20,68000,2,,,
2566,11,20,,,,,3,,,4,10000,,,,
2566,12,10,,,,,3,,,4,10000,,,,
2567,6,3,3,90000,,,1,,,40,140000,,,,
2567,8,3,3,90000,,,1,,,40,140000,,,,
2569,1,6,,,3,375000,,,,,,2,,,
2569,2,3,,,,,,,,,,,,,
2569,6,3,,,,,,,,,,,,,
2569,9,10,,,4,128000,,,,,,2,,,
2569,11,40,,,,,6,,,7,17500,,,,
2569,12,10,,,,,6,,,7,17500,,,,
2572,11,10,,,2,4900,6,,,7,10500,2,,,
2572,12,10,,,2,4900,6,,,7,10500,2,,,
2573,6,3,,,,,,,,,,,,,
2573,9,6,,,4,120000,,,,,,2,,,
2573,11,5,,,,,,,,,,,,,
2573,12,5,,,,,,,,,,,,,
2573,19,4,,,,,,,,,,,,,
2574,11,30,,,20,70000,3,,,4,10000,2,,,
2574,12,10,,,20,70000,3,,,4,10000,2,,,
2575,6,4,4,120000,,,1,20,60000,30,150000,2,,,
2575,8,4,4,120000,,,,,,,,,,,
2575,11,90,80,20000,,,5,,,6,12000,,,,
2575,12,10,,,,,5,,,6,12000,,,,
2576,11,30,,,,,2,,,2.5,5000,,,,
2576,12,10,,,,,2,,,2.5,5000,,,,
2577,11,12,,,,,2,,,2.5,5000,,,,
2577,12,12,,,,,2,,,2.5,5000,,,,
2578,11,4,,,,,3,,,4,8000,,,,
2578,12,4,,,,,3,,,4,8000,,,,
2579,11,5,,,,,3,,,4,8000,,,,
2579,12,5,,,,,3,,,4,8000,,,,
2580,11,10,,,,,4,,,5,10000,,,,
2580,12,10,,,,,4,,,5,10000,,,,
2580,19,2,,,,,,,,,,,,,
2582,11,10,,,,,5,,,6,12000,,,,
2582,12,10,,,,,5,,,6,12000,,,,
2583,1,4,,,2,400000,,,,,,2,,,
2583,2,2,,,,,,,,,,,,,
2583,4,2,,,,,,,,,,,,,
2583,6,33,,,4,120000,6,240,672000,,,2,,,
2583,7,3,,,,,,,,,,,,,
2583,8,30,,,4,120000,,,,,,2,,,
2583,11,36,16,9600,,,10,,,12,24000,,,,
2583,12,20,,,,,10,,,12,24000,,,,
2583,19,15,,,,,,,,,,,,,
2710,1,1,,,1,240000,,,,,,2,,,
2710,2,1,,,,,,,,,,,,,
2710,3,,,,1,240000,,,,,,2,,,
2710,11,15,,,,,,,,,,,,,
2710,12,12,,,,,,,,,,,,,
2711,1,2,,,1,350000,,,,,,2,,,
2711,2,1,,,1,350000,,,,,,2,,,
2711,3,1,,,,,,,,,,,,,
2711,11,12,,,,,,,,,,,,,
2711,12,8,,,,,,,,,,,,,
2712,11,20,,,,,4,,,6,7200,,,,
2712,12,15,,,,,4,,,6,7200,,,,
2714,1,3,,,,,1,130,260000,5,10000,2,4,,7
2714,2,2,,,,,,,,,,,,,
2714,3,1,,,,,1,130,260000,5,10000,2,4,,7
2714,6,2,2,70000,,,,,,,,,,,
2714,8,2,2,70000,,,,,,,,,,,
2714,11,25,,,,,,,,,,,,,
2714,12,20,,,,,,,,,,,,,
2715,1,2,,,,,1,120,240000,10,20000,2,4,,
2715,2,2,,,,,,,,,,,,,
2715,3,,,,,,1,120,240000,10,20000,2,4,,
2715,6,1,1,35000,,,,,,,,,,,
2715,8,1,1,35000,,,,,,,,,,,
2715,11,18,,,,,,,,,,,,,
2715,12,10,,,,,,,,,,,,,
2716,1,1,,,1,250000,,,,,,2,,,
2716,2,1,,,,,,,,,,,,,
2716,3,,,,1,250000,,,,,,2,,,
2716,11,8,,,,,,,,,,,,,
2716,12,8,,,,,,,,,,,,,
2717,1,2,,,,,1,150,300000,10,20000,2,4,,6
2717,2,1,,,,,1,150,300000,10,20000,2,4,,6
2717,4,1,,,,,,,,,,,,,
2717,11,10,,,,,,,,,,,,,
2717,12,10,,,,,,,,,,,,,
2718,11,25,,,10,25000,,,,,,2,8,,
2718,12,20,,,10,25000,,,,,,2,8,,
2728,1,5,,,3,670000,1,150,300000,14,28000,2,8,,
2728,2,2,,,1,320000,,,,,,2,8,,
2728,3,1,,,,,1,150,300000,14,28000,2,8,,
2728,4,2,,,2,350000,,,,,,2,8,,
2728,9,20,,,7,300000,2,,,30,75000,2,,,
2728,11,16,,,,,6,,,10,17000,,,,
2728,12,16,,,,,6,,,10,17000,,,,
2730,1,5,,,3,670000,2,285,627000,30,66000,2,8,7,
2730,2,2,,,1,330000,1,135,297000,15,33000,2,8,7,
2730,3,1,,,,,1,150,330000,15,33000,2,8,7,
2730,4,2,,,2,340000,,,,,,2,8,7,
2730,6,4,,,,,,,,,,,,,
2730,7,2,,,,,,,,,,,,,
2730,8,2,,,,,,,,,,,,,
2730,9,35,,,9,400000,2,,,26,65000,2,8,,
2730,11,18,,,,,7,,,10,18000,,,,
2730,12,10,,,,,7,,,10,18000,,,,
2731,11,15,,,,,7,,,11,18700,,,,
2731,12,15,,,,,7,,,11,18700,,,,
2732,1,6,,,2,510000,2,295,649000,25,55000,2,8,,
2732,2,2,,,1,350000,1,140,308000,15,33000,2,8,,
2732,3,1,,,,,1,155,341000,10,22000,2,8,,
2732,4,3,,,1,160000,,,,,,2,8,,
2732,9,35,,,8,330000,1,,,13,32500,2,,,
2732,11,18,,,,,7,,,11,19800,,,,
2732,12,15,,,,,7,,,11,19800,,,,
2733,11,20,,,6,20000,8,,,12,20000,2,,,
2733,12,20,,,6,20000,8,,,12,20000,2,,,
2735,11,30,,,10,35000,10,,,15,26000,2,8,,
2735,12,20,,,10,35000,10,,,15,26000,2,8,,
2736,11,20,,,5,15000,6,,,10,17000,2,,,
2736,12,18,,,5,15000,6,,,10,17000,2,,,
2737,13,15,,,,,,,,,,,,,
2737,14,15,,,,,,,,,,,,,
2738,1,,,,1,300000,,,,,,2,,,
2738,2,,,,1,300000,,,,,,2,,,
2738,11,3,,,,,,,,,,,,,
2738,12,3,,,,,,,,,,,,,
2739,11,4,,,,,,,,,,,,,
2739,12,4,,,,,,,,,,,,,
2740,11,2,,,,,,,,,,,,,
2740,12,2,,,,,,,,,,,,,
2741,11,7,,,,,,,,,,,,,
2741,12,7,,,,,,,,,,,,,
2742,1,2,,,,,,,,,,,,,
2742,2,1,,,,,,,,,,,,,
2742,4,1,,,,,,,,,,,,,
2742,11,15,,,,,,,,,,,,,
2742,12,15,,,,,,,,,,,,,
2743,11,15,,,,,,,,,,,,,
2743,12,15,,,,,,,,,,,,,
2744,11,9,,,,,,,,,,,,,
2744,12,9,,,,,,,,,,,,,
2744,13,10,,,,,,,,,,,,,
2744,14,10,,,,,,,,,,,,,
2745,11,5,,,,,,,,,,,,,
2745,12,5,,,,,,,,,,,,,
2748,1,10,,,,,5,1000,2300000,10,20000,3,,,10
2748,3,8,,,,,5,1000,2300000,10,20000,3,,,10
2748,4,2,,,,,,,,,,,,,
2748,11,10,,,,,,,,,,,,,
2748,12,10,,,,,,,,,,,,,
2753,11,10,,,,,,,,,,,,,
2755,11,20,,,,,6,,,9,11700,,,,
2755,12,10,,,,,6,,,9,11700,,,,
2765,1,4,,,2,300000,,,,,,2,,,
2765,2,2,,,,,,,,,,,,,
2765,4,2,,,2,300000,,,,,,2,,,
2765,6,9,,,10,400000,,,,,,2,,,
2765,7,1,,,,,,,,,,,,,
2765,8,8,,,10,400000,,,,,,2,,,
2765,11,30,,,,,10,,,25,45000,,,,
2765,12,30,,,,,10,,,25,45000,,,,
2767,11,25,,,,,15,,,30,52000,,,,
2767,12,25,,,,,15,,,30,52000,,,,
2772,1,6,,,2,400000,,,,,,2,,,
2772,2,2,,,,,,,,,,,,,
2772,3,2,,,,,,,,,,,,,
2772,4,2,,,2,400000,,,,,,2,,,
2772,6,13,,,10,350000,5,200,600000,40,120000,2,,,
2772,7,1,,,,,,,,,,,,,
2772,8,12,,,10,350000,5,200,600000,40,120000,2,,,
2772,11,20,,,,,5,,,10,17000,,,,
2772,12,20,,,,,5,,,10,17000,,,,
2773,1,4,,,,,,,,,,,,,
2773,2,2,,,,,,,,,,,,,
2773,3,2,,,,,,,,,,,,,
2773,6,11,,,,,,,,,,,,,
2773,7,1,,,,,,,,,,,,,
2773,8,10,,,,,,,,,,,,,
2773,11,23,,,,,1,,,1.5,2250,,,,
2773,12,22,,,,,1,,,1.5,2250,,,,
2774,1,1,,,,,,,,,,,,,
2774,2,1,,,,,,,,,,,,,
2774,11,20,,,,,,,,,,,,,
2775,1,7,,,,,,,,,,,,,
2775,2,3,,,,,,,,,,,,,
2775,3,4,,,,,,,,,,,,,
2775,6,13,,,,,,,,,,,,,
2775,7,1,,,,,,,,,,,,,
2775,8,12,,,,,,,,,,,,,
2777,11,15,,,,,,,,,,,,,
2777,12,13,,,,,,,,,,,,,
2778,1,5,,,,,,,,,,,,,
2778,2,4,,,,,,,,,,,,,
2778,4,1,,,,,,,,,,,,,
2778,6,1,,,,,,,,,,,,,
2778,7,1,,,,,,,,,,,,,
2778,9,6,,,,,,,,,,,,,
2778,11,24,,,,,1,,,1.5,2250,,,,
2778,12,20,,,,,1,,,1.5,2250,,,,
2779,1,4,,,,,,,,,,,,,
2779,2,2,,,,,,,,,,,,,
2779,4,2,,,,,,,,,,,,,
2779,11,12,,,,,,,,,,,,,
2779,12,12,,,,,,,,,,,,,
2780,11,15,,,,,,,,,,,,,
2780,12,15,,,,,,,,,,,,,
2782,11,10,,,,,,,,,,,,,
2782,12,8,,,,,,,,,,,,,
2783,11,12,,,,,,,,,,,,,
2783,12,10,,,,,,,,,,,,,
2784,11,11,,,,,,,,,,,,,
2784,12,9,,,,,,,,,,,,,
2785,11,9,,,,,,,,,,,,,
2785,12,7,,,,,,,,,,,,,
2786,11,22,,,,,,,,,,,,,
2786,12,20,,,,,,,,,,,,,
2786,14,2,,,,,,,,,,,,,
2787,11,12,,,,,,,,,,,,,
2787,12,12,,,,,,,,,,,,,
2788,11,12,,,,,,,,,,,,,
2788,12,9,,,,,,,,,,,,,
2790,11,24,,,,,,,,,,,,,
2790,12,22,,,,,,,,,,,,,
2809,1,4,,,1,150000,1,70,161000,10,23000,2,,,
2809,2,2,,,,,,,,,,,,,
2809,4,2,,,1,150000,1,70,161000,10,23000,2,,,
2809,11,20,,,,,3,,,4,6000,,,,
2809,12,18,,,,,,,,,,,,,
2810,1,4,,,1,170000,1,70,161000,10,23000,2,,,
2810,2,2,,,,,,,,,,,,,
2810,4,2,,,1,170000,1,70,161000,10,23000,2,,,
2810,11,30,10,6000,,,4,,,6,9000,,,,
2810,12,20,,,,,,,,,,,,,
2811,1,4,,,2,300000,,,,,,2,,,
2811,2,2,,,,,,,,,,,,,
2811,4,2,,,2,300000,,,,,,2,,,
2811,9,5,,,4,100000,1,,,10,30000,2,,,
2811,11,20,,,,,2,,,3,4500,,,,
2811,12,20,,,,,2,,,3,4500,,,,
2812,1,4,,,1,165000,,,,,,2,,,
2812,2,2,,,,,,,,,,,,,
2812,4,2,,,1,165000,,,,,,2,,,
2812,11,25,,,,,,,,,,,,,
2812,12,25,,,,,,,,,,,,,
2813,1,4,,,1,160000,,,,,,2,,,
2813,2,2,,,,,,,,,,,,,
2813,4,2,,,1,160000,,,,,,2,,,
2813,11,15,,,,,4,,,4,6000,,,,
2813,12,15,,,,,4,,,4,6000,,,,
2814,1,4,,,2,300000,,,,,,2,,,
2814,2,2,,,,,,,,,,,,,
2814,4,2,,,2,300000,,,,,,2,,,
2814,9,10,,,8,240000,2,,,20,60000,2,,,
2814,11,20,,,,,5,,,6,9000,,,,
2814,12,20,,,,,5,,,6,9000,,,,
2815,1,4,,,1,220000,,,,,,2,,,
2815,2,1,,,,,,,,,,,,,
2815,3,1,,,1,220000,,,,,,2,,,
2815,4,2,,,,,,,,,,,,,
2815,11,20,,,,,4,,,6,9000,,,,
2815,12,15,,,,,4,,,6,9000,,,,
2816,1,5,,,1,160000,,,,,,2,,,
2816,2,2,,,,,,,,,,,,,
2816,3,1,,,,,,,,,,,,,
2816,4,2,,,1,160000,,,,,,2,,,
2816,9,4,,,4,120000,,,,,,2,,,
2816,11,20,,,,,4,,,6,9000,,,,
2816,12,20,,,,,,,,,,,,,
2817,1,4,,,2,320000,,,,,,2,,,
2817,2,2,,,,,,,,,,,,,
2817,4,2,,,2,320000,,,,,,2,,,
2817,11,20,,,,,2,,,3,4500,,,,
2817,12,18,,,,,2,,,3,4500,,,,
2827,1,5,,,2,180000,,,,,,,3,,
2827,2,3,,,,,,,,,,,,,
2827,4,2,,,2,180000,,,,,,,3,,
2827,6,3,,,,,2,40,80000,60,140000,,3,,
2827,7,3,,,,,1,40,80000,40,80000,,3,,
2827,8,,,,,,1,,,20,60000,,,,
2827,9,7,,,,,1,,,20,40000,,,,
2827,11,30,,,,,3,,,4.5,7000,,,,
2827,12,30,,,,,3,,,4.5,7000,,,,
2828,1,12,,,2,120000,,,,,,3,,,
2828,2,7,,,,,,,,,,,,,
2828,4,5,,,2,120000,,,,,,3,,,
2828,9,5,,,,,2,,,30,80000,,,,
2828,11,13,,,,,4,,,4,6000,,,,
2828,12,10,,,,,4,,,4,6000,,,,
2829,1,6,,,1,90000,,,,,,2,,,
2829,2,3,,,,,,,,,,,,,
2829,4,3,,,1,90000,,,,,,2,,,
2829,9,4,,,,,1,,,10,30000,,,,
2829,11,10,,,,,6,,,9,8000,,,,
2829,12,10,,,,,6,,,9,8000,,,,
2830,1,7,,,1,85000,,,,,,2,,,
2830,2,4,,,,,,,,,,,,,
2830,4,3,,,1,85000,,,,,,2,,,
2830,6,1,,,6,190000,1,,,30,60000,2,,,
2830,7,1,,,6,190000,1,,,30,60000,2,,,
2830,11,10,,,,,3,,,3,5000,,,,
2830,12,10,,,,,3,,,3,5000,,,,
2831,1,2,,,,,,,,,,,,,
2831,2,1,,,,,,,,,,,,,
2831,4,1,,,,,,,,,,,,,
2831,11,20,,,,,2,,,2,3000,,,,
2831,12,10,,,,,2,,,2,3000,,,,
2832,1,3,,,1,80000,,,,,,3,,,
2832,2,2,,,,,,,,,,,,,
2832,4,1,,,1,80000,,,,,,3,,,
2833,1,2,,,,,,,,,,,,,
2833,2,1,,,,,,,,,,,,,
2833,4,1,,,,,,,,,,,,,
2833,11,10,,,,,2,,,2,3000,,,,
2833,12,10,,,,,2,,,2,3000,,,,
2834,1,4,,,,,,,,,,,,,
2834,2,2,,,,,,,,,,,,,
2834,4,2,,,,,,,,,,,,,
2834,7,1,,,6,190000,,,,,,2,,,
2834,8,,,,6,190000,,,,,,2,,,
2834,9,7,,,,,1,,,20,60000,,,,
2834,11,20,,,,,,,,,,,,,
2834,12,10,,,,,,,,,,,,,
2835,1,4,,,,,,,,,,,,,
2835,2,1,,,,,,,,,,,,,
2835,4,3,,,,,,,,,,,,,
2835,6,1,,,4,160000,2,,,40,80000,8,2,,
2835,8,,,,4,160000,2,,,40,80000,8,2,,
2835,11,10,,,,,2,,,2,3000,,,,
2835,12,10,,,,,2,,,2,3000,,,,
2845,1,2,,,,,,,,,,,,,
2845,2,1,,,,,,,,,,,,,
2845,4,1,,,,,,,,,,,,,
2845,11,15,,,,,10,,,20,40000,,,,
2845,12,15,,,,,10,,,20,40000,,,,
2846,1,1,,,,,1,80,200000,30,75000,2,9,,
2846,2,1,,,,,,,,,,,,,
2846,3,,,,,,1,80,200000,30,75000,2,9,,
2846,6,,,,,,1,30,105000,30,105000,2,9,,
2846,11,10,,,,,,,,,,,,,
2846,12,10,,,,,,,,,,,,,
2847,1,2,,,,,,,,,,,,,
2847,2,1,,,,,,,,,,,,,
2847,4,1,,,,,,,,,,,,,
2847,6,1,1,40000,,,1,50,175000,50,175000,1,2,,
2847,8,1,1,40000,,,,,,,,,,,
2847,11,16,15,9000,,,,,,,,,,,
2847,12,1,,,,,,,,,,,,,
2848,1,1,,,,,,,,,,,,,
2848,2,1,,,,,,,,,,,,,
2849,1,3,1,50000,,,,,,,,,,,
2849,2,1,,,,,,,,,,,,,
2849,4,2,1,50000,,,,,,,,,,,
2849,6,,,,,,1,,,30,90000,,,,
2849,8,,,,,,1,,,30,90000,,,,
2849,11,22,,,,,,,,,,,,,
2849,12,10,,,,,,,,,,,,,
2850,1,2,,,,,,,,,,,,,
2850,2,1,,,,,,,,,,,,,
2850,4,1,,,,,,,,,,,,,
2850,11,3,,,,,,,,,,,,,
2850,12,3,,,,,,,,,,,,,
2851,1,,,,,,1,50,110000,50,110000,2,,,
2851,3,,,,,,1,50,110000,50,110000,2,,,
2851,9,2,,,,,,,,,,,,,
2851,11,14,14,7000,,,,,,,,,,,
2852,1,5,4,105000,1,200000,2,30,70000,20,50000,2,,,30
2852,2,1,,,1,200000,,,,,,2,,,
2852,3,,,,,,2,30,70000,20,50000,2,,,30
2852,4,4,4,105000,,,,,,,,,,,
2852,6,,,,,,2,40,140000,40,140000,2,9,,
2852,11,20,,,,,,,,,,,,,
2852,12,13,,,,,,,,,,,,,
2852,13,20,,,,,20,,,60,180000,,,,
2852,14,20,,,,,20,,,60,180000,,,,
2852,19,20,,,,,,,,,,,,,
2853,1,2,,,,,3,115,280000,90,220000,1,2,9,
2853,2,1,,,,,2,100,200000,70,168000,1,2,9,
2853,4,1,,,,,1,30,80000,20,52000,1,2,9,
2853,6,1,1,45000,,,,,,,,,,,
2853,8,1,1,45000,,,,,,,,,,,
2853,11,10,,,,,,,,,,,,,
2853,12,10,,,,,,,,,,,,,
2854,1,2,,,,,,,,,,,,,
2854,2,1,,,,,,,,,,,,,
2854,4,1,,,,,,,,,,,,,
2854,11,7,,,,,,,,,,,,,
2854,12,7,,,,,,,,,,,,,
2855,1,4,,,,,,,,,,,,,
2855,2,2,,,,,,,,,,,,,
2855,4,2,,,,,,,,,,,,,
2855,6,1,,,,,,,,,,,,,
2855,8,1,,,,,,,,,,,,,
2855,11,6,,,,,,,,,,,,,
2855,12,6,,,,,,,,,,,,,
2858,1,4,,,,,,,,,,,,,
2858,2,2,,,,,,,,,,,,,
2858,4,2,,,,,,,,,,,,,
2858,6,1,,,,,2,40,80000,30,60000,2,,,
2858,8,1,,,,,2,40,80000,30,60000,2,,,
2858,11,9,,,,,,,,,,,,,
2858,12,9,,,,,,,,,,,,,
2858,13,3,,,,,,,,,,,,,
2858,14,3,,,,,,,,,,,,,
2860,1,2,,,,,,,,,,,,,
2860,2,1,,,,,,,,,,,,,
2860,4,1,,,,,,,,,,,,,
2860,6,2,,,,,1,,,40,80000,,,,
2860,8,2,,,,,1,,,40,80000,,,,
2860,11,10,,,,,3,,,4,6000,,,,
2860,12,10,,,,,,,,,,,,,
2899,1,4,,,3,450000,,,,,,,2,,
2899,2,2,,,,,,,,,,,,,
2899,4,2,,,3,450000,,,,,,,2,,
2899,12,15,,,,,,,,,,,,,
2899,13,15,,,,,,,,,,,,,
2900,1,3,,,2,150000,,,,,,2,,,
2900,2,2,,,,,,,,,,,,,
2900,4,1,,,2,150000,,,,,,2,,,
2900,11,30,,,,,,,,,,,,,
2900,12,10,,,,,,,,,,,,,
2901,1,2,,,,,1,,,50,100000,,,,
2901,2,1,,,,,,,,,,,,,
2901,4,1,,,,,1,,,50,100000,,,,
2901,11,6,,,,,,,,,,,,,
2901,12,6,,,,,,,,,,,,,
2902,1,3,,,,,,,,,,,,,
2902,2,1,,,,,,,,,,,,,
2902,4,2,,,,,,,,,,,,,
2902,11,20,,,,,,,,,,,,,
2902,12,20,,,,,,,,,,,,,
2903,1,5,,,,,1,,,50,100000,,,,
2903,2,2,,,,,,,,,,,,,
2903,4,3,,,,,1,,,50,100000,,,,
2903,6,2,2,70000,,,,,,,,,,,
2903,8,2,2,70000,,,,,,,,,,,
2903,11,4,,,,,,,,,,,,,
2903,12,4,,,,,,,,,,,,,
2904,11,5,,,,,,,,,,,,,
2904,12,5,,,,,,,,,,,,,
2905,1,1,1,50000,,,,,,,,,,,
2905,4,1,1,50000,,,,,,,,,,,
2906,11,5,,,,,,,,,,,,,
2906,12,5,,,,,,,,,,,,,
2907,1,4,,,1,60000,1,,,70,140000,2,,,
2907,2,2,,,,,,,,,,,,,
2907,4,2,,,1,60000,1,,,70,140000,2,,,
2907,6,5,,,4,300000,,,,,,3,,,
2907,7,1,,,,,,,,,,,,,
2907,8,4,,,4,300000,,,,,,3,,,
2911,11,13,,,3,12000,,,,,,2,,,
2911,12,10,,,,,,,,,,,,,
2912,1,4,,,,,1,170,340000,10,20000,2,4,,
2912,2,2,,,,,1,170,340000,10,20000,2,4,,
2912,4,2,,,,,,,,,,,,,
2912,11,4,1,2700,,,,,,,,,,,
2912,12,4,,,,,,,,,,,,,
2914,1,1,,,,,,,,,,,,,
2914,2,1,,,,,,,,,,,,,
2914,11,10,,,,,,,,,,,,,
2914,12,10,,,,,,,,,,,,,
2915,1,24,,,3,680000,2,180,360000,30,60000,2,4,,
2915,2,8,,,,,,,,,,,,,
2915,3,6,,,3,680000,1,120,240000,20,40000,2,4,,
2915,4,10,,,,,1,60,120000,10,20000,2,,,
2915,6,5,,,3,75000,2,30,220000,20,50000,2,4,,
2915,7,1,,,,,,,,,,,,,
2915,8,4,,,3,75000,2,30,220000,20,50000,2,4,,
2915,11,20,40,40000,,,2,,,5,10000,,,,
2915,12,15,,,,,,,,,,,,,
2926,1,5,,,1,260000,1,100,200000,15,30000,4,2,,
2926,2,2,,,,,,,,,,,,,
2926,3,2,,,1,260000,1,100,200000,15,30000,4,2,,
2926,4,1,,,,,,,,,,,,,
2926,11,10,25,30000,,,18,,,25,40000,,,,
2926,12,5,,,,,,,,,,,,,
2928,1,3,,,1,250000,,,,,,2,,,
2928,2,1,,,,,,,,,,,,,
2928,3,1,,,1,250000,,,,,,2,,,
2928,4,1,,,,,,,,,,,,,
2928,6,4,,,3,90000,1,60,150000,10,25000,2,4,,
2928,7,1,,,,,,,,,,,,,
2928,8,3,,,3,90000,1,60,150000,10,25000,4,2,,
2928,11,15,30,40000,,,20,,,30,45000,,,,
2928,12,10,,,,,,,,,,,,,
2929,1,4,,,1,250000,,,,,,2,,,
2929,2,1,,,,,,,,,,,,,
2929,3,2,,,1,250000,,,,,,2,,,
2929,4,1,,,,,,,,,,,,,
2929,11,15,30,40000,,,20,,,35,50000,,,,
2929,12,10,,,,,,,,,,,,,
2930,1,3,,,1,230000,,,,,,2,,,
2930,2,1,,,,,,,,,,,,,
2930,3,1,,,1,230000,,,,,,2,,,
2930,4,1,,,,,,,,,,,,,
2930,11,10,25,30000,,,20,,,30,45000,,,,
2930,12,7,,,,,,,,,,,,,
2931,1,4,,,1,260000,,,,,,2,,,
2931,2,1,,,,,,,,,,,,,
2931,3,2,,,1,260000,,,,,,2,,,
2931,4,1,,,,,,,,,,,,,
2931,11,10,20,25000,,,15,,,25,40000,,,,
2931,12,7,,,,,,,,,,,,,
2932,1,8,,,1,240000,1,100,200000,15,30000,2,4,,
2932,2,3,,,,,,,,,,,,,
2932,3,3,,,1,240000,1,100,200000,15,30000,2,4,,
2932,4,2,,,,,,,,,,,,,
2932,11,14,30,45000,,,20,,,30,45000,,,,
2932,12,10,,,,,,,,,,,,,
2934,1,9,,,3,740000,1,90,180000,20,40000,2,4,,
2934,2,3,,,,,,,,,,,,,
2934,3,4,,,3,740000,1,90,180000,20,40000,2,4,,
2934,4,2,,,,,,,,,,,,,
2934,11,15,40,50000,,,30,,,50,65000,,,,
2934,12,10,,,,,,,,,,,,,
2935,1,3,,,,,2,150,300000,10,20000,2,,,
2935,3,,,,,,2,150,300000,10,20000,2,,,
2935,4,3,,,,,,,,,,,,,
2935,9,9,,,,,,,,,,,,,
2937,1,8,,,4,240000,,,,,,2,,,
2937,2,4,,,,,,,,,,,,,
2937,4,4,,,4,240000,,,,,,2,,,
2937,9,5,,,,,,,,,,,,,
2944,1,4,,,1,190000,,,,,,2,,,
2944,2,2,,,,,,,,,,,,,
2944,3,1,,,1,190000,,,,,,2,,,
2944,4,1,,,,,,,,,,,,,
2944,10,1,,,,,,,,,,,,,
2945,11,10,,,,,,,,,,,,,
2945,12,8,,,,,,,,,,,,,
2946,1,9,,,,,1,145,290000,10,20000,2,,,5
2946,2,3,,,,,,,,,,,,,
2946,3,3,,,,,1,145,290000,10,20000,2,,,5
2946,4,3,,,,,,,,,,,,,
2946,10,1,,,,,,,,,,,,,
2946,11,10,,,,,2,,,3,6300,,,,
2946,12,10,,,,,,,,,,,,,
2948,1,3,,,,,1,130,260000,8,16000,2,,,12
2948,2,1,,,,,,,,,,,,,
2948,3,1,,,,,1,130,260000,8,16000,2,,,12
2948,4,1,,,,,,,,,,,,,
2948,11,15,,,,,5,,,6,10800,,,,
2948,12,10,,,,,,,,,,,,,
2980,1,3,,,,,,,,,,,,,
2980,2,1,,,,,,,,,,,,,
2980,4,2,,,,,,,,,,,,,
2980,11,23,,,,,2,,,3,4500,,,,
2980,12,10,,,,,2,,,3,4500,,,,
2980,13,20,,,10,15000,,,,,,2,,,
2980,14,20,,,10,15000,,,,,,2,,,
2980,19,4,,,,,,,,,,,,,
2981,1,4,,,1,165000,,,,,,2,,,
2981,2,2,,,,,,,,,,,,,
2981,4,2,,,,,,,,,,,,,
2981,11,15,,,,,4,,,5,7500,,,,
2981,12,8,,,,,4,,,,,,,,
2982,1,5,,,2,330000,,,,,,2,,,
2982,2,2,,,,,,,,,,,,,
2982,4,3,,,,,,,,,,,,,
2982,11,33,,,,,10,,,10,15000,,,,
2982,12,4,,,,,10,,,10,15000,,,,
2983,1,4,,,1,135000,1,,,70,140000,2,,,
2983,2,2,,,,,,,,,,,,,
2983,4,2,,,,,,,,,,,,,
2983,6,5,,,4,400000,,,,,,2,,,
2983,7,1,,,,,,,,,,,,,
2983,8,4,,,4,400000,,,,,,2,,,
2983,11,30,,,,,10,,,10,15000,,,,
2983,12,10,,,,,10,,,10,15000,,,,
2984,1,2,,,,,,,,,,,,,
2984,2,1,,,,,,,,,,,,,
2984,4,1,,,,,,,,,,,,,
2984,11,13,,,,,2,,,2,3000,,,,
2984,12,3,,,,,2,,,,,,,,
2984,13,6,,,,,2,,,2,5000,,,,
2984,14,6,,,,,2,,,2,5000,,,,
2985,1,,,,,,1,,,110,220000,,,,
2985,2,,,,,,1,,,110,220000,,,,
2985,11,13,,,,,5,,,6,9000,,,,
2985,12,5,,,,,5,,,,,,,,
2985,13,2,,,,,,,,,,,,,
2985,14,2,,,,,,,,,,,,,
2986,1,4,,,,,2,140,280000,10,20000,2,,,
2986,2,2,,,,,,,,,,,,,
2986,4,2,,,,,2,140,280000,10,20000,2,,,
2986,11,24,,,,,5,,,5,7500,,,,
2986,12,10,,,,,5,,,5,7500,,,,
2987,1,2,,,,,3,230,460000,25,50000,2,,,
2987,2,1,,,,,,,,,,,,,
2987,4,1,,,,,3,230,460000,25,50000,2,,,
2987,11,5,,,,,,,,,,,,,
2987,12,5,,,,,,,,,,,,,
2988,1,2,,,,,1,,,80,160000,,,,
2988,2,1,,,,,,,,,,,,,
2988,4,1,,,,,1,,,80,160000,,,,
2988,11,20,,,,,10,,,12,18000,,,,
2988,12,10,,,,,10,,,12,18000,,,,
2989,11,10,,,,,3,,,5,8500,,,,
2989,12,10,,,,,3,,,5,8500,,,,
2990,11,20,,,2,10000,3,,,5,8750,2,,,
2990,12,20,,,2,10000,3,,,5,8750,2,,,
2991,11,10,,,1,5000,3,,,5,8750,2,,,
2991,12,10,,,1,5000,3,,,5,8750,2,,,
2992,11,20,,,2,12000,4,,,7,12250,2,,,
2992,12,20,,,2,12000,4,,,7,12250,2,,,
2993,1,4,,,,,1,80,144000,70,126000,2,,,
2993,2,2,,,,,,,,,,,,,
2993,3,,,,,,1,80,144000,70,126000,2,,,
2993,4,2,,,,,,,,,,,,,
2993,11,5,,,,,2,,,3,5100,,,,
2993,12,5,,,,,2,,,3,5100,,,,
2994,11,15,,,,,4,,,7,12250,,,,
2994,12,15,,,,,4,,,7,12250,,,,
2994,13,2,,,,,2,,,3,7000,,,,
2994,14,2,,,,,2,,,3,7000,,,,
2996,1,12,,,,,2,210,378000,100,180000,2,,,
2996,2,5,,,,,1,50,90000,100,180000,2,,,
2996,3,2,,,,,1,160,288000,,,2,,,
2996,4,5,,,,,,,,,,,,,
2996,11,10,,,,,4,,,6,10200,,,,
2996,12,2,,,,,4,,,6,10200,,,,
2997,1,4,,,,,1,60,120000,80,160000,2,,,
2997,2,2,,,,,,,,,,,,,
2997,3,,,,,,1,60,120000,80,160000,2,,,
2997,4,2,,,,,,,,,,,,,
2997,11,10,,,,,3,,,4,6800,,,,
2997,12,10,,,,,3,,,4,6800,,,,
3007,1,5,3,650000,2,280000,,,,,,2,,,
3007,2,2,1,300000,,,,,,,,,,,
3007,4,3,2,350000,2,280000,,,,,,2,,,
3007,6,1,2,60000,,,1,,,50,140000,,,,
3007,8,1,2,60000,,,,,,,,,,,
3007,11,20,10,6000,,,4,,,6,15000,,,,
3007,12,10,,,,,4,,,6,15000,,,,
3008,11,10,,,,,3,,,4,10000,,,,
3008,12,10,,,,,3,,,4,10000,,,,
3009,1,2,,,,,1,,,40,80000,,,,
3009,2,1,,,,,,,,,,,,,
3009,4,1,,,,,1,,,40,80000,,,,
3009,10,1,,,,,,,,,,,,,
3009,11,8,,,,,,,,,,,,,
3009,12,8,,,,,,,,,,,,,
3010,1,3,,,,,1,45,90000,10,20000,2,,,
3010,2,1,,,,,,,,,,,,,
3010,4,2,,,,,1,45,90000,10,20000,2,,,
3010,9,4,,,,,,,,,,,,,
3010,11,20,13,7800,,,3,,,3,7500,,,,
3010,12,7,,,,,,,,,,,,,
3010,13,2,,,,,,,,,,,,,
3010,14,2,,,,,,,,,,,,,
3011,6,1,1,40000,,,,,,,,,,,
3011,8,1,1,40000,,,,,,,,,,,
3011,10,1,,,,,,,,,,,,,
3011,11,6,15,9000,,,2,,,3,7500,,,,
3011,12,6,,,,,2,,,3,7500,,,,
3012,1,4,,,2,200000,,,,,,2,,,
3012,2,2,,,,,,,,,,,,,
3012,4,2,,,2,200000,,,,,,2,,,
3012,6,1,2,80000,,,1,40,112000,10,28000,2,,,
3012,8,1,2,80000,,,,,,,,,,,
3012,10,1,,,,,,,,,,,,,
3012,11,10,,,,,,,,,,,,,
3012,12,10,,,,,,,,,,,,,
3013,1,6,1,30000,,,,,,,,,,,
3013,2,2,,,,,,,,,,,,,
3013,4,4,1,30000,,,,,,,,,,,
3013,9,6,3,120000,,,,,,,,,,,
3013,11,13,,,,,,,,,,,,,
3013,12,13,,,,,,,,,,,,,
3013,13,4,,,,,3,,,4.5,22500,,,,
3013,14,4,,,,,3,,,4.5,22500,,,,
3013,19,5,,,,,,,,,,,,,
3014,1,4,,,,,,,,,,,,,
3014,2,2,,,,,,,,,,,,,
3014,4,2,,,,,,,,,,,,,
3014,6,2,2,70000,,,,,,,,,,,
3014,8,2,2,70000,,,,,,,,,,,
3014,11,10,,,,,,,,,,,,,
3014,12,10,,,,,,,,,,,,,
3014,19,1,,,,,,,,,,,,,
3015,1,2,,,,,,,,,,,,,
3015,2,1,,,,,,,,,,,,,
3015,4,1,,,,,,,,,,,,,
3015,11,16,6,3600,,,,,,,,,,,
3015,12,10,,,,,,,,,,,,,
3015,13,6,,,,,2,,,2,8000,,,,
3015,14,6,,,,,2,,,2,8000,,,,
3015,19,3,,,,,,,,,,,,,
3016,1,2,,,1,90000,,,,,,2,,,
3016,2,1,,,,,,,,,,,,,
3016,4,1,,,,,,,,,,,,,
3016,6,1,1,30000,,,1,10,30000,50,150000,2,,,
3016,8,1,1,30000,,,,,,,,,,,
3016,11,25,,,,,10,,,7,17500,,,,
3016,12,10,,,,,3,,,4,10000,,,,
3017,9,8,,,13,390000,2,,,24,72000,2,,,
3017,11,55,,,10,30000,20,,,25,62500,2,,,
3017,12,15,,,,,,,,,,,,,
3018,1,2,2,140000,,,,,,,,,,,
3018,4,2,2,140000,,,,,,,,,,,
3018,6,1,1,35000,,,,,,,,,,,
3018,8,1,1,35000,,,,,,,,,,,
3018,9,2,,,2,60000,1,,,13,39000,2,,,
3018,11,10,,,,,6,8,12500,5,7500,,9,,
3018,12,10,,,,,6,8,12500,5,7500,,9,,
3018,13,1,,,,,,,,,,,,,
3018,14,1,,,,,,,,,,,,,
3019,1,,,,4,300000,,,,,,2,,,
3019,6,1,1,40000,,,1,,,40,120000,,,,
3019,8,1,1,40000,,,,,,,,,,,
3019,11,24,,,,,5,,,6,11000,,,,
3019,12,7,,,,,5,,,6,11000,,,,
3020,1,2,,,1,90000,,,,,,2,,,
3020,2,1,,,,,,,,,,,,,
3020,4,1,,,,,,,,,,,,,
3020,9,4,,,3,90000,4,,,40,120000,2,,,
3020,11,35,,,,,10,,,12,30000,,,,
3020,12,25,,,,,10,,,12,30000,,,,
3022,1,2,,,,,1,70,126000,10,18000,2,,,
3022,2,1,,,,,,,,,,,,,
3022,4,1,,,,,,,,,,,,,
3022,6,1,1,30000,,,,,,,,,,,
3022,8,1,1,30000,,,,,,,,,,,
3022,9,6,,,2,60000,,,,,,2,,,
3022,11,20,,,,,3,,,4,10000,,,,
3022,12,10,,,,,3,,,4,10000,,,,
3022,13,1,,,,,,,,,,,,,
3022,14,1,,,,,,,,,,,,,
3022,19,3,,,,,,,,,,,,,
3023,1,2,,,1,90000,,,,,,2,,,
3023,2,1,,,,,,,,,,,,,
3023,4,1,,,,,,,,,,,,,
3023,9,4,,,2,70000,1,,,13,39000,2,,,
3023,11,10,,,,,5,,,6,15000,,,,
3023,12,10,,,,,5,,,6,15000,,,,
3024,9,10,,,3,90000,1,,,12,36000,2,,,
3024,11,21,,,,,5,,,6,15000,,,,
3024,12,10,,,,,5,,,6,15000,,,,
3024,13,2,,,,,,,,,,,,,
3024,14,2,,,,,,,,,,,,,
3052,11,8,,,,,2,,,3,4500,,,,
3146,1,4,,,,,2,260,520000,10,20000,2,4,,
3146,2,2,,,,,,,,,,,,,
3146,3,1,,,,,2,260,520000,10,20000,2,4,,
3146,4,1,,,,,,,,,,,,,
3146,11,20,,,,,,,,,,,,,
3146,12,15,,,,,,,,,,,,,
3147,1,4,,,1,370000,1,140,280000,6,12000,2,4,,
3147,2,3,,,1,370000,,,,,,2,,,
3147,3,1,,,,,1,140,280000,6,12000,2,4,,
3147,6,3,3,90000,,,,,,,,,,,
3147,8,3,3,90000,,,,,,,,,,,
3147,11,30,,,,,,,,,,,,,
3147,12,20,,,,,,,,,,,,,
3148,1,2,,,1,270000,,,,,,2,,,
3148,2,2,,,,,,,,,,,,,
3148,3,,,,1,270000,,,,,,2,,,
3148,6,1,,,,,,,,,,,,,
3148,8,1,,,,,,,,,,,,,
3148,11,18,,,,,,,,,,,,,
3148,12,15,,,,,,,,,,,,,
3149,1,4,,,,,1,130,260000,6,12000,2,4,,
3149,2,2,,,,,,,,,,,,,
3149,3,1,,,,,1,130,260000,6,12000,2,4,,
3149,4,1,,,,,,,,,,,,,
3149,6,2,,,1,70000,,,,,,2,,,
3149,8,2,,,1,70000,,,,,,2,,,
3149,11,22,,,,,,,,,,,,,
3149,12,15,,,,,,,,,,,,,
3151,1,6,,,3,670000,1,145,319000,20,44000,2,8,,
3151,2,2,,,1,350000,,,,,,2,8,,
3151,3,1,,,,,1,145,319000,20,44000,2,8,,
3151,4,3,,,2,320000,,,,,,2,8,,
3151,9,38,,,8,320000,1,,,13,32500,2,8,,
3151,11,17,,,,,6,,,9,17000,,,,
3151,12,17,,,,,6,,,9,17000,,,,
3153,1,5,,,3,700000,1,150,330000,16,35200,2,8,9,
3153,2,2,,,1,340000,,,,,,2,8,,
3153,3,1,,,,,1,150,330000,16,35200,2,8,9,
3153,4,2,,,2,360000,,,,,,2,8,,
3153,9,25,,,6,250000,1,,,14,35000,2,,,
3153,11,15,,,4,12000,5,,,7,12600,2,,,
3153,12,15,,,4,12000,5,,,7,12600,2,,,
3155,1,6,,,2,530000,2,290,638000,30,66000,2,8,9,
3155,2,2,,,1,350000,1,140,308000,15,33000,2,8,9,
3155,3,1,,,,,1,150,330000,15,33000,2,8,9,
3155,4,3,,,1,180000,,,,,,2,8,9,
3155,11,25,,,4,14000,6,,,10,18000,2,,,
3155,12,15,,,4,14000,6,,,10,18000,2,,,
3156,1,5,,,3,680000,1,150,330000,15,33000,2,,,
3156,2,2,,,1,340000,,,,,,2,,,
3156,3,1,,,,,1,150,330000,15,33000,2,,,
3156,4,2,,,2,340000,,,,,,2,,,
3156,11,22,,,6,20000,7,,,11,19000,2,,,
3156,12,12,,,6,20000,7,,,11,19000,2,,,
3157,1,5,,,2,520000,2,285,627000,31,68200,2,8,,
3157,2,2,,,1,360000,1,135,297000,16,35200,2,8,,
3157,3,1,,,,,1,150,330000,15,33000,2,8,,
3157,4,2,,,1,160000,,,,,,2,8,,
3157,9,38,,,7,300000,1,,,14,35000,2,,,
3157,11,16,,,,,5,,,8,14400,,,,
3157,12,16,,,,,5,,,8,14400,,,,
3158,11,20,,,5,15000,4,,,7,13000,2,,,
3158,12,10,,,5,15000,4,,,7,13000,2,,,
3164,1,4,,,2,500000,1,148,325600,16,35200,2,8,,
3164,2,2,,,1,320000,,,,,,2,8,,
3164,3,1,,,,,1,148,325600,16,35200,2,8,,
3164,4,1,,,1,180000,,,,,,2,8,,
3164,6,4,,,4,100000,1,53,159000,8,24000,2,,,
3164,7,1,,,,,1,53,159000,8,24000,2,,,
3164,8,3,,,4,100000,,,,,,2,,,
3164,11,15,,,10,30000,7,,,10,18000,2,,,
3164,12,15,,,10,30000,7,,,10,18000,2,,,
3171,1,2,,,,,,,,,,,,,
3171,2,1,,,,,,,,,,,,,
3171,4,1,,,,,,,,,,,,,
3171,11,8,,,,,,,,,,,,,
3171,12,8,,,,,,,,,,,,,
3177,11,21,,,,,,,,,,,,,
3177,12,20,,,,,,,,,,,,,
3179,11,20,20,20000,,,,,,,,,,,
3182,11,20,,,,,,,,,,,,,
3185,11,5,,,,,,,,,,,,,
3185,12,5,,,,,,,,,,,,,
3209,1,4,,,,,,,,,,,,,
3209,2,2,,,,,,,,,,,,,
3209,4,2,,,,,,,,,,,,,
3210,11,12,,,,,,,,,,,,,
3210,12,10,,,,,,,,,,,,,
3213,11,10,,,,,,,,,,,,,
3213,12,9,,,,,,,,,,,,,
3215,1,6,,,,,,,,,,,,,
3215,2,2,,,,,,,,,,,,,
3215,3,1,,,,,,,,,,,,,
3215,4,3,,,,,,,,,,,,,
3219,1,3,,,,,,,,,,,,,
3219,2,1,,,,,,,,,,,,,
3219,3,1,,,,,,,,,,,,,
3219,4,1,,,,,,,,,,,,,
3242,1,10,,,3,500000,2,160,368000,10,23000,2,,,3
3242,2,5,,,,,,,,,,,,,
3242,4,5,,,3,500000,2,160,368000,10,23000,2,,,3
3242,9,40,,,35,875000,5,,,60,180000,2,6,,
3242,11,30,,,,,6,,,10,15000,,,,
3242,12,25,,,,,,,,,,,,,
3243,1,2,,,2,300000,,,,,,2,,,
3243,2,1,,,,,,,,,,,,,
3243,4,1,,,2,300000,,,,,,2,,,
3243,9,24,,,20,500000,4,20,60000,20,60000,2,6,,
3243,11,12,,,,,2,,,4,6000,,,,
3243,12,10,,,,,,,,,,,,,
3244,1,2,,,1,160000,,,,,,2,,,
3244,2,1,,,,,,,,,,,,,
3244,4,1,,,1,160000,,,,,,2,,,
3244,9,3,,,3,90000,,,,,,2,,,
3244,11,10,,,,,3,,,6,9000,,,,
3244,12,6,,,,,,,,,,,,,
3245,1,2,,,1,165000,,,,,,2,,,
3245,2,1,,,,,,,,,,,,,
3245,4,1,,,1,165000,,,,,,2,,,
3245,9,5,,,4,120000,1,,,12,36000,2,,,
3245,11,25,,,,,5,,,10,15000,,,,
3245,12,20,,,,,,,,,,,,,
3246,1,4,,,2,340000,,,,,,2,,,
3246,2,2,,,,,,,,,,,,,
3246,4,2,,,2,340000,,,,,,2,,,
3246,9,8,,,6,180000,2,,,20,60000,2,,,
3246,11,12,,,,,2,,,4,6000,,,,
3246,12,10,,,,,,,,,,,,,
3247,1,10,,,3,480000,2,140,322000,10,23000,2,,,5
3247,2,5,,,,,,,,,,,,,
3247,4,5,,,3,480000,2,140,322000,10,23000,2,,,5
3247,9,30,,,27,675000,3,20,60000,15,45000,2,,,
3247,11,30,,,,,5,,,10,15000,,,,
3247,12,25,,,,,,,,,,,,,
3248,1,8,,,4,600000,,,,,,2,,,
3248,2,4,,,,,,,,,,,,,
3248,4,4,,,4,600000,,,,,,2,,,
3248,9,20,,,18,450000,2,,,24,72000,2,,,
3248,11,30,,,,,6,,,9,14000,,,,
3248,12,20,,,,,,,,,,,,,
3249,1,4,,,2,320000,,,,,,2,,,
3249,2,2,,,,,,,,,,,,,
3249,4,2,,,2,320000,,,,,,2,,,
3249,11,15,,,,,5,,,8,12000,,,,
3249,12,12,,,,,,,,,,,,,
3253,1,3,,,1,100000,,,,,,2,,,
3253,2,2,,,,,,,,,,,,,
3253,4,1,,,1,100000,,,,,,2,,,
3253,9,25,,,,,2,,,40,80000,,,,
3253,11,20,10,20000,,,2,,,4,6000,,,,
3253,12,20,10,20000,,,2,,,4,6000,,,,
3256,1,3,,,,,,,,,,,,,
3256,2,2,,,,,,,,,,,,,
3256,4,1,,,,,,,,,,,,,
3256,11,45,15,7500,,,3,,,5,7500,,,,
3256,12,30,,,,,3,,,5,7500,,,,
3256,19,12,,,,,,,,,,,,,
3260,1,8,2,80000,,,,,,,,,,,
3260,2,3,,,,,,,,,,,,,
3260,3,2,2,80000,,,,,,,,,,,
3260,4,3,,,,,,,,,,,,,
3260,11,10,,,,,2,,,2,6000,,,,
3260,12,10,,,,,2,,,2,6000,,,,
3263,1,6,2,80000,1,90000,,,,,,2,,,
3263,2,2,,,,,,,,,,,,,
3263,3,2,,,,,,,,,,,,,
3263,4,2,2,80000,1,90000,,,,,,2,,,
3263,11,10,,,,,4,,,4,10000,,,,
3263,12,10,,,,,4,,,4,10000,,,,
3268,1,1,,,1,120000,,,,,,,2,,
3268,2,1,,,,,,,,,,,,,
3268,4,,,,1,120000,,,,,,,2,,
3268,11,5,,,,,4,,,4.5,6750,,,,
3268,12,5,,,,,4,,,4.5,6750,,,,
3270,11,14,,,,,5,,,6.5,9750,,,,
3270,12,6,,,,,5,,,6.5,9750,,,,
3271,11,15,,,,,3,,,3.5,5200,,,,
3271,12,5,,,,,3,,,3.5,5200,,,,
3273,1,2,,,1,130000,,,,,,2,,,
3273,2,1,,,,,,,,,,,,,
3273,4,1,,,1,130000,,,,,,2,,,
3273,11,7,,,,,3,,,3.6,5400,,,,
3273,12,7,,,,,3,,,3.6,5400,,,,
3274,11,11,,,,,4,,,4.2,6300,,,,
3274,12,3,,,,,4,,,4.2,6300,,,,
3274,13,4,,,,,2,,,3,9000,,,,
3274,14,4,,,,,2,,,3,9000,,,,
3275,1,3,,,,,1,75,150000,30,60000,2,,,
3275,2,1,,,,,,,,,,,,,
3275,4,2,,,,,1,75,150000,30,60000,2,,,
3275,11,6,,,,,7,,,8,12000,,,,
3275,12,6,,,,,7,,,8,12000,,,,
3275,13,5,,,,,1,,,1.5,4500,,,,
3275,14,5,,,,,1,,,1.5,4500,,,,
3276,11,9,,,,,6,,,7,10500,,,,
3276,12,9,,,,,6,,,7,10500,,,,
3278,11,15,5,7500,,,,,,,,,,,
3278,12,5,,,,,,,,,,,,,
3278,19,1,,,,,,,,,,,,,
3284,11,6,,,,,,,,,,,,,
3284,12,6,,,,,,,,,,,,,
3285,11,4,,,,,,,,,,,,,
3285,12,4,,,,,,,,,,,,,
3305,1,2,,,,,,,,,,,,,
3305,2,1,,,,,,,,,,,,,
3305,4,1,,,,,,,,,,,,,
3307,1,2,,,,,,,,,,,,,
3307,2,1,,,,,,,,,,,,,
3307,4,1,,,,,,,,,,,,,
3308,1,4,,,,,,,,,,,,,
3308,2,2,,,,,,,,,,,,,
3308,4,2,,,,,,,,,,,,,
3308,9,5,,,1,20000,,,,,,2,,,
3308,11,15,,,,,2,,,3,4500,,,,
3308,12,10,,,,,2,,,3,4500,,,,
3309,1,3,,,,,,,,,,,,,
3309,2,2,,,,,,,,,,,,,
3309,4,1,,,,,,,,,,,,,
3309,6,2,,,,,1,20,60000,10,30000,2,,,
3309,8,2,,,,,1,20,60000,10,30000,2,,,
3312,6,1,,,,,,,,,,,,,
3312,8,1,,,,,,,,,,,,,
3332,1,2,,,2,420000,,,,,,2,,,
3332,2,2,,,,,,,,,,,,,
3332,4,,,,2,420000,,,,,,2,,,
3332,11,10,,,,,,,,,,,,,
3332,12,10,,,,,,,,,,,,,
3333,1,6,,,2,120000,,,,,,2,,,
3333,2,4,,,,,,,,,,,,,
3333,4,2,,,2,120000,,,,,,2,,,
3333,6,2,2,80000,,,,,,,,,,,
3333,8,2,2,80000,,,,,,,,,,,
3333,11,40,,,,,,,,,,,,,
3333,12,20,,,,,,,,,,,,,
3334,1,6,,,2,160000,,,,,,2,,,
3334,2,4,,,,,,,,,,,,,
3334,4,2,,,2,160000,,,,,,2,,,
3334,11,8,,,,,,,,,,,,,
3334,12,8,,,,,,,,,,,,,
3335,1,7,,,,,5,700,1400000,50,100000,3,,,
3335,2,3,,,,,,,,,,,,,
3335,4,4,,,,,5,700,1400000,50,100000,3,,,
3335,6,2,,,,,1,40,128000,,,2,,,
3335,7,2,,,,,,,,,,,,,
3335,8,,,,,,1,40,128000,,,2,,,
3336,1,7,,,1,300000,4,300,595000,,,2,,,
3336,2,3,,,1,300000,2,100,220000,,,2,,,
3336,4,4,,,,,2,200,375000,,,2,,,
3336,11,15,,,,,,,,,,,,,
3336,12,10,,,,,,,,,,,,,
3337,1,5,,,1,150000,,,,,,2,,,
3337,2,2,,,,,,,,,,,,,
3337,4,3,,,1,150000,,,,,,2,,,
3337,6,1,1,35000,,,2,,,5,25000,,,,
3337,8,1,1,35000,,,2,,,5,25000,,,,
3337,11,30,,,,,,,,,,,,,
3337,12,5,,,,,,,,,,,,,
3338,1,24,,,10,600000,1,180,324000,,,2,,,
3338,2,14,,,,,,,,,,,,,
3338,4,10,,,10,600000,1,180,324000,,,2,,,
3338,6,6,1,35000,,,,,,,,,,,
3338,7,1,,,,,,,,,,,,,
3338,8,5,1,35000,,,,,,,,,,,
3338,11,60,,,,,,,,,,,,,
3338,12,20,,,,,,,,,,,,,
3339,1,2,,,1,80000,,,,,,2,,,
3339,2,1,,,,,,,,,,,,,
3339,4,1,,,1,80000,,,,,,2,,,
3358,1,19,,,5,1270000,2,260,520000,30,60000,2,4,,
3358,2,7,,,1,210000,,,,,,2,,,
3358,3,6,,,3,700000,2,260,520000,30,60000,2,4,,
3358,4,5,,,,,,,,,,,,,
3358,5,1,,,1,360000,,,,,,2,,,
3358,11,13,25,30000,,,20,,,30,45000,,,,
3358,12,10,,,,,,,,,,,,,
3359,1,8,,,2,560000,1,120,240000,20,40000,2,4,,
3359,2,2,,,,,,,,,,,,,
3359,3,4,,,2,560000,1,120,240000,20,40000,4,2,,
3359,4,2,,,,,,,,,,,,,
3359,11,20,40,60000,,,25,,,45,75000,,,,
3359,12,15,,,,,,,,,,,,,
3360,9,25,,,8,240000,2,30,60000,15,30000,2,,,
3363,1,3,,,1,250000,,,,,,2,,,
3363,2,1,,,,,,,,,,,,,
3363,3,1,,,1,250000,,,,,,2,,,
3363,4,1,,,,,,,,,,,,,
3363,11,10,20,25000,,,15,,,25,40000,,,,
3363,12,8,,,,,,,,,,,,,
3364,1,7,,,2,470000,1,110,220000,15,30000,2,4,,
3364,2,2,,,,,,,,,,,,,
3364,3,3,,,2,470000,1,110,220000,15,30000,2,4,,
3364,4,2,,,,,,,,,,,,,
3364,11,15,30,40000,,,20,,,35,50000,,,,
3364,12,10,,,,,,,,,,,,,
3365,9,14,,,5,150000,1,15,30000,10,20000,2,,,
3365,11,10,25,30000,,,15,,,25,40000,,,,
3365,12,7,,,,,,,,,,,,,
3370,1,4,,,,,1,75,150000,10,20000,2,,,
3370,2,2,,,,,,,,,,,,,
3370,3,,,,,,1,75,150000,10,20000,2,,,
3370,4,2,,,,,,,,,,,,,
3370,11,10,,,,,3,,,3,4500,,,,
3370,12,10,,,,,3,,,3,4500,,,,
3371,1,5,,,,,1,70,140000,10,20000,2,,,
3371,2,2,,,,,,,,,,,,,
3371,3,1,,,,,1,70,140000,10,20000,2,,,
3371,4,2,,,,,,,,,,,,,
3371,11,13,,,,,3,,,3,4500,,,,
3371,12,13,,,,,3,,,3,4500,,,,
3372,1,5,,,,,1,50,80000,10,16000,2,,,
3372,2,2,,,,,1,50,80000,10,16000,2,,,
3372,3,1,,,,,,,,,,,,,
3372,4,2,,,,,,,,,,,,,
3372,11,10,,,,,5,,,5,7500,,,,
3372,12,10,,,,,5,,,5,7500,,,,
3373,1,2,,,,,1,80,160000,5,10000,2,,,
3373,2,1,,,,,,,,,,,,,
3373,3,,,,,,1,80,160000,5,10000,2,,,
3373,4,1,,,,,,,,,,,,,
3374,1,8,,,,,2,140,280000,10,20000,2,,,
3374,2,3,,,,,,,,,,,,,
3374,3,2,,,,,2,140,280000,10,20000,2,,,
3374,4,3,,,,,,,,,,,,,
3374,6,1,,,,,,,,,,,,,
3375,1,14,,,6,300000,,,,,,2,,,
3375,2,10,,,,,,,,,,,,,
3375,4,4,,,6,300000,,,,,,2,,,
3375,11,10,,,,,,,,,,,,,
3375,12,10,,,,,,,,,,,,,
3377,1,2,,,,,,,,,,,,,
3377,2,1,,,,,,,,,,,,,
3377,3,1,,,,,,,,,,,,,
3377,11,15,,,,,,,,,,,,,
3377,12,10,,,,,,,,,,,,,
3384,1,4,,,,,,,,,,,,,
3384,2,2,,,,,,,,,,,,,
3384,3,2,,,,,,,,,,,,,
3384,6,29,,,,,,,,,,,,,
3384,7,4,,,,,,,,,,,,,
3384,8,25,,,,,,,,,,,,,
3384,11,30,,,,,7,,,10,18000,,,,
3384,12,20,,,,,,,,,,,,,
3412,1,6,,,,,2,,,280,560000,,,,
3412,2,3,,,,,,,,,,,,,
3412,4,3,,,,,,,,,,,,,
3412,6,2,,,,,,,,,,,,,
3412,8,2,,,,,,,,,,,,,
3412,9,4,,,,,1,,,20,60000,,,,
3412,11,28,,,,,6,,,7,10500,,,,
3412,12,16,,,,,6,,,7,10500,,,,
3413,11,12,,,,,1,,,1.5,2550,,,,
3413,12,12,,,,,1,,,1.5,2550,,,,
3415,1,3,,,,,,,,,,,,,
3415,2,1,,,,,,,,,,,,,
3415,4,2,,,,,,,,,,,,,
3415,9,12,,,,,3,,,60,180000,,,,
3415,11,18,,,,,5,,,5,7500,,,,
3415,12,10,,,,,5,,,5,7500,,,,
3416,1,4,,,,,2,80,160000,80,160000,2,,,
3416,2,2,,,,,,,,,,,,,
3416,4,2,,,,,2,80,160000,80,160000,2,,,
3416,9,5,,,,,3,,,35,105000,,,,
3416,11,15,,,,,5,,,5,7500,,,,
3416,12,10,,,,,5,,,5,7500,,,,
3416,19,15,,,,,,,,,,,,,
3417,1,3,,,,,,,,,,,,,
3417,2,1,,,,,,,,,,,,,
3417,4,2,,,,,,,,,,,,,
3417,11,20,,,,,8,,,8,12000,,,,
3417,12,15,,,,,,,,,,,,,
3417,13,10,,,,,5,,,5,12500,,,,
3417,14,10,,,,,5,,,5,12500,,,,
3418,1,1,,,,,,,,,,,,,
3418,2,1,,,,,,,,,,,,,
3418,9,2,,,,,,,,,,,,,
3418,11,5,,,,,,,,,,,,,
3418,12,5,,,,,,,,,,,,,
3419,1,2,,,,,,,,,,,,,
3419,2,1,,,,,,,,,,,,,
3419,4,1,,,,,,,,,,,,,
3419,9,8,,,,,1,,,7,21000,,,,
3419,11,10,,,,,4,,,4,6000,,,,
3419,12,10,,,,,,,,,,,,,
3420,1,4,,,,,1,,,120,240000,,,,
3420,2,2,,,,,,,,,,,,,
3420,4,2,,,,,1,,,120,240000,,,,
3420,9,10,,,,,3,,,20,60000,,,,
3420,11,10,,,,,2,,,3,4500,,,,
3420,12,10,,,,,2,,,3,4500,,,,
3421,1,10,2,400000,,,2,170,330000,110,202000,4,2,,
3421,2,5,2,400000,,,1,120,240000,20,40000,4,,,
3421,3,1,,,,,1,50,90000,90,162000,2,,,
3421,4,4,,,,,,,,,,,,,
3421,11,10,,,,,3,,,4,6800,,,,
3421,12,10,,,,,3,,,4,6800,,,,
3422,1,8,,,,,2,210,392000,100,196000,2,4,,
3422,2,4,,,,,1,70,140000,80,160000,2,,,
3422,3,1,,,,,1,140,252000,20,36000,4,,,
3422,4,3,,,,,,,,,,,,,
3422,11,20,,,3,10000,4,,,6,10200,2,,,
3422,12,20,,,3,10000,4,,,6,10200,2,,,
3423,1,2,1,240000,,,,,,,,,,,
3423,2,1,1,240000,,,,,,,,,,,
3423,4,1,,,,,,,,,,,,,
3423,11,10,,,,,2,,,3,5100,,,,
3423,12,10,,,,,2,,,3,5100,,,,
3424,11,15,,,,,4,,,6,10200,,,,
3424,12,15,,,,,4,,,6,10200,,,,
3424,19,2,,,,,,,,,,,,,
3425,1,4,,,,,,,,,,,,,
3425,2,2,,,,,,,,,,,,,
3425,4,2,,,,,,,,,,,,,
3425,11,14,,,,,4,,,7,11900,,,,
3425,12,14,,,,,4,,,7,11900,,,,
3425,19,6,,,,,,,,,,,,,
3426,1,4,,,,,1,80,144000,70,126000,2,,,
3426,2,2,,,,,,,,,,,,,
3426,3,,,,,,1,80,144000,70,126000,2,,,
3426,4,2,,,,,,,,,,,,,
3426,11,6,,,,,3,,,5,9000,,,,
3426,12,6,,,,,3,,,5,9000,,,,
3427,1,4,,,,,1,100,200000,50,100000,2,,,
3427,2,2,,,,,,,,,,,,,
3427,3,,,,,,1,100,200000,50,100000,2,,,
3427,4,2,,,,,,,,,,,,,
3427,11,8,,,,,2,,,3,5100,,,,
3427,12,8,,,,,2,,,3,5100,,,,
3428,1,2,,,,,1,100,200000,40,80000,2,,,
3428,2,1,,,,,,,,,,,,,
3428,3,,,,,,1,100,200000,40,80000,2,,,
3428,4,1,,,,,,,,,,,,,
3428,11,5,,,,,2,,,3,5100,,,,
3428,12,5,,,,,2,,,3,5100,,,,
3429,11,15,,,,,4,,,6,10200,,,,
3429,12,15,,,,,4,,,6,10200,,,,
3431,11,10,,,,,5,,,6,15000,,,,
3431,12,10,,,,,5,,,6,15000,,,,
3431,13,14,,,,,2,,,2,6000,,,,
3431,14,14,,,,,2,,,2,6000,,,,
3436,11,6,,,,,4,,,5,12500,,,,
3436,12,6,,,,,4,,,5,12500,,,,
3437,11,12,10,3000,,,3,,,4,10000,,,,
3437,12,2,,,,,3,,,4,10000,,,,
3438,11,10,,,,,5,,,6,15000,,,,
3438,12,10,,,,,5,,,6,15000,,,,
3438,13,15,,,,,3,,,3,9000,,,,
3438,14,15,,,,,3,,,3,9000,,,,
3438,19,15,,,,,,,,,,,,,
3439,11,15,,,,,10,,,9,22500,,,,
3439,12,15,,,,,10,,,9,22500,,,,
3440,11,20,30,15000,,,14,,,15,37500,,,,
3440,12,20,,,,,14,,,15,37500,,,,
3441,6,2,2,60000,,,2,70,210000,45,135000,4,,,
3441,8,,2,60000,,,,,,,,,,,
3441,11,15,20,10000,,,6,,,7,17500,,,,
3441,12,5,,,,,6,,,7,17500,,,,
3442,1,1,,,1,130000,,,,,,2,,,
3442,2,1,,,,,,,,,,,,,
3442,11,20,25,12500,,,7,,,8,20000,,,,
3442,12,10,,,,,7,,,8,20000,,,,
3443,11,18,,,,,5,,,5,12500,,,,
3443,12,10,,,,,5,,,5,12500,,,,
3444,6,2,,,,,1,,,50,150000,,,,
3444,8,1,,,,,,,,,,,,,
3444,9,4,,,,,2,,,30,102000,,,,
3445,1,3,,,2,410000,,,,,,2,4,,
3445,2,3,,,1,250000,,,,,,2,,,
3445,3,,,,1,160000,,,,,,4,,,
3445,6,2,,,,,2,50,165000,40,132000,4,,,
3445,9,15,,,4,100000,2,,,30,96000,2,,,
3445,11,30,,,,,6,,,6,15000,,,,
3445,12,12,,,,,6,,,6,15000,,,,
3446,6,1,,,,,1,,,50,150000,,,,
3446,8,1,,,,,,,,,,,,,
3446,11,8,,,,,5,,,5,12500,,,,
3446,12,8,,,,,5,,,5,12500,,,,
3447,6,3,,,,,2,,,80,256000,,,,
3447,11,10,30,15000,,,10,,,8,20000,,,,
3447,12,10,,,,,10,,,8,20000,,,,
3451,11,20,,,,,6,,,9,22500,,,,
3451,12,10,,,,,6,,,9,22500,,,,
3453,11,5,,,,,3,,,4.5,11250,,,,
3453,12,5,,,,,3,,,4.5,11250,,,,
3454,6,1,1,40000,,,,,,,,,,,
3454,8,1,1,40000,,,,,,,,,,,
3454,11,10,,,,,4,,,6,15000,,,,
3454,12,10,,,,,4,,,6,15000,,,,
3579,6,3,3,75000,,,2,100,300000,10,30000,2,3,,
3579,8,3,3,75000,,,2,100,300000,10,30000,2,3,,
3579,11,15,,,,,,,,,,,,,
3579,12,12,,,,,,,,,,,,,
3580,11,25,,,,,,,,,,,,,
3580,12,15,,,,,,,,,,,,,
3581,1,2,,,1,350000,,,,,,2,,,
3581,2,1,,,1,350000,,,,,,2,,,
3581,3,1,,,,,,,,,,,,,
3581,11,25,,,,,,,,,,,,,
3581,12,20,,,,,,,,,,,,,
3583,11,10,,,,,3,,,5,9000,,,,
3583,12,10,,,,,3,,,5,9000,,,,
3584,1,5,,,3,680000,1,140,280000,15,30000,2,8,,
3584,2,2,,,1,340000,1,140,280000,15,30000,2,8,,
3584,3,1,,,,,,,,,,,,,
3584,4,2,,,2,340000,,,,,,2,8,,
3584,11,15,,,,,5,,,8,15000,,,,
3584,12,15,,,,,5,,,8,15000,,,,
3586,1,6,,,3,510000,2,280,560000,30,60000,2,8,,
3586,2,2,,,,,1,135,270000,15,30000,2,8,,
3586,3,1,,,,,1,145,290000,15,30000,2,8,,
3586,4,3,,,3,510000,,,,,,2,8,,
3586,11,15,,,5,20000,5,,,8,14400,2,,,
3586,12,15,,,5,20000,5,,,8,14400,2,,,
3587,1,5,,,3,680000,1,150,300000,17,34000,2,8,,
3587,2,2,,,1,340000,,,,,,2,8,,
3587,3,1,,,,,1,150,300000,17,34000,2,8,,
3587,4,2,,,2,340000,,,,,,2,8,,
3587,11,16,,,5,20000,6,,,10,18000,2,,,
3587,12,16,,,5,20000,6,,,10,18000,2,,,
3588,11,12,,,,,4,,,6,15000,,,,
3588,12,12,,,,,4,,,6,15000,,,,
3589,11,15,,,,,4,,,6,11000,,,,
3589,12,15,,,,,4,,,6,11000,,,,
3590,1,6,,,2,530000,2,280,560000,30,60000,2,8,,
3590,2,2,,,1,350000,1,135,270000,15,30000,2,8,,
3590,3,1,,,,,1,145,290000,15,30000,2,8,,
3590,4,3,,,1,180000,,,,,,2,,,
3590,11,15,,,,,5,,,8,15000,,,,
3590,12,15,,,,,5,,,8,15000,,,,
3591,11,12,,,,,4,,,6,11000,,,,
3591,12,12,,,,,4,,,6,11000,,,,
3592,11,15,,,,,5,,,8,15000,,,,
3592,12,15,,,,,5,,,8,15000,,,,
3593,11,12,,,,,4,,,6,11000,,,,
3593,12,12,,,,,4,,,6,11000,,,,
3594,1,6,,,2,520000,2,278,583800,29,60900,2,8,,
3594,2,2,,,1,360000,1,130,273000,15,31500,2,8,,
3594,3,1,,,,,1,148,310000,14,29400,2,8,,
3594,4,3,,,1,160000,,,,,,2,,,
3594,11,20,,,6,20000,6,,,10,18000,2,,,
3594,12,20,,,,,,,,,,,,,
3595,1,5,,,2,340000,2,283,595000,27,57200,2,8,,
3595,2,2,,,,,1,135,285000,12,25200,2,8,,
3595,3,1,,,,,1,148,310000,15,32000,2,8,,
3595,4,2,,,2,340000,,,,,,2,8,,
3595,9,18,,,4,160000,2,,,28,65000,2,8,,
3595,11,14,,,,,6,,,10,18000,,,,
3595,12,14,,,,,6,,,10,18000,,,,
3597,1,5,,,3,700000,2,281,590000,28,58800,2,8,9,
3597,2,2,,,1,340000,1,135,283500,15,31500,2,8,9,
3597,3,1,,,,,1,146,306600,13,27300,2,8,9,
3597,4,2,,,2,360000,,,,,,2,,,
3597,9,20,,,7,280000,1,,,14,35000,2,8,,
3597,11,16,,,,,6,,,10,18000,,,,
3597,12,16,,,,,6,,,10,18000,,,,
3599,11,14,,,,,5,,,8,14000,,,,
3599,12,14,,,,,5,,,8,14000,,,,
3600,1,6,,,3,650000,1,145,290000,18,36000,2,,,
3600,2,2,,,1,350000,,,,,,2,,,
3600,3,1,,,,,1,145,290000,18,36000,2,,,
3600,4,3,,,2,300000,,,,,,2,,,
3600,6,3,,,,,,,,,,,,,
3600,8,3,,,,,,,,,,,,,
3600,11,15,,,,,5,,,8.5,16000,,,,
3600,12,15,,,,,5,,,8.5,16000,,,,
3611,11,32,,,,,2,,,9,16500,,,,
3611,12,32,,,,,2,,,9,16500,,,,
3612,11,5,,,,,,,,,,,,,
3612,12,5,,,,,,,,,,,,,
3613,11,10,,,,,4,,,5,10000,,,,
3613,12,10,,,,,4,,,5,10000,,,,
3618,11,6,,,,,3,,,5.9,10000,,,,
3618,12,6,,,,,3,,,5.9,10000,,,,
3624,11,6,6,3600,,,,,,,,,,,
3655,1,11,,,8,1800000,,,,,,2,,,
3655,2,1,,,,,,,,,,,,,
3655,3,10,,,8,1800000,,,,,,2,,,
3655,11,10,,,,,,,,,,,,,
3655,12,10,,,,,,,,,,,,,
3656,11,20,,,,,,,,,,,,,
3656,12,20,,,,,,,,,,,,,
3658,1,13,,,,,,,,,,,,,
3658,2,3,,,,,,,,,,,,,
3658,4,10,,,,,,,,,,,,,
3660,11,60,,,,,,,,,,,,,
3660,12,60,,,,,,,,,,,,,
3661,1,6,,,,,,,,,,,,,
3661,2,2,,,,,,,,,,,,,
3661,3,2,,,,,,,,,,,,,
3661,4,2,,,,,,,,,,,,,
3662,6,4,,,,,,,,,,,,,
3662,8,4,,,,,,,,,,,,,
3666,6,2,,,,,,,,,,,,,
3666,8,2,,,,,,,,,,,,,
3673,1,2,,,1,130000,,,,,,2,,,
3673,2,1,,,,,,,,,,,,,
3673,4,1,,,1,130000,,,,,,2,,,
3673,11,40,10,5000,,,2,,,3,4500,,,,
3673,12,30,,,,,,,,,,,,,
3674,1,2,,,1,150000,,,,,,2,,,
3674,2,1,,,,,,,,,,,,,
3674,4,1,,,1,150000,,,,,,2,,,
3674,11,25,,,,,3,,,5,7500,,,,
3674,12,15,,,,,,,,,,,,,
3675,1,2,,,,,1,70,140000,10,20000,2,,,
3675,2,1,,,,,,,,,,,,,
3675,4,1,,,,,1,70,140000,10,20000,2,,,
3675,11,30,10,6000,,,5,,,7,10500,,,,
3675,12,20,,,,,,,,,,,,,
3676,1,2,,,1,120000,,,,,,2,,,
3676,2,1,,,,,,,,,,,,,
3676,4,1,,,1,120000,,,,,,2,,,
3676,11,20,,,,,4,,,6,9000,,,,
3676,12,18,,,,,,,,,,,,,
3678,1,4,,,2,300000,,,,,,2,,,
3678,2,2,,,,,,,,,,,,,
3678,4,2,,,2,300000,,,,,,2,,,
3678,11,20,,,,,2,,,3,5000,,,,
3678,12,10,,,,,,,,,,,,,
3679,1,6,,,2,290000,1,60,120000,20,40000,2,,,10
3679,2,3,,,,,,,,,,,,,
3679,4,3,,,2,290000,1,60,120000,20,40000,2,,,10
3679,11,25,10,6000,,,4,,,4,6000,,,,
3679,12,20,,,,,,,,,,,,,
3680,1,4,,,2,300000,,,,,,2,,,
3680,2,2,,,,,,,,,,,,,
3680,4,2,,,2,300000,,,,,,2,,,
3680,11,28,8,4800,,,5,,,7.5,12000,,,,
3680,12,20,,,,,5,,,7.5,12000,,,,
3681,1,2,,,,,1,60,120000,10,20000,2,,,
3681,2,1,,,,,,,,,,,,,
3681,4,1,,,,,1,60,120000,10,20000,2,,,
3681,11,10,,,,,4,,,6,9000,,,,
3681,12,8,,,,,,,,,,,,,
3683,1,2,,,1,100000,,,,,,2,,,
3683,2,1,,,,,,,,,,,,,
3683,4,1,,,1,100000,,,,,,2,,,
3683,11,10,,,,,2,,,3,4500,,,,
3683,12,10,,,,,2,,,3,4500,,,,
3684,1,2,,,,,,,,,,,,,
3684,2,1,,,,,,,,,,,,,
3684,4,1,,,,,,,,,,,,,
3684,9,10,,,,,2,,,50,125000,,,,
3684,11,6,,,,,,,,,,,,,
3684,12,6,,,,,,,,,,,,,
3687,1,2,,,1,160000,,,,,,2,,,
3687,2,1,,,,,,,,,,,,,
3687,4,1,,,1,160000,,,,,,2,,,
3687,11,20,10,20000,,,2,,,3,4500,,,,
3687,12,20,10,20000,,,2,,,3,4500,,,,
3689,1,4,,,1,120000,,,,,,2,,,
3689,2,2,,,,,,,,,,,,,
3689,4,2,,,1,120000,,,,,,2,,,
3689,11,10,,,,,3,,,6,9000,,,,
3689,12,10,,,,,3,,,6,9000,,,,
3690,1,2,,,,,,,,,,,,,
3690,2,1,,,,,,,,,,,,,
3690,4,1,,,,,,,,,,,,,
3690,11,7,,,,,,,,,,,,,
3690,12,7,,,,,,,,,,,,,
3691,1,2,,,,,,,,,,,,,
3691,2,1,,,,,,,,,,,,,
3691,4,1,,,,,,,,,,,,,
3691,9,,,,,,2,,,20,40000,,,,
3691,11,10,,,,,2,,,2,3000,,,,
3691,12,10,,,,,2,,,2,3000,,,,
3696,1,4,,,1,260000,,,,,,3,,,
3696,2,2,,,,,,,,,,,,,
3696,3,,,,1,260000,,,,,,3,,,
3696,4,2,,,,,,,,,,,,,
3696,7,3,,,,,,,,,,,,,
3696,9,10,,,,,2,,,40,100000,,,,
3696,11,10,,,,,4,,,6,9000,,,,
3696,12,10,,,,,4,,,6,9000,,,,
3700,1,4,,,,,1,60,120000,40,80000,4,,,
3700,2,2,,,,,,,,,,,,,
3700,4,2,,,,,1,60,120000,40,80000,4,,,
3700,11,6,,,,,6,,,7.8,11700,,,,
3700,12,6,,,,,6,,,7.8,11700,,,,
3700,13,3,,,,,,,,,,,,,
3700,14,3,,,,,,,,,,,,,
3700,19,3,,,,,,,,,,,,,
3701,6,1,1,35000,,,1,40,120000,32,96000,2,,,
3701,8,1,1,35000,,,1,40,120000,32,96000,2,,,
3701,11,10,,,,,6,,,8,12000,,,,
3701,12,10,,,,,6,,,8,12000,,,,
3701,13,4,,,,,1,,,1.6,4800,,,,
3701,14,4,,,,,1,,,1.6,4800,,,,
3702,11,10,,,,,5,,,7,10500,,,,
3702,12,10,,,,,5,,,7,10500,,,,
3703,1,4,,,1,120000,1,75,150000,20,40000,4,,,
3703,2,2,,,,,,,,,,,,,
3703,4,2,,,1,120000,1,75,150000,20,40000,4,,,
3703,6,2,,,8,320000,1,46,138000,18,54000,4,,,
3703,7,1,,,,,,,,,,,,,
3703,8,1,,,8,320000,1,46,138000,18,54000,4,,,
3703,11,8,,,,,4,,,5.6,8400,,,,
3703,12,8,,,,,4,,,5.6,8400,,,,
3704,1,2,,,,,1,68,136000,32,64000,4,,,
3704,2,1,,,,,,,,,,,,,
3704,4,1,,,,,1,68,136000,32,64000,4,,,
3704,6,1,1,40000,,,1,35,105000,30,90000,4,,,
3704,8,1,1,40000,,,1,35,105000,30,90000,4,,,
3704,11,5,,,,,4,,,6,9000,,,,
3704,12,5,,,,,4,,,6,9000,,,,
3705,6,1,1,35000,,,1,50,150000,26,78000,2,,,
3705,8,1,1,35000,,,1,50,150000,26,78000,2,,,
3706,11,11,,,,,5,,,6.5,9800,,,,
3706,12,11,,,,,5,,,6.5,9800,,,,
3707,1,2,,,,,1,65,130000,35,70000,4,,,
3707,2,1,,,,,,,,,,,,,
3707,3,1,,,,,,,,,,,,,
3707,4,,,,,,1,65,130000,35,70000,4,,,
3707,6,2,,,6,240000,1,42,126000,30,90000,2,,,
3707,7,1,,,,,,,,,,,,,
3707,8,1,,,6,240000,1,42,126000,30,90000,2,,,
3707,11,20,,,,,7,,,8.6,12900,,,,
3707,12,9,,,,,7,,,8.6,12900,,,,
3707,19,2,,,,,,,,,,,,,
3718,1,2,,,,,,,,,,,,,
3718,2,1,,,,,,,,,,,,,
3718,4,1,,,,,,,,,,,,,
3718,11,7,,,,,,,,,,,,,
3718,12,7,,,,,,,,,,,,,
3720,1,5,,,,,,,,,,,,,
3720,2,5,,,,,,,,,,,,,
3720,6,3,,,,,1,,,80,200000,,,,
3720,8,3,,,,,1,,,80,200000,,,,
3720,11,11,,,,,3,,,4,6000,,,,
3720,12,11,,,,,3,,,4,6000,,,,
3721,11,9,,,,,5,,,6,9000,,,,
3721,12,9,,,,,5,,,6,9000,,,,
3724,11,2,,,,,,,,,,,,,
3724,12,2,,,,,,,,,,,,,
3725,1,1,1,100000,,,,,,,,,,,
3725,4,1,1,100000,,,,,,,,,,,
3739,1,2,,,,,,,,,,,,,
3739,2,1,,,,,,,,,,,,,
3739,4,1,,,,,,,,,,,,,
3739,11,8,,,,,,,,,,,,,
3739,12,8,,,,,,,,,,,,,
3742,1,2,,,,,,,,,,,,,
3742,2,1,,,,,,,,,,,,,
3742,4,1,,,,,,,,,,,,,
3742,6,1,,,,,,,,,,,,,
3742,8,1,,,,,,,,,,,,,
3742,11,10,,,,,,,,,,,,,
3742,12,10,,,,,,,,,,,,,
3745,1,1,,,,,,,,,,,,,
3745,2,1,,,,,,,,,,,,,
3745,11,20,,,,,,,,,,,,,
3745,12,15,,,,,,,,,,,,,
3746,1,2,,,,,,,,,,,,,
3746,2,2,,,,,,,,,,,,,
3746,11,8,,,,,,,,,,,,,
3746,12,8,,,,,,,,,,,,,
3747,1,1,,,,,,,,,,,,,
3747,2,1,,,,,,,,,,,,,
3747,11,15,,,,,,,,,,,,,
3747,12,15,,,,,,,,,,,,,
3748,1,3,,,,,,,,,,,,,
3748,2,2,,,,,,,,,,,,,
3748,4,1,,,,,,,,,,,,,
3748,6,6,,,,,,,,,,,,,
3748,7,1,,,,,,,,,,,,,
3748,8,5,,,,,,,,,,,,,
3748,11,50,,,,,,,,,,,,,
3748,12,20,,,,,,,,,,,,,
3749,1,1,1,500000,,,,,,,,,,,
3749,2,1,1,500000,,,,,,,,,,,
3749,11,10,,,,,,,,,,,,,
3750,1,2,,,,,,,,,,,,,
3750,2,1,,,,,,,,,,,,,
3750,4,1,,,,,,,,,,,,,
3750,11,12,,,,,,,,,,,,,
3750,12,12,,,,,,,,,,,,,
3751,1,2,,,,,,,,,,,,,
3751,2,2,,,,,,,,,,,,,
3751,9,6,,,,,,,,,,,,,
3751,11,10,,,,,,,,,,,,,
3751,12,10,,,,,,,,,,,,,
3751,19,10,,,,,,,,,,,,,
3752,1,1,,,,,,,,,,,,,
3752,2,1,,,,,,,,,,,,,
3752,9,10,,,,,,,,,,,,,
3752,11,15,,,,,,,,,,,,,
3752,12,15,,,,,,,,,,,,,
3753,1,1,,,,,,,,,,,,,
3753,2,1,,,,,,,,,,,,,
3753,11,10,,,,,,,,,,,,,
3753,12,10,,,,,,,,,,,,,
3754,11,12,,,,,,,,,,,,,
3754,12,12,,,,,,,,,,,,,
3758,1,1,,,,,,,,,,,,,
3758,2,1,,,,,,,,,,,,,
3758,11,10,,,,,,,,,,,,,
3758,12,10,,,,,,,,,,,,,
3760,1,2,,,,,,,,,,,,,
3760,2,1,,,,,,,,,,,,,
3760,4,1,,,,,,,,,,,,,
3760,11,15,,,,,5,,,9,15000,,,,
3760,12,15,,,,,5,,,9,15000,,,,
3761,11,10,,,,,,,,,,,,,
3761,12,10,,,,,,,,,,,,,
3790,1,7,,,1,280000,2,220,420000,30,58000,4,2,,
3790,2,2,,,,,1,100,180000,10,18000,2,,,
3790,3,3,,,1,280000,1,120,240000,20,40000,4,2,,
3790,4,2,,,,,,,,,,,,,
3790,6,7,,,4,120000,2,180,450000,20,50000,4,2,,
3790,7,1,,,,,1,120,300000,10,25000,2,4,,
3790,8,6,,,4,120000,1,60,150000,10,25000,4,2,,
3790,11,15,40,50000,,,25,,,40,60000,,,,
3790,12,10,,,,,,,,,,,,,
3791,1,7,,,2,540000,,,,,,2,,,
3791,2,2,,,,,,,,,,,,,
3791,3,3,,,2,540000,,,,,,2,,,
3791,4,2,,,,,,,,,,,,,
3791,11,18,25,30000,,,20,,,30,45000,,,,
3791,12,10,,,,,,,,,,,,,
3792,1,7,,,1,270000,1,130,260000,20,40000,4,2,,
3792,2,2,,,,,,,,,,,,,
3792,3,3,,,1,270000,1,130,260000,20,40000,4,2,,
3792,4,2,,,,,,,,,,,,,
3792,6,2,,,,,1,60,150000,10,25000,4,,,
3792,8,2,,,,,1,60,150000,10,25000,4,,,
3792,11,15,30,45000,,,20,,,30,45000,,,,
3792,12,10,,,,,,,,,,,,,
3792,19,14,,,,,,,,,,,,,
3794,1,6,,,1,240000,1,120,240000,20,40000,4,2,,
3794,2,2,,,,,,,,,,,,,
3794,3,2,,,1,240000,1,120,240000,20,40000,4,2,,
3794,4,2,,,,,,,,,,,,,
3794,6,2,,,,,1,60,150000,10,25000,4,,,
3794,8,2,,,,,1,60,150000,10,25000,4,,,
3794,9,8,,,6,180000,1,15,30000,10,20000,2,,,
3794,11,20,40,60000,,,30,,,50,75000,,,,
3794,12,15,,,,,,,,,,,,,
3795,1,7,,,1,280000,1,120,240000,10,20000,2,4,,
3795,2,3,,,,,,,,,,,,,
3795,3,2,,,1,280000,1,120,240000,10,20000,2,4,,
3795,4,2,,,,,,,,,,,,,
3795,11,15,30,45000,,,20,,,30,50000,,,,
3795,12,10,,,,,,,,,,,,,
3796,1,3,,,,,1,140,280000,10,20000,4,,,
3796,2,1,,,,,,,,,,,,,
3796,3,1,,,,,1,140,280000,10,20000,4,,,
3796,4,1,,,,,,,,,,,,,
3796,11,10,25,35000,,,15,,,25,40000,,,,
3796,12,7,,,,,,,,,,,,,
3797,1,3,,,1,230000,,,,,,2,,,
3797,2,1,,,,,,,,,,,,,
3797,3,1,,,1,230000,,,,,,2,,,
3797,4,1,,,,,,,,,,,,,
3797,11,10,20,26000,,,15,,,24,35000,,,,
3797,12,5,,,,,,,,,,,,,
3799,1,2,,,1,140000,,,,,,2,,,
3799,2,1,,,,,,,,,,,,,
3799,3,,,,1,140000,,,,,,2,,,
3799,4,1,,,,,,,,,,,,,
3803,1,6,,,,,1,60,120000,15,30000,2,,,
3803,2,2,,,,,,,,,,,,,
3803,3,2,,,,,1,60,120000,15,30000,2,,,
3803,4,2,,,,,,,,,,,,,
3803,11,20,,,,,4,,,4,6000,,,,
3804,1,4,,,,,1,70,140000,10,20000,2,,,
3804,2,2,,,,,,,,,,,,,
3804,3,,,,,,1,70,140000,10,20000,2,,,
3804,4,2,,,,,,,,,,,,,
3813,11,20,,,,,,,,,,,,,
3813,12,15,,,,,,,,,,,,,
3814,11,30,,,,,,,,,,,,,
3814,12,25,,,,,,,,,,,,,
3815,1,2,,,,,,,,,,,,,
3815,2,1,,,,,,,,,,,,,
3815,4,1,,,,,,,,,,,,,
3815,11,13,,,,,,,,,,,,,
3815,12,10,,,,,,,,,,,,,
3816,1,2,,,,,,,,,,,,,
3816,2,1,,,,,,,,,,,,,
3816,4,1,,,,,,,,,,,,,
3816,11,15,,,,,,,,,,,,,
3816,12,10,,,,,,,,,,,,,
3817,11,14,,,,,4,,,7,10500,,,,
3817,12,14,,,,,4,,,7,10500,,,,
3818,11,6,,,,,2,,,3,5000,,,,
3818,12,6,,,,,2,,,3,5000,,,,
3818,19,14,,,,,,,,,,,,,
3819,11,15,,,,,2,,,3,5000,,,,
3819,12,15,,,,,2,,,3,5000,,,,
3820,1,6,,,2,580000,1,110,220000,30,60000,2,,,
3820,2,3,,,,,,,,,,,,,
3820,4,3,,,2,580000,1,110,220000,30,60000,2,,,
3820,6,3,,,8,560000,1,60,150000,20,50000,2,,,
3820,7,1,,,,,,,,,,,,,
3820,8,2,,,8,560000,1,60,150000,20,50000,2,,,
3821,11,20,,,,,3,,,5,8000,,,,
3821,12,20,,,,,3,,,5,8000,,,,
3822,1,14,,,4,1240000,2,200,400000,80,160000,2,,,
3822,2,8,,,,,,,,,,,,,
3822,4,6,,,4,1240000,2,200,400000,80,160000,2,,,
3822,6,8,,,12,2000000,4,260,650000,30,70000,2,,,
3822,7,2,,,,,,,,,,,,,
3822,8,6,,,12,2000000,4,260,650000,30,70000,2,,,
3822,11,20,,,,,,,,,,,,,
3822,12,20,,,,,,,,,,,,,
3823,11,19,,,,,3,,,5,8000,,,,
3823,12,19,,,,,3,,,5,8000,,,,
3824,1,2,,,1,300000,,,,,,2,,,
3824,2,1,,,,,,,,,,,,,
3824,4,1,,,1,300000,,,,,,2,,,
3824,11,12,,,,,2,,,4,6000,,,,
3824,12,12,,,,,2,,,4,6000,,,,
3825,11,10,,,,,4,,,7,10500,,,,
3825,12,10,,,,,4,,,7,10500,,,,
3842,19,5,,,,,,,,,,,,,
3843,11,10,,,,,,,,,,,,,
3843,12,10,,,,,,,,,,,,,
3845,9,5,,,,,2,,,23,58000,,,,
3845,10,1,,,,,,,,,,,,,
3845,19,9,,,,,,,,,,,,,
3846,1,2,,,,,,,,,,,,,
3846,2,1,,,,,,,,,,,,,
3846,4,1,,,,,,,,,,,,,
3846,19,7,,,,,,,,,,,,,
3848,1,2,,,,,,,,,,,,,
3848,2,1,,,,,,,,,,,,,
3848,4,1,,,,,,,,,,,,,
3848,6,2,,,,,,,,,,,,,
3848,8,2,,,,,,,,,,,,,
3848,11,8,,,,,2,,,3,4500,,,,
3848,12,8,,,,,2,,,3,4500,,,,
3848,19,3,,,,,,,,,,,,,
3850,1,2,,,,,1,,,90,110000,,,,
3850,2,1,,,,,,,,,,,,,
3850,4,1,,,,,1,,,90,110000,,,,
3850,10,1,,,,,,,,,,,,,
3850,11,8,,,,,2,,,2,3000,,,,
3850,12,8,,,,,2,,,2,3000,,,,
3851,1,8,,,,,,,,,,,,,
3851,2,4,,,,,,,,,,,,,
3851,4,4,,,,,,,,,,,,,
3853,1,3,,,,,,,,,,,,,
3853,2,1,,,,,,,,,,,,,
3853,3,1,,,,,,,,,,,,,
3853,4,1,,,,,,,,,,,,,
3853,11,50,,,,,7,,,10,17000,,,,
3853,12,25,,,,,7,,,10,17000,,,,
3855,11,17,,,,,4,,,7,11900,,,,
3855,12,17,,,,,4,,,7,11900,,,,
3855,13,8,,,,,3,,,4,10000,,,,
3855,14,8,,,,,3,,,4,10000,,,,
3856,1,,,,1,260000,1,60,120000,70,140000,2,,,
3856,2,,,,1,260000,1,60,120000,70,140000,2,,,
3856,11,50,,,,,5,,,8,13600,,,,
3856,12,25,,,,,5,,,8,13600,,,,
3856,13,10,,,,,4,,,5,12500,,,,
3856,14,10,,,,,4,,,5,12500,,,,
3857,11,10,,,,,4,,,6,10200,,,,
3857,12,10,,,,,4,,,6,10200,,,,
3858,1,2,,,,,1,80,144000,60,108000,2,,,
3858,2,1,,,,,,,,,,,,,
3858,3,,,,,,1,80,144000,60,108000,2,,,
3858,4,1,,,,,,,,,,,,,
3858,11,8,,,,,3,,,4,6800,,,,
3858,12,8,,,,,3,,,4,6800,,,,
3860,19,15,,,,,,,,,,,,,
3861,1,2,,,,,1,60,120000,80,160000,2,,,
3861,2,1,,,,,,,,,,,,,
3861,3,,,,,,1,60,120000,80,160000,2,,,
3861,4,1,,,,,,,,,,,,,
3861,6,,,,,,2,50,150000,,,2,,,
3861,8,,,,,,2,50,150000,,,2,,,
3861,11,15,,,,,4,,,7,12250,,,,
3861,12,10,,,,,4,,,7,12250,,,,
3871,1,,,,1,220000,,,,,,2,,,
3871,3,,,,1,220000,,,,,,2,,,
3871,6,2,2,50000,,,,,,,,,,,
3871,8,2,2,50000,,,,,,,,,,,
3871,9,8,,,4,100000,2,,,30,105000,2,,,
3871,11,10,,,,,7,,,8,20000,,,,
3871,12,10,,,,,7,,,8,20000,,,,
3876,11,15,,,,,10,,,11,27500,,,,
3876,12,15,,,,,10,,,11,27500,,,,
3878,11,5,,,,,3,,,4,10000,,,,
3878,12,5,,,,,3,,,4,10000,,,,
3879,6,2,,,,,2,80,280000,20,70000,2,,,
3879,8,2,,,,,,,,,,,,,
3879,11,10,,,,,7,,,8,20000,,,,
3879,12,10,,,,,7,,,8,20000,,,,
3884,6,2,2,60000,,,,,,,,,,,
3885,11,10,,,,,5,,,6,15000,,,,
3885,12,10,,,,,5,,,6,15000,,,,
3936,13,3,,,,,,,,,,,,,
3936,14,3,,,,,,,,,,,,,
4007,11,30,,,,,5,,,7,8400,,,,
4007,12,20,,,,,5,,,7,8400,,,,
4008,1,3,,,1,370000,,,,,,2,,,
4008,2,2,,,1,370000,,,,,,2,,,
4008,3,1,,,,,,,,,,,,,
4008,11,25,,,,,,,,,,,,,
4008,12,15,,,,,,,,,,,,,
4009,1,2,,,,,1,130,260000,20,40000,2,4,,
4009,2,2,,,,,,,,,,,,,
4009,3,,,,,,1,130,260000,20,40000,2,4,,
4009,9,10,,,4,160000,,,,,,1,2,8,
4009,11,15,,,,,,,,,,,,,
4009,12,10,,,,,,,,,,,,,
4010,1,5,,,,,2,240,480000,5,10000,2,4,,15
4010,2,4,,,,,,,,,,,,,
4010,3,1,,,,,2,240,480000,5,10000,2,4,,15
4010,6,2,2,80000,,,,,,,,,,,
4010,8,2,2,80000,,,,,,,,,,,
4010,9,20,,,5,200000,,,,,,1,2,,
4010,10,1,,,,,,,,,,,,,
4010,11,30,,,,,,,,,,,,,
4010,12,25,,,,,,,,,,,,,
4011,1,4,,,,,2,230,460000,10,20000,2,4,,12
4011,2,3,,,,,,,,,,,,,
4011,3,,,,,,2,230,460000,10,20000,2,4,,12
4011,4,1,,,,,,,,,,,,,
4011,6,3,,,1,70000,,,,,,2,,,
4011,8,3,,,1,70000,,,,,,2,,,
4011,9,15,,,6,240000,,,,,,2,8,,
4011,10,1,,,,,,,,,,,,,
4011,11,25,,,,,,,,,,,,,
4011,12,15,,,,,,,,,,,,,
4012,1,2,,,,,2,260,520000,4,8000,2,4,,7
4012,2,2,,,,,,,,,,,,,
4012,3,,,,,,2,260,520000,4,8000,2,4,,7
4012,11,22,,,,,,,,,,,,,
4012,12,17,,,,,,,,,,,,,
4013,1,6,,,2,500000,,,,,,2,,,
4013,2,3,,,,,,,,,,,,,
4013,3,2,,,2,500000,,,,,,2,,,
4013,4,1,,,,,,,,,,,,,
4013,6,3,,,,,1,60,180000,5,15000,3,,,
4013,8,3,,,,,1,60,180000,5,15000,3,,,
4013,9,15,,,,,,,,,,,,,
4013,11,20,,,,,,,,,,,,,
4013,12,12,,,,,,,,,,,,,
4014,1,4,,,,,1,160,320000,5,10000,2,,,10
4014,2,3,,,,,1,160,320000,5,10000,2,,,10
4014,4,1,,,,,,,,,,,,,
4014,9,17,,,6,270000,,,,,,2,8,,
4014,11,22,,,,,,,,,,,,,
4014,12,15,,,,,,,,,,,,,
4017,11,7,,,,,3,,,5,9000,,,,
4017,12,7,,,,,3,,,5,9000,,,,
4023,11,16,,,,,4,,,6,11000,,,,
4023,12,15,,,,,4,,,6,11000,,,,
4026,1,6,,,2,520000,2,280,560000,33,66000,2,8,9,
4026,2,2,,,1,340000,1,130,260000,17,34000,2,8,9,
4026,3,1,,,,,1,150,300000,16,32000,2,8,9,
4026,4,3,,,1,180000,,,,,,2,8,,
4026,11,15,,,,,7,,,10,18000,,,,
4026,12,15,,,,,7,,,10,18000,,,,
4027,1,6,,,3,700000,1,150,315000,16,33600,2,8,,
4027,2,3,,,1,350000,,,,,,2,8,,
4027,3,1,,,,,1,150,315000,16,33600,2,8,,
4027,4,2,,,2,350000,,,,,,2,8,,
4027,9,20,,,6,260000,1,,,12,28000,2,,,
4027,11,18,,,4,16000,4,,,6,11000,2,,,
4027,12,18,,,4,16000,4,,,6,11000,2,,,
4029,11,13,,,4,15000,3,,,5,9000,2,,,
4029,12,13,,,4,15000,3,,,5,9000,2,,,
4030,1,6,,,3,680000,2,275,550000,35,70000,2,8,,
4030,2,3,,,1,340000,1,125,250000,20,40000,2,8,,
4030,3,1,,,,,1,150,300000,15,30000,2,8,,
4030,4,2,,,2,340000,,,,,,2,8,,
4030,11,16,,,,,5,,,8,14500,,,,
4030,12,16,,,,,5,,,8,14500,,,,
4031,1,6,,,3,680000,1,155,325500,15,31500,2,8,,
4031,2,2,,,1,340000,,,,,,2,8,,
4031,3,1,,,,,1,155,325500,15,31500,2,8,,
4031,4,3,,,2,340000,,,,,,2,8,9,
4031,9,25,,,7,300000,1,,,14,35000,2,9,,
4031,11,16,,,5,20000,4,,,7,12600,2,,,
4031,12,16,,,5,20000,4,,,7,12600,2,,,
4032,1,7,,,2,510000,2,285,598500,34,71400,2,,,
4032,2,2,,,1,340000,1,135,283500,18,37800,2,,,
4032,3,1,,,,,1,150,315000,16,33600,2,,,
4032,4,4,,,1,170000,,,,,,2,,,
4032,11,17,,,,,5,,,7.5,13500,,,,
4032,12,17,,,,,5,,,7.5,13500,,,,
4033,1,1,,,,,,,,,,,,,
4033,2,1,,,,,,,,,,,,,
4033,6,1,1,50000,,,,,,,,,,,
4033,8,1,1,50000,,,,,,,,,,,
4033,11,10,,,,,5,,,6.5,9750,,,,
4033,12,10,,,,,5,,,6.5,9750,,,,
4035,11,20,,,,,,,,,,,,,
4035,12,20,,,,,,,,,,,,,
4035,13,2,,,,,,,,,,,,,
4035,14,2,,,,,,,,,,,,,
4036,11,10,,,,,,,,,,,,,
4038,11,18,,,,,,,,,,,,,
4038,12,8,,,,,,,,,,,,,
4040,11,6,,,,,4,,,6,9000,,,,
4040,12,6,,,,,4,,,6,9000,,,,
4046,11,10,,,,,2,,,3,6000,,,,
4046,12,10,,,,,2,,,3,6000,,,,
4047,11,4,,,,,2,,,2,3000,,,,
4047,12,4,,,,,2,,,2,3000,,,,
4049,11,10,,,,,,,,,,,,,
4049,12,10,,,,,,,,,,,,,
4079,1,5,,,,,,,,,,,,,
4079,2,4,,,,,,,,,,,,,
4079,3,1,,,,,,,,,,,,,
4079,11,15,,,,,,,,,,,,,
4079,12,15,,,,,,,,,,,,,
4085,1,3,,,,,,,,,,,,,
4085,2,2,,,,,,,,,,,,,
4085,3,1,,,,,,,,,,,,,
4089,11,20,,,,,,,,,,,,,
4089,12,20,,,,,,,,,,,,,
4117,1,2,,,,,,,,,,,,,
4117,2,1,,,,,,,,,,,,,
4117,4,1,,,,,,,,,,,,,
4117,11,10,5,10000,,,2,,,3,4500,,,,
4117,12,10,5,10000,,,2,,,3,4500,,,,
4122,1,2,,,1,100000,,,,,,2,,,
4122,2,1,,,,,,,,,,,,,
4122,3,,,,1,100000,,,,,,2,,,
4122,4,1,,,,,,,,,,,,,
4122,11,10,5,10000,,,2,,,2,3000,,,,
4122,12,10,5,10000,,,2,,,2,3000,,,,
4124,1,2,,,,,,,,,,,,,
4124,2,1,,,,,,,,,,,,,
4124,3,1,,,,,,,,,,,,,
4124,11,10,,,,,2,,,2,3000,,,,
4124,12,10,,,,,2,,,2,3000,,,,
4126,1,1,,,,,,,,,,,,,
4126,2,1,,,,,,,,,,,,,
4128,1,1,,,1,90000,,,,,,2,,,
4128,2,1,,,1,90000,,,,,,2,,,
4128,9,9,,,,,1,,,25,50000,,,,
4128,11,20,,,,,6,,,9,10000,,,,
4128,12,20,,,,,6,,,9,10000,,,,
4132,11,5,,,,,3,,,4.5,6750,,,,
4132,12,5,,,,,3,,,4.5,6750,,,,
4133,11,14,,,,,5,,,6,9000,,,,
4133,12,8,,,,,5,,,6,9000,,,,
4134,11,15,,,,,6,,,7.8,11700,,,,
4134,12,7,,,,,6,,,7.8,11700,,,,
4140,11,4,,,,,4,,,5.6,8400,,,,
4140,12,4,,,,,4,,,5.6,8400,,,,
4141,1,2,,,,,,,,,,,,,
4141,2,1,,,,,,,,,,,,,
4141,4,1,,,,,,,,,,,,,
4142,1,2,,,2,500000,,,,,,1,2,,
4142,2,1,,,2,500000,,,,,,1,2,,
4142,3,1,,,,,,,,,,,,,
4142,11,10,,,,,4,,,8,16000,,,,
4142,12,10,,,,,4,,,8,16000,,,,
4143,1,4,,,2,400000,,,,,,2,,,
4143,2,2,,,,,,,,,,,,,
4143,3,,,,2,400000,,,,,,2,,,
4143,4,2,,,,,,,,,,,,,
4143,6,,1,35000,,,1,30,90000,40,120000,2,,,
4143,8,,1,35000,,,,,,,,,,,
4143,11,12,,,,,10,,,20,40000,,,,
4143,12,12,,,,,10,,,20,40000,,,,
4144,1,1,,,1,250000,,,,,,2,,,
4144,2,,,,1,250000,,,,,,2,,,
4144,3,1,,,,,,,,,,,,,
4144,9,22,,,6,220000,2,,,30,60000,2,,,6
4144,11,4,,,,,2,,,4,8000,,,,
4144,12,4,,,,,2,,,4,8000,,,,
4145,1,1,,,,,,,,,,,,,
4145,2,1,,,,,,,,,,,,,
4145,9,4,,,12,420000,2,,,36,72000,2,,,
4145,11,10,10,5000,,,,,,,,,,,
4146,1,2,,,1,200000,1,40,100000,40,100000,2,9,,
4146,2,1,,,,,,,,,,,,,
4146,3,,,,1,200000,1,40,100000,40,100000,2,9,,
4146,4,1,,,,,,,,,,,,,
4146,11,15,,,,,7,,,14,25000,,,,
4146,12,15,,,,,7,,,14,25000,,,,
4147,1,4,,,,,1,,,80,200000,,,,
4147,2,2,,,,,,,,,,,,,
4147,4,2,,,,,1,,,80,200000,,,,
4147,11,25,,,,,15,,,30,60000,,,,
4147,12,5,,,,,15,,,30,60000,,,,
4148,1,2,,,,,,,,,,,,,
4148,2,1,,,,,,,,,,,,,
4148,4,1,,,,,,,,,,,,,
4148,11,10,,,,,5,,,10,20000,,,,
4148,12,10,,,,,5,,,10,20000,,,,
4150,1,4,,,,,,,,,,,,,
4150,2,2,,,,,,,,,,,,,
4150,4,2,,,,,,,,,,,,,
4150,6,1,,,,,,,,,,,,,
4150,8,1,,,,,,,,,,,,,
4150,11,12,,,,,3,,,3,4500,,,,
4150,12,12,,,,,3,,,3,4500,,,,
4151,1,2,,,,,,,,,,,,,
4151,2,1,,,,,,,,,,,,,
4151,4,1,,,,,,,,,,,,,
4151,6,1,,,,,,,,,,,,,
4151,8,1,,,,,,,,,,,,,
4151,11,10,,,,,,,,,,,,,
4151,12,10,,,,,,,,,,,,,
4152,1,2,,,,,,,,,,,,,
4152,2,1,,,,,,,,,,,,,
4152,4,1,,,,,,,,,,,,,
4152,6,,,,,,1,,,50,100000,,,,
4152,8,,,,,,1,,,50,100000,,,,
4152,11,8,,,,,,,,,,,,,
4152,12,8,,,,,,,,,,,,,
4153,1,3,,,,,,,,,,,,,
4153,2,1,,,,,,,,,,,,,
4153,4,2,,,,,,,,,,,,,
4153,11,15,,,,,,,,,,,,,
4153,12,15,,,,,,,,,,,,,
4155,1,3,,,,,,,,,,,,,
4155,2,2,,,,,,,,,,,,,
4155,4,1,,,,,,,,,,,,,
4155,11,10,,,,,2,,,3,4500,,,,
4155,12,10,,,,,2,,,3,4500,,,,
4157,1,1,,,1,80000,,,,,,3,,,
4157,2,1,,,,,,,,,,,,,
4157,4,,,,1,80000,,,,,,2,,,
4157,6,1,,,,,,,,,,,,,
4158,11,11,,,,,2,,,2,3000,,,,
4158,12,11,,,,,2,,,2,3000,,,,
4196,11,9,,,,,,,,,,,,,
4197,1,3,,,,,,,,,,,,,
4197,2,1,,,,,,,,,,,,,
4197,4,2,,,,,,,,,,,,,
4198,6,50,,,,,36,1400,3500000,40,100000,4,,,
4198,7,3,,,,,,,,,,,,,
4198,8,47,,,,,36,1400,3500000,40,100000,4,,,
4200,1,4,,,,,,,,,,,,,
4200,2,1,,,,,,,,,,,,,
4200,4,3,,,,,,,,,,,,,
4200,6,4,4,120000,,,2,50,125000,35,87000,2,,,
4200,8,4,4,120000,,,2,50,125000,35,87000,2,,,
4201,11,8,,,,,,,,,,,,,
4202,1,3,1,70000,,,,,,,,,,,
4202,2,1,,,,,,,,,,,,,
4202,4,2,1,70000,,,,,,,,,,,
4202,6,1,,,,,1,80,224000,,,2,,,
4202,8,1,,,,,1,80,224000,,,2,,,
4202,11,15,,,,,,,,,,,,,
4202,12,15,,,,,,,,,,,,,
4222,1,22,,,4,920000,2,270,500000,40,76000,2,4,,
4222,2,8,,,,,1,140,240000,20,36000,2,4,,
4222,3,8,,,4,920000,1,130,260000,20,40000,2,4,,
4222,4,6,,,,,,,,,,,,,
4222,6,5,,,2,60000,2,120,300000,20,50000,2,4,,
4222,7,1,,,,,,,,,,,,,
4222,8,4,,,2,60000,2,120,300000,20,50000,2,4,,
4222,9,160,,,70,2100000,4,60,120000,40,80000,2,4,,
4222,11,15,30,45000,,,15,,,25,40000,,,,
4222,12,10,,,,,,,,,,,,,
4223,1,16,,,2,460000,2,240,480000,20,40000,4,2,,
4223,2,4,,,,,,,,,,,,,
4223,3,8,,,2,460000,2,240,480000,20,40000,4,2,,
4223,4,4,,,,,,,,,,,,,
4223,6,3,,,3,70000,1,50,125000,10,25000,4,2,,
4223,7,1,,,,,,,,,,,,,
4223,8,2,,,3,70000,1,50,125000,10,25000,4,2,,
4223,11,10,20,26000,,,10,,,18,35000,,,,
4223,12,5,,,,,,,,,,,,,
4224,1,16,,,4,1100000,2,260,520000,30,60000,2,4,,
4224,2,5,,,,,,,,,,,,,
4224,3,7,,,4,1100000,2,260,520000,30,60000,2,4,,
4224,4,4,,,,,,,,,,,,,
4224,6,4,,,3,75000,2,100,250000,20,50000,2,4,,
4224,7,1,,,,,,,,,,,,,
4224,8,3,,,3,75000,2,100,250000,20,50000,2,4,,
4224,9,57,,,25,750000,3,45,90000,30,60000,2,4,,
4224,11,10,30,45000,,,20,,,35,55000,,,,
4224,12,6,,,,,,,,,,,,,
4225,1,10,,,2,470000,,,,,,2,,,
4225,2,4,,,,,,,,,,,,,
4225,3,3,,,2,470000,,,,,,2,,,
4225,4,3,,,,,,,,,,,,,
4225,9,65,,,30,960000,2,30,60000,10,20000,2,,,
4225,11,10,25,35000,,,15,,,25,35000,,,,
4225,12,5,,,,,,,,,,,,,
4226,1,24,,,4,580000,1,140,280000,20,40000,4,2,,
4226,2,11,,,,,,,,,,,,,
4226,3,5,,,2,480000,1,140,280000,20,40000,4,2,,
4226,4,8,,,2,100000,,,,,,2,,,
4226,6,1,1,25000,,,1,60,150000,10,25000,2,,,
4226,8,1,1,25000,,,1,60,150000,10,25000,2,,,
4226,11,20,30,45000,,,20,,,30,55000,,,,
4226,12,10,,,,,,,,,,,,,
4227,1,31,,,7,1270000,3,420,780000,30,58000,2,4,,
4227,2,9,,,,,1,140,220000,10,18000,4,,,
4227,3,15,,,5,1150000,2,280,560000,20,40000,2,4,,
4227,4,7,,,2,120000,,,,,,2,,,
4227,6,2,,,,,1,60,150000,10,25000,4,,,
4227,8,2,,,,,1,60,150000,10,25000,4,,,
4227,9,54,,,28,700000,2,30,60000,10,20000,4,2,,
4227,11,15,,,,,,,,,,,,,
4227,12,10,,,,,,,,,,,,,
4228,1,31,,,6,1500000,5,680,1320000,55,115000,4,2,,
4228,2,6,,,,,1,120,200000,15,35000,4,,,
4228,3,19,,,6,1500000,4,560,1120000,40,80000,4,2,,
4228,4,6,,,,,,,,,,,,,
4228,6,1,3,75000,,,2,120,300000,20,50000,4,,,
4228,8,1,3,75000,,,2,120,300000,20,50000,4,,,
4228,11,15,30,45000,,,20,,,30,50000,,,,
4228,12,12,,,,,,,,,,,,,
4229,1,39,2,360000,5,680000,4,610,1220000,50,100000,4,2,,
4229,2,20,2,360000,,,3,450,900000,30,60000,4,,,
4229,3,5,,,2,520000,1,160,320000,20,40000,2,4,,
4229,4,14,,,3,160000,,,,,,2,,,
4229,6,3,,,4,105000,1,40,100000,10,25000,4,2,,
4229,7,1,,,,,,,,,,,,,
4229,8,2,,,4,105000,1,40,100000,10,25000,4,2,,
4229,11,10,30,40000,,,20,,,35,50000,,,,
4229,12,5,,,,,,,,,,,,,
4230,1,37,,,6,1190000,2,260,460000,40,75000,4,2,,
4230,2,16,,,,,1,140,220000,20,35000,4,,,
4230,3,11,,,4,1100000,1,120,240000,20,40000,2,4,,
4230,4,10,,,2,90000,,,,,,2,,,
4230,6,1,1,25000,,,1,60,150000,10,25000,4,,,
4230,8,1,1,25000,,,1,60,150000,10,25000,4,,,
4230,9,36,,,14,520000,2,30,60000,20,40000,4,,,
4230,11,15,30,45000,,,20,,,30,50000,,,,
4230,12,10,,,,,,,,,,,,,
4231,1,10,,,,,2,150,300000,10,20000,2,,,
4231,2,4,,,,,,,,,,,,,
4231,3,2,,,,,2,150,300000,10,20000,2,,,
4231,4,4,,,,,,,,,,,,,
4231,9,40,,,,,1,,,20,30000,,,,
4231,11,35,,,,,5,,,5,7500,,,,
4231,12,35,,,,,5,,,5,7500,,,,
4231,19,25,,,,,,,,,,,,,
4232,1,4,,,,,2,140,280000,10,20000,2,,,
4232,2,2,,,,,,,,,,,,,
4232,3,,,,,,2,140,280000,10,20000,2,,,
4232,4,2,,,,,,,,,,,,,
4232,11,40,,,,,5,,,5,7500,,,,
4232,12,40,,,,,5,,,5,7500,,,,
4233,1,12,,,,,2,160,320000,10,20000,2,,,
4233,2,5,,,,,,,,,,,,,
4233,3,2,,,,,2,160,320000,10,20000,2,,,
4233,4,5,,,,,,,,,,,,,
4234,1,10,,,2,220000,1,70,140000,10,20000,2,,,
4234,2,4,,,,,,,,,,,,,
4234,3,2,,,2,220000,1,70,140000,10,20000,2,,,
4234,4,4,,,,,,,,,,,,,
4234,6,5,,,,,,,,,,,,,
4234,7,1,,,,,,,,,,,,,
4234,8,4,,,,,,,,,,,,,
4234,9,5,,,,,,,,,,,,,
4234,11,30,,,,,8,,,8,12000,,,,
4234,12,30,,,,,8,,,8,12000,,,,
4234,19,10,,,,,,,,,,,,,
4235,1,3,,,1,60000,1,70,140000,10,20000,2,,,
4235,2,2,,,,,,,,,,,,,
4235,3,,,,,,1,70,140000,10,20000,2,,,
4235,4,1,,,1,60000,,,,,,2,,,
4235,9,10,,,,,,,,,,,,,
4235,11,20,,,,,3,,,3,4500,,,,
4235,12,20,,,,,3,,,3,4500,,,,
4236,1,3,,,,,1,75,150000,15,30000,2,,,
4236,2,1,,,,,,,,,,,,,
4236,3,1,,,,,1,75,150000,15,30000,2,,,
4236,4,1,,,,,,,,,,,,,
4236,9,26,,,,,,,,,,,,,
4236,11,40,,,,,4,7,10500,7,10500,2,,,
4236,12,40,,,,,4,7,10500,7,10500,2,,,
4236,19,12,,,,,,,,,,,,,
4237,1,15,,,,,3,220,440000,15,30000,2,,,
4237,2,6,,,,,,,,,,,,,
4237,3,3,,,,,3,220,440000,15,30000,2,,,
4237,4,6,,,,,,,,,,,,,
4237,9,12,,,,,,,,,,,,,
4237,10,1,,,,,,,,,,,,,
4237,11,30,,,,,5,,,5,7500,,,,
4237,12,30,,,,,5,,,5,7500,,,,
4239,1,13,,,,,3,215,430000,10,20000,2,,,
4239,2,6,,,,,,,,,,,,,
4239,3,1,,,,,3,215,430000,10,20000,2,,,
4239,4,6,,,,,,,,,,,,,
4239,9,30,,,,,1,,,20,50000,,,,
4239,11,40,,,,,5,,,5,7500,,,,
4239,12,40,,,,,5,,,5,7500,,,,
4248,11,13,,,,,,,,,,,,,
4248,12,10,,,,,,,,,,,,,
4267,19,10,,,,,,,,,,,,,
4276,1,2,,,,,1,125,225000,15,27000,2,,,
4276,2,1,,,,,,,,,,,,,
4276,4,1,,,,,1,125,225000,15,27000,2,,,
4276,11,20,,,,,10,,,12,24000,,,,
4276,12,20,,,,,10,,,12,24000,,,,
4276,19,20,,,,,,,,,,,,,
4277,1,3,,,,,,,,,,,,,
4277,2,1,,,,,,,,,,,,,
4277,4,2,,,,,,,,,,,,,
4277,11,15,,,,,5,,,5,10000,,,,
4277,12,15,,,,,5,,,5,10000,,,,
4278,1,4,,,,,1,60,108000,30,54000,2,,,
4278,2,1,,,,,,,,,,,,,
4278,4,3,,,,,1,60,108000,30,54000,2,,,
4278,11,12,,,,,6,,,8,16000,,,,
4278,12,12,,,,,6,,,8,16000,,,,
4279,1,2,,,,,1,130,234000,,,2,,,
4279,2,1,,,,,1,130,234000,,,2,,,
4279,4,1,,,,,,,,,,,,,
4279,11,17,,,,,2,,,2,4000,,,,
4279,12,10,,,,,2,,,2,4000,,,,
4279,13,2,,,,,2,,,3,7500,,,,
4279,14,2,,,,,2,,,3,7500,,,,
4280,1,1,,,,,,,,,,,,,
4280,2,1,,,,,,,,,,,,,
4280,6,1,,,,,,,,,,,,,
4280,8,1,,,,,,,,,,,,,
4280,11,11,,,,,5,,,5,10000,,,,
4280,12,6,,,,,5,,,5,10000,,,,
4281,1,2,,,,,1,,,80,160000,,,,
4281,2,1,,,,,,,,,,,,,
4281,4,1,,,,,1,,,80,160000,,,,
4282,1,2,,,,,,,,,,,,,
4282,2,1,,,,,,,,,,,,,
4282,4,1,,,,,,,,,,,,,
4282,11,10,,,,,4,,,5,10000,,,,
4282,12,10,,,,,4,,,5,10000,,,,
4282,13,3,,,,,,,,,,,,,
4282,14,3,,,,,,,,,,,,,
4283,1,4,,,,,2,,,140,280000,,,,
4283,2,2,,,,,,,,,,,,,
4283,4,2,,,,,2,,,140,280000,,,,
4283,11,10,,,,,1,,,1,2000,,,,
4283,12,10,,,,,1,,,1,2000,,,,
4283,19,25,,,,,,,,,,,,,
4284,1,1,,,,,,,,,,,,,
4284,2,1,,,,,,,,,,,,,
4284,11,10,,,,,2,,,2,4000,,,,
4284,12,10,,,,,2,,,2,4000,,,,
4286,1,4,,,,,1,60,108000,80,144000,2,,,
4286,2,2,,,,,,,,,,,,,
4286,3,1,,,,,1,60,108000,80,144000,2,,,
4286,4,1,,,,,,,,,,,,,
4286,11,15,,,,,4,,,6,10200,,,,
4286,12,15,,,,,4,,,6,10200,,,,
4287,11,8,,,,,2,,,3,5100,,,,
4287,12,8,,,,,2,,,3,5100,,,,
4288,1,9,,,,,2,80,144000,120,216000,2,,,
4288,2,3,,,,,,,,,,,,,
4288,3,2,,,,,1,80,144000,60,108000,2,,,
4288,4,4,,,,,1,,,60,108000,,,,
4288,9,7,,,,,1,,,22,55000,,,,
4288,11,10,,,,,3,,,4,6800,,,,
4288,12,10,,,,,3,,,4,6800,,,,
4289,1,2,,,,,,,,,,,,,
4289,2,1,,,,,,,,,,,,,
4289,4,1,,,,,,,,,,,,,
4289,11,14,,,,,4,,,5,10500,,,,
4289,12,10,,,,,4,,,5,10500,,,,
4291,1,9,,,,,2,170,306000,100,180000,2,,,
4291,2,4,,,,,1,40,72000,80,144000,2,,,
4291,3,1,,,,,1,130,234000,20,36000,2,,,
4291,4,4,,,,,,,,,,,,,
4291,9,10,,,2,80000,1,,,25,62500,2,,,
4291,11,10,,,,,4,,,6,9900,,,,
4291,12,10,,,,,4,,,6,9900,,,,
4292,1,2,,,,,,,,,,,,,
4292,2,1,,,,,,,,,,,,,
4292,4,1,,,,,,,,,,,,,
4292,11,15,,,,,4,,,6,10200,,,,
4292,12,15,,,,,4,,,6,10200,,,,
4293,1,3,,,,,1,70,140000,70,140000,2,,,
4293,2,2,,,,,,,,,,,,,
4293,3,,,,,,1,70,140000,70,140000,2,,,
4293,4,1,,,,,,,,,,,,,
4293,9,2,,,,,,,,,,,,,
4293,11,15,,,2,10000,5,,,9,15300,2,,,
4293,12,15,,,2,10000,5,,,9,15300,2,,,
4294,1,4,,,2,330000,,,,,,2,,,
4294,2,2,,,,,,,,,,,,,
4294,4,2,,,2,330000,,,,,,2,,,
4294,6,1,1,40000,,,1,40,120000,20,60000,2,,,
4294,8,1,1,40000,,,,,,,,,,,
4294,11,15,,,,,3,,,4.5,6250,,,,
4294,12,15,,,,,3,,,4.5,6250,,,,
4295,1,2,,,2,290000,,,,,,2,,,
4295,2,1,,,1,170000,,,,,,2,,,
4295,4,1,,,1,120000,,,,,,2,,,
4295,6,1,1,35000,,,,,,,,,,,
4295,8,1,1,35000,,,,,,,,,,,
4295,11,20,,,,,4,,,6,15000,,,,
4295,12,10,,,,,,,,,,,,,
4296,1,3,,,2,500000,,,,,,2,,,
4296,2,1,,,1,230000,,,,,,2,,,
4296,4,2,,,1,270000,,,,,,2,,,
4296,6,2,2,70000,,,1,50,150000,20,60000,2,,,
4296,8,,2,70000,,,,,,,,,,,
4296,11,30,,,,,5,,,6,15000,,,,
4296,12,20,,,,,,,,,,,,,
4296,13,1,,,,,,,,,,,,,
4296,14,1,,,,,,,,,,,,,
4296,19,3,,,,,,,,,,,,,
4297,1,4,,,2,250000,,,,,,2,,,
4297,2,2,,,,,,,,,,,,,
4297,4,2,,,2,250000,,,,,,2,,,
4297,6,2,2,60000,,,1,,,60,180000,,,,
4297,8,2,2,60000,,,,,,,,,,,
4297,11,15,,,,,,,,,,,,,
4297,12,10,,,,,,,,,,,,,
4298,6,2,2,80000,,,1,,,90,270000,,,,
4298,8,2,2,80000,,,,,,,,,,,
4298,11,30,,,,,5,,,6,9000,,,,
4298,12,15,,,,,5,,,6,9000,,,,
4298,19,10,,,,,,,,,,,,,
4299,1,6,,,,,,,,,,,,,
4299,2,2,,,,,,,,,,,,,
4299,4,4,,,,,,,,,,,,,
4299,11,19,,,,,6,,,9,13500,,,,
4299,12,15,,,,,6,,,9,13500,,,,
4300,1,2,,,1,200000,,,,,,2,,,
4300,2,1,,,,,,,,,,,,,
4300,4,1,,,1,200000,,,,,,2,,,
4300,6,1,1,40000,,,,,,,,,,,
4300,8,1,1,40000,,,,,,,,,,,
4301,11,20,,,,,3,,,3,7500,,,,
4301,12,12,,,,,,,,,,,,,
4301,19,3,,,,,,,,,,,,,
4302,6,,1,30000,,,1,,,30,90000,,,,10
4302,8,,1,30000,,,,,,,,,,,
4302,11,10,,,,,2,,,3,7500,,,,
4302,12,10,,,,,2,,,3,7500,,,,
4304,1,4,,,1,130000,,,,,,2,,,
4304,2,2,,,,,,,,,,,,,
4304,4,2,,,,,,,,,,,,,
4304,11,3,,,,,5,,,6,9000,,,,
4304,12,3,,,,,5,,,6,9000,,,,
4305,11,4,,,,,2,,,2.5,4000,,,,
4305,12,4,,,,,2,,,2.5,4000,,,,
4307,1,2,,,1,150000,,,,,,2,,,
4307,2,1,,,,,,,,,,,,,
4307,4,1,,,,,,,,,,,,,
4307,6,1,,,,,,,,,,,,,
4307,7,1,,,,,,,,,,,,,
4307,11,20,,,,,3,,,6,9000,,,,
4307,12,20,,,,,3,,,6,9000,,,,
4308,19,1,,,,,,,,,,,,,
4310,6,2,2,60000,,,,,,,,,,,
4310,8,2,2,60000,,,,,,,,,,,
4311,1,2,,,2,300000,,,,,,2,,,
4311,2,1,,,,,,,,,,,,,
4311,4,1,,,,,,,,,,,,,
4311,11,7,,,,,2,,,3,4500,,,,
4311,12,7,,,,,2,,,3,4500,,,,
4313,6,2,,,6,180000,,,,,,2,,,
4313,7,1,,,,,,,,,,,,,
4313,8,,,,6,180000,,,,,,2,,,
4313,11,10,,,,,3,,,3,7500,,,,
4313,12,10,,,,,3,,,3,7500,,,,
4315,1,10,,,5,780000,,,,,,2,,,
4315,2,5,,,,,,,,,,,,,
4315,3,1,,,,,,,,,,,,,
4315,6,2,,,,,,,,,,,,,
4316,1,5,,,2,300000,,,,,,2,,,
4316,2,3,,,,,,,,,,,,,
4316,11,15,,,,,4,,,5,12500,,,,
4316,12,15,,,,,4,,,5,12500,,,,
4318,1,7,,,2,270000,,,,,,2,4,,
4318,2,3,,,,,,,,,,,,,
4318,3,4,,,,,,,,,,,,,
4318,4,,,,2,270000,,,,,,2,4,,
4318,6,3,1,30000,,,2,60,195000,50,160000,4,,,
4318,8,,1,30000,,,,,,,,,,,
4318,11,30,40,20000,,,10,,,10,25000,,,,
4318,12,30,,,,,,,,,,,,,
4319,11,9,,,,,5,,,6,9000,,,,
4319,12,9,,,,,5,,,6,9000,,,,
4438,1,7,,,,,3,330,660000,5,10000,2,4,,15
4438,2,4,,,,,,,,,,,,,
4438,3,3,,,,,3,330,660000,5,10000,2,4,,15
4438,6,4,,,,,2,140,420000,4,12000,2,4,,
4438,8,4,,,,,2,140,420000,4,12000,2,4,,
4438,9,20,,,6,180000,,,,,,1,2,,
4438,10,2,,,,,,,,,,,,,
4438,11,20,,,,,,,,,,,,,
4438,12,15,,,,,,,,,,,,,
4439,1,6,,,,,2,240,480000,6,12000,2,4,,12
4439,2,4,,,,,,,,,,,,,
4439,3,,,,,,2,240,480000,6,12000,2,4,,12
4439,6,3,,,2,160000,,,,,,2,8,,
4439,8,3,,,2,160000,,,,,,2,8,,
4439,9,15,,,5,200000,,,,,,1,2,8,
4439,11,30,,,,,,,,,,,,,
4439,12,25,,,,,,,,,,,,,
4440,1,4,,,,,2,220,440000,6,12000,2,4,,7
4440,2,3,,,,,,,,,,,,,
4440,3,1,,,,,2,220,440000,6,12000,2,4,,7
4440,11,18,,,,,4,,,8,9600,,,,
4440,12,10,,,,,4,,,8,9600,,,,
4442,1,6,,,,,3,330,660000,7,14000,2,4,,12
4442,2,3,,,,,,,,,,,,,
4442,3,2,,,,,3,330,660000,7,14000,2,4,,12
4442,4,1,,,,,,,,,,,,,
4442,6,2,,,5,150000,,,,,,2,8,,
4442,7,1,,,,,,,,,,,,,
4442,8,1,,,5,150000,,,,,,2,8,,
4442,9,17,,,4,160000,3,50,150000,5,15000,1,2,8,
4442,10,2,,,,,,,,,,,,,
4442,11,25,,,,,,,,,,,,,
4442,12,20,,,,,,,,,,,,,
4443,1,1,,,1,80000,,,,,,2,,,
4443,2,1,,,,,,,,,,,,,
4443,3,,,,1,80000,,,,,,2,,,
4443,11,12,,,,,,,,,,,,,
4443,12,5,,,,,,,,,,,,,
4444,1,5,1,340000,2,160000,1,110,220000,5,10000,2,3,,8
4444,2,4,1,340000,,,,,,,,,,,
4444,3,,,,,,1,110,220000,5,10000,2,3,,8
4444,4,1,,,2,160000,,,,,,2,,,
4444,6,4,,,,,2,120,360000,,,1,2,3,
4444,7,1,,,,,,,,,,,,,
4444,8,3,,,,,2,120,360000,,,1,2,3,
4444,9,15,,,,,,,,,,,,,
4444,11,22,,,,,,,,,,,,,
4444,12,15,,,,,,,,,,,,,
4445,1,4,,,,,3,370,740000,8,16000,3,4,,
4445,2,3,,,,,,,,,,,,,
4445,3,1,,,,,3,370,740000,8,16000,3,4,,
4445,6,3,3,105000,,,,,,,,,,,
4445,8,3,3,105000,,,,,,,,,,,
4445,9,20,,,,,4,100,250000,10,25000,1,3,,
4445,11,33,,,,,,,,,,,,,
4445,12,25,,,,,,,,,,,,,
4446,1,7,,,3,750000,,,,,,2,,,
4446,2,5,,,,,,,,,,,,,
4446,3,2,,,3,750000,,,,,,2,,,
4446,6,2,2,70000,,,,,,,,,,,
4446,8,2,2,70000,,,,,,,,,,,
4446,9,25,,,6,240000,2,40,120000,5,15000,2,3,,4
4446,10,1,,,,,,,,,,,,,
4446,11,35,,,,,,,,,,,,,
4446,12,25,,,,,4,,,5,6000,,,,3
4447,1,6,,,2,510000,2,290,580000,30,60000,2,8,,
4447,2,2,,,1,340000,1,135,270000,15,30000,2,8,,
4447,3,1,,,,,1,155,310000,15,30000,2,8,,
4447,4,3,,,1,170000,,,,,,2,8,,
4447,11,16,,,,,5,,,8,14400,,,,
4447,12,13,,,,,5,,,8,14400,,,,
4449,1,5,,,4,830000,2,265,556500,29,60900,2,8,,
4449,2,2,,,1,330000,1,125,262500,15,31500,2,8,,
4449,3,1,,,,,1,140,294000,14,29400,2,8,,
4449,4,2,,,3,500000,,,,,,2,8,,
4449,9,30,,,6,260000,1,,,14,35000,2,,,
4449,11,16,,,,,5,,,8,14400,,,,
4449,12,16,,,,,5,,,8,14400,,,,
4450,1,5,,,3,680000,2,265,556500,23,48300,2,8,,
4450,2,2,,,1,340000,1,125,262500,10,21000,2,8,,
4450,3,1,,,,,1,140,294000,13,27300,2,8,,
4450,4,2,,,2,340000,,,,,,2,8,,
4450,11,15,,,,,5,,,8,14400,,,,
4450,12,15,,,,,5,,,8,14400,,,,
4452,1,6,,,3,700000,1,140,294000,15,31500,2,8,,
4452,2,3,,,1,350000,,,,,,2,8,,
4452,3,1,,,,,1,140,294000,15,31500,2,8,,
4452,4,2,,,2,350000,,,,,,2,8,,
4452,9,18,,,5,225000,1,,,14,35000,2,,,
4452,11,16,,,,,5,,,8,15000,,,,
4452,12,16,,,,,5,,,8,15000,,,,
4454,11,14,,,,,4,,,6,11000,,,,
4454,12,14,,,,,4,,,6,11000,,,,
4466,11,8,,,,,,,,,,,,,
4468,11,15,,,,,4,,,8,12000,,,,
4468,12,15,,,,,4,,,8,12000,,,,
4472,9,50,,,10,400000,5,60,132000,40,88000,2,,,
4472,11,20,,,,,10,,,20,28000,,,,
4472,12,20,,,,,10,,,20,28000,,,,
4475,11,30,,,,,5,,,8,10000,,,,
4475,12,30,,,,,5,,,8,10000,,,,
4477,11,10,,,,,,,,,,,,,
4477,12,10,,,,,,,,,,,,,
4477,13,10,,,,,2,,,3,6000,,,,
4477,14,10,,,,,2,,,3,6000,,,,
4478,6,3,,,,,1,,,15,30000,,,,
4478,8,3,,,,,1,,,15,30000,,,,
4478,11,10,,,,,4,,,5.4,8000,,,,
4478,12,10,,,,,4,,,5.4,8000,,,,
4481,1,2,,,,,1,135,270000,15,30000,2,,,
4481,2,1,,,,,1,135,270000,15,30000,2,,,
4481,3,1,,,,,,,,,,,,,
4481,11,10,,,,,2,,,3,4600,,,,
4481,12,10,,,,,2,,,3,4600,,,,
4511,11,10,,,,,,,,,,,,,
4511,12,10,,,,,,,,,,,,,
4512,11,10,,,,,,,,,,,,,
4512,12,10,,,,,,,,,,,,,
4516,11,18,,,,,,,,,,,,,
4516,12,18,,,,,,,,,,,,,
4517,11,15,,,,,,,,,,,,,
4517,12,15,,,,,,,,,,,,,
4518,6,2,,,,,,,,,,,,,
4518,8,2,,,,,,,,,,,,,
4518,11,30,,,,,,,,,,,,,
4518,12,28,,,,,,,,,,,,,
4519,11,25,,,,,,,,,,,,,
4519,12,25,,,,,,,,,,,,,
4524,6,1,1,35000,,,,,,,,,,,
4524,8,1,1,35000,,,,,,,,,,,
4524,11,20,,,,,,,,,,,,,
4524,12,20,,,,,,,,,,,,,
4547,1,3,,,2,200000,,,,,,2,,,
4547,2,1,,,,,,,,,,,,,
4547,4,2,,,2,200000,,,,,,2,,,
4547,11,8,,,,,,,,,,,,,
4547,12,8,,,,,,,,,,,,,
4548,1,2,,,1,80000,,,,,,2,,,
4548,2,1,,,,,,,,,,,,,
4548,4,1,,,1,80000,,,,,,2,,,
4548,9,5,,,,,,,,,,,,,
4548,11,10,10,20000,,,2,,,3,4500,,,,
4548,12,10,10,20000,,,2,,,3,4500,,,,
4550,1,2,,,1,100000,,,,,,2,,,
4550,2,1,,,,,,,,,,,,,
4550,4,1,,,1,100000,,,,,,2,,,
4550,11,10,,,,,2,,,3,4500,,,,
4550,12,10,,,,,2,,,3,4500,,,,
4554,1,4,,,1,100000,,,,,,2,,,
4554,2,2,,,,,,,,,,,,,
4554,4,2,,,1,100000,,,,,,2,,,
4554,11,12,5,10000,,,1,,,1.5,4000,,,,
4554,12,12,5,10000,,,1,,,1.5,4000,,,,
4556,1,4,,,1,100000,,,,,,2,,,
4556,2,2,,,,,,,,,,,,,
4556,3,1,,,,,,,,,,,,,
4556,4,1,,,1,100000,,,,,,2,,,
4556,11,20,,,,,2,,,3,4000,,,,
4556,12,20,,,,,2,,,3,4000,,,,
4556,13,6,,,,,2,,,4,5000,,,,
4556,14,6,,,,,2,,,4,5000,,,,
4558,1,2,,,2,160000,,,,,,2,,,
4558,2,2,,,,,,,,,,,,,
4558,3,,,,,,,,,,,,,,
4558,4,,,,2,160000,,,,,,,,,
4558,9,10,,,,,2,,,60,120000,,,,
4558,11,10,,,,,2,,,3,4000,,,,
4558,12,10,,,,,2,,,3,4000,,,,
4560,1,2,,,,,,,,,,,,,
4560,2,1,,,,,,,,,,,,,
4560,4,1,,,,,,,,,,,,,
4560,9,6,,,,,,,,,,,,,
4560,11,10,,,,,2,,,2,4000,,,,
4560,12,10,,,,,2,,,2,4000,,,,
4561,1,2,,,1,100000,,,,,,5,,,
4561,2,1,,,,,,,,,,,,,
4561,4,1,,,1,100000,,,,,,5,,,
4561,9,10,,,,,2,,,52,104000,,,,
4561,11,10,,,,,2,,,4,4000,,,,
4561,12,10,,,,,2,,,4,4000,,,,
4562,1,2,,,2,160000,,,,,,2,,,
4562,2,2,,,,,,,,,,,,,
4562,3,,,,,,,,,,,,,,
4562,4,,,,2,160000,,,,,,,,,
4562,9,10,,,,,1,,,40,72000,,,,
4562,11,10,,,,,3,,,4,4000,,,,
4562,12,10,,,,,3,,,4,4000,,,,
4563,1,1,,,1,100000,,,,,,2,,,
4563,2,1,,,,,,,,,,,,,
4563,4,,,,1,100000,,,,,,2,,,
4563,11,10,,,,,2,,,6,9000,,,,
4563,12,10,,,,,2,,,6,9000,,,,
4573,1,2,,,2,130000,,,,,,1,2,,
4573,2,2,,,,,,,,,,,,,
4573,4,,,,2,130000,,,,,,1,2,,
4573,6,1,1,40000,,,1,60,180000,40,120000,2,9,,
4573,8,,1,40000,,,,,,,,,,,
4573,11,25,,,,,10,,,15,24000,,,,
4573,12,25,,,,,,,,,,,,,
4574,1,2,,,1,250000,,,,,,1,2,,
4574,2,1,,,1,250000,,,,,,1,2,,
4574,3,1,,,,,,,,,,,,,
4574,11,5,,,,,2,,,4,8000,,,,
4574,12,5,,,,,2,,,4,8000,,,,
4578,11,10,10,5000,,,,,,,,,,,
4581,11,9,10,6000,,,1,,,1.5,3000,,,,
4591,1,3,,,1,15000,,,,,,2,,,
4591,2,2,,,,,,,,,,,,,
4591,4,1,,,1,15000,,,,,,2,,,
4591,9,5,5,150000,,,,,,,,,,,
4591,10,,,,1,150000,,,,,,2,,,
4595,1,1,,,1,35000,,,,,,2,,,
4595,2,1,,,,,,,,,,,,,
4595,4,,,,1,35000,,,,,,2,,,
4599,1,1,,,1,140000,,,,,,2,,,
4599,2,,,,1,140000,,,,,,2,,,
4599,4,1,,,,,,,,,,,,,
4618,11,15,,,,,,,,,,,,,
4618,12,15,,,,,,,,,,,,,
4620,1,4,,,,,,,,,,,,,
4620,2,2,,,,,,,,,,,,,
4620,4,2,,,,,,,,,,,,,
4622,1,4,,,,,,,,,,,,,
4622,2,2,,,,,,,,,,,,,
4622,4,2,,,,,,,,,,,,,
4622,6,2,,,,,,,,,,,,,
4622,11,8,,,,,,,,,,,,,
4622,12,8,,,,,,,,,,,,,
4624,1,1,,,,,,,,,,,,,
4624,4,1,,,,,,,,,,,,,
4626,11,10,,,,,,,,,,,,,
4626,12,10,,,,,,,,,,,,,
4655,1,8,,,2,520000,,,,,,2,,,
4655,2,3,,,,,,,,,,,,,
4655,3,3,,,2,520000,,,,,,2,,,
4655,4,2,,,,,,,,,,,,,
4655,11,14,30,45000,,,20,,,35,55000,,,,
4655,12,8,,,,,,,,,,,,,
4657,1,6,,,1,240000,,,,,,2,,,
4657,2,2,,,,,,,,,,,,,
4657,3,2,,,1,240000,,,,,,2,,,
4657,4,2,,,,,,,,,,,,,
4657,11,15,30,45000,,,20,,,45,55000,,,,
4657,12,10,,,,,,,,,,,,,
4658,1,10,,,1,210000,1,100,200000,20,40000,2,4,,
4658,2,3,,,,,,,,,,,,,
4658,3,4,,,1,210000,1,100,200000,20,40000,2,4,,
4658,4,3,,,,,,,,,,,,,
4658,11,15,30,45000,,,20,,,35,50000,,,,
4658,12,10,,,,,,,,,,,,,
4660,1,4,,,1,230000,,,,,,2,,,
4660,2,1,,,,,,,,,,,,,
4660,3,2,,,1,230000,,,,,,2,,,
4660,4,1,,,,,,,,,,,,,
4660,11,14,25,35000,,,20,,,30,45000,,,,
4660,12,10,,,,,,,,,,,,,
4661,1,9,,,1,240000,1,130,260000,10,20000,2,4,,
4661,2,3,,,,,,,,,,,,,
4661,3,4,,,1,240000,1,130,260000,10,20000,2,4,,
4661,4,2,,,,,,,,,,,,,
4661,6,2,2,50000,,,1,60,250000,10,25000,4,,,
4661,8,2,2,50000,,,1,60,250000,10,25000,4,,,
4661,11,20,30,45000,,,20,,,30,50000,,,,
4661,12,10,,,,,,,,,,,,,
4664,1,15,,,,,3,200,400000,15,30000,2,,,
4664,2,6,,,,,,,,,,,,,
4664,3,3,,,,,3,200,400000,15,30000,2,,,
4664,4,6,,,,,,,,,,,,,
4664,6,9,,,,,,,,,,,,,
4664,7,1,,,,,,,,,,,,,
4664,8,8,,,,,,,,,,,,,
4664,9,8,,,,,,,,,,,,,
4664,11,30,,,,,5,,,5,7500,,,,
4664,12,30,,,,,5,,,5,7500,,,,
4665,1,7,,,1,60000,1,70,140000,5,10000,2,,,
4665,2,4,,,,,,,,,,,,,
4665,3,,,,,,1,70,140000,5,10000,2,,,
4665,4,3,,,1,60000,,,,,,2,,,
4665,11,20,,,,,3,,,3,4500,,,,
4665,12,20,,,,,3,,,3,4500,,,,
4666,1,8,,,,,1,70,140000,10,20000,2,,,
4666,2,4,,,,,,,,,,,,,
4666,3,,,,,,1,70,140000,10,20000,2,,,
4666,4,4,,,,,,,,,,,,,
4666,9,10,,,,,,,,,,,,,
4666,11,40,,,,,5,,,5,7500,,,,
4666,12,40,,,,,5,,,5,7500,,,,
4667,1,12,,,,,2,150,300000,15,30000,2,,,
4667,2,5,,,,,,,,,,,,,
4667,3,2,,,,,2,150,300000,15,30000,2,,,
4667,4,5,,,,,,,,,,,,,
4667,6,4,,,,,,,,,,,,,
4667,7,1,,,,,,,,,,,,,
4667,8,3,,,,,,,,,,,,,
4667,11,30,,,,,6,,,6,9000,,,,
4667,12,30,,,,,6,,,6,9000,,,,
4668,1,2,,,,,,,,,,,,,
4668,2,1,,,,,,,,,,,,,
4668,4,1,,,,,,,,,,,,,
4670,1,6,,,,,1,75,150000,10,20000,2,,,
4670,2,3,,,,,,,,,,,,,
4670,3,1,,,,,1,75,150000,10,20000,2,,,
4670,4,2,,,,,,,,,,,,,
4670,6,4,,,,,,,,,,,,,
4670,8,4,,,,,,,,,,,,,
4670,11,20,,,,,4,,,4,6000,,,,
4670,12,20,,,,,4,,,4,6000,,,,
4670,19,10,,,,,,,,,,,,,
4671,1,10,,,,,2,150,300000,10,20000,2,,,
4671,2,4,,,,,,,,,,,,,
4671,3,2,,,,,2,150,300000,10,20000,2,,,
4671,4,4,,,,,,,,,,,,,
4671,11,30,,,,,3,,,3,4500,,,,
4671,12,30,,,,,,,,,,,,,
4681,1,7,,,2,520000,1,120,220000,50,90000,2,,,
4681,2,4,,,,,,,,,,,,,
4681,4,3,,,2,520000,1,120,220000,50,90000,2,,,
4681,9,15,,,8,250000,4,,,80,165000,1,2,8,
4681,11,12,,,,,3,,,5,8000,,,,
4681,12,12,,,,,3,,,5,8000,,,,
4682,1,1,,,1,260000,,,,,,2,,,
4682,2,1,,,,,,,,,,,,,
4682,4,,,,1,260000,,,,,,2,,,
4682,9,15,,,6,260000,2,,,35,74000,1,2,,
4682,10,1,,,,,,,,,,,,,
4682,11,10,,,,,,,,,,,,,
4682,12,10,,,,,,,,,,,,,
4683,11,34,,,,,6,,,10,18000,,,,
4683,12,34,,,,,6,,,10,18000,,,,
4684,1,3,,,1,290000,,,,,,2,,,
4684,2,2,,,,,,,,,,,,,
4684,4,1,,,1,290000,,,,,,2,,,
4684,9,14,,,4,120000,2,,,40,88000,1,8,,
4684,11,10,,,,,,,,,,,,,
4684,12,10,,,,,,,,,,,,,
4685,1,2,,,1,250000,,,,,,2,,,
4685,2,1,,,,,,,,,,,,,
4685,4,1,,,1,250000,,,,,,2,,,
4685,6,2,,,15,1000000,1,15,33000,15,30000,2,8,,
4685,7,2,,,,,,,,,,,,,
4685,8,,,,15,1000000,1,15,33000,15,30000,2,8,,
4685,11,8,,,,,,,,,,,,,
4685,12,8,,,,,,,,,,,,,
4686,1,30,,,8,2000000,3,420,740000,80,140000,2,,,
4686,2,16,,,,,,,,,,,,,
4686,3,5,,,,,,,,,,,,,
4686,4,9,,,8,2000000,3,420,740000,80,140000,2,,,
4686,6,10,,,10,850000,2,40,85000,40,85000,2,,,
4686,7,4,,,,,,,,,,,,,
4686,8,6,,,10,850000,2,40,85000,40,85000,2,,,
4686,9,50,,,15,450000,3,,,70,140000,1,2,,
4686,10,2,,,,,,,,,,,,,
4686,11,30,,,,,8,,,14,22000,,,,
4686,12,30,,,,,8,,,14,22000,,,,
4686,19,10,,,,,,,,,,,,,
4687,1,2,,,,,,,,,,,,,
4687,2,1,,,,,,,,,,,,,
4687,4,1,,,,,,,,,,,,,
4687,9,8,,,2,74000,2,,,35,74000,2,,,
4687,11,15,,,,,,,,,,,,,
4687,12,15,,,,,,,,,,,,,
4688,1,8,,,4,1000000,1,100,200000,60,120000,2,,,
4688,2,4,,,,,,,,,,,,,
4688,3,1,,,,,,,,,,,,,
4688,4,3,,,4,1000000,1,100,200000,60,120000,2,,,
4688,6,17,,,15,1600000,2,50,110000,40,88000,2,,,
4688,7,4,,,,,,,,,,,,,
4688,8,13,,,15,1600000,2,50,110000,40,88000,2,,,
4688,9,40,,,25,800000,2,,,45,95000,1,2,8,
4688,10,2,,,,,,,,,,,,,
4688,11,20,,,,,,,,,,,,,
4688,12,20,,,,,,,,,,,,,
4688,19,5,,,,,,,,,,,,,
4689,1,1,,,,,,,,,,,,,
4689,2,1,,,,,,,,,,,,,
4689,9,5,,,,,2,,,40,88000,,,,
4689,11,10,,,,,,,,,,,,,
4689,12,10,,,,,,,,,,,,,
4700,11,7,,,,,,,,,,,,,
4700,12,7,,,,,,,,,,,,,
4706,11,15,,,,,,,,,,,,,
4706,12,13,,,,,,,,,,,,,
4708,1,3,,,1,156000,,,,,,2,,,
4708,2,2,,,,,,,,,,,,,
4708,4,1,,,1,156000,,,,,,2,,,
4708,9,10,,,,,4,,,60,180000,,,,
4708,11,23,,,,,7,,,8,12000,,,,
4708,12,23,,,,,7,,,8,12000,,,,
4708,13,6,,,,,2,,,2,5000,,,,
4708,14,6,,,,,2,,,2,5000,,,,
4708,19,4,,,,,,,,,,,,,
4709,1,4,,,,,,,,,,,,,
4709,2,2,,,,,,,,,,,,,
4709,4,2,,,,,,,,,,,,,
4709,9,9,,,,,4,,,60,180000,,,,
4709,10,1,,,,,,,,,,,,,
4709,11,15,,,,,7,,,7,14000,,,,
4709,12,15,,,,,7,,,7,14000,,,,
4709,19,11,,,,,,,,,,,,,
4710,1,4,,,2,150000,,,,,,2,,,
4710,2,1,,,,,,,,,,,,,
4710,4,3,,,2,150000,,,,,,2,,,
4710,9,4,,,,,2,,,50,150000,,,,
4710,11,20,,,,,6,,,7,14000,,,,
4710,12,20,,,,,6,,,7,14000,,,,
4710,19,1,,,,,,,,,,,,,
4711,1,2,,,,,,,,,,,,,
4711,2,2,,,,,,,,,,,,,
4711,11,10,,,,,3,,,3,6000,,,,
4711,12,10,,,,,3,,,3,6000,,,,
4712,1,1,,,,,,,,,,,,,
4712,2,1,,,,,,,,,,,,,
4712,9,4,,,,,2,,,40,120000,,,,
4712,11,8,,,,,3,,,4,8000,,,,
4712,12,8,,,,,3,,,4,8000,,,,
4712,13,4,,,,,2,,,2,5000,,,,
4712,14,4,,,,,2,,,2,5000,,,,
4713,1,5,,,1,250000,,,,,,2,,,
4713,2,3,,,1,250000,,,,,,2,,,
4713,4,2,,,,,,,,,,,,,
4713,9,13,,,,,5,,,100,300000,,,,
4713,10,1,,,,,,,,,,,,,
4713,11,12,,,,,3,,,3,6000,,,,
4713,12,12,,,,,3,,,3,6000,,,,
4713,13,12,,,,,5,,,5,12500,,,,
4713,14,12,,,,,5,,,5,12500,,,,
4714,1,4,,,,,,,,,,,,,
4714,2,2,,,,,,,,,,,,,
4714,4,2,,,,,,,,,,,,,
4714,9,5,,,,,2,,,40,120000,,,,
4714,10,1,,,,,,,,,,,,,
4714,11,13,,,,,5,,,6,12000,,,,
4714,12,13,,,,,5,,,6,12000,,,,
4715,1,2,,,,,,,,,,,,,
4715,2,1,,,,,,,,,,,,,
4715,4,1,,,,,,,,,,,,,
4715,11,10,,,,,2,,,2,4000,,,,
4715,12,10,,,,,2,,,2,4000,,,,
4715,13,8,,,,,1,,,1.5,3750,,,,
4715,14,8,,,,,1,,,1.5,3750,,,,
4715,19,1,,,,,,,,,,,,,
4716,1,6,,,1,200000,,,,,,2,,,
4716,2,2,,,,,,,,,,,,,
4716,4,4,,,1,200000,,,,,,2,,,
4716,9,10,,,,,5,,,80,240000,,,,
4716,10,1,,,,,,,,,,,,,
4716,11,10,,,,,5,,,5,10000,,,,
4716,12,10,,,,,5,,,5,10000,,,,
4716,19,5,,,,,,,,,,,,,
4717,1,2,,,1,170000,,,,,,2,,,
4717,2,1,,,,,,,,,,,,,
4717,3,,,,1,170000,,,,,,2,,,
4717,4,1,,,,,,,,,,,,,
4717,11,6,,,,,3,,,4.5,7650,,,,
4717,12,6,,,,,3,,,4.5,7650,,,,
4718,11,15,,,,,5,,,8,13600,,,,
4718,12,15,,,,,5,,,8,13600,,,,
4718,19,2,,,,,,,,,,,,,
4719,1,2,,,,,2,170,306000,90,162000,2,,,
4719,2,1,,,,,1,60,108000,70,126000,2,,,
4719,4,1,,,,,1,110,198000,20,36000,2,,,
4719,19,10,,,,,,,,,,,,,
4720,1,5,,,,,1,40,72000,110,198000,2,,,
4720,2,2,,,,,,,,,,,,,
4720,3,,,,,,1,40,72000,110,198000,2,,,
4720,4,3,,,,,,,,,,,,,
4720,11,30,,,,,10,,,14,23800,,,,
4720,12,20,,,,,10,,,14,23800,,,,
4721,1,8,,,,,3,220,396000,75,135000,2,,,
4721,2,4,,,,,,,,,,,,,
4721,4,4,,,,,3,220,396000,75,135000,2,,,
4721,6,1,1,40000,,,,,,,,,,,
4721,8,1,1,40000,,,,,,,,,,,
4721,11,7,,,,,3,,,4,6800,,,,
4721,12,7,,,,,3,,,4,6800,,,,
4721,19,25,,,,,,,,,,,,,
4722,1,1,,,,,1,80,144000,50,90000,2,,,
4722,2,1,,,,,,,,,,,,,
4722,3,,,,,,1,80,144000,50,90000,2,,,
4722,11,10,,,,,4,,,6,10000,,,,
4722,12,10,,,,,4,,,6,10000,,,,
4723,11,10,,,,,4,,,6,10000,,,,
4723,12,10,,,,,4,,,6,10000,,,,
4723,19,25,,,,,,,,,,,,,
4724,11,30,,,,,8,,,12,20000,,,,
4724,12,30,,,,,8,,,12,20000,,,,
4725,11,15,,,,,5,,,8,12600,,,,
4725,12,15,,,,,5,,,8,12600,,,,
4726,1,4,,,2,260000,,,,,,2,,,
4726,2,1,,,,,,,,,,,,,
4726,4,3,,,,,,,,,,,,,
4726,11,14,,,,,5,,,6,9000,,,,
4726,12,14,,,,,5,,,6,9000,,,,
4727,11,15,,,,,6,,,7,11000,,,,
4727,12,15,,,,,6,,,7,11000,,,,
4728,1,2,,,1,180000,,,,,,2,,,
4728,2,2,,,,,,,,,,,,,
4728,11,14,,,,,4,,,5,7500,,,,
4728,12,14,,,,,4,,,5,7500,,,,
4729,1,11,,,6,948000,,,,,,2,4,,
4729,2,3,,,,,,,,,,,,,
4729,3,3,,,,,,,,,,,,,
4729,4,5,,,,,,,,,,,,,
4729,6,1,1,35000,,,,,,,,,,,
4729,11,10,,,,,6,,,5,7500,,,,
4729,12,10,,,,,6,,,5,7500,,,,
4730,1,2,,,,,2,180,414000,10,23000,4,,,
4730,2,2,,,,,,,,,,,,,
4730,6,2,2,60000,,,,,,,,,,,
4730,11,10,,,,,4,,,5,7500,,,,
4730,12,10,,,,,4,,,5,7500,,,,
4732,1,3,,,1,125000,,,,,,2,,,
4732,2,1,,,,,,,,,,,,,
4732,11,12,,,,,4,,,5,7500,,,,
4732,12,12,,,,,4,,,5,7500,,,,
4733,1,6,,,1,110000,1,75,172500,,,4,,,
4733,2,3,,,,,,,,,,,,,
4733,11,15,,,,,2,,,3,4500,,,,
4733,12,15,,,,,2,,,3,4500,,,,
4734,1,21,,,3,450000,,,,,,2,,,
4734,2,6,,,,,,,,,,,,,
4734,3,3,,,,,,,,,,,,,
4734,6,9,,,10,300000,,,,,,2,,,
4734,7,1,,,,,,,,,,,,,
4734,8,8,,,10,300000,,,,,,2,,,
4734,11,30,,,,,10,,,11,17500,,,,
4734,12,15,,,,,10,,,11,17500,,,,
4735,11,5,,,,,2,,,2.5,4000,,,,
4735,12,5,,,,,2,,,2.5,4000,,,,
4736,6,,,,,,1,,,40,120000,,,,
4736,11,15,,,,,5,,,6,9000,,,,
4736,12,15,,,,,5,,,6,9000,,,,
4737,11,8,,,,,2,,,2.5,4000,,,,
4737,12,8,,,,,2,,,2.5,4000,,,,
4738,11,10,,,,,5,,,7,10000,,,,
4738,12,10,,,,,5,,,7,10000,,,,
4739,6,1,1,30000,,,,,,,,,,,
4739,8,1,1,30000,,,,,,,,,,,
4739,11,10,,,,,10,,,12,20000,,,,
4739,12,10,,,,,,,,,,,,,
4740,11,6,,,,,3,,,4,6000,,,,
4740,12,6,,,,,3,,,4,6000,,,,
4741,6,1,1,35000,,,1,10,30000,40,120000,2,,,
4741,8,1,1,35000,,,,,,,,,,,
4741,11,20,,,,,8,,,10,15000,,,,
4741,12,20,,,,,,,,,,,,,
4742,6,,,,,,1,,,30,90000,,,,
4742,11,20,,,,,7,,,8,12000,,,,
4742,12,20,,,,,7,,,8,12000,,,,
4743,11,8,,,,,10,,,12,18000,,,,
4743,12,8,,,,,10,,,12,18000,,,,
4870,1,3,,,1,370000,,,,,,2,8,,
4870,2,2,,,1,370000,,,,,,2,8,,
4870,3,1,,,,,,,,,,,,,
4870,11,20,,,,,,,,,,,,,
4870,12,15,,,,,,,,,,,,,
4871,1,2,,,,,1,130,260000,5,10000,2,4,,7
4871,2,1,,,,,,,,,,,,,
4871,3,,,,,,1,130,260000,5,10000,2,4,,7
4871,4,1,,,,,,,,,,,,,
4871,11,17,,,,,,,,,,,,,
4871,12,12,,,,,,,,,,,,,
4872,1,4,,,,,2,240,480000,5,10000,2,4,,12
4872,2,3,,,,,,,,,,,,,
4872,3,,,,,,2,240,480000,5,10000,2,4,,12
4872,4,1,,,,,,,,,,,,,
4872,6,2,,,,,,,,,,,,,
4872,8,2,,,,,,,,,,,,,
4872,11,30,,,,,5,,,6.5,7800,,,,
4872,12,20,,,,,5,,,6.5,7800,,,,
4873,1,1,,,1,250000,,,,,,2,,,
4873,2,1,,,,,,,,,,,,,
4873,3,,,,1,250000,,,,,,2,,,
4873,11,10,,,,,,,,,,,,,
4873,12,10,,,,,,,,,,,,,
4875,1,4,,,,,2,350,700000,4,8000,2,4,,12
4875,2,2,,,,,2,350,700000,4,8000,2,4,,12
4875,3,2,,,,,,,,,,,,,
4875,6,1,,,1,70000,,,,,,2,,,
4875,8,1,,,1,70000,,,,,,2,,,
4875,11,25,,,,,,,,,,,,,
4875,12,20,,,,,,,,,,,,,
4876,1,4,,,,,3,360,720000,5,10000,2,4,,15
4876,2,3,,,,,,,,,,,,,
4876,3,,,,,,3,360,720000,5,10000,2,4,,15
4876,4,1,,,,,,,,,,,,,
4876,11,30,,,,,,,,,,,,,
4876,12,20,,,,,,,,,,,,,
4877,1,5,,,3,900000,,,,,,2,,,
4877,2,1,,,1,400000,,,,,,2,,,
4877,3,2,,,2,500000,,,,,,2,,,
4877,4,2,,,,,,,,,,,,,
4877,11,30,,,,,5,,,6,7200,,,,
4877,12,25,,,,,5,,,6,7200,,,,
4878,1,3,,,3,800000,,,,,,2,,,
4878,2,1,,,,,,,,,,,,,
4878,3,2,,,3,800000,,,,,,2,,,
4878,6,2,,,,,,,,,,,,,
4878,8,2,,,,,,,,,,,,,
4878,11,35,,,,,,,,,,,,,
4878,12,25,,,,,,,,,,,,,
4878,19,20,,,,,,,,,,,,,
4879,11,10,,,,,3,,,5,9000,,,,
4879,12,10,,,,,3,,,5,9000,,,,
4889,1,6,,,2,500000,2,280,588000,28,58800,2,,,
4889,2,2,,,1,320000,1,130,273000,10,21000,2,,,
4889,3,1,,,,,1,150,315000,18,37800,2,,,
4889,4,3,,,1,180000,,,,,,2,,,
4889,9,30,,,6,270000,3,14,35000,25,62500,2,,,
4889,11,20,,,,,6,,,10,18000,,,,
4889,12,15,,,,,6,,,10,18000,,,,
4890,11,16,,,,,5,,,8,14400,,,,
4890,12,12,,,,,5,,,8,14400,,,,
4891,1,5,,,2,500000,2,280,588000,31,65100,2,8,,
4891,2,2,,,1,330000,1,130,273000,15,31500,2,8,,
4891,3,1,,,,,1,150,315000,16,33600,2,8,,
4891,4,2,,,1,170000,,,,,,2,8,,
4891,9,20,,,5,225000,2,,,24,60000,2,3,4,
4891,11,16,,,,,4,,,6,10800,,,,
4891,12,16,,,,,4,,,6,10800,,,,
4893,1,4,,,3,600000,1,150,300000,16,32000,2,8,,
4893,2,2,,,1,300000,,,,,,2,8,,
4893,3,1,,,,,1,150,300000,16,32000,2,8,,
4893,4,1,,,2,300000,,,,,,2,8,,
4893,11,15,,,,,4,,,6.5,11700,,,,
4893,12,10,,,,,4,,,6.5,11700,,,,
4894,11,8,,,2,7000,2,,,3,5400,2,,,
4894,12,8,,,2,7000,2,,,3,5400,2,,,
4897,1,4,,,,,,,,,,,,,
4897,2,2,,,,,,,,,,,,,
4897,3,2,,,,,,,,,,,,,
4897,11,20,,,,,5,,,6,9000,,,,
4897,12,20,,,,,5,,,6,9000,,,,
4900,11,10,,,,,,,,,,,,,
4900,12,10,,,,,,,,,,,,,
4902,11,5,,,,,,,,,,,,,
4902,12,5,,,,,,,,,,,,,
4903,6,4,,,,,,,,,,,,,
4903,8,4,,,,,,,,,,,,,
4906,11,10,,,,,2,,,3,5000,,,,
4906,12,10,,,,,2,,,3,5000,,,,
4907,11,25,,,,,5,,,8,12000,,,,
4907,12,25,,,,,5,,,8,12000,,,,
4909,11,10,,,,,3,,,5,7500,,,,
4909,12,10,,,,,3,,,5,7500,,,,
4911,11,10,,,,,2,,,3,6000,,,,
4911,12,10,,,,,2,,,3,6000,,,,
4913,11,10,,,,,3,,,4,10000,,,,
4913,12,10,,,,,3,,,4,10000,,,,
4915,11,8,,,,,4,,,3.6,5800,,,,
4915,12,8,,,,,,,,,,,,,
4933,1,1,,,,,,,,,,,,,
4933,2,1,,,,,,,,,,,,,
4933,11,10,,,,,,,,,,,,,
4933,12,9,,,,,,,,,,,,,
4935,6,4,,,,,1,60,156000,25,65000,4,,,
4935,7,2,,,,,1,60,156000,25,65000,4,,,
4935,8,2,,,,,,,,,,,,,
4939,11,12,,,,,,,,,,,,,
4939,12,10,,,,,,,,,,,,,
4942,1,3,,,,,,,,,,,,,
4942,2,1,,,,,,,,,,,,,
4942,3,1,,,,,,,,,,,,,
4942,4,1,,,,,,,,,,,,,
4942,11,10,,,,,,,,,,,,,
4942,12,10,,,,,,,,,,,,,
4949,1,3,,,,,,,,,,,,,
4949,2,2,,,,,,,,,,,,,
4949,3,1,,,,,,,,,,,,,
4951,11,10,,,,,,,,,,,,,
4951,12,10,,,,,,,,,,,,,
4975,1,2,,,1,225000,,,,,,2,,,
4975,2,1,,,,,,,,,,,,,
4975,3,1,,,1,225000,,,,,,2,,,
4975,11,10,,,,,3,,,3,4500,,,,
4975,12,10,,,,,,,,,,,,,
4976,1,2,,,1,140000,,,,,,2,,,
4976,2,1,,,,,,,,,,,,,
4976,3,1,,,1,140000,,,,,,2,,,
4976,11,20,10,6000,,,2,,,2,3000,,,,
4976,12,10,,,,,2,,,2,3000,,,,
4988,11,10,,,,,4,,,9,13500,,,,
4988,12,10,,,,,4,,,9,13500,,,,
4989,1,2,,,2,210000,,,,,,2,,,
4989,2,2,,,,,,,,,,,,,
4989,4,,,,2,210000,,,,,,2,,,
4989,6,1,,,4,220000,,,,,,3,,,
4989,7,1,,,,,,,,,,,,,
4989,8,,,,4,220000,,,,,,3,,,
4989,11,10,,,,,3,,,6,9000,,,,
4989,12,10,,,,,3,,,6,9000,,,,
4989,13,2,,,,,,,,,,,,,
4989,14,2,,,,,,,,,,,,,
4990,1,3,,,1,190000,,,,,,3,,,
4990,2,2,,,,,,,,,,,,,
4990,4,1,,,1,190000,,,,,,3,,,
4990,9,5,,,,,1,,,40,80000,,,,
4990,11,10,,,,,2,,,6,9000,,,,
4990,12,10,,,,,2,,,6,9000,,,,
4991,1,6,,,2,180000,,,,,,3,,,
4991,2,4,,,,,,,,,,,,,
4991,4,2,,,2,180000,,,,,,3,,,
4991,9,20,,,1,60000,,,,,,3,,,
4991,11,20,,,,,5,,,10,15000,,,,
4991,12,20,,,,,,,,,,,,,
4991,13,5,,,,,2,,,3,6000,,,,
4991,14,5,,,,,2,,,3,6000,,,,
4992,1,1,,,1,110000,,,,,,3,,,
4992,2,1,,,,,,,,,,,,,
4992,4,,,,1,110000,,,,,,3,,,
4992,11,10,,,,,5,,,12,12000,,,,
4992,12,10,,,,,5,,,12,12000,,,,
4993,1,3,,,1,130000,,,,,,3,,,
4993,2,2,,,,,,,,,,,,,
4993,4,1,,,1,130000,,,,,,3,,,
4993,9,10,,,,,,,,,,,,,
4993,11,10,,,,,2,,,4,6000,,,,
4993,12,10,,,,,2,,,4,6000,,,,
4995,1,3,,,1,130000,,,,,,3,,,
4995,2,2,,,,,,,,,,,,,
4995,4,1,,,1,130000,,,,,,3,,,
4995,6,2,,,,,1,,,30,60000,,,,
4995,7,2,,,,,,,,,,,,,
4995,8,,,,,,1,,,30,60000,,,,
4995,9,10,,,,,2,,,48,105600,,,,
4995,11,10,,,,,6,,,10,15000,,,,
4995,12,10,,,,,6,,,10,15000,,,,
4995,13,2,,,,,4,,,8,12000,,,,
4995,14,2,,,,,4,,,8,12000,,,,
5014,11,10,,,,,2,,,2,3000,,,,
5014,12,10,,,,,2,,,2,3000,,,,
5015,1,7,,,,,,,,,,,,,
5015,2,5,,,,,,,,,,,,,
5015,3,1,,,,,,,,,,,,,
5015,4,1,,,,,,,,,,,,,
5015,6,1,,,,,1,,,50,110000,,,,
5015,8,1,,,,,1,,,50,110000,,,,
5015,11,28,,,20,50000,10,,,15,22000,3,,,
5015,12,28,,,10,30000,10,,,15,22000,3,,,
5016,1,2,,,,,,,,,,,,,
5016,2,1,,,,,,,,,,,,,
5016,4,1,,,,,,,,,,,,,
5016,11,10,,,,,,,,,,,,,
5016,12,10,,,,,,,,,,,,,
5017,1,3,,,,,,,,,,,,,
5017,2,2,,,,,,,,,,,,,
5017,4,1,,,,,,,,,,,,,
5017,6,1,,,,,,,,,,,,,
5017,8,1,,,,,,,,,,,,,
5017,11,3,,,,,,,,,,,,,
5017,12,3,,,,,,,,,,,,,
5020,11,4,,,,,,,,,,,,,
5020,12,4,,,,,,,,,,,,,
5021,1,2,,,,,,,,,,,,,
5021,2,1,,,,,,,,,,,,,
5021,3,1,,,,,,,,,,,,,
5022,1,2,,,,,,,,,,,,,
5022,2,1,,,,,,,,,,,,,
5022,4,1,,,,,,,,,,,,,
5022,11,7,,,,,2,,,3,4500,,,,
5022,12,7,,,,,2,,,3,4500,,,,
5032,1,4,,,,,,,,,,,,,
5032,2,2,,,,,,,,,,,,,
5032,4,2,,,,,,,,,,,,,
5032,9,2,,,1,30000,,,,,,2,,,
5032,11,15,,,,,2,,,3,4500,,,,
5032,12,15,,,,,2,,,3,4500,,,,
5033,1,1,,,,,,,,,,,,,
5033,2,1,,,,,,,,,,,,,
5033,11,5,,,,,,,,,,,,,
5033,12,5,,,,,,,,,,,,,
5036,1,3,,,,,,,,,,,,,
5036,2,2,,,,,,,,,,,,,
5036,5,1,,,,,,,,,,,,,
5036,11,10,,,,,,,,,,,,,
5036,12,5,,,,,,,,,,,,,
5038,11,10,,,,,,,,,,,,,
5038,12,4,,,,,,,,,,,,,
5040,1,2,,,,,,,,,,,,,
5040,2,1,,,,,,,,,,,,,
5040,4,1,,,,,,,,,,,,,
5040,11,15,,,,,,,,,,,,,
5040,12,5,,,,,,,,,,,,,
5050,1,3,,,,,,,,,,,,,
5050,2,2,,,,,,,,,,,,,
5050,4,1,,,,,,,,,,,,,
5050,6,1,,,,,,,,,,,,,
5050,9,2,,,,,,,,,,,,,
5050,11,15,,,,,,,,,,,,,
5051,1,1,,,,,,,,,,,,,
5051,2,1,,,,,,,,,,,,,
5051,11,12,,,,,,,,,,,,,
5051,12,10,,,,,,,,,,,,,
5052,1,4,,,,,,,,,,,,,
5052,2,2,,,,,,,,,,,,,
5052,4,2,,,,,,,,,,,,,
5052,6,2,,,,,,,,,,,,,
5052,7,2,,,,,,,,,,,,,
5052,11,7,,,,,,,,,,,,,
5052,12,7,,,,,,,,,,,,,
5054,1,3,,,,,,,,,,,,,
5054,2,2,,,,,,,,,,,,,
5054,4,1,,,,,,,,,,,,,
5054,9,5,,,,,,,,,,,,,
5054,11,15,,,,,,,,,,,,,
5054,12,10,,,,,,,,,,,,,
5056,1,2,,,,,,,,,,,,,
5056,2,2,,,,,,,,,,,,,
5056,11,15,,,,,,,,,,,,,
5056,12,15,,,,,,,,,,,,,
5058,1,2,,,,,,,,,,,,,
5058,2,1,,,,,,,,,,,,,
5058,4,1,,,,,,,,,,,,,
5058,11,10,,,,,,,,,,,,,
5058,12,10,,,,,,,,,,,,,
5086,1,3,,,1,220000,,,,,,2,,,
5086,2,1,,,,,,,,,,,,,
5086,3,1,,,1,220000,,,,,,2,,,
5086,4,1,,,,,,,,,,,,,
5086,11,8,20,30000,,,12,,,17,28000,,,,
5086,12,5,,,,,,,,,,,,,
5088,1,11,,,3,480000,1,120,240000,10,20000,2,4,,
5088,2,4,,,1,180000,,,,,,2,,,
5088,3,3,,,1,240000,1,120,240000,10,20000,2,4,,
5088,4,4,,,1,60000,,,,,,2,,,
5088,11,20,40,60000,15,40000,10,,,15,25000,2,,,
5088,12,15,,,,,,,,,,,,,
5090,1,3,,,1,230000,,,,,,2,,,
5090,2,1,,,,,,,,,,,,,
5090,3,1,,,1,230000,,,,,,2,,,
5090,4,1,,,,,,,,,,,,,
5090,11,5,20,30000,,,15,,,25,40000,,,,
5090,12,5,,,,,,,,,,,,,
5091,1,5,,,2,320000,,,,,,2,,,
5091,2,2,,,,,,,,,,,,,
5091,3,1,,,1,260000,,,,,,2,,,
5091,4,2,,,1,60000,,,,,,2,,,
5091,11,15,30,45000,,,20,,,30,50000,,,,
5091,12,10,,,,,,,,,,,,,
5092,1,4,,,1,210000,,,,,,2,,,
5092,2,1,,,,,,,,,,,,,
5092,3,2,,,1,210000,,,,,,2,,,
5092,4,1,,,,,,,,,,,,,
5092,11,15,30,45000,,,20,,,30,50000,,,,
5092,12,10,,,,,,,,,,,,,
5093,1,7,,,1,220000,1,130,260000,10,20000,2,4,,
5093,2,2,,,,,,,,,,,,,
5093,3,3,,,1,220000,1,130,260000,10,20000,2,4,,
5093,4,2,,,,,,,,,,,,,
5093,9,30,,,10,350000,3,60,120000,15,30000,2,4,,
5093,19,5,,,,,,,,,,,,,
5094,1,9,,,2,520000,2,220,420000,20,38000,2,4,,
5094,2,3,,,,,1,100,180000,10,18000,2,4,,
5094,3,4,,,2,520000,1,120,240000,10,20000,2,4,,
5094,4,2,,,,,,,,,,,,,
5094,11,10,25,35000,,,18,,,32,45000,,,,
5094,12,8,,,,,,,,,,,,,
5095,1,8,,,,,1,80,160000,10,20000,2,,,
5095,2,4,,,,,,,,,,,,,
5095,3,1,,,,,1,80,160000,10,20000,2,,,
5095,4,3,,,,,,,,,,,,,
5098,1,2,,,,,,,,,,,,,
5098,2,1,,,,,,,,,,,,,
5098,4,1,,,,,,,,,,,,,
5101,1,15,,,,,2,160,320000,20,40000,2,,,
5101,2,6,,,,,,,,,,,,,
5101,3,3,,,,,2,160,320000,20,40000,2,,,
5101,4,6,,,,,,,,,,,,,
5101,11,19,,,,,5,,,5,8000,,,,
5101,12,19,,,,,5,,,5,8000,,,,
5113,1,2,,,,,,,,,,,,,
5113,2,1,,,,,,,,,,,,,
5113,4,1,,,,,,,,,,,,,
5113,11,14,,,,,2,,,3,5000,,,,
5113,12,14,,,,,2,,,3,5000,,,,
5115,11,12,,,,,,,,,,,,,
5115,12,12,,,,,,,,,,,,,
5116,11,7,,,,,,,,,,,,,
5116,12,7,,,,,,,,,,,,,
5117,1,3,,,1,320000,,,,,,2,,,
5117,2,2,,,,,,,,,,,,,
5117,4,1,,,1,320000,,,,,,2,,,
5117,11,10,,,,,4,,,7,11000,,,,
5117,12,10,,,,,4,,,7,11000,,,,
5118,1,2,,,1,280000,,,,,,2,,,
5118,2,1,,,,,,,,,,,,,
5118,4,1,,,1,280000,,,,,,2,,,
5118,11,15,,,,,3,,,5,8000,,,,
5118,12,15,,,,,3,,,5,8000,,,,
5122,1,3,,,,,,,,,,,,,
5122,2,1,,,,,,,,,,,,,
5122,4,2,,,,,,,,,,,,,
5122,11,20,,,,,7,4,6400,3.6,5700,2,,,2
5122,12,20,,,,,7,4,6400,3.6,5700,2,,,2
5123,11,5,,,,,,,,,,,,,
5123,12,5,,,,,,,,,,,,,
5124,1,13,,,3,750000,,,,,,2,,,
5124,2,7,,,3,750000,,,,,,2,,,
5124,4,6,,,,,,,,,,,,,
5124,9,40,,,5,150000,2,,,20,50000,2,,,5
5124,11,40,,,,,10,,,10,16000,,,,6
5124,12,30,,,,,10,,,10,16000,,,,6
5125,1,4,,,,,,,,,,,,,
5125,2,3,,,,,,,,,,,,,
5125,4,1,,,,,,,,,,,,,
5125,11,10,,,,,4,,,3,4800,,,,3
5125,12,10,,,,,4,,,3,4800,,,,3
5126,1,25,,,5,1250000,,,,,,2,,,
5126,2,10,,,5,1250000,,,,,,2,,,
5126,3,2,,,,,,,,,,,,,
5126,4,13,,,,,,,,,,,,,
5126,11,25,,,,,10,5,8000,3,4800,2,,,4
5126,12,25,,,,,10,5,8000,3,4800,2,,,4
5127,1,2,,,,,,,,,,,,,
5127,2,1,,,,,,,,,,,,,
5127,4,1,,,,,,,,,,,,,
5128,1,2,,,,,,,,,,,,,
5128,2,1,,,,,,,,,,,,,
5128,4,1,,,,,,,,,,,,,
5128,9,150,,,20,600000,5,25,50000,35,70000,2,,,15
5128,11,10,,,,,2,,,1.5,2400,,,,
5128,12,10,,,,,2,,,1.5,2400,,,,
5131,11,11,,,,,,,,,,,,,
5131,12,11,,,,,,,,,,,,,
5131,19,45,,,,,,,,,,,,,
5133,11,10,,,,,,,,,,,,,
5133,12,10,,,,,,,,,,,,,
5134,11,10,,,,,,,,,,,,,
5134,12,10,,,,,,,,,,,,,
5136,11,7,,,,,,,,,,,,,
5136,12,7,,,,,,,,,,,,,
5139,11,15,,,,,,,,,,,,,
5139,12,15,,,,,,,,,,,,,
5140,1,2,,,,,1,,,90,180000,,,,
5140,2,1,,,,,,,,,,,,,
5140,4,1,,,,,1,,,90,180000,,,,
5140,11,20,,,,,5,,,7,14000,,,,
5140,12,20,,,,,5,,,7,14000,,,,
5140,13,3,,,,,1,,,1,2500,,,,
5140,14,3,,,,,1,,,1,2500,,,,
5140,19,10,,,,,,,,,,,,,
5141,11,25,,,,,10,,,15,30000,,,,
5141,12,25,,,,,10,,,15,30000,,,,
5141,19,3,,,,,,,,,,,,,
5142,1,8,,,,,1,25,42500,100,170000,2,,,
5142,2,3,,,,,,,,,,,,,
5142,4,5,,,,,1,25,42500,100,170000,2,,,
5142,11,10,,,,,4,,,5,10000,,,,
5142,12,10,,,,,4,,,5,10000,,,,
5142,19,5,,,,,,,,,,,,,
5143,1,6,,,1,140000,,,,,,2,,,
5143,2,2,,,1,140000,,,,,,2,,,
5143,4,4,,,,,,,,,,,,,
5143,11,15,,,,,5,,,6,12000,,,,
5143,12,15,,,,,5,,,6,12000,,,,
5143,13,20,,,,,5,,,7.5,18750,,,,
5143,14,20,,,,,5,,,7.5,18750,,,,
5143,19,2,,,,,,,,,,,,,
5144,11,10,,,,,2,,,3,6000,,,,
5144,12,10,,,,,2,,,3,6000,,,,
5145,1,3,,,,,1,,,80,144000,,,,
5145,2,2,,,,,,,,,,,,,
5145,4,1,,,,,1,,,80,144000,,,,
5145,11,10,,,,,6,,,8,16000,,,,
5145,12,10,,,,,6,,,8,16000,,,,
5145,13,4,,,,,2,,,3,7500,,,,
5145,14,4,,,,,2,,,3,7500,,,,
5146,1,5,,,,,1,80,160000,20,40000,2,,,
5146,2,2,,,,,,,,,,,,,
5146,4,3,,,,,1,80,160000,20,40000,2,,,
5146,11,10,,,,,3,,,3,6000,,,,
5146,12,10,,,,,3,,,3,6000,,,,
5147,1,2,,,,,1,,,60,120000,,,,
5147,2,2,,,,,,,,,,,,,
5147,4,,,,,,1,,,60,120000,,,,
5147,11,10,,,,,4,,,4,8000,,,,
5147,12,10,,,,,4,,,4,8000,,,,
5148,1,6,,,,,1,210,399000,,,3,,,
5148,2,1,,,,,,,,,,,,,
5148,3,,,,,,1,210,399000,,,3,,,
5148,4,5,,,,,,,,,,,,,
5148,11,5,,,,,,,,,,,,,
5148,12,5,,,,,,,,,,,,,
5148,19,10,,,,,,,,,,,,,
5149,1,4,,,,,1,70,140000,60,120000,2,,,20
5149,2,2,,,,,1,70,140000,60,120000,2,,,20
5149,3,1,,,,,,,,,,,,,
5149,4,1,,,,,,,,,,,,,
5149,6,1,,,,,,,,,,,,,
5149,8,1,,,,,,,,,,,,,
5149,11,20,,,,,6,,,10,17000,,,,
5149,12,20,,,,,6,,,10,17000,,,,
5150,11,10,,,,,2,,,3,5100,,,,
5150,12,10,,,,,2,,,3,5100,,,,
5151,1,2,,,,,1,60,120000,70,140000,2,,,20
5151,2,1,,,,,,,,,,,,,
5151,4,1,,,,,1,60,120000,70,140000,2,,,20
5151,11,6,,,,,,,,,,,,,
5151,12,6,,,,,,,,,,,,,
5152,1,4,,,,,2,140,252000,80,144000,2,,,20
5152,2,2,,,,,1,140,252000,,,2,,,
5152,4,2,,,,,1,,,80,144000,,,,20
5152,11,10,,,,,5,,,7,11900,,,,
5152,12,10,,,,,5,,,7,11900,,,,
5153,1,2,,,,,1,,,80,160000,,,,30
5153,2,1,,,,,,,,,,,,,
5153,4,1,,,,,1,,,80,160000,,,,30
5153,11,10,,,,,3,,,5,8500,,,,
5153,12,10,,,,,3,,,5,8500,,,,
5154,1,2,,,,,1,,,80,160000,,,,
5154,2,1,,,,,,,,,,,,,
5154,4,1,,,,,1,,,80,160000,,,,
5154,11,10,,,,,4,,,6,10200,,,,
5154,12,10,,,,,4,,,6,10200,,,,
5155,1,2,,,,,1,90,180000,70,140000,2,,,
5155,2,1,,,,,,,,,,,,,
5155,3,,,,,,1,90,180000,70,140000,2,,,
5155,4,1,,,,,,,,,,,,,
5155,11,7,,,,,2,,,3,5100,,,,
5155,12,7,,,,,2,,,3,5100,,,,
5156,1,2,,,,,1,,,80,160000,,,,25
5156,2,1,,,,,,,,,,,,,
5156,4,1,,,,,1,,,80,160000,,,,25
5156,11,10,,,,,2,,,3,5100,,,,
5156,12,10,,,,,2,,,3,5100,,,,
5156,19,2,,,,,,,,,,,,,
5159,1,2,,,1,90000,,,,,,2,,,
5159,2,1,,,,,,,,,,,,,
5159,4,1,,,,,,,,,,,,,
5159,6,1,1,35000,,,1,30,90000,30,90000,2,,,
5159,10,1,,,,,,,,,,,,,
5159,11,8,,,,,5,,,6,10000,,,,
5159,12,8,,,,,5,,,6,10000,,,,
5161,6,2,2,70000,,,1,20,60000,40,120000,2,,,
5161,11,20,,,,,10,,,12,26000,,,,
5161,12,20,,,,,10,,,12,26000,,,,
5163,6,2,2,60000,,,,,,,,,,,
5163,8,2,2,60000,,,,,,,,,,,
5163,11,20,,,,,5,,,6,13000,,,,
5163,12,20,,,,,5,,,6,13000,,,,
5163,13,5,,,,,,,,,,,,,
5163,14,5,,,,,,,,,,,,,
5164,6,2,2,70000,,,1,,,80,240000,,,,
5164,11,10,,,,,3,,,4,9000,,,,
5164,12,10,,,,,3,,,4,9000,,,,
5165,1,2,,,,,1,80,160000,20,40000,2,,,
5165,2,1,,,,,,,,,,,,,
5165,4,1,,,,,,,,,,,,,
5165,6,1,1,30000,,,1,30,90000,40,120000,2,,,
5165,11,5,,,,,6,,,7,15000,,,,
5165,12,5,,,,,6,,,7,15000,,,,
5167,11,13,,,,,5,,,6,15000,,,,
5167,12,13,,,,,5,,,6,15000,,,,
5171,11,10,,,,,5,,,6,9000,,,,
5171,12,10,,,,,5,,,6,9000,,,,
5172,11,12,,,,,4,,,5,7500,,,,
5172,12,12,,,,,4,,,5,7500,,,,
5173,11,10,,,,,3,,,4,6000,,,,
5173,12,10,,,,,3,,,4,6000,,,,
5175,11,15,,,,,7,,,8,15000,,,,
5175,12,15,,,,,7,,,8,15000,,,,
5176,11,20,,,,,5,,,5,9500,,,,
5176,12,15,,,,,5,,,5,9500,,,,
5176,19,3,,,,,,,,,,,,,
5177,6,1,1,35000,,,,,,,,,,,
5177,8,,1,35000,,,,,,,,,,,
5177,11,7,,,,,3,,,3,4500,,,,
5177,12,7,,,,,3,,,3,4500,,,,
5179,1,3,,,,,,,,,,,,,
5179,2,1,,,,,,,,,,,,,
5179,4,2,,,,,,,,,,,,,
5179,6,2,2,70000,,,,,,,,,,,
5179,8,,2,70000,,,,,,,,,,,
5179,11,10,,,,,5,,,5,10000,,,,
5179,12,10,,,,,5,,,5,10000,,,,
5179,19,3,,,,,,,,,,,,,
5180,6,1,1,40000,,,2,30,84000,50,140000,4,,,40
5180,8,,1,40000,,,,,,,,,,,
5180,11,7,,,,,2,,,2,5000,,,,
5180,12,7,,,,,,,,,,,,,
5181,6,1,1,35000,,,2,,,35,98000,,,,30
5181,8,,1,35000,,,,,,,,,,,
5181,11,5,,,,,4,,,5,10000,,,,
5181,12,5,,,,,4,,,5,10000,,,,
5182,11,50,,,,,8,,,12,24000,,,,
5182,12,35,,,,,8,,,12,24000,,,,
5182,19,15,,,,,,,,,,,,,
5184,1,3,,,,,1,125,250000,10,20000,2,,,
5184,2,1,,,,,,,,,,,,,
5184,4,2,,,,,1,125,250000,10,20000,2,,,
5184,6,2,2,70000,,,1,20,50000,10,25000,2,,,25
5184,8,,2,70000,,,,,,,,,,,
5184,11,30,,,,,6,,,9,20000,,,,
5184,12,20,,,,,6,,,9,20000,,,,
