"recno","f4_row","f4_1","f4_2"
12,2,5000,6
34,14,18000,2
83,12,68000,6
83,13,3000,2
83,14,7000,2
89,12,225000,6
89,13,2000,2
97,14,5000,2
118,2,6000,5
118,4,25000,2
118,14,1000,2
119,1,6000,6
119,2,8000,5
119,4,27000,2
119,14,900,2
121,1,12000,6
121,2,6000,5
121,4,22000,2
121,14,900,2
122,1,7000,5
122,2,5000,5
122,4,18000,2
122,14,1000,2
123,1,7000,5
123,2,4000,5
123,4,30000,2
123,14,800,2
124,1,15000,5
124,2,20000,5
124,3,50000,5
124,4,35000,2
124,10,10000,5
124,12,40000,5
124,13,7000,5
124,14,1000,2
126,12,60000,5
126,13,12000,5
126,14,1000,2
127,1,7000,2
127,2,7000,6
127,13,40000,6
128,2,6000,6
128,14,2000,2
129,2,3000,6
129,14,1000,2
130,2,4000,6
130,12,35000,6
130,14,1000,2
131,2,4000,6
131,14,1000,2
132,2,4000,6
132,14,2000,2
133,1,7000,2
133,2,6000,6
133,7,8000,6
133,9,66000,6
133,12,100000,6
133,13,5000,6
133,14,3000,2
134,1,7000,2
134,2,6000,6
134,7,8000,6
134,9,60000,6
134,12,100000,6
134,13,6000,6
134,14,3000,2
135,1,7000,2
135,2,7000,6
135,3,15000,6
135,6,8000,6
135,7,8000,6
135,9,60000,6
135,12,80000,6
135,13,7000,6
135,14,2000,2
136,2,5000,6
136,3,1000,6
136,4,7000,5
136,12,30000,6
136,14,1000,2
137,1,7000,2
137,2,6000,6
137,3,2000,6
137,4,54000,5
137,7,5000,6
137,9,48000,6
137,12,100000,6
137,13,8000,6
137,14,2000,2
138,2,5000,6
138,4,5000,5
138,14,1000,2
139,1,7000,2
139,2,7000,6
139,3,1000,6
139,4,12000,5
139,12,40000,6
139,14,2000,2
140,2,4000,6
140,3,2000,6
140,4,7000,5
140,14,2000,2
141,1,7000,2
141,2,6000,6
141,4,45000,5
141,7,4000,6
141,9,60000,6
141,12,160000,6
141,13,8000,6
141,14,3000,2
142,2,5000,6
142,4,6000,5
142,14,1000,2
143,2,6000,6
143,3,2000,6
143,4,6000,5
143,14,1000,2
144,2,5500,6
144,3,2000,6
144,4,6000,5
144,14,1000,2
145,1,18000,1
145,2,15000,1
145,4,5000,2
145,12,380000,6
145,14,35000,2
146,12,2500,1
146,14,12000,2
147,1,72000,1
147,2,100000,1
147,4,30000,2
147,11,50000,1
147,14,50000,2
148,1,6000,2
148,2,10000,1
148,4,2000,2
148,12,50000,6
148,14,6700,2
149,1,9000,1
149,4,12000,2
149,12,12500,6
149,14,10000,2
150,1,160000,1
150,2,100000,1
150,4,15000,2
150,12,15000,1
151,2,15000,1
151,4,5000,2
151,14,1800,2
152,2,10000,1
152,4,16000,2
152,12,39000,1
152,14,5100,2
153,1,8000,1
153,4,5000,2
153,12,80000,6
154,2,5000,5
154,12,70000,6
154,14,5000,2
155,2,2500,5
155,14,2000,2
156,1,3000,4
156,2,4000,4
156,3,5000,4
156,14,4000,2
157,2,1000,3
157,3,1500,6
157,14,2000,2
158,1,1000,6
158,2,1500,6
158,3,2000,6
158,12,70000,6
158,14,5000,2
158,16,1000,6
159,1,2000,4
159,2,3000,4
159,3,1000,6
159,12,60000,6
159,14,4500,2
160,1,3000,5
160,2,5000,5
160,3,2000,5
160,14,3000,2
161,14,3000,2
162,1,2000,3
162,2,5000,3
162,3,5000,6
162,14,6000,2
163,12,72000,1
163,14,4000,2
167,2,6500,1
167,3,2000,6
167,14,2500,2
168,2,6500,1
168,14,3500,2
170,2,6500,1
170,14,4000,2
172,1,24000,1
172,2,35000,1
172,3,120000,6
172,4,36000,2
172,10,10000,1
172,14,21000,2
172,16,25000,1
173,1,36000,2
173,2,120000,1
173,3,80000,6
173,4,64000,2
173,6,40000,6
173,7,60000,6
173,9,65000,6
173,10,5000,1
173,12,250000,1
173,13,30000,1
173,14,55000,2
173,16,25000,1
174,1,27000,1
174,2,30000,1
174,3,80000,6
174,12,120000,1
174,13,10000,1
174,14,8000,2
174,16,15000,2
175,1,16000,2
175,2,25000,1
175,3,80000,1
175,6,20000,6
175,14,7000,2
175,16,25000,1
176,1,24000,1
176,2,65000,1
176,3,70000,6
176,4,42000,2
176,6,40000,6
176,7,30000,6
176,9,45000,6
176,10,5000,1
176,12,250000,1
176,13,30000,1
176,14,29000,2
176,16,18000,1
177,1,24000,1
177,2,45000,1
177,3,80000,6
177,4,38000,2
177,9,18000,6
177,14,27000,2
177,16,25000,1
178,1,32000,1
178,2,60000,1
178,3,60000,6
178,12,40000,6
178,13,96000,1
178,14,9600,2
178,16,36000,1
179,6,20000,6
179,12,25000,6
179,14,3000,2
179,16,5000,2
180,1,6000,2
180,2,15000,1
180,3,3000,6
180,14,5000,2
180,16,7000,2
181,1,50000,6
181,2,30000,6
181,4,25000,2
181,14,18000,6
182,2,25000,2
182,4,15000,2
182,14,12000,2
183,1,50000,6
183,2,45000,6
183,4,40000,2
183,7,20000,6
183,14,22000,2
184,1,60000,6
184,2,50000,6
184,3,120000,6
184,4,30000,2
184,12,2205000,6
184,13,20000,6
184,14,35000,2
185,2,40000,6
185,4,16000,2
185,14,9000,2
186,2,40000,6
186,12,630000,6
186,13,15000,6
186,14,8000,2
187,1,60000,6
187,2,55000,6
187,3,120000,6
187,4,25000,2
187,6,150000,6
187,14,22000,2
188,1,45000,6
188,2,60000,6
188,3,100000,6
188,4,35000,2
188,14,22000,2
189,2,40000,6
189,4,25000,6
189,12,180000,6
189,13,20000,6
189,14,22000,2
190,1,110000,6
190,2,120000,6
190,3,45000,4
190,4,60000,2
190,6,128000,6
190,7,50000,6
190,9,85000,6
190,14,40000,2
191,1,40000,4
191,2,80000,4
191,3,40000,6
191,4,20000,2
191,9,60000,6
192,1,60000,4
192,2,120000,4
192,3,60000,6
192,4,40000,2
192,6,85000,6
192,9,80000,6
193,1,80000,4
193,2,130000,4
193,3,65000,6
193,4,50000,2
193,6,160000,6
193,7,70000,6
193,9,115000,6
193,14,25000,2
194,1,100000,4
194,2,140000,4
194,3,70000,6
194,4,35000,2
194,6,160000,6
194,7,96000,6
194,9,145000,6
194,14,30000,2
195,1,90000,6
195,2,117000,6
195,3,65000,4
195,4,57000,2
195,7,70000,6
195,9,116000,6
195,12,110000,6
195,13,1000,6
195,14,28000,2
196,1,90000,6
196,2,130000,6
196,3,68000,4
196,4,68000,2
196,6,100000,6
196,7,70000,6
196,9,110000,6
196,14,26000,2
197,1,130000,6
197,2,160000,4
197,3,85000,6
197,4,72000,2
197,6,130000,6
197,7,65000,6
197,9,120000,6
197,14,40000,2
198,1,110000,4
198,2,119000,4
198,3,52000,6
198,4,48000,2
198,6,96000,6
198,7,65000,6
198,9,100000,6
198,14,32000,2
215,1,28000,6
215,3,3000,6
215,4,5000,2
215,7,5000,6
215,14,3000,2
217,1,12000,2
217,2,5000,6
217,3,3000,6
217,4,13000,2
217,9,8000,6
217,14,4000,2
218,1,6000,2
218,2,5000,6
218,3,3000,6
218,4,12000,2
218,9,10000,6
218,14,3800,2
219,1,6000,2
219,2,4000,6
219,3,2000,6
219,4,8000,2
219,9,5000,6
219,14,4000,2
220,1,6000,2
220,2,4000,6
220,3,2000,6
220,4,12000,2
220,9,8000,6
220,12,150000,6
220,14,4000,2
221,1,12000,2
221,2,5000,6
221,3,3000,6
221,4,12000,2
221,9,7000,6
221,14,4000,2
222,1,6000,2
222,2,4000,6
222,3,3000,6
222,4,10000,2
222,9,6000,6
222,14,3600,2
223,14,8000,2
224,1,12000,2
224,2,5000,6
224,3,2000,6
224,4,10000,2
224,9,5000,6
224,14,5000,2
225,1,1200,2
225,2,5000,6
225,3,3000,6
225,4,15000,2
225,9,10000,6
225,14,5000,2
235,3,1600,6
236,2,1000,6
236,3,1000,6
237,2,2000,6
237,3,2000,6
239,2,1600,6
239,3,3000,6
241,2,3000,6
241,3,2000,6
242,1,12000,2
242,2,6000,6
242,3,8000,6
242,12,380000,6
243,2,1000,6
263,2,500,1
263,14,9000,2
264,7,25000,6
264,9,150000,6
264,12,200000,6
264,13,12000,2
264,14,9600,2
265,2,2500,1
265,7,30000,6
265,9,30000,6
265,14,4000,2
265,15,50000,6
265,16,12000,6
266,2,250,1
266,4,1000,2
266,9,20000,6
266,12,32000,1
266,13,13000,2
266,14,9500,2
266,16,18000,6
268,2,3000,1
268,3,2000,6
268,7,10000,6
268,9,35000,6
268,10,6000,1
268,12,120000,6
268,13,11000,2
268,14,14000,2
269,1,8000,2
269,2,2500,1
269,4,4000,2
269,5,200000,6
269,7,20000,1
269,9,18000,6
269,10,10000,1
269,12,360000,6
269,13,11000,2
269,14,19000,2
270,7,20000,6
270,9,70000,6
270,13,4000,2
270,14,10000,2
280,1,6000,6
280,2,2500,6
280,7,10000,6
280,12,50000,6
280,13,1000,2
280,14,1500,2
282,14,1000,2
283,14,500,2
284,7,15000,6
284,12,60000,6
284,13,500,2
284,14,15000,2
285,12,7000,6
285,14,500,2
286,2,2000,6
286,14,500,2
287,14,500,2
288,14,500,2
298,12,45000,1
299,14,2000,2
301,12,40000,1
301,14,4000,2
302,2,2000,1
302,12,90000,1
302,14,7000,2
304,14,5000,2
305,12,30000,1
306,14,3500,2
334,1,25000,2
334,2,14000,1
334,3,30000,6
334,7,14000,6
334,9,57000,6
334,12,42000,6
334,13,30000,2
334,14,6000,6
334,16,2000,1
335,1,18000,2
335,2,12000,1
335,3,24000,6
335,7,8000,6
335,9,45000,6
335,14,4000,2
335,16,500,1
336,1,25000,2
336,2,14000,1
336,3,42000,6
336,7,12000,6
336,9,75000,6
336,14,6000,2
336,16,1500,6
337,1,15000,2
337,2,12000,1
337,3,42000,6
337,7,14000,6
337,9,75000,6
337,12,85000,6
337,13,4000,2
337,14,6000,2
337,16,1000,1
338,1,25000,2
338,2,16000,1
338,3,18000,6
338,7,16000,6
338,9,62000,6
338,14,6000,2
338,16,1000,1
339,1,24000,2
339,2,13000,1
339,3,41000,6
339,6,12000,6
339,7,14000,6
339,9,95000,6
339,14,6000,2
339,16,1000,6
340,1,18000,2
340,2,7000,1
340,3,25000,6
340,7,14000,6
340,9,45000,6
340,12,60000,6
340,13,2000,2
340,14,4000,2
340,16,500,2
341,1,8000,2
341,2,7000,1
341,3,14000,6
341,7,12000,6
341,9,42000,6
341,14,3500,2
341,16,500,1
342,1,20000,2
342,2,14000,1
342,3,35000,6
342,7,13000,6
342,9,80000,6
342,12,180000,6
342,13,75000,1
342,14,7000,2
342,16,18000,1
343,2,5000,6
343,3,5000,6
343,4,2000,2
343,7,4000,6
343,9,15000,6
343,12,30000,6
343,13,3000,6
343,14,5000,2
344,1,18000,2
344,2,5000,2
344,3,6000,2
344,4,50000,2
344,7,8000,6
344,9,150000,6
344,12,60000,6
344,13,5000,6
344,14,23000,2
345,2,3000,6
345,3,5000,6
345,4,2000,2
345,7,5000,6
345,9,30000,6
345,13,3000,6
345,14,16000,2
346,1,24000,2
346,2,5000,6
346,3,3000,6
346,4,35000,2
346,7,10000,6
346,9,100000,6
346,13,4000,6
346,14,24000,2
348,1,24000,2
348,2,5000,6
348,3,3000,6
348,4,30000,2
348,7,8000,6
348,9,150000,6
348,14,16000,2
350,1,18000,2
350,2,5000,6
350,3,3000,6
350,4,35000,2
350,7,12000,6
350,9,150000,6
350,13,3000,6
350,14,40000,2
366,1,4000,1
370,9,40000,6
370,14,8800,2
371,14,800,2
372,14,9500,2
373,1,33000,1
373,6,10000,6
373,9,25000,6
373,12,2400000,6
373,13,15000,2
373,14,8600,2
374,14,4400,2
375,9,40000,6
375,13,5000,1
375,14,8600,2
376,1,15000,1
376,6,15000,6
376,9,40000,6
376,12,200000,6
376,13,12000,1
376,14,8500,2
377,14,3000,2
378,1,10000,1
378,6,20000,6
378,9,10000,6
378,12,200000,6
378,13,5000,6
378,14,7300,2
388,2,2000,1
388,4,5500,2
388,14,2800,2
389,1,18000,2
389,2,25000,1
389,3,20000,1
389,4,23000,2
389,9,100000,6
389,12,85000,1
389,13,5000,1
389,14,8000,2
390,2,2000,1
390,4,8000,2
390,9,60000,6
390,12,50000,1
390,13,2000,1
390,14,9000,2
391,2,2000,6
391,4,13000,2
391,9,10000,6
391,12,60000,6
391,14,4000,2
392,1,6000,2
392,2,2500,1
392,4,12000,2
392,12,50000,1
392,14,5200,2
393,12,10000,1
393,14,4500,2
394,4,27000,2
394,12,50000,6
394,13,1000,1
394,14,4800,2
395,1,6000,2
395,2,1000,1
395,4,4500,2
395,12,20000,1
395,14,3600,2
396,4,7000,2
396,9,10000,6
396,12,250000,6
396,14,3800,2
397,1,3500,1
397,14,3000,2
398,4,16000,2
398,7,80000,1
398,9,35000,6
398,12,270000,6
398,14,12000,2
399,12,50000,6
399,14,6000,2
400,14,2700,2
401,1,4000,1
401,4,10000,2
401,7,40000,1
401,14,4000,2
402,14,2000,2
403,1,5000,1
403,4,17000,2
403,7,45000,1
403,9,30000,6
403,14,9000,2
404,1,4000,1
404,4,10000,2
404,7,45000,1
404,12,50000,6
404,14,2500,2
405,1,3000,1
405,4,10000,2
405,7,50000,1
405,9,20000,6
405,12,30000,1
405,14,4000,2
415,1,12000,2
415,2,13000,6
415,3,7000,6
415,4,4000,5
415,7,35000,6
415,9,14000,6
415,12,45000,6
415,13,4000,2
416,2,2500,6
416,3,5000,6
416,7,7000,6
416,9,9950,6
416,16,7000,6
417,2,4700,6
417,3,6300,6
417,7,7000,6
417,9,5000,6
417,16,5000,6
418,1,6000,2
418,2,17000,6
418,3,15000,6
418,4,4000,5
418,7,17000,6
418,9,7000,6
418,12,45000,6
418,13,5000,6
418,16,3500,6
419,2,13000,6
419,3,7500,6
419,4,4000,5
419,7,10000,6
419,9,22500,6
419,16,4000,6
420,2,3000,6
420,3,5700,6
420,16,3000,6
421,2,4000,6
421,3,7300,6
421,7,7000,6
421,9,14300,6
421,13,4000,2
421,16,6000,6
422,2,4300,6
422,3,5700,6
423,1,18000,2
423,2,22000,6
423,3,7000,6
423,4,5600,5
423,7,17000,6
423,9,20000,6
423,12,27000,6
423,13,4000,6
423,16,7000,6
424,2,1000,6
424,3,7000,6
424,7,30000,6
424,12,250000,6
424,13,2000,2
424,14,2000,2
424,16,3000,6
425,2,1000,6
425,3,6000,6
426,2,1000,5
426,3,10000,6
426,12,30000,6
426,14,500,2
427,2,1000,5
427,3,15000,6
427,12,80000,6
427,14,500,2
428,2,1500,5
428,3,10000,6
428,7,80000,6
428,12,200000,6
428,13,9000,2
428,14,2000,2
428,15,20000,2
429,2,1000,5
429,3,5000,6
429,7,30000,6
429,12,3400000,6
429,13,20000,5
429,14,2000,2
429,16,5000,6
430,2,1000,5
430,3,5000,6
430,12,400000,6
430,13,5000,5
430,14,2000,2
430,16,5000,6
431,2,1000,6
431,3,15000,6
431,7,20000,6
431,12,200000,6
431,13,2000,2
431,14,1100,2
431,16,2000,6
432,3,3000,6
432,12,110000,6
434,14,7000,2
436,14,3500,2
460,1,8000,1
463,14,19000,2
464,1,10000,1
464,14,25000,2
465,14,10000,2
512,1,15000,1
512,2,10000,1
512,3,5000,1
512,10,2000,1
512,14,9000,2
512,16,2000,2
552,1,15000,2
552,4,10000,2
552,7,9000,6
552,9,12000,6
552,10,8000,5
552,12,400000,6
552,13,13000,5
552,14,5000,2
553,4,9000,2
553,12,370000,6
553,13,8000,5
553,14,1000,2
555,1,15000,6
555,2,8000,6
555,3,20000,6
555,4,12000,2
555,7,10000,6
555,9,13000,6
555,12,300000,6
555,13,9000,5
555,14,5000,2
557,1,30000,6
557,3,40000,6
557,4,8000,2
557,12,270000,6
557,13,15000,5
557,14,7000,2
558,2,5000,5
558,4,7000,2
558,7,12000,6
558,9,8000,6
558,12,30000,5
558,13,6000,5
558,14,6000,2
559,1,20000,2
559,2,2000,6
559,3,20000,6
559,7,8000,6
559,9,60000,6
559,12,60000,6
559,13,7000,6
559,14,3000,2
560,1,24000,2
560,2,5000,6
560,3,35000,6
560,7,8000,6
560,9,88000,6
560,12,69000,6
560,13,7000,6
560,14,3000,2
561,1,21000,2
561,2,3000,6
561,3,20000,6
561,6,10000,6
561,7,10000,6
561,9,60000,6
561,12,80000,6
561,13,7000,6
561,14,4000,2
562,1,7000,2
562,9,20000,6
562,14,2000,2
563,1,21000,2
563,2,3000,6
563,3,30000,6
563,7,10000,6
563,9,80000,6
563,12,60000,6
563,13,6000,6
563,14,4000,2
564,1,8000,2
564,2,3000,6
564,9,22000,6
564,14,3000,2
565,1,8000,2
565,2,4000,6
565,6,6000,6
565,12,30000,6
565,14,3000,2
566,1,8000,2
566,2,3000,6
566,3,20000,6
566,9,10000,6
566,12,35000,6
566,14,3000,2
567,1,7000,2
567,2,3000,6
567,9,25000,6
567,14,2000,2
568,1,21000,2
568,2,35000,6
568,3,3000,6
568,4,70000,5
568,6,20000,6
568,7,10000,6
568,9,55000,6
568,12,50000,6
568,13,7000,6
568,14,5000,2
569,1,14000,2
569,2,25000,6
569,4,18000,5
569,6,10000,6
569,7,5000,6
569,14,2000,2
570,1,21000,2
570,2,30000,6
570,4,88000,5
570,6,20000,6
570,7,8000,6
570,9,60000,6
570,12,70000,6
570,13,4800,6
570,14,4000,2
571,1,14000,2
571,2,28000,6
571,4,20000,5
571,6,15000,6
571,7,5000,6
571,12,35000,6
571,14,2000,2
572,1,14000,2
572,2,38000,6
572,4,100000,5
572,7,10000,6
572,9,66000,6
572,12,50000,6
572,13,7600,6
572,14,4000,2
573,1,14000,2
573,2,28000,6
573,4,18000,6
573,6,20000,6
573,7,4000,6
573,12,35000,6
573,14,2000,2
574,1,14000,2
574,2,10000,6
574,4,20000,5
574,6,10000,6
574,12,30000,6
574,14,2000,2
575,1,20000,2
575,2,60000,6
575,4,36000,5
575,6,28000,6
575,7,10000,6
575,14,5000,2
576,1,7000,2
576,2,16000,6
576,4,16000,5
576,6,10000,6
576,7,4000,6
576,14,3000,2
577,1,7000,2
577,2,30000,1
577,4,108000,2
577,12,30000,6
577,14,12000,2
580,2,12000,1
580,12,5000,6
580,14,5000,2
581,4,4000,2
581,12,300000,6
584,2,5000,1
584,12,7000,1
584,14,18000,2
585,2,12000,1
585,12,20000,1
585,14,3000,2
586,14,5000,2
587,14,4800,2
588,1,6000,2
588,2,7000,4
588,3,10000,6
588,4,7000,2
588,14,5000,2
588,16,4000,6
590,1,12000,2
590,2,7000,4
590,3,10000,6
590,4,8000,2
590,12,60000,6
590,14,5000,2
590,16,10000,6
592,1,3000,6
592,2,2000,6
592,3,3000,4
592,4,2000,2
592,14,3500,2
593,14,3500,2
594,1,6000,2
594,2,5000,4
594,3,10000,6
594,14,4000,2
594,16,3000,6
595,2,6000,1
595,3,3000,6
595,14,3400,2
596,2,4000,1
598,1,5000,1
598,3,4000,6
598,14,5000,2
600,2,15000,1
600,3,5000,6
600,4,35000,2
600,9,40000,4
600,12,45000,1
600,14,8500,2
602,2,5000,1
602,3,2500,6
602,12,42000,1
603,1,4000,1
603,2,5000,1
603,3,3500,6
603,14,3500,2
615,12,12000,6
615,13,2000,6
616,14,8800,2
622,1,40000,4
622,2,50000,4
622,3,30000,6
622,4,25000,2
622,9,20000,6
622,16,165000,6
623,1,30000,4
623,2,38000,4
623,3,20000,4
623,9,15000,6
623,14,20000,2
624,1,20000,4
624,2,30000,4
624,3,15000,4
624,9,10000,6
624,16,80000,6
625,1,40000,6
625,2,50000,4
625,3,16000,4
625,9,10000,6
625,16,70000,6
626,1,20000,4
626,2,8000,4
626,3,13000,4
626,9,10000,6
627,1,30000,6
627,2,90000,6
627,3,25000,6
627,9,15000,6
627,16,120000,6
628,1,30000,6
628,2,60000,4
628,3,18000,4
628,9,10000,6
628,14,10000,2
629,1,30000,4
629,2,50000,4
629,3,16000,4
629,6,45000,6
629,9,15000,6
630,1,40000,4
630,2,50000,4
630,3,20000,4
630,4,15000,2
630,9,10000,6
631,12,300000,6
634,12,250000,6
635,12,30000,6
636,12,30000,6
637,12,15000,6
639,12,25000,6
646,1,42000,1
646,4,80000,2
646,6,40000,6
646,7,40000,6
646,14,10000,2
649,2,3000,6
649,3,3000,6
649,7,15000,6
649,9,16000,6
649,14,4000,2
650,2,4000,6
650,3,3000,6
650,7,15000,6
650,9,12000,6
650,14,4000,2
651,2,5000,6
651,3,3000,6
651,7,12000,6
651,14,4000,2
652,2,3000,6
652,3,3000,6
652,7,12000,6
652,9,12000,6
652,14,3500,2
653,14,4000,2
654,2,4000,6
654,3,4000,6
654,7,15000,6
654,14,5000,2
655,2,6000,6
655,3,4000,6
655,7,15000,6
655,9,10000,6
655,14,5000,2
656,2,7000,6
656,3,3000,6
656,7,20000,6
656,14,5000,2
657,2,2000,6
657,3,3000,6
657,7,12000,6
657,9,8000,6
657,14,4000,2
658,2,1000,6
658,3,3000,6
658,4,4500,2
658,14,5000,2
659,1,7200,2
659,2,2000,6
659,3,5000,6
659,4,15000,2
659,14,8000,2
660,1,7200,2
660,2,2000,6
660,3,5000,6
660,4,15000,2
660,7,30000,6
660,9,35000,6
660,12,80000,6
660,13,3000,6
660,14,8000,2
661,2,1500,6
661,3,3000,6
661,4,6000,2
661,14,8000,2
662,1,7200,2
662,2,3000,6
662,3,5000,6
662,4,12000,2
662,7,30000,6
662,9,40000,6
662,14,8000,2
663,1,7200,2
663,2,3000,6
663,3,4000,6
663,4,15000,2
663,7,20000,6
663,9,25000,6
663,14,8000,2
664,1,7200,2
664,2,3000,6
664,3,4000,6
664,4,15000,2
664,7,25000,6
664,9,30000,6
664,12,60000,6
664,13,3000,6
664,14,8000,2
665,1,7200,2
665,2,3000,6
665,3,6000,6
665,4,15000,2
665,7,20000,6
665,9,30000,6
665,12,120000,6
665,13,3000,6
665,14,8000,2
666,1,7200,2
666,2,2000,6
666,3,6000,6
666,4,15000,2
666,7,25000,6
666,9,25000,6
666,12,80000,6
666,13,3000,6
666,14,8000,2
666,16,1000,6
670,2,2000,6
670,3,3000,6
685,3,5000,6
685,14,2000,2
686,2,1500,2
686,14,2000,2
687,14,1000,2
688,14,10000,2
688,15,10000,2
690,2,1000,2
690,3,2000,6
690,14,1200,2
691,2,500,1
691,3,5000,6
691,6,21000,6
691,12,100000,6
691,14,3400,2
692,3,1000,6
692,14,1500,2
693,2,1000,2
693,3,1500,6
693,14,10000,2
712,14,1000,2
713,1,6000,6
713,2,2500,6
713,14,1000,2
714,1,6000,6
714,2,2500,6
714,3,1500,6
714,7,20000,6
714,12,15000,6
714,13,500,2
714,14,1500,2
715,2,1500,6
715,14,500,2
716,1,6000,6
716,2,3000,6
716,14,1500,2
717,14,500,2
718,15,500,2
719,1,6000,6
719,2,1500,6
719,12,20000,6
719,14,1000,2
720,1,3000,6
720,2,1500,6
720,3,1000,6
720,7,10000,6
720,12,25000,6
720,13,500,2
720,14,1000,2
757,1,5000,6
757,2,1000,6
757,3,2000,6
757,14,1065,2
758,1,36000,6
758,2,3000,6
758,3,8000,6
758,6,30000,6
758,7,25000,6
758,9,100000,6
758,12,200000,6
758,13,6000,2
758,14,8550,2
759,1,80000,6
759,2,10000,6
759,3,10000,6
759,7,80000,6
759,9,150000,6
759,12,80000,6
759,13,5000,2
759,14,17500,2
760,1,30000,6
760,2,3000,6
760,3,8000,6
760,6,30000,6
760,7,25000,6
760,9,100000,6
760,12,10000,6
760,13,3000,2
760,14,6650,2
761,1,40000,6
761,2,4000,6
761,3,10000,6
761,7,30000,6
761,9,100000,6
761,12,350000,6
761,13,6000,2
761,14,10160,2
762,1,10000,6
762,2,2000,6
762,3,3000,6
762,14,1065,2
763,1,30000,6
763,2,3000,6
763,3,10000,6
763,6,40000,6
763,7,25000,6
763,9,70000,6
763,12,180000,6
763,13,7000,2
763,14,6900,2
764,1,18000,6
764,2,2000,6
764,9,20000,6
764,14,2700,2
765,1,7000,6
765,2,3000,6
765,3,10000,6
765,9,30000,6
765,14,7590,2
775,1,12000,2
775,2,5000,6
775,3,3000,6
775,4,3000,2
775,12,250000,6
775,13,5000,6
775,14,1500,2
776,1,6000,2
776,2,3000,6
776,3,3000,6
776,4,1600,2
776,14,4000,2
777,2,3000,6
777,3,5000,6
777,4,1300,2
777,9,10000,6
777,14,2500,2
778,1,6000,2
778,2,3000,6
778,3,4000,6
778,4,2000,2
778,7,4000,6
778,9,20000,6
778,12,50000,6
778,14,3000,2
779,1,12000,2
779,2,5000,6
779,3,4000,6
779,4,3200,2
779,7,5000,6
779,9,30000,6
779,12,100000,6
779,13,3000,6
779,14,6000,2
780,1,6000,2
780,2,3000,6
780,3,4000,6
780,4,1800,2
780,7,3000,6
780,9,25000,6
780,14,4000,2
781,1,12000,2
781,2,5000,6
781,3,3000,6
781,4,3200,2
781,7,3000,6
781,9,20000,6
781,14,6000,2
782,2,3000,6
782,3,3000,6
782,4,2000,2
782,9,15000,6
782,14,3000,2
783,1,6000,2
783,2,5000,6
783,3,6000,6
783,4,4000,2
783,7,3000,6
783,9,30000,6
783,14,7000,2
786,3,5000,6
786,4,2500,5
789,1,3000,5
789,3,5000,6
789,14,620,2
792,3,3000,6
792,14,700,2
793,1,6000,2
793,2,2000,6
793,14,1000,2
794,1,90000,2
794,2,10000,6
794,3,30000,2
794,9,50000,6
794,14,46000,2
794,15,6000,2
795,1,80000,2
795,2,10000,6
795,5,100000,6
795,7,40000,6
795,9,25000,6
795,14,35000,2
795,15,22000,2
796,1,100000,2
796,2,8000,1
796,7,20000,6
796,9,60000,6
796,14,50000,2
796,15,8000,2
797,1,60000,2
797,2,6000,6
797,7,40000,6
797,9,70000,6
797,14,36000,2
797,15,22000,2
798,1,12000,2
798,2,5000,2
798,7,10000,6
798,9,30000,6
798,15,15000,2
799,1,80000,2
799,2,15000,6
799,3,120000,2
799,7,45000,6
799,9,80000,6
799,14,36000,2
799,15,18000,2
800,1,40000,2
800,2,10000,6
800,7,35000,6
800,9,45000,6
800,14,38000,2
801,1,21000,2
801,2,6000,6
801,7,20000,6
801,9,45000,6
801,14,10000,2
801,15,10000,2
811,1,3000,6
811,2,10000,6
811,14,3000,2
812,1,5000,6
812,2,8000,6
812,4,5000,2
812,6,10000,6
812,7,8000,6
812,10,2000,2
812,12,20000,6
813,1,10000,6
813,2,5000,6
813,4,4000,2
813,12,30000,6
814,1,3000,6
814,2,5000,6
814,4,5000,2
815,4,2000,2
815,12,15000,6
816,2,8000,6
816,4,2000,2
816,12,50000,6
816,14,4000,2
817,1,5000,6
817,2,3500,6
818,1,4500,6
818,4,4000,2
818,14,5000,2
819,1,5000,6
819,2,8000,6
819,4,4000,2
820,9,100000,6
820,14,4500,2
821,12,30000,1
822,12,80000,1
822,13,5000,1
826,9,300000,6
826,12,60000,1
826,13,20000,1
826,14,4500,2
826,15,6500,2
828,9,60000,6
828,12,7000,1
828,14,5500,2
829,1,7000,1
829,2,5000,1
829,4,24000,2
829,7,50000,1
829,9,30000,6
829,12,50000,6
829,14,17000,2
829,16,7000,1
830,1,4000,1
830,2,7000,1
830,4,10000,2
830,7,25000,1
830,9,20000,6
830,12,30000,1
830,14,12000,2
831,1,4000,1
831,4,7000,2
831,14,5000,2
832,1,5000,1
832,2,3000,1
832,4,20000,2
832,7,35000,1
832,9,25000,6
832,14,12000,2
832,16,5000,1
833,1,7000,1
833,2,5000,1
833,4,12000,2
833,7,35000,1
833,9,25000,6
833,12,170000,6
833,14,18000,2
833,16,5000,1
834,1,5000,1
834,2,7000,1
834,4,5000,2
834,7,45000,1
834,9,30000,6
834,12,25000,1
834,14,8000,2
834,16,4000,1
835,1,5000,1
835,2,6000,1
835,4,25000,2
835,7,40000,1
835,9,25000,6
835,12,100000,6
835,14,9000,2
835,16,7000,1
836,1,4000,1
836,2,3000,1
836,4,7000,2
836,7,20000,1
836,9,20000,6
836,12,70000,6
836,14,5000,2
837,1,5000,1
837,2,7000,1
837,4,20000,2
837,7,50000,1
837,14,15000,2
837,16,10000,1
838,2,4000,6
838,3,4000,6
838,6,7000,6
838,7,17000,6
838,9,15000,6
838,13,7000,2
838,14,5700,2
839,2,4000,6
839,3,2500,6
839,7,14000,6
839,9,13000,6
839,12,24000,6
839,13,4000,2
839,14,5200,2
839,16,5000,6
840,2,2500,6
840,3,7500,6
840,7,63000,6
840,9,30000,6
840,12,40000,6
840,13,3500,2
840,14,1700,2
840,15,10000,6
840,16,5700,6
841,2,3000,6
841,3,4000,6
841,7,17000,6
841,9,13000,6
841,12,270000,6
841,13,15000,2
841,14,5700,2
841,16,10000,6
842,2,1000,6
842,3,1200,6
842,6,25000,6
842,7,17000,6
842,9,23000,6
842,12,30000,6
842,13,3000,2
842,16,5000,6
843,2,1700,6
843,3,2000,6
843,7,2000,6
843,9,1500,6
843,12,50000,6
843,13,1500,2
843,14,1020,2
844,2,7000,6
844,3,5000,6
844,7,47000,6
844,9,10000,6
844,12,13000,6
844,13,5000,2
844,14,5600,2
844,16,6000,6
845,2,1500,6
845,3,2500,6
845,12,32000,6
845,13,34000,2
845,14,5200,2
845,16,1500,6
846,2,3500,6
846,7,23000,6
846,9,20000,6
846,13,5000,2
846,14,5800,2
846,15,5000,6
846,16,7000,6
847,2,50000,6
847,3,25000,6
847,7,10000,6
847,9,40000,6
847,14,12000,2
847,15,5000,2
848,2,15000,6
848,3,10000,6
848,7,50000,6
848,9,20000,6
848,12,100000,6
848,13,20000,2
848,16,50000,1
849,2,15000,6
849,3,30000,6
849,4,3000,2
849,7,50000,6
849,9,150000,6
849,10,5000,1
849,12,30000,6
849,13,5000,2
849,14,12000,2
849,15,3000,2
849,16,25000,1
850,3,5000,6
850,14,10000,2
851,2,10000,6
851,3,15000,6
851,4,3000,2
851,7,7000,6
851,9,40000,6
851,14,23000,2
851,16,20000,1
852,3,15000,6
852,14,10000,2
853,2,15000,6
853,7,50000,6
853,12,50000,6
853,14,10000,2
853,16,30000,1
854,2,8000,6
854,3,15000,6
854,7,15000,6
854,10,4000,1
854,12,60000,6
854,13,5000,2
854,14,10000,2
854,16,30000,1
855,2,50000,6
855,3,5000,6
855,4,6000,2
855,7,15000,6
855,9,100000,6
855,12,50000,6
855,13,10000,6
855,14,15000,2
855,16,35000,1
856,3,2000,6
856,12,40000,6
856,14,500,2
859,3,2000,6
859,12,150000,6
859,13,2000,5
859,14,500,2
860,3,1000,6
860,14,500,2
861,3,2000,6
861,14,500,2
862,3,2000,6
863,3,2000,6
864,3,1000,6
892,1,10000,1
892,2,10000,1
892,3,10000,1
892,6,20000,6
892,15,40000,2
895,14,18000,2
905,2,3000,5
905,14,2300,2
907,2,2000,5
907,14,2500,2
909,2,1000,5
909,14,3000,2
910,4,30000,2
910,14,50000,2
919,2,10000,5
919,4,22000,2
919,14,3000,5
920,1,1200,5
920,2,7000,5
920,14,3500,2
922,2,2000,1
925,2,10000,1
925,3,12000,6
925,4,12000,4
925,10,2400,1
925,14,2200,2
927,2,6000,1
927,4,18000,2
947,14,4000,2
953,12,1180000,1
953,13,7500,2
954,12,1250000,1
954,13,8000,2
982,1,30000,2
982,2,15000,5
982,4,40000,2
982,7,20000,6
982,14,4400,2
983,1,15000,2
983,2,12000,5
983,4,25000,2
983,14,3000,2
984,1,15000,2
984,2,7000,5
984,4,20000,2
984,10,6000,5
984,14,3000,2
985,1,50000,2
985,2,20000,6
985,3,6000,6
985,4,55000,2
985,9,30000,6
985,10,10000,5
985,12,180000,6
985,13,8000,5
985,14,5500,2
986,1,60000,2
986,2,25000,6
986,3,15000,6
986,4,50000,2
986,6,50000,6
986,9,12000,6
986,10,10000,5
986,12,240000,6
986,13,15000,5
986,14,6000,2
987,1,50000,2
987,2,20000,6
987,4,40000,2
987,9,18000,6
987,10,6000,5
987,12,120000,6
987,13,14000,5
987,14,4000,2
989,1,12000,2
989,2,8000,5
989,4,25000,2
989,14,3000,2
990,4,20000,2
990,7,10000,6
990,9,8000,6
990,10,5000,5
990,14,3000,2
991,2,3000,6
991,4,2000,5
991,14,1000,2
992,2,3500,6
992,4,2000,5
992,14,1000,2
993,2,5000,6
993,4,3000,5
993,6,8000,6
993,14,2000,2
994,2,5000,6
994,4,2000,5
994,14,1000,2
995,2,3000,6
995,4,2000,5
995,6,5000,6
995,14,1000,2
996,2,3000,2
996,4,2000,5
996,14,1000,2
997,2,3000,6
997,4,2000,5
997,14,1000,2
998,2,4000,6
998,4,2000,5
998,14,1000,2
999,2,3500,6
999,4,2000,5
999,14,1000,2
1000,1,8000,2
1000,4,4000,5
1000,6,12000,6
1000,14,1000,2
1001,1,40000,2
1001,4,4000,5
1001,6,10000,6
1001,14,1000,2
1002,1,10000,2
1002,4,4000,5
1002,9,8000,6
1002,12,35000,6
1002,14,2000,2
1003,1,7000,2
1003,4,4000,5
1003,12,35000,6
1003,14,2000,2
1004,1,20000,2
1004,3,15000,6
1004,4,4000,5
1004,7,8000,6
1004,9,100000,6
1004,12,80000,6
1004,13,8000,6
1004,14,4000,2
1005,1,21000,2
1005,2,6000,6
1005,3,8000,6
1005,4,4000,5
1005,7,8000,6
1005,9,78000,6
1005,12,120000,6
1005,13,10000,6
1005,14,4000,2
1006,1,20000,2
1006,3,10000,6
1006,4,5000,5
1006,7,8000,6
1006,9,80000,6
1006,12,90000,6
1006,13,8000,6
1006,14,3600,2
1007,1,7000,2
1007,4,4000,5
1007,14,2000,2
1008,1,7000,2
1008,4,5000,5
1008,9,15000,6
1008,14,1000,2
1009,12,20000,1
1009,14,1000,2
1010,14,21000,2
1011,2,5000,1
1011,4,15000,2
1011,12,30000,1
1011,14,19000,2
1012,2,5000,1
1012,4,5000,2
1012,12,20000,1
1012,14,5000,2
1013,2,5000,1
1013,4,2500,2
1013,14,6500,2
1014,4,5000,2
1014,14,1000,2
1017,1,80000,1
1017,2,200000,1
1017,4,400000,2
1017,12,35000,1
1018,14,2000,2
1019,14,800,2
1020,14,2000,2
1021,1,1000,4
1021,2,1000,4
1021,3,2000,6
1021,4,3000,2
1021,14,1800,2
1022,1,2000,5
1022,2,3000,5
1022,3,4000,6
1022,4,7000,2
1022,14,4000,2
1024,1,2000,5
1024,2,3000,5
1024,3,4000,6
1024,4,4000,2
1024,12,60000,6
1024,14,2000,2
1025,1,1000,4
1025,2,1500,4
1025,3,2000,6
1025,4,1400,2
1025,14,600,2
1026,1,1000,4
1026,2,2000,6
1026,4,4000,2
1026,14,1000,2
1045,4,40000,2
1045,14,18000,2
1055,1,100000,4
1055,2,110000,6
1055,3,80000,4
1055,4,50000,2
1055,9,140000,6
1055,16,120000,6
1056,1,80000,4
1056,2,130000,6
1056,3,70000,6
1056,4,49000,2
1056,9,125000,6
1056,14,18000,2
1056,16,80000,6
1057,1,30000,4
1057,2,56000,4
1057,3,25000,5
1057,7,45000,6
1057,9,20000,6
1057,12,250000,6
1057,13,8000,6
1057,15,12000,2
1058,1,20000,4
1058,2,40000,4
1059,1,20000,4
1059,2,38000,4
1059,3,22000,6
1059,14,12000,2
1060,1,80000,6
1060,2,98000,6
1060,3,42000,4
1060,4,40000,2
1060,9,75000,6
1060,14,30000,2
1061,1,100000,6
1061,2,118000,4
1061,3,65000,6
1061,4,50000,2
1061,9,135000,2
1061,16,85000,6
1062,1,70000,4
1062,2,92000,4
1062,3,35000,6
1062,9,15000,6
1062,16,100000,6
1065,12,45000,6
1066,12,50000,6
1067,2,150000,6
1067,4,25000,2
1067,9,250000,6
1067,12,37000,6
1067,14,150000,2
1068,1,30000,2
1068,2,100000,6
1068,4,60000,2
1068,9,180000,6
1068,12,120000,2
1070,12,45000,6
1071,12,160000,6
1072,1,35000,1
1072,4,10000,2
1072,14,6000,2
1074,1,140000,1
1074,4,150000,2
1074,6,200000,6
1074,14,130000,1
1081,2,3000,6
1081,3,4000,6
1081,4,10000,2
1081,7,15000,6
1081,9,40000,6
1081,14,4000,2
1082,2,4000,6
1082,3,4000,6
1082,4,12000,6
1082,7,8000,6
1082,9,45000,6
1082,14,4000,2
1083,1,12000,2
1083,2,5000,6
1083,3,3000,6
1083,4,15000,2
1083,7,15000,6
1083,9,30000,6
1083,14,5000,2
1084,1,6000,2
1084,2,3000,6
1084,3,3000,6
1084,4,10000,2
1084,14,4000,2
1085,1,6000,2
1085,2,4000,6
1085,3,3000,6
1085,4,11000,2
1085,14,4000,2
1086,1,6000,2
1086,2,4000,6
1086,3,4000,6
1086,4,12000,2
1086,7,12000,6
1086,9,45000,6
1086,14,4500,2
1087,1,6000,2
1087,2,3000,6
1087,3,4000,6
1087,4,10000,2
1087,7,12000,6
1087,9,43000,6
1087,14,4000,2
1088,2,3000,6
1088,3,4000,6
1088,4,12000,2
1088,7,10000,6
1088,9,45000,6
1088,14,4000,2
1089,1,6000,2
1089,2,4000,6
1089,3,3000,6
1089,4,10000,2
1089,7,12000,6
1089,9,18000,6
1089,14,4000,2
1090,2,1000,6
1090,3,3000,6
1090,4,3600,2
1091,2,2000,6
1091,3,6000,6
1091,4,9000,2
1092,2,1500,6
1092,3,5000,6
1092,4,9000,2
1093,2,1500,6
1093,3,5000,6
1093,4,6000,2
1093,12,90000,6
1094,2,2000,6
1094,3,3000,6
1094,4,9000,2
1097,2,2000,6
1097,3,4000,6
1097,4,6000,2
1098,2,1500,6
1098,3,2000,6
1098,4,6000,2
1098,12,100000,6
1098,13,3000,6
1099,1,12000,2
1099,2,8000,6
1099,3,4500,6
1099,4,28000,2
1099,7,8000,6
1099,9,16000,6
1099,12,180000,6
1099,14,8000,2
1099,15,15000,6
1100,1,12000,2
1100,2,6000,6
1100,3,4500,6
1100,4,4800,2
1100,12,145000,6
1101,1,8000,2
1101,2,4000,6
1101,3,1000,6
1101,4,4000,2
1101,12,140000,6
1102,1,12000,2
1102,2,16000,6
1102,3,6000,6
1102,4,12000,2
1102,6,4000,6
1102,9,22000,6
1103,1,12000,2
1103,2,10000,6
1103,3,6000,6
1103,4,24000,6
1103,6,8000,6
1103,7,6000,6
1103,9,38000,6
1103,12,130000,6
1103,13,6000,6
1103,14,8000,2
1104,1,6000,2
1104,2,6000,6
1104,3,8000,6
1104,4,5000,6
1105,4,2400,2
1105,14,800,2
1106,2,4000,6
1106,3,2000,6
1106,4,2000,2
1107,1,8000,2
1107,2,6000,6
1107,3,6000,6
1107,4,8000,2
1107,12,180000,6
1117,3,30000,6
1117,6,60000,6
1117,7,80000,6
1117,9,70000,6
1117,12,100000,6
1117,14,14000,2
1117,15,45000,6
1118,1,6000,2
1118,2,2000,6
1118,3,2000,6
1118,14,16000,2
1119,3,10000,6
1119,12,80000,6
1119,14,7500,2
1120,2,3000,2
1120,3,20000,6
1120,6,100000,6
1120,7,50000,6
1120,9,50000,6
1120,12,100000,6
1120,14,20000,2
1120,15,10000,2
1121,6,28000,6
1121,12,90000,6
1121,14,24000,2
1122,6,40000,6
1122,12,100000,6
1122,14,16500,2
1123,1,6000,2
1123,2,1000,2
1123,3,3000,6
1123,12,90000,6
1123,14,3000,2
1124,2,2000,2
1124,3,40000,6
1124,6,80000,6
1124,7,60000,6
1124,9,60000,6
1124,12,100000,6
1124,14,15000,2
1124,15,30000,6
1125,2,2000,2
1125,6,60000,6
1125,7,40000,6
1125,9,50000,6
1125,12,40000,6
1125,14,15780,2
1125,15,50000,6
1144,14,1000,2
1145,1,6000,6
1145,14,1000,2
1146,1,12000,6
1146,2,3000,6
1146,7,20000,6
1146,12,40000,6
1146,13,500,2
1146,14,2000,2
1147,1,6000,2
1147,2,1500,6
1147,7,15000,6
1147,12,45000,6
1147,13,500,2
1147,14,1500,2
1148,1,6000,6
1148,2,3000,6
1148,12,85000,6
1148,13,500,2
1148,14,1000,2
1149,1,6000,2
1149,2,3000,6
1149,7,25000,6
1149,12,12000,6
1149,13,500,2
1149,14,2000,2
1150,14,1000,2
1151,1,6000,2
1151,2,3000,6
1151,7,15000,6
1151,12,20000,6
1151,13,1000,2
1151,14,1000,2
1152,1,6000,2
1152,2,1500,6
1152,14,1000,2
1153,1,10000,2
1153,2,2000,5
1153,7,10000,6
1153,12,50000,6
1153,13,3000,2
1153,14,20000,2
1154,1,3000,2
1154,2,1500,2
1154,12,150000,6
1154,13,3000,2
1154,14,25000,2
1155,7,17000,6
1155,12,150000,6
1155,13,3000,2
1155,14,16000,2
1156,1,50000,5
1156,5,20000,5
1156,9,50000,6
1156,11,60000,6
1156,13,5000,2
1156,14,50000,2
1156,16,15000,6
1157,1,10000,2
1157,2,2000,5
1157,14,20000,2
1158,1,36000,2
1158,2,5000,2
1158,5,35000,6
1158,7,27000,6
1158,9,35000,6
1158,12,400000,6
1158,13,15000,2
1158,14,20000,2
1158,16,10000,6
1159,1,5000,5
1159,2,2000,5
1159,12,15000,6
1159,14,25000,2
1160,1,36000,2
1160,2,10000,2
1160,5,50000,5
1160,7,25000,6
1160,9,37000,6
1160,11,20000,6
1160,12,300000,6
1160,13,30000,2
1160,14,20000,2
1160,16,15000,6
1161,12,150000,6
1161,13,10000,2
1161,14,20000,2
1162,2,3000,1
1162,4,4000,2
1162,12,50000,1
1162,14,3000,2
1163,2,3000,1
1163,4,6000,2
1163,12,45000,1
1164,2,2000,1
1164,4,5000,2
1164,14,10000,2
1165,4,3000,2
1165,12,15000,1
1165,14,4000,2
1166,2,8000,1
1166,4,20000,2
1166,12,15000,1
1167,12,80000,1
1168,2,10000,6
1168,4,100000,2
1168,9,100000,6
1168,12,3000000,6
1168,13,1000000,6
1168,14,150000,2
1169,2,6000,1
1169,4,11000,2
1169,12,65000,1
1170,2,5000,1
1170,4,15000,2
1171,12,15000,6
1172,4,2500,4
1172,14,3000,2
1173,14,3000,2
1174,2,1000,6
1174,14,3000,2
1175,2,5000,6
1175,4,6500,4
1175,12,30000,6
1175,14,3000,2
1176,1,15000,6
1176,2,1500,6
1176,12,30000,6
1176,14,3500,2
1178,3,10000,6
1178,14,3000,2
1179,2,3000,6
1179,4,10000,4
1179,14,3000,2
1198,1,25000,2
1198,2,15000,1
1198,3,46000,6
1198,4,3000,2
1198,7,16000,2
1198,9,210000,6
1198,12,48000,6
1198,13,6000,2
1198,14,21000,2
1198,16,3000,1
1199,1,45000,2
1199,2,16000,1
1199,3,42000,6
1199,4,3000,2
1199,6,12000,6
1199,7,15000,6
1199,9,85000,6
1199,12,90000,6
1199,13,6000,2
1199,14,7000,2
1199,16,2000,1
1200,1,35000,2
1200,2,14000,1
1200,3,65000,6
1200,4,4000,2
1200,7,18000,6
1200,9,125000,6
1200,12,78000,6
1200,13,8000,2
1200,14,10000,2
1200,16,3000,1
1201,1,110000,2
1201,2,280000,1
1201,3,80000,6
1201,4,8000,2
1201,7,27000,6
1201,9,138000,6
1201,12,145000,6
1201,13,12000,2
1201,14,20000,2
1201,16,3000,1
1202,1,40000,2
1202,2,14000,1
1202,3,25000,6
1202,4,3000,2
1202,7,14000,6
1202,9,85000,6
1202,14,6000,2
1202,16,1000,1
1203,1,70000,2
1203,2,15000,1
1203,3,42000,6
1203,4,4000,2
1203,7,24000,6
1203,9,110000,6
1203,14,21000,2
1203,16,2000,1
1204,1,60000,2
1204,2,24000,1
1204,3,42000,6
1204,4,8000,2
1204,7,17000,6
1204,9,120000,6
1204,12,60000,6
1204,13,3000,2
1204,14,10000,2
1204,16,2000,1
1205,1,25000,2
1205,2,12000,1
1205,3,42000,6
1205,4,2000,2
1205,6,25000,6
1205,7,180000,6
1205,9,180000,6
1205,14,15000,2
1205,16,1500,1
1206,1,65000,2
1206,2,24000,1
1206,3,60000,6
1206,4,8000,2
1206,7,23000,6
1206,9,180000,6
1206,12,95000,6
1206,13,6000,2
1206,14,20000,2
1206,16,4000,1
1207,1,12000,2
1207,2,5000,6
1207,3,4000,6
1207,4,40000,2
1207,7,8000,6
1207,9,90000,6
1208,1,18000,2
1208,2,5000,6
1208,3,5000,6
1208,4,84000,2
1208,7,10000,6
1208,9,100000,6
1208,13,5000,6
1208,15,35000,2
1209,1,6000,2
1209,2,3000,6
1209,3,5000,6
1209,4,2400,2
1209,14,1000,2
1210,1,6000,2
1210,2,5000,6
1210,3,5000,6
1210,4,25000,2
1210,9,20000,6
1210,14,1000,2
1210,15,45000,2
1211,1,6000,2
1211,2,5000,6
1211,3,3000,6
1211,4,9200,2
1211,7,3000,6
1211,9,15000,6
1211,14,4000,2
1212,1,12000,2
1212,2,5000,6
1212,3,6000,6
1212,4,40000,2
1212,6,20000,6
1212,7,6000,6
1212,9,90000,6
1212,14,25000,2
1213,2,3000,6
1213,3,2000,6
1213,4,5000,2
1213,9,8000,6
1213,14,3000,2
1214,2,2000,6
1214,3,1000,6
1214,4,1000,2
1214,14,20000,2
1215,1,6000,2
1215,2,3000,6
1215,3,3000,6
1215,4,2400,2
1215,12,150000,6
1215,13,3000,6
1215,14,1000,2
1234,4,7000,2
1234,9,50000,6
1234,12,370000,6
1234,13,7000,2
1234,14,13000,2
1235,4,5000,2
1235,14,700,2
1236,1,170000,1
1236,4,4000,2
1236,9,100000,6
1236,12,390000,6
1236,13,5000,2
1236,15,100000,6
1237,3,3000,6
1237,4,3000,2
1237,6,20000,6
1237,9,30000,6
1237,12,60000,6
1237,13,5000,2
1237,14,8000,2
1238,1,20000,1
1238,4,5000,2
1238,9,45000,6
1238,12,70000,6
1238,14,10500,2
1239,3,3000,6
1239,4,5000,2
1239,9,30000,6
1239,12,100000,6
1239,13,3000,2
1239,14,11100,2
1240,1,48000,1
1240,3,3000,6
1240,4,6000,2
1240,9,50000,6
1240,12,180000,6
1240,13,10000,2
1240,15,48000,6
1241,1,20000,1
1241,4,15000,2
1241,9,50000,6
1241,12,100000,6
1241,13,2000,2
1241,14,15000,2
1242,1,30000,1
1242,3,2000,1
1242,4,3000,2
1242,9,50000,6
1242,12,70000,6
1242,13,2000,2
1242,14,10750,2
1250,2,25000,6
1250,3,10000,6
1250,4,8000,2
1250,7,50000,6
1250,13,20000,6
1252,2,50000,1
1252,3,216000,6
1252,4,80000,2
1252,9,300000,6
1252,12,330000,6
1252,13,30000,1
1252,14,14000,2
1252,15,9000,2
1253,1,36000,2
1253,2,6000,1
1253,4,15000,2
1253,9,250000,6
1253,12,200000,1
1253,13,10000,1
1253,14,9000,2
1254,3,87000,6
1254,5,500000,1
1254,9,200000,6
1254,12,900000,6
1254,13,100000,1
1254,14,14000,2
1254,15,6000,2
1255,1,12000,2
1255,3,50000,6
1255,4,31000,2
1255,9,250000,6
1255,13,20000,1
1255,14,10000,2
1256,1,50000,2
1256,2,20000,1
1256,3,30000,6
1256,4,150000,2
1256,9,400000,6
1256,12,180000,6
1256,13,50000,1
1256,14,10000,2
1256,15,9000,2
1257,2,20000,1
1257,4,15000,2
1257,9,200000,6
1257,12,20000,6
1257,13,10000,1
1257,14,20000,2
1258,1,12000,2
1258,2,10000,1
1258,3,50000,6
1258,4,16000,2
1258,9,360000,6
1258,12,100000,1
1258,13,18000,1
1258,14,10000,2
1259,2,6000,1
1259,4,10000,2
1259,12,200000,6
1259,13,30000,1
1259,14,3000,2
1261,1,7000,1
1261,2,5000,1
1261,7,65000,1
1261,9,30000,6
1261,14,30000,2
1261,16,5000,1
1262,1,3000,1
1262,4,3000,2
1262,12,10000,1
1262,14,5000,2
1263,1,7000,1
1263,2,5000,1
1263,4,15000,2
1263,7,60000,1
1263,9,35000,6
1263,14,24000,2
1263,16,5000,1
1264,1,12000,1
1264,2,10000,1
1264,4,12000,2
1264,7,80000,1
1264,9,65000,6
1264,12,30000,1
1264,14,30000,2
1264,16,15000,1
1265,1,6000,1
1265,2,4000,1
1265,4,3000,2
1265,7,65000,1
1265,9,30000,6
1265,12,40000,6
1265,14,18000,2
1265,16,5000,1
1266,1,3000,1
1266,4,8000,2
1266,7,30000,1
1266,9,20000,6
1266,12,15000,1
1266,14,8000,2
1267,1,10000,1
1267,2,5000,1
1267,4,13000,2
1267,7,60000,1
1267,9,40000,6
1267,12,50000,6
1267,14,30000,2
1267,16,10000,1
1268,1,5000,1
1268,4,2000,2
1268,12,20000,1
1268,14,2500,2
1269,1,10000,1
1269,2,5000,1
1269,4,12000,2
1269,7,50000,1
1269,9,30000,6
1269,14,20000,2
1269,16,7000,1
1270,3,5000,6
1270,10,3000,1
1271,3,20000,6
1271,7,5000,6
1271,9,20000,6
1271,12,50000,6
1271,16,10000,1
1272,3,15000,6
1272,7,5000,6
1272,12,200000,6
1272,13,5000,2
1272,16,20000,1
1273,2,5000,6
1273,3,10000,6
1273,12,120000,6
1273,16,15000,1
1274,3,10000,6
1274,12,45000,6
1275,2,20000,6
1275,3,10000,6
1275,4,3000,2
1276,3,20000,6
1276,7,20000,6
1276,9,30000,6
1276,12,150000,6
1276,13,5000,2
1276,16,30000,1
1277,3,20000,6
1277,12,60000,6
1277,16,25000,1
1278,2,2000,6
1278,3,5000,6
1278,4,3000,2
1278,7,10000,6
1278,9,20000,6
1278,12,80000,6
1278,13,2000,2
1278,16,30000,1
1279,2,4000,6
1279,3,5000,6
1279,7,15000,6
1279,9,13000,6
1279,13,4000,2
1279,14,5600,2
1280,2,3400,6
1280,3,3500,6
1280,7,13000,6
1280,9,15000,6
1280,12,70000,6
1280,13,5000,2
1280,14,2450,6
1281,2,2500,6
1281,3,7000,6
1281,12,48000,6
1281,13,3000,2
1281,14,2700,2
1281,15,4000,6
1282,2,2700,6
1282,3,3000,6
1282,7,14000,6
1282,9,10000,6
1282,12,40000,6
1282,13,3000,2
1282,14,4200,2
1282,15,4700,2
1282,16,4000,6
1283,12,15000,6
1283,14,1200,2
1284,14,3200,2
1287,14,1300,6
1288,2,2000,6
1288,3,4000,6
1288,6,15000,6
1288,7,15000,6
1288,12,20000,6
1288,14,7000,2
1289,2,500,6
1289,3,10000,6
1289,14,3000,2
1290,2,500,6
1290,3,8000,6
1290,12,70000,6
1290,14,7000,2
1291,2,1000,6
1291,3,20000,6
1291,12,20000,6
1291,13,2000,6
1291,14,1000,2
1292,2,1000,6
1292,3,3000,6
1292,12,40000,6
1292,14,7000,2
1293,2,500,6
1293,3,10000,6
1293,12,160000,6
1293,13,1000,6
1293,14,6000,2
1294,2,1000,6
1294,3,5000,6
1294,12,20000,6
1294,14,1000,2
1295,3,10000,6
1295,6,15000,6
1295,7,10000,6
1295,12,20000,6
1295,14,12000,2
1296,2,2000,6
1296,3,15000,6
1296,12,80000,6
1296,13,2000,6
1296,14,5000,2
1331,14,4600,2
1332,14,18000,2
1374,1,7000,1
1374,2,3000,1
1374,14,2000,2
1378,4,7000,2
1378,7,4000,6
1378,14,8000,2
1414,4,15000,2
1414,12,350000,6
1414,13,20000,5
1414,14,8000,2
1415,2,15000,2
1415,4,25000,2
1415,7,10000,6
1415,9,7000,6
1415,12,200000,5
1415,13,15000,5
1415,14,11000,2
1416,1,12000,2
1416,2,20000,5
1416,4,30000,2
1416,9,17000,6
1416,12,200000,6
1416,13,15000,5
1416,14,11000,2
1417,4,15000,2
1417,10,6000,5
1417,12,250000,6
1417,13,22000,5
1417,14,5000,2
1418,2,15000,5
1418,4,20000,2
1418,7,6000,6
1418,9,12000,6
1418,10,8000,5
1418,12,150000,6
1418,13,25000,5
1418,14,12000,2
1419,4,8000,2
1419,12,170000,6
1419,13,15000,5
1419,14,8000,2
1422,1,18000,2
1422,2,14000,5
1422,4,10000,2
1422,12,170000,6
1422,13,12000,5
1422,14,10000,2
1432,1,12000,2
1432,6,15000,6
1432,12,30000,6
1432,14,3000,2
1433,1,30000,2
1433,3,20000,6
1433,6,40000,6
1433,7,8000,6
1433,9,70000,6
1433,12,70000,6
1433,13,8000,6
1433,14,4000,2
1434,1,20000,2
1434,6,10000,6
1434,7,8000,6
1434,9,58000,6
1434,12,70000,6
1434,13,6000,6
1434,14,3000,2
1435,1,28000,2
1435,6,15000,6
1435,7,8000,6
1435,9,50000,6
1435,12,80000,6
1435,13,7000,6
1435,14,3000,2
1436,1,12000,2
1436,6,20000,6
1436,12,35000,6
1436,14,2000,2
1437,1,26000,2
1437,3,15000,6
1437,7,8000,6
1437,9,66000,6
1437,12,50000,6
1437,13,6000,6
1437,14,3000,2
1438,1,14000,2
1438,7,4000,6
1438,9,38000,6
1438,12,40000,6
1438,13,5000,6
1438,14,3000,2
1439,1,14000,2
1439,3,12000,6
1439,6,10000,6
1439,14,2000,2
1440,1,12000,2
1440,6,10000,6
1440,14,1000,2
1442,2,10000,1
1442,12,400000,1
1442,13,5000,6
1442,14,3000,2
1443,1,50000,1
1443,2,300000,1
1443,12,10000,1
1443,14,5000,2
1443,15,5000,6
1444,1,40000,1
1444,2,60000,2
1444,3,150000,6
1445,1,8000,1
1445,2,10000,1
1445,14,3000,2
1446,2,2000,1
1446,12,17000,1
1446,14,3000,2
1447,1,6000,2
1447,2,18000,1
1447,12,15000,1
1448,1,8000,1
1448,2,40000,1
1448,12,550000,1
1448,14,4500,2
1449,1,48000,1
1449,2,120000,1
1449,12,16000,1
1449,14,2300,2
1460,2,6000,1
1468,1,28000,2
1468,2,45000,1
1468,3,2000,6
1468,4,115000,2
1468,7,15000,6
1468,9,45000,6
1468,10,10000,1
1468,12,250000,1
1468,13,25000,1
1468,14,38000,2
1468,16,3000,1
1469,1,6000,2
1469,2,12000,1
1469,3,1500,6
1469,4,8000,2
1469,10,5000,6
1469,14,5000,2
1470,1,36000,2
1470,2,60000,1
1470,4,105000,2
1470,9,25000,6
1470,10,5000,1
1470,14,38000,2
1471,1,36000,2
1471,2,140000,1
1471,3,45000,1
1471,4,100000,2
1471,6,30000,6
1471,9,65000,6
1471,12,280000,1
1471,13,30000,1
1471,14,35000,2
1471,16,3000,1
1472,1,6000,2
1472,2,84000,1
1472,3,1000,6
1472,4,75000,2
1472,9,48000,6
1472,14,32000,2
1473,1,6000,2
1473,2,12000,1
1473,3,1000,6
1473,4,10000,2
1473,14,5000,2
1476,4,10000,2
1480,14,13000,2
1486,1,130000,4
1486,2,145000,4
1486,3,700000,4
1486,4,60000,2
1486,6,150000,6
1486,7,45000,6
1486,9,120000,6
1487,1,140000,4
1487,2,160000,4
1487,3,100000,4
1487,4,70000,2
1487,6,170000,6
1487,7,85000,4
1487,9,135000,6
1488,1,110000,4
1488,2,130000,4
1488,3,65000,4
1488,4,60000,2
1488,6,100000,6
1488,7,70000,6
1488,9,115000,6
1489,1,120000,4
1489,2,136000,4
1489,3,89000,4
1489,4,56000,2
1489,6,133000,6
1489,7,70000,6
1489,9,118000,6
1490,1,110000,4
1490,2,131000,4
1490,3,96000,4
1490,4,52000,2
1490,6,120000,6
1490,9,100000,6
1491,1,10000,4
1491,2,112000,4
1491,3,40000,4
1491,4,38000,2
1491,6,80000,6
1491,7,60000,6
1491,9,110000,6
1492,1,13000,4
1492,2,118000,4
1492,3,72000,4
1492,4,53000,2
1492,6,125000,6
1492,7,30000,6
1492,9,126000,6
1493,1,80000,4
1493,2,92000,4
1493,3,20000,4
1493,4,20000,2
1493,7,20000,6
1493,9,85000,6
1494,1,100000,4
1494,2,116000,4
1494,3,70000,4
1494,4,50000,2
1494,6,100000,6
1494,7,50000,6
1494,9,88000,6
1496,12,1400000,6
1498,4,50000,2
1498,14,5000,2
1504,1,35000,1
1504,4,8000,2
1504,5,20000,6
1504,6,10000,6
1504,14,10000,2
1513,3,4000,6
1513,4,8000,2
1513,7,10000,6
1513,9,30000,6
1513,14,3000,2
1514,3,4000,6
1514,4,15000,2
1514,7,20000,6
1514,9,35000,6
1514,13,4000,2
1514,14,8000,2
1515,3,4000,6
1515,4,15000,2
1515,7,30000,6
1515,9,35000,6
1515,14,8000,2
1516,3,3000,6
1516,4,12000,2
1516,7,15000,6
1516,9,35000,6
1516,13,8000,2
1516,14,5000,2
1517,3,3000,6
1517,4,10000,2
1517,7,20000,6
1517,9,25000,6
1517,12,80000,6
1517,14,4000,2
1517,15,3000,2
1518,3,2500,6
1518,4,6000,2
1518,7,15000,6
1518,9,25000,6
1518,13,4000,2
1518,14,4000,2
1519,3,3000,6
1519,4,10000,2
1519,7,20000,6
1519,9,25000,6
1519,13,10000,2
1519,14,5000,2
1520,3,4000,6
1520,4,10000,2
1520,7,15000,6
1520,9,15000,6
1520,14,4000,2
1521,3,3000,6
1521,4,15000,2
1521,7,15000,6
1521,9,25000,6
1521,13,5000,2
1521,14,5000,2
1522,1,7200,2
1522,2,2000,6
1522,3,3000,6
1522,7,20000,6
1522,9,25000,6
1522,12,50000,6
1522,13,3000,6
1522,14,8000,2
1523,1,7200,2
1523,2,3000,6
1523,3,6000,6
1523,14,8000,2
1524,1,7200,2
1524,2,3000,6
1524,3,5000,6
1524,7,30000,6
1524,9,20000,6
1524,12,80000,6
1524,13,5000,6
1524,14,8000,2
1525,1,7200,2
1525,2,3000,6
1525,3,5000,6
1525,7,20000,6
1525,9,20000,6
1525,12,80000,6
1525,13,3000,6
1525,14,8000,2
1526,1,7200,6
1526,2,1500,6
1526,3,6000,6
1526,7,25000,6
1526,9,20000,6
1526,12,150000,6
1526,13,5000,6
1526,14,8000,2
1526,16,1000,6
1527,1,14400,2
1527,2,3000,6
1527,3,10000,6
1527,7,30000,6
1527,9,25000,6
1527,12,100000,6
1527,13,3000,6
1527,14,8000,2
1528,1,7200,2
1528,2,3000,6
1528,3,5000,6
1528,14,8000,2
1529,1,7200,2
1529,2,2000,6
1529,3,4000,6
1529,7,20000,6
1529,9,15000,6
1529,12,80000,6
1529,13,3000,6
1529,14,8000,6
1530,1,7200,2
1530,2,2000,6
1530,3,4000,6
1530,14,8000,2
1532,2,4500,6
1532,3,2000,6
1538,3,3500,6
1544,3,10000,6
1544,14,1500,2
1545,3,8000,6
1545,14,1000,2
1546,3,9000,6
1546,14,1200,2
1549,2,1500,2
1549,3,5000,6
1549,6,80000,6
1549,7,6000,6
1549,9,12000,6
1549,12,160000,6
1549,14,2500,2
1549,15,8000,6
1550,2,2000,2
1550,3,5000,6
1550,6,84000,6
1550,7,20000,6
1550,9,20000,6
1550,12,100000,6
1550,14,2500,2
1550,15,16000,6
1551,2,3000,2
1551,3,40000,6
1551,7,100000,6
1551,9,100000,6
1551,12,100000,6
1551,14,11000,2
1551,15,60000,6
1552,2,1000,2
1552,3,5000,6
1552,6,100000,6
1552,7,180000,6
1552,14,10000,2
1552,15,40000,6
1553,7,6000,6
1553,12,60000,6
1553,14,3000,2
1554,14,1700,2
1555,2,2000,2
1555,3,3000,6
1555,6,70000,6
1555,7,6000,6
1555,9,10000,6
1555,12,60000,6
1555,14,2500,2
1555,15,12000,6
1556,2,1500,2
1556,3,10000,6
1556,7,15000,6
1556,9,10000,6
1556,12,60000,6
1556,14,7000,2
1557,2,2000,2
1557,3,10000,6
1557,6,18000,6
1557,7,12000,6
1557,12,120000,6
1557,14,12000,2
1557,15,4000,6
1558,1,16000,2
1558,2,3000,2
1558,3,30000,6
1558,4,5000,2
1558,7,5000,6
1558,12,180000,6
1558,13,5000,2
1558,14,6000,2
1559,1,8000,2
1559,2,4000,1
1559,3,30000,6
1559,4,12000,2
1559,6,35000,6
1559,7,10000,6
1559,9,40000,6
1559,12,100000,6
1559,13,10000,2
1559,14,7000,2
1560,1,6000,2
1560,2,8000,1
1560,3,20000,6
1560,4,10000,2
1560,6,13000,6
1560,7,12000,6
1560,9,100000,6
1560,12,48000,6
1560,13,5000,2
1560,14,5000,2
1561,1,6000,2
1561,2,2000,1
1561,3,60000,6
1561,7,7000,6
1561,10,3700,6
1561,12,100000,6
1561,13,2000,2
1561,14,6000,2
1562,2,5000,1
1562,4,4000,2
1562,6,13000,6
1562,9,50000,6
1562,12,200000,6
1562,13,10000,2
1562,14,15000,2
1563,2,3000,1
1563,3,30000,1
1563,4,30000,2
1563,12,40000,6
1563,14,6000,2
1564,1,8000,2
1564,2,10000,1
1564,3,60000,6
1564,4,36000,2
1564,6,30000,6
1564,7,6000,6
1564,10,3000,1
1564,12,200000,6
1564,13,10000,2
1564,14,30000,2
1565,1,6000,2
1565,2,1500,1
1565,3,30000,6
1565,14,5000,2
1566,1,4000,2
1566,2,2000,1
1566,4,5000,2
1566,14,6000,2
1572,12,86400,1
1572,13,5000,1
1574,12,57600,1
1595,14,5000,2
1601,14,6000,2
1602,2,20000,1
1602,4,30000,2
1602,9,25000,6
1602,12,150000,6
1602,13,10000,2
1602,14,7000,2
1630,1,45000,2
1630,2,16000,1
1630,3,55000,6
1630,4,2000,2
1630,7,18000,6
1630,9,85000,6
1630,12,65000,6
1630,13,4000,2
1630,14,15000,2
1630,16,3000,2
1631,1,8000,2
1631,2,4000,1
1631,3,7000,6
1631,4,1000,2
1631,6,25000,6
1631,7,8000,6
1631,9,55000,6
1631,12,25000,6
1631,13,2000,2
1631,14,4000,2
1632,1,35000,2
1632,2,18000,1
1632,3,45000,6
1632,4,4000,2
1632,7,16000,6
1632,9,95000,6
1632,14,9000,2
1632,16,2000,1
1633,1,16000,2
1633,2,9000,1
1633,3,24000,6
1633,4,1500,2
1633,5,144000,6
1633,11,300000,6
1633,12,120000,6
1633,13,3000,2
1633,14,1500,2
1633,16,1000,6
1634,1,42000,2
1634,2,16000,1
1634,3,35000,6
1634,4,3000,2
1634,7,12000,6
1634,9,35000,6
1634,14,3000,2
1634,16,1000,1
1635,1,60000,2
1635,2,22000,1
1635,3,45000,6
1635,4,5000,2
1635,7,25000,6
1635,9,130000,6
1635,12,125000,6
1635,13,6000,2
1635,14,11000,2
1635,16,3000,1
1636,1,18000,2
1636,2,12000,1
1636,3,41000,6
1636,4,1500,2
1636,7,18000,6
1636,9,75000,6
1636,12,120000,6
1636,13,65000,2
1636,14,5000,2
1636,16,1000,1
1637,1,56000,2
1637,2,18000,1
1637,3,50000,6
1637,4,4000,2
1637,7,24000,6
1637,9,140000,6
1637,12,1150000,6
1637,13,6000,2
1637,14,17000,2
1637,16,3000,6
1638,1,60000,2
1638,2,25000,1
1638,3,80000,6
1638,4,8000,2
1638,7,24000,6
1638,9,140000,6
1638,12,124000,6
1638,13,6000,2
1638,14,11000,2
1638,16,3000,1
1640,7,5000,6
1640,9,40000,6
1640,12,80000,6
1640,13,3000,6
1640,15,12000,2
1641,14,8000,2
1642,1,18000,2
1642,7,12000,6
1642,9,120000,6
1642,12,150000,6
1642,14,15000,2
1643,1,18000,2
1643,7,10000,6
1643,9,150000,6
1643,12,200000,6
1643,13,5000,6
1643,14,16000,2
1644,7,5000,6
1644,9,30000,6
1644,12,150000,6
1644,14,8000,2
1645,14,13000,2
1646,7,3000,6
1646,9,25000,6
1646,14,8000,2
1647,1,24000,2
1647,7,12000,6
1647,9,140000,6
1647,12,50000,6
1647,14,16000,2
1657,1,120000,2
1657,2,6000,6
1657,7,25000,6
1657,9,40000,6
1657,14,32000,2
1657,15,8000,2
1658,1,132000,2
1658,2,5000,6
1658,7,30000,6
1658,9,54000,6
1658,14,37000,2
1658,15,12000,2
1659,1,100000,2
1659,2,3000,6
1659,7,25000,6
1659,9,40000,6
1659,14,30000,2
1659,15,12000,2
1660,1,100000,2
1660,2,5000,6
1660,7,25000,6
1660,9,40000,6
1660,14,35000,2
1660,15,12000,2
1661,1,150000,2
1661,2,8000,6
1661,7,42000,6
1661,9,65000,6
1661,14,40000,2
1661,15,12000,2
1662,1,170000,2
1662,2,8000,6
1662,7,50000,6
1662,9,70000,6
1662,14,48000,2
1662,15,16000,2
1663,1,115000,2
1663,2,7000,6
1663,7,25000,6
1663,9,40000,6
1663,14,24000,2
1663,15,12000,2
1665,1,176000,2
1665,2,5000,6
1665,7,54000,6
1665,9,70000,6
1665,14,48000,2
1665,15,20000,2
1675,1,2500,6
1675,2,3000,6
1676,1,3000,6
1676,2,10000,6
1677,2,4000,6
1677,4,5000,2
1677,14,2000,2
1678,1,2500,6
1678,2,15000,6
1678,3,5000,6
1679,1,2500,6
1679,2,5000,6
1679,3,2000,6
1680,1,3000,6
1680,2,10000,6
1681,1,4000,6
1681,2,12000,6
1681,3,7000,6
1682,1,3500,6
1682,2,13000,6
1682,3,4500,6
1682,14,6000,2
1683,2,15000,6
1683,3,3000,6
1683,14,3700,2
1684,3,1000,6
1684,4,7000,2
1684,9,60000,6
1684,12,40000,6
1684,13,2000,2
1684,14,5800,2
1685,2,10000,1
1685,4,6000,2
1685,12,100000,1
1685,13,2000,1
1685,14,5700,2
1686,1,6000,2
1686,2,15000,1
1686,4,4000,2
1686,12,25000,1
1686,14,3000,2
1687,3,3000,6
1687,4,4000,2
1687,12,100000,6
1687,13,5000,1
1687,14,4800,2
1688,1,12000,2
1688,2,10000,1
1688,4,8000,2
1688,9,100000,6
1688,12,40000,1
1688,13,7000,1
1688,14,6800,2
1689,1,24000,2
1689,2,10000,1
1689,4,23000,2
1689,9,50000,6
1689,12,80000,6
1689,13,10000,1
1689,14,7500,2
1690,1,4000,2
1690,3,1500,1
1690,4,8000,2
1690,14,6600,2
1691,4,4500,2
1691,12,50000,1
1691,14,5200,2
1692,1,6000,2
1692,2,10000,1
1692,4,7000,2
1692,12,30000,1
1692,14,4600,2
1693,2,8000,1
1693,7,100000,1
1693,9,65000,6
1693,13,15000,1
1693,14,20000,2
1693,16,10000,1
1694,1,3000,1
1694,2,10000,1
1694,7,80000,1
1694,9,50000,6
1694,12,30000,1
1694,13,10000,1
1694,14,15000,2
1694,16,10000,1
1695,1,3000,1
1695,12,60000,6
1695,14,4000,2
1696,1,5000,1
1696,7,90000,1
1696,9,100000,6
1696,13,15000,1
1696,14,30000,2
1696,16,10000,1
1697,1,3000,1
1697,2,10000,1
1697,12,15000,1
1697,14,2500,2
1698,1,10000,1
1698,2,7000,1
1698,7,100000,1
1698,9,80000,6
1698,13,30000,1
1698,14,18000,2
1698,16,10000,1
1699,1,4000,1
1699,7,40000,1
1699,9,35000,6
1699,13,4000,1
1699,14,13000,2
1699,16,3000,1
1700,1,3000,1
1700,7,80000,1
1700,9,60000,6
1700,13,10000,1
1700,14,13000,2
1700,16,5000,1
1701,1,3000,1
1701,2,5000,1
1701,7,50000,1
1701,9,45000,6
1701,13,3000,1
1701,14,12000,2
1701,16,5000,1
1702,2,4500,6
1702,3,2500,6
1702,7,12000,6
1702,12,85000,6
1702,13,2400,2
1702,14,3000,2
1703,2,4700,6
1703,3,5000,6
1703,4,8000,5
1703,7,30000,6
1703,9,7000,6
1703,14,5700,2
1703,16,4000,6
1704,2,6000,6
1704,3,7000,6
1704,7,18000,6
1704,9,27000,6
1704,12,160000,6
1704,13,3000,6
1704,14,7200,2
1705,2,6500,6
1705,3,4700,6
1705,14,6500,6
1706,2,4000,6
1706,3,5000,6
1706,14,6200,2
1707,2,24700,6
1707,3,5600,6
1707,4,5000,5
1707,7,17000,6
1707,12,71000,6
1707,14,4500,2
1708,2,24000,6
1708,3,3500,6
1708,4,4700,5
1708,7,7000,6
1708,12,17000,6
1708,14,7800,6
1709,2,3000,6
1709,3,4000,6
1709,7,13000,6
1710,2,12000,6
1710,3,5400,6
1710,4,6000,5
1710,7,20000,6
1710,9,15000,6
1710,12,18000,6
1710,14,7000,6
1720,2,70000,2
1720,3,15000,6
1720,7,40000,6
1720,9,50000,6
1720,12,40000,6
1720,13,3000,2
1720,16,20000,1
1721,1,10000,2
1721,2,70000,5
1721,3,72000,1
1721,4,13000,5
1721,6,18000,6
1721,7,80000,6
1721,9,55000,2
1721,10,30000,1
1721,11,10000,6
1721,12,20000,6
1721,13,5000,2
1721,16,48000,1
1722,1,30000,2
1722,2,120000,5
1722,3,50000,1
1722,4,21000,2
1722,6,25000,6
1722,7,130000,6
1722,9,70000,6
1722,10,10000,1
1722,12,80000,1
1722,13,10000,2
1722,15,4500,2
1722,16,30000,1
1723,2,10000,2
1723,3,5000,6
1723,12,80000,6
1723,16,10000,1
1724,2,1000,6
1724,3,15000,6
1724,12,70000,6
1724,16,5000,1
1726,2,60000,2
1726,3,10000,6
1726,4,12000,2
1726,7,45000,6
1726,9,40000,6
1726,12,300000,1
1726,13,2000,2
1726,16,15000,1
1727,3,15000,6
1727,12,100000,6
1727,16,10000,1
1728,2,2000,6
1728,3,30000,6
1728,7,30000,6
1728,9,200000,6
1728,12,150000,6
1728,13,6000,2
1728,16,30000,1
1756,14,20000,2
1846,1,6000,6
1846,2,7000,5
1846,4,30000,2
1846,14,1000,2
1847,1,6000,2
1847,2,12000,5
1847,3,7000,6
1847,4,35000,2
1847,14,1100,2
1848,2,5000,5
1848,3,8000,6
1848,4,20000,2
1848,14,1000,2
1849,1,13000,2
1849,2,8000,5
1849,4,15000,2
1849,12,100000,5
1849,13,7000,5
1849,14,4100,2
1850,1,50000,6
1850,2,25000,6
1850,4,50000,2
1850,7,20000,6
1850,9,25000,6
1850,10,5000,5
1850,12,90000,6
1850,13,10000,5
1850,14,6000,2
1851,1,40000,2
1851,2,17000,5
1851,4,40000,2
1851,7,25000,6
1851,12,180000,6
1851,13,9000,5
1851,14,6000,2
1852,1,8000,5
1852,2,7000,5
1852,4,25000,2
1852,12,60000,5
1852,13,5000,5
1852,14,5000,2
1854,1,12000,2
1854,2,8000,5
1854,4,20000,2
1854,12,50000,5
1854,13,3000,5
1854,14,3000,2
1855,1,25000,2
1855,3,20000,6
1855,6,20000,6
1855,7,8000,6
1855,9,66000,6
1855,12,80000,6
1855,13,7000,6
1855,14,3000,2
1856,1,12000,2
1856,6,15000,6
1856,14,2000,2
1857,1,24000,2
1857,3,20000,6
1857,7,4000,6
1857,9,34000,6
1857,14,3000,2
1858,1,10000,2
1858,6,15000,6
1858,9,15000,6
1858,14,2000,2
1859,1,30000,2
1859,3,30000,6
1859,6,10000,6
1859,7,9000,6
1859,9,70000,6
1859,12,45000,6
1859,13,6000,6
1859,14,4000,2
1860,1,30000,2
1860,3,25000,6
1860,7,8000,6
1860,9,70000,6
1860,12,40000,6
1860,13,7000,6
1860,14,3000,2
1861,1,6000,2
1861,6,15000,6
1861,14,2000,2
1862,1,10000,2
1862,6,15000,6
1862,14,1000,2
1863,1,18000,2
1863,3,20000,6
1863,9,36000,6
1863,14,3000,2
1864,1,20000,2
1864,6,25000,6
1864,7,10000,6
1864,9,60000,6
1864,13,6000,6
1864,14,3000,2
1865,1,10000,2
1865,3,25000,6
1865,9,20000,6
1865,14,2000,2
1866,1,20000,2
1866,7,5000,6
1866,9,40000,6
1866,12,40000,6
1866,14,2000,2
1867,1,24000,2
1867,3,20000,6
1867,6,20000,6
1867,7,10000,6
1867,9,66000,6
1867,12,60000,6
1867,13,7000,6
1867,14,3000,2
1868,1,20000,2
1868,7,500,6
1868,9,40000,6
1868,14,2000,2
1869,1,10000,2
1869,3,20000,6
1869,12,30000,6
1869,14,2000,2
1870,1,10000,2
1870,9,25000,6
1870,14,2000,2
1871,1,25000,2
1871,6,30000,6
1871,7,12000,6
1871,9,100000,6
1871,12,30000,6
1871,13,7000,6
1871,14,4000,2
1872,1,7000,2
1872,6,10000,6
1872,12,30000,6
1872,14,2000,2
1873,1,6000,2
1873,2,60000,1
1873,3,30000,6
1873,4,25000,2
1873,12,11500,1
1873,14,22000,2
1874,1,8500,1
1874,2,90000,1
1874,14,2600,2
1875,1,6000,2
1875,2,30000,1
1875,3,25000,1
1875,4,80000,2
1875,14,50000,2
1876,1,18000,2
1876,2,25000,1
1876,4,8000,2
1876,12,15000,1
1876,14,2500,2
1877,14,2260,2
1878,1,36000,2
1878,4,14000,2
1878,12,12000,1
1878,14,30000,2
1878,15,3000,2
1879,1,12000,2
1879,2,50000,1
1879,4,15000,2
1879,12,15000,1
1879,14,18000,2
1880,1,6000,2
1880,2,3000,1
1880,4,1400,2
1880,14,2600,2
1881,1,6000,2
1881,2,10000,1
1881,12,130000,6
1900,1,12000,2
1900,2,45000,1
1900,3,2000,6
1900,4,32000,2
1900,6,45000,6
1900,7,30000,6
1900,9,45000,6
1900,10,5000,1
1900,12,50000,1
1900,13,3000,1
1900,14,29000,2
1900,16,3000,1
1901,1,18000,2
1901,2,45000,1
1901,4,30000,2
1901,6,30000,6
1901,7,30000,6
1901,14,24000,2
1902,1,6000,2
1902,2,12000,1
1902,3,2000,6
1902,4,12000,2
1902,14,5000,2
1903,1,8000,1
1903,2,10000,1
1903,3,1500,6
1903,4,12000,2
1903,13,84000,1
1903,14,5000,2
1904,2,3000,1
1904,3,1000,6
1904,4,8000,2
1904,14,4000,2
1905,1,36000,2
1905,2,40000,1
1905,3,1500,6
1905,4,52000,2
1905,6,30000,6
1905,7,20000,6
1905,9,25000,6
1905,10,5000,1
1905,12,75000,1
1905,13,5000,1
1905,14,49000,2
1906,14,3000,2
1907,1,36000,2
1907,2,150000,1
1907,3,45000,1
1907,4,78000,2
1907,6,30000,6
1907,7,45000,6
1907,9,65000,6
1907,10,5000,1
1907,14,39000,2
1908,4,8000,2
1908,14,4000,2
1909,2,50000,6
1909,4,65000,2
1909,14,25000,2
1910,12,80000,6
1910,13,4000,6
1910,14,13000,2
1911,1,40000,6
1911,2,25000,6
1911,4,85000,2
1911,12,20000,6
1911,13,1000,6
1911,14,13000,2
1912,12,40000,6
1912,13,5000,6
1913,12,30000,6
1913,13,5000,6
1913,15,13000,2
1914,4,25000,2
1914,9,15000,6
1914,13,2500,2
1914,14,18000,2
1915,1,50000,2
1915,2,20000,2
1915,4,80000,2
1915,7,30000,6
1915,14,26000,2
1915,15,25000,6
1916,2,30000,6
1916,4,80000,2
1916,6,40000,6
1916,7,90000,6
1916,14,15000,2
1917,1,40000,2
1917,2,25000,2
1917,4,100000,2
1917,7,10000,6
1917,9,30000,6
1917,13,50000,6
1917,14,26000,2
1917,16,20000,6
1919,12,118000,6
1919,13,6500,6
1920,12,88000,6
1920,13,7000,6
1921,12,200000,6
1921,13,10000,6
1945,3,5000,6
1945,7,12000,6
1945,9,40000,6
1945,13,5000,2
1945,14,4000,2
1945,16,10000,6
1946,3,4000,6
1946,7,18000,6
1946,9,45000,6
1946,12,50000,6
1946,14,5000,2
1947,3,4000,6
1947,7,50000,6
1947,12,60000,6
1947,13,10000,2
1947,14,5000,2
1948,3,3000,6
1948,7,10000,6
1948,9,35000,6
1948,13,10000,2
1948,14,4000,2
1949,3,3000,6
1949,7,10000,6
1949,9,30000,6
1949,14,3000,2
1950,2,2000,6
1950,3,2000,6
1950,7,15000,6
1950,9,45000,6
1950,13,10000,2
1950,14,5000,2
1951,3,3000,6
1951,7,18000,6
1951,9,50000,6
1951,13,12000,2
1951,14,5000,2
1952,7,15000,6
1952,9,40000,6
1952,14,5000,2
1954,2,1500,6
1954,3,2000,6
1954,14,6000,2
1955,2,3000,6
1955,3,5000,6
1955,9,15000,6
1955,14,8000,2
1956,2,1500,6
1956,3,3000,6
1956,14,6000,2
1957,1,7200,2
1957,2,300,6
1957,3,6000,6
1957,12,150000,6
1957,13,3000,6
1957,14,8000,2
1958,2,2000,6
1958,3,5000,6
1958,12,80000,6
1958,13,3000,6
1958,14,8000,2
1960,2,1500,6
1960,3,3000,6
1960,14,6000,2
1961,1,7200,2
1961,2,3000,6
1961,3,6000,6
1961,12,120000,6
1961,14,8000,2
1963,2,4500,6
1963,3,6000,6
1963,12,190000,6
1964,2,7600,6
1964,3,8500,6
1966,3,1500,6
1967,2,8000,6
1967,3,6000,6
1967,12,250000,1
1969,2,4000,6
1969,3,4000,6
1971,2,7000,6
1971,3,6000,6
1971,12,180000,6
1981,14,1420,2
1982,14,3500,2
1983,2,2000,2
1983,3,1000,6
1983,6,20000,6
1983,7,30000,6
1983,9,30000,6
1983,12,80000,6
1983,14,6000,2
1984,14,2000,2
1985,14,1500,2
1986,2,500,2
1986,3,4500,6
1986,14,1500,2
1987,2,300,2
1987,3,2000,6
1987,6,12000,6
1987,12,60000,6
1987,14,500,2
1988,2,5000,2
1988,3,1500,6
1988,6,30000,6
1988,7,30000,6
1988,9,40000,6
1988,12,80000,6
1988,14,12000,2
1989,2,200,6
1989,3,1000,6
1989,12,20000,6
1989,14,1600,2
2008,1,6000,2
2008,2,3000,6
2008,3,3000,6
2008,7,10000,6
2008,12,45000,6
2008,13,1500,2
2008,14,2000,2
2009,1,6000,6
2009,2,3000,6
2009,3,2500,6
2009,7,20000,6
2009,12,80000,6
2009,13,1500,2
2009,14,2000,2
2010,1,5000,6
2010,2,1500,6
2010,12,30000,6
2010,14,1500,2
2011,1,6000,6
2011,2,2000,6
2011,12,100000,6
2011,13,500,2
2011,14,1500,2
2012,2,1500,6
2012,7,15000,6
2012,12,60000,6
2012,13,500,2
2012,14,1500,2
2013,1,6000,6
2013,2,2500,6
2013,7,30000,6
2013,12,12000,6
2013,13,1500,2
2013,14,1500,2
2013,15,11000,6
2014,1,6000,6
2014,2,2500,6
2014,3,2000,6
2014,7,20000,6
2014,12,50000,6
2014,13,3000,2
2014,14,2000,2
2015,2,1500,6
2015,3,3000,6
2015,7,20000,6
2015,12,130000,6
2015,13,1500,2
2015,14,2000,2
2016,1,3000,6
2016,2,1500,6
2016,3,2500,6
2016,7,15000,6
2016,12,30000,6
2016,13,1500,2
2016,14,2000,2
2026,14,3000,2
2028,14,3000,2
2029,14,2000,2
2032,14,5000,2
2062,1,35000,2
2062,2,14000,1
2062,3,42000,6
2062,5,140000,6
2062,7,18000,6
2062,9,50000,6
2062,11,45000,6
2062,12,360000,6
2062,13,35000,2
2062,14,8000,2
2062,16,1500,1
2063,1,73000,2
2063,2,18000,1
2063,3,65000,6
2063,6,14000,6
2063,7,23000,6
2063,9,210000,6
2063,12,45000,6
2063,13,9000,2
2063,14,52000,2
2063,16,4000,2
2064,1,85000,2
2064,2,16000,1
2064,3,75000,6
2064,7,23000,6
2064,9,340000,6
2064,12,85000,6
2064,13,9500,2
2064,14,59000,2
2064,16,4000,1
2065,1,36000,2
2065,2,15000,1
2065,3,65000,6
2065,6,17000,6
2065,7,21000,6
2065,9,135000,6
2065,12,115000,6
2065,13,8000,2
2065,14,38000,2
2065,16,3000,1
2066,1,14000,2
2066,2,6000,1
2066,3,40000,6
2066,7,28000,6
2066,9,155000,6
2066,12,30000,6
2066,13,8000,2
2066,14,38000,2
2066,16,1000,1
2067,1,68000,2
2067,2,24000,1
2067,3,75000,6
2067,7,23000,6
2067,9,178000,6
2067,12,125000,6
2067,13,12000,2
2067,14,28000,2
2067,16,4000,1
2068,1,148000,2
2068,2,19000,1
2068,3,85000,6
2068,9,245000,6
2068,11,45000,6
2068,12,215000,6
2068,13,28000,2
2068,14,62000,2
2068,16,3000,1
2069,1,90000,2
2069,2,26000,1
2069,3,65000,6
2069,7,28000,6
2069,9,215000,6
2069,12,145000,6
2069,13,18000,2
2069,14,24000,2
2069,16,4000,1
2070,1,140000,2
2070,2,26000,1
2070,3,75000,6
2070,5,130000,6
2070,10,40000,6
2070,11,130000,6
2070,12,80000,6
2070,13,8000,2
2070,14,63000,2
2070,16,4000,1
2072,1,24000,2
2072,7,20000,6
2072,9,300000,6
2072,13,5000,6
2072,14,30000,2
2073,7,4000,6
2073,9,40000,6
2073,14,8000,2
2074,1,30000,2
2074,7,18000,6
2074,9,300000,6
2074,13,5000,6
2074,14,35000,6
2075,1,24000,2
2075,7,10000,6
2075,9,130000,6
2075,13,5000,6
2075,14,12000,2
2076,7,5000,6
2076,9,40000,6
2076,14,10000,2
2077,1,18000,2
2077,7,12000,6
2077,9,180000,6
2077,13,3000,6
2077,14,30000,2
2078,7,12000,6
2078,9,200000,6
2078,13,5000,6
2079,1,30000,2
2079,7,16000,6
2079,9,270000,6
2079,13,5000,6
2079,14,40000,2
2080,1,6000,2
2080,3,3000,6
2080,4,5000,2
2080,7,50000,6
2080,12,160000,6
2080,13,7000,2
2080,14,5000,2
2081,1,8000,2
2081,2,2000,2
2081,3,6000,6
2081,4,8000,2
2081,7,50000,6
2081,9,80000,6
2081,12,190000,6
2081,13,12000,2
2081,14,8000,2
2083,1,3000,2
2083,3,3500,6
2083,4,2500,2
2083,12,150000,6
2083,13,5000,2
2083,14,3000,2
2085,1,2500,2
2085,3,4000,6
2085,4,3000,2
2085,12,180000,6
2085,13,6000,2
2085,14,4000,2
2086,1,4000,2
2086,2,2000,2
2086,3,5000,6
2086,4,3000,2
2086,14,2500,2
2087,1,2500,2
2087,2,1000,2
2087,3,2000,6
2087,4,2000,2
2087,14,2000,2
2088,1,3000,2
2088,2,1500,2
2088,3,2000,6
2088,4,3000,2
2088,14,2500,2
2116,3,9000,6
2116,9,300000,6
2116,12,150000,6
2116,13,20000,1
2116,14,8000,2
2117,1,12000,2
2117,9,100000,6
2117,12,30000,6
2117,13,2000,1
2117,14,7100,2
2118,2,5000,1
2118,9,50000,6
2118,12,120000,1
2118,13,5000,1
2118,14,7500,2
2119,1,6000,2
2119,2,2000,1
2119,3,2000,6
2119,9,200000,6
2119,13,2000,1
2119,14,7200,2
2120,2,30000,1
2120,9,100000,6
2120,12,120000,6
2120,13,5000,1
2120,14,8200,2
2121,2,3000,1
2121,5,180000,6
2121,9,30000,6
2121,12,50000,1
2121,13,5000,1
2121,14,5000,2
2122,1,6000,2
2122,2,10000,1
2122,9,50000,6
2122,12,460000,6
2122,13,13000,1
2122,14,3700,2
2123,9,40000,6
2123,12,24000,1
2123,13,2000,1
2123,14,4000,2
2124,14,4800,2
2125,1,5000,1
2125,2,10000,1
2125,4,60000,2
2125,7,25000,1
2125,9,20000,6
2125,14,11000,2
2125,16,5000,1
2126,1,3000,1
2126,2,5000,1
2126,4,63000,2
2126,7,25000,1
2126,9,20000,6
2126,14,10200,2
2126,16,5000,1
2127,1,3500,1
2127,2,5000,1
2127,4,65000,2
2127,7,40000,1
2127,9,30000,6
2127,13,5000,1
2127,14,12000,2
2127,16,10000,1
2128,1,5000,1
2128,2,7000,1
2128,4,40000,2
2128,7,50000,1
2128,9,30000,6
2128,12,50000,1
2128,14,10000,2
2128,16,5000,1
2129,1,5000,1
2129,2,10000,1
2129,4,120000,2
2129,7,30000,1
2129,9,25000,6
2129,12,110000,6
2129,14,15000,2
2129,16,10000,1
2130,1,4000,1
2130,2,7000,1
2130,4,40000,2
2130,12,50000,1
2130,14,15000,2
2131,1,10000,1
2131,2,8000,1
2131,4,70000,2
2131,7,45000,1
2131,9,35000,6
2131,13,10000,1
2131,14,11000,2
2131,16,7000,1
2132,2,10000,1
2132,4,140000,2
2132,7,35000,1
2132,9,30000,6
2132,13,10000,1
2132,14,20000,2
2132,16,5000,1
2133,2,15000,1
2133,4,58000,2
2133,7,25000,1
2133,9,20000,6
2133,12,50000,1
2133,14,8500,2
2133,16,5000,1
2134,3,15000,6
2134,12,100000,6
2135,3,10000,6
2135,12,50000,6
2136,2,1000,6
2136,3,20000,6
2136,7,20000,6
2136,9,35000,6
2136,12,200000,6
2136,13,2000,2
2136,16,20000,1
2137,2,30000,6
2137,3,15000,6
2137,4,1000,2
2137,7,20000,6
2137,16,25000,1
2138,3,20000,6
2138,12,60000,6
2139,2,2000,6
2139,3,20000,6
2139,12,250000,6
2139,13,2000,2
2139,16,30000,1
2140,3,15000,6
2140,12,150000,6
2140,16,20000,1
2141,2,1000,6
2141,3,2000,6
2141,12,90000,6
2141,16,25000,1
2142,2,1000,6
2142,3,15000,6
2142,7,20000,6
2142,9,25000,6
2142,12,400000,6
2142,13,2000,2
2142,16,30000,1
2149,12,24000,6
2150,12,16000,6
2152,3,2000,6
2152,12,20000,6
2155,3,4000,6
2156,3,2000,6
2156,6,2000,6
2157,3,3000,6
2158,12,30000,6
2159,3,4000,6
2159,12,20000,6
2160,12,25000,6
2198,2,10000,5
2198,14,2000,2
2199,2,5000,5
2205,13,10000,6
2287,1,10000,2
2287,9,20000,6
2287,14,1000,2
2288,1,15000,2
2288,3,10000,6
2288,9,28000,6
2288,12,35000,6
2288,14,3000,2
2289,1,12000,2
2289,9,25000,6
2289,12,28000,6
2289,14,3000,2
2290,1,12000,2
2290,9,20000,6
2290,14,3000,2
2291,1,20000,2
2291,3,15000,2
2291,6,10000,6
2291,9,25000,6
2291,12,35000,6
2291,14,2000,2
2292,1,30000,2
2292,3,20000,6
2292,6,30000,6
2292,7,10000,6
2292,9,80000,6
2292,12,85000,6
2292,13,8000,6
2292,14,4000,2
2293,1,30000,2
2293,3,30000,6
2293,7,10000,6
2293,9,85000,6
2293,12,98000,6
2293,13,8000,6
2293,14,5000,2
2294,1,28000,2
2294,3,20000,6
2294,7,11000,6
2294,9,80000,6
2294,12,150000,6
2294,13,7000,6
2294,14,4000,2
2295,1,10000,2
2295,6,10000,6
2295,9,15000,6
2295,14,2000,2
2296,2,5000,6
2296,4,4000,5
2296,14,2500,2
2297,1,6000,2
2297,2,6000,6
2297,3,3000,6
2297,4,10000,5
2297,6,10000,6
2297,14,2000,2
2298,1,12000,2
2298,2,8000,6
2298,3,5000,6
2298,4,34000,5
2298,7,8000,6
2298,9,60000,6
2298,12,35000,6
2298,13,7000,6
2298,14,3000,2
2299,1,24000,2
2299,2,7000,6
2299,4,58000,5
2299,7,5000,6
2299,9,54000,6
2299,12,12000,6
2299,14,3000,2
2300,1,7000,2
2300,2,7000,6
2300,4,10000,5
2300,12,35000,6
2300,14,3000,2
2301,1,10000,2
2301,2,6000,6
2301,4,38000,5
2301,7,8000,6
2301,9,60000,6
2301,12,30000,6
2301,13,6000,6
2301,14,3000,2
2302,2,4000,6
2302,4,4000,5
2302,14,2000,2
2303,1,10000,2
2303,2,5000,6
2303,4,38000,5
2303,7,10000,6
2303,9,60000,6
2303,12,40000,6
2303,13,7000,6
2303,14,4000,2
2304,1,7000,2
2304,2,6000,6
2304,4,38000,5
2304,7,7000,6
2304,9,60000,6
2304,12,38000,6
2304,14,4000,2
2305,1,60000,2
2305,2,150000,1
2305,4,130000,2
2305,12,30000,1
2305,14,17000,2
2306,1,6000,2
2306,2,20000,1
2306,4,5000,2
2306,14,18000,2
2307,4,15000,2
2307,14,3000,2
2308,1,8000,1
2308,2,25000,1
2308,4,40000,2
2308,12,20000,1
2308,14,7000,2
2309,1,12000,2
2309,2,150000,1
2309,3,120000,1
2309,4,55000,2
2309,12,450000,1
2309,14,10000,2
2310,1,6000,2
2310,2,15000,1
2310,4,12000,2
2310,12,7000,1
2310,14,2000,2
2311,4,25000,2
2312,14,1800,2
2313,1,6000,2
2313,2,6000,1
2313,4,26000,2
2313,14,5600,2
2314,1,6000,2
2314,2,3000,2
2314,3,2000,2
2314,14,3000,2
2315,1,18000,2
2315,2,50000,4
2315,4,7500,2
2315,6,20000,6
2315,7,20000,6
2315,9,80000,6
2315,12,70000,6
2315,14,7900,2
2315,16,100000,5
2316,1,18000,2
2316,2,30000,4
2316,3,25000,6
2316,7,20000,6
2316,9,20000,6
2316,14,2700,2
2316,16,20000,6
2317,1,12000,2
2317,2,2500,6
2317,3,3000,6
2317,14,2500,2
2317,16,3000,6
2318,1,6000,2
2318,2,3000,4
2318,3,2000,4
2318,12,25000,6
2318,14,3600,2
2319,1,12000,2
2319,2,6000,4
2319,3,5000,6
2319,14,2000,2
2319,16,20000,6
2320,1,6000,2
2320,2,2000,2
2320,3,1500,6
2320,14,4000,2
2320,16,10000,4
2321,1,6000,2
2321,2,2000,2
2321,3,3000,6
2321,12,30000,6
2321,14,2000,2
2321,16,3000,4
2322,1,18000,2
2322,2,20000,5
2322,3,20000,5
2322,12,80000,6
2322,13,1000,6
2322,14,4000,2
2322,16,50000,5
2343,1,20000,6
2350,1,70000,4
2350,2,116000,4
2350,3,45000,4
2350,16,130000,6
2351,1,100000,4
2351,2,135000,6
2351,3,80000,4
2351,4,46000,2
2351,6,100000,6
2351,9,75000,6
2351,12,280000,6
2351,13,10000,6
2352,1,70000,4
2352,2,96000,4
2352,3,60000,6
2352,4,35000,2
2352,9,65000,6
2353,1,40000,4
2353,2,88000,4
2353,3,40000,4
2353,9,50000,6
2353,12,350000,6
2353,13,12000,6
2354,1,90000,4
2354,2,116000,4
2354,3,60000,4
2354,4,40000,2
2354,6,120000,6
2354,9,115000,6
2355,1,80000,4
2355,2,116000,4
2355,3,50000,4
2355,4,38000,2
2355,6,76000,6
2355,9,88000,6
2356,1,90000,4
2356,2,116000,4
2356,3,48000,4
2356,4,46000,2
2356,6,95000,6
2356,9,79000,6
2356,12,50000,6
2357,1,80000,4
2357,2,106000,4
2357,3,35000,4
2357,4,36000,2
2357,6,80000,6
2357,9,65000,6
2358,1,90000,4
2358,2,107000,4
2358,3,52000,4
2358,4,42000,2
2358,9,100000,6
2358,12,188000,6
2358,13,7000,6
2359,1,45000,6
2359,2,100000,6
2359,4,60000,2
2359,9,150000,6
2359,12,800000,6
2359,14,55000,2
2360,1,100000,2
2360,2,300000,6
2360,3,20000,6
2360,4,130000,2
2360,9,200000,6
2360,12,200000,6
2360,14,20000,2
2361,1,60000,6
2361,2,60000,6
2361,4,110000,2
2361,9,100000,6
2361,12,120000,6
2361,14,50000,2
2362,1,50000,2
2362,2,120000,6
2362,4,150000,2
2362,9,220000,6
2362,12,55000,6
2362,14,22000,2
2363,1,80000,2
2363,2,170000,6
2363,3,40000,6
2363,4,200000,2
2363,9,300000,6
2363,12,100000,6
2363,14,40000,2
2364,1,200000,2
2364,2,700000,6
2364,3,30000,6
2364,4,200000,2
2364,6,800000,6
2364,7,200000,6
2364,9,120000,6
2364,12,100000,6
2364,14,75000,2
2365,1,50000,2
2365,2,130000,6
2365,3,30000,6
2365,4,132000,2
2365,9,170000,6
2365,12,80000,6
2365,14,20000,2
2366,1,25000,2
2366,2,100000,6
2366,4,10000,2
2366,9,150000,6
2366,12,120000,6
2366,14,30000,2
2367,1,50000,2
2367,2,130000,6
2367,4,80000,2
2367,9,100000,6
2367,12,500000,6
2367,14,15000,2
2369,1,8000,1
2369,3,3000,1
2369,14,1200,1
2377,3,2000,6
2377,12,150000,6
2377,14,3000,2
2378,12,130000,6
2378,14,5000,2
2379,3,3000,6
2379,7,15000,6
2379,9,35000,6
2379,12,100000,6
2379,14,4000,2
2380,3,4000,6
2380,12,150000,6
2380,14,3000,2
2381,3,3000,6
2381,12,150000,6
2381,14,3000,2
2382,3,2000,6
2382,7,12000,6
2382,9,30000,6
2382,12,25000,6
2382,14,4000,2
2383,3,2000,6
2383,7,15000,6
2383,9,40000,6
2383,12,30000,6
2383,14,3000,2
2384,3,3000,6
2384,7,12000,6
2384,9,40000,6
2384,12,30000,6
2384,14,4000,2
2385,3,2000,6
2385,7,15000,6
2385,9,35000,6
2385,12,20000,6
2385,14,4000,2
2386,2,1000,6
2386,14,8000,2
2387,1,7200,2
2387,2,4000,6
2387,3,10000,6
2387,14,8000,2
2388,1,14400,2
2388,2,5000,6
2388,3,18000,6
2388,7,40000,6
2388,9,45000,6
2388,12,120000,6
2388,13,5000,6
2388,14,8000,2
2388,15,6000,2
2389,1,7200,2
2389,2,5000,6
2389,3,10000,6
2389,7,25000,6
2389,9,25000,6
2389,12,150000,6
2389,13,5000,6
2389,14,8000,2
2389,15,3000,2
2389,16,1000,6
2390,1,7200,2
2390,2,4000,6
2390,3,10000,6
2390,7,25000,6
2390,9,25000,6
2390,12,80000,6
2390,13,3000,6
2390,14,8000,2
2390,15,3000,2
2391,1,7200,2
2391,2,5000,6
2391,3,10000,6
2391,14,8000,2
2392,1,7200,2
2392,2,4000,6
2392,3,10000,6
2392,12,120000,6
2392,13,3000,6
2392,14,8000,2
2393,1,7200,2
2393,2,500,6
2393,3,8000,6
2393,7,25000,6
2393,9,25000,6
2393,12,100000,6
2393,13,4000,6
2393,14,8000,2
2393,15,3000,2
2394,1,7200,2
2394,2,5000,6
2394,3,18000,6
2394,12,140000,6
2394,13,4000,6
2394,14,8000,2
2396,2,1500,6
2396,3,2600,6
2397,2,3000,6
2397,3,4500,6
2397,12,38000,6
2403,2,1500,6
2403,3,3800,6
2404,3,6000,6
2404,14,1500,2
2405,2,4000,6
2405,3,15000,6
2405,7,40000,6
2405,12,250000,6
2405,13,1500,2
2405,14,2500,2
2406,2,5000,6
2406,3,18000,6
2406,12,200000,6
2406,14,3700,2
2407,2,4000,6
2407,3,10000,6
2407,14,3500,2
2408,2,3000,6
2408,3,8000,6
2408,14,1000,2
2409,2,3000,6
2409,3,13000,6
2409,12,20000,6
2409,14,1000,2
2410,3,12000,6
2410,14,700,2
2411,3,5000,6
2411,14,800,2
2412,2,2000,6
2412,3,7000,6
2412,14,1000,2
2422,1,24000,2
2422,2,10000,6
2422,3,80000,6
2422,4,10000,2
2422,12,18000,1
2422,14,40000,2
2423,1,36000,2
2423,3,20000,6
2423,4,10000,2
2423,7,20000,6
2423,9,50000,6
2423,12,90000,6
2423,13,10000,6
2423,14,10000,2
2424,2,3000,6
2424,3,20000,6
2424,4,30000,2
2424,6,46000,6
2424,7,8000,6
2424,9,100000,6
2424,15,20000,2
2425,1,60000,2
2425,2,3000,1
2425,4,10000,2
2425,6,48000,6
2425,7,25000,6
2425,9,75000,6
2425,14,7000,2
2426,1,60000,2
2426,2,30000,6
2426,4,40000,2
2426,5,100000,6
2426,6,50000,6
2426,7,16000,6
2426,9,75000,6
2426,13,10000,2
2426,14,18000,2
2426,15,60000,2
2427,3,60000,6
2427,4,10000,2
2427,7,24000,6
2428,1,18000,2
2428,2,5000,1
2428,3,25000,6
2428,4,10000,2
2428,6,24000,6
2428,7,12000,6
2428,9,50000,6
2428,13,2500,2
2428,14,5700,2
2430,1,200000,2
2430,2,100000,6
2430,3,50000,6
2430,4,30000,2
2430,6,50000,6
2430,7,28000,6
2430,9,130000,6
2430,12,100000,6
2430,13,50000,2
2430,14,30000,2
2443,14,500,2
2444,14,500,2
2446,14,500,2
2458,4,5000,2
2459,1,40000,1
2459,2,50000,1
2459,4,40000,2
2459,9,100000,6
2459,14,12000,2
2460,4,6000,2
2460,14,8000,2
2461,1,8000,1
2461,2,5000,1
2461,4,4500,2
2462,1,8000,1
2462,2,6000,1
2462,14,8000,2
2463,4,35000,2
2464,1,18000,2
2464,2,30000,1
2464,4,60000,2
2464,9,40000,6
2464,12,80000,6
2465,4,4000,2
2494,1,15000,2
2494,2,12000,1
2494,3,32000,6
2494,6,16000,6
2494,7,17000,6
2494,9,45000,6
2494,12,60000,6
2494,13,8000,2
2494,14,7000,2
2494,16,1000,1
2495,1,55000,2
2495,2,21000,1
2495,3,60000,6
2495,4,6000,2
2495,7,23000,6
2495,9,120000,6
2495,12,95000,6
2495,13,8000,2
2495,14,14000,2
2495,16,3000,6
2496,1,2000,2
2496,2,3000,1
2496,3,4000,6
2496,4,500,2
2496,14,14000,2
2497,1,35000,2
2497,2,18000,1
2497,3,45000,6
2497,4,4000,2
2497,6,8000,6
2497,7,17000,6
2497,9,95000,6
2497,13,4000,2
2497,14,15000,2
2497,16,2000,1
2498,1,26000,2
2498,2,12000,1
2498,3,42000,6
2498,4,4000,2
2498,6,12000,6
2498,7,18000,6
2498,9,135000,6
2498,14,15000,2
2498,16,2000,1
2499,1,45000,2
2499,2,12000,1
2499,3,18000,6
2499,4,7000,2
2499,6,14000,6
2499,7,18000,6
2499,9,95000,6
2499,12,30000,6
2499,13,4000,2
2499,14,15000,2
2499,16,1000,1
2500,1,60000,2
2500,2,8000,1
2500,3,15000,6
2500,4,7000,2
2500,6,14000,6
2500,9,165000,6
2500,12,186000,6
2500,13,15000,2
2500,14,15000,2
2500,16,2000,2
2501,1,85000,2
2501,2,26000,1
2501,3,75000,6
2501,4,12000,2
2501,7,26000,6
2501,9,165000,6
2501,12,215000,6
2501,13,14000,2
2501,14,17000,2
2501,16,5000,1
2502,1,120000,2
2502,2,24000,1
2502,3,85000,6
2502,4,10000,2
2502,7,25000,6
2502,9,125000,6
2502,12,145000,6
2502,13,18000,2
2502,14,7000,2
2502,16,6000,1
2503,14,5000,2
2504,14,8000,2
2505,1,18000,2
2505,7,10000,6
2505,9,90000,6
2505,13,3000,6
2505,14,14000,2
2507,1,18000,2
2507,7,12000,6
2507,9,180000,6
2507,13,3000,6
2507,14,15000,2
2511,1,24000,2
2511,7,12000,6
2511,9,200000,6
2511,12,50000,6
2511,13,3000,6
2511,14,12000,2
2514,1,5000,2
2514,2,1500,2
2514,3,4000,6
2514,7,70000,6
2514,12,250000,6
2514,13,7500,2
2515,1,6000,2
2515,2,2000,2
2515,3,5000,6
2515,7,50000,6
2515,12,320000,6
2515,13,8000,2
2515,14,6500,2
2517,1,3000,2
2517,2,1500,2
2517,3,4000,6
2517,14,5000,2
2518,1,3000,2
2518,2,1800,2
2518,3,5000,6
2518,7,50000,6
2518,12,130000,6
2518,13,7000,2
2518,14,5000,2
2519,1,1500,2
2519,2,1000,2
2519,3,3000,6
2519,14,2500,2
2520,1,1500,2
2520,2,1000,2
2520,3,2500,6
2520,14,3000,2
2539,2,5000,6
2540,1,3000,1
2540,2,5000,1
2540,7,50000,1
2540,9,35000,6
2540,13,5000,6
2540,14,10000,2
2540,16,5000,1
2541,2,5000,6
2542,1,4000,6
2542,2,7000,6
2542,7,30000,1
2542,9,25000,6
2542,14,7000,2
2542,16,5000,1
2543,1,5000,6
2543,3,10000,6
2544,1,15000,6
2544,2,8000,6
2544,4,10000,2
2544,7,30000,6
2544,9,25000,6
2544,14,15000,2
2544,16,5000,1
2545,1,15000,6
2545,2,7000,6
2545,7,100000,1
2545,9,60000,6
2545,12,100000,6
2545,14,28000,2
2545,16,10000,1
2546,1,3500,6
2546,2,5000,6
2546,3,3000,6
2547,1,10000,6
2547,2,10000,6
2547,3,6000,6
2548,2,15000,1
2548,3,3000,6
2548,5,1600000,1
2548,12,250000,6
2548,13,5000,1
2549,1,6000,2
2549,12,45000,6
2549,14,8200,2
2550,1,6000,2
2550,2,20000,1
2550,3,3000,1
2550,5,50000,1
2550,9,150000,6
2550,12,70000,6
2550,13,10000,1
2550,14,12000,2
2551,12,1000000,6
2551,13,30000,1
2551,14,56000,2
2552,2,3000,1
2552,9,200000,6
2552,12,40000,1
2552,14,4500,2
2553,1,10000,1
2553,2,2000,1
2553,9,180000,6
2553,12,40000,1
2553,14,6000,2
2554,1,6000,2
2554,2,3000,1
2554,5,35000,6
2554,9,180000,6
2554,12,80000,6
2554,13,5000,1
2554,14,8800,2
2555,1,6000,2
2555,2,2000,1
2555,9,150000,6
2555,12,70000,6
2555,14,8800,2
2556,2,4000,1
2556,3,3000,6
2556,9,160000,6
2556,12,40000,1
2556,13,20000,1
2556,14,7805,2
2557,1,3000,1
2557,2,4000,1
2557,4,2000,2
2557,12,15000,1
2558,1,5000,1
2558,2,3000,1
2558,4,3300,2
2558,12,25000,1
2558,14,5000,2
2559,12,30000,1
2560,1,4000,1
2560,2,5000,1
2560,4,11000,2
2560,14,7000,2
2561,4,3300,2
2562,1,3000,1
2562,2,5000,1
2562,4,8000,2
2562,12,10000,1
2562,14,3000,2
2565,14,15000,2
2566,2,4000,6
2566,3,4000,6
2566,4,5000,5
2566,7,25000,6
2566,9,45000,6
2566,12,32000,6
2566,16,15000,6
2567,2,33000,5
2567,3,6000,6
2567,4,7000,5
2567,7,15000,6
2567,12,75000,6
2567,13,4000,6
2567,16,4500,6
2569,2,30000,5
2569,3,7000,6
2569,4,8000,5
2569,7,18000,6
2569,9,23000,6
2569,12,70000,6
2569,13,4000,2
2569,16,5000,6
2570,2,35000,5
2570,3,4000,6
2570,4,8000,5
2570,7,10000,6
2570,9,2000,6
2570,16,4000,6
2571,2,35000,5
2571,3,6000,6
2571,4,10000,6
2571,7,20000,6
2571,16,5000,6
2572,2,7000,6
2572,3,4000,6
2572,4,5000,5
2572,12,75000,6
2573,2,14000,6
2573,3,16000,6
2573,4,5000,5
2573,7,15000,6
2573,9,45000,6
2573,12,48000,6
2573,13,5000,2
2573,16,6000,6
2574,4,4000,5
2574,12,60000,6
2574,16,4000,6
2575,2,2000,6
2575,3,20000,6
2575,12,200000,6
2576,3,15000,6
2576,12,60000,6
2577,3,15000,6
2577,12,50000,6
2578,3,10000,6
2578,12,35000,6
2579,2,1000,6
2579,3,15000,6
2579,12,50000,6
2580,3,15000,6
2580,9,5000,6
2580,12,35000,6
2580,16,20000,1
2581,3,7000,6
2581,9,2000,6
2582,3,12000,6
2582,12,30000,6
2583,2,180000,6
2583,3,20000,6
2583,4,50000,2
2583,7,40000,6
2583,9,200000,6
2583,10,15000,1
2583,12,400000,6
2583,13,5000,2
2583,15,12000,2
2583,16,50000,1
2710,1,60000,2
2710,2,25000,5
2710,4,60000,2
2710,6,300000,6
2710,7,20000,6
2710,12,60000,6
2710,13,15000,5
2710,14,3000,2
2711,1,75000,2
2711,2,30000,6
2711,4,70000,2
2711,6,250000,6
2711,7,10000,6
2711,9,15000,6
2711,12,80000,6
2711,13,15000,6
2711,14,5000,2
2712,1,12000,2
2712,2,7000,5
2712,4,20000,2
2712,12,35000,5
2712,14,3500,2
2713,1,18000,2
2713,2,10000,2
2713,4,30000,2
2713,14,4000,2
2714,1,50000,2
2714,2,25000,6
2714,3,12000,6
2714,4,60000,2
2714,6,330000,6
2714,10,6000,5
2714,12,200000,6
2714,13,14000,6
2714,14,3500,2
2715,1,50000,2
2715,2,23000,6
2715,3,10000,6
2715,4,55000,2
2715,6,400000,6
2715,10,7000,5
2715,12,100000,6
2715,13,9000,6
2715,14,4000,2
2716,1,50000,2
2716,2,25000,5
2716,4,45000,2
2716,6,250000,6
2716,12,120000,6
2716,13,12000,5
2716,14,3500,2
2717,1,50000,2
2717,2,15000,5
2717,3,10000,6
2717,4,40000,2
2717,6,330000,6
2717,12,90000,6
2717,13,11000,6
2717,14,4000,2
2718,1,30000,2
2718,2,15000,5
2718,3,12000,6
2718,4,35000,2
2718,6,150000,6
2718,7,25000,6
2718,9,7000,6
2718,12,50000,6
2718,13,9000,5
2718,14,4000,2
2719,2,4500,6
2719,4,3000,5
2719,14,1000,2
2720,2,4000,6
2720,4,3000,5
2720,14,1000,2
2721,2,5000,6
2721,4,4000,5
2721,14,2000,2
2722,2,4000,6
2722,4,4000,5
2722,14,1000,2
2723,2,4000,6
2723,4,3000,5
2723,14,2000,2
2724,2,3500,6
2724,4,2000,5
2724,14,1000,2
2725,2,5000,6
2725,4,4000,5
2725,14,2000,2
2726,2,4000,6
2726,4,3500,5
2726,14,2000,2
2727,2,5000,6
2727,4,4000,5
2727,14,2000,2
2728,1,12000,2
2728,7,5000,6
2728,9,50000,6
2728,12,76000,6
2728,13,7000,6
2728,14,3000,2
2729,1,10000,2
2729,9,15000,6
2729,14,1000,2
2730,1,30000,2
2730,3,20000,6
2730,6,20000,6
2730,7,10000,6
2730,9,80000,6
2730,12,190000,6
2730,13,8000,2
2730,14,4000,2
2731,1,12000,2
2731,3,12000,6
2731,9,15000,6
2731,12,40000,6
2731,14,2500,2
2732,1,28000,2
2732,3,32000,6
2732,6,10000,6
2732,7,10000,6
2732,9,75000,6
2732,12,100000,6
2732,13,8000,6
2732,14,4000,2
2733,1,12000,2
2733,3,18000,6
2733,9,10000,6
2733,12,58000,6
2733,14,3000,2
2734,1,10000,2
2734,6,10000,6
2734,9,15000,6
2734,14,2000,2
2735,1,27000,2
2735,3,20000,6
2735,7,4000,6
2735,9,68000,6
2735,12,30000,6
2735,14,3000,2
2736,1,12000,2
2736,3,15000,6
2736,12,40000,6
2736,14,3000,2
2737,1,40000,1
2737,2,50000,1
2737,12,5000,1
2738,1,6000,2
2738,2,6000,1
2738,4,10000,2
2738,12,5000,6
2738,14,1500,2
2739,1,8000,1
2739,2,50000,1
2739,12,5000,1
2740,4,6000,2
2740,12,2000,1
2740,14,1400,2
2741,1,24000,1
2741,4,30000,2
2741,12,12000,1
2741,14,6000,2
2742,1,4000,1
2742,2,40000,1
2742,12,30000,1
2743,1,320000,1
2743,2,200000,1
2743,4,20000,2
2743,12,20000,1
2743,14,6000,2
2744,2,3000,1
2744,4,3000,2
2744,12,10000,1
2745,1,8000,1
2745,2,25000,1
2745,4,15000,2
2745,12,5000,1
2745,14,6000,2
2746,1,2000,3
2746,2,2000,3
2746,3,1000,6
2746,4,3000,2
2746,14,6000,2
2747,1,12000,2
2747,2,7000,4
2747,3,8000,6
2747,4,4000,2
2747,14,3000,2
2747,16,6000,6
2748,1,18000,6
2748,2,10000,4
2748,3,10000,4
2748,4,15000,2
2748,7,50000,6
2748,12,200000,6
2748,13,10000,6
2748,14,13000,2
2748,15,10000,2
2748,16,10000,6
2749,1,500,4
2749,2,1000,4
2749,3,1000,6
2749,4,2000,2
2749,14,2000,2
2750,1,1500,4
2750,2,2000,4
2750,3,1800,6
2750,4,5000,2
2750,14,2500,2
2751,1,3000,4
2751,2,1000,4
2751,3,3000,6
2751,4,2000,2
2751,14,2000,2
2752,1,1000,4
2752,2,1500,4
2752,3,2000,4
2752,4,2200,2
2752,14,8000,2
2753,1,3000,4
2753,2,2000,4
2753,3,3000,6
2753,4,3000,2
2753,12,25000,6
2753,14,2800,2
2754,1,50000,6
2754,2,50000,4
2754,3,30000,6
2754,4,50000,2
2754,7,30000,6
2754,9,100000,6
2754,15,15000,2
2755,1,3500,1
2755,2,8000,1
2755,3,4500,1
2755,12,37200,1
2756,2,8000,1
2756,14,6500,2
2763,14,12000,2
2764,2,12000,1
2764,4,8000,2
2764,14,4500,2
2765,1,80000,1
2765,2,150000,1
2765,4,102000,2
2765,6,60000,6
2765,9,125000,6
2765,10,15000,1
2765,12,250000,1
2765,13,30000,1
2765,14,65000,2
2765,16,3000,1
2766,14,3000,2
2767,1,24000,1
2767,2,125000,1
2767,3,45000,1
2767,4,95200,2
2767,6,80000,6
2767,7,60000,6
2767,9,75000,6
2767,10,5000,1
2767,12,84000,1
2767,13,3000,1
2767,14,58000,2
2767,16,4000,1
2768,1,16000,1
2768,2,24000,1
2768,3,1600,6
2768,4,6000,2
2768,14,4000,2
2769,1,8000,1
2769,2,10000,1
2769,4,6000,2
2769,14,4000,2
2770,2,6000,1
2770,3,2000,6
2770,4,6000,2
2770,14,4000,2
2771,3,1000,6
2771,4,3000,2
2771,14,2000,2
2772,1,24000,1
2772,2,95000,1
2772,4,132000,2
2772,6,80000,6
2772,7,60000,6
2772,9,75000,6
2772,10,5000,1
2772,12,18000,1
2772,13,20000,1
2772,14,68000,2
2772,16,3000,1
2773,1,50000,6
2773,2,35000,6
2773,4,80000,2
2773,7,50000,6
2773,9,20000,6
2773,12,200000,6
2773,13,10000,2
2773,14,35000,2
2774,1,35000,6
2774,2,25000,1
2774,4,80000,2
2774,7,20000,6
2774,12,250000,6
2774,13,10000,2
2775,12,1500000,6
2775,13,15000,6
2777,2,25000,2
2777,12,45000,6
2777,13,2000,6
2778,4,25000,2
2778,7,15000,6
2778,9,15000,2
2778,12,500000,6
2778,13,15000,6
2778,14,12000,2
2779,2,30000,6
2779,12,450000,6
2779,13,10000,2
2780,12,50000,6
2782,1,80000,4
2782,2,130000,4
2782,3,45000,3
2782,4,35000,2
2782,9,115000,6
2783,1,110000,4
2783,2,125000,4
2783,3,70000,3
2783,4,55000,2
2783,7,70000,6
2783,9,132000,6
2784,1,130000,4
2784,2,126000,4
2784,3,82000,4
2784,4,50000,2
2784,7,80000,6
2784,9,75000,6
2785,1,140000,4
2785,2,128000,4
2785,3,88000,4
2785,4,48500,2
2785,7,70000,6
2785,9,100000,6
2786,12,45000,6
2787,12,5000,6
2790,1,110000,4
2790,2,132000,4
2790,3,70000,4
2790,4,56000,2
2790,6,120000,6
2790,9,100000,6
2809,3,2000,6
2809,7,20000,6
2809,9,35000,6
2809,14,5000,2
2810,3,3000,6
2810,9,40000,6
2810,14,6000,2
2811,3,2000,6
2811,9,50000,6
2811,14,6000,2
2812,3,2000,6
2812,9,40000,6
2812,14,6000,2
2813,3,2000,6
2813,7,20000,6
2813,9,40000,6
2813,14,7000,2
2814,3,3000,6
2814,9,40000,6
2814,14,6000,2
2815,3,2000,6
2815,7,15000,6
2815,9,45000,6
2815,14,7000,2
2816,3,3000,6
2816,7,20000,6
2816,9,45000,6
2816,14,6000,2
2817,3,2000,6
2817,7,20000,6
2817,9,40000,6
2817,14,6000,2
2827,2,8000,6
2827,3,6000,6
2827,7,4000,6
2827,12,230000,6
2827,13,6000,6
2828,2,2000,6
2828,3,4000,6
2828,11,100000,6
2828,12,280000,6
2829,2,1000,6
2829,3,3000,6
2829,7,30000,6
2829,9,40000,6
2829,12,220000,6
2830,2,6000,6
2830,3,3000,6
2830,7,30000,6
2830,9,7000,6
2830,12,290000,6
2831,2,2000,6
2831,3,1000,6
2831,12,160000,6
2832,2,700,6
2832,3,1600,6
2832,12,160000,6
2833,2,1500,6
2833,3,1500,6
2833,12,160000,6
2834,2,1500,6
2834,3,1000,6
2834,12,200000,6
2835,2,1600,6
2835,12,160000,6
2845,2,1000,2
2845,3,15000,6
2845,6,20000,6
2845,7,30000,6
2845,12,100000,6
2845,14,12000,2
2846,3,27000,6
2846,6,20000,6
2846,7,20000,6
2846,9,20000,6
2846,12,20000,6
2846,14,4000,2
2846,15,5000,2
2847,2,5000,2
2847,3,300,6
2847,6,20000,6
2847,7,25000,6
2847,9,25000,6
2847,12,130000,6
2847,14,15000,2
2848,6,20000,6
2848,7,10000,6
2848,12,30000,6
2849,1,12000,6
2849,3,3000,6
2849,6,21000,6
2849,7,60000,6
2849,9,50000,6
2849,12,100000,6
2849,14,5000,2
2850,6,20000,6
2850,7,30000,6
2850,9,20000,6
2850,12,50000,6
2850,14,12000,2
2851,2,1000,2
2851,3,30000,6
2851,7,50000,6
2851,9,30000,6
2851,12,15000,6
2851,14,20000,2
2852,1,18000,2
2852,3,20000,6
2852,6,60000,6
2852,7,150000,6
2852,9,150000,6
2852,12,60000,6
2852,14,17000,2
2852,15,25000,2
2853,6,50000,6
2853,7,20000,6
2853,9,150000,6
2853,12,80000,6
2853,14,5000,2
2853,15,20000,2
2854,1,4000,2
2854,2,3000,1
2854,7,10000,6
2854,9,24000,6
2854,12,55000,6
2854,13,1500,2
2854,14,4000,2
2855,1,120000,2
2855,2,100000,1
2855,5,200000,6
2855,6,70000,6
2855,11,150000,6
2855,12,80000,6
2855,13,30000,2
2855,14,5600,2
2856,2,2000,1
2856,3,4000,6
2856,14,6000,2
2857,14,6000,2
2858,1,24000,2
2858,2,10000,1
2858,7,10000,6
2858,9,70000,6
2858,12,100000,6
2858,13,12000,2
2858,14,10000,2
2858,16,2000,1
2859,2,1500,1
2859,3,4000,6
2859,14,6000,2
2860,1,7000,2
2860,2,50000,1
2860,7,20000,6
2860,9,35000,6
2860,10,20000,1
2860,12,60000,6
2860,13,2000,2
2860,14,20000,2
2860,15,25000,6
2861,1,4000,2
2861,2,2000,1
2861,3,5000,6
2861,14,10000,2
2862,6,5000,6
2862,14,4000,2
2881,4,5000,2
2883,4,5000,2
2885,4,6000,2
2886,4,4000,2
2886,14,20000,2
2887,4,9000,2
2888,4,9000,2
2899,12,350000,6
2899,13,4000,2
2899,14,6000,2
2900,2,4000,6
2900,12,220000,6
2900,13,4000,2
2900,14,20000,2
2901,6,10000,6
2901,7,5000,6
2901,12,130000,6
2901,13,2000,2
2901,14,6000,2
2902,3,4000,6
2902,12,80000,6
2902,14,7000,2
2903,4,25000,4
2903,6,5000,6
2903,7,10000,6
2903,12,300000,6
2903,13,12000,2
2903,14,20000,2
2904,2,3000,6
2904,12,30000,6
2904,14,6000,2
2905,3,1500,6
2905,6,10000,6
2905,7,5000,6
2905,12,50000,6
2905,14,18000,2
2906,3,2000,6
2906,12,15000,6
2906,14,7000,2
2907,2,10000,6
2907,12,400000,6
2907,13,5000,2
2907,14,7000,2
2908,1,5000,2
2908,2,2000,1
2908,3,4000,6
2908,14,12000,2
2909,1,5000,2
2909,2,3000,1
2909,3,6000,6
2909,14,4000,2
2910,1,6000,2
2910,2,4500,1
2910,3,7000,6
2910,14,4000,2
2911,1,5000,2
2911,2,2000,1
2911,3,5000,6
2911,14,7000,2
2912,1,14000,2
2912,2,5000,1
2912,3,15000,6
2912,7,5000,6
2912,13,4000,2
2912,14,12000,2
2914,1,4000,2
2914,2,3000,1
2914,3,9000,6
2914,12,25000,6
2914,13,5000,6
2914,14,12000,2
2914,16,1500,1
2915,1,70000,2
2915,2,18000,1
2915,3,45000,6
2915,6,180000,6
2915,7,35000,6
2915,12,360000,6
2915,13,15000,6
2915,14,15000,2
2915,16,3000,1
2926,1,28000,2
2926,2,12000,1
2926,3,45000,6
2926,4,2500,2
2926,7,15000,6
2926,9,70000,6
2926,12,95000,6
2926,13,3000,2
2926,14,5500,2
2926,16,1500,1
2927,1,42000,2
2927,2,16000,1
2927,3,28000,6
2927,4,3000,2
2927,7,13000,6
2927,9,54000,6
2927,14,5300,2
2927,16,1000,1
2928,1,45000,2
2928,2,20000,1
2928,3,42000,6
2928,4,6000,2
2928,7,16000,6
2928,9,60000,6
2928,12,56000,6
2928,13,2000,2
2928,14,5000,2
2928,16,1000,6
2929,1,30000,2
2929,2,16000,1
2929,3,45000,6
2929,4,2000,2
2929,7,13000,6
2929,9,75000,6
2929,12,80000,6
2929,13,2000,6
2929,14,6000,2
2929,16,1500,2
2930,1,30000,2
2930,2,16000,1
2930,3,25000,6
2930,4,5000,2
2930,7,14000,6
2930,9,42000,6
2930,12,45000,6
2930,13,2000,2
2930,14,5600,2
2930,16,1000,1
2931,1,35000,2
2931,2,16000,1
2931,3,42000,6
2931,4,3000,2
2931,7,8000,6
2931,9,15000,6
2931,12,60000,6
2931,13,2000,2
2931,14,1500,2
2931,16,500,1
2932,1,130000,2
2932,2,45000,1
2932,3,120000,6
2932,4,20000,2
2932,7,30000,6
2932,9,120000,6
2932,12,140000,6
2932,13,8000,2
2932,14,11500,2
2932,16,6000,1
2933,1,45000,2
2933,2,18000,1
2933,3,48000,6
2933,4,6000,2
2933,7,12000,6
2933,9,60000,6
2933,14,6500,2
2933,16,1500,6
2934,1,80000,2
2934,2,24000,1
2934,3,75000,6
2934,4,7000,2
2934,7,24000,6
2934,9,105000,6
2934,12,135000,6
2934,13,8000,2
2934,14,6000,2
2934,16,4000,1
2935,7,4000,6
2935,9,20000,6
2935,12,250000,6
2935,13,3000,6
2935,14,4000,2
2937,7,5000,6
2937,9,30000,6
2937,12,200000,6
2937,13,3000,6
2937,15,40000,6
2944,1,5000,2
2944,2,2000,2
2944,3,4000,6
2944,7,50000,6
2944,12,190000,6
2944,13,7000,2
2944,15,4500,2
2945,1,1000,2
2945,2,1000,2
2945,14,1500,2
2946,1,6000,2
2946,2,2000,2
2946,3,3000,6
2946,7,80000,6
2946,12,2500000,6
2946,13,10000,2
2946,14,4500,2
2948,1,3000,2
2948,2,1500,2
2948,3,2000,6
2948,7,30000,6
2948,12,190000,6
2948,13,3000,2
2948,14,2500,2
2949,1,4000,2
2949,2,1500,2
2949,3,5000,6
2949,14,3500,2
2950,1,6000,2
2950,2,2000,2
2950,3,5000,6
2950,10,5000,6
2950,14,4800,2
2951,1,5000,2
2951,2,2500,2
2951,14,4800,2
2952,1,1800,2
2952,2,1000,2
2952,14,2800,2
2957,1,8000,1
2957,2,2000,1
2959,1,8000,1
2959,6,20000,6
2980,2,20000,1
2980,4,35000,2
2980,9,100000,6
2980,13,5000,1
2980,14,8000,2
2981,1,12000,2
2981,2,3000,1
2981,4,25000,2
2981,12,40000,1
2981,14,3500,2
2982,1,36000,2
2982,2,15000,1
2982,3,5000,1
2982,4,6000,2
2982,9,320000,6
2982,14,6700,2
2982,15,4800,2
2983,1,24000,2
2983,2,30000,1
2983,4,35000,2
2983,9,60000,6
2983,12,200000,6
2983,13,10000,1
2983,14,8500,2
2984,1,6000,2
2984,2,40000,1
2984,4,30000,2
2984,12,40000,6
2984,14,7600,2
2985,1,18000,2
2985,2,10000,1
2985,4,30000,2
2985,9,100000,6
2985,14,7500,2
2986,1,18000,2
2986,2,50000,1
2986,4,45000,2
2986,12,250000,6
2986,14,7000,2
2986,15,3000,2
2987,1,6000,2
2987,2,10000,1
2987,4,20000,2
2987,9,50000,6
2987,12,30000,1
2987,14,9800,2
2988,1,24000,2
2988,2,50000,1
2988,4,30000,2
2988,9,150000,6
2988,12,60000,6
2988,14,8000,2
2989,1,5000,1
2989,2,7000,1
2989,12,20000,1
2989,14,5000,2
2990,12,25000,1
2990,14,3000,2
2991,1,2000,1
2991,2,4000,1
2991,12,20000,1
2991,14,2500,2
2992,1,3000,1
2992,2,4000,1
2992,12,35000,1
2992,14,6000,2
2993,1,4000,1
2993,2,5000,1
2993,7,65000,1
2993,9,25000,6
2993,14,12000,2
2993,16,5000,1
2994,1,3000,1
2994,12,20000,1
2994,14,5000,2
2995,14,2500,2
2996,1,5000,1
2996,2,10000,1
2996,7,80000,1
2996,9,40000,6
2996,14,10000,2
2996,16,10000,1
2997,1,5000,1
2997,7,60000,1
2997,9,30000,6
2997,12,30000,1
2997,14,10000,2
2997,16,5000,1
3007,2,7000,5
3007,3,10000,6
3007,7,68000,6
3007,9,40000,6
3007,12,120000,6
3007,13,5000,5
3007,14,13000,2
3007,16,6000,6
3008,2,1000,5
3008,3,20000,2
3008,7,10000,6
3008,9,12000,6
3008,12,50000,6
3008,14,13000,2
3008,15,2000,2
3009,3,5000,6
3009,7,8000,6
3009,12,80000,6
3009,14,7000,2
3010,2,1500,6
3010,3,7000,6
3010,7,12000,6
3010,9,20000,6
3010,12,180000,6
3010,13,7000,5
3010,14,8600,2
3011,2,1000,5
3011,3,6000,6
3011,7,10000,6
3011,9,10000,6
3011,12,60000,6
3011,14,12000,2
3012,2,1000,5
3012,3,15000,6
3012,7,12000,6
3012,9,30000,6
3012,12,400000,6
3012,13,5000,5
3012,14,11000,2
3012,16,7000,6
3013,2,1000,5
3013,3,5000,6
3013,7,10000,6
3013,9,20000,6
3013,12,100000,6
3013,13,10000,5
3013,14,1800,2
3013,16,5000,6
3014,2,1500,5
3014,3,20000,6
3014,7,8000,6
3014,9,14000,6
3014,12,120000,6
3014,13,2000,5
3014,14,11000,2
3014,16,3000,6
3015,2,2000,5
3015,3,5000,6
3015,7,15000,6
3015,9,15000,6
3015,12,70000,6
3015,13,3000,5
3015,14,16000,2
3016,3,40000,6
3016,7,30000,6
3016,9,70000,6
3016,12,180000,6
3016,16,30000,1
3017,3,35000,6
3017,7,30000,6
3017,9,150000,6
3017,16,25000,1
3018,3,20000,6
3018,7,15000,6
3018,9,35000,6
3018,16,15000,1
3019,2,50000,6
3019,3,15000,6
3019,7,10000,6
3019,9,30000,6
3019,16,20000,1
3020,3,45000,1
3020,7,20000,6
3020,9,70000,6
3020,12,30000,6
3020,16,30000,1
3022,3,20000,6
3022,7,10000,6
3022,9,40000,6
3022,12,70000,6
3022,13,1000,2
3022,16,35000,1
3023,3,35000,6
3023,7,15000,6
3023,9,90000,6
3023,12,30000,6
3023,13,2000,2
3023,16,40000,1
3024,2,2000,6
3024,3,20000,6
3024,12,100000,6
3024,16,15000,1
3052,12,25000,6
3059,14,18000,2
3060,4,3000,2
3060,14,10000,2
3145,1,20000,2
3145,2,10000,5
3145,3,30000,6
3145,4,15000,2
3145,9,12000,6
3145,14,1000,2
3146,1,25000,2
3146,2,15000,5
3146,3,60000,5
3146,7,12000,6
3146,9,15000,6
3146,12,300000,6
3146,13,10000,5
3146,14,1500,2
3147,1,15000,2
3147,2,17000,5
3147,3,25000,6
3147,4,10000,2
3147,7,15000,6
3147,12,330000,6
3147,13,9000,5
3147,14,3000,2
3148,1,12000,2
3148,2,6000,5
3148,4,7000,2
3148,12,200000,5
3148,13,6000,5
3148,14,2000,2
3149,1,7000,2
3149,2,5000,5
3149,4,12000,2
3149,7,12000,6
3149,12,340000,6
3149,13,15000,5
3149,14,2500,2
3151,1,20000,2
3151,6,20000,6
3151,7,10000,6
3151,9,80000,6
3151,12,100000,6
3151,13,7000,6
3151,14,3000,2
3152,1,12000,2
3152,6,20000,6
3152,9,15000,6
3152,14,2000,2
3153,1,21000,2
3153,3,15000,6
3153,6,25000,6
3153,7,8000,6
3153,9,85000,6
3153,12,75000,6
3153,13,8000,6
3153,14,3000,2
3154,1,10000,2
3154,6,20000,6
3154,9,15000,6
3154,14,2000,2
3155,1,24000,2
3155,3,20000,6
3155,6,23000,6
3155,7,10000,6
3155,9,80000,6
3155,12,70000,6
3155,13,7000,6
3155,14,4000,2
3156,1,22000,2
3156,6,30000,6
3156,7,8000,6
3156,9,85000,6
3156,12,75000,6
3156,13,8000,6
3156,14,3000,2
3157,1,12000,2
3157,3,25000,6
3157,6,20000,6
3157,7,6000,6
3157,9,60000,6
3157,12,54000,6
3157,13,6000,6
3157,14,3000,2
3158,1,26000,2
3158,7,5000,6
3158,9,48000,6
3158,12,15000,6
3158,14,3000,2
3159,1,6000,2
3159,3,12000,6
3159,6,15000,6
3159,14,2000,2
3160,1,7000,2
3160,2,7000,6
3160,3,1400,6
3160,4,8000,5
3160,6,4000,6
3160,9,8000,6
3160,14,2000,2
3161,1,12000,2
3161,2,8000,6
3161,4,34000,5
3161,6,10000,6
3161,7,4000,6
3161,14,3000,2
3162,1,20000,2
3162,2,15000,6
3162,3,10000,6
3162,4,35000,5
3162,6,20000,6
3162,7,6000,6
3162,9,30000,6
3162,14,3000,2
3163,1,18000,2
3163,2,15000,6
3163,3,4000,6
3163,4,28000,5
3163,6,30000,6
3163,7,5000,6
3163,9,18000,6
3163,14,3000,2
3164,1,20000,2
3164,2,10000,6
3164,4,38000,5
3164,6,25000,6
3164,7,8000,6
3164,9,28000,6
3164,12,120000,6
3164,13,7500,6
3164,14,3000,2
3165,1,6000,2
3165,2,6000,6
3165,3,2000,6
3165,4,7000,5
3165,6,10000,6
3165,14,1000,2
3166,1,7000,2
3166,2,7500,6
3166,3,5000,6
3166,4,16000,5
3166,7,3000,6
3166,14,2000,2
3167,1,7000,2
3167,2,7000,6
3167,3,1500,6
3167,4,8500,5
3167,14,1000,2
3168,2,4000,6
3168,4,6000,5
3168,6,15000,6
3168,14,1000,2
3169,1,6000,2
3169,2,15000,1
3169,4,24000,2
3169,14,3000,2
3170,4,4000,2
3171,1,24000,2
3171,2,120000,1
3171,4,54000,2
3171,12,0,8
3171,14,11000,2
3172,1,6000,2
3172,2,5000,1
3172,4,6500,2
3172,14,3200,2
3173,2,5000,1
3173,4,20000,2
3173,14,6000,2
3175,1,12000,2
3175,2,50000,1
3175,4,37000,2
3175,14,21000,2
3176,1,42000,2
3176,2,150000,1
3176,4,5000,2
3176,14,5000,2
3177,1,6000,2
3177,2,17000,1
3177,4,6000,2
3177,12,22000,1
3177,14,3000,2
3178,1,25000,2
3178,2,40000,4
3178,3,30000,4
3178,4,14000,2
3178,14,5000,2
3178,16,60000,6
3179,1,20000,2
3179,2,15000,4
3179,3,10000,6
3179,4,20000,2
3179,7,20000,6
3179,9,70000,6
3179,12,20000,1
3179,14,12000,2
3179,16,70000,6
3180,1,1000,5
3180,2,500,5
3180,3,2000,6
3180,4,2000,2
3180,14,1000,2
3181,1,12000,2
3181,2,10000,4
3181,3,8000,4
3181,4,10000,2
3181,14,5000,2
3181,16,30000,6
3182,1,50000,2
3182,2,40000,4
3182,3,50000,4
3182,4,30000,2
3182,7,30000,6
3182,9,70000,6
3182,12,10000,6
3182,14,6000,2
3182,16,10000,6
3183,1,25000,4
3183,2,40000,4
3183,3,30000,6
3183,4,17000,2
3183,7,100000,6
3183,14,5000,2
3183,16,100000,6
3184,1,12000,2
3184,2,15000,4
3184,3,20000,4
3184,4,10000,2
3184,14,5000,2
3184,16,60000,6
3185,1,25000,6
3185,2,40000,4
3185,3,45000,3
3185,4,12000,2
3185,14,4500,2
3185,16,20000,6
3186,1,24000,2
3186,2,25000,4
3186,3,10000,4
3186,4,33000,2
3186,14,13000,2
3186,16,40000,6
3193,1,7000,1
3193,2,5000,1
3193,3,3000,6
3193,16,15000,2
3205,1,50000,6
3205,4,80000,2
3205,7,20000,6
3205,15,14000,2
3209,4,40000,2
3209,7,40000,6
3209,13,6000,2
3209,14,14000,2
3210,4,40000,2
3210,12,20000,6
3210,14,14000,2
3212,4,40000,2
3212,14,15000,2
3213,4,30000,2
3213,12,20000,6
3213,14,14000,2
3214,1,80000,4
3214,2,96000,4
3214,3,46000,4
3214,4,50000,2
3214,9,85000,6
3214,14,30000,2
3215,1,70000,4
3215,2,88000,4
3215,3,35000,4
3215,4,38000,2
3215,9,65000,2
3215,12,250000,6
3215,13,10000,6
3216,1,30000,4
3216,2,55000,4
3216,3,48000,4
3216,4,30000,2
3216,7,50000,6
3216,9,120000,6
3216,16,180000,6
3217,1,30000,4
3217,2,55000,4
3217,3,32000,4
3217,9,50000,6
3217,16,120000,6
3218,1,40000,4
3218,2,72000,4
3218,3,35000,4
3218,4,56000,2
3218,7,70000,6
3218,9,80000,6
3219,1,90000,4
3219,2,102000,4
3219,3,65000,4
3219,4,46000,2
3219,9,100000,6
3219,12,188000,6
3219,13,8000,6
3220,1,20000,4
3220,2,70000,4
3220,3,25000,4
3220,4,40000,2
3220,7,70000,6
3220,9,120000,6
3220,14,30000,6
3221,1,30000,4
3221,2,52000,4
3221,3,37000,4
3221,4,35000,2
3221,9,60000,6
3221,16,135000,6
3222,1,20000,6
3222,2,45000,4
3222,3,20000,4
3222,7,4000,6
3222,9,7000,6
3241,3,2000,6
3242,3,3000,6
3242,7,10000,6
3242,9,170000,6
3242,14,10000,2
3243,3,3000,6
3243,14,7000,2
3244,3,2000,6
3244,7,3000,6
3244,14,10000,2
3245,3,3000,6
3245,14,7000,2
3246,3,3000,6
3246,14,70000,2
3247,3,3000,6
3247,14,12000,2
3247,16,10000,6
3248,3,3000,6
3248,9,150000,6
3248,14,10000,2
3249,3,3000,6
3249,14,10000,2
3250,2,1000,6
3250,3,3000,6
3251,1,7200,2
3251,2,2000,6
3251,3,3000,6
3251,14,8000,2
3252,1,7200,2
3252,2,2000,6
3252,3,4000,6
3252,14,6000,2
3253,1,7200,2
3253,2,3000,6
3253,3,8000,6
3253,7,30000,6
3253,9,25000,6
3253,12,140000,6
3253,13,5000,6
3253,14,8000,2
3254,1,7200,2
3254,2,1500,6
3254,3,6000,6
3254,14,6000,2
3255,2,1000,6
3255,3,2000,6
3255,14,8000,2
3256,1,7200,2
3256,2,2000,6
3256,3,6000,6
3256,7,25000,6
3256,9,30000,6
3256,12,80000,6
3256,14,8000,2
3257,1,7200,2
3257,2,2000,6
3257,3,6000,6
3257,14,8000,2
3258,1,7200,2
3258,2,2000,6
3258,3,5000,6
3258,7,40000,6
3258,14,8000,2
3259,2,1500,6
3259,3,1000,6
3260,2,1000,6
3260,3,1500,6
3260,12,300000,6
3261,2,3000,6
3261,3,2000,6
3262,3,2000,6
3263,2,1000,6
3263,3,2000,6
3263,12,220000,6
3264,3,1500,6
3265,3,1500,6
3267,3,1000,6
3268,3,6000,6
3268,7,75000,6
3268,12,60000,6
3268,13,1000,2
3268,14,13000,2
3269,3,4000,6
3269,14,1000,2
3270,3,6000,6
3270,12,45000,6
3270,14,6000,2
3271,3,7000,6
3271,12,35000,6
3271,14,13000,2
3272,3,8000,6
3272,14,13000,2
3273,3,6000,6
3273,7,100000,6
3273,12,80000,6
3273,14,12500,2
3274,3,7000,6
3274,12,25000,6
3274,14,15000,2
3275,3,10000,6
3275,7,80000,6
3275,12,120000,6
3275,13,1000,2
3275,14,12000,2
3276,3,8000,6
3276,7,90000,6
3276,12,30000,6
3276,14,17000,2
3277,14,500,2
3278,2,500,2
3278,3,7000,6
3278,12,26000,6
3278,14,2500,2
3279,14,500,2
3280,3,200,6
3280,14,2000,2
3281,15,1200,2
3282,14,2000,2
3283,1,9000,2
3283,2,1000,2
3283,3,7000,6
3283,4,1000,2
3283,14,500,2
3284,2,500,2
3284,12,20000,6
3284,14,1500,2
3285,1,8000,2
3285,2,2000,2
3285,3,20000,6
3285,9,7000,6
3285,12,18000,6
3285,14,1500,2
3304,14,500,2
3305,12,85000,6
3306,14,1500,2
3307,1,6000,6
3307,2,2500,6
3307,3,2000,6
3307,12,120000,6
3307,13,500,2
3307,14,1000,2
3308,2,2500,6
3308,12,200000,6
3308,13,1000,2
3308,14,1000,2
3309,2,1500,6
3309,12,200000,6
3309,13,1000,2
3309,14,1000,2
3310,2,1500,6
3310,3,1000,6
3310,14,1000,2
3311,1,5500,6
3311,2,1500,6
3311,3,1000,6
3311,14,1000,2
3312,12,15000,6
3312,14,500,2
3323,4,3800,2
3325,1,10000,1
3325,4,4000,2
3330,1,4000,5
3330,2,3000,5
3330,4,5800,2
3331,2,2000,6
3331,14,800,2
3332,6,150000,6
3332,7,35000,6
3332,12,50000,6
3332,13,3000,2
3333,6,30000,6
3333,7,24000,6
3333,12,700000,6
3333,13,8000,2
3333,14,10000,2
3334,1,40000,2
3334,2,3000,6
3334,6,120000,6
3334,7,17000,6
3334,12,250000,6
3334,13,5000,2
3334,14,7500,2
3335,12,400000,6
3335,13,4000,2
3335,14,1000,2
3336,2,5000,6
3336,6,270000,6
3336,7,50000,6
3336,12,550000,6
3336,13,25000,2
3336,14,18000,2
3337,2,5000,6
3337,6,30000,6
3337,7,7000,6
3337,12,250000,6
3337,13,4000,2
3337,14,8500,2
3338,1,180000,2
3338,2,3000,6
3338,3,30000,6
3338,6,170000,6
3338,7,35000,6
3338,12,150000,6
3338,13,25000,2
3338,14,18000,2
3338,15,7000,2
3339,2,1500,6
3339,6,25000,6
3339,7,7000,6
3339,12,50000,6
3339,13,2500,2
3339,14,7000,2
3358,1,48000,2
3358,2,18000,1
3358,3,43000,6
3358,4,4000,2
3358,6,80000,6
3358,7,25000,6
3358,9,170000,6
3358,12,750000,6
3358,13,60000,2
3358,14,12000,2
3358,16,6000,1
3359,1,35000,2
3359,2,17000,1
3359,3,45000,6
3359,4,4000,2
3359,7,18000,6
3359,9,125000,6
3359,12,115000,6
3359,13,3000,2
3359,14,12000,2
3359,16,4000,1
3360,1,140000,2
3360,2,35000,1
3360,3,86000,6
3360,4,10000,2
3360,7,26000,6
3360,9,120000,6
3360,12,45000,6
3360,13,3000,2
3360,14,21000,2
3360,16,6000,1
3361,1,48000,2
3361,2,16000,1
3361,3,42000,6
3361,4,3000,2
3361,7,19000,6
3361,9,75000,6
3361,14,13000,2
3361,16,2000,1
3362,1,35000,2
3362,2,16000,1
3362,3,45000,6
3362,4,3000,2
3362,7,18000,6
3362,9,115000,6
3362,14,12500,2
3362,16,3000,1
3363,1,45000,2
3363,2,16000,1
3363,3,48000,6
3363,4,3000,2
3363,7,17000,6
3363,9,120000,6
3363,12,45000,6
3363,13,2000,2
3363,14,13000,2
3363,16,3000,1
3364,1,60000,2
3364,2,21000,1
3364,3,55000,6
3364,4,6000,2
3364,7,18000,6
3364,9,180000,6
3364,12,65000,6
3364,13,4000,2
3364,14,19000,2
3364,16,4000,1
3365,1,25000,2
3365,2,14000,1
3365,3,35000,6
3365,4,3000,2
3365,7,16000,6
3365,9,120000,6
3365,12,43500,6
3365,13,3000,2
3365,14,12000,2
3365,16,1500,6
3366,1,38000,2
3366,2,17000,1
3366,3,45000,6
3366,4,3000,2
3366,7,18000,6
3366,9,135000,6
3366,14,13000,2
3366,16,3000,1
3368,1,30000,2
3368,3,150000,6
3368,7,10000,6
3368,9,250000,6
3368,14,20000,2
3369,1,6000,2
3369,3,20000,6
3369,4,1000,2
3369,14,7500,2
3370,1,12000,2
3370,2,4000,6
3370,3,5000,6
3370,4,20000,2
3370,7,8000,6
3370,9,110000,6
3370,12,80000,6
3370,13,3000,6
3370,14,15000,2
3371,1,12000,2
3371,2,3000,6
3371,3,5000,6
3371,4,2000,2
3371,7,8000,6
3371,9,50000,6
3371,12,50000,6
3371,13,5000,6
3371,14,15000,2
3372,1,36000,2
3372,2,5000,6
3372,3,20000,6
3372,4,20000,2
3372,6,50000,6
3372,7,6000,6
3372,9,70000,6
3372,12,100000,6
3372,13,5000,6
3372,14,15000,2
3373,1,12000,2
3373,2,3000,6
3373,3,30000,6
3373,4,5000,2
3373,12,85000,6
3373,13,2000,6
3374,1,30000,2
3374,2,5000,6
3374,3,6000,6
3374,4,20000,6
3374,7,12000,6
3374,9,150000,6
3374,12,200000,6
3374,13,5000,6
3374,14,25000,2
3375,1,30000,2
3375,2,15000,6
3375,3,80000,6
3375,4,20000,2
3375,6,50000,6
3375,7,5000,6
3375,9,120000,6
3375,12,300000,6
3375,13,10000,6
3375,14,24000,6
3376,1,5000,2
3376,2,3000,2
3376,3,4000,6
3376,14,2600,2
3377,1,6000,2
3377,2,4000,2
3377,3,10000,6
3377,12,150000,6
3377,13,5000,2
3377,14,3000,2
3378,1,4000,2
3378,2,2500,2
3378,3,4000,6
3378,14,1500,2
3379,1,2000,2
3379,2,1500,2
3379,3,4000,6
3379,14,2500,2
3380,1,2000,2
3380,2,1500,2
3380,3,3000,6
3380,14,2000,2
3381,1,2000,2
3381,2,1500,2
3381,3,3000,6
3381,6,10000,6
3381,14,2000,2
3382,1,2000,2
3382,2,1000,2
3382,3,3000,6
3382,14,1000,2
3383,1,1500,2
3383,2,1000,2
3383,3,4000,6
3383,14,2000,2
3384,1,6000,2
3384,2,2500,2
3384,3,7000,6
3384,6,30000,6
3384,7,50000,6
3384,10,7000,6
3384,12,300000,6
3384,13,10000,2
3384,14,8500,2
3412,3,3000,6
3412,9,100000,6
3412,12,80000,6
3412,13,2000,1
3413,2,1000,1
3413,12,120000,1
3414,1,2000,6
3414,2,1000,6
3415,1,4000,1
3415,9,60000,6
3415,12,80000,1
3415,13,40000,1
3416,9,200000,6
3416,12,60000,6
3416,13,1000,1
3416,15,15000,2
3417,1,24000,2
3417,5,300000,1
3417,9,100000,6
3417,13,10000,1
3418,9,25000,6
3418,12,50000,6
3419,1,8000,1
3419,2,3000,1
3419,12,150000,6
3420,1,6000,2
3420,2,2000,1
3420,9,150000,6
3420,12,70000,6
3420,13,4000,1
3421,1,7000,1
3421,2,4000,1
3421,7,40000,1
3421,9,30000,6
3421,14,13000,2
3421,16,5000,1
3422,1,7000,1
3422,7,45000,1
3422,9,25000,6
3422,12,50000,1
3422,14,14000,2
3422,16,10000,1
3423,7,40000,1
3423,9,20000,6
3423,14,9000,2
3423,16,5000,1
3424,1,5000,1
3424,2,5000,1
3424,7,12000,1
3424,9,15000,6
3424,12,25000,1
3424,14,6000,2
3424,16,4000,1
3425,1,5000,1
3425,7,40000,1
3425,9,20000,6
3425,14,7000,2
3426,1,10000,1
3426,2,5000,1
3426,7,40000,1
3426,9,30000,6
3426,14,12000,2
3426,16,7000,1
3427,1,7000,1
3427,7,30000,1
3427,9,20000,6
3427,14,7000,2
3428,1,10000,1
3428,7,32000,1
3428,9,20000,6
3428,14,10000,2
3428,16,4000,1
3429,1,10000,1
3429,12,25000,1
3429,14,6000,2
3430,3,10000,6
3430,10,5000,1
3431,2,5000,6
3431,3,35000,6
3431,9,15000,6
3431,12,40000,6
3431,15,1800,2
3433,3,10000,6
3434,3,3000,6
3435,3,5000,6
3436,3,2000,6
3436,12,35000,6
3437,3,15000,6
3437,12,30000,6
3438,2,2000,6
3438,3,25000,6
3438,12,50000,6
3438,16,20000,1
3439,12,18000,6
3439,14,4800,2
3440,12,16000,6
3440,13,36000,6
3440,14,5400,2
3441,1,6000,2
3441,2,12000,6
3441,3,13000,6
3441,7,10000,6
3441,9,25000,6
3441,13,2000,2
3441,14,8000,2
3441,15,6000,2
3441,16,4000,6
3442,2,7000,6
3442,3,8000,6
3442,7,12000,6
3442,9,12000,6
3442,14,8500,2
3443,2,3500,6
3443,3,4000,6
3443,12,18000,6
3443,14,1200,2
3444,2,8000,6
3444,3,3000,6
3444,7,23000,6
3444,9,18000,6
3444,14,12000,2
3445,2,8000,6
3445,3,4000,6
3445,7,18000,6
3445,9,17000,6
3445,14,7200,2
3445,15,8000,2
3446,2,7000,6
3446,3,18000,6
3446,7,15000,6
3446,9,20000,6
3446,13,2000,2
3446,14,9000,2
3447,2,6000,6
3447,3,4500,6
3447,7,15000,6
3447,9,13000,6
3447,14,7500,2
3448,2,10000,5
3448,3,1000,6
3450,3,2000,6
3451,3,2000,6
3451,12,40000,6
3452,3,1500,6
3453,12,30000,6
3454,12,50000,6
3454,13,1000,5
3456,3,4000,6
3486,14,18000,2
3490,2,10000,5
3490,3,10000,5
3490,14,10000,2
3513,1,60000,4
3513,2,20000,1
3513,4,20000,2
3513,7,150000,6
3513,9,60000,6
3513,11,100000,6
3513,14,1200,2
3513,16,5000,6
3574,2,6000,5
3574,4,15000,2
3574,14,1100,2
3575,2,4000,5
3575,4,10000,2
3575,14,1000,2
3576,1,8000,5
3576,2,5000,5
3576,3,6000,6
3576,4,15000,2
3576,14,1100,2
3577,1,8000,5
3577,2,4000,5
3577,3,5000,6
3577,4,17000,2
3577,10,3000,5
3577,14,1100,2
3578,4,12000,2
3578,14,1000,2
3579,1,25000,2
3579,2,18000,6
3579,3,8000,6
3579,4,35000,2
3579,7,12000,6
3579,10,5000,5
3579,12,60000,5
3579,13,14000,5
3579,14,5000,2
3580,4,15000,2
3580,12,50000,5
3580,13,7000,5
3580,14,3000,2
3581,1,50000,2
3581,2,20000,6
3581,4,40000,2
3581,6,60000,6
3581,7,15000,6
3581,12,200000,5
3581,13,12000,5
3581,14,5000,2
3583,1,6000,2
3583,2,3000,6
3583,3,2000,6
3583,4,6000,5
3583,12,35000,6
3583,14,3000,2
3584,1,21000,2
3584,2,3000,6
3584,3,2000,6
3584,4,70000,5
3584,7,10000,6
3584,9,65000,6
3584,12,70000,6
3584,14,3000,2
3585,2,2000,6
3585,3,2000,6
3585,4,5000,5
3585,14,2000,2
3586,1,20000,2
3586,2,3000,6
3586,4,85000,5
3586,6,10000,6
3586,7,10000,6
3586,9,70000,6
3586,12,80000,6
3586,13,7000,6
3586,14,3000,2
3587,1,26000,2
3587,2,2300,6
3587,3,2000,6
3587,4,85000,5
3587,7,10000,6
3587,9,88000,6
3587,12,60000,6
3587,13,7000,6
3587,14,3000,2
3588,2,1000,6
3588,4,10000,5
3588,9,10000,6
3588,12,12000,6
3588,14,2000,2
3589,1,18000,2
3589,2,3000,6
3589,3,1800,6
3589,4,60000,6
3589,6,4000,6
3589,7,4000,6
3589,9,40000,6
3589,12,20000,6
3589,13,5000,6
3589,14,3000,2
3590,2,3000,6
3590,3,2000,6
3590,4,40000,5
3590,7,5000,6
3590,9,40000,6
3590,12,40000,6
3590,13,8000,6
3590,14,3500,2
3591,2,3000,6
3591,3,2000,6
3591,4,12000,5
3591,12,28000,6
3591,14,2000,2
3592,1,20000,2
3592,2,4000,6
3592,3,20000,6
3592,7,4000,6
3592,9,48000,6
3592,12,20000,6
3592,14,3000,2
3593,1,6000,2
3593,2,4000,6
3593,12,34000,6
3593,14,3000,2
3594,1,18000,2
3594,2,4000,6
3594,7,10000,6
3594,9,80000,6
3594,12,88000,6
3594,13,4500,6
3594,14,3000,2
3595,1,20000,2
3595,2,3500,6
3595,3,10000,6
3595,7,7000,6
3595,9,85000,6
3595,12,90000,6
3595,13,5000,6
3595,14,3000,2
3596,1,6000,2
3596,2,3800,6
3596,6,6000,6
3596,14,2000,2
3597,1,22000,2
3597,2,4500,6
3597,6,20000,6
3597,7,10000,6
3597,9,70000,6
3597,12,50000,6
3597,13,6000,6
3597,14,3000,2
3598,1,6000,2
3598,2,5000,6
3598,6,5000,6
3598,14,2000,2
3599,1,6000,2
3599,2,6000,6
3599,12,30000,6
3599,14,2000,2
3600,1,6000,2
3600,2,5000,6
3600,7,8000,6
3600,9,60000,6
3600,12,55000,6
3600,13,6000,6
3600,14,3000,2
3603,1,5000,1
3603,2,5000,1
3603,14,35000,2
3604,14,5000,2
3605,14,18000,2
3606,2,1500,1
3606,3,15000,1
3606,14,10000,2
3610,1,6000,2
3610,2,5000,5
3610,3,15000,4
3610,4,5500,2
3610,14,2400,2
3610,16,10000,4
3611,1,30000,4
3611,2,70000,6
3611,3,60000,6
3611,4,55000,2
3611,7,4000,2
3611,9,70000,6
3611,12,100000,6
3611,14,25000,2
3611,16,100000,6
3612,1,6000,2
3612,2,12000,4
3612,3,5000,4
3612,4,4000,2
3612,12,50000,4
3612,14,10500,2
3613,1,12000,2
3613,2,10000,4
3613,3,6000,4
3613,4,15000,2
3613,12,70000,6
3613,14,2000,2
3614,1,6000,2
3614,2,5000,4
3614,3,7000,4
3614,4,6000,2
3614,14,3500,2
3614,16,7000,4
3615,1,6000,2
3615,2,1000,4
3615,3,7000,4
3615,4,5000,2
3615,14,4400,2
3615,16,2000,6
3616,14,1100,2
3617,1,6000,2
3617,2,4000,4
3617,3,6000,4
3617,4,5000,2
3617,14,2500,2
3617,16,2000,4
3618,1,2000,6
3618,2,3000,4
3618,3,2000,4
3618,4,5000,2
3618,14,3500,2
3619,1,8000,1
3619,2,12000,1
3619,3,5000,6
3620,1,4500,1
3620,2,7000,1
3620,3,3000,1
3624,3,1800,6
3624,12,5000,6
3625,1,4000,1
3625,2,7500,1
3625,3,3000,1
3627,2,8000,1
3646,1,20000,4
3646,2,25000,4
3647,1,20000,4
3647,2,28000,4
3648,1,60000,4
3648,2,88000,4
3648,3,25000,4
3648,4,30000,2
3648,9,70000,6
3649,1,30000,4
3649,2,70000,4
3649,3,12000,4
3649,4,30000,2
3649,7,60000,6
3649,9,45000,6
3652,1,60000,4
3652,2,75000,4
3652,3,28000,4
3652,4,33000,2
3652,9,70000,6
3654,1,50000,4
3654,2,75000,4
3654,3,26000,4
3654,4,34000,2
3654,9,80000,6
3655,12,1000000,6
3655,13,5000,6
3656,4,15000,2
3656,12,60000,6
3657,1,400000,2
3657,2,500000,6
3657,4,300000,2
3657,6,700000,6
3657,9,300000,6
3657,14,50000,2
3657,15,250000,6
3658,1,45000,6
3658,2,130000,6
3658,4,55000,2
3658,9,110000,6
3658,12,1000000,6
3658,14,25000,2
3659,2,80000,6
3659,3,30000,6
3659,4,60000,2
3659,9,200000,6
3659,14,30000,2
3660,1,30000,2
3660,2,130000,6
3660,4,50000,2
3660,9,120000,6
3660,12,700000,6
3660,14,20000,2
3661,1,40000,2
3661,2,150000,6
3661,4,20000,2
3661,9,80000,6
3661,12,450000,6
3661,14,18000,2
3662,1,35000,6
3662,2,180000,6
3662,3,40000,6
3662,4,5000,2
3662,9,250000,6
3662,12,400000,6
3662,14,2000,2
3662,15,100000,6
3663,1,35000,2
3663,2,120000,6
3663,3,50000,6
3663,4,50000,2
3663,6,150000,6
3663,9,200000,6
3663,14,42000,2
3666,12,100000,6
3667,1,16000,1
3667,2,20000,1
3667,4,40000,2
3667,9,20000,2
3667,14,20000,2
3673,2,5000,6
3673,3,3000,6
3673,12,180000,6
3673,14,6000,2
3674,1,12000,6
3674,2,4000,6
3674,3,4000,6
3674,12,150000,6
3674,14,12000,2
3675,1,12000,6
3675,2,5000,6
3675,3,3000,6
3675,12,130000,6
3675,14,8000,2
3676,1,6000,6
3676,2,3000,6
3676,3,4000,6
3676,12,100000,6
3676,14,10000,2
3677,1,18000,6
3677,2,10000,6
3677,3,5000,6
3677,14,10000,2
3678,2,6000,6
3678,3,3000,6
3678,7,10000,6
3678,9,12000,6
3678,12,100000,6
3678,14,15000,2
3679,1,12000,6
3679,2,4000,6
3679,3,3000,6
3679,7,12000,6
3679,9,18000,6
3679,12,80000,6
3679,14,15000,2
3680,1,6000,6
3680,2,4000,6
3680,3,3000,6
3680,12,150000,6
3680,14,8000,2
3681,2,2000,6
3681,3,2000,6
3681,7,15000,6
3681,9,12000,6
3681,12,70000,6
3681,14,10000,2
3682,1,7200,2
3682,2,3000,6
3682,3,10000,6
3682,4,15000,2
3682,14,8000,2
3683,1,7200,2
3683,2,3000,6
3683,3,8000,6
3683,4,9000,2
3683,7,25000,6
3683,9,30000,6
3683,12,80000,6
3683,13,3000,6
3683,14,8000,2
3684,1,7200,2
3684,2,3000,6
3684,3,7000,6
3684,4,9600,2
3684,7,20000,6
3684,9,25000,6
3684,12,120000,6
3684,13,3000,6
3684,14,8000,2
3685,1,7200,2
3685,2,4000,6
3685,3,12000,6
3685,4,16800,2
3685,14,8000,2
3686,2,500,6
3686,3,2000,6
3686,4,1200,2
3687,1,7200,2
3687,2,4000,6
3687,3,8000,6
3687,4,9000,2
3687,7,20000,6
3687,9,25000,6
3687,12,120000,6
3687,13,3000,6
3687,14,8000,2
3687,16,1000,6
3688,1,7200,2
3688,2,5000,6
3688,3,15000,6
3688,4,13500,2
3688,14,8000,2
3689,1,7200,2
3689,2,5000,6
3689,3,15000,6
3689,4,11000,2
3689,7,30000,6
3689,9,30000,6
3689,12,80000,6
3689,13,3000,6
3689,14,12000,2
3690,1,7200,2
3690,2,3000,6
3690,3,8000,6
3690,4,11000,2
3690,7,25000,6
3690,9,20000,6
3690,12,60000,6
3690,13,3000,6
3690,14,8000,2
3691,2,1500,6
3691,3,4000,6
3691,12,190000,6
3694,2,1500,6
3694,3,1000,6
3695,2,2000,6
3695,3,5000,6
3696,2,6000,6
3696,3,4000,6
3696,12,280000,6
3697,2,1500,6
3697,3,3000,6
3700,3,11000,6
3700,4,9000,2
3700,7,100000,6
3700,12,80000,6
3700,13,2000,2
3700,14,10000,2
3701,3,15000,6
3701,4,28000,2
3701,12,95000,6
3701,14,7500,2
3702,3,6000,6
3702,4,11500,2
3702,12,45000,6
3702,14,3000,2
3703,3,9000,6
3703,4,7000,2
3703,7,120000,6
3703,12,100000,6
3703,13,5000,2
3703,14,14000,2
3704,3,10000,6
3704,4,15000,2
3704,12,100000,6
3704,14,8500,2
3705,3,7000,6
3705,4,6000,2
3705,12,50000,6
3705,14,2000,2
3706,3,8000,6
3706,4,11000,2
3706,12,30000,6
3706,14,3000,2
3707,3,9000,6
3707,4,8000,2
3707,7,75000,6
3707,12,200000,6
3707,13,2000,2
3707,14,6000,2
3708,3,4000,6
3708,4,2500,2
3708,14,1000,2
3718,12,32000,1
3719,2,1500,1
3719,3,4000,6
3720,2,2000,1
3720,7,18000,6
3720,11,120000,6
3720,12,480000,6
3720,13,10000,2
3720,14,4600,2
3720,16,10000,1
3721,12,30000,1
3723,2,1000,1
3723,3,3000,6
3724,12,10000,1
3725,12,40000,1
3726,2,5000,1
3736,14,500,2
3737,14,1500,2
3738,14,1000,2
3739,12,100000,6
3739,13,500,2
3739,14,1000,2
3741,14,500,2
3742,1,6000,6
3742,2,2000,6
3742,3,1500,6
3742,12,170000,6
3742,13,500,2
3742,14,500,2
3744,14,500,2
3745,1,6000,2
3745,2,2000,2
3745,3,4000,6
3745,12,150000,6
3745,13,3000,2
3745,14,8000,2
3746,1,6000,2
3746,2,3000,2
3746,12,200000,6
3746,13,3000,6
3746,14,1000,2
3747,1,7000,2
3747,2,3000,2
3747,3,2000,6
3747,12,200000,6
3747,13,2000,2
3747,14,3000,2
3748,1,60000,2
3748,2,40000,2
3748,3,5000,6
3748,7,35000,6
3748,9,50000,6
3748,13,5000,2
3748,14,25000,2
3748,16,15000,6
3749,1,6000,2
3749,2,2000,2
3749,12,100000,6
3749,14,6000,2
3750,1,12000,2
3750,2,4000,2
3750,3,3000,6
3750,12,100000,6
3750,13,3000,2
3750,14,16000,2
3751,1,24000,2
3751,2,3000,2
3751,3,3000,6
3751,12,150000,6
3751,13,3000,2
3751,14,8000,2
3752,1,12000,2
3752,2,10000,2
3752,12,150000,6
3752,14,10000,2
3753,1,6000,2
3753,2,5000,6
3753,12,200000,6
3753,13,5000,6
3753,14,10000,2
3754,1,3000,6
3754,2,5000,6
3754,4,8500,2
3754,12,8000,5
3755,1,4000,5
3755,2,5000,5
3755,4,8000,2
3756,1,4000,2
3756,2,5000,2
3756,4,11000,2
3757,1,8000,6
3757,2,4000,6
3757,4,9000,2
3758,1,5000,2
3758,2,4000,2
3758,4,10000,2
3758,12,150000,2
3758,13,3000,2
3758,14,8000,2
3759,1,4000,2
3759,2,6000,2
3759,4,7000,2
3760,1,10000,6
3760,2,4000,6
3760,4,10000,2
3760,12,150000,6
3760,13,4000,6
3761,1,6000,2
3761,2,4000,6
3761,4,16000,1
3761,12,8000,2
3762,1,6000,6
3762,2,3000,6
3762,3,4000,6
3762,4,10900,2
3790,1,80000,2
3790,2,14000,1
3790,3,45000,6
3790,6,25000,6
3790,7,28000,6
3790,9,240000,6
3790,12,160000,6
3790,13,18000,2
3790,14,6000,2
3790,15,70000,6
3790,16,5000,6
3791,1,80000,2
3791,2,12000,1
3791,3,45000,6
3791,6,16000,6
3791,7,24000,6
3791,9,210000,6
3791,12,80000,6
3791,13,4000,2
3791,14,38000,2
3791,16,2000,1
3792,1,28000,2
3792,2,12000,1
3792,3,23000,6
3792,6,14000,6
3792,7,18000,6
3792,9,95000,6
3792,12,120000,6
3792,13,65000,1
3792,14,12000,2
3792,16,3000,1
3793,1,45000,2
3793,2,8000,1
3793,3,24000,6
3793,6,17000,6
3793,7,15000,6
3793,9,126000,6
3793,14,19500,2
3793,16,1500,1
3794,1,120000,2
3794,2,16000,1
3794,3,42000,6
3794,7,28000,6
3794,9,240000,6
3794,12,120000,6
3794,13,16000,2
3794,14,34000,2
3794,16,6000,1
3795,1,58000,2
3795,2,6000,1
3795,3,45000,6
3795,7,28000,6
3795,9,154000,6
3795,12,85000,6
3795,13,6000,2
3795,14,36000,2
3795,16,3000,6
3796,1,25000,2
3796,2,6000,1
3796,3,18000,6
3796,7,14000,6
3796,9,80000,6
3796,12,65000,6
3796,13,2000,6
3796,14,6000,2
3796,16,1500,1
3797,1,80000,2
3797,2,9000,1
3797,3,14000,6
3797,6,24000,6
3797,7,30000,6
3797,9,180000,6
3797,13,3000,2
3797,14,42000,2
3797,16,4000,2
3798,1,6000,2
3798,2,3000,1
3798,3,8000,6
3798,14,38000,2
3799,1,12000,2
3799,2,3000,6
3799,3,5000,6
3799,4,8500,2
3799,7,3000,6
3799,9,15000,6
3799,12,70000,6
3799,13,2000,6
3799,14,4500,2
3800,1,18000,2
3800,2,3000,6
3800,3,5000,6
3800,4,18000,2
3800,7,5000,6
3800,9,80000,6
3800,14,9000,2
3802,1,12000,2
3802,2,5000,6
3802,3,50000,6
3802,4,2300,2
3802,9,15000,6
3802,14,12000,2
3803,1,12000,2
3803,2,3000,6
3803,3,3000,6
3803,4,9000,2
3803,7,4000,6
3803,9,50000,6
3803,12,260000,6
3803,13,5000,6
3803,14,4000,2
3804,1,18000,2
3804,2,5000,6
3804,3,5000,6
3804,4,15000,2
3804,7,6000,6
3804,9,50000,6
3804,12,200000,6
3804,13,5000,6
3804,14,9000,2
3805,2,3000,6
3805,3,5000,6
3805,4,2500,2
3805,14,8500,2
3806,14,3000,2
3807,3,3000,6
3807,4,1000,2
3807,14,1000,2
3808,1,2000,2
3808,2,1500,2
3808,3,3000,6
3808,14,1200,2
3809,1,2000,2
3809,2,1000,2
3809,3,2500,6
3809,6,5000,6
3809,14,1500,2
3810,1,5000,2
3810,2,2500,2
3810,3,5000,6
3810,14,3000,2
3811,1,4500,2
3811,2,2000,2
3811,3,3000,6
3811,10,4000,6
3811,14,3500,2
3812,1,6000,2
3812,2,3000,2
3812,3,4000,6
3812,6,15000,6
3812,14,2000,2
3813,1,3000,2
3813,2,1500,2
3813,3,4000,6
3813,6,5000,6
3813,14,1500,2
3814,1,5000,2
3814,2,2500,2
3814,3,5000,6
3814,6,10000,6
3814,14,2500,6
3815,1,6000,2
3815,2,4000,2
3815,3,5000,6
3815,6,5000,6
3815,12,180000,6
3815,13,5000,2
3815,14,4000,2
3816,1,5000,2
3816,2,3000,2
3816,3,6000,6
3816,12,160000,6
3816,13,5000,2
3816,14,2500,2
3817,1,7000,1
3817,2,2000,1
3817,14,2500,2
3818,1,7000,1
3818,2,3000,1
3818,3,3000,1
3818,14,5000,2
3819,1,7000,1
3819,2,3000,1
3819,7,24000,6
3819,9,35000,6
3819,14,25000,2
3820,1,72000,2
3820,2,3000,1
3820,6,30000,6
3820,7,25000,6
3820,9,35000,6
3820,14,56000,2
3821,1,7000,1
3821,2,3000,1
3821,6,8000,6
3821,14,10000,2
3822,1,7000,1
3822,2,5000,1
3822,3,3000,1
3822,7,50000,6
3822,9,90000,6
3822,13,30000,6
3822,14,5000,2
3822,15,40000,2
3823,1,7000,1
3823,2,2000,1
3823,12,25000,6
3823,14,2000,2
3824,1,7000,1
3824,2,3000,1
3824,7,15000,6
3824,9,14000,6
3824,14,16000,2
3825,1,36000,2
3825,2,3000,1
3825,7,14000,6
3825,9,20000,6
3825,12,22000,6
3825,14,20000,2
3841,2,5000,6
3841,3,2000,6
3841,4,5000,2
3842,1,5000,6
3842,2,8000,6
3842,3,20000,6
3842,4,10000,2
3842,7,30000,6
3843,1,10000,6
3843,2,8000,6
3843,3,7000,6
3843,4,8000,2
3844,14,3200,2
3845,9,55000,6
3845,12,38000,1
3845,13,5000,1
3845,14,3600,2
3846,12,20000,1
3846,13,2500,1
3846,14,1800,2
3847,14,4000,2
3848,9,200000,6
3848,12,60000,1
3848,14,3600,2
3849,9,60000,6
3849,14,3700,2
3850,1,6000,2
3850,9,50000,6
3850,12,60000,6
3850,13,2000,1
3850,14,1100,2
3851,1,6000,2
3851,2,5000,1
3851,9,170000,6
3851,13,5000,1
3851,14,3600,2
3853,1,10000,1
3853,2,7000,1
3853,4,5000,2
3853,12,150000,1
3853,14,12000,2
3854,1,7000,1
3854,4,5000,2
3854,14,5000,2
3855,1,10000,1
3855,2,7000,1
3855,4,6000,2
3855,12,30000,1
3855,14,4000,2
3856,1,5000,1
3856,2,7000,1
3856,4,10000,2
3856,12,60000,1
3856,14,12000,2
3857,1,5000,1
3857,4,10000,2
3857,14,3600,2
3858,1,10000,1
3858,4,10000,2
3858,7,30000,1
3858,9,25000,6
3858,14,8000,2
3859,1,10000,1
3859,4,3500,2
3859,14,2700,2
3860,1,10000,1
3860,2,4000,1
3860,4,2500,2
3860,14,4000,2
3861,1,5000,1
3861,2,7000,1
3861,4,10000,2
3861,12,100000,6
3861,14,5000,2
3871,2,3000,6
3871,3,2000,6
3871,7,15000,6
3871,14,14000,2
3873,2,1500,6
3873,3,3500,6
3873,14,1100,2
3874,2,3000,6
3874,3,4000,6
3874,14,1000,2
3875,3,4000,6
3875,14,3000,6
3876,2,1000,6
3876,3,3000,6
3876,12,20000,6
3876,14,5000,6
3877,2,3000,6
3877,3,4000,6
3877,14,4300,2
3878,2,3000,6
3878,3,5000,6
3878,12,14000,6
3878,14,4500,2
3879,2,3000,6
3879,3,4000,6
3879,7,4000,6
3879,9,6000,6
3879,13,4000,2
3879,14,7000,2
3884,12,95000,6
3885,12,60000,6
3920,1,5000,1
3920,14,25000,2
3925,2,15000,5
3925,14,2000,2
3926,1,10000,5
3926,14,2000,2
3927,14,1000,2
3928,2,15000,5
3928,14,5000,2
3929,1,5000,5
3929,3,1000,5
3929,14,1000,2
3931,1,5000,5
3931,14,1700,2
3933,1,3000,5
3933,14,2500,2
3935,1,8000,1
3935,2,7000,1
3935,4,3000,2
3935,14,12000,2
3936,2,4000,1
3936,4,2000,2
3936,12,5000,6
3936,14,12000,2
3937,4,2000,2
3937,14,5000,2
3941,14,9000,2
3942,14,3000,2
4007,4,15000,2
4007,12,60000,5
4007,13,4000,5
4007,14,5000,2
4008,3,8000,6
4008,4,20000,2
4008,12,400000,6
4008,13,12000,5
4008,14,6000,2
4009,1,40000,2
4009,2,15000,5
4009,3,7000,6
4009,4,35000,2
4009,6,100000,6
4009,7,20000,6
4009,9,8000,6
4009,12,350000,6
4009,13,17000,5
4009,14,6000,2
4010,1,70000,2
4010,2,25000,2
4010,3,40000,6
4010,4,50000,2
4010,6,130000,6
4010,9,20000,6
4010,10,10000,5
4010,12,400000,6
4010,13,30000,6
4010,14,11000,2
4011,1,50000,2
4011,2,17000,5
4011,3,25000,2
4011,4,40000,2
4011,6,90000,6
4011,7,20000,6
4011,9,15000,6
4011,10,7000,5
4011,12,250000,6
4011,13,14000,5
4011,14,7000,2
4012,1,60000,2
4012,2,17000,5
4012,3,12000,6
4012,4,40000,2
4012,6,80000,6
4012,7,15000,6
4012,10,6000,5
4012,12,270000,6
4012,13,18000,5
4012,14,12000,2
4013,1,40000,2
4013,2,20000,2
4013,4,50000,2
4013,6,140000,6
4013,7,30000,6
4013,9,15000,6
4013,10,10000,5
4013,12,350000,6
4013,13,25000,5
4013,14,15000,2
4014,1,50000,2
4014,2,22000,5
4014,4,40000,2
4014,6,80000,6
4014,7,17000,6
4014,9,12000,6
4014,10,8000,5
4014,12,340000,6
4014,13,24000,5
4014,14,6000,2
4015,2,3000,6
4015,4,5000,5
4015,14,1000,2
4016,2,2000,6
4016,4,2000,5
4016,14,1000,2
4017,4,4000,5
4017,12,20000,6
4018,2,3000,6
4018,4,5000,5
4018,14,1000,2
4019,1,3000,6
4019,2,3000,6
4019,4,4000,5
4019,14,1000,2
4020,2,3000,6
4020,4,5000,5
4020,14,1000,2
4021,2,2000,6
4021,4,2500,5
4021,14,1000,2
4022,4,1600,5
4022,14,1000,2
4023,2,2700,6
4023,4,11800,5
4023,12,45000,6
4023,14,1000,2
4024,2,2000,6
4024,6,15000,6
4024,14,1000,2
4025,1,20000,2
4025,2,3500,6
4025,9,15000,6
4025,14,3000,2
4026,1,25000,2
4026,2,3000,6
4026,3,20000,6
4026,6,10000,6
4026,7,10000,6
4026,9,70000,6
4026,12,66000,6
4026,13,6000,6
4026,14,3500,2
4027,1,27000,2
4027,2,2000,6
4027,3,15000,6
4027,6,15000,6
4027,7,10000,6
4027,9,70000,6
4027,12,105000,6
4027,13,6000,6
4027,14,4000,2
4028,2,1500,6
4028,3,10000,6
4028,14,2000,2
4029,2,2000,6
4029,3,10000,6
4029,12,38000,6
4029,14,1000,2
4030,1,28000,2
4030,3,10000,6
4030,6,15000,6
4030,7,10000,6
4030,9,68000,6
4030,12,60000,6
4030,13,7000,6
4030,14,3000,2
4031,1,26000,2
4031,3,20000,6
4031,6,20000,6
4031,7,9000,6
4031,9,75000,6
4031,12,70000,6
4031,13,7500,6
4031,14,3500,2
4032,1,26000,2
4032,3,15000,6
4032,7,10000,6
4032,9,65000,6
4032,12,68000,6
4032,13,8000,6
4032,14,4000,2
4033,1,24000,1
4033,2,40000,1
4033,3,5000,6
4033,10,5000,1
4033,12,52500,6
4033,14,2100,2
4033,16,7000,2
4034,1,11000,1
4034,2,6000,1
4034,3,5000,6
4034,10,4500,1
4034,12,4000,1
4034,14,10900,2
4034,16,7000,2
4035,1,56000,1
4035,2,100000,1
4035,3,30000,6
4035,4,60000,2
4035,10,30000,1
4035,14,100000,2
4036,12,10000,6
4036,14,11000,2
4038,2,5000,1
4038,3,15000,6
4038,7,2000,6
4038,10,5000,1
4038,12,25000,6
4038,14,4000,2
4038,16,15000,2
4039,1,2000,1
4039,2,3000,1
4039,3,8000,6
4039,7,2000,6
4039,10,5000,1
4039,14,2000,2
4039,16,3500,2
4040,1,5000,1
4040,2,3000,1
4040,3,2000,6
4040,7,2000,6
4040,12,15000,6
4040,14,4200,2
4040,16,5000,2
4041,1,3000,1
4041,2,5000,1
4041,3,2000,6
4041,10,2000,6
4041,14,2100,2
4041,16,5000,2
4044,1,6000,2
4044,2,4000,6
4044,3,3000,4
4044,4,3000,2
4044,14,5000,2
4045,14,5000,2
4046,1,12000,2
4046,2,7000,4
4046,3,10000,6
4046,12,70000,6
4046,14,5000,2
4046,16,30000,6
4047,1,6000,2
4047,2,2000,6
4047,3,2000,6
4047,12,20000,6
4047,14,1200,2
4048,1,30000,2
4048,2,40000,6
4048,3,100000,6
4048,4,55000,2
4048,6,100000,6
4048,7,60000,6
4048,9,150000,6
4048,14,15000,2
4049,1,100000,2
4049,2,60000,6
4049,3,50000,6
4049,4,90000,2
4049,6,20000,6
4049,7,30000,6
4049,9,150000,6
4049,12,80000,6
4049,14,35000,2
4049,16,70000,6
4050,1,12000,2
4050,2,15000,4
4050,3,20000,6
4050,14,5000,2
4050,16,20000,6
4058,1,3500,1
4058,2,5000,1
4058,3,2500,1
4059,1,8000,1
4059,2,6000,1
4059,3,4000,1
4077,1,25000,6
4077,2,20000,6
4077,4,50000,2
4077,14,14000,2
4078,1,20000,4
4078,2,38000,4
4078,3,10000,6
4078,7,40000,6
4078,14,16000,2
4079,1,40000,4
4079,2,60000,4
4079,3,20000,1
4079,9,35000,6
4079,12,250000,6
4079,13,12000,6
4080,1,30000,4
4080,2,52000,4
4080,3,10000,4
4080,9,35000,6
4081,1,20000,4
4081,2,30000,4
4081,3,6000,4
4081,7,35000,6
4081,9,15000,6
4082,1,60000,4
4082,2,85000,4
4082,3,20000,4
4082,4,40000,2
4082,9,25000,6
4083,1,30000,4
4083,2,48000,4
4083,3,8000,4
4083,9,20000,6
4084,1,70000,4
4084,2,86000,4
4084,3,28000,4
4084,4,35000,2
4084,9,85000,6
4084,14,25000,2
4085,1,60000,4
4085,2,120000,4
4085,3,35000,4
4085,4,32000,2
4085,9,35000,6
4085,12,185000,6
4085,13,12000,6
4085,14,35000,2
4086,1,30000,4
4086,2,70000,4
4086,3,15000,4
4086,4,25000,2
4086,9,50000,6
4086,14,28000,2
4087,1,80000,6
4087,2,130000,6
4087,3,30000,6
4087,4,150000,2
4087,9,300000,6
4087,14,30000,2
4088,2,40000,6
4088,4,20000,2
4088,14,5000,2
4089,1,35000,6
4089,2,80000,6
4089,3,20000,6
4089,4,70000,2
4089,9,200000,6
4089,12,40000,6
4089,14,17000,2
4092,1,30000,2
4092,2,130000,6
4092,4,80000,2
4092,9,200000,6
4092,14,25000,2
4093,1,45000,2
4093,2,150000,6
4093,4,120000,2
4093,6,160000,6
4093,9,200000,6
4093,14,25000,2
4094,2,80000,6
4094,4,20000,2
4094,9,120000,6
4094,14,10000,2
4095,1,50000,6
4095,2,160000,6
4095,4,80000,2
4095,6,300000,6
4095,9,400000,6
4095,14,27000,2
4097,4,2000,2
4097,14,2000,2
4098,4,2000,2
4098,14,2000,2
4099,4,2000,2
4099,14,2000,2
4101,4,2000,2
4101,14,2000,2
4102,4,2000,2
4102,14,2000,2
4103,4,2000,2
4103,14,2000,2
4104,4,2000,2
4104,14,2000,2
4114,1,7200,2
4114,2,4000,6
4114,3,8000,6
4114,4,11000,2
4114,14,8000,2
4115,1,7200,2
4115,2,3000,6
4115,3,8000,6
4115,4,13500,2
4115,14,8000,2
4116,1,14400,2
4116,2,7000,6
4116,3,15000,6
4116,4,18000,2
4116,14,16000,2
4117,1,7200,2
4117,2,3000,6
4117,3,8000,6
4117,4,14400,2
4117,7,25000,6
4117,9,30000,6
4117,12,80000,6
4117,13,3000,6
4117,14,8000,2
4118,1,7200,2
4118,2,5000,6
4118,3,10000,6
4118,4,11000,6
4118,14,8000,2
4119,1,7200,2
4119,2,3000,6
4119,3,8000,6
4119,4,11000,2
4119,14,8000,2
4120,1,7200,2
4120,2,4000,6
4120,3,8000,6
4120,4,13500,2
4120,14,8000,2
4121,1,7200,2
4121,2,2500,6
4121,3,8000,6
4121,4,11000,2
4121,14,8000,2
4122,1,7200,2
4122,2,3000,6
4122,3,10000,6
4122,4,13500,2
4122,7,25000,6
4122,9,30000,6
4122,12,80000,6
4122,13,3000,6
4122,14,12000,2
4123,2,4000,6
4123,4,3200,2
4124,1,3000,6
4124,3,1000,6
4124,4,1800,2
4124,12,180000,6
4125,2,2000,6
4125,3,4000,6
4125,4,3000,6
4126,3,2000,6
4126,4,4000,6
4126,12,140000,6
4127,3,1000,6
4127,4,1000,6
4128,1,60000,2
4128,2,15000,6
4128,3,360000,6
4128,4,15000,2
4128,7,40000,6
4128,9,60000,6
4128,12,200000,6
4128,13,4000,6
4128,14,18000,2
4129,1,16000,2
4129,2,4000,6
4129,3,2000,6
4129,4,6000,2
4131,3,2000,6
4131,4,2000,2
4132,3,10000,6
4132,12,40000,6
4132,14,1500,2
4133,3,10000,6
4133,12,50000,6
4133,14,1200,2
4134,3,8000,6
4134,12,60000,6
4134,14,1500,2
4135,3,7000,6
4135,14,1200,2
4136,3,9000,6
4136,14,1200,2
4137,3,6000,6
4137,14,1000,2
4138,3,5000,6
4138,14,800,2
4139,3,4000,6
4139,14,1000,2
4140,3,6000,6
4140,12,35000,6
4140,14,1500,2
4141,1,13000,2
4141,2,2000,2
4141,3,20000,6
4141,7,10000,6
4141,9,25000,6
4141,14,13000,2
4142,7,25000,6
4142,9,55000,6
4142,14,10000,2
4142,15,15000,2
4143,1,21000,2
4143,2,3000,2
4143,6,20000,6
4143,7,15000,6
4143,9,20000,6
4143,12,130000,6
4143,14,10000,2
4144,1,30000,2
4144,2,10000,2
4144,3,40000,6
4144,7,70000,6
4144,9,25000,6
4144,12,30000,6
4144,14,16000,2
4145,1,30000,2
4145,2,4000,2
4145,3,50000,6
4145,7,20000,6
4145,9,30000,6
4145,14,5000,2
4145,15,30000,2
4146,1,24000,2
4146,2,3000,2
4146,3,10000,6
4146,6,12000,6
4146,7,20000,6
4146,9,25000,6
4146,12,100000,6
4146,14,10000,2
4147,1,12000,2
4147,2,3000,2
4147,7,20000,6
4147,9,40000,6
4147,12,20000,6
4147,14,12000,2
4148,1,24000,2
4148,2,6000,2
4148,7,15000,6
4148,9,40000,6
4148,12,30000,6
4148,14,5000,2
4149,1,6000,2
4149,14,1000,2
4150,1,12400,2
4150,2,6000,1
4150,7,9000,6
4150,9,7000,6
4150,12,50000,6
4150,13,10000,2
4150,14,3600,2
4151,1,6200,2
4151,2,2000,1
4151,12,100000,6
4151,13,3000,2
4151,14,3300,2
4152,1,20000,2
4152,2,2000,1
4152,3,8000,6
4152,4,5000,2
4152,5,300000,6
4152,9,18000,6
4152,13,6000,2
4152,14,6000,2
4152,15,2000,2
4153,2,9000,1
4153,4,8000,2
4153,6,18000,6
4153,7,21000,6
4153,9,7000,6
4153,13,2000,2
4153,14,3000,2
4153,15,9000,2
4155,2,3000,1
4155,3,36000,6
4155,4,24000,2
4155,12,120000,6
4155,13,3000,2
4155,14,2000,2
4155,15,2000,2
4156,1,6200,2
4156,2,1500,2
4156,14,1200,2
4157,1,12400,2
4157,2,2000,1
4157,12,80000,6
4157,13,3000,2
4157,14,1200,2
4158,1,6200,2
4158,2,2000,1
4158,3,52000,2
4158,4,8000,2
4158,12,30000,6
4158,14,1800,2
4188,2,15000,1
4188,4,10000,2
4188,14,5000,2
4190,1,6500,1
4190,2,7000,1
4190,4,10000,2
4193,4,3500,2
4195,14,1000,2
4196,2,3000,1
4196,4,500,2
4196,14,18000,2
4197,1,6000,2
4197,13,2000,1
4197,14,13000,1
4198,4,8000,2
4198,12,1500000,1
4198,13,30000,2
4198,14,10000,2
4199,2,3000,1
4199,4,8000,2
4199,14,4000,2
4200,2,4000,6
4200,4,11000,4
4200,6,25000,6
4200,7,7000,6
4200,12,250000,6
4200,13,5000,2
4200,14,10000,2
4201,3,4000,6
4201,4,11000,4
4201,12,15000,6
4201,14,1200,2
4202,1,18000,2
4202,2,2000,5
4202,3,5000,6
4202,4,11000,4
4202,6,40000,6
4202,7,10000,6
4202,12,150000,6
4202,13,5000,2
4202,14,12000,2
4203,1,18000,2
4203,2,10000,1
4203,3,3000,1
4203,4,15000,4
4203,14,15000,4
4222,1,190000,2
4222,2,18000,1
4222,3,60000,6
4222,6,280000,6
4222,7,45000,6
4222,9,170000,6
4222,12,340000,6
4222,13,110000,2
4222,14,62000,2
4222,15,6000,2
4222,16,14000,1
4223,1,80000,2
4223,2,15000,1
4223,3,42000,6
4223,7,28000,6
4223,9,240000,6
4223,13,18000,2
4223,14,54000,2
4223,15,6000,2
4223,16,8000,1
4224,1,180000,2
4224,2,14000,1
4224,3,48000,6
4224,6,80000,6
4224,7,35000,6
4224,9,170000,6
4224,13,45000,2
4224,14,60000,2
4224,15,6000,2
4224,16,10000,1
4225,1,80000,2
4225,2,7000,1
4225,3,25000,6
4225,6,280000,6
4225,7,32000,6
4225,9,140000,6
4225,13,70000,2
4225,14,41000,2
4225,15,6000,2
4225,16,8000,6
4226,1,130000,2
4226,2,14000,1
4226,3,60000,6
4226,7,35000,6
4226,9,160000,6
4226,13,30000,2
4226,14,73000,2
4226,15,6000,2
4226,16,7000,6
4227,1,140000,2
4227,2,14000,1
4227,3,55000,6
4227,5,70000,6
4227,6,260000,6
4227,7,35000,6
4227,9,60000,6
4227,10,20000,6
4227,11,80000,6
4227,12,180000,6
4227,13,90000,2
4227,14,42000,2
4227,15,6000,2
4227,16,80000,6
4228,1,120000,2
4228,2,12000,1
4228,3,55000,6
4228,5,60000,6
4228,6,180000,6
4228,7,32000,6
4228,9,80000,6
4228,10,35000,6
4228,11,40000,6
4228,12,200000,6
4228,13,80000,2
4228,14,35000,2
4228,15,6000,2
4228,16,70000,6
4229,1,180000,2
4229,2,16000,1
4229,3,65000,6
4229,5,170000,6
4229,6,240000,6
4229,7,80000,6
4229,10,80000,6
4229,11,340000,6
4229,12,260000,6
4229,13,80000,2
4229,14,72000,2
4229,15,12000,2
4229,16,15000,1
4230,1,130000,2
4230,2,18000,1
4230,3,45000,6
4230,5,45000,6
4230,9,85000,6
4230,10,48000,6
4230,11,180000,6
4230,13,42000,2
4230,14,83000,2
4230,15,12000,2
4230,16,8000,1
4231,1,48000,2
4231,2,8000,6
4231,3,5000,6
4231,4,70000,2
4231,6,20000,6
4231,7,16000,6
4231,9,350000,6
4231,12,500000,6
4231,13,8000,6
4231,14,36000,2
4231,15,30000,2
4232,1,30000,2
4232,2,4000,6
4232,3,5000,6
4232,4,40000,2
4232,6,8000,6
4232,7,12000,6
4232,9,330000,6
4232,13,3000,6
4233,1,18000,2
4233,2,5000,6
4233,3,3000,6
4233,4,35000,2
4233,6,12000,6
4233,7,8000,6
4233,9,150000,6
4233,12,150000,6
4233,13,5000,6
4233,14,35000,2
4234,1,30000,2
4234,2,5000,6
4234,3,10000,6
4234,4,70000,2
4234,6,15000,6
4234,7,12000,6
4234,9,280000,6
4234,12,350000,6
4234,13,5000,6
4234,14,38000,2
4235,1,18000,2
4235,2,5000,6
4235,3,20000,6
4235,4,40000,2
4235,6,12000,6
4235,7,10000,6
4235,9,220000,6
4235,12,150000,6
4235,13,3000,6
4235,14,34500,2
4236,1,24000,2
4236,2,3000,6
4236,3,8000,6
4236,4,17000,2
4236,6,6000,6
4236,7,7000,6
4236,9,90000,6
4236,12,70000,6
4236,15,13000,2
4237,1,24000,2
4237,2,5000,6
4237,3,30000,6
4237,4,34000,2
4237,7,8000,6
4237,9,150000,6
4237,12,500000,6
4237,13,7000,6
4237,14,18500,2
4238,1,6000,2
4238,2,2000,6
4238,3,5000,6
4238,4,3000,2
4238,14,18500,2
4239,1,36000,2
4239,2,6000,6
4239,3,15000,6
4239,4,55000,2
4239,6,6000,6
4239,7,15000,6
4239,9,300000,6
4239,12,350000,6
4239,13,6000,6
4239,14,49000,2
4239,16,5000,5
4240,1,1500,2
4240,2,1000,2
4240,3,3000,6
4240,6,5000,6
4240,14,1500,2
4241,1,2500,2
4241,2,1000,2
4241,3,4000,6
4241,14,2000,2
4242,1,2000,2
4242,2,1500,2
4242,3,4000,6
4242,6,5000,6
4242,14,1800,2
4243,1,4000,2
4243,2,2000,2
4243,3,5000,6
4243,14,3000,2
4244,1,2500,2
4244,2,1500,2
4244,3,3000,6
4244,14,2000,2
4245,1,4000,2
4245,2,2000,2
4245,3,5000,6
4245,14,3500,2
4246,1,4000,2
4246,2,2000,2
4246,3,6000,6
4246,14,3200,2
4247,1,1500,2
4247,2,1000,2
4247,3,4000,6
4247,14,1800,2
4248,1,3000,2
4248,2,1500,2
4248,3,5000,6
4248,14,3000,2
4267,1,2000,6
4267,2,2500,6
4267,3,15000,6
4267,4,8000,2
4267,7,100000,6
4267,14,2500,2
4276,1,12000,2
4276,2,5000,1
4276,4,7000,2
4276,9,120000,6
4276,12,20000,6
4276,13,10000,1
4276,14,7500,2
4277,2,5000,1
4277,3,50000,6
4277,4,30000,2
4277,9,250000,6
4277,13,2000,1
4277,14,10000,2
4277,15,5500,2
4278,1,18000,2
4278,2,4000,1
4278,4,12000,2
4278,9,50000,6
4278,12,80000,6
4278,13,4000,1
4278,14,18000,2
4279,1,6000,2
4279,9,40000,6
4279,12,60000,6
4279,14,7000,2
4280,1,12000,2
4280,2,5000,1
4280,3,34000,6
4280,4,30000,2
4280,9,75000,6
4280,12,25000,1
4280,14,10000,2
4281,1,6000,2
4281,9,60000,6
4281,14,7000,2
4282,1,6000,2
4282,2,15000,1
4282,3,15000,1
4282,4,10000,2
4282,9,50000,6
4282,12,60000,1
4282,13,5000,1
4282,14,13000,2
4283,1,54000,2
4283,2,15000,1
4283,4,36000,2
4283,9,100000,6
4283,12,50000,1
4283,13,60000,1
4283,14,13000,2
4284,2,3000,1
4284,3,2000,6
4284,12,70000,1
4284,14,14000,2
4285,1,10000,1
4285,2,8000,1
4285,14,2500,2
4286,1,5000,1
4286,4,12000,2
4286,7,60000,1
4286,9,30000,6
4286,14,5000,2
4286,16,10000,1
4287,1,7000,1
4287,4,6000,2
4287,12,30000,1
4287,14,4000,2
4288,1,5000,1
4288,4,18000,2
4288,7,80000,1
4288,9,30000,6
4288,14,12000,2
4288,16,8000,1
4289,1,10000,1
4289,4,7500,2
4289,12,130000,6
4289,14,14000,2
4290,4,2000,2
4290,14,10000,2
4291,1,10000,1
4291,2,8000,1
4291,4,26000,2
4291,7,80000,1
4291,9,45000,6
4291,14,12000,2
4291,16,10000,1
4292,4,7000,2
4292,12,30000,1
4292,14,12000,2
4293,1,10000,1
4293,4,7500,2
4293,7,40000,1
4293,9,25000,6
4293,14,10000,2
4293,16,5000,1
4294,2,10000,5
4294,3,16000,2
4294,9,43000,6
4294,13,5000,5
4294,14,13000,2
4295,2,3000,5
4295,3,20000,2
4295,7,25000,6
4295,9,20000,6
4295,13,5000,5
4295,14,10000,2
4296,2,3000,5
4296,3,23000,2
4296,7,15000,6
4296,9,25000,6
4296,13,6000,5
4296,14,15000,2
4296,16,3000,6
4297,2,1000,5
4297,3,5000,6
4297,7,20000,6
4297,9,25000,6
4297,12,250000,6
4297,13,3000,5
4297,14,13000,2
4298,2,5000,5
4298,3,19000,2
4298,7,35000,6
4298,9,20000,6
4298,12,30000,6
4298,13,20000,5
4298,14,10000,2
4298,16,50000,6
4299,2,2000,5
4299,3,20000,6
4299,7,30000,6
4299,9,40000,6
4299,12,50000,6
4299,13,10000,5
4299,14,15000,2
4299,16,5000,6
4300,2,500,5
4300,3,5000,6
4300,7,30000,6
4300,12,60000,6
4300,13,3000,5
4300,14,10000,2
4301,2,1000,5
4301,3,5000,6
4301,12,50000,6
4301,13,2000,5
4301,14,13000,2
4301,16,6000,6
4302,2,1000,5
4302,3,5000,6
4302,12,70000,6
4302,13,2000,5
4302,14,7000,2
4303,3,10000,6
4304,2,1000,6
4304,3,20000,6
4304,7,10000,6
4304,9,60000,6
4304,12,30000,6
4304,13,1000,2
4304,16,30000,1
4305,3,10000,6
4305,12,30000,6
4306,3,5000,6
4307,3,15000,6
4307,7,5000,6
4307,9,30000,6
4307,12,150000,6
4307,16,20000,1
4308,3,10000,6
4308,16,20000,1
4309,3,5000,6
4310,3,20000,6
4310,7,5000,6
4310,9,80000,6
4310,15,6000,2
4311,3,10000,6
4311,7,5000,6
4311,9,30000,6
4311,12,50000,6
4311,16,20000,1
4313,1,20000,2
4313,2,14000,6
4313,3,8000,6
4313,4,2000,5
4313,7,18000,6
4313,9,30000,6
4313,14,9000,2
4313,15,850,2
4313,16,7000,6
4315,7,40000,6
4315,9,50000,6
4315,12,135000,6
4315,13,5000,2
4315,16,7000,6
4316,2,3000,6
4316,3,5000,6
4316,7,12000,6
4316,9,15000,6
4316,15,5700,2
4318,1,20000,2
4318,2,15000,5
4318,3,24000,6
4318,4,3000,6
4318,6,126000,6
4318,7,45000,6
4318,9,58000,6
4318,10,5000,6
4318,12,35000,6
4318,13,5000,2
4318,14,12000,2
4318,15,15000,2
4318,16,20000,6
4319,1,6000,2
4319,2,3000,6
4319,3,15000,6
4319,4,1000,5
4319,9,5000,2
4319,14,4500,2
4319,15,800,2
4320,2,1500,6
4320,3,3500,6
4438,1,70000,2
4438,2,25000,2
4438,3,40000,5
4438,6,50000,6
4438,7,25000,6
4438,9,25000,6
4438,10,12000,6
4438,12,650000,6
4438,13,30000,5
4438,14,8000,2
4439,1,50000,2
4439,2,18000,2
4439,3,35000,6
4439,6,25000,6
4439,7,15000,6
4439,9,25000,6
4439,10,14000,5
4439,12,500000,6
4439,13,22000,6
4439,14,9000,2
4440,1,30000,2
4440,2,18000,2
4440,3,10000,6
4440,6,25000,6
4440,9,23000,6
4440,12,200000,6
4440,13,15000,5
4440,14,15000,2
4442,1,40000,2
4442,2,12000,2
4442,3,60000,5
4442,9,18000,6
4442,10,15000,5
4442,12,400000,6
4442,13,22000,5
4442,14,12000,2
4443,1,20000,2
4443,2,6000,2
4443,3,10000,6
4443,9,5000,6
4443,12,100000,6
4443,13,7000,5
4443,14,9000,2
4444,1,30000,2
4444,2,9000,5
4444,3,25000,6
4444,7,30000,6
4444,9,25000,6
4444,10,12000,5
4444,12,370000,6
4444,13,16000,5
4444,14,12000,2
4445,1,45000,2
4445,2,12000,5
4445,3,35000,6
4445,7,30000,6
4445,9,22000,6
4445,13,22000,5
4445,14,13000,2
4446,1,25000,2
4446,2,9000,2
4446,3,15000,6
4446,9,25000,6
4446,12,470000,6
4446,13,22000,5
4446,14,13000,2
4447,1,28000,2
4447,2,6000,6
4447,3,4000,6
4447,4,80000,5
4447,6,20000,6
4447,7,10000,6
4447,9,66000,6
4447,12,57000,6
4447,13,7000,6
4447,14,5400,2
4448,1,7000,2
4448,2,3000,6
4448,4,14000,5
4448,6,7000,6
4448,14,2000,2
4449,1,30000,2
4449,2,6000,6
4449,3,10000,6
4449,4,98000,5
4449,7,10000,6
4449,9,70000,6
4449,12,60000,6
4449,13,6000,6
4449,14,5000,2
4450,1,24000,2
4450,2,6500,6
4450,4,70000,5
4450,7,9000,6
4450,9,70000,6
4450,12,65000,6
4450,13,6000,6
4450,14,4000,2
4451,2,6000,6
4451,3,4000,6
4451,4,18000,5
4451,6,10000,6
4451,14,3000,2
4452,1,24000,2
4452,2,4000,6
4452,3,10000,6
4452,4,80000,5
4452,7,10000,6
4452,9,68000,6
4452,12,45000,6
4452,13,6000,6
4452,14,4000,2
4453,2,4000,6
4453,4,14000,5
4453,6,10000,6
4453,14,2000,2
4454,2,5000,6
4454,3,10000,6
4454,4,50000,5
4454,7,5000,6
4454,9,40000,6
4454,12,12000,6
4454,14,3000,2
4455,1,6000,2
4455,2,4000,6
4455,4,12000,6
4455,14,2000,2
4465,1,50000,1
4465,2,300000,1
4465,14,8000,2
4465,16,120000,1
4466,1,30000,1
4466,3,5000,1
4466,4,20000,2
4466,12,1000,1
4466,14,15000,2
4467,1,30000,1
4467,2,60000,1
4467,3,20000,1
4467,14,6000,2
4467,16,10000,2
4468,2,50000,1
4468,4,20000,2
4468,12,5000,1
4468,14,10000,2
4468,16,10000,1
4469,1,48000,1
4469,2,400000,1
4469,4,66000,2
4469,14,13000,1
4470,2,50000,1
4470,3,7000,1
4470,14,12000,1
4470,16,7000,2
4472,12,200000,1
4472,13,5000,1
4472,14,3000,2
4473,1,20000,1
4473,2,35000,1
4473,3,40000,6
4473,10,5000,1
4473,14,12000,2
4473,16,20000,2
4474,1,12000,2
4474,2,7000,5
4474,3,10000,6
4474,14,2000,2
4474,16,20000,6
4475,1,18000,2
4475,2,50000,6
4475,3,70000,4
4475,4,30000,2
4475,7,30000,6
4475,12,120000,6
4475,14,20000,2
4475,16,25000,5
4476,14,1500,2
4477,1,30000,2
4477,2,70000,5
4477,3,50000,5
4477,4,70000,5
4477,7,25000,6
4477,9,150000,6
4477,12,80000,2
4477,14,10000,2
4478,1,16000,2
4478,2,30000,6
4478,3,5000,6
4478,4,120000,2
4478,6,150000,6
4478,7,80000,6
4478,9,260000,6
4478,12,150000,6
4478,14,37000,2
4479,1,30000,2
4479,2,20000,4
4479,3,30000,6
4479,4,20000,2
4479,7,10000,6
4479,14,7000,2
4479,16,50000,6
4480,1,6000,2
4480,2,4000,5
4480,3,3000,6
4480,14,7000,2
4481,1,30000,2
4481,2,50000,6
4481,3,40000,6
4481,4,30000,2
4481,7,50000,6
4481,9,150000,6
4481,12,200000,6
4481,14,12000,2
4481,16,60000,6
4500,14,2000,2
4501,1,40000,2
4501,3,30000,2
4501,4,30000,2
4501,14,14000,2
4510,1,70000,4
4510,2,20000,4
4510,4,14000,2
4511,1,60000,4
4511,2,50000,4
4511,3,60000,4
4511,4,24000,2
4511,7,20000,6
4511,14,5000,2
4512,1,40000,4
4512,2,48000,4
4512,3,20000,4
4512,4,20000,2
4512,9,35000,6
4513,1,40000,4
4513,2,56000,4
4513,3,28000,4
4513,9,35000,6
4514,1,100000,4
4514,2,95000,4
4514,3,32000,4
4514,4,35000,2
4514,15,45000,6
4516,1,10000,4
4516,2,50000,4
4516,3,45000,4
4516,4,28000,2
4517,1,30000,4
4517,2,40000,4
4517,3,35000,4
4517,9,35000,6
4518,1,80000,4
4518,2,78000,4
4518,3,45000,4
4518,4,23000,4
4518,9,50000,6
4518,12,80000,6
4519,1,28000,2
4519,2,100000,6
4519,3,20000,6
4519,4,50000,2
4519,9,200000,6
4519,12,35000,6
4519,14,10000,2
4521,2,50000,6
4521,4,20000,2
4521,14,3000,2
4522,4,25000,2
4522,14,3000,2
4524,4,20000,2
4524,12,40000,6
4524,14,5000,2
4525,2,30000,6
4525,4,15000,2
4525,14,3000,2
4526,2,80000,6
4526,4,30000,2
4526,9,50000,6
4526,14,16000,2
4527,2,55000,6
4527,4,14000,2
4527,14,3000,2
4546,1,7200,2
4546,2,3000,6
4546,3,8000,6
4546,4,11000,2
4546,14,8000,2
4547,1,7200,2
4547,2,3000,6
4547,3,7000,6
4547,4,13500,2
4547,7,30000,6
4547,9,25000,6
4547,12,60000,6
4547,13,4000,6
4547,14,8000,2
4548,1,7200,2
4548,2,3000,6
4548,3,8000,6
4548,4,11000,2
4548,7,30000,6
4548,9,25000,6
4548,12,90000,6
4548,13,3000,6
4548,14,8000,2
4549,1,7200,2
4549,2,300,6
4549,3,6000,6
4549,4,11000,2
4549,14,8000,2
4550,1,7200,2
4550,2,5000,6
4550,3,10000,6
4550,4,11000,2
4550,7,25000,6
4550,9,20000,6
4550,12,80000,6
4550,13,3000,6
4550,14,8000,2
4551,1,7200,2
4551,2,4000,6
4551,3,8000,6
4551,4,13500,2
4551,14,8000,2
4552,1,7200,2
4552,2,5000,6
4552,3,8000,6
4552,4,11000,2
4552,14,8000,2
4553,1,7200,2
4553,2,3000,6
4553,3,10000,6
4553,4,11000,2
4553,14,8000,2
4554,1,7200,2
4554,2,4000,6
4554,3,10000,6
4554,4,13500,2
4554,7,30000,6
4554,9,25000,6
4554,12,90000,6
4554,13,3000,6
4554,14,8000,2
4555,4,6000,2
4556,1,28000,2
4556,2,6000,6
4556,3,4000,6
4556,4,15000,2
4556,9,20000,6
4556,12,200000,6
4557,4,12000,2
4558,1,1800,2
4558,2,4000,6
4558,3,4000,6
4558,4,6000,2
4558,12,180000,6
4559,4,6000,2
4560,1,12000,2
4560,2,3000,6
4560,3,34000,6
4560,4,11000,2
4560,12,200000,6
4561,1,12000,2
4561,2,2000,6
4561,3,2000,6
4561,4,8000,2
4561,12,210000,6
4562,1,12000,2
4562,2,6000,6
4562,3,6000,6
4562,4,14000,2
4562,12,290000,6
4563,1,12000,2
4563,2,6000,6
4563,3,1500,6
4563,4,9000,2
4563,12,200000,6
4573,3,3000,6
4573,7,15000,6
4573,9,15000,6
4573,12,180000,6
4573,14,4000,2
4574,7,10000,6
4574,9,10000,6
4574,12,90000,6
4574,14,4000,2
4575,14,1000,2
4577,1,8000,2
4577,2,1000,2
4577,3,10000,6
4577,14,5000,2
4578,12,10000,6
4581,12,10000,6
4591,7,10000,6
4591,9,15000,6
4591,12,90000,6
4591,14,12000,2
4591,16,6000,1
4595,12,50000,6
4599,7,2000,6
4599,9,10000,6
4599,14,12000,2
4599,16,4000,1
4618,1,40000,1
4618,2,10000,1
4618,4,60000,2
4618,12,84000,1
4618,13,2000,4
4618,16,5000,1
4619,1,48000,1
4619,2,20000,1
4619,4,42000,2
4619,10,10000,1
4619,14,15000,2
4619,16,5000,1
4620,1,60000,1
4620,2,45000,1
4620,3,15000,1
4620,4,60000,2
4620,12,200000,1
4620,13,10000,1
4620,14,25000,2
4620,16,20000,1
4621,1,30000,1
4621,2,15000,1
4621,4,20000,2
4621,14,10000,2
4621,16,10000,1
4622,1,30000,1
4622,2,30000,1
4622,4,45000,2
4622,12,150000,1
4622,13,20000,1
4622,14,6500,1
4623,1,20000,1
4623,2,30000,1
4623,4,28000,2
4623,14,15000,2
4624,1,40000,1
4624,2,60000,1
4624,3,100000,1
4624,4,70000,2
4624,14,20000,2
4624,16,15000,1
4625,4,15000,1
4626,4,35000,2
4626,14,30000,2
4654,1,130000,2
4654,2,45000,1
4654,3,105000,6
4654,4,24000,2
4654,7,18000,6
4654,9,110000,6
4654,14,5000,2
4654,15,45000,6
4654,16,8000,1
4655,1,45000,2
4655,2,14000,1
4655,3,42000,6
4655,4,4500,2
4655,7,8000,6
4655,12,125000,6
4655,13,8000,2
4655,14,2000,2
4655,16,3000,1
4656,1,35000,2
4656,2,18000,1
4656,3,65000,6
4656,4,5000,2
4656,7,12000,6
4656,9,60000,6
4656,14,6000,2
4656,16,2000,1
4657,1,75000,2
4657,2,19000,1
4657,3,80000,6
4657,4,6000,2
4657,7,25000,6
4657,9,95000,6
4657,12,115000,6
4657,13,6000,2
4657,14,10000,2
4657,16,4000,1
4658,1,58000,2
4658,2,25000,1
4658,3,82000,6
4658,4,6000,2
4658,7,18000,6
4658,9,72000,6
4658,12,115000,6
4658,13,8000,2
4658,14,5000,2
4658,16,4000,1
4659,1,45000,2
4659,2,26000,1
4659,3,82000,6
4659,4,7000,2
4659,7,14000,6
4659,9,15000,6
4659,14,2000,2
4659,16,4000,2
4660,1,60000,2
4660,2,23000,1
4660,3,45000,6
4660,4,6000,2
4660,7,26000,6
4660,9,78000,6
4660,12,45000,6
4660,13,3000,2
4660,14,14000,2
4660,16,4000,1
4661,1,80000,2
4661,2,24000,1
4661,3,56000,6
4661,4,6000,2
4661,7,25000,6
4661,9,125000,6
4661,12,140000,6
4661,13,6000,2
4661,14,13000,2
4661,16,4000,2
4662,1,55000,2
4662,2,21000,1
4662,3,80000,6
4662,4,6000,2
4662,7,18000,6
4662,9,95000,6
4662,14,13000,2
4662,16,3000,1
4663,14,13000,2
4664,1,30000,2
4664,7,12000,6
4664,9,150000,6
4664,12,500000,6
4664,13,5000,6
4664,15,15000,2
4665,7,8000,6
4665,9,90000,6
4665,13,2000,6
4665,14,15000,2
4666,1,24000,2
4666,7,10000,6
4666,9,140000,6
4666,13,3000,6
4666,15,10000,2
4667,1,18000,2
4667,7,8000,6
4667,9,90000,6
4667,14,12000,2
4668,1,18000,2
4668,7,8000,6
4668,9,90000,6
4668,13,2000,6
4668,14,12000,2
4670,7,7000,6
4670,9,120000,6
4671,7,10000,6
4671,9,130000,6
4671,12,350000,6
4671,14,12000,2
4671,16,5000,6
4681,1,120000,2
4681,2,8000,6
4681,7,55000,6
4681,9,120000,6
4681,13,6000,6
4681,14,27000,2
4681,15,6000,2
4682,1,6000,2
4682,14,25000,2
4683,1,6000,1
4683,2,2000,5
4683,14,16000,2
4684,1,120000,2
4684,2,5000,6
4684,7,35000,6
4684,9,80000,6
4684,14,19000,2
4684,15,3000,2
4685,1,60000,2
4685,2,6000,6
4685,7,25000,6
4685,9,48000,5
4685,14,18000,2
4686,1,240000,2
4686,2,5000,6
4686,6,40000,6
4686,7,70000,6
4686,9,210000,6
4686,13,45000,6
4686,14,24000,2
4686,15,64000,2
4687,1,6000,2
4687,7,15000,6
4687,9,28000,6
4687,14,15000,2
4687,15,6000,2
4688,1,150000,2
4688,2,15000,6
4688,6,30000,6
4688,7,70000,6
4688,9,135000,6
4688,13,20000,6
4688,14,24000,2
4688,15,11000,2
4689,1,6000,2
4689,14,500,2
4689,15,900,2
4700,2,8000,6
4700,4,5000,2
4701,1,7000,6
4701,2,9000,6
4701,4,6000,2
4701,14,3000,2
4702,2,8000,6
4702,3,5000,6
4702,4,4000,2
4702,14,5000,2
4703,2,10000,6
4703,4,5000,2
4703,14,4000,2
4704,1,7000,6
4704,2,5000,6
4704,3,8000,6
4704,4,4000,2
4704,14,6000,2
4705,1,5000,6
4705,3,16000,6
4705,4,6000,2
4706,2,10000,6
4706,3,8000,6
4706,4,5000,2
4707,1,10000,6
4707,4,4000,2
4708,1,12000,2
4708,9,150000,6
4708,12,80000,1
4708,13,5000,1
4709,1,6000,2
4709,2,2000,1
4709,9,180000,6
4709,13,4000,1
4710,1,36000,2
4710,9,100000,6
4710,13,10000,1
4711,9,80000,6
4711,12,40000,1
4711,13,3000,1
4712,1,12000,2
4712,2,2000,1
4712,9,180000,6
4712,13,2000,1
4713,1,60000,2
4713,9,300000,6
4713,13,20000,1
4714,1,6000,2
4714,9,150000,6
4714,13,3000,1
4715,1,6000,2
4715,9,70000,6
4715,12,60000,6
4716,1,12000,2
4716,9,160000,6
4716,13,6000,1
4717,4,5000,2
4717,7,18000,1
4717,9,20000,6
4717,12,40000,6
4717,14,4000,2
4718,4,5000,2
4718,12,20000,1
4718,14,8400,2
4719,4,6000,2
4719,14,3000,2
4720,4,6000,2
4720,7,20000,1
4720,9,25000,6
4720,12,200000,6
4720,14,7000,2
4720,16,4000,1
4721,4,7000,2
4721,12,300000,6
4721,14,3700,2
4722,4,7000,2
4722,7,30000,1
4722,9,15000,6
4722,12,50000,6
4722,14,4000,2
4723,4,9000,2
4723,7,25000,1
4723,9,20000,6
4723,14,4100,2
4724,1,5000,1
4724,4,2000,2
4724,12,40000,1
4724,14,7000,2
4725,4,7000,2
4725,12,30000,1
4725,14,3500,2
4726,2,4000,6
4726,3,5700,6
4726,7,27000,6
4726,9,13500,6
4726,12,27000,6
4726,13,5000,2
4726,14,7000,2
4727,2,3700,6
4727,3,5400,6
4727,7,10000,6
4727,12,7000,6
4727,14,2000,2
4728,2,4000,6
4728,3,4700,6
4728,7,14000,6
4728,12,35000,6
4728,13,3700,2
4728,14,3700,2
4728,16,4000,6
4729,2,3700,6
4729,3,6000,6
4729,7,24000,6
4729,9,18000,6
4729,12,19000,6
4729,13,1500,2
4729,14,2700,2
4729,16,4000,6
4730,2,3700,6
4730,3,4000,6
4730,7,17000,6
4730,9,23000,6
4730,12,19000,6
4730,13,3700,2
4730,14,4300,2
4730,16,4000,6
4732,2,3200,6
4732,3,4700,6
4732,7,19000,6
4732,9,27000,6
4732,12,25000,6
4732,13,2700,2
4732,14,3500,2
4732,16,7000,6
4733,2,1800,6
4733,3,7000,6
4733,12,135000,6
4733,13,3000,2
4733,14,1400,2
4733,16,6000,6
4734,2,3700,6
4734,3,4600,6
4734,7,19000,6
4734,9,18000,6
4734,12,29000,6
4734,13,4000,2
4734,14,7400,2
4734,16,5000,6
4735,12,20000,6
4736,3,25000,6
4736,12,80000,6
4736,14,10000,2
4737,3,20000,6
4737,7,2000,6
4737,9,25000,6
4737,14,15000,2
4737,15,12000,2
4738,2,80000,6
4738,3,35000,6
4738,6,5000,6
4738,12,50000,6
4739,3,15000,6
4739,10,5000,1
4739,12,80000,6
4740,3,20000,1
4740,4,3000,2
4740,7,2000,6
4740,9,15000,6
4741,4,1500,2
4741,7,2000,6
4741,9,40000,6
4741,12,80000,6
4741,15,3000,2
4742,3,20000,6
4742,12,100000,6
4743,3,10000,6
4743,12,30000,6
4870,4,3000,2
4870,7,10000,6
4870,9,5000,6
4870,12,250000,6
4870,13,8000,5
4870,14,5000,2
4871,4,2000,2
4871,10,5000,5
4871,12,180000,6
4871,13,12000,5
4871,14,6000,2
4872,1,20000,2
4872,2,5000,5
4872,3,15000,6
4872,4,12000,2
4872,9,10000,6
4872,10,8000,5
4872,12,270000,6
4872,13,15000,5
4872,14,8000,2
4873,12,130000,6
4873,13,5000,2
4873,14,5000,2
4875,4,12000,2
4875,7,10000,6
4875,9,15000,6
4875,12,270000,6
4875,13,8000,6
4875,14,6000,2
4876,4,10000,2
4876,7,20000,6
4876,9,17000,6
4876,12,140000,6
4876,13,9000,5
4876,14,8000,2
4877,1,20000,2
4877,2,15000,5
4877,3,10000,2
4877,4,12000,2
4877,9,17000,6
4877,12,130000,6
4877,13,20000,5
4877,14,10000,2
4878,4,8000,2
4878,7,15000,6
4878,9,20000,6
4878,10,10000,6
4878,12,200000,6
4878,13,9000,6
4878,14,6000,2
4879,1,24000,2
4879,7,5000,6
4879,9,48000,6
4879,12,18000,6
4879,14,3000,2
4880,2,3000,6
4880,14,2000,2
4881,2,3000,6
4881,14,1000,2
4882,2,3000,6
4882,14,1000,2
4888,1,12000,2
4888,6,10000,6
4888,14,2000,2
4889,1,28000,2
4889,3,20000,6
4889,7,9000,6
4889,9,88000,6
4889,12,90000,6
4889,13,8000,6
4889,14,3000,2
4890,1,24000,2
4890,7,4000,6
4890,9,45000,6
4890,12,10000,6
4890,14,2000,2
4891,1,30000,2
4891,3,15000,6
4891,7,10000,6
4891,9,75000,6
4891,12,200000,6
4891,13,7000,6
4891,14,4000,2
4892,1,12000,2
4892,9,25000,6
4892,14,1500,2
4893,1,28000,2
4893,3,20000,6
4893,7,10000,6
4893,9,85000,6
4893,12,80000,6
4893,13,8000,6
4893,14,4000,2
4894,1,6000,2
4894,12,28000,6
4894,14,2000,2
4895,1,12000,2
4895,3,5000,6
4895,6,7000,6
4895,9,30000,6
4895,14,1000,2
4896,1,10000,2
4896,9,30000,6
4896,14,1500,2
4897,1,20000,1
4897,4,50000,2
4897,12,30000,1
4897,13,10000,6
4897,14,20000,2
4898,1,30000,1
4898,2,15000,1
4898,4,80000,1
4898,14,15000,6
4899,1,60000,1
4899,2,150000,1
4899,4,100000,1
4899,14,15000,2
4900,12,10000,1
4900,14,500,2
4901,1,50000,1
4901,2,80000,1
4901,4,180000,2
4901,10,10000,1
4901,14,16000,2
4901,16,5000,1
4902,12,3000,1
4902,14,3000,2
4902,16,5000,2
4903,1,8000,1
4903,2,10000,1
4903,12,140000,1
4903,13,6000,2
4903,14,7000,2
4903,16,15000,2
4904,1,5000,1
4904,2,7000,1
4904,14,5000,2
4904,16,10000,2
4905,1,10000,1
4905,2,15000,1
4905,14,8000,2
4905,16,13000,2
4906,1,60000,2
4906,2,100000,6
4906,3,5000,4
4906,4,10000,2
4906,9,150000,6
4906,12,40000,6
4906,14,8000,2
4907,1,30000,2
4907,2,100000,2
4907,4,60000,2
4907,7,50000,6
4907,12,50000,6
4907,14,8500,2
4907,16,20000,6
4908,1,12000,2
4908,2,40000,6
4908,3,6000,4
4908,4,10000,2
4908,7,20000,6
4908,14,10000,2
4909,1,60000,2
4909,2,100000,4
4909,3,30000,4
4909,4,70000,2
4909,9,100000,6
4909,12,40000,6
4909,14,5000,2
4910,1,12000,2
4910,2,17000,6
4910,3,3000,4
4910,4,8000,2
4910,14,2500,2
4911,1,12000,2
4911,2,20000,4
4911,3,4000,6
4911,4,20000,2
4911,12,25000,4
4911,14,4000,2
4912,1,6000,2
4912,2,5000,4
4912,4,10000,2
4912,14,3000,2
4913,1,20000,2
4913,2,60000,6
4913,4,40000,2
4913,9,50000,6
4913,12,30000,4
4913,14,20000,2
4914,1,6000,2
4914,2,7000,4
4914,3,2000,4
4914,4,5000,2
4914,14,3000,2
4915,1,4000,1
4915,2,6000,1
4915,3,2500,6
4915,12,25000,1
4917,2,34000,2
4917,4,60000,2
4917,6,32000,6
4933,2,10000,6
4933,4,10000,2
4933,12,350000,6
4933,13,4000,6
4933,14,7000,2
4935,4,8000,2
4935,12,200000,6
4935,13,10000,6
4935,14,7000,2
4936,4,8000,2
4936,14,7000,2
4937,14,7000,2
4938,4,7000,2
4938,15,7000,2
4939,12,30000,6
4939,13,2500,6
4940,4,10000,2
4940,14,7000,2
4941,4,8000,2
4941,14,7000,2
4942,1,120000,4
4942,2,200000,4
4942,3,70000,4
4942,4,55000,2
4942,6,130000,6
4942,9,100000,2
4942,12,200000,6
4942,13,15000,6
4942,14,20000,2
4943,1,70000,4
4943,2,80000,4
4943,3,35000,4
4943,9,30000,4
4943,14,15000,2
4944,1,120000,4
4944,2,140000,4
4944,3,48000,4
4944,4,62000,2
4944,9,135000,6
4944,14,26000,2
4945,1,110000,4
4945,2,118000,4
4945,3,68000,4
4945,4,45000,2
4945,9,120000,6
4946,1,130000,4
4946,2,175000,4
4946,3,70000,4
4946,4,60000,2
4946,6,100000,6
4946,9,150000,6
4947,1,60000,4
4947,2,80000,4
4947,3,35000,4
4947,9,25000,6
4948,1,70000,4
4948,2,52000,4
4948,3,52000,4
4948,9,30000,6
4949,1,80000,4
4949,2,98000,4
4949,3,30000,4
4949,9,60000,6
4949,12,120000,6
4950,1,60000,4
4950,2,77000,4
4950,3,30000,4
4950,9,15000,6
4951,12,80000,6
4957,14,1000,2
4960,1,14000,1
4960,4,1000,2
4960,14,2000,2
4969,4,6000,2
4969,14,5000,2
4970,1,12000,6
4970,2,5000,6
4970,3,3000,6
4970,4,20000,2
4970,9,25000,6
4970,14,8000,2
4971,1,12000,6
4971,2,5000,6
4971,3,4000,6
4971,4,15000,2
4971,9,40000,6
4971,14,10000,2
4972,1,6000,6
4972,2,4000,6
4972,4,15000,2
4972,9,15000,6
4972,14,8000,2
4973,1,6000,6
4973,2,4000,6
4973,3,4000,6
4973,4,12000,2
4973,9,15000,6
4973,14,7000,2
4974,1,18000,6
4974,2,6000,6
4974,3,5000,6
4974,4,15000,2
4974,9,15000,6
4974,14,10000,2
4975,1,12000,6
4975,2,5000,6
4975,3,4000,6
4975,4,20000,2
4975,9,35000,6
4975,12,150000,6
4975,14,8000,2
4976,1,12000,6
4976,2,5000,6
4976,3,5000,6
4976,4,15000,2
4976,9,15000,6
4976,12,140000,6
4976,14,8000,2
4976,16,10000,6
4977,1,12000,6
4977,2,6000,6
4977,3,4000,6
4977,4,15000,2
4977,9,20000,6
4977,14,10000,2
4987,1,6000,2
4987,2,6000,6
4987,3,4000,6
4987,4,2000,2
4988,1,2600,2
4988,2,400,6
4988,3,1500,6
4988,4,2600,2
4989,1,6000,2
4989,2,2000,6
4989,3,4000,6
4989,4,7000,2
4989,12,265000,6
4990,3,6000,6
4990,4,5700,2
4990,12,320000,6
4991,1,12000,2
4991,2,6000,6
4991,3,10000,6
4991,4,14000,2
4991,12,280000,6
4992,2,1000,6
4992,3,2000,6
4992,4,2500,2
4992,12,160000,6
4993,1,10000,2
4993,2,4000,6
4993,3,1000,6
4993,4,2800,2
4993,7,20000,6
4993,9,43000,6
4993,12,70000,6
4995,1,16000,2
4995,2,6000,6
4995,3,6000,6
4995,4,4300,2
4995,6,6000,6
4995,7,10000,6
4995,9,23000,6
4995,12,260000,6
4996,3,3000,6
4996,14,800,2
4997,14,1000,2
4998,3,4000,6
4998,14,1000,2
4999,3,3000,6
4999,14,800,2
5000,3,2000,6
5000,14,1000,2
5001,14,800,2
5002,3,5000,6
5002,14,1200,2
5003,3,4000,6
5003,14,1000,2
5004,3,3000,6
5004,14,800,2
5014,1,7500,2
5014,2,2000,1
5014,3,2500,6
5014,12,10000,6
5015,1,20000,2
5015,2,5000,2
5015,3,2000,6
5015,7,30000,6
5015,9,70000,6
5015,12,170000,6
5015,13,9000,2
5015,14,40000,2
5016,7,8000,6
5016,9,60000,6
5016,12,40000,6
5016,13,3000,2
5016,14,29000,2
5017,2,3000,1
5017,7,10000,6
5017,9,40000,6
5017,10,1000,6
5017,12,24000,6
5017,13,10000,2
5017,14,30000,2
5020,2,1200,1
5020,3,8000,6
5020,12,12000,1
5021,3,5000,6
5021,7,10000,6
5021,9,30000,6
5021,12,65000,6
5021,13,3000,2
5021,14,7000,2
5022,1,3500,2
5022,2,1500,2
5022,7,14000,6
5022,9,35000,6
5022,12,80000,6
5022,14,16400,2
5032,1,6000,6
5032,2,2500,6
5032,7,7000,6
5032,12,100000,6
5032,13,500,2
5032,14,1500,2
5033,12,70000,6
5033,14,1000,2
5035,2,1000,6
5035,14,1000,2
5036,7,15000,6
5036,12,50000,6
5036,13,500,2
5036,14,1500,2
5038,12,20000,6
5038,14,1000,2
5039,2,2000,6
5039,14,7000,2
5040,1,6000,6
5040,2,1500,6
5040,7,10000,6
5040,12,50000,6
5040,14,2000,2
5050,1,30000,2
5050,2,10000,2
5050,3,50000,6
5050,4,18000,2
5050,6,35000,6
5050,7,50000,6
5050,9,50000,6
5050,12,150000,6
5050,13,5000,2
5050,14,50000,2
5050,16,10000,6
5051,1,12000,2
5051,2,5000,2
5051,4,25000,2
5051,7,10000,6
5051,9,35000,6
5051,12,120000,6
5051,13,5000,2
5051,14,25000,2
5052,1,12000,2
5052,2,5000,6
5052,3,5000,6
5052,4,15000,2
5052,7,10000,6
5052,9,35000,6
5052,12,100000,6
5052,13,5000,2
5052,14,25000,2
5054,1,6000,2
5054,2,3000,6
5054,3,5000,6
5054,4,15000,2
5054,12,10000,6
5054,14,15000,2
5056,1,6000,2
5056,2,5000,6
5056,3,5000,6
5056,4,15000,2
5056,6,10000,6
5056,12,10000,6
5056,13,5000,2
5056,14,25000,2
5057,1,6000,2
5057,2,3000,6
5057,3,5000,6
5057,4,10000,2
5057,9,5000,6
5057,14,10000,2
5058,1,6000,2
5058,2,3000,6
5058,4,15000,2
5058,9,30000,6
5058,12,100000,6
5058,13,3000,2
5058,14,15000,2
5065,14,1000,2
5086,1,120000,2
5086,2,45000,1
5086,3,115000,6
5086,4,16000,2
5086,7,28000,6
5086,9,120000,6
5086,12,40000,6
5086,13,2000,2
5086,14,22000,2
5086,16,14000,6
5087,1,45000,2
5087,2,18000,1
5087,3,42000,6
5087,4,3000,2
5087,7,23000,6
5087,9,125000,6
5087,14,18000,2
5087,16,2000,6
5088,1,80000,2
5088,2,26000,1
5088,3,60000,6
5088,4,4000,2
5088,7,32000,6
5088,9,140000,6
5088,12,180000,6
5088,13,12000,2
5088,14,21000,2
5088,16,4000,1
5089,1,25000,2
5089,2,14000,1
5089,3,18000,6
5089,4,3000,2
5089,7,8000,6
5089,9,70000,6
5089,14,9000,2
5089,16,1000,1
5090,1,45000,2
5090,2,18000,1
5090,3,60000,6
5090,4,4000,2
5090,7,23000,6
5090,9,125000,6
5090,12,60000,6
5090,13,2000,2
5090,14,11000,2
5090,16,3000,6
5091,1,60000,2
5091,2,25000,1
5091,3,45000,6
5091,4,4000,2
5091,7,18000,6
5091,9,115000,6
5091,12,56000,6
5091,13,2000,2
5091,14,10000,2
5091,16,3000,1
5092,1,40000,2
5092,2,18000,1
5092,3,25000,6
5092,4,3000,2
5092,7,16000,6
5092,9,120000,6
5092,12,60000,6
5092,13,2000,2
5092,14,10000,2
5092,16,3000,6
5093,1,45000,2
5093,2,20000,1
5093,3,50000,6
5093,4,4000,2
5093,6,50000,6
5093,9,130000,6
5093,12,120000,6
5093,13,25000,2
5093,14,15000,2
5093,16,2000,1
5094,1,57000,2
5094,2,25000,1
5094,3,60000,6
5094,4,5000,2
5094,7,27000,6
5094,9,80000,6
5094,12,140000,6
5094,13,6000,2
5094,14,11000,2
5094,16,3000,1
5095,1,6000,2
5095,2,3000,6
5095,3,5000,6
5095,4,1800,2
5095,7,3000,6
5095,9,6000,6
5095,12,400000,6
5095,13,5000,6
5095,14,5000,2
5096,1,6000,2
5096,3,3000,6
5096,4,1800,2
5096,14,9000,2
5098,1,18000,2
5098,2,3000,6
5098,3,5000,6
5098,4,19000,2
5098,7,8000,6
5098,9,90000,6
5098,14,12000,2
5099,2,2000,6
5099,3,3000,6
5099,4,1800,2
5099,14,6000,2
5100,14,5000,2
5101,1,18000,2
5101,2,3000,6
5101,3,5000,6
5101,4,18000,2
5101,7,7000,6
5101,9,80000,6
5101,12,700000,6
5101,13,5000,6
5101,14,12000,2
5102,14,5000,2
5103,1,6000,2
5103,2,3000,6
5103,3,5000,6
5103,4,1800,2
5103,14,5000,2
5113,1,6000,2
5113,12,120000,6
5113,14,3000,2
5114,1,6000,2
5114,14,3000,2
5115,1,6000,2
5115,12,40000,6
5115,14,3800,2
5116,14,3000,2
5117,1,6000,2
5117,7,12000,6
5117,9,18000,6
5117,14,8500,2
5118,1,6000,2
5118,12,100000,6
5118,14,3000,2
5119,1,270000,2
5119,2,3000,6
5119,6,40000,6
5119,7,35000,6
5119,9,120000,6
5119,14,50000,2
5119,15,75000,2
5119,16,60000,6
5120,1,6000,2
5120,14,3000,2
5121,14,3000,2
5122,1,30000,1
5122,3,15000,1
5122,7,10000,6
5122,9,50000,6
5122,12,160000,6
5122,13,2500,2
5122,14,18500,2
5124,1,36000,1
5124,3,50000,1
5124,7,15000,6
5124,9,60000,6
5124,12,560000,6
5124,13,20000,2
5124,14,21000,2
5125,3,30000,1
5125,7,10000,6
5125,9,20000,6
5125,12,190000,6
5125,13,3000,2
5125,14,9000,2
5126,1,48000,1
5126,3,10000,1
5126,7,20000,6
5126,9,120000,6
5126,12,1000000,6
5126,13,20000,2
5126,14,21000,2
5127,1,18000,1
5127,7,10000,6
5127,9,100000,6
5127,12,210000,6
5127,13,2000,2
5127,15,7000,6
5128,1,40000,1
5128,7,25000,6
5128,9,100000,6
5128,12,460000,6
5128,13,1000,2
5128,14,21000,2
5129,3,35000,6
5129,7,10000,6
5129,9,60000,6
5129,15,8000,6
5130,1,36000,1
5130,3,25000,1
5130,7,20000,6
5130,9,50000,6
5130,14,11000,2
5131,2,4000,6
5131,3,500,6
5131,14,1000,2
5133,2,3000,6
5133,12,10000,6
5134,2,2000,6
5136,2,2500,6
5136,3,1500,6
5136,12,10000,6
5136,14,2500,2
5137,3,4000,6
5139,1,1500,6
5139,2,1000,6
5139,3,4000,6
5139,4,4000,2
5139,12,15000,6
5139,14,2000,2
5140,1,12000,2
5140,4,19000,2
5140,9,180000,6
5140,12,80000,1
5140,13,5000,1
5140,14,14000,2
5141,1,12000,2
5141,2,25000,1
5141,4,10000,2
5141,12,70000,1
5141,13,5000,1
5141,14,13000,2
5142,1,42000,2
5142,2,40000,1
5142,4,35000,2
5142,9,200000,6
5142,12,30000,1
5142,13,15000,1
5142,14,8000,2
5142,15,3000,2
5143,1,24000,2
5143,2,15000,1
5143,3,50000,6
5143,4,12000,2
5143,9,180000,6
5143,12,70000,1
5143,13,10000,1
5143,14,7500,2
5143,15,3500,2
5144,4,8000,2
5144,12,40000,1
5144,14,13000,2
5145,1,36000,2
5145,2,40000,1
5145,4,30000,2
5145,9,300000,6
5145,13,3000,1
5145,14,20000,2
5145,15,4000,2
5146,1,30000,2
5146,2,40000,1
5146,3,2000,6
5146,4,25000,2
5146,9,300000,6
5146,13,4000,1
5146,14,22000,2
5147,1,6000,2
5147,2,6000,1
5147,4,16000,2
5147,9,80000,6
5147,14,5200,2
5148,1,24000,2
5148,2,50000,1
5148,4,25000,2
5148,9,200000,6
5148,12,20000,1
5148,13,5000,1
5148,14,16000,2
5149,1,10000,1
5149,4,14000,2
5149,12,150000,6
5149,14,8000,2
5150,4,2000,2
5150,12,5000,6
5150,14,1500,2
5151,1,10000,1
5151,4,4200,2
5152,1,5000,1
5152,4,12000,2
5152,12,100000,6
5152,14,5000,2
5153,1,8000,1
5153,4,8500,2
5153,14,6000,2
5154,1,10000,1
5154,4,7000,2
5154,12,80000,6
5154,14,4500,2
5155,4,2000,2
5155,12,100000,6
5155,14,7000,2
5156,1,10000,1
5156,4,12000,2
5156,12,50000,6
5156,14,7000,2
5157,14,5000,2
5159,3,10000,6
5159,7,15000,6
5159,9,65000,6
5159,10,3000,1
5159,12,150000,6
5159,16,35000,1
5160,3,15000,6
5161,2,2000,6
5161,3,20000,6
5161,12,120000,6
5162,2,1000,6
5162,3,13000,6
5162,10,2000,1
5163,3,30000,6
5163,7,3000,6
5163,9,40000,6
5163,12,25000,6
5163,15,25000,2
5164,3,15000,6
5164,12,150000,6
5165,3,27000,6
5165,7,15000,6
5165,9,100000,6
5165,12,35000,6
5165,14,12000,2
5165,16,25000,1
5166,3,12000,6
5167,2,1500,6
5167,3,6000,6
5167,7,5000,6
5167,12,23000,6
5167,14,720,2
5167,15,1750,2
5168,3,6000,6
5168,14,900,6
5171,2,3500,6
5171,3,7000,6
5171,12,54000,6
5171,14,1200,2
5172,12,23000,6
5172,14,3700,2
5173,12,18500,6
5173,14,700,2
5174,2,13000,6
5174,4,5700,5
5174,7,5000,6
5174,15,1700,2
5175,3,37000,6
5175,7,5000,6
5175,9,9000,6
5175,14,1800,6
5176,3,20000,6
5176,12,70000,6
5176,14,3000,2
5177,3,10000,6
5177,12,40000,6
5177,14,7500,2
5178,3,7000,6
5178,6,5000,6
5178,14,9000,2
5179,2,1000,5
5179,3,20000,6
5179,7,20000,6
5179,9,10000,6
5179,12,80000,6
5179,14,16000,2
5180,3,6000,6
5180,12,300000,6
5180,13,2000,5
5180,14,5500,2
5181,2,1000,5
5181,3,10000,6
5181,12,70000,6
5181,14,6000,2
5182,3,20000,6
5182,7,25000,6
5182,12,50000,6
5182,14,10000,2
5184,7,50000,6
5184,12,250000,6
5184,13,2000,6
5184,14,6500,2
5184,16,5000,6
