"recno","g1_row","g1_1","g1_2","g1_3","g1_4","g1_5","g1_6","g1_7","g1_8","g1_9","g1_10","g1_11"
2,14,10,,,4,1600,,6,2500,,,
5,14,15,,,6,2000,,9,4000,,,
9,14,10,,,5,3000,,5,3000,,,
9,15,20,,,12,4000,,8,2000,,,
11,14,10,,,7,840,,3,360,,,
11,15,10,,,6,720,,4,480,,,
12,14,30,,,20,2400,,10,1200,,,
12,15,50,,,40,4800,,10,1200,,,
12,16,30,,,30,24000,,,,,,
13,14,50,,,35,5250,,15,2230,,,
13,15,40,,,20,2600,,20,2600,,,
13,16,30,,,30,24000,,,,,,
14,14,12,,,6,900,,6,900,,,
14,15,25,,,15,1800,,10,1200,,,
15,15,18,,,15,2000,,3,400,,,
16,14,30,,,20,3000,,10,1500,,,
16,15,25,,,20,2400,,5,600,,,
17,14,20,,,15,1800,,5,600,,,
17,15,12,,,7,840,,5,600,,,
18,14,6,,,6,900,,,,,,
18,15,12,,,12,1440,,,,,,
19,14,70,,,20,10000,,50,25000,,,
19,15,10,,,2,600,,8,1600,,,
20,14,90,,,40,20000,,50,25000,,,
20,15,10,,,5,1500,,5,1500,,,
21,14,20,,,5,2500,,15,7500,,,
21,15,10,,,3,900,,7,2100,,,
22,1,400,,,350,122000,,50,17500,,,
22,14,100,,,30,4500,,70,10500,,,
22,15,5,,,1.5,225,,3.5,525,,,
24,1,300,,,250,87500,,50,17500,,,
24,14,90,,,10,1500,,80,12000,,,
25,14,15,,,2,1000,,13,6500,,,
28,1,300,,,300,70000,,,,,,
28,14,100,,,80,26000,,20,8000,,,
28,15,100,,,80,16000,,20,4000,,,
29,1,1100,,,1100,230000,,,,,,
29,14,200,,,150,62000,,50,20000,,,
29,15,200,,,150,30000,,50,10000,,,
30,14,40,,,20,4000,,20,4000,,,
30,15,40,,,20,4000,,20,4000,,,
33,14,100,,,40,20000,,60,24000,,,
33,15,60,,,30,6000,,30,6000,,,
33,16,20,,,20,30000,,,,,,
34,14,120,,,95,19000,,25,5000,,,
34,15,20,,,10,2000,,10,2000,,,
36,14,100,,,40,30000,,60,40000,,,
36,15,40,,,20,6000,,20,6000,,,
40,15,20,,,10,3200,,10,3200,,,
40,20,4,,,2,1000,,2,1000,,,
42,14,120,,,40,8600,,80,16200,,,
42,15,30,,,15,4000,,15,4000,,,
42,20,8,,,4,3500,,4,4500,,,
43,14,60,,,30,6600,,30,6600,,,
43,15,20,,,10,3500,,10,3500,,,
44,15,20,,,5,1000,,15,3000,,,
45,14,2,,,,,,2,1600,,,
45,20,10,,,2,1100,,8,4400,,,
46,14,80,,,40,24000,,40,24000,,,
46,15,40,,,20,6000,,20,6000,,,
46,20,20,,,7,3500,,13,6500,,,
47,14,15,,,5,3000,,10,6000,,,
47,15,30,,,15,4500,,15,4500,,,
47,16,25,,,25,45000,,,,,,
47,20,10,,,5,2500,,5,2500,,,
48,14,45,,,30,18000,,15,9000,,,
48,16,30,,,30,51000,,,,,,
48,20,10,,,3,1500,,7,3500,,,
50,14,15,,,5,3000,,10,6000,,,
50,15,15,,,7,2100,,8,2400,,,
50,16,10,,,10,18000,,,,,,
50,20,20,,,8,4000,,12,6000,,,
52,14,20,,,8,4800,,12,7200,,,
52,15,20,,,10,3000,,10,3000,,,
52,16,15,,,15,27000,,,,,,
52,20,20,,,10,5000,,10,5000,,,
53,14,10,,,5,3000,,5,3000,,,
53,20,15,,,5,3000,,10,6000,,,
56,14,100,,,70,35000,,30,20000,,,
56,15,150,,,100,30000,,50,15000,,,
57,14,55,,,35,17000,,20,14000,,,
57,15,30,,,20,6000,,10,3000,,,
58,14,24,,,20,16000,,4,2200,,,
58,15,10,,,6,1800,,4,1200,,,
59,14,78,,,50,25000,,28,14000,,,
59,15,50,,,30,9000,,20,6000,,,
60,14,30,,,20,4000,,10,2000,,,
60,15,30,,,25,5000,,5,1000,,,
62,14,70,,,40,28000,,30,21000,,,
62,15,45,,,25,7500,,20,6000,,,
63,15,40,,,30,6000,,10,2000,,,
67,14,15,,,5,3000,,10,6000,,,
67,16,15,,,15,15000,,,,,,
73,14,66,,,26,4800,,40,7800,,,
73,15,15,,,6,1800,,9,5400,,,
74,14,50,,,17,3500,,33,6300,,,
74,15,15,,,5,1000,,10,2000,,,
76,14,135,,,45,6750,,90,13500,,,
78,14,150,,,45,6800,,105,15800,,,
78,15,40,,,12,4500,,28,13500,,,
79,14,8,,,3,2100,,5,3500,,,
79,15,11,,,4,800,,7,1800,,,
80,14,180,,,60,9000,,120,18000,,,
80,15,105,,,35,11500,,70,40000,,,
81,14,60,,,15,2300,,45,6800,,,
81,15,10,,,4,1200,,6,1800,,,
82,15,20,,,7,1400,,13,2600,,,
83,19,1500,1300,104000,200,16000,,,,2,,
84,14,20,,,10,2300,,10,2300,,,
84,15,30,,,15,3000,,15,3000,,,
86,14,25,,,5,1500,,20,6000,,,
86,15,30,,,5,1000,,25,5000,,,
88,14,12,,,7,2800,,5,2000,,,
89,1,320,,,320,70600,,,,,,
89,7,100,50,15000,50,15000,,,,2,,
89,8,28,,,28,50000,,,,,,
89,10,1200,1000,300000,200,60000,,,,2,,
89,14,50,,,,,,50,11500,,,
89,15,60,,,15,3000,,45,9000,,,
89,19,1500,1200,96000,300,24000,,,,2,,
90,14,16,,,8,1850,,8,1850,,,
90,15,15,,,7,1400,,8,1600,,,
91,15,10,,,4,600,,6,900,,,
92,14,13,,,3,1200,,10,4000,,,
92,15,17,,,7,1050,,10,1500,,,
94,14,90,,,45,18000,,45,18000,,,
94,15,6,,,2,400,,4,800,,,
95,15,6,,,4,800,,2,400,,,
98,15,18,,,10,3000,,8,2400,,,
101,14,42,,,2,1050,,40,21000,,,
101,15,12,,,2,700,,10,3500,,,
109,14,50,,,40,32000,,10,8000,,,
110,14,60,,,40,20000,,20,10000,,,
111,14,100,,,80,24000,,20,6000,,,
111,15,60,,,50,15000,,10,3000,,,
112,14,50,,,30,15000,,20,10000,,,
112,15,30,,,15,4500,,15,4500,,,
113,14,30,,,30,10000,,,,,,
113,15,60,,,40,12000,,20,6000,,,
114,14,30,,,30,5000,,,,,,
115,14,60,,,40,20000,,20,10000,,,
116,14,50,,,40,20000,,10,5000,,,
116,15,50,,,40,12000,,10,3000,,,
117,14,50,,,40,20000,,10,5000,,,
117,15,50,,,30,9000,,20,6000,,,
118,1,620,,,600,126000,,20,4400,,,
118,14,100,,,45,13500,,55,16500,,,
118,15,40,,,20,4000,,20,4000,,,
118,16,15,,,13,9100,,2,1400,,,
119,1,540,,,520,109000,,20,4400,,,
119,14,200,,,80,24000,,120,36000,,,
119,15,100,,,40,8000,,60,12000,,,
119,16,14,,,12,9600,,2,1600,,,
121,1,470,,,470,101000,,,,,,
121,14,230,,,100,35000,,130,45500,,,
121,15,70,,,30,6000,,40,8000,,,
121,16,13,,,11,11000,,2,2000,,,
122,1,590,,,570,120000,,20,4200,,,
122,14,180,,,80,28000,,100,35000,,,
122,15,90,,,40,8000,,50,10000,,,
122,16,8,,,7,6600,,1,900,,,
123,1,460,,,460,99000,,,,,,
123,14,150,,,70,21000,,80,24000,,,
123,15,80,,,40,8000,,40,8000,,,
123,16,16,,,13,11000,,3,2700,,,
124,14,230,,,130,45500,,100,35000,,,
124,15,90,,,40,8000,,50,10000,,,
124,16,15,,,12,8400,,3,2100,,,
124,19,2000,1500,112500,500,35000,,,,2,6,
125,1,780,,,760,160000,,20,4400,,,
125,14,190,,,80,28000,,110,38500,,,
125,15,95,,,45,9000,,50,10000,,,
125,16,16,,,13,10400,,3,2400,,,
126,1,500,,,470,100000,,30,6600,,,
126,14,170,,,90,31500,,80,28000,,,
126,15,80,,,35,7000,,45,9000,,,
126,16,18,,,15,15000,,3,3000,,,
126,19,1500,1100,88000,400,32000,,,,2,6,
127,1,420,,,400,84000,,20,4300,,,
127,14,170,,,80,25600,10,80,25600,,,
127,15,80,,,40,6800,,40,6800,,,
127,19,1500,1050,84000,450,36000,,,,2,6,7
128,1,300,,,290,60900,,10,2200,,,
128,14,150,,,70,22400,10,70,22400,,,
128,15,60,,,30,5100,,30,5100,,,
129,1,270,,,250,53000,,20,4400,,,
129,14,120,,,60,19200,,60,19200,,,
129,15,40,,,20,3400,,20,3400,,,
130,1,140,,,130,27000,,10,2200,,,
130,14,100,,,50,16500,,50,16500,,,
130,15,50,,,25,4250,,25,4250,,,
130,19,1450,1100,77000,350,24500,,,,2,6,7
131,1,290,,,270,58000,,20,4400,,,
131,14,120,,,60,19800,,60,19800,,,
131,15,40,,,20,3400,,20,3400,,,
132,1,270,,,250,52000,,20,4400,,,
132,14,120,,,60,19800,,60,19800,,,
132,15,40,,,20,3400,,20,3400,,,
133,1,570,,,560,93000,,10,1660,,,
133,7,700,400,80000,300,60000,,,,2,5,6
133,8,110,35,56000,50,80000,5,20,32000,2,3,6
133,9,25,15,15000,10,10000,,,,2,,
133,10,760,400,100000,360,90000,,,,2,3,6
133,11,50,10,30000,20,60000,,20,60000,2,,
133,14,160,,,80,26400,,80,26400,,,
133,15,80,,,40,8800,,40,8800,,,
133,19,2000,1500,120000,500,40000,,,,2,3,6
134,1,580,,,570,94000,,10,1600,,,
134,7,500,250,62500,250,62500,,,,2,6,7
134,8,100,29,46000,56,89600,,15,24000,2,3,6
134,9,20,10,10000,10,10000,,,,2,,
134,10,600,300,75000,300,75000,,,,2,6,3
134,11,36,,,28,84000,,8,24000,,,
134,14,160,,,80,26000,10,70,23000,,,
134,15,100,,,50,9500,,50,9500,,,
134,19,2200,1700,136000,500,40000,,,,2,6,7
135,1,700,,,690,115000,,10,1660,,,
135,4,5,,,4,28000,,1,7000,,,
135,7,500,260,52000,240,48000,,,,2,5,6
135,8,96,25,40000,50,80000,6,15,24000,2,3,6
135,9,20,10,10000,10,10000,,,,2,6,
135,10,600,300,75000,300,75000,,,,2,3,6
135,11,30,,,20,60000,,10,30000,,,
135,14,180,,,90,30000,,90,30000,,,
135,15,60,,,30,5100,,30,5100,,,
135,19,2250,1700,128000,550,42000,,,,2,3,6
136,1,140,,,128,26900,,12,2600,,,
136,14,90,,,45,15700,,45,15700,,,
136,15,60,,,30,5500,,30,5500,,,
136,19,1080,800,56000,280,19600,,,,2,6,7
137,1,560,,,544,115000,,16,3400,,,
137,7,500,250,75000,250,75000,,,,2,6,7
137,8,90,25,42500,45,76500,5,15,25500,2,3,6
137,9,20,10,10000,10,10000,,,,2,6,7
137,10,500,200,60000,300,90000,,,,2,3,6
137,11,34,7,21000,19,57000,,8,24000,2,,
137,14,170,10,30000,80,25600,,80,25600,2,3,6
137,15,90,,,45,7500,,45,7500,,,
137,19,2000,1500,106000,500,38000,,,,2,3,7
138,1,280,,,270,56700,,10,2200,,,
138,14,100,,,50,16000,,50,16000,,,
138,15,60,,,30,5100,,30,5100,,,
139,1,360,,,350,74000,,10,2200,,,
139,14,190,10,30000,90,31500,,90,31500,2,6,7
139,15,80,,,40,6000,,40,6000,,,
139,19,1500,1100,88000,400,32000,,,,2,6,7
140,1,570,,,560,117200,,10,2200,,,
140,14,140,,,70,22400,,70,22400,,,
140,15,60,,,30,5100,,30,5100,,,
141,1,570,,,550,117000,,20,4400,,,
141,4,4.5,,,2,16000,0.5,2,16000,,,
141,7,600,300,75000,300,75000,,,,2,4,6
141,8,100,30,48000,50,80000,,20,32000,2,3,6
141,9,25,10,12000,13,15600,2,,,2,,
141,10,600,300,75000,300,75000,,,,2,6,7
141,11,35,5,15000,20,60000,,10,30000,2,,
141,14,130,,,60,24000,10,60,24000,,,
141,15,60,,,30,5400,,30,5400,,,
141,19,1800,1250,100000,550,44000,,,,2,6,7
142,1,320,,,310,66000,,10,2200,,,
142,14,160,,,80,25600,,80,25600,,,
142,15,60,,,30,5100,,30,5100,,,
143,1,130,,,110,23200,,20,4400,,,
143,14,90,,,45,14400,,45,14400,,,
143,15,40,,,20,3400,,20,3400,,,
144,1,430,,,410,86000,,20,22000,,,
144,14,180,,,90,28800,,90,28800,,,
144,15,60,,,30,5100,,30,5100,,,
145,1,600,,,550,110000,,50,10000,,,
145,7,400,300,90000,100,30000,,,,2,,
145,8,220,160,272000,50,85000,,10,17000,2,,
145,10,500,400,120000,100,30000,,,,2,,
145,11,8,,,6,13200,,2,5000,,,
145,14,150,,,60,20000,,90,33500,,,
145,15,50,,,25,6250,,25,6250,,,
145,19,1080,,,1080,75600,,,,,,
145,20,10,,,3,600,,7,1400,,,
146,1,700,,,620,124000,,80,16000,,,
146,14,50,,,10,1900,,40,10000,,,
146,15,10,,,3,750,,7,1750,,,
146,20,15,,,5,1000,,10,2000,,,
147,1,500,,,450,90000,,50,10000,,,
147,14,200,,,64,11200,,136,38800,,,
147,15,100,,,20,5000,,80,20000,,,
147,16,50,,,50,50000,,,,,,
147,19,1200,,,1200,84000,,,,,,
148,1,500,,,480,96000,,20,4000,,,
148,14,150,,,18,3900,,132,54600,,,
148,15,80,,,15,3750,,65,16250,,,
148,16,10,,,10,8000,,,,,,
148,20,10,,,3,600,,7,1400,,,
149,1,200,,,150,30000,,50,10000,,,
149,7,150,100,30000,50,15000,,,,2,,
149,8,289,135,230000,150,255000,,4,6800,,,
149,10,200,100,30000,100,30000,,,,2,,
149,11,5,,,5,12500,,,,,,
149,14,155,,,62,20100,,93,25150,,,
149,15,15,,,7,1750,,8,2000,,,
149,19,840,,,840,58800,,,,,,
150,14,150,,,20,16500,,130,80000,,,
150,15,50,,,15,3750,,35,8750,,,
150,19,1080,,,1080,75600,,,,,,
151,14,160,,,20,5800,,140,39000,,,
151,15,60,,,10,2500,,50,12500,,,
151,16,20,,,20,16000,,,,,,
152,14,20,,,10,1500,,10,1500,,,
152,15,15,,,5,1250,,10,2500,,,
152,19,1220,1100,77000,120,8400,,,,2,,
153,1,500,,,470,94000,,30,6000,,,
153,7,500,450,135000,50,15000,,,,2,,
153,8,53,27,45900,23,39100,,3,5100,2,,
153,10,200,,,200,60000,,,,,,
153,14,60,,,37,9550,,23,4200,,,
153,15,25,,,15,3750,,10,2500,,,
153,19,1080,580,40600,500,35000,,,,2,,
154,14,60,,,40,10000,,20,6000,,,
154,15,30,,,20,5000,,10,2500,,,
154,19,1200,,,1200,84000,,,,,,
155,14,70,,,30,12500,,40,18800,,,
155,15,50,,,20,4000,,30,6900,,,
156,14,70,,,50,17500,,20,9000,,,
156,15,60,,,40,9200,,20,5000,,,
157,1,500,,,500,117000,,,,,,
157,14,40,,,30,10600,,10,3500,,,
157,15,30,,,20,5600,,10,2500,,,
158,14,60,,,50,19000,,10,3800,,,
158,15,60,,,40,9200,,20,4000,,,
158,19,1350,500,40000,850,51000,,,,2,,
159,1,200,,,200,46000,,,,,,
159,14,70,,,40,14000,,30,6300,,,
159,15,40,,,30,4500,,10,2000,,,
159,19,600,,,600,42000,,,,,,
160,14,40,,,30,13000,,10,3500,,,
160,15,30,,,20,4000,,10,2300,,,
161,14,80,,,40,14000,,40,14000,,,
161,15,40,,,30,6000,,10,2300,,,
162,1,600,,,600,126000,,,,,,
162,14,100,,,70,18400,,30,11400,,,
162,15,100,,,60,13800,,40,8000,,,
163,14,122,,,54,9620,,68,13080,,,
163,15,93,,,33.5,10750,,59.5,16450,,,
163,19,800,,,800,56000,,,,,,
164,15,10,,,5,2000,,5,2000,,,
165,14,9,,,2,1800,,7,5600,,,
165,15,48,,,22,6110,,26,7560,,,
166,1,300,,,300,72000,,,,,,
167,1,300,,,300,72000,,,,,,
167,14,154,,,43,7720,,111,22980,,,
167,15,96,,,41,11020,,55,15910,,,
168,14,168,,,70,16800,,98,27820,,,
168,15,74,,,29,11110,,45,16110,,,
170,14,9,,,6,5100,,3,3200,,,
170,15,99,,,50,14850,,49,14480,,,
172,1,450,,,450,92400,,,,,,
172,14,120,,,40,14000,20,60,21000,,,
172,15,20,,,10,4500,,10,4500,,,
172,16,10,,,10,12000,,,,,,
173,1,590,,,590,138680,,,,,,
173,14,40,,,20,7000,,20,7000,,,
173,15,20,,,10,4500,,10,4700,,,
173,16,10,,,10,8000,,,,,,
173,19,1450,,,1450,87000,,,,,,
174,1,540,,,540,126080,,,,,,
174,14,40,,,20,10400,,20,10400,,,
174,15,10,,,5,2250,,5,2250,,,
174,16,15,,,15,12000,,,,,,
174,19,2000,1000,60000,1000,60000,,,,2,,
175,1,295,,,295,67500,,,,,,
175,14,20,,,10,6000,,10,6000,,,
175,15,30,,,15,6500,,15,6500,,,
175,16,5,,,5,4000,,,,,,
176,1,370,,,370,90000,,,,,,
176,14,40,,,20,12000,,20,12000,,,
176,15,30,,,20,9000,,10,4500,,,
176,16,5,,,5,4000,,,,,,
176,19,2500,1500,90000,1000,60000,,,,2,,
177,1,550,,,550,130000,,,,,,
177,14,50,,,30,18000,,20,12000,,,
177,15,10,,,5,2500,,5,2500,,,
177,16,5,,,5,4000,,,,,,
178,14,40,,,20,10000,,20,10000,,,
178,15,30,,,20,9000,,10,4500,,,
178,16,5,,,5,4000,,,,,,
178,19,4000,2500,150000,1500,90000,,,,2,,
179,19,1800,,,800,56000,1000,,,,,
180,1,290,,,290,64000,,,,,,
180,14,120,,,60,20200,,60,20200,,,
180,15,20,,,10,4500,,10,4500,,,
181,14,200,,,110,44000,,90,13500,,,
181,15,75,,,35,5250,,40,6000,,,
182,14,65,,,40,16000,,25,10000,,,
182,15,50,,,25,3750,,25,3750,,,
183,1,372,,,372,78400,,,,,,
183,14,120,,,40,14000,,80,28000,,,
183,15,55,,,20,3000,,35,5250,,,
184,7,1100,900,270000,200,60000,,,,2,,
184,8,25,,,20,40000,,5,10000,,,
184,10,600,400,120000,200,60000,,,,2,,
184,11,10,,,10,20000,,,,,,
184,14,150,,,50,20000,,100,40000,,,
184,15,60,,,30,4500,,30,4500,,,
185,1,446,,,446,99660,,,,,,
185,14,150,,,65,26000,,85,34000,,,
185,15,35,,,21,4200,,14,2100,,,
186,1,446,,,446,92660,,,,,,
186,7,1300,500,150000,600,180000,200,,,2,,
186,8,125,39,58500,36,54000,50,,,2,,
186,10,1000,300,90000,600,180000,100,,,2,,
186,11,28,,,18,36000,2,8,16000,,,
186,14,125,,,45,22500,,80,40000,,,
186,15,45,,,18,2700,,27,4050,,,
186,19,1100,,,1000,80000,100,,,,,
187,14,130,,,45,18000,,85,34000,,,
187,15,40,,,20,3000,,20,3000,,,
188,14,250,,,110,44000,,140,56000,,,
188,15,100,,,65,9750,,35,5250,,,
189,7,900,600,180000,250,75000,50,,,2,,
189,8,35,,,20,30000,5,10,15000,,,
189,10,500,300,90000,200,60000,,,,2,,
189,11,3,,,,,,3,6000,,,
189,14,100,,,65,26000,,35,14000,,,
189,15,55,,,25,3750,,30,4500,,,
189,19,1050,,,1050,84000,,,,,,
190,1,600,,,600,126000,,,,,,
190,14,88,,,32,12400,,56,22200,,,
190,15,62,,,20,3000,,42,6300,,,
191,1,374,,,374,78800,,,,,,
191,14,62,,,25,8500,,37,12400,,,
191,15,54,,,28,4200,,26,3900,,,
192,1,225,,,225,47850,,,,,,
192,14,48,,,13,2600,,35,7000,,,
192,15,44,,,18,2700,,26,3900,,,
193,1,230,,,230,48300,,,,,,
193,14,56,,,20,4000,,36,7200,,,
193,15,45,,,21,3150,,24,3600,,,
194,1,380,,,380,79800,,,,,,
194,14,56,,,26,10400,,30,12000,,,
194,15,53,,,28,4200,,25,3750,,,
195,1,600,,,600,126000,,,,,,
195,7,100,,,100,30000,,,,,,
195,8,42,,,35,59500,,7,11900,,,
195,10,300,,,300,90000,,,,,,
195,11,38,5,11000,27,59400,,6,13200,2,,
195,14,76,,,32,12800,,44,18800,,,
195,15,68,,,30,4500,,38,5700,,,
197,1,616,,,616,129360,,,,,,
197,14,78,,,40,8000,,38,7600,,,
197,15,75,,,39,5850,,36,5400,,,
198,1,448,,,448,96000,,,,,,
198,14,69,,,22,8800,,47,18800,,,
198,15,53,,,24,3600,,29,4350,,,
199,14,50,,,15,5300,,35,12300,,,
199,15,30,,,10,2500,,20,5000,,,
199,16,15,,,15,15000,,,,,,
201,14,30,,,8,2800,,22,7700,,,
201,15,20,,,6,1500,,14,3500,,,
202,14,40,,,12,4200,,28,9800,,,
202,15,30,,,10,2500,,20,5000,,,
202,16,10,,,10,10000,,,,,,
203,1,600,,,600,126000,,,,,,
203,14,40,,,10,3500,,30,10500,,,
203,15,20,,,8,2000,,12,3000,,,
203,16,10,,,10,10000,,,,,,
204,14,62,,,12,4500,,50,17500,,,
204,15,30,,,8,2000,,22,5500,,,
204,16,10,,,10,10000,,,,,,
206,14,65,,,15,4500,,50,17500,,,
206,15,42,,,12,2500,,30,6000,,,
206,16,15,,,15,15000,,,,,,
207,14,15,,,5,1500,,10,3000,,,
207,15,10,,,4,800,,6,1200,,,
208,1,540,,,540,108000,,,,,,
208,14,50,,,30,10500,,20,7000,,,
208,15,40,,,20,4000,,20,4000,,,
209,14,40,,,30,12000,,10,4000,,,
209,15,20,,,10,2000,,10,2000,,,
212,14,30,,,20,8000,,10,4000,,,
212,15,30,,,20,4000,,10,2000,,,
214,14,30,,,15,6000,,15,6000,,,
214,15,20,,,15,3000,,5,3000,,,
215,1,360,,,360,75600,,,,,,
215,14,20,,,10,4000,,10,4000,,,
215,15,20,,,10,2000,,10,2000,,,
216,1,540,,,540,113400,,,,,,
216,14,60,,,20,9000,,40,18000,,,
216,15,40,,,20,4000,,20,4000,,,
217,1,432,,,432,90720,,,,,,
217,14,120,,,50,25000,,70,35000,,,
217,15,80,,,40,8000,,40,8000,,,
217,16,20,,,20,30000,,,,,,
218,1,324,,,324,68000,,,,,,
218,14,120,,,60,35000,,60,35000,,,
218,15,80,,,40,8000,,40,8000,,,
218,16,40,,,40,60000,,,,,,
219,1,324,,,324,68040,,,,,,
219,14,70,,,30,15000,,40,20000,,,
219,15,60,,,40,8000,,20,4000,,,
219,16,30,,,30,45000,,,,,,
220,1,36,,,36,7700,,,,,,
220,7,350,300,60000,50,10000,,,,2,,
220,8,40,,,20,30000,,20,30000,,,
220,9,10,,,10,12000,,,,,,
220,10,60,,,60,15000,,,,,,
220,11,30,10,30000,10,30000,,10,30000,2,6,
220,14,100,,,50,25000,,50,25000,,,
220,15,30,,,20,4000,,10,4000,,,
220,16,30,,,30,45000,,,,,,
220,19,1000,500,30000,500,30000,,,,2,6,
221,1,324,,,324,68000,,,,,,
221,14,120,,,70,35000,,50,25000,,,
221,15,70,,,40,8000,,30,6000,,,
221,16,30,,,30,45000,,,,,,
222,1,648,,,648,136080,,,,,,
222,7,100,,,100,20000,,,,,,
222,8,80,20,30000,40,60000,,20,30000,2,6,
222,9,10,,,10,12000,,,,,,
222,10,60,,,60,15000,,,,,,
222,11,20,,,20,60000,,,,,,
222,14,140,,,100,20000,,40,8000,,,
222,15,80,,,60,12000,,20,4000,,,
222,16,30,,,30,45000,,,,,,
222,19,1200,600,36000,600,36000,,,,2,6,
223,1,324,,,324,68040,,,,,,
223,14,120,,,60,35000,,60,35000,,,
223,15,60,,,40,8000,,20,4000,,,
223,16,40,,,40,60000,,,,,,
224,1,540,,,540,113400,,,,,,
224,14,100,,,50,25000,,50,25000,,,
224,15,60,,,40,8000,,20,4000,,,
224,16,30,,,30,45000,,,,,,
225,1,432,,,432,92800,,,,,,
225,14,180,,,100,50000,,80,40000,,,
225,15,80,,,40,8000,,40,8000,,,
225,16,40,,,40,60000,,,,,,
226,1,420,,,420,88000,,,,,,
226,14,50,,,30,16000,,20,11000,,,
226,15,40,,,20,4000,,20,4000,,,
226,16,3,,,3,6000,,,,,,
227,1,648,,,648,136000,,,,,,
227,14,100,,,60,30000,,40,20000,,,
227,15,40,,,20,4000,,20,4000,,,
227,16,10,,,10,15000,,,,,,
228,14,30,,,20,12000,,10,6000,,,
228,15,15,,,10,2000,,5,1000,,,
229,1,650,,,650,136500,,,,,,
229,14,40,,,20,12000,,20,12000,,,
229,15,25,,,10,2000,,15,3000,,,
229,16,5,,,5,8000,,,,,,
230,14,40,,,20,10000,,20,10000,,,
230,15,30,,,20,4000,,10,2000,,,
230,16,3,,,3,5000,,,,,,
231,1,320,,,320,68000,,,,,,
231,14,70,,,40,20000,,30,15000,,,
231,15,30,,,20,4000,,10,2000,,,
231,16,10,,,10,15000,,,,,,
232,1,650,,,650,136000,,,,,,
232,14,80,,,40,20000,,40,20000,,,
232,15,40,,,20,4000,,20,4000,,,
232,16,10,,,10,15000,,,,,,
233,1,560,,,560,117000,,,,,,
233,14,80,,,40,20000,,40,20000,,,
233,15,50,,,30,6000,,20,4000,,,
233,16,7,,,7,12000,,,,,,
234,14,60,,,30,6000,,30,6000,,,
234,15,20,,,10,2000,,10,2000,,,
234,16,5,,,5,8000,,,,,,
235,1,324,,,324,64800,,,,,,
235,14,30,,,20,9000,,10,4500,,,
235,15,20,,,15,5250,,5,1750,,,
235,16,13,,,13,13000,,,,,,
236,1,648,,,648,129600,,,,,,
236,14,60,,,60,27000,,,,,,
236,15,40,,,40,12000,,,,,,
237,1,432,,,432,86400,,,,,,
237,14,30,,,20,9000,,10,4500,,,
237,15,20,,,16,5600,,4,1400,,,
238,1,108,,,108,21600,,,,,,
238,14,12,,,6,2700,,6,2700,,,
238,15,15,,,10,3500,,5,1750,,,
239,1,864,,,864,172800,,,,,,
239,14,100,,,60,27000,,40,18000,,,
239,15,60,,,50,17500,,10,3500,,,
239,16,20,,,20,20000,,,,,,
240,1,432,,,432,86400,,,,,,
240,14,40,,,20,9000,,20,9000,,,
240,15,20,,,10,3500,,10,3500,,,
241,1,648,,,648,129600,,,,,,
241,14,40,,,30,13500,,10,4500,,,
241,15,60,,,50,17500,,10,3500,,,
242,1,756,,,756,151200,,,,,,
242,7,6000,4000,600000,2000,300000,,,,2,5,
242,8,340,260,416000,40,70000,,40,70000,2,5,
242,10,60,,,60,15000,,,,,,
242,14,60,,,50,22500,,10,4500,,,
242,15,40,,,35,12250,,5,1750,,,
242,16,20,,,20,20000,,,,,,
242,19,1500,,,1500,75000,,,,,,
243,1,108,,,108,21600,,,,,,
243,14,20,,,10,4500,,10,4500,,,
243,15,8,,,6,2100,,2,700,,,
244,1,75,,,75,16000,,,,,,
244,14,90,,,53,14200,,37,10200,,,
244,15,86,,,50,9800,,36,7500,,,
245,14,140,,,80,20900,,60,18000,,,
245,15,128,,,73,14600,,55,12000,,,
246,1,360,,,360,72000,,,,,,
246,14,199,,,118,28600,,81,21300,,,
246,15,215,,,130,26000,,85,18500,,,
247,1,160,,,160,32000,,,,,,
247,14,105,,,64,17500,,41,11500,,,
247,15,92,,,60,11700,,32,6700,,,
248,14,70,,,44,11500,,26,7400,,,
248,15,64,,,36,6800,,28,5600,,,
249,1,120,,,120,26000,,,,,,
249,14,88,,,53,15000,,35,11000,,,
249,15,134,,,76,14500,,58,11600,,,
250,1,280,,,280,56000,,,,,,
250,14,163,,,101,25400,,62,17300,,,
250,15,130,,,76,15000,,54,11500,,,
251,1,270,,,270,57500,,,,,,
251,14,166,,,99,24000,,67,17600,,,
251,15,156,,,96,18500,,60,12600,,,
252,1,160,,,160,32000,,,,,,
252,14,93,,,57,15400,,36,10500,,,
252,15,145,,,80,16000,,65,12500,,,
253,14,140,,,100,30000,10,30,9000,,,
253,15,40,,,25,5000,5,10,2000,,,
253,16,30,,,25,16000,5,,,,,
254,1,400,,,400,80000,,,,,,
254,14,80,,,70,21000,2,8,2400,,,
254,15,70,,,40,8000,5,25,5000,,,
254,20,30,,,20,4000,,10,2000,,,
256,14,250,,,120,36000,20,110,33000,,,
256,15,100,,,60,12000,5,35,7000,,,
256,16,60,,,55,33000,5,,,,,
256,20,50,,,30,6000,5,15,3000,,,
257,14,80,,,60,18000,10,10,3000,,,
257,16,30,,,26,18000,2,2,1600,,,
258,14,160,,,100,30000,20,40,12000,,,
258,15,100,,,60,12000,10,30,6000,,,
258,16,40,,,35,28000,5,,,,,
258,20,30,,,25,5000,,5,1000,,,
259,14,120,,,50,15000,20,50,15000,,,
259,15,110,,,50,10000,10,50,10000,,,
259,16,60,,,50,40000,10,,,,,
259,20,30,,,20,4000,,10,2000,,,
260,14,100,,,70,21000,10,20,6000,,,
260,15,60,,,40,8000,5,15,3000,,,
260,20,40,,,30,6000,,10,2000,,,
261,1,540,,,540,108000,,,,,,
261,14,150,,,100,30000,20,30,9000,,,
261,15,170,,,100,20000,10,60,12000,,,
261,16,50,,,45,29000,5,,,,,
261,20,50,,,30,6000,,20,4000,,,
262,1,550,,,550,110000,,,,,,
262,14,130,,,70,19000,,60,16000,,,
262,15,60,,,40,8200,,20,4100,,,
262,16,20,,,20,30000,,,,,,
262,20,15,,,12,3300,,3,840,,,
263,1,160,,,160,32000,,,,,,
263,14,50,,,20,6000,,30,7000,,,
263,15,10,,,6,1200,,4,800,,,
264,1,200,,,200,40000,,,,,,
264,7,2150,2000,300000,150,22000,,,,5,,
264,8,75,,,60,90000,10,5,7500,,,
264,10,250,,,250,62000,,,,,,
264,14,110,,,55,14000,5,50,13000,,,
264,15,90,,,40,8000,10,40,8000,,,
264,16,20,,,20,30000,,,,,,
264,17,7,,,5,18000,,2,7400,,,
264,20,50,,,35,9500,,15,4000,,,
265,1,550,,,550,110000,,,,,,
265,7,1300,1100,165000,200,30000,,,,5,,
265,8,60,,,60,90000,,,,,,
265,10,200,,,200,50000,,,,,,
265,14,90,,,50,13000,,40,11000,,,
265,15,70,,,35,8800,,35,8800,,,
265,20,40,,,20,4000,,20,4000,,,
266,1,300,,,300,60000,,,,,,
266,7,1000,900,135000,100,15000,,,,5,,
266,8,50,,,40,64000,,10,16000,,,
266,10,150,,,150,37000,,,,,,
266,14,55,,,25,8000,,30,9000,,,
266,16,15,,,15,22000,,,,,,
266,17,80,30,105000,10,35000,20,20,70000,2,6,
266,19,600,,,500,38000,100,,,,,
266,20,40,,,20,4000,,20,4000,,,
267,14,30,,,20,5000,,10,2500,,,
267,20,10,,,7,1000,,3,400,,,
268,1,280,,,280,56000,,,,,,
268,7,150,,,150,30000,,,,,,
268,8,35,,,30,45000,5,,,,,
268,10,200,,,200,50000,,,,,,
268,11,3,,,3,6300,,,,,,
268,15,30,,,20,5500,,10,2700,,,
268,19,800,,,800,56000,,,,,,
268,20,30,,,15,4200,,15,4200,,,
269,1,300,,,300,60000,,,,,,
269,4,4,,,3,12000,,1,4000,,,
269,7,3000,2500,370000,300,45000,200,,,5,,
269,8,100,,,80,120000,10,10,15000,,,
269,10,350,,,350,87000,,,,,,
269,14,160,,,100,26000,,60,15000,,,
269,15,80,,,40,8000,,40,8000,,,
269,16,30,,,30,45000,,,,,,
269,19,800,,,700,55000,100,,,,,
269,20,55,,,30,7500,,25,6200,,,
270,1,300,,,300,60000,,,,,,
270,7,300,,,300,60000,,,,,,
270,8,35,,,30,45000,,5,7500,,,
270,9,5,,,5,5000,,,,,,
270,10,200,,,200,50000,,,,,,
270,14,110,,,65,24000,,45,16600,,,
270,15,50,,,30,7000,,20,5600,,,
270,17,15,,,9,32000,3,3,11000,,,
270,20,35,,,20,5500,,15,4200,,,
271,14,80,,,40,8800,,40,8800,,,
271,20,20,,,14,3500,,6,1500,,,
272,14,40,,,20,5000,,20,5000,,,
272,15,50,,,25,6250,,25,6250,,,
272,16,10,,,10,7000,,,,,,
275,16,6,,,6,6000,,,,,,
280,1,700,,,700,136500,,,,,,
280,7,1100,800,128000,300,75000,,,,5,,
280,8,70,,,65,100000,,5,7500,,,
280,10,250,,,250,62500,,,,,,
280,11,20,,,17,38000,,3,8000,,,
280,14,150,,,60,21000,,90,36500,,,
280,15,50,,,25,5000,,25,5000,,,
280,19,350,50,4500,300,27000,,,,2,,
280,20,50,,,30,6000,,20,4000,,,
281,14,60,,,30,9600,,30,9600,,,
281,15,15,,,7,1400,,8,1600,,,
281,20,10,,,4,800,,6,1200,,,
282,1,450,,,450,86400,,,,,,
282,14,150,,,90,27000,,60,5400,,,
282,15,40,,,20,4000,,20,4000,,,
282,20,30,,,10,2000,,20,4000,,,
283,1,100,,,100,19200,,,,,,
283,14,45,,,15,6300,,30,12600,,,
283,15,15,,,7,1400,,8,1600,,,
284,1,100,,,100,19200,,,,,,
284,7,700,500,125000,200,50000,,,,2,,
284,8,100,10,16000,85,144500,,5,8500,2,,
284,9,2,,,2,2000,,,,,,
284,10,280,50,12500,230,57500,,,,2,,
284,11,30,10,26000,18,46000,,2,5000,2,,
284,14,120,,,80,36400,,40,15200,,,
284,15,45,,,25,5000,,20,4000,,,
284,19,350,50,4500,300,27000,,,,2,,
284,20,50,,,30,5400,,20,3600,,,
285,14,35,,,20,6800,,15,4600,,,
285,15,15,,,7,1400,,8,1600,,,
285,19,150,,,150,14250,,,,,,
285,20,10,,,3,600,,7,1400,,,
286,1,300,,,300,58500,,,,,,
286,14,90,,,60,21000,,30,10500,,,
286,15,30,,,10,2000,,20,4000,,,
286,19,250,,,250,23750,,,,,,
286,20,30,,,15,3000,,15,3000,,,
287,14,50,,,20,9000,,30,13500,,,
287,15,20,,,10,2200,,10,2200,,,
288,1,250,,,250,49000,,,,,,
288,14,45,,,25,11250,,20,9000,,,
288,15,30,,,15,3300,,15,3300,,,
288,20,20,,,10,2000,,10,2000,,,
289,1,600,,,600,138000,,,,,,
289,14,100,,,40,24000,,60,36000,,,
289,15,50,,,20,4000,,30,6000,,,
289,16,25,,,25,25000,,,,,,
290,1,600,,,600,138000,,,,,,
290,14,80,,,30,18000,,50,30000,,,
290,15,30,,,10,2000,,20,4000,,,
290,16,25,,,25,25000,,,,,,
291,1,300,,,300,69000,,,,,,
291,14,50,,,20,12000,,30,18000,,,
291,15,50,,,10,2000,,40,8000,,,
291,16,5,,,5,5000,,,,,,
292,1,600,,,600,138000,,,,,,
292,14,150,,,50,30000,,100,60000,,,
292,15,50,,,20,4000,,30,6000,,,
292,16,20,,,20,20000,,,,,,
293,14,60,,,30,18000,,30,18000,,,
293,15,50,,,15,3000,,35,7000,,,
293,16,10,,,10,10000,,,,,,
294,1,300,,,300,69000,,,,,,
294,14,100,,,50,30000,,50,30000,,,
294,15,70,,,30,6000,,40,8000,,,
294,16,15,,,15,15000,,,,,,
295,1,300,,,300,69000,,,,,,
295,14,120,,,50,30000,,70,42000,,,
295,15,80,,,30,6000,,50,10000,,,
295,16,10,,,10,10000,,,,,,
296,14,50,,,10,6000,,40,24000,,,
296,15,30,,,10,2000,,20,4000,,,
296,16,5,,,5,5000,,,,,,
297,14,150,,,50,30000,,100,60000,,,
297,15,100,,,25,5000,,75,15000,,,
297,16,30,,,30,30000,,,,,,
298,14,130,,,50,30000,,80,24000,,,
298,15,80,,,30,9000,,50,15000,,,
298,16,6,,,6,4200,,,,,,
298,19,900,,,900,63000,,,,,,
299,14,150,,,50,25000,,100,50000,,,
299,15,90,,,30,9000,,60,18000,,,
300,1,300,,,300,78000,,,,,,
300,14,70,,,30,18000,,40,24000,,,
300,15,40,,,15,4500,,25,7500,,,
300,16,4,,,4,3000,,,,,,
301,1,600,,,600,156000,,,,,,
301,14,150,,,50,25000,,100,50000,,,
301,15,80,,,30,9000,,50,15000,,,
301,16,10,,,10,7000,,,,,,
301,19,900,,,900,63000,,,,,,
302,14,100,,,30,18000,,70,42000,,,
302,15,30,,,10,3000,,20,6000,,,
302,19,1800,1300,78000,500,30000,,,,2,,
303,14,100,,,30,18000,,70,42000,,,
303,15,30,,,10,3000,,20,6000,,,
303,16,5,,,5,4000,,,,,,
304,14,30,,,10,3000,,20,10000,,,
304,15,25,,,8,2400,,17,5100,,,
305,1,600,,,600,132000,,,,,,
305,14,130,,,40,20000,,90,45000,,,
305,15,90,,,30,9000,,60,18000,,,
305,16,10,,,10,7000,,,,,,
305,19,630,,,630,44100,,,,,,
306,14,120,,,40,24000,,80,48000,,,
306,15,60,,,20,6000,,40,12000,,,
308,1,240,,,240,55200,,,,,,
310,14,60,,,10,8500,,50,42500,,,
310,15,45,,,5,1500,,40,12000,,,
311,1,360,,,360,95000,,,,,,
311,14,30,,,6,1500,,24,12000,,,
311,15,20,,,3,750,,17,4250,,,
313,1,440,,,440,110000,,,,,,
313,14,60,,,12,6000,,48,24000,,,
313,15,10,,,2,400,,8,1600,,,
315,14,80,,,15,9000,,65,39000,,,
315,15,5,,,2,600,,3,1800,,,
316,14,55,,,25,20000,,30,24000,,,
316,15,40,,,25,5000,,15,3000,,,
317,14,35,,,15,6500,,20,12000,,,
317,15,25,,,15,3000,,10,2000,,,
318,14,15,,,10,4000,,5,2000,,,
318,15,20,,,15,3000,,5,1000,,,
319,14,60,,,30,7000,,30,7000,,,
319,15,25,,,15,3000,,10,2000,,,
319,16,6,,,6,8000,,,,,,
320,14,15,,,10,9000,,5,4500,,,
320,15,35,,,25,3000,,10,2000,,,
321,14,40,,,20,6000,,20,6000,,,
321,15,25,,,15,3000,,10,2000,,,
322,14,20,,,7,4200,,13,7800,,,
322,15,15,,,10,2000,,5,1000,,,
323,14,40,,,25,7000,,15,4200,,,
323,15,35,,,25,5000,,10,2000,,,
324,14,47,,,25,10000,,22,8200,,,
324,15,25,,,15,3000,,10,2000,,,
325,14,45,,,20,4000,,25,6000,,,
325,15,27,,,10,2000,,17,3500,,,
326,14,55,,,25,7000,,30,9000,,,
326,15,30,,,15,3000,,15,3000,,,
326,16,20,,,20,25000,,,,,,
327,14,30,,,15,2000,,15,2000,,,
327,15,25,,,10,2000,,15,3000,,,
329,14,50,,,25,6000,,25,6000,,,
329,15,36,,,16,3500,,20,4000,,,
329,16,10,,,10,13000,,,,,,
330,14,25,,,10,2000,,15,3000,,,
330,15,20,,,10,2000,,10,2000,,,
331,14,38,,,18,3600,,20,4000,,,
331,15,25,,,10,2000,,15,3000,,,
331,16,7,,,7,10000,,,,,,
332,14,52,,,22,6000,,30,8000,,,
332,15,38,,,18,4000,,20,4500,,,
332,16,15,,,15,18000,,,,,,
333,14,60,,,30,6000,,30,6000,,,
333,15,30,,,15,3000,,15,3000,,,
334,1,400,,,400,60000,,,,,,
334,7,1330,1300,180000,30,4000,,,,5,,
334,8,20,,,10,20000,,10,20000,,,
334,10,30,,,30,9000,,,,,,
334,11,20,,,10,25000,,10,25000,,,
334,14,70,,,30,6000,,40,8000,,,
334,15,50,,,20,4000,,30,6000,,,
334,19,1000,700,49000,300,21000,,,,2,6,
335,1,200,,,200,30000,,,,,,
335,14,70,,,30,9000,,40,12000,,,
335,15,50,,,20,4000,,30,6000,,,
336,1,360,,,360,72000,,,,,,
336,14,90,,,40,8000,,50,10000,,,
336,15,70,,,30,6000,,40,8000,,,
337,1,400,,,400,60000,,,,,,
337,7,1430,1400,190000,30,4000,,,,5,,
337,8,20,,,10,20000,,10,20000,,,
337,10,30,,,30,9000,,,,,,
337,11,20,,,10,25000,,10,25000,,,
337,14,100,,,50,10000,,50,10000,,,
337,15,70,,,30,6000,,40,8000,,,
337,19,1000,600,42000,400,28000,,,,2,6,
338,14,70,,,30,6000,,40,8000,,,
338,15,50,,,20,4000,,30,6000,,,
339,14,40,,,20,4000,,20,4000,,,
339,15,20,,,10,2000,,10,2000,,,
340,1,200,,,200,30000,,,,,,
340,7,1330,1300,180000,30,3500,,,,5,,
340,8,40,,,20,40000,,20,40000,,,
340,10,30,,,30,9000,,,,,,
340,11,20,,,10,25000,,10,25000,,,
340,14,50,,,20,4000,,30,6000,,,
340,15,40,,,20,4000,,20,4000,,,
340,19,1000,800,56000,200,14000,,,,2,6,
341,14,40,,,20,6000,,20,6000,,,
341,15,40,,,20,4000,,20,4000,,,
342,1,400,,,400,60000,,,,,,
342,7,6150,6100,840000,50,6500,,,,5,,
342,8,40,,,20,40000,,20,40000,,,
342,10,50,,,50,15500,,,,,,
342,11,40,,,20,50000,,20,50000,,,
342,14,120,,,60,12000,,60,12000,,,
342,15,90,,,40,8000,,50,10000,,,
342,17,500,300,1050000,20,70000,,180,650000,2,6,
342,19,1000,500,35000,500,35000,,,,2,6,
343,1,310,,,310,62000,,,,,,
343,7,1100,1000,170000,100,17000,,,,2,,
343,8,80,20,24000,60,72000,,,,2,,
343,9,1,,,1,1100,,,,,,
343,10,150,,,150,37500,,,,,,
343,11,25,,,25,55000,,,,,,
343,14,45,,,45,14000,,,,,,
343,15,40,,,40,8000,,,,,,
343,16,2,,,2,2400,,,,,,
344,1,530,,,530,106000,,,,,,
344,7,1300,1200,204000,100,17000,,,,2,,
344,8,120,50,60000,70,84000,,,,2,,
344,9,2,,,2,2200,,,,,,
344,10,120,,,120,30000,,,,,,
344,11,40,10,22000,30,66000,,,,2,,
344,14,55,,,55,16000,,,,,,
344,15,50,,,50,10000,,,,,,
344,16,3,,,3,3300,,,,,,
345,1,360,,,360,72000,,,,,,
345,7,650,600,102000,50,8500,,,,2,,
345,8,110,50,60000,60,72000,,,,2,,
345,9,1,,,1,1100,,,,,,
345,10,150,,,150,37500,,,,,,
345,11,35,15,33000,20,44000,,,,2,,
345,14,46,,,46,16000,,,,,,
345,15,40,,,40,8000,,,,,,
345,16,2,,,2,2400,,,,,,
346,1,330,,,330,66000,,,,,,
346,7,600,500,85000,100,17000,,,,2,,
346,8,100,40,48000,60,72000,,,,2,,
346,9,1,,,1,1100,,,,,,
346,10,150,,,150,37500,,,,,,
346,11,35,15,33000,20,44000,,,,2,,
346,14,57,,,57,17500,,,,,,
346,15,50,,,50,10000,,,,,,
346,16,2,,,2,2400,,,,,,
347,1,250,,,250,50000,,,,,,
348,1,490,,,490,98000,,,,,,
348,7,3100,3000,510000,100,17000,,,,2,,
348,10,150,,,150,37500,,,,,,
348,14,58,,,58,20000,,,,,,
348,15,50,,,50,10000,,,,,,
349,1,360,,,360,72000,,,,,,
349,14,50,,,50,20000,,,,,,
349,15,50,,,50,10000,,,,,,
349,16,3,,,3,3600,,,,,,
350,1,490,,,490,98000,,,,,,
350,7,1100,1000,170000,100,17000,,,,2,,
350,8,70,,,70,84000,,,,,,
350,9,2,,,2,2400,,,,,,
350,10,150,,,150,37500,,,,,,
350,11,25,,,25,55000,,,,,,
351,1,120,,,120,24000,,,,,,
353,14,35,,,21,7500,,14,5000,,,
353,15,20,,,10,2000,,10,2000,,,
354,15,25,,,14,5000,,11,4000,,,
354,16,22,,,12,9600,,10,8000,,,
355,14,49,,,21,7500,,28,10000,,,
355,15,40,,,20,4000,,20,4000,,,
355,16,8,,,8,8000,,,,,,
356,14,58,,,30,9000,,28,10000,,,
356,15,45,,,25,5000,,20,4000,,,
356,16,10,,,10,20000,,,,,,
357,14,30,,,20,7000,,10,3500,,,
357,15,25,,,15,3000,,10,2000,,,
358,14,58,,,28,10000,,30,11000,,,
358,15,49,,,28,5000,,21,3800,,,
359,14,51,,,27,10000,,24,9000,,,
359,15,47,,,21,4000,,26,5000,,,
360,14,48,,,25,9000,,23,8000,,,
360,15,35,,,13,2600,,22,4400,,,
361,1,550,,,550,118000,,,,,,
361,14,40,,,20,10000,,20,10000,,,
361,15,63,,,42,7000,,21,3500,,,
361,16,10,,,10,10000,,,,,,
363,14,80,,,40,20000,,40,20000,,,
363,15,60,,,30,6600,,30,6600,,,
364,1,560,,,560,120000,,,,,,
364,14,40,,,20,10000,,20,10000,,,
364,15,75,,,42,7000,,33,5800,,,
364,16,10,,,10,16000,,,,,,
365,1,450,,,450,97000,,,,,,
365,14,50,,,30,15000,,20,10000,,,
365,15,45,,,30,5000,,15,2500,,,
365,16,15,,,15,12000,,,,,,
366,1,500,,,500,109000,,,,,,
366,14,20,,,10,5000,,10,5000,,,
366,15,28,,,28,5250,,,,,,
367,1,510,,,510,110000,,,,,,
367,14,80,,,50,25000,,30,15000,,,
367,15,66,,,33,5300,,33,5300,,,
367,16,15,,,15,13000,,,,,,
369,14,60,,,30,15000,,30,15000,,,
369,15,66,,,33,5200,,33,5200,,,
370,14,50,,,25,7500,,25,7500,,,
370,15,40,,,20,3600,,20,3600,,,
371,14,30,,,15,6750,,15,6750,,,
371,15,20,,,10,1700,,10,1700,,,
372,14,50,,,30,13600,,20,9900,,,
372,15,40,,,25,4500,,15,2750,,,
373,1,720,,,720,150000,,,,,,
373,7,10200,10000,1400000,200,40000,,,,2,,
373,8,130,20,36000,80,144000,,30,54000,6,,
373,9,5,,,5,7000,,,,,,
373,10,250,,,250,62500,,,,,,
373,11,30,,,15,45000,,15,45000,,,
373,14,220,,,120,36000,,100,30000,,,
373,15,150,,,100,15000,,50,7500,,,
373,17,70,20,60000,30,90000,,20,60000,2,,
373,19,1450,,,1450,101500,,,,,,
374,14,50,,,30,10000,,20,7000,,,
374,15,30,,,15,2500,,15,2500,,,
375,1,600,,,600,126000,,,,,,
375,7,1200,1000,150000,200,40000,,,,2,,
375,8,100,40,68000,50,85000,,10,17000,6,,
375,9,10,,,10,10000,,,,,,
375,10,200,,,200,50000,,,,,,
375,11,20,,,10,30000,,10,30000,,,
375,14,120,,,80,34000,,40,15600,,,
375,15,70,,,40,6000,,30,4500,,,
375,19,840,,,840,50400,,,,,,
376,7,200,,,200,50000,,,,,,
376,8,200,110,187000,65,110000,,25,43000,6,2,
376,9,20,,,20,40000,,,,,,
376,10,180,,,180,45000,,,,,,
376,11,35,,,15,45000,,20,60000,,,
376,14,150,,,80,24000,,70,21000,,,
376,15,70,,,40,6000,,30,4500,,,
376,19,980,,,980,68600,,,,,,
377,14,70,,,40,12000,,30,9000,,,
377,15,40,,,20,3000,,20,3000,,,
378,7,1000,850,127500,150,22500,,,,2,,
378,8,80,45,76500,20,34000,,15,25500,6,,
378,9,8,,,8,8000,,,,,,
378,10,100,,,100,25000,,,,,,
378,11,20,,,8,24000,,12,36000,,,
378,14,50,,,30,9000,,20,6000,,,
378,15,30,,,15,2250,,15,2250,,,
378,19,1200,800,48000,400,24000,,,,6,,
379,1,200,,,200,44000,,,,,,
379,14,250,,,108,43200,,142,56800,,,
379,15,120,,,70,9100,,50,6500,,,
380,1,180,,,180,39600,,,,,,
380,14,85,,,35,14000,,50,20000,,,
380,15,45,,,25,3250,,20,2600,,,
381,1,600,,,600,132000,,,,,,
381,14,270,,,120,48000,,150,60000,,,
381,15,140,,,65,8450,,75,9750,,,
382,1,240,,,240,52800,,,,,,
382,14,150,,,80,32000,,70,28000,,,
382,15,85,,,45,5850,,40,5200,,,
383,1,600,,,600,132000,,,,,,
383,14,180,,,80,32000,,100,40000,,,
383,15,140,,,80,10400,,60,7800,,,
384,1,600,,,600,132000,,,,,,
384,14,278,,,180,72000,,98,39200,,,
384,15,75,,,35,4550,,40,5200,,,
385,14,110,,,52,20800,,58,23200,,,
385,15,63,,,33,4290,,30,3900,,,
386,1,600,,,600,132000,,,,,,
386,14,230,,,130,52000,,100,40000,,,
386,15,112,,,67,8700,,45,5850,,,
387,1,840,,,840,184800,,,,,,
387,14,325,,,150,60000,,175,70000,,,
387,15,90,,,20,2600,,70,9100,,,
388,14,100,,,50,20000,,50,20000,,,
388,15,80,,,60,10800,,20,3600,,,
388,16,5,,,5,6000,,,,,,
389,1,750,,,750,165000,,,,,,
389,2,40,,,20,74000,,20,74000,,,
389,7,50,,,50,12500,,,,,,
389,8,150,50,75000,80,120000,10,10,15000,2,,
389,10,250,,,250,60000,,,,,,
389,11,20,,,15,37500,,5,12500,,,
389,14,200,,,100,40000,,100,40000,,,
389,15,180,,,80,14000,,100,18000,,,
389,16,5,,,5,6000,,,,,,
389,19,1200,,,1000,70000,200,,,,,
390,1,500,,,500,110000,,,,,,
390,2,25,,,15,55500,,10,37000,,,
390,7,20,,,20,5000,,,,,,
390,8,120,20,30000,60,90000,30,10,15000,2,,
390,10,150,,,150,45000,,,,,,
390,14,180,,,80,32000,,100,40000,,,
390,15,100,,,40,7200,,60,10800,,,
390,16,5,,,5,6000,,,,,,
390,19,50,,,50,3500,,,,,,
391,1,700,,,700,147000,,,,,,
391,12,10,,,5,9000,,5,9000,,,
391,14,150,,,70,28000,,80,32000,,,
391,15,150,,,75,13500,,75,13500,,,
391,16,10,,,10,12000,,,,,,
391,19,600,,,600,42000,,,,,,
392,2,20,,,10,37000,,10,37000,,,
392,8,50,,,25,37500,20,5,7500,,,
392,10,60,,,60,18000,,,,,,
392,14,30,,,15,6000,,15,6000,,,
392,15,50,,,30,5400,,20,3600,,,
393,19,200,,,200,14000,,,,,,
394,1,600,,,600,132000,,,,,,
394,7,10,,,10,2500,,,,,,
394,8,29,,,27,40500,,2,3000,,,
394,10,100,,,100,30000,,,,,,
394,11,5,,,5,12500,,,,,,
394,12,50,,,30,54000,,20,36000,,,
394,14,70,,,40,16000,,30,12000,,,
394,15,50,,,35,6300,,15,2700,,,
394,19,1000,500,35000,500,35000,,,,2,,
395,1,350,,,350,73500,,,,,,
395,14,100,,,50,20000,,50,20000,,,
395,15,30,,,10,1800,,20,3600,,,
395,16,3,,,3,3300,,,,,,
395,19,50,,,50,3500,,,,,,
396,1,750,,,750,165000,,,,,,
396,7,20,,,20,5000,,,,,,
396,8,50,,,48,72000,,2,3000,,,
396,10,100,,,100,30000,,,,,,
396,14,200,,,80,32000,,120,48000,,,
396,15,120,,,60,10800,,60,10800,,,
396,16,10,,,10,12000,,,,,,
396,19,400,,,400,28000,,,,,,
397,1,400,,,400,92000,,,,,,
397,12,20,,,12,24000,,8,16000,,,
397,13,15,,,8,12000,,7,10500,,,
397,14,150,,,60,27000,,90,40500,,,
397,15,65,,,30,3900,,35,4550,,,
397,19,1400,400,24000,1000,60000,,,,2,,
397,20,40,,,30,7500,,10,2500,,,
398,1,600,,,600,138000,,,,,,
398,7,1200,800,160000,400,80000,,,,2,,
398,8,335,200,300000,110,165000,,25,37500,2,,
398,10,800,450,135000,350,105000,,,,2,,
398,11,45,,,30,75000,,15,37500,,,
398,12,35,15,30000,12,24000,,8,16000,2,,
398,14,210,,,100,35000,,110,38500,,,
398,15,95,,,50,6500,,45,5850,,,
398,19,1300,600,36000,700,42000,,,,2,,
399,1,200,,,200,46000,,,,,,
399,12,15,,,10,20000,,5,10000,,,
399,14,140,,,70,28000,,70,28000,,,
399,15,55,,,30,3900,,25,3250,,,
400,1,120,,,120,27600,,,,,,
400,14,50,,,20,9000,,30,13500,,,
400,15,20,,,8,1040,,12,1560,,,
400,19,300,,,300,18000,,,,,,
401,1,400,,,400,92000,,,,,,
401,7,300,,,300,60000,,,,,,
401,8,90,,,80,120000,,10,15000,,,
401,10,400,,,400,120000,,,,,,
401,12,20,,,15,30000,,5,10000,,,
401,14,180,,,90,36000,,90,36000,,,
401,15,65,,,35,4550,,30,3900,,,
401,19,400,,,400,24000,,,,,,
402,1,250,,,250,57500,,,,,,
402,14,160,,,100,40000,,60,24000,,,
402,15,60,,,30,3900,,30,3900,,,
403,1,500,,,500,115000,,,,,,
403,7,270,70,17500,200,50000,,,,2,,
403,8,180,80,120000,85,127500,,15,22500,2,,
403,10,450,,,450,135000,,,,,,
403,12,25,10,20000,10,20000,,5,10000,2,,
403,13,12,,,5,7500,2,5,7500,,,
403,14,230,,,100,40000,,130,52000,,,
403,15,95,,,55,7150,,40,5200,,,
403,19,800,,,800,48000,,,,,,
404,1,450,,,450,103500,,,,,,
404,7,300,,,300,60000,,,,,,
404,8,130,,,110,165000,,20,30000,,,
404,10,400,,,400,120000,,,,,,
404,11,15,,,10,25000,,5,12500,,,
404,12,25,,,20,40000,,5,10000,,,
404,14,240,,,140,49000,,100,35000,,,
404,15,90,,,50,6500,,40,5200,,,
404,19,800,,,800,48000,,,,,,
405,1,300,,,300,69000,,,,,,
405,7,600,350,70000,250,50000,,,,2,,
405,8,180,80,120000,65,97500,20,15,22500,2,,
405,10,600,250,75000,350,105000,,,,2,,
405,11,7,,,7,17500,,,,,,
405,12,18,,,12,24000,,6,12000,,,
405,14,180,,,100,35000,,80,28000,,,
405,15,75,,,45,5850,,30,3900,,,
405,19,1300,700,42000,600,36000,,,,2,,
406,14,240,,,70,22000,,170,40000,,,
406,15,120,,,50,10000,,70,14000,,,
407,14,135,,,60,16000,,75,18000,,,
407,15,70,,,30,6000,,40,8000,,,
407,16,5,,,5,7000,,,,,,
408,1,360,,,357,78540,,3,660,,,
408,14,160,,,70,15000,,90,20000,,,
408,15,30,,,10,2000,,20,4000,,,
408,16,10,,,10,15000,,,,,,
409,14,120,,,50,14000,,70,18000,,,
409,15,100,,,40,8000,,60,12000,,,
409,16,8,,,8,12000,,,,,,
410,14,50,,,20,5000,,30,8000,,,
410,15,30,,,10,2000,,20,4000,,,
411,1,600,,,596,131120,,4,880,,,
411,14,200,,,90,22000,,110,28000,,,
411,15,90,,,40,8000,,50,10000,,,
411,16,12,,,12,17000,,,,,,
412,1,360,,,358,78760,,2,440,,,
412,14,110,,,50,12000,,60,15000,,,
412,15,70,,,30,6000,,40,8000,,,
413,1,360,,,356,78320,,4,880,,,
413,14,215,,,105,23000,,110,26000,,,
413,15,80,,,30,6000,,50,10000,,,
413,16,5,,,5,7000,,,,,,
415,1,1050,,,1050,220500,,,,,,
415,7,800,400,100000,400,100000,,,,4,6,
415,8,132,,,80,120000,,52,78000,,,
415,9,10,,,10,14000,,,,,,
415,10,800,400,100000,400,100000,,,,4,6,
415,11,60,,,40,100000,,20,50000,,,
415,12,40,,,30,45000,,10,15000,,,
415,14,250,,,140,29680,,110,23320,,,
415,15,280,,,150,19500,,130,16900,,,
415,19,800,,,800,40000,,,,,,
416,1,370,,,370,77700,,,,,,
416,14,130,,,70,16240,,60,13920,,,
416,15,150,,,60,7980,,90,11970,,,
416,19,890,,,890,44500,,,,,,
417,1,650,,,650,136500,,,,,,
417,14,112,,,56,12992,,56,12992,,,
417,15,190,,,90,11790,,100,13100,,,
417,19,490,,,490,24500,,,,,,
418,1,438,,,438,91980,,,,,,
418,7,300,,,300,75000,,,,,,
418,10,240,,,240,60000,,,,,,
418,12,100,,,30,45000,10,60,90000,,,
418,13,300,,,100,70000,50,150,105000,,,
418,14,97,,,40,8840,,57,12597,,,
418,15,100,,,50,10000,,50,10000,,,
419,1,182,,,182,38220,,,,,,
419,12,30,,,5,7500,,25,37500,,,
419,13,200,,,30,21000,,170,119000,,,
419,14,97,,,35,9380,,62,16616,,,
419,15,100,,,40,5200,,60,7800,,,
419,19,490,,,490,24500,,,,,,
420,1,550,,,550,115500,,,,,,
420,12,10,,,2,3000,,8,12000,,,
420,14,145,,,70,17010,,75,18225,,,
420,15,175,,,75,10050,,100,13400,,,
420,19,560,,,560,28000,,,,,,
421,1,620,,,620,130200,,,,,,
421,14,155,,,70,18060,,85,21930,,,
421,15,200,,,80,10560,,120,15840,,,
422,1,840,,,840,176400,,,,,,
422,14,190,,,90,20790,,100,23100,,,
422,15,210,,,110,14300,,100,13000,,,
423,1,545,,,545,114870,,,,,,
423,12,80,,,30,45000,5,45,67500,,,
423,13,450,,,100,70000,200,150,105000,,,
423,14,200,,,70,19250,,130,35750,,,
423,15,250,,,110,13750,,140,17500,,,
423,19,700,,,700,35000,,,,,,
424,1,250,,,250,52500,,,,,,
424,7,40,,,30,7500,10,,,,,
424,8,100,50,75000,25,37500,,25,37500,2,,
424,10,70,20,5000,40,10000,10,,,2,,
424,11,4,,,2,5000,,2,5000,,,
424,12,20,,,10,25000,,10,25000,,,
424,14,330,,,110,24970,,220,49940,,,
424,15,130,,,50,7500,,80,12000,,,
424,16,10,,,10,15000,,,,,,
424,19,750,,,600,36000,150,,,,,
425,1,300,,,300,63000,,,,,,
425,12,20,10,20000,5,10000,,5,10000,2,,
425,13,25,,,15,10500,,10,7000,,,
425,14,110,,,50,12700,,60,15240,,,
425,15,140,,,40,6000,,100,15000,,,
425,16,10,,,10,12000,,,,,,
426,1,300,,,300,63000,,,,,,
426,12,15,,,10,25000,,5,12500,,,
426,14,132,,,40,10280,,92,23644,,,
426,15,90,,,35,4480,,55,7040,,,
426,16,8,,,8,11200,,,,,,
426,19,350,,,350,21000,,,,,,
427,1,600,,,600,126000,,,,,,
427,12,20,,,10,20000,,10,20000,,,
427,13,25,,,15,10500,,10,7000,,,
427,14,148,,,60,12960,,88,19008,,,
427,15,120,,,60,7740,,60,7740,,,
427,16,8,,,8,12000,,,,,,
427,19,300,,,300,18000,,,,,,
428,1,1200,,,1200,252000,,,,,,
428,7,200,50,12500,135,33750,15,,,2,,
428,8,60,10,15000,30,45000,5,15,22500,2,,
428,9,2,,,2,4000,,,,,,
428,10,80,30,7500,40,10000,10,,,2,,
428,11,35,10,25000,15,37500,,10,25000,2,,
428,12,30,,,20,50000,,10,25000,,,
428,13,20,,,10,7000,,10,7000,,,
428,14,163,,,42,10962,,121,31581,,,
428,15,180,,,70,8540,,110,13420,,,
428,16,12,,,12,18000,,,,,,
428,19,650,,,650,39000,,,,,,
429,1,190,,,190,39900,,,,,,
429,7,400,280,70000,70,17500,50,,,2,,
429,8,230,160,240000,30,45000,30,10,15000,2,,
429,9,3,,,3,6000,,,,,,
429,10,100,50,12500,30,7500,20,,,2,,
429,11,90,30,75000,30,75000,20,10,25000,2,,
429,12,25,10,25000,8,20000,,7,17500,2,,
429,13,30,,,20,14000,,10,7000,,,
429,14,412,,,100,20900,50,262,54758,,,
429,15,170,,,50,6450,20,100,12900,,,
429,16,10,,,10,15000,,,,,,
429,17,10,,,4,14000,3,3,10500,,,
429,19,2900,2000,120000,700,42000,200,,,2,,
430,1,300,,,300,63000,,,,,,
430,7,500,380,95000,100,25000,20,,,2,,
430,8,100,50,75000,30,45000,10,10,15000,2,,
430,9,2,,,2,4000,,,,,,
430,10,100,60,15000,20,5000,20,,,2,,
430,11,50,25,62500,15,37500,,10,25000,2,,
430,12,30,,,15,30000,,15,30000,,,
430,13,20,,,15,10500,,5,3500,,,
430,14,112,,,50,11750,,62,14570,,,
430,15,130,,,55,7205,,75,9825,,,
430,19,1500,700,42000,720,43200,80,,,2,,
431,1,600,,,600,126000,,,,,,
431,7,100,60,15000,20,5000,20,,,2,,
431,8,40,15,22500,20,30000,,5,7500,2,,
431,9,3,,,3,6000,,,,,,
431,10,30,,,20,5000,10,,,,,
431,11,30,7,17500,8,20000,5,10,25000,2,,
431,12,25,,,18,36000,2,5,10000,,,
431,13,30,,,20,14000,,10,7000,,,
431,14,140,,,40,9680,,100,24200,,,
431,15,150,,,60,7380,,90,11070,,,
431,16,10,,,10,13000,,,,,,
431,19,840,,,800,48000,40,,,,,
432,1,360,,,360,75600,,,,,,
432,14,114,,,65,18785,,49,14161,,,
432,15,70,,,25,3750,,45,6750,,,
432,16,7,,,7,9000,,,,,,
432,19,700,250,15000,400,24000,50,,,2,,
433,14,10,,,6,3000,,4,2000,,,
434,14,8,,,5,2000,,3,1500,,,
434,15,20,,,15,5000,,5,1800,,,
436,14,30,,,20,6000,,10,3000,,,
438,14,30,,,20,8000,,10,4000,,,
443,15,25,,,20,2400,,5,600,,,
443,16,30,,,30,36000,,,,,,
444,14,15,,,10,1200,,5,600,,,
444,15,10,,,6,720,,4,480,,,
445,14,20,,,20,2400,,,,,,
445,16,4,,,4,3200,,,,,,
448,15,25,,,20,2400,,5,600,,,
448,16,20,,,20,20000,,,,,,
449,14,40,,,40,4800,,,,,,
449,15,30,,,25,3000,,5,600,,,
449,16,30,,,30,36000,,,,,,
450,15,50,,,40,4800,,10,1200,,,
450,16,15,,,15,15000,,,,,,
452,14,40,,,20,4000,,20,4000,,,
453,14,50,,,20,4000,,30,6000,,,
453,15,20,,,10,2000,,10,2000,,,
454,14,30,,,20,8000,,10,8000,,,
454,15,20,,,10,4000,,10,4000,,,
455,14,90,,,50,15000,,40,12000,,,
455,15,30,,,10,2000,,20,4000,,,
457,15,8,,,8,1600,,,,,,
458,14,50,,,30,15000,,20,10000,,,
458,15,10,,,5,1000,,5,1000,,,
459,14,60,,,40,8000,,20,4000,,,
460,14,10,,,10,2000,,,,,,
460,15,30,,,30,9000,,,,,,
464,14,100,,,25,7500,50,25,7500,,,
464,15,60,,,20,6000,30,10,2000,,,
465,14,20,,,15,3000,,5,1000,,,
465,15,20,,,15,3000,,5,1000,,,
468,14,190,,,150,40000,,40,6000,,,
468,15,50,,,30,6000,,20,4000,,,
470,1,510,,,510,99000,,,,,,
470,14,60,,,30,9000,,30,9000,,,
470,15,20,,,10,2500,,10,2500,,,
471,15,25,,,10,2000,,15,3600,,,
473,20,15,,,5,2000,,10,4000,,,
474,14,70,,,35,8700,,35,8700,,,
474,15,20,,,10,3400,,10,3400,,,
475,20,10,,,4,2000,,6,3000,,,
476,14,90,,,40,8400,,50,10500,,,
476,15,25,,,15,4500,,10,2500,,,
476,20,8,,,3,1000,,5,3000,,,
477,14,32,,,16,4800,,16,4800,,,
477,15,10,,,4,1300,,6,1800,,,
478,14,30,,,20,12000,,10,6000,,,
478,15,60,,,35,8750,,25,6250,,,
478,16,35,,,35,63000,,,,,,
478,20,15,,,10,5000,,5,2500,,,
479,14,25,,,15,9000,,10,6000,,,
479,15,30,,,15,4500,,15,4500,,,
479,16,20,,,20,36000,,,,,,
479,20,15,,,5,2500,,10,5000,,,
481,14,20,,,10,6000,,10,6000,,,
481,15,8,,,4,1200,,4,1200,,,
482,14,20,,,10,6000,,10,6000,,,
482,15,38,,,15,4500,,23,6900,,,
482,16,25,,,25,45000,,,,,,
482,20,10,,,6,3000,,4,2000,,,
484,14,40,,,20,12000,,20,12000,,,
484,15,60,,,30,9000,,30,9000,,,
487,14,30,,,30,12000,,,,,,
487,15,70,,,60,12000,,10,2000,,,
488,14,65,,,55,22000,,10,4000,,,
488,15,45,,,35,7000,,10,2000,,,
489,14,75,,,60,24000,,15,6000,,,
489,15,22,,,15,3000,,7,1400,,,
490,14,6,,,4,1200,,2,600,,,
491,14,21,,,15,3900,,6,1800,,,
491,15,35,,,30,9000,,5,1000,,,
492,14,77,,,57,16900,,20,5000,,,
492,15,31,,,25,5000,,6,1200,,,
493,14,40,,,35,11600,,5,1600,,,
493,15,30,,,20,6000,,10,2000,,,
494,14,50,,,45,16500,,5,3500,,,
494,15,35,,,30,6000,,5,1000,,,
495,14,100,,,70,14000,,30,6000,,,
495,15,64,,,44,8800,,20,4000,,,
496,14,60,,,60,8500,,,,,,
496,15,50,,,30,4500,,20,3000,,,
496,16,15,,,15,15000,,,,,,
496,20,30,,,,,,30,6000,,,
497,15,30,,,20,4000,,10,2000,,,
497,16,10,,,10,12000,,,,,,
502,15,20,,,10,2500,,10,2500,,,
505,14,18,,,9,7200,,9,7200,,,
505,20,40,,,20,3500,,20,3500,,,
506,14,90,,,45,6700,,45,6700,,,
506,20,30,,,15,2000,,15,2000,,,
507,14,125,,,62,30000,,63,31500,,,
507,15,25,,,10,4000,,15,6000,,,
507,20,30,,,10,2000,,20,4000,,,
508,14,27,,,9,1350,,18,2400,,,
508,15,15,,,6,1200,,9,1800,,,
508,20,40,,,20,4500,,20,4500,,,
510,14,30,,,15,2300,,15,2300,,,
510,15,38,,,19,5000,,19,5000,,,
510,20,30,,,15,2000,,15,2000,,,
511,14,95,,,32,15900,,63,31100,,,
511,15,20,,,10,3000,,10,3000,,,
512,13,150,60,60000,30,30000,,60,60000,7,,
512,14,130,13,18000,55,17000,,62,19000,7,,
512,15,120,40,15000,40,15000,,40,15000,,,
512,20,50,,,20,2000,,30,3000,,,
513,14,80,,,38,23500,,42,24500,,,
513,15,35,,,20,5000,,15,3500,,,
513,20,30,,,15,1500,,15,1500,,,
515,14,12,,,6,1500,,6,1500,,,
515,15,20,,,10,1800,,10,1800,,,
516,14,20,,,10,3000,,10,3000,,,
516,15,40,,,30,4800,,10,1600,,,
517,14,20,,,10,2700,,10,2700,,,
517,15,20,,,17,3400,,3,600,,,
518,14,20,,,15,3750,,5,1250,,,
518,15,40,,,20,3000,,20,3000,,,
520,14,20,,,12,3000,,8,2000,,,
522,14,18,,,8,2240,,10,2800,,,
522,15,20,,,5,800,,15,2400,,,
523,15,21,,,17,4250,,4,1000,,,
524,14,25,,,25,5000,,,,,,
526,14,100,,,60,24000,,40,16000,,,
526,15,54,,,34,10200,,20,6000,,,
527,14,5,,,2,1400,,3,2100,,,
527,15,10,,,5,1500,,5,1500,,,
528,1,540,,,540,110000,,,,,,
528,14,100,,,50,35000,,50,35000,,,
528,15,200,,,100,20000,,100,20000,,,
529,15,10,,,6,1200,,4,800,,,
530,14,5,,,2,400,,3,600,,,
530,15,12,,,10,1500,,2,300,,,
532,15,10,,,,,,10,5000,,,
534,14,10,,,,,,10,5000,,,
534,15,20,,,,,,20,7000,,,
535,14,30,,,10,2500,,20,5000,,,
537,14,30,,,,,,30,20000,,,
539,14,30,,,10,3000,,20,6000,,,
540,14,30,,,10,4000,,20,8000,,,
540,15,30,,,10,3600,,20,7500,,,
542,14,30,,,30,6000,,,,,,
542,15,30,,,30,10000,,,,,,
544,14,50,,,40,12000,,10,3000,,,
545,14,100,,,80,40000,,20,10000,,,
548,14,20,,,20,10000,,,,,,
549,14,30,,,30,15000,,,,,,
549,15,30,,,30,6000,,,,,,
550,1,740,,,710,153000,,30,6600,,,
550,14,180,,,85,28050,,95,31350,,,
550,15,100,,,50,10000,,50,10000,,,
550,16,15,,,12,9600,,3,2400,,,
551,1,640,,,620,132000,,20,4400,,,
551,14,220,,,120,39600,,100,33000,,,
551,15,130,,,60,12000,,70,14000,,,
551,16,11,,,9,7200,,2,1600,,,
552,2,20,,,15,45000,,5,15000,,,
552,7,1800,1590,206700,200,50000,10,,,5,,
552,8,70,25,42500,32,48000,,13,19500,2,3,
552,9,12,,,12,12000,,,,,,
552,10,200,,,200,54000,,,,,,
552,11,35,,,25,75000,,10,30000,,,
552,14,260,,,140,49000,,120,42000,,,
552,15,70,,,30,6000,,40,8000,,,
552,16,14,,,12,9600,,2,1600,,,
552,19,1800,1200,96000,600,42000,,,,2,6,7
553,1,780,,,750,160000,,30,6600,,,
553,7,1700,1450,261000,220,61600,30,,,3,5,6
553,8,50,,,30,45000,6,14,21000,,,
553,9,8,,,8,8000,,,,,,
553,10,270,,,240,67200,30,,,,,
553,11,33,,,25,75000,,8,24000,,,
553,14,180,,,100,34000,,80,27200,,,
553,15,50,,,33,7260,,17,3740,,,
553,16,12,,,10,8000,,2,1600,,,
553,19,1900,1350,114000,500,40000,50,,,2,3,6
555,7,500,350,98000,150,40500,,,,2,3,6
555,8,60,15,25500,30,51000,5,10,17000,2,3,6
555,9,6,,,6,6000,,,,,,
555,10,250,50,15000,180,54000,20,,,6,7,
555,11,30,,,20,60000,,10,30000,,,
555,14,230,,,130,42900,,100,33000,,,
555,15,140,,,60,12000,,80,16000,,,
555,16,9,,,9,7200,,,,,,
555,19,1300,870,71000,400,32000,30,,,6,7,
556,14,90,,,40,13600,,50,17000,,,
556,15,85,,,40,8000,,45,9000,,,
557,1,580,,,540,89000,,40,6600,,,
557,7,1100,930,279000,170,47600,,,,3,6,7
557,8,65,25,42500,27,45900,,13,22100,2,6,7
557,9,5,,,5,5000,,,,,,
557,10,300,70,21000,230,69000,,,,2,3,
557,11,35,,,22,66000,,13,39000,,,
557,14,170,,,85,28000,,85,28000,,,
557,15,60,,,30,6000,,30,6000,,,
557,16,15,,,15,11000,,,,,,
557,17,250,230,700000,10,30000,,10,30000,2,3,6
557,19,1200,785,62800,400,32000,15,,,3,6,7
558,1,730,,,700,147000,,30,6600,,,
558,7,700,520,140000,170,42500,10,,,3,6,
558,8,40,,,28,47600,,12,20400,,,
558,9,5,,,5,5000,,,,,,
558,10,220,40,12000,180,50000,,,,2,3,6
558,11,10,,,10,30000,,,,,,
558,14,130,,,70,23100,,60,19800,,,
558,15,90,,,40,8000,,50,10000,,,
558,16,11,,,11,7600,,,,,,
558,19,1700,1180,88500,500,40000,20,,,3,6,7
559,1,430,,,420,69000,,10,1650,,,
559,7,600,400,80000,200,40000,,,,2,4,6
559,8,100,35,56000,45,72000,5,15,24000,2,3,6
559,9,25,15,15000,10,10000,,,,2,6,
559,10,600,300,75000,300,75000,,,,2,3,6
559,11,34,10,30000,20,60000,,4,12000,2,,
559,14,180,,,90,20700,,90,20700,,,
559,15,80,,,40,6800,,40,6800,,,
559,19,1700,1250,100000,450,36000,,,,2,3,6
560,1,560,,,550,92600,,10,1700,,,
560,4,6,,,6,42000,,,,,,
560,7,600,300,60000,300,60000,,,,2,4,6
560,8,100,32,54400,48,81600,4,16,27200,2,3,6
560,9,30,15,15000,15,15000,,,,2,6,
560,10,600,300,75000,300,75000,,,,2,3,6
560,11,35,10,30000,20,60000,,5,15000,2,,
560,14,180,,,90,29700,,90,29700,,,
560,15,100,,,50,9000,,50,9000,,,
560,19,2000,1500,120000,500,40000,,,,2,3,6
561,1,570,,,550,89000,,20,3300,,,
561,7,500,250,50000,250,50000,,,,2,4,6
561,8,100,35,56000,50,80000,,15,24000,2,3,4
561,9,30,15,15000,15,15000,,,,2,3,6
561,10,600,300,75000,300,75000,,,,2,3,6
561,11,34,4,12000,20,60000,,10,30000,2,,
561,14,200,,,100,33000,,100,33000,,,
561,15,80,,,40,6800,,40,6800,,,
561,19,2000,1500,120000,500,40000,,,,2,3,6
562,1,280,,,270,57500,,10,2200,,,
562,14,120,,,60,19800,,60,19800,,,
562,15,60,,,30,5100,,30,5100,,,
563,1,570,,,550,92600,,20,3300,,,
563,7,500,250,50000,250,50000,,,,2,4,6
563,8,95,28,47600,45,76500,5,17,28900,2,3,6
563,9,30,15,15000,15,15000,,,,2,6,
563,10,600,300,75000,300,75000,,,,2,3,6
563,11,36,10,30000,20,60000,,6,18000,2,,
563,14,170,,,80,26400,10,80,26400,,,
563,15,88,,,44,7480,,44,7480,,,
563,19,1750,1250,100000,500,40000,,,,2,3,6
564,1,150,,,140,31000,,10,2300,,,
564,14,100,,,50,16500,,50,16500,,,
564,15,60,,,30,5100,,30,5100,,,
565,1,140,,,130,28500,,10,2260,,,
565,14,140,,,70,23100,,70,23100,,,
565,15,60,,,30,5100,,30,5100,,,
565,19,1700,1250,94000,450,36000,,,,2,3,8
566,1,470,,,460,100000,,10,2300,,,
566,14,180,,,90,29700,,90,29700,,,
566,15,80,,,40,6800,,40,6800,,,
566,19,1550,1100,86000,450,36000,,,,2,3,6
567,1,150,,,135,29000,,15,3450,,,
567,14,100,,,50,16500,,50,16500,,,
567,15,50,,,25,4250,,25,4250,,,
568,1,700,,,680,140000,,20,4500,,,
568,7,600,300,60000,300,60000,,,,2,5,6
568,8,100,30,51000,55,93500,,15,25500,2,6,7
568,9,20,10,10000,10,10000,,,,2,6,
568,10,600,300,75000,300,75000,,,,2,3,4
568,11,35,8,24000,20,60000,,7,21000,2,3,
568,12,25,,,15,22500,,10,15000,,,
568,14,180,,,90,29700,,90,29700,,,
568,15,80,,,40,6800,,40,6800,,,
568,19,1700,1300,104000,400,32000,,,,2,3,6
569,14,180,,,90,29700,,90,29700,,,
569,15,80,,,40,6800,,40,6800,,,
570,1,580,,,560,120000,,20,4600,,,
570,7,500,250,62500,250,62500,,,,2,6,7
570,8,90,30,51000,40,68000,,20,34000,2,3,4
570,9,24,10,10000,10,10000,4,,,2,6,7
570,10,600,300,75000,300,75000,,,,2,3,4
570,14,170,,,80,26400,10,80,26400,,,
570,15,80,,,40,6800,,40,6800,,,
570,19,1400,1000,80000,400,32000,,,,2,3,6
571,1,530,,,500,125000,,30,7500,,,
571,14,180,,,90,29700,,90,29700,,,
571,15,60,,,30,5100,,30,5100,,,
571,19,1500,1000,80000,500,40000,,,,2,,
572,1,550,,,520,118000,,30,6700,,,
572,7,450,250,50000,200,40000,,,,2,5,6
572,8,95,25,42500,50,85000,,20,34000,2,3,6
572,9,25,10,10000,10,10000,5,,,2,3,6
572,10,600,300,75000,300,75000,,,,2,3,4
572,11,35,5,15000,20,60000,,10,30000,2,,
572,14,180,,,90,29700,,90,29700,,,
572,15,60,,,30,5100,,30,5100,,,
572,19,1750,1350,108000,400,32000,,,,2,3,6
573,1,280,,,270,59000,,10,2300,,,
573,14,140,,,70,23100,,70,23100,,,
573,15,60,,,30,5100,,30,5100,,,
573,19,1600,1200,96000,400,32000,,,,2,3,6
574,1,140,,,130,28000,,10,2300,,,
574,14,120,,,60,19800,,60,19800,,,
574,15,60,,,30,5100,,30,5100,,,
574,19,1000,700,54000,300,24000,,,,2,6,7
575,1,560,,,550,119000,,10,2300,,,
575,14,200,,,100,33000,,100,33000,,,
575,15,80,,,40,6400,,40,6400,,,
576,1,280,,,270,59000,,10,2200,,,
576,14,160,,,80,26400,,80,26400,,,
576,15,40,,,20,3400,,20,3400,,,
577,7,400,,,200,60000,200,,,,,
577,8,60,,,30,51000,20,10,17000,,,
577,10,200,,,200,60000,,,,,,
577,14,70,,,55,19850,,15,4650,,,
577,15,20,,,10,2500,,10,2500,,,
577,20,20,,,20,20000,,,,,,
578,1,110,,,110,22000,,,,,,
578,14,30,,,15,2250,,15,2250,,,
578,15,5,,,2,500,,3,750,,,
578,20,10,,,5,1000,,5,1000,,,
579,1,630,,,600,136000,,30,6600,,,
579,14,160,,,95,16250,,65,11750,,,
579,15,10,,,5,1250,,5,1250,,,
579,16,20,,,20,20000,,,,,,
580,14,35,,,35,7250,,,,,,
580,15,15,,,10,2500,,5,1250,,,
580,19,360,,,360,25200,,,,,,
581,1,550,,,520,104000,,30,6000,,,
581,7,200,50,15000,150,45000,,,,3,2,
581,8,166,50,85000,100,170000,,16,27200,3,2,
581,10,3500,3100,930000,400,120000,,,,3,2,
581,14,100,,,70,14500,,30,5700,,,
581,15,20,,,10,2500,,10,2500,,,
581,16,20,,,20,20000,,,,,,
582,14,145,,,100,29000,,45,12750,,,
582,15,20,,,10,2500,,10,2500,,,
582,16,5,,,5,4000,,,,,,
583,1,640,,,640,128000,,,,,,
583,14,160,,,95,16250,,65,11750,,,
583,15,30,,,20,5000,,10,2500,,,
583,16,30,,,30,20000,,,,,,
584,1,230,,,180,36000,,50,10000,,,
584,14,35,,,20,3800,,15,3450,,,
584,15,10,,,7,1750,,3,750,,,
584,19,480,300,21000,180,12600,,,,2,,
585,1,660,,,660,132000,,,,,,
585,14,60,,,30,9500,,30,9500,,,
585,15,60,,,35,8750,,25,6250,,,
585,19,1200,600,42000,600,42000,,,,2,,
585,20,10,,,6,1200,,4,800,,,
587,14,50,,,30,11480,,20,5000,,,
587,15,30,,,20,4000,,10,2500,,,
588,1,600,,,600,132000,,,,,,
588,14,120,,,80,20000,,40,7600,,,
588,15,100,,,50,10000,,50,12500,,,
589,14,50,,,30,3600,,20,7000,,,
589,15,50,,,40,8000,,10,2500,,,
590,1,600,,,600,132000,,,,,,
590,14,100,,,70,12000,,30,11400,,,
590,15,70,,,50,12500,,20,6000,,,
590,19,900,,,900,64000,,,,,,
591,1,300,,,300,66000,,,,,,
591,14,60,,,50,10000,,10,2800,,,
591,15,40,,,30,6300,,10,2300,,,
592,1,600,,,600,126000,,,,,,
592,14,120,,,100,20000,,20,7000,,,
592,15,80,,,60,12600,,20,5000,,,
594,14,60,,,50,7500,,10,4000,,,
594,15,30,,,20,4000,,10,2500,,,
596,14,10,,,7,2800,,3,1200,,,
598,1,300,,,300,65600,,,,,,
598,14,142,,,93,17200,,49,8000,,,
598,15,68,,,43,14050,,25,7741,,,
600,1,300,,,300,58000,,,,,,
600,14,154,,,137,28480,,17,4100,,,
600,15,118,,,100,20900,,18,12310,,,
600,19,1050,,,1050,84000,,,,,,
602,14,224,,,196,38880,,28,6790,,,
602,15,145,,,125,35440,,20,13710,,,
602,19,840,,,840,63000,,,,,,
603,1,300,,,300,65600,,,,,,
603,14,135,,,103,21680,,32,7060,,,
603,15,87,,,67,17510,,20,5840,,,
605,14,30,,,20,10000,,10,5000,,,
606,14,30,,,20,10000,,10,5000,,,
607,14,10,,,10,5000,,,,,,
608,14,50,,,30,15000,,20,10000,,,
610,14,30,,,20,10000,,10,5000,,,
611,14,20,,,15,7500,,5,2500,,,
612,14,30,,,20,10000,,10,5000,,,
612,15,20,,,10,4500,,10,4500,,,
613,14,46,,,15,6750,,31,13950,,,
613,15,25,,,10,1500,,15,2250,,,
614,14,25,,,15,6000,,10,4000,,,
614,15,10,,,5,750,,5,750,,,
615,14,25,,,12,4800,,13,5200,,,
615,15,25,,,15,3000,,10,2000,,,
616,1,470,,,470,99000,,,,,,
616,14,120,,,80,36000,,40,18000,,,
616,15,40,,,25,3750,,15,2250,,,
617,14,85,,,60,24000,,25,10000,,,
617,15,35,,,25,3750,,10,1500,,,
618,1,740,,,740,158000,,,,,,
618,14,120,,,80,32000,,40,16000,,,
618,15,30,,,12,1800,,18,2700,,,
620,1,268,,,268,56280,,,,,,
620,14,65,,,40,16000,,25,10000,,,
620,15,30,,,15,2250,,15,2250,,,
622,1,670,,,670,140000,,,,,,
622,14,56,,,33,9900,,23,6900,,,
622,15,68,,,40,6000,,28,4200,,,
623,1,76,,,76,15960,,,,,,
623,14,32,,,20,6000,,12,3600,,,
623,15,36,,,22,3300,,14,2100,,,
624,1,447,,,447,94000,,,,,,
624,14,52,,,36,10800,,16,4800,,,
624,15,62,,,42,6300,,20,3000,,,
625,1,558,,,558,117600,,,,,,
625,14,57,,,37,11100,,20,6000,,,
625,15,55,,,37,5550,,18,3600,,,
626,1,370,,,370,77700,,,,,,
626,14,50,,,30,9000,,20,6000,,,
626,15,58,,,32,4800,,26,3900,,,
627,1,510,,,510,107100,,,,,,
627,14,60,,,35,10500,,25,7500,,,
627,15,58,,,36,5400,,22,3300,,,
628,1,375,,,375,78800,,,,,,
628,14,40,,,22,6600,,18,5400,,,
628,15,56,,,35,5250,,21,3150,,,
629,1,220,,,220,47000,,,,,,
629,14,42,,,22,6600,,20,6000,,,
629,15,46,,,26,3900,,20,3000,,,
630,1,560,,,560,117600,,,,,,
630,14,58,,,35,10500,,23,6900,,,
630,15,63,,,37,5550,,26,3900,,,
631,1,900,,,900,198000,,,,,,
631,7,500,,,500,125000,,,,,,
631,8,90,,,90,135000,,,,,,
631,10,400,,,400,100000,,,,,,
631,14,80,,,60,21000,,20,7000,,,
631,15,50,,,40,10000,,10,2500,,,
631,16,30,,,30,30000,,,,,,
631,19,1100,,,1100,82500,,,,,,
632,14,40,,,30,10500,,10,3500,,,
632,15,30,,,20,5000,,10,2500,,,
632,16,10,,,10,10000,,,,,,
633,1,1000,,,1000,220000,,,,,,
633,14,50,,,40,14000,,10,3500,,,
633,15,50,,,40,10000,,10,2500,,,
633,16,10,,,10,10000,,,,,,
634,1,750,,,750,165000,,,,,,
634,7,300,,,300,75000,,,,,,
634,8,80,,,80,120000,,,,,,
634,10,600,,,600,150000,,,,,,
634,14,70,,,50,18000,,20,7000,,,
634,15,60,,,40,10000,,20,5000,,,
634,16,20,,,20,20000,,,,,,
634,19,500,,,500,37500,,,,,,
635,1,400,,,400,88000,,,,,,
635,14,50,,,30,10500,,20,7000,,,
635,15,30,,,20,4000,,10,2000,,,
635,16,10,,,10,10000,,,,,,
635,19,1200,,,1200,84000,,,,,,
636,1,800,,,800,176000,,,,,,
636,14,60,,,40,14000,,20,7000,,,
636,15,40,,,30,7500,,10,2500,,,
636,16,20,,,20,20000,,,,,,
636,19,1000,,,1000,75000,,,,,,
637,1,600,,,600,132000,,,,,,
637,14,60,,,35,12300,,25,8800,,,
637,15,35,,,25,6300,,10,2500,,,
637,16,15,,,15,15000,,,,,,
637,19,800,,,800,60000,,,,,,
638,1,1500,,,1500,330000,,,,,,
638,14,70,,,50,17500,,20,7000,,,
638,15,55,,,40,10000,,15,3800,,,
638,16,20,,,20,20000,,,,,,
639,14,40,,,30,10500,,10,3500,,,
639,15,40,,,30,7500,,10,2500,,,
639,16,10,,,10,10000,,,,,,
639,19,1100,,,1100,82500,,,,,,
643,14,20,,,15,5250,,5,1750,,,
643,15,10,,,7,1400,,3,600,,,
644,14,25,,,20,7000,,5,1750,,,
644,15,35,,,30,6000,,5,1000,,,
645,14,20,,,15,5250,,5,1750,,,
645,15,20,,,15,3000,,5,1000,,,
646,1,720,,,720,158400,,,,,,
646,14,30,,,20,7000,,10,3500,,,
646,15,30,,,20,4000,,10,2000,,,
649,1,324,,,324,68040,,,,,,
649,7,50,,,50,10000,,,,,,
649,8,80,50,75000,20,30000,,10,15000,2,,
649,9,10,,,10,12000,,,,,,
649,10,60,,,60,15000,,,,,,
649,11,40,20,60000,10,30000,,10,30000,2,,
649,14,80,,,50,25000,,30,15000,,,
649,15,50,,,30,6000,,20,4000,,,
649,16,20,,,20,30000,,,,,,
649,19,1500,1000,60000,500,30000,,,,2,6,
650,1,324,,,324,68040,,,,,,
650,7,60,,,60,12000,,,,,,
650,8,80,50,75000,20,30000,,10,15000,2,,
650,9,10,,,10,12000,,,,,,
650,10,60,,,60,15000,,,,,,
650,11,30,10,30000,10,30000,,10,30000,2,6,
650,14,80,,,50,25000,,30,15000,,,
650,15,60,,,50,10000,,10,2000,,,
650,16,10,,,10,15000,,,,,,
650,19,3000,2000,120000,1000,60000,,,,6,,
651,1,216,,,216,45360,,,,,,
651,7,60,,,60,12000,,,,,,
651,8,50,30,45000,10,15000,,10,15000,2,,
651,9,10,,,10,12000,,,,,,
651,10,30,,,30,6000,,,,,,
651,11,20,,,10,30000,,10,30000,,,
651,14,70,,,40,8000,,30,6000,,,
651,15,60,,,30,6000,,30,6000,,,
651,16,10,,,10,15000,,,,,,
651,19,1320,820,49200,500,30000,,,,6,,
652,1,324,,,324,68040,,,,,,
652,7,50,,,50,10000,,,,,,
652,8,70,30,45000,20,30000,,20,30000,2,6,
652,9,10,,,10,12000,,,,,,
652,10,60,,,60,15000,,,,,,
652,11,20,,,10,30000,,10,30000,,,
652,14,80,,,50,25000,,30,15000,,,
652,15,80,,,40,8000,,40,8000,,,
652,16,20,,,20,30000,,,,,,
652,19,1200,700,42000,500,30000,,,,6,,
653,1,216,,,216,45360,,,,,,
653,14,40,,,20,10000,,20,10000,,,
653,15,80,,,50,10000,,30,6000,,,
653,16,10,,,10,15000,,,,,,
654,1,216,,,216,45360,,,,,,
654,7,50,,,50,10000,,,,,,
654,8,80,50,80000,10,15000,,20,30000,6,,
654,9,5,,,5,6000,,,,,,
654,10,40,,,40,10000,,,,,,
654,11,10,,,10,30000,,,,,,
654,14,80,,,40,20000,,40,20000,,,
654,15,40,,,30,6000,,10,2000,,,
654,16,10,,,10,15000,,,,,,
654,19,2360,2000,120000,360,21600,,,,6,,
655,1,720,,,720,151200,,,,,,
655,7,60,,,60,12000,,,,,,
655,8,80,40,60000,30,45000,,10,15000,2,6,
655,9,10,,,10,12000,,,,,,
655,10,80,,,80,20000,,,,,,
655,11,40,,,20,60000,,20,60000,,,
655,14,120,,,80,40000,,40,20000,,,
655,15,80,,,60,12000,,20,4000,,,
655,16,20,,,20,30000,,,,,,
655,19,1500,500,30000,1000,60000,,,,2,6,
656,1,540,,,540,113400,,,,,,
656,7,2060,2000,300000,60,12000,,,,5,,
656,8,80,50,75000,20,30000,,10,15000,2,6,
656,9,10,,,10,12000,,,,,,
656,10,60,,,60,15000,,,,,,
656,11,40,,,20,60000,,20,60000,,,
656,14,100,,,50,25000,,50,25000,,,
656,15,70,,,40,8000,,30,6000,,,
656,16,20,,,20,30000,,,,,,
656,19,1220,620,37200,600,36000,,,,6,,
657,1,324,,,324,68040,,,,,,
657,7,50,,,50,10000,,,,,,
657,8,70,40,60000,20,30000,,10,15000,2,4,6
657,9,5,,,5,6000,,,,,,
657,10,50,,,50,12500,,,,,,
657,11,40,20,60000,10,30000,,10,30000,2,4,6
657,14,60,,,40,20000,,20,10000,,,
657,15,40,,,20,4000,,20,4000,,,
657,19,1500,1000,60000,500,30000,,,,2,6,4
658,1,200,,,200,42000,,,,,,
658,14,30,,,20,12000,,10,6000,,,
658,15,20,,,10,2000,,10,2000,,,
659,1,300,,,300,60000,,,,,,
659,14,60,,,40,24000,,20,12000,,,
659,15,40,,,20,4000,,20,4000,,,
659,16,8,,,8,13000,,,,,,
660,1,540,,,540,113400,,,,,,
660,7,800,400,80000,400,80000,,,,2,,
660,8,60,30,45000,20,30000,,10,15000,2,6,
660,9,10,,,10,12000,,,,,,
660,10,600,300,75000,300,75000,,,,2,,
660,11,30,,,20,50000,,10,25000,,,
660,14,60,,,40,22000,,20,11000,,,
660,15,40,,,20,4000,,20,4000,,,
660,16,10,,,10,15000,,,,,,
660,19,1500,700,35000,800,40000,,,,2,6,
661,1,200,,,200,42000,,,,,,
661,14,40,,,30,15000,,10,5000,,,
661,15,20,,,10,2000,,10,2000,,,
662,1,540,,,540,113000,,,,,,
662,14,80,,,60,36000,,20,12000,,,
662,15,40,,,30,6000,,10,2000,,,
662,16,10,,,10,15000,,,,,,
663,1,320,,,320,68000,,,,,,
663,14,60,,,40,24000,,20,12000,,,
663,15,40,,,30,6000,,10,2000,,,
663,16,6,,,6,10000,,,,,,
664,1,430,,,430,90000,,,,,,
664,7,800,400,80000,400,80000,,,,2,,
664,8,80,50,75000,25,37500,,5,7500,2,6,
664,9,10,,,10,12000,,,,,,
664,10,600,300,75000,300,75000,,,,2,,
664,14,80,,,60,36000,,20,12000,,,
664,15,40,,,20,4000,,20,4000,,,
664,16,10,,,10,17000,,,,,,
664,19,1300,600,30000,700,35000,,,,2,6,
665,1,320,,,320,68000,,,,,,
665,7,700,400,80000,300,60000,,,,2,,
665,8,50,20,30000,20,30000,,10,15000,2,,
665,9,10,,,10,12000,,,,,,
665,10,600,300,75000,300,75000,,,,2,,
665,14,50,,,30,18000,,20,12000,,,
665,15,30,,,15,3000,,15,3000,,,
665,16,5,,,5,7000,,,,,,
665,19,2700,2000,100000,700,35000,,,,2,6,
666,1,750,,,750,158000,,,,,,
666,7,400,,,400,80000,,,,,,
666,8,60,,,40,60000,,20,30000,,,
666,9,10,,,10,12000,,,,,,
666,10,300,,,300,75000,,,,,,
666,14,80,,,60,36000,,20,12000,,,
666,15,40,,,20,4000,,20,4000,,,
666,16,10,,,10,15000,,,,,,
666,19,1000,,,1000,50000,,,,,,
667,1,648,,,648,129600,,,,,,
667,14,30,,,25,11250,,5,2250,,,
667,15,20,,,15,5250,,5,1750,,,
669,1,324,,,324,64800,,,,,,
669,14,30,,,20,9000,,10,4500,,,
669,15,20,,,10,3500,,10,3500,,,
669,16,10,,,10,15000,,,,,,
670,1,432,,,432,86400,,,,,,
670,14,30,,,20,9000,,10,4500,,,
670,15,20,,,15,5250,,5,1750,,,
671,1,642,,,642,129600,,,,,,
671,14,30,,,20,9000,,10,4500,,,
671,15,20,,,10,3500,,10,3500,,,
672,1,216,,,216,43200,,,,,,
672,14,15,,,10,4500,,5,2250,,,
672,15,10,,,8,2800,,2,700,,,
673,1,324,,,324,64800,,,,,,
673,14,29,,,25,11250,,4,1800,,,
673,15,15,,,15,5250,,,,,,
674,1,108,,,108,21600,,,,,,
674,14,20,,,20,9000,,,,,,
674,15,10,,,5,1750,,5,1750,,,
675,1,432,,,432,86400,,,,,,
675,14,30,,,20,9000,,10,4500,,,
675,15,20,,,20,7000,,,,,,
676,1,250,,,250,52500,,,,,,
676,14,115,,,73,19700,,42,12600,,,
676,15,87,,,57,12200,,30,8200,,,
677,1,220,,,220,45000,,,,,,
677,14,117,,,74,19300,,43,11700,,,
677,15,87,,,58,12500,,29,6000,,,
678,1,280,,,280,60000,,,,,,
678,14,111,,,68,17500,,43,13000,,,
678,15,100,,,67,16200,,33,8000,,,
679,14,69,,,42,12000,,27,8000,,,
679,15,70,,,48,10300,,22,5400,,,
680,1,800,,,800,160000,,,,,,
680,14,177,,,120,29600,,57,16200,,,
680,15,154,,,100,20000,,54,11600,,,
681,14,59,,,37,10000,,22,6500,,,
681,15,60,,,35,8300,,25,6800,,,
683,1,180,,,180,38000,,,,,,
683,14,97,,,58,16000,,39,11300,,,
683,15,92,,,60,14500,,32,8500,,,
684,1,400,,,400,82000,,,,,,
684,14,141,,,90,23000,,51,14500,,,
684,15,113,,,75,15000,,38,8000,,,
685,1,380,,,360,76000,20,,,,,
685,14,130,,,100,35000,10,20,7000,,,
685,15,100,,,80,16000,10,10,2000,,,
685,16,50,,,40,30000,10,,,,,
685,20,30,,,20,4000,5,5,1000,,,
686,14,80,,,50,17500,10,20,7000,,,
686,15,50,,,30,6000,10,10,2000,,,
686,20,30,,,20,3000,,10,1500,,,
687,14,20,,,15,6000,1,4,1600,,,
688,1,390,,,380,80000,10,,,,,
688,14,120,,,90,31500,10,20,7000,,,
688,15,100,,,80,16000,,20,4000,,,
688,16,80,,,70,55000,10,,,,,
690,1,570,,,540,150000,30,,,,,
690,14,200,,,150,52500,30,20,7000,,,
690,15,120,,,80,16000,20,20,4000,,,
690,16,70,,,60,50000,10,,,,,
690,17,40,25,87500,10,35000,5,,,6,7,
690,20,70,,,50,10000,10,10,2000,,,
691,1,440,,,360,80000,80,,,,,
691,7,800,300,60000,200,40000,300,,,2,6,
691,8,40,,,20,40000,20,,,,,
691,9,3,,,1,1000,2,,,,,
691,10,200,,,100,25000,100,,,,,
691,14,300,,,150,52500,100,50,17500,,,
691,15,160,,,60,12000,70,30,6000,,,
691,16,40,,,20,16000,20,,,,,
691,20,60,,,30,6000,20,10,2000,,,
692,14,100,,,70,24500,10,20,7000,,,
692,15,60,,,40,8000,5,15,3000,,,
692,16,40,,,35,28000,5,,,,,
692,20,20,,,15,3000,2,3,600,,,
693,1,580,,,540,108000,40,,,,,
693,14,200,,,120,42000,50,30,10500,,,
693,15,160,,,100,20000,20,40,8000,,,
693,16,100,,,80,58000,20,,,,,
693,20,60,,,40,8000,10,10,2000,,,
694,1,300,,,300,62000,,,,,,
695,14,50,,,25,8000,,25,8000,,,
695,15,30,,,20,4000,,10,2000,,,
695,20,30,,,20,4000,,10,2000,,,
696,1,150,,,150,30000,,,,,,
696,14,100,,,20,7000,40,40,14000,,,
696,15,50,,,15,3000,25,10,2000,,,
696,20,50,,,10,2300,20,20,4600,,,
697,14,10,,,8,4000,,2,1000,,,
697,20,15,,,12,2400,,3,600,,,
698,14,120,,,100,25000,,20,5000,,,
698,15,50,,,40,8000,,10,2000,,,
698,20,50,,,40,8000,,10,2000,,,
699,14,20,,,18,4500,,2,500,,,
699,15,10,,,10,2500,,,,,,
699,20,10,,,7,1400,,3,600,,,
700,1,100,,,100,22000,,,,,,
700,14,3,,,3,2500,,,,,,
700,15,30,,,20,5000,,10,2500,,,
700,20,40,,,30,6000,,10,2000,,,
701,1,350,,,350,71000,,,,,,
701,14,5,,,3,2500,,2,1800,,,
701,15,25,,,20,4000,,5,1000,,,
701,20,40,,,30,6000,,10,2000,,,
702,14,3,,,2,1600,,1,800,,,
704,14,35,,,20,6000,,15,6000,,,
704,15,30,,,20,5000,,10,2500,,,
704,16,10,,,10,7000,,,,,,
705,1,360,,,360,74000,,,,,,
705,14,120,,,70,21000,,50,15000,,,
705,15,30,,,18,4500,,12,3000,,,
705,16,50,,,50,35000,,,,,,
706,1,360,,,360,76000,,,,,,
706,14,20,,,10,3000,,10,3000,,,
706,15,30,,,15,3750,,15,3750,,,
706,16,12,,,12,12800,,,,,,
707,14,30,,,18,2250,,12,1500,,,
707,15,30,,,24,6000,,6,1500,,,
707,16,10,,,10,6500,,,,,,
708,14,50,,,30,12000,,20,8000,,,
708,15,40,,,30,6000,,10,2000,,,
708,16,15,,,15,9500,,,,,,
710,14,50,,,25,7500,,25,7500,,,
710,15,40,,,20,5000,,20,5000,,,
710,16,15,,,15,9500,,,,,,
711,14,100,,,50,22500,,50,22500,,,
711,15,60,,,30,7500,,30,7500,,,
711,16,16,,,16,9800,,,,,,
712,14,20,,,15,6750,,5,2250,,,
712,15,10,,,4,800,,6,1200,,,
712,20,20,,,10,2000,,10,2000,,,
713,1,250,,,250,49000,,,,,,
713,14,100,,,70,31500,,30,13500,,,
713,15,35,,,20,4000,,15,3000,,,
713,20,30,,,15,2700,,15,2700,,,
714,1,450,,,450,88200,,,,,,
714,7,250,,,250,50000,,,,,,
714,8,80,,,75,112500,,5,7500,,,
714,9,2,,,2,2000,,,,,,
714,10,300,,,300,60000,,,,,,
714,11,10,,,10,26000,,,,,,
714,14,95,,,60,30000,,35,17500,,,
714,15,35,,,25,5500,,10,2200,,,
714,19,300,,,300,25500,,,,,,
714,20,40,,,15,2700,,25,4500,,,
715,1,300,,,300,58800,,,,,,
715,14,60,,,40,18400,,20,9200,,,
715,15,35,,,20,4400,,15,3300,,,
715,20,20,,,10,2200,,10,2200,,,
716,1,300,,,300,58500,,,,,,
716,14,90,,,50,24000,,40,19200,,,
716,15,35,,,25,5500,,10,2200,,,
716,20,30,,,20,4000,,10,2000,,,
718,1,300,,,300,58800,,,,,,
718,14,90,,,60,27000,,30,13500,,,
718,15,30,,,20,4400,,10,2200,,,
718,20,30,,,20,4400,,10,2200,,,
719,1,200,,,200,39200,,,,,,
719,14,120,,,70,31500,,50,22500,,,
719,15,45,,,20,4000,,25,5000,,,
719,19,250,,,250,22500,,,,,,
719,20,30,,,15,3000,,15,3000,,,
720,1,400,,,400,78000,,,,,,
720,7,200,,,200,40000,,,,,,
720,8,80,,,77,115500,,3,4500,,,
720,10,200,,,200,40000,,,,,,
720,14,120,,,50,22500,,70,31500,,,
720,15,50,,,30,6600,,20,4400,,,
720,19,350,,,350,29750,,,,,,
720,20,50,,,30,6000,,20,4000,,,
721,1,300,,,300,78000,,,,,,
721,14,50,,,20,12000,,30,18000,,,
721,15,20,,,15,3000,,5,1000,,,
721,16,20,,,20,20000,,,,,,
722,14,50,,,20,12000,,30,15000,,,
722,15,25,,,10,2000,,15,3000,,,
722,16,10,,,10,10000,,,,,,
723,1,300,,,300,78000,,,,,,
723,14,70,,,30,18000,,40,24000,,,
723,15,30,,,10,2000,,20,4000,,,
723,16,15,,,15,15000,,,,,,
724,1,600,,,600,156000,,,,,,
724,14,100,,,40,24000,,60,36000,,,
724,15,50,,,25,5000,,25,5000,,,
724,16,30,,,30,30000,,,,,,
725,1,600,,,600,158000,,,,,,
725,14,80,,,30,18000,,50,30000,,,
725,15,50,,,20,4000,,30,6000,,,
725,16,15,,,15,15000,,,,,,
726,1,300,,,300,78000,,,,,,
726,14,80,,,40,24000,,40,24000,,,
726,15,50,,,20,4000,,30,6000,,,
726,16,20,,,20,20000,,,,,,
727,1,300,,,300,78000,,,,,,
727,14,50,,,30,18000,,20,12000,,,
727,15,20,,,10,2000,,10,2000,,,
728,1,600,,,600,158000,,,,,,
728,14,100,,,50,30000,,50,30000,,,
728,15,70,,,30,6000,,40,8000,,,
728,16,20,,,20,20000,,,,,,
729,14,50,,,20,12000,,30,18000,,,
729,15,60,,,30,6000,,30,6000,,,
729,16,10,,,10,10000,,,,,,
730,1,300,,,300,66000,,,,,,
730,14,60,,,30,12000,,30,12000,,,
730,15,30,,,15,4500,,15,4500,,,
731,14,30,,,15,4500,,15,4500,,,
731,15,15,,,5,1500,,10,3000,,,
732,1,600,,,600,136000,,,,,,
732,14,120,,,60,18000,,60,18000,,,
732,15,60,,,30,7500,,30,7500,,,
732,16,5,,,5,3500,,,,,,
733,14,120,,,70,14000,,50,10000,,,
733,15,80,,,45,9000,,35,7000,,,
734,14,130,,,80,24000,,50,15000,,,
734,15,80,,,50,11000,,30,6600,,,
734,16,15,,,15,10000,,,,,,
735,14,120,,,70,21000,,50,15000,,,
735,15,50,,,30,6000,,20,4000,,,
735,16,10,,,10,7000,,,,,,
736,14,100,,,60,18000,,40,12000,,,
736,15,30,,,15,3000,,15,3000,,,
736,16,5,,,5,3500,,,,,,
737,1,600,,,600,132000,,,,,,
737,14,100,,,60,18000,,40,12000,,,
737,15,60,,,40,8800,,20,4400,,,
737,16,8,,,8,5600,,,,,,
738,14,50,,,25,7500,,25,7500,,,
738,15,30,,,15,3500,,15,3500,,,
738,16,8,,,8,5600,,,,,,
739,14,70,,,40,14000,,30,10500,,,
739,15,80,,,50,11000,,30,7500,,,
740,14,160,,,120,26700,,40,6600,,,
740,15,90,,,70,15400,,20,4400,,,
741,14,80,,,60,12800,,20,3200,,,
743,14,35,,,25,5000,,10,2200,,,
743,15,20,,,15,3000,,5,1000,,,
744,1,360,,,360,86000,,,,,,
744,14,100,,,70,19000,,30,8500,,,
744,15,10,,,10,1700,,,,,,
745,14,120,,,60,13000,,60,13000,,,
745,15,80,,,30,4700,,50,7800,,,
746,14,20,,,20,8000,,,,,,
746,15,10,,,10,1700,,,,,,
748,14,20,,,10,6000,,10,6000,,,
749,14,85,,,60,17000,,25,7000,,,
749,15,50,,,35,7000,,15,3000,,,
749,16,10,,,10,12000,,,,,,
750,14,90,,,60,25000,,30,13000,,,
750,15,40,,,30,6000,,10,2000,,,
751,14,10,,,6,3600,,4,2400,,,
752,14,80,,,60,17000,,20,5300,,,
752,15,45,,,30,6000,,15,3000,,,
753,14,60,,,35,11500,,25,8000,,,
753,15,30,,,25,5000,,5,1000,,,
753,16,15,,,15,18000,,,,,,
754,14,100,,,60,14500,,40,10600,,,
754,15,60,,,45,9000,,15,3000,,,
755,1,250,,,250,60000,,,,,,
755,14,95,,,65,17400,,30,8400,,,
755,15,40,,,30,6000,,10,2000,,,
756,14,55,,,30,8400,,25,7800,,,
756,15,20,,,15,3000,,5,1000,,,
757,14,90,,,60,14000,,30,7000,,,
757,15,40,,,25,4000,,15,2000,,,
757,16,20,,,20,20000,,,,,,
758,1,183,,,183,43950,,,,,,
758,7,7890,7880,1339600,10,1700,,,,5,,
758,8,50,,,30,51000,,20,34000,,,
758,9,15,,,15,20400,,,,,,
758,10,50,,,50,8500,,,,,,
758,11,40,,,30,102000,,10,34000,,,
758,14,130,,,80,16000,,50,10000,,,
758,15,40,,,30,5000,,10,2000,,,
758,16,20,,,20,20000,,,,,,
758,19,3000,2500,175000,400,28000,100,,,2,4,
759,7,7200,7185,1221450,15,2550,,,,5,,
759,8,55,,,40,68000,,15,25500,,,
759,9,20,,,20,27200,,,,,,
759,10,30,,,30,5100,,,,,,
759,11,35,,,30,102000,,5,17000,,,
759,14,120,,,70,15000,,50,12000,,,
759,15,38,,,20,3000,,18,3000,,,
759,16,25,,,25,20000,,,,,,
759,19,2250,1750,122500,400,28000,100,,,4,2,
760,1,365,,,365,93000,,,,,,
760,7,1670,1660,282200,10,1700,,,,5,,
760,8,45,,,35,59500,,10,17000,,,
760,9,20,,,20,27200,,,,,,
760,10,40,,,40,6800,,,,,,
760,11,30,,,30,102000,,,,,,
760,14,130,,,70,15000,,60,12000,,,
760,15,45,,,30,5000,,15,2000,,,
760,16,25,,,25,20000,,,,,,
761,1,540,,,540,129600,,,,,,
761,7,7960,7940,1349800,20,3400,,,,5,,
761,8,60,,,45,76500,,15,25500,,,
761,9,20,,,20,27200,,,,,,
761,10,40,,,40,6800,,,,,,
761,11,30,,,30,102000,,,,,,
761,14,160,,,90,20000,,70,14000,,,
761,15,50,,,35,6000,,15,2000,,,
761,16,25,,,25,20000,,,,,,
761,19,6000,5350,374500,500,35000,150,,,2,4,
762,14,85,,,50,12000,,35,8000,,,
762,15,45,,,25,4000,,20,3000,,,
762,16,26,,,26,30000,,,,,,
763,1,300,,,300,76500,,,,,,
763,7,7130,7115,1209550,15,2550,,,,5,,
763,8,40,,,40,68000,,,,,,
763,9,20,,,20,27200,,,,,,
763,10,50,,,50,8500,,,,,,
763,11,45,,,45,153000,,,,,,
763,14,150,,,90,20000,,60,12000,,,
763,15,50,,,30,5000,,20,3000,,,
763,16,20,,,20,18000,,,,,,
763,19,3000,2400,168000,450,31500,150,,,2,4,
764,14,100,,,60,12000,,40,8000,,,
764,15,30,,,20,3000,,10,2000,,,
764,16,10,,,10,10000,,,,,,
765,14,80,,,50,12000,,30,7000,,,
765,15,40,,,25,4000,,15,2000,,,
765,16,15,,,15,20000,,,,,,
766,14,40,,,20,6000,,20,5000,,,
766,15,40,,,20,4000,,20,4000,,,
767,14,60,,,50,7500,,10,2500,,,
767,15,70,,,50,10000,,20,4000,,,
768,14,70,,,40,10000,,30,7500,,,
768,15,60,,,40,8000,,20,4000,,,
769,14,40,,,30,6000,,10,2000,,,
769,15,30,,,20,4000,,10,2000,,,
770,14,50,,,30,6000,,20,4000,,,
770,15,30,,,20,4000,,10,2000,,,
771,14,100,,,80,16000,,20,4000,,,
771,15,80,,,50,10000,,30,6000,,,
772,14,60,,,40,8000,,20,4000,,,
772,15,60,,,30,6000,,30,6000,,,
773,14,30,,,10,2500,,20,5000,,,
773,15,30,,,15,3000,,15,3000,,,
774,14,60,,,40,10000,,20,5000,,,
774,15,50,,,40,8000,,10,2000,,,
775,1,360,,,360,72000,,,,,,
775,7,60,,,60,10000,,,,,,
775,8,70,20,24000,50,60000,,,,2,,
775,9,1,,,1,1200,,,,,,
775,10,100,,,100,25000,,,,,,
775,11,20,,,20,44000,,,,,,
775,14,50,,,30,9400,,20,7400,,,
775,15,50,,,30,6000,,20,4000,,,
776,1,370,,,370,74000,,,,,,
776,14,40,,,15,8500,,25,12000,,,
776,15,50,,,25,5000,,25,5000,,,
776,16,2,,,2,2400,,,,,,
777,1,640,,,640,128000,,,,,,
777,14,35,,,15,8500,,20,9500,,,
777,15,40,,,20,4000,,20,4000,,,
778,1,700,,,700,140000,,,,,,
778,7,100,,,100,17000,,,,,,
778,8,70,,,60,72000,,10,12000,,,
778,9,2,,,2,2400,,,,,,
778,10,150,,,150,37500,,,,,,
778,11,25,,,25,55000,,,,,,
778,14,70,,,30,11500,,40,13500,,,
778,15,60,,,30,6000,,30,6000,,,
778,16,3,,,3,3300,,,,,,
779,1,540,,,540,108000,,,,,,
779,7,100,,,100,17000,,,,,,
779,8,80,30,36000,50,60000,,,,2,,
779,9,2,,,2,2200,,,,,,
779,10,150,,,150,37500,,,,,,
779,11,25,,,25,55000,,,,,,
779,14,60,,,25,12000,,35,14000,,,
779,15,50,,,50,10000,,,,,,
779,19,1200,600,36000,600,36000,,,,2,,
780,1,275,,,275,55000,,,,,,
780,14,50,,,20,9500,,30,11500,,,
780,16,2,,,2,2200,,,,,,
781,1,790,,,790,158000,,,,,,
781,14,60,,,30,12000,,30,12000,,,
781,15,60,,,30,6000,,30,6000,,,
782,1,380,,,380,76000,,,,,,
782,14,50,,,20,8000,,30,12000,,,
782,15,40,,,20,4000,,20,4000,,,
782,16,3,,,3,3300,,,,,,
783,1,710,,,710,142000,,,,,,
783,14,60,,,24,8300,,36,14000,,,
783,15,60,,,20,4000,,40,8000,,,
783,16,2,,,2,2200,,,,,,
784,14,70,,,40,14000,,30,10500,,,
784,15,99,,,52,10000,,47,9000,,,
785,14,100,,,60,27000,,40,18000,,,
785,15,130,,,80,16000,,50,10000,,,
786,14,75,,,32,9600,,43,12900,,,
786,15,60,,,28,5300,,32,6100,,,
787,14,70,,,48,18000,,22,8300,,,
787,15,50,,,28,5600,,22,4400,,,
788,15,25,,,12,1900,,13,2100,,,
789,14,275,35,74800,120,36000,5,115,34000,6,,
789,15,70,,,35,7000,,35,7000,,,
789,16,10,,,10,9000,,,,,,
791,14,60,,,35,11000,,25,7500,,,
791,15,55,,,30,6000,,25,5000,,,
792,14,155,18,39600,72,25100,,65,18250,6,,
793,1,180,,,180,39000,,,,,,
793,14,25,,,10,1800,,15,2900,,,
793,16,10,,,10,9000,,,,,,
793,19,400,,,400,32000,,,,,,
794,1,700,,,700,115000,,,,,,
794,7,1500,1350,189000,150,30000,,,,5,,
794,8,180,110,165000,50,75000,,20,30000,1,5,6
794,10,200,,,200,40000,,,,,,
794,11,30,,,20,60000,,10,30000,,,
794,14,90,,,50,17000,,40,13600,,,
794,15,58,,,32,6000,,26,5000,,,
794,16,20,,,20,16000,,,,,,
794,19,900,300,21000,600,42000,,,,1,5,6
795,1,800,,,800,134000,,,,,,
795,2,30,,,30,100000,,,,,,
795,7,100,,,100,20000,,,,,,
795,8,500,400,600000,40,60000,,60,90000,1,5,6
795,10,200,,,200,40000,,,,,,
795,11,35,,,30,90000,,5,15000,,,
795,14,120,,,60,22000,,60,22000,,,
795,15,58,,,35,6000,,23,4000,,,
795,16,20,,,20,15000,,,,,,
795,19,1800,1100,82000,700,42000,,,,1,5,6
796,1,700,,,700,119000,,,,,,
796,7,50,,,50,10000,,,,,,
796,8,450,330,500000,70,105000,,50,65000,1,5,6
796,10,200,,,200,40000,,,,,,
796,11,36,,,26,78000,,10,30000,,,
796,14,50,,,30,15000,,20,10000,,,
796,15,60,,,50,20000,,10,4000,,,
796,16,20,,,20,40000,,,,,,
796,19,800,400,28000,400,28000,,,,2,,
797,1,750,,,750,126000,,,,,,
797,2,35,,,25,68000,,10,35000,,,
797,7,1000,950,133000,50,10000,,,,5,,
797,8,460,350,525000,56,84000,,54,81000,1,6,4
797,10,200,,,200,40000,,,,,,
797,11,40,,,25,75000,,15,45000,,,
797,14,76,,,50,20000,,26,10000,,,
797,15,40,,,20,4000,,20,4000,,,
797,16,20,,,20,38000,,,,,,
797,19,1800,1000,72000,800,64000,,,,1,5,6
798,1,400,,,400,66000,,,,,,
798,7,50,,,50,10000,,,,,,
798,8,90,40,60000,35,52500,,15,22500,1,5,6
798,10,150,,,150,30000,,,,,,
798,11,23,,,15,45000,,8,24000,,,
798,14,36,,,22,7500,,14,5600,,,
798,15,60,,,40,8000,,20,4000,,,
798,16,15,,,15,12000,,,,,,
798,19,1000,550,38000,450,27000,,,,1,5,6
799,1,1000,,,1000,170000,,,,,,
799,7,1400,1000,140000,400,80000,,,,5,,
799,8,340,200,300000,90,135000,,50,75000,1,4,6
799,10,300,,,300,60000,,,,,,
799,11,40,,,30,80000,,10,30000,,,
799,14,80,,,50,15000,,30,10000,,,
799,15,64,,,48,9000,,16,3000,,,
799,16,30,,,30,21000,,,,,,
799,19,1700,700,42000,1000,60000,,,,1,5,6
800,1,560,,,560,93000,,,,,,
800,7,900,700,100000,200,40000,,,,5,,
800,8,80,20,30000,40,60000,,20,30000,6,,
800,10,200,,,200,40000,,,,,,
800,11,26,,,16,48000,,10,30000,,,
800,14,52,,,39,15000,,13,5000,,,
800,15,48,,,32,6000,,16,3000,,,
800,16,20,,,20,14000,,,,,,
800,19,600,200,12000,400,24000,,,,2,,
801,1,600,,,600,100000,,,,,,
801,7,1400,1300,182000,100,20000,,,,5,,
801,8,60,,,40,60000,,20,30000,,,
801,10,150,,,150,30000,,,,,,
801,11,40,,,35,105000,,5,15000,,,
801,14,56,,,36,13000,,20,7000,,,
801,15,48,,,32,6000,,16,3000,,,
801,16,20,,,20,16000,,,,,,
801,19,1200,600,42000,600,42000,,,,1,5,6
802,14,45,,,22,11000,,23,11500,,,
802,15,38,,,18,3600,,20,4000,,,
802,16,15,,,15,12000,,,,,,
803,14,47,,,27,10000,,20,7500,,,
803,15,28,,,18,3600,,10,2000,,,
804,14,38,,,23,90000,,15,6000,,,
804,15,25,,,15,3000,,10,2000,,,
805,14,61,,,38,14000,,23,8500,,,
805,15,50,,,30,6000,,20,4000,,,
805,16,15,,,15,12000,,,,,,
806,14,60,,,38,14000,,22,8000,,,
806,15,40,,,24,4800,,16,3200,,,
806,16,18,,,18,16000,,,,,,
807,14,48,,,30,11000,,18,6500,,,
807,15,25,,,15,3000,,10,2000,,,
808,14,45,,,28,10000,,17,6000,,,
808,15,25,,,15,3000,,10,2000,,,
808,16,15,,,15,12000,,,,,,
809,14,42,,,25,9000,,17,6000,,,
809,15,35,,,20,4000,,15,3000,,,
810,14,45,,,18,6500,,27,8900,,,
810,15,32,,,16,2800,,16,2800,,,
811,14,80,,,36,14500,4,40,16000,,,
811,15,40,,,15,2100,3,22,3080,,,
812,1,300,,,300,66000,,,,,,
812,14,150,,,95,38000,,55,19250,,,
812,15,130,,,100,13000,,30,3900,,,
812,19,500,,,500,35000,,,,,,
813,1,360,,,360,79200,,,,,,
813,14,170,,,100,38000,,70,26600,,,
813,15,85,,,65,9750,,20,3000,,,
813,19,1000,,,1000,70000,,,,,,
814,14,120,,,70,24500,,50,17500,,,
814,15,50,,,35,4550,,15,1950,,,
815,1,600,,,600,132000,,,,,,
815,14,150,,,120,42000,,30,10500,,,
815,15,80,,,50,6500,,30,3900,,,
815,19,300,,,300,21000,,,,,,
816,1,600,,,600,132000,,,,,,
816,14,220,,,180,63000,,40,14000,,,
816,15,120,,,70,9100,,50,6500,,,
816,19,1500,1000,70000,500,35000,,,,2,,
817,1,600,,,600,132000,,,,,,
817,14,150,,,100,35000,,50,17500,,,
817,15,80,,,55,7150,,25,3500,,,
818,1,600,,,600,132000,,,,,,
818,14,250,,,180,72000,,70,28000,,,
818,15,90,,,70,9100,,20,2800,,,
819,1,600,,,600,132000,,,,,,
819,14,200,,,120,42000,,80,28000,,,
819,15,120,,,70,9800,,50,7000,,,
820,1,750,,,750,165000,,,,,,
820,8,50,10,15000,35,52500,,5,7500,2,,
820,10,150,,,150,45000,,,,,,
820,14,200,,,100,40000,,100,40000,,,
820,15,180,,,90,16200,,90,16200,,,
820,16,10,,,10,11000,,,,,,
821,1,750,,,750,165000,,,,,,
821,14,250,,,150,60000,,100,40000,,,
821,15,150,,,90,16200,,60,10800,,,
821,16,5,,,5,5500,,,,,,
821,19,500,,,500,35000,,,,,,
822,1,300,,,300,66000,,,,,,
822,14,160,,,90,36000,,70,28000,,,
822,15,120,,,70,12600,,50,9000,,,
822,16,2,,,2,2200,,,,,,
822,17,5,,,4,12000,,1,3000,,,
822,19,400,,,400,28000,,,,,,
823,1,180,,,180,37800,,,,,,
823,14,50,,,40,16000,,10,4000,,,
823,15,40,,,30,5400,,10,1800,,,
823,16,5,,,5,5500,,,,,,
824,1,350,,,350,77000,,,,,,
824,14,150,,,80,32000,,70,28000,,,
824,15,100,,,50,9000,,50,9000,,,
824,16,5,,,5,5500,,,,,,
825,1,400,,,400,88000,,,,,,
825,14,120,,,80,32000,,40,16000,,,
825,15,100,,,70,12600,,30,5400,,,
826,1,800,,,800,176000,,,,,,
826,2,40,,,30,111000,,10,37000,,,
826,7,80,,,80,20000,,,,,,
826,8,200,150,225000,40,60000,,10,15000,2,,
826,10,200,,,200,60000,,,,,,
826,11,30,,,20,50000,,10,25000,,,
826,14,250,,,150,60000,,100,40000,,,
826,15,100,,,50,9000,,50,9000,,,
826,16,20,,,20,22000,,,,,,
826,19,700,,,700,49000,,,,,,
827,1,500,,,500,110000,,,,,,
827,2,20,,,20,74000,,,,,,
827,14,150,,,75,30000,,75,30000,,,
827,15,80,,,40,7200,,40,7200,,,
827,16,10,,,10,11000,,,,,,
828,1,130,,,130,27300,,,,,,
828,2,20,,,10,37000,,10,37000,,,
828,8,40,,,35,52500,,5,7500,,,
828,10,40,,,40,12000,,,,,,
828,14,10,,,5,2000,,5,2000,,,
828,15,10,,,5,900,,5,900,,,
829,1,300,,,300,69000,,,,,,
829,2,40,,,20,70000,,20,70000,,,
829,7,700,400,100000,300,75000,,,,7,,
829,8,240,140,210000,80,120000,,20,30000,2,,
829,10,450,,,450,135000,,,,,,
829,11,30,,,26,65000,,4,10000,,,
829,12,20,,,17,34000,,3,6000,,,
829,14,140,,,80,30400,,60,22800,,,
829,15,75,,,50,6500,,25,3250,,,
829,17,5,,,5,15000,,,,,,
829,19,400,,,400,24000,,,,,,
830,1,800,,,800,160000,,,,,,
830,12,30,,,18,36000,,12,24000,,,
830,14,120,,,80,30400,,40,15200,,,
830,15,75,,,45,5850,,30,3900,,,
830,19,1500,500,30000,1000,60000,,,,2,,
831,1,400,,,400,92000,,,,,,
831,14,260,,,160,57600,,100,36000,,,
831,15,90,,,55,7150,,35,4550,,,
832,1,300,,,300,69000,,,,,,
832,7,500,270,67500,230,57500,,,,2,,
832,8,190,80,120000,90,135000,,20,30000,2,,
832,10,500,,,450,135000,50,,,,,
832,11,17,,,7,17500,2,8,12000,,,
832,12,20,,,13,26000,,7,14000,,,
832,14,160,,,100,37000,,60,22200,,,
832,15,75,,,50,6500,,25,3250,,,
832,17,2,,,2,6000,,,,,,
832,19,500,,,500,30000,,,,,,
833,1,600,,,600,120000,,,,,,
833,2,70,,,60,180000,,10,30000,,,
833,7,500,,,500,100000,,,,,,
833,8,400,220,330000,140,210000,20,20,30000,2,,
833,10,450,,,450,135000,,,,,,
833,11,15,,,12,30000,,3,7500,,,
833,12,60,10,20000,40,80000,,10,20000,2,,
833,14,180,,,120,36000,,60,18000,,,
833,15,90,,,55,7150,,35,4550,,,
833,17,4,,,4,12000,,,,,,
833,19,900,100,6000,800,48000,,,,2,,
834,1,560,,,560,112000,,,,,,
834,2,20,,,20,60000,,,,,,
834,7,300,,,300,60000,,,,,,
834,8,95,,,85,127500,,10,15000,,,
834,10,350,,,350,105000,,,,,,
834,12,25,,,20,40000,,5,10000,,,
834,14,210,,,120,48000,,90,36000,,,
834,15,50,,,30,3900,,20,2600,,,
834,19,500,,,500,30000,,,,,,
835,1,450,,,450,90500,,,,,,
835,2,30,,,20,60000,,10,30000,,,
835,7,300,,,300,75000,,,,,,
835,8,100,,,80,120000,,20,30000,,,
835,10,400,,,400,120000,,,,,,
835,11,5,,,5,12500,,,,,,
835,12,10,,,10,20000,,,,,,
835,14,260,,,160,64000,,100,40000,,,
835,15,75,,,45,5850,,30,3900,,,
835,19,350,,,350,21000,,,,,,
836,1,300,,,300,60000,,,,,,
836,7,200,,,200,40000,,,,,,
836,8,115,55,82500,50,75000,,10,15000,2,,
836,10,400,,,400,120000,,,,,,
836,14,160,,,110,33000,,50,15000,,,
836,15,55,,,35,4550,,20,2600,,,
836,17,5,,,3,9000,,2,6000,,,
836,19,1100,600,36000,500,30000,,,,2,,
837,1,700,,,700,161000,,,,,,
837,2,50,,,30,90000,,20,60000,,,
837,7,400,,,400,100000,,,,,,
837,8,190,,,150,225000,10,30,45000,,,
837,10,650,,,650,195000,,,,,,
837,11,15,,,15,37500,,,,,,
837,14,270,,,170,64600,,100,38000,,,
837,15,140,,,80,10400,,60,7800,,,
837,19,700,,,700,42000,,,,,,
838,1,730,,,730,153300,,,,,,
838,7,400,,,400,100000,,,,,,
838,8,80,,,50,75000,,30,45000,,,
838,9,15,,,15,22000,,,,,,
838,10,400,,,400,100000,,,,,,
838,12,30,,,17,30600,,13,23400,,,
838,14,250,,,190,46360,,60,14640,,,
838,15,270,,,160,20000,,110,13750,,,
838,19,680,,,680,40800,,,,,,
839,1,876,,,876,183960,,,,,,
839,7,450,,,450,112500,,,,,,
839,8,85,,,40,60000,,45,67500,,,
839,9,10,,,10,14000,,,,,,
839,10,200,,,200,50000,,,,,,
839,11,10,,,10,27000,,,,,,
839,12,15,,,10,15000,,5,7500,,,
839,14,240,,,170,40460,,70,16660,,,
839,15,265,,,145,16675,,120,13800,,,
839,19,850,,,850,51000,,,,,,
840,1,730,,,730,153300,,,,,,
840,7,400,,,400,100000,,,,,,
840,8,75,,,45,67500,,30,45000,,,
840,9,15,,,15,22000,,,,,,
840,10,350,,,350,87500,,,,,,
840,11,36,,,36,90000,,,,,,
840,12,10,,,5,7500,,5,7500,,,
840,14,170,,,80,18400,,90,20700,,,
840,15,160,,,70,9450,,90,12150,,,
840,19,600,,,600,30000,,,,,,
841,1,950,,,950,199500,,,,,,
841,7,1500,1000,250000,500,125000,,,,2,4,6
841,8,360,160,240000,100,150000,,100,150000,2,4,
841,9,30,,,30,45000,,,,,,
841,10,700,200,50000,500,125000,,,,2,4,6
841,12,15,,,7,10500,,8,12000,,,
841,14,270,,,170,40460,,100,23800,,,
841,15,190,,,100,11700,,90,10530,,,
841,19,750,,,750,45000,,,,,,
842,1,365,,,365,76650,,,,,,
842,7,300,,,300,75000,,,,,,
842,8,69,,,40,60000,,29,43500,,,
842,9,15,,,15,25000,,,,,,
842,10,300,,,300,75000,,,,,,
842,12,15,,,15,22500,,,,,,
842,14,165,,,100,23200,,65,15080,,,
842,15,200,,,140,16800,,60,7200,,,
842,19,750,,,750,45000,,,,,,
843,1,657,,,657,137970,,,,,,
843,7,350,,,350,87500,,,,,,
843,8,85,,,55,82500,,30,45000,,,
843,9,13,,,13,20000,,,,,,
843,10,350,,,350,87500,,,,,,
843,11,20,,,20,54000,,,,,,
843,12,16,,,10,15000,,6,9000,,,
843,14,210,,,140,34300,,70,17150,,,
843,15,250,,,150,19500,,100,13000,,,
843,19,1100,,,1100,55000,,,,,,
844,1,730,,,730,153300,,,,,,
844,7,400,,,400,100000,,,,,,
844,8,220,100,150000,40,60000,10,70,105000,4,,
844,9,16,,,16,24000,,,,,,
844,10,400,,,400,100000,,,,,,
844,14,200,,,160,38720,,40,9680,,,
844,15,170,,,130,15080,,40,4640,,,
844,19,340,,,340,17000,,,,,,
845,1,365,,,365,76650,,,,,,
845,14,200,,,150,35700,,50,11900,,,
845,15,120,,,60,6600,,60,6600,,,
845,19,780,,,780,39000,,,,,,
846,1,840,,,840,176400,,,,,,
846,7,300,,,300,75000,,,,,,
846,8,110,,,60,90000,,50,75000,,,
846,9,30,,,30,45000,,,,,,
846,10,200,,,200,50000,,,,,,
846,11,15,,,15,40500,,,,,,
846,12,20,,,15,22500,,5,7500,,,
846,14,270,,,190,47690,,80,20080,,,
846,15,240,,,170,20230,,70,8330,,,
846,19,620,,,620,37200,,,,,,
847,1,720,,,716,157520,,4,880,,,
847,12,50,,,35,70000,5,10,20000,,,
847,13,30,,,27,27000,3,,,,,
847,14,310,,,180,38000,,130,28000,,,
847,15,100,,,50,10000,,50,10000,,,
847,16,12,,,12,16000,,,,,,
847,19,900,300,18000,530,31800,70,,,6,,
848,1,720,,,710,156200,,10,2200,,,
848,7,150,30,7500,100,25000,20,,,2,,
848,8,200,100,150000,100,150000,,,,2,,
848,10,130,40,24000,80,23500,10,,,2,,
848,11,30,,,17,42500,3,10,25000,,,
848,12,50,,,25,50000,5,20,40000,,,
848,13,70,,,30,30000,10,30,30000,,,
848,14,190,,,100,24000,,90,22000,,,
848,15,150,,,90,18000,,60,12000,,,
848,16,10,,,10,14000,,,,,,
848,19,1000,300,18000,650,39000,50,,,6,,
849,1,720,,,715,157300,,5,1100,,,
849,7,120,,,100,25000,20,,,,,
849,8,60,,,40,60000,10,10,15000,,,
849,9,2,,,2,3000,,,,,,
849,10,160,,,150,37500,10,,,,,
849,11,5,,,3,7500,,2,5000,,,
849,12,30,,,15,30000,5,10,20000,,,
849,13,50,,,25,25000,5,20,20000,,,
849,14,205,,,110,24500,,95,23500,,,
849,15,80,,,45,9000,,35,7000,,,
849,16,10,,,10,14000,,,,,,
849,17,25,,,10,35000,8,7,24500,,,
849,19,1500,500,30000,800,48000,200,,,6,,
850,1,300,,,298,65560,,2,440,,,
850,14,115,,,57,13400,,58,13600,,,
850,15,40,,,20,4000,,20,4000,,,
850,16,5,,,5,7000,,,,,,
851,12,30,,,15,30000,5,10,20000,,,
851,13,50,,,20,20000,10,20,20000,,,
851,14,160,,,85,22000,,75,20000,,,
851,15,70,,,30,6000,,40,8000,,,
851,16,15,,,15,21000,,,,,,
851,17,23,,,8,28000,5,10,35000,,,
851,19,1500,500,30000,900,54000,100,,,6,,
852,1,720,,,715,157300,,5,1100,,,
852,12,20,,,20,20000,,,,,,
852,14,170,,,95,21000,,75,17000,,,
852,15,100,,,60,12000,,40,8000,,,
852,16,15,,,15,21000,,,,,,
853,1,720,,,715,157300,,5,1100,,,
853,7,135,20,5000,100,25000,15,,,2,,
853,8,100,40,60000,35,52500,5,20,30000,2,,
853,9,5,,,5,7500,,,,,,
853,10,95,,,90,22500,5,,,,,
853,11,20,,,15,37500,,5,12500,,,
853,12,30,5,10000,12,24000,3,10,20000,2,,
853,13,50,10,10000,20,20000,10,10,10000,2,,
853,14,230,,,120,28000,,110,26000,,,
853,15,100,,,50,10000,,50,10000,,,
853,16,7,,,7,8000,,,,,,
853,19,600,100,6000,470,28200,30,,,6,,
854,1,720,,,714,157080,,6,1320,,,
854,7,120,,,100,25000,20,,,,,
854,8,50,,,25,37500,15,10,15000,,,
854,10,100,,,90,22500,10,,,,,
854,12,40,,,25,50000,5,10,20000,,,
854,13,30,,,20,20000,5,5,5000,,,
854,14,315,,,184,38400,25,106,23600,,,
854,15,100,,,50,10000,10,40,8000,,,
854,17,4,,,2,7000,1,1,3500,,,
854,19,650,100,6000,450,27000,100,,,6,,
855,1,360,,,357,78540,,3,660,,,
855,7,80,,,70,17500,10,,,,,
855,8,35,,,15,22500,5,15,22500,,,
855,10,85,,,80,20000,5,,,,,
855,11,15,,,8,20000,2,5,12500,,,
855,12,70,,,35,70000,5,30,60000,,,
855,13,80,,,40,40000,10,30,30000,,,
855,14,340,,,137,33700,,203,49300,,,
855,15,50,,,20,4000,,30,6000,,,
855,16,5,,,5,6000,,,,,,
855,17,8,,,3,10500,2,3,10500,,,
855,19,1000,500,30000,450,27000,50,,,6,,
856,1,360,,,360,75600,,,,,,
856,14,113,,,55,14355,,58,15138,,,
856,15,75,,,50,6650,,25,3325,,,
856,16,15,,,15,19500,,,,,,
856,19,720,,,720,43200,,,,,,
857,1,150,,,150,31500,,,,,,
857,14,125,,,50,10600,,75,15900,,,
857,15,60,,,30,3750,,30,3750,,,
857,16,7,,,7,10500,,,,,,
858,1,150,,,150,31500,,,,,,
858,14,38,,,18,4032,,20,4480,,,
858,15,45,,,23,3059,,22,2926,,,
858,16,6,,,6,9000,,,,,,
859,1,300,,,300,63000,,,,,,
859,14,131,,,50,12400,,81,20088,,,
859,15,120,,,65,7865,,55,6655,,,
859,16,10,,,10,14000,,,,,,
859,17,15,,,5,17500,3,7,24500,,,
859,19,750,200,12000,500,30000,50,,,2,,
860,14,90,,,60,18000,,30,9000,,,
860,15,170,,,80,8240,,90,9270,,,
860,16,10,,,10,15000,,,,,,
861,1,300,,,300,63000,,,,,,
861,14,120,,,70,14000,,50,10000,,,
861,15,90,,,60,7020,,30,3510,,,
861,16,20,,,20,24000,,,,,,
862,1,180,,,180,37800,,,,,,
862,14,108,,,62,16492,,46,12236,,,
862,15,50,,,30,3660,,20,2440,,,
863,1,480,,,480,100800,,,,,,
863,14,102,,,70,19530,,32,8928,,,
863,15,110,,,60,6300,,50,5250,,,
863,16,6,,,6,7800,,,,,,
864,14,58,,,30,9300,,28,8680,,,
864,15,80,,,40,4480,,40,4480,,,
864,16,6,,,6,9000,,,,,,
867,14,5,,,5,2500,,,,,,
868,14,7,,,6,3000,,1,500,,,
869,14,10,,,6,4200,,4,2800,,,
871,14,6,,,5,2500,,1,500,,,
872,14,12,,,11,7000,,1,800,,,
873,14,8,,,6,2400,,2,1500,,,
875,15,25,,,25,3000,,,,,,
875,16,14,,,14,12800,,,,,,
876,15,25,,,25,3000,,,,,,
876,16,12,,,12,9600,,,,,,
877,14,15,,,13,3900,,2,600,,,
877,15,40,,,40,4800,,,,,,
877,16,30,,,30,27000,,,,,,
878,14,7,,,7,2800,,,,,,
878,15,30,,,30,3600,,,,,,
878,16,18,,,18,18000,,,,,,
880,14,45,,,45,7200,,,,,,
880,15,35,,,30,3600,5,,,,,
880,16,30,,,30,24000,,,,,,
881,14,15,,,15,2000,,,,,,
881,15,40,,,40,4800,,,,,,
881,16,25,,,25,25000,,,,,,
882,14,20,,,20,2400,,,,,,
882,15,25,,,25,3000,,,,,,
883,14,30,,,25,7500,,5,1250,,,
884,14,40,,,34,10200,,6,1800,,,
886,14,2,,,2,3000,,,,,,
887,14,30,,,15,2250,,15,2250,,,
888,14,90,,,80,12000,,10,1500,,,
890,14,60,,,50,15000,,10,3000,,,
891,14,60,,,50,5000,,10,3000,,,
892,14,100,,,90,27000,,10,3000,,,
892,15,100,,,80,16000,,20,4000,,,
893,14,80,,,75,30000,,5,2000,,,
893,15,30,,,25,5000,,5,1000,,,
898,14,100,,,70,17000,,30,18000,,,
898,15,40,,,10,2000,,30,6000,,,
899,14,100,,,80,20000,,20,5000,,,
899,15,100,,,80,20000,,20,5000,,,
901,14,30,,,20,6500,,10,3250,,,
901,15,30,,,15,8500,,15,8500,,,
902,14,25,,,15,13000,,10,8700,,,
902,15,30,,,15,3000,,15,3000,,,
904,14,80,,,70,10000,,10,6000,,,
904,15,20,,,20,5500,,,,,,
905,14,100,,,60,8400,,40,6000,,,
905,15,30,,,20,5000,,10,2500,,,
906,14,90,,,60,9000,,30,4500,,,
906,15,25,,,20,6000,,5,1500,,,
906,20,10,,,6,3000,,4,2000,,,
907,14,100,,,60,8000,,40,5000,,,
907,15,30,,,20,5000,,10,2500,,,
909,14,65,,,50,9000,,15,3000,,,
909,15,15,,,10,3000,,5,1500,,,
910,14,12,,,6,3600,,6,3600,,,
910,15,25,,,18,4500,,7,1750,,,
910,16,10,,,10,17000,,,,,,
910,20,50,,,40,16000,,10,4000,,,
911,14,30,,,15,9000,,15,9000,,,
911,15,20,,,13,3250,,7,1750,,,
911,16,15,,,15,27000,,,,,,
911,20,15,,,15,6000,,,,,,
912,15,24,,,17,5100,,7,2100,,,
913,14,20,,,15,9000,,5,3000,,,
913,15,15,,,10,2500,,5,1250,,,
913,16,45,,,45,81000,,,,,,
914,14,20,,,15,9000,,5,3000,,,
914,15,65,,,45,11250,,20,5000,,,
914,20,10,,,10,4000,,,,,,
915,14,90,,,90,54000,,,,,,
915,15,35,,,20,5000,,15,3750,,,
915,16,25,,,25,42500,,,,,,
916,16,25,,,25,42500,,,,,,
917,14,30,,,20,12000,,10,6000,,,
917,16,30,,,30,51000,,,,,,
919,1,720,,,720,144000,,,,,,
919,15,105,,,95,19000,,10,4000,,,
920,14,30,,,30,6000,,,,,,
920,15,112,,,109,21800,,3,600,,,
922,14,210,,,196,36200,,14,3800,,,
922,15,70,,,66,13200,,4,800,,,
923,15,10,,,10,2000,,,,,,
924,14,5,,,4,2800,,1,700,,,
924,15,50,,,47,9400,,3,600,,,
925,1,720,,,720,151200,,,,,,
925,14,75,,,72,18100,,3,2100,,,
925,15,80,,,78,15600,,2,200,,,
926,14,5,,,3,2100,,2,1400,,,
926,15,69,,,62,12400,,7,1400,,,
927,14,54,,,49,22300,,5,3500,,,
927,15,124,,,116,23200,,8,1600,,,
928,1,360,,,360,72000,,,,,,
931,14,60,,,60,12000,,,,,,
931,15,90,,,90,18000,,,,,,
936,1,132,,,132,26400,,,,,,
937,14,54,,,35,7500,,19,4600,,,
937,15,30,,,15,4500,,15,4500,,,
938,14,18,,,12,1800,,6,900,,,
938,15,30,,,23,6200,,7,1800,,,
938,20,10,,,7,700,,3,300,,,
939,14,60,,,45,6800,,15,2200,,,
940,14,135,,,99,20700,,36,9300,,,
940,15,50,,,35,11000,,15,3000,,,
940,20,30,,,25,3300,,5,700,,,
942,14,141,,,74,15300,,67,13900,,,
942,20,30,,,20,2600,,10,1300,,,
946,14,10,,,8,2400,,2,600,,,
946,15,27,,,20,9000,,7,1400,,,
947,1,600,,,600,126000,,,,,,
947,14,5,,,5,2500,,,,,,
947,15,12,,,7,1400,,5,1000,,,
948,1,680,,,680,145000,,,,,,
948,14,7,,,2,880,,5,2200,,,
948,15,25,,,15,3000,,10,2000,,,
949,14,13,,,10,2800,,3,840,,,
949,15,15,,,11,2200,,4,880,,,
950,14,20,,,19,4180,,1,220,,,
950,15,30,,,20,4000,,10,2000,,,
951,1,600,,,600,126000,,,,,,
951,14,20,,,20,6000,,,,,,
951,15,40,,,28,5000,,12,2950,,,
952,1,600,,,600,126000,,,,,,
952,14,150,,,100,25000,,50,12500,,,
952,15,150,,,120,24000,,30,6000,,,
953,7,2400,2300,542000,100,35000,,,,2,3,
953,8,120,100,150000,15,22500,,5,7500,2,3,
953,10,600,300,90000,300,90000,,,,2,3,
953,11,14,,,2,5000,,12,30000,,,
953,19,1500,,,1500,120000,,,,,,
954,1,540,,,540,113600,,,,,,
954,7,10500,10250,1675000,250,75000,,,,1,4,5
954,8,40,,,39,58250,,1,1500,,,
954,10,250,,,250,75000,,,,,,
954,19,1200,300,24000,900,72000,,,,2,,
955,14,50,,,30,6000,,20,4000,,,
957,15,10,,,7,1050,,3,450,,,
958,14,30,,,20,6000,,10,4500,,,
959,14,25,,,20,8000,,5,2000,,,
959,15,30,,,25,7500,,5,1500,,,
963,14,15,,,10,2000,,5,1000,,,
966,14,10,,,,,,10,6000,,,
968,14,45,,,20,10000,,25,12500,,,
968,15,10,,,5,3000,,5,3000,,,
973,14,40,,,40,20000,,,,,,
973,15,60,,,60,20000,,,,,,
974,14,30,,,30,15000,,,,,,
974,15,30,,,30,10000,,,,,,
975,14,30,,,30,15000,,,,,,
975,15,30,,,30,10000,,,,,,
976,14,20,,,20,10000,,,,,,
976,15,30,,,30,9000,,,,,,
977,14,10,,,10,8000,,,,,,
977,15,20,,,20,6000,,,,,,
980,14,20,,,20,10000,,,,,,
980,15,30,,,30,9000,,,,,,
981,14,30,,,30,15000,,,,,,
981,15,30,,,30,9000,,,,,,
982,14,150,,,100,33000,,50,16500,,,
982,15,90,,,60,12000,,30,6000,,,
983,14,130,,,90,29700,,40,13200,,,
983,15,100,,,70,14000,,30,6000,,,
984,14,110,,,80,26400,,30,9900,,,
984,15,70,,,50,20000,,20,4000,,,
985,1,800,,,740,148000,,60,12000,,,
985,7,500,350,91000,150,37500,,,,2,3,
985,8,60,,,35,59500,5,20,34000,,,
985,9,20,,,20,20000,,,,,,
985,10,300,60,18000,220,55000,20,,,2,3,
985,11,20,,,20,60000,,,,,,
985,12,15,,,10,12000,,5,6000,,,
985,13,20,,,20,16000,,,,,,
985,14,160,,,120,39600,,40,13200,,,
985,15,120,,,80,16000,,40,8000,,,
985,16,15,,,13,7800,,2,1200,,,
985,19,1300,660,52800,600,42000,40,,,2,6,7
986,1,720,,,670,147400,,50,10000,,,
986,7,2000,1750,350000,220,55000,30,,,3,6,
986,8,60,,,35,59500,5,20,34000,,,
986,9,6,,,6,6000,,,,,,
986,10,300,80,24000,200,54000,20,,,3,,
986,11,15,,,15,45000,,,,,,
986,12,20,,,12,14400,,8,9600,,,
986,13,25,,,20,20000,,5,5000,,,
986,14,200,10,50000,150,49500,,40,13200,3,7,
986,15,110,,,80,16000,,30,6000,,,
986,16,14,,,12,9600,,2,1600,,,
986,19,1200,700,56000,500,40000,,,,2,3,6
987,1,540,,,500,108000,,40,8000,,,
987,7,700,515,150000,170,42500,15,,,2,3,
987,8,50,,,40,60000,,10,15000,,,
987,9,2,,,2,2000,,,,,,
987,10,270,70,21000,200,54000,,,,2,3,
987,11,15,,,15,45000,,,,,,
987,12,15,,,10,12000,,5,6000,,,
987,13,10,,,10,10000,,,,,,
987,14,170,,,130,42900,,40,13200,,,
987,15,80,,,50,10000,,30,6000,,,
987,16,10,,,10,8000,,,,,,
987,19,900,380,30000,500,40000,20,,,2,3,6
989,1,580,,,540,111000,,40,8000,,,
989,14,180,20,40000,130,42900,,30,9900,,,
989,15,110,,,80,16000,,30,6000,,,
989,16,8,,,8,5600,,,,,,
990,1,576,,,526,105200,,50,10000,,,
990,14,150,,,120,39600,,30,9900,,,
990,15,90,,,60,12000,,30,6000,,,
990,16,9,,,9,6300,,,,,,
991,14,140,,,70,23100,,70,23100,,,
991,15,60,,,30,5100,,30,5100,,,
992,14,160,,,80,26400,,80,26400,,,
992,15,100,,,50,8500,,50,8500,,,
993,14,140,,,70,23100,,70,23100,,,
993,15,60,,,30,5100,,30,5100,,,
994,14,200,,,100,33000,,100,33000,,,
994,15,80,,,40,6800,,40,6800,,,
995,14,120,,,60,19800,,60,19800,,,
995,15,60,,,30,5100,,30,5100,,,
996,14,160,,,80,26400,,80,26400,,,
996,15,60,,,30,5100,,30,5100,,,
997,14,160,,,70,23100,20,70,23100,,,
997,15,70,,,35,5950,,35,5950,,,
998,14,140,,,70,23100,,70,23100,,,
998,15,70,,,35,5950,,35,5950,,,
999,14,180,,,90,29700,,90,29700,,,
999,15,80,,,40,6800,,40,6800,,,
1000,1,140,,,130,29000,,10,2160,,,
1000,14,60,,,30,9900,,30,9900,,,
1000,15,40,,,20,3400,,20,3400,,,
1001,1,140,,,130,28500,,10,2200,,,
1001,14,80,,,40,13200,,40,13200,,,
1001,15,40,,,20,3400,,20,3400,,,
1002,1,410,,,400,88000,,10,2200,,,
1002,14,180,,,90,29700,,90,29700,,,
1002,15,100,,,50,8500,,50,8500,,,
1002,19,990,490,39200,500,40000,,,,2,6,
1003,1,350,,,340,75000,,10,2200,,,
1003,14,160,,,80,26400,,80,26400,,,
1003,15,80,,,40,6800,,40,6800,,,
1003,19,1000,550,38500,450,31500,,,,2,3,6
1004,1,570,,,555,94500,,15,2600,,,
1004,7,600,300,60000,300,60000,,,,2,6,5
1004,8,100,35,59500,50,85000,,15,25500,2,3,6
1004,9,25,10,10000,15,15000,,,,2,6,7
1004,10,600,300,75000,300,75000,,,,2,3,6
1004,11,43,5,15000,28,84000,,10,30000,2,,
1004,14,180,,,90,29700,,90,29700,,,
1004,15,80,,,40,6800,,40,6800,,,
1004,19,1200,600,45000,600,45000,,,,2,6,7
1005,1,700,,,680,116000,,20,3400,,,
1005,7,500,250,50000,250,50000,,,,2,5,6
1005,8,98,33,56100,51,86700,4,10,17000,2,3,4
1005,9,26,13,13000,13,13000,,,,2,,
1005,10,600,300,75000,300,75000,,,,2,3,6
1005,11,48,7,21000,36,108000,,5,15000,2,,
1005,14,180,,,90,29700,,90,29700,,,
1005,15,100,,,50,8500,,50,8500,,,
1005,19,1200,600,48000,500,40000,100,,,2,6,7
1006,1,700,,,685,116700,,15,2600,,,
1006,7,700,400,80000,300,60000,,,,3,5,6
1006,8,110,45,76500,52,88400,,13,22100,2,3,6
1006,9,30,15,15000,15,15000,,,,2,,
1006,10,700,350,87500,350,87500,,,,2,3,4
1006,11,50,10,30000,30,90000,,10,30000,2,6,
1006,14,200,,,100,33000,,100,33000,,,
1006,15,100,,,50,8500,,50,8500,,,
1006,19,1400,800,60000,600,45000,,,,2,3,6
1007,1,270,,,250,56500,,20,4500,,,
1007,14,120,,,60,19800,,60,19800,,,
1007,15,60,,,30,5100,,30,5100,,,
1008,1,280,,,270,62500,,10,2300,,,
1008,14,140,,,70,23100,,70,23100,,,
1008,15,40,,,20,3400,,20,3400,,,
1009,1,460,,,420,84000,,40,8000,,,
1009,14,60,,,51,17650,,9,4350,,,
1009,15,15,,,10,2500,,5,1250,,,
1009,16,30,,,30,24000,,,,,,
1009,19,1800,1150,80500,650,45500,,,,1,,
1010,1,1000,,,1000,200000,,,,,,
1010,14,210,,,195,89250,,15,5250,,,
1010,15,40,,,35,8750,,5,1250,,,
1010,16,35,,,35,28000,,,,,,
1011,2,30,,,30,120000,,,,,,
1011,14,155,,,125,60750,,30,14500,,,
1011,15,40,,,20,5000,,20,5000,,,
1011,19,2400,2130,149100,270,18900,,,,2,,
1012,1,505,,,460,92000,,45,9000,,,
1012,14,200,,,160,88000,,40,19000,,,
1012,15,18,,,14,3500,,4,2200,,,
1012,19,1440,,,1440,100800,,,,,,
1013,14,10,,,9,4350,,1,150,,,
1013,16,20,,,20,16000,,,,,,
1014,1,462,,,462,92400,,,,,,
1014,14,50,,,50,17500,,,,,,
1014,15,20,,,15,3750,,5,1250,,,
1015,14,22,,,19,2850,,3,450,,,
1016,16,25,,,25,20000,,,,,,
1017,1,630,,,600,120000,,30,6000,,,
1017,7,600,500,125000,100,25000,,,,2,,
1017,8,140,90,144000,50,80000,,,,3,2,
1017,10,400,300,75000,100,25000,,,,2,,
1017,14,200,,,150,32500,,50,11900,,,
1017,15,50,,,30,7500,,20,5000,,,
1017,16,25,,,25,20000,,,,,,
1017,19,2400,,,2400,168000,,,,,,
1018,14,70,,,60,21000,,10,3500,,,
1018,15,60,,,50,10000,,10,2000,,,
1019,14,40,,,40,10000,,,,,,
1019,15,20,,,20,4600,,,,,,
1020,1,600,,,600,132000,,,,,,
1020,14,100,,,70,21000,,30,9000,,,
1020,15,100,,,80,16000,,20,5000,,,
1020,16,20,,,20,28000,,,,,,
1021,1,300,,,300,66000,,,,,,
1021,14,50,,,50,15000,,,,,,
1021,15,30,,,30,6900,,,,,,
1022,14,80,,,60,18000,,20,4000,,,
1022,15,70,,,50,11000,,20,4000,,,
1023,1,200,,,200,41600,,,,,,
1023,14,70,,,70,17500,,,,,,
1023,15,60,,,60,12000,,,,,,
1024,14,150,,,120,30000,,30,10500,,,
1024,15,100,,,80,16000,,20,4600,,,
1024,16,50,,,50,60000,,,,,,
1024,19,960,,,960,57600,,,,,,
1025,14,30,,,30,10500,,,,,,
1025,15,20,,,20,4000,,,,,,
1026,14,40,,,40,10000,,,,,,
1026,15,20,,,20,4600,,,,,,
1027,14,101,,,98,19930,,3,390,,,
1027,15,56,,,52,13660,,4,940,,,
1029,14,9,,,9,6500,,,,,,
1029,15,14,,,14,6750,,,,,,
1030,15,87,,,82,23700,,5,1770,,,
1031,1,150,,,150,34000,,,,,,
1032,1,300,,,300,68000,,,,,,
1032,14,97,,,97,18140,,,,,,
1032,15,89,,,83,21400,,6,3900,,,
1034,1,300,,,300,68000,,,,,,
1036,14,40,,,30,15000,,10,5000,,,
1036,15,30,,,20,9000,,10,4500,,,
1036,16,10,,,10,8000,,,,,,
1037,14,15,,,15,7500,,,,,,
1037,14,15,,,15,7500,,,,,,
1037,15,20,,,20,9000,,,,,,
1037,15,20,,,20,9000,,,,,,
1040,14,20,,,20,10000,,,,,,
1040,14,20,,,20,10000,,,,,,
1040,15,20,,,10,4500,,10,4500,,,
1040,15,20,,,10,4500,,10,4500,,,
1040,16,10,,,10,7000,,,,,,
1040,16,10,,,10,7000,,,,,,
1041,1,440,,,440,100320,,,,,,
1041,1,440,,,440,100320,,,,,,
1041,14,20,,,15,7500,,5,2500,,,
1041,14,20,,,15,7500,,5,2500,,,
1041,15,30,,,15,6750,,15,6750,,,
1041,15,30,,,15,6750,,15,6750,,,
1041,16,10,,,10,8000,,,,,,
1041,16,10,,,10,8000,,,,,,
1042,1,300,,,300,66000,,,,,,
1042,1,300,,,300,66000,,,,,,
1042,14,20,,,20,10000,,,,,,
1042,14,20,,,20,10000,,,,,,
1042,15,20,,,10,4500,,10,4500,,,
1042,15,20,,,10,4500,,10,4500,,,
1044,14,20,,,15,7500,,5,2500,,,
1044,14,20,,,15,7500,,5,2500,,,
1044,16,5,,,5,4000,,,,,,
1044,16,5,,,5,4000,,,,,,
1045,14,80,,,65,26000,,15,6000,,,
1045,15,40,,,30,4500,,10,1500,,,
1046,14,80,,,50,20000,,30,12000,,,
1046,15,35,,,25,5250,,10,1500,,,
1047,14,25,,,12,4800,,13,5200,,,
1047,15,15,,,8,1200,,7,1050,,,
1048,14,100,,,80,32000,,20,8000,,,
1048,15,45,,,30,4500,,15,2250,,,
1051,14,75,,,64,25600,,11,4400,,,
1051,15,30,,,20,3000,,10,1500,,,
1052,14,50,,,35,14000,,15,6000,,,
1052,15,25,,,15,2250,,10,1500,,,
1054,1,375,,,375,75000,,,,,,
1054,14,49,,,28,11200,,21,8400,,,
1054,15,52,,,34,5100,,18,2700,,,
1055,1,465,,,465,98000,,,,,,
1055,14,62,,,44,17600,,18,7200,,,
1055,15,63,,,47,7050,,16,2400,,,
1056,1,228,,,228,47800,,,,,,
1056,14,46,,,26,10400,,20,8000,,,
1056,15,38,,,21,3150,,17,2550,,,
1057,1,670,,,670,140700,,,,,,
1057,7,300,218,61040,82,22960,,,,2,,
1057,8,230,190,323000,32,54400,,8,13600,2,4,
1057,10,350,150,45000,200,60000,,,,2,,
1057,11,100,76,167200,20,44000,,4,8800,2,,
1057,14,50,,,31,12400,,19,7600,,,
1057,15,52,,,36,5400,,16,2400,,,
1057,19,1200,300,24000,900,72000,,,,2,,
1059,1,448,,,448,94080,,,,,,
1059,14,47,,,39,15600,,8,3200,,,
1059,15,49,,,43,6450,,6,900,,,
1060,1,350,,,350,73500,,,,,,
1060,14,58,,,38,15200,,20,8000,,,
1060,15,63,,,47,7050,,16,2400,,,
1061,1,380,,,380,79800,,,,,,
1061,14,48,,,42,16800,,6,2400,,,
1061,15,56,,,39,5850,,17,2550,,,
1062,1,385,,,385,81000,,,,,,
1062,14,42,,,34,13600,,8,3200,,,
1062,15,49,,,39,5850,,10,1500,,,
1063,1,350,,,350,77000,,,,,,
1063,14,80,,,50,17500,,30,10500,,,
1063,15,50,,,40,8000,,10,2000,,,
1063,16,10,,,10,10000,,,,,,
1064,1,250,,,250,52500,,,,,,
1064,14,80,,,60,21000,,20,7000,,,
1064,15,70,,,50,12500,,20,5000,,,
1064,16,10,,,10,10000,,,,,,
1065,1,700,,,700,147000,,,,,,
1065,14,110,,,90,31500,,20,7000,,,
1065,15,70,,,60,15000,,10,2500,,,
1065,19,1300,,,1300,97500,,,,,,
1066,1,600,,,600,126000,,,,,,
1066,14,95,,,80,28000,,15,5300,,,
1066,15,70,,,60,15000,,10,2500,,,
1066,16,20,,,20,20000,,,,,,
1066,19,1100,,,1100,82500,,,,,,
1067,1,750,,,750,157000,,,,,,
1067,14,110,,,100,35000,,10,3500,,,
1067,15,100,,,80,20000,,20,5000,,,
1067,16,18,,,18,18000,,,,,,
1067,19,1200,,,1200,90000,,,,,,
1068,1,700,,,700,147000,,,,,,
1068,7,700,300,75000,400,100000,,,,2,,
1068,8,80,,,80,120000,,,,,,
1068,10,500,,,500,125000,,,,,,
1068,14,70,,,60,21000,,10,3500,,,
1068,15,90,,,80,20000,,10,2500,,,
1068,16,20,,,20,20000,,,,,,
1068,19,1000,,,1000,75000,,,,,,
1069,1,200,,,200,42000,,,,,,
1069,14,40,,,30,11000,,10,3500,,,
1069,15,40,,,30,8000,,10,2500,,,
1070,1,300,,,300,63000,,,,,,
1070,14,100,,,90,31500,,10,3500,,,
1070,15,60,,,50,12500,,10,2500,,,
1070,16,10,,,10,10000,,,,,,
1070,19,2000,,,2000,150000,,,,,,
1071,1,800,,,800,168000,,,,,,
1071,14,145,,,130,50000,,15,5300,,,
1071,15,120,,,100,25000,,20,5000,,,
1071,16,25,,,25,25000,,,,,,
1071,19,3200,2000,150000,1200,90000,,,,2,,
1072,14,60,,,60,21000,,,,,,
1072,15,60,,,60,21000,,,,,,
1074,14,60,,,60,21000,,,,,,
1074,15,40,,,40,14000,,,,,,
1075,14,30,,,30,10500,,,,,,
1075,15,30,,,30,10500,,,,,,
1077,14,30,,,30,10500,,,,,,
1077,15,50,,,50,10500,,,,,,
1080,14,40,,,40,14000,,,,,,
1080,15,50,,,50,17500,,,,,,
1081,1,324,,,324,68040,,,,,,
1081,7,50,,,50,10000,,,,,,
1081,8,80,40,60000,20,30000,,20,30000,2,6,
1081,9,10,,,10,12000,,,,,,
1081,10,60,,,60,15000,,,,,,
1081,11,10,,,10,30000,,,,,,
1081,14,80,,,70,38500,,10,5000,,,
1081,15,60,,,40,8000,,20,4000,,,
1081,16,20,,,20,30000,,,,,,
1081,19,2500,1500,105000,1000,70000,,,,2,6,
1082,1,324,,,324,68040,,,,,,
1082,7,50,,,50,10000,,,,,,
1082,8,80,40,60000,20,30000,,20,30000,2,6,
1082,9,15,,,15,18000,,,,,,
1082,10,60,,,60,15000,,,,,,
1082,11,20,,,20,60000,,,,,,
1082,14,100,,,80,44000,,20,11000,,,
1082,15,80,,,70,14000,,10,2000,,,
1082,16,20,,,20,30000,,,,,,
1082,19,2500,1500,105000,1000,70000,,,,2,6,
1083,1,432,,,432,90720,,,,,,
1083,7,60,,,60,12000,,,,,,
1083,8,80,20,30000,30,45000,,30,45000,2,6,
1083,9,10,,,10,12000,,,,,,
1083,10,70,,,70,17500,,,,,,
1083,11,20,,,20,60000,,,,,,
1083,14,140,,,80,44000,,60,33000,,,
1083,15,60,,,40,8000,,20,4000,,,
1083,16,20,,,20,30000,,,,,,
1083,19,3000,2000,140000,1000,70000,,,,2,6,
1084,1,540,,,540,113400,,,,,,
1084,14,180,,,120,24000,,60,12000,,,
1084,15,100,,,70,38500,,30,16500,,,
1084,16,30,,,30,45000,,,,,,
1085,1,324,,,324,68040,,,,,,
1085,14,120,,,80,16000,,40,8000,,,
1085,15,70,,,50,27500,,20,11000,,,
1085,16,30,,,30,45000,,,,,,
1086,1,540,,,540,113400,,,,,,
1086,7,50,,,50,10000,,,,,,
1086,8,80,40,60000,30,45000,,10,15000,2,,
1086,9,10,,,10,12000,,,,,,
1086,10,80,,,80,20000,,,,,,
1086,11,20,,,20,60000,,,,,,
1086,14,160,,,100,55000,,60,33000,,,
1086,15,100,,,80,16000,,20,4000,,,
1086,16,20,,,20,30000,,,,,,
1086,19,2500,1000,70000,1500,105000,,,,2,6,
1087,1,864,,,864,181440,,,,,,
1087,7,100,,,100,20000,,,,,,
1087,8,80,,,60,90000,,20,30000,,,
1087,9,12,,,12,14400,,,,,,
1087,10,60,,,60,15000,,,,,,
1087,11,20,,,20,60000,,,,,,
1087,14,200,,,200,120000,,,,,,
1087,15,100,,,80,16000,,20,4000,,,
1087,16,40,,,40,60000,,,,,,
1087,19,2500,1000,70000,1500,105000,,,,2,6,
1088,1,432,,,432,90720,,,,,,
1088,7,60,,,60,12000,,,,,,
1088,8,80,40,60000,30,45000,,10,15000,2,6,
1088,9,10,,,10,12000,,,,,,
1088,10,60,,,60,15000,,,,,,
1088,11,30,10,30000,20,60000,,,,2,6,
1088,14,120,,,100,60000,,20,12000,,,
1088,15,80,,,60,12000,,20,4000,,,
1088,16,25,,,25,37500,,,,,,
1088,19,2500,1500,105000,1000,70000,,,,2,,
1089,1,648,,,648,136080,,,,,,
1089,7,100,,,100,20000,,,,,,
1089,8,70,20,30000,40,60000,,10,15000,6,,
1089,9,10,,,10,12000,,,,,,
1089,10,80,,,80,20000,,,,,,
1089,11,10,,,10,30000,,,,,,
1089,14,120,,,80,16000,,40,8000,,,
1089,15,80,,,70,38500,,10,5500,,,
1089,16,20,,,20,30000,,,,,,
1089,19,2500,1500,105000,1000,70000,,,,2,6,
1090,1,320,,,320,67000,,,,,,
1090,14,80,,,60,36000,,20,12000,,,
1090,15,50,,,30,6000,,20,4000,,,
1090,16,10,,,10,15000,,,,,,
1091,1,430,,,430,90000,,,,,,
1091,14,60,,,40,24000,,20,12000,,,
1091,15,30,,,20,4000,,10,2000,,,
1091,16,6,,,6,10000,,,,,,
1092,1,540,,,540,113000,,,,,,
1092,14,80,,,60,36000,,20,12000,,,
1092,15,40,,,30,6000,,10,2000,,,
1092,16,10,,,10,15000,,,,,,
1093,1,300,,,300,63000,,,,,,
1093,7,300,,,300,75000,,,,,,
1093,8,80,40,60000,30,45000,,10,15000,2,4,
1093,10,300,,,300,90000,,,,,,
1093,11,5,,,5,12500,,,,,,
1093,14,40,,,30,18000,,10,6000,,,
1093,15,20,,,10,2000,,10,2000,,,
1093,16,5,,,5,8000,,,,,,
1094,14,60,,,20,12000,30,10,6000,,,
1094,15,40,,,10,2000,20,10,2000,,,
1094,16,5,,,5,8000,,,,,,
1095,1,540,,,540,113000,,,,,,
1095,14,70,,,50,30000,,20,12000,,,
1095,15,30,,,20,4000,,10,2000,,,
1095,16,10,,,10,15000,,,,,,
1097,1,540,,,540,113000,,,,,,
1097,14,60,,,40,24000,,20,12000,,,
1097,15,30,,,20,4000,,10,2000,,,
1097,16,5,,,5,8000,,,,,,
1098,1,430,,,430,90000,,,,,,
1098,7,250,,,250,62500,,,,,,
1098,8,80,40,60000,30,45000,,10,15000,2,6,
1098,9,5,,,5,6000,,,,,,
1098,10,300,,,300,90000,,,,,,
1098,14,50,,,30,18000,,20,12000,,,
1098,15,30,,,20,4000,,10,2000,,,
1098,16,6,,,6,10000,,,,,,
1098,19,500,,,500,25000,,,,,,
1099,1,756,,,756,154980,,,,,,
1099,7,460,,,460,92000,,,,,,
1099,8,40,,,40,60000,,,,,,
1099,10,100,,,100,25000,,,,,,
1099,14,70,,,60,27000,,10,4500,,,
1099,15,40,,,20,7000,,20,4000,,,
1099,16,13,,,13,13000,,,,,,
1099,19,200,,,200,10000,,,,,,
1100,1,540,,,540,110700,,,,,,
1100,7,260,,,260,39000,,,,,,
1100,8,40,,,35,52500,,5,7500,,,
1100,10,300,,,300,75000,,,,,,
1100,14,40,,,30,10500,,10,4500,,,
1100,15,60,,,40,12000,,20,6000,,,
1100,19,1500,1000,60000,500,30000,,,,2,4,6
1101,1,432,,,432,86400,,,,,,
1101,7,100,,,100,15000,,,,,,
1101,8,75,20,30000,35,52500,,20,30000,2,6,
1101,10,50,,,50,12500,,,,,,
1101,11,5,,,5,10000,,,,,,
1101,14,30,,,30,13500,,,,,,
1101,15,20,,,10,3500,,10,3500,,,
1101,16,12,,,12,12000,,,,,,
1101,19,1500,,,1500,75000,,,,,,
1102,1,540,,,540,108000,,,,,,
1102,14,60,,,50,22500,,10,4500,,,
1102,15,40,,,40,14000,,,,,,
1102,16,12,,,12,12000,,,,,,
1103,1,756,,,756,151200,,,,,,
1103,7,400,,,400,40000,,,,,,
1103,8,200,100,150000,90,135000,,10,15000,2,4,6
1103,10,500,,,500,125000,,,,,,
1103,14,80,,,70,31500,,10,4500,,,
1103,15,60,,,50,17500,,10,3500,,,
1103,16,20,,,20,20000,,,,,,
1103,19,1500,,,1500,75000,,,,,,
1104,1,540,,,540,108000,,,,,,
1104,14,40,,,30,13500,,10,4500,,,
1104,15,40,,,30,9000,,10,3500,,,
1105,1,216,,,216,43200,,,,,,
1105,14,30,,,20,9000,,10,4500,,,
1105,15,20,,,10,3000,,10,3500,,,
1106,1,540,,,540,108000,,,,,,
1106,14,40,,,30,13500,,10,4500,,,
1106,15,30,,,25,8750,,5,1750,,,
1106,16,10,,,10,12000,,,,,,
1107,1,648,,,648,129600,,,,,,
1107,7,200,,,200,30000,,,,,,
1107,8,85,50,75000,30,45000,,5,7500,,,
1107,10,50,,,50,12500,,,,,,
1107,14,40,,,40,18000,,,,,,
1107,15,40,,,30,10500,,10,3500,,,
1107,16,12,,,12,12000,,,,,,
1108,14,57,,,42,10900,,15,3550,,,
1108,15,47,,,35,8700,,12,2400,,,
1109,1,420,,,420,85000,,,,,,
1109,14,89,,,64,17700,,25,7000,,,
1109,15,76,,,56,11200,,20,4200,,,
1110,1,280,,,280,60000,,,,,,
1110,14,71,,,51,13700,,20,5500,,,
1110,15,49,,,36,7200,,13,2700,,,
1111,14,55,,,42,12000,,13,3900,,,
1111,15,35,,,25,4800,,10,2000,,,
1112,14,65,,,45,12000,,20,5000,,,
1112,15,51,,,37,7800,,14,2900,,,
1114,1,320,,,320,64000,,,,,,
1114,14,73,,,55,15600,,18,5200,,,
1114,15,59,,,42,8200,,17,3400,,,
1115,1,600,,,600,120000,,,,,,
1115,14,109,,,78,21000,,31,8500,,,
1115,15,90,,,65,13000,,25,5300,,,
1116,1,200,,,200,40000,,,,,,
1116,14,67,,,47,13500,,20,4500,,,
1116,15,49,,,40,8500,,9,1800,,,
1117,1,720,,,700,140000,20,,,,,
1117,7,100,,,80,20000,20,,,,,
1117,8,120,,,100,200000,5,15,30000,,,
1117,9,5,,,5,5000,,,,,,
1117,10,200,,,190,47500,10,,,,,
1117,14,300,,,200,70000,30,70,24500,,,
1117,15,190,,,150,30000,10,30,6000,,,
1117,16,100,,,90,63000,10,,,,,
1117,19,1800,1000,80000,800,64000,,,,6,7,
1117,20,60,,,45,9000,5,10,2000,,,
1118,1,380,,,360,70000,20,,,,,
1118,14,120,,,60,21000,20,40,14000,,,
1118,15,70,,,40,8000,20,10,2000,,,
1118,16,30,,,20,16000,10,,,,,
1118,20,10,,,10,2000,,,,,,
1119,1,500,,,480,100000,20,,,,,
1119,14,250,,,200,70000,20,30,10500,,,
1119,15,120,,,90,18000,10,20,4000,,,
1119,16,40,,,30,21000,10,,,,,
1119,19,600,,,570,45600,30,,,,,
1119,20,30,,,25,5000,2,3,600,,,
1120,1,720,,,690,140000,30,,,,,
1120,7,2500,2100,315000,400,100000,,,,5,,
1120,8,170,,,120,240000,30,20,40000,,,
1120,9,10,,,8,8000,2,,,,,
1120,10,300,,,270,67500,30,,,,,
1120,14,300,,,250,87500,10,40,14000,,,
1120,15,200,,,160,32000,20,20,4000,,,
1120,16,60,,,50,35000,10,,,,,
1120,19,2000,1000,80000,1000,80000,,,,6,7,
1120,20,70,,,50,10000,10,10,2000,,,
1121,1,1000,,,960,200000,40,,,,,
1121,7,900,800,120000,100,25000,,,,5,,
1121,8,40,,,40,72000,,,,,,
1121,10,200,,,200,50000,,,,,,
1121,14,500,,,380,133000,40,80,28000,,,
1121,15,350,,,300,60000,20,30,6000,,,
1121,16,40,,,40,24000,,,,,,
1121,19,1500,,,1400,112000,100,,,,,
1121,20,100,,,80,16000,10,10,2000,,,
1122,1,1020,,,1000,200000,20,,,,,
1122,14,400,,,350,122500,20,30,10500,,,
1122,15,260,,,230,46000,10,20,4000,,,
1122,16,70,,,65,39000,5,,,,,
1122,19,1500,1000,80000,500,40000,,,,6,7,
1122,20,100,,,80,16000,10,10,1000,,,
1123,14,100,,,70,24500,10,20,7000,,,
1123,15,80,,,60,12000,10,10,2000,,,
1123,19,1600,1000,80000,600,48000,,,,6,7,
1123,20,40,,,30,6000,,10,2000,,,
1124,1,1000,,,900,180000,100,,,,,
1124,7,1800,1450,217500,300,75000,50,,,5,,
1124,8,220,,,180,360000,20,20,40000,,,
1124,9,10,,,8,8000,2,,,,,
1124,10,500,,,450,112500,50,,,,,
1124,14,400,,,260,91000,100,40,16000,,,
1124,15,300,,,200,40000,40,60,12000,,,
1124,19,2000,1000,80000,800,64000,200,,,6,7,
1124,20,100,,,60,12000,20,20,4000,,,
1125,7,1000,900,135000,100,25000,,,,5,,
1125,8,130,,,110,220000,10,10,20000,,,
1125,10,400,,,350,87500,50,,,,,
1125,11,70,,,60,150000,2,8,20000,,,
1125,14,300,,,250,87500,20,30,10500,,,
1125,15,200,,,170,34000,10,20,4000,,,
1125,16,50,,,45,27000,5,,,,,
1125,19,600,,,560,44800,40,,,,,
1125,20,100,,,80,16000,10,10,2000,,,
1126,1,350,,,350,70000,,,,,,
1127,14,50,,,45,13000,,5,2300,,,
1127,15,50,,,40,8000,,10,2000,,,
1127,20,40,,,35,7000,,5,1000,,,
1128,1,100,,,100,20000,,,,,,
1128,20,10,,,8,1600,,2,400,,,
1129,1,600,,,600,120000,,,,,,
1129,14,70,,,50,14200,,20,3800,,,
1129,20,40,,,30,7500,,10,2500,,,
1130,1,550,,,550,120000,,,,,,
1130,14,100,,,77,20000,,23,6500,,,
1130,15,60,,,50,11000,,10,2200,,,
1130,20,50,,,40,8000,,10,2000,,,
1131,1,90,,,90,18000,,,,,,
1131,20,40,,,25,6000,,15,3500,,,
1133,14,20,,,15,6000,,5,1600,,,
1133,15,15,,,10,2000,,5,1000,,,
1133,20,20,,,10,2500,7,3,750,,,
1134,14,100,,,80,22000,,20,5000,,,
1134,15,40,,,35,7000,,5,1000,,,
1134,20,50,,,40,10000,,10,2500,,,
1135,1,720,,,720,148000,,,,,,
1136,14,60,,,45,15750,,15,5250,,,
1136,15,100,,,75,16500,10,15,3300,,,
1136,16,30,,,30,18000,,,,,,
1137,14,110,,,100,35000,,10,3500,,,
1137,15,50,,,45,11250,,5,1250,,,
1137,16,50,,,50,39000,,,,,,
1138,1,432,,,432,88000,,,,,,
1138,14,160,,,120,36000,,40,12000,,,
1138,15,150,,,120,26400,,30,6600,,,
1138,16,10,,,10,8000,,,,,,
1141,14,25,,,20,8000,,5,2000,,,
1141,15,10,,,9,1800,,1,200,,,
1141,16,6,,,6,6000,,,,,,
1144,1,300,,,300,58800,,,,,,
1144,14,60,,,40,18000,,20,9000,,,
1144,15,30,,,20,4000,,10,2000,,,
1144,20,20,,,15,2700,,5,900,,,
1145,1,100,,,100,19600,,,,,,
1145,14,90,,,60,27000,,30,13500,,,
1145,15,30,,,25,5000,,5,1000,,,
1145,20,20,,,15,3000,,5,1000,,,
1146,1,650,,,650,127400,,,,,,
1146,7,1100,1000,150000,100,20000,,,,2,,
1146,8,50,,,48,72000,,2,3000,,,
1146,9,3,,,3,3000,,,,,,
1146,10,300,,,300,60000,,,,,,
1146,11,20,,,18,36000,,2,4000,,,
1146,14,75,,,65,29250,,10,4500,,,
1146,15,30,,,20,4000,,10,2000,,,
1146,19,300,150,12750,150,12750,,,,2,6,
1146,20,25,,,15,3000,,10,2000,,,
1147,1,600,,,600,117600,,,,,,
1147,7,350,,,350,87500,,,,,,
1147,8,100,,,95,142500,,5,7500,,,
1147,9,3,,,3,3000,,,,,,
1147,10,300,,,300,75000,,,,,,
1147,11,50,,,47,94000,,3,6000,,,
1147,14,100,,,90,40500,,10,4500,,,
1147,15,50,,,40,8000,,10,2000,,,
1147,19,250,,,250,20000,,,,,,
1147,20,50,,,40,7200,,10,1800,,,
1148,1,200,,,200,38000,,,,,,
1148,7,200,,,200,40000,,,,,,
1148,8,50,,,45,67500,,5,7500,,,
1148,9,2,,,2,2000,,,,,,
1148,10,300,,,300,60000,,,,,,
1148,11,15,,,13,26000,,2,4000,,,
1148,14,90,,,60,27600,,30,13800,,,
1148,15,40,,,30,6000,,10,2000,,,
1148,19,200,,,200,16000,,,,,,
1148,20,30,,,20,3200,,10,1600,,,
1149,1,300,,,300,58800,,,,,,
1149,7,300,,,300,75000,,,,,,
1149,8,50,,,47,70500,,3,4500,,,
1149,9,2,,,2,2000,,,,,,
1149,10,250,,,250,62500,,,,,,
1149,11,10,,,8,16000,,2,4000,,,
1149,14,120,,,80,36000,,40,18000,,,
1149,15,50,,,35,7700,,15,3300,,,
1149,19,350,,,350,28000,,,,,,
1149,20,30,,,20,3600,,10,1800,,,
1150,1,300,,,300,58800,,,,,,
1150,14,60,,,40,18000,,20,9000,,,
1150,15,35,,,20,4400,,15,3300,,,
1150,20,30,,,20,4000,,10,2000,,,
1151,1,600,,,600,117600,,,,,,
1151,7,400,,,400,100000,,,,,,
1151,8,100,,,95,142500,,5,7500,,,
1151,9,5,,,5,5000,,,,,,
1151,10,300,,,300,60000,,,,,,
1151,11,30,,,28,56000,,2,4000,,,
1151,14,120,,,100,45000,,20,9000,,,
1151,15,50,,,40,8000,,10,2000,,,
1151,19,300,,,300,27000,,,,,,
1151,20,50,,,35,7000,,15,3000,,,
1152,1,300,,,300,58800,,,,,,
1152,14,90,,,80,36000,,10,4500,,,
1152,15,50,,,35,7000,,15,3000,,,
1152,20,30,,,20,4000,,10,2000,,,
1153,1,600,,,600,138000,,,,,,
1153,7,600,50,10000,550,110000,,,,2,,
1153,8,70,30,45000,40,60000,,,,2,,
1153,10,100,,,100,20000,,,,,,
1153,14,70,,,40,24000,,30,18000,,,
1153,15,60,,,40,8000,,20,4000,,,
1153,19,900,,,900,54000,,,,,,
1154,1,600,,,600,132000,,,,,,
1154,7,1000,,,1000,200000,,,,,,
1154,8,70,,,45,67500,,25,37500,,,
1154,10,120,,,120,24000,,,,,,
1154,14,100,,,70,21000,,30,18000,,,
1154,15,60,,,30,6000,,30,6000,,,
1154,16,20,,,20,20000,,,,,,
1155,1,600,,,600,132000,,,,,,
1155,7,1000,,,1000,200000,,,,,,
1155,8,60,,,60,90000,,,,,,
1155,10,300,,,300,60000,,,,,,
1155,14,70,,,50,30000,,20,12000,,,
1155,15,70,,,50,10000,,20,4000,,,
1155,16,10,,,10,10000,,,,,,
1155,19,1000,,,1000,60000,,,,,,
1156,1,900,,,900,198000,,,,,,
1156,7,1100,300,60000,800,160000,,,,2,,
1156,8,60,,,50,75000,,10,15000,,,
1156,10,200,,,200,40000,,,,,,
1156,11,20,,,20,50000,,,,,,
1156,14,120,,,100,60000,,20,12000,,,
1156,15,80,,,50,10000,,30,6000,,,
1156,16,50,,,50,50000,,,,,,
1156,19,1500,,,1500,90000,,,,,,
1157,14,50,,,30,18000,,20,12000,,,
1157,15,30,,,20,4000,,10,2000,,,
1157,16,5,,,5,5000,,,,,,
1158,1,600,,,600,132000,,,,,,
1158,7,3800,3000,600000,800,160000,,,,2,3,
1158,8,150,100,150000,50,75000,,,,2,3,
1158,10,1000,800,160000,200,40000,,,,2,3,
1158,11,30,,,30,75000,,,,,,
1158,14,100,,,70,42000,,30,18000,,,
1158,15,80,,,60,12000,,20,4000,,,
1158,16,25,,,25,25000,,,,,,
1158,19,3000,2000,120000,1000,60000,,,,2,3,6
1159,1,300,,,300,68000,,,,,,
1159,14,50,,,30,18000,,20,12000,,,
1159,15,50,,,20,4000,,30,6000,,,
1159,16,10,,,10,10000,,,,,,
1159,19,1000,,,1000,60000,,,,,,
1160,1,300,,,300,68000,,,,,,
1160,7,6000,5000,1000000,1000,200000,,,,2,,
1160,8,200,100,150000,50,75000,,50,75000,2,,
1160,10,1000,800,160000,200,40000,,,,2,,
1160,11,35,,,30,60000,,5,10000,,,
1160,14,80,,,50,30000,,30,18000,,,
1160,15,50,,,30,6000,,20,4000,,,
1160,16,30,,,30,30000,,,,,,
1160,19,1500,1000,60000,500,30000,,,,2,,
1161,1,600,,,600,132000,,,,,,
1161,7,400,,,400,80000,,,,,,
1161,8,50,,,50,75000,,,,,,
1161,10,100,,,100,20000,,,,,,
1161,14,80,,,60,36000,,20,12000,,,
1161,15,50,,,30,6000,,20,4000,,,
1161,16,15,,,15,15000,,,,,,
1161,19,1000,,,1000,60000,,,,,,
1162,1,720,,,720,160200,,,,,,
1162,14,150,,,100,30000,,50,15000,,,
1162,15,30,,,20,10000,,10,5000,,,
1162,16,8,,,8,5000,,,,,,
1162,19,1200,,,1200,94500,,,,,,
1163,1,600,,,600,135000,,,,,,
1163,14,120,,,90,18000,,30,6000,,,
1163,15,50,,,30,15000,,20,10000,,,
1163,16,10,,,10,6000,,,,,,
1163,19,1000,,,1000,70000,,,,,,
1164,14,60,,,40,8000,,20,4000,,,
1164,15,50,,,30,15000,,20,10000,,,
1164,16,3,,,3,2100,,,,,,
1165,1,300,,,300,67000,,,,,,
1165,14,120,,,90,18000,,30,6000,,,
1165,15,40,,,30,15000,,10,5000,,,
1165,19,350,,,350,24500,,,,,,
1166,1,600,,,600,135000,,,,,,
1166,14,130,,,100,30000,,30,9000,,,
1166,15,60,,,45,22500,,15,7500,,,
1166,16,5,,,5,3500,,,,,,
1167,14,60,,,30,6000,,30,6000,,,
1167,15,10,,,6,3000,,4,2000,,,
1167,19,1200,600,42000,600,42000,,,,2,,
1168,7,90020,90000,14400000,20,3200,,,,5,,
1168,8,75,,,60,108000,,15,27000,,,
1168,10,70,,,70,21000,,,,,,
1168,14,150,,,100,20000,,50,10000,,,
1168,19,600,,,600,42000,,,,,,
1169,14,150,,,110,22000,,40,8000,,,
1169,15,60,,,45,22500,,15,7500,,,
1169,16,10,,,10,7000,,,,,,
1169,19,1800,500,35000,1300,91000,,,,2,,
1170,1,600,,,600,135000,,,,,,
1170,14,100,,,70,20000,,30,8000,,,
1170,15,50,,,30,15000,,20,10000,,,
1170,16,5,,,5,3500,,,,,,
1171,1,300,,,300,66000,,,,,,
1171,14,35,,,35,10500,,,,,,
1171,15,45,,,45,9000,,,,,,
1171,19,300,,,300,21000,,,,,,
1172,1,300,,,300,66000,,,,,,
1172,14,46,,,46,13800,,,,,,
1172,15,40,,,40,8200,,,,,,
1173,1,360,,,360,79200,,,,,,
1173,14,30,,,30,5700,,,,,,
1175,1,400,,,400,96000,,,,,,
1175,14,150,,,150,21000,,,,,,
1175,15,50,,,50,7000,,,,,,
1175,19,600,,,600,30000,,,,,,
1176,14,20,,,10,4700,,10,5300,,,
1176,15,30,,,15,2000,,15,2000,,,
1176,19,900,,,900,54000,,,,,,
1177,1,300,,,300,66000,,,,,,
1177,14,94,,,94,22000,,,,,,
1177,15,25,,,25,4500,,,,,,
1179,1,300,,,300,66000,,,,,,
1179,14,30,,,30,4500,,,,,,
1179,15,10,,,10,1800,,,,,,
1180,14,15,,,10,5000,,5,2500,,,
1180,15,10,,,10,2000,,,,,,
1181,14,15,,,10,5000,,5,2500,,,
1181,15,10,,,10,2000,,,,,,
1182,14,110,,,85,17000,,25,8000,,,
1182,15,60,,,40,8000,,20,4000,,,
1182,16,6,,,6,7500,,,,,,
1183,14,65,,,45,10000,,20,5300,,,
1183,15,25,,,20,4000,,5,1000,,,
1184,14,60,,,45,10000,,15,3500,,,
1184,15,50,,,40,8000,,10,2000,,,
1185,14,50,,,35,9000,,15,4200,,,
1185,15,25,,,20,4000,,5,1000,,,
1186,14,90,,,60,14500,,30,8500,,,
1186,15,50,,,35,7000,,15,3000,,,
1186,16,10,,,10,15000,,,,,,
1187,14,100,,,50,15500,,50,15500,,,
1187,15,45,,,25,5000,,20,4000,,,
1187,16,10,,,10,14000,,,,,,
1188,14,10,,,7,4200,,3,1800,,,
1189,14,46,,,31,15000,,15,7000,,,
1189,15,32,,,20,5000,,12,3000,,,
1189,16,10,,,10,13000,,,,,,
1190,14,90,,,60,28000,,30,13000,,,
1190,15,46,,,30,6000,,16,4000,,,
1190,16,25,,,25,27000,,,,,,
1191,14,60,,,50,25000,,10,5000,,,
1191,15,30,,,25,6000,,5,1500,,,
1191,16,20,,,20,24000,,,,,,
1192,14,55,,,40,19000,,15,7000,,,
1192,15,30,,,25,5000,,5,1000,,,
1192,16,20,,,20,24000,,,,,,
1193,14,36,,,22,10000,,14,6000,,,
1193,15,24,,,14,3000,,10,2000,,,
1194,14,30,,,24,10000,,6,2500,,,
1194,15,20,,,15,3000,,5,1000,,,
1195,14,46,,,30,14000,,16,7000,,,
1195,15,28,,,20,5000,,8,2000,,,
1196,14,50,,,40,19000,,10,5000,,,
1196,15,45,,,30,6000,,15,3000,,,
1197,14,32,,,20,10000,,12,6000,,,
1197,15,26,,,20,4000,,6,1500,,,
1197,16,10,,,10,12000,,,,,,
1198,1,400,,,400,60000,,,,,,
1198,7,1230,1200,170000,30,3500,,,,5,,
1198,8,20,,,10,20000,,10,20000,,,
1198,10,17,,,17,3500,,,,,,
1198,11,20,,,10,25000,,10,25000,,,
1198,14,70,,,50,10000,,20,4000,,,
1198,15,60,,,40,8000,,20,4000,,,
1198,19,1000,700,42000,300,18000,,,,2,6,
1199,7,2750,2700,370000,50,6000,,,,5,,
1199,8,25,,,15,30000,,10,20000,,,
1199,10,20,,,20,4000,,,,,,
1199,11,20,,,10,25000,,10,25000,,,
1199,14,50,,,30,7500,,20,5000,,,
1199,15,60,,,40,8000,,20,4000,,,
1199,19,800,500,30000,300,18000,,,,2,6,
1200,1,400,,,400,60000,,,,,,
1200,7,2750,2700,370000,50,6000,,,,5,,
1200,8,20,,,10,20000,,10,20000,,,
1200,10,30,,,30,6000,,,,,,
1200,11,20,,,10,25000,,10,25000,,,
1200,14,50,,,30,6000,,20,4000,,,
1200,15,60,,,30,6000,,30,6000,,,
1200,19,1000,800,48000,200,12000,,,,2,6,
1201,1,400,,,400,60000,,,,,,
1201,7,3850,3800,500000,50,6500,,,,5,,
1201,8,40,,,20,40000,,20,40000,,,
1201,10,32,,,32,6500,,,,,,
1201,11,40,,,20,50000,,20,50000,,,
1201,14,80,,,60,12000,,20,4000,,,
1201,15,60,,,40,8000,,20,4000,,,
1201,19,1000,600,36000,400,24000,,,,2,6,
1202,1,400,,,400,60000,,,,,,
1202,14,40,,,30,6000,,10,2000,,,
1202,15,50,,,30,6000,,20,4000,,,
1203,14,80,,,50,12500,,30,7500,,,
1203,15,60,,,30,6000,,30,6000,,,
1204,1,400,,,400,60000,,,,,,
1204,7,1150,1100,154000,50,6000,,,,5,,
1204,8,40,,,20,40000,,20,40000,,,
1204,10,30,,,30,6000,,,,,,
1204,11,40,,,20,50000,,20,50000,,,
1204,14,100,,,40,10000,,60,15000,,,
1204,15,80,,,30,6000,,50,10000,,,
1204,19,1100,700,42000,400,24000,,,,2,6,
1205,14,60,,,40,8000,,20,4000,,,
1205,15,60,,,40,8000,,20,4000,,,
1206,1,600,,,600,90000,,,,,,
1206,7,2850,2800,390000,50,6500,,,,5,,
1206,8,40,,,20,40000,,20,40000,,,
1206,10,30,,,30,6500,,,,,,
1206,11,40,,,20,50000,,20,50000,,,
1206,14,100,,,60,12000,,40,8000,,,
1206,15,80,,,40,8000,,40,8000,,,
1206,19,1000,500,30000,500,30000,,,,6,,
1207,1,860,,,860,172000,,,,,,
1207,7,100,,,100,17000,,,,,,
1207,8,160,80,96000,80,96000,,,,2,,
1207,9,2,,,2,2400,,,,,,
1207,10,250,,,250,62500,,,,,,
1207,11,50,10,22000,40,88000,,,,2,,
1207,14,50,,,40,12400,,10,4000,,,
1207,15,60,,,45,9000,,15,3000,,,
1207,16,2,,,2,2400,,,,,,
1207,19,1200,400,28000,800,56000,,,,2,,
1208,1,650,,,650,130000,,,,,,
1208,7,100,,,100,17000,,,,,,
1208,8,200,130,156000,70,84000,,,,2,,
1208,9,3,,,3,3600,,,,,,
1208,10,200,,,200,50000,,,,,,
1208,11,70,30,66000,40,88000,,,,2,,
1208,14,70,,,57,19000,,13,6000,,,
1208,15,60,,,50,10000,,10,2000,,,
1208,19,2000,1200,84000,800,56000,,,,2,,
1209,14,20,,,15,5200,,5,2300,,,
1209,15,30,,,25,5000,,5,1000,,,
1210,1,420,,,420,84000,,,,,,
1210,14,30,,,24,13500,,6,2300,,,
1210,15,40,,,30,6000,,10,2000,,,
1211,1,470,,,470,94000,,,,,,
1211,14,60,,,44,13500,,16,4000,,,
1211,15,50,,,40,8000,,10,2000,,,
1211,16,3,,,3,3600,,,,,,
1212,1,130,,,130,26000,,,,,,
1212,14,40,,,30,11000,,10,4000,,,
1212,15,30,,,25,5000,,5,1000,,,
1212,16,2,,,2,2400,,,,,,
1213,1,650,,,650,130000,,,,,,
1213,14,30,,,30,15000,,,,,,
1213,15,40,,,35,7000,,5,1000,,,
1214,1,140,,,140,28000,,,,,,
1214,14,30,,,23,8000,,7,2500,,,
1214,15,25,,,20,4000,,5,1000,,,
1215,1,720,,,720,144000,,,,,,
1215,7,100,,,100,17000,,,,,,
1215,8,70,,,70,84000,,,,,,
1215,9,2,,,2,2400,,,,,,
1215,10,200,,,200,50000,,,,,,
1215,11,20,,,20,44000,,,,,,
1215,14,60,,,53,20500,,7,2500,,,
1215,15,50,,,40,8000,,10,2000,,,
1215,16,3,,,3,3600,,,,,,
1216,14,48,,,30,12000,,18,7000,,,
1216,15,35,,,25,5000,,10,2000,,,
1216,16,10,,,10,9000,,,,,,
1217,14,38,,,25,10000,,13,5200,,,
1217,15,25,,,18,3600,,7,1400,,,
1218,14,32,,,22,7500,,10,3400,,,
1218,15,30,,,18,3600,,12,2400,,,
1219,14,25,,,15,5100,,10,3400,,,
1219,15,28,,,15,3000,,13,2600,,,
1220,14,40,,,25,8000,,15,4800,,,
1220,15,30,,,12,2400,,18,3600,,,
1221,14,55,,,30,99000,,25,8300,,,
1221,15,45,,,25,5000,,20,4000,,,
1221,16,8,,,8,6000,,,,,,
1222,14,85,,,40,13000,,45,15000,,,
1222,15,40,,,25,5000,,15,3000,,,
1222,16,10,,,10,8000,,,,,,
1223,14,37,,,25,8500,,12,4000,,,
1223,15,30,,,20,4000,,10,2000,,,
1223,16,10,,,10,8000,,,,,,
1224,14,45,,,15,4500,,30,9600,,,
1224,15,30,,,20,4000,,10,2000,,,
1225,1,550,,,550,121000,,,,,,
1225,14,55,,,42,19000,,13,6000,,,
1225,15,65,,,47,9000,,18,3000,,,
1226,14,40,,,20,9000,,20,9000,,,
1226,15,50,,,25,5000,,25,5000,,,
1226,16,20,,,20,20000,,,,,,
1227,14,30,,,20,8000,,10,4000,,,
1227,15,83,,,47,8000,,36,6000,,,
1227,16,20,,,20,18000,,,,,,
1228,14,40,,,20,8000,,20,8000,,,
1228,15,54,,,36,6000,,18,3000,,,
1228,16,25,,,25,20000,,,,,,
1229,16,20,,,20,20000,,,,,,
1230,14,40,,,20,7000,,20,7000,,,
1230,15,60,,,30,6000,,30,6000,,,
1230,16,5,,,5,4000,,,,,,
1231,14,50,,,30,11000,,20,7000,,,
1231,15,80,,,40,7600,,40,7600,,,
1233,1,350,,,350,85000,,,,,,
1233,14,40,,,20,7000,,20,7000,,,
1233,16,10,,,10,10000,,,,,,
1234,1,720,,,720,150000,,,,,,
1234,7,2600,1850,390000,750,150000,,,,3,,
1234,8,80,,,68,108800,,12,19200,,,
1234,9,10,,,10,15000,,,,,,
1234,10,400,,,400,120000,,,,,,
1234,11,30,,,15,40000,,15,40000,,,
1234,12,100,,,60,120000,,40,80000,,,
1234,14,250,,,200,70000,,50,17500,,,
1234,15,200,,,140,28000,,60,12000,,,
1234,19,2100,,,2100,126000,,,,,,
1235,14,150,,,100,30000,,50,15000,,,
1235,15,70,,,50,7500,,20,3000,,,
1236,7,2350,1800,360000,550,110000,,,,3,,
1236,8,80,,,50,80000,,30,48000,,,
1236,9,5,,,5,7500,,,,,,
1236,10,300,,,300,90000,,,,,,
1236,11,45,,,35,105000,,10,30000,,,
1236,14,200,,,150,37500,,50,12500,,,
1236,15,150,,,110,16500,,40,6000,,,
1236,19,1200,,,1200,72000,,,,,,
1237,14,100,,,60,19000,,40,13000,,,
1237,15,80,,,50,7500,,30,4500,,,
1237,19,1200,700,42000,300,18000,200,,,3,,
1238,7,1500,1300,130000,200,40000,,,,4,,
1238,8,50,,,24,36000,,26,39000,,,
1238,9,5,,,5,7500,,,,,,
1238,10,200,,,200,60000,,,,,,
1238,11,15,,,7,19000,,8,21600,,,
1238,14,150,,,100,35000,,50,17500,,,
1238,15,80,,,50,7500,,30,4500,,,
1238,19,1900,1500,90000,400,24000,,,,4,,
1239,7,3000,2640,380000,360,70000,,,,3,,
1239,8,60,,,35,52500,,25,37500,,,
1239,9,10,,,10,15000,,,,,,
1239,10,250,,,250,75000,,,,,,
1239,11,16,,,14,39000,,2,5400,,,
1239,14,220,,,170,60000,,50,17500,,,
1239,15,170,,,110,16500,,60,9000,,,
1239,19,3000,2000,120000,1000,60000,,,,3,,
1240,1,730,,,730,122000,,,,,,
1240,7,3400,2650,270000,750,150000,,,,4,,
1240,8,80,,,46,69000,,34,51000,,,
1240,9,10,,,10,15000,,,,,,
1240,10,350,,,350,105000,,,,,,
1240,11,35,,,25,75000,,10,30000,,,
1240,12,300,150,300000,90,180000,,60,120000,3,,
1240,13,100,,,60,120000,,40,80000,,,
1240,14,220,,,170,58500,,50,18000,,,
1240,15,180,,,110,16500,,70,10500,,,
1240,19,2400,1400,84000,1000,60000,,,,2,,
1241,7,690,490,49000,200,20000,,,,4,,
1241,8,50,10,15000,20,30000,,20,30000,2,,
1241,9,4,,,4,6000,,,,,,
1241,10,120,,,120,36000,,,,,,
1241,11,10,,,8,20000,,2,5000,,,
1241,12,200,90,180000,60,120000,,50,100000,2,,
1241,13,50,,,20,40000,,30,60000,,,
1241,14,130,,,80,28000,,50,17500,,,
1241,15,80,,,50,7500,,30,4500,,,
1241,19,2400,1800,108000,600,36000,,,,2,,
1242,7,700,350,55500,350,55000,,,,3,,
1242,8,46,,,36,55000,,10,15000,,,
1242,9,5,,,5,7500,,,,,,
1242,10,250,,,250,75000,,,,,,
1242,11,9,,,6,18000,,3,9000,,,
1242,12,100,70,140000,20,24000,,10,12000,3,,
1242,14,170,,,100,35000,,70,24500,,,
1242,15,120,,,70,14000,,50,9500,,,
1242,19,960,,,960,57600,,,,,,
1244,1,480,,,480,105600,,,,,,
1244,14,100,,,80,28000,,20,7000,,,
1244,15,45,,,30,3900,,15,1950,,,
1245,1,660,,,660,145200,,,,,,
1245,14,120,,,90,40500,,30,13500,,,
1245,15,100,,,80,10400,,20,2600,,,
1247,1,240,,,240,52800,,,,,,
1247,14,120,,,90,40500,,30,13500,,,
1247,15,70,,,50,7000,,20,2800,,,
1248,1,300,,,300,66000,,,,,,
1248,14,70,,,55,24750,,15,6750,,,
1248,15,50,,,40,5600,,10,1400,,,
1249,1,420,,,420,92400,,,,,,
1249,14,220,,,150,67500,,70,31500,,,
1249,15,80,,,65,9100,,15,2100,,,
1250,1,600,,,600,132000,,,,,,
1250,14,250,,,200,90000,,50,22500,,,
1250,15,120,,,100,15000,,20,3000,,,
1250,17,45,30,90000,10,30000,2,3,9000,7,,
1251,1,360,,,360,79200,,,,,,
1251,14,110,,,95,42750,,15,6750,,,
1251,15,70,,,50,7000,,20,2800,,,
1252,1,1200,,,1200,264000,,,,,,
1252,2,50,,,25,92500,,25,92500,,,
1252,4,5,,,5,25000,,,,,,
1252,7,80,,,80,20000,,,,,,
1252,8,500,300,450000,160,240000,30,10,15000,2,6,
1252,10,500,,,500,150000,,,,,,
1252,12,30,,,30,75000,,,,,,
1252,14,200,,,120,48000,,80,32000,,,
1252,15,200,,,150,27000,,50,9000,,,
1252,16,25,,,25,30000,,,,,,
1252,17,20,,,15,52500,,5,17500,,,
1252,19,1500,300,18000,1100,66000,100,,,2,,
1253,1,750,,,750,165000,,,,,,
1253,2,50,,,25,92500,,25,92500,,,
1253,7,25,,,25,6250,,,,,,
1253,8,150,50,75000,75,112500,10,15,22500,2,6,
1253,10,200,,,200,60000,,,,,,
1253,11,10,,,8,20000,,2,5000,,,
1253,12,70,,,50,125000,10,10,25000,,,
1253,14,150,,,80,32000,,70,28000,,,
1253,15,170,,,100,18000,,70,12600,,,
1253,16,10,,,10,11000,,,,,,
1253,17,30,,,25,87500,,5,17500,,,
1253,19,1600,,,1600,96000,,,,,,
1254,1,1200,,,1200,264000,,,,,,
1254,2,100,,,80,296000,,20,74000,,,
1254,7,60,,,60,15000,,,,,,
1254,8,1200,400,600000,500,750000,250,50,75000,2,6,
1254,10,500,,,500,150000,,,,,,
1254,11,150,,,70,175000,50,30,75000,,,
1254,12,40,,,40,100000,,,,,,
1254,14,300,,,250,100000,,50,20000,,,
1254,15,200,,,160,28800,,40,7200,,,
1254,16,20,,,20,22000,,,,,,
1254,19,1800,500,30000,1300,78000,,,,2,6,
1255,1,700,,,700,154000,,,,,,
1255,2,50,,,28,103600,,22,81400,,,
1255,7,30,,,30,7500,,,,,,
1255,8,100,,,70,105000,20,10,15000,,,
1255,10,150,,,150,45000,,,,,,
1255,14,40,,,40,16000,,,,,,
1255,15,70,,,60,10800,,10,1800,,,
1255,16,20,,,20,22000,,,,,,
1255,19,1500,,,1000,60000,500,,,,,
1256,1,600,,,600,132000,,,,,,
1256,2,40,,,20,74000,,20,74000,,,
1256,7,40,,,40,10000,,,,,,
1256,8,250,50,75000,90,135000,100,10,15000,2,,
1256,10,250,,,250,75000,,,,,,
1256,11,30,,,20,50000,5,5,12500,,,
1256,12,50,,,30,75000,20,,,,,
1256,14,200,,,80,32000,50,70,28000,,,
1256,15,160,,,80,14400,30,50,9000,,,
1256,16,10,,,10,11000,,,,,,
1256,19,1200,,,800,48000,400,,,,,
1257,1,1000,,,1000,220000,,,,,,
1257,7,40,,,40,10000,,,,,,
1257,8,100,30,45000,70,105000,,,,6,,
1257,10,150,,,150,45000,,,,,,
1257,14,250,,,150,60000,,100,40000,,,
1257,15,200,,,130,23400,,70,12600,,,
1257,16,10,,,10,11000,,,,,,
1257,19,800,,,800,48000,,,,,,
1258,1,700,,,700,154000,,,,,,
1258,2,30,,,30,111000,,,,,,
1258,7,40,,,40,10000,,,,,,
1258,8,170,70,105000,70,105000,15,15,22500,2,6,
1258,10,150,,,150,45000,,,,,,
1258,14,120,,,60,24000,,60,24000,,,
1258,15,150,,,120,21600,,30,5400,,,
1258,16,15,,,15,16500,,,,,,
1258,19,3000,1600,96000,1400,84000,,,,2,6,
1259,1,300,,,300,66000,,,,,,
1259,8,80,35,52500,30,45000,10,5,7500,2,6,
1259,10,100,,,100,30000,,,,,,
1259,14,50,,,50,20000,,,,,,
1259,15,35,,,30,5400,5,,,,,
1259,17,30,15,52500,5,17500,5,5,17500,2,,
1259,19,1000,,,500,30000,500,,,,,
1260,1,700,,,700,154000,,,,,,
1260,2,50,,,30,111000,,20,74000,,,
1260,14,120,,,80,32000,,40,16000,,,
1260,15,100,,,70,12600,,30,5400,,,
1260,16,5,,,5,5500,,,,,,
1261,1,750,,,750,150000,,,,,,
1261,2,75,,,50,175000,,25,87500,,,
1261,8,430,200,300000,180,270000,30,20,30000,2,,
1261,10,350,,,350,105000,,,,,,
1261,11,100,,,85,212500,,15,37500,,,
1261,12,60,,,50,100000,,10,20000,,,
1261,14,220,,,180,63000,,40,14000,,,
1261,15,80,,,60,7800,,20,2600,,,
1261,17,18,,,12,36000,,6,18000,,,
1261,19,2200,1000,60000,1200,72000,,,,2,,
1262,1,200,,,200,40000,,,,,,
1262,14,80,,,60,16800,,20,5600,,,
1262,15,45,,,30,3900,,15,1950,,,
1262,19,1000,,,600,36000,400,,,,,
1263,1,700,,,700,140000,,,,,,
1263,12,50,,,40,80000,,10,20000,,,
1263,14,150,,,120,42000,,30,10500,,,
1263,15,80,,,60,7800,,20,2600,,,
1263,17,28,,,18,54000,3,7,21000,,,
1263,19,1000,300,18000,700,42000,,,,2,,
1264,1,700,,,700,140000,,,,,,
1264,2,50,,,40,140000,,10,35000,,,
1264,7,1260,1000,250000,200,50000,60,,,4,,
1264,8,500,350,525000,95,142500,30,25,37500,4,,
1264,9,10,,,10,12000,,,,,,
1264,10,400,,,400,120000,,,,,,
1264,11,150,80,200000,60,150000,,10,25000,4,,
1264,12,50,30,60000,15,30000,,5,10000,,,
1264,14,220,,,180,59400,,40,13200,,,
1264,15,110,,,90,11700,,20,2600,,,
1264,17,80,60,180000,15,45000,,5,15000,7,,
1264,19,1600,600,36000,900,54000,100,,,2,,
1265,1,500,,,500,105000,,,,,,
1265,7,1000,750,187500,250,62500,,,,2,,
1265,8,280,180,270000,90,135000,,10,15000,2,,
1265,10,450,,,450,135000,,,,,,
1265,11,50,,,42,105000,,8,20000,,,
1265,12,20,,,14,28000,,6,12000,,,
1265,14,140,,,100,38000,,40,15200,,,
1265,15,75,,,50,6500,,25,3250,,,
1265,19,700,,,700,42000,,,,,,
1266,1,300,,,300,60000,,,,,,
1266,7,450,250,62500,200,50000,,,,2,,
1266,8,220,100,150000,80,120000,30,10,15000,2,,
1266,10,300,,,300,90000,,,,,,
1266,11,20,,,18,45000,,2,5000,,,
1266,12,40,,,35,70000,,5,10000,,,
1266,14,130,,,100,28000,,30,8400,,,
1266,15,45,,,30,3900,,15,1950,,,
1266,19,500,,,500,30000,,,,,,
1267,1,650,,,650,136500,,,,,,
1267,2,90,,,80,240000,,10,30000,,,
1267,7,1300,1000,250000,300,75000,,,,7,,
1267,8,200,,,120,180000,60,20,30000,,,
1267,9,5,,,5,6000,,,,,,
1267,10,500,,,500,150000,,,,,,
1267,11,35,,,30,75000,,5,12500,,,
1267,12,100,,,50,100000,20,30,60000,,,
1267,14,180,,,120,42000,,60,21000,,,
1267,15,90,,,60,7800,,30,3900,,,
1267,19,1300,300,18000,900,54000,100,,,2,,
1268,1,350,,,350,70000,,,,,,
1268,12,20,,,17,34000,,3,6000,,,
1268,14,200,,,130,39000,,70,21000,,,
1268,15,75,,,50,6500,,25,3250,,,
1268,19,1500,,,1300,78000,200,,,,,
1269,1,650,,,650,130000,,,,,,
1269,2,40,,,40,120000,,,,,,
1269,7,120,,,120,30000,,,,,,
1269,8,180,80,120000,90,135000,,10,15000,7,,
1269,10,350,,,350,105000,,,,,,
1269,11,5,,,5,12500,,,,,,
1269,12,20,,,20,20000,,,,,,
1269,14,220,,,180,54000,,40,14000,,,
1269,15,75,,,50,6500,,25,3250,,,
1269,19,1400,500,30000,900,54000,,,,2,,
1270,1,400,,,397,87340,,3,660,,,
1270,14,175,,,150,34000,,25,6600,,,
1270,15,100,,,80,16000,,20,4000,,,
1270,16,5,,,5,7000,,,,,,
1271,1,800,,,790,173800,,10,2200,,,
1271,14,165,,,120,27200,10,35,9000,,,
1271,15,150,,,100,20000,,50,10000,,,
1271,19,500,,,450,31500,50,,,,,
1272,1,720,,,715,157300,,5,1100,,,
1272,7,110,,,100,25000,10,,,,,
1272,8,35,,,20,30000,5,10,15000,,,
1272,10,120,,,110,27500,10,,,,,
1272,14,230,,,140,33000,35,55,13000,,,
1272,15,160,,,110,22000,20,30,6000,,,
1272,16,10,,,10,13000,,,,,,
1272,19,700,100,7000,500,30000,100,,,6,,
1273,1,360,,,355,78100,,5,1100,,,
1273,13,35,,,30,30000,5,,,,,
1273,14,160,,,105,23000,,55,13000,,,
1273,15,80,,,60,12000,,20,4000,,,
1273,16,7,,,7,9000,,,,,,
1273,17,7,,,4,14000,1,2,7000,,,
1273,19,300,,,280,16800,20,,,,,
1274,1,360,,,357,78500,,3,660,,,
1274,14,190,,,157,34200,,33,7800,,,
1274,15,80,,,60,12000,,20,4000,,,
1274,19,400,,,350,21000,50,,,,,
1275,1,360,,,358,78760,,2,440,,,
1275,12,20,,,10,20000,5,5,10000,,,
1275,13,10,,,7,7000,3,,,,,
1275,14,98,,,75,17000,,23,5800,,,
1275,15,50,,,30,6000,,20,4000,,,
1276,1,720,,,714,157000,,6,1320,,,
1276,7,450,350,35000,80,20000,20,,,5,,
1276,8,50,,,35,52500,5,10,15000,,,
1276,10,110,,,100,25000,10,,,,,
1276,14,180,,,150,34000,,30,11000,,,
1276,15,120,,,100,20000,,20,4000,,,
1276,17,20,4,14000,10,35000,3,3,10500,2,,
1277,1,360,,,357,78540,,3,660,,,
1277,14,160,,,127,28200,,33,7800,,,
1277,15,70,,,40,8000,,30,6000,,,
1277,17,100,50,150000,25,75000,20,5,15000,2,,
1277,19,250,,,200,12000,50,,,,,
1278,1,720,,,712,156640,,8,1760,,,
1278,7,115,,,100,25000,15,,,,,
1278,8,40,,,29,43500,3,8,12000,,,
1278,10,95,,,90,22500,5,,,,,
1278,14,221,,,166,37800,,55,13000,,,
1278,15,120,,,80,16000,,40,8000,,,
1278,16,8,,,8,11000,,,,,,
1278,19,600,100,6000,450,27000,50,,,6,,
1279,1,800,,,800,168000,,,,,,
1279,7,420,,,420,105000,,,,,,
1279,8,170,,,120,180000,,50,75000,,,
1279,9,10,,,10,14000,,,,,,
1279,10,370,,,370,92500,,,,,,
1279,14,160,,,100,27000,,60,16200,,,
1279,15,170,,,110,15950,,60,8700,,,
1279,19,750,,,750,45000,,,,,,
1280,1,1100,,,1100,231000,,,,,,
1280,7,450,,,450,112500,,,,,,
1280,8,220,,,160,240000,,60,90000,,,
1280,9,10,,,10,14000,,,,,,
1280,10,550,,,550,137500,,,,,,
1280,14,350,,,200,49200,,150,36900,,,
1280,15,300,,,200,23600,,100,11800,,,
1280,19,750,,,750,45000,,,,,,
1281,1,360,,,360,75600,,,,,,
1281,12,45,,,30,54000,5,10,18000,,,
1281,14,220,50,150000,90,41670,30,50,23150,7,,
1281,15,240,,,160,22560,,80,11280,,,
1281,19,850,,,850,51000,,,,,,
1281,20,30,30,45000,,,,,,7,,
1282,1,766,,,766,160860,,,,,,
1282,14,280,,,200,40000,,80,16000,,,
1282,15,250,,,180,23400,,70,9100,,,
1282,19,800,,,800,48000,,,,,,
1283,1,180,,,180,37800,,,,,,
1283,14,60,,,40,9320,,20,4660,,,
1283,15,120,,,80,10000,,40,5000,,,
1283,19,850,,,850,51000,,,,,,
1284,1,365,,,365,76650,,,,,,
1284,14,127,,,80,18560,7,40,9280,,,
1284,15,150,,,100,15000,,50,7500,,,
1285,1,370,,,370,77700,,,,,,
1285,14,180,,,100,24800,,80,19840,,,
1285,15,200,,,120,16560,,80,11040,,,
1286,1,440,,,440,92400,,,,,,
1286,14,260,,,190,47120,,70,17360,,,
1286,15,200,,,120,15360,,80,10240,,,
1287,1,440,,,440,92400,,,,,,
1287,14,120,,,80,20080,,40,10040,,,
1287,15,150,,,100,12200,,50,6100,,,
1288,1,300,,,300,63000,,,,,,
1288,12,30,,,25,50000,,5,10000,,,
1288,14,322,,,250,58250,,72,16776,,,
1288,15,80,,,60,6960,,20,2320,,,
1288,16,10,,,10,13000,,,,,,
1288,19,900,300,18000,550,33000,50,,,2,,
1289,1,350,,,350,73500,,,,,,
1289,12,15,,,15,30000,,,,,,
1289,13,10,,,10,8000,,,,,,
1289,14,147,,,90,22950,,57,14535,,,
1289,15,170,,,110,11220,,60,6120,,,
1289,16,10,,,10,15000,,,,,,
1290,1,180,,,180,37800,,,,,,
1290,12,8,,,8,12000,,,,,,
1290,14,125,,,80,25600,,45,14400,,,
1290,15,80,,,50,6000,,30,3600,,,
1290,19,900,,,600,36000,300,,,,,
1291,1,360,,,360,75600,,,,,,
1291,12,8,,,5,10000,,3,6000,,,
1291,14,210,,,110,26730,,100,24300,,,
1291,15,138,,,100,11100,,38,4218,,,
1291,16,20,,,20,26000,,,,,,
1292,1,250,,,250,52500,,,,,,
1292,12,15,,,15,30000,,,,,,
1292,14,153,,,80,18800,1,72,16920,,,
1292,15,150,,,90,10170,,60,6780,,,
1292,19,750,250,15000,500,30000,,,,2,,
1293,1,250,,,250,52500,,,,,,
1293,12,22,,,22,55000,,,,,,
1293,13,20,,,20,16000,,,,,,
1293,14,175,,,90,25650,3,82,23370,,,
1293,15,115,,,70,8820,10,35,4410,,,
1293,16,7,,,7,9800,,,,,,
1293,19,580,,,580,34800,,,,,,
1294,1,180,,,180,37800,,,,,,
1294,12,10,,,10,25000,,,,,,
1294,14,160,,,90,19710,,70,15330,,,
1294,15,80,,,60,7200,,20,2400,,,
1294,16,5,,,5,6500,,,,,,
1295,1,600,,,600,126000,,,,,,
1295,12,10,,,10,25000,,,,,,
1295,14,178,,,100,21900,,78,17082,,,
1295,15,150,,,90,11070,,60,7380,,,
1295,16,10,,,10,15000,,,,,,
1295,19,700,,,700,42000,,,,,,
1296,1,600,,,600,126000,,,,,,
1296,12,20,,,20,50000,,,,,,
1296,14,80,,,50,13750,,30,8250,,,
1296,15,70,,,50,7500,,20,3000,,,
1296,16,10,,,10,14000,,,,,,
1297,14,5,,,,,,5,2000,,,
1299,14,40,,,40,20000,,,,,,
1300,14,8,,,8,2400,,,,,,
1301,14,50,,,40,16000,,10,5000,,,
1303,14,40,,,35,15000,,5,3000,,,
1306,14,25,,,25,3000,,,,,,
1306,15,30,,,30,3900,,,,,,
1306,16,35,,,35,35000,,,,,,
1308,15,30,,,30,3600,,,,,,
1309,14,40,,,40,5200,,,,,,
1309,15,50,,,50,6000,,,,,,
1309,16,30,,,30,30000,,,,,,
1312,14,30,,,30,4500,,,,,,
1312,15,20,,,20,2600,,,,,,
1312,16,20,,,20,16000,,,,,,
1313,14,45,,,45,6750,,,,,,
1313,15,30,,,30,3600,,,,,,
1313,16,20,,,20,16000,,,,,,
1314,14,40,,,40,4800,,,,,,
1314,15,20,,,20,2600,,,,,,
1314,16,25,,,25,20000,,,,,,
1316,14,30,,,30,4500,,,,,,
1318,14,100,,,100,30000,,,,,,
1321,1,300,,,250,57500,,50,11500,,,
1323,1,200,,,180,39600,,20,4400,,,
1323,14,30,,,30,9000,,,,,,
1329,1,365,,,365,80000,,,,,,
1335,14,102,,,102,16000,,,,,,
1335,20,10,,,10,6000,,,,,,
1336,14,60,,,60,9600,,,,,,
1336,15,10,,,10,4000,,,,,,
1336,20,10,,,10,4600,,,,,,
1338,14,40,,,30,7200,,10,2400,,,
1338,15,37,,,30,4600,,7,2400,,,
1339,14,60,,,60,9000,,,,,,
1339,15,30,,,30,4600,,,,,,
1340,14,90,,,90,16000,,,,,,
1340,15,30,,,30,4500,,,,,,
1341,14,60,,,60,12800,,,,,,
1341,15,30,,,30,6000,,,,,,
1342,14,20,,,15,9000,,5,3000,,,
1342,15,30,,,25,7500,,5,1500,,,
1342,20,15,,,15,6000,,,,,,
1343,14,115,,,100,60000,,15,9000,,,
1343,16,60,,,60,102000,,,,,,
1343,20,10,,,10,4000,,,,,,
1344,14,20,,,20,12000,,,,,,
1344,15,30,,,20,6000,,10,3000,,,
1344,16,45,,,45,76500,,,,,,
1344,20,5,,,5,2000,,,,,,
1346,14,53,,,48,28800,,5,3000,,,
1346,15,13,,,13,3900,,,,,,
1346,16,25,,,25,42500,,,,,,
1346,20,20,,,20,8000,,,,,,
1347,14,60,,,60,36000,,,,,,
1347,15,80,,,80,24000,,,,,,
1347,16,30,,,30,51000,,,,,,
1347,20,40,,,40,16000,,,,,,
1350,15,35,,,35,10500,,,,,,
1350,16,30,,,30,54000,,,,,,
1352,15,9,,,9,1800,,,,,,
1353,15,53,,,50,10000,,3,600,,,
1354,14,7,,,6,4200,,1,700,,,
1354,15,25,,,20,4000,,5,1000,,,
1355,14,14,,,14,14000,,,,,,
1356,14,4,,,4,3200,,,,,,
1356,15,19,,,17,3400,,2,400,,,
1358,14,105,,,105,19000,,,,,,
1358,15,43,,,40,8000,,3,600,,,
1367,14,30,,,30,40000,,,,,,
1367,16,20,,,20,20000,,,,,,
1369,14,169,,,169,82500,,,,,,
1369,15,110,,,110,24000,,,,,,
1370,14,220,,,190,30000,,30,4500,,,
1370,15,140,,,120,33000,,20,5600,,,
1372,14,110,,,110,20000,,,,,,
1372,15,55,,,55,14000,,,,,,
1372,20,50,,,50,5000,,,,,,
1373,1,540,,,540,108000,,,,,,
1373,14,75,,,75,11500,,,,,,
1373,15,10,,,10,2000,,,,,,
1373,20,50,,,50,6000,,,,,,
1374,13,60,,,40,40000,,20,20000,,,
1374,14,300,20,80000,230,100000,,50,30000,,,
1374,15,120,,,100,25000,,20,5000,,,
1375,1,550,,,550,103600,,,,,,
1375,14,165,,,152,27800,,13,4350,,,
1375,15,58,,,52,11000,,6,1500,,,
1376,14,75.5,,,63,12500,,12.5,5200,,,
1376,15,80,,,74.5,9800,,5.5,1900,,,
1378,14,7,,,7,2800,,,,,,
1378,20,25,22,4800,3,650,,,,2,,
1379,14,20,,,20,6000,,,,,,
1379,15,25,,,25,5000,,,,,,
1380,14,10,,,10,3100,,,,,,
1386,14,12,,,12,3600,,,,,,
1386,15,28,,,20,4000,,8,1600,,,
1388,15,15,,,12,2200,,3,500,,,
1393,14,25,,,25,10000,,,,,,
1393,15,18,,,18,5400,,,,,,
1394,1,360,,,360,72000,,,,,,
1394,14,24,,,24,4800,,,,,,
1394,15,15,,,15,3000,,,,,,
1401,14,60,,,30,10000,,30,10000,,,
1404,14,30,,,20,15000,,10,7000,,,
1405,14,50,,,50,15000,,,,,,
1405,15,30,,,30,6000,,,,,,
1406,14,30,,,30,15000,,,,,,
1406,15,20,,,20,6000,,,,,,
1408,14,50,,,50,25000,,,,,,
1408,15,50,,,50,15000,,,,,,
1409,14,30,,,30,15000,,,,,,
1409,15,30,,,30,6000,,,,,,
1411,14,30,,,30,15000,,,,,,
1411,15,30,,,30,6000,,,,,,
1412,14,20,,,20,10000,,,,,,
1412,15,30,,,30,6000,,,,,,
1413,14,30,,,30,15000,,,,,,
1413,15,30,,,30,6000,,,,,,
1414,1,792,,,742,155870,,50,11000,,,
1414,7,3000,2720,380800,200,50000,80,,,5,,
1414,8,80,18,30600,40,68000,10,12,20000,3,6,
1414,9,10,,,10,10000,,,,,,
1414,10,500,250,75000,220,55000,30,,,3,6,
1414,11,35,,,20,60000,,15,45000,,,
1414,14,300,,,280,92400,,20,6600,,,
1414,15,200,,,170,34000,,30,6000,,,
1414,16,10,,,10,8000,,,,,,
1414,19,1800,1270,101600,500,35000,30,,,3,6,7
1415,1,600,,,550,110000,,50,11000,,,
1415,7,2700,2480,347200,220,55000,,,,5,,
1415,8,50,,,30,45000,,20,30000,,,
1415,9,6,,,6,6000,,,,,,
1415,10,400,200,60000,200,60000,,,,4,6,7
1415,11,40,,,30,90000,,10,30000,,,
1415,14,250,,,230,75900,,20,6600,,,
1415,15,180,,,170,34000,,10,2000,,,
1415,16,12,,,12,9000,,,,,,
1415,19,2500,2000,160000,500,35000,,,,3,6,7
1416,1,432,,,400,88000,,32,7000,,,
1416,2,20,,,20,60000,,,,,,
1416,7,2500,2300,414000,180,45000,20,,,3,5,
1416,8,120,70,119000,30,45000,5,15,22500,2,3,7
1416,9,6,,,6,6000,,,,,,
1416,10,450,230,69000,200,50000,20,,,2,3,6
1416,11,50,15,49500,25,75000,,10,30000,2,6,
1416,12,20,,,15,18000,,5,6000,,,
1416,13,10,,,10,10000,,,,,,
1416,14,180,,,150,49500,,30,9900,,,
1416,15,150,,,140,28000,,10,2000,,,
1416,16,14,,,12,7200,,2,1200,,,
1416,19,2700,2070,165600,600,48000,30,,,3,6,7
1417,1,605,,,565,124300,,40,8800,,,
1417,7,6000,5740,803600,250,62500,10,,,5,,
1417,8,170,100,180000,40,60000,,30,45000,2,3,6
1417,9,8,,,8,8000,,,,,,
1417,10,540,300,90000,240,60000,,,,2,3,6
1417,11,60,10,33000,30,90000,,20,60000,2,3,7
1417,14,230,,,200,66000,,30,9900,,,
1417,15,200,,,180,36000,,20,4000,,,
1417,16,12,,,10,7000,,2,1400,,,
1417,19,1300,700,56000,600,42000,,,,3,6,7
1418,1,432,,,400,88000,,32,7040,,,
1418,2,15,,,15,45000,,,,,,
1418,7,2600,2425,340000,150,37500,25,,,5,,
1418,8,80,30,51000,25,37500,5,20,30000,,,
1418,9,4,,,4,4000,,,,,,
1418,10,400,210,63000,170,42500,20,,,2,3,6
1418,11,35,,,20,60000,,15,45000,,,
1418,14,180,,,150,49500,,30,9900,,,
1418,15,150,,,130,26000,,20,4000,,,
1418,16,10,,,10,8000,,,,,,
1418,17,250,213,702900,12,36000,5,20,60000,,,
1418,19,1100,670,53600,400,28000,30,,,3,6,7
1419,1,432,,,392,66240,,40,8800,,,
1419,7,2000,1860,200000,140,35000,,,,5,,
1419,8,70,30,54000,20,30000,,20,30000,3,6,7
1419,9,7,,,7,7000,,,,,,
1419,10,350,200,60000,150,37500,,,,3,6,7
1419,11,20,,,20,60000,,,,,,
1419,14,230,,,200,66000,,30,9900,,,
1419,15,140,,,120,24000,,20,4000,,,
1419,16,8,,,8,5600,,,,,,
1419,17,400,380,1140000,10,30000,,10,30000,2,3,7
1419,19,2400,2000,160000,400,28000,,,,3,6,7
1420,1,108,,,88,18480,,20,4400,,,
1420,14,80,,,70,23100,,10,3300,,,
1420,15,110,,,100,20000,,10,2000,,,
1420,16,6,,,6,4800,,,,,,
1422,1,540,,,500,110000,,40,8800,,,
1422,7,2300,2100,378000,200,50000,,,,3,5,6
1422,8,70,30,54000,25,37500,,15,22500,2,4,6
1422,9,7,,,7,7000,,,,,,
1422,10,350,130,39000,220,55000,,,,3,6,7
1422,11,40,,,20,60000,,20,60000,,,
1422,14,250,,,220,72000,,30,9900,,,
1422,15,220,,,200,44000,,20,4400,,,
1422,16,9,,,9,7200,,,,,,
1422,19,1800,1400,110000,400,28000,,,,3,5,6
1423,14,160,,,80,26400,,80,26400,,,
1423,15,80,,,40,6800,,40,6800,,,
1424,14,140,,,70,23100,,70,23100,,,
1424,15,60,,,30,5100,,30,5100,,,
1425,14,110,,,50,16500,,60,19800,,,
1425,15,60,,,30,5400,,30,5400,,,
1426,14,100,,,50,16500,,50,16500,,,
1426,15,80,,,40,7200,,40,7200,,,
1427,14,120,,,60,19800,,60,19800,,,
1427,15,80,,,40,7200,,40,7200,,,
1428,14,100,,,50,16500,,50,16500,,,
1428,15,40,,,20,3600,,20,3600,,,
1429,14,110,,,55,18150,,55,18150,,,
1429,15,40,,,20,3600,,20,3600,,,
1430,14,80,,,40,13200,,40,13200,,,
1430,15,40,,,20,3600,,20,3600,,,
1431,14,80,,,40,13200,,40,13200,,,
1431,15,60,,,30,5400,,30,5400,,,
1432,1,280,,,270,59000,,10,2200,,,
1432,14,100,,,50,16500,,50,16500,,,
1432,15,60,,,30,5400,,30,5400,,,
1432,19,900,400,28000,500,35000,,,,2,6,7
1433,1,420,,,405,69000,,15,2600,,,
1433,7,600,300,75000,300,75000,,,,2,6,7
1433,8,110,50,80000,48,76800,2,10,16000,2,3,4
1433,9,30,15,15000,15,15000,,,,2,6,
1433,10,600,300,90000,300,90000,,,,2,3,6
1433,11,35,10,30000,20,60000,,5,15000,2,6,7
1433,14,140,,,70,23100,,70,23100,,,
1433,15,80,,,40,7200,,40,7200,,,
1433,19,1600,800,56000,800,56000,,,,2,3,6
1434,1,570,,,550,94000,,20,3400,,,
1434,7,500,250,75000,250,75000,,,,2,6,7
1434,8,100,35,56000,50,80000,5,10,16000,2,3,6
1434,9,25,13,19000,12,12000,,,,2,6,
1434,10,600,300,90000,300,90000,,,,2,3,6
1434,11,35,10,30000,20,60000,,5,15000,2,,
1434,14,140,,,70,23100,,70,23100,,,
1434,15,100,,,50,9000,,50,9000,,,
1434,19,1500,700,50000,800,56000,,,,2,3,6
1435,1,570,,,550,93500,,20,3400,,,
1435,7,600,300,60000,300,60000,,,,2,5,6
1435,8,90,20,32000,55,88000,,15,24000,2,5,3
1435,9,20,10,10000,10,10000,,,,2,6,
1435,10,600,300,60000,300,60000,,,,2,3,6
1435,11,30,,,25,75000,,5,15000,,,
1435,14,140,,,70,23100,,70,23100,,,
1435,15,100,,,50,9000,,50,9000,,,
1435,19,1700,900,63000,800,56000,,,,2,3,6
1436,1,280,,,260,57000,,20,4400,,,
1436,14,120,,,60,19800,,60,19800,,,
1436,15,60,,,30,5400,,30,5400,,,
1436,19,1000,500,35000,500,35000,,,,2,6,7
1437,1,570,,,560,94000,,10,1680,,,
1437,7,600,300,75000,300,75000,,,,2,5,6
1437,8,110,40,64000,50,80000,5,15,24000,2,3,6
1437,9,25,10,10000,15,15000,,,,2,3,6
1437,10,600,300,90000,300,90000,,,,2,3,6
1437,11,36,9,27000,20,60000,2,5,15000,,,
1437,14,150,,,75,24750,,75,24750,,,
1437,15,80,,,40,7200,,40,7200,,,
1437,19,1300,600,42000,700,49000,,,,2,8,7
1438,1,300,,,280,68000,,20,4400,,,
1438,7,400,200,50000,200,50000,,,,2,6,5
1438,8,70,28,44800,34,54400,2,6,9600,2,3,6
1438,9,10,,,10,10000,,,,,,
1438,10,300,150,45000,150,45000,,,,2,3,6
1438,11,15,,,12,36000,,3,9000,,,
1438,14,110,,,60,19800,,50,16500,,,
1438,15,80,,,40,7200,,40,7200,,,
1438,19,1200,700,50000,500,35000,,,,2,3,6
1439,1,140,,,130,29000,,10,2200,,,
1439,14,60,,,30,9900,,30,9900,,,
1439,15,20,,,10,1800,,10,1800,,,
1440,1,140,,,130,28800,,10,2200,,,
1440,14,100,,,50,16500,,50,16500,,,
1440,15,60,,,30,5400,,30,5400,,,
1442,1,700,,,640,128000,,60,12000,,,
1442,14,150,,,150,22500,,,,,,
1442,15,20,,,15,3750,,5,1250,,,
1442,16,22,,,22,17600,,,,,,
1442,19,3600,3100,217000,500,35000,,,,2,,
1443,1,500,,,500,100000,,,,,,
1443,2,50,,,50,200000,,,,,,
1443,14,100,,,100,15000,,,,,,
1443,15,10,,,10,2500,,,,,,
1443,19,1080,,,1080,75600,,,,,,
1444,1,300,,,300,60000,,,,,,
1444,14,100,,,100,19000,,,,,,
1444,15,25,,,22,5500,,3,750,,,
1444,16,30,,,30,24000,,,,,,
1444,19,480,,,480,33600,,,,,,
1445,1,540,,,540,108000,,,,,,
1445,14,120,,,110,16500,,10,1500,,,
1445,15,30,,,25,6250,,5,1250,,,
1445,16,40,,,40,32000,,,,,,
1446,1,750,,,700,140000,,50,10000,,,
1446,14,60,,,60,19000,,,,,,
1446,15,60,,,50,12500,,10,2500,,,
1446,16,20,,,20,16000,,,,,,
1446,19,960,,,960,67200,,,,,,
1447,14,190,,,170,131500,,20,13800,,,
1447,15,30,,,30,7500,,,,,,
1447,19,480,,,480,33600,,,,,,
1448,1,360,,,310,62000,,50,10000,,,
1448,14,95,,,95,44250,,,,,,
1448,15,25,,,25,6250,,,,,,
1448,16,15,,,15,12000,,,,,,
1448,19,3600,3200,224000,400,28000,,,,2,,
1449,1,400,,,400,80000,,,,,,
1449,14,100,,,100,21000,,,,,,
1449,15,20,,,17,4250,,3,750,,,
1449,16,30,,,30,24000,,,,,,
1449,19,1000,,,1000,74000,,,,,,
1450,14,40,,,40,14000,,,,,,
1450,15,30,,,30,6900,,,,,,
1451,14,70,,,50,16000,,20,6000,,,
1451,15,50,,,30,6000,,20,4600,,,
1452,14,30,,,30,9000,,,,,,
1452,15,40,,,40,10000,,,,,,
1453,14,70,,,60,18000,,10,3800,,,
1453,15,60,,,55,11550,,5,1250,,,
1454,14,80,,,80,20000,,,,,,
1454,15,60,,,60,13200,,,,,,
1454,16,10,,,10,15000,,,,,,
1456,1,960,,,960,211200,,,,,,
1456,14,120,,,100,30000,,20,6000,,,
1456,15,100,,,90,22500,,10,2000,,,
1456,16,20,,,20,26000,,,,,,
1457,14,50,,,50,15000,,,,,,
1457,15,40,,,40,10000,,,,,,
1458,14,30,,,30,7500,,,,,,
1458,15,30,,,30,6900,,,,,,
1460,14,30,,,29,21650,,1,1000,,,
1460,15,92,,,89,21440,,3,1010,,,
1465,14,20,,,20,14200,,,,,,
1465,15,10,,,10,4500,,,,,,
1468,1,880,,,880,181200,,,,,,
1468,7,1000,800,200000,200,50000,,,,3,2,
1468,8,295,200,300000,80,120000,,15,22500,3,2,
1468,10,2000,1500,375000,500,125000,,,,3,2,
1468,11,60,,,55,110000,,5,10000,,,
1468,14,60,,,60,25000,,,,,,
1468,15,30,,,30,12600,,,,,,
1468,16,10,,,10,8000,,,,,,
1468,19,2500,1000,70000,1500,105000,,,,3,2,
1469,1,730,,,730,145200,,,,,,
1469,14,40,,,35,14800,,5,2250,,,
1469,15,30,,,30,13500,,,,,,
1469,16,10,,,10,7000,,,,,,
1470,1,730,,,730,146000,,,,,,
1470,14,40,,,30,16000,5,5,2000,,,
1470,15,20,,,18,7700,,2,850,,,
1470,16,5,,,5,4000,,,,,,
1471,1,550,,,550,110000,,,,,,
1471,7,300,150,45000,150,45000,,,,2,3,
1471,8,60,40,60000,20,30000,,,,2,3,
1471,10,1500,1000,300000,500,150000,,,,2,3,
1471,11,10,,,10,22000,,,,,,
1471,12,50,30,30000,5,5000,5,10,10000,2,,
1471,13,30,20,10000,5,2500,5,,,2,,
1471,14,30,,,20,8000,5,5,2000,,,
1471,15,25,,,20,7800,5,,,,,
1471,16,10,,,10,8000,,,,,,
1471,19,3500,1500,105000,2000,140000,,,,2,3,
1472,1,880,,,880,181000,,,,,,
1472,14,50,,,45,19000,,5,2000,,,
1472,15,30,,,25,11250,,5,2250,,,
1472,16,15,,,15,10500,,,,,,
1473,1,290,,,290,69600,,,,,,
1473,14,30,,,30,12000,,,,,,
1473,15,25,,,20,8000,,5,2000,,,
1475,14,30,,,30,11000,,,,,,
1475,15,20,,,20,9000,,,,,,
1476,1,900,,,900,206000,,,,,,
1476,15,50,,,45,20250,,5,2500,,,
1476,16,15,,,15,11000,,,,,,
1477,14,15,,,15,6000,,,,,,
1477,15,15,,,15,3000,,,,,,
1478,14,20,,,20,8000,,,,,,
1478,15,30,,,30,6000,,,,,,
1480,14,35,,,30,12000,,5,2000,,,
1480,15,26,,,20,3000,,6,900,,,
1481,14,20,,,20,8000,,,,,,
1481,15,25,,,25,5000,,,,,,
1482,14,25,,,25,10000,,,,,,
1482,15,15,,,15,2250,,,,,,
1483,14,35,,,35,14000,,,,,,
1483,15,30,,,30,4500,,,,,,
1485,14,55,,,50,20000,,5,2000,,,
1485,15,22,,,22,3300,,,,,,
1486,1,450,,,450,90000,,,,,,
1486,14,60,,,57,22800,,3,1200,,,
1486,15,65,,,60,9000,,5,750,,,
1487,1,680,,,680,136000,,,,,,
1487,14,52,,,47,18800,,5,2000,,,
1487,15,54,,,47,7050,,7,1050,,,
1488,1,600,,,600,120000,,,,,,
1488,14,48,,,44,17600,,4,1600,,,
1488,15,59,,,51,7650,,8,1200,,,
1488,19,3750,1950,156000,1800,144000,,,,2,,
1489,1,720,,,720,144000,,,,,,
1489,14,58,,,52,20500,,6,2400,,,
1489,15,64,,,57,8550,,7,1050,,,
1490,1,620,,,620,124000,,,,,,
1490,14,48,,,40,16000,,8,3200,,,
1490,15,52,,,45,6750,,7,1050,,,
1491,1,408,,,408,81600,,,,,,
1491,14,46,,,41,16400,,5,2000,,,
1491,15,50,,,40,6000,,10,1500,,,
1491,19,2800,1800,144000,1000,80000,,,,2,,
1492,1,620,,,620,124000,,,,,,
1492,14,50,,,46,18400,,4,1600,,,
1492,15,54,,,48,7200,,6,900,,,
1493,1,225,,,225,45000,,,,,,
1493,14,32,,,24,9600,,8,3200,,,
1493,15,36,,,26,3900,,10,1500,,,
1494,1,600,,,600,120000,,,,,,
1494,14,53,,,47,18800,,6,2400,,,
1494,15,57,,,47,7050,,10,1500,,,
1495,1,400,,,400,80000,,,,,,
1495,14,85,,,80,24000,,5,1500,,,
1495,15,80,,,70,14000,,10,2000,,,
1495,16,15,,,15,15000,,,,,,
1496,1,400,,,400,80000,,,,,,
1496,7,3400,3000,600000,400,80000,,,,2,,
1496,8,90,,,90,135000,,,,,,
1496,10,300,,,300,60000,,,,,,
1496,11,40,,,40,80000,,,,,,
1496,14,110,,,100,35000,,10,3500,,,
1496,15,100,,,90,22500,,10,2500,,,
1496,16,10,,,10,10000,,,,,,
1496,19,800,,,800,56000,,,,,,
1497,14,40,,,40,12000,,,,,,
1497,15,40,,,40,10000,,,,,,
1498,1,600,,,600,122000,,,,,,
1498,7,300,,,300,60000,,,,,,
1498,8,80,,,80,120000,,,,,,
1498,10,500,,,500,100000,,,,,,
1498,11,15,,,15,30000,,,,,,
1498,14,102,,,90,27000,,12,3600,,,
1498,15,80,,,70,17500,,10,2500,,,
1498,16,20,,,20,20000,,,,,,
1499,1,500,,,500,100000,,,,,,
1499,14,110,,,95,33500,,15,5500,,,
1499,15,102,,,90,22500,,12,3000,,,
1499,16,10,,,10,10000,,,,,,
1501,1,140,,,140,28000,,,,,,
1501,14,20,,,20,7000,,,,,,
1501,15,20,,,20,5000,,,,,,
1502,1,260,,,260,52000,,,,,,
1502,14,56,,,50,17500,,6,2100,,,
1502,15,50,,,40,10000,,10,2500,,,
1502,16,10,,,10,10000,,,,,,
1503,14,30,,,30,10500,,,,,,
1503,15,20,,,20,5000,,,,,,
1504,1,420,,,420,88200,,,,,,
1504,14,40,,,40,14000,,,,,,
1504,15,60,,,60,21000,,,,,,
1506,14,40,,,40,14000,,,,,,
1506,15,60,,,60,21000,,,,,,
1507,1,504,,,504,105840,,,,,,
1507,14,30,,,30,10500,,,,,,
1507,15,30,,,30,10500,,,,,,
1510,1,410,,,410,85680,,,,,,
1510,14,30,,,30,10500,,,,,,
1510,15,30,,,30,10500,,,,,,
1511,1,720,,,720,151200,,,,,,
1511,14,30,,,30,10500,,,,,,
1511,15,40,,,40,14000,,,,,,
1513,1,324,,,324,68040,,,,,,
1513,7,2400,2300,460000,100,20000,,,,5,,
1513,8,100,70,105000,20,30000,,10,15000,2,6,
1513,9,20,,,20,24000,,,,,,
1513,10,60,,,60,15000,,,,,,
1513,11,30,,,20,60000,,10,30000,,,
1513,14,180,,,120,66000,,60,33000,,,
1513,15,80,,,60,12000,,20,4000,,,
1513,16,10,,,10,15000,,,,,,
1513,19,3000,2000,100000,1000,50000,,,,2,6,
1514,1,540,,,540,113400,,,,,,
1514,7,2400,2300,460000,100,20000,,,,5,,
1514,8,80,30,45000,30,45000,,20,30000,2,,
1514,9,10,,,10,12000,,,,,,
1514,10,60,,,60,15000,,,,,,
1514,11,40,,,20,60000,,20,60000,,,
1514,14,200,,,150,75000,,50,25000,,,
1514,15,100,,,70,14000,,30,6000,,,
1514,16,30,,,30,45000,,,,,,
1514,19,3000,2000,100000,1000,50000,,,,2,6,
1515,1,216,,,216,45360,,,,,,
1515,7,12100,12000,2400000,100,25000,,,,5,,
1515,8,200,180,270000,10,15000,,10,15000,4,,
1515,9,10,,,10,12000,,,,,,
1515,10,60,,,60,15000,,,,,,
1515,11,100,70,210000,10,30000,,20,60000,4,,
1515,14,100,,,80,40000,,20,10000,,,
1515,15,80,,,60,12000,,20,4000,,,
1515,16,20,,,20,30000,,,,,,
1515,19,2800,2300,115000,500,25000,,,,4,6,
1516,1,756,,,756,158760,,,,,,
1516,7,5000,4900,980000,100,20000,,,,5,,
1516,8,120,60,90000,40,60000,,20,30000,2,,
1516,9,10,,,10,12000,,,,,,
1516,10,100,,,100,25000,,,,,,
1516,11,70,30,90000,30,90000,,10,30000,2,,
1516,14,200,,,170,85000,,30,15000,,,
1516,15,100,,,80,16000,,20,4000,,,
1516,16,30,,,30,45000,,,,,,
1516,19,3000,2000,100000,1000,50000,,,,2,6,
1517,1,432,,,432,90720,,,,,,
1517,7,100,,,100,20000,,,,,,
1517,8,150,110,165000,20,30000,,20,30000,2,4,
1517,9,10,,,10,12000,,,,,,
1517,10,80,,,80,20000,,,,,,
1517,11,80,50,150000,20,60000,,10,30000,2,,
1517,14,150,,,100,55000,,50,27500,,,
1517,15,100,,,50,10000,,50,10000,,,
1517,16,20,,,20,30000,,,,,,
1517,19,2800,2000,100000,800,40000,,,,2,6,
1518,1,216,,,216,45360,,,,,,
1518,7,60,,,60,12000,,,,,,
1518,8,100,80,120000,10,15000,,10,15000,2,6,
1518,9,10,,,10,12000,,,,,,
1518,10,50,,,50,12500,,,,,,
1518,11,80,60,180000,10,30000,,10,30000,2,,
1518,14,80,,,40,24000,,40,24000,,,
1518,15,100,,,70,14000,,30,6000,,,
1518,16,5,,,5,7500,,,,,,
1518,19,3000,2500,125000,500,25000,,,,2,6,
1519,1,540,,,540,113400,,,,,,
1519,7,5000,4900,980000,100,20000,,,,5,,
1519,8,120,80,120000,20,30000,,20,30000,2,6,
1519,9,20,,,20,24000,,,,,,
1519,10,100,,,100,25000,,,,,,
1519,11,100,80,240000,20,60000,,,,2,,
1519,14,180,,,150,75000,,30,15000,,,
1519,15,100,,,80,16000,,20,4000,,,
1519,16,30,,,30,45000,,,,,,
1519,19,3000,2000,100000,1000,50000,,,,2,5,6
1520,1,216,,,216,45360,,,,,,
1520,7,50,,,50,10000,,,,,,
1520,8,50,30,45000,10,15000,,10,15000,2,,
1520,9,10,,,10,12000,,,,,,
1520,10,50,,,50,12500,,,,,,
1520,11,80,60,180000,10,30000,,10,30000,2,,
1520,14,60,,,40,20000,,20,10000,,,
1520,15,100,,,80,16000,,20,4000,,,
1520,16,10,,,10,15000,,,,,,
1520,19,2800,2300,115000,500,25000,,,,2,6,
1521,1,216,,,216,45360,,,,,,
1521,7,2500,2500,500000,,,,,,5,,
1521,8,80,60,90000,10,15000,,10,15000,2,6,
1521,9,5,,,5,6000,,,,,,
1521,10,50,,,50,12500,,,,,,
1521,11,60,40,120000,10,30000,,10,30000,2,6,
1521,14,80,,,60,44000,,20,11000,,,
1521,15,80,,,70,14000,,10,2000,,,
1521,19,2800,2600,130000,200,10000,,,,2,6,
1522,1,430,,,430,90000,,,,,,
1522,7,600,,,600,120000,,,,,,
1522,8,40,,,30,45000,,10,15000,,,
1522,9,10,,,10,12000,,,,,,
1522,10,400,,,400,100000,,,,,,
1522,14,60,,,50,30000,,10,6000,,,
1522,15,30,,,20,4000,,10,2000,,,
1522,16,7,,,7,10000,,,,,,
1522,19,700,,,700,35000,,,,,,
1523,1,540,,,540,113400,,,,,,
1523,14,80,,,70,42000,,10,6000,,,
1523,15,40,,,30,6000,,10,2000,,,
1524,1,750,,,730,157000,,20,4200,,,
1524,7,1400,900,180000,500,100000,,,,2,,
1524,8,80,50,75000,20,30000,,10,15000,2,,
1524,9,20,,,20,24000,,,,,,
1524,10,800,500,125000,300,75000,,,,2,,
1524,11,30,,,25,62500,,5,12500,,,
1524,14,80,,,70,42000,,10,6000,,,
1524,15,40,,,30,6000,,10,2000,,,
1524,16,10,,,10,16000,,,,,,
1524,19,1500,800,40000,700,35000,,,,2,,
1525,1,320,,,320,68000,,,,,,
1525,7,800,500,100000,300,60000,,,,2,,
1525,8,60,30,45000,20,30000,,10,15000,2,,
1525,9,10,,,10,12000,,,,,,
1525,10,600,400,100000,200,50000,,,,2,,
1525,11,40,,,30,75000,,10,25000,,,
1525,14,70,,,50,10000,,20,12000,,,
1525,15,40,,,30,6000,,10,2000,,,
1525,16,10,,,10,15000,,,,,,
1525,19,1400,800,40000,600,30000,,,,2,,
1526,1,430,,,430,90000,,,,,,
1526,7,4200,4000,800000,200,40000,,,,2,,
1526,8,100,60,90000,30,45000,,10,15000,2,,
1526,9,15,,,15,18000,,,,,,
1526,10,700,300,75000,400,100000,,,,2,,
1526,11,60,30,75000,20,50000,,10,25000,2,,
1526,14,60,,,50,30000,,10,6000,,,
1526,15,20,,,15,3000,,5,1000,,,
1526,16,10,,,10,18000,,,,,,
1526,19,600,,,600,30000,,,,,,
1527,1,640,,,640,134400,,,,,,
1527,7,1100,1000,200000,100,20000,,,,2,,
1527,8,90,50,75000,30,45000,,10,15000,2,,
1527,9,20,,,20,24000,,,,,,
1527,10,600,200,50000,400,100000,,,,2,,
1527,11,40,,,30,75000,,10,25000,,,
1527,14,80,,,70,42000,,10,6000,,,
1527,15,50,,,40,8000,,10,2000,,,
1527,16,10,,,10,17000,,,,,,
1527,17,120,100,300000,20,60000,,,,2,,
1527,19,1500,800,40000,700,35000,,,,2,,
1528,1,500,,,500,105000,,,,,,
1528,14,80,,,60,36000,,20,12000,,,
1528,15,40,,,30,6000,,10,2000,,,
1528,16,5,,,5,8000,,,,,,
1529,1,540,,,540,113400,,,,,,
1529,7,600,,,600,120000,,,,,,
1529,8,40,,,30,45000,,10,15000,,,
1529,9,20,,,20,24000,,,,,,
1529,10,400,,,400,100000,,,,,,
1529,11,30,,,20,60000,,10,30000,,,
1529,19,500,,,500,25000,,,,,,
1530,1,210,,,210,44000,,,,,,
1530,14,40,,,30,18000,,10,6000,,,
1530,15,20,,,15,3000,,5,1000,,,
1530,16,5,,,5,7000,,,,,,
1532,1,432,,,432,86400,,,,,,
1532,14,22,,,22,9900,,,,,,
1532,15,10,,,10,3500,,,,,,
1533,1,432,,,432,86400,,,,,,
1533,14,30,,,30,13500,,,,,,
1533,15,10,,,10,2500,,,,,,
1534,1,756,,,756,151200,,,,,,
1534,14,40,,,40,18000,,,,,,
1534,15,40,,,40,14000,,,,,,
1534,16,20,,,20,20000,,,,,,
1535,1,648,,,648,129600,,,,,,
1535,14,30,,,30,13500,,,,,,
1535,15,20,,,20,7000,,,,,,
1535,16,10,,,10,15000,,,,,,
1536,1,108,,,108,21600,,,,,,
1536,14,10,,,10,4500,,,,,,
1536,15,6,,,6,2100,,,,,,
1537,1,108,,,108,21600,,,,,,
1537,14,8,,,8,3600,,,,,,
1538,1,324,,,324,64800,,,,,,
1538,14,20,,,20,9000,,,,,,
1538,15,10,,,10,3500,,,,,,
1538,16,10,,,10,12000,,,,,,
1539,1,216,,,216,43200,,,,,,
1539,14,20,,,20,9000,,,,,,
1539,15,10,,,10,3500,,,,,,
1540,14,70,,,61,15500,,9,2500,,,
1540,15,50,,,50,10000,,,,,,
1541,14,72,,,72,18600,,,,,,
1541,15,58,,,58,12500,,,,,,
1542,14,30,,,26,6300,,4,1200,,,
1542,15,35,,,35,7000,,,,,,
1543,1,240,,,240,46000,,,,,,
1543,14,91,,,78,20500,,13,3800,,,
1543,15,60,,,60,12600,,,,,,
1544,14,84,,,73,18500,,11,3300,,,
1544,15,45,,,45,9000,,,,,,
1545,14,44,,,36,8900,,8,2300,,,
1545,15,46,,,46,9000,,,,,,
1546,1,250,,,250,48500,,,,,,
1546,14,86,,,74,20000,,12,2600,,,
1546,15,64,,,64,13500,,,,,,
1547,14,62,,,52,14300,,10,2800,,,
1547,15,40,,,40,8000,,,,,,
1548,1,500,,,500,95000,,,,,,
1548,14,118,,,100,25000,,18,3600,,,
1548,15,80,,,80,17000,,,,,,
1549,1,500,,,480,95000,20,,,,,
1549,7,1600,1300,220000,300,75000,,,,5,6,
1549,8,100,,,90,180000,5,5,10000,,,
1549,10,400,,,380,95000,20,,,,,
1549,14,300,,,200,70000,20,80,28000,,,
1549,15,100,,,80,16000,5,15,3000,,,
1549,16,40,,,38,30000,2,,,,,
1549,19,3000,1500,105000,1500,105000,,,,6,,
1549,20,70,,,60,12000,5,5,1000,,,
1550,1,720,,,700,138000,20,,,,,
1550,7,1600,1500,240000,100,25000,,,,5,6,
1550,8,100,,,90,180000,3,7,14000,,,
1550,10,400,,,380,95000,20,,,,,
1550,12,10,,,7,14000,1,2,4000,,,
1550,13,30,,,20,20000,5,5,5000,,,
1550,14,300,,,200,70000,10,90,31500,,,
1550,15,100,,,85,17000,5,10,2000,,,
1550,16,30,,,28,22400,,2,1600,,,
1550,19,2000,,,1950,136500,50,,,,,
1550,20,100,,,70,14000,20,10,2000,,,
1551,1,960,,,900,160000,60,,,,,
1551,7,6500,5280,850000,1200,300000,20,,,5,6,7
1551,8,250,,,220,440000,15,15,30000,,,
1551,9,10,,,10,10000,,,,,,
1551,10,500,,,450,112500,50,,,,,
1551,12,30,,,25,45000,5,,,,,
1551,13,30,,,25,25000,5,,,,,
1551,14,600,,,450,157500,50,100,35000,,,
1551,15,100,,,80,16000,5,15,3000,,,
1551,16,60,,,60,48000,,,,,,
1551,19,3000,,,2800,196000,200,,,,,
1551,20,110,,,90,18000,10,10,2000,,,
1552,1,360,,,340,65000,20,,,,,
1552,7,5100,4900,800000,200,50000,,,,5,6,7
1552,8,80,,,70,140000,4,6,12000,,,
1552,10,100,,,90,22500,10,,,,,
1552,14,200,,,140,49000,20,40,14000,,,
1552,15,60,,,40,8000,5,15,3000,,,
1552,16,40,,,35,28000,5,,,,,
1552,20,50,,,40,8000,,10,2000,,,
1553,1,540,,,520,104800,20,,,,,
1553,7,700,,,600,150000,100,,,,,
1553,8,40,,,38,57000,2,,,,,
1553,9,3,,,3,3000,,,,,,
1553,10,400,,,380,95000,20,,,,,
1553,14,60,,,60,21000,,,,,,
1553,15,20,,,20,4000,,,,,,
1553,16,20,,,20,16000,,,,,,
1553,19,900,,,850,60000,50,,,,,
1553,20,90,,,80,16000,,10,2000,,,
1554,14,100,,,60,21000,20,20,7000,,,
1554,15,40,,,20,4000,5,15,3000,,,
1554,16,10,,,10,7000,,,,,,
1554,20,30,,,20,4000,,10,2000,,,
1555,1,540,,,520,100000,20,,,,,
1555,7,1600,1500,240000,100,25000,,,,5,6,
1555,8,100,50,80000,40,64000,4,6,9600,6,7,
1555,10,300,,,280,70000,20,,,,,
1555,14,120,,,80,28000,10,30,10500,,,
1555,15,60,,,50,10000,5,5,1000,,,
1555,16,30,,,27,20000,3,,,,,
1555,19,900,100,7000,760,53200,40,,,6,,
1555,20,50,,,40,8000,5,5,1000,,,
1556,1,720,,,710,140400,10,,,,,
1556,14,300,,,180,63000,30,90,31500,,,
1556,15,120,,,90,18000,5,25,5000,,,
1556,16,40,,,35,28000,5,,,,,
1556,19,900,,,880,61600,20,,,,,
1556,20,70,,,60,12000,5,5,1000,,,
1557,1,720,,,700,138000,20,,,,,
1557,7,500,300,75000,200,50000,,,,6,,
1557,8,72,,,50,80000,6,16,25600,,,
1557,9,3,,,3,3000,,,,,,
1557,10,310,,,300,75000,10,,,,,
1557,12,40,10,25000,20,50000,2,8,20000,6,,
1557,13,20,,,18,18000,2,,,,,
1557,14,1300,1000,2500000,200,70000,20,80,28000,7,,
1557,15,100,,,80,16000,5,15,3000,,,
1557,16,60,,,55,33000,5,,,,,
1557,19,600,,,580,40600,20,,,,,
1557,20,100,,,70,14000,10,20,4000,,,
1558,1,700,,,700,130000,,,,,,
1558,8,20,,,20,26000,,,,,,
1558,10,200,,,200,50000,,,,,,
1558,14,250,,,250,70000,,,,,,
1558,15,70,,,50,10000,,20,4000,,,
1558,16,10,,,10,15000,,,,,,
1558,19,800,,,800,56000,,,,,,
1558,20,70,,,70,10500,,,,,,
1559,1,900,,,900,170000,,,,,,
1559,7,100,,,100,20000,,,,,,
1559,8,40,,,40,56000,,,,,,
1559,10,300,,,300,60000,,,,,,
1559,11,25,,,25,62000,,,,,,
1559,14,120,,,100,22000,,20,4000,,,
1559,15,60,,,45,11000,,15,3700,,,
1559,16,25,,,25,20000,,,,,,
1559,19,1000,,,1000,70000,,,,,,
1559,20,80,,,60,15000,,20,5000,,,
1560,1,380,,,380,73000,,,,,,
1560,7,50,,,50,10000,,,,,,
1560,8,20,,,15,20000,,5,6500,,,
1560,10,200,,,200,50000,,,,,,
1560,14,60,,,40,12000,,20,6000,,,
1560,15,25,,,20,5000,,5,1200,,,
1560,20,30,,,20,4000,,10,2000,,,
1561,1,500,,,500,100000,,,,,,
1561,7,300,300,30000,,,,,,7,,
1561,8,50,,,40,52000,,10,13000,,,
1561,10,250,,,250,62000,,,,,,
1561,11,30,,,30,69000,,,,,,
1561,14,50,,,50,10000,,,,,,
1561,15,30,,,30,7500,,,,,,
1561,19,1200,,,1200,84000,,,,,,
1561,20,50,,,50,5000,,,,,,
1562,1,350,,,350,68000,,,,,,
1562,7,100,,,100,25000,,,,,,
1562,8,30,,,30,39000,,,,,,
1562,9,5,,,5,5000,,,,,,
1562,10,280,,,280,70000,,,,,,
1562,14,80,,,60,18000,,20,6000,,,
1562,15,50,,,40,10000,,10,2500,,,
1562,16,20,,,20,20000,,,,,,
1562,19,700,,,700,49000,,,,,,
1562,20,50,,,40,10000,,10,2500,,,
1563,1,800,,,800,150000,,,,,,
1563,14,220,,,200,70000,,20,7000,,,
1563,15,80,,,70,17000,,10,2500,,,
1563,16,25,,,25,38000,,,,,,
1563,19,1000,,,1000,80000,,,,,,
1563,20,50,,,40,10000,,10,2500,,,
1564,1,800,,,800,150000,,,,,,
1564,7,100,,,100,20000,,,,,,
1564,8,60,,,60,78000,,,,,,
1564,9,10,,,10,10000,,,,,,
1564,10,250,,,250,62000,,,,,,
1564,11,20,,,20,46000,,,,,,
1564,12,20,,,20,36000,,,,,,
1564,13,30,,,30,40000,,,,,,
1564,14,200,,,200,62000,,,,,,
1564,15,70,,,70,17000,,,,,,
1564,16,30,,,30,45000,,,,,,
1564,19,1050,,,1050,75000,,,,,,
1565,1,700,,,700,136000,,,,,,
1565,14,200,,,165,45000,,35,8000,,,
1565,15,50,,,40,8000,,10,2000,,,
1565,20,100,,,80,14000,,20,3500,,,
1566,1,130,,,130,22000,,,,,,
1566,14,40,,,30,10500,,10,3500,,,
1566,15,30,,,25,6200,,5,1000,,,
1566,20,30,,,30,3000,,,,,,
1568,14,80,,,80,24000,,,,,,
1568,15,40,,,40,8000,,,,,,
1571,14,180,,,165,50000,,15,4500,,,
1571,15,50,,,45,9000,,5,1000,,,
1572,1,540,,,540,100000,,,,,,
1572,14,230,,,218,65400,,12,3600,,,
1572,15,70,,,58,12760,,12,2640,,,
1572,16,30,,,30,26500,,,,,,
1572,19,2300,1800,126000,500,35000,,,,2,6,
1573,1,720,,,720,140000,,,,,,
1573,14,160,,,140,42000,,20,6000,,,
1573,15,50,,,50,11000,,,,,,
1573,16,50,,,50,38000,,,,,,
1574,1,50,,,50,9000,,,,,,
1574,14,300,,,240,60000,,60,15000,,,
1574,15,100,,,88,19360,,12,2640,,,
1574,16,50,,,50,35000,,,,,,
1574,19,900,,,900,63000,,,,,,
1576,1,200,,,200,39000,,,,,,
1576,14,15,,,15,6300,,,,,,
1576,15,35,,,35,7700,,,,,,
1576,20,20,,,20,4400,,,,,,
1577,14,10,,,10,4000,,,,,,
1577,15,20,,,20,4400,,,,,,
1578,1,600,,,600,117000,,,,,,
1578,14,90,,,90,36900,,,,,,
1578,15,40,,,40,8800,,,,,,
1578,20,40,,,30,6000,,10,2000,,,
1579,14,15,,,8,3200,,7,2800,,,
1579,15,25,,,20,4400,,5,1100,,,
1579,20,10,,,7,1540,,3,660,,,
1580,1,300,,,300,58500,,,,,,
1580,14,10,,,8,3200,,2,800,,,
1580,15,20,,,20,4800,,,,,,
1580,20,20,,,20,4400,,,,,,
1581,14,20,,,20,8000,,,,,,
1581,15,30,,,30,6600,,,,,,
1581,20,20,,,20,4400,,,,,,
1582,1,400,,,400,78000,,,,,,
1582,14,50,,,50,20000,,,,,,
1582,15,30,,,30,6600,,,,,,
1582,20,20,,,20,4000,,,,,,
1584,1,700,,,700,136500,,,,,,
1584,14,80,,,80,32000,,,,,,
1584,15,50,,,50,11000,,,,,,
1584,20,50,,,50,10000,,,,,,
1585,14,100,,,90,54000,,10,6000,,,
1585,15,50,,,45,9000,,5,1000,,,
1585,16,30,,,30,30000,,,,,,
1586,1,300,,,300,75000,,,,,,
1586,14,100,,,80,48000,,20,12000,,,
1586,15,50,,,50,10000,,,,,,
1586,16,20,,,20,20000,,,,,,
1587,16,5,,,5,5000,,,,,,
1588,1,300,,,300,75000,,,,,,
1588,14,60,,,50,30000,,10,6000,,,
1588,15,30,,,30,6000,,,,,,
1589,1,300,,,300,75000,,,,,,
1590,14,50,,,50,30000,,,,,,
1590,15,20,,,20,4000,,,,,,
1590,16,25,,,25,25000,,,,,,
1591,14,70,,,70,42000,,,,,,
1591,15,40,,,40,8000,,,,,,
1591,16,10,,,10,10000,,,,,,
1592,14,90,,,90,54000,,,,,,
1592,15,40,,,40,8000,,,,,,
1592,16,15,,,15,15000,,,,,,
1593,1,300,,,300,75000,,,,,,
1593,14,70,,,70,42000,,,,,,
1593,15,50,,,50,10000,,,,,,
1593,16,15,,,15,15000,,,,,,
1594,14,100,,,100,40000,,,,,,
1594,15,50,,,50,25000,,,,,,
1595,14,80,,,80,18000,,,,,,
1595,15,50,,,50,25000,,,,,,
1595,16,15,,,15,9000,,,,,,
1596,1,900,,,900,202500,,,,,,
1596,14,200,,,200,50000,,,,,,
1596,15,100,,,90,45000,,10,5000,,,
1596,16,15,,,15,10000,,,,,,
1597,15,30,,,30,15000,,,,,,
1598,14,90,,,90,20000,,,,,,
1598,15,25,,,25,12500,,,,,,
1599,14,30,,,30,6000,,,,,,
1599,15,12,,,12,6000,,,,,,
1600,14,130,,,130,29000,,,,,,
1600,15,60,,,60,30000,,,,,,
1600,16,5,,,5,4000,,,,,,
1601,1,480,,,480,108000,,,,,,
1601,14,600,,,500,100000,,100,20000,,,
1601,15,30,,,25,12500,,5,2500,,,
1602,7,100,70,17500,30,7500,,,,2,,
1602,8,120,30,45000,70,105000,,20,30000,2,,
1602,10,100,,,100,30000,,,,,,
1602,11,5,,,5,12000,,,,,,
1602,14,100,,,100,20000,,,,,,
1602,15,30,,,30,15000,,,,,,
1602,16,8,,,8,5000,,,,,,
1602,19,450,,,450,31000,,,,,,
1605,14,18,,,18,3600,,,,,,
1611,14,65,,,65,15000,,,,,,
1611,15,20,,,20,3800,,,,,,
1612,14,65,,,30,6000,,35,9000,,,
1612,15,30,,,25,5000,,5,1000,,,
1613,14,30,,,20,5000,,10,3000,,,
1613,15,30,,,26,5200,,4,800,,,
1614,14,70,,,60,20400,,10,6000,,,
1614,15,40,,,40,8000,,,,,,
1614,16,10,,,10,12000,,,,,,
1618,14,75,,,45,12600,,30,8400,,,
1618,15,45,,,35,7000,,10,2000,,,
1618,16,10,,,10,12000,,,,,,
1619,14,60,,,55,14000,,5,1200,,,
1619,15,35,,,35,7000,,,,,,
1620,14,40,,,40,12000,,,,,,
1620,15,40,,,40,8000,,,,,,
1621,14,40,,,40,10000,,,,,,
1621,15,45,,,45,9000,,,,,,
1621,16,10,,,10,13000,,,,,,
1622,14,30,,,30,7000,,,,,,
1622,15,25,,,25,5000,,,,,,
1623,14,80,,,80,18000,,,,,,
1623,15,50,,,50,10000,,,,,,
1624,14,68,,,68,17000,,,,,,
1624,15,46,,,46,9200,,,,,,
1625,14,60,,,60,15000,,,,,,
1625,15,42,,,42,9000,,,,,,
1625,16,15,,,15,20000,,,,,,
1626,14,100,,,100,25000,,,,,,
1626,15,42,,,42,9000,,,,,,
1626,16,30,,,30,35000,,,,,,
1627,14,90,,,90,23000,,,,,,
1627,15,56,,,56,12000,,,,,,
1627,16,25,,,25,30000,,,,,,
1628,14,60,,,60,15000,,,,,,
1628,15,35,,,35,7000,,,,,,
1629,14,30,,,30,10000,,,,,,
1629,15,20,,,20,4000,,,,,,
1630,1,400,,,400,60000,,,,,,
1630,7,1250,1200,160000,50,6000,,,,5,,
1630,8,30,,,15,30000,,15,30000,,,
1630,10,30,,,30,6000,,,,,,
1630,11,30,,,15,40000,,15,40000,,,
1630,14,60,,,40,8000,,20,4000,,,
1630,15,50,,,40,8000,,10,2000,,,
1630,19,1000,600,36000,400,24000,,,,6,,
1631,8,5,,,,,,5,7500,,,
1631,14,35,,,20,4000,,15,3000,,,
1631,15,30,,,20,4000,,10,2000,,,
1631,19,400,300,18000,100,6000,,,,6,,
1632,1,600,,,600,90000,,,,,,
1632,14,100,,,70,14000,,30,6000,,,
1632,15,90,,,70,14000,,20,4000,,,
1633,7,2550,2500,320000,50,6000,,,,5,,
1633,8,30,,,15,30000,,15,30000,,,
1633,11,50,,,50,125000,,,,,,
1633,12,30,,,15,30000,,15,30000,,,
1633,14,70,,,50,10000,,20,4000,,,
1633,15,80,,,40,8000,,40,8000,,,
1633,19,700,500,30000,200,12000,,,,6,,
1634,14,60,,,40,8000,,20,4000,,,
1634,15,50,,,40,8000,,10,2000,,,
1635,1,400,,,400,60000,,,,,,
1635,7,3850,3800,490000,50,6000,,,,5,,
1635,8,80,50,100000,15,30000,,15,30000,4,,
1635,10,50,,,50,10000,,,,,,
1635,11,30,,,15,40000,,15,40000,,,
1635,14,70,,,60,12000,,10,2000,,,
1635,15,80,,,60,12000,,20,4000,,,
1635,19,1000,600,36000,400,24000,,,,6,7,
1636,7,2720,2700,350000,20,2500,,,,5,,
1636,8,60,40,80000,10,20000,,10,20000,5,,
1636,10,30,,,30,6000,,,,,,
1636,11,20,,,10,25000,,10,25000,,,
1636,14,30,,,20,4000,,10,2000,,,
1636,15,40,,,30,6000,,10,2000,,,
1636,17,120,100,400000,5,20000,,15,60000,4,6,2
1636,19,750,600,36000,150,9000,,,,6,7,
1637,1,200,,,200,30000,,,,,,
1637,7,2630,2600,330000,30,4000,,,,4,,
1637,8,20,,,10,20000,,10,20000,,,
1637,10,30,,,30,6000,,,,,,
1637,11,20,,,10,25000,,10,25000,,,
1637,14,60,,,40,8000,,20,4000,,,
1637,15,50,,,30,6000,,20,4000,,,
1637,19,1000,800,48000,200,12000,,,,6,7,
1638,7,2850,2800,360000,50,6000,,,,5,,
1638,8,30,,,15,30000,,15,30000,,,
1638,10,40,,,40,8000,,,,,,
1638,11,30,,,15,40000,,15,40000,,,
1638,14,80,,,60,12000,,20,4000,,,
1638,15,60,,,50,10000,,10,2000,,,
1638,19,650,400,24000,250,15000,,,,6,7,
1639,1,130,,,130,26000,,,,,,
1640,1,360,,,360,75600,,,,,,
1640,7,50,,,50,8500,,,,,,
1640,8,160,100,120000,60,72000,,,,2,,
1640,9,2,,,2,2400,,,,,,
1640,10,100,,,100,25000,,,,,,
1640,11,50,20,44000,30,66000,,,,2,,
1640,14,50,,,50,16000,,,,,,
1640,15,60,,,60,12000,,,,,,
1640,19,600,300,18000,300,18000,,,,2,,
1642,1,560,,,560,112000,,,,,,
1642,7,50,,,50,8500,,,,,,
1642,8,220,150,180000,70,84000,,,,2,,
1642,9,1,,,1,1200,,,,,,
1642,10,150,,,150,37500,,,,,,
1642,11,75,40,88000,35,77000,,,,2,,
1642,14,40,,,40,12000,,,,,,
1642,15,35,,,35,7000,,,,,,
1642,16,2,,,2,2400,,,,,,
1642,19,300,,,300,18000,,,,,,
1643,1,780,,,780,156000,,,,,,
1643,7,100,,,100,17000,,,,,,
1643,8,300,220,264000,80,96000,,,,2,,
1643,9,3,,,3,3600,,,,,,
1643,10,250,,,250,62500,,,,,,
1643,11,100,60,132000,40,88000,,,,2,,
1643,14,60,,,60,25000,,,,,,
1643,15,60,,,60,12000,,,,,,
1643,16,3,,,3,3600,,,,,,
1643,19,300,,,300,18000,,,,,,
1644,1,144,,,144,28800,,,,,,
1644,7,30,,,30,5100,,,,,,
1644,8,140,122,146400,18,21600,,,,2,,
1644,9,1,,,1,1200,,,,,,
1644,10,60,,,60,15000,,,,,,
1644,11,50,35,77000,15,33000,,,,2,,
1644,14,30,,,30,12000,,,,,,
1644,15,40,,,40,8000,,,,,,
1644,19,700,450,27000,250,15000,,,,2,,
1646,7,100,,,100,17000,,,,,,
1646,8,50,,,50,68000,,,,,,
1646,9,1,,,1,1200,,,,,,
1646,10,200,,,200,50000,,,,,,
1646,11,20,,,20,44000,,,,,,
1646,14,25,,,25,8500,,,,,,
1646,15,20,,,20,4000,,,,,,
1646,16,1,,,1,1200,,,,,,
1647,1,380,,,380,76000,,,,,,
1647,7,80,,,80,13600,,,,,,
1647,8,250,190,228000,60,72000,,,,2,,
1647,9,2,,,2,2400,,,,,,
1647,10,150,,,150,37500,,,,,,
1647,11,80,50,110000,30,66000,,,,2,,
1648,14,68,,,59,22500,,9,3500,,,
1648,15,50,,,40,8000,,10,2000,,,
1649,14,52,,,45,16500,,7,2500,,,
1649,15,60,,,48,9600,,12,2400,,,
1651,14,59,,,50,19000,,9,3500,,,
1651,15,30,,,25,5000,,5,1000,,,
1652,14,37,,,28,10400,,9,3500,,,
1652,15,25,,,20,4000,,5,1000,,,
1653,14,69,,,55,19500,,14,5000,,,
1653,15,50,,,45,9000,,5,1000,,,
1654,14,55,,,55,18500,,,,,,
1654,15,25,,,25,5000,,,,,,
1655,14,40,,,32,11000,,8,3000,,,
1655,15,35,,,30,6000,,5,1000,,,
1656,14,30,,,30,11500,,,,,,
1656,15,20,,,20,4000,,,,,,
1657,1,800,,,800,136000,,,,,,
1657,7,400,,,400,80000,,,,,,
1657,8,50,,,35,50000,,15,22000,,,
1657,10,100,,,100,20000,,,,,,
1657,11,25,,,20,60000,,5,30000,,,
1657,14,40,,,40,16000,,,,,,
1657,16,20,,,20,16000,,,,,,
1657,17,120,80,240000,30,90000,,10,30000,2,6,
1657,19,1800,1000,60000,800,48000,,,,6,7,
1658,1,1000,,,1000,170000,,,,,,
1658,7,300,,,300,60000,,,,,,
1658,8,200,120,180000,50,70000,,30,43000,5,6,7
1658,10,300,,,300,60000,,,,,,
1658,11,30,,,20,60000,,10,30000,,,
1658,14,50,,,50,18000,,,,,,
1658,15,40,,,40,8000,,,,,,
1658,16,20,,,20,16000,,,,,,
1658,19,900,,,900,54000,,,,,,
1659,1,1000,,,1000,165000,,,,,,
1659,7,600,,,600,120000,,,,,,
1659,8,130,30,40000,70,95000,,30,40000,2,,
1659,10,300,,,300,60000,,,,,,
1659,11,36,,,30,90000,,6,18000,,,
1659,14,50,,,50,17000,,,,,,
1659,15,60,,,60,10000,,,,,,
1659,16,30,,,30,21000,,,,,,
1659,19,1000,,,1000,60000,,,,,,
1660,1,750,,,750,124000,,,,,,
1660,7,400,,,400,80000,,,,,,
1660,8,300,230,345000,40,60000,,30,45000,5,6,7
1660,10,150,,,150,30000,,,,,,
1660,11,30,,,26,78000,,4,12000,,,
1660,14,50,,,50,19000,,,,,,
1660,15,30,,,30,8000,,,,,,
1660,16,30,,,30,18000,,,,,,
1660,17,40,10,30000,20,60000,,10,30000,2,,
1660,19,1500,700,56000,800,48000,,,,5,6,
1661,1,700,,,700,119000,,,,,,
1661,7,200,,,200,40000,,,,,,
1661,8,330,240,360000,40,60000,10,40,60000,5,6,7
1661,10,500,,,500,100000,,,,,,
1661,11,45,,,40,120000,,5,15000,,,
1661,14,30,,,30,11000,,,,,,
1661,15,50,,,50,10000,,,,,,
1661,16,20,,,20,30000,,,,,,
1661,19,2000,1200,72000,800,48000,,,,5,6,7
1662,1,1000,,,1000,170000,,,,,,
1662,7,200,,,200,40000,,,,,,
1662,8,600,500,750000,45,65000,15,40,60000,5,6,7
1662,9,10,,,10,20000,,,,,,
1662,10,500,,,500,100000,,,,,,
1662,11,50,,,43,129000,,7,21000,,,
1662,14,40,,,40,15000,,,,,,
1662,15,70,,,70,15000,,,,,,
1662,16,20,,,20,13000,,,,,,
1662,17,500,400,1200000,30,90000,30,40,120000,2,6,7
1662,19,1900,1000,60000,900,54000,,,,5,6,7
1663,1,1000,,,1000,170000,,,,,,
1663,7,300,,,300,60000,,,,,,
1663,8,180,100,150000,40,60000,,40,60000,5,6,7
1663,10,200,,,200,40000,,,,,,
1663,11,31,,,27,81000,,4,12000,,,
1663,14,30,,,30,10000,,,,,,
1663,15,40,,,40,8000,,,,,,
1663,16,20,,,20,30000,,,,,,
1663,19,1300,500,30000,800,48000,,,,5,6,7
1664,1,150,,,150,31000,,,,,,
1664,16,10,,,10,10000,,,,,,
1665,1,1200,,,1200,198000,,,,,,
1665,2,30,,,30,100000,,,,,,
1665,7,300,,,300,60000,,,,,,
1665,8,600,460,690000,60,90000,30,50,75000,5,6,7
1665,9,15,,,15,23000,,,,,,
1665,10,300,,,300,60000,,,,,,
1665,11,60,,,60,180000,,,,,,
1665,14,60,,,50,18000,,10,3600,,,
1665,15,50,,,50,11000,,,,,,
1665,16,30,,,30,50000,,,,,,
1665,17,500,400,1200000,50,150000,12,38,114000,2,,
1665,19,1800,500,30000,1300,78000,,,,6,7,
1666,14,58,,,45,17500,,13,5000,,,
1666,15,50,,,38,7600,,12,2400,,,
1667,14,35,,,29,12500,,6,2500,,,
1667,15,35,,,30,6000,,5,1000,,,
1668,14,55,,,45,17500,,10,3500,,,
1668,15,40,,,35,7000,,5,1000,,,
1669,14,50,,,35,12500,,15,5500,,,
1669,15,40,,,30,6000,,10,2000,,,
1671,14,61,,,40,14000,,21,7500,,,
1671,15,40,,,30,6000,,10,2000,,,
1672,14,69,,,50,18000,,19,7500,,,
1672,15,50,,,30,6000,,20,4000,,,
1673,14,55,,,45,15000,,10,3500,,,
1673,15,40,,,35,6500,,5,1000,,,
1674,14,60,,,45,15500,,15,5000,,,
1674,15,45,,,35,7000,,10,2000,,,
1675,14,180,,,180,63000,,,,,,
1675,15,120,,,120,16800,,,,,,
1676,1,600,,,600,132000,,,,,,
1676,14,250,,,250,112500,,,,,,
1676,15,80,,,80,10400,,,,,,
1676,19,800,,,800,48000,,,,,,
1677,1,180,,,180,39600,,,,,,
1677,14,75,,,75,33750,,,,,,
1677,15,40,,,40,5200,,,,,,
1677,19,1500,,,1000,70000,500,,,,,
1678,1,600,,,600,132000,,,,,,
1678,14,300,,,250,112500,,50,22500,,,
1678,15,140,,,140,18200,,,,,,
1678,19,3000,,,3000,180000,,,,,,
1679,1,840,,,840,184800,,,,,,
1679,14,350,,,300,135000,,50,22500,,,
1679,15,180,,,160,22400,,20,2800,,,
1680,1,600,,,600,132000,,,,,,
1680,14,220,,,220,99000,,,,,,
1680,15,120,,,120,15600,,,,,,
1680,19,1700,,,1700,102000,,,,,,
1681,1,300,,,300,66000,,,,,,
1681,14,250,,,220,99000,,30,13500,,,
1681,15,120,,,100,13000,,20,2600,,,
1682,14,250,,,220,99000,,30,13500,,,
1682,15,150,,,140,18200,,10,1300,,,
1682,19,900,500,30000,400,24000,,,,2,,
1683,14,80,,,80,36000,,,,,,
1683,15,50,,,50,6500,,,,,,
1683,19,1000,700,42000,300,18000,,,,2,,
1684,1,300,,,300,66000,,,,,,
1684,7,30,,,30,7500,,,,,,
1684,8,80,,,35,52500,40,5,7500,,,
1684,10,60,,,60,18000,,,,,,
1684,12,10,,,10,15000,,,,,,
1684,13,20,,,20,20000,,,,,,
1684,14,70,,,50,20000,,20,8000,,,
1684,15,100,,,70,12600,,30,5400,,,
1684,19,500,250,17500,250,17500,,,,7,,
1685,1,300,,,300,66000,,,,,,
1685,12,25,,,25,37500,,,,,,
1685,13,5,,,5,5000,,,,,,
1685,14,120,,,120,48000,,,,,,
1685,15,100,,,100,18000,,,,,,
1685,16,5,,,5,6000,,,,,,
1685,19,1500,1000,70000,500,35000,,,,2,6,
1686,15,20,,,20,3600,,,,,,
1686,19,200,,,200,14000,,,,,,
1687,1,750,,,750,165000,,,,,,
1687,2,50,,,48,177600,,2,7400,,,
1687,7,70,,,70,17500,,,,,,
1687,8,100,,,80,120000,10,10,15000,,,
1687,10,150,,,150,45000,,,,,,
1687,12,10,,,10,20000,,,,,,
1687,14,200,,,160,64000,,40,16000,,,
1687,15,150,,,100,18000,,50,9000,,,
1687,16,10,,,10,12000,,,,,,
1687,19,400,,,400,28000,,,,,,
1688,1,250,,,250,55000,,,,,,
1688,2,35,,,20,74000,15,,,,,
1688,7,40,,,40,10000,,,,,,
1688,8,150,50,75000,40,60000,45,15,22500,2,6,
1688,10,120,,,120,36000,,,,,,
1688,12,20,,,20,36000,,,,,,
1688,14,120,,,100,40000,,20,8000,,,
1688,15,100,,,70,12600,,30,5400,,,
1688,16,10,,,10,12000,,,,,,
1688,19,1500,300,21000,1000,70000,200,,,2,,
1689,1,800,,,800,176000,,,,,,
1689,2,60,,,60,222000,,,,,,
1689,7,60,,,60,15000,,,,,,
1689,8,100,,,80,120000,10,10,15000,,,
1689,10,200,,,200,60000,,,,,,
1689,11,10,,,10,25000,,,,,,
1689,12,40,,,30,54000,,10,18000,,,
1689,13,50,,,50,50000,,,,,,
1689,14,180,,,150,60000,,30,12000,,,
1689,15,150,,,120,21600,,30,5400,,,
1689,16,10,,,10,12000,,,,,,
1689,19,1000,,,900,63000,100,,,,,
1690,1,700,,,700,154000,,,,,,
1690,2,30,,,30,111000,,,,,,
1690,12,20,,,20,30000,,,,,,
1690,14,150,,,130,52000,,20,8000,,,
1690,15,180,,,150,27000,,30,5400,,,
1690,16,20,,,20,24000,,,,,,
1691,1,600,,,600,132000,,,,,,
1691,14,80,,,72,28800,,8,3200,,,
1691,15,130,,,130,23400,,,,,,
1691,16,5,,,5,6000,,,,,,
1691,19,500,,,500,35000,,,,,,
1692,1,300,,,300,66000,,,,,,
1692,12,10,,,10,15000,,,,,,
1692,14,110,,,80,32000,,30,12000,,,
1692,15,100,,,90,16200,,10,1800,,,
1692,16,4,,,4,4800,,,,,,
1692,19,250,,,250,17500,,,,,,
1693,1,500,,,500,110000,,,,,,
1693,2,50,,,50,150000,,,,,,
1693,7,400,,,340,68000,60,,,,,
1693,8,420,200,360000,140,210000,60,20,30000,2,,
1693,9,14,,,13,15600,1,,,,,
1693,10,600,,,500,150000,100,,,,,
1693,11,45,,,40,100000,,5,12500,,,
1693,12,30,,,10,20000,,20,40000,,,
1693,14,220,,,200,46000,,20,4600,,,
1693,15,65,,,60,7800,,5,650,,,
1693,17,9,,,5,15000,2,2,6000,,,
1693,19,800,,,700,42000,100,,,,,
1694,1,350,,,350,77000,,,,,,
1694,2,30,,,30,90000,,,,,,
1694,7,250,,,250,50000,,,,,,
1694,8,200,100,150000,70,105000,20,10,15000,,,
1694,10,400,,,400,120000,,,,,,
1694,12,20,,,20,40000,,,,,,
1694,14,200,,,200,46000,,,,,,
1694,15,70,,,70,9100,,,,,,
1694,17,7,,,5,15000,,2,6000,,,
1694,19,2500,1500,90000,900,54000,100,,,2,,
1695,1,450,,,450,99000,,,,,,
1695,14,240,,,240,55200,,,,,,
1695,15,65,,,65,8450,,,,,,
1695,19,800,100,6000,700,42000,,,,2,,
1696,1,300,,,300,66000,,,,,,
1696,7,250,,,250,50000,,,,,,
1696,8,500,360,540000,90,135000,30,20,30000,2,,
1696,9,10,,,10,12000,,,,,,
1696,10,500,,,500,150000,,,,,,
1696,11,20,,,18,45000,,2,5000,,,
1696,12,15,,,15,30000,,,,,,
1696,14,160,,,160,36800,,,,,,
1696,15,45,,,45,5850,,,,,,
1696,17,6,,,5,15000,,1,3000,,,
1696,19,1000,400,24000,600,36000,,,,2,,
1697,1,280,,,280,61600,,,,,,
1697,14,150,,,150,34500,,,,,,
1697,15,45,,,45,5850,,,,,,
1697,17,10,,,9,27000,,1,3000,,,
1697,19,1800,1000,60000,800,48000,,,,2,,
1698,1,500,,,500,110000,,,,,,
1698,2,30,,,30,90000,,,,,,
1698,7,350,,,300,60000,50,,,,,
1698,8,500,320,480000,110,165000,50,20,30000,7,,
1698,9,20,,,20,20000,,,,,,
1698,10,490,,,450,135000,40,,,,,
1698,11,10,,,10,25000,,,,,,
1698,14,220,,,220,61600,,,,,,
1698,15,50,,,50,6500,,,,,,
1698,17,9,,,9,27000,,,,,,
1698,19,800,200,12000,600,36000,,,,7,,
1699,1,250,,,250,55000,,,,,,
1699,14,180,,,170,45900,,10,2700,,,
1699,15,45,,,45,5850,,,,,,
1699,19,700,300,18000,300,18000,100,,,2,,
1700,1,250,,,250,55000,,,,,,
1700,2,70,,,60,180000,,10,30000,,,
1700,7,400,,,300,60000,100,,,,,
1700,8,180,50,75000,90,135000,30,10,15000,,,
1700,9,15,,,12,14400,3,,,,,
1700,10,500,,,400,120000,100,,,,,
1700,11,10,,,10,25000,,,,,,
1700,14,180,,,180,39600,,,,,,
1700,15,60,,,60,7800,,,,,,
1700,17,100,50,150000,20,60000,20,10,30000,7,,
1701,1,300,,,300,66000,,,,,,
1701,2,30,,,30,90000,,,,,,
1701,7,250,,,250,50000,,,,,,
1701,8,200,80,120000,90,135000,10,20,30000,7,,
1701,10,480,,,450,135000,30,,,,,
1701,11,18,,,13,32500,3,2,5000,,,
1701,14,150,,,150,37500,,,,,,
1701,15,50,,,50,6500,,,,,,
1701,19,1500,800,48000,700,42000,,,,7,,
1702,1,360,,,360,115200,,,,,,
1702,7,400,,,400,100000,,,,,,
1702,8,130,,,120,180000,,10,15000,,,
1702,9,10,,,10,14000,,,,,,
1702,10,500,,,500,125000,,,,,,
1702,12,20,,,15,27000,,5,9000,,,
1702,14,140,,,130,31850,,10,2450,,,
1702,15,180,,,140,16800,,40,4800,,,
1702,19,650,,,650,39000,,,,,,
1703,1,440,,,440,96800,,,,,,
1703,12,40,,,5,7500,30,5,7500,,,
1703,13,70,,,50,35000,10,10,7000,,,
1703,14,190,,,185,46250,,5,1250,,,
1703,15,210,,,190,24700,,20,2600,,,
1704,1,910,,,910,200200,,,,,,
1704,7,350,,,350,87500,,,,,,
1704,8,200,,,160,240000,,40,60000,,,
1704,9,15,,,15,24000,,,,,,
1704,10,400,,,400,100000,,,,,,
1704,11,15,,,15,37500,,,,,,
1704,12,18,,,15,22500,,3,4500,,,
1704,14,250,,,230,54050,,20,4700,,,
1704,15,180,,,160,20000,,20,2500,,,
1705,1,657,,,657,144540,,,,,,
1705,14,185,,,170,40460,,15,3570,,,
1705,15,220,,,200,25000,,20,2500,,,
1706,1,290,,,290,63800,,,,,,
1706,14,130,,,100,25800,10,20,5160,,,
1706,15,250,,,130,16900,,120,15600,,,
1707,1,690,,,690,151800,,,,,,
1707,7,370,,,370,92500,,,,,,
1707,8,150,,,130,195000,,20,30000,,,
1707,9,15,,,15,20000,,,,,,
1707,10,420,,,420,105000,,,,,,
1707,11,20,,,20,56000,,,,,,
1707,14,200,,,180,46800,,20,5200,,,
1707,15,160,,,140,17640,,20,2520,,,
1707,19,850,,,850,51000,,,,,,
1708,1,690,,,690,151800,,,,,,
1708,14,250,,,240,56400,,10,2350,,,
1708,15,230,,,230,31740,,,,,,
1708,19,820,,,820,49200,,,,,,
1709,1,438,,,438,96360,,,,,,
1709,14,56,,,50,12500,,6,1500,,,
1709,15,75,,,70,8400,,5,600,,,
1710,1,650,,,650,143000,,,,,,
1710,14,180,,,180,48600,,,,,,
1710,15,200,,,180,23400,,20,2600,,,
1710,19,700,,,700,42000,,,,,,
1711,1,160,,,160,35200,,,,,,
1711,14,120,,,100,25000,,20,5000,,,
1711,15,100,,,75,9375,,25,3125,,,
1711,16,15,,,15,19500,,,,,,
1712,1,240,,,240,52800,,,,,,
1712,14,100,,,85,18785,,15,3315,,,
1712,15,130,,,110,11770,,20,2140,,,
1712,16,5,,,5,6500,,,,,,
1713,1,500,,,500,110000,,,,,,
1713,14,165,,,145,32915,,20,4540,,,
1713,15,110,,,95,9975,,15,1575,,,
1713,16,20,,,20,28000,,,,,,
1714,1,240,,,240,52800,,,,,,
1714,14,135,,,115,26795,,20,4660,,,
1714,15,70,,,55,7150,,15,1950,,,
1714,16,10,,,10,15000,,,,,,
1715,14,80,,,70,18900,,10,2700,,,
1715,15,70,,,58,7540,,12,1560,,,
1715,16,8,,,8,11200,,,,,,
1716,1,300,,,300,66000,,,,,,
1716,14,165,,,145,32915,,20,4540,,,
1716,15,70,,,45,5580,,25,3100,,,
1716,16,8,,,8,10400,,,,,,
1717,1,400,,,400,88000,,,,,,
1717,14,105,,,85,20655,5,15,3645,,,
1717,15,70,,,60,6600,,10,1100,,,
1717,16,10,,,10,15000,,,,,,
1718,1,300,,,300,66000,,,,,,
1718,14,90,,,78,18174,,12,2796,,,
1718,15,70,,,60,7200,,10,1200,,,
1718,16,15,,,15,19500,,,,,,
1719,14,110,,,80,18160,,30,6810,,,
1719,15,90,,,70,8260,,20,2360,,,
1720,1,360,,,355,78100,,5,1100,,,
1720,7,70,,,60,12000,10,,,,,
1720,8,50,10,15000,30,45000,5,5,7500,2,,
1720,10,85,,,70,18000,15,,,,,
1720,12,50,,,15,30000,5,30,60000,,,
1720,13,100,,,40,40000,10,50,50000,,,
1720,14,255,,,210,44500,,45,11000,,,
1720,15,100,,,80,16000,,20,4000,,,
1720,16,12,,,12,17000,,,,,,
1720,19,500,,,400,24000,100,,,,,
1721,1,700,,,680,149600,20,,,,,
1721,10,20,,,20,6000,,,,,,
1721,12,100,40,60000,40,60000,10,10,15000,2,,
1721,13,150,50,50000,60,60000,20,20,20000,2,,
1721,14,300,,,280,56000,10,10,2000,,,
1721,15,70,,,50,7500,10,10,1500,,,
1721,16,35,,,30,60000,5,,,,,
1721,19,350,,,300,18000,50,,,,,
1722,1,730,,,712,156000,10,8,2000,,,
1722,10,20,,,20,6000,,,,,,
1722,12,70,30,45000,15,30000,10,15,30000,2,6,
1722,13,100,,,50,50000,30,20,20000,,,
1722,14,100,,,60,15000,10,30,7500,,,
1722,15,60,,,40,6000,10,10,1500,,,
1722,16,100,,,80,80000,20,,,,,
1722,17,7,,,5,17500,1,1,3500,,,
1722,19,500,,,400,24000,100,,,,,
1723,1,300,,,298,65600,,2,440,,,
1723,12,40,,,20,40000,5,15,30000,,,
1723,13,70,,,30,30000,20,20,20000,,,
1723,14,155,,,133,27800,,22,5200,,,
1723,15,50,,,35,7000,,15,3000,,,
1723,19,600,,,550,33000,50,,,,,
1724,1,720,,,715,157300,,5,1100,,,
1724,12,50,35,70000,5,10000,,10,20000,6,,
1724,14,160,,,110,26000,,50,14000,,,
1724,15,60,,,40,8000,,20,4000,,,
1724,16,10,,,10,15000,,,,,,
1724,19,700,200,12000,500,30000,,,,2,,
1725,15,10,,,7,1400,,3,600,,,
1726,1,400,,,397,87340,,3,660,,,
1726,12,50,10,20000,13,26000,15,12,24000,2,,
1726,13,120,20,20000,30,30000,60,10,10000,2,,
1726,14,200,,,165,35000,,35,9000,,,
1726,15,80,,,60,12000,,20,6000,,,
1726,16,15,,,15,21000,,,,,,
1726,19,1000,200,12000,700,42000,100,,,6,,
1727,1,260,,,257,56540,,3,660,,,
1727,12,25,,,10,20000,5,10,20000,,,
1727,14,210,,,150,32000,20,40,10000,,,
1727,15,100,,,70,14000,,30,6000,,,
1727,19,700,,,500,30000,200,,,,,
1728,1,800,,,790,173800,,10,2200,,,
1728,7,120,,,100,30000,20,,,,,
1728,8,80,20,30000,40,60000,15,5,7500,2,,
1728,10,130,,,120,36000,10,,,,,
1728,12,20,,,14,28000,3,3,6000,,,
1728,13,10,,,10,10000,,,,,,
1728,14,350,,,300,72000,,50,18000,,,
1728,15,200,,,170,34000,,30,6000,,,
1728,16,20,,,20,28000,,,,,,
1728,19,1300,400,24000,800,48000,100,,,6,,
1729,14,30,,,30,12000,,,,,,
1732,14,20,,,18,10000,,2,1000,,,
1734,14,40,,,40,15000,,,,,,
1735,14,8,,,8,2400,,,,,,
1739,14,20,,,20,3000,,,,,,
1739,15,15,,,15,1800,,,,,,
1740,14,30,,,30,4500,,,,,,
1740,15,15,,,15,1800,,,,,,
1740,16,35,,,35,28000,,,,,,
1741,15,40,,,40,4800,,,,,,
1741,16,30,,,30,24000,,,,,,
1743,15,25,,,25,3000,,,,,,
1744,15,20,,,20,2400,,,,,,
1744,16,20,,,20,14000,,,,,,
1745,14,39,,,39,6000,,,,,,
1745,15,20,,,20,2400,,,,,,
1745,16,25,,,25,20000,,,,,,
1748,14,300,,,300,90000,,,,,,
1748,15,50,,,50,7500,,,,,,
1751,14,50,,,50,15000,,,,,,
1752,14,120,,,120,36000,,,,,,
1753,14,80,,,80,24000,,,,,,
1754,14,100,,,100,30000,,,,,,
1761,14,100,,,100,45000,,,,,,
1761,15,15,,,15,5000,,,,,,
1772,14,90,,,90,31000,,,,,,
1772,20,10,,,10,6000,,,,,,
1773,20,15,,,15,8000,,,,,,
1774,14,100,,,100,60000,,,,,,
1774,15,45,,,45,13500,,,,,,
1774,16,30,,,30,51000,,,,,,
1774,20,30,,,30,12000,,,,,,
1775,14,20,,,20,12000,,,,,,
1775,15,30,,,30,9000,,,,,,
1778,16,35,,,35,59500,,,,,,
1779,14,60,,,60,36000,,,,,,
1779,15,45,,,45,13500,,,,,,
1779,16,50,,,50,85000,,,,,,
1779,20,30,,,30,12000,,,,,,
1780,14,6,,,6,3600,,,,,,
1780,15,25,,,25,7500,,,,,,
1781,14,68,,,51,30600,,17,10200,,,
1782,14,60,,,60,36000,,,,,,
1782,15,70,,,70,21000,,,,,,
1782,16,55,,,55,93500,,,,,,
1782,20,30,,,30,12000,,,,,,
1783,14,135,,,135,34000,,,,,,
1783,15,40,,,40,8000,,,,,,
1784,15,2,,,2,400,,,,,,
1785,14,395,,,390,80500,,5,1000,,,
1785,15,105,,,100,21000,,5,1000,,,
1787,14,45,,,45,9000,,,,,,
1787,15,28,,,28,5600,,,,,,
1789,15,3,,,3,600,,,,,,
1790,14,6,,,6,3600,,,,,,
1791,14,135,,,135,27000,,,,,,
1791,15,37,,,37,7000,,,,,,
1795,14,30,,,30,9000,,,,,,
1795,15,40,,,40,8000,,,,,,
1795,16,20,,,20,20000,,,,,,
1798,14,30,,,30,10000,,,,,,
1798,15,20,,,20,7000,,,,,,
1798,16,50,,,50,45000,,,,,,
1801,1,900,,,900,182500,,,,,,
1803,14,150,,,150,22500,,,,,,
1804,14,22,,,22,10000,,,,,,
1805,14,210,,,210,31500,,,,,,
1805,15,50,,,50,10000,,,,,,
1806,14,200,,,200,85000,,,,,,
1806,15,82,,,82,23500,,,,,,
1806,20,15,,,15,1500,,,,,,
1808,14,28,,,28,6900,,,,,,
1808,15,14,,,14,3700,,,,,,
1812,14,30,,,30,7200,,,,,,
1815,14,30,,,20,6000,,10,3000,,,
1815,15,30,,,20,4000,,10,2000,,,
1816,14,20,,,20,6000,,,,,,
1818,14,30,,,30,9000,,,,,,
1818,15,18,,,18,3600,,,,,,
1821,15,5,,,5,1000,,,,,,
1825,14,5,,,5,4000,,,,,,
1827,14,45,,,45,9000,,,,,,
1827,15,30,,,30,4500,,,,,,
1828,14,18,,,10,12000,,8,7500,,,
1837,14,20,,,20,10000,,,,,,
1837,15,30,,,30,5000,,,,,,
1839,14,5,,,5,3000,,,,,,
1839,15,10,,,10,2000,,,,,,
1841,14,20,,,20,12000,,,,,,
1841,15,20,,,20,6000,,,,,,
1842,14,5,,,5,4000,,,,,,
1842,15,20,,,20,6000,,,,,,
1843,14,20,,,20,16000,,,,,,
1843,15,30,,,30,6000,,,,,,
1844,14,20,,,20,10000,,,,,,
1844,15,20,,,20,6000,,,,,,
1846,14,270,,,240,79200,,30,9900,,,
1846,15,220,,,190,38000,,30,6000,,,
1846,16,15,,,12,9600,,3,2400,,,
1847,14,220,,,200,66000,,20,6600,,,
1847,15,240,,,210,42000,,30,6000,,,
1847,16,12,,,10,10000,,2,2000,,,
1848,14,300,,,250,63000,,50,12500,,,
1848,15,270,,,260,47000,,10,1900,,,
1848,16,18,,,15,10500,,3,2100,,,
1849,14,180,,,170,46100,,10,3000,,,
1849,15,130,,,125,25000,,5,1000,,,
1849,16,9,,,9,7200,,,,,,
1849,19,2300,1770,141600,500,35000,30,,,2,6,7
1850,1,576,,,526,115000,,50,11000,,,
1850,7,800,580,180000,200,50000,20,,,2,6,7
1850,8,40,,,30,45000,,10,15000,,,
1850,9,3,,,3,3000,,,,,,
1850,10,330,100,30000,230,69000,,,,2,6,
1850,11,15,,,15,45000,,,,,,
1850,12,40,25,50000,10,15000,,5,7500,2,6,7
1850,13,20,5,5000,10,10000,,5,5000,2,6,7
1850,14,260,,,235,70000,,25,7250,,,
1850,15,130,,,110,22000,,20,4000,,,
1850,16,12,,,10,8000,,2,1600,,,
1850,19,2800,2270,180000,500,35000,30,,,2,6,
1851,7,2500,2250,315000,220,55000,30,,,5,,
1851,8,60,,,40,60000,,20,30000,,,
1851,9,5,,,5,5000,,,,,,
1851,10,400,200,60000,200,50000,,,,2,6,
1851,11,35,,,20,60000,,15,45000,,,
1851,12,50,35,70000,10,20000,,5,10000,2,6,7
1851,13,10,,,10,10000,,,,,,
1851,14,230,,,200,60000,,30,9000,,,
1851,15,250,,,230,46000,,20,4000,,,
1851,16,9,,,9,9000,,,,,,
1851,19,2400,1880,150000,500,35000,20,,,2,3,6
1852,1,468,,,438,91360,,30,6300,,,
1852,14,170,,,135,43200,,35,11200,,,
1852,15,80,,,70,14700,,10,2100,,,
1852,16,9,,,9,7200,,,,,,
1852,19,2300,1800,144000,450,31500,50,,,2,6,7
1853,1,220,,,200,42000,,20,4200,,,
1853,14,150,,,130,40000,,20,6000,,,
1853,15,70,,,70,14000,,,,,,
1854,1,615,,,580,116000,,35,7000,,,
1854,14,180,,,150,51000,,30,10200,,,
1854,15,120,,,100,20000,,20,4000,,,
1854,16,8,,,8,8000,,,,,,
1854,19,1700,1285,102000,400,28000,15,,,2,6,7
1855,1,575,,,560,92600,,15,2500,,,
1855,7,700,400,80000,300,60000,,,,2,5,6
1855,8,200,120,190000,53,84800,7,20,32000,2,3,6
1855,9,25,10,10000,15,15000,,,,2,6,
1855,10,800,400,100000,400,100000,,,,2,3,6
1855,11,38,5,15000,23,69000,3,7,21000,2,6,
1855,14,160,,,80,26400,,80,26400,,,
1855,15,100,,,50,9000,,50,9000,,,
1855,19,1400,700,49000,700,49000,,,,2,3,6
1856,1,285,,,270,59600,,15,3300,,,
1856,14,120,,,60,19800,,60,19800,,,
1856,15,50,,,25,4500,,25,4500,,,
1857,1,585,,,565,94000,,20,3300,,,
1857,14,160,,,80,26400,,80,26400,,,
1857,15,80,,,40,7200,,40,7200,,,
1858,1,280,,,265,57000,,15,3200,,,
1858,14,100,,,50,16500,,50,16500,,,
1858,15,60,,,30,5400,,30,5400,,,
1859,1,720,,,700,119000,,20,3400,,,
1859,7,500,250,50000,250,50000,,,,2,5,6
1859,8,100,26,41600,57,91200,3,14,22400,2,3,6
1859,9,20,10,10000,10,10000,,,,2,,
1859,10,600,300,75000,300,75000,,,,2,3,4
1859,11,30,,,20,60000,4,6,18000,,,
1859,14,160,,,80,26400,,80,26400,,,
1859,15,100,,,50,9000,,50,9000,,,
1859,19,1500,600,42000,900,63000,,,,2,6,7
1860,1,450,,,435,74000,,15,2600,,,
1860,7,550,300,60000,250,50000,,,,2,5,6
1860,8,108,42,67200,48,76800,8,10,16000,2,3,6
1860,9,30,15,15000,15,15000,,,,2,6,
1860,10,650,350,87500,300,75000,,,,2,3,4
1860,11,37,7,21000,20,60000,4,6,18000,2,,
1860,14,160,,,80,26400,,80,26400,,,
1860,15,100,,,50,9000,,50,9000,,,
1860,19,1600,800,56000,800,56000,,,,2,3,6
1861,1,150,,,130,28400,,20,4400,,,
1861,14,60,,,30,9900,,30,9900,,,
1861,15,30,,,15,2700,,15,2700,,,
1862,1,140,,,130,28400,,10,2200,,,
1862,14,80,,,40,13200,,40,13200,,,
1862,15,30,,,15,2700,,15,2700,,,
1863,1,300,,,280,48000,,20,3400,,,
1863,14,140,,,70,23100,,70,23100,,,
1863,15,60,,,30,5400,,30,5400,,,
1863,19,1600,1200,83000,400,28000,,,,2,6,7
1864,1,700,,,690,117400,,10,1700,,,
1864,7,700,400,80000,300,60000,,,,2,5,6
1864,8,120,50,75000,55,82500,5,10,15000,2,3,4
1864,9,30,15,15000,15,15000,,,,2,,
1864,10,800,450,112500,350,87500,,,,2,3,4
1864,11,42,4,12000,26,78000,2,10,30000,2,,
1864,14,180,,,90,29700,,90,29700,,,
1864,15,100,,,50,9000,,50,9000,,,
1864,19,1600,800,56000,800,56000,,,,2,3,6
1865,1,270,,,250,52500,,20,4200,,,
1865,14,120,,,60,19800,,60,19800,,,
1865,15,40,,,20,3600,,20,3600,,,
1866,1,430,,,420,71200,,10,1700,,,
1866,14,160,,,80,26400,,80,26400,,,
1866,15,80,,,40,7200,,40,7200,,,
1866,19,1800,1200,84000,600,42000,,,,2,4,6
1867,1,570,,,560,95000,,10,1600,,,
1867,7,600,300,60000,300,60000,,,,2,5,6
1867,8,110,40,60000,53,79500,7,10,15000,2,3,6
1867,9,20,10,10000,10,10000,,,,2,,
1867,10,600,300,75000,300,75000,,,,2,3,6
1867,11,36,8,24000,20,60000,2,6,18000,2,6,
1867,14,160,,,80,26400,,80,26400,,,
1867,15,100,,,50,9000,,50,9000,,,
1867,19,2000,1150,80500,850,59500,,,,2,3,6
1868,1,370,,,350,59600,,20,3400,,,
1868,14,120,,,60,19800,,60,19800,,,
1868,15,80,,,40,7200,,40,7200,,,
1869,1,150,,,130,27400,,20,4200,,,
1869,14,100,,,50,16500,,50,16500,,,
1869,15,50,,,25,4500,,25,4500,,,
1869,19,1000,600,42000,400,28000,,,,2,6,7
1870,1,145,,,130,28000,,15,3200,,,
1870,14,100,,,50,16500,,50,16500,,,
1870,15,40,,,20,3600,,20,3600,,,
1871,1,560,,,550,92300,,10,1600,,,
1871,7,500,250,50000,250,50000,,,,2,5,6
1871,8,100,35,52500,50,75000,5,10,15000,2,3,4
1871,9,20,10,10000,10,10000,,,,2,,
1871,10,600,300,75000,300,75000,,,,2,3,4
1871,11,35,7,21000,20,60000,,8,24000,2,,
1871,14,180,,,90,29700,,90,29700,,,
1871,15,100,,,50,9000,,50,9000,,,
1871,19,1600,800,56000,800,56000,,,,2,3,6
1872,1,190,,,180,38000,,10,2100,,,
1872,14,140,,,70,23100,,70,23100,,,
1872,15,80,,,40,7200,,40,7200,,,
1872,19,1000,600,42000,400,28000,,,,2,4,6
1873,14,100,,,100,35000,,,,,,
1873,15,40,,,40,10000,,,,,,
1873,16,20,,,20,16000,,,,,,
1873,19,600,,,600,42000,,,,,,
1874,14,95,,,95,16250,,,,,,
1874,15,15,,,15,3750,,,,,,
1875,1,700,,,630,126000,,70,14000,,,
1875,14,100,,,100,23000,,,,,,
1875,15,25,,,25,13750,,,,,,
1876,14,45,,,45,8750,,,,,,
1876,15,5,,,5,1250,,,,,,
1876,19,960,800,56000,160,11200,,,,2,,
1877,14,70,,,70,14500,,,,,,
1877,15,25,,,25,6250,,,,,,
1878,14,100,,,100,23000,,,,,,
1878,15,70,,,60,15000,,10,2500,,,
1878,19,600,500,35000,100,7000,,,,2,,
1879,1,600,,,600,120000,,,,,,
1879,14,80,,,80,20000,,,,,,
1879,15,20,,,20,5000,,,,,,
1879,19,960,,,960,67200,,,,,,
1880,1,750,,,750,150000,,,,,,
1880,2,15,,,15,48500,,,,,,
1880,14,200,,,200,38000,,,,,,
1880,15,50,,,50,12500,,,,,,
1880,16,20,,,20,16000,,,,,,
1881,14,400,,,400,112500,,,,,,
1881,15,100,,,100,25000,,,,,,
1881,16,70,,,70,56000,,,,,,
1881,19,2400,,,2400,168000,,,,,,
1882,14,30,,,25,7500,,5,1250,,,
1882,15,50,,,50,10000,,,,,,
1883,14,50,,,50,15000,,,,,,
1883,15,30,,,30,6900,,,,,,
1884,1,600,,,600,122000,,,,,,
1884,14,100,,,100,30000,,,,,,
1884,15,70,,,70,16100,,,,,,
1884,16,30,,,30,36000,,,,,,
1885,14,60,,,60,21000,,,,,,
1885,15,30,,,30,7500,,,,,,
1887,14,20,,,20,7000,,,,,,
1887,15,20,,,20,4600,,,,,,
1888,14,40,,,40,12000,,,,,,
1888,15,50,,,50,11500,,,,,,
1889,14,60,,,60,21000,,,,,,
1889,15,50,,,50,10000,,,,,,
1889,16,10,,,10,15000,,,,,,
1890,14,70,,,70,24500,,,,,,
1890,15,50,,,50,10000,,,,,,
1891,1,300,,,300,62000,,,,,,
1892,1,300,,,300,62000,,,,,,
1893,14,147,,,147,29270,,,,,,
1893,15,112,,,107,29140,,5,1400,,,
1894,15,56,,,55,15120,,1,250,,,
1895,14,75,,,38,10620,37,,,,,
1895,15,140,,,117,23380,23,,,,,
1898,15,21,,,21,3600,,,,,,
1899,15,77,,,77,27000,,,,,,
1900,1,550,,,550,112000,,,,,,
1900,14,20,,,20,8000,,,,,,
1900,15,30,,,20,7000,,10,3500,,,
1900,16,10,,,10,8000,,,,,,
1900,19,1600,,,1600,112000,,,,,,
1901,1,440,,,440,100000,,,,,,
1902,14,20,,,10,4000,10,,,,,
1902,15,30,,,20,9000,10,,,,,
1902,16,5,,,5,4000,,,,,,
1903,1,290,,,290,60900,,,,,,
1903,14,20,,,20,8000,,,,,,
1903,15,25,,,25,10500,,,,,,
1903,19,2900,1500,105000,1400,98000,,,,2,,
1905,1,590,,,590,122000,,,,,,
1905,7,700,500,150000,200,60000,,,,2,3,
1905,8,120,60,90000,40,60000,,20,30000,2,3,
1905,9,20,15,15000,5,5000,,,,2,3,
1905,10,1800,1500,450000,300,90000,,,,2,3,
1905,11,40,,,30,66000,,10,22000,,,
1905,14,20,,,20,8000,,,,,,
1905,15,15,,,15,6300,,,,,,
1905,19,1800,,,1800,126000,,,,,,
1907,1,732,,,732,155680,,,,,,
1907,14,30,,,30,12000,,,,,,
1907,15,20,,,20,9000,,,,,,
1907,16,10,,,10,8000,,,,,,
1909,14,140,,,120,48000,,20,8000,,,
1909,15,60,,,60,9000,,,,,,
1910,14,65,,,60,24000,,5,2000,,,
1910,15,30,,,30,4500,,,,,,
1910,19,800,,,800,64000,,,,,,
1911,14,80,,,80,32000,,,,,,
1911,15,70,,,70,10500,,,,,,
1911,19,1200,,,1200,96000,,,,,,
1912,14,30,,,30,12000,,,,,,
1912,15,15,,,15,2250,,,,,,
1912,19,2800,2000,160000,800,64000,,,,2,,
1913,14,100,,,80,32000,,20,8000,,,
1913,15,45,,,40,6000,,5,750,,,
1913,19,1000,,,1000,80000,,,,,,
1914,14,65,,,65,26000,,,,,,
1914,15,45,,,45,6750,,,,,,
1915,7,1600,1000,250000,500,100000,100,,,2,,
1915,8,30,,,25,45000,,5,9000,,,
1915,10,800,550,137600,200,50000,50,,,2,,
1915,11,30,,,28,56000,,2,4000,,,
1915,14,100,,,85,34000,,15,6000,,,
1915,15,65,,,50,7500,,15,2250,,,
1915,19,2500,1800,144000,600,48000,100,,,2,,
1916,14,55,,,55,22000,,,,,,
1916,15,40,,,40,6000,,,,,,
1917,7,1500,1000,250000,400,100000,100,,,2,,
1917,8,45,20,36000,20,36000,,5,9000,7,,
1917,10,1100,800,200000,250,62500,50,,,2,,
1917,14,85,,,85,34000,,,,,,
1917,15,40,,,40,6000,,,,,,
1917,19,800,,,800,64000,,,,,,
1918,1,186,,,186,39200,,,,,,
1918,14,32,,,32,12800,,,,,,
1918,15,38,,,38,5700,,,,,,
1919,1,373,,,373,78600,,,,,,
1919,7,420,360,90000,60,15000,,,,2,,
1919,8,52,22,33000,28,42000,,2,3000,2,,
1919,10,380,195,58500,185,55500,,,,2,,
1919,11,50,29,63800,20,44000,,1,2200,2,,
1919,14,39,,,39,15600,,,,,,
1919,15,35,,,35,5250,,,,,,
1920,1,260,,,260,54600,,,,,,
1920,7,350,300,75000,50,12500,,,,2,,
1920,8,57,33,52800,20,32000,,4,6400,2,,
1920,10,400,300,90000,100,30000,,,,2,,
1920,11,60,39,78000,18,36000,,3,6000,2,,
1920,14,30,,,30,12000,,,,,,
1920,15,36,,,36,5400,,,,,,
1921,1,376,,,376,78200,,,,,,
1921,7,550,400,100000,150,22500,,,,2,,
1921,8,157,123,184500,29,43500,,5,7500,2,,
1921,10,800,620,186000,180,54000,,,,2,,
1921,11,85,67,147400,17,37400,,1,2200,2,,
1921,14,40,,,40,16000,,,,,,
1921,15,38,,,38,5700,,,,,,
1921,19,2200,1300,104000,900,72000,,,,2,,
1922,1,225,,,225,47200,,,,,,
1922,14,38,,,38,15200,,,,,,
1922,15,40,,,40,6000,,,,,,
1923,1,512,,,512,107400,,,,,,
1923,14,54,,,54,21600,,,,,,
1923,15,60,,,57,8550,,3,450,,,
1924,1,380,,,380,79800,,,,,,
1924,14,59,,,53,21200,,6,2400,,,
1924,15,62,,,57,8550,,5,750,,,
1925,1,373,,,373,78600,,,,,,
1925,14,48,,,48,19200,,,,,,
1925,15,44,,,44,6600,,,,,,
1926,1,320,,,320,67200,,,,,,
1926,14,45,,,45,18000,,,,,,
1926,15,47,,,47,7050,,,,,,
1928,1,1100,,,1100,231000,,,,,,
1928,14,90,,,90,31500,,,,,,
1928,15,80,,,80,20000,,,,,,
1928,16,25,,,25,25000,,,,,,
1929,1,450,,,450,94500,,,,,,
1929,14,90,,,90,31500,,,,,,
1929,15,60,,,60,15000,,,,,,
1930,14,120,,,100,35000,,20,7000,,,
1930,15,70,,,60,15000,,10,2500,,,
1930,16,8,,,8,8000,,,,,,
1931,14,89,,,80,28000,,9,3200,,,
1931,15,70,,,60,15000,,10,2500,,,
1931,16,10,,,10,10000,,,,,,
1933,1,1000,,,1000,210000,,,,,,
1933,14,165,,,150,52500,,15,5250,,,
1933,15,100,,,90,22500,,10,2500,,,
1933,16,20,,,20,20000,,,,,,
1934,14,30,,,30,10500,,,,,,
1934,15,30,,,30,7500,,,,,,
1935,14,90,,,90,31500,,,,,,
1935,15,70,,,60,15000,,10,2500,,,
1935,16,10,,,10,10000,,,,,,
1939,14,30,,,30,10500,,,,,,
1939,15,40,,,40,14000,,,,,,
1941,15,30,,,30,10500,,,,,,
1945,1,432,,,432,90720,,,,,,
1945,7,100,,,100,20000,,,,,,
1945,8,140,100,150000,20,30000,,20,30000,4,,
1945,9,10,,,10,12000,,,,,,
1945,10,80,,,80,20000,,,,,,
1945,11,60,40,120000,10,30000,,10,30000,4,,
1945,14,200,,,150,75000,,50,25000,,,
1945,15,120,,,100,20000,,20,4000,,,
1945,16,30,,,30,45000,,,,,,
1945,19,3000,2000,100000,1000,50000,,,,2,6,
1946,1,432,,,432,90720,,,,,,
1946,7,2600,2500,500000,100,20000,,,,5,,
1946,8,100,70,105000,20,30000,,10,15000,4,2,
1946,9,10,,,10,12000,,,,,,
1946,10,60,,,60,15000,,,,,,
1946,11,50,30,90000,10,30000,,10,30000,2,,
1946,14,160,,,130,65000,,30,15000,,,
1946,15,120,,,80,16000,,40,8000,,,
1946,16,40,,,40,60000,,,,,,
1946,19,1900,1800,90000,100,5000,,,,2,6,
1947,1,324,,,324,68040,,,,,,
1947,7,5000,5000,1000000,,,,,,5,,
1947,8,150,120,180000,20,30000,,10,15000,2,6,
1947,9,8,,,8,9600,,,,,,
1947,10,100,,,100,25000,,,,,,
1947,11,60,30,90000,20,60000,,10,30000,4,2,
1947,14,150,,,120,60000,,30,15000,,,
1947,15,100,,,80,16000,,20,4000,,,
1947,16,20,,,20,30000,,,,,,
1947,19,1500,1000,50000,500,25000,,,,2,6,
1948,1,216,,,216,45360,,,,,,
1948,7,5000,5000,1000000,,,,,,5,,
1948,8,80,60,90000,10,15000,,10,15000,2,6,4
1948,9,10,,,10,12000,,,,,,
1948,10,50,,,50,12500,,,,,,
1948,11,70,50,150000,10,30000,,10,30000,4,,
1948,14,100,,,80,40000,,20,10000,,,
1948,15,120,,,100,20000,,20,4000,,,
1948,16,20,,,20,30000,,,,,,
1948,19,4500,4000,200000,500,25000,,,,2,6,4
1949,1,216,,,216,45360,,,,,,
1949,7,50,,,50,10000,,,,,,
1949,8,80,60,90000,10,15000,,10,15000,2,6,
1949,9,15,,,15,18000,,,,,,
1949,10,60,,,60,15000,,,,,,
1949,11,20,,,10,30000,,10,30000,,,
1949,14,80,,,60,33000,,20,11000,,,
1949,15,80,,,40,8000,,40,8000,,,
1949,16,10,,,10,15000,,,,,,
1949,19,3000,2500,125000,500,25000,,,,2,6,
1950,1,432,,,432,90720,,,,,,
1950,7,5000,4900,980000,100,20000,,,,5,,
1950,8,80,40,60000,20,30000,,20,30000,2,6,
1950,9,8,,,8,9600,,,,,,
1950,10,50,,,50,12500,,,,,,
1950,11,50,20,60000,20,60000,,10,30000,4,6,
1950,14,150,,,120,66000,,30,16500,,,
1950,15,80,,,60,12000,,20,4000,,,
1950,16,20,,,20,30000,,,,,,
1950,19,2800,2000,100000,800,40000,,,,2,6,
1951,1,540,,,540,113400,,,,,,
1951,7,4800,4700,940000,100,20000,,,,5,,
1951,8,130,90,135000,30,45000,,10,15000,2,6,
1951,9,15,,,15,18000,,,,,,
1951,10,50,,,50,12500,,,,,,
1951,11,60,20,60000,20,60000,,20,60000,2,4,
1951,14,200,,,160,80000,,40,20000,,,
1951,15,150,,,100,20000,,50,10000,,,
1951,16,20,,,20,30000,,,,,,
1951,19,4500,3500,175000,1000,50000,,,,4,6,
1952,1,108,,,108,22680,,,,,,
1952,7,2400,2400,480000,,,,,,5,,
1952,8,70,50,75000,10,15000,,10,15000,2,6,
1952,10,40,,,40,10000,,,,,,
1952,11,60,40,60000,10,30000,,10,30000,2,4,
1952,14,60,,,40,22000,,20,11000,,,
1952,15,60,,,30,6000,,30,6000,,,
1952,16,10,,,10,15000,,,,,,
1952,19,2800,2300,115000,500,25000,,,,2,6,
1954,1,210,,,210,44000,,,,,,
1954,14,40,,,30,18000,,10,6000,,,
1954,15,20,,,15,3000,,5,1000,,,
1955,1,210,,,210,44000,,,,,,
1955,14,50,,,40,24000,,10,6000,,,
1955,15,20,,,15,3000,,5,1000,,,
1955,16,5,,,5,8000,,,,,,
1956,1,320,,,320,68000,,,,,,
1956,14,80,,,70,42000,,10,6000,,,
1956,15,30,,,25,5000,,5,1000,,,
1956,16,10,,,10,15000,,,,,,
1957,1,210,,,210,44000,,,,,,
1957,7,800,600,120000,200,40000,,,,2,,
1957,8,60,40,60000,15,22500,,5,7500,2,6,
1957,9,10,,,10,12000,,,,,,
1957,10,800,500,125000,300,75000,,,,2,,
1957,11,30,,,25,62500,,5,12500,,,
1957,14,60,,,50,30000,,10,6000,,,
1957,15,25,,,20,4000,,5,1000,,,
1957,16,7,,,7,10000,,,,,,
1957,19,1500,1000,50000,500,25000,,,,2,6,
1958,1,320,,,320,67000,,,,,,
1958,7,500,300,60000,200,40000,,,,2,,
1958,8,30,10,15000,15,22500,,5,7500,2,6,
1958,9,10,,,10,12000,,,,,,
1958,10,400,200,50000,200,50000,,,,2,,
1958,11,25,,,20,50000,,5,12500,,,
1958,14,50,,,40,24000,,10,6000,,,
1958,15,20,,,15,3000,,5,1000,,,
1958,16,10,,,10,15000,,,,,,
1958,19,1500,1000,50000,500,25000,,,,2,6,
1960,1,210,,,210,43000,,,,,,
1960,14,50,,,40,24000,,10,6000,,,
1960,15,25,,,20,4000,,5,1000,,,
1960,16,5,,,5,8000,,,,,,
1961,1,210,,,210,44000,,,,,,
1961,7,800,500,100000,300,60000,,,,2,,
1961,8,45,20,30000,15,22500,,10,15000,2,6,
1961,9,10,,,10,12000,,,,,,
1961,10,700,400,100000,300,75000,,,,2,,
1961,14,40,,,30,18000,,10,6000,,,
1961,15,20,,,15,3000,,5,1000,,,
1961,16,4,,,4,7000,,,,,,
1961,19,1500,1000,50000,500,25000,,,,2,6,
1962,1,210,,,210,44000,,,,,,
1962,14,40,,,35,21000,,5,3000,,,
1962,15,20,,,15,3000,,5,1000,,,
1962,16,5,,,5,8000,,,,,,
1963,1,216,,,216,43200,,,,,,
1964,1,648,,,648,129600,,,,,,
1964,7,650,550,78000,100,15000,,,,5,,
1964,8,100,,,80,112000,,20,27000,,,
1964,10,250,,,250,62500,,,,,,
1965,1,540,,,540,108000,,,,,,
1965,16,20,,,20,25000,,,,,,
1966,1,108,,,108,21600,,,,,,
1967,1,432,,,432,86400,,,,,,
1967,7,750,750,90000,,,,,,5,,
1967,8,60,,,60,84000,,,,,,
1967,10,250,,,250,62500,,,,,,
1968,1,108,,,108,21600,,,,,,
1969,1,432,,,432,86400,,,,,,
1970,1,324,,,324,64800,,,,,,
1971,1,648,,,648,129600,,,,,,
1971,7,2000,1650,240000,350,52500,,,,5,,
1971,8,100,,,60,84000,,40,56000,,,
1971,10,150,,,150,37500,,,,,,
1972,14,32,,,32,8800,,,,,,
1972,15,30,,,30,6000,,,,,,
1973,14,27,,,27,8000,,,,,,
1973,15,25,,,25,5800,,,,,,
1974,14,38,,,38,10800,,,,,,
1974,15,35,,,35,7500,,,,,,
1975,14,40,,,40,11200,,,,,,
1975,15,32,,,32,6500,,,,,,
1977,1,300,,,300,55000,,,,,,
1977,14,95,,,95,24000,,,,,,
1977,15,60,,,60,12600,,,,,,
1980,14,52,,,52,14500,,,,,,
1980,15,45,,,45,9500,,,,,,
1981,14,60,,,20,7000,40,,,,,
1981,15,80,,,20,6000,60,,,,,
1981,16,10,,,8,6400,2,,,,,
1981,20,10,,,10,2000,,,,,,
1982,1,360,,,350,70000,10,,,,,
1982,14,200,,,120,42000,60,20,7000,,,
1982,15,80,,,60,12000,5,15,3000,,,
1982,16,30,,,25,20000,5,,,,,
1982,19,2200,1500,105000,600,42000,100,,,6,7,
1982,20,60,,,50,10000,5,5,1000,,,
1983,1,720,,,700,128000,20,,,,,
1983,7,200,,,200,50000,,,,,,
1983,8,240,40,60000,180,270000,10,10,15000,2,6,7
1983,10,400,,,390,97500,10,,,,,
1983,14,300,,,250,87500,20,30,7000,,,
1983,15,100,,,80,16000,5,15,3000,,,
1983,16,60,,,55,44000,5,,,,,
1983,19,1500,250,17500,1200,84000,50,,,2,6,
1983,20,100,,,90,18000,5,5,1000,,,
1984,20,20,,,15,3000,5,,,,,
1985,20,30,,,20,4000,5,5,1000,,,
1986,14,120,,,120,42000,,,,,,
1986,15,60,,,60,12000,,,,,,
1986,19,900,700,49000,200,14000,,,,2,6,
1987,1,720,,,700,130000,20,,,,,
1987,7,100,,,100,25000,,,,,,
1987,8,120,,,110,165000,5,5,7500,,,
1987,10,200,,,200,50000,,,,,,
1987,14,150,,,130,45500,20,,,,,
1987,15,80,,,75,15000,5,,,,,
1987,16,50,,,45,27000,5,,,,,
1987,19,900,,,860,60200,40,,,,,
1987,20,70,,,60,12000,5,5,1000,,,
1988,1,360,,,350,70000,10,,,,,
1988,7,1400,1200,180000,200,50000,,,,5,7,
1988,8,120,20,30000,80,120000,10,10,15000,2,6,
1988,10,400,,,380,95000,20,,,,,
1988,14,300,,,150,52500,50,100,35000,,,
1988,15,100,,,80,16000,10,10,2000,,,
1988,16,80,,,60,48000,20,,,,,
1988,19,1400,800,56000,500,35000,100,,,2,6,7
1988,20,60,,,50,10000,5,5,1000,,,
1989,1,180,,,175,32000,5,,,,,
1989,14,100,,,80,28000,10,10,3500,,,
1989,15,60,,,40,8000,2,18,3600,,,
1989,16,30,,,27,21600,3,,,,,
1989,19,600,,,560,39200,40,,,,,
1989,20,30,,,25,5000,2,3,600,,,
1990,14,120,,,90,25000,,30,8000,,,
1990,15,30,,,30,6000,,,,,,
1990,16,25,,,25,35000,,,,,,
1990,20,40,,,40,10000,,,,,,
1991,14,150,,,135,30000,,15,4000,,,
1991,15,80,,,70,17000,,10,2500,,,
1991,16,25,,,25,37000,,,,,,
1991,20,50,,,50,12000,,,,,,
1992,16,10,,,10,15000,,,,,,
1992,20,10,,,10,2500,,,,,,
1993,1,360,,,360,70000,,,,,,
1994,1,200,,,200,40000,,,,,,
1994,14,25,,,25,10000,,,,,,
1994,15,20,,,20,4000,,,,,,
1994,20,20,,,20,5000,,,,,,
1996,14,30,,,30,11000,,,,,,
1996,20,15,,,15,3000,,,,,,
1997,14,40,,,40,15000,,,,,,
1997,15,15,,,15,3500,,,,,,
1997,16,20,,,20,30000,,,,,,
1997,20,30,,,30,7500,,,,,,
1998,14,40,,,40,15000,,,,,,
1998,16,10,,,10,15000,,,,,,
1998,20,25,,,25,6000,,,,,,
2000,16,30,,,30,20000,,,,,,
2004,14,50,,,50,17500,,,,,,
2004,15,30,,,30,6600,,,,,,
2004,16,10,,,10,8000,,,,,,
2008,1,300,,,300,58500,,,,,,
2008,7,200,,,200,50000,,,,,,
2008,8,70,,,65,104000,,5,8000,,,
2008,9,3,,,3,3000,,,,,,
2008,10,250,,,250,62500,,,,,,
2008,14,90,,,90,36000,,,,,,
2008,15,30,,,30,6400,,,,,,
2008,19,450,200,16000,250,20000,,,,2,,
2008,20,30,,,30,5400,,,,,,
2009,1,700,,,700,134400,,,,,,
2009,7,1200,1000,150000,200,40000,,,,2,3,
2009,8,100,20,32000,75,120000,,5,8000,2,3,
2009,9,7,,,7,7000,,,,,,
2009,10,250,,,250,50000,,,,,,
2009,11,15,,,15,36000,,,,,,
2009,14,150,,,120,48000,,30,12000,,,
2009,15,50,,,45,8100,,5,900,,,
2009,19,300,100,8000,200,16000,,,,2,6,
2009,20,80,,,60,10800,,20,3600,,,
2010,14,60,,,60,25200,,,,,,
2010,15,25,,,25,5000,,,,,,
2010,19,300,200,16000,100,8000,,,,6,,
2011,1,700,,,700,134400,,,,,,
2011,7,300,,,300,75000,,,,,,
2011,8,70,,,65,104000,,5,8000,,,
2011,9,2,,,2,2000,,,,,,
2011,10,250,,,250,62500,,,,,,
2011,11,10,,,10,26000,,,,,,
2011,14,90,,,80,32000,,10,4000,,,
2011,15,30,,,20,4000,,10,2000,,,
2011,19,250,,,250,20000,,,,,,
2011,20,30,,,25,4000,,5,800,,,
2012,1,200,,,200,39000,,,,,,
2012,7,150,,,150,30000,,,,,,
2012,8,70,,,68,108800,,2,3600,,,
2012,9,2,,,2,2000,,,,,,
2012,10,200,,,200,40000,,,,,,
2012,11,8,,,8,20000,,,,,,
2012,14,70,,,60,24000,,10,4000,,,
2012,15,30,,,25,6500,,5,1500,,,
2012,20,30,,,30,5400,,,,,,
2013,1,300,,,300,58500,,,,,,
2013,7,1400,1200,168000,200,40000,,,,5,,
2013,8,70,,,67,100500,,3,4500,,,
2013,10,250,,,250,50000,,,,,,
2013,14,150,,,150,60000,,,,,,
2013,15,50,,,50,12000,,,,,,
2013,19,200,,,200,16000,,,,,,
2013,20,30,,,30,4800,,,,,,
2014,1,150,,,150,28800,,,,,,
2014,7,1700,1200,144000,500,125000,,,,5,,
2014,8,70,,,66,105600,,4,6400,,,
2014,9,3,,,3,3000,,,,,,
2014,10,250,,,250,62500,,,,,,
2014,11,15,,,15,40000,,,,,,
2014,14,120,,,120,46800,,,,,,
2014,15,30,,,30,6000,,,,,,
2014,19,200,,,200,16000,,,,,,
2014,20,30,,,30,5400,,,,,,
2015,1,700,,,700,136500,,,,,,
2015,7,400,,,400,80000,,,,,,
2015,8,100,,,96,144000,,4,6000,,,
2015,9,5,,,5,5000,,,,,,
2015,10,250,,,250,50000,,,,,,
2015,11,10,,,8,20000,,2,5000,,,
2015,14,150,,,150,60000,,,,,,
2015,15,80,,,80,14400,,,,,,
2015,19,300,,,300,24000,,,,,,
2015,20,60,,,60,10800,,,,,,
2016,1,750,,,750,144000,,,,,,
2016,7,200,,,200,40000,,,,,,
2016,8,90,,,85,136000,,5,8000,,,
2016,9,5,,,5,5000,,,,,,
2016,10,300,,,300,60000,,,,,,
2016,11,15,,,15,36000,,,,,,
2016,14,150,,,145,58000,,5,2000,,,
2016,15,50,,,50,12000,,,,,,
2016,19,300,,,300,24000,,,,,,
2016,20,50,,,40,7200,,10,1800,,,
2017,14,60,,,50,30000,,10,6000,,,
2017,15,25,,,20,4000,,5,1000,,,
2017,16,18,,,18,18000,,,,,,
2018,14,50,,,50,30000,,,,,,
2018,15,30,,,30,6000,,,,,,
2019,1,300,,,300,75000,,,,,,
2019,14,50,,,50,30000,,,,,,
2019,15,60,,,60,12000,,,,,,
2020,1,300,,,300,75000,,,,,,
2020,14,50,,,30,18000,,20,12000,,,
2020,15,30,,,30,6000,,,,,,
2020,16,12,,,12,12000,,,,,,
2021,14,50,,,50,30000,,,,,,
2021,15,20,,,20,4000,,,,,,
2022,16,20,,,20,20000,,,,,,
2023,1,300,,,300,75000,,,,,,
2023,14,50,,,50,30000,,,,,,
2023,15,30,,,30,6000,,,,,,
2023,16,10,,,10,10000,,,,,,
2024,14,100,,,90,54000,,10,6000,,,
2024,15,70,,,70,14000,,,,,,
2024,16,15,,,15,15000,,,,,,
2026,14,60,,,60,13000,,,,,,
2026,15,20,,,20,10000,,,,,,
2027,14,60,,,60,15000,,,,,,
2027,15,40,,,40,20000,,,,,,
2027,16,6,,,6,3800,,,,,,
2028,14,120,,,120,30000,,,,,,
2028,15,50,,,50,25000,,,,,,
2028,16,10,,,10,6000,,,,,,
2029,14,50,,,50,12000,,,,,,
2029,15,30,,,30,15000,,,,,,
2030,14,100,,,100,25000,,,,,,
2030,15,60,,,60,30000,,,,,,
2030,16,8,,,8,5600,,,,,,
2031,14,20,,,20,4000,,,,,,
2031,15,20,,,20,10000,,,,,,
2032,14,30,,,30,6000,,,,,,
2032,15,15,,,15,7500,,,,,,
2034,14,60,,,60,13000,,,,,,
2034,15,10,,,10,5000,,,,,,
2037,14,150,,,135,33750,,15,3750,,,
2037,15,100,,,100,13000,,,,,,
2037,16,50,,,50,85000,,,,,,
2038,14,180,,,180,38000,,,,,,
2038,15,45,,,45,8700,,,,,,
2041,1,600,,,600,120000,,,,,,
2044,14,55,,,50,13000,,5,600,,,
2044,15,50,,,50,10000,,,,,,
2045,14,80,,,70,20500,,10,6000,,,
2045,15,40,,,40,8000,,,,,,
2045,16,8,,,8,12000,,,,,,
2046,14,70,,,45,12600,5,20,7200,,,
2046,15,40,,,30,6000,,10,2000,,,
2047,14,50,,,25,7800,,25,7800,,,
2047,15,25,,,25,5000,,,,,,
2048,14,40,,,30,8400,,10,6000,,,
2048,15,35,,,35,7000,,,,,,
2049,14,50,,,45,12600,,5,3000,,,
2049,15,40,,,40,8000,,,,,,
2049,16,5,,,5,7000,,,,,,
2050,14,60,,,60,17000,,,,,,
2050,15,35,,,35,7000,,,,,,
2051,14,25,,,18,8000,,7,2300,,,
2051,15,15,,,15,3000,,,,,,
2053,14,75,,,75,19000,,,,,,
2053,15,48,,,48,9600,,,,,,
2053,16,10,,,10,15000,,,,,,
2054,14,60,,,60,15000,,,,,,
2054,15,28,,,28,6000,,,,,,
2054,16,20,,,20,24000,,,,,,
2055,14,48,,,48,12000,,,,,,
2055,15,26,,,26,5500,,,,,,
2056,14,68,,,68,17000,,,,,,
2056,15,46,,,46,9500,,,,,,
2056,16,15,,,15,20000,,,,,,
2057,14,50,,,50,12500,,,,,,
2057,15,25,,,25,5000,,,,,,
2058,14,20,,,20,7000,,,,,,
2058,16,15,,,15,20000,,,,,,
2059,14,55,,,55,14000,,,,,,
2059,15,26,,,26,5200,,,,,,
2059,16,15,,,15,20000,,,,,,
2060,14,70,,,70,17000,,,,,,
2060,15,35,,,35,7000,,,,,,
2060,16,20,,,20,24000,,,,,,
2061,14,48,,,48,14000,,,,,,
2061,15,36,,,36,7200,,,,,,
2062,1,600,,,600,90000,,,,,,
2062,7,6600,6550,845000,50,6000,,,,4,,
2062,8,120,80,160000,20,40000,,20,40000,2,,
2062,10,50,,,50,10000,,,,,,
2062,11,40,,,20,50000,,20,50000,,,
2062,14,90,,,70,14000,,20,4000,,,
2062,15,80,,,60,12000,,20,4000,,,
2062,19,1000,500,30000,500,30000,,,,6,7,
2063,7,2530,2500,330000,30,3500,,,,5,,
2063,8,20,,,10,20000,,10,20000,,,
2063,10,30,,,30,6000,,,,,,
2063,11,20,,,10,25000,,10,25000,,,
2063,14,80,,,60,12000,,20,4000,,,
2063,15,40,,,30,6000,,10,2000,,,
2063,19,500,300,18000,200,12000,,,,2,,
2064,1,600,,,600,90000,,,,,,
2064,8,40,,,20,40000,,20,40000,,,
2064,10,40,,,40,8000,,,,,,
2064,11,40,,,20,50000,,20,50000,,,
2064,14,90,,,60,12000,,30,6000,,,
2064,15,70,,,50,10000,,20,4000,,,
2064,19,700,400,24000,300,18000,,,,6,7,
2065,7,5230,5200,670000,30,3800,,,,5,,
2065,8,20,,,10,20000,,10,20000,,,
2065,10,30,,,30,6000,,,,,,
2065,11,20,,,10,25000,,10,25000,,,
2065,14,30,,,20,4000,,10,2000,,,
2065,15,40,,,30,6000,,10,2000,,,
2065,19,600,400,24000,200,12000,,,,6,7,
2066,7,4250,4200,550000,50,6000,,,,5,,
2066,8,30,,,15,30000,,15,30000,,,
2066,10,50,,,50,10000,,,,,,
2066,11,30,,,15,40000,,15,40000,,,
2066,14,70,,,50,10000,,20,4000,,,
2066,15,60,,,50,10000,,10,2000,,,
2066,19,1000,600,36000,400,24000,,,,7,6,
2067,1,400,,,400,60000,,,,,,
2067,7,5250,5200,680000,50,6000,,,,5,,
2067,8,130,100,200000,15,30000,,15,30000,2,7,6
2067,10,50,,,50,10000,,,,,,
2067,11,30,,,15,40000,,15,40000,,,
2067,14,90,,,80,16000,,10,2000,,,
2067,15,80,,,50,10000,,30,6000,,,
2067,19,1000,600,36000,400,24000,,,,6,7,
2068,1,600,,,600,90000,,,,,,
2068,7,15650,15600,2000000,50,6000,,,,5,,
2068,8,200,140,280000,20,40000,20,20,40000,6,4,
2068,10,50,,,50,10000,,,,,,
2068,11,120,80,200000,20,50000,,20,50000,6,4,
2068,14,70,,,60,12000,,10,2000,,,
2068,15,100,,,60,12000,,40,8000,,,
2068,19,1000,600,36000,400,24000,,,,2,,
2069,7,7050,7000,910000,50,6000,,,,5,,
2069,8,20,,,10,20000,,10,20000,,,
2069,10,40,,,40,8000,,,,,,
2069,11,20,,,10,25000,,10,25000,,,
2069,14,80,,,60,12000,,20,4000,,,
2069,15,60,,,40,8000,,20,4000,,,
2069,19,1000,700,42000,300,18000,,,,6,,
2070,1,600,,,600,90000,,,,,,
2070,7,4250,4200,570000,50,6000,,,,5,,
2070,8,40,,,20,40000,,20,40000,,,
2070,10,50,,,50,10000,,,,,,
2070,11,40,,,20,50000,,20,50000,,,
2070,14,60,,,50,10000,,10,2000,,,
2070,15,90,,,70,14000,,20,4000,,,
2070,17,90,70,240000,10,35000,,10,35000,7,2,
2070,19,1500,1000,60000,500,30000,,,,2,7,
2071,14,35,,,35,11500,,,,,,
2071,15,30,,,30,6000,,,,,,
2071,16,1,,,1,1200,,,,,,
2072,1,320,,,320,64000,,,,,,
2072,7,3600,3550,532500,50,7500,,,,2,,
2072,8,70,30,36000,40,48000,,,,2,,
2072,9,3,,,3,3600,,,,,,
2072,10,100,,,100,25000,,,,,,
2072,11,25,,,25,55000,,,,,,
2072,17,50,40,160000,10,40000,,,,2,,
2072,19,2000,1850,111000,150,9000,,,,2,,
2073,1,540,,,540,108000,,,,,,
2073,7,80,,,80,12000,,,,,,
2073,8,60,,,60,72000,,,,,,
2073,9,1,,,1,1200,,,,,,
2073,10,150,,,150,37500,,,,,,
2073,11,20,,,20,44000,,,,,,
2073,19,1000,,,1000,60000,,,,,,
2074,1,465,,,465,93000,,,,,,
2074,7,2100,2050,307500,50,7500,,,,2,,
2074,8,60,,,60,72000,,,,,,
2074,9,2,,,2,2400,,,,,,
2074,10,100,,,100,25000,,,,,,
2074,11,25,,,25,55000,,,,,,
2074,19,3300,2500,150000,800,48000,,,,2,,
2075,1,430,,,430,86000,,,,,,
2075,7,1100,1050,157500,50,7500,,,,2,,
2075,8,80,20,24000,60,72000,,,,2,,
2075,9,2,,,2,2400,,,,,,
2075,10,150,,,150,37500,,,,,,
2075,11,30,,,30,66000,,,,,,
2075,14,60,,,60,23000,,,,,,
2075,15,50,,,50,10000,,,,,,
2075,19,1300,600,36000,700,42000,,,,2,,
2076,1,645,,,645,129000,,,,,,
2076,7,80,,,80,12000,,,,,,
2076,9,1,,,1,1200,,,,,,
2076,10,100,,,100,25000,,,,,,
2076,14,30,,,30,11000,,,,,,
2076,15,40,,,40,8000,,,,,,
2076,16,1,,,1,1200,,,,,,
2076,19,700,,,700,42000,,,,,,
2077,1,320,,,320,64000,,,,,,
2077,7,1250,1200,180000,50,7500,,,,2,,
2077,8,70,30,36000,40,48000,,,,2,,
2077,9,2,,,2,2400,,,,,,
2077,10,80,,,80,20000,,,,,,
2077,11,25,,,25,55000,,,,,,
2077,19,2000,1600,96000,400,24000,,,,2,,
2078,1,320,,,320,64000,,,,,,
2078,7,2100,2050,307500,50,7500,,,,2,,
2078,8,70,30,36000,40,48000,,,,2,,
2078,9,2,,,2,2400,,,,,,
2078,10,100,,,100,25000,,,,,,
2078,11,25,,,25,55000,,,,,,
2078,19,2000,1500,90000,500,30000,,,,2,,
2079,1,350,,,350,70000,,,,,,
2079,7,100,,,100,15000,,,,,,
2079,8,150,80,96000,70,84000,,,,2,,
2079,9,3,,,3,3600,,,,,,
2079,10,150,,,150,37500,,,,,,
2079,11,40,,,40,88000,,,,,,
2079,19,2000,1200,72000,800,48000,,,,2,,
2080,7,1780,1480,370000,200,50000,100,,,2,,
2080,8,200,105,157500,45,67500,20,30,45000,2,,
2080,10,2000,1600,480000,300,90000,100,,,2,,
2080,11,60,15,45000,40,120000,5,,,2,,
2080,14,50,,,45,13500,,5,1500,,,
2080,15,40,,,30,6000,,10,2000,,,
2080,19,1800,1300,104000,200,12000,300,,,2,,
2081,1,1000,,,950,161000,,50,8500,,,
2081,7,2000,1770,442000,200,60000,30,,,2,,
2081,8,300,170,255000,80,120000,20,30,45000,2,,
2081,10,2350,2080,520000,220,55000,50,,,2,,
2081,11,120,70,210000,25,75000,5,20,60000,2,,
2081,12,50,,,50,125000,,,,,,
2081,14,96,,,71,21500,,25,7500,,,
2081,15,70,,,55,11000,,15,3000,,,
2081,19,2000,1100,77000,900,54000,,,,2,,
2083,7,200,120,30000,80,20000,,,,2,,
2083,8,50,15,22500,30,45000,,5,7500,2,,
2083,10,700,530,132500,150,37500,20,,,2,,
2083,11,15,,,10,30000,,5,15000,,,
2083,14,38,,,30,9900,,8,2640,,,
2083,15,45,,,40,7200,,5,900,,,
2083,19,1650,1000,70000,600,36000,50,,,2,,
2085,7,1010,780,195000,200,50000,30,,,2,,
2085,8,210,155,232500,40,60000,5,10,15000,2,3,
2085,10,2000,1730,432500,250,62500,20,,,2,,
2085,11,80,50,150000,20,60000,,10,30000,2,,
2085,14,40,,,30,9000,,10,3000,,,
2085,15,50,,,50,8500,,,,,,
2085,19,1900,1100,66000,700,42600,100,,,2,,
2086,14,72,,,64,20000,,8,2500,,,
2086,15,50,,,40,8000,,10,2000,,,
2087,14,42,,,42,12500,,,,,,
2087,15,30,,,30,4800,,,,,,
2088,14,83,,,66,20000,,17,5000,,,
2088,15,68,,,50,9000,,18,3000,,,
2088,19,2500,1700,111000,800,48000,,,,2,,
2089,14,58,,,44,15000,,14,5000,,,
2089,15,30,,,25,5000,,5,1000,,,
2090,14,45,,,45,16000,,,,,,
2090,15,20,,,20,4000,,,,,,
2092,14,35,,,35,12500,,,,,,
2092,15,20,,,20,4000,,,,,,
2094,14,53,,,43,15000,,10,3500,,,
2094,15,33,,,33,6000,,,,,,
2096,14,53,,,45,16000,,8,2800,,,
2096,15,40,,,32,6400,,8,1600,,,
2098,14,200,,,170,52000,,30,9000,,,
2098,15,70,,,65,13000,,5,1000,,,
2099,14,250,,,200,60000,,50,15000,,,
2099,15,130,,,100,20000,,30,6000,,,
2100,14,300,,,270,87000,,30,9000,,,
2100,15,150,,,130,26000,,20,4000,,,
2101,14,200,,,180,54000,,20,6000,,,
2101,15,150,,,120,24000,,30,6000,,,
2102,14,250,,,200,60000,,50,15000,,,
2102,15,150,,,120,24000,,30,6000,,,
2103,14,120,,,100,30000,,20,6000,,,
2103,15,70,,,60,12000,,10,2000,,,
2104,14,100,,,80,24000,,20,6000,,,
2104,15,70,,,60,12000,,10,2000,,,
2105,14,250,,,200,60000,,50,15000,,,
2105,15,200,,,150,30000,,50,10000,,,
2107,14,240,,,200,90000,,40,18000,,,
2107,15,100,,,85,11050,,15,1950,,,
2108,1,360,,,360,79200,,,,,,
2108,14,180,,,160,72000,,20,9000,,,
2108,15,130,,,110,15400,,20,2800,,,
2109,14,120,,,120,54000,,,,,,
2109,15,100,,,100,13000,,,,,,
2110,1,600,,,600,132000,,,,,,
2110,14,180,,,180,81000,,,,,,
2110,15,130,,,115,14950,,15,1950,,,
2111,1,360,,,360,79200,,,,,,
2111,14,150,,,140,63000,,10,4500,,,
2111,15,85,,,85,11900,,,,,,
2112,1,420,,,420,92400,,,,,,
2112,14,150,,,130,58500,,20,9000,,,
2112,15,100,,,100,13000,,,,,,
2113,14,220,,,200,90000,,20,9000,,,
2113,15,150,,,135,17550,,15,1950,,,
2114,1,600,,,600,132000,,,,,,
2114,14,180,,,180,81000,,,,,,
2114,15,160,,,160,20800,,,,,,
2115,14,70,,,60,27000,,10,4500,,,
2115,15,50,,,50,6500,,,,,,
2116,1,1200,,,1200,264000,,,,,,
2116,2,50,,,50,185000,,,,,,
2116,7,200,,,200,50000,,,,,,
2116,8,180,80,120000,70,105000,10,20,30000,2,6,
2116,10,300,,,300,90000,,,,,,
2116,11,40,,,30,75000,,10,25000,,,
2116,14,200,,,180,72000,,20,8000,,,
2116,15,180,,,180,32400,,,,,,
2116,16,20,,,20,24000,,,,,,
2116,19,1200,,,1200,72000,,,,,,
2117,1,900,,,900,198000,,,,,,
2117,8,80,,,75,112500,,5,7500,,,
2117,10,100,,,100,30000,,,,,,
2117,14,160,,,160,64000,,,,,,
2117,15,200,,,150,27000,,50,9000,,,
2117,16,15,,,15,18000,,,,,,
2117,19,300,,,300,21000,,,,,,
2118,1,260,,,260,57200,,,,,,
2118,2,15,,,15,55500,,,,,,
2118,7,40,,,40,10000,,,,,,
2118,8,50,25,37500,15,22500,,10,15000,2,6,
2118,10,60,,,60,18000,,,,,,
2118,11,10,,,6,15000,,4,10000,,,
2118,14,110,,,80,32000,,30,12000,,,
2118,15,100,,,90,16200,,10,1800,,,
2118,16,10,,,10,12000,,,,,,
2118,17,25,,,15,45000,5,5,15000,,,
2118,19,1200,800,56000,400,28000,,,,2,,
2119,1,700,,,700,154000,,,,,,
2119,2,35,,,35,129500,,,,,,
2119,8,160,100,150000,40,60000,,20,30000,2,6,
2119,10,180,,,180,54000,,,,,,
2119,11,20,,,15,37500,,5,12500,,,
2119,14,150,,,150,60000,,,,,,
2119,15,140,,,140,25200,,,,,,
2119,16,5,,,5,6000,,,,,,
2120,1,700,,,700,154000,,,,,,
2120,2,22,,,22,81400,,,,,,
2120,7,60,,,60,15000,,,,,,
2120,8,80,,,40,60000,30,10,15000,,,
2120,10,150,,,150,45000,,,,,,
2120,11,15,,,10,25000,,5,12500,,,
2120,12,35,,,25,45000,,10,18000,,,
2120,14,200,,,180,72000,,20,8000,,,
2120,15,180,,,140,25200,,40,7200,,,
2120,16,10,,,10,12000,,,,,,
2120,19,1500,,,1000,70000,500,,,,,
2121,1,300,,,300,66000,,,,,,
2121,2,15,,,15,55500,,,,,,
2121,7,10,,,10,2000,,,,,,
2121,8,100,30,45000,30,45000,30,10,15000,2,,
2121,10,80,,,80,24000,,,,,,
2121,11,10,,,7,17500,,3,7500,,,
2121,14,100,,,80,32000,,20,8000,,,
2121,15,120,,,100,18000,,20,3600,,,
2121,16,5,,,5,6000,,,,,,
2121,19,300,,,200,14000,100,,,,,
2122,1,800,,,800,176000,,,,,,
2122,7,80,,,80,20000,,,,,,
2122,8,90,30,45000,40,60000,10,10,15000,2,,
2122,10,180,,,180,54000,,,,,,
2122,14,210,,,210,84000,,,,,,
2122,15,180,,,180,32400,,,,,,
2122,16,5,,,5,6000,,,,,,
2122,17,70,40,120000,15,45000,15,,,7,,
2122,19,100,,,100,7000,,,,,,
2123,7,100,,,50,10000,50,,,,,
2123,8,50,,,15,22500,30,5,7500,,,
2123,14,40,,,30,6000,,10,2000,,,
2123,15,20,,,20,4000,,,,,,
2123,19,200,,,100,5000,100,,,,,
2125,1,250,,,250,55000,,,,,,
2125,12,40,,,30,60000,,10,20000,,,
2125,13,200,60,90000,50,75000,70,20,30000,2,,
2125,14,140,,,140,32200,,,,,,
2125,15,50,,,50,6500,,,,,,
2126,1,450,,,450,99000,,,,,,
2126,7,250,,,250,50000,,,,,,
2126,8,120,,,100,150000,,20,30000,,,
2126,10,350,,,350,105000,,,,,,
2126,12,20,,,20,40000,,,,,,
2126,13,60,20,28000,25,35000,10,5,7000,2,,
2126,14,200,,,180,41400,,20,4600,,,
2126,15,70,,,70,9100,,,,,,
2126,19,700,,,700,42000,,,,,,
2127,1,300,,,300,66000,,,,,,
2127,7,200,,,200,40000,,,,,,
2127,8,120,,,75,112500,30,15,22500,,,
2127,10,350,,,350,105000,,,,,,
2127,12,20,,,10,20000,8,2,4000,,,
2127,13,100,40,52000,20,26000,30,10,13000,2,,
2127,14,180,,,180,39600,,,,,,
2127,15,55,,,55,6600,,,,,,
2127,19,1000,,,700,42000,300,,,,,
2128,1,600,,,600,132000,,,,,,
2128,2,60,,,50,150000,,10,30000,,,
2128,7,300,,,300,75000,,,,,,
2128,8,400,250,375000,100,150000,30,20,30000,2,,
2128,9,30,,,30,36000,,,,,,
2128,10,450,,,450,135000,,,,,,
2128,11,100,,,90,225000,,10,25000,,,
2128,12,20,,,20,40000,,,,,,
2128,13,200,120,168000,40,56000,30,10,14000,2,,
2128,14,230,,,200,44000,,30,6600,,,
2128,15,70,,,55,7150,,15,1950,,,
2128,19,1500,700,42000,800,48000,,,,2,,
2129,1,600,,,600,132000,,,,,,
2129,7,300,,,300,60000,,,,,,
2129,8,200,,,160,240000,,40,60000,,,
2129,10,450,,,450,135000,,,,,,
2129,11,90,,,78,195000,,12,30000,,,
2129,12,70,,,70,140000,,,,,,
2129,13,220,140,210000,50,75000,30,,,3,,
2129,14,170,,,150,33000,,20,4400,,,
2129,15,50,,,40,5200,,10,1300,,,
2129,19,1000,,,1000,60000,,,,,,
2130,1,300,,,300,51000,,,,,,
2130,12,40,,,30,60000,10,,,,,
2130,13,220,180,252000,20,28000,20,,,4,,
2130,14,170,,,170,39100,,,,,,
2130,15,45,,,45,5850,,,,,,
2130,19,800,,,600,36000,200,,,,,
2131,1,400,,,400,68000,,,,,,
2131,2,35,,,35,105000,,,,,,
2131,7,300,,,300,75000,,,,,,
2131,8,500,360,540000,100,150000,20,20,30000,2,,
2131,9,10,,,10,12000,,,,,,
2131,10,450,,,450,135000,,,,,,
2131,11,70,,,65,162500,,5,12500,,,
2131,12,30,,,20,40000,10,,,,,
2131,13,200,140,182000,30,39000,30,,,2,,
2131,14,150,,,140,30800,,10,2200,,,
2131,15,60,,,50,6500,,10,1300,,,
2131,19,1600,400,24000,1000,60000,200,,,2,,
2132,1,600,,,600,132000,,,,,,
2132,2,60,,,60,180000,,,,,,
2132,7,300,,,300,60000,,,,,,
2132,8,130,,,110,165000,,20,30000,,,
2132,10,450,,,450,135000,,,,,,
2132,12,30,,,20,40000,,10,20000,,,
2132,13,200,120,168000,30,42000,40,10,14000,2,,
2132,14,190,,,150,31500,,40,8400,,,
2132,15,60,,,45,5850,,15,1950,,,
2132,19,1000,300,18000,700,42000,,,,2,,
2133,1,450,,,450,99000,,,,,,
2133,7,200,,,200,50000,,,,,,
2133,8,95,,,80,120000,,15,22500,,,
2133,10,480,,,480,144000,,,,,,
2133,12,25,,,20,40000,,5,10000,,,
2133,13,250,200,300000,23,34500,17,10,15000,2,,
2133,14,160,,,150,31500,,10,2100,,,
2133,15,45,,,40,5200,,5,650,,,
2133,19,1500,600,36000,700,42000,200,,,2,,
2134,1,720,,,715,157300,,5,1100,,,
2134,14,470,,,435,93000,,35,9000,,,
2134,15,120,,,105,21000,,15,3000,,,
2134,16,20,,,20,28000,,,,,,
2134,19,800,,,750,45000,50,,,,,
2135,1,200,,,198,43560,,2,440,,,
2135,12,15,,,7,14000,3,5,10000,,,
2135,13,60,,,20,16000,20,20,16000,,,
2135,14,95,,,83,17800,,12,3200,,,
2135,15,60,,,52,10400,,8,1600,,,
2135,19,300,,,280,16800,20,,,,,
2136,1,720,,,710,156200,,10,2200,,,
2136,7,90,,,80,20000,10,,,,,
2136,8,30,,,22,33000,3,5,7500,,,
2136,10,75,,,70,21000,5,,,,,
2136,14,315,,,289,61800,,26,7800,,,
2136,15,150,,,135,27000,,15,3000,,,
2136,16,20,,,20,28000,,,,,,
2136,19,700,,,670,40200,30,,,,,
2137,1,500,,,495,108900,,5,1100,,,
2137,12,50,10,20000,20,40000,10,10,20000,2,,
2137,13,200,30,24000,90,72000,30,50,40000,2,,
2137,14,220,,,195,41400,,25,6600,,,
2137,15,100,,,75,15000,10,15,3000,,,
2137,16,10,,,10,14000,,,,,,
2137,17,30,20,70000,6,21000,2,2,7000,2,,
2138,1,200,,,198,43560,,2,440,,,
2138,14,105,,,75,17000,,30,6000,,,
2138,15,50,,,44,8800,,6,1200,,,
2138,19,250,,,200,12000,50,,,,,
2139,1,360,,,358,78760,,2,440,,,
2139,7,90,,,80,20000,10,,,,,
2139,8,30,,,17,25500,10,3,4500,,,
2139,10,95,,,90,22500,5,,,,,
2139,14,56,,,44,10400,,12,2600,,,
2139,15,50,,,40,8000,,10,2000,,,
2139,19,500,200,12000,250,15000,50,,,6,,
2140,14,315,,,280,60000,,35,7800,,,
2140,15,80,,,70,14000,,10,2000,,,
2140,16,12,,,12,18000,,,,,,
2140,17,3,,,2,7000,,1,3500,,,
2140,19,600,,,500,30000,100,,,,,
2141,1,720,,,717,157740,,3,660,,,
2141,14,260,,,240,54000,,20,6000,,,
2141,15,160,,,130,26000,,30,6000,,,
2141,16,15,,,15,22000,,,,,,
2141,17,15,,,9,31500,3,3,10500,,,
2141,19,800,,,700,42000,100,,,,,
2142,1,360,,,356,78320,,4,880,,,
2142,7,80,,,70,17500,10,,,,,
2142,8,20,,,15,22500,,5,7500,,,
2142,10,90,,,90,22500,,,,,,
2142,14,205,,,170,38000,,35,9000,,,
2142,15,90,,,80,16000,,10,2000,,,
2142,16,10,,,10,15000,,,,,,
2142,17,7,,,4,14000,1,2,7000,,,
2142,19,1200,400,24000,700,42000,100,,,6,,
2143,1,547,,,547,120340,,,,,,
2143,14,180,,,180,43380,,,,,,
2143,15,180,,,160,20800,,20,2600,,,
2144,1,164,,,164,36080,,,,,,
2144,15,40,,,30,3000,,10,1000,,,
2145,1,438,,,438,96360,,,,,,
2145,14,150,,,150,35250,,,,,,
2145,15,140,,,100,14000,,40,5600,,,
2146,1,180,,,180,39600,,,,,,
2146,15,30,,,25,2500,,5,500,,,
2147,1,540,,,540,118800,,,,,,
2147,14,170,,,170,41140,,,,,,
2147,15,160,,,150,21750,,10,1400,,,
2148,1,180,,,180,39600,,,,,,
2148,14,100,,,100,24500,,,,,,
2148,15,70,,,60,7200,,10,1200,,,
2149,1,800,,,800,176000,,,,,,
2149,14,220,,,220,51700,,,,,,
2149,15,160,,,150,18750,,10,1250,,,
2149,19,470,,,470,23500,,,,,,
2150,1,360,,,360,79200,,,,,,
2150,14,150,,,150,37200,,,,,,
2150,15,180,,,160,20000,,20,2500,,,
2150,19,300,,,300,15000,,,,,,
2151,1,170,,,170,37400,,,,,,
2151,14,10,,,10,5000,,,,,,
2151,15,50,,,40,4000,,10,1000,,,
2152,14,110,,,95,21565,,15,3405,,,
2152,15,70,,,70,7700,,,,,,
2152,16,5,,,5,7500,,,,,,
2152,19,300,,,300,18000,,,,,,
2153,1,300,,,300,66000,,,,,,
2153,14,98,,,86,19264,,12,2688,,,
2153,15,110,,,95,11875,,15,1875,,,
2153,16,15,,,15,21000,,,,,,
2154,1,200,,,200,44000,,,,,,
2154,14,90,,,87,19401,,3,669,,,
2154,15,80,,,80,9900,,,,,,
2154,16,10,,,10,15000,,,,,,
2155,1,180,,,180,39600,,,,,,
2155,14,80,,,80,17200,,,,,,
2155,15,80,,,70,7700,,10,1100,,,
2155,16,4,,,4,4800,,,,,,
2156,12,30,,,2,4000,20,8,16000,,,
2156,14,95,,,90,19440,,5,1080,,,
2156,15,40,,,30,4500,,10,1500,,,
2157,1,180,,,180,39600,,,,,,
2157,12,25,,,15,30000,,10,20000,,,
2157,14,78,,,78,21000,,,,,,
2157,15,90,,,90,11400,,,,,,
2157,16,6,,,6,9000,,,,,,
2158,14,66,,,66,15000,,,,,,
2158,15,60,,,55,6985,,5,635,,,
2158,19,280,,,280,16800,,,,,,
2159,1,300,,,300,66000,,,,,,
2159,12,30,,,30,60000,,,,,,
2159,14,112,,,95,24605,,17,4403,,,
2159,15,140,,,140,16800,,,,,,
2159,16,10,,,10,15000,,,,,,
2159,19,430,,,430,25800,,,,,,
2160,1,300,,,300,66000,,,,,,
2160,14,100,,,100,23000,,,,,,
2160,15,30,,,27,2430,,3,540,,,
2160,16,6,,,6,9000,,,,,,
2160,19,350,,,350,21000,,,,,,
2161,15,50,,,50,15000,,,,,,
2166,14,30,,,20,10000,,10,4000,,,
2166,15,30,,,30,8000,,,,,,
2167,14,20,,,12,6000,,8,4000,,,
2171,14,30,,,20,3000,,10,1500,,,
2171,15,40,,,30,3600,,10,1200,,,
2171,16,20,,,20,20000,,,,,,
2173,14,12,,,12,1800,,,,,,
2173,15,10,,,10,1200,,,,,,
2174,14,35,,,30,21000,,5,3500,,,
2177,14,30,,,20,3000,,10,1500,,,
2177,15,20,,,20,2400,,,,,,
2179,14,20,,,20,6000,,,,,,
2180,14,5,,,,,,5,2500,,,
2182,14,100,,,100,30000,,,,,,
2182,15,50,,,50,7500,,,,,,
2183,14,10,,,10,3000,,,,,,
2183,15,20,,,20,3000,,,,,,
2186,14,25,,,25,7500,,,,,,
2186,15,20,,,20,3000,,,,,,
2190,1,900,,,900,190000,,,,,,
2194,1,760,,,760,152000,,,,,,
2197,14,13,,,,,,13,7700,,,
2197,15,20,,,,,,20,5200,,,
2198,14,70,,,,,,70,16000,,,
2199,14,68,,,,,,68,16200,,,
2199,15,20,,,20,4600,,,,,,
2200,20,8,,,8,3000,,,,,,
2202,14,75,,,,,,75,18400,,,
2203,14,40,,,,,,40,9000,,,
2204,14,60,,,,,,60,12000,,,
2205,19,800,,,800,64000,,,,,,
2206,1,180,,,180,36000,,,,,,
2206,14,5,,,,,,5,3000,,,
2206,16,30,,,30,51000,,,,,,
2207,14,20,,,10,6000,,10,6000,,,
2207,16,12,,,12,20400,,,,,,
2207,20,15,,,15,6000,,,,,,
2208,14,20,,,10,6000,,10,6000,,,
2208,15,30,,,20,6000,,10,3000,,,
2208,20,5,,,5,2000,,,,,,
2210,14,10,,,10,6000,,,,,,
2210,15,150,,,150,45000,,,,,,
2210,16,30,,,30,51000,,,,,,
2210,20,10,,,10,4000,,,,,,
2211,14,10,,,10,6000,,,,,,
2211,15,10,,,10,3000,,,,,,
2212,14,50,,,40,24000,,10,6000,,,
2212,15,36,,,30,9000,,6,1800,,,
2212,16,48,,,48,81600,,,,,,
2213,14,50,,,50,30000,,,,,,
2213,15,45,,,42,12600,,3,900,,,
2213,16,10,,,10,17000,,,,,,
2213,20,15,,,15,4500,,,,,,
2214,14,5,,,5,3000,,,,,,
2214,15,10,,,10,3000,,,,,,
2214,20,10,,,10,4000,,,,,,
2215,14,71,,,,,,71,12000,,,
2218,14,64,,,64,16000,,,,,,
2218,15,66,,,66,13200,,,,,,
2219,14,45,,,45,24000,,,,,,
2219,15,46,,,46,11500,,,,,,
2224,14,30,,,,,,30,6000,,,
2225,14,30,,,,,,30,6000,,,
2232,14,30,,,,,,30,10000,,,
2233,14,96,,,96,30000,,,,,,
2234,14,120,,,120,18000,,,,,,
2234,15,60,,,60,15000,,,,,,
2236,14,94,,,94,17000,,,,,,
2236,15,40,,,40,10000,,,,,,
2237,14,270,,,270,40000,,,,,,
2238,14,161,,,161,29000,,,,,,
2240,14,60,,,60,9000,,,,,,
2241,14,97,,,97,17000,,,,,,
2241,15,20,,,20,4000,,,,,,
2243,14,38,,,23,6900,,15,4500,,,
2243,15,10,,,8,1600,,2,400,,,
2244,14,15,,,10,3000,,5,1500,,,
2246,1,200,,,200,39600,,,,,,
2246,14,10,,,8,2400,,2,600,,,
2247,14,3,,,,,,3,1000,,,
2247,15,3,,,,,,3,600,,,
2250,14,3,,,,,,3,900,,,
2260,14,7,,,,,,7,7000,,,
2269,14,10,,,10,8000,,,,,,
2269,15,20,,,20,6000,,,,,,
2270,14,5,,,5,4000,,,,,,
2270,15,5,,,5,1500,,,,,,
2271,14,15,,,15,10000,,,,,,
2271,15,10,,,10,3000,,,,,,
2272,14,10,,,10,8000,,,,,,
2272,15,15,,,15,5000,,,,,,
2273,14,30,,,30,15000,,,,,,
2273,15,30,,,30,8000,,,,,,
2274,14,20,,,20,10000,,,,,,
2274,15,20,,,20,6000,,,,,,
2275,14,30,,,30,15000,,,,,,
2275,15,30,,,30,6000,,,,,,
2277,14,20,,,20,15000,,,,,,
2277,15,30,,,30,9000,,,,,,
2278,1,550,,,520,112000,,30,6400,,,
2278,14,150,,,140,46200,,10,3300,,,
2278,15,120,,,110,22000,,10,2000,,,
2278,16,12,,,10,7000,,2,1400,,,
2279,1,430,,,400,86000,,30,6300,,,
2279,14,160,,,140,46200,,20,6600,,,
2279,15,130,,,120,24000,,10,2000,,,
2279,16,11,,,9,7200,,2,1600,,,
2280,14,200,,,180,59400,,20,6600,,,
2280,15,130,,,120,24000,,10,2000,,,
2280,16,10,,,10,10000,,,,,,
2281,14,120,,,120,39600,,,,,,
2281,15,140,,,140,30800,,,,,,
2281,16,8,,,8,8000,,,,,,
2282,14,100,,,100,33000,,,,,,
2282,15,80,,,80,16000,,,,,,
2282,16,7,,,7,5600,,,,,,
2283,1,380,,,360,75200,,20,4200,,,
2283,14,150,,,150,45500,,,,,,
2283,15,110,,,110,24200,,,,,,
2283,16,11,,,11,11000,,,,,,
2284,1,570,,,540,110000,,30,6300,,,
2284,14,200,,,180,59400,,20,6600,,,
2284,15,170,,,160,32000,,10,2000,,,
2285,14,100,,,70,23100,,30,9900,,,
2285,15,90,,,70,14000,,20,4000,,,
2286,14,110,,,100,33000,,10,3300,,,
2286,15,130,,,110,22000,,20,4000,,,
2286,16,14,,,12,9600,,2,1600,,,
2287,14,100,,,50,16500,,50,16500,,,
2287,15,60,,,30,5400,,30,5400,,,
2288,14,180,,,90,29700,,90,29700,,,
2288,15,80,,,40,7200,,40,7200,,,
2288,19,1360,800,56000,500,35000,60,,,2,3,6
2289,14,180,,,90,29700,,90,29700,,,
2289,15,100,,,50,9000,,50,9000,,,
2289,19,900,400,28000,500,35000,,,,2,6,
2290,14,140,,,70,23100,,70,23100,,,
2290,15,60,,,30,5400,,30,5400,,,
2291,14,200,,,100,33000,,100,33000,,,
2291,15,100,,,50,9000,,50,9000,,,
2291,19,1600,800,56000,800,56000,,,,2,3,6
2292,1,720,,,700,119000,,20,3400,,,
2292,7,600,300,60000,300,60000,,,,2,5,6
2292,8,120,55,88000,50,80000,5,10,16000,2,3,6
2292,9,30,15,15000,15,15000,,,,2,6,
2292,10,650,300,75000,350,87500,,,,2,3,4
2292,11,45,5,15000,35,105000,,5,15000,2,,
2292,14,200,,,100,33000,,100,33000,,,
2292,15,100,,,50,9000,,50,9000,,,
2292,19,1500,800,56000,700,49000,,,,2,3,6
2293,1,730,,,710,120000,,20,3400,,,
2293,7,650,350,70000,300,60000,,,,2,5,6
2293,8,110,39,58500,52,78000,6,13,19500,2,3,6
2293,9,25,10,10000,15,15000,,,,2,6,
2293,10,700,350,87500,350,87500,,,,2,3,4
2293,11,45,5,15000,35,105000,,5,15000,2,,
2293,14,200,,,100,33000,,100,33000,,,
2293,15,110,,,55,9900,,55,9900,,,
2293,19,1600,800,56000,800,56000,,,,2,3,6
2294,1,575,,,560,94000,,15,2500,,,
2294,7,700,350,70000,350,70000,,,,2,5,6
2294,8,115,50,75000,47,70500,5,13,19500,2,3,6
2294,9,30,15,15000,15,15000,,,,2,6,
2294,10,700,350,87500,350,87500,,,,2,3,4
2294,11,47,5,15000,30,90000,2,10,30000,2,,
2294,14,180,,,90,29700,,90,29700,,,
2294,15,120,,,60,10800,,60,10800,,,
2294,19,1600,800,56000,800,56000,,,,2,3,6
2295,1,150,,,130,28000,,20,4200,,,
2295,14,100,,,50,16500,,50,16500,,,
2295,15,60,,,30,5400,,30,5400,,,
2296,1,290,,,280,60000,,10,2100,,,
2296,14,120,,,60,19800,,60,19800,,,
2296,15,40,,,20,3600,,20,3600,,,
2297,1,280,,,270,58000,,10,2100,,,
2297,14,100,,,50,16500,,50,16500,,,
2297,15,40,,,20,3600,,20,3600,,,
2298,1,560,,,540,114000,,20,4200,,,
2298,7,650,350,87500,300,75000,,,,2,5,6
2298,8,110,45,67500,53,79500,2,10,15000,2,3,6
2298,9,30,15,15000,15,15000,,,,2,6,
2298,10,650,350,105000,300,90000,,,,2,3,4
2298,11,35,10,30000,20,60000,,5,15000,2,,
2298,14,180,17,51000,80,26400,3,80,26400,2,6,7
2298,15,120,,,60,10800,,60,10800,,,
2298,19,1600,800,56000,800,56000,,,,2,3,6
2299,1,420,,,410,68000,,10,1700,,,
2299,14,180,14,35000,76,25000,,90,29700,2,6,7
2299,15,80,,,40,7200,,40,7200,,,
2299,19,1100,600,42000,500,35000,,,,2,3,6
2300,1,410,,,400,86000,,10,2100,,,
2300,14,160,,,80,26400,,80,26400,,,
2300,15,80,,,40,7200,,40,7200,,,
2300,19,1200,600,42000,600,42000,,,,2,3,6
2301,1,570,,,555,121000,,15,3300,,,
2301,7,650,300,75000,300,75000,50,,,2,5,6
2301,8,110,45,67500,50,75000,5,10,15000,2,3,4
2301,9,25,10,10000,15,15000,,,,2,6,
2301,10,600,300,90000,300,90000,,,,2,4,6
2301,11,35,10,30000,22,66000,,3,9000,2,,
2301,12,20,,,15,22500,,5,7500,,,
2301,14,200,,,100,33000,,100,33000,,,
2301,15,120,,,60,10800,,60,10800,,,
2301,19,1600,1000,70000,600,42000,,,,2,3,6
2302,1,140,,,130,28000,,10,2200,,,
2302,14,100,,,50,16500,,50,16500,,,
2302,15,60,,,30,5400,,30,5400,,,
2303,1,420,,,400,80000,,20,4000,,,
2303,7,600,350,87500,250,62500,,,,2,5,6
2303,8,115,60,90000,40,60000,5,10,15000,2,3,4
2303,9,25,10,10000,15,15000,,,,2,6,
2303,10,650,350,87500,300,75000,,,,2,3,4
2303,11,32,,,23,69000,2,7,21000,,,
2303,12,20,,,20,35000,,,,,,
2303,14,180,,,90,29700,,90,29700,,,
2303,15,100,,,50,9000,,50,9000,,,
2303,19,1600,800,56000,800,56000,,,,2,3,6
2304,1,285,,,270,58000,,15,3200,,,
2304,14,140,,,70,23100,,70,23100,,,
2304,15,80,,,40,7200,,40,7200,,,
2304,19,1400,900,66000,500,35000,,,,2,6,7
2305,12,110,,,100,200000,,10,20000,,,
2305,13,50,,,50,50000,,,,,,
2305,14,150,,,150,42500,,,,,,
2305,15,15,,,15,3750,,,,,,
2305,16,25,,,25,20000,,,,,,
2305,19,1800,1500,105000,300,21000,,,,2,,
2306,14,150,,,150,50500,,,,,,
2306,15,25,,,25,6250,,,,,,
2306,16,50,,,50,40000,,,,,,
2307,1,1000,,,1000,200000,,,,,,
2307,14,200,,,200,80500,,,,,,
2307,15,50,,,50,12500,,,,,,
2307,16,20,,,20,16000,,,,,,
2308,1,450,,,450,90000,,,,,,
2308,14,150,,,150,22500,,,,,,
2308,15,30,,,30,7500,,,,,,
2308,16,60,,,60,48000,,,,,,
2308,19,1080,780,54600,300,21000,,,,2,,
2309,1,500,,,500,100000,,,,,,
2309,14,75,,,75,17250,,,,,,
2309,15,15,,,15,3750,,,,,,
2310,14,65,,,65,19750,,,,,,
2310,15,5,,,5,1250,,,,,,
2310,19,600,400,28000,200,14000,,,,2,,
2311,14,90,,,90,13500,,,,,,
2311,15,20,,,20,5000,,,,,,
2313,1,250,,,250,50000,,,,,,
2313,14,60,,,60,11000,,,,,,
2313,15,20,,,20,5000,,,,,,
2313,16,10,,,10,8000,,,,,,
2315,1,300,,,300,66000,,,,,,
2315,14,40,,,20,4000,,20,4000,,,
2315,19,1200,1000,60000,200,10000,,,,2,,
2316,1,400,,,400,88000,,,,,,
2316,14,25,,,,,,25,5000,,,
2317,14,25,,,,,,25,5000,,,
2318,14,30,,,,,,30,6000,,,
2318,19,600,200,14000,400,24000,,,,2,,
2319,1,300,,,300,69000,,,,,,
2319,14,40,,,,,,40,8000,,,
2321,14,20,,,,,,20,30000,,,
2321,19,400,,,400,24000,,,,,,
2322,1,300,,,300,66000,,,,,,
2322,14,40,,,,,,40,8000,,,
2323,14,258,,,258,38340,,,,,,
2323,15,115,,,115,34260,,,,,,
2325,14,241,,,241,43440,,,,,,
2325,15,115,,,112,30740,,3,800,,,
2326,1,600,,,600,136000,,,,,,
2326,14,151,,,151,31380,,,,,,
2326,15,137,,,135,40100,,2,730,,,
2327,1,300,,,300,62000,,,,,,
2328,14,124,,,124,21820,,,,,,
2328,15,64,,,64,19090,,,,,,
2331,14,166,,,166,36030,,,,,,
2331,15,122,,,122,38000,,,,,,
2332,14,40,,,,,,40,14000,,,
2332,15,100,,,50,15000,,50,15000,,,
2332,16,10,,,10,8000,,,,,,
2333,14,30,,,15,5250,,15,5250,,,
2333,15,60,,,60,17000,,,,,,
2334,14,20,,,10,4000,,10,4000,,,
2334,15,10,,,5,1750,,5,1750,,,
2335,14,60,,,40,14000,,20,7000,,,
2335,15,40,,,20,8000,,20,8000,,,
2336,14,20,,,10,4000,,10,4000,,,
2336,16,5,,,5,4000,,,,,,
2337,14,40,,,20,8000,,20,8000,,,
2337,15,30,,,20,7000,,10,3500,,,
2337,16,10,,,10,8000,,,,,,
2338,14,25,,,10,4000,,15,6000,,,
2338,16,10,,,10,8000,,,,,,
2339,14,25,,,10,4000,,15,6000,,,
2339,15,20,,,20,8000,,,,,,
2339,16,10,,,10,8000,,,,,,
2341,14,40,,,40,16000,,,,,,
2341,15,35,,,35,7000,,,,,,
2343,14,40,,,35,14000,,5,2000,,,
2343,15,20,,,20,3000,,,,,,
2344,14,15,,,15,6000,,,,,,
2346,14,20,,,20,8000,,,,,,
2347,14,45,,,45,18000,,,,,,
2347,15,15,,,15,3000,,,,,,
2349,14,10,,,10,4000,,,,,,
2350,1,260,,,260,52000,,,,,,
2350,14,48,,,48,19200,,,,,,
2350,15,52,,,46,6900,,6,900,,,
2351,1,558,,,558,111600,,,,,,
2351,7,2000,1960,588000,40,12000,,,,2,,
2351,8,100,47,70500,45,76500,,8,12000,2,,
2351,10,3500,3440,1032000,60,18000,,,,2,,
2351,11,60,30,60000,30,60000,,,,2,,
2351,14,68,,,68,27200,,,,,,
2351,15,53,,,53,7950,,,,,,
2352,1,650,,,650,130000,,,,,,
2352,14,68,,,68,27200,,,,,,
2352,15,63,,,63,9450,,,,,,
2353,1,560,,,560,112000,,,,,,
2353,7,3500,3345,1003500,155,46500,,,,2,,
2353,8,305,267,400500,32,48000,,6,9000,2,4,
2353,10,4000,3440,1032000,560,168000,,,,2,,
2353,11,48,22,44000,26,52000,,,,2,4,
2353,14,57,,,50,20000,,7,2800,,,
2353,15,52,,,52,7800,,,,,,
2354,1,238,,,238,47600,,,,,,
2354,14,42,,,42,16800,,,,,,
2354,15,45,,,45,6750,,,,,,
2355,1,375,,,375,75000,,,,,,
2355,14,52,,,47,18800,,5,2000,,,
2355,15,50,,,47,7050,,3,450,,,
2356,1,342,,,342,68400,,,,,,
2356,14,46,,,46,18400,,,,,,
2356,15,40,,,40,6000,,,,,,
2356,19,3260,2260,180800,1000,80000,,,,2,,
2357,1,440,,,440,88000,,,,,,
2357,14,56,,,52,20800,,4,1600,,,
2357,15,50,,,50,7500,,,,,,
2358,1,465,,,465,93000,,,,,,
2358,7,500,414,124200,86,25800,,,,2,,
2358,8,146,95,142500,46,69000,,5,7500,2,,
2358,10,850,750,225000,100,30000,,,,2,,
2358,11,110,57,114000,46,92000,,7,14000,2,,
2358,14,62,,,52,20800,,10,4000,,,
2358,15,53,,,45,6750,,8,1200,,,
2359,1,600,,,600,122000,,,,,,
2359,14,160,,,100,35000,,60,21000,,,
2359,15,90,,,60,9000,,30,4500,,,
2359,16,10,,,10,10000,,,,,,
2359,19,600,,,600,42000,,,,,,
2360,1,750,,,750,155000,,,,,,
2360,14,180,,,100,35000,,80,28000,,,
2360,15,110,,,60,9000,,50,7500,,,
2360,16,20,,,20,20000,,,,,,
2360,19,1400,,,1400,98000,,,,,,
2361,14,150,,,90,32000,,60,21000,,,
2361,15,110,,,60,9000,,50,7500,,,
2361,16,20,,,20,20000,,,,,,
2361,19,1500,,,1500,105000,,,,,,
2362,14,210,,,120,42000,,90,32000,,,
2362,15,150,,,90,14000,,60,9000,,,
2362,16,10,,,10,10000,,,,,,
2362,19,1400,,,1400,98000,,,,,,
2363,14,220,,,130,46000,,90,32000,,,
2363,15,150,,,90,14000,,60,9000,,,
2363,16,10,,,10,10000,,,,,,
2363,19,1000,,,1000,70000,,,,,,
2364,14,270,,,170,60000,,100,35000,,,
2364,15,160,,,100,15000,,60,9000,,,
2364,16,30,,,30,30000,,,,,,
2364,19,600,,,600,42000,,,,,,
2365,1,750,,,750,155000,,,,,,
2365,14,170,,,100,35000,,70,24500,,,
2365,15,150,,,90,13500,,60,9000,,,
2365,16,15,,,15,15000,,,,,,
2365,19,2100,,,2100,147000,,,,,,
2366,1,700,,,700,154000,,,,,,
2366,14,160,,,100,35000,,60,9000,,,
2366,15,140,,,100,15000,,40,6000,,,
2366,16,10,,,10,10000,,,,,,
2366,19,3000,1000,70000,2000,140000,,,,2,,
2367,7,500,,,500,125000,,,,,,
2367,8,90,,,90,135000,,,,,,
2367,10,500,,,500,125000,,,,,,
2367,14,200,,,130,50000,,70,25000,,,
2367,15,100,,,60,9000,,40,6000,,,
2367,16,10,,,10,10000,,,,,,
2367,19,1100,,,1100,77000,,,,,,
2368,14,30,,,30,10500,,,,,,
2369,14,20,,,20,7000,,,,,,
2369,15,20,,,20,7000,,,,,,
2370,14,20,,,20,7000,,,,,,
2370,15,30,,,30,10500,,,,,,
2371,14,20,,,20,7000,,,,,,
2372,1,936,,,936,196560,,,,,,
2372,15,40,,,40,14000,,,,,,
2374,14,20,,,20,7000,,,,,,
2374,15,20,,,20,7000,,,,,,
2377,1,324,,,324,68040,,,,,,
2377,7,1500,1450,72500,50,10000,,,,5,,
2377,8,70,50,75000,10,15000,,10,15000,2,6,
2377,9,5,,,5,6000,,,,,,
2377,10,30,,,30,7500,,,,,,
2377,11,30,10,30000,10,30000,,10,30000,2,6,
2377,14,80,,,60,33000,,20,11000,,,
2377,15,100,,,80,16000,,20,4000,,,
2377,16,10,,,10,15000,,,,,,
2377,19,3000,2500,125000,500,25000,,,,2,6,
2378,1,216,,,216,45360,,,,,,
2378,7,50,,,50,10000,,,,,,
2378,8,40,,,20,30000,,20,30000,,,
2378,9,10,,,10,12000,,,,,,
2378,10,60,,,60,15000,,,,,,
2378,11,30,,,20,60000,,10,30000,,,
2378,14,60,,,40,20000,,20,10000,,,
2378,15,80,,,60,18000,,20,4000,,,
2378,16,10,,,10,15000,,,,,,
2378,19,1500,1000,50000,500,25000,,,,2,6,
2379,1,864,,,864,181440,,,,,,
2379,7,1080,1000,200000,80,16000,,,,5,,
2379,8,120,,,70,105000,,50,75000,,,
2379,9,15,,,15,18000,,,,,,
2379,10,100,,,100,25000,,,,,,
2379,11,50,,,40,120000,,10,30000,,,
2379,14,180,,,160,80000,,20,10000,,,
2379,15,140,,,100,20000,,40,8000,,,
2379,16,30,,,30,45000,,,,,,
2379,19,1500,500,25000,1000,50000,,,,6,,
2380,1,432,,,432,90720,,,,,,
2380,7,50,,,50,10000,,,,,,
2380,8,130,90,135000,20,30000,,20,30000,2,6,
2380,9,10,,,10,12000,,,,,,
2380,10,50,,,50,12500,,,,,,
2380,11,30,10,30000,10,30000,,10,30000,2,,
2380,14,100,,,80,44000,,20,11000,,,
2380,15,120,,,80,16000,,40,8000,,,
2380,16,20,,,20,30000,,,,,,
2380,19,1500,1000,50000,500,25000,,,,2,6,
2381,1,432,,,432,90720,,,,,,
2381,7,60,,,60,12000,,,,,,
2381,8,150,110,165000,20,30000,,20,30000,2,6,
2381,9,10,,,10,12000,,,,,,
2381,10,60,,,60,15000,,,,,,
2381,11,30,,,20,60000,,10,30000,,,
2381,14,130,,,100,55000,,30,16500,,,
2381,15,100,,,80,16000,,20,4000,,,
2381,16,20,,,20,30000,,,,,,
2381,19,1500,1000,50000,500,25000,,,,2,6,
2382,1,216,,,216,45360,,,,,,
2382,7,1600,1500,300000,100,20000,,,,5,,
2382,8,30,,,10,15000,,20,30000,,,
2382,9,10,,,10,12000,,,,,,
2382,10,50,,,50,12500,,,,,,
2382,11,20,,,10,30000,,10,30000,,,
2382,14,80,,,60,33000,,20,11000,,,
2382,15,100,,,80,16000,,20,4000,,,
2382,16,20,,,20,30000,,,,,,
2382,19,1500,1000,50000,500,25000,,,,2,6,
2383,1,216,,,216,45360,,,,,,
2383,7,1030,1000,200000,30,6000,,,,5,,
2383,8,150,130,195000,10,15000,,10,15000,2,6,
2383,9,5,,,5,6000,,,,,,
2383,10,50,,,50,12500,,,,,,
2383,11,30,10,30000,10,30000,,10,30000,2,6,
2383,14,60,,,40,20000,,20,10000,,,
2383,15,100,,,80,16000,,20,4000,,,
2383,16,20,,,20,30000,,,,,,
2383,19,1500,1200,60000,300,15000,,,,2,6,
2384,1,324,,,324,68040,,,,,,
2384,7,1400,1370,274000,30,6000,,,,5,,
2384,8,80,50,75000,20,30000,,10,15000,2,6,
2384,9,8,,,8,9600,,,,,,
2384,10,30,,,30,7500,,,,,,
2384,11,30,10,30000,10,30000,,10,30000,2,6,
2384,14,70,,,50,27500,,20,11000,,,
2384,15,100,,,80,16000,,20,4000,,,
2384,16,20,,,20,30000,,,,,,
2384,19,1500,1300,65000,200,10000,,,,2,6,
2385,1,324,,,324,68040,,,,,,
2385,7,1500,1470,294000,30,6000,,,,5,,
2385,8,80,60,90000,10,15000,,10,15000,2,6,
2385,9,10,,,10,12000,,,,,,
2385,10,50,,,50,12500,,,,,,
2385,11,30,10,30000,10,30000,,10,30000,2,6,
2385,14,120,,,100,55000,,20,11000,,,
2385,15,100,,,80,16000,,20,4000,,,
2385,16,20,,,20,30000,,,,,,
2385,19,6300,5800,290000,500,25000,,,,2,6,
2386,14,20,,,20,12000,,,,,,
2386,15,15,,,15,3000,,,,,,
2387,1,430,,,430,90000,,,,,,
2387,14,80,,,60,36000,,20,12000,,,
2387,15,40,,,30,6000,,10,2000,,,
2387,16,15,,,15,20000,,,,,,
2388,1,650,,,650,136000,,,,,,
2388,7,4000,3600,540000,400,60000,,,,2,4,5
2388,8,200,150,225000,40,60000,,10,15000,2,6,
2388,9,20,,,20,24000,,,,,,
2388,10,1500,1000,250000,500,125000,,,,2,,
2388,11,60,,,40,100000,,20,50000,,,
2388,12,300,200,600000,60,90000,,40,120000,2,6,
2388,14,80,,,60,36000,,20,12000,,,
2388,15,60,,,50,10000,,10,2000,,,
2388,16,10,,,10,15000,,,,,,
2388,19,3000,2000,100000,1000,50000,,,,2,6,
2389,1,540,,,540,113000,,,,,,
2389,7,1400,800,160000,600,120000,,,,2,6,
2389,8,100,60,90000,30,45000,,10,15000,2,6,
2389,9,30,,,30,36000,,,,,,
2389,10,600,,,600,150000,,,,,,
2389,11,40,,,30,75000,,10,25000,,,
2389,14,80,,,60,36000,,20,12000,,,
2389,15,40,,,40,8000,,,,,,
2389,16,15,,,15,20000,,,,,,
2389,19,2800,1800,90000,1000,50000,,,,2,6,
2390,1,320,,,320,68000,,,,,,
2390,7,800,500,100000,300,60000,,,,2,,
2390,8,50,20,30000,20,30000,,10,15000,2,6,
2390,9,10,,,10,12000,,,,,,
2390,10,400,,,400,100000,,,,,,
2390,14,50,,,40,24000,,10,6000,,,
2390,15,30,,,30,6000,,,,,,
2390,16,8,,,8,12000,,,,,,
2390,19,2000,1400,70000,600,30000,,,,2,6,
2391,1,320,,,320,67000,,,,,,
2391,14,50,,,40,24000,,10,6000,,,
2391,15,20,,,15,3000,,5,1000,,,
2391,16,5,,,5,8000,,,,,,
2392,1,320,,,320,67000,,,,,,
2392,7,900,600,120000,300,60000,,,,2,,
2392,8,60,30,45000,20,30000,,10,15000,2,6,
2392,9,10,,,10,12000,,,,,,
2392,10,700,400,100000,300,75000,,,,2,,
2392,11,30,,,20,50000,,10,25000,,,
2392,14,60,,,50,30000,,10,6000,,,
2392,15,30,,,25,5000,,5,1000,,,
2392,16,5,,,5,8000,,,,,,
2392,19,1300,700,35000,600,30000,,,,2,6,
2393,1,210,,,210,45000,,,,,,
2393,7,900,700,140000,200,40000,,,,2,,
2393,8,80,50,75000,20,30000,,10,15000,2,6,
2393,9,8,,,8,10000,,,,,,
2393,10,700,400,100000,300,75000,,,,2,,
2393,11,40,10,25000,15,37500,,15,37500,2,,
2393,12,300,200,400000,50,100000,,50,100000,2,6,
2393,14,50,,,40,24000,,10,6000,,,
2393,15,25,,,20,4000,,5,1000,,,
2393,16,4,,,4,8000,,,,,,
2393,19,2600,2000,100000,600,30000,,,,2,6,
2394,1,320,,,320,67000,,,,,,
2394,7,900,600,120000,300,60000,,,,2,,
2394,8,70,40,60000,20,30000,,10,15000,2,6,
2394,9,15,,,15,18000,,,,,,
2394,10,700,400,100000,300,75000,,,,2,,
2394,11,30,,,20,50000,,10,25000,,,
2394,14,60,,,60,36000,,,,,,
2394,15,40,,,30,6000,,10,2000,,,
2394,16,5,,,5,8000,,,,,,
2394,19,1400,800,40000,600,30000,,,,2,6,
2395,1,432,,,432,86400,,,,,,
2396,1,108,,,108,21600,,,,,,
2396,14,3,,,,,,3,2000,,,
2397,1,540,,,540,108000,,,,,,
2397,14,10,,,,,,10,4500,,,
2397,19,2000,500,25000,1500,75000,,,,2,,
2399,1,324,,,324,64800,,,,,,
2400,1,108,,,108,21600,,,,,,
2400,14,6,,,,,,6,2700,,,
2401,1,216,,,216,43200,,,,,,
2402,1,540,,,540,108000,,,,,,
2402,14,10,,,,,,10,4500,,,
2402,15,10,,,10,2500,,,,,,
2403,1,648,,,648,129600,,,,,,
2403,14,10,,,,,,10,4500,,,
2403,16,10,,,10,12000,,,,,,
2404,12,10,,,10,20000,,,,,,
2404,13,20,,,20,16000,,,,,,
2404,14,58,,,58,14000,,,,,,
2404,15,46,,,46,9500,,,,,,
2405,1,1000,,,1000,200000,,,,,,
2405,7,300,,,300,60000,,,,,,
2405,8,65,10,15000,50,75000,,5,7500,6,,
2405,9,6,,,6,6000,,,,,,
2405,10,100,,,100,25000,,,,,,
2405,11,18,,,17,42500,,1,2500,,,
2405,12,22,6,12000,16,32000,,,,6,,
2405,14,170,,,170,39000,,,,,,
2405,15,129,,,125,25000,,4,800,,,
2405,19,800,200,14000,600,42000,,,,6,,
2406,1,1200,,,1200,240000,,,,,,
2406,12,35,10,20000,25,50000,,,,6,,
2406,14,225,,,225,52000,,,,,,
2406,15,170,,,165,35000,,5,900,,,
2406,19,1200,400,28000,800,56000,,,,6,,
2407,1,340,,,340,68000,,,,,,
2407,12,20,5,10000,5,10000,10,,,2,6,
2407,14,72,,,72,17500,,,,,,
2407,15,65,,,65,13600,,,,,,
2408,12,12,,,12,24000,,,,,,
2408,14,32,,,32,8600,,,,,,
2408,15,30,,,30,6000,,,,,,
2409,1,500,,,500,100000,,,,,,
2409,12,25,7,14000,14,28000,4,,,6,,
2409,14,135,,,135,30800,,,,,,
2409,15,100,,,100,21000,,,,,,
2409,19,900,350,24500,500,35000,50,,,6,,
2410,1,320,,,320,64000,,,,,,
2410,12,30,15,30000,15,30000,,,,6,,
2410,13,10,,,10,8000,,,,,,
2410,14,87,,,87,22000,,,,,,
2410,15,75,,,75,16000,,,,,,
2411,14,30,,,30,8500,,,,,,
2411,15,25,,,25,5800,,,,,,
2412,1,90,,,90,18000,,,,,,
2412,12,15,5,10000,7,14000,3,,,6,,
2412,14,40,,,40,11000,,,,,,
2412,15,54,,,54,11500,,,,,,
2414,14,160,,,160,56000,,,,,,
2414,15,100,,,100,20000,,,,,,
2414,16,60,,,55,44000,5,,,,,
2414,20,40,,,40,8000,,,,,,
2415,14,160,,,120,60000,20,20,10000,,,
2415,15,80,,,70,14000,10,,,,,
2415,16,30,,,25,20000,5,,,,,
2415,20,50,,,40,8000,5,5,1000,,,
2416,14,160,,,150,52500,10,,,,,
2416,15,80,,,70,14000,10,,,,,
2416,16,40,,,36,32400,4,,,,,
2416,20,30,,,28,5600,2,,,,,
2417,20,40,,,25,5000,10,5,1000,,,
2418,14,150,,,100,35000,20,30,7000,,,
2418,15,60,,,40,8000,10,10,2000,,,
2418,16,30,,,25,20000,5,,,,,
2418,20,40,,,30,6000,10,,,,,
2419,14,300,,,280,98000,20,,,,,
2419,15,150,,,130,26000,20,,,,,
2419,16,30,,,28,16800,2,,,,,
2419,20,40,,,35,7000,5,,,,,
2420,14,200,,,180,63000,20,,,,,
2420,15,100,,,95,19000,5,,,,,
2420,16,50,,,45,31500,5,,,,,
2420,20,30,,,30,6000,,,,,,
2421,14,100,,,80,28000,20,,,,,
2421,16,20,,,18,12600,2,,,,,
2421,20,20,,,18,3600,2,,,,,
2422,1,540,,,540,100000,,,,,,
2422,14,100,,,100,30000,,,,,,
2422,16,20,,,20,20000,,,,,,
2422,19,1200,,,1200,84000,,,,,,
2422,20,40,,,40,8500,,,,,,
2423,1,1000,,,1000,200000,,,,,,
2423,7,30,,,30,7500,,,,,,
2423,8,305,150,225000,100,150000,50,5,7500,6,,
2423,9,10,,,10,10000,,,,,,
2423,10,300,,,300,75000,,,,,,
2423,11,50,,,50,100000,,,,,,
2423,14,150,,,150,40000,,,,,,
2423,15,80,,,80,16000,,,,,,
2423,16,20,,,20,20000,,,,,,
2423,19,200,,,200,14000,,,,,,
2423,20,50,,,50,10000,,,,,,
2424,1,700,,,700,140000,,,,,,
2424,7,2000,1800,180000,200,20000,,,,5,,
2424,8,35,,,35,52000,,,,,,
2424,10,280,,,280,70000,,,,,,
2424,14,100,,,100,30000,,,,,,
2424,15,60,,,60,15000,,,,,,
2424,20,50,,,50,10000,,,,,,
2425,1,800,,,800,160000,,,,,,
2425,7,300,,,300,60000,,,,,,
2425,8,70,,,60,78000,,10,15000,,,
2425,9,15,,,15,15000,,,,,,
2425,10,300,,,300,75000,,,,,,
2425,11,60,,,60,132000,,,,,,
2425,14,150,,,150,40000,,,,,,
2425,15,70,,,70,16000,,,,,,
2425,16,25,,,25,25000,,,,,,
2425,19,1300,,,1300,90000,,,,,,
2426,1,800,,,800,150000,,,,,,
2426,7,3000,2400,240000,600,90000,,,,5,,
2426,8,200,,,180,270000,,20,30000,,,
2426,9,5,,,5,5000,,,,,,
2426,10,350,,,350,85000,,,,,,
2426,11,40,,,40,88000,,,,,,
2426,14,200,,,170,41000,,30,7500,,,
2426,15,100,,,80,16000,,20,4000,,,
2426,16,30,,,30,30000,,,,,,
2426,20,80,,,80,16000,,,,,,
2427,1,900,,,900,170000,,,,,,
2427,14,40,,,40,12000,,,,,,
2427,15,30,,,30,6900,,,,,,
2427,20,50,,,50,10000,,,,,,
2428,1,280,,,280,56000,,,,,,
2428,7,300,,,300,75000,,,,,,
2428,8,60,,,40,60000,,20,30000,,,
2428,10,200,,,200,50000,,,,,,
2428,11,20,,,20,44000,,,,,,
2428,14,90,,,90,20000,,,,,,
2428,15,25,,,25,5000,,,,,,
2428,16,10,,,10,10000,,,,,,
2428,19,800,,,800,56000,,,,,,
2429,1,700,,,700,140000,,,,,,
2429,14,50,,,50,12500,,,,,,
2429,15,20,,,20,4000,,,,,,
2429,20,40,,,40,4000,,,,,,
2430,1,1000,,,1000,190000,,,,,,
2430,7,200,,,200,50000,,,,,,
2430,8,570,100,150000,400,600000,50,20,30000,4,6,
2430,10,400,,,400,100000,,,,,,
2430,11,150,,,150,330000,,,,,,
2430,14,100,,,100,20000,,,,,,
2430,15,100,,,100,20000,,,,,,
2430,16,30,,,30,45000,,,,,,
2430,19,1000,,,1000,75000,,,,,,
2430,20,50,,,50,11000,,,,,,
2434,1,432,,,432,86400,,,,,,
2434,14,30,,,30,12000,,,,,,
2434,15,20,,,20,5000,,,,,,
2434,16,10,,,10,6000,,,,,,
2435,14,10,,,10,2500,,,,,,
2436,14,50,,,50,17500,,,,,,
2436,15,50,,,50,12500,,,,,,
2436,16,8,,,8,6000,,,,,,
2437,14,40,,,40,16000,,,,,,
2438,14,100,,,100,40000,,,,,,
2438,15,80,,,80,20000,,,,,,
2438,16,50,,,50,35000,,,,,,
2439,16,10,,,10,6000,,,,,,
2440,14,60,,,60,27000,,,,,,
2440,15,25,,,25,5750,,,,,,
2441,14,30,,,20,9000,,10,4500,,,
2441,15,30,,,30,6600,,,,,,
2442,14,30,,,30,13500,,,,,,
2442,15,15,,,15,3640,,,,,,
2443,14,30,,,30,13500,,,,,,
2443,15,15,,,15,3300,,,,,,
2444,1,100,,,100,19200,,,,,,
2444,14,60,,,45,18900,,15,6300,,,
2444,15,25,,,25,6000,,,,,,
2445,1,400,,,400,78000,,,,,,
2445,14,90,,,80,36000,,10,4500,,,
2445,15,40,,,40,9200,,,,,,
2446,1,400,,,400,78000,,,,,,
2446,14,80,,,60,24000,,20,8000,,,
2446,15,30,,,30,6600,,,,,,
2448,14,90,,,80,36000,,10,4500,,,
2448,15,30,,,20,4400,,10,2200,,,
2449,14,20,,,20,12000,,,,,,
2449,16,5,,,5,5000,,,,,,
2450,14,30,,,20,12000,,10,6000,,,
2450,15,50,,,35,7000,,15,3000,,,
2450,16,10,,,10,10000,,,,,,
2451,14,30,,,25,15000,,5,3000,,,
2451,15,30,,,30,6000,,,,,,
2451,16,10,,,10,10000,,,,,,
2452,14,30,,,20,12000,,10,6000,,,
2452,16,5,,,5,5000,,,,,,
2454,16,10,,,10,10000,,,,,,
2455,14,70,,,50,30000,,20,12000,,,
2455,15,50,,,50,10000,,,,,,
2455,16,20,,,20,20000,,,,,,
2456,14,50,,,40,24000,,10,6000,,,
2456,15,40,,,40,8000,,,,,,
2456,16,15,,,15,15000,,,,,,
2458,14,100,,,100,25000,,,,,,
2458,15,50,,,50,18000,,,,,,
2458,16,15,,,15,22500,,,,,,
2459,14,120,,,120,25000,,,,,,
2459,15,70,,,70,17500,,,,,,
2460,8,50,,,50,75000,,,,,,
2460,10,50,,,50,15000,,,,,,
2460,14,70,,,70,16000,,,,,,
2460,15,50,,,50,22500,,,,,,
2460,16,30,,,30,51000,,,,,,
2460,19,400,,,400,28000,,,,,,
2461,1,300,,,300,66000,,,,,,
2461,14,60,,,60,13000,,,,,,
2461,15,20,,,20,5000,,,,,,
2462,1,450,,,450,100000,,,,,,
2462,14,180,,,180,40000,,,,,,
2462,15,100,,,100,45000,,,,,,
2463,1,450,,,450,100000,,,,,,
2463,14,80,,,80,13000,,,,,,
2463,15,30,,,30,16000,,,,,,
2464,1,700,,,700,154000,,,,,,
2464,7,50,,,50,12500,,,,,,
2464,8,90,,,90,150000,,,,,,
2464,9,3,,,3,3000,,,,,,
2464,10,80,,,80,24000,,,,,,
2464,11,3,,,3,7500,,,,,,
2464,13,20,,,20,20000,,,,,,
2464,14,220,,,220,48000,,,,,,
2464,15,100,,,100,50000,,,,,,
2465,1,300,,,300,66000,,,,,,
2465,14,80,,,80,18000,,,,,,
2465,15,20,,,20,10000,,,,,,
2466,1,300,,,300,66000,,,,,,
2466,14,90,,,90,20000,,,,,,
2466,15,60,,,60,25000,,,,,,
2467,14,45,,,45,11250,,,,,,
2468,15,20,,,20,5000,,,,,,
2470,14,120,,,120,26500,,,,,,
2470,15,60,,,60,13000,,,,,,
2471,14,120,,,120,36000,,,,,,
2471,15,80,,,80,17000,,,,,,
2473,14,80,,,80,19000,,,,,,
2476,14,25,,,25,7800,,,,,,
2476,15,20,,,20,4000,,,,,,
2477,14,75,,,75,14000,,,,,,
2477,15,40,,,40,8000,,,,,,
2478,14,50,,,35,11500,,15,6600,,,
2478,15,30,,,30,6000,,,,,,
2479,14,50,,,40,6600,5,5,3000,,,
2479,15,40,,,40,8000,,,,,,
2479,16,6,,,6,7000,,,,,,
2480,14,85,,,65,20000,,20,7200,,,
2480,15,40,,,40,8000,,,,,,
2480,16,8,,,8,12000,,,,,,
2481,14,45,,,45,7000,,,,,,
2481,15,25,,,25,5000,,,,,,
2482,14,30,,,30,7000,,,,,,
2482,15,20,,,20,4000,,,,,,
2483,14,35,,,35,6000,,,,,,
2483,15,20,,,20,4000,,,,,,
2484,14,30,,,30,7000,,,,,,
2484,15,20,,,20,4000,,,,,,
2485,14,130,,,130,35000,,,,,,
2485,15,55,,,55,11000,,,,,,
2485,16,30,,,30,35000,,,,,,
2486,14,100,,,100,25000,,,,,,
2486,15,40,,,40,8000,,,,,,
2486,16,20,,,20,22000,,,,,,
2487,14,30,,,30,7000,,,,,,
2487,15,20,,,20,4000,,,,,,
2488,14,30,,,30,7000,,,,,,
2488,15,18,,,18,3600,,,,,,
2490,14,90,,,90,23000,,,,,,
2490,15,25,,,25,5000,,,,,,
2490,16,20,,,20,24000,,,,,,
2491,14,60,,,60,15000,,,,,,
2491,15,25,,,25,5000,,,,,,
2491,16,10,,,10,13000,,,,,,
2492,14,76,,,76,20000,,,,,,
2492,15,28,,,28,5600,,,,,,
2493,14,120,,,120,30000,,,,,,
2493,15,42,,,42,9000,,,,,,
2493,16,25,,,25,30000,,,,,,
2494,14,30,,,20,5000,,10,2500,,,
2494,15,30,,,20,2000,,10,2000,,,
2495,1,600,,,600,90000,,,,,,
2495,7,1450,1400,185000,50,6000,,,,2,,
2495,8,40,,,20,40000,,20,40000,,,
2495,10,50,,,50,7000,,,,,,
2495,11,40,,,20,50000,,20,50000,,,
2495,14,70,,,50,12500,,20,5000,,,
2495,15,60,,,50,10000,,10,2000,,,
2495,19,1000,600,36000,400,24000,,,,6,,
2496,14,30,,,20,5000,,10,2500,,,
2496,15,30,,,20,4000,,10,2000,,,
2497,1,400,,,400,60000,,,,,,
2497,14,70,,,60,12000,,10,2000,,,
2497,15,80,,,60,12000,,20,4000,,,
2498,14,50,,,40,8000,,10,2000,,,
2498,15,40,,,30,6000,,10,2000,,,
2499,1,200,,,200,30000,,,,,,
2499,7,1520,1500,200000,20,2500,,,,5,,
2499,8,20,,,10,20000,,10,20000,,,
2499,10,20,,,20,2800,,,,,,
2499,11,20,,,10,25000,,10,25000,,,
2499,14,40,,,30,9000,,10,3000,,,
2499,15,30,,,20,4000,,10,2000,,,
2499,19,1000,800,48000,200,12000,,,,6,7,
2500,7,2830,2800,370000,30,4000,,,,5,,
2500,8,120,100,200000,10,20000,,10,20000,6,4,
2500,10,30,,,30,4200,,,,,,
2500,11,20,,,10,25000,,10,25000,,,
2500,14,40,,,30,6000,,10,2000,,,
2500,15,40,,,30,6000,,10,2000,,,
2500,17,140,120,420000,5,17000,,15,50000,7,6,
2500,19,1500,1200,72000,300,18000,,,,6,,
2501,1,600,,,600,90000,,,,,,
2501,7,4150,4100,520000,50,6000,,,,5,,
2501,8,140,100,200000,20,40000,,20,40000,2,4,
2501,10,50,,,50,7000,,,,,,
2501,11,40,,,20,50000,,20,50000,,,
2501,14,80,,,60,12000,,20,4000,,,
2501,15,70,,,60,12000,,10,2000,,,
2501,19,1500,1000,60000,500,30000,,,,6,7,
2502,1,600,,,600,90000,,,,,,
2502,7,2650,2600,340000,50,6000,,,,5,,
2502,8,140,100,200000,20,40000,,20,40000,6,4,
2502,10,50,,,50,7000,,,,,,
2502,11,120,80,200000,20,50000,,20,50000,6,4,
2502,14,80,,,60,12000,,20,4000,,,
2502,15,60,,,50,10000,,10,2000,,,
2502,19,1000,600,36000,400,24000,,,,6,7,
2503,1,390,,,390,78000,,,,,,
2503,14,30,,,30,7500,,,,,,
2503,15,30,,,30,6000,,,,,,
2504,1,125,,,125,25000,,,,,,
2504,14,30,,,30,6500,,,,,,
2504,15,30,,,30,6000,,,,,,
2504,16,2,,,2,2400,,,,,,
2505,1,470,,,470,94000,,,,,,
2505,7,100,,,100,15000,,,,,,
2505,8,210,150,225000,60,90000,,,,2,,
2505,9,2,,,2,2400,,,,,,
2505,10,120,,,120,30000,,,,,,
2505,11,60,35,87500,25,62500,,,,2,,
2505,14,50,,,50,20000,,,,,,
2505,15,40,,,40,8000,,,,,,
2505,19,1700,1000,60000,700,42000,,,,2,,
2506,1,540,,,540,108000,,,,,,
2507,1,720,,,720,144000,,,,,,
2507,7,100,,,100,15000,,,,,,
2507,8,200,130,156000,70,105000,,,,2,,
2507,9,2,,,2,2400,,,,,,
2507,10,150,,,150,37500,,,,,,
2507,11,60,30,75000,30,75000,,,,2,,
2507,16,3,,,3,3600,,,,,,
2507,19,1800,1000,60000,800,48000,,,,2,,
2508,1,350,,,350,70000,,,,,,
2508,14,45,,,45,15000,,,,,,
2508,15,40,,,40,8000,,,,,,
2509,1,390,,,390,78000,,,,,,
2509,14,30,,,30,11000,,,,,,
2509,15,35,,,35,7000,,,,,,
2510,1,390,,,390,78000,,,,,,
2510,14,35,,,35,13000,,,,,,
2510,15,30,,,30,6000,,,,,,
2511,1,420,,,420,84000,,,,,,
2511,7,80,,,80,12000,,,,,,
2511,8,220,160,192000,60,72000,,,,2,,
2511,9,3,,,3,3600,,,,,,
2511,10,200,,,200,50000,,,,,,
2511,14,40,,,40,15000,,,,,,
2511,15,50,,,50,10000,,,,,,
2511,16,3,,,3,3600,,,,,,
2514,7,530,250,62500,250,62500,30,,,2,,
2514,8,200,135,202500,40,60000,15,10,15000,2,6,
2514,10,600,250,75000,300,90000,50,,,2,,
2514,11,50,10,30000,30,90000,5,5,15000,2,,
2514,14,50,,,40,12800,,10,3200,,,
2514,15,60,,,45,9000,,15,3000,,,
2514,19,4050,3000,180000,800,48000,250,,,2,,
2515,7,380,100,30000,250,75000,30,,,2,3,
2515,8,170,110,165000,40,60000,10,10,15000,2,3,
2515,10,430,50,17500,350,105000,30,,,2,,
2515,11,60,10,30000,36,108000,4,10,30000,2,,
2515,14,55,,,45,13500,,10,3000,,,
2515,15,50,,,40,8000,,10,2000,,,
2515,19,2000,1000,70000,900,63000,100,,,2,,
2517,14,30,,,30,10000,,,,,,
2517,15,20,,,20,4000,,,,,,
2518,7,330,,,330,99000,,,,,,
2518,8,70,24,36000,38,63000,,8,12000,2,,
2518,10,300,,,300,105000,,,,,,
2518,11,20,,,17,51000,,3,9000,,,
2518,14,60,,,50,15000,,10,3000,,,
2518,15,35,,,25,5000,,10,2000,,,
2518,19,3200,2200,154000,1000,70000,,,,2,,
2519,14,60,,,50,15000,,10,3000,,,
2519,15,45,,,40,8000,,5,1000,,,
2519,19,2600,1700,119000,800,56000,100,,,2,,
2520,14,50,,,50,15000,,,,,,
2520,15,22,,,22,4000,,,,,,
2521,14,61,,,45,15500,,16,5500,,,
2521,15,50,,,38,7600,,12,2400,,,
2524,14,40,,,35,11900,,5,1700,,,
2524,15,33,,,25,5000,,8,1500,,,
2525,14,50,,,50,16500,,,,,,
2525,15,20,,,20,4000,,,,,,
2526,14,38,,,30,10000,,8,2800,,,
2526,15,30,,,23,4600,,7,1400,,,
2527,14,45,,,38,13000,,7,2500,,,
2527,15,20,,,17,3400,,3,600,,,
2528,14,60,,,45,15000,,15,5000,,,
2528,15,30,,,25,4800,,5,1000,,,
2530,14,150,,,130,39000,,20,6000,,,
2530,15,80,,,70,14000,,10,2000,,,
2532,14,150,,,120,36000,,30,9000,,,
2532,15,80,,,60,12000,,20,4000,,,
2533,14,130,,,100,30000,,30,9000,,,
2533,15,70,,,50,10000,,20,4000,,,
2534,14,120,,,100,30000,,20,6000,,,
2534,15,70,,,50,10000,,20,4000,,,
2535,14,50,,,40,12000,,10,3000,,,
2535,15,20,,,15,3000,,5,1000,,,
2536,14,180,,,150,45000,,30,9000,,,
2536,15,150,,,110,22000,,40,8000,,,
2537,1,540,,,540,108000,,,,,,
2537,14,180,,,160,48000,,20,6000,,,
2537,15,100,,,70,14000,,30,6000,,,
2538,14,200,,,170,51000,,30,9000,,,
2538,15,180,,,160,32000,,20,4000,,,
2539,1,360,,,360,79200,,,,,,
2539,14,150,,,150,67500,,,,,,
2539,15,100,,,100,14000,,,,,,
2540,2,50,,,50,175000,,,,,,
2540,7,200,,,200,50000,,,,,,
2540,8,350,200,300000,100,150000,,50,75000,2,,
2540,9,14,,,14,16800,,,,,,
2540,10,500,200,70000,300,105000,,,,7,,
2540,11,35,,,30,75000,,5,12500,,,
2540,14,175,,,175,40250,,,,,,
2540,15,60,,,60,7800,,,,,,
2540,19,1000,400,24000,600,36000,,,,7,,
2541,1,360,,,360,79200,,,,,,
2541,14,230,,,220,99000,,10,4500,,,
2541,15,140,,,125,17500,,15,2100,,,
2542,1,600,,,600,132000,,,,,,
2542,7,200,,,200,50000,,,,,,
2542,8,110,,,90,135000,,20,30000,,,
2542,10,400,,,400,140000,,,,,,
2542,14,300,,,270,121500,,30,13500,,,
2542,15,150,,,130,18200,,20,2800,,,
2542,19,500,,,500,30000,,,,,,
2543,1,360,,,360,79200,,,,,,
2543,14,100,,,100,44000,,,,,,
2543,15,120,,,120,16800,,,,,,
2544,1,720,,,720,158000,,,,,,
2544,2,40,,,40,140000,,,,,,
2544,7,250,,,250,62500,,,,,,
2544,8,300,180,270000,100,150000,,20,30000,2,,
2544,9,12,,,12,14400,,,,,,
2544,10,400,,,400,140000,,,,,,
2544,11,40,,,40,100000,,,,,,
2544,14,300,,,280,126000,,20,9000,,,
2544,15,150,,,150,21000,,,,,,
2545,2,70,,,70,245000,,,,,,
2545,7,360,60,15000,300,75000,,,,2,,
2545,8,600,460,690000,100,150000,,40,60000,2,,
2545,10,550,100,35000,450,157500,,,,2,,
2545,11,100,,,80,200000,,20,50000,,,
2545,14,300,,,280,126000,,20,9000,,,
2545,15,180,,,160,22400,,20,2800,,,
2545,19,1000,300,18000,700,42000,,,,2,,
2546,1,600,,,600,132000,,,,,,
2546,14,200,,,200,90000,,,,,,
2546,15,150,,,130,18200,,20,2800,,,
2547,1,600,,,600,132000,,,,,,
2547,14,180,,,180,81000,,,,,,
2547,15,200,,,200,28000,,,,,,
2548,1,700,,,700,154000,,,,,,
2548,7,70,,,70,17500,,,,,,
2548,8,150,60,90000,60,90000,10,20,30000,2,,
2548,10,160,,,160,48000,,,,,,
2548,14,40,,,40,16000,,,,,,
2548,15,100,,,100,18000,,,,,,
2548,16,10,,,10,12000,,,,,,
2548,19,1000,,,1000,70000,,,,,,
2549,1,140,,,140,30800,,,,,,
2549,14,50,,,40,8000,,10,4000,,,
2549,15,60,,,50,9000,,10,1800,,,
2549,16,4,,,4,4400,,,,,,
2549,19,800,300,21000,300,21000,200,,,2,,
2550,1,500,,,500,110000,,,,,,
2550,7,30,,,30,7500,,,,,,
2550,8,100,30,45000,50,75000,10,10,15000,6,,
2550,10,100,,,100,30000,,,,,,
2550,14,60,,,60,24000,,,,,,
2550,15,100,,,90,16200,,10,1800,,,
2550,16,5,,,5,5500,,,,,,
2550,19,2500,1500,105000,700,49000,300,,,2,,
2551,1,600,,,600,132000,,,,,,
2551,7,60,,,60,15000,,,,,,
2551,8,200,80,120000,60,90000,20,40,60000,2,,
2551,10,150,,,150,45000,,,,,,
2551,11,10,,,10,25000,,,,,,
2551,14,80,,,80,32000,,,,,,
2551,15,100,,,100,18000,,,,,,
2551,18,15,,,15,45000,,,,,,
2551,19,2000,1000,70000,1000,70000,,,,2,,
2552,1,900,,,900,198000,,,,,,
2552,14,160,,,160,64000,,,,,,
2552,15,180,,,180,32400,,,,,,
2552,16,15,,,15,18000,,,,,,
2552,19,200,,,200,14000,,,,,,
2553,1,700,,,700,154000,,,,,,
2553,2,20,,,20,74000,,,,,,
2553,8,30,,,30,45000,,,,,,
2553,10,60,,,60,18000,,,,,,
2553,14,170,,,170,68000,,,,,,
2553,15,150,,,140,25200,,10,1800,,,
2553,19,500,,,500,35000,,,,,,
2554,1,750,,,750,165000,,,,,,
2554,2,30,,,30,111000,,,,,,
2554,8,170,60,90000,80,120000,15,15,22500,2,,
2554,10,220,,,220,66000,,,,,,
2554,12,15,,,15,22500,,,,,,
2554,14,150,,,135,54000,,15,6000,,,
2554,15,170,,,170,30600,,,,,,
2554,16,8,,,8,9600,,,,,,
2554,19,1000,,,900,63000,100,,,,,
2555,1,550,,,550,121000,,,,,,
2555,2,15,,,15,55500,,,,,,
2555,8,120,40,60000,60,90000,,20,30000,2,6,
2555,10,100,,,100,30000,,,,,,
2555,14,70,,,60,24000,,10,4000,,,
2555,15,60,,,60,10800,,,,,,
2555,16,5,,,5,5500,,,,,,
2555,19,600,,,600,42000,,,,,,
2556,1,500,,,500,110000,,,,,,
2556,2,30,,,30,111000,,,,,,
2556,7,40,,,40,10000,,,,,,
2556,8,100,40,60000,30,45000,20,10,15000,2,6,
2556,10,120,,,120,36000,,,,,,
2556,14,80,,,80,32000,,,,,,
2556,15,100,,,100,18000,,,,,,
2556,16,5,,,5,6000,,,,,,
2556,19,300,,,300,21000,,,,,,
2557,1,300,,,300,66000,,,,,,
2557,12,40,30,60000,10,20000,,,,2,,
2557,14,170,,,170,37400,,,,,,
2557,15,55,,,55,7150,,,,,,
2557,19,1000,,,1000,60000,,,,,,
2558,14,220,,,200,62000,,20,6200,,,
2558,15,80,,,80,10400,,,,,,
2558,19,1800,600,36000,1200,72000,,,,3,,
2559,1,600,,,600,120000,,,,,,
2559,2,30,,,30,90000,,,,,,
2559,14,130,,,130,28600,,,,,,
2559,15,45,,,45,5850,,,,,,
2559,19,1800,,,1500,90000,300,,,,,
2560,1,500,,,500,100000,,,,,,
2560,14,180,,,180,37800,,,,,,
2560,15,65,,,65,8450,,,,,,
2561,14,90,,,90,20700,,,,,,
2561,15,35,,,35,4550,,,,,,
2561,19,900,,,900,54000,,,,,,
2562,14,240,,,200,44000,,40,8800,,,
2562,15,80,,,75,9750,,5,650,,,
2562,17,4,,,2,6000,,2,6000,,,
2562,19,1500,,,1500,90000,,,,,,
2563,1,200,,,200,44000,,,,,,
2563,14,40,,,40,14000,,,,,,
2563,15,30,,,30,3900,,,,,,
2564,14,90,,,90,20700,,,,,,
2564,15,30,,,30,3900,,,,,,
2565,14,50,,,50,15000,,,,,,
2565,15,20,,,20,3000,,,,,,
2566,1,620,,,620,130200,,,,,,
2566,7,1000,450,112500,550,137500,,,,2,4,
2566,8,250,,,200,300000,,50,75000,,,
2566,9,30,,,30,35000,,,,,,
2566,10,1000,450,112500,550,137500,,,,2,4,
2566,11,12,,,12,31200,,,,,,
2566,12,25,,,20,50000,,5,12500,,,
2566,14,150,,,130,31850,,20,4900,,,
2566,15,180,,,150,19500,,30,3900,,,
2566,19,650,,,650,32500,,,,,,
2567,1,550,,,550,115500,,,,,,
2567,12,35,,,33,66000,,2,4000,,,
2567,13,80,,,80,80000,,,,,,
2567,14,180,,,180,42300,,,,,,
2567,15,170,,,140,17500,,30,3750,,,
2568,1,146,,,146,30660,,,,,,
2568,14,55,,,55,13090,,,,,,
2568,15,70,,,60,7800,,10,1300,,,
2569,1,910,,,910,191100,,,,,,
2569,7,850,350,87500,500,125000,,,,2,4,
2569,8,230,,,170,255000,,60,90000,,,
2569,9,25,,,25,30000,,,,,,
2569,10,700,300,75000,400,100000,,,,2,4,
2569,11,13,,,13,33800,,,,,,
2569,12,27,,,27,48600,,,,,,
2569,14,175,,,175,43400,,,,,,
2569,15,200,,,180,23760,,20,2640,,,
2569,19,850,,,850,42500,,,,,,
2570,1,545,,,545,114450,,,,,,
2570,10,60,,,60,15000,,,,,,
2570,12,20,,,20,32000,,,,,,
2570,14,175,,,175,42000,,,,,,
2570,15,180,,,150,18750,,30,3750,,,
2571,12,30,,,30,45000,,,,,,
2572,1,146,,,146,30660,,,,,,
2572,12,10,,,10,15000,,,,,,
2572,14,70,,,70,16100,,,,,,
2572,15,120,,,110,13200,,10,1200,,,
2572,19,750,300,15000,400,20000,50,,,2,,
2573,1,710,,,710,149100,,,,,,
2573,12,13,,,13,23400,,,,,,
2573,14,180,,,180,42300,,,,,,
2573,15,170,,,150,18750,,20,2500,,,
2573,17,20,,,20,70000,,,,,,
2573,19,300,,,300,15000,,,,,,
2574,1,360,,,360,75600,,,,,,
2574,12,30,30,45000,,,,,,2,,
2574,14,70,,,70,16800,,,,,,
2574,15,100,,,90,10800,,10,1200,,,
2574,19,850,400,24000,450,27000,,,,2,,
2575,1,400,,,397,87340,,3,660,,,
2575,13,50,,,20,20000,10,20,20000,,,
2575,14,300,,,300,64000,,,,,,
2575,15,90,,,90,18000,,,,,,
2575,19,600,250,15000,300,18000,50,,,6,,
2576,14,280,,,260,56000,,20,8000,,,
2576,15,100,,,90,18000,,10,2000,,,
2576,16,10,,,10,15000,,,,,,
2576,19,700,,,650,39000,50,,,,,
2577,14,80,,,80,20000,,,,,,
2577,15,70,,,70,14000,,,,,,
2577,16,8,,,8,12000,,,,,,
2577,19,700,,,650,39000,50,,,,,
2578,14,200,,,200,44000,,,,,,
2578,15,120,,,110,22000,,10,2000,,,
2578,19,150,,,150,9000,,,,,,
2579,14,160,,,160,36000,,,,,,
2579,15,120,,,115,23000,,5,1000,,,
2579,16,6,,,6,8000,,,,,,
2579,19,200,,,200,12000,,,,,,
2580,1,720,,,715,157300,,5,1100,,,
2580,14,230,,,230,54000,,,,,,
2580,15,100,,,95,19000,,5,1000,,,
2580,17,5,,,3,10500,1,1,3500,,,
2580,19,500,,,450,27000,50,,,,,
2582,1,460,,,458,78760,,2,440,,,
2582,14,35,,,35,9000,,,,,,
2582,15,30,,,30,6000,,,,,,
2582,19,600,200,12000,300,18000,100,,,6,,
2583,1,500,,,497,109340,,3,660,,,
2583,7,100,,,80,24000,20,,,,,
2583,8,80,20,34000,40,68000,10,10,17000,2,,
2583,10,100,,,100,30000,,,,,,
2583,12,80,20,40000,30,60000,10,20,40000,2,,
2583,13,200,50,50000,100,100000,20,30,30000,2,,
2583,14,320,,,320,72000,,,,,,
2583,15,100,,,90,18000,,10,2000,,,
2583,16,5,,,5,7500,,,,,,
2583,17,100,20,70000,45,157500,15,20,70000,2,,
2583,19,1500,500,30000,900,54000,100,,,6,,
2584,14,100,,,100,23000,,,,,,
2584,15,90,,,90,33000,,,,,,
2584,16,10,,,10,15000,,,,,,
2586,14,75,,,75,16500,,,,,,
2586,15,60,,,60,7200,,,,,,
2587,10,20,,,20,6000,,,,,,
2587,14,130,,,130,28100,,,,,,
2587,15,90,,,90,11100,,,,,,
2588,10,30,,,30,9000,,,,,,
2588,14,20,,,20,7000,,,,,,
2588,15,16,,,15,3000,,1,200,,,
2589,14,70,,,70,17000,,,,,,
2589,15,80,,,80,10600,,,,,,
2589,16,5,,,5,7500,,,,,,
2590,14,80,,,80,19000,,,,,,
2590,15,60,,,60,8300,,,,,,
2591,14,70,,,70,17000,,,,,,
2591,15,33,,,33,4640,,,,,,
2591,16,8,,,8,12000,,,,,,
2592,14,100,,,100,23000,,,,,,
2592,15,40,,,40,5000,,,,,,
2592,16,7,,,7,10500,,,,,,
2595,14,15,,,10,6000,,5,3000,,,
2595,15,40,,,40,10000,,,,,,
2598,14,15,,,7,3500,,8,4000,,,
2599,14,20,,,12,6000,,8,4000,,,
2601,14,40,,,25,10000,,15,6000,,,
2601,15,40,,,30,10000,,10,2000,,,
2602,14,13,,,10,4000,,3,1200,,,
2602,15,40,,,40,4800,,,,,,
2602,16,20,,,20,20000,,,,,,
2603,14,42,,,42,6300,,,,,,
2603,15,18,,,18,2000,,,,,,
2603,16,25,,,25,20000,,,,,,
2604,14,30,,,30,4500,,,,,,
2604,15,50,,,50,6000,,,,,,
2606,14,20,,,20,3000,,,,,,
2606,15,30,,,30,3600,,,,,,
2606,16,15,,,15,10500,,,,,,
2607,14,45,,,40,6000,,5,750,,,
2607,15,30,,,30,3600,,,,,,
2607,16,15,,,15,13500,,,,,,
2608,14,30,,,30,4500,,,,,,
2608,15,40,,,40,4800,,,,,,
2609,14,60,,,60,9000,,,,,,
2609,15,60,,,60,7200,,,,,,
2609,16,20,,,20,16000,,,,,,
2610,14,25,,,25,4000,,,,,,
2610,15,18,,,18,2200,,,,,,
2611,14,7,,,,,,7,3500,,,
2613,14,30,,,,,,30,9000,,,
2616,14,25,,,,,,25,7500,,,
2618,14,8,,,,,,8,4000,,,
2619,14,10,,,,,,10,3000,,,
2623,14,30,,,30,10000,,,,,,
2630,14,63,,,,,,63,18000,,,
2631,14,55,,,,,,55,13000,,,
2633,14,40,,,,,,40,8500,,,
2636,14,32,,,,,,32,8700,,,
2637,14,35,,,,,,35,8000,,,
2638,16,25,,,25,42500,,,,,,
2639,14,40,,,,,,40,24000,,,
2639,15,20,,,,,,20,6000,,,
2640,14,70,,,20,12000,,50,30000,,,
2640,15,30,,,20,6000,,10,3000,,,
2640,16,50,,,50,85000,,,,,,
2641,14,20,,,,,,20,12000,,,
2641,15,25,,,,,,25,7500,,,
2641,16,10,,,10,17000,,,,,,
2643,14,3,,,,,,3,1800,,,
2643,15,6,,,,,,6,1800,,,
2645,14,30,,,,,,30,18000,,,
2645,16,20,,,20,24000,,,,,,
2646,14,30,,,,,,30,18000,,,
2646,16,10,,,10,17000,,,,,,
2647,14,66,,,,,,66,16800,,,
2650,14,150,,,,,,150,30000,,,
2651,14,4,,,,,,4,1500,,,
2652,14,30,,,,,,30,6000,,,
2653,14,39,,,,,,39,7800,,,
2654,14,60,,,,,,60,12000,,,
2655,14,10,,,,,,10,7000,,,
2656,14,40,,,,,,40,7000,,,
2656,20,5,,,,,,5,3000,,,
2657,14,30,,,,,,30,6000,,,
2662,14,30,,,,,,30,5000,,,
2663,1,600,,,600,120000,,,,,,
2663,14,50,,,,,,50,11000,,,
2665,14,70,,,,,,70,23000,,,
2666,14,45,,,,,,45,17000,,,
2667,14,73,,,,,,73,16800,,,
2668,14,20,,,,,,20,3000,,,
2670,14,110,,,,,,110,24000,,,
2672,14,45,,,,,,45,13500,,,
2673,14,7,,,,,,7,4200,,,
2674,14,28,,,,,,28,8400,,,
2676,14,3,,,3,950,,,,,,
2676,15,4,,,4,600,,,,,,
2677,14,10,,,8,1800,,2,450,,,
2680,14,34,,,,,,34,13000,,,
2681,14,10,,,,,,10,3100,,,
2682,14,50,,,20,6000,,30,9000,,,
2682,15,42,,,40,8000,,2,400,,,
2684,14,15,,,,,,15,6000,,,
2684,15,8,,,,,,8,2400,,,
2685,14,10,,,,,,10,5000,,,
2686,14,15,,,,,,15,3000,,,
2687,14,25,,,,,,25,10000,,,
2687,15,10,,,,,,10,1800,,,
2688,14,10,,,,,,10,1500,,,
2690,14,18,,,,,,18,10800,,,
2690,15,12,,,,,,12,2400,,,
2698,14,8,,,,,,8,5000,,,
2701,14,10,,,7,5600,,3,2400,,,
2701,15,20,,,20,5000,,,,,,
2702,4,3,,,3,12000,,,,,,
2702,5,2,,,2,8000,,,,,,
2702,14,10,,,7,5600,,3,2400,,,
2702,15,30,,,30,6000,,,,,,
2703,14,10,,,10,10000,,,,,,
2703,15,20,,,20,6000,,,,,,
2705,14,10,,,10,7000,,,,,,
2705,15,20,,,20,4000,,,,,,
2706,14,10,,,10,8000,,,,,,
2706,15,10,,,10,3000,,,,,,
2708,14,30,,,20,16000,,10,8000,,,
2708,15,30,,,30,6000,,,,,,
2709,14,10,,,,,,10,8000,,,
2710,1,432,,,400,84000,,32,6700,,,
2710,7,700,530,143100,170,42500,,,,3,6,
2710,8,50,,,40,64000,,10,17000,,,
2710,10,300,100,30000,200,54000,,,,3,7,
2710,11,10,,,10,30000,,,,,,
2710,14,230,,,150,49500,,80,26400,,,
2710,15,150,,,150,30000,,,,,,
2710,16,10,,,10,8000,,,,,,
2710,19,1500,1000,78000,500,35000,,,,2,3,6
2711,1,580,,,530,105000,,50,10000,,,
2711,7,600,450,135000,150,37500,,,,3,6,7
2711,8,45,,,40,60000,,5,7500,,,
2711,10,400,200,60000,200,50000,,,,3,6,7
2711,11,15,,,15,45000,,,,,,
2711,14,250,,,140,46200,,110,36300,,,
2711,15,180,,,180,36000,,,,,,
2711,16,8,,,8,9600,,,,,,
2711,19,800,400,30000,400,28000,,,,2,6,7
2712,14,150,,,80,26400,,70,23100,,,
2712,15,90,,,90,18000,,,,,,
2712,19,1900,1600,126000,300,21000,,,,2,6,7
2713,14,140,,,80,26400,,60,19800,,,
2713,15,80,,,60,12000,,20,4000,,,
2713,16,11,,,9,8300,,2,1400,,,
2714,1,612,,,570,116400,,42,8800,,,
2714,7,2000,1785,400000,200,50000,15,,,3,5,6
2714,8,70,20,34000,40,60000,,10,15000,2,3,6
2714,9,10,,,10,12000,,,,,,
2714,10,330,100,30000,230,60000,,,,3,6,7
2714,11,30,,,20,60000,,10,30000,,,
2714,12,30,19,32300,6,9000,,5,7500,,,
2714,13,8,,,8,8000,,,,,,
2714,14,220,,,120,38400,,100,32000,,,
2714,15,180,,,180,36000,,,,,,
2714,16,12,,,10,7000,,2,1400,,,
2714,19,2500,2000,160000,500,35000,,,,3,6,7
2715,1,864,,,800,160000,,64,13000,,,
2715,7,1700,1470,310000,230,57500,,,,3,5,6
2715,8,58,,,38,57000,,20,30000,,,
2715,9,5,,,5,9000,,,,,,
2715,10,320,100,30000,220,59000,,,,3,6,7
2715,11,33,,,20,60000,,13,39000,,,
2715,12,25,15,30000,6,12000,,4,8000,2,6,7
2715,13,10,,,10,10000,,,,,,
2715,14,240,,,140,44800,,100,32000,,,
2715,15,140,,,120,24000,,20,4000,,,
2715,16,12,,,10,8000,,2,1600,,,
2715,19,1300,700,56000,600,42000,,,,3,6,7
2716,1,510,,,465,96000,,45,9000,,,
2716,7,700,500,150000,180,45000,20,,,3,7,
2716,8,40,,,30,51000,,10,17000,,,
2716,10,350,150,45000,200,50000,,,,3,6,7
2716,11,25,5,15000,20,60000,,,,2,6,
2716,12,10,,,7,14000,,3,6000,,,
2716,13,20,,,15,15000,,5,5000,,,
2716,14,240,,,140,44800,,100,32000,,,
2716,15,120,,,100,20000,,20,4000,,,
2716,16,9,,,9,6300,,,,,,
2716,19,800,200,16000,600,42000,,,,3,6,7
2717,1,440,,,410,86000,,30,6300,,,
2717,7,800,600,180000,170,42500,30,,,3,6,
2717,8,20,,,20,30000,,,,,,
2717,9,7,,,7,7000,,,,,,
2717,10,270,50,15000,220,55000,,,,3,6,
2717,11,10,,,10,30000,,,,,,
2717,12,15,,,10,20000,,5,10000,,,
2717,13,10,,,8,8000,,2,1600,,,
2717,14,270,,,150,48000,,120,38400,,,
2717,15,200,,,150,30000,,50,10000,,,
2717,16,13,,,12,7200,,1,600,,,
2717,19,1400,870,68000,500,35000,30,,,3,6,7
2718,1,430,,,400,84000,,30,6300,,,
2718,14,170,,,100,33000,,70,23100,,,
2718,15,130,,,100,20000,,30,6000,,,
2718,16,9,,,7,4200,,2,1200,,,
2718,19,2300,1780,140000,500,35000,20,,,3,6,7
2719,14,100,,,50,16500,,50,16500,,,
2719,15,40,,,20,3600,,20,3600,,,
2720,14,120,,,60,19800,,60,19800,,,
2720,15,60,,,30,5400,,30,5400,,,
2721,14,176,16,48000,80,26400,,80,26400,2,6,7
2721,15,100,,,50,9000,,50,9000,,,
2722,14,100,,,50,16500,,50,16500,,,
2722,15,40,,,20,3600,,20,3600,,,
2723,14,200,,,100,33000,,100,33000,,,
2723,15,100,,,50,9000,,50,9000,,,
2724,14,160,,,80,26400,,80,26400,,,
2724,15,80,,,40,7200,,40,7200,,,
2725,14,140,,,70,23100,,70,23100,,,
2725,15,60,,,30,5400,,30,5400,,,
2726,14,100,,,50,16500,,50,16500,,,
2726,15,40,,,20,3600,,20,3600,,,
2727,14,180,,,90,29700,,90,29700,,,
2727,15,100,,,50,9000,,50,9000,,,
2728,1,370,,,360,75000,,10,2100,,,
2728,7,800,500,100000,300,60000,,,,2,5,6
2728,8,120,55,82500,48,72000,7,10,15000,2,3,6
2728,9,20,10,10000,10,10000,,,,2,3,
2728,10,600,300,75000,300,75000,,,,2,4,6
2728,11,35,,,20,60000,5,10,30000,,,
2728,14,160,,,80,26400,,80,26400,,,
2728,15,100,,,50,9000,,50,9000,,,
2728,19,1500,800,56000,700,49000,,,,2,3,6
2729,1,140,,,130,26400,,10,2100,,,
2729,14,120,,,60,19800,,60,19800,,,
2729,15,40,,,20,3600,,20,3600,,,
2730,1,570,,,560,92400,,10,1600,,,
2730,7,1000,700,140000,300,60000,,,,2,4,5
2730,8,115,45,67500,55,85000,,15,22500,2,3,6
2730,9,30,15,15000,15,15000,,,,2,6,
2730,10,600,300,75000,300,75000,,,,2,4,6
2730,11,38,,,26,69000,,12,36000,,,
2730,14,200,,,100,33000,,100,33000,,,
2730,15,140,,,70,12600,,70,12600,,,
2730,19,1100,500,35000,600,42000,,,,2,3,6
2731,1,140,,,125,26000,,15,3150,,,
2731,14,160,,,80,26400,,80,26400,,,
2731,15,80,,,40,7200,,40,7200,,,
2731,19,1600,1200,84000,400,28000,,,,2,6,7
2732,1,430,,,415,69000,,15,2500,,,
2732,7,1000,700,140000,300,60000,,,,2,5,6
2732,8,127,50,75000,65,98000,,12,18000,2,3,6
2732,9,30,15,15000,15,15000,,,,2,3,
2732,10,600,300,75000,300,75000,,,,2,4,6
2732,11,37,7,21000,20,60000,2,8,24000,2,,
2732,14,180,,,90,29700,,90,29700,,,
2732,15,120,,,60,10800,,60,10800,,,
2732,19,1400,700,49000,700,49000,,,,2,6,7
2733,1,280,,,270,56600,,10,2100,,,
2733,14,160,,,80,26400,,80,26400,,,
2733,15,100,,,50,9000,,50,9000,,,
2733,19,1800,1300,98000,500,35000,,,,2,6,7
2734,1,145,,,130,26400,,15,3000,,,
2734,14,100,,,50,16500,,50,16500,,,
2734,15,50,,,25,4500,,25,4500,,,
2735,1,580,,,560,94000,,20,16800,,,
2735,14,200,,,100,33000,,100,33000,,,
2735,15,100,,,50,9000,,50,9000,,,
2735,19,1800,900,63000,900,63000,,,,2,6,7
2736,1,440,,,425,89000,,15,3160,,,
2736,14,180,,,90,29700,,90,29700,,,
2736,15,100,,,50,9000,,50,9000,,,
2736,19,1800,1200,84000,600,46000,,,,2,3,
2737,14,200,,,170,55500,,30,9500,,,
2737,15,10,,,10,2500,,,,,,
2737,16,50,,,50,40000,,,,,,
2738,1,500,,,500,100000,,,,,,
2738,7,500,450,135000,50,15000,,,,2,,
2738,8,100,,,100,170000,,,,,,
2738,10,100,,,100,30000,,,,,,
2738,11,50,,,40,80000,,10,20000,,,
2738,14,250,,,200,84000,,50,18750,,,
2738,15,10,,,10,2500,,,,,,
2738,16,30,,,30,24000,,,,,,
2738,19,360,,,360,25200,,,,,,
2739,1,600,,,580,116000,,20,4000,,,
2739,14,300,,,270,90500,,30,10500,,,
2739,15,50,,,35,8750,,15,3750,,,
2739,16,50,,,50,40000,,,,,,
2739,19,480,,,480,33600,,,,,,
2740,1,350,,,350,70000,,,,,,
2740,14,200,,,140,21000,,60,9000,,,
2740,16,20,,,20,16000,,,,,,
2740,19,240,,,240,16800,,,,,,
2741,1,650,,,650,130000,,,,,,
2741,14,210,,,150,52500,,60,21000,,,
2741,15,20,,,20,5000,,,,,,
2741,16,60,,,60,48000,,,,,,
2741,19,840,,,840,58800,,,,,,
2742,1,590,,,560,106000,,30,6000,,,
2742,7,600,400,120000,200,60000,,,,2,,
2742,8,79,,,75,112500,,4,6000,,,
2742,10,600,400,140000,200,70000,,,,2,,
2742,14,190,,,170,33500,,20,5050,,,
2742,15,25,,,25,6250,,,,,,
2742,16,40,,,40,32000,,,,,,
2742,19,1800,400,28000,1400,98000,,,,2,,
2743,14,105,,,90,21500,,15,4250,,,
2743,15,15,,,15,3750,,,,,,
2743,16,30,,,30,24000,,,,,,
2743,19,1800,1600,112000,200,14000,,,,2,,
2744,1,800,,,750,150000,,50,10000,,,
2744,14,190,,,100,19000,,90,13500,,,
2744,15,25,,,25,6250,,,,,,
2744,16,70,,,70,56000,,,,,,
2744,19,1080,,,1080,75600,,,,,,
2745,1,540,,,500,100000,,40,8000,,,
2745,14,170,,,140,21000,,30,4500,,,
2745,15,30,,,30,7500,,,,,,
2745,16,20,,,20,16000,,,,,,
2745,19,600,,,600,42000,,,,,,
2746,14,70,,,50,10000,,20,4600,,,
2746,15,50,,,50,10000,,,,,,
2747,14,70,,,50,11500,,20,6000,,,
2747,15,100,,,80,16000,,20,4000,,,
2748,1,600,,,600,132000,,,,,,
2748,14,130,,,100,25000,,30,6900,,,
2748,15,100,,,70,16100,,30,6000,,,
2748,19,1000,,,1000,70000,,,,,,
2749,1,600,,,600,132000,,,,,,
2749,14,100,,,80,20000,,20,4600,,,
2749,15,70,,,50,11500,,20,4000,,,
2749,16,15,,,15,18000,,,,,,
2750,1,600,,,600,138000,,,,,,
2750,14,200,,,100,28000,,100,35000,,,
2750,15,150,,,100,20000,,50,11500,,,
2750,16,20,,,20,30000,,,,,,
2751,14,40,,,30,7500,,10,2000,,,
2751,15,30,,,25,5000,,5,1100,,,
2752,14,150,,,100,23000,,50,10500,,,
2752,15,100,,,80,16000,,20,4600,,,
2753,14,130,,,70,17500,,60,13800,,,
2753,15,60,,,40,8400,,20,4600,,,
2754,1,600,,,600,126000,,,,,,
2754,14,130,,,100,25000,,30,6900,,,
2754,15,100,,,70,14000,,30,6300,,,
2755,14,159,,,90,12040,,69,9450,,,
2755,15,69,,,69,18120,,,,,,
2755,19,1080,700,42000,380,22800,,,,2,,
2757,1,300,,,300,62000,,,,,,
2757,14,333,,,183,38170,,150,26630,,,
2758,14,102,,,,,,102,19480,,,
2759,1,120,,,120,30600,,,,,,
2763,1,600,,,600,131200,,,,,,
2763,14,199,,,,,,199,74350,,,
2763,15,123,,,123,31580,,,,,,
2765,1,915,,,915,215900,,,,,,
2765,7,800,600,180000,200,60000,,,,2,,
2765,8,200,100,150000,50,75000,,50,75000,2,,
2765,10,1000,600,180000,400,120000,,,,2,,
2765,11,50,,,30,60000,,20,40000,,,
2765,12,50,30,30000,20,20000,,,,6,,
2765,13,30,,,30,15000,,,,,,
2765,14,40,,,30,15000,,10,5000,,,
2765,15,30,,,30,12000,,,,,,
2765,16,10,,,10,8000,,,,,,
2765,19,2200,1000,60000,1200,72000,,,,2,,
2767,1,850,,,850,200000,,,,,,
2767,12,35,10,10000,20,20000,,5,5000,6,,
2767,13,30,30,21000,,,,,,6,,
2767,14,60,,,20,6000,,40,12000,,,
2767,15,30,,,30,12000,,,,,,
2767,19,3200,1000,70000,2200,132000,,,,6,,
2768,1,55,,,55,12000,,,,,,
2768,14,40,,,20,8000,,20,8000,,,
2768,15,30,,,10,4000,,20,7000,,,
2768,16,10,,,10,8000,,,,,,
2769,1,440,,,440,99000,,,,,,
2769,14,40,,,30,9000,,10,3000,,,
2769,15,20,,,20,8000,,,,,,
2769,16,12,,,12,9600,,,,,,
2770,1,730,,,730,162000,,,,,,
2770,14,35,,,20,6400,,15,4800,,,
2770,15,20,,,20,7000,,,,,,
2770,16,15,,,15,12000,,,,,,
2771,1,290,,,290,62000,,,,,,
2771,14,20,,,10,3000,,10,3000,,,
2771,15,20,,,20,6000,,,,,,
2771,16,5,,,5,4000,,,,,,
2772,1,550,,,550,120000,,,,,,
2772,7,1000,800,240000,200,60000,,,,2,3,
2772,8,285,235,352500,30,45000,,20,30000,2,3,
2772,9,10,5,5000,5,5000,,,,2,,
2772,10,2500,2000,600000,500,150000,,,,2,3,
2772,11,40,,,30,66000,,10,22000,,,
2772,12,50,30,30000,20,20000,,,,6,,
2772,13,20,,,20,10000,,,,,,
2772,14,25,,,15,4800,,10,3000,,,
2772,15,20,,,20,7000,,,,,,
2772,19,1800,800,48000,1000,60000,,,,2,,
2773,1,446,,,446,80280,,,,,,
2773,7,3500,3000,600000,450,90000,50,,,2,4,
2773,8,30,,,25,45000,1,4,7200,,,
2773,10,1000,800,160000,200,40000,,,,2,4,
2773,11,10,,,8,16000,,2,4000,,,
2773,19,2000,500,40000,1500,120000,,,,2,,
2774,7,1600,1200,240000,350,70000,50,,,4,5,
2774,8,50,35,56000,12,19200,,3,3200,4,,
2774,10,800,600,120000,180,36000,20,,,2,4,
2774,11,20,12,24000,6,12000,,2,4000,4,,
2774,19,2000,1000,80000,900,72000,100,,,2,,
2775,1,300,,,300,60000,,,,,,
2775,7,4000,3300,495000,350,52500,350,,,4,2,
2775,8,60,35,56000,12,19200,10,3,4800,6,,
2775,10,2500,2000,400000,300,60000,200,,,2,,
2775,11,15,,,7,14000,7,1,2000,,,
2776,1,186,,,186,39060,,,,,,
2776,14,45,,,20,8000,,25,10000,,,
2776,15,15,,,15,3000,,,,,,
2777,1,484,,,484,97120,,,,,,
2777,14,65,,,30,12000,,35,14000,,,
2777,15,45,,,45,9000,,,,,,
2777,19,1450,450,36000,900,72000,100,,,2,,
2778,1,360,,,360,66600,,,,,,
2778,7,8000,7000,770000,900,180000,100,,,5,,
2778,8,60,,,45,72000,5,10,16000,,,
2778,10,1000,800,160000,200,40000,,,,2,,
2778,11,40,15,30000,15,30000,5,5,10000,2,,
2778,14,60,,,35,14000,,25,10000,,,
2778,15,20,,,20,4000,,,,,,
2778,19,2000,1200,96000,800,64000,,,,2,,
2779,1,445,,,445,80000,,,,,,
2779,7,3500,3000,600000,500,100000,,,,2,,
2779,8,30,,,25,45000,,5,9000,,,
2779,10,1000,800,160000,200,40000,,,,2,,
2779,11,12,,,10,20000,,2,4000,,,
2779,19,1200,200,16000,1000,80000,,,,2,,
2780,1,372,,,372,74960,,,,,,
2780,14,55,,,30,12000,,25,10000,,,
2780,15,60,,,60,12000,,,,,,
2780,19,1000,200,16000,700,63000,100,,,2,,
2781,1,225,,,225,40500,,,,,,
2782,1,445,,,445,89000,,,,,,
2782,14,75,,,45,18000,,30,12000,,,
2782,15,70,,,55,8250,,15,2250,,,
2782,19,1080,,,1080,75600,,,,,,
2783,1,373,,,373,74600,,,,,,
2783,14,69,,,49,19600,,20,8000,,,
2783,15,64,,,58,8700,,6,900,,,
2783,19,1490,540,43200,950,76000,,,,2,,
2784,1,465,,,465,93000,,,,,,
2784,14,76,,,54,21600,,22,8800,,,
2784,15,70,,,62,9300,,8,1200,,,
2784,19,1150,,,1150,92000,,,,,,
2785,1,512,,,512,101400,,,,,,
2785,14,70,,,60,24000,,10,4000,,,
2785,15,78,,,66,9900,,12,1200,,,
2785,19,1000,,,1000,75000,,,,,,
2786,1,600,,,600,120000,,,,,,
2786,14,69,,,52,20800,,17,6800,,,
2786,15,72,,,59,8850,,13,1950,,,
2786,19,2180,1080,86400,1100,88000,,,,2,,
2787,1,65,,,65,13000,,,,,,
2787,19,1850,1350,108000,500,40000,,,,2,,
2788,1,558,,,558,111600,,,,,,
2788,14,86,,,60,24000,,26,10400,,,
2788,15,62,,,62,9300,,,,,,
2788,19,1160,,,1160,92800,,,,,,
2789,1,380,,,380,79800,,,,,,
2789,14,69,,,49,19600,,20,8000,,,
2789,15,48,,,48,7200,,,,,,
2790,1,465,,,465,93000,,,,,,
2790,14,73,,,49,19600,,24,9600,,,
2790,15,62,,,62,9300,,,,,,
2790,19,1960,780,62400,1180,94400,,,,2,,
2792,1,1000,,,1000,210000,,,,,,
2792,14,220,,,100,25000,,120,30000,,,
2792,15,130,,,60,12000,,70,14000,,,
2792,16,15,,,15,15000,,,,,,
2793,14,250,,,150,38000,,100,30000,,,
2793,15,180,,,100,20000,,80,16000,,,
2793,16,30,,,30,30000,,,,,,
2794,14,180,,,100,35000,,80,28000,,,
2794,15,140,,,80,16000,,60,12000,,,
2794,16,10,,,10,10000,,,,,,
2795,14,160,,,90,27000,,70,21000,,,
2795,15,110,,,60,12000,,50,10000,,,
2795,16,10,,,10,10000,,,,,,
2796,14,180,,,100,30000,,80,24000,,,
2796,15,120,,,70,14000,,50,10000,,,
2796,16,20,,,20,20000,,,,,,
2797,14,160,,,90,23000,,70,18000,,,
2797,15,100,,,60,12000,,40,8000,,,
2797,16,10,,,10,10000,,,,,,
2798,1,600,,,600,132000,,,,,,
2799,14,200,,,110,33000,,90,27000,,,
2799,15,150,,,80,16000,,70,14000,,,
2799,16,20,,,20,20000,,,,,,
2800,1,108,,,108,22680,,,,,,
2805,14,20,,,20,7000,,,,,,
2805,15,20,,,20,7000,,,,,,
2806,1,360,,,360,72000,,,,,,
2806,14,10,,,10,3500,,,,,,
2806,15,20,,,20,7000,,,,,,
2808,14,10,,,10,3500,,,,,,
2808,15,20,,,20,7000,,,,,,
2809,1,540,,,540,113400,,,,,,
2809,7,2600,2500,500000,100,20000,,,,2,,
2809,8,150,100,150000,30,45000,,20,30000,2,6,
2809,10,60,,,60,15000,,,,,,
2809,14,160,,,100,50000,,60,30000,,,
2809,15,150,,,120,24000,,30,6000,,,
2809,16,20,,,20,30000,,,,,,
2809,19,2700,2000,100000,700,35000,,,,2,6,
2810,1,648,,,648,136080,,,,,,
2810,7,2500,2400,480000,100,20000,,,,5,,
2810,8,140,40,60000,80,120000,,20,30000,2,6,
2810,9,10,,,10,12000,,,,,,
2810,10,60,,,60,15000,,,,,,
2810,11,40,,,40,120000,,,,,,
2810,14,200,,,160,80000,,40,20000,,,
2810,15,100,,,80,16000,,20,4000,,,
2810,16,30,,,30,45000,,,,,,
2810,19,3000,1600,80000,1400,70000,,,,2,6,
2811,1,216,,,216,45360,,,,,,
2811,7,2500,2500,500000,,,,,,5,,
2811,8,80,40,60000,20,30000,,20,30000,2,6,
2811,9,10,,,10,12000,,,,,,
2811,10,40,,,40,10000,,,,,,
2811,11,70,30,90000,20,60000,,20,60000,2,,
2811,14,80,,,70,35000,,10,5000,,,
2811,15,100,,,80,16000,,20,4000,,,
2811,16,10,,,10,15000,,,,,,
2811,19,2000,1500,75000,500,25000,,,,2,6,
2812,1,648,,,648,136080,,,,,,
2812,7,2400,2300,115000,100,20000,,,,5,,
2812,8,120,40,60000,60,90000,,20,30000,2,6,
2812,9,12,,,12,14400,,,,,,
2812,10,70,,,70,17500,,,,,,
2812,11,20,,,20,60000,,,,,,
2812,14,180,,,140,70000,,40,20000,,,
2812,15,160,,,100,20000,,60,12000,,,
2812,16,20,,,20,30000,,,,,,
2812,19,3500,2500,125000,1000,50000,,,,6,,
2813,1,324,,,324,68040,,,,,,
2813,7,2500,2500,400000,,,,,,5,,
2813,8,120,70,105000,30,45000,,20,30000,2,6,
2813,10,50,,,50,12500,,,,,,
2813,11,60,10,30000,30,90000,,20,60000,2,,
2813,14,180,,,120,60000,,60,30000,,,
2813,15,120,,,100,20000,,20,4000,,,
2813,16,10,,,10,15000,,,,,,
2813,19,2000,1000,50000,1000,50000,,,,2,6,
2814,1,540,,,540,113400,,,,,,
2814,7,2500,2400,400000,100,20000,,,,5,,
2814,8,130,80,120000,30,45000,,20,30000,2,6,
2814,10,60,,,60,15000,,,,,,
2814,11,60,30,90000,30,90000,,,,2,,
2814,14,200,,,170,85000,,30,15000,,,
2814,15,150,,,100,20000,,50,10000,,,
2814,16,20,,,20,30000,,,,,,
2814,19,2500,2000,100000,500,25000,,,,2,6,
2815,1,540,,,540,113400,,,,,,
2815,7,100,,,100,20000,,,,,,
2815,8,120,70,105000,30,45000,,20,30000,2,6,
2815,9,10,,,10,12000,,,,,,
2815,10,60,,,60,15000,,,,,,
2815,11,70,30,90000,30,90000,,10,30000,2,,
2815,14,180,,,120,60000,,60,30000,,,
2815,15,160,,,100,20000,,60,12000,,,
2815,16,20,,,20,30000,,,,,,
2815,19,2000,1300,65000,700,35000,,,,2,6,
2816,1,540,,,540,113400,,,,,,
2816,7,2600,2500,500000,100,20000,,,,5,,
2816,8,80,30,45000,30,45000,,20,30000,2,6,
2816,10,60,,,60,15000,,,,,,
2816,11,40,,,30,90000,,10,30000,,,
2816,14,170,,,130,65000,,40,20000,,,
2816,15,130,,,100,20000,,30,6000,,,
2816,16,30,,,30,45000,,,,,,
2816,19,2800,2000,100000,800,40000,,,,2,6,
2817,1,648,,,648,136080,,,,,,
2817,7,2600,2500,500000,100,20000,,,,5,,
2817,8,100,40,60000,30,45000,,30,45000,2,6,
2817,10,60,,,60,15000,,,,,,
2817,11,20,,,20,60000,,,,,,
2817,14,200,,,170,85000,,30,15000,,,
2817,15,170,,,100,20000,,70,14000,,,
2817,16,20,,,20,30000,,,,,,
2817,19,2000,1000,50000,1000,50000,,,,2,6,
2818,14,30,,,20,12000,,10,6000,,,
2818,15,15,,,10,2000,,5,1000,,,
2818,16,3,,,3,5000,,,,,,
2819,1,340,,,340,71000,,,,,,
2819,14,70,,,50,30000,,20,12000,,,
2819,15,40,,,30,6000,,10,2000,,,
2819,16,7,,,7,10000,,,,,,
2820,1,500,,,500,105000,,,,,,
2820,14,80,,,60,36000,,20,12000,,,
2820,15,40,,,30,6000,,10,2000,,,
2820,16,8,,,8,12000,,,,,,
2821,1,210,,,210,45000,,,,,,
2821,14,60,,,40,24000,,20,12000,,,
2821,15,30,,,20,4000,,10,2000,,,
2821,16,4,,,4,7000,,,,,,
2822,14,20,,,10,6000,,10,6000,,,
2822,15,20,,,10,2000,,10,2000,,,
2822,16,5,,,5,8000,,,,,,
2823,1,210,,,210,44000,,,,,,
2823,14,50,,,30,18000,,20,12000,,,
2823,15,40,,,30,6000,,10,2000,,,
2823,16,6,,,6,10000,,,,,,
2824,1,640,,,640,134000,,,,,,
2824,14,80,,,60,36000,,20,12000,,,
2824,15,40,,,30,6000,,10,2000,,,
2824,16,10,,,10,15000,,,,,,
2825,1,430,,,430,90000,,,,,,
2825,14,50,,,40,24000,,10,6000,,,
2825,15,30,,,20,4000,,10,2000,,,
2825,16,5,,,5,8000,,,,,,
2826,1,290,,,290,61000,,,,,,
2826,14,50,,,30,18000,,20,12000,,,
2826,15,30,,,20,4000,,10,2000,,,
2826,16,6,,,6,10000,,,,,,
2827,1,648,,,648,129600,,,,,,
2827,7,2400,2100,252000,300,36000,,,,5,,
2827,8,350,200,260000,50,60000,50,50,60000,,6,
2827,10,250,,,250,62500,,,,,,
2827,14,30,,,30,13500,,,,,,
2827,19,4500,3900,195000,600,30000,,,,6,,
2828,1,756,,,756,151200,,,,,,
2828,7,7100,6400,768000,700,140000,,,,5,,
2828,8,450,370,481000,70,91000,,10,13000,,6,
2828,10,250,,,250,62500,,,,,,
2828,14,20,,,,,,20,9000,,,
2828,19,1500,1000,50000,500,50000,,,,2,6,
2829,1,648,,,648,129600,,,,,,
2829,7,3100,2300,276000,800,120000,,,,5,,
2829,8,200,100,130000,90,117000,,10,13000,2,3,6
2829,10,100,,,100,25000,,,,,,
2829,14,20,,,4,2000,,16,9000,,,
2829,19,1500,500,25000,1000,50000,,,,6,,
2830,1,864,,,864,172800,,,,,,
2830,7,3680,3380,405600,300,36000,,,,,5,
2830,8,300,160,208000,140,182000,,,,6,,
2830,10,220,,,220,44000,,,,,,
2830,14,10,,,,,,10,4500,,,
2830,16,15,,,15,25000,,,,,,
2830,19,1500,500,25000,1000,50000,,,,2,6,
2831,1,432,,,432,86400,,,,,,
2831,7,810,410,49200,400,48000,,,,5,,
2831,8,70,10,13000,60,78000,,,,6,,
2831,10,200,,,200,50000,,,,,,
2831,14,12,,,,,,12,7000,,,
2832,1,540,,,540,108000,,,,,,
2832,7,2030,1330,159600,700,84000,,,,5,,
2832,8,100,65,84500,30,39000,,5,6500,6,,
2832,10,70,,,70,17500,,,,,,
2832,14,10,,,,,,10,4500,,,
2833,1,324,,,324,64800,,,,,,
2833,7,1020,820,98400,200,40000,,,,5,,
2833,8,60,,,50,60000,,10,12000,,,
2833,10,40,,,40,10000,,,,,,
2833,14,10,,,10,4500,,,,,,
2833,19,1500,1000,50000,500,25000,,,,2,6,
2834,1,216,,,216,43200,,,,,,
2834,7,2450,2150,258000,300,36000,,,,5,,
2834,8,200,145,188500,50,65000,,5,6500,6,,
2834,10,250,50,12500,200,50000,,,,2,,
2834,14,10,,,,,,10,5000,,,
2834,19,1500,1000,50000,500,25000,,,,2,6,
2835,1,216,,,216,43200,,,,,,
2835,7,640,340,40800,300,36000,,,,5,,
2835,8,100,40,52000,50,65000,,10,13000,6,,
2835,10,160,,,160,32000,,,,,,
2835,14,14,,,,,,14,7000,,,
2836,1,60,,,60,12000,,,,,,
2836,14,59,,,42,11000,,17,3600,,,
2836,15,41,,,40,8400,,1,200,,,
2837,14,46,,,34,10500,,12,2700,,,
2837,15,25,,,25,6800,,,,,,
2838,1,180,,,180,36000,,,,,,
2838,14,114,,,79,21500,,35,8700,,,
2838,15,93,,,93,19500,,,,,,
2839,14,99,,,68,17000,,31,7300,,,
2839,15,52,,,52,10400,,,,,,
2840,1,380,,,380,76000,,,,,,
2840,14,100,,,76,21600,,24,5300,,,
2840,15,78,,,75,16000,,3,600,,,
2841,14,59,,,41,11800,,18,4700,,,
2841,15,35,,,35,7500,,,,,,
2842,1,340,,,340,68000,,,,,,
2842,14,125,,,89,24000,,36,8300,,,
2842,15,86,,,86,18000,,,,,,
2843,1,320,,,320,64000,,,,,,
2843,14,85,,,64,18000,,21,5500,,,
2843,15,60,,,60,12600,,,,,,
2844,14,51,,,36,9300,,15,3700,,,
2844,15,28,,,28,5500,,,,,,
2845,1,720,,,720,138400,,,,,,
2845,7,700,200,40000,500,125000,,,,6,7,
2845,8,80,,,70,112000,2,8,12800,,,
2845,10,200,,,200,50000,,,,,,
2845,14,400,,,300,105000,,100,35000,,,
2845,15,300,,,300,60000,,,,,,
2845,16,20,,,20,16000,,,,,,
2845,19,3000,1500,90000,1500,90000,,,,6,,
2845,20,70,,,70,14000,,,,,,
2846,1,540,,,500,100000,40,,,,,
2846,7,100,,,100,25000,,,,,,
2846,8,60,,,50,70000,3,7,9800,,,
2846,9,5,,,5,5000,,,,,,
2846,10,200,,,180,45000,20,,,,,
2846,11,30,,,25,50000,,5,10000,,,
2846,14,250,,,180,63000,20,50,18000,,,
2846,15,100,,,90,18000,10,,,,,
2846,16,40,,,35,28000,5,,,,,
2846,19,600,,,600,36000,,,,,,
2846,20,40,,,30,6000,10,,,,,
2847,1,600,,,550,110000,50,,,,,
2847,7,500,400,40000,100,25000,,,,5,,
2847,8,80,,,75,120000,2,3,4800,,,
2847,9,8,,,8,12000,,,,,,
2847,10,200,,,180,45000,20,,,,,
2847,14,200,,,170,59500,10,20,6000,,,
2847,15,60,,,50,10000,10,,,,,
2847,16,30,,,25,20000,5,,,,,
2847,19,100,,,100,6000,,,,,,
2847,20,60,,,50,10000,5,5,1000,,,
2848,1,200,,,190,37800,10,,,,,
2848,7,600,100,20000,500,125000,,,,6,,
2848,8,80,,,70,105000,5,5,7500,,,
2848,10,300,,,300,75000,,,,,,
2848,14,150,,,140,49000,10,,,,,
2848,15,80,,,75,15000,5,,,,,
2848,16,30,,,28,24000,2,,,,,
2848,20,50,,,45,9000,5,,,,,
2849,1,680,,,650,123000,30,,,,,
2849,7,700,600,60000,100,25000,,,,5,,
2849,8,70,,,60,96000,5,5,8000,,,
2849,9,5,,,5,7500,,,,,,
2849,10,100,,,100,25000,,,,,,
2849,12,40,,,30,60000,5,5,10000,,,
2849,13,90,,,80,80000,5,5,5000,,,
2849,14,300,,,200,70000,30,70,24500,,,
2849,15,120,,,90,18000,10,20,4000,,,
2849,16,80,,,70,56000,10,,,,,
2849,19,1500,,,1400,84000,100,,,,,
2849,20,80,,,70,14000,10,,,,,
2850,1,960,,,920,182000,40,,,,,
2850,7,1200,800,96000,400,100000,,,,5,,
2850,8,60,,,50,80000,,10,16000,,,
2850,10,100,,,100,25000,,,,,,
2850,14,500,,,300,105000,50,150,52500,,,
2850,15,200,,,190,38000,10,,,,,
2850,16,60,,,55,44000,5,,,,,
2850,19,1500,,,1500,90000,,,,,,
2850,20,60,,,50,10000,10,,,,,
2851,1,720,,,600,122000,120,,,,,
2851,14,500,,,300,105000,200,,,,,
2851,15,250,,,150,30000,50,50,10000,,,
2851,16,100,,,80,64000,20,,,,,
2851,20,100,,,80,16000,20,,,,,
2852,1,720,,,700,134000,20,,,,,
2852,7,1800,1600,160000,100,25000,100,,,5,,
2852,8,100,,,70,105000,20,10,15000,,,
2852,9,10,,,10,15000,,,,,,
2852,10,300,,,280,70000,20,,,,,
2852,12,40,,,30,60000,10,,,,,
2852,13,80,,,40,40000,40,,,,,
2852,14,300,,,250,87500,40,10,3500,,,
2852,15,120,,,80,16000,30,10,2000,,,
2852,16,60,,,60,60000,,,,,,
2852,17,200,150,525000,20,70000,27,3,10500,2,6,
2852,19,1500,,,1500,90000,,,,,,
2852,20,40,,,35,70000,5,,,,,
2853,1,650,,,620,120400,30,,,,,
2853,7,1500,1300,130000,200,50000,,,,5,,
2853,8,100,,,80,128000,5,15,24000,,,
2853,9,10,,,9,13500,1,,,,,
2853,10,300,,,280,70000,20,,,,,
2853,11,20,,,19,49400,1,,,,,
2853,14,250,,,220,77000,10,20,7000,,,
2853,15,130,,,120,24000,10,,,,,
2853,16,60,,,55,44000,5,,,,,
2853,19,1500,,,1400,84000,100,,,,,
2853,20,90,,,80,16000,10,,,,,
2854,1,290,,,290,57000,,,,,,
2854,7,700,600,90000,100,15000,,,,5,,
2854,8,30,,,20,30000,,10,15000,,,
2854,9,5,,,5,5000,,,,,,
2854,10,150,,,150,37000,,,,,,
2854,11,8,,,7,18000,,1,2200,,,
2854,14,50,,,50,13000,,,,,,
2854,15,20,,,20,4500,,,,,,
2854,19,700,,,700,45000,,,,,,
2854,20,30,,,30,6000,,,,,,
2855,1,670,,,670,127000,,,,,,
2855,7,2000,1600,240000,400,60000,,,,5,,
2855,8,50,,,40,60000,,10,15000,,,
2855,9,12,,,12,12000,,,,,,
2855,10,300,,,300,60000,,,,,,
2855,11,15,,,10,22000,,5,11000,,,
2855,14,100,,,100,24000,,,,,,
2855,15,60,,,60,12000,,,,,,
2855,16,20,,,20,16000,,,,,,
2855,19,500,,,500,40000,,,,,,
2855,20,50,,,50,10000,,,,,,
2856,1,250,,,250,50000,,,,,,
2856,14,30,,,30,7200,,,,,,
2856,15,60,,,60,12000,,,,,,
2856,16,10,,,10,10000,,,,,,
2856,20,30,,,30,6000,,,,,,
2857,14,60,,,60,15000,,,,,,
2857,15,30,,,30,6000,,,,,,
2857,20,25,,,25,5000,,,,,,
2858,1,680,,,680,133000,,,,,,
2858,7,1400,1200,180000,200,30000,,,,5,,
2858,8,80,10,15000,70,105000,,,,2,6,
2858,9,5,,,5,5000,,,,,,
2858,10,350,,,350,87000,,,,,,
2858,11,5,,,5,12000,,,,,,
2858,14,100,,,80,20000,,20,5200,,,
2858,19,1300,,,1300,90000,,,,,,
2858,20,50,,,50,10000,,,,,,
2859,1,360,,,360,70000,,,,,,
2859,14,50,,,45,12000,,5,2000,,,
2859,15,20,,,,,,20,5000,,,
2859,20,20,,,20,4000,,,,,,
2860,1,750,,,750,140000,,,,,,
2860,7,250,,,250,60000,,,,,,
2860,8,50,,,50,75000,,,,,,
2860,10,250,,,250,62000,,,,,,
2860,11,5,,,5,15000,,,,,,
2860,14,150,,,130,32000,,20,4800,,,
2860,15,100,,,100,25000,,,,,,
2860,16,20,,,20,30000,,,,,,
2860,19,1100,,,1100,77000,,,,,,
2860,20,55,,,55,12000,,,,,,
2861,1,430,,,430,78000,,,,,,
2861,14,120,,,110,28000,,10,2700,,,
2861,15,60,,,60,14000,,,,,,
2861,20,50,,,50,10000,,,,,,
2862,1,200,,,200,40000,,,,,,
2862,14,20,,,15,3600,,5,1200,,,
2862,20,15,,,15,3000,,,,,,
2864,1,216,,,216,40000,,,,,,
2864,14,20,,,16,8000,,4,2000,,,
2864,15,50,,,44,9680,,6,1320,,,
2864,16,10,,,10,8500,,,,,,
2867,14,10,,,10,5000,,,,,,
2867,15,20,,,20,4000,,,,,,
2867,16,3,,,3,2400,,,,,,
2871,14,4,,,,,,4,3200,,,
2871,15,12,,,12,3200,,,,,,
2872,1,450,,,450,87750,,,,,,
2872,14,35,,,,,,35,14700,,,
2872,15,10,,,,,,10,2300,,,
2873,14,30,,,,,,30,12000,,,
2873,15,15,,,,,,15,3450,,,
2874,14,100,,,,,,100,42000,,,
2874,15,45,,,,,,45,11250,,,
2875,14,50,,,,,,50,20000,,,
2875,15,20,,,,,,20,4400,,,
2876,1,700,,,700,134400,,,,,,
2876,14,60,,,,,,60,25200,,,
2876,15,15,,,,,,15,3600,,,
2877,1,300,,,300,58500,,,,,,
2878,1,400,,,400,78000,,,,,,
2878,14,30,,,,,,30,12900,,,
2878,15,10,,,,,,10,2500,,,
2879,14,30,,,,,,30,12000,,,
2879,15,15,,,,,,15,3300,,,
2880,14,35,,,,,,35,14000,,,
2880,15,15,,,,,,15,3000,,,
2881,1,600,,,600,132000,,,,,,
2881,14,50,,,30,18000,,20,12000,,,
2881,15,80,,,80,16000,,,,,,
2881,16,25,,,25,45000,,,,,,
2882,1,600,,,600,132000,,,,,,
2882,14,50,,,30,18000,,20,12000,,,
2882,15,100,,,80,16000,,20,4000,,,
2882,16,30,,,30,51000,,,,,,
2883,1,400,,,400,88000,,,,,,
2883,14,60,,,30,18000,,30,18000,,,
2883,15,70,,,70,14000,,,,,,
2883,16,5,,,5,8500,,,,,,
2884,14,30,,,20,12000,,10,6000,,,
2884,15,30,,,30,6000,,,,,,
2885,1,300,,,300,66000,,,,,,
2885,14,70,,,50,30000,,20,12000,,,
2885,15,80,,,80,16000,,,,,,
2885,16,20,,,20,34000,,,,,,
2886,1,600,,,600,132000,,,,,,
2886,14,50,,,40,24000,,10,6000,,,
2886,15,70,,,70,14000,,,,,,
2886,16,20,,,20,34000,,,,,,
2887,1,500,,,500,105000,,,,,,
2887,14,30,,,20,12000,,10,6000,,,
2887,15,50,,,50,10000,,,,,,
2887,16,20,,,20,34000,,,,,,
2888,1,600,,,600,132000,,,,,,
2888,14,60,,,40,24000,,20,12000,,,
2888,15,80,,,80,16000,,,,,,
2888,16,18,,,18,30600,,,,,,
2889,14,50,,,30,18000,,20,12000,,,
2889,15,60,,,60,12000,,,,,,
2889,16,15,,,15,25500,,,,,,
2890,14,40,,,40,8000,,,,,,
2890,15,30,,,30,7500,,,,,,
2891,14,40,,,40,8500,,,,,,
2891,15,20,,,20,4500,,,,,,
2892,14,30,,,30,6000,,,,,,
2892,15,25,,,25,6250,,,,,,
2893,14,90,,,90,20000,,,,,,
2893,15,30,,,30,7500,,,,,,
2894,14,80,,,80,18000,,,,,,
2894,15,20,,,20,5000,,,,,,
2895,14,50,,,50,10000,,,,,,
2895,15,30,,,30,8400,,,,,,
2896,14,30,,,30,7000,,,,,,
2896,15,10,,,10,2500,,,,,,
2897,14,100,,,100,22000,,,,,,
2897,15,50,,,50,8500,,,,,,
2898,14,60,,,60,13000,,,,,,
2898,15,40,,,40,10000,,,,,,
2899,1,750,,,750,195000,,,,,,
2899,7,60,,,60,18000,,,,,,
2899,8,300,,,200,300000,,100,150000,,,
2899,10,250,,,250,75000,,,,,,
2899,11,60,,,50,100000,,10,20000,,,
2899,14,400,,,300,75000,,100,25000,,,
2899,15,200,,,200,50000,,,,,,
2899,19,1700,500,35000,1200,72000,,,,2,,
2900,1,600,,,600,138000,,,,,,
2900,7,1000,1000,300000,,,,,,2,,
2900,8,250,100,150000,100,150000,,50,75000,2,,
2900,10,150,,,150,45000,,,,,,
2900,11,25,,,25,50000,,,,,,
2900,14,300,,,200,50000,,100,25000,,,
2900,15,150,,,150,37000,,,,,,
2900,19,1000,400,28000,600,42000,,,,2,,
2901,1,600,,,600,130000,,,,,,
2901,7,30,,,30,9000,,,,,,
2901,8,150,,,100,130000,,50,70000,,,
2901,10,200,,,200,60000,,,,,,
2901,11,20,,,20,40000,,,,,,
2901,14,300,,,200,40000,,100,20000,,,
2901,15,90,,,90,22500,,,,,,
2901,19,580,,,580,30000,,,,,,
2902,1,600,,,600,140000,,,,,,
2902,8,150,,,120,180000,,30,45000,,,
2902,10,200,,,200,50000,,,,,,
2902,11,20,,,20,40000,,,,,,
2902,14,350,,,250,62000,,100,24800,,,
2902,15,150,,,150,37500,,,,,,
2902,19,2500,1000,70000,1500,100000,,,,2,,
2903,1,600,,,600,137000,,,,,,
2903,7,800,600,210000,200,60000,,,,2,,
2903,8,200,,,150,225000,,50,75000,,,
2903,10,250,,,250,75000,,,,,,
2903,11,70,,,50,100000,,20,40000,,,
2903,14,450,,,300,75000,,150,37500,,,
2903,15,180,,,180,45000,,,,,,
2904,1,360,,,360,72000,,,,,,
2904,14,200,,,100,20000,,100,20000,,,
2904,15,80,,,80,16000,,,,,,
2904,19,600,,,600,42000,,,,,,
2905,1,500,,,500,80000,,,,,,
2905,14,300,,,200,40000,,100,20000,,,
2905,15,180,,,180,26000,,,,,,
2906,1,550,,,550,125000,,,,,,
2906,14,300,,,200,40000,,100,20000,,,
2906,15,100,,,100,20000,,,,,,
2906,19,400,,,400,28000,,,,,,
2907,1,380,,,380,91000,,,,,,
2907,7,50,,,50,17500,,,,,,
2907,8,1200,1000,2000000,200,400000,,,,3,,
2907,10,200,,,200,60000,,,,,,
2907,11,40,,,35,70000,,5,10000,,,
2907,14,400,,,200,40000,,200,40000,,,
2907,15,200,,,200,40000,,,,,,
2908,14,100,,,70,14000,,30,6000,,,
2908,15,80,,,80,16000,,,,,,
2909,14,110,,,80,16000,,30,6000,,,
2909,15,70,,,50,10000,,20,4000,,,
2910,14,50,,,35,14000,,15,6000,,,
2910,15,40,,,40,8000,,,,,,
2911,14,100,,,80,16000,,20,4000,,,
2911,15,90,,,65,13000,,25,5000,,,
2911,16,10,,,10,12000,,,,,,
2911,19,1200,600,36000,600,36000,,,,2,,
2912,1,350,,,350,81200,,,,,,
2912,7,3500,3000,450000,500,75000,,,,5,2,
2912,8,90,60,120000,20,40000,,10,20000,6,2,
2912,10,40,,,40,8000,,,,,,
2912,14,120,,,100,20000,,20,4000,,,
2912,15,100,,,80,16000,,20,4000,,,
2912,19,300,,,300,18000,,,,,,
2913,14,70,,,55,11000,,15,3000,,,
2913,15,70,,,60,12000,,10,2000,,,
2914,1,500,,,500,80000,,,,,,
2914,7,1700,1000,110000,700,80000,,,,5,,
2914,8,100,60,90000,20,30000,,20,30000,5,,
2914,10,50,,,50,7500,,,,,,
2914,11,40,,,30,60000,,10,20000,,,
2914,14,100,,,80,16000,,20,4000,,,
2914,15,100,,,70,14000,,30,6000,,,
2914,19,250,,,250,12500,,,,,,
2915,1,600,,,600,90000,,,,,,
2915,7,9060,9000,990000,60,7000,,,,5,,
2915,8,160,80,120000,50,75000,10,20,30000,6,2,
2915,10,40,,,40,7000,,,,,,
2915,11,40,,,20,50000,,20,50000,,,
2915,14,120,,,100,20000,,20,4000,,,
2915,15,100,,,80,16000,,20,4000,,,
2915,19,1200,800,48000,400,24000,,,,7,,
2916,14,25,,,,,,25,4000,,,
2917,14,25,,,,,,25,10000,,,
2917,15,10,,,,,,10,2000,,,
2918,14,35,,,,,,35,11500,,,
2918,16,6,,,6,7000,,,,,,
2919,14,25,,,,,2,23,5000,,,
2919,16,5,,,5,6000,,,,,,
2920,14,55,,,,,3,52,16000,,,
2920,16,10,,,10,12000,,,,,,
2921,14,45,,,,,,45,12600,,,
2921,16,6,,,6,8000,,,,,,
2922,14,40,,,,,,40,15000,,,
2922,16,4,,,4,6000,,,,,,
2923,14,20,,,,,,20,12000,,,
2924,14,20,,,,,,20,5300,,,
2925,14,45,,,,,,45,13000,,,
2926,1,400,,,400,60000,,,,,,
2926,7,2830,2800,360000,30,4000,,,,5,,
2926,8,30,,,15,30000,,15,30000,,,
2926,10,40,,,40,8000,,,,,,
2926,11,30,,,15,38000,,15,38000,,,
2926,14,90,,,60,12000,,30,6000,,,
2926,15,80,,,50,10000,,30,6000,,,
2926,19,600,400,24000,200,12000,,,,6,7,
2927,1,200,,,200,30000,,,,,,
2927,14,60,,,30,6000,,30,6000,,,
2927,15,50,,,30,6000,,20,4000,,,
2928,1,600,,,600,90000,,,,,,
2928,7,1350,1300,170000,50,7000,,,,5,,
2928,8,40,,,20,40000,,20,40000,,,
2928,10,50,,,50,10000,,,,,,
2928,11,40,,,20,50000,,20,50000,,,
2928,14,90,,,70,14000,,20,4000,,,
2928,15,80,,,60,12000,,20,4000,,,
2928,19,1000,600,36000,400,24000,,,,7,6,
2929,1,600,,,600,90000,,,,,,
2929,7,1450,1400,180000,50,6500,,,,5,,
2929,8,40,,,20,40000,,20,40000,,,
2929,10,40,,,40,8000,,,,,,
2929,11,40,,,20,50000,,20,50000,,,
2929,14,100,,,60,12000,,40,8000,,,
2929,15,80,,,60,12000,,20,4000,,,
2929,19,1000,600,36000,400,24000,,,,6,7,
2930,7,1420,1400,180000,20,2600,,,,5,,
2930,8,20,,,10,20000,,10,20000,,,
2930,10,20,,,20,3000,,,,,,
2930,11,20,,,10,25000,,10,25000,,,
2930,14,50,,,30,7500,,20,5000,,,
2930,15,50,,,40,8000,,10,2000,,,
2930,19,700,500,30000,200,12000,,,,7,6,
2931,7,1430,1400,180000,30,4000,,,,5,,
2931,8,20,,,10,20000,,10,20000,,,
2931,10,30,,,30,6000,,,,,,
2931,11,20,,,10,25000,,10,25000,,,
2931,14,80,,,40,10000,,40,10000,,,
2931,15,50,,,40,8000,,10,2000,,,
2931,19,700,500,30000,200,12000,,,,6,7,
2932,7,4150,4100,530000,50,7000,,,,5,,
2932,8,40,,,20,40000,,20,40000,,,
2932,10,50,,,50,10000,,,,,,
2932,11,40,,,20,50000,,20,50000,,,
2932,14,90,,,50,10000,,40,8000,,,
2932,15,100,,,80,16000,,20,4000,,,
2932,19,1000,600,36000,400,24000,,,,6,7,
2933,1,600,,,600,90000,,,,,,
2933,14,80,,,70,14000,,10,2000,,,
2933,15,90,,,70,14000,,20,4000,,,
2934,1,400,,,400,60000,,,,,,
2934,7,4350,4300,560000,50,7000,,,,5,,
2934,8,40,,,20,40000,,20,40000,,,
2934,10,50,,,50,10000,,,,,,
2934,11,40,,,20,50000,,20,50000,,,
2934,14,90,,,60,12000,,30,6000,,,
2934,15,70,,,50,10000,,20,4000,,,
2934,19,1000,600,36000,400,24000,,,,6,7,
2935,1,540,,,540,108000,,,,,,
2935,7,150,,,150,18000,,,,,,
2935,8,250,180,216000,70,84000,,,,2,,
2935,9,3,,,3,3600,,,,,,
2935,10,250,,,250,60000,,,,,,
2935,11,80,50,125000,30,75000,,,,2,,
2935,14,50,,,50,20000,,,,,,
2935,15,50,,,50,10000,,,,,,
2935,16,4,,,4,4800,,,,,,
2936,1,250,,,250,50000,,,,,,
2936,14,40,,,40,17000,,,,,,
2936,15,30,,,30,6000,,,,,,
2936,16,3,,,3,3600,,,,,,
2937,1,790,,,790,158000,,,,,,
2937,7,1800,1700,204000,100,12000,,,,2,,
2937,8,140,70,91000,70,91000,,,,2,,
2937,9,2,,,2,2400,,,,,,
2937,10,150,,,150,37500,,,,,,
2937,11,40,10,23000,30,69000,,,,2,,
2937,16,3,,,3,3500,,,,,,
2938,1,360,,,360,72000,,,,,,
2938,16,2,,,2,2400,,,,,,
2939,1,125,,,125,25000,,,,,,
2939,14,35,,,35,13000,,,,,,
2939,15,20,,,20,4000,,,,,,
2939,16,2,,,2,2400,,,,,,
2940,1,130,,,130,26000,,,,,,
2940,14,35,,,35,13000,,,,,,
2940,15,30,,,30,6000,,,,,,
2941,1,290,,,290,58000,,,,,,
2941,14,45,,,45,15000,,,,,,
2941,15,35,,,35,7000,,,,,,
2941,16,3,,,3,3600,,,,,,
2942,1,125,,,125,25000,,,,,,
2942,14,30,,,30,13000,,,,,,
2942,15,30,,,30,6000,,,,,,
2942,16,2,,,2,2400,,,,,,
2943,1,215,,,215,63000,,,,,,
2943,14,35,,,35,14000,,,,,,
2943,15,40,,,40,8000,,,,,,
2943,16,2,,,2,2400,,,,,,
2944,7,400,150,45000,250,75000,,,,2,,
2944,8,150,80,120000,40,60000,10,20,30000,2,,
2944,10,440,140,42000,300,90000,,,,2,,
2944,11,60,15,45000,40,120000,,5,15000,2,,
2944,14,90,,,60,20000,,30,10000,,,
2944,15,55,,,40,8000,,15,3000,,,
2945,14,32,,,32,10000,,,,,,
2945,15,15,,,15,3000,,,,,,
2945,19,750,400,28000,350,24500,,,,2,,
2946,7,500,300,90000,200,60000,,,,2,,
2946,8,300,200,300000,50,75000,30,20,30000,2,,
2946,10,570,200,60000,300,90000,70,,,2,,
2946,11,100,45,135000,40,120000,10,5,15000,2,,
2946,12,50,15,45000,15,45000,10,10,30000,2,,
2946,14,70,,,50,25000,,20,10000,,,
2946,15,50,,,35,7000,,15,3000,,,
2946,19,1000,550,38500,400,28000,50,,,2,,
2948,7,400,150,45000,200,60000,50,,,2,,
2948,8,70,20,30000,40,60000,5,5,7500,2,,
2948,10,530,200,60000,300,90000,30,,,2,,
2948,11,16,,,13,39000,,3,9000,,,
2948,14,70,,,45,14000,,25,7800,,,
2948,15,40,,,30,6000,,10,2000,,,
2948,19,1000,550,38500,450,31500,,,,2,,
2949,14,87,,,65,21500,,22,7500,,,
2949,15,40,,,30,6000,,10,2000,,,
2950,14,64,,,54,17500,,10,3300,,,
2950,15,50,,,35,7000,,15,3000,,,
2951,14,84,,,65,22000,,19,6500,,,
2951,15,50,,,30,6000,,20,4000,,,
2953,14,12,,,12,4000,,,,,,
2953,15,12,,,12,2200,,,,,,
2954,14,20,,,20,7000,,,,,,
2954,15,30,,,30,6000,,,,,,
2955,14,24,,,24,8000,,,,,,
2955,15,13,,,13,2500,,,,,,
2955,16,15,,,15,14000,,,,,,
2956,1,370,,,370,77000,,,,,,
2956,14,25,,,25,8000,,,,,,
2956,15,40,,,40,8000,,,,,,
2956,16,18,,,18,18000,,,,,,
2957,1,300,,,300,63000,,,,,,
2957,14,40,,,40,12000,,,,,,
2957,15,28,,,28,5000,,,,,,
2957,16,10,,,10,18000,,,,,,
2958,1,400,,,400,83000,,,,,,
2958,14,30,,,30,11000,,,,,,
2958,15,20,,,20,4000,,,,,,
2958,16,20,,,20,16000,,,,,,
2959,1,400,,,400,83000,,,,,,
2959,14,38,,,38,12000,,,,,,
2959,15,36,,,36,7000,,,,,,
2959,16,15,,,15,14000,,,,,,
2960,14,20,,,20,6000,,,,,,
2960,15,14,,,14,2500,,,,,,
2960,16,9,,,9,9000,,,,,,
2961,14,40,,,40,12000,,,,,,
2961,16,20,,,20,15000,,,,,,
2962,14,75,,,60,20000,,15,5000,,,
2962,15,30,,,25,4600,,5,1000,,,
2963,14,110,,,85,27500,,25,7800,,,
2963,15,50,,,30,6000,,20,4000,,,
2964,14,33,,,25,7800,,8,2500,,,
2964,15,20,,,20,4000,,,,,,
2965,14,105,,,75,25000,,30,10000,,,
2965,15,45,,,35,7000,,10,2000,,,
2967,14,89,,,64,20000,,25,7800,,,
2967,15,50,,,30,6000,,20,4000,,,
2969,14,87,,,62,20000,,25,7900,,,
2969,15,35,,,30,6000,,5,1000,,,
2971,1,420,,,420,92400,,,,,,
2971,14,150,,,150,60000,,,,,,
2971,15,80,,,80,11200,,,,,,
2972,1,420,,,420,92400,,,,,,
2972,14,200,,,200,80000,,,,,,
2972,15,120,,,120,16800,,,,,,
2973,14,70,,,70,30000,,,,,,
2973,15,50,,,50,7000,,,,,,
2974,14,50,,,50,21500,,,,,,
2974,15,70,,,70,9100,,,,,,
2975,14,50,,,50,21000,,,,,,
2975,15,40,,,40,5600,,,,,,
2976,14,180,,,180,79200,,,,,,
2976,15,120,,,120,15600,,,,,,
2977,14,180,,,180,72000,,,,,,
2977,15,120,,,120,16800,,,,,,
2979,14,100,,,100,40000,,,,,,
2979,15,70,,,70,9800,,,,,,
2980,1,800,,,800,168000,,,,,,
2980,7,40,,,40,10000,,,,,,
2980,8,100,,,70,105000,10,20,30000,,,
2980,10,250,,,250,75000,,,,,,
2980,11,20,,,10,24000,,10,24000,,,
2980,12,150,,,150,300000,,,,,,
2980,13,300,200,200000,100,100000,,,,2,7,
2980,14,180,,,130,52000,,50,20000,,,
2980,15,200,,,190,34200,,10,1800,,,
2980,16,10,,,10,12000,,,,,,
2980,19,1300,,,1250,75000,50,,,,,
2981,1,300,,,300,66000,,,,,,
2981,7,40,,,40,8000,,,,,,
2981,8,100,50,75000,35,52500,10,5,7500,2,6,
2981,10,150,,,150,45000,,,,,,
2981,11,30,,,20,50000,,10,25000,,,
2981,12,20,,,20,30000,,,,,,
2981,14,80,,,70,28000,,10,4000,,,
2981,15,100,,,80,14400,,20,3600,,,
2981,16,3,,,3,3300,,,,,,
2981,19,1000,600,42000,400,28000,,,,2,,
2982,1,750,,,750,165000,,,,,,
2982,7,80,,,80,20000,,,,,,
2982,8,180,80,120000,75,112500,20,5,7500,2,6,
2982,10,220,,,220,66000,,,,,,
2982,11,30,,,30,75000,,,,,,
2982,12,25,,,25,50000,,,,,,
2982,13,30,,,30,30000,,,,,,
2982,14,200,,,160,64000,,40,16000,,,
2982,15,180,,,170,30600,,10,1800,,,
2982,16,5,,,5,6000,,,,,,
2982,19,600,,,600,36000,,,,,,
2983,1,460,,,460,96600,,,,,,
2983,2,40,,,40,148000,,,,,,
2983,7,20,,,20,5000,,,,,,
2983,8,180,50,75000,60,90000,30,40,60000,2,6,
2983,10,200,,,200,60000,,,,,,
2983,11,50,,,20,50000,,30,75000,,,
2983,12,60,,,55,99000,5,,,,,
2983,14,150,,,110,44000,,40,16000,,,
2983,15,200,,,195,33150,,5,850,,,
2983,16,2,,,2,2200,,,,,,
2983,19,1200,500,30000,500,30000,200,,,2,6,
2984,1,750,,,750,157500,,,,,,
2984,7,60,,,60,15000,,,,,,
2984,8,80,,,75,112500,,5,7500,,,
2984,10,250,,,250,75000,,,,,,
2984,11,10,,,10,25000,,,,,,
2984,12,10,,,10,20000,,,,,,
2984,13,20,,,20,20000,,,,,,
2984,14,150,,,150,60000,,,,,,
2984,15,200,,,200,35000,,,,,,
2984,16,10,,,10,12000,,,,,,
2984,19,200,,,200,12000,,,,,,
2985,1,450,,,450,94500,,,,,,
2985,12,15,,,15,30000,,,,,,
2985,13,30,,,30,30000,,,,,,
2985,14,100,,,70,28000,,30,12000,,,
2985,15,140,,,140,23800,,,,,,
2985,16,5,,,5,6000,,,,,,
2985,19,600,,,600,36000,,,,,,
2986,1,700,,,700,147000,,,,,,
2986,7,60,,,60,15000,,,,,,
2986,8,170,70,105000,70,105000,,30,45000,2,6,
2986,10,200,,,200,60000,,,,,,
2986,11,30,,,25,62500,,5,12500,,,
2986,14,160,,,125,50000,,35,14000,,,
2986,15,180,,,180,32400,,,,,,
2986,16,3,,,3,3600,,,,,,
2986,19,1400,400,24000,1000,60000,,,,2,6,
2987,1,650,,,650,136500,,,,,,
2987,8,30,,,30,45000,,,,,,
2987,10,200,,,200,60000,,,,,,
2987,14,120,,,100,40000,,20,8000,,,
2987,15,160,,,130,22100,,30,5100,,,
2987,16,2,,,2,2200,,,,,,
2987,19,200,,,200,12000,,,,,,
2988,1,800,,,800,176000,,,,,,
2988,2,40,,,40,148000,,,,,,
2988,7,60,,,60,12000,,,,,,
2988,8,70,10,15000,55,82500,,5,7500,6,,
2988,10,200,,,200,60000,,,,,,
2988,11,10,,,10,23000,,,,,,
2988,12,30,,,30,60000,,,,,,
2988,13,150,,,100,100000,50,,,,,
2988,14,210,,,160,72000,,50,22500,,,
2988,15,200,,,190,32300,,10,1700,,,
2988,16,15,,,15,18000,,,,,,
2988,19,1000,,,800,56000,200,,,,,
2989,1,500,,,500,110000,,,,,,
2989,14,200,,,200,46000,,,,,,
2989,15,70,,,70,9100,,,,,,
2989,19,1000,,,1000,60000,,,,,,
2990,1,250,,,250,55000,,,,,,
2990,14,140,,,140,32200,,,,,,
2990,15,60,,,60,8400,,,,,,
2990,19,1700,800,40000,700,35000,200,,,2,7,
2991,1,200,,,200,40000,,,,,,
2991,14,95,,,95,21850,,,,,,
2991,15,30,,,30,3900,,,,,,
2991,19,1000,500,30000,500,30000,,,,2,,
2992,1,300,,,300,66000,,,,,,
2992,14,160,,,160,40000,,,,,,
2992,15,55,,,55,11000,,,,,,
2992,19,2000,1000,50000,800,40000,200,,,2,,
2993,1,250,,,250,55000,,,,,,
2993,7,350,,,250,62500,100,,,,,
2993,8,250,70,105000,120,180000,30,30,45000,2,,
2993,10,400,,,400,120000,,,,,,
2993,11,20,,,10,25000,8,2,5000,,,
2993,14,150,,,130,31200,,20,4800,,,
2993,15,45,,,45,5850,,,,,,
2993,19,500,,,400,20000,100,,,,,
2994,1,600,,,600,132000,,,,,,
2994,12,30,,,20,40000,,10,20000,,,
2994,14,210,,,210,46200,,,,,,
2994,15,65,,,65,8450,,,,,,
2994,19,1500,500,30000,1000,60000,,,,2,,
2995,1,250,,,250,55000,,,,,,
2995,14,150,,,130,29900,,20,4600,,,
2995,15,45,,,45,5850,,,,,,
2996,1,600,,,600,132000,,,,,,
2996,2,70,,,70,245000,,,,,,
2996,7,600,300,60000,300,60000,,,,2,,
2996,8,460,280,420000,90,135000,60,30,45000,2,,
2996,9,10,,,10,12000,,,,,,
2996,10,400,,,400,120000,,,,,,
2996,11,40,,,35,87500,,5,12500,,,
2996,12,30,,,30,60000,,,,,,
2996,14,200,,,200,46000,,,,,,
2996,15,80,,,80,10400,,,,,,
2996,19,500,,,500,30000,,,,,,
2997,1,400,,,400,88000,,,,,,
2997,2,30,,,30,105000,,,,,,
2997,7,250,,,250,50000,,,,,,
2997,8,200,,,130,195000,30,40,60000,,,
2997,9,12,,,12,14400,,,,,,
2997,10,500,,,500,150000,,,,,,
2997,11,15,,,13,32500,,2,5000,,,
2997,14,180,,,180,41400,,,,,,
2997,15,60,,,60,7800,,,,,,
2997,19,900,300,15000,600,30000,,,,2,,
2998,14,220,,,165,36000,,55,13000,,,
2998,15,100,,,95,19000,,5,1000,,,
2999,14,52,,,50,12000,,2,1200,,,
2999,15,10,,,10,2000,,,,,,
3000,14,100,,,100,24000,,,,,,
3000,15,40,,,35,7000,,5,1000,,,
3000,16,12,,,12,16000,,,,,,
3001,14,300,,,230,50000,,70,18000,,,
3001,15,150,,,150,30000,,,,,,
3001,16,10,,,10,14000,,,,,,
3002,14,100,,,65,15000,,35,9000,,,
3002,15,50,,,50,10000,,,,,,
3002,16,5,,,5,7000,,,,,,
3003,14,300,,,290,62000,,10,6000,,,
3003,15,85,,,80,17000,,5,1000,,,
3003,16,7,,,7,10000,,,,,,
3004,14,170,,,130,30000,,40,10000,,,
3004,15,60,,,50,10000,,10,2000,,,
3004,16,7,,,7,10000,,,,,,
3005,14,80,,,77,20200,,3,1800,,,
3005,15,30,,,30,6000,,,,,,
3005,16,10,,,10,13000,,,,,,
3006,14,150,,,145,35000,,5,3000,,,
3006,15,20,,,20,4000,,,,,,
3007,1,840,,,840,184800,,,,,,
3007,7,70,40,10000,30,7500,,,,2,,
3007,8,40,20,30000,16,24000,,4,6000,2,,
3007,9,2,,,2,3000,,,,,,
3007,10,60,15,3750,38,9500,7,,,2,,
3007,11,10,,,8,16000,,2,4000,,,
3007,12,40,20,40000,15,30000,,5,10000,2,,
3007,13,30,,,20,16000,,10,8000,,,
3007,14,204,,,184,43240,,20,4700,,,
3007,15,130,,,130,15300,,,,,,
3007,16,20,,,20,26000,,,,,,
3007,19,720,,,720,43200,,,,,,
3008,1,240,,,240,52800,,,,,,
3008,12,15,,,15,30000,,,,,,
3008,14,90,,,80,16000,,10,2000,,,
3008,15,80,,,80,9600,,,,,,
3008,19,750,400,24000,320,19200,30,,,7,,
3009,1,250,,,250,55000,,,,,,
3009,7,60,30,7500,30,7500,,,,2,,
3009,8,25,10,13000,10,13000,,5,6500,2,,
3009,10,25,,,20,5000,5,,,,,
3009,12,15,,,10,20000,,5,10000,,,
3009,14,90,,,80,16000,,10,2000,,,
3009,15,90,,,90,11700,,,,,,
3009,19,550,,,550,33000,,,,,,
3010,1,300,,,300,66000,,,,,,
3010,7,90,50,12500,25,6250,15,,,2,,
3010,8,35,15,19500,17,20400,,3,3900,2,,
3010,9,1,,,1,2000,,,,,,
3010,10,20,,,20,5000,,,,,,
3010,14,400,,,280,56000,,120,24000,,,
3010,15,70,,,66,8184,,4,496,,,
3010,16,5,,,5,7000,,,,,,
3010,19,500,200,12000,300,18000,,,,2,,
3011,1,200,,,200,44000,,,,,,
3011,12,20,,,15,30000,,5,10000,,,
3011,14,123,,,103,25132,,20,4880,,,
3011,15,70,,,65,7800,,5,600,,,
3011,19,450,200,12000,200,12000,50,,,2,,
3012,1,300,,,300,66000,,,,,,
3012,7,150,110,27500,30,7500,10,,,2,,
3012,8,60,40,60000,12,18000,5,3,4500,2,,
3012,9,1,,,1,2000,,,,,,
3012,10,40,20,5000,20,5000,,,,2,,
3012,11,5,,,5,15000,,,,,,
3012,12,10,,,10,20000,,,,,,
3012,14,150,,,130,26000,,20,4000,,,
3012,15,70,,,70,8400,,,,,,
3012,16,5,,,5,7000,,,,,,
3012,19,750,450,27000,300,18000,,,,2,,
3013,1,300,,,300,66000,,,,,,
3013,7,65,40,10000,25,6250,,,,2,,
3013,8,80,50,60000,25,30000,,5,6000,2,,
3013,9,1,,,1,2000,,,,,,
3013,10,60,30,7500,25,6250,5,,,2,,
3013,12,100,70,140000,20,40000,,10,20000,2,,
3013,13,200,,,120,96000,,80,64000,,,
3013,14,200,,,170,34000,,30,6000,,,
3013,15,100,,,90,11250,,10,1250,,,
3013,16,15,,,15,19500,,,,,,
3013,17,20,,,15,52500,2,3,10500,,,
3013,19,900,600,36000,300,18000,,,,2,,
3014,1,600,,,600,132000,,,,,,
3014,7,50,10,2500,25,6250,15,,,2,,
3014,8,60,30,45000,27,40500,,3,4500,2,,
3014,9,2,,,2,4000,,,,,,
3014,10,80,50,12500,20,5000,10,,,2,,
3014,12,10,,,10,20000,,,,,,
3014,14,130,,,100,20000,,30,6000,,,
3014,15,100,,,100,11500,,,,,,
3014,16,10,,,10,15000,,,,,,
3014,17,15,,,13,45500,,2,7000,,,
3014,19,700,300,18000,400,24000,,,,2,,
3015,1,1000,,,1000,220000,,,,,,
3015,7,100,20,5000,80,20000,,,,2,,
3015,8,30,,,30,45000,,,,,,
3015,10,40,,,35,8750,5,,,,,
3015,12,30,,,20,40000,,10,20000,,,
3015,14,180,,,160,32000,,20,4000,,,
3015,15,90,,,90,11100,,,,,,
3015,16,10,,,10,14000,,,,,,
3015,17,25,,,22,77000,3,,,,,
3015,19,750,,,750,45000,,,,,,
3016,1,720,,,714,157080,,6,1320,,,
3016,7,150,,,130,32500,20,,,,,
3016,8,30,,,20,30000,5,5,7500,,,
3016,10,160,,,150,37500,10,,,,,
3016,14,350,,,300,48000,,50,14000,,,
3016,15,130,,,100,20000,,30,6000,,,
3016,16,12,,,12,16000,,,,,,
3016,19,1000,250,15000,650,39000,100,,,6,,
3017,1,460,,,455,100100,,5,1100,,,
3017,14,370,,,310,66000,,60,16000,,,
3017,15,120,,,90,18000,,30,6000,,,
3017,16,15,,,15,21000,,,,,,
3017,19,1500,400,24000,1000,60000,100,,,6,,
3018,1,360,,,358,78760,,2,440,,,
3018,12,15,,,8,16000,2,5,10000,,,
3018,14,270,,,250,58000,,20,6000,,,
3018,15,70,,,60,12000,,10,2000,,,
3018,16,5,,,5,7000,,,,,,
3018,19,800,150,9000,600,36000,50,,,6,,
3019,1,720,,,716,157520,,4,880,,,
3019,12,35,10,20000,15,30000,5,5,10000,2,,
3019,13,50,20,20000,10,10000,10,10,10000,2,,
3019,14,280,,,230,52000,,50,14000,,,
3019,15,130,,,100,20000,,30,6000,,,
3019,16,15,,,15,21000,,,,,,
3019,19,600,,,500,30000,100,,,,,
3020,1,900,,,896,197120,,4,880,,,
3020,7,180,,,160,40000,20,,,,,
3020,8,40,,,25,37500,10,5,7500,,,
3020,9,110,,,100,100000,10,,,,,
3020,14,380,,,320,72000,,60,16000,,,
3020,15,130,,,100,20000,,30,6000,,,
3020,16,10,,,10,14000,,,,,,
3020,19,1500,,,1000,60000,500,,,,,
3022,1,900,,,895,196900,,5,1100,,,
3022,7,200,,,180,45000,20,,,,,
3022,8,40,,,25,37500,5,10,15000,,,
3022,10,150,,,150,37500,,,,,,
3022,12,25,,,15,30000,5,5,10000,,,
3022,14,360,,,320,72000,,40,12000,,,
3022,15,150,,,120,24000,,30,6000,,,
3022,17,7,,,4,14000,1,2,7000,,,
3022,19,700,250,15000,420,25000,30,,,6,,
3023,1,800,,,792,174240,,8,1760,,,
3023,7,250,,,230,57500,20,,,,,
3023,8,45,,,30,45000,10,5,7500,,,
3023,10,110,,,100,25000,10,,,,,
3023,14,410,,,320,76000,,90,26000,,,
3023,15,150,,,120,24000,,30,6000,,,
3023,16,20,,,20,28000,,,,,,
3023,19,600,,,500,30000,100,,,,,
3024,1,720,,,715,157300,,5,1100,,,
3024,14,270,,,220,52000,,50,14000,,,
3024,15,100,,,80,16000,,20,4000,,,
3024,16,5,,,5,7000,,,,,,
3024,19,900,200,12000,650,39000,50,,,6,,
3025,15,40,,,25,10000,,15,6000,,,
3029,14,20,,,12,7200,,8,4000,,,
3030,14,30,,,15,6000,,15,6000,,,
3030,15,30,,,10,4000,,20,8000,,,
3033,14,40,,,13,5200,,27,13000,,,
3034,14,45,,,45,6000,,,,,,
3034,15,50,,,50,6000,,,,,,
3034,16,35,,,35,28000,,,,,,
3035,14,60,,,50,6500,,10,1300,,,
3035,15,50,,,50,6000,,,,,,
3035,16,22,,,22,17600,,,,,,
3036,1,180,,,180,36000,,,,,,
3036,14,25,,,25,3800,,,,,,
3037,14,30,,,30,4500,,,,,,
3039,14,50,,,40,6000,,10,6000,,,
3039,15,20,,,20,2400,,,,,,
3039,16,25,,,25,25000,,,,,,
3041,14,15,,,15,3750,,,,,,
3041,15,30,,,30,3600,,,,,,
3043,14,5,,,,,,5,2500,,,
3044,14,20,,,,,,20,8000,,,
3045,14,24,,,,,,24,7200,,,
3046,1,480,,,480,105600,,,,,,
3046,14,5,,,,,,5,1500,,,
3047,14,30,,,,,,30,9000,,,
3049,14,10,,,,,,10,5000,,,
3050,14,30,,,,,,30,9000,,,
3051,1,300,,,300,60000,,,,,,
3052,14,50,,,40,8000,,10,2000,,,
3053,14,10,,,,,,10,2000,,,
3054,14,200,,,100,15000,,100,15000,,,
3057,14,160,,,80,26000,60,20,5000,,,
3059,12,18,,,15,30000,,3,6000,,,
3059,14,10,,,5,1000,,5,1000,,,
3060,14,100,,,50,10000,,50,10000,,,
3061,14,32,,,,,,32,6400,,,
3062,14,23,,,,,,23,8400,,,
3062,15,30,,,,,,30,7600,,,
3065,14,25,,,,,,25,5600,,,
3066,14,63,,,,,,63,14000,,,
3068,14,10,,,,,,10,3500,,,
3071,1,730,,,730,146000,,,,,,
3071,14,40,,,10,6000,,30,18000,,,
3071,15,10,,,,,,10,3000,,,
3072,14,10,,,2,1200,,8,4800,,,
3072,16,20,,,20,34000,,,,,,
3073,14,50,,,10,6000,,40,24000,,,
3073,15,80,,,10,3000,,70,21000,,,
3073,16,60,,,60,102000,,,,,,
3074,14,40,,,5,3000,,35,21000,,,
3074,15,70,,,7,2100,,63,18900,,,
3075,14,42,,,8,4800,,34,20400,,,
3075,16,25,,,25,42500,,,,,,
3076,14,6,,,1,600,,5,3000,,,
3078,14,35,,,10,6000,,25,15000,,,
3078,15,25,,,5,1500,,20,6000,,,
3078,16,10,,,10,17000,,,,,,
3079,14,60,,,,,,60,12000,,,
3080,14,2,,,,,,2,2000,,,
3081,14,62,,,,,,62,17200,,,
3081,15,30,,,,,,30,6000,,,
3083,14,3,,,,,,3,1500,,,
3085,14,38,,,,,,38,11000,,,
3086,14,31,,,,,,31,9700,,,
3086,15,30,,,,,,30,6000,,,
3087,14,44,,,,,,44,16000,,,
3092,14,80,,,,,,80,15000,,,
3092,15,50,,,,,,50,7000,,,
3099,14,35,,,,,,35,8000,,,
3105,14,39,,,,,,39,7000,,,
3107,14,16,,,8,1500,,8,1500,,,
3107,15,38,,,20,3600,,18,3240,,,
3108,14,5,,,5,2000,,,,,,
3108,15,10,,,10,2000,,,,,,
3113,14,8,,,,,,8,2500,,,
3113,15,15,,,,,,15,4500,,,
3116,14,10,,,,,,10,6000,,,
3117,15,20,,,,,,20,5000,,,
3118,14,15,,,,,,15,6000,,,
3118,15,10,,,,,,10,3000,,,
3120,14,20,,,,,,20,6000,,,
3121,14,8,,,,,,8,4000,,,
3123,14,6,,,,,,6,2400,,,
3133,14,10,,,,,,10,7000,,,
3133,15,10,,,,,,10,3000,,,
3134,14,5,,,,,,5,5000,,,
3137,14,10,,,,,,10,8000,,,
3137,15,10,,,,,,10,3000,,,
3138,14,5,,,,,,5,4000,,,
3138,15,15,,,,,,15,3000,,,
3142,14,240,,,140,46200,,100,33000,,,
3142,15,220,,,160,32000,,60,12000,,,
3142,16,8,,,8,5600,,,,,,
3143,14,230,,,120,39600,,110,36300,,,
3143,15,210,,,130,26000,,80,16000,,,
3143,16,11,,,11,8800,,,,,,
3145,14,180,,,120,39600,,60,19800,,,
3145,15,220,,,160,32000,,60,12000,,,
3146,1,570,,,540,113000,,30,6300,,,
3146,7,2000,1800,252000,170,42500,30,,,5,,
3146,8,60,20,36000,30,45000,,10,15000,2,3,6
3146,9,7,,,7,7000,,,,,,
3146,10,350,140,49000,200,50000,10,,,2,3,6
3146,11,30,,,20,60000,,10,30000,,,
3146,14,180,,,100,33000,,80,26400,,,
3146,15,200,,,130,26000,,70,14000,,,
3146,16,12,,,12,12000,,,,,,
3146,19,1800,1150,87000,600,42000,50,,,2,3,6
3147,1,700,,,660,108000,,40,6600,,,
3147,2,25,,,25,70000,,,,,,
3147,7,2500,2270,360000,200,50000,30,,,4,5,
3147,8,120,37,62900,70,105000,3,10,15000,3,6,
3147,9,6,,,6,6000,,,,,,
3147,10,400,160,48000,220,55000,20,,,2,3,6
3147,11,47,,,40,120000,,7,21000,,,
3147,14,230,,,130,42900,,100,33000,,,
3147,15,200,,,120,24000,,80,16000,,,
3147,16,10,,,10,6000,,,,,,
3147,19,2400,1860,146000,500,35000,40,,,2,3,6
3148,1,440,,,420,86000,,20,4200,,,
3148,7,1800,1570,220000,220,55000,10,,,5,,
3148,8,65,35,63000,20,30000,,10,15000,2,3,6
3148,9,5,,,5,5000,,,,,,
3148,10,340,135,40500,200,50000,5,,,2,3,6
3148,11,35,,,20,60000,,15,45000,,,
3148,14,230,,,140,46200,,90,29700,,,
3148,15,170,,,110,24200,,60,13200,,,
3148,16,8,,,8,5600,,,,,,
3148,19,1700,1180,95000,500,35000,20,,,2,3,6
3149,7,1800,1550,220000,220,55000,30,,,5,,
3149,8,60,22,39600,25,42500,5,8,13600,3,6,
3149,9,10,,,10,10000,,,,,,
3149,10,400,180,54000,200,50000,20,,,3,6,
3149,11,25,,,15,45000,,10,30000,,,
3149,14,260,,,150,49500,,110,36300,,,
3149,15,220,,,140,28000,,80,16000,,,
3149,16,9,,,9,7200,,,,,,
3149,19,1700,1060,84800,600,42000,40,,,3,6,7
3150,14,120,,,80,26400,,40,13200,,,
3150,15,150,,,90,18000,,60,12000,,,
3150,16,8,,,8,4800,,,,,,
3151,1,720,,,700,112000,,20,3200,,,
3151,7,700,350,70000,350,70000,,,,2,5,6
3151,8,105,35,52500,50,75000,5,15,22500,2,3,6
3151,9,30,15,15000,15,15000,,,,2,6,
3151,10,750,400,100000,350,87500,,,,2,3,6
3151,11,38,3,9000,22,66000,3,10,30000,2,,
3151,14,200,,,100,33000,,100,33000,,,
3151,15,200,,,100,18000,,100,18000,,,
3151,19,1700,850,59500,850,59500,,,,2,3,6
3151,20,45,25,8750,10,3500,,10,3500,2,3,6
3152,1,285,,,270,56000,,15,3200,,,
3152,14,140,,,70,23100,,70,23100,,,
3152,15,80,,,40,7200,,40,7200,,,
3153,1,870,,,860,135600,,10,1600,,,
3153,7,700,400,80000,300,60000,,,,2,4,6
3153,8,100,21,31500,60,90000,5,14,21000,2,3,6
3153,9,25,10,10000,15,15000,,,,2,6,
3153,10,700,350,87500,350,87500,,,,2,3,6
3153,11,45,,,34,102000,3,8,24000,,,
3153,14,200,,,100,33000,,100,33000,,,
3153,15,200,,,100,18000,,100,18000,,,
3153,19,1600,800,56000,800,56000,,,,2,3,6
3154,1,280,,,265,55000,,15,3100,,,
3154,14,120,,,60,19800,,60,19800,,,
3154,15,60,,,30,5400,,30,5400,,,
3155,1,435,,,420,67200,,15,2400,,,
3155,7,800,500,100000,300,60000,,,,2,4,6
3155,8,110,38,57000,47,70500,10,15,22500,2,3,6
3155,9,30,15,15000,15,15000,,,,2,6,
3155,10,800,500,125000,300,75000,,,,2,3,6
3155,11,38,3,9000,24,72000,3,8,24000,2,3,
3155,14,200,,,100,33000,,100,33000,,,
3155,15,200,,,100,18000,,100,18000,,,
3155,19,1500,1000,70000,500,36000,,,,2,3,6
3156,1,700,,,695,111000,,5,800,,,
3156,7,700,400,80000,300,60000,,,,2,5,6
3156,8,100,33,49500,52,78000,3,12,18000,2,3,6
3156,9,25,12,12000,13,13000,,,,2,6,
3156,10,700,350,87500,350,87500,,,,2,3,6
3156,11,37,7,21000,20,60000,2,8,24000,2,,
3156,14,180,,,90,29700,,90,29700,,,
3156,15,140,,,70,12600,,70,12600,,,
3156,19,1100,500,35000,600,42000,,,,2,3,6
3157,1,710,,,700,146000,,10,2100,,,
3157,4,3,,,3,19800,,,,,,
3157,7,800,500,100000,300,60000,,,,2,4,6
3157,8,115,45,67500,50,75000,5,15,22500,2,3,6
3157,9,30,15,15000,15,15000,,,,2,6,
3157,10,800,500,125000,300,75000,,,,2,3,6
3157,11,37,,,24,72000,3,10,30000,,,
3157,14,200,,,100,33000,,100,33000,,,
3157,15,200,,,100,18000,,100,18000,,,
3157,19,1600,800,56000,800,56000,,,,2,3,6
3158,1,285,,,270,43200,,15,2400,,,
3158,14,140,,,70,23100,,70,23100,,,
3158,15,100,,,50,9000,,50,9000,,,
3158,19,1100,550,38500,550,38500,,,,2,6,7
3159,1,140,,,130,26400,,10,2100,,,
3159,14,100,,,50,16500,,50,16500,,,
3159,15,60,,,30,5400,,30,5400,,,
3160,14,160,,,80,26400,,80,26400,,,
3160,15,100,,,50,9000,,50,9000,,,
3161,14,200,,,100,33000,,100,33000,,,
3161,15,200,,,100,18000,,100,18000,,,
3162,12,55,20,40000,10,20000,2,23,46000,2,6,7
3162,14,235,25,75000,100,33000,5,105,34650,2,3,6
3162,15,250,,,125,22500,,125,22500,,,
3163,14,225,25,75000,100,33000,,100,33000,2,3,6
3163,15,180,,,90,16200,,90,16200,,,
3164,1,500,,,490,103000,,10,2100,,,
3164,7,600,300,75000,300,75000,,,,2,4,6
3164,8,110,45,68000,50,75000,,15,22500,2,3,6
3164,9,30,15,15000,15,15000,,,,2,,
3164,10,600,300,75000,300,75000,,,,2,3,6
3164,11,30,3,9000,19,57000,,8,24000,2,,
3164,14,200,,,100,33000,,100,33000,,,
3164,15,200,,,100,18000,,100,18000,,,
3164,19,1500,750,52500,750,52500,,,,2,3,6
3165,14,120,,,60,19800,,60,19800,,,
3165,15,100,,,50,9000,,50,9000,,,
3166,14,180,,,90,29700,,90,29700,,,
3166,15,160,,,80,14400,,80,14400,,,
3167,14,180,,,90,29700,,90,29700,,,
3167,15,160,,,80,14400,,80,14400,,,
3168,14,100,,,50,16500,,50,16500,,,
3168,15,60,,,30,5400,,30,5400,,,
3169,1,120,,,105,21000,,15,3000,,,
3169,14,60,,,60,12000,,,,,,
3169,15,10,,,10,2500,,,,,,
3170,14,50,,,50,50000,,,,,,
3170,16,5,,,5,5000,,,,,,
3171,1,600,,,550,110000,,50,10000,,,
3171,7,200,,,200,50000,,,,,,
3171,8,110,70,106000,30,45000,,10,15000,2,,
3171,10,200,100,30000,100,30000,,,,2,,
3171,14,300,,,250,65000,,50,7500,,,
3171,15,25,,,25,6250,,,,,,
3171,16,50,,,50,40000,,,,,,
3171,19,960,,,960,67200,,,,,,
3172,1,200,,,200,40000,,,,,,
3172,14,75,,,63,9450,,12,1800,,,
3172,15,15,,,15,3750,,,,,,
3173,1,450,,,450,90000,,,,,,
3173,14,80,,,70,10500,,10,1500,,,
3173,15,25,,,25,6250,,,,,,
3173,16,20,,,20,16000,,,,,,
3175,1,690,,,630,126000,,60,12000,,,
3175,14,120,,,100,23000,,20,8000,,,
3175,15,25,,,25,6250,,,,,,
3175,16,50,,,50,50000,,,,,,
3176,14,190,,,130,53000,,60,19000,,,
3176,15,25,,,25,6250,,,,,,
3176,16,25,,,25,25000,,,,,,
3177,1,350,,,330,66000,,20,4000,,,
3177,14,130,,,100,45000,,30,9500,,,
3177,15,15,,,15,3750,,,,,,
3177,16,25,,,25,25000,,,,,,
3177,19,2400,2000,140000,400,28000,,,,2,,
3178,14,120,,,80,20000,,40,9200,,,
3178,15,100,,,60,15000,,40,8000,,,
3179,14,150,,,100,25000,,50,11500,,,
3179,15,150,,,120,27600,,30,6000,,,
3179,16,20,,,20,30000,,,,,,
3180,14,100,,,60,12000,,40,9200,,,
3180,15,70,,,50,10000,,20,4600,,,
3181,14,70,,,50,15000,,20,4000,,,
3181,15,50,,,30,7500,,20,4600,,,
3182,14,130,,,70,17500,,60,12000,,,
3182,15,150,,,100,21000,,50,10000,,,
3183,14,100,,,60,13800,,40,10000,,,
3183,15,60,,,40,10000,,20,4000,,,
3184,14,70,,,40,10000,,30,6000,,,
3184,15,60,,,40,8800,,20,4600,,,
3185,14,70,,,50,11500,,20,5000,,,
3185,15,60,,,40,8000,,20,4000,,,
3185,19,900,,,900,54000,,,,,,
3186,14,120,,,70,14000,,50,11000,,,
3186,15,100,,,60,12000,,40,8400,,,
3190,14,230,,,,,,230,43600,,,
3190,15,70,,,70,14530,,,,,,
3191,14,260,,,,,,260,95510,,,
3191,15,78,,,78,20940,,,,,,
3192,14,21,,,,,,21,42000,,,
3193,14,171,,,,,,171,54550,,,
3193,15,40,,,40,7400,,,,,,
3195,1,300,,,300,66000,,,,,,
3195,14,82,,,,,,82,44800,,,
3197,1,440,,,440,103800,,,,,,
3197,14,30,,,10,4500,,20,8000,,,
3197,15,20,,,20,8000,,,,,,
3197,16,10,,,10,7000,,,,,,
3198,1,732,,,732,173000,,,,,,
3198,14,60,,,30,12600,,30,12000,,,
3198,15,60,,,40,16000,,20,8000,,,
3198,16,5,,,5,4000,,,,,,
3199,1,512,,,512,120000,,,,,,
3199,14,35,,,20,8000,,15,6000,,,
3199,15,30,,,20,7000,,10,3500,,,
3199,16,10,,,10,7000,,,,,,
3202,1,440,,,440,103800,,,,,,
3202,14,55,,,25,10000,,30,12000,,,
3202,15,30,,,10,4000,,20,8000,,,
3205,1,540,,,540,113400,,,,,,
3205,14,120,,,40,16000,,80,32000,,,
3205,15,60,,,30,4500,,30,4500,,,
3206,14,35,,,20,8000,,15,6000,,,
3206,15,15,,,15,2250,,,,,,
3207,1,483,,,483,96600,,,,,,
3207,14,100,,,30,12000,,70,28000,,,
3207,15,80,,,40,6000,,40,6000,,,
3208,1,372,,,372,74400,,,,,,
3208,14,50,,,15,6000,,35,14000,,,
3208,15,60,,,30,4500,,30,4500,,,
3209,1,298,,,278,61160,,20,4400,,,
3209,7,800,600,150000,180,45000,20,,,2,,
3209,8,50,30,45000,15,22500,,5,7500,2,,
3209,10,800,600,150000,200,50000,,,,2,,
3209,11,20,,,16,32000,,4,8000,,,
3209,14,68,,,30,12000,,38,15200,,,
3209,15,50,,,25,3750,,25,3750,,,
3210,14,80,,,30,12000,,50,20000,,,
3210,15,55,,,25,3750,,30,4500,,,
3210,19,1080,,,1080,86400,,,,,,
3212,1,360,,,360,75600,,,,,,
3212,14,80,,,30,12000,,50,20000,,,
3212,15,75,,,35,5250,,40,6000,,,
3213,14,100,,,40,16000,,60,24000,,,
3213,15,55,,,30,4500,,25,3750,,,
3213,19,800,,,780,62400,20,,,,,
3214,1,460,,,460,92000,,,,,,
3214,14,36,,,,,,36,14400,,,
3214,15,58,,,,,,58,8700,,,
3215,1,660,,,660,132000,,,,,,
3215,7,600,400,120000,200,40000,,,,2,,
3215,8,100,57,91200,36,57600,,7,11200,2,,
3215,10,700,400,120000,300,90000,,,,2,,
3215,11,52,21,46200,26,57200,,5,11000,2,,
3215,12,,,,,,,,,,,
3215,14,42,,,,,,42,16800,,,
3215,15,48,,,,,,48,7200,,,
3216,1,750,,,750,150000,,,,,,
3216,14,40,,,,,,40,16000,,,
3216,15,38,,,,,,38,57000,,,
3217,1,375,,,375,75000,,,,,,
3217,14,30,,,,,,30,12000,,,
3217,15,32,,,,,,32,4800,,,
3218,1,560,,,560,112000,,,,,,
3218,14,36,,,,,,36,14400,,,
3218,15,42,,,,,,42,6300,,,
3219,1,685,,,685,137000,,,,,,
3219,7,300,200,60000,100,30000,,,,2,,
3219,8,85,45,67500,33,49500,,7,10500,2,,
3219,10,450,150,45000,300,90000,,,,2,,
3219,11,41,8,17600,28,61600,,5,11000,2,,
3219,14,45,,,,,,45,18000,,,
3219,15,36,,,,,,36,5400,,,
3220,1,370,,,370,74000,,,,,,
3220,14,28,,,,,,28,11200,,,
3220,15,30,,,,,,30,4500,,,
3221,1,600,,,600,120000,,,,,,
3221,14,39,,,,,,39,15600,,,
3221,15,40,,,,,,40,2000,,,
3222,1,100,,,100,20000,,,,,,
3222,14,28,,,,,,28,11200,,,
3222,15,20,,,,,,20,3000,,,
3224,14,130,,,80,24000,,50,13000,,,
3224,15,110,,,60,12000,,50,10000,,,
3224,16,15,,,15,15000,,,,,,
3225,14,90,,,50,15000,,40,12000,,,
3229,14,170,,,100,30000,,70,21000,,,
3229,15,130,,,90,18000,,40,8000,,,
3229,16,20,,,20,20000,,,,,,
3230,14,140,,,60,24000,,80,32000,,,
3230,15,90,,,50,7500,,40,6000,,,
3230,16,10,,,10,10000,,,,,,
3231,14,100,,,60,18000,,40,12000,,,
3231,15,80,,,50,10000,,30,6000,,,
3231,16,10,,,10,10000,,,,,,
3235,14,10,,,10,3500,,,,,,
3235,15,10,,,10,3500,,,,,,
3239,15,20,,,20,7000,,,,,,
3241,1,108,,,108,22680,,,,,,
3241,14,30,,,20,10000,,10,5000,,,
3241,15,30,,,30,6000,,,,,,
3241,16,10,,,10,15000,,,,,,
3242,1,324,,,324,68040,,,,,,
3242,7,10000,9940,1988000,60,12000,,,,5,,
3242,8,120,80,120000,20,30000,,20,30000,2,6,
3242,9,10,,,10,12000,,,,,,
3242,10,50,,,50,12500,,,,,,
3242,11,70,50,150000,10,30000,,10,30000,2,6,
3242,14,200,,,170,85000,,30,15000,,,
3242,15,180,,,150,30000,,30,6000,,,
3242,16,30,,,30,45000,,,,,,
3242,19,3000,2500,125000,500,25000,,,,2,6,
3243,1,432,,,432,90720,,,,,,
3243,7,2500,2400,480000,100,20000,,,,5,,
3243,8,80,40,60000,30,45000,,10,15000,2,6,
3243,9,12,,,12,14400,,,,,,
3243,10,80,,,80,20000,,,,,,
3243,11,40,,,20,60000,,20,60000,,,
3243,14,200,,,160,80000,,40,20000,,,
3243,15,170,,,120,24000,,50,10000,,,
3243,16,20,,,20,30000,,,,,,
3243,19,1500,1000,50000,500,25000,,,,2,6,
3244,1,108,,,108,22680,,,,,,
3244,7,30,,,30,6000,,,,,,
3244,8,40,20,30000,10,15000,,10,15000,2,6,
3244,9,2,,,2,2400,,,,,,
3244,10,50,,,50,12500,,,,,,
3244,11,60,40,120000,10,30000,,10,30000,2,,
3244,14,80,,,60,30000,,20,10000,,,
3244,15,100,,,70,14000,,30,6000,,,
3244,16,10,,,10,15000,,,,,,
3244,19,900,500,25000,400,20000,,,,2,,
3245,1,432,,,432,90720,,,,,,
3245,7,50,,,50,10000,,,,,,
3245,8,80,20,30000,30,45000,,30,45000,2,6,
3245,10,50,,,50,12500,,,,,,
3245,11,30,,,20,60000,,10,30000,,,
3245,14,170,,,150,75000,,20,10000,,,
3245,15,150,,,120,24000,,30,6000,,,
3245,16,20,,,20,30000,,,,,,
3245,19,3000,2000,100000,1000,50000,,,,2,6,
3246,1,648,,,648,136080,,,,,,
3246,7,2500,2400,480000,100,20000,,,,5,,
3246,8,100,40,60000,30,45000,,30,45000,2,6,
3246,9,10,,,10,12000,,,,,,
3246,10,60,,,60,15000,,,,,,
3246,11,50,10,30000,30,90000,,10,30000,2,6,
3246,14,180,,,160,80000,,20,10000,,,
3246,15,200,,,170,34000,,30,6000,,,
3246,16,20,,,20,30000,,,,,,
3246,19,1500,500,25000,1000,50000,,,,2,,
3247,1,540,,,540,113400,,,,,,
3247,7,12100,12000,2400000,100,20000,,,,5,,
3247,8,100,50,75000,30,45000,,20,30000,2,6,
3247,9,10,,,10,12000,,,,,,
3247,10,100,,,100,25000,,,,,,
3247,11,80,30,90000,30,90000,,20,60000,2,6,
3247,14,250,,,180,90000,,70,35000,,,
3247,15,150,,,100,20000,,50,10000,,,
3247,16,30,,,30,45000,,,,,,
3247,19,3600,2600,130000,1000,50000,,,,2,6,
3248,1,540,,,540,113400,,,,,,
3248,7,7500,7400,1480000,100,20000,,,,5,,
3248,8,100,50,75000,30,45000,,20,30000,2,6,
3248,9,10,,,10,12000,,,,,,
3248,10,100,,,100,25000,,,,,,
3248,11,30,,,20,60000,,10,30000,,,
3248,14,200,,,150,75000,,50,25000,,,
3248,15,180,,,120,24000,,60,12000,,,
3248,16,30,,,30,45000,,,,,,
3248,19,3000,2000,100000,1000,50000,,,,2,6,
3249,1,324,,,324,68040,,,,,,
3249,7,2400,2400,480000,,,,,,5,,
3249,8,70,20,30000,30,60000,,20,30000,2,6,
3249,9,10,,,10,12000,,,,,,
3249,10,70,,,70,17500,,,,,,
3249,11,30,,,20,60000,,10,30000,,,
3249,14,170,,,100,50000,,70,35000,,,
3249,15,130,,,80,16000,,50,10000,,,
3249,16,20,,,20,30000,,,,,,
3249,19,1800,1000,50000,800,40000,,,,2,6,
3250,1,100,,,100,21000,,,,,,
3250,14,30,,,20,12000,,10,6000,,,
3250,15,20,,,15,3000,,5,1000,,,
3250,16,3,,,3,5000,,,,,,
3251,1,200,,,200,42000,,,,,,
3251,14,40,,,30,18000,,10,6000,,,
3251,15,30,,,20,4000,,10,2000,,,
3251,16,3,,,3,5000,,,,,,
3252,1,320,,,320,68000,,,,,,
3252,14,60,,,40,24000,,20,12000,,,
3252,15,40,,,30,6000,,10,2000,,,
3252,16,7,,,7,10000,,,,,,
3253,1,420,,,420,88000,,,,,,
3253,7,1600,800,160000,800,160000,,,,2,,
3253,8,80,40,60000,30,45000,,10,15000,2,6,
3253,9,10,,,10,12000,,,,,,
3253,10,1000,600,150000,400,100000,,,,2,,
3253,11,30,,,25,62500,,5,12500,,,
3253,14,80,,,60,36000,,20,12000,,,
3253,15,40,,,30,6000,,10,2000,,,
3253,16,8,,,8,10000,,,,,,
3253,19,3000,2000,100000,1000,50000,,,,2,6,
3254,1,320,,,320,68000,,,,,,
3254,14,40,,,30,18000,,10,6000,,,
3254,15,30,,,20,4000,,10,2000,,,
3254,16,5,,,5,8000,,,,,,
3255,1,210,,,210,44000,,,,,,
3255,14,40,,,30,18000,,10,6000,,,
3255,15,20,,,10,2000,,10,2000,,,
3256,1,210,,,210,44000,,,,,,
3256,7,1500,1000,200000,500,100000,,,,2,,
3256,8,80,60,90000,15,22500,,5,7500,2,6,
3256,9,10,,,10,12000,,,,,,
3256,10,800,500,125000,300,75000,,,,2,6,
3256,11,30,,,25,62500,,5,12500,,,
3256,14,60,,,40,24000,,20,12000,,,
3256,15,30,,,20,4000,,10,2000,,,
3256,16,3,,,3,6000,,,,,,
3256,17,100,90,360000,5,20000,,5,20000,2,6,
3256,19,4000,3500,175000,500,25000,,,,2,6,
3257,1,540,,,540,113000,,,,,,
3257,14,80,,,60,36000,,20,12000,,,
3257,15,40,,,30,6000,,10,2000,,,
3257,16,10,,,10,15000,,,,,,
3258,1,540,,,540,113000,,,,,,
3258,14,80,,,70,42000,,10,6000,,,
3258,15,40,,,30,6000,,10,2000,,,
3258,16,10,,,10,15000,,,,,,
3259,14,30,,,,,,30,13500,,,
3259,16,18,,,,,,18,18000,,,
3260,1,648,,,648,129600,,,,,,
3260,7,2420,1620,194400,800,96000,,,,5,,
3260,8,200,140,182000,50,65000,,10,13000,6,2,
3260,10,180,80,20000,100,25000,,,,2,,
3260,14,20,,,,,,20,9000,,,
3260,15,6,,,,,,6,2100,,,
3260,16,15,,,15,15000,,,,,,
3260,19,1500,900,45000,600,30000,,,,2,6,
3261,1,500,,,500,100000,,,,,,
3261,14,22,,,,,,22,9900,,,
3261,15,8,,,,,,8,2600,,,
3261,16,20,,,20,20000,,,,,,
3262,14,30,,,,,,30,13500,,,
3262,15,6,,,,,,6,1700,,,
3262,16,10,,,10,15000,,,,,,
3263,1,648,,,648,129600,,,,,,
3263,7,1790,1390,166800,400,80000,,,,5,,
3263,8,150,90,117000,50,65000,,10,13000,2,6,
3263,10,160,90,22500,70,17500,,,,2,6,
3263,14,25,,,,,,25,11250,,,
3263,15,3,,,,,,3,1000,,,
3263,16,20,,,20,20000,,,,,,
3263,19,1500,,,1500,75000,,,,,,
3264,14,30,,,,,,30,13500,,,
3266,14,30,,,,,,30,14500,,,
3267,14,10,,,,,,10,4500,,,
3267,15,5,,,,,,5,2500,,,
3268,1,250,,,250,50000,,,,,,
3268,7,280,80,16000,200,40000,,,,2,,
3268,8,65,25,37500,30,45000,,10,15000,6,,
3268,9,5,,,5,5000,,,,,,
3268,10,80,,,80,20000,,,,,,
3268,11,24,,,20,50000,,4,10000,,,
3268,12,25,5,10000,12,24000,,8,16000,6,,
3268,14,124,,,86,20800,,38,8700,,,
3268,15,122,,,80,17000,,42,9300,,,
3268,19,500,100,6000,400,24000,,,,6,,
3269,14,144,,,70,16500,30,44,10700,,,
3269,15,97,,,47,10000,20,30,6600,,,
3270,1,150,,,150,30000,,,,,,
3270,12,18,,,8,16000,2,8,16000,,,
3270,14,77,,,51,14500,,26,6800,,,
3270,15,78,,,50,10000,,28,6200,,,
3270,19,450,120,7200,250,15000,80,,,6,,
3271,14,68,,,48,13500,,20,5300,,,
3271,15,63,,,45,9000,,18,3900,,,
3271,19,400,140,8400,200,12000,60,,,6,,
3272,1,120,,,120,24000,,,,,,
3272,14,210,,,78,17500,58,74,15800,,,
3272,15,145,,,60,12500,40,45,10000,,,
3273,1,200,,,200,40000,,,,,,
3273,7,320,100,20000,200,40000,20,,,2,,
3273,8,60,18,27000,26,39000,4,12,18000,6,,
3273,9,7,,,6,6000,1,,,,,
3273,10,80,,,60,15000,20,,,,,
3273,11,20,,,15,37500,2,3,7500,,,
3273,12,20,,,10,20000,3,7,14000,,,
3273,14,119,,,79,20900,,40,10000,,,
3273,15,97,,,72,14500,,25,5500,,,
3274,1,320,,,320,64000,,,,,,
3274,12,15,,,10,20000,,5,10000,,,
3274,14,257,,,168,37500,,89,19200,,,
3274,15,150,,,100,20000,,50,11000,,,
3274,19,300,,,300,18000,,,,,,
3275,1,900,,,900,180000,,,,,,
3275,7,350,,,350,70000,,,,,,
3275,8,70,10,15000,40,60000,5,15,22500,6,,
3275,9,6,,,6,6000,,,,,,
3275,10,75,,,75,18750,,,,,,
3275,11,25,,,22,55000,,3,7500,,,
3275,12,27,,,15,30000,2,10,20000,,,
3275,14,295,,,200,44000,,95,20000,,,
3275,15,220,,,150,31500,,70,15400,,,
3275,19,550,50,3000,450,27000,50,,,6,,
3276,1,100,,,100,20000,,,,,,
3276,12,24,4,8000,8,16000,3,9,18000,6,,
3276,14,110,,,73,19300,,37,9200,,,
3276,15,102,,,70,15000,,32,7000,,,
3276,19,750,300,18000,350,21000,100,,,6,,
3277,1,270,,,265,52300,5,,,,,
3277,16,20,,,18,12600,2,,,,,
3278,1,360,,,350,70000,10,,,,,
3278,13,20,,,12,12000,8,,,,,
3278,14,200,,,150,57000,10,40,15200,,,
3278,15,160,,,90,18000,5,65,13000,,,
3278,16,70,,,65,39000,5,,,,,
3278,20,40,,,35,7000,5,,,,,
3279,14,100,,,70,26600,10,20,7600,,,
3279,15,60,,,40,8000,5,15,3000,,,
3279,16,20,,,17,13600,3,,,,,
3279,20,30,,,25,5000,5,,,,,
3280,14,160,,,90,34200,10,60,22800,,,
3280,15,70,,,50,10000,,20,4000,,,
3280,16,20,,,20,14000,,,,,,
3280,20,30,,,30,6000,,,,,,
3281,14,280,,,180,68400,30,70,26600,,,
3281,15,140,,,100,20000,10,30,6000,,,
3281,16,50,,,45,36000,5,,,,,
3281,20,30,,,30,6000,,,,,,
3282,1,360,,,340,72800,20,,,,,
3282,14,160,,,90,34200,30,40,15200,,,
3282,15,90,,,60,12000,10,20,4000,,,
3282,16,30,,,25,17500,5,,,,,
3282,20,40,,,35,7000,5,,,,,
3283,1,620,,,610,120000,10,,,,,
3283,14,260,,,160,60800,20,80,30400,,,
3283,15,180,,,110,22000,10,60,12000,,,
3283,16,70,,,60,42000,10,,,,,
3283,20,40,,,38,7600,2,,,,,
3284,1,540,,,530,116600,10,,,,,
3284,14,260,,,160,60800,20,80,30400,,,
3284,15,120,,,90,18000,5,25,5000,,,
3284,16,40,,,38,22800,2,,,,,
3284,19,900,,,850,60000,50,,,,,
3284,20,40,,,35,7000,5,,,,,
3285,1,540,,,520,110000,20,,,,,
3285,14,300,,,220,83600,10,70,26000,,,
3285,15,140,,,80,16000,20,40,8000,,,
3285,16,40,,,35,28000,5,,,,,
3285,19,600,,,600,48000,,,,,,
3285,20,40,,,35,7000,5,,,,,
3286,14,120,,,60,16000,,60,16000,,,
3286,15,70,,,40,8000,,30,6000,,,
3286,20,50,,,40,8000,,10,2000,,,
3287,15,50,,,50,12000,,,,,,
3287,20,30,,,30,6000,,,,,,
3288,1,150,,,150,30000,,,,,,
3288,14,50,,,45,12000,,5,1300,,,
3288,15,20,,,20,4000,,,,,,
3288,16,15,,,15,12000,,,,,,
3288,20,15,,,15,3000,,,,,,
3289,13,15,,,,,,15,12000,,,
3290,14,100,,,80,20000,20,,,,,
3290,20,20,,,20,4000,,,,,,
3292,1,280,,,280,56000,,,,,,
3292,14,60,,,40,9000,,20,5000,,,
3292,15,40,,,20,4000,,20,4000,,,
3292,20,25,,,25,5500,,,,,,
3293,14,10,,,7,5000,,3,2000,,,
3294,16,25,,,25,45000,,,,,,
3299,1,600,,,600,120000,,,,,,
3299,14,20,,,10,5000,,10,5000,,,
3299,15,50,,,10,2000,,40,8000,,,
3299,16,10,,,10,9000,,,,,,
3304,1,700,,,700,134400,,,,,,
3304,14,15,,,,,,15,5700,,,
3304,15,10,,,,,,10,2400,,,
3305,1,650,,,650,121000,,,,,,
3305,7,550,,,550,110000,,,,,,
3305,8,40,,,38,57000,,2,3000,,,
3305,10,250,,,250,40000,,,,,,
3305,14,5,,,,,,5,2000,,,
3305,15,15,,,,,,15,3300,,,
3306,14,20,,,,,,20,8000,,,
3306,15,15,,,,,,15,3750,,,
3307,1,450,,,450,86400,,,,,,
3307,7,350,,,350,70000,,,,,,
3307,8,50,,,47,61000,,3,3900,,,
3307,9,2,,,2,2000,,,,,,
3307,10,200,,,200,40000,,,,,,
3307,11,4,,,4,8800,,,,,,
3307,14,60,,,,,,60,24000,,,
3307,15,20,,,,,,20,4400,,,
3308,1,650,,,650,120000,,,,,,
3308,7,1150,800,160000,350,70000,,,,2,3,
3308,8,100,30,45000,67,100500,,3,3000,2,3,
3308,9,4,,,4,4000,,,,,,
3308,10,250,,,250,50000,,,,,,
3308,11,10,,,10,30000,,,,,,
3308,14,150,,,,,,150,57000,,,
3308,15,50,,,,,,50,10000,,,
3308,19,300,100,9000,200,18000,,,,2,,
3308,180,10,,,,,10,,,,,
3309,1,600,,,600,117000,,,,,,
3309,7,1300,1000,150000,300,60000,,,,2,5,
3309,8,100,30,39000,68,88400,,2,2600,2,6,
3309,9,3,,,3,3000,,,,,,
3309,10,250,,,250,50000,,,,,,
3309,11,10,,,10,30000,,,,,,
3309,14,70,,,,,,70,26600,,,
3309,15,30,,,,,,30,6000,,,
3310,14,15,,,,,,15,5700,,,
3310,15,10,,,,,,10,2200,,,
3311,14,60,,,,,,60,22800,,,
3311,15,20,,,,,,20,4000,,,
3312,1,600,,,600,114000,,,,,,
3312,14,50,,,,,,50,19000,,,
3312,15,25,,,,,,25,5000,,,
3313,14,40,,,15,6000,,25,10000,,,
3313,15,50,,,20,4000,,30,6000,,,
3313,16,20,,,20,32000,,,,,,
3315,1,300,,,300,63000,,,,,,
3315,14,60,,,10,4000,,50,20000,,,
3315,15,60,,,20,4000,,40,8000,,,
3315,16,30,,,30,48000,,,,,,
3316,14,30,,,5,2000,,25,10000,,,
3316,15,50,,,,,,50,10000,,,
3316,16,15,,,15,24000,,,,,,
3317,14,20,,,5,2000,,15,6000,,,
3317,15,30,,,10,2000,,20,8000,,,
3317,16,5,,,5,8000,,,,,,
3318,1,300,,,300,63000,,,,,,
3318,14,40,,,10,4000,,30,12000,,,
3318,15,45,,,,,,45,9000,,,
3318,16,20,,,20,32000,,,,,,
3319,14,25,,,10,4000,,15,6000,,,
3319,16,10,,,10,16000,,,,,,
3320,1,300,,,300,63000,,,,,,
3320,14,20,,,,,,20,8000,,,
3320,15,30,,,,,,30,6000,,,
3320,16,10,,,10,16000,,,,,,
3322,14,90,,,90,18000,,,,,,
3322,15,45,,,45,18000,,,,,,
3323,14,100,,,100,20000,,,,,,
3323,15,30,,,30,12000,,,,,,
3324,1,300,,,300,65000,,,,,,
3324,14,30,,,30,6000,,,,,,
3324,15,10,,,10,4200,,,,,,
3325,14,170,,,170,35000,,,,,,
3325,15,50,,,50,21000,,,,,,
3326,14,30,,,30,6500,,,,,,
3326,15,10,,,10,4000,,,,,,
3327,14,70,,,70,15000,,,,,,
3327,15,10,,,10,4000,,,,,,
3328,14,20,,,20,4500,,,,,,
3328,15,20,,,20,8500,,,,,,
3329,14,90,,,90,20000,,,,,,
3330,14,30,,,30,6500,,,,,,
3330,15,20,,,20,8500,,,,,,
3331,14,70,,,50,10000,,20,4000,,,
3331,15,20,,,20,3700,,,,,,
3332,1,750,,,750,177000,,,,,,
3332,7,50,,,50,15000,,,,,,
3332,8,180,,,180,270000,,,,,,
3332,10,250,,,250,75000,,,,,,
3332,11,30,,,30,60000,,,,,,
3332,14,350,,,250,50000,,100,20000,,,
3332,15,160,,,160,28000,,,,,,
3332,19,800,,,800,40000,,,,,,
3333,1,550,,,550,110000,,,,,,
3333,7,100,,,100,30000,,,,,,
3333,8,700,500,750000,180,270000,,20,30000,2,,
3333,10,200,,,200,60000,,,,,,
3333,14,400,,,250,55000,,150,33000,,,
3333,15,200,,,140,28000,,60,12000,,,
3334,7,50,,,50,15000,,,,,,
3334,8,700,570,655000,80,120000,,50,75000,2,,
3334,10,200,,,200,50000,,,,,,
3334,11,40,,,40,80000,,,,,,
3334,14,400,,,300,60000,,100,20000,,,
3334,15,150,,,130,26000,,20,4000,,,
3334,19,800,,,800,40000,,,,,,
3335,1,600,,,600,137000,,,,,,
3335,7,130,100,13800,30,3900,,,,2,,
3335,8,500,270,400000,130,195000,,100,150000,2,,
3335,10,250,,,250,75000,,,,,,
3335,11,50,,,50,100000,,,,,,
3335,14,300,,,150,30000,,150,30000,,,
3335,15,200,,,140,27000,,60,12000,,,
3336,1,300,,,300,66000,,,,,,
3336,8,500,460,690000,40,60000,,,,2,3,
3336,10,400,200,70000,200,70000,,,,2,,
3336,14,245,,,180,36000,,65,13000,,,
3336,15,60,,,20,4000,,40,8000,,,
3336,19,1200,600,42000,600,30000,,,,2,,
3337,7,60,,,60,18000,,,,,,
3337,8,400,300,450000,100,150000,,,,2,,
3337,10,150,,,150,40000,,,,,,
3337,14,300,,,200,40000,,100,20000,,,
3337,15,190,,,140,28000,,50,10000,,,
3337,19,500,,,500,25000,,,,,,
3338,1,1100,,,1100,220000,,,,,,
3338,7,3300,3000,270000,300,27000,,,,3,2,
3338,8,2000,1600,2400000,300,450000,100,,,2,,
3338,10,300,,,300,60000,,,,,,
3338,14,390,,,150,30000,,240,48000,,,
3338,15,250,,,220,44000,,30,6000,,,
3338,19,2500,,,2000,100000,500,,,,,
3339,8,140,100,150000,40,60000,,,,3,,
3339,10,600,550,137500,50,12500,,,,2,,
3339,14,120,,,80,16000,,40,8000,,,
3339,15,60,,,40,8000,,20,6000,,,
3340,14,50,,,,,,50,16000,,,
3340,15,20,,,,,,20,4000,,,
3341,14,45,,,,,,45,10500,,,
3341,15,20,,,,,,20,4000,,,
3342,14,60,,,,,,60,14500,,,
3342,15,30,,,,,3,27,5400,,,
3343,1,600,,,600,138000,,,,,,
3343,14,45,,,,,,45,12600,,,
3343,15,25,,,,,,25,5000,,,
3344,14,40,,,,,,40,12000,,,
3344,15,35,,,,,,35,7000,,,
3345,1,600,,,600,138000,,,,,,
3345,14,65,,,,,4,61,14520,,,
3345,15,40,,,,,,40,8000,,,
3346,14,35,,,,,,35,15000,,,
3346,15,15,,,,,,15,4500,,,
3347,14,50,,,,,,50,15600,,,
3347,15,30,,,,,,30,6000,,,
3348,14,30,,,,,,30,18000,,,
3348,15,25,,,,,,25,5000,,,
3349,14,100,,,60,18000,,40,12000,,,
3349,15,48,,,28,5600,,20,4000,,,
3349,16,30,,,30,35000,,,,,,
3351,14,90,,,55,17000,,35,11000,,,
3351,15,48,,,28,6000,,20,4000,,,
3351,16,25,,,25,30000,,,,,,
3353,14,36,,,26,7000,,10,3000,,,
3353,15,26,,,14,3000,,12,2500,,,
3354,14,68,,,48,15000,,20,6000,,,
3354,15,46,,,30,6000,,16,3200,,,
3354,16,10,,,10,13000,,,,,,
3355,14,75,,,45,12000,,30,9000,,,
3355,15,46,,,26,5200,,20,4000,,,
3355,16,20,,,20,25000,,,,,,
3356,14,60,,,40,12000,,20,6000,,,
3356,15,30,,,15,3000,,15,3000,,,
3356,16,10,,,10,13000,,,,,,
3357,14,81,,,50,17000,,31,8000,,,
3357,15,38,,,25,5000,,13,3000,,,
3357,16,20,,,20,25000,,,,,,
3358,1,200,,,200,30000,,,,,,
3358,7,8220,8200,960000,20,2600,,,,5,7,
3358,8,150,130,260000,10,20000,,10,20000,4,7,
3358,10,20,,,20,4000,,,,,,
3358,11,120,100,250000,10,25000,,10,25000,2,7,
3358,14,60,,,30,7500,,30,7500,,,
3358,15,50,,,30,6000,,20,4000,,,
3358,19,1000,700,42000,300,18000,,,,6,7,
3359,1,400,,,400,60000,,,,,,
3359,7,3250,3200,420000,50,6500,,,,5,,
3359,8,40,,,20,40000,,20,40000,,,
3359,10,40,,,40,8000,,,,,,
3359,11,40,,,20,50000,,20,50000,,,
3359,14,90,,,50,12500,,40,10000,,,
3359,15,70,,,50,10000,,20,4000,,,
3359,19,1500,1200,72000,300,18000,,,,6,4,
3360,1,600,,,600,90000,,,,,,
3360,14,80,,,40,10000,,40,10000,,,
3360,15,90,,,60,12000,,30,6000,,,
3361,14,50,,,30,7500,,20,5000,,,
3361,15,60,,,40,8000,,20,4000,,,
3362,1,600,,,600,90000,,,,,,
3362,14,100,,,60,15000,,40,10000,,,
3362,15,90,,,60,12000,,30,6000,,,
3363,1,400,,,400,60000,,,,,,
3363,14,90,,,50,12500,,40,10000,,,
3363,15,70,,,50,10000,,20,4000,,,
3363,19,800,500,30000,300,18000,,,,7,6,
3364,1,600,,,600,90000,,,,,,
3364,7,2850,2800,360000,50,6500,,,,5,,
3364,8,40,,,20,40000,,20,40000,,,
3364,10,50,,,50,7500,,,,,,
3364,11,40,,,20,50000,,20,50000,,,
3364,14,100,,,60,15000,,40,10000,,,
3364,15,80,,,40,8000,,40,8000,,,
3364,19,1000,500,30000,500,30000,,,,7,6,
3365,14,80,,,50,12000,,30,7500,,,
3365,15,70,,,40,8000,,30,6000,,,
3365,19,700,500,30000,200,12000,,,,6,7,
3366,14,50,,,30,7000,,20,4800,,,
3366,15,60,,,30,6000,,30,6000,,,
3367,1,285,,,285,57000,,,,,,
3368,1,290,,,290,58000,,,,,,
3368,14,50,,,50,22000,,,,,,
3368,15,40,,,40,8000,,,,,,
3368,16,4,,,4,4800,,,,,,
3369,14,30,,,30,10000,,,,,,
3369,15,30,,,30,6000,,,,,,
3370,1,470,,,470,94000,,,,,,
3370,7,60,,,60,9000,,,,,,
3370,8,150,90,108000,60,72000,,,,2,,
3370,9,3,,,3,3600,,,,,,
3370,10,120,,,120,30000,,,,,,
3370,11,45,15,34500,30,69000,,,,2,,
3370,14,40,,,40,15000,,,,,,
3370,15,40,,,40,8000,,,,,,
3370,19,700,200,12000,500,30000,,,,2,,
3371,1,330,,,330,66000,,,,,,
3371,7,1150,1100,165000,50,7500,,,,2,,
3371,8,80,30,36000,50,60000,,,,2,,
3371,9,2,,,2,2500,,,,,,
3371,10,80,,,80,20000,,,,,,
3371,11,25,,,25,62000,,,,,,
3371,19,1000,500,30000,500,30000,,,,2,,
3372,1,520,,,520,104000,,,,,,
3372,7,100,,,100,15000,,,,,,
3372,8,150,80,96000,70,84000,,,,2,,
3372,9,5,,,5,6000,,,,,,
3372,10,200,,,200,50000,,,,,,
3372,11,45,10,23000,35,80500,,,,2,,
3372,14,50,,,50,23000,,,,,,
3372,15,60,,,60,12000,,,,,,
3372,16,5,,,5,6000,,,,,,
3372,19,700,,,700,42000,,,,,,
3373,1,360,,,360,72000,,,,,,
3373,7,50,,,50,7500,,,,,,
3373,8,60,20,24000,40,48000,,,,2,,
3373,9,1,,,1,1200,,,,,,
3373,10,150,,,150,37500,,,,,,
3373,11,20,,,20,50000,,,,,,
3373,14,40,,,40,14000,,,,,,
3373,15,30,,,30,6000,,,,,,
3373,16,2,,,2,2400,,,,,,
3374,1,820,,,820,164000,,,,,,
3374,7,120,,,120,18000,,,,,,
3374,8,250,170,204000,80,96000,,,,2,,
3374,9,3,,,3,3600,,,,,,
3374,10,250,,,250,62500,,,,,,
3374,11,75,35,77000,40,88000,,,,2,,
3374,14,50,,,50,16000,,,,,,
3374,15,40,,,40,8000,,,,,,
3375,7,8000,7900,948000,100,12000,,,,2,,
3375,8,150,80,96000,70,84000,,,,2,,
3375,9,4,,,4,4800,,,,,,
3375,10,250,,,250,62500,,,,,,
3375,11,45,10,22000,35,77000,,,,2,,
3375,14,30,,,30,7000,,,,,,
3375,15,50,,,50,10000,,,,,,
3376,14,33,,,20,6000,,13,4000,,,
3376,15,22,,,16,3000,,6,1000,,,
3377,7,200,,,200,60000,,,,,,
3377,8,90,40,60000,40,60000,,10,15000,2,,
3377,10,315,,,315,94500,,,,,,
3377,11,23,,,20,60000,,3,9000,,,
3377,14,70,,,45,13500,,25,7500,,,
3377,15,40,,,35,7000,,5,1000,,,
3377,19,1200,700,49000,500,35000,,,,2,,
3379,14,49,,,33,10000,,16,5000,,,
3379,15,30,,,25,4800,,5,1000,,,
3380,14,50,,,50,15000,,,,,,
3380,15,20,,,20,4000,,,,,,
3381,14,48,,,40,12000,,8,2500,,,
3381,15,30,,,20,4000,,10,2000,,,
3383,14,51,,,32,9600,,19,5900,,,
3383,15,30,,,24,4800,,6,1200,,,
3384,7,400,,,300,90000,100,,,,,
3384,8,160,100,150000,55,82500,,5,7500,2,,
3384,10,540,,,540,162000,,,,,,
3384,11,50,10,30000,30,90000,,10,30000,2,,
3384,14,80,,,50,15000,,30,9000,,,
3384,15,60,,,45,9000,,15,3000,,,
3384,19,2000,1000,70000,700,35000,300,,,2,,
3385,14,39,,,39,12500,,,,,,
3385,15,20,,,20,4000,,,,,,
3386,14,55,,,40,12000,,15,5500,,,
3386,15,35,,,25,5000,,10,2000,,,
3387,14,58,,,43,13000,,15,4500,,,
3387,15,30,,,20,4000,,10,2000,,,
3388,14,75,,,50,17500,,25,7500,,,
3388,15,45,,,25,5000,,20,4000,,,
3389,14,55,,,50,15000,,5,2500,,,
3389,15,20,,,20,4000,,,,,,
3390,14,52,,,32,10000,,20,6000,,,
3390,15,35,,,25,3000,,10,2000,,,
3391,14,90,,,60,20000,,30,10000,,,
3391,15,50,,,35,7000,,15,3000,,,
3392,14,68,,,53,17500,,15,5000,,,
3392,15,40,,,30,5400,,10,2000,,,
3393,14,67,,,36,12500,,31,10500,,,
3393,15,70,,,40,8000,,30,6000,,,
3394,14,200,,,160,48000,,40,12000,,,
3394,15,180,,,150,30000,,30,6000,,,
3395,14,60,,,50,15000,,10,3000,,,
3395,15,40,,,30,6000,,10,2000,,,
3396,14,80,,,60,18000,,20,6000,,,
3396,15,40,,,30,6000,,10,2000,,,
3397,14,80,,,80,24000,,,,,,
3397,15,60,,,60,12000,,,,,,
3398,14,250,,,220,66000,,30,9000,,,
3398,15,200,,,180,36000,,20,4000,,,
3399,14,60,,,40,12000,,20,6000,,,
3399,15,20,,,15,3000,,5,1000,,,
3400,14,80,,,60,18000,,20,6000,,,
3400,15,60,,,50,10000,,10,2000,,,
3401,14,100,,,80,24000,,20,6000,,,
3401,15,60,,,50,10000,,10,2000,,,
3402,14,150,,,120,36000,,30,9000,,,
3402,15,100,,,90,18000,,10,2000,,,
3403,1,360,,,360,79200,,,,,,
3403,14,150,,,150,67500,,,,,,
3403,15,70,,,70,9100,,,,,,
3404,1,180,,,180,39600,,,,,,
3404,14,150,,,150,67500,,,,,,
3404,15,120,,,120,16800,,,,,,
3405,1,240,,,240,52800,,,,,,
3405,14,80,,,80,36000,,,,,,
3405,15,80,,,80,11200,,,,,,
3406,1,300,,,300,66000,,,,,,
3406,14,140,,,140,63000,,,,,,
3406,15,80,,,80,11200,,,,,,
3407,1,600,,,600,132000,,,,,,
3407,14,188,,,188,84600,,,,,,
3407,15,155,,,155,21700,,,,,,
3408,1,600,,,600,132000,,,,,,
3408,14,132,,,132,59400,,,,,,
3408,15,115,,,115,16100,,,,,,
3409,1,600,,,600,132000,,,,,,
3409,14,180,,,180,81000,,,,,,
3409,15,150,,,150,21000,,,,,,
3410,1,240,,,240,52800,,,,,,
3410,14,100,,,100,45000,,,,,,
3410,15,100,,,100,14000,,,,,,
3411,1,300,,,300,66000,,,,,,
3411,14,140,,,140,63000,,,,,,
3411,15,80,,,80,10400,,,,,,
3412,1,550,,,550,121000,,,,,,
3412,2,50,,,50,185000,,,,,,
3412,7,40,,,40,10000,,,,,,
3412,8,200,100,150000,70,105000,20,10,15000,2,6,
3412,9,10,,,10,13000,,,,,,
3412,10,100,,,100,30000,,,,,,
3412,11,40,,,30,75000,,10,25000,,,
3412,14,150,,,110,44000,,40,16000,,,
3412,15,180,,,130,23400,,50,9000,,,
3412,16,10,,,10,12000,,,,,,
3412,19,1500,500,30000,1000,60000,,,,2,6,
3413,1,300,,,300,66000,,,,,,
3413,14,70,,,60,24000,,10,4000,,,
3413,15,20,,,20,3600,,,,,,
3413,16,10,,,10,12000,,,,,,
3413,19,1500,500,30000,700,42000,300,,,2,6,
3414,1,300,,,300,66000,,,,,,
3414,14,100,,,70,28000,,30,12000,,,
3414,15,80,,,60,10800,,20,3600,,,
3415,1,1000,,,1000,220000,,,,,,
3415,2,40,,,40,148000,,,,,,
3415,7,40,,,40,10000,,,,,,
3415,8,80,20,30000,55,82500,,5,7500,6,,
3415,10,120,,,120,36000,,,,,,
3415,11,20,,,17,42500,,3,7500,,,
3415,14,140,,,90,36000,,50,20000,,,
3415,15,190,,,180,32400,,10,1800,,,
3415,16,10,,,10,12000,,,,,,
3415,19,700,,,700,42000,,,,,,
3416,1,750,,,750,165000,,,,,,
3416,2,60,,,60,222000,,,,,,
3416,7,50,,,50,12500,,,,,,
3416,8,120,20,30000,70,105000,20,10,15000,2,6,
3416,10,120,,,120,36000,,,,,,
3416,11,40,,,30,65000,,10,25000,,,
3416,14,180,,,130,52000,,50,20000,,,
3416,15,180,,,140,25200,,40,7200,,,
3416,16,10,,,10,12000,,,,,,
3416,17,150,50,150000,30,90000,50,20,60000,2,6,
3416,19,1500,500,30000,1000,60000,,,,2,6,
3417,1,300,,,300,66000,,,,,,
3417,2,30,,,30,111000,,,,,,
3417,7,10,,,10,2500,,,,,,
3417,8,70,20,30000,45,68500,,5,7500,2,6,
3417,10,80,,,80,24000,,,,,,
3417,11,10,,,7,17500,,3,7500,,,
3417,14,50,,,45,18000,,5,2000,,,
3417,15,60,,,40,7000,,20,3500,,,
3417,16,2,,,2,2400,,,,,,
3417,19,1200,500,30000,500,30000,200,,,2,6,
3418,1,500,,,500,110000,,,,,,
3418,7,50,,,50,12500,,,,,,
3418,8,80,10,15000,60,90000,,10,15000,6,,
3418,10,100,,,100,30000,,,,,,
3418,14,90,,,80,32000,,10,4000,,,
3418,15,100,,,80,14000,,20,3500,,,
3418,16,6,,,6,7200,,,,,,
3418,19,300,,,300,18000,,,,,,
3419,1,650,,,650,143000,,,,,,
3419,2,45,,,45,166500,,,,,,
3419,7,40,,,40,10000,,,,,,
3419,8,80,20,30000,50,75000,,10,15000,2,6,
3419,10,160,,,160,48000,,,,,,
3419,14,120,,,80,32000,,40,16000,,,
3419,15,150,,,100,18000,,50,9000,,,
3419,16,5,,,5,6000,,,,,,
3419,19,1000,100,6000,900,54000,,,,6,,
3420,1,300,,,300,66000,,,,,,
3420,2,45,,,45,166500,,,,,,
3420,7,10,,,10,2500,,,,,,
3420,8,140,70,105000,35,52500,15,20,30000,2,6,
3420,10,60,,,60,18000,,,,,,
3420,11,10,,,10,25000,,,,,,
3420,14,60,,,45,18000,,15,6000,,,
3420,15,60,,,40,7200,,20,3200,,,
3420,19,900,300,18000,400,24000,200,,,2,6,
3421,1,600,,,600,132000,,,,,,
3421,2,40,,,40,140000,,,,,,
3421,7,500,200,40000,300,60000,,,,2,,
3421,8,450,280,420000,120,180000,20,30,45000,4,,
3421,9,15,,,15,19500,,,,,,
3421,10,600,200,60000,400,120000,,,,2,,
3421,11,55,,,50,125000,,5,12500,,,
3421,12,20,,,20,40000,,,,,,
3421,14,150,,,150,31500,,,,,,
3421,15,60,,,60,7800,,,,,,
3421,19,1000,,,1000,60000,,,,,,
3422,1,500,,,500,110000,,,,,,
3422,2,35,,,35,122500,,,,,,
3422,7,600,250,50000,350,70000,,,,2,,
3422,8,300,180,270000,90,135000,,30,45000,2,,
3422,9,10,,,10,13000,,,,,,
3422,10,350,,,350,122500,,,,,,
3422,11,40,,,37,92500,,3,7500,,,
3422,12,40,25,50000,15,30000,,,,2,,
3422,14,180,,,180,39600,,,,,,
3422,15,75,,,75,9750,,,,,,
3422,19,2000,1000,60000,1000,60000,,,,2,,
3423,1,300,,,300,66000,,,,,,
3423,7,250,,,250,50000,,,,,,
3423,8,180,80,120000,80,120000,,20,30000,2,,
3423,10,450,,,450,135000,,,,,,
3423,11,12,,,11,27500,,1,2500,,,
3423,12,20,,,20,40000,,,,,,
3423,14,130,,,130,28600,,,,,,
3423,15,40,,,40,5200,,,,,,
3423,19,1000,200,12000,800,48000,,,,2,,
3424,1,300,,,300,66000,,,,,,
3424,2,30,,,30,105000,,,,,,
3424,14,160,,,160,28800,,,,,,
3424,15,45,,,45,5850,,,,,,
3424,17,7,,,7,21000,,,,,,
3424,19,1500,500,30000,1000,60000,,,,2,,
3425,1,350,,,350,77000,,,,,,
3425,7,250,,,250,50000,,,,,,
3425,8,220,140,210000,70,105000,,10,15000,7,,
3425,10,400,,,400,140000,,,,,,
3425,11,15,,,14,35000,,1,2500,,,
3425,12,40,20,40000,20,40000,,,,7,,
3425,14,150,,,150,33000,,,,,,
3425,15,75,,,75,9750,,,,,,
3425,17,150,100,300000,50,150000,,,,7,,
3425,19,1400,600,36000,800,48000,,,,2,,
3426,1,600,,,600,120000,,,,,,
3426,2,40,,,40,120000,,,,,,
3426,7,600,300,60000,300,60000,,,,2,,
3426,8,240,100,150000,110,165000,,30,45000,2,,
3426,10,300,,,300,90000,,,,,,
3426,11,10,,,8,20000,,2,5000,,,
3426,12,15,,,15,30000,,,,,,
3426,14,280,,,280,39600,,,,,,
3426,15,90,,,90,11700,,,,,,
3426,19,600,,,600,36000,,,,,,
3427,1,300,,,300,63000,,,,,,
3427,2,30,,,30,105000,,,,,,
3427,7,250,,,250,50000,,,,,,
3427,8,280,150,225000,100,150000,,30,45000,7,,
3427,10,600,200,60000,400,120000,,,,7,,
3427,11,12,,,10,25000,,2,5000,,,
3427,12,10,,,10,20000,,,,,,
3427,14,140,,,120,25200,,20,4200,,,
3427,15,60,,,60,7800,,,,,,
3427,19,800,,,800,48000,,,,,,
3428,1,250,,,250,52500,,,,,,
3428,2,20,,,20,70000,,,,,,
3428,7,150,,,150,30000,,,,,,
3428,8,140,,,80,120000,30,30,45000,,,
3428,9,5,,,5,6000,,,,,,
3428,10,350,,,350,105000,,,,,,
3428,11,20,,,18,45000,,2,5000,,,
3428,12,15,,,15,30000,,,,,,
3428,14,130,,,110,24200,,20,4400,,,
3428,15,45,,,45,5850,,,,,,
3428,19,500,,,500,30000,,,,,,
3429,1,300,,,300,60000,,,,,,
3429,12,30,15,30000,10,20000,5,,,2,,
3429,14,120,,,120,26400,,,,,,
3429,15,50,,,50,6500,,,,,,
3429,19,1500,800,48000,600,36000,100,,,2,,
3430,14,91,,,66,15600,,25,6600,,,
3430,15,50,,,30,6000,,20,4000,,,
3430,16,10,,,10,14000,,,,,,
3431,1,400,,,395,86900,,5,1100,,,
3431,14,170,,,110,26000,,60,14000,,,
3431,15,100,,,70,14000,,30,6000,,,
3431,16,15,,,15,21000,,,,,,
3431,19,700,200,12000,450,27000,50,,,7,,
3432,14,215,,,160,36000,,55,13000,,,
3432,15,75,,,50,10000,,25,5000,,,
3432,16,8,,,8,12000,,,,,,
3433,14,115,,,100,24000,,15,3800,,,
3433,15,70,,,60,12000,,10,2000,,,
3433,16,5,,,5,7000,,,,,,
3434,14,190,,,155,33000,,35,9000,,,
3434,15,60,,,50,10000,,10,2000,,,
3434,16,10,,,10,14000,,,,,,
3435,14,35,,,35,9000,,,,,,
3435,15,25,,,20,4000,,5,1000,,,
3436,14,150,,,110,26000,,40,12000,,,
3436,15,80,,,65,13000,,15,3000,,,
3436,16,8,,,8,12000,,,,,,
3436,19,400,,,350,21000,50,,,,,
3437,12,15,,,5,10000,5,5,10000,,,
3437,14,98,,,65,15000,,33,7800,,,
3437,15,50,,,30,6000,,20,4000,,,
3437,19,200,,,150,9000,50,,,,,
3438,14,90,,,70,16000,,20,6000,,,
3438,15,50,,,35,7000,,15,3000,,,
3438,16,5,,,5,7000,,,,,,
3438,17,70,35,122500,5,17500,5,25,87500,2,,
3438,19,600,200,12000,300,18000,100,,,6,,
3439,1,350,,,350,73500,,,,,,
3439,12,45,,,30,45000,,15,22500,,,
3439,14,120,,,70,16800,,50,12000,,,
3439,15,150,,,130,16900,,20,2600,,,
3439,19,750,,,750,37500,,,,,,
3440,1,150,,,150,31500,,,,,,
3440,15,60,,,40,4000,,20,2000,,,
3440,19,650,,,650,32500,,,,,,
3441,1,620,,,620,131000,,,,,,
3441,14,250,,,200,50000,,50,12500,,,
3441,15,200,,,150,22500,,50,7500,,,
3441,19,730,,,730,36500,,,,,,
3442,1,360,,,360,75600,,,,,,
3442,7,150,,,150,37500,,,,,,
3442,8,125,,,65,97500,,60,90000,,,
3442,9,15,,,15,22500,,,,,,
3442,10,300,,,300,75000,,,,,,
3442,11,25,,,15,42000,,10,28000,,,
3442,14,200,,,130,28600,,70,15400,,,
3442,15,170,,,120,18000,,50,7500,,,
3442,19,650,,,650,32500,,,,,,
3443,1,215,,,215,45150,,,,,,
3443,14,120,,,80,20400,,40,10200,,,
3443,15,170,,,120,16800,,50,7000,,,
3443,19,800,,,800,40000,,,,,,
3444,1,470,,,470,98700,,,,,,
3444,12,20,,,20,30000,,,,,,
3444,14,180,,,140,34300,,40,9800,,,
3444,15,160,,,130,16250,,30,3750,,,
3445,1,730,,,730,154000,,,,,,
3445,7,120,,,120,30000,,,,,,
3445,8,350,160,240000,80,120000,10,100,150000,4,,
3445,9,30,,,30,45000,,,,,,
3445,10,350,,,350,87500,,,,,,
3445,11,40,,,30,84000,,10,28000,,,
3445,14,190,,,150,38250,,40,10200,,,
3445,15,240,,,160,24000,,80,12000,,,
3445,19,800,,,800,40000,,,,,,
3446,1,320,,,320,67200,,,,,,
3446,14,160,,,100,25000,,60,15000,,,
3446,15,170,,,140,18480,,30,3960,,,
3446,19,700,,,700,35000,,,,,,
3447,1,330,,,330,69300,,,,,,
3447,12,20,,,20,30000,,,,,,
3447,14,170,,,150,39000,,20,5200,,,
3447,15,180,,,140,17500,,40,5000,,,
3447,19,800,,,800,40000,,,,,,
3448,13,30,,,15,30000,,15,30000,,,
3448,14,100,,,75,15000,,25,5000,,,
3448,15,60,,,60,9000,,,,,,
3449,10,15,,,15,3750,,,,,,
3449,14,70,,,50,10000,,20,4000,,,
3449,15,45,,,45,5850,,,,,,
3449,16,15,,,15,19500,,,,,,
3450,1,420,,,420,92400,,,,,,
3450,14,215,,,125,27625,,90,19890,,,
3450,15,70,,,70,8700,,,,,,
3450,16,20,,,20,30000,,,,,,
3451,1,480,,,480,105600,,,,,,
3451,12,25,,,10,20000,,15,30000,,,
3451,14,110,,,40,9080,,70,15890,,,
3451,15,80,,,50,6350,,30,3810,,,
3451,19,1400,700,42000,700,42000,,,,2,,
3452,13,40,,,20,14000,,20,14000,,,
3452,14,120,,,90,22050,,30,7350,,,
3452,15,60,,,60,7500,,,,,,
3452,16,10,,,10,15000,,,,,,
3453,14,200,,,170,39100,,30,6900,,,
3453,15,110,,,110,13500,,,,,,
3453,19,380,,,380,22800,,,,,,
3454,14,430,,,390,86190,,40,8840,,,
3454,15,60,,,60,7600,,,,,,
3454,16,10,,,10,15000,,,,,,
3454,19,700,,,600,36000,100,,,,,
3455,12,25,,,10,20000,5,10,20000,,,
3455,14,160,,,130,28470,,30,6570,,,
3455,15,70,,,60,7800,,10,1300,,,
3455,16,10,,,10,15000,,,,,,
3456,12,20,,,15,30000,,5,10000,,,
3456,14,220,,,190,43130,,30,6810,,,
3456,15,130,,,125,14000,,5,560,,,
3456,16,15,,,15,19500,,,,,,
3457,15,30,,,,,,30,12000,,,
3458,14,4,,,,,,4,1600,,,
3460,14,10,,,,,,10,6000,,,
3460,15,40,,,,,,40,10000,,,
3461,15,30,,,,,,30,12000,,,
3462,14,60,,,,,,60,30000,,,
3462,15,60,,,,,,60,20000,,,
3463,15,30,,,,,,30,9000,,,
3466,14,25,,,25,3000,,,,,,
3466,15,30,,,20,2400,,10,1200,,,
3467,14,40,,,20,2400,,20,2400,,,
3467,15,20,,,10,1300,,10,1300,,,
3468,14,60,,,40,5200,,20,2600,,,
3468,15,80,,,60,7200,,20,2400,,,
3468,16,25,,,25,17500,,,,,,
3473,14,50,,,30,3600,,20,2400,,,
3473,15,50,,,25,3000,,25,3000,,,
3473,16,25,,,25,17500,,,,,,
3474,14,55,,,30,3900,,25,3000,,,
3474,15,60,,,40,4800,,20,2400,,,
3474,16,30,,,30,24000,,,,,,
3475,14,20,,,,,,20,6000,,,
3475,15,5,,,,,,5,1000,,,
3476,14,20,,,,,,20,6000,,,
3476,15,10,,,,,,10,2000,,,
3477,14,40,,,,,,40,16000,,,
3477,15,20,,,,,,20,6000,,,
3483,1,150,,,150,30000,,,,,,
3486,14,220,,,120,30000,,100,25000,,,
3489,1,100,,,100,20000,,,,,,
3489,14,150,,,90,35000,,60,20000,,,
3490,14,150,,,100,35000,,50,17500,,,
3490,15,100,,,50,10000,,50,10000,,,
3494,14,50,,,,,,50,20000,,,
3494,15,20,,,,,,20,8000,,,
3496,14,10,,,,,,10,5000,,,
3500,14,40,,,,,,40,12000,,,
3502,14,50,,,5,3000,,45,27000,,,
3502,15,25,,,3,900,,22,6600,,,
3502,16,35,,,35,59500,,,,,,
3503,14,15,,,3,1800,,12,7200,,,
3504,14,20,,,5,3000,,15,9000,,,
3505,14,40,,,4,2400,,36,21600,,,
3506,16,30,,,30,51000,,,,,,
3508,14,16,,,2,1200,,14,8400,,,
3508,16,30,,,30,51000,,,,,,
3509,14,20,,,6,3600,,14,8400,,,
3509,16,12,,,12,20400,,,,,,
3510,14,10,,,2,1200,,8,4800,,,
3510,16,20,,,20,34000,,,,,,
3512,14,35,,,,,,35,10500,,,
3512,15,8,,,,,,8,1600,,,
3513,14,121,,,,,,121,17100,,,
3513,15,30,,,,,,30,6000,,,
3514,14,135,,,,,,135,24500,,,
3514,15,45,,,,,,45,9000,,,
3515,14,5,,,,,,5,3000,,,
3515,15,6,,,,,,6,1200,,,
3516,15,10,,,,,,10,1000,,,
3517,14,4,,,,,,4,2800,,,
3517,15,15,,,,,,15,3000,,,
3518,14,60,,,,,,60,16000,,,
3518,15,44,,,,,,44,8800,,,
3519,14,93,,,,,,93,29400,,,
3519,15,72,,,,,,72,14400,,,
3522,14,70,,,,,,70,14000,,,
3522,15,30,,,,,,30,6000,,,
3524,14,150,,,,,,150,30000,,,
3524,15,100,,,,,,100,20000,,,
3525,14,30,,,,,,30,6000,,,
3525,15,30,,,,,,30,6000,,,
3526,14,100,,,50,10000,,50,10000,,,
3526,15,50,,,20,4000,,30,6000,,,
3531,14,90,,,,,,90,22000,,,
3531,15,15,,,,,,15,7500,,,
3540,14,55,,,25,7500,,30,9000,,,
3540,15,30,,,15,3000,,15,3000,,,
3541,14,30,,,15,4500,,15,4500,,,
3541,15,32,,,17,3400,,15,3000,,,
3542,15,25,,,15,3000,,10,2000,,,
3543,14,10,,,5,1900,,5,1900,,,
3543,15,45,,,25,5000,,20,4000,,,
3547,14,7,,,,,,7,1400,,,
3547,15,7,,,,,,7,2100,,,
3548,14,30,,,,,,30,6000,,,
3549,14,30,,,,,,30,12000,,,
3549,15,5,,,,,,5,1500,,,
3550,14,40,,,,,,40,8000,,,
3550,15,13,,,,,,13,3900,,,
3552,14,30,,,,,,30,7500,,,
3552,15,20,,,,,,20,6000,,,
3553,14,6,,,,,,6,1200,,,
3553,15,12,,,,,,12,2400,,,
3554,14,6,,,,,,6,2400,,,
3565,14,10,,,,,,10,8000,,,
3565,15,10,,,,,,10,4000,,,
3568,14,10,,,,,,10,8000,,,
3568,15,10,,,,,,10,3000,,,
3569,14,10,,,,,,10,5000,,,
3569,15,10,,,,,,10,3000,,,
3571,14,20,,,,,,20,20000,,,
3571,15,20,,,,,,20,7000,,,
3573,14,3,,,,,,3,2000,,,
3573,15,3,,,,,,3,1000,,,
3574,14,140,,,40,13200,,100,33000,,,
3574,15,120,,,30,6000,,90,18000,,,
3575,14,100,,,30,9900,,70,23100,,,
3575,15,80,,,20,4000,,60,12000,,,
3576,12,20,,,10,20000,,10,20000,,,
3576,13,15,,,15,15000,,,,,,
3576,14,220,,,60,19800,,160,52800,,,
3576,15,170,,,50,11000,,120,26000,,,
3576,16,12,,,10,8000,,2,1600,,,
3577,12,10,,,6,12000,,4,8000,,,
3577,13,15,,,15,15000,,,,,,
3577,14,240,,,80,26400,,160,52800,,,
3577,15,200,,,70,14000,,130,26000,,,
3577,16,10,,,7,7000,,3,3000,,,
3578,14,240,,,100,33000,,140,46200,,,
3578,15,200,,,70,14000,,130,26000,,,
3578,16,9,,,8,8800,,1,1100,,,
3579,1,720,,,680,149600,,40,8800,,,
3579,12,12,,,7,14000,,5,10000,,,
3579,13,20,,,15,15000,,5,5000,,,
3579,14,250,,,100,33000,,150,49500,,,
3579,15,220,,,80,16000,,140,28000,,,
3579,16,12,,,10,8000,,2,1600,,,
3579,19,1400,880,60000,500,35000,20,,,2,6,7
3580,1,432,,,412,86000,,20,4200,,,
3580,14,180,,,60,19800,,120,39600,,,
3580,15,200,,,70,14000,,130,26000,,,
3580,16,8,,,8,5600,,,,,,
3580,19,1800,1400,100000,400,32000,,,,2,5,6
3581,7,800,610,183000,160,40000,30,,,2,3,
3581,8,40,10,20000,20,34000,,10,17000,2,6,
3581,9,3,,,3,3000,,,,,,
3581,10,350,130,39000,200,50000,20,,,2,3,6
3581,11,20,,,20,60000,,,,,,
3581,12,40,20,40000,10,20000,,10,20000,2,6,7
3581,13,20,10,10000,10,10000,,,,2,6,7
3581,14,270,,,100,33000,,170,56100,,,
3581,15,220,,,80,16000,,140,28000,,,
3581,16,12,,,12,12000,,,,,,
3581,19,2500,1970,157600,500,35000,30,,,2,3,6
3582,14,180,,,70,23100,,110,36300,,,
3582,15,130,,,50,10000,,80,16000,,,
3582,16,8,,,8,5600,,,,,,
3583,1,140,,,130,28000,,10,2100,,,
3583,14,140,,,70,23100,,70,23100,,,
3583,15,80,,,40,7200,,40,7200,,,
3583,19,1000,650,45500,350,24500,,,,2,6,7
3584,1,570,,,560,92000,,10,1660,,,
3584,7,700,350,70000,350,70000,,,,2,4,6
3584,8,105,35,52500,50,75000,5,15,22500,2,3,6
3584,9,25,10,10000,10,10000,5,,,2,6,
3584,10,700,350,87500,350,87500,,,,2,3,6
3584,11,34,,,27,81000,2,5,15000,,,
3584,14,200,,,100,33000,,100,33000,,,
3584,15,200,,,100,18000,,100,18000,,,
3584,19,1600,800,56000,800,56000,,,,2,3,6
3585,1,120,,,110,24000,,10,2150,,,
3585,14,120,,,60,19800,,60,19800,,,
3585,15,40,,,20,3600,,20,3600,,,
3586,1,710,,,700,112000,,10,1680,,,
3586,7,800,400,80000,400,80000,,,,2,5,6
3586,8,110,40,60000,50,75000,5,15,22500,2,3,6
3586,9,30,15,15000,15,15000,,,,2,6,
3586,10,800,400,100000,400,100000,,,,2,4,6
3586,11,38,8,24000,26,78000,,4,12000,2,,
3586,14,200,,,100,33000,,100,33000,,,
3586,15,180,,,90,16200,,90,16200,,,
3586,19,1600,800,56000,800,56000,,,,2,3,6
3587,1,580,,,560,93600,,20,3280,,,
3587,7,600,300,60000,300,60000,,,,2,5,6
3587,8,100,35,52500,48,72000,2,15,22500,2,6,5
3587,9,30,15,15000,15,15000,,,,2,6,
3587,10,700,350,87500,350,87500,,,,2,3,6
3587,11,34,4,12000,28,84000,,2,6000,2,,
3587,14,200,,,100,33000,,100,33000,,,
3587,15,200,,,100,18000,,100,18000,,,
3587,19,1800,1000,70000,800,56000,,,,2,3,6
3588,1,285,,,270,58000,,15,3200,,,
3588,14,100,,,50,16500,,50,16500,,,
3588,15,60,,,30,5400,,30,5400,,,
3588,19,1400,900,63000,500,35000,,,,2,3,6
3589,1,370,,,360,59600,,10,1660,,,
3589,14,160,,,80,26400,,80,26400,,,
3589,15,160,,,80,14400,,80,14400,,,
3589,19,1500,800,56000,700,49000,,,,2,6,
3590,1,700,,,690,145000,,10,2160,,,
3590,7,700,400,80000,300,60000,,,,2,5,6
3590,8,110,40,60000,50,75000,5,15,22500,2,3,6
3590,9,20,10,10000,10,10000,,,,2,,
3590,10,600,300,75000,300,75000,,,,2,3,6
3590,11,33,2,6000,29,87000,,2,4000,2,,
3590,14,200,,,100,33000,,100,33000,,,
3590,15,200,,,100,18000,,100,18000,,,
3590,19,1800,1000,70000,800,56000,,,,2,3,6
3591,1,140,,,125,26200,,15,3200,,,
3591,14,160,,,80,26400,,80,26400,,,
3591,15,100,,,50,9000,,50,9000,,,
3591,19,1200,750,52500,450,31500,,,,2,6,7
3592,1,440,,,420,69200,,20,3200,,,
3592,14,200,,,100,33000,,100,33000,,,
3592,15,200,,,100,18000,,100,18000,,,
3592,19,1500,800,56000,700,49000,,,,2,3,6
3593,1,430,,,420,69200,,10,1650,,,
3593,14,160,,,80,26400,,80,26400,,,
3593,15,160,,,80,14400,,80,14400,,,
3593,19,1300,700,49000,600,42000,,,,2,3,6
3594,1,285,,,270,45000,,15,2500,,,
3594,7,650,400,80000,200,40000,50,,,2,5,6
3594,8,100,35,52500,45,67500,5,15,22500,2,3,6
3594,9,40,25,30000,10,10000,5,,,2,3,6
3594,10,700,400,100000,300,75000,,,,2,3,6
3594,11,29,,,17,51000,3,9,27000,,,
3594,14,160,,,80,26400,,80,26400,,,
3594,15,140,,,70,12600,,70,12600,,,
3594,19,1600,1200,84000,400,28000,,,,2,3,6
3595,1,420,,,405,68000,,15,2500,,,
3595,7,700,400,80000,300,60000,,,,2,5,6
3595,8,110,40,60000,50,75000,4,16,24000,2,3,6
3595,9,30,15,18000,15,18000,,,,2,6,
3595,10,700,400,100000,300,75000,,,,2,3,6
3595,11,34,4,12000,22,66000,,8,24000,2,,
3595,14,180,,,90,29700,,90,29700,,,
3595,15,200,,,100,18000,,100,18000,,,
3595,19,1500,900,63000,600,42000,,,,2,3,6
3596,1,140,,,128,36800,,12,2500,,,
3596,14,140,,,70,23100,,70,23100,,,
3596,15,60,,,30,5400,,30,5400,,,
3597,1,570,,,555,93000,,15,2500,,,
3597,7,600,300,60000,300,60000,,,,2,5,6
3597,8,110,35,52500,50,75000,5,20,30000,2,3,6
3597,9,25,12,12000,13,13000,,,,2,,
3597,10,600,300,75000,300,75000,,,,2,3,6
3597,11,34,3,9000,20,60000,2,9,27000,2,,
3597,12,40,15,30000,15,30000,,10,20000,2,6,
3597,14,200,,,100,33000,,100,33000,,,
3597,15,200,,,100,18000,,100,18000,,,
3597,19,1800,1100,77000,600,42000,100,,,2,3,6
3598,1,145,,,130,27000,,15,3200,,,
3598,14,150,,,75,24750,,75,24750,,,
3598,15,80,,,40,7200,,40,7200,,,
3599,1,140,,,130,38000,,10,2150,,,
3599,14,140,,,70,23100,,70,23100,,,
3599,15,60,,,30,5400,,30,5400,,,
3599,19,1400,1000,70000,400,28000,,,,2,6,7
3600,1,570,,,550,116000,,20,4200,,,
3600,7,600,300,75000,300,75000,,,,2,5,6
3600,8,115,47,70500,48,72000,5,15,22500,2,3,6
3600,9,30,15,15000,15,15000,,,,2,3,6
3600,10,600,300,75000,300,75000,,,,2,3,6
3600,11,35,5,15000,18,54000,2,10,30000,2,,
3600,14,200,,,100,33000,,100,33000,,,
3600,15,200,,,100,18000,,100,18000,,,
3600,19,1550,800,56000,700,49000,50,,,2,3,6
3601,14,200,,,,,,200,20000,,,
3601,15,100,,,,,,100,10000,,,
3603,14,350,,,150,15000,,200,52000,,,
3603,15,200,,,100,20000,,100,20000,,,
3604,14,200,,,100,80000,,100,80000,,,
3604,15,100,,,50,10000,,50,10000,,,
3606,14,200,,,100,13000,,100,13000,,,
3606,15,300,,,100,15000,,200,30000,,,
3608,14,200,,,,,,200,25000,,,
3608,15,200,,,,,,200,20000,,,
3610,14,90,,,40,8000,,50,12500,,,
3610,15,80,,,30,6000,,50,11500,,,
3611,1,600,,,600,102000,,,,,,
3611,14,130,,,60,12000,,70,17500,,,
3611,15,100,,,40,9200,,60,12000,,,
3611,19,2700,1000,60000,1700,85000,,,,2,,
3612,14,100,,,50,11500,,50,10000,,,
3612,15,100,,,40,8400,,60,12000,,,
3612,19,600,,,600,36000,,,,,,
3613,14,120,,,50,11500,,70,17500,,,
3613,15,70,,,30,6000,,40,8400,,,
3613,19,1350,,,1350,81000,,,,,,
3614,14,60,,,20,5000,,40,9200,,,
3614,15,50,,,30,6900,,20,4000,,,
3615,1,100,,,100,21000,,,,,,
3615,14,100,,,40,8000,,60,12600,,,
3615,15,70,,,30,4500,,40,8400,,,
3616,14,100,,,30,6000,,70,16100,,,
3616,15,70,,,20,4200,,50,10500,,,
3617,14,60,,,20,4000,,40,10000,,,
3617,15,40,,,10,2300,,30,6000,,,
3618,14,80,,,30,8900,,50,12000,,,
3618,15,60,,,20,4000,,40,9200,,,
3618,19,540,,,540,32400,,,,,,
3619,14,90,,,,,,90,20880,,,
3619,15,40,,,,,,40,18420,,,
3620,14,329,,,,,,329,104660,,,
3620,15,149,,,,,,149,51760,,,
3623,14,10,,,,,,10,6600,,,
3623,15,10,,,,,,10,3500,,,
3624,14,8,,,,,,8,2000,,,
3624,15,16,,,8,3000,,8,3000,,,
3625,14,152,,,,,,152,54670,,,
3625,15,43,,,,,,43,14680,,,
3627,1,300,,,300,68000,,,,,,
3627,14,171,,,,,,171,54180,,,
3627,15,61,,,,,,61,18600,,,
3628,14,40,,,20,4000,,20,4000,,,
3628,15,30,,,10,3000,,20,6000,,,
3629,14,30,,,,,,30,6000,,,
3629,15,50,,,20,6000,,30,9000,,,
3630,14,40,,,20,6000,,20,6000,,,
3630,15,50,,,20,7000,,30,9000,,,
3632,14,25,,,15,4500,,10,3000,,,
3632,15,30,,,10,3000,,20,6000,,,
3632,16,10,,,10,8000,,,,,,
3632,20,30,,,5,1000,,25,2500,,,
3633,1,440,,,440,100320,,,,,,
3633,14,35,,,15,4500,,20,6000,,,
3633,15,20,,,,,,20,6000,,,
3633,16,5,,,5,4000,,,,,,
3634,14,30,,,10,3000,,20,6000,,,
3634,15,40,,,20,5000,,20,5000,,,
3635,14,30,,,10,3500,,20,7000,,,
3635,15,45,,,15,4000,,30,9000,,,
3636,14,40,,,20,8000,,20,8000,,,
3636,15,20,,,10,3500,,10,3500,,,
3637,14,40,,,,,,40,16000,,,
3637,15,32,,,,,,32,4800,,,
3638,14,35,,,15,6000,,20,8000,,,
3639,14,30,,,15,6000,,15,6000,,,
3639,15,10,,,5,750,,5,750,,,
3640,14,22,,,7,2800,,15,6000,,,
3640,15,10,,,10,1500,,,,,,
3641,14,60,,,20,8000,,40,16000,,,
3641,15,22,,,10,1500,,12,1800,,,
3644,14,35,,,17,6800,,18,7200,,,
3644,15,20,,,12,1800,,8,1200,,,
3645,14,15,,,,,,15,6000,,,
3645,15,15,,,15,6000,,,,,,
3646,1,446,,,446,89200,,,,,,
3646,14,38,,,,,,38,15200,,,
3646,15,49,,,,,,49,7350,,,
3647,14,15,,,,,,15,6000,,,
3647,15,28,,,,,,28,4200,,,
3648,1,375,,,375,78000,,,,,,
3648,14,42,,,,,,42,16800,,,
3648,15,50,,,,,,50,7500,,,
3649,1,465,,,465,98000,,,,,,
3649,14,52,,,,,,52,20800,,,
3649,15,49,,,,,,49,7350,,,
3650,1,505,,,505,106000,,,,,,
3650,14,51,,,,,,51,20400,,,
3650,15,56,,,,,,56,8400,,,
3651,1,446,,,446,89200,,,,,,
3651,14,40,,,,,,40,16000,,,
3651,15,53,,,,,,53,7950,,,
3652,1,560,,,560,117600,,,,,,
3652,14,49,,,,,,49,19600,,,
3652,15,60,,,,,,60,9000,,,
3653,1,448,,,448,96000,,,,,,
3653,14,47,,,,,,47,18800,,,
3653,15,56,,,,,,56,8400,,,
3654,1,670,,,670,140700,,,,,,
3654,14,52,,,,,,52,20800,,,
3654,15,54,,,,,,54,8100,,,
3655,1,700,,,700,154000,,,,,,
3655,7,1200,1000,200000,200,40000,,,,2,,
3655,8,60,,,60,90000,,,,,,
3655,10,500,,,500,100000,,,,,,
3655,14,220,,,100,35000,,120,42000,,,
3655,15,140,,,80,16000,,60,12000,,,
3655,16,10,,,10,10000,,,,,,
3656,14,190,,,100,35000,,90,31500,,,
3656,15,140,,,80,16000,,60,12000,,,
3656,16,15,,,15,15000,,,,,,
3656,19,2000,,,2000,120000,,,,,,
3657,1,750,,,750,160000,,,,,,
3657,14,290,,,160,56000,,130,45500,,,
3657,15,210,,,120,24000,,90,18000,,,
3657,16,15,,,15,15000,,,,,,
3658,1,800,,,800,166000,,,,,,
3658,7,4400,4000,800000,400,80000,,,,2,,
3658,8,50,,,50,75000,,,,,,
3658,10,500,,,500,100000,,,,,,
3658,14,280,,,150,53000,,130,45000,,,
3658,15,180,,,100,20000,,80,16000,,,
3658,16,15,,,15,15000,,,,,,
3659,1,750,,,750,165000,,,,,,
3659,14,180,,,100,35000,,80,28000,,,
3659,15,160,,,90,18000,,70,14000,,,
3659,16,10,,,10,10000,,,,,,
3660,1,950,,,950,199000,,,,,,
3660,14,310,,,160,56000,,150,52500,,,
3660,15,180,,,100,20000,,80,16000,,,
3660,16,20,,,20,20000,,,,,,
3660,19,7000,5000,300000,2000,120000,,,,2,,
3661,1,910,,,910,192200,,,,,,
3661,7,3100,2600,520000,500,100000,,,,2,,
3661,8,90,,,90,135000,,,,,,
3661,10,500,,,500,100000,,,,,,
3661,14,260,,,160,56000,,100,35000,,,
3661,15,180,,,100,20000,,80,16000,,,
3661,16,15,,,15,15000,,,,,,
3662,14,140,,,80,28000,,60,21000,,,
3662,15,110,,,60,12000,,50,10000,,,
3662,16,10,,,10,10000,,,,,,
3663,14,140,,,80,28000,,60,21000,,,
3663,15,110,,,60,12000,,50,10000,,,
3663,16,15,,,15,15000,,,,,,
3664,14,20,,,20,7000,,,,,,
3664,15,10,,,10,3500,,,,,,
3665,14,10,,,10,3500,,,,,,
3665,15,30,,,30,9500,,,,,,
3666,14,20,,,20,7000,,,,,,
3666,15,20,,,20,7000,,,,,,
3667,14,30,,,30,9500,,,,,,
3667,15,20,,,20,7000,,,,,,
3668,14,10,,,10,3500,,,,,,
3668,15,20,,,20,7000,,,,,,
3671,14,10,,,10,3500,,,,,,
3671,15,20,,,20,7000,,,,,,
3672,14,15,,,15,5250,,,,,,
3672,15,20,,,20,7000,,,,,,
3673,1,216,,,216,45360,,,,,,
3673,8,50,,,20,30000,,30,45000,,,
3673,9,5,,,5,6000,,,,,,
3673,10,50,,,50,12500,,,,,,
3673,11,30,10,30000,10,30000,,10,30000,2,,
3673,14,100,,,70,38500,,30,16500,,,
3673,15,130,,,100,20000,,30,6000,,,
3673,16,30,,,30,45000,,,,,,
3673,19,4500,4000,200000,500,25000,,,,2,6,
3674,1,540,,,540,113400,,,,,,
3674,7,50,,,50,10000,,,,,,
3674,8,80,20,30000,30,45000,,30,45000,2,6,
3674,10,60,,,60,15000,,,,,,
3674,11,20,,,10,30000,,10,30000,,,
3674,14,160,,,120,66000,,40,22000,,,
3674,15,130,,,100,20000,,30,6000,,,
3674,16,20,,,20,30000,,,,,,
3674,19,2100,1000,50000,1100,55000,,,,2,6,
3675,1,162,,,162,34020,,,,,,
3675,8,70,50,75000,10,15000,,10,15000,2,6,
3675,9,10,,,10,12000,,,,,,
3675,10,50,,,50,12500,,,,,,
3675,11,20,,,10,30000,,10,30000,,,
3675,14,80,,,60,33000,,20,11000,,,
3675,15,60,,,40,8000,,20,4000,,,
3675,16,10,,,10,15000,,,,,,
3675,19,3000,2500,125000,500,25000,,,,2,6,
3676,1,216,,,216,45360,,,,,,
3676,7,30,,,30,6000,,,,,,
3676,8,50,10,15000,20,30000,,20,30000,6,,
3676,10,60,,,60,15000,,,,,,
3676,11,20,,,10,30000,,10,30000,,,
3676,14,80,,,60,33000,,20,11000,,,
3676,15,100,,,70,14000,,30,6000,,,
3676,16,20,,,20,30000,,,,,,
3676,19,2400,1400,70000,1000,50000,,,,2,6,
3677,1,324,,,324,68040,,,,,,
3677,14,200,,,160,88000,,40,22000,,,
3677,15,180,,,150,30000,,30,6000,,,
3677,16,30,,,30,45000,,,,,,
3678,1,216,,,216,45360,,,,,,
3678,7,1500,1500,300000,,,,,,5,,
3678,8,80,40,60000,20,30000,,20,30000,2,6,
3678,9,10,,,10,12000,,,,,,
3678,10,50,,,50,12500,,,,,,
3678,11,30,,,10,30000,,20,60000,,,
3678,14,120,,,80,40000,,40,20000,,,
3678,15,150,,,100,20000,,50,10000,,,
3678,16,10,,,10,15000,,,,,,
3678,19,1500,1000,50000,500,25000,,,,2,6,
3679,1,648,,,648,136080,,,,,,
3679,7,2500,2400,480000,100,20000,,,,5,,
3679,8,100,40,60000,40,60000,,20,30000,2,6,
3679,9,12,,,12,14400,,,,,,
3679,10,60,,,60,15000,,,,,,
3679,11,40,,,20,60000,,20,60000,,,
3679,14,150,,,100,55000,,50,27500,,,
3679,15,180,,,100,20000,,80,16000,,,
3679,19,2000,1000,50000,1000,50000,,,,2,6,
3680,1,432,,,432,90720,,,,,,
3680,7,2600,2500,500000,100,20000,,,,5,,
3680,8,80,30,45000,30,45000,,20,30000,2,6,
3680,9,5,,,5,6000,,,,,,
3680,10,70,,,70,17500,,,,,,
3680,11,20,,,10,30000,,10,30000,,,
3680,14,130,,,100,50000,,30,15000,,,
3680,15,60,,,40,8000,,20,4000,,,
3680,16,20,,,20,30000,,,,,,
3680,19,3000,2000,100000,1000,50000,,,,2,6,
3681,1,324,,,324,68040,,,,,,
3681,7,50,,,50,10000,,,,,,
3681,8,60,20,30000,20,30000,,20,30000,2,6,
3681,9,8,,,8,9600,,,,,,
3681,10,60,,,60,15000,,,,,,
3681,11,20,,,10,30000,,10,30000,,,
3681,14,80,,,60,30000,,20,10000,,,
3681,15,130,,,100,20000,,30,6000,,,
3681,16,20,,,20,30000,,,,,,
3681,19,1200,800,40000,400,20000,,,,6,,
3682,1,430,,,430,90000,,,,,,
3682,14,80,,,40,24000,,40,24000,,,
3682,15,50,,,20,4000,,30,6000,,,
3682,16,10,,,10,15000,,,,,,
3683,1,430,,,430,90000,,,,,,
3683,7,700,,,700,140000,,,,,,
3683,8,100,50,75000,40,60000,,10,15000,2,6,
3683,9,10,,,10,12000,,,,,,
3683,10,600,300,75000,300,75000,,,,2,6,
3683,11,30,,,20,50000,,10,25000,,,
3683,14,100,,,50,30000,,50,30000,,,
3683,15,40,,,20,4000,,20,4000,,,
3683,16,10,,,10,15000,,,,,,
3683,19,1300,700,35000,600,30000,,,,2,,
3684,1,860,,,860,180600,,,,,,
3684,7,900,,,900,180000,,,,,,
3684,8,80,40,60000,30,45000,,10,15000,2,6,
3684,9,15,,,15,18000,,,,,,
3684,10,600,,,600,150000,,,,,,
3684,11,40,,,30,75000,,10,25000,,,
3684,14,80,,,50,30000,,30,18000,,,
3684,15,50,,,30,6000,,20,4000,,,
3684,16,10,,,10,15000,,,,,,
3684,19,650,200,10000,450,22500,,,,2,,
3685,1,430,,,430,90000,,,,,,
3685,14,70,,,40,24000,,30,18000,,,
3685,15,50,,,25,5000,,25,5000,,,
3685,16,12,,,12,17000,,,,,,
3686,14,40,,,20,12000,,20,12000,,,
3686,15,20,,,10,2000,,10,2000,,,
3687,1,750,,,750,157500,,,,,,
3687,7,800,,,800,160000,,,,,,
3687,8,120,70,105000,40,60000,,10,15000,2,6,
3687,9,15,,,15,18000,,,,,,
3687,10,800,400,100000,400,100000,,,,2,,
3687,11,40,,,30,75000,,10,25000,,,
3687,14,100,,,50,30000,,50,30000,,,
3687,15,50,,,25,5000,,25,5000,,,
3687,16,10,,,10,15000,,,,,,
3687,19,2800,1800,90000,1000,50000,,,,2,6,
3688,1,760,,,750,158000,,10,2100,,,
3688,14,120,,,60,36000,,60,36000,,,
3688,15,60,,,30,6000,,30,6000,,,
3688,16,15,,,15,20000,,,,,,
3689,1,640,,,640,136000,,,,,,
3689,7,1600,700,140000,900,180000,,,,2,,
3689,8,120,60,90000,40,60000,,20,30000,2,6,
3689,9,15,,,15,18000,,,,,,
3689,10,1400,700,175000,700,175000,,,,2,,
3689,11,40,,,30,75000,,10,25000,,,
3689,14,120,,,60,36000,,60,36000,,,
3689,15,60,,,40,8000,,20,4000,,,
3689,16,7,,,7,10000,,,,,,
3689,19,1200,600,30000,600,30000,,,,2,6,
3690,1,700,,,700,147000,,,,,,
3690,7,800,400,80000,400,80000,,,,2,,
3690,8,80,40,60000,30,45000,,10,15000,2,6,
3690,9,12,,,12,14000,,,,,,
3690,10,1000,400,100000,600,150000,,,,2,,
3690,11,40,,,35,87500,,5,7500,,,
3690,14,100,,,50,30000,,50,30000,,,
3690,15,70,,,40,8000,,30,6000,,,
3690,16,10,,,10,15000,,,,,,
3690,19,700,,,700,35000,,,,,,
3691,1,216,,,216,43200,,,,,,
3691,7,590,490,73500,100,15000,,,,5,,
3691,8,130,80,104000,40,52000,,10,13000,2,6,
3691,10,50,,,50,12500,,,,,,
3691,14,50,,,,,,50,22500,,,
3691,15,20,,,,,,20,7000,,,
3691,16,10,,,10,12000,,,,,,
3691,19,1500,1000,50000,500,25000,,,,2,6,
3692,1,20,,,20,4000,,,,,,
3693,1,216,,,216,86400,,,,,,
3693,14,10,,,,,,10,4500,,,
3693,15,10,,,,,,10,3500,,,
3694,1,324,,,324,64800,,,,,,
3694,14,30,,,,,,30,13500,,,
3694,15,10,,,,,,10,3500,,,
3695,1,540,,,540,108000,,,,,,
3695,14,50,,,,,,50,22500,,,
3695,16,10,,,10,12000,,,,,,
3696,1,540,,,540,108000,,,,,,
3696,7,1340,740,111000,600,120000,,,,5,6,
3696,8,200,100,130000,100,130000,,,,2,4,
3696,10,200,,,200,50000,,,,,,
3696,14,55,,,5,2250,,50,22500,,,
3696,15,10,,,,,,10,3500,,,
3696,19,1500,500,30000,1000,60000,,,,2,6,
3697,1,216,,,216,43200,,,,,,
3697,14,40,,,,,,40,18000,,,
3697,15,12,,,,,,12,4200,,,
3699,1,216,,,216,43200,,,,,,
3699,14,40,,,,,,40,18000,,,
3699,15,10,,,,,,10,3500,,,
3700,1,600,,,600,120000,,,,,,
3700,7,300,,,300,60000,,,,,,
3700,8,120,46,69000,50,75000,4,20,30000,6,,
3700,9,8,,,8,8000,,,,,,
3700,10,90,,,90,22500,,,,,,
3700,11,55,20,50000,26,65000,3,6,15000,6,,
3700,12,25,,,13,26000,1,11,22000,,,
3700,14,340,,,185,41500,,155,32800,,,
3700,15,250,,,150,30600,,100,22000,,,
3700,17,7.5,,,4,16000,0.5,3,12000,,,
3700,19,450,,,450,27000,,,,,,
3701,1,650,,,650,130000,,,,,,
3701,12,55,5,10000,30,60000,,20,40000,6,,
3701,14,337,,,198,42500,,139,29600,,,
3701,15,280,,,160,32000,,120,26500,,,
3701,19,800,200,12000,600,36000,,,,6,,
3702,1,400,,,400,80000,,,,,,
3702,12,35,5,10000,18,36000,,12,24000,6,,
3702,14,244,,,142,33000,,102,25000,,,
3702,15,175,,,100,20500,,75,16500,,,
3702,19,850,400,24000,450,27000,,,,6,,
3703,7,150,,,150,30000,,,,,,
3703,8,125,74,96200,27,40500,6,18,27000,4,,
3703,9,6,,,6,6000,,,,,,
3703,10,50,,,50,12500,,,,,,
3703,11,48,30,75000,12,30000,2,4,10000,4,,
3703,12,50,13,26000,20,40000,2,15,30000,6,,
3703,13,6,,,6,6000,,,,,,
3703,14,88,,,50,13900,,38,10300,,,
3703,15,90,,,55,11500,,35,7800,,,
3703,19,650,350,21000,250,15000,50,,,4,6,
3704,1,630,,,630,126000,,,,,,
3704,7,400,,,400,80000,,,,,,
3704,8,62,,,50,75000,,12,18000,,,
3704,10,150,,,150,37500,,,,,,
3704,12,38,,,20,40000,,18,36000,,,
3704,14,381,,,204,44300,,177,37500,,,
3704,15,285,,,160,32000,,125,27500,,,
3704,19,480,,,480,30000,,,,,,
3705,1,220,,,220,44000,,,,,,
3705,12,26,,,15,30000,,11,22000,,,
3705,14,126,,,68,18000,,58,14600,,,
3705,15,130,,,74,15600,,56,12500,,,
3706,1,170,,,170,34000,,,,,,
3706,12,30,4,8000,14,28000,2,10,20000,6,,
3706,13,5,,,5,5000,,,,,,
3706,14,138,,,74,20000,,64,16800,,,
3706,15,125,,,75,15700,,50,11000,,,
3706,19,750,300,18000,400,24000,50,,,6,,
3707,1,680,,,680,136000,,,,,,
3707,7,350,,,350,70000,,,,,,
3707,8,60,,,41,61500,4,15,22500,,,
3707,9,5,,,5,5000,,,,,,
3707,10,100,,,100,25000,,,,,,
3707,11,20,,,16,40000,,4,10000,,,
3707,12,40,,,24,48000,,16,32000,,,
3707,14,369,,,201,44800,,168,37000,,,
3707,15,275,,,165,33500,,110,24500,,,
3707,17,6,,,3,12000,,3,12000,,,
3707,19,800,160,9600,600,36000,40,,,6,,
3708,1,90,,,90,18000,,,,,,
3708,14,57,,,33,10000,,24,7000,,,
3708,15,60,,,36,8000,,24,4600,,,
3709,20,30,,,30,6000,,,,,,
3710,1,360,,,360,79200,,,,,,
3710,14,200,,,120,42000,10,70,24500,,,
3710,15,100,,,80,16000,2,18,3600,,,
3710,16,20,,,17,13600,3,,,,,
3710,20,30,,,30,6000,,,,,,
3711,1,100,,,97,21340,3,,,,,
3711,14,200,,,120,42000,10,70,24500,,,
3711,15,100,,,60,12000,,40,8000,,,
3711,16,15,,,14,11200,1,,,,,
3711,20,60,,,50,10000,3,7,1400,,,
3712,14,250,,,150,52500,20,80,28000,,,
3712,15,160,,,90,18000,10,60,12000,,,
3712,16,30,,,25,20000,5,,,,,
3712,20,40,,,35,7000,3,2,400,,,
3713,14,80,,,40,14000,5,35,12250,,,
3713,15,60,,,30,6000,5,25,5000,,,
3713,16,10,,,8,5600,2,,,,,
3713,20,20,,,15,3000,2,3,600,,,
3714,1,108,,,100,22000,8,,,,,
3714,14,100,,,60,22800,10,30,11400,,,
3714,15,70,,,30,6000,5,35,7000,,,
3714,16,20,,,18,12600,2,,,,,
3714,20,15,,,15,3000,,,,,,
3715,14,70,,,40,14000,5,25,8750,,,
3715,15,40,,,20,4000,2,18,3600,,,
3715,16,20,,,15,12000,5,,,,,
3715,20,20,,,15,3000,5,,,,,
3716,1,270,,,270,59400,,,,,,
3716,14,300,,,160,60800,20,120,45600,,,
3716,15,160,,,100,20000,5,55,11000,,,
3716,16,40,,,35,28000,5,,,,,
3716,20,30,,,27,5400,1,2,400,,,
3717,14,220,,,120,42000,20,80,28000,,,
3717,15,120,,,70,14000,10,40,8000,,,
3717,16,30,,,28,22400,2,,,,,
3717,20,30,,,16,3200,2,12,2400,,,
3718,1,750,,,750,155000,,,,,,
3718,7,150,,,150,30000,,,,,,
3718,8,72,,,60,90000,,12,18000,,,
3718,9,10,,,10,10000,,,,,,
3718,10,200,,,200,50000,,,,,,
3718,11,35,,,30,66000,,5,11000,,,
3718,14,150,,,70,19000,,80,22000,,,
3718,15,120,,,60,12000,,60,12000,,,
3718,16,30,,,30,30000,,,,,,
3718,19,800,,,800,52000,,,,,,
3718,20,60,,,60,12000,,,,,,
3719,14,50,,,,,,50,13000,,,
3719,15,30,,,,,,30,6000,,,
3719,16,10,,,10,15000,,,,,,
3719,20,20,,,20,4000,,,,,,
3720,1,800,,,800,168000,,,,,,
3720,7,100,,,100,20000,,,,,,
3720,8,170,100,150000,60,90000,,10,15000,4,,
3720,10,350,,,350,87000,,,,,,
3720,14,150,,,70,19000,,80,21000,,,
3720,15,120,,,60,15000,,60,15000,,,
3720,16,20,,,20,30000,,,,,,
3720,19,900,,,900,59000,,,,,,
3720,20,60,,,60,12000,,,,,,
3721,1,600,,,600,126000,,,,,,
3721,14,130,,,70,18000,,60,16000,,,
3721,15,100,,,50,10000,,50,10000,,,
3721,19,1000,,,1000,65000,,,,,,
3721,20,40,,,40,8000,,,,,,
3722,1,300,,,300,63000,,,,,,
3722,14,80,,,80,22000,,,,,,
3722,15,20,,,20,4000,,,,,,
3722,20,20,,,20,4000,,,,,,
3723,1,255,,,255,52000,,,,,,
3723,14,55,,,25,6000,,30,8000,,,
3723,20,30,,,30,7000,,,,,,
3724,1,150,,,150,32000,,,,,,
3724,14,80,,,20,5500,,60,16500,,,
3724,15,40,,,,,,40,8500,,,
3724,16,20,,,20,30000,,,,,,
3724,19,150,,,150,10000,,,,,,
3725,1,380,,,380,76000,,,,,,
3725,14,100,,,,,,100,28000,,,
3725,15,40,,,,,,40,8000,,,
3725,20,30,,,30,7000,,,,,,
3726,14,60,,,30,8000,,30,8000,,,
3726,15,30,,,15,3300,,15,3300,,,
3726,16,10,,,10,15000,,,,,,
3726,20,25,,,25,6000,,,,,,
3727,14,60,,,30,15000,,30,18000,,,
3727,15,20,,,10,2000,,10,2500,,,
3727,16,40,,,40,32000,,,,,,
3729,1,200,,,200,42000,,,,,,
3729,14,45,,,30,15000,,15,7500,,,
3729,16,10,,,10,8500,,,,,,
3730,14,100,,,50,25000,,50,30000,,,
3730,15,180,,,100,20000,,80,16000,,,
3730,16,20,,,20,12000,,,,,,
3731,14,40,,,20,11000,,20,11000,,,
3731,15,50,,,25,5000,,25,5000,,,
3736,1,200,,,200,39000,,,,,,
3736,14,30,,,,,,30,12600,,,
3736,15,25,,,,,,25,5500,,,
3737,1,400,,,400,78000,,,,,,
3737,14,50,,,,,,50,20000,,,
3737,15,30,,,,,,30,6000,,,
3738,14,30,,,,,,30,12000,,,
3738,15,20,,,,,,20,4800,,,
3739,1,200,,,200,38400,,,,,,
3739,7,200,,,200,50000,,,,,,
3739,8,65,,,62,93000,,3,4500,,,
3739,9,2,,,2,2000,,,,,,
3739,10,200,,,200,50000,,,,,,
3739,14,150,,,,,,150,57000,,,
3739,15,50,,,,,,50,11000,,,
3739,19,250,,,250,17500,,,,,,
3741,1,300,,,300,58500,,,,,,
3741,14,30,,,,,,30,12000,,,
3741,15,15,,,,,,15,3600,,,
3742,1,300,,,300,57600,,,,,,
3742,7,200,,,100,25000,100,,,,,
3742,8,80,,,27,40500,50,3,4500,,,
3742,9,2,,,2,2000,,,,,,
3742,10,300,,,150,37500,150,,,,,
3742,11,2,,,1,2600,1,,,,,
3742,14,120,,,,,70,50,20000,,,
3742,15,60,,,,,20,40,8800,,,
3742,19,300,,,100,7000,200,,,,,
3743,1,400,,,400,78000,,,,,,
3743,14,80,,,,,,80,28000,,,
3743,15,25,,,,,,25,7000,,,
3744,1,600,,,600,117000,,,,,,
3744,14,70,,,,,,70,28000,,,
3744,15,30,,,,,,30,6600,,,
3745,1,400,,,400,85000,,,,,,
3745,7,1000,500,150000,500,150000,,,,3,6,
3745,8,50,,,30,45000,,20,30000,,,
3745,10,200,100,30000,100,30000,,,,3,6,
3745,14,50,,,10,4000,,40,16000,,,
3745,15,80,,,20,4000,,60,12000,,,
3745,16,15,,,15,30000,,,,,,
3745,19,1200,800,40000,400,20000,,,,3,6,
3746,1,300,,,300,65000,,,,,,
3746,7,2000,1000,300000,800,240000,200,,,1,3,6
3746,8,70,40,60000,20,30000,,10,15000,2,3,
3746,10,100,50,15000,50,15000,,,,2,3,
3746,14,30,,,10,4000,,20,8000,,,
3746,15,50,,,20,4000,,30,6000,,,
3746,19,800,400,20000,400,20000,,,,1,3,6
3747,1,300,,,300,65000,,,,,,
3747,7,1000,800,240000,200,60000,,,,3,6,
3747,8,50,20,30000,15,22500,,15,22500,6,,
3747,10,250,150,45000,100,30000,,,,3,6,
3747,14,50,,,10,4000,,40,16000,,,
3747,15,60,,,20,4000,,40,8000,,,
3747,16,10,,,10,18000,,,,,,
3747,19,1000,600,30000,400,20000,,,,3,6,
3748,1,600,,,600,130000,,,,,,
3748,7,2000,1600,480000,400,120000,,,,3,6,
3748,8,100,50,75000,30,45000,,20,30000,3,6,
3748,9,10,,,10,10000,,,,,,
3748,10,400,200,60000,200,60000,,,,3,6,
3748,11,10,,,10,20000,,,,,,
3748,14,70,,,20,8000,,50,20000,,,
3748,15,100,,,30,6000,,70,14000,,,
3748,16,20,,,20,32000,,,,,,
3748,19,2000,1000,50000,1000,50000,,,,3,6,
3749,1,600,,,600,130000,,,,,,
3749,7,1000,500,150000,500,150000,,,,3,6,
3749,8,50,,,40,60000,,10,15000,,,
3749,10,200,,,200,60000,,,,,,
3749,14,50,,,20,8000,,30,12000,,,
3749,15,100,,,35,7000,,65,13000,,,
3749,19,850,,,850,42500,,,,,,
3750,1,600,,,600,130000,,,,,,
3750,7,1000,300,90000,700,210000,,,,3,6,
3750,8,60,,,30,45000,,30,45000,,,
3750,10,100,,,100,30000,,,,,,
3750,14,70,,,20,8000,,50,20000,,,
3750,15,70,,,20,4000,,50,10000,,,
3750,16,15,,,15,24000,,,,,,
3751,1,600,,,600,130000,,,,,,
3751,7,1500,800,240000,700,210000,,,,3,6,
3751,8,80,10,15000,40,60000,,30,45000,6,,
3751,10,150,50,15000,100,30000,,,,3,6,
3751,14,80,,,20,8000,,60,24000,,,
3751,15,100,,,20,4000,,80,16000,,,
3751,17,30,,,10,30000,,20,60000,,,
3751,19,1000,300,15000,700,35000,,,,6,,
3752,7,1000,,,1000,300000,,,,,,
3752,8,70,,,30,45000,,40,60000,,,
3752,9,30,,,30,30000,,,,,,
3752,10,200,,,200,60000,,,,,,
3752,14,80,,,20,8000,,60,24000,,,
3752,15,100,,,20,4000,,80,16000,,,
3752,16,30,,,30,48000,,,,,,
3752,19,500,,,500,25000,,,,,,
3753,1,600,,,600,130000,,,,,,
3753,7,1200,700,210000,500,150000,,,,3,6,
3753,8,50,,,40,60000,,10,15000,,,
3753,10,200,100,30000,100,30000,,,,3,6,
3753,14,60,,,30,12000,,30,12000,,,
3753,15,80,,,30,6000,,50,10000,,,
3753,16,10,,,10,18000,,,,,,
3753,19,800,,,800,40000,,,,,,
3754,1,600,,,600,120000,,,,,,
3754,14,120,,,120,25000,,,,,,
3754,15,60,,,60,26000,,,,,,
3754,19,1000,,,1000,70000,,,,,,
3755,1,500,,,470,94000,,30,6000,,,
3755,14,80,,,80,32000,,,,,,
3755,15,70,,,70,17500,,,,,,
3756,1,360,,,335,67000,,25,5000,,,
3756,14,40,,,40,8500,,,,,,
3756,15,20,,,20,8000,,,,,,
3757,1,600,,,600,132000,,,,,,
3757,14,100,,,100,22000,,,,,,
3757,15,20,,,20,8000,,,,,,
3758,1,500,,,470,94000,,30,6000,,,
3758,7,100,,,100,25000,,,,,,
3758,8,172,,,172,213000,,,,,,
3758,10,150,,,150,45000,,,,,,
3758,11,5,,,5,12500,,,,,,
3758,14,200,,,200,44000,,,,,,
3758,15,70,,,70,30000,,,,,,
3758,19,850,,,850,52000,,,,,,
3759,1,540,,,520,104000,,20,4000,,,
3759,14,150,,,150,60000,,,,,,
3759,15,70,,,70,15000,,,,,,
3760,1,360,,,340,75480,,20,4440,,,
3760,7,200,,,150,45000,50,,,,,
3760,8,40,,,40,60000,,,,,,
3760,9,20,,,20,20000,,,,,,
3760,10,100,,,100,30000,,,,,,
3760,11,30,,,30,75000,,,,,,
3760,14,70,,,70,15000,,,,,,
3760,15,50,,,50,21000,,,,,,
3760,19,1350,,,1350,88000,,,,,,
3761,14,100,,,100,22000,,,,,,
3761,15,90,,,90,37000,,,,,,
3761,19,900,,,900,63000,,,,,,
3762,1,600,,,580,116000,,20,4000,,,
3762,14,200,,,200,42000,,,,,,
3762,15,70,,,70,30000,,,,,,
3763,14,85,,,40,9000,,45,10000,,,
3763,15,25,,,,,,25,5000,,,
3764,1,280,,,280,60480,,,,,,
3764,14,600,,,200,44000,,400,88000,,,
3765,14,30,,,,,,30,7500,,,
3765,15,20,,,,,,20,4000,,,
3766,14,60,,,,,,60,18000,,,
3766,15,25,,,,,,25,5500,,,
3767,14,120,,,,,,120,26400,,,
3767,15,20,,,,,,20,4000,,,
3768,14,40,,,,,,40,15000,,,
3771,14,250,,,150,30000,,100,20000,,,
3771,15,140,,,100,25000,,40,10000,,,
3772,14,60,,,,,,60,12000,,,
3772,15,40,,,,,,40,8000,,,
3773,14,75,,,,,5,70,18000,,,
3773,15,35,,,,,,35,7000,,,
3774,14,25,,,,,,25,8400,,,
3774,15,20,,,,,,20,4000,,,
3775,14,40,,,,,,40,12000,,,
3775,15,25,,,,,,25,5000,,,
3776,14,45,,,,,,45,15000,,,
3776,15,35,,,,,,35,7000,,,
3779,14,35,,,,,,35,13800,,,
3779,15,25,,,,,,25,5000,,,
3780,14,40,,,,,,40,9600,,,
3780,15,30,,,,,,30,6000,,,
3781,14,96,,,50,13000,,46,12000,,,
3781,15,60,,,30,6000,,30,6000,,,
3781,16,15,,,15,18000,,,,,,
3782,14,120,,,80,15000,,40,8000,,,
3782,15,70,,,40,8000,,30,6000,,,
3782,16,30,,,30,35000,,,,,,
3784,14,100,,,50,15000,,50,15000,,,
3784,15,60,,,35,7000,,25,5000,,,
3784,16,25,,,25,28000,,,,,,
3785,14,90,,,45,15000,,45,15000,,,
3785,15,50,,,25,5000,,25,5000,,,
3785,16,15,,,15,18000,,,,,,
3786,14,100,,,60,18000,,40,12000,,,
3786,15,60,,,40,8000,,20,4000,,,
3786,16,10,,,10,13000,,,,,,
3789,14,90,,,50,15000,,40,12000,,,
3789,15,50,,,30,6000,,20,4000,,,
3789,16,20,,,20,24000,,,,,,
3790,1,400,,,400,60000,,,,,,
3790,7,2830,2800,360000,30,4000,,,,5,,
3790,8,20,,,10,20000,,10,20000,,,
3790,10,30,,,30,4500,,,,,,
3790,11,20,,,10,25000,,10,25000,,,
3790,14,70,,,40,10000,,30,7500,,,
3790,15,60,,,30,6000,,30,6000,,,
3790,19,1000,700,42000,300,18000,,,,6,7,
3791,1,600,,,600,90000,,,,,,
3791,7,2750,2700,340000,50,7000,,,,5,,
3791,8,100,60,120000,20,40000,,20,40000,2,,
3791,10,50,,,50,10000,,,,,,
3791,11,60,20,50000,20,50000,,20,50000,6,,
3791,14,100,,,60,12500,,40,10000,,,
3791,15,60,,,30,6000,,30,6000,,,
3791,19,1000,600,36000,400,24000,,,,6,7,
3792,1,400,,,400,60000,,,,,,
3792,7,2640,2600,340000,40,5000,,,,5,,
3792,8,40,,,20,40000,,20,40000,,,
3792,10,40,,,40,6500,,,,,,
3792,11,40,,,20,50000,,20,50000,,,
3792,17,120,80,240000,10,30000,,30,90000,2,6,4
3792,19,1000,600,36000,400,24000,,,,6,,
3793,1,600,,,600,90000,,,,,,
3793,14,80,,,50,12500,,30,7500,,,
3793,15,70,,,50,10000,,20,4000,,,
3794,1,600,,,600,90000,,,,,,
3794,7,2860,2800,360000,60,8000,,,,5,,
3794,8,40,,,20,40000,,20,40000,,,
3794,10,50,,,50,10000,,,,,,
3794,11,40,,,20,50000,,20,50000,,,
3794,14,100,,,60,15000,,40,10000,,,
3794,15,90,,,60,12000,,30,6000,,,
3794,19,1500,1000,60000,500,30000,,,,6,,
3795,1,400,,,400,60000,,,,,,
3795,7,3940,3900,450000,40,5000,,,,5,,
3795,8,120,90,160000,15,30000,,15,30000,6,4,
3795,10,30,,,30,4800,,,,,,
3795,11,20,,,10,25000,,10,25000,,,
3795,14,80,,,60,15000,,20,5000,,,
3795,15,60,,,30,6000,,30,6000,,,
3795,19,1000,700,42000,300,18000,,,,6,7,
3796,1,400,,,400,60000,,,,,,
3796,7,1530,1500,200000,30,4000,,,,5,,
3796,8,20,,,10,20000,,10,20000,,,
3796,10,30,,,30,6000,,,,,,
3796,11,20,,,10,25000,,10,25000,,,
3796,14,70,,,40,10000,,30,7500,,,
3796,15,50,,,30,6000,,20,4000,,,
3796,19,700,400,24000,300,18000,,,,6,,
3797,7,1430,1400,180000,30,4500,,,,5,,
3797,8,20,,,10,20000,,10,20000,,,
3797,10,30,,,30,4500,,,,,,
3797,11,20,,,10,25000,,10,25000,,,
3797,14,50,,,30,7500,,20,5000,,,
3797,15,40,,,20,4000,,20,4000,,,
3797,19,500,400,24000,100,6000,,,,6,7,
3798,14,40,,,20,5000,,20,5000,,,
3798,15,30,,,20,4000,,10,2000,,,
3799,1,540,,,540,108000,,,,,,
3799,7,80,,,80,12000,,,,,,
3799,8,50,,,50,60000,,,,,,
3799,9,2,,,2,2400,,,,,,
3799,10,150,,,150,37500,,,,,,
3799,11,20,,,20,46000,,,,,,
3800,1,510,,,510,102000,,,,,,
3802,1,630,,,630,126000,,,,,,
3802,14,50,,,50,22000,,,,,,
3802,15,50,,,50,10000,,,,,,
3803,1,470,,,470,94000,,,,,,
3803,7,100,,,100,15000,,,,,,
3803,8,140,60,72000,60,72000,20,,,2,,
3803,9,3,,,2,2400,1,,,,,
3803,10,200,,,150,37500,50,,,,,
3803,11,40,,,30,69000,10,,,,,
3803,14,50,,,50,23000,,,,,,
3803,15,40,,,40,8000,,,,,,
3803,19,1300,600,36000,600,36000,100,,,2,,
3804,1,530,,,530,106000,,,,,,
3804,7,100,,,100,15000,,,,,,
3804,8,120,50,60000,70,84000,,,,2,,
3804,9,2,,,2,2400,,,,,,
3804,10,220,,,220,55000,,,,,,
3804,11,45,15,37500,30,75500,,,,2,,
3804,14,40,,,40,15000,,,,,,
3804,15,50,,,50,10000,,,,,,
3804,19,700,,,700,42000,,,,,,
3805,1,360,,,360,72000,,,,,,
3805,14,30,,,30,13000,,,,,,
3805,15,30,,,30,6000,,,,,,
3805,16,2,,,2,2400,,,,,,
3808,14,60,,,35,11500,,25,7900,,,
3808,15,60,,,40,8000,,20,4000,,,
3810,14,86,,,48,15000,,38,12000,,,
3810,15,50,,,35,7000,,15,3000,,,
3811,14,100,,,50,15000,,50,16000,,,
3811,15,80,,,40,8000,,40,8000,,,
3812,14,63,,,31,10000,,32,7500,,,
3812,15,40,,,20,4000,,20,4000,,,
3813,14,47,,,22,7500,,25,8000,,,
3813,15,20,,,12,2400,,8,1600,,,
3813,19,1550,1200,84000,300,21000,50,,,2,6,
3814,14,56,,,28,9000,,28,9000,,,
3814,15,40,,,20,4000,,20,4000,,,
3814,19,2650,2250,157000,400,28000,,,,2,3,
3815,7,400,280,84000,120,36000,,,,2,3,
3815,8,70,30,45000,35,52500,,5,7500,2,3,
3815,10,480,280,84000,200,60000,,,,2,3,
3815,11,10,,,7,21000,,3,4500,,,
3815,14,72,,,40,13000,,32,10000,,,
3815,15,50,,,25,5000,,25,5000,,,
3815,19,1200,800,56000,400,28000,,,,2,3,
3816,7,420,240,72000,180,54000,,,,2,3,
3816,8,100,55,82500,40,60000,,5,7500,2,3,
3816,10,500,300,90000,200,60000,,,,2,3,
3816,14,62,,,31,10000,,31,10000,,,
3816,15,40,,,25,5000,,15,3000,,,
3816,19,1200,800,56000,350,24500,50,,,2,3,
3817,1,850,,,850,178000,,,,,,
3817,14,50,,,20,7000,,30,10000,,,
3817,15,40,,,20,4500,,20,4500,,,
3817,16,20,,,20,16000,,,,,,
3817,19,1600,600,30000,1000,50000,,,,2,5,6
3818,1,300,,,300,62000,,,,,,
3818,14,40,,,20,7000,,20,7000,,,
3818,16,15,,,15,13000,,,,,,
3818,17,160,80,280000,20,60000,30,30,100000,2,,
3818,19,400,,,400,20000,,,,,,
3819,1,350,,,350,57000,,,,,,
3819,19,1300,1100,55000,200,10000,,,,2,5,6
3820,1,560,,,560,116000,,,,,,
3820,7,2500,2300,253000,150,30000,50,,,7,,
3820,8,100,30,39000,50,65000,,20,26000,5,6,
3820,10,200,,,200,40000,,,,,,
3820,14,60,,,30,10000,,30,10000,,,
3820,16,30,,,30,24000,,,,,,
3821,1,200,,,200,42000,,,,,,
3821,14,20,,,10,3500,,10,3500,,,
3821,16,5,,,5,4000,,,,,,
3821,19,2400,2200,110000,150,7500,50,,,2,5,6
3822,1,1000,,,1000,210000,,,,,,
3822,7,500,,,500,100000,,,,,,
3822,8,1000,800,1040000,90,118000,30,80,106000,5,6,7
3822,10,500,,,500,100000,,,,,,
3822,11,80,,,60,180000,,20,60000,,,
3822,14,50,,,50,17000,,,,,,
3822,15,40,,,40,8000,,,,,,
3822,16,30,,,30,23000,,,,,,
3822,19,2400,1700,85000,600,30000,100,,,5,6,7
3823,1,540,,,540,112000,,,,,,
3823,14,30,,,10,3200,,20,7000,,,
3823,15,25,,,12,2400,,13,2600,,,
3823,16,10,,,10,8000,,,,,,
3823,19,2000,1600,80000,400,20000,,,,5,6,7
3824,1,1100,,,1100,226000,,,,,,
3824,7,300,,,300,60000,,,,,,
3824,8,90,,,80,104000,,10,13000,,,
3824,10,200,,,200,40000,,,,,,
3824,11,20,,,20,60000,,,,,,
3824,14,60,,,60,18000,,,,,,
3824,15,26,,,26,4900,,,,,,
3824,16,20,,,20,15000,,,,,,
3824,19,1500,500,25000,1000,50000,,,,2,,
3825,14,60,,,30,9000,,30,9000,,,
3825,15,20,,,20,4000,,,,,,
3825,16,20,,,20,15000,,,,,,
3825,19,1000,,,500,25000,500,,,,,
3826,14,71,,,38,12500,,33,10000,,,
3826,15,35,,,20,4000,,15,3000,,,
3827,14,75,,,53,17500,,22,7500,,,
3827,15,30,,,20,4000,,10,2000,,,
3828,14,80,,,55,17600,,25,8300,,,
3828,15,55,,,40,8000,,15,3000,,,
3829,14,76,,,38,12500,,38,12500,,,
3829,15,50,,,35,7000,,15,3000,,,
3830,14,102,,,60,19000,,42,13500,,,
3830,15,55,,,35,7000,,20,4000,,,
3831,14,58,,,33,10000,,25,8000,,,
3831,15,30,,,20,4000,,10,2000,,,
3832,14,40,,,25,12500,,15,7500,,,
3832,15,30,,,20,4000,,10,2000,,,
3833,14,105,,,60,20000,,45,15000,,,
3833,15,50,,,30,6000,,20,4000,,,
3834,14,60,,,30,9900,,30,9900,,,
3834,15,20,,,12,2400,,8,1600,,,
3835,14,50,,,50,22500,,,,,,
3835,15,80,,,80,11500,,,,,,
3836,14,150,,,150,67500,,,,,,
3836,15,150,,,150,21000,,,,,,
3837,1,240,,,240,52800,,,,,,
3837,14,100,,,100,45000,,,,,,
3837,15,80,,,80,11200,,,,,,
3838,1,360,,,360,79200,,,,,,
3838,14,80,,,80,36000,,,,,,
3838,15,140,,,140,19600,,,,,,
3839,1,360,,,360,79200,,,,,,
3839,14,130,,,130,58500,,,,,,
3839,15,80,,,80,12000,,,,,,
3840,1,600,,,600,132000,,,,,,
3840,14,180,,,180,81000,,,,,,
3840,15,150,,,150,22500,,,,,,
3841,14,150,,,140,63000,,10,4500,,,
3841,15,180,,,160,24000,,20,2600,,,
3842,14,220,,,215,96750,,5,2250,,,
3842,15,160,,,150,21000,,10,1400,,,
3842,17,40,30,90000,7,21000,,3,9000,7,,
3843,1,600,,,600,132000,,,,,,
3843,14,250,,,225,101250,,25,11250,,,
3843,15,130,,,130,18200,,,,,,
3843,19,1000,,,1000,60000,,,,,,
3844,1,130,,,130,27300,,,,,,
3845,1,500,,,500,105000,,,,,,
3845,17,70,40,120000,5,15000,10,15,45000,7,,
3846,1,300,,,300,63000,,,,,,
3846,8,50,10,15000,30,45000,5,5,7500,6,,
3846,10,160,,,160,48000,,,,,,
3846,14,60,,,10,4000,,50,20000,,,
3846,15,80,,,20,3600,,60,10800,,,
3846,17,15,,,10,30000,5,,,,,
3847,1,400,,,400,84000,,,,,,
3847,2,20,,,20,74000,,,,,,
3847,14,70,,,20,8000,,50,20000,,,
3847,15,100,,,40,7200,,60,14400,,,
3847,16,5,,,5,5500,,,,,,
3848,1,500,,,500,105000,,,,,,
3848,8,50,,,40,60000,,10,15000,,,
3848,10,70,,,70,21000,,,,,,
3848,14,80,,,20,8000,,60,24000,,,
3848,15,110,,,30,5400,,80,14400,,,
3848,16,10,,,10,12000,,,,,,
3848,19,900,200,12000,700,42000,,,,2,,
3849,1,500,,,500,105000,,,,,,
3849,14,80,,,20,8000,,60,24000,,,
3849,15,60,,,,,,60,10800,,,
3849,16,5,,,5,5500,,,,,,
3850,1,700,,,700,147000,,,,,,
3850,8,70,20,30000,40,60000,5,5,7500,6,,
3850,10,150,,,150,45000,,,,,,
3850,14,100,,,20,8000,,80,32000,,,
3850,15,150,,,40,7200,,110,19800,,,
3850,16,10,,,10,12000,,,,,,
3850,19,1000,,,1000,60000,,,,,,
3851,1,300,,,300,63000,,,,,,
3851,8,180,40,60000,40,60000,80,20,30000,2,,
3851,10,300,,,200,60000,100,,,,,
3851,14,40,,,,,,40,16000,,,
3851,15,80,,,20,3600,,60,10800,,,
3852,1,110,,,110,23100,,,,,,
3853,1,380,,,380,83600,,,,,,
3853,7,300,,,300,75000,,,,,,
3853,8,120,,,100,150000,,20,30000,,,
3853,10,400,,,400,120000,,,,,,
3853,11,5,,,5,12500,,,,,,
3853,12,75,50,100000,25,50000,,,,7,,
3853,13,90,70,91000,20,26000,,,,7,,
3853,14,240,,,200,50000,,40,10000,,,
3853,15,90,,,90,11700,,,,,,
3853,19,2500,1300,78000,1200,72000,,,,2,,
3854,1,200,,,200,44000,,,,,,
3854,14,130,,,130,33800,,,,,,
3854,15,50,,,50,6500,,,,,,
3855,1,650,,,650,143000,,,,,,
3855,12,100,80,160000,20,40000,,,,2,,
3855,13,300,220,286000,30,39000,50,,,2,,
3855,14,240,,,200,50000,,40,10000,,,
3855,15,75,,,75,9750,,,,,,
3855,19,1700,,,1700,102000,,,,,,
3856,1,300,,,300,66000,,,,,,
3856,12,30,,,20,40000,,10,20000,,,
3856,13,400,320,480000,40,60000,40,,,2,,
3856,14,180,,,150,39000,,30,7800,,,
3856,15,60,,,60,7800,,,,,,
3856,19,2500,2000,120000,500,30000,,,,2,,
3857,14,180,,,160,43200,,20,5400,,,
3857,15,45,,,45,5850,,,,,,
3857,19,1000,400,24000,600,36000,,,,2,,
3858,1,300,,,300,66000,,,,,,
3858,7,250,,,250,50000,,,,,,
3858,8,160,60,90000,80,120000,,20,30000,2,,
3858,10,350,,,350,105000,,,,,,
3858,12,30,20,40000,10,20000,,,,2,,
3858,13,50,40,52000,10,13000,,,,2,,
3858,14,160,,,140,35000,,20,5000,,,
3858,15,70,,,70,9100,,,,,,
3858,19,800,,,800,48000,,,,,,
3859,12,200,170,340000,30,60000,,,,3,,
3859,13,250,220,286000,30,39000,,,,3,,
3859,14,145,,,145,37700,,,,,,
3859,15,55,,,55,7150,,,,,,
3860,1,350,,,350,77000,,,,,,
3860,12,100,80,160000,20,40000,,,,3,,
3860,13,500,430,645000,50,75000,20,,,3,,
3860,14,240,,,240,64800,,,,,,
3860,15,70,,,70,10500,,,,,,
3860,17,100,80,240000,20,60000,,,,3,,
3861,1,400,,,400,88000,,,,,,
3861,7,250,,,250,50000,,,,,,
3861,8,110,,,100,150000,,10,15000,,,
3861,10,300,,,300,105000,,,,,,
3861,12,40,30,50000,10,20000,,,,4,,
3861,13,200,180,270000,20,30000,,,,4,,
3861,14,200,,,200,48000,,,,,,
3861,15,75,,,75,9750,,,,,,
3861,19,1000,200,12000,800,48000,,,,2,,
3862,1,200,,,200,44000,,,,,,
3862,14,210,,,110,26730,,100,24300,,,
3862,15,95,,,60,8640,,35,5040,,,
3862,16,15,,,15,22500,,,,,,
3863,14,80,,,50,11850,,30,7110,,,
3863,15,60,,,35,5250,,25,3750,,,
3863,16,10,,,10,15000,,,,,,
3864,1,120,,,120,26400,,,,,,
3864,14,46,,,22,5258,,24,5736,,,
3864,15,30,,,28,3724,,2,266,,,
3865,1,70,,,70,15400,,,,,,
3865,10,10,,,10,3000,,,,,,
3865,14,60,,,25,5500,2,33,7260,,,
3865,15,30,,,20,2600,,10,1300,,,
3865,16,3,,,3,3900,,,,,,
3866,14,68,,,25,6250,1,42,10500,,,
3866,15,20,,,20,3000,,,,,,
3867,14,188,,,96,23520,2,90,22050,,,
3867,15,110,,,70,8750,,40,5000,,,
3867,16,10,,,10,15000,,,,,,
3868,1,300,,,300,66000,,,,,,
3868,14,122,,,84,18816,,38,8512,,,
3868,15,90,,,65,8450,,25,3250,,,
3868,16,5,,,5,7000,,,,,,
3869,1,300,,,300,66000,,,,,,
3869,12,8,,,8,16000,,,,,,
3869,14,135,,,80,18640,,55,12815,,,
3869,15,110,,,65,8320,,45,5760,,,
3870,1,180,,,180,39600,,,,,,
3870,14,30,,,15,3600,,15,3600,,,
3870,15,20,,,10,1500,,10,1500,,,
3871,1,290,,,290,63800,,,,,,
3871,14,70,,,40,4000,,30,3000,,,
3871,19,650,,,650,32500,,,,,,
3872,1,295,,,295,64900,,,,,,
3872,14,75,,,45,15750,,30,10500,,,
3872,15,70,,,30,3000,,40,4000,,,
3873,1,360,,,360,79200,,,,,,
3873,12,12,,,,,,12,18000,,,
3873,14,200,,,100,26000,,100,26000,,,
3873,15,180,,,80,12000,,100,15000,,,
3874,1,145,,,145,31900,,,,,,
3874,12,10,,,10,15000,,,,,,
3874,14,120,,,60,14400,,60,14400,,,
3874,15,100,,,50,6000,,50,6000,,,
3875,15,40,,,10,1000,,30,3000,,,
3876,1,360,,,360,79200,,,,,,
3876,12,25,,,20,34000,,5,8500,,,
3876,14,10,,,10,5000,,,,,,
3876,15,100,,,50,6000,,50,6000,,,
3876,19,630,,,630,31500,,,,,,
3877,1,270,,,270,59400,,,,,,
3877,12,10,,,,,,10,15000,,,
3877,15,120,,,20,2300,,100,11500,,,
3878,1,650,,,650,143000,,,,,,
3878,14,190,,,40,9800,,150,36750,,,
3878,15,140,,,60,7800,,80,10400,,,
3879,1,255,,,255,56100,,,,,,
3879,12,20,,,10,15000,,10,15000,,,
3879,14,120,,,70,22400,,50,16000,,,
3879,15,130,,,90,12600,,40,5600,,,
3879,19,700,,,700,35000,,,,,,
3880,1,200,,,198,43560,,2,440,,,
3880,14,90,,,50,13000,,40,11000,,,
3880,15,50,,,30,6000,,20,4000,,,
3880,16,5,,,5,7000,,,,,,
3881,14,170,,,130,28000,,40,10000,,,
3881,15,70,,,50,10000,,20,4000,,,
3881,16,3,,,3,4500,,,,,,
3882,1,700,,,696,153120,,4,880,,,
3882,14,150,,,80,18000,,70,17000,,,
3882,15,60,,,30,6000,,30,6000,,,
3882,16,7,,,7,10000,,,,,,
3883,1,720,,,717,157740,,3,660,,,
3883,14,250,,,150,34000,,100,24000,,,
3883,15,150,,,100,20000,,50,10000,,,
3883,16,12,,,12,17000,,,,,,
3885,1,700,,,690,151800,5,5,1100,,,
3885,14,320,,,190,42000,,130,30000,,,
3885,15,150,,,80,16000,,70,14000,,,
3885,16,10,,,10,14000,,,,,,
3885,19,400,,,350,21000,50,,,,,
3886,14,200,,,110,26000,,90,22000,,,
3886,15,120,,,80,16000,,40,8000,,,
3886,16,10,,,10,14000,,,,,,
3887,1,400,,,397,87340,,3,660,,,
3887,14,170,,,100,25000,,70,19000,,,
3887,15,70,,,35,7000,,35,7000,,,
3887,16,13,,,13,18000,,,,,,
3888,1,720,,,715,157300,,5,1100,,,
3888,14,280,,,180,40000,,100,24000,,,
3888,15,80,,,50,10000,,30,6000,,,
3888,16,10,,,10,15000,,,,,,
3890,14,40,,,,,,40,16000,,,
3890,15,30,,,,,,30,10000,,,
3891,14,5,,,,,,5,2500,,,
3895,14,5,,,,,,5,3000,,,
3895,15,30,,,,,,30,15000,,,
3896,14,6,,,,,,6,3000,,,
3897,15,30,,,,,,30,9000,,,
3898,14,40,,,,,,40,12000,,,
3898,15,50,,,,,,50,6000,,,
3899,14,30,,,20,3200,,10,1600,,,
3899,15,45,,,25,3000,,20,2600,,,
3900,14,25,,,15,1800,,10,1200,,,
3902,14,60,,,30,3600,,30,3600,,,
3902,15,30,,,20,2600,,10,1300,,,
3903,14,12,,,,,,12,4800,,,
3903,15,35,,,15,1800,,20,2400,,,
3913,14,10,,,,,,10,4000,,,
3914,14,10,,,,,,10,4000,,,
3915,14,90,,,,,,90,36000,,,
3915,15,30,,,,,,30,9000,,,
3917,14,50,,,25,10000,,25,10000,,,
3917,15,50,,,25,10000,,25,10000,,,
3920,12,200,,,180,180000,,20,20000,,,
3920,13,200,,,190,180000,,10,10000,,,
3920,14,200,,,100,10000,,100,10000,,,
3920,15,100,,,50,5000,,50,5000,,,
3922,14,50,,,,,,50,10000,,,
3922,15,20,,,,,,20,4000,,,
3923,14,10,,,5,1000,,5,1000,,,
3923,15,10,,,5,1000,,5,1000,,,
3924,14,100,,,50,10000,,50,10000,,,
3924,15,100,,,50,10000,,50,10000,,,
3925,14,60,,,,,,60,15000,,,
3925,15,40,,,,,,40,8500,,,
3926,14,120,,,,,,120,38000,,,
3926,20,15,,,,,,15,7000,,,
3927,14,90,,,,,,90,27500,,,
3927,15,10,,,,,,10,4500,,,
3927,20,6,,,,,,6,1000,,,
3928,14,110,,,,,,110,23000,,,
3928,15,25,,,,,,25,8000,,,
3928,20,18,,,,,,18,6000,,,
3929,1,400,,,400,82000,,,,,,
3929,14,60,,,,,,60,17000,,,
3929,15,20,,,,,,20,8000,,,
3929,20,5,,,,,,5,1000,,,
3931,14,60,,,,,,60,17800,,,
3931,15,20,,,,,,20,4500,,,
3931,20,8,,,,,,8,1800,,,
3932,14,50,,,,,,50,10000,,,
3932,15,10,,,,,,10,2000,,,
3933,14,75,,,,,,75,19500,,,
3933,15,10,,,,,,10,3500,,,
3933,20,10,,,,,,10,2500,,,
3934,14,60,,,10,6000,,50,30000,,,
3934,15,80,,,5,1500,,75,22500,,,
3934,16,50,,,50,85000,,,,,,
3934,20,20,,,,,,20,8000,,,
3935,14,100,,,15,9000,,85,51000,,,
3935,15,150,,,15,4500,,135,40500,,,
3935,16,60,,,60,102000,,,,,,
3936,14,60,,,10,6000,,50,30000,,,
3936,15,100,,,12,3600,,88,26400,,,
3936,16,20,,,20,34000,,,,,,
3937,14,30,,,5,3000,,25,15000,,,
3937,15,30,,,3,900,,27,8100,,,
3937,20,15,,,,,,15,6000,,,
3938,14,30,,,,,,30,18000,,,
3938,15,50,,,,,,50,15000,,,
3938,20,4,,,,,,4,1600,,,
3939,14,20,,,4,2400,,16,9600,,,
3939,15,30,,,5,1500,,25,7500,,,
3939,16,10,,,10,17000,,,,,,
3941,14,40,,,10,6000,,30,18000,,,
3941,15,30,,,6,1800,,24,7200,,,
3941,16,20,,,20,34000,,,,,,
3942,14,21,,,3,1800,,18,10800,,,
3942,20,6,,,,,,6,2400,,,
3943,14,22,,,,,,22,9200,,,
3943,15,9,,,,,,9,1800,,,
3944,14,60,,,3,1500,,57,15000,,,
3944,15,45,,,,,,45,4500,,,
3945,14,37,,,,,,37,10000,,,
3945,15,33,,,,,,33,6000,,,
3946,14,38,,,,,,38,11000,,,
3946,15,10,,,,,,10,2000,,,
3950,14,21,,,,,,21,7200,,,
3950,15,13,,,,,,13,2600,,,
3953,14,150,,,,,,150,30000,,,
3953,15,100,,,,,,100,25000,,,
3953,16,100,,,100,200000,,,,,,
3955,14,150,,,,,,150,30000,,,
3955,15,70,,,,,,70,15000,,,
3956,14,100,,,,,,100,20000,,,
3956,15,50,,,,,,50,10000,,,
3958,14,150,,,,,,150,30000,,,
3958,15,50,,,,,,50,10000,,,
3961,14,73,,,,,,73,20000,,,
3962,14,90,,,,,,90,14000,,,
3963,14,170,,,,,,170,40000,,,
3963,15,20,,,,,,20,4000,,,
3964,14,270,,,,,,270,60000,,,
3964,15,120,,,,,,120,25000,,,
3965,14,100,,,,,,100,25000,,,
3965,15,30,,,,,,30,5000,,,
3967,14,205,,,,,,205,50000,,,
3967,15,100,,,,,,100,18000,,,
3967,20,20,,,,,,20,4000,,,
3968,14,158,,,,,,158,30000,,,
3968,15,36,,,,,,36,6000,,,
3972,14,30,,,12,3600,,18,5400,,,
3972,15,50,,,20,4000,,30,6000,,,
3974,15,7,,,,,,7,1400,,,
3976,14,10,,,5,1500,,5,1500,,,
3983,14,50,,,2,600,,48,14400,,,
3985,14,20,,,,,,20,5000,,,
3985,15,10,,,,,,10,2000,,,
3986,14,100,,,,,,100,35000,,,
3986,15,100,,,,,,100,20000,,,
3992,14,70,,,,,,70,30000,,,
3992,15,75,,,,,,75,12500,,,
3994,14,120,,,,,,120,80000,,,
3998,14,30,,,,,,30,10000,,,
3998,15,10,,,,,,10,3000,,,
4000,14,50,,,,,,50,20000,,,
4000,15,50,,,,,,50,10000,,,
4000,16,10,,,10,13000,,,,,,
4002,14,20,,,,,,20,15000,,,
4002,15,10,,,,,,10,3000,,,
4007,14,170,,,70,23100,,100,33000,,,
4007,15,120,,,50,10000,,70,14000,,,
4007,19,2500,2100,158000,400,28000,,,,3,,
4008,1,600,,,570,120000,,30,6300,,,
4008,2,20,,,20,60000,,,,,,
4008,7,2000,1800,270000,170,42500,30,,,5,6,
4008,8,60,10,18000,25,37500,5,20,30000,2,4,6
4008,9,7,,,7,7000,,,,,,
4008,10,330,110,33000,200,60000,20,,,2,3,6
4008,11,35,,,20,60000,,15,45000,,,
4008,14,230,,,80,26400,,150,49500,,,
4008,15,200,,,70,14000,,130,26000,,,
4008,16,10,,,10,7000,,,,,,
4008,19,1800,1270,88900,500,35000,30,,,3,6,7
4009,1,450,,,420,88400,,30,6300,,,
4009,7,1800,1650,222750,150,37500,,,,5,,
4009,8,70,30,54000,20,30000,,20,30000,2,3,6
4009,9,5,,,5,5000,,,,,,
4009,10,400,200,60000,200,50000,,,,2,3,6
4009,11,30,,,15,45000,,15,45000,,,
4009,12,20,10,20000,5,10000,,5,10000,3,6,7
4009,13,10,5,5000,5,5000,,,,3,6,7
4009,14,230,,,80,26400,,150,49500,,,
4009,15,210,,,90,18000,,120,24000,,,
4009,16,10,,,10,7000,,,,,,
4009,19,1300,830,63000,450,31500,20,,,3,6,7
4010,1,570,,,535,88700,,35,5800,,,
4010,2,35,,,2,6000,,33,99000,,,
4010,7,5000,4820,650700,150,37500,30,,,5,,
4010,8,120,70,126000,25,37500,,25,37500,2,3,6
4010,9,12,,,12,12000,,,,,,
4010,10,500,300,90000,180,45000,20,,,3,6,7
4010,11,60,20,60000,20,60000,,20,60000,,3,7
4010,12,50,30,60000,10,20000,,10,20000,6,7,
4010,13,40,25,25000,10,10000,,5,5000,2,6,7
4010,14,270,,,120,39600,,150,49500,,,
4010,15,230,,,110,22000,,120,24000,,,
4010,16,12,,,10,7000,,2,1400,,,
4010,19,2800,2250,160000,500,35000,50,,,3,6,7
4011,1,650,,,610,98000,,40,6600,,,
4011,7,3500,3260,423800,200,50000,40,,,5,,
4011,8,75,30,60000,25,37500,,20,30000,2,3,6
4011,9,4,,,4,4000,,,,,,
4011,10,270,70,21000,200,50000,,,,3,6,
4011,11,40,,,25,75000,,15,45000,,,
4011,12,40,20,40000,8,16000,2,10,20000,3,6,7
4011,13,20,,,10,10000,,10,10000,,,
4011,14,270,,,130,42900,,140,46200,,,
4011,15,180,,,70,14000,,110,22000,,,
4011,16,12,,,10,6000,,2,1200,,,
4011,19,1800,1150,92000,600,42000,50,,,2,3,6
4012,1,300,,,280,57600,,20,4100,,,
4012,7,2000,1850,250000,150,37500,,,,5,,
4012,8,50,20,36000,20,34000,,10,17000,3,6,
4012,9,5,,,5,5000,,,,,,
4012,10,270,100,30000,170,44200,,,,3,6,7
4012,11,35,5,15000,15,45000,,15,45000,3,7,
4012,14,220,,,100,33000,,120,39600,,,
4012,15,190,,,90,19800,,100,22000,,,
4012,19,1900,1580,120000,300,21000,20,,,3,6,7
4013,1,550,,,520,104400,,30,6000,,,
4013,7,3700,3450,465750,220,55000,30,,,5,,
4013,8,90,50,90000,30,45000,,10,15000,3,6,7
4013,9,7,,,7,7000,,,,,,
4013,10,400,200,60000,200,50000,,,,3,6,7
4013,11,50,20,60000,20,60000,,10,30000,2,6,7
4013,14,300,,,120,39600,,180,59400,,,
4013,15,250,,,100,20000,,150,30000,,,
4013,16,9,,,9,6300,,,,,,
4013,19,1400,820,61000,550,38500,30,,,3,6,7
4014,1,430,,,400,80000,,30,6000,,,
4014,7,3500,3310,450000,150,39000,40,,,6,,
4014,8,75,45,80000,18,30600,,12,20400,3,6,7
4014,9,6,,,6,6000,,,,,,
4014,10,350,150,45000,170,51000,30,,,3,6,7
4014,11,32,,,20,60000,,12,36000,,,
4014,14,180,,,80,26400,,100,33000,,,
4014,15,210,,,70,14000,,140,28000,,,
4014,16,8,,,8,6000,,,,,,
4014,19,1900,1470,100000,400,28000,30,,,3,6,7
4015,14,140,,,70,23100,,70,23100,,,
4015,15,100,,,50,9000,,50,9000,,,
4016,14,140,,,70,23100,,70,23100,,,
4016,15,60,,,30,5400,,30,5400,,,
4017,1,100,,,100,21000,,,,,,
4017,14,60,,,30,9900,,30,9900,,,
4017,15,60,,,30,5400,,30,5400,,,
4017,19,800,550,38000,250,17500,,,,2,6,
4018,14,180,,,90,29700,,90,29700,,,
4018,15,120,,,60,10800,,60,10800,,,
4019,14,100,,,50,16500,,50,16500,,,
4019,15,100,,,50,9000,,50,9000,,,
4020,14,180,,,90,29700,,90,29700,,,
4020,15,160,,,80,14400,,80,14400,,,
4021,14,160,,,80,26400,,80,26400,,,
4021,15,120,,,60,10800,,60,10800,,,
4022,14,50,,,25,8250,,25,8250,,,
4022,15,80,,,40,7200,,40,7200,,,
4023,1,55,,,55,11600,,,,,,
4023,14,100,,,50,16500,,50,16500,,,
4023,15,40,,,20,3600,,20,3600,,,
4023,19,1400,,,500,35000,900,,,,,
4024,1,140,,,125,26000,,15,3200,,,
4024,14,100,,,50,16500,,50,16500,,,
4024,15,60,,,30,5400,,30,5400,,,
4025,1,155,,,140,29200,,15,3200,,,
4025,14,100,,,50,16500,,50,16500,,,
4025,15,60,,,30,5400,,30,5400,,,
4026,1,720,,,700,120000,,20,3300,,,
4026,7,900,550,110000,350,70000,,,,2,5,6
4026,8,117,41,61500,53,79500,7,16,24000,2,3,6
4026,9,25,10,10000,10,10000,5,,,2,,
4026,10,700,350,87500,350,87500,,,,2,3,6
4026,11,36,2,6000,22,66000,4,8,24000,2,,
4026,14,160,,,80,26400,,80,26400,,,
4026,15,120,,,60,10800,,60,10800,,,
4026,19,1800,1000,70000,800,56000,,,,2,3,6
4027,1,515,,,500,84000,,15,2500,,,
4027,7,700,400,80000,300,60000,,,,2,5,6
4027,8,120,37,55500,55,82500,10,18,27000,2,3,6
4027,9,25,10,10000,10,10000,5,,,2,6,
4027,10,770,470,117500,300,75000,,,,2,3,6
4027,11,40,7,21000,21,63000,2,10,30000,2,,
4027,14,150,,,75,24750,,75,24750,,,
4027,15,100,,,50,9000,,50,9000,,,
4027,19,1800,1100,77000,700,49000,,,,2,3,6
4028,1,290,,,280,58800,,10,2100,,,
4028,14,100,,,50,16500,,50,16500,,,
4028,15,60,,,30,4800,,30,4800,,,
4029,1,300,,,280,58400,,20,4200,,,
4029,14,100,,,50,16500,,50,16500,,,
4029,15,100,,,50,9000,,50,9000,,,
4029,19,1500,950,66500,550,38500,,,,2,3,6
4030,1,585,,,570,96000,,15,2500,,,
4030,7,800,500,100000,300,60000,,,,2,5,6
4030,8,110,40,60000,50,75000,5,15,22500,2,3,6
4030,9,20,10,10000,10,10000,,,,2,6,
4030,10,700,400,100000,300,75000,,,,2,3,6
4030,11,37,5,15000,20,60000,2,10,30000,2,,
4030,14,140,,,70,23100,,70,23100,,,
4030,15,120,,,60,10800,,60,10800,,,
4030,19,1600,900,63000,700,49000,,,,2,3,6
4031,1,720,,,700,116000,,20,3300,,,
4031,7,700,350,70000,350,70000,,,,2,5,6
4031,8,115,34,51000,60,90000,5,16,24000,2,3,6
4031,9,24,12,12000,12,12000,,,,2,6,
4031,10,700,350,87500,350,87500,,,,2,3,6
4031,11,38,,,24,72000,4,10,30000,,,
4031,14,150,,,75,24750,,75,24750,,,
4031,15,120,,,60,10800,,60,10800,,,
4031,19,1600,800,56000,800,56000,,,,2,3,6
4032,1,580,,,560,94000,,20,3300,,,
4032,7,800,500,100000,300,60000,,,,2,5,6
4032,8,120,47,70500,50,75000,7,16,24000,2,3,6
4032,9,24,10,10000,10,10000,4,,,2,6,
4032,10,800,450,112500,350,87500,,,,2,3,6
4032,11,40,6,18000,22,66000,2,10,30000,2,,
4032,14,145,,,70,23100,,75,24750,,,
4032,15,100,,,50,9000,,50,9000,,,
4032,19,1700,850,59500,850,59500,,,,2,3,6
4033,1,600,,,600,132000,,,,,,
4033,7,500,350,106000,150,45000,,,,2,3,
4033,8,142,80,136000,42,71400,,20,34000,2,3,
4033,10,1000,700,210000,300,90000,,,,2,3,
4033,14,150,,,70,22400,,80,26000,,,
4033,15,200,,,100,30000,,100,30000,,,
4033,19,1500,1000,70000,500,35000,,,,2,3,
4034,1,450,,,450,96800,,,,,,
4034,14,120,,,70,28000,,50,18000,,,
4034,15,150,,,100,35000,,50,18000,,,
4035,1,460,,,460,82800,,,,,,
4035,14,150,,,80,40000,,70,55000,,,
4035,15,350,,,200,50000,,150,35000,,,
4035,19,2000,,,2000,140000,,,,,,
4036,1,300,,,300,70000,,,,,,
4036,14,70,,,20,7000,,50,15000,,,
4036,15,100,,,20,7000,,80,25000,,,
4037,1,650,,,650,148000,,,,,,
4037,14,150,,,80,30000,,70,25000,,,
4037,15,200,,,100,35000,,100,35000,,,
4038,1,400,,,400,92000,,,,,,
4038,14,150,,,70,24000,,80,30000,,,
4038,15,145,,,110,38000,,35,12250,,,
4038,19,1200,,,1200,84000,,,,,,
4039,1,400,,,400,92000,,,,,,
4039,14,50,,,25,8000,,25,8000,,,
4039,15,70,,,30,10000,,40,14000,,,
4040,1,440,,,440,96000,,,,,,
4040,14,100,,,50,17500,,50,17500,,,
4040,15,150,,,110,35200,,40,12800,,,
4040,19,700,,,700,49000,,,,,,
4041,14,150,,,,,,150,52000,,,
4041,15,50,,,15,4800,,35,11500,,,
4042,14,60,,,20,7000,,40,10000,,,
4042,15,50,,,10,3000,,40,8000,,,
4044,14,70,,,10,2300,,60,15000,,,
4044,15,60,,,15,3750,,45,9000,,,
4046,1,600,,,600,130000,,,,,,
4046,14,100,,,30,6000,,70,17500,,,
4046,15,80,,,20,4000,,60,13800,,,
4046,19,1350,,,1350,81000,,,,,,
4047,19,100,,,100,7000,,,,,,
4049,1,600,,,600,126000,,,,,,
4049,14,120,,,20,5000,,100,23000,,,
4049,15,70,,,10,2500,,60,15000,,,
4049,16,15,,,15,18000,,,,,,
4049,19,1600,,,1600,96000,,,,,,
4050,1,600,,,600,132000,,,,,,
4050,14,120,,,20,4600,,100,20000,,,
4050,15,100,,,40,8400,,60,13800,,,
4056,14,37,,,,,,37,17250,,,
4056,15,46,,,,,,46,13430,,,
4057,1,300,,,300,66000,,,,,,
4057,14,207,,,,,,207,48260,,,
4057,15,112,,,,,,112,33440,,,
4058,14,213,,,,,,213,69970,,,
4058,15,60,,,,,,60,14900,,,
4059,1,300,,,300,66000,,,,,,
4059,14,109,,,,,,109,42060,,,
4059,15,54,,,,,,54,17270,,,
4061,14,30,,,10,5000,,20,10000,,,
4061,15,80,,,40,12800,,40,14000,,,
4061,16,20,,,20,14000,,,,,,
4061,20,20,,,5,600,,15,2500,,,
4063,1,878,,,878,203000,,,,,,
4063,15,150,,,50,16000,,100,40000,,,
4063,16,20,,,20,14000,,,,,,
4063,20,30,,,10,1000,,20,2000,,,
4064,1,915,,,915,212000,,,,,,
4064,15,150,,,50,20000,,100,40000,,,
4064,16,10,,,10,7000,,,,,,
4064,20,40,,,20,2000,,20,2000,,,
4066,14,45,,,15,4800,,30,16000,,,
4066,15,100,,,50,17500,,50,17500,,,
4067,14,35,,,15,6000,,20,8000,,,
4067,15,100,,,50,13000,,50,13000,,,
4068,14,35,,,20,8000,,15,6000,,,
4068,15,80,,,40,12600,,40,13000,,,
4068,16,15,,,15,12000,,,,,,
4069,14,35,,,10,4000,,25,10000,,,
4069,15,45,,,15,2250,,30,4500,,,
4071,14,15,,,,,,15,6000,,,
4071,15,5,,,,,,5,750,,,
4072,14,25,,,5,2000,,20,8000,,,
4072,15,10,,,,,,10,1500,,,
4073,14,55,,,15,6000,,40,16000,,,
4073,15,50,,,10,1500,,40,6000,,,
4074,14,58,,,18,7200,,40,16000,,,
4074,15,10,,,,,,10,1500,,,
4075,14,45,,,10,4000,,35,14000,,,
4076,14,30,,,10,4000,,20,8000,,,
4076,15,25,,,15,2250,,10,1500,,,
4077,14,40,,,20,8000,,20,8000,,,
4077,15,15,,,5,750,,10,1500,,,
4078,14,30,,,,,,30,12000,,,
4078,15,26,,,,,,26,3900,,,
4079,1,670,,,670,140700,,,,,,
4079,7,850,750,187500,100,25000,,,,2,,
4079,8,185,147,235200,32,51200,,6,9600,2,,
4079,10,1040,640,192000,400,120000,,,,2,,
4079,11,93,50,110000,25,55000,,18,39600,2,,
4079,14,48,,,,,,48,19200,,,
4079,15,52,,,,,,52,7800,,,
4079,19,2250,1250,81250,1000,65000,,,,2,,
4080,1,230,,,230,48300,,,,,,
4080,14,27,,,,,,27,10800,,,
4080,15,31,,,,,,31,4650,,,
4081,14,22,,,,,,22,8800,,,
4081,15,20,,,,,,20,3000,,,
4082,1,448,,,448,94000,,,,,,
4082,14,42,,,,,,42,16800,,,
4082,15,50,,,,,,50,7500,,,
4083,1,445,,,445,92000,,,,,,
4083,14,44,,,,,,44,17600,,,
4083,15,49,,,,,,49,7350,,,
4084,1,650,,,650,136500,,,,,,
4084,14,58,,,,,,58,23200,,,
4084,15,54,,,,,,54,8100,,,
4085,1,600,,,600,126000,,,,,,
4085,7,850,670,167500,180,45000,,,,2,,
4085,8,80,46,73600,31,49600,,3,4800,2,,
4085,10,800,450,135000,350,105000,,,,2,,
4085,11,40,6,13200,29,63800,,5,11000,2,,
4085,14,47,,,,,,47,18800,,,
4085,15,59,,,,,,59,8850,,,
4086,1,380,,,380,79600,,,,,,
4086,14,50,,,,,,50,20000,,,
4086,15,52,,,,,,52,78000,,,
4087,14,250,,,150,53000,,100,35000,,,
4087,15,180,,,100,20000,,80,16000,,,
4087,16,20,,,20,20000,,,,,,
4088,14,150,,,90,31500,,60,21000,,,
4088,15,140,,,80,16000,,60,12000,,,
4089,1,700,,,700,147000,,,,,,
4089,14,260,,,160,56000,,100,35000,,,
4089,15,110,,,90,18000,,20,4000,,,
4089,16,10,,,10,10000,,,,,,
4089,19,2100,,,2100,130000,,,,,,
4090,1,200,,,200,42000,,,,,,
4090,16,13,,,13,13000,,,,,,
4091,1,500,,,500,105000,,,,,,
4091,14,180,,,100,35000,,80,28000,,,
4091,15,120,,,70,14000,,50,10000,,,
4091,16,10,,,10,10000,,,,,,
4092,1,400,,,400,84000,,,,,,
4092,14,150,,,80,28000,,70,24500,,,
4092,15,130,,,70,18000,,60,15000,,,
4092,16,8,,,8,8000,,,,,,
4093,1,300,,,300,63000,,,,,,
4093,14,170,,,100,35000,,70,25000,,,
4093,15,150,,,90,18000,,60,12000,,,
4093,16,12,,,12,12000,,,,,,
4094,14,180,,,100,35000,,80,28000,,,
4094,15,130,,,70,14000,,60,12000,,,
4094,16,20,,,20,20000,,,,,,
4095,14,250,,,150,53000,,100,35000,,,
4095,15,190,,,100,20000,,90,18000,,,
4095,16,20,,,20,20000,,,,,,
4098,14,30,,,30,10500,,,,,,
4101,14,10,,,10,3500,,,,,,
4101,15,10,,,10,3500,,,,,,
4102,14,20,,,20,7000,,,,,,
4102,15,20,,,20,7000,,,,,,
4105,14,80,,,30,18000,,50,30000,,,
4105,15,100,,,60,12000,,40,8000,,,
4106,1,540,,,540,113400,,,,,,
4106,14,180,,,80,48000,,100,60000,,,
4106,15,120,,,70,14000,,50,10000,,,
4107,1,216,,,216,45360,,,,,,
4107,14,60,,,30,18000,,30,18000,,,
4107,15,80,,,50,10000,,30,6000,,,
4108,1,216,,,216,45360,,,,,,
4108,14,120,,,50,30000,,70,42000,,,
4108,15,130,,,90,18000,,40,8000,,,
4109,14,60,,,20,12000,,40,24000,,,
4109,15,40,,,20,4000,,20,4000,,,
4110,1,540,,,540,113400,,,,,,
4110,14,120,,,70,42000,,50,30000,,,
4110,15,180,,,100,20000,,80,16000,,,
4111,1,216,,,216,45360,,,,,,
4111,14,80,,,30,18000,,50,30000,,,
4111,15,60,,,30,6000,,30,6000,,,
4112,14,70,,,40,24000,,30,18000,,,
4112,15,60,,,30,6000,,30,6000,,,
4113,1,324,,,324,68040,,,,,,
4113,14,150,,,100,60000,,50,30000,,,
4113,15,200,,,100,20000,,100,20000,,,
4114,1,400,,,400,83000,,,,,,
4114,14,100,,,50,30000,,50,30000,,,
4114,15,60,,,30,6000,,30,6000,,,
4114,16,12,,,12,16000,,,,,,
4115,1,210,,,210,44000,,,,,,
4115,14,50,,,25,15000,,25,15000,,,
4115,15,20,,,10,2000,,10,2000,,,
4115,16,4,,,4,7000,,,,,,
4116,1,290,,,290,61000,,,,,,
4116,14,80,,,40,24000,,40,24000,,,
4116,15,40,,,20,4000,,20,4000,,,
4116,16,7,,,7,12000,,,,,,
4117,1,600,,,600,126000,,,,,,
4117,7,900,400,80000,500,100000,,,,2,,
4117,8,60,20,30000,30,45000,,10,15000,2,6,
4117,9,10,,,10,12000,,,,,,
4117,10,1000,500,125000,500,125000,,,,2,,
4117,11,30,,,25,62500,,5,12500,,,
4117,14,100,,,50,30000,,50,30000,,,
4117,15,50,,,25,5000,,25,5000,,,
4117,16,10,,,10,15000,,,,,,
4117,19,1200,600,30000,600,30000,,,,2,6,
4118,1,400,,,400,84000,,,,,,
4118,14,80,,,40,24000,,40,24000,,,
4118,15,40,,,20,4000,,20,4000,,,
4118,16,10,,,10,15000,,,,,,
4119,1,320,,,320,67000,,,,,,
4119,14,80,,,40,24000,,40,24000,,,
4119,15,50,,,25,5000,,25,5000,,,
4119,16,8,,,8,12000,,,,,,
4120,1,320,,,320,67000,,,,,,
4120,14,60,,,30,18000,,30,18000,,,
4120,15,50,,,25,5000,,25,5000,,,
4120,16,10,,,10,14000,,,,,,
4121,1,320,,,320,68000,,,,,,
4121,14,60,,,30,18000,,30,18000,,,
4121,15,40,,,20,4000,,20,4000,,,
4121,16,5,,,5,8000,,,,,,
4122,1,360,,,360,75600,,,,,,
4122,7,1300,700,140000,600,120000,,,,2,,
4122,8,80,40,60000,30,45000,,10,15000,2,6,
4122,9,10,,,10,12000,,,,,,
4122,10,1200,600,150000,600,150000,,,,2,,
4122,11,40,,,30,75000,,10,25000,,,
4122,14,80,,,40,24000,,40,24000,,,
4122,15,60,,,30,6000,,30,6000,,,
4122,16,8,,,8,12000,,,,,,
4122,19,1300,700,35000,600,30000,,,,2,6,
4123,1,324,,,324,64800,,,,,,
4123,14,40,,,10,4500,,30,13500,,,
4123,15,20,,,,,,20,7000,,,
4124,1,216,,,216,43200,,,,,,
4124,7,1160,1000,100000,160,16000,,,,5,,
4124,8,40,,,30,45000,,10,15000,,,
4124,10,60,,,60,15000,,,,,,
4124,14,40,,,10,4500,,30,13500,,,
4124,15,20,,,5,2250,,15,6750,,,
4124,19,1500,1000,50000,500,25000,,,,2,6,
4125,1,108,,,108,21600,,,,,,
4125,14,20,,,4,1800,,16,7200,,,
4125,15,20,,,,,,20,9000,,,
4126,1,324,,,324,64800,,,,,,
4126,7,960,760,76000,200,20000,,,,5,,
4126,8,30,,,30,45000,,,,,,
4126,10,30,,,30,7500,,,,,,
4126,14,60,,,10,4500,,50,22500,,,
4126,15,10,,,,,,10,4500,,,
4127,1,216,,,216,43200,,,,,,
4127,14,30,,,5,2250,,25,8750,,,
4127,15,20,,,5,2250,,15,6750,,,
4128,1,540,,,540,108000,,,,,,
4128,7,1000,800,80000,200,20000,,,,5,,
4128,8,50,,,50,75000,,,,,,
4128,10,150,,,150,37500,,,,,,
4128,14,80,,,20,9000,,60,27000,,,
4128,15,20,,,,,,20,9000,,,
4128,16,10,,,10,20000,,,,,,
4128,19,3000,2400,120000,600,30000,,,,6,,
4129,1,324,,,324,64800,,,,,,
4129,14,60,,,20,9000,,40,18000,,,
4129,15,20,,,,,,20,9000,,,
4131,1,324,,,324,64800,,,,,,
4131,14,30,,,4,1800,,26,11700,,,
4131,15,6,,,,,,6,2700,,,
4132,1,360,,,360,72000,,,,,,
4132,14,214,,,116,28000,,98,22000,,,
4132,15,187,,,105,21000,,82,18000,,,
4132,19,450,,,450,27000,,,,,,
4133,1,350,,,350,70000,,,,,,
4133,14,309,,,168,37500,,141,31000,,,
4133,15,269,,,145,29500,,124,27500,,,
4133,19,650,,,550,33000,100,,,,,
4134,1,600,,,600,120000,,,,,,
4134,14,377,,,200,43800,,177,37200,,,
4134,15,319,,,165,32500,,154,33600,,,
4134,19,550,,,500,30000,50,,,,,
4135,1,320,,,320,64000,,,,,,
4135,14,197,,,112,26800,,85,20000,,,
4135,15,175,,,100,20500,,75,16500,,,
4136,1,430,,,430,86000,,,,,,
4136,14,308,,,163,36000,,145,31000,,,
4136,15,270,,,150,30500,,120,26500,,,
4137,14,126,,,68,18000,,58,14600,,,
4137,15,114,,,64,12500,,50,10500,,,
4138,14,64,,,36,11500,,28,8700,,,
4138,15,63,,,38,7400,,25,5300,,,
4139,14,136,,,75,19500,,61,15600,,,
4139,15,100,,,55,11000,,45,9500,,,
4140,1,280,,,280,56000,,,,,,
4140,14,185,,,100,24000,,85,18900,,,
4140,15,155,,,85,17500,,70,15500,,,
4140,19,350,,,350,21000,,,,,,
4141,1,330,,,310,62000,20,,,,,
4141,7,100,,,100,20000,,,,,,
4141,8,130,,,110,176000,5,15,24000,,,
4141,10,200,,,180,45000,20,,,,,
4141,14,260,,,130,45500,20,110,38500,,,
4141,15,130,,,80,16000,3,47,9400,,,
4141,16,20,,,15,12000,5,,,,,
4141,20,50,,,30,6000,3,17,3400,,,
4142,1,1000,,,720,144000,280,,,,,
4142,7,500,300,36000,170,34000,30,,,5,,
4142,8,200,,,160,256000,20,20,32000,,,
4142,10,300,,,250,62500,50,,,,,
4142,11,100,,,90,216000,3,7,16800,,,
4142,14,500,,,250,87500,50,200,70000,,,
4142,15,300,,,120,24000,50,130,26000,,,
4142,16,100,,,70,56000,30,,,,,
4142,19,1000,,,600,42000,400,,,,,
4142,20,100,,,50,10000,10,40,8000,,,
4143,7,1700,1500,210000,200,50000,,,,5,,
4143,8,110,,,90,144000,10,10,16000,,,
4143,9,3,,,3,3600,,,,,,
4143,10,300,,,280,70000,20,,,,,
4143,14,400,,,200,70000,50,150,52500,,,
4143,15,160,,,80,16000,10,70,14000,,,
4143,16,60,,,50,40000,10,,,,,
4143,19,2200,1400,98000,750,52500,50,,,3,,
4143,20,40,,,35,7000,5,,,,,
4144,1,360,,,350,70000,10,,,,,
4144,7,100,,,90,22500,10,,,,,
4144,8,160,110,198000,40,72000,6,4,7200,3,6,
4144,10,100,,,90,27000,10,,,,,
4144,14,120,,,60,21000,10,50,17500,,,
4144,15,40,,,25,5000,,15,3000,,,
4144,19,300,,,300,21000,,,,,,
4144,20,30,,,25,5000,,5,1000,,,
4145,1,456,,,430,80000,26,,,,,
4145,7,200,,,200,40000,,,,,,
4145,8,110,,,100,150000,3,7,10500,,,
4145,9,2,,,2,2400,,,,,,
4145,10,220,,,200,50000,20,,,,,
4145,14,360,,,190,66500,10,160,56000,,,
4145,15,180,,,90,18000,10,80,16000,,,
4145,16,30,,,25,20000,5,,,,,
4145,20,60,,,45,9000,5,10,2000,,,
4146,1,300,,,280,56000,20,,,,,
4146,7,800,400,80000,400,100000,,,,6,7,
4146,8,40,,,38,57000,2,,,,,
4146,10,300,,,280,70000,20,,,,,
4146,14,300,,,190,66500,20,90,31500,,,
4146,15,160,,,90,18000,10,60,12000,,,
4146,16,80,,,70,56000,10,,,,,
4146,19,2400,600,42000,1700,119000,100,,,6,,
4146,20,80,,,60,12000,5,15,3000,,,
4147,1,720,,,700,140000,20,,,,,
4147,7,400,,,390,78000,10,,,,,
4147,8,220,100,150000,100,150000,5,15,22500,6,7,
4147,9,5,,,5,6000,,,,,,
4147,10,400,,,380,95000,20,,,,,
4147,14,500,,,250,87500,50,200,70000,,,
4147,15,200,,,90,18000,10,100,18000,,,
4147,16,60,,,50,40000,10,,,,,
4147,19,2000,,,1900,133000,100,,,,,
4147,20,70,,,55,11000,5,10,2000,,,
4148,1,720,,,700,140000,20,,,,,
4148,7,300,200,20000,100,20000,,,,5,,
4148,8,110,,,100,150000,3,7,10500,,,
4148,10,200,,,200,50000,,,,,,
4148,14,300,,,140,49000,20,140,49000,,,
4148,15,190,,,100,20000,10,80,16000,,,
4148,16,40,,,35,28000,5,,,,,
4148,19,1500,,,1400,98000,100,,,,,
4148,20,80,,,60,12000,5,15,3000,,,
4149,1,540,,,540,108000,,,,,,
4149,14,160,,,100,35000,,60,21000,,,
4149,15,100,,,60,12000,,40,8000,,,
4149,20,40,,,30,6000,,10,2000,,,
4150,1,550,,,550,100000,,,,,,
4150,7,1000,900,108000,100,12000,,,,5,6,
4150,8,70,,,65,97000,,5,7500,,,
4150,9,5,,,5,5000,,,,,,
4150,10,300,,,300,75000,,,,,,
4150,11,28,,,23,50000,,5,11000,,,
4150,14,160,,,80,21000,,80,21000,,,
4150,15,120,,,60,12000,,60,12000,,,
4150,16,15,,,15,15000,,,,,,
4150,19,700,,,700,45000,,,,,,
4150,20,70,,,40,8000,,30,6000,,,
4151,1,140,,,140,26000,,,,,,
4151,7,600,500,60000,100,12000,,,,5,,
4151,8,25,,,20,30000,,5,7500,,,
4151,9,2,,,2,2000,,,,,,
4151,10,100,,,100,25000,,,,,,
4151,11,12,,,10,22000,,2,4400,,,
4151,14,60,,,30,8000,,30,8000,,,
4151,15,50,,,30,6000,,20,4000,,,
4151,19,850,,,200,13000,650,,,,,
4151,20,60,,,30,7000,,30,7000,,,
4152,1,700,,,700,125000,,,,,,
4152,7,400,300,36000,100,12000,,,,5,,
4152,8,80,,,65,95000,,15,22000,,,
4152,9,5,,,5,5000,,,,,,
4152,10,300,,,300,75000,,,,,,
4152,11,30,,,25,55000,,5,11000,,,
4152,15,150,,,80,17000,,70,15000,,,
4152,16,20,,,20,20000,,,,,,
4152,19,800,,,800,56000,,,,,,
4152,20,90,,,40,9000,,50,12000,,,
4153,1,750,,,750,140000,,,,,,
4153,7,250,,,250,50000,,,,,,
4153,8,95,,,80,120000,,15,22500,,,
4153,9,10,,,10,10000,,,,,,
4153,10,350,,,350,88000,,,,,,
4153,11,22,,,20,44000,,2,4400,,,
4153,14,200,,,100,27000,,100,27000,,,
4153,15,180,,,90,18000,,90,18000,,,
4153,16,25,,,25,23000,,,,,,
4153,19,1400,200,13000,1200,78000,,,,3,,
4153,20,90,,,60,15000,,30,7500,,,
4155,1,700,,,700,147000,,,,,,
4155,7,800,700,84000,100,12000,,,,5,6,
4155,8,90,,,80,120000,,10,15000,,,
4155,9,10,,,10,10000,,,,,,
4155,10,350,,,350,87000,,,,,,
4155,11,20,,,17,37000,,3,6500,,,
4155,14,150,,,,,,150,300000,,,
4155,15,120,,,,,,120,240000,,,
4155,16,25,,,25,20000,,,,,,
4155,19,700,,,700,45000,,,,,,
4155,20,40,,,40,8500,,,,,,
4156,1,300,,,300,63000,,,,,,
4156,14,70,,,40,11000,,30,8000,,,
4156,15,60,,,30,6000,,30,6000,,,
4156,16,15,,,15,15000,,,,,,
4156,20,50,,,38,8500,,12,2600,,,
4157,1,160,,,160,30000,,,,,,
4157,7,650,500,60000,150,18000,,,,6,5,
4157,8,25,,,20,30000,,5,7500,,,
4157,9,2,,,2,2000,,,,,,
4157,10,100,,,100,25000,,,,,,
4157,11,25,,,22,48000,,3,6600,,,
4157,19,200,,,200,12000,,,,,,
4157,20,40,,,20,5000,,20,5000,,,
4158,1,550,,,550,110000,,,,,,
4158,14,160,,,80,22000,,80,22000,,,
4158,15,120,,,50,11000,,70,15000,,,
4158,16,30,,,30,24000,,,,,,
4158,19,750,,,750,48000,,,,,,
4158,20,50,,,50,5000,,,,,,
4160,14,10,,,,,,10,4000,,,
4160,15,20,,,,,,20,4000,,,
4162,14,15,,,,,,15,6750,,,
4162,15,30,,,5,1000,,25,5000,,,
4164,14,50,,,30,12000,,20,8000,,,
4164,15,80,,,40,8000,,40,8000,,,
4164,16,25,,,25,22500,,,,,,
4165,15,40,,,10,2500,,30,7500,,,
4166,14,40,,,20,10000,,20,10000,,,
4166,15,60,,,30,6600,,30,6600,,,
4166,16,15,,,15,17500,,,,,,
4167,16,12,,,12,9600,,,,,,
4168,1,300,,,300,58500,,,,,,
4168,14,90,,,,,,90,37800,,,
4168,15,30,,,,,,30,6000,,,
4168,20,60,,,10,2000,,50,10000,,,
4169,14,60,,,,,,60,27000,,,
4169,15,15,,,,,,15,3300,,,
4169,20,30,,,5,1000,,25,5000,,,
4170,14,20,,,,,,20,9000,,,
4170,15,10,,,,,,10,2000,,,
4171,14,90,,,,,,90,40500,,,
4171,15,30,,,,,,30,7500,,,
4171,20,30,,,10,2000,,20,4000,,,
4172,14,30,,,,,,30,12900,,,
4172,15,20,,,,,,20,4400,,,
4172,20,20,,,5,1000,,15,3000,,,
4173,14,90,,,,,,90,36000,,,
4173,15,30,,,,,,30,5400,,,
4173,20,30,,,5,900,,25,4500,,,
4174,1,450,,,450,87750,,,,,,
4174,14,120,,,,,,120,54000,,,
4174,15,35,,,,,,35,7700,,,
4174,20,100,,,20,4000,,80,16000,,,
4175,14,50,,,,,,50,22500,,,
4175,15,25,,,,,,25,5500,,,
4175,20,20,,,5,1000,,15,3000,,,
4176,1,250,,,250,48750,,,,,,
4176,14,80,,,,,,80,36000,,,
4176,15,45,,,,,,45,99000,,,
4176,20,40,,,10,2000,,30,6000,,,
4177,14,50,,,10,4000,,40,16000,,,
4177,15,40,,,20,4000,,20,4000,,,
4177,16,5,,,5,8000,,,,,,
4178,1,300,,,300,65000,,,,,,
4178,14,40,,,5,2000,,35,14000,,,
4178,15,70,,,20,8000,,50,10000,,,
4178,16,20,,,20,40000,,,,,,
4179,14,35,,,5,2000,,30,12000,,,
4179,15,40,,,20,4000,,20,4000,,,
4179,16,10,,,10,20000,,,,,,
4180,14,60,,,20,8000,,40,16000,,,
4180,15,70,,,20,4000,,50,10000,,,
4180,16,20,,,20,32000,,,,,,
4181,14,60,,,10,4000,,50,20000,,,
4181,15,40,,,10,2000,,30,6000,,,
4181,16,20,,,20,40000,,,,,,
4182,1,300,,,300,65000,,,,,,
4182,14,50,,,10,4000,,40,16000,,,
4182,15,60,,,20,4000,,40,8000,,,
4182,16,15,,,15,30000,,,,,,
4183,1,600,,,600,130000,,,,,,
4183,14,100,,,30,12000,,70,28000,,,
4183,15,80,,,20,4000,,60,12000,,,
4183,16,10,,,10,16000,,,,,,
4184,14,50,,,10,4000,,40,16000,,,
4184,15,50,,,10,2000,,40,8000,,,
4184,16,25,,,25,50000,,,,,,
4185,14,100,,,30,12000,,70,28000,,,
4185,15,80,,,10,2000,,70,14000,,,
4185,16,20,,,20,40000,,,,,,
4186,14,170,,,,,,170,37000,,,
4186,15,100,,,,,,100,40000,,,
4187,14,70,,,,,,70,15000,,,
4187,15,40,,,,,,40,16000,,,
4188,14,50,,,,,,50,10500,,,
4188,15,10,,,,,,10,4000,,,
4189,14,20,,,20,4400,,,,,,
4189,15,15,,,15,6000,,,,,,
4190,14,40,,,,,,40,8800,,,
4190,15,20,,,,,,20,8000,,,
4192,14,100,,,100,21000,,,,,,
4192,15,20,,,20,8000,,,,,,
4194,14,40,,,40,8400,,,,,,
4195,1,600,,,600,130000,,,,,,
4195,14,90,,,,,,90,12000,,,
4196,14,40,,,,,,40,8000,,,
4196,15,10,,,,,,10,1700,,,
4197,1,720,,,720,128000,,,,,,
4197,14,180,,,,,,180,35000,,,
4197,15,60,,,,,,60,9700,,,
4198,14,200,,,,,,200,23000,,,
4198,15,80,,,,,,80,15000,,,
4200,1,600,,,600,133000,,,,,,
4200,7,50,,,50,7500,,,,,,
4200,8,150,90,135000,60,90000,,,,2,,
4200,10,250,,,250,75000,,,,,,
4200,11,10,,,10,28000,,,,,,
4200,14,150,,,,,,150,30000,,,
4200,15,100,,,,,,100,22000,,,
4201,1,360,,,360,80000,,,,,,
4201,14,150,,,,,,150,37500,,,
4201,15,70,,,,,,70,17500,,,
4202,1,1200,,,1200,246000,,,,,,
4202,7,30,,,30,9000,,,,,,
4202,8,200,,,150,225000,,50,75000,,,
4202,10,400,,,400,120000,,,,,,
4202,15,70,,,,,,70,17500,,,
4202,19,1200,,,1200,72000,,,,,,
4203,1,900,,,900,138000,,,,,,
4203,14,180,,,,,,180,39600,,,
4203,15,200,,,,,,200,44000,,,
4204,14,30,,,,,,30,7000,,,
4204,15,40,,,,,,40,8000,,,
4205,14,75,,,,,5,70,19200,,,
4205,15,40,,,,,2,38,7600,,,
4206,14,35,,,,,,35,4200,,,
4206,15,30,,,,,,30,6000,,,
4207,14,60,,,,,,60,12000,,,
4207,15,40,,,,,,40,8000,,,
4207,16,5,,,5,7000,,,,,,
4208,14,40,,,,,,40,9600,,,
4208,15,30,,,,,,30,6000,,,
4209,14,55,,,,,,55,17400,,,
4209,15,45,,,,,5,40,8000,,,
4210,14,50,,,,,,50,10800,,,
4210,15,25,,,,,,25,5000,,,
4211,14,40,,,,,,40,12000,,,
4211,15,25,,,,,,25,5000,,,
4212,14,60,,,,,,60,14400,,,
4212,15,35,,,,,,35,7000,,,
4215,14,120,,,,,,120,25000,,,
4215,15,50,,,,,,50,10000,,,
4216,14,120,,,,,,120,25000,,,
4216,15,48,,,,,,48,10000,,,
4216,16,25,,,25,30000,,,,,,
4217,14,60,,,,,,60,13000,,,
4217,15,40,,,,,,40,8000,,,
4217,16,15,,,,,,15,20000,,,
4219,14,120,,,,,,120,25000,,,
4219,15,60,,,,,,60,12000,,,
4219,16,30,,,,,,30,35000,,,
4220,14,60,,,,,,60,20000,,,
4220,15,27,,,,,,27,6000,,,
4221,14,100,,,,,,100,20000,,,
4221,15,42,,,,,,42,9000,,,
4221,16,30,,,30,35000,,,,,,
4222,1,400,,,400,60000,,,,,,
4222,7,12850,12800,1650000,50,6500,,,,5,,
4222,8,40,,,20,40000,,20,40000,,,
4222,10,50,,,50,10000,,,,,,
4222,11,40,,,20,50000,,20,50000,,,
4222,14,80,,,50,10000,,30,6000,,,
4222,15,120,,,80,16000,,40,8000,,,
4222,19,1000,600,36000,400,24000,,,,6,,
4223,1,400,,,400,60000,,,,,,
4223,7,6950,6900,897000,50,6500,,,,5,,
4223,8,30,,,15,30000,,15,30000,,,
4223,10,30,,,30,6000,,,,,,
4223,11,30,,,15,37000,,15,37000,,,
4223,14,60,,,30,6000,,30,6000,,,
4223,15,70,,,40,8000,,30,6000,,,
4223,19,500,200,12000,300,18000,,,,6,,
4224,1,400,,,400,60000,,,,,,
4224,7,8550,8500,1100000,50,6500,,,,5,,
4224,8,40,,,20,40000,,20,40000,,,
4224,10,50,,,50,10000,,,,,,
4224,11,40,,,20,50000,,20,50000,,,
4224,14,100,,,60,12000,,40,8000,,,
4224,15,80,,,60,12000,,20,4000,,,
4224,19,600,300,18000,300,18000,,,,6,,
4225,1,400,,,400,60000,,,,,,
4225,7,6830,6800,890000,30,4000,,,,5,,
4225,8,30,,,15,30000,,15,30000,,,
4225,10,30,,,30,6000,,,,,,
4225,11,30,,,15,37000,,15,37000,,,
4225,14,70,,,30,6000,,40,8000,,,
4225,15,60,,,40,8000,,20,4000,,,
4225,19,500,200,12000,300,18000,,,,6,,
4226,1,400,,,400,60000,,,,,,
4226,7,17750,17700,2300000,50,6500,,,,5,,
4226,8,40,,,20,40000,,20,40000,,,
4226,10,50,,,50,10000,,,,,,
4226,11,40,,,20,50000,,20,50000,,,
4226,14,80,,,50,10000,,30,6000,,,
4226,15,50,,,30,6000,,20,4000,,,
4226,19,1000,600,36000,400,24000,,,,6,,
4227,1,400,,,400,60000,,,,,,
4227,7,15350,15300,1900000,50,7000,,,,4,,
4227,8,30,,,15,30000,,15,30000,,,
4227,10,40,,,40,8000,,,,,,
4227,11,30,,,15,37000,,15,37000,,,
4227,14,70,,,40,8000,,30,6000,,,
4227,15,50,,,30,6000,,20,4000,,,
4227,19,1000,600,36000,400,24000,,,,6,,
4228,1,600,,,600,90000,,,,,,
4228,7,10850,10800,1400000,50,7000,,,,5,,
4228,8,40,,,20,40000,,20,40000,,,
4228,10,50,,,50,10000,,,,,,
4228,11,40,,,20,50000,,20,50000,,,
4228,14,90,,,50,10000,,40,8000,,,
4228,15,100,,,60,12000,,40,8000,,,
4228,19,1200,600,36000,600,36000,,,,6,,
4229,1,400,,,400,60000,,,,,,
4229,7,32550,32500,4100000,50,6500,,,,5,,
4229,8,30,,,15,30000,,15,30000,,,
4229,10,50,,,50,10000,,,,,,
4229,11,30,,,15,37000,,15,37000,,,
4229,14,80,,,50,10000,,30,6000,,,
4229,15,60,,,30,6000,,30,6000,,,
4229,19,500,200,12000,300,18000,,,,6,,
4230,1,600,,,600,90000,,,,,,
4230,7,18750,18700,2400000,50,7000,,,,5,,
4230,8,40,,,20,40000,,20,40000,,,
4230,10,50,,,50,10000,,,,,,
4230,11,40,,,20,50000,,20,50000,,,
4230,14,80,,,30,6000,,50,10000,,,
4230,15,100,,,60,12000,,40,8000,,,
4230,19,1000,500,30000,500,30000,,,,6,,
4231,1,720,,,720,144000,,,,,,
4231,7,3100,3000,450000,100,15000,,,,2,,
4231,8,140,80,105000,60,75000,,,,2,,
4231,9,3,,,3,3600,,,,,,
4231,10,250,,,250,62500,,,,,,
4231,14,31,,,3,600,,28,11000,,,
4231,15,31,,,3,600,,28,5600,,,
4231,16,5,,,5,6000,,,,,,
4231,17,80,65,195000,2,6000,,13,39000,2,,
4231,19,2400,1600,96000,800,48000,,,,2,,
4232,1,510,,,510,102000,,,,,,
4233,1,330,,,330,66000,,,,,,
4233,7,4600,4500,675000,100,15000,,,,2,,
4233,8,80,20,24000,60,72000,,,,2,,
4233,9,3,,,3,3600,,,,,,
4233,10,200,,,200,50000,,,,,,
4233,11,25,,,25,57500,,,,,,
4233,14,50,,,10,3000,,40,15000,,,
4233,15,40,,,5,1000,,35,7000,,,
4234,1,190,,,190,38000,,,,,,
4234,7,3550,3500,520000,50,7500,,,,2,,
4234,8,70,20,24000,50,60000,,,,2,,
4234,9,3,,,3,3600,,,,,,
4234,10,200,,,200,50000,,,,,,
4234,11,25,,,25,57500,,,,,,
4234,16,4,,,4,4800,,,,,,
4234,17,50,40,120000,3,9000,,7,21000,2,,
4234,19,600,300,18000,300,18000,,,,2,,
4235,1,480,,,480,96000,,,,,,
4235,7,80,,,80,12000,,,,,,
4235,8,150,,,150,300000,,,,,,
4235,9,3,,,3,3600,,,,,,
4235,10,150,,,150,37500,,,,,,
4235,11,45,10,23000,35,80500,,,,2,,
4235,14,50,,,7,2500,,43,12000,,,
4235,15,50,,,5,1000,,45,9000,,,
4235,16,3,,,3,3600,,,,,,
4235,19,1400,700,42000,700,42000,,,,2,,
4236,1,600,,,600,120000,,,,,,
4236,7,100,,,100,15000,,,,,,
4236,8,100,40,60000,60,72000,,,,2,,
4236,9,3,,,3,3600,,,,,,
4236,10,200,,,200,50000,,,,,,
4236,11,25,,,25,57500,,,,,,
4236,16,3,,,3,3600,,,,,,
4236,17,60,42,126000,3,9000,,15,45000,2,,
4236,19,3000,2500,150000,500,30000,,,,2,,
4237,1,715,,,715,143000,,,,,,
4237,7,4800,4700,705000,100,15000,,,,5,,
4237,8,150,70,84000,70,84000,10,,,1,6,
4237,9,3,,,3,3600,,,,,,
4237,10,250,,,200,50000,50,,,,,
4237,11,50,,,40,92000,10,,,,,
4237,14,60,,,5,2300,,55,17000,,,
4237,15,50,,,3,600,,47,9400,,,
4237,16,5,,,5,6000,,,,,,
4237,19,3000,2000,120000,1000,60000,,,,2,6,
4238,1,510,,,510,102000,,,,,,
4238,14,50,,,10,4500,,40,16000,,,
4238,15,50,,,5,1000,,45,9000,,,
4238,16,4,,,4,4800,,,,,,
4239,1,715,,,715,143000,,,,,,
4239,7,5100,5000,750000,100,15000,,,,2,,
4239,8,130,70,84000,60,72000,,,,2,,
4239,9,5,,,5,6000,,,,,,
4239,10,250,,,250,62500,,,,,,
4239,11,45,,,45,103500,,,,,,
4239,14,40,,,4,2100,,36,15000,,,
4239,15,60,,,5,1000,,55,11000,,,
4239,16,5,,,5,6000,,,,,,
4239,19,2300,1500,90000,800,48000,,,,2,,
4240,14,40,,,20,7000,,20,7000,,,
4240,15,30,,,18,3600,,12,2400,,,
4241,14,90,,,50,15000,,40,13000,,,
4241,15,50,,,35,7000,,15,3000,,,
4242,14,46,,,20,6400,,26,8500,,,
4242,15,20,,,15,3000,,5,1000,,,
4243,14,62,,,30,9600,,32,10000,,,
4243,15,40,,,25,5000,,15,3000,,,
4244,14,72,,,30,9900,,42,13000,,,
4244,15,30,,,20,4000,,10,2000,,,
4245,14,83,,,45,14800,,38,12500,,,
4245,15,50,,,30,6000,,20,4000,,,
4246,14,80,,,40,13000,,40,13000,,,
4246,15,50,,,25,5000,,25,5000,,,
4247,14,87,,,48,15000,,39,10000,,,
4247,15,30,,,12,2400,,18,3600,,,
4248,14,80,,,40,20000,,40,13000,,,
4248,15,40,,,20,4000,,20,4000,,,
4248,19,1200,900,63000,300,21000,,,,2,,
4249,14,85,,,55,17500,,30,9600,,,
4249,15,70,,,35,7000,,35,7000,,,
4250,14,60,,,40,13000,,20,6400,,,
4250,15,50,,,35,7000,,15,3000,,,
4251,14,50,,,25,8000,,25,8000,,,
4251,15,40,,,20,4000,,20,4000,,,
4252,14,30,,,30,9600,,,,,,
4252,15,20,,,20,4000,,,,,,
4253,14,80,,,40,13000,,40,13000,,,
4253,15,65,,,35,7000,,30,6000,,,
4254,14,50,,,25,8000,,25,8000,,,
4254,15,60,,,30,6000,,30,6000,,,
4255,14,80,,,50,16000,,30,9900,,,
4255,15,50,,,25,5000,,25,5000,,,
4256,14,80,,,40,12600,,40,12400,,,
4256,15,65,,,30,6000,,35,7000,,,
4258,14,250,,,50,17500,,200,70000,,,
4258,15,200,,,30,6000,,170,34000,,,
4259,14,50,,,20,7000,,30,10500,,,
4259,15,20,,,5,1000,,15,3000,,,
4261,14,60,,,20,6000,,40,12000,,,
4261,15,40,,,10,2000,,30,6000,,,
4263,14,60,,,20,7000,,40,14000,,,
4263,15,50,,,15,3000,,35,7000,,,
4264,14,40,,,10,3500,,30,10500,,,
4264,15,20,,,7,1400,,13,2600,,,
4265,14,120,,,40,14000,,80,28000,,,
4265,15,60,,,20,4000,,40,8000,,,
4266,14,40,,,10,3500,,30,10500,,,
4266,15,20,,,10,2000,,10,2000,,,
4267,14,135,,,120,50400,,15,6300,,,
4267,15,65,,,65,9100,,,,,,
4267,17,60,30,90000,19,57000,10,1,3000,7,,
4268,1,120,,,120,26400,,,,,,
4268,14,120,,,120,51600,,,,,,
4268,15,85,,,85,11050,,,,,,
4269,14,40,,,40,16800,,,,,,
4269,15,50,,,50,6500,,,,,,
4270,1,480,,,480,105600,,,,,,
4270,14,90,,,85,36550,,5,2150,,,
4270,15,110,,,110,14300,,,,,,
4271,1,600,,,600,132000,,,,,,
4271,14,250,,,250,80000,,,,,,
4271,15,90,,,90,11700,,,,,,
4272,14,150,,,150,52500,,,,,,
4272,15,60,,,60,7800,,,,,,
4273,14,120,,,120,52800,,,,,,
4273,15,50,,,50,6500,,,,,,
4274,14,120,,,100,30000,,20,6000,,,
4274,15,35,,,35,4550,,,,,,
4275,1,400,,,400,88000,,,,,,
4275,14,190,,,190,57000,,,,,,
4275,15,70,,,70,9100,,,,,,
4276,1,750,,,750,157500,,,,,,
4276,7,60,,,60,15000,,,,,,
4276,8,100,30,45000,50,75000,10,10,15000,2,,
4276,10,200,,,200,60000,,,,,,
4276,11,8,,,6,15000,,2,5000,,,
4276,12,40,,,10,20000,10,20,40000,,,
4276,14,100,,,10,4000,,90,36000,,,
4276,15,160,,,40,7200,,120,21600,,,
4276,16,10,,,10,12000,,,,,,
4276,17,150,100,300000,10,30000,10,30,30000,2,6,
4276,19,1300,600,36000,500,30000,200,,,6,,
4277,1,300,,,300,63000,,,,,,
4277,7,10,,,10,2500,,,,,,
4277,8,110,30,45000,50,75000,20,10,15000,2,6,
4277,10,150,,,150,45000,,,,,,
4277,12,20,,,,,,20,40000,,,
4277,13,50,,,10,10000,,40,40000,,,
4277,14,70,,,10,4000,,60,24000,,,
4277,15,100,,,30,5400,,70,12600,,,
4277,16,5,,,5,6000,,,,,,
4277,19,1000,500,30000,300,18000,200,,,6,,
4278,1,1000,,,1000,210000,,,,,,
4278,7,40,,,40,10000,,,,,,
4278,8,80,,,60,90000,,20,30000,,,
4278,10,200,,,200,60000,,,,,,
4278,12,30,,,20,40000,,10,20000,,,
4278,13,20,,,20,20000,,,,,,
4278,14,140,,,30,12000,10,100,40000,,,
4278,15,190,,,40,7200,,150,27000,,,
4278,16,10,,,10,12000,,,,,,
4278,19,1500,500,30000,1000,60000,,,,6,,
4279,1,280,,,280,58800,,,,,,
4279,7,15,,,15,3750,,,,,,
4279,8,80,10,15000,30,45000,20,20,30000,6,,
4279,10,100,,,100,30000,,,,,,
4279,14,80,,,15,6000,10,55,22000,,,
4279,15,125,,,25,4500,,100,18000,,,
4279,16,10,,,10,12000,,,,,,
4279,19,1200,700,35000,500,25000,,,,6,,
4280,1,450,,,450,94500,,,,,,
4280,2,25,,,25,92500,,,,,,
4280,7,20,,,20,5000,,,,,,
4280,8,50,15,22500,30,45000,,5,7500,6,,
4280,10,80,,,80,24000,,,,,,
4280,11,10,,,5,12500,,5,12500,,,
4280,12,15,,,10,20000,,5,10000,,,
4280,14,60,,,10,4000,,50,20000,,,
4280,15,70,,,20,3600,,50,9000,,,
4280,16,5,,,5,6000,,,,,,
4280,19,300,,,300,18000,,,,,,
4281,1,700,,,700,147000,,,,,,
4281,2,50,,,50,185000,,,,,,
4281,7,50,,,50,12500,,,,,,
4281,8,80,10,15000,45,67500,10,15,22500,6,,
4281,10,180,,,180,45000,,,,,,
4281,11,10,,,5,12500,,5,12500,,,
4281,12,30,,,10,20000,,20,40000,,,
4281,14,130,,,10,4000,,120,48000,,,
4281,15,180,,,30,5400,,150,27000,,,
4281,16,2,,,2,2400,,,,,,
4282,1,750,,,750,157500,,,,,,
4282,2,50,,,50,185000,,,,,,
4282,7,80,,,80,20000,,,,,,
4282,8,90,15,22500,50,75000,10,15,22500,6,,
4282,10,200,,,200,60000,,,,,,
4282,12,20,,,10,20000,,10,20000,,,
4282,14,100,,,10,4000,,90,36000,,,
4282,15,160,,,40,7200,,120,21600,,,
4282,16,10,,,10,12000,,,,,,
4282,19,1000,,,1000,60000,,,,,,
4283,1,700,,,700,147000,,,,,,
4283,7,60,,,60,15000,,,,,,
4283,8,100,20,30000,50,75000,10,20,30000,6,,
4283,10,200,,,200,60000,,,,,,
4283,14,120,,,20,8000,,100,40000,,,
4283,15,160,,,30,5400,,130,23400,,,
4283,16,,,,,,,,,,,
4283,17,200,150,525000,10,35000,10,30,105000,2,6,
4283,19,1000,,,800,48000,200,,,,,
4284,1,270,,,270,56700,,,,,,
4284,7,40,,,40,10000,,,,,,
4284,8,80,40,60000,30,45000,,10,15000,2,6,
4284,10,60,,,60,18000,,,,,,
4284,14,40,,,,,,40,16000,,,
4284,15,80,,,30,5400,,50,9000,,,
4284,16,3,,,3,3000,,,,,,
4284,19,1200,700,42000,300,18000,200,,,6,,
4285,12,25,,,25,50000,,,,,,
4286,1,350,,,350,77000,,,,,,
4286,2,35,,,35,105000,,,,,,
4286,4,3,,,3,15000,,,,,,
4286,5,2,,,2,8000,,,,,,
4286,7,250,,,250,50000,,,,,,
4286,8,200,80,120000,100,150000,,20,30000,2,,
4286,9,4,,,4,6000,,,,,,
4286,10,450,50,17500,400,140000,,,,2,,
4286,11,10,,,10,25000,,,,,,
4286,12,30,,,30,60000,,,,,,
4286,14,170,,,170,51000,,,,,,
4286,15,65,,,65,8450,,,,,,
4286,19,1500,500,30000,1000,60000,,,,2,,
4287,1,200,,,200,44000,,,,,,
4287,14,120,,,120,30000,,,,,,
4287,15,40,,,40,5200,,,,,,
4287,19,800,300,18000,500,30000,,,,2,,
4288,1,400,,,400,88000,,,,,,
4288,2,60,,,60,180000,,,,,,
4288,7,250,,,250,50000,,,,,,
4288,8,190,100,150000,80,120000,,10,15000,4,,
4288,10,400,,,400,140000,,,,,,
4288,11,45,,,40,100000,,5,12500,,,
4288,12,25,,,25,50000,,,,,,
4288,14,160,,,160,41600,,,,,,
4288,15,40,,,40,5200,,,,,,
4288,19,1000,400,20000,600,30000,,,,2,,
4289,1,250,,,250,55000,,,,,,
4289,7,200,,,200,40000,,,,,,
4289,8,90,,,70,105000,,20,30000,,,
4289,10,300,,,300,105000,,,,,,
4289,12,20,,,20,40000,,,,,,
4289,14,120,,,120,38400,,,,,,
4289,15,60,,,60,7800,,,,,,
4289,19,1000,400,24000,600,36000,,,,2,,
4290,12,20,,,12,24000,,8,16000,,,
4291,1,400,,,400,88000,,,,,,
4291,2,60,,,60,180000,,,,,,
4291,7,250,,,250,50000,,,,,,
4291,8,280,120,180000,100,150000,40,20,30000,4,,
4291,9,10,,,10,15000,,,,,,
4291,10,600,250,87500,350,122500,,,,2,,
4291,11,68,,,60,150000,,8,20000,,,
4291,12,25,,,25,50000,,,,,,
4291,14,180,,,180,45000,,,,,,
4291,15,70,,,70,9100,,,,,,
4291,19,1000,300,18000,700,42000,,,,2,,
4292,1,200,,,200,44000,,,,,,
4292,7,200,,,200,40000,,,,,,
4292,8,130,40,60000,75,112500,,15,22500,2,,
4292,10,270,,,270,94500,,,,,,
4292,14,90,,,70,24500,,20,7000,,,
4292,15,35,,,35,4550,,,,,,
4292,19,1400,600,36000,600,36000,200,,,7,,
4293,1,400,,,400,88000,,,,,,
4293,2,30,,,30,90000,,,,,,
4293,7,300,,,300,60000,,,,,,
4293,8,200,100,150000,80,120000,,20,30000,4,,
4293,10,600,200,66000,400,132000,,,,2,,
4293,11,10,,,10,25000,,,,,,
4293,12,40,20,40000,15,30000,5,,,4,,
4293,14,180,,,180,50400,,,,,,
4293,15,75,,,75,9750,,,,,,
4293,19,1300,500,30000,800,48000,,,,2,,
4294,1,140,,,140,30800,,,,,,
4294,7,200,150,37500,40,10000,10,,,2,,
4294,8,120,70,105000,46,69000,4,,,2,,
4294,9,1,,,1,1500,,,,,,
4294,10,100,50,12500,30,7500,20,,,2,,
4294,11,20,,,16,32000,,4,8000,,,
4294,12,40,15,30000,17,34000,,8,16000,2,,
4294,14,109,,,64,17920,,45,12600,,,
4294,15,90,,,50,6350,,40,5080,,,
4294,16,8,,,8,10400,,,,,,
4294,19,1150,550,33000,400,24000,200,,,2,,
4295,1,300,,,300,66000,,,,,,
4295,7,90,45,11250,30,7500,15,,,2,,
4295,8,40,,,25,37500,10,5,7500,,,
4295,10,40,15,3750,15,3750,10,,,2,,
4295,12,25,,,15,30000,,10,20000,,,
4295,13,60,,,30,15000,,30,15000,,,
4295,14,274,,,140,34720,,134,33232,,,
4295,15,120,,,80,11040,,40,5520,,,
4295,16,20,,,20,30000,,,,,,
4295,19,700,300,18000,400,24000,,,,2,,
4296,1,450,,,450,99000,,,,,,
4296,7,200,150,37500,35,8750,15,,,2,,
4296,8,100,60,90000,25,37500,5,10,15000,2,,
4296,9,1,,,1,1500,,,,,,
4296,10,100,50,12500,40,10000,10,,,2,,
4296,12,40,15,30000,15,30000,,10,20000,2,,
4296,13,20,,,20,10000,,,,,,
4296,14,312,,,170,39270,,142,32802,,,
4296,15,130,,,80,12000,,50,7500,,,
4296,16,15,,,15,22500,,,,,,
4296,17,50,15,52500,12,42000,2,21,73500,2,,
4296,19,1500,600,36000,850,51000,50,,,2,,
4297,1,350,,,350,77000,,,,,,
4297,7,80,,,50,12500,30,,,,,
4297,8,120,,,60,90000,40,20,30000,,,
4297,9,2,,,2,3000,,,,,,
4297,10,70,,,40,10000,30,,,,,
4297,12,40,,,15,30000,10,15,30000,,,
4297,13,25,,,15,7500,10,,,,,
4297,14,315,,,160,38080,,155,36890,,,
4297,15,120,,,70,9800,,50,7000,,,
4297,16,20,,,20,30000,,,,,,
4297,19,750,,,750,45000,,,,,,
4298,1,700,,,700,154000,,,,,,
4298,12,120,,,45,90000,5,70,140000,,,
4298,13,25,,,5,2500,,20,10000,,,
4298,14,325,,,170,41820,,155,38130,,,
4298,15,140,,,85,11645,,55,7535,,,
4298,16,15,,,15,22500,,,,,,
4298,17,150,70,245000,20,70000,5,55,192500,2,,
4298,19,1100,,,1050,63000,50,,,,,
4299,1,600,,,600,132000,,,,,,
4299,7,250,150,37500,80,20000,20,,,2,,
4299,8,70,20,30000,32,48000,3,15,22500,2,,
4299,10,60,20,5000,25,6250,15,,,2,,
4299,11,15,,,10,20000,,5,10000,,,
4299,12,40,20,40000,13,26000,2,5,10000,2,,
4299,13,45,,,20,10000,5,20,10000,,,
4299,14,234,,,125,30500,2,107,26108,,,
4299,15,180,,,100,11100,,80,8880,,,
4299,16,15,,,15,22500,,,,,,
4299,19,1100,500,30000,530,31800,70,,,2,,
4300,1,180,,,180,39600,,,,,,
4300,7,100,70,17500,20,5000,10,,,2,,
4300,8,30,10,15000,15,22500,5,,,2,,
4300,10,50,,,40,10000,10,,,,,
4300,12,15,,,10,20000,,5,10000,,,
4300,14,140,,,60,15240,2,78,19812,,,
4300,15,90,,,70,9380,,20,2680,,,
4301,1,250,,,250,55000,,,,,,
4301,12,35,8,16000,10,20000,2,15,30000,2,,
4301,14,189,,,110,28820,,79,20698,,,
4301,15,100,,,65,8840,,35,4760,,,
4301,17,36,10,35000,8,28000,5,13,45500,2,,
4301,19,850,300,18000,500,30000,50,,,2,,
4302,1,250,,,250,55000,,,,,,
4302,12,40,,,10,20000,,30,60000,,,
4302,13,25,,,2,1000,,23,12500,,,
4302,14,156,,,70,14840,,86,18232,,,
4302,15,80,,,40,6000,,40,6000,,,
4302,16,10,,,10,14000,,,,,,
4302,19,700,,,700,42000,,,,,,
4303,1,200,,,198,43560,,2,440,,,
4303,12,7,,,2,4000,3,2,4000,,,
4303,15,40,,,20,4000,,20,4000,,,
4304,1,600,,,593,130460,,7,1540,,,
4304,7,230,100,12000,100,12000,30,,,2,,
4304,8,55,10,15000,20,30000,10,15,22500,2,,
4304,10,100,,,95,19000,5,,,,,
4304,12,15,,,7,14000,3,5,10000,,,
4304,14,195,,,100,24000,,95,21000,,,
4304,15,100,,,60,12000,,40,8000,,,
4304,19,80,,,60,3600,20,,,,,
4305,14,100,,,65,15000,,35,9000,,,
4305,15,50,,,40,8000,,10,2000,,,
4305,19,100,,,80,4800,20,,,,,
4306,14,27,,,15,4200,,12,3200,,,
4306,15,30,,,20,4000,,10,2000,,,
4307,1,360,,,356,78320,,4,880,,,
4307,7,60,,,50,10000,10,,,,,
4307,8,60,40,52000,10,13000,5,5,6500,2,,
4307,10,65,,,60,12000,5,,,,,
4307,14,160,,,90,20000,,70,18000,,,
4307,15,150,,,70,14000,,80,16000,,,
4307,19,1500,500,30000,900,54000,100,,,6,,
4308,12,6,,,2,4000,2,2,4000,,,
4308,14,135,,,65,15000,,70,18000,,,
4308,15,55,,,35,7000,,20,4000,,,
4308,17,5,,,2,7000,1,2,7000,,,
4309,1,360,,,354,77880,,6,1320,,,
4309,14,155,,,90,19000,,65,15000,,,
4309,15,90,,,60,12000,,30,6000,,,
4309,16,5,,,5,7000,,,,,,
4310,1,720,,,715,158400,,5,1100,,,
4310,12,10,,,5,10000,2,3,6000,,,
4310,14,230,,,100,24000,30,100,24000,,,
4310,15,120,,,60,12000,10,50,10000,,,
4310,16,10,,,10,14000,,,,,,
4311,1,400,,,397,87340,,3,660,,,
4311,7,190,100,12000,80,9600,10,,,2,,
4311,8,30,,,15,22500,5,10,15000,,,
4311,10,80,,,70,14000,10,,,,,
4311,14,175,,,110,26000,,65,15000,,,
4311,15,110,,,60,12000,,50,10000,,,
4311,19,400,100,6000,250,15000,50,,,6,,
4312,1,160,,,160,35200,,,,,,
4312,15,45,,,20,2000,,25,2500,,,
4313,1,584,,,584,128480,,,,,,
4313,12,120,40,60000,60,90000,,20,30000,2,,
4313,13,250,100,50000,100,50000,,50,25000,2,,
4313,14,400,,,200,49000,,200,49000,,,
4313,15,180,,,80,11600,,100,14500,,,
4313,19,650,,,650,32500,,,,,,
4314,1,165,,,165,36300,,,,,,
4314,15,70,,,30,3000,,40,4000,,,
4315,1,730,,,730,160600,,,,,,
4315,7,500,,,500,125000,,,,,,
4315,8,470,175,262500,75,112500,20,200,300000,2,,
4315,10,500,,,500,125000,,,,,,
4315,15,100,,,50,5000,,50,5000,,,
4316,1,730,,,730,160600,,,,,,
4316,7,350,,,350,87500,,,,,,
4316,8,350,100,150000,150,225000,,100,150000,4,,
4316,9,15,,,15,22500,,,,,,
4316,10,400,,,400,100000,,,,,,
4316,11,50,,,20,50000,,30,75000,,,
4316,12,15,,,,,,15,22500,,,
4316,14,150,,,50,13250,,100,26500,,,
4316,15,200,,,100,11500,,100,11500,,,
4316,19,650,,,650,32500,,,,,,
4317,1,760,,,760,167200,,,,,,
4317,14,300,,,100,26500,,200,53000,,,
4317,15,200,,,100,12500,,100,12500,,,
4318,1,550,,,550,121000,,,,,,
4318,7,216,,,216,54000,,,,,,
4318,8,260,120,180000,55,82500,25,60,90000,2,,
4318,9,10,,,10,15000,,,,,,
4318,10,300,,,300,75000,,,,,,
4318,11,10,,,10,24000,,,,,,
4318,12,80,,,15,22500,,65,97500,,,
4318,13,200,,,100,50000,,100,50000,,,
4318,14,500,,,180,44100,,320,78400,,,
4318,15,200,,,100,18000,,100,18000,,,
4318,19,400,,,400,20000,,,,,,
4319,1,468,,,468,102960,,,,,,
4319,10,20,,,20,6000,,,,,,
4319,12,40,,,20,30000,,20,30000,,,
4319,13,100,,,50,25000,,50,25000,,,
4319,14,300,,,200,50000,,100,25000,,,
4319,15,240,,,120,18000,,120,18000,,,
4319,19,600,,,600,30000,,,,,,
4320,1,620,,,620,136400,,,,,,
4320,12,25,,,25,37500,,,,,,
4320,14,270,,,160,38400,,110,26400,,,
4320,15,120,,,70,9450,,50,6750,,,
4322,15,30,,,,,,30,12000,,,
4323,14,5,,,,,,5,2000,,,
4325,14,30,,,,,,30,10000,,,
4325,15,30,,,,,,30,12000,,,
4328,14,10,,,,,,10,4000,,,
4330,14,50,,,50,10000,,,,,,
4330,15,60,,,60,7200,,,,,,
4331,14,30,,,5,1000,,25,3750,,,
4331,15,20,,,,,,20,2400,,,
4332,14,60,,,20,3000,,40,6000,,,
4332,15,40,,,10,1200,,30,3600,,,
4333,14,20,,,,,,20,3000,,,
4334,14,6,,,,,,6,1200,,,
4334,15,22,,,,,,22,2640,,,
4336,14,10,,,4,500,,6,720,,,
4336,15,30,,,,,,30,3000,,,
4337,14,30,,,5,1000,,25,5000,,,
4337,15,10,,,,,,10,1200,,,
4338,14,25,,,,,,25,5000,,,
4338,15,20,,,,,,20,2400,,,
4341,1,252,,,252,55440,,,,,,
4341,14,60,,,,,,60,24000,,,
4341,15,10,,,,,,10,3000,,,
4345,15,15,,,,,,15,4500,,,
4346,1,300,,,300,63000,,,,,,
4346,14,20,,,,,,20,10000,,,
4346,15,10,,,,,,10,3000,,,
4347,14,20,,,,,,20,10000,,,
4347,15,10,,,,,,10,3000,,,
4350,14,100,,,50,10000,,50,10000,,,
4354,14,100,,,50,10000,,50,10000,,,
4354,15,100,,,50,10000,,50,10000,,,
4357,14,20,,,,,,20,4000,,,
4357,20,8,,,,,,8,2000,,,
4358,14,100,,,,,,100,12000,,,
4358,15,30,,,,,,30,7000,,,
4359,14,30,,,,,,30,4600,,,
4359,15,20,,,,,,20,5000,,,
4359,20,6,,,,,,6,2500,,,
4360,20,10,,,,,,10,4000,,,
4363,20,10,,,,,,10,2000,,,
4364,20,8,,,,,,8,3000,,,
4366,14,60,,,10,6000,,50,30000,,,
4366,15,20,,,2,600,,18,5400,,,
4366,16,60,,,60,102000,,,,,,
4367,14,80,,,15,9000,,65,39000,,,
4367,15,60,,,20,6000,,40,12000,,,
4367,16,50,,,50,85000,,,,,,
4367,20,50,,,10,4000,,40,16000,,,
4368,14,30,,,5,3000,,25,15000,,,
4368,15,20,,,3,900,,17,5100,,,
4368,16,50,,,50,85000,,,,,,
4369,14,11,,,2,1200,,9,5400,,,
4369,15,18,,,2,600,,16,4800,,,
4370,14,30,,,5,3000,,25,15000,,,
4370,15,40,,,3,900,,37,11100,,,
4370,16,50,,,50,85000,,,,,,
4370,20,50,,,10,4000,,40,16000,,,
4371,14,20,,,5,3000,,15,9000,,,
4371,15,10,,,3,900,,7,2100,,,
4371,16,10,,,10,17000,,,,,,
4371,20,10,,,2,800,,8,3200,,,
4372,14,10,,,6,3600,,4,2400,,,
4372,15,10,,,3,900,,7,2100,,,
4373,14,10,,,1,600,,9,5400,,,
4374,14,5,,,1,600,,4,2400,,,
4374,15,10,,,2,600,,8,2400,,,
4374,16,15,,,15,25500,,,,,,
4375,14,3,,,,,,3,2100,,,
4378,14,30,,,1,700,,29,10000,,,
4379,14,162,,,1,700,,161,27700,,,
4379,15,40,,,,,,40,8000,,,
4381,14,40,,,1,700,,39,5700,,,
4381,15,50,,,,,,50,10000,,,
4388,14,30,,,,,,30,6000,,,
4388,15,15,,,,,,15,3500,,,
4392,14,30,,,,,,30,7000,,,
4392,15,15,,,,,,15,3500,,,
4394,14,60,,,,,,60,16000,,,
4394,15,15,,,,,,15,4000,,,
4395,14,10,,,,,,10,5000,,,
4395,15,29,,,,,,29,4500,,,
4397,14,12,,,,,,12,6500,,,
4398,14,60,,,,,,60,9000,,,
4398,15,30,,,,,,30,6800,,,
4400,14,2.5,,,,,,2.5,2600,,,
4400,15,18,,,,,,18,4200,,,
4402,15,4,,,1,150,,3,450,,,
4403,1,50,,,42,88500,,8,1680,,,
4403,15,15,,,5,900,,10,1800,,,
4404,14,8,,,,,,8,2800,,,
4404,15,5,,,2,320,,3,480,,,
4405,14,8,,,,,,8,2200,,,
4405,15,10,,,2,320,,8,1280,,,
4406,15,10,,,,,,10,1900,,,
4407,14,15,,,2,600,,13,3900,,,
4407,15,15,,,3,540,,12,2140,,,
4409,14,25,,,5,1150,,20,4600,,,
4409,15,20,,,3,510,,17,2890,,,
4410,14,12,,,2,420,,10,2800,,,
4410,15,15,,,3,600,,12,2400,,,
4411,14,10,,,1,500,,9,4500,,,
4411,15,15,,,,,,15,3000,,,
4416,14,20,,,,,,20,6000,,,
4416,15,25,,,,,,25,7500,,,
4418,14,30,,,,,,30,12000,,,
4418,15,22,,,2,500,,20,5000,,,
4419,14,10,,,1,500,,9,4500,,,
4419,15,20,,,2,600,,18,5400,,,
4436,14,20,,,,,,20,15000,,,
4436,15,30,,,,,,30,10000,,,
4438,1,700,,,660,109000,,40,6600,,,
4438,7,5300,5070,660000,200,50000,30,,,5,,
4438,8,130,70,120000,30,45000,,30,45000,3,6,7
4438,9,10,,,10,10000,,,,,,
4438,10,450,200,60000,230,57500,20,,,3,6,7
4438,11,45,10,33000,25,75000,,10,30000,6,7,
4438,14,250,,,110,36300,,140,46200,,,
4438,15,180,,,70,14000,,110,22000,,,
4438,16,9,,,9,6300,,,,,,
4438,19,1700,1050,80000,600,42000,50,,,3,6,7
4439,1,540,,,510,86700,,30,5100,,,
4439,7,5000,4780,630000,220,55000,,,,5,,
4439,8,100,50,100000,30,45000,,20,30000,2,3,6
4439,9,12,,,12,12000,,,,,,
4439,10,400,200,60000,200,50000,,,,3,6,
4439,11,50,15,45000,25,75000,,10,30000,3,7,
4439,14,240,,,100,33000,,140,46200,,,
4439,15,220,,,80,16000,,140,28000,,,
4439,16,10,,,10,8000,,,,,,
4439,19,3200,2680,200000,500,35000,20,,,3,6,7
4440,1,730,,,700,147000,,30,6600,,,
4440,2,10,,,10,30000,,,,,,
4440,7,3000,2760,360000,220,59400,20,,,5,,
4440,8,75,25,45000,35,52500,,15,22500,3,6,7
4440,9,11,,,11,11000,,,,,,
4440,10,320,120,36000,200,52000,,,,3,6,7
4440,11,35,,,30,90000,,5,15000,,,
4440,14,280,,,120,39600,,160,52800,,,
4440,15,240,,,90,18000,,150,30000,,,
4440,16,14,,,12,6000,,2,1000,,,
4440,19,1300,700,56000,600,48000,,,,3,6,7
4442,1,540,,,500,86000,,40,6800,,,
4442,7,3300,3050,400000,200,50000,50,,,5,,
4442,8,90,38,68400,32,48000,,20,30000,3,6,7
4442,9,8,,,8,8000,,,,,,
4442,10,400,150,45000,230,57500,20,,,2,4,6
4442,11,37,,,25,75000,,12,36000,,,
4442,14,200,,,90,29700,,110,36300,,,
4442,15,180,,,60,12000,,120,24000,,,
4442,16,12,,,10,7000,,2,1400,,,
4442,19,2300,1670,126000,600,48000,30,,,3,6,7
4443,7,700,550,72000,150,37500,,,,5,,
4443,8,30,,,20,30000,,10,15000,,,
4443,9,5,,,5,5000,,,,,,
4443,10,250,70,21000,180,45000,,,,3,6,7
4443,11,10,,,10,30000,,,,,,
4443,14,170,,,70,23100,,100,33000,,,
4443,15,150,,,60,12000,,90,18000,,,
4443,19,500,200,16000,300,24000,,,,2,6,7
4444,1,570,,,540,113000,,30,6300,,,
4444,7,4000,3810,500000,180,46800,10,,,5,,
4444,8,120,70,140000,33,49500,,17,25500,2,3,6
4444,9,9,,,9,9000,,,,,,
4444,10,370,210,63000,160,43200,,,,2,3,6
4444,11,50,20,66000,20,60000,,10,30000,2,6,7
4444,14,240,,,100,33000,,140,46200,,,
4444,15,180,,,80,16000,,100,20000,,,
4444,16,8,,,8,5800,,,,,,
4444,19,1700,1180,90000,500,40000,20,,,3,6,7
4445,1,550,,,530,114000,,20,4400,,,
4445,7,3300,3030,400000,230,59800,40,,,5,,
4445,8,140,70,140000,40,60000,,30,45000,3,6,7
4445,9,12,,,12,12000,,,,,,
4445,10,400,170,51000,200,50000,30,,,3,6,7
4445,11,47,12,36000,20,60000,,15,45000,2,7,
4445,14,300,,,120,38400,,180,58000,,,
4445,15,260,,,90,18000,,150,30000,,,
4445,16,11,,,9,6300,,2,1400,,,
4445,19,2700,2000,150000,600,45000,100,,,3,6,7
4446,1,510,,,490,102000,,20,4200,,,
4446,2,30,,,10,30000,,20,60000,,,
4446,7,6000,5770,750000,180,45000,50,,,5,,
4446,8,130,90,160000,35,52500,,5,7500,3,6,7
4446,9,14,,,14,16000,,,,,,
4446,10,400,150,45000,210,52500,40,,,2,6,7
4446,11,55,22,66000,25,75000,,8,24000,3,6,7
4446,14,240,,,100,33000,,140,46200,,,
4446,15,270,,,120,26400,,150,33000,,,
4446,16,15,,,12,7200,,3,1800,,,
4446,19,3200,2500,200000,650,52000,50,,,2,6,7
4447,1,585,,,570,96000,,15,2500,,,
4447,7,700,400,80000,300,60000,,,,2,5,6
4447,8,110,40,60000,50,75000,5,15,22500,2,3,4
4447,9,20,10,10000,10,10000,,,,2,,
4447,10,800,500,125000,300,75000,,,,2,4,6
4447,11,35,5,15000,19,570000,2,9,27000,2,,
4447,14,140,,,70,23100,,70,23100,,,
4447,15,100,,,50,9000,,50,9000,,,
4447,19,1600,900,54000,700,42000,,,,2,4,6
4448,1,280,,,270,57000,,10,2100,,,
4448,14,80,,,40,13200,,40,13200,,,
4448,15,40,,,20,3600,,20,3600,,,
4449,1,710,,,690,117000,,20,3380,,,
4449,7,700,350,70000,350,70000,,,,2,5,6
4449,8,110,35,52500,55,82500,5,15,22500,2,3,6
4449,9,25,12,12000,13,13000,,,,2,3,
4449,10,800,450,112500,350,87500,,,,2,3,4
4449,11,35,,,24,72000,3,8,24000,,,
4449,14,160,,,80,26400,,80,26400,,,
4449,15,100,,,50,9000,,50,9000,,,
4449,19,1600,800,48000,800,48000,,,,2,3,4
4450,1,300,,,280,47000,,20,3300,,,
4450,7,700,450,90000,250,50000,,,,2,5,6
4450,8,105,39,58500,45,67500,5,16,24000,2,3,4
4450,9,22,10,10000,10,10000,2,,,2,6,
4450,10,800,500,125000,300,75000,,,,2,4,6
4450,11,36,3,9000,20,60000,3,10,30000,2,,
4450,14,100,,,50,16500,,50,16500,,,
4450,15,60,,,30,5400,,30,5400,,,
4450,19,1500,950,57000,550,33000,,,,2,3,4
4451,1,450,,,430,92000,,20,4300,,,
4451,14,120,,,60,19800,,60,19800,,,
4451,15,80,,,40,7200,,40,7200,,,
4452,1,580,,,565,94400,,15,2500,,,
4452,7,800,500,100000,300,60000,,,,2,5,6
4452,8,110,34,51000,55,82500,5,16,24000,2,3,4
4452,9,25,12,12000,13,13000,,,,2,6,
4452,10,800,500,125000,300,75000,,,,2,4,6
4452,11,38,3,9000,20,60000,4,11,33000,2,,
4452,14,150,,,75,24750,,75,24750,,,
4452,15,80,,,40,7200,,40,7200,,,
4452,19,1600,800,48000,800,48000,,,,2,3,4
4453,1,150,,,135,29000,,15,3200,,,
4453,14,80,,,40,13200,,40,13200,,,
4453,15,40,,,20,3600,,20,3600,,,
4454,1,380,,,360,60800,,20,3380,,,
4454,14,100,,,50,16500,,50,16500,,,
4454,15,60,,,30,5400,,30,5400,,,
4454,19,1400,900,54000,500,30000,,,,2,3,4
4455,1,160,,,140,30400,,20,4300,,,
4455,14,60,,,30,9900,,30,9900,,,
4455,15,40,,,20,3600,,20,3600,,,
4456,14,60,,,30,9900,,30,9900,,,
4456,15,40,,,20,3600,,20,3600,,,
4457,14,140,,,70,23100,,70,23100,,,
4457,15,100,,,50,9000,,50,9000,,,
4458,14,120,,,60,19800,,60,19800,,,
4458,15,80,,,40,7200,,40,7200,,,
4459,14,70,,,35,11550,,35,11550,,,
4459,15,40,,,20,3600,,20,3600,,,
4460,14,120,,,60,19800,,60,19800,,,
4460,15,100,,,50,9000,,50,9000,,,
4461,14,80,,,40,13200,,40,13200,,,
4461,15,40,,,20,3600,,20,3600,,,
4462,14,60,,,30,9900,,30,9900,,,
4462,15,40,,,20,3600,,20,3600,,,
4463,14,180,,,90,29700,,90,29700,,,
4463,15,100,,,50,9000,,50,9000,,,
4464,14,140,,,70,23100,,70,23100,,,
4464,15,100,,,50,9000,,50,9000,,,
4465,14,100,,,40,14000,,60,22000,,,
4465,15,250,,,40,15000,,200,60000,,,
4466,1,600,,,600,132000,,,,,,
4466,14,70,,,20,7000,,50,15000,,,
4466,15,130,,,30,6200,,100,30000,,,
4467,1,730,,,730,172280,,,,,,
4467,14,60,,,20,6000,,40,12000,,,
4467,15,100,,,30,9600,,70,22400,,,
4467,20,30,,,10,1500,,20,3000,,,
4468,14,50,,,20,7000,,30,10500,,,
4468,15,120,,,20,6200,,100,31000,,,
4468,19,2000,,,2000,122000,,,,,,
4469,1,540,,,540,124000,,,,,,
4469,14,50,,,15,6000,,35,14000,,,
4469,15,70,,,20,7000,,50,18000,,,
4470,14,80,,,20,14000,,60,38000,,,
4470,15,200,,,50,25000,,150,60000,,,
4472,1,600,,,600,125000,,,,,,
4472,8,50,20,34000,30,51000,,,,2,,
4472,10,50,,,50,15000,,,,,,
4472,15,100,,,40,12000,,60,18000,,,
4472,19,2800,1000,60000,1800,108000,,,,2,,
4473,14,30,,,15,4600,,15,4600,,,
4473,15,100,,,30,7500,,70,17500,,,
4474,1,600,,,600,132000,,,,,,
4474,14,80,,,40,12000,,40,10000,,,
4474,15,60,,,20,5000,,40,9200,,,
4475,14,120,,,70,17500,,50,11000,,,
4475,15,100,,,40,8000,,60,12600,,,
4475,19,2400,1000,80000,1400,100000,,,,2,,
4476,14,50,,,10,2000,,40,12800,,,
4476,15,40,,,10,2500,,30,6300,,,
4477,14,120,,,40,9200,,80,20000,,,
4477,15,100,,,40,8800,,60,12600,,,
4477,19,1350,,,1350,81000,,,,,,
4478,1,600,,,600,138000,,,,,,
4478,12,20,,,20,30000,,,,,,
4478,13,50,,,20,20000,,30,30000,,,
4478,14,100,,,30,7500,,70,16100,,,
4478,15,70,,,20,4600,,50,10000,,,
4478,16,30,,,30,36000,,,,,,
4478,19,1200,,,1200,60000,,,,,,
4479,1,600,,,600,138000,,,,,,
4479,14,120,,,40,8000,,80,20000,,,
4479,15,100,,,40,9600,,60,13800,,,
4479,16,10,,,10,15000,,,,,,
4480,14,70,,,20,6000,,50,12500,,,
4480,15,50,,,20,4600,,30,7500,,,
4481,1,600,,,600,126000,,,,,,
4481,7,200,130,39000,70,17500,,,,2,,
4481,8,50,,,30,50000,,20,30000,,,
4481,10,200,150,45000,50,15000,,,,2,,
4481,12,10,,,10,15000,,,,,,
4481,13,30,,,20,20000,,10,10000,,,
4481,14,80,,,20,4600,,60,13800,,,
4481,15,60,,,20,4000,,40,8800,,,
4481,19,1200,,,1200,72000,,,,,,
4482,14,30,,,5,1250,,25,6250,,,
4482,15,20,,,5,1400,,15,3000,,,
4483,14,269,,,3,2000,,266,102050,,,
4483,15,33,,,5,1190,,28,38670,,,
4484,14,137,,,1,450,,136,28300,,,
4484,15,123,,,5,1660,,118,39710,,,
4485,1,300,,,300,70000,,,,,,
4485,14,119,,,4,1000,,115,23070,,,
4485,15,56,,,2,750,,54,11680,,,
4486,14,237,,,9,2200,,228,87640,,,
4486,15,173,,,8,1980,,165,45730,,,
4487,14,276,,,4,2370,,272,85560,,,
4487,15,109,,,9,1590,,100,30790,,,
4489,14,182,,,1,500,,18,90600,,,
4489,15,75,,,5,1110,,70,17000,,,
4491,14,196,,,4,1500,,193,47600,,,
4491,15,82,,,4,750,,78,9600,,,
4493,14,42,,,12,4200,,30,10500,,,
4493,15,50,,,10,4000,,40,16000,,,
4493,16,10,,,10,7000,,,,,,
4495,14,30,,,5,2000,,25,6400,,,
4495,15,70,,,20,4000,,50,10000,,,
4498,1,100,,,100,22000,,,,,,
4498,14,45,,,15,4800,,30,9600,,,
4498,15,60,,,40,12000,,20,6000,,,
4498,16,20,,,20,16000,,,,,,
4498,20,20,,,5,750,,15,3000,,,
4501,14,55,,,15,6000,,40,16000,,,
4501,15,28,,,12,1800,,16,2700,,,
4502,14,35,,,15,6000,,20,8000,,,
4502,15,15,,,5,750,,10,1500,,,
4504,14,45,,,15,6000,,30,12000,,,
4504,15,25,,,10,1500,,15,2250,,,
4505,14,40,,,20,8000,,20,8000,,,
4505,15,10,,,3,450,,7,1050,,,
4506,14,15,,,2,800,,13,5200,,,
4506,15,10,,,2,300,,8,1200,,,
4509,14,25,,,10,4000,,15,6000,,,
4509,15,10,,,,,,10,1500,,,
4510,1,380,,,380,79800,,,,,,
4510,14,25,,,,,,25,10000,,,
4510,15,42,,,,,,42,6300,,,
4511,1,560,,,560,117600,,,,,,
4511,14,44,,,,,,44,17600,,,
4511,15,57,,,,,,57,8550,,,
4511,19,1300,,,1300,91000,,,,,,
4512,1,590,,,590,123900,,,,,,
4512,14,52,,,,,,52,20800,,,
4512,15,62,,,,,,62,9300,,,
4512,19,1500,,,1500,105000,,,,,,
4513,1,248,,,248,49600,,,,,,
4513,14,32,,,,,,32,12800,,,
4513,15,48,,,,,,48,7200,,,
4514,1,470,,,470,98700,,,,,,
4514,14,48,,,,,,48,19200,,,
4514,15,60,,,,,,60,9000,,,
4516,1,585,,,585,127800,,,,,,
4516,14,51,,,,,,51,20400,,,
4516,15,62,,,,,,62,9300,,,
4516,19,1880,680,47600,1200,84000,,,,2,,
4517,1,300,,,300,63000,,,,,,
4517,14,38,,,,,,38,15200,,,
4517,15,49,,,,,,49,7350,,,
4517,19,1800,1000,70000,800,56000,,,,2,,
4518,1,420,,,420,88200,,,,,,
4518,14,51,,,,,,51,20400,,,
4518,15,56,,,,,,56,8400,,,
4518,19,1820,820,57400,1000,70000,,,,2,,
4519,14,280,,,150,53000,,130,33000,,,
4519,15,200,,,100,20000,,100,20000,,,
4519,16,10,,,10,10000,,,,,,
4519,19,3000,2200,132000,800,48000,,,,2,,
4520,14,170,,,80,28000,,90,31500,,,
4520,15,120,,,60,12000,,60,12000,,,
4520,16,10,,,10,10000,,,,,,
4521,14,180,,,80,28000,,100,35000,,,
4521,15,140,,,60,12000,,80,16000,,,
4521,16,15,,,15,15000,,,,,,
4522,14,140,,,60,21000,,80,28000,,,
4522,15,100,,,50,10000,,50,10000,,,
4522,16,10,,,10,10000,,,,,,
4524,1,750,,,750,167500,,,,,,
4524,14,370,,,180,63000,,190,66500,,,
4524,15,220,,,100,20000,,120,24000,,,
4524,16,25,,,25,25000,,,,,,
4524,19,1600,,,1600,96000,,,,,,
4525,14,170,,,80,28000,,90,31500,,,
4525,15,120,,,60,12000,,60,12000,,,
4525,16,10,,,10,10000,,,,,,
4526,14,310,,,160,56000,,150,52500,,,
4526,15,220,,,120,24000,,100,20000,,,
4526,16,25,,,25,25000,,,,,,
4527,14,150,,,80,28000,,70,24500,,,
4527,15,120,,,60,12000,,60,12000,,,
4527,16,5,,,5,5000,,,,,,
4528,1,936,,,936,196560,,,,,,
4528,14,20,,,,,,20,7000,,,
4528,15,20,,,5,1750,,15,5250,,,
4529,1,720,,,720,151200,,,,,,
4529,14,20,,,,,,20,7000,,,
4529,15,30,,,10,3500,,20,7000,,,
4530,14,20,,,,,,20,7000,,,
4530,15,20,,,7,2450,,13,4450,,,
4531,15,20,,,5,1750,,15,5250,,,
4532,1,216,,,216,45360,,,,,,
4534,14,20,,,,,,20,7000,,,
4534,15,10,,,,,,10,3500,,,
4535,14,20,,,,,,20,7000,,,
4535,15,20,,,5,1750,,15,5250,,,
4537,1,324,,,324,68040,,,,,,
4537,14,150,,,80,48000,,70,42000,,,
4537,15,160,,,100,20000,,60,12000,,,
4537,16,10,,,10,15000,,,,,,
4538,1,324,,,324,68040,,,,,,
4538,14,160,,,100,60000,,60,36000,,,
4538,15,180,,,90,18000,,90,18000,,,
4538,16,10,,,10,15000,,,,,,
4539,1,324,,,324,68040,,,,,,
4539,14,140,,,80,48000,,60,36000,,,
4539,15,170,,,100,20000,,70,14000,,,
4539,16,12,,,12,18000,,,,,,
4540,1,432,,,432,90720,,,,,,
4540,14,150,,,80,48000,,70,42000,,,
4540,15,200,,,100,20000,,100,20000,,,
4540,16,10,,,10,15000,,,,,,
4541,14,80,,,60,36000,,20,12000,,,
4541,15,80,,,50,10000,,30,6000,,,
4542,14,80,,,60,36000,,20,12000,,,
4542,15,100,,,50,10000,,50,10000,,,
4543,1,540,,,540,113400,,,,,,
4543,14,180,,,100,60000,,80,48000,,,
4543,15,150,,,90,18000,,60,12000,,,
4543,16,10,,,10,15000,,,,,,
4544,14,80,,,40,24000,,40,24000,,,
4544,15,50,,,30,6000,,20,4000,,,
4544,16,10,,,10,15000,,,,,,
4545,1,432,,,432,90720,,,,,,
4545,14,160,,,80,48000,,80,48000,,,
4545,15,150,,,80,16000,,70,14000,,,
4545,16,10,,,10,15000,,,,,,
4546,1,360,,,360,75600,,,,,,
4546,14,80,,,40,24000,,40,24000,,,
4546,15,60,,,30,6000,,30,6000,,,
4546,16,6,,,6,10000,,,,,,
4547,1,540,,,540,113000,,,,,,
4547,7,1200,600,120000,600,120000,,,,2,,
4547,8,60,40,60000,15,22500,,5,7500,2,6,
4547,9,5,,,5,6000,,,,,,
4547,10,1400,700,175000,700,175000,,,,2,,
4547,11,30,,,20,50000,,10,25000,,,
4547,14,100,,,50,30000,,50,30000,,,
4547,15,60,,,30,6000,,30,6000,,,
4547,16,5,,,5,8000,,,,,,
4547,19,1200,600,30000,600,30000,,,,2,,
4548,1,540,,,540,113000,,,,,,
4548,7,1200,700,140000,500,100000,,,,2,,
4548,8,70,30,45000,30,45000,,10,15000,2,6,
4548,9,10,,,10,12000,,,,,,
4548,10,1200,500,125000,700,175000,,,,2,4,6
4548,11,30,,,20,50000,,10,25000,,,
4548,14,100,,,50,30000,,50,30000,,,
4548,15,50,,,25,5000,,25,5000,,,
4548,16,7,,,7,12000,,,,,,
4548,19,1500,800,40000,700,35000,,,,2,6,
4549,1,540,,,540,113000,,,,,,
4549,14,70,,,40,24000,,30,18000,,,
4549,15,40,,,20,4000,,20,4000,,,
4549,16,7,,,7,12000,,,,,,
4550,1,540,,,540,113000,,,,,,
4550,7,1000,500,100000,500,100000,,,,2,,
4550,8,60,30,45000,20,30000,,10,15000,2,6,
4550,9,10,,,10,12000,,,,,,
4550,10,1200,700,175000,500,125000,,,,2,,
4550,11,40,,,30,75000,,10,25000,,,
4550,14,80,,,40,24000,,40,24000,,,
4550,15,40,,,20,4000,,20,4000,,,
4550,16,5,,,5,8000,,,,,,
4550,19,1300,700,35000,600,30000,,,,2,6,
4551,1,210,,,210,45000,,,,,,
4551,14,70,,,35,21000,,35,21000,,,
4551,15,60,,,30,6000,,30,6000,,,
4551,16,7,,,7,12000,,,,,,
4552,14,80,,,40,24000,,40,24000,,,
4552,15,40,,,20,4000,,20,4000,,,
4553,1,430,,,430,91000,,,,,,
4553,14,100,,,50,30000,,50,30000,,,
4553,15,40,,,20,4000,,20,4000,,,
4553,16,5,,,5,8000,,,,,,
4554,1,650,,,650,136000,,,,,,
4554,7,1500,800,160000,700,140000,,,,2,,
4554,8,66,40,60000,20,30000,,6,9000,2,6,
4554,9,10,,,10,12000,,,,,,
4554,10,1600,800,200000,800,200000,,,,2,6,4
4554,11,30,,,20,50000,,10,25000,,,
4554,14,80,,,40,24000,,40,24000,,,
4554,15,50,,,25,5000,,25,5000,,,
4554,16,6,,,6,10000,,,,,,
4554,19,1400,700,35000,700,35000,,,,2,6,
4555,1,540,,,540,108000,,,,,,
4555,14,40,,,10,4500,,30,13500,,,
4555,15,20,,,5,2250,,15,6750,,,
4555,16,10,,,10,18000,,,,,,
4556,1,540,,,540,108000,,,,,,
4556,7,1100,700,77000,400,44000,,,,5,,
4556,8,200,150,225000,50,75000,,,,2,,
4556,10,100,,,100,25000,,,,,,
4556,14,40,,,5,2250,,35,15750,,,
4556,15,20,,,5,2250,,15,6750,,,
4556,16,20,,,20,22000,,,,,,
4556,19,3000,2000,100000,1000,50000,,,,6,,
4557,1,540,,,540,108000,,,,,,
4557,14,35,,,6,2700,,29,13050,,,
4557,15,28,,,7,3150,,21,9450,,,
4557,16,10,,,10,10000,,,,,,
4558,1,648,,,648,129600,,,,,,
4558,7,1800,1200,144000,600,72000,,,,5,,
4558,8,100,50,75000,50,75000,,,,6,,
4558,10,100,,,100,25000,,,,,,
4558,14,50,,,10,3000,,40,9000,,,
4558,15,30,,,5,1000,,25,5000,,,
4558,16,10,,,10,12000,,,,,,
4558,19,1500,1000,50000,500,25000,,,,6,,
4559,1,432,,,432,86400,,,,,,
4559,14,50,,,10,4500,,40,17000,,,
4559,15,50,,,10,4500,,40,17000,,,
4559,16,10,,,10,13000,,,,,,
4560,1,324,,,324,64800,,,,,,
4560,7,590,290,31900,300,33000,,,,5,,
4560,8,130,90,13500,40,60000,,20,30000,2,6,
4560,10,100,,,100,25000,,,,,,
4560,14,20,,,5,2250,,15,6750,,,
4560,15,30,,,2,1000,,28,12600,,,
4560,16,10,,,10,13000,,,,,,
4560,19,1500,1000,50000,500,25000,,,,6,,
4561,1,756,,,756,151200,,,,,,
4561,7,500,300,33000,200,22000,,,,5,,
4561,8,190,100,150000,40,60000,,50,75000,6,,
4561,10,60,,,60,15000,,,,,,
4561,14,40,,,10,4500,,30,13500,,,
4561,15,40,,,6,2700,,34,15300,,,
4561,16,20,,,20,20000,,,,,,
4561,19,1500,1000,50000,500,25000,,,,6,,
4562,1,540,,,540,108000,,,,,,
4562,7,1430,1030,113300,400,44000,,,,5,,
4562,8,160,100,150000,30,45000,,30,45000,6,,
4562,10,250,150,37500,100,25000,,,,2,6,
4562,14,60,,,10,4500,,50,22500,,,
4562,15,30,,,5,2000,,25,11250,,,
4562,16,10,,,10,18000,,,,,,
4562,19,1500,1000,50000,500,25000,,,,6,,
4563,1,648,,,648,129600,,,,,,
4563,7,500,300,33000,200,22000,,,,5,,
4563,8,200,100,150000,60,90000,,40,60000,6,,
4563,10,100,,,100,25000,,,,,,
4563,14,30,,,5,2000,,25,11250,,,
4563,15,30,,,5,2000,,25,11250,,,
4563,16,10,,,10,18000,,,,,,
4563,19,1500,1000,50000,500,25000,,,,6,,
4564,14,81,,,45,13000,,36,10000,,,
4564,15,95,,,50,9800,,45,9500,,,
4565,15,45,,,25,4500,,20,4000,,,
4566,1,500,,,500,100000,,,,,,
4566,14,320,,,168,37500,,152,32700,,,
4566,15,271,,,145,29000,,126,27600,,,
4567,14,70,,,37,11200,,33,9400,,,
4567,15,68,,,38,7400,,30,6300,,,
4568,1,540,,,540,108000,,,,,,
4568,14,382,,,200,43800,,182,37900,,,
4568,15,300,,,160,32000,,140,30800,,,
4569,14,257,,,142,32700,,115,26300,,,
4569,15,185,,,100,20000,,85,18500,,,
4570,14,89,,,50,13900,,39,10500,,,
4570,15,98,,,52,10000,,46,9800,,,
4571,1,250,,,250,50000,,,,,,
4571,14,214,,,115,27200,,99,22600,,,
4571,15,180,,,98,19500,,82,18000,,,
4572,14,130,,,69,18600,,61,15600,,,
4572,15,106,,,56,11200,,50,10500,,,
4573,1,360,,,340,68000,20,,,,,
4573,7,200,,,190,38000,10,,,,,
4573,8,250,170,272000,60,96000,10,10,16000,2,6,7
4573,9,12,,,10,15000,2,,,,,
4573,10,300,,,280,70000,20,,,,,
4573,13,10,,,,,,10,10000,,,
4573,14,260,,,140,49000,10,110,38500,,,
4573,15,80,,,40,8000,5,35,7000,,,
4573,16,30,,,25,22500,5,,,,,
4573,19,3300,2700,162000,500,30000,100,,,2,6,7
4573,20,70,,,40,8000,5,25,5000,,,
4574,1,650,,,620,124000,30,,,,,
4574,7,200,,,180,36000,20,,,,,
4574,8,160,30,45000,120,180000,5,5,7500,6,7,
4574,10,220,,,200,50000,20,,,,,
4574,14,400,,,200,70000,20,180,63000,,,
4574,15,160,,,90,18000,10,60,12000,,,
4574,16,50,,,40,36000,10,,,,,
4574,19,300,,,300,18000,,,,,,
4574,20,60,,,30,6000,,30,6000,,,
4575,14,120,,,40,14000,10,70,24500,,,
4575,15,60,,,10,2000,2,48,9600,,,
4575,16,20,,,18,18000,2,,,,,
4575,20,40,,,20,4000,,20,4000,,,
4576,14,200,,,100,35000,10,90,31500,,,
4576,15,100,,,30,6000,8,62,12400,,,
4576,16,40,,,35,28000,5,,,,,
4576,20,20,,,10,2000,,10,2000,,,
4577,14,300,,,150,52500,20,130,45500,,,
4577,15,120,,,60,12000,,60,12000,,,
4577,16,30,,,25,20000,5,,,,,
4577,20,40,,,20,4000,,20,4000,,,
4578,14,250,,,140,49000,20,90,31500,,,
4578,15,140,,,70,14000,5,65,13000,,,
4578,16,40,,,37,29600,3,,,,,
4578,20,100,,,55,11000,5,40,8000,,,
4579,1,220,,,210,42000,10,,,,,
4579,14,200,,,95,33250,10,95,33250,,,
4579,15,100,,,50,10000,5,45,9000,,,
4579,20,80,,,40,8000,5,35,7000,,,
4580,1,288,,,280,56000,8,,,,,
4580,14,160,,,80,28000,10,70,24500,,,
4580,15,60,,,30,6000,2,28,5600,,,
4580,16,10,,,9,9000,1,,,,,
4580,20,60,,,30,6000,2,28,5600,,,
4581,1,1440,,,1420,284000,20,,,,,
4581,14,500,,,300,105000,,200,70000,,,
4581,15,300,,,200,40000,,100,20000,,,
4581,16,60,,,58,29000,2,,,,,
4581,20,200,,,120,24000,,80,16000,,,
4583,14,150,,,70,18000,,80,21000,,,
4583,15,60,,,40,8000,,20,4000,,,
4583,16,25,,,25,20000,,,,,,
4583,20,30,,,15,3000,,15,3000,,,
4584,1,550,,,550,113000,,,,,,
4584,14,130,,,70,18000,,60,16000,,,
4584,15,60,,,30,6000,,30,6000,,,
4584,20,65,,,40,8000,,25,5000,,,
4585,1,350,,,350,73000,,,,,,
4585,14,50,,,,,,50,13000,,,
4585,20,30,,,,,,30,6000,,,
4586,14,90,,,40,11000,,50,14000,,,
4586,15,60,,,30,6000,,30,6000,,,
4586,16,20,,,20,16000,,,,,,
4586,20,60,,,35,7000,,25,5000,,,
4587,1,600,,,600,125000,,,,,,
4587,14,150,,,100,27000,,50,13000,,,
4587,15,80,,,40,8000,,40,8000,,,
4587,16,30,,,30,27000,,,,,,
4587,20,60,,,40,8000,,20,4000,,,
4588,14,40,,,15,4000,,25,6500,,,
4588,15,45,,,25,5000,,20,4000,,,
4588,20,50,,,25,5000,,25,5000,,,
4589,1,290,,,290,61000,,,,,,
4589,14,60,,,30,8000,,30,8000,,,
4589,20,50,,,30,6000,,20,6000,,,
4590,1,300,,,300,63000,,,,,,
4590,14,15,,,15,4000,,,,,,
4590,15,20,,,20,4000,,,,,,
4590,20,10,,,10,2000,,,,,,
4591,1,360,,,360,72000,,,,,,
4591,7,2400,1900,228000,500,60000,100,,,2,,
4591,8,40,,,30,45000,10,,,,,
4591,9,10,,,8,16000,2,,,,,
4591,10,100,,,100,20000,,,,,,
4591,14,25,,,15,6750,,10,4500,,,
4591,15,40,,,20,4000,,20,4400,,,
4591,16,6,,,6,2400,,,,,,
4592,14,50,,,20,8000,,30,12000,,,
4592,15,50,,,25,5000,,25,5000,,,
4592,16,10,,,10,4000,,,,,,
4593,15,20,,,12,1200,,8,800,,,
4594,14,10,,,3,1200,,7,2800,,,
4594,15,20,,,5,1000,,15,6000,,,
4595,7,1500,1050,126000,450,54000,,,,5,4,
4595,8,36,,,36,54000,,,,,,
4595,9,3,,,3,6000,,,,,,
4595,10,60,,,60,12000,,,,,,
4595,14,30,,,15,4500,,15,6000,,,
4595,15,50,,,25,5000,,25,5000,,,
4596,14,20,,,10,4500,,10,4500,,,
4596,15,20,,,10,2000,,10,2000,,,
4598,14,60,,,30,12000,,30,12000,,,
4598,15,80,,,40,8000,,40,8000,,,
4598,16,12,,,12,6000,,,,,,
4599,1,720,,,720,151200,,,,,,
4599,14,60,,,30,13500,,30,13500,,,
4599,15,100,,,50,11000,,50,11000,,,
4599,16,12,,,12,6000,,,,,,
4600,1,300,,,300,58500,,,,,,
4600,14,90,,,,,,90,37800,,,
4600,15,25,,,,,,25,5500,,,
4600,20,30,,,10,2000,,20,4000,,,
4602,14,60,,,,,,60,24000,,,
4602,15,20,,,,,,20,4000,,,
4603,1,250,,,250,48000,,,,,,
4603,14,15,,,,,,15,3000,,,
4603,15,25,,,,,,25,6500,,,
4603,20,30,,,10,2000,,20,4000,,,
4604,1,200,,,200,40000,,,,,,
4604,14,15,,,,,,15,6000,,,
4604,15,20,,,,,,20,4400,,,
4604,20,70,,,20,4000,,50,10000,,,
4605,14,120,,,,,,120,48000,,,
4605,15,40,,,,,,40,8800,,,
4605,20,30,,,10,2100,,20,4200,,,
4607,14,50,,,,,,50,20000,,,
4607,15,15,,,,,,15,3000,,,
4608,14,60,,,,,,60,25200,,,
4608,15,25,,,,,,25,5000,,,
4609,14,40,,,10,4000,,30,12000,,,
4609,15,50,,,10,2000,,40,8000,,,
4609,16,15,,,15,30000,,,,,,
4610,14,50,,,10,4000,,40,16000,,,
4610,15,80,,,20,4000,,60,12000,,,
4610,16,20,,,20,40000,,,,,,
4612,14,30,,,5,2000,,25,10000,,,
4612,15,50,,,10,2000,,40,16000,,,
4612,16,10,,,10,20000,,,,,,
4614,1,600,,,600,130000,,,,,,
4614,14,90,,,20,8000,,70,28000,,,
4614,15,70,,,20,4000,,50,10000,,,
4614,16,30,,,30,60000,,,,,,
4615,14,50,,,10,4000,,40,16000,,,
4615,15,70,,,20,4000,,50,10000,,,
4615,16,25,,,25,50000,,,,,,
4616,1,600,,,600,130000,,,,,,
4616,14,50,,,15,6000,,35,14000,,,
4616,15,50,,,5,1000,,45,9000,,,
4617,1,300,,,300,65000,,,,,,
4617,14,60,,,15,6000,,45,18000,,,
4617,15,60,,,10,2000,,50,10000,,,
4617,16,10,,,10,20000,,,,,,
4618,1,360,,,330,72600,,30,6600,,,
4618,14,100,,,,,,100,22000,,,
4618,15,50,,,,,,50,21000,,,
4618,19,1350,1000,70000,350,24500,,,,2,,
4619,1,390,,,360,80000,,30,6600,,,
4619,14,320,,,70,15400,,250,55000,,,
4619,15,100,,,20,8000,,80,32000,,,
4620,1,560,,,540,119000,,20,4400,,,
4620,7,150,,,150,37500,,,,,,
4620,8,200,,,200,340000,,,,,,
4620,9,30,,,30,30000,,,,,,
4620,10,300,,,300,90000,,,,,,
4620,11,50,,,50,100000,,,,,,
4620,14,400,,,100,22000,,300,65000,,,
4620,15,100,,,20,8500,,80,32000,,,
4621,1,400,,,350,77000,,50,11000,,,
4621,12,20,,,8,24000,,12,36000,,,
4621,14,110,,,30,6600,,80,17000,,,
4621,15,70,,,10,4000,,60,24000,,,
4622,1,300,,,280,62000,,20,4400,,,
4622,7,300,,,300,75000,,,,,,
4622,8,250,,,250,46000,,,,,,
4622,9,100,,,100,100000,,,,,,
4622,10,300,,,300,90000,,,,,,
4622,14,120,,,50,11000,,70,15400,,,
4622,15,30,,,10,4000,,20,8000,,,
4623,1,360,,,320,70000,,40,8800,,,
4623,14,80,,,80,17600,,,,,,
4623,15,20,,,10,4000,,10,4000,,,
4624,1,1000,,,970,213400,,30,6600,,,
4624,14,200,,,170,37400,,30,6600,,,
4624,15,50,,,40,16000,,10,4000,,,
4625,1,400,,,360,80000,,40,8800,,,
4625,14,150,,,50,11000,,100,22000,,,
4625,15,50,,,20,8000,,30,12000,,,
4626,1,600,,,600,132000,,,,,,
4626,12,30,,,10,30000,,20,60000,,,
4626,14,300,,,150,33000,,150,33000,,,
4626,15,100,,,60,24000,,40,16000,,,
4627,14,100,,,,,,100,25000,,,
4628,14,150,,,,,,150,22000,,,
4628,15,40,,,,,,40,5800,,,
4629,14,65,,,,,,65,18000,,,
4629,15,20,,,,,,20,5800,,,
4631,14,80,,,,,,80,27000,,,
4631,15,10,,,,,,10,3000,,,
4634,14,130,,,,,,130,24500,,,
4634,15,20,,,,,,20,3800,,,
4635,14,150,,,,,,150,35000,,,
4635,15,60,,,,,,60,8900,,,
4637,14,85,,,10,1200,,75,16500,,,
4637,15,35,,,5,1000,,30,6000,,,
4637,16,7,,,7,10000,,,,,,
4638,14,75,,,,,5,70,15600,,,
4638,15,35,,,,,,35,7000,,,
4638,16,6,,,6,8000,,,,,,
4639,14,85,,,10,1200,,75,16500,,,
4639,15,35,,,5,1000,,30,6000,,,
4639,16,7,,,7,10000,,,,,,
4640,14,80,,,,,,80,20000,,,
4640,15,40,,,,,,40,8000,,,
4640,16,6,,,6,8000,,,,,,
4641,14,80,,,15,4200,,65,15000,,,
4641,15,50,,,40,8000,,10,2000,,,
4642,14,45,,,,,3,42,10800,,,
4642,15,40,,,,,5,35,7000,,,
4643,14,90,,,15,3300,,75,16200,,,
4643,15,40,,,,,5,35,7000,,,
4643,16,10,,,10,15000,,,,,,
4644,14,15,,,,,,15,4200,,,
4644,15,20,,,,,,20,4000,,,
4645,14,30,,,,,,30,10000,,,
4645,15,35,,,,,,35,7000,,,
4646,14,130,,,30,10000,,100,31000,,,
4646,15,60,,,15,3000,,45,9000,,,
4646,16,30,,,30,35000,,,,,,
4647,14,120,,,20,7000,,100,32000,,,
4647,15,48,,,8,1600,,40,8000,,,
4647,16,25,,,25,30000,,,,,,
4648,14,85,,,,,,85,25000,,,
4648,15,30,,,,,,30,6000,,,
4649,14,80,,,,,,80,25000,,,
4649,15,38,,,,,,38,8000,,,
4649,16,15,,,15,20000,,,,,,
4651,14,100,,,,,,100,32000,,,
4651,15,50,,,,,,50,10000,,,
4651,16,20,,,20,25000,,,,,,
4653,14,60,,,,,,60,20000,,,
4653,15,25,,,,,,25,5000,,,
4653,16,15,,,15,15000,,,,,,
4654,1,580,,,580,105000,,,,,,
4654,14,80,,,40,8000,,40,8000,,,
4654,15,60,,,30,6000,,30,6000,,,
4655,1,400,,,400,86000,,,,,,
4655,7,3700,3500,525000,200,50000,,,,5,,
4655,8,30,,,15,30000,,15,30000,,,
4655,10,30,,,30,4500,,,,,,
4655,11,30,,,15,38000,,15,38000,,,
4655,14,70,,,40,8000,,30,6000,,,
4655,15,80,,,40,8000,,40,8000,,,
4655,19,800,60,3600,200,12000,,,,6,,
4656,14,40,,,20,4000,,20,4000,,,
4656,15,50,,,30,6000,,20,4000,,,
4657,7,3250,3200,410000,50,7000,,,,5,,
4657,8,40,,,20,32000,,20,32000,,,
4657,10,50,,,50,12500,,,,,,
4657,11,40,,,20,50000,,20,50000,,,
4657,14,100,,,60,12000,,40,8000,,,
4657,15,60,,,40,8000,,20,4000,,,
4657,19,1000,600,36000,400,24000,,,,6,,
4658,1,400,,,400,72000,,,,,,
4658,8,40,,,20,40000,,20,40000,,,
4658,10,50,,,50,7500,,,,,,
4658,11,40,,,20,50000,,20,50000,,,
4658,14,90,,,50,10000,,40,8000,,,
4658,15,80,,,40,8000,,40,8000,,,
4658,19,1000,700,42000,300,18000,,,,7,,
4659,14,70,,,40,8000,,30,6000,,,
4659,15,80,,,50,10000,,30,6000,,,
4660,1,400,,,400,68000,,,,,,
4660,7,1630,1600,240000,30,5000,,,,5,,
4660,8,30,,,15,26000,,15,26000,,,
4660,10,30,,,30,5500,,,,,,
4660,11,30,,,15,38000,,15,38000,,,
4660,14,60,,,40,8000,,20,4000,,,
4660,15,80,,,50,10000,,30,6000,,,
4660,19,1000,700,42000,300,18000,,,,6,,
4661,1,400,,,400,70000,,,,,,
4661,7,4850,4800,720000,50,7000,,,,5,,
4661,8,30,,,15,26000,,15,26000,,,
4661,10,30,,,30,6000,,,,,,
4661,11,30,,,15,37000,,15,37000,,,
4661,14,70,,,40,8000,,30,6000,,,
4661,15,60,,,30,6000,,30,6000,,,
4661,19,1000,800,48000,200,12000,,,,6,7,
4662,14,40,,,20,4000,,20,4000,,,
4662,15,40,,,20,4000,,20,4000,,,
4663,1,185,,,185,37000,,,,,,
4663,14,40,,,25,9000,,15,8500,,,
4663,15,40,,,30,6000,,10,2000,,,
4664,1,790,,,790,158000,,,,,,
4664,7,5100,5000,700000,100,14000,,,,2,,
4664,8,140,70,84000,70,84000,,,,2,,
4664,9,4,,,4,4800,,,,,,
4664,10,250,,,250,62500,,,,,,
4664,11,50,10,25000,40,100000,,,,2,,
4664,16,5,,,5,6000,,,,,,
4664,19,2000,1000,60000,1000,60000,,,,2,,
4665,1,285,,,285,57000,,,,,,
4665,7,3750,3700,555000,50,7500,,,,2,,
4665,8,70,30,45000,40,60000,,,,2,,
4665,9,2,,,2,2400,,,,,,
4665,10,100,,,100,25000,,,,,,
4665,11,25,,,25,57500,,,,,,
4666,1,430,,,430,86000,,,,,,
4666,7,2500,2400,360000,100,15000,,,,2,,
4666,8,140,70,100000,70,100000,,,,2,,
4666,9,3,,,3,3600,,,,,,
4666,10,200,,,200,50000,,,,,,
4666,11,40,10,25000,30,75000,,,,2,,
4666,19,2700,2000,120000,700,42000,,,,2,,
4667,1,570,,,570,114000,,,,,,
4667,7,3500,3400,500000,100,15000,,,,2,,
4667,8,150,70,100000,80,120000,,,,2,,
4667,9,5,,,5,6000,,,,,,
4667,10,250,,,250,62500,,,,2,,
4667,19,2000,1000,60000,1000,60000,,,,2,,
4668,1,380,,,380,76000,,,,,,
4668,7,50,,,50,7500,,,,,,
4668,8,60,,,60,90000,,,,,,
4668,9,3,,,3,3600,,,,,,
4668,10,150,,,150,37500,,,,,,
4668,11,25,,,25,62500,,,,,,
4668,14,40,,,12,5000,,28,8000,,,
4668,15,30,,,10,2000,,20,4000,,,
4669,1,770,,,770,154000,,,,,,
4670,1,430,,,430,86000,,,,,,
4670,7,2000,1900,280000,100,15000,,,,2,,
4670,8,60,,,60,90000,,,,,,
4670,9,3,,,3,3600,,,,,,
4670,10,200,,,200,50000,,,,,,
4670,11,25,,,25,62500,,,,,,
4670,14,50,,,15,5500,,35,13000,,,
4670,15,50,,,10,2000,,40,8000,,,
4670,16,5,,,5,6000,,,,,,
4670,17,40,35,105000,2,6000,,3,9000,2,,
4670,19,1500,1000,60000,500,30000,,,,2,,
4671,1,320,,,320,64000,,,,,,
4671,7,2500,2450,367500,50,7500,,,,2,,
4671,8,140,80,120000,60,90000,,,,2,,
4671,9,3,,,3,3600,,,,,,
4671,10,200,,,200,50000,,,,,,
4671,11,50,25,62500,25,62500,,,,2,,
4671,19,2000,1400,84000,600,36000,,,,2,,
4672,14,60,,,40,12800,,20,6400,,,
4672,15,40,,,25,5000,,15,3000,,,
4673,14,70,,,40,12800,,30,9600,,,
4673,15,50,,,25,5000,,25,5000,,,
4674,14,65,,,30,9600,,35,11200,,,
4674,15,55,,,20,4000,,35,7000,,,
4675,14,60,,,25,8000,,35,11200,,,
4675,15,40,,,20,4000,,20,4000,,,
4676,14,70,,,30,9600,,40,12800,,,
4676,15,45,,,30,5400,,45,8100,,,
4677,14,40,,,20,6400,,20,6400,,,
4677,15,30,,,18,3600,,12,2400,,,
4678,14,50,,,20,6400,,30,9600,,,
4678,15,45,,,25,5000,,20,4000,,,
4679,14,90,,,45,15000,,45,15000,,,
4679,15,60,,,30,6500,,30,6500,,,
4680,14,70,,,45,14400,,45,14000,,,
4680,15,50,,,30,6000,,40,8000,,,
4681,1,1700,,,1700,300000,,,,,,
4681,7,2100,1300,169000,800,160000,,,,7,,
4681,8,120,,,100,130000,,20,26000,,,
4681,10,700,,,700,140000,,,,,,
4681,11,70,,,70,150000,,,,,,
4681,14,92,,,46,15000,,46,15000,,,
4681,15,125,,,75,15000,,50,10000,,,
4681,16,30,,,30,22000,,,,,,
4681,19,1200,,,1200,60000,,,,,,
4682,1,1100,,,1100,230000,,,,,,
4682,7,600,,,600,100000,,,,,,
4682,8,60,,,50,65000,,10,13000,,,
4682,10,200,,,200,40000,,,,,,
4682,14,66,,,33,10500,,33,10500,,,
4682,15,30,,,20,4000,,10,2000,,,
4682,16,10,,,10,8000,,,,,,
4682,19,1200,,,1200,60000,,,,,,
4683,1,170,,,170,36000,,,,,,
4683,19,3600,3200,160000,150,7500,250,,,2,,
4684,1,500,,,500,83000,,,,,,
4684,7,1500,1400,182000,100,20000,,,,7,,
4684,8,45,,,35,45500,,10,13000,,,
4684,10,100,,,100,20000,,,,,,
4684,11,30,,,30,90000,,,,,,
4684,14,56,,,22,7000,,34,11000,,,
4684,15,29,,,13,2500,,16,3000,,,
4684,16,10,,,10,8000,,,,,,
4684,19,1000,600,30000,400,20000,,,,5,6,
4685,1,680,,,680,143000,,,,,,
4685,7,200,,,200,40000,,,,,,
4685,8,60,,,50,65000,,10,13000,,,
4685,10,150,,,150,30000,,,,,,
4685,11,20,,,20,50000,,,,,,
4685,14,56,,,28,9000,,28,9000,,,
4685,15,66,,,31,6000,,35,6800,,,
4685,16,20,,,20,15000,,,,,,
4685,19,800,,,800,40000,,,,,,
4686,1,1000,,,1000,170000,,,,,,
4686,2,50,,,40,120000,,10,30000,,,
4686,7,17000,16700,2170000,300,60000,,,,6,,
4686,8,100,,,80,104000,,20,26000,,,
4686,10,300,,,300,60000,,,,,,
4686,11,70,,,60,180000,,10,30000,,,
4686,14,80,,,50,17000,,50,17000,,,
4686,15,125,,,65,13000,,60,12000,,,
4686,16,20,,,20,16000,,,,,,
4686,17,130,60,200000,30,100000,20,20,68000,2,,
4686,19,3000,2400,70000,500,25000,100,,,2,,
4687,1,900,,,900,150000,,,,,,
4687,7,600,,,600,120000,,,,,,
4687,8,80,,,70,91000,,10,13000,,,
4687,10,200,,,200,40000,,,,,,
4687,14,100,,,50,16000,,50,16000,,,
4687,15,40,,,20,4000,,20,4000,,,
4687,16,20,,,20,14000,,,,,,
4687,19,1800,,,1800,90000,,,,,,
4688,1,550,,,550,93000,,,,,,
4688,2,70,,,30,90000,10,30,90000,,,
4688,7,3400,3200,416000,200,40000,,,,7,,
4688,8,80,,,50,65000,20,10,13000,,,
4688,10,150,,,150,30000,,,,,,
4688,11,35,,,35,105000,,,,,,
4688,14,68,,,34,11000,,34,11000,,,
4688,15,70,,,35,7000,,35,7000,,,
4688,16,15,,,15,12000,,,,,,
4688,17,30,,,10,35000,10,10,35000,,,
4688,19,2100,1500,75000,400,20000,200,,,7,2,
4689,1,650,,,650,137000,,,,,,
4689,7,200,,,200,40000,,,,,,
4689,8,60,,,50,65000,,10,13000,,,
4689,10,150,,,150,30000,,,,,,
4689,11,20,,,20,50000,,,,,,
4689,14,46,,,23,7500,,23,7500,,,
4689,15,50,,,25,5000,,25,5000,,,
4689,16,20,,,20,14000,,,,,,
4689,19,900,,,900,45000,,,,,,
4691,14,80,,,35,10500,,45,13500,,,
4691,15,60,,,30,6000,,30,6000,,,
4692,14,30,,,10,3000,,20,6000,,,
4692,15,20,,,7,1400,,13,2600,,,
4693,14,40,,,15,4500,,25,7500,,,
4693,15,30,,,10,2000,,20,4000,,,
4694,14,90,,,40,12000,,50,15000,,,
4694,15,60,,,25,5000,,35,7000,,,
4695,14,120,,,40,12000,,80,24000,,,
4695,15,80,,,30,6000,,50,10000,,,
4696,14,40,,,15,4500,,25,7500,,,
4696,15,30,,,10,2000,,20,4000,,,
4697,14,70,,,30,9000,,40,12000,,,
4697,15,40,,,15,3000,,25,5000,,,
4698,14,90,,,40,12000,,50,15000,,,
4698,15,70,,,30,6000,,40,8000,,,
4699,1,300,,,300,66000,,,,,,
4699,14,100,,,100,45000,,,,,,
4699,15,75,,,75,10500,,,,,,
4700,1,360,,,360,79200,,,,,,
4700,14,150,,,150,67500,,,,,,
4700,15,85,,,85,11900,,,,,,
4700,19,700,,,700,42000,,,,,,
4701,14,130,,,120,56800,,10,4400,,,
4701,15,80,,,80,11200,,,,,,
4702,1,480,,,480,105600,,,,,,
4702,14,140,,,140,63000,,,,,,
4702,15,85,,,85,11900,,,,,,
4703,14,40,,,40,5600,,,,,,
4703,15,20,,,20,9000,,,,,,
4704,1,600,,,600,132000,,,,,,
4704,14,180,,,170,76500,,10,4500,,,
4704,15,100,,,100,13000,,,,,,
4705,14,80,,,80,36000,,,,,,
4705,15,50,,,50,7000,,,,,,
4706,14,120,,,120,54000,,,,,,
4706,15,65,,,65,9100,,,,,,
4706,19,1200,,,1000,60000,200,,,,,
4707,14,60,,,60,8400,,,,,,
4707,15,40,,,40,18000,,,,,,
4708,1,300,,,300,63000,,,,,,
4708,2,20,,,5,18500,5,10,37000,,,
4708,8,200,50,75000,80,120000,50,20,30000,2,6,
4708,10,200,,,100,30000,100,,,,,
4708,11,10,,,10,25000,,,,,,
4708,14,80,,,20,8000,20,40,16000,,,
4708,15,130,,,30,5400,30,70,12600,,,
4708,16,5,,,5,6000,,,,,,
4708,17,20,5,15000,,,10,5,15000,2,,
4708,19,1500,500,30000,500,30000,500,,,2,6,
4709,1,650,,,650,136500,,,,,,
4709,2,20,,,10,37000,,10,37000,,,
4709,7,20,,,20,5000,,,,,,
4709,8,160,80,120000,40,60000,30,10,15000,2,6,
4709,10,150,,,150,45000,,,,,,
4709,11,10,,,10,25000,,,,,,
4709,14,100,,,30,12000,,70,28000,,,
4709,15,130,,,50,9000,,80,14400,,,
4709,16,5,,,5,6000,,,,,,
4709,17,50,,,5,15000,20,25,75000,,,
4709,19,1200,400,24000,600,36000,200,,,2,6,
4710,1,390,,,390,81900,,,,,,
4710,2,40,,,10,37000,,30,111000,,,
4710,7,20,,,20,5000,,,,,,
4710,8,110,30,45000,30,45000,30,20,30000,2,6,
4710,10,100,,,100,30000,,,,,,
4710,11,20,,,10,25000,,10,25000,,,
4710,12,5,,,2,4000,,3,6000,,,
4710,14,100,,,20,8000,,80,32000,,,
4710,15,120,,,40,7200,,80,14400,,,
4710,16,5,,,5,6000,,,,,,
4710,17,5,,,2,6000,,3,9000,,,
4710,19,1500,50,3000,700,42000,300,,,2,6,
4711,1,1000,,,1000,210000,,,,,,
4711,7,40,,,40,10000,,,,,,
4711,8,160,80,120000,50,75000,10,20,30000,2,6,
4711,10,160,,,160,48000,,,,,,
4711,11,20,,,10,25000,,10,25000,,,
4711,14,150,,,50,20000,,100,40000,,,
4711,15,180,,,80,14400,,100,18000,,,
4711,16,10,,,10,12000,,,,,,
4711,19,1000,300,18000,700,42000,,,,6,,
4712,1,600,,,600,126000,,,,,,
4712,2,20,,,5,18000,,15,53000,,,
4712,7,17,,,17,4250,,,,,,
4712,8,70,20,30000,40,60000,,10,15000,2,6,
4712,10,100,,,100,30000,,,,,,
4712,11,10,,,7,17500,,3,7500,,,
4712,14,120,,,40,160000,,80,320000,,,
4712,15,150,,,60,10800,,90,16200,,,
4712,16,2,,,2,2400,,,,,,
4712,19,700,,,700,42000,,,,,,
4713,1,650,,,650,136500,,,,,,
4713,2,50,,,10,37000,,40,148000,,,
4713,7,80,,,80,20000,,,,,,
4713,8,250,100,150000,80,120000,50,20,30000,2,6,
4713,10,150,,,150,45000,,,,,,
4713,11,20,,,10,25000,,10,25000,,,
4713,14,150,,,50,20000,,100,40000,,,
4713,15,200,,,60,10800,,140,25200,,,
4713,16,10,,,10,12000,,,,,,
4713,19,1000,200,12000,600,36000,200,,,2,6,
4714,1,700,,,700,147000,,,,,,
4714,2,35,,,10,37000,,25,92500,,,
4714,8,160,40,60000,90,135000,10,20,30000,2,6,
4714,10,100,,,100,30000,,,,,,
4714,11,20,,,10,25000,,10,25000,,,
4714,14,120,,,40,16000,,80,32000,,,
4714,15,150,,,50,9000,,100,18000,,,
4714,16,5,,,5,6000,,,,,,
4714,19,1000,200,12000,800,48000,,,,2,6,
4715,1,200,,,200,42000,,,,,,
4715,7,10,,,10,2500,,,,,,
4715,8,80,20,30000,20,30000,30,10,15000,2,6,
4715,10,50,,,50,15000,,,,,,
4715,14,30,,,10,4000,,20,8000,,,
4715,15,60,,,10,1800,,50,9000,,,
4715,19,1000,500,30000,200,12000,300,,,2,6,
4716,1,1200,,,1200,252000,,,,,,
4716,2,30,,,10,37000,,20,74000,,,
4716,7,60,,,60,15000,,,,,,
4716,8,180,80,120000,60,90000,20,20,30000,2,6,
4716,10,200,,,200,70000,,,,,,
4716,11,10,,,10,25000,,,,,,
4716,14,160,,,60,24000,,100,40000,,,
4716,15,200,,,80,14400,,120,21600,,,
4716,16,10,,,10,12000,,,,,,
4716,17,10,,,5,15000,,5,15000,,,
4716,19,1200,,,1200,72000,,,,,,
4717,1,400,,,400,88000,,,,,,
4717,7,250,,,250,50000,,,,,,
4717,8,150,,,100,150000,20,30,45000,,,
4717,10,500,,,380,133000,120,,,,,
4717,11,27,,,27,67500,,,,,,
4717,12,30,20,40000,10,20000,,,,4,,
4717,13,50,35,42000,15,18000,,,,4,,
4717,14,200,,,170,45900,,30,8100,,,
4717,15,75,,,75,9750,,,,,,
4717,19,500,,,500,30000,,,,,,
4718,1,300,,,300,66000,,,,,,
4718,2,25,,,25,87500,,,,,,
4718,14,130,,,130,35100,,,,,,
4718,15,50,,,50,6500,,,,,,
4718,17,12,,,12,36000,,,,,,
4718,19,1500,,,1000,60000,500,,,,,
4719,1,300,,,300,66000,,,,,,
4719,2,40,,,40,120000,,,,,,
4719,7,200,,,200,50000,,,,,,
4719,8,170,50,75000,70,105000,30,20,30000,2,,
4719,10,350,,,350,122500,,,,,,
4719,14,130,,,130,35100,,,,,,
4719,15,75,,,75,9750,,,,,,
4719,17,100,70,210000,12,36000,18,,,7,,
4720,1,350,,,350,77000,,,,,,
4720,2,70,,,70,245000,,,,,,
4720,7,250,,,250,50000,,,,,,
4720,8,400,210,315000,100,150000,70,20,30000,3,,
4720,10,400,,,300,105000,100,,,,,
4720,11,40,,,30,75000,5,5,12500,,,
4720,12,70,45,90000,20,40000,5,,,3,,
4720,13,25,,,20,28000,5,,,,,
4720,14,140,40,60000,100,27000,,,,3,,
4720,15,75,,,75,9750,,,,,,
4720,19,2000,1000,60000,800,48000,200,,,3,,
4721,1,700,,,700,154000,,,,,,
4721,2,90,,,25,87500,,65,227500,,,
4721,7,700,400,100000,300,75000,,,,7,,
4721,8,500,310,465000,110,165000,55,25,37500,7,,
4721,9,13,,,13,15600,,,,,,
4721,10,600,300,105000,260,91000,40,,,7,,
4721,11,65,,,60,150000,5,,,,,
4721,12,20,,,20,40000,,,,,,
4721,13,20,,,20,30000,,,,,,
4721,14,210,,,180,48600,,30,8100,,,
4721,15,90,,,90,11700,,,,,,
4721,17,200,120,360000,35,105000,15,30,90000,7,,
4721,19,700,,,700,42000,,,,,,
4722,1,300,,,300,66000,,,,,,
4722,2,30,,,30,105000,,,,,,
4722,7,260,,,200,40000,60,,,,,
4722,8,180,,,100,150000,50,30,45000,,,
4722,10,480,,,450,157500,30,,,,,
4722,11,5,,,5,12500,,,,,,
4722,12,20,,,20,40000,,,,,,
4722,14,140,,,140,37800,,,,,,
4722,15,60,,,60,7800,,,,,,
4722,19,800,,,800,48000,,,,,,
4723,1,250,,,250,55000,,,,,,
4723,2,70,,,40,140000,30,,,,,
4723,12,80,,,60,120000,20,,,,,
4723,14,130,,,130,36400,,,,,,
4723,15,60,,,60,8400,,,,,,
4723,17,200,140,420000,20,60000,30,10,30000,2,,
4723,19,1000,,,600,36000,400,,,,,
4724,12,20,,,20,40000,,,,,,
4724,14,140,,,140,37800,,,,,,
4724,15,60,,,60,7900,,,,,,
4724,19,2700,1900,114000,700,42000,100,,,4,,
4725,1,360,,,360,79200,,,,,,
4725,14,150,,,150,40500,,,,,,
4725,15,60,,,60,7800,,,,,,
4725,19,1500,500,30000,800,48000,200,,,2,,
4726,1,620,,,620,136400,,,,,,
4726,7,370,100,25000,260,65000,10,,,4,2,
4726,8,75,,,30,45000,5,40,60000,,,
4726,9,10,,,10,25000,,,,,,
4726,10,400,,,400,100000,,,,,,
4726,11,25,,,25,84000,,,,,,
4726,12,40,,,20,36000,,20,36000,,,
4726,14,240,,,120,29400,,120,29400,,,
4726,15,180,,,100,12000,,80,9600,,,
4726,19,750,,,750,37500,,,,,,
4727,1,650,,,650,143000,,,,,,
4727,12,30,,,20,30000,,10,15000,,,
4727,14,300,,,150,39750,,150,39750,,,
4727,15,240,,,120,15600,,120,15600,,,
4727,19,540,,,540,27000,,,,,,
4728,1,420,,,420,92400,,,,,,
4728,7,450,,,400,100000,50,,,2,4,
4728,8,150,50,75000,70,105000,,30,45000,2,4,
4728,9,14,,,14,35000,,,,,,
4728,10,500,,,500,125000,,,,,,
4728,12,40,,,30,48000,,10,16000,,,
4728,14,130,,,80,19760,,50,12350,,,
4728,15,240,,,120,15360,,120,15360,,,
4728,19,420,,,420,21000,,,,,,
4729,1,625,,,625,137500,,,,,,
4729,7,500,,,500,125000,,,,,,
4729,8,175,75,112500,60,90000,,40,60000,7,,
4729,9,18,,,18,45000,,,,,,
4729,10,500,,,500,125000,,,,,,
4729,11,20,,,20,56000,,,,,,
4729,12,23,,,13,19500,,10,15000,,,
4729,14,180,,,100,28000,,80,22400,,,
4729,15,160,,,100,11500,,60,6900,,,
4729,19,470,,,470,23500,,,,,,
4730,1,550,,,550,121000,,,,,,
4730,7,470,,,470,117500,,,,,,
4730,8,130,30,45000,70,105000,,30,45000,2,,
4730,9,12,,,12,20000,,,,,,
4730,10,540,,,540,118800,,,,,,
4730,11,27,,,27,75600,,,,,,
4730,12,40,,,30,45000,,10,15000,,,
4730,14,180,,,80,21600,,100,27000,,,
4730,15,150,,,50,6100,,100,122100,,,
4730,19,470,,,470,23500,,,,,,
4731,1,180,,,180,39600,,,,,,
4731,15,120,,,60,6600,,60,6600,,,
4732,1,627,,,627,137940,,,,,,
4732,7,250,,,250,62500,,,,,,
4732,8,85,,,50,75000,,35,52500,,,
4732,9,12,,,12,20000,,,,,,
4732,10,300,,,300,75000,,,,,,
4732,11,25,,,25,70000,,,,,,
4732,14,240,,,120,31800,,120,31800,,,
4732,15,180,,,90,9900,,90,9900,,,
4732,19,580,,,580,29000,,,,,,
4733,1,640,,,640,140800,,,,,,
4733,7,700,400,100000,300,75000,,,,2,4,
4733,8,220,90,135000,60,90000,10,60,90000,2,,
4733,9,12,,,12,20000,,,,,,
4733,10,900,550,165000,350,105000,,,,2,4,
4733,11,50,,,50,140000,,,,,,
4733,14,220,,,100,24500,,120,29400,,,
4733,15,190,,,90,10350,,100,11500,,,
4733,19,375,,,375,18750,,,,,,
4734,1,730,,,730,160600,,,,,,
4734,7,840,300,75000,300,75000,240,,,2,4,
4734,8,270,70,105000,80,120000,20,100,150000,2,4,
4734,9,14,,,14,21000,,,,,,
4734,10,850,450,112500,400,100000,,,,2,4,
4734,14,280,,,140,39900,,140,39900,,,
4734,15,190,,,100,11000,,90,9900,,,
4734,19,500,,,500,25000,,,,,,
4735,14,6,,,3,1800,,3,1800,,,
4735,19,150,,,150,9000,,,,,,
4736,1,500,,,497,109340,,3,660,,,
4736,14,220,,,120,28000,,100,24000,,,
4736,15,140,,,80,16000,,60,12000,,,
4736,16,10,,,10,14000,,,,,,
4736,19,1200,,,1000,60000,200,,,,,
4737,1,360,,,357,78540,,3,660,,,
4737,12,10,,,5,10000,2,3,6000,,,
4737,14,155,,,90,22000,,65,15000,,,
4737,15,120,,,70,14000,,50,10000,,,
4737,19,600,,,500,30000,100,,,,,
4738,1,720,,,712,156640,,8,1760,,,
4738,12,80,,,30,60000,5,45,90000,,,
4738,13,20,,,12,12000,3,5,5000,,,
4738,14,220,,,120,28000,,100,24000,,,
4738,15,130,,,80,16000,,50,10000,,,
4738,16,5,,,5,7000,,,,,,
4738,19,800,,,700,42000,100,,,,,
4739,1,500,,,495,108900,,5,1100,,,
4739,12,30,,,15,30000,5,10,20000,,,
4739,14,175,,,100,24000,,75,17000,,,
4739,15,180,,,100,20000,,80,16000,,,
4739,19,900,,,800,48000,100,,,,,
4740,1,360,,,357,78540,,3,660,,,
4740,14,130,,,70,18000,,60,14000,,,
4740,15,100,,,60,12000,,40,8000,,,
4740,19,350,,,300,18000,50,,,,,
4741,1,720,,,710,156200,,10,2200,,,
4741,12,20,,,10,20000,5,5,10000,,,
4741,14,270,,,150,38000,,120,32000,,,
4741,15,240,,,150,30000,,90,18000,,,
4741,16,10,,,10,14000,,,,,,
4741,19,1500,500,30000,900,54000,100,,,2,,
4742,1,360,,,355,78100,,5,1100,,,
4742,14,170,,,100,24000,,70,18000,,,
4742,15,140,,,80,16000,,60,12000,,,
4742,16,15,,,15,21000,,,,,,
4742,19,1300,700,42000,550,33000,50,,,6,,
4743,12,10,,,3,6000,2,5,10000,,,
4743,14,160,,,90,22000,,70,16000,,,
4743,15,70,,,30,6000,,40,8000,,,
4743,19,400,,,350,21000,50,,,,,
4744,14,50,,,20,4000,,30,6000,,,
4744,15,20,,,10,1000,,10,1000,,,
4745,1,300,,,300,66000,,,,,,
4745,14,89,,,23,5290,,66,15180,,,
4745,15,90,,,25,3325,,65,8645,,,
4745,16,7,,,7,10500,,,,,,
4746,1,300,,,300,66000,,,,,,
4746,14,103,,,25,7400,,78,23088,,,
4746,15,100,,,23,3680,,77,12320,,,
4746,16,5,,,5,6500,,,,,,
4747,14,88,,,23,5221,,65,14755,,,
4747,15,53,,,15,2265,,38,5738,,,
4747,16,7,,,7,9800,,,,,,
4748,1,200,,,200,44000,,,,,,
4748,14,78,,,18,4158,,60,13860,,,
4748,15,80,,,20,2620,,60,7860,,,
4748,16,5,,,5,6500,,,,,,
4749,1,220,,,220,48400,,,,,,
4749,14,64,,,20,4380,,44,9636,,,
4749,15,55,,,18,2286,,37,4699,,,
4749,16,10,,,10,15000,,,,,,
4750,1,300,,,300,66000,,,,,,
4750,14,212,,,30,6360,,182,38584,,,
4750,15,52,,,22,4818,,30,6570,,,
4750,16,10,,,10,14000,,,,,,
4751,1,156,,,156,34320,,,,,,
4751,14,76,,,15,3360,,61,13664,,,
4751,15,40,,,13,1794,,27,3726,,,
4752,1,150,,,150,33000,,,,,,
4752,14,59,,,20,6440,,39,12558,,,
4752,15,40,,,15,2250,,25,3750,,,
4753,14,20,,,,,,20,8000,,,
4753,15,30,,,,,,30,10000,,,
4754,15,40,,,,,,40,16000,,,
4756,14,15,,,,,,15,7000,,,
4758,14,30,,,,,,30,12000,,,
4758,15,30,,,,,,30,10000,,,
4759,14,5,,,,,,5,2000,,,
4759,15,40,,,,,,40,16000,,,
4760,15,10,,,,,,10,3500,,,
4761,14,10,,,,,,10,7000,,,
4762,15,50,,,10,1200,,40,4800,,,
4762,16,20,,,20,20000,,,,,,
4763,14,10,,,5,600,,5,600,,,
4763,15,25,,,10,1300,,15,2000,,,
4763,16,20,,,20,18000,,,,,,
4764,14,80,,,40,12000,,40,12000,,,
4764,15,40,,,20,2400,,20,2400,,,
4764,16,18,,,18,18000,,,,,,
4765,14,25,,,15,1800,,10,1200,,,
4765,15,15,,,10,1300,,5,650,,,
4766,14,15,,,5,1000,,10,2000,,,
4766,15,40,,,20,2400,,20,2400,,,
4766,16,10,,,10,7000,,,,,,
4767,14,40,,,30,3900,,10,1300,,,
4767,15,35,,,20,2400,,15,1800,,,
4768,14,50,,,30,4500,,20,3000,,,
4768,15,30,,,20,2400,,10,1200,,,
4768,16,30,,,30,24000,,,,,,
4769,14,35,,,20,3000,,15,2250,,,
4769,15,30,,,15,1800,,15,1800,,,
4769,16,20,,,20,16000,,,,,,
4770,14,20,,,12,1440,,8,960,,,
4770,15,30,,,15,1800,,15,1800,,,
4771,14,3,,,,,,3,1500,,,
4773,14,50,,,,,,50,20000,,,
4778,14,10,,,,,,10,5000,,,
4778,15,10,,,,,,10,3000,,,
4789,14,60,,,30,4500,,30,4500,,,
4789,15,20,,,5,1500,,15,4500,,,
4791,20,10,,,3,600,,7,1400,,,
4795,20,6,,,2,500,,4,1000,,,
4797,14,90,,,30,4500,,60,9000,,,
4797,15,10,,,3,1000,,7,2400,,,
4797,20,8,,,4,900,,4,900,,,
4801,14,90,,,20,12000,,70,42000,,,
4801,15,60,,,12,3600,,48,14400,,,
4801,16,20,,,20,40000,,,,,,
4802,14,60,,,10,6000,,50,30000,,,
4802,15,80,,,15,4500,,65,19500,,,
4802,16,30,,,30,51000,,,,,,
4802,20,20,,,5,2000,,15,6000,,,
4803,14,20,,,5,3000,,15,9000,,,
4803,15,30,,,,,,30,9000,,,
4803,16,15,,,15,25500,,,,,,
4803,20,15,,,3,1200,,12,4800,,,
4804,14,50,,,9,5400,,41,24600,,,
4804,15,28,,,2,600,,26,7800,,,
4804,16,15,,,15,25500,,,,,,
4804,20,20,,,10,4000,,10,4000,,,
4805,14,60,,,18,10800,,42,25200,,,
4805,15,20,,,5,1500,,15,4500,,,
4805,16,10,,,10,17000,,,,,,
4807,14,120,,,18,8100,,102,25000,,,
4807,15,110,,,30,6000,,80,16000,,,
4808,14,56,,,18,5100,,38,11600,,,
4808,15,13,,,5,1400,,8,2100,,,
4809,14,48,,,16,2700,,32,6800,,,
4809,15,27,,,7,1400,,20,4000,,,
4810,15,5,,,1,200,,4,800,,,
4812,14,100,,,30,4000,,70,5000,,,
4812,15,5,,,2,800,,3,1200,,,
4815,14,89,,,29,6800,,60,10000,,,
4815,15,12,,,2,800,,10,4000,,,
4816,14,50,,,20,3500,,30,5000,,,
4816,15,30,,,15,3000,,15,3000,,,
4817,14,70,,,20,3000,,50,7500,,,
4817,15,50,,,20,3000,,30,4500,,,
4818,14,50,,,20,4000,,30,6000,,,
4818,15,30,,,10,1500,,20,3000,,,
4818,16,10,,,10,20000,,,,,,
4823,14,10,,,3,7000,,7,16000,,,
4823,16,20,,,20,20000,,,,,,
4824,14,150,,,50,7500,,100,15000,,,
4824,15,100,,,50,6000,,50,6000,,,
4825,20,30,,,8,1100,,22,2900,,,
4826,1,360,,,360,75200,,,,,,
4826,15,70,,,25,5300,,45,9700,,,
4826,20,50,,,15,1500,,35,3500,,,
4827,15,25,,,8,2900,,17,6100,,,
4827,20,20,,,4,400,,16,1600,,,
4829,14,44,,,10,2600,,34,8800,,,
4829,15,30,,,10,2300,,20,4700,,,
4829,20,40,,,15,1700,,25,2800,,,
4830,14,108,,,36,9400,,72,18600,,,
4830,15,85,,,30,7600,,55,13900,,,
4830,20,50,,,20,2000,,30,3000,,,
4831,14,150,,,30,4500,,120,18000,,,
4831,15,25,,,10,2600,,15,3900,,,
4831,20,20,,,5,500,,15,1500,,,
4834,14,15,,,2,560,,13,3640,,,
4834,15,40,,,15,2700,,25,4500,,,
4836,14,30,,,10,3000,,20,6000,,,
4836,15,30,,,10,2000,,20,4000,,,
4838,14,12,,,2,320,,10,1600,,,
4839,14,13,,,1,300,,12,3600,,,
4840,14,10,,,,,,10,2600,,,
4840,15,45,,,15,2400,,30,4800,,,
4841,14,16,,,2,520,,14,3640,,,
4841,15,28,,,5,900,,23,4140,,,
4843,14,10,,,,,,10,2500,,,
4843,15,12,,,,,,12,2400,,,
4844,14,200,,,40,12000,,160,48000,,,
4844,15,15,,,5,750,,10,1500,,,
4846,14,20,,,,,,20,10000,,,
4846,15,20,,,,,,20,5000,,,
4847,14,25,,,4,1600,,21,8400,,,
4847,15,30,,,5,1000,,25,5000,,,
4849,14,30,,,5,1000,,25,5000,,,
4849,15,12,,,2,600,,10,3000,,,
4850,14,10,,,2,1000,,8,4000,,,
4850,15,20,,,10,2000,,10,2000,,,
4851,14,40,,,3,1200,,37,14800,,,
4851,15,20,,,2,300,,18,2700,,,
4861,14,10,,,2,1600,,8,6400,,,
4861,15,20,,,,,,20,6000,,,
4865,14,20,,,,,8,12,10000,,,
4865,15,30,,,,,10,20,5000,,,
4867,14,30,,,,,,30,15000,,,
4867,15,30,,,,,,30,10000,,,
4870,1,700,,,660,175200,,40,8800,,,
4870,7,2000,1770,300000,220,55000,10,,,5,,
4870,8,60,10,20000,30,45000,,20,30000,2,3,6
4870,9,15,,,15,15000,,,,,,
4870,10,270,70,21000,200,50000,,,,2,3,6
4870,11,20,,,20,60000,,,,,,
4870,14,230,,,90,29700,,140,46200,,,
4870,15,180,,,80,16000,,100,20000,,,
4870,16,8,,,8,4800,,,,,,
4870,19,1700,1085,86800,600,48000,15,,,2,6,7
4871,1,580,,,550,121000,,30,6600,,,
4871,7,700,520,150000,180,48600,,,,3,6,7
4871,8,30,,,20,30000,,10,15000,,,
4871,9,9,,,9,9000,,,,,,
4871,10,220,,,220,55000,,,,,,
4871,11,10,,,10,30000,,,,,,
4871,14,240,,,100,33000,,140,46200,,,
4871,15,230,,,110,22000,,120,24000,,,
4871,16,8,,,8,5600,,,,,,
4871,19,1200,690,55200,500,40000,10,,,3,6,7
4872,1,790,,,750,165000,,40,8800,,,
4872,7,3000,2780,400000,220,55000,,,,5,,
4872,8,70,10,20000,40,60000,,20,30000,2,3,6
4872,9,10,,,10,10000,,,,,,
4872,10,400,200,60000,200,50000,,,,3,6,7
4872,11,42,,,20,60000,,22,66000,,,
4872,12,10,,,3,6000,,7,14000,,,
4872,13,8,,,2,2000,,6,6000,,,
4872,14,240,,,100,33000,,140,46200,,,
4872,15,180,,,70,14000,,110,22000,,,
4872,16,11,,,8,5600,,3,2100,,,
4872,19,2500,1900,152000,600,48000,,,,3,6,7
4873,7,800,650,130000,130,35000,20,,,3,6,6
4873,8,35,13,26000,12,18000,,10,15000,2,6,7
4873,9,5,,,5,5000,,,,,,
4873,10,230,80,24000,120,32400,30,,,2,3,6
4873,11,8,,,5,15000,,3,9000,,,
4873,14,150,,,60,19800,,90,29700,,,
4873,15,170,,,70,14000,,100,20000,,,
4873,19,1000,600,48000,350,28000,50,,,2,3,6
4875,1,430,,,400,88000,,30,6600,,,
4875,7,2000,1840,320000,150,39000,10,,,3,5,
4875,8,70,40,80000,20,30000,,10,15000,3,6,
4875,9,8,,,8,8000,,,,,,
4875,10,300,130,39000,170,45900,,,,3,6,7
4875,11,35,5,15000,20,60000,,10,30000,2,7,
4875,14,240,,,100,33000,,140,46200,,,
4875,15,200,,,90,18000,,110,22000,,,
4875,16,8,,,8,4800,,,,,,
4875,19,2500,1900,150000,600,48000,,,,5,6,
4876,1,600,,,570,125400,,30,6600,,,
4876,2,30,,,10,25000,,20,50000,,,
4876,7,3000,2770,387800,230,62100,,,,5,,
4876,8,150,100,180000,30,45000,,20,30000,2,3,6
4876,9,12,,,12,12000,,,,,,
4876,10,500,300,90000,200,50000,,,,2,3,6
4876,11,40,,,30,90000,,10,30000,,,
4876,14,300,,,140,46200,,160,52800,,,
4876,15,240,,,100,20000,,140,28000,,,
4876,16,15,,,12,8800,,3,2200,,,
4876,19,2300,1680,134400,600,48000,20,,,3,5,6
4877,1,570,,,530,116600,,40,8800,,,
4877,7,500,270,80000,200,50000,30,,,3,6,
4877,8,60,10,20000,30,45000,,20,30000,3,6,
4877,9,6,,,6,6000,,,,,,
4877,10,400,150,45000,220,55000,30,,,3,6,7
4877,11,10,,,10,30000,,,,,,
4877,14,260,,,120,39600,,140,46200,,,
4877,15,230,,,100,20000,,130,26000,,,
4877,16,14,,,10,7000,,4,2800,,,
4877,19,3200,2550,204000,600,48000,50,,,2,3,6
4878,1,510,,,490,107800,,20,4400,,,
4878,7,600,420,126000,180,45000,,,,3,6,
4878,8,50,,,30,54000,,20,36000,,,
4878,9,6,,,6,6000,,,,,,
4878,10,320,120,36000,200,50000,,,,3,6,
4878,11,12,,,12,36000,,,,,,
4878,14,300,,,130,42900,,170,56100,,,
4878,15,240,,,100,20000,,140,28000,,,
4878,16,13,,,8,8000,,5,5000,,,
4878,17,500,480,1440000,8,24000,,12,36000,2,6,7
4878,19,3000,2250,180000,700,56000,50,,,3,6,7
4879,1,880,,,860,146000,,20,3400,,,
4879,14,160,,,80,26400,,80,26400,,,
4879,15,140,,,70,12600,,70,12600,,,
4879,19,800,,,800,56000,,,,,,
4880,14,140,,,70,23100,,70,23100,,,
4880,15,100,,,50,9000,,50,9000,,,
4881,14,120,,,60,19800,,60,19800,,,
4881,15,60,,,30,5400,,30,5400,,,
4882,14,120,,,60,19800,,60,19800,,,
4882,15,60,,,30,5400,,30,5400,,,
4883,14,60,,,30,9900,,30,9900,,,
4883,15,30,,,15,2700,,15,2700,,,
4884,14,80,,,40,13200,,40,13200,,,
4884,15,30,,,15,2700,,15,2700,,,
4885,14,150,,,75,24750,,75,24750,,,
4885,15,100,,,50,9000,,50,9000,,,
4886,14,80,,,40,13200,,40,13200,,,
4886,15,40,,,20,3600,,20,3600,,,
4887,14,140,,,70,23100,,70,23100,,,
4887,15,100,,,50,9000,,50,9000,,,
4888,1,300,,,280,61000,,20,4300,,,
4888,14,80,,,40,13200,,40,13200,,,
4888,15,40,,,20,3600,,20,3600,,,
4889,1,580,,,565,96000,,15,2560,,,
4889,7,800,500,100000,300,60000,,,,2,5,6
4889,8,110,35,52500,55,82500,,20,30000,2,3,6
4889,9,20,10,10000,10,10000,,,,2,,
4889,10,800,500,125000,300,75000,,,,2,4,6
4889,11,35,,,30,90000,,5,15000,,,
4889,14,150,,,75,24750,,75,24750,,,
4889,15,100,,,50,9000,,50,9000,,,
4889,19,1700,900,63000,800,56000,,,,2,3,6
4890,1,360,,,350,59000,,10,1680,,,
4890,14,100,,,50,16500,,50,16500,,,
4890,15,60,,,30,5400,,30,5400,,,
4890,19,1600,900,63000,700,49000,,,,2,6,7
4891,1,430,,,420,71000,,10,1700,,,
4891,7,800,500,100000,300,60000,,,,2,5,6
4891,8,100,36,54000,48,72000,,16,24000,2,3,6
4891,9,20,10,10000,10,10000,,,,2,,
4891,10,700,400,100000,300,75000,,,,2,4,6
4891,11,36,6,18000,28,84000,,2,6000,2,6,
4891,14,140,,,70,23100,,70,23100,,,
4891,15,100,,,50,9000,,50,9000,,,
4891,19,1600,800,48000,800,48000,,,,2,3,6
4892,1,165,,,150,32000,,15,3160,,,
4892,14,60,,,30,9900,,30,9900,,,
4892,15,40,,,20,3600,,20,3600,,,
4893,1,720,,,705,119300,,15,2500,,,
4893,7,800,400,80000,400,80000,,,,2,5,6
4893,8,110,30,45000,65,97500,,15,22500,2,3,6
4893,9,28,14,14000,14,14000,,,,2,,
4893,10,800,400,100000,400,100000,,,,2,3,6
4893,11,36,5,15000,21,63000,,10,30000,2,,
4893,14,160,,,80,26400,,80,26400,,,
4893,15,100,,,50,9000,,50,9000,,,
4893,19,1300,600,42000,700,49000,,,,2,3,6
4894,1,170,,,150,32000,,20,4200,,,
4894,14,80,,,40,13200,,40,13200,,,
4894,15,60,,,30,5400,,30,5400,,,
4894,19,700,350,24500,350,24500,,,,2,6,
4895,1,290,,,280,58900,,10,2160,,,
4895,14,80,,,40,13200,,40,13200,,,
4895,15,50,,,25,4500,,25,4500,,,
4896,1,160,,,150,32000,,10,2100,,,
4896,14,80,,,40,13200,,40,13200,,,
4896,15,60,,,30,5400,,30,5400,,,
4897,1,450,,,450,96000,,,,,,
4897,7,1100,1000,250000,100,25000,,,,2,,
4897,8,200,100,170000,50,85000,,50,85000,2,,
4897,10,1200,1000,250000,200,50000,,,,2,,
4897,14,300,,,180,63000,,120,42000,,,
4897,15,200,,,70,15000,,130,30000,,,
4897,19,3000,1500,98000,1500,98000,,,,2,,
4898,1,630,,,630,132000,,,,,,
4898,14,20,,,10,3000,,10,3000,,,
4898,15,200,,,80,12000,,120,18000,,,
4899,1,600,,,600,130000,,,,,,
4899,15,200,,,50,7500,,150,22500,,,
4900,1,250,,,250,52000,,,,,,
4900,19,800,,,800,56000,,,,,,
4901,1,580,,,580,125000,,,,,,
4901,14,530,10,15000,100,30000,20,400,120000,2,,
4902,14,5,,,2,1000,,3,1500,,,
4902,15,25,,,10,3000,,15,4500,,,
4902,19,400,,,400,28000,,,,,,
4903,1,650,,,650,143000,,,,,,
4903,14,200,,,60,18000,,140,42000,,,
4903,15,200,,,40,8000,,160,32000,,,
4904,1,300,,,300,63000,,,,,,
4904,14,30,,,5,1500,,25,7500,,,
4904,15,40,,,10,2500,,30,7500,,,
4905,1,720,,,720,148000,,,,,,
4905,14,400,,,75,15000,,325,60000,,,
4905,15,350,,,100,20000,,250,55000,,,
4906,14,130,,,30,8400,,100,20000,,,
4906,15,100,,,40,10400,,60,15000,,,
4906,16,30,,,30,45000,,,,,,
4906,19,1000,500,35000,500,30000,,,,2,,
4907,14,150,,,50,13000,,100,25000,,,
4907,15,100,,,40,8000,,60,15000,,,
4907,19,2700,1700,136000,1000,60000,,,,2,,
4908,1,600,,,600,132000,,,,,,
4908,14,100,,,60,15000,,40,10000,,,
4908,15,70,,,30,7500,,40,9200,,,
4909,1,300,,,300,66000,,,,,,
4909,14,120,,,60,12000,,60,18000,,,
4909,15,60,,,20,5000,,40,11200,,,
4909,19,600,,,600,36000,,,,,,
4910,14,80,,,20,5000,,60,18000,,,
4910,15,70,,,30,7500,,40,8000,,,
4911,14,50,,,12,3600,,38,9500,,,
4911,15,50,,,10,2800,,40,9200,,,
4911,19,1000,500,35000,500,30000,,,,2,,
4912,14,30,,,20,4600,,10,2500,,,
4912,15,20,,,10,2500,,10,3000,,,
4913,1,840,,,840,193200,,,,,,
4913,14,150,,,50,14000,,100,25000,,,
4913,15,160,,,60,13800,,100,20000,,,
4913,19,1350,,,1350,81000,,,,,,
4914,14,100,,,40,10000,,60,16800,,,
4914,15,70,,,30,6900,,40,9200,,,
4915,19,405,,,405,24300,,,,,,
4917,1,300,,,300,70000,,,,,,
4917,14,143,,,14,5990,,129,28020,,,
4917,15,85,,,10,3465,,75,19935,,,
4918,14,202,,,10,1750,,192,36590,,,
4918,15,75,,,11,3890,,64,21070,,,
4921,14,39,,,4,12000,,35,105000,,,
4924,1,430,,,430,92000,,,,,,
4924,14,45,,,15,4800,,30,9600,,,
4924,15,80,,,30,9300,,50,15500,,,
4925,1,360,,,360,77500,,,,,,
4925,14,30,,,10,3500,,20,7000,,,
4925,15,100,,,40,13500,,60,9450,,,
4926,14,25,,,5,2000,,20,8000,,,
4926,15,40,,,10,2500,,30,7500,,,
4928,14,30,,,,,,30,9300,,,
4928,15,60,,,20,5000,,40,10000,,,
4929,14,30,,,10,3500,,20,7000,,,
4929,15,40,,,10,2500,,30,7500,,,
4930,14,20,,,5,1700,,15,4800,,,
4930,15,80,,,20,5000,,60,13200,,,
4931,14,30,,,15,5000,,15,5000,,,
4931,15,80,,,40,10000,,40,10000,,,
4932,14,40,,,10,2500,,30,9000,,,
4932,15,100,,,30,7500,,70,15000,,,
4933,1,558,,,558,111600,,,,,,
4933,7,1200,800,240000,350,105000,50,,,2,,
4933,8,20,,,14,25200,,6,10800,,,
4933,10,800,450,135000,300,90000,50,,,2,,
4933,14,70,,,30,12000,,40,16000,,,
4933,15,40,,,20,4000,,20,4000,,,
4933,19,750,,,750,60000,,,,,,
4934,14,40,,,18,7200,,22,8800,,,
4934,15,10,,,3,600,,7,1400,,,
4935,14,38,,,18,7200,,20,8000,,,
4935,15,25,,,10,2000,,15,3000,,,
4936,1,558,,,558,111600,,,,,,
4936,14,58,,,20,8000,,38,15200,,,
4936,15,22,,,10,2000,,12,2400,,,
4937,14,65,,,25,10000,,40,16000,,,
4937,15,30,,,10,2000,,20,4000,,,
4938,1,298,,,298,59600,,,,,,
4938,14,65,,,30,12000,,35,14000,,,
4938,15,30,,,10,2000,,20,4000,,,
4939,14,50,,,20,8000,,30,12000,,,
4939,15,15,,,5,1000,,10,2000,,,
4939,19,1100,,,1100,88000,,,,,,
4940,1,520,,,520,104000,,,,,,
4940,14,65,,,30,12000,,35,14000,,,
4940,15,30,,,15,3000,,15,3000,,,
4941,14,45,,,20,8000,,25,10000,,,
4941,15,15,,,5,1000,,10,2000,,,
4942,1,410,,,410,82000,,,,,,
4942,7,450,380,95000,70,17500,,,,2,,
4942,8,55,20,32000,33,52800,,2,3200,2,,
4942,10,400,150,45000,250,75000,,,,2,,
4942,11,45,24,52800,21,46200,,,,2,,
4942,14,45,,,8,3200,,37,14800,,,
4942,15,62,,,10,1500,,52,7800,,,
4942,19,1760,900,63000,860,60200,,,,2,,
4943,1,465,,,465,98000,,,,,,
4943,14,38,,,5,2000,,33,13200,,,
4943,15,63,,,10,1500,,53,7950,,,
4944,1,685,,,685,137000,,,,,,
4944,14,50,,,7,2800,,43,17200,,,
4944,15,66,,,8,1200,,58,8700,,,
4945,1,375,,,375,78000,,,,,,
4945,14,38,,,4,1600,,34,13600,,,
4945,15,52,,,5,750,,47,7050,,,
4946,1,700,,,700,141000,,,,,,
4946,14,59,,,10,4000,,49,19600,,,
4946,15,64,,,11,1650,,53,7950,,,
4947,1,375,,,375,78750,,,,,,
4947,14,45,,,5,2000,,40,16000,,,
4947,15,52,,,8,1200,,44,6600,,,
4948,1,465,,,465,91650,,,,,,
4948,14,56,,,8,3200,,48,19200,,,
4948,15,66,,,11,1650,,55,8250,,,
4949,1,685,,,685,143850,,,,,,
4949,7,500,320,80000,180,45000,,,,2,,
4949,8,120,60,96000,56,89600,,4,6400,2,,
4949,10,600,330,99000,270,81000,,,,2,,
4949,11,80,47,103400,31,68200,,2,4400,2,,
4949,14,57,,,11,4400,,46,18400,,,
4949,15,64,,,13,1950,,51,7650,,,
4950,1,446,,,446,93660,,,,,,
4950,14,47,,,6,2400,,41,16400,,,
4950,15,56,,,8,1200,,48,7200,,,
4951,14,120,,,30,10500,,90,31500,,,
4951,15,70,,,20,4000,,50,10000,,,
4951,16,25,,,25,25000,,,,,,
4951,19,900,,,900,54000,,,,,,
4954,14,100,,,20,7000,,80,28000,,,
4954,15,50,,,10,2000,,40,8000,,,
4954,16,5,,,5,5000,,,,,,
4955,1,400,,,400,84000,,,,,,
4955,14,140,,,60,21000,,80,28000,,,
4955,15,100,,,50,12500,,50,12500,,,
4955,16,10,,,10,10000,,,,,,
4956,1,900,,,900,189000,,,,,,
4956,14,160,,,60,21000,,100,35000,,,
4956,15,130,,,50,10000,,80,16000,,,
4956,16,20,,,20,20000,,,,,,
4957,1,850,,,850,178500,,,,,,
4957,14,150,,,50,17500,,100,35000,,,
4957,15,90,,,60,12000,,30,6000,,,
4957,16,20,,,20,20000,,,,,,
4958,1,850,,,850,178500,,,,,,
4958,14,120,,,40,14000,,80,28000,,,
4958,15,90,,,30,6000,,60,12000,,,
4958,16,30,,,30,30000,,,,,,
4959,1,600,,,600,126000,,,,,,
4959,14,160,,,80,28000,,80,28000,,,
4959,15,120,,,60,12000,,60,12000,,,
4959,16,20,,,20,20000,,,,,,
4960,14,10,,,5,1750,,5,1750,,,
4960,15,20,,,5,1750,,15,5250,,,
4961,14,20,,,10,3500,,10,3500,,,
4961,15,20,,,5,1750,,15,5250,,,
4962,14,20,,,10,3500,,10,3500,,,
4962,15,30,,,10,3500,,20,7000,,,
4963,14,15,,,5,1750,,10,3500,,,
4963,15,25,,,10,3500,,15,5250,,,
4964,14,10,,,5,1750,,5,1750,,,
4964,15,20,,,7,2450,,13,4550,,,
4967,14,20,,,10,3500,,10,3500,,,
4967,15,30,,,10,3500,,20,7000,,,
4968,14,15,,,5,1750,,10,3500,,,
4968,15,25,,,5,1750,,20,7000,,,
4969,1,216,,,216,45360,,,,,,
4969,14,60,,,40,24000,,20,12000,,,
4969,15,50,,,30,6000,,20,4000,,,
4969,16,10,,,10,15000,,,,,,
4971,1,540,,,540,113400,,,,,,
4971,14,170,,,120,60000,,50,25000,,,
4971,15,200,,,90,18000,,110,22000,,,
4971,16,20,,,20,30000,,,,,,
4972,1,216,,,216,45360,,,,,,
4972,14,120,,,60,36000,,60,36000,,,
4972,15,170,,,100,20000,,70,14000,,,
4972,16,10,,,10,15000,,,,,,
4973,1,108,,,108,22680,,,,,,
4973,14,170,,,120,60000,,50,25000,,,
4973,15,180,,,100,20000,,80,16000,,,
4973,16,20,,,20,30000,,,,,,
4974,1,216,,,216,45360,,,,,,
4974,14,150,,,60,36000,,90,54000,,,
4974,15,150,,,50,10000,,100,20000,,,
4974,16,30,,,30,45000,,,,,,
4975,1,324,,,324,68040,,,,,,
4975,7,50,,,50,10000,,,,,,
4975,8,90,30,39000,30,39000,,30,39000,2,6,
4975,10,50,,,50,12500,,,,,,
4975,11,15,,,15,45000,,,,,,
4975,14,160,,,60,30000,,100,50000,,,
4975,15,150,,,70,14000,,80,16000,,,
4975,16,20,,,20,30000,,,,,,
4975,19,1200,800,48000,400,24000,,,,2,6,
4976,1,324,,,324,68040,,,,,,
4976,8,70,20,30000,25,37500,,25,37500,6,,
4976,9,10,,,10,12000,,,,,,
4976,10,50,,,50,12500,,,,,,
4976,11,20,,,20,60000,,,,,,
4976,14,160,,,70,35000,,90,45000,,,
4976,15,100,,,60,12000,,40,8000,,,
4976,16,20,,,20,30000,,,,,,
4976,19,1200,500,30000,700,42000,,,,6,,
4977,1,324,,,324,68040,,,,,,
4977,14,160,,,90,54000,,70,42000,,,
4977,15,120,,,100,20000,,20,4000,,,
4977,16,20,,,20,30000,,,,,,
4978,14,40,,,20,12000,,20,12000,,,
4978,15,20,,,10,2000,,10,2000,,,
4979,1,430,,,430,90000,,,,,,
4979,14,80,,,40,24000,,40,24000,,,
4979,15,40,,,20,4000,,20,4000,,,
4979,16,10,,,10,16000,,,,,,
4980,14,60,,,30,18000,,30,18000,,,
4980,15,40,,,20,4000,,20,4000,,,
4980,16,10,,,10,15000,,,,,,
4981,1,500,,,500,105000,,,,,,
4981,14,100,,,50,30000,,50,30000,,,
4981,15,50,,,25,5000,,25,5000,,,
4981,16,12,,,12,20000,,,,,,
4982,14,60,,,40,24000,,20,12000,,,
4982,15,30,,,15,3000,,15,3000,,,
4982,16,4,,,4,7000,,,,,,
4983,1,640,,,640,134000,,,,,,
4983,14,100,,,50,30000,,50,30000,,,
4983,15,60,,,30,6000,,30,6000,,,
4983,16,10,,,10,16000,,,,,,
4984,1,320,,,320,67000,,,,,,
4984,14,80,,,40,24000,,40,24000,,,
4984,15,40,,,10,2000,,30,6000,,,
4985,14,40,,,20,12000,,20,12000,,,
4985,15,25,,,10,2000,,15,3000,,,
4986,1,430,,,430,90000,,,,,,
4986,14,60,,,30,18000,,30,18000,,,
4986,15,40,,,20,4000,,20,4000,,,
4986,16,5,,,5,8000,,,,,,
4987,1,216,,,216,43200,,,,,,
4987,14,20,,,15,15000,,5,2600,,,
4987,15,16,,,10,4500,,6,2250,,,
4988,1,324,,,324,64800,,,,,,
4988,14,45,,,30,15000,,15,7000,,,
4988,15,45,,,30,15000,,15,7000,,,
4988,16,20,,,20,20000,,,,,,
4988,19,1500,1000,50000,500,25000,,,,2,6,
4989,1,216,,,216,43200,,,,,,
4989,7,2200,2000,220000,200,40000,,,,5,,
4989,8,60,,,40,60000,,20,30000,,,
4989,10,150,,,150,30000,,,,,,
4989,14,30,,,20,5000,,10,4500,,,
4989,15,30,,,20,5000,,10,4500,,,
4989,19,1500,1000,50000,500,25000,,,,2,6,
4990,1,432,,,432,86400,,,,,,
4990,7,1100,800,88000,300,33000,,,,5,,
4990,8,200,150,225000,30,45000,,20,30000,6,,
4990,10,300,150,37500,150,37500,,,,6,,
4990,11,10,,,10,20000,,,,,,
4990,13,7,,,7,7000,,,,,,
4990,14,40,,,30,16000,,10,4500,,,
4990,15,30,,,20,4000,,10,2500,,,
4990,16,12,,,12,12000,,,,,,
4990,19,1500,1000,50000,500,25000,,,,2,6,
4991,1,540,,,540,108000,,,,,,
4991,7,2750,2450,269500,300,33000,,,,5,,
4991,8,300,200,300000,100,150000,,,,6,2,
4991,10,450,350,87500,100,25000,,,,6,,
4991,13,15,,,5,5000,,10,10000,,,
4991,14,60,,,45,10250,,15,4750,,,
4991,15,30,,,20,5000,,10,2500,,,
4991,16,20,,,20,20000,,,,,,
4991,19,3000,2500,125000,500,25000,,,,2,4,6
4992,1,216,,,216,43200,,,,,,
4992,7,590,440,48400,150,16500,,,,5,,
4992,8,150,110,165000,30,45000,,10,15000,6,,
4992,10,60,,,60,15000,,,,,,
4992,14,20,,,15,15000,,5,5000,,,
4992,15,20,,,10,2000,,10,1500,,,
4992,19,1500,1000,50000,500,25000,,,,6,,
4993,1,216,,,216,43200,,,,,,
4993,7,1740,1540,169400,200,22000,,,,5,,
4993,8,100,60,90000,40,60000,,,,6,,
4993,10,60,,,60,15000,,,,,,
4993,14,20,,,10,6000,,10,6000,,,
4993,15,20,,,10,3000,,10,3000,,,
4993,19,1500,1000,50000,500,25000,,,,6,,
4995,1,324,,,324,64800,,,,,,
4995,7,1850,1650,247500,200,30000,,,,6,5,
4995,8,150,100,150000,30,45000,,20,30000,5,,
4995,10,100,60,15000,40,10000,,,,5,,
4995,11,20,,,20,50000,,,,,,
4995,14,40,,,25,11250,,15,6750,,,
4995,15,30,,,10,3500,,20,9000,,,
4995,16,10,,,10,12000,,,,,,
4995,19,1500,1000,50000,500,25000,,,,5,,
4996,1,450,,,450,90000,,,,,,
4996,14,186,,,108,25000,,78,16500,,,
4996,15,190,,,110,22000,,80,17500,,,
4997,1,180,,,180,36000,,,,,,
4997,14,132,,,78,20000,,54,13200,,,
4997,15,126,,,74,14500,,52,11000,,,
4998,14,110,,,63,16500,,47,12000,,,
4998,15,100,,,58,11500,,42,9000,,,
4999,14,79,,,44,12300,,35,9200,,,
4999,15,75,,,45,10700,,30,8000,,,
5000,1,120,,,120,24000,,,,,,
5000,14,97,,,55,14700,,42,10300,,,
5000,15,105,,,60,12000,,45,11800,,,
5001,14,88,,,50,14000,,38,10200,,,
5001,15,92,,,52,12400,,40,8500,,,
5002,1,350,,,350,70000,,,,,,
5002,14,230,,,132,28200,,98,19700,,,
5002,15,215,,,120,24000,,95,21000,,,
5003,1,280,,,280,56000,,,,,,
5003,14,252,,,137,32000,,115,26300,,,
5003,15,186,,,100,20000,,86,18000,,,
5004,1,200,,,200,40000,,,,,,
5004,14,200,,,115,27200,,85,20000,,,
5004,15,174,,,98,19600,,76,16500,,,
5005,14,300,,,150,52500,20,130,45500,,,
5005,15,120,,,60,12000,2,58,11600,,,
5005,16,40,,,35,28000,5,,,,,
5005,20,70,,,40,8000,,30,6000,,,
5007,14,160,,,80,28000,10,70,24500,,,
5007,15,120,,,60,12000,5,55,11000,,,
5007,16,40,,,35,28000,5,,,,,
5007,20,20,,,10,2000,,10,2000,,,
5008,14,220,,,100,35000,20,100,35000,,,
5008,15,100,,,50,10000,,50,10000,,,
5008,16,40,,,35,28000,5,,,,,
5009,1,720,,,700,140000,20,,,,,
5009,14,400,,,200,70000,30,170,59500,,,
5009,15,200,,,100,20000,5,95,19000,,,
5009,16,60,,,55,44000,5,,,,,
5009,20,60,,,40,8000,,20,4000,,,
5010,14,120,,,60,21000,5,55,19250,,,
5010,15,100,,,45,9000,3,52,10400,,,
5010,16,30,,,28,22400,2,,,,,
5010,20,40,,,20,4000,,20,4000,,,
5011,14,80,,,40,14000,,40,14000,,,
5011,15,40,,,20,4000,,20,4000,,,
5011,16,50,,,40,32000,10,,,,,
5011,20,10,,,7,1400,,3,600,,,
5012,1,100,,,95,19000,5,,,,,
5012,14,160,,,90,31500,20,50,17500,,,
5012,15,100,,,50,10000,5,45,9000,,,
5012,16,50,,,40,32000,10,,,,,
5012,20,30,,,20,4000,,10,2000,,,
5013,14,300,,,140,49000,20,140,49000,,,
5013,15,200,,,100,20000,10,90,18000,,,
5013,16,20,,,17,13600,3,,,,,
5013,20,20,,,10,2000,,10,2000,,,
5014,1,300,,,300,60000,,,,,,
5014,14,60,,,30,8100,,30,8100,,,
5014,15,35,,,20,4000,,15,3000,,,
5014,19,750,,,750,50000,,,,,,
5014,20,30,,,10,1500,,20,2000,,,
5015,1,600,,,600,120000,,,,,,
5015,7,3300,3000,430000,300,60000,,,,5,,
5015,8,35,,,35,45000,,,,,,
5015,10,300,,,300,75000,,,,,,
5015,14,200,,,50,14000,,150,40000,,,
5015,15,70,,,20,4000,,50,10000,,,
5015,16,35,,,35,28000,,,,,,
5015,19,1500,500,30000,1000,60000,,,,6,2,
5015,20,100,,,20,3000,,80,12000,,,
5016,1,400,,,400,80000,,,,,,
5016,7,400,300,39000,100,20000,,,,5,,
5016,8,70,,,60,90000,,10,15000,,,
5016,9,5,,,5,5000,,,,,,
5016,10,150,,,150,35000,,,,,,
5016,11,15,,,13,28000,,2,4400,,,
5016,14,60,,,20,5400,,40,10000,,,
5016,15,30,,,10,2000,,20,4000,,,
5016,19,800,,,800,60000,,,,,,
5016,20,40,,,10,2000,,30,6000,,,
5017,1,160,,,160,32000,,,,,,
5017,7,1200,1000,120000,150,30000,50,,,5,,
5017,8,40,,,30,45000,,10,15000,,,
5017,10,150,,,150,38000,,,,,,
5017,14,70,,,25,6800,,45,13000,,,
5017,19,300,,,300,18000,,,,,,
5017,20,30,,,10,1000,,20,2000,,,
5018,1,100,,,100,21000,,,,,,
5018,14,50,,,10,2700,,40,10000,,,
5018,15,30,,,5,1000,,25,5000,,,
5018,20,20,,,5,750,,15,2300,,,
5019,14,20,,,,,,20,5000,,,
5019,20,30,,,20,3000,,10,1500,,,
5020,1,100,,,100,20000,,,,,,
5020,14,40,,,10,2700,,30,8000,,,
5020,15,20,,,5,1000,,15,3000,,,
5020,19,200,,,200,14000,,,,,,
5020,20,20,,,10,2000,,10,2000,,,
5021,1,700,,,700,140000,,,,,,
5021,7,1300,1100,143000,200,40000,,,,5,,
5021,8,70,,,65,84000,,5,6500,,,
5021,10,300,,,300,75000,,,,,,
5021,14,100,,,30,8000,,70,18000,,,
5021,15,70,,,20,4000,,50,10000,,,
5021,20,50,,,20,3000,,30,4500,,,
5022,1,300,,,300,60000,,,,,,
5022,7,600,500,65000,100,25000,,,,2,,
5022,8,40,,,30,45000,,10,15000,,,
5022,10,200,,,200,50000,,,,,,
5022,11,20,,,13,27000,,7,15000,,,
5022,14,50,,,20,5400,,30,8000,,,
5022,15,25,,,5,1000,,20,4000,,,
5022,20,20,,,5,750,,15,2200,,,
5026,14,20,,,8,3200,,12,4800,,,
5026,15,35,,,15,3000,,20,4000,,,
5026,16,10,,,10,8000,,,,,,
5029,14,60,,,30,13500,,30,13500,,,
5029,15,100,,,50,10000,,50,11000,,,
5029,16,15,,,15,18000,,,,,,
5030,14,15,,,5,2500,,10,5000,,,
5030,15,25,,,5,1100,,20,4400,,,
5031,14,70,,,35,14000,,35,14000,,,
5031,15,100,,,50,10000,,50,10000,,,
5031,16,20,,,20,22000,,,,,,
5032,1,100,,,100,19200,,,,,,
5032,7,1400,1000,100000,400,100000,,,,5,,
5032,8,100,,,96,144000,,4,6000,,,
5032,10,250,,,250,62500,,,,,,
5032,19,350,100,7000,250,17500,,,,6,,
5032,20,100,,,60,12000,,40,8000,,,
5033,7,200,,,100,25000,100,,,,,
5033,8,70,,,45,67500,20,5,7500,,,
5033,10,300,,,250,62500,50,,,,,
5033,19,300,,,100,6000,200,,,,,
5033,20,30,,,10,2000,,20,4000,,,
5035,1,30,,,30,5900,,,,,,
5035,14,50,,,30,12600,,20,8400,,,
5035,15,35,,,20,4600,,15,3700,,,
5035,20,30,,,10,2000,,20,4000,,,
5036,1,650,,,650,124800,,,,,,
5036,7,500,,,500,125000,,,,,,
5036,8,70,,,65,97500,,5,7500,,,
5036,9,5,,,5,5000,,,,,,
5036,10,300,,,300,75000,,,,,,
5036,11,20,,,18,36000,,2,4000,,,
5036,14,120,,,80,33600,,40,16800,,,
5036,15,50,,,35,7000,,15,3000,,,
5036,19,250,,,250,16250,,,,,,
5036,20,100,,,70,21000,,30,6000,,,
5038,1,600,,,600,115200,,,,,,
5038,14,90,,,60,24000,,30,12000,,,
5038,15,50,,,35,7000,,15,3000,,,
5038,19,250,,,250,17500,,,,,,
5038,20,50,,,30,1800,,20,1200,,,
5039,14,90,,,40,15200,,50,19000,,,
5039,15,30,,,10,2200,,20,4400,,,
5039,20,20,,,5,1000,,15,3000,,,
5040,1,700,,,700,134400,,,,,,
5040,7,200,,,200,50000,,,,,,
5040,8,80,,,77,115500,,3,4500,,,
5040,10,250,,,250,62500,,,,,,
5040,14,120,,,50,20000,,70,28000,,,
5040,15,50,,,30,6000,,20,4000,,,
5040,19,300,,,300,18000,,,,,,
5040,20,100,,,40,7200,,60,10800,,,
5042,14,50,,,30,6600,,20,4000,,,
5044,14,90,,,50,11000,,40,8800,,,
5044,15,40,,,20,8000,,20,8000,,,
5045,1,400,,,400,80000,,,,,,
5045,14,80,,,80,17600,,,,,,
5045,15,60,,,60,24000,,,,,,
5046,14,15,,,15,3300,,,,,,
5047,14,100,,,80,17600,,20,4400,,,
5047,15,30,,,20,8000,,10,4000,,,
5048,14,30,,,30,6600,,,,,,
5049,14,20,,,20,4400,,,,,,
5050,1,600,,,600,130000,,,,,,
5050,7,5500,2500,625000,3000,750000,,,,3,6,
5050,8,60,,,50,75000,,10,15000,,,
5050,9,30,,,30,36000,,,,,,
5050,10,1500,500,125000,1000,250000,,,,3,6,
5050,11,10,,,8,16000,,2,4000,,,
5050,14,100,,,20,5000,,80,20000,,,
5050,15,110,,,20,4000,,90,18000,,,
5050,16,30,,,30,66000,,,,,,
5050,19,1700,,,1700,85000,,,,,,
5051,1,600,,,600,130000,,,,,,
5051,7,2500,1500,375000,1000,250000,,,,3,6,
5051,8,65,,,40,60000,,25,37500,,,
5051,10,1000,200,50000,800,200000,,,,3,6,
5051,14,90,,,30,12000,,60,24000,,,
5051,15,80,,,25,5000,,55,11000,,,
5051,16,10,,,10,16000,,,,,,
5051,19,1500,500,25000,1000,50000,,,,3,6,
5052,1,300,,,300,65000,,,,,,
5052,7,5000,2500,625000,2500,625000,,,,3,6,
5052,8,50,20,30000,30,45000,,,,3,6,
5052,9,15,,,15,18000,,,,,,
5052,10,2000,1000,250000,1000,250000,,,,3,6,
5052,11,30,,,20,40000,,10,20000,,,
5052,14,80,,,30,6000,,50,10000,,,
5052,15,50,,,20,8000,,30,12000,,,
5052,16,20,,,20,40000,,,,,,
5052,19,1000,,,1000,50000,,,,,,
5053,14,50,,,10,4000,,40,16000,,,
5053,15,50,,,10,2000,,40,8000,,,
5053,16,15,,,15,30000,,,,,,
5054,1,600,,,600,130000,,,,,,
5054,7,5000,3000,750000,2000,500000,,,,3,6,
5054,8,60,,,40,60000,,20,30000,,,
5054,9,20,,,20,24000,,,,,,
5054,10,1500,1000,250000,500,125000,,,,3,6,
5054,11,10,,,6,12000,,4,8000,,,
5054,14,100,,,30,12000,,70,28000,,,
5054,15,70,,,30,6000,,40,8000,,,
5054,16,20,,,20,40000,,,,,,
5054,19,1500,1000,50000,500,25000,,,,2,,
5055,1,300,,,300,65000,,,,,,
5055,14,70,,,20,8000,,50,20000,,,
5055,15,70,,,30,6000,,40,8000,,,
5055,16,15,,,15,30000,,,,,,
5056,7,6000,5000,1250000,1000,250000,,,,3,6,
5056,8,60,20,30000,20,30000,,20,30000,3,6,
5056,9,20,,,20,24000,,,,,,
5056,10,3000,2000,500000,1000,250000,,,,3,6,
5056,11,10,,,10,20000,,,,,,
5056,14,60,,,20,8000,,40,16000,,,
5056,15,50,,,20,4000,,30,6000,,,
5056,16,10,,,10,20000,,,,,,
5056,19,1000,500,25000,500,25000,,,,3,6,
5057,1,300,,,300,65000,,,,,,
5057,14,70,,,20,8000,,50,20000,,,
5057,15,60,,,20,4000,,40,8000,,,
5057,16,10,,,10,20000,,,,,,
5058,1,600,,,600,130000,,,,,,
5058,7,3000,1500,375000,1500,375000,,,,2,6,
5058,8,60,,,30,45000,,30,45000,,,
5058,10,1000,,,1000,250000,,,,,,
5058,14,80,,,30,12000,,50,20000,,,
5058,15,60,,,20,4000,,40,8000,,,
5058,16,20,,,20,40000,,,,,,
5058,19,1500,,,1500,75000,,,,,,
5059,14,75,,,,,,75,17000,,,
5059,15,15,,,,,,15,3800,,,
5059,16,50,,,50,100000,,,,,,
5061,14,200,,,,,,200,50000,,,
5061,15,50,,,,,,50,15000,,,
5064,14,160,,,,,,160,46000,,,
5064,15,20,,,,,,20,5800,,,
5065,1,300,,,300,61500,,,,,,
5065,14,70,,,,,,70,17000,,,
5065,15,10,,,,,,10,2400,,,
5066,14,150,,,10,2600,,140,36400,,,
5066,15,40,,,5,1800,,35,12600,,,
5068,14,80,,,15,4200,,65,12600,,,
5068,15,45,,,15,3000,,30,6000,,,
5068,16,6,,,6,8000,,,,,,
5070,14,50,,,15,4200,,35,8000,,,
5070,15,30,,,10,2000,,20,4000,,,
5071,14,60,,,20,4800,,40,9600,,,
5071,15,35,,,15,3000,,20,4000,,,
5072,14,70,,,20,4800,,50,11000,,,
5072,15,35,,,10,2000,,25,5000,,,
5072,16,10,,,10,14000,,,,,,
5073,14,45,,,10,2640,,35,9000,,,
5073,15,20,,,10,2000,,10,2000,,,
5074,14,15,,,5,3000,,10,6000,,,
5074,15,10,,,4,800,,6,1200,,,
5075,14,50,,,20,4800,,30,8400,,,
5075,15,30,,,15,3000,,15,3000,,,
5075,16,6,,,6,12000,,,,,,
5076,14,70,,,25,6840,,45,12600,,,
5076,15,35,,,15,3000,,20,4000,,,
5076,16,10,,,10,15000,,,,,,
5077,14,60,,,30,8000,,30,8000,,,
5077,15,40,,,20,4000,,20,4000,,,
5077,16,10,,,10,13000,,,,,,
5078,14,24,,,12,4000,,12,4000,,,
5078,15,30,,,15,3000,,15,3000,,,
5078,16,10,,,10,13000,,,,,,
5079,14,44,,,20,6000,,24,7000,,,
5079,15,30,,,15,3000,,15,3000,,,
5080,14,20,,,10,3000,,10,3000,,,
5080,15,20,,,10,2000,,10,2000,,,
5081,14,60,,,25,7000,,35,10000,,,
5081,15,45,,,20,4000,,25,5000,,,
5081,16,10,,,10,13000,,,,,,
5082,14,80,,,40,14000,,40,14000,,,
5082,15,36,,,16,3200,,20,4000,,,
5082,16,20,,,20,25000,,,,,,
5084,14,80,,,40,14000,,40,14000,,,
5084,15,30,,,15,3000,,15,3000,,,
5084,16,20,,,20,25000,,,,,,
5085,14,54,,,24,7000,,30,8000,,,
5085,15,26,,,12,2400,,14,2800,,,
5085,16,15,,,15,20000,,,,,,
5086,1,600,,,600,90000,,,,,,
5086,7,1260,1200,160000,60,10000,,,,5,,
5086,8,40,,,20,40000,,20,40000,,,
5086,10,60,,,60,10000,,,,,,
5086,11,40,,,20,50000,,20,50000,,,
5086,14,110,,,50,10000,,60,12000,,,
5086,15,90,,,50,10000,,40,8000,,,
5086,19,800,400,24000,400,24000,,,,6,,
5087,14,70,,,40,8000,,30,6000,,,
5087,15,60,,,40,8000,,20,4000,,,
5088,7,5640,5600,720000,40,5500,,,,5,,
5088,8,30,,,15,30000,,15,30000,,,
5088,10,40,,,40,8000,,,,,,
5088,11,30,,,15,38000,,15,38000,,,
5088,14,50,,,20,4000,,30,6000,,,
5088,15,40,,,15,3000,,25,5000,,,
5088,19,1500,1200,72000,300,18000,,,,6,7,
5089,1,400,,,400,60000,,,,,,
5089,14,80,,,50,10000,,30,6000,,,
5089,15,60,,,40,8000,,20,4000,,,
5090,1,600,,,600,90000,,,,,,
5090,7,1150,1100,140000,50,7000,,,,2,,
5090,8,40,,,20,40000,,20,40000,,,
5090,10,50,,,50,10000,,,,,,
5090,11,40,,,20,50000,,20,50000,,,
5090,14,90,,,50,10000,,40,8000,,,
5090,15,50,,,20,4000,,30,6000,,,
5090,19,500,200,12000,300,18000,,,,6,,
5091,1,600,,,600,90000,,,,,,
5091,7,1550,1500,195000,50,7000,,,,5,,
5091,8,40,,,20,40000,,20,40000,,,
5091,10,40,,,40,8500,,,,,,
5091,11,40,,,20,50000,,20,50000,,,
5091,14,80,,,50,10000,,30,6000,,,
5091,15,60,,,30,6000,,30,6000,,,
5091,19,1000,500,30000,500,30000,,,,6,,
5092,1,400,,,400,60000,,,,,,
5092,7,1250,1200,160000,50,7000,,,,5,,
5092,8,40,,,20,40000,,20,40000,,,
5092,10,50,,,50,10000,,,,,,
5092,11,40,,,20,50000,,20,50000,,,
5092,14,100,,,60,12000,,40,8000,,,
5092,15,80,,,50,10000,,30,6000,,,
5092,19,1000,600,36000,400,24000,,,,6,,
5093,7,3120,3100,400000,20,3000,,,,5,,
5093,8,10,,,5,10000,,5,10000,,,
5093,10,20,,,20,3000,,,,,,
5093,11,10,,,5,12500,,5,12500,,,
5093,17,80,65,220000,5,17500,,10,35000,2,6,
5094,1,400,,,400,60000,,,,,,
5094,7,4250,4200,550000,50,7000,,,,5,,
5094,8,30,,,15,30000,,15,30000,,,
5094,10,40,,,40,8500,,,,,,
5094,11,30,,,15,38000,,15,38000,,,
5094,14,80,,,50,10000,,30,6000,,,
5094,15,70,,,30,6000,,40,8000,,,
5094,19,800,500,30000,300,18000,,,,6,7,
5095,1,285,,,285,57000,,,,,,
5095,7,2550,2500,325000,50,6500,,,,2,,
5095,8,150,100,120000,50,60000,,,,2,,
5095,9,2,,,2,3600,,,,,,
5095,10,150,,,150,37500,,,,,,
5095,11,50,30,75000,20,50000,,,,2,,
5095,14,40,,,15,7000,,25,10000,,,
5095,15,30,,,10,2000,,20,4000,,,
5095,16,3,,,3,3600,,,,,,
5096,1,260,,,260,52000,,,,,,
5096,14,30,,,10,4500,,20,8000,,,
5096,15,40,,,15,3000,,25,5000,,,
5097,1,400,,,400,80000,,,,,,
5097,14,30,,,10,4500,,20,8000,,,
5097,15,30,,,15,3000,,15,3000,,,
5098,1,240,,,240,48000,,,,,,
5098,7,80,,,80,10400,,,,,,
5098,8,60,,,60,90000,,,,,,
5098,9,3,,,3,3000,,,,,,
5098,10,150,,,150,30000,,,,,,
5098,11,25,,,25,55000,,,,,,
5098,14,50,,,18,6200,,32,9000,,,
5098,15,50,,,20,4000,,30,6000,,,
5098,16,3,,,3,3600,,,,,,
5099,1,320,,,320,64000,,,,,,
5099,14,30,,,10,4600,,20,6900,,,
5099,15,40,,,15,3000,,25,5000,,,
5099,16,2,,,2,2400,,,,,,
5100,1,180,,,180,36000,,,,,,
5101,1,460,,,460,92000,,,,,,
5101,7,3750,3600,468000,150,19500,,,,2,,
5101,8,170,100,120000,70,84000,,,,2,,
5101,9,3,,,3,3600,,,,,,
5101,10,200,,,200,50000,,,,,,
5101,11,70,30,75000,40,100000,,,,2,,
5101,14,60,,,20,6500,,40,12000,,,
5101,15,50,,,15,3000,10,25,5000,,,
5101,19,1600,800,48000,800,48000,,,,2,,
5102,1,110,,,110,22000,,,,,,
5103,1,190,,,190,38000,,,,,,
5103,14,30,,,10,4500,,20,8000,,,
5103,15,40,,,15,3000,,25,5000,,,
5103,16,2,,,2,2400,,,,,,
5104,14,40,,,20,6400,,20,6400,,,
5104,15,30,,,13,2600,,17,3400,,,
5105,14,30,,,12,3840,,18,5760,,,
5105,15,30,,,14,2800,,16,3200,,,
5106,14,60,,,35,11200,,25,5000,,,
5106,15,70,,,30,6000,,40,8000,,,
5107,14,45,,,25,8000,,20,6400,,,
5107,15,35,,,20,4000,,15,3000,,,
5108,14,80,,,45,14400,,35,11200,,,
5108,15,70,,,30,6000,,40,8000,,,
5109,14,30,,,18,5760,,12,3840,,,
5109,15,20,,,10,2000,,10,2000,,,
5110,14,60,,,30,9600,,30,9600,,,
5110,15,70,,,40,8000,,30,6000,,,
5111,14,60,,,25,8000,,35,11200,,,
5111,15,50,,,25,5000,,25,5000,,,
5112,14,70,,,35,11200,,35,11200,,,
5112,15,60,,,30,6000,,30,6000,,,
5113,1,1000,,,1000,210000,,,,,,
5113,7,300,,,300,60000,,,,,,
5113,8,70,,,50,65000,,20,26000,,,
5113,10,300,,,300,60000,,,,,,
5113,11,10,,,10,25000,,,,,,
5113,14,40,,,20,7000,,20,7000,,,
5113,15,40,,,30,6000,,10,2500,,,
5113,16,20,,,20,15000,,,,,,
5113,19,1200,,,1200,60000,,,,,,
5114,1,480,,,480,105000,,,,,,
5114,14,30,,,20,7500,,10,3500,,,
5114,15,30,,,20,3000,,10,1800,,,
5114,16,8,,,8,7000,,,,,,
5115,1,600,,,600,132000,,,,,,
5115,14,50,,,30,10000,,20,7000,,,
5115,15,39,,,26,4800,,13,2400,,,
5115,16,30,,,30,21000,,,,,,
5115,19,900,,,900,45000,,,,,,
5116,1,450,,,450,96000,,,,,,
5116,14,30,,,20,7000,,10,3500,,,
5116,15,40,,,20,3600,,20,3600,,,
5116,16,20,,,20,15000,,,,,,
5116,19,600,,,600,30000,,,,,,
5117,1,750,,,750,156000,,,,,,
5117,7,150,,,150,30000,,,,,,
5117,8,130,30,40000,90,117000,,10,13000,2,,
5117,10,300,,,300,60000,,,,,,
5117,11,32,,,32,96000,,,,,,
5117,14,40,,,20,7500,,20,7500,,,
5117,15,86,,,50,9000,,36,6500,,,
5117,16,20,,,20,15000,,,,,,
5117,19,1200,400,24000,800,48000,,,,2,,
5118,1,1000,,,1000,210000,,,,,,
5118,7,300,,,300,60000,,,,,,
5118,8,70,,,50,65000,,20,26000,,,
5118,10,200,,,200,40000,,,,,,
5118,11,18,,,18,54000,,,,,,
5118,14,50,,,30,10000,,20,70000,,,
5118,15,60,,,30,5500,,30,5500,,,
5118,16,28,,,28,20000,,,,,,
5118,19,1600,600,36000,1000,60000,,,,2,,
5119,1,400,,,400,66000,,,,,,
5119,14,40,,,20,7500,,20,7500,,,
5119,15,30,,,15,2800,,15,2800,,,
5119,16,10,,,10,10000,,,,,,
5120,1,350,,,350,77000,,,,,,
5120,14,20,,,10,3500,,10,3500,,,
5120,15,20,,,20,3000,,,,,,
5120,16,9,,,9,9000,,,,,,
5121,14,15,,,10,3500,,5,1700,,,
5121,15,30,,,15,3000,,15,3000,,,
5121,16,9,,,9,8000,,,,,,
5122,1,200,,,200,34000,,,,,,
5122,7,700,510,61200,190,22800,,,,2,,
5122,8,40,,,30,45000,,10,15000,,,
5122,9,30,,,30,36000,,,,,,
5122,10,300,,,300,90000,,,,,,
5122,11,20,,,20,60000,,,,,,
5122,14,100,,,60,20000,,40,13000,,,
5122,15,80,,,50,7500,,30,4500,,,
5122,19,2100,900,45000,1200,60000,,,,6,,
5123,14,100,,,60,9000,,40,6000,,,
5123,15,60,,,30,6000,,30,6000,,,
5123,19,420,,,420,21000,,,,,,
5124,1,300,,,300,54000,,,,,,
5124,7,10800,10450,1254000,350,42000,,,,2,,
5124,8,60,,,35,52500,,25,37500,,,
5124,9,30,,,30,36000,,,,,,
5124,10,350,,,350,105000,,,,,,
5124,11,40,,,25,75000,,15,45000,,,
5124,14,120,,,80,26000,,40,12000,,,
5124,15,100,,,60,9000,,40,6000,,,
5124,19,3500,2600,130000,900,45000,,,,6,2,
5125,1,380,,,380,64000,,,,,,
5125,7,4000,3600,432000,400,48000,,,,2,,
5125,8,60,,,50,75000,,10,15000,,,
5125,9,30,,,30,36000,,,,,,
5125,10,300,,,300,90000,,,,,,
5125,11,25,,,15,30000,,10,20000,,,
5125,14,100,,,60,12000,,40,8000,,,
5125,15,70,,,40,6000,,30,4500,,,
5125,19,900,300,15000,600,30000,,,,2,,
5126,1,550,,,550,94000,,,,,,
5126,7,15400,15000,1950000,400,48000,,,,2,,
5126,8,80,,,60,90000,,20,30000,,,
5126,9,40,20,24000,20,24000,,,,2,,
5126,10,400,,,400,120000,,,,,,
5126,11,50,,,45,135000,,5,15000,,,
5126,14,120,,,70,14000,,50,10000,,,
5126,15,80,,,45,11000,,35,8800,,,
5126,19,2800,1800,90000,1000,50000,,,,6,,
5127,1,370,,,370,81400,,,,,,
5127,7,1290,990,118800,300,36000,,,,2,,
5127,8,40,,,35,52500,,5,15500,,,
5127,9,30,,,30,36000,,,,,,
5127,10,200,,,200,60000,,,,,,
5127,14,120,,,80,16000,,40,8000,,,
5127,15,80,,,50,7500,,30,4500,,,
5128,1,730,,,730,124000,,,,,,
5128,7,460,,,460,60000,,,,,,
5128,8,80,,,70,105000,,10,15000,,,
5128,9,20,,,20,24000,,,,,,
5128,10,350,,,350,105000,,,,,,
5128,11,20,,,18,54000,,2,6000,,,
5128,14,200,,,150,30000,,50,10000,,,
5128,15,150,,,90,13500,,60,9000,,,
5128,19,980,,,980,49000,,,,,,
5129,1,400,,,400,68000,,,,,,
5129,14,130,,,80,16000,,50,10000,,,
5129,15,100,,,60,9000,,40,6000,,,
5130,1,400,,,400,68000,,,,,,
5130,14,200,,,130,26000,,70,14000,,,
5130,15,150,,,80,12000,,70,10500,,,
5131,1,600,,,600,132000,,,,,,
5131,14,130,,,130,55900,,,,,,
5131,15,80,,,80,9600,,,,,,
5131,17,220,180,540000,15,45000,15,10,30000,7,,
5131,19,1000,,,1000,60000,,,,,,
5133,1,720,,,720,158400,,,,,,
5133,14,200,,,200,90000,,,,,,
5133,15,150,,,150,19500,,,,,,
5133,19,800,,,800,48000,,,,,,
5134,1,600,,,600,132000,,,,,,
5134,14,150,,,150,64500,,,,,,
5134,15,100,,,100,13000,,,,,,
5134,19,800,,,800,48000,,,,,,
5135,14,30,,,30,12900,,,,,,
5135,15,20,,,20,2600,,,,,,
5136,1,420,,,420,92400,,,,,,
5136,14,120,,,120,54000,,,,,,
5136,15,50,,,50,6500,,,,,,
5136,19,500,,,500,30000,,,,,,
5137,14,50,,,50,22500,,,,,,
5137,15,50,,,50,6500,,,,,,
5138,1,600,,,600,132000,,,,,,
5138,14,140,,,140,63000,,,,,,
5138,15,120,,,120,15600,,,,,,
5139,1,780,,,780,171600,,,,,,
5139,14,180,,,180,77400,,,,,,
5139,15,120,,,120,15600,,,,,,
5139,19,1500,,,1500,90000,,,,,,
5140,1,700,,,700,147000,,,,,,
5140,2,30,,,5,18500,,25,92500,,,
5140,7,90,,,50,12500,40,,,,,
5140,8,80,10,15000,40,60000,20,10,15000,6,,
5140,10,150,,,150,45000,,,,,,
5140,14,120,,,40,16000,,80,32000,,,
5140,15,180,,,60,10800,,120,21600,,,
5140,16,10,,,10,12000,,,,,,
5140,17,50,,,10,30000,20,20,60000,,,
5140,19,1500,,,1100,66000,400,,,,,
5141,1,700,,,700,147000,,,,,,
5141,2,40,,,5,18500,,35,129500,,,
5141,12,20,,,15,30000,,5,10000,,,
5141,14,130,,,40,16000,,90,36000,,,
5141,15,145,,,65,11700,,80,14400,,,
5141,16,15,,,15,18000,,,,,,
5141,17,30,,,10,30000,5,15,45000,,,
5141,19,1700,500,30000,1000,60000,200,,,2,,
5142,1,800,,,800,168000,,,,,,
5142,2,30,,,5,18500,,25,92500,,,
5142,7,60,,,60,15000,,,,,,
5142,8,220,120,180000,70,105000,10,20,30000,2,6,
5142,10,250,,,250,75000,,,,,,
5142,11,30,,,10,25000,,20,50000,,,
5142,14,200,,,80,32000,,120,48000,,,
5142,15,150,,,80,14400,,70,12600,,,
5142,16,10,,,10,12000,,,,,,
5142,17,50,,,10,30000,10,30,90000,,,
5142,19,800,,,800,48000,,,,,,
5143,1,650,,,650,136500,,,,,,
5143,2,30,,,8,29600,,22,81400,,,
5143,7,20,,,20,5000,,,,,,
5143,8,80,20,30000,40,60000,10,10,15000,6,,
5143,10,150,,,150,45000,,,,,,
5143,11,5,,,5,12500,,,,,,
5143,12,20,,,20,40000,,,,,,
5143,13,20,,,5,5000,,15,15000,,,
5143,14,140,,,40,16000,,100,40000,,,
5143,15,160,,,60,10800,,100,18000,,,
5143,16,15,,,15,18000,,,,,,
5143,17,10,,,3,9000,,7,21000,,,
5143,19,1000,400,24000,600,36000,,,,6,,
5144,1,450,,,450,94500,,,,,,
5144,14,60,,,20,8000,,40,16000,,,
5144,15,100,,,40,7200,,60,10800,,,
5144,19,600,200,12000,400,24000,,,,2,,
5145,1,1000,,,1000,210000,,,,,,
5145,2,50,,,15,55500,10,25,92500,,,
5145,7,40,,,40,10000,,,,,,
5145,8,120,30,45000,60,90000,10,20,30000,2,6,
5145,10,200,,,200,60000,,,,,,
5145,12,40,,,20,40000,,20,40000,,,
5145,13,50,30,30000,10,10000,,10,10000,6,,
5145,14,130,,,40,16000,30,60,24000,,,
5145,15,160,,,60,10800,40,60,10800,,,
5145,16,10,,,10,12000,,,,,,
5145,19,1000,300,18000,600,36000,100,,,2,,
5146,1,500,,,500,105000,,,,,,
5146,7,20,,,20,5000,,,,,,
5146,8,160,60,90000,60,90000,20,20,30000,7,,
5146,10,200,,,200,60000,,,,,,
5146,11,20,,,5,12500,,15,37500,,,
5146,12,50,,,10,20000,,40,80000,,,
5146,13,20,,,20,20000,,,,,,
5146,14,120,,,40,16000,,80,32000,,,
5146,15,160,,,60,10800,,100,18000,,,
5146,16,10,,,10,12000,,,,,,
5146,19,600,,,600,36000,,,,,,
5147,1,300,,,300,63000,,,,,,
5147,7,40,,,40,10000,,,,,,
5147,8,100,30,45000,40,60000,10,20,30000,6,,
5147,10,120,,,120,36000,,,,,,
5147,14,80,,,20,8000,,60,24000,,,
5147,15,100,,,40,7200,,60,10800,,,
5147,16,5,,,5,6000,,,,,,
5147,19,500,,,500,30000,,,,,,
5148,8,100,,,40,60000,50,10,15000,,,
5148,10,80,,,80,24000,,,,,,
5148,12,70,,,20,40000,30,20,40000,,,
5148,15,20,,,10,1800,,10,1800,,,
5148,17,60,10,30000,5,15000,20,25,75000,2,,
5148,19,250,,,250,15000,,,,,,
5149,1,500,,,500,110000,,,,,,
5149,2,40,,,25,87500,,15,52500,,,
5149,7,460,150,37500,250,62500,60,,,2,,
5149,8,270,150,225000,80,120000,20,20,30000,2,,
5149,9,12,,,12,18000,,,,,,
5149,10,450,150,52500,300,105000,,,,2,,
5149,11,25,,,20,50000,,5,12500,,,
5149,12,150,100,200000,20,40000,,30,60000,3,,
5149,13,20,,,7,9100,,13,16900,,,
5149,14,160,,,90,31500,,70,24500,,,
5149,15,80,,,45,6300,,35,4900,,,
5149,19,2000,1000,60000,900,54000,100,,,2,,
5150,1,300,,,300,66000,,,,,,
5150,14,160,,,100,35000,,60,21000,,,
5150,15,55,,,30,4200,,25,3500,,,
5150,19,1000,,,800,48000,200,,,,,
5151,1,500,,,500,110000,,,,,,
5151,2,50,,,30,105000,,20,70000,,,
5151,7,250,,,250,62500,,,,,,
5151,8,140,,,120,180000,,20,30000,,,
5151,9,15,,,15,22500,,,,,,
5151,10,400,,,400,140000,,,,,,
5151,12,60,40,80000,10,20000,,10,20000,4,,
5151,13,100,70,91000,6,7800,4,20,26000,4,,
5151,14,180,,,100,35000,,80,28000,,,
5151,15,90,,,60,8400,,30,4200,,,
5152,1,400,,,400,84000,,,,,,
5152,2,60,,,30,105000,,30,105000,,,
5152,7,260,60,15000,200,50000,,,,2,,
5152,8,200,80,120000,100,150000,,20,30000,2,,
5152,9,14,,,14,20000,,,,,,
5152,10,450,150,45000,300,90000,,,,2,,
5152,11,10,,,10,25000,,,,,,
5152,12,35,20,40000,10,20000,,5,10000,2,,
5152,14,170,,,100,25000,,70,17000,,,
5152,15,80,,,50,10000,,30,6000,,,
5152,19,1000,400,24000,500,30000,100,,,2,,
5153,1,250,,,250,55000,,,,,,
5153,2,45,,,15,52500,15,15,52500,,,
5153,8,130,,,75,112500,40,15,22500,,,
5153,9,10,,,10,13000,,,,,,
5153,10,360,,,280,98000,80,,,,,
5153,12,12,,,12,30000,,,,,,
5153,14,120,,,80,28000,,40,14000,,,
5153,15,55,,,30,4200,,25,3500,,,
5153,19,1000,,,700,42000,300,,,,,
5154,1,500,,,500,110000,,,,,,
5154,2,40,,,28,98000,,12,42000,,,
5154,7,180,,,180,45000,,,,,,
5154,8,110,,,90,135000,,20,30000,,,
5154,9,12,,,12,15000,,,,,,
5154,11,13,,,12,30000,,1,2500,,,
5154,12,35,10,20000,10,20000,5,10,20000,7,,
5154,14,160,,,100,22000,,60,13200,,,
5154,15,80,,,40,5600,,40,5600,,,
5154,19,1000,200,12000,800,48000,,,,7,,
5155,1,200,,,200,44000,,,,,,
5155,2,35,,,20,70000,,15,52500,,,
5155,7,200,,,200,50000,,,,,,
5155,8,160,70,105000,70,105000,,20,30000,2,,
5155,9,5,,,5,6500,,,,,,
5155,10,350,,,350,122500,,,,,,
5155,12,25,10,20000,5,10000,,10,20000,4,,
5155,13,30,10,13000,7,9100,,13,16900,4,,
5155,14,120,,,70,24500,,50,17500,,,
5155,15,45,,,25,3500,,20,2800,,,
5155,19,600,,,600,36000,,,,,,
5156,1,400,,,400,88000,,,,,,
5156,2,50,,,30,105000,,20,70000,,,
5156,7,200,,,200,50000,,,,,,
5156,8,130,,,90,135000,20,20,30000,,,
5156,9,20,,,20,28000,,,,,,
5156,10,400,,,350,122500,50,,,,,
5156,11,20,,,20,50000,,,,,,
5156,12,60,25,50000,15,30000,,20,40000,7,,
5156,13,25,,,15,19500,,10,13000,,,
5156,14,170,,,100,35000,,70,24500,,,
5156,15,75,,,40,5600,,35,4900,,,
5156,17,18,,,10,30000,2,6,18000,,,
5156,19,1000,,,800,48000,200,,,,,
5157,2,30,,,16,56000,,14,49000,,,
5157,14,100,,,55,19250,,45,15750,,,
5157,15,45,,,20,2800,,25,3500,,,
5158,15,10,,,5,1000,,5,1000,,,
5159,1,360,,,357,78540,,3,660,,,
5159,8,25,,,15,22500,5,5,7500,,,
5159,12,20,,,5,10000,5,10,20000,,,
5159,13,10,,,3,3000,2,5,5000,,,
5159,14,190,,,100,24000,,90,22000,,,
5159,15,130,,,60,12000,,70,14000,,,
5159,19,600,200,12000,300,18000,100,,,6,,
5160,14,110,,,50,12000,,60,16000,,,
5160,15,50,,,20,3000,,30,4500,,,
5161,1,400,,,395,86900,,5,1100,,,
5161,12,40,,,10,20000,10,20,40000,,,
5161,13,20,,,5,5000,5,10,10000,,,
5161,14,170,,,100,24000,,70,18000,,,
5161,15,120,,,50,7500,,70,10500,,,
5161,16,15,,,15,21000,,,,,,
5161,19,1200,600,36000,500,30000,100,,,6,,
5162,1,360,,,357,78540,,3,660,,,
5162,14,135,,,65,15000,,70,18000,,,
5162,15,110,,,50,7500,,60,9000,,,
5162,16,10,,,10,14000,,,,,,
5163,1,720,,,710,156200,,10,2200,,,
5163,12,15,,,8,16000,2,5,10000,,,
5163,13,20,,,7,7000,3,10,10000,,,
5163,14,250,,,130,34000,,120,32000,,,
5163,15,220,,,120,24000,,100,20000,,,
5163,16,7,,,7,10000,,,,,,
5163,19,1300,,,1250,75000,50,,,,,
5164,1,720,,,718,157960,,2,440,,,
5164,14,190,,,100,24000,,90,22000,,,
5164,15,180,,,100,20000,,80,16000,,,
5164,19,700,,,650,39000,50,,,,,
5165,1,720,,,715,157300,,5,1100,,,
5165,7,80,,,70,17500,10,,,,,
5165,8,30,,,20,30000,5,5,7500,,,
5165,10,105,,,100,25000,5,,,,,
5165,12,20,,,10,20000,3,7,14000,,,
5165,14,270,,,150,34000,,120,28000,,,
5165,15,230,,,100,20000,,130,26000,,,
5165,16,8,,,8,12000,,,,,,
5165,19,300,,,250,15000,50,,,,,
5166,14,58,,,25,7000,,33,4800,,,
5166,15,40,,,20,3000,,20,3000,,,
5167,1,540,,,540,118800,,,,,,
5167,12,40,,,20,30000,,20,30000,,,
5167,14,150,,,50,12500,,100,25000,,,
5167,15,130,,,30,4050,,100,13500,,,
5167,19,700,,,700,42000,,,,,,
5168,1,128,,,128,28160,,,,,,
5168,15,150,,,50,5000,,100,10000,,,
5169,1,290,,,290,63800,,,,,,
5169,14,100,,,30,7200,,70,16800,,,
5169,15,100,,,40,4000,,60,6000,,,
5170,1,180,,,180,39600,,,,,,
5170,14,95,,,25,6750,,70,18900,,,
5170,15,100,,,30,4500,,70,10500,,,
5171,1,550,,,550,121000,,,,,,
5171,14,170,,,70,18550,,100,26500,,,
5171,15,150,,,50,5000,,100,10000,,,
5171,19,850,,,850,51000,,,,,,
5172,1,180,,,180,38000,,,,,,
5172,15,100,,,50,5000,,50,5000,,,
5172,19,800,,,400,24000,400,,,,,
5173,1,255,,,255,56100,,,,,,
5173,14,120,,,20,5600,,100,28000,,,
5173,15,130,,,20,3000,,110,16500,,,
5173,19,700,,,700,42000,,,,,,
5174,1,360,,,360,79200,,,,,,
5174,12,20,,,10,15000,,10,15000,,,
5174,14,120,,,20,5100,,100,25500,,,
5174,15,130,,,40,4000,,90,9000,,,
5175,1,180,,,180,39600,,,,,,
5175,15,70,,,30,3000,,40,4000,,,
5175,19,560,,,560,33600,,,,,,
5176,1,300,,,300,66000,,,,,,
5176,14,165,,,70,15890,,95,21565,,,
5176,15,90,,,40,4880,,50,6100,,,
5176,17,30,10,30000,3,9000,2,15,45000,2,,
5176,19,750,300,18000,450,27000,,,,2,,
5177,1,320,,,320,70400,,,,,,
5177,14,140,,,60,17160,,80,22880,,,
5177,15,70,,,25,3225,,45,5805,,,
5177,16,5,,,5,7000,,,,,,
5177,19,530,,,530,31800,,,,,,
5178,1,150,,,150,33000,,,,,,
5178,12,20,10,25000,,,5,5,12500,2,,
5178,13,20,,,10,6000,,10,6000,,,
5178,14,25,,,8,2080,,17,4420,,,
5178,15,40,,,10,1100,,30,3300,,,
5179,1,600,,,600,132000,,,,,,
5179,7,120,65,16250,40,10000,15,,,2,,
5179,8,30,,,20,30000,,10,15000,,,
5179,10,70,45,11250,25,6250,,,,2,,
5179,12,40,,,10,30000,,30,90000,,,
5179,14,160,,,60,13140,,100,21900,,,
5179,15,75,,,25,3250,,50,6500,,,
5179,17,40,15,52500,9,31500,1,15,52500,2,,
5179,19,700,,,700,42000,,,,,,
5180,1,600,,,600,132000,,,,,,
5180,14,95,,,30,6480,,65,14040,,,
5180,15,90,,,25,3075,,65,7995,,,
5180,16,5,,,5,6500,,,,,,
5180,19,490,,,490,29400,,,,,,
5181,1,600,,,600,132000,,,,,,
5181,12,20,10,20000,3,6000,,7,14000,2,,
5181,14,180,,,30,7500,3,147,36750,,,
5181,15,100,,,25,3750,,75,11250,,,
5181,16,10,,,10,14000,,,,,,
5181,19,350,,,350,21000,,,,,,
5182,12,25,,,7,21000,5,13,39000,,,
5182,14,75,,,25,6500,,50,13000,,,
5182,15,50,,,20,4000,,30,6000,,,
5182,17,50,15,52500,10,35000,15,10,35000,2,,
5182,19,2450,1500,90000,900,54000,50,,,2,,
5183,1,180,,,180,39600,,,,,,
5183,12,20,10,20000,2,4000,2,6,12000,2,,
5183,14,45,,,15,3495,,30,6990,,,
5183,15,50,,,17,2006,,33,3894,,,
5184,1,300,,,300,66000,,,,,,
5184,7,150,100,25000,40,10000,10,,,2,,
5184,8,30,,,20,30000,3,7,10500,,,
5184,10,70,30,7500,30,7500,10,,,2,,
5184,12,30,,,15,45000,,15,45000,,,
5184,14,165,,,60,13620,,105,23835,,,
5184,15,70,,,25,3475,,45,6255,,,
5184,16,10,,,10,14000,,,,,,
5184,19,1500,800,48000,700,42000,,,,2,,
