"recno","l1_row","l1_1","l1_2","l1_3","l1_4"
1,1,1,1,2,
1,2,1,1,2,
1,3,1,1,2,
1,4,1,1,2,
1,5,1,1,2,
1,6,3,4,2,
1,7,1,1,2,
1,8,3,4,2,
1,9,2,3,2,
1,10,2,3,2,
1,11,2,3,2,
2,1,1,1,2,
2,2,1,3,2,
2,3,1,3,2,
2,4,3,4,2,
2,5,1,3,2,
2,6,3,4,2,
2,7,1,1,2,
2,8,3,4,2,
2,9,3,4,2,
2,10,2,2,2,
2,11,2,3,2,
3,1,1,3,2,
3,2,1,3,2,
3,3,1,1,2,
3,4,1,3,2,
3,5,1,3,2,
3,6,3,4,2,
3,7,1,3,2,
3,8,3,4,2,
3,9,2,2,2,
3,10,3,4,2,
3,11,3,4,2,
4,1,1,3,2,
4,2,1,3,2,
4,3,1,1,2,
4,4,3,4,2,
4,5,1,3,2,
4,6,3,4,2,
4,7,3,4,2,
4,8,3,4,2,
4,9,2,2,2,
4,10,1,1,2,
4,11,2,3,2,
5,1,1,1,2,
5,2,1,1,2,
5,3,1,1,2,
5,4,1,1,2,
5,5,1,1,2,
5,6,3,4,2,
5,7,1,1,2,
5,8,3,4,2,
5,9,2,2,2,
5,10,2,2,2,
5,11,2,3,2,
6,1,1,1,2,
6,2,1,3,2,
6,3,1,1,2,
6,4,1,1,2,
6,5,1,1,2,
6,6,1,1,2,
6,7,1,1,2,
6,8,3,4,2,
6,9,2,2,2,
6,10,2,2,2,
6,11,2,3,2,
7,1,1,1,2,
7,2,1,1,2,
7,3,1,1,2,
7,4,2,3,2,
7,5,1,1,2,
7,6,1,1,2,
7,7,1,1,2,
7,8,3,4,2,
7,9,3,4,2,
7,10,3,4,2,
7,11,1,3,2,
8,1,1,1,2,
8,2,1,3,2,
8,3,1,1,2,
8,4,1,1,2,
8,5,1,1,2,
8,6,1,1,2,
8,7,1,1,2,
8,8,3,4,2,
8,9,1,1,2,
8,10,3,4,2,
8,11,2,3,2,
9,1,1,1,2,
9,2,1,3,2,
9,3,1,1,2,
9,4,1,1,2,
9,5,1,3,2,
9,6,3,4,2,
9,7,1,1,2,
9,8,3,4,2,
9,9,2,2,2,
9,10,3,4,2,
9,11,2,3,2,
10,1,2,3,2,
10,2,2,3,2,
10,3,1,3,2,
10,4,1,3,2,
10,5,1,3,2,
10,6,1,3,2,
10,7,3,4,2,
10,8,3,4,2,
10,9,3,4,2,
10,10,3,4,2,
10,11,1,3,2,
11,1,2,3,2,
11,2,2,3,2,
11,3,1,3,2,
11,4,1,3,2,
11,5,1,3,2,
11,6,1,3,2,
11,7,3,4,2,
11,8,3,4,2,
11,9,2,3,2,
11,10,3,4,2,
11,11,1,3,2,
12,1,1,3,2,
12,2,1,3,2,
12,3,1,3,2,
12,4,1,3,2,
12,5,1,3,2,
12,6,1,3,2,
12,7,3,4,2,
12,8,3,4,2,
12,9,2,3,2,
12,10,1,3,2,
12,11,1,3,2,
13,1,1,3,2,
13,2,1,3,2,
13,3,1,3,2,
13,4,1,3,2,
13,5,1,3,2,
13,6,3,3,2,
13,7,3,4,2,
13,8,3,4,2,
13,9,1,3,2,
13,10,3,4,2,
13,11,1,3,2,
14,1,1,3,2,
14,2,1,3,2,
14,3,1,3,2,
14,4,1,3,2,
14,5,1,3,2,
14,6,1,3,2,
14,7,3,4,2,
14,8,3,4,2,
14,9,3,4,2,
14,10,3,4,2,
14,11,1,3,2,
15,1,2,3,2,
15,2,2,3,2,
15,3,1,3,2,
15,4,1,3,2,
15,5,1,3,2,
15,6,1,3,2,
15,7,3,4,2,
15,8,3,4,2,
15,9,3,4,2,
15,10,3,4,2,
15,11,1,3,2,
16,1,2,3,2,
16,2,2,3,2,
16,3,1,3,2,
16,4,1,3,2,
16,5,1,3,2,
16,6,1,3,2,
16,7,3,4,2,
16,8,3,4,2,
16,9,3,4,2,
16,10,3,4,2,
16,11,1,3,2,
17,1,2,3,2,
17,2,2,3,2,
17,3,1,3,2,
17,4,1,3,2,
17,5,1,3,2,
17,6,1,3,2,
17,7,3,4,2,
17,8,3,4,2,
17,9,3,4,2,
17,10,3,4,2,
17,11,1,3,2,
18,1,2,3,2,
18,2,2,3,2,
18,3,1,3,2,
18,4,1,3,2,
18,5,1,3,2,
18,6,1,3,2,
18,7,1,3,2,
18,8,3,4,2,
18,9,2,3,2,
18,10,2,3,2,
18,11,1,3,2,
19,1,1,3,2,
19,2,1,3,2,
19,3,1,3,2,
19,4,1,3,2,
19,5,1,3,2,
19,6,1,3,2,
19,7,1,3,2,
19,8,3,4,2,
19,9,2,3,2,
19,10,1,3,2,
19,11,1,3,2,
20,1,1,3,2,
20,2,1,3,2,
20,3,1,3,2,
20,4,1,3,2,
20,5,1,3,2,
20,6,1,3,2,
20,7,1,3,2,
20,8,3,4,2,
20,9,1,3,2,
20,10,1,3,2,
20,11,1,3,2,
21,1,1,3,2,
21,2,1,3,2,
21,3,1,3,2,
21,4,1,3,2,
21,5,1,3,2,
21,6,1,3,2,
21,7,1,3,2,
21,8,3,4,2,
21,9,1,3,2,
21,10,1,3,2,
21,11,1,3,2,
22,1,1,3,2,
22,2,1,3,2,
22,3,1,3,2,
22,4,1,3,2,
22,5,1,3,2,
22,6,1,3,2,
22,7,1,3,2,
22,8,3,4,2,
22,9,1,3,2,
22,10,1,3,2,
22,11,1,3,2,
23,1,1,3,2,
23,2,1,3,2,
23,3,1,3,2,
23,4,1,3,2,
23,5,1,3,2,
23,6,1,3,2,
23,7,1,3,2,
23,8,3,4,2,
23,9,1,3,2,
23,10,1,3,2,
23,11,1,3,2,
24,1,1,3,2,
24,2,1,3,2,
24,3,1,3,2,
24,4,1,3,2,
24,5,1,3,2,
24,6,1,3,2,
24,7,3,4,2,
24,8,3,4,2,
24,9,1,3,2,
24,10,1,3,2,
24,11,1,3,2,
25,1,1,3,2,
25,2,1,3,2,
25,3,1,3,2,
25,4,1,3,2,
25,5,1,3,2,
25,6,1,3,2,
25,7,1,3,2,
25,8,3,4,2,
25,9,1,3,2,
25,10,1,3,2,
25,11,1,3,2,
26,1,1,3,2,
26,2,1,3,2,
26,3,1,3,2,
26,4,1,3,2,
26,5,1,3,2,
26,6,1,3,2,
26,7,1,3,2,
26,8,3,4,2,
26,9,1,3,2,
26,10,1,3,2,
26,11,1,3,2,
27,1,1,3,2,
27,2,1,3,2,
27,3,1,3,2,
27,4,1,3,2,
27,5,1,3,2,
27,6,1,3,2,
27,7,1,3,2,
27,8,3,4,2,
27,9,1,3,2,
27,10,1,3,2,
27,11,1,3,2,
28,1,1,3,2,
28,2,1,3,2,
28,3,1,3,2,
28,4,1,3,2,
28,5,2,2,2,
28,6,1,3,2,
28,7,2,2,2,
28,8,3,4,2,
28,9,3,4,2,
28,10,3,4,2,
28,11,2,3,2,
29,1,1,3,2,
29,2,1,3,2,
29,3,1,3,2,
29,4,1,3,2,
29,5,1,3,2,
29,6,1,3,2,
29,7,1,4,2,
29,8,3,4,2,
29,9,2,3,2,
29,10,1,4,2,
29,11,2,3,2,
30,1,2,1,1,2
30,2,1,3,2,
30,3,2,3,1,2
30,4,1,3,2,
30,5,1,3,2,
30,6,3,4,2,
30,7,2,3,1,2
30,8,2,3,1,2
30,9,2,4,2,
30,10,2,3,2,
30,11,2,3,2,
31,1,2,3,2,
31,2,1,3,2,
31,3,1,3,2,
31,4,1,3,2,
31,5,1,3,2,
31,6,1,1,2,
31,7,1,3,2,
31,8,3,4,2,
31,9,2,4,1,2
31,10,3,4,2,
31,11,3,4,2,
32,1,1,3,2,
32,2,1,3,2,
32,3,1,3,2,
32,4,1,3,2,
32,5,1,3,2,
32,6,1,3,2,
32,7,1,3,2,
32,8,3,4,2,
32,9,1,3,2,
32,10,2,3,2,
32,11,2,3,2,
33,1,1,1,2,
33,2,1,3,2,
33,3,1,3,2,
33,4,1,3,2,
33,5,1,3,2,
33,6,1,1,2,
33,7,1,3,2,
33,8,3,4,2,
33,9,2,3,1,2
33,10,1,3,2,
33,11,1,1,2,
34,1,1,3,2,
34,2,1,3,2,
34,3,2,3,2,
34,4,1,3,2,
34,5,1,3,2,
34,6,1,3,2,
34,7,1,3,2,
34,8,2,3,2,
34,9,2,3,2,
34,10,1,3,2,
34,11,2,3,2,
35,1,1,3,2,
35,2,1,3,2,
35,3,1,3,2,
35,4,1,3,2,
35,5,1,3,2,
35,6,1,3,2,
35,7,1,3,2,
35,8,3,4,2,
35,9,2,2,2,
35,10,3,4,2,
35,11,2,3,2,
36,1,1,3,2,
36,2,1,3,2,
36,3,1,3,2,
36,4,1,3,2,
36,5,1,3,2,
36,6,1,3,2,
36,7,1,3,2,
36,8,3,4,2,
36,9,2,4,2,
36,10,3,4,2,
36,11,2,4,2,
37,1,1,1,2,
37,2,1,1,2,
37,3,1,1,2,
37,4,1,1,2,
37,5,1,1,2,
37,6,1,1,2,
37,7,1,1,2,
37,8,3,4,2,
37,9,2,2,2,
37,10,3,4,2,
37,11,1,1,2,
38,1,1,1,2,
38,2,1,1,2,
38,3,1,1,2,
38,4,1,1,2,
38,5,1,1,2,
38,6,3,4,2,
38,7,3,4,2,
38,8,3,4,2,
38,9,1,1,2,
38,10,3,4,2,
38,11,1,1,2,
39,1,1,1,2,
39,2,1,1,2,
39,3,1,1,2,
39,4,1,1,2,
39,5,1,1,2,
39,6,1,1,2,
39,7,1,1,2,
39,8,3,4,2,
39,9,1,1,2,
39,10,3,4,2,
39,11,1,1,2,
40,1,1,1,2,
40,2,1,1,2,
40,3,1,1,2,
40,4,1,1,2,
40,5,1,1,2,
40,6,1,1,2,
40,7,1,1,2,
40,8,3,4,2,
40,9,1,1,2,
40,10,2,2,2,
40,11,1,1,2,
41,1,1,1,2,
41,2,1,1,2,
41,3,1,3,2,
41,4,1,1,2,
41,5,1,1,2,
41,6,1,1,2,
41,7,1,1,2,
41,8,3,4,2,
41,9,2,2,2,
41,10,3,4,2,
41,11,1,1,2,
42,1,1,1,2,
42,2,1,1,2,
42,3,1,1,2,
42,4,1,1,2,
42,5,1,1,2,
42,6,1,1,2,
42,7,1,1,2,
42,8,3,4,2,
42,9,1,1,2,
42,10,1,1,2,
42,11,1,1,2,
43,1,1,1,2,
43,2,1,1,2,
43,3,1,1,2,
43,4,1,1,2,
43,5,1,1,2,
43,6,1,1,2,
43,7,1,1,2,
43,8,3,4,2,
43,9,2,2,2,
43,10,2,2,2,
43,11,1,1,2,
44,1,1,1,2,
44,2,1,1,2,
44,3,1,1,2,
44,4,1,1,2,
44,5,1,1,2,
44,6,1,1,2,
44,7,1,1,2,
44,8,3,4,2,
44,9,2,2,2,
44,10,2,2,2,
44,11,1,1,2,
45,1,1,1,2,
45,2,1,1,2,
45,3,1,1,2,
45,4,1,1,2,
45,5,1,1,2,
45,6,1,1,2,
45,7,1,1,2,
45,8,3,4,2,
45,9,2,2,2,
45,10,3,4,2,
45,11,1,1,2,
46,1,1,3,2,
46,2,1,3,2,
46,3,1,3,2,
46,4,1,3,2,
46,5,1,3,2,
46,6,3,4,2,
46,7,1,3,2,
46,8,3,4,2,
46,9,1,3,2,
46,10,1,3,2,
46,11,2,3,2,
47,1,1,3,2,
47,2,1,3,2,
47,3,2,3,2,
47,4,1,3,2,
47,5,1,3,2,
47,6,1,3,2,
47,7,3,4,2,
47,8,3,4,2,
47,9,1,3,2,
47,10,1,3,2,
47,11,2,3,2,
48,1,1,3,2,
48,2,1,3,2,
48,3,1,3,2,
48,4,1,3,2,
48,5,1,3,2,
48,6,2,3,2,
48,7,1,3,2,
48,8,3,4,2,
48,9,2,2,2,
48,10,2,3,2,
48,11,1,3,2,
49,1,1,3,2,
49,2,1,3,2,
49,3,1,3,2,
49,4,1,3,2,
49,5,1,3,2,
49,6,3,4,2,
49,7,1,3,2,
49,8,3,4,2,
49,9,1,3,2,
49,10,1,3,2,
49,11,1,3,2,
50,1,1,3,2,
50,2,1,3,2,
50,3,1,3,2,
50,4,1,3,2,
50,5,1,3,2,
50,6,1,3,2,
50,7,1,3,2,
50,8,3,4,2,
50,9,3,4,2,
50,10,1,3,2,
50,11,2,2,2,
51,1,1,3,2,
51,2,1,3,2,
51,3,1,3,2,
51,4,1,3,2,
51,5,1,3,2,
51,6,1,3,2,
51,7,1,3,2,
51,8,3,4,2,
51,9,1,3,2,
51,10,1,3,2,
51,11,1,3,2,
52,1,1,3,2,
52,2,1,3,2,
52,3,1,3,2,
52,4,1,3,2,
52,5,1,3,2,
52,6,3,4,2,
52,7,3,4,2,
52,8,3,4,2,
52,9,1,3,2,
52,10,1,3,2,
52,11,1,3,2,
53,1,1,3,2,
53,2,1,3,2,
53,3,1,3,2,
53,4,1,3,2,
53,5,1,3,2,
53,6,1,3,2,
53,7,1,3,2,
53,8,3,4,2,
53,9,1,3,2,
53,10,3,4,2,
53,11,1,3,2,
54,1,1,3,2,
54,2,1,3,2,
54,3,1,3,2,
54,4,1,3,2,
54,5,1,3,2,
54,6,1,3,2,
54,7,1,3,2,
54,8,3,4,2,
54,9,1,3,2,
54,10,1,3,2,
54,11,3,4,2,
55,1,1,3,2,
55,2,1,3,2,
55,3,1,3,2,
55,4,1,3,2,
55,5,1,3,2,
55,6,1,3,2,
55,7,3,4,2,
55,8,3,4,2,
55,9,1,3,2,
55,10,1,3,2,
55,11,1,3,2,
56,1,1,3,2,
56,2,1,3,2,
56,3,1,3,2,
56,4,1,3,2,
56,5,1,3,2,
56,6,1,3,2,
56,7,3,4,2,
56,8,3,4,2,
56,9,1,3,2,
56,10,1,3,2,
56,11,1,3,2,
57,1,1,3,2,
57,2,1,3,2,
57,3,1,2,1,2
57,4,3,4,2,
57,5,1,3,2,
57,6,1,3,2,
57,7,2,2,2,
57,8,3,4,2,
57,9,2,3,2,
57,10,2,3,2,
57,11,1,3,2,
58,1,1,3,2,
58,2,1,3,2,
58,3,1,1,2,
58,4,1,3,2,
58,5,1,3,2,
58,6,1,3,2,
58,7,3,4,2,
58,8,3,4,2,
58,9,1,3,2,
58,10,3,4,2,
58,11,1,3,2,
59,1,1,3,2,
59,2,1,3,2,
59,3,1,3,2,
59,4,1,3,2,
59,5,1,3,2,
59,6,1,3,2,
59,7,3,4,2,
59,8,3,4,2,
59,9,1,3,2,
59,10,1,3,2,
59,11,1,3,2,
60,1,1,3,2,
60,2,1,3,2,
60,3,1,3,2,
60,4,1,3,2,
60,5,1,3,2,
60,6,1,3,2,
60,7,3,4,2,
60,8,3,4,2,
60,9,1,3,2,
60,10,1,3,2,
60,11,1,3,2,
61,1,1,2,1,2
61,2,1,3,2,
61,3,1,3,2,
61,4,3,4,2,
61,5,1,3,2,
61,6,1,3,2,
61,7,3,4,2,
61,8,3,4,2,
61,9,1,3,2,
61,10,3,4,2,
61,11,1,3,2,
62,1,1,3,2,
62,2,1,3,2,
62,3,1,3,2,
62,4,1,3,2,
62,5,1,3,2,
62,6,1,3,2,
62,7,1,3,2,
62,8,3,4,2,
62,9,1,3,2,
62,10,1,3,2,
62,11,1,3,2,
63,1,1,3,2,
63,2,1,3,2,
63,3,1,3,2,
63,4,1,3,2,
63,5,1,3,2,
63,6,1,3,2,
63,7,3,4,2,
63,8,3,4,2,
63,9,1,3,2,
63,10,3,4,2,
63,11,2,2,2,
64,1,1,3,2,
64,2,1,3,2,
64,3,1,3,2,
64,4,1,3,2,
64,5,1,3,2,
64,6,3,4,2,
64,7,1,3,2,
64,8,3,4,2,
64,9,2,3,2,
64,10,2,3,2,
64,11,1,3,2,
65,1,1,3,2,
65,2,1,3,2,
65,3,1,3,2,
65,4,1,3,2,
65,5,1,3,2,
65,6,3,4,2,
65,7,1,3,2,
65,8,3,4,2,
65,9,2,3,2,
65,10,3,4,2,
65,11,1,3,2,
66,1,1,3,2,
66,2,1,3,2,
66,3,2,3,2,
66,4,1,3,2,
66,5,1,3,2,
66,6,3,4,2,
66,7,1,3,2,
66,8,3,4,2,
66,9,2,3,2,
66,10,2,3,2,
66,11,1,3,2,
67,1,1,3,2,
67,2,1,3,2,
67,3,1,3,2,
67,4,1,3,2,
67,5,1,3,2,
67,6,3,4,2,
67,7,1,3,2,
67,8,3,4,2,
67,9,2,3,2,
67,10,3,4,2,
67,11,1,3,2,
68,1,1,3,2,
68,2,1,3,2,
68,3,1,3,2,
68,4,1,3,2,
68,5,1,3,2,
68,6,3,4,2,
68,7,1,3,2,
68,8,3,4,2,
68,9,3,4,2,
68,10,1,3,2,
68,11,1,3,2,
69,1,1,3,2,
69,2,1,3,2,
69,3,1,3,2,
69,4,1,3,2,
69,5,1,3,2,
69,6,3,4,2,
69,7,1,3,2,
69,8,3,4,2,
69,9,1,3,2,
69,10,1,3,2,
69,11,1,3,2,
70,1,1,3,2,
70,2,1,3,2,
70,3,1,3,2,
70,4,1,3,2,
70,5,1,3,2,
70,6,3,4,2,
70,7,3,4,2,
70,8,3,4,2,
70,9,2,3,2,
70,10,3,4,2,
70,11,1,3,2,
71,1,1,3,2,
71,2,1,3,2,
71,3,1,3,2,
71,4,1,3,2,
71,5,1,3,2,
71,6,3,4,2,
71,7,1,3,2,
71,8,3,4,2,
71,9,2,3,2,
71,10,1,3,2,
71,11,1,3,2,
72,1,1,3,2,
72,2,1,3,2,
72,3,1,3,2,
72,4,1,3,2,
72,5,1,3,2,
72,6,3,4,2,
72,7,2,3,2,
72,8,3,4,2,
72,9,2,2,2,
72,10,2,2,2,
72,11,2,2,2,
73,1,1,3,2,
73,2,1,3,2,
73,3,1,3,2,
73,4,1,3,2,
73,5,1,3,2,
73,6,1,3,2,
73,7,1,3,2,
73,8,3,4,2,
73,9,1,3,2,
73,10,1,2,2,
73,11,1,3,2,
74,1,1,1,2,
74,2,1,3,2,
74,3,1,3,2,
74,4,1,3,2,
74,5,1,3,2,
74,6,1,3,2,
74,7,1,3,2,
74,8,3,4,2,
74,9,1,3,2,
74,10,3,4,2,
74,11,1,3,2,
75,1,1,1,2,
75,2,1,3,2,
75,3,1,1,2,
75,4,1,3,2,
75,5,1,3,2,
75,6,1,3,2,
75,7,1,3,2,
75,8,3,4,2,
75,9,1,3,2,
75,10,1,3,2,
75,11,1,3,2,
76,1,2,3,2,
76,2,1,3,2,
76,3,1,3,2,
76,4,1,3,2,
76,5,2,3,2,
76,6,1,3,2,
76,7,1,3,2,
76,8,1,3,2,
76,9,1,3,2,
76,10,1,3,2,
76,11,1,3,2,
77,1,1,3,2,
77,2,1,3,2,
77,3,1,3,2,
77,4,1,3,2,
77,5,1,3,2,
77,6,1,3,2,
77,7,3,4,2,
77,8,3,4,2,
77,9,1,3,2,
77,10,3,4,2,
77,11,1,3,2,
78,1,1,3,2,
78,2,1,3,2,
78,3,1,3,2,
78,4,1,3,2,
78,5,1,3,2,
78,6,1,3,2,
78,7,1,3,2,
78,8,3,4,2,
78,9,1,3,2,
78,10,1,3,2,
78,11,2,2,2,
79,1,1,3,2,
79,2,1,3,2,
79,3,1,3,2,
79,4,1,3,2,
79,5,1,3,2,
79,6,1,3,2,
79,7,1,3,2,
79,8,3,4,2,
79,9,3,4,2,
79,10,3,4,2,
79,11,1,3,2,
80,1,1,3,2,
80,2,1,3,2,
80,3,1,3,2,
80,4,1,3,2,
80,5,1,3,2,
80,6,1,3,2,
80,7,1,3,2,
80,8,3,4,2,
80,9,1,3,2,
80,10,3,4,2,
80,11,1,3,2,
81,1,1,3,2,
81,2,1,3,2,
81,3,1,3,2,
81,4,1,3,2,
81,5,1,3,2,
81,6,2,3,1,2
81,7,1,3,2,
81,8,1,3,2,
81,9,1,3,2,
81,10,1,3,2,
81,11,1,3,2,
82,1,1,3,2,
82,2,1,3,2,
82,3,1,3,2,
82,4,1,3,2,
82,5,1,3,2,
82,6,1,3,2,
82,7,1,3,2,
82,8,3,4,2,
82,9,1,3,2,
82,10,1,3,2,
82,11,1,3,2,
83,1,1,3,2,
83,2,1,3,2,
83,3,1,3,2,
83,4,1,3,2,
83,5,1,3,2,
83,6,1,3,2,
83,7,1,3,2,
83,8,2,3,2,
83,9,1,3,2,
83,10,1,3,2,
83,11,1,3,2,
84,1,1,3,2,
84,2,1,3,2,
84,3,1,3,2,
84,4,1,3,2,
84,5,1,3,2,
84,6,1,3,2,
84,7,1,3,2,
84,8,3,3,2,
84,9,1,3,2,
84,10,1,3,2,
84,11,1,3,2,
85,1,1,3,2,
85,2,1,3,2,
85,3,1,3,2,
85,4,1,3,2,
85,5,1,3,2,
85,6,1,3,2,
85,7,1,3,2,
85,8,3,4,2,
85,9,1,3,2,
85,10,1,3,2,
85,11,1,3,2,
86,1,1,3,2,
86,2,1,3,2,
86,3,1,3,2,
86,4,1,3,2,
86,5,1,3,2,
86,6,1,3,2,
86,7,1,3,2,
86,8,3,4,2,
86,9,1,3,2,
86,10,1,3,2,
86,11,1,3,2,
87,1,1,3,2,
87,2,1,3,2,
87,3,1,3,2,
87,4,1,3,2,
87,5,1,3,2,
87,6,1,3,2,
87,7,1,3,2,
87,8,3,4,2,
87,9,1,3,2,
87,10,1,3,2,
87,11,1,3,2,
88,1,1,3,2,
88,2,1,3,2,
88,3,1,3,2,
88,4,1,3,2,
88,5,1,3,2,
88,6,1,3,2,
88,7,1,3,2,
88,8,3,3,2,
88,9,1,3,2,
88,10,1,3,2,
88,11,1,3,2,
89,1,1,3,2,
89,2,1,3,2,
89,3,1,3,2,
89,4,1,3,2,
89,5,1,3,2,
89,6,1,3,2,
89,7,1,3,2,
89,8,3,4,2,
89,9,1,3,2,
89,10,1,3,2,
89,11,1,3,2,
90,1,1,3,2,
90,2,1,3,2,
90,3,1,3,2,
90,4,1,3,2,
90,5,1,3,2,
90,6,1,3,2,
90,7,1,3,2,
90,8,3,4,2,
90,9,1,3,2,
90,10,1,3,2,
90,11,1,3,2,
91,1,1,3,2,
91,2,1,3,2,
91,3,1,3,2,
91,4,1,3,2,
91,5,1,3,2,
91,6,1,3,2,
91,7,1,3,2,
91,8,3,4,2,
91,9,1,3,2,
91,10,1,3,2,
91,11,1,3,2,
92,1,1,3,2,
92,2,1,3,1,1
92,3,1,3,2,
92,4,1,3,2,
92,5,1,3,2,
92,6,1,3,2,
92,7,1,3,2,
92,8,3,4,2,
92,9,2,3,2,
92,10,3,3,2,
92,11,1,3,2,
93,1,1,3,2,
93,2,1,3,2,
93,3,1,3,2,
93,4,1,3,2,
93,5,1,3,2,
93,6,1,3,2,
93,7,3,4,2,
93,8,3,4,2,
93,9,1,3,2,
93,10,3,4,2,
93,11,3,4,2,
94,1,1,1,2,
94,2,1,3,2,
94,3,1,3,2,
94,4,1,3,2,
94,5,1,3,2,
94,6,1,3,2,
94,7,1,3,2,
94,8,3,4,2,
94,9,2,3,2,
94,10,2,3,2,
94,11,1,3,2,
95,1,1,3,2,
95,2,1,3,2,
95,3,1,3,2,
95,4,1,3,2,
95,5,1,3,1,1
95,6,1,3,2,
95,7,1,3,2,
95,8,3,4,2,
95,9,1,3,2,
95,10,1,3,2,
95,11,1,3,2,
96,1,1,3,2,
96,2,1,3,2,
96,3,1,3,2,
96,4,1,3,2,
96,5,1,3,2,
96,6,1,3,2,
96,7,1,3,2,
96,8,3,4,2,
96,9,2,3,2,
96,10,1,3,2,
96,11,2,3,2,
97,1,1,3,2,
97,2,1,3,2,
97,3,2,3,1,1
97,4,1,3,2,
97,5,1,3,2,
97,6,1,3,2,
97,7,1,3,2,
97,8,3,4,2,
97,9,2,3,2,
97,10,1,3,2,
97,11,2,3,2,
98,1,1,3,2,
98,2,1,3,2,
98,3,1,3,2,
98,4,1,3,2,
98,5,1,3,2,
98,6,1,3,2,
98,7,1,3,2,
98,8,3,4,2,
98,9,1,3,2,
98,10,1,3,2,
98,11,1,3,2,
99,1,1,3,2,
99,2,1,3,2,
99,3,2,2,2,
99,4,1,3,2,
99,5,1,3,2,
99,6,1,3,2,
99,7,1,3,2,
99,8,3,4,2,
99,9,1,3,2,
99,10,1,3,2,
99,11,1,3,2,
100,1,1,3,2,
100,2,1,3,2,
100,3,2,3,2,
100,4,1,3,2,
100,5,1,3,2,
100,6,1,3,2,
100,7,1,3,2,
100,8,3,4,2,
100,9,2,3,2,
100,10,3,4,2,
100,11,2,3,2,
101,1,1,3,2,
101,2,1,3,2,
101,3,1,3,2,
101,4,1,3,2,
101,5,1,3,2,
101,6,3,4,2,
101,7,3,4,2,
101,8,3,4,2,
101,9,2,3,2,
101,10,1,3,2,
101,11,2,3,2,
102,1,1,3,2,
102,2,1,3,2,
102,3,2,3,2,
102,4,1,3,2,
102,5,1,3,2,
102,6,1,3,2,
102,7,1,3,2,
102,8,3,4,2,
102,9,2,3,2,
102,10,3,4,2,
102,11,2,3,2,
103,1,1,3,2,
103,2,1,3,2,
103,3,2,3,2,
103,4,1,3,2,
103,5,1,3,2,
103,6,3,4,2,
103,7,3,4,2,
103,8,3,4,2,
103,9,1,3,2,
103,10,1,3,2,
103,11,2,3,2,
104,1,1,3,2,
104,2,1,3,2,
104,3,1,3,2,
104,4,1,3,2,
104,5,1,3,2,
104,6,1,3,2,
104,7,3,4,2,
104,8,3,4,2,
104,9,3,4,2,
104,10,3,4,2,
104,11,2,3,2,
105,1,1,3,2,
105,2,1,3,2,
105,3,2,3,2,
105,4,1,3,2,
105,5,1,3,2,
105,6,3,4,2,
105,7,3,4,2,
105,8,3,4,2,
105,9,2,3,2,
105,10,3,4,2,
105,11,2,3,2,
106,1,1,3,2,
106,2,1,3,2,
106,3,1,3,2,
106,4,1,3,2,
106,5,1,3,2,
106,6,3,4,2,
106,7,1,3,2,
106,8,3,4,2,
106,9,1,3,2,
106,10,1,3,2,
106,11,2,3,2,
107,1,1,3,2,
107,2,1,3,2,
107,3,1,3,2,
107,4,1,3,2,
107,5,1,3,2,
107,6,1,3,2,
107,7,1,3,2,
107,8,1,3,2,
107,9,1,3,2,
107,10,1,3,2,
107,11,1,3,2,
108,1,1,3,2,
108,2,1,3,2,
108,3,2,3,2,
108,4,1,3,2,
108,5,1,3,2,
108,6,1,3,2,
108,7,3,4,2,
108,8,3,4,2,
108,9,1,3,2,
108,10,3,4,2,
108,11,2,3,2,
109,1,1,3,2,
109,2,1,3,2,
109,3,1,3,2,
109,4,1,3,2,
109,5,1,3,2,
109,6,1,1,2,
109,7,1,1,2,
109,8,3,4,2,
109,9,1,1,2,
109,10,1,4,2,
109,11,1,3,2,
110,1,1,1,2,
110,2,1,1,2,
110,3,1,1,2,
110,4,1,1,2,
110,5,1,1,2,
110,6,1,1,2,
110,7,1,4,2,
110,8,3,4,2,
110,9,1,1,2,
110,10,1,1,2,
110,11,1,1,2,
111,1,1,1,2,
111,2,1,3,2,
111,3,1,3,2,
111,4,1,3,2,
111,5,1,3,2,
111,6,1,1,2,
111,7,1,1,2,
111,8,3,4,2,
111,9,1,1,2,
111,10,1,1,2,
111,11,1,1,2,
112,1,1,3,2,
112,2,1,3,2,
112,3,1,3,2,
112,4,1,3,2,
112,5,1,3,2,
112,6,1,1,2,
112,7,1,1,2,
112,8,3,4,2,
112,9,1,1,2,
112,10,1,1,2,
112,11,1,1,2,
113,1,1,1,2,
113,2,1,1,2,
113,3,1,1,2,
113,4,1,1,2,
113,5,1,1,2,
113,6,1,1,2,
113,7,1,1,2,
113,8,3,4,2,
113,9,1,1,2,
113,10,1,1,2,
113,11,1,1,2,
114,1,1,3,2,
114,2,1,3,2,
114,3,1,3,2,
114,4,1,3,2,
114,5,1,3,2,
114,6,1,3,2,
114,7,1,4,2,
114,8,3,4,2,
114,9,2,3,2,
114,10,3,4,2,
114,11,1,1,2,
115,1,1,1,2,
115,2,1,3,2,
115,3,1,3,2,
115,4,1,3,2,
115,5,1,3,2,
115,6,1,1,2,
115,7,1,1,2,
115,8,3,4,2,
115,9,1,1,2,
115,10,1,1,2,
115,11,1,1,2,
116,1,1,3,2,
116,2,1,3,2,
116,3,1,1,2,
116,4,1,3,2,
116,5,1,3,2,
116,6,1,1,2,
116,7,1,1,2,
116,8,3,4,2,
116,9,1,1,2,
116,10,1,1,2,
116,11,1,1,2,
117,1,1,1,2,
117,2,1,1,2,
117,3,1,1,2,
117,4,1,1,2,
117,5,1,1,2,
117,6,1,1,2,
117,7,3,4,2,
117,8,3,4,2,
117,9,1,1,2,
117,10,1,1,2,
117,11,1,1,2,
118,1,1,1,2,
118,2,1,1,2,
118,3,1,1,2,
118,4,1,3,2,
118,5,2,3,2,
118,6,2,3,2,
118,7,2,3,2,
118,8,1,3,2,
118,9,2,2,2,
118,10,2,2,2,
118,11,1,1,2,
119,1,1,3,2,
119,2,1,1,2,
119,3,1,1,2,
119,4,1,1,2,
119,5,1,1,2,
119,6,2,3,2,
119,7,2,3,2,
119,8,1,1,2,
119,9,2,2,2,
119,10,1,3,2,
119,11,1,1,2,
120,1,1,3,2,
120,2,1,3,2,
120,3,1,1,2,
120,4,1,1,2,
120,5,1,3,2,
120,6,2,3,2,
120,7,2,3,2,
120,8,3,4,2,
120,9,1,3,2,
120,10,2,3,2,
120,11,1,1,2,
121,1,2,3,1,1
121,2,1,1,1,1
121,3,1,1,2,
121,4,1,1,2,
121,5,1,3,2,
121,6,2,3,1,2
121,7,1,3,1,2
121,8,2,3,2,
121,9,2,3,2,
121,10,1,1,2,
121,11,1,3,2,
122,1,2,3,2,
122,2,2,3,2,
122,3,2,1,2,
122,4,1,1,2,
122,5,2,3,2,
122,6,2,2,2,
122,7,2,2,2,
122,8,2,3,2,
122,9,2,2,2,
122,10,2,2,2,
122,11,1,1,2,
123,1,2,3,2,
123,2,2,3,2,
123,3,2,1,2,
123,4,1,1,2,
123,5,1,1,2,
123,6,2,3,2,
123,7,1,1,2,
123,8,2,3,2,
123,9,2,1,2,
123,10,2,1,2,
123,11,2,1,2,
124,1,2,3,2,
124,2,2,3,2,
124,3,2,1,2,
124,4,1,1,2,
124,5,2,3,2,
124,6,2,3,2,
124,7,2,1,2,
124,8,2,3,2,
124,9,2,2,2,
124,10,2,2,2,
124,11,1,1,2,
125,1,2,3,2,
125,2,1,3,2,
125,3,2,1,2,
125,4,2,1,2,
125,5,1,1,2,
125,6,2,3,2,
125,7,1,1,2,
125,8,1,3,2,
125,9,2,3,2,
125,10,1,1,2,
125,11,1,1,2,
126,1,2,3,2,
126,2,1,3,2,
126,3,1,3,2,
126,4,1,1,2,
126,5,1,1,2,
126,6,1,1,2,
126,7,2,3,2,
126,8,3,4,2,
126,9,2,3,2,
126,10,1,3,2,
126,11,1,3,2,
127,1,2,3,2,
127,2,3,4,2,
127,3,2,3,2,
127,4,3,4,2,
127,5,1,3,2,
127,6,3,4,2,
127,7,1,3,2,
127,8,2,3,2,
127,9,3,4,2,
127,10,2,2,2,
127,11,1,3,2,
128,1,2,3,2,
128,2,3,4,2,
128,3,2,3,2,
128,4,3,4,2,
128,5,1,3,2,
128,6,3,4,2,
128,7,3,4,2,
128,8,2,3,2,
128,9,1,3,2,
128,10,3,4,2,
128,11,1,3,2,
129,1,2,3,2,
129,2,3,4,2,
129,3,2,3,2,
129,4,1,3,2,
129,5,1,3,2,
129,6,3,4,2,
129,7,3,4,2,
129,8,2,3,2,
129,9,1,3,2,
129,10,3,4,2,
129,11,1,3,2,
130,1,2,3,2,
130,2,3,4,2,
130,3,2,3,2,
130,4,3,4,2,
130,5,1,3,2,
130,6,3,4,2,
130,7,3,4,2,
130,8,2,3,2,
130,9,3,4,2,
130,10,3,4,2,
130,11,1,3,2,
131,1,2,3,2,
131,2,3,4,2,
131,3,2,3,2,
131,4,3,4,2,
131,5,1,3,2,
131,6,3,4,2,
131,7,3,4,2,
131,8,2,3,2,
131,9,3,4,2,
131,10,3,4,2,
131,11,1,3,2,
132,1,2,3,2,
132,2,3,4,2,
132,3,2,3,2,
132,4,1,3,2,
132,5,1,3,2,
132,6,3,4,2,
132,7,3,4,2,
132,8,2,3,2,
132,9,1,3,2,
132,10,3,4,2,
132,11,1,3,2,
133,1,2,3,2,
133,2,3,4,2,
133,3,2,3,2,
133,4,3,4,2,
133,5,1,3,2,
133,6,3,4,2,
133,7,3,4,2,
133,8,2,3,2,
133,9,3,4,2,
133,10,3,4,2,
133,11,1,3,2,
134,1,2,3,2,
134,2,1,3,2,
134,3,2,3,2,
134,4,3,4,2,
134,5,1,3,2,
134,6,3,4,2,
134,7,1,3,2,
134,8,2,3,2,
134,9,1,3,2,
134,10,3,4,2,
134,11,1,3,2,
135,1,2,3,2,
135,2,1,3,2,
135,3,2,3,2,
135,4,3,4,2,
135,5,1,3,2,
135,6,3,4,2,
135,7,3,4,2,
135,8,2,3,2,
135,9,1,3,2,
135,10,1,3,2,
135,11,1,3,2,
136,1,1,3,2,
136,2,3,4,2,
136,3,1,3,2,
136,4,2,3,2,
136,5,1,3,2,
136,6,3,4,2,
136,7,3,4,2,
136,8,1,3,2,
136,9,1,3,2,
136,10,3,4,2,
136,11,1,3,2,
137,1,1,3,2,
137,2,1,3,2,
137,3,1,3,2,
137,4,1,3,2,
137,5,1,3,2,
137,6,3,4,2,
137,7,1,3,2,
137,8,1,3,2,
137,9,3,4,2,
137,10,1,3,2,
137,11,1,3,2,
138,1,1,3,2,
138,2,3,4,2,
138,3,1,3,2,
138,4,2,3,2,
138,5,1,3,2,
138,6,3,4,2,
138,7,1,3,2,
138,8,1,3,2,
138,9,3,4,2,
138,10,3,4,2,
138,11,1,3,2,
139,1,1,3,2,
139,2,1,3,2,
139,3,1,3,2,
139,4,3,4,2,
139,5,1,3,2,
139,6,3,4,2,
139,7,1,3,2,
139,8,2,3,2,
139,9,3,4,2,
139,10,3,4,2,
139,11,1,3,2,
140,1,1,3,2,
140,2,1,3,2,
140,3,1,3,2,
140,4,3,4,2,
140,5,1,3,2,
140,6,3,4,2,
140,7,1,3,2,
140,8,1,3,2,
140,9,1,3,2,
140,10,1,3,2,
140,11,1,3,2,
141,1,1,3,2,
141,2,1,3,2,
141,3,1,3,2,
141,4,1,3,2,
141,5,1,3,2,
141,6,3,4,2,
141,7,3,4,2,
141,8,1,3,2,
141,9,1,3,2,
141,10,1,3,2,
141,11,1,3,2,
142,1,1,3,2,
142,2,1,3,2,
142,3,1,3,2,
142,4,3,4,2,
142,5,1,3,2,
142,6,3,4,2,
142,7,1,3,2,
142,8,2,3,2,
142,9,1,3,2,
142,10,3,4,2,
142,11,1,3,2,
143,1,1,3,2,
143,2,3,4,2,
143,3,1,3,2,
143,4,3,4,2,
143,5,1,3,2,
143,6,3,4,2,
143,7,3,4,2,
143,8,3,4,2,
143,9,3,4,2,
143,10,3,4,2,
143,11,1,3,2,
144,1,1,3,2,
144,2,1,3,2,
144,3,1,3,2,
144,4,1,3,2,
144,5,1,3,2,
144,6,3,4,2,
144,7,1,3,2,
144,8,1,3,2,
144,9,1,3,2,
144,10,1,3,2,
144,11,1,3,2,
145,1,1,3,2,
145,2,3,4,2,
145,3,1,3,2,
145,4,3,4,2,
145,5,1,3,2,
145,6,1,3,2,
145,7,3,4,2,
145,8,2,3,2,
145,9,3,4,2,
145,10,1,3,2,
145,11,2,3,2,
146,1,1,1,2,
146,2,3,4,2,
146,3,1,3,2,
146,4,3,4,2,
146,5,1,3,2,
146,6,1,3,2,
146,7,1,3,2,
146,8,2,3,2,
146,9,1,3,2,
146,10,1,3,2,
146,11,2,3,2,
147,1,1,3,2,
147,2,3,4,2,
147,3,1,3,2,
147,4,3,4,2,
147,5,1,3,2,
147,6,1,3,2,
147,7,1,3,2,
147,8,2,3,2,
147,9,1,3,2,
147,10,3,4,2,
147,11,1,3,2,
148,1,1,1,2,
148,2,3,4,2,
148,3,2,3,2,
148,4,3,4,2,
148,5,1,3,2,
148,6,1,3,2,
148,7,1,3,2,
148,8,2,3,2,
148,9,1,3,2,
148,10,3,3,2,
148,11,2,3,2,
149,1,1,1,2,
149,2,3,4,2,
149,3,1,3,2,
149,4,3,4,2,
149,5,1,3,2,
149,6,1,3,2,
149,7,1,3,2,
149,8,2,3,2,
149,9,1,3,2,
149,10,1,3,2,
149,11,2,3,2,
150,1,1,3,2,
150,2,3,4,2,
150,3,2,3,2,
150,4,3,4,2,
150,5,1,3,2,
150,6,1,3,2,
150,7,1,3,2,
150,8,2,3,2,
150,9,1,3,2,
150,10,1,3,2,
150,11,2,3,2,
151,1,1,3,2,
151,2,1,3,2,
151,3,1,3,2,
151,4,3,4,2,
151,5,1,3,2,
151,6,1,3,2,
151,7,1,3,2,
151,8,2,3,2,
151,9,1,3,2,
151,10,2,3,2,
151,11,2,3,2,
152,1,1,3,2,
152,2,3,4,2,
152,3,1,3,2,
152,4,3,4,2,
152,5,1,3,2,
152,6,1,3,2,
152,7,1,3,2,
152,8,2,3,2,
152,9,1,3,2,
152,10,3,4,2,
152,11,2,3,2,
153,1,1,3,2,
153,2,3,4,2,
153,3,1,3,2,
153,4,3,4,2,
153,5,1,3,2,
153,6,1,3,2,
153,7,1,3,2,
153,8,2,3,2,
153,9,1,3,2,
153,10,2,3,2,
153,11,2,3,2,
154,1,1,1,2,
154,2,2,3,2,
154,3,1,1,2,
154,4,3,4,2,
154,5,1,1,2,
154,6,1,1,2,
154,7,1,1,2,
154,8,3,4,2,
154,9,2,3,2,
154,10,1,1,2,
154,11,1,1,2,
155,1,1,1,2,
155,2,2,3,2,
155,3,1,1,2,
155,4,3,4,2,
155,5,1,1,2,
155,6,3,4,2,
155,7,1,1,2,
155,8,2,3,2,
155,9,3,4,2,
155,10,3,4,2,
155,11,1,1,2,
156,1,2,3,2,
156,2,2,3,2,
156,3,2,3,1,2
156,4,3,4,2,
156,5,1,1,2,
156,6,3,4,2,
156,7,1,1,2,
156,8,2,3,2,
156,9,2,3,2,
156,10,1,1,2,
156,11,1,1,2,
157,1,1,1,2,
157,2,2,3,2,
157,3,2,3,2,
157,4,3,4,2,
157,5,1,1,2,
157,6,3,4,2,
157,7,3,4,2,
157,8,2,3,2,
157,9,2,3,2,
157,10,1,1,2,
157,11,1,1,2,
158,1,1,1,2,
158,2,2,3,2,
158,3,2,3,1,2
158,4,1,1,2,
158,5,1,1,2,
158,6,1,1,2,
158,7,3,4,2,
158,8,3,4,2,
158,9,2,3,2,
158,10,3,4,2,
158,11,1,1,2,
159,1,1,1,2,
159,2,3,4,2,
159,3,2,3,2,
159,4,1,1,2,
159,5,1,1,2,
159,6,3,4,2,
159,7,1,1,2,
159,8,2,3,2,
159,9,1,1,2,
159,10,1,1,2,
159,11,1,1,2,
160,1,1,1,2,
160,2,3,4,2,
160,3,1,1,2,
160,4,3,4,2,
160,5,1,1,2,
160,6,3,4,2,
160,7,1,1,2,
160,8,3,4,2,
160,9,2,3,2,
160,10,3,4,2,
160,11,1,1,2,
161,1,1,1,2,
161,2,1,1,2,
161,3,1,1,2,
161,4,3,4,2,
161,5,1,1,2,
161,6,1,1,2,
161,7,1,1,2,
161,8,3,4,2,
161,9,1,1,2,
161,10,3,4,2,
161,11,1,1,2,
162,1,1,1,2,
162,2,2,3,2,
162,3,2,3,1,2
162,4,3,4,2,
162,5,1,1,2,
162,6,1,1,2,
162,7,1,1,2,
162,8,3,4,2,
162,9,1,1,2,
162,10,1,1,2,
162,11,1,1,2,
163,1,1,1,2,
163,2,1,3,1,1
163,3,2,3,2,
163,4,1,3,1,1
163,5,1,3,2,
163,6,3,4,2,
163,7,2,3,2,
163,8,3,4,2,
163,9,2,3,2,
163,10,3,4,2,
163,11,2,2,2,
164,1,1,1,2,
164,2,2,3,2,
164,3,2,3,1,2
164,4,1,3,1,1
164,5,1,3,2,
164,6,3,4,2,
164,7,2,3,2,
164,8,3,4,2,
164,9,2,3,2,
164,10,2,3,2,
164,11,2,2,1,2
165,1,1,1,2,
165,2,1,3,1,1
165,3,2,3,2,
165,4,1,3,2,
165,5,1,3,2,
165,6,3,4,2,
165,7,3,4,2,
165,8,3,4,2,
165,9,1,3,2,
165,10,3,4,2,
165,11,1,3,2,
166,1,1,1,2,
166,2,1,3,2,
166,3,2,3,1,2
166,4,1,3,1,1
166,5,1,3,1,1
166,6,3,4,2,
166,7,2,3,2,
166,8,3,4,2,
166,9,2,3,2,
166,10,2,3,2,
166,11,2,2,2,
167,1,1,1,2,
167,2,1,3,1,1
167,3,2,3,2,
167,4,1,3,1,1
167,5,1,3,1,1
167,6,1,3,2,
167,7,1,1,1,1
167,8,3,4,2,
167,9,2,3,2,
167,10,3,4,2,
167,11,2,2,2,
168,1,1,1,2,
168,2,1,3,2,
168,3,1,3,1,2
168,4,1,3,1,1
168,5,1,3,2,
168,6,3,4,2,
168,7,1,3,2,
168,8,3,4,2,
168,9,2,3,2,
168,10,3,4,2,
168,11,2,2,2,
169,1,1,1,2,
169,2,1,3,2,
169,3,1,3,1,2
169,4,1,3,2,
169,5,1,3,2,
169,6,3,4,2,
169,7,2,3,2,
169,8,3,4,2,
169,9,2,3,2,
169,10,3,4,2,
169,11,2,2,2,
170,1,1,1,2,
170,2,1,3,2,
170,3,2,3,1,2
170,4,1,3,1,1
170,5,1,3,1,1
170,6,3,4,2,
170,7,1,1,2,
170,8,3,4,2,
170,9,2,3,2,
170,10,2,3,2,
170,11,2,2,2,
171,1,1,3,2,
171,2,1,3,2,
171,3,2,3,2,
171,4,1,3,2,
171,5,1,3,2,
171,6,3,4,2,
171,7,2,2,2,
171,8,3,4,2,
171,9,2,3,2,
171,10,3,4,2,
171,11,2,3,2,
172,1,1,3,2,
172,2,3,4,2,
172,3,1,3,2,
172,4,3,4,2,
172,5,1,3,2,
172,6,1,3,2,
172,7,1,3,2,
172,8,1,3,2,
172,9,1,3,2,
172,10,1,3,2,
172,11,1,3,2,
173,1,1,3,2,
173,2,3,4,2,
173,3,1,3,2,
173,4,3,4,2,
173,5,1,3,2,
173,6,1,3,2,
173,7,1,3,2,
173,8,1,3,2,
173,9,1,3,2,
173,10,3,4,2,
173,11,1,3,2,
174,1,1,3,2,
174,2,3,4,2,
174,3,1,3,2,
174,4,3,4,2,
174,5,1,3,2,
174,6,1,3,2,
174,7,1,3,2,
174,8,3,4,2,
174,9,1,3,2,
174,10,3,4,2,
174,11,1,3,2,
175,1,1,3,2,
175,2,3,4,2,
175,3,1,3,2,
175,4,3,4,2,
175,5,1,3,2,
175,6,1,3,2,
175,7,1,3,2,
175,8,3,4,2,
175,9,1,3,2,
175,10,3,4,2,
175,11,1,3,2,
176,1,1,3,2,
176,2,3,4,2,
176,3,1,3,2,
176,4,3,4,2,
176,5,1,3,2,
176,6,1,3,2,
176,7,1,3,2,
176,8,1,3,2,
176,9,1,3,2,
176,10,1,3,2,
176,11,1,3,2,
177,1,1,3,2,
177,2,3,4,2,
177,3,1,3,2,
177,4,3,4,2,
177,5,1,3,2,
177,6,1,3,2,
177,7,1,3,2,
177,8,1,3,2,
177,9,1,3,2,
177,10,1,3,2,
177,11,1,3,2,
178,1,1,3,2,
178,2,3,4,2,
178,3,1,3,2,
178,4,3,4,2,
178,5,1,3,2,
178,6,1,3,2,
178,7,1,3,2,
178,8,3,4,2,
178,9,1,3,2,
178,10,1,3,2,
178,11,1,3,2,
179,1,1,3,2,
179,2,3,4,2,
179,3,1,3,2,
179,4,3,4,2,
179,5,1,3,2,
179,6,3,4,2,
179,7,3,4,2,
179,8,3,4,2,
179,9,1,3,2,
179,10,3,4,2,
179,11,1,3,2,
180,1,1,3,2,
180,2,3,4,2,
180,3,1,3,2,
180,4,3,4,2,
180,5,1,3,2,
180,6,1,3,2,
180,7,1,3,2,
180,8,1,3,2,
180,9,1,3,2,
180,10,1,3,2,
180,11,1,3,2,
181,1,1,1,2,
181,2,2,3,2,
181,3,1,1,2,
181,4,2,3,2,
181,5,1,1,2,
181,6,1,1,2,
181,7,1,1,2,
181,8,1,1,2,
181,9,1,1,2,
181,10,1,1,2,
181,11,1,1,2,
182,1,1,1,2,
182,2,2,3,2,
182,3,2,3,2,
182,4,1,1,2,
182,5,1,1,2,
182,6,1,1,2,
182,7,1,1,2,
182,8,2,3,2,
182,9,1,1,2,
182,10,1,1,2,
182,11,1,1,2,
183,1,1,1,2,
183,2,2,3,2,
183,3,1,1,2,
183,4,2,3,2,
183,5,1,1,2,
183,6,1,1,2,
183,7,1,1,2,
183,8,2,3,1,2
183,9,1,1,2,
183,10,1,1,2,
183,11,1,1,2,
184,1,1,1,2,
184,2,2,3,2,
184,3,1,1,2,
184,4,2,3,2,
184,5,1,1,2,
184,6,1,1,2,
184,7,1,1,2,
184,8,2,3,2,
184,9,1,1,2,
184,10,1,1,2,
184,11,1,1,2,
185,1,1,1,2,
185,2,2,3,2,
185,3,1,1,2,
185,4,2,3,2,
185,5,1,1,2,
185,6,1,1,2,
185,7,1,1,2,
185,8,2,3,2,
185,9,1,1,2,
185,10,1,1,2,
185,11,1,1,2,
186,1,1,1,2,
186,2,2,3,2,
186,3,1,1,2,
186,4,2,3,2,
186,5,1,1,2,
186,6,1,1,2,
186,7,1,1,2,
186,8,2,3,1,2
186,9,3,4,2,
186,10,3,4,2,
186,11,1,1,2,
187,1,1,1,2,
187,2,2,3,2,
187,3,2,3,2,
187,4,2,3,2,
187,5,1,1,2,
187,6,1,1,2,
187,7,1,1,2,
187,8,2,4,1,2
187,9,1,1,2,
187,10,1,1,2,
187,11,1,1,2,
188,1,1,1,2,
188,2,2,3,2,
188,3,1,1,2,
188,4,2,3,2,
188,5,1,1,2,
188,6,1,1,2,
188,7,1,1,2,
188,8,1,1,2,
188,9,1,1,2,
188,10,1,1,2,
188,11,1,1,2,
189,1,1,1,2,
189,2,2,3,2,
189,3,1,1,2,
189,4,2,3,2,
189,5,1,1,2,
189,6,1,1,2,
189,7,1,1,2,
189,8,1,1,2,
189,9,1,1,2,
189,10,1,1,2,
189,11,1,1,2,
190,1,2,3,2,
190,2,1,3,2,
190,3,1,3,2,
190,4,3,4,2,
190,5,1,3,2,
190,6,1,3,2,
190,7,1,3,2,
190,8,2,2,2,
190,9,1,3,2,
190,10,1,3,2,
190,11,1,3,2,
191,1,2,3,2,
191,2,1,3,2,
191,3,1,3,2,
191,4,3,4,2,
191,5,1,3,2,
191,6,1,3,2,
191,7,1,3,2,
191,8,2,2,2,
191,9,1,3,2,
191,10,1,3,2,
191,11,1,3,2,
192,1,2,3,2,
192,2,3,4,2,
192,3,1,3,2,
192,4,3,4,2,
192,5,1,3,2,
192,6,1,3,2,
192,7,1,3,2,
192,8,2,2,2,
192,9,1,3,2,
192,10,1,3,2,
192,11,1,3,2,
193,1,2,3,2,
193,2,3,4,2,
193,3,1,3,2,
193,4,3,4,2,
193,5,1,3,2,
193,6,1,3,2,
193,7,1,3,2,
193,8,2,2,2,
193,9,1,3,2,
193,10,1,3,2,
193,11,1,3,2,
194,1,2,3,2,
194,2,3,4,2,
194,3,1,3,2,
194,4,3,4,2,
194,5,1,3,2,
194,6,1,3,2,
194,7,1,3,2,
194,8,2,2,2,
194,9,1,3,2,
194,10,1,3,2,
194,11,1,3,2,
195,1,2,3,2,
195,2,3,4,2,
195,3,1,3,2,
195,4,3,4,2,
195,5,1,3,2,
195,6,1,3,2,
195,7,1,3,2,
195,8,2,2,2,
195,9,1,3,2,
195,10,1,3,2,
195,11,1,3,2,
196,1,2,3,2,
196,2,3,4,2,
196,3,1,3,2,
196,4,3,4,2,
196,5,1,3,2,
196,6,1,3,2,
196,7,1,3,2,
196,8,2,2,2,
196,9,1,3,2,
196,10,1,3,2,
196,11,1,3,2,
197,1,2,3,2,
197,2,3,4,2,
197,3,1,3,2,
197,4,3,4,2,
197,5,1,3,2,
197,6,1,3,2,
197,7,1,3,2,
197,8,2,2,2,
197,9,1,3,2,
197,10,1,3,2,
197,11,1,3,2,
198,1,2,3,2,
198,2,3,4,2,
198,3,1,3,2,
198,4,3,4,2,
198,5,1,3,2,
198,6,1,3,2,
198,7,1,3,2,
198,8,2,2,2,
198,9,1,3,2,
198,10,1,3,2,
198,11,1,3,2,
199,1,1,3,2,
199,2,1,3,2,
199,3,1,3,2,
199,4,3,4,2,
199,5,1,3,2,
199,6,3,4,2,
199,7,1,3,2,
199,8,3,4,2,
199,9,3,4,2,
199,10,1,3,2,
199,11,1,3,2,
200,1,1,3,2,
200,2,1,3,2,
200,3,1,3,2,
200,4,1,3,2,
200,5,1,3,2,
200,6,1,3,2,
200,7,3,4,2,
200,8,3,4,2,
200,9,3,4,2,
200,10,3,4,2,
200,11,3,4,2,
201,1,1,3,2,
201,2,1,3,2,
201,3,1,3,2,
201,4,1,3,2,
201,5,1,3,2,
201,6,1,3,2,
201,7,3,4,2,
201,8,3,4,2,
201,9,3,4,2,
201,10,3,4,2,
201,11,3,4,2,
202,1,1,3,2,
202,2,1,3,2,
202,3,1,3,2,
202,4,3,4,2,
202,5,1,3,2,
202,6,3,4,2,
202,7,3,4,2,
202,8,3,4,2,
202,9,3,4,2,
202,10,3,4,2,
202,11,1,3,2,
203,1,1,3,2,
203,2,1,3,2,
203,3,1,3,2,
203,4,1,3,2,
203,5,1,3,2,
203,6,1,3,2,
203,7,3,4,2,
203,8,3,4,2,
203,9,3,4,2,
203,10,3,4,2,
203,11,3,4,2,
204,1,1,3,2,
204,2,1,3,2,
204,3,1,3,2,
204,4,1,3,2,
204,5,1,3,2,
204,6,3,4,2,
204,7,1,3,2,
204,8,3,4,2,
204,9,3,4,2,
204,10,3,4,2,
204,11,1,3,2,
205,1,1,3,2,
205,2,1,3,2,
205,3,1,3,2,
205,4,3,4,2,
205,5,1,3,2,
205,6,3,4,2,
205,7,1,3,2,
205,8,3,4,2,
205,9,3,4,2,
205,10,3,4,2,
205,11,3,4,2,
206,1,1,3,2,
206,2,1,3,2,
206,3,2,3,2,
206,4,3,4,2,
206,5,1,3,2,
206,6,1,3,2,
206,7,3,4,2,
206,8,3,4,2,
206,9,3,4,2,
206,10,1,3,2,
206,11,1,3,2,
207,1,1,3,2,
207,2,1,3,2,
207,3,1,3,2,
207,4,1,3,2,
207,5,1,3,2,
207,6,3,4,2,
207,7,1,3,2,
207,8,3,4,2,
207,9,3,4,2,
207,10,3,4,2,
207,11,1,3,2,
208,1,1,4,2,
208,2,1,4,2,
208,3,1,4,2,
208,4,1,4,2,
208,5,1,4,2,
208,6,1,4,2,
208,7,1,4,2,
208,8,1,4,2,
208,9,1,4,2,
208,10,1,4,2,
208,11,1,4,2,
209,1,1,3,2,
209,2,1,3,2,
209,3,1,3,2,
209,4,1,3,2,
209,5,1,3,2,
209,6,1,3,2,
209,7,1,3,2,
209,8,1,3,2,
209,9,1,3,2,
209,10,1,3,2,
209,11,1,3,2,
210,1,1,4,2,
210,2,1,4,2,
210,3,1,4,2,
210,4,1,4,2,
210,5,1,4,2,
210,6,1,4,2,
210,7,1,4,2,
210,8,1,4,2,
210,9,1,4,2,
210,10,1,4,2,
210,11,1,4,2,
211,1,1,3,2,
211,2,1,3,2,
211,3,1,3,2,
211,4,1,3,2,
211,5,1,3,2,
211,6,1,3,2,
211,7,1,3,2,
211,8,1,3,2,
211,9,1,3,2,
211,10,1,3,2,
211,11,1,3,2,
212,1,1,2,2,
212,2,1,3,2,
212,3,1,3,2,
212,4,1,3,2,
212,5,1,3,2,
212,6,1,3,2,
212,7,1,3,2,
212,8,1,3,2,
212,9,1,3,2,
212,10,1,3,2,
212,11,1,3,2,
213,1,1,4,2,
213,2,1,4,2,
213,3,1,4,2,
213,4,1,4,2,
213,5,1,4,2,
213,6,1,4,2,
213,7,1,4,2,
213,8,1,4,2,
213,9,1,4,2,
213,10,1,4,2,
213,11,1,4,2,
214,1,1,3,2,
214,2,1,3,2,
214,3,1,3,2,
214,4,1,3,2,
214,5,1,3,2,
214,6,1,3,2,
214,7,1,3,2,
214,8,1,3,2,
214,9,1,3,2,
214,10,1,3,2,
214,11,1,3,2,
215,1,1,3,2,
215,2,1,3,2,
215,3,1,3,2,
215,4,1,3,2,
215,5,1,3,2,
215,6,1,3,2,
215,7,1,3,2,
215,8,1,3,2,
215,9,1,3,2,
215,10,1,3,2,
215,11,1,3,2,
216,1,1,3,2,
216,2,1,3,2,
216,3,1,3,2,
216,4,1,3,2,
216,5,1,3,2,
216,6,1,3,2,
216,7,1,3,2,
216,8,1,3,2,
216,9,1,3,2,
216,10,1,3,2,
216,11,1,3,2,
217,1,2,3,1,2
217,2,2,3,2,
217,3,1,1,2,
217,4,1,1,1,1
217,5,1,1,1,1
217,6,1,3,2,
217,7,1,1,2,
217,8,1,3,2,
217,9,1,1,2,
217,10,1,3,2,
217,11,1,3,2,
218,1,2,1,1,1
218,2,2,3,2,
218,3,1,1,2,
218,4,1,1,1,1
218,5,1,3,1,1
218,6,1,3,2,
218,7,1,1,2,
218,8,1,3,2,
218,9,1,3,2,
218,10,1,3,2,
218,11,1,1,2,
219,1,2,3,1,1
219,2,2,3,2,
219,3,1,1,2,
219,4,2,4,2,
219,5,1,3,2,
219,6,1,3,2,
219,7,1,1,2,
219,8,1,3,2,
219,9,1,1,2,
219,10,1,3,2,
219,11,1,4,2,
220,1,2,3,2,
220,2,2,3,2,
220,3,1,1,2,
220,4,2,3,2,
220,5,1,3,1,1
220,6,1,3,2,
220,7,1,3,2,
220,8,1,3,1,1
220,9,1,3,2,
220,10,1,3,2,
220,11,1,1,2,
221,1,2,3,1,2
221,2,2,3,2,
221,3,1,1,2,
221,4,2,3,2,
221,5,1,3,1,1
221,6,1,3,2,
221,7,1,1,2,
221,8,1,3,2,
221,9,1,3,2,
221,10,1,3,2,
221,11,1,1,2,
222,1,1,3,1,1
222,2,2,3,2,
222,3,1,1,1,1
222,4,1,1,1,1
222,5,1,3,1,1
222,6,1,3,2,
222,7,1,1,2,
222,8,1,3,1,1
222,9,1,3,2,
222,10,1,3,2,
222,11,1,1,2,
223,1,1,1,2,
223,2,2,3,2,
223,3,1,1,1,1
223,4,1,1,1,1
223,5,1,3,2,
223,6,1,3,2,
223,7,1,1,2,
223,8,1,3,2,
223,9,1,3,2,
223,10,1,3,2,
223,11,1,3,2,
224,1,2,2,1,2
224,2,2,3,2,
224,3,1,1,2,
224,4,2,4,2,
224,5,1,3,1,1
224,6,1,3,2,
224,7,1,1,2,
224,8,1,3,2,
224,9,1,1,2,
224,10,1,3,2,
224,11,1,1,2,
225,1,2,3,1,2
225,2,2,3,2,
225,3,1,1,2,
225,4,1,1,1,1
225,5,1,3,1,1
225,6,1,3,2,
225,7,1,1,2,
225,8,1,3,1,1
225,9,1,3,2,
225,10,1,3,2,
225,11,1,1,2,
226,1,1,3,2,
226,2,1,3,2,
226,3,1,3,2,
226,4,2,3,2,
226,5,1,3,2,
226,6,1,3,2,
226,7,1,3,2,
226,8,3,4,2,
226,9,2,3,2,
226,10,1,3,2,
226,11,2,3,2,
227,1,1,3,2,
227,2,1,3,2,
227,3,1,3,2,
227,4,1,3,2,
227,5,1,3,2,
227,6,1,3,2,
227,7,1,3,2,
227,8,3,4,2,
227,9,2,3,2,
227,10,1,3,2,
227,11,2,3,2,
228,1,1,3,2,
228,2,1,3,2,
228,3,1,3,2,
228,4,2,3,2,
228,5,1,3,2,
228,6,1,3,2,
228,7,1,3,2,
228,8,3,4,2,
228,9,2,3,2,
228,10,3,3,2,
228,11,2,3,2,
229,1,1,3,2,
229,2,1,3,2,
229,3,1,3,2,
229,4,1,3,2,
229,5,1,3,2,
229,6,1,3,2,
229,7,1,3,2,
229,8,3,3,2,
229,9,2,3,2,
229,10,1,3,2,
229,11,2,3,2,
230,1,1,3,2,
230,2,1,3,2,
230,3,1,3,2,
230,4,1,3,2,
230,5,1,3,2,
230,6,1,3,2,
230,7,1,3,2,
230,8,2,3,2,
230,9,2,3,2,
230,10,1,3,2,
230,11,2,3,2,
231,1,1,3,2,
231,2,1,3,2,
231,3,1,3,2,
231,4,1,3,2,
231,5,1,3,2,
231,6,1,3,2,
231,7,1,3,2,
231,8,3,4,2,
231,9,2,3,2,
231,10,1,3,2,
231,11,2,3,2,
232,1,1,3,2,
232,2,1,3,2,
232,3,1,3,2,
232,4,1,3,2,
232,5,1,3,2,
232,6,1,3,2,
232,7,1,3,2,
232,8,3,4,2,
232,9,2,3,2,
232,10,2,3,2,
232,11,2,3,2,
233,1,1,3,2,
233,2,1,3,2,
233,3,1,3,2,
233,4,1,3,2,
233,5,1,3,2,
233,6,1,3,2,
233,7,1,3,2,
233,8,3,4,2,
233,9,2,3,2,
233,10,1,3,2,
233,11,2,3,2,
234,1,1,3,2,
234,2,1,3,2,
234,3,1,3,2,
234,4,1,3,2,
234,5,1,3,2,
234,6,1,3,2,
234,7,1,3,2,
234,8,3,4,2,
234,9,2,3,2,
234,10,1,3,2,
234,11,2,3,2,
235,1,2,3,2,
235,2,2,3,2,
235,3,1,3,2,
235,4,1,3,2,
235,5,1,3,2,
235,6,1,3,2,
235,7,1,3,2,
235,8,1,3,2,
235,9,1,3,2,
235,10,1,3,2,
235,11,1,3,2,
236,1,2,3,2,
236,2,2,3,2,
236,3,1,3,2,
236,4,1,3,2,
236,5,1,3,2,
236,6,1,3,2,
236,7,1,3,2,
236,8,1,3,2,
236,9,1,3,2,
236,10,1,3,2,
236,11,1,3,2,
237,1,2,3,2,
237,2,2,3,2,
237,3,1,3,2,
237,4,2,3,2,
237,5,1,3,2,
237,6,1,3,2,
237,7,1,3,2,
237,8,3,4,2,
237,9,1,3,2,
237,10,1,3,2,
237,11,1,3,2,
238,1,2,3,2,
238,2,2,3,2,
238,3,1,3,2,
238,4,2,3,2,
238,5,1,3,2,
238,6,1,3,2,
238,7,1,3,2,
238,8,1,3,2,
238,9,1,3,2,
238,10,1,3,2,
238,11,1,3,2,
239,1,2,3,2,
239,2,2,3,2,
239,3,1,3,2,
239,4,1,3,2,
239,5,1,3,2,
239,6,1,3,2,
239,7,1,3,2,
239,8,1,3,2,
239,9,1,3,2,
239,10,1,3,2,
239,11,1,3,2,
240,1,2,3,2,
240,2,2,3,2,
240,3,1,3,2,
240,4,1,3,2,
240,5,1,3,2,
240,6,1,3,2,
240,7,1,3,2,
240,8,1,3,2,
240,9,1,3,2,
240,10,1,3,2,
240,11,1,3,2,
241,1,2,3,2,
241,2,2,3,2,
241,3,1,3,2,
241,4,2,3,2,
241,5,1,3,2,
241,6,1,3,2,
241,7,1,3,2,
241,8,2,3,2,
241,9,1,3,2,
241,10,1,3,2,
241,11,1,3,2,
242,1,2,3,2,
242,2,2,3,2,
242,3,1,3,2,
242,4,1,3,2,
242,5,1,3,2,
242,6,1,3,2,
242,7,1,3,2,
242,8,1,3,2,
242,9,1,3,2,
242,10,1,3,2,
242,11,1,3,2,
243,1,2,3,2,
243,2,2,3,2,
243,3,1,3,2,
243,4,3,4,2,
243,5,1,3,2,
243,6,1,3,2,
243,7,1,3,2,
243,8,1,3,2,
243,9,1,3,2,
243,10,1,3,2,
243,11,1,3,2,
244,1,1,1,2,
244,2,1,3,2,
244,3,1,1,2,
244,4,1,1,2,
244,5,1,1,2,
244,6,1,1,2,
244,7,1,1,2,
244,8,3,4,2,
244,9,2,2,2,
244,10,3,4,2,
244,11,1,3,2,
245,1,1,1,2,
245,2,1,3,2,
245,3,1,1,2,
245,4,1,1,2,
245,5,1,1,2,
245,6,3,4,2,
245,7,1,1,2,
245,8,3,4,2,
245,9,2,2,2,
245,10,3,4,2,
245,11,1,3,2,
246,1,1,1,2,
246,2,1,3,2,
246,3,1,1,2,
246,4,1,1,2,
246,5,1,1,2,
246,6,3,4,2,
246,7,1,1,2,
246,8,3,4,2,
246,9,2,2,2,
246,10,3,4,2,
246,11,1,3,2,
247,1,1,1,2,
247,2,1,3,2,
247,3,1,1,2,
247,4,3,4,2,
247,5,1,1,2,
247,6,1,1,2,
247,7,1,1,2,
247,8,3,4,2,
247,9,2,2,2,
247,10,2,2,2,
247,11,1,3,2,
248,1,1,1,2,
248,2,1,3,2,
248,3,1,1,2,
248,4,1,1,2,
248,5,1,1,2,
248,6,1,1,2,
248,7,3,4,2,
248,8,3,4,2,
248,9,2,2,2,
248,10,3,4,2,
248,11,1,3,2,
249,1,1,1,2,
249,2,1,3,2,
249,3,1,1,2,
249,4,3,4,2,
249,5,1,3,2,
249,6,1,1,2,
249,7,1,1,2,
249,8,3,4,2,
249,9,2,2,2,
249,10,3,4,2,
249,11,1,3,2,
250,1,1,1,2,
250,2,1,3,2,
250,3,1,1,2,
250,4,1,1,2,
250,5,1,1,2,
250,6,3,4,2,
250,7,1,1,2,
250,8,3,4,2,
250,9,2,2,2,
250,10,3,4,2,
250,11,1,3,2,
251,1,1,1,2,
251,2,1,3,2,
251,3,1,1,2,
251,4,3,4,2,
251,5,1,1,2,
251,6,3,4,2,
251,7,1,1,2,
251,8,3,4,2,
251,9,2,2,2,
251,10,3,4,2,
251,11,1,3,2,
252,1,1,1,2,
252,2,1,3,2,
252,3,1,1,2,
252,4,1,1,2,
252,5,1,3,2,
252,6,1,1,2,
252,7,1,1,2,
252,8,3,4,2,
252,9,2,2,2,
252,10,3,4,2,
252,11,1,3,2,
253,1,1,3,2,
253,2,1,3,2,
253,3,1,3,2,
253,4,1,3,2,
253,5,1,3,2,
253,6,1,3,2,
253,7,1,3,2,
253,8,3,4,2,
253,9,1,3,2,
253,10,1,3,2,
253,11,1,3,2,
254,1,1,3,2,
254,2,1,3,2,
254,3,1,3,2,
254,4,1,3,2,
254,5,1,3,2,
254,6,1,3,2,
254,7,1,3,2,
254,8,3,4,2,
254,9,1,3,2,
254,10,3,4,2,
254,11,1,3,2,
255,1,1,3,2,
255,2,1,3,2,
255,3,1,3,2,
255,4,1,3,2,
255,5,1,3,2,
255,6,1,3,2,
255,7,3,4,2,
255,8,3,4,2,
255,9,1,3,2,
255,10,3,4,2,
255,11,3,4,2,
256,1,1,3,2,
256,2,1,3,2,
256,3,1,3,2,
256,4,1,3,2,
256,5,1,3,2,
256,6,1,3,2,
256,7,1,3,2,
256,8,3,4,2,
256,9,1,3,2,
256,10,3,4,2,
256,11,1,3,2,
257,1,1,3,2,
257,2,1,3,2,
257,3,1,3,2,
257,4,1,3,2,
257,5,1,3,2,
257,6,1,3,2,
257,7,3,4,2,
257,8,3,4,2,
257,9,1,3,2,
257,10,3,4,2,
257,11,1,3,2,
258,1,1,3,2,
258,2,1,3,2,
258,3,1,3,2,
258,4,1,3,2,
258,5,1,3,2,
258,6,1,3,2,
258,7,1,3,2,
258,8,3,4,2,
258,9,1,3,2,
258,10,3,4,2,
258,11,1,3,2,
259,1,1,3,2,
259,2,1,3,2,
259,3,1,3,2,
259,4,1,3,2,
259,5,1,3,2,
259,6,1,3,2,
259,7,1,3,2,
259,8,3,4,2,
259,9,1,3,2,
259,10,1,3,2,
259,11,1,3,2,
260,1,1,3,2,
260,2,1,3,2,
260,3,1,3,2,
260,4,1,3,2,
260,5,1,3,2,
260,6,1,3,2,
260,7,1,3,2,
260,8,3,4,2,
260,9,3,4,2,
260,10,3,4,2,
260,11,1,3,2,
261,1,1,3,2,
261,2,1,3,2,
261,3,1,3,2,
261,4,1,3,2,
261,5,1,3,2,
261,6,1,3,2,
261,7,1,3,2,
261,8,3,4,2,
261,9,1,3,2,
261,10,1,3,2,
261,11,1,3,2,
262,1,1,3,2,
262,2,3,4,2,
262,3,3,4,2,
262,4,3,4,2,
262,5,1,3,2,
262,6,1,3,2,
262,7,3,4,2,
262,8,3,4,2,
262,9,1,3,2,
262,10,1,3,2,
262,11,1,3,2,
263,1,1,3,2,
263,2,3,4,2,
263,3,3,4,2,
263,4,3,4,2,
263,5,1,3,2,
263,6,1,3,2,
263,7,3,4,2,
263,8,3,4,2,
263,9,1,3,2,
263,10,3,4,2,
263,11,1,3,2,
264,1,1,3,1,1
264,2,3,4,2,
264,3,3,4,2,
264,4,3,4,2,
264,5,1,3,2,
264,6,1,3,2,
264,7,1,1,2,
264,8,1,3,2,
264,9,1,3,2,
264,10,3,4,2,
264,11,1,3,2,
265,1,1,3,2,
265,2,3,4,2,
265,3,3,4,2,
265,4,1,3,2,
265,5,1,3,2,
265,6,1,3,2,
265,7,3,4,2,
265,8,3,4,2,
265,9,1,3,2,
265,10,3,4,2,
265,11,1,3,2,
266,1,1,3,2,
266,2,3,4,2,
266,3,3,4,2,
266,4,3,4,2,
266,5,1,3,2,
266,6,1,3,2,
266,7,3,4,2,
266,8,1,3,2,
266,9,1,3,2,
266,10,3,4,2,
266,11,1,3,2,
267,1,1,3,2,
267,2,3,4,2,
267,3,3,4,2,
267,4,1,3,2,
267,5,1,3,1,1
267,6,1,3,2,
267,7,3,4,2,
267,8,3,4,2,
267,9,2,3,2,
267,10,3,4,2,
267,11,1,3,2,
268,1,1,3,2,
268,2,3,4,2,
268,3,3,4,2,
268,4,1,3,1,1
268,5,1,3,2,
268,6,1,3,2,
268,7,3,4,2,
268,8,3,4,2,
268,9,1,3,2,
268,10,3,4,2,
268,11,1,3,2,
269,1,1,3,2,
269,2,3,4,2,
269,3,3,4,2,
269,4,3,4,2,
269,5,1,3,2,
269,6,1,3,2,
269,7,1,1,2,
269,8,1,3,2,
269,9,1,3,2,
269,10,1,3,2,
269,11,1,3,2,
270,1,1,3,2,
270,2,3,4,2,
270,3,3,4,2,
270,4,3,4,2,
270,5,1,3,2,
270,6,1,3,2,
270,7,1,3,2,
270,8,1,3,2,
270,9,1,3,2,
270,10,3,4,2,
270,11,1,3,2,
271,1,2,2,2,
271,2,1,3,2,
271,3,1,3,2,
271,4,1,3,2,
271,5,1,3,2,
271,6,1,3,2,
271,7,3,4,2,
271,8,3,4,2,
271,9,2,3,2,
271,10,3,4,2,
271,11,1,3,2,
272,1,1,2,2,
272,2,1,3,2,
272,3,1,3,2,
272,4,1,3,2,
272,5,1,3,2,
272,6,1,3,2,
272,7,1,3,2,
272,8,3,4,2,
272,9,1,3,2,
272,10,3,4,2,
272,11,1,3,2,
273,1,1,3,2,
273,2,1,3,2,
273,3,1,3,2,
273,4,3,4,2,
273,5,1,3,2,
273,6,3,4,2,
273,7,1,3,2,
273,8,3,4,2,
273,9,1,3,2,
273,10,3,4,2,
273,11,1,3,2,
274,1,1,2,2,
274,2,1,3,2,
274,3,1,3,2,
274,4,1,3,2,
274,5,1,3,2,
274,6,1,3,2,
274,7,1,3,2,
274,8,3,4,2,
274,9,3,4,2,
274,10,1,3,2,
274,11,1,3,2,
275,1,1,2,2,
275,2,1,3,2,
275,3,1,3,2,
275,4,1,3,2,
275,5,1,3,2,
275,6,1,3,2,
275,7,1,3,2,
275,8,3,4,2,
275,9,3,4,2,
275,10,3,4,2,
275,11,1,3,2,
276,1,1,2,1,3
276,2,1,3,2,
276,3,1,3,2,
276,4,1,3,2,
276,5,1,3,2,
276,6,1,3,2,
276,7,1,3,2,
276,8,3,4,2,
276,9,1,3,2,
276,10,1,3,2,
276,11,1,3,2,
277,1,1,2,2,
277,2,1,3,2,
277,3,1,3,2,
277,4,1,3,2,
277,5,1,3,2,
277,6,1,3,2,
277,7,1,3,2,
277,8,3,4,2,
277,9,3,4,2,
277,10,3,4,2,
277,11,1,3,2,
278,1,1,2,2,
278,2,1,3,2,
278,3,1,3,2,
278,4,1,3,2,
278,5,1,3,2,
278,6,1,3,2,
278,7,1,3,2,
278,8,3,4,2,
278,9,1,3,2,
278,10,3,4,2,
278,11,1,3,2,
279,1,1,2,2,
279,2,1,3,2,
279,3,1,3,2,
279,4,3,4,2,
279,5,1,3,2,
279,6,3,4,2,
279,7,3,4,2,
279,8,3,4,2,
279,9,3,4,2,
279,10,3,4,2,
279,11,1,3,2,
280,1,1,3,2,
280,2,3,4,2,
280,3,1,3,2,
280,4,1,3,2,
280,5,1,3,2,
280,6,1,3,2,
280,7,1,3,2,
280,8,3,4,2,
280,9,3,4,2,
280,10,1,3,2,
280,11,1,3,2,
281,1,1,3,2,
281,2,3,4,2,
281,3,1,3,2,
281,4,1,3,2,
281,5,1,3,2,
281,6,1,3,2,
281,7,1,3,2,
281,8,3,4,2,
281,9,3,4,2,
281,10,3,4,2,
281,11,1,3,2,
282,1,3,4,2,
282,2,3,4,2,
282,3,1,3,2,
282,4,1,3,2,
282,5,1,3,2,
282,6,1,3,2,
282,7,1,3,2,
282,8,3,4,2,
282,9,3,4,2,
282,10,1,3,2,
282,11,1,3,2,
283,1,1,3,2,
283,2,3,4,2,
283,3,1,3,2,
283,4,1,3,2,
283,5,1,3,2,
283,6,1,3,2,
283,7,3,4,2,
283,8,3,4,2,
283,9,3,4,2,
283,10,3,4,2,
283,11,1,3,2,
284,1,1,3,2,
284,2,3,4,2,
284,3,1,3,2,
284,4,1,3,2,
284,5,1,3,2,
284,6,1,3,2,
284,7,1,3,2,
284,8,3,4,2,
284,9,1,3,2,
284,10,3,4,2,
284,11,1,3,2,
285,1,3,4,2,
285,2,3,4,2,
285,3,1,3,2,
285,4,3,4,2,
285,5,1,3,2,
285,6,1,3,2,
285,7,1,3,2,
285,8,3,4,2,
285,9,3,4,2,
285,10,3,4,2,
285,11,3,4,2,
286,1,1,3,2,
286,2,3,4,2,
286,3,1,3,2,
286,4,1,3,2,
286,5,1,3,2,
286,6,1,3,2,
286,7,1,3,2,
286,8,3,4,2,
286,9,3,4,2,
286,10,1,3,2,
286,11,1,3,2,
287,1,3,4,2,
287,2,3,4,2,
287,3,1,3,2,
287,4,3,4,2,
287,5,1,3,2,
287,6,1,3,2,
287,7,1,3,2,
287,8,3,4,2,
287,9,3,4,2,
287,10,3,4,2,
287,11,1,3,2,
288,1,3,4,2,
288,2,3,4,2,
288,3,1,3,2,
288,4,1,3,2,
288,5,1,3,2,
288,6,1,3,2,
288,7,1,3,2,
288,8,3,4,2,
288,9,1,3,2,
288,10,3,4,2,
288,11,1,3,2,
289,1,1,3,2,
289,2,1,3,2,
289,3,2,3,2,
289,4,3,4,2,
289,5,1,3,2,
289,6,1,3,2,
289,7,1,3,2,
289,8,3,4,2,
289,9,1,3,2,
289,10,1,3,2,
289,11,1,3,2,
290,1,1,3,2,
290,2,1,3,2,
290,3,2,3,2,
290,4,1,3,2,
290,5,1,3,1,1
290,6,1,3,2,
290,7,1,3,2,
290,8,3,4,2,
290,9,1,3,2,
290,10,1,3,2,
290,11,1,3,2,
291,1,1,3,2,
291,2,1,3,2,
291,3,2,3,2,
291,4,1,3,2,
291,5,1,3,2,
291,6,1,3,2,
291,7,1,3,2,
291,8,3,4,2,
291,9,1,3,2,
291,10,1,3,2,
291,11,1,3,2,
292,1,1,3,2,
292,2,1,3,2,
292,3,1,3,2,
292,4,3,4,2,
292,5,1,3,2,
292,6,1,3,2,
292,7,1,3,2,
292,8,3,4,2,
292,9,1,3,2,
292,10,1,3,2,
292,11,1,3,2,
293,1,1,3,2,
293,2,1,3,2,
293,3,2,3,2,
293,4,1,3,2,
293,5,1,3,1,1
293,6,1,3,2,
293,7,1,3,2,
293,8,3,4,2,
293,9,1,3,2,
293,10,1,3,2,
293,11,1,3,2,
294,1,1,1,2,
294,2,1,3,2,
294,3,1,3,2,
294,4,3,4,2,
294,5,1,3,2,
294,6,1,3,2,
294,7,1,3,2,
294,8,3,4,2,
294,9,1,3,2,
294,10,1,3,2,
294,11,1,3,2,
295,1,1,3,1,1
295,2,1,3,2,
295,3,1,3,2,
295,4,1,3,1,1
295,5,1,3,1,1
295,6,1,3,2,
295,7,1,3,2,
295,8,3,4,2,
295,9,1,3,2,
295,10,1,3,2,
295,11,1,3,2,
296,1,1,3,2,
296,2,1,3,2,
296,3,1,3,2,
296,4,3,4,2,
296,5,1,3,2,
296,6,1,3,2,
296,7,1,3,2,
296,8,3,4,2,
296,9,1,3,2,
296,10,1,3,2,
296,11,1,3,2,
297,1,1,1,2,
297,2,1,3,2,
297,3,1,3,2,
297,4,1,3,2,
297,5,1,3,2,
297,6,1,3,2,
297,7,1,3,2,
297,8,3,4,2,
297,9,1,3,2,
297,10,1,3,2,
297,11,1,3,2,
298,1,2,3,2,
298,2,1,3,2,
298,3,2,3,2,
298,4,3,4,2,
298,5,1,3,2,
298,6,1,3,2,
298,7,3,4,2,
298,8,2,3,2,
298,9,2,3,2,
298,10,1,3,2,
298,11,1,3,2,
299,1,2,3,2,
299,2,1,3,2,
299,3,1,3,2,
299,4,3,4,2,
299,5,1,3,2,
299,6,1,3,2,
299,7,1,3,2,
299,8,2,3,2,
299,9,2,3,2,
299,10,1,3,2,
299,11,2,3,2,
300,1,2,3,2,
300,2,1,3,2,
300,3,1,3,2,
300,4,3,4,2,
300,5,1,3,2,
300,6,1,3,2,
300,7,3,4,2,
300,8,3,4,2,
300,9,1,3,2,
300,10,1,3,2,
300,11,1,3,2,
301,1,2,3,2,
301,2,1,3,2,
301,3,1,3,2,
301,4,3,4,2,
301,5,1,3,2,
301,6,1,3,2,
301,7,1,3,2,
301,8,2,3,2,
301,9,2,3,2,
301,10,3,4,2,
301,11,1,3,2,
302,1,2,3,2,
302,2,1,3,2,
302,3,1,3,2,
302,4,3,4,2,
302,5,1,3,2,
302,6,1,3,2,
302,7,1,3,2,
302,8,2,3,2,
302,9,1,3,2,
302,10,1,3,2,
302,11,2,3,2,
303,1,2,3,2,
303,2,1,3,2,
303,3,2,3,2,
303,4,3,4,2,
303,5,1,3,2,
303,6,1,3,2,
303,7,3,4,2,
303,8,2,3,2,
303,9,3,4,2,
303,10,1,3,2,
303,11,2,3,2,
304,1,1,3,2,
304,2,1,3,2,
304,3,2,3,2,
304,4,3,4,2,
304,5,1,3,2,
304,6,1,3,2,
304,7,3,4,2,
304,8,2,3,2,
304,9,2,3,2,
304,10,3,4,2,
304,11,1,3,2,
305,1,2,3,2,
305,2,1,3,2,
305,3,1,3,2,
305,4,3,3,2,
305,5,1,3,2,
305,6,1,3,2,
305,7,3,4,2,
305,8,2,3,2,
305,9,2,2,2,
305,10,1,3,2,
305,11,2,3,2,
306,1,2,3,2,
306,2,1,3,2,
306,3,1,3,2,
306,4,2,3,2,
306,5,1,3,2,
306,6,1,3,2,
306,7,1,3,2,
306,8,2,3,2,
306,9,2,3,2,
306,10,1,3,2,
306,11,2,3,2,
307,1,1,3,2,
307,2,1,3,2,
307,3,1,3,2,
307,4,1,3,2,
307,5,1,3,2,
307,6,1,1,2,
307,7,3,4,2,
307,8,3,4,2,
307,9,1,1,2,
307,10,3,4,2,
307,11,1,3,2,
308,1,1,1,1,1
308,2,1,1,2,
308,3,1,1,2,
308,4,1,1,2,
308,5,1,1,1,1
308,6,1,3,2,
308,7,1,3,2,
308,8,3,4,2,
308,9,1,1,2,
308,10,3,4,2,
308,11,2,3,2,
309,1,1,3,2,
309,2,1,3,2,
309,3,1,3,2,
309,4,1,3,2,
309,5,1,1,2,
309,6,3,4,2,
309,7,1,3,2,
309,8,3,4,2,
309,9,1,1,2,
309,10,2,3,2,
309,11,2,3,2,
310,1,1,3,2,
310,2,1,3,2,
310,3,1,1,2,
310,4,3,4,2,
310,5,1,1,2,
310,6,1,1,2,
310,7,3,4,2,
310,8,3,4,2,
310,9,1,3,2,
310,10,1,3,2,
310,11,1,3,2,
311,1,1,3,2,
311,2,1,3,2,
311,3,1,1,2,
311,4,1,3,2,
311,5,1,3,2,
311,6,1,1,2,
311,7,1,3,2,
311,8,3,4,2,
311,9,1,1,2,
311,10,1,3,2,
311,11,1,3,2,
312,1,1,3,2,
312,2,1,1,2,
312,3,1,1,2,
312,4,3,4,2,
312,5,1,3,2,
312,6,1,1,2,
312,7,3,4,2,
312,8,3,4,2,
312,9,1,1,2,
312,10,3,4,2,
312,11,1,3,2,
313,1,1,1,2,
313,2,1,1,2,
313,3,1,1,2,
313,4,1,3,2,
313,5,1,3,2,
313,6,1,3,2,
313,7,1,3,2,
313,8,3,4,2,
313,9,1,1,2,
313,10,3,4,2,
313,11,2,2,2,
314,1,1,3,2,
314,2,1,3,2,
314,3,1,3,2,
314,4,3,4,2,
314,5,1,3,2,
314,6,3,4,2,
314,7,1,3,2,
314,8,3,4,2,
314,9,1,3,2,
314,10,1,3,2,
314,11,1,3,2,
315,1,1,3,1,1
315,2,1,3,2,
315,3,1,1,2,
315,4,1,3,2,
315,5,1,1,1,1
315,6,3,4,2,
315,7,1,3,2,
315,8,3,4,2,
315,9,1,1,2,
315,10,3,4,2,
315,11,2,2,2,
316,1,2,2,2,
316,2,1,3,2,
316,3,1,3,2,
316,4,1,3,2,
316,5,1,3,2,
316,6,1,3,2,
316,7,1,3,2,
316,8,3,4,2,
316,9,3,4,2,
316,10,3,4,2,
316,11,1,3,2,
317,1,2,3,2,
317,2,1,3,2,
317,3,1,1,2,
317,4,1,1,2,
317,5,1,1,2,
317,6,1,1,2,
317,7,1,1,2,
317,8,3,4,2,
317,9,3,4,2,
317,10,3,4,2,
317,11,3,4,2,
318,1,2,3,2,
318,2,1,3,2,
318,3,1,3,2,
318,4,1,3,2,
318,5,1,3,2,
318,6,1,3,2,
318,7,1,3,2,
318,8,3,4,2,
318,9,1,3,2,
318,10,1,3,2,
318,11,1,3,2,
319,1,2,3,2,
319,2,1,3,2,
319,3,1,1,2,
319,4,1,1,2,
319,5,1,1,2,
319,6,1,1,2,
319,7,1,1,2,
319,8,3,4,2,
319,9,3,4,2,
319,10,3,4,2,
319,11,1,1,2,
320,1,2,3,2,
320,2,1,3,2,
320,3,1,3,2,
320,4,1,3,2,
320,5,1,3,2,
320,6,1,3,2,
320,7,3,4,2,
320,8,3,4,2,
320,9,2,3,2,
320,10,1,1,2,
320,11,1,1,2,
321,1,2,2,2,
321,2,1,3,2,
321,3,1,3,2,
321,4,1,3,2,
321,5,1,3,2,
321,6,1,3,2,
321,7,1,3,2,
321,8,3,4,2,
321,9,3,4,2,
321,10,1,1,2,
321,11,3,4,2,
322,1,2,2,1,2
322,2,1,3,2,
322,3,1,3,2,
322,4,1,3,2,
322,5,1,3,2,
322,6,3,4,2,
322,7,1,1,2,
322,8,3,4,2,
322,9,2,3,2,
322,10,3,4,2,
322,11,3,4,2,
323,1,2,3,2,
323,2,1,3,2,
323,3,1,1,2,
323,4,1,1,2,
323,5,1,1,2,
323,6,1,1,2,
323,7,1,1,2,
323,8,3,4,2,
323,9,1,3,2,
323,10,1,1,2,
323,11,3,4,2,
324,1,2,2,2,
324,2,1,3,2,
324,3,1,3,2,
324,4,1,3,2,
324,5,1,3,2,
324,6,1,1,2,
324,7,1,1,2,
324,8,3,4,2,
324,9,3,4,2,
324,10,3,4,2,
324,11,3,4,2,
325,1,2,3,2,
325,2,1,3,2,
325,3,2,3,2,
325,4,3,4,2,
325,5,2,3,2,
325,6,1,3,2,
325,7,1,3,2,
325,8,3,4,2,
325,9,1,3,2,
325,10,3,4,2,
325,11,2,3,2,
326,1,2,3,2,
326,2,1,3,2,
326,3,2,3,2,
326,4,1,3,2,
326,5,1,3,2,
326,6,1,3,2,
326,7,2,3,2,
326,8,3,4,2,
326,9,2,3,2,
326,10,2,3,2,
326,11,2,3,2,
327,1,2,3,2,
327,2,1,3,2,
327,3,2,3,2,
327,4,1,3,2,
327,5,1,3,2,
327,6,1,3,2,
327,7,1,3,2,
327,8,3,4,2,
327,9,1,3,2,
327,10,3,4,2,
327,11,1,3,2,
328,1,2,3,2,
328,2,1,3,2,
328,3,2,3,2,
328,4,1,3,2,
328,5,2,3,2,
328,6,1,3,2,
328,7,3,4,2,
328,8,3,4,2,
328,9,1,3,2,
328,10,3,4,2,
328,11,1,3,2,
329,1,2,3,2,
329,2,1,3,2,
329,3,2,3,2,
329,4,3,4,2,
329,5,1,3,2,
329,6,1,3,2,
329,7,1,3,2,
329,8,3,4,2,
329,9,2,3,2,
329,10,3,4,2,
329,11,2,3,2,
330,1,1,3,2,
330,2,1,3,2,
330,3,2,3,2,
330,4,1,3,2,
330,5,1,3,2,
330,6,1,3,2,
330,7,3,4,2,
330,8,3,4,2,
330,9,2,3,2,
330,10,3,4,2,
330,11,2,3,2,
331,1,1,3,2,
331,2,1,3,2,
331,3,2,3,2,
331,4,1,3,2,
331,5,1,3,2,
331,6,1,3,2,
331,7,1,3,2,
331,8,3,4,2,
331,9,2,3,2,
331,10,3,4,2,
331,11,1,3,2,
332,1,1,3,2,
332,2,1,3,2,
332,3,2,3,2,
332,4,1,3,2,
332,5,1,3,2,
332,6,1,3,2,
332,7,1,3,2,
332,8,3,4,2,
332,9,1,3,2,
332,10,2,3,2,
332,11,1,3,2,
333,1,1,3,2,
333,2,1,3,2,
333,3,2,3,2,
333,4,1,3,2,
333,5,1,3,2,
333,6,3,4,2,
333,7,2,3,2,
333,8,3,4,2,
333,9,2,3,2,
333,10,2,3,2,
333,11,1,3,2,
334,1,2,3,1,2
334,2,2,3,2,
334,3,2,3,2,
334,4,3,4,2,
334,5,1,3,2,
334,6,1,3,1,1
334,7,3,4,2,
334,8,3,4,2,
334,9,1,3,2,
334,10,1,3,2,
334,11,1,3,2,
335,1,1,3,2,
335,2,2,3,2,
335,3,2,3,2,
335,4,3,4,2,
335,5,1,3,1,1
335,6,3,2,2,
335,7,3,2,2,
335,8,3,4,2,
335,9,3,4,2,
335,10,1,3,1,1
335,11,1,3,2,
336,1,1,3,2,
336,2,2,3,2,
336,3,2,3,2,
336,4,1,3,2,
336,5,1,3,1,1
336,6,3,4,2,
336,7,3,4,2,
336,8,3,4,2,
336,9,3,4,2,
336,10,3,4,2,
336,11,1,3,2,
337,1,1,3,2,
337,2,2,3,2,
337,3,2,3,2,
337,4,1,3,1,1
337,5,1,3,2,
337,6,3,4,2,
337,7,3,4,2,
337,8,3,4,2,
337,9,1,3,2,
337,10,3,4,2,
337,11,1,3,2,
338,1,1,3,2,
338,2,2,3,2,
338,3,2,3,2,
338,4,1,3,2,
338,5,1,3,1,1
338,6,3,4,2,
338,7,2,3,2,
338,8,3,4,2,
338,9,3,4,2,
338,10,3,4,2,
338,11,1,3,2,
339,1,2,3,1,2
339,2,2,3,2,
339,3,2,3,2,
339,4,1,3,2,
339,5,1,3,2,
339,6,1,3,1,1
339,7,3,4,2,
339,8,3,4,2,
339,9,3,4,2,
339,10,1,3,2,
339,11,1,3,2,
340,1,1,3,2,
340,2,2,3,2,
340,3,2,3,2,
340,4,3,4,2,
340,5,1,3,2,
340,6,1,3,1,1
340,7,3,4,2,
340,8,3,4,2,
340,9,3,4,2,
340,10,3,4,2,
340,11,1,3,2,
341,1,1,3,2,
341,2,2,3,2,
341,3,2,3,2,
341,4,1,3,1,1
341,5,1,3,2,
341,6,3,4,2,
341,7,3,4,2,
341,8,3,4,2,
341,9,3,4,2,
341,10,3,4,2,
341,11,1,3,2,
342,1,1,3,2,
342,2,2,3,2,
342,3,2,3,2,
342,4,1,3,1,1
342,5,1,3,2,
342,6,1,3,1,1
342,7,1,3,2,
342,8,3,4,2,
342,9,1,3,2,
342,10,3,4,2,
342,11,1,3,2,
343,1,1,3,2,
343,2,2,3,2,
343,3,2,3,1,2
343,4,3,4,2,
343,5,1,3,2,
343,6,1,3,2,
343,7,1,3,2,
343,8,1,3,2,
343,9,1,3,2,
343,10,1,3,2,
343,11,1,3,2,
344,1,1,3,2,
344,2,2,3,2,
344,3,2,3,2,
344,4,3,4,2,
344,5,1,3,2,
344,6,1,3,2,
344,7,1,3,2,
344,8,1,3,2,
344,9,1,3,2,
344,10,1,3,2,
344,11,1,3,2,
345,1,1,3,2,
345,2,2,3,2,
345,3,2,3,2,
345,4,3,4,2,
345,5,1,3,2,
345,6,1,3,2,
345,7,3,4,2,
345,8,1,3,2,
345,9,1,3,2,
345,10,1,3,2,
345,11,1,3,2,
346,1,1,3,2,
346,2,2,3,2,
346,3,2,3,2,
346,4,3,4,2,
346,5,1,3,2,
346,6,1,3,2,
346,7,1,3,2,
346,8,1,3,2,
346,9,1,3,2,
346,10,1,3,2,
346,11,1,3,2,
347,1,1,3,2,
347,2,2,3,2,
347,3,2,3,2,
347,4,1,3,2,
347,5,1,3,2,
347,6,1,3,2,
347,7,3,4,2,
347,8,3,4,2,
347,9,1,3,2,
347,10,3,4,2,
347,11,1,3,2,
348,1,1,3,2,
348,2,2,3,2,
348,3,2,3,1,2
348,4,3,4,2,
348,5,1,3,2,
348,6,1,3,2,
348,7,1,3,2,
348,8,2,2,1,2
348,9,1,3,2,
348,10,1,3,2,
348,11,1,3,2,
349,1,1,3,2,
349,2,2,3,2,
349,3,2,3,2,
349,4,3,4,2,
349,5,1,3,2,
349,6,1,3,2,
349,7,3,4,2,
349,8,3,4,2,
349,9,1,3,2,
349,10,1,3,2,
349,11,1,3,2,
350,1,1,3,2,
350,2,2,3,2,
350,3,2,3,1,2
350,4,3,4,2,
350,5,1,3,2,
350,6,1,3,2,
350,7,1,3,2,
350,8,2,2,1,2
350,9,1,3,2,
350,10,1,3,2,
350,11,1,3,2,
351,1,1,3,2,
351,2,2,3,2,
351,3,2,3,2,
351,4,3,4,2,
351,5,1,3,2,
351,6,1,3,2,
351,7,3,4,2,
351,8,3,4,2,
351,9,2,3,2,
351,10,3,4,2,
351,11,1,3,2,
352,1,1,3,2,
352,2,1,3,2,
352,3,1,3,2,
352,4,1,3,2,
352,5,1,3,2,
352,6,1,3,2,
352,7,3,4,2,
352,8,3,4,2,
352,9,2,3,2,
352,10,3,4,2,
352,11,1,3,2,
353,1,1,3,2,
353,2,1,3,2,
353,3,1,3,2,
353,4,3,4,2,
353,5,1,3,2,
353,6,1,3,2,
353,7,1,3,2,
353,8,1,3,2,
353,9,3,4,2,
353,10,1,3,2,
353,11,3,4,2,
354,1,1,3,2,
354,2,1,3,2,
354,3,1,3,2,
354,4,3,4,2,
354,5,1,3,2,
354,6,1,3,2,
354,7,1,3,2,
354,8,3,4,2,
354,9,1,3,2,
354,10,2,2,2,
354,11,1,3,2,
355,1,1,3,2,
355,2,1,3,2,
355,3,1,3,2,
355,4,1,3,2,
355,5,1,3,2,
355,6,1,3,2,
355,7,1,3,2,
355,8,3,4,2,
355,9,1,3,2,
355,10,2,2,2,
355,11,1,3,2,
356,1,1,3,2,
356,2,1,3,2,
356,3,1,3,2,
356,4,1,3,2,
356,5,1,3,2,
356,6,1,3,2,
356,7,1,3,2,
356,8,3,4,2,
356,9,2,2,2,
356,10,1,3,2,
356,11,1,3,2,
357,1,1,3,2,
357,2,1,3,2,
357,3,1,3,2,
357,4,2,2,2,
357,5,1,3,2,
357,6,1,3,2,
357,7,1,3,2,
357,8,3,4,2,
357,9,2,2,2,
357,10,2,2,2,
357,11,1,3,2,
358,1,1,3,2,
358,2,1,3,2,
358,3,1,3,2,
358,4,1,3,2,
358,5,1,3,2,
358,6,1,3,2,
358,7,1,3,2,
358,8,3,4,2,
358,9,1,3,2,
358,10,2,2,2,
358,11,1,3,2,
359,1,1,3,2,
359,2,1,3,2,
359,3,1,3,2,
359,4,1,3,2,
359,5,1,3,2,
359,6,1,3,2,
359,7,1,3,2,
359,8,3,4,2,
359,9,2,2,2,
359,10,2,2,2,
359,11,1,3,2,
360,1,1,3,2,
360,2,1,3,2,
360,3,1,3,2,
360,4,1,3,2,
360,5,1,3,2,
360,6,1,3,2,
360,7,1,3,2,
360,8,3,4,2,
360,9,2,2,2,
360,10,2,2,2,
360,11,1,3,2,
361,1,1,3,2,
361,2,1,3,2,
361,3,1,3,2,
361,4,1,3,2,
361,5,1,3,2,
361,6,3,4,2,
361,7,1,3,2,
361,8,3,4,2,
361,9,2,3,2,
361,10,3,4,2,
361,11,2,3,2,
362,1,1,3,2,
362,2,1,3,2,
362,3,1,3,2,
362,4,1,3,2,
362,5,1,3,2,
362,6,3,4,2,
362,7,1,3,2,
362,8,3,4,2,
362,9,2,3,2,
362,10,3,4,2,
362,11,2,3,2,
363,1,1,3,2,
363,2,1,3,2,
363,3,1,3,2,
363,4,1,3,2,
363,5,1,3,2,
363,6,3,4,2,
363,7,1,3,2,
363,8,3,4,2,
363,9,1,3,2,
363,10,2,3,2,
363,11,3,4,2,
364,1,1,3,2,
364,2,1,3,2,
364,3,1,3,2,
364,4,3,4,2,
364,5,1,3,2,
364,6,3,4,2,
364,7,3,4,2,
364,8,3,4,2,
364,9,1,3,2,
364,10,3,4,2,
364,11,2,3,2,
365,1,1,3,2,
365,2,1,3,2,
365,3,1,3,2,
365,4,1,3,2,
365,5,1,3,2,
365,6,3,4,2,
365,7,1,3,2,
365,8,3,4,2,
365,9,2,3,2,
365,10,2,3,2,
365,11,2,3,2,
366,1,1,3,2,
366,2,1,3,2,
366,3,1,3,2,
366,4,1,3,2,
366,5,1,3,2,
366,6,3,4,2,
366,7,1,3,2,
366,8,3,4,2,
366,9,2,3,2,
366,10,2,3,2,
366,11,2,3,2,
367,1,1,3,2,
367,2,1,3,2,
367,3,1,3,2,
367,4,1,3,2,
367,5,1,3,2,
367,6,3,4,2,
367,7,1,3,2,
367,8,3,4,2,
367,9,1,3,2,
367,10,1,3,2,
367,11,3,4,2,
368,1,1,3,2,
368,2,1,3,2,
368,3,1,3,2,
368,4,1,3,2,
368,5,1,3,2,
368,6,1,3,2,
368,7,1,3,2,
368,8,3,4,2,
368,9,2,3,2,
368,10,3,4,2,
368,11,2,3,2,
369,1,1,3,2,
369,2,1,3,2,
369,3,1,3,2,
369,4,3,4,2,
369,5,1,3,2,
369,6,3,4,2,
369,7,1,3,2,
369,8,3,4,2,
369,9,3,4,2,
369,10,2,3,2,
369,11,1,3,2,
370,1,1,3,2,
370,2,1,3,2,
370,3,1,3,2,
370,4,1,3,1,1
370,5,1,3,2,
370,6,1,3,2,
370,7,1,3,2,
370,8,1,3,2,
370,9,1,3,2,
370,10,1,3,2,
370,11,1,3,2,
371,1,1,3,2,
371,2,1,3,2,
371,3,1,3,2,
371,4,1,3,2,
371,5,1,3,2,
371,6,1,3,2,
371,7,1,3,2,
371,8,1,3,2,
371,9,1,3,2,
371,10,1,3,2,
371,11,1,3,2,
372,1,1,3,2,
372,2,1,3,2,
372,3,1,3,2,
372,4,1,3,2,
372,5,1,3,2,
372,6,1,3,2,
372,7,1,3,2,
372,8,1,3,2,
372,9,1,3,2,
372,10,1,3,2,
372,11,1,3,2,
373,1,1,3,2,
373,2,1,3,2,
373,3,1,3,2,
373,4,1,3,2,
373,5,1,3,1,1
373,6,1,3,2,
373,7,1,3,2,
373,8,1,3,2,
373,9,1,3,2,
373,10,1,3,2,
373,11,1,3,2,
374,1,1,3,2,
374,2,1,3,2,
374,3,1,3,2,
374,4,1,3,2,
374,5,1,3,2,
374,6,1,3,2,
374,7,1,3,2,
374,8,1,3,2,
374,9,1,3,2,
374,10,1,3,2,
374,11,1,3,2,
375,1,1,3,2,
375,2,1,3,2,
375,3,1,3,2,
375,4,1,3,2,
375,5,1,3,2,
375,6,1,3,2,
375,7,1,3,2,
375,8,1,3,2,
375,9,1,3,2,
375,10,1,3,2,
375,11,1,3,2,
376,1,1,3,2,
376,2,1,3,2,
376,3,1,3,2,
376,4,1,3,1,1
376,5,1,3,2,
376,6,1,3,2,
376,7,1,3,2,
376,8,1,3,2,
376,9,1,3,2,
376,10,1,3,2,
376,11,1,3,2,
377,1,1,3,2,
377,2,1,3,2,
377,3,1,3,2,
377,4,1,3,2,
377,5,1,3,2,
377,6,1,3,2,
377,7,1,3,2,
377,8,1,3,2,
377,9,1,3,2,
377,10,1,3,2,
377,11,1,3,2,
378,1,1,3,2,
378,2,1,3,2,
378,3,1,3,2,
378,4,1,3,2,
378,5,1,3,2,
378,6,1,3,2,
378,7,1,3,2,
378,8,1,3,2,
378,9,1,3,2,
378,10,1,3,2,
378,11,1,3,2,
379,1,1,3,2,
379,2,1,3,2,
379,3,1,3,2,
379,4,1,3,2,
379,5,1,3,2,
379,6,1,3,2,
379,7,1,1,2,
379,8,3,4,2,
379,9,1,3,2,
379,10,1,2,2,
379,11,1,3,2,
380,1,1,3,2,
380,2,1,3,2,
380,3,1,3,2,
380,4,1,3,2,
380,5,1,3,2,
380,6,1,3,2,
380,7,1,3,2,
380,8,3,4,2,
380,9,1,3,2,
380,10,3,4,2,
380,11,1,3,2,
381,1,1,3,2,
381,2,1,3,2,
381,3,1,3,2,
381,4,1,3,2,
381,5,1,3,2,
381,6,1,3,2,
381,7,1,3,2,
381,8,3,4,2,
381,9,3,4,2,
381,10,1,3,2,
381,11,1,3,2,
382,1,1,3,2,
382,2,1,3,2,
382,3,1,3,2,
382,4,1,1,2,
382,5,1,3,2,
382,6,1,1,2,
382,7,1,1,2,
382,8,3,4,2,
382,9,1,3,2,
382,10,3,4,2,
382,11,1,3,2,
383,1,1,3,2,
383,2,1,3,2,
383,3,1,3,2,
383,4,1,3,2,
383,5,1,3,2,
383,6,1,3,2,
383,7,1,3,2,
383,8,3,4,2,
383,9,3,4,2,
383,10,1,3,2,
383,11,1,3,2,
384,1,1,3,2,
384,2,1,3,2,
384,3,1,3,2,
384,4,1,3,2,
384,5,1,3,2,
384,6,1,3,2,
384,7,1,3,2,
384,8,3,4,2,
384,9,3,4,2,
384,10,3,4,2,
384,11,1,3,2,
385,1,1,3,2,
385,2,1,3,2,
385,3,1,3,2,
385,4,1,3,2,
385,5,1,3,2,
385,6,1,3,2,
385,7,1,3,2,
385,8,3,4,2,
385,9,1,3,2,
385,10,3,4,2,
385,11,1,3,2,
386,1,1,3,2,
386,2,1,3,2,
386,3,1,3,2,
386,4,1,3,2,
386,5,1,3,2,
386,6,1,3,2,
386,7,1,3,2,
386,8,3,4,2,
386,9,1,3,2,
386,10,1,3,2,
386,11,1,3,2,
387,1,1,3,2,
387,2,1,3,2,
387,3,1,3,2,
387,4,1,3,2,
387,5,1,3,2,
387,6,1,3,2,
387,7,1,3,2,
387,8,3,4,2,
387,9,1,3,2,
387,10,1,3,2,
387,11,1,3,2,
388,1,1,3,2,
388,2,3,4,2,
388,3,1,3,2,
388,4,3,4,2,
388,5,1,3,2,
388,6,1,3,2,
388,7,1,3,2,
388,8,1,3,2,
388,9,2,3,2,
388,10,3,4,2,
388,11,1,3,2,
389,1,1,3,2,
389,2,1,3,2,
389,3,1,3,2,
389,4,1,3,2,
389,5,1,3,2,
389,6,1,3,2,
389,7,1,3,2,
389,8,1,3,2,
389,9,1,3,2,
389,10,3,4,2,
389,11,1,3,2,
390,1,1,3,2,
390,2,3,4,2,
390,3,1,3,2,
390,4,1,3,2,
390,5,1,3,2,
390,6,1,3,2,
390,7,1,3,2,
390,8,1,3,2,
390,9,1,3,2,
390,10,1,3,2,
390,11,1,3,2,
391,1,1,3,2,
391,2,1,3,2,
391,3,1,3,2,
391,4,1,3,2,
391,5,1,3,2,
391,6,1,3,2,
391,7,3,4,2,
391,8,1,3,2,
391,9,1,3,2,
391,10,1,3,2,
391,11,1,3,2,
392,1,1,3,2,
392,2,3,4,2,
392,3,1,3,2,
392,4,1,3,2,
392,5,1,3,1,1
392,6,1,3,2,
392,7,3,4,2,
392,8,1,3,2,
392,9,1,3,2,
392,10,3,4,2,
392,11,1,3,2,
393,1,1,3,2,
393,2,1,3,2,
393,3,1,3,2,
393,4,1,3,1,1
393,5,1,3,1,1
393,6,1,3,2,
393,7,3,4,2,
393,8,3,4,2,
393,9,2,3,2,
393,10,3,4,2,
393,11,1,3,2,
394,1,1,3,2,
394,2,3,4,2,
394,3,1,3,2,
394,4,1,3,2,
394,5,1,3,2,
394,6,1,3,2,
394,7,2,3,2,
394,8,1,3,2,
394,9,2,3,2,
394,10,3,4,2,
394,11,1,3,2,
395,1,1,3,2,
395,2,3,4,2,
395,3,1,3,2,
395,4,1,3,2,
395,5,1,3,2,
395,6,1,3,2,
395,7,1,3,2,
395,8,1,3,2,
395,9,2,3,2,
395,10,3,4,2,
395,11,1,3,2,
396,1,1,3,2,
396,2,3,4,2,
396,3,1,3,2,
396,4,1,3,2,
396,5,1,3,1,1
396,6,1,3,2,
396,7,1,3,2,
396,8,1,3,2,
396,9,2,3,2,
396,10,2,3,2,
396,11,1,3,2,
397,1,2,3,2,
397,2,2,3,2,
397,3,1,3,2,
397,4,1,3,2,
397,5,1,3,2,
397,6,1,3,2,
397,7,1,3,2,
397,8,2,3,2,
397,9,3,4,2,
397,10,3,4,2,
397,11,1,3,2,
398,1,2,3,2,
398,2,2,3,2,
398,3,1,3,2,
398,4,1,3,2,
398,5,1,3,2,
398,6,1,3,2,
398,7,1,3,2,
398,8,2,3,2,
398,9,1,3,2,
398,10,2,3,2,
398,11,3,4,2,
399,1,2,3,2,
399,2,2,3,2,
399,3,1,3,2,
399,4,1,3,2,
399,5,1,3,2,
399,6,1,3,2,
399,7,1,3,2,
399,8,2,3,2,
399,9,1,3,2,
399,10,3,4,2,
399,11,1,3,2,
400,1,2,3,2,
400,2,2,3,2,
400,3,1,3,2,
400,4,1,3,2,
400,5,1,3,2,
400,6,1,3,2,
400,7,1,3,2,
400,8,2,3,2,
400,9,3,4,2,
400,10,3,4,2,
400,11,1,3,2,
401,1,2,3,2,
401,2,2,3,2,
401,3,1,3,2,
401,4,1,3,2,
401,5,1,3,2,
401,6,1,3,2,
401,7,1,3,2,
401,8,2,3,2,
401,9,3,4,2,
401,10,3,4,2,
401,11,1,3,2,
402,1,2,3,2,
402,2,2,3,2,
402,3,1,3,2,
402,4,1,3,2,
402,5,1,3,2,
402,6,1,3,2,
402,7,1,3,2,
402,8,2,3,2,
402,9,3,4,2,
402,10,3,4,2,
402,11,3,4,2,
403,1,2,3,2,
403,2,2,3,2,
403,3,1,3,2,
403,4,1,3,2,
403,5,1,3,2,
403,6,1,3,2,
403,7,1,3,2,
403,8,2,3,2,
403,9,3,4,2,
403,10,3,4,2,
403,11,1,3,2,
404,1,2,3,2,
404,2,2,3,2,
404,3,1,3,2,
404,4,1,3,2,
404,5,1,3,2,
404,6,1,3,2,
404,7,1,3,2,
404,8,2,3,2,
404,9,1,3,2,
404,10,1,3,2,
404,11,1,3,2,
405,1,2,3,2,
405,2,2,3,2,
405,3,1,3,2,
405,4,1,3,2,
405,5,1,3,2,
405,6,1,3,2,
405,7,1,3,2,
405,8,2,3,2,
405,9,1,3,2,
405,10,2,3,2,
405,11,1,3,2,
406,1,1,3,2,
406,2,1,3,2,
406,3,1,3,2,
406,4,1,3,2,
406,5,1,3,2,
406,6,1,1,2,
406,7,1,1,2,
406,8,1,3,2,
406,9,1,3,2,
406,10,3,4,2,
406,11,1,3,2,
407,1,1,1,2,
407,2,1,3,2,
407,3,1,3,2,
407,4,1,3,2,
407,5,1,3,2,
407,6,1,1,1,1
407,7,1,2,2,
407,8,1,3,2,
407,9,1,3,2,
407,10,1,3,2,
407,11,1,3,2,
408,1,1,3,2,
408,2,1,3,2,
408,3,1,3,2,
408,4,1,3,2,
408,5,1,3,2,
408,6,1,1,2,
408,7,1,1,2,
408,8,3,4,2,
408,9,1,3,2,
408,10,1,3,2,
408,11,1,3,2,
409,1,1,3,2,
409,2,1,3,2,
409,3,1,3,2,
409,4,3,4,2,
409,5,1,3,2,
409,6,1,3,2,
409,7,1,1,2,
409,8,3,4,2,
409,9,1,3,2,
409,10,1,3,2,
409,11,1,3,2,
410,1,1,3,2,
410,2,1,3,2,
410,3,1,3,2,
410,4,1,3,2,
410,5,1,3,2,
410,6,1,3,2,
410,7,1,3,2,
410,8,3,4,2,
410,9,1,3,2,
410,10,3,4,2,
410,11,1,3,2,
411,1,1,1,2,
411,2,1,3,2,
411,3,1,3,2,
411,4,3,4,2,
411,5,1,3,2,
411,6,1,3,2,
411,7,1,1,2,
411,8,3,4,2,
411,9,1,3,2,
411,10,1,3,2,
411,11,1,3,2,
412,1,1,3,2,
412,2,1,3,2,
412,3,1,3,2,
412,4,1,3,2,
412,5,1,3,2,
412,6,1,1,2,
412,7,1,1,2,
412,8,3,4,2,
412,9,1,3,2,
412,10,3,4,2,
412,11,1,3,2,
413,1,1,3,2,
413,2,1,3,2,
413,3,1,3,2,
413,4,3,4,2,
413,5,1,3,2,
413,6,1,3,2,
413,7,1,3,2,
413,8,3,4,2,
413,9,1,3,2,
413,10,1,3,2,
413,11,1,3,2,
414,1,1,3,2,
414,2,1,3,2,
414,3,1,3,2,
414,4,1,3,2,
414,5,1,3,2,
414,6,1,3,2,
414,7,1,3,2,
414,8,3,4,2,
414,9,1,3,2,
414,10,3,4,2,
414,11,1,3,2,
415,1,1,1,2,
415,2,2,2,2,
415,3,2,2,2,
415,4,2,2,2,
415,5,1,1,2,
415,6,2,2,2,
415,7,1,1,2,
415,8,2,3,2,
415,9,2,2,2,
415,10,2,2,2,
415,11,2,2,2,
416,1,1,1,2,
416,2,2,2,2,
416,3,2,2,2,
416,4,2,2,2,
416,5,1,1,2,
416,6,2,2,2,
416,7,2,2,2,
416,8,2,2,2,
416,9,2,2,2,
416,10,2,2,2,
416,11,2,2,2,
417,1,1,1,2,
417,2,2,2,2,
417,3,2,2,2,
417,4,2,2,2,
417,5,1,1,2,
417,6,2,2,2,
417,7,2,2,2,
417,8,2,2,2,
417,9,2,2,2,
417,10,2,2,2,
417,11,2,2,2,
418,1,1,1,2,
418,2,2,2,2,
418,3,2,2,2,
418,4,2,2,2,
418,5,1,1,2,
418,6,2,2,2,
418,7,2,2,2,
418,8,2,2,2,
418,9,2,2,2,
418,10,2,2,2,
418,11,1,1,1,
419,1,1,1,2,
419,2,2,2,2,
419,3,2,2,2,
419,4,2,2,2,
419,5,1,1,2,
419,6,2,2,2,
419,7,2,2,2,
419,8,2,2,2,
419,9,2,2,2,
419,10,2,2,2,
419,11,1,1,2,
420,1,1,1,2,
420,2,2,2,2,
420,3,2,2,2,
420,4,2,2,2,
420,5,1,1,2,
420,6,2,2,2,
420,7,2,2,2,
420,8,2,2,2,
420,9,2,2,2,
420,10,2,2,2,
420,11,1,1,2,
421,1,1,1,2,
421,2,2,2,2,
421,3,2,2,2,
421,4,2,2,2,
421,5,1,1,2,
421,6,2,2,2,
421,7,2,2,2,
421,8,2,2,2,
421,9,2,2,2,
421,10,2,2,2,
421,11,2,2,2,
422,1,1,1,2,
422,2,2,2,2,
422,3,2,2,2,
422,4,2,2,2,
422,5,1,1,2,
422,6,2,2,2,
422,7,2,2,2,
422,8,2,2,2,
422,9,2,2,2,
422,10,2,2,2,
422,11,2,2,2,
423,1,1,1,2,
423,2,2,2,2,
423,3,2,2,2,
423,4,2,2,2,
423,5,1,1,2,
423,6,2,2,2,
423,7,1,1,2,
423,8,2,2,2,
423,9,2,2,2,
423,10,2,2,2,
423,11,1,1,2,
424,1,2,3,2,
424,2,1,1,2,
424,3,1,1,2,
424,4,1,1,2,
424,5,1,3,2,
424,6,1,3,2,
424,7,1,3,2,
424,8,1,3,1,1
424,9,1,3,2,
424,10,1,1,2,
424,11,1,1,2,
425,1,1,3,2,
425,2,1,3,2,
425,3,1,3,2,
425,4,3,4,2,
425,5,1,3,2,
425,6,1,1,2,
425,7,1,1,2,
425,8,2,3,2,
425,9,1,1,2,
425,10,1,1,2,
425,11,1,1,2,
426,1,1,3,2,
426,2,1,3,2,
426,3,1,3,2,
426,4,1,3,2,
426,5,1,3,2,
426,6,1,1,2,
426,7,1,1,2,
426,8,2,3,2,
426,9,1,1,2,
426,10,1,1,2,
426,11,1,1,2,
427,1,1,3,2,
427,2,1,3,2,
427,3,1,3,2,
427,4,1,3,1,2
427,5,1,3,2,
427,6,1,1,2,
427,7,1,1,2,
427,8,2,3,2,
427,9,1,1,2,
427,10,1,1,2,
427,11,1,1,2,
428,1,1,3,2,
428,2,1,3,2,
428,3,1,3,2,
428,4,1,3,2,
428,5,1,3,2,
428,6,1,1,2,
428,7,1,1,2,
428,8,2,3,2,
428,9,1,1,2,
428,10,1,1,2,
428,11,1,1,2,
429,1,1,3,2,
429,2,1,3,2,
429,3,1,3,2,
429,4,3,4,2,
429,5,1,3,2,
429,6,1,1,2,
429,7,1,1,2,
429,8,2,3,2,
429,9,1,1,2,
429,10,1,1,2,
429,11,1,1,2,
430,1,1,3,2,
430,2,1,3,2,
430,3,1,3,2,
430,4,3,4,2,
430,5,1,3,2,
430,6,1,1,2,
430,7,1,1,2,
430,8,2,3,2,
430,9,1,1,2,
430,10,1,1,2,
430,11,1,1,2,
431,1,1,3,2,
431,2,1,3,2,
431,3,1,3,2,
431,4,1,3,2,
431,5,1,3,2,
431,6,1,1,2,
431,7,1,1,2,
431,8,2,3,2,
431,9,1,1,2,
431,10,1,1,2,
431,11,1,1,2,
432,1,1,3,2,
432,2,1,3,2,
432,3,1,3,2,
432,4,3,4,2,
432,5,1,3,2,
432,6,1,1,2,
432,7,1,1,2,
432,8,2,3,2,
432,9,1,1,2,
432,10,1,1,2,
432,11,1,1,2,
433,1,1,1,2,
433,2,1,3,2,
433,3,1,1,2,
433,4,1,1,2,
433,5,1,1,2,
433,6,1,1,2,
433,7,1,1,2,
433,8,3,4,2,
433,9,3,4,2,
433,10,3,4,2,
433,11,2,3,2,
434,1,1,1,2,
434,2,1,1,2,
434,3,1,1,2,
434,4,1,1,2,
434,5,1,1,2,
434,6,1,1,2,
434,7,1,1,2,
434,8,2,3,2,
434,9,2,2,2,
434,10,2,2,2,
434,11,2,3,2,
435,1,1,1,2,
435,2,1,3,2,
435,3,1,1,2,
435,4,3,4,2,
435,5,1,1,2,
435,6,3,4,2,
435,7,1,1,2,
435,8,3,4,2,
435,9,2,2,2,
435,10,2,2,2,
435,11,2,3,2,
436,1,1,1,2,
436,2,1,1,2,
436,3,1,1,2,
436,4,1,1,2,
436,5,1,1,2,
436,6,3,4,2,
436,7,3,4,2,
436,8,3,4,2,
436,9,1,1,2,
436,10,3,4,2,
436,11,2,3,2,
437,1,1,1,2,
437,2,1,3,2,
437,3,1,1,2,
437,4,3,4,2,
437,5,1,1,2,
437,6,3,4,2,
437,7,1,1,2,
437,8,3,4,2,
437,9,2,2,2,
437,10,1,1,2,
437,11,2,3,2,
438,1,1,1,2,
438,2,1,1,2,
438,3,1,1,2,
438,4,1,1,2,
438,5,1,1,2,
438,6,3,4,2,
438,7,1,1,2,
438,8,3,4,2,
438,9,2,2,2,
438,10,3,4,2,
438,11,2,3,2,
439,1,1,1,2,
439,2,1,1,2,
439,3,1,1,2,
439,4,3,4,2,
439,5,1,3,2,
439,6,3,4,2,
439,7,1,1,2,
439,8,3,4,2,
439,9,2,2,2,
439,10,2,2,2,
439,11,2,3,2,
440,1,1,1,2,
440,2,1,3,2,
440,3,1,1,2,
440,4,3,4,2,
440,5,1,1,2,
440,6,1,1,2,
440,7,1,1,2,
440,8,3,4,2,
440,9,2,2,2,
440,10,2,2,2,
440,11,2,3,2,
441,1,1,3,2,
441,2,1,3,2,
441,3,1,3,2,
441,4,3,4,2,
441,5,1,1,2,
441,6,3,4,2,
441,7,1,1,2,
441,8,3,4,2,
441,9,2,2,2,
441,10,2,2,2,
441,11,2,2,2,
442,1,1,3,2,
442,2,1,3,2,
442,3,1,3,2,
442,4,1,3,2,
442,5,1,3,2,
442,6,1,3,2,
442,7,3,4,2,
442,8,3,4,2,
442,9,2,3,2,
442,10,3,4,2,
442,11,1,3,2,
443,1,1,3,2,
443,2,1,3,2,
443,3,1,3,2,
443,4,1,3,2,
443,5,1,3,2,
443,6,3,4,2,
443,7,1,3,2,
443,8,3,4,2,
443,9,3,4,2,
443,10,3,4,2,
443,11,1,3,2,
444,1,1,3,2,
444,2,1,3,2,
444,3,1,3,2,
444,4,1,3,2,
444,5,1,3,2,
444,6,1,3,2,
444,7,3,4,2,
444,8,3,4,2,
444,9,3,4,2,
444,10,3,4,2,
444,11,1,3,2,
445,1,1,3,2,
445,2,1,3,2,
445,3,1,3,2,
445,4,3,3,2,
445,5,1,3,2,
445,6,1,3,2,
445,7,1,3,2,
445,8,3,3,2,
445,9,1,3,2,
445,10,1,3,2,
445,11,1,3,2,
446,1,1,3,2,
446,2,1,3,2,
446,3,1,3,2,
446,4,1,3,2,
446,5,1,3,2,
446,6,1,3,2,
446,7,1,3,2,
446,8,3,3,2,
446,9,1,3,2,
446,10,1,3,2,
446,11,1,3,2,
447,1,1,3,2,
447,2,1,3,2,
447,3,1,3,2,
447,4,1,3,2,
447,5,1,3,2,
447,6,3,4,2,
447,7,3,4,2,
447,8,3,4,2,
447,9,2,3,2,
447,10,3,4,2,
447,11,1,3,2,
448,1,1,3,2,
448,2,1,3,2,
448,3,2,3,2,
448,4,1,3,2,
448,5,1,3,2,
448,6,1,3,2,
448,7,3,4,2,
448,8,3,4,2,
448,9,2,3,2,
448,10,3,4,2,
448,11,1,3,2,
449,1,1,3,2,
449,2,1,3,2,
449,3,1,3,2,
449,4,1,3,2,
449,5,1,3,2,
449,6,1,3,2,
449,7,3,4,2,
449,8,3,4,2,
449,9,1,3,2,
449,10,1,3,2,
449,11,1,3,2,
450,1,1,3,2,
450,2,1,3,2,
450,3,2,3,2,
450,4,1,3,2,
450,5,1,3,2,
450,6,1,3,2,
450,7,3,4,2,
450,8,3,4,2,
450,9,3,4,2,
450,10,1,3,2,
450,11,1,3,2,
451,1,1,3,2,
451,2,1,3,2,
451,3,1,3,2,
451,4,1,3,2,
451,5,1,3,2,
451,6,1,3,2,
451,7,1,3,2,
451,8,3,4,2,
451,9,1,3,2,
451,10,1,3,2,
451,11,1,3,2,
452,1,1,3,2,
452,2,1,3,2,
452,3,1,3,2,
452,4,1,3,2,
452,5,1,3,2,
452,6,1,3,2,
452,7,3,4,2,
452,8,1,3,2,
452,9,1,3,2,
452,10,1,3,2,
452,11,1,3,2,
453,1,1,3,2,
453,2,1,3,2,
453,3,1,3,2,
453,4,1,3,2,
453,5,1,3,2,
453,6,1,3,2,
453,7,1,3,2,
453,8,1,3,2,
453,9,1,3,2,
453,10,1,3,2,
453,11,1,3,2,
454,1,1,3,2,
454,2,1,3,2,
454,3,1,3,2,
454,4,1,3,2,
454,5,1,3,2,
454,6,1,3,2,
454,7,1,3,2,
454,8,3,4,2,
454,9,1,3,2,
454,10,1,3,2,
454,11,1,3,2,
455,1,1,3,2,
455,2,1,3,2,
455,3,1,3,2,
455,4,1,3,2,
455,5,1,3,2,
455,6,1,3,2,
455,7,1,3,2,
455,8,3,4,2,
455,9,1,3,2,
455,10,1,3,2,
455,11,1,3,2,
456,1,1,3,2,
456,2,1,3,2,
456,3,1,3,2,
456,4,1,3,2,
456,5,1,3,2,
456,6,1,3,2,
456,7,1,3,2,
456,8,3,4,2,
456,9,1,3,2,
456,10,1,3,2,
456,11,1,3,2,
457,1,1,3,2,
457,2,1,3,2,
457,3,1,3,2,
457,4,1,3,2,
457,5,1,3,2,
457,6,1,3,2,
457,7,1,3,2,
457,8,3,4,2,
457,9,1,3,2,
457,10,1,3,2,
457,11,1,3,2,
458,1,1,3,2,
458,2,1,3,2,
458,3,1,3,2,
458,4,1,3,2,
458,5,1,3,2,
458,6,1,3,2,
458,7,1,3,2,
458,8,3,4,2,
458,9,1,3,2,
458,10,1,3,2,
458,11,1,3,2,
459,1,1,3,2,
459,2,1,3,2,
459,3,1,3,2,
459,4,1,3,2,
459,5,1,3,2,
459,6,1,3,2,
459,7,1,3,2,
459,8,3,4,2,
459,9,1,3,2,
459,10,1,3,2,
459,11,1,3,2,
460,1,1,3,2,
460,2,1,3,2,
460,3,1,3,2,
460,4,1,3,2,
460,5,1,3,2,
460,6,1,1,2,
460,7,2,3,1,2
460,8,2,3,1,2
460,9,1,3,2,
460,10,2,4,2,
460,11,1,3,2,
461,1,1,3,2,
461,2,1,3,2,
461,3,1,3,2,
461,4,1,3,2,
461,5,1,3,2,
461,6,1,3,2,
461,7,3,4,2,
461,8,2,3,2,
461,9,2,4,2,
461,10,3,4,2,
461,11,3,4,2,
462,1,1,4,2,
462,2,1,4,2,
462,3,1,4,2,
462,4,1,3,2,
462,5,1,3,2,
462,6,1,3,2,
462,7,3,4,2,
462,8,3,4,2,
462,9,3,4,2,
462,10,3,4,2,
462,11,2,1,2,
463,1,1,3,2,
463,2,1,3,2,
463,3,1,3,2,
463,4,1,3,2,
463,5,1,3,2,
463,6,1,3,2,
463,7,1,3,2,
463,8,3,4,2,
463,9,3,4,2,
463,10,3,4,2,
463,11,2,1,2,
464,1,1,3,2,
464,2,1,3,2,
464,3,1,3,2,
464,4,1,3,2,
464,5,1,3,2,
464,6,1,1,2,
464,7,1,4,2,
464,8,2,3,1,2
464,9,2,3,2,
464,10,3,4,2,
464,11,3,4,2,
465,1,1,3,2,
465,2,1,3,2,
465,3,1,3,2,
465,4,1,3,2,
465,5,1,3,2,
465,6,1,1,2,
465,7,1,3,2,
465,8,2,3,2,
465,9,1,3,2,
465,10,1,3,2,
465,11,2,3,2,
466,1,1,3,2,
466,2,1,3,2,
466,3,1,3,2,
466,4,1,3,2,
466,5,1,3,2,
466,6,1,3,2,
466,7,1,3,2,
466,8,2,3,2,
466,9,2,4,2,
466,10,3,4,2,
466,11,2,1,2,
467,1,1,3,2,
467,2,1,3,2,
467,3,1,3,2,
467,4,1,3,2,
467,5,1,3,2,
467,6,1,3,2,
467,7,1,3,2,
467,8,3,4,2,
467,9,2,3,1,2
467,10,3,4,2,
467,11,2,3,2,
468,1,1,3,2,
468,2,1,3,2,
468,3,1,3,2,
468,4,1,3,2,
468,5,1,3,2,
468,6,1,3,2,
468,7,3,4,2,
468,8,3,4,2,
468,9,1,3,2,
468,10,3,4,2,
468,11,2,1,2,
469,1,1,1,2,
469,2,1,1,2,
469,3,1,1,2,
469,4,1,1,2,
469,5,1,1,2,
469,6,1,1,2,
469,7,1,1,2,
469,8,3,4,2,
469,9,2,2,2,
469,10,3,4,2,
469,11,1,1,2,
470,1,1,1,2,
470,2,1,1,2,
470,3,1,1,2,
470,4,1,1,2,
470,5,1,1,2,
470,6,1,1,2,
470,7,1,1,2,
470,8,3,4,2,
470,9,2,2,2,
470,10,2,2,2,
470,11,1,1,2,
471,1,1,1,2,
471,2,1,1,2,
471,3,1,1,2,
471,4,2,3,2,
471,5,1,1,2,
471,6,1,1,2,
471,7,3,4,2,
471,8,3,4,2,
471,9,2,2,2,
471,10,3,4,2,
471,11,1,1,2,
472,1,2,3,2,
472,2,1,1,2,
472,3,2,3,2,
472,4,1,1,2,
472,5,1,1,2,
472,6,1,1,2,
472,7,1,1,2,
472,8,3,4,2,
472,9,2,2,2,
472,10,2,2,2,
472,11,1,1,2,
473,1,1,1,2,
473,2,1,1,2,
473,3,1,1,2,
473,4,1,1,2,
473,5,1,1,2,
473,6,1,1,2,
473,7,1,1,2,
473,8,3,4,2,
473,9,2,2,2,
473,10,2,2,2,
473,11,1,1,2,
474,1,1,1,2,
474,2,1,1,2,
474,3,1,1,2,
474,4,1,1,2,
474,5,1,1,2,
474,6,1,1,2,
474,7,1,1,2,
474,8,3,4,2,
474,9,2,2,2,
474,10,3,4,2,
474,11,1,1,2,
475,1,1,1,2,
475,2,1,1,2,
475,3,1,1,2,
475,4,1,1,2,
475,5,1,1,2,
475,6,1,1,2,
475,7,1,1,2,
475,8,3,4,2,
475,9,2,2,2,
475,10,3,4,2,
475,11,1,1,2,
476,1,1,1,2,
476,2,1,1,2,
476,3,1,1,2,
476,4,1,1,2,
476,5,1,1,2,
476,6,1,1,2,
476,7,1,1,2,
476,8,3,4,2,
476,9,2,2,2,
476,10,2,2,2,
476,11,1,1,2,
477,1,1,1,2,
477,2,1,1,2,
477,3,1,1,2,
477,4,1,1,2,
477,5,1,1,2,
477,6,1,1,2,
477,7,1,1,2,
477,8,3,4,2,
477,9,2,2,2,
477,10,3,4,2,
477,11,1,1,2,
478,1,1,3,2,
478,2,1,3,2,
478,3,2,3,2,
478,4,1,3,2,
478,5,1,3,2,
478,6,3,4,2,
478,7,1,3,2,
478,8,3,4,2,
478,9,2,2,2,
478,10,1,3,2,
478,11,2,2,2,
479,1,1,3,2,
479,2,1,3,2,
479,3,1,3,2,
479,4,1,3,2,
479,5,1,3,2,
479,6,3,4,2,
479,7,3,4,2,
479,8,3,4,2,
479,9,1,3,2,
479,10,3,4,2,
479,11,1,3,2,
480,1,1,3,2,
480,2,1,3,2,
480,3,1,3,2,
480,4,1,3,2,
480,5,1,3,2,
480,6,1,3,2,
480,7,1,3,2,
480,8,3,4,2,
480,9,1,3,2,
480,10,1,3,2,
480,11,1,3,2,
481,1,1,3,2,
481,2,1,3,2,
481,3,1,3,2,
481,4,1,3,2,
481,5,1,3,2,
481,6,3,4,2,
481,7,1,3,2,
481,8,3,4,2,
481,9,2,3,2,
481,10,2,3,2,
481,11,2,3,2,
482,1,1,3,2,
482,2,1,3,2,
482,3,1,3,2,
482,4,1,3,2,
482,5,1,3,2,
482,6,1,3,2,
482,7,1,3,2,
482,8,1,3,2,
482,9,1,3,2,
482,10,3,4,2,
482,11,1,3,2,
483,1,1,3,2,
483,2,1,3,2,
483,3,1,3,2,
483,4,1,3,2,
483,5,1,3,2,
483,6,3,4,2,
483,7,3,4,2,
483,8,3,4,2,
483,9,1,3,2,
483,10,3,4,2,
483,11,1,3,2,
484,1,1,3,2,
484,2,1,3,2,
484,3,1,3,2,
484,4,1,3,2,
484,5,1,3,2,
484,6,1,3,2,
484,7,1,3,2,
484,8,3,4,2,
484,9,1,3,2,
484,10,1,3,2,
484,11,1,3,2,
485,1,1,3,2,
485,2,1,3,2,
485,3,1,3,2,
485,4,1,3,2,
485,5,1,3,2,
485,6,1,3,2,
485,7,1,3,2,
485,8,3,4,2,
485,9,3,4,2,
485,10,1,3,2,
485,11,1,3,2,
486,1,1,3,2,
486,2,1,3,2,
486,3,1,3,2,
486,4,1,3,2,
486,5,1,3,2,
486,6,3,4,2,
486,7,1,3,2,
486,8,1,3,2,
486,9,2,3,2,
486,10,2,3,2,
486,11,2,3,2,
487,1,1,3,2,
487,2,1,3,2,
487,3,1,3,2,
487,4,1,3,2,
487,5,1,3,2,
487,6,1,3,2,
487,7,3,4,2,
487,8,3,4,2,
487,9,1,3,2,
487,10,3,4,2,
487,11,1,3,2,
488,1,1,3,2,
488,2,1,3,2,
488,3,1,3,2,
488,4,1,3,2,
488,5,1,3,2,
488,6,1,3,2,
488,7,1,3,2,
488,8,3,4,2,
488,9,3,4,2,
488,10,1,3,2,
488,11,1,3,2,
489,1,1,3,2,
489,2,1,3,2,
489,3,1,3,2,
489,4,1,3,2,
489,5,3,4,2,
489,6,1,3,2,
489,7,1,3,2,
489,8,3,4,2,
489,9,1,3,2,
489,10,1,3,2,
489,11,1,3,2,
490,1,1,3,2,
490,2,1,3,2,
490,3,1,3,2,
490,4,1,3,2,
490,5,1,3,2,
490,6,1,3,2,
490,7,1,3,2,
490,8,3,4,2,
490,9,1,3,2,
490,10,2,2,2,
490,11,1,3,2,
491,1,1,3,2,
491,2,1,3,2,
491,3,1,3,2,
491,4,1,3,2,
491,5,1,3,2,
491,6,1,3,2,
491,7,3,4,2,
491,8,3,4,2,
491,9,2,2,1,2
491,10,3,4,2,
491,11,1,3,2,
492,1,1,3,2,
492,2,1,3,2,
492,3,1,3,2,
492,4,1,3,2,
492,5,1,3,2,
492,6,1,3,2,
492,7,1,3,2,
492,8,3,4,2,
492,9,1,3,2,
492,10,1,3,2,
492,11,1,3,2,
493,1,1,3,2,
493,2,1,3,2,
493,3,1,3,2,
493,4,1,3,2,
493,5,1,3,2,
493,6,1,3,2,
493,7,3,4,2,
493,8,3,4,2,
493,9,1,3,2,
493,10,3,4,2,
493,11,1,3,2,
494,1,1,3,2,
494,2,1,3,2,
494,3,1,3,2,
494,4,1,3,2,
494,5,2,2,1,2
494,6,1,3,2,
494,7,1,3,2,
494,8,3,4,2,
494,9,1,3,2,
494,10,3,4,2,
494,11,2,2,2,
495,1,1,3,2,
495,2,1,3,2,
495,3,1,3,2,
495,4,1,3,2,
495,5,1,3,2,
495,6,1,3,2,
495,7,1,3,2,
495,8,3,4,2,
495,9,1,3,2,
495,10,1,3,2,
495,11,1,3,2,
496,1,1,3,2,
496,2,1,3,2,
496,3,1,3,2,
496,4,3,4,2,
496,5,1,3,2,
496,6,3,4,2,
496,7,1,3,2,
496,8,3,4,2,
496,9,2,3,2,
496,10,3,4,2,
496,11,1,3,2,
497,1,1,3,2,
497,2,1,3,2,
497,3,1,3,2,
497,4,1,3,2,
497,5,1,3,2,
497,6,1,3,2,
497,7,1,3,2,
497,8,3,4,2,
497,9,2,3,2,
497,10,2,3,2,
497,11,2,3,2,
498,1,1,3,2,
498,2,1,3,2,
498,3,1,3,2,
498,4,1,3,2,
498,5,1,3,2,
498,6,3,4,2,
498,7,1,3,2,
498,8,3,4,2,
498,9,2,3,2,
498,10,1,3,2,
498,11,2,3,2,
499,1,1,3,2,
499,2,1,3,2,
499,3,1,3,2,
499,4,1,3,2,
499,5,1,3,2,
499,6,1,3,2,
499,7,3,4,2,
499,8,3,4,2,
499,9,2,3,2,
499,10,3,4,2,
499,11,1,3,2,
500,1,1,3,2,
500,2,1,3,2,
500,3,1,3,2,
500,4,1,3,2,
500,5,1,3,2,
500,6,3,4,2,
500,7,1,3,2,
500,8,3,4,2,
500,9,2,3,2,
500,10,3,4,2,
500,11,2,3,2,
501,1,1,3,2,
501,2,1,3,2,
501,3,1,3,2,
501,4,1,3,2,
501,5,1,3,2,
501,6,1,3,2,
501,7,3,4,2,
501,8,3,4,2,
501,9,2,2,2,
501,10,3,4,2,
501,11,1,3,2,
502,1,1,3,2,
502,2,1,3,2,
502,3,1,3,2,
502,4,1,3,2,
502,5,1,3,2,
502,6,1,3,2,
502,7,3,4,2,
502,8,3,4,2,
502,9,1,3,2,
502,10,1,3,2,
502,11,1,3,2,
503,1,1,3,2,
503,2,1,3,2,
503,3,1,3,2,
503,4,1,3,2,
503,5,1,3,2,
503,6,1,3,2,
503,7,1,3,2,
503,8,3,4,2,
503,9,3,4,2,
503,10,3,4,2,
503,11,1,3,2,
504,1,1,3,2,
504,2,1,3,2,
504,3,1,3,2,
504,4,1,3,2,
504,5,1,3,2,
504,6,3,4,2,
504,7,1,3,2,
504,8,3,4,2,
504,9,2,2,2,
504,10,3,4,2,
504,11,1,3,2,
505,1,1,3,2,
505,2,1,3,2,
505,3,1,3,2,
505,4,1,3,2,
505,5,1,3,2,
505,6,1,3,2,
505,7,1,3,2,
505,8,3,4,2,
505,9,1,3,2,
505,10,1,3,2,
505,11,1,3,2,
506,1,1,3,2,
506,2,1,3,2,
506,3,1,3,2,
506,4,1,3,2,
506,5,1,3,2,
506,6,1,3,2,
506,7,1,3,2,
506,8,3,4,2,
506,9,1,3,2,
506,10,3,4,2,
506,11,1,3,2,
507,1,1,3,2,
507,2,1,3,2,
507,3,1,3,2,
507,4,1,3,2,
507,5,1,3,2,
507,6,1,3,2,
507,7,1,3,2,
507,8,1,3,2,
507,9,1,3,2,
507,10,1,3,2,
507,11,1,3,2,
508,1,1,3,2,
508,2,1,3,2,
508,3,1,3,2,
508,4,1,3,2,
508,5,1,3,2,
508,6,1,3,2,
508,7,1,3,2,
508,8,3,4,2,
508,9,3,4,2,
508,10,2,2,1,2
508,11,1,3,2,
509,1,1,3,2,
509,2,1,3,2,
509,3,1,3,2,
509,4,3,4,2,
509,5,1,3,2,
509,6,1,3,2,
509,7,1,3,2,
509,8,3,4,2,
509,9,3,4,2,
509,10,2,2,2,
509,11,1,3,2,
510,1,1,3,2,
510,2,1,3,2,
510,3,1,3,2,
510,4,1,3,2,
510,5,1,3,2,
510,6,1,3,2,
510,7,1,3,2,
510,8,3,4,2,
510,9,1,3,2,
510,10,1,3,2,
510,11,1,3,2,
511,1,1,1,2,
511,2,1,3,2,
511,3,1,3,2,
511,4,1,3,2,
511,5,1,3,2,
511,6,1,3,2,
511,7,1,3,2,
511,8,3,4,2,
511,9,2,2,2,
511,10,1,3,2,
511,11,1,3,2,
512,1,1,3,2,
512,2,1,3,2,
512,3,1,3,2,
512,4,1,3,2,
512,5,1,3,2,
512,6,1,3,2,
512,7,1,3,2,
512,8,3,4,2,
512,9,2,2,2,
512,10,2,2,2,
512,11,1,3,2,
513,1,1,3,2,
513,2,1,3,2,
513,3,1,3,2,
513,4,1,3,2,
513,5,1,3,2,
513,6,1,3,2,
513,7,1,3,2,
513,8,3,4,2,
513,9,1,3,2,
513,10,1,3,2,
513,11,2,2,2,
514,1,1,3,2,
514,2,1,3,2,
514,3,1,3,2,
514,4,1,3,2,
514,5,1,3,2,
514,6,1,3,2,
514,7,1,3,2,
514,8,3,4,2,
514,9,1,3,2,
514,10,1,3,2,
514,11,1,3,2,
515,1,1,3,2,
515,2,1,3,2,
515,3,1,3,2,
515,4,1,3,2,
515,5,1,3,2,
515,6,1,3,2,
515,7,1,3,2,
515,8,3,4,2,
515,9,1,3,2,
515,10,1,3,2,
515,11,1,3,2,
516,1,1,3,2,
516,2,1,3,2,
516,3,1,3,2,
516,4,1,3,2,
516,5,1,3,2,
516,6,1,3,2,
516,7,1,3,2,
516,8,3,4,2,
516,9,1,3,2,
516,10,1,3,2,
516,11,1,3,2,
517,1,1,3,2,
517,2,1,3,2,
517,3,1,3,2,
517,4,1,3,2,
517,5,1,3,2,
517,6,1,3,2,
517,7,1,3,2,
517,8,3,4,2,
517,9,1,3,2,
517,10,1,3,2,
517,11,1,3,2,
518,1,1,3,2,
518,2,1,3,2,
518,3,1,3,2,
518,4,1,3,2,
518,5,1,3,2,
518,6,1,3,2,
518,7,1,3,2,
518,8,3,4,2,
518,9,1,3,2,
518,10,1,3,2,
518,11,1,3,2,
519,1,1,3,2,
519,2,1,3,2,
519,3,1,3,2,
519,4,1,3,2,
519,5,1,3,2,
519,6,1,3,2,
519,7,1,3,2,
519,8,3,4,2,
519,9,1,3,2,
519,10,1,3,2,
519,11,1,3,2,
520,1,1,3,2,
520,2,1,3,2,
520,3,1,3,2,
520,4,1,3,2,
520,5,1,3,2,
520,6,1,3,2,
520,7,1,3,2,
520,8,3,4,2,
520,9,1,3,2,
520,10,1,3,2,
520,11,1,3,2,
521,1,1,3,2,
521,2,1,3,2,
521,3,1,3,2,
521,4,1,3,2,
521,5,1,3,2,
521,6,1,3,2,
521,7,1,3,2,
521,8,3,4,2,
521,9,1,3,2,
521,10,1,3,2,
521,11,1,3,2,
522,1,1,3,2,
522,2,1,3,2,
522,3,1,3,2,
522,4,1,3,2,
522,5,1,3,2,
522,6,1,3,2,
522,7,1,3,2,
522,8,3,4,2,
522,9,1,3,2,
522,10,1,3,2,
522,11,1,3,2,
523,1,1,3,2,
523,2,1,3,2,
523,3,1,3,2,
523,4,1,3,2,
523,5,1,3,2,
523,6,1,3,2,
523,7,1,3,2,
523,8,3,4,2,
523,9,1,3,2,
523,10,1,3,2,
523,11,1,3,2,
524,1,1,3,2,
524,2,1,3,2,
524,3,1,3,2,
524,4,1,3,2,
524,5,1,3,2,
524,6,1,3,2,
524,7,1,3,2,
524,8,3,4,2,
524,9,1,3,2,
524,10,1,3,2,
524,11,1,3,2,
525,1,1,3,2,
525,2,1,3,2,
525,3,1,3,2,
525,4,1,3,2,
525,5,1,3,2,
525,6,1,3,2,
525,7,1,3,2,
525,8,3,4,2,
525,9,2,3,2,
525,10,2,3,2,
525,11,2,3,2,
526,1,1,3,2,
526,2,1,3,2,
526,3,1,3,2,
526,4,1,3,2,
526,5,1,3,2,
526,6,1,3,2,
526,7,1,3,2,
526,8,3,4,2,
526,9,1,3,2,
526,10,1,3,2,
526,11,1,3,2,
527,1,1,3,2,
527,2,1,3,2,
527,3,1,3,2,
527,4,1,3,2,
527,5,1,3,2,
527,6,1,3,2,
527,7,1,3,2,
527,8,3,4,2,
527,9,1,3,2,
527,10,1,3,2,
527,11,1,3,2,
528,1,1,3,1,1
528,2,1,3,2,
528,3,1,3,2,
528,4,1,3,2,
528,5,1,3,2,
528,6,1,3,2,
528,7,1,3,2,
528,8,3,4,2,
528,9,1,3,2,
528,10,1,3,2,
528,11,1,3,2,
529,1,1,3,2,
529,2,1,3,2,
529,3,1,3,2,
529,4,1,3,2,
529,5,1,3,2,
529,6,1,3,2,
529,7,1,3,2,
529,8,3,4,2,
529,9,1,3,2,
529,10,1,3,2,
529,11,1,3,2,
530,1,1,3,2,
530,2,1,3,2,
530,3,2,2,1,2
530,4,1,3,2,
530,5,1,3,2,
530,6,1,3,2,
530,7,1,3,2,
530,8,3,4,2,
530,9,2,3,2,
530,10,1,3,2,
530,11,1,3,2,
531,1,1,3,1,1
531,2,1,3,2,
531,3,1,3,2,
531,4,1,3,2,
531,5,1,3,1,1
531,6,1,3,2,
531,7,1,3,2,
531,8,3,4,2,
531,9,1,3,2,
531,10,1,3,2,
531,11,2,3,2,
532,1,1,3,2,
532,2,1,3,2,
532,3,2,3,2,
532,4,1,3,2,
532,5,1,3,2,
532,6,1,3,2,
532,7,1,3,2,
532,8,3,4,2,
532,9,1,3,2,
532,10,1,3,2,
532,11,2,3,2,
533,1,1,3,2,
533,2,1,3,2,
533,3,1,3,2,
533,4,1,3,2,
533,5,1,3,2,
533,6,1,3,2,
533,7,1,3,2,
533,8,3,4,2,
533,9,1,3,2,
533,10,1,3,2,
533,11,1,3,2,
534,1,1,3,2,
534,2,1,3,2,
534,3,1,3,2,
534,4,1,3,2,
534,5,1,3,2,
534,6,1,3,2,
534,7,1,3,2,
534,8,3,4,2,
534,9,1,3,2,
534,10,1,3,2,
534,11,1,3,2,
535,1,1,3,2,
535,2,1,3,2,
535,3,1,3,2,
535,4,1,3,2,
535,5,1,3,2,
535,6,3,4,2,
535,7,3,4,2,
535,8,3,4,2,
535,9,2,3,2,
535,10,2,3,2,
535,11,2,3,2,
536,1,1,3,2,
536,2,1,3,2,
536,3,1,3,2,
536,4,1,3,2,
536,5,1,3,2,
536,6,1,3,2,
536,7,1,3,2,
536,8,3,4,2,
536,9,3,4,2,
536,10,2,3,2,
536,11,2,3,2,
537,1,1,3,2,
537,2,1,3,2,
537,3,2,2,2,
537,4,1,3,2,
537,5,1,3,2,
537,6,1,3,2,
537,7,1,3,2,
537,8,3,4,2,
537,9,1,3,2,
537,10,2,2,2,
537,11,2,3,2,
538,1,1,3,2,
538,2,1,3,2,
538,3,1,3,2,
538,4,1,3,2,
538,5,1,3,2,
538,6,1,3,2,
538,7,1,3,2,
538,8,3,4,2,
538,9,1,3,2,
538,10,2,3,2,
538,11,2,3,2,
539,1,1,3,2,
539,2,1,3,2,
539,3,2,3,2,
539,4,1,3,2,
539,5,1,3,2,
539,6,1,3,2,
539,7,1,3,2,
539,8,3,4,2,
539,9,2,3,2,
539,10,3,4,2,
539,11,1,3,2,
540,1,1,3,2,
540,2,1,3,2,
540,3,2,3,2,
540,4,1,3,2,
540,5,1,3,2,
540,6,1,3,2,
540,7,3,4,2,
540,8,3,4,2,
540,9,1,3,2,
540,10,1,3,2,
540,11,1,3,2,
541,1,1,1,2,
541,2,1,3,2,
541,3,1,1,2,
541,4,1,3,2,
541,5,1,3,2,
541,6,1,3,2,
541,7,1,1,2,
541,8,3,4,2,
541,9,1,1,2,
541,10,1,1,2,
541,11,1,1,2,
542,1,1,3,2,
542,2,1,3,2,
542,3,1,3,2,
542,4,1,3,2,
542,5,1,3,2,
542,6,1,3,2,
542,7,1,1,2,
542,8,3,4,2,
542,9,1,3,2,
542,10,1,3,2,
542,11,1,1,2,
543,1,1,1,2,
543,2,1,1,2,
543,3,1,1,2,
543,4,1,1,2,
543,5,1,1,2,
543,6,1,1,2,
543,7,1,1,2,
543,8,3,4,2,
543,9,1,1,2,
543,10,1,1,2,
543,11,1,1,2,
544,1,1,1,2,
544,2,1,3,2,
544,3,1,3,2,
544,4,1,1,2,
544,5,1,1,2,
544,6,1,1,2,
544,7,1,1,2,
544,8,3,4,2,
544,9,1,1,2,
544,10,1,1,2,
544,11,1,1,2,
545,1,1,1,2,
545,2,1,3,2,
545,3,1,1,2,
545,4,1,3,2,
545,5,1,3,2,
545,6,1,3,2,
545,7,1,1,2,
545,8,3,4,2,
545,9,1,1,2,
545,10,1,3,2,
545,11,1,1,2,
546,1,1,3,2,
546,2,1,3,2,
546,3,1,3,2,
546,4,3,4,2,
546,5,1,3,2,
546,6,1,3,2,
546,7,1,1,2,
546,8,3,4,2,
546,9,1,3,2,
546,10,1,4,2,
546,11,1,1,2,
547,1,1,3,2,
547,2,1,3,2,
547,3,1,3,2,
547,4,1,3,2,
547,5,1,3,2,
547,6,1,3,2,
547,7,3,4,2,
547,8,3,4,2,
547,9,1,3,2,
547,10,3,4,2,
547,11,3,4,2,
548,1,1,1,2,
548,2,1,3,2,
548,3,1,3,2,
548,4,1,3,2,
548,5,1,3,2,
548,6,1,3,2,
548,7,3,4,2,
548,8,3,4,2,
548,9,1,1,2,
548,10,3,4,2,
548,11,1,1,2,
549,1,1,1,2,
549,2,1,1,2,
549,3,1,1,2,
549,4,1,1,2,
549,5,1,1,2,
549,6,1,1,2,
549,7,1,1,2,
549,8,3,4,2,
549,9,1,1,2,
549,10,1,1,2,
549,11,1,1,2,
550,1,1,3,2,
550,2,1,3,2,
550,3,1,3,2,
550,4,1,1,2,
550,5,2,1,2,
550,6,2,3,2,
550,7,2,2,2,
550,8,2,3,2,
550,9,2,3,2,
550,10,2,3,2,
550,11,1,1,2,
551,1,2,3,2,
551,2,2,3,2,
551,3,2,1,2,
551,4,2,1,2,
551,5,1,1,2,
551,6,2,3,2,
551,7,2,1,2,
551,8,2,3,2,
551,9,2,3,2,
551,10,1,3,2,
551,11,1,3,2,
552,1,2,3,2,
552,2,2,3,2,
552,3,1,1,2,
552,4,2,3,2,
552,5,1,1,2,
552,6,1,1,2,
552,7,1,1,2,
552,8,2,3,2,
552,9,1,3,2,
552,10,1,1,2,
552,11,1,1,2,
553,1,2,3,2,
553,2,1,3,2,
553,3,2,3,2,
553,4,2,3,2,
553,5,1,3,2,
553,6,1,1,2,
553,7,1,1,2,
553,8,2,2,2,
553,9,1,3,2,
553,10,1,3,2,
553,11,1,3,2,
554,1,1,3,2,
554,2,1,3,2,
554,3,1,1,2,
554,4,1,1,2,
554,5,1,3,2,
554,6,3,4,2,
554,7,1,3,2,
554,8,3,4,2,
554,9,1,1,2,
554,10,3,4,2,
554,11,1,1,2,
555,1,2,3,1,2
555,2,2,3,1,1
555,3,2,3,2,
555,4,2,1,1,1
555,5,2,1,2,
555,6,2,3,2,
555,7,1,1,2,
555,8,2,3,2,
555,9,1,3,2,
555,10,1,1,2,
555,11,1,1,2,
556,1,1,1,2,
556,2,2,3,2,
556,3,1,1,2,
556,4,1,1,2,
556,5,1,1,2,
556,6,1,3,2,
556,7,1,3,2,
556,8,3,4,2,
556,9,2,1,2,
556,10,2,3,2,
556,11,1,3,2,
557,1,1,1,2,
557,2,1,1,2,
557,3,1,1,2,
557,4,1,3,2,
557,5,2,3,2,
557,6,2,3,2,
557,7,2,1,2,
557,8,2,3,2,
557,9,2,2,2,
557,10,2,1,2,
557,11,1,1,2,
558,1,2,3,2,
558,2,2,1,2,
558,3,1,1,2,
558,4,1,1,2,
558,5,1,3,2,
558,6,2,3,2,
558,7,2,1,2,
558,8,2,2,2,
558,9,1,3,2,
558,10,1,3,2,
558,11,1,1,2,
559,1,1,3,2,
559,2,3,4,2,
559,3,1,3,2,
559,4,3,4,2,
559,5,1,3,2,
559,6,3,4,2,
559,7,1,3,2,
559,8,2,3,2,
559,9,3,4,2,
559,10,3,4,2,
559,11,1,3,2,
560,1,1,3,2,
560,2,3,4,2,
560,3,3,2,2,
560,4,3,4,2,
560,5,1,3,2,
560,6,1,3,2,
560,7,1,3,2,
560,8,1,3,2,
560,9,1,3,2,
560,10,1,3,2,
560,11,1,3,2,
561,1,1,3,2,
561,2,3,4,2,
561,3,1,3,2,
561,4,3,4,2,
561,5,1,3,2,
561,6,3,4,2,
561,7,3,4,2,
561,8,2,3,2,
561,9,3,4,2,
561,10,1,3,2,
561,11,1,3,2,
562,1,1,3,2,
562,2,3,4,2,
562,3,2,3,2,
562,4,3,4,2,
562,5,1,3,2,
562,6,3,4,2,
562,7,3,4,2,
562,8,2,3,2,
562,9,1,3,2,
562,10,1,3,2,
562,11,1,3,2,
563,1,1,3,2,
563,2,3,4,2,
563,3,1,3,2,
563,4,3,4,2,
563,5,1,3,2,
563,6,3,4,2,
563,7,3,4,2,
563,8,2,3,2,
563,9,3,4,2,
563,10,1,3,2,
563,11,1,3,2,
564,1,1,3,2,
564,2,3,4,2,
564,3,2,3,2,
564,4,3,4,2,
564,5,1,3,2,
564,6,3,4,2,
564,7,3,4,2,
564,8,2,3,2,
564,9,1,3,2,
564,10,3,4,2,
564,11,1,3,2,
565,1,1,3,2,
565,2,3,4,2,
565,3,1,3,2,
565,4,3,4,2,
565,5,1,3,2,
565,6,3,4,2,
565,7,1,3,2,
565,8,2,3,2,
565,9,3,4,2,
565,10,3,4,2,
565,11,1,3,2,
566,1,1,3,2,
566,2,3,4,2,
566,3,2,3,2,
566,4,3,4,2,
566,5,1,3,2,
566,6,3,4,2,
566,7,1,3,2,
566,8,2,3,2,
566,9,1,3,2,
566,10,3,4,2,
566,11,1,3,2,
567,1,1,3,2,
567,2,3,4,2,
567,3,2,3,2,
567,4,1,3,2,
567,5,1,3,2,
567,6,3,4,2,
567,7,3,4,2,
567,8,2,3,2,
567,9,3,4,2,
567,10,3,4,2,
567,11,3,4,2,
568,1,2,3,2,
568,2,1,3,2,
568,3,2,3,2,
568,4,3,4,2,
568,5,1,3,2,
568,6,3,4,2,
568,7,1,3,2,
568,8,1,3,2,
568,9,3,4,2,
568,10,1,3,2,
568,11,1,3,2,
569,1,1,3,2,
569,2,1,3,2,
569,3,1,3,2,
569,4,3,4,2,
569,5,1,3,2,
569,6,3,4,2,
569,7,1,3,2,
569,8,1,3,2,
569,9,1,3,2,
569,10,1,3,2,
569,11,1,3,2,
570,1,1,3,2,
570,2,1,3,2,
570,3,1,3,2,
570,4,2,3,2,
570,5,1,3,2,
570,6,3,4,2,
570,7,3,4,2,
570,8,1,3,2,
570,9,1,3,2,
570,10,3,4,2,
570,11,1,3,2,
571,1,2,3,2,
571,2,1,3,2,
571,3,2,3,2,
571,4,3,4,2,
571,5,1,3,2,
571,6,3,4,2,
571,7,1,3,2,
571,8,1,3,2,
571,9,1,3,2,
571,10,1,3,2,
571,11,1,3,2,
572,1,2,3,2,
572,2,3,4,2,
572,3,2,3,2,
572,4,2,3,2,
572,5,1,3,2,
572,6,3,4,2,
572,7,1,3,2,
572,8,1,3,2,
572,9,3,4,2,
572,10,1,3,2,
572,11,1,3,2,
573,1,1,3,2,
573,2,3,4,2,
573,3,1,3,2,
573,4,3,4,2,
573,5,1,3,2,
573,6,3,4,2,
573,7,3,4,2,
573,8,1,3,2,
573,9,3,4,2,
573,10,3,4,2,
573,11,1,3,2,
574,1,2,3,2,
574,2,3,4,2,
574,3,2,3,2,
574,4,3,4,2,
574,5,1,3,2,
574,6,3,4,2,
574,7,3,4,2,
574,8,1,3,2,
574,9,1,3,2,
574,10,3,4,2,
574,11,1,3,2,
575,1,2,3,2,
575,2,1,3,2,
575,3,2,3,2,
575,4,2,3,2,
575,5,1,3,2,
575,6,3,4,2,
575,7,1,3,2,
575,8,1,3,2,
575,9,1,3,2,
575,10,1,3,2,
575,11,1,3,2,
576,1,2,3,2,
576,2,3,4,2,
576,3,2,3,2,
576,4,1,3,2,
576,5,1,3,2,
576,6,3,4,2,
576,7,3,4,2,
576,8,1,3,2,
576,9,1,3,2,
576,10,3,4,2,
576,11,3,4,2,
577,1,1,3,2,
577,2,1,3,2,
577,3,1,3,2,
577,4,1,3,2,
577,5,1,3,2,
577,6,1,3,2,
577,7,1,3,2,
577,8,2,3,2,
577,9,1,3,2,
577,10,3,4,2,
577,11,1,3,2,
578,1,1,3,2,
578,2,2,3,2,
578,3,1,3,2,
578,4,3,4,2,
578,5,1,3,2,
578,6,1,3,2,
578,7,1,3,2,
578,8,2,3,2,
578,9,1,3,2,
578,10,3,4,2,
578,11,1,3,2,
579,1,1,3,2,
579,2,1,3,2,
579,3,1,3,2,
579,4,3,4,2,
579,5,1,3,2,
579,6,1,3,2,
579,7,1,3,2,
579,8,3,4,2,
579,9,1,3,2,
579,10,1,3,2,
579,11,1,3,2,
580,1,3,4,2,
580,2,3,4,2,
580,3,2,3,2,
580,4,3,4,2,
580,5,1,3,2,
580,6,1,3,2,
580,7,3,4,2,
580,8,2,3,2,
580,9,2,3,2,
580,10,3,4,2,
580,11,2,3,2,
581,1,1,3,2,
581,2,1,3,2,
581,3,1,3,2,
581,4,3,4,2,
581,5,1,3,2,
581,6,1,3,2,
581,7,1,3,2,
581,8,2,3,2,
581,9,1,3,2,
581,10,3,4,2,
581,11,1,3,2,
582,1,1,3,2,
582,2,3,4,2,
582,3,1,3,2,
582,4,3,4,2,
582,5,1,3,2,
582,6,1,3,2,
582,7,1,3,2,
582,8,3,4,2,
582,9,1,3,2,
582,10,3,4,2,
582,11,1,3,2,
583,1,1,3,2,
583,2,1,3,2,
583,3,1,3,2,
583,4,3,4,2,
583,5,1,3,2,
583,6,1,3,2,
583,7,1,3,2,
583,8,3,4,2,
583,9,1,3,2,
583,10,3,4,2,
583,11,1,3,2,
584,1,1,3,2,
584,2,3,4,2,
584,3,1,3,2,
584,4,3,4,2,
584,5,1,3,2,
584,6,1,3,2,
584,7,1,3,2,
584,8,2,3,2,
584,9,1,3,2,
584,10,3,4,2,
584,11,1,3,2,
585,1,3,4,2,
585,2,3,4,2,
585,3,2,3,2,
585,4,3,4,2,
585,5,1,3,2,
585,6,1,3,2,
585,7,1,3,2,
585,8,3,3,2,
585,9,1,3,2,
585,10,3,4,2,
585,11,1,3,2,
586,1,1,1,2,
586,2,2,3,2,
586,3,1,1,2,
586,4,2,3,2,
586,5,1,1,2,
586,6,1,1,2,
586,7,1,1,2,
586,8,3,4,2,
586,9,1,1,2,
586,10,3,4,2,
586,11,1,1,2,
587,1,1,1,2,
587,2,1,1,2,
587,3,1,1,2,
587,4,3,4,2,
587,5,1,1,2,
587,6,1,1,2,
587,7,1,1,2,
587,8,3,4,2,
587,9,1,1,2,
587,10,3,4,2,
587,11,1,1,2,
588,1,1,1,2,
588,2,1,1,2,
588,3,1,1,2,
588,4,3,4,2,
588,5,1,1,2,
588,6,1,1,2,
588,7,1,1,2,
588,8,2,3,2,
588,9,1,1,2,
588,10,3,4,2,
588,11,1,1,2,
589,1,1,1,2,
589,2,2,3,2,
589,3,1,1,2,
589,4,3,4,2,
589,5,1,1,2,
589,6,3,4,2,
589,7,3,4,2,
589,8,3,4,2,
589,9,1,1,2,
589,10,3,4,2,
589,11,1,1,2,
590,1,1,1,2,
590,2,2,3,2,
590,3,2,3,2,
590,4,3,4,2,
590,5,1,1,2,
590,6,3,4,2,
590,7,3,4,2,
590,8,2,3,2,
590,9,1,1,2,
590,10,1,1,2,
590,11,1,1,2,
591,1,1,1,2,
591,2,3,4,2,
591,3,1,1,2,
591,4,3,4,2,
591,5,1,1,2,
591,6,1,1,2,
591,7,1,1,2,
591,8,3,4,2,
591,9,1,1,2,
591,10,3,4,2,
591,11,1,1,2,
592,1,1,1,2,
592,2,1,1,2,
592,3,1,1,2,
592,4,3,4,2,
592,5,1,1,2,
592,6,1,1,2,
592,7,1,1,2,
592,8,2,3,2,
592,9,1,1,2,
592,10,3,4,2,
592,11,1,1,2,
593,1,1,1,2,
593,2,1,1,2,
593,3,1,1,2,
593,4,3,4,2,
593,5,1,1,2,
593,6,1,1,2,
593,7,1,1,2,
593,8,3,4,2,
593,9,1,1,2,
593,10,1,1,2,
593,11,1,1,2,
594,1,1,1,2,
594,2,2,3,2,
594,3,1,1,2,
594,4,3,4,2,
594,5,1,1,2,
594,6,1,1,2,
594,7,1,1,2,
594,8,2,3,2,
594,9,1,1,2,
594,10,3,4,2,
594,11,1,1,2,
595,1,1,1,2,
595,2,1,3,1,1
595,3,1,3,2,
595,4,1,3,2,
595,5,1,3,2,
595,6,1,1,2,
595,7,1,3,2,
595,8,3,4,2,
595,9,2,3,2,
595,10,2,3,2,
595,11,2,2,2,
596,1,1,3,2,
596,2,2,3,1,2
596,3,1,3,2,
596,4,1,3,1,1
596,5,1,3,1,1
596,6,3,4,2,
596,7,1,3,2,
596,8,3,4,2,
596,9,2,2,2,
596,10,2,2,2,
596,11,2,2,2,
597,1,1,1,2,
597,2,1,3,2,
597,3,2,3,2,
597,4,1,3,1,1
597,5,1,3,1,1
597,6,3,4,2,
597,7,3,4,2,
597,8,3,4,2,
597,9,1,3,2,
597,10,3,4,2,
597,11,2,2,2,
598,1,1,1,2,
598,2,1,3,1,1
598,3,2,3,1,2
598,4,1,3,1,1
598,5,1,3,1,1
598,6,3,4,2,
598,7,1,3,1,1
598,8,3,4,2,
598,9,2,3,2,
598,10,3,4,2,
598,11,2,3,2,
599,1,1,3,2,
599,2,1,3,1,1
599,3,1,3,2,
599,4,1,3,1,1
599,5,1,3,2,
599,6,3,4,2,
599,7,1,1,2,
599,8,3,4,2,
599,9,2,3,2,
599,10,3,4,2,
599,11,2,3,2,
600,1,1,1,2,
600,2,1,3,2,
600,3,2,3,1,2
600,4,1,3,2,
600,5,1,3,2,
600,6,1,3,2,
600,7,1,1,2,
600,8,1,3,1,1
600,9,2,3,2,
600,10,3,4,2,
600,11,2,2,2,
601,1,1,1,2,
601,2,1,3,2,
601,3,1,3,2,
601,4,1,3,1,1
601,5,1,3,1,1
601,6,3,4,2,
601,7,2,3,2,
601,8,3,4,2,
601,9,2,3,2,
601,10,3,4,2,
601,11,2,3,2,
602,1,1,1,2,
602,2,1,3,1,1
602,3,1,1,2,
602,4,1,3,1,1
602,5,1,3,1,1
602,6,3,4,2,
602,7,1,3,1,1
602,8,3,4,2,
602,9,2,3,2,
602,10,2,3,2,
602,11,2,3,2,
603,1,1,1,2,
603,2,2,3,1,1
603,3,2,3,1,2
603,4,1,3,1,1
603,5,1,3,1,1
603,6,3,4,2,
603,7,2,3,2,
603,8,3,4,2,
603,9,2,2,2,
603,10,3,4,2,
603,11,2,3,2,
604,1,1,3,2,
604,2,1,3,2,
604,3,2,3,2,
604,4,1,3,2,
604,5,1,3,2,
604,6,3,4,2,
604,7,3,4,2,
604,8,3,4,2,
604,9,2,3,2,
604,10,3,4,2,
604,11,1,3,2,
605,1,1,3,2,
605,2,1,3,2,
605,3,1,3,2,
605,4,1,3,2,
605,5,1,3,2,
605,6,1,3,2,
605,7,3,4,2,
605,8,3,4,2,
605,9,1,3,2,
605,10,3,4,2,
605,11,1,3,2,
606,1,1,3,2,
606,2,1,3,2,
606,3,1,3,2,
606,4,1,3,2,
606,5,1,3,2,
606,6,2,3,2,
606,7,1,3,2,
606,8,3,4,2,
606,9,1,3,2,
606,10,1,3,2,
606,11,1,3,2,
607,1,1,3,2,
607,2,1,3,2,
607,3,1,3,2,
607,4,1,3,2,
607,5,1,3,2,
607,6,1,3,2,
607,7,1,3,2,
607,8,3,4,2,
607,9,1,3,2,
607,10,1,3,2,
607,11,1,3,2,
608,1,1,3,2,
608,2,1,3,2,
608,3,1,3,2,
608,4,1,3,2,
608,5,1,3,2,
608,6,1,3,2,
608,7,1,3,2,
608,8,3,4,2,
608,9,1,3,2,
608,10,1,3,2,
608,11,1,3,2,
609,1,1,3,2,
609,2,1,3,2,
609,3,2,3,2,
609,4,1,3,2,
609,5,1,3,2,
609,6,3,4,2,
609,7,1,3,2,
609,8,3,4,2,
609,9,1,3,2,
609,10,1,3,2,
609,11,2,3,2,
610,1,1,3,2,
610,2,1,3,2,
610,3,2,3,2,
610,4,1,3,2,
610,5,1,3,2,
610,6,1,3,2,
610,7,1,3,2,
610,8,3,4,2,
610,9,1,3,2,
610,10,3,4,2,
610,11,1,3,2,
611,1,1,3,2,
611,2,1,3,2,
611,3,1,3,2,
611,4,1,3,2,
611,5,1,3,2,
611,6,1,3,2,
611,7,1,3,2,
611,8,3,4,2,
611,9,1,3,2,
611,10,1,3,2,
611,11,1,3,2,
612,1,1,3,2,
612,2,1,3,2,
612,3,1,3,2,
612,4,1,3,2,
612,5,1,3,2,
612,6,1,3,2,
612,7,1,3,2,
612,8,3,4,2,
612,9,1,3,2,
612,10,1,3,2,
612,11,1,3,2,
613,1,2,3,2,
613,2,1,1,2,
613,3,1,1,2,
613,4,1,1,2,
613,5,1,1,2,
613,6,1,1,2,
613,7,1,1,2,
613,8,1,1,2,
613,9,3,4,2,
613,10,1,1,2,
613,11,1,1,2,
614,1,1,1,2,
614,2,1,1,2,
614,3,1,1,2,
614,4,1,1,2,
614,5,1,1,2,
614,6,1,1,2,
614,7,1,1,2,
614,8,3,4,2,
614,9,1,1,2,
614,10,1,1,2,
614,11,1,1,2,
615,1,1,1,2,
615,2,1,1,2,
615,3,1,1,2,
615,4,1,1,2,
615,5,1,1,2,
615,6,1,1,2,
615,7,1,1,2,
615,8,3,4,2,
615,9,1,1,2,
615,10,1,1,2,
615,11,1,1,2,
616,1,2,3,2,
616,2,1,1,2,
616,3,1,1,2,
616,4,1,1,2,
616,5,1,1,2,
616,6,1,1,2,
616,7,1,1,2,
616,8,3,4,2,
616,9,1,1,2,
616,10,1,1,2,
616,11,1,1,2,
617,1,1,1,2,
617,2,1,1,2,
617,3,1,1,2,
617,4,1,1,2,
617,5,1,1,2,
617,6,1,1,2,
617,7,1,1,2,
617,8,3,4,2,
617,9,1,1,2,
617,10,1,1,2,
617,11,1,1,2,
618,1,2,3,2,
618,2,1,1,2,
618,3,1,1,2,
618,4,1,1,2,
618,5,1,1,2,
618,6,1,1,2,
618,7,1,1,2,
618,8,3,4,2,
618,9,1,1,2,
618,10,1,1,2,
618,11,1,1,2,
619,1,1,1,2,
619,2,1,1,2,
619,3,1,1,2,
619,4,1,1,2,
619,5,1,1,2,
619,6,1,1,2,
619,7,1,1,2,
619,8,3,4,2,
619,9,3,4,2,
619,10,1,1,2,
619,11,1,1,2,
620,1,2,3,2,
620,2,1,1,2,
620,3,1,1,2,
620,4,1,1,2,
620,5,1,1,2,
620,6,1,1,2,
620,7,1,1,2,
620,8,3,4,2,
620,9,1,1,2,
620,10,1,1,2,
620,11,1,1,2,
621,1,2,3,2,
621,2,1,1,2,
621,3,1,1,2,
621,4,1,1,2,
621,5,1,1,2,
621,6,1,1,2,
621,7,1,1,2,
621,8,3,4,2,
621,9,1,1,2,
621,10,1,1,2,
621,11,1,1,2,
622,1,1,3,2,
622,2,1,3,2,
622,3,1,3,2,
622,4,3,4,2,
622,5,1,3,2,
622,6,1,3,2,
622,7,1,3,2,
622,8,1,3,2,
622,9,1,3,2,
622,10,1,3,2,
622,11,1,3,2,
623,1,1,3,2,
623,2,1,3,2,
623,3,1,3,2,
623,4,3,4,2,
623,5,1,3,2,
623,6,1,3,2,
623,7,1,3,2,
623,8,3,4,2,
623,9,1,3,2,
623,10,1,3,2,
623,11,1,3,2,
624,1,1,3,2,
624,2,1,3,2,
624,3,1,3,2,
624,4,3,4,2,
624,5,1,3,2,
624,6,1,3,2,
624,7,1,3,2,
624,8,3,4,2,
624,9,1,3,2,
624,10,1,3,2,
624,11,1,3,2,
625,1,1,3,2,
625,2,1,3,2,
625,3,1,3,2,
625,4,3,4,2,
625,5,1,3,2,
625,6,1,3,2,
625,7,1,3,2,
625,8,3,4,2,
625,9,1,3,2,
625,10,1,3,2,
625,11,1,3,2,
626,1,1,3,2,
626,2,1,3,2,
626,3,1,3,2,
626,4,3,4,2,
626,5,1,3,2,
626,6,1,3,2,
626,7,1,3,2,
626,8,3,4,2,
626,9,1,3,2,
626,10,1,3,2,
626,11,1,3,2,
627,1,1,3,2,
627,2,1,3,2,
627,3,1,3,2,
627,4,3,4,2,
627,5,1,3,2,
627,6,1,3,2,
627,7,1,3,2,
627,8,3,4,2,
627,9,1,3,2,
627,10,1,3,2,
627,11,1,3,2,
628,1,1,3,2,
628,2,1,3,2,
628,3,1,3,2,
628,4,3,4,2,
628,5,1,3,2,
628,6,1,3,2,
628,7,1,3,2,
628,8,3,4,2,
628,9,1,3,2,
628,10,1,3,2,
628,11,1,3,2,
629,1,1,3,2,
629,2,1,3,2,
629,3,1,3,2,
629,4,3,4,2,
629,5,1,3,2,
629,6,1,3,2,
629,7,1,3,2,
629,8,3,4,2,
629,9,1,3,2,
629,10,1,3,2,
629,11,1,3,2,
630,1,1,3,2,
630,2,1,3,2,
630,3,1,3,2,
630,4,3,4,2,
630,5,1,3,2,
630,6,1,3,2,
630,7,1,3,2,
630,8,2,3,2,
630,9,1,3,2,
630,10,1,3,2,
630,11,1,3,2,
631,1,2,3,2,
631,2,1,3,2,
631,3,1,3,2,
631,4,3,4,2,
631,5,1,3,2,
631,6,3,4,2,
631,7,1,3,2,
631,8,3,4,2,
631,9,3,4,2,
631,10,1,3,2,
631,11,1,3,2,
632,1,2,3,2,
632,2,1,3,2,
632,3,1,3,2,
632,4,3,4,2,
632,5,1,3,2,
632,6,1,3,2,
632,7,3,4,2,
632,8,3,4,2,
632,9,3,4,2,
632,10,3,4,2,
632,11,3,4,2,
633,1,2,3,2,
633,2,1,3,2,
633,3,1,3,2,
633,4,3,4,2,
633,5,1,3,2,
633,6,1,3,2,
633,7,3,4,2,
633,8,3,4,2,
633,9,3,4,2,
633,10,1,3,2,
633,11,1,3,2,
634,1,2,3,2,
634,2,1,3,2,
634,3,1,3,2,
634,4,3,4,2,
634,5,1,3,2,
634,6,1,3,2,
634,7,3,4,2,
634,8,3,4,2,
634,9,3,4,2,
634,10,3,4,2,
634,11,1,3,2,
635,1,2,3,2,
635,2,3,4,2,
635,3,2,3,2,
635,4,3,4,2,
635,5,1,3,2,
635,6,3,4,2,
635,7,3,4,2,
635,8,3,4,2,
635,9,3,4,2,
635,10,1,3,2,
635,11,1,3,2,
636,1,2,3,2,
636,2,3,4,2,
636,3,1,3,2,
636,4,3,4,2,
636,5,1,3,2,
636,6,1,3,2,
636,7,3,4,2,
636,8,3,4,2,
636,9,3,4,2,
636,10,1,3,2,
636,11,1,3,2,
637,1,2,3,2,
637,2,1,3,2,
637,3,1,3,2,
637,4,3,4,2,
637,5,1,3,2,
637,6,3,4,2,
637,7,1,3,2,
637,8,3,4,2,
637,9,3,4,2,
637,10,3,4,2,
637,11,1,3,2,
638,1,2,3,2,
638,2,1,3,2,
638,3,1,3,2,
638,4,3,4,2,
638,5,1,3,2,
638,6,1,3,2,
638,7,3,4,2,
638,8,3,4,2,
638,9,3,4,2,
638,10,3,4,2,
638,11,1,3,2,
639,1,2,3,2,
639,2,3,4,2,
639,3,1,3,2,
639,4,3,4,2,
639,5,1,3,2,
639,6,3,4,2,
639,7,1,3,2,
639,8,3,4,2,
639,9,3,4,2,
639,10,1,3,2,
639,11,1,3,2,
640,1,1,4,2,
640,2,1,4,2,
640,3,1,4,2,
640,4,1,4,2,
640,5,1,4,2,
640,6,1,4,2,
640,7,1,4,2,
640,8,3,4,2,
640,9,1,4,2,
640,10,1,4,2,
640,11,1,4,2,
641,1,1,3,2,
641,2,1,3,2,
641,3,1,3,2,
641,4,1,3,2,
641,5,1,3,2,
641,6,1,3,2,
641,7,1,3,2,
641,8,3,4,2,
641,9,1,3,2,
641,10,1,3,2,
641,11,1,3,2,
642,1,1,3,2,
642,2,1,3,2,
642,3,1,3,2,
642,4,1,3,2,
642,5,1,3,2,
642,6,1,3,2,
642,7,1,3,2,
642,8,3,3,2,
642,9,1,3,2,
642,10,1,3,2,
642,11,1,3,2,
643,1,1,3,2,
643,2,1,3,2,
643,3,1,3,2,
643,4,1,3,2,
643,5,1,3,2,
643,6,1,3,2,
643,7,1,3,2,
643,8,1,4,2,
643,9,1,3,2,
643,10,1,3,2,
643,11,1,3,2,
644,1,1,4,2,
644,2,1,4,2,
644,3,1,4,2,
644,4,1,4,2,
644,5,1,4,2,
644,6,1,4,2,
644,7,1,4,2,
644,8,3,4,2,
644,9,1,4,2,
644,10,1,4,2,
644,11,1,4,2,
645,1,1,3,2,
645,2,1,3,2,
645,3,1,3,2,
645,4,1,3,2,
645,5,1,3,2,
645,6,1,3,2,
645,7,1,3,2,
645,8,3,4,2,
645,9,1,3,2,
645,10,1,3,2,
645,11,1,3,2,
646,1,1,3,2,
646,2,1,3,2,
646,3,1,3,2,
646,4,1,3,2,
646,5,1,3,2,
646,6,1,3,2,
646,7,1,3,2,
646,8,3,4,2,
646,9,1,3,2,
646,10,1,3,2,
646,11,1,3,2,
647,1,1,3,2,
647,2,1,3,2,
647,3,1,3,2,
647,4,1,3,2,
647,5,1,3,2,
647,6,1,3,2,
647,7,1,3,2,
647,8,3,3,2,
647,9,1,3,2,
647,10,1,3,2,
647,11,1,3,2,
648,1,1,3,2,
648,2,1,3,2,
648,3,1,3,2,
648,4,1,3,2,
648,5,1,3,2,
648,6,1,3,2,
648,7,1,3,2,
648,8,3,4,2,
648,9,1,3,2,
648,10,1,3,2,
648,11,1,3,2,
649,1,1,1,1,1
649,2,2,3,2,
649,3,1,1,1,1
649,4,2,3,2,
649,5,1,1,1,1
649,6,1,3,2,
649,7,1,3,2,
649,8,2,3,2,
649,9,1,3,2,
649,10,1,3,2,
649,11,1,1,2,
650,1,1,1,1,1
650,2,2,3,2,
650,3,1,1,1,1
650,4,2,3,2,
650,5,1,3,1,1
650,6,1,3,2,
650,7,1,1,2,
650,8,2,3,2,
650,9,1,3,2,
650,10,1,3,2,
650,11,1,3,2,
651,1,2,3,1,1
651,2,2,3,2,
651,3,1,1,2,
651,4,2,3,2,
651,5,1,3,1,1
651,6,1,3,2,
651,7,1,1,2,
651,8,2,3,2,
651,9,1,1,2,
651,10,1,1,2,
651,11,1,1,2,
652,1,2,3,1,1
652,2,2,3,2,
652,3,1,1,1,1
652,4,2,3,2,
652,5,1,3,1,1
652,6,1,3,2,
652,7,1,3,2,
652,8,2,3,2,
652,9,1,3,2,
652,10,1,3,2,
652,11,1,3,2,
653,1,2,3,1,1
653,2,2,3,2,
653,3,1,1,1,1
653,4,2,3,2,
653,5,1,1,1,1
653,6,2,3,2,
653,7,1,3,2,
653,8,2,3,2,
653,9,1,3,2,
653,10,1,3,2,
653,11,1,1,2,
654,1,2,3,1,1
654,2,2,3,2,
654,3,1,3,2,
654,4,2,3,2,
654,5,1,3,1,1
654,6,1,3,2,
654,7,1,3,2,
654,8,2,3,1,2
654,9,1,1,2,
654,10,1,3,2,
654,11,1,1,2,
655,1,2,1,1,1
655,2,2,3,2,
655,3,1,1,1,1
655,4,2,3,2,
655,5,1,3,1,1
655,6,1,3,2,
655,7,1,3,2,
655,8,2,3,2,
655,9,1,3,2,
655,10,1,1,2,
655,11,1,1,2,
656,1,2,3,1,1
656,2,2,3,2,
656,3,1,1,1,1
656,4,2,3,2,
656,5,1,3,1,1
656,6,1,3,2,
656,7,1,3,2,
656,8,2,3,2,
656,9,1,3,2,
656,10,1,1,2,
656,11,1,1,2,
657,1,2,3,1,1
657,2,2,3,2,
657,3,1,1,2,
657,4,2,3,2,
657,5,1,3,1,1
657,6,1,3,2,
657,7,1,3,2,
657,8,2,3,2,
657,9,1,1,2,
657,10,1,1,2,
657,11,1,1,2,
658,1,1,3,2,
658,2,2,3,2,
658,3,1,3,2,
658,4,2,3,2,
658,5,1,3,2,
658,6,1,3,2,
658,7,1,3,2,
658,8,1,3,2,
658,9,3,3,2,
658,10,3,3,2,
658,11,2,3,2,
659,1,1,3,2,
659,2,2,3,2,
659,3,1,3,2,
659,4,1,3,2,
659,5,1,3,2,
659,6,1,3,2,
659,7,1,3,2,
659,8,1,3,2,
659,9,2,3,2,
659,10,1,3,2,
659,11,2,3,2,
660,1,1,3,2,
660,2,2,3,2,
660,3,1,3,2,
660,4,1,3,2,
660,5,1,3,2,
660,6,1,3,2,
660,7,1,3,2,
660,8,1,3,2,
660,9,2,3,2,
660,10,2,3,2,
660,11,2,3,2,
661,1,1,3,2,
661,2,2,3,2,
661,3,1,3,2,
661,4,2,3,2,
661,5,1,3,2,
661,6,1,3,2,
661,7,1,3,2,
661,8,1,3,2,
661,9,3,3,2,
661,10,3,3,2,
661,11,2,3,2,
662,1,1,3,2,
662,2,2,3,2,
662,3,1,3,2,
662,4,1,3,2,
662,5,1,3,2,
662,6,1,3,2,
662,7,1,3,2,
662,8,1,3,2,
662,9,2,3,2,
662,10,2,3,2,
662,11,2,3,2,
663,1,1,3,2,
663,2,2,3,2,
663,3,1,3,2,
663,4,1,3,2,
663,5,1,3,2,
663,6,1,3,2,
663,7,1,3,2,
663,8,1,3,2,
663,9,2,3,2,
663,10,2,3,2,
663,11,2,3,2,
664,1,1,3,2,
664,2,2,3,2,
664,3,1,3,2,
664,4,1,3,2,
664,5,1,3,2,
664,6,1,3,2,
664,7,1,3,2,
664,8,1,3,2,
664,9,2,3,2,
664,10,2,3,2,
664,11,2,3,2,
665,1,1,3,2,
665,2,2,3,2,
665,3,1,3,2,
665,4,1,3,2,
665,5,1,3,2,
665,6,1,3,2,
665,7,1,3,2,
665,8,1,3,2,
665,9,2,3,2,
665,10,2,3,2,
665,11,2,3,2,
666,1,1,3,2,
666,2,2,3,2,
666,3,1,3,2,
666,4,1,3,2,
666,5,1,3,2,
666,6,1,3,2,
666,7,1,3,2,
666,8,1,3,2,
666,9,2,3,2,
666,10,1,3,2,
666,11,2,3,2,
667,1,1,3,2,
667,2,1,3,2,
667,3,1,3,2,
667,4,1,3,2,
667,5,1,3,2,
667,6,1,3,2,
667,7,1,3,2,
667,8,3,4,2,
667,9,1,3,2,
667,10,1,3,2,
667,11,1,3,2,
668,1,1,3,2,
668,2,1,3,2,
668,3,1,3,2,
668,4,3,3,2,
668,5,1,3,2,
668,6,1,3,2,
668,7,3,4,2,
668,8,3,4,2,
668,9,1,3,2,
668,10,1,3,2,
668,11,1,3,2,
669,1,1,3,2,
669,2,1,3,2,
669,3,1,3,2,
669,4,1,3,2,
669,5,1,3,2,
669,6,1,3,2,
669,7,3,4,2,
669,8,1,3,2,
669,9,1,3,2,
669,10,1,3,2,
669,11,1,3,2,
670,1,1,3,2,
670,2,1,3,2,
670,3,1,3,2,
670,4,2,3,2,
670,5,1,3,2,
670,6,1,3,2,
670,7,1,3,2,
670,8,2,3,2,
670,9,1,3,2,
670,10,1,3,2,
670,11,1,3,2,
671,1,1,3,2,
671,2,1,3,2,
671,3,1,3,2,
671,4,1,3,2,
671,5,1,3,2,
671,6,1,3,2,
671,7,1,3,2,
671,8,3,4,2,
671,9,1,3,2,
671,10,1,3,2,
671,11,1,3,2,
672,1,1,3,2,
672,2,1,3,2,
672,3,1,3,2,
672,4,1,3,2,
672,5,1,3,2,
672,6,1,3,2,
672,7,1,3,2,
672,8,3,4,2,
672,9,1,3,2,
672,10,1,3,2,
672,11,1,3,2,
673,1,1,1,2,
673,2,1,1,2,
673,3,1,1,2,
673,4,1,1,2,
673,5,1,1,2,
673,6,1,1,2,
673,7,1,1,2,
673,8,1,1,2,
673,9,1,1,2,
673,10,1,1,2,
673,11,1,1,2,
674,1,1,3,2,
674,2,1,3,2,
674,3,1,3,2,
674,4,1,3,2,
674,5,1,3,2,
674,6,1,3,2,
674,7,1,3,2,
674,8,3,3,2,
674,9,1,3,2,
674,10,1,3,2,
674,11,1,3,2,
675,1,1,3,2,
675,2,1,3,2,
675,3,1,3,2,
675,4,1,3,2,
675,5,1,3,2,
675,6,1,3,2,
675,7,1,3,2,
675,8,3,4,2,
675,9,1,3,2,
675,10,1,3,2,
675,11,1,3,2,
676,1,1,3,2,
676,2,1,3,2,
676,3,1,1,2,
676,4,1,1,2,
676,5,1,1,2,
676,6,1,1,2,
676,7,1,1,2,
676,8,3,4,2,
676,9,2,2,2,
676,10,3,4,2,
676,11,1,3,2,
677,1,1,3,2,
677,2,1,3,2,
677,3,1,1,2,
677,4,3,4,2,
677,5,1,1,2,
677,6,3,4,2,
677,7,1,1,2,
677,8,3,4,2,
677,9,2,2,2,
677,10,2,2,2,
677,11,1,3,2,
678,1,1,3,2,
678,2,1,3,2,
678,3,1,1,2,
678,4,1,1,2,
678,5,1,1,2,
678,6,1,1,2,
678,7,1,1,2,
678,8,3,4,2,
678,9,2,2,2,
678,10,2,2,2,
678,11,1,3,2,
679,1,1,3,2,
679,2,1,3,2,
679,3,1,1,2,
679,4,3,4,2,
679,5,1,1,2,
679,6,3,4,2,
679,7,1,1,2,
679,8,3,4,2,
679,9,2,2,2,
679,10,3,4,2,
679,11,1,3,2,
680,1,1,3,2,
680,2,1,3,2,
680,3,1,1,2,
680,4,3,4,2,
680,5,1,1,2,
680,6,1,1,2,
680,7,1,1,2,
680,8,3,4,2,
680,9,2,2,2,
680,10,2,2,2,
680,11,1,3,2,
681,1,1,3,2,
681,2,1,3,2,
681,3,1,1,2,
681,4,1,1,2,
681,5,1,1,2,
681,6,1,1,2,
681,7,3,4,2,
681,8,3,4,2,
681,9,2,2,2,
681,10,3,4,2,
681,11,1,3,2,
682,1,1,3,2,
682,2,1,3,2,
682,3,1,1,2,
682,4,1,1,2,
682,5,1,1,2,
682,6,3,4,2,
682,7,1,1,2,
682,8,3,4,2,
682,9,2,2,2,
682,10,3,4,2,
682,11,1,3,2,
683,1,1,3,2,
683,2,1,3,2,
683,3,1,1,2,
683,4,3,4,2,
683,5,1,1,2,
683,6,1,1,2,
683,7,1,1,2,
683,8,3,4,2,
683,9,2,2,2,
683,10,3,4,2,
683,11,1,3,2,
684,1,1,3,2,
684,2,1,3,2,
684,3,1,1,2,
684,4,3,4,2,
684,5,1,1,2,
684,6,1,1,2,
684,7,1,1,2,
684,8,3,4,2,
684,9,2,2,2,
684,10,3,4,2,
684,11,1,3,2,
685,1,1,3,2,
685,2,1,3,2,
685,3,3,4,2,
685,4,3,4,2,
685,5,1,3,2,
685,6,1,3,2,
685,7,1,3,2,
685,8,3,4,2,
685,9,1,3,2,
685,10,3,4,2,
685,11,1,3,2,
686,1,1,3,2,
686,2,3,4,2,
686,3,3,4,2,
686,4,1,3,2,
686,5,1,3,2,
686,6,1,3,2,
686,7,3,4,2,
686,8,3,4,2,
686,9,1,3,2,
686,10,3,4,2,
686,11,1,3,2,
687,1,1,3,2,
687,2,3,4,2,
687,3,3,4,2,
687,4,1,3,2,
687,5,1,3,2,
687,6,1,3,2,
687,7,3,4,2,
687,8,3,4,2,
687,9,1,3,2,
687,10,3,4,2,
687,11,1,3,2,
688,1,1,3,2,
688,2,1,3,2,
688,3,3,4,2,
688,4,3,4,2,
688,5,1,3,2,
688,6,1,3,2,
688,7,1,3,2,
688,8,3,4,2,
688,9,1,3,2,
688,10,1,3,2,
688,11,1,3,2,
689,1,2,2,1,2
689,2,3,4,2,
689,3,3,4,2,
689,4,3,4,2,
689,5,1,3,2,
689,6,1,3,2,
689,7,3,4,2,
689,8,3,4,2,
689,9,1,3,2,
689,10,1,3,2,
689,11,1,3,2,
690,1,1,3,2,
690,2,3,4,2,
690,3,3,4,2,
690,4,1,3,2,
690,5,1,3,2,
690,6,1,3,2,
690,7,1,3,2,
690,8,3,4,2,
690,9,1,3,2,
690,10,3,4,2,
690,11,1,3,2,
691,1,1,3,2,
691,2,3,4,2,
691,3,3,4,2,
691,4,1,3,2,
691,5,1,3,2,
691,6,1,3,2,
691,7,1,3,2,
691,8,3,4,2,
691,9,1,3,2,
691,10,3,4,2,
691,11,1,3,2,
692,1,1,3,2,
692,2,3,4,2,
692,3,3,4,2,
692,4,1,3,2,
692,5,1,3,2,
692,6,1,3,2,
692,7,1,3,2,
692,8,3,4,2,
692,9,1,3,2,
692,10,3,4,2,
692,11,1,3,2,
693,1,1,3,2,
693,2,3,4,2,
693,3,3,4,2,
693,4,3,4,2,
693,5,1,3,2,
693,6,1,3,2,
693,7,1,3,2,
693,8,3,4,2,
693,9,1,3,2,
693,10,1,3,2,
693,11,1,3,2,
694,1,1,3,2,
694,2,1,3,2,
694,3,1,3,2,
694,4,3,4,2,
694,5,1,3,2,
694,6,1,3,2,
694,7,3,4,2,
694,8,3,4,2,
694,9,3,4,2,
694,10,1,3,2,
694,11,1,3,2,
695,1,1,3,2,
695,2,1,3,2,
695,3,1,3,2,
695,4,1,3,1,1
695,5,1,3,1,1
695,6,1,3,2,
695,7,1,3,2,
695,8,3,4,2,
695,9,1,3,2,
695,10,3,4,2,
695,11,1,3,2,
696,1,1,3,2,
696,2,1,3,2,
696,3,1,3,2,
696,4,1,3,2,
696,5,1,3,2,
696,6,1,3,2,
696,7,1,3,2,
696,8,3,4,2,
696,9,1,3,2,
696,10,1,3,2,
696,11,1,3,2,
697,1,1,3,2,
697,2,1,3,2,
697,3,1,3,2,
697,4,3,4,2,
697,5,1,3,2,
697,6,3,4,2,
697,7,3,4,2,
697,8,3,4,2,
697,9,3,4,2,
697,10,1,3,2,
697,11,1,3,2,
698,1,1,3,2,
698,2,1,3,2,
698,3,1,3,2,
698,4,1,3,2,
698,5,1,3,2,
698,6,1,3,2,
698,7,1,3,2,
698,8,3,4,2,
698,9,1,3,2,
698,10,1,3,2,
698,11,1,3,2,
699,1,1,3,2,
699,2,1,3,2,
699,3,2,3,2,
699,4,3,4,2,
699,5,1,3,2,
699,6,1,3,2,
699,7,1,3,2,
699,8,3,4,2,
699,9,3,4,2,
699,10,3,4,2,
699,11,1,3,2,
700,1,1,3,2,
700,2,1,3,2,
700,3,1,3,2,
700,4,1,3,2,
700,5,1,3,2,
700,6,1,3,2,
700,7,1,3,2,
700,8,3,4,2,
700,9,1,3,2,
700,10,3,4,2,
700,11,1,3,2,
701,1,1,3,2,
701,2,1,3,2,
701,3,2,3,2,
701,4,1,3,2,
701,5,1,3,2,
701,6,1,3,2,
701,7,1,3,2,
701,8,3,4,2,
701,9,1,3,2,
701,10,1,3,2,
701,11,1,3,2,
702,1,1,3,2,
702,2,1,3,2,
702,3,1,3,2,
702,4,1,3,2,
702,5,1,3,2,
702,6,1,3,2,
702,7,3,4,2,
702,8,3,4,2,
702,9,2,3,2,
702,10,3,4,2,
702,11,3,4,2,
703,1,1,3,2,
703,2,1,3,2,
703,3,1,3,2,
703,4,1,3,2,
703,5,1,3,2,
703,6,3,4,2,
703,7,3,4,2,
703,8,3,4,2,
703,9,1,3,2,
703,10,3,4,2,
703,11,1,3,2,
704,1,2,3,2,
704,2,1,3,2,
704,3,1,3,2,
704,4,1,3,2,
704,5,1,3,2,
704,6,1,3,2,
704,7,1,3,2,
704,8,3,4,2,
704,9,1,3,2,
704,10,1,3,2,
704,11,1,3,2,
705,1,1,3,2,
705,2,1,3,2,
705,3,1,3,2,
705,4,1,3,2,
705,5,1,3,2,
705,6,1,3,2,
705,7,1,3,2,
705,8,3,4,2,
705,9,1,3,2,
705,10,1,3,2,
705,11,1,3,2,
706,1,1,3,2,
706,2,1,3,2,
706,3,1,3,2,
706,4,1,3,2,
706,5,1,3,2,
706,6,1,3,2,
706,7,1,3,2,
706,8,3,4,2,
706,9,1,3,2,
706,10,3,4,2,
706,11,1,3,2,
707,1,1,3,2,
707,2,1,3,2,
707,3,1,3,2,
707,4,3,4,2,
707,5,1,3,2,
707,6,1,3,2,
707,7,1,3,2,
707,8,3,4,2,
707,9,2,3,2,
707,10,3,4,2,
707,11,1,3,2,
708,1,2,3,1,2
708,2,1,3,2,
708,3,1,3,2,
708,4,1,3,2,
708,5,1,3,2,
708,6,1,3,2,
708,7,1,3,2,
708,8,3,4,2,
708,9,2,3,2,
708,10,3,4,2,
708,11,1,3,2,
709,1,1,3,2,
709,2,1,3,2,
709,3,1,3,2,
709,4,1,3,2,
709,5,1,3,2,
709,6,1,3,2,
709,7,3,4,2,
709,8,3,4,2,
709,9,3,4,2,
709,10,3,4,2,
709,11,1,3,2,
710,1,2,3,2,
710,2,1,3,2,
710,3,1,3,2,
710,4,1,3,2,
710,5,1,3,2,
710,6,1,3,2,
710,7,1,3,2,
710,8,3,4,2,
710,9,1,3,2,
710,10,1,3,2,
710,11,1,3,2,
711,1,1,3,2,
711,2,1,3,2,
711,3,1,3,2,
711,4,1,3,2,
711,5,1,3,2,
711,6,1,3,2,
711,7,1,3,2,
711,8,3,4,2,
711,9,1,3,2,
711,10,3,4,2,
711,11,1,3,2,
712,1,3,4,2,
712,2,3,4,2,
712,3,1,3,2,
712,4,3,4,2,
712,5,1,3,2,
712,6,1,3,2,
712,7,3,4,2,
712,8,3,4,2,
712,9,3,4,2,
712,10,3,4,2,
712,11,3,4,2,
713,1,3,4,2,
713,2,3,4,2,
713,3,1,3,2,
713,4,3,4,2,
713,5,1,3,2,
713,6,1,3,2,
713,7,3,4,2,
713,8,3,4,2,
713,9,3,4,2,
713,10,3,4,2,
713,11,1,3,2,
714,1,3,4,2,
714,2,1,3,2,
714,3,1,3,2,
714,4,1,3,2,
714,5,1,3,2,
714,6,1,3,2,
714,7,1,3,2,
714,8,3,4,2,
714,9,3,4,2,
714,10,1,3,2,
714,11,1,3,2,
715,1,3,4,2,
715,2,3,4,2,
715,3,1,3,2,
715,4,3,4,2,
715,5,1,3,2,
715,6,1,3,2,
715,7,1,3,2,
715,8,3,4,2,
715,9,3,4,2,
715,10,1,3,2,
715,11,1,3,2,
716,1,3,4,2,
716,2,3,4,2,
716,3,1,3,2,
716,4,3,4,2,
716,5,1,3,2,
716,6,1,3,2,
716,7,1,3,2,
716,8,3,4,2,
716,9,3,4,2,
716,10,1,3,2,
716,11,1,3,2,
717,1,3,4,2,
717,2,3,4,2,
717,3,1,3,2,
717,4,3,4,2,
717,5,1,3,2,
717,6,1,3,2,
717,7,3,4,2,
717,8,3,4,2,
717,9,1,3,2,
717,10,3,4,2,
717,11,3,4,2,
718,1,3,4,2,
718,2,3,4,2,
718,3,1,3,2,
718,4,1,3,2,
718,5,1,3,2,
718,6,1,3,2,
718,7,1,3,2,
718,8,3,4,2,
718,9,3,4,2,
718,10,3,4,2,
718,11,3,4,2,
719,1,3,4,2,
719,2,3,4,2,
719,3,1,3,2,
719,4,3,4,2,
719,5,1,3,2,
719,6,1,3,2,
719,7,1,3,2,
719,8,3,4,2,
719,9,3,4,2,
719,10,3,4,2,
719,11,1,3,2,
720,1,3,4,2,
720,2,3,4,2,
720,3,1,3,2,
720,4,1,3,2,
720,5,1,3,2,
720,6,1,3,2,
720,7,1,3,2,
720,8,3,4,2,
720,9,3,4,2,
720,10,1,3,2,
720,11,1,3,2,
721,1,1,1,2,
721,2,1,3,2,
721,3,2,3,2,
721,4,3,4,2,
721,5,1,3,2,
721,6,1,3,2,
721,7,1,3,2,
721,8,3,4,2,
721,9,1,3,2,
721,10,1,3,2,
721,11,2,3,2,
722,1,1,1,2,
722,2,1,3,2,
722,3,2,3,2,
722,4,3,4,2,
722,5,1,3,2,
722,6,1,3,2,
722,7,1,3,2,
722,8,3,4,2,
722,9,1,3,2,
722,10,1,3,2,
722,11,2,3,2,
723,1,1,1,2,
723,2,1,3,2,
723,3,2,3,2,
723,4,3,4,2,
723,5,1,3,2,
723,6,1,3,2,
723,7,1,3,2,
723,8,3,4,2,
723,9,1,3,2,
723,10,1,3,2,
723,11,2,3,2,
724,1,1,1,2,
724,2,1,3,2,
724,3,2,3,2,
724,4,1,3,2,
724,5,1,3,2,
724,6,1,3,2,
724,7,1,3,2,
724,8,3,4,2,
724,9,1,3,2,
724,10,1,3,2,
724,11,2,3,2,
725,1,1,1,2,
725,2,1,3,2,
725,3,2,3,2,
725,4,3,4,2,
725,5,1,3,2,
725,6,1,3,2,
725,7,1,3,2,
725,8,3,4,2,
725,9,1,3,2,
725,10,1,3,2,
725,11,2,3,2,
726,1,1,1,2,
726,2,1,3,2,
726,3,2,3,2,
726,4,1,3,2,
726,5,1,3,2,
726,6,1,3,2,
726,7,1,3,2,
726,8,3,4,2,
726,9,1,3,2,
726,10,1,3,2,
726,11,2,3,2,
727,1,1,1,2,
727,2,1,3,2,
727,3,2,3,2,
727,4,3,4,2,
727,5,1,3,2,
727,6,1,3,2,
727,7,1,3,2,
727,8,3,4,2,
727,9,1,3,2,
727,10,1,3,2,
727,11,2,3,2,
728,1,1,1,2,
728,2,1,3,2,
728,3,2,3,2,
728,4,3,4,2,
728,5,1,3,2,
728,6,1,3,2,
728,7,1,3,2,
728,8,3,4,2,
728,9,1,3,2,
728,10,1,3,2,
728,11,2,3,2,
729,1,1,1,2,
729,2,1,3,2,
729,3,2,3,2,
729,4,3,4,2,
729,5,1,3,2,
729,6,1,3,2,
729,7,1,3,2,
729,8,3,4,2,
729,9,1,3,2,
729,10,1,3,2,
729,11,2,3,2,
730,1,1,3,2,
730,2,1,3,2,
730,3,1,3,2,
730,4,3,4,2,
730,5,1,3,2,
730,6,1,3,2,
730,7,3,4,2,
730,8,3,4,2,
730,9,2,3,2,
730,10,3,4,2,
730,11,1,3,2,
731,1,1,3,2,
731,2,1,3,2,
731,3,1,3,2,
731,4,3,4,2,
731,5,1,3,2,
731,6,1,3,2,
731,7,3,4,2,
731,8,3,4,2,
731,9,1,3,2,
731,10,3,4,2,
731,11,1,3,2,
732,1,1,3,2,
732,2,1,3,2,
732,3,1,3,2,
732,4,3,4,2,
732,5,1,3,2,
732,6,1,3,2,
732,7,1,3,2,
732,8,3,4,2,
732,9,2,3,2,
732,10,1,3,2,
732,11,1,3,2,
733,1,1,3,2,
733,2,1,3,2,
733,3,1,3,2,
733,4,3,4,2,
733,5,1,3,2,
733,6,1,3,2,
733,7,1,3,2,
733,8,3,4,2,
733,9,1,3,2,
733,10,1,3,2,
733,11,1,3,2,
734,1,1,3,2,
734,2,1,3,2,
734,3,1,3,2,
734,4,3,4,2,
734,5,1,3,2,
734,6,1,3,2,
734,7,1,3,2,
734,8,3,4,2,
734,9,1,3,2,
734,10,1,3,2,
734,11,1,3,2,
735,1,1,3,2,
735,2,1,3,2,
735,3,1,3,2,
735,4,3,4,2,
735,5,1,3,2,
735,6,1,3,2,
735,7,1,3,2,
735,8,3,4,2,
735,9,2,3,2,
735,10,3,4,2,
735,11,1,3,2,
736,1,1,3,2,
736,2,1,3,2,
736,3,1,3,2,
736,4,1,3,2,
736,5,1,3,2,
736,6,1,3,2,
736,7,3,4,2,
736,8,3,4,2,
736,9,1,3,2,
736,10,1,3,2,
736,11,1,3,2,
737,1,1,3,2,
737,2,1,3,2,
737,3,1,3,2,
737,4,3,4,2,
737,5,1,3,2,
737,6,1,3,2,
737,7,3,4,2,
737,8,3,4,2,
737,9,2,3,2,
737,10,1,3,2,
737,11,1,3,2,
738,1,1,3,2,
738,2,1,3,2,
738,3,1,3,2,
738,4,3,4,2,
738,5,1,3,2,
738,6,1,3,2,
738,7,1,3,2,
738,8,3,4,2,
738,9,1,3,2,
738,10,1,3,2,
738,11,1,3,2,
739,1,1,3,2,
739,2,1,3,2,
739,3,1,3,2,
739,4,3,4,2,
739,5,1,1,2,
739,6,1,1,2,
739,7,3,4,2,
739,8,3,4,2,
739,9,1,3,2,
739,10,1,3,2,
739,11,1,3,2,
740,1,1,3,2,
740,2,1,3,2,
740,3,1,3,2,
740,4,1,3,2,
740,5,1,3,2,
740,6,1,1,2,
740,7,3,4,2,
740,8,3,4,2,
740,9,1,1,2,
740,10,2,3,2,
740,11,1,3,2,
741,1,1,3,2,
741,2,1,3,2,
741,3,1,1,2,
741,4,1,1,2,
741,5,1,3,2,
741,6,1,1,2,
741,7,3,4,2,
741,8,3,4,2,
741,9,1,1,2,
741,10,3,4,2,
741,11,1,3,2,
742,1,1,3,2,
742,2,1,3,2,
742,3,1,1,2,
742,4,1,1,2,
742,5,1,1,2,
742,6,1,1,2,
742,7,3,4,2,
742,8,3,4,2,
742,9,1,1,2,
742,10,1,3,2,
742,11,1,3,2,
743,1,1,3,2,
743,2,1,3,2,
743,3,1,3,2,
743,4,1,3,2,
743,5,1,3,2,
743,6,1,1,2,
743,7,1,3,2,
743,8,3,4,2,
743,9,1,1,2,
743,10,3,4,2,
743,11,1,3,2,
744,1,1,3,2,
744,2,1,3,2,
744,3,1,1,2,
744,4,3,4,2,
744,5,1,1,2,
744,6,1,1,2,
744,7,1,3,2,
744,8,3,4,2,
744,9,1,1,2,
744,10,3,4,2,
744,11,1,3,2,
745,1,1,3,2,
745,2,1,3,2,
745,3,1,3,2,
745,4,1,3,2,
745,5,1,3,2,
745,6,1,1,2,
745,7,1,3,2,
745,8,3,4,2,
745,9,1,1,2,
745,10,3,4,2,
745,11,1,3,2,
746,1,1,3,2,
746,2,1,3,2,
746,3,1,3,2,
746,4,1,3,2,
746,5,1,3,2,
746,6,1,3,2,
746,7,1,3,2,
746,8,3,4,2,
746,9,1,3,2,
746,10,1,1,2,
746,11,1,1,2,
747,1,1,3,2,
747,2,1,3,2,
747,3,1,3,2,
747,4,1,3,2,
747,5,1,3,2,
747,6,1,3,2,
747,7,3,4,2,
747,8,3,4,2,
747,9,2,3,2,
747,10,3,4,2,
747,11,1,1,2,
748,1,1,1,2,
748,2,1,1,2,
748,3,1,1,2,
748,4,1,1,2,
748,5,1,1,2,
748,6,1,1,2,
748,7,1,1,2,
748,8,3,4,2,
748,9,2,3,2,
748,10,3,4,2,
748,11,3,4,2,
749,1,1,3,2,
749,2,1,3,2,
749,3,1,3,2,
749,4,1,3,2,
749,5,1,3,2,
749,6,1,3,2,
749,7,1,3,2,
749,8,1,3,2,
749,9,1,3,2,
749,10,1,3,2,
749,11,1,3,2,
750,1,1,3,2,
750,2,1,3,2,
750,3,1,3,2,
750,4,1,3,2,
750,5,1,3,2,
750,6,1,1,2,
750,7,1,1,2,
750,8,1,3,2,
750,9,1,3,2,
750,10,1,1,2,
750,11,1,1,2,
751,1,1,3,2,
751,2,1,3,2,
751,3,1,3,2,
751,4,1,3,2,
751,5,1,3,2,
751,6,1,3,2,
751,7,1,3,2,
751,8,3,4,2,
751,9,1,3,2,
751,10,1,3,2,
751,11,1,3,2,
752,1,1,1,2,
752,2,1,1,2,
752,3,1,1,2,
752,4,1,1,2,
752,5,1,1,2,
752,6,1,1,2,
752,7,1,1,2,
752,8,1,1,2,
752,9,1,1,2,
752,10,1,1,2,
752,11,1,1,2,
753,1,1,1,2,
753,2,1,1,2,
753,3,1,1,2,
753,4,1,1,2,
753,5,1,1,2,
753,6,1,1,2,
753,7,1,1,2,
753,8,1,1,2,
753,9,1,1,2,
753,10,1,1,2,
753,11,1,1,2,
754,1,1,3,2,
754,2,1,3,2,
754,3,1,3,2,
754,4,1,3,2,
754,5,1,3,2,
754,6,1,3,2,
754,7,1,3,2,
754,8,1,3,2,
754,9,1,3,2,
754,10,1,3,2,
754,11,1,3,2,
755,1,1,1,2,
755,2,1,1,2,
755,3,1,1,2,
755,4,1,1,2,
755,5,1,1,2,
755,6,1,1,2,
755,7,1,1,2,
755,8,1,1,2,
755,9,1,1,2,
755,10,1,1,2,
755,11,1,1,2,
756,1,1,3,2,
756,2,1,3,2,
756,3,1,3,2,
756,4,1,3,2,
756,5,1,3,2,
756,6,1,3,2,
756,7,1,3,2,
756,8,3,4,2,
756,9,1,3,2,
756,10,1,3,2,
756,11,1,3,2,
757,1,2,3,2,
757,2,2,3,2,
757,3,2,3,2,
757,4,3,4,2,
757,5,1,3,1,1
757,6,1,3,2,
757,7,2,3,2,
757,8,2,3,2,
757,9,2,3,2,
757,10,2,3,2,
757,11,1,3,2,
758,1,2,3,2,
758,2,1,3,2,
758,3,2,3,2,
758,4,3,4,2,
758,5,2,3,2,
758,6,1,3,2,
758,7,2,3,2,
758,8,2,3,2,
758,9,2,3,2,
758,10,3,4,2,
758,11,1,3,2,
759,1,2,3,2,
759,2,1,3,2,
759,3,2,3,2,
759,4,1,3,2,
759,5,1,3,2,
759,6,1,3,2,
759,7,1,3,2,
759,8,2,3,2,
759,9,2,3,2,
759,10,2,3,2,
759,11,1,3,2,
760,1,2,3,2,
760,2,1,3,2,
760,3,2,3,2,
760,4,3,4,2,
760,5,1,3,2,
760,6,1,3,2,
760,7,2,3,2,
760,8,2,3,2,
760,9,1,3,2,
760,10,2,3,2,
760,11,1,3,2,
761,1,2,3,2,
761,2,1,3,2,
761,3,2,3,2,
761,4,3,4,2,
761,5,1,3,2,
761,6,1,3,2,
761,7,2,3,2,
761,8,2,3,2,
761,9,1,3,2,
761,10,1,3,2,
761,11,1,3,2,
762,1,2,3,2,
762,2,1,3,2,
762,3,2,3,2,
762,4,3,4,2,
762,5,1,3,2,
762,6,1,3,2,
762,7,2,3,2,
762,8,2,3,2,
762,9,2,3,2,
762,10,2,3,2,
762,11,1,3,2,
763,1,2,3,2,
763,2,2,3,2,
763,3,2,3,2,
763,4,3,4,2,
763,5,1,3,2,
763,6,1,3,2,
763,7,2,3,2,
763,8,2,3,2,
763,9,2,3,2,
763,10,1,3,2,
763,11,1,3,2,
764,1,2,3,2,
764,2,1,3,2,
764,3,2,3,2,
764,4,3,3,2,
764,5,1,3,2,
764,6,1,3,2,
764,7,1,3,2,
764,8,2,3,2,
764,9,1,3,2,
764,10,1,3,2,
764,11,1,3,2,
765,1,2,3,2,
765,2,1,3,2,
765,3,2,3,2,
765,4,3,4,2,
765,5,1,3,2,
765,6,1,3,2,
765,7,2,3,2,
765,8,2,3,2,
765,9,2,3,2,
765,10,1,3,2,
765,11,1,3,2,
766,1,3,3,2,
766,2,1,3,2,
766,3,1,3,2,
766,4,3,4,2,
766,5,1,3,2,
766,6,3,4,2,
766,7,1,1,1,1
766,8,3,4,2,
766,9,1,1,1,1
766,10,1,1,2,
766,11,1,3,2,
767,1,1,3,2,
767,2,1,3,2,
767,3,1,3,2,
767,4,1,3,2,
767,5,1,3,1,1
767,6,3,4,2,
767,7,3,4,2,
767,8,3,4,2,
767,9,3,4,2,
767,10,1,1,2,
767,11,1,3,2,
768,1,1,3,2,
768,2,1,3,2,
768,3,1,3,2,
768,4,1,3,1,1
768,5,1,3,2,
768,6,3,4,2,
768,7,3,4,2,
768,8,3,4,2,
768,9,1,1,2,
768,10,3,4,2,
768,11,1,3,2,
769,1,1,3,2,
769,2,1,3,2,
769,3,1,3,2,
769,4,1,3,2,
769,5,1,3,1,1
769,6,3,4,2,
769,7,3,4,2,
769,8,3,4,2,
769,9,3,4,2,
769,10,3,4,2,
769,11,1,3,2,
770,1,1,1,1,2
770,2,1,3,2,
770,3,1,3,2,
770,4,1,3,2,
770,5,1,3,2,
770,6,1,1,1,1
770,7,3,4,2,
770,8,3,3,2,
770,9,3,4,2,
770,10,3,4,2,
770,11,1,3,2,
771,1,1,3,2,
771,2,1,3,2,
771,3,1,3,2,
771,4,1,3,2,
771,5,1,3,1,1
771,6,3,4,2,
771,7,3,4,2,
771,8,3,4,2,
771,9,3,4,2,
771,10,3,4,2,
771,11,1,3,2,
772,1,1,3,2,
772,2,1,3,2,
772,3,1,3,2,
772,4,1,3,1,1
772,5,1,3,2,
772,6,1,3,2,
772,7,3,4,2,
772,8,3,4,2,
772,9,3,4,2,
772,10,3,4,2,
772,11,3,4,2,
773,1,1,3,1,2
773,2,1,3,2,
773,3,1,3,2,
773,4,1,3,2,
773,5,1,3,2,
773,6,1,3,2,
773,7,3,4,2,
773,8,3,4,2,
773,9,3,4,2,
773,10,1,3,2,
773,11,3,4,2,
774,1,1,3,2,
774,2,1,3,2,
774,3,1,3,2,
774,4,1,3,2,
774,5,1,3,2,
774,6,3,4,2,
774,7,3,4,2,
774,8,3,4,2,
774,9,1,3,2,
774,10,1,3,2,
774,11,1,3,2,
775,1,1,1,2,
775,2,2,3,2,
775,3,2,3,1,2
775,4,1,3,2,
775,5,1,3,2,
775,6,1,3,2,
775,7,1,3,2,
775,8,2,2,1,2
775,9,2,3,2,
775,10,1,3,2,
775,11,1,3,2,
776,1,1,3,2,
776,2,2,3,2,
776,3,2,3,2,
776,4,3,4,2,
776,5,1,3,2,
776,6,1,3,2,
776,7,1,3,2,
776,8,2,2,1,1
776,9,3,2,1,
776,10,1,3,2,
776,11,1,3,2,
777,1,1,3,2,
777,2,2,3,2,
777,3,2,3,2,
777,4,1,3,2,
777,5,1,3,2,
777,6,1,3,2,
777,7,3,4,2,
777,8,1,3,2,
777,9,2,3,2,
777,10,1,3,2,
777,11,1,3,2,
778,1,1,3,2,
778,2,2,3,2,
778,3,2,3,1,2
778,4,1,3,2,
778,5,1,3,2,
778,6,1,3,2,
778,7,1,3,2,
778,8,2,2,1,2
778,9,1,3,2,
778,10,1,3,2,
778,11,1,3,2,
779,1,1,3,2,
779,2,2,3,2,
779,3,2,3,1,2
779,4,3,4,2,
779,5,1,3,2,
779,6,1,3,2,
779,7,1,3,2,
779,8,2,3,1,2
779,9,1,3,2,
779,10,1,3,2,
779,11,1,3,2,
780,1,1,1,2,
780,2,2,3,2,
780,3,2,3,1,2
780,4,3,4,2,
780,5,1,3,2,
780,6,1,3,2,
780,7,1,3,2,
780,8,2,2,1,2
780,9,1,3,2,
780,10,1,3,2,
780,11,1,3,2,
781,1,1,3,2,
781,2,2,3,2,
781,3,2,3,1,2
781,4,1,3,2,
781,5,1,3,2,
781,6,1,3,2,
781,7,1,3,2,
781,8,2,3,1,2
781,9,2,3,2,
781,10,1,3,2,
781,11,1,3,2,
782,1,1,3,2,
782,2,2,3,2,
782,3,2,3,1,2
782,4,3,4,2,
782,5,1,3,2,
782,6,1,3,2,
782,7,1,3,2,
782,8,2,2,1,2
782,9,1,3,2,
782,10,1,3,2,
782,11,1,3,2,
783,1,1,3,2,
783,2,2,3,2,
783,3,2,3,1,2
783,4,3,4,2,
783,5,1,3,2,
783,6,1,3,2,
783,7,1,3,2,
783,8,2,2,1,2
783,9,2,2,2,
783,10,2,2,2,
783,11,1,3,2,
784,1,1,1,2,
784,2,1,3,2,
784,3,1,3,2,
784,4,1,3,2,
784,5,1,3,2,
784,6,1,3,2,
784,7,1,3,2,
784,8,3,4,2,
784,9,2,3,2,
784,10,2,3,2,
784,11,3,4,2,
785,1,1,1,2,
785,2,1,3,2,
785,3,1,3,2,
785,4,1,3,2,
785,5,1,3,2,
785,6,1,3,2,
785,7,1,3,2,
785,8,3,4,2,
785,9,1,3,2,
785,10,2,3,2,
785,11,3,4,2,
786,1,1,3,2,
786,2,1,3,2,
786,3,1,3,2,
786,4,1,3,2,
786,5,1,3,2,
786,6,1,3,2,
786,7,1,3,2,
786,8,1,3,2,
786,9,2,3,2,
786,10,3,4,2,
786,11,2,3,2,
787,1,1,3,2,
787,2,1,3,2,
787,3,1,3,2,
787,4,1,3,2,
787,5,1,3,2,
787,6,1,3,2,
787,7,1,3,2,
787,8,3,4,2,
787,9,2,3,2,
787,10,3,4,2,
787,11,3,4,2,
788,1,1,1,2,
788,2,1,3,2,
788,3,1,3,2,
788,4,3,4,2,
788,5,1,3,2,
788,6,1,3,2,
788,7,1,3,2,
788,8,3,4,2,
788,9,2,3,2,
788,10,3,4,2,
788,11,3,4,2,
789,1,1,3,2,
789,2,1,3,2,
789,3,1,3,2,
789,4,1,3,1,1
789,5,1,3,1,1
789,6,1,3,2,
789,7,1,3,2,
789,8,3,4,2,
789,9,1,3,2,
789,10,3,4,2,
789,11,1,3,2,
790,1,1,3,2,
790,2,1,3,2,
790,3,1,3,2,
790,4,3,4,2,
790,5,1,3,2,
790,6,1,3,2,
790,7,1,3,2,
790,8,3,4,2,
790,9,2,3,2,
790,10,3,4,2,
790,11,2,3,2,
791,1,1,3,2,
791,2,1,3,2,
791,3,1,3,2,
791,4,1,3,2,
791,5,1,3,2,
791,6,1,3,2,
791,7,1,3,2,
791,8,3,4,2,
791,9,1,3,2,
791,10,3,4,2,
791,11,1,3,2,
792,1,1,3,2,
792,2,1,3,2,
792,3,1,3,2,
792,4,1,3,2,
792,5,1,3,2,
792,6,1,3,2,
792,7,1,3,2,
792,8,3,4,2,
792,9,1,3,2,
792,10,1,3,2,
792,11,1,3,2,
793,1,1,3,2,
793,2,1,3,2,
793,3,3,4,2,
793,4,3,4,2,
793,5,1,3,2,
793,6,3,4,2,
793,7,3,4,2,
793,8,3,4,2,
793,9,3,4,2,
793,10,1,3,2,
793,11,2,3,2,
794,1,1,3,2,
794,2,1,3,2,
794,3,2,3,2,
794,4,3,4,2,
794,5,1,3,2,
794,6,3,4,2,
794,7,1,3,2,
794,8,3,4,2,
794,9,3,4,2,
794,10,2,3,2,
794,11,2,3,2,
795,1,1,3,2,
795,2,1,3,2,
795,3,2,3,2,
795,4,3,4,2,
795,5,1,3,2,
795,6,3,4,2,
795,7,3,4,2,
795,8,3,4,2,
795,9,3,4,2,
795,10,2,3,2,
795,11,2,3,2,
796,1,1,3,2,
796,2,1,3,2,
796,3,2,3,2,
796,4,3,4,2,
796,5,1,3,2,
796,6,3,4,2,
796,7,3,4,2,
796,8,3,4,2,
796,9,3,4,2,
796,10,3,4,2,
796,11,2,3,2,
797,1,1,3,2,
797,2,1,3,2,
797,3,2,3,2,
797,4,3,4,2,
797,5,1,3,2,
797,6,3,4,2,
797,7,1,3,2,
797,8,3,4,2,
797,9,2,3,2,
797,10,2,3,2,
797,11,2,3,2,
798,1,1,3,2,
798,2,1,3,2,
798,3,3,4,2,
798,4,3,4,2,
798,5,1,3,2,
798,6,3,4,2,
798,7,3,4,2,
798,8,3,4,2,
798,9,2,3,2,
798,10,2,3,2,
798,11,2,3,2,
799,1,1,3,2,
799,2,1,3,2,
799,3,3,4,2,
799,4,3,4,2,
799,5,1,3,2,
799,6,3,4,2,
799,7,1,3,2,
799,8,3,4,2,
799,9,2,3,2,
799,10,2,3,2,
799,11,2,1,2,
800,1,1,3,2,
800,2,1,3,2,
800,3,3,4,2,
800,4,3,4,2,
800,5,1,3,2,
800,6,3,4,2,
800,7,1,3,2,
800,8,3,4,2,
800,9,3,4,2,
800,10,2,3,2,
800,11,2,3,2,
801,1,1,3,2,
801,2,1,3,2,
801,3,3,4,2,
801,4,3,4,2,
801,5,1,3,2,
801,6,3,4,2,
801,7,3,4,2,
801,8,3,4,2,
801,9,3,4,2,
801,10,2,3,2,
801,11,2,3,2,
802,1,1,3,2,
802,2,1,3,2,
802,3,1,3,2,
802,4,1,3,2,
802,5,1,3,2,
802,6,1,3,2,
802,7,1,3,2,
802,8,3,4,2,
802,9,2,2,2,
802,10,2,2,2,
802,11,1,3,2,
803,1,1,3,2,
803,2,1,3,2,
803,3,1,3,2,
803,4,1,3,2,
803,5,1,3,2,
803,6,1,3,2,
803,7,1,3,2,
803,8,3,4,2,
803,9,2,2,2,
803,10,2,2,2,
803,11,1,3,2,
804,1,1,3,2,
804,2,1,3,2,
804,3,1,3,2,
804,4,1,3,2,
804,5,1,3,2,
804,6,1,3,2,
804,7,1,3,2,
804,8,3,4,2,
804,9,2,2,2,
804,10,2,2,2,
804,11,1,3,2,
805,1,1,3,2,
805,2,1,3,2,
805,3,1,3,2,
805,4,3,4,2,
805,5,1,3,2,
805,6,1,3,2,
805,7,1,3,2,
805,8,3,4,2,
805,9,2,2,2,
805,10,2,2,2,
805,11,1,3,2,
806,1,1,3,2,
806,2,1,3,2,
806,3,1,3,2,
806,4,3,4,2,
806,5,1,3,2,
806,6,1,3,2,
806,7,1,3,2,
806,8,3,4,2,
806,9,1,3,2,
806,10,2,2,2,
806,11,1,1,2,
807,1,1,3,2,
807,2,1,3,2,
807,3,1,3,2,
807,4,3,4,2,
807,5,1,3,2,
807,6,1,3,2,
807,7,1,3,2,
807,8,3,4,2,
807,9,1,3,2,
807,10,1,3,2,
807,11,1,3,2,
808,1,1,3,2,
808,2,1,3,2,
808,3,1,3,2,
808,4,3,4,2,
808,5,1,3,2,
808,6,1,3,2,
808,7,1,3,2,
808,8,3,4,2,
808,9,2,2,2,
808,10,2,2,2,
808,11,1,3,2,
809,1,1,3,2,
809,2,1,3,2,
809,3,1,3,2,
809,4,1,3,2,
809,5,1,3,2,
809,6,1,3,2,
809,7,1,3,2,
809,8,3,4,2,
809,9,2,2,2,
809,10,1,3,2,
809,11,1,3,2,
810,1,1,3,2,
810,2,1,3,2,
810,3,1,3,2,
810,4,1,3,2,
810,5,1,3,2,
810,6,1,3,2,
810,7,1,3,2,
810,8,3,4,2,
810,9,2,2,2,
810,10,3,4,2,
810,11,1,3,2,
811,1,1,3,2,
811,2,1,3,2,
811,3,1,3,2,
811,4,1,3,2,
811,5,1,3,2,
811,6,1,3,2,
811,7,1,3,2,
811,8,1,3,2,
811,9,1,3,2,
811,10,3,4,2,
811,11,1,3,2,
812,1,1,3,2,
812,2,1,3,2,
812,3,1,3,2,
812,4,1,3,2,
812,5,1,3,2,
812,6,1,3,2,
812,7,1,3,2,
812,8,1,3,2,
812,9,1,3,2,
812,10,1,3,2,
812,11,1,3,2,
813,1,1,3,2,
813,2,1,3,2,
813,3,1,3,2,
813,4,1,3,2,
813,5,1,3,2,
813,6,1,3,2,
813,7,1,3,2,
813,8,1,3,2,
813,9,1,3,2,
813,10,3,4,2,
813,11,1,3,2,
814,1,1,3,2,
814,2,1,3,2,
814,3,1,3,2,
814,4,1,3,2,
814,5,1,3,2,
814,6,1,3,2,
814,7,1,3,2,
814,8,1,3,2,
814,9,1,3,2,
814,10,1,3,2,
814,11,1,3,2,
815,1,1,3,2,
815,2,1,3,2,
815,3,1,3,2,
815,4,1,3,2,
815,5,1,3,2,
815,6,1,3,2,
815,7,1,3,2,
815,8,1,3,2,
815,9,1,3,2,
815,10,1,3,2,
815,11,1,3,2,
816,1,1,3,2,
816,2,1,3,2,
816,3,1,3,2,
816,4,1,3,2,
816,5,1,3,2,
816,6,1,3,2,
816,7,1,3,2,
816,8,1,3,2,
816,9,3,4,2,
816,10,1,3,2,
816,11,1,3,2,
817,1,1,3,2,
817,2,1,3,2,
817,3,1,3,2,
817,4,1,3,2,
817,5,1,3,2,
817,6,1,3,2,
817,7,3,4,2,
817,8,1,3,2,
817,9,3,4,2,
817,10,1,3,2,
817,11,1,3,2,
818,1,1,3,2,
818,2,1,3,2,
818,3,1,3,2,
818,4,1,3,2,
818,5,1,3,2,
818,6,1,3,2,
818,7,1,3,2,
818,8,3,4,2,
818,9,3,4,2,
818,10,1,4,2,
818,11,1,3,2,
819,1,1,3,2,
819,2,1,3,2,
819,3,1,3,2,
819,4,1,3,2,
819,5,1,3,2,
819,6,1,3,2,
819,7,1,3,2,
819,8,1,3,2,
819,9,3,4,2,
819,10,3,4,2,
819,11,1,3,2,
820,1,1,3,2,
820,2,3,4,2,
820,3,3,4,2,
820,4,3,4,2,
820,5,1,3,2,
820,6,3,4,2,
820,7,2,3,2,
820,8,1,3,2,
820,9,1,3,2,
820,10,1,3,2,
820,11,2,2,1,2
821,1,1,3,2,
821,2,3,4,2,
821,3,3,4,2,
821,4,3,4,2,
821,5,1,3,2,
821,6,3,4,2,
821,7,3,4,2,
821,8,3,4,2,
821,9,1,3,2,
821,10,1,3,2,
821,11,2,2,2,
822,1,1,3,2,
822,2,3,4,2,
822,3,3,4,2,
822,4,3,4,2,
822,5,1,3,2,
822,6,1,3,2,
822,7,1,3,2,
822,8,3,4,2,
822,9,1,3,2,
822,10,3,4,2,
822,11,2,2,2,
823,1,1,3,2,
823,2,3,4,2,
823,3,3,4,2,
823,4,3,4,2,
823,5,1,3,2,
823,6,3,4,2,
823,7,3,4,2,
823,8,3,4,2,
823,9,1,3,2,
823,10,3,4,2,
823,11,2,2,1,2
824,1,1,3,2,
824,2,3,4,2,
824,3,3,4,2,
824,4,3,4,2,
824,5,1,3,2,
824,6,3,4,2,
824,7,3,4,2,
824,8,3,4,2,
824,9,1,3,2,
824,10,3,4,2,
824,11,2,2,2,
825,1,1,3,2,
825,2,3,4,2,
825,3,3,4,2,
825,4,3,4,2,
825,5,1,3,2,
825,6,3,4,2,
825,7,1,3,2,
825,8,3,4,2,
825,9,1,3,2,
825,10,3,4,2,
825,11,2,2,2,
826,1,1,3,2,
826,2,3,4,2,
826,3,3,4,2,
826,4,3,4,2,
826,5,1,3,2,
826,6,3,4,2,
826,7,1,3,2,
826,8,1,3,2,
826,9,2,3,2,
826,10,1,3,2,
826,11,2,2,1,2
827,1,1,3,2,
827,2,3,4,2,
827,3,3,4,2,
827,4,3,4,2,
827,5,1,3,2,
827,6,1,3,2,
827,7,1,3,2,
827,8,3,4,2,
827,9,2,3,2,
827,10,1,3,2,
827,11,2,2,1,2
828,1,2,3,2,
828,2,3,4,2,
828,3,3,4,2,
828,4,3,4,2,
828,5,1,3,2,
828,6,1,3,2,
828,7,3,4,2,
828,8,1,3,2,
828,9,1,3,2,
828,10,3,4,2,
828,11,2,2,2,
829,1,1,3,2,
829,2,1,3,2,
829,3,2,3,2,
829,4,1,3,2,
829,5,1,3,2,
829,6,1,3,2,
829,7,3,4,2,
829,8,1,3,2,
829,9,3,4,2,
829,10,1,3,2,
829,11,2,3,2,
830,1,1,3,2,
830,2,1,3,2,
830,3,2,3,2,
830,4,1,3,2,
830,5,1,3,2,
830,6,1,3,2,
830,7,1,3,2,
830,8,1,3,2,
830,9,1,3,2,
830,10,1,3,2,
830,11,1,3,2,
831,1,1,3,2,
831,2,1,3,2,
831,3,2,3,2,
831,4,1,3,2,
831,5,1,3,2,
831,6,1,3,2,
831,7,1,3,2,
831,8,1,3,2,
831,9,3,4,2,
831,10,1,3,2,
831,11,1,3,2,
832,1,1,3,2,
832,2,1,3,2,
832,3,2,3,2,
832,4,1,3,2,
832,5,1,3,2,
832,6,1,3,2,
832,7,1,3,2,
832,8,1,3,2,
832,9,1,3,2,
832,10,1,3,2,
832,11,1,3,2,
833,1,1,3,2,
833,2,2,3,2,
833,3,2,3,2,
833,4,1,3,2,
833,5,1,3,2,
833,6,1,3,2,
833,7,1,3,2,
833,8,1,3,2,
833,9,3,3,2,
833,10,1,3,2,
833,11,1,3,2,
834,1,1,3,2,
834,2,2,3,2,
834,3,2,3,2,
834,4,1,3,2,
834,5,1,3,2,
834,6,1,3,2,
834,7,1,3,2,
834,8,1,3,2,
834,9,1,3,2,
834,10,3,4,2,
834,11,1,3,2,
835,1,1,3,2,
835,2,2,3,2,
835,3,2,3,2,
835,4,1,3,2,
835,5,1,3,2,
835,6,3,4,2,
835,7,1,3,2,
835,8,1,3,2,
835,9,1,3,2,
835,10,1,3,2,
835,11,1,3,2,
836,1,1,3,2,
836,2,2,3,2,
836,3,2,3,2,
836,4,1,3,2,
836,5,1,3,2,
836,6,1,3,2,
836,7,3,4,2,
836,8,1,3,2,
836,9,3,4,2,
836,10,1,3,2,
836,11,1,3,2,
837,1,1,3,2,
837,2,1,3,2,
837,3,2,3,2,
837,4,1,3,2,
837,5,1,3,2,
837,6,1,3,2,
837,7,1,3,2,
837,8,1,3,2,
837,9,1,3,2,
837,10,1,3,2,
837,11,3,4,2,
838,1,1,1,2,
838,2,2,2,2,
838,3,2,2,2,
838,4,2,2,1,1
838,5,1,1,2,
838,6,2,2,2,
838,7,2,2,2,
838,8,2,2,2,
838,9,2,2,2,
838,10,2,2,2,
838,11,2,2,2,
839,1,1,1,2,
839,2,2,2,2,
839,3,2,2,2,
839,4,2,2,2,
839,5,1,1,2,
839,6,2,2,2,
839,7,2,2,2,
839,8,2,2,2,
839,9,2,2,2,
839,10,2,2,2,
839,11,2,2,2,
840,1,1,1,2,
840,2,2,2,2,
840,3,2,2,2,
840,4,2,2,2,
840,5,1,1,2,
840,6,2,2,2,
840,7,2,2,2,
840,8,2,2,2,
840,9,2,2,2,
840,10,2,2,2,
840,11,2,2,2,
841,1,1,1,2,
841,2,2,2,2,
841,3,2,2,2,
841,4,2,2,2,
841,5,1,1,2,
841,6,1,1,2,
841,7,2,2,2,
841,8,2,2,2,
841,9,2,2,2,
841,10,2,2,2,
841,11,2,2,2,
842,1,2,2,2,
842,2,2,2,2,
842,3,2,2,2,
842,4,2,2,2,
842,5,1,1,2,
842,6,2,2,2,
842,7,2,2,2,
842,8,2,2,2,
842,9,2,2,2,
842,10,2,2,2,
842,11,2,2,2,
843,1,1,1,2,
843,2,2,2,2,
843,3,2,2,2,
843,4,2,2,2,
843,5,1,1,2,
843,6,2,2,2,
843,7,2,2,2,
843,8,2,2,2,
843,9,2,2,2,
843,10,2,2,2,
843,11,2,2,2,
844,1,1,1,2,
844,2,2,2,2,
844,3,2,2,2,
844,4,2,2,2,
844,5,1,1,2,
844,6,1,1,2,
844,7,1,1,2,
844,8,2,2,2,
844,9,2,2,2,
844,10,2,2,2,
844,11,2,2,2,
845,1,2,2,2,
845,2,2,2,2,
845,3,2,2,2,
845,4,1,1,2,
845,5,1,1,2,
845,6,2,2,2,
845,7,2,2,2,
845,8,2,2,2,
845,9,2,2,2,
845,10,2,2,2,
845,11,2,2,2,
846,1,1,1,2,
846,2,2,2,2,
846,3,2,2,2,
846,4,2,2,2,
846,5,1,1,2,
846,6,2,2,2,
846,7,2,2,2,
846,8,2,2,2,
846,9,2,2,2,
846,10,2,2,2,
846,11,2,2,2,
847,1,1,3,2,
847,2,1,3,2,
847,3,2,3,2,
847,4,3,4,2,
847,5,1,3,2,
847,6,1,3,2,
847,7,1,3,2,
847,8,2,3,2,
847,9,1,3,2,
847,10,3,4,2,
847,11,1,3,2,
848,1,1,3,2,
848,2,1,3,2,
848,3,2,3,2,
848,4,3,4,2,
848,5,1,3,2,
848,6,1,3,2,
848,7,1,3,2,
848,8,2,3,2,
848,9,1,3,2,
848,10,1,3,2,
848,11,1,3,2,
849,1,1,3,2,
849,2,1,3,2,
849,3,2,3,2,
849,4,3,4,2,
849,5,1,3,2,
849,6,1,1,2,
849,7,1,1,2,
849,8,1,3,2,
849,9,1,3,2,
849,10,1,3,2,
849,11,1,3,2,
850,1,1,3,2,
850,2,1,3,2,
850,3,2,3,2,
850,4,3,4,2,
850,5,1,3,2,
850,6,1,1,2,
850,7,1,1,2,
850,8,2,3,2,
850,9,1,3,2,
850,10,1,3,2,
850,11,1,3,2,
851,1,1,3,2,
851,2,1,3,2,
851,3,2,3,2,
851,4,3,4,2,
851,5,1,3,2,
851,6,1,3,2,
851,7,1,3,2,
851,8,2,3,2,
851,9,1,3,2,
851,10,1,3,2,
851,11,1,3,2,
852,1,1,3,2,
852,2,1,3,2,
852,3,2,3,2,
852,4,3,4,2,
852,5,1,3,2,
852,6,1,3,2,
852,7,1,1,2,
852,8,2,3,2,
852,9,1,3,2,
852,10,1,3,2,
852,11,1,3,2,
853,1,1,3,2,
853,2,1,3,2,
853,3,2,3,2,
853,4,3,4,2,
853,5,1,3,2,
853,6,1,1,2,
853,7,1,1,2,
853,8,2,3,2,
853,9,1,3,2,
853,10,1,3,2,
853,11,1,3,2,
854,1,1,3,2,
854,2,1,3,2,
854,3,2,3,2,
854,4,3,4,2,
854,5,1,3,2,
854,6,1,1,2,
854,7,1,1,2,
854,8,2,3,2,
854,9,1,3,2,
854,10,3,4,2,
854,11,1,3,2,
855,1,1,3,2,
855,2,1,3,2,
855,3,2,3,2,
855,4,3,4,2,
855,5,1,3,2,
855,6,1,3,2,
855,7,1,3,2,
855,8,1,3,2,
855,9,1,3,2,
855,10,1,3,2,
855,11,1,3,2,
856,1,1,3,2,
856,2,1,3,2,
856,3,1,3,2,
856,4,1,3,2,
856,5,1,3,2,
856,6,1,1,2,
856,7,1,1,2,
856,8,2,3,2,
856,9,1,1,2,
856,10,1,1,2,
856,11,1,1,2,
857,1,1,3,2,
857,2,1,3,2,
857,3,1,3,2,
857,4,1,3,2,
857,5,1,3,2,
857,6,1,3,2,
857,7,1,3,2,
857,8,3,4,2,
857,9,1,3,2,
857,10,1,3,2,
857,11,1,3,2,
858,1,1,3,2,
858,2,1,3,2,
858,3,1,3,2,
858,4,3,4,2,
858,5,1,3,2,
858,6,1,1,2,
858,7,1,1,2,
858,8,3,4,2,
858,9,1,1,2,
858,10,1,1,2,
858,11,1,1,2,
859,1,1,3,2,
859,2,1,3,2,
859,3,1,3,2,
859,4,1,3,2,
859,5,1,3,2,
859,6,1,1,2,
859,7,1,1,2,
859,8,2,3,2,
859,9,1,1,2,
859,10,1,1,2,
859,11,1,1,2,
860,1,1,3,2,
860,2,1,3,2,
860,3,1,3,2,
860,4,1,3,1,1
860,5,1,3,2,
860,6,1,1,2,
860,7,1,1,2,
860,8,2,3,2,
860,9,1,1,2,
860,10,1,1,2,
860,11,1,1,2,
861,1,1,3,2,
861,2,1,3,2,
861,3,1,3,2,
861,4,1,3,1,1
861,5,1,3,2,
861,6,1,1,2,
861,7,1,1,2,
861,8,2,3,2,
861,9,1,1,2,
861,10,1,1,2,
861,11,1,1,2,
862,1,1,3,2,
862,2,1,3,2,
862,3,1,3,2,
862,4,3,4,2,
862,5,1,3,2,
862,6,1,1,2,
862,7,1,1,2,
862,8,2,3,2,
862,9,1,1,2,
862,10,1,1,2,
862,11,1,1,2,
863,1,1,3,2,
863,2,1,3,2,
863,3,1,3,2,
863,4,1,3,2,
863,5,1,3,2,
863,6,1,1,2,
863,7,1,1,2,
863,8,2,3,2,
863,9,1,1,2,
863,10,1,1,2,
863,11,1,1,2,
864,1,1,3,2,
864,2,1,3,2,
864,3,1,3,2,
864,4,1,3,2,
864,5,1,3,2,
864,6,1,1,2,
864,7,1,1,2,
864,8,2,3,2,
864,9,1,1,2,
864,10,1,1,2,
864,11,1,1,2,
865,1,1,1,2,
865,2,1,3,2,
865,3,1,1,2,
865,4,1,1,2,
865,5,1,3,2,
865,6,3,4,2,
865,7,1,1,2,
865,8,3,4,2,
865,9,2,4,2,
865,10,2,4,2,
865,11,2,3,2,
866,1,1,1,2,
866,2,1,1,2,
866,3,1,1,2,
866,4,3,4,2,
866,5,1,1,2,
866,6,3,4,2,
866,7,1,1,2,
866,8,3,4,2,
866,9,1,1,2,
866,10,1,1,2,
866,11,2,3,2,
867,1,1,1,2,
867,2,1,3,2,
867,3,1,1,2,
867,4,3,4,2,
867,5,1,1,2,
867,6,3,4,2,
867,7,3,4,2,
867,8,3,4,2,
867,9,2,3,2,
867,10,2,3,2,
867,11,2,3,2,
868,1,1,1,2,
868,2,1,3,2,
868,3,1,1,2,
868,4,1,1,2,
868,5,1,1,2,
868,6,3,4,2,
868,7,1,1,2,
868,8,3,4,2,
868,9,1,1,2,
868,10,3,4,2,
868,11,2,3,2,
869,1,1,1,2,
869,2,1,1,2,
869,3,1,1,2,
869,4,1,1,2,
869,5,1,3,2,
869,6,3,4,2,
869,7,1,1,2,
869,8,3,4,2,
869,9,2,3,2,
869,10,2,3,2,
869,11,2,3,2,
870,1,1,1,2,
870,2,1,3,2,
870,3,1,1,2,
870,4,3,4,2,
870,5,1,3,2,
870,6,3,4,2,
870,7,1,1,2,
870,8,3,4,2,
870,9,2,3,2,
870,10,1,1,2,
870,11,2,3,2,
871,1,1,1,2,
871,2,1,3,2,
871,3,1,3,2,
871,4,1,3,2,
871,5,1,1,2,
871,6,3,4,2,
871,7,3,4,2,
871,8,3,4,2,
871,9,2,3,2,
871,10,3,4,2,
871,11,2,3,2,
872,1,1,1,2,
872,2,1,3,2,
872,3,1,1,2,
872,4,1,1,2,
872,5,1,1,2,
872,6,3,4,2,
872,7,1,1,2,
872,8,3,4,2,
872,9,2,2,2,
872,10,2,3,2,
872,11,2,3,2,
873,1,1,3,2,
873,2,1,3,2,
873,3,1,1,2,
873,4,1,3,2,
873,5,1,1,2,
873,6,3,4,2,
873,7,3,4,2,
873,8,3,4,2,
873,9,1,1,2,
873,10,2,3,2,
873,11,2,3,2,
874,1,1,3,2,
874,2,1,3,2,
874,3,1,3,2,
874,4,1,3,2,
874,5,1,3,2,
874,6,1,3,2,
874,7,1,3,2,
874,8,3,4,2,
874,9,1,3,2,
874,10,1,3,2,
874,11,1,3,2,
875,1,1,3,2,
875,2,1,3,2,
875,3,2,3,2,
875,4,1,3,2,
875,5,1,3,2,
875,6,3,4,2,
875,7,1,3,2,
875,8,3,4,2,
875,9,3,4,2,
875,10,1,3,2,
875,11,1,3,2,
876,1,1,3,2,
876,2,1,3,2,
876,3,2,3,2,
876,4,1,3,2,
876,5,1,3,2,
876,6,3,4,2,
876,7,3,4,2,
876,8,3,4,2,
876,9,3,4,2,
876,10,3,4,2,
876,11,1,3,2,
877,1,1,3,2,
877,2,1,3,2,
877,3,2,3,2,
877,4,1,3,2,
877,5,1,3,2,
877,6,3,4,2,
877,7,3,4,2,
877,8,3,4,2,
877,9,3,4,2,
877,10,1,3,2,
877,11,1,3,2,
878,1,1,3,2,
878,2,1,3,2,
878,3,2,3,2,
878,4,1,3,2,
878,5,1,3,2,
878,6,1,3,2,
878,7,3,4,2,
878,8,3,4,2,
878,9,2,3,2,
878,10,3,4,2,
878,11,1,3,2,
879,1,1,3,2,
879,2,1,3,2,
879,3,2,3,2,
879,4,1,3,2,
879,5,1,3,2,
879,6,1,3,2,
879,7,3,4,2,
879,8,3,4,2,
879,9,3,2,1,
879,10,1,3,2,
879,11,1,3,2,
880,1,1,3,2,
880,2,1,3,2,
880,3,2,3,2,
880,4,1,3,2,
880,5,1,3,2,
880,6,3,4,2,
880,7,1,3,2,
880,8,3,4,2,
880,9,2,3,2,
880,10,3,4,2,
880,11,1,3,2,
881,1,1,3,2,
881,2,1,3,2,
881,3,2,3,2,
881,4,1,3,2,
881,5,1,3,2,
881,6,1,3,2,
881,7,3,4,2,
881,8,3,4,2,
881,9,2,3,2,
881,10,3,4,2,
881,11,1,3,2,
882,1,1,3,2,
882,2,1,3,2,
882,3,2,3,2,
882,4,1,3,2,
882,5,1,3,2,
882,6,1,3,2,
882,7,3,4,2,
882,8,3,4,2,
882,9,3,4,2,
882,10,3,4,2,
882,11,1,3,2,
883,1,1,3,2,
883,2,1,3,2,
883,3,1,3,2,
883,4,1,3,2,
883,5,1,3,2,
883,6,1,3,2,
883,7,1,3,2,
883,8,3,4,2,
883,9,1,3,2,
883,10,1,3,2,
883,11,1,3,2,
884,1,1,3,2,
884,2,1,3,2,
884,3,1,3,2,
884,4,1,3,2,
884,5,1,3,2,
884,6,1,3,2,
884,7,1,3,2,
884,8,3,4,2,
884,9,1,3,2,
884,10,1,3,2,
884,11,1,3,2,
885,1,1,3,2,
885,2,1,3,2,
885,3,1,3,2,
885,4,1,3,2,
885,5,1,3,2,
885,6,1,3,2,
885,7,1,3,2,
885,8,3,4,2,
885,9,1,3,2,
885,10,1,3,2,
885,11,1,3,2,
886,1,1,3,2,
886,2,1,3,2,
886,3,1,3,2,
886,4,1,3,2,
886,5,1,3,2,
886,6,1,3,2,
886,7,1,3,2,
886,8,3,4,2,
886,9,1,3,2,
886,10,1,3,2,
886,11,1,3,2,
887,1,1,3,2,
887,2,1,3,2,
887,3,1,3,2,
887,4,2,4,2,
887,5,1,3,2,
887,6,1,3,2,
887,7,1,3,2,
887,8,3,4,2,
887,9,2,3,2,
887,10,1,3,2,
887,11,1,3,2,
888,1,1,3,2,
888,2,1,3,2,
888,3,1,3,2,
888,4,1,3,2,
888,5,1,3,2,
888,6,1,3,2,
888,7,1,3,2,
888,8,3,4,2,
888,9,1,3,2,
888,10,1,3,2,
888,11,1,3,2,
889,1,1,3,2,
889,2,1,3,2,
889,3,1,3,2,
889,4,1,3,2,
889,5,1,3,2,
889,6,1,3,2,
889,7,1,3,2,
889,8,3,4,2,
889,9,1,3,2,
889,10,1,3,2,
889,11,1,3,2,
890,1,1,3,2,
890,2,1,3,2,
890,3,1,3,2,
890,4,1,3,2,
890,5,1,3,2,
890,6,1,3,2,
890,7,1,3,2,
890,8,3,4,2,
890,9,1,3,2,
890,10,1,3,2,
890,11,1,3,2,
891,1,1,3,2,
891,2,1,3,2,
891,3,1,3,2,
891,4,1,3,2,
891,5,1,3,2,
891,6,1,3,2,
891,7,1,3,2,
891,8,3,4,2,
891,9,1,3,2,
891,10,1,3,2,
891,11,1,3,2,
892,1,1,3,2,
892,2,1,3,2,
892,3,1,3,2,
892,4,1,3,2,
892,5,1,3,2,
892,6,1,3,2,
892,7,1,3,2,
892,8,2,3,2,
892,9,1,3,2,
892,10,1,3,2,
892,11,2,3,2,
893,1,1,3,2,
893,2,1,3,2,
893,3,1,3,2,
893,4,1,3,2,
893,5,1,3,2,
893,6,1,3,2,
893,7,1,3,2,
893,8,3,3,2,
893,9,1,3,2,
893,10,3,3,2,
893,11,2,1,2,
894,1,1,3,2,
894,2,1,3,2,
894,3,1,3,2,
894,4,1,3,2,
894,5,1,3,2,
894,6,1,3,2,
894,7,1,3,2,
894,8,3,4,2,
894,9,2,4,2,
894,10,3,4,2,
894,11,2,1,2,
895,1,2,3,2,
895,2,1,3,2,
895,3,1,3,2,
895,4,1,3,2,
895,5,1,3,2,
895,6,1,1,2,
895,7,3,4,2,
895,8,2,3,2,
895,9,2,3,2,
895,10,3,4,2,
895,11,2,3,2,
896,1,2,3,2,
896,2,1,3,2,
896,3,1,3,2,
896,4,1,3,2,
896,5,1,3,2,
896,6,1,3,2,
896,7,3,4,2,
896,8,3,4,2,
896,9,1,4,2,
896,10,3,4,2,
896,11,3,4,2,
897,1,1,3,2,
897,2,1,3,2,
897,3,1,3,2,
897,4,1,3,2,
897,5,1,3,2,
897,6,1,3,2,
897,7,1,3,2,
897,8,3,4,2,
897,9,1,3,2,
897,10,1,3,2,
897,11,2,1,2,
898,1,1,3,2,
898,2,1,3,2,
898,3,1,3,2,
898,4,1,3,2,
898,5,1,3,2,
898,6,1,3,2,
898,7,1,3,2,
898,8,2,3,2,
898,9,1,3,2,
898,10,2,3,2,
898,11,2,3,2,
899,1,1,3,2,
899,2,1,3,2,
899,3,1,3,2,
899,4,1,3,2,
899,5,1,3,2,
899,6,1,3,2,
899,7,1,3,2,
899,8,3,4,2,
899,9,1,3,2,
899,10,3,4,2,
899,11,2,3,2,
900,1,1,3,2,
900,2,1,3,2,
900,3,1,3,2,
900,4,1,3,2,
900,5,1,3,2,
900,6,1,1,2,
900,7,3,4,2,
900,8,3,4,2,
900,9,1,1,2,
900,10,3,4,2,
900,11,3,4,2,
901,1,1,1,2,
901,2,1,1,2,
901,3,1,1,2,
901,4,3,4,2,
901,5,1,1,2,
901,6,1,1,2,
901,7,1,1,2,
901,8,3,4,2,
901,9,2,2,2,
901,10,2,2,2,
901,11,1,1,2,
902,1,1,1,2,
902,2,1,1,2,
902,3,1,1,2,
902,4,1,1,2,
902,5,1,1,2,
902,6,1,1,2,
902,7,1,1,2,
902,8,3,4,2,
902,9,2,2,2,
902,10,2,2,2,
902,11,1,1,2,
903,1,1,1,2,
903,2,1,1,2,
903,3,1,1,2,
903,4,1,1,2,
903,5,1,1,2,
903,6,1,1,2,
903,7,1,1,2,
903,8,3,2,2,
903,9,2,2,2,
903,10,3,4,2,
903,11,1,1,2,
904,1,1,1,2,
904,2,1,1,2,
904,3,1,1,2,
904,4,1,1,2,
904,5,1,1,2,
904,6,1,1,2,
904,7,1,1,2,
904,8,3,4,2,
904,9,2,2,2,
904,10,2,2,2,
904,11,1,1,2,
905,1,1,1,2,
905,2,1,1,2,
905,3,1,1,2,
905,4,1,1,2,
905,5,1,1,2,
905,6,1,1,2,
905,7,2,2,2,
905,8,3,4,1,2
905,9,2,2,2,
905,10,3,4,2,
905,11,1,1,2,
906,1,1,1,2,
906,2,1,1,2,
906,3,1,1,2,
906,4,1,1,2,
906,5,1,1,2,
906,6,1,1,2,
906,7,1,1,2,
906,8,3,4,2,
906,9,2,2,2,
906,10,2,2,2,
906,11,1,1,2,
907,1,1,1,2,
907,2,1,1,2,
907,3,1,1,2,
907,4,1,1,2,
907,5,1,1,2,
907,6,1,1,2,
907,7,2,2,2,
907,8,3,4,1,2
907,9,2,2,2,
907,10,2,2,2,
907,11,1,1,2,
908,1,1,1,2,
908,2,1,1,2,
908,3,1,1,2,
908,4,3,4,2,
908,5,1,1,2,
908,6,1,1,2,
908,7,1,1,2,
908,8,3,4,2,
908,9,2,2,2,
908,10,3,4,2,
908,11,1,1,2,
909,1,1,1,2,
909,2,1,1,2,
909,3,1,1,2,
909,4,3,4,2,
909,5,1,1,2,
909,6,1,1,2,
909,7,3,4,2,
909,8,3,4,2,
909,9,2,2,2,
909,10,2,2,2,
909,11,1,1,2,
910,1,1,3,2,
910,2,1,3,2,
910,3,1,3,2,
910,4,1,3,2,
910,5,1,3,2,
910,6,3,4,2,
910,7,1,3,2,
910,8,1,3,2,
910,9,1,3,2,
910,10,1,3,2,
910,11,1,3,2,
911,1,1,3,2,
911,2,1,3,2,
911,3,1,3,2,
911,4,1,3,2,
911,5,1,3,2,
911,6,1,3,2,
911,7,1,3,2,
911,8,3,4,2,
911,9,1,3,2,
911,10,1,3,2,
911,11,1,3,2,
912,1,1,3,2,
912,2,1,3,2,
912,3,1,3,2,
912,4,1,3,2,
912,5,1,3,2,
912,6,1,3,2,
912,7,3,4,2,
912,8,3,4,2,
912,9,2,3,2,
912,10,2,3,2,
912,11,1,3,2,
913,1,1,3,2,
913,2,1,3,2,
913,3,1,3,2,
913,4,1,3,2,
913,5,1,3,2,
913,6,1,3,2,
913,7,1,3,2,
913,8,3,4,2,
913,9,1,3,2,
913,10,1,3,2,
913,11,1,3,2,
914,1,1,3,2,
914,2,1,3,2,
914,3,1,3,2,
914,4,1,3,2,
914,5,1,3,2,
914,6,2,3,2,
914,7,1,3,2,
914,8,3,4,2,
914,9,1,3,2,
914,10,1,3,2,
914,11,1,3,2,
915,1,1,3,2,
915,2,1,3,2,
915,3,1,3,2,
915,4,1,3,2,
915,5,1,3,2,
915,6,1,3,2,
915,7,1,3,2,
915,8,1,3,2,
915,9,1,3,2,
915,10,3,4,2,
915,11,1,3,2,
916,1,1,3,2,
916,2,1,3,2,
916,3,1,3,2,
916,4,1,3,2,
916,5,1,3,2,
916,6,3,3,2,
916,7,1,3,2,
916,8,3,3,2,
916,9,1,3,2,
916,10,1,3,2,
916,11,1,3,2,
917,1,1,3,2,
917,2,1,3,2,
917,3,1,3,2,
917,4,1,3,2,
917,5,1,3,2,
917,6,3,4,2,
917,7,1,3,2,
917,8,3,4,2,
917,9,1,3,2,
917,10,1,3,2,
917,11,2,2,2,
918,1,1,3,2,
918,2,1,3,2,
918,3,1,3,2,
918,4,1,3,2,
918,5,1,3,2,
918,6,1,3,2,
918,7,3,3,2,
918,8,3,3,2,
918,9,1,3,2,
918,10,1,3,2,
918,11,1,3,2,
919,1,1,2,1,2
919,2,1,3,2,
919,3,1,3,2,
919,4,1,3,2,
919,5,1,3,2,
919,6,1,3,2,
919,7,3,4,2,
919,8,2,2,1,2
919,9,1,3,2,
919,10,1,3,2,
919,11,1,3,2,
920,1,1,1,2,
920,2,1,3,2,
920,3,1,1,2,
920,4,3,4,2,
920,5,1,3,2,
920,6,1,3,2,
920,7,1,3,2,
920,8,1,3,2,
920,9,2,2,1,2
920,10,1,3,2,
920,11,1,3,2,
921,1,1,3,2,
921,2,1,3,2,
921,3,1,3,2,
921,4,3,3,2,
921,5,1,3,2,
921,6,3,3,2,
921,7,3,3,2,
921,8,3,3,2,
921,9,3,3,2,
921,10,3,3,2,
921,11,3,3,2,
922,1,1,3,2,
922,2,1,3,2,
922,3,1,3,2,
922,4,1,3,2,
922,5,1,3,2,
922,6,1,3,2,
922,7,3,4,2,
922,8,3,4,2,
922,9,1,3,2,
922,10,3,4,2,
922,11,1,3,2,
923,1,1,3,2,
923,2,1,3,2,
923,3,1,3,2,
923,4,3,4,2,
923,5,1,3,2,
923,6,1,3,2,
923,7,1,3,2,
923,8,3,4,2,
923,9,2,2,2,
923,10,3,4,2,
923,11,1,3,2,
924,1,1,3,2,
924,2,1,3,2,
924,3,1,3,2,
924,4,1,3,2,
924,5,1,3,2,
924,6,3,4,2,
924,7,1,3,2,
924,8,3,4,2,
924,9,1,3,2,
924,10,1,3,2,
924,11,1,3,2,
925,1,2,2,1,2
925,2,1,3,2,
925,3,1,3,2,
925,4,3,4,2,
925,5,1,3,2,
925,6,1,3,2,
925,7,1,3,2,
925,8,2,2,1,2
925,9,1,3,2,
925,10,3,4,2,
925,11,1,3,2,
926,1,1,3,2,
926,2,1,3,2,
926,3,1,3,2,
926,4,1,3,2,
926,5,1,3,2,
926,6,1,3,2,
926,7,1,3,2,
926,8,3,4,2,
926,9,1,3,2,
926,10,1,3,2,
926,11,1,3,2,
927,1,1,3,2,
927,2,1,3,2,
927,3,1,1,2,
927,4,1,3,2,
927,5,1,3,2,
927,6,1,3,2,
927,7,3,4,2,
927,8,2,2,2,
927,9,1,1,2,
927,10,2,3,2,
927,11,2,3,2,
928,1,2,3,2,
928,2,1,3,2,
928,3,2,3,2,
928,4,1,3,2,
928,5,1,3,2,
928,6,1,3,2,
928,7,3,4,2,
928,8,3,4,2,
928,9,2,3,2,
928,10,3,4,2,
928,11,2,3,2,
929,1,2,3,2,
929,2,1,3,2,
929,3,1,3,2,
929,4,1,3,2,
929,5,1,3,2,
929,6,1,3,2,
929,7,1,3,2,
929,8,3,4,2,
929,9,2,3,2,
929,10,2,3,2,
929,11,2,3,2,
930,1,2,3,2,
930,2,1,3,2,
930,3,1,3,2,
930,4,1,3,2,
930,5,1,3,2,
930,6,1,3,2,
930,7,1,3,2,
930,8,3,4,2,
930,9,2,3,2,
930,10,2,3,2,
930,11,2,3,2,
931,1,2,3,2,
931,2,1,3,2,
931,3,1,3,2,
931,4,1,3,2,
931,5,1,3,2,
931,6,1,3,2,
931,7,3,4,2,
931,8,3,4,2,
931,9,2,2,2,
931,10,2,2,2,
931,11,2,2,2,
932,1,2,3,2,
932,2,1,3,2,
932,3,1,3,2,
932,4,1,3,2,
932,5,1,3,2,
932,6,3,4,2,
932,7,1,3,2,
932,8,3,4,2,
932,9,2,3,2,
932,10,3,4,2,
932,11,2,2,2,
933,1,2,2,2,
933,2,1,3,2,
933,3,1,3,2,
933,4,1,3,2,
933,5,1,3,2,
933,6,1,3,2,
933,7,1,3,2,
933,8,3,4,2,
933,9,2,2,2,
933,10,2,2,2,
933,11,2,2,2,
934,1,2,3,2,
934,2,1,3,2,
934,3,1,3,2,
934,4,1,3,2,
934,5,1,3,2,
934,6,3,4,2,
934,7,1,3,2,
934,8,3,4,2,
934,9,2,3,2,
934,10,2,3,2,
934,11,2,2,2,
935,1,2,3,2,
935,2,1,3,2,
935,3,1,3,2,
935,4,1,3,2,
935,5,1,3,2,
935,6,3,4,2,
935,7,3,4,2,
935,8,3,4,2,
935,9,1,3,2,
935,10,3,4,2,
935,11,2,2,2,
936,1,2,3,2,
936,2,1,3,2,
936,3,1,3,2,
936,4,1,3,2,
936,5,1,3,2,
936,6,3,4,2,
936,7,1,3,2,
936,8,3,4,2,
936,9,2,3,2,
936,10,2,3,2,
936,11,2,3,2,
937,1,1,3,2,
937,2,1,3,2,
937,3,1,3,2,
937,4,1,3,2,
937,5,1,3,2,
937,6,1,3,2,
937,7,1,3,2,
937,8,3,4,2,
937,9,1,3,2,
937,10,3,4,2,
937,11,2,2,2,
938,1,1,3,2,
938,2,1,3,2,
938,3,1,3,2,
938,4,1,3,2,
938,5,1,3,2,
938,6,1,3,2,
938,7,1,3,2,
938,8,3,4,2,
938,9,1,3,2,
938,10,1,3,2,
938,11,1,3,2,
939,1,1,3,2,
939,2,1,3,2,
939,3,1,3,2,
939,4,1,3,2,
939,5,1,3,2,
939,6,1,3,2,
939,7,2,3,2,
939,8,3,4,2,
939,9,2,2,2,
939,10,3,4,2,
939,11,1,3,2,
940,1,1,3,2,
940,2,1,3,2,
940,3,1,3,2,
940,4,1,3,2,
940,5,1,3,2,
940,6,2,2,2,
940,7,2,2,2,
940,8,3,4,2,
940,9,2,2,2,
940,10,2,2,2,
940,11,1,3,2,
941,1,1,3,2,
941,2,1,3,2,
941,3,1,3,2,
941,4,1,3,2,
941,5,1,3,2,
941,6,3,4,2,
941,7,2,2,2,
941,8,3,4,2,
941,9,2,2,2,
941,10,3,4,2,
941,11,1,3,2,
942,1,1,3,2,
942,2,1,3,2,
942,3,1,3,2,
942,4,1,3,2,
942,5,1,3,2,
942,6,1,3,2,
942,7,1,3,2,
942,8,3,4,2,
942,9,1,3,2,
942,10,1,3,2,
942,11,1,3,2,
943,1,1,3,2,
943,2,1,3,2,
943,3,1,3,2,
943,4,1,3,2,
943,5,1,3,2,
943,6,1,3,2,
943,7,1,3,2,
943,8,3,4,2,
943,9,2,2,2,
943,10,3,4,2,
943,11,1,1,2,
944,1,1,3,2,
944,2,1,3,2,
944,3,1,3,2,
944,4,1,3,2,
944,5,1,3,2,
944,6,1,3,2,
944,7,1,3,2,
944,8,3,4,2,
944,9,2,2,2,
944,10,3,4,2,
944,11,2,2,2,
945,1,1,3,2,
945,2,1,3,2,
945,3,1,3,2,
945,4,1,3,2,
945,5,1,3,2,
945,6,3,4,2,
945,7,1,3,2,
945,8,1,3,2,
945,9,2,2,2,
945,10,2,2,2,
945,11,1,3,2,
946,1,1,3,2,
946,2,1,3,2,
946,3,1,3,2,
946,4,1,3,2,
946,5,1,3,2,
946,6,1,3,2,
946,7,1,3,2,
946,8,2,3,2,
946,9,1,3,2,
946,10,1,3,2,
946,11,1,3,2,
947,1,1,3,2,
947,2,1,3,2,
947,3,1,3,2,
947,4,1,3,2,
947,5,1,3,2,
947,6,1,3,2,
947,7,1,3,2,
947,8,2,3,2,
947,9,1,3,2,
947,10,1,3,2,
947,11,1,3,2,
948,1,1,3,2,
948,2,1,3,2,
948,3,2,3,2,
948,4,1,3,2,
948,5,1,3,2,
948,6,1,3,2,
948,7,1,3,2,
948,8,3,4,2,
948,9,1,3,2,
948,10,1,3,2,
948,11,1,3,2,
949,1,1,3,2,
949,2,1,3,2,
949,3,2,3,2,
949,4,1,3,2,
949,5,1,3,2,
949,6,1,3,2,
949,7,1,3,2,
949,8,2,3,2,
949,9,1,3,2,
949,10,1,3,2,
949,11,1,3,2,
950,1,1,3,2,
950,2,1,3,2,
950,3,2,3,2,
950,4,1,3,2,
950,5,1,3,2,
950,6,1,3,2,
950,7,1,3,2,
950,8,3,4,2,
950,9,1,3,2,
950,10,1,3,2,
950,11,1,3,2,
951,1,1,3,2,
951,2,1,3,2,
951,3,2,3,2,
951,4,1,3,2,
951,5,1,3,2,
951,6,1,3,2,
951,7,1,3,2,
951,8,3,4,2,
951,9,1,3,2,
951,10,1,3,2,
951,11,1,3,2,
952,1,1,3,2,
952,2,1,3,2,
952,3,2,3,2,
952,4,1,3,2,
952,5,1,3,2,
952,6,1,3,2,
952,7,1,3,2,
952,8,2,3,2,
952,9,2,3,2,
952,10,1,3,2,
952,11,1,3,2,
953,1,1,3,2,
953,2,2,3,2,
953,3,1,3,2,
953,4,1,3,2,
953,5,1,3,2,
953,6,1,3,2,
953,7,1,3,2,
953,8,2,3,2,
953,9,1,3,2,
953,10,1,3,2,
953,11,1,3,2,
954,1,1,3,2,
954,2,1,3,2,
954,3,1,3,2,
954,4,1,3,2,
954,5,1,3,2,
954,6,1,3,2,
954,7,1,3,2,
954,8,3,4,2,
954,9,1,3,2,
954,10,1,3,2,
954,11,1,3,2,
955,1,2,3,1,2
955,2,1,3,2,
955,3,1,3,2,
955,4,1,3,2,
955,5,1,3,2,
955,6,1,3,2,
955,7,1,3,2,
955,8,3,4,2,
955,9,2,3,2,
955,10,2,3,2,
955,11,2,3,2,
956,1,2,3,2,
956,2,1,3,2,
956,3,2,3,2,
956,4,1,3,2,
956,5,1,3,2,
956,6,1,3,2,
956,7,1,3,2,
956,8,3,4,2,
956,9,1,3,2,
956,10,1,3,2,
956,11,2,3,2,
957,1,1,3,2,
957,2,1,3,2,
957,3,1,3,2,
957,4,1,3,2,
957,5,1,3,1,1
957,6,1,3,2,
957,7,1,3,2,
957,8,3,4,2,
957,9,1,3,2,
957,10,2,2,2,
957,11,2,2,2,
958,1,1,3,2,
958,2,1,3,2,
958,3,1,3,2,
958,4,1,3,2,
958,5,1,3,2,
958,6,1,3,2,
958,7,1,3,2,
958,8,3,4,2,
958,9,2,2,2,
958,10,1,3,2,
958,11,1,3,2,
959,1,1,3,2,
959,2,1,3,2,
959,3,1,3,2,
959,4,1,3,2,
959,5,1,3,2,
959,6,1,3,2,
959,7,1,3,2,
959,8,3,4,2,
959,9,1,3,2,
959,10,1,3,2,
959,11,1,3,2,
960,1,1,3,2,
960,2,1,3,2,
960,3,1,3,2,
960,4,1,3,2,
960,5,1,3,2,
960,6,1,3,2,
960,7,1,3,2,
960,8,3,4,2,
960,9,1,3,2,
960,10,1,3,2,
960,11,1,3,2,
961,1,1,3,2,
961,2,1,3,2,
961,3,1,3,2,
961,4,1,3,2,
961,5,1,3,2,
961,6,1,3,2,
961,7,1,3,2,
961,8,3,4,2,
961,9,1,3,2,
961,10,3,4,2,
961,11,1,3,2,
962,1,1,3,2,
962,2,1,3,1,1
962,3,1,3,2,
962,4,1,3,2,
962,5,1,3,2,
962,6,1,3,2,
962,7,1,3,2,
962,8,3,4,2,
962,9,2,3,2,
962,10,2,3,2,
962,11,2,3,1,2
963,1,1,3,2,
963,2,1,3,2,
963,3,1,3,2,
963,4,1,3,2,
963,5,1,3,2,
963,6,1,3,2,
963,7,1,3,2,
963,8,3,4,2,
963,9,2,3,2,
963,10,2,3,2,
963,11,2,3,2,
964,1,1,3,2,
964,2,1,3,2,
964,3,1,3,2,
964,4,1,3,2,
964,5,1,3,2,
964,6,1,3,2,
964,7,1,3,2,
964,8,3,4,2,
964,9,1,3,2,
964,10,3,4,2,
964,11,2,3,2,
965,1,1,3,2,
965,2,1,3,2,
965,3,1,3,2,
965,4,1,3,2,
965,5,1,3,2,
965,6,1,3,2,
965,7,3,4,2,
965,8,3,4,2,
965,9,2,3,2,
965,10,3,4,2,
965,11,2,3,2,
966,1,1,3,2,
966,2,1,3,2,
966,3,1,3,2,
966,4,1,3,2,
966,5,1,3,2,
966,6,1,3,2,
966,7,3,4,2,
966,8,3,4,2,
966,9,2,3,2,
966,10,3,4,2,
966,11,2,3,2,
967,1,1,3,2,
967,2,1,3,2,
967,3,1,3,2,
967,4,1,3,2,
967,5,1,3,2,
967,6,1,3,2,
967,7,3,4,2,
967,8,3,4,2,
967,9,2,3,2,
967,10,3,4,2,
967,11,1,3,2,
968,1,1,3,2,
968,2,1,3,2,
968,3,1,3,2,
968,4,1,3,2,
968,5,1,3,2,
968,6,1,3,2,
968,7,1,3,2,
968,8,3,4,2,
968,9,2,3,2,
968,10,3,4,2,
968,11,2,3,2,
969,1,1,3,2,
969,2,1,3,2,
969,3,1,3,2,
969,4,1,3,2,
969,5,1,3,2,
969,6,1,3,2,
969,7,2,3,2,
969,8,3,4,2,
969,9,2,3,2,
969,10,3,4,2,
969,11,2,3,2,
970,1,1,3,2,
970,2,1,3,2,
970,3,1,3,2,
970,4,1,3,2,
970,5,1,3,2,
970,6,1,3,2,
970,7,3,4,2,
970,8,3,4,2,
970,9,1,3,2,
970,10,3,4,2,
970,11,2,4,2,
971,1,1,3,2,
971,2,1,3,2,
971,3,1,3,2,
971,4,1,3,2,
971,5,1,3,2,
971,6,1,3,2,
971,7,3,4,2,
971,8,3,4,2,
971,9,1,3,2,
971,10,3,4,2,
971,11,2,3,2,
972,1,1,3,2,
972,2,1,3,2,
972,3,1,3,2,
972,4,1,3,2,
972,5,1,3,2,
972,6,1,3,2,
972,7,1,3,2,
972,8,3,4,2,
972,9,2,3,2,
972,10,3,4,2,
972,11,2,3,2,
973,1,1,1,2,
973,2,1,3,2,
973,3,1,1,2,
973,4,1,3,2,
973,5,1,3,2,
973,6,1,1,2,
973,7,1,1,2,
973,8,3,4,2,
973,9,1,1,2,
973,10,1,1,2,
973,11,1,1,2,
974,1,1,3,2,
974,2,1,3,2,
974,3,1,1,2,
974,4,1,3,2,
974,5,1,3,2,
974,6,1,1,2,
974,7,1,1,2,
974,8,3,4,2,
974,9,1,1,2,
974,10,1,1,2,
974,11,1,1,2,
975,1,1,1,2,
975,2,1,1,2,
975,3,1,1,2,
975,4,1,1,2,
975,5,1,3,2,
975,6,1,1,2,
975,7,1,1,2,
975,8,3,4,2,
975,9,1,1,2,
975,10,1,1,2,
975,11,1,1,2,
976,1,1,1,2,
976,2,1,1,2,
976,3,1,1,2,
976,4,1,1,2,
976,5,1,1,2,
976,6,1,1,2,
976,7,1,1,2,
976,8,3,4,2,
976,9,1,1,2,
976,10,1,1,2,
976,11,1,1,2,
977,1,1,1,2,
977,2,1,3,2,
977,3,1,3,2,
977,4,1,1,2,
977,5,1,1,2,
977,6,1,1,2,
977,7,1,1,2,
977,8,3,4,2,
977,9,1,1,2,
977,10,1,1,2,
977,11,1,1,2,
978,1,1,1,2,
978,2,1,1,2,
978,3,1,1,2,
978,4,1,1,2,
978,5,1,1,2,
978,6,1,1,2,
978,7,1,1,2,
978,8,3,4,2,
978,9,1,1,2,
978,10,1,1,2,
978,11,1,1,2,
979,1,1,1,2,
979,2,1,3,2,
979,3,1,3,2,
979,4,1,3,2,
979,5,1,3,2,
979,6,1,1,2,
979,7,1,1,2,
979,8,3,4,2,
979,9,1,1,2,
979,10,1,3,2,
979,11,1,1,2,
980,1,1,1,2,
980,2,1,3,2,
980,3,1,3,2,
980,4,1,3,2,
980,5,1,3,2,
980,6,1,1,2,
980,7,1,1,2,
980,8,3,4,2,
980,9,1,1,2,
980,10,1,4,2,
980,11,1,1,2,
981,1,1,1,2,
981,2,1,1,2,
981,3,1,1,2,
981,4,1,1,2,
981,5,1,1,2,
981,6,1,1,2,
981,7,1,1,2,
981,8,3,4,2,
981,9,1,1,2,
981,10,1,1,2,
981,11,1,1,2,
982,1,1,1,2,
982,2,3,4,2,
982,3,1,3,2,
982,4,1,3,2,
982,5,1,1,2,
982,6,1,3,2,
982,7,2,3,2,
982,8,2,3,2,
982,9,2,3,2,
982,10,2,2,2,
982,11,2,2,2,
983,1,1,1,2,
983,2,3,4,2,
983,3,1,1,2,
983,4,1,3,2,
983,5,1,1,2,
983,6,2,3,2,
983,7,2,1,2,
983,8,2,3,2,
983,9,2,2,2,
983,10,2,2,2,
983,11,1,1,2,
984,1,1,1,2,
984,2,3,4,2,
984,3,1,1,2,
984,4,2,3,2,
984,5,2,3,2,
984,6,2,3,2,
984,7,2,3,2,
984,8,1,1,2,
984,9,2,3,2,
984,10,1,3,2,
984,11,1,1,2,
985,1,1,3,2,
985,2,3,4,2,
985,3,1,3,1,1
985,4,3,4,2,
985,5,1,3,2,
985,6,2,1,2,
985,7,2,1,2,
985,8,1,1,2,
985,9,1,3,2,
985,10,2,2,2,
985,11,1,1,2,
986,1,1,1,2,
986,2,3,4,2,
986,3,1,1,2,
986,4,3,4,2,
986,5,2,3,2,
986,6,2,3,2,
986,7,2,3,2,
986,8,3,2,2,
986,9,3,2,2,
986,10,2,3,2,
986,11,1,1,2,
987,1,1,1,2,
987,2,3,4,2,
987,3,1,1,2,
987,4,3,4,2,
987,5,1,1,2,
987,6,1,1,2,
987,7,1,1,2,
987,8,1,3,2,
987,9,2,3,2,
987,10,2,3,2,
987,11,1,1,2,
988,1,1,1,2,
988,2,3,4,2,
988,3,1,1,2,
988,4,1,3,2,
988,5,1,1,2,
988,6,3,4,2,
988,7,1,1,2,
988,8,3,4,2,
988,9,1,1,2,
988,10,1,3,2,
988,11,1,1,2,
989,1,1,1,2,
989,2,3,4,2,
989,3,1,1,2,
989,4,3,4,2,
989,5,2,3,2,
989,6,2,3,2,
989,7,1,1,2,
989,8,2,3,2,
989,9,2,3,2,
989,10,2,3,2,
989,11,1,1,2,
990,1,1,1,2,
990,2,3,4,2,
990,3,1,1,2,
990,4,2,3,2,
990,5,2,3,2,
990,6,2,2,2,
990,7,2,1,2,
990,8,2,3,2,
990,9,2,3,2,
990,10,2,3,2,
990,11,1,1,2,
991,1,1,3,2,
991,2,3,4,2,
991,3,1,3,2,
991,4,1,3,2,
991,5,1,3,2,
991,6,3,4,2,
991,7,3,4,2,
991,8,1,3,2,
991,9,3,4,2,
991,10,3,4,2,
991,11,3,4,2,
992,1,2,3,2,
992,2,1,3,2,
992,3,1,3,2,
992,4,3,4,2,
992,5,1,3,2,
992,6,3,4,2,
992,7,1,3,2,
992,8,1,3,2,
992,9,1,3,2,
992,10,1,3,2,
992,11,1,3,2,
993,1,2,3,2,
993,2,1,3,2,
993,3,1,3,2,
993,4,1,3,2,
993,5,1,3,2,
993,6,3,4,2,
993,7,3,4,2,
993,8,1,3,2,
993,9,3,4,2,
993,10,1,3,2,
993,11,1,3,2,
994,1,2,3,2,
994,2,1,3,2,
994,3,1,3,2,
994,4,1,3,2,
994,5,1,3,2,
994,6,3,4,2,
994,7,1,3,2,
994,8,1,3,2,
994,9,3,4,2,
994,10,1,3,2,
994,11,1,3,2,
995,1,1,3,2,
995,2,3,4,2,
995,3,1,3,2,
995,4,1,3,2,
995,5,1,3,2,
995,6,3,4,2,
995,7,3,4,2,
995,8,2,3,2,
995,9,1,3,2,
995,10,3,4,2,
995,11,3,4,2,
996,1,2,3,2,
996,2,1,3,2,
996,3,1,3,2,
996,4,3,4,2,
996,5,1,3,2,
996,6,3,4,2,
996,7,1,3,2,
996,8,1,3,2,
996,9,3,4,2,
996,10,3,4,2,
996,11,1,3,2,
997,1,2,3,2,
997,2,1,3,2,
997,3,1,3,2,
997,4,1,3,2,
997,5,1,3,2,
997,6,3,4,2,
997,7,3,4,2,
997,8,1,3,2,
997,9,1,3,2,
997,10,3,4,2,
997,11,1,3,2,
998,1,2,3,2,
998,2,1,3,2,
998,3,1,3,2,
998,4,3,4,2,
998,5,1,3,2,
998,6,3,4,2,
998,7,3,4,2,
998,8,2,3,2,
998,9,3,4,2,
998,10,3,4,2,
998,11,1,3,2,
999,1,2,3,2,
999,2,1,3,2,
999,3,1,3,2,
999,4,1,3,2,
999,5,1,3,2,
999,6,3,4,2,
999,7,3,4,2,
999,8,2,3,2,
999,9,1,3,2,
999,10,1,3,2,
999,11,1,3,2,
1000,1,2,3,2,
1000,2,3,4,2,
1000,3,2,3,2,
1000,4,3,4,2,
1000,5,1,3,2,
1000,6,3,4,2,
1000,7,3,4,2,
1000,8,1,3,2,
1000,9,1,3,2,
1000,10,3,4,2,
1000,11,1,3,2,
1001,1,2,3,2,
1001,2,3,4,2,
1001,3,2,3,2,
1001,4,3,4,2,
1001,5,1,3,2,
1001,6,3,4,2,
1001,7,3,4,2,
1001,8,1,3,2,
1001,9,1,3,2,
1001,10,3,4,2,
1001,11,1,3,2,
1002,1,2,3,2,
1002,2,3,4,2,
1002,3,2,3,2,
1002,4,3,4,2,
1002,5,1,3,2,
1002,6,3,4,2,
1002,7,1,3,2,
1002,8,1,3,2,
1002,9,1,3,2,
1002,10,1,3,2,
1002,11,1,3,2,
1003,1,2,3,2,
1003,2,3,4,2,
1003,3,2,3,2,
1003,4,3,4,2,
1003,5,1,3,2,
1003,6,3,4,2,
1003,7,1,3,2,
1003,8,1,3,2,
1003,9,1,3,2,
1003,10,3,4,2,
1003,11,1,3,2,
1004,1,2,3,2,
1004,2,3,4,2,
1004,3,2,3,2,
1004,4,3,4,2,
1004,5,1,3,2,
1004,6,3,4,2,
1004,7,1,3,2,
1004,8,2,3,2,
1004,9,3,4,2,
1004,10,1,3,2,
1004,11,1,3,2,
1005,1,2,3,2,
1005,2,3,4,2,
1005,3,2,3,2,
1005,4,2,3,2,
1005,5,1,3,2,
1005,6,3,4,2,
1005,7,1,3,2,
1005,8,2,3,2,
1005,9,1,3,2,
1005,10,1,3,2,
1005,11,1,3,2,
1006,1,2,3,2,
1006,2,3,4,2,
1006,3,2,3,2,
1006,4,2,3,2,
1006,5,1,3,2,
1006,6,3,4,2,
1006,7,1,3,2,
1006,8,2,3,2,
1006,9,3,4,2,
1006,10,1,3,2,
1006,11,1,3,2,
1007,1,2,3,2,
1007,2,3,4,2,
1007,3,2,3,2,
1007,4,3,4,2,
1007,5,1,3,2,
1007,6,3,4,2,
1007,7,1,3,2,
1007,8,1,3,2,
1007,9,1,3,2,
1007,10,3,4,2,
1007,11,1,3,2,
1008,1,2,3,2,
1008,2,3,4,2,
1008,3,2,3,2,
1008,4,1,3,2,
1008,5,1,3,2,
1008,6,3,4,2,
1008,7,3,4,2,
1008,8,1,3,2,
1008,9,1,3,2,
1008,10,3,4,2,
1008,11,3,4,2,
1009,1,1,3,2,
1009,2,3,4,2,
1009,3,1,3,2,
1009,4,3,4,2,
1009,5,1,3,2,
1009,6,1,3,2,
1009,7,1,3,2,
1009,8,3,4,2,
1009,9,1,3,2,
1009,10,3,4,2,
1009,11,1,3,2,
1010,1,1,3,2,
1010,2,3,4,2,
1010,3,1,3,2,
1010,4,3,4,2,
1010,5,1,3,2,
1010,6,1,3,2,
1010,7,1,3,2,
1010,8,3,4,2,
1010,9,1,3,2,
1010,10,3,4,2,
1010,11,1,3,2,
1011,1,1,3,2,
1011,2,3,4,2,
1011,3,1,3,2,
1011,4,3,4,2,
1011,5,1,3,2,
1011,6,1,3,2,
1011,7,1,3,2,
1011,8,1,3,2,
1011,9,1,3,2,
1011,10,3,4,2,
1011,11,1,3,2,
1012,1,1,3,2,
1012,2,1,3,2,
1012,3,1,3,2,
1012,4,3,4,2,
1012,5,1,3,2,
1012,6,1,3,2,
1012,7,1,3,2,
1012,8,1,3,2,
1012,9,1,3,2,
1012,10,1,3,2,
1012,11,1,3,2,
1013,1,1,3,2,
1013,2,1,3,2,
1013,3,1,3,2,
1013,4,3,4,2,
1013,5,1,3,2,
1013,6,1,3,2,
1013,7,1,3,2,
1013,8,1,3,2,
1013,9,1,3,2,
1013,10,3,4,2,
1013,11,1,3,2,
1014,1,1,3,2,
1014,2,3,4,2,
1014,3,1,3,2,
1014,4,3,4,2,
1014,5,1,3,2,
1014,6,1,3,2,
1014,7,1,3,2,
1014,8,1,3,2,
1014,9,1,3,2,
1014,10,1,3,2,
1014,11,1,3,2,
1015,1,1,3,2,
1015,2,2,3,2,
1015,3,1,3,2,
1015,4,3,4,2,
1015,5,1,3,2,
1015,6,1,3,2,
1015,7,1,3,2,
1015,8,3,4,2,
1015,9,3,4,2,
1015,10,3,4,2,
1015,11,1,3,2,
1016,1,1,3,2,
1016,2,3,4,2,
1016,3,1,3,2,
1016,4,3,4,2,
1016,5,1,3,2,
1016,6,1,3,2,
1016,7,1,3,2,
1016,8,3,4,2,
1016,9,1,3,2,
1016,10,3,4,2,
1016,11,1,3,2,
1017,1,1,3,2,
1017,2,3,4,2,
1017,3,1,3,2,
1017,4,3,4,2,
1017,5,1,3,2,
1017,6,1,3,2,
1017,7,1,3,2,
1017,8,1,3,2,
1017,9,1,3,2,
1017,10,3,4,2,
1017,11,1,3,2,
1018,1,1,1,2,
1018,2,2,3,2,
1018,3,1,1,2,
1018,4,3,4,2,
1018,5,1,1,2,
1018,6,1,1,2,
1018,7,1,1,2,
1018,8,3,4,2,
1018,9,1,1,2,
1018,10,1,1,2,
1018,11,1,1,2,
1019,1,1,1,2,
1019,2,3,4,2,
1019,3,1,1,2,
1019,4,3,4,2,
1019,5,1,1,2,
1019,6,3,4,2,
1019,7,3,4,2,
1019,8,3,4,1,2
1019,9,2,3,2,
1019,10,1,1,2,
1019,11,1,1,2,
1020,1,1,1,2,
1020,2,1,1,2,
1020,3,1,1,2,
1020,4,2,3,2,
1020,5,1,1,2,
1020,6,1,1,2,
1020,7,1,1,2,
1020,8,3,4,2,
1020,9,1,1,2,
1020,10,1,1,2,
1020,11,1,1,2,
1021,1,1,1,2,
1021,2,2,3,2,
1021,3,1,1,2,
1021,4,3,4,2,
1021,5,1,1,2,
1021,6,3,4,2,
1021,7,1,1,2,
1021,8,2,3,2,
1021,9,2,3,2,
1021,10,1,1,2,
1021,11,1,1,2,
1022,1,1,1,2,
1022,2,2,3,2,
1022,3,1,1,2,
1022,4,3,4,2,
1022,5,1,1,2,
1022,6,1,1,2,
1022,7,1,1,2,
1022,8,1,1,2,
1022,9,1,1,2,
1022,10,3,4,2,
1022,11,1,1,2,
1023,1,1,1,2,
1023,2,2,3,2,
1023,3,1,1,2,
1023,4,3,4,2,
1023,5,1,1,2,
1023,6,1,1,2,
1023,7,1,1,2,
1023,8,3,4,2,
1023,9,2,3,2,
1023,10,3,4,2,
1023,11,2,3,2,
1024,1,1,1,2,
1024,2,2,3,2,
1024,3,1,1,2,
1024,4,1,1,2,
1024,5,1,1,2,
1024,6,1,1,2,
1024,7,1,1,2,
1024,8,2,3,2,
1024,9,1,1,2,
1024,10,1,1,2,
1024,11,2,3,2,
1025,1,1,1,2,
1025,2,2,3,2,
1025,3,1,1,2,
1025,4,3,4,2,
1025,5,1,1,2,
1025,6,1,1,2,
1025,7,1,1,2,
1025,8,2,3,2,
1025,9,3,4,2,
1025,10,3,4,2,
1025,11,1,1,2,
1026,1,1,1,2,
1026,2,2,3,2,
1026,3,1,1,2,
1026,4,3,4,2,
1026,5,1,1,2,
1026,6,1,1,2,
1026,7,3,4,2,
1026,8,2,3,2,
1026,9,1,1,2,
1026,10,3,4,2,
1026,11,2,3,2,
1027,1,1,1,1,1
1027,2,1,3,1,1
1027,3,1,3,2,
1027,4,1,3,1,1
1027,5,1,3,1,1
1027,6,3,4,2,
1027,7,3,4,2,
1027,8,3,4,2,
1027,9,2,3,2,
1027,10,3,4,2,
1027,11,2,2,2,
1028,1,1,3,1,1
1028,2,1,3,2,
1028,3,1,3,2,
1028,4,3,4,2,
1028,5,2,3,1,2
1028,6,3,4,2,
1028,7,3,4,2,
1028,8,3,4,2,
1028,9,2,3,2,
1028,10,2,3,2,
1028,11,2,2,2,
1029,1,1,3,2,
1029,2,1,3,2,
1029,3,1,3,2,
1029,4,1,3,1,1
1029,5,1,3,2,
1029,6,3,4,2,
1029,7,3,4,2,
1029,8,3,4,2,
1029,9,2,3,2,
1029,10,3,4,2,
1029,11,3,4,2,
1030,1,1,1,2,
1030,2,1,3,2,
1030,3,1,1,2,
1030,4,3,4,2,
1030,5,1,3,1,1
1030,6,3,4,2,
1030,7,2,2,2,
1030,8,3,4,2,
1030,9,2,2,2,
1030,10,2,3,2,
1030,11,2,2,2,
1031,1,1,1,2,
1031,2,1,3,2,
1031,3,1,3,2,
1031,4,1,3,1,1
1031,5,1,3,1,1
1031,6,3,4,2,
1031,7,3,4,2,
1031,8,3,4,2,
1031,9,2,3,2,
1031,10,3,4,2,
1031,11,3,4,2,
1032,1,1,1,2,
1032,2,1,1,1,1
1032,3,1,3,2,
1032,4,1,3,1,1
1032,5,1,3,1,1
1032,6,3,4,2,
1032,7,1,3,2,
1032,8,3,4,2,
1032,9,2,3,2,
1032,10,3,4,2,
1032,11,2,2,2,
1033,1,1,3,2,
1033,2,1,3,2,
1033,3,1,3,2,
1033,4,1,3,1,1
1033,5,1,3,2,
1033,6,3,4,2,
1033,7,2,3,2,
1033,8,3,4,2,
1033,9,2,3,2,
1033,10,2,2,2,
1033,11,2,3,2,
1034,1,1,1,2,
1034,2,1,3,1,1
1034,3,2,3,2,
1034,4,1,3,1,1
1034,5,1,3,1,1
1034,6,3,4,2,
1034,7,1,1,2,
1034,8,3,4,2,
1034,9,2,3,2,
1034,10,2,2,1,2
1034,11,2,2,2,
1035,1,1,1,2,
1035,2,1,3,2,
1035,3,1,3,2,
1035,4,3,4,2,
1035,5,1,3,1,1
1035,6,3,4,2,
1035,7,1,3,2,
1035,8,3,4,2,
1035,9,2,3,2,
1035,10,3,4,2,
1035,11,2,2,2,
1036,1,1,3,2,
1036,2,1,3,2,
1036,3,1,3,2,
1036,4,1,3,2,
1036,5,1,3,2,
1036,6,3,4,2,
1036,7,1,3,2,
1036,8,3,4,2,
1036,9,1,3,2,
1036,10,1,3,2,
1036,11,1,3,2,
1037,1,1,3,2,
1037,2,1,3,2,
1037,3,1,3,2,
1037,4,2,3,2,
1037,5,1,3,2,
1037,6,1,3,2,
1037,7,1,3,2,
1037,8,3,4,2,
1037,9,2,3,2,
1037,10,3,4,2,
1037,11,1,3,2,
1038,1,1,3,2,
1038,2,1,3,2,
1038,3,1,3,2,
1038,4,1,3,2,
1038,5,1,3,2,
1038,6,3,4,2,
1038,7,1,3,2,
1038,8,3,4,2,
1038,9,1,3,2,
1038,10,3,4,2,
1038,11,1,3,2,
1039,1,1,3,2,
1039,2,1,3,2,
1039,3,1,3,2,
1039,4,1,3,2,
1039,5,1,3,2,
1039,6,1,3,2,
1039,7,1,3,2,
1039,8,3,4,2,
1039,9,1,3,2,
1039,10,3,4,2,
1039,11,1,3,2,
1040,1,1,3,2,
1040,2,1,3,2,
1040,3,1,3,2,
1040,4,1,3,2,
1040,5,1,3,2,
1040,6,1,3,2,
1040,7,1,3,2,
1040,8,3,4,2,
1040,9,1,3,2,
1040,10,1,3,2,
1040,11,1,3,2,
1041,1,1,3,2,
1041,2,1,3,2,
1041,3,1,3,2,
1041,4,1,3,2,
1041,5,1,3,2,
1041,6,3,4,2,
1041,7,1,3,2,
1041,8,3,4,2,
1041,9,1,3,2,
1041,10,1,3,2,
1041,11,1,3,2,
1042,1,1,3,2,
1042,2,1,3,2,
1042,3,1,3,2,
1042,4,1,3,2,
1042,5,1,3,2,
1042,6,3,4,2,
1042,7,1,3,2,
1042,8,3,4,2,
1042,9,3,4,2,
1042,10,1,3,2,
1042,11,1,3,2,
1043,1,1,3,2,
1043,2,1,3,2,
1043,3,1,3,2,
1043,4,1,3,2,
1043,5,1,3,2,
1043,6,3,4,2,
1043,7,1,3,2,
1043,8,3,4,2,
1043,9,2,3,2,
1043,10,3,4,2,
1043,11,1,3,2,
1044,1,1,3,2,
1044,2,1,3,2,
1044,3,1,3,2,
1044,4,1,3,2,
1044,5,1,3,2,
1044,6,3,4,2,
1044,7,3,4,2,
1044,8,3,4,2,
1044,9,1,1,2,
1044,10,3,4,2,
1044,11,1,4,2,
1045,1,1,1,2,
1045,2,1,1,2,
1045,3,1,1,2,
1045,4,1,1,2,
1045,5,1,1,2,
1045,6,1,1,2,
1045,7,1,1,2,
1045,8,1,1,2,
1045,9,1,1,2,
1045,10,1,1,2,
1045,11,1,1,2,
1046,1,1,1,2,
1046,2,1,1,2,
1046,3,1,1,2,
1046,4,1,1,2,
1046,5,1,1,2,
1046,6,1,1,2,
1046,7,1,1,2,
1046,8,3,4,2,
1046,9,1,1,2,
1046,10,1,1,2,
1046,11,1,1,2,
1047,1,1,1,2,
1047,2,1,1,2,
1047,3,1,1,2,
1047,4,1,1,2,
1047,5,1,1,2,
1047,6,1,1,2,
1047,7,1,1,2,
1047,8,3,4,2,
1047,9,1,1,2,
1047,10,1,1,2,
1047,11,1,1,2,
1048,1,1,1,2,
1048,2,1,1,2,
1048,3,1,1,2,
1048,4,1,1,2,
1048,5,1,1,2,
1048,6,1,1,2,
1048,7,1,1,2,
1048,8,3,4,2,
1048,9,1,1,2,
1048,10,1,1,2,
1048,11,1,1,2,
1049,1,1,1,2,
1049,2,1,1,2,
1049,3,1,1,2,
1049,4,1,1,2,
1049,5,1,1,2,
1049,6,1,1,2,
1049,7,1,1,2,
1049,8,3,4,2,
1049,9,1,1,2,
1049,10,3,1,2,
1049,11,1,1,2,
1050,1,1,1,2,
1050,2,1,1,2,
1050,3,1,1,2,
1050,4,1,1,2,
1050,5,1,1,2,
1050,6,1,1,2,
1050,7,1,1,2,
1050,8,3,4,2,
1050,9,1,1,2,
1050,10,1,1,2,
1050,11,1,1,2,
1051,1,1,1,2,
1051,2,1,1,2,
1051,3,1,1,2,
1051,4,1,1,2,
1051,5,1,1,2,
1051,6,1,1,2,
1051,7,1,1,2,
1051,8,3,4,2,
1051,9,1,1,2,
1051,10,1,1,2,
1051,11,1,1,2,
1052,1,1,1,2,
1052,2,1,1,2,
1052,3,1,1,2,
1052,4,1,1,2,
1052,5,1,1,2,
1052,6,1,1,2,
1052,7,1,1,2,
1052,8,3,4,2,
1052,9,1,1,2,
1052,10,1,1,2,
1052,11,1,1,2,
1053,1,1,1,2,
1053,2,1,1,2,
1053,3,1,1,2,
1053,4,1,1,2,
1053,5,1,1,2,
1053,6,1,1,2,
1053,7,1,1,2,
1053,8,3,4,2,
1053,9,1,1,2,
1053,10,3,4,2,
1053,11,1,1,2,
1054,1,1,3,2,
1054,2,3,4,2,
1054,3,1,3,2,
1054,4,3,4,2,
1054,5,1,3,2,
1054,6,1,3,2,
1054,7,1,3,2,
1054,8,3,4,2,
1054,9,1,3,2,
1054,10,1,3,2,
1054,11,1,3,2,
1055,1,1,3,2,
1055,2,3,4,2,
1055,3,1,3,2,
1055,4,3,4,2,
1055,5,1,3,2,
1055,6,1,3,2,
1055,7,1,3,2,
1055,8,1,3,2,
1055,9,1,3,2,
1055,10,1,3,2,
1055,11,1,3,2,
1056,1,1,3,2,
1056,2,1,3,2,
1056,3,1,3,2,
1056,4,3,4,2,
1056,5,1,3,2,
1056,6,1,3,2,
1056,7,1,3,2,
1056,8,1,3,2,
1056,9,1,3,2,
1056,10,1,3,2,
1056,11,1,3,2,
1057,1,1,3,2,
1057,2,3,4,2,
1057,3,1,3,2,
1057,4,3,4,2,
1057,5,1,3,2,
1057,6,1,3,2,
1057,7,1,3,2,
1057,8,3,4,2,
1057,9,1,3,2,
1057,10,1,3,2,
1057,11,1,3,2,
1058,1,1,3,2,
1058,2,3,4,2,
1058,3,1,3,2,
1058,4,3,4,2,
1058,5,1,3,2,
1058,6,1,3,2,
1058,7,1,3,2,
1058,8,3,4,2,
1058,9,1,3,2,
1058,10,1,3,2,
1058,11,1,3,2,
1059,1,1,3,2,
1059,2,3,4,2,
1059,3,1,3,2,
1059,4,3,4,2,
1059,5,1,3,2,
1059,6,1,3,2,
1059,7,1,3,2,
1059,8,3,4,2,
1059,9,1,3,2,
1059,10,1,3,2,
1059,11,1,3,2,
1060,1,1,3,2,
1060,2,3,4,2,
1060,3,1,3,2,
1060,4,3,4,2,
1060,5,1,3,2,
1060,6,1,3,2,
1060,7,1,3,2,
1060,8,1,3,2,
1060,9,1,3,2,
1060,10,1,3,2,
1060,11,1,3,2,
1061,1,1,3,2,
1061,2,3,4,2,
1061,3,1,3,2,
1061,4,3,4,2,
1061,5,1,3,2,
1061,6,1,3,2,
1061,7,1,3,2,
1061,8,1,3,2,
1061,9,1,3,2,
1061,10,1,3,2,
1061,11,1,3,2,
1062,1,1,3,2,
1062,2,3,4,2,
1062,3,1,3,2,
1062,4,3,4,2,
1062,5,1,3,2,
1062,6,1,3,2,
1062,7,1,3,2,
1062,8,3,4,2,
1062,9,1,3,2,
1062,10,1,3,2,
1062,11,1,3,2,
1063,1,1,3,2,
1063,2,3,4,2,
1063,3,2,3,2,
1063,4,2,3,2,
1063,5,1,3,2,
1063,6,3,4,2,
1063,7,3,4,2,
1063,8,3,4,2,
1063,9,3,4,2,
1063,10,1,3,2,
1063,11,1,3,2,
1064,1,1,3,2,
1064,2,3,4,2,
1064,3,2,3,2,
1064,4,3,4,2,
1064,5,1,3,2,
1064,6,3,4,2,
1064,7,1,3,2,
1064,8,3,4,2,
1064,9,3,4,2,
1064,10,3,4,2,
1064,11,1,3,2,
1065,1,1,3,2,
1065,2,3,4,2,
1065,3,2,3,2,
1065,4,3,4,2,
1065,5,1,3,2,
1065,6,3,4,2,
1065,7,3,4,2,
1065,8,3,4,2,
1065,9,3,4,2,
1065,10,3,4,2,
1065,11,1,3,2,
1066,1,1,3,2,
1066,2,3,4,2,
1066,3,2,3,2,
1066,4,1,3,2,
1066,5,1,3,2,
1066,6,3,4,2,
1066,7,3,4,2,
1066,8,3,4,2,
1066,9,3,4,2,
1066,10,1,3,2,
1066,11,1,3,2,
1067,1,1,3,2,
1067,2,3,4,2,
1067,3,2,3,2,
1067,4,1,3,2,
1067,5,1,3,2,
1067,6,3,4,2,
1067,7,3,4,2,
1067,8,1,3,2,
1067,9,3,4,2,
1067,10,1,3,2,
1067,11,1,3,2,
1068,1,1,3,2,
1068,2,3,4,2,
1068,3,2,3,2,
1068,4,3,4,2,
1068,5,1,3,2,
1068,6,3,4,2,
1068,7,3,4,2,
1068,8,1,3,2,
1068,9,3,4,2,
1068,10,3,4,2,
1068,11,3,4,2,
1069,1,1,3,2,
1069,2,3,4,2,
1069,3,2,3,2,
1069,4,1,3,2,
1069,5,1,3,2,
1069,6,1,3,2,
1069,7,1,3,2,
1069,8,2,3,2,
1069,9,3,4,2,
1069,10,3,4,2,
1069,11,1,3,2,
1070,1,1,3,2,
1070,2,3,4,2,
1070,3,2,3,2,
1070,4,3,4,2,
1070,5,1,3,2,
1070,6,3,4,2,
1070,7,3,4,2,
1070,8,3,4,2,
1070,9,3,4,2,
1070,10,3,4,2,
1070,11,1,3,2,
1071,1,1,3,2,
1071,2,3,4,2,
1071,3,2,3,2,
1071,4,3,4,2,
1071,5,1,3,2,
1071,6,3,4,2,
1071,7,1,3,2,
1071,8,3,4,2,
1071,9,3,4,2,
1071,10,3,4,2,
1071,11,3,4,2,
1072,1,1,3,2,
1072,2,1,3,2,
1072,3,1,3,2,
1072,4,1,3,2,
1072,5,1,3,2,
1072,6,1,3,2,
1072,7,1,3,2,
1072,8,1,3,2,
1072,9,1,3,2,
1072,10,1,3,2,
1072,11,1,3,2,
1073,1,3,4,2,
1073,2,3,4,2,
1073,3,3,4,2,
1073,4,3,4,2,
1073,5,3,4,2,
1073,6,3,4,2,
1073,7,3,4,2,
1073,8,3,4,2,
1073,9,3,4,2,
1073,10,3,4,2,
1073,11,3,4,2,
1074,1,1,3,2,
1074,2,1,3,2,
1074,3,1,3,2,
1074,4,1,3,2,
1074,5,1,3,2,
1074,6,1,3,2,
1074,7,1,3,2,
1074,8,1,3,2,
1074,9,1,3,2,
1074,10,1,3,2,
1074,11,1,3,2,
1075,1,1,3,2,
1075,2,1,3,2,
1075,3,1,3,2,
1075,4,1,3,2,
1075,5,1,3,2,
1075,6,1,3,2,
1075,7,1,3,2,
1075,8,3,4,2,
1075,9,1,3,2,
1075,10,1,3,2,
1075,11,1,3,2,
1076,1,1,3,2,
1076,2,1,3,2,
1076,3,1,3,2,
1076,4,3,3,2,
1076,5,1,3,2,
1076,6,1,3,2,
1076,7,1,3,2,
1076,8,3,3,2,
1076,9,1,3,2,
1076,10,3,3,2,
1076,11,1,3,2,
1077,1,1,3,2,
1077,2,1,3,2,
1077,3,1,3,2,
1077,4,1,3,2,
1077,5,1,3,2,
1077,6,1,3,2,
1077,7,1,3,2,
1077,8,3,4,2,
1077,9,1,3,2,
1077,10,1,3,2,
1077,11,1,3,2,
1078,1,1,3,2,
1078,2,1,3,2,
1078,3,1,3,2,
1078,4,1,3,2,
1078,5,1,3,2,
1078,6,1,3,2,
1078,7,1,3,2,
1078,8,3,4,2,
1078,9,1,3,2,
1078,10,1,3,2,
1078,11,1,3,2,
1079,1,1,4,2,
1079,2,1,4,2,
1079,3,1,4,2,
1079,4,1,4,2,
1079,5,1,4,2,
1079,6,1,4,2,
1079,7,1,4,2,
1079,8,3,4,2,
1079,9,1,4,2,
1079,10,3,4,2,
1079,11,1,4,2,
1080,1,1,3,2,
1080,2,1,3,2,
1080,3,1,3,2,
1080,4,1,3,2,
1080,5,1,3,2,
1080,6,1,3,2,
1080,7,1,3,2,
1080,8,3,4,2,
1080,9,1,3,2,
1080,10,1,3,2,
1080,11,1,3,2,
1081,1,1,1,1,1
1081,2,2,3,2,
1081,3,1,1,1,1
1081,4,2,3,2,
1081,5,1,3,1,1
1081,6,1,3,2,
1081,7,1,3,2,
1081,8,1,3,1,1
1081,9,1,3,2,
1081,10,1,3,2,
1081,11,1,1,2,
1082,1,1,1,1,1
1082,2,2,3,2,
1082,3,1,1,1,1
1082,4,2,3,2,
1082,5,1,3,2,
1082,6,1,3,2,
1082,7,1,1,2,
1082,8,1,3,2,
1082,9,1,1,2,
1082,10,1,1,2,
1082,11,1,1,2,
1083,1,1,1,1,1
1083,2,2,3,2,
1083,3,1,1,1,1
1083,4,2,3,2,
1083,5,1,3,1,1
1083,6,1,3,1,1
1083,7,1,3,2,
1083,8,1,3,1,1
1083,9,1,3,2,
1083,10,1,1,2,
1083,11,1,3,2,
1084,1,1,1,1,1
1084,2,2,3,2,
1084,3,1,1,1,1
1084,4,2,3,2,
1084,5,1,1,1,1
1084,6,1,3,2,
1084,7,1,3,2,
1084,8,1,1,1,1
1084,9,1,3,2,
1084,10,1,3,2,
1084,11,1,3,2,
1085,1,1,1,1,1
1085,2,2,3,2,
1085,3,1,1,1,1
1085,4,2,3,2,
1085,5,1,3,1,1
1085,6,1,3,2,
1085,7,1,3,2,
1085,8,1,3,1,1
1085,9,1,3,2,
1085,10,1,1,2,
1085,11,1,1,2,
1086,1,1,1,1,1
1086,2,2,3,2,
1086,3,1,1,1,1
1086,4,2,3,2,
1086,5,1,3,2,
1086,6,1,3,2,
1086,7,1,3,2,
1086,8,1,3,1,1
1086,9,1,1,2,
1086,10,1,1,2,
1086,11,1,1,2,
1087,1,1,1,1,1
1087,2,2,3,2,
1087,3,1,1,1,1
1087,4,2,3,2,
1087,5,1,3,1,1
1087,6,1,3,2,
1087,7,1,1,2,
1087,8,1,3,1,1
1087,9,1,1,2,
1087,10,1,1,2,
1087,11,1,1,2,
1088,1,1,1,1,1
1088,2,2,3,2,
1088,3,1,1,1,1
1088,4,2,3,2,
1088,5,1,3,2,
1088,6,1,3,2,
1088,7,1,1,2,
1088,8,1,3,2,
1088,9,1,1,2,
1088,10,1,3,2,
1088,11,1,1,2,
1089,1,1,1,1,1
1089,2,2,3,2,
1089,3,1,1,1,1
1089,4,2,3,2,
1089,5,1,3,1,1
1089,6,1,3,2,
1089,7,1,1,2,
1089,8,1,3,2,
1089,9,1,3,2,
1089,10,1,1,2,
1089,11,1,1,2,
1090,1,1,3,2,
1090,2,1,3,2,
1090,3,1,3,2,
1090,4,1,3,2,
1090,5,1,3,2,
1090,6,1,3,2,
1090,7,1,3,2,
1090,8,1,3,2,
1090,9,1,3,2,
1090,10,1,3,2,
1090,11,1,3,2,
1091,1,1,3,2,
1091,2,1,3,2,
1091,3,1,3,2,
1091,4,1,3,2,
1091,5,1,3,2,
1091,6,1,3,2,
1091,7,1,3,2,
1091,8,1,3,2,
1091,9,2,3,2,
1091,10,2,3,2,
1091,11,2,3,2,
1092,1,1,3,2,
1092,2,1,3,2,
1092,3,1,3,2,
1092,4,1,3,2,
1092,5,1,3,2,
1092,6,1,3,2,
1092,7,1,3,2,
1092,8,1,3,2,
1092,9,2,3,2,
1092,10,2,3,2,
1092,11,2,3,2,
1093,1,1,3,2,
1093,2,1,3,2,
1093,3,1,3,2,
1093,4,1,3,2,
1093,5,1,3,2,
1093,6,1,3,2,
1093,7,1,3,2,
1093,8,1,3,2,
1093,9,1,3,2,
1093,10,3,3,2,
1093,11,2,3,2,
1094,1,1,3,2,
1094,2,1,3,2,
1094,3,1,3,2,
1094,4,1,3,2,
1094,5,1,3,2,
1094,6,1,3,2,
1094,7,1,3,2,
1094,8,1,3,2,
1094,9,2,3,2,
1094,10,1,3,2,
1094,11,2,3,2,
1095,1,1,3,2,
1095,2,1,3,2,
1095,3,1,3,2,
1095,4,1,3,2,
1095,5,1,3,2,
1095,6,1,3,2,
1095,7,1,3,2,
1095,8,3,4,2,
1095,9,2,3,2,
1095,10,2,3,2,
1095,11,2,3,2,
1096,1,1,3,2,
1096,2,1,3,2,
1096,3,1,3,2,
1096,4,1,3,2,
1096,5,1,3,2,
1096,6,1,3,2,
1096,7,1,3,2,
1096,8,3,4,2,
1096,9,2,3,2,
1096,10,2,3,2,
1096,11,2,3,2,
1097,1,1,3,2,
1097,2,1,3,2,
1097,3,1,3,2,
1097,4,1,3,2,
1097,5,1,3,2,
1097,6,1,3,2,
1097,7,1,3,2,
1097,8,1,3,2,
1097,9,3,4,2,
1097,10,2,3,2,
1097,11,2,3,2,
1098,1,1,3,2,
1098,2,1,3,2,
1098,3,1,3,2,
1098,4,1,3,2,
1098,5,1,3,2,
1098,6,1,3,2,
1098,7,1,3,2,
1098,8,2,3,2,
1098,9,2,3,2,
1098,10,2,3,2,
1098,11,2,3,2,
1099,1,2,3,2,
1099,2,2,3,2,
1099,3,1,3,2,
1099,4,2,3,2,
1099,5,1,3,2,
1099,6,1,3,2,
1099,7,1,3,2,
1099,8,1,3,2,
1099,9,1,3,2,
1099,10,1,3,2,
1099,11,1,3,2,
1100,1,2,3,2,
1100,2,2,3,2,
1100,3,1,3,2,
1100,4,2,3,2,
1100,5,1,3,2,
1100,6,1,3,2,
1100,7,1,3,2,
1100,8,1,3,2,
1100,9,1,3,2,
1100,10,1,3,2,
1100,11,1,3,2,
1101,1,2,3,2,
1101,2,2,3,2,
1101,3,1,3,2,
1101,4,2,3,2,
1101,5,1,3,2,
1101,6,1,3,2,
1101,7,1,3,2,
1101,8,1,3,2,
1101,9,1,3,2,
1101,10,1,3,2,
1101,11,1,3,2,
1102,1,2,3,2,
1102,2,2,3,2,
1102,3,1,3,2,
1102,4,2,3,2,
1102,5,1,3,2,
1102,6,1,3,2,
1102,7,1,3,2,
1102,8,1,3,2,
1102,9,1,3,2,
1102,10,1,3,2,
1102,11,1,3,2,
1103,1,2,3,2,
1103,2,2,3,2,
1103,3,1,3,2,
1103,4,1,3,2,
1103,5,1,3,2,
1103,6,1,3,2,
1103,7,1,3,2,
1103,8,1,3,2,
1103,9,1,3,2,
1103,10,1,3,2,
1103,11,1,3,2,
1104,1,1,3,2,
1104,2,2,3,2,
1104,3,1,3,2,
1104,4,2,3,2,
1104,5,1,3,2,
1104,6,1,3,2,
1104,7,1,3,2,
1104,8,1,3,2,
1104,9,1,3,2,
1104,10,1,3,2,
1104,11,1,3,2,
1105,1,2,3,2,
1105,2,2,3,2,
1105,3,1,3,2,
1105,4,2,3,2,
1105,5,1,3,2,
1105,6,1,3,2,
1105,7,1,3,2,
1105,8,1,3,2,
1105,9,1,3,2,
1105,10,1,3,2,
1105,11,1,3,2,
1106,1,1,3,2,
1106,2,2,3,2,
1106,3,1,3,2,
1106,4,2,3,2,
1106,5,1,3,2,
1106,6,1,3,2,
1106,7,1,3,2,
1106,8,1,3,2,
1106,9,1,3,2,
1106,10,1,3,2,
1106,11,1,3,2,
1107,1,1,3,2,
1107,2,2,3,2,
1107,3,1,3,2,
1107,4,1,3,2,
1107,5,1,3,2,
1107,6,1,3,2,
1107,7,1,3,2,
1107,8,1,3,2,
1107,9,1,3,2,
1107,10,1,3,2,
1107,11,1,3,2,
1108,1,1,3,2,
1108,2,1,3,2,
1108,3,1,1,2,
1108,4,1,1,2,
1108,5,1,1,2,
1108,6,1,1,2,
1108,7,3,4,2,
1108,8,3,4,2,
1108,9,2,2,2,
1108,10,3,4,2,
1108,11,1,3,2,
1109,1,1,3,2,
1109,2,1,3,2,
1109,3,1,1,2,
1109,4,1,1,2,
1109,5,1,1,2,
1109,6,1,1,2,
1109,7,1,1,2,
1109,8,3,4,2,
1109,9,2,2,2,
1109,10,2,2,2,
1109,11,1,3,2,
1110,1,1,3,2,
1110,2,1,3,2,
1110,3,1,1,2,
1110,4,3,4,2,
1110,5,1,1,2,
1110,6,3,4,2,
1110,7,1,1,2,
1110,8,3,4,2,
1110,9,3,4,2,
1110,10,2,2,2,
1110,11,1,3,2,
1111,1,1,3,2,
1111,2,1,3,2,
1111,3,1,1,2,
1111,4,1,1,2,
1111,5,1,1,2,
1111,6,1,1,2,
1111,7,1,1,2,
1111,8,3,4,2,
1111,9,2,2,2,
1111,10,3,4,2,
1111,11,1,3,2,
1112,1,1,3,2,
1112,2,1,3,2,
1112,3,1,1,2,
1112,4,3,4,2,
1112,5,1,1,2,
1112,6,1,1,2,
1112,7,1,1,2,
1112,8,3,4,2,
1112,9,2,2,2,
1112,10,2,2,2,
1112,11,1,3,2,
1113,1,1,3,2,
1113,2,1,3,2,
1113,3,1,1,2,
1113,4,1,1,2,
1113,5,1,1,2,
1113,6,1,1,2,
1113,7,3,4,2,
1113,8,3,4,2,
1113,9,2,2,2,
1113,10,3,4,2,
1113,11,1,1,2,
1114,1,1,3,2,
1114,2,1,3,2,
1114,3,1,1,2,
1114,4,3,4,2,
1114,5,1,1,2,
1114,6,1,1,2,
1114,7,1,1,2,
1114,8,3,4,2,
1114,9,2,2,2,
1114,10,2,2,2,
1114,11,1,3,2,
1115,1,1,3,2,
1115,2,1,3,2,
1115,3,1,1,2,
1115,4,1,1,2,
1115,5,1,1,2,
1115,6,3,4,2,
1115,7,1,1,2,
1115,8,3,4,2,
1115,9,2,2,2,
1115,10,2,2,2,
1115,11,1,3,2,
1116,1,1,3,2,
1116,2,1,3,2,
1116,3,1,1,2,
1116,4,3,4,2,
1116,5,1,1,2,
1116,6,1,1,2,
1116,7,3,4,2,
1116,8,3,4,2,
1116,9,2,2,2,
1116,10,2,2,2,
1116,11,1,3,2,
1117,1,1,3,2,
1117,2,3,4,2,
1117,3,1,3,2,
1117,4,3,4,2,
1117,5,1,3,2,
1117,6,1,3,2,
1117,7,1,3,2,
1117,8,3,4,2,
1117,9,1,3,2,
1117,10,1,3,2,
1117,11,1,3,2,
1118,1,1,3,2,
1118,2,3,4,2,
1118,3,3,4,2,
1118,4,3,4,2,
1118,5,1,3,2,
1118,6,1,3,2,
1118,7,3,4,2,
1118,8,3,4,2,
1118,9,2,3,2,
1118,10,3,4,2,
1118,11,1,3,2,
1119,1,2,3,2,
1119,2,3,4,2,
1119,3,1,3,2,
1119,4,2,2,2,
1119,5,1,3,2,
1119,6,1,3,2,
1119,7,1,3,2,
1119,8,3,4,2,
1119,9,2,3,2,
1119,10,1,3,2,
1119,11,1,3,2,
1120,1,2,3,2,
1120,2,3,4,2,
1120,3,1,3,2,
1120,4,3,4,2,
1120,5,1,3,2,
1120,6,1,3,2,
1120,7,1,3,2,
1120,8,3,4,2,
1120,9,1,3,2,
1120,10,1,3,2,
1120,11,1,3,2,
1121,1,2,3,2,
1121,2,3,4,2,
1121,3,1,3,2,
1121,4,3,4,2,
1121,5,1,3,2,
1121,6,1,3,2,
1121,7,3,4,2,
1121,8,3,4,2,
1121,9,1,3,2,
1121,10,1,3,2,
1121,11,1,3,2,
1122,1,1,3,2,
1122,2,3,4,2,
1122,3,1,3,2,
1122,4,3,4,2,
1122,5,1,3,2,
1122,6,1,3,2,
1122,7,1,3,2,
1122,8,3,4,2,
1122,9,2,3,2,
1122,10,1,3,2,
1122,11,1,3,2,
1123,1,2,3,2,
1123,2,3,4,2,
1123,3,1,3,2,
1123,4,3,4,2,
1123,5,1,3,2,
1123,6,1,3,2,
1123,7,3,4,2,
1123,8,3,4,2,
1123,9,1,3,2,
1123,10,3,4,2,
1123,11,1,3,2,
1124,1,2,3,2,
1124,2,3,4,2,
1124,3,1,3,2,
1124,4,3,4,2,
1124,5,1,3,2,
1124,6,1,3,2,
1124,7,3,4,2,
1124,8,3,4,2,
1124,9,1,3,2,
1124,10,1,3,2,
1124,11,1,3,2,
1125,1,1,3,2,
1125,2,3,4,2,
1125,3,3,4,2,
1125,4,3,4,2,
1125,5,1,3,2,
1125,6,1,3,2,
1125,7,1,3,2,
1125,8,3,4,2,
1125,9,2,3,2,
1125,10,3,4,2,
1125,11,1,3,2,
1126,1,1,3,2,
1126,2,1,3,2,
1126,3,1,3,2,
1126,4,3,4,2,
1126,5,1,3,2,
1126,6,1,3,2,
1126,7,1,3,2,
1126,8,3,4,2,
1126,9,3,4,2,
1126,10,3,4,2,
1126,11,1,3,2,
1127,1,1,3,2,
1127,2,1,3,2,
1127,3,1,3,2,
1127,4,3,4,2,
1127,5,1,3,2,
1127,6,1,3,2,
1127,7,1,3,2,
1127,8,3,4,2,
1127,9,1,3,2,
1127,10,3,4,2,
1127,11,1,3,2,
1128,1,1,3,2,
1128,2,1,3,2,
1128,3,1,3,2,
1128,4,3,4,2,
1128,5,1,3,2,
1128,6,3,4,2,
1128,7,3,4,2,
1128,8,3,4,2,
1128,9,1,3,2,
1128,10,3,4,2,
1128,11,1,3,2,
1129,1,1,3,2,
1129,2,1,3,2,
1129,3,1,3,2,
1129,4,3,4,2,
1129,5,1,3,2,
1129,6,1,3,2,
1129,7,3,4,2,
1129,8,3,4,2,
1129,9,1,3,2,
1129,10,3,4,2,
1129,11,1,3,2,
1130,1,1,3,2,
1130,2,1,3,2,
1130,3,1,3,2,
1130,4,3,3,2,
1130,5,1,3,2,
1130,6,1,3,2,
1130,7,3,4,2,
1130,8,3,4,2,
1130,9,1,3,2,
1130,10,3,4,2,
1130,11,1,3,2,
1131,1,1,3,2,
1131,2,1,3,2,
1131,3,1,1,2,
1131,4,3,4,2,
1131,5,1,3,1,1
1131,6,3,4,2,
1131,7,3,4,2,
1131,8,3,4,2,
1131,9,1,3,2,
1131,10,3,4,2,
1131,11,1,3,2,
1132,1,1,3,2,
1132,2,1,3,2,
1132,3,1,3,2,
1132,4,3,4,2,
1132,5,1,3,2,
1132,6,1,3,2,
1132,7,1,3,2,
1132,8,3,4,2,
1132,9,3,4,2,
1132,10,3,4,2,
1132,11,1,3,2,
1133,1,1,3,2,
1133,2,1,3,2,
1133,3,1,1,2,
1133,4,3,4,2,
1133,5,1,3,2,
1133,6,1,3,2,
1133,7,1,3,2,
1133,8,3,4,2,
1133,9,1,3,2,
1133,10,3,4,2,
1133,11,1,3,2,
1134,1,1,3,2,
1134,2,1,3,2,
1134,3,1,3,2,
1134,4,3,4,2,
1134,5,1,3,2,
1134,6,1,3,2,
1134,7,1,3,2,
1134,8,3,4,2,
1134,9,3,4,2,
1134,10,3,4,2,
1134,11,1,3,2,
1135,1,1,3,2,
1135,2,1,3,2,
1135,3,1,3,2,
1135,4,1,3,2,
1135,5,1,3,2,
1135,6,1,3,2,
1135,7,1,3,2,
1135,8,3,4,2,
1135,9,1,3,2,
1135,10,1,3,2,
1135,11,1,3,2,
1136,1,1,3,2,
1136,2,1,3,2,
1136,3,1,3,2,
1136,4,1,3,2,
1136,5,1,3,2,
1136,6,1,3,2,
1136,7,1,3,2,
1136,8,3,4,2,
1136,9,1,3,2,
1136,10,1,3,2,
1136,11,1,3,2,
1137,1,1,3,2,
1137,2,1,3,2,
1137,3,1,3,2,
1137,4,1,3,2,
1137,5,1,3,2,
1137,6,1,3,2,
1137,7,1,3,2,
1137,8,3,4,2,
1137,9,2,3,2,
1137,10,1,3,2,
1137,11,1,3,2,
1138,1,1,3,2,
1138,2,1,3,2,
1138,3,1,3,2,
1138,4,3,4,2,
1138,5,1,3,2,
1138,6,1,3,2,
1138,7,1,3,2,
1138,8,3,4,2,
1138,9,1,3,2,
1138,10,1,3,2,
1138,11,1,3,2,
1139,1,1,3,2,
1139,2,1,3,2,
1139,3,1,3,2,
1139,4,3,4,2,
1139,5,1,3,2,
1139,6,1,3,2,
1139,7,1,3,2,
1139,8,3,4,2,
1139,9,3,4,2,
1139,10,3,4,2,
1139,11,1,3,2,
1140,1,1,3,2,
1140,2,1,3,2,
1140,3,1,3,2,
1140,4,1,3,2,
1140,5,1,3,2,
1140,6,1,3,2,
1140,7,1,3,2,
1140,8,3,4,2,
1140,9,1,3,2,
1140,10,3,4,2,
1140,11,1,3,2,
1141,1,1,3,2,
1141,2,1,3,2,
1141,3,1,3,2,
1141,4,1,3,2,
1141,5,1,3,2,
1141,6,1,3,2,
1141,7,1,3,2,
1141,8,3,4,2,
1141,9,1,3,2,
1141,10,1,3,2,
1141,11,1,3,2,
1142,1,1,3,2,
1142,2,1,3,2,
1142,3,1,3,2,
1142,4,1,3,2,
1142,5,1,3,2,
1142,6,1,3,2,
1142,7,3,4,2,
1142,8,3,4,2,
1142,9,3,4,2,
1142,10,3,4,2,
1142,11,1,3,2,
1143,1,1,3,2,
1143,2,1,3,2,
1143,3,1,3,2,
1143,4,1,3,2,
1143,5,1,3,2,
1143,6,1,3,2,
1143,7,1,3,2,
1143,8,3,4,2,
1143,9,1,3,2,
1143,10,3,4,2,
1143,11,1,3,2,
1144,1,1,3,2,
1144,2,3,4,2,
1144,3,1,3,2,
1144,4,3,4,2,
1144,5,1,3,2,
1144,6,1,3,2,
1144,7,1,3,2,
1144,8,3,4,2,
1144,9,1,3,2,
1144,10,3,4,2,
1144,11,1,3,2,
1145,1,3,4,2,
1145,2,3,4,2,
1145,3,1,3,2,
1145,4,3,4,2,
1145,5,1,3,2,
1145,6,1,3,2,
1145,7,1,3,2,
1145,8,3,4,2,
1145,9,1,3,2,
1145,10,1,3,2,
1145,11,1,3,2,
1146,1,3,4,2,
1146,2,3,4,2,
1146,3,1,3,2,
1146,4,3,4,2,
1146,5,1,3,2,
1146,6,1,3,2,
1146,7,1,3,2,
1146,8,3,4,2,
1146,9,1,3,2,
1146,10,1,3,2,
1146,11,1,3,2,
1147,1,3,4,2,
1147,2,3,4,2,
1147,3,1,3,2,
1147,4,3,4,2,
1147,5,1,3,2,
1147,6,1,3,2,
1147,7,1,3,2,
1147,8,3,4,2,
1147,9,1,3,2,
1147,10,1,3,2,
1147,11,1,3,2,
1148,1,3,4,2,
1148,2,3,4,2,
1148,3,1,3,2,
1148,4,3,4,2,
1148,5,1,3,2,
1148,6,1,3,2,
1148,7,1,3,2,
1148,8,3,4,2,
1148,9,3,4,2,
1148,10,3,4,2,
1148,11,1,3,2,
1149,1,3,4,2,
1149,2,3,4,2,
1149,3,1,3,2,
1149,4,1,3,2,
1149,5,1,3,2,
1149,6,1,3,2,
1149,7,1,3,2,
1149,8,3,4,2,
1149,9,1,3,2,
1149,10,1,3,2,
1149,11,1,3,2,
1150,1,3,4,2,
1150,2,3,4,2,
1150,3,1,3,2,
1150,4,3,4,2,
1150,5,1,3,2,
1150,6,1,3,2,
1150,7,3,4,2,
1150,8,3,4,2,
1150,9,1,3,2,
1150,10,1,3,2,
1150,11,1,3,2,
1151,1,3,4,2,
1151,2,3,4,2,
1151,3,1,3,2,
1151,4,3,4,2,
1151,5,1,3,2,
1151,6,1,3,2,
1151,7,3,4,2,
1151,8,3,4,2,
1151,9,1,3,2,
1151,10,1,3,2,
1151,11,1,3,2,
1152,1,3,4,2,
1152,2,3,4,2,
1152,3,1,3,2,
1152,4,3,4,2,
1152,5,1,3,2,
1152,6,1,3,2,
1152,7,1,3,2,
1152,8,3,4,2,
1152,9,1,3,2,
1152,10,1,3,2,
1152,11,1,3,2,
1153,1,1,4,2,
1153,2,1,4,2,
1153,3,1,3,2,
1153,4,1,4,2,
1153,5,1,3,2,
1153,6,1,3,2,
1153,7,1,3,2,
1153,8,2,3,2,
1153,9,1,3,2,
1153,10,1,3,2,
1153,11,1,3,2,
1154,1,3,4,2,
1154,2,3,4,2,
1154,3,1,3,2,
1154,4,3,4,2,
1154,5,1,3,2,
1154,6,1,3,2,
1154,7,1,3,2,
1154,8,3,4,2,
1154,9,1,3,2,
1154,10,1,3,2,
1154,11,1,3,2,
1155,1,3,4,2,
1155,2,3,4,2,
1155,3,1,3,2,
1155,4,3,4,2,
1155,5,1,3,2,
1155,6,1,3,2,
1155,7,1,3,2,
1155,8,3,4,2,
1155,9,1,3,2,
1155,10,1,3,2,
1155,11,1,3,2,
1156,1,3,4,2,
1156,2,3,4,2,
1156,3,1,3,2,
1156,4,3,4,2,
1156,5,1,3,2,
1156,6,1,3,2,
1156,7,1,3,2,
1156,8,3,4,2,
1156,9,1,3,2,
1156,10,1,3,2,
1156,11,1,3,2,
1157,1,3,4,2,
1157,2,3,4,2,
1157,3,1,3,2,
1157,4,1,3,2,
1157,5,1,3,2,
1157,6,1,3,2,
1157,7,1,3,2,
1157,8,3,4,2,
1157,9,1,3,2,
1157,10,1,3,2,
1157,11,1,3,2,
1158,1,3,4,2,
1158,2,3,4,2,
1158,3,1,3,2,
1158,4,3,4,2,
1158,5,1,3,2,
1158,6,1,3,2,
1158,7,1,3,2,
1158,8,3,4,2,
1158,9,1,3,2,
1158,10,1,3,2,
1158,11,1,3,2,
1159,1,3,4,2,
1159,2,3,4,2,
1159,3,1,3,2,
1159,4,3,4,2,
1159,5,1,3,2,
1159,6,1,3,2,
1159,7,1,3,2,
1159,8,3,4,2,
1159,9,1,3,2,
1159,10,1,3,2,
1159,11,1,3,2,
1160,1,3,4,2,
1160,2,3,4,2,
1160,3,1,3,2,
1160,4,3,4,2,
1160,5,1,3,2,
1160,6,1,3,2,
1160,7,1,3,2,
1160,8,3,4,2,
1160,9,1,3,2,
1160,10,1,3,2,
1160,11,1,3,2,
1161,1,3,4,2,
1161,2,3,4,2,
1161,3,1,3,2,
1161,4,3,4,2,
1161,5,1,3,2,
1161,6,1,3,2,
1161,7,1,3,2,
1161,8,2,3,2,
1161,9,1,3,2,
1161,10,1,3,2,
1161,11,1,3,2,
1162,1,2,3,2,
1162,2,1,3,2,
1162,3,1,3,2,
1162,4,1,3,2,
1162,5,1,3,2,
1162,6,1,3,2,
1162,7,1,3,2,
1162,8,1,3,2,
1162,9,1,3,2,
1162,10,1,3,2,
1162,11,1,3,2,
1163,1,2,3,2,
1163,2,2,3,2,
1163,3,1,3,2,
1163,4,1,3,2,
1163,5,1,3,2,
1163,6,1,3,2,
1163,7,1,3,2,
1163,8,1,3,2,
1163,9,2,3,2,
1163,10,1,3,2,
1163,11,1,3,2,
1164,1,2,3,2,
1164,2,1,3,2,
1164,3,1,3,2,
1164,4,1,3,2,
1164,5,1,3,2,
1164,6,1,3,2,
1164,7,1,3,2,
1164,8,1,3,2,
1164,9,1,3,2,
1164,10,3,4,2,
1164,11,1,3,2,
1165,1,1,3,2,
1165,2,2,3,2,
1165,3,1,3,2,
1165,4,3,4,2,
1165,5,1,3,2,
1165,6,1,3,2,
1165,7,1,3,2,
1165,8,1,3,2,
1165,9,2,3,2,
1165,10,3,3,2,
1165,11,1,3,2,
1166,1,2,3,2,
1166,2,1,3,2,
1166,3,1,3,2,
1166,4,1,3,2,
1166,5,1,3,2,
1166,6,1,3,2,
1166,7,1,3,2,
1166,8,1,3,2,
1166,9,2,3,2,
1166,10,1,3,2,
1166,11,1,3,2,
1167,1,2,3,2,
1167,2,1,3,2,
1167,3,1,3,2,
1167,4,1,3,2,
1167,5,1,3,2,
1167,6,1,3,2,
1167,7,2,3,2,
1167,8,3,4,2,
1167,9,2,3,2,
1167,10,1,3,2,
1167,11,1,3,2,
1168,1,2,3,2,
1168,2,2,3,2,
1168,3,1,3,2,
1168,4,1,3,2,
1168,5,1,3,2,
1168,6,1,3,2,
1168,7,1,3,2,
1168,8,1,3,2,
1168,9,1,3,2,
1168,10,1,3,2,
1168,11,3,4,2,
1169,1,1,3,2,
1169,2,1,3,2,
1169,3,1,3,2,
1169,4,1,3,2,
1169,5,1,3,2,
1169,6,1,3,2,
1169,7,1,3,2,
1169,8,1,3,2,
1169,9,3,3,2,
1169,10,1,3,2,
1169,11,1,3,2,
1170,1,2,3,2,
1170,2,1,3,2,
1170,3,1,3,2,
1170,4,3,4,2,
1170,5,1,3,2,
1170,6,1,3,2,
1170,7,1,3,2,
1170,8,1,3,2,
1170,9,3,4,2,
1170,10,2,3,2,
1170,11,1,3,2,
1171,1,1,3,2,
1171,2,1,3,2,
1171,3,1,1,2,
1171,4,3,4,2,
1171,5,1,3,2,
1171,6,1,1,2,
1171,7,1,3,2,
1171,8,3,4,2,
1171,9,1,3,2,
1171,10,1,3,2,
1171,11,2,3,2,
1172,1,1,3,2,
1172,2,1,3,2,
1172,3,1,3,2,
1172,4,3,4,2,
1172,5,1,3,2,
1172,6,1,3,2,
1172,7,1,3,2,
1172,8,1,3,2,
1172,9,3,4,2,
1172,10,2,3,2,
1172,11,2,3,2,
1173,1,1,3,2,
1173,2,1,3,2,
1173,3,1,3,2,
1173,4,3,4,2,
1173,5,1,3,2,
1173,6,1,3,2,
1173,7,3,4,2,
1173,8,2,3,2,
1173,9,1,1,2,
1173,10,3,4,2,
1173,11,1,3,2,
1174,1,1,3,2,
1174,2,1,3,2,
1174,3,1,3,2,
1174,4,3,4,2,
1174,5,1,3,2,
1174,6,1,3,2,
1174,7,1,3,2,
1174,8,2,3,1,2
1174,9,1,3,2,
1174,10,1,3,2,
1174,11,2,3,2,
1175,1,1,3,2,
1175,2,1,3,2,
1175,3,1,3,2,
1175,4,3,4,2,
1175,5,1,3,2,
1175,6,1,3,2,
1175,7,1,3,2,
1175,8,2,2,2,
1175,9,1,1,2,
1175,10,3,4,2,
1175,11,2,3,2,
1176,1,1,3,2,
1176,2,1,3,2,
1176,3,1,3,2,
1176,4,1,3,2,
1176,5,1,3,2,
1176,6,1,3,2,
1176,7,3,4,2,
1176,8,2,3,2,
1176,9,1,3,2,
1176,10,3,4,2,
1176,11,2,2,1,2
1177,1,1,3,2,
1177,2,1,3,2,
1177,3,1,3,2,
1177,4,3,4,2,
1177,5,1,3,2,
1177,6,1,1,2,
1177,7,2,3,2,
1177,8,2,3,2,
1177,9,2,3,2,
1177,10,2,3,2,
1177,11,2,3,2,
1178,1,1,3,2,
1178,2,1,3,2,
1178,3,1,3,2,
1178,4,3,4,2,
1178,5,1,1,1,1
1178,6,1,1,2,
1178,7,3,4,2,
1178,8,2,2,1,2
1178,9,2,3,2,
1178,10,3,4,2,
1178,11,2,3,2,
1179,1,1,3,2,
1179,2,1,3,2,
1179,3,1,1,2,
1179,4,3,4,2,
1179,5,1,3,2,
1179,6,1,3,2,
1179,7,1,3,2,
1179,8,2,3,2,
1179,9,1,1,2,
1179,10,2,3,2,
1179,11,2,3,2,
1180,1,2,3,2,
1180,2,1,3,2,
1180,3,1,3,2,
1180,4,1,3,2,
1180,5,1,3,2,
1180,6,1,3,2,
1180,7,1,3,2,
1180,8,3,4,2,
1180,9,1,3,2,
1180,10,1,3,2,
1180,11,1,3,2,
1181,1,2,3,2,
1181,2,1,3,2,
1181,3,1,3,2,
1181,4,1,3,2,
1181,5,1,3,2,
1181,6,1,3,2,
1181,7,1,3,2,
1181,8,3,4,2,
1181,9,1,3,2,
1181,10,1,3,2,
1181,11,1,3,2,
1182,1,2,3,2,
1182,2,1,1,2,
1182,3,1,1,2,
1182,4,1,1,2,
1182,5,1,1,2,
1182,6,1,1,2,
1182,7,1,1,2,
1182,8,3,4,2,
1182,9,1,1,2,
1182,10,1,1,2,
1182,11,1,1,2,
1183,1,2,3,2,
1183,2,1,3,2,
1183,3,1,3,2,
1183,4,1,3,2,
1183,5,1,3,2,
1183,6,1,3,2,
1183,7,1,3,2,
1183,8,3,4,2,
1183,9,1,3,2,
1183,10,1,3,2,
1183,11,1,3,2,
1184,1,2,2,2,
1184,2,1,2,2,
1184,3,1,1,2,
1184,4,1,1,2,
1184,5,1,1,2,
1184,6,1,1,2,
1184,7,1,1,2,
1184,8,3,4,2,
1184,9,1,1,2,
1184,10,1,1,2,
1184,11,1,1,2,
1185,1,2,3,2,
1185,2,1,3,2,
1185,3,1,1,2,
1185,4,1,1,2,
1185,5,1,1,2,
1185,6,1,1,2,
1185,7,1,1,2,
1185,8,3,4,2,
1185,9,2,3,2,
1185,10,3,4,2,
1185,11,3,4,2,
1186,1,2,3,2,
1186,2,1,1,2,
1186,3,1,1,2,
1186,4,1,1,2,
1186,5,1,1,2,
1186,6,1,1,2,
1186,7,1,1,2,
1186,8,3,4,2,
1186,9,1,1,2,
1186,10,1,1,2,
1186,11,1,1,2,
1187,1,2,2,1,2
1187,2,1,3,2,
1187,3,1,3,2,
1187,4,1,1,2,
1187,5,1,1,2,
1187,6,1,1,2,
1187,7,1,1,2,
1187,8,1,3,2,
1187,9,1,3,2,
1187,10,1,1,2,
1187,11,1,1,2,
1188,1,2,2,2,
1188,2,1,1,2,
1188,3,1,1,2,
1188,4,1,1,2,
1188,5,1,1,2,
1188,6,1,1,2,
1188,7,3,4,2,
1188,8,3,4,2,
1188,9,1,3,2,
1188,10,3,4,2,
1188,11,3,4,2,
1189,1,2,3,2,
1189,2,1,3,2,
1189,3,2,3,2,
1189,4,1,3,2,
1189,5,1,3,2,
1189,6,2,3,2,
1189,7,3,4,2,
1189,8,3,4,2,
1189,9,2,3,2,
1189,10,3,4,2,
1189,11,2,3,2,
1190,1,2,3,2,
1190,2,1,3,2,
1190,3,2,3,2,
1190,4,1,3,2,
1190,5,1,3,2,
1190,6,1,3,2,
1190,7,1,3,2,
1190,8,3,4,2,
1190,9,2,3,2,
1190,10,2,3,2,
1190,11,2,3,2,
1191,1,2,3,2,
1191,2,1,3,2,
1191,3,2,3,2,
1191,4,2,3,2,
1191,5,2,3,2,
1191,6,1,3,2,
1191,7,1,3,2,
1191,8,3,4,2,
1191,9,2,3,2,
1191,10,2,3,2,
1191,11,2,3,2,
1192,1,2,3,2,
1192,2,1,3,2,
1192,3,2,3,2,
1192,4,1,3,1,1
1192,5,1,3,2,
1192,6,1,3,2,
1192,7,1,3,2,
1192,8,3,4,2,
1192,9,2,3,2,
1192,10,2,3,2,
1192,11,1,3,2,
1193,1,2,3,2,
1193,2,1,3,2,
1193,3,2,3,2,
1193,4,3,4,2,
1193,5,1,3,2,
1193,6,1,3,2,
1193,7,3,4,2,
1193,8,3,4,2,
1193,9,2,3,2,
1193,10,1,3,2,
1193,11,2,3,2,
1194,1,2,3,2,
1194,2,1,3,2,
1194,3,2,3,2,
1194,4,1,3,2,
1194,5,1,3,2,
1194,6,1,3,2,
1194,7,1,3,2,
1194,8,3,4,2,
1194,9,2,3,2,
1194,10,3,4,2,
1194,11,2,3,2,
1195,1,2,3,2,
1195,2,1,3,2,
1195,3,2,3,2,
1195,4,1,3,2,
1195,5,1,3,2,
1195,6,1,3,2,
1195,7,1,3,2,
1195,8,3,4,2,
1195,9,2,3,2,
1195,10,3,4,2,
1195,11,2,3,2,
1196,1,2,3,2,
1196,2,1,3,2,
1196,3,2,3,2,
1196,4,3,4,2,
1196,5,1,3,2,
1196,6,2,3,2,
1196,7,2,3,2,
1196,8,3,4,2,
1196,9,2,3,2,
1196,10,1,3,2,
1196,11,1,3,2,
1197,1,2,3,2,
1197,2,1,3,2,
1197,3,2,3,2,
1197,4,1,3,2,
1197,5,1,3,2,
1197,6,1,3,2,
1197,7,1,3,2,
1197,8,3,4,2,
1197,9,2,3,2,
1197,10,2,3,2,
1197,11,2,3,2,
1198,1,1,3,2,
1198,2,2,3,2,
1198,3,2,3,2,
1198,4,3,4,2,
1198,5,3,4,2,
1198,6,1,3,1,1
1198,7,1,3,1,1
1198,8,3,4,2,
1198,9,1,3,2,
1198,10,1,1,2,
1198,11,3,4,2,
1199,1,1,3,1,2
1199,2,2,3,2,
1199,3,2,3,2,
1199,4,1,3,1,1
1199,5,1,3,2,
1199,6,3,4,2,
1199,7,3,4,2,
1199,8,1,3,2,
1199,9,1,3,2,
1199,10,3,4,2,
1199,11,1,3,2,
1200,1,1,3,2,
1200,2,2,3,2,
1200,3,2,3,2,
1200,4,3,3,2,
1200,5,1,3,1,1
1200,6,3,3,2,
1200,7,3,4,2,
1200,8,1,3,2,
1200,9,3,4,2,
1200,10,1,3,2,
1200,11,1,3,2,
1201,1,1,3,2,
1201,2,2,3,2,
1201,3,2,3,2,
1201,4,3,4,2,
1201,5,1,3,2,
1201,6,1,3,1,1
1201,7,3,3,2,
1201,8,1,3,2,
1201,9,1,3,2,
1201,10,1,3,2,
1201,11,1,3,2,
1202,1,1,3,2,
1202,2,3,4,2,
1202,3,2,3,2,
1202,4,1,3,1,1
1202,5,1,3,2,
1202,6,3,4,2,
1202,7,3,4,2,
1202,8,1,3,2,
1202,9,3,4,2,
1202,10,1,3,2,
1202,11,1,3,2,
1203,1,1,3,2,
1203,2,2,3,2,
1203,3,2,3,2,
1203,4,1,3,2,
1203,5,1,3,2,
1203,6,1,3,1,1
1203,7,3,4,2,
1203,8,1,3,2,
1203,9,1,3,2,
1203,10,1,3,2,
1203,11,1,3,2,
1204,1,1,3,1,2
1204,2,2,3,2,
1204,3,2,3,2,
1204,4,1,3,1,1
1204,5,1,3,2,
1204,6,1,3,1,1
1204,7,3,4,2,
1204,8,1,3,2,
1204,9,1,3,2,
1204,10,1,3,2,
1204,11,1,3,2,
1205,1,1,3,2,
1205,2,2,3,2,
1205,3,2,3,2,
1205,4,1,3,2,
1205,5,1,3,2,
1205,6,1,3,1,1
1205,7,3,4,2,
1205,8,1,3,2,
1205,9,1,3,2,
1205,10,1,3,2,
1205,11,1,3,2,
1206,1,1,3,1,2
1206,2,2,3,2,
1206,3,2,3,2,
1206,4,1,3,1,1
1206,5,1,3,2,
1206,6,1,3,2,
1206,7,3,4,2,
1206,8,1,3,2,
1206,9,1,3,2,
1206,10,1,3,2,
1206,11,1,3,2,
1207,1,1,1,2,
1207,2,2,3,2,
1207,3,2,3,1,2
1207,4,3,4,2,
1207,5,1,3,2,
1207,6,1,3,2,
1207,7,1,3,2,
1207,8,2,2,1,2
1207,9,1,3,2,
1207,10,1,3,2,
1207,11,1,3,2,
1208,1,1,1,2,
1208,2,2,3,2,
1208,3,2,3,1,2
1208,4,3,4,2,
1208,5,1,3,2,
1208,6,1,3,2,
1208,7,1,3,2,
1208,8,2,2,1,2
1208,9,1,3,2,
1208,10,1,3,2,
1208,11,1,3,2,
1209,1,1,3,2,
1209,2,2,3,2,
1209,3,2,3,1,2
1209,4,3,4,2,
1209,5,1,3,2,
1209,6,1,3,2,
1209,7,1,3,2,
1209,8,2,2,1,2
1209,9,1,3,2,
1209,10,3,4,2,
1209,11,1,3,2,
1210,1,1,1,2,
1210,2,2,3,2,
1210,3,2,3,1,2
1210,4,3,4,2,
1210,5,1,3,2,
1210,6,1,3,2,
1210,7,1,3,2,
1210,8,2,2,1,2
1210,9,2,3,2,
1210,10,2,3,2,
1210,11,1,3,2,
1211,1,1,3,2,
1211,2,2,3,2,
1211,3,2,3,1,2
1211,4,3,4,2,
1211,5,1,3,2,
1211,6,1,3,2,
1211,7,1,3,2,
1211,8,2,3,1,2
1211,9,1,3,2,
1211,10,1,3,2,
1211,11,1,3,2,
1212,1,1,3,2,
1212,2,2,3,2,
1212,3,2,3,1,2
1212,4,3,4,2,
1212,5,1,3,2,
1212,6,1,3,2,
1212,7,1,3,2,
1212,8,2,2,1,2
1212,9,2,3,2,
1212,10,1,3,2,
1212,11,1,3,2,
1213,1,1,1,2,
1213,2,2,3,1,2
1213,3,2,3,1,2
1213,4,1,4,2,
1213,5,1,3,2,
1213,6,1,3,2,
1213,7,1,3,2,
1213,8,2,2,1,2
1213,9,1,3,2,
1213,10,1,3,2,
1213,11,1,3,2,
1214,1,1,1,2,
1214,2,2,3,2,
1214,3,2,3,1,2
1214,4,3,4,2,
1214,5,1,3,2,
1214,6,1,3,2,
1214,7,3,4,2,
1214,8,2,2,2,
1214,9,1,3,2,
1214,10,1,3,2,
1214,11,1,3,2,
1215,1,1,3,2,
1215,2,2,3,1,2
1215,3,2,3,1,2
1215,4,3,4,2,
1215,5,1,3,2,
1215,6,1,3,2,
1215,7,1,3,2,
1215,8,2,2,1,2
1215,9,1,3,2,
1215,10,1,3,2,
1215,11,1,3,2,
1216,1,1,3,2,
1216,2,1,3,2,
1216,3,1,3,2,
1216,4,1,3,2,
1216,5,1,3,2,
1216,6,1,3,2,
1216,7,1,3,2,
1216,8,3,4,2,
1216,9,2,2,2,
1216,10,1,2,2,
1216,11,1,3,2,
1217,1,1,3,2,
1217,2,1,3,2,
1217,3,1,3,2,
1217,4,1,3,2,
1217,5,1,3,2,
1217,6,1,3,2,
1217,7,1,3,2,
1217,8,3,4,2,
1217,9,1,3,2,
1217,10,1,3,2,
1217,11,1,3,2,
1218,1,1,3,2,
1218,2,1,3,2,
1218,3,1,3,2,
1218,4,1,3,2,
1218,5,1,3,2,
1218,6,1,3,2,
1218,7,1,3,2,
1218,8,3,4,2,
1218,9,1,3,2,
1218,10,2,2,2,
1218,11,1,3,2,
1219,1,1,3,2,
1219,2,1,3,2,
1219,3,1,3,2,
1219,4,1,3,2,
1219,5,1,3,2,
1219,6,1,3,2,
1219,7,1,3,2,
1219,8,3,4,2,
1219,9,2,2,2,
1219,10,3,4,2,
1219,11,1,3,2,
1220,1,1,3,2,
1220,2,1,3,2,
1220,3,1,3,2,
1220,4,1,3,2,
1220,5,1,3,2,
1220,6,1,3,2,
1220,7,1,3,2,
1220,8,3,4,2,
1220,9,2,2,2,
1220,10,2,2,2,
1220,11,1,3,2,
1221,1,1,3,2,
1221,2,1,3,2,
1221,3,1,3,2,
1221,4,1,3,2,
1221,5,1,3,2,
1221,6,1,3,2,
1221,7,1,3,2,
1221,8,3,4,2,
1221,9,2,2,2,
1221,10,2,2,2,
1221,11,1,3,2,
1222,1,1,3,2,
1222,2,1,3,2,
1222,3,1,3,2,
1222,4,3,4,2,
1222,5,1,3,2,
1222,6,1,3,2,
1222,7,1,3,2,
1222,8,3,4,2,
1222,9,2,2,2,
1222,10,3,4,2,
1222,11,1,3,2,
1223,1,1,3,2,
1223,2,1,3,2,
1223,3,1,3,2,
1223,4,3,4,2,
1223,5,1,3,2,
1223,6,1,3,2,
1223,7,1,3,2,
1223,8,3,4,2,
1223,9,2,2,2,
1223,10,2,2,2,
1223,11,1,3,2,
1224,1,1,3,2,
1224,2,1,3,2,
1224,3,1,3,2,
1224,4,1,3,2,
1224,5,1,3,2,
1224,6,1,3,2,
1224,7,1,3,2,
1224,8,3,4,2,
1224,9,2,2,2,
1224,10,2,2,2,
1224,11,1,3,2,
1225,1,1,3,2,
1225,2,1,3,2,
1225,3,1,3,2,
1225,4,1,3,2,
1225,5,1,3,2,
1225,6,3,4,2,
1225,7,1,3,2,
1225,8,3,4,2,
1225,9,1,3,2,
1225,10,2,3,2,
1225,11,2,3,2,
1226,1,1,3,2,
1226,2,1,3,2,
1226,3,1,3,2,
1226,4,1,3,2,
1226,5,1,3,2,
1226,6,3,4,2,
1226,7,1,3,2,
1226,8,3,4,2,
1226,9,2,3,2,
1226,10,1,3,2,
1226,11,2,3,2,
1227,1,1,3,2,
1227,2,1,3,2,
1227,3,1,3,2,
1227,4,1,3,2,
1227,5,1,3,2,
1227,6,3,4,2,
1227,7,1,3,2,
1227,8,3,4,2,
1227,9,2,3,2,
1227,10,2,3,2,
1227,11,2,3,2,
1228,1,1,3,2,
1228,2,1,3,2,
1228,3,1,3,2,
1228,4,1,3,2,
1228,5,1,3,2,
1228,6,3,4,2,
1228,7,1,3,2,
1228,8,3,4,2,
1228,9,2,3,2,
1228,10,2,3,2,
1228,11,2,3,2,
1229,1,1,3,2,
1229,2,1,3,2,
1229,3,1,3,2,
1229,4,3,4,2,
1229,5,1,3,2,
1229,6,3,4,2,
1229,7,1,3,2,
1229,8,3,4,2,
1229,9,2,3,2,
1229,10,2,3,2,
1229,11,2,3,2,
1230,1,1,3,2,
1230,2,1,3,2,
1230,3,1,3,2,
1230,4,1,3,2,
1230,5,1,3,2,
1230,6,3,4,2,
1230,7,1,3,2,
1230,8,3,4,2,
1230,9,2,3,2,
1230,10,2,3,2,
1230,11,2,3,2,
1231,1,1,3,2,
1231,2,1,3,2,
1231,3,1,3,2,
1231,4,1,3,2,
1231,5,1,3,2,
1231,6,3,4,2,
1231,7,1,3,2,
1231,8,3,4,2,
1231,9,1,3,2,
1231,10,2,3,2,
1231,11,2,3,2,
1232,1,1,3,2,
1232,2,1,3,2,
1232,3,1,3,2,
1232,4,1,3,2,
1232,5,1,3,2,
1232,6,3,4,2,
1232,7,1,3,2,
1232,8,3,4,2,
1232,9,3,4,2,
1232,10,2,3,2,
1232,11,2,3,2,
1233,1,1,3,2,
1233,2,1,3,2,
1233,3,1,3,2,
1233,4,1,3,2,
1233,5,1,3,2,
1233,6,3,4,2,
1233,7,1,3,2,
1233,8,3,4,2,
1233,9,3,4,2,
1233,10,3,4,2,
1233,11,2,3,2,
1234,1,1,3,2,
1234,2,1,3,2,
1234,3,1,3,2,
1234,4,1,3,2,
1234,5,1,3,2,
1234,6,1,3,2,
1234,7,1,3,2,
1234,8,1,3,2,
1234,9,1,3,2,
1234,10,1,3,2,
1234,11,1,3,2,
1235,1,1,3,2,
1235,2,1,3,2,
1235,3,1,3,2,
1235,4,1,3,2,
1235,5,1,3,2,
1235,6,1,3,2,
1235,7,1,3,2,
1235,8,1,3,2,
1235,9,1,3,2,
1235,10,1,3,2,
1235,11,1,3,2,
1236,1,1,3,2,
1236,2,1,3,2,
1236,3,1,3,2,
1236,4,1,3,2,
1236,5,1,3,2,
1236,6,1,3,2,
1236,7,1,3,2,
1236,8,1,3,2,
1236,9,1,3,2,
1236,10,1,3,2,
1236,11,1,3,2,
1237,1,1,3,2,
1237,2,1,3,2,
1237,3,1,3,2,
1237,4,1,3,2,
1237,5,1,3,2,
1237,6,1,3,2,
1237,7,1,3,2,
1237,8,1,3,2,
1237,9,1,3,2,
1237,10,1,3,2,
1237,11,1,3,2,
1238,1,1,3,2,
1238,2,1,3,2,
1238,3,1,3,2,
1238,4,1,3,2,
1238,5,1,3,2,
1238,6,1,3,2,
1238,7,1,3,2,
1238,8,1,3,2,
1238,9,1,3,2,
1238,10,1,3,2,
1238,11,1,3,2,
1239,1,1,3,1,1
1239,2,1,3,2,
1239,3,1,3,2,
1239,4,1,3,1,1
1239,5,1,3,2,
1239,6,1,3,2,
1239,7,1,3,2,
1239,8,1,3,2,
1239,9,1,3,2,
1239,10,1,3,2,
1239,11,1,3,2,
1240,1,1,3,2,
1240,2,1,3,2,
1240,3,1,3,2,
1240,4,1,3,1,1
1240,5,1,3,1,1
1240,6,1,3,2,
1240,7,1,3,2,
1240,8,1,3,2,
1240,9,1,3,2,
1240,10,1,3,2,
1240,11,1,3,2,
1241,1,1,3,2,
1241,2,1,3,2,
1241,3,1,3,2,
1241,4,1,3,2,
1241,5,1,3,2,
1241,6,1,3,2,
1241,7,1,3,2,
1241,8,1,3,2,
1241,9,1,3,2,
1241,10,1,3,2,
1241,11,1,3,2,
1242,1,1,3,2,
1242,2,1,3,2,
1242,3,1,3,2,
1242,4,1,3,2,
1242,5,1,3,2,
1242,6,1,3,2,
1242,7,1,3,2,
1242,8,1,3,2,
1242,9,1,3,2,
1242,10,1,3,2,
1242,11,1,3,2,
1243,1,1,3,2,
1243,2,1,3,2,
1243,3,1,3,2,
1243,4,1,3,2,
1243,5,1,3,2,
1243,6,1,3,2,
1243,7,1,3,2,
1243,8,3,4,2,
1243,9,3,4,2,
1243,10,3,4,2,
1243,11,3,4,2,
1244,1,1,3,2,
1244,2,1,3,2,
1244,3,1,3,2,
1244,4,1,3,2,
1244,5,1,3,2,
1244,6,1,3,2,
1244,7,1,3,2,
1244,8,3,4,2,
1244,9,1,3,2,
1244,10,1,3,2,
1244,11,1,3,2,
1245,1,1,3,2,
1245,2,1,3,2,
1245,3,1,3,2,
1245,4,1,3,2,
1245,5,1,3,2,
1245,6,1,3,2,
1245,7,1,3,2,
1245,8,3,4,2,
1245,9,1,3,2,
1245,10,1,3,2,
1245,11,1,3,2,
1246,1,1,3,2,
1246,2,1,3,2,
1246,3,1,3,2,
1246,4,1,3,2,
1246,5,1,3,2,
1246,6,1,3,2,
1246,7,3,4,2,
1246,8,3,4,2,
1246,9,1,3,2,
1246,10,1,3,2,
1246,11,1,3,2,
1247,1,1,3,2,
1247,2,1,3,2,
1247,3,1,3,2,
1247,4,1,3,2,
1247,5,1,3,2,
1247,6,1,3,2,
1247,7,1,3,2,
1247,8,3,4,2,
1247,9,1,3,2,
1247,10,3,4,2,
1247,11,1,3,2,
1248,1,1,3,2,
1248,2,1,3,2,
1248,3,1,3,2,
1248,4,1,3,2,
1248,5,1,3,2,
1248,6,1,3,2,
1248,7,1,3,2,
1248,8,3,4,2,
1248,9,1,3,2,
1248,10,3,4,2,
1248,11,1,3,2,
1249,1,1,3,2,
1249,2,1,3,2,
1249,3,1,3,2,
1249,4,1,3,2,
1249,5,1,3,2,
1249,6,1,3,2,
1249,7,1,3,2,
1249,8,3,4,2,
1249,9,1,3,2,
1249,10,1,3,2,
1249,11,1,3,2,
1250,1,1,3,2,
1250,2,1,3,2,
1250,3,1,3,2,
1250,4,1,3,2,
1250,5,1,3,2,
1250,6,1,3,2,
1250,7,1,3,2,
1250,8,1,3,2,
1250,9,1,3,2,
1250,10,1,3,2,
1250,11,1,3,2,
1251,1,1,3,2,
1251,2,1,3,2,
1251,3,1,3,2,
1251,4,1,3,2,
1251,5,1,3,2,
1251,6,1,3,2,
1251,7,1,3,2,
1251,8,3,4,2,
1251,9,1,3,2,
1251,10,1,3,2,
1251,11,1,3,2,
1252,1,1,3,2,
1252,2,3,4,2,
1252,3,3,4,2,
1252,4,1,3,2,
1252,5,1,3,2,
1252,6,1,3,2,
1252,7,1,3,2,
1252,8,2,3,2,
1252,9,1,3,2,
1252,10,2,3,2,
1252,11,2,3,2,
1253,1,1,3,2,
1253,2,3,4,2,
1253,3,3,4,2,
1253,4,3,4,2,
1253,5,1,3,2,
1253,6,1,3,2,
1253,7,1,3,2,
1253,8,1,3,2,
1253,9,1,3,2,
1253,10,2,3,2,
1253,11,2,3,2,
1254,1,2,3,2,
1254,2,3,4,2,
1254,3,3,4,2,
1254,4,2,3,2,
1254,5,1,3,2,
1254,6,1,3,2,
1254,7,1,3,2,
1254,8,3,4,2,
1254,9,1,3,2,
1254,10,1,3,2,
1254,11,2,3,2,
1255,1,1,3,2,
1255,2,2,3,2,
1255,3,3,4,2,
1255,4,1,3,2,
1255,5,1,3,2,
1255,6,1,3,2,
1255,7,1,3,2,
1255,8,2,3,2,
1255,9,1,3,2,
1255,10,3,4,2,
1255,11,2,3,2,
1256,1,1,3,2,
1256,2,3,4,2,
1256,3,3,4,2,
1256,4,1,3,2,
1256,5,1,3,2,
1256,6,1,3,2,
1256,7,2,3,2,
1256,8,2,3,2,
1256,9,2,3,2,
1256,10,1,3,2,
1256,11,2,3,2,
1257,1,1,3,2,
1257,2,3,4,2,
1257,3,3,4,2,
1257,4,1,3,2,
1257,5,1,3,2,
1257,6,1,3,2,
1257,7,2,3,2,
1257,8,1,3,2,
1257,9,1,3,2,
1257,10,1,3,2,
1257,11,2,3,2,
1258,1,2,3,2,
1258,2,3,4,2,
1258,3,3,4,2,
1258,4,1,3,2,
1258,5,1,3,2,
1258,6,1,3,2,
1258,7,2,3,2,
1258,8,2,3,2,
1258,9,2,3,2,
1258,10,2,3,2,
1258,11,2,3,2,
1259,1,1,3,2,
1259,2,3,4,2,
1259,3,3,4,2,
1259,4,1,3,2,
1259,5,1,1,1,1
1259,6,1,3,2,
1259,7,3,4,2,
1259,8,1,3,2,
1259,9,1,3,2,
1259,10,3,4,2,
1259,11,2,3,2,
1260,1,2,3,2,
1260,2,3,4,2,
1260,3,3,4,2,
1260,4,3,4,2,
1260,5,1,3,2,
1260,6,1,3,2,
1260,7,1,3,2,
1260,8,3,4,2,
1260,9,2,3,2,
1260,10,1,3,2,
1260,11,2,3,2,
1261,1,1,3,2,
1261,2,2,3,2,
1261,3,2,3,2,
1261,4,1,3,2,
1261,5,1,3,2,
1261,6,1,3,2,
1261,7,1,3,2,
1261,8,1,3,2,
1261,9,1,3,2,
1261,10,1,3,2,
1261,11,3,4,2,
1262,1,1,3,2,
1262,2,2,3,2,
1262,3,2,3,2,
1262,4,1,3,2,
1262,5,1,3,2,
1262,6,1,3,2,
1262,7,1,3,2,
1262,8,1,3,2,
1262,9,1,3,2,
1262,10,3,3,2,
1262,11,1,3,2,
1263,1,1,3,2,
1263,2,2,3,2,
1263,3,2,3,2,
1263,4,1,3,2,
1263,5,1,3,2,
1263,6,1,3,2,
1263,7,1,3,2,
1263,8,1,3,2,
1263,9,1,3,2,
1263,10,3,3,2,
1263,11,1,3,2,
1264,1,1,3,2,
1264,2,2,3,2,
1264,3,2,3,2,
1264,4,1,3,2,
1264,5,1,3,2,
1264,6,1,3,2,
1264,7,1,3,2,
1264,8,1,3,2,
1264,9,1,3,2,
1264,10,1,3,2,
1264,11,1,3,2,
1265,1,1,3,2,
1265,2,2,3,2,
1265,3,2,3,2,
1265,4,1,3,2,
1265,5,1,3,2,
1265,6,1,3,2,
1265,7,1,3,2,
1265,8,1,3,2,
1265,9,1,3,2,
1265,10,1,3,2,
1265,11,1,3,2,
1266,1,1,3,2,
1266,2,2,3,2,
1266,3,2,3,2,
1266,4,1,3,2,
1266,5,1,3,2,
1266,6,1,3,2,
1266,7,1,3,2,
1266,8,1,3,2,
1266,9,1,3,2,
1266,10,3,3,2,
1266,11,1,3,2,
1267,1,1,3,2,
1267,2,2,3,2,
1267,3,2,3,2,
1267,4,1,3,2,
1267,5,1,3,2,
1267,6,1,3,2,
1267,7,1,3,2,
1267,8,1,3,2,
1267,9,3,4,2,
1267,10,1,3,2,
1267,11,1,3,2,
1268,1,1,3,2,
1268,2,2,3,2,
1268,3,2,3,2,
1268,4,1,3,2,
1268,5,1,3,2,
1268,6,1,3,2,
1268,7,1,3,2,
1268,8,1,3,2,
1268,9,1,3,2,
1268,10,1,3,2,
1268,11,1,3,2,
1269,1,1,3,2,
1269,2,2,3,2,
1269,3,2,3,2,
1269,4,1,3,2,
1269,5,1,3,2,
1269,6,1,3,2,
1269,7,1,3,2,
1269,8,1,3,2,
1269,9,1,3,2,
1269,10,3,4,2,
1269,11,3,4,2,
1270,1,2,2,2,
1270,2,3,4,2,
1270,3,1,3,2,
1270,4,1,3,2,
1270,5,1,3,2,
1270,6,1,1,2,
1270,7,1,1,2,
1270,8,2,3,2,
1270,9,1,3,2,
1270,10,3,4,2,
1270,11,1,3,2,
1271,1,2,3,2,
1271,2,1,3,2,
1271,3,1,3,2,
1271,4,1,3,2,
1271,5,1,3,2,
1271,6,1,3,2,
1271,7,1,3,2,
1271,8,2,3,2,
1271,9,1,3,2,
1271,10,1,3,2,
1271,11,1,3,2,
1272,1,2,3,2,
1272,2,1,3,2,
1272,3,1,3,2,
1272,4,1,3,2,
1272,5,1,3,2,
1272,6,1,1,2,
1272,7,1,1,2,
1272,8,2,3,2,
1272,9,1,3,2,
1272,10,1,3,2,
1272,11,1,3,2,
1273,1,2,3,2,
1273,2,1,3,2,
1273,3,1,3,2,
1273,4,1,3,2,
1273,5,1,3,2,
1273,6,1,3,2,
1273,7,1,3,2,
1273,8,2,3,2,
1273,9,1,3,2,
1273,10,1,3,2,
1273,11,1,3,2,
1274,1,2,3,2,
1274,2,1,3,2,
1274,3,1,3,2,
1274,4,1,3,2,
1274,5,1,3,2,
1274,6,1,1,2,
1274,7,1,1,2,
1274,8,2,3,2,
1274,9,2,3,2,
1274,10,3,4,2,
1274,11,1,3,2,
1275,1,2,3,2,
1275,2,1,3,2,
1275,3,1,3,2,
1275,4,1,3,2,
1275,5,1,3,2,
1275,6,1,3,2,
1275,7,1,3,2,
1275,8,2,3,2,
1275,9,1,3,2,
1275,10,3,4,2,
1275,11,1,3,2,
1276,1,2,3,2,
1276,2,1,3,2,
1276,3,1,3,2,
1276,4,1,3,2,
1276,5,1,3,2,
1276,6,1,3,2,
1276,7,1,3,2,
1276,8,2,3,2,
1276,9,1,3,2,
1276,10,3,4,2,
1276,11,1,3,2,
1277,1,2,3,2,
1277,2,1,3,2,
1277,3,1,3,2,
1277,4,1,3,2,
1277,5,1,3,2,
1277,6,1,1,2,
1277,7,1,3,2,
1277,8,2,3,2,
1277,9,1,3,2,
1277,10,3,4,2,
1277,11,1,3,2,
1278,1,2,3,2,
1278,2,1,3,2,
1278,3,1,3,2,
1278,4,1,1,2,
1278,5,1,3,2,
1278,6,1,1,2,
1278,7,1,3,2,
1278,8,2,3,2,
1278,9,1,3,2,
1278,10,3,4,2,
1278,11,3,4,2,
1279,1,1,1,2,
1279,2,2,2,2,
1279,3,2,2,2,
1279,4,1,1,2,
1279,5,1,1,2,
1279,6,1,1,2,
1279,7,2,2,2,
1279,8,2,2,2,
1279,9,2,2,2,
1279,10,2,2,2,
1279,11,2,2,2,
1280,1,1,1,2,
1280,2,2,2,2,
1280,3,2,2,2,
1280,4,1,1,2,
1280,5,1,1,2,
1280,6,2,2,2,
1280,7,2,2,2,
1280,8,2,2,2,
1280,9,2,2,2,
1280,10,2,2,2,
1280,11,2,2,2,
1281,1,1,1,2,
1281,2,2,2,2,
1281,3,1,1,2,
1281,4,1,1,2,
1281,5,1,1,2,
1281,6,2,2,2,
1281,7,2,2,2,
1281,8,2,2,2,
1281,9,2,2,2,
1281,10,2,2,2,
1281,11,2,2,2,
1282,1,1,1,2,
1282,2,2,2,2,
1282,3,1,1,2,
1282,4,1,1,2,
1282,5,1,1,2,
1282,6,1,1,2,
1282,7,2,2,2,
1282,8,2,2,2,
1282,9,2,2,2,
1282,10,2,2,2,
1282,11,1,1,2,
1283,1,1,1,2,
1283,2,2,2,2,
1283,3,1,1,2,
1283,4,2,2,2,
1283,5,1,1,2,
1283,6,1,1,2,
1283,7,1,1,2,
1283,8,2,2,2,
1283,9,2,2,2,
1283,10,1,1,2,
1283,11,1,1,2,
1284,1,1,1,2,
1284,2,2,2,2,
1284,3,2,2,2,
1284,4,1,1,2,
1284,5,1,1,2,
1284,6,2,2,2,
1284,7,1,1,2,
1284,8,2,2,2,
1284,9,2,2,2,
1284,10,2,2,2,
1284,11,2,2,2,
1285,1,1,1,2,
1285,2,2,2,2,
1285,3,2,2,2,
1285,4,1,1,2,
1285,5,1,1,2,
1285,6,1,1,2,
1285,7,2,2,2,
1285,8,2,2,2,
1285,9,2,2,2,
1285,10,2,2,2,
1285,11,2,2,2,
1286,1,1,1,2,
1286,2,2,2,2,
1286,3,2,2,2,
1286,4,1,1,2,
1286,5,1,1,2,
1286,6,2,2,2,
1286,7,1,1,2,
1286,8,2,2,2,
1286,9,2,2,2,
1286,10,2,2,2,
1286,11,2,2,2,
1287,1,1,1,2,
1287,2,2,2,2,
1287,3,1,1,2,
1287,4,1,1,2,
1287,5,1,1,2,
1287,6,2,2,2,
1287,7,2,2,2,
1287,8,2,2,2,
1287,9,2,2,2,
1287,10,2,2,2,
1287,11,1,1,2,
1288,1,1,3,2,
1288,2,1,3,2,
1288,3,1,3,2,
1288,4,3,4,2,
1288,5,1,3,2,
1288,6,1,1,2,
1288,7,1,1,2,
1288,8,2,3,2,
1288,9,1,1,2,
1288,10,1,1,2,
1288,11,1,1,2,
1289,1,1,3,2,
1289,2,1,3,2,
1289,3,1,1,2,
1289,4,3,4,2,
1289,5,1,3,2,
1289,6,1,1,2,
1289,7,1,1,2,
1289,8,2,3,2,
1289,9,1,1,2,
1289,10,1,1,2,
1289,11,1,1,2,
1290,1,1,3,2,
1290,2,1,3,2,
1290,3,1,1,2,
1290,4,3,4,2,
1290,5,1,3,2,
1290,6,1,1,2,
1290,7,1,1,2,
1290,8,2,3,2,
1290,9,1,1,2,
1290,10,1,1,2,
1290,11,1,1,2,
1291,1,1,3,2,
1291,2,1,3,2,
1291,3,1,1,2,
1291,4,3,4,2,
1291,5,1,3,2,
1291,6,1,1,2,
1291,7,1,1,2,
1291,8,2,3,2,
1291,9,1,1,2,
1291,10,1,1,2,
1291,11,1,1,2,
1292,1,1,3,2,
1292,2,1,3,2,
1292,3,1,3,2,
1292,4,3,4,2,
1292,5,1,3,2,
1292,6,1,1,2,
1292,7,1,1,2,
1292,8,2,3,2,
1292,9,1,1,2,
1292,10,1,1,2,
1292,11,1,1,2,
1293,1,1,3,2,
1293,2,1,3,2,
1293,3,1,1,2,
1293,4,3,4,2,
1293,5,1,3,2,
1293,6,1,1,2,
1293,7,1,1,2,
1293,8,2,3,2,
1293,9,1,1,2,
1293,10,1,1,2,
1293,11,1,1,2,
1294,1,1,3,2,
1294,2,1,3,2,
1294,3,1,1,2,
1294,4,3,4,2,
1294,5,1,3,2,
1294,6,1,1,2,
1294,7,1,1,2,
1294,8,2,3,2,
1294,9,1,1,2,
1294,10,1,1,2,
1294,11,1,1,2,
1295,1,1,3,2,
1295,2,1,3,2,
1295,3,1,1,2,
1295,4,3,4,2,
1295,5,1,3,2,
1295,6,1,1,2,
1295,7,1,1,2,
1295,8,2,3,2,
1295,9,1,1,2,
1295,10,1,1,2,
1295,11,1,1,2,
1296,1,1,3,2,
1296,2,1,3,2,
1296,3,1,1,2,
1296,4,3,4,2,
1296,5,1,3,2,
1296,6,1,1,2,
1296,7,1,1,2,
1296,8,2,3,2,
1296,9,1,1,2,
1296,10,1,1,2,
1296,11,1,1,2,
1297,1,1,1,2,
1297,2,1,3,2,
1297,3,1,1,2,
1297,4,3,4,2,
1297,5,1,1,2,
1297,6,3,4,2,
1297,7,1,1,2,
1297,8,3,4,2,
1297,9,3,4,2,
1297,10,2,2,2,
1297,11,2,3,2,
1298,1,1,1,2,
1298,2,1,1,2,
1298,3,1,1,2,
1298,4,1,1,2,
1298,5,1,1,2,
1298,6,3,4,2,
1298,7,1,1,2,
1298,8,3,4,2,
1298,9,2,2,2,
1298,10,3,4,2,
1298,11,1,3,2,
1299,1,1,3,2,
1299,2,1,3,2,
1299,3,1,1,2,
1299,4,1,1,2,
1299,5,1,3,2,
1299,6,1,1,2,
1299,7,1,1,2,
1299,8,3,4,2,
1299,9,1,1,2,
1299,10,3,4,2,
1299,11,2,3,2,
1300,1,1,1,2,
1300,2,1,3,2,
1300,3,1,1,2,
1300,4,1,1,2,
1300,5,1,3,2,
1300,6,3,4,2,
1300,7,3,4,2,
1300,8,3,4,2,
1300,9,2,2,2,
1300,10,2,2,2,
1300,11,2,2,1,2
1301,1,1,1,2,
1301,2,1,3,2,
1301,3,1,1,2,
1301,4,1,1,2,
1301,5,1,3,2,
1301,6,1,1,2,
1301,7,1,1,2,
1301,8,3,4,2,
1301,9,3,4,2,
1301,10,3,4,2,
1301,11,2,3,2,
1302,1,1,1,2,
1302,2,1,3,2,
1302,3,1,1,2,
1302,4,3,4,2,
1302,5,1,3,2,
1302,6,3,4,2,
1302,7,1,1,2,
1302,8,3,4,2,
1302,9,1,1,2,
1302,10,1,1,2,
1302,11,2,2,2,
1303,1,1,1,2,
1303,2,1,3,2,
1303,3,1,1,2,
1303,4,1,1,2,
1303,5,1,3,2,
1303,6,1,1,2,
1303,7,1,1,2,
1303,8,3,4,2,
1303,9,2,2,2,
1303,10,3,4,2,
1303,11,2,3,2,
1304,1,1,1,2,
1304,2,1,3,2,
1304,3,1,1,2,
1304,4,1,1,2,
1304,5,1,3,2,
1304,6,3,4,2,
1304,7,1,1,2,
1304,8,3,4,2,
1304,9,2,2,2,
1304,10,3,4,2,
1304,11,3,4,2,
1305,1,1,1,2,
1305,2,1,3,2,
1305,3,1,1,2,
1305,4,3,4,2,
1305,5,1,3,2,
1305,6,3,4,2,
1305,7,1,1,2,
1305,8,3,4,2,
1305,9,3,4,2,
1305,10,3,4,2,
1305,11,2,3,2,
1306,1,1,3,2,
1306,2,1,3,2,
1306,3,1,3,2,
1306,4,1,3,2,
1306,5,1,3,2,
1306,6,3,4,2,
1306,7,1,3,2,
1306,8,3,4,2,
1306,9,1,3,2,
1306,10,2,3,2,
1306,11,1,3,2,
1307,1,1,3,2,
1307,2,1,3,2,
1307,3,1,3,2,
1307,4,1,3,2,
1307,5,1,3,2,
1307,6,1,3,2,
1307,7,3,4,2,
1307,8,3,4,2,
1307,9,2,3,2,
1307,10,3,4,2,
1307,11,1,3,2,
1308,1,1,3,2,
1308,2,1,3,2,
1308,3,1,3,2,
1308,4,1,3,2,
1308,5,1,3,2,
1308,6,3,4,2,
1308,7,3,4,2,
1308,8,3,4,2,
1308,9,2,3,2,
1308,10,3,4,2,
1308,11,1,3,2,
1309,1,1,3,2,
1309,2,1,3,2,
1309,3,1,3,2,
1309,4,1,3,2,
1309,5,1,3,2,
1309,6,1,3,2,
1309,7,1,3,2,
1309,8,3,4,2,
1309,9,3,4,2,
1309,10,3,4,2,
1309,11,1,3,2,
1310,1,1,3,2,
1310,2,1,3,2,
1310,3,1,3,2,
1310,4,1,3,2,
1310,5,1,3,2,
1310,6,3,4,2,
1310,7,3,4,2,
1310,8,3,4,2,
1310,9,3,4,2,
1310,10,3,4,2,
1310,11,1,3,2,
1311,1,1,3,2,
1311,2,1,3,2,
1311,3,1,3,2,
1311,4,1,3,2,
1311,5,1,3,2,
1311,6,1,3,2,
1311,7,3,4,2,
1311,8,3,4,2,
1311,9,3,4,2,
1311,10,3,4,2,
1311,11,1,3,2,
1312,1,1,1,2,
1312,2,1,1,2,
1312,3,1,3,2,
1312,4,1,3,2,
1312,5,1,3,2,
1312,6,3,4,2,
1312,7,3,4,2,
1312,8,3,4,2,
1312,9,3,4,2,
1312,10,1,3,2,
1312,11,1,3,2,
1313,1,1,3,2,
1313,2,1,3,2,
1313,3,1,3,2,
1313,4,1,3,2,
1313,5,1,3,2,
1313,6,3,4,2,
1313,7,3,4,2,
1313,8,3,4,2,
1313,9,2,3,2,
1313,10,1,3,2,
1313,11,1,3,2,
1314,1,1,3,2,
1314,2,1,3,2,
1314,3,1,3,2,
1314,4,1,3,2,
1314,5,1,3,2,
1314,6,3,4,2,
1314,7,1,3,2,
1314,8,3,4,2,
1314,9,2,3,2,
1314,10,3,4,2,
1314,11,1,3,2,
1315,1,1,3,2,
1315,2,1,3,2,
1315,3,1,3,2,
1315,4,1,3,2,
1315,5,1,3,2,
1315,6,1,3,2,
1315,7,1,3,2,
1315,8,3,4,2,
1315,9,1,3,2,
1315,10,1,3,2,
1315,11,1,3,2,
1316,1,1,3,2,
1316,2,1,3,2,
1316,3,1,3,2,
1316,4,1,3,2,
1316,5,1,3,2,
1316,6,1,3,2,
1316,7,1,3,2,
1316,8,3,4,2,
1316,9,1,3,2,
1316,10,1,3,2,
1316,11,1,3,2,
1317,1,1,3,2,
1317,2,1,3,2,
1317,3,1,3,2,
1317,4,1,3,2,
1317,5,1,3,2,
1317,6,1,3,2,
1317,7,1,3,2,
1317,8,3,4,2,
1317,9,1,3,2,
1317,10,1,3,2,
1317,11,1,3,2,
1318,1,1,3,2,
1318,2,1,3,2,
1318,3,1,3,2,
1318,4,1,3,2,
1318,5,1,3,2,
1318,6,1,3,2,
1318,7,1,3,2,
1318,8,3,4,2,
1318,9,1,1,2,
1318,10,1,1,2,
1318,11,1,1,2,
1319,1,1,3,2,
1319,2,1,3,2,
1319,3,1,3,2,
1319,4,1,3,2,
1319,5,1,3,2,
1319,6,1,3,2,
1319,7,1,3,2,
1319,8,3,4,2,
1319,9,1,3,2,
1319,10,1,3,2,
1319,11,1,3,2,
1320,1,1,3,2,
1320,2,1,3,2,
1320,3,1,3,2,
1320,4,1,3,2,
1320,5,1,3,2,
1320,6,1,3,2,
1320,7,1,3,2,
1320,8,3,4,2,
1320,9,1,3,2,
1320,10,1,3,2,
1320,11,1,3,2,
1321,1,1,3,2,
1321,2,1,3,2,
1321,3,1,3,2,
1321,4,1,3,2,
1321,5,1,3,2,
1321,6,1,3,2,
1321,7,1,3,2,
1321,8,3,4,2,
1321,9,1,3,2,
1321,10,1,3,2,
1321,11,1,3,2,
1322,1,1,3,2,
1322,2,1,3,2,
1322,3,1,3,2,
1322,4,1,3,2,
1322,5,1,3,2,
1322,6,1,3,2,
1322,7,1,3,2,
1322,8,3,4,2,
1322,9,1,3,2,
1322,10,1,3,2,
1322,11,1,3,2,
1323,1,1,3,2,
1323,2,1,3,2,
1323,3,1,3,2,
1323,4,1,3,2,
1323,5,1,3,2,
1323,6,1,3,2,
1323,7,1,3,2,
1323,8,3,4,2,
1323,9,1,3,2,
1323,10,1,3,2,
1323,11,1,3,2,
1324,1,1,3,2,
1324,2,1,3,2,
1324,3,1,3,2,
1324,4,1,3,2,
1324,5,1,3,2,
1324,6,1,3,2,
1324,7,1,4,2,
1324,8,3,4,2,
1324,9,3,4,2,
1324,10,3,4,2,
1324,11,2,3,2,
1325,1,1,3,2,
1325,2,1,3,2,
1325,3,1,3,2,
1325,4,3,4,2,
1325,5,2,3,2,
1325,6,1,3,2,
1325,7,3,4,2,
1325,8,3,4,2,
1325,9,3,4,2,
1325,10,3,4,2,
1325,11,2,3,2,
1326,1,1,3,2,
1326,2,1,3,2,
1326,3,1,3,2,
1326,4,1,3,2,
1326,5,1,3,2,
1326,6,1,1,2,
1326,7,3,4,2,
1326,8,3,4,2,
1326,9,2,4,1,2
1326,10,2,4,2,
1326,11,2,3,2,
1327,1,1,3,2,
1327,2,1,3,2,
1327,3,1,3,2,
1327,4,1,3,2,
1327,5,1,3,2,
1327,6,1,3,2,
1327,7,1,3,2,
1327,8,3,4,2,
1327,9,1,3,2,
1327,10,3,4,2,
1327,11,1,1,2,
1328,1,1,3,2,
1328,2,1,3,2,
1328,3,1,3,2,
1328,4,1,3,2,
1328,5,1,3,2,
1328,6,1,3,2,
1328,7,3,4,2,
1328,8,3,4,2,
1328,9,3,4,2,
1328,10,1,3,2,
1328,11,2,3,2,
1329,1,1,3,2,
1329,2,1,3,2,
1329,3,1,3,2,
1329,4,1,3,2,
1329,5,1,3,2,
1329,6,1,3,2,
1329,7,1,3,2,
1329,8,3,4,2,
1329,9,1,3,2,
1329,10,2,3,2,
1329,11,2,3,2,
1330,1,1,3,2,
1330,2,1,3,2,
1330,3,1,3,2,
1330,4,1,3,2,
1330,5,1,3,2,
1330,6,1,3,2,
1330,7,1,3,2,
1330,8,3,4,2,
1330,9,1,3,2,
1330,10,3,4,2,
1330,11,2,3,2,
1331,1,1,3,2,
1331,2,1,3,2,
1331,3,1,3,2,
1331,4,1,3,2,
1331,5,1,3,2,
1331,6,1,3,2,
1331,7,3,4,2,
1331,8,2,3,2,
1331,9,3,4,2,
1331,10,1,3,2,
1331,11,2,3,2,
1332,1,1,3,2,
1332,2,1,3,2,
1332,3,1,3,2,
1332,4,1,3,2,
1332,5,1,3,2,
1332,6,1,3,2,
1332,7,2,3,2,
1332,8,2,3,2,
1332,9,1,4,2,
1332,10,1,3,2,
1332,11,2,3,2,
1333,1,1,1,2,
1333,2,1,1,2,
1333,3,1,1,2,
1333,4,3,4,2,
1333,5,1,1,2,
1333,6,1,1,2,
1333,7,1,1,2,
1333,8,3,4,2,
1333,9,1,1,2,
1333,10,1,1,2,
1333,11,1,1,2,
1334,1,1,1,2,
1334,2,1,1,2,
1334,3,1,1,2,
1334,4,1,1,2,
1334,5,1,1,2,
1334,6,1,1,2,
1334,7,1,1,2,
1334,8,3,4,2,
1334,9,2,2,2,
1334,10,2,2,2,
1334,11,1,1,2,
1335,1,1,1,2,
1335,2,1,1,2,
1335,3,1,1,2,
1335,4,1,1,2,
1335,5,1,1,2,
1335,6,1,1,2,
1335,7,1,1,2,
1335,8,3,4,2,
1335,9,1,1,2,
1335,10,1,1,2,
1335,11,1,1,2,
1336,1,1,1,2,
1336,2,1,1,2,
1336,3,1,1,2,
1336,4,1,1,2,
1336,5,1,1,2,
1336,6,1,1,2,
1336,7,1,1,2,
1336,8,3,4,2,
1336,9,2,2,2,
1336,10,3,4,2,
1336,11,1,1,2,
1337,1,1,1,2,
1337,2,1,1,2,
1337,3,1,1,2,
1337,4,1,1,2,
1337,5,1,1,2,
1337,6,1,1,2,
1337,7,1,1,2,
1337,8,3,4,2,
1337,9,2,2,2,
1337,10,3,4,2,
1337,11,1,1,2,
1338,1,1,1,2,
1338,2,1,1,2,
1338,3,1,1,2,
1338,4,1,1,2,
1338,5,1,1,2,
1338,6,1,1,2,
1338,7,1,1,2,
1338,8,3,4,2,
1338,9,2,2,2,
1338,10,3,4,2,
1338,11,1,1,2,
1339,1,1,1,2,
1339,2,1,1,2,
1339,3,1,1,2,
1339,4,1,1,2,
1339,5,1,1,2,
1339,6,1,1,2,
1339,7,1,1,2,
1339,8,3,4,2,
1339,9,2,2,2,
1339,10,2,2,2,
1339,11,1,1,2,
1340,1,1,1,2,
1340,2,1,1,2,
1340,3,1,1,2,
1340,4,1,1,2,
1340,5,1,1,2,
1340,6,1,1,2,
1340,7,1,1,2,
1340,8,3,4,2,
1340,9,2,2,2,
1340,10,2,2,2,
1340,11,1,1,2,
1341,1,1,1,2,
1341,2,1,1,2,
1341,3,1,1,2,
1341,4,1,1,2,
1341,5,1,1,2,
1341,6,1,1,2,
1341,7,1,1,2,
1341,8,3,4,2,
1341,9,2,2,2,
1341,10,3,4,2,
1341,11,1,1,2,
1342,1,1,3,2,
1342,2,1,3,2,
1342,3,1,3,2,
1342,4,1,3,2,
1342,5,1,3,2,
1342,6,1,3,2,
1342,7,1,3,2,
1342,8,3,4,2,
1342,9,1,3,2,
1342,10,1,3,2,
1342,11,1,3,2,
1343,1,1,3,2,
1343,2,1,3,2,
1343,3,1,3,2,
1343,4,1,3,2,
1343,5,1,3,2,
1343,6,1,3,2,
1343,7,1,3,2,
1343,8,3,4,2,
1343,9,1,3,2,
1343,10,1,3,2,
1343,11,1,3,2,
1344,1,1,3,2,
1344,2,1,3,2,
1344,3,1,3,2,
1344,4,1,3,2,
1344,5,1,3,2,
1344,6,1,3,2,
1344,7,1,3,2,
1344,8,3,4,2,
1344,9,1,3,2,
1344,10,3,4,2,
1344,11,1,3,2,
1345,1,1,3,2,
1345,2,1,3,2,
1345,3,1,3,2,
1345,4,1,3,2,
1345,5,1,3,2,
1345,6,1,3,2,
1345,7,1,3,2,
1345,8,3,4,2,
1345,9,1,3,2,
1345,10,1,3,2,
1345,11,1,3,2,
1346,1,1,3,2,
1346,2,1,3,2,
1346,3,1,3,2,
1346,4,1,3,2,
1346,5,1,3,2,
1346,6,1,3,2,
1346,7,3,4,2,
1346,8,3,4,2,
1346,9,1,3,2,
1346,10,3,4,2,
1346,11,1,3,2,
1347,1,1,3,2,
1347,2,1,3,2,
1347,3,2,3,2,
1347,4,1,3,2,
1347,5,1,3,2,
1347,6,3,4,2,
1347,7,1,3,2,
1347,8,1,3,2,
1347,9,1,3,2,
1347,10,1,3,2,
1347,11,2,3,2,
1348,1,1,3,2,
1348,2,1,3,2,
1348,3,1,3,2,
1348,4,1,3,2,
1348,5,1,3,2,
1348,6,1,3,2,
1348,7,1,3,2,
1348,8,3,4,2,
1348,9,1,3,2,
1348,10,1,3,2,
1348,11,1,3,2,
1349,1,1,3,2,
1349,2,1,3,2,
1349,3,1,3,2,
1349,4,1,3,2,
1349,5,1,3,2,
1349,6,1,3,2,
1349,7,3,4,2,
1349,8,3,4,2,
1349,9,1,3,2,
1349,10,3,4,2,
1349,11,1,3,2,
1350,1,1,3,2,
1350,2,1,3,2,
1350,3,1,3,2,
1350,4,1,3,2,
1350,5,1,3,2,
1350,6,1,3,2,
1350,7,3,4,2,
1350,8,3,4,2,
1350,9,1,3,2,
1350,10,1,3,2,
1350,11,1,3,2,
1351,1,1,3,2,
1351,2,1,3,2,
1351,3,1,3,2,
1351,4,1,3,2,
1351,5,1,3,2,
1351,6,1,3,2,
1351,7,1,3,2,
1351,8,3,4,2,
1351,9,3,4,2,
1351,10,2,2,2,
1351,11,2,2,2,
1352,1,1,3,2,
1352,2,1,3,2,
1352,3,1,3,2,
1352,4,1,3,2,
1352,5,1,3,2,
1352,6,1,3,2,
1352,7,1,3,2,
1352,8,3,4,2,
1352,9,3,4,2,
1352,10,2,2,2,
1352,11,2,2,2,
1353,1,1,3,2,
1353,2,1,3,2,
1353,3,1,3,2,
1353,4,1,3,2,
1353,5,1,3,2,
1353,6,1,3,2,
1353,7,1,3,2,
1353,8,3,4,2,
1353,9,2,2,2,
1353,10,1,3,2,
1353,11,1,3,2,
1354,1,1,3,2,
1354,2,1,3,2,
1354,3,1,3,2,
1354,4,1,3,2,
1354,5,1,3,2,
1354,6,1,3,2,
1354,7,3,4,2,
1354,8,3,4,2,
1354,9,2,2,2,
1354,10,3,4,2,
1354,11,1,3,2,
1355,1,1,3,2,
1355,2,1,3,2,
1355,3,1,3,2,
1355,4,1,3,2,
1355,5,1,3,2,
1355,6,1,3,2,
1355,7,1,3,2,
1355,8,3,4,2,
1355,9,1,3,2,
1355,10,1,3,2,
1355,11,1,3,2,
1356,1,1,3,2,
1356,2,1,3,2,
1356,3,1,3,2,
1356,4,1,3,2,
1356,5,1,3,2,
1356,6,1,3,2,
1356,7,3,4,2,
1356,8,3,4,2,
1356,9,1,3,2,
1356,10,3,4,2,
1356,11,1,3,2,
1357,1,1,3,2,
1357,2,1,3,2,
1357,3,1,3,2,
1357,4,1,3,2,
1357,5,1,3,2,
1357,6,1,3,2,
1357,7,1,3,2,
1357,8,3,4,2,
1357,9,1,3,2,
1357,10,1,3,2,
1357,11,1,3,2,
1358,1,1,3,2,
1358,2,1,3,2,
1358,3,1,3,2,
1358,4,1,3,2,
1358,5,1,3,2,
1358,6,1,3,2,
1358,7,1,3,2,
1358,8,3,4,2,
1358,9,1,3,2,
1358,10,1,3,2,
1358,11,1,3,2,
1359,1,1,3,2,
1359,2,1,3,2,
1359,3,1,3,2,
1359,4,1,3,2,
1359,5,1,3,2,
1359,6,1,3,2,
1359,7,3,4,2,
1359,8,3,4,2,
1359,9,3,4,2,
1359,10,1,3,2,
1359,11,1,3,2,
1360,1,1,3,2,
1360,2,1,3,2,
1360,3,1,3,2,
1360,4,1,3,2,
1360,5,1,3,2,
1360,6,3,4,2,
1360,7,1,3,2,
1360,8,3,4,2,
1360,9,2,3,2,
1360,10,2,3,2,
1360,11,2,3,2,
1361,1,1,3,2,
1361,2,1,3,2,
1361,3,1,3,2,
1361,4,1,3,2,
1361,5,1,3,2,
1361,6,1,3,2,
1361,7,3,4,2,
1361,8,3,4,2,
1361,9,2,2,2,
1361,10,3,4,2,
1361,11,1,3,2,
1362,1,1,3,2,
1362,2,1,3,2,
1362,3,1,3,2,
1362,4,1,3,2,
1362,5,1,3,2,
1362,6,1,3,2,
1362,7,1,3,2,
1362,8,3,4,2,
1362,9,2,3,2,
1362,10,2,3,2,
1362,11,2,3,2,
1363,1,1,3,2,
1363,2,1,3,2,
1363,3,1,3,2,
1363,4,1,3,2,
1363,5,1,3,2,
1363,6,1,3,2,
1363,7,3,4,2,
1363,8,3,4,2,
1363,9,2,3,2,
1363,10,3,4,2,
1363,11,2,3,2,
1364,1,1,3,2,
1364,2,1,3,2,
1364,3,1,3,2,
1364,4,1,3,2,
1364,5,1,3,2,
1364,6,1,3,2,
1364,7,3,4,2,
1364,8,3,4,2,
1364,9,2,3,2,
1364,10,3,4,2,
1364,11,3,4,2,
1365,1,1,3,2,
1365,2,1,3,2,
1365,3,1,3,2,
1365,4,3,4,2,
1365,5,1,3,2,
1365,6,3,4,2,
1365,7,1,3,2,
1365,8,3,4,2,
1365,9,2,3,2,
1365,10,2,3,2,
1365,11,2,3,2,
1366,1,1,3,2,
1366,2,1,3,2,
1366,3,1,3,2,
1366,4,1,3,2,
1366,5,1,3,2,
1366,6,1,3,2,
1366,7,3,4,2,
1366,8,3,4,2,
1366,9,2,3,2,
1366,10,2,3,2,
1366,11,2,3,2,
1367,1,1,3,2,
1367,2,1,3,2,
1367,3,1,3,2,
1367,4,1,3,2,
1367,5,1,3,2,
1367,6,3,4,2,
1367,7,1,3,2,
1367,8,3,4,2,
1367,9,2,2,2,
1367,10,2,2,2,
1367,11,2,2,2,
1368,1,1,3,2,
1368,2,1,3,2,
1368,3,1,3,2,
1368,4,3,4,2,
1368,5,1,3,2,
1368,6,3,4,2,
1368,7,1,3,2,
1368,8,3,4,2,
1368,9,2,2,2,
1368,10,3,4,2,
1368,11,1,3,2,
1369,1,1,3,2,
1369,2,1,3,2,
1369,3,1,3,2,
1369,4,1,3,2,
1369,5,1,3,2,
1369,6,1,3,2,
1369,7,1,3,2,
1369,8,3,4,2,
1369,9,1,3,2,
1369,10,1,3,2,
1369,11,1,3,2,
1370,1,1,3,2,
1370,2,1,3,2,
1370,3,1,3,2,
1370,4,1,1,2,
1370,5,1,3,2,
1370,6,1,3,2,
1370,7,1,3,2,
1370,8,3,4,2,
1370,9,3,4,2,
1370,10,1,3,2,
1370,11,1,3,2,
1371,1,1,3,2,
1371,2,1,3,2,
1371,3,1,3,2,
1371,4,1,3,2,
1371,5,1,3,2,
1371,6,1,3,2,
1371,7,1,3,2,
1371,8,3,4,2,
1371,9,1,3,2,
1371,10,1,3,2,
1371,11,1,3,2,
1372,1,1,3,2,
1372,2,1,3,2,
1372,3,1,3,2,
1372,4,1,3,2,
1372,5,1,3,2,
1372,6,3,4,2,
1372,7,1,3,2,
1372,8,3,4,2,
1372,9,1,3,2,
1372,10,2,2,2,
1372,11,1,3,2,
1373,1,1,3,2,
1373,2,1,3,2,
1373,3,1,3,2,
1373,4,1,3,2,
1373,5,1,3,2,
1373,6,1,3,2,
1373,7,1,3,2,
1373,8,3,4,2,
1373,9,1,3,2,
1373,10,1,3,2,
1373,11,1,3,2,
1374,1,1,3,2,
1374,2,1,3,2,
1374,3,1,3,2,
1374,4,1,3,2,
1374,5,1,3,2,
1374,6,1,3,2,
1374,7,1,3,2,
1374,8,1,3,2,
1374,9,1,3,2,
1374,10,1,3,2,
1374,11,1,3,2,
1375,1,1,3,2,
1375,2,1,3,2,
1375,3,1,3,2,
1375,4,1,3,2,
1375,5,1,3,2,
1375,6,1,3,2,
1375,7,1,3,2,
1375,8,3,4,2,
1375,9,3,4,2,
1375,10,2,2,2,
1375,11,1,3,2,
1376,1,1,3,2,
1376,2,1,3,2,
1376,3,1,3,2,
1376,4,1,3,2,
1376,5,1,3,2,
1376,6,1,3,2,
1376,7,1,3,2,
1376,8,3,4,2,
1376,9,1,3,2,
1376,10,3,4,2,
1376,11,1,3,2,
1377,1,1,3,2,
1377,2,1,3,2,
1377,3,1,3,2,
1377,4,1,3,2,
1377,5,1,3,2,
1377,6,3,4,2,
1377,7,3,4,2,
1377,8,3,4,2,
1377,9,1,3,2,
1377,10,3,4,2,
1377,11,1,3,2,
1378,1,1,3,2,
1378,2,1,3,2,
1378,3,1,3,2,
1378,4,1,3,2,
1378,5,1,3,2,
1378,6,1,3,2,
1378,7,1,3,2,
1378,8,1,3,2,
1378,9,1,3,2,
1378,10,1,3,2,
1378,11,1,3,2,
1379,1,1,3,2,
1379,2,1,3,2,
1379,3,1,3,2,
1379,4,1,3,2,
1379,5,1,3,2,
1379,6,1,3,2,
1379,7,1,3,2,
1379,8,3,4,2,
1379,9,1,3,2,
1379,10,1,3,2,
1379,11,1,3,2,
1380,1,1,3,2,
1380,2,1,3,2,
1380,3,1,3,2,
1380,4,1,3,2,
1380,5,1,3,2,
1380,6,1,3,2,
1380,7,1,3,2,
1380,8,3,4,2,
1380,9,1,3,2,
1380,10,1,3,2,
1380,11,1,3,2,
1381,1,1,3,2,
1381,2,1,3,2,
1381,3,1,3,2,
1381,4,1,3,2,
1381,5,1,3,2,
1381,6,1,3,2,
1381,7,1,3,2,
1381,8,3,4,2,
1381,9,1,3,2,
1381,10,1,3,2,
1381,11,1,3,2,
1382,1,1,3,2,
1382,2,1,3,2,
1382,3,1,3,2,
1382,4,1,3,2,
1382,5,1,3,2,
1382,6,1,3,2,
1382,7,1,3,2,
1382,8,3,4,2,
1382,9,1,3,2,
1382,10,1,3,2,
1382,11,1,3,2,
1383,1,1,3,2,
1383,2,1,3,2,
1383,3,1,3,2,
1383,4,1,3,2,
1383,5,1,3,2,
1383,6,1,3,2,
1383,7,1,3,2,
1383,8,3,4,2,
1383,9,1,3,2,
1383,10,1,3,2,
1383,11,1,3,2,
1384,1,1,3,2,
1384,2,1,3,2,
1384,3,1,3,2,
1384,4,1,3,2,
1384,5,1,3,2,
1384,6,1,3,2,
1384,7,1,3,2,
1384,8,3,4,2,
1384,9,1,3,2,
1384,10,1,3,2,
1384,11,1,3,2,
1385,1,1,3,2,
1385,2,1,3,2,
1385,3,1,3,2,
1385,4,1,3,2,
1385,5,1,3,2,
1385,6,1,3,2,
1385,7,1,3,2,
1385,8,3,4,2,
1385,9,1,3,2,
1385,10,1,3,2,
1385,11,1,3,2,
1386,1,1,3,2,
1386,2,1,3,2,
1386,3,1,3,2,
1386,4,1,3,2,
1386,5,1,3,2,
1386,6,1,3,2,
1386,7,1,3,2,
1386,8,3,4,2,
1386,9,1,3,2,
1386,10,1,3,2,
1386,11,1,3,2,
1387,1,1,3,2,
1387,2,1,3,2,
1387,3,1,3,2,
1387,4,1,3,2,
1387,5,1,3,2,
1387,6,1,3,2,
1387,7,1,3,2,
1387,8,3,4,2,
1387,9,2,3,2,
1387,10,3,4,2,
1387,11,2,3,2,
1388,1,1,3,2,
1388,2,1,3,2,
1388,3,1,3,2,
1388,4,3,4,2,
1388,5,1,3,2,
1388,6,1,3,2,
1388,7,1,3,2,
1388,8,3,4,2,
1388,9,2,3,2,
1388,10,3,4,2,
1388,11,1,3,2,
1389,1,1,3,2,
1389,2,1,3,2,
1389,3,2,3,2,
1389,4,1,3,2,
1389,5,1,3,2,
1389,6,1,3,2,
1389,7,1,3,2,
1389,8,3,4,2,
1389,9,1,1,2,
1389,10,1,1,2,
1389,11,1,1,2,
1390,1,1,3,2,
1390,2,3,4,2,
1390,3,1,3,2,
1390,4,1,3,2,
1390,5,2,3,2,
1390,6,1,3,2,
1390,7,3,4,2,
1390,8,3,4,2,
1390,9,2,3,2,
1390,10,1,3,2,
1390,11,1,3,2,
1391,1,1,3,2,
1391,2,1,3,2,
1391,3,1,3,2,
1391,4,2,4,2,
1391,5,1,3,2,
1391,6,1,3,2,
1391,7,3,4,2,
1391,8,3,4,2,
1391,9,2,3,2,
1391,10,1,3,2,
1391,11,1,3,2,
1392,1,1,3,2,
1392,2,1,3,2,
1392,3,1,3,2,
1392,4,2,3,2,
1392,5,1,3,2,
1392,6,1,3,2,
1392,7,1,3,2,
1392,8,3,4,2,
1392,9,1,3,2,
1392,10,1,3,2,
1392,11,1,3,2,
1393,1,1,3,2,
1393,2,1,3,2,
1393,3,1,3,2,
1393,4,1,3,2,
1393,5,1,3,2,
1393,6,1,3,2,
1393,7,1,3,2,
1393,8,3,4,2,
1393,9,2,3,2,
1393,10,2,3,2,
1393,11,2,3,2,
1394,1,1,3,2,
1394,2,1,3,2,
1394,3,1,3,2,
1394,4,1,3,2,
1394,5,1,3,2,
1394,6,1,3,2,
1394,7,1,3,2,
1394,8,3,4,2,
1394,9,2,3,2,
1394,10,2,3,2,
1394,11,1,3,2,
1395,1,1,3,2,
1395,2,1,3,2,
1395,3,1,3,2,
1395,4,1,3,2,
1395,5,1,3,2,
1395,6,1,3,2,
1395,7,3,4,2,
1395,8,3,4,2,
1395,9,2,3,2,
1395,10,3,3,2,
1395,11,2,3,2,
1396,1,1,3,2,
1396,2,1,3,2,
1396,3,1,3,2,
1396,4,1,3,2,
1396,5,1,3,2,
1396,6,1,3,2,
1396,7,3,4,2,
1396,8,3,4,2,
1396,9,2,3,2,
1396,10,3,4,2,
1396,11,2,3,2,
1397,1,1,3,2,
1397,2,1,3,2,
1397,3,1,3,2,
1397,4,3,4,2,
1397,5,1,3,2,
1397,6,3,4,2,
1397,7,3,4,2,
1397,8,3,4,2,
1397,9,2,3,2,
1397,10,2,3,2,
1397,11,2,3,2,
1398,1,1,3,2,
1398,2,1,3,2,
1398,3,1,3,2,
1398,4,1,3,2,
1398,5,1,3,2,
1398,6,1,3,2,
1398,7,3,4,2,
1398,8,3,4,2,
1398,9,2,3,2,
1398,10,2,3,2,
1398,11,2,3,2,
1399,1,1,3,2,
1399,2,1,3,2,
1399,3,1,3,2,
1399,4,1,3,2,
1399,5,1,3,2,
1399,6,1,3,2,
1399,7,1,3,2,
1399,8,3,4,2,
1399,9,1,3,2,
1399,10,1,3,2,
1399,11,1,3,2,
1400,1,1,3,2,
1400,2,1,3,2,
1400,3,1,3,2,
1400,4,1,3,2,
1400,5,1,3,2,
1400,6,1,3,2,
1400,7,1,3,2,
1400,8,3,4,2,
1400,9,1,3,2,
1400,10,1,3,2,
1400,11,2,3,2,
1401,1,1,3,2,
1401,2,1,3,2,
1401,3,1,3,2,
1401,4,1,3,2,
1401,5,1,3,2,
1401,6,1,3,2,
1401,7,3,4,2,
1401,8,3,4,2,
1401,9,2,3,2,
1401,10,2,3,2,
1401,11,2,3,2,
1402,1,1,3,2,
1402,2,1,3,2,
1402,3,1,3,2,
1402,4,1,3,2,
1402,5,1,3,2,
1402,6,1,3,2,
1402,7,1,3,2,
1402,8,3,4,2,
1402,9,1,3,2,
1402,10,3,4,2,
1402,11,2,3,2,
1403,1,1,3,2,
1403,2,1,3,2,
1403,3,1,3,2,
1403,4,1,3,2,
1403,5,1,3,2,
1403,6,1,3,2,
1403,7,1,3,2,
1403,8,3,4,2,
1403,9,2,3,2,
1403,10,2,3,2,
1403,11,2,3,2,
1404,1,1,3,2,
1404,2,1,3,2,
1404,3,1,3,2,
1404,4,1,3,2,
1404,5,1,3,2,
1404,6,3,4,2,
1404,7,3,4,2,
1404,8,3,4,2,
1404,9,3,4,2,
1404,10,2,3,2,
1404,11,2,3,2,
1405,1,1,3,2,
1405,2,1,3,2,
1405,3,1,3,2,
1405,4,1,3,2,
1405,5,1,3,2,
1405,6,1,3,2,
1405,7,1,1,2,
1405,8,3,4,2,
1405,9,1,1,2,
1405,10,1,3,2,
1405,11,1,1,2,
1406,1,1,1,2,
1406,2,1,1,2,
1406,3,1,1,2,
1406,4,1,1,2,
1406,5,1,1,2,
1406,6,1,1,2,
1406,7,1,1,2,
1406,8,3,4,2,
1406,9,1,1,2,
1406,10,1,1,2,
1406,11,1,1,2,
1407,1,1,1,2,
1407,2,1,1,2,
1407,3,1,1,2,
1407,4,1,3,2,
1407,5,1,3,2,
1407,6,1,1,2,
1407,7,1,1,2,
1407,8,3,4,2,
1407,9,1,1,2,
1407,10,1,1,2,
1407,11,1,1,2,
1408,1,1,1,2,
1408,2,1,1,2,
1408,3,1,1,2,
1408,4,1,1,2,
1408,5,1,1,2,
1408,6,1,1,2,
1408,7,1,1,2,
1408,8,3,4,2,
1408,9,1,1,2,
1408,10,1,1,2,
1408,11,1,1,2,
1409,1,1,3,2,
1409,2,1,3,2,
1409,3,1,1,2,
1409,4,1,1,2,
1409,5,1,1,2,
1409,6,1,1,2,
1409,7,1,3,2,
1409,8,3,4,2,
1409,9,1,1,2,
1409,10,1,1,2,
1409,11,1,1,2,
1410,1,1,1,2,
1410,2,1,3,2,
1410,3,1,3,2,
1410,4,1,3,2,
1410,5,1,3,2,
1410,6,1,1,2,
1410,7,1,1,2,
1410,8,3,4,2,
1410,9,1,1,2,
1410,10,1,1,2,
1410,11,1,1,2,
1411,1,1,3,2,
1411,2,1,3,2,
1411,3,1,3,2,
1411,4,1,3,2,
1411,5,1,3,2,
1411,6,1,3,2,
1411,7,1,3,2,
1411,8,3,4,2,
1411,9,1,3,2,
1411,10,1,3,2,
1411,11,1,3,2,
1412,1,1,1,2,
1412,2,1,3,2,
1412,3,1,1,2,
1412,4,1,3,2,
1412,5,1,3,2,
1412,6,1,1,2,
1412,7,1,1,2,
1412,8,3,4,2,
1412,9,1,3,2,
1412,10,1,3,2,
1412,11,1,1,2,
1413,1,1,1,2,
1413,2,1,3,2,
1413,3,1,1,2,
1413,4,1,3,2,
1413,5,1,1,2,
1413,6,1,1,2,
1413,7,1,1,2,
1413,8,3,4,2,
1413,9,1,1,2,
1413,10,1,1,2,
1413,11,1,1,2,
1414,1,1,3,2,
1414,2,3,4,2,
1414,3,3,4,2,
1414,4,3,4,2,
1414,5,2,3,2,
1414,6,2,3,2,
1414,7,2,1,2,
1414,8,2,3,2,
1414,9,1,3,2,
1414,10,1,3,2,
1414,11,2,2,2,
1415,1,1,3,2,
1415,2,3,4,2,
1415,3,3,4,2,
1415,4,3,4,2,
1415,5,1,3,2,
1415,6,2,3,2,
1415,7,2,1,2,
1415,8,2,3,2,
1415,9,2,3,2,
1415,10,2,3,2,
1415,11,2,3,1,2
1416,1,1,3,2,
1416,2,3,4,2,
1416,3,3,4,1,2
1416,4,3,4,1,2
1416,5,1,1,2,
1416,6,2,1,2,
1416,7,2,1,2,
1416,8,2,2,1,2
1416,9,1,3,2,
1416,10,2,2,2,
1416,11,2,3,1,2
1417,1,1,3,2,
1417,2,3,4,2,
1417,3,3,4,2,
1417,4,3,4,2,
1417,5,2,3,2,
1417,6,2,3,2,
1417,7,2,1,2,
1417,8,2,2,1,2
1417,9,2,3,2,
1417,10,2,3,2,
1417,11,2,3,1,2
1418,1,1,3,2,
1418,2,3,4,2,
1418,3,3,4,2,
1418,4,3,4,2,
1418,5,2,3,2,
1418,6,2,3,2,
1418,7,1,1,2,
1418,8,2,2,2,
1418,9,2,2,2,
1418,10,2,2,2,
1418,11,2,3,2,
1419,1,1,3,2,
1419,2,3,4,2,
1419,3,3,4,2,
1419,4,3,4,2,
1419,5,1,3,2,
1419,6,1,1,2,
1419,7,1,1,2,
1419,8,2,2,2,
1419,9,2,3,2,
1419,10,2,3,2,
1419,11,2,3,2,
1420,1,1,3,2,
1420,2,3,4,2,
1420,3,3,4,2,
1420,4,3,4,2,
1420,5,1,1,2,
1420,6,1,3,2,
1420,7,1,1,2,
1420,8,2,3,2,
1420,9,2,3,2,
1420,10,1,1,2,
1420,11,2,3,2,
1421,1,1,3,2,
1421,2,3,4,2,
1421,3,3,4,2,
1421,4,3,4,2,
1421,5,1,1,2,
1421,6,2,3,2,
1421,7,2,3,2,
1421,8,3,4,2,
1421,9,1,1,2,
1421,10,2,3,2,
1421,11,2,3,2,
1422,1,1,3,2,
1422,2,3,4,2,
1422,3,3,4,2,
1422,4,3,4,2,
1422,5,2,3,2,
1422,6,2,3,2,
1422,7,2,1,2,
1422,8,2,2,2,
1422,9,2,3,2,
1422,10,2,3,2,
1422,11,2,2,2,
1423,1,2,3,2,
1423,2,1,3,2,
1423,3,2,3,2,
1423,4,1,3,2,
1423,5,1,3,2,
1423,6,3,4,2,
1423,7,1,3,2,
1423,8,3,4,2,
1423,9,1,3,2,
1423,10,3,4,2,
1423,11,1,3,2,
1424,1,2,3,2,
1424,2,1,3,2,
1424,3,1,3,2,
1424,4,3,4,2,
1424,5,1,3,2,
1424,6,3,4,2,
1424,7,1,3,2,
1424,8,3,4,2,
1424,9,3,4,2,
1424,10,3,4,2,
1424,11,1,3,2,
1425,1,2,3,2,
1425,2,1,3,2,
1425,3,1,3,2,
1425,4,3,4,2,
1425,5,1,3,2,
1425,6,3,4,2,
1425,7,3,4,2,
1425,8,3,4,2,
1425,9,3,4,2,
1425,10,3,4,2,
1425,11,1,3,2,
1426,1,2,3,2,
1426,2,1,3,2,
1426,3,1,3,2,
1426,4,3,4,2,
1426,5,1,3,2,
1426,6,3,4,2,
1426,7,3,4,2,
1426,8,3,4,2,
1426,9,3,4,2,
1426,10,1,3,2,
1426,11,1,3,2,
1427,1,1,3,2,
1427,2,1,3,2,
1427,3,1,3,2,
1427,4,2,3,2,
1427,5,1,3,2,
1427,6,3,4,2,
1427,7,1,3,2,
1427,8,3,4,2,
1427,9,3,4,2,
1427,10,3,4,2,
1427,11,1,3,2,
1428,1,1,3,2,
1428,2,1,3,2,
1428,3,1,3,2,
1428,4,1,3,2,
1428,5,1,3,2,
1428,6,1,3,2,
1428,7,3,4,2,
1428,8,3,4,2,
1428,9,3,4,2,
1428,10,3,4,2,
1428,11,3,4,2,
1429,1,1,3,2,
1429,2,1,3,2,
1429,3,1,3,2,
1429,4,3,4,2,
1429,5,1,3,2,
1429,6,3,4,2,
1429,7,1,3,2,
1429,8,3,4,2,
1429,9,1,3,2,
1429,10,3,4,2,
1429,11,1,3,2,
1430,1,1,3,2,
1430,2,1,3,2,
1430,3,1,3,2,
1430,4,1,3,2,
1430,5,1,3,2,
1430,6,3,4,2,
1430,7,3,4,2,
1430,8,3,4,2,
1430,9,3,4,2,
1430,10,3,4,2,
1430,11,1,3,2,
1431,1,1,3,2,
1431,2,1,3,2,
1431,3,1,3,2,
1431,4,1,3,2,
1431,5,1,3,2,
1431,6,3,4,2,
1431,7,3,4,2,
1431,8,3,4,2,
1431,9,3,4,2,
1431,10,3,4,2,
1431,11,1,3,2,
1432,1,2,3,2,
1432,2,3,4,2,
1432,3,1,3,2,
1432,4,3,4,2,
1432,5,1,3,2,
1432,6,3,4,2,
1432,7,3,4,2,
1432,8,2,3,2,
1432,9,1,3,2,
1432,10,3,4,2,
1432,11,3,4,2,
1433,1,2,3,2,
1433,2,3,4,2,
1433,3,2,3,2,
1433,4,3,4,2,
1433,5,1,3,2,
1433,6,3,4,2,
1433,7,1,3,2,
1433,8,2,3,2,
1433,9,3,4,2,
1433,10,3,4,2,
1433,11,1,3,2,
1434,1,2,3,2,
1434,2,3,4,2,
1434,3,1,3,2,
1434,4,3,4,2,
1434,5,1,3,2,
1434,6,3,4,2,
1434,7,1,3,2,
1434,8,2,3,2,
1434,9,1,3,2,
1434,10,1,3,2,
1434,11,1,3,2,
1435,1,2,3,2,
1435,2,3,4,2,
1435,3,2,3,2,
1435,4,3,4,2,
1435,5,1,3,2,
1435,6,3,4,2,
1435,7,3,4,2,
1435,8,2,3,2,
1435,9,3,4,2,
1435,10,1,3,2,
1435,11,1,3,2,
1436,1,2,3,2,
1436,2,3,4,2,
1436,3,2,3,2,
1436,4,3,4,2,
1436,5,1,3,2,
1436,6,3,4,2,
1436,7,3,4,2,
1436,8,2,3,2,
1436,9,3,4,2,
1436,10,3,4,2,
1436,11,1,3,2,
1437,1,2,3,2,
1437,2,3,4,2,
1437,3,1,3,2,
1437,4,3,4,2,
1437,5,1,3,2,
1437,6,3,4,2,
1437,7,1,3,2,
1437,8,2,3,2,
1437,9,3,4,2,
1437,10,1,3,2,
1437,11,1,3,2,
1438,1,2,3,2,
1438,2,3,4,2,
1438,3,2,3,2,
1438,4,3,4,2,
1438,5,1,3,2,
1438,6,3,4,2,
1438,7,3,4,2,
1438,8,2,3,2,
1438,9,3,4,2,
1438,10,3,4,2,
1438,11,1,3,2,
1439,1,2,3,2,
1439,2,3,4,2,
1439,3,2,3,2,
1439,4,3,4,2,
1439,5,1,3,2,
1439,6,3,4,2,
1439,7,3,4,2,
1439,8,2,3,2,
1439,9,1,3,2,
1439,10,3,4,2,
1439,11,3,4,2,
1440,1,2,3,2,
1440,2,3,4,2,
1440,3,2,3,2,
1440,4,3,4,2,
1440,5,1,3,2,
1440,6,3,4,2,
1440,7,1,3,2,
1440,8,2,3,2,
1440,9,1,3,2,
1440,10,3,4,2,
1440,11,1,3,2,
1441,1,3,4,2,
1441,2,3,4,2,
1441,3,3,4,2,
1441,4,3,4,2,
1441,5,3,4,2,
1441,6,3,4,2,
1441,7,3,4,2,
1441,8,3,4,2,
1441,9,1,3,2,
1441,10,3,4,2,
1441,11,3,4,2,
1442,1,1,3,2,
1442,2,1,3,2,
1442,3,1,3,2,
1442,4,3,4,2,
1442,5,1,3,2,
1442,6,1,3,2,
1442,7,1,3,2,
1442,8,2,3,2,
1442,9,1,3,2,
1442,10,3,4,2,
1442,11,1,3,2,
1443,1,1,3,2,
1443,2,1,3,2,
1443,3,1,3,2,
1443,4,3,4,2,
1443,5,1,3,2,
1443,6,1,3,2,
1443,7,1,3,2,
1443,8,2,3,2,
1443,9,1,3,2,
1443,10,2,3,2,
1443,11,1,3,2,
1444,1,1,1,2,
1444,2,1,3,2,
1444,3,1,3,2,
1444,4,3,4,2,
1444,5,1,3,2,
1444,6,1,3,2,
1444,7,1,3,2,
1444,8,2,3,2,
1444,9,1,3,2,
1444,10,2,3,2,
1444,11,1,3,2,
1445,1,1,3,2,
1445,2,1,3,2,
1445,3,1,3,2,
1445,4,3,4,2,
1445,5,1,3,2,
1445,6,1,3,2,
1445,7,1,3,2,
1445,8,2,3,2,
1445,9,1,3,2,
1445,10,2,3,2,
1445,11,1,3,2,
1446,1,2,3,2,
1446,2,2,3,2,
1446,3,1,3,2,
1446,4,3,4,2,
1446,5,1,3,2,
1446,6,1,3,2,
1446,7,1,3,2,
1446,8,3,4,2,
1446,9,1,3,2,
1446,10,3,4,2,
1446,11,1,3,2,
1447,1,1,1,2,
1447,2,3,4,2,
1447,3,1,3,2,
1447,4,3,4,2,
1447,5,1,3,2,
1447,6,1,3,2,
1447,7,1,3,2,
1447,8,2,3,2,
1447,9,1,3,2,
1447,10,3,4,2,
1447,11,1,3,2,
1448,1,1,1,2,
1448,2,2,3,2,
1448,3,1,3,2,
1448,4,3,4,2,
1448,5,1,3,2,
1448,6,1,3,2,
1448,7,1,3,2,
1448,8,2,3,2,
1448,9,1,3,2,
1448,10,2,3,2,
1448,11,1,3,2,
1449,1,1,1,2,
1449,2,2,3,2,
1449,3,1,1,2,
1449,4,3,4,2,
1449,5,1,1,2,
1449,6,1,3,2,
1449,7,1,3,2,
1449,8,3,4,2,
1449,9,1,3,2,
1449,10,1,3,2,
1449,11,1,3,2,
1450,1,1,1,2,
1450,2,1,1,2,
1450,3,1,1,2,
1450,4,3,4,2,
1450,5,1,1,2,
1450,6,1,1,2,
1450,7,1,1,2,
1450,8,3,4,2,
1450,9,2,3,2,
1450,10,1,1,2,
1450,11,1,1,2,
1451,1,1,1,2,
1451,2,1,1,2,
1451,3,1,1,2,
1451,4,3,4,2,
1451,5,1,1,2,
1451,6,1,1,2,
1451,7,1,1,2,
1451,8,3,4,2,
1451,9,1,1,2,
1451,10,3,4,2,
1451,11,1,1,2,
1452,1,1,1,2,
1452,2,1,1,2,
1452,3,1,1,2,
1452,4,3,4,2,
1452,5,1,1,2,
1452,6,3,4,2,
1452,7,1,1,2,
1452,8,3,4,2,
1452,9,2,3,2,
1452,10,3,4,2,
1452,11,1,1,2,
1453,1,1,1,2,
1453,2,1,1,2,
1453,3,1,1,2,
1453,4,3,4,2,
1453,5,1,1,2,
1453,6,1,1,2,
1453,7,1,1,2,
1453,8,3,4,2,
1453,9,1,1,2,
1453,10,1,1,2,
1453,11,1,1,2,
1454,1,1,1,2,
1454,2,1,1,2,
1454,3,1,1,2,
1454,4,3,4,2,
1454,5,1,1,2,
1454,6,1,1,2,
1454,7,1,1,2,
1454,8,3,4,2,
1454,9,1,1,2,
1454,10,1,1,2,
1454,11,1,1,2,
1455,1,1,1,2,
1455,2,1,1,2,
1455,3,1,1,2,
1455,4,3,4,2,
1455,5,1,1,2,
1455,6,1,1,2,
1455,7,3,4,2,
1455,8,3,4,2,
1455,9,1,1,2,
1455,10,3,4,2,
1455,11,1,1,2,
1456,1,1,1,2,
1456,2,1,1,2,
1456,3,1,1,2,
1456,4,2,3,2,
1456,5,1,1,2,
1456,6,1,1,2,
1456,7,1,1,2,
1456,8,3,4,2,
1456,9,2,3,2,
1456,10,1,1,2,
1456,11,1,1,2,
1457,1,1,1,2,
1457,2,1,1,2,
1457,3,1,1,2,
1457,4,3,3,2,
1457,5,1,1,2,
1457,6,1,1,2,
1457,7,1,1,2,
1457,8,3,4,2,
1457,9,2,3,2,
1457,10,3,4,2,
1457,11,1,1,2,
1458,1,2,3,2,
1458,2,1,1,2,
1458,3,1,1,2,
1458,4,3,4,2,
1458,5,1,1,2,
1458,6,1,1,2,
1458,7,1,1,2,
1458,8,3,4,2,
1458,9,2,3,2,
1458,10,3,4,2,
1458,11,1,1,2,
1459,1,1,3,2,
1459,2,1,3,2,
1459,3,1,3,2,
1459,4,1,3,1,1
1459,5,1,3,2,
1459,6,3,4,2,
1459,7,3,4,2,
1459,8,3,4,2,
1459,9,2,3,2,
1459,10,3,4,2,
1459,11,3,4,2,
1460,1,1,1,2,
1460,2,1,3,1,1
1460,3,2,3,2,
1460,4,1,3,2,
1460,5,1,3,2,
1460,6,3,4,2,
1460,7,2,3,2,
1460,8,3,4,2,
1460,9,2,3,2,
1460,10,3,4,2,
1460,11,3,4,2,
1461,1,1,3,2,
1461,2,1,3,2,
1461,3,2,3,2,
1461,4,1,3,2,
1461,5,1,3,2,
1461,6,3,4,2,
1461,7,2,2,2,
1461,8,3,4,2,
1461,9,2,3,2,
1461,10,3,4,2,
1461,11,2,2,2,
1462,1,1,1,2,
1462,2,1,3,2,
1462,3,2,3,1,2
1462,4,1,3,1,1
1462,5,1,3,2,
1462,6,3,4,2,
1462,7,2,2,2,
1462,8,3,4,2,
1462,9,2,2,2,
1462,10,3,4,2,
1462,11,2,3,2,
1463,1,1,3,2,
1463,2,1,3,2,
1463,3,1,3,2,
1463,4,3,4,2,
1463,5,1,3,2,
1463,6,3,4,2,
1463,7,3,4,2,
1463,8,3,4,2,
1463,9,2,3,2,
1463,10,3,4,2,
1463,11,2,3,2,
1464,1,1,3,2,
1464,2,2,3,1,1
1464,3,1,3,2,
1464,4,1,3,2,
1464,5,1,3,1,1
1464,6,3,4,2,
1464,7,2,2,2,
1464,8,3,4,2,
1464,9,1,3,2,
1464,10,3,4,2,
1464,11,3,4,2,
1465,1,1,1,2,
1465,2,1,3,1,1
1465,3,2,3,2,
1465,4,1,3,2,
1465,5,1,3,2,
1465,6,3,4,2,
1465,7,1,3,2,
1465,8,3,4,2,
1465,9,2,3,2,
1465,10,3,4,2,
1465,11,3,4,2,
1466,1,1,3,2,
1466,2,1,3,2,
1466,3,2,3,2,
1466,4,1,3,1,1
1466,5,1,3,1,1
1466,6,3,4,2,
1466,7,2,3,2,
1466,8,3,4,2,
1466,9,2,2,2,
1466,10,3,4,2,
1466,11,3,4,2,
1467,1,1,3,2,
1467,2,1,3,1,1
1467,3,1,3,2,
1467,4,1,3,1,1
1467,5,1,3,1,1
1467,6,1,1,2,
1467,7,1,3,2,
1467,8,3,4,2,
1467,9,2,3,2,
1467,10,2,2,2,
1467,11,2,2,2,
1468,1,1,1,2,
1468,2,3,4,2,
1468,3,1,1,2,
1468,4,3,4,2,
1468,5,1,3,2,
1468,6,3,4,2,
1468,7,3,4,2,
1468,8,1,1,2,
1468,9,3,4,2,
1468,10,3,4,2,
1468,11,3,4,2,
1469,1,1,3,2,
1469,2,3,4,2,
1469,3,1,3,2,
1469,4,3,4,2,
1469,5,1,3,2,
1469,6,3,4,2,
1469,7,3,4,2,
1469,8,1,3,2,
1469,9,1,3,2,
1469,10,1,3,2,
1469,11,1,3,2,
1470,1,1,3,2,
1470,2,3,4,2,
1470,3,1,3,2,
1470,4,3,4,2,
1470,5,1,3,2,
1470,6,3,4,2,
1470,7,1,3,2,
1470,8,1,3,2,
1470,9,1,3,2,
1470,10,1,3,2,
1470,11,1,3,2,
1471,1,1,3,2,
1471,2,3,4,2,
1471,3,1,3,2,
1471,4,3,4,2,
1471,5,1,3,2,
1471,6,3,4,2,
1471,7,1,3,2,
1471,8,1,3,2,
1471,9,1,3,2,
1471,10,3,4,2,
1471,11,1,3,2,
1472,1,1,3,2,
1472,2,3,4,2,
1472,3,1,3,2,
1472,4,3,4,2,
1472,5,1,3,2,
1472,6,3,4,2,
1472,7,3,4,2,
1472,8,1,3,2,
1472,9,2,3,2,
1472,10,1,3,2,
1472,11,1,3,2,
1473,1,1,3,2,
1473,2,3,4,2,
1473,3,1,3,2,
1473,4,3,4,2,
1473,5,1,3,2,
1473,6,3,4,2,
1473,7,1,3,2,
1473,8,1,3,2,
1473,9,1,3,2,
1473,10,3,4,2,
1473,11,1,3,2,
1474,1,1,3,2,
1474,2,3,4,2,
1474,3,1,3,2,
1474,4,3,4,2,
1474,5,1,3,2,
1474,6,3,4,2,
1474,7,1,3,2,
1474,8,3,4,2,
1474,9,2,3,2,
1474,10,3,4,2,
1474,11,1,3,2,
1475,1,1,3,2,
1475,2,3,4,2,
1475,3,1,3,2,
1475,4,3,4,2,
1475,5,1,3,2,
1475,6,3,4,2,
1475,7,1,3,2,
1475,8,3,4,2,
1475,9,1,3,2,
1475,10,3,4,2,
1475,11,1,3,2,
1476,1,1,3,2,
1476,2,3,4,2,
1476,3,1,3,2,
1476,4,3,4,2,
1476,5,1,3,2,
1476,6,3,4,2,
1476,7,3,4,2,
1476,8,1,3,2,
1476,9,2,3,2,
1476,10,3,4,2,
1476,11,1,3,2,
1477,1,1,1,2,
1477,2,1,1,2,
1477,3,1,1,2,
1477,4,1,1,2,
1477,5,1,1,2,
1477,6,1,1,2,
1477,7,1,1,2,
1477,8,1,1,2,
1477,9,1,1,2,
1477,10,1,1,2,
1477,11,1,1,2,
1478,1,1,1,2,
1478,2,1,1,2,
1478,3,1,1,2,
1478,4,1,1,2,
1478,5,1,1,2,
1478,6,1,1,2,
1478,7,1,1,2,
1478,8,3,4,2,
1478,9,1,1,2,
1478,10,1,1,2,
1478,11,1,1,2,
1479,1,1,1,2,
1479,2,1,1,2,
1479,3,1,1,2,
1479,4,1,1,2,
1479,5,1,1,2,
1479,6,1,1,2,
1479,7,1,1,2,
1479,8,3,4,2,
1479,9,1,1,2,
1479,10,3,4,2,
1479,11,1,1,2,
1480,1,1,1,2,
1480,2,1,1,2,
1480,3,1,1,2,
1480,4,1,1,2,
1480,5,1,1,2,
1480,6,1,1,2,
1480,7,1,1,2,
1480,8,2,4,2,
1480,9,1,1,2,
1480,10,1,1,2,
1480,11,1,1,2,
1481,1,1,1,2,
1481,2,1,1,2,
1481,3,1,1,2,
1481,4,3,4,2,
1481,5,1,1,2,
1481,6,1,1,2,
1481,7,1,1,2,
1481,8,3,4,2,
1481,9,1,1,2,
1481,10,1,1,2,
1481,11,1,1,2,
1482,1,1,1,2,
1482,2,1,1,2,
1482,3,1,1,2,
1482,4,1,1,2,
1482,5,1,1,2,
1482,6,1,1,2,
1482,7,1,1,2,
1482,8,3,4,2,
1482,9,1,1,2,
1482,10,1,1,2,
1482,11,1,1,2,
1483,1,1,1,2,
1483,2,1,1,2,
1483,3,1,1,2,
1483,4,1,1,2,
1483,5,1,1,2,
1483,6,1,1,2,
1483,7,1,1,2,
1483,8,1,1,2,
1483,9,1,1,2,
1483,10,1,1,2,
1483,11,1,1,2,
1484,1,1,1,2,
1484,2,1,1,2,
1484,3,1,1,2,
1484,4,1,1,2,
1484,5,1,1,2,
1484,6,1,1,2,
1484,7,1,1,2,
1484,8,3,4,2,
1484,9,1,1,2,
1484,10,1,1,2,
1484,11,1,1,2,
1485,1,1,1,2,
1485,2,1,1,2,
1485,3,1,1,2,
1485,4,1,1,2,
1485,5,1,1,2,
1485,6,1,1,2,
1485,7,1,1,2,
1485,8,3,4,2,
1485,9,1,1,2,
1485,10,1,1,2,
1485,11,1,1,2,
1486,1,2,3,2,
1486,2,3,4,2,
1486,3,1,3,2,
1486,4,3,4,2,
1486,5,1,3,2,
1486,6,1,3,2,
1486,7,1,3,2,
1486,8,1,3,2,
1486,9,1,3,2,
1486,10,1,3,2,
1486,11,1,3,2,
1487,1,2,3,2,
1487,2,3,4,2,
1487,3,1,3,2,
1487,4,3,4,2,
1487,5,1,3,2,
1487,6,1,3,2,
1487,7,1,3,2,
1487,8,1,3,2,
1487,9,1,3,2,
1487,10,1,3,2,
1487,11,1,3,2,
1488,1,2,3,2,
1488,2,3,4,2,
1488,3,1,3,2,
1488,4,3,4,2,
1488,5,1,3,2,
1488,6,1,3,2,
1488,7,1,3,2,
1488,8,1,3,2,
1488,9,1,3,2,
1488,10,1,3,2,
1488,11,1,3,2,
1489,1,1,3,2,
1489,2,3,4,2,
1489,3,1,3,2,
1489,4,3,4,2,
1489,5,1,3,2,
1489,6,1,3,2,
1489,7,1,3,2,
1489,8,1,3,2,
1489,9,1,3,2,
1489,10,1,3,2,
1489,11,1,3,2,
1490,1,2,3,2,
1490,2,3,4,2,
1490,3,1,3,2,
1490,4,3,4,2,
1490,5,1,3,2,
1490,6,1,3,2,
1490,7,1,3,2,
1490,8,1,3,2,
1490,9,1,3,2,
1490,10,1,3,2,
1490,11,1,3,2,
1491,1,2,3,2,
1491,2,3,4,2,
1491,3,1,3,2,
1491,4,3,4,2,
1491,5,1,3,2,
1491,6,1,3,2,
1491,7,1,3,2,
1491,8,1,3,2,
1491,9,1,3,2,
1491,10,1,3,2,
1491,11,1,3,2,
1492,1,2,3,2,
1492,2,3,4,2,
1492,3,1,3,2,
1492,4,3,4,2,
1492,5,1,3,2,
1492,6,1,3,2,
1492,7,1,3,2,
1492,8,1,3,2,
1492,9,1,3,2,
1492,10,1,3,2,
1492,11,1,3,2,
1493,1,2,3,2,
1493,2,3,4,2,
1493,3,1,3,2,
1493,4,3,4,2,
1493,5,1,3,2,
1493,6,1,3,2,
1493,7,1,3,2,
1493,8,1,3,2,
1493,9,1,3,2,
1493,10,1,3,2,
1493,11,1,3,2,
1494,1,2,3,2,
1494,2,3,4,2,
1494,3,1,3,2,
1494,4,3,4,2,
1494,5,1,3,2,
1494,6,1,3,2,
1494,7,1,3,2,
1494,8,1,3,2,
1494,9,1,3,2,
1494,10,1,3,2,
1494,11,1,3,2,
1495,1,2,3,2,
1495,2,3,4,2,
1495,3,3,4,2,
1495,4,3,4,2,
1495,5,1,3,2,
1495,6,3,4,2,
1495,7,3,4,2,
1495,8,3,4,2,
1495,9,3,4,2,
1495,10,1,3,2,
1495,11,1,3,2,
1496,1,2,3,2,
1496,2,3,4,2,
1496,3,3,4,2,
1496,4,3,4,2,
1496,5,1,3,2,
1496,6,3,4,2,
1496,7,1,3,2,
1496,8,3,4,2,
1496,9,3,4,2,
1496,10,3,4,2,
1496,11,3,4,2,
1497,1,1,3,2,
1497,2,3,4,2,
1497,3,3,4,2,
1497,4,3,4,2,
1497,5,1,3,2,
1497,6,3,4,2,
1497,7,3,4,2,
1497,8,3,4,2,
1497,9,3,4,2,
1497,10,3,4,2,
1497,11,1,3,2,
1498,1,2,3,2,
1498,2,3,4,2,
1498,3,3,4,2,
1498,4,3,4,2,
1498,5,1,3,2,
1498,6,3,4,2,
1498,7,3,4,2,
1498,8,1,3,2,
1498,9,3,4,2,
1498,10,2,3,2,
1498,11,1,3,2,
1499,1,2,3,2,
1499,2,3,4,2,
1499,3,3,4,2,
1499,4,3,4,2,
1499,5,1,3,2,
1499,6,1,3,2,
1499,7,3,4,2,
1499,8,2,3,2,
1499,9,1,3,2,
1499,10,3,4,2,
1499,11,1,3,2,
1500,1,2,3,2,
1500,2,3,4,2,
1500,3,3,4,2,
1500,4,3,4,2,
1500,5,1,3,2,
1500,6,3,4,2,
1500,7,3,4,2,
1500,8,3,4,2,
1500,9,3,4,2,
1500,10,3,4,2,
1500,11,3,4,2,
1501,1,2,3,2,
1501,2,3,4,2,
1501,3,3,4,2,
1501,4,3,4,2,
1501,5,1,3,2,
1501,6,3,4,2,
1501,7,3,4,2,
1501,8,3,4,2,
1501,9,1,3,2,
1501,10,3,4,2,
1501,11,1,3,2,
1502,1,2,3,2,
1502,2,3,4,2,
1502,3,3,4,2,
1502,4,3,4,2,
1502,5,1,3,2,
1502,6,1,3,2,
1502,7,3,4,2,
1502,8,3,4,2,
1502,9,3,4,2,
1502,10,1,3,2,
1502,11,1,3,2,
1503,1,2,3,2,
1503,2,3,4,2,
1503,3,3,4,2,
1503,4,3,4,2,
1503,5,1,3,2,
1503,6,1,3,2,
1503,7,3,4,2,
1503,8,3,4,2,
1503,9,2,3,2,
1503,10,3,4,2,
1503,11,3,4,2,
1504,1,1,3,2,
1504,2,1,3,2,
1504,3,1,3,2,
1504,4,1,3,2,
1504,5,1,3,2,
1504,6,1,3,2,
1504,7,1,3,2,
1504,8,1,3,2,
1504,9,1,3,2,
1504,10,1,3,2,
1504,11,1,3,2,
1505,1,3,4,2,
1505,2,3,4,2,
1505,3,3,4,2,
1505,4,3,4,2,
1505,5,3,4,2,
1505,6,3,4,2,
1505,7,3,4,2,
1505,8,3,4,2,
1505,9,3,4,2,
1505,10,3,4,2,
1505,11,3,4,2,
1506,1,1,3,2,
1506,2,1,3,2,
1506,3,1,3,2,
1506,4,1,3,2,
1506,5,1,3,2,
1506,6,1,3,2,
1506,7,1,3,2,
1506,8,1,3,2,
1506,9,1,3,2,
1506,10,1,3,2,
1506,11,1,3,2,
1507,1,1,3,2,
1507,2,1,3,2,
1507,3,1,3,2,
1507,4,1,3,2,
1507,5,1,3,2,
1507,6,1,3,2,
1507,7,1,3,2,
1507,8,1,3,2,
1507,9,1,3,2,
1507,10,1,3,2,
1507,11,1,3,2,
1508,1,1,3,2,
1508,2,1,3,2,
1508,3,1,3,2,
1508,4,1,3,2,
1508,5,1,3,2,
1508,6,1,3,2,
1508,7,1,3,2,
1508,8,1,3,2,
1508,9,1,3,2,
1508,10,1,3,2,
1508,11,1,3,2,
1509,1,1,3,2,
1509,2,1,3,2,
1509,3,1,3,2,
1509,4,1,3,2,
1509,5,1,3,2,
1509,6,1,3,2,
1509,7,1,3,2,
1509,8,1,3,2,
1509,9,1,3,2,
1509,10,1,3,2,
1509,11,1,3,2,
1510,1,1,4,2,
1510,2,1,4,2,
1510,3,1,4,2,
1510,4,1,4,2,
1510,5,1,4,2,
1510,6,1,4,2,
1510,7,1,4,2,
1510,8,1,4,2,
1510,9,1,4,2,
1510,10,1,4,2,
1510,11,1,4,2,
1511,1,1,3,2,
1511,2,1,3,2,
1511,3,1,3,2,
1511,4,1,3,2,
1511,5,1,3,2,
1511,6,1,3,2,
1511,7,1,3,2,
1511,8,1,3,2,
1511,9,1,3,2,
1511,10,1,3,2,
1511,11,1,3,2,
1512,1,1,3,2,
1512,2,1,3,2,
1512,3,1,3,2,
1512,4,1,3,2,
1512,5,1,3,2,
1512,6,1,3,2,
1512,7,1,3,2,
1512,8,1,3,2,
1512,9,1,3,2,
1512,10,1,3,2,
1512,11,1,3,2,
1513,1,1,3,1,1
1513,2,2,3,2,
1513,3,2,3,2,
1513,4,3,4,2,
1513,5,1,3,1,1
1513,6,1,3,2,
1513,7,1,3,2,
1513,8,1,3,2,
1513,9,1,3,2,
1513,10,1,1,2,
1513,11,1,3,2,
1514,1,1,3,1,1
1514,2,2,3,2,
1514,3,2,3,2,
1514,4,3,4,2,
1514,5,1,3,1,1
1514,6,1,3,2,
1514,7,1,3,2,
1514,8,1,3,1,1
1514,9,1,1,2,
1514,10,1,1,2,
1514,11,1,3,2,
1515,1,1,3,1,1
1515,2,2,3,2,
1515,3,2,3,2,
1515,4,3,4,2,
1515,5,1,3,1,1
1515,6,1,3,2,
1515,7,1,3,2,
1515,8,1,3,1,1
1515,9,1,1,2,
1515,10,1,1,2,
1515,11,1,3,2,
1516,1,1,3,1,1
1516,2,2,3,2,
1516,3,2,3,2,
1516,4,3,4,2,
1516,5,1,3,1,1
1516,6,1,3,2,
1516,7,1,1,2,
1516,8,1,3,2,
1516,9,1,1,2,
1516,10,1,1,2,
1516,11,1,3,2,
1517,1,1,3,1,1
1517,2,2,3,2,
1517,3,2,3,2,
1517,4,3,4,2,
1517,5,1,3,1,1
1517,6,2,3,2,
1517,7,1,1,2,
1517,8,1,3,2,
1517,9,1,3,2,
1517,10,1,1,2,
1517,11,1,3,2,
1518,1,1,3,1,1
1518,2,2,3,2,
1518,3,2,3,2,
1518,4,3,4,2,
1518,5,1,3,1,1
1518,6,1,3,2,
1518,7,1,3,2,
1518,8,1,3,2,
1518,9,1,1,2,
1518,10,1,1,2,
1518,11,1,3,2,
1519,1,1,3,2,
1519,2,2,3,2,
1519,3,2,3,2,
1519,4,3,4,2,
1519,5,1,3,1,1
1519,6,1,3,2,
1519,7,1,3,2,
1519,8,1,3,1,1
1519,9,1,1,2,
1519,10,1,1,2,
1519,11,1,3,2,
1520,1,1,3,1,1
1520,2,2,3,2,
1520,3,2,3,2,
1520,4,3,4,2,
1520,5,1,3,1,1
1520,6,1,3,2,
1520,7,1,1,2,
1520,8,1,3,1,1
1520,9,1,3,2,
1520,10,1,1,2,
1520,11,1,3,2,
1521,1,1,3,1,1
1521,2,2,3,2,
1521,3,2,3,2,
1521,4,3,4,2,
1521,5,1,3,1,1
1521,6,1,3,2,
1521,7,1,1,2,
1521,8,1,3,1,1
1521,9,1,1,2,
1521,10,1,1,2,
1521,11,1,3,2,
1522,1,1,3,2,
1522,2,2,3,2,
1522,3,2,3,2,
1522,4,2,3,2,
1522,5,1,3,2,
1522,6,1,3,2,
1522,7,1,3,2,
1522,8,1,3,2,
1522,9,3,3,2,
1522,10,2,3,2,
1522,11,2,3,2,
1523,1,1,3,2,
1523,2,2,3,2,
1523,3,2,3,2,
1523,4,2,3,2,
1523,5,1,3,2,
1523,6,1,3,2,
1523,7,1,3,2,
1523,8,1,3,2,
1523,9,2,3,2,
1523,10,3,3,2,
1523,11,2,3,2,
1524,1,1,3,2,
1524,2,2,3,2,
1524,3,2,3,2,
1524,4,2,3,2,
1524,5,1,3,2,
1524,6,1,3,2,
1524,7,3,3,2,
1524,8,1,3,2,
1524,9,2,3,2,
1524,10,2,3,2,
1524,11,2,3,2,
1525,1,1,3,2,
1525,2,2,3,2,
1525,3,1,3,2,
1525,4,2,3,2,
1525,5,1,3,2,
1525,6,1,3,2,
1525,7,1,3,2,
1525,8,1,3,2,
1525,9,2,3,2,
1525,10,2,3,2,
1525,11,1,3,2,
1526,1,1,3,2,
1526,2,2,3,2,
1526,3,2,3,2,
1526,4,2,3,2,
1526,5,1,3,2,
1526,6,1,3,2,
1526,7,1,3,2,
1526,8,1,3,2,
1526,9,2,3,2,
1526,10,2,3,2,
1526,11,2,3,2,
1527,1,1,3,2,
1527,2,2,3,2,
1527,3,2,3,2,
1527,4,2,3,2,
1527,5,1,3,2,
1527,6,1,3,2,
1527,7,1,3,2,
1527,8,1,3,2,
1527,9,2,3,2,
1527,10,2,3,2,
1527,11,2,3,2,
1528,1,1,3,2,
1528,2,2,3,2,
1528,3,2,3,2,
1528,4,2,3,2,
1528,5,1,3,2,
1528,6,1,3,2,
1528,7,1,3,2,
1528,8,1,3,2,
1528,9,2,3,2,
1528,10,2,3,2,
1528,11,2,3,2,
1529,1,1,3,2,
1529,2,2,3,2,
1529,3,2,3,2,
1529,4,2,3,2,
1529,5,1,3,2,
1529,6,1,3,2,
1529,7,1,3,2,
1529,8,1,3,2,
1529,9,2,3,2,
1529,10,2,3,2,
1529,11,2,3,2,
1530,1,1,3,2,
1530,2,2,3,2,
1530,3,2,3,2,
1530,4,2,3,2,
1530,5,1,3,2,
1530,6,1,3,2,
1530,7,1,3,2,
1530,8,1,3,2,
1530,9,2,3,2,
1530,10,2,3,2,
1530,11,2,3,1,2
1531,1,1,3,2,
1531,2,1,3,2,
1531,3,2,3,2,
1531,4,3,4,2,
1531,5,1,3,2,
1531,6,1,3,2,
1531,7,1,3,2,
1531,8,2,3,2,
1531,9,1,3,2,
1531,10,1,3,2,
1531,11,1,3,2,
1532,1,1,3,2,
1532,2,1,3,2,
1532,3,2,3,2,
1532,4,1,3,2,
1532,5,1,3,2,
1532,6,1,3,2,
1532,7,1,3,2,
1532,8,2,3,2,
1532,9,1,3,2,
1532,10,1,3,2,
1532,11,1,3,2,
1533,1,1,3,2,
1533,2,1,3,2,
1533,3,2,3,2,
1533,4,2,3,2,
1533,5,1,3,2,
1533,6,1,3,2,
1533,7,1,3,2,
1533,8,2,3,2,
1533,9,1,3,2,
1533,10,1,3,2,
1533,11,1,3,2,
1534,1,1,3,2,
1534,2,1,3,2,
1534,3,2,3,2,
1534,4,1,3,2,
1534,5,1,3,2,
1534,6,1,3,2,
1534,7,1,3,2,
1534,8,2,3,2,
1534,9,1,3,2,
1534,10,1,3,2,
1534,11,1,3,2,
1535,1,1,3,2,
1535,2,1,3,2,
1535,3,2,3,2,
1535,4,1,3,2,
1535,5,1,3,2,
1535,6,1,3,2,
1535,7,1,3,2,
1535,8,3,4,2,
1535,9,1,3,2,
1535,10,1,3,2,
1535,11,1,3,2,
1536,1,1,3,2,
1536,2,1,3,2,
1536,3,2,3,2,
1536,4,1,3,2,
1536,5,1,3,2,
1536,6,1,3,2,
1536,7,1,3,2,
1536,8,2,3,2,
1536,9,1,3,2,
1536,10,1,3,2,
1536,11,1,3,2,
1537,1,1,3,2,
1537,2,1,3,2,
1537,3,2,3,2,
1537,4,1,3,2,
1537,5,1,3,2,
1537,6,1,3,2,
1537,7,1,3,2,
1537,8,3,4,2,
1537,9,1,3,2,
1537,10,1,3,2,
1537,11,1,3,2,
1538,1,1,3,2,
1538,2,2,3,2,
1538,3,2,3,2,
1538,4,1,3,2,
1538,5,1,3,2,
1538,6,1,3,2,
1538,7,1,3,2,
1538,8,3,4,2,
1538,9,1,3,2,
1538,10,1,3,2,
1538,11,1,3,2,
1539,1,1,3,2,
1539,2,1,3,2,
1539,3,2,3,2,
1539,4,1,3,2,
1539,5,1,3,2,
1539,6,1,3,2,
1539,7,1,3,2,
1539,8,3,4,2,
1539,9,1,3,2,
1539,10,1,3,2,
1539,11,1,3,2,
1540,1,1,1,2,
1540,2,1,3,2,
1540,3,1,1,2,
1540,4,1,1,2,
1540,5,1,1,2,
1540,6,3,4,2,
1540,7,1,1,2,
1540,8,3,4,2,
1540,9,2,2,2,
1540,10,3,4,2,
1540,11,1,3,2,
1541,1,1,1,2,
1541,2,1,3,2,
1541,3,1,1,2,
1541,4,1,1,2,
1541,5,1,1,2,
1541,6,3,4,2,
1541,7,1,1,2,
1541,8,3,4,2,
1541,9,2,2,2,
1541,10,2,2,2,
1541,11,1,3,2,
1542,1,1,1,2,
1542,2,1,3,2,
1542,3,1,3,2,
1542,4,1,1,2,
1542,5,1,1,2,
1542,6,3,4,2,
1542,7,1,1,2,
1542,8,3,4,2,
1542,9,2,2,2,
1542,10,3,4,2,
1542,11,1,3,2,
1543,1,1,1,2,
1543,2,1,3,2,
1543,3,1,1,2,
1543,4,1,1,2,
1543,5,1,1,2,
1543,6,3,4,2,
1543,7,1,1,2,
1543,8,3,4,2,
1543,9,2,2,2,
1543,10,3,4,2,
1543,11,1,3,2,
1544,1,1,1,2,
1544,2,1,3,2,
1544,3,1,1,2,
1544,4,1,1,2,
1544,5,1,1,2,
1544,6,3,4,2,
1544,7,1,1,2,
1544,8,3,4,2,
1544,9,3,4,2,
1544,10,3,4,2,
1544,11,1,3,2,
1545,1,1,1,2,
1545,2,1,3,2,
1545,3,1,1,2,
1545,4,1,1,2,
1545,5,1,1,2,
1545,6,3,4,2,
1545,7,1,1,2,
1545,8,3,4,2,
1545,9,2,2,2,
1545,10,3,4,2,
1545,11,1,3,2,
1546,1,1,1,2,
1546,2,1,3,2,
1546,3,1,1,2,
1546,4,1,1,2,
1546,5,1,1,2,
1546,6,3,4,2,
1546,7,1,1,2,
1546,8,3,4,2,
1546,9,2,2,2,
1546,10,3,4,2,
1546,11,1,3,2,
1547,1,1,1,2,
1547,2,1,3,2,
1547,3,1,1,2,
1547,4,1,1,2,
1547,5,1,1,2,
1547,6,3,4,2,
1547,7,1,1,2,
1547,8,3,4,2,
1547,9,2,2,2,
1547,10,3,4,2,
1547,11,1,3,2,
1548,1,1,1,2,
1548,2,1,3,2,
1548,3,1,1,2,
1548,4,1,1,2,
1548,5,1,1,2,
1548,6,1,1,2,
1548,7,1,1,2,
1548,8,3,4,2,
1548,9,2,2,2,
1548,10,3,4,2,
1548,11,1,3,2,
1549,1,1,3,2,
1549,2,3,4,2,
1549,3,3,4,2,
1549,4,3,4,2,
1549,5,1,3,2,
1549,6,1,3,2,
1549,7,1,3,2,
1549,8,3,4,2,
1549,9,1,3,2,
1549,10,3,4,2,
1549,11,2,3,2,
1550,1,1,3,2,
1550,2,3,4,2,
1550,3,3,4,2,
1550,4,3,4,2,
1550,5,1,3,2,
1550,6,1,3,2,
1550,7,1,3,2,
1550,8,3,4,2,
1550,9,1,3,2,
1550,10,1,3,2,
1550,11,2,3,2,
1551,1,1,3,2,
1551,2,3,4,2,
1551,3,3,4,2,
1551,4,3,4,2,
1551,5,1,3,2,
1551,6,1,3,2,
1551,7,1,3,2,
1551,8,3,4,2,
1551,9,1,3,2,
1551,10,3,4,2,
1551,11,2,3,2,
1552,1,1,3,2,
1552,2,3,4,2,
1552,3,3,4,2,
1552,4,3,4,2,
1552,5,1,3,2,
1552,6,1,3,2,
1552,7,1,3,2,
1552,8,3,4,2,
1552,9,1,3,2,
1552,10,3,4,2,
1552,11,2,3,2,
1553,1,1,3,2,
1553,2,3,4,2,
1553,3,3,4,2,
1553,4,3,4,2,
1553,5,1,3,2,
1553,6,1,3,2,
1553,7,3,4,2,
1553,8,3,4,2,
1553,9,2,3,2,
1553,10,3,4,2,
1553,11,2,3,2,
1554,1,1,3,2,
1554,2,3,4,2,
1554,3,3,4,2,
1554,4,3,4,2,
1554,5,1,3,2,
1554,6,1,3,2,
1554,7,1,3,2,
1554,8,3,4,2,
1554,9,1,3,2,
1554,10,3,4,2,
1554,11,2,3,2,
1555,1,1,3,2,
1555,2,3,4,2,
1555,3,3,4,2,
1555,4,3,4,2,
1555,5,1,3,2,
1555,6,1,3,2,
1555,7,1,3,2,
1555,8,3,4,2,
1555,9,1,3,2,
1555,10,3,4,2,
1555,11,2,3,2,
1556,1,1,3,2,
1556,2,3,4,2,
1556,3,3,4,2,
1556,4,3,4,2,
1556,5,1,3,2,
1556,6,1,3,2,
1556,7,1,3,2,
1556,8,3,4,2,
1556,9,1,3,2,
1556,10,1,3,2,
1556,11,2,3,2,
1557,1,1,3,2,
1557,2,3,4,2,
1557,3,3,4,2,
1557,4,3,4,2,
1557,5,1,3,2,
1557,6,1,3,2,
1557,7,1,3,2,
1557,8,3,4,2,
1557,9,1,3,2,
1557,10,1,3,2,
1557,11,2,3,2,
1558,1,1,3,2,
1558,2,3,4,2,
1558,3,3,4,2,
1558,4,3,4,2,
1558,5,1,3,2,
1558,6,1,3,2,
1558,7,1,3,2,
1558,8,2,3,2,
1558,9,1,3,2,
1558,10,1,3,2,
1558,11,1,3,2,
1559,1,1,3,2,
1559,2,3,4,2,
1559,3,3,4,2,
1559,4,3,4,2,
1559,5,1,3,2,
1559,6,1,3,2,
1559,7,1,3,2,
1559,8,1,3,2,
1559,9,1,3,2,
1559,10,1,3,2,
1559,11,1,3,2,
1560,1,1,3,2,
1560,2,3,3,2,
1560,3,3,4,2,
1560,4,1,3,2,
1560,5,1,3,2,
1560,6,1,3,2,
1560,7,1,3,2,
1560,8,1,3,2,
1560,9,1,3,2,
1560,10,3,4,2,
1560,11,1,3,2,
1561,1,2,3,2,
1561,2,3,4,2,
1561,3,3,4,2,
1561,4,1,3,2,
1561,5,1,3,2,
1561,6,1,3,2,
1561,7,3,4,2,
1561,8,2,3,2,
1561,9,1,3,2,
1561,10,3,4,2,
1561,11,1,3,2,
1562,1,1,3,2,
1562,2,3,4,2,
1562,3,3,4,2,
1562,4,3,4,2,
1562,5,1,3,2,
1562,6,1,3,2,
1562,7,1,3,2,
1562,8,1,3,2,
1562,9,1,3,2,
1562,10,3,4,2,
1562,11,1,3,2,
1563,1,1,3,2,
1563,2,3,4,2,
1563,3,3,4,2,
1563,4,1,3,1,1
1563,5,1,3,1,1
1563,6,1,3,2,
1563,7,1,3,2,
1563,8,1,3,2,
1563,9,1,3,2,
1563,10,3,4,2,
1563,11,1,3,2,
1564,1,1,3,2,
1564,2,3,4,2,
1564,3,3,4,2,
1564,4,3,4,2,
1564,5,1,3,2,
1564,6,1,3,2,
1564,7,1,3,2,
1564,8,2,3,2,
1564,9,1,3,2,
1564,10,3,4,2,
1564,11,1,3,2,
1565,1,1,3,2,
1565,2,3,4,2,
1565,3,3,4,2,
1565,4,3,4,2,
1565,5,1,3,2,
1565,6,1,3,2,
1565,7,3,4,2,
1565,8,3,4,2,
1565,9,1,3,2,
1565,10,3,4,2,
1565,11,1,3,2,
1566,1,1,3,2,
1566,2,3,4,2,
1566,3,3,4,2,
1566,4,3,4,2,
1566,5,1,3,2,
1566,6,1,3,2,
1566,7,1,3,2,
1566,8,1,3,2,
1566,9,1,3,2,
1566,10,3,4,2,
1566,11,1,3,2,
1567,1,1,3,2,
1567,2,1,3,2,
1567,3,1,3,2,
1567,4,1,3,2,
1567,5,1,3,2,
1567,6,1,3,2,
1567,7,3,4,2,
1567,8,3,4,2,
1567,9,1,3,2,
1567,10,3,4,2,
1567,11,1,3,2,
1568,1,1,3,2,
1568,2,1,3,2,
1568,3,1,3,2,
1568,4,1,3,2,
1568,5,1,3,2,
1568,6,3,4,2,
1568,7,3,4,2,
1568,8,3,4,2,
1568,9,3,4,2,
1568,10,3,3,2,
1568,11,1,3,2,
1569,1,1,3,2,
1569,2,1,3,2,
1569,3,1,3,2,
1569,4,1,3,2,
1569,5,1,3,2,
1569,6,1,3,2,
1569,7,1,3,2,
1569,8,3,4,2,
1569,9,3,4,2,
1569,10,1,3,2,
1569,11,1,3,2,
1570,1,1,3,2,
1570,2,1,3,2,
1570,3,1,3,2,
1570,4,1,3,2,
1570,5,1,3,2,
1570,6,1,3,2,
1570,7,1,3,2,
1570,8,3,4,2,
1570,9,1,3,2,
1570,10,3,4,2,
1570,11,1,3,2,
1571,1,1,3,2,
1571,2,1,3,2,
1571,3,1,3,2,
1571,4,1,3,2,
1571,5,1,3,2,
1571,6,1,3,2,
1571,7,1,3,2,
1571,8,3,4,2,
1571,9,3,4,2,
1571,10,1,3,2,
1571,11,1,3,2,
1572,1,1,3,2,
1572,2,1,3,2,
1572,3,1,3,2,
1572,4,3,4,2,
1572,5,1,3,2,
1572,6,1,3,2,
1572,7,1,3,2,
1572,8,3,4,2,
1572,9,1,3,2,
1572,10,1,3,2,
1572,11,1,3,2,
1573,1,1,3,2,
1573,2,1,3,2,
1573,3,1,3,2,
1573,4,1,3,2,
1573,5,1,3,2,
1573,6,1,3,2,
1573,7,1,3,2,
1573,8,3,4,2,
1573,9,1,4,2,
1573,10,3,4,2,
1573,11,1,3,2,
1574,1,1,3,2,
1574,2,1,3,2,
1574,3,1,3,2,
1574,4,1,3,2,
1574,5,1,3,2,
1574,6,1,3,2,
1574,7,1,3,2,
1574,8,3,4,2,
1574,9,1,3,2,
1574,10,1,3,2,
1574,11,1,3,2,
1575,1,1,3,2,
1575,2,3,4,2,
1575,3,1,3,2,
1575,4,1,3,2,
1575,5,1,3,2,
1575,6,1,3,2,
1575,7,1,3,2,
1575,8,3,4,2,
1575,9,3,4,2,
1575,10,3,4,2,
1575,11,1,3,2,
1576,1,1,3,2,
1576,2,1,3,2,
1576,3,1,3,2,
1576,4,1,3,2,
1576,5,1,3,2,
1576,6,1,3,2,
1576,7,1,3,2,
1576,8,3,4,2,
1576,9,1,3,2,
1576,10,3,4,2,
1576,11,1,3,2,
1577,1,1,3,2,
1577,2,1,3,2,
1577,3,1,3,2,
1577,4,1,3,2,
1577,5,1,3,2,
1577,6,1,3,2,
1577,7,1,3,2,
1577,8,3,4,2,
1577,9,3,4,2,
1577,10,1,3,2,
1577,11,1,3,2,
1578,1,1,3,2,
1578,2,1,3,2,
1578,3,1,3,2,
1578,4,3,4,2,
1578,5,1,3,2,
1578,6,1,3,2,
1578,7,1,3,2,
1578,8,3,4,2,
1578,9,1,3,2,
1578,10,1,3,2,
1578,11,1,3,2,
1579,1,1,3,2,
1579,2,1,3,2,
1579,3,1,3,2,
1579,4,3,4,2,
1579,5,1,3,2,
1579,6,1,3,2,
1579,7,1,3,2,
1579,8,3,4,2,
1579,9,3,4,2,
1579,10,3,4,2,
1579,11,1,3,2,
1580,1,1,3,2,
1580,2,1,3,2,
1580,3,1,3,2,
1580,4,1,3,2,
1580,5,1,3,2,
1580,6,1,3,2,
1580,7,3,4,2,
1580,8,3,4,2,
1580,9,3,4,2,
1580,10,3,4,2,
1580,11,1,3,2,
1581,1,1,3,2,
1581,2,1,3,2,
1581,3,1,3,2,
1581,4,3,4,2,
1581,5,1,3,2,
1581,6,1,3,2,
1581,7,3,4,2,
1581,8,3,4,2,
1581,9,1,3,2,
1581,10,3,4,2,
1581,11,1,3,2,
1582,1,1,3,2,
1582,2,1,3,2,
1582,3,1,3,2,
1582,4,3,4,2,
1582,5,1,3,2,
1582,6,1,3,2,
1582,7,3,4,2,
1582,8,3,4,2,
1582,9,1,3,2,
1582,10,3,4,2,
1582,11,1,3,2,
1583,1,1,3,2,
1583,2,1,3,2,
1583,3,1,3,2,
1583,4,1,3,2,
1583,5,1,3,2,
1583,6,1,3,2,
1583,7,1,3,2,
1583,8,3,4,2,
1583,9,3,4,2,
1583,10,3,4,2,
1583,11,1,3,2,
1584,1,1,3,2,
1584,2,1,3,2,
1584,3,1,3,2,
1584,4,1,3,2,
1584,5,1,3,2,
1584,6,1,3,2,
1584,7,3,4,2,
1584,8,3,4,2,
1584,9,3,4,2,
1584,10,3,4,2,
1584,11,1,3,2,
1585,1,1,1,2,
1585,2,1,3,2,
1585,3,2,3,2,
1585,4,3,4,2,
1585,5,1,3,2,
1585,6,1,3,2,
1585,7,1,3,2,
1585,8,3,4,2,
1585,9,1,3,2,
1585,10,1,3,2,
1585,11,1,3,2,
1586,1,1,3,2,
1586,2,1,3,2,
1586,3,2,3,2,
1586,4,3,4,2,
1586,5,1,3,2,
1586,6,1,3,2,
1586,7,1,3,2,
1586,8,3,4,2,
1586,9,1,3,2,
1586,10,1,3,2,
1586,11,1,3,2,
1587,1,1,3,2,
1587,2,1,3,2,
1587,3,2,3,2,
1587,4,3,4,2,
1587,5,1,3,2,
1587,6,1,3,2,
1587,7,1,3,2,
1587,8,3,4,2,
1587,9,1,3,2,
1587,10,1,3,2,
1587,11,1,3,2,
1588,1,1,3,2,
1588,2,1,3,2,
1588,3,2,3,2,
1588,4,1,3,2,
1588,5,1,3,2,
1588,6,1,3,2,
1588,7,1,3,2,
1588,8,3,4,2,
1588,9,1,3,2,
1588,10,1,3,2,
1588,11,1,3,2,
1589,1,1,3,2,
1589,2,1,3,2,
1589,3,2,3,2,
1589,4,3,4,2,
1589,5,1,3,1,1
1589,6,1,3,2,
1589,7,1,3,2,
1589,8,3,4,2,
1589,9,1,3,2,
1589,10,1,3,2,
1589,11,1,3,2,
1590,1,1,3,2,
1590,2,1,3,2,
1590,3,2,3,2,
1590,4,3,4,2,
1590,5,1,3,2,
1590,6,1,3,2,
1590,7,1,3,2,
1590,8,3,4,2,
1590,9,1,3,2,
1590,10,1,3,2,
1590,11,1,3,2,
1591,1,1,3,2,
1591,2,1,3,2,
1591,3,2,3,2,
1591,4,3,4,2,
1591,5,1,3,2,
1591,6,1,3,2,
1591,7,1,3,2,
1591,8,3,4,2,
1591,9,1,3,2,
1591,10,1,3,2,
1591,11,1,3,2,
1592,1,1,3,2,
1592,2,1,3,2,
1592,3,2,3,2,
1592,4,3,4,2,
1592,5,1,3,2,
1592,6,1,3,2,
1592,7,1,3,2,
1592,8,3,4,2,
1592,9,1,3,2,
1592,10,1,3,2,
1592,11,1,3,2,
1593,1,1,3,2,
1593,2,1,3,2,
1593,3,2,3,2,
1593,4,3,4,2,
1593,5,1,3,2,
1593,6,1,3,2,
1593,7,1,3,2,
1593,8,3,4,2,
1593,9,1,3,2,
1593,10,1,3,2,
1593,11,1,3,2,
1594,1,1,3,2,
1594,2,1,3,2,
1594,3,1,3,2,
1594,4,3,4,2,
1594,5,1,3,2,
1594,6,1,3,2,
1594,7,1,3,2,
1594,8,2,3,2,
1594,9,1,3,2,
1594,10,1,3,2,
1594,11,1,3,2,
1595,1,1,3,2,
1595,2,1,3,2,
1595,3,1,3,2,
1595,4,3,4,2,
1595,5,2,3,2,
1595,6,3,4,2,
1595,7,1,3,2,
1595,8,3,4,2,
1595,9,1,3,2,
1595,10,1,3,2,
1595,11,2,3,2,
1596,1,1,3,2,
1596,2,1,3,2,
1596,3,1,3,2,
1596,4,3,4,2,
1596,5,1,3,2,
1596,6,1,3,2,
1596,7,1,3,2,
1596,8,3,4,2,
1596,9,2,3,2,
1596,10,1,3,2,
1596,11,1,3,2,
1597,1,1,3,2,
1597,2,1,3,2,
1597,3,1,3,2,
1597,4,3,4,2,
1597,5,2,3,2,
1597,6,3,4,2,
1597,7,3,4,2,
1597,8,3,4,2,
1597,9,2,3,2,
1597,10,3,4,2,
1597,11,1,3,2,
1598,1,1,3,2,
1598,2,1,3,2,
1598,3,1,3,2,
1598,4,3,4,2,
1598,5,2,3,2,
1598,6,3,4,2,
1598,7,3,4,2,
1598,8,3,4,2,
1598,9,2,3,2,
1598,10,3,4,2,
1598,11,1,3,2,
1599,1,1,3,2,
1599,2,1,3,2,
1599,3,1,3,2,
1599,4,1,3,2,
1599,5,2,3,2,
1599,6,1,3,2,
1599,7,3,4,2,
1599,8,3,4,2,
1599,9,1,3,2,
1599,10,3,4,2,
1599,11,1,3,2,
1600,1,1,3,2,
1600,2,1,3,2,
1600,3,1,3,2,
1600,4,3,4,2,
1600,5,2,3,2,
1600,6,3,4,2,
1600,7,1,3,2,
1600,8,3,4,2,
1600,9,2,3,2,
1600,10,1,3,2,
1600,11,1,3,2,
1601,1,1,3,2,
1601,2,1,3,2,
1601,3,1,3,2,
1601,4,3,4,2,
1601,5,2,3,1,2
1601,6,1,3,2,
1601,7,1,3,2,
1601,8,2,3,2,
1601,9,2,3,2,
1601,10,1,3,2,
1601,11,1,3,2,
1602,1,1,3,2,
1602,2,1,3,2,
1602,3,1,3,2,
1602,4,3,4,2,
1602,5,1,3,2,
1602,6,1,3,2,
1602,7,1,3,2,
1602,8,1,3,2,
1602,9,2,3,2,
1602,10,1,3,2,
1602,11,1,3,2,
1603,1,1,3,2,
1603,2,1,3,2,
1603,3,1,3,2,
1603,4,1,1,2,
1603,5,1,1,2,
1603,6,1,1,2,
1603,7,3,4,2,
1603,8,3,4,2,
1603,9,1,1,2,
1603,10,3,4,2,
1603,11,1,3,2,
1604,1,1,3,2,
1604,2,1,1,2,
1604,3,1,1,2,
1604,4,1,3,2,
1604,5,1,3,2,
1604,6,1,1,2,
1604,7,3,4,2,
1604,8,3,4,2,
1604,9,1,1,2,
1604,10,3,4,2,
1604,11,2,3,2,
1605,1,1,3,2,
1605,2,1,3,2,
1605,3,1,3,2,
1605,4,3,4,2,
1605,5,1,3,2,
1605,6,1,3,2,
1605,7,3,4,2,
1605,8,3,4,2,
1605,9,1,1,2,
1605,10,1,3,2,
1605,11,1,3,2,
1606,1,1,3,2,
1606,2,1,3,2,
1606,3,1,1,2,
1606,4,1,1,2,
1606,5,1,1,2,
1606,6,1,1,2,
1606,7,1,3,2,
1606,8,3,4,2,
1606,9,1,1,2,
1606,10,1,3,2,
1606,11,1,1,2,
1607,1,1,3,2,
1607,2,1,3,2,
1607,3,1,3,2,
1607,4,3,4,2,
1607,5,1,1,2,
1607,6,1,1,2,
1607,7,3,4,2,
1607,8,3,4,2,
1607,9,1,1,2,
1607,10,3,4,2,
1607,11,1,3,2,
1608,1,1,3,2,
1608,2,1,3,2,
1608,3,1,3,2,
1608,4,1,3,2,
1608,5,1,3,2,
1608,6,1,3,2,
1608,7,2,3,2,
1608,8,3,4,2,
1608,9,2,3,2,
1608,10,3,4,2,
1608,11,1,3,2,
1609,1,1,1,2,
1609,2,1,3,2,
1609,3,1,1,2,
1609,4,1,1,1,1
1609,5,1,3,2,
1609,6,1,1,2,
1609,7,2,3,2,
1609,8,3,4,2,
1609,9,1,1,2,
1609,10,3,4,2,
1609,11,1,3,2,
1610,1,1,3,2,
1610,2,1,3,2,
1610,3,1,1,2,
1610,4,1,1,2,
1610,5,1,3,2,
1610,6,1,1,2,
1610,7,3,4,2,
1610,8,3,4,2,
1610,9,1,1,2,
1610,10,3,4,2,
1610,11,1,3,2,
1611,1,1,3,2,
1611,2,1,3,2,
1611,3,1,3,2,
1611,4,3,4,2,
1611,5,1,3,2,
1611,6,1,3,2,
1611,7,1,3,2,
1611,8,3,4,2,
1611,9,1,3,2,
1611,10,3,4,2,
1611,11,1,3,2,
1612,1,2,3,2,
1612,2,1,3,2,
1612,3,1,1,2,
1612,4,1,1,2,
1612,5,1,1,2,
1612,6,1,1,2,
1612,7,1,1,2,
1612,8,3,4,2,
1612,9,1,1,2,
1612,10,1,1,2,
1612,11,1,1,2,
1613,1,2,3,2,
1613,2,1,1,2,
1613,3,1,1,2,
1613,4,1,1,2,
1613,5,1,1,2,
1613,6,1,1,2,
1613,7,3,4,2,
1613,8,3,4,2,
1613,9,1,1,2,
1613,10,1,1,2,
1613,11,1,1,2,
1614,1,2,2,2,
1614,2,1,3,2,
1614,3,1,3,2,
1614,4,1,3,2,
1614,5,1,3,2,
1614,6,1,3,2,
1614,7,1,1,2,
1614,8,3,4,2,
1614,9,1,1,2,
1614,10,1,1,2,
1614,11,1,1,2,
1615,1,2,2,2,
1615,2,1,3,2,
1615,3,1,3,2,
1615,4,1,3,2,
1615,5,1,3,2,
1615,6,1,3,2,
1615,7,1,3,2,
1615,8,3,4,2,
1615,9,1,1,2,
1615,10,1,1,2,
1615,11,1,1,2,
1616,1,2,2,2,
1616,2,1,1,2,
1616,3,1,1,2,
1616,4,3,4,2,
1616,5,1,1,2,
1616,6,3,4,2,
1616,7,3,4,2,
1616,8,3,4,2,
1616,9,1,1,2,
1616,10,3,4,2,
1616,11,3,4,2,
1617,1,2,3,2,
1617,2,1,3,2,
1617,3,1,3,2,
1617,4,1,3,2,
1617,5,1,3,2,
1617,6,1,3,2,
1617,7,1,3,2,
1617,8,3,3,2,
1617,9,1,3,2,
1617,10,1,3,2,
1617,11,1,3,2,
1618,1,2,3,1,2
1618,2,1,3,2,
1618,3,1,3,2,
1618,4,1,3,2,
1618,5,1,3,2,
1618,6,1,3,2,
1618,7,1,3,2,
1618,8,3,4,2,
1618,9,1,1,2,
1618,10,1,1,2,
1618,11,1,1,2,
1619,1,2,2,2,
1619,2,1,3,2,
1619,3,1,3,2,
1619,4,1,3,2,
1619,5,1,3,2,
1619,6,1,3,2,
1619,7,1,3,2,
1619,8,3,3,2,
1619,9,1,3,2,
1619,10,1,3,2,
1619,11,1,3,2,
1620,1,2,2,2,
1620,2,1,3,2,
1620,3,1,3,2,
1620,4,1,3,2,
1620,5,1,3,2,
1620,6,3,4,2,
1620,7,3,4,2,
1620,8,3,4,2,
1620,9,1,1,2,
1620,10,1,1,2,
1620,11,3,3,2,
1621,1,2,3,2,
1621,2,1,3,2,
1621,3,2,3,2,
1621,4,3,4,2,
1621,5,1,3,2,
1621,6,2,3,2,
1621,7,1,3,2,
1621,8,3,4,2,
1621,9,2,3,2,
1621,10,3,4,2,
1621,11,1,3,2,
1622,1,2,3,2,
1622,2,1,3,2,
1622,3,2,3,2,
1622,4,3,4,2,
1622,5,1,3,2,
1622,6,2,3,2,
1622,7,3,4,2,
1622,8,3,4,2,
1622,9,2,3,2,
1622,10,3,4,2,
1622,11,1,3,2,
1623,1,2,3,2,
1623,2,1,3,2,
1623,3,2,3,2,
1623,4,3,4,2,
1623,5,1,3,2,
1623,6,1,3,2,
1623,7,1,3,2,
1623,8,3,4,2,
1623,9,2,3,2,
1623,10,2,3,2,
1623,11,2,3,2,
1624,1,2,3,2,
1624,2,1,3,2,
1624,3,2,3,2,
1624,4,3,4,2,
1624,5,1,3,2,
1624,6,1,3,2,
1624,7,1,3,2,
1624,8,3,4,2,
1624,9,2,3,2,
1624,10,3,4,2,
1624,11,1,3,2,
1625,1,2,3,2,
1625,2,1,3,2,
1625,3,2,3,2,
1625,4,3,4,2,
1625,5,1,3,2,
1625,6,1,3,2,
1625,7,2,3,2,
1625,8,3,4,2,
1625,9,2,3,2,
1625,10,2,3,2,
1625,11,1,3,2,
1626,1,2,3,2,
1626,2,1,3,2,
1626,3,2,3,2,
1626,4,1,3,2,
1626,5,1,3,2,
1626,6,1,3,2,
1626,7,2,3,2,
1626,8,3,4,2,
1626,9,2,3,2,
1626,10,2,3,2,
1626,11,2,3,2,
1627,1,2,3,2,
1627,2,1,3,2,
1627,3,2,3,2,
1627,4,3,4,2,
1627,5,1,3,2,
1627,6,1,3,2,
1627,7,1,3,2,
1627,8,3,4,2,
1627,9,1,3,2,
1627,10,1,3,2,
1627,11,1,3,2,
1628,1,2,3,2,
1628,2,2,3,2,
1628,3,2,3,2,
1628,4,3,4,2,
1628,5,1,3,2,
1628,6,2,3,2,
1628,7,3,4,2,
1628,8,3,4,2,
1628,9,2,3,2,
1628,10,3,4,2,
1628,11,1,3,2,
1629,1,2,3,2,
1629,2,2,3,2,
1629,3,2,3,2,
1629,4,3,4,2,
1629,5,1,3,2,
1629,6,1,3,2,
1629,7,3,4,2,
1629,8,3,4,2,
1629,9,1,3,2,
1629,10,3,4,2,
1629,11,2,3,2,
1630,1,1,3,2,
1630,2,2,3,2,
1630,3,2,3,2,
1630,4,1,3,1,1
1630,5,1,3,2,
1630,6,3,4,2,
1630,7,2,3,2,
1630,8,1,3,2,
1630,9,1,1,2,
1630,10,3,4,2,
1630,11,1,3,2,
1631,1,1,3,2,
1631,2,2,3,2,
1631,3,2,3,2,
1631,4,3,4,2,
1631,5,1,3,2,
1631,6,1,1,2,
1631,7,3,3,2,
1631,8,3,4,2,
1631,9,1,3,2,
1631,10,3,4,2,
1631,11,1,3,2,
1632,1,1,3,2,
1632,2,2,3,2,
1632,3,2,3,2,
1632,4,1,3,1,1
1632,5,1,3,2,
1632,6,3,4,2,
1632,7,1,3,2,
1632,8,1,3,2,
1632,9,1,1,1,1
1632,10,3,4,2,
1632,11,1,3,2,
1633,1,1,3,1,2
1633,2,2,3,2,
1633,3,2,3,2,
1633,4,1,3,2,
1633,5,1,3,2,
1633,6,3,4,1,1
1633,7,2,3,2,
1633,8,3,3,2,
1633,9,1,3,2,
1633,10,1,3,2,
1633,11,1,3,2,
1634,1,1,3,2,
1634,2,2,3,2,
1634,3,2,3,2,
1634,4,3,4,2,
1634,5,1,3,1,1
1634,6,3,4,2,
1634,7,3,4,2,
1634,8,1,3,2,
1634,9,3,4,2,
1634,10,3,4,2,
1634,11,1,3,2,
1635,1,1,3,2,
1635,2,2,3,2,
1635,3,2,3,2,
1635,4,1,3,2,
1635,5,1,3,2,
1635,6,1,3,1,1
1635,7,1,3,2,
1635,8,1,3,2,
1635,9,1,1,2,
1635,10,3,4,2,
1635,11,1,3,2,
1636,1,1,3,2,
1636,2,2,3,2,
1636,3,2,3,2,
1636,4,1,3,1,1
1636,5,1,3,2,
1636,6,1,3,2,
1636,7,3,4,2,
1636,8,2,3,1,1
1636,9,1,3,2,
1636,10,1,3,2,
1636,11,1,3,2,
1637,1,1,3,2,
1637,2,2,3,2,
1637,3,2,3,2,
1637,4,3,4,2,
1637,5,1,3,1,1
1637,6,3,4,2,
1637,7,3,4,2,
1637,8,1,3,2,
1637,9,1,3,2,
1637,10,3,4,2,
1637,11,1,3,2,
1638,1,1,3,2,
1638,2,2,3,2,
1638,3,2,3,2,
1638,4,1,3,1,1
1638,5,1,3,2,
1638,6,3,4,2,
1638,7,1,3,2,
1638,8,1,3,2,
1638,9,1,3,2,
1638,10,3,4,2,
1638,11,1,3,2,
1639,1,1,3,2,
1639,2,2,3,2,
1639,3,2,3,1,2
1639,4,1,3,2,
1639,5,1,3,2,
1639,6,1,3,2,
1639,7,3,4,2,
1639,8,3,4,2,
1639,9,2,3,2,
1639,10,3,4,2,
1639,11,1,3,2,
1640,1,1,1,2,
1640,2,2,3,2,
1640,3,2,3,1,2
1640,4,1,3,2,
1640,5,1,3,2,
1640,6,1,3,2,
1640,7,1,3,2,
1640,8,3,4,2,
1640,9,2,3,2,
1640,10,1,3,2,
1640,11,1,3,2,
1641,1,1,1,2,
1641,2,2,3,2,
1641,3,2,3,2,
1641,4,3,4,2,
1641,5,1,3,2,
1641,6,1,3,2,
1641,7,1,3,2,
1641,8,3,4,2,
1641,9,2,3,2,
1641,10,1,3,2,
1641,11,1,3,2,
1642,1,1,3,2,
1642,2,2,3,2,
1642,3,2,3,1,2
1642,4,3,4,2,
1642,5,1,3,2,
1642,6,1,3,2,
1642,7,1,3,2,
1642,8,3,4,2,
1642,9,1,3,2,
1642,10,1,3,2,
1642,11,1,3,2,
1643,1,1,3,2,
1643,2,2,3,2,
1643,3,2,3,1,2
1643,4,3,4,2,
1643,5,1,3,2,
1643,6,1,3,2,
1643,7,1,3,2,
1643,8,3,4,2,
1643,9,1,3,2,
1643,10,1,3,2,
1643,11,1,3,2,
1644,1,1,1,2,
1644,2,2,3,2,
1644,3,2,3,2,
1644,4,3,4,2,
1644,5,1,3,2,
1644,6,1,3,2,
1644,7,1,3,2,
1644,8,3,4,2,
1644,9,1,3,2,
1644,10,1,3,2,
1644,11,1,3,2,
1645,1,1,3,2,
1645,2,2,3,2,
1645,3,2,3,1,2
1645,4,3,4,2,
1645,5,1,3,2,
1645,6,1,3,2,
1645,7,1,3,2,
1645,8,3,4,2,
1645,9,2,3,2,
1645,10,1,3,2,
1645,11,1,3,2,
1646,1,1,1,2,
1646,2,2,3,2,
1646,3,2,3,2,
1646,4,3,4,2,
1646,5,1,3,2,
1646,6,1,3,2,
1646,7,3,4,2,
1646,8,3,4,2,
1646,9,2,3,2,
1646,10,1,3,2,
1646,11,1,3,2,
1647,1,1,3,2,
1647,2,2,3,2,
1647,3,2,3,1,2
1647,4,3,4,2,
1647,5,1,3,2,
1647,6,1,3,2,
1647,7,1,3,2,
1647,8,3,4,2,
1647,9,1,3,2,
1647,10,1,3,2,
1647,11,1,3,2,
1648,1,1,3,2,
1648,2,1,3,2,
1648,3,1,3,2,
1648,4,3,4,2,
1648,5,1,3,2,
1648,6,1,3,2,
1648,7,1,3,2,
1648,8,3,4,2,
1648,9,1,3,2,
1648,10,1,3,2,
1648,11,1,3,2,
1649,1,1,3,2,
1649,2,1,3,2,
1649,3,1,3,2,
1649,4,1,3,2,
1649,5,1,3,2,
1649,6,1,3,2,
1649,7,1,3,2,
1649,8,3,4,2,
1649,9,1,3,2,
1649,10,1,3,2,
1649,11,1,3,2,
1650,1,1,3,2,
1650,2,1,3,2,
1650,3,1,3,2,
1650,4,3,4,2,
1650,5,1,3,2,
1650,6,1,3,2,
1650,7,1,3,2,
1650,8,3,4,2,
1650,9,2,2,2,
1650,10,3,4,2,
1650,11,1,3,2,
1651,1,1,3,2,
1651,2,1,3,2,
1651,3,1,3,2,
1651,4,3,4,2,
1651,5,1,3,2,
1651,6,1,3,2,
1651,7,1,3,2,
1651,8,3,4,2,
1651,9,2,2,2,
1651,10,2,2,2,
1651,11,1,3,2,
1652,1,1,3,2,
1652,2,1,3,2,
1652,3,1,3,2,
1652,4,1,3,2,
1652,5,1,3,2,
1652,6,1,3,2,
1652,7,1,3,2,
1652,8,3,4,2,
1652,9,1,3,2,
1652,10,2,2,2,
1652,11,1,3,2,
1653,1,1,3,2,
1653,2,1,3,2,
1653,3,1,3,2,
1653,4,1,3,2,
1653,5,1,3,2,
1653,6,1,3,2,
1653,7,1,3,2,
1653,8,3,4,2,
1653,9,1,3,2,
1653,10,1,3,2,
1653,11,1,3,2,
1654,1,1,3,2,
1654,2,1,3,2,
1654,3,1,3,2,
1654,4,3,4,2,
1654,5,1,3,2,
1654,6,1,3,2,
1654,7,1,3,2,
1654,8,3,4,2,
1654,9,1,3,2,
1654,10,3,4,2,
1654,11,1,3,2,
1655,1,1,3,2,
1655,2,1,3,2,
1655,3,1,3,2,
1655,4,1,3,2,
1655,5,1,3,2,
1655,6,1,3,2,
1655,7,1,3,2,
1655,8,3,4,2,
1655,9,2,2,2,
1655,10,2,2,2,
1655,11,1,3,2,
1656,1,1,3,2,
1656,2,1,3,2,
1656,3,1,3,2,
1656,4,3,4,2,
1656,5,1,3,2,
1656,6,1,3,2,
1656,7,1,3,2,
1656,8,3,4,2,
1656,9,2,2,2,
1656,10,3,4,2,
1656,11,1,3,2,
1657,1,1,3,2,
1657,2,1,3,2,
1657,3,2,3,2,
1657,4,3,3,2,
1657,5,1,3,2,
1657,6,3,3,2,
1657,7,1,3,2,
1657,8,3,3,2,
1657,9,2,3,2,
1657,10,3,3,2,
1657,11,2,3,2,
1658,1,1,3,2,
1658,2,1,3,2,
1658,3,2,3,2,
1658,4,3,4,2,
1658,5,1,3,2,
1658,6,3,4,2,
1658,7,3,4,2,
1658,8,3,4,2,
1658,9,2,3,2,
1658,10,2,3,2,
1658,11,2,3,2,
1659,1,1,3,2,
1659,2,1,3,2,
1659,3,2,3,2,
1659,4,3,4,2,
1659,5,1,3,2,
1659,6,3,4,2,
1659,7,3,4,2,
1659,8,3,4,2,
1659,9,2,3,2,
1659,10,2,3,2,
1659,11,2,3,2,
1660,1,1,3,2,
1660,2,1,3,2,
1660,3,2,3,2,
1660,4,3,4,2,
1660,5,1,3,2,
1660,6,3,4,2,
1660,7,1,3,2,
1660,8,3,4,2,
1660,9,2,3,2,
1660,10,2,3,2,
1660,11,2,3,2,
1661,1,1,3,2,
1661,2,1,3,2,
1661,3,2,3,2,
1661,4,3,4,2,
1661,5,1,3,2,
1661,6,3,4,2,
1661,7,1,3,2,
1661,8,2,3,2,
1661,9,2,3,2,
1661,10,2,3,2,
1661,11,2,3,2,
1662,1,1,3,2,
1662,2,1,3,2,
1662,3,2,3,2,
1662,4,3,4,2,
1662,5,1,3,2,
1662,6,3,4,2,
1662,7,1,3,2,
1662,8,3,4,2,
1662,9,2,3,2,
1662,10,1,3,2,
1662,11,2,3,2,
1663,1,1,3,2,
1663,2,1,3,2,
1663,3,3,4,2,
1663,4,3,4,2,
1663,5,1,3,2,
1663,6,3,4,2,
1663,7,1,3,2,
1663,8,3,4,2,
1663,9,3,4,2,
1663,10,2,3,2,
1663,11,2,3,2,
1664,1,1,3,2,
1664,2,1,3,2,
1664,3,2,3,2,
1664,4,3,4,2,
1664,5,1,3,2,
1664,6,3,4,2,
1664,7,1,3,2,
1664,8,2,3,2,
1664,9,1,3,2,
1664,10,3,4,2,
1664,11,2,3,2,
1665,1,1,3,2,
1665,2,1,3,2,
1665,3,2,3,2,
1665,4,2,3,2,
1665,5,1,3,2,
1665,6,2,3,2,
1665,7,1,3,2,
1665,8,2,3,2,
1665,9,2,3,2,
1665,10,2,3,2,
1665,11,2,3,2,
1666,1,1,3,2,
1666,2,1,3,2,
1666,3,1,3,2,
1666,4,1,3,2,
1666,5,1,3,2,
1666,6,1,3,2,
1666,7,1,3,2,
1666,8,3,4,2,
1666,9,2,2,2,
1666,10,2,2,2,
1666,11,1,3,2,
1667,1,1,3,2,
1667,2,1,3,2,
1667,3,1,3,2,
1667,4,1,3,2,
1667,5,1,3,2,
1667,6,1,3,2,
1667,7,1,3,2,
1667,8,3,4,2,
1667,9,2,2,2,
1667,10,1,3,2,
1667,11,1,3,2,
1668,1,1,3,2,
1668,2,1,3,2,
1668,3,1,3,2,
1668,4,1,3,2,
1668,5,1,3,2,
1668,6,1,3,2,
1668,7,1,3,2,
1668,8,3,4,2,
1668,9,2,2,2,
1668,10,2,2,2,
1668,11,1,3,2,
1669,1,1,3,2,
1669,2,1,3,2,
1669,3,1,3,2,
1669,4,3,4,2,
1669,5,1,3,2,
1669,6,1,3,2,
1669,7,1,3,2,
1669,8,3,4,2,
1669,9,2,2,2,
1669,10,2,2,2,
1669,11,1,3,2,
1670,1,1,3,2,
1670,2,1,3,2,
1670,3,1,3,2,
1670,4,1,3,2,
1670,5,1,3,2,
1670,6,1,3,2,
1670,7,1,3,2,
1670,8,3,4,2,
1670,9,2,2,2,
1670,10,2,2,2,
1670,11,1,3,2,
1671,1,1,3,2,
1671,2,1,3,2,
1671,3,1,3,2,
1671,4,3,4,2,
1671,5,1,3,2,
1671,6,1,3,2,
1671,7,1,3,2,
1671,8,3,4,2,
1671,9,1,3,2,
1671,10,2,2,2,
1671,11,1,3,2,
1672,1,1,3,2,
1672,2,1,3,2,
1672,3,1,3,2,
1672,4,1,3,2,
1672,5,1,3,2,
1672,6,1,3,2,
1672,7,1,3,2,
1672,8,3,4,2,
1672,9,2,2,2,
1672,10,2,2,2,
1672,11,1,3,2,
1673,1,1,3,2,
1673,2,1,3,2,
1673,3,1,3,2,
1673,4,1,3,2,
1673,5,1,3,2,
1673,6,1,3,2,
1673,7,1,3,2,
1673,8,3,4,2,
1673,9,1,3,2,
1673,10,1,3,2,
1673,11,1,3,2,
1674,1,1,3,2,
1674,2,1,3,2,
1674,3,1,3,2,
1674,4,1,3,2,
1674,5,1,3,2,
1674,6,1,3,2,
1674,7,1,3,2,
1674,8,3,4,2,
1674,9,1,3,2,
1674,10,2,2,2,
1674,11,1,3,2,
1675,1,1,3,2,
1675,2,1,3,2,
1675,3,1,3,2,
1675,4,3,4,2,
1675,5,1,3,2,
1675,6,1,3,2,
1675,7,1,3,2,
1675,8,1,3,2,
1675,9,1,3,2,
1675,10,1,3,2,
1675,11,1,3,2,
1676,1,1,3,2,
1676,2,1,3,2,
1676,3,1,3,2,
1676,4,1,3,2,
1676,5,1,3,2,
1676,6,1,3,2,
1676,7,1,3,2,
1676,8,1,3,2,
1676,9,1,3,2,
1676,10,1,3,2,
1676,11,1,3,2,
1677,1,1,3,2,
1677,2,1,3,2,
1677,3,1,3,2,
1677,4,1,3,2,
1677,5,1,3,2,
1677,6,1,3,2,
1677,7,1,3,2,
1677,8,1,3,2,
1677,9,3,4,2,
1677,10,3,4,2,
1677,11,1,3,2,
1678,1,1,3,2,
1678,2,1,3,2,
1678,3,1,3,2,
1678,4,1,3,2,
1678,5,1,3,2,
1678,6,1,3,2,
1678,7,1,3,2,
1678,8,1,3,2,
1678,9,3,4,2,
1678,10,1,3,2,
1678,11,1,3,2,
1679,1,1,3,2,
1679,2,1,3,2,
1679,3,1,3,2,
1679,4,1,3,2,
1679,5,1,3,2,
1679,6,1,3,2,
1679,7,1,3,2,
1679,8,1,3,2,
1679,9,1,3,2,
1679,10,1,3,2,
1679,11,1,3,2,
1680,1,1,3,2,
1680,2,1,3,2,
1680,3,1,3,2,
1680,4,1,3,2,
1680,5,1,3,2,
1680,6,1,3,2,
1680,7,1,3,2,
1680,8,1,3,2,
1680,9,1,3,2,
1680,10,1,3,2,
1680,11,1,3,2,
1681,1,1,3,2,
1681,2,1,3,2,
1681,3,1,3,2,
1681,4,1,3,2,
1681,5,1,3,2,
1681,6,1,3,2,
1681,7,1,3,2,
1681,8,1,3,2,
1681,9,3,4,2,
1681,10,1,3,2,
1681,11,1,3,2,
1682,1,1,3,2,
1682,2,1,3,2,
1682,3,1,3,2,
1682,4,1,3,2,
1682,5,1,3,2,
1682,6,1,3,2,
1682,7,1,3,2,
1682,8,1,3,2,
1682,9,3,4,2,
1682,10,3,4,2,
1682,11,1,3,2,
1683,1,1,3,2,
1683,2,1,3,2,
1683,3,1,3,2,
1683,4,1,3,2,
1683,5,1,3,2,
1683,6,1,3,2,
1683,7,1,3,2,
1683,8,1,3,2,
1683,9,1,3,2,
1683,10,3,4,2,
1683,11,1,3,2,
1684,1,1,3,2,
1684,2,3,4,2,
1684,3,1,3,2,
1684,4,1,3,2,
1684,5,1,3,2,
1684,6,1,3,2,
1684,7,1,3,2,
1684,8,1,3,2,
1684,9,1,3,2,
1684,10,3,4,2,
1684,11,1,3,2,
1685,1,1,3,2,
1685,2,3,4,2,
1685,3,1,3,2,
1685,4,1,3,2,
1685,5,1,2,2,
1685,6,1,3,2,
1685,7,2,3,2,
1685,8,2,3,2,
1685,9,2,3,2,
1685,10,3,4,2,
1685,11,1,3,2,
1686,1,1,3,2,
1686,2,3,4,2,
1686,3,1,3,2,
1686,4,1,3,2,
1686,5,1,3,2,
1686,6,1,3,2,
1686,7,1,3,2,
1686,8,2,3,2,
1686,9,1,3,2,
1686,10,3,4,2,
1686,11,1,3,2,
1687,1,2,3,2,
1687,2,3,4,2,
1687,3,1,3,2,
1687,4,1,3,2,
1687,5,1,3,2,
1687,6,1,3,2,
1687,7,1,3,2,
1687,8,2,3,2,
1687,9,2,3,2,
1687,10,1,3,2,
1687,11,1,3,2,
1688,1,2,3,2,
1688,2,3,4,2,
1688,3,1,3,2,
1688,4,1,3,2,
1688,5,1,3,2,
1688,6,1,3,2,
1688,7,1,2,2,
1688,8,2,3,2,
1688,9,2,3,2,
1688,10,3,4,2,
1688,11,1,3,2,
1689,1,1,3,2,
1689,2,3,4,2,
1689,3,3,4,2,
1689,4,1,3,2,
1689,5,1,3,2,
1689,6,1,3,2,
1689,7,1,3,2,
1689,8,1,3,2,
1689,9,1,3,2,
1689,10,1,3,2,
1689,11,1,3,2,
1690,1,1,3,2,
1690,2,3,4,2,
1690,3,1,3,2,
1690,4,1,3,2,
1690,5,1,3,2,
1690,6,1,3,2,
1690,7,1,3,2,
1690,8,1,3,2,
1690,9,1,3,2,
1690,10,3,4,2,
1690,11,1,3,2,
1691,1,2,3,2,
1691,2,3,4,2,
1691,3,1,3,2,
1691,4,1,3,2,
1691,5,1,3,1,1
1691,6,1,3,2,
1691,7,2,3,2,
1691,8,1,3,2,
1691,9,2,3,2,
1691,10,3,4,2,
1691,11,1,3,2,
1692,1,2,3,2,
1692,2,3,4,2,
1692,3,1,3,2,
1692,4,1,3,2,
1692,5,1,3,2,
1692,6,1,3,2,
1692,7,1,3,2,
1692,8,1,3,2,
1692,9,2,3,2,
1692,10,3,4,2,
1692,11,1,3,2,
1693,1,1,3,2,
1693,2,2,3,2,
1693,3,1,3,2,
1693,4,1,3,2,
1693,5,1,3,2,
1693,6,1,3,2,
1693,7,1,3,2,
1693,8,1,3,2,
1693,9,3,4,2,
1693,10,1,3,2,
1693,11,1,3,2,
1694,1,1,3,2,
1694,2,2,3,2,
1694,3,1,3,2,
1694,4,1,3,2,
1694,5,1,3,2,
1694,6,1,3,2,
1694,7,1,3,2,
1694,8,1,3,2,
1694,9,3,4,2,
1694,10,1,3,2,
1694,11,1,3,2,
1695,1,1,3,2,
1695,2,2,3,2,
1695,3,1,3,2,
1695,4,3,4,2,
1695,5,1,3,2,
1695,6,1,3,2,
1695,7,1,3,2,
1695,8,1,3,2,
1695,9,3,4,2,
1695,10,1,3,2,
1695,11,3,4,2,
1696,1,1,3,2,
1696,2,2,3,2,
1696,3,1,3,2,
1696,4,1,3,2,
1696,5,1,3,2,
1696,6,1,3,2,
1696,7,1,3,2,
1696,8,1,3,2,
1696,9,3,4,2,
1696,10,3,4,2,
1696,11,3,4,2,
1697,1,1,3,2,
1697,2,2,3,2,
1697,3,1,3,2,
1697,4,1,3,2,
1697,5,1,3,2,
1697,6,1,3,2,
1697,7,1,3,2,
1697,8,1,3,2,
1697,9,1,3,2,
1697,10,1,3,2,
1697,11,1,3,2,
1698,1,1,3,2,
1698,2,2,3,2,
1698,3,2,3,2,
1698,4,3,4,2,
1698,5,1,3,2,
1698,6,1,3,2,
1698,7,1,3,2,
1698,8,1,3,2,
1698,9,1,3,2,
1698,10,3,4,2,
1698,11,3,4,2,
1699,1,1,3,2,
1699,2,2,3,2,
1699,3,1,3,2,
1699,4,1,3,2,
1699,5,1,3,2,
1699,6,1,3,2,
1699,7,3,4,2,
1699,8,1,3,2,
1699,9,3,4,2,
1699,10,1,3,2,
1699,11,1,3,2,
1700,1,1,3,2,
1700,2,2,3,2,
1700,3,1,3,2,
1700,4,1,3,2,
1700,5,1,3,2,
1700,6,1,3,2,
1700,7,1,3,2,
1700,8,1,3,2,
1700,9,1,3,2,
1700,10,3,4,2,
1700,11,3,4,2,
1701,1,1,3,2,
1701,2,2,3,2,
1701,3,1,3,2,
1701,4,1,3,2,
1701,5,1,3,2,
1701,6,1,3,2,
1701,7,1,3,2,
1701,8,1,3,2,
1701,9,3,4,2,
1701,10,1,3,2,
1701,11,1,3,2,
1702,1,1,1,2,
1702,2,1,1,2,
1702,3,2,2,2,
1702,4,2,2,2,
1702,5,1,1,2,
1702,6,1,1,2,
1702,7,2,2,2,
1702,8,2,2,2,
1702,9,2,2,2,
1702,10,1,1,2,
1702,11,1,1,2,
1703,1,1,1,2,
1703,2,2,2,2,
1703,3,2,2,2,
1703,4,2,2,2,
1703,5,2,2,2,
1703,6,1,1,2,
1703,7,1,1,2,
1703,8,2,2,2,
1703,9,2,2,2,
1703,10,2,2,2,
1703,11,1,1,2,
1704,1,1,1,2,
1704,2,2,2,2,
1704,3,2,2,2,
1704,4,1,1,2,
1704,5,1,1,2,
1704,6,1,1,2,
1704,7,1,1,2,
1704,8,2,2,2,
1704,9,2,2,2,
1704,10,2,2,2,
1704,11,1,1,2,
1705,1,1,1,2,
1705,2,2,2,2,
1705,3,2,2,2,
1705,4,2,2,2,
1705,5,1,1,2,
1705,6,2,2,2,
1705,7,2,2,2,
1705,8,2,2,2,
1705,9,2,2,2,
1705,10,2,2,2,
1705,11,2,2,2,
1706,1,1,1,2,
1706,2,2,2,2,
1706,3,2,2,2,
1706,4,1,1,2,
1706,5,1,1,2,
1706,6,2,2,2,
1706,7,2,2,2,
1706,8,2,2,2,
1706,9,2,2,2,
1706,10,2,2,2,
1706,11,1,1,2,
1707,1,1,1,2,
1707,2,2,2,2,
1707,3,2,2,2,
1707,4,1,1,2,
1707,5,1,1,2,
1707,6,2,2,2,
1707,7,2,2,2,
1707,8,2,2,2,
1707,9,1,1,2,
1707,10,1,1,2,
1707,11,2,2,2,
1708,1,1,1,2,
1708,2,2,2,2,
1708,3,2,2,2,
1708,4,1,1,2,
1708,5,1,1,2,
1708,6,1,1,2,
1708,7,1,1,2,
1708,8,2,2,2,
1708,9,2,2,2,
1708,10,2,2,2,
1708,11,1,1,2,
1709,1,1,1,2,
1709,2,2,2,2,
1709,3,2,2,2,
1709,4,1,1,2,
1709,5,1,1,2,
1709,6,1,1,2,
1709,7,1,1,2,
1709,8,2,2,2,
1709,9,2,2,2,
1709,10,2,2,2,
1709,11,2,2,2,
1710,1,1,1,2,
1710,2,2,2,2,
1710,3,2,2,2,
1710,4,1,1,2,
1710,5,1,1,2,
1710,6,1,1,2,
1710,7,1,1,2,
1710,8,2,2,2,
1710,9,2,2,2,
1710,10,1,1,2,
1710,11,2,2,2,
1711,1,1,3,2,
1711,2,1,3,2,
1711,3,1,3,2,
1711,4,3,4,2,
1711,5,1,3,2,
1711,6,1,1,2,
1711,7,1,1,2,
1711,8,3,4,2,
1711,9,1,1,2,
1711,10,1,1,2,
1711,11,1,1,2,
1712,1,1,3,2,
1712,2,1,3,2,
1712,3,1,3,2,
1712,4,3,4,2,
1712,5,1,3,2,
1712,6,1,1,2,
1712,7,1,1,2,
1712,8,3,4,2,
1712,9,1,1,2,
1712,10,1,1,2,
1712,11,1,1,2,
1713,1,1,3,2,
1713,2,1,3,2,
1713,3,1,3,2,
1713,4,1,3,2,
1713,5,1,3,2,
1713,6,1,1,2,
1713,7,1,1,2,
1713,8,3,4,2,
1713,9,1,1,2,
1713,10,1,1,2,
1713,11,1,1,2,
1714,1,1,3,2,
1714,2,1,3,2,
1714,3,1,3,2,
1714,4,1,3,2,
1714,5,1,3,2,
1714,6,1,1,2,
1714,7,1,1,2,
1714,8,3,4,2,
1714,9,1,1,2,
1714,10,1,1,2,
1714,11,1,1,2,
1715,1,1,3,2,
1715,2,1,3,2,
1715,3,1,3,2,
1715,4,3,4,2,
1715,5,1,3,2,
1715,6,1,1,2,
1715,7,1,1,2,
1715,8,3,4,2,
1715,9,1,1,2,
1715,10,1,1,2,
1715,11,1,1,2,
1716,1,1,3,2,
1716,2,1,3,2,
1716,3,1,3,2,
1716,4,3,4,2,
1716,5,1,3,2,
1716,6,1,1,2,
1716,7,1,1,2,
1716,8,3,4,2,
1716,9,1,1,2,
1716,10,1,1,2,
1716,11,1,1,2,
1717,1,1,3,2,
1717,2,1,3,2,
1717,3,1,3,2,
1717,4,1,3,1,1
1717,5,1,3,2,
1717,6,1,1,2,
1717,7,1,1,2,
1717,8,3,4,2,
1717,9,1,1,2,
1717,10,1,1,2,
1717,11,1,1,2,
1718,1,1,3,2,
1718,2,1,3,2,
1718,3,1,3,2,
1718,4,1,3,2,
1718,5,1,3,2,
1718,6,1,1,2,
1718,7,1,1,2,
1718,8,3,4,2,
1718,9,1,1,2,
1718,10,1,1,2,
1718,11,1,1,2,
1719,1,1,3,2,
1719,2,1,3,2,
1719,3,1,3,2,
1719,4,1,3,2,
1719,5,1,3,2,
1719,6,1,3,2,
1719,7,1,1,2,
1719,8,3,4,2,
1719,9,1,1,2,
1719,10,1,1,2,
1719,11,1,1,2,
1720,1,1,3,2,
1720,2,1,3,2,
1720,3,1,1,2,
1720,4,3,4,2,
1720,5,1,3,2,
1720,6,1,3,2,
1720,7,1,1,2,
1720,8,1,3,2,
1720,9,1,3,2,
1720,10,1,3,2,
1720,11,1,3,2,
1721,1,2,2,2,
1721,2,2,3,2,
1721,3,1,1,1,1
1721,4,3,4,2,
1721,5,1,3,2,
1721,6,1,3,2,
1721,7,1,1,2,
1721,8,2,2,1,2
1721,9,3,3,2,
1721,10,2,3,2,
1721,11,1,1,2,
1722,1,2,3,1,2
1722,2,1,3,2,
1722,3,1,3,2,
1722,4,2,2,1,2
1722,5,1,3,2,
1722,6,1,3,2,
1722,7,1,1,2,
1722,8,2,2,1,2
1722,9,1,3,2,
1722,10,2,3,2,
1722,11,1,1,2,
1723,1,1,3,2,
1723,2,1,3,2,
1723,3,1,3,2,
1723,4,1,3,2,
1723,5,1,3,2,
1723,6,1,1,2,
1723,7,1,1,2,
1723,8,1,3,2,
1723,9,1,3,2,
1723,10,3,4,2,
1723,11,1,3,2,
1724,1,1,3,2,
1724,2,1,3,2,
1724,3,1,3,2,
1724,4,3,4,2,
1724,5,1,3,2,
1724,6,1,1,2,
1724,7,1,1,2,
1724,8,2,3,2,
1724,9,1,3,2,
1724,10,1,3,2,
1724,11,1,3,2,
1725,1,2,3,2,
1725,2,3,4,2,
1725,3,1,3,2,
1725,4,3,4,2,
1725,5,1,3,2,
1725,6,1,3,2,
1725,7,3,4,2,
1725,8,3,4,2,
1725,9,1,3,2,
1725,10,3,4,2,
1725,11,1,3,2,
1726,1,1,3,2,
1726,2,1,3,2,
1726,3,1,1,2,
1726,4,3,4,2,
1726,5,1,3,2,
1726,6,1,3,2,
1726,7,1,1,2,
1726,8,1,3,2,
1726,9,1,3,2,
1726,10,1,3,2,
1726,11,1,3,2,
1727,1,1,3,2,
1727,2,1,3,2,
1727,3,1,3,2,
1727,4,1,3,2,
1727,5,1,3,2,
1727,6,1,3,2,
1727,7,1,3,2,
1727,8,2,3,2,
1727,9,1,3,2,
1727,10,3,4,2,
1727,11,1,3,2,
1728,1,1,3,2,
1728,2,1,3,2,
1728,3,1,3,2,
1728,4,3,4,2,
1728,5,1,3,2,
1728,6,1,1,2,
1728,7,1,1,2,
1728,8,2,3,2,
1728,9,1,3,2,
1728,10,1,3,2,
1728,11,1,3,2,
1729,1,1,1,2,
1729,2,1,3,2,
1729,3,1,1,2,
1729,4,1,1,2,
1729,5,1,3,2,
1729,6,3,4,2,
1729,7,3,4,2,
1729,8,3,4,2,
1729,9,2,2,2,
1729,10,2,2,2,
1729,11,2,3,2,
1730,1,1,1,2,
1730,2,1,3,2,
1730,3,1,1,2,
1730,4,1,1,2,
1730,5,1,1,2,
1730,6,3,4,2,
1730,7,1,1,2,
1730,8,3,4,2,
1730,9,3,4,2,
1730,10,3,4,2,
1730,11,2,2,2,
1731,1,1,1,2,
1731,2,1,3,2,
1731,3,1,1,2,
1731,4,3,4,2,
1731,5,1,1,2,
1731,6,3,4,2,
1731,7,3,4,2,
1731,8,3,4,2,
1731,9,3,4,2,
1731,10,1,1,2,
1731,11,2,3,2,
1732,1,1,1,2,
1732,2,1,3,2,
1732,3,1,1,2,
1732,4,1,1,2,
1732,5,1,3,2,
1732,6,3,4,2,
1732,7,3,4,2,
1732,8,3,4,2,
1732,9,2,2,2,
1732,10,3,4,2,
1732,11,2,3,2,
1733,1,1,3,2,
1733,2,1,3,2,
1733,3,1,1,2,
1733,4,1,3,2,
1733,5,1,3,2,
1733,6,3,4,2,
1733,7,3,4,2,
1733,8,3,4,2,
1733,9,2,2,2,
1733,10,3,4,2,
1733,11,3,4,2,
1734,1,1,1,2,
1734,2,1,1,2,
1734,3,1,1,2,
1734,4,1,1,2,
1734,5,1,1,2,
1734,6,3,4,2,
1734,7,1,1,2,
1734,8,3,4,2,
1734,9,3,4,2,
1734,10,2,2,2,
1734,11,2,2,2,
1735,1,1,1,2,
1735,2,1,3,2,
1735,3,1,1,2,
1735,4,1,1,2,
1735,5,1,1,2,
1735,6,3,4,2,
1735,7,1,1,2,
1735,8,3,4,2,
1735,9,2,2,2,
1735,10,3,4,2,
1735,11,2,2,2,
1736,1,1,1,2,
1736,2,1,3,2,
1736,3,1,1,2,
1736,4,1,1,2,
1736,5,1,3,2,
1736,6,3,4,2,
1736,7,3,4,2,
1736,8,3,4,2,
1736,9,3,4,2,
1736,10,3,4,2,
1736,11,2,3,2,
1737,1,1,1,2,
1737,2,1,3,2,
1737,3,1,1,2,
1737,4,1,1,2,
1737,5,1,1,2,
1737,6,1,1,2,
1737,7,1,1,2,
1737,8,3,4,2,
1737,9,2,2,2,
1737,10,2,2,2,
1737,11,2,2,2,
1738,1,1,3,2,
1738,2,1,3,2,
1738,3,1,1,2,
1738,4,1,1,2,
1738,5,1,1,2,
1738,6,1,1,2,
1738,7,3,4,2,
1738,8,3,4,2,
1738,9,3,4,2,
1738,10,3,4,2,
1738,11,1,3,2,
1739,1,1,3,2,
1739,2,1,3,2,
1739,3,1,3,2,
1739,4,1,3,2,
1739,5,1,3,2,
1739,6,1,3,2,
1739,7,3,4,2,
1739,8,3,4,2,
1739,9,2,2,2,
1739,10,3,4,2,
1739,11,1,3,2,
1740,1,1,3,2,
1740,2,1,3,2,
1740,3,1,3,2,
1740,4,1,3,2,
1740,5,1,3,2,
1740,6,3,4,2,
1740,7,3,4,2,
1740,8,3,4,2,
1740,9,1,3,2,
1740,10,3,4,2,
1740,11,1,3,2,
1741,1,1,3,2,
1741,2,1,3,2,
1741,3,1,1,2,
1741,4,1,3,2,
1741,5,1,3,2,
1741,6,3,4,2,
1741,7,3,4,2,
1741,8,3,4,2,
1741,9,3,4,2,
1741,10,2,3,2,
1741,11,1,3,2,
1742,1,1,3,2,
1742,2,1,3,2,
1742,3,1,3,2,
1742,4,1,3,2,
1742,5,1,3,2,
1742,6,3,4,2,
1742,7,1,3,2,
1742,8,3,4,2,
1742,9,3,4,2,
1742,10,3,4,2,
1742,11,1,3,2,
1743,1,1,3,2,
1743,2,1,3,2,
1743,3,1,3,2,
1743,4,1,3,2,
1743,5,1,3,2,
1743,6,3,4,2,
1743,7,3,4,2,
1743,8,3,4,2,
1743,9,3,4,2,
1743,10,1,3,2,
1743,11,1,3,2,
1744,1,1,3,2,
1744,2,1,3,2,
1744,3,1,3,2,
1744,4,1,3,2,
1744,5,1,3,2,
1744,6,1,3,2,
1744,7,1,3,2,
1744,8,3,4,2,
1744,9,1,3,2,
1744,10,1,3,2,
1744,11,1,3,2,
1745,1,1,3,2,
1745,2,1,3,2,
1745,3,1,1,2,
1745,4,1,1,2,
1745,5,1,1,2,
1745,6,1,3,2,
1745,7,1,3,2,
1745,8,3,4,2,
1745,9,3,4,2,
1745,10,2,3,2,
1745,11,1,3,2,
1746,1,1,3,2,
1746,2,1,3,2,
1746,3,1,3,2,
1746,4,1,3,2,
1746,5,1,3,2,
1746,6,3,4,2,
1746,7,1,3,2,
1746,8,3,4,2,
1746,9,3,4,2,
1746,10,3,4,2,
1746,11,1,3,2,
1747,1,1,3,2,
1747,2,1,3,2,
1747,3,1,3,2,
1747,4,1,3,2,
1747,5,1,3,2,
1747,6,1,3,2,
1747,7,1,3,2,
1747,8,3,4,2,
1747,9,1,3,2,
1747,10,1,3,2,
1747,11,1,3,2,
1748,1,1,3,2,
1748,2,1,3,2,
1748,3,1,3,2,
1748,4,1,3,2,
1748,5,1,3,2,
1748,6,1,3,2,
1748,7,1,3,2,
1748,8,3,4,2,
1748,9,1,3,2,
1748,10,1,3,2,
1748,11,1,3,2,
1749,1,1,3,2,
1749,2,1,3,2,
1749,3,1,3,2,
1749,4,1,3,2,
1749,5,1,3,2,
1749,6,1,3,2,
1749,7,1,3,2,
1749,8,3,4,2,
1749,9,1,3,2,
1749,10,1,3,2,
1749,11,1,3,2,
1750,1,1,3,2,
1750,2,1,3,2,
1750,3,1,3,2,
1750,4,1,3,2,
1750,5,1,3,2,
1750,6,1,3,2,
1750,7,1,3,2,
1750,8,3,4,2,
1750,9,1,3,2,
1750,10,1,3,2,
1750,11,1,3,2,
1751,1,1,3,2,
1751,2,1,3,2,
1751,3,1,3,2,
1751,4,1,3,2,
1751,5,1,3,2,
1751,6,1,3,2,
1751,7,1,3,2,
1751,8,3,4,2,
1751,9,1,3,2,
1751,10,1,3,2,
1751,11,1,3,2,
1752,1,1,3,2,
1752,2,1,3,2,
1752,3,1,3,2,
1752,4,1,3,2,
1752,5,1,3,2,
1752,6,1,3,2,
1752,7,2,3,2,
1752,8,3,4,2,
1752,9,2,3,2,
1752,10,1,3,2,
1752,11,1,3,2,
1753,1,1,3,2,
1753,2,1,3,2,
1753,3,1,3,2,
1753,4,1,3,2,
1753,5,1,3,2,
1753,6,1,3,2,
1753,7,1,3,2,
1753,8,3,4,2,
1753,9,1,3,2,
1753,10,1,3,2,
1753,11,1,3,2,
1754,1,1,3,2,
1754,2,1,3,2,
1754,3,1,3,2,
1754,4,1,3,2,
1754,5,1,3,2,
1754,6,1,3,2,
1754,7,1,3,2,
1754,8,3,4,2,
1754,9,1,3,2,
1754,10,1,3,2,
1754,11,1,3,2,
1755,1,1,3,2,
1755,2,1,3,2,
1755,3,1,3,2,
1755,4,1,3,2,
1755,5,1,3,2,
1755,6,1,3,2,
1755,7,1,3,2,
1755,8,3,4,2,
1755,9,1,3,2,
1755,10,1,3,2,
1755,11,1,3,2,
1756,1,1,3,2,
1756,2,1,3,2,
1756,3,1,3,2,
1756,4,1,3,2,
1756,5,1,3,2,
1756,6,1,3,2,
1756,7,3,4,2,
1756,8,2,3,2,
1756,9,2,3,2,
1756,10,3,4,2,
1756,11,2,3,2,
1757,1,3,4,1,2
1757,2,3,4,2,
1757,3,1,3,2,
1757,4,3,4,2,
1757,5,3,4,1,2
1757,6,1,3,2,
1757,7,3,4,2,
1757,8,3,4,2,
1757,9,1,3,2,
1757,10,3,4,2,
1757,11,1,3,2,
1758,1,1,3,2,
1758,2,1,3,2,
1758,3,1,3,2,
1758,4,1,3,2,
1758,5,1,3,2,
1758,6,1,3,2,
1758,7,1,3,2,
1758,8,3,4,2,
1758,9,3,4,2,
1758,10,3,4,2,
1758,11,2,3,2,
1759,1,1,3,2,
1759,2,1,3,2,
1759,3,1,3,2,
1759,4,1,3,2,
1759,5,1,3,2,
1759,6,1,3,2,
1759,7,1,3,2,
1759,8,3,4,2,
1759,9,3,4,2,
1759,10,1,4,2,
1759,11,2,3,2,
1760,1,1,3,2,
1760,2,3,4,2,
1760,3,1,1,2,
1760,4,3,4,2,
1760,5,1,3,2,
1760,6,1,1,2,
1760,7,3,4,2,
1760,8,3,4,2,
1760,9,3,4,2,
1760,10,3,4,2,
1760,11,3,4,2,
1761,1,1,3,2,
1761,2,1,3,2,
1761,3,1,3,2,
1761,4,1,3,2,
1761,5,1,3,2,
1761,6,1,3,2,
1761,7,1,3,2,
1761,8,1,3,2,
1761,9,1,1,2,
1761,10,3,4,2,
1761,11,2,1,2,
1762,1,1,3,2,
1762,2,1,3,2,
1762,3,1,3,2,
1762,4,1,3,2,
1762,5,1,3,2,
1762,6,1,3,2,
1762,7,1,3,2,
1762,8,3,4,2,
1762,9,3,4,2,
1762,10,3,4,2,
1762,11,3,4,2,
1763,1,1,3,2,
1763,2,1,3,2,
1763,3,1,3,2,
1763,4,1,3,2,
1763,5,1,3,2,
1763,6,1,3,2,
1763,7,1,3,2,
1763,8,3,4,2,
1763,9,3,4,2,
1763,10,3,4,2,
1763,11,2,3,2,
1764,1,1,3,2,
1764,2,3,4,2,
1764,3,1,1,2,
1764,4,1,1,2,
1764,5,1,1,2,
1764,6,1,1,2,
1764,7,3,4,2,
1764,8,3,4,2,
1764,9,2,3,2,
1764,10,1,1,2,
1764,11,2,3,2,
1765,1,1,1,2,
1765,2,1,1,2,
1765,3,1,1,2,
1765,4,1,1,2,
1765,5,1,1,2,
1765,6,1,1,2,
1765,7,1,1,2,
1765,8,3,4,2,
1765,9,1,1,2,
1765,10,3,4,2,
1765,11,1,1,2,
1766,1,1,1,2,
1766,2,1,1,2,
1766,3,1,1,2,
1766,4,3,4,2,
1766,5,1,1,2,
1766,6,3,4,2,
1766,7,3,4,2,
1766,8,3,4,2,
1766,9,2,2,2,
1766,10,3,4,2,
1766,11,1,1,2,
1767,1,1,1,2,
1767,2,1,1,2,
1767,3,1,1,2,
1767,4,1,1,2,
1767,5,1,1,2,
1767,6,1,1,2,
1767,7,3,4,2,
1767,8,3,4,2,
1767,9,2,2,2,
1767,10,3,4,2,
1767,11,1,1,2,
1768,1,1,1,2,
1768,2,1,1,2,
1768,3,1,1,2,
1768,4,1,1,2,
1768,5,1,1,2,
1768,6,1,1,2,
1768,7,3,4,2,
1768,8,3,4,2,
1768,9,2,2,2,
1768,10,3,4,2,
1768,11,1,1,2,
1769,1,1,1,2,
1769,2,1,1,2,
1769,3,1,1,2,
1769,4,1,1,2,
1769,5,1,1,2,
1769,6,1,1,2,
1769,7,1,1,2,
1769,8,3,4,2,
1769,9,2,2,2,
1769,10,2,2,2,
1769,11,1,1,2,
1770,1,1,1,2,
1770,2,1,1,2,
1770,3,1,1,2,
1770,4,1,1,2,
1770,5,1,1,2,
1770,6,1,1,2,
1770,7,3,4,2,
1770,8,3,4,2,
1770,9,2,2,2,
1770,10,3,4,2,
1770,11,1,1,2,
1771,1,1,1,2,
1771,2,1,1,2,
1771,3,1,1,2,
1771,4,1,1,2,
1771,5,1,1,2,
1771,6,3,4,2,
1771,7,3,4,2,
1771,8,3,4,2,
1771,9,2,2,2,
1771,10,3,4,2,
1771,11,1,1,2,
1772,1,1,1,2,
1772,2,1,1,2,
1772,3,1,1,2,
1772,4,1,1,2,
1772,5,1,1,2,
1772,6,1,1,2,
1772,7,3,4,2,
1772,8,3,4,2,
1772,9,2,2,2,
1772,10,3,4,2,
1772,11,1,1,2,
1773,1,1,1,2,
1773,2,1,1,2,
1773,3,1,1,2,
1773,4,1,1,2,
1773,5,1,1,2,
1773,6,1,1,2,
1773,7,1,1,2,
1773,8,3,4,2,
1773,9,1,1,2,
1773,10,3,4,2,
1773,11,1,1,2,
1774,1,1,3,2,
1774,2,1,3,2,
1774,3,1,3,2,
1774,4,1,3,2,
1774,5,1,3,2,
1774,6,1,3,2,
1774,7,1,3,2,
1774,8,3,4,2,
1774,9,1,3,2,
1774,10,1,3,2,
1774,11,1,3,2,
1775,1,1,3,2,
1775,2,1,3,2,
1775,3,1,3,2,
1775,4,1,3,2,
1775,5,1,3,2,
1775,6,3,4,2,
1775,7,1,3,2,
1775,8,3,4,2,
1775,9,1,3,2,
1775,10,3,4,2,
1775,11,1,3,2,
1776,1,1,3,2,
1776,2,1,3,2,
1776,3,1,3,2,
1776,4,1,3,2,
1776,5,1,3,2,
1776,6,1,3,2,
1776,7,1,3,2,
1776,8,3,4,2,
1776,9,1,3,2,
1776,10,1,3,2,
1776,11,1,3,2,
1777,1,1,3,2,
1777,2,1,3,2,
1777,3,1,3,2,
1777,4,1,3,2,
1777,5,1,3,2,
1777,6,1,3,2,
1777,7,3,4,2,
1777,8,3,4,2,
1777,9,1,3,2,
1777,10,3,4,2,
1777,11,1,3,2,
1778,1,1,3,2,
1778,2,1,3,2,
1778,3,2,3,2,
1778,4,1,3,2,
1778,5,1,3,2,
1778,6,3,4,2,
1778,7,1,3,2,
1778,8,3,4,2,
1778,9,1,3,2,
1778,10,2,3,2,
1778,11,1,3,2,
1779,1,1,3,2,
1779,2,1,3,2,
1779,3,1,3,2,
1779,4,1,3,2,
1779,5,1,3,2,
1779,6,1,3,2,
1779,7,1,3,2,
1779,8,3,4,2,
1779,9,2,3,2,
1779,10,3,4,2,
1779,11,1,3,2,
1780,1,1,3,2,
1780,2,1,3,2,
1780,3,1,3,2,
1780,4,1,3,2,
1780,5,1,3,2,
1780,6,1,3,2,
1780,7,1,3,2,
1780,8,3,4,2,
1780,9,1,3,2,
1780,10,3,4,2,
1780,11,1,3,2,
1781,1,1,3,2,
1781,2,1,3,2,
1781,3,1,3,2,
1781,4,1,3,2,
1781,5,1,3,2,
1781,6,1,3,2,
1781,7,1,3,2,
1781,8,3,4,2,
1781,9,1,3,2,
1781,10,1,3,2,
1781,11,1,3,2,
1782,1,1,3,2,
1782,2,1,3,2,
1782,3,1,3,2,
1782,4,1,3,2,
1782,5,1,3,2,
1782,6,3,4,2,
1782,7,1,3,2,
1782,8,3,4,2,
1782,9,1,3,2,
1782,10,1,3,2,
1782,11,1,3,2,
1783,1,1,3,2,
1783,2,1,3,2,
1783,3,2,3,1,2
1783,4,1,3,2,
1783,5,1,3,2,
1783,6,1,3,2,
1783,7,3,4,2,
1783,8,3,4,2,
1783,9,3,4,2,
1783,10,1,3,2,
1783,11,1,3,2,
1784,1,1,3,2,
1784,2,1,3,2,
1784,3,1,3,2,
1784,4,1,3,2,
1784,5,1,3,2,
1784,6,1,3,2,
1784,7,1,3,2,
1784,8,3,4,2,
1784,9,1,3,2,
1784,10,1,3,2,
1784,11,1,3,2,
1785,1,1,3,2,
1785,2,1,3,2,
1785,3,1,3,2,
1785,4,1,3,2,
1785,5,1,3,2,
1785,6,1,3,2,
1785,7,1,3,2,
1785,8,3,4,2,
1785,9,1,3,2,
1785,10,3,4,2,
1785,11,2,2,2,
1786,1,1,3,2,
1786,2,1,3,2,
1786,3,1,3,2,
1786,4,1,3,2,
1786,5,1,3,2,
1786,6,1,3,2,
1786,7,1,3,2,
1786,8,3,4,2,
1786,9,1,3,2,
1786,10,3,4,2,
1786,11,3,4,2,
1787,1,1,3,2,
1787,2,1,3,2,
1787,3,1,3,2,
1787,4,1,3,2,
1787,5,1,3,2,
1787,6,1,3,2,
1787,7,3,4,2,
1787,8,3,4,2,
1787,9,2,2,1,2
1787,10,1,3,2,
1787,11,1,3,2,
1788,1,1,3,2,
1788,2,1,3,2,
1788,3,1,3,2,
1788,4,1,3,2,
1788,5,1,3,2,
1788,6,1,3,2,
1788,7,1,3,2,
1788,8,3,4,2,
1788,9,1,3,2,
1788,10,2,2,1,2
1788,11,2,2,2,
1789,1,1,3,2,
1789,2,1,3,2,
1789,3,1,3,2,
1789,4,1,3,2,
1789,5,1,3,2,
1789,6,1,3,2,
1789,7,1,3,2,
1789,8,3,4,2,
1789,9,1,3,2,
1789,10,3,4,2,
1789,11,1,3,2,
1790,1,1,3,2,
1790,2,1,3,2,
1790,3,1,3,2,
1790,4,1,3,2,
1790,5,1,3,2,
1790,6,1,3,2,
1790,7,1,3,2,
1790,8,3,4,2,
1790,9,2,2,2,
1790,10,3,4,2,
1790,11,1,3,2,
1791,1,1,3,2,
1791,2,1,3,2,
1791,3,1,3,2,
1791,4,1,3,2,
1791,5,1,3,2,
1791,6,1,3,2,
1791,7,1,3,2,
1791,8,3,4,2,
1791,9,1,3,2,
1791,10,2,2,2,
1791,11,1,3,2,
1792,1,2,3,2,
1792,2,1,3,2,
1792,3,1,3,2,
1792,4,3,4,2,
1792,5,1,3,2,
1792,6,1,3,2,
1792,7,2,3,2,
1792,8,3,4,2,
1792,9,2,3,2,
1792,10,2,3,2,
1792,11,2,3,2,
1793,1,2,3,2,
1793,2,1,3,2,
1793,3,1,3,2,
1793,4,1,3,2,
1793,5,1,3,2,
1793,6,1,3,2,
1793,7,3,4,2,
1793,8,3,4,2,
1793,9,2,3,2,
1793,10,2,3,2,
1793,11,2,3,2,
1794,1,2,3,2,
1794,2,1,3,2,
1794,3,1,3,2,
1794,4,1,3,2,
1794,5,1,3,2,
1794,6,3,4,2,
1794,7,1,3,2,
1794,8,3,4,2,
1794,9,2,3,2,
1794,10,2,3,2,
1794,11,2,3,2,
1795,1,2,3,2,
1795,2,1,3,2,
1795,3,1,3,2,
1795,4,1,3,2,
1795,5,1,3,2,
1795,6,1,3,2,
1795,7,2,3,2,
1795,8,3,4,2,
1795,9,2,3,2,
1795,10,2,3,2,
1795,11,2,3,2,
1796,1,1,3,2,
1796,2,1,3,2,
1796,3,1,3,2,
1796,4,1,3,2,
1796,5,1,3,2,
1796,6,3,4,2,
1796,7,1,3,2,
1796,8,3,4,2,
1796,9,3,4,2,
1796,10,3,4,2,
1796,11,2,3,2,
1797,1,2,3,2,
1797,2,1,3,2,
1797,3,1,3,2,
1797,4,1,3,2,
1797,5,1,3,2,
1797,6,1,3,2,
1797,7,1,3,2,
1797,8,3,4,2,
1797,9,2,3,2,
1797,10,2,3,2,
1797,11,2,3,2,
1798,1,2,3,2,
1798,2,1,3,2,
1798,3,1,3,2,
1798,4,1,3,2,
1798,5,1,3,2,
1798,6,1,3,2,
1798,7,1,3,2,
1798,8,3,4,2,
1798,9,2,3,2,
1798,10,2,3,2,
1798,11,2,3,2,
1799,1,2,3,2,
1799,2,1,3,2,
1799,3,1,3,2,
1799,4,1,3,2,
1799,5,1,3,2,
1799,6,1,3,2,
1799,7,1,3,2,
1799,8,3,4,2,
1799,9,2,3,2,
1799,10,2,3,2,
1799,11,2,3,2,
1800,1,2,3,2,
1800,2,1,3,2,
1800,3,1,3,2,
1800,4,1,3,2,
1800,5,1,3,2,
1800,6,1,3,2,
1800,7,3,4,2,
1800,8,3,4,2,
1800,9,2,3,2,
1800,10,3,4,2,
1800,11,3,4,2,
1801,1,1,3,2,
1801,2,1,3,2,
1801,3,1,3,2,
1801,4,3,4,2,
1801,5,1,3,2,
1801,6,1,3,2,
1801,7,2,2,2,
1801,8,3,4,2,
1801,9,2,2,2,
1801,10,1,3,2,
1801,11,1,3,2,
1802,1,1,3,2,
1802,2,1,3,2,
1802,3,1,3,2,
1802,4,2,2,1,1
1802,5,1,3,2,
1802,6,1,3,2,
1802,7,1,3,2,
1802,8,3,4,2,
1802,9,1,3,2,
1802,10,3,4,2,
1802,11,1,3,2,
1803,1,1,3,2,
1803,2,1,3,2,
1803,3,1,3,2,
1803,4,3,4,2,
1803,5,1,3,2,
1803,6,1,3,2,
1803,7,1,3,2,
1803,8,3,4,2,
1803,9,1,3,2,
1803,10,2,2,2,
1803,11,1,3,2,
1804,1,1,3,2,
1804,2,1,3,2,
1804,3,1,3,2,
1804,4,1,3,2,
1804,5,1,3,2,
1804,6,1,3,2,
1804,7,2,2,1,2
1804,8,3,4,2,
1804,9,2,2,2,
1804,10,3,4,2,
1804,11,1,1,2,
1805,1,1,1,2,
1805,2,1,3,2,
1805,3,1,3,2,
1805,4,1,3,2,
1805,5,1,3,2,
1805,6,1,3,2,
1805,7,1,3,2,
1805,8,3,4,2,
1805,9,2,2,2,
1805,10,2,2,2,
1805,11,1,3,2,
1806,1,1,3,2,
1806,2,1,3,2,
1806,3,1,3,2,
1806,4,1,3,2,
1806,5,1,3,2,
1806,6,1,3,2,
1806,7,1,3,2,
1806,8,3,4,2,
1806,9,1,3,2,
1806,10,2,2,2,
1806,11,1,3,2,
1807,1,1,3,2,
1807,2,1,3,2,
1807,3,1,3,2,
1807,4,1,3,2,
1807,5,1,3,2,
1807,6,1,3,2,
1807,7,1,3,2,
1807,8,3,4,2,
1807,9,2,2,2,
1807,10,1,3,2,
1807,11,1,3,2,
1808,1,1,3,2,
1808,2,1,3,2,
1808,3,1,3,2,
1808,4,1,3,2,
1808,5,1,3,2,
1808,6,1,3,2,
1808,7,1,3,2,
1808,8,3,4,2,
1808,9,1,3,2,
1808,10,1,3,2,
1808,11,2,2,2,
1809,1,1,3,2,
1809,2,1,3,2,
1809,3,1,3,2,
1809,4,1,3,2,
1809,5,1,3,2,
1809,6,1,3,2,
1809,7,2,2,2,
1809,8,3,4,2,
1809,9,1,3,2,
1809,10,1,3,2,
1809,11,1,3,2,
1810,1,1,3,2,
1810,2,1,3,2,
1810,3,1,3,2,
1810,4,1,3,2,
1810,5,1,3,2,
1810,6,1,3,2,
1810,7,1,3,2,
1810,8,3,4,2,
1810,9,1,3,2,
1810,10,1,3,2,
1810,11,1,3,2,
1811,1,1,3,2,
1811,2,1,3,2,
1811,3,1,3,2,
1811,4,1,3,2,
1811,5,1,3,2,
1811,6,1,3,2,
1811,7,1,3,2,
1811,8,3,4,2,
1811,9,1,3,2,
1811,10,1,3,2,
1811,11,1,3,2,
1812,1,1,3,2,
1812,2,1,3,2,
1812,3,1,3,2,
1812,4,1,3,2,
1812,5,1,3,2,
1812,6,1,3,2,
1812,7,1,3,2,
1812,8,3,4,2,
1812,9,1,3,2,
1812,10,1,3,2,
1812,11,1,3,2,
1813,1,1,3,2,
1813,2,1,3,2,
1813,3,1,3,2,
1813,4,1,3,2,
1813,5,1,3,2,
1813,6,1,3,2,
1813,7,1,3,2,
1813,8,3,4,2,
1813,9,1,3,2,
1813,10,1,3,2,
1813,11,1,3,2,
1814,1,1,3,2,
1814,2,1,3,2,
1814,3,1,3,2,
1814,4,1,3,2,
1814,5,1,3,2,
1814,6,1,3,2,
1814,7,1,3,2,
1814,8,3,4,2,
1814,9,1,3,2,
1814,10,1,3,2,
1814,11,1,3,2,
1815,1,1,3,2,
1815,2,1,3,2,
1815,3,1,3,2,
1815,4,1,3,2,
1815,5,1,3,2,
1815,6,1,3,2,
1815,7,1,3,2,
1815,8,3,4,2,
1815,9,1,3,2,
1815,10,1,3,2,
1815,11,1,3,2,
1816,1,1,3,2,
1816,2,1,3,2,
1816,3,1,3,2,
1816,4,1,3,2,
1816,5,1,3,2,
1816,6,1,3,2,
1816,7,1,3,2,
1816,8,3,4,2,
1816,9,1,3,2,
1816,10,1,3,2,
1816,11,1,3,2,
1817,1,1,3,2,
1817,2,1,3,2,
1817,3,1,3,2,
1817,4,1,3,2,
1817,5,1,3,2,
1817,6,1,3,2,
1817,7,1,3,2,
1817,8,3,4,2,
1817,9,1,3,2,
1817,10,1,3,2,
1817,11,1,3,2,
1818,1,1,3,2,
1818,2,1,3,2,
1818,3,1,3,2,
1818,4,1,3,2,
1818,5,1,3,2,
1818,6,1,3,2,
1818,7,1,3,2,
1818,8,3,4,2,
1818,9,1,3,2,
1818,10,1,3,2,
1818,11,1,3,2,
1819,1,1,3,2,
1819,2,1,3,2,
1819,3,1,3,2,
1819,4,1,3,2,
1819,5,1,3,2,
1819,6,1,3,2,
1819,7,3,4,2,
1819,8,3,4,2,
1819,9,2,3,2,
1819,10,3,4,2,
1819,11,1,3,2,
1820,1,1,3,2,
1820,2,1,3,2,
1820,3,1,3,2,
1820,4,1,3,2,
1820,5,1,3,2,
1820,6,1,3,2,
1820,7,1,3,2,
1820,8,3,4,2,
1820,9,1,3,2,
1820,10,1,3,2,
1820,11,1,3,2,
1821,1,1,3,2,
1821,2,1,3,2,
1821,3,1,3,2,
1821,4,1,3,2,
1821,5,1,3,2,
1821,6,1,3,2,
1821,7,1,3,2,
1821,8,3,4,2,
1821,9,2,3,2,
1821,10,1,3,2,
1821,11,1,3,2,
1822,1,1,3,2,
1822,2,1,3,2,
1822,3,1,3,2,
1822,4,1,3,2,
1822,5,1,3,2,
1822,6,1,3,2,
1822,7,1,3,2,
1822,8,3,4,2,
1822,9,1,3,2,
1822,10,1,3,2,
1822,11,1,3,2,
1823,1,1,3,2,
1823,2,1,3,2,
1823,3,1,3,2,
1823,4,1,3,2,
1823,5,1,3,2,
1823,6,1,3,2,
1823,7,1,3,2,
1823,8,3,4,2,
1823,9,2,3,2,
1823,10,1,3,2,
1823,11,1,3,2,
1824,1,1,3,2,
1824,2,1,3,2,
1824,3,1,3,2,
1824,4,1,3,2,
1824,5,1,3,2,
1824,6,1,3,2,
1824,7,3,4,2,
1824,8,3,4,2,
1824,9,1,3,2,
1824,10,3,4,2,
1824,11,1,3,2,
1825,1,1,3,2,
1825,2,1,3,2,
1825,3,2,3,2,
1825,4,1,3,2,
1825,5,1,3,2,
1825,6,1,3,2,
1825,7,1,3,2,
1825,8,1,3,2,
1825,9,1,3,2,
1825,10,1,3,2,
1825,11,1,3,2,
1826,1,1,3,2,
1826,2,1,3,2,
1826,3,1,3,2,
1826,4,1,3,2,
1826,5,1,3,2,
1826,6,1,3,2,
1826,7,1,3,2,
1826,8,3,4,2,
1826,9,1,3,2,
1826,10,1,3,2,
1826,11,1,3,2,
1827,1,1,3,2,
1827,2,1,3,2,
1827,3,1,3,2,
1827,4,1,3,2,
1827,5,1,3,2,
1827,6,1,3,2,
1827,7,1,3,2,
1827,8,3,4,2,
1827,9,1,3,2,
1827,10,1,3,2,
1827,11,1,3,2,
1828,1,1,3,2,
1828,2,1,3,2,
1828,3,1,3,2,
1828,4,3,4,2,
1828,5,1,3,2,
1828,6,3,4,2,
1828,7,1,3,2,
1828,8,3,4,2,
1828,9,2,3,2,
1828,10,3,4,2,
1828,11,2,3,2,
1829,1,1,3,2,
1829,2,1,3,2,
1829,3,1,3,2,
1829,4,1,3,2,
1829,5,3,4,2,
1829,6,3,4,2,
1829,7,3,4,2,
1829,8,3,4,2,
1829,9,2,3,2,
1829,10,1,3,2,
1829,11,1,3,2,
1830,1,1,3,2,
1830,2,1,3,2,
1830,3,1,3,2,
1830,4,1,3,2,
1830,5,1,3,2,
1830,6,1,3,2,
1830,7,1,3,2,
1830,8,1,3,2,
1830,9,1,3,2,
1830,10,1,3,2,
1830,11,1,3,2,
1831,1,1,3,2,
1831,2,1,3,2,
1831,3,1,3,2,
1831,4,1,3,2,
1831,5,1,3,2,
1831,6,1,3,2,
1831,7,3,4,2,
1831,8,3,4,2,
1831,9,2,3,2,
1831,10,3,4,2,
1831,11,2,3,2,
1832,1,1,3,2,
1832,2,1,3,2,
1832,3,1,3,2,
1832,4,1,3,2,
1832,5,1,3,2,
1832,6,1,3,2,
1832,7,1,3,2,
1832,8,3,4,2,
1832,9,2,3,2,
1832,10,3,4,2,
1832,11,2,3,2,
1833,1,1,3,2,
1833,2,1,3,2,
1833,3,1,3,2,
1833,4,1,3,2,
1833,5,1,3,2,
1833,6,1,3,2,
1833,7,1,3,2,
1833,8,3,4,2,
1833,9,2,3,2,
1833,10,3,4,2,
1833,11,1,3,2,
1834,1,1,3,2,
1834,2,1,3,2,
1834,3,1,3,2,
1834,4,1,3,2,
1834,5,1,3,2,
1834,6,3,4,2,
1834,7,1,3,2,
1834,8,3,4,2,
1834,9,1,3,2,
1834,10,1,3,2,
1834,11,1,3,2,
1835,1,1,3,2,
1835,2,1,3,2,
1835,3,1,3,2,
1835,4,1,3,2,
1835,5,1,3,2,
1835,6,1,3,2,
1835,7,3,4,2,
1835,8,3,4,2,
1835,9,2,3,2,
1835,10,3,4,2,
1835,11,1,3,2,
1836,1,1,3,2,
1836,2,1,3,2,
1836,3,1,3,2,
1836,4,1,3,2,
1836,5,1,3,2,
1836,6,1,3,2,
1836,7,1,3,2,
1836,8,3,4,2,
1836,9,2,3,2,
1836,10,3,4,2,
1836,11,1,3,2,
1837,1,1,3,2,
1837,2,1,3,2,
1837,3,1,3,2,
1837,4,1,3,2,
1837,5,1,3,2,
1837,6,1,3,2,
1837,7,1,3,2,
1837,8,3,3,2,
1837,9,1,3,2,
1837,10,1,3,2,
1837,11,1,3,2,
1838,1,1,1,2,
1838,2,1,1,2,
1838,3,1,1,2,
1838,4,1,1,2,
1838,5,1,3,2,
1838,6,1,3,2,
1838,7,1,1,2,
1838,8,3,4,2,
1838,9,1,1,2,
1838,10,1,1,2,
1838,11,1,1,2,
1839,1,1,1,2,
1839,2,1,1,2,
1839,3,1,1,2,
1839,4,1,1,2,
1839,5,1,1,2,
1839,6,1,1,2,
1839,7,1,1,2,
1839,8,3,4,2,
1839,9,1,1,2,
1839,10,1,1,2,
1839,11,1,1,2,
1840,1,1,1,2,
1840,2,1,1,2,
1840,3,1,1,2,
1840,4,1,1,2,
1840,5,1,1,2,
1840,6,1,1,2,
1840,7,1,1,2,
1840,8,3,4,2,
1840,9,1,1,2,
1840,10,1,1,2,
1840,11,1,1,2,
1841,1,1,1,2,
1841,2,1,1,2,
1841,3,1,1,2,
1841,4,1,1,2,
1841,5,1,1,2,
1841,6,1,1,2,
1841,7,1,1,2,
1841,8,3,4,2,
1841,9,1,1,2,
1841,10,1,1,2,
1841,11,1,1,2,
1842,1,1,1,2,
1842,2,1,3,2,
1842,3,1,1,2,
1842,4,1,3,2,
1842,5,1,3,2,
1842,6,1,3,2,
1842,7,1,1,2,
1842,8,3,4,2,
1842,9,1,1,2,
1842,10,3,4,2,
1842,11,1,1,2,
1843,1,1,1,2,
1843,2,1,3,2,
1843,3,1,1,2,
1843,4,1,3,2,
1843,5,1,3,2,
1843,6,1,3,2,
1843,7,1,1,2,
1843,8,3,4,2,
1843,9,1,4,2,
1843,10,1,4,2,
1843,11,1,1,2,
1844,1,1,1,2,
1844,2,1,3,2,
1844,3,1,1,2,
1844,4,1,3,2,
1844,5,1,3,2,
1844,6,1,3,2,
1844,7,1,1,2,
1844,8,3,4,2,
1844,9,1,3,2,
1844,10,1,3,2,
1844,11,1,1,2,
1845,1,1,1,2,
1845,2,1,3,2,
1845,3,1,1,2,
1845,4,1,3,2,
1845,5,1,3,2,
1845,6,1,3,2,
1845,7,1,1,2,
1845,8,3,4,2,
1845,9,1,1,2,
1845,10,1,1,2,
1845,11,1,1,2,
1846,1,1,3,2,
1846,2,1,3,2,
1846,3,2,3,2,
1846,4,1,1,2,
1846,5,1,1,2,
1846,6,2,1,2,
1846,7,2,1,2,
1846,8,1,3,2,
1846,9,2,3,2,
1846,10,2,3,2,
1846,11,1,1,2,
1847,1,1,1,2,
1847,2,1,3,2,
1847,3,2,3,2,
1847,4,1,3,2,
1847,5,1,1,2,
1847,6,2,1,2,
1847,7,1,1,2,
1847,8,1,1,2,
1847,9,2,3,2,
1847,10,2,2,2,
1847,11,1,3,2,
1848,1,2,3,1,1
1848,2,2,1,1,1
1848,3,2,3,1,2
1848,4,1,1,2,
1848,5,2,1,2,
1848,6,2,3,2,
1848,7,2,1,2,
1848,8,1,1,2,
1848,9,2,3,2,
1848,10,2,3,2,
1848,11,1,3,2,
1849,1,2,1,2,
1849,2,1,1,2,
1849,3,2,3,2,
1849,4,1,1,2,
1849,5,1,3,2,
1849,6,2,3,2,
1849,7,1,1,2,
1849,8,1,3,2,
1849,9,2,2,2,
1849,10,1,3,2,
1849,11,1,1,2,
1850,1,2,3,1,2
1850,2,2,3,1,1
1850,3,2,3,1,2
1850,4,1,1,2,
1850,5,2,1,2,
1850,6,2,3,2,
1850,7,2,1,2,
1850,8,2,3,2,
1850,9,2,3,2,
1850,10,2,2,2,
1850,11,1,1,2,
1851,1,1,3,2,
1851,2,2,3,2,
1851,3,2,1,2,
1851,4,1,3,2,
1851,5,1,3,2,
1851,6,1,3,2,
1851,7,1,1,2,
1851,8,1,3,2,
1851,9,2,2,2,
1851,10,1,1,2,
1851,11,1,1,2,
1852,1,1,3,2,
1852,2,1,3,2,
1852,3,1,1,2,
1852,4,1,1,2,
1852,5,1,1,2,
1852,6,1,3,2,
1852,7,1,1,2,
1852,8,1,1,2,
1852,9,2,3,2,
1852,10,2,3,2,
1852,11,1,3,2,
1853,1,1,1,2,
1853,2,1,1,2,
1853,3,1,3,2,
1853,4,1,1,2,
1853,5,1,1,2,
1853,6,2,3,2,
1853,7,2,1,2,
1853,8,3,4,2,
1853,9,1,3,2,
1853,10,1,3,2,
1853,11,1,1,2,
1854,1,2,3,2,
1854,2,2,3,2,
1854,3,2,1,2,
1854,4,2,3,2,
1854,5,2,3,2,
1854,6,2,1,2,
1854,7,1,3,2,
1854,8,1,3,2,
1854,9,2,2,2,
1854,10,2,2,2,
1854,11,1,1,2,
1855,1,1,3,2,
1855,2,3,4,2,
1855,3,1,3,2,
1855,4,3,4,2,
1855,5,1,3,2,
1855,6,3,4,2,
1855,7,1,3,2,
1855,8,2,3,2,
1855,9,3,4,2,
1855,10,1,3,2,
1855,11,1,3,2,
1856,1,1,3,2,
1856,2,3,4,2,
1856,3,1,3,2,
1856,4,1,3,2,
1856,5,1,3,2,
1856,6,3,4,2,
1856,7,3,4,2,
1856,8,2,3,2,
1856,9,1,3,2,
1856,10,3,4,2,
1856,11,3,4,2,
1857,1,1,3,2,
1857,2,1,3,2,
1857,3,1,3,2,
1857,4,3,4,2,
1857,5,1,3,2,
1857,6,3,4,2,
1857,7,3,4,2,
1857,8,2,3,2,
1857,9,1,3,2,
1857,10,1,3,2,
1857,11,1,3,2,
1858,1,1,3,2,
1858,2,3,4,2,
1858,3,1,3,2,
1858,4,3,4,2,
1858,5,1,3,2,
1858,6,3,4,2,
1858,7,3,4,2,
1858,8,2,3,2,
1858,9,1,3,2,
1858,10,3,4,2,
1858,11,3,4,2,
1859,1,1,3,2,
1859,2,1,3,2,
1859,3,1,3,2,
1859,4,3,4,2,
1859,5,1,3,2,
1859,6,3,4,2,
1859,7,3,4,2,
1859,8,2,3,2,
1859,9,3,4,2,
1859,10,1,3,2,
1859,11,1,3,2,
1860,1,1,3,2,
1860,2,3,4,2,
1860,3,1,3,2,
1860,4,3,4,2,
1860,5,1,3,2,
1860,6,3,4,2,
1860,7,3,4,2,
1860,8,2,3,2,
1860,9,1,3,2,
1860,10,3,4,2,
1860,11,1,3,2,
1861,1,1,3,2,
1861,2,3,4,2,
1861,3,1,3,2,
1861,4,3,4,2,
1861,5,1,3,2,
1861,6,3,4,2,
1861,7,3,4,2,
1861,8,2,3,2,
1861,9,1,3,2,
1861,10,3,4,2,
1861,11,1,3,2,
1862,1,1,3,2,
1862,2,3,4,2,
1862,3,1,3,2,
1862,4,1,3,2,
1862,5,1,3,2,
1862,6,3,4,2,
1862,7,3,4,2,
1862,8,1,3,2,
1862,9,1,3,2,
1862,10,3,4,2,
1862,11,1,3,2,
1863,1,1,3,2,
1863,2,3,4,2,
1863,3,1,3,2,
1863,4,3,4,2,
1863,5,1,3,2,
1863,6,3,4,2,
1863,7,1,3,2,
1863,8,2,3,2,
1863,9,3,4,2,
1863,10,3,4,2,
1863,11,1,3,2,
1864,1,1,3,2,
1864,2,3,4,2,
1864,3,1,3,2,
1864,4,2,3,2,
1864,5,1,3,2,
1864,6,3,4,2,
1864,7,1,3,2,
1864,8,2,3,2,
1864,9,3,4,2,
1864,10,1,3,2,
1864,11,1,3,2,
1865,1,1,3,2,
1865,2,3,4,2,
1865,3,1,3,2,
1865,4,3,4,2,
1865,5,1,3,2,
1865,6,3,4,2,
1865,7,1,3,2,
1865,8,2,3,2,
1865,9,1,3,2,
1865,10,3,4,2,
1865,11,3,4,2,
1866,1,1,3,2,
1866,2,3,4,2,
1866,3,1,3,2,
1866,4,3,4,2,
1866,5,1,3,2,
1866,6,3,4,2,
1866,7,3,4,2,
1866,8,1,3,2,
1866,9,1,3,2,
1866,10,3,4,2,
1866,11,1,3,2,
1867,1,1,3,2,
1867,2,3,4,2,
1867,3,1,3,2,
1867,4,3,4,2,
1867,5,1,3,2,
1867,6,3,4,2,
1867,7,3,4,2,
1867,8,2,3,2,
1867,9,3,4,2,
1867,10,1,3,2,
1867,11,1,3,2,
1868,1,1,3,2,
1868,2,3,4,2,
1868,3,1,3,2,
1868,4,3,4,2,
1868,5,1,3,2,
1868,6,3,4,2,
1868,7,1,3,2,
1868,8,1,3,2,
1868,9,1,3,2,
1868,10,3,4,2,
1868,11,1,3,2,
1869,1,2,3,2,
1869,2,3,4,2,
1869,3,2,3,2,
1869,4,3,4,2,
1869,5,1,3,2,
1869,6,3,4,2,
1869,7,3,4,2,
1869,8,2,3,2,
1869,9,1,3,2,
1869,10,3,4,2,
1869,11,2,3,2,
1870,1,1,3,2,
1870,2,3,4,2,
1870,3,1,3,2,
1870,4,3,4,2,
1870,5,1,3,2,
1870,6,3,4,2,
1870,7,1,3,2,
1870,8,2,3,2,
1870,9,3,4,2,
1870,10,3,4,2,
1870,11,1,3,2,
1871,1,2,3,2,
1871,2,3,4,2,
1871,3,2,3,2,
1871,4,3,3,2,
1871,5,1,3,2,
1871,6,3,4,2,
1871,7,3,4,2,
1871,8,2,3,2,
1871,9,3,4,2,
1871,10,1,3,2,
1871,11,1,3,2,
1872,1,1,3,2,
1872,2,3,4,2,
1872,3,1,3,2,
1872,4,3,4,2,
1872,5,1,3,2,
1872,6,3,4,2,
1872,7,1,3,2,
1872,8,1,3,2,
1872,9,3,4,2,
1872,10,1,3,2,
1872,11,1,3,2,
1873,1,1,3,2,
1873,2,2,3,2,
1873,3,2,3,2,
1873,4,3,4,2,
1873,5,1,3,2,
1873,6,1,3,2,
1873,7,1,3,2,
1873,8,2,3,2,
1873,9,1,3,2,
1873,10,2,3,2,
1873,11,2,3,2,
1874,1,1,3,2,
1874,2,1,3,2,
1874,3,2,3,2,
1874,4,3,4,2,
1874,5,1,3,2,
1874,6,1,3,2,
1874,7,1,3,2,
1874,8,2,3,2,
1874,9,1,3,2,
1874,10,3,4,2,
1874,11,2,3,2,
1875,1,1,3,2,
1875,2,1,3,2,
1875,3,2,3,2,
1875,4,3,4,2,
1875,5,1,3,2,
1875,6,1,3,2,
1875,7,1,3,2,
1875,8,2,3,2,
1875,9,1,3,2,
1875,10,1,3,2,
1875,11,2,3,2,
1876,1,1,3,2,
1876,2,1,3,2,
1876,3,2,3,2,
1876,4,3,4,2,
1876,5,1,3,2,
1876,6,1,3,2,
1876,7,1,3,2,
1876,8,2,2,2,
1876,9,1,3,2,
1876,10,3,4,2,
1876,11,2,3,2,
1877,1,1,3,2,
1877,2,1,3,2,
1877,3,2,3,2,
1877,4,3,4,2,
1877,5,1,3,2,
1877,6,1,3,2,
1877,7,1,3,2,
1877,8,3,4,2,
1877,9,1,3,2,
1877,10,3,4,2,
1877,11,2,3,2,
1878,1,1,3,2,
1878,2,1,3,2,
1878,3,2,3,2,
1878,4,3,4,2,
1878,5,1,3,2,
1878,6,1,3,2,
1878,7,1,3,2,
1878,8,2,3,2,
1878,9,1,3,2,
1878,10,2,3,2,
1878,11,2,3,2,
1879,1,1,3,2,
1879,2,2,3,2,
1879,3,2,3,2,
1879,4,3,4,2,
1879,5,1,3,2,
1879,6,1,3,2,
1879,7,1,3,2,
1879,8,2,2,2,
1879,9,1,3,2,
1879,10,2,3,2,
1879,11,2,3,2,
1880,1,1,3,2,
1880,2,1,3,2,
1880,3,2,3,2,
1880,4,3,4,2,
1880,5,1,3,2,
1880,6,1,3,2,
1880,7,1,3,2,
1880,8,2,3,2,
1880,9,1,3,2,
1880,10,2,3,2,
1880,11,2,3,2,
1881,1,1,1,2,
1881,2,1,3,2,
1881,3,2,3,2,
1881,4,3,4,2,
1881,5,1,3,2,
1881,6,1,3,2,
1881,7,1,3,2,
1881,8,2,2,2,
1881,9,2,3,2,
1881,10,2,3,2,
1881,11,2,2,2,
1882,1,2,3,2,
1882,2,1,1,2,
1882,3,1,1,2,
1882,4,3,4,2,
1882,5,1,1,2,
1882,6,1,1,2,
1882,7,1,1,2,
1882,8,3,4,2,
1882,9,1,1,2,
1882,10,3,4,2,
1882,11,1,1,2,
1883,1,1,1,2,
1883,2,1,1,2,
1883,3,1,1,2,
1883,4,3,4,2,
1883,5,1,1,2,
1883,6,1,1,2,
1883,7,1,1,2,
1883,8,3,4,2,
1883,9,1,1,2,
1883,10,3,4,2,
1883,11,1,1,2,
1884,1,1,1,2,
1884,2,1,1,2,
1884,3,1,1,2,
1884,4,1,1,2,
1884,5,1,1,2,
1884,6,1,1,2,
1884,7,1,1,2,
1884,8,3,4,2,
1884,9,1,1,2,
1884,10,1,1,2,
1884,11,1,1,2,
1885,1,2,3,2,
1885,2,1,1,2,
1885,3,1,1,2,
1885,4,3,4,2,
1885,5,1,1,2,
1885,6,1,1,2,
1885,7,1,1,2,
1885,8,3,4,2,
1885,9,1,1,2,
1885,10,3,4,2,
1885,11,1,1,2,
1886,1,1,1,2,
1886,2,1,1,2,
1886,3,1,1,2,
1886,4,3,4,2,
1886,5,1,1,2,
1886,6,1,1,2,
1886,7,1,1,2,
1886,8,3,4,2,
1886,9,1,3,2,
1886,10,3,4,2,
1886,11,1,1,2,
1887,1,2,3,2,
1887,2,1,1,2,
1887,3,1,1,2,
1887,4,3,4,2,
1887,5,1,1,2,
1887,6,1,1,2,
1887,7,3,4,2,
1887,8,3,4,2,
1887,9,2,3,2,
1887,10,3,4,2,
1887,11,1,1,2,
1888,1,1,1,2,
1888,2,1,1,2,
1888,3,1,1,2,
1888,4,3,4,2,
1888,5,1,1,2,
1888,6,1,1,2,
1888,7,1,1,2,
1888,8,3,4,2,
1888,9,2,3,2,
1888,10,3,4,2,
1888,11,1,3,2,
1889,1,2,1,2,
1889,2,1,1,2,
1889,3,1,1,2,
1889,4,3,4,2,
1889,5,1,1,2,
1889,6,1,1,2,
1889,7,2,3,2,
1889,8,3,4,2,
1889,9,1,1,2,
1889,10,3,4,2,
1889,11,1,1,2,
1890,1,1,1,2,
1890,2,1,1,2,
1890,3,1,1,2,
1890,4,3,4,2,
1890,5,1,1,2,
1890,6,1,1,2,
1890,7,1,1,2,
1890,8,3,4,2,
1890,9,1,1,2,
1890,10,1,1,2,
1890,11,1,1,2,
1891,1,2,3,2,
1891,2,1,3,2,
1891,3,1,3,2,
1891,4,1,3,2,
1891,5,1,3,2,
1891,6,3,4,2,
1891,7,2,3,2,
1891,8,3,4,2,
1891,9,2,3,2,
1891,10,2,3,2,
1891,11,2,2,2,
1892,1,2,3,2,
1892,2,2,3,1,2
1892,3,1,3,2,
1892,4,3,4,2,
1892,5,1,3,2,
1892,6,3,4,2,
1892,7,3,4,2,
1892,8,3,4,2,
1892,9,1,3,2,
1892,10,3,4,2,
1892,11,3,4,2,
1893,1,2,3,2,
1893,2,1,3,2,
1893,3,1,1,2,
1893,4,3,4,2,
1893,5,1,3,2,
1893,6,3,4,2,
1893,7,2,2,2,
1893,8,3,4,2,
1893,9,2,3,2,
1893,10,2,2,2,
1893,11,2,3,2,
1894,1,2,3,2,
1894,2,1,3,2,
1894,3,1,1,2,
1894,4,1,3,2,
1894,5,1,3,2,
1894,6,3,4,2,
1894,7,2,3,2,
1894,8,3,4,2,
1894,9,2,2,2,
1894,10,2,2,2,
1894,11,2,3,2,
1895,1,2,3,2,
1895,2,2,3,1,2
1895,3,1,1,2,
1895,4,3,4,2,
1895,5,1,3,2,
1895,6,1,3,2,
1895,7,2,3,2,
1895,8,2,3,2,
1895,9,2,3,2,
1895,10,3,4,2,
1895,11,2,2,2,
1896,1,2,3,2,
1896,2,1,3,2,
1896,3,1,1,2,
1896,4,1,3,2,
1896,5,1,3,2,
1896,6,3,4,2,
1896,7,2,3,2,
1896,8,3,4,2,
1896,9,2,3,2,
1896,10,2,3,2,
1896,11,2,2,2,
1897,1,2,3,2,
1897,2,1,3,2,
1897,3,1,1,2,
1897,4,1,3,2,
1897,5,1,3,2,
1897,6,3,4,2,
1897,7,1,3,2,
1897,8,3,4,2,
1897,9,2,3,2,
1897,10,3,4,2,
1897,11,2,2,2,
1898,1,2,3,2,
1898,2,1,3,2,
1898,3,1,1,2,
1898,4,3,4,2,
1898,5,1,3,1,1
1898,6,3,4,2,
1898,7,3,4,2,
1898,8,3,4,2,
1898,9,1,3,2,
1898,10,3,4,2,
1898,11,3,4,2,
1899,1,2,3,2,
1899,2,2,3,1,2
1899,3,1,1,2,
1899,4,1,3,2,
1899,5,1,3,2,
1899,6,1,3,2,
1899,7,2,2,2,
1899,8,3,4,2,
1899,9,2,3,2,
1899,10,2,3,2,
1899,11,2,3,2,
1900,1,1,3,2,
1900,2,3,4,2,
1900,3,1,3,2,
1900,4,3,4,2,
1900,5,1,3,2,
1900,6,3,4,2,
1900,7,1,3,2,
1900,8,1,3,2,
1900,9,1,3,2,
1900,10,1,3,2,
1900,11,1,3,2,
1901,1,1,3,2,
1901,2,3,4,2,
1901,3,1,3,2,
1901,4,3,4,2,
1901,5,1,3,2,
1901,6,3,4,2,
1901,7,1,3,2,
1901,8,1,3,2,
1901,9,1,3,2,
1901,10,1,4,2,
1901,11,2,3,2,
1902,1,2,3,2,
1902,2,3,4,2,
1902,3,2,3,2,
1902,4,3,4,2,
1902,5,1,3,2,
1902,6,1,3,2,
1902,7,1,3,2,
1902,8,2,3,2,
1902,9,2,3,2,
1902,10,1,3,2,
1902,11,2,3,2,
1903,1,1,3,2,
1903,2,3,4,2,
1903,3,1,3,2,
1903,4,3,4,2,
1903,5,1,3,2,
1903,6,3,4,2,
1903,7,1,3,2,
1903,8,1,3,2,
1903,9,1,3,2,
1903,10,1,3,2,
1903,11,1,3,2,
1904,1,1,3,2,
1904,2,3,4,2,
1904,3,1,3,2,
1904,4,3,4,2,
1904,5,1,3,2,
1904,6,1,3,2,
1904,7,1,3,2,
1904,8,1,3,2,
1904,9,1,3,2,
1904,10,3,4,2,
1904,11,1,3,2,
1905,1,1,3,2,
1905,2,3,4,2,
1905,3,1,3,2,
1905,4,3,4,2,
1905,5,1,3,2,
1905,6,1,3,2,
1905,7,1,3,2,
1905,8,1,3,2,
1905,9,1,3,2,
1905,10,1,3,2,
1905,11,1,3,2,
1906,1,1,3,2,
1906,2,3,4,2,
1906,3,1,3,2,
1906,4,3,4,2,
1906,5,1,3,2,
1906,6,3,4,2,
1906,7,3,4,2,
1906,8,3,4,2,
1906,9,2,3,2,
1906,10,3,4,2,
1906,11,2,3,2,
1907,1,1,3,2,
1907,2,3,4,2,
1907,3,1,3,2,
1907,4,3,4,2,
1907,5,1,3,2,
1907,6,3,4,2,
1907,7,1,3,2,
1907,8,1,3,2,
1907,9,1,3,2,
1907,10,1,3,2,
1907,11,1,3,2,
1908,1,1,3,2,
1908,2,3,4,2,
1908,3,1,3,2,
1908,4,3,4,2,
1908,5,1,3,2,
1908,6,3,4,2,
1908,7,3,4,2,
1908,8,1,3,2,
1908,9,2,3,2,
1908,10,3,4,2,
1908,11,1,3,2,
1909,1,1,1,2,
1909,2,1,1,2,
1909,3,2,3,2,
1909,4,2,3,2,
1909,5,1,1,2,
1909,6,1,1,2,
1909,7,1,1,2,
1909,8,1,3,2,
1909,9,1,3,2,
1909,10,1,3,2,
1909,11,1,3,2,
1910,1,1,1,2,
1910,2,2,3,2,
1910,3,1,1,2,
1910,4,2,3,2,
1910,5,1,1,2,
1910,6,1,1,2,
1910,7,1,1,2,
1910,8,1,1,2,
1910,9,1,1,2,
1910,10,1,1,2,
1910,11,1,1,2,
1911,1,1,1,2,
1911,2,2,3,2,
1911,3,1,1,2,
1911,4,2,3,2,
1911,5,1,1,2,
1911,6,1,1,2,
1911,7,1,1,2,
1911,8,1,1,2,
1911,9,1,1,2,
1911,10,1,1,2,
1911,11,1,1,2,
1912,1,1,1,2,
1912,2,2,3,2,
1912,3,1,1,2,
1912,4,2,3,2,
1912,5,1,1,2,
1912,6,1,1,2,
1912,7,1,1,2,
1912,8,3,4,2,
1912,9,1,1,2,
1912,10,1,1,2,
1912,11,1,1,2,
1913,1,1,1,2,
1913,2,2,3,2,
1913,3,1,1,2,
1913,4,2,3,2,
1913,5,1,1,2,
1913,6,1,1,2,
1913,7,1,1,2,
1913,8,1,1,2,
1913,9,1,1,2,
1913,10,1,1,2,
1913,11,1,1,2,
1914,1,1,1,2,
1914,2,2,3,2,
1914,3,1,1,2,
1914,4,2,3,2,
1914,5,1,1,2,
1914,6,1,1,2,
1914,7,1,1,2,
1914,8,1,1,2,
1914,9,1,1,2,
1914,10,1,1,2,
1914,11,1,1,2,
1915,1,1,1,2,
1915,2,2,3,2,
1915,3,1,1,2,
1915,4,2,3,2,
1915,5,1,1,2,
1915,6,1,1,2,
1915,7,1,1,2,
1915,8,1,1,2,
1915,9,1,1,2,
1915,10,1,1,2,
1915,11,1,1,2,
1916,1,1,1,2,
1916,2,2,3,2,
1916,3,1,1,2,
1916,4,2,3,2,
1916,5,1,1,2,
1916,6,1,1,2,
1916,7,1,1,2,
1916,8,1,1,2,
1916,9,1,1,2,
1916,10,1,1,2,
1916,11,1,1,2,
1917,1,1,1,2,
1917,2,1,1,2,
1917,3,1,1,2,
1917,4,2,3,2,
1917,5,1,1,2,
1917,6,1,1,2,
1917,7,1,1,2,
1917,8,3,1,2,
1917,9,1,1,2,
1917,10,1,1,2,
1917,11,1,1,2,
1918,1,1,3,2,
1918,2,3,4,2,
1918,3,1,3,2,
1918,4,3,4,2,
1918,5,1,3,2,
1918,6,1,3,2,
1918,7,1,3,2,
1918,8,1,3,2,
1918,9,3,4,2,
1918,10,1,3,2,
1918,11,1,3,2,
1919,1,1,3,2,
1919,2,3,4,2,
1919,3,1,3,2,
1919,4,3,4,2,
1919,5,1,3,2,
1919,6,1,3,2,
1919,7,1,3,2,
1919,8,3,4,2,
1919,9,1,3,2,
1919,10,1,3,2,
1919,11,1,3,2,
1920,1,1,3,2,
1920,2,3,4,2,
1920,3,1,3,2,
1920,4,3,4,2,
1920,5,1,3,2,
1920,6,1,3,2,
1920,7,1,3,2,
1920,8,1,3,2,
1920,9,1,3,2,
1920,10,1,3,2,
1920,11,1,3,2,
1921,1,1,3,2,
1921,2,3,4,2,
1921,3,1,3,2,
1921,4,3,4,2,
1921,5,1,3,2,
1921,6,1,3,2,
1921,7,1,3,2,
1921,8,1,3,2,
1921,9,1,3,2,
1921,10,1,3,2,
1921,11,1,3,2,
1922,1,1,3,2,
1922,2,3,4,2,
1922,3,1,3,2,
1922,4,3,4,2,
1922,5,1,3,2,
1922,6,1,3,2,
1922,7,1,3,2,
1922,8,3,4,2,
1922,9,1,3,2,
1922,10,1,3,2,
1922,11,1,3,2,
1923,1,1,3,2,
1923,2,3,4,2,
1923,3,1,3,2,
1923,4,3,4,2,
1923,5,1,3,2,
1923,6,1,3,2,
1923,7,1,3,2,
1923,8,3,4,2,
1923,9,1,3,2,
1923,10,1,3,2,
1923,11,1,3,2,
1924,1,1,3,2,
1924,2,3,4,2,
1924,3,1,3,2,
1924,4,3,4,2,
1924,5,1,3,2,
1924,6,1,3,2,
1924,7,1,3,2,
1924,8,3,4,2,
1924,9,1,3,2,
1924,10,1,3,2,
1924,11,1,3,2,
1925,1,1,3,2,
1925,2,3,4,2,
1925,3,1,3,2,
1925,4,3,4,2,
1925,5,1,3,2,
1925,6,1,3,2,
1925,7,1,3,2,
1925,8,3,4,2,
1925,9,1,3,2,
1925,10,1,3,2,
1925,11,1,3,2,
1926,1,1,3,2,
1926,2,3,4,2,
1926,3,1,3,2,
1926,4,3,4,2,
1926,5,1,3,2,
1926,6,1,3,2,
1926,7,1,3,2,
1926,8,3,4,2,
1926,9,1,3,2,
1926,10,1,3,2,
1926,11,1,3,2,
1927,1,1,3,2,
1927,2,1,3,2,
1927,3,1,3,2,
1927,4,3,4,2,
1927,5,1,3,2,
1927,6,3,4,2,
1927,7,1,3,2,
1927,8,3,4,2,
1927,9,3,4,2,
1927,10,3,4,2,
1927,11,3,4,2,
1928,1,1,3,2,
1928,2,1,3,2,
1928,3,1,3,2,
1928,4,3,4,2,
1928,5,1,3,2,
1928,6,3,4,2,
1928,7,3,4,2,
1928,8,3,4,2,
1928,9,1,3,2,
1928,10,1,3,2,
1928,11,1,3,2,
1929,1,1,3,2,
1929,2,1,3,2,
1929,3,1,3,2,
1929,4,1,3,2,
1929,5,1,3,2,
1929,6,1,3,2,
1929,7,1,3,2,
1929,8,3,4,2,
1929,9,3,4,2,
1929,10,3,4,2,
1929,11,3,4,2,
1930,1,1,3,2,
1930,2,1,3,2,
1930,3,1,3,2,
1930,4,3,4,2,
1930,5,1,3,2,
1930,6,1,3,2,
1930,7,2,2,2,
1930,8,3,4,2,
1930,9,1,3,2,
1930,10,2,2,2,
1930,11,2,3,2,
1931,1,1,3,2,
1931,2,1,3,2,
1931,3,1,3,2,
1931,4,3,4,2,
1931,5,1,3,2,
1931,6,3,4,2,
1931,7,3,4,2,
1931,8,3,4,2,
1931,9,3,4,2,
1931,10,1,3,2,
1931,11,3,4,2,
1932,1,1,3,2,
1932,2,1,3,2,
1932,3,1,3,2,
1932,4,3,4,2,
1932,5,1,3,2,
1932,6,1,3,2,
1932,7,3,4,2,
1932,8,3,4,2,
1932,9,3,4,2,
1932,10,3,4,2,
1932,11,3,4,2,
1933,1,1,3,2,
1933,2,1,3,2,
1933,3,3,4,2,
1933,4,3,4,2,
1933,5,1,3,2,
1933,6,1,3,2,
1933,7,3,4,2,
1933,8,3,4,2,
1933,9,3,4,2,
1933,10,3,4,2,
1933,11,3,4,2,
1934,1,1,3,2,
1934,2,3,4,2,
1934,3,1,3,2,
1934,4,1,3,2,
1934,5,1,3,2,
1934,6,3,4,2,
1934,7,3,4,2,
1934,8,3,4,2,
1934,9,3,4,2,
1934,10,3,4,2,
1934,11,3,4,2,
1935,1,1,3,2,
1935,2,1,3,2,
1935,3,1,3,2,
1935,4,1,3,2,
1935,5,1,3,2,
1935,6,3,4,2,
1935,7,1,3,2,
1935,8,3,4,2,
1935,9,3,4,2,
1935,10,3,4,2,
1935,11,1,3,2,
1936,1,1,3,2,
1936,2,1,3,2,
1936,3,1,3,2,
1936,4,1,3,2,
1936,5,1,3,2,
1936,6,1,3,2,
1936,7,1,3,2,
1936,8,1,3,2,
1936,9,1,3,2,
1936,10,1,3,2,
1936,11,1,3,2,
1937,1,1,3,2,
1937,2,1,3,2,
1937,3,1,3,2,
1937,4,1,3,2,
1937,5,1,3,2,
1937,6,1,3,2,
1937,7,1,3,2,
1937,8,1,3,2,
1937,9,1,3,2,
1937,10,1,3,2,
1937,11,1,3,2,
1938,1,1,3,2,
1938,2,1,3,2,
1938,3,1,3,2,
1938,4,1,3,2,
1938,5,1,3,2,
1938,6,1,3,2,
1938,7,1,3,2,
1938,8,1,3,2,
1938,9,1,3,2,
1938,10,1,3,2,
1938,11,1,3,2,
1939,1,1,3,2,
1939,2,1,3,2,
1939,3,1,3,2,
1939,4,1,3,2,
1939,5,1,3,2,
1939,6,1,3,2,
1939,7,1,3,2,
1939,8,1,3,2,
1939,9,1,3,2,
1939,10,1,3,2,
1939,11,1,3,2,
1940,1,1,2,2,
1940,2,1,3,2,
1940,3,1,3,2,
1940,4,1,3,2,
1940,5,1,3,2,
1940,6,1,3,2,
1940,7,1,3,2,
1940,8,1,3,2,
1940,9,1,3,2,
1940,10,1,3,2,
1940,11,1,3,2,
1941,1,1,3,2,
1941,2,1,3,2,
1941,3,1,3,2,
1941,4,1,3,2,
1941,5,1,3,2,
1941,6,1,3,2,
1941,7,1,3,2,
1941,8,1,3,2,
1941,9,1,3,2,
1941,10,1,3,2,
1941,11,1,3,2,
1942,1,1,4,2,
1942,2,1,4,2,
1942,3,1,4,2,
1942,4,1,4,2,
1942,5,1,4,2,
1942,6,1,4,2,
1942,7,1,4,2,
1942,8,1,4,2,
1942,9,1,4,2,
1942,10,1,4,2,
1942,11,1,4,2,
1943,1,1,3,2,
1943,2,1,3,2,
1943,3,1,3,2,
1943,4,1,3,2,
1943,5,1,3,2,
1943,6,1,3,2,
1943,7,1,3,2,
1943,8,1,3,2,
1943,9,1,3,2,
1943,10,1,3,2,
1943,11,1,3,2,
1944,1,1,3,2,
1944,2,1,3,2,
1944,3,1,3,2,
1944,4,1,3,2,
1944,5,1,3,2,
1944,6,1,3,2,
1944,7,1,3,2,
1944,8,1,3,2,
1944,9,1,3,2,
1944,10,1,3,2,
1944,11,1,3,2,
1945,1,2,3,2,
1945,2,2,3,2,
1945,3,2,3,2,
1945,4,1,1,1,1
1945,5,1,3,1,1
1945,6,1,3,2,
1945,7,1,1,2,
1945,8,2,3,2,
1945,9,1,3,2,
1945,10,1,1,2,
1945,11,2,3,2,
1946,1,2,3,2,
1946,2,2,3,2,
1946,3,2,3,2,
1946,4,2,3,2,
1946,5,1,3,1,1
1946,6,1,3,2,
1946,7,1,1,2,
1946,8,2,3,2,
1946,9,1,1,2,
1946,10,1,1,2,
1946,11,2,3,2,
1947,1,2,3,2,
1947,2,2,3,2,
1947,3,2,3,2,
1947,4,2,3,2,
1947,5,1,3,1,1
1947,6,1,3,2,
1947,7,1,1,2,
1947,8,2,3,2,
1947,9,1,3,2,
1947,10,1,1,2,
1947,11,2,3,1,2
1948,1,2,3,2,
1948,2,2,3,2,
1948,3,2,3,2,
1948,4,1,3,1,1
1948,5,1,3,1,1
1948,6,1,3,2,
1948,7,1,1,2,
1948,8,2,3,2,
1948,9,1,1,2,
1948,10,1,1,2,
1948,11,2,3,2,
1949,1,2,3,2,
1949,2,2,3,2,
1949,3,2,3,2,
1949,4,2,3,2,
1949,5,1,3,1,1
1949,6,1,3,2,
1949,7,1,1,2,
1949,8,2,3,2,
1949,9,1,1,2,
1949,10,1,1,2,
1949,11,2,3,2,
1950,1,2,3,1,2
1950,2,2,3,2,
1950,3,2,3,2,
1950,4,2,3,2,
1950,5,1,3,1,1
1950,6,1,3,2,
1950,7,1,1,2,
1950,8,2,3,1,2
1950,9,1,1,2,
1950,10,1,1,2,
1950,11,2,3,1,2
1951,1,2,3,2,
1951,2,2,3,2,
1951,3,2,3,2,
1951,4,2,3,2,
1951,5,1,3,1,1
1951,6,1,3,2,
1951,7,1,1,2,
1951,8,2,3,2,
1951,9,1,3,2,
1951,10,1,1,2,
1951,11,2,3,1,2
1952,1,2,3,2,
1952,2,2,3,2,
1952,3,2,3,2,
1952,4,2,3,2,
1952,5,1,3,1,1
1952,6,1,3,2,
1952,7,1,3,2,
1952,8,2,3,2,
1952,9,1,3,2,
1952,10,1,3,2,
1952,11,2,3,2,
1953,1,2,3,2,
1953,2,2,3,2,
1953,3,2,3,2,
1953,4,2,3,2,
1953,5,1,3,1,1
1953,6,1,3,2,
1953,7,1,3,2,
1953,8,2,3,2,
1953,9,1,3,2,
1953,10,1,3,2,
1953,11,2,3,2,
1954,1,2,3,2,
1954,2,2,3,2,
1954,3,2,3,2,
1954,4,2,3,2,
1954,5,1,3,2,
1954,6,1,3,2,
1954,7,3,3,2,
1954,8,2,3,2,
1954,9,2,3,2,
1954,10,2,3,2,
1954,11,2,3,2,
1955,1,2,3,2,
1955,2,2,3,2,
1955,3,2,3,2,
1955,4,2,3,2,
1955,5,1,3,2,
1955,6,1,3,2,
1955,7,1,3,2,
1955,8,2,3,2,
1955,9,2,3,2,
1955,10,2,3,2,
1955,11,2,3,2,
1956,1,2,3,2,
1956,2,2,3,2,
1956,3,2,3,2,
1956,4,2,3,2,
1956,5,1,3,2,
1956,6,1,3,2,
1956,7,3,3,2,
1956,8,2,3,2,
1956,9,2,3,2,
1956,10,2,3,2,
1956,11,2,3,2,
1957,1,2,3,2,
1957,2,2,3,2,
1957,3,2,3,2,
1957,4,2,3,2,
1957,5,1,3,2,
1957,6,1,3,2,
1957,7,1,3,2,
1957,8,2,3,2,
1957,9,2,3,2,
1957,10,3,3,2,
1957,11,2,3,2,
1958,1,2,3,2,
1958,2,2,3,2,
1958,3,2,3,2,
1958,4,2,3,2,
1958,5,1,3,2,
1958,6,1,3,2,
1958,7,3,3,2,
1958,8,2,3,2,
1958,9,2,3,2,
1958,10,2,3,2,
1958,11,2,3,2,
1959,1,2,3,2,
1959,2,1,3,2,
1959,3,2,3,2,
1959,4,2,3,2,
1959,5,1,3,2,
1959,6,1,3,2,
1959,7,3,3,2,
1959,8,2,3,2,
1959,9,2,3,2,
1959,10,3,3,2,
1959,11,2,3,2,
1960,1,2,3,2,
1960,2,2,3,2,
1960,3,2,3,2,
1960,4,2,3,2,
1960,5,1,3,2,
1960,6,1,3,2,
1960,7,1,3,2,
1960,8,2,3,2,
1960,9,2,3,2,
1960,10,3,3,2,
1960,11,2,3,2,
1961,1,2,3,2,
1961,2,2,3,2,
1961,3,2,3,2,
1961,4,2,3,2,
1961,5,1,3,2,
1961,6,1,3,2,
1961,7,1,3,2,
1961,8,2,3,2,
1961,9,2,3,2,
1961,10,2,3,2,
1961,11,2,3,2,
1962,1,2,3,2,
1962,2,1,3,2,
1962,3,2,3,2,
1962,4,2,3,2,
1962,5,1,3,2,
1962,6,1,3,2,
1962,7,1,3,2,
1962,8,2,3,2,
1962,9,2,3,2,
1962,10,3,3,2,
1962,11,2,3,2,
1963,1,1,3,2,
1963,2,1,3,2,
1963,3,1,3,2,
1963,4,1,3,2,
1963,5,1,3,2,
1963,6,1,3,2,
1963,7,1,3,2,
1963,8,2,3,2,
1963,9,1,3,2,
1963,10,1,3,2,
1963,11,1,3,2,
1964,1,1,3,2,
1964,2,1,3,2,
1964,3,1,3,2,
1964,4,2,3,2,
1964,5,1,3,2,
1964,6,1,3,2,
1964,7,1,3,2,
1964,8,2,3,2,
1964,9,1,3,2,
1964,10,1,3,2,
1964,11,1,3,2,
1965,1,1,3,2,
1965,2,1,3,2,
1965,3,1,3,2,
1965,4,1,3,2,
1965,5,1,3,2,
1965,6,1,3,2,
1965,7,1,3,2,
1965,8,2,3,2,
1965,9,1,3,2,
1965,10,1,3,2,
1965,11,1,3,2,
1966,1,1,3,2,
1966,2,1,3,2,
1966,3,1,3,2,
1966,4,1,3,2,
1966,5,1,3,2,
1966,6,1,3,2,
1966,7,1,3,2,
1966,8,2,3,2,
1966,9,1,3,2,
1966,10,1,3,2,
1966,11,1,3,2,
1967,1,1,3,2,
1967,2,1,3,2,
1967,3,1,3,2,
1967,4,1,3,2,
1967,5,1,3,2,
1967,6,1,3,2,
1967,7,1,3,2,
1967,8,2,3,2,
1967,9,1,3,2,
1967,10,1,3,2,
1967,11,1,3,2,
1968,1,1,3,2,
1968,2,1,3,2,
1968,3,1,3,2,
1968,4,1,3,2,
1968,5,1,3,2,
1968,6,1,3,2,
1968,7,1,3,2,
1968,8,2,3,2,
1968,9,1,3,2,
1968,10,1,3,2,
1968,11,1,3,2,
1969,1,1,3,2,
1969,2,1,3,2,
1969,3,1,3,2,
1969,4,1,3,2,
1969,5,1,3,2,
1969,6,1,3,2,
1969,7,1,3,2,
1969,8,2,3,2,
1969,9,1,3,2,
1969,10,1,3,2,
1969,11,1,3,2,
1970,1,1,3,2,
1970,2,1,3,2,
1970,3,1,3,2,
1970,4,1,3,2,
1970,5,1,3,2,
1970,6,1,3,2,
1970,7,1,3,2,
1970,8,2,3,2,
1970,9,1,3,2,
1970,10,1,3,2,
1970,11,1,3,2,
1971,1,1,3,2,
1971,2,1,3,2,
1971,3,1,3,2,
1971,4,1,3,2,
1971,5,1,3,2,
1971,6,1,3,2,
1971,7,1,3,2,
1971,8,2,3,2,
1971,9,1,3,2,
1971,10,1,3,2,
1971,11,1,3,2,
1972,1,1,1,2,
1972,2,1,3,2,
1972,3,1,1,2,
1972,4,1,1,2,
1972,5,1,1,2,
1972,6,1,1,2,
1972,7,1,1,2,
1972,8,3,4,2,
1972,9,2,2,2,
1972,10,3,4,2,
1972,11,1,3,2,
1973,1,1,1,2,
1973,2,1,3,2,
1973,3,1,1,2,
1973,4,3,4,2,
1973,5,1,1,2,
1973,6,1,1,2,
1973,7,3,4,2,
1973,8,3,4,2,
1973,9,2,2,2,
1973,10,3,4,2,
1973,11,1,3,2,
1974,1,1,1,2,
1974,2,1,3,2,
1974,3,1,1,2,
1974,4,1,1,2,
1974,5,1,1,2,
1974,6,1,1,2,
1974,7,1,1,2,
1974,8,3,4,2,
1974,9,2,2,2,
1974,10,3,4,2,
1974,11,1,3,2,
1975,1,1,1,2,
1975,2,1,3,2,
1975,3,1,1,2,
1975,4,1,1,2,
1975,5,1,1,2,
1975,6,1,1,2,
1975,7,1,1,2,
1975,8,3,4,2,
1975,9,2,2,2,
1975,10,3,4,2,
1975,11,1,3,2,
1976,1,1,1,2,
1976,2,1,3,2,
1976,3,1,1,2,
1976,4,3,4,2,
1976,5,1,1,2,
1976,6,3,4,2,
1976,7,3,4,2,
1976,8,3,4,2,
1976,9,2,2,2,
1976,10,3,4,2,
1976,11,1,3,2,
1977,1,1,1,2,
1977,2,1,3,2,
1977,3,1,1,2,
1977,4,1,1,2,
1977,5,1,1,2,
1977,6,1,1,2,
1977,7,1,1,2,
1977,8,3,4,2,
1977,9,2,2,2,
1977,10,3,4,2,
1977,11,1,3,2,
1978,1,1,1,2,
1978,2,1,3,2,
1978,3,1,1,2,
1978,4,1,1,2,
1978,5,1,1,2,
1978,6,1,1,2,
1978,7,1,1,2,
1978,8,3,4,2,
1978,9,2,2,2,
1978,10,3,4,2,
1978,11,1,3,2,
1979,1,1,1,2,
1979,2,1,3,2,
1979,3,1,1,2,
1979,4,3,4,2,
1979,5,1,1,2,
1979,6,1,1,2,
1979,7,1,1,2,
1979,8,3,4,2,
1979,9,2,2,2,
1979,10,3,4,2,
1979,11,1,3,2,
1980,1,1,1,2,
1980,2,1,3,2,
1980,3,1,1,2,
1980,4,3,4,2,
1980,5,1,1,2,
1980,6,3,4,2,
1980,7,1,1,2,
1980,8,3,4,2,
1980,9,2,2,2,
1980,10,3,4,2,
1980,11,1,3,2,
1981,1,2,3,2,
1981,2,3,4,2,
1981,3,3,4,2,
1981,4,3,4,2,
1981,5,1,3,2,
1981,6,1,3,2,
1981,7,3,4,2,
1981,8,3,4,2,
1981,9,1,3,2,
1981,10,3,4,2,
1981,11,2,3,2,
1982,1,1,3,2,
1982,2,3,4,2,
1982,3,3,4,2,
1982,4,3,4,2,
1982,5,1,3,2,
1982,6,1,3,2,
1982,7,3,4,2,
1982,8,3,4,2,
1982,9,1,3,2,
1982,10,3,4,2,
1982,11,2,3,2,
1983,1,1,3,2,
1983,2,3,4,2,
1983,3,3,4,2,
1983,4,1,3,2,
1983,5,1,3,2,
1983,6,1,3,2,
1983,7,3,4,2,
1983,8,3,4,2,
1983,9,1,3,2,
1983,10,1,3,2,
1983,11,2,3,2,
1984,1,1,3,2,
1984,2,3,4,2,
1984,3,3,4,2,
1984,4,3,4,2,
1984,5,1,3,2,
1984,6,1,3,2,
1984,7,3,4,2,
1984,8,3,4,2,
1984,9,3,4,2,
1984,10,3,4,2,
1984,11,2,3,2,
1985,1,1,3,2,
1985,2,3,4,2,
1985,3,3,4,2,
1985,4,1,3,2,
1985,5,1,3,2,
1985,6,1,3,2,
1985,7,3,4,2,
1985,8,3,4,2,
1985,9,1,3,2,
1985,10,3,4,2,
1985,11,3,3,2,
1986,1,2,3,2,
1986,2,3,4,2,
1986,3,3,4,2,
1986,4,3,4,2,
1986,5,1,3,2,
1986,6,1,3,2,
1986,7,3,4,2,
1986,8,3,4,2,
1986,9,3,4,2,
1986,10,3,4,2,
1986,11,2,3,2,
1987,1,3,4,2,
1987,2,3,4,2,
1987,3,3,4,2,
1987,4,3,4,2,
1987,5,1,3,2,
1987,6,1,3,2,
1987,7,3,4,2,
1987,8,3,4,2,
1987,9,1,3,2,
1987,10,1,3,2,
1987,11,2,3,2,
1988,1,1,3,2,
1988,2,3,4,2,
1988,3,3,4,2,
1988,4,1,3,2,
1988,5,1,3,2,
1988,6,1,3,2,
1988,7,3,4,2,
1988,8,3,4,2,
1988,9,1,3,2,
1988,10,3,4,2,
1988,11,2,3,2,
1989,1,2,3,2,
1989,2,3,4,2,
1989,3,3,4,2,
1989,4,3,4,2,
1989,5,1,3,2,
1989,6,1,3,2,
1989,7,3,4,2,
1989,8,3,4,2,
1989,9,1,3,2,
1989,10,3,4,2,
1989,11,3,3,2,
1990,1,1,3,2,
1990,2,1,3,2,
1990,3,1,3,2,
1990,4,1,3,2,
1990,5,1,3,2,
1990,6,1,3,2,
1990,7,1,3,2,
1990,8,3,4,2,
1990,9,1,3,2,
1990,10,1,3,2,
1990,11,1,3,2,
1991,1,1,1,2,
1991,2,1,3,2,
1991,3,1,3,2,
1991,4,1,3,1,1
1991,5,1,3,2,
1991,6,1,3,2,
1991,7,1,3,2,
1991,8,3,4,2,
1991,9,1,3,2,
1991,10,3,4,2,
1991,11,1,3,2,
1992,1,1,3,2,
1992,2,1,3,2,
1992,3,1,3,2,
1992,4,1,3,2,
1992,5,1,3,2,
1992,6,3,4,2,
1992,7,1,3,2,
1992,8,3,4,2,
1992,9,1,3,2,
1992,10,3,4,2,
1992,11,1,3,2,
1993,1,1,3,2,
1993,2,1,3,2,
1993,3,1,3,2,
1993,4,1,3,2,
1993,5,1,3,2,
1993,6,1,3,2,
1993,7,2,3,2,
1993,8,3,4,2,
1993,9,2,3,2,
1993,10,3,4,2,
1993,11,1,3,2,
1994,1,1,3,2,
1994,2,1,3,2,
1994,3,1,3,2,
1994,4,3,4,2,
1994,5,1,3,2,
1994,6,1,3,2,
1994,7,3,4,2,
1994,8,3,4,2,
1994,9,3,4,2,
1994,10,3,4,2,
1994,11,1,3,2,
1995,1,1,3,2,
1995,2,1,3,2,
1995,3,1,3,2,
1995,4,3,4,2,
1995,5,1,3,2,
1995,6,3,4,2,
1995,7,3,4,2,
1995,8,3,4,2,
1995,9,1,3,2,
1995,10,1,3,2,
1995,11,1,3,2,
1996,1,1,3,2,
1996,2,1,3,2,
1996,3,1,3,2,
1996,4,1,3,2,
1996,5,1,3,2,
1996,6,3,4,2,
1996,7,3,4,2,
1996,8,3,4,2,
1996,9,1,3,2,
1996,10,3,4,2,
1996,11,1,3,2,
1997,1,1,1,2,
1997,2,1,3,2,
1997,3,2,3,2,
1997,4,1,3,2,
1997,5,1,3,2,
1997,6,3,4,2,
1997,7,1,3,2,
1997,8,3,4,2,
1997,9,1,3,2,
1997,10,1,3,2,
1997,11,1,3,2,
1998,1,1,3,2,
1998,2,1,3,2,
1998,3,1,3,2,
1998,4,3,4,2,
1998,5,1,3,2,
1998,6,1,3,2,
1998,7,1,3,2,
1998,8,3,4,2,
1998,9,1,3,2,
1998,10,3,4,2,
1998,11,1,3,2,
1999,1,1,3,1,1
1999,2,1,3,2,
1999,3,1,3,2,
1999,4,3,4,2,
1999,5,1,3,2,
1999,6,3,4,2,
1999,7,1,3,2,
1999,8,3,4,2,
1999,9,1,3,2,
1999,10,3,4,2,
1999,11,1,3,2,
2000,1,1,3,2,
2000,2,1,3,2,
2000,3,1,3,2,
2000,4,1,3,2,
2000,5,1,3,2,
2000,6,1,3,2,
2000,7,1,3,2,
2000,8,3,4,2,
2000,9,1,3,2,
2000,10,1,3,2,
2000,11,1,3,2,
2001,1,1,3,2,
2001,2,1,3,2,
2001,3,1,3,2,
2001,4,1,3,2,
2001,5,1,3,2,
2001,6,1,3,2,
2001,7,1,3,2,
2001,8,3,4,2,
2001,9,1,3,2,
2001,10,3,4,2,
2001,11,1,3,2,
2002,1,1,3,2,
2002,2,1,3,2,
2002,3,1,3,2,
2002,4,3,4,2,
2002,5,1,3,2,
2002,6,3,4,2,
2002,7,3,4,2,
2002,8,3,4,2,
2002,9,3,4,2,
2002,10,3,4,2,
2002,11,1,3,2,
2003,1,1,3,2,
2003,2,1,3,2,
2003,3,1,3,2,
2003,4,1,3,2,
2003,5,1,3,2,
2003,6,1,3,2,
2003,7,3,4,2,
2003,8,3,4,2,
2003,9,3,4,2,
2003,10,3,4,2,
2003,11,1,3,2,
2004,1,1,3,2,
2004,2,1,3,2,
2004,3,1,3,2,
2004,4,1,3,2,
2004,5,1,3,2,
2004,6,1,3,2,
2004,7,1,3,2,
2004,8,3,4,2,
2004,9,1,3,2,
2004,10,1,3,2,
2004,11,1,3,2,
2005,1,1,3,2,
2005,2,1,3,2,
2005,3,1,3,2,
2005,4,1,3,2,
2005,5,1,3,2,
2005,6,1,3,2,
2005,7,1,3,2,
2005,8,3,4,2,
2005,9,1,3,2,
2005,10,3,4,2,
2005,11,1,3,2,
2006,1,1,3,2,
2006,2,1,3,2,
2006,3,1,3,2,
2006,4,1,3,2,
2006,5,1,3,2,
2006,6,1,3,2,
2006,7,1,3,2,
2006,8,3,4,2,
2006,9,3,4,2,
2006,10,3,4,2,
2006,11,1,3,2,
2007,1,1,3,2,
2007,2,1,3,2,
2007,3,1,3,2,
2007,4,3,4,2,
2007,5,1,3,2,
2007,6,1,3,2,
2007,7,1,3,2,
2007,8,3,4,2,
2007,9,1,3,2,
2007,10,3,4,2,
2007,11,1,3,2,
2008,1,3,4,2,
2008,2,3,4,2,
2008,3,3,4,2,
2008,4,1,3,2,
2008,5,1,3,2,
2008,6,1,3,2,
2008,7,1,3,2,
2008,8,3,4,2,
2008,9,3,4,2,
2008,10,1,3,2,
2008,11,1,3,2,
2009,1,3,4,2,
2009,2,3,4,2,
2009,3,3,4,2,
2009,4,1,3,2,
2009,5,1,3,2,
2009,6,1,3,2,
2009,7,1,3,2,
2009,8,3,4,2,
2009,9,3,4,2,
2009,10,1,3,2,
2009,11,1,3,2,
2010,1,3,4,2,
2010,2,3,4,2,
2010,3,3,4,2,
2010,4,1,3,2,
2010,5,1,3,2,
2010,6,1,3,2,
2010,7,1,3,2,
2010,8,3,4,2,
2010,9,3,4,2,
2010,10,3,4,2,
2010,11,1,3,2,
2011,1,3,4,2,
2011,2,3,4,2,
2011,3,3,4,2,
2011,4,1,3,2,
2011,5,1,3,2,
2011,6,1,3,2,
2011,7,1,3,2,
2011,8,3,4,2,
2011,9,1,3,2,
2011,10,1,3,2,
2011,11,1,3,2,
2012,1,3,4,2,
2012,2,3,4,2,
2012,3,3,4,2,
2012,4,1,3,2,
2012,5,1,3,2,
2012,6,1,3,2,
2012,7,1,3,2,
2012,8,3,4,2,
2012,9,3,4,2,
2012,10,3,4,2,
2012,11,1,3,2,
2013,1,3,4,2,
2013,2,3,4,2,
2013,3,3,4,2,
2013,4,1,3,2,
2013,5,1,3,2,
2013,6,1,3,2,
2013,7,3,4,2,
2013,8,3,4,2,
2013,9,1,1,2,
2013,10,1,1,2,
2013,11,1,1,2,
2014,1,3,4,2,
2014,2,3,4,2,
2014,3,3,4,2,
2014,4,3,4,2,
2014,5,1,3,2,
2014,6,1,3,2,
2014,7,1,3,2,
2014,8,3,4,2,
2014,9,1,3,2,
2014,10,3,4,2,
2014,11,1,3,2,
2015,1,3,4,2,
2015,2,3,4,2,
2015,3,3,4,2,
2015,4,1,3,2,
2015,5,1,3,2,
2015,6,1,3,2,
2015,7,3,4,2,
2015,8,3,4,2,
2015,9,1,3,2,
2015,10,3,4,2,
2015,11,1,3,2,
2016,1,3,4,2,
2016,2,3,4,2,
2016,3,3,4,2,
2016,4,3,4,2,
2016,5,1,3,2,
2016,6,1,3,2,
2016,7,1,3,2,
2016,8,3,4,2,
2016,9,3,4,2,
2016,10,1,3,2,
2016,11,1,3,2,
2017,1,1,3,2,
2017,2,1,3,2,
2017,3,1,3,2,
2017,4,1,3,2,
2017,5,1,3,2,
2017,6,1,3,2,
2017,7,1,3,2,
2017,8,1,3,2,
2017,9,1,3,2,
2017,10,1,3,2,
2017,11,1,3,2,
2018,1,1,1,2,
2018,2,1,3,2,
2018,3,1,3,2,
2018,4,3,4,2,
2018,5,1,3,2,
2018,6,1,3,2,
2018,7,1,3,2,
2018,8,3,4,2,
2018,9,1,3,2,
2018,10,1,3,2,
2018,11,1,3,2,
2019,1,1,1,2,
2019,2,1,3,2,
2019,3,1,3,2,
2019,4,3,4,2,
2019,5,1,3,1,1
2019,6,1,3,2,
2019,7,1,3,2,
2019,8,3,4,2,
2019,9,1,3,2,
2019,10,1,3,2,
2019,11,1,1,2,
2020,1,1,1,2,
2020,2,1,3,2,
2020,3,1,3,2,
2020,4,3,4,2,
2020,5,1,3,2,
2020,6,1,3,2,
2020,7,1,3,2,
2020,8,3,4,2,
2020,9,1,3,2,
2020,10,1,3,2,
2020,11,1,3,2,
2021,1,1,3,2,
2021,2,1,3,2,
2021,3,1,3,2,
2021,4,3,4,2,
2021,5,1,3,2,
2021,6,1,3,2,
2021,7,1,3,2,
2021,8,3,4,2,
2021,9,1,3,2,
2021,10,1,3,2,
2021,11,1,3,2,
2022,1,1,1,2,
2022,2,1,3,2,
2022,3,1,3,2,
2022,4,3,4,2,
2022,5,1,3,2,
2022,6,1,3,2,
2022,7,1,3,2,
2022,8,3,4,2,
2022,9,1,3,2,
2022,10,1,3,2,
2022,11,1,1,2,
2023,1,1,3,2,
2023,2,1,3,2,
2023,3,1,3,2,
2023,4,3,4,2,
2023,5,1,3,2,
2023,6,1,3,2,
2023,7,1,3,2,
2023,8,3,4,2,
2023,9,1,3,2,
2023,10,1,3,2,
2023,11,1,1,2,
2024,1,1,1,2,
2024,2,1,3,2,
2024,3,1,3,2,
2024,4,3,4,2,
2024,5,1,3,2,
2024,6,1,3,2,
2024,7,1,3,2,
2024,8,3,4,2,
2024,9,1,3,2,
2024,10,1,3,2,
2024,11,1,1,2,
2025,1,1,1,2,
2025,2,1,3,2,
2025,3,1,3,2,
2025,4,2,2,2,
2025,5,1,3,2,
2025,6,1,3,2,
2025,7,1,3,2,
2025,8,3,4,2,
2025,9,3,4,2,
2025,10,1,3,2,
2025,11,1,3,2,
2026,1,1,3,2,
2026,2,1,3,2,
2026,3,1,3,2,
2026,4,3,4,2,
2026,5,1,3,2,
2026,6,3,4,2,
2026,7,3,4,2,
2026,8,2,3,2,
2026,9,2,3,2,
2026,10,1,3,2,
2026,11,1,3,2,
2027,1,1,3,2,
2027,2,1,3,2,
2027,3,1,3,2,
2027,4,3,4,2,
2027,5,1,3,2,
2027,6,3,4,2,
2027,7,1,3,2,
2027,8,3,4,2,
2027,9,2,3,2,
2027,10,3,4,2,
2027,11,1,3,2,
2028,1,1,3,2,
2028,2,1,3,2,
2028,3,1,3,2,
2028,4,3,4,2,
2028,5,2,3,2,
2028,6,3,4,2,
2028,7,3,4,2,
2028,8,2,3,2,
2028,9,2,3,2,
2028,10,1,3,2,
2028,11,1,3,2,
2029,1,1,3,2,
2029,2,1,3,2,
2029,3,1,3,2,
2029,4,3,4,2,
2029,5,2,3,2,
2029,6,1,3,2,
2029,7,1,3,2,
2029,8,3,4,2,
2029,9,3,4,2,
2029,10,3,4,2,
2029,11,1,3,2,
2030,1,1,3,2,
2030,2,1,3,2,
2030,3,1,3,2,
2030,4,3,4,2,
2030,5,1,3,2,
2030,6,3,4,2,
2030,7,1,3,2,
2030,8,3,4,2,
2030,9,1,3,2,
2030,10,1,3,2,
2030,11,1,3,2,
2031,1,1,3,2,
2031,2,1,3,2,
2031,3,1,3,2,
2031,4,3,4,2,
2031,5,1,3,2,
2031,6,3,4,2,
2031,7,3,4,2,
2031,8,3,4,2,
2031,9,2,3,2,
2031,10,3,4,2,
2031,11,1,3,2,
2032,1,1,3,2,
2032,2,1,3,2,
2032,3,1,3,2,
2032,4,3,4,2,
2032,5,1,3,2,
2032,6,3,4,2,
2032,7,3,4,2,
2032,8,3,4,2,
2032,9,2,3,2,
2032,10,1,3,2,
2032,11,1,3,2,
2033,1,1,3,2,
2033,2,1,3,2,
2033,3,1,3,2,
2033,4,3,4,2,
2033,5,2,3,2,
2033,6,3,4,2,
2033,7,1,3,2,
2033,8,3,4,2,
2033,9,3,4,2,
2033,10,1,3,2,
2033,11,1,3,2,
2034,1,1,3,2,
2034,2,1,3,2,
2034,3,1,3,2,
2034,4,1,3,2,
2034,5,2,3,2,
2034,6,1,3,2,
2034,7,1,3,2,
2034,8,3,4,2,
2034,9,2,3,2,
2034,10,1,3,2,
2034,11,1,3,2,
2035,1,1,3,2,
2035,2,1,3,2,
2035,3,1,1,2,
2035,4,1,1,2,
2035,5,1,1,2,
2035,6,1,1,2,
2035,7,2,3,2,
2035,8,3,4,2,
2035,9,1,3,2,
2035,10,3,4,2,
2035,11,1,3,2,
2036,1,1,3,2,
2036,2,1,3,2,
2036,3,1,1,2,
2036,4,1,1,2,
2036,5,1,3,2,
2036,6,1,1,2,
2036,7,1,3,2,
2036,8,3,4,2,
2036,9,1,1,2,
2036,10,3,4,2,
2036,11,1,3,2,
2037,1,1,3,2,
2037,2,1,3,2,
2037,3,1,3,2,
2037,4,1,3,2,
2037,5,1,3,2,
2037,6,1,3,2,
2037,7,3,4,2,
2037,8,3,4,2,
2037,9,1,1,2,
2037,10,1,3,2,
2037,11,1,3,2,
2038,1,1,3,2,
2038,2,1,1,2,
2038,3,1,1,2,
2038,4,1,1,2,
2038,5,1,3,2,
2038,6,1,3,2,
2038,7,2,3,2,
2038,8,3,4,2,
2038,9,1,1,2,
2038,10,1,3,2,
2038,11,1,1,2,
2039,1,1,3,2,
2039,2,1,3,2,
2039,3,1,3,2,
2039,4,1,3,2,
2039,5,1,3,2,
2039,6,1,3,2,
2039,7,1,3,2,
2039,8,3,4,2,
2039,9,1,1,2,
2039,10,3,4,2,
2039,11,1,1,2,
2040,1,1,3,2,
2040,2,1,3,2,
2040,3,1,1,2,
2040,4,1,1,2,
2040,5,1,3,2,
2040,6,1,1,2,
2040,7,1,3,2,
2040,8,3,4,2,
2040,9,1,1,2,
2040,10,1,3,2,
2040,11,1,1,2,
2041,1,1,3,2,
2041,2,1,3,2,
2041,3,1,3,2,
2041,4,1,1,2,
2041,5,1,3,2,
2041,6,1,1,2,
2041,7,1,3,2,
2041,8,3,4,2,
2041,9,1,1,2,
2041,10,3,4,2,
2041,11,1,3,2,
2042,1,1,3,2,
2042,2,1,3,2,
2042,3,1,3,2,
2042,4,1,1,2,
2042,5,1,1,2,
2042,6,1,1,2,
2042,7,1,3,2,
2042,8,3,4,2,
2042,9,1,1,2,
2042,10,3,4,2,
2042,11,1,1,2,
2043,1,1,3,2,
2043,2,1,3,2,
2043,3,1,1,2,
2043,4,1,3,2,
2043,5,1,3,2,
2043,6,1,1,2,
2043,7,3,4,2,
2043,8,3,4,2,
2043,9,1,1,2,
2043,10,3,4,2,
2043,11,1,1,2,
2044,1,1,3,2,
2044,2,1,3,2,
2044,3,1,3,2,
2044,4,1,3,2,
2044,5,1,3,2,
2044,6,1,3,2,
2044,7,1,3,2,
2044,8,3,4,2,
2044,9,1,1,2,
2044,10,1,1,2,
2044,11,1,1,2,
2045,1,1,3,2,
2045,2,1,3,2,
2045,3,1,3,2,
2045,4,1,3,2,
2045,5,1,3,2,
2045,6,1,1,2,
2045,7,1,1,2,
2045,8,3,4,2,
2045,9,1,1,2,
2045,10,1,1,2,
2045,11,1,1,2,
2046,1,1,1,2,
2046,2,1,1,2,
2046,3,1,1,2,
2046,4,1,1,2,
2046,5,1,1,2,
2046,6,1,1,2,
2046,7,1,1,2,
2046,8,3,4,2,
2046,9,1,1,2,
2046,10,1,1,2,
2046,11,1,1,2,
2047,1,1,3,2,
2047,2,1,3,2,
2047,3,1,1,2,
2047,4,1,1,2,
2047,5,1,1,2,
2047,6,1,1,2,
2047,7,1,1,2,
2047,8,3,4,2,
2047,9,1,1,2,
2047,10,1,1,2,
2047,11,1,1,2,
2048,1,1,3,2,
2048,2,1,3,2,
2048,3,1,1,2,
2048,4,1,1,2,
2048,5,1,1,2,
2048,6,1,1,2,
2048,7,1,1,2,
2048,8,3,4,2,
2048,9,1,1,2,
2048,10,1,1,2,
2048,11,1,1,2,
2049,1,1,3,2,
2049,2,1,3,2,
2049,3,1,3,2,
2049,4,1,3,2,
2049,5,1,3,2,
2049,6,1,3,2,
2049,7,1,3,2,
2049,8,3,4,2,
2049,9,1,3,2,
2049,10,1,3,2,
2049,11,1,3,2,
2050,1,1,1,2,
2050,2,1,1,2,
2050,3,1,1,2,
2050,4,1,1,2,
2050,5,1,1,2,
2050,6,3,4,2,
2050,7,3,4,2,
2050,8,3,4,2,
2050,9,3,4,2,
2050,10,1,1,2,
2050,11,1,1,2,
2051,1,1,3,2,
2051,2,1,3,2,
2051,3,1,3,2,
2051,4,1,3,2,
2051,5,1,3,2,
2051,6,1,3,2,
2051,7,1,3,2,
2051,8,3,3,2,
2051,9,1,3,2,
2051,10,1,3,2,
2051,11,1,3,2,
2052,1,2,2,2,
2052,2,1,3,2,
2052,3,1,3,2,
2052,4,1,3,2,
2052,5,1,3,2,
2052,6,1,3,2,
2052,7,3,4,2,
2052,8,3,4,2,
2052,9,3,4,2,
2052,10,3,4,2,
2052,11,3,4,2,
2053,1,2,3,2,
2053,2,3,4,2,
2053,3,2,3,2,
2053,4,3,4,2,
2053,5,1,3,2,
2053,6,1,3,2,
2053,7,2,3,2,
2053,8,3,4,2,
2053,9,2,3,2,
2053,10,1,3,2,
2053,11,2,3,2,
2054,1,2,3,1,2
2054,2,3,4,2,
2054,3,2,3,2,
2054,4,3,4,2,
2054,5,1,3,2,
2054,6,1,3,2,
2054,7,1,3,2,
2054,8,3,4,2,
2054,9,1,3,2,
2054,10,2,3,2,
2054,11,1,3,2,
2055,1,2,3,2,
2055,2,3,4,2,
2055,3,2,3,2,
2055,4,3,4,2,
2055,5,1,3,2,
2055,6,1,3,2,
2055,7,1,3,2,
2055,8,3,4,2,
2055,9,2,3,2,
2055,10,3,4,2,
2055,11,2,3,2,
2056,1,2,3,2,
2056,2,2,3,2,
2056,3,2,3,2,
2056,4,3,4,2,
2056,5,1,3,2,
2056,6,1,3,2,
2056,7,1,3,2,
2056,8,3,4,2,
2056,9,1,3,2,
2056,10,1,3,2,
2056,11,1,3,2,
2057,1,2,3,2,
2057,2,2,3,2,
2057,3,2,3,2,
2057,4,3,4,2,
2057,5,1,3,2,
2057,6,1,3,2,
2057,7,1,3,2,
2057,8,3,4,2,
2057,9,1,3,2,
2057,10,2,3,2,
2057,11,1,3,2,
2058,1,2,3,1,2
2058,2,2,3,2,
2058,3,2,3,2,
2058,4,3,4,2,
2058,5,1,3,2,
2058,6,1,3,2,
2058,7,1,3,2,
2058,8,3,4,2,
2058,9,2,3,2,
2058,10,2,3,2,
2058,11,2,3,2,
2059,1,2,3,2,
2059,2,3,4,2,
2059,3,2,3,2,
2059,4,3,4,2,
2059,5,1,3,2,
2059,6,1,3,2,
2059,7,1,3,2,
2059,8,3,4,2,
2059,9,1,3,2,
2059,10,1,3,2,
2059,11,1,3,2,
2060,1,2,3,2,
2060,2,2,3,2,
2060,3,2,3,2,
2060,4,3,4,2,
2060,5,1,3,2,
2060,6,1,3,2,
2060,7,1,3,2,
2060,8,3,4,2,
2060,9,1,3,2,
2060,10,2,3,2,
2060,11,2,3,2,
2061,1,2,3,2,
2061,2,2,3,2,
2061,3,2,3,2,
2061,4,3,4,2,
2061,5,1,3,2,
2061,6,2,3,2,
2061,7,1,3,2,
2061,8,3,4,2,
2061,9,1,3,2,
2061,10,3,4,2,
2061,11,1,3,2,
2062,1,1,3,2,
2062,2,2,3,2,
2062,3,2,3,2,
2062,4,3,4,2,
2062,5,1,3,2,
2062,6,1,3,1,1
2062,7,1,3,2,
2062,8,3,4,2,
2062,9,1,1,1,1
2062,10,1,3,2,
2062,11,1,3,2,
2063,1,1,3,2,
2063,2,3,4,2,
2063,3,3,4,2,
2063,4,3,4,2,
2063,5,1,3,1,1
2063,6,3,4,2,
2063,7,3,4,2,
2063,8,3,4,2,
2063,9,3,4,2,
2063,10,3,4,2,
2063,11,1,3,2,
2064,1,1,3,1,2
2064,2,2,4,2,
2064,3,2,4,2,
2064,4,1,3,2,
2064,5,1,3,1,1
2064,6,3,4,2,
2064,7,3,4,2,
2064,8,3,4,2,
2064,9,3,4,2,
2064,10,1,3,2,
2064,11,1,3,2,
2065,1,1,3,2,
2065,2,2,3,2,
2065,3,2,3,2,
2065,4,3,4,2,
2065,5,1,3,2,
2065,6,1,3,1,1
2065,7,3,4,2,
2065,8,3,3,2,
2065,9,3,4,2,
2065,10,3,4,2,
2065,11,1,3,2,
2066,1,1,3,2,
2066,2,3,4,2,
2066,3,3,4,2,
2066,4,1,3,1,1
2066,5,1,3,1,1
2066,6,3,4,2,
2066,7,1,3,2,
2066,8,3,4,2,
2066,9,1,3,2,
2066,10,1,1,2,
2066,11,1,3,2,
2067,1,1,3,2,
2067,2,2,3,2,
2067,3,2,3,2,
2067,4,3,4,2,
2067,5,1,3,1,1
2067,6,3,4,2,
2067,7,3,4,2,
2067,8,3,4,2,
2067,9,1,1,1,1
2067,10,1,2,1,1
2067,11,1,3,2,
2068,1,1,3,1,2
2068,2,2,3,2,
2068,3,2,3,2,
2068,4,1,3,1,1
2068,5,1,3,2,
2068,6,3,4,2,
2068,7,3,4,2,
2068,8,3,4,2,
2068,9,1,3,2,
2068,10,3,4,2,
2068,11,1,3,2,
2069,1,1,3,2,
2069,2,3,3,2,
2069,3,3,3,2,
2069,4,1,3,1,1
2069,5,1,3,2,
2069,6,3,4,2,
2069,7,1,3,2,
2069,8,1,3,2,
2069,9,1,1,2,
2069,10,1,1,2,
2069,11,1,3,2,
2070,1,1,3,2,
2070,2,2,3,2,
2070,3,2,3,2,
2070,4,1,3,1,1
2070,5,1,3,1,1
2070,6,3,4,2,
2070,7,3,4,2,
2070,8,3,4,2,
2070,9,1,1,2,
2070,10,1,3,2,
2070,11,1,2,2,
2071,1,2,3,1,2
2071,2,2,3,2,
2071,3,2,3,1,2
2071,4,3,4,2,
2071,5,1,3,2,
2071,6,1,3,2,
2071,7,1,1,2,
2071,8,3,4,2,
2071,9,1,3,2,
2071,10,1,3,2,
2071,11,1,3,2,
2072,1,2,2,1,2
2072,2,2,3,2,
2072,3,2,3,1,2
2072,4,1,3,2,
2072,5,1,3,2,
2072,6,1,3,2,
2072,7,1,3,2,
2072,8,3,4,2,
2072,9,2,3,2,
2072,10,1,3,2,
2072,11,1,3,2,
2073,1,2,2,1,2
2073,2,2,3,2,
2073,3,2,3,1,2
2073,4,3,4,2,
2073,5,1,3,2,
2073,6,1,3,2,
2073,7,3,4,2,
2073,8,3,4,2,
2073,9,1,3,2,
2073,10,1,3,2,
2073,11,1,3,2,
2074,1,2,2,1,2
2074,2,2,3,1,2
2074,3,1,3,1,2
2074,4,1,3,2,
2074,5,1,3,2,
2074,6,1,3,2,
2074,7,1,3,2,
2074,8,3,4,2,
2074,9,1,3,2,
2074,10,1,3,2,
2074,11,1,3,2,
2075,1,2,2,1,2
2075,2,2,3,2,
2075,3,2,3,1,2
2075,4,3,4,2,
2075,5,1,3,2,
2075,6,1,3,2,
2075,7,1,3,2,
2075,8,3,4,2,
2075,9,1,3,2,
2075,10,1,3,2,
2075,11,1,3,2,
2076,1,2,2,1,2
2076,2,2,3,2,
2076,3,2,3,1,2
2076,4,3,4,2,
2076,5,1,3,2,
2076,6,1,3,2,
2076,7,1,3,2,
2076,8,3,4,2,
2076,9,1,3,2,
2076,10,1,3,2,
2076,11,1,3,2,
2077,1,2,2,1,2
2077,2,2,3,2,
2077,3,2,3,1,2
2077,4,3,4,2,
2077,5,1,3,2,
2077,6,1,3,2,
2077,7,1,3,2,
2077,8,3,4,2,
2077,9,1,3,2,
2077,10,1,3,2,
2077,11,1,3,2,
2078,1,2,2,1,2
2078,2,2,3,2,
2078,3,2,3,1,2
2078,4,1,3,2,
2078,5,1,3,2,
2078,6,1,3,2,
2078,7,1,3,2,
2078,8,3,4,2,
2078,9,1,3,2,
2078,10,1,3,2,
2078,11,1,3,2,
2079,1,2,3,1,2
2079,2,2,3,1,2
2079,3,2,3,1,2
2079,4,1,3,2,
2079,5,1,3,2,
2079,6,1,3,2,
2079,7,1,3,2,
2079,8,3,4,2,
2079,9,1,3,2,
2079,10,1,3,2,
2079,11,1,3,2,
2080,1,1,3,2,
2080,2,1,3,2,
2080,3,1,3,2,
2080,4,3,4,2,
2080,5,1,3,2,
2080,6,1,3,2,
2080,7,1,3,2,
2080,8,1,3,2,
2080,9,1,3,2,
2080,10,3,4,2,
2080,11,1,3,2,
2081,1,1,3,2,
2081,2,1,3,2,
2081,3,1,3,2,
2081,4,3,4,2,
2081,5,1,3,2,
2081,6,1,3,2,
2081,7,1,3,2,
2081,8,1,3,2,
2081,9,1,3,2,
2081,10,2,2,2,
2081,11,1,3,2,
2082,1,1,3,2,
2082,2,1,3,2,
2082,3,1,3,2,
2082,4,3,4,2,
2082,5,1,3,2,
2082,6,1,3,2,
2082,7,1,3,2,
2082,8,3,4,2,
2082,9,2,2,2,
2082,10,3,4,2,
2082,11,1,3,2,
2083,1,1,3,2,
2083,2,1,3,2,
2083,3,1,3,2,
2083,4,3,4,2,
2083,5,1,3,2,
2083,6,1,3,2,
2083,7,1,3,2,
2083,8,1,3,2,
2083,9,2,2,2,
2083,10,2,2,2,
2083,11,1,3,2,
2084,1,1,3,2,
2084,2,1,3,2,
2084,3,1,3,2,
2084,4,3,4,2,
2084,5,1,3,2,
2084,6,1,3,2,
2084,7,1,3,2,
2084,8,3,4,2,
2084,9,2,2,2,
2084,10,3,4,2,
2084,11,1,3,2,
2085,1,1,3,2,
2085,2,1,3,2,
2085,3,1,3,2,
2085,4,3,4,2,
2085,5,1,3,2,
2085,6,1,3,2,
2085,7,1,3,2,
2085,8,3,4,2,
2085,9,2,2,2,
2085,10,2,2,2,
2085,11,1,3,2,
2086,1,1,3,2,
2086,2,1,3,2,
2086,3,1,3,2,
2086,4,3,4,2,
2086,5,1,3,2,
2086,6,1,3,2,
2086,7,1,3,2,
2086,8,1,3,2,
2086,9,2,2,2,
2086,10,2,2,2,
2086,11,1,3,2,
2087,1,1,3,2,
2087,2,1,3,2,
2087,3,1,3,2,
2087,4,3,4,2,
2087,5,1,3,2,
2087,6,1,3,2,
2087,7,1,3,2,
2087,8,1,3,2,
2087,9,2,2,2,
2087,10,2,2,2,
2087,11,1,3,2,
2088,1,1,3,2,
2088,2,1,3,2,
2088,3,1,3,2,
2088,4,3,4,2,
2088,5,1,3,2,
2088,6,1,3,2,
2088,7,1,3,2,
2088,8,1,3,2,
2088,9,2,2,2,
2088,10,2,2,2,
2088,11,1,3,2,
2089,1,1,3,2,
2089,2,1,3,2,
2089,3,1,3,2,
2089,4,1,3,2,
2089,5,1,3,2,
2089,6,1,3,2,
2089,7,1,3,2,
2089,8,3,4,2,
2089,9,2,2,2,
2089,10,2,2,2,
2089,11,1,3,2,
2090,1,1,3,2,
2090,2,1,3,2,
2090,3,1,3,2,
2090,4,1,3,2,
2090,5,1,3,2,
2090,6,1,3,2,
2090,7,1,3,2,
2090,8,3,4,2,
2090,9,2,2,2,
2090,10,2,2,2,
2090,11,1,3,2,
2091,1,1,3,2,
2091,2,1,3,2,
2091,3,1,3,2,
2091,4,1,3,2,
2091,5,1,3,2,
2091,6,1,3,2,
2091,7,1,3,2,
2091,8,3,4,2,
2091,9,2,2,2,
2091,10,2,2,2,
2091,11,1,3,2,
2092,1,1,3,2,
2092,2,1,3,2,
2092,3,1,3,2,
2092,4,3,4,2,
2092,5,1,3,2,
2092,6,1,3,2,
2092,7,1,3,2,
2092,8,3,4,2,
2092,9,2,2,2,
2092,10,2,2,2,
2092,11,1,3,2,
2093,1,1,3,2,
2093,2,1,3,2,
2093,3,1,3,2,
2093,4,1,3,2,
2093,5,1,3,2,
2093,6,1,3,2,
2093,7,1,3,2,
2093,8,3,4,2,
2093,9,2,2,2,
2093,10,2,2,2,
2093,11,1,1,2,
2094,1,1,3,2,
2094,2,1,3,2,
2094,3,1,3,2,
2094,4,1,3,2,
2094,5,1,3,2,
2094,6,1,3,2,
2094,7,1,3,2,
2094,8,3,4,2,
2094,9,2,2,2,
2094,10,2,2,2,
2094,11,1,3,2,
2095,1,1,3,2,
2095,2,1,3,2,
2095,3,1,3,2,
2095,4,1,3,2,
2095,5,1,3,2,
2095,6,1,3,2,
2095,7,1,3,2,
2095,8,3,4,2,
2095,9,2,2,2,
2095,10,2,2,2,
2095,11,1,3,2,
2096,1,1,3,2,
2096,2,1,3,2,
2096,3,1,3,2,
2096,4,1,3,2,
2096,5,1,3,2,
2096,6,1,3,2,
2096,7,1,3,2,
2096,8,3,4,2,
2096,9,2,2,2,
2096,10,2,2,2,
2096,11,1,3,2,
2097,1,1,3,2,
2097,2,1,3,2,
2097,3,1,3,2,
2097,4,3,4,2,
2097,5,1,3,2,
2097,6,1,3,2,
2097,7,1,3,2,
2097,8,3,4,2,
2097,9,3,4,2,
2097,10,2,2,2,
2097,11,1,3,2,
2098,1,1,3,2,
2098,2,1,3,2,
2098,3,1,3,2,
2098,4,1,3,2,
2098,5,1,3,2,
2098,6,1,3,2,
2098,7,1,3,2,
2098,8,3,4,2,
2098,9,1,3,2,
2098,10,1,3,2,
2098,11,1,3,2,
2099,1,1,3,1,1
2099,2,1,3,2,
2099,3,1,3,2,
2099,4,1,3,1,1
2099,5,1,3,1,1
2099,6,1,3,2,
2099,7,1,3,2,
2099,8,3,4,2,
2099,9,1,3,2,
2099,10,1,3,2,
2099,11,1,3,2,
2100,1,1,3,2,
2100,2,1,3,2,
2100,3,1,3,2,
2100,4,1,3,2,
2100,5,1,3,2,
2100,6,1,3,2,
2100,7,1,3,2,
2100,8,3,4,2,
2100,9,1,3,2,
2100,10,1,3,2,
2100,11,1,3,2,
2101,1,1,3,1,1
2101,2,1,3,2,
2101,3,1,3,2,
2101,4,1,3,1,1
2101,5,1,3,2,3
2101,6,1,3,2,
2101,7,1,3,2,
2101,8,3,4,2,
2101,9,1,3,2,
2101,10,1,3,2,
2101,11,1,3,2,
2102,1,1,3,2,
2102,2,1,3,2,
2102,3,1,3,2,
2102,4,1,3,2,
2102,5,1,3,2,
2102,6,1,3,2,
2102,7,1,3,2,
2102,8,3,4,2,
2102,9,1,3,2,
2102,10,1,3,2,
2102,11,1,3,2,
2103,1,1,3,2,
2103,2,1,3,2,
2103,3,1,3,2,
2103,4,1,3,2,
2103,5,1,3,2,
2103,6,1,3,2,
2103,7,1,3,2,
2103,8,3,4,2,
2103,9,1,3,2,
2103,10,1,3,2,
2103,11,1,3,2,
2104,1,1,3,2,
2104,2,1,3,2,
2104,3,1,3,2,
2104,4,1,3,2,
2104,5,1,3,2,
2104,6,1,3,2,
2104,7,1,3,2,
2104,8,3,4,2,
2104,9,1,3,2,
2104,10,1,3,2,
2104,11,1,3,2,
2105,1,1,3,2,
2105,2,1,3,2,
2105,3,1,3,2,
2105,4,1,3,2,
2105,5,1,3,2,
2105,6,1,3,2,
2105,7,1,3,2,
2105,8,3,4,2,
2105,9,1,3,2,
2105,10,1,3,2,
2105,11,1,3,2,
2106,1,1,3,2,
2106,2,1,3,2,
2106,3,1,3,2,
2106,4,1,3,2,
2106,5,1,3,2,
2106,6,1,3,2,
2106,7,1,3,2,
2106,8,1,3,2,
2106,9,1,3,2,
2106,10,1,3,2,
2106,11,1,3,2,
2107,1,1,3,2,
2107,2,1,3,2,
2107,3,1,3,2,
2107,4,1,3,2,
2107,5,1,3,2,
2107,6,1,3,2,
2107,7,1,3,2,
2107,8,3,4,2,
2107,9,1,3,2,
2107,10,1,3,2,
2107,11,1,3,2,
2108,1,1,3,2,
2108,2,1,3,2,
2108,3,1,3,2,
2108,4,1,3,2,
2108,5,1,3,2,
2108,6,1,3,2,
2108,7,1,3,2,
2108,8,3,4,2,
2108,9,3,4,2,
2108,10,1,3,2,
2108,11,1,3,2,
2109,1,1,3,2,
2109,2,1,3,2,
2109,3,1,3,2,
2109,4,1,3,2,
2109,5,1,3,2,
2109,6,1,3,2,
2109,7,1,3,2,
2109,8,3,4,2,
2109,9,1,3,2,
2109,10,3,4,2,
2109,11,1,3,2,
2110,1,1,3,2,
2110,2,1,3,2,
2110,3,1,3,2,
2110,4,1,3,2,
2110,5,1,3,2,
2110,6,1,3,2,
2110,7,1,3,2,
2110,8,3,4,2,
2110,9,1,3,2,
2110,10,1,3,2,
2110,11,1,3,2,
2111,1,1,3,2,
2111,2,1,3,2,
2111,3,1,3,2,
2111,4,1,3,2,
2111,5,1,3,2,
2111,6,1,3,2,
2111,7,1,3,2,
2111,8,3,4,2,
2111,9,3,4,2,
2111,10,1,3,2,
2111,11,1,3,2,
2112,1,1,3,2,
2112,2,1,3,2,
2112,3,1,3,2,
2112,4,1,3,2,
2112,5,1,3,2,
2112,6,1,3,2,
2112,7,1,3,2,
2112,8,3,4,2,
2112,9,1,3,2,
2112,10,1,3,2,
2112,11,1,3,2,
2113,1,1,3,2,
2113,2,1,3,2,
2113,3,1,3,2,
2113,4,1,3,2,
2113,5,1,3,2,
2113,6,1,3,2,
2113,7,1,3,2,
2113,8,3,4,2,
2113,9,3,4,2,
2113,10,1,3,2,
2113,11,1,3,2,
2114,1,1,3,2,
2114,2,1,3,2,
2114,3,1,3,2,
2114,4,1,3,2,
2114,5,1,3,2,
2114,6,1,3,2,
2114,7,1,3,2,
2114,8,3,4,2,
2114,9,1,3,2,
2114,10,1,3,2,
2114,11,1,3,2,
2115,1,1,3,2,
2115,2,1,3,2,
2115,3,1,3,2,
2115,4,1,3,2,
2115,5,1,3,2,
2115,6,1,3,2,
2115,7,1,3,2,
2115,8,3,4,2,
2115,9,1,3,2,
2115,10,1,3,2,
2115,11,1,3,2,
2116,1,1,3,2,
2116,2,3,4,2,
2116,3,3,4,2,
2116,4,1,3,2,
2116,5,2,3,2,
2116,6,1,3,2,
2116,7,2,3,2,
2116,8,3,4,2,
2116,9,2,3,2,
2116,10,3,4,2,
2116,11,1,3,2,
2117,1,1,3,2,
2117,2,3,4,2,
2117,3,3,4,2,
2117,4,3,4,2,
2117,5,1,3,2,
2117,6,1,3,2,
2117,7,1,3,2,
2117,8,3,4,2,
2117,9,1,3,2,
2117,10,3,4,2,
2117,11,1,3,2,
2118,1,1,3,2,
2118,2,3,4,2,
2118,3,3,4,2,
2118,4,1,3,2,
2118,5,1,3,2,
2118,6,1,3,2,
2118,7,1,3,2,
2118,8,3,4,2,
2118,9,2,3,2,
2118,10,3,4,2,
2118,11,1,3,2,
2119,1,1,3,2,
2119,2,3,4,2,
2119,3,3,4,2,
2119,4,1,3,2,
2119,5,1,3,2,
2119,6,1,3,2,
2119,7,1,3,2,
2119,8,3,4,2,
2119,9,1,3,2,
2119,10,1,3,2,
2119,11,1,3,2,
2120,1,1,3,2,
2120,2,3,4,2,
2120,3,3,4,2,
2120,4,1,3,2,
2120,5,2,3,2,
2120,6,1,3,2,
2120,7,2,3,2,
2120,8,3,4,2,
2120,9,1,3,2,
2120,10,3,4,2,
2120,11,1,3,2,
2121,1,1,3,2,
2121,2,3,4,2,
2121,3,3,4,2,
2121,4,1,3,2,
2121,5,1,3,2,
2121,6,1,3,2,
2121,7,1,3,2,
2121,8,3,4,2,
2121,9,2,3,2,
2121,10,3,4,2,
2121,11,1,3,2,
2122,1,1,3,2,
2122,2,3,4,2,
2122,3,3,4,2,
2122,4,1,3,2,
2122,5,1,3,2,
2122,6,1,3,2,
2122,7,3,4,2,
2122,8,3,4,2,
2122,9,1,3,2,
2122,10,3,4,2,
2122,11,1,3,2,
2123,1,1,3,2,
2123,2,3,4,2,
2123,3,3,4,2,
2123,4,1,3,2,
2123,5,1,3,1,1
2123,6,1,3,2,
2123,7,3,4,2,
2123,8,3,4,2,
2123,9,1,3,2,
2123,10,3,4,2,
2123,11,1,3,2,
2124,1,1,3,2,
2124,2,3,4,2,
2124,3,3,4,2,
2124,4,1,3,1,1
2124,5,1,3,1,1
2124,6,1,3,2,
2124,7,3,4,2,
2124,8,3,4,2,
2124,9,1,3,2,
2124,10,3,4,2,
2124,11,1,3,2,
2125,1,1,3,2,
2125,2,2,3,2,
2125,3,1,3,2,
2125,4,1,3,2,
2125,5,1,3,2,
2125,6,1,3,2,
2125,7,1,3,2,
2125,8,1,3,2,
2125,9,3,4,2,
2125,10,3,4,2,
2125,11,1,3,2,
2126,1,1,3,2,
2126,2,2,3,2,
2126,3,1,3,2,
2126,4,1,3,2,
2126,5,1,3,2,
2126,6,1,3,2,
2126,7,1,3,2,
2126,8,1,3,2,
2126,9,1,3,2,
2126,10,1,3,2,
2126,11,1,3,2,
2127,1,1,3,2,
2127,2,2,3,2,
2127,3,1,3,2,
2127,4,2,3,2,
2127,5,1,3,2,
2127,6,1,3,2,
2127,7,1,3,2,
2127,8,1,3,2,
2127,9,1,3,2,
2127,10,3,4,2,
2127,11,1,3,2,
2128,1,1,3,2,
2128,2,2,3,2,
2128,3,1,3,2,
2128,4,1,3,2,
2128,5,1,3,2,
2128,6,1,3,2,
2128,7,1,3,2,
2128,8,2,3,2,
2128,9,1,3,2,
2128,10,1,3,2,
2128,11,1,3,2,
2129,1,1,3,2,
2129,2,2,3,2,
2129,3,1,3,2,
2129,4,1,3,2,
2129,5,1,3,2,
2129,6,1,3,2,
2129,7,1,3,2,
2129,8,1,3,2,
2129,9,1,3,2,
2129,10,1,3,2,
2129,11,1,3,2,
2130,1,1,3,2,
2130,2,2,3,2,
2130,3,1,3,2,
2130,4,1,3,2,
2130,5,1,3,2,
2130,6,1,3,2,
2130,7,1,3,2,
2130,8,1,3,2,
2130,9,3,4,2,
2130,10,3,4,2,
2130,11,1,3,2,
2131,1,1,3,2,
2131,2,2,3,2,
2131,3,1,3,2,
2131,4,2,3,2,
2131,5,1,3,2,
2131,6,1,3,2,
2131,7,1,3,2,
2131,8,1,3,2,
2131,9,1,3,2,
2131,10,1,3,2,
2131,11,1,3,2,
2132,1,1,3,2,
2132,2,2,3,2,
2132,3,1,3,2,
2132,4,2,3,2,
2132,5,1,3,2,
2132,6,1,3,2,
2132,7,1,3,2,
2132,8,1,3,2,
2132,9,1,3,2,
2132,10,3,4,2,
2132,11,1,3,2,
2133,1,1,3,2,
2133,2,2,3,2,
2133,3,1,3,2,
2133,4,2,3,2,
2133,5,1,3,2,
2133,6,1,3,2,
2133,7,1,3,2,
2133,8,1,3,2,
2133,9,3,4,2,
2133,10,1,3,2,
2133,11,1,3,2,
2134,1,1,3,2,
2134,2,1,3,2,
2134,3,1,3,2,
2134,4,1,3,2,
2134,5,1,3,2,
2134,6,1,1,2,
2134,7,1,1,2,
2134,8,2,3,2,
2134,9,1,3,2,
2134,10,3,4,2,
2134,11,1,3,2,
2135,1,1,3,2,
2135,2,1,3,2,
2135,3,1,3,2,
2135,4,1,3,2,
2135,5,1,1,2,
2135,6,1,3,2,
2135,7,1,3,2,
2135,8,2,3,2,
2135,9,1,3,2,
2135,10,3,4,2,
2135,11,1,3,2,
2136,1,1,3,2,
2136,2,1,3,2,
2136,3,1,3,2,
2136,4,1,3,2,
2136,5,1,3,2,
2136,6,1,3,2,
2136,7,1,3,2,
2136,8,2,3,2,
2136,9,1,3,2,
2136,10,1,3,2,
2136,11,1,3,2,
2137,1,1,3,2,
2137,2,1,3,2,
2137,3,1,3,2,
2137,4,1,3,2,
2137,5,1,3,2,
2137,6,1,3,2,
2137,7,1,3,2,
2137,8,2,3,2,
2137,9,1,3,2,
2137,10,1,3,2,
2137,11,1,3,2,
2138,1,1,3,2,
2138,2,1,3,2,
2138,3,1,1,2,
2138,4,1,3,2,
2138,5,1,3,2,
2138,6,1,1,2,
2138,7,1,1,2,
2138,8,2,3,2,
2138,9,1,3,2,
2138,10,3,4,2,
2138,11,1,3,2,
2139,1,1,3,2,
2139,2,1,3,2,
2139,3,1,3,2,
2139,4,1,3,2,
2139,5,1,3,2,
2139,6,1,3,2,
2139,7,1,3,2,
2139,8,2,3,2,
2139,9,1,3,2,
2139,10,3,4,2,
2139,11,1,3,2,
2140,1,1,3,2,
2140,2,1,3,2,
2140,3,1,3,2,
2140,4,1,3,2,
2140,5,1,3,2,
2140,6,1,3,2,
2140,7,1,3,2,
2140,8,2,3,2,
2140,9,1,3,2,
2140,10,1,3,2,
2140,11,1,3,2,
2141,1,1,3,2,
2141,2,1,3,2,
2141,3,1,3,2,
2141,4,1,3,2,
2141,5,1,3,2,
2141,6,1,1,2,
2141,7,1,1,2,
2141,8,2,3,2,
2141,9,1,3,2,
2141,10,3,4,2,
2141,11,1,3,2,
2142,1,1,3,2,
2142,2,1,3,2,
2142,3,1,3,2,
2142,4,1,3,2,
2142,5,1,3,2,
2142,6,1,3,2,
2142,7,1,1,2,
2142,8,2,3,2,
2142,9,1,3,2,
2142,10,1,3,2,
2142,11,1,3,2,
2143,1,1,1,2,
2143,2,2,2,2,
2143,3,2,2,2,
2143,4,1,1,2,
2143,5,1,1,2,
2143,6,1,1,2,
2143,7,1,1,2,
2143,8,2,2,2,
2143,9,2,2,2,
2143,10,2,2,2,
2143,11,1,1,2,
2144,1,1,1,2,
2144,2,2,2,2,
2144,3,2,2,2,
2144,4,2,2,2,
2144,5,1,1,2,
2144,6,1,1,2,
2144,7,1,1,2,
2144,8,3,4,2,
2144,9,2,2,2,
2144,10,2,2,2,
2144,11,1,1,2,
2145,1,1,1,2,
2145,2,2,2,2,
2145,3,2,2,2,
2145,4,2,2,2,
2145,5,1,1,2,
2145,6,1,1,2,
2145,7,2,2,2,
2145,8,2,2,2,
2145,9,2,2,2,
2145,10,1,1,2,
2145,11,1,1,2,
2146,1,1,1,2,
2146,2,2,2,2,
2146,3,2,2,2,
2146,4,1,1,2,
2146,5,1,1,2,
2146,6,1,1,2,
2146,7,1,1,2,
2146,8,2,2,2,
2146,9,2,2,2,
2146,10,2,2,2,
2146,11,1,1,2,
2147,1,1,1,2,
2147,2,2,2,2,
2147,3,2,2,2,
2147,4,1,1,2,
2147,5,1,1,2,
2147,6,2,2,2,
2147,7,2,2,2,
2147,8,2,2,2,
2147,9,2,2,2,
2147,10,1,1,2,
2147,11,1,1,2,
2148,1,1,1,2,
2148,2,2,2,2,
2148,3,2,2,2,
2148,4,1,1,2,
2148,5,1,1,2,
2148,6,2,2,2,
2148,7,2,2,2,
2148,8,3,4,2,
2148,9,2,2,2,
2148,10,2,2,2,
2148,11,2,2,2,
2149,1,1,1,2,
2149,2,2,2,2,
2149,3,2,2,2,
2149,4,1,1,2,
2149,5,1,1,2,
2149,6,1,1,2,
2149,7,1,1,2,
2149,8,3,4,2,
2149,9,2,2,2,
2149,10,2,2,2,
2149,11,1,1,2,
2150,1,1,1,2,
2150,2,2,2,2,
2150,3,2,2,2,
2150,4,1,1,2,
2150,5,1,1,2,
2150,6,1,1,2,
2150,7,2,2,2,
2150,8,2,2,2,
2150,9,2,2,2,
2150,10,2,2,2,
2150,11,1,1,2,
2151,1,1,1,2,
2151,2,2,2,2,
2151,3,2,2,2,
2151,4,1,1,2,
2151,5,1,1,2,
2151,6,1,1,2,
2151,7,1,1,2,
2151,8,2,2,2,
2151,9,2,2,2,
2151,10,2,2,2,
2151,11,1,1,2,
2152,1,1,3,2,
2152,2,1,3,2,
2152,3,1,3,2,
2152,4,1,3,2,
2152,5,1,3,2,
2152,6,1,1,2,
2152,7,1,1,2,
2152,8,2,3,2,
2152,9,1,1,2,
2152,10,1,1,2,
2152,11,1,1,2,
2153,1,1,3,2,
2153,2,1,3,2,
2153,3,1,3,2,
2153,4,3,4,2,
2153,5,1,1,2,
2153,6,1,1,2,
2153,7,1,1,2,
2153,8,3,4,2,
2153,9,1,1,2,
2153,10,1,1,2,
2153,11,1,1,2,
2154,1,1,3,2,
2154,2,1,3,2,
2154,3,1,3,2,
2154,4,1,3,1,1
2154,5,1,3,2,
2154,6,1,1,2,
2154,7,1,1,2,
2154,8,3,4,2,
2154,9,1,1,2,
2154,10,1,1,2,
2154,11,1,1,2,
2155,1,1,3,2,
2155,2,1,3,2,
2155,3,1,3,2,
2155,4,3,4,2,
2155,5,1,3,2,
2155,6,1,1,2,
2155,7,1,1,2,
2155,8,2,3,2,
2155,9,1,1,2,
2155,10,1,1,2,
2155,11,1,1,2,
2156,1,1,3,2,
2156,2,1,3,2,
2156,3,1,3,2,
2156,4,1,3,1,1
2156,5,1,3,2,
2156,6,1,1,2,
2156,7,1,1,2,
2156,8,2,3,2,
2156,9,1,1,2,
2156,10,1,1,2,
2156,11,1,1,2,
2157,1,1,3,2,
2157,2,1,3,2,
2157,3,1,3,2,
2157,4,1,3,2,
2157,5,1,3,2,
2157,6,1,1,2,
2157,7,1,1,2,
2157,8,2,3,2,
2157,9,1,1,2,
2157,10,1,1,2,
2157,11,1,1,2,
2158,1,1,3,2,
2158,2,1,3,2,
2158,3,1,3,2,
2158,4,1,3,2,
2158,5,1,3,2,
2158,6,1,1,2,
2158,7,1,1,2,
2158,8,2,3,2,
2158,9,1,1,2,
2158,10,1,1,2,
2158,11,1,1,2,
2159,1,1,3,2,
2159,2,1,3,2,
2159,3,1,3,2,
2159,4,1,3,2,
2159,5,1,3,2,
2159,6,1,1,2,
2159,7,1,1,2,
2159,8,2,3,2,
2159,9,1,1,2,
2159,10,1,1,2,
2159,11,1,1,2,
2160,1,1,3,2,
2160,2,1,3,2,
2160,3,1,3,2,
2160,4,1,3,2,
2160,5,1,3,2,
2160,6,1,1,2,
2160,7,1,1,2,
2160,8,3,4,2,
2160,9,1,1,2,
2160,10,1,1,2,
2160,11,1,1,2,
2161,1,1,3,2,
2161,2,1,3,2,
2161,3,1,1,2,
2161,4,3,4,2,
2161,5,1,1,2,
2161,6,3,4,2,
2161,7,3,4,2,
2161,8,3,4,2,
2161,9,2,2,2,
2161,10,2,2,2,
2161,11,2,3,2,
2162,1,1,1,2,
2162,2,1,3,2,
2162,3,1,1,2,
2162,4,1,1,2,
2162,5,1,3,2,
2162,6,3,4,2,
2162,7,3,4,2,
2162,8,3,4,2,
2162,9,2,2,2,
2162,10,3,4,2,
2162,11,3,4,2,
2163,1,1,1,2,
2163,2,1,3,2,
2163,3,1,3,2,
2163,4,3,4,2,
2163,5,1,1,2,
2163,6,3,4,2,
2163,7,3,4,2,
2163,8,3,4,2,
2163,9,2,2,2,
2163,10,3,4,2,
2163,11,2,3,2,
2164,1,1,3,2,
2164,2,1,3,2,
2164,3,1,1,2,
2164,4,1,3,2,
2164,5,1,3,2,
2164,6,3,4,2,
2164,7,2,2,2,
2164,8,3,4,2,
2164,9,2,2,2,
2164,10,2,2,2,
2164,11,2,3,2,
2165,1,1,1,2,
2165,2,1,1,2,
2165,3,1,1,2,
2165,4,1,1,2,
2165,5,1,1,2,
2165,6,3,4,2,
2165,7,1,1,2,
2165,8,3,4,2,
2165,9,3,4,2,
2165,10,2,2,2,
2165,11,2,3,2,
2166,1,1,1,2,
2166,2,1,3,2,
2166,3,1,1,2,
2166,4,1,3,2,
2166,5,1,3,2,
2166,6,3,4,2,
2166,7,1,1,2,
2166,8,3,4,2,
2166,9,2,2,2,
2166,10,3,4,2,
2166,11,2,3,2,
2167,1,1,1,2,
2167,2,1,3,2,
2167,3,1,1,2,
2167,4,1,3,2,
2167,5,1,3,2,
2167,6,3,4,2,
2167,7,3,4,2,
2167,8,3,4,2,
2167,9,2,2,2,
2167,10,3,4,2,
2167,11,3,4,2,
2168,1,1,1,2,
2168,2,1,3,2,
2168,3,1,1,2,
2168,4,3,4,2,
2168,5,1,3,2,
2168,6,3,4,2,
2168,7,3,4,2,
2168,8,3,4,2,
2168,9,3,4,2,
2168,10,3,4,2,
2168,11,2,3,2,
2169,1,1,1,2,
2169,2,1,1,2,
2169,3,1,1,2,
2169,4,1,1,2,
2169,5,1,1,2,
2169,6,1,1,2,
2169,7,1,1,2,
2169,8,3,4,2,
2169,9,1,1,2,
2169,10,3,4,2,
2169,11,2,3,2,
2170,1,1,3,2,
2170,2,1,3,2,
2170,3,1,3,2,
2170,4,1,3,2,
2170,5,1,3,2,
2170,6,3,4,2,
2170,7,3,4,2,
2170,8,3,4,2,
2170,9,3,4,2,
2170,10,1,3,2,
2170,11,1,3,2,
2171,1,2,3,2,
2171,2,2,3,2,
2171,3,2,3,2,
2171,4,1,3,2,
2171,5,1,3,2,
2171,6,1,3,2,
2171,7,3,4,2,
2171,8,3,4,2,
2171,9,2,3,2,
2171,10,2,3,2,
2171,11,1,3,2,
2172,1,1,3,2,
2172,2,1,3,2,
2172,3,1,3,2,
2172,4,1,3,2,
2172,5,1,3,2,
2172,6,1,3,2,
2172,7,3,4,2,
2172,8,3,4,2,
2172,9,2,3,2,
2172,10,3,4,2,
2172,11,1,3,2,
2173,1,1,3,2,
2173,2,1,3,2,
2173,3,1,3,2,
2173,4,1,3,2,
2173,5,1,3,2,
2173,6,1,3,2,
2173,7,3,4,2,
2173,8,3,4,2,
2173,9,3,4,2,
2173,10,3,4,2,
2173,11,1,3,2,
2174,1,2,3,2,
2174,2,2,3,2,
2174,3,2,3,2,
2174,4,1,3,2,
2174,5,1,3,2,
2174,6,3,4,2,
2174,7,1,3,2,
2174,8,3,4,2,
2174,9,3,4,2,
2174,10,3,4,2,
2174,11,1,3,2,
2175,1,1,3,2,
2175,2,1,3,2,
2175,3,1,3,2,
2175,4,1,3,2,
2175,5,1,3,2,
2175,6,1,3,2,
2175,7,3,4,2,
2175,8,3,4,2,
2175,9,2,3,2,
2175,10,3,4,2,
2175,11,1,3,2,
2176,1,2,3,2,
2176,2,2,3,2,
2176,3,1,3,2,
2176,4,1,3,2,
2176,5,1,3,2,
2176,6,3,4,2,
2176,7,3,4,2,
2176,8,3,4,2,
2176,9,1,3,2,
2176,10,3,4,2,
2176,11,1,3,2,
2177,1,2,3,2,
2177,2,2,3,2,
2177,3,2,3,2,
2177,4,1,3,2,
2177,5,1,3,2,
2177,6,1,3,2,
2177,7,3,4,2,
2177,8,3,4,2,
2177,9,2,3,2,
2177,10,1,3,2,
2177,11,1,3,2,
2178,1,2,3,2,
2178,2,2,3,2,
2178,3,2,3,2,
2178,4,1,3,2,
2178,5,1,3,2,
2178,6,1,3,2,
2178,7,3,4,2,
2178,8,3,4,2,
2178,9,3,4,2,
2178,10,3,4,2,
2178,11,1,3,2,
2179,1,1,3,2,
2179,2,1,3,2,
2179,3,1,3,2,
2179,4,1,3,2,
2179,5,1,3,2,
2179,6,1,3,2,
2179,7,1,3,2,
2179,8,3,4,2,
2179,9,1,3,2,
2179,10,1,3,2,
2179,11,1,3,2,
2180,1,1,3,2,
2180,2,1,3,2,
2180,3,1,3,2,
2180,4,1,3,2,
2180,5,1,3,2,
2180,6,1,3,2,
2180,7,2,3,2,
2180,8,3,3,2,
2180,9,2,3,2,
2180,10,1,3,2,
2180,11,1,3,2,
2181,1,1,3,2,
2181,2,1,3,2,
2181,3,1,3,2,
2181,4,1,3,2,
2181,5,1,3,2,
2181,6,1,3,2,
2181,7,1,3,2,
2181,8,3,4,2,
2181,9,1,3,2,
2181,10,1,3,2,
2181,11,1,3,2,
2182,1,1,3,2,
2182,2,1,3,2,
2182,3,1,3,2,
2182,4,1,3,2,
2182,5,1,3,2,
2182,6,1,3,2,
2182,7,1,3,2,
2182,8,3,4,2,
2182,9,1,3,2,
2182,10,1,3,2,
2182,11,1,3,2,
2183,1,1,3,2,
2183,2,1,3,2,
2183,3,1,3,2,
2183,4,1,3,2,
2183,5,1,3,2,
2183,6,1,3,2,
2183,7,1,3,2,
2183,8,3,4,2,
2183,9,1,3,2,
2183,10,1,3,2,
2183,11,1,3,2,
2184,1,2,3,2,
2184,2,1,3,2,
2184,3,1,3,2,
2184,4,1,3,2,
2184,5,1,3,2,
2184,6,1,3,2,
2184,7,1,3,2,
2184,8,3,4,2,
2184,9,2,3,2,
2184,10,1,3,2,
2184,11,1,3,2,
2185,1,1,3,2,
2185,2,1,3,2,
2185,3,1,3,2,
2185,4,1,3,2,
2185,5,1,3,2,
2185,6,1,3,2,
2185,7,1,3,2,
2185,8,3,4,2,
2185,9,1,3,2,
2185,10,1,3,2,
2185,11,1,3,2,
2186,1,1,3,2,
2186,2,1,3,2,
2186,3,1,3,2,
2186,4,1,3,2,
2186,5,1,3,2,
2186,6,1,3,2,
2186,7,1,3,2,
2186,8,3,4,2,
2186,9,1,3,2,
2186,10,1,3,2,
2186,11,1,3,2,
2187,1,1,3,2,
2187,2,1,3,2,
2187,3,1,3,2,
2187,4,1,3,2,
2187,5,1,3,2,
2187,6,1,3,2,
2187,7,1,3,2,
2187,8,3,4,2,
2187,9,1,3,2,
2187,10,1,3,2,
2187,11,1,3,2,
2188,1,1,3,2,
2188,2,1,3,2,
2188,3,1,3,2,
2188,4,1,3,2,
2188,5,2,2,2,
2188,6,1,3,2,
2188,7,3,4,2,
2188,8,2,3,2,
2188,9,1,3,2,
2188,10,3,4,2,
2188,11,2,1,2,
2189,1,2,3,2,
2189,2,1,3,2,
2189,3,1,3,2,
2189,4,1,3,2,
2189,5,2,2,2,
2189,6,1,3,2,
2189,7,3,4,2,
2189,8,3,4,2,
2189,9,3,4,2,
2189,10,1,4,2,
2189,11,2,3,2,
2190,1,1,3,2,
2190,2,1,3,2,
2190,3,1,3,2,
2190,4,1,3,2,
2190,5,1,2,2,
2190,6,1,3,2,
2190,7,3,4,2,
2190,8,3,4,2,
2190,9,1,3,2,
2190,10,1,3,2,
2190,11,1,1,2,
2191,1,1,3,2,
2191,2,1,3,2,
2191,3,1,3,2,
2191,4,1,3,2,
2191,5,1,3,2,
2191,6,1,3,2,
2191,7,1,3,2,
2191,8,3,4,2,
2191,9,2,3,1,2
2191,10,1,3,2,
2191,11,2,1,2,
2192,1,1,3,2,
2192,2,1,3,2,
2192,3,1,1,2,
2192,4,2,2,2,
2192,5,2,2,2,
2192,6,1,1,2,
2192,7,3,4,2,
2192,8,3,4,2,
2192,9,2,3,1,2
2192,10,3,4,2,
2192,11,2,1,2,
2193,1,1,3,2,
2193,2,1,3,2,
2193,3,1,3,2,
2193,4,1,3,2,
2193,5,2,2,2,
2193,6,1,1,2,
2193,7,1,3,2,
2193,8,3,4,2,
2193,9,2,3,2,
2193,10,1,3,2,
2193,11,2,3,2,
2194,1,2,3,1,2
2194,2,1,3,2,
2194,3,1,3,2,
2194,4,1,3,2,
2194,5,2,2,2,
2194,6,1,1,2,
2194,7,3,4,2,
2194,8,3,4,2,
2194,9,2,3,2,
2194,10,2,3,2,
2194,11,2,3,2,
2195,1,1,3,2,
2195,2,1,3,2,
2195,3,1,3,2,
2195,4,3,4,2,
2195,5,2,2,2,
2195,6,3,4,2,
2195,7,3,4,2,
2195,8,3,4,2,
2195,9,2,4,2,
2195,10,3,4,2,
2195,11,2,3,2,
2196,1,1,3,2,
2196,2,1,3,2,
2196,3,1,3,2,
2196,4,1,3,2,
2196,5,1,3,2,
2196,6,1,1,2,
2196,7,3,4,2,
2196,8,3,4,2,
2196,9,2,4,2,
2196,10,3,4,2,
2196,11,3,4,2,
2197,1,1,1,2,
2197,2,1,1,2,
2197,3,1,1,2,
2197,4,3,4,2,
2197,5,1,1,2,
2197,6,1,1,2,
2197,7,2,2,2,
2197,8,3,4,2,
2197,9,2,2,2,
2197,10,3,4,2,
2197,11,1,1,2,
2198,1,1,1,2,
2198,2,1,1,2,
2198,3,1,1,2,
2198,4,1,1,2,
2198,5,1,1,2,
2198,6,1,1,2,
2198,7,1,1,2,
2198,8,2,3,2,
2198,9,1,1,2,
2198,10,1,1,2,
2198,11,1,1,2,
2199,1,1,1,2,
2199,2,1,1,2,
2199,3,1,1,2,
2199,4,1,1,2,
2199,5,1,1,2,
2199,6,1,1,2,
2199,7,2,2,2,
2199,8,2,2,2,
2199,9,2,2,2,
2199,10,3,4,2,
2199,11,1,1,2,
2200,1,1,1,2,
2200,2,1,1,2,
2200,3,1,1,2,
2200,4,1,1,2,
2200,5,1,1,2,
2200,6,1,1,2,
2200,7,1,1,2,
2200,8,3,4,2,
2200,9,2,4,2,
2200,10,3,4,2,
2200,11,1,1,2,
2201,1,1,1,2,
2201,2,1,1,2,
2201,3,1,1,2,
2201,4,3,4,2,
2201,5,1,1,2,
2201,6,1,1,2,
2201,7,2,2,2,
2201,8,3,4,2,
2201,9,2,2,2,
2201,10,3,4,2,
2201,11,1,1,2,
2202,1,1,1,2,
2202,2,1,1,2,
2202,3,1,1,2,
2202,4,1,1,2,
2202,5,1,1,2,
2202,6,1,1,2,
2202,7,2,2,2,
2202,8,3,4,2,
2202,9,2,2,2,
2202,10,3,4,2,
2202,11,1,1,2,
2203,1,1,1,2,
2203,2,1,1,2,
2203,3,1,1,2,
2203,4,1,1,2,
2203,5,1,1,2,
2203,6,1,1,2,
2203,7,2,2,2,
2203,8,3,4,2,
2203,9,1,1,2,
2203,10,3,4,2,
2203,11,1,1,2,
2204,1,1,1,2,
2204,2,1,1,2,
2204,3,1,1,2,
2204,4,1,1,2,
2204,5,1,1,2,
2204,6,1,1,2,
2204,7,3,4,2,
2204,8,2,2,2,
2204,9,2,2,2,
2204,10,3,4,2,
2204,11,1,1,2,
2205,1,1,1,2,
2205,2,1,1,2,
2205,3,1,1,2,
2205,4,1,1,2,
2205,5,1,1,2,
2205,6,1,1,2,
2205,7,2,2,2,
2205,8,3,4,2,
2205,9,2,2,2,
2205,10,1,1,2,
2205,11,1,1,2,
2206,1,1,3,2,
2206,2,1,3,2,
2206,3,1,3,2,
2206,4,1,3,2,
2206,5,1,3,2,
2206,6,1,3,2,
2206,7,1,3,2,
2206,8,3,4,2,
2206,9,1,3,2,
2206,10,1,3,2,
2206,11,1,3,2,
2207,1,1,3,2,
2207,2,1,3,2,
2207,3,1,3,2,
2207,4,1,3,2,
2207,5,1,3,2,
2207,6,1,3,2,
2207,7,3,4,2,
2207,8,3,4,2,
2207,9,2,3,2,
2207,10,1,3,2,
2207,11,1,3,2,
2208,1,1,3,2,
2208,2,1,3,2,
2208,3,1,3,2,
2208,4,1,3,2,
2208,5,1,3,2,
2208,6,3,4,2,
2208,7,1,3,2,
2208,8,3,4,2,
2208,9,1,3,2,
2208,10,1,3,2,
2208,11,1,3,2,
2209,1,1,3,2,
2209,2,1,3,2,
2209,3,1,3,2,
2209,4,3,4,2,
2209,5,1,3,2,
2209,6,3,4,2,
2209,7,1,3,2,
2209,8,3,4,2,
2209,9,1,3,2,
2209,10,2,3,2,
2209,11,1,3,2,
2210,1,1,3,2,
2210,2,1,3,2,
2210,3,1,3,2,
2210,4,1,3,2,
2210,5,1,3,2,
2210,6,3,4,2,
2210,7,1,3,2,
2210,8,3,4,2,
2210,9,1,3,2,
2210,10,1,3,2,
2210,11,1,3,2,
2211,1,1,3,2,
2211,2,1,3,2,
2211,3,1,3,2,
2211,4,1,3,2,
2211,5,1,3,2,
2211,6,3,4,2,
2211,7,1,3,2,
2211,8,3,4,2,
2211,9,1,3,2,
2211,10,3,4,2,
2211,11,1,3,2,
2212,1,1,3,2,
2212,2,1,3,2,
2212,3,1,3,2,
2212,4,1,3,2,
2212,5,1,3,2,
2212,6,1,3,2,
2212,7,1,3,2,
2212,8,3,4,2,
2212,9,1,3,2,
2212,10,1,3,2,
2212,11,1,3,2,
2213,1,1,3,2,
2213,2,1,3,2,
2213,3,1,3,2,
2213,4,1,3,2,
2213,5,1,3,2,
2213,6,1,3,2,
2213,7,1,3,2,
2213,8,3,4,2,
2213,9,1,3,2,
2213,10,1,3,2,
2213,11,1,3,2,
2214,1,1,3,2,
2214,2,1,3,2,
2214,3,1,3,2,
2214,4,1,3,2,
2214,5,1,3,2,
2214,6,3,4,2,
2214,7,3,4,2,
2214,8,3,4,2,
2214,9,2,3,2,
2214,10,3,4,2,
2214,11,1,3,2,
2215,1,1,3,2,
2215,2,1,3,2,
2215,3,1,3,2,
2215,4,1,3,2,
2215,5,1,3,2,
2215,6,1,3,2,
2215,7,1,3,2,
2215,8,3,4,2,
2215,9,1,3,2,
2215,10,1,3,2,
2215,11,1,3,2,
2216,1,1,3,2,
2216,2,1,3,2,
2216,3,1,3,2,
2216,4,1,3,2,
2216,5,1,3,2,
2216,6,1,3,2,
2216,7,1,3,2,
2216,8,3,4,2,
2216,9,2,2,1,2
2216,10,1,3,2,
2216,11,1,3,2,
2217,1,1,3,2,
2217,2,1,3,2,
2217,3,1,3,2,
2217,4,3,4,2,
2217,5,1,3,2,
2217,6,1,3,2,
2217,7,3,4,2,
2217,8,3,4,2,
2217,9,1,3,2,
2217,10,3,4,2,
2217,11,3,4,2,
2218,1,1,3,2,
2218,2,1,3,2,
2218,3,1,3,2,
2218,4,1,3,2,
2218,5,1,3,2,
2218,6,1,3,2,
2218,7,1,3,2,
2218,8,3,4,2,
2218,9,1,3,2,
2218,10,1,3,2,
2218,11,1,3,2,
2219,1,1,3,2,
2219,2,1,3,2,
2219,3,1,3,2,
2219,4,1,3,2,
2219,5,1,3,2,
2219,6,1,3,2,
2219,7,3,4,2,
2219,8,3,4,2,
2219,9,1,3,1,2
2219,10,2,2,2,
2219,11,2,2,2,
2220,1,1,3,2,
2220,2,1,3,2,
2220,3,1,3,2,
2220,4,1,3,2,
2220,5,1,3,2,
2220,6,1,3,2,
2220,7,3,4,2,
2220,8,3,4,2,
2220,9,1,3,2,
2220,10,1,3,2,
2220,11,1,3,2,
2221,1,1,3,2,
2221,2,1,3,2,
2221,3,1,3,2,
2221,4,1,3,2,
2221,5,1,3,2,
2221,6,1,3,2,
2221,7,1,3,2,
2221,8,3,4,2,
2221,9,1,3,2,
2221,10,3,4,2,
2221,11,1,3,2,
2222,1,1,3,2,
2222,2,1,3,2,
2222,3,1,3,2,
2222,4,1,3,2,
2222,5,1,3,2,
2222,6,1,3,2,
2222,7,3,4,2,
2222,8,3,4,2,
2222,9,2,2,1,2
2222,10,3,4,2,
2222,11,1,3,2,
2223,1,1,3,2,
2223,2,1,3,2,
2223,3,1,3,2,
2223,4,1,3,2,
2223,5,1,3,2,
2223,6,1,3,2,
2223,7,1,3,2,
2223,8,3,4,2,
2223,9,1,3,2,
2223,10,3,4,2,
2223,11,1,3,2,
2224,1,2,3,2,
2224,2,1,3,2,
2224,3,1,3,2,
2224,4,1,3,2,
2224,5,1,3,2,
2224,6,3,4,2,
2224,7,1,3,2,
2224,8,3,4,2,
2224,9,2,3,2,
2224,10,2,3,2,
2224,11,1,3,2,
2225,1,2,3,2,
2225,2,1,3,2,
2225,3,1,3,2,
2225,4,1,3,2,
2225,5,1,3,2,
2225,6,1,3,2,
2225,7,1,3,2,
2225,8,3,4,2,
2225,9,2,3,2,
2225,10,2,3,2,
2225,11,2,3,2,
2226,1,2,3,2,
2226,2,1,3,2,
2226,3,1,3,2,
2226,4,1,3,2,
2226,5,1,3,2,
2226,6,3,4,2,
2226,7,1,3,2,
2226,8,3,4,2,
2226,9,2,3,2,
2226,10,3,4,2,
2226,11,1,3,2,
2227,1,2,3,2,
2227,2,1,3,2,
2227,3,1,3,2,
2227,4,1,3,2,
2227,5,1,3,2,
2227,6,1,3,2,
2227,7,1,3,2,
2227,8,3,4,2,
2227,9,2,3,2,
2227,10,3,4,2,
2227,11,2,3,2,
2228,1,2,3,2,
2228,2,1,3,2,
2228,3,1,3,2,
2228,4,1,3,2,
2228,5,1,3,2,
2228,6,1,3,2,
2228,7,3,4,2,
2228,8,3,4,2,
2228,9,2,3,2,
2228,10,2,3,2,
2228,11,1,3,2,
2229,1,2,3,2,
2229,2,1,3,2,
2229,3,1,3,2,
2229,4,1,3,2,
2229,5,1,3,2,
2229,6,3,4,2,
2229,7,3,4,2,
2229,8,3,4,2,
2229,9,2,3,2,
2229,10,2,3,2,
2229,11,1,3,2,
2230,1,2,3,2,
2230,2,1,3,2,
2230,3,1,3,2,
2230,4,1,3,2,
2230,5,1,3,2,
2230,6,3,4,2,
2230,7,1,3,2,
2230,8,3,4,2,
2230,9,2,3,2,
2230,10,2,3,2,
2230,11,2,3,2,
2231,1,2,3,2,
2231,2,1,3,2,
2231,3,1,3,2,
2231,4,1,3,2,
2231,5,1,3,2,
2231,6,3,4,2,
2231,7,1,3,2,
2231,8,3,4,2,
2231,9,2,3,2,
2231,10,2,3,2,
2231,11,1,3,2,
2232,1,1,3,2,
2232,2,1,3,2,
2232,3,1,3,2,
2232,4,1,3,2,
2232,5,1,3,2,
2232,6,1,3,2,
2232,7,1,3,2,
2232,8,3,4,2,
2232,9,2,3,2,
2232,10,2,3,2,
2232,11,2,3,2,
2233,1,1,3,2,
2233,2,1,3,2,
2233,3,1,3,2,
2233,4,1,3,2,
2233,5,1,3,2,
2233,6,1,3,2,
2233,7,1,3,2,
2233,8,3,4,2,
2233,9,1,3,2,
2233,10,1,3,2,
2233,11,1,3,2,
2234,1,1,3,2,
2234,2,1,3,2,
2234,3,1,3,2,
2234,4,1,3,2,
2234,5,1,3,2,
2234,6,1,3,2,
2234,7,1,3,2,
2234,8,3,4,2,
2234,9,2,2,2,
2234,10,1,3,2,
2234,11,1,3,2,
2235,1,1,3,2,
2235,2,1,3,2,
2235,3,1,3,2,
2235,4,1,3,2,
2235,5,1,3,2,
2235,6,1,3,2,
2235,7,2,2,2,
2235,8,3,4,2,
2235,9,1,3,2,
2235,10,3,4,2,
2235,11,1,3,2,
2236,1,1,3,2,
2236,2,1,3,2,
2236,3,1,3,2,
2236,4,1,3,2,
2236,5,1,3,2,
2236,6,1,3,2,
2236,7,1,3,2,
2236,8,3,4,2,
2236,9,2,3,2,
2236,10,3,4,2,
2236,11,2,2,1,2
2237,1,1,3,2,
2237,2,1,3,2,
2237,3,1,3,2,
2237,4,1,3,2,
2237,5,1,3,2,
2237,6,1,3,2,
2237,7,1,3,2,
2237,8,3,4,2,
2237,9,2,2,2,
2237,10,2,2,2,
2237,11,2,2,2,
2238,1,1,3,2,
2238,2,1,3,2,
2238,3,1,3,2,
2238,4,1,3,2,
2238,5,1,3,2,
2238,6,1,3,2,
2238,7,2,2,2,
2238,8,3,4,2,
2238,9,1,3,2,
2238,10,3,4,2,
2238,11,2,2,1,2
2239,1,1,3,2,
2239,2,1,3,2,
2239,3,1,3,2,
2239,4,1,3,2,
2239,5,1,3,2,
2239,6,1,3,2,
2239,7,1,3,2,
2239,8,3,4,2,
2239,9,2,2,1,2
2239,10,3,4,2,
2239,11,1,3,2,
2240,1,1,3,2,
2240,2,1,3,2,
2240,3,1,3,2,
2240,4,1,3,2,
2240,5,1,3,2,
2240,6,1,3,2,
2240,7,1,3,2,
2240,8,3,4,2,
2240,9,1,3,2,
2240,10,3,4,2,
2240,11,1,3,2,
2241,1,1,3,2,
2241,2,1,3,2,
2241,3,1,3,2,
2241,4,1,3,2,
2241,5,1,3,2,
2241,6,1,3,2,
2241,7,1,3,2,
2241,8,3,4,2,
2241,9,2,3,2,
2241,10,1,3,2,
2241,11,1,3,2,
2242,1,1,3,2,
2242,2,1,3,2,
2242,3,1,3,2,
2242,4,1,3,2,
2242,5,1,3,2,
2242,6,1,3,2,
2242,7,1,3,2,
2242,8,3,4,2,
2242,9,1,3,2,
2242,10,1,3,2,
2242,11,1,3,2,
2243,1,1,3,2,
2243,2,1,3,2,
2243,3,1,3,2,
2243,4,1,3,2,
2243,5,1,3,2,
2243,6,1,3,2,
2243,7,1,3,2,
2243,8,3,4,2,
2243,9,1,3,2,
2243,10,1,3,2,
2243,11,1,3,2,
2244,1,1,3,2,
2244,2,1,3,2,
2244,3,1,3,2,
2244,4,1,3,2,
2244,5,1,3,2,
2244,6,1,3,2,
2244,7,1,3,2,
2244,8,3,4,2,
2244,9,1,3,2,
2244,10,1,3,2,
2244,11,1,3,2,
2245,1,1,3,2,
2245,2,1,3,2,
2245,3,1,3,2,
2245,4,1,3,2,
2245,5,1,3,2,
2245,6,1,3,2,
2245,7,1,3,2,
2245,8,3,4,2,
2245,9,1,3,2,
2245,10,1,3,2,
2245,11,1,3,2,
2246,1,1,3,2,
2246,2,1,3,2,
2246,3,1,3,2,
2246,4,1,3,2,
2246,5,1,3,2,
2246,6,1,3,2,
2246,7,1,3,2,
2246,8,3,4,2,
2246,9,1,3,2,
2246,10,1,3,2,
2246,11,1,3,2,
2247,1,1,3,2,
2247,2,1,3,2,
2247,3,1,3,2,
2247,4,1,3,2,
2247,5,1,3,2,
2247,6,1,3,2,
2247,7,1,3,2,
2247,8,3,4,2,
2247,9,1,3,2,
2247,10,1,3,2,
2247,11,1,3,2,
2248,1,1,3,2,
2248,2,1,3,2,
2248,3,1,3,2,
2248,4,1,3,2,
2248,5,1,3,2,
2248,6,1,3,2,
2248,7,1,3,2,
2248,8,3,4,2,
2248,9,1,3,2,
2248,10,1,3,2,
2248,11,1,3,2,
2249,1,1,3,2,
2249,2,1,3,2,
2249,3,1,3,2,
2249,4,1,3,2,
2249,5,1,3,2,
2249,6,1,3,2,
2249,7,1,3,2,
2249,8,3,4,2,
2249,9,1,3,2,
2249,10,1,3,2,
2249,11,1,3,2,
2250,1,1,3,2,
2250,2,1,3,2,
2250,3,1,3,2,
2250,4,1,3,2,
2250,5,1,3,2,
2250,6,1,3,2,
2250,7,1,3,2,
2250,8,3,4,2,
2250,9,1,3,2,
2250,10,1,3,2,
2250,11,1,3,2,
2251,1,1,3,2,
2251,2,3,4,2,
2251,3,1,3,2,
2251,4,3,4,2,
2251,5,1,3,2,
2251,6,1,3,2,
2251,7,3,4,2,
2251,8,3,4,2,
2251,9,1,3,2,
2251,10,3,4,2,
2251,11,1,3,2,
2252,1,1,3,2,
2252,2,3,4,2,
2252,3,1,3,2,
2252,4,1,3,2,
2252,5,1,3,2,
2252,6,1,3,2,
2252,7,1,3,2,
2252,8,3,4,2,
2252,9,2,3,2,
2252,10,3,4,2,
2252,11,1,3,2,
2253,1,1,3,2,
2253,2,3,4,2,
2253,3,1,3,2,
2253,4,1,3,2,
2253,5,1,3,2,
2253,6,1,3,2,
2253,7,1,3,2,
2253,8,3,4,2,
2253,9,1,3,2,
2253,10,1,3,2,
2253,11,1,3,2,
2254,1,1,3,2,
2254,2,3,4,2,
2254,3,1,3,2,
2254,4,1,3,2,
2254,5,1,3,2,
2254,6,1,3,2,
2254,7,1,3,2,
2254,8,3,4,2,
2254,9,1,3,2,
2254,10,1,3,2,
2254,11,1,3,2,
2255,1,1,3,2,
2255,2,3,4,2,
2255,3,1,3,2,
2255,4,1,3,2,
2255,5,1,3,2,
2255,6,1,3,2,
2255,7,1,3,2,
2255,8,3,4,2,
2255,9,1,3,2,
2255,10,1,3,2,
2255,11,1,3,2,
2256,1,1,3,2,
2256,2,2,3,2,
2256,3,1,3,2,
2256,4,1,3,2,
2256,5,1,3,2,
2256,6,1,3,2,
2256,7,1,3,2,
2256,8,3,4,2,
2256,9,1,3,2,
2256,10,1,3,2,
2256,11,1,3,2,
2257,1,1,3,2,
2257,2,3,4,2,
2257,3,1,3,2,
2257,4,1,3,2,
2257,5,1,3,2,
2257,6,1,3,2,
2257,7,1,3,2,
2257,8,3,4,2,
2257,9,2,3,2,
2257,10,1,3,2,
2257,11,1,3,2,
2258,1,1,3,2,
2258,2,3,4,2,
2258,3,1,3,2,
2258,4,1,3,2,
2258,5,1,3,2,
2258,6,1,3,2,
2258,7,1,3,2,
2258,8,3,4,2,
2258,9,1,3,2,
2258,10,1,3,2,
2258,11,1,3,2,
2259,1,1,3,2,
2259,2,3,4,2,
2259,3,1,3,2,
2259,4,2,3,2,
2259,5,1,3,2,
2259,6,1,3,2,
2259,7,3,4,2,
2259,8,3,4,2,
2259,9,2,3,2,
2259,10,1,3,2,
2259,11,1,3,2,
2260,1,1,3,2,
2260,2,1,3,2,
2260,3,1,3,2,
2260,4,1,3,2,
2260,5,1,3,2,
2260,6,1,3,2,
2260,7,1,3,2,
2260,8,3,4,2,
2260,9,1,3,2,
2260,10,3,4,2,
2260,11,1,3,2,
2261,1,1,3,2,
2261,2,1,3,2,
2261,3,1,3,2,
2261,4,1,3,2,
2261,5,1,3,2,
2261,6,1,3,2,
2261,7,3,4,2,
2261,8,3,4,2,
2261,9,2,3,2,
2261,10,1,3,2,
2261,11,1,3,2,
2262,1,1,3,2,
2262,2,1,3,2,
2262,3,1,3,2,
2262,4,1,3,2,
2262,5,1,3,2,
2262,6,1,3,2,
2262,7,1,3,2,
2262,8,3,4,2,
2262,9,2,3,2,
2262,10,3,4,2,
2262,11,1,3,2,
2263,1,1,3,2,
2263,2,1,3,2,
2263,3,1,3,2,
2263,4,1,3,2,
2263,5,1,3,2,
2263,6,3,4,2,
2263,7,3,4,2,
2263,8,3,4,2,
2263,9,3,4,2,
2263,10,3,4,2,
2263,11,1,3,2,
2264,1,1,3,2,
2264,2,1,3,2,
2264,3,1,3,2,
2264,4,1,3,2,
2264,5,1,3,2,
2264,6,1,3,2,
2264,7,1,3,2,
2264,8,3,3,2,
2264,9,1,3,2,
2264,10,3,4,2,
2264,11,1,3,2,
2265,1,1,3,2,
2265,2,1,3,2,
2265,3,1,3,2,
2265,4,1,3,2,
2265,5,1,3,2,
2265,6,1,3,2,
2265,7,1,3,2,
2265,8,3,4,2,
2265,9,1,3,2,
2265,10,1,3,2,
2265,11,1,3,2,
2266,1,1,3,2,
2266,2,1,3,2,
2266,3,1,3,2,
2266,4,1,3,2,
2266,5,1,3,2,
2266,6,1,3,2,
2266,7,1,3,2,
2266,8,3,4,2,
2266,9,1,3,2,
2266,10,1,3,2,
2266,11,1,3,2,
2267,1,1,3,2,
2267,2,1,3,2,
2267,3,1,3,2,
2267,4,1,3,2,
2267,5,1,3,2,
2267,6,1,3,2,
2267,7,1,3,2,
2267,8,3,4,2,
2267,9,2,3,2,
2267,10,1,3,2,
2267,11,1,3,2,
2268,1,1,3,2,
2268,2,1,3,2,
2268,3,1,3,2,
2268,4,1,3,2,
2268,5,1,3,2,
2268,6,1,3,2,
2268,7,3,4,2,
2268,8,3,4,2,
2268,9,2,3,2,
2268,10,3,4,2,
2268,11,1,3,2,
2269,1,1,1,2,
2269,2,1,1,2,
2269,3,1,1,2,
2269,4,1,1,2,
2269,5,1,1,2,
2269,6,1,1,2,
2269,7,1,1,2,
2269,8,3,4,2,
2269,9,1,1,2,
2269,10,1,1,2,
2269,11,1,1,2,
2270,1,2,3,1,2
2270,2,1,3,2,
2270,3,1,3,2,
2270,4,1,1,2,
2270,5,1,3,2,
2270,6,3,4,2,
2270,7,1,1,2,
2270,8,3,4,2,
2270,9,3,4,2,
2270,10,1,1,2,
2270,11,1,1,2,
2271,1,1,3,2,
2271,2,1,3,2,
2271,3,1,3,2,
2271,4,1,3,2,
2271,5,1,3,2,
2271,6,1,1,2,
2271,7,1,1,2,
2271,8,3,4,2,
2271,9,1,3,2,
2271,10,1,4,2,
2271,11,1,1,2,
2272,1,1,1,2,
2272,2,1,3,2,
2272,3,1,3,2,
2272,4,1,3,2,
2272,5,1,3,2,
2272,6,1,1,2,
2272,7,1,1,2,
2272,8,3,4,2,
2272,9,1,1,2,
2272,10,1,4,2,
2272,11,1,1,2,
2273,1,1,1,2,
2273,2,1,1,2,
2273,3,1,1,2,
2273,4,1,1,2,
2273,5,1,1,2,
2273,6,1,1,2,
2273,7,1,1,2,
2273,8,3,4,2,
2273,9,1,1,2,
2273,10,1,1,2,
2273,11,1,1,2,
2274,1,1,1,2,
2274,2,1,3,2,
2274,3,1,1,2,
2274,4,1,3,2,
2274,5,1,3,2,
2274,6,1,1,2,
2274,7,1,1,2,
2274,8,3,4,2,
2274,9,1,1,2,
2274,10,1,1,2,
2274,11,1,1,2,
2275,1,1,1,2,
2275,2,1,3,2,
2275,3,1,3,2,
2275,4,1,3,2,
2275,5,1,3,2,
2275,6,1,3,2,
2275,7,1,1,2,
2275,8,3,4,2,
2275,9,1,4,2,
2275,10,1,3,2,
2275,11,1,1,2,
2276,1,1,1,2,
2276,2,1,1,2,
2276,3,1,1,2,
2276,4,3,4,2,
2276,5,1,1,2,
2276,6,1,1,2,
2276,7,3,4,2,
2276,8,3,4,2,
2276,9,1,1,2,
2276,10,3,4,2,
2276,11,1,1,2,
2277,1,1,1,2,
2277,2,1,3,2,
2277,3,1,3,2,
2277,4,1,3,2,
2277,5,1,3,2,
2277,6,1,1,2,
2277,7,1,1,2,
2277,8,3,4,2,
2277,9,1,1,2,
2277,10,1,1,2,
2277,11,1,1,2,
2278,1,2,3,2,
2278,2,2,3,2,
2278,3,2,3,2,
2278,4,1,3,2,
2278,5,1,1,2,
2278,6,2,1,2,
2278,7,1,1,2,
2278,8,3,4,2,
2278,9,2,2,2,
2278,10,2,2,2,
2278,11,1,1,2,
2279,1,2,3,2,
2279,2,2,1,2,
2279,3,2,1,2,
2279,4,1,1,2,
2279,5,1,3,2,
2279,6,2,3,2,
2279,7,1,1,2,
2279,8,3,4,2,
2279,9,2,3,2,
2279,10,2,3,2,
2279,11,2,1,2,
2280,1,2,3,1,2
2280,2,1,3,1,1
2280,3,2,3,1,1
2280,4,1,3,1,1
2280,5,1,1,2,
2280,6,2,1,2,
2280,7,2,1,2,
2280,8,3,4,2,
2280,9,2,2,2,
2280,10,2,2,2,
2280,11,1,1,2,
2281,1,2,3,2,
2281,2,1,3,2,
2281,3,1,3,2,
2281,4,1,3,2,
2281,5,1,3,2,
2281,6,1,3,2,
2281,7,1,3,2,
2281,8,3,4,2,
2281,9,2,3,2,
2281,10,3,4,2,
2281,11,1,1,2,
2282,1,1,1,2,
2282,2,1,1,2,
2282,3,1,1,2,
2282,4,1,3,2,
2282,5,1,3,2,
2282,6,2,3,2,
2282,7,2,3,2,
2282,8,3,4,2,
2282,9,2,3,2,
2282,10,3,4,2,
2282,11,1,3,2,
2283,1,1,1,1,1
2283,2,1,1,1,1
2283,3,1,1,1,1
2283,4,1,1,2,
2283,5,1,3,2,
2283,6,2,3,2,
2283,7,1,1,2,
2283,8,3,4,2,
2283,9,2,3,2,
2283,10,2,3,2,
2283,11,1,1,2,
2284,1,2,3,2,
2284,2,1,3,2,
2284,3,1,1,2,
2284,4,1,1,2,
2284,5,1,1,2,
2284,6,2,2,2,
2284,7,1,3,2,
2284,8,3,4,2,
2284,9,2,2,2,
2284,10,1,1,2,
2284,11,1,1,2,
2285,1,1,3,2,
2285,2,1,3,2,
2285,3,1,3,2,
2285,4,1,3,2,
2285,5,1,3,2,
2285,6,2,1,2,
2285,7,2,1,2,
2285,8,3,4,2,
2285,9,1,3,2,
2285,10,2,3,2,
2285,11,1,1,2,
2286,1,2,3,2,
2286,2,1,3,2,
2286,3,2,3,2,
2286,4,1,1,2,
2286,5,1,1,2,
2286,6,2,3,2,
2286,7,1,1,2,
2286,8,3,4,2,
2286,9,2,3,2,
2286,10,2,3,2,
2286,11,1,3,2,
2287,1,1,3,2,
2287,2,3,4,2,
2287,3,1,3,2,
2287,4,3,4,2,
2287,5,1,3,2,
2287,6,3,4,2,
2287,7,1,3,2,
2287,8,2,3,2,
2287,9,1,3,2,
2287,10,3,4,2,
2287,11,3,4,2,
2288,1,1,3,2,
2288,2,3,4,2,
2288,3,1,3,2,
2288,4,3,4,2,
2288,5,1,3,2,
2288,6,3,4,2,
2288,7,3,4,2,
2288,8,2,3,2,
2288,9,1,3,2,
2288,10,3,4,2,
2288,11,1,3,2,
2289,1,1,3,2,
2289,2,3,4,2,
2289,3,1,3,2,
2289,4,3,4,2,
2289,5,1,3,2,
2289,6,3,4,2,
2289,7,1,3,2,
2289,8,2,3,2,
2289,9,3,4,2,
2289,10,1,3,2,
2289,11,1,3,2,
2290,1,1,3,2,
2290,2,3,4,2,
2290,3,1,3,2,
2290,4,3,4,2,
2290,5,1,3,2,
2290,6,3,4,2,
2290,7,3,4,2,
2290,8,2,2,2,
2290,9,2,2,2,
2290,10,3,4,2,
2290,11,1,3,2,
2291,1,1,3,2,
2291,2,3,4,2,
2291,3,1,3,2,
2291,4,3,4,2,
2291,5,1,3,2,
2291,6,3,4,2,
2291,7,1,3,2,
2291,8,2,3,2,
2291,9,1,3,2,
2291,10,1,3,2,
2291,11,1,3,2,
2292,1,1,3,2,
2292,2,3,4,2,
2292,3,1,3,2,
2292,4,3,4,2,
2292,5,1,3,2,
2292,6,3,4,2,
2292,7,3,4,2,
2292,8,2,3,2,
2292,9,1,3,2,
2292,10,1,3,2,
2292,11,1,3,2,
2293,1,1,3,2,
2293,2,3,4,2,
2293,3,1,3,2,
2293,4,3,4,2,
2293,5,1,3,2,
2293,6,3,4,2,
2293,7,3,4,2,
2293,8,2,3,2,
2293,9,1,3,2,
2293,10,1,3,2,
2293,11,1,3,2,
2294,1,1,3,2,
2294,2,3,4,2,
2294,3,1,3,2,
2294,4,3,4,2,
2294,5,1,3,2,
2294,6,3,4,2,
2294,7,3,4,2,
2294,8,2,3,2,
2294,9,3,4,2,
2294,10,1,3,2,
2294,11,1,3,2,
2295,1,1,3,2,
2295,2,3,4,2,
2295,3,1,3,2,
2295,4,3,4,2,
2295,5,1,3,2,
2295,6,3,4,2,
2295,7,3,4,2,
2295,8,2,3,2,
2295,9,1,3,2,
2295,10,3,4,2,
2295,11,1,3,2,
2296,1,1,3,2,
2296,2,3,4,2,
2296,3,1,3,2,
2296,4,1,3,2,
2296,5,1,3,2,
2296,6,3,4,2,
2296,7,1,3,2,
2296,8,2,3,2,
2296,9,1,3,2,
2296,10,3,4,2,
2296,11,3,4,2,
2297,1,1,3,2,
2297,2,3,4,2,
2297,3,1,3,2,
2297,4,1,3,2,
2297,5,1,3,2,
2297,6,3,4,2,
2297,7,1,3,2,
2297,8,1,3,2,
2297,9,1,3,2,
2297,10,3,4,2,
2297,11,3,4,2,
2298,1,1,3,2,
2298,2,3,4,2,
2298,3,1,3,2,
2298,4,3,4,2,
2298,5,1,3,2,
2298,6,3,4,2,
2298,7,1,3,2,
2298,8,2,3,2,
2298,9,1,3,2,
2298,10,1,3,2,
2298,11,1,3,2,
2299,1,1,3,2,
2299,2,1,3,2,
2299,3,1,3,2,
2299,4,3,4,2,
2299,5,1,3,2,
2299,6,3,4,2,
2299,7,1,3,2,
2299,8,1,3,2,
2299,9,3,4,2,
2299,10,1,3,2,
2299,11,1,3,2,
2300,1,1,3,2,
2300,2,1,3,2,
2300,3,1,3,2,
2300,4,3,4,2,
2300,5,1,3,2,
2300,6,3,4,2,
2300,7,1,3,2,
2300,8,1,3,2,
2300,9,1,3,2,
2300,10,3,4,2,
2300,11,1,3,2,
2301,1,1,3,2,
2301,2,3,4,2,
2301,3,1,3,2,
2301,4,3,4,2,
2301,5,1,3,2,
2301,6,3,4,2,
2301,7,3,4,2,
2301,8,1,3,2,
2301,9,3,4,2,
2301,10,1,3,2,
2301,11,1,3,2,
2302,1,1,3,2,
2302,2,3,4,2,
2302,3,1,3,2,
2302,4,3,4,2,
2302,5,1,3,2,
2302,6,3,4,2,
2302,7,3,4,2,
2302,8,2,3,2,
2302,9,1,3,2,
2302,10,3,4,2,
2302,11,1,3,2,
2303,1,1,3,2,
2303,2,3,4,2,
2303,3,1,3,2,
2303,4,3,4,2,
2303,5,1,3,2,
2303,6,3,4,2,
2303,7,1,3,2,
2303,8,1,3,2,
2303,9,1,3,2,
2303,10,3,4,2,
2303,11,1,3,2,
2304,1,1,3,2,
2304,2,3,4,2,
2304,3,1,3,2,
2304,4,3,4,2,
2304,5,1,3,2,
2304,6,3,4,2,
2304,7,1,3,2,
2304,8,1,3,2,
2304,9,1,3,2,
2304,10,3,4,2,
2304,11,1,3,2,
2305,1,1,3,2,
2305,2,1,3,2,
2305,3,1,3,2,
2305,4,3,4,2,
2305,5,1,3,2,
2305,6,1,3,2,
2305,7,1,3,2,
2305,8,1,3,2,
2305,9,1,3,2,
2305,10,3,4,2,
2305,11,2,3,2,
2306,1,2,3,2,
2306,2,3,4,2,
2306,3,2,3,2,
2306,4,3,4,2,
2306,5,1,3,2,
2306,6,1,3,2,
2306,7,1,3,2,
2306,8,2,3,2,
2306,9,1,3,2,
2306,10,3,4,2,
2306,11,2,3,2,
2307,1,2,3,2,
2307,2,3,4,2,
2307,3,2,3,2,
2307,4,3,4,2,
2307,5,1,3,2,
2307,6,1,3,2,
2307,7,3,4,2,
2307,8,3,3,2,
2307,9,1,3,2,
2307,10,2,3,2,
2307,11,2,3,2,
2308,1,2,3,2,
2308,2,1,3,2,
2308,3,2,3,2,
2308,4,3,4,2,
2308,5,1,3,2,
2308,6,1,3,2,
2308,7,1,3,2,
2308,8,2,3,2,
2308,9,1,3,2,
2308,10,1,3,2,
2308,11,2,3,2,
2309,1,1,3,2,
2309,2,3,4,2,
2309,3,2,3,2,
2309,4,3,4,2,
2309,5,1,3,2,
2309,6,1,3,2,
2309,7,1,3,2,
2309,8,2,3,2,
2309,9,1,3,2,
2309,10,3,4,2,
2309,11,2,2,2,
2310,1,2,3,2,
2310,2,3,4,2,
2310,3,2,3,2,
2310,4,3,4,2,
2310,5,1,3,2,
2310,6,1,3,2,
2310,7,1,3,2,
2310,8,2,3,2,
2310,9,1,3,2,
2310,10,3,4,2,
2310,11,1,3,2,
2311,1,1,3,2,
2311,2,2,3,2,
2311,3,1,3,2,
2311,4,3,4,2,
2311,5,1,3,2,
2311,6,1,3,2,
2311,7,1,3,2,
2311,8,1,3,2,
2311,9,1,3,2,
2311,10,3,4,2,
2311,11,2,3,2,
2312,1,2,3,2,
2312,2,3,4,2,
2312,3,2,3,2,
2312,4,3,4,2,
2312,5,1,3,2,
2312,6,1,3,2,
2312,7,1,3,2,
2312,8,3,4,2,
2312,9,3,4,2,
2312,10,3,4,2,
2312,11,3,4,2,
2313,1,2,3,2,
2313,2,3,4,2,
2313,3,2,3,2,
2313,4,3,4,2,
2313,5,1,3,2,
2313,6,1,3,2,
2313,7,1,3,2,
2313,8,2,3,2,
2313,9,1,3,2,
2313,10,3,4,2,
2313,11,2,3,2,
2314,1,1,1,2,
2314,2,2,3,2,
2314,3,1,1,2,
2314,4,3,4,2,
2314,5,1,1,2,
2314,6,1,1,2,
2314,7,3,4,2,
2314,8,1,1,2,
2314,9,1,1,2,
2314,10,3,4,2,
2314,11,1,1,2,
2315,1,1,1,2,
2315,2,2,3,2,
2315,3,1,1,2,
2315,4,1,1,2,
2315,5,1,1,2,
2315,6,1,1,2,
2315,7,2,3,2,
2315,8,1,1,2,
2315,9,1,1,2,
2315,10,1,1,2,
2315,11,1,1,2,
2316,1,1,1,2,
2316,2,2,3,2,
2316,3,1,1,2,
2316,4,3,4,2,
2316,5,1,1,2,
2316,6,1,1,2,
2316,7,1,1,2,
2316,8,1,1,2,
2316,9,1,1,2,
2316,10,1,1,2,
2316,11,1,1,2,
2317,1,1,1,2,
2317,2,2,3,2,
2317,3,1,1,2,
2317,4,3,4,2,
2317,5,1,1,2,
2317,6,1,1,2,
2317,7,3,4,2,
2317,8,1,1,2,
2317,9,1,1,2,
2317,10,3,4,2,
2317,11,1,1,2,
2318,1,1,1,2,
2318,2,2,3,2,
2318,3,1,1,2,
2318,4,3,4,2,
2318,5,1,1,2,
2318,6,1,1,2,
2318,7,1,1,2,
2318,8,1,1,2,
2318,9,1,1,2,
2318,10,3,4,2,
2318,11,1,1,2,
2319,1,1,1,2,
2319,2,2,3,2,
2319,3,1,1,2,
2319,4,3,4,2,
2319,5,1,1,2,
2319,6,1,1,2,
2319,7,3,4,2,
2319,8,1,1,2,
2319,9,1,1,2,
2319,10,1,1,2,
2319,11,1,1,2,
2320,1,1,1,2,
2320,2,2,3,2,
2320,3,1,1,2,
2320,4,3,4,2,
2320,5,1,1,2,
2320,6,1,1,2,
2320,7,3,4,2,
2320,8,1,1,2,
2320,9,1,1,2,
2320,10,3,4,2,
2320,11,1,1,2,
2321,1,1,1,2,
2321,2,2,3,2,
2321,3,1,1,2,
2321,4,3,4,2,
2321,5,1,1,2,
2321,6,1,1,2,
2321,7,3,4,2,
2321,8,1,1,2,
2321,9,1,1,2,
2321,10,3,4,2,
2321,11,1,1,2,
2322,1,1,1,2,
2322,2,2,3,2,
2322,3,1,1,2,
2322,4,3,4,2,
2322,5,1,1,2,
2322,6,1,1,2,
2322,7,1,1,2,
2322,8,1,1,2,
2322,9,2,3,2,
2322,10,3,4,2,
2322,11,1,1,2,
2323,1,1,1,2,
2323,2,1,3,2,
2323,3,1,1,2,
2323,4,1,3,1,1
2323,5,1,3,1,1
2323,6,3,4,2,
2323,7,1,3,2,
2323,8,3,4,2,
2323,9,2,3,2,
2323,10,2,2,2,
2323,11,2,2,2,
2324,1,1,3,2,
2324,2,1,3,2,
2324,3,1,3,2,
2324,4,3,4,2,
2324,5,1,3,2,
2324,6,3,4,2,
2324,7,2,3,2,
2324,8,3,4,2,
2324,9,2,3,2,
2324,10,2,3,2,
2324,11,2,2,2,
2325,1,1,1,2,
2325,2,1,3,2,
2325,3,1,3,2,
2325,4,1,3,1,1
2325,5,1,3,2,
2325,6,3,4,2,
2325,7,2,3,2,
2325,8,3,4,2,
2325,9,2,3,2,
2325,10,3,4,2,
2325,11,2,3,2,
2326,1,1,1,2,
2326,2,1,3,2,
2326,3,1,1,2,
2326,4,1,3,2,
2326,5,1,3,2,
2326,6,1,3,2,
2326,7,1,3,2,
2326,8,3,4,2,
2326,9,2,3,2,
2326,10,3,4,2,
2326,11,2,3,2,
2327,1,1,1,2,
2327,2,1,3,1,1
2327,3,1,1,2,
2327,4,1,3,1,1
2327,5,1,3,2,
2327,6,1,3,2,
2327,7,1,3,2,
2327,8,3,4,2,
2327,9,2,3,2,
2327,10,2,3,2,
2327,11,2,2,2,
2328,1,1,3,2,
2328,2,1,3,2,
2328,3,1,3,2,
2328,4,3,4,2,
2328,5,1,3,2,
2328,6,3,4,2,
2328,7,1,3,2,
2328,8,3,4,2,
2328,9,2,3,2,
2328,10,3,4,2,
2328,11,3,4,2,
2329,1,1,1,2,
2329,2,1,3,2,
2329,3,1,3,2,
2329,4,3,4,2,
2329,5,1,3,1,1
2329,6,3,4,2,
2329,7,3,4,2,
2329,8,3,4,2,
2329,9,2,3,2,
2329,10,3,4,2,
2329,11,3,4,2,
2330,1,1,1,2,
2330,2,1,3,2,
2330,3,1,1,2,
2330,4,1,3,2,
2330,5,1,1,2,
2330,6,1,3,2,
2330,7,3,4,2,
2330,8,3,4,2,
2330,9,1,3,2,
2330,10,3,4,2,
2330,11,2,3,2,
2331,1,1,1,2,
2331,2,1,3,1,1
2331,3,1,1,2,
2331,4,1,3,1,1
2331,5,1,3,2,
2331,6,3,4,2,
2331,7,1,1,2,
2331,8,3,4,2,
2331,9,2,3,2,
2331,10,2,2,2,
2331,11,2,3,2,
2332,1,2,3,2,
2332,2,2,3,2,
2332,3,2,3,2,
2332,4,1,3,2,
2332,5,1,3,2,
2332,6,3,4,2,
2332,7,3,4,2,
2332,8,3,4,2,
2332,9,1,3,2,
2332,10,1,3,2,
2332,11,1,3,2,
2333,1,2,3,2,
2333,2,2,3,2,
2333,3,2,3,2,
2333,4,1,3,2,
2333,5,1,3,2,
2333,6,2,3,2,
2333,7,2,3,2,
2333,8,3,4,2,
2333,9,1,3,2,
2333,10,1,3,2,
2333,11,2,3,2,
2334,1,2,3,2,
2334,2,2,3,2,
2334,3,2,3,2,
2334,4,3,4,2,
2334,5,1,3,2,
2334,6,3,4,2,
2334,7,1,3,2,
2334,8,3,4,2,
2334,9,1,3,2,
2334,10,2,3,2,
2334,11,2,3,2,
2335,1,2,3,2,
2335,2,2,3,2,
2335,3,2,3,2,
2335,4,3,4,2,
2335,5,1,3,2,
2335,6,3,4,2,
2335,7,3,4,2,
2335,8,3,4,2,
2335,9,1,3,2,
2335,10,1,3,2,
2335,11,1,3,2,
2336,1,2,3,2,
2336,2,2,3,2,
2336,3,2,3,2,
2336,4,3,4,2,
2336,5,1,3,2,
2336,6,1,3,2,
2336,7,1,3,2,
2336,8,3,4,2,
2336,9,1,3,2,
2336,10,1,3,2,
2336,11,1,3,2,
2337,1,2,3,2,
2337,2,2,3,2,
2337,3,2,3,2,
2337,4,3,4,2,
2337,5,1,3,2,
2337,6,3,4,2,
2337,7,3,4,2,
2337,8,3,4,2,
2337,9,2,3,2,
2337,10,1,3,2,
2337,11,2,3,2,
2338,1,1,3,2,
2338,2,1,3,2,
2338,3,1,3,2,
2338,4,3,4,2,
2338,5,1,3,2,
2338,6,3,4,2,
2338,7,1,3,2,
2338,8,3,4,2,
2338,9,1,3,2,
2338,10,1,3,2,
2338,11,2,3,2,
2339,1,2,3,2,
2339,2,2,3,2,
2339,3,2,3,2,
2339,4,3,4,2,
2339,5,1,3,2,
2339,6,3,4,2,
2339,7,3,4,2,
2339,8,3,4,2,
2339,9,1,3,2,
2339,10,1,3,2,
2339,11,2,3,2,
2340,1,2,3,2,
2340,2,2,3,2,
2340,3,2,3,2,
2340,4,3,4,2,
2340,5,1,3,2,
2340,6,3,4,2,
2340,7,3,4,2,
2340,8,3,4,2,
2340,9,2,3,2,
2340,10,3,4,2,
2340,11,2,3,2,
2341,1,1,1,2,
2341,2,1,1,2,
2341,3,1,1,2,
2341,4,1,1,2,
2341,5,1,1,2,
2341,6,1,1,2,
2341,7,1,1,2,
2341,8,3,4,2,
2341,9,1,1,2,
2341,10,1,1,2,
2341,11,1,1,2,
2342,1,1,1,2,
2342,2,1,1,2,
2342,3,1,1,2,
2342,4,1,1,2,
2342,5,1,1,2,
2342,6,1,1,2,
2342,7,1,1,2,
2342,8,3,4,2,
2342,9,1,1,2,
2342,10,1,1,2,
2342,11,1,1,2,
2343,1,1,1,2,
2343,2,1,1,2,
2343,3,1,1,2,
2343,4,1,1,2,
2343,5,1,1,2,
2343,6,1,1,2,
2343,7,1,1,2,
2343,8,3,4,2,
2343,9,1,1,2,
2343,10,1,1,2,
2343,11,1,1,2,
2344,1,1,1,2,
2344,2,1,1,2,
2344,3,1,1,2,
2344,4,1,1,2,
2344,5,1,1,2,
2344,6,1,1,2,
2344,7,1,1,2,
2344,8,1,1,2,
2344,9,1,1,2,
2344,10,1,1,2,
2344,11,1,1,2,
2345,1,1,1,2,
2345,2,1,1,2,
2345,3,1,1,2,
2345,4,1,1,2,
2345,5,1,1,2,
2345,6,1,1,2,
2345,7,1,1,2,
2345,8,3,4,2,
2345,9,1,1,2,
2345,10,1,1,2,
2345,11,1,1,2,
2346,1,1,1,2,
2346,2,1,1,2,
2346,3,1,1,2,
2346,4,1,1,2,
2346,5,1,1,2,
2346,6,1,1,2,
2346,7,1,1,2,
2346,8,1,1,2,
2346,9,1,1,2,
2346,10,1,1,2,
2346,11,1,1,2,
2347,1,1,1,2,
2347,2,1,1,2,
2347,3,1,1,2,
2347,4,1,1,2,
2347,5,1,1,2,
2347,6,1,1,2,
2347,7,1,1,2,
2347,8,1,1,2,
2347,9,1,1,2,
2347,10,1,1,2,
2347,11,1,1,2,
2348,1,1,1,2,
2348,2,1,1,2,
2348,3,1,1,2,
2348,4,1,1,2,
2348,5,1,1,2,
2348,6,1,1,2,
2348,7,1,1,2,
2348,8,3,4,2,
2348,9,1,1,2,
2348,10,1,1,2,
2348,11,1,1,2,
2349,1,1,1,2,
2349,2,1,1,2,
2349,3,1,1,2,
2349,4,1,1,2,
2349,5,1,1,2,
2349,6,1,1,2,
2349,7,1,1,2,
2349,8,3,4,2,
2349,9,1,1,2,
2349,10,3,4,2,
2349,11,1,1,2,
2350,1,1,3,2,
2350,2,3,4,2,
2350,3,1,3,2,
2350,4,3,4,2,
2350,5,1,3,2,
2350,6,1,3,2,
2350,7,1,3,2,
2350,8,3,4,2,
2350,9,1,3,2,
2350,10,1,3,2,
2350,11,1,3,2,
2351,1,1,3,2,
2351,2,3,4,2,
2351,3,1,3,2,
2351,4,3,4,2,
2351,5,1,3,2,
2351,6,1,3,2,
2351,7,1,3,2,
2351,8,2,3,2,
2351,9,1,3,2,
2351,10,1,3,2,
2351,11,1,3,2,
2352,1,1,3,2,
2352,2,3,4,2,
2352,3,1,3,2,
2352,4,3,4,2,
2352,5,1,3,2,
2352,6,1,3,2,
2352,7,1,3,2,
2352,8,1,3,2,
2352,9,1,3,2,
2352,10,1,3,2,
2352,11,1,3,2,
2353,1,1,3,2,
2353,2,3,4,2,
2353,3,1,3,2,
2353,4,3,4,2,
2353,5,1,3,2,
2353,6,1,3,2,
2353,7,1,3,2,
2353,8,3,4,2,
2353,9,1,3,2,
2353,10,1,3,2,
2353,11,1,3,2,
2354,1,1,3,2,
2354,2,3,4,2,
2354,3,1,3,2,
2354,4,3,4,2,
2354,5,1,3,2,
2354,6,1,3,2,
2354,7,1,3,2,
2354,8,2,3,2,
2354,9,1,3,2,
2354,10,1,3,2,
2354,11,1,3,2,
2355,1,1,3,2,
2355,2,3,4,2,
2355,3,1,3,2,
2355,4,3,4,2,
2355,5,1,3,2,
2355,6,1,3,2,
2355,7,1,3,2,
2355,8,2,3,2,
2355,9,1,3,2,
2355,10,1,3,2,
2355,11,1,3,2,
2356,1,1,3,2,
2356,2,3,4,2,
2356,3,1,3,2,
2356,4,3,4,2,
2356,5,1,3,2,
2356,6,1,3,2,
2356,7,1,3,2,
2356,8,2,3,2,
2356,9,1,3,2,
2356,10,1,3,2,
2356,11,1,3,2,
2357,1,1,3,2,
2357,2,3,4,2,
2357,3,1,3,2,
2357,4,1,3,2,
2357,5,1,3,2,
2357,6,1,3,2,
2357,7,1,3,2,
2357,8,2,3,2,
2357,9,1,3,2,
2357,10,1,3,2,
2357,11,1,3,2,
2358,1,1,3,2,
2358,2,3,4,2,
2358,3,1,3,2,
2358,4,3,4,2,
2358,5,1,3,2,
2358,6,1,3,2,
2358,7,1,3,2,
2358,8,2,3,2,
2358,9,1,3,2,
2358,10,1,3,2,
2358,11,1,3,2,
2359,1,2,3,2,
2359,2,3,4,2,
2359,3,1,3,2,
2359,4,3,4,2,
2359,5,1,3,2,
2359,6,3,4,2,
2359,7,3,4,2,
2359,8,1,3,2,
2359,9,3,4,2,
2359,10,1,3,2,
2359,11,1,3,2,
2360,1,2,3,2,
2360,2,3,4,2,
2360,3,1,3,2,
2360,4,3,4,2,
2360,5,1,3,2,
2360,6,3,4,2,
2360,7,3,4,2,
2360,8,1,3,2,
2360,9,3,4,2,
2360,10,3,4,2,
2360,11,1,3,2,
2361,1,2,3,2,
2361,2,3,4,2,
2361,3,1,3,2,
2361,4,3,4,2,
2361,5,1,3,2,
2361,6,1,3,2,
2361,7,1,3,2,
2361,8,1,3,2,
2361,9,3,4,2,
2361,10,3,4,2,
2361,11,1,3,2,
2362,1,2,3,2,
2362,2,3,4,2,
2362,3,1,3,2,
2362,4,3,4,2,
2362,5,1,3,2,
2362,6,3,4,2,
2362,7,1,3,2,
2362,8,1,3,2,
2362,9,3,4,2,
2362,10,3,4,2,
2362,11,1,3,2,
2363,1,2,3,2,
2363,2,3,4,2,
2363,3,2,3,2,
2363,4,3,4,2,
2363,5,1,3,2,
2363,6,1,3,2,
2363,7,3,4,2,
2363,8,1,3,2,
2363,9,3,4,2,
2363,10,3,4,2,
2363,11,3,4,2,
2364,1,2,3,2,
2364,2,3,4,2,
2364,3,2,3,2,
2364,4,3,4,2,
2364,5,1,3,2,
2364,6,1,3,2,
2364,7,1,3,2,
2364,8,1,3,2,
2364,9,1,3,2,
2364,10,1,3,2,
2364,11,1,3,2,
2365,1,2,3,2,
2365,2,3,4,2,
2365,3,1,3,2,
2365,4,3,4,2,
2365,5,1,3,2,
2365,6,3,4,2,
2365,7,3,4,2,
2365,8,1,3,2,
2365,9,3,4,2,
2365,10,1,3,2,
2365,11,3,4,2,
2366,1,2,3,2,
2366,2,3,4,2,
2366,3,1,3,2,
2366,4,3,4,2,
2366,5,1,3,2,
2366,6,3,4,2,
2366,7,3,4,2,
2366,8,1,3,2,
2366,9,3,4,2,
2366,10,3,4,2,
2366,11,1,3,2,
2367,1,2,3,2,
2367,2,3,4,2,
2367,3,1,3,2,
2367,4,3,4,2,
2367,5,1,3,2,
2367,6,3,4,2,
2367,7,3,4,2,
2367,8,1,3,2,
2367,9,3,4,2,
2367,10,1,3,2,
2367,11,1,3,2,
2368,1,1,3,2,
2368,2,1,3,2,
2368,3,1,3,2,
2368,4,1,3,2,
2368,5,1,3,2,
2368,6,1,3,2,
2368,7,1,3,2,
2368,8,1,3,2,
2368,9,1,3,2,
2368,10,1,3,2,
2368,11,1,3,2,
2369,1,1,3,2,
2369,2,1,3,2,
2369,3,1,3,2,
2369,4,1,3,2,
2369,5,1,3,2,
2369,6,1,3,2,
2369,7,1,3,2,
2369,8,1,3,2,
2369,9,1,3,2,
2369,10,1,3,2,
2369,11,1,3,2,
2370,1,2,3,2,
2370,2,1,3,2,
2370,3,1,3,2,
2370,4,1,3,2,
2370,5,1,3,2,
2370,6,1,3,2,
2370,7,1,3,2,
2370,8,1,3,2,
2370,9,1,3,2,
2370,10,1,3,2,
2370,11,1,3,2,
2371,1,1,3,2,
2371,2,1,3,2,
2371,3,1,3,2,
2371,4,1,3,2,
2371,5,1,3,2,
2371,6,1,3,2,
2371,7,1,3,2,
2371,8,1,3,2,
2371,9,1,3,2,
2371,10,1,3,2,
2371,11,1,3,2,
2372,1,1,3,2,
2372,2,1,3,2,
2372,3,1,3,2,
2372,4,1,3,2,
2372,5,1,3,2,
2372,6,1,3,2,
2372,7,1,3,2,
2372,8,1,3,2,
2372,9,1,3,2,
2372,10,1,3,2,
2372,11,1,3,2,
2373,1,1,3,2,
2373,2,1,3,2,
2373,3,1,3,2,
2373,4,1,3,2,
2373,5,1,3,2,
2373,6,1,3,2,
2373,7,1,3,2,
2373,8,1,3,2,
2373,9,1,3,2,
2373,10,1,3,2,
2373,11,1,3,2,
2374,1,1,3,2,
2374,2,1,3,2,
2374,3,1,3,2,
2374,4,1,3,2,
2374,5,1,3,2,
2374,6,1,3,2,
2374,7,1,3,2,
2374,8,1,3,2,
2374,9,1,3,2,
2374,10,1,3,2,
2374,11,1,3,2,
2375,1,1,3,2,
2375,2,1,3,2,
2375,3,1,3,2,
2375,4,1,3,2,
2375,5,1,3,2,
2375,6,1,3,2,
2375,7,1,3,2,
2375,8,1,3,2,
2375,9,1,3,2,
2375,10,1,3,2,
2375,11,1,3,2,
2376,1,1,3,2,
2376,2,1,3,2,
2376,3,1,3,2,
2376,4,1,3,2,
2376,5,1,3,2,
2376,6,1,3,2,
2376,7,1,3,2,
2376,8,1,3,2,
2376,9,1,3,2,
2376,10,1,3,2,
2376,11,1,3,2,
2377,1,1,3,2,
2377,2,2,3,2,
2377,3,2,3,2,
2377,4,2,3,2,
2377,5,1,1,1,1
2377,6,1,1,2,
2377,7,1,1,2,
2377,8,2,3,2,
2377,9,1,1,2,
2377,10,1,1,2,
2377,11,2,3,2,
2378,1,2,3,2,
2378,2,2,3,2,
2378,3,2,3,2,
2378,4,2,3,2,
2378,5,1,3,1,1
2378,6,1,3,2,
2378,7,1,3,2,
2378,8,1,3,2,
2378,9,1,3,2,
2378,10,1,3,2,
2378,11,1,3,2,
2379,1,1,3,2,
2379,2,2,3,2,
2379,3,2,3,2,
2379,4,2,3,2,
2379,5,1,3,1,1
2379,6,1,3,2,
2379,7,1,3,2,
2379,8,2,3,2,
2379,9,1,3,2,
2379,10,1,1,2,
2379,11,1,3,2,
2380,1,1,3,2,
2380,2,2,3,2,
2380,3,2,3,2,
2380,4,2,3,2,
2380,5,1,3,1,1
2380,6,1,3,2,
2380,7,1,3,2,
2380,8,2,3,2,
2380,9,1,3,2,
2380,10,1,3,2,
2380,11,1,3,2,
2381,1,1,3,2,
2381,2,2,3,2,
2381,3,2,3,2,
2381,4,2,3,2,
2381,5,1,3,1,1
2381,6,1,3,2,
2381,7,1,3,2,
2381,8,2,3,2,
2381,9,1,3,2,
2381,10,1,1,2,
2381,11,1,3,2,
2382,1,1,3,2,
2382,2,2,3,2,
2382,3,2,3,2,
2382,4,2,3,2,
2382,5,1,1,1,1
2382,6,1,1,2,
2382,7,1,1,2,
2382,8,2,3,2,
2382,9,1,3,2,
2382,10,1,1,2,
2382,11,2,3,2,
2383,1,1,3,2,
2383,2,2,3,2,
2383,3,2,3,2,
2383,4,2,3,2,
2383,5,1,3,1,1
2383,6,1,3,2,
2383,7,1,3,2,
2383,8,2,3,2,
2383,9,1,3,2,
2383,10,1,3,2,
2383,11,1,3,2,
2384,1,1,3,2,
2384,2,2,3,2,
2384,3,2,3,2,
2384,4,2,3,2,
2384,5,1,3,1,1
2384,6,1,3,2,
2384,7,1,3,2,
2384,8,2,3,2,
2384,9,1,3,2,
2384,10,1,3,2,
2384,11,1,3,2,
2385,1,1,3,2,
2385,2,2,3,2,
2385,3,2,3,2,
2385,4,2,3,2,
2385,5,1,3,1,1
2385,6,1,3,2,
2385,7,1,3,2,
2385,8,2,3,2,
2385,9,1,1,2,
2385,10,1,1,2,
2385,11,2,3,2,
2386,1,1,3,2,
2386,2,2,3,2,
2386,3,2,3,2,
2386,4,2,3,2,
2386,5,1,3,2,
2386,6,1,3,2,
2386,7,3,3,2,
2386,8,1,3,2,
2386,9,2,3,2,
2386,10,3,3,2,
2386,11,2,3,2,
2387,1,1,3,2,
2387,2,2,3,2,
2387,3,2,3,2,
2387,4,2,3,2,
2387,5,1,3,2,
2387,6,1,3,2,
2387,7,1,3,2,
2387,8,1,3,2,
2387,9,2,3,2,
2387,10,2,3,2,
2387,11,2,3,2,
2388,1,1,3,2,
2388,2,2,3,2,
2388,3,2,3,2,
2388,4,2,3,2,
2388,5,1,3,2,
2388,6,1,3,2,
2388,7,3,3,2,
2388,8,1,3,2,
2388,9,2,3,2,
2388,10,2,3,2,
2388,11,2,3,2,
2389,1,1,3,2,
2389,2,2,3,2,
2389,3,2,3,2,
2389,4,2,3,2,
2389,5,1,3,2,
2389,6,1,3,2,
2389,7,1,3,2,
2389,8,1,3,2,
2389,9,2,3,2,
2389,10,2,3,2,
2389,11,2,3,2,
2390,1,1,3,2,
2390,2,2,3,2,
2390,3,2,3,2,
2390,4,2,3,2,
2390,5,1,3,2,
2390,6,1,3,2,
2390,7,3,3,2,
2390,8,1,3,2,
2390,9,2,3,2,
2390,10,1,3,2,
2390,11,2,3,1,2
2391,1,1,3,2,
2391,2,2,3,2,
2391,3,2,3,2,
2391,4,2,3,2,
2391,5,1,3,2,
2391,6,1,3,2,
2391,7,3,3,2,
2391,8,1,3,2,
2391,9,2,3,2,
2391,10,1,3,2,
2391,11,2,3,2,
2392,1,1,3,2,
2392,2,2,3,2,
2392,3,2,3,2,
2392,4,2,3,2,
2392,5,1,3,2,
2392,6,1,3,2,
2392,7,3,3,2,
2392,8,1,3,2,
2392,9,2,3,2,
2392,10,3,3,2,
2392,11,2,3,2,
2393,1,1,3,2,
2393,2,2,3,2,
2393,3,2,3,2,
2393,4,2,3,2,
2393,5,1,3,2,
2393,6,1,3,2,
2393,7,1,3,2,
2393,8,1,3,2,
2393,9,2,3,2,
2393,10,3,3,2,
2393,11,2,3,2,
2394,1,1,3,2,
2394,2,2,3,2,
2394,3,2,3,2,
2394,4,2,3,2,
2394,5,1,3,2,
2394,6,1,3,2,
2394,7,3,3,2,
2394,8,1,3,2,
2394,9,2,3,2,
2394,10,2,3,2,
2394,11,2,3,2,
2395,1,1,3,2,
2395,2,1,3,2,
2395,3,1,3,2,
2395,4,1,3,2,
2395,5,1,3,2,
2395,6,1,3,2,
2395,7,1,3,2,
2395,8,2,3,2,
2395,9,1,3,2,
2395,10,1,3,2,
2395,11,1,3,2,
2396,1,1,3,2,
2396,2,1,3,2,
2396,3,1,3,2,
2396,4,1,3,2,
2396,5,1,3,2,
2396,6,1,3,2,
2396,7,1,3,2,
2396,8,2,3,2,
2396,9,1,3,2,
2396,10,1,3,2,
2396,11,1,3,2,
2397,1,1,3,2,
2397,2,1,3,2,
2397,3,1,3,2,
2397,4,1,3,2,
2397,5,1,3,2,
2397,6,1,3,2,
2397,7,1,3,2,
2397,8,2,3,2,
2397,9,1,3,2,
2397,10,1,3,2,
2397,11,1,3,2,
2398,1,1,3,2,
2398,2,1,3,2,
2398,3,1,3,2,
2398,4,1,3,2,
2398,5,1,3,2,
2398,6,1,3,2,
2398,7,1,3,2,
2398,8,1,3,2,
2398,9,1,3,2,
2398,10,1,3,2,
2398,11,1,3,2,
2399,1,1,3,2,
2399,2,1,3,2,
2399,3,1,3,2,
2399,4,1,3,2,
2399,5,1,3,2,
2399,6,1,3,2,
2399,7,1,3,2,
2399,8,3,3,2,
2399,9,1,4,2,
2399,10,1,3,2,
2399,11,1,3,2,
2400,1,1,3,2,
2400,2,1,3,2,
2400,3,1,3,2,
2400,4,1,3,2,
2400,5,1,3,2,
2400,6,1,3,2,
2400,7,1,3,2,
2400,8,2,3,2,
2400,9,1,3,2,
2400,10,1,3,2,
2400,11,1,3,2,
2401,1,1,3,2,
2401,2,1,3,2,
2401,3,1,3,2,
2401,4,1,3,2,
2401,5,1,3,2,
2401,6,1,3,2,
2401,7,1,3,2,
2401,8,2,3,2,
2401,9,1,3,2,
2401,10,1,3,2,
2401,11,1,3,2,
2402,1,1,3,2,
2402,2,1,3,2,
2402,3,1,3,2,
2402,4,1,3,2,
2402,5,1,3,2,
2402,6,1,3,2,
2402,7,1,3,2,
2402,8,2,3,2,
2402,9,1,3,2,
2402,10,1,3,2,
2402,11,1,3,2,
2403,1,1,3,2,
2403,2,1,3,2,
2403,3,1,3,2,
2403,4,1,3,2,
2403,5,1,3,2,
2403,6,1,3,2,
2403,7,1,3,2,
2403,8,2,3,2,
2403,9,1,3,2,
2403,10,1,3,2,
2403,11,1,3,2,
2404,1,1,3,2,
2404,2,3,4,2,
2404,3,3,4,2,
2404,4,1,1,2,
2404,5,1,1,2,
2404,6,1,1,2,
2404,7,1,1,2,
2404,8,3,4,2,
2404,9,2,2,2,
2404,10,3,4,2,
2404,11,1,3,2,
2405,1,1,3,2,
2405,2,3,4,2,
2405,3,3,4,2,
2405,4,1,1,2,
2405,5,1,1,2,
2405,6,3,4,2,
2405,7,1,1,2,
2405,8,3,4,2,
2405,9,2,2,2,
2405,10,2,2,2,
2405,11,1,3,2,
2406,1,1,3,2,
2406,2,3,4,2,
2406,3,3,4,2,
2406,4,1,1,2,
2406,5,1,1,2,
2406,6,1,1,2,
2406,7,1,1,2,
2406,8,3,4,2,
2406,9,2,2,2,
2406,10,2,2,2,
2406,11,1,3,2,
2407,1,1,3,2,
2407,2,3,4,2,
2407,3,3,4,2,
2407,4,1,1,2,
2407,5,1,1,2,
2407,6,1,1,2,
2407,7,1,1,2,
2407,8,3,4,2,
2407,9,2,2,2,
2407,10,3,4,2,
2407,11,1,3,2,
2408,1,1,3,2,
2408,2,3,4,2,
2408,3,3,4,2,
2408,4,3,4,2,
2408,5,1,1,2,
2408,6,1,1,2,
2408,7,1,1,2,
2408,8,3,4,2,
2408,9,2,2,2,
2408,10,3,4,2,
2408,11,1,3,2,
2409,1,1,3,2,
2409,2,3,4,2,
2409,3,3,4,2,
2409,4,1,1,2,
2409,5,1,1,2,
2409,6,3,4,2,
2409,7,1,1,2,
2409,8,3,4,2,
2409,9,2,2,2,
2409,10,2,2,2,
2409,11,1,3,2,
2410,1,1,3,2,
2410,2,3,4,2,
2410,3,3,4,2,
2410,4,1,1,2,
2410,5,1,1,2,
2410,6,3,4,2,
2410,7,1,1,2,
2410,8,3,4,2,
2410,9,2,2,2,
2410,10,3,4,2,
2410,11,1,3,2,
2411,1,1,3,2,
2411,2,3,4,2,
2411,3,3,4,2,
2411,4,1,1,2,
2411,5,1,1,2,
2411,6,1,1,2,
2411,7,3,4,2,
2411,8,3,4,2,
2411,9,2,2,2,
2411,10,3,4,2,
2411,11,1,3,2,
2412,1,1,3,2,
2412,2,3,4,2,
2412,3,3,4,2,
2412,4,1,1,2,
2412,5,1,1,2,
2412,6,3,4,2,
2412,7,1,1,2,
2412,8,3,4,2,
2412,9,2,2,2,
2412,10,3,4,2,
2412,11,1,3,2,
2413,1,1,3,2,
2413,2,1,3,2,
2413,3,1,3,2,
2413,4,1,3,2,
2413,5,1,3,2,
2413,6,1,3,2,
2413,7,3,4,2,
2413,8,3,4,2,
2413,9,1,3,2,
2413,10,3,4,2,
2413,11,1,3,2,
2414,1,1,3,2,
2414,2,1,3,2,
2414,3,1,3,2,
2414,4,3,4,2,
2414,5,1,3,2,
2414,6,1,3,2,
2414,7,3,4,2,
2414,8,3,4,2,
2414,9,1,3,2,
2414,10,1,3,2,
2414,11,1,3,2,
2415,1,1,3,2,
2415,2,1,3,2,
2415,3,1,3,2,
2415,4,3,4,2,
2415,5,1,3,2,
2415,6,1,3,2,
2415,7,1,3,2,
2415,8,3,4,2,
2415,9,1,3,2,
2415,10,3,4,2,
2415,11,1,3,2,
2416,1,1,3,2,
2416,2,1,3,2,
2416,3,1,3,2,
2416,4,1,3,2,
2416,5,1,3,2,
2416,6,1,3,2,
2416,7,1,3,2,
2416,8,3,4,2,
2416,9,1,3,2,
2416,10,1,3,2,
2416,11,1,3,2,
2417,1,1,3,2,
2417,2,1,3,2,
2417,3,1,3,2,
2417,4,1,3,2,
2417,5,1,3,2,
2417,6,1,3,2,
2417,7,3,4,2,
2417,8,3,4,2,
2417,9,1,3,2,
2417,10,3,4,2,
2417,11,1,3,2,
2418,1,1,3,2,
2418,2,1,3,2,
2418,3,1,3,2,
2418,4,1,3,2,
2418,5,1,3,2,
2418,6,1,3,2,
2418,7,1,3,2,
2418,8,3,4,2,
2418,9,2,3,2,
2418,10,1,3,2,
2418,11,1,3,2,
2419,1,1,3,2,
2419,2,1,3,2,
2419,3,1,3,2,
2419,4,3,4,2,
2419,5,1,3,2,
2419,6,1,3,2,
2419,7,1,3,2,
2419,8,3,4,2,
2419,9,1,3,2,
2419,10,1,3,2,
2419,11,1,3,2,
2420,1,1,3,2,
2420,2,1,3,2,
2420,3,1,3,2,
2420,4,1,3,2,
2420,5,1,3,2,
2420,6,1,3,2,
2420,7,3,4,2,
2420,8,3,4,2,
2420,9,1,3,2,
2420,10,3,4,2,
2420,11,1,3,2,
2421,1,1,3,2,
2421,2,1,3,2,
2421,3,2,3,2,
2421,4,1,3,2,
2421,5,1,3,2,
2421,6,1,3,2,
2421,7,1,3,2,
2421,8,3,4,2,
2421,9,1,3,2,
2421,10,3,4,2,
2421,11,1,3,2,
2422,1,2,3,2,
2422,2,3,4,2,
2422,3,3,4,2,
2422,4,3,3,2,
2422,5,1,3,2,
2422,6,1,3,2,
2422,7,1,3,2,
2422,8,2,3,2,
2422,9,1,3,2,
2422,10,1,3,2,
2422,11,1,3,2,
2423,1,2,3,2,
2423,2,3,4,2,
2423,3,3,4,2,
2423,4,3,4,2,
2423,5,1,3,2,
2423,6,1,3,2,
2423,7,1,3,2,
2423,8,1,3,2,
2423,9,1,3,2,
2423,10,1,3,2,
2423,11,1,3,2,
2424,1,1,3,2,
2424,2,3,4,2,
2424,3,3,4,2,
2424,4,3,4,2,
2424,5,1,3,2,
2424,6,3,4,2,
2424,7,1,3,2,
2424,8,2,3,2,
2424,9,1,3,2,
2424,10,1,3,2,
2424,11,1,3,2,
2425,1,1,3,2,
2425,2,3,4,2,
2425,3,3,4,2,
2425,4,3,4,2,
2425,5,1,3,2,
2425,6,1,3,2,
2425,7,1,3,2,
2425,8,1,3,2,
2425,9,1,3,2,
2425,10,1,3,2,
2425,11,1,3,2,
2426,1,1,3,2,
2426,2,3,4,2,
2426,3,3,4,2,
2426,4,3,4,2,
2426,5,1,3,2,
2426,6,1,3,2,
2426,7,1,3,2,
2426,8,1,3,2,
2426,9,1,3,2,
2426,10,1,3,2,
2426,11,1,3,2,
2427,1,1,3,2,
2427,2,3,4,2,
2427,3,3,4,2,
2427,4,3,4,2,
2427,5,1,3,1,1
2427,6,1,3,2,
2427,7,3,4,2,
2427,8,1,3,2,
2427,9,1,3,2,
2427,10,3,4,2,
2427,11,1,3,2,
2428,1,2,3,2,
2428,2,3,4,2,
2428,3,3,4,2,
2428,4,3,4,2,
2428,5,1,3,2,
2428,6,1,3,2,
2428,7,3,4,2,
2428,8,1,3,2,
2428,9,1,3,2,
2428,10,3,4,2,
2428,11,1,3,2,
2429,1,1,3,2,
2429,2,3,4,2,
2429,3,3,4,2,
2429,4,3,4,2,
2429,5,1,3,2,
2429,6,1,3,2,
2429,7,1,3,2,
2429,8,3,4,2,
2429,9,1,3,2,
2429,10,1,3,2,
2429,11,1,3,2,
2430,1,1,3,2,
2430,2,3,4,2,
2430,3,3,4,2,
2430,4,3,4,2,
2430,5,1,3,2,
2430,6,1,3,2,
2430,7,1,3,2,
2430,8,1,3,2,
2430,9,1,3,2,
2430,10,3,4,2,
2430,11,1,3,2,
2431,1,1,1,2,
2431,2,1,3,2,
2431,3,1,3,2,
2431,4,1,3,2,
2431,5,1,3,2,
2431,6,1,3,2,
2431,7,3,4,2,
2431,8,3,4,2,
2431,9,3,4,2,
2431,10,3,4,2,
2431,11,3,4,2,
2432,1,1,3,2,
2432,2,1,3,2,
2432,3,1,3,2,
2432,4,3,4,2,
2432,5,1,3,2,
2432,6,1,3,2,
2432,7,1,3,2,
2432,8,3,4,2,
2432,9,3,4,2,
2432,10,1,3,2,
2432,11,1,3,2,
2433,1,1,3,2,
2433,2,1,3,2,
2433,3,1,3,2,
2433,4,3,4,2,
2433,5,1,3,2,
2433,6,1,3,2,
2433,7,3,4,2,
2433,8,3,4,2,
2433,9,3,4,2,
2433,10,3,4,2,
2433,11,1,3,2,
2434,1,1,1,2,
2434,2,1,3,2,
2434,3,1,3,2,
2434,4,3,4,2,
2434,5,1,3,2,
2434,6,1,3,2,
2434,7,3,4,2,
2434,8,3,4,2,
2434,9,1,3,2,
2434,10,3,4,2,
2434,11,1,3,2,
2435,1,1,3,2,
2435,2,1,3,2,
2435,3,1,3,2,
2435,4,3,4,2,
2435,5,1,3,2,
2435,6,1,3,2,
2435,7,3,4,2,
2435,8,3,4,2,
2435,9,1,3,2,
2435,10,3,4,2,
2435,11,1,3,2,
2436,1,1,3,2,
2436,2,1,3,2,
2436,3,1,3,2,
2436,4,1,3,2,
2436,5,1,3,2,
2436,6,3,4,2,
2436,7,1,3,2,
2436,8,3,4,2,
2436,9,3,4,2,
2436,10,1,3,2,
2436,11,1,3,2,
2437,1,1,3,2,
2437,2,1,3,2,
2437,3,1,3,2,
2437,4,1,3,2,
2437,5,1,3,2,
2437,6,3,4,2,
2437,7,1,3,2,
2437,8,3,4,2,
2437,9,3,4,2,
2437,10,3,4,2,
2437,11,1,3,2,
2438,1,2,3,1,2
2438,2,1,3,2,
2438,3,1,3,2,
2438,4,1,3,2,
2438,5,1,3,2,
2438,6,1,3,2,
2438,7,1,3,2,
2438,8,3,4,2,
2438,9,1,3,2,
2438,10,1,3,2,
2438,11,1,3,2,
2439,1,1,1,2,
2439,2,1,3,2,
2439,3,1,3,2,
2439,4,1,3,2,
2439,5,1,3,2,
2439,6,1,3,2,
2439,7,1,3,2,
2439,8,3,4,2,
2439,9,3,4,2,
2439,10,1,3,2,
2439,11,1,3,2,
2440,1,2,3,2,
2440,2,1,3,2,
2440,3,1,3,2,
2440,4,1,3,2,
2440,5,1,3,2,
2440,6,1,3,2,
2440,7,1,3,2,
2440,8,3,4,2,
2440,9,3,4,2,
2440,10,3,4,2,
2440,11,1,3,2,
2441,1,2,3,2,
2441,2,1,3,2,
2441,3,1,3,2,
2441,4,3,4,2,
2441,5,1,3,2,
2441,6,1,3,2,
2441,7,1,3,2,
2441,8,3,4,2,
2441,9,3,4,2,
2441,10,1,3,2,
2441,11,1,3,2,
2442,1,1,3,2,
2442,2,3,4,2,
2442,3,1,3,2,
2442,4,1,3,2,
2442,5,1,3,2,
2442,6,1,3,2,
2442,7,1,3,2,
2442,8,3,4,2,
2442,9,3,4,2,
2442,10,1,3,2,
2442,11,1,3,2,
2443,1,1,3,2,
2443,2,3,4,2,
2443,3,1,3,2,
2443,4,3,4,2,
2443,5,1,3,2,
2443,6,1,3,2,
2443,7,3,4,2,
2443,8,3,4,2,
2443,9,3,4,2,
2443,10,3,4,2,
2443,11,1,3,2,
2444,1,1,3,2,
2444,2,3,4,2,
2444,3,1,3,2,
2444,4,1,3,2,
2444,5,1,3,2,
2444,6,1,3,2,
2444,7,1,3,2,
2444,8,3,4,2,
2444,9,3,4,2,
2444,10,3,4,2,
2444,11,1,3,2,
2445,1,1,3,2,
2445,2,3,4,2,
2445,3,1,3,2,
2445,4,1,3,2,
2445,5,1,3,2,
2445,6,1,3,2,
2445,7,1,3,2,
2445,8,3,4,2,
2445,9,1,3,2,
2445,10,1,3,2,
2445,11,1,3,2,
2446,1,1,3,2,
2446,2,3,4,2,
2446,3,1,3,2,
2446,4,1,3,2,
2446,5,1,3,2,
2446,6,1,3,2,
2446,7,1,3,2,
2446,8,3,4,2,
2446,9,1,3,2,
2446,10,3,4,2,
2446,11,1,3,2,
2447,1,2,3,2,
2447,2,1,3,2,
2447,3,1,3,2,
2447,4,3,4,2,
2447,5,1,3,2,
2447,6,1,3,2,
2447,7,1,3,2,
2447,8,3,4,2,
2447,9,3,4,2,
2447,10,3,4,2,
2447,11,1,3,2,
2448,1,2,3,2,
2448,2,1,3,2,
2448,3,1,3,2,
2448,4,1,3,2,
2448,5,1,3,2,
2448,6,1,3,2,
2448,7,1,3,2,
2448,8,3,4,2,
2448,9,1,3,2,
2448,10,1,3,2,
2448,11,1,3,2,
2449,1,1,3,2,
2449,2,1,3,2,
2449,3,1,3,2,
2449,4,1,3,2,
2449,5,1,3,2,
2449,6,1,3,2,
2449,7,1,3,2,
2449,8,3,4,2,
2449,9,1,3,2,
2449,10,1,3,2,
2449,11,1,3,2,
2450,1,1,3,2,
2450,2,1,3,2,
2450,3,1,3,2,
2450,4,1,3,1,1
2450,5,1,3,1,1
2450,6,1,3,2,
2450,7,1,3,2,
2450,8,3,4,2,
2450,9,1,3,2,
2450,10,1,3,2,
2450,11,1,3,2,
2451,1,1,3,2,
2451,2,1,3,2,
2451,3,1,3,2,
2451,4,3,4,2,
2451,5,1,3,2,
2451,6,1,3,2,
2451,7,1,3,2,
2451,8,3,4,2,
2451,9,1,3,2,
2451,10,1,3,2,
2451,11,1,3,2,
2452,1,1,3,2,
2452,2,1,3,2,
2452,3,1,3,2,
2452,4,1,3,1,1
2452,5,1,3,1,1
2452,6,1,3,2,
2452,7,1,3,2,
2452,8,3,4,2,
2452,9,1,3,2,
2452,10,1,3,2,
2452,11,1,3,2,
2453,1,1,3,2,
2453,2,1,3,2,
2453,3,1,3,2,
2453,4,1,3,2,
2453,5,1,3,2,
2453,6,1,3,2,
2453,7,1,3,2,
2453,8,3,4,2,
2453,9,1,3,2,
2453,10,1,3,2,
2453,11,1,3,2,
2454,1,1,3,2,
2454,2,1,3,2,
2454,3,1,3,2,
2454,4,1,3,2,
2454,5,1,3,2,
2454,6,1,3,2,
2454,7,1,3,2,
2454,8,1,4,2,
2454,9,1,3,2,
2454,10,1,3,2,
2454,11,1,3,2,
2455,1,1,1,2,
2455,2,1,1,2,
2455,3,1,1,2,
2455,4,1,1,2,
2455,5,1,1,2,
2455,6,1,1,2,
2455,7,1,1,2,
2455,8,3,4,2,
2455,9,1,1,2,
2455,10,1,1,2,
2455,11,1,1,2,
2456,1,1,3,2,
2456,2,1,3,2,
2456,3,1,3,2,
2456,4,1,3,2,
2456,5,1,3,2,
2456,6,1,3,2,
2456,7,1,3,2,
2456,8,3,4,2,
2456,9,1,3,2,
2456,10,1,3,2,
2456,11,1,3,2,
2457,1,1,3,2,
2457,2,1,3,2,
2457,3,1,3,2,
2457,4,1,3,2,
2457,5,1,3,2,
2457,6,1,3,2,
2457,7,1,3,2,
2457,8,3,4,2,
2457,9,1,3,2,
2457,10,1,3,2,
2457,11,1,3,2,
2458,1,1,3,2,
2458,2,1,3,2,
2458,3,1,3,2,
2458,4,3,4,2,
2458,5,1,3,2,
2458,6,1,4,2,
2458,7,1,1,2,
2458,8,1,1,2,
2458,9,1,4,2,
2458,10,1,2,2,
2458,11,1,2,2,
2459,1,1,3,2,
2459,2,1,3,2,
2459,3,1,1,2,
2459,4,3,4,2,
2459,5,1,3,2,
2459,6,1,3,2,
2459,7,1,3,2,
2459,8,1,1,2,
2459,9,1,3,2,
2459,10,1,3,2,
2459,11,1,2,2,
2460,1,1,3,2,
2460,2,1,3,2,
2460,3,1,3,2,
2460,4,3,4,2,
2460,5,1,3,2,
2460,6,1,3,2,
2460,7,1,1,2,
2460,8,1,1,2,
2460,9,1,2,2,
2460,10,1,3,2,
2460,11,1,2,2,
2461,1,1,3,2,
2461,2,1,3,2,
2461,3,1,3,2,
2461,4,3,3,2,
2461,5,1,3,1,1
2461,6,1,1,2,
2461,7,1,1,2,
2461,8,2,2,2,
2461,9,3,3,2,
2461,10,1,3,2,
2461,11,3,4,2,
2462,1,1,3,2,
2462,2,1,3,2,
2462,3,1,3,2,
2462,4,3,4,2,
2462,5,1,3,2,
2462,6,1,3,2,
2462,7,1,3,2,
2462,8,1,3,2,
2462,9,1,3,2,
2462,10,1,3,2,
2462,11,1,3,2,
2463,1,1,3,2,
2463,2,1,3,2,
2463,3,1,3,2,
2463,4,3,4,2,
2463,5,1,3,2,
2463,6,1,3,2,
2463,7,1,3,2,
2463,8,2,2,1,2
2463,9,2,2,2,
2463,10,1,3,2,
2463,11,2,2,2,
2464,1,1,1,2,
2464,2,1,3,2,
2464,3,1,1,2,
2464,4,3,3,2,
2464,5,1,3,2,
2464,6,1,1,2,
2464,7,1,4,2,
2464,8,1,1,2,
2464,9,1,1,2,
2464,10,1,1,2,
2464,11,1,2,2,
2465,1,1,3,2,
2465,2,1,3,2,
2465,3,1,3,2,
2465,4,3,4,2,
2465,5,1,3,2,
2465,6,1,3,2,
2465,7,1,3,2,
2465,8,1,3,2,
2465,9,1,3,2,
2465,10,1,3,2,
2465,11,1,3,2,
2466,1,1,3,2,
2466,2,1,3,2,
2466,3,1,3,2,
2466,4,3,4,2,
2466,5,1,3,2,
2466,6,1,3,2,
2466,7,1,3,2,
2466,8,1,3,2,
2466,9,1,3,2,
2466,10,1,3,2,
2466,11,1,3,2,
2467,1,1,3,2,
2467,2,1,1,2,
2467,3,1,1,2,
2467,4,1,3,2,
2467,5,1,3,2,
2467,6,1,1,2,
2467,7,3,4,2,
2467,8,3,4,2,
2467,9,1,1,2,
2467,10,3,4,2,
2467,11,1,3,2,
2468,1,1,3,2,
2468,2,1,3,2,
2468,3,1,3,2,
2468,4,3,4,2,
2468,5,1,3,2,
2468,6,1,3,2,
2468,7,3,4,2,
2468,8,3,4,2,
2468,9,1,1,2,
2468,10,3,4,2,
2468,11,1,3,2,
2469,1,1,3,2,
2469,2,1,3,2,
2469,3,1,1,2,
2469,4,1,3,2,
2469,5,1,3,2,
2469,6,3,4,2,
2469,7,3,4,2,
2469,8,3,4,2,
2469,9,1,1,2,
2469,10,1,1,2,
2469,11,1,1,2,
2470,1,1,3,2,
2470,2,1,3,2,
2470,3,1,3,1,2
2470,4,1,3,2,
2470,5,1,3,2,
2470,6,3,4,2,
2470,7,1,3,2,
2470,8,3,4,2,
2470,9,1,3,2,
2470,10,1,3,2,
2470,11,1,1,2,
2471,1,1,3,2,
2471,2,1,3,2,
2471,3,1,1,2,
2471,4,1,3,2,
2471,5,1,3,2,
2471,6,3,4,2,
2471,7,3,4,2,
2471,8,3,4,2,
2471,9,1,1,2,
2471,10,3,4,2,
2471,11,1,1,2,
2472,1,1,3,1,1
2472,2,1,3,2,
2472,3,2,3,1,2
2472,4,1,1,2,
2472,5,1,3,1,1
2472,6,1,1,2,
2472,7,3,4,2,
2472,8,3,4,2,
2472,9,1,3,2,
2472,10,2,3,2,
2472,11,1,1,2,
2473,1,1,3,2,
2473,2,1,3,2,
2473,3,1,3,2,
2473,4,1,3,2,
2473,5,1,3,2,
2473,6,1,3,2,
2473,7,3,4,2,
2473,8,3,4,2,
2473,9,1,3,2,
2473,10,3,4,2,
2473,11,1,3,2,
2474,1,2,3,1,2
2474,2,2,3,2,
2474,3,2,3,1,2
2474,4,2,3,2,
2474,5,2,3,2,
2474,6,3,4,2,
2474,7,2,3,2,
2474,8,3,4,2,
2474,9,1,1,2,
2474,10,1,1,2,
2474,11,1,1,2,
2475,1,1,3,2,
2475,2,1,3,2,
2475,3,2,3,2,
2475,4,1,3,2,
2475,5,1,3,2,
2475,6,1,3,2,
2475,7,3,4,2,
2475,8,3,4,2,
2475,9,1,1,2,
2475,10,3,4,2,
2475,11,1,1,2,
2476,1,1,3,2,
2476,2,1,3,2,
2476,3,1,3,2,
2476,4,3,4,2,
2476,5,1,1,2,
2476,6,1,1,2,
2476,7,1,1,2,
2476,8,3,4,2,
2476,9,1,1,2,
2476,10,3,4,2,
2476,11,3,4,2,
2477,1,1,3,2,
2477,2,1,3,2,
2477,3,1,3,2,
2477,4,1,3,2,
2477,5,1,3,2,
2477,6,1,3,2,
2477,7,1,3,2,
2477,8,3,4,2,
2477,9,1,1,2,
2477,10,1,1,2,
2477,11,1,1,2,
2478,1,1,3,2,
2478,2,1,3,2,
2478,3,1,3,2,
2478,4,1,3,2,
2478,5,1,3,2,
2478,6,1,1,2,
2478,7,1,1,2,
2478,8,1,3,2,
2478,9,1,3,2,
2478,10,1,1,2,
2478,11,1,1,2,
2479,1,1,3,2,
2479,2,1,3,2,
2479,3,1,3,2,
2479,4,1,3,2,
2479,5,1,3,2,
2479,6,1,1,2,
2479,7,1,1,2,
2479,8,3,4,2,
2479,9,1,1,2,
2479,10,1,1,2,
2479,11,1,1,2,
2480,1,1,3,2,
2480,2,1,3,2,
2480,3,1,3,2,
2480,4,1,3,2,
2480,5,1,3,2,
2480,6,1,3,2,
2480,7,1,3,2,
2480,8,3,4,2,
2480,9,1,3,2,
2480,10,1,3,2,
2480,11,1,3,2,
2481,1,1,3,2,
2481,2,1,3,2,
2481,3,1,3,2,
2481,4,1,3,2,
2481,5,1,3,2,
2481,6,1,3,2,
2481,7,1,3,2,
2481,8,3,4,2,
2481,9,1,3,2,
2481,10,1,3,2,
2481,11,1,3,2,
2482,1,2,3,2,
2482,2,1,3,2,
2482,3,1,3,2,
2482,4,3,4,2,
2482,5,1,3,2,
2482,6,1,3,2,
2482,7,3,4,2,
2482,8,3,4,2,
2482,9,2,3,2,
2482,10,3,4,2,
2482,11,1,3,2,
2483,1,2,2,2,
2483,2,1,3,2,
2483,3,1,3,2,
2483,4,1,3,2,
2483,5,1,3,2,
2483,6,1,3,2,
2483,7,1,3,2,
2483,8,3,4,2,
2483,9,1,1,2,
2483,10,1,1,2,
2483,11,1,1,2,
2484,1,2,2,2,
2484,2,1,3,2,
2484,3,1,3,2,
2484,4,1,3,2,
2484,5,1,3,2,
2484,6,1,3,2,
2484,7,1,3,2,
2484,8,3,4,2,
2484,9,2,3,2,
2484,10,3,4,2,
2484,11,3,4,2,
2485,1,1,3,2,
2485,2,1,3,2,
2485,3,2,3,2,
2485,4,3,4,2,
2485,5,1,3,2,
2485,6,1,3,2,
2485,7,1,3,2,
2485,8,3,4,2,
2485,9,2,3,2,
2485,10,2,3,2,
2485,11,2,3,2,
2486,1,1,3,2,
2486,2,1,3,2,
2486,3,2,3,2,
2486,4,3,4,2,
2486,5,1,3,2,
2486,6,1,3,2,
2486,7,1,3,2,
2486,8,3,4,2,
2486,9,2,3,2,
2486,10,2,3,2,
2486,11,1,3,2,
2487,1,1,3,2,
2487,2,1,3,2,
2487,3,2,3,2,
2487,4,3,4,2,
2487,5,1,3,2,
2487,6,1,3,2,
2487,7,3,4,2,
2487,8,3,4,2,
2487,9,2,3,2,
2487,10,3,4,2,
2487,11,1,3,2,
2488,1,1,3,2,
2488,2,1,3,2,
2488,3,2,3,2,
2488,4,3,4,2,
2488,5,1,3,2,
2488,6,1,3,2,
2488,7,3,4,2,
2488,8,3,4,2,
2488,9,2,3,2,
2488,10,3,4,2,
2488,11,1,2,2,
2489,1,1,3,2,
2489,2,3,4,2,
2489,3,2,3,2,
2489,4,3,4,2,
2489,5,1,3,2,
2489,6,1,3,2,
2489,7,2,3,2,
2489,8,3,4,2,
2489,9,2,3,2,
2489,10,2,3,2,
2489,11,1,3,2,
2490,1,1,3,2,
2490,2,1,3,2,
2490,3,2,3,2,
2490,4,3,4,2,
2490,5,1,3,2,
2490,6,1,3,2,
2490,7,1,3,2,
2490,8,3,4,2,
2490,9,2,3,2,
2490,10,2,3,2,
2490,11,2,3,2,
2491,1,1,3,2,
2491,2,1,3,2,
2491,3,2,3,2,
2491,4,3,4,2,
2491,5,1,3,2,
2491,6,1,3,2,
2491,7,3,4,2,
2491,8,3,4,2,
2491,9,2,3,2,
2491,10,1,3,2,
2491,11,1,3,2,
2492,1,1,3,2,
2492,2,1,3,2,
2492,3,2,3,2,
2492,4,3,4,2,
2492,5,1,3,2,
2492,6,3,4,2,
2492,7,1,3,2,
2492,8,3,4,2,
2492,9,2,3,2,
2492,10,2,3,2,
2492,11,2,3,2,
2493,1,1,3,2,
2493,2,1,3,2,
2493,3,2,3,2,
2493,4,3,4,2,
2493,5,1,3,2,
2493,6,1,3,2,
2493,7,1,3,2,
2493,8,3,4,2,
2493,9,2,3,2,
2493,10,2,3,2,
2493,11,2,3,2,
2494,1,2,3,2,
2494,2,2,3,2,
2494,3,2,3,2,
2494,4,3,4,2,
2494,5,1,3,2,
2494,6,1,3,1,1
2494,7,3,4,2,
2494,8,1,3,2,
2494,9,3,4,2,
2494,10,3,4,2,
2494,11,1,3,2,
2495,1,1,3,2,
2495,2,2,3,2,
2495,3,2,3,2,
2495,4,1,3,1,1
2495,5,1,3,2,
2495,6,1,3,2,
2495,7,1,3,2,
2495,8,1,3,2,
2495,9,1,3,2,
2495,10,1,3,2,
2495,11,1,3,2,
2496,1,1,3,2,
2496,2,2,3,2,
2496,3,2,3,2,
2496,4,3,4,2,
2496,5,1,3,2,
2496,6,1,3,1,1
2496,7,3,4,2,
2496,8,1,3,2,
2496,9,1,3,2,
2496,10,1,1,2,
2496,11,1,1,2,
2497,1,1,3,2,
2497,2,2,3,2,
2497,3,2,3,2,
2497,4,2,3,1,2
2497,5,1,3,2,
2497,6,3,4,2,
2497,7,2,3,2,
2497,8,1,3,1,1
2497,9,1,1,2,
2497,10,3,4,2,
2497,11,1,3,2,
2498,1,1,1,1,1
2498,2,2,3,2,
2498,3,2,3,2,
2498,4,3,4,2,
2498,5,1,3,1,1
2498,6,3,4,2,
2498,7,3,4,2,
2498,8,1,3,2,
2498,9,1,3,2,
2498,10,3,4,2,
2498,11,1,3,2,
2499,1,1,3,2,
2499,2,2,3,2,
2499,3,2,3,2,
2499,4,3,4,2,
2499,5,1,3,2,
2499,6,1,3,1,1
2499,7,3,4,2,
2499,8,1,3,2,
2499,9,1,1,2,
2499,10,3,4,2,
2499,11,1,3,2,
2500,1,1,3,1,1
2500,2,2,3,2,
2500,3,2,3,2,
2500,4,1,3,1,1
2500,5,1,3,2,
2500,6,1,3,2,
2500,7,3,4,2,
2500,8,1,3,2,
2500,9,1,3,2,
2500,10,3,4,2,
2500,11,1,3,2,
2501,1,1,1,2,
2501,2,2,3,2,
2501,3,2,3,2,
2501,4,3,4,2,
2501,5,1,3,2,
2501,6,3,4,2,
2501,7,2,3,1,2
2501,8,1,3,1,1
2501,9,1,1,2,
2501,10,1,3,2,
2501,11,1,3,2,
2502,1,1,3,2,
2502,2,2,3,2,
2502,3,2,3,2,
2502,4,1,3,1,1
2502,5,1,3,2,
2502,6,1,3,1,1
2502,7,2,3,2,
2502,8,1,3,2,
2502,9,1,3,2,
2502,10,1,3,2,
2502,11,1,3,2,
2503,1,1,3,2,
2503,2,2,3,2,
2503,3,2,3,1,2
2503,4,3,4,2,
2503,5,1,3,2,
2503,6,1,3,2,
2503,7,3,4,2,
2503,8,3,4,2,
2503,9,3,4,2,
2503,10,1,3,2,
2503,11,1,3,2,
2504,1,1,3,2,
2504,2,2,3,2,
2504,3,2,3,1,2
2504,4,3,4,2,
2504,5,1,3,2,
2504,6,1,3,2,
2504,7,1,3,2,
2504,8,3,4,2,
2504,9,2,3,2,
2504,10,1,1,2,
2504,11,1,3,2,
2505,1,1,3,2,
2505,2,2,3,2,
2505,3,2,3,1,2
2505,4,1,3,2,
2505,5,1,3,2,
2505,6,1,3,2,
2505,7,1,3,2,
2505,8,3,4,2,
2505,9,1,3,2,
2505,10,1,3,2,
2505,11,1,3,2,
2506,1,1,3,2,
2506,2,2,3,2,
2506,3,2,3,2,
2506,4,3,4,2,
2506,5,1,3,2,
2506,6,1,3,2,
2506,7,1,3,2,
2506,8,3,4,2,
2506,9,1,3,2,
2506,10,1,3,2,
2506,11,1,3,2,
2507,1,1,3,2,
2507,2,2,3,2,
2507,3,2,3,1,2
2507,4,1,3,2,
2507,5,1,3,2,
2507,6,1,3,2,
2507,7,1,3,2,
2507,8,3,4,2,
2507,9,1,3,2,
2507,10,1,3,2,
2507,11,1,3,2,
2508,1,1,3,2,
2508,2,2,3,2,
2508,3,2,3,1,2
2508,4,3,4,2,
2508,5,1,3,2,
2508,6,1,3,2,
2508,7,1,3,2,
2508,8,3,3,2,
2508,9,1,3,2,
2508,10,1,3,2,
2508,11,1,3,2,
2509,1,1,3,2,
2509,2,2,3,2,
2509,3,2,3,1,2
2509,4,3,4,2,
2509,5,1,3,2,
2509,6,1,3,2,
2509,7,1,3,2,
2509,8,3,4,2,
2509,9,2,3,2,
2509,10,1,3,2,
2509,11,1,3,2,
2510,1,1,3,2,
2510,2,2,3,2,
2510,3,2,3,1,2
2510,4,3,4,2,
2510,5,1,3,2,
2510,6,1,3,2,
2510,7,3,4,2,
2510,8,3,4,2,
2510,9,1,3,2,
2510,10,1,3,2,
2510,11,1,3,2,
2511,1,1,3,2,
2511,2,2,3,2,
2511,3,2,3,1,2
2511,4,3,4,2,
2511,5,1,3,2,
2511,6,1,3,2,
2511,7,1,3,2,
2511,8,3,4,2,
2511,9,1,3,2,
2511,10,1,3,2,
2511,11,1,3,2,
2512,1,1,3,2,
2512,2,1,3,2,
2512,3,1,3,2,
2512,4,3,4,2,
2512,5,1,3,2,
2512,6,1,3,2,
2512,7,1,3,2,
2512,8,3,4,2,
2512,9,2,2,2,
2512,10,2,2,2,
2512,11,1,3,2,
2513,1,2,3,2,
2513,2,1,3,2,
2513,3,1,3,2,
2513,4,3,4,2,
2513,5,1,3,2,
2513,6,1,3,2,
2513,7,1,3,2,
2513,8,3,4,2,
2513,9,2,2,2,
2513,10,3,4,2,
2513,11,1,3,2,
2514,1,2,2,2,
2514,2,1,3,2,
2514,3,1,3,2,
2514,4,2,3,2,
2514,5,1,3,2,
2514,6,1,3,2,
2514,7,1,3,2,
2514,8,3,4,2,
2514,9,2,3,2,
2514,10,2,2,2,
2514,11,1,3,2,
2515,1,2,2,1,
2515,2,1,3,2,
2515,3,1,3,2,
2515,4,3,4,2,
2515,5,1,3,2,
2515,6,1,3,2,
2515,7,1,3,2,
2515,8,3,4,2,
2515,9,1,3,2,
2515,10,2,2,2,
2515,11,2,2,2,
2516,1,2,2,2,
2516,2,1,3,2,
2516,3,1,3,2,
2516,4,3,4,2,
2516,5,1,3,2,
2516,6,1,3,2,
2516,7,1,3,2,
2516,8,3,4,2,
2516,9,2,2,2,
2516,10,3,4,2,
2516,11,2,2,2,
2517,1,2,2,2,
2517,2,1,3,2,
2517,3,1,3,2,
2517,4,3,4,2,
2517,5,1,3,2,
2517,6,1,3,2,
2517,7,1,3,2,
2517,8,3,4,2,
2517,9,2,2,2,
2517,10,2,2,2,
2517,11,2,2,2,
2518,1,2,2,2,
2518,2,1,3,2,
2518,3,1,3,2,
2518,4,3,4,2,
2518,5,1,3,2,
2518,6,1,3,2,
2518,7,1,3,2,
2518,8,3,4,2,
2518,9,1,3,2,
2518,10,2,2,2,
2518,11,2,2,2,
2519,1,2,2,2,
2519,2,1,3,2,
2519,3,1,3,2,
2519,4,3,4,2,
2519,5,1,3,2,
2519,6,1,3,2,
2519,7,1,3,2,
2519,8,3,4,2,
2519,9,1,3,2,
2519,10,2,2,2,
2519,11,2,2,2,
2520,1,2,2,2,
2520,2,1,3,2,
2520,3,1,3,2,
2520,4,3,4,2,
2520,5,1,3,2,
2520,6,1,3,2,
2520,7,1,3,2,
2520,8,3,4,2,
2520,9,2,2,2,
2520,10,3,4,2,
2520,11,2,2,2,
2521,1,1,3,2,
2521,2,1,3,2,
2521,3,1,3,2,
2521,4,1,3,2,
2521,5,1,3,2,
2521,6,1,3,2,
2521,7,1,3,2,
2521,8,3,4,2,
2521,9,2,2,2,
2521,10,2,2,2,
2521,11,1,3,2,
2522,1,1,3,2,
2522,2,1,3,2,
2522,3,1,3,2,
2522,4,1,3,2,
2522,5,1,3,2,
2522,6,1,3,2,
2522,7,1,3,2,
2522,8,3,4,2,
2522,9,2,2,2,
2522,10,2,2,1,
2522,11,1,3,2,
2523,1,1,3,2,
2523,2,1,3,2,
2523,3,1,3,2,
2523,4,1,3,2,
2523,5,1,3,2,
2523,6,1,3,2,
2523,7,1,3,2,
2523,8,3,4,2,
2523,9,2,2,2,
2523,10,3,4,2,
2523,11,1,3,2,
2524,1,1,3,2,
2524,2,1,3,2,
2524,3,1,3,2,
2524,4,1,3,2,
2524,5,1,3,2,
2524,6,1,3,2,
2524,7,1,3,2,
2524,8,3,4,2,
2524,9,1,3,2,
2524,10,2,2,2,
2524,11,1,3,2,
2525,1,1,3,2,
2525,2,1,3,2,
2525,3,1,3,2,
2525,4,1,3,2,
2525,5,1,3,2,
2525,6,1,3,2,
2525,7,1,3,2,
2525,8,3,4,2,
2525,9,2,2,2,
2525,10,1,3,2,
2525,11,1,3,2,
2526,1,1,3,2,
2526,2,1,3,2,
2526,3,1,3,2,
2526,4,1,3,2,
2526,5,1,3,2,
2526,6,1,3,2,
2526,7,1,3,2,
2526,8,1,3,2,
2526,9,3,4,2,
2526,10,2,2,2,
2526,11,2,2,2,
2527,1,1,3,2,
2527,2,1,3,2,
2527,3,1,3,2,
2527,4,3,4,2,
2527,5,1,3,2,
2527,6,1,3,2,
2527,7,1,3,2,
2527,8,3,4,2,
2527,9,2,2,2,
2527,10,2,2,2,
2527,11,1,3,2,
2528,1,1,3,2,
2528,2,1,3,2,
2528,3,1,3,2,
2528,4,3,4,2,
2528,5,1,3,2,
2528,6,1,3,2,
2528,7,1,3,2,
2528,8,3,4,2,
2528,9,2,2,2,
2528,10,2,2,2,
2528,11,1,3,2,
2529,1,1,3,2,
2529,2,1,3,2,
2529,3,1,3,2,
2529,4,3,4,2,
2529,5,1,3,2,
2529,6,1,3,2,
2529,7,1,3,2,
2529,8,3,4,2,
2529,9,2,2,2,
2529,10,2,2,2,
2529,11,1,3,2,
2530,1,1,3,2,
2530,2,1,3,2,
2530,3,1,3,2,
2530,4,3,4,2,
2530,5,1,3,2,
2530,6,1,3,2,
2530,7,1,3,2,
2530,8,3,4,2,
2530,9,1,3,2,
2530,10,1,3,2,
2530,11,1,3,2,
2531,1,1,3,2,
2531,2,1,3,2,
2531,3,1,3,2,
2531,4,3,4,2,
2531,5,1,3,2,
2531,6,1,3,2,
2531,7,1,3,2,
2531,8,3,4,2,
2531,9,1,3,2,
2531,10,1,3,2,
2531,11,1,3,2,
2532,1,1,3,2,
2532,2,1,3,2,
2532,3,1,3,2,
2532,4,1,3,2,
2532,5,1,3,2,
2532,6,1,3,2,
2532,7,1,3,2,
2532,8,3,4,2,
2532,9,1,3,2,
2532,10,1,3,2,
2532,11,1,3,2,
2533,1,1,3,2,
2533,2,1,3,2,
2533,3,1,3,2,
2533,4,1,3,1,1
2533,5,1,3,1,1
2533,6,1,3,2,
2533,7,1,3,2,
2533,8,3,4,2,
2533,9,1,3,2,
2533,10,1,3,2,
2533,11,1,3,2,
2534,1,1,3,2,
2534,2,1,3,2,
2534,3,1,3,2,
2534,4,3,4,2,
2534,5,1,3,2,
2534,6,1,3,2,
2534,7,1,3,2,
2534,8,3,4,2,
2534,9,1,3,2,
2534,10,1,3,2,
2534,11,1,3,2,
2535,1,1,3,2,
2535,2,1,3,2,
2535,3,1,3,2,
2535,4,3,4,2,
2535,5,1,3,2,
2535,6,1,3,2,
2535,7,1,3,2,
2535,8,3,4,2,
2535,9,1,3,2,
2535,10,1,3,2,
2535,11,1,3,2,
2536,1,1,3,2,
2536,2,1,3,2,
2536,3,1,3,2,
2536,4,1,3,2,
2536,5,1,3,2,
2536,6,1,3,2,
2536,7,1,3,2,
2536,8,3,4,2,
2536,9,1,3,2,
2536,10,1,3,2,
2536,11,1,3,2,
2537,1,1,3,2,
2537,2,1,3,2,
2537,3,1,3,2,
2537,4,3,4,2,
2537,5,1,3,2,
2537,6,1,3,2,
2537,7,1,3,2,
2537,8,3,4,2,
2537,9,1,3,2,
2537,10,1,3,2,
2537,11,1,3,2,
2538,1,1,3,2,
2538,2,1,3,2,
2538,3,1,3,2,
2538,4,1,3,2,
2538,5,1,3,2,
2538,6,1,3,2,
2538,7,1,3,2,
2538,8,3,4,2,
2538,9,1,3,2,
2538,10,1,3,2,
2538,11,1,3,2,
2539,1,1,3,2,
2539,2,1,3,2,
2539,3,1,3,2,
2539,4,1,3,2,
2539,5,1,3,2,
2539,6,1,3,2,
2539,7,1,3,2,
2539,8,1,3,2,
2539,9,1,3,2,
2539,10,1,3,2,
2539,11,1,3,2,
2540,1,1,3,2,
2540,2,1,3,2,
2540,3,1,3,2,
2540,4,1,3,2,
2540,5,1,3,2,
2540,6,1,3,2,
2540,7,1,3,2,
2540,8,1,3,2,
2540,9,1,3,2,
2540,10,1,3,2,
2540,11,1,3,2,
2541,1,1,3,2,
2541,2,1,3,2,
2541,3,1,3,2,
2541,4,1,3,2,
2541,5,1,3,2,
2541,6,1,3,2,
2541,7,1,3,2,
2541,8,1,3,2,
2541,9,1,3,2,
2541,10,1,3,2,
2541,11,1,3,2,
2542,1,1,3,2,
2542,2,1,3,2,
2542,3,1,3,2,
2542,4,1,3,2,
2542,5,1,3,2,
2542,6,3,4,2,
2542,7,3,4,2,
2542,8,3,4,2,
2542,9,1,3,2,
2542,10,1,3,2,
2542,11,1,3,2,
2543,1,1,3,2,
2543,2,1,3,2,
2543,3,1,3,2,
2543,4,1,3,2,
2543,5,1,3,2,
2543,6,1,3,2,
2543,7,1,3,2,
2543,8,1,3,2,
2543,9,1,3,2,
2543,10,1,3,2,
2543,11,1,3,2,
2544,1,1,3,2,
2544,2,1,3,2,
2544,3,1,3,2,
2544,4,1,3,2,
2544,5,1,3,2,
2544,6,1,3,2,
2544,7,1,3,2,
2544,8,1,3,2,
2544,9,1,3,2,
2544,10,1,3,2,
2544,11,1,3,2,
2545,1,1,3,2,
2545,2,1,3,2,
2545,3,1,3,2,
2545,4,1,3,2,
2545,5,1,3,2,
2545,6,1,3,2,
2545,7,1,3,2,
2545,8,1,3,2,
2545,9,1,3,2,
2545,10,1,3,2,
2545,11,1,3,2,
2546,1,1,3,2,
2546,2,1,3,2,
2546,3,1,3,2,
2546,4,3,4,2,
2546,5,1,3,2,
2546,6,1,3,2,
2546,7,1,3,2,
2546,8,1,3,2,
2546,9,1,3,2,
2546,10,1,3,2,
2546,11,1,3,2,
2547,1,1,3,2,
2547,2,1,3,2,
2547,3,1,3,2,
2547,4,1,3,2,
2547,5,1,3,2,
2547,6,1,3,2,
2547,7,1,3,2,
2547,8,1,3,2,
2547,9,1,3,2,
2547,10,1,3,2,
2547,11,1,3,2,
2548,1,1,3,2,
2548,2,3,4,2,
2548,3,3,4,2,
2548,4,3,4,2,
2548,5,1,3,2,
2548,6,3,4,2,
2548,7,2,3,2,
2548,8,1,3,2,
2548,9,1,3,2,
2548,10,1,3,2,
2548,11,2,3,2,
2549,1,1,3,2,
2549,2,1,3,2,
2549,3,3,4,2,
2549,4,3,4,2,
2549,5,2,3,2,
2549,6,1,3,2,
2549,7,1,3,2,
2549,8,1,3,2,
2549,9,2,3,2,
2549,10,1,3,2,
2549,11,2,3,2,
2550,1,1,3,2,
2550,2,3,4,2,
2550,3,3,4,2,
2550,4,3,4,2,
2550,5,1,3,2,
2550,6,1,3,2,
2550,7,2,3,2,
2550,8,1,3,2,
2550,9,2,3,2,
2550,10,2,3,2,
2550,11,2,3,2,
2551,1,1,3,2,
2551,2,3,4,2,
2551,3,3,4,2,
2551,4,3,4,2,
2551,5,1,3,2,
2551,6,1,3,2,
2551,7,2,3,2,
2551,8,1,3,2,
2551,9,2,3,2,
2551,10,3,4,2,
2551,11,2,3,2,
2552,1,1,3,2,
2552,2,3,4,2,
2552,3,3,4,2,
2552,4,3,4,2,
2552,5,1,3,2,
2552,6,1,3,2,
2552,7,1,3,2,
2552,8,1,3,2,
2552,9,1,3,2,
2552,10,3,4,2,
2552,11,2,3,2,
2553,1,1,3,2,
2553,2,3,4,2,
2553,3,3,4,2,
2553,4,3,4,2,
2553,5,1,3,2,
2553,6,1,3,2,
2553,7,1,3,2,
2553,8,2,3,2,
2553,9,1,3,2,
2553,10,1,3,2,
2553,11,2,3,2,
2554,1,2,3,2,
2554,2,3,4,2,
2554,3,3,4,2,
2554,4,1,3,2,
2554,5,1,3,2,
2554,6,1,3,2,
2554,7,3,4,2,
2554,8,1,3,2,
2554,9,2,3,2,
2554,10,1,3,2,
2554,11,2,3,2,
2555,1,2,3,2,
2555,2,3,4,2,
2555,3,3,4,2,
2555,4,1,3,2,
2555,5,1,3,1,1
2555,6,1,3,2,
2555,7,3,4,2,
2555,8,1,3,2,
2555,9,1,3,2,
2555,10,3,4,2,
2555,11,2,3,2,
2556,1,1,3,2,
2556,2,3,4,2,
2556,3,3,4,2,
2556,4,1,3,1,1
2556,5,1,3,2,
2556,6,1,3,2,
2556,7,1,3,2,
2556,8,1,3,2,
2556,9,1,3,2,
2556,10,3,4,2,
2556,11,2,3,2,
2557,1,1,3,2,
2557,2,1,3,2,
2557,3,1,3,2,
2557,4,1,3,2,
2557,5,1,3,2,
2557,6,1,3,2,
2557,7,1,3,2,
2557,8,1,3,2,
2557,9,3,4,2,
2557,10,1,3,2,
2557,11,1,3,2,
2558,1,1,3,2,
2558,2,1,3,2,
2558,3,1,3,2,
2558,4,1,3,2,
2558,5,1,3,2,
2558,6,1,3,2,
2558,7,1,3,2,
2558,8,1,3,2,
2558,9,1,3,2,
2558,10,1,3,2,
2558,11,1,3,2,
2559,1,1,3,2,
2559,2,1,3,2,
2559,3,1,3,2,
2559,4,1,3,2,
2559,5,1,3,2,
2559,6,1,3,2,
2559,7,1,3,2,
2559,8,3,4,2,
2559,9,3,4,2,
2559,10,1,3,2,
2559,11,1,3,2,
2560,1,1,3,2,
2560,2,1,3,2,
2560,3,1,3,2,
2560,4,1,3,2,
2560,5,1,3,2,
2560,6,1,3,2,
2560,7,1,3,2,
2560,8,1,3,2,
2560,9,1,3,2,
2560,10,1,3,2,
2560,11,1,3,2,
2561,1,1,3,2,
2561,2,1,3,2,
2561,3,1,3,2,
2561,4,1,3,2,
2561,5,1,3,2,
2561,6,1,3,2,
2561,7,1,3,2,
2561,8,1,3,2,
2561,9,3,4,2,
2561,10,3,4,2,
2561,11,1,3,2,
2562,1,1,3,2,
2562,2,1,3,2,
2562,3,1,3,2,
2562,4,1,3,2,
2562,5,1,3,2,
2562,6,1,3,2,
2562,7,1,3,2,
2562,8,1,3,2,
2562,9,1,3,2,
2562,10,1,3,2,
2562,11,1,3,2,
2563,1,1,3,2,
2563,2,1,3,2,
2563,3,1,3,2,
2563,4,1,3,2,
2563,5,1,3,2,
2563,6,1,3,2,
2563,7,1,3,2,
2563,8,3,4,2,
2563,9,1,3,2,
2563,10,1,3,2,
2563,11,1,3,2,
2564,1,1,3,2,
2564,2,1,3,2,
2564,3,1,3,2,
2564,4,1,3,2,
2564,5,1,3,2,
2564,6,1,3,2,
2564,7,1,3,2,
2564,8,3,4,2,
2564,9,3,4,2,
2564,10,3,4,2,
2564,11,1,3,2,
2565,1,1,3,2,
2565,2,1,3,2,
2565,3,1,3,2,
2565,4,1,3,2,
2565,5,1,3,2,
2565,6,1,3,2,
2565,7,1,3,2,
2565,8,3,4,2,
2565,9,1,3,2,
2565,10,3,4,2,
2565,11,3,4,2,
2566,1,1,1,2,
2566,2,2,2,2,
2566,3,2,2,2,
2566,4,1,1,2,
2566,5,2,2,2,
2566,6,2,2,2,
2566,7,1,1,2,
2566,8,1,1,2,
2566,9,2,2,2,
2566,10,1,1,2,
2566,11,1,1,2,
2567,1,1,1,2,
2567,2,2,2,2,
2567,3,2,2,2,
2567,4,2,2,2,
2567,5,2,2,2,
2567,6,1,1,2,
2567,7,2,2,2,
2567,8,2,2,2,
2567,9,2,2,2,
2567,10,2,2,2,
2567,11,1,1,2,
2568,1,1,1,2,
2568,2,2,2,2,
2568,3,2,2,2,
2568,4,1,1,2,
2568,5,1,1,2,
2568,6,1,1,2,
2568,7,2,2,2,
2568,8,2,2,2,
2568,9,2,2,2,
2568,10,2,2,2,
2568,11,1,1,2,
2569,1,1,1,2,
2569,2,2,2,2,
2569,3,1,1,2,
2569,4,2,2,2,
2569,5,1,1,2,
2569,6,1,1,2,
2569,7,1,1,2,
2569,8,2,2,2,
2569,9,2,2,2,
2569,10,2,2,2,
2569,11,1,1,2,
2570,1,1,1,2,
2570,2,2,2,2,
2570,3,1,1,2,
2570,4,2,2,2,
2570,5,1,1,2,
2570,6,2,2,2,
2570,7,2,2,2,
2570,8,2,2,2,
2570,9,2,2,2,
2570,10,2,2,2,
2570,11,1,1,2,
2571,1,1,1,2,
2571,2,2,2,2,
2571,3,2,2,2,
2571,4,2,2,2,
2571,5,1,1,2,
2571,6,1,1,2,
2571,7,2,2,2,
2571,8,2,2,2,
2571,9,1,1,2,
2571,10,2,2,2,
2571,11,1,1,2,
2572,1,2,2,2,
2572,2,2,2,2,
2572,3,2,2,2,
2572,4,2,2,2,
2572,5,2,2,2,
2572,6,2,2,2,
2572,7,2,2,2,
2572,8,2,2,2,
2572,9,2,2,2,
2572,10,2,2,2,
2572,11,2,2,2,
2573,1,1,1,2,
2573,2,2,2,2,
2573,3,2,2,2,
2573,4,1,1,2,
2573,5,1,1,2,
2573,6,1,1,2,
2573,7,1,1,2,
2573,8,1,1,2,
2573,9,2,2,2,
2573,10,2,2,2,
2573,11,2,2,2,
2574,1,1,1,2,
2574,2,2,2,2,
2574,3,2,2,2,
2574,4,2,2,2,
2574,5,1,1,2,
2574,6,1,1,2,
2574,7,1,1,2,
2574,8,1,1,2,
2574,9,2,2,2,
2574,10,1,1,2,
2574,11,1,1,2,
2575,1,1,3,2,
2575,2,1,3,2,
2575,3,1,3,2,
2575,4,3,4,2,
2575,5,1,3,2,
2575,6,1,3,2,
2575,7,1,1,2,
2575,8,2,3,2,
2575,9,1,3,2,
2575,10,3,4,2,
2575,11,1,3,2,
2576,1,1,3,2,
2576,2,1,3,2,
2576,3,1,3,2,
2576,4,3,4,2,
2576,5,1,3,2,
2576,6,1,3,2,
2576,7,1,1,2,
2576,8,2,3,2,
2576,9,1,3,2,
2576,10,3,4,2,
2576,11,1,3,2,
2577,1,1,3,2,
2577,2,1,3,2,
2577,3,1,3,2,
2577,4,3,4,2,
2577,5,1,3,2,
2577,6,1,3,2,
2577,7,1,1,2,
2577,8,2,3,2,
2577,9,1,3,2,
2577,10,1,3,2,
2577,11,1,3,2,
2578,1,1,3,2,
2578,2,1,3,2,
2578,3,1,3,2,
2578,4,1,3,2,
2578,5,1,3,2,
2578,6,1,3,2,
2578,7,1,3,2,
2578,8,2,3,2,
2578,9,1,3,2,
2578,10,3,4,2,
2578,11,1,3,2,
2579,1,1,3,2,
2579,2,1,3,2,
2579,3,1,3,2,
2579,4,3,4,2,
2579,5,1,3,2,
2579,6,1,1,2,
2579,7,1,1,2,
2579,8,2,3,2,
2579,9,1,3,2,
2579,10,1,3,2,
2579,11,1,3,2,
2580,1,1,3,2,
2580,2,1,3,2,
2580,3,1,3,2,
2580,4,1,3,2,
2580,5,1,3,2,
2580,6,1,3,2,
2580,7,1,3,2,
2580,8,2,3,2,
2580,9,1,3,2,
2580,10,1,3,2,
2580,11,1,3,2,
2581,1,1,3,2,
2581,2,1,3,2,
2581,3,1,3,2,
2581,4,3,4,2,
2581,5,1,3,2,
2581,6,1,3,2,
2581,7,1,3,2,
2581,8,2,3,2,
2581,9,1,3,2,
2581,10,3,4,2,
2581,11,1,3,2,
2582,1,1,3,2,
2582,2,1,3,2,
2582,3,1,3,2,
2582,4,1,3,2,
2582,5,1,3,1,1
2582,6,1,1,2,
2582,7,1,1,2,
2582,8,2,3,2,
2582,9,1,3,2,
2582,10,3,4,2,
2582,11,1,3,2,
2583,1,1,3,2,
2583,2,1,3,2,
2583,3,1,3,2,
2583,4,1,3,2,
2583,5,1,3,2,
2583,6,1,3,2,
2583,7,1,3,2,
2583,8,1,3,2,
2583,9,1,3,2,
2583,10,3,4,2,
2583,11,1,3,2,
2584,1,1,1,2,
2584,2,1,3,2,
2584,3,2,2,2,
2584,4,1,3,2,
2584,5,1,3,2,
2584,6,1,3,2,
2584,7,1,1,2,
2584,8,3,4,2,
2584,9,1,1,2,
2584,10,1,1,2,
2584,11,1,1,2,
2585,1,1,3,2,
2585,2,1,3,2,
2585,3,1,3,2,
2585,4,1,3,2,
2585,5,1,3,2,
2585,6,1,1,2,
2585,7,1,1,2,
2585,8,3,4,2,
2585,9,1,1,2,
2585,10,1,1,2,
2585,11,1,1,2,
2586,1,1,1,2,
2586,2,1,3,2,
2586,3,1,2,2,
2586,4,1,3,2,
2586,5,1,3,2,
2586,6,1,1,2,
2586,7,1,1,2,
2586,8,3,4,2,
2586,9,1,1,2,
2586,10,3,4,2,
2586,11,1,1,2,
2587,1,1,1,2,
2587,2,1,3,2,
2587,3,1,2,2,
2587,4,1,3,2,
2587,5,1,3,2,
2587,6,1,1,2,
2587,7,1,1,2,
2587,8,2,3,2,
2587,9,1,1,2,
2587,10,1,1,2,
2587,11,1,1,2,
2588,1,1,1,2,
2588,2,1,3,2,
2588,3,2,2,2,
2588,4,1,3,1,1
2588,5,1,3,2,
2588,6,2,2,1,3
2588,7,1,1,2,
2588,8,3,4,2,
2588,9,1,3,2,
2588,10,3,4,2,
2588,11,1,1,2,
2589,1,1,1,2,
2589,2,1,3,2,
2589,3,1,3,2,
2589,4,1,3,2,
2589,5,1,3,2,
2589,6,1,1,2,
2589,7,1,1,2,
2589,8,3,4,2,
2589,9,1,1,2,
2589,10,1,1,2,
2589,11,1,1,2,
2590,1,1,1,2,
2590,2,1,3,2,
2590,3,1,2,2,
2590,4,3,4,2,
2590,5,1,3,2,
2590,6,1,1,2,
2590,7,1,1,2,
2590,8,3,4,2,
2590,9,1,1,2,
2590,10,1,1,2,
2590,11,1,1,2,
2591,1,1,3,2,
2591,2,1,3,2,
2591,3,1,3,2,
2591,4,1,3,2,
2591,5,1,3,2,
2591,6,1,1,2,
2591,7,1,1,2,
2591,8,3,4,2,
2591,9,1,1,2,
2591,10,1,1,2,
2591,11,1,1,2,
2592,1,1,1,2,
2592,2,1,3,2,
2592,3,1,2,2,
2592,4,3,4,2,
2592,5,1,3,2,
2592,6,1,1,2,
2592,7,1,1,2,
2592,8,3,4,2,
2592,9,1,1,2,
2592,10,1,1,2,
2592,11,1,1,2,
2593,1,1,1,2,
2593,2,1,1,2,
2593,3,1,3,2,
2593,4,1,3,2,
2593,5,1,3,2,
2593,6,1,1,2,
2593,7,1,1,2,
2593,8,3,4,2,
2593,9,1,3,2,
2593,10,1,1,2,
2593,11,2,3,2,
2594,1,1,1,2,
2594,2,1,3,2,
2594,3,1,1,2,
2594,4,3,4,2,
2594,5,1,3,2,
2594,6,3,4,2,
2594,7,2,2,2,
2594,8,3,4,2,
2594,9,2,2,2,
2594,10,2,2,2,
2594,11,2,3,2,
2595,1,1,3,2,
2595,2,1,3,2,
2595,3,1,1,2,
2595,4,1,1,2,
2595,5,1,1,2,
2595,6,1,1,2,
2595,7,3,4,2,
2595,8,3,4,2,
2595,9,2,2,2,
2595,10,2,2,2,
2595,11,2,3,2,
2596,1,1,1,2,
2596,2,1,3,2,
2596,3,1,1,2,
2596,4,3,4,2,
2596,5,1,3,2,
2596,6,3,4,2,
2596,7,2,2,2,
2596,8,3,4,2,
2596,9,1,1,2,
2596,10,3,4,2,
2596,11,3,4,2,
2597,1,1,1,2,
2597,2,1,1,2,
2597,3,1,1,2,
2597,4,1,1,2,
2597,5,1,1,2,
2597,6,3,4,2,
2597,7,1,1,2,
2597,8,3,4,2,
2597,9,3,4,2,
2597,10,3,4,2,
2597,11,1,3,2,
2598,1,1,1,2,
2598,2,1,1,2,
2598,3,1,1,2,
2598,4,1,1,2,
2598,5,1,1,2,
2598,6,1,1,2,
2598,7,1,1,2,
2598,8,3,4,2,
2598,9,3,4,2,
2598,10,2,2,2,
2598,11,2,3,2,
2599,1,1,1,2,
2599,2,1,3,2,
2599,3,1,1,2,
2599,4,1,1,2,
2599,5,1,1,2,
2599,6,3,4,2,
2599,7,2,2,2,
2599,8,3,4,2,
2599,9,2,2,2,
2599,10,2,2,2,
2599,11,2,3,2,
2600,1,1,1,2,
2600,2,1,3,2,
2600,3,1,1,2,
2600,4,3,4,2,
2600,5,1,3,2,
2600,6,3,4,2,
2600,7,1,1,2,
2600,8,3,4,2,
2600,9,1,1,2,
2600,10,3,4,2,
2600,11,3,4,2,
2601,1,1,1,2,
2601,2,1,3,2,
2601,3,1,1,2,
2601,4,1,1,2,
2601,5,1,3,2,
2601,6,3,4,2,
2601,7,3,4,2,
2601,8,3,4,2,
2601,9,3,4,2,
2601,10,3,4,2,
2601,11,2,3,2,
2602,1,1,3,2,
2602,2,1,3,2,
2602,3,1,3,2,
2602,4,1,3,2,
2602,5,1,3,2,
2602,6,1,3,2,
2602,7,3,4,2,
2602,8,3,4,2,
2602,9,1,3,2,
2602,10,3,4,2,
2602,11,1,3,2,
2603,1,1,3,2,
2603,2,1,3,2,
2603,3,1,3,2,
2603,4,1,3,2,
2603,5,1,3,2,
2603,6,3,4,2,
2603,7,3,4,2,
2603,8,3,4,2,
2603,9,3,4,2,
2603,10,3,4,2,
2603,11,1,3,2,
2604,1,1,3,2,
2604,2,1,3,2,
2604,3,1,3,2,
2604,4,1,3,2,
2604,5,1,3,2,
2604,6,3,4,2,
2604,7,3,4,2,
2604,8,3,4,2,
2604,9,3,4,2,
2604,10,1,3,2,
2604,11,1,3,2,
2605,1,1,3,2,
2605,2,1,3,2,
2605,3,1,3,2,
2605,4,1,3,2,
2605,5,1,3,2,
2605,6,1,3,2,
2605,7,3,4,2,
2605,8,3,4,2,
2605,9,3,4,2,
2605,10,3,4,2,
2605,11,1,3,2,
2606,1,1,3,2,
2606,2,1,3,2,
2606,3,1,3,2,
2606,4,1,3,2,
2606,5,1,3,2,
2606,6,3,4,2,
2606,7,3,4,2,
2606,8,3,4,2,
2606,9,3,4,2,
2606,10,3,4,2,
2606,11,1,3,2,
2607,1,1,3,2,
2607,2,1,3,2,
2607,3,1,3,2,
2607,4,1,3,2,
2607,5,1,3,2,
2607,6,3,4,2,
2607,7,3,4,2,
2607,8,3,4,2,
2607,9,3,4,2,
2607,10,1,3,2,
2607,11,1,3,2,
2608,1,1,3,2,
2608,2,1,3,2,
2608,3,1,3,2,
2608,4,1,3,2,
2608,5,1,3,2,
2608,6,1,3,2,
2608,7,3,4,2,
2608,8,3,4,2,
2608,9,2,3,2,
2608,10,3,4,2,
2608,11,1,3,2,
2609,1,1,3,2,
2609,2,1,3,2,
2609,3,1,3,2,
2609,4,1,3,2,
2609,5,1,3,2,
2609,6,1,3,2,
2609,7,3,4,2,
2609,8,3,4,2,
2609,9,3,4,2,
2609,10,2,3,2,
2609,11,1,3,2,
2610,1,1,3,2,
2610,2,1,3,2,
2610,3,1,3,2,
2610,4,1,3,2,
2610,5,1,3,2,
2610,6,1,3,2,
2610,7,3,4,2,
2610,8,3,4,2,
2610,9,2,3,2,
2610,10,3,4,2,
2610,11,1,3,2,
2611,1,1,3,2,
2611,2,1,3,2,
2611,3,1,3,2,
2611,4,1,3,2,
2611,5,1,3,2,
2611,6,1,3,2,
2611,7,1,3,2,
2611,8,3,4,2,
2611,9,1,3,2,
2611,10,1,3,2,
2611,11,1,3,2,
2612,1,1,3,2,
2612,2,1,3,2,
2612,3,1,3,2,
2612,4,1,3,2,
2612,5,1,3,2,
2612,6,1,3,2,
2612,7,1,3,2,
2612,8,3,4,2,
2612,9,1,3,2,
2612,10,1,3,2,
2612,11,1,3,2,
2613,1,1,3,2,
2613,2,1,3,2,
2613,3,1,3,2,
2613,4,1,3,2,
2613,5,1,3,2,
2613,6,1,3,2,
2613,7,1,3,2,
2613,8,3,4,2,
2613,9,1,3,2,
2613,10,1,3,2,
2613,11,1,3,2,
2614,1,1,3,2,
2614,2,1,3,2,
2614,3,1,3,2,
2614,4,1,3,2,
2614,5,1,3,2,
2614,6,1,3,2,
2614,7,1,3,2,
2614,8,3,4,2,
2614,9,1,3,2,
2614,10,1,3,2,
2614,11,1,3,2,
2615,1,1,3,2,
2615,2,1,3,2,
2615,3,1,3,2,
2615,4,1,3,2,
2615,5,1,3,2,
2615,6,1,3,2,
2615,7,1,3,2,
2615,8,3,4,2,
2615,9,1,3,2,
2615,10,1,3,2,
2615,11,1,3,2,
2616,1,1,3,2,
2616,2,1,3,2,
2616,3,1,3,2,
2616,4,1,3,2,
2616,5,1,3,2,
2616,6,1,3,2,
2616,7,1,3,2,
2616,8,3,4,2,
2616,9,1,3,2,
2616,10,1,3,2,
2616,11,1,3,2,
2617,1,1,3,2,
2617,2,1,3,2,
2617,3,1,3,2,
2617,4,1,3,2,
2617,5,1,3,2,
2617,6,1,3,2,
2617,7,1,3,2,
2617,8,3,4,2,
2617,9,1,3,2,
2617,10,1,3,2,
2617,11,1,3,2,
2618,1,1,3,2,
2618,2,1,3,2,
2618,3,1,3,2,
2618,4,1,3,2,
2618,5,1,3,2,
2618,6,1,3,2,
2618,7,1,3,2,
2618,8,3,4,2,
2618,9,1,3,2,
2618,10,1,3,2,
2618,11,1,3,2,
2619,1,1,3,2,
2619,2,1,3,2,
2619,3,1,3,2,
2619,4,1,3,2,
2619,5,1,3,2,
2619,6,1,3,2,
2619,7,1,3,2,
2619,8,3,4,2,
2619,9,3,3,2,
2619,10,3,4,2,
2619,11,1,3,2,
2620,1,1,3,2,
2620,2,1,3,2,
2620,3,1,3,2,
2620,4,1,3,2,
2620,5,2,2,2,
2620,6,1,1,2,
2620,7,2,4,2,
2620,8,3,4,2,
2620,9,1,3,2,
2620,10,1,3,2,
2620,11,2,3,2,
2621,1,1,3,2,
2621,2,1,3,2,
2621,3,1,3,2,
2621,4,1,3,2,
2621,5,2,2,1,3
2621,6,1,3,2,
2621,7,3,4,2,
2621,8,3,4,2,
2621,9,3,4,2,
2621,10,3,4,2,
2621,11,3,4,2,
2622,1,1,3,2,
2622,2,1,3,2,
2622,3,1,3,2,
2622,4,1,3,2,
2622,5,2,2,2,
2622,6,1,3,2,
2622,7,3,4,2,
2622,8,3,4,2,
2622,9,2,4,2,
2622,10,3,4,2,
2622,11,2,3,2,
2623,1,1,3,2,
2623,2,1,3,2,
2623,3,1,3,2,
2623,4,1,3,2,
2623,5,1,3,2,
2623,6,1,3,2,
2623,7,3,4,2,
2623,8,2,3,1,2
2623,9,1,3,2,
2623,10,2,3,2,
2623,11,3,4,2,
2624,1,1,3,2,
2624,2,1,3,2,
2624,3,1,3,2,
2624,4,1,3,2,
2624,5,1,3,2,
2624,6,1,3,2,
2624,7,1,3,2,
2624,8,1,3,2,
2624,9,1,3,2,
2624,10,1,3,2,
2624,11,1,3,2,
2625,1,2,3,2,
2625,2,1,3,2,
2625,3,2,3,2,
2625,4,1,3,2,
2625,5,1,2,2,
2625,6,1,3,2,
2625,7,3,4,2,
2625,8,3,4,2,
2625,9,1,3,2,
2625,10,2,3,2,
2625,11,2,3,2,
2626,1,1,3,2,
2626,2,1,3,2,
2626,3,1,3,2,
2626,4,1,3,2,
2626,5,1,2,2,
2626,6,1,3,2,
2626,7,3,4,2,
2626,8,3,4,2,
2626,9,3,4,2,
2626,10,3,4,2,
2626,11,3,4,2,
2627,1,1,3,2,
2627,2,1,3,2,
2627,3,1,3,2,
2627,4,1,3,2,
2627,5,2,2,2,
2627,6,1,3,2,
2627,7,2,3,1,2
2627,8,3,4,2,
2627,9,3,4,2,
2627,10,3,4,2,
2627,11,3,4,2,
2628,1,1,3,2,
2628,2,1,3,2,
2628,3,1,3,2,
2628,4,1,3,2,
2628,5,1,3,2,
2628,6,1,3,2,
2628,7,2,3,2,
2628,8,3,4,2,
2628,9,2,3,2,
2628,10,2,2,2,
2628,11,2,2,2,
2629,1,1,1,2,
2629,2,1,1,2,
2629,3,1,1,2,
2629,4,1,1,2,
2629,5,1,1,2,
2629,6,1,1,2,
2629,7,1,1,2,
2629,8,3,4,2,
2629,9,2,2,2,
2629,10,3,4,2,
2629,11,1,1,2,
2630,1,1,1,2,
2630,2,1,1,2,
2630,3,1,1,2,
2630,4,1,1,2,
2630,5,1,1,2,
2630,6,1,1,2,
2630,7,2,2,2,
2630,8,3,4,2,
2630,9,2,2,2,
2630,10,2,2,2,
2630,11,1,1,2,
2631,1,1,1,2,
2631,2,1,1,2,
2631,3,1,1,2,
2631,4,1,1,2,
2631,5,1,1,2,
2631,6,1,1,2,
2631,7,1,1,2,
2631,8,3,4,2,
2631,9,2,2,2,
2631,10,3,4,2,
2631,11,1,1,2,
2632,1,1,1,2,
2632,2,1,1,2,
2632,3,1,1,2,
2632,4,1,1,2,
2632,5,1,1,2,
2632,6,1,1,2,
2632,7,1,1,2,
2632,8,3,4,2,
2632,9,2,2,2,
2632,10,3,4,2,
2632,11,1,1,2,
2633,1,1,1,2,
2633,2,1,1,2,
2633,3,1,1,2,
2633,4,1,1,2,
2633,5,1,1,2,
2633,6,1,1,2,
2633,7,1,1,2,
2633,8,3,4,2,
2633,9,2,2,2,
2633,10,2,2,2,
2633,11,1,1,2,
2634,1,1,1,2,
2634,2,1,1,2,
2634,3,1,1,2,
2634,4,1,1,2,
2634,5,1,1,2,
2634,6,1,1,2,
2634,7,1,1,2,
2634,8,3,4,2,
2634,9,2,2,2,
2634,10,1,1,2,
2634,11,1,1,2,
2635,1,1,1,2,
2635,2,1,1,2,
2635,3,1,1,2,
2635,4,1,1,2,
2635,5,1,1,2,
2635,6,1,1,2,
2635,7,1,1,2,
2635,8,3,4,2,
2635,9,2,2,2,
2635,10,3,4,2,
2635,11,1,1,2,
2636,1,1,1,2,
2636,2,1,1,2,
2636,3,1,1,2,
2636,4,1,1,2,
2636,5,1,1,2,
2636,6,1,1,2,
2636,7,3,4,2,
2636,8,3,4,2,
2636,9,2,2,2,
2636,10,2,2,2,
2636,11,1,1,2,
2637,1,1,1,2,
2637,2,1,1,2,
2637,3,1,1,2,
2637,4,1,1,2,
2637,5,1,1,2,
2637,6,1,1,2,
2637,7,1,1,2,
2637,8,3,4,2,
2637,9,1,1,2,
2637,10,1,1,2,
2637,11,1,1,2,
2638,1,1,3,2,
2638,2,1,3,2,
2638,3,1,3,2,
2638,4,1,3,2,
2638,5,1,3,2,
2638,6,1,3,2,
2638,7,1,3,2,
2638,8,3,4,2,
2638,9,3,4,2,
2638,10,1,3,2,
2638,11,2,3,2,
2639,1,1,3,2,
2639,2,1,3,2,
2639,3,1,3,2,
2639,4,1,3,2,
2639,5,1,3,2,
2639,6,1,3,2,
2639,7,1,3,2,
2639,8,3,4,2,
2639,9,2,3,2,
2639,10,3,4,2,
2639,11,1,3,2,
2640,1,1,3,2,
2640,2,1,3,2,
2640,3,1,3,2,
2640,4,1,3,2,
2640,5,1,3,2,
2640,6,1,3,2,
2640,7,1,3,2,
2640,8,3,4,2,
2640,9,2,3,2,
2640,10,2,3,2,
2640,11,1,3,2,
2641,1,1,3,2,
2641,2,1,3,2,
2641,3,1,3,2,
2641,4,1,3,2,
2641,5,1,3,2,
2641,6,1,3,2,
2641,7,1,3,2,
2641,8,3,4,2,
2641,9,1,3,2,
2641,10,1,3,2,
2641,11,1,3,2,
2642,1,1,3,2,
2642,2,1,3,2,
2642,3,1,3,2,
2642,4,1,3,2,
2642,5,1,3,2,
2642,6,1,3,2,
2642,7,3,4,2,
2642,8,3,4,2,
2642,9,1,3,2,
2642,10,3,4,2,
2642,11,1,3,2,
2643,1,1,3,2,
2643,2,1,3,2,
2643,3,1,3,2,
2643,4,1,3,2,
2643,5,1,3,2,
2643,6,3,4,2,
2643,7,3,4,2,
2643,8,3,4,2,
2643,9,1,3,2,
2643,10,3,4,2,
2643,11,3,4,2,
2644,1,1,3,2,
2644,2,1,3,2,
2644,3,1,3,2,
2644,4,1,3,2,
2644,5,1,3,2,
2644,6,3,4,2,
2644,7,3,4,2,
2644,8,3,4,2,
2644,9,3,4,2,
2644,10,2,2,2,
2644,11,2,2,2,
2645,1,1,3,2,
2645,2,1,3,2,
2645,3,1,3,2,
2645,4,1,3,2,
2645,5,1,3,2,
2645,6,1,3,2,
2645,7,1,3,2,
2645,8,3,4,2,
2645,9,1,3,2,
2645,10,1,3,2,
2645,11,1,3,2,
2646,1,1,3,2,
2646,2,1,3,2,
2646,3,1,3,2,
2646,4,1,3,2,
2646,5,1,3,2,
2646,6,1,3,2,
2646,7,1,3,2,
2646,8,3,4,2,
2646,9,1,3,2,
2646,10,1,3,2,
2646,11,1,3,2,
2647,1,1,3,2,
2647,2,1,3,2,
2647,3,1,1,2,
2647,4,1,3,2,
2647,5,1,3,2,
2647,6,1,3,2,
2647,7,1,3,2,
2647,8,3,4,2,
2647,9,1,3,2,
2647,10,1,3,2,
2647,11,1,3,2,
2648,1,1,3,2,
2648,2,1,3,2,
2648,3,1,1,1,1
2648,4,3,3,2,
2648,5,1,3,2,
2648,6,1,3,2,
2648,7,1,3,2,
2648,8,3,4,2,
2648,9,3,4,2,
2648,10,1,3,2,
2648,11,1,3,2,
2649,1,1,3,2,
2649,2,1,3,2,
2649,3,1,3,2,
2649,4,3,4,2,
2649,5,1,3,2,
2649,6,1,3,2,
2649,7,1,3,2,
2649,8,3,4,2,
2649,9,1,3,2,
2649,10,3,4,2,
2649,11,1,3,2,
2650,1,1,3,2,
2650,2,1,3,2,
2650,3,1,1,2,
2650,4,1,3,2,
2650,5,1,3,2,
2650,6,1,3,2,
2650,7,1,3,2,
2650,8,3,4,2,
2650,9,2,2,2,
2650,10,3,4,2,
2650,11,1,3,2,
2651,1,1,3,2,
2651,2,1,3,2,
2651,3,1,3,2,
2651,4,1,3,2,
2651,5,1,3,2,
2651,6,1,3,2,
2651,7,1,3,2,
2651,8,3,4,2,
2651,9,1,3,2,
2651,10,1,3,2,
2651,11,1,3,2,
2652,1,1,3,2,
2652,2,1,3,2,
2652,3,1,1,2,
2652,4,1,3,2,
2652,5,1,3,2,
2652,6,1,3,2,
2652,7,1,3,2,
2652,8,3,4,2,
2652,9,1,3,2,
2652,10,3,4,2,
2652,11,1,3,2,
2653,1,1,3,2,
2653,2,1,3,2,
2653,3,2,2,1,1
2653,4,1,3,2,
2653,5,1,3,2,
2653,6,1,3,2,
2653,7,3,4,2,
2653,8,3,4,2,
2653,9,1,3,2,
2653,10,1,3,2,
2653,11,1,3,2,
2654,1,1,3,2,
2654,2,1,3,2,
2654,3,1,3,1,1
2654,4,1,3,2,
2654,5,1,3,2,
2654,6,1,3,2,
2654,7,3,4,2,
2654,8,3,4,2,
2654,9,2,2,1,2
2654,10,3,4,2,
2654,11,1,3,2,
2655,1,1,3,2,
2655,2,1,3,2,
2655,3,1,3,2,
2655,4,1,3,2,
2655,5,1,3,2,
2655,6,1,3,2,
2655,7,3,4,2,
2655,8,3,4,2,
2655,9,1,3,2,
2655,10,1,3,2,
2655,11,1,3,2,
2656,1,2,3,2,
2656,2,1,3,2,
2656,3,1,3,2,
2656,4,1,3,2,
2656,5,1,3,2,
2656,6,1,3,2,
2656,7,1,3,2,
2656,8,3,4,2,
2656,9,2,3,2,
2656,10,3,4,2,
2656,11,2,3,2,
2657,1,2,3,2,
2657,2,1,3,2,
2657,3,1,3,2,
2657,4,1,3,2,
2657,5,1,3,2,
2657,6,3,4,2,
2657,7,1,3,2,
2657,8,3,4,2,
2657,9,2,3,2,
2657,10,3,4,2,
2657,11,2,3,2,
2658,1,2,3,2,
2658,2,1,3,2,
2658,3,2,3,2,
2658,4,1,3,2,
2658,5,1,3,2,
2658,6,3,4,2,
2658,7,1,3,2,
2658,8,3,4,2,
2658,9,2,3,2,
2658,10,3,4,2,
2658,11,2,3,2,
2659,1,1,3,2,
2659,2,1,3,2,
2659,3,1,3,2,
2659,4,1,3,2,
2659,5,1,3,2,
2659,6,1,3,2,
2659,7,3,4,2,
2659,8,3,4,2,
2659,9,2,3,2,
2659,10,2,3,2,
2659,11,2,3,2,
2660,1,1,3,2,
2660,2,1,3,2,
2660,3,1,3,2,
2660,4,1,3,2,
2660,5,1,3,2,
2660,6,3,4,2,
2660,7,1,3,2,
2660,8,3,4,2,
2660,9,2,3,2,
2660,10,2,3,2,
2660,11,2,3,2,
2661,1,2,3,2,
2661,2,1,3,2,
2661,3,1,3,2,
2661,4,1,3,2,
2661,5,1,3,2,
2661,6,3,4,2,
2661,7,3,4,2,
2661,8,3,4,2,
2661,9,2,3,2,
2661,10,3,4,2,
2661,11,2,3,2,
2662,1,1,3,2,
2662,2,1,3,2,
2662,3,1,3,2,
2662,4,1,3,2,
2662,5,1,3,2,
2662,6,1,3,2,
2662,7,1,3,2,
2662,8,3,4,2,
2662,9,2,3,2,
2662,10,1,3,2,
2662,11,2,3,2,
2663,1,1,3,2,
2663,2,1,3,2,
2663,3,2,3,2,
2663,4,1,3,2,
2663,5,1,3,2,
2663,6,3,4,2,
2663,7,1,3,2,
2663,8,3,4,2,
2663,9,2,3,2,
2663,10,2,3,2,
2663,11,2,3,2,
2664,1,1,3,2,
2664,2,1,3,2,
2664,3,1,3,2,
2664,4,1,3,2,
2664,5,1,3,2,
2664,6,3,4,2,
2664,7,3,4,2,
2664,8,3,4,2,
2664,9,1,3,2,
2664,10,2,3,2,
2664,11,2,3,2,
2665,1,1,3,2,
2665,2,1,3,2,
2665,3,1,3,2,
2665,4,1,3,2,
2665,5,1,3,2,
2665,6,1,3,2,
2665,7,1,3,2,
2665,8,3,4,2,
2665,9,1,3,2,
2665,10,3,4,2,
2665,11,1,3,2,
2666,1,1,3,2,
2666,2,1,3,2,
2666,3,1,3,2,
2666,4,1,3,2,
2666,5,1,3,2,
2666,6,1,3,2,
2666,7,1,3,2,
2666,8,3,4,2,
2666,9,1,3,2,
2666,10,1,3,2,
2666,11,1,3,2,
2667,1,1,3,2,
2667,2,1,3,2,
2667,3,1,3,2,
2667,4,1,3,2,
2667,5,1,3,2,
2667,6,1,3,2,
2667,7,1,3,2,
2667,8,3,4,2,
2667,9,1,3,2,
2667,10,3,4,2,
2667,11,1,3,2,
2668,1,1,3,2,
2668,2,1,3,2,
2668,3,1,3,2,
2668,4,1,3,2,
2668,5,1,3,2,
2668,6,1,3,2,
2668,7,1,3,2,
2668,8,3,4,2,
2668,9,1,3,2,
2668,10,2,2,2,
2668,11,2,2,2,
2669,1,1,3,2,
2669,2,1,3,2,
2669,3,1,3,2,
2669,4,1,3,2,
2669,5,1,3,2,
2669,6,1,3,2,
2669,7,1,3,2,
2669,8,3,4,2,
2669,9,1,3,2,
2669,10,1,3,2,
2669,11,1,3,2,
2670,1,1,3,2,
2670,2,1,3,2,
2670,3,1,3,2,
2670,4,1,3,2,
2670,5,1,3,2,
2670,6,3,4,2,
2670,7,3,4,2,
2670,8,3,4,2,
2670,9,2,3,2,
2670,10,1,3,2,
2670,11,1,3,2,
2671,1,1,3,2,
2671,2,1,3,2,
2671,3,1,3,2,
2671,4,1,3,2,
2671,5,1,3,2,
2671,6,1,3,2,
2671,7,1,3,2,
2671,8,3,4,2,
2671,9,2,3,2,
2671,10,3,4,2,
2671,11,2,2,2,
2672,1,1,1,2,
2672,2,1,3,2,
2672,3,1,1,2,
2672,4,1,1,2,
2672,5,1,3,2,
2672,6,1,4,2,
2672,7,1,3,2,
2672,8,3,4,2,
2672,9,1,4,2,
2672,10,3,4,2,
2672,11,1,3,2,
2673,1,1,3,2,
2673,2,1,3,2,
2673,3,1,3,2,
2673,4,1,3,2,
2673,5,1,3,2,
2673,6,1,3,2,
2673,7,1,3,2,
2673,8,3,4,2,
2673,9,2,3,2,
2673,10,3,4,2,
2673,11,2,2,2,
2674,1,1,3,2,
2674,2,1,3,2,
2674,3,1,3,2,
2674,4,1,3,2,
2674,5,1,3,2,
2674,6,1,3,2,
2674,7,1,3,2,
2674,8,3,4,2,
2674,9,1,3,2,
2674,10,1,3,2,
2674,11,1,3,2,
2675,1,1,3,2,
2675,2,1,3,2,
2675,3,1,3,2,
2675,4,1,3,2,
2675,5,1,3,2,
2675,6,1,3,2,
2675,7,1,3,2,
2675,8,3,4,2,
2675,9,1,3,2,
2675,10,1,3,2,
2675,11,1,3,2,
2676,1,1,3,2,
2676,2,1,3,2,
2676,3,1,3,2,
2676,4,1,3,2,
2676,5,1,3,2,
2676,6,1,3,2,
2676,7,1,3,2,
2676,8,3,4,2,
2676,9,1,3,2,
2676,10,1,3,2,
2676,11,1,3,2,
2677,1,1,3,2,
2677,2,1,3,2,
2677,3,1,3,2,
2677,4,1,3,2,
2677,5,1,3,2,
2677,6,1,3,2,
2677,7,1,3,2,
2677,8,3,4,2,
2677,9,1,3,2,
2677,10,1,3,2,
2677,11,1,3,2,
2678,1,1,3,2,
2678,2,1,3,2,
2678,3,1,3,2,
2678,4,1,3,2,
2678,5,1,3,2,
2678,6,1,3,2,
2678,7,1,3,2,
2678,8,3,4,2,
2678,9,1,3,2,
2678,10,1,3,2,
2678,11,1,3,2,
2679,1,1,3,2,
2679,2,1,3,2,
2679,3,1,3,2,
2679,4,1,3,2,
2679,5,1,3,2,
2679,6,1,3,2,
2679,7,1,3,2,
2679,8,3,4,2,
2679,9,1,3,2,
2679,10,1,3,2,
2679,11,1,3,2,
2680,1,1,3,2,
2680,2,1,3,2,
2680,3,1,3,2,
2680,4,1,3,2,
2680,5,1,3,2,
2680,6,1,3,2,
2680,7,1,3,2,
2680,8,3,4,2,
2680,9,1,3,2,
2680,10,1,3,2,
2680,11,1,3,2,
2681,1,1,3,2,
2681,2,1,3,2,
2681,3,1,3,2,
2681,4,1,3,2,
2681,5,1,3,2,
2681,6,1,3,2,
2681,7,1,3,2,
2681,8,3,4,2,
2681,9,1,3,2,
2681,10,1,3,2,
2681,11,1,3,2,
2682,1,1,3,2,
2682,2,1,3,2,
2682,3,1,3,2,
2682,4,1,3,2,
2682,5,1,3,2,
2682,6,1,3,2,
2682,7,1,3,2,
2682,8,3,4,2,
2682,9,1,3,2,
2682,10,1,3,2,
2682,11,1,3,2,
2683,1,1,3,2,
2683,2,1,3,2,
2683,3,1,3,2,
2683,4,1,3,2,
2683,5,1,3,2,
2683,6,1,3,2,
2683,7,1,3,2,
2683,8,3,4,2,
2683,9,2,3,2,
2683,10,2,3,2,
2683,11,2,3,2,
2684,1,1,3,2,
2684,2,1,3,2,
2684,3,1,3,2,
2684,4,1,3,2,
2684,5,1,3,2,
2684,6,1,3,2,
2684,7,1,3,2,
2684,8,3,4,2,
2684,9,1,3,2,
2684,10,1,3,2,
2684,11,1,3,2,
2685,1,1,3,2,
2685,2,1,3,2,
2685,3,2,3,2,
2685,4,3,4,2,
2685,5,1,3,2,
2685,6,1,3,2,
2685,7,1,3,2,
2685,8,3,4,2,
2685,9,1,3,2,
2685,10,1,3,2,
2685,11,1,3,2,
2686,1,2,3,2,
2686,2,1,3,2,
2686,3,1,3,2,
2686,4,1,3,2,
2686,5,1,3,2,
2686,6,1,3,2,
2686,7,1,3,2,
2686,8,3,4,2,
2686,9,1,3,2,
2686,10,1,3,2,
2686,11,1,3,2,
2687,1,1,3,2,
2687,2,1,3,2,
2687,3,1,3,2,
2687,4,1,3,2,
2687,5,1,3,2,
2687,6,1,3,2,
2687,7,1,3,2,
2687,8,3,4,2,
2687,9,1,3,2,
2687,10,1,3,2,
2687,11,1,3,2,
2688,1,1,3,2,
2688,2,1,3,2,
2688,3,1,3,2,
2688,4,1,3,2,
2688,5,1,3,2,
2688,6,1,3,2,
2688,7,1,3,2,
2688,8,3,4,2,
2688,9,2,3,2,
2688,10,1,3,2,
2688,11,1,3,2,
2689,1,1,3,2,
2689,2,1,3,2,
2689,3,1,3,2,
2689,4,1,3,2,
2689,5,1,3,2,
2689,6,1,3,2,
2689,7,3,4,2,
2689,8,3,4,2,
2689,9,2,3,2,
2689,10,3,4,2,
2689,11,1,3,2,
2690,1,1,3,1,1
2690,2,1,3,2,
2690,3,1,3,2,
2690,4,1,3,2,
2690,5,1,3,2,
2690,6,1,3,2,
2690,7,1,3,2,
2690,8,3,4,2,
2690,9,1,3,2,
2690,10,1,3,2,
2690,11,1,3,2,
2691,1,1,3,2,
2691,2,1,3,2,
2691,3,1,3,2,
2691,4,3,4,2,
2691,5,1,3,2,
2691,6,1,3,2,
2691,7,3,4,2,
2691,8,3,4,2,
2691,9,2,3,2,
2691,10,3,4,2,
2691,11,1,3,2,
2692,1,1,3,2,
2692,2,1,3,2,
2692,3,1,3,2,
2692,4,1,3,2,
2692,5,1,3,2,
2692,6,1,3,2,
2692,7,1,3,2,
2692,8,3,4,2,
2692,9,1,3,2,
2692,10,2,3,2,
2692,11,2,3,2,
2693,1,1,3,2,
2693,2,1,3,2,
2693,3,1,3,2,
2693,4,1,3,2,
2693,5,1,3,2,
2693,6,1,3,2,
2693,7,1,3,2,
2693,8,3,4,2,
2693,9,2,3,2,
2693,10,3,4,2,
2693,11,1,3,2,
2694,1,1,3,2,
2694,2,1,3,2,
2694,3,1,3,2,
2694,4,1,3,2,
2694,5,1,3,2,
2694,6,1,3,2,
2694,7,1,3,2,
2694,8,3,4,2,
2694,9,2,3,2,
2694,10,2,3,2,
2694,11,2,3,2,
2695,1,1,3,2,
2695,2,1,3,2,
2695,3,1,3,2,
2695,4,1,3,2,
2695,5,1,3,2,
2695,6,1,3,2,
2695,7,1,3,2,
2695,8,3,4,2,
2695,9,2,3,2,
2695,10,3,4,2,
2695,11,1,3,2,
2696,1,1,3,2,
2696,2,1,3,2,
2696,3,1,3,2,
2696,4,1,3,2,
2696,5,1,3,2,
2696,6,1,3,2,
2696,7,1,3,2,
2696,8,3,4,2,
2696,9,2,3,2,
2696,10,3,4,2,
2696,11,1,3,2,
2697,1,1,3,2,
2697,2,1,3,2,
2697,3,1,3,2,
2697,4,1,3,2,
2697,5,1,3,2,
2697,6,1,3,2,
2697,7,1,3,2,
2697,8,3,4,2,
2697,9,2,3,2,
2697,10,2,3,2,
2697,11,2,3,2,
2698,1,1,3,2,
2698,2,1,3,2,
2698,3,1,3,2,
2698,4,1,3,2,
2698,5,1,3,2,
2698,6,1,3,2,
2698,7,1,3,2,
2698,8,3,4,2,
2698,9,1,3,2,
2698,10,3,4,2,
2698,11,1,3,2,
2699,1,1,3,2,
2699,2,1,3,2,
2699,3,1,3,2,
2699,4,1,3,2,
2699,5,1,3,2,
2699,6,1,3,2,
2699,7,1,3,2,
2699,8,3,4,2,
2699,9,2,3,2,
2699,10,3,4,2,
2699,11,1,3,2,
2700,1,1,3,2,
2700,2,1,3,2,
2700,3,1,3,2,
2700,4,1,3,2,
2700,5,1,3,2,
2700,6,1,3,2,
2700,7,1,3,2,
2700,8,3,4,2,
2700,9,1,3,2,
2700,10,3,4,2,
2700,11,1,3,2,
2701,1,1,3,2,
2701,2,1,3,2,
2701,3,1,1,2,
2701,4,1,3,2,
2701,5,1,3,2,
2701,6,1,1,2,
2701,7,1,1,2,
2701,8,3,4,2,
2701,9,1,1,2,
2701,10,1,4,2,
2701,11,1,1,2,
2702,1,1,1,2,
2702,2,1,3,2,
2702,3,1,1,2,
2702,4,1,3,2,
2702,5,1,3,2,
2702,6,1,1,2,
2702,7,1,1,2,
2702,8,3,4,2,
2702,9,1,1,2,
2702,10,1,4,2,
2702,11,1,1,2,
2703,1,1,3,2,
2703,2,1,3,2,
2703,3,1,3,2,
2703,4,1,3,2,
2703,5,1,3,2,
2703,6,1,3,2,
2703,7,1,1,2,
2703,8,3,4,2,
2703,9,1,3,2,
2703,10,1,3,2,
2703,11,1,1,2,
2704,1,1,1,2,
2704,2,1,3,2,
2704,3,1,3,2,
2704,4,1,3,2,
2704,5,1,3,2,
2704,6,1,1,2,
2704,7,3,4,2,
2704,8,3,4,2,
2704,9,1,1,2,
2704,10,3,4,2,
2704,11,3,4,2,
2705,1,1,1,2,
2705,2,1,1,2,
2705,3,1,1,2,
2705,4,1,1,2,
2705,5,1,1,2,
2705,6,1,1,2,
2705,7,3,4,2,
2705,8,3,4,2,
2705,9,1,1,2,
2705,10,1,1,2,
2705,11,1,1,2,
2706,1,1,1,2,
2706,2,1,1,2,
2706,3,1,1,2,
2706,4,1,1,2,
2706,5,1,1,2,
2706,6,1,1,2,
2706,7,1,1,2,
2706,8,3,4,2,
2706,9,1,1,2,
2706,10,1,1,2,
2706,11,1,1,2,
2707,1,1,1,2,
2707,2,1,3,2,
2707,3,1,1,2,
2707,4,1,3,2,
2707,5,1,3,2,
2707,6,1,1,2,
2707,7,1,1,2,
2707,8,3,4,2,
2707,9,1,1,2,
2707,10,1,1,2,
2707,11,1,1,2,
2708,1,1,1,2,
2708,2,1,1,2,
2708,3,1,1,2,
2708,4,1,1,2,
2708,5,1,1,2,
2708,6,1,1,2,
2708,7,1,1,2,
2708,8,3,4,2,
2708,9,1,1,2,
2708,10,1,1,2,
2708,11,1,1,2,
2709,1,1,1,2,
2709,2,1,3,2,
2709,3,1,1,2,
2709,4,1,3,2,
2709,5,1,3,2,
2709,6,1,1,2,
2709,7,1,1,2,
2709,8,3,4,2,
2709,9,1,1,2,
2709,10,1,1,2,
2709,11,1,1,2,
2710,1,1,3,2,
2710,2,3,4,2,
2710,3,1,3,2,
2710,4,3,4,2,
2710,5,1,1,2,
2710,6,1,1,2,
2710,7,1,1,2,
2710,8,1,1,2,
2710,9,2,3,2,
2710,10,2,3,2,
2710,11,1,3,2,
2711,1,1,1,2,
2711,2,3,4,2,
2711,3,1,3,2,
2711,4,3,4,2,
2711,5,1,1,2,
2711,6,2,3,2,
2711,7,1,1,2,
2711,8,1,3,2,
2711,9,2,3,2,
2711,10,2,3,2,
2711,11,1,1,2,
2712,1,1,3,2,
2712,2,3,4,2,
2712,3,1,1,2,
2712,4,3,4,2,
2712,5,1,1,2,
2712,6,2,3,2,
2712,7,1,1,2,
2712,8,2,3,2,
2712,9,2,3,2,
2712,10,3,4,2,
2712,11,1,3,2,
2713,1,1,1,2,
2713,2,3,4,2,
2713,3,1,1,2,
2713,4,3,4,2,
2713,5,1,1,1,1
2713,6,2,2,2,
2713,7,1,3,2,
2713,8,2,3,1,2
2713,9,2,3,2,
2713,10,2,3,2,
2713,11,1,3,2,
2714,1,1,1,2,
2714,2,3,4,2,
2714,3,2,3,1,1
2714,4,3,4,2,
2714,5,1,1,2,
2714,6,2,3,2,
2714,7,2,3,2,
2714,8,1,1,2,
2714,9,1,3,2,
2714,10,2,3,2,
2714,11,1,3,1,1
2715,1,1,1,2,
2715,2,3,4,2,
2715,3,2,3,2,
2715,4,3,4,2,
2715,5,2,2,2,
2715,6,2,2,2,
2715,7,2,2,2,
2715,8,1,1,2,
2715,9,2,3,2,
2715,10,2,3,2,
2715,11,1,3,2,
2716,1,1,3,2,
2716,2,3,4,2,
2716,3,2,3,2,
2716,4,3,4,2,
2716,5,2,2,2,
2716,6,2,2,2,
2716,7,1,1,2,
2716,8,1,1,2,
2716,9,2,3,2,
2716,10,2,3,2,
2716,11,1,3,2,
2717,1,1,1,2,
2717,2,3,4,2,
2717,3,1,3,1,1
2717,4,3,4,2,
2717,5,1,3,2,
2717,6,2,3,2,
2717,7,2,3,1,2
2717,8,2,3,1,1
2717,9,2,3,2,
2717,10,2,3,2,
2717,11,2,3,2,
2718,1,1,3,2,
2718,2,3,4,2,
2718,3,1,1,2,
2718,4,3,4,2,
2718,5,2,3,2,
2718,6,2,2,2,
2718,7,1,1,2,
2718,8,1,3,2,
2718,9,1,3,2,
2718,10,1,1,2,
2718,11,1,1,2,
2719,1,2,3,2,
2719,2,1,3,2,
2719,3,1,3,2,
2719,4,3,4,2,
2719,5,1,3,2,
2719,6,3,4,2,
2719,7,3,4,2,
2719,8,1,3,2,
2719,9,1,3,2,
2719,10,3,4,2,
2719,11,1,3,2,
2720,1,2,3,2,
2720,2,1,3,2,
2720,3,1,3,2,
2720,4,3,4,2,
2720,5,1,3,2,
2720,6,3,4,2,
2720,7,1,3,2,
2720,8,1,3,2,
2720,9,1,3,2,
2720,10,1,3,2,
2720,11,1,3,2,
2721,1,2,3,2,
2721,2,1,3,2,
2721,3,1,3,2,
2721,4,1,3,2,
2721,5,1,3,2,
2721,6,3,4,2,
2721,7,1,3,2,
2721,8,2,3,2,
2721,9,3,4,2,
2721,10,1,3,2,
2721,11,1,3,2,
2722,1,2,3,2,
2722,2,1,3,2,
2722,3,1,3,2,
2722,4,1,3,2,
2722,5,1,3,2,
2722,6,3,4,2,
2722,7,1,3,2,
2722,8,1,3,2,
2722,9,1,3,2,
2722,10,3,4,2,
2722,11,3,4,2,
2723,1,2,3,2,
2723,2,1,3,2,
2723,3,1,3,2,
2723,4,1,3,2,
2723,5,1,3,2,
2723,6,3,4,2,
2723,7,1,3,2,
2723,8,1,3,2,
2723,9,1,3,2,
2723,10,1,3,2,
2723,11,1,3,2,
2724,1,2,3,2,
2724,2,1,3,2,
2724,3,1,3,2,
2724,4,1,3,2,
2724,5,3,4,2,
2724,6,1,3,2,
2724,7,1,3,2,
2724,8,1,3,2,
2724,9,1,3,2,
2724,10,1,3,2,
2724,11,1,3,2,
2725,1,2,3,2,
2725,2,1,3,2,
2725,3,1,3,2,
2725,4,1,3,2,
2725,5,1,3,2,
2725,6,3,4,2,
2725,7,1,3,2,
2725,8,2,3,2,
2725,9,3,4,2,
2725,10,3,4,2,
2725,11,1,3,2,
2726,1,2,3,2,
2726,2,1,3,2,
2726,3,1,3,2,
2726,4,3,4,2,
2726,5,1,3,2,
2726,6,3,4,2,
2726,7,3,4,2,
2726,8,1,3,2,
2726,9,1,3,2,
2726,10,3,4,2,
2726,11,1,3,2,
2727,1,2,3,2,
2727,2,1,3,2,
2727,3,1,3,2,
2727,4,1,3,2,
2727,5,1,3,2,
2727,6,3,4,2,
2727,7,1,3,2,
2727,8,1,3,2,
2727,9,1,3,2,
2727,10,1,3,2,
2727,11,1,3,2,
2728,1,1,3,2,
2728,2,3,4,2,
2728,3,1,3,2,
2728,4,3,4,2,
2728,5,1,3,2,
2728,6,3,4,2,
2728,7,3,4,2,
2728,8,2,3,2,
2728,9,3,4,2,
2728,10,3,4,2,
2728,11,1,3,2,
2729,1,1,3,2,
2729,2,3,4,2,
2729,3,1,3,2,
2729,4,3,4,2,
2729,5,1,3,2,
2729,6,3,4,2,
2729,7,3,4,2,
2729,8,2,3,2,
2729,9,1,3,2,
2729,10,3,4,2,
2729,11,3,4,2,
2730,1,1,3,2,
2730,2,3,4,2,
2730,3,1,3,2,
2730,4,3,4,2,
2730,5,1,3,2,
2730,6,3,4,2,
2730,7,3,4,2,
2730,8,2,3,2,
2730,9,3,4,2,
2730,10,1,3,2,
2730,11,1,3,2,
2731,1,1,3,2,
2731,2,3,4,2,
2731,3,1,3,2,
2731,4,3,4,2,
2731,5,1,3,2,
2731,6,3,4,2,
2731,7,3,4,2,
2731,8,2,3,2,
2731,9,3,4,2,
2731,10,3,4,2,
2731,11,1,3,2,
2732,1,1,3,2,
2732,2,3,4,2,
2732,3,1,3,2,
2732,4,3,4,2,
2732,5,1,3,2,
2732,6,3,4,2,
2732,7,1,3,2,
2732,8,2,3,2,
2732,9,1,3,2,
2732,10,3,4,2,
2732,11,1,3,2,
2733,1,1,3,2,
2733,2,3,4,2,
2733,3,1,3,2,
2733,4,3,4,2,
2733,5,1,3,2,
2733,6,3,4,2,
2733,7,1,3,2,
2733,8,2,3,2,
2733,9,3,4,2,
2733,10,3,4,2,
2733,11,1,3,2,
2734,1,1,3,2,
2734,2,3,4,2,
2734,3,1,3,2,
2734,4,3,4,2,
2734,5,1,3,2,
2734,6,3,4,2,
2734,7,1,3,2,
2734,8,2,3,2,
2734,9,3,4,2,
2734,10,3,4,2,
2734,11,3,4,2,
2735,1,1,3,2,
2735,2,3,4,2,
2735,3,2,3,2,
2735,4,3,4,2,
2735,5,1,3,2,
2735,6,3,4,2,
2735,7,1,3,2,
2735,8,2,3,2,
2735,9,3,4,2,
2735,10,1,3,2,
2735,11,1,3,2,
2736,1,1,3,2,
2736,2,3,4,2,
2736,3,1,3,2,
2736,4,3,4,2,
2736,5,1,3,2,
2736,6,3,4,2,
2736,7,1,3,2,
2736,8,2,3,2,
2736,9,3,4,2,
2736,10,1,3,2,
2736,11,1,3,2,
2737,1,1,3,2,
2737,2,1,3,2,
2737,3,1,3,2,
2737,4,3,4,2,
2737,5,1,3,2,
2737,6,1,3,2,
2737,7,1,3,2,
2737,8,2,3,2,
2737,9,1,3,2,
2737,10,1,3,2,
2737,11,2,3,2,
2738,1,1,3,2,
2738,2,1,3,2,
2738,3,1,3,2,
2738,4,1,3,2,
2738,5,1,3,2,
2738,6,1,3,2,
2738,7,1,3,2,
2738,8,2,2,2,
2738,9,1,3,2,
2738,10,2,3,2,
2738,11,2,2,2,
2739,1,1,3,2,
2739,2,3,4,2,
2739,3,1,3,2,
2739,4,3,4,2,
2739,5,1,3,2,
2739,6,1,3,2,
2739,7,3,4,2,
2739,8,2,3,2,
2739,9,1,3,2,
2739,10,2,3,2,
2739,11,2,3,2,
2740,1,1,1,2,
2740,2,3,4,2,
2740,3,1,3,2,
2740,4,3,4,2,
2740,5,1,3,2,
2740,6,1,3,2,
2740,7,1,3,2,
2740,8,2,2,2,
2740,9,1,3,2,
2740,10,3,4,2,
2740,11,2,3,2,
2741,1,1,3,2,
2741,2,1,3,2,
2741,3,1,3,2,
2741,4,3,4,2,
2741,5,1,3,2,
2741,6,1,3,2,
2741,7,1,3,2,
2741,8,2,3,2,
2741,9,1,3,2,
2741,10,2,3,2,
2741,11,2,3,2,
2742,1,1,3,2,
2742,2,1,3,2,
2742,3,1,3,2,
2742,4,3,4,2,
2742,5,1,3,2,
2742,6,1,3,2,
2742,7,1,3,2,
2742,8,2,3,2,
2742,9,1,3,2,
2742,10,2,3,2,
2742,11,2,3,2,
2743,1,1,3,2,
2743,2,1,3,2,
2743,3,1,3,2,
2743,4,3,4,2,
2743,5,1,3,2,
2743,6,1,3,2,
2743,7,1,3,2,
2743,8,1,3,2,
2743,9,1,3,2,
2743,10,3,4,2,
2743,11,2,3,2,
2744,1,1,1,2,
2744,2,3,4,2,
2744,3,1,3,2,
2744,4,3,4,2,
2744,5,1,3,2,
2744,6,1,3,2,
2744,7,1,3,2,
2744,8,2,3,2,
2744,9,1,3,2,
2744,10,1,3,2,
2744,11,2,3,2,
2745,1,1,3,2,
2745,2,3,4,2,
2745,3,1,3,2,
2745,4,3,4,2,
2745,5,1,3,2,
2745,6,1,3,2,
2745,7,1,3,2,
2745,8,2,3,2,
2745,9,1,3,2,
2745,10,1,3,2,
2745,11,2,3,2,
2746,1,1,1,2,
2746,2,2,3,2,
2746,3,1,1,2,
2746,4,3,4,2,
2746,5,1,1,2,
2746,6,1,1,2,
2746,7,1,1,2,
2746,8,1,1,2,
2746,9,2,3,2,
2746,10,3,4,2,
2746,11,1,1,2,
2747,1,1,1,2,
2747,2,2,3,2,
2747,3,1,1,2,
2747,4,3,4,2,
2747,5,1,1,2,
2747,6,1,1,2,
2747,7,1,1,2,
2747,8,1,1,2,
2747,9,2,3,2,
2747,10,1,1,2,
2747,11,1,1,2,
2748,1,2,3,2,
2748,2,2,3,2,
2748,3,1,1,2,
2748,4,3,4,2,
2748,5,1,1,2,
2748,6,1,1,2,
2748,7,1,1,2,
2748,8,2,3,2,
2748,9,1,1,2,
2748,10,3,4,2,
2748,11,1,1,2,
2749,1,1,1,2,
2749,2,2,3,2,
2749,3,1,1,2,
2749,4,1,1,2,
2749,5,1,1,2,
2749,6,1,1,2,
2749,7,1,1,2,
2749,8,1,1,2,
2749,9,1,1,2,
2749,10,1,1,2,
2749,11,1,1,2,
2750,1,1,1,2,
2750,2,2,3,2,
2750,3,1,1,2,
2750,4,3,4,2,
2750,5,1,1,2,
2750,6,1,1,2,
2750,7,1,1,2,
2750,8,1,1,2,
2750,9,1,1,2,
2750,10,3,4,2,
2750,11,1,1,2,
2751,1,1,1,2,
2751,2,2,3,2,
2751,3,1,1,2,
2751,4,3,4,2,
2751,5,1,1,2,
2751,6,1,1,2,
2751,7,1,1,2,
2751,8,1,1,2,
2751,9,1,1,2,
2751,10,3,4,2,
2751,11,1,1,2,
2752,1,1,1,2,
2752,2,2,3,2,
2752,3,1,1,2,
2752,4,3,4,2,
2752,5,1,1,2,
2752,6,1,1,2,
2752,7,1,1,2,
2752,8,2,3,2,
2752,9,1,1,2,
2752,10,1,1,2,
2752,11,1,1,2,
2753,1,1,1,2,
2753,2,2,3,2,
2753,3,1,1,2,
2753,4,3,4,2,
2753,5,1,1,2,
2753,6,1,1,2,
2753,7,1,1,2,
2753,8,1,1,2,
2753,9,1,1,2,
2753,10,3,4,2,
2753,11,1,1,2,
2754,1,1,1,2,
2754,2,2,3,2,
2754,3,1,1,2,
2754,4,3,4,2,
2754,5,1,1,2,
2754,6,1,1,2,
2754,7,1,1,2,
2754,8,1,1,2,
2754,9,1,1,2,
2754,10,1,1,2,
2754,11,1,1,2,
2755,1,1,1,2,
2755,2,1,3,1,1
2755,3,1,3,2,
2755,4,1,3,1,1
2755,5,1,3,2,
2755,6,3,4,2,
2755,7,2,3,2,
2755,8,3,4,2,
2755,9,2,3,2,
2755,10,3,4,2,
2755,11,2,3,2,
2756,1,1,1,2,
2756,2,2,3,1,2
2756,3,2,3,1,2
2756,4,1,3,1,1
2756,5,1,3,1,1
2756,6,3,4,2,
2756,7,3,4,2,
2756,8,2,3,2,
2756,9,3,4,2,
2756,10,3,4,2,
2756,11,3,4,2,
2757,1,1,1,2,
2757,2,1,3,2,
2757,3,1,1,2,
2757,4,1,3,1,1
2757,5,1,3,1,1
2757,6,1,3,2,
2757,7,1,1,2,
2757,8,3,4,2,
2757,9,1,3,2,
2757,10,2,3,2,
2757,11,2,3,2,
2758,1,1,1,2,
2758,2,1,3,2,
2758,3,2,3,2,
2758,4,1,3,1,1
2758,5,1,3,2,
2758,6,3,4,2,
2758,7,2,3,2,
2758,8,3,4,2,
2758,9,2,3,2,
2758,10,3,4,2,
2758,11,2,3,2,
2759,1,1,1,2,
2759,2,1,3,2,
2759,3,1,3,2,
2759,4,3,4,2,
2759,5,1,3,2,
2759,6,3,4,2,
2759,7,1,3,2,
2759,8,3,4,2,
2759,9,2,3,2,
2759,10,2,3,2,
2759,11,2,2,2,
2760,1,1,1,2,
2760,2,1,3,2,
2760,3,1,1,2,
2760,4,3,4,2,
2760,5,1,3,2,
2760,6,3,4,2,
2760,7,3,4,2,
2760,8,3,4,2,
2760,9,2,3,2,
2760,10,3,4,2,
2760,11,3,4,2,
2761,1,1,3,2,
2761,2,3,4,2,
2761,3,1,3,2,
2761,4,3,4,2,
2761,5,1,3,2,
2761,6,3,4,2,
2761,7,2,2,2,
2761,8,3,4,2,
2761,9,1,3,2,
2761,10,2,3,2,
2761,11,2,2,2,
2762,1,1,1,2,
2762,2,1,3,2,
2762,3,1,1,2,
2762,4,1,3,1,1
2762,5,1,3,2,
2762,6,1,1,2,
2762,7,1,1,2,
2762,8,3,4,2,
2762,9,1,3,2,
2762,10,3,4,2,
2762,11,2,2,2,
2763,1,1,1,2,
2763,2,1,3,2,
2763,3,1,3,2,
2763,4,3,4,2,
2763,5,1,3,2,
2763,6,3,4,2,
2763,7,2,3,2,
2763,8,3,4,2,
2763,9,2,3,2,
2763,10,2,3,2,
2763,11,2,3,2,
2764,1,2,3,2,
2764,2,1,3,2,
2764,3,2,3,2,
2764,4,1,3,2,
2764,5,1,3,2,
2764,6,3,4,2,
2764,7,3,4,2,
2764,8,2,3,2,
2764,9,1,3,2,
2764,10,3,4,2,
2764,11,1,3,2,
2765,1,2,3,2,
2765,2,1,3,2,
2765,3,1,3,2,
2765,4,1,3,2,
2765,5,1,3,2,
2765,6,1,3,2,
2765,7,1,3,2,
2765,8,2,3,2,
2765,9,1,3,2,
2765,10,3,4,2,
2765,11,1,3,2,
2766,1,1,3,2,
2766,2,1,3,2,
2766,3,1,3,2,
2766,4,1,3,2,
2766,5,1,3,2,
2766,6,3,4,2,
2766,7,3,4,2,
2766,8,3,4,2,
2766,9,2,3,2,
2766,10,3,4,2,
2766,11,1,3,2,
2767,1,2,3,2,
2767,2,1,3,2,
2767,3,2,3,2,
2767,4,1,3,2,
2767,5,1,3,2,
2767,6,3,4,2,
2767,7,1,3,2,
2767,8,2,3,2,
2767,9,1,3,2,
2767,10,1,3,2,
2767,11,1,3,2,
2768,1,2,3,2,
2768,2,1,3,2,
2768,3,1,3,2,
2768,4,1,3,2,
2768,5,1,3,2,
2768,6,1,3,2,
2768,7,1,3,2,
2768,8,1,3,2,
2768,9,2,3,2,
2768,10,1,3,2,
2768,11,1,3,2,
2769,1,2,3,2,
2769,2,1,3,2,
2769,3,1,3,2,
2769,4,1,3,2,
2769,5,1,3,2,
2769,6,1,3,2,
2769,7,1,3,2,
2769,8,1,3,2,
2769,9,1,3,2,
2769,10,3,4,2,
2769,11,1,3,2,
2770,1,2,3,2,
2770,2,1,3,2,
2770,3,2,3,2,
2770,4,1,3,2,
2770,5,1,3,2,
2770,6,3,4,2,
2770,7,3,4,2,
2770,8,1,3,2,
2770,9,2,3,2,
2770,10,1,3,2,
2770,11,1,3,2,
2771,1,2,3,2,
2771,2,1,3,2,
2771,3,2,3,2,
2771,4,1,3,2,
2771,5,1,3,2,
2771,6,3,4,2,
2771,7,3,4,2,
2771,8,2,3,2,
2771,9,1,3,2,
2771,10,1,3,2,
2771,11,1,3,2,
2772,1,2,3,2,
2772,2,1,3,2,
2772,3,2,3,2,
2772,4,1,3,2,
2772,5,1,3,2,
2772,6,3,4,2,
2772,7,3,4,2,
2772,8,1,3,2,
2772,9,1,3,2,
2772,10,3,4,2,
2772,11,1,3,2,
2773,1,2,3,2,
2773,2,2,3,2,
2773,3,2,3,2,
2773,4,2,3,2,
2773,5,1,1,2,
2773,6,1,1,2,
2773,7,1,1,2,
2773,8,1,1,2,
2773,9,1,1,2,
2773,10,1,1,2,
2773,11,2,3,1,2
2774,1,2,3,2,
2774,2,2,3,2,
2774,3,2,3,2,
2774,4,2,3,2,
2774,5,1,1,2,
2774,6,1,1,2,
2774,7,1,1,2,
2774,8,2,3,2,
2774,9,1,1,2,
2774,10,2,3,2,
2774,11,2,3,2,
2775,1,2,3,2,
2775,2,2,3,2,
2775,3,2,3,2,
2775,4,2,3,2,
2775,5,1,1,2,
2775,6,1,1,2,
2775,7,1,1,2,
2775,8,1,1,2,
2775,9,1,1,2,
2775,10,3,4,2,
2775,11,2,4,2,
2776,1,2,3,2,
2776,2,2,3,2,
2776,3,2,3,2,
2776,4,2,3,2,
2776,5,1,1,2,
2776,6,1,1,2,
2776,7,1,1,2,
2776,8,2,2,2,
2776,9,3,4,2,
2776,10,1,1,2,
2776,11,1,1,2,
2777,1,2,3,2,
2777,2,2,3,2,
2777,3,2,3,2,
2777,4,2,3,2,
2777,5,1,1,2,
2777,6,1,1,2,
2777,7,1,1,2,
2777,8,2,4,2,
2777,9,1,1,2,
2777,10,1,1,2,
2777,11,2,3,2,
2778,1,2,3,2,
2778,2,2,3,2,
2778,3,2,3,2,
2778,4,2,3,2,
2778,5,1,1,2,
2778,6,1,1,2,
2778,7,1,1,2,
2778,8,2,4,2,
2778,9,1,1,2,
2778,10,1,1,2,
2778,11,1,1,2,
2779,1,2,3,2,
2779,2,2,3,2,
2779,3,2,3,2,
2779,4,2,3,2,
2779,5,1,1,2,
2779,6,1,1,2,
2779,7,1,1,2,
2779,8,1,1,2,
2779,9,1,1,2,
2779,10,1,1,2,
2779,11,2,3,2,
2780,1,2,3,2,
2780,2,2,3,2,
2780,3,2,3,2,
2780,4,2,3,2,
2780,5,1,1,2,
2780,6,1,1,2,
2780,7,1,1,2,
2780,8,3,4,2,
2780,9,1,1,2,
2780,10,1,1,2,
2780,11,2,3,1,2
2781,1,2,3,2,
2781,2,2,3,2,
2781,3,2,3,2,
2781,4,2,3,2,
2781,5,1,1,2,
2781,6,1,1,2,
2781,7,1,1,2,
2781,8,3,4,2,
2781,9,1,1,2,
2781,10,3,4,2,
2781,11,2,3,2,
2782,1,2,3,2,
2782,2,3,4,2,
2782,3,1,3,2,
2782,4,3,4,2,
2782,5,1,3,2,
2782,6,1,3,2,
2782,7,1,3,2,
2782,8,2,3,2,
2782,9,1,3,2,
2782,10,1,3,2,
2782,11,1,3,2,
2783,1,1,3,2,
2783,2,3,4,2,
2783,3,1,3,2,
2783,4,3,4,2,
2783,5,1,3,2,
2783,6,1,3,2,
2783,7,1,3,2,
2783,8,2,2,2,
2783,9,1,3,2,
2783,10,1,3,2,
2783,11,1,3,2,
2784,1,1,3,2,
2784,2,3,4,2,
2784,3,1,3,2,
2784,4,3,4,2,
2784,5,1,3,2,
2784,6,1,3,2,
2784,7,1,3,2,
2784,8,2,2,2,
2784,9,1,3,2,
2784,10,1,3,2,
2784,11,1,3,2,
2785,1,1,3,2,
2785,2,3,4,2,
2785,3,1,3,2,
2785,4,3,4,2,
2785,5,1,3,2,
2785,6,1,3,2,
2785,7,1,3,2,
2785,8,2,2,2,
2785,9,1,3,2,
2785,10,1,3,2,
2785,11,1,3,2,
2786,1,1,3,2,
2786,2,3,4,2,
2786,3,1,3,2,
2786,4,3,4,2,
2786,5,1,3,2,
2786,6,1,3,2,
2786,7,1,3,2,
2786,8,3,4,2,
2786,9,1,3,2,
2786,10,1,3,2,
2786,11,1,3,2,
2787,1,2,3,2,
2787,2,3,4,2,
2787,3,1,3,2,
2787,4,3,4,2,
2787,5,1,3,2,
2787,6,1,3,2,
2787,7,1,3,2,
2787,8,3,4,2,
2787,9,1,3,2,
2787,10,1,3,2,
2787,11,1,3,2,
2788,1,2,3,2,
2788,2,3,4,2,
2788,3,1,3,2,
2788,4,3,4,2,
2788,5,1,3,2,
2788,6,1,3,2,
2788,7,1,3,2,
2788,8,3,4,2,
2788,9,1,3,2,
2788,10,1,3,2,
2788,11,1,3,2,
2789,1,2,3,2,
2789,2,3,4,2,
2789,3,1,3,2,
2789,4,3,4,2,
2789,5,1,3,2,
2789,6,1,3,2,
2789,7,1,3,2,
2789,8,3,4,2,
2789,9,1,3,2,
2789,10,1,3,2,
2789,11,1,3,2,
2790,1,2,3,2,
2790,2,3,4,2,
2790,3,1,3,2,
2790,4,3,4,2,
2790,5,1,3,2,
2790,6,1,3,2,
2790,7,1,3,2,
2790,8,2,2,2,
2790,9,1,3,2,
2790,10,1,3,2,
2790,11,1,3,2,
2791,1,1,3,2,
2791,2,1,3,2,
2791,3,1,3,2,
2791,4,3,4,2,
2791,5,1,3,2,
2791,6,3,4,2,
2791,7,3,4,2,
2791,8,3,4,2,
2791,9,1,3,2,
2791,10,3,4,2,
2791,11,1,3,2,
2792,1,1,3,2,
2792,2,1,3,2,
2792,3,1,3,2,
2792,4,1,3,2,
2792,5,1,3,2,
2792,6,1,3,2,
2792,7,3,4,2,
2792,8,2,3,2,
2792,9,3,4,2,
2792,10,3,4,2,
2792,11,1,3,2,
2793,1,1,3,2,
2793,2,1,3,2,
2793,3,1,3,2,
2793,4,1,3,2,
2793,5,1,3,2,
2793,6,1,3,2,
2793,7,1,3,2,
2793,8,2,3,2,
2793,9,1,3,2,
2793,10,1,3,2,
2793,11,1,3,2,
2794,1,1,3,2,
2794,2,1,3,2,
2794,3,1,3,2,
2794,4,1,3,2,
2794,5,1,3,2,
2794,6,3,4,2,
2794,7,1,3,2,
2794,8,3,4,2,
2794,9,3,4,2,
2794,10,3,4,2,
2794,11,1,3,2,
2795,1,1,3,2,
2795,2,3,4,2,
2795,3,1,3,2,
2795,4,1,3,2,
2795,5,1,3,2,
2795,6,3,4,2,
2795,7,1,3,2,
2795,8,2,3,2,
2795,9,3,4,2,
2795,10,1,3,2,
2795,11,1,3,2,
2796,1,1,3,2,
2796,2,1,3,2,
2796,3,1,3,2,
2796,4,1,3,2,
2796,5,1,3,2,
2796,6,3,4,2,
2796,7,3,4,2,
2796,8,2,3,2,
2796,9,3,4,2,
2796,10,3,4,2,
2796,11,1,3,2,
2797,1,1,3,2,
2797,2,1,3,2,
2797,3,1,3,2,
2797,4,1,3,2,
2797,5,1,3,2,
2797,6,3,4,2,
2797,7,3,4,2,
2797,8,2,3,2,
2797,9,2,3,2,
2797,10,3,4,2,
2797,11,1,3,2,
2798,1,1,3,2,
2798,2,1,3,2,
2798,3,1,3,2,
2798,4,1,3,2,
2798,5,1,3,2,
2798,6,1,3,2,
2798,7,1,3,2,
2798,8,2,3,2,
2798,9,3,4,2,
2798,10,3,4,2,
2798,11,1,3,2,
2799,1,1,3,2,
2799,2,3,4,2,
2799,3,1,3,2,
2799,4,1,3,2,
2799,5,1,3,2,
2799,6,3,4,2,
2799,7,3,4,2,
2799,8,2,3,2,
2799,9,3,4,2,
2799,10,3,4,2,
2799,11,1,3,2,
2800,1,1,3,2,
2800,2,1,3,2,
2800,3,1,3,2,
2800,4,1,3,2,
2800,5,1,3,2,
2800,6,1,3,2,
2800,7,1,3,2,
2800,8,1,3,2,
2800,9,1,3,2,
2800,10,1,3,2,
2800,11,1,3,2,
2801,1,1,3,2,
2801,2,1,3,2,
2801,3,1,3,2,
2801,4,1,3,2,
2801,5,1,3,2,
2801,6,1,3,2,
2801,7,1,3,2,
2801,8,1,3,2,
2801,9,1,3,2,
2801,10,1,3,2,
2801,11,1,3,2,
2802,1,1,3,2,
2802,2,1,3,2,
2802,3,1,3,2,
2802,4,1,3,2,
2802,5,1,3,2,
2802,6,1,3,2,
2802,7,1,3,2,
2802,8,1,3,2,
2802,9,1,3,2,
2802,10,1,3,2,
2802,11,1,3,2,
2803,1,1,4,2,
2803,2,1,4,2,
2803,3,1,4,2,
2803,4,1,4,2,
2803,5,1,4,2,
2803,6,1,4,2,
2803,7,1,4,2,
2803,8,1,4,2,
2803,9,1,4,2,
2803,10,1,4,2,
2803,11,1,4,2,
2804,1,1,3,2,
2804,2,1,3,2,
2804,3,1,3,2,
2804,4,1,3,2,
2804,5,1,3,2,
2804,6,1,3,2,
2804,7,1,3,2,
2804,8,1,3,2,
2804,9,1,3,2,
2804,10,1,3,2,
2804,11,1,3,2,
2805,1,1,3,2,
2805,2,1,3,2,
2805,3,1,3,2,
2805,4,1,3,2,
2805,5,1,3,2,
2805,6,1,3,2,
2805,7,1,3,2,
2805,8,1,3,2,
2805,9,1,3,2,
2805,10,1,3,2,
2805,11,1,3,2,
2806,1,1,3,2,
2806,2,1,3,2,
2806,3,1,3,2,
2806,4,1,3,2,
2806,5,1,3,2,
2806,6,1,3,2,
2806,7,1,3,2,
2806,8,1,3,2,
2806,9,1,3,2,
2806,10,1,3,2,
2806,11,1,3,2,
2807,1,1,3,2,
2807,2,1,3,2,
2807,3,1,3,2,
2807,4,1,3,2,
2807,5,1,3,2,
2807,6,1,3,2,
2807,7,1,3,2,
2807,8,1,3,2,
2807,9,1,3,2,
2807,10,1,3,2,
2807,11,1,3,2,
2808,1,1,3,2,
2808,2,1,3,2,
2808,3,1,3,2,
2808,4,1,3,2,
2808,5,1,3,2,
2808,6,1,3,2,
2808,7,1,3,2,
2808,8,1,3,2,
2808,9,1,3,2,
2808,10,1,3,2,
2808,11,1,3,2,
2809,1,2,3,1,2
2809,2,2,3,2,
2809,3,2,3,1,
2809,4,1,3,1,1
2809,5,1,3,2,1
2809,6,1,3,2,
2809,7,1,3,2,
2809,8,2,3,2,
2809,9,1,3,2,
2809,10,1,3,2,
2809,11,1,3,2,
2810,1,2,3,1,2
2810,2,2,3,2,
2810,3,2,3,2,
2810,4,1,3,1,1
2810,5,1,3,1,1
2810,6,1,3,2,
2810,7,1,1,2,
2810,8,2,3,2,
2810,9,1,3,2,
2810,10,1,3,2,
2810,11,1,3,2,
2811,1,2,3,1,2
2811,2,2,3,2,
2811,3,2,3,2,
2811,4,1,3,1,1
2811,5,1,3,1,1
2811,6,1,3,2,
2811,7,1,3,2,
2811,8,2,3,2,
2811,9,1,3,2,
2811,10,1,3,2,
2811,11,1,3,2,
2812,1,2,3,1,2
2812,2,2,3,2,
2812,3,2,3,2,
2812,4,1,3,1,1
2812,5,1,3,1,1
2812,6,1,3,2,
2812,7,1,3,2,
2812,8,2,3,2,
2812,9,1,3,2,
2812,10,1,3,2,
2812,11,1,3,2,
2813,1,2,3,1,2
2813,2,2,3,2,
2813,3,2,3,2,
2813,4,1,3,1,1
2813,5,1,3,1,1
2813,6,1,3,2,
2813,7,1,3,2,
2813,8,2,3,2,
2813,9,1,3,2,
2813,10,1,3,2,
2813,11,1,3,2,
2814,1,2,3,1,2
2814,2,2,3,2,
2814,3,2,3,2,
2814,4,1,3,1,1
2814,5,1,3,1,1
2814,6,1,3,2,
2814,7,1,3,2,
2814,8,2,3,2,
2814,9,1,3,2,
2814,10,1,3,2,
2814,11,1,3,2,
2815,1,2,3,1,2
2815,2,2,3,2,
2815,3,2,3,2,
2815,4,1,3,1,1
2815,5,1,3,1,1
2815,6,1,3,2,
2815,7,1,3,2,
2815,8,2,3,2,
2815,9,1,3,2,
2815,10,1,3,2,
2815,11,1,3,2,
2816,1,2,3,1,2
2816,2,2,3,2,
2816,3,2,3,2,
2816,4,1,3,1,1
2816,5,1,3,1,1
2816,6,1,3,2,
2816,7,1,3,2,
2816,8,2,3,2,
2816,9,1,1,2,
2816,10,1,1,2,
2816,11,1,3,2,
2817,1,2,3,1,2
2817,2,2,3,2,
2817,3,2,3,2,
2817,4,1,1,1,1
2817,5,1,1,1,1
2817,6,1,3,2,
2817,7,1,1,2,
2817,8,2,3,2,
2817,9,1,1,2,
2817,10,1,1,2,
2817,11,1,1,2,
2818,1,1,3,2,
2818,2,1,3,2,
2818,3,1,3,2,
2818,4,2,3,2,
2818,5,1,3,2,
2818,6,1,3,2,
2818,7,1,3,2,
2818,8,3,3,2,
2818,9,2,3,2,
2818,10,2,3,2,
2818,11,2,3,2,
2819,1,1,3,2,
2819,2,1,3,2,
2819,3,1,3,2,
2819,4,1,3,2,
2819,5,1,3,2,
2819,6,1,3,2,
2819,7,3,3,2,
2819,8,3,3,2,
2819,9,2,3,2,
2819,10,2,3,2,
2819,11,2,3,2,
2820,1,1,3,2,
2820,2,1,3,2,
2820,3,1,3,2,
2820,4,2,3,2,
2820,5,1,3,2,
2820,6,1,3,2,
2820,7,1,3,2,
2820,8,2,3,2,
2820,9,2,3,2,
2820,10,2,3,2,
2820,11,2,3,2,
2821,1,1,3,2,
2821,2,1,3,2,
2821,3,1,3,2,
2821,4,1,3,2,
2821,5,1,3,2,
2821,6,1,3,2,
2821,7,1,3,2,
2821,8,3,3,2,
2821,9,2,3,2,
2821,10,1,3,2,
2821,11,2,3,2,
2822,1,1,3,2,
2822,2,1,3,2,
2822,3,1,3,2,
2822,4,2,3,2,
2822,5,1,3,2,
2822,6,1,3,2,
2822,7,1,3,2,
2822,8,2,3,2,
2822,9,2,3,2,
2822,10,1,3,2,
2822,11,2,3,2,
2823,1,1,3,2,
2823,2,1,3,2,
2823,3,1,3,2,
2823,4,2,3,2,
2823,5,1,3,2,
2823,6,1,3,2,
2823,7,1,3,2,
2823,8,2,3,2,
2823,9,3,3,2,
2823,10,3,3,2,
2823,11,2,3,2,
2824,1,1,3,2,
2824,2,1,3,2,
2824,3,1,3,2,
2824,4,1,3,2,
2824,5,1,3,2,
2824,6,1,3,2,
2824,7,1,3,2,
2824,8,2,3,2,
2824,9,2,3,2,
2824,10,1,3,2,
2824,11,2,3,2,
2825,1,1,3,2,
2825,2,1,3,2,
2825,3,1,3,2,
2825,4,2,3,2,
2825,5,1,3,2,
2825,6,1,3,2,
2825,7,3,3,2,
2825,8,3,3,2,
2825,9,2,3,2,
2825,10,2,3,2,
2825,11,2,3,2,
2826,1,1,3,2,
2826,2,1,3,2,
2826,3,1,3,2,
2826,4,2,3,2,
2826,5,1,3,2,
2826,6,1,3,2,
2826,7,3,3,2,
2826,8,2,3,2,
2826,9,3,3,2,
2826,10,3,3,2,
2826,11,2,3,2,
2827,1,2,3,2,
2827,2,2,3,2,
2827,3,2,3,2,
2827,4,2,3,2,
2827,5,1,3,2,
2827,6,1,3,2,
2827,7,1,3,2,
2827,8,2,3,2,
2827,9,1,3,2,
2827,10,1,3,2,
2827,11,1,3,2,
2828,1,2,3,2,
2828,2,2,3,2,
2828,3,2,3,2,
2828,4,2,3,2,
2828,5,1,3,2,
2828,6,1,3,2,
2828,7,1,3,2,
2828,8,2,3,2,
2828,9,1,3,2,
2828,10,1,3,2,
2828,11,1,3,2,
2829,1,1,3,2,
2829,2,2,3,2,
2829,3,2,3,2,
2829,4,1,3,2,
2829,5,1,3,2,
2829,6,1,3,2,
2829,7,1,3,2,
2829,8,2,3,2,
2829,9,1,3,2,
2829,10,1,3,2,
2829,11,1,3,2,
2830,1,2,3,2,
2830,2,2,3,2,
2830,3,2,3,2,
2830,4,2,3,2,
2830,5,1,3,2,
2830,6,1,3,2,
2830,7,1,3,2,
2830,8,2,3,2,
2830,9,1,3,2,
2830,10,1,3,2,
2830,11,1,3,2,
2831,1,2,3,2,
2831,2,2,3,2,
2831,3,2,3,2,
2831,4,1,3,2,
2831,5,1,3,2,
2831,6,1,3,2,
2831,7,1,3,2,
2831,8,2,3,2,
2831,9,1,3,2,
2831,10,1,3,2,
2831,11,1,3,2,
2832,1,2,3,2,
2832,2,2,3,2,
2832,3,2,3,2,
2832,4,2,3,2,
2832,5,1,3,2,
2832,6,1,3,2,
2832,7,1,3,2,
2832,8,2,3,2,
2832,9,1,3,2,
2832,10,1,3,2,
2832,11,1,3,2,
2833,1,1,3,2,
2833,2,2,3,2,
2833,3,2,3,2,
2833,4,2,3,2,
2833,5,1,3,2,
2833,6,1,3,2,
2833,7,1,3,2,
2833,8,2,3,2,
2833,9,1,3,2,
2833,10,1,3,2,
2833,11,1,3,2,
2834,1,2,3,2,
2834,2,2,3,2,
2834,3,2,3,2,
2834,4,2,3,2,
2834,5,1,3,2,
2834,6,1,3,2,
2834,7,1,3,2,
2834,8,2,3,2,
2834,9,1,3,2,
2834,10,1,3,2,
2834,11,1,3,2,
2835,1,2,3,2,
2835,2,2,3,2,
2835,3,2,3,2,
2835,4,2,3,2,
2835,5,1,3,2,
2835,6,1,3,2,
2835,7,1,3,2,
2835,8,2,3,2,
2835,9,1,3,2,
2835,10,1,3,2,
2835,11,1,3,2,
2836,1,1,1,2,
2836,2,2,3,2,
2836,3,1,1,2,
2836,4,3,4,2,
2836,5,1,1,2,
2836,6,1,1,2,
2836,7,1,1,2,
2836,8,3,4,2,
2836,9,2,2,2,
2836,10,3,4,2,
2836,11,1,3,2,
2837,1,1,1,2,
2837,2,2,3,2,
2837,3,1,1,2,
2837,4,3,4,2,
2837,5,1,1,2,
2837,6,1,1,2,
2837,7,1,1,2,
2837,8,3,4,2,
2837,9,2,2,2,
2837,10,3,4,2,
2837,11,1,3,2,
2838,1,1,1,2,
2838,2,2,3,2,
2838,3,1,1,2,
2838,4,3,4,2,
2838,5,1,1,2,
2838,6,3,4,2,
2838,7,1,1,2,
2838,8,3,4,2,
2838,9,2,2,2,
2838,10,2,2,2,
2838,11,1,3,2,
2839,1,1,1,2,
2839,2,2,3,2,
2839,3,1,1,2,
2839,4,1,1,2,
2839,5,1,1,2,
2839,6,1,1,2,
2839,7,1,1,2,
2839,8,3,4,2,
2839,9,2,2,2,
2839,10,3,4,2,
2839,11,1,3,2,
2840,1,1,1,2,
2840,2,2,3,2,
2840,3,1,1,2,
2840,4,1,1,2,
2840,5,1,1,2,
2840,6,1,1,2,
2840,7,1,1,2,
2840,8,3,4,2,
2840,9,2,2,2,
2840,10,3,4,2,
2840,11,1,3,2,
2841,1,1,1,2,
2841,2,2,3,2,
2841,3,1,1,2,
2841,4,3,4,2,
2841,5,1,1,2,
2841,6,3,4,2,
2841,7,1,1,2,
2841,8,3,4,2,
2841,9,2,2,2,
2841,10,3,4,2,
2841,11,1,3,2,
2842,1,1,1,2,
2842,2,2,3,2,
2842,3,1,1,2,
2842,4,3,4,2,
2842,5,1,1,2,
2842,6,1,1,2,
2842,7,1,1,2,
2842,8,3,4,2,
2842,9,3,4,2,
2842,10,2,2,2,
2842,11,1,3,2,
2843,1,1,1,2,
2843,2,2,3,2,
2843,3,1,1,2,
2843,4,3,4,2,
2843,5,1,1,2,
2843,6,1,1,2,
2843,7,1,1,2,
2843,8,3,4,2,
2843,9,2,2,2,
2843,10,2,2,2,
2843,11,1,3,2,
2844,1,1,1,2,
2844,2,2,3,2,
2844,3,1,1,2,
2844,4,1,1,2,
2844,5,1,1,2,
2844,6,1,1,2,
2844,7,3,4,2,
2844,8,3,4,2,
2844,9,2,2,2,
2844,10,3,4,2,
2844,11,1,3,2,
2845,1,2,3,2,
2845,2,3,4,2,
2845,3,1,1,2,
2845,4,3,4,2,
2845,5,1,3,2,
2845,6,1,3,2,
2845,7,1,3,2,
2845,8,3,4,2,
2845,9,1,3,2,
2845,10,1,3,2,
2845,11,1,3,2,
2846,1,3,4,2,
2846,2,3,4,2,
2846,3,1,1,2,
2846,4,3,4,2,
2846,5,1,3,2,
2846,6,1,3,2,
2846,7,1,3,2,
2846,8,3,4,2,
2846,9,1,3,2,
2846,10,3,4,2,
2846,11,1,3,2,
2847,1,2,3,2,
2847,2,3,4,2,
2847,3,1,1,2,
2847,4,3,4,2,
2847,5,1,3,2,
2847,6,1,3,2,
2847,7,1,3,2,
2847,8,3,4,2,
2847,9,1,3,2,
2847,10,1,3,2,
2847,11,1,3,2,
2848,1,2,3,2,
2848,2,3,4,2,
2848,3,1,1,2,
2848,4,3,4,2,
2848,5,1,3,2,
2848,6,1,3,2,
2848,7,1,3,2,
2848,8,3,4,2,
2848,9,1,3,2,
2848,10,3,4,2,
2848,11,1,3,2,
2849,1,2,3,2,
2849,2,3,4,2,
2849,3,1,1,2,
2849,4,3,4,2,
2849,5,1,3,2,
2849,6,1,3,2,
2849,7,1,3,2,
2849,8,3,4,2,
2849,9,1,3,2,
2849,10,1,3,2,
2849,11,1,3,2,
2850,1,2,3,2,
2850,2,3,4,2,
2850,3,1,1,2,
2850,4,3,4,2,
2850,5,1,3,2,
2850,6,1,3,2,
2850,7,1,3,2,
2850,8,3,4,2,
2850,9,1,3,2,
2850,10,3,4,2,
2850,11,1,3,2,
2851,1,2,3,2,
2851,2,3,4,2,
2851,3,1,1,2,
2851,4,3,4,2,
2851,5,1,3,2,
2851,6,1,3,2,
2851,7,1,3,2,
2851,8,3,4,2,
2851,9,1,3,2,
2851,10,3,4,2,
2851,11,1,3,2,
2852,1,2,3,1,2
2852,2,3,4,2,
2852,3,1,1,2,
2852,4,3,4,2,
2852,5,1,3,2,
2852,6,1,3,2,
2852,7,1,3,2,
2852,8,3,4,2,
2852,9,1,3,2,
2852,10,1,3,2,
2852,11,1,3,2,
2853,1,2,3,2,
2853,2,3,4,2,
2853,3,1,1,2,
2853,4,3,4,2,
2853,5,1,3,2,
2853,6,1,3,2,
2853,7,1,3,2,
2853,8,3,4,2,
2853,9,1,3,2,
2853,10,1,3,2,
2853,11,1,3,2,
2854,1,1,3,2,
2854,2,1,3,2,
2854,3,1,3,2,
2854,4,3,4,2,
2854,5,1,3,1,1
2854,6,1,3,2,
2854,7,3,4,2,
2854,8,3,4,2,
2854,9,1,3,2,
2854,10,3,4,2,
2854,11,1,3,2,
2855,1,1,3,2,
2855,2,1,3,2,
2855,3,1,3,2,
2855,4,1,3,2,
2855,5,1,3,2,
2855,6,3,4,2,
2855,7,3,4,2,
2855,8,3,4,2,
2855,9,1,3,2,
2855,10,1,3,2,
2855,11,1,3,2,
2856,1,1,3,2,
2856,2,1,3,2,
2856,3,3,4,2,
2856,4,3,4,2,
2856,5,1,3,2,
2856,6,1,3,2,
2856,7,1,3,2,
2856,8,3,4,2,
2856,9,1,3,2,
2856,10,1,3,2,
2856,11,1,3,2,
2857,1,1,3,2,
2857,2,1,3,2,
2857,3,1,3,2,
2857,4,3,4,2,
2857,5,1,3,1,1
2857,6,1,3,2,
2857,7,1,3,2,
2857,8,3,4,2,
2857,9,1,3,2,
2857,10,3,4,2,
2857,11,1,3,2,
2858,1,1,3,2,
2858,2,1,3,2,
2858,3,1,3,2,
2858,4,3,4,2,
2858,5,1,3,2,
2858,6,3,4,2,
2858,7,3,4,2,
2858,8,3,4,2,
2858,9,1,3,2,
2858,10,1,3,2,
2858,11,1,3,2,
2859,1,1,3,2,
2859,2,1,3,1,1
2859,3,1,3,2,
2859,4,3,4,2,
2859,5,1,3,1,1
2859,6,1,3,2,
2859,7,1,3,2,
2859,8,3,4,2,
2859,9,1,3,2,
2859,10,3,4,2,
2859,11,1,3,2,
2860,1,1,3,2,
2860,2,1,3,2,
2860,3,3,4,2,
2860,4,3,4,2,
2860,5,1,3,2,
2860,6,1,3,2,
2860,7,3,4,2,
2860,8,3,4,2,
2860,9,1,3,2,
2860,10,3,4,2,
2860,11,1,3,2,
2861,1,1,2,2,
2861,2,1,2,2,
2861,3,1,2,2,
2861,4,3,4,2,
2861,5,1,2,2,
2861,6,1,2,2,
2861,7,1,2,2,
2861,8,3,4,2,
2861,9,1,2,2,
2861,10,3,4,2,
2861,11,1,2,2,
2862,1,1,3,2,
2862,2,1,3,2,
2862,3,1,3,2,
2862,4,1,3,2,
2862,5,1,3,2,
2862,6,1,3,2,
2862,7,3,4,2,
2862,8,3,4,2,
2862,9,1,3,2,
2862,10,3,4,2,
2862,11,1,3,2,
2863,1,1,3,2,
2863,2,1,3,2,
2863,3,1,3,2,
2863,4,1,3,2,
2863,5,1,3,2,
2863,6,1,3,2,
2863,7,1,3,2,
2863,8,3,4,2,
2863,9,2,3,2,
2863,10,1,3,2,
2863,11,1,3,2,
2864,1,1,3,2,
2864,2,1,3,2,
2864,3,1,3,2,
2864,4,1,3,2,
2864,5,1,3,2,
2864,6,3,4,2,
2864,7,1,3,2,
2864,8,3,4,2,
2864,9,2,3,2,
2864,10,3,4,2,
2864,11,1,3,2,
2865,1,1,3,2,
2865,2,1,3,2,
2865,3,2,3,2,
2865,4,1,3,2,
2865,5,1,3,2,
2865,6,3,4,2,
2865,7,3,4,2,
2865,8,3,4,2,
2865,9,3,4,2,
2865,10,3,4,2,
2865,11,1,3,2,
2866,1,1,3,2,
2866,2,1,3,2,
2866,3,2,3,2,
2866,4,1,3,2,
2866,5,1,3,2,
2866,6,1,3,2,
2866,7,3,4,2,
2866,8,3,4,2,
2866,9,1,3,2,
2866,10,3,4,2,
2866,11,3,4,2,
2867,1,1,3,2,
2867,2,1,3,1,1
2867,3,1,3,2,
2867,4,1,3,2,
2867,5,1,3,2,
2867,6,1,3,2,
2867,7,3,4,2,
2867,8,3,4,2,
2867,9,3,4,2,
2867,10,3,4,2,
2867,11,1,3,2,
2868,1,1,3,2,
2868,2,1,3,2,
2868,3,1,3,2,
2868,4,1,3,2,
2868,5,1,3,2,
2868,6,1,3,2,
2868,7,3,4,2,
2868,8,3,4,2,
2868,9,2,4,2,
2868,10,3,4,2,
2868,11,1,3,2,
2869,1,1,3,1,1
2869,2,1,3,2,
2869,3,1,3,2,
2869,4,3,4,2,
2869,5,1,3,2,
2869,6,3,4,2,
2869,7,1,3,2,
2869,8,3,4,2,
2869,9,3,4,2,
2869,10,3,4,2,
2869,11,3,4,2,
2870,1,1,3,2,
2870,2,1,3,2,
2870,3,1,3,2,
2870,4,3,4,2,
2870,5,1,3,2,
2870,6,1,3,2,
2870,7,1,3,2,
2870,8,3,4,2,
2870,9,2,4,2,
2870,10,3,4,2,
2870,11,1,3,2,
2871,1,1,3,2,
2871,2,1,3,2,
2871,3,1,3,2,
2871,4,1,3,2,
2871,5,1,3,2,
2871,6,1,3,2,
2871,7,1,3,2,
2871,8,3,4,2,
2871,9,3,4,2,
2871,10,3,4,2,
2871,11,1,3,2,
2872,1,1,3,2,
2872,2,1,3,2,
2872,3,2,3,2,
2872,4,1,3,2,
2872,5,1,3,2,
2872,6,1,3,2,
2872,7,3,4,2,
2872,8,3,4,2,
2872,9,3,4,2,
2872,10,1,3,2,
2872,11,1,3,2,
2873,1,1,3,2,
2873,2,1,3,2,
2873,3,2,3,2,
2873,4,1,3,2,
2873,5,1,3,2,
2873,6,1,3,2,
2873,7,1,3,2,
2873,8,3,4,2,
2873,9,3,4,2,
2873,10,3,4,2,
2873,11,1,3,2,
2874,1,1,3,2,
2874,2,1,3,2,
2874,3,1,3,2,
2874,4,3,4,2,
2874,5,1,3,2,
2874,6,1,3,2,
2874,7,1,3,2,
2874,8,3,4,2,
2874,9,3,4,2,
2874,10,1,3,2,
2874,11,1,3,2,
2875,1,1,3,2,
2875,2,1,3,2,
2875,3,2,3,2,
2875,4,1,3,2,
2875,5,1,3,2,
2875,6,1,3,2,
2875,7,1,3,2,
2875,8,3,4,2,
2875,9,3,4,2,
2875,10,3,4,2,
2875,11,1,3,2,
2876,1,1,3,2,
2876,2,1,3,2,
2876,3,2,3,2,
2876,4,1,3,2,
2876,5,1,3,2,
2876,6,1,3,2,
2876,7,3,4,2,
2876,8,3,4,2,
2876,9,3,4,2,
2876,10,1,4,2,
2876,11,1,3,2,
2877,1,1,3,2,
2877,2,1,3,2,
2877,3,2,3,2,
2877,4,3,4,2,
2877,5,1,3,2,
2877,6,1,3,2,
2877,7,1,3,2,
2877,8,3,4,2,
2877,9,3,4,2,
2877,10,3,4,2,
2877,11,1,3,2,
2878,1,1,3,2,
2878,2,1,3,2,
2878,3,2,3,2,
2878,4,1,3,2,
2878,5,1,3,2,
2878,6,1,3,2,
2878,7,3,4,2,
2878,8,3,4,2,
2878,9,3,4,2,
2878,10,1,3,2,
2878,11,1,3,2,
2879,1,1,3,2,
2879,2,1,3,2,
2879,3,1,3,2,
2879,4,3,4,2,
2879,5,1,3,2,
2879,6,1,3,2,
2879,7,1,3,2,
2879,8,3,4,2,
2879,9,3,4,2,
2879,10,1,3,2,
2879,11,1,3,2,
2880,1,1,3,2,
2880,2,1,3,2,
2880,3,2,3,2,
2880,4,1,3,2,
2880,5,1,3,2,
2880,6,1,3,2,
2880,7,1,3,2,
2880,8,3,4,2,
2880,9,3,4,2,
2880,10,3,4,2,
2880,11,1,3,2,
2881,1,1,3,2,
2881,2,1,3,2,
2881,3,2,3,2,
2881,4,3,4,2,
2881,5,1,3,2,
2881,6,1,3,2,
2881,7,1,3,2,
2881,8,1,3,2,
2881,9,1,3,2,
2881,10,1,3,2,
2881,11,1,3,2,
2882,1,1,3,2,
2882,2,1,3,2,
2882,3,2,3,2,
2882,4,1,3,1,2
2882,5,1,3,1,2
2882,6,1,3,2,
2882,7,1,3,2,
2882,8,3,4,2,
2882,9,1,3,2,
2882,10,1,3,2,
2882,11,1,3,2,
2883,1,1,3,2,
2883,2,1,3,2,
2883,3,2,3,2,
2883,4,1,3,2,
2883,5,1,3,2,
2883,6,1,3,2,
2883,7,1,3,2,
2883,8,1,3,2,
2883,9,1,3,2,
2883,10,1,3,2,
2883,11,1,3,2,
2884,1,1,3,2,
2884,2,1,3,2,
2884,3,2,3,2,
2884,4,3,4,2,
2884,5,1,3,2,
2884,6,1,3,2,
2884,7,1,3,2,
2884,8,3,4,2,
2884,9,1,3,2,
2884,10,1,3,2,
2884,11,1,3,2,
2885,1,1,3,2,
2885,2,1,3,2,
2885,3,2,3,2,
2885,4,3,4,2,
2885,5,1,3,2,
2885,6,1,3,2,
2885,7,1,3,2,
2885,8,1,3,2,
2885,9,1,3,2,
2885,10,1,3,2,
2885,11,1,3,2,
2886,1,1,3,2,
2886,2,1,3,2,
2886,3,2,3,2,
2886,4,1,3,1,1
2886,5,1,3,1,1
2886,6,1,3,2,
2886,7,1,3,2,
2886,8,1,3,2,
2886,9,1,3,2,
2886,10,1,3,2,
2886,11,1,3,2,
2887,1,1,3,2,
2887,2,1,3,2,
2887,3,2,3,2,
2887,4,1,3,2,
2887,5,1,3,2,
2887,6,1,3,2,
2887,7,1,3,2,
2887,8,1,3,2,
2887,9,1,3,2,
2887,10,1,3,2,
2887,11,1,3,2,
2888,1,1,3,2,
2888,2,1,3,2,
2888,3,2,3,2,
2888,4,3,4,2,
2888,5,1,3,2,
2888,6,1,3,2,
2888,7,1,3,2,
2888,8,1,3,2,
2888,9,1,3,2,
2888,10,1,3,2,
2888,11,1,3,2,
2889,1,1,3,2,
2889,2,1,3,2,
2889,3,2,3,2,
2889,4,3,4,2,
2889,5,1,3,2,
2889,6,1,3,2,
2889,7,1,3,2,
2889,8,3,4,2,
2889,9,1,3,2,
2889,10,1,3,2,
2889,11,1,3,2,
2890,1,1,1,2,
2890,2,1,3,2,
2890,3,1,3,2,
2890,4,1,3,2,
2890,5,1,3,2,
2890,6,1,3,2,
2890,7,1,3,2,
2890,8,3,4,2,
2890,9,1,3,2,
2890,10,1,3,2,
2890,11,1,3,2,
2891,1,1,3,2,
2891,2,1,3,2,
2891,3,1,2,1,2
2891,4,1,3,2,
2891,5,1,3,2,
2891,6,1,3,2,
2891,7,1,3,2,
2891,8,3,4,2,
2891,9,1,3,2,
2891,10,1,3,2,
2891,11,1,3,2,
2892,1,1,3,2,
2892,2,1,3,2,
2892,3,1,3,2,
2892,4,3,4,2,
2892,5,1,3,2,
2892,6,1,3,2,
2892,7,1,3,2,
2892,8,3,4,2,
2892,9,3,4,2,
2892,10,3,4,2,
2892,11,2,2,2,
2893,1,1,3,2,
2893,2,1,3,2,
2893,3,1,3,2,
2893,4,1,3,2,
2893,5,1,3,2,
2893,6,1,3,2,
2893,7,1,3,2,
2893,8,3,4,2,
2893,9,1,3,2,
2893,10,1,3,2,
2893,11,1,3,2,
2894,1,1,3,2,
2894,2,1,3,2,
2894,3,1,3,2,
2894,4,1,3,2,
2894,5,1,3,2,
2894,6,1,3,2,
2894,7,1,3,2,
2894,8,3,4,2,
2894,9,1,3,2,
2894,10,1,3,2,
2894,11,1,3,2,
2895,1,1,3,2,
2895,2,1,3,2,
2895,3,1,3,2,
2895,4,1,3,2,
2895,5,1,3,2,
2895,6,1,3,2,
2895,7,1,3,2,
2895,8,3,4,2,
2895,9,1,3,2,
2895,10,1,3,2,
2895,11,1,3,2,
2896,1,1,3,2,
2896,2,1,3,2,
2896,3,1,3,2,
2896,4,1,3,2,
2896,5,1,3,2,
2896,6,1,3,2,
2896,7,1,3,2,
2896,8,3,4,2,
2896,9,1,3,2,
2896,10,1,3,2,
2896,11,1,3,2,
2897,1,1,3,2,
2897,2,1,3,2,
2897,3,1,2,2,
2897,4,1,3,2,
2897,5,1,2,2,
2897,6,1,3,2,
2897,7,1,3,2,
2897,8,3,4,2,
2897,9,1,3,2,
2897,10,1,3,2,
2897,11,1,3,2,
2898,1,1,3,2,
2898,2,1,3,2,
2898,3,1,3,2,
2898,4,1,3,2,
2898,5,1,3,2,
2898,6,1,3,2,
2898,7,1,3,2,
2898,8,3,4,2,
2898,9,1,3,2,
2898,10,1,3,2,
2898,11,1,3,2,
2899,1,2,3,2,
2899,2,2,3,2,
2899,3,1,3,2,
2899,4,3,4,2,
2899,5,1,3,2,
2899,6,1,1,2,
2899,7,1,3,2,
2899,8,2,3,2,
2899,9,1,3,2,
2899,10,2,3,2,
2899,11,1,1,2,
2900,1,2,3,2,
2900,2,1,3,2,
2900,3,1,3,2,
2900,4,3,4,2,
2900,5,1,1,2,
2900,6,1,1,2,
2900,7,2,3,2,
2900,8,2,3,2,
2900,9,1,3,2,
2900,10,3,4,2,
2900,11,1,3,2,
2901,1,2,3,2,
2901,2,2,3,2,
2901,3,1,1,2,
2901,4,1,1,2,
2901,5,1,3,2,
2901,6,1,1,2,
2901,7,3,4,2,
2901,8,2,3,2,
2901,9,1,1,2,
2901,10,3,4,2,
2901,11,1,1,2,
2902,1,2,3,2,
2902,2,2,3,2,
2902,3,1,3,2,
2902,4,3,4,2,
2902,5,1,3,2,
2902,6,1,1,2,
2902,7,1,3,2,
2902,8,2,3,2,
2902,9,1,1,2,
2902,10,1,3,2,
2902,11,1,1,2,
2903,1,2,3,2,
2903,2,2,3,2,
2903,3,1,1,2,
2903,4,3,3,2,
2903,5,1,1,2,
2903,6,3,3,2,
2903,7,1,3,2,
2903,8,2,2,2,
2903,9,2,3,2,
2903,10,1,3,2,
2903,11,1,3,2,
2904,1,2,3,2,
2904,2,1,3,2,
2904,3,1,1,2,
2904,4,3,4,2,
2904,5,1,3,2,
2904,6,1,1,2,
2904,7,2,3,2,
2904,8,2,3,2,
2904,9,1,1,2,
2904,10,2,3,2,
2904,11,1,1,2,
2905,1,2,3,2,
2905,2,2,3,2,
2905,3,1,1,2,
2905,4,1,3,2,
2905,5,1,3,2,
2905,6,1,3,2,
2905,7,1,3,2,
2905,8,2,3,2,
2905,9,1,1,2,
2905,10,3,4,2,
2905,11,1,3,2,
2906,1,2,3,2,
2906,2,2,3,2,
2906,3,1,1,2,
2906,4,3,4,2,
2906,5,1,1,2,
2906,6,1,1,2,
2906,7,1,3,2,
2906,8,2,3,2,
2906,9,2,3,2,
2906,10,1,3,2,
2906,11,2,3,2,
2907,1,2,3,2,
2907,2,2,3,2,
2907,3,1,1,2,
2907,4,1,1,2,
2907,5,1,1,2,
2907,6,1,1,2,
2907,7,1,1,2,
2907,8,2,3,2,
2907,9,1,3,2,
2907,10,1,3,2,
2907,11,1,1,2,
2908,1,1,3,2,
2908,2,1,3,2,
2908,3,1,3,2,
2908,4,1,3,2,
2908,5,1,3,2,
2908,6,1,3,2,
2908,7,1,3,2,
2908,8,2,4,2,
2908,9,1,3,2,
2908,10,1,3,2,
2908,11,1,3,2,
2909,1,1,3,2,
2909,2,1,3,2,
2909,3,1,3,2,
2909,4,1,3,2,
2909,5,1,3,2,
2909,6,1,3,2,
2909,7,3,4,2,
2909,8,3,4,2,
2909,9,3,4,2,
2909,10,3,4,2,
2909,11,1,1,2,
2910,1,1,3,2,
2910,2,1,3,2,
2910,3,1,3,2,
2910,4,1,3,2,
2910,5,1,3,2,
2910,6,1,3,2,
2910,7,1,3,2,
2910,8,1,3,2,
2910,9,1,3,2,
2910,10,1,3,2,
2910,11,1,3,2,
2911,1,1,3,2,
2911,2,1,3,2,
2911,3,1,3,2,
2911,4,1,3,2,
2911,5,1,3,2,
2911,6,1,3,2,
2911,7,1,3,2,
2911,8,3,4,2,
2911,9,1,3,2,
2911,10,1,3,2,
2911,11,1,1,2,
2912,1,1,3,2,
2912,2,1,3,2,
2912,3,1,3,2,
2912,4,1,3,2,
2912,5,1,3,2,
2912,6,1,3,2,
2912,7,1,3,2,
2912,8,3,4,2,
2912,9,1,3,2,
2912,10,1,3,2,
2912,11,1,3,2,
2913,1,1,3,2,
2913,2,1,3,2,
2913,3,1,3,2,
2913,4,1,3,2,
2913,5,1,3,2,
2913,6,1,3,2,
2913,7,1,3,2,
2913,8,3,4,2,
2913,9,1,3,2,
2913,10,1,3,2,
2913,11,1,3,2,
2914,1,1,3,2,
2914,2,1,3,2,
2914,3,1,3,2,
2914,4,1,3,2,
2914,5,1,3,2,
2914,6,1,3,2,
2914,7,1,3,2,
2914,8,1,3,2,
2914,9,1,3,2,
2914,10,1,3,2,
2914,11,1,3,2,
2915,1,1,3,2,
2915,2,1,3,2,
2915,3,1,3,2,
2915,4,1,3,2,
2915,5,1,3,2,
2915,6,1,3,2,
2915,7,1,3,2,
2915,8,1,3,2,
2915,9,1,3,2,
2915,10,1,3,2,
2915,11,1,3,2,
2916,1,1,3,2,
2916,2,1,3,2,
2916,3,1,3,2,
2916,4,1,3,2,
2916,5,1,3,2,
2916,6,1,3,2,
2916,7,1,3,2,
2916,8,1,3,2,
2916,9,1,3,2,
2916,10,1,3,2,
2916,11,1,3,2,
2917,1,2,2,1,2
2917,2,1,3,2,
2917,3,1,3,2,
2917,4,1,3,2,
2917,5,1,3,2,
2917,6,1,3,2,
2917,7,1,3,2,
2917,8,3,4,2,
2917,9,1,3,2,
2917,10,3,4,2,
2917,11,3,4,2,
2918,1,2,2,2,
2918,2,1,1,2,
2918,3,1,1,2,
2918,4,1,1,2,
2918,5,1,1,2,
2918,6,1,1,2,
2918,7,1,1,2,
2918,8,3,4,2,
2918,9,2,3,2,
2918,10,1,1,2,
2918,11,1,1,2,
2919,1,2,2,2,
2919,2,1,3,2,
2919,3,1,3,2,
2919,4,1,1,2,
2919,5,1,1,2,
2919,6,1,1,2,
2919,7,1,1,2,
2919,8,3,4,2,
2919,9,1,3,2,
2919,10,1,1,2,
2919,11,1,1,2,
2920,1,2,2,2,
2920,2,1,3,2,
2920,3,1,3,2,
2920,4,1,3,2,
2920,5,1,3,2,
2920,6,1,3,2,
2920,7,1,3,2,
2920,8,3,4,2,
2920,9,1,3,2,
2920,10,1,3,2,
2920,11,1,3,2,
2921,1,2,3,2,
2921,2,1,1,2,
2921,3,1,1,2,
2921,4,1,1,2,
2921,5,1,1,2,
2921,6,1,1,2,
2921,7,1,1,2,
2921,8,3,4,2,
2921,9,1,1,2,
2921,10,1,1,2,
2921,11,1,1,2,
2922,1,2,2,2,
2922,2,1,3,2,
2922,3,1,3,2,
2922,4,1,3,2,
2922,5,1,3,2,
2922,6,1,3,2,
2922,7,1,3,2,
2922,8,3,4,2,
2922,9,1,1,2,
2922,10,1,1,2,
2922,11,3,4,2,
2923,1,2,3,2,
2923,2,1,3,2,
2923,3,1,1,2,
2923,4,1,1,2,
2923,5,1,1,2,
2923,6,3,4,2,
2923,7,3,4,2,
2923,8,3,4,2,
2923,9,1,1,2,
2923,10,3,4,2,
2923,11,1,1,2,
2924,1,2,2,1,2
2924,2,1,3,2,
2924,3,1,3,2,
2924,4,1,3,2,
2924,5,1,3,2,
2924,6,1,3,2,
2924,7,1,3,2,
2924,8,3,4,2,
2924,9,3,4,2,
2924,10,1,3,2,
2924,11,1,3,2,
2925,1,2,3,2,
2925,2,1,3,2,
2925,3,1,3,2,
2925,4,1,3,2,
2925,5,1,3,2,
2925,6,1,1,2,
2925,7,1,1,2,
2925,8,3,4,2,
2925,9,1,1,2,
2925,10,1,1,2,
2925,11,1,1,2,
2926,1,1,3,2,
2926,2,2,3,2,
2926,3,2,3,2,
2926,4,1,3,1,1
2926,5,1,3,2,
2926,6,3,4,2,
2926,7,3,4,2,
2926,8,1,3,2,
2926,9,1,3,1,1
2926,10,3,4,2,
2926,11,1,3,2,
2927,1,1,3,2,
2927,2,2,3,2,
2927,3,2,3,2,
2927,4,3,4,2,
2927,5,1,3,1,1
2927,6,3,4,2,
2927,7,3,4,2,
2927,8,1,3,2,
2927,9,3,4,2,
2927,10,3,4,2,
2927,11,1,3,2,
2928,1,1,3,2,
2928,2,2,3,2,
2928,3,2,3,2,
2928,4,3,4,2,
2928,5,1,3,2,
2928,6,1,3,2,
2928,7,2,3,2,
2928,8,1,3,1,1
2928,9,3,4,2,
2928,10,3,4,2,
2928,11,1,3,2,
2929,1,1,3,2,
2929,2,2,3,2,
2929,3,2,3,2,
2929,4,3,4,2,
2929,5,1,3,1,1
2929,6,3,4,2,
2929,7,3,4,2,
2929,8,1,3,1,1
2929,9,1,3,2,
2929,10,1,3,2,
2929,11,1,3,2,
2930,1,1,3,2,
2930,2,2,3,2,
2930,3,2,3,2,
2930,4,3,4,2,
2930,5,1,3,1,1
2930,6,3,4,2,
2930,7,3,4,2,
2930,8,1,3,2,
2930,9,1,3,2,
2930,10,3,4,2,
2930,11,1,3,2,
2931,1,1,3,2,
2931,2,3,3,2,
2931,3,3,3,2,
2931,4,1,3,1,1
2931,5,1,3,1,1
2931,6,3,4,2,
2931,7,3,4,2,
2931,8,1,3,2,
2931,9,3,4,2,
2931,10,3,4,2,
2931,11,1,3,2,
2932,1,1,3,1,2
2932,2,2,3,2,
2932,3,2,3,2,
2932,4,1,3,2,
2932,5,1,3,2,
2932,6,3,4,2,
2932,7,2,3,1,2
2932,8,1,3,1,1
2932,9,3,4,2,
2932,10,3,4,2,
2932,11,1,3,2,
2933,1,1,3,1,2
2933,2,2,3,2,
2933,3,2,3,2,
2933,4,3,4,2,
2933,5,1,3,2,
2933,6,1,3,1,1
2933,7,1,3,2,
2933,8,1,3,2,
2933,9,1,3,2,
2933,10,3,4,2,
2933,11,1,3,2,
2934,1,1,3,2,
2934,2,2,3,2,
2934,3,2,3,2,
2934,4,3,4,2,
2934,5,1,3,2,
2934,6,1,3,1,1
2934,7,3,3,2,
2934,8,1,3,2,
2934,9,1,3,2,
2934,10,3,4,2,
2934,11,1,3,2,
2935,1,1,3,2,
2935,2,1,3,2,
2935,3,1,1,2,
2935,4,3,4,2,
2935,5,1,3,2,
2935,6,1,3,2,
2935,7,1,3,2,
2935,8,3,4,2,
2935,9,1,3,2,
2935,10,1,3,2,
2935,11,1,3,2,
2936,1,1,3,2,
2936,2,1,3,2,
2936,3,1,3,2,
2936,4,3,4,2,
2936,5,1,3,2,
2936,6,1,3,2,
2936,7,1,3,2,
2936,8,3,4,2,
2936,9,1,3,2,
2936,10,1,3,2,
2936,11,1,3,2,
2937,1,1,3,2,
2937,2,1,3,2,
2937,3,1,3,2,
2937,4,1,3,2,
2937,5,1,3,2,
2937,6,1,3,2,
2937,7,1,3,2,
2937,8,3,4,2,
2937,9,2,3,2,
2937,10,1,3,2,
2937,11,1,3,2,
2938,1,1,3,2,
2938,2,1,3,2,
2938,3,1,3,2,
2938,4,3,4,2,
2938,5,1,3,2,
2938,6,1,3,2,
2938,7,3,4,2,
2938,8,3,4,2,
2938,9,1,3,2,
2938,10,1,3,2,
2938,11,1,3,2,
2939,1,1,3,2,
2939,2,1,3,2,
2939,3,1,3,2,
2939,4,3,4,2,
2939,5,1,3,2,
2939,6,1,3,2,
2939,7,1,3,2,
2939,8,3,4,2,
2939,9,1,3,2,
2939,10,1,3,2,
2939,11,1,3,2,
2940,1,1,3,2,
2940,2,1,3,2,
2940,3,1,3,2,
2940,4,3,4,2,
2940,5,1,3,2,
2940,6,1,3,2,
2940,7,1,3,2,
2940,8,3,4,2,
2940,9,1,3,2,
2940,10,1,3,2,
2940,11,1,3,2,
2941,1,1,3,2,
2941,2,1,3,2,
2941,3,1,3,2,
2941,4,1,3,2,
2941,5,1,3,2,
2941,6,1,3,2,
2941,7,1,3,2,
2941,8,3,4,2,
2941,9,1,3,2,
2941,10,1,3,2,
2941,11,1,3,2,
2942,1,1,3,2,
2942,2,1,3,2,
2942,3,1,3,2,
2942,4,3,4,2,
2942,5,1,3,2,
2942,6,1,3,2,
2942,7,1,3,2,
2942,8,3,4,2,
2942,9,1,3,2,
2942,10,1,3,2,
2942,11,1,3,2,
2943,1,1,3,2,
2943,2,1,3,2,
2943,3,1,3,2,
2943,4,1,3,2,
2943,5,1,3,2,
2943,6,1,3,2,
2943,7,1,3,2,
2943,8,3,4,2,
2943,9,1,3,2,
2943,10,1,3,2,
2943,11,1,3,2,
2944,1,1,3,2,
2944,2,1,3,2,
2944,3,1,3,2,
2944,4,1,3,2,
2944,5,1,3,2,
2944,6,1,3,2,
2944,7,1,3,2,
2944,8,3,4,2,
2944,9,2,2,2,
2944,10,2,2,2,
2944,11,1,3,2,
2945,1,1,3,2,
2945,2,1,3,2,
2945,3,1,3,2,
2945,4,1,3,2,
2945,5,1,3,2,
2945,6,1,3,2,
2945,7,1,3,2,
2945,8,3,4,2,
2945,9,2,2,2,
2945,10,3,4,2,
2945,11,1,3,2,
2946,1,1,3,2,
2946,2,1,3,2,
2946,3,1,3,2,
2946,4,3,4,2,
2946,5,1,3,2,
2946,6,1,3,2,
2946,7,1,3,2,
2946,8,3,4,2,
2946,9,1,3,2,
2946,10,3,4,2,
2946,11,2,2,2,
2947,1,1,3,2,
2947,2,1,3,2,
2947,3,1,3,2,
2947,4,3,4,2,
2947,5,1,3,2,
2947,6,1,3,2,
2947,7,1,3,2,
2947,8,3,4,2,
2947,9,2,2,2,
2947,10,3,4,2,
2947,11,2,2,2,
2948,1,1,3,2,
2948,2,1,3,2,
2948,3,1,3,2,
2948,4,1,3,2,
2948,5,1,3,2,
2948,6,1,3,2,
2948,7,1,3,2,
2948,8,3,4,2,
2948,9,2,2,2,
2948,10,2,2,2,
2948,11,2,2,2,
2949,1,1,3,2,
2949,2,1,3,2,
2949,3,1,3,2,
2949,4,3,4,2,
2949,5,1,3,2,
2949,6,1,3,2,
2949,7,1,3,2,
2949,8,3,4,2,
2949,9,2,2,2,
2949,10,2,2,2,
2949,11,1,3,2,
2950,1,1,3,2,
2950,2,1,3,2,
2950,3,1,3,2,
2950,4,1,3,2,
2950,5,1,3,2,
2950,6,1,3,2,
2950,7,1,3,2,
2950,8,3,4,2,
2950,9,2,2,2,
2950,10,2,2,2,
2950,11,1,3,2,
2951,1,1,3,2,
2951,2,1,3,2,
2951,3,1,3,2,
2951,4,1,3,2,
2951,5,1,3,2,
2951,6,1,3,2,
2951,7,1,3,2,
2951,8,3,4,2,
2951,9,2,2,2,
2951,10,2,2,2,
2951,11,2,2,2,
2952,1,1,3,2,
2952,2,1,3,2,
2952,3,1,3,2,
2952,4,3,4,2,
2952,5,1,3,2,
2952,6,1,3,2,
2952,7,1,3,2,
2952,8,3,4,2,
2952,9,2,2,2,
2952,10,2,2,2,
2952,11,2,2,2,
2953,1,1,3,2,
2953,2,1,3,2,
2953,3,1,3,2,
2953,4,3,4,2,
2953,5,1,3,2,
2953,6,3,4,2,
2953,7,3,4,2,
2953,8,3,4,2,
2953,9,2,3,2,
2953,10,3,4,2,
2953,11,2,3,2,
2954,1,1,3,2,
2954,2,1,3,2,
2954,3,1,3,2,
2954,4,3,4,2,
2954,5,1,3,2,
2954,6,3,4,2,
2954,7,1,3,2,
2954,8,3,4,2,
2954,9,2,3,2,
2954,10,1,3,2,
2954,11,2,3,2,
2955,1,1,3,2,
2955,2,1,3,2,
2955,3,1,3,2,
2955,4,3,4,2,
2955,5,1,3,2,
2955,6,3,4,2,
2955,7,1,3,2,
2955,8,3,4,2,
2955,9,2,3,2,
2955,10,3,4,2,
2955,11,2,3,2,
2956,1,1,3,2,
2956,2,1,3,2,
2956,3,1,3,2,
2956,4,3,4,2,
2956,5,1,3,2,
2956,6,3,4,2,
2956,7,1,3,2,
2956,8,3,4,2,
2956,9,2,3,2,
2956,10,3,4,2,
2956,11,2,3,2,
2957,1,1,3,2,
2957,2,1,3,2,
2957,3,1,3,2,
2957,4,3,4,2,
2957,5,1,3,2,
2957,6,3,4,2,
2957,7,3,4,2,
2957,8,3,4,2,
2957,9,3,4,2,
2957,10,2,3,2,
2957,11,2,3,2,
2958,1,1,3,2,
2958,2,1,3,2,
2958,3,1,3,2,
2958,4,3,4,2,
2958,5,1,3,2,
2958,6,3,4,2,
2958,7,1,3,2,
2958,8,3,4,2,
2958,9,1,3,2,
2958,10,1,3,2,
2958,11,2,3,2,
2959,1,1,3,2,
2959,2,1,3,2,
2959,3,1,3,2,
2959,4,3,4,2,
2959,5,1,3,2,
2959,6,3,4,2,
2959,7,1,3,2,
2959,8,3,4,2,
2959,9,2,3,2,
2959,10,2,3,2,
2959,11,2,3,2,
2960,1,1,3,2,
2960,2,1,3,2,
2960,3,1,3,2,
2960,4,1,3,2,
2960,5,1,3,2,
2960,6,3,4,2,
2960,7,1,3,2,
2960,8,3,4,2,
2960,9,2,3,2,
2960,10,2,3,2,
2960,11,2,3,2,
2961,1,1,3,2,
2961,2,1,3,2,
2961,3,1,3,2,
2961,4,1,3,2,
2961,5,1,3,2,
2961,6,3,4,2,
2961,7,1,3,2,
2961,8,3,4,2,
2961,9,1,3,2,
2961,10,2,3,2,
2961,11,1,3,2,
2962,1,1,3,2,
2962,2,1,3,2,
2962,3,1,3,2,
2962,4,3,4,2,
2962,5,1,3,2,
2962,6,1,3,2,
2962,7,1,3,2,
2962,8,3,4,2,
2962,9,2,2,2,
2962,10,1,2,2,
2962,11,1,3,2,
2963,1,1,3,2,
2963,2,1,3,2,
2963,3,1,3,2,
2963,4,1,3,2,
2963,5,1,3,2,
2963,6,1,3,2,
2963,7,1,3,2,
2963,8,3,4,2,
2963,9,2,2,2,
2963,10,2,2,2,
2963,11,1,3,2,
2964,1,1,3,2,
2964,2,1,3,2,
2964,3,1,3,2,
2964,4,3,4,2,
2964,5,1,3,2,
2964,6,1,3,2,
2964,7,1,3,2,
2964,8,3,4,2,
2964,9,2,2,2,
2964,10,1,3,2,
2964,11,1,3,2,
2965,1,1,3,2,
2965,2,1,3,2,
2965,3,1,3,2,
2965,4,1,3,2,
2965,5,1,3,2,
2965,6,1,3,2,
2965,7,1,3,2,
2965,8,3,4,2,
2965,9,2,2,2,
2965,10,1,3,2,
2965,11,1,3,2,
2966,1,1,3,2,
2966,2,1,3,2,
2966,3,1,3,2,
2966,4,1,3,2,
2966,5,1,3,2,
2966,6,1,3,2,
2966,7,1,3,2,
2966,8,3,4,2,
2966,9,2,2,2,
2966,10,3,4,2,
2966,11,1,3,2,
2967,1,1,3,2,
2967,2,1,3,2,
2967,3,1,3,2,
2967,4,3,4,2,
2967,5,1,3,2,
2967,6,1,3,2,
2967,7,1,3,2,
2967,8,3,4,2,
2967,9,2,2,2,
2967,10,2,2,2,
2967,11,1,3,2,
2968,1,1,3,2,
2968,2,1,3,2,
2968,3,1,3,2,
2968,4,3,4,2,
2968,5,1,3,2,
2968,6,1,3,2,
2968,7,1,3,2,
2968,8,3,4,2,
2968,9,1,3,2,
2968,10,2,2,2,
2968,11,1,3,2,
2969,1,1,3,2,
2969,2,1,3,2,
2969,3,1,3,2,
2969,4,1,3,2,
2969,5,1,3,2,
2969,6,1,3,2,
2969,7,1,3,2,
2969,8,3,4,2,
2969,9,2,2,2,
2969,10,2,2,2,
2969,11,1,3,2,
2970,1,1,3,2,
2970,2,1,3,2,
2970,3,1,3,2,
2970,4,1,3,2,
2970,5,1,3,2,
2970,6,1,3,2,
2970,7,1,3,2,
2970,8,3,4,2,
2970,9,2,2,2,
2970,10,3,4,2,
2970,11,1,3,2,
2971,1,1,3,2,
2971,2,1,3,2,
2971,3,1,3,2,
2971,4,1,3,2,
2971,5,1,3,2,
2971,6,1,3,2,
2971,7,1,3,2,
2971,8,3,4,2,
2971,9,1,3,2,
2971,10,1,3,2,
2971,11,1,3,2,
2972,1,1,3,2,
2972,2,1,3,2,
2972,3,1,3,2,
2972,4,1,3,2,
2972,5,1,3,2,
2972,6,1,3,2,
2972,7,1,3,2,
2972,8,3,4,2,
2972,9,1,3,2,
2972,10,1,3,2,
2972,11,1,3,2,
2973,1,1,3,2,
2973,2,1,3,2,
2973,3,1,3,2,
2973,4,1,3,2,
2973,5,1,3,2,
2973,6,1,3,2,
2973,7,1,3,2,
2973,8,3,4,2,
2973,9,1,3,2,
2973,10,1,3,2,
2973,11,1,3,2,
2974,1,1,3,2,
2974,2,1,3,2,
2974,3,1,3,2,
2974,4,1,3,2,
2974,5,1,3,2,
2974,6,1,3,2,
2974,7,1,3,2,
2974,8,3,4,2,
2974,9,1,3,2,
2974,10,3,4,2,
2974,11,1,3,2,
2975,1,1,3,2,
2975,2,1,3,2,
2975,3,1,3,2,
2975,4,1,3,2,
2975,5,1,3,2,
2975,6,1,3,2,
2975,7,1,3,2,
2975,8,3,4,2,
2975,9,1,3,2,
2975,10,3,4,2,
2975,11,1,3,2,
2976,1,1,3,2,
2976,2,1,3,2,
2976,3,1,3,2,
2976,4,1,3,2,
2976,5,1,3,2,
2976,6,1,3,2,
2976,7,1,3,2,
2976,8,3,4,2,
2976,9,1,3,2,
2976,10,3,4,2,
2976,11,1,3,2,
2977,1,1,3,2,
2977,2,1,3,2,
2977,3,1,3,2,
2977,4,1,3,2,
2977,5,1,3,2,
2977,6,1,3,2,
2977,7,1,3,2,
2977,8,3,4,2,
2977,9,1,3,2,
2977,10,3,4,2,
2977,11,1,3,2,
2978,1,1,3,2,
2978,2,1,3,2,
2978,3,1,3,2,
2978,4,1,3,2,
2978,5,1,3,2,
2978,6,1,3,2,
2978,7,1,3,2,
2978,8,3,4,2,
2978,9,1,3,2,
2978,10,3,4,2,
2978,11,1,3,2,
2979,1,1,3,2,
2979,2,1,3,2,
2979,3,1,3,2,
2979,4,1,3,2,
2979,5,1,3,2,
2979,6,1,3,2,
2979,7,1,3,2,
2979,8,3,4,2,
2979,9,1,3,2,
2979,10,3,4,2,
2979,11,1,3,2,
2980,1,1,3,2,
2980,2,3,4,2,
2980,3,1,3,2,
2980,4,1,3,2,
2980,5,1,3,2,
2980,6,1,3,2,
2980,7,3,4,2,
2980,8,1,3,2,
2980,9,1,3,2,
2980,10,3,4,2,
2980,11,1,3,2,
2981,1,1,3,2,
2981,2,3,4,2,
2981,3,1,3,2,
2981,4,1,3,2,
2981,5,1,3,2,
2981,6,3,4,2,
2981,7,3,4,2,
2981,8,1,3,2,
2981,9,2,3,2,
2981,10,3,4,2,
2981,11,1,3,2,
2982,1,1,3,2,
2982,2,3,4,2,
2982,3,1,3,2,
2982,4,1,3,2,
2982,5,1,3,2,
2982,6,1,3,2,
2982,7,1,3,2,
2982,8,1,3,2,
2982,9,1,3,2,
2982,10,3,4,2,
2982,11,1,3,2,
2983,1,1,3,2,
2983,2,3,4,2,
2983,3,1,3,2,
2983,4,1,3,2,
2983,5,1,3,2,
2983,6,1,3,2,
2983,7,1,3,2,
2983,8,1,3,2,
2983,9,1,3,2,
2983,10,3,4,2,
2983,11,1,3,2,
2984,1,1,3,2,
2984,2,3,4,2,
2984,3,3,4,2,
2984,4,1,3,2,
2984,5,2,3,2,
2984,6,1,3,2,
2984,7,3,4,2,
2984,8,1,3,2,
2984,9,1,3,2,
2984,10,1,3,2,
2984,11,1,3,2,
2985,1,1,3,2,
2985,2,3,4,2,
2985,3,1,3,2,
2985,4,1,3,2,
2985,5,1,3,2,
2985,6,1,3,2,
2985,7,1,3,2,
2985,8,1,3,2,
2985,9,2,3,2,
2985,10,3,4,2,
2985,11,1,3,2,
2986,1,1,3,2,
2986,2,3,4,2,
2986,3,3,4,2,
2986,4,1,3,2,
2986,5,1,3,1,1
2986,6,1,3,2,
2986,7,3,4,2,
2986,8,1,3,2,
2986,9,2,3,2,
2986,10,1,3,2,
2986,11,1,3,2,
2987,1,1,3,2,
2987,2,3,4,2,
2987,3,3,4,2,
2987,4,1,3,2,
2987,5,2,3,2,
2987,6,1,3,2,
2987,7,2,3,2,
2987,8,1,3,2,
2987,9,2,3,2,
2987,10,2,3,2,
2987,11,1,3,2,
2988,1,1,3,2,
2988,2,3,4,2,
2988,3,1,3,2,
2988,4,1,3,2,
2988,5,2,3,2,
2988,6,1,3,2,
2988,7,2,3,2,
2988,8,1,3,2,
2988,9,2,3,2,
2988,10,2,3,2,
2988,11,1,3,2,
2989,1,2,3,2,
2989,2,2,3,2,
2989,3,2,3,2,
2989,4,1,3,2,
2989,5,1,3,2,
2989,6,1,3,2,
2989,7,1,3,2,
2989,8,1,3,2,
2989,9,3,4,2,
2989,10,1,3,2,
2989,11,1,3,2,
2990,1,2,3,2,
2990,2,2,3,2,
2990,3,2,3,2,
2990,4,1,3,2,
2990,5,1,3,2,
2990,6,1,3,2,
2990,7,1,3,2,
2990,8,2,3,2,
2990,9,3,4,2,
2990,10,1,3,2,
2990,11,1,3,2,
2991,1,2,3,2,
2991,2,2,3,2,
2991,3,2,3,2,
2991,4,2,3,2,
2991,5,1,3,2,
2991,6,1,3,2,
2991,7,1,3,2,
2991,8,1,3,2,
2991,9,1,3,2,
2991,10,3,4,2,
2991,11,1,3,2,
2992,1,2,3,2,
2992,2,2,3,2,
2992,3,2,3,2,
2992,4,1,3,2,
2992,5,1,3,2,
2992,6,1,3,2,
2992,7,1,3,2,
2992,8,2,3,2,
2992,9,3,4,2,
2992,10,3,4,2,
2992,11,1,3,2,
2993,1,2,3,2,
2993,2,2,3,2,
2993,3,2,3,2,
2993,4,1,3,2,
2993,5,1,3,2,
2993,6,1,3,2,
2993,7,1,3,2,
2993,8,1,3,2,
2993,9,3,4,2,
2993,10,3,4,2,
2993,11,1,3,2,
2994,1,2,3,2,
2994,2,2,3,2,
2994,3,2,3,2,
2994,4,1,3,2,
2994,5,1,3,2,
2994,6,1,3,2,
2994,7,1,3,2,
2994,8,2,3,2,
2994,9,1,3,2,
2994,10,1,3,2,
2994,11,1,3,2,
2995,1,2,3,2,
2995,2,2,3,2,
2995,3,2,3,2,
2995,4,3,4,2,
2995,5,1,3,2,
2995,6,1,3,2,
2995,7,1,3,2,
2995,8,2,3,2,
2995,9,3,4,2,
2995,10,1,3,2,
2995,11,1,3,2,
2996,1,2,3,2,
2996,2,2,3,2,
2996,3,2,3,2,
2996,4,1,3,2,
2996,5,1,3,2,
2996,6,1,3,2,
2996,7,1,3,2,
2996,8,2,3,2,
2996,9,1,3,2,
2996,10,1,3,2,
2996,11,1,3,2,
2997,1,2,3,2,
2997,2,2,3,2,
2997,3,2,3,2,
2997,4,1,3,2,
2997,5,1,3,2,
2997,6,1,3,2,
2997,7,1,3,2,
2997,8,1,3,2,
2997,9,3,4,2,
2997,10,1,3,2,
2997,11,1,3,2,
2998,1,1,1,2,
2998,2,1,3,2,
2998,3,1,3,2,
2998,4,1,3,2,
2998,5,1,3,2,
2998,6,1,3,2,
2998,7,1,3,2,
2998,8,3,4,2,
2998,9,1,3,2,
2998,10,3,4,2,
2998,11,1,3,2,
2999,1,1,1,2,
2999,2,1,3,2,
2999,3,1,3,2,
2999,4,1,3,2,
2999,5,1,3,2,
2999,6,1,3,2,
2999,7,1,3,2,
2999,8,3,4,2,
2999,9,1,3,2,
2999,10,3,4,2,
2999,11,1,3,2,
3000,1,1,1,2,
3000,2,1,3,2,
3000,3,1,3,2,
3000,4,1,3,2,
3000,5,1,3,2,
3000,6,1,3,2,
3000,7,1,1,2,
3000,8,3,4,2,
3000,9,1,3,2,
3000,10,1,3,2,
3000,11,1,3,2,
3001,1,1,1,2,
3001,2,1,3,2,
3001,3,1,3,2,
3001,4,1,3,2,
3001,5,1,3,2,
3001,6,1,3,2,
3001,7,1,1,2,
3001,8,3,4,2,
3001,9,1,3,2,
3001,10,3,4,2,
3001,11,1,3,2,
3002,1,1,1,2,
3002,2,1,3,2,
3002,3,1,3,2,
3002,4,1,3,2,
3002,5,1,3,2,
3002,6,1,1,2,
3002,7,1,1,2,
3002,8,3,4,2,
3002,9,1,3,2,
3002,10,1,3,2,
3002,11,1,3,2,
3003,1,1,1,2,
3003,2,1,3,2,
3003,3,1,3,2,
3003,4,1,3,2,
3003,5,1,3,2,
3003,6,1,3,2,
3003,7,3,4,2,
3003,8,1,3,2,
3003,9,1,3,2,
3003,10,1,3,2,
3003,11,1,3,2,
3004,1,1,1,2,
3004,2,1,3,2,
3004,3,1,3,2,
3004,4,1,3,2,
3004,5,1,3,2,
3004,6,1,3,2,
3004,7,1,3,2,
3004,8,3,4,2,
3004,9,1,3,2,
3004,10,1,3,2,
3004,11,1,3,2,
3005,1,1,1,2,
3005,2,1,3,2,
3005,3,1,3,2,
3005,4,1,3,2,
3005,5,1,3,2,
3005,6,1,3,2,
3005,7,1,3,2,
3005,8,3,4,2,
3005,9,1,3,2,
3005,10,3,4,2,
3005,11,1,3,2,
3006,1,1,1,2,
3006,2,1,1,2,
3006,3,1,1,2,
3006,4,1,3,2,
3006,5,1,3,2,
3006,6,1,3,2,
3006,7,1,3,2,
3006,8,1,3,2,
3006,9,1,3,2,
3006,10,1,3,2,
3006,11,1,3,2,
3007,1,1,3,2,
3007,2,1,3,2,
3007,3,1,3,2,
3007,4,3,4,2,
3007,5,1,3,2,
3007,6,1,1,2,
3007,7,1,1,2,
3007,8,2,3,2,
3007,9,1,1,2,
3007,10,1,1,2,
3007,11,2,3,2,
3008,1,1,3,2,
3008,2,2,3,2,
3008,3,2,3,2,
3008,4,3,4,2,
3008,5,1,3,2,
3008,6,1,1,2,
3008,7,1,1,2,
3008,8,2,3,2,
3008,9,1,1,2,
3008,10,3,4,2,
3008,11,2,3,2,
3009,1,1,3,2,
3009,2,1,3,2,
3009,3,1,3,2,
3009,4,3,4,2,
3009,5,1,3,2,
3009,6,1,1,2,
3009,7,1,1,2,
3009,8,2,3,2,
3009,9,1,1,2,
3009,10,3,4,2,
3009,11,2,3,2,
3010,1,1,3,2,
3010,2,1,3,2,
3010,3,1,3,2,
3010,4,3,4,2,
3010,5,1,3,2,
3010,6,1,1,2,
3010,7,1,1,2,
3010,8,2,3,2,
3010,9,1,1,2,
3010,10,3,4,2,
3010,11,2,3,2,
3011,1,1,1,2,
3011,2,1,3,2,
3011,3,1,3,2,
3011,4,3,4,2,
3011,5,1,3,2,
3011,6,1,1,2,
3011,7,1,1,2,
3011,8,3,4,2,
3011,9,1,1,2,
3011,10,1,1,2,
3011,11,2,3,2,
3012,1,1,3,2,
3012,2,1,3,2,
3012,3,1,3,2,
3012,4,3,4,2,
3012,5,1,3,2,
3012,6,1,1,2,
3012,7,1,1,2,
3012,8,2,3,2,
3012,9,1,1,2,
3012,10,3,4,2,
3012,11,1,1,2,
3013,1,1,3,2,
3013,2,1,3,2,
3013,3,1,3,2,
3013,4,3,4,2,
3013,5,1,3,2,
3013,6,1,1,2,
3013,7,1,1,2,
3013,8,2,3,2,
3013,9,1,1,2,
3013,10,1,1,2,
3013,11,2,3,2,
3014,1,1,3,2,
3014,2,2,3,2,
3014,3,2,3,2,
3014,4,3,4,2,
3014,5,1,3,2,
3014,6,1,1,2,
3014,7,1,1,2,
3014,8,2,3,2,
3014,9,1,1,2,
3014,10,1,1,2,
3014,11,2,3,2,
3015,1,1,3,2,
3015,2,1,3,2,
3015,3,1,3,2,
3015,4,3,4,2,
3015,5,1,3,2,
3015,6,1,1,2,
3015,7,1,1,2,
3015,8,2,3,2,
3015,9,1,1,2,
3015,10,1,1,2,
3015,11,2,3,2,
3016,1,2,3,2,
3016,2,1,3,2,
3016,3,1,3,2,
3016,4,3,4,2,
3016,5,1,3,1,1
3016,6,1,3,2,
3016,7,1,3,2,
3016,8,2,3,2,
3016,9,1,3,2,
3016,10,1,3,2,
3016,11,1,3,2,
3017,1,2,3,2,
3017,2,1,3,2,
3017,3,1,3,2,
3017,4,3,4,2,
3017,5,1,3,2,
3017,6,1,3,2,
3017,7,1,1,2,
3017,8,2,3,2,
3017,9,1,3,2,
3017,10,1,3,2,
3017,11,1,3,2,
3018,1,2,3,2,
3018,2,1,3,2,
3018,3,1,3,2,
3018,4,3,4,2,
3018,5,1,3,2,
3018,6,1,3,2,
3018,7,1,3,2,
3018,8,2,3,2,
3018,9,1,3,2,
3018,10,1,3,2,
3018,11,1,3,2,
3019,1,2,3,2,
3019,2,1,3,2,
3019,3,1,3,2,
3019,4,3,4,2,
3019,5,1,3,2,
3019,6,1,1,2,
3019,7,1,3,2,
3019,8,2,3,2,
3019,9,1,3,2,
3019,10,1,3,2,
3019,11,1,3,2,
3020,1,2,3,2,
3020,2,1,3,2,
3020,3,1,3,2,
3020,4,1,3,2,
3020,5,1,3,2,
3020,6,1,3,2,
3020,7,1,3,2,
3020,8,2,3,2,
3020,9,1,3,2,
3020,10,1,3,2,
3020,11,1,3,2,
3021,1,2,3,2,
3021,2,1,3,2,
3021,3,1,3,2,
3021,4,3,4,2,
3021,5,1,3,2,
3021,6,1,1,2,
3021,7,1,1,2,
3021,8,2,3,2,
3021,9,1,3,2,
3021,10,3,4,2,
3021,11,1,3,2,
3022,1,2,3,2,
3022,2,1,3,2,
3022,3,1,3,2,
3022,4,1,3,2,
3022,5,1,3,2,
3022,6,1,1,2,
3022,7,1,3,2,
3022,8,2,3,2,
3022,9,1,3,2,
3022,10,1,3,2,
3022,11,1,3,2,
3023,1,2,3,2,
3023,2,1,3,2,
3023,3,1,3,2,
3023,4,3,4,2,
3023,5,1,3,2,
3023,6,1,3,2,
3023,7,1,3,2,
3023,8,2,3,2,
3023,9,1,3,2,
3023,10,1,3,2,
3023,11,1,3,2,
3024,1,2,3,2,
3024,2,1,3,2,
3024,3,1,3,2,
3024,4,3,4,2,
3024,5,1,3,2,
3024,6,1,3,2,
3024,7,1,1,2,
3024,8,2,3,2,
3024,9,1,3,2,
3024,10,1,3,2,
3024,11,1,3,2,
3025,1,1,1,2,
3025,2,1,3,2,
3025,3,1,1,2,
3025,4,1,1,2,
3025,5,1,3,2,
3025,6,3,4,2,
3025,7,1,1,2,
3025,8,3,4,2,
3025,9,3,4,2,
3025,10,3,4,2,
3025,11,2,3,2,
3026,1,1,3,2,
3026,2,1,3,2,
3026,3,1,1,2,
3026,4,3,4,2,
3026,5,1,3,2,
3026,6,1,1,2,
3026,7,1,1,2,
3026,8,3,4,2,
3026,9,2,2,2,
3026,10,3,4,2,
3026,11,3,4,2,
3027,1,1,1,2,
3027,2,1,1,2,
3027,3,1,1,2,
3027,4,3,4,2,
3027,5,1,1,2,
3027,6,3,4,2,
3027,7,3,4,2,
3027,8,3,4,2,
3027,9,3,4,2,
3027,10,1,1,2,
3027,11,1,3,2,
3028,1,1,1,2,
3028,2,1,3,2,
3028,3,1,1,2,
3028,4,1,1,2,
3028,5,1,1,2,
3028,6,3,4,2,
3028,7,1,1,2,
3028,8,3,4,2,
3028,9,2,2,2,
3028,10,2,2,2,
3028,11,2,3,2,
3029,1,1,1,2,
3029,2,1,1,2,
3029,3,1,1,2,
3029,4,1,1,2,
3029,5,1,1,2,
3029,6,1,1,2,
3029,7,1,1,2,
3029,8,3,4,2,
3029,9,1,1,2,
3029,10,3,4,2,
3029,11,1,3,2,
3030,1,1,1,2,
3030,2,1,3,2,
3030,3,1,1,2,
3030,4,3,4,2,
3030,5,1,1,2,
3030,6,3,4,2,
3030,7,3,4,2,
3030,8,3,4,2,
3030,9,2,2,2,
3030,10,2,2,2,
3030,11,2,2,2,
3031,1,1,3,2,
3031,2,1,3,2,
3031,3,1,1,2,
3031,4,3,4,2,
3031,5,1,3,2,
3031,6,3,4,2,
3031,7,3,4,2,
3031,8,3,4,2,
3031,9,2,2,2,
3031,10,2,2,2,
3031,11,1,3,2,
3032,1,1,1,2,
3032,2,1,1,2,
3032,3,1,1,2,
3032,4,1,1,2,
3032,5,1,1,2,
3032,6,3,4,2,
3032,7,1,1,2,
3032,8,3,4,2,
3032,9,2,2,2,
3032,10,2,2,2,
3032,11,2,3,2,
3033,1,1,1,2,
3033,2,1,3,2,
3033,3,1,3,2,
3033,4,1,3,2,
3033,5,1,3,2,
3033,6,3,4,2,
3033,7,1,1,2,
3033,8,3,4,2,
3033,9,2,2,2,
3033,10,2,2,2,
3033,11,2,2,2,
3034,1,1,3,2,
3034,2,1,3,2,
3034,3,1,3,2,
3034,4,1,3,2,
3034,5,1,3,2,
3034,6,1,3,2,
3034,7,3,4,2,
3034,8,3,4,2,
3034,9,2,3,2,
3034,10,1,3,2,
3034,11,1,3,2,
3035,1,1,3,2,
3035,2,1,3,2,
3035,3,1,3,2,
3035,4,1,3,2,
3035,5,1,3,2,
3035,6,3,4,2,
3035,7,3,4,2,
3035,8,3,4,2,
3035,9,2,3,2,
3035,10,3,4,2,
3035,11,1,3,2,
3036,1,1,3,2,
3036,2,1,3,2,
3036,3,1,3,2,
3036,4,1,3,2,
3036,5,1,3,2,
3036,6,1,3,2,
3036,7,3,4,2,
3036,8,3,4,2,
3036,9,3,4,2,
3036,10,3,4,2,
3036,11,1,3,2,
3037,1,1,3,2,
3037,2,1,3,2,
3037,3,1,3,2,
3037,4,1,3,2,
3037,5,1,3,2,
3037,6,1,3,2,
3037,7,1,3,2,
3037,8,3,4,2,
3037,9,2,3,2,
3037,10,1,3,2,
3037,11,1,3,2,
3038,1,1,3,2,
3038,2,1,3,2,
3038,3,1,3,2,
3038,4,1,3,2,
3038,5,1,3,2,
3038,6,3,4,2,
3038,7,1,3,2,
3038,8,3,4,2,
3038,9,3,4,2,
3038,10,3,4,2,
3038,11,1,3,2,
3039,1,1,3,2,
3039,2,1,3,2,
3039,3,1,3,2,
3039,4,1,3,2,
3039,5,1,3,2,
3039,6,3,4,2,
3039,7,3,4,2,
3039,8,3,4,2,
3039,9,3,4,2,
3039,10,1,3,2,
3039,11,1,3,2,
3040,1,1,3,2,
3040,2,1,3,2,
3040,3,1,3,2,
3040,4,1,3,2,
3040,5,1,3,2,
3040,6,3,4,2,
3040,7,3,4,2,
3040,8,3,4,2,
3040,9,3,4,2,
3040,10,3,4,2,
3040,11,1,3,2,
3041,1,1,3,2,
3041,2,1,3,2,
3041,3,1,3,2,
3041,4,1,3,2,
3041,5,1,3,2,
3041,6,1,3,2,
3041,7,3,4,2,
3041,8,3,4,2,
3041,9,2,3,2,
3041,10,3,4,2,
3041,11,1,3,2,
3042,1,1,3,2,
3042,2,1,3,2,
3042,3,1,3,2,
3042,4,1,3,2,
3042,5,1,3,2,
3042,6,1,3,2,
3042,7,3,4,2,
3042,8,3,4,2,
3042,9,3,4,2,
3042,10,3,4,2,
3042,11,1,3,2,
3043,1,1,3,2,
3043,2,1,3,2,
3043,3,1,3,2,
3043,4,3,4,2,
3043,5,1,3,2,
3043,6,1,3,2,
3043,7,1,3,2,
3043,8,3,4,2,
3043,9,1,3,2,
3043,10,1,3,2,
3043,11,1,3,2,
3044,1,1,3,2,
3044,2,1,3,2,
3044,3,1,3,2,
3044,4,1,3,2,
3044,5,1,3,2,
3044,6,1,3,2,
3044,7,1,3,2,
3044,8,3,4,2,
3044,9,1,3,2,
3044,10,1,3,2,
3044,11,1,3,2,
3045,1,1,3,2,
3045,2,1,3,2,
3045,3,1,3,2,
3045,4,1,3,2,
3045,5,1,3,2,
3045,6,1,3,2,
3045,7,1,3,2,
3045,8,3,4,2,
3045,9,1,3,2,
3045,10,1,3,2,
3045,11,1,3,2,
3046,1,1,3,2,
3046,2,1,3,2,
3046,3,1,3,2,
3046,4,1,3,2,
3046,5,1,3,2,
3046,6,1,3,2,
3046,7,1,3,2,
3046,8,3,4,2,
3046,9,1,3,2,
3046,10,1,3,2,
3046,11,1,3,2,
3047,1,1,3,2,
3047,2,1,3,2,
3047,3,1,3,2,
3047,4,1,3,2,
3047,5,1,3,2,
3047,6,1,3,2,
3047,7,1,3,2,
3047,8,3,4,2,
3047,9,1,3,2,
3047,10,1,3,2,
3047,11,1,3,2,
3048,1,1,3,2,
3048,2,1,3,2,
3048,3,1,3,2,
3048,4,1,3,2,
3048,5,1,3,2,
3048,6,1,3,2,
3048,7,1,3,2,
3048,8,1,3,2,
3048,9,1,3,2,
3048,10,1,3,2,
3048,11,1,3,2,
3049,1,1,3,2,
3049,2,1,3,2,
3049,3,1,3,2,
3049,4,1,3,2,
3049,5,1,3,2,
3049,6,1,3,2,
3049,7,1,3,2,
3049,8,3,4,2,
3049,9,1,3,2,
3049,10,1,3,2,
3049,11,1,3,2,
3050,1,1,3,2,
3050,2,1,3,2,
3050,3,1,3,2,
3050,4,1,3,2,
3050,5,1,3,2,
3050,6,1,3,2,
3050,7,1,3,2,
3050,8,3,4,2,
3050,9,1,3,2,
3050,10,1,3,2,
3050,11,1,3,2,
3051,1,1,3,2,
3051,2,1,3,2,
3051,3,1,3,2,
3051,4,1,3,2,
3051,5,1,3,2,
3051,6,1,3,2,
3051,7,1,3,2,
3051,8,3,4,2,
3051,9,1,3,2,
3051,10,1,3,2,
3051,11,1,3,2,
3052,1,1,3,2,
3052,2,1,3,2,
3052,3,1,3,2,
3052,4,1,3,2,
3052,5,1,2,2,
3052,6,1,3,2,
3052,7,3,4,2,
3052,8,3,4,2,
3052,9,3,4,2,
3052,10,2,3,2,
3052,11,2,3,2,
3053,1,3,4,2,
3053,2,3,4,2,
3053,3,1,3,2,
3053,4,3,4,2,
3053,5,2,3,1,2
3053,6,1,3,2,
3053,7,1,3,2,
3053,8,3,4,2,
3053,9,2,3,2,
3053,10,3,4,2,
3053,11,2,3,2,
3054,1,1,3,2,
3054,2,1,3,2,
3054,3,1,3,2,
3054,4,1,3,2,
3054,5,1,2,2,
3054,6,1,3,2,
3054,7,2,4,2,
3054,8,3,4,2,
3054,9,2,3,2,
3054,10,2,3,2,
3054,11,2,3,2,
3055,1,1,3,2,
3055,2,1,3,2,
3055,3,1,3,2,
3055,4,1,3,2,
3055,5,1,3,2,
3055,6,1,3,2,
3055,7,1,3,2,
3055,8,3,4,2,
3055,9,1,3,2,
3055,10,3,4,2,
3055,11,3,4,2,
3056,1,1,3,2,
3056,2,1,3,2,
3056,3,1,3,2,
3056,4,1,3,2,
3056,5,2,2,2,
3056,6,1,1,2,
3056,7,2,3,2,
3056,8,3,4,2,
3056,9,2,3,1,2
3056,10,3,4,2,
3056,11,2,3,2,
3057,1,1,3,2,
3057,2,1,3,2,
3057,3,1,3,2,
3057,4,1,3,2,
3057,5,1,3,2,
3057,6,1,3,2,
3057,7,1,3,2,
3057,8,3,4,2,
3057,9,1,3,2,
3057,10,3,4,2,
3057,11,2,2,2,
3058,1,1,3,2,
3058,2,1,3,2,
3058,3,1,3,2,
3058,4,1,3,2,
3058,5,1,3,2,
3058,6,1,3,2,
3058,7,2,3,2,
3058,8,3,4,2,
3058,9,3,4,2,
3058,10,2,3,2,
3058,11,2,3,2,
3059,1,1,3,2,
3059,2,1,3,2,
3059,3,2,3,2,
3059,4,1,3,2,
3059,5,1,3,2,
3059,6,1,3,2,
3059,7,1,3,2,
3059,8,2,3,2,
3059,9,2,3,1,2
3059,10,2,3,2,
3059,11,1,3,2,
3060,1,1,3,2,
3060,2,1,3,2,
3060,3,1,3,2,
3060,4,1,3,2,
3060,5,1,3,2,
3060,6,1,3,2,
3060,7,1,3,2,
3060,8,1,3,2,
3060,9,2,3,2,
3060,10,3,4,2,
3060,11,2,3,2,
3061,1,1,1,2,
3061,2,1,1,2,
3061,3,1,1,2,
3061,4,1,1,2,
3061,5,1,1,2,
3061,6,1,1,2,
3061,7,3,4,2,
3061,8,3,4,2,
3061,9,2,2,2,
3061,10,3,4,2,
3061,11,1,1,2,
3062,1,1,1,2,
3062,2,1,1,2,
3062,3,1,1,2,
3062,4,1,1,2,
3062,5,1,1,2,
3062,6,1,1,2,
3062,7,1,1,2,
3062,8,3,4,2,
3062,9,1,1,2,
3062,10,2,2,2,
3062,11,1,1,2,
3063,1,1,1,2,
3063,2,1,1,2,
3063,3,1,1,2,
3063,4,1,1,2,
3063,5,1,1,2,
3063,6,1,1,2,
3063,7,3,4,2,
3063,8,3,4,2,
3063,9,2,2,2,
3063,10,3,4,2,
3063,11,1,1,2,
3064,1,1,1,2,
3064,2,1,1,2,
3064,3,1,1,2,
3064,4,1,1,2,
3064,5,1,1,2,
3064,6,1,1,2,
3064,7,1,1,2,
3064,8,3,4,2,
3064,9,1,1,2,
3064,10,1,1,2,
3064,11,1,1,2,
3065,1,1,1,2,
3065,2,1,1,2,
3065,3,1,1,2,
3065,4,1,1,2,
3065,5,1,1,2,
3065,6,1,1,2,
3065,7,1,1,2,
3065,8,3,4,2,
3065,9,2,2,2,
3065,10,3,4,2,
3065,11,1,1,2,
3066,1,1,1,2,
3066,2,1,1,2,
3066,3,1,1,2,
3066,4,1,1,2,
3066,5,1,1,2,
3066,6,1,1,2,
3066,7,1,1,2,
3066,8,3,4,2,
3066,9,2,2,2,
3066,10,2,2,2,
3066,11,1,1,2,
3067,1,1,1,2,
3067,2,1,1,2,
3067,3,1,1,2,
3067,4,1,1,2,
3067,5,1,1,2,
3067,6,1,1,2,
3067,7,1,1,2,
3067,8,3,4,2,
3067,9,2,2,2,
3067,10,3,4,2,
3067,11,1,1,2,
3068,1,1,1,2,
3068,2,1,1,2,
3068,3,1,1,2,
3068,4,1,1,2,
3068,5,1,1,2,
3068,6,1,1,2,
3068,7,2,2,2,
3068,8,3,4,2,
3068,9,2,2,2,
3068,10,3,4,2,
3068,11,1,1,2,
3069,1,1,1,2,
3069,2,1,1,2,
3069,3,1,1,2,
3069,4,1,1,2,
3069,5,1,1,2,
3069,6,1,1,2,
3069,7,2,2,2,
3069,8,3,4,2,
3069,9,2,2,2,
3069,10,3,4,2,
3069,11,1,1,2,
3070,1,1,3,2,
3070,2,1,3,2,
3070,3,1,3,2,
3070,4,1,3,2,
3070,5,1,3,2,
3070,6,3,4,2,
3070,7,3,4,2,
3070,8,3,4,2,
3070,9,1,3,2,
3070,10,3,4,2,
3070,11,3,4,2,
3071,1,1,3,2,
3071,2,1,3,2,
3071,3,1,3,2,
3071,4,1,3,2,
3071,5,1,3,2,
3071,6,1,3,2,
3071,7,1,3,2,
3071,8,3,4,2,
3071,9,1,3,2,
3071,10,2,3,2,
3071,11,1,3,2,
3072,1,1,3,2,
3072,2,1,3,2,
3072,3,1,3,2,
3072,4,1,3,2,
3072,5,1,3,2,
3072,6,3,4,2,
3072,7,1,3,2,
3072,8,3,4,2,
3072,9,3,4,2,
3072,10,3,4,2,
3072,11,1,3,2,
3073,1,1,3,2,
3073,2,1,3,2,
3073,3,1,3,2,
3073,4,1,3,2,
3073,5,1,3,2,
3073,6,1,3,2,
3073,7,1,3,2,
3073,8,3,4,2,
3073,9,1,3,2,
3073,10,1,3,2,
3073,11,1,3,2,
3074,1,1,3,2,
3074,2,1,3,2,
3074,3,1,3,2,
3074,4,1,3,2,
3074,5,1,3,2,
3074,6,3,4,2,
3074,7,1,3,2,
3074,8,3,4,2,
3074,9,1,3,2,
3074,10,3,4,2,
3074,11,1,3,2,
3075,1,1,3,2,
3075,2,1,3,2,
3075,3,1,3,2,
3075,4,1,3,2,
3075,5,1,3,2,
3075,6,1,3,2,
3075,7,1,3,2,
3075,8,3,4,2,
3075,9,2,3,2,
3075,10,2,3,2,
3075,11,2,3,2,
3076,1,1,3,2,
3076,2,1,3,2,
3076,3,1,3,2,
3076,4,1,3,2,
3076,5,1,3,2,
3076,6,2,3,2,
3076,7,1,3,2,
3076,8,3,4,2,
3076,9,1,3,2,
3076,10,2,2,2,
3076,11,1,3,2,
3077,1,1,3,2,
3077,2,1,3,2,
3077,3,1,3,2,
3077,4,1,3,2,
3077,5,1,3,2,
3077,6,1,3,2,
3077,7,1,3,2,
3077,8,3,4,2,
3077,9,1,3,2,
3077,10,2,2,2,
3077,11,2,2,2,
3078,1,1,3,2,
3078,2,1,3,2,
3078,3,1,3,2,
3078,4,1,3,2,
3078,5,1,3,2,
3078,6,3,4,2,
3078,7,1,3,2,
3078,8,3,4,2,
3078,9,1,3,2,
3078,10,3,4,2,
3078,11,1,3,2,
3079,1,1,3,2,
3079,2,2,2,1,2
3079,3,1,3,2,
3079,4,1,3,2,
3079,5,1,3,2,
3079,6,1,3,2,
3079,7,3,4,2,
3079,8,3,4,2,
3079,9,2,2,2,
3079,10,1,3,2,
3079,11,1,3,2,
3080,1,1,3,2,
3080,2,1,2,1,1
3080,3,1,3,2,
3080,4,1,3,2,
3080,5,1,3,2,
3080,6,1,3,2,
3080,7,1,3,2,
3080,8,3,4,2,
3080,9,1,3,2,
3080,10,1,3,2,
3080,11,1,3,2,
3081,1,1,3,2,
3081,2,1,3,2,
3081,3,1,3,2,
3081,4,1,3,2,
3081,5,1,3,2,
3081,6,1,3,2,
3081,7,1,3,2,
3081,8,3,4,2,
3081,9,1,3,2,
3081,10,3,4,2,
3081,11,1,3,2,
3082,1,1,3,2,
3082,2,1,3,2,
3082,3,1,3,2,
3082,4,3,4,2,
3082,5,1,3,2,
3082,6,1,3,2,
3082,7,1,3,2,
3082,8,3,4,2,
3082,9,1,3,2,
3082,10,3,4,2,
3082,11,1,3,2,
3083,1,1,3,2,
3083,2,1,3,2,
3083,3,1,3,2,
3083,4,1,3,2,
3083,5,1,3,2,
3083,6,1,3,2,
3083,7,1,3,2,
3083,8,3,4,2,
3083,9,1,3,2,
3083,10,1,3,2,
3083,11,1,3,2,
3084,1,1,3,2,
3084,2,1,3,2,
3084,3,1,3,2,
3084,4,1,3,2,
3084,5,1,3,2,
3084,6,1,2,1,2
3084,7,1,3,2,
3084,8,3,3,2,
3084,9,1,3,2,
3084,10,3,3,2,
3084,11,1,3,2,
3085,1,1,3,2,
3085,2,1,3,2,
3085,3,1,3,2,
3085,4,1,3,2,
3085,5,1,3,2,
3085,6,1,3,2,
3085,7,3,4,2,
3085,8,3,4,2,
3085,9,1,3,2,
3085,10,3,4,2,
3085,11,1,3,2,
3086,1,1,3,2,
3086,2,1,3,2,
3086,3,1,3,2,
3086,4,3,4,2,
3086,5,1,3,2,
3086,6,1,3,2,
3086,7,1,3,2,
3086,8,3,4,2,
3086,9,1,3,2,
3086,10,3,4,2,
3086,11,2,2,2,
3087,1,1,3,2,
3087,2,1,3,2,
3087,3,2,3,1,2
3087,4,1,3,2,
3087,5,1,3,2,
3087,6,1,3,2,
3087,7,2,2,2,
3087,8,3,4,2,
3087,9,1,3,2,
3087,10,3,4,2,
3087,11,1,3,2,
3088,1,2,3,2,
3088,2,1,3,2,
3088,3,1,3,2,
3088,4,1,3,2,
3088,5,1,3,2,
3088,6,1,3,2,
3088,7,1,3,2,
3088,8,3,4,2,
3088,9,2,3,2,
3088,10,3,4,2,
3088,11,2,3,2,
3089,1,2,3,2,
3089,2,1,3,2,
3089,3,2,3,2,
3089,4,1,3,2,
3089,5,1,3,2,
3089,6,3,4,2,
3089,7,3,4,2,
3089,8,3,4,2,
3089,9,2,3,2,
3089,10,2,3,2,
3089,11,2,3,2,
3090,1,1,3,2,
3090,2,1,3,2,
3090,3,1,3,2,
3090,4,1,3,2,
3090,5,1,3,2,
3090,6,1,3,2,
3090,7,1,3,2,
3090,8,3,4,2,
3090,9,2,3,2,
3090,10,3,4,2,
3090,11,1,3,2,
3091,1,2,3,2,
3091,2,1,3,2,
3091,3,1,3,2,
3091,4,1,3,2,
3091,5,1,3,2,
3091,6,3,4,2,
3091,7,1,3,2,
3091,8,3,4,2,
3091,9,2,3,2,
3091,10,2,3,2,
3091,11,2,3,2,
3092,1,1,3,2,
3092,2,1,3,2,
3092,3,1,3,2,
3092,4,3,4,2,
3092,5,1,3,2,
3092,6,3,4,2,
3092,7,1,3,2,
3092,8,3,4,2,
3092,9,2,3,2,
3092,10,3,4,2,
3092,11,2,3,2,
3093,1,2,3,2,
3093,2,1,3,2,
3093,3,2,3,2,
3093,4,1,3,2,
3093,5,1,3,2,
3093,6,1,3,2,
3093,7,1,3,2,
3093,8,3,4,2,
3093,9,2,3,2,
3093,10,3,4,2,
3093,11,2,3,2,
3094,1,1,3,2,
3094,2,1,3,2,
3094,3,1,3,2,
3094,4,1,3,2,
3094,5,1,3,2,
3094,6,3,4,2,
3094,7,1,3,2,
3094,8,3,4,2,
3094,9,2,3,2,
3094,10,2,3,2,
3094,11,2,3,2,
3095,1,1,3,2,
3095,2,1,3,2,
3095,3,1,3,2,
3095,4,1,3,2,
3095,5,1,3,2,
3095,6,3,4,2,
3095,7,1,3,2,
3095,8,3,4,2,
3095,9,2,3,2,
3095,10,2,3,2,
3095,11,2,3,2,
3096,1,1,3,2,
3096,2,1,3,2,
3096,3,1,3,2,
3096,4,1,3,2,
3096,5,1,3,2,
3096,6,1,3,2,
3096,7,1,3,2,
3096,8,3,4,2,
3096,9,2,3,2,
3096,10,2,3,2,
3096,11,2,3,2,
3097,1,1,3,2,
3097,2,1,3,2,
3097,3,1,3,2,
3097,4,1,3,2,
3097,5,1,3,2,
3097,6,1,3,2,
3097,7,1,3,2,
3097,8,3,4,2,
3097,9,1,3,2,
3097,10,1,3,2,
3097,11,2,2,1,2
3098,1,1,3,2,
3098,2,1,3,2,
3098,3,1,3,2,
3098,4,1,3,2,
3098,5,1,3,2,
3098,6,1,3,2,
3098,7,1,3,2,
3098,8,3,4,2,
3098,9,1,3,2,
3098,10,3,4,2,
3098,11,1,3,2,
3099,1,1,3,2,
3099,2,1,3,2,
3099,3,1,3,2,
3099,4,1,3,2,
3099,5,2,2,2,
3099,6,1,3,2,
3099,7,1,3,2,
3099,8,3,4,2,
3099,9,2,2,2,
3099,10,3,4,2,
3099,11,1,3,2,
3100,1,1,3,2,
3100,2,1,3,2,
3100,3,1,3,2,
3100,4,1,3,2,
3100,5,1,3,2,
3100,6,1,3,2,
3100,7,1,3,2,
3100,8,1,3,2,
3100,9,1,3,2,
3100,10,1,3,2,
3100,11,1,3,2,
3101,1,1,3,2,
3101,2,1,3,2,
3101,3,1,3,2,
3101,4,1,3,2,
3101,5,1,3,2,
3101,6,1,3,2,
3101,7,1,3,2,
3101,8,3,4,2,
3101,9,1,3,2,
3101,10,3,4,2,
3101,11,1,3,2,
3102,1,1,3,2,
3102,2,1,3,2,
3102,3,1,3,2,
3102,4,3,4,2,
3102,5,1,3,2,
3102,6,1,3,2,
3102,7,1,3,2,
3102,8,3,4,2,
3102,9,1,3,2,
3102,10,1,3,2,
3102,11,1,3,2,
3103,1,1,3,2,
3103,2,1,3,2,
3103,3,1,3,2,
3103,4,1,3,2,
3103,5,1,3,2,
3103,6,1,3,2,
3103,7,1,3,2,
3103,8,3,4,2,
3103,9,1,3,2,
3103,10,2,2,1,2
3103,11,2,2,1,2
3104,1,1,3,2,
3104,2,1,3,2,
3104,3,1,3,2,
3104,4,1,3,2,
3104,5,1,3,2,
3104,6,1,3,2,
3104,7,3,4,2,
3104,8,1,3,2,
3104,9,3,4,2,
3104,10,2,2,1,2
3104,11,3,4,2,
3105,1,1,3,2,
3105,2,1,3,2,
3105,3,1,3,2,
3105,4,1,3,2,
3105,5,2,2,1,2
3105,6,1,3,2,
3105,7,1,3,2,
3105,8,3,4,2,
3105,9,2,2,2,
3105,10,3,4,2,
3105,11,1,3,2,
3106,1,1,3,2,
3106,2,1,3,2,
3106,3,1,3,2,
3106,4,1,3,2,
3106,5,1,3,2,
3106,6,1,3,2,
3106,7,1,3,2,
3106,8,3,4,2,
3106,9,1,3,2,
3106,10,1,3,2,
3106,11,1,3,2,
3107,1,1,3,2,
3107,2,1,3,2,
3107,3,1,3,2,
3107,4,1,3,2,
3107,5,1,3,2,
3107,6,1,3,2,
3107,7,1,3,2,
3107,8,3,4,2,
3107,9,1,3,2,
3107,10,1,3,2,
3107,11,1,3,2,
3108,1,1,3,2,
3108,2,1,3,2,
3108,3,1,3,2,
3108,4,1,3,2,
3108,5,1,3,2,
3108,6,1,3,2,
3108,7,1,3,2,
3108,8,3,4,2,
3108,9,1,3,2,
3108,10,1,3,2,
3108,11,1,3,2,
3109,1,1,3,2,
3109,2,1,3,2,
3109,3,1,3,2,
3109,4,1,3,2,
3109,5,1,3,2,
3109,6,1,3,2,
3109,7,1,3,2,
3109,8,3,4,2,
3109,9,1,3,2,
3109,10,1,3,2,
3109,11,1,3,2,
3110,1,1,3,2,
3110,2,1,3,2,
3110,3,1,3,2,
3110,4,1,3,2,
3110,5,1,3,2,
3110,6,1,3,2,
3110,7,1,3,2,
3110,8,3,4,2,
3110,9,1,3,2,
3110,10,1,3,2,
3110,11,1,3,2,
3111,1,1,3,2,
3111,2,1,3,2,
3111,3,1,3,2,
3111,4,1,3,2,
3111,5,1,3,2,
3111,6,1,3,2,
3111,7,1,3,2,
3111,8,3,4,2,
3111,9,1,3,2,
3111,10,1,3,2,
3111,11,1,3,2,
3112,1,1,3,2,
3112,2,1,3,2,
3112,3,1,3,2,
3112,4,1,3,2,
3112,5,1,3,2,
3112,6,1,3,2,
3112,7,1,3,2,
3112,8,3,4,2,
3112,9,1,3,2,
3112,10,1,3,2,
3112,11,1,3,2,
3113,1,1,3,2,
3113,2,1,3,2,
3113,3,1,3,2,
3113,4,1,3,2,
3113,5,1,3,2,
3113,6,1,3,2,
3113,7,1,3,2,
3113,8,3,4,2,
3113,9,1,3,2,
3113,10,1,3,2,
3113,11,1,3,2,
3114,1,1,3,2,
3114,2,1,3,2,
3114,3,1,3,2,
3114,4,1,3,2,
3114,5,1,3,2,
3114,6,1,3,2,
3114,7,1,3,2,
3114,8,3,4,2,
3114,9,1,3,2,
3114,10,1,3,2,
3114,11,1,3,2,
3115,1,2,3,2,
3115,2,1,3,2,
3115,3,1,3,2,
3115,4,1,3,2,
3115,5,1,3,2,
3115,6,1,3,2,
3115,7,1,3,2,
3115,8,3,4,2,
3115,9,2,3,2,
3115,10,1,3,2,
3115,11,1,3,2,
3116,1,1,3,2,
3116,2,1,3,2,
3116,3,2,3,2,
3116,4,1,3,2,
3116,5,1,3,2,
3116,6,1,3,2,
3116,7,1,3,2,
3116,8,3,4,2,
3116,9,1,3,2,
3116,10,1,3,2,
3116,11,2,3,2,
3117,1,1,3,2,
3117,2,1,3,2,
3117,3,1,3,2,
3117,4,1,3,2,
3117,5,1,3,2,
3117,6,1,3,2,
3117,7,1,3,2,
3117,8,3,4,2,
3117,9,1,3,2,
3117,10,1,3,2,
3117,11,1,3,2,
3118,1,2,3,1,1
3118,2,1,3,2,
3118,3,1,3,2,
3118,4,1,3,2,
3118,5,1,3,2,
3118,6,1,3,2,
3118,7,1,3,2,
3118,8,3,4,2,
3118,9,2,3,2,
3118,10,1,3,2,
3118,11,1,3,2,
3119,1,1,3,2,
3119,2,1,3,2,
3119,3,1,3,2,
3119,4,1,3,2,
3119,5,1,3,2,
3119,6,1,3,2,
3119,7,1,3,2,
3119,8,3,4,2,
3119,9,1,3,2,
3119,10,1,3,2,
3119,11,1,3,2,
3120,1,1,3,2,
3120,2,1,3,2,
3120,3,1,3,2,
3120,4,1,3,2,
3120,5,1,3,2,
3120,6,1,3,2,
3120,7,1,3,2,
3120,8,3,4,2,
3120,9,1,3,2,
3120,10,2,3,2,
3120,11,1,3,2,
3121,1,1,3,2,
3121,2,1,3,2,
3121,3,2,3,2,
3121,4,1,3,2,
3121,5,1,3,2,
3121,6,1,3,2,
3121,7,1,3,2,
3121,8,3,4,2,
3121,9,1,3,2,
3121,10,1,3,2,
3121,11,1,3,2,
3122,1,1,3,2,
3122,2,1,3,2,
3122,3,1,3,2,
3122,4,1,3,2,
3122,5,1,3,2,
3122,6,1,3,2,
3122,7,1,3,2,
3122,8,3,4,2,
3122,9,1,3,2,
3122,10,1,3,2,
3122,11,1,3,2,
3123,1,1,3,2,
3123,2,1,3,2,
3123,3,1,3,2,
3123,4,1,3,2,
3123,5,1,3,2,
3123,6,1,3,2,
3123,7,1,3,2,
3123,8,3,4,2,
3123,9,1,3,2,
3123,10,1,3,2,
3123,11,1,3,2,
3124,1,1,3,2,
3124,2,1,3,2,
3124,3,1,3,2,
3124,4,1,3,2,
3124,5,1,3,2,
3124,6,1,3,2,
3124,7,1,3,2,
3124,8,3,4,2,
3124,9,1,3,2,
3124,10,3,4,2,
3124,11,2,3,2,
3125,1,1,3,2,
3125,2,1,3,2,
3125,3,1,3,2,
3125,4,1,3,2,
3125,5,1,3,2,
3125,6,1,3,2,
3125,7,3,4,2,
3125,8,3,4,2,
3125,9,1,3,2,
3125,10,3,4,2,
3125,11,1,3,2,
3126,1,1,3,2,
3126,2,1,3,2,
3126,3,1,3,2,
3126,4,1,3,2,
3126,5,1,3,2,
3126,6,2,3,2,
3126,7,1,3,2,
3126,8,3,4,2,
3126,9,1,3,2,
3126,10,3,4,2,
3126,11,1,3,2,
3127,1,1,3,2,
3127,2,1,3,2,
3127,3,1,3,2,
3127,4,1,3,2,
3127,5,1,3,2,
3127,6,3,4,2,
3127,7,3,4,2,
3127,8,3,4,2,
3127,9,1,3,2,
3127,10,1,3,2,
3127,11,1,3,2,
3128,1,1,3,2,
3128,2,1,3,2,
3128,3,1,3,2,
3128,4,1,3,2,
3128,5,1,3,2,
3128,6,1,3,2,
3128,7,1,3,2,
3128,8,3,4,2,
3128,9,2,3,2,
3128,10,2,3,2,
3128,11,1,3,2,
3129,1,1,3,2,
3129,2,1,3,2,
3129,3,1,3,2,
3129,4,1,3,2,
3129,5,1,3,2,
3129,6,1,3,2,
3129,7,1,3,2,
3129,8,3,4,2,
3129,9,1,3,2,
3129,10,3,4,2,
3129,11,1,3,2,
3130,1,1,3,2,
3130,2,1,3,2,
3130,3,1,3,2,
3130,4,3,4,2,
3130,5,1,3,2,
3130,6,1,3,2,
3130,7,1,3,2,
3130,8,3,4,2,
3130,9,2,3,2,
3130,10,3,4,2,
3130,11,1,3,2,
3131,1,1,3,2,
3131,2,1,3,2,
3131,3,1,3,2,
3131,4,3,4,2,
3131,5,1,3,2,
3131,6,3,4,2,
3131,7,1,3,2,
3131,8,3,4,2,
3131,9,1,3,2,
3131,10,3,4,2,
3131,11,1,3,2,
3132,1,1,3,2,
3132,2,1,3,2,
3132,3,1,3,2,
3132,4,1,3,2,
3132,5,1,3,2,
3132,6,3,4,2,
3132,7,3,4,2,
3132,8,3,4,2,
3132,9,1,3,2,
3132,10,3,4,2,
3132,11,1,3,2,
3133,1,1,1,2,
3133,2,1,3,2,
3133,3,1,3,2,
3133,4,1,3,2,
3133,5,1,3,2,
3133,6,1,1,2,
3133,7,1,1,2,
3133,8,3,4,2,
3133,9,1,1,2,
3133,10,1,1,2,
3133,11,1,1,2,
3134,1,1,3,2,
3134,2,1,3,2,
3134,3,1,3,2,
3134,4,1,3,2,
3134,5,1,3,2,
3134,6,1,1,2,
3134,7,1,1,2,
3134,8,3,4,2,
3134,9,1,1,2,
3134,10,1,1,2,
3134,11,1,1,2,
3135,1,1,3,2,
3135,2,1,3,2,
3135,3,1,1,2,
3135,4,1,3,2,
3135,5,1,3,2,
3135,6,1,3,2,
3135,7,1,1,2,
3135,8,3,4,2,
3135,9,1,3,2,
3135,10,1,1,2,
3135,11,1,1,2,
3136,1,1,1,2,
3136,2,1,3,2,
3136,3,1,1,2,
3136,4,1,1,2,
3136,5,1,3,2,
3136,6,1,1,2,
3136,7,3,4,2,
3136,8,3,4,2,
3136,9,3,4,2,
3136,10,3,4,2,
3136,11,3,4,2,
3137,1,1,1,2,
3137,2,1,1,2,
3137,3,1,1,2,
3137,4,1,1,2,
3137,5,1,1,2,
3137,6,1,1,2,
3137,7,1,1,2,
3137,8,3,4,2,
3137,9,1,1,2,
3137,10,1,1,2,
3137,11,1,1,2,
3138,1,1,1,2,
3138,2,1,3,2,
3138,3,1,3,2,
3138,4,1,3,2,
3138,5,1,3,2,
3138,6,1,1,2,
3138,7,1,1,2,
3138,8,3,4,2,
3138,9,3,4,2,
3138,10,3,4,2,
3138,11,1,1,2,
3139,1,1,3,2,
3139,2,1,3,2,
3139,3,1,3,2,
3139,4,1,3,2,
3139,5,1,3,2,
3139,6,1,3,2,
3139,7,3,4,2,
3139,8,3,4,2,
3139,9,1,1,2,
3139,10,3,4,2,
3139,11,3,4,2,
3140,1,1,1,2,
3140,2,1,1,2,
3140,3,1,1,2,
3140,4,1,1,2,
3140,5,1,1,2,
3140,6,1,1,2,
3140,7,1,1,2,
3140,8,3,4,2,
3140,9,1,1,2,
3140,10,1,1,2,
3140,11,1,1,2,
3141,1,1,3,2,
3141,2,1,3,2,
3141,3,1,1,2,
3141,4,1,1,2,
3141,5,1,1,2,
3141,6,1,1,2,
3141,7,1,1,2,
3141,8,3,4,2,
3141,9,1,1,2,
3141,10,1,1,2,
3141,11,1,1,2,
3142,1,1,3,2,
3142,2,1,3,2,
3142,3,1,3,2,
3142,4,2,2,2,
3142,5,2,2,2,
3142,6,2,3,2,
3142,7,1,1,2,
3142,8,3,4,2,
3142,9,2,3,2,
3142,10,2,3,2,
3142,11,1,1,2,
3143,1,1,3,2,
3143,2,1,1,2,
3143,3,1,1,2,
3143,4,2,3,2,
3143,5,2,3,2,
3143,6,2,3,2,
3143,7,2,1,2,
3143,8,3,4,2,
3143,9,2,3,2,
3143,10,2,3,2,
3143,11,1,3,2,
3144,1,2,3,2,
3144,2,1,3,2,
3144,3,2,3,2,
3144,4,2,2,2,
3144,5,1,1,2,
3144,6,2,3,2,
3144,7,1,1,2,
3144,8,3,4,2,
3144,9,2,3,2,
3144,10,2,3,2,
3144,11,1,1,2,
3145,1,2,3,2,
3145,2,2,3,2,
3145,3,2,1,2,
3145,4,2,1,2,
3145,5,2,1,2,
3145,6,2,3,2,
3145,7,1,1,2,
3145,8,2,3,2,
3145,9,1,3,2,
3145,10,1,3,2,
3145,11,1,1,2,
3146,1,2,3,2,
3146,2,2,3,2,
3146,3,2,1,2,
3146,4,2,3,2,
3146,5,2,1,2,
3146,6,2,3,2,
3146,7,2,1,2,
3146,8,2,3,2,
3146,9,2,3,2,
3146,10,2,3,2,
3146,11,1,1,2,
3147,1,2,3,2,
3147,2,1,3,2,
3147,3,1,1,2,
3147,4,2,1,2,
3147,5,2,3,2,
3147,6,2,3,2,
3147,7,2,1,2,
3147,8,2,2,2,
3147,9,2,2,2,
3147,10,2,3,2,
3147,11,1,1,2,
3148,1,1,3,2,
3148,2,1,1,2,
3148,3,2,3,2,
3148,4,2,3,2,
3148,5,1,1,2,
3148,6,2,3,2,
3148,7,1,1,2,
3148,8,2,3,2,
3148,9,1,3,2,
3148,10,1,3,2,
3148,11,1,1,2,
3149,1,2,3,2,
3149,2,1,3,2,
3149,3,1,1,2,
3149,4,1,1,2,
3149,5,1,3,2,
3149,6,2,3,2,
3149,7,1,1,2,
3149,8,2,3,2,
3149,9,2,2,2,
3149,10,1,2,2,
3149,11,1,1,2,
3150,1,2,3,2,
3150,2,2,3,2,
3150,3,2,3,2,
3150,4,2,3,2,
3150,5,1,3,2,
3150,6,2,1,2,
3150,7,1,1,2,
3150,8,2,3,2,
3150,9,1,3,2,
3150,10,2,1,2,
3150,11,1,1,2,
3151,1,1,3,2,
3151,2,3,4,2,
3151,3,1,3,2,
3151,4,3,4,2,
3151,5,1,3,2,
3151,6,3,4,2,
3151,7,3,4,2,
3151,8,2,3,2,
3151,9,3,4,2,
3151,10,1,3,2,
3151,11,1,3,2,
3152,1,1,3,2,
3152,2,3,4,2,
3152,3,1,3,2,
3152,4,3,4,2,
3152,5,1,3,2,
3152,6,3,4,2,
3152,7,3,4,2,
3152,8,2,3,2,
3152,9,1,3,2,
3152,10,3,4,2,
3152,11,3,4,2,
3153,1,1,3,2,
3153,2,3,4,2,
3153,3,1,3,2,
3153,4,2,3,2,
3153,5,1,3,2,
3153,6,3,4,2,
3153,7,3,4,2,
3153,8,2,3,2,
3153,9,1,3,2,
3153,10,1,3,2,
3153,11,1,3,2,
3154,1,1,3,2,
3154,2,3,4,2,
3154,3,1,3,2,
3154,4,3,4,2,
3154,5,1,3,2,
3154,6,3,4,2,
3154,7,3,4,2,
3154,8,2,3,2,
3154,9,3,4,2,
3154,10,3,4,2,
3154,11,1,3,2,
3155,1,1,3,2,
3155,2,3,4,2,
3155,3,1,3,2,
3155,4,3,4,2,
3155,5,1,3,2,
3155,6,3,4,2,
3155,7,1,3,2,
3155,8,2,3,2,
3155,9,3,4,2,
3155,10,3,4,2,
3155,11,1,3,2,
3156,1,1,3,2,
3156,2,3,4,2,
3156,3,1,3,2,
3156,4,3,4,2,
3156,5,1,3,2,
3156,6,3,4,2,
3156,7,1,3,2,
3156,8,2,3,2,
3156,9,3,4,2,
3156,10,1,3,2,
3156,11,1,3,2,
3157,1,1,3,2,
3157,2,3,4,2,
3157,3,1,3,2,
3157,4,3,4,2,
3157,5,1,3,2,
3157,6,3,4,2,
3157,7,3,4,2,
3157,8,2,3,2,
3157,9,1,3,2,
3157,10,1,3,2,
3157,11,1,3,2,
3158,1,1,3,2,
3158,2,3,4,2,
3158,3,1,3,2,
3158,4,3,4,2,
3158,5,1,3,2,
3158,6,3,4,2,
3158,7,1,3,2,
3158,8,2,3,2,
3158,9,3,4,2,
3158,10,3,4,2,
3158,11,1,3,2,
3159,1,1,3,2,
3159,2,3,4,2,
3159,3,2,3,2,
3159,4,3,4,2,
3159,5,1,3,2,
3159,6,3,4,2,
3159,7,3,4,2,
3159,8,2,3,2,
3159,9,1,3,2,
3159,10,3,4,2,
3159,11,1,3,2,
3160,1,2,3,2,
3160,2,1,3,2,
3160,3,2,3,2,
3160,4,2,3,2,
3160,5,1,3,2,
3160,6,3,4,2,
3160,7,1,3,2,
3160,8,1,3,2,
3160,9,1,3,2,
3160,10,3,4,2,
3160,11,3,4,2,
3161,1,2,3,2,
3161,2,1,3,2,
3161,3,2,3,2,
3161,4,3,4,2,
3161,5,1,3,2,
3161,6,3,4,2,
3161,7,1,3,2,
3161,8,1,3,2,
3161,9,3,4,2,
3161,10,1,3,2,
3161,11,1,3,2,
3162,1,2,3,2,
3162,2,1,3,2,
3162,3,2,3,2,
3162,4,3,4,2,
3162,5,1,3,2,
3162,6,3,4,2,
3162,7,3,4,2,
3162,8,1,3,2,
3162,9,3,4,2,
3162,10,1,3,2,
3162,11,1,3,2,
3163,1,2,3,2,
3163,2,1,3,2,
3163,3,2,3,2,
3163,4,3,4,2,
3163,5,1,3,2,
3163,6,3,4,2,
3163,7,1,3,2,
3163,8,1,3,2,
3163,9,1,3,2,
3163,10,3,4,2,
3163,11,1,3,2,
3164,1,2,3,2,
3164,2,3,4,2,
3164,3,2,3,2,
3164,4,3,4,2,
3164,5,1,3,2,
3164,6,3,4,2,
3164,7,1,3,2,
3164,8,1,3,2,
3164,9,3,4,2,
3164,10,3,4,2,
3164,11,1,3,2,
3165,1,2,3,2,
3165,2,1,3,2,
3165,3,2,3,2,
3165,4,3,4,2,
3165,5,1,3,2,
3165,6,3,4,2,
3165,7,3,4,2,
3165,8,1,3,2,
3165,9,1,3,2,
3165,10,1,3,2,
3165,11,1,3,2,
3166,1,2,3,2,
3166,2,1,3,2,
3166,3,2,3,2,
3166,4,3,4,2,
3166,5,1,3,2,
3166,6,3,4,2,
3166,7,1,3,2,
3166,8,1,3,2,
3166,9,3,4,2,
3166,10,3,4,2,
3166,11,1,3,2,
3167,1,2,3,2,
3167,2,1,3,2,
3167,3,2,3,2,
3167,4,3,4,2,
3167,5,1,3,2,
3167,6,3,4,2,
3167,7,1,3,2,
3167,8,1,3,2,
3167,9,3,4,2,
3167,10,3,4,2,
3167,11,1,3,2,
3168,1,2,3,2,
3168,2,1,3,2,
3168,3,2,3,2,
3168,4,3,4,2,
3168,5,1,3,2,
3168,6,3,4,2,
3168,7,1,3,2,
3168,8,1,3,2,
3168,9,1,3,2,
3168,10,3,4,2,
3168,11,3,4,2,
3169,1,1,3,2,
3169,2,3,4,2,
3169,3,2,3,2,
3169,4,3,4,2,
3169,5,1,3,2,
3169,6,1,3,2,
3169,7,1,3,2,
3169,8,1,3,2,
3169,9,1,3,2,
3169,10,3,4,2,
3169,11,2,3,2,
3170,1,1,3,2,
3170,2,3,4,2,
3170,3,2,3,2,
3170,4,3,4,2,
3170,5,1,3,2,
3170,6,1,3,2,
3170,7,1,3,2,
3170,8,1,3,2,
3170,9,3,4,2,
3170,10,3,4,2,
3170,11,2,3,2,
3171,1,1,3,2,
3171,2,3,4,2,
3171,3,2,3,2,
3171,4,3,4,2,
3171,5,1,3,2,
3171,6,1,3,2,
3171,7,1,3,2,
3171,8,1,1,2,
3171,9,1,1,2,
3171,10,2,3,2,
3171,11,2,3,2,
3172,1,1,3,2,
3172,2,3,4,2,
3172,3,2,3,2,
3172,4,3,4,2,
3172,5,1,3,2,
3172,6,1,3,2,
3172,7,1,3,2,
3172,8,1,3,2,
3172,9,1,3,2,
3172,10,3,4,2,
3172,11,2,3,2,
3173,1,1,1,2,
3173,2,3,4,2,
3173,3,2,3,2,
3173,4,3,4,2,
3173,5,1,3,2,
3173,6,1,3,2,
3173,7,1,3,2,
3173,8,1,1,2,
3173,9,1,3,2,
3173,10,2,3,2,
3173,11,2,3,2,
3174,1,1,1,2,
3174,2,2,3,2,
3174,3,2,3,2,
3174,4,3,4,2,
3174,5,1,3,2,
3174,6,1,3,2,
3174,7,1,3,2,
3174,8,1,1,2,
3174,9,3,4,2,
3174,10,3,4,2,
3174,11,3,4,2,
3175,1,1,3,2,
3175,2,2,3,2,
3175,3,2,3,2,
3175,4,3,4,2,
3175,5,1,3,2,
3175,6,1,3,2,
3175,7,1,3,2,
3175,8,1,1,2,
3175,9,1,3,2,
3175,10,2,2,2,
3175,11,2,2,2,
3176,1,1,3,2,
3176,2,1,3,2,
3176,3,2,3,2,
3176,4,3,4,2,
3176,5,1,3,2,
3176,6,1,3,2,
3176,7,1,3,2,
3176,8,1,3,2,
3176,9,1,3,2,
3176,10,1,3,2,
3176,11,2,3,2,
3177,1,1,1,2,
3177,2,2,3,2,
3177,3,2,3,2,
3177,4,3,4,2,
3177,5,1,1,2,
3177,6,1,3,2,
3177,7,1,3,2,
3177,8,1,1,2,
3177,9,1,3,2,
3177,10,3,3,2,
3177,11,1,3,2,
3178,1,1,1,2,
3178,2,2,3,2,
3178,3,1,1,2,
3178,4,3,4,2,
3178,5,1,1,2,
3178,6,1,1,2,
3178,7,1,1,2,
3178,8,1,1,2,
3178,9,1,1,2,
3178,10,3,4,2,
3178,11,1,1,2,
3179,1,1,1,2,
3179,2,1,1,2,
3179,3,1,1,2,
3179,4,3,4,2,
3179,5,1,1,2,
3179,6,1,1,2,
3179,7,1,1,2,
3179,8,1,1,2,
3179,9,1,1,2,
3179,10,1,1,2,
3179,11,1,1,2,
3180,1,1,1,2,
3180,2,1,1,2,
3180,3,1,1,2,
3180,4,3,4,2,
3180,5,1,1,2,
3180,6,1,1,2,
3180,7,1,1,2,
3180,8,1,1,2,
3180,9,1,1,2,
3180,10,1,1,2,
3180,11,1,1,2,
3181,1,1,1,2,
3181,2,2,3,2,
3181,3,1,1,2,
3181,4,3,4,2,
3181,5,1,1,2,
3181,6,1,1,2,
3181,7,1,1,2,
3181,8,1,1,2,
3181,9,1,1,2,
3181,10,3,4,2,
3181,11,1,1,2,
3182,1,1,1,2,
3182,2,1,1,2,
3182,3,1,1,2,
3182,4,3,4,2,
3182,5,1,1,2,
3182,6,1,1,2,
3182,7,1,1,2,
3182,8,1,1,2,
3182,9,1,1,2,
3182,10,1,1,2,
3182,11,1,1,2,
3183,1,1,1,2,
3183,2,2,3,2,
3183,3,1,1,2,
3183,4,3,4,2,
3183,5,1,1,2,
3183,6,1,1,2,
3183,7,1,1,2,
3183,8,1,1,2,
3183,9,1,1,2,
3183,10,3,4,2,
3183,11,1,1,2,
3184,1,1,1,2,
3184,2,2,3,2,
3184,3,1,1,2,
3184,4,3,4,2,
3184,5,1,1,2,
3184,6,1,1,2,
3184,7,1,1,2,
3184,8,1,1,2,
3184,9,1,1,2,
3184,10,1,1,2,
3184,11,1,1,2,
3185,1,1,1,2,
3185,2,2,3,2,
3185,3,1,1,2,
3185,4,3,4,2,
3185,5,1,1,2,
3185,6,1,1,2,
3185,7,1,1,2,
3185,8,1,1,2,
3185,9,1,1,2,
3185,10,3,4,2,
3185,11,1,1,2,
3186,1,1,1,2,
3186,2,2,3,2,
3186,3,1,1,2,
3186,4,3,4,2,
3186,5,1,1,2,
3186,6,1,1,2,
3186,7,1,1,2,
3186,8,1,1,2,
3186,9,1,1,2,
3186,10,1,1,2,
3186,11,1,1,2,
3187,1,1,1,2,
3187,2,1,3,2,
3187,3,1,1,2,
3187,4,1,3,1,1
3187,5,1,3,1,1
3187,6,3,4,2,
3187,7,2,3,2,
3187,8,3,4,2,
3187,9,2,3,2,
3187,10,3,4,2,
3187,11,3,2,2,
3188,1,1,3,2,
3188,2,1,3,2,
3188,3,1,3,2,
3188,4,1,3,1,1
3188,5,1,3,2,
3188,6,3,4,2,
3188,7,3,4,2,
3188,8,3,4,2,
3188,9,1,3,2,
3188,10,2,3,2,
3188,11,2,2,2,
3189,1,2,3,2,
3189,2,1,3,2,
3189,3,1,1,2,
3189,4,1,3,2,
3189,5,1,3,2,
3189,6,1,3,2,
3189,7,1,1,2,
3189,8,3,4,2,
3189,9,2,3,2,
3189,10,2,3,2,
3189,11,2,3,2,
3190,1,2,3,2,
3190,2,1,3,2,
3190,3,1,1,2,
3190,4,3,4,2,
3190,5,1,3,2,
3190,6,3,4,2,
3190,7,2,3,2,
3190,8,3,4,2,
3190,9,2,3,2,
3190,10,3,4,2,
3190,11,2,3,2,
3191,1,2,3,2,
3191,2,2,3,1,1
3191,3,1,3,2,
3191,4,1,3,1,1
3191,5,1,3,2,
3191,6,1,3,2,
3191,7,2,2,2,
3191,8,3,4,2,
3191,9,1,3,2,
3191,10,3,4,2,
3191,11,2,2,2,
3192,1,2,3,2,
3192,2,1,3,2,
3192,3,1,1,2,
3192,4,1,3,2,
3192,5,1,3,1,1
3192,6,1,3,2,
3192,7,1,1,2,
3192,8,3,4,2,
3192,9,2,2,2,
3192,10,3,4,2,
3192,11,2,3,2,
3193,1,2,3,2,
3193,2,1,3,2,
3193,3,1,1,2,
3193,4,1,3,1,1
3193,5,1,3,1,1
3193,6,3,4,2,
3193,7,2,3,2,
3193,8,3,4,2,
3193,9,2,3,2,
3193,10,3,4,2,
3193,11,3,4,2,
3194,1,2,3,2,
3194,2,2,3,2,
3194,3,1,3,2,
3194,4,3,4,2,
3194,5,1,3,1,1
3194,6,3,4,2,
3194,7,2,3,2,
3194,8,3,4,2,
3194,9,1,3,2,
3194,10,3,4,2,
3194,11,1,3,2,
3195,1,2,3,2,
3195,2,2,3,1,2
3195,3,1,1,2,
3195,4,1,3,1,1
3195,5,1,3,1,1
3195,6,1,3,2,
3195,7,2,3,2,
3195,8,3,4,2,
3195,9,2,3,2,
3195,10,3,4,2,
3195,11,2,2,2,
3196,1,1,3,2,
3196,2,1,3,2,
3196,3,1,3,2,
3196,4,1,3,2,
3196,5,1,3,2,
3196,6,3,4,2,
3196,7,1,3,2,
3196,8,3,4,2,
3196,9,1,3,2,
3196,10,3,4,2,
3196,11,1,3,2,
3197,1,1,3,2,
3197,2,1,3,2,
3197,3,1,3,2,
3197,4,1,3,2,
3197,5,1,3,2,
3197,6,1,3,2,
3197,7,1,3,2,
3197,8,3,4,2,
3197,9,1,3,2,
3197,10,3,4,2,
3197,11,1,3,2,
3198,1,1,3,2,
3198,2,1,3,2,
3198,3,1,3,2,
3198,4,1,3,2,
3198,5,1,3,2,
3198,6,1,3,2,
3198,7,1,3,2,
3198,8,3,4,2,
3198,9,2,3,2,
3198,10,1,3,2,
3198,11,1,3,2,
3199,1,1,3,2,
3199,2,1,3,2,
3199,3,1,3,2,
3199,4,1,3,2,
3199,5,1,3,2,
3199,6,1,3,2,
3199,7,1,3,2,
3199,8,1,3,2,
3199,9,1,3,2,
3199,10,1,3,2,
3199,11,1,3,2,
3200,1,1,3,2,
3200,2,1,3,2,
3200,3,1,3,2,
3200,4,1,3,2,
3200,5,3,4,2,
3200,6,3,4,2,
3200,7,3,4,2,
3200,8,2,3,2,
3200,9,3,4,2,
3200,10,3,4,2,
3200,11,3,4,2,
3201,1,1,3,2,
3201,2,1,3,2,
3201,3,1,3,2,
3201,4,1,3,2,
3201,5,1,3,2,
3201,6,3,4,2,
3201,7,3,4,2,
3201,8,3,4,2,
3201,9,2,3,2,
3201,10,3,4,2,
3201,11,1,3,2,
3202,1,1,3,2,
3202,2,1,3,2,
3202,3,1,3,2,
3202,4,1,3,2,
3202,5,1,3,2,
3202,6,3,4,2,
3202,7,1,3,2,
3202,8,3,4,2,
3202,9,1,3,2,
3202,10,3,4,2,
3202,11,1,3,2,
3203,1,1,3,2,
3203,2,1,3,2,
3203,3,1,3,2,
3203,4,1,3,2,
3203,5,1,3,2,
3203,6,3,4,2,
3203,7,3,4,2,
3203,8,3,4,2,
3203,9,3,4,2,
3203,10,1,3,2,
3203,11,1,3,2,
3204,1,2,3,2,
3204,2,1,3,2,
3204,3,1,3,2,
3204,4,1,3,2,
3204,5,1,3,2,
3204,6,1,3,2,
3204,7,3,4,2,
3204,8,3,4,2,
3204,9,1,3,2,
3204,10,1,3,2,
3204,11,1,3,2,
3205,1,2,3,2,
3205,2,2,3,2,
3205,3,2,3,2,
3205,4,2,3,2,
3205,5,1,1,2,
3205,6,1,1,2,
3205,7,1,1,2,
3205,8,1,1,2,
3205,9,1,1,2,
3205,10,1,1,2,
3205,11,1,1,2,
3206,1,2,3,2,
3206,2,2,3,2,
3206,3,2,3,2,
3206,4,2,3,2,
3206,5,1,1,2,
3206,6,1,1,2,
3206,7,1,1,2,
3206,8,1,1,2,
3206,9,1,1,2,
3206,10,1,1,2,
3206,11,1,1,2,
3207,1,2,3,2,
3207,2,2,3,2,
3207,3,2,3,2,
3207,4,2,3,2,
3207,5,1,1,2,
3207,6,1,1,2,
3207,7,1,1,2,
3207,8,1,1,2,
3207,9,1,1,2,
3207,10,1,1,2,
3207,11,1,1,2,
3208,1,2,3,2,
3208,2,2,3,2,
3208,3,2,3,2,
3208,4,2,3,2,
3208,5,1,1,2,
3208,6,1,1,2,
3208,7,1,1,2,
3208,8,1,1,2,
3208,9,1,1,2,
3208,10,1,1,2,
3208,11,1,1,2,
3209,1,1,3,2,
3209,2,1,3,2,
3209,3,1,3,2,
3209,4,1,3,2,
3209,5,1,3,2,
3209,6,1,3,2,
3209,7,1,3,2,
3209,8,1,3,2,
3209,9,1,3,2,
3209,10,1,3,2,
3209,11,1,3,2,
3210,1,2,3,2,
3210,2,2,3,2,
3210,3,2,3,2,
3210,4,2,3,2,
3210,5,1,1,2,
3210,6,1,1,2,
3210,7,1,1,2,
3210,8,1,1,2,
3210,9,1,1,2,
3210,10,1,1,2,
3210,11,1,1,2,
3211,1,2,3,2,
3211,2,2,3,2,
3211,3,2,3,2,
3211,4,2,3,2,
3211,5,1,1,2,
3211,6,1,1,2,
3211,7,1,1,2,
3211,8,3,4,2,
3211,9,1,1,2,
3211,10,1,1,2,
3211,11,1,1,2,
3212,1,1,3,2,
3212,2,1,3,2,
3212,3,1,3,2,
3212,4,1,3,2,
3212,5,1,3,2,
3212,6,1,3,2,
3212,7,1,3,2,
3212,8,1,3,2,
3212,9,1,3,2,
3212,10,1,3,2,
3212,11,1,3,2,
3213,1,2,3,2,
3213,2,2,3,2,
3213,3,2,3,2,
3213,4,2,3,2,
3213,5,1,3,2,
3213,6,1,1,2,
3213,7,1,1,2,
3213,8,1,1,2,
3213,9,1,1,2,
3213,10,1,1,2,
3213,11,1,1,2,
3214,1,1,3,2,
3214,2,3,4,2,
3214,3,1,3,2,
3214,4,3,4,2,
3214,5,1,3,2,
3214,6,1,3,2,
3214,7,1,3,2,
3214,8,1,3,2,
3214,9,1,3,2,
3214,10,1,3,2,
3214,11,1,3,2,
3215,1,1,3,2,
3215,2,3,4,2,
3215,3,1,3,2,
3215,4,3,4,2,
3215,5,1,3,2,
3215,6,1,3,2,
3215,7,1,3,2,
3215,8,1,3,2,
3215,9,1,3,2,
3215,10,1,3,2,
3215,11,1,3,2,
3216,1,1,3,2,
3216,2,3,4,2,
3216,3,1,3,2,
3216,4,3,4,2,
3216,5,1,3,2,
3216,6,1,3,2,
3216,7,1,3,2,
3216,8,1,3,2,
3216,9,1,3,2,
3216,10,1,3,2,
3216,11,1,3,2,
3217,1,1,3,2,
3217,2,3,4,2,
3217,3,1,3,2,
3217,4,3,4,2,
3217,5,1,3,2,
3217,6,1,3,2,
3217,7,1,3,2,
3217,8,3,4,2,
3217,9,1,3,2,
3217,10,1,3,2,
3217,11,1,3,2,
3218,1,1,3,2,
3218,2,3,4,2,
3218,3,1,3,2,
3218,4,3,4,2,
3218,5,1,3,2,
3218,6,1,3,2,
3218,7,1,3,2,
3218,8,1,3,2,
3218,9,1,3,2,
3218,10,1,3,2,
3218,11,1,3,2,
3219,1,1,3,2,
3219,2,3,4,2,
3219,3,1,3,2,
3219,4,3,4,2,
3219,5,1,3,2,
3219,6,1,3,2,
3219,7,1,3,2,
3219,8,1,3,2,
3219,9,1,3,2,
3219,10,1,3,2,
3219,11,1,3,2,
3220,1,1,3,2,
3220,2,3,4,2,
3220,3,1,3,2,
3220,4,3,4,2,
3220,5,1,3,2,
3220,6,1,3,2,
3220,7,1,3,2,
3220,8,1,3,2,
3220,9,1,3,2,
3220,10,1,3,2,
3220,11,1,3,2,
3221,1,1,3,2,
3221,2,3,4,2,
3221,3,1,3,2,
3221,4,3,4,2,
3221,5,1,3,2,
3221,6,1,3,2,
3221,7,1,3,2,
3221,8,1,3,2,
3221,9,1,3,2,
3221,10,1,3,2,
3221,11,1,3,2,
3222,1,1,3,2,
3222,2,1,3,2,
3222,3,1,3,2,
3222,4,3,4,2,
3222,5,1,3,2,
3222,6,1,3,2,
3222,7,1,3,2,
3222,8,1,3,2,
3222,9,1,3,2,
3222,10,1,3,2,
3222,11,1,3,2,
3223,1,1,3,2,
3223,2,1,3,2,
3223,3,1,3,2,
3223,4,3,4,2,
3223,5,1,3,2,
3223,6,3,4,2,
3223,7,1,3,2,
3223,8,3,4,2,
3223,9,3,4,2,
3223,10,3,4,2,
3223,11,1,3,2,
3224,1,1,3,2,
3224,2,1,3,2,
3224,3,1,3,2,
3224,4,1,3,2,
3224,5,1,3,2,
3224,6,1,3,2,
3224,7,3,4,2,
3224,8,3,4,2,
3224,9,3,4,2,
3224,10,3,4,2,
3224,11,1,3,2,
3225,1,1,3,2,
3225,2,1,3,2,
3225,3,1,3,2,
3225,4,3,4,2,
3225,5,1,3,2,
3225,6,3,4,2,
3225,7,1,3,2,
3225,8,3,4,2,
3225,9,3,4,2,
3225,10,3,4,2,
3225,11,1,3,2,
3226,1,1,3,2,
3226,2,1,3,2,
3226,3,1,3,2,
3226,4,3,4,2,
3226,5,1,3,2,
3226,6,3,4,2,
3226,7,1,3,2,
3226,8,3,4,2,
3226,9,3,4,2,
3226,10,1,3,2,
3226,11,1,3,2,
3227,1,1,3,2,
3227,2,1,3,2,
3227,3,1,3,2,
3227,4,1,3,2,
3227,5,1,3,2,
3227,6,3,4,2,
3227,7,3,4,2,
3227,8,3,4,2,
3227,9,3,4,2,
3227,10,3,4,2,
3227,11,3,4,2,
3228,1,1,3,2,
3228,2,1,3,2,
3228,3,3,4,2,
3228,4,1,3,2,
3228,5,1,3,2,
3228,6,1,3,2,
3228,7,3,4,2,
3228,8,3,4,2,
3228,9,3,4,2,
3228,10,3,4,2,
3228,11,3,4,2,
3229,1,1,3,2,
3229,2,1,3,2,
3229,3,1,3,2,
3229,4,1,3,2,
3229,5,1,3,2,
3229,6,3,4,2,
3229,7,1,3,2,
3229,8,3,4,2,
3229,9,3,4,2,
3229,10,1,3,2,
3229,11,1,3,2,
3230,1,1,3,2,
3230,2,1,3,2,
3230,3,1,3,2,
3230,4,3,4,2,
3230,5,1,3,2,
3230,6,3,4,2,
3230,7,1,3,2,
3230,8,3,4,2,
3230,9,3,4,2,
3230,10,1,3,2,
3230,11,1,3,2,
3231,1,1,3,2,
3231,2,1,3,2,
3231,3,1,3,2,
3231,4,2,3,2,
3231,5,1,3,2,
3231,6,3,4,2,
3231,7,3,4,2,
3231,8,3,4,2,
3231,9,3,4,2,
3231,10,3,4,2,
3231,11,1,3,2,
3232,1,1,3,2,
3232,2,1,3,2,
3232,3,1,3,2,
3232,4,1,3,2,
3232,5,1,3,2,
3232,6,1,3,2,
3232,7,1,3,2,
3232,8,1,3,2,
3232,9,1,3,2,
3232,10,1,3,2,
3232,11,1,3,2,
3233,1,1,3,2,
3233,2,1,3,2,
3233,3,1,3,2,
3233,4,1,3,2,
3233,5,1,3,2,
3233,6,1,3,2,
3233,7,1,3,2,
3233,8,1,3,2,
3233,9,1,3,2,
3233,10,1,3,2,
3233,11,1,3,2,
3234,1,1,3,2,
3234,2,1,3,2,
3234,3,1,3,2,
3234,4,1,3,2,
3234,5,1,3,2,
3234,6,1,3,2,
3234,7,1,3,2,
3234,8,1,3,2,
3234,9,1,3,2,
3234,10,1,3,2,
3234,11,1,3,2,
3235,1,1,3,2,
3235,2,1,3,2,
3235,3,1,3,2,
3235,4,1,3,2,
3235,5,1,3,2,
3235,6,1,3,2,
3235,7,1,3,2,
3235,8,1,3,2,
3235,9,1,3,2,
3235,10,1,3,2,
3235,11,1,3,2,
3236,1,1,3,2,
3236,2,1,3,2,
3236,3,1,3,2,
3236,4,1,3,2,
3236,5,1,3,2,
3236,6,1,3,2,
3236,7,1,3,2,
3236,8,1,3,2,
3236,9,1,3,2,
3236,10,1,3,2,
3236,11,1,3,2,
3237,1,1,3,2,
3237,2,1,3,2,
3237,3,1,3,2,
3237,4,1,3,2,
3237,5,1,3,2,
3237,6,1,3,2,
3237,7,1,3,2,
3237,8,3,3,2,
3237,9,1,3,2,
3237,10,1,3,2,
3237,11,1,3,2,
3238,1,1,3,2,
3238,2,1,3,2,
3238,3,1,3,2,
3238,4,1,3,2,
3238,5,1,3,2,
3238,6,1,3,2,
3238,7,1,3,2,
3238,8,1,3,2,
3238,9,1,3,2,
3238,10,1,3,2,
3238,11,1,3,2,
3239,1,1,3,2,
3239,2,1,3,2,
3239,3,1,3,2,
3239,4,1,3,2,
3239,5,1,3,2,
3239,6,1,3,2,
3239,7,1,3,2,
3239,8,1,3,2,
3239,9,1,3,2,
3239,10,1,3,2,
3239,11,1,3,2,
3240,1,1,3,2,
3240,2,1,3,2,
3240,3,1,3,2,
3240,4,1,3,2,
3240,5,1,3,2,
3240,6,1,3,2,
3240,7,1,3,2,
3240,8,1,3,2,
3240,9,1,3,2,
3240,10,1,3,2,
3240,11,1,3,2,
3241,1,1,3,1,1
3241,2,2,3,2,
3241,3,2,3,2,
3241,4,2,3,2,
3241,5,1,3,1,1
3241,6,1,3,2,
3241,7,1,3,2,
3241,8,1,3,2,
3241,9,1,3,2,
3241,10,1,3,2,
3241,11,1,3,2,
3242,1,1,3,1,1
3242,2,2,3,2,
3242,3,2,3,2,
3242,4,2,3,2,
3242,5,1,3,2,
3242,6,1,3,2,
3242,7,1,1,2,
3242,8,1,3,2,
3242,9,1,3,2,
3242,10,1,1,2,
3242,11,1,3,2,
3243,1,1,3,1,1
3243,2,2,3,2,
3243,3,2,3,2,
3243,4,2,3,2,
3243,5,1,1,1,1
3243,6,1,3,2,
3243,7,1,3,2,
3243,8,1,3,2,
3243,9,1,3,2,
3243,10,1,3,2,
3243,11,1,3,2,
3244,1,1,3,1,1
3244,2,2,3,2,
3244,3,2,3,2,
3244,4,2,3,2,
3244,5,1,1,1,1
3244,6,1,3,2,
3244,7,1,3,2,
3244,8,1,3,2,
3244,9,1,3,2,
3244,10,1,3,2,
3244,11,1,3,2,
3245,1,1,3,1,1
3245,2,2,3,2,
3245,3,2,3,2,
3245,4,2,3,2,
3245,5,1,1,1,1
3245,6,1,3,2,
3245,7,1,3,2,
3245,8,1,3,2,
3245,9,1,1,2,
3245,10,1,1,2,
3245,11,1,3,2,
3246,1,1,3,1,1
3246,2,2,3,2,
3246,3,2,3,2,
3246,4,2,3,2,
3246,5,1,2,1,1
3246,6,1,3,2,
3246,7,1,3,2,
3246,8,1,3,2,
3246,9,1,3,2,
3246,10,1,3,2,
3246,11,1,3,2,
3247,1,1,1,1,1
3247,2,2,3,2,
3247,3,2,3,2,
3247,4,2,3,2,
3247,5,1,3,1,1
3247,6,1,3,2,
3247,7,1,3,2,
3247,8,1,3,2,
3247,9,1,3,2,
3247,10,1,3,2,
3247,11,1,3,2,
3248,1,1,1,1,1
3248,2,2,3,2,
3248,3,2,3,2,
3248,4,2,3,2,
3248,5,1,3,1,1
3248,6,1,3,2,
3248,7,1,3,2,
3248,8,1,3,2,
3248,9,1,3,2,
3248,10,1,3,2,
3248,11,1,3,2,
3249,1,1,3,1,1
3249,2,2,3,2,
3249,3,2,3,2,
3249,4,2,3,2,
3249,5,1,1,1,1
3249,6,1,3,2,
3249,7,1,1,2,
3249,8,1,3,2,
3249,9,1,1,2,
3249,10,1,1,2,
3249,11,1,3,2,
3250,1,2,3,2,
3250,2,2,3,2,
3250,3,2,3,2,
3250,4,2,3,2,
3250,5,1,3,2,
3250,6,3,3,2,
3250,7,3,3,2,
3250,8,2,3,2,
3250,9,2,3,2,
3250,10,2,3,2,
3250,11,2,3,2,
3251,1,2,3,2,
3251,2,2,3,2,
3251,3,2,3,2,
3251,4,2,3,2,
3251,5,1,3,2,
3251,6,1,3,2,
3251,7,1,3,2,
3251,8,2,3,2,
3251,9,2,3,2,
3251,10,3,3,2,
3251,11,2,3,2,
3252,1,2,3,2,
3252,2,2,3,2,
3252,3,2,3,2,
3252,4,2,3,2,
3252,5,1,3,2,
3252,6,1,3,2,
3252,7,1,3,2,
3252,8,3,4,2,
3252,9,2,3,2,
3252,10,2,3,2,
3252,11,2,3,2,
3253,1,2,3,2,
3253,2,2,3,2,
3253,3,2,3,2,
3253,4,2,3,2,
3253,5,1,3,2,
3253,6,3,3,2,
3253,7,1,3,2,
3253,8,2,3,2,
3253,9,3,3,2,
3253,10,2,3,2,
3253,11,2,3,2,
3254,1,2,3,2,
3254,2,2,3,2,
3254,3,2,3,2,
3254,4,2,3,2,
3254,5,1,3,2,
3254,6,1,3,2,
3254,7,3,3,2,
3254,8,2,3,2,
3254,9,2,3,2,
3254,10,2,3,2,
3254,11,2,3,2,
3255,1,2,3,2,
3255,2,2,3,2,
3255,3,2,3,2,
3255,4,2,3,2,
3255,5,1,3,2,
3255,6,1,3,2,
3255,7,1,3,2,
3255,8,2,3,2,
3255,9,2,3,2,
3255,10,2,3,2,
3255,11,2,3,2,
3256,1,2,3,2,
3256,2,2,3,2,
3256,3,2,3,2,
3256,4,2,3,2,
3256,5,1,3,2,
3256,6,1,3,2,
3256,7,3,3,2,
3256,8,2,3,2,
3256,9,3,3,2,
3256,10,3,3,2,
3256,11,2,3,2,
3257,1,2,3,2,
3257,2,2,3,2,
3257,3,2,3,2,
3257,4,2,3,2,
3257,5,1,3,2,
3257,6,1,3,2,
3257,7,1,3,2,
3257,8,2,3,2,
3257,9,2,3,2,
3257,10,3,3,2,
3257,11,2,3,2,
3258,1,2,3,2,
3258,2,2,3,2,
3258,3,2,3,2,
3258,4,2,3,2,
3258,5,1,3,2,
3258,6,1,3,2,
3258,7,3,3,2,
3258,8,2,3,2,
3258,9,2,3,2,
3258,10,2,3,2,
3258,11,2,3,2,
3259,1,1,3,2,
3259,2,1,3,2,
3259,3,1,3,2,
3259,4,1,3,2,
3259,5,1,3,2,
3259,6,1,3,2,
3259,7,1,3,2,
3259,8,1,3,2,
3259,9,1,3,2,
3259,10,1,3,2,
3259,11,1,3,2,
3260,1,1,3,2,
3260,2,1,3,2,
3260,3,1,3,2,
3260,4,1,3,2,
3260,5,1,3,2,
3260,6,1,3,2,
3260,7,1,3,2,
3260,8,3,4,2,
3260,9,1,3,2,
3260,10,1,3,2,
3260,11,1,3,2,
3261,1,1,3,2,
3261,2,1,3,2,
3261,3,1,3,2,
3261,4,1,3,2,
3261,5,1,3,2,
3261,6,1,3,2,
3261,7,1,3,2,
3261,8,3,4,2,
3261,9,1,3,2,
3261,10,1,3,2,
3261,11,1,3,2,
3262,1,1,3,2,
3262,2,1,3,2,
3262,3,2,3,2,
3262,4,1,3,2,
3262,5,1,3,2,
3262,6,1,3,2,
3262,7,1,3,2,
3262,8,3,4,2,
3262,9,1,3,2,
3262,10,2,3,2,
3262,11,1,3,2,
3263,1,1,3,2,
3263,2,1,3,2,
3263,3,1,3,2,
3263,4,1,3,2,
3263,5,1,3,2,
3263,6,1,3,2,
3263,7,1,3,2,
3263,8,3,4,2,
3263,9,1,3,2,
3263,10,1,3,2,
3263,11,1,3,2,
3264,1,1,3,2,
3264,2,1,3,2,
3264,3,2,3,2,
3264,4,2,3,2,
3264,5,1,3,2,
3264,6,1,3,2,
3264,7,1,3,2,
3264,8,3,4,2,
3264,9,1,3,2,
3264,10,1,3,2,
3264,11,1,3,2,
3265,1,1,3,2,
3265,2,1,3,2,
3265,3,1,3,2,
3265,4,1,3,2,
3265,5,1,3,2,
3265,6,1,3,2,
3265,7,1,3,2,
3265,8,3,4,2,
3265,9,1,3,2,
3265,10,1,3,2,
3265,11,1,3,2,
3266,1,1,3,2,
3266,2,1,3,2,
3266,3,1,3,2,
3266,4,1,3,2,
3266,5,1,3,2,
3266,6,1,3,2,
3266,7,1,3,2,
3266,8,3,4,2,
3266,9,1,3,2,
3266,10,1,3,2,
3266,11,1,3,2,
3267,1,1,3,2,
3267,2,1,3,2,
3267,3,1,3,2,
3267,4,1,3,2,
3267,5,1,3,2,
3267,6,1,3,2,
3267,7,1,3,2,
3267,8,1,3,2,
3267,9,1,3,2,
3267,10,1,3,2,
3267,11,1,3,2,
3268,1,2,2,1,2
3268,2,1,3,2,
3268,3,1,1,2,
3268,4,3,4,2,
3268,5,1,3,2,
3268,6,1,1,2,
3268,7,1,1,2,
3268,8,3,4,2,
3268,9,2,2,2,
3268,10,3,4,2,
3268,11,1,3,2,
3269,1,2,2,1,2
3269,2,1,3,2,
3269,3,1,1,2,
3269,4,3,4,2,
3269,5,1,3,2,
3269,6,3,4,2,
3269,7,1,1,2,
3269,8,3,4,2,
3269,9,2,2,2,
3269,10,2,2,2,
3269,11,1,3,2,
3270,1,2,2,2,
3270,2,1,3,2,
3270,3,1,1,2,
3270,4,1,1,2,
3270,5,1,3,2,
3270,6,1,1,2,
3270,7,3,4,2,
3270,8,3,4,2,
3270,9,2,2,2,
3270,10,3,4,2,
3270,11,1,3,2,
3271,1,2,2,2,
3271,2,1,3,2,
3271,3,1,1,2,
3271,4,1,3,2,
3271,5,1,1,2,
3271,6,1,1,2,
3271,7,3,4,2,
3271,8,3,4,2,
3271,9,2,2,2,
3271,10,3,4,2,
3271,11,1,3,2,
3272,1,2,2,1,2
3272,2,1,3,2,
3272,3,1,1,2,
3272,4,1,3,2,
3272,5,1,3,2,
3272,6,1,1,2,
3272,7,1,1,2,
3272,8,3,4,2,
3272,9,2,2,2,
3272,10,2,2,2,
3272,11,1,3,2,
3273,1,2,2,2,
3273,2,1,3,2,
3273,3,1,1,2,
3273,4,1,1,2,
3273,5,1,3,2,
3273,6,1,1,2,
3273,7,1,1,2,
3273,8,3,4,2,
3273,9,2,2,2,
3273,10,3,4,2,
3273,11,1,3,2,
3274,1,2,2,1,2
3274,2,1,3,2,
3274,3,1,1,2,
3274,4,1,3,2,
3274,5,1,1,2,
3274,6,1,1,2,
3274,7,1,1,2,
3274,8,3,4,2,
3274,9,2,2,2,
3274,10,2,2,2,
3274,11,1,3,2,
3275,1,2,2,2,
3275,2,1,3,2,
3275,3,1,1,2,
3275,4,1,3,2,
3275,5,1,1,2,
3275,6,1,1,2,
3275,7,1,1,2,
3275,8,3,4,2,
3275,9,2,2,2,
3275,10,2,2,2,
3275,11,1,3,2,
3276,1,2,2,2,
3276,2,1,3,2,
3276,3,1,1,2,
3276,4,1,3,2,
3276,5,1,1,2,
3276,6,1,1,2,
3276,7,1,1,2,
3276,8,3,4,2,
3276,9,2,2,2,
3276,10,3,4,2,
3276,11,1,3,2,
3277,1,1,1,2,
3277,2,3,4,2,
3277,3,1,3,2,
3277,4,1,3,2,
3277,5,1,3,2,
3277,6,1,3,2,
3277,7,1,3,2,
3277,8,3,4,2,
3277,9,1,3,2,
3277,10,1,3,2,
3277,11,1,3,2,
3278,1,1,1,2,
3278,2,1,3,2,
3278,3,2,3,2,
3278,4,1,3,2,
3278,5,1,3,2,
3278,6,1,3,2,
3278,7,1,3,2,
3278,8,3,4,2,
3278,9,1,3,2,
3278,10,1,3,2,
3278,11,1,3,2,
3279,1,1,1,2,
3279,2,3,4,2,
3279,3,1,3,2,
3279,4,3,4,2,
3279,5,1,3,2,
3279,6,1,3,2,
3279,7,1,3,2,
3279,8,3,4,2,
3279,9,1,3,2,
3279,10,1,3,2,
3279,11,1,3,2,
3280,1,3,4,2,
3280,2,3,4,2,
3280,3,1,3,2,
3280,4,1,3,2,
3280,5,1,3,2,
3280,6,1,3,2,
3280,7,1,3,2,
3280,8,3,4,2,
3280,9,1,3,2,
3280,10,1,3,2,
3280,11,1,3,2,
3281,1,3,4,2,
3281,2,3,4,2,
3281,3,1,3,2,
3281,4,1,3,2,
3281,5,1,3,2,
3281,6,1,3,2,
3281,7,1,3,2,
3281,8,3,4,2,
3281,9,1,3,2,
3281,10,1,3,2,
3281,11,1,3,2,
3282,1,1,1,2,
3282,2,1,3,2,
3282,3,1,3,2,
3282,4,1,3,2,
3282,5,1,3,2,
3282,6,1,3,2,
3282,7,1,3,2,
3282,8,3,4,2,
3282,9,1,3,2,
3282,10,3,4,2,
3282,11,1,3,2,
3283,1,1,1,2,
3283,2,3,4,2,
3283,3,1,3,2,
3283,4,1,3,2,
3283,5,1,3,2,
3283,6,1,3,2,
3283,7,1,3,2,
3283,8,1,3,2,
3283,9,1,3,2,
3283,10,1,3,2,
3283,11,1,3,2,
3284,1,1,1,2,
3284,2,3,4,2,
3284,3,1,3,2,
3284,4,1,3,2,
3284,5,1,3,2,
3284,6,1,3,2,
3284,7,1,3,2,
3284,8,3,4,2,
3284,9,1,3,2,
3284,10,1,3,2,
3284,11,1,3,2,
3285,1,3,4,2,
3285,2,1,3,2,
3285,3,1,3,2,
3285,4,1,3,2,
3285,5,1,3,2,
3285,6,1,3,2,
3285,7,1,3,2,
3285,8,3,4,2,
3285,9,1,3,2,
3285,10,3,4,2,
3285,11,1,3,2,
3286,1,2,2,2,
3286,2,1,3,2,
3286,3,1,3,2,
3286,4,1,3,2,
3286,5,1,3,2,
3286,6,1,3,2,
3286,7,3,4,2,
3286,8,3,4,2,
3286,9,1,3,2,
3286,10,3,4,2,
3286,11,1,3,2,
3287,1,1,2,2,
3287,2,1,3,2,
3287,3,1,3,2,
3287,4,1,3,2,
3287,5,1,3,2,
3287,6,3,4,2,
3287,7,3,4,2,
3287,8,3,4,2,
3287,9,1,3,2,
3287,10,3,4,2,
3287,11,1,3,2,
3288,1,1,3,2,
3288,2,1,3,2,
3288,3,1,3,2,
3288,4,3,4,2,
3288,5,1,3,2,
3288,6,3,4,2,
3288,7,1,3,2,
3288,8,3,4,2,
3288,9,1,3,2,
3288,10,1,3,2,
3288,11,1,3,2,
3289,1,1,2,2,
3289,2,1,3,2,
3289,3,1,3,2,
3289,4,1,3,2,
3289,5,1,3,2,
3289,6,1,3,2,
3289,7,3,4,2,
3289,8,3,4,2,
3289,9,3,4,2,
3289,10,3,4,2,
3289,11,1,3,2,
3290,1,1,2,2,
3290,2,1,3,2,
3290,3,1,3,2,
3290,4,1,3,2,
3290,5,1,3,2,
3290,6,1,3,2,
3290,7,1,3,2,
3290,8,3,4,2,
3290,9,1,3,2,
3290,10,3,4,2,
3290,11,1,3,2,
3291,1,1,2,2,
3291,2,1,3,2,
3291,3,1,3,2,
3291,4,1,3,2,
3291,5,1,3,2,
3291,6,1,3,2,
3291,7,3,4,2,
3291,8,3,4,2,
3291,9,2,3,2,
3291,10,3,4,2,
3291,11,1,3,2,
3292,1,2,2,2,
3292,2,1,3,2,
3292,3,1,3,2,
3292,4,1,3,2,
3292,5,1,3,2,
3292,6,1,3,2,
3292,7,3,4,2,
3292,8,3,4,2,
3292,9,1,3,2,
3292,10,3,4,2,
3292,11,1,3,2,
3293,1,1,3,2,
3293,2,3,4,2,
3293,3,3,4,2,
3293,4,1,3,2,
3293,5,1,3,2,
3293,6,1,3,2,
3293,7,3,4,2,
3293,8,3,4,2,
3293,9,1,3,2,
3293,10,3,4,2,
3293,11,1,3,2,
3294,1,1,3,2,
3294,2,1,3,2,
3294,3,1,3,2,
3294,4,1,3,2,
3294,5,1,3,2,
3294,6,3,4,2,
3294,7,1,3,2,
3294,8,3,4,2,
3294,9,1,3,2,
3294,10,3,4,2,
3294,11,1,3,2,
3295,1,1,3,2,
3295,2,1,3,2,
3295,3,1,3,2,
3295,4,3,4,2,
3295,5,1,3,1,1
3295,6,1,3,2,
3295,7,1,3,2,
3295,8,3,4,2,
3295,9,1,3,2,
3295,10,1,3,2,
3295,11,1,3,2,
3296,1,1,3,2,
3296,2,1,3,2,
3296,3,1,3,2,
3296,4,3,4,2,
3296,5,1,3,2,
3296,6,1,3,2,
3296,7,3,4,2,
3296,8,3,4,2,
3296,9,3,4,2,
3296,10,3,4,2,
3296,11,3,4,2,
3297,1,1,3,2,
3297,2,1,3,2,
3297,3,1,3,2,
3297,4,1,3,2,
3297,5,1,3,2,
3297,6,1,3,2,
3297,7,3,4,2,
3297,8,3,4,2,
3297,9,2,3,2,
3297,10,3,4,2,
3297,11,1,3,2,
3298,1,1,3,2,
3298,2,1,3,2,
3298,3,1,3,2,
3298,4,1,3,2,
3298,5,1,3,2,
3298,6,1,3,2,
3298,7,3,4,2,
3298,8,3,4,2,
3298,9,1,3,2,
3298,10,3,4,2,
3298,11,1,3,2,
3299,1,1,3,2,
3299,2,1,3,2,
3299,3,1,3,2,
3299,4,1,3,2,
3299,5,1,3,2,
3299,6,1,3,2,
3299,7,1,3,2,
3299,8,3,4,2,
3299,9,1,3,2,
3299,10,1,3,2,
3299,11,1,3,2,
3300,1,1,1,1,1
3300,2,1,3,2,
3300,3,1,3,2,
3300,4,3,4,2,
3300,5,1,3,2,
3300,6,1,3,2,
3300,7,3,4,2,
3300,8,3,4,2,
3300,9,1,3,2,
3300,10,3,4,2,
3300,11,1,3,2,
3301,1,1,3,2,
3301,2,1,3,2,
3301,3,1,3,2,
3301,4,1,3,2,
3301,5,1,3,2,
3301,6,1,3,2,
3301,7,1,3,2,
3301,8,3,4,2,
3301,9,3,4,2,
3301,10,1,3,2,
3301,11,1,3,2,
3302,1,1,3,2,
3302,2,1,3,2,
3302,3,1,3,2,
3302,4,3,4,2,
3302,5,1,3,2,
3302,6,1,3,2,
3302,7,3,4,2,
3302,8,3,4,2,
3302,9,2,3,2,
3302,10,3,4,2,
3302,11,3,4,2,
3303,1,1,3,2,
3303,2,1,3,2,
3303,3,1,3,2,
3303,4,3,4,2,
3303,5,1,3,2,
3303,6,1,3,2,
3303,7,1,3,2,
3303,8,3,4,2,
3303,9,2,3,1,2
3303,10,3,4,2,
3303,11,1,3,2,
3304,1,3,4,2,
3304,2,3,4,2,
3304,3,3,4,2,
3304,4,3,4,2,
3304,5,1,3,2,
3304,6,1,3,2,
3304,7,1,3,2,
3304,8,3,4,2,
3304,9,3,4,2,
3304,10,1,3,2,
3304,11,1,3,2,
3305,1,3,4,2,
3305,2,3,4,2,
3305,3,3,4,2,
3305,4,1,3,2,
3305,5,1,3,2,
3305,6,1,3,2,
3305,7,3,4,2,
3305,8,3,4,2,
3305,9,1,3,2,
3305,10,1,3,2,
3305,11,1,3,2,
3306,1,3,4,2,
3306,2,3,4,2,
3306,3,3,4,2,
3306,4,3,4,2,
3306,5,1,3,2,
3306,6,1,3,2,
3306,7,1,3,2,
3306,8,3,4,2,
3306,9,3,4,2,
3306,10,3,4,2,
3306,11,1,3,2,
3307,1,3,4,2,
3307,2,3,4,2,
3307,3,3,4,2,
3307,4,1,3,2,
3307,5,1,3,2,
3307,6,1,3,2,
3307,7,3,4,2,
3307,8,3,4,2,
3307,9,3,4,2,
3307,10,1,3,2,
3307,11,1,3,2,
3308,1,3,4,2,
3308,2,3,4,2,
3308,3,3,4,2,
3308,4,1,3,2,
3308,5,1,3,2,
3308,6,1,3,2,
3308,7,1,3,2,
3308,8,3,4,2,
3308,9,1,3,2,
3308,10,3,4,2,
3308,11,1,3,2,
3309,1,3,4,2,
3309,2,3,4,2,
3309,3,3,4,2,
3309,4,1,3,2,
3309,5,1,3,2,
3309,6,1,3,2,
3309,7,1,3,2,
3309,8,3,4,2,
3309,9,1,3,2,
3309,10,3,4,2,
3309,11,1,3,2,
3310,1,3,4,2,
3310,2,3,4,2,
3310,3,3,4,2,
3310,4,1,3,2,
3310,5,1,3,2,
3310,6,1,3,2,
3310,7,3,4,2,
3310,8,3,4,2,
3310,9,3,4,2,
3310,10,3,4,2,
3310,11,1,3,2,
3311,1,3,4,2,
3311,2,3,4,2,
3311,3,3,4,2,
3311,4,3,4,2,
3311,5,1,3,2,
3311,6,1,3,2,
3311,7,1,3,2,
3311,8,3,4,2,
3311,9,3,4,2,
3311,10,3,4,2,
3311,11,2,3,2,
3312,1,3,4,2,
3312,2,3,4,2,
3312,3,3,4,2,
3312,4,1,3,2,
3312,5,1,3,2,
3312,6,1,3,2,
3312,7,1,3,2,
3312,8,3,4,2,
3312,9,1,3,2,
3312,10,3,4,2,
3312,11,1,3,2,
3313,1,1,3,1,1
3313,2,1,3,2,
3313,3,1,3,2,
3313,4,1,3,1,1
3313,5,1,3,1,1
3313,6,1,3,2,
3313,7,1,3,2,
3313,8,3,4,2,
3313,9,1,3,2,
3313,10,1,3,2,
3313,11,1,3,2,
3314,1,1,3,2,
3314,2,1,3,2,
3314,3,1,3,2,
3314,4,3,4,2,
3314,5,1,3,2,
3314,6,1,3,2,
3314,7,1,3,2,
3314,8,3,4,2,
3314,9,1,3,2,
3314,10,1,3,2,
3314,11,1,3,2,
3315,1,1,3,2,
3315,2,1,3,2,
3315,3,1,3,2,
3315,4,1,3,1,1
3315,5,1,3,1,1
3315,6,1,3,2,
3315,7,1,3,2,
3315,8,3,4,2,
3315,9,1,3,2,
3315,10,1,3,2,
3315,11,1,3,2,
3316,1,1,3,2,
3316,2,1,3,2,
3316,3,1,3,2,
3316,4,1,3,2,
3316,5,1,3,2,
3316,6,1,3,2,
3316,7,1,3,2,
3316,8,3,4,2,
3316,9,1,3,2,
3316,10,1,3,2,
3316,11,1,3,2,
3317,1,1,3,2,
3317,2,1,3,2,
3317,3,1,3,2,
3317,4,3,4,2,
3317,5,1,3,2,
3317,6,1,3,2,
3317,7,1,3,2,
3317,8,3,4,2,
3317,9,1,3,2,
3317,10,1,3,2,
3317,11,1,3,2,
3318,1,1,3,2,
3318,2,1,3,2,
3318,3,1,3,2,
3318,4,1,3,2,
3318,5,1,3,2,
3318,6,1,3,2,
3318,7,1,3,2,
3318,8,3,4,2,
3318,9,1,3,2,
3318,10,1,3,2,
3318,11,1,3,2,
3319,1,1,3,2,
3319,2,1,3,2,
3319,3,1,3,2,
3319,4,3,4,2,
3319,5,1,3,1,1
3319,6,1,3,2,
3319,7,1,3,2,
3319,8,3,4,2,
3319,9,1,3,2,
3319,10,1,3,2,
3319,11,1,3,2,
3320,1,1,3,2,
3320,2,1,3,2,
3320,3,1,3,2,
3320,4,1,3,2,
3320,5,1,3,2,
3320,6,1,3,2,
3320,7,1,3,2,
3320,8,3,4,2,
3320,9,1,3,2,
3320,10,1,3,2,
3320,11,1,3,2,
3321,1,1,3,2,
3321,2,1,3,2,
3321,3,1,3,2,
3321,4,3,4,2,
3321,5,1,3,2,
3321,6,1,3,2,
3321,7,1,3,2,
3321,8,3,4,2,
3321,9,1,3,2,
3321,10,1,3,2,
3321,11,1,3,2,
3322,1,1,3,2,
3322,2,1,3,2,
3322,3,1,3,2,
3322,4,1,3,2,
3322,5,1,2,2,
3322,6,1,1,2,
3322,7,1,1,2,
3322,8,3,4,2,
3322,9,1,3,2,
3322,10,1,3,2,
3322,11,1,3,2,
3323,1,1,3,2,
3323,2,1,3,2,
3323,3,1,3,2,
3323,4,1,3,2,
3323,5,1,3,2,
3323,6,1,3,2,
3323,7,1,3,2,
3323,8,1,3,2,
3323,9,1,3,2,
3323,10,1,3,2,
3323,11,1,3,2,
3324,1,1,3,2,
3324,2,1,3,2,
3324,3,1,3,2,
3324,4,1,3,2,
3324,5,1,3,2,
3324,6,1,3,2,
3324,7,1,3,2,
3324,8,3,4,2,
3324,9,1,2,2,
3324,10,3,4,2,
3324,11,1,2,2,
3325,1,1,1,2,
3325,2,1,1,2,
3325,3,1,1,2,
3325,4,1,3,2,
3325,5,1,3,2,
3325,6,1,3,2,
3325,7,1,3,2,
3325,8,1,3,2,
3325,9,1,3,2,
3325,10,1,3,2,
3325,11,1,3,2,
3326,1,1,3,2,
3326,2,1,3,2,
3326,3,1,3,2,
3326,4,3,4,2,
3326,5,1,3,2,
3326,6,1,3,2,
3326,7,1,3,2,
3326,8,3,4,2,
3326,9,2,2,1,2
3326,10,1,3,2,
3326,11,1,3,2,
3327,1,1,1,2,
3327,2,1,3,2,
3327,3,1,1,2,
3327,4,1,3,2,
3327,5,1,2,2,
3327,6,1,1,2,
3327,7,1,1,2,
3327,8,3,4,2,
3327,9,1,2,2,
3327,10,3,4,2,
3327,11,1,2,2,
3328,1,1,3,2,
3328,2,1,3,2,
3328,3,1,3,2,
3328,4,3,4,2,
3328,5,1,3,2,
3328,6,1,3,2,
3328,7,1,3,2,
3328,8,3,4,2,
3328,9,1,3,2,
3328,10,1,3,2,
3328,11,1,3,2,
3329,1,1,3,2,
3329,2,1,3,2,
3329,3,1,3,2,
3329,4,3,4,2,
3329,5,1,3,2,
3329,6,1,3,2,
3329,7,1,3,2,
3329,8,3,4,2,
3329,9,1,3,2,
3329,10,1,3,2,
3329,11,1,3,2,
3330,1,1,1,2,
3330,2,1,3,2,
3330,3,1,3,2,
3330,4,1,3,2,
3330,5,1,3,2,
3330,6,1,3,2,
3330,7,1,1,2,
3330,8,1,1,2,
3330,9,1,3,2,
3330,10,1,3,2,
3330,11,1,3,2,
3331,1,2,3,2,
3331,2,2,3,2,
3331,3,1,1,2,
3331,4,1,1,2,
3331,5,1,3,2,
3331,6,1,1,2,
3331,7,3,4,2,
3331,8,2,3,2,
3331,9,1,1,2,
3331,10,3,4,2,
3331,11,1,1,2,
3332,1,2,3,2,
3332,2,2,3,2,
3332,3,1,3,2,
3332,4,3,4,2,
3332,5,1,3,2,
3332,6,1,1,2,
3332,7,2,3,2,
3332,8,2,3,2,
3332,9,1,1,2,
3332,10,1,3,2,
3332,11,1,1,2,
3333,1,2,3,2,
3333,2,2,3,2,
3333,3,1,3,2,
3333,4,1,1,2,
3333,5,1,1,2,
3333,6,1,1,2,
3333,7,1,3,2,
3333,8,2,3,2,
3333,9,1,1,2,
3333,10,1,1,2,
3333,11,1,3,2,
3334,1,1,3,2,
3334,2,2,3,2,
3334,3,1,1,2,
3334,4,3,4,2,
3334,5,1,3,2,
3334,6,1,1,2,
3334,7,1,3,2,
3334,8,2,3,2,
3334,9,1,1,2,
3334,10,1,3,2,
3334,11,1,3,2,
3335,1,1,3,2,
3335,2,2,3,2,
3335,3,2,3,2,
3335,4,3,4,2,
3335,5,1,3,2,
3335,6,1,3,2,
3335,7,1,3,2,
3335,8,2,3,2,
3335,9,1,1,2,
3335,10,1,3,2,
3335,11,2,3,2,
3336,1,2,3,2,
3336,2,2,3,2,
3336,3,2,3,2,
3336,4,3,4,2,
3336,5,2,3,2,
3336,6,3,4,2,
3336,7,1,3,2,
3336,8,2,3,2,
3336,9,1,1,2,
3336,10,3,4,2,
3336,11,2,3,2,
3337,1,2,3,2,
3337,2,2,3,2,
3337,3,1,3,2,
3337,4,1,3,2,
3337,5,1,3,2,
3337,6,1,3,2,
3337,7,2,3,2,
3337,8,2,3,2,
3337,9,1,1,2,
3337,10,3,4,2,
3337,11,1,1,2,
3338,1,2,3,2,
3338,2,2,3,2,
3338,3,1,1,2,
3338,4,3,4,2,
3338,5,1,3,2,
3338,6,1,1,2,
3338,7,1,3,2,
3338,8,2,3,2,
3338,9,1,1,2,
3338,10,3,4,2,
3338,11,2,3,2,
3339,1,1,3,2,
3339,2,1,3,2,
3339,3,1,3,2,
3339,4,3,4,2,
3339,5,1,1,2,
3339,6,1,1,2,
3339,7,3,4,2,
3339,8,2,3,2,
3339,9,1,1,2,
3339,10,3,4,2,
3339,11,1,1,2,
3340,1,1,3,2,
3340,2,1,3,2,
3340,3,1,3,2,
3340,4,1,3,2,
3340,5,1,3,2,
3340,6,1,3,2,
3340,7,1,3,2,
3340,8,1,3,2,
3340,9,1,3,2,
3340,10,1,3,2,
3340,11,1,3,2,
3341,1,1,3,2,
3341,2,1,3,2,
3341,3,1,3,2,
3341,4,1,3,2,
3341,5,1,3,2,
3341,6,1,3,2,
3341,7,1,3,2,
3341,8,1,3,2,
3341,9,1,3,2,
3341,10,1,3,2,
3341,11,1,3,2,
3342,1,1,3,2,
3342,2,1,3,2,
3342,3,1,3,2,
3342,4,1,3,2,
3342,5,1,3,2,
3342,6,3,4,2,
3342,7,3,4,2,
3342,8,3,4,2,
3342,9,1,1,2,
3342,10,3,4,2,
3342,11,1,1,2,
3343,1,1,3,2,
3343,2,1,3,2,
3343,3,1,3,2,
3343,4,1,3,2,
3343,5,1,3,2,
3343,6,1,3,2,
3343,7,1,3,2,
3343,8,3,4,2,
3343,9,1,3,2,
3343,10,1,3,2,
3343,11,1,3,2,
3344,1,1,1,2,
3344,2,1,1,2,
3344,3,1,1,2,
3344,4,1,1,2,
3344,5,1,1,2,
3344,6,1,1,2,
3344,7,1,1,2,
3344,8,1,1,2,
3344,9,1,1,2,
3344,10,1,1,2,
3344,11,1,1,2,
3345,1,1,3,2,
3345,2,1,3,2,
3345,3,1,3,2,
3345,4,1,3,2,
3345,5,1,3,2,
3345,6,1,3,2,
3345,7,1,3,2,
3345,8,1,3,2,
3345,9,1,3,2,
3345,10,1,3,2,
3345,11,1,3,2,
3346,1,1,3,2,
3346,2,1,3,2,
3346,3,1,3,2,
3346,4,1,3,2,
3346,5,1,3,2,
3346,6,1,3,2,
3346,7,1,3,2,
3346,8,1,3,2,
3346,9,1,3,2,
3346,10,1,3,2,
3346,11,1,3,2,
3347,1,1,1,2,
3347,2,1,1,2,
3347,3,1,1,2,
3347,4,1,1,2,
3347,5,1,1,2,
3347,6,1,1,2,
3347,7,1,1,2,
3347,8,1,1,2,
3347,9,1,1,2,
3347,10,1,1,2,
3347,11,1,1,2,
3348,1,1,3,2,
3348,2,1,3,2,
3348,3,1,3,2,
3348,4,1,3,2,
3348,5,1,3,2,
3348,6,1,3,2,
3348,7,1,3,2,
3348,8,1,3,2,
3348,9,1,3,2,
3348,10,1,3,2,
3348,11,1,3,2,
3349,1,2,3,2,
3349,2,1,3,2,
3349,3,2,3,2,
3349,4,1,3,2,
3349,5,1,3,2,
3349,6,1,3,2,
3349,7,2,3,2,
3349,8,3,4,2,
3349,9,2,3,2,
3349,10,1,3,2,
3349,11,1,3,2,
3350,1,2,3,2,
3350,2,1,3,2,
3350,3,2,3,2,
3350,4,1,3,2,
3350,5,1,3,2,
3350,6,1,3,2,
3350,7,2,3,2,
3350,8,3,4,2,
3350,9,2,3,2,
3350,10,2,3,2,
3350,11,1,3,2,
3351,1,2,3,2,
3351,2,1,3,2,
3351,3,2,3,2,
3351,4,3,4,2,
3351,5,1,3,2,
3351,6,1,3,2,
3351,7,2,3,2,
3351,8,3,4,2,
3351,9,2,3,2,
3351,10,2,3,2,
3351,11,1,3,2,
3352,1,2,3,2,
3352,2,1,3,2,
3352,3,2,3,2,
3352,4,1,3,2,
3352,5,1,3,2,
3352,6,2,3,2,
3352,7,1,3,2,
3352,8,3,4,2,
3352,9,2,3,2,
3352,10,3,4,2,
3352,11,1,3,2,
3353,1,2,3,2,
3353,2,1,3,2,
3353,3,2,3,2,
3353,4,1,3,2,
3353,5,1,3,2,
3353,6,2,3,2,
3353,7,2,3,2,
3353,8,3,4,2,
3353,9,2,3,2,
3353,10,1,3,2,
3353,11,1,3,2,
3354,1,2,3,2,
3354,2,1,3,2,
3354,3,2,3,2,
3354,4,3,4,2,
3354,5,1,3,2,
3354,6,1,3,2,
3354,7,1,3,2,
3354,8,3,4,2,
3354,9,2,3,2,
3354,10,2,3,2,
3354,11,1,3,2,
3355,1,2,3,2,
3355,2,1,3,2,
3355,3,2,3,2,
3355,4,1,3,2,
3355,5,1,3,2,
3355,6,2,3,2,
3355,7,1,3,2,
3355,8,3,4,2,
3355,9,2,3,2,
3355,10,2,3,2,
3355,11,1,3,2,
3356,1,2,3,2,
3356,2,1,3,2,
3356,3,2,3,2,
3356,4,1,3,2,
3356,5,1,3,2,
3356,6,1,3,2,
3356,7,1,3,2,
3356,8,3,4,2,
3356,9,2,3,2,
3356,10,2,3,2,
3356,11,2,3,2,
3357,1,2,3,2,
3357,2,1,3,2,
3357,3,2,3,2,
3357,4,1,3,2,
3357,5,1,3,2,
3357,6,1,3,2,
3357,7,2,3,2,
3357,8,3,4,2,
3357,9,2,3,2,
3357,10,1,3,2,
3357,11,2,3,2,
3358,1,1,3,2,
3358,2,1,3,2,
3358,3,1,3,2,
3358,4,1,3,2,
3358,5,1,3,2,
3358,6,1,3,1,1
3358,7,2,3,2,
3358,8,1,3,1,1
3358,9,1,3,2,
3358,10,3,4,2,
3358,11,1,3,2,
3359,1,1,3,2,
3359,2,2,3,2,
3359,3,2,3,2,
3359,4,1,3,1,1
3359,5,1,3,2,
3359,6,3,4,2,
3359,7,1,3,2,
3359,8,1,3,2,
3359,9,1,3,2,
3359,10,1,3,2,
3359,11,1,3,2,
3360,1,1,1,2,
3360,2,2,3,2,
3360,3,2,3,2,
3360,4,1,3,1,1
3360,5,1,3,2,
3360,6,3,4,2,
3360,7,2,3,1,2
3360,8,1,1,2,
3360,9,1,3,2,
3360,10,3,4,2,
3360,11,1,3,2,
3361,1,1,1,1,1
3361,2,2,3,2,
3361,3,2,3,2,
3361,4,3,4,2,
3361,5,1,3,2,
3361,6,3,4,2,
3361,7,3,4,2,
3361,8,1,3,1,1
3361,9,1,3,2,
3361,10,3,3,2,
3361,11,1,3,2,
3362,1,1,1,1,1
3362,2,2,3,2,
3362,3,2,3,2,
3362,4,3,4,2,
3362,5,1,3,2,
3362,6,1,3,1,1
3362,7,3,4,2,
3362,8,1,3,2,
3362,9,1,3,2,
3362,10,1,3,2,
3362,11,1,3,2,
3363,1,1,3,2,
3363,2,2,3,2,
3363,3,2,3,2,
3363,4,3,4,2,
3363,5,1,3,2,
3363,6,1,3,1,1
3363,7,3,4,2,
3363,8,1,3,1,1
3363,9,1,3,2,
3363,10,1,3,2,
3363,11,1,3,2,
3364,1,1,3,1,1
3364,2,2,3,2,
3364,3,2,3,2,
3364,4,3,4,2,
3364,5,1,3,2,
3364,6,1,3,1,1
3364,7,3,4,2,
3364,8,1,3,2,
3364,9,1,3,2,
3364,10,1,3,2,
3364,11,1,3,2,
3365,1,1,3,2,
3365,2,2,3,2,
3365,3,2,3,2,
3365,4,1,3,2,
3365,5,1,3,2,
3365,6,1,3,1,1
3365,7,1,3,2,
3365,8,1,3,2,
3365,9,1,1,2,
3365,10,1,3,2,
3365,11,1,3,2,
3366,1,1,3,2,
3366,2,2,3,2,
3366,3,2,3,2,
3366,4,1,3,2,
3366,5,1,3,1,1
3366,6,3,4,2,
3366,7,3,4,2,
3366,8,1,3,2,
3366,9,3,4,2,
3366,10,3,4,2,
3366,11,1,3,2,
3367,1,1,3,2,
3367,2,1,3,2,
3367,3,1,3,2,
3367,4,1,3,2,
3367,5,1,3,2,
3367,6,1,3,2,
3367,7,3,4,2,
3367,8,3,4,2,
3367,9,2,3,2,
3367,10,3,4,2,
3367,11,1,3,2,
3368,1,1,3,2,
3368,2,1,3,2,
3368,3,1,3,2,
3368,4,3,4,2,
3368,5,1,3,2,
3368,6,1,3,2,
3368,7,1,3,2,
3368,8,1,3,2,
3368,9,1,3,2,
3368,10,1,3,2,
3368,11,1,3,2,
3369,1,1,3,2,
3369,2,1,3,2,
3369,3,1,3,2,
3369,4,1,3,2,
3369,5,1,3,2,
3369,6,1,3,2,
3369,7,1,3,2,
3369,8,1,3,2,
3369,9,1,3,2,
3369,10,1,3,2,
3369,11,1,3,2,
3370,1,1,3,2,
3370,2,1,3,2,
3370,3,1,3,2,
3370,4,3,4,2,
3370,5,1,3,2,
3370,6,1,3,2,
3370,7,1,3,2,
3370,8,2,3,1,2
3370,9,1,3,2,
3370,10,1,3,2,
3370,11,1,3,2,
3371,1,1,3,2,
3371,2,1,3,2,
3371,3,1,3,2,
3371,4,1,3,2,
3371,5,1,3,2,
3371,6,1,3,2,
3371,7,1,3,2,
3371,8,1,3,2,
3371,9,1,3,2,
3371,10,1,3,2,
3371,11,1,3,2,
3372,1,1,3,2,
3372,2,1,3,2,
3372,3,1,3,2,
3372,4,1,3,2,
3372,5,1,3,2,
3372,6,1,3,2,
3372,7,1,3,2,
3372,8,1,3,2,
3372,9,1,3,2,
3372,10,1,3,2,
3372,11,1,3,2,
3373,1,1,3,2,
3373,2,1,3,2,
3373,3,1,3,2,
3373,4,3,4,2,
3373,5,1,3,2,
3373,6,1,3,2,
3373,7,1,3,2,
3373,8,1,3,2,
3373,9,1,3,2,
3373,10,1,3,2,
3373,11,1,3,2,
3374,1,1,3,2,
3374,2,1,3,2,
3374,3,1,3,2,
3374,4,3,4,2,
3374,5,1,3,2,
3374,6,1,3,2,
3374,7,1,3,2,
3374,8,2,2,1,2
3374,9,1,3,2,
3374,10,1,3,2,
3374,11,1,3,2,
3375,1,1,3,2,
3375,2,1,3,2,
3375,3,1,3,2,
3375,4,3,4,2,
3375,5,1,3,2,
3375,6,1,3,2,
3375,7,1,3,2,
3375,8,1,3,2,
3375,9,1,3,2,
3375,10,1,3,2,
3375,11,1,3,2,
3376,1,1,3,2,
3376,2,1,3,2,
3376,3,1,3,2,
3376,4,1,3,2,
3376,5,1,3,2,
3376,6,1,3,2,
3376,7,1,3,2,
3376,8,3,4,2,
3376,9,2,2,2,
3376,10,2,2,2,
3376,11,3,4,2,
3377,1,1,3,2,
3377,2,1,3,2,
3377,3,1,3,2,
3377,4,3,4,2,
3377,5,1,3,2,
3377,6,1,3,2,
3377,7,1,3,2,
3377,8,3,4,2,
3377,9,2,2,2,
3377,10,2,2,2,
3377,11,3,4,2,
3378,1,1,3,2,
3378,2,1,3,2,
3378,3,1,3,2,
3378,4,3,4,2,
3378,5,1,3,2,
3378,6,1,3,2,
3378,7,1,3,2,
3378,8,3,4,2,
3378,9,2,2,2,
3378,10,2,2,2,
3378,11,3,4,2,
3379,1,1,3,2,
3379,2,1,3,2,
3379,3,1,3,2,
3379,4,1,3,2,
3379,5,1,3,2,
3379,6,1,3,2,
3379,7,1,3,2,
3379,8,3,4,2,
3379,9,2,2,2,
3379,10,2,2,2,
3379,11,3,4,2,
3380,1,1,3,2,
3380,2,1,3,2,
3380,3,1,3,2,
3380,4,3,4,2,
3380,5,1,3,2,
3380,6,1,3,2,
3380,7,1,3,2,
3380,8,3,4,2,
3380,9,1,3,2,
3380,10,2,2,2,
3380,11,3,4,2,
3381,1,1,3,2,
3381,2,1,3,2,
3381,3,1,3,2,
3381,4,1,3,2,
3381,5,1,3,2,
3381,6,1,3,2,
3381,7,1,3,2,
3381,8,3,4,2,
3381,9,2,2,2,
3381,10,2,2,2,
3381,11,3,4,2,
3382,1,1,3,2,
3382,2,1,3,2,
3382,3,1,3,2,
3382,4,3,4,2,
3382,5,1,3,2,
3382,6,1,3,2,
3382,7,1,3,2,
3382,8,3,4,2,
3382,9,2,2,2,
3382,10,3,4,2,
3382,11,3,4,2,
3383,1,1,3,2,
3383,2,1,3,2,
3383,3,1,3,2,
3383,4,3,4,2,
3383,5,1,3,2,
3383,6,1,3,2,
3383,7,1,3,2,
3383,8,3,4,2,
3383,9,2,2,2,
3383,10,2,2,2,
3383,11,3,4,2,
3384,1,1,3,2,
3384,2,1,3,2,
3384,3,1,3,2,
3384,4,1,3,2,
3384,5,1,3,2,
3384,6,1,3,2,
3384,7,1,3,2,
3384,8,3,4,2,
3384,9,1,3,2,
3384,10,2,3,2,
3384,11,3,4,2,
3385,1,1,3,2,
3385,2,1,3,2,
3385,3,1,3,2,
3385,4,1,3,2,
3385,5,1,3,2,
3385,6,1,3,2,
3385,7,1,3,2,
3385,8,3,4,2,
3385,9,2,2,2,
3385,10,2,2,2,
3385,11,1,3,2,
3386,1,1,3,2,
3386,2,1,3,2,
3386,3,1,3,2,
3386,4,1,3,2,
3386,5,1,3,2,
3386,6,1,3,2,
3386,7,1,3,2,
3386,8,3,4,2,
3386,9,2,3,2,
3386,10,2,2,2,
3386,11,1,3,2,
3387,1,1,3,2,
3387,2,1,3,2,
3387,3,1,3,2,
3387,4,1,3,2,
3387,5,1,3,2,
3387,6,1,3,2,
3387,7,1,3,2,
3387,8,3,4,2,
3387,9,1,3,2,
3387,10,2,2,2,
3387,11,1,3,2,
3388,1,1,3,2,
3388,2,1,3,2,
3388,3,1,3,2,
3388,4,1,3,2,
3388,5,1,3,2,
3388,6,1,3,2,
3388,7,1,3,2,
3388,8,3,4,2,
3388,9,1,3,2,
3388,10,2,2,2,
3388,11,1,3,2,
3389,1,1,3,2,
3389,2,1,3,2,
3389,3,1,3,2,
3389,4,1,3,2,
3389,5,1,3,2,
3389,6,1,3,2,
3389,7,1,3,2,
3389,8,3,4,2,
3389,9,1,3,2,
3389,10,2,2,2,
3389,11,1,3,2,
3390,1,1,3,2,
3390,2,1,3,2,
3390,3,1,3,2,
3390,4,3,4,2,
3390,5,1,3,2,
3390,6,1,3,2,
3390,7,1,3,2,
3390,8,3,4,2,
3390,9,2,2,2,
3390,10,2,2,2,
3390,11,1,3,2,
3391,1,1,3,2,
3391,2,1,3,2,
3391,3,1,3,2,
3391,4,1,3,2,
3391,5,1,3,2,
3391,6,1,3,2,
3391,7,1,3,2,
3391,8,3,4,2,
3391,9,2,2,2,
3391,10,2,2,2,
3391,11,1,3,2,
3392,1,1,3,2,
3392,2,1,3,2,
3392,3,1,3,2,
3392,4,3,4,2,
3392,5,1,3,2,
3392,6,1,3,2,
3392,7,1,3,2,
3392,8,3,4,2,
3392,9,1,3,2,
3392,10,2,2,2,
3392,11,1,3,2,
3393,1,1,3,2,
3393,2,1,3,2,
3393,3,1,3,2,
3393,4,1,3,2,
3393,5,1,3,2,
3393,6,1,3,2,
3393,7,1,3,2,
3393,8,3,4,2,
3393,9,1,3,2,
3393,10,2,2,2,
3393,11,1,3,2,
3394,1,1,3,2,
3394,2,1,3,2,
3394,3,1,3,2,
3394,4,1,3,2,
3394,5,1,3,2,
3394,6,1,3,2,
3394,7,1,3,2,
3394,8,3,4,2,
3394,9,1,3,2,
3394,10,1,3,2,
3394,11,1,3,2,
3395,1,1,3,2,
3395,2,1,3,2,
3395,3,1,3,2,
3395,4,1,3,2,
3395,5,1,3,2,
3395,6,1,3,2,
3395,7,1,3,2,
3395,8,3,4,2,
3395,9,1,3,2,
3395,10,1,3,2,
3395,11,1,3,2,
3396,1,1,3,2,
3396,2,1,3,2,
3396,3,1,3,2,
3396,4,1,3,2,
3396,5,1,3,2,
3396,6,1,3,2,
3396,7,1,3,2,
3396,8,3,4,2,
3396,9,1,3,2,
3396,10,1,3,2,
3396,11,1,3,2,
3397,1,1,3,2,
3397,2,1,3,2,
3397,3,1,3,2,
3397,4,1,3,2,
3397,5,1,3,2,
3397,6,1,3,2,
3397,7,1,3,2,
3397,8,3,4,2,
3397,9,1,3,2,
3397,10,1,3,2,
3397,11,1,3,2,
3398,1,1,3,1,1
3398,2,1,3,2,
3398,3,1,3,2,
3398,4,1,3,1,1
3398,5,1,3,2,
3398,6,1,3,2,
3398,7,1,3,2,
3398,8,3,4,2,
3398,9,1,3,2,
3398,10,1,3,2,
3398,11,1,3,2,
3399,1,1,3,2,
3399,2,1,3,2,
3399,3,1,3,2,
3399,4,1,3,2,
3399,5,1,3,2,
3399,6,1,3,2,
3399,7,1,3,2,
3399,8,3,4,2,
3399,9,1,3,2,
3399,10,1,3,2,
3399,11,1,3,2,
3400,1,1,3,2,
3400,2,1,3,2,
3400,3,1,3,2,
3400,4,1,3,2,
3400,5,1,3,2,
3400,6,1,3,2,
3400,7,1,3,2,
3400,8,3,4,2,
3400,9,1,3,2,
3400,10,1,3,2,
3400,11,1,3,2,
3401,1,1,3,2,
3401,2,1,3,2,
3401,3,1,3,2,
3401,4,1,3,2,
3401,5,1,3,2,
3401,6,1,3,2,
3401,7,1,3,2,
3401,8,3,4,2,
3401,9,1,3,2,
3401,10,1,3,2,
3401,11,1,3,2,
3402,1,1,3,2,
3402,2,1,3,2,
3402,3,1,3,2,
3402,4,1,3,2,
3402,5,1,3,2,
3402,6,1,3,2,
3402,7,1,3,2,
3402,8,3,4,2,
3402,9,1,3,2,
3402,10,1,3,2,
3402,11,1,3,2,
3403,1,1,3,2,
3403,2,1,3,2,
3403,3,1,3,2,
3403,4,1,3,2,
3403,5,1,3,2,
3403,6,1,3,2,
3403,7,1,3,2,
3403,8,3,4,2,
3403,9,1,3,2,
3403,10,1,3,2,
3403,11,1,3,2,
3404,1,1,3,2,
3404,2,1,3,2,
3404,3,1,3,2,
3404,4,1,3,2,
3404,5,1,3,2,
3404,6,1,3,2,
3404,7,1,3,2,
3404,8,3,4,2,
3404,9,1,3,2,
3404,10,1,3,2,
3404,11,1,3,2,
3405,1,1,3,2,
3405,2,1,3,2,
3405,3,1,3,2,
3405,4,1,3,2,
3405,5,1,3,2,
3405,6,1,3,2,
3405,7,1,3,2,
3405,8,3,4,2,
3405,9,3,4,2,
3405,10,3,4,2,
3405,11,1,3,2,
3406,1,1,3,2,
3406,2,1,3,2,
3406,3,1,3,2,
3406,4,1,3,2,
3406,5,1,3,2,
3406,6,1,3,2,
3406,7,1,3,2,
3406,8,3,4,2,
3406,9,1,3,2,
3406,10,3,4,2,
3406,11,1,3,2,
3407,1,1,3,2,
3407,2,1,3,2,
3407,3,1,3,2,
3407,4,1,3,2,
3407,5,1,3,2,
3407,6,1,3,2,
3407,7,1,3,2,
3407,8,3,4,2,
3407,9,1,3,2,
3407,10,3,4,2,
3407,11,1,3,2,
3408,1,1,3,2,
3408,2,1,3,2,
3408,3,1,3,2,
3408,4,1,3,2,
3408,5,1,3,2,
3408,6,1,3,2,
3408,7,1,3,2,
3408,8,3,4,2,
3408,9,1,3,2,
3408,10,1,3,2,
3408,11,1,3,2,
3409,1,1,3,2,
3409,2,1,3,2,
3409,3,1,3,2,
3409,4,1,3,2,
3409,5,1,3,2,
3409,6,1,3,2,
3409,7,1,3,2,
3409,8,3,4,2,
3409,9,1,3,2,
3409,10,3,3,2,
3409,11,1,3,2,
3410,1,1,3,2,
3410,2,1,3,2,
3410,3,1,3,2,
3410,4,1,3,2,
3410,5,1,3,2,
3410,6,1,3,2,
3410,7,1,3,2,
3410,8,3,4,2,
3410,9,1,3,2,
3410,10,1,3,2,
3410,11,1,3,2,
3411,1,1,3,2,
3411,2,1,3,2,
3411,3,2,3,2,
3411,4,1,3,2,
3411,5,1,3,2,
3411,6,1,3,2,
3411,7,1,3,2,
3411,8,3,4,2,
3411,9,1,3,2,
3411,10,1,3,2,
3411,11,1,3,2,
3412,1,1,3,2,
3412,2,3,4,2,
3412,3,3,4,2,
3412,4,1,3,2,
3412,5,1,3,2,
3412,6,1,3,2,
3412,7,1,3,2,
3412,8,1,3,2,
3412,9,1,3,2,
3412,10,1,3,2,
3412,11,2,2,2,
3413,1,1,3,2,
3413,2,3,4,2,
3413,3,3,4,2,
3413,4,3,4,2,
3413,5,2,3,2,
3413,6,1,3,2,
3413,7,2,3,2,
3413,8,1,3,2,
3413,9,2,3,2,
3413,10,3,4,2,
3413,11,2,3,2,
3414,1,1,3,2,
3414,2,3,4,2,
3414,3,3,4,2,
3414,4,3,4,2,
3414,5,1,3,2,
3414,6,1,3,2,
3414,7,1,3,2,
3414,8,1,3,2,
3414,9,1,3,2,
3414,10,3,4,2,
3414,11,2,2,1,2
3415,1,1,3,2,
3415,2,3,4,2,
3415,3,3,4,2,
3415,4,1,3,2,
3415,5,2,3,1,2
3415,6,1,3,2,
3415,7,3,4,2,
3415,8,1,3,2,
3415,9,1,3,2,
3415,10,3,4,2,
3415,11,2,3,2,
3416,1,1,3,2,
3416,2,3,4,2,
3416,3,3,4,2,
3416,4,3,4,2,
3416,5,2,3,1,2
3416,6,2,3,2,
3416,7,2,3,1,2
3416,8,1,3,2,
3416,9,2,3,2,
3416,10,1,3,2,
3416,11,2,3,2,
3417,1,1,3,2,
3417,2,3,4,2,
3417,3,3,4,2,
3417,4,1,3,2,
3417,5,1,3,2,
3417,6,1,3,2,
3417,7,1,3,2,
3417,8,1,3,2,
3417,9,1,3,2,
3417,10,3,4,2,
3417,11,2,3,2,
3418,1,1,3,2,
3418,2,3,4,2,
3418,3,3,4,2,
3418,4,3,4,2,
3418,5,1,3,2,
3418,6,1,3,2,
3418,7,2,3,2,
3418,8,1,3,2,
3418,9,1,3,2,
3418,10,1,3,2,
3418,11,2,3,2,
3419,1,1,3,2,
3419,2,3,4,2,
3419,3,3,4,2,
3419,4,1,3,2,
3419,5,2,3,2,
3419,6,1,3,2,
3419,7,2,3,2,
3419,8,1,3,2,
3419,9,1,3,2,
3419,10,3,4,2,
3419,11,2,3,2,
3420,1,1,3,2,
3420,2,3,4,2,
3420,3,3,4,2,
3420,4,1,3,2,
3420,5,2,3,2,
3420,6,1,3,2,
3420,7,1,3,2,
3420,8,1,3,2,
3420,9,1,3,2,
3420,10,3,4,2,
3420,11,2,3,2,
3421,1,2,3,2,
3421,2,2,3,2,
3421,3,2,3,2,
3421,4,3,4,2,
3421,5,1,3,2,
3421,6,1,3,2,
3421,7,1,3,2,
3421,8,2,3,2,
3421,9,3,4,2,
3421,10,1,3,2,
3421,11,1,3,2,
3422,1,2,3,2,
3422,2,2,3,2,
3422,3,2,3,2,
3422,4,1,3,2,
3422,5,1,3,2,
3422,6,1,3,2,
3422,7,1,3,2,
3422,8,2,3,2,
3422,9,1,3,2,
3422,10,3,4,2,
3422,11,1,3,2,
3423,1,1,3,2,
3423,2,2,2,2,
3423,3,2,3,2,
3423,4,1,3,2,
3423,5,1,3,2,
3423,6,1,3,2,
3423,7,1,3,2,
3423,8,1,3,2,
3423,9,1,3,2,
3423,10,1,3,2,
3423,11,1,3,2,
3424,1,2,3,2,
3424,2,2,3,2,
3424,3,2,3,2,
3424,4,1,3,2,
3424,5,1,3,2,
3424,6,1,3,2,
3424,7,1,3,2,
3424,8,3,4,2,
3424,9,1,3,2,
3424,10,1,3,2,
3424,11,1,3,2,
3425,1,2,3,2,
3425,2,2,3,2,
3425,3,2,3,2,
3425,4,3,4,2,
3425,5,1,3,2,
3425,6,1,3,2,
3425,7,1,3,2,
3425,8,1,3,2,
3425,9,1,3,2,
3425,10,3,4,2,
3425,11,1,3,2,
3426,1,1,3,2,
3426,2,2,3,2,
3426,3,2,3,2,
3426,4,2,3,2,
3426,5,1,3,2,
3426,6,1,3,2,
3426,7,1,3,2,
3426,8,1,3,2,
3426,9,3,4,2,
3426,10,1,3,2,
3426,11,1,3,2,
3427,1,1,3,2,
3427,2,2,3,2,
3427,3,2,3,2,
3427,4,1,3,2,
3427,5,1,3,2,
3427,6,1,3,2,
3427,7,1,3,2,
3427,8,1,3,2,
3427,9,1,3,2,
3427,10,1,3,2,
3427,11,1,3,2,
3428,1,1,3,2,
3428,2,2,3,2,
3428,3,2,3,2,
3428,4,1,3,2,
3428,5,1,3,2,
3428,6,1,3,2,
3428,7,1,3,2,
3428,8,1,3,2,
3428,9,3,4,2,
3428,10,1,3,2,
3428,11,1,3,2,
3429,1,2,3,2,
3429,2,2,3,2,
3429,3,2,3,2,
3429,4,3,4,2,
3429,5,1,3,2,
3429,6,1,3,2,
3429,7,1,3,2,
3429,8,1,3,2,
3429,9,3,4,2,
3429,10,3,4,2,
3429,11,1,3,2,
3430,1,2,3,2,
3430,2,1,3,2,
3430,3,1,3,2,
3430,4,1,3,2,
3430,5,1,3,2,
3430,6,1,1,2,
3430,7,1,1,2,
3430,8,2,3,2,
3430,9,1,1,2,
3430,10,3,4,2,
3430,11,1,3,2,
3431,1,2,3,2,
3431,2,1,3,2,
3431,3,1,3,2,
3431,4,1,3,2,
3431,5,1,3,2,
3431,6,1,3,2,
3431,7,1,1,2,
3431,8,2,3,2,
3431,9,1,3,2,
3431,10,1,3,2,
3431,11,1,3,2,
3432,1,2,3,2,
3432,2,1,3,2,
3432,3,1,3,2,
3432,4,1,1,2,
3432,5,1,3,2,
3432,6,1,1,2,
3432,7,1,1,2,
3432,8,2,3,2,
3432,9,1,3,2,
3432,10,1,3,2,
3432,11,1,3,2,
3433,1,2,3,2,
3433,2,1,3,2,
3433,3,1,1,2,
3433,4,1,3,2,
3433,5,1,3,2,
3433,6,1,3,2,
3433,7,1,1,2,
3433,8,2,3,2,
3433,9,1,3,2,
3433,10,3,4,2,
3433,11,1,3,2,
3434,1,2,3,2,
3434,2,1,3,2,
3434,3,1,3,2,
3434,4,1,3,2,
3434,5,1,3,2,
3434,6,1,3,2,
3434,7,1,3,2,
3434,8,2,3,2,
3434,9,1,3,2,
3434,10,1,3,2,
3434,11,1,3,2,
3435,1,2,3,2,
3435,2,1,3,2,
3435,3,1,3,2,
3435,4,3,4,2,
3435,5,1,3,2,
3435,6,1,1,2,
3435,7,1,1,2,
3435,8,2,3,2,
3435,9,1,3,2,
3435,10,3,4,2,
3435,11,1,3,2,
3436,1,2,3,2,
3436,2,1,3,2,
3436,3,1,3,2,
3436,4,1,3,2,
3436,5,1,3,2,
3436,6,1,1,2,
3436,7,1,1,2,
3436,8,2,3,2,
3436,9,1,3,2,
3436,10,3,4,2,
3436,11,1,3,2,
3437,1,1,3,2,
3437,2,1,3,2,
3437,3,1,3,2,
3437,4,1,3,2,
3437,5,1,3,2,
3437,6,1,1,2,
3437,7,3,4,2,
3437,8,2,3,2,
3437,9,1,3,2,
3437,10,3,4,2,
3437,11,1,3,2,
3438,1,2,3,2,
3438,2,1,3,2,
3438,3,1,3,2,
3438,4,1,3,2,
3438,5,1,3,2,
3438,6,1,3,2,
3438,7,1,3,2,
3438,8,2,3,2,
3438,9,1,3,2,
3438,10,3,4,2,
3438,11,1,3,2,
3439,1,2,2,2,
3439,2,2,2,2,
3439,3,2,2,2,
3439,4,1,1,2,
3439,5,1,1,2,
3439,6,1,1,2,
3439,7,2,2,2,
3439,8,2,2,2,
3439,9,2,2,2,
3439,10,2,2,2,
3439,11,2,2,2,
3440,1,2,2,2,
3440,2,2,2,2,
3440,3,2,2,2,
3440,4,1,1,2,
3440,5,1,1,2,
3440,6,1,1,2,
3440,7,2,2,2,
3440,8,2,2,2,
3440,9,2,2,2,
3440,10,2,2,2,
3440,11,2,2,2,
3441,1,2,2,2,
3441,2,2,2,2,
3441,3,2,2,2,
3441,4,1,1,2,
3441,5,1,1,2,
3441,6,2,2,2,
3441,7,2,2,2,
3441,8,2,2,2,
3441,9,2,2,2,
3441,10,1,1,2,
3441,11,1,1,2,
3442,1,2,2,2,
3442,2,2,2,2,
3442,3,2,2,2,
3442,4,1,1,2,
3442,5,1,1,2,
3442,6,2,2,2,
3442,7,1,1,2,
3442,8,2,2,2,
3442,9,2,2,2,
3442,10,2,2,2,
3442,11,2,2,2,
3443,1,2,2,2,
3443,2,2,2,2,
3443,3,2,2,2,
3443,4,1,1,2,
3443,5,1,1,2,
3443,6,2,2,2,
3443,7,2,2,2,
3443,8,2,2,2,
3443,9,2,2,2,
3443,10,2,2,2,
3443,11,1,1,2,
3444,1,2,2,2,
3444,2,2,2,2,
3444,3,2,2,2,
3444,4,1,1,2,
3444,5,1,1,2,
3444,6,1,1,2,
3444,7,2,2,2,
3444,8,2,2,2,
3444,9,2,2,2,
3444,10,2,2,2,
3444,11,1,1,2,
3445,1,2,2,2,
3445,2,2,2,2,
3445,3,2,2,2,
3445,4,1,1,2,
3445,5,1,1,2,
3445,6,2,2,2,
3445,7,2,2,2,
3445,8,2,2,2,
3445,9,2,2,2,
3445,10,2,2,2,
3445,11,1,1,2,
3446,1,2,2,2,
3446,2,2,2,2,
3446,3,2,2,2,
3446,4,1,1,2,
3446,5,1,1,2,
3446,6,2,2,2,
3446,7,2,2,2,
3446,8,2,2,2,
3446,9,1,1,2,
3446,10,1,1,2,
3446,11,1,1,2,
3447,1,2,2,2,
3447,2,2,2,2,
3447,3,2,2,2,
3447,4,1,1,2,
3447,5,1,1,2,
3447,6,1,1,2,
3447,7,2,2,2,
3447,8,2,2,2,
3447,9,2,2,2,
3447,10,2,2,2,
3447,11,1,1,2,
3448,1,1,3,2,
3448,2,1,3,2,
3448,3,1,3,2,
3448,4,1,3,2,
3448,5,1,3,2,
3448,6,1,1,2,
3448,7,1,1,2,
3448,8,2,3,2,
3448,9,1,1,2,
3448,10,1,1,2,
3448,11,1,1,2,
3449,1,1,3,2,
3449,2,1,3,2,
3449,3,1,3,2,
3449,4,1,3,2,
3449,5,1,3,2,
3449,6,1,1,2,
3449,7,1,1,2,
3449,8,2,3,2,
3449,9,1,1,2,
3449,10,1,1,2,
3449,11,1,1,2,
3450,1,1,1,2,
3450,2,1,3,2,
3450,3,1,3,2,
3450,4,1,3,2,
3450,5,1,3,2,
3450,6,1,1,2,
3450,7,1,1,2,
3450,8,2,3,2,
3450,9,1,1,2,
3450,10,1,1,2,
3450,11,1,1,2,
3451,1,1,3,2,
3451,2,1,3,2,
3451,3,1,3,2,
3451,4,1,3,2,
3451,5,1,3,2,
3451,6,1,1,2,
3451,7,1,1,2,
3451,8,2,3,2,
3451,9,1,1,2,
3451,10,1,1,2,
3451,11,1,1,2,
3452,1,1,3,2,
3452,2,1,3,2,
3452,3,1,3,2,
3452,4,3,4,2,
3452,5,1,3,2,
3452,6,1,1,2,
3452,7,1,1,2,
3452,8,2,3,2,
3452,9,1,1,2,
3452,10,1,1,2,
3452,11,1,1,2,
3453,1,1,1,2,
3453,2,1,3,2,
3453,3,1,3,2,
3453,4,1,3,2,
3453,5,1,3,2,
3453,6,1,1,2,
3453,7,1,1,2,
3453,8,2,3,2,
3453,9,1,1,2,
3453,10,1,1,2,
3453,11,1,1,2,
3454,1,1,1,2,
3454,2,1,3,2,
3454,3,1,3,2,
3454,4,1,3,2,
3454,5,1,3,2,
3454,6,1,1,2,
3454,7,1,1,2,
3454,8,2,3,2,
3454,9,1,1,2,
3454,10,1,1,2,
3454,11,1,1,2,
3455,1,1,1,2,
3455,2,1,3,2,
3455,3,1,3,2,
3455,4,3,4,2,
3455,5,1,3,2,
3455,6,1,1,2,
3455,7,1,1,2,
3455,8,3,4,2,
3455,9,1,1,2,
3455,10,1,1,2,
3455,11,1,1,2,
3456,1,1,1,2,
3456,2,1,3,2,
3456,3,1,3,2,
3456,4,1,3,2,
3456,5,1,3,2,
3456,6,1,1,2,
3456,7,1,1,2,
3456,8,2,3,2,
3456,9,1,1,2,
3456,10,1,1,2,
3456,11,1,1,2,
3457,1,1,3,2,
3457,2,1,3,2,
3457,3,1,1,2,
3457,4,1,3,2,
3457,5,1,3,2,
3457,6,3,4,2,
3457,7,1,1,2,
3457,8,3,4,2,
3457,9,2,2,2,
3457,10,3,4,2,
3457,11,1,1,2,
3458,1,1,1,2,
3458,2,1,3,2,
3458,3,1,1,2,
3458,4,1,3,2,
3458,5,1,1,2,
3458,6,3,4,2,
3458,7,1,1,2,
3458,8,3,4,2,
3458,9,1,1,2,
3458,10,3,4,2,
3458,11,3,4,2,
3459,1,1,1,2,
3459,2,1,1,2,
3459,3,1,1,2,
3459,4,3,4,2,
3459,5,1,1,2,
3459,6,3,4,2,
3459,7,1,1,2,
3459,8,3,4,2,
3459,9,1,1,2,
3459,10,3,4,2,
3459,11,3,4,2,
3460,1,1,1,2,
3460,2,1,3,2,
3460,3,1,1,2,
3460,4,1,3,2,
3460,5,1,3,2,
3460,6,1,1,2,
3460,7,1,1,2,
3460,8,3,4,2,
3460,9,2,2,2,
3460,10,2,2,2,
3460,11,1,1,2,
3461,1,1,3,2,
3461,2,1,3,2,
3461,3,1,1,2,
3461,4,1,3,2,
3461,5,1,3,2,
3461,6,3,4,2,
3461,7,1,1,2,
3461,8,3,4,2,
3461,9,3,4,2,
3461,10,2,2,2,
3461,11,2,3,2,
3462,1,1,1,2,
3462,2,1,3,2,
3462,3,1,1,2,
3462,4,1,1,2,
3462,5,1,1,2,
3462,6,1,1,2,
3462,7,1,1,2,
3462,8,3,4,2,
3462,9,2,2,2,
3462,10,2,2,2,
3462,11,2,3,2,
3463,1,1,1,2,
3463,2,1,1,2,
3463,3,1,1,2,
3463,4,1,1,2,
3463,5,1,1,2,
3463,6,3,4,2,
3463,7,3,4,2,
3463,8,3,4,2,
3463,9,1,1,2,
3463,10,2,2,2,
3463,11,3,4,2,
3464,1,1,1,2,
3464,2,1,1,2,
3464,3,1,1,2,
3464,4,1,1,2,
3464,5,1,1,2,
3464,6,3,4,2,
3464,7,1,1,2,
3464,8,3,4,2,
3464,9,2,2,2,
3464,10,3,4,2,
3464,11,3,4,2,
3465,1,1,3,2,
3465,2,1,3,2,
3465,3,1,1,2,
3465,4,3,4,2,
3465,5,1,3,2,
3465,6,3,4,2,
3465,7,3,4,2,
3465,8,3,4,2,
3465,9,3,4,2,
3465,10,3,4,2,
3465,11,1,3,2,
3466,1,1,3,2,
3466,2,1,3,2,
3466,3,1,3,2,
3466,4,1,3,2,
3466,5,1,3,2,
3466,6,1,3,2,
3466,7,3,4,2,
3466,8,3,4,2,
3466,9,2,3,2,
3466,10,3,4,2,
3466,11,1,3,2,
3467,1,1,3,2,
3467,2,1,3,2,
3467,3,1,3,2,
3467,4,1,3,2,
3467,5,1,3,2,
3467,6,1,3,2,
3467,7,3,4,2,
3467,8,3,4,2,
3467,9,2,3,2,
3467,10,3,4,2,
3467,11,1,3,2,
3468,1,1,3,2,
3468,2,1,3,2,
3468,3,1,3,2,
3468,4,1,3,2,
3468,5,1,3,2,
3468,6,3,4,2,
3468,7,3,4,2,
3468,8,3,4,2,
3468,9,1,3,2,
3468,10,1,3,2,
3468,11,1,3,2,
3469,1,1,3,2,
3469,2,1,3,2,
3469,3,1,3,2,
3469,4,1,3,2,
3469,5,1,3,2,
3469,6,1,3,2,
3469,7,3,4,2,
3469,8,3,4,2,
3469,9,2,3,2,
3469,10,3,4,2,
3469,11,1,3,2,
3470,1,1,3,2,
3470,2,1,3,2,
3470,3,1,3,2,
3470,4,1,3,2,
3470,5,1,3,2,
3470,6,3,4,2,
3470,7,3,4,2,
3470,8,3,4,2,
3470,9,1,3,2,
3470,10,1,3,2,
3470,11,1,3,2,
3471,1,1,3,2,
3471,2,1,3,2,
3471,3,1,3,2,
3471,4,1,3,2,
3471,5,1,3,2,
3471,6,3,4,2,
3471,7,1,3,2,
3471,8,3,4,2,
3471,9,3,4,2,
3471,10,3,4,2,
3471,11,1,3,2,
3472,1,1,3,2,
3472,2,1,3,2,
3472,3,1,3,2,
3472,4,1,3,2,
3472,5,1,3,2,
3472,6,3,4,2,
3472,7,3,4,2,
3472,8,3,4,2,
3472,9,3,4,2,
3472,10,3,4,2,
3472,11,1,3,2,
3473,1,1,3,2,
3473,2,1,3,2,
3473,3,1,3,2,
3473,4,1,3,2,
3473,5,1,3,2,
3473,6,1,3,2,
3473,7,1,3,2,
3473,8,3,4,2,
3473,9,2,3,2,
3473,10,3,4,2,
3473,11,1,3,2,
3474,1,1,3,2,
3474,2,1,3,2,
3474,3,1,3,2,
3474,4,1,3,2,
3474,5,1,3,2,
3474,6,3,4,2,
3474,7,3,4,2,
3474,8,3,4,2,
3474,9,3,4,2,
3474,10,1,3,2,
3474,11,1,3,2,
3475,1,1,3,2,
3475,2,1,3,2,
3475,3,1,3,2,
3475,4,1,3,2,
3475,5,1,3,2,
3475,6,1,3,2,
3475,7,1,3,2,
3475,8,3,4,2,
3475,9,1,3,2,
3475,10,1,3,2,
3475,11,1,3,2,
3476,1,1,3,2,
3476,2,1,3,2,
3476,3,1,3,2,
3476,4,1,3,2,
3476,5,1,3,2,
3476,6,1,3,2,
3476,7,1,3,2,
3476,8,3,4,2,
3476,9,1,3,2,
3476,10,1,3,2,
3476,11,1,3,2,
3477,1,1,3,2,
3477,2,1,3,2,
3477,3,1,3,2,
3477,4,1,3,2,
3477,5,1,3,2,
3477,6,1,3,2,
3477,7,1,3,2,
3477,8,3,4,2,
3477,9,1,3,2,
3477,10,1,3,2,
3477,11,1,3,2,
3478,1,1,3,2,
3478,2,1,3,2,
3478,3,1,3,2,
3478,4,1,3,2,
3478,5,1,3,2,
3478,6,1,3,2,
3478,7,1,3,2,
3478,8,3,4,2,
3478,9,1,3,2,
3478,10,1,3,2,
3478,11,1,3,2,
3479,1,1,3,2,
3479,2,1,3,2,
3479,3,1,3,2,
3479,4,1,3,2,
3479,5,1,3,2,
3479,6,1,3,2,
3479,7,1,3,2,
3479,8,3,4,2,
3479,9,1,3,2,
3479,10,1,3,2,
3479,11,1,3,2,
3480,1,1,3,2,
3480,2,1,3,2,
3480,3,1,3,2,
3480,4,1,3,2,
3480,5,1,3,2,
3480,6,1,3,2,
3480,7,1,3,2,
3480,8,3,4,2,
3480,9,1,3,2,
3480,10,1,3,2,
3480,11,1,3,2,
3481,1,1,3,2,
3481,2,1,3,2,
3481,3,1,3,2,
3481,4,1,3,2,
3481,5,1,3,2,
3481,6,1,3,2,
3481,7,1,3,2,
3481,8,3,4,2,
3481,9,1,3,2,
3481,10,1,3,2,
3481,11,1,3,2,
3482,1,1,3,2,
3482,2,1,3,2,
3482,3,1,3,2,
3482,4,1,3,2,
3482,5,1,3,2,
3482,6,1,3,2,
3482,7,1,3,2,
3482,8,3,4,2,
3482,9,1,3,2,
3482,10,1,3,2,
3482,11,1,3,2,
3483,1,1,3,2,
3483,2,1,3,2,
3483,3,1,3,2,
3483,4,1,3,2,
3483,5,1,3,2,
3483,6,1,3,2,
3483,7,1,3,2,
3483,8,3,4,2,
3483,9,1,3,2,
3483,10,1,3,2,
3483,11,1,3,2,
3484,1,1,3,2,
3484,2,1,3,2,
3484,3,1,3,2,
3484,4,1,3,2,
3484,5,2,2,2,
3484,6,1,1,2,
3484,7,2,4,2,
3484,8,3,4,2,
3484,9,2,2,2,
3484,10,3,4,2,
3484,11,2,3,2,
3485,1,1,3,2,
3485,2,1,3,2,
3485,3,1,3,2,
3485,4,1,3,2,
3485,5,1,3,2,
3485,6,1,3,2,
3485,7,3,4,2,
3485,8,3,4,2,
3485,9,3,4,2,
3485,10,3,4,2,
3485,11,3,4,2,
3486,1,1,1,2,
3486,2,1,1,2,
3486,3,2,1,2,
3486,4,1,3,2,
3486,5,1,2,2,
3486,6,1,3,2,
3486,7,2,3,2,
3486,8,2,3,1,2
3486,9,2,3,1,2
3486,10,3,1,2,
3486,11,2,3,2,
3487,1,1,3,2,
3487,2,1,3,2,
3487,3,1,3,2,
3487,4,1,3,2,
3487,5,1,3,2,
3487,6,1,3,2,
3487,7,1,3,2,
3487,8,3,4,2,
3487,9,3,4,2,
3487,10,2,3,2,
3487,11,2,3,2,
3488,1,1,3,2,
3488,2,1,3,2,
3488,3,1,3,2,
3488,4,1,3,2,
3488,5,1,2,2,
3488,6,1,1,2,
3488,7,3,4,2,
3488,8,3,4,2,
3488,9,2,3,2,
3488,10,3,4,2,
3488,11,2,1,2,
3489,1,1,3,2,
3489,2,1,3,2,
3489,3,1,3,2,
3489,4,1,3,2,
3489,5,1,3,2,
3489,6,1,3,2,
3489,7,3,4,2,
3489,8,3,4,2,
3489,9,2,3,2,
3489,10,2,3,2,
3489,11,2,3,2,
3490,1,1,3,2,
3490,2,1,3,2,
3490,3,1,3,2,
3490,4,1,3,2,
3490,5,1,3,2,
3490,6,1,3,2,
3490,7,1,3,2,
3490,8,2,3,2,
3490,9,1,3,2,
3490,10,3,4,2,
3490,11,2,3,2,
3491,1,1,3,2,
3491,2,1,3,2,
3491,3,1,3,2,
3491,4,1,3,2,
3491,5,1,3,2,
3491,6,1,3,2,
3491,7,2,3,2,
3491,8,3,4,2,
3491,9,3,4,2,
3491,10,3,4,2,
3491,11,3,4,2,
3492,1,1,1,2,
3492,2,1,3,2,
3492,3,1,3,2,
3492,4,1,3,2,
3492,5,1,3,2,
3492,6,1,1,2,
3492,7,1,4,2,
3492,8,3,4,2,
3492,9,2,3,2,
3492,10,3,4,2,
3492,11,2,3,2,
3493,1,1,1,2,
3493,2,1,1,2,
3493,3,1,1,2,
3493,4,1,1,2,
3493,5,1,1,2,
3493,6,1,1,2,
3493,7,1,1,2,
3493,8,3,4,2,
3493,9,1,1,2,
3493,10,3,4,2,
3493,11,1,1,2,
3494,1,1,1,2,
3494,2,1,1,2,
3494,3,2,3,2,
3494,4,1,1,2,
3494,5,1,1,2,
3494,6,1,1,2,
3494,7,1,1,2,
3494,8,3,4,2,
3494,9,2,2,2,
3494,10,1,1,2,
3494,11,1,1,2,
3495,1,1,1,2,
3495,2,1,1,2,
3495,3,1,1,2,
3495,4,1,1,2,
3495,5,1,1,2,
3495,6,1,1,2,
3495,7,3,4,2,
3495,8,3,4,2,
3495,9,1,3,2,
3495,10,3,4,2,
3495,11,1,1,2,
3496,1,1,1,2,
3496,2,1,1,2,
3496,3,1,1,2,
3496,4,1,1,2,
3496,5,1,1,2,
3496,6,1,1,2,
3496,7,1,1,2,
3496,8,3,4,2,
3496,9,1,1,2,
3496,10,3,4,2,
3496,11,1,1,2,
3497,1,1,1,2,
3497,2,1,1,2,
3497,3,1,1,2,
3497,4,1,1,2,
3497,5,1,1,2,
3497,6,1,1,2,
3497,7,1,1,2,
3497,8,3,4,2,
3497,9,1,1,2,
3497,10,1,1,2,
3497,11,1,1,2,
3498,1,1,1,2,
3498,2,1,1,2,
3498,3,1,1,2,
3498,4,1,1,2,
3498,5,1,1,2,
3498,6,1,1,2,
3498,7,3,4,2,
3498,8,3,4,2,
3498,9,2,2,2,
3498,10,2,2,2,
3498,11,1,1,2,
3499,1,1,1,2,
3499,2,1,1,2,
3499,3,1,2,2,
3499,4,2,1,2,
3499,5,1,1,2,
3499,6,1,1,2,
3499,7,3,4,2,
3499,8,3,4,2,
3499,9,2,2,2,
3499,10,3,4,2,
3499,11,1,1,2,
3500,1,1,1,2,
3500,2,1,1,2,
3500,3,1,1,2,
3500,4,1,1,2,
3500,5,1,1,2,
3500,6,1,1,2,
3500,7,1,1,2,
3500,8,3,4,2,
3500,9,2,2,2,
3500,10,3,4,2,
3500,11,1,1,2,
3501,1,1,1,2,
3501,2,1,1,2,
3501,3,1,1,2,
3501,4,1,1,2,
3501,5,1,1,2,
3501,6,1,1,2,
3501,7,1,1,2,
3501,8,3,4,2,
3501,9,2,2,2,
3501,10,3,4,2,
3501,11,1,1,2,
3502,1,1,3,2,
3502,2,1,3,2,
3502,3,1,3,2,
3502,4,1,3,2,
3502,5,1,3,2,
3502,6,1,3,2,
3502,7,1,3,2,
3502,8,3,4,2,
3502,9,1,3,2,
3502,10,3,4,2,
3502,11,1,3,2,
3503,1,1,3,2,
3503,2,1,3,2,
3503,3,1,3,2,
3503,4,1,3,2,
3503,5,1,3,2,
3503,6,1,3,2,
3503,7,1,3,2,
3503,8,3,4,2,
3503,9,1,3,2,
3503,10,1,3,2,
3503,11,1,3,2,
3504,1,1,3,2,
3504,2,1,3,2,
3504,3,1,3,2,
3504,4,1,3,2,
3504,5,1,3,2,
3504,6,1,3,2,
3504,7,1,3,2,
3504,8,3,4,2,
3504,9,1,3,2,
3504,10,1,3,2,
3504,11,1,3,2,
3505,1,1,3,2,
3505,2,1,3,2,
3505,3,1,3,2,
3505,4,1,3,2,
3505,5,1,3,2,
3505,6,1,3,2,
3505,7,1,3,2,
3505,8,3,4,2,
3505,9,1,3,2,
3505,10,3,4,2,
3505,11,1,3,2,
3506,1,1,3,2,
3506,2,1,3,2,
3506,3,2,1,1,2
3506,4,1,3,2,
3506,5,1,3,2,
3506,6,1,3,2,
3506,7,1,3,2,
3506,8,3,4,2,
3506,9,2,2,1,2
3506,10,2,2,2,
3506,11,3,4,2,
3507,1,1,3,2,
3507,2,1,3,2,
3507,3,1,3,2,
3507,4,1,3,2,
3507,5,1,3,2,
3507,6,1,3,2,
3507,7,1,3,2,
3507,8,3,4,2,
3507,9,1,3,2,
3507,10,1,3,2,
3507,11,3,4,2,
3508,1,1,3,2,
3508,2,1,3,2,
3508,3,1,3,2,
3508,4,1,3,2,
3508,5,1,3,2,
3508,6,1,3,2,
3508,7,1,3,2,
3508,8,3,4,2,
3508,9,1,3,2,
3508,10,1,3,2,
3508,11,2,3,2,
3509,1,1,3,2,
3509,2,1,3,2,
3509,3,1,3,2,
3509,4,1,3,2,
3509,5,1,3,2,
3509,6,1,3,2,
3509,7,1,3,2,
3509,8,3,4,2,
3509,9,1,3,2,
3509,10,1,3,2,
3509,11,1,3,2,
3510,1,1,3,2,
3510,2,1,3,2,
3510,3,1,3,2,
3510,4,1,3,2,
3510,5,1,3,2,
3510,6,3,4,2,
3510,7,3,4,2,
3510,8,3,4,2,
3510,9,3,4,2,
3510,10,3,4,2,
3510,11,2,3,2,
3511,1,1,3,2,
3511,2,1,3,2,
3511,3,1,3,2,
3511,4,1,3,2,
3511,5,1,3,2,
3511,6,1,3,2,
3511,7,3,4,2,
3511,8,3,4,2,
3511,9,2,2,1,2
3511,10,3,4,2,
3511,11,1,3,2,
3512,1,1,3,2,
3512,2,1,3,2,
3512,3,1,3,1,1
3512,4,1,3,2,
3512,5,1,3,2,
3512,6,1,3,2,
3512,7,3,4,2,
3512,8,3,4,2,
3512,9,2,2,1,2
3512,10,3,4,2,
3512,11,1,3,2,
3513,1,1,3,2,
3513,2,1,3,2,
3513,3,1,3,2,
3513,4,1,3,2,
3513,5,1,3,2,
3513,6,1,3,2,
3513,7,1,3,2,
3513,8,1,3,2,
3513,9,1,3,2,
3513,10,3,4,2,
3513,11,1,3,2,
3514,1,1,3,2,
3514,2,1,3,2,
3514,3,1,3,2,
3514,4,1,3,2,
3514,5,1,3,2,
3514,6,1,3,2,
3514,7,1,3,2,
3514,8,3,4,2,
3514,9,1,3,2,
3514,10,1,3,2,
3514,11,1,3,2,
3515,1,1,3,2,
3515,2,1,3,2,
3515,3,1,1,2,
3515,4,1,3,2,
3515,5,1,3,2,
3515,6,1,3,2,
3515,7,3,4,2,
3515,8,3,4,2,
3515,9,2,2,1,2
3515,10,3,3,2,
3515,11,1,3,2,
3516,1,1,3,2,
3516,2,1,3,2,
3516,3,1,3,2,
3516,4,1,3,2,
3516,5,1,3,2,
3516,6,1,3,2,
3516,7,3,4,2,
3516,8,3,4,2,
3516,9,3,4,2,
3516,10,3,4,2,
3516,11,1,3,2,
3517,1,1,3,2,
3517,2,1,3,2,
3517,3,2,3,2,
3517,4,1,3,2,
3517,5,1,3,2,
3517,6,1,3,2,
3517,7,1,3,2,
3517,8,3,4,2,
3517,9,3,4,2,
3517,10,3,4,2,
3517,11,1,3,2,
3518,1,1,3,2,
3518,2,1,3,2,
3518,3,1,1,1,1
3518,4,3,4,2,
3518,5,1,3,2,
3518,6,1,3,2,
3518,7,1,3,2,
3518,8,3,4,2,
3518,9,1,3,2,
3518,10,3,4,2,
3518,11,1,3,2,
3519,1,1,3,2,
3519,2,1,3,2,
3519,3,1,1,2,
3519,4,1,3,2,
3519,5,1,3,2,
3519,6,1,3,2,
3519,7,1,3,2,
3519,8,3,4,2,
3519,9,1,3,2,
3519,10,1,3,2,
3519,11,1,3,2,
3520,1,1,3,2,
3520,2,1,3,2,
3520,3,1,3,2,
3520,4,1,3,2,
3520,5,1,3,2,
3520,6,1,3,2,
3520,7,3,4,2,
3520,8,2,3,2,
3520,9,2,3,2,
3520,10,1,3,2,
3520,11,1,3,2,
3521,1,1,3,2,
3521,2,1,3,2,
3521,3,1,3,2,
3521,4,1,3,2,
3521,5,1,3,2,
3521,6,1,3,2,
3521,7,1,3,2,
3521,8,3,4,2,
3521,9,1,3,2,
3521,10,1,3,2,
3521,11,1,3,2,
3522,1,1,3,2,
3522,2,1,3,2,
3522,3,2,3,2,
3522,4,1,3,2,
3522,5,1,3,2,
3522,6,1,3,2,
3522,7,3,4,2,
3522,8,3,4,2,
3522,9,2,3,2,
3522,10,3,4,2,
3522,11,1,3,2,
3523,1,1,3,2,
3523,2,1,3,2,
3523,3,1,3,2,
3523,4,1,3,2,
3523,5,1,3,2,
3523,6,1,3,2,
3523,7,1,3,2,
3523,8,3,4,2,
3523,9,2,3,2,
3523,10,1,3,2,
3523,11,1,3,2,
3524,1,1,3,2,
3524,2,1,3,2,
3524,3,2,3,2,
3524,4,1,3,2,
3524,5,1,3,2,
3524,6,1,3,2,
3524,7,1,3,2,
3524,8,3,4,2,
3524,9,2,3,2,
3524,10,1,3,2,
3524,11,1,3,2,
3525,1,1,3,2,
3525,2,1,3,2,
3525,3,1,3,2,
3525,4,1,3,2,
3525,5,1,3,2,
3525,6,1,3,2,
3525,7,1,3,2,
3525,8,3,4,2,
3525,9,2,3,2,
3525,10,3,4,2,
3525,11,1,3,2,
3526,1,1,3,2,
3526,2,1,3,2,
3526,3,1,3,2,
3526,4,1,3,2,
3526,5,1,3,2,
3526,6,1,3,2,
3526,7,1,3,2,
3526,8,3,4,2,
3526,9,2,3,2,
3526,10,2,3,2,
3526,11,1,3,2,
3527,1,1,3,2,
3527,2,1,3,2,
3527,3,2,3,2,
3527,4,1,3,2,
3527,5,1,3,2,
3527,6,1,3,2,
3527,7,1,3,2,
3527,8,3,4,2,
3527,9,2,3,2,
3527,10,1,3,2,
3527,11,1,3,2,
3528,1,1,3,2,
3528,2,1,3,2,
3528,3,1,3,2,
3528,4,1,3,2,
3528,5,1,3,2,
3528,6,1,3,2,
3528,7,1,3,2,
3528,8,3,4,2,
3528,9,2,3,2,
3528,10,2,3,2,
3528,11,1,3,2,
3529,1,1,3,2,
3529,2,1,3,2,
3529,3,1,3,2,
3529,4,1,3,2,
3529,5,1,3,2,
3529,6,1,3,2,
3529,7,1,3,2,
3529,8,3,4,2,
3529,9,1,3,2,
3529,10,1,3,2,
3529,11,1,3,2,
3530,1,1,3,2,
3530,2,1,3,2,
3530,3,1,3,2,
3530,4,1,3,2,
3530,5,1,3,2,
3530,6,1,3,2,
3530,7,1,3,2,
3530,8,3,4,2,
3530,9,1,3,2,
3530,10,1,3,2,
3530,11,2,2,2,
3531,1,1,3,2,
3531,2,1,3,2,
3531,3,1,3,2,
3531,4,1,3,2,
3531,5,1,3,2,
3531,6,1,3,2,
3531,7,1,3,2,
3531,8,3,4,2,
3531,9,1,3,2,
3531,10,1,3,2,
3531,11,1,3,2,
3532,1,1,3,2,
3532,2,2,3,2,
3532,3,1,3,2,
3532,4,3,4,2,
3532,5,1,3,2,
3532,6,3,4,2,
3532,7,3,4,2,
3532,8,3,4,2,
3532,9,2,3,2,
3532,10,1,3,2,
3532,11,1,3,2,
3533,1,1,3,2,
3533,2,1,3,2,
3533,3,1,3,2,
3533,4,1,3,2,
3533,5,1,3,2,
3533,6,1,3,2,
3533,7,1,3,2,
3533,8,3,4,2,
3533,9,1,3,2,
3533,10,1,3,2,
3533,11,2,2,2,
3534,1,1,3,2,
3534,2,1,3,2,
3534,3,1,3,2,
3534,4,1,3,2,
3534,5,1,3,2,
3534,6,1,3,2,
3534,7,1,3,2,
3534,8,3,4,2,
3534,9,2,2,2,
3534,10,1,3,2,
3534,11,1,3,2,
3535,1,1,3,2,
3535,2,1,3,2,
3535,3,1,3,2,
3535,4,1,3,2,
3535,5,1,3,2,
3535,6,1,3,2,
3535,7,1,3,2,
3535,8,3,4,2,
3535,9,1,3,2,
3535,10,1,3,2,
3535,11,2,2,2,
3536,1,1,3,2,
3536,2,1,3,2,
3536,3,1,3,2,
3536,4,1,3,2,
3536,5,1,3,2,
3536,6,1,3,2,
3536,7,2,4,2,
3536,8,3,3,2,
3536,9,2,4,2,
3536,10,1,3,2,
3536,11,1,3,2,
3537,1,1,3,2,
3537,2,1,3,2,
3537,3,1,3,2,
3537,4,1,3,2,
3537,5,1,3,2,
3537,6,1,3,2,
3537,7,1,3,2,
3537,8,3,4,2,
3537,9,2,2,2,
3537,10,1,3,2,
3537,11,1,3,2,
3538,1,1,3,2,
3538,2,1,3,2,
3538,3,1,3,2,
3538,4,1,3,2,
3538,5,1,3,2,
3538,6,1,3,2,
3538,7,1,3,2,
3538,8,3,4,2,
3538,9,1,3,2,
3538,10,1,3,2,
3538,11,1,3,2,
3539,1,1,3,2,
3539,2,1,3,2,
3539,3,1,3,2,
3539,4,1,3,2,
3539,5,1,3,2,
3539,6,1,3,2,
3539,7,1,3,2,
3539,8,3,4,2,
3539,9,1,3,2,
3539,10,1,3,2,
3539,11,1,3,2,
3540,1,1,3,2,
3540,2,1,3,2,
3540,3,1,3,2,
3540,4,1,3,2,
3540,5,1,3,2,
3540,6,1,3,2,
3540,7,1,3,2,
3540,8,3,4,2,
3540,9,1,3,2,
3540,10,1,3,2,
3540,11,1,3,2,
3541,1,1,3,2,
3541,2,1,3,2,
3541,3,1,3,2,
3541,4,1,3,2,
3541,5,1,3,2,
3541,6,1,3,2,
3541,7,1,3,2,
3541,8,3,4,2,
3541,9,1,3,2,
3541,10,1,3,2,
3541,11,1,3,2,
3542,1,1,3,2,
3542,2,1,3,2,
3542,3,1,3,2,
3542,4,1,3,2,
3542,5,1,3,2,
3542,6,1,3,2,
3542,7,1,3,2,
3542,8,3,4,2,
3542,9,1,3,2,
3542,10,1,3,2,
3542,11,1,3,2,
3543,1,1,3,2,
3543,2,1,3,2,
3543,3,1,3,2,
3543,4,1,3,2,
3543,5,1,3,2,
3543,6,1,3,2,
3543,7,1,3,2,
3543,8,3,4,2,
3543,9,1,3,2,
3543,10,1,3,2,
3543,11,1,3,2,
3544,1,1,3,2,
3544,2,1,3,2,
3544,3,1,3,2,
3544,4,1,3,2,
3544,5,1,3,2,
3544,6,1,3,2,
3544,7,1,3,2,
3544,8,3,4,2,
3544,9,1,3,2,
3544,10,1,3,2,
3544,11,1,3,2,
3545,1,1,3,2,
3545,2,1,3,2,
3545,3,1,3,2,
3545,4,1,3,2,
3545,5,1,3,2,
3545,6,1,3,2,
3545,7,1,3,2,
3545,8,3,4,2,
3545,9,1,3,2,
3545,10,1,3,2,
3545,11,1,3,2,
3546,1,1,3,2,
3546,2,1,3,2,
3546,3,1,3,2,
3546,4,1,3,2,
3546,5,1,3,2,
3546,6,1,3,2,
3546,7,1,3,2,
3546,8,3,4,2,
3546,9,1,3,2,
3546,10,1,3,2,
3546,11,1,3,2,
3547,1,1,3,2,
3547,2,1,3,1,1
3547,3,1,3,2,
3547,4,1,3,2,
3547,5,1,3,1,1
3547,6,1,3,2,
3547,7,1,3,2,
3547,8,3,4,2,
3547,9,2,3,2,
3547,10,2,3,2,
3547,11,1,3,2,
3548,1,1,3,2,
3548,2,1,3,2,
3548,3,1,3,2,
3548,4,3,4,2,
3548,5,1,3,2,
3548,6,1,3,2,
3548,7,1,3,2,
3548,8,3,4,2,
3548,9,1,3,2,
3548,10,1,3,2,
3548,11,1,3,2,
3549,1,1,3,2,
3549,2,1,3,2,
3549,3,1,3,2,
3549,4,1,3,2,
3549,5,2,3,1,1
3549,6,1,3,2,
3549,7,1,3,2,
3549,8,3,4,2,
3549,9,1,3,2,
3549,10,2,3,2,
3549,11,1,3,2,
3550,1,1,3,1,1
3550,2,1,3,2,
3550,3,1,3,2,
3550,4,1,3,2,
3550,5,1,3,1,1
3550,6,1,3,2,
3550,7,1,3,2,
3550,8,3,4,2,
3550,9,1,3,2,
3550,10,1,3,2,
3550,11,1,3,2,
3551,1,1,3,2,
3551,2,1,3,2,
3551,3,1,3,2,
3551,4,3,4,2,
3551,5,1,3,2,
3551,6,1,3,2,
3551,7,1,3,2,
3551,8,3,4,2,
3551,9,1,3,2,
3551,10,1,3,2,
3551,11,1,3,2,
3552,1,2,3,1,2
3552,2,1,3,2,
3552,3,1,3,2,
3552,4,3,3,2,
3552,5,1,3,2,
3552,6,1,3,2,
3552,7,2,3,2,
3552,8,3,4,2,
3552,9,2,3,2,
3552,10,1,3,2,
3552,11,2,3,2,
3553,1,2,3,1,1
3553,2,1,3,2,
3553,3,1,1,2,
3553,4,1,3,2,
3553,5,1,3,2,
3553,6,1,3,2,
3553,7,1,3,2,
3553,8,3,4,2,
3553,9,1,3,2,
3553,10,1,3,2,
3553,11,1,3,2,
3554,1,1,3,2,
3554,2,1,3,2,
3554,3,1,3,2,
3554,4,1,3,2,
3554,5,1,3,2,
3554,6,1,3,2,
3554,7,1,3,2,
3554,8,3,4,2,
3554,9,1,3,2,
3554,10,1,3,2,
3554,11,1,3,2,
3555,1,1,3,2,
3555,2,1,3,2,
3555,3,1,3,2,
3555,4,3,3,2,
3555,5,1,3,2,
3555,6,3,3,2,
3555,7,3,3,2,
3555,8,3,4,2,
3555,9,2,3,2,
3555,10,1,3,2,
3555,11,1,3,2,
3556,1,1,3,2,
3556,2,1,3,2,
3556,3,1,3,2,
3556,4,1,3,2,
3556,5,1,3,2,
3556,6,1,3,2,
3556,7,1,3,2,
3556,8,3,4,2,
3556,9,2,3,2,
3556,10,3,4,2,
3556,11,1,3,2,
3557,1,1,3,2,
3557,2,1,3,2,
3557,3,1,3,2,
3557,4,1,3,2,
3557,5,1,3,2,
3557,6,1,3,2,
3557,7,1,3,2,
3557,8,3,4,2,
3557,9,1,3,2,
3557,10,1,3,2,
3557,11,1,3,2,
3558,1,1,3,2,
3558,2,1,3,2,
3558,3,1,3,2,
3558,4,1,3,2,
3558,5,1,3,2,
3558,6,3,4,2,
3558,7,1,3,2,
3558,8,3,4,2,
3558,9,1,3,2,
3558,10,3,4,2,
3558,11,1,3,2,
3559,1,1,3,2,
3559,2,1,3,2,
3559,3,1,3,2,
3559,4,1,3,2,
3559,5,1,3,2,
3559,6,1,3,2,
3559,7,3,4,2,
3559,8,3,4,2,
3559,9,2,4,2,
3559,10,3,4,2,
3559,11,1,3,2,
3560,1,1,3,2,
3560,2,1,3,2,
3560,3,1,3,2,
3560,4,1,3,2,
3560,5,1,3,2,
3560,6,3,4,2,
3560,7,3,4,2,
3560,8,3,4,2,
3560,9,3,4,2,
3560,10,1,3,2,
3560,11,3,4,2,
3561,1,1,3,2,
3561,2,1,3,2,
3561,3,1,3,2,
3561,4,1,3,2,
3561,5,1,3,2,
3561,6,1,3,2,
3561,7,1,3,2,
3561,8,3,4,2,
3561,9,1,3,2,
3561,10,1,3,2,
3561,11,1,3,2,
3562,1,1,3,2,
3562,2,1,3,2,
3562,3,1,3,2,
3562,4,1,3,2,
3562,5,1,3,2,
3562,6,1,3,2,
3562,7,3,4,2,
3562,8,3,4,2,
3562,9,2,3,2,
3562,10,2,3,2,
3562,11,1,3,2,
3563,1,1,3,2,
3563,2,1,3,2,
3563,3,1,3,2,
3563,4,1,3,2,
3563,5,1,3,2,
3563,6,1,3,2,
3563,7,1,3,2,
3563,8,3,4,2,
3563,9,1,3,2,
3563,10,3,4,2,
3563,11,1,3,2,
3564,1,1,3,2,
3564,2,1,3,2,
3564,3,1,3,2,
3564,4,1,3,2,
3564,5,1,3,2,
3564,6,1,3,2,
3564,7,1,3,2,
3564,8,3,4,2,
3564,9,1,3,2,
3564,10,3,4,2,
3564,11,1,3,2,
3565,1,1,1,2,
3565,2,1,3,2,
3565,3,1,1,2,
3565,4,1,3,2,
3565,5,1,3,2,
3565,6,1,1,2,
3565,7,1,1,2,
3565,8,3,4,2,
3565,9,1,1,2,
3565,10,1,4,2,
3565,11,1,1,2,
3566,1,1,1,2,
3566,2,1,1,2,
3566,3,1,1,2,
3566,4,1,1,2,
3566,5,1,1,2,
3566,6,1,1,2,
3566,7,1,1,2,
3566,8,3,4,2,
3566,9,1,1,2,
3566,10,1,1,2,
3566,11,1,1,2,
3567,1,1,1,2,
3567,2,1,1,2,
3567,3,1,1,2,
3567,4,1,1,2,
3567,5,1,1,2,
3567,6,1,1,2,
3567,7,1,1,2,
3567,8,3,4,2,
3567,9,1,1,2,
3567,10,1,1,2,
3567,11,1,1,2,
3568,1,1,1,2,
3568,2,1,1,2,
3568,3,1,1,2,
3568,4,1,1,2,
3568,5,1,1,2,
3568,6,1,1,2,
3568,7,1,1,2,
3568,8,3,4,2,
3568,9,1,1,2,
3568,10,1,1,2,
3568,11,1,1,2,
3569,1,1,1,2,
3569,2,1,3,2,
3569,3,1,1,2,
3569,4,1,3,2,
3569,5,1,3,2,
3569,6,1,1,2,
3569,7,1,1,2,
3569,8,3,4,2,
3569,9,1,1,2,
3569,10,1,1,2,
3569,11,1,1,2,
3570,1,1,1,2,
3570,2,1,1,2,
3570,3,1,1,2,
3570,4,3,4,2,
3570,5,1,1,2,
3570,6,1,1,2,
3570,7,3,4,2,
3570,8,3,4,2,
3570,9,1,1,2,
3570,10,3,4,2,
3570,11,1,1,2,
3571,1,1,1,2,
3571,2,1,1,2,
3571,3,1,1,2,
3571,4,1,1,2,
3571,5,1,1,2,
3571,6,1,1,2,
3571,7,1,1,2,
3571,8,3,4,2,
3571,9,1,1,2,
3571,10,1,1,2,
3571,11,1,1,2,
3572,1,1,1,2,
3572,2,1,1,2,
3572,3,1,1,2,
3572,4,1,1,2,
3572,5,1,1,2,
3572,6,1,1,2,
3572,7,1,1,2,
3572,8,3,4,2,
3572,9,1,1,2,
3572,10,1,1,2,
3572,11,1,1,2,
3573,1,1,1,2,
3573,2,1,1,2,
3573,3,1,1,2,
3573,4,1,1,2,
3573,5,1,1,2,
3573,6,1,1,2,
3573,7,1,1,2,
3573,8,3,4,2,
3573,9,1,1,2,
3573,10,1,1,2,
3573,11,1,1,2,
3574,1,2,3,2,
3574,2,2,3,2,
3574,3,1,3,2,
3574,4,1,3,2,
3574,5,1,1,2,
3574,6,2,3,2,
3574,7,1,1,2,
3574,8,1,3,2,
3574,9,1,3,2,
3574,10,2,3,2,
3574,11,1,3,2,
3575,1,1,3,2,
3575,2,1,3,2,
3575,3,1,1,2,
3575,4,1,1,2,
3575,5,2,3,2,
3575,6,2,3,2,
3575,7,2,3,2,
3575,8,1,1,2,
3575,9,1,3,2,
3575,10,2,2,2,
3575,11,1,1,2,
3576,1,1,3,2,
3576,2,1,1,2,
3576,3,2,1,1,1
3576,4,2,3,1,1
3576,5,2,3,2,
3576,6,2,3,2,
3576,7,1,3,2,
3576,8,1,1,2,
3576,9,2,2,2,
3576,10,2,2,2,
3576,11,1,1,2,
3577,1,2,3,2,
3577,2,1,3,2,
3577,3,2,1,2,
3577,4,2,1,2,
3577,5,2,1,2,
3577,6,2,3,2,
3577,7,2,3,2,
3577,8,1,3,2,
3577,9,2,3,2,
3577,10,2,2,2,
3577,11,1,1,2,
3578,1,2,3,1,2
3578,2,2,3,1,1
3578,3,2,3,1,2
3578,4,1,3,1,1
3578,5,1,1,2,
3578,6,2,1,2,
3578,7,2,1,2,
3578,8,1,3,2,
3578,9,2,3,2,
3578,10,1,3,2,
3578,11,1,3,2,
3579,1,2,3,2,
3579,2,2,1,2,
3579,3,2,3,2,
3579,4,1,1,2,
3579,5,1,3,2,
3579,6,2,3,2,
3579,7,2,1,2,
3579,8,2,3,2,
3579,9,2,2,2,
3579,10,2,2,2,
3579,11,1,1,2,
3580,1,2,3,2,
3580,2,1,3,2,
3580,3,2,2,2,
3580,4,2,3,2,
3580,5,2,1,2,
3580,6,2,3,2,
3580,7,1,1,1,1
3580,8,1,3,2,
3580,9,2,3,2,
3580,10,2,3,2,
3580,11,1,1,2,
3581,1,2,3,2,
3581,2,2,3,2,
3581,3,2,3,2,
3581,4,2,3,2,
3581,5,1,3,2,
3581,6,2,4,2,
3581,7,1,3,2,
3581,8,1,1,2,
3581,9,2,2,2,
3581,10,2,2,2,
3581,11,1,3,2,
3582,1,2,3,2,
3582,2,1,3,2,
3582,3,2,2,2,
3582,4,2,3,2,
3582,5,2,1,2,
3582,6,2,2,2,
3582,7,2,1,2,
3582,8,1,3,2,
3582,9,2,3,2,
3582,10,2,2,2,
3582,11,1,1,2,
3583,1,1,3,2,
3583,2,3,4,2,
3583,3,1,3,2,
3583,4,3,4,2,
3583,5,1,3,2,
3583,6,3,4,2,
3583,7,1,3,2,
3583,8,1,3,2,
3583,9,1,3,2,
3583,10,3,4,2,
3583,11,1,3,2,
3584,1,1,3,2,
3584,2,3,4,2,
3584,3,1,3,2,
3584,4,3,4,2,
3584,5,1,3,2,
3584,6,3,4,2,
3584,7,1,3,2,
3584,8,1,3,2,
3584,9,3,4,2,
3584,10,1,3,2,
3584,11,1,3,2,
3585,1,1,3,2,
3585,2,3,4,2,
3585,3,1,3,2,
3585,4,3,4,2,
3585,5,1,3,2,
3585,6,3,4,2,
3585,7,3,4,2,
3585,8,2,3,2,
3585,9,1,3,2,
3585,10,3,4,2,
3585,11,1,3,2,
3586,1,1,3,2,
3586,2,3,4,2,
3586,3,1,3,2,
3586,4,3,4,2,
3586,5,1,3,2,
3586,6,3,4,2,
3586,7,1,3,2,
3586,8,1,3,2,
3586,9,3,4,2,
3586,10,1,3,2,
3586,11,1,3,2,
3587,1,2,3,2,
3587,2,3,4,2,
3587,3,2,3,2,
3587,4,3,4,2,
3587,5,1,3,2,
3587,6,3,4,2,
3587,7,1,3,2,
3587,8,1,3,2,
3587,9,3,4,2,
3587,10,1,3,2,
3587,11,1,3,2,
3588,1,1,3,2,
3588,2,3,4,2,
3588,3,1,3,2,
3588,4,2,3,2,
3588,5,1,3,2,
3588,6,3,4,2,
3588,7,3,4,2,
3588,8,1,3,2,
3588,9,1,3,2,
3588,10,3,4,2,
3588,11,3,4,2,
3589,1,1,3,2,
3589,2,3,4,2,
3589,3,1,3,2,
3589,4,3,4,2,
3589,5,1,3,2,
3589,6,3,4,2,
3589,7,3,4,2,
3589,8,1,3,2,
3589,9,1,3,2,
3589,10,3,4,2,
3589,11,1,3,2,
3590,1,2,3,2,
3590,2,3,4,2,
3590,3,2,3,2,
3590,4,3,4,2,
3590,5,1,3,2,
3590,6,3,4,2,
3590,7,1,3,2,
3590,8,1,3,2,
3590,9,3,4,2,
3590,10,1,3,2,
3590,11,1,3,2,
3591,1,1,3,2,
3591,2,3,4,2,
3591,3,1,3,2,
3591,4,3,4,2,
3591,5,1,3,2,
3591,6,3,4,2,
3591,7,1,3,2,
3591,8,1,3,2,
3591,9,3,4,2,
3591,10,3,4,2,
3591,11,1,3,2,
3592,1,2,3,2,
3592,2,3,4,2,
3592,3,2,3,2,
3592,4,2,3,2,
3592,5,1,3,2,
3592,6,3,4,2,
3592,7,1,3,2,
3592,8,2,3,2,
3592,9,3,4,2,
3592,10,3,4,2,
3592,11,1,3,2,
3593,1,2,3,2,
3593,2,3,4,2,
3593,3,2,3,2,
3593,4,3,4,2,
3593,5,1,3,2,
3593,6,3,4,2,
3593,7,1,3,2,
3593,8,2,3,2,
3593,9,1,3,2,
3593,10,3,4,2,
3593,11,1,3,2,
3594,1,2,3,2,
3594,2,3,4,2,
3594,3,2,3,2,
3594,4,2,3,2,
3594,5,1,3,2,
3594,6,3,4,2,
3594,7,3,4,2,
3594,8,2,3,2,
3594,9,3,4,2,
3594,10,3,4,2,
3594,11,1,3,2,
3595,1,2,3,2,
3595,2,3,4,2,
3595,3,2,3,2,
3595,4,3,4,2,
3595,5,1,3,2,
3595,6,3,4,2,
3595,7,1,3,2,
3595,8,2,3,2,
3595,9,3,4,2,
3595,10,1,3,2,
3595,11,1,3,2,
3596,1,2,3,2,
3596,2,3,4,2,
3596,3,2,3,2,
3596,4,3,4,2,
3596,5,1,3,2,
3596,6,3,4,2,
3596,7,3,4,2,
3596,8,2,3,2,
3596,9,1,3,2,
3596,10,3,4,2,
3596,11,1,3,2,
3597,1,2,3,2,
3597,2,3,4,2,
3597,3,2,3,2,
3597,4,3,4,2,
3597,5,1,3,2,
3597,6,3,4,2,
3597,7,3,4,2,
3597,8,2,3,2,
3597,9,3,4,2,
3597,10,1,3,2,
3597,11,1,3,2,
3598,1,2,3,2,
3598,2,3,4,2,
3598,3,2,3,2,
3598,4,3,4,2,
3598,5,1,3,2,
3598,6,3,4,2,
3598,7,3,4,2,
3598,8,2,3,2,
3598,9,1,3,2,
3598,10,3,4,2,
3598,11,1,3,2,
3599,1,2,3,2,
3599,2,3,4,2,
3599,3,2,3,2,
3599,4,3,4,2,
3599,5,1,3,2,
3599,6,3,4,2,
3599,7,1,3,2,
3599,8,2,3,2,
3599,9,3,4,2,
3599,10,3,4,2,
3599,11,1,3,2,
3600,1,2,3,2,
3600,2,3,4,2,
3600,3,2,3,2,
3600,4,3,4,2,
3600,5,1,3,2,
3600,6,3,4,2,
3600,7,3,4,2,
3600,8,2,3,2,
3600,9,3,4,2,
3600,10,1,3,2,
3600,11,1,3,2,
3601,1,2,3,2,
3601,2,1,3,2,
3601,3,2,3,2,
3601,4,3,4,2,
3601,5,1,3,2,
3601,6,3,4,2,
3601,7,1,3,2,
3601,8,3,4,2,
3601,9,1,3,2,
3601,10,1,3,2,
3601,11,1,3,2,
3602,1,2,3,2,
3602,2,1,3,2,
3602,3,2,3,2,
3602,4,3,4,2,
3602,5,1,3,2,
3602,6,1,3,2,
3602,7,3,4,2,
3602,8,2,3,2,
3602,9,2,3,2,
3602,10,3,4,2,
3602,11,1,3,2,
3603,1,2,3,2,
3603,2,1,3,2,
3603,3,2,3,2,
3603,4,3,4,2,
3603,5,1,3,2,
3603,6,1,3,2,
3603,7,1,3,2,
3603,8,3,4,2,
3603,9,2,3,2,
3603,10,1,3,2,
3603,11,1,3,2,
3604,1,2,3,2,
3604,2,1,3,2,
3604,3,2,3,2,
3604,4,3,4,2,
3604,5,1,3,2,
3604,6,3,4,2,
3604,7,1,3,2,
3604,8,3,4,2,
3604,9,2,3,2,
3604,10,2,3,2,
3604,11,1,3,2,
3605,1,2,3,2,
3605,2,1,3,2,
3605,3,2,3,2,
3605,4,3,4,2,
3605,5,1,3,2,
3605,6,1,3,2,
3605,7,1,3,2,
3605,8,3,4,2,
3605,9,2,3,2,
3605,10,3,4,2,
3605,11,1,3,2,
3606,1,2,3,2,
3606,2,1,3,2,
3606,3,2,3,2,
3606,4,3,4,2,
3606,5,1,3,2,
3606,6,1,3,2,
3606,7,3,4,2,
3606,8,2,3,1,3
3606,9,2,3,2,
3606,10,3,4,2,
3606,11,1,3,2,
3607,1,2,3,2,
3607,2,1,3,2,
3607,3,2,3,2,
3607,4,3,4,2,
3607,5,1,3,2,
3607,6,1,3,2,
3607,7,1,3,2,
3607,8,3,4,2,
3607,9,2,3,2,
3607,10,1,3,2,
3607,11,1,3,2,
3608,1,2,3,2,
3608,2,1,3,2,
3608,3,2,3,2,
3608,4,3,4,2,
3608,5,1,3,2,
3608,6,1,3,2,
3608,7,1,3,2,
3608,8,3,4,2,
3608,9,2,3,2,
3608,10,2,4,2,
3608,11,1,3,2,
3609,1,2,3,2,
3609,2,1,3,2,
3609,3,2,3,2,
3609,4,3,4,2,
3609,5,1,3,2,
3609,6,1,3,2,
3609,7,1,3,2,
3609,8,2,3,2,
3609,9,2,3,2,
3609,10,3,4,2,
3609,11,1,3,2,
3610,1,2,3,2,
3610,2,2,3,2,
3610,3,1,1,2,
3610,4,3,4,2,
3610,5,1,1,2,
3610,6,1,1,2,
3610,7,3,4,2,
3610,8,1,1,2,
3610,9,1,1,2,
3610,10,1,1,2,
3610,11,2,3,2,
3611,1,1,1,2,
3611,2,1,1,2,
3611,3,1,1,2,
3611,4,3,4,2,
3611,5,1,1,2,
3611,6,1,1,2,
3611,7,1,1,2,
3611,8,1,1,2,
3611,9,1,1,2,
3611,10,1,1,2,
3611,11,1,1,2,
3612,1,2,3,2,
3612,2,2,3,2,
3612,3,1,1,2,
3612,4,3,4,2,
3612,5,2,3,2,
3612,6,1,1,2,
3612,7,1,1,2,
3612,8,1,1,2,
3612,9,1,1,2,
3612,10,3,4,2,
3612,11,1,1,2,
3613,1,1,1,2,
3613,2,2,3,2,
3613,3,1,1,2,
3613,4,3,4,2,
3613,5,1,1,2,
3613,6,1,1,2,
3613,7,1,1,2,
3613,8,1,1,2,
3613,9,1,1,2,
3613,10,1,1,2,
3613,11,1,1,2,
3614,1,1,1,2,
3614,2,2,3,2,
3614,3,1,1,2,
3614,4,3,4,2,
3614,5,1,1,2,
3614,6,1,1,2,
3614,7,1,1,2,
3614,8,1,1,2,
3614,9,1,1,2,
3614,10,3,4,2,
3614,11,1,1,2,
3615,1,1,1,2,
3615,2,2,3,2,
3615,3,1,1,2,
3615,4,3,4,2,
3615,5,1,1,2,
3615,6,1,1,2,
3615,7,3,4,2,
3615,8,1,1,2,
3615,9,2,3,2,
3615,10,1,1,2,
3615,11,1,1,2,
3616,1,1,1,2,
3616,2,1,1,2,
3616,3,1,1,2,
3616,4,3,4,2,
3616,5,1,1,2,
3616,6,1,1,2,
3616,7,1,1,2,
3616,8,3,4,2,
3616,9,1,1,2,
3616,10,3,4,2,
3616,11,1,1,2,
3617,1,2,3,2,
3617,2,3,4,2,
3617,3,1,1,2,
3617,4,3,4,2,
3617,5,1,1,2,
3617,6,1,1,2,
3617,7,3,4,2,
3617,8,1,1,2,
3617,9,2,3,2,
3617,10,3,4,2,
3617,11,1,1,2,
3618,1,1,1,2,
3618,2,2,3,2,
3618,3,1,1,2,
3618,4,3,4,2,
3618,5,2,3,2,
3618,6,1,1,2,
3618,7,1,1,2,
3618,8,1,1,2,
3618,9,1,1,2,
3618,10,1,1,2,
3618,11,1,1,2,
3619,1,1,1,2,
3619,2,1,3,2,
3619,3,1,1,2,
3619,4,1,3,2,
3619,5,1,3,2,
3619,6,3,4,2,
3619,7,2,3,2,
3619,8,1,1,2,
3619,9,2,3,2,
3619,10,3,4,2,
3619,11,3,4,2,
3620,1,1,1,2,
3620,2,1,3,2,
3620,3,2,3,2,
3620,4,3,4,2,
3620,5,1,3,2,
3620,6,3,4,2,
3620,7,1,1,2,
3620,8,2,3,2,
3620,9,2,3,2,
3620,10,2,3,2,
3620,11,2,2,2,
3621,1,1,1,2,
3621,2,2,3,2,
3621,3,2,3,1,2
3621,4,1,3,2,
3621,5,1,3,2,
3621,6,3,4,2,
3621,7,2,3,2,
3621,8,3,4,2,
3621,9,2,3,2,
3621,10,3,4,2,
3621,11,3,4,2,
3622,1,1,3,2,
3622,2,2,3,2,
3622,3,2,3,2,
3622,4,3,4,2,
3622,5,1,3,2,
3622,6,3,4,2,
3622,7,2,3,2,
3622,8,3,4,2,
3622,9,3,4,2,
3622,10,3,4,2,
3622,11,3,4,2,
3623,1,1,3,2,
3623,2,2,3,2,
3623,3,1,1,2,
3623,4,1,3,1,1
3623,5,1,3,2,
3623,6,1,3,2,
3623,7,1,1,2,
3623,8,3,4,2,
3623,9,2,3,2,
3623,10,3,4,2,
3623,11,3,4,2,
3624,1,1,3,2,
3624,2,2,3,2,
3624,3,2,3,2,
3624,4,3,4,2,
3624,5,1,3,2,
3624,6,3,4,2,
3624,7,3,4,2,
3624,8,3,4,2,
3624,9,1,3,2,
3624,10,3,4,2,
3624,11,2,3,2,
3625,1,1,3,2,
3625,2,2,3,2,
3625,3,2,3,1,2
3625,4,1,3,2,
3625,5,1,3,2,
3625,6,3,4,2,
3625,7,3,4,2,
3625,8,3,4,2,
3625,9,2,3,2,
3625,10,3,4,2,
3625,11,2,3,2,
3626,1,1,3,2,
3626,2,2,3,2,
3626,3,2,3,1,2
3626,4,1,3,1,1
3626,5,1,3,2,
3626,6,3,4,2,
3626,7,2,3,2,
3626,8,3,4,2,
3626,9,2,3,2,
3626,10,3,4,2,
3626,11,2,3,2,
3627,1,1,1,2,
3627,2,2,3,2,
3627,3,2,3,1,2
3627,4,1,3,2,
3627,5,1,3,2,
3627,6,3,4,2,
3627,7,1,3,2,
3627,8,3,4,2,
3627,9,2,3,2,
3627,10,2,3,2,
3627,11,2,3,2,
3628,1,1,3,2,
3628,2,1,3,2,
3628,3,3,4,2,
3628,4,3,4,2,
3628,5,3,4,2,
3628,6,1,3,2,
3628,7,3,4,2,
3628,8,1,3,2,
3628,9,2,3,2,
3628,10,1,3,2,
3628,11,2,3,2,
3629,1,2,3,2,
3629,2,1,3,2,
3629,3,2,3,2,
3629,4,1,3,2,
3629,5,1,3,2,
3629,6,1,3,2,
3629,7,1,3,2,
3629,8,3,4,2,
3629,9,1,3,2,
3629,10,1,3,2,
3629,11,1,3,2,
3630,1,1,3,2,
3630,2,1,3,2,
3630,3,1,3,2,
3630,4,1,3,2,
3630,5,1,3,2,
3630,6,3,4,2,
3630,7,1,3,2,
3630,8,3,4,2,
3630,9,2,3,2,
3630,10,1,3,2,
3630,11,1,3,2,
3631,1,2,3,2,
3631,2,1,3,2,
3631,3,2,3,2,
3631,4,1,3,2,
3631,5,1,3,2,
3631,6,1,3,2,
3631,7,3,4,2,
3631,8,3,4,2,
3631,9,2,3,2,
3631,10,3,4,2,
3631,11,1,3,2,
3632,1,1,3,2,
3632,2,1,3,2,
3632,3,1,3,2,
3632,4,1,3,2,
3632,5,1,3,2,
3632,6,1,3,2,
3632,7,1,3,2,
3632,8,3,4,2,
3632,9,2,3,2,
3632,10,2,3,2,
3632,11,1,3,2,
3633,1,2,3,2,
3633,2,1,3,2,
3633,3,1,3,2,
3633,4,1,3,2,
3633,5,1,3,2,
3633,6,3,4,2,
3633,7,3,2,2,
3633,8,3,4,2,
3633,9,1,3,2,
3633,10,1,3,2,
3633,11,1,3,2,
3634,1,1,3,2,
3634,2,1,3,2,
3634,3,1,3,2,
3634,4,1,3,2,
3634,5,1,3,2,
3634,6,3,4,2,
3634,7,3,4,2,
3634,8,3,4,2,
3634,9,2,3,2,
3634,10,3,4,2,
3634,11,1,3,2,
3635,1,1,3,2,
3635,2,1,3,2,
3635,3,1,3,2,
3635,4,1,3,2,
3635,5,1,3,2,
3635,6,3,4,2,
3635,7,1,3,2,
3635,8,3,4,2,
3635,9,2,3,2,
3635,10,1,3,2,
3635,11,1,3,2,
3636,1,1,3,2,
3636,2,1,3,2,
3636,3,1,3,2,
3636,4,1,3,2,
3636,5,1,3,2,
3636,6,3,4,2,
3636,7,1,3,2,
3636,8,3,4,2,
3636,9,2,3,2,
3636,10,3,4,2,
3636,11,1,3,2,
3637,1,1,3,2,
3637,2,1,3,2,
3637,3,1,3,2,
3637,4,3,4,2,
3637,5,1,3,2,
3637,6,1,3,2,
3637,7,1,3,2,
3637,8,3,4,2,
3637,9,1,3,2,
3637,10,1,3,2,
3637,11,1,3,2,
3638,1,1,1,2,
3638,2,1,1,2,
3638,3,1,1,2,
3638,4,1,1,2,
3638,5,1,1,2,
3638,6,1,1,2,
3638,7,1,1,2,
3638,8,1,1,2,
3638,9,1,1,2,
3638,10,1,1,2,
3638,11,1,1,2,
3639,1,1,1,2,
3639,2,1,1,2,
3639,3,1,1,2,
3639,4,3,4,2,
3639,5,1,1,2,
3639,6,1,1,2,
3639,7,1,1,2,
3639,8,3,4,2,
3639,9,1,1,2,
3639,10,1,1,2,
3639,11,1,1,2,
3640,1,1,1,2,
3640,2,1,1,2,
3640,3,1,1,2,
3640,4,1,1,2,
3640,5,1,1,2,
3640,6,1,1,2,
3640,7,1,1,2,
3640,8,3,4,2,
3640,9,1,1,2,
3640,10,3,4,2,
3640,11,1,1,2,
3641,1,1,1,2,
3641,2,1,1,2,
3641,3,1,1,2,
3641,4,1,1,2,
3641,5,1,1,2,
3641,6,1,1,2,
3641,7,1,1,2,
3641,8,3,4,2,
3641,9,1,1,2,
3641,10,3,3,2,
3641,11,1,1,2,
3642,1,1,1,2,
3642,2,1,1,2,
3642,3,1,1,2,
3642,4,2,3,2,
3642,5,1,1,2,
3642,6,1,1,2,
3642,7,1,1,2,
3642,8,3,4,2,
3642,9,1,1,2,
3642,10,1,1,2,
3642,11,1,1,2,
3643,1,1,1,2,
3643,2,1,1,2,
3643,3,1,1,2,
3643,4,3,4,2,
3643,5,1,1,2,
3643,6,1,1,2,
3643,7,1,1,2,
3643,8,3,4,2,
3643,9,1,1,2,
3643,10,3,4,2,
3643,11,1,1,2,
3644,1,1,1,2,
3644,2,1,1,2,
3644,3,1,1,2,
3644,4,1,1,2,
3644,5,1,1,2,
3644,6,1,1,2,
3644,7,1,1,2,
3644,8,1,1,2,
3644,9,1,1,2,
3644,10,1,1,2,
3644,11,1,1,2,
3645,1,1,1,2,
3645,2,1,1,2,
3645,3,1,1,2,
3645,4,1,1,2,
3645,5,1,1,2,
3645,6,1,1,2,
3645,7,1,1,2,
3645,8,1,1,2,
3645,9,1,1,2,
3645,10,1,1,2,
3645,11,1,1,2,
3646,1,1,3,2,
3646,2,3,4,2,
3646,3,1,3,2,
3646,4,3,4,2,
3646,5,1,3,2,
3646,6,1,3,2,
3646,7,1,3,2,
3646,8,3,4,2,
3646,9,1,3,2,
3646,10,1,3,2,
3646,11,1,3,2,
3647,1,1,3,2,
3647,2,1,3,2,
3647,3,1,3,2,
3647,4,3,4,2,
3647,5,1,3,2,
3647,6,1,3,2,
3647,7,1,3,2,
3647,8,3,4,2,
3647,9,1,3,2,
3647,10,1,3,2,
3647,11,1,3,2,
3648,1,1,3,2,
3648,2,1,3,2,
3648,3,1,3,2,
3648,4,3,4,2,
3648,5,1,3,2,
3648,6,1,3,2,
3648,7,1,3,2,
3648,8,1,3,2,
3648,9,1,3,2,
3648,10,1,3,2,
3648,11,1,3,2,
3649,1,1,3,2,
3649,2,1,3,2,
3649,3,1,3,2,
3649,4,3,4,2,
3649,5,1,3,2,
3649,6,1,3,2,
3649,7,1,3,2,
3649,8,2,2,2,
3649,9,1,3,2,
3649,10,1,3,2,
3649,11,1,3,2,
3650,1,1,3,2,
3650,2,3,4,2,
3650,3,1,3,2,
3650,4,3,4,2,
3650,5,1,3,2,
3650,6,1,3,2,
3650,7,1,3,2,
3650,8,3,4,2,
3650,9,1,3,2,
3650,10,1,3,2,
3650,11,1,3,2,
3651,1,1,3,2,
3651,2,1,3,2,
3651,3,1,3,2,
3651,4,3,4,2,
3651,5,1,3,2,
3651,6,1,3,2,
3651,7,1,3,2,
3651,8,3,4,2,
3651,9,1,3,2,
3651,10,1,3,2,
3651,11,1,3,2,
3652,1,1,3,2,
3652,2,3,4,2,
3652,3,1,3,2,
3652,4,3,4,2,
3652,5,1,3,2,
3652,6,1,3,2,
3652,7,1,3,2,
3652,8,3,4,2,
3652,9,1,3,2,
3652,10,1,3,2,
3652,11,1,3,2,
3653,1,1,3,2,
3653,2,3,4,2,
3653,3,1,3,2,
3653,4,3,4,2,
3653,5,1,3,2,
3653,6,1,3,2,
3653,7,1,3,2,
3653,8,3,4,2,
3653,9,1,3,2,
3653,10,1,3,2,
3653,11,1,3,2,
3654,1,1,3,2,
3654,2,3,4,2,
3654,3,1,3,2,
3654,4,3,4,2,
3654,5,1,3,2,
3654,6,1,3,2,
3654,7,1,3,2,
3654,8,1,3,2,
3654,9,1,3,2,
3654,10,1,3,2,
3654,11,1,3,2,
3655,1,2,3,2,
3655,2,3,4,2,
3655,3,1,3,2,
3655,4,3,4,2,
3655,5,1,3,2,
3655,6,3,4,2,
3655,7,3,4,2,
3655,8,3,4,2,
3655,9,3,4,2,
3655,10,3,4,2,
3655,11,1,3,2,
3656,1,2,3,2,
3656,2,3,4,2,
3656,3,1,3,2,
3656,4,3,4,2,
3656,5,1,3,2,
3656,6,3,4,2,
3656,7,3,4,2,
3656,8,1,3,2,
3656,9,3,4,2,
3656,10,1,3,2,
3656,11,1,3,2,
3657,1,2,3,2,
3657,2,3,4,2,
3657,3,1,3,2,
3657,4,3,4,2,
3657,5,1,3,2,
3657,6,1,3,2,
3657,7,3,4,2,
3657,8,1,3,2,
3657,9,3,4,2,
3657,10,3,4,2,
3657,11,1,3,2,
3658,1,2,3,2,
3658,2,3,4,2,
3658,3,1,3,2,
3658,4,3,4,2,
3658,5,1,3,2,
3658,6,3,4,2,
3658,7,3,4,2,
3658,8,1,3,2,
3658,9,3,4,2,
3658,10,3,4,2,
3658,11,3,4,2,
3659,1,2,3,2,
3659,2,3,4,2,
3659,3,1,3,2,
3659,4,3,4,2,
3659,5,1,3,2,
3659,6,3,4,2,
3659,7,3,4,2,
3659,8,1,3,2,
3659,9,3,4,2,
3659,10,3,4,2,
3659,11,1,3,2,
3660,1,2,3,2,
3660,2,3,4,2,
3660,3,1,3,2,
3660,4,3,4,2,
3660,5,1,3,2,
3660,6,3,4,2,
3660,7,3,4,2,
3660,8,1,3,2,
3660,9,3,4,2,
3660,10,3,4,2,
3660,11,1,3,2,
3661,1,2,3,2,
3661,2,3,4,2,
3661,3,1,3,2,
3661,4,1,3,2,
3661,5,1,3,2,
3661,6,1,3,2,
3661,7,3,4,2,
3661,8,1,3,2,
3661,9,3,4,2,
3661,10,1,3,2,
3661,11,1,3,2,
3662,1,3,4,2,
3662,2,3,4,2,
3662,3,1,3,2,
3662,4,3,4,2,
3662,5,1,3,2,
3662,6,3,4,2,
3662,7,3,4,2,
3662,8,1,3,2,
3662,9,3,4,2,
3662,10,3,4,2,
3662,11,3,4,2,
3663,1,2,3,2,
3663,2,3,4,2,
3663,3,1,3,2,
3663,4,3,4,2,
3663,5,1,3,2,
3663,6,3,4,2,
3663,7,3,4,2,
3663,8,1,3,2,
3663,9,3,4,2,
3663,10,3,4,2,
3663,11,3,4,2,
3664,1,1,3,2,
3664,2,1,3,2,
3664,3,3,3,2,
3664,4,1,3,2,
3664,5,1,3,2,
3664,6,3,3,2,
3664,7,3,3,2,
3664,8,3,3,2,
3664,9,3,3,2,
3664,10,1,3,2,
3664,11,2,3,2,
3665,1,1,3,2,
3665,2,1,3,2,
3665,3,1,3,2,
3665,4,1,3,2,
3665,5,1,3,2,
3665,6,1,3,2,
3665,7,1,3,2,
3665,8,1,3,2,
3665,9,1,3,2,
3665,10,1,3,2,
3665,11,1,3,2,
3666,1,1,1,2,
3666,2,1,1,2,
3666,3,1,1,2,
3666,4,1,1,2,
3666,5,1,1,2,
3666,6,1,1,2,
3666,7,1,1,2,
3666,8,1,1,2,
3666,9,1,1,2,
3666,10,1,1,2,
3666,11,1,1,2,
3667,1,1,3,2,
3667,2,1,3,2,
3667,3,1,3,2,
3667,4,1,3,2,
3667,5,1,3,2,
3667,6,1,3,2,
3667,7,1,3,2,
3667,8,1,3,2,
3667,9,1,3,2,
3667,10,1,3,2,
3667,11,1,3,2,
3668,1,1,3,2,
3668,2,1,3,2,
3668,3,1,3,2,
3668,4,3,4,2,
3668,5,1,4,2,
3668,6,1,4,2,
3668,7,3,4,2,
3668,8,3,4,2,
3668,9,1,3,2,
3668,10,1,3,2,
3668,11,3,4,2,
3669,1,1,1,2,
3669,2,1,1,2,
3669,3,2,1,2,
3669,4,1,1,2,
3669,5,1,1,2,
3669,6,1,1,2,
3669,7,1,1,2,
3669,8,3,1,2,
3669,9,3,1,2,
3669,10,3,1,2,
3669,11,3,1,2,
3670,1,1,3,2,
3670,2,1,3,2,
3670,3,1,3,2,
3670,4,1,3,2,
3670,5,1,3,2,
3670,6,1,3,2,
3670,7,1,3,2,
3670,8,1,3,2,
3670,9,1,3,2,
3670,10,1,3,2,
3670,11,1,3,2,
3671,1,1,3,2,
3671,2,1,3,2,
3671,3,1,3,2,
3671,4,1,3,2,
3671,5,1,3,2,
3671,6,1,3,2,
3671,7,1,3,2,
3671,8,1,3,2,
3671,9,1,3,2,
3671,10,1,3,2,
3671,11,1,3,2,
3672,1,1,1,2,
3672,2,1,1,2,
3672,3,2,1,2,
3672,4,1,1,2,
3672,5,1,1,2,
3672,6,1,1,2,
3672,7,1,1,2,
3672,8,3,1,2,
3672,9,3,1,2,
3672,10,3,1,2,
3672,11,2,1,2,
3673,1,2,3,2,
3673,2,2,3,2,
3673,3,2,3,2,
3673,4,2,3,2,
3673,5,1,1,1,1
3673,6,1,3,2,
3673,7,1,3,2,
3673,8,2,3,2,
3673,9,1,1,2,
3673,10,1,1,2,
3673,11,1,3,2,
3674,1,2,3,2,
3674,2,2,3,2,
3674,3,2,3,2,
3674,4,2,3,2,
3674,5,1,1,1,1
3674,6,1,3,2,
3674,7,1,3,2,
3674,8,2,3,2,
3674,9,1,1,2,
3674,10,1,1,2,
3674,11,1,3,2,
3675,1,2,3,2,
3675,2,2,3,2,
3675,3,2,3,2,
3675,4,2,3,2,
3675,5,1,1,1,1
3675,6,1,3,2,
3675,7,1,3,2,
3675,8,2,3,2,
3675,9,1,1,2,
3675,10,1,1,2,
3675,11,1,3,2,
3676,1,2,3,2,
3676,2,2,3,2,
3676,3,2,3,2,
3676,4,2,3,2,
3676,5,1,1,1,1
3676,6,1,1,2,
3676,7,1,1,2,
3676,8,2,3,2,
3676,9,1,3,2,
3676,10,1,3,2,
3676,11,1,3,2,
3677,1,2,3,2,
3677,2,2,3,2,
3677,3,2,3,2,
3677,4,1,1,1,1
3677,5,1,3,1,1
3677,6,1,1,2,
3677,7,1,1,2,
3677,8,2,3,2,
3677,9,1,1,2,
3677,10,1,1,2,
3677,11,1,3,2,
3678,1,2,3,2,
3678,2,2,3,2,
3678,3,2,3,2,
3678,4,2,3,2,
3678,5,1,3,1,1
3678,6,1,3,2,
3678,7,1,3,2,
3678,8,2,3,2,
3678,9,1,1,2,
3678,10,1,3,2,
3678,11,1,3,2,
3679,1,2,3,1,2
3679,2,2,3,2,
3679,3,2,3,2,
3679,4,2,3,2,
3679,5,1,1,1,1
3679,6,2,3,2,
3679,7,1,3,2,
3679,8,2,3,2,
3679,9,1,1,2,
3679,10,1,1,2,
3679,11,1,3,2,
3680,1,2,3,1,2
3680,2,2,3,2,
3680,3,2,3,2,
3680,4,2,3,2,
3680,5,1,3,2,
3680,6,1,3,2,
3680,7,1,1,2,
3680,8,2,3,2,
3680,9,1,1,2,
3680,10,1,1,2,
3680,11,1,3,2,
3681,1,2,3,1,2
3681,2,2,3,2,
3681,3,2,3,2,
3681,4,2,3,2,
3681,5,1,1,1,1
3681,6,1,3,2,
3681,7,1,1,2,
3681,8,2,3,2,
3681,9,1,1,2,
3681,10,1,3,2,
3681,11,1,3,2,
3682,1,1,3,2,
3682,2,2,3,2,
3682,3,2,3,2,
3682,4,2,3,2,
3682,5,1,3,2,
3682,6,1,3,2,
3682,7,1,3,2,
3682,8,1,3,2,
3682,9,2,3,2,
3682,10,1,3,2,
3682,11,1,3,2,
3683,1,1,3,2,
3683,2,2,3,2,
3683,3,2,3,2,
3683,4,2,3,2,
3683,5,1,3,2,
3683,6,1,3,2,
3683,7,1,3,2,
3683,8,1,3,2,
3683,9,2,3,2,
3683,10,2,3,2,
3683,11,1,3,2,
3684,1,1,3,2,
3684,2,2,3,2,
3684,3,2,3,2,
3684,4,2,3,2,
3684,5,1,3,2,
3684,6,1,3,2,
3684,7,1,3,2,
3684,8,1,3,2,
3684,9,2,3,2,
3684,10,2,3,2,
3684,11,1,3,2,
3685,1,1,3,2,
3685,2,2,3,2,
3685,3,2,3,2,
3685,4,2,3,2,
3685,5,1,3,2,
3685,6,1,3,2,
3685,7,1,3,2,
3685,8,1,3,2,
3685,9,2,3,2,
3685,10,2,3,2,
3685,11,1,3,2,
3686,1,1,3,2,
3686,2,2,3,2,
3686,3,2,3,2,
3686,4,2,3,2,
3686,5,1,3,2,
3686,6,1,3,2,
3686,7,3,3,2,
3686,8,1,3,2,
3686,9,3,3,2,
3686,10,3,3,2,
3686,11,1,3,2,
3687,1,1,3,2,
3687,2,2,3,2,
3687,3,2,3,2,
3687,4,2,3,2,
3687,5,1,3,2,
3687,6,1,3,2,
3687,7,3,3,2,
3687,8,1,3,2,
3687,9,2,3,2,
3687,10,2,3,2,
3687,11,1,3,2,
3688,1,1,3,2,
3688,2,2,3,2,
3688,3,2,3,2,
3688,4,2,3,2,
3688,5,1,3,2,
3688,6,1,3,2,
3688,7,1,3,2,
3688,8,1,3,2,
3688,9,2,3,2,
3688,10,2,3,2,
3688,11,1,3,2,
3689,1,1,3,2,
3689,2,2,3,2,
3689,3,2,3,2,
3689,4,2,3,2,
3689,5,1,3,2,
3689,6,1,3,2,
3689,7,1,3,2,
3689,8,1,3,2,
3689,9,2,3,2,
3689,10,2,3,2,
3689,11,1,3,2,
3690,1,1,3,2,
3690,2,2,3,2,
3690,3,2,3,2,
3690,4,2,3,2,
3690,5,1,3,2,
3690,6,1,3,2,
3690,7,3,4,2,
3690,8,1,3,2,
3690,9,2,3,2,
3690,10,2,3,2,
3690,11,1,3,2,
3691,1,1,3,2,
3691,2,1,3,2,
3691,3,1,3,2,
3691,4,1,3,2,
3691,5,1,3,2,
3691,6,1,3,2,
3691,7,1,3,2,
3691,8,2,3,2,
3691,9,1,3,2,
3691,10,1,3,2,
3691,11,1,3,2,
3692,1,1,3,2,
3692,2,1,3,2,
3692,3,1,3,2,
3692,4,2,3,2,
3692,5,1,3,2,
3692,6,1,3,2,
3692,7,1,3,2,
3692,8,2,3,2,
3692,9,1,3,2,
3692,10,1,3,2,
3692,11,1,3,2,
3693,1,1,3,2,
3693,2,1,3,2,
3693,3,1,3,2,
3693,4,1,3,2,
3693,5,1,3,2,
3693,6,1,3,2,
3693,7,1,3,2,
3693,8,2,3,2,
3693,9,1,3,2,
3693,10,1,3,2,
3693,11,1,3,2,
3694,1,2,3,2,
3694,2,1,3,2,
3694,3,1,3,2,
3694,4,1,3,2,
3694,5,1,3,2,
3694,6,1,3,2,
3694,7,1,3,2,
3694,8,2,3,2,
3694,9,1,3,2,
3694,10,1,3,2,
3694,11,1,3,2,
3695,1,2,3,2,
3695,2,1,3,2,
3695,3,2,3,2,
3695,4,1,3,2,
3695,5,1,3,2,
3695,6,1,3,2,
3695,7,1,3,2,
3695,8,2,3,2,
3695,9,1,3,2,
3695,10,1,3,2,
3695,11,1,3,2,
3696,1,1,3,2,
3696,2,1,3,2,
3696,3,1,3,2,
3696,4,1,3,2,
3696,5,1,3,2,
3696,6,1,3,2,
3696,7,1,3,2,
3696,8,2,3,2,
3696,9,1,3,2,
3696,10,1,3,2,
3696,11,1,3,2,
3697,1,1,3,2,
3697,2,1,3,2,
3697,3,1,3,2,
3697,4,1,3,2,
3697,5,1,3,2,
3697,6,1,3,2,
3697,7,1,3,2,
3697,8,2,3,2,
3697,9,1,3,2,
3697,10,1,3,2,
3697,11,1,3,2,
3698,1,1,3,2,
3698,2,1,3,2,
3698,3,1,3,2,
3698,4,1,3,2,
3698,5,1,3,2,
3698,6,1,3,2,
3698,7,1,3,2,
3698,8,2,3,2,
3698,9,1,3,2,
3698,10,1,3,2,
3698,11,1,3,2,
3699,1,1,3,2,
3699,2,1,3,2,
3699,3,1,3,2,
3699,4,1,3,2,
3699,5,1,3,2,
3699,6,1,3,2,
3699,7,1,3,2,
3699,8,2,3,2,
3699,9,1,3,2,
3699,10,1,3,2,
3699,11,1,3,2,
3700,1,2,3,2,
3700,2,3,4,2,
3700,3,1,1,2,
3700,4,1,1,2,
3700,5,1,3,2,
3700,6,1,1,2,
3700,7,1,1,2,
3700,8,2,3,2,
3700,9,2,2,2,
3700,10,2,2,2,
3700,11,1,3,2,
3701,1,2,3,2,
3701,2,3,4,2,
3701,3,1,1,2,
3701,4,3,4,2,
3701,5,1,1,2,
3701,6,3,4,2,
3701,7,1,1,2,
3701,8,2,3,1,2
3701,9,2,2,2,
3701,10,2,2,2,
3701,11,1,3,2,
3702,1,2,2,1,2
3702,2,3,4,2,
3702,3,1,1,2,
3702,4,1,1,2,
3702,5,1,1,2,
3702,6,3,4,2,
3702,7,1,1,2,
3702,8,2,2,1,2
3702,9,2,2,2,
3702,10,2,2,2,
3702,11,1,3,2,
3703,1,2,3,2,
3703,2,3,4,2,
3703,3,1,1,2,
3703,4,3,4,2,
3703,5,1,1,2,
3703,6,3,4,2,
3703,7,1,1,2,
3703,8,2,2,1,2
3703,9,3,4,2,
3703,10,3,4,2,
3703,11,1,3,2,
3704,1,2,2,2,
3704,2,3,4,2,
3704,3,1,1,2,
3704,4,3,4,2,
3704,5,1,1,2,
3704,6,1,1,2,
3704,7,1,1,2,
3704,8,2,2,1,2
3704,9,2,2,2,
3704,10,2,2,2,
3704,11,1,3,2,
3705,1,2,3,2,
3705,2,3,4,2,
3705,3,1,1,2,
3705,4,3,4,2,
3705,5,1,3,2,
3705,6,3,4,2,
3705,7,1,1,2,
3705,8,2,3,2,
3705,9,2,2,2,
3705,10,3,4,2,
3705,11,1,3,2,
3706,1,2,3,2,
3706,2,3,4,2,
3706,3,1,1,2,
3706,4,3,4,2,
3706,5,1,1,2,
3706,6,3,4,2,
3706,7,1,1,2,
3706,8,2,3,2,
3706,9,2,2,2,
3706,10,3,4,2,
3706,11,1,3,2,
3707,1,2,3,2,
3707,2,3,4,2,
3707,3,1,1,2,
3707,4,3,4,2,
3707,5,1,3,2,
3707,6,3,4,2,
3707,7,1,1,2,
3707,8,2,2,1,2
3707,9,2,2,2,
3707,10,3,4,2,
3707,11,1,3,2,
3708,1,2,2,2,
3708,2,3,4,2,
3708,3,1,1,2,
3708,4,3,4,2,
3708,5,1,1,2,
3708,6,1,1,2,
3708,7,3,4,2,
3708,8,2,3,2,
3708,9,2,2,2,
3708,10,3,4,2,
3708,11,1,3,2,
3709,1,1,3,2,
3709,2,1,3,2,
3709,3,2,3,2,
3709,4,3,4,2,
3709,5,1,3,2,
3709,6,1,3,2,
3709,7,3,4,2,
3709,8,3,4,2,
3709,9,1,3,2,
3709,10,3,4,2,
3709,11,1,3,2,
3710,1,1,3,2,
3710,2,1,3,2,
3710,3,2,3,2,
3710,4,1,3,2,
3710,5,1,3,2,
3710,6,1,3,2,
3710,7,3,4,2,
3710,8,3,4,2,
3710,9,1,3,2,
3710,10,3,4,2,
3710,11,1,3,2,
3711,1,2,3,2,
3711,2,1,3,2,
3711,3,2,3,2,
3711,4,1,3,2,
3711,5,1,3,2,
3711,6,1,3,2,
3711,7,3,4,2,
3711,8,3,4,2,
3711,9,1,3,2,
3711,10,3,4,2,
3711,11,1,3,2,
3712,1,2,3,2,
3712,2,1,3,2,
3712,3,2,3,2,
3712,4,1,3,2,
3712,5,1,3,2,
3712,6,1,3,2,
3712,7,1,3,2,
3712,8,3,4,2,
3712,9,1,3,2,
3712,10,1,3,2,
3712,11,1,3,2,
3713,1,1,3,2,
3713,2,1,3,2,
3713,3,2,3,2,
3713,4,1,3,2,
3713,5,1,3,2,
3713,6,1,3,2,
3713,7,1,3,2,
3713,8,3,4,2,
3713,9,3,4,2,
3713,10,3,4,2,
3713,11,1,3,2,
3714,1,2,3,2,
3714,2,1,3,2,
3714,3,1,3,2,
3714,4,1,3,2,
3714,5,1,3,2,
3714,6,1,3,2,
3714,7,1,3,2,
3714,8,3,4,2,
3714,9,1,3,2,
3714,10,3,4,2,
3714,11,1,3,2,
3715,1,1,3,2,
3715,2,1,3,2,
3715,3,2,3,2,
3715,4,1,3,2,
3715,5,1,3,2,
3715,6,1,3,2,
3715,7,1,3,2,
3715,8,3,4,2,
3715,9,1,3,2,
3715,10,3,4,2,
3715,11,1,3,2,
3716,1,2,3,2,
3716,2,1,3,2,
3716,3,2,3,2,
3716,4,1,3,2,
3716,5,1,3,2,
3716,6,1,3,2,
3716,7,1,3,2,
3716,8,3,4,2,
3716,9,1,3,2,
3716,10,3,4,2,
3716,11,1,3,2,
3717,1,1,3,2,
3717,2,1,3,2,
3717,3,2,3,2,
3717,4,1,3,2,
3717,5,1,3,2,
3717,6,1,3,2,
3717,7,1,3,2,
3717,8,3,4,2,
3717,9,1,3,2,
3717,10,3,4,2,
3717,11,1,3,2,
3718,1,1,3,2,
3718,2,3,4,2,
3718,3,1,3,2,
3718,4,1,3,2,
3718,5,1,3,2,
3718,6,1,3,2,
3718,7,1,3,2,
3718,8,3,4,2,
3718,9,1,3,2,
3718,10,1,3,2,
3718,11,1,3,2,
3719,1,1,3,2,
3719,2,3,4,2,
3719,3,1,3,2,
3719,4,1,3,2,
3719,5,1,3,2,
3719,6,1,3,2,
3719,7,1,3,2,
3719,8,3,4,2,
3719,9,1,3,2,
3719,10,3,4,2,
3719,11,1,3,2,
3720,1,1,3,2,
3720,2,3,4,2,
3720,3,1,3,2,
3720,4,1,3,1,1
3720,5,1,3,2,
3720,6,1,3,2,
3720,7,1,3,2,
3720,8,3,4,2,
3720,9,1,3,2,
3720,10,1,3,2,
3720,11,1,3,2,
3721,1,1,3,2,
3721,2,3,4,2,
3721,3,1,3,2,
3721,4,1,3,2,
3721,5,1,3,2,
3721,6,1,3,2,
3721,7,1,3,2,
3721,8,3,4,2,
3721,9,1,3,2,
3721,10,1,3,2,
3721,11,1,3,2,
3722,1,1,3,2,
3722,2,3,4,2,
3722,3,1,3,2,
3722,4,1,3,2,
3722,5,1,3,1,1
3722,6,1,3,2,
3722,7,1,3,2,
3722,8,3,4,2,
3722,9,1,3,2,
3722,10,3,4,2,
3722,11,1,3,2,
3723,1,1,3,2,
3723,2,3,4,2,
3723,3,1,3,2,
3723,4,1,3,2,
3723,5,1,3,2,
3723,6,1,3,2,
3723,7,3,4,2,
3723,8,3,4,2,
3723,9,1,3,2,
3723,10,3,4,2,
3723,11,1,3,2,
3724,1,1,3,2,
3724,2,3,4,2,
3724,3,1,3,2,
3724,4,1,3,2,
3724,5,1,3,2,
3724,6,3,4,2,
3724,7,1,3,2,
3724,8,3,4,2,
3724,9,1,3,2,
3724,10,1,3,2,
3724,11,1,3,2,
3725,1,1,3,2,
3725,2,3,4,2,
3725,3,1,3,2,
3725,4,1,3,2,
3725,5,1,3,2,
3725,6,1,3,2,
3725,7,1,3,2,
3725,8,3,4,2,
3725,9,1,3,2,
3725,10,3,4,2,
3725,11,1,3,2,
3726,1,1,3,2,
3726,2,3,4,2,
3726,3,3,4,2,
3726,4,1,3,2,
3726,5,1,3,2,
3726,6,1,3,2,
3726,7,3,4,2,
3726,8,3,4,2,
3726,9,1,3,2,
3726,10,3,4,2,
3726,11,1,3,2,
3727,1,1,3,2,
3727,2,1,3,2,
3727,3,1,3,2,
3727,4,1,3,2,
3727,5,1,3,2,
3727,6,3,4,2,
3727,7,1,3,2,
3727,8,3,4,2,
3727,9,2,3,2,
3727,10,3,4,2,
3727,11,2,3,2,
3728,1,1,3,2,
3728,2,1,3,2,
3728,3,2,3,2,
3728,4,1,3,2,
3728,5,1,3,2,
3728,6,1,3,2,
3728,7,3,4,2,
3728,8,3,4,2,
3728,9,3,4,2,
3728,10,3,4,2,
3728,11,3,4,2,
3729,1,1,3,2,
3729,2,1,3,2,
3729,3,1,3,2,
3729,4,1,3,2,
3729,5,1,3,2,
3729,6,1,3,2,
3729,7,1,3,2,
3729,8,3,4,2,
3729,9,1,3,2,
3729,10,1,3,2,
3729,11,1,3,2,
3730,1,1,3,2,
3730,2,1,3,2,
3730,3,1,3,2,
3730,4,1,3,2,
3730,5,1,3,2,
3730,6,1,3,2,
3730,7,1,3,2,
3730,8,3,4,2,
3730,9,1,3,2,
3730,10,1,3,2,
3730,11,1,3,2,
3731,1,1,3,2,
3731,2,1,3,2,
3731,3,1,3,2,
3731,4,1,3,2,
3731,5,1,3,2,
3731,6,1,3,2,
3731,7,3,4,2,
3731,8,3,4,2,
3731,9,1,3,2,
3731,10,3,4,2,
3731,11,3,4,2,
3732,1,1,3,2,
3732,2,1,3,2,
3732,3,1,3,2,
3732,4,3,4,2,
3732,5,1,3,1,1
3732,6,1,3,2,
3732,7,1,3,2,
3732,8,3,4,2,
3732,9,3,4,2,
3732,10,1,3,2,
3732,11,1,3,2,
3733,1,1,3,2,
3733,2,1,3,2,
3733,3,1,3,2,
3733,4,1,3,2,
3733,5,1,3,2,
3733,6,1,3,2,
3733,7,3,4,2,
3733,8,3,4,2,
3733,9,1,3,2,
3733,10,3,4,2,
3733,11,3,4,2,
3734,1,1,3,1,1
3734,2,1,3,2,
3734,3,1,3,2,
3734,4,1,3,2,
3734,5,1,3,2,
3734,6,3,4,2,
3734,7,1,3,2,
3734,8,3,4,2,
3734,9,3,4,2,
3734,10,2,3,2,
3734,11,3,4,2,
3735,1,1,3,2,
3735,2,1,3,1,1
3735,3,1,3,2,
3735,4,1,3,2,
3735,5,1,3,2,
3735,6,3,4,2,
3735,7,1,3,2,
3735,8,3,4,2,
3735,9,3,4,2,
3735,10,3,4,2,
3735,11,1,3,2,
3736,1,2,3,2,
3736,2,3,4,2,
3736,3,1,3,2,
3736,4,1,3,2,
3736,5,1,3,2,
3736,6,1,3,2,
3736,7,3,4,2,
3736,8,1,3,2,
3736,9,3,4,2,
3736,10,2,3,1,2
3736,11,3,4,2,
3737,1,1,3,2,
3737,2,3,4,2,
3737,3,1,3,2,
3737,4,3,4,2,
3737,5,1,3,2,
3737,6,1,3,2,
3737,7,1,3,2,
3737,8,3,4,2,
3737,9,1,3,2,
3737,10,3,4,2,
3737,11,2,3,1,2
3738,1,2,3,2,
3738,2,3,4,2,
3738,3,1,3,2,
3738,4,3,4,2,
3738,5,1,3,2,
3738,6,1,3,2,
3738,7,1,3,2,
3738,8,3,4,2,
3738,9,3,4,2,
3738,10,3,4,2,
3738,11,2,3,1,2
3739,1,1,3,2,
3739,2,3,4,2,
3739,3,1,3,2,
3739,4,3,4,2,
3739,5,1,3,2,
3739,6,1,3,2,
3739,7,1,3,2,
3739,8,3,4,2,
3739,9,3,4,2,
3739,10,3,4,2,
3739,11,2,3,2,
3740,1,2,3,2,
3740,2,1,3,2,
3740,3,1,3,2,
3740,4,1,3,2,
3740,5,1,3,2,
3740,6,1,3,2,
3740,7,1,3,2,
3740,8,3,4,2,
3740,9,3,4,2,
3740,10,1,3,2,
3740,11,1,3,2,
3741,1,2,3,2,
3741,2,1,3,2,
3741,3,3,4,2,
3741,4,1,3,2,
3741,5,1,3,2,
3741,6,1,3,2,
3741,7,1,3,2,
3741,8,3,4,2,
3741,9,3,4,2,
3741,10,3,4,2,
3741,11,2,3,1,2
3742,1,2,3,2,
3742,2,3,4,2,
3742,3,3,4,2,
3742,4,1,3,2,
3742,5,1,3,2,
3742,6,1,3,2,
3742,7,1,3,2,
3742,8,3,4,2,
3742,9,1,3,2,
3742,10,3,4,2,
3742,11,2,3,1,2
3743,1,1,3,2,
3743,2,3,4,2,
3743,3,1,3,2,
3743,4,3,4,2,
3743,5,1,3,2,
3743,6,1,3,2,
3743,7,3,4,2,
3743,8,3,4,2,
3743,9,3,4,2,
3743,10,1,3,2,
3743,11,2,3,1,2
3744,1,1,3,2,
3744,2,3,4,2,
3744,3,1,3,2,
3744,4,1,3,2,
3744,5,1,3,2,
3744,6,1,3,2,
3744,7,3,4,2,
3744,8,3,4,2,
3744,9,3,4,2,
3744,10,3,4,2,
3744,11,2,3,1,2
3745,1,1,3,2,
3745,2,1,3,2,
3745,3,2,3,2,
3745,4,3,4,2,
3745,5,1,3,2,
3745,6,1,3,2,
3745,7,1,3,2,
3745,8,1,3,2,
3745,9,1,3,2,
3745,10,1,3,2,
3745,11,1,3,2,
3746,1,1,3,2,
3746,2,1,3,2,
3746,3,2,3,2,
3746,4,3,4,2,
3746,5,1,3,2,
3746,6,1,3,2,
3746,7,1,3,2,
3746,8,1,3,2,
3746,9,1,3,2,
3746,10,1,3,2,
3746,11,1,3,2,
3747,1,1,3,2,
3747,2,1,3,2,
3747,3,2,3,2,
3747,4,3,4,2,
3747,5,1,3,2,
3747,6,1,3,2,
3747,7,1,3,2,
3747,8,1,3,2,
3747,9,1,3,2,
3747,10,1,3,2,
3747,11,1,3,2,
3748,1,1,3,2,
3748,2,1,3,2,
3748,3,2,3,2,
3748,4,3,4,2,
3748,5,1,3,2,
3748,6,1,3,2,
3748,7,1,3,2,
3748,8,1,3,2,
3748,9,1,3,2,
3748,10,1,3,2,
3748,11,1,3,2,
3749,1,1,3,2,
3749,2,1,3,2,
3749,3,2,3,2,
3749,4,3,4,2,
3749,5,1,3,2,
3749,6,1,3,2,
3749,7,1,3,2,
3749,8,1,3,2,
3749,9,1,3,2,
3749,10,1,3,2,
3749,11,1,3,2,
3750,1,1,3,2,
3750,2,1,3,2,
3750,3,2,3,2,
3750,4,3,4,2,
3750,5,1,3,2,
3750,6,1,3,2,
3750,7,1,3,2,
3750,8,1,3,2,
3750,9,1,3,2,
3750,10,1,3,2,
3750,11,1,3,2,
3751,1,1,3,2,
3751,2,1,3,2,
3751,3,2,3,2,
3751,4,3,4,2,
3751,5,1,3,2,
3751,6,1,3,2,
3751,7,1,3,2,
3751,8,1,3,2,
3751,9,1,3,2,
3751,10,1,3,2,
3751,11,1,3,2,
3752,1,1,3,2,
3752,2,1,3,2,
3752,3,2,3,2,
3752,4,3,4,2,
3752,5,1,3,1,1
3752,6,1,3,2,
3752,7,1,3,2,
3752,8,1,3,2,
3752,9,1,3,2,
3752,10,1,3,2,
3752,11,1,3,2,
3753,1,1,3,2,
3753,2,1,3,2,
3753,3,2,3,2,
3753,4,3,4,2,
3753,5,1,3,2,
3753,6,1,3,2,
3753,7,1,3,2,
3753,8,1,3,2,
3753,9,1,3,2,
3753,10,1,3,2,
3753,11,1,3,2,
3754,1,1,3,2,
3754,2,1,3,2,
3754,3,1,3,2,
3754,4,1,3,2,
3754,5,1,3,2,
3754,6,1,3,2,
3754,7,1,3,2,
3754,8,1,3,2,
3754,9,1,3,2,
3754,10,1,3,2,
3754,11,1,3,2,
3755,1,1,3,2,
3755,2,1,3,2,
3755,3,1,3,2,
3755,4,1,3,2,
3755,5,1,3,2,
3755,6,1,3,2,
3755,7,1,3,2,
3755,8,1,3,2,
3755,9,1,3,2,
3755,10,1,3,2,
3755,11,1,3,2,
3756,1,1,3,2,
3756,2,1,3,2,
3756,3,1,3,2,
3756,4,1,3,2,
3756,5,1,3,2,
3756,6,1,3,2,
3756,7,1,3,2,
3756,8,1,2,2,
3756,9,1,2,2,
3756,10,1,3,2,
3756,11,1,2,2,
3757,1,1,3,2,
3757,2,1,3,2,
3757,3,1,3,2,
3757,4,1,3,2,
3757,5,1,3,2,
3757,6,1,3,2,
3757,7,1,3,2,
3757,8,1,3,2,
3757,9,1,3,2,
3757,10,2,2,2,
3757,11,2,2,2,
3758,1,1,3,2,
3758,2,1,3,2,
3758,3,1,3,2,
3758,4,1,3,2,
3758,5,1,3,2,
3758,6,1,3,2,
3758,7,1,3,2,
3758,8,1,3,2,
3758,9,1,3,2,
3758,10,1,3,2,
3758,11,1,3,2,
3759,1,1,3,2,
3759,2,1,3,2,
3759,3,1,3,2,
3759,4,1,3,2,
3759,5,1,3,2,
3759,6,1,3,2,
3759,7,1,3,2,
3759,8,1,3,2,
3759,9,2,2,2,
3759,10,1,3,2,
3759,11,2,2,2,
3760,1,1,3,2,
3760,2,1,3,2,
3760,3,1,3,2,
3760,4,1,3,2,
3760,5,1,2,2,
3760,6,1,3,2,
3760,7,1,2,2,
3760,8,1,2,2,
3760,9,1,3,2,
3760,10,1,2,2,
3760,11,1,2,2,
3761,1,1,3,2,
3761,2,1,3,2,
3761,3,1,3,2,
3761,4,1,3,2,
3761,5,1,3,2,
3761,6,1,3,2,
3761,7,1,3,2,
3761,8,1,3,2,
3761,9,1,3,2,
3761,10,1,3,2,
3761,11,1,3,2,
3762,1,1,3,2,
3762,2,1,3,2,
3762,3,1,3,2,
3762,4,1,3,2,
3762,5,1,3,2,
3762,6,1,3,2,
3762,7,1,3,2,
3762,8,1,3,2,
3762,9,1,3,2,
3762,10,1,3,2,
3762,11,1,3,2,
3763,1,1,1,2,
3763,2,1,3,2,
3763,3,1,3,2,
3763,4,1,1,1,1
3763,5,1,1,1,1
3763,6,1,3,2,
3763,7,3,4,2,
3763,8,3,4,2,
3763,9,1,3,1,1
3763,10,3,4,2,
3763,11,1,1,2,
3764,1,1,3,2,
3764,2,1,3,2,
3764,3,1,3,2,
3764,4,3,4,2,
3764,5,1,1,2,
3764,6,3,4,2,
3764,7,1,3,2,
3764,8,3,4,2,
3764,9,1,1,2,
3764,10,1,1,2,
3764,11,1,1,2,
3765,1,1,1,2,
3765,2,1,3,2,
3765,3,1,3,2,
3765,4,1,1,2,
3765,5,1,1,2,
3765,6,1,1,2,
3765,7,1,3,2,
3765,8,3,4,2,
3765,9,1,3,2,
3765,10,3,4,2,
3765,11,1,1,2,
3766,1,1,3,2,
3766,2,1,1,2,
3766,3,2,3,2,
3766,4,1,1,2,
3766,5,1,1,2,
3766,6,1,1,2,
3766,7,3,4,2,
3766,8,3,4,2,
3766,9,1,3,2,
3766,10,1,3,2,
3766,11,1,1,2,
3767,1,2,3,2,
3767,2,2,3,2,
3767,3,2,3,2,
3767,4,3,4,2,
3767,5,1,3,2,
3767,6,1,3,2,
3767,7,1,3,2,
3767,8,3,4,2,
3767,9,2,3,2,
3767,10,2,3,2,
3767,11,1,3,2,
3768,1,1,3,2,
3768,2,2,3,2,
3768,3,2,3,2,
3768,4,1,1,2,
3768,5,1,3,2,
3768,6,1,3,2,
3768,7,1,3,2,
3768,8,3,4,2,
3768,9,2,3,1,2
3768,10,2,3,2,
3768,11,1,1,2,
3769,1,1,3,2,
3769,2,1,3,2,
3769,3,2,3,2,
3769,4,1,3,2,
3769,5,1,3,2,
3769,6,1,1,2,
3769,7,3,4,2,
3769,8,3,4,2,
3769,9,1,1,2,
3769,10,3,4,2,
3769,11,1,1,2,
3770,1,1,3,2,
3770,2,1,3,2,
3770,3,1,3,2,
3770,4,3,4,2,
3770,5,1,3,1,1
3770,6,1,1,2,
3770,7,3,4,2,
3770,8,3,4,2,
3770,9,1,3,2,
3770,10,3,4,2,
3770,11,1,1,2,
3771,1,1,3,2,
3771,2,1,3,2,
3771,3,1,3,2,
3771,4,1,1,2,
3771,5,1,3,2,
3771,6,1,1,2,
3771,7,1,3,2,
3771,8,3,4,2,
3771,9,1,1,2,
3771,10,3,4,2,
3771,11,1,3,2,
3772,1,2,2,2,
3772,2,1,3,2,
3772,3,1,3,2,
3772,4,1,3,2,
3772,5,1,3,2,
3772,6,1,3,2,
3772,7,1,3,2,
3772,8,3,4,2,
3772,9,1,3,2,
3772,10,1,3,2,
3772,11,1,3,2,
3773,1,2,3,2,
3773,2,1,3,2,
3773,3,1,3,2,
3773,4,1,3,2,
3773,5,1,3,2,
3773,6,1,3,2,
3773,7,1,3,2,
3773,8,1,3,2,
3773,9,1,3,2,
3773,10,1,3,2,
3773,11,1,3,2,
3774,1,2,2,2,
3774,2,1,3,2,
3774,3,1,3,2,
3774,4,1,3,2,
3774,5,1,3,2,
3774,6,1,3,2,
3774,7,1,3,2,
3774,8,3,4,2,
3774,9,1,1,2,
3774,10,1,3,2,
3774,11,1,1,2,
3775,1,2,2,2,
3775,2,1,3,2,
3775,3,1,3,2,
3775,4,1,3,2,
3775,5,1,3,2,
3775,6,1,3,2,
3775,7,1,3,2,
3775,8,1,3,2,
3775,9,1,3,2,
3775,10,1,3,2,
3775,11,1,3,2,
3776,1,2,2,1,2
3776,2,1,3,2,
3776,3,1,3,2,
3776,4,1,3,2,
3776,5,1,3,2,
3776,6,1,3,2,
3776,7,1,3,2,
3776,8,3,4,2,
3776,9,2,3,2,
3776,10,1,1,2,
3776,11,1,1,2,
3777,1,2,3,2,
3777,2,1,3,2,
3777,3,1,3,2,
3777,4,1,3,2,
3777,5,1,3,2,
3777,6,1,3,2,
3777,7,1,3,2,
3777,8,3,3,2,
3777,9,1,3,2,
3777,10,1,3,2,
3777,11,1,3,2,
3778,1,2,3,2,
3778,2,1,3,2,
3778,3,1,3,2,
3778,4,1,3,2,
3778,5,1,3,2,
3778,6,1,3,2,
3778,7,1,3,2,
3778,8,3,4,2,
3778,9,1,3,2,
3778,10,1,3,2,
3778,11,1,3,2,
3779,1,2,2,2,
3779,2,1,3,2,
3779,3,1,3,2,
3779,4,1,3,2,
3779,5,1,3,2,
3779,6,3,4,2,
3779,7,3,4,2,
3779,8,3,4,2,
3779,9,1,1,2,
3779,10,3,4,2,
3779,11,1,3,2,
3780,1,2,2,2,
3780,2,1,3,2,
3780,3,1,3,2,
3780,4,1,3,2,
3780,5,1,3,2,
3780,6,1,3,2,
3780,7,1,3,2,
3780,8,3,4,2,
3780,9,1,3,2,
3780,10,1,3,2,
3780,11,1,3,2,
3781,1,2,3,2,
3781,2,1,3,2,
3781,3,2,3,2,
3781,4,3,4,2,
3781,5,1,3,2,
3781,6,2,3,2,
3781,7,3,4,2,
3781,8,3,4,2,
3781,9,2,3,2,
3781,10,3,4,2,
3781,11,1,3,2,
3782,1,2,3,2,
3782,2,1,3,2,
3782,3,2,3,2,
3782,4,1,3,2,
3782,5,1,3,2,
3782,6,1,3,2,
3782,7,1,3,2,
3782,8,3,4,2,
3782,9,2,3,2,
3782,10,2,3,2,
3782,11,2,3,2,
3783,1,2,3,2,
3783,2,1,3,2,
3783,3,2,3,2,
3783,4,3,4,2,
3783,5,1,3,2,
3783,6,1,3,2,
3783,7,1,3,2,
3783,8,3,4,2,
3783,9,2,3,2,
3783,10,2,3,2,
3783,11,1,3,2,
3784,1,2,3,2,
3784,2,1,3,2,
3784,3,2,3,2,
3784,4,1,3,2,
3784,5,1,3,2,
3784,6,1,3,2,
3784,7,2,3,2,
3784,8,3,4,2,
3784,9,2,3,2,
3784,10,1,3,2,
3784,11,1,3,2,
3785,1,2,3,2,
3785,2,2,3,1,2
3785,3,2,3,2,
3785,4,3,4,2,
3785,5,1,3,2,
3785,6,1,3,2,
3785,7,1,3,2,
3785,8,3,4,2,
3785,9,2,3,2,
3785,10,2,3,2,
3785,11,1,3,2,
3786,1,2,3,2,
3786,2,1,3,2,
3786,3,2,3,2,
3786,4,3,4,2,
3786,5,1,3,2,
3786,6,3,4,2,
3786,7,2,3,2,
3786,8,3,4,2,
3786,9,2,3,2,
3786,10,2,3,2,
3786,11,1,3,2,
3787,1,2,3,2,
3787,2,2,3,2,
3787,3,2,3,2,
3787,4,3,4,2,
3787,5,1,3,2,
3787,6,1,3,2,
3787,7,1,3,2,
3787,8,3,4,2,
3787,9,2,3,2,
3787,10,2,3,2,
3787,11,1,3,2,
3788,1,2,3,2,
3788,2,1,3,2,
3788,3,2,3,2,
3788,4,3,4,2,
3788,5,1,3,2,
3788,6,2,3,2,
3788,7,1,3,2,
3788,8,3,4,2,
3788,9,2,3,2,
3788,10,3,4,2,
3788,11,1,3,2,
3789,1,2,3,2,
3789,2,1,3,2,
3789,3,2,3,2,
3789,4,3,4,2,
3789,5,1,3,2,
3789,6,1,3,2,
3789,7,1,3,2,
3789,8,3,4,2,
3789,9,2,3,2,
3789,10,1,3,2,
3789,11,1,3,2,
3790,1,1,3,1,1
3790,2,2,3,2,
3790,3,2,3,2,
3790,4,1,3,1,1
3790,5,1,3,2,
3790,6,3,4,2,
3790,7,3,4,2,
3790,8,3,4,2,
3790,9,3,4,2,
3790,10,3,4,2,
3790,11,2,3,2,
3791,1,1,3,2,
3791,2,2,3,2,
3791,3,2,3,2,
3791,4,3,4,2,
3791,5,1,3,1,1
3791,6,1,3,1,1
3791,7,3,4,2,
3791,8,3,4,2,
3791,9,1,3,2,
3791,10,1,3,2,
3791,11,1,3,2,
3792,1,1,3,2,
3792,2,2,3,2,
3792,3,2,3,2,
3792,4,3,4,2,
3792,5,1,3,2,
3792,6,3,4,2,
3792,7,3,4,2,
3792,8,3,4,2,
3792,9,1,3,2,
3792,10,1,3,2,
3792,11,2,3,2,
3793,1,1,3,1,1
3793,2,2,3,2,
3793,3,2,3,2,
3793,4,3,4,2,
3793,5,1,3,2,
3793,6,1,3,2,
3793,7,3,4,2,
3793,8,3,4,2,
3793,9,1,1,1,1
3793,10,3,2,2,
3793,11,3,2,2,
3794,1,1,3,1,1
3794,2,2,3,2,
3794,3,2,3,2,
3794,4,1,3,1,1
3794,5,1,3,2,
3794,6,3,4,2,
3794,7,1,3,2,
3794,8,3,4,2,
3794,9,1,1,2,
3794,10,1,1,2,
3794,11,1,1,2,
3795,1,1,3,2,
3795,2,2,3,2,
3795,3,2,3,2,
3795,4,1,3,1,1
3795,5,1,3,2,
3795,6,3,4,2,
3795,7,3,4,2,
3795,8,3,4,2,
3795,9,1,3,2,
3795,10,1,1,2,
3795,11,2,3,2,
3796,1,1,3,2,
3796,2,2,3,2,
3796,3,2,3,2,
3796,4,3,4,2,
3796,5,1,3,1,1
3796,6,3,4,2,
3796,7,3,4,2,
3796,8,3,4,2,
3796,9,1,3,2,
3796,10,1,3,2,
3796,11,1,3,2,
3797,1,1,3,2,
3797,2,2,3,2,
3797,3,2,3,2,
3797,4,1,3,1,1
3797,5,1,3,2,
3797,6,3,4,2,
3797,7,3,4,2,
3797,8,3,4,2,
3797,9,3,4,2,
3797,10,3,4,2,
3797,11,2,3,2,
3798,1,1,3,2,
3798,2,2,3,2,
3798,3,2,3,2,
3798,4,3,4,2,
3798,5,1,3,2,
3798,6,1,3,1,1
3798,7,3,4,2,
3798,8,3,4,2,
3798,9,3,4,2,
3798,10,3,4,2,
3798,11,2,3,2,
3799,1,1,3,2,
3799,2,1,3,2,
3799,3,1,3,2,
3799,4,3,4,2,
3799,5,1,3,2,
3799,6,1,3,2,
3799,7,1,3,2,
3799,8,2,3,1,2
3799,9,1,3,2,
3799,10,1,3,2,
3799,11,1,3,2,
3800,1,1,3,2,
3800,2,1,3,2,
3800,3,1,3,2,
3800,4,1,3,2,
3800,5,1,3,2,
3800,6,1,3,2,
3800,7,1,3,2,
3800,8,2,2,1,2
3800,9,1,3,2,
3800,10,1,3,2,
3800,11,1,3,2,
3801,1,1,3,2,
3801,2,1,3,2,
3801,3,1,3,2,
3801,4,1,3,2,
3801,5,1,3,2,
3801,6,1,3,2,
3801,7,1,3,2,
3801,8,1,3,2,
3801,9,1,3,2,
3801,10,1,3,2,
3801,11,1,3,2,
3802,1,1,3,2,
3802,2,1,3,2,
3802,3,1,3,2,
3802,4,3,4,2,
3802,5,1,3,2,
3802,6,1,3,2,
3802,7,1,3,2,
3802,8,2,2,1,
3802,9,1,3,2,
3802,10,1,3,2,
3802,11,1,3,2,
3803,1,1,3,2,
3803,2,1,3,2,
3803,3,1,3,2,
3803,4,3,4,2,
3803,5,1,3,2,
3803,6,1,3,2,
3803,7,1,3,2,
3803,8,2,2,1,2
3803,9,1,3,2,
3803,10,1,3,2,
3803,11,1,3,2,
3804,1,1,3,2,
3804,2,1,3,2,
3804,3,1,3,2,
3804,4,1,3,2,
3804,5,1,3,2,
3804,6,1,3,2,
3804,7,1,3,2,
3804,8,2,2,1,2
3804,9,1,3,2,
3804,10,1,3,2,
3804,11,1,3,2,
3805,1,1,3,2,
3805,2,2,3,2,
3805,3,1,3,2,
3805,4,3,4,2,
3805,5,1,3,2,
3805,6,1,3,2,
3805,7,1,3,2,
3805,8,2,2,1,
3805,9,1,3,2,
3805,10,1,3,2,
3805,11,1,3,2,
3806,1,1,3,2,
3806,2,1,3,2,
3806,3,1,3,2,
3806,4,1,3,2,
3806,5,1,3,2,
3806,6,1,3,2,
3806,7,3,4,2,
3806,8,3,4,2,
3806,9,1,3,2,
3806,10,1,3,2,
3806,11,1,3,2,
3807,1,1,1,2,
3807,2,3,4,2,
3807,3,1,1,2,
3807,4,3,4,2,
3807,5,1,3,2,
3807,6,1,3,2,
3807,7,1,3,2,
3807,8,2,2,1,2
3807,9,2,3,2,
3807,10,1,3,2,
3807,11,1,3,2,
3808,1,1,3,2,
3808,2,1,3,2,
3808,3,1,3,2,
3808,4,1,3,2,
3808,5,1,3,2,
3808,6,1,3,2,
3808,7,1,3,2,
3808,8,3,4,2,
3808,9,2,2,2,
3808,10,2,2,2,
3808,11,1,3,2,
3809,1,1,3,2,
3809,2,1,3,2,
3809,3,1,3,2,
3809,4,3,4,2,
3809,5,1,3,2,
3809,6,1,3,2,
3809,7,1,3,2,
3809,8,3,4,2,
3809,9,2,2,2,
3809,10,3,4,2,
3809,11,1,3,2,
3810,1,1,3,2,
3810,2,1,3,2,
3810,3,1,3,2,
3810,4,1,3,2,
3810,5,1,3,2,
3810,6,1,3,2,
3810,7,1,3,2,
3810,8,3,4,2,
3810,9,2,2,2,
3810,10,2,2,2,
3810,11,1,3,2,
3811,1,1,3,2,
3811,2,1,3,2,
3811,3,1,3,2,
3811,4,1,3,2,
3811,5,1,3,2,
3811,6,1,3,2,
3811,7,1,3,2,
3811,8,3,4,2,
3811,9,2,2,2,
3811,10,2,2,2,
3811,11,1,3,2,
3812,1,1,3,2,
3812,2,1,3,2,
3812,3,1,3,2,
3812,4,2,2,2,
3812,5,1,3,2,
3812,6,1,3,2,
3812,7,1,3,2,
3812,8,3,4,2,
3812,9,2,2,2,
3812,10,2,2,2,
3812,11,1,3,2,
3813,1,1,3,2,
3813,2,1,3,2,
3813,3,1,3,2,
3813,4,2,2,2,
3813,5,1,3,2,
3813,6,1,3,2,
3813,7,1,3,2,
3813,8,3,4,2,
3813,9,2,2,2,
3813,10,3,4,2,
3813,11,1,3,2,
3814,1,1,3,2,
3814,2,1,3,2,
3814,3,1,3,2,
3814,4,3,4,2,
3814,5,1,3,2,
3814,6,1,3,2,
3814,7,1,3,2,
3814,8,3,4,2,
3814,9,2,2,2,
3814,10,3,4,2,
3814,11,1,3,2,
3815,1,1,3,2,
3815,2,1,3,2,
3815,3,1,3,2,
3815,4,3,4,2,
3815,5,1,3,2,
3815,6,1,3,2,
3815,7,1,3,2,
3815,8,3,4,2,
3815,9,2,2,2,
3815,10,2,2,2,
3815,11,1,3,2,
3816,1,1,3,2,
3816,2,1,3,2,
3816,3,1,3,2,
3816,4,1,3,2,
3816,5,1,3,2,
3816,6,1,3,2,
3816,7,1,3,2,
3816,8,3,4,2,
3816,9,2,2,2,
3816,10,2,2,2,
3816,11,1,3,2,
3817,1,1,3,2,
3817,2,1,3,2,
3817,3,1,3,2,
3817,4,2,3,2,
3817,5,1,3,2,
3817,6,3,4,2,
3817,7,1,3,2,
3817,8,3,4,2,
3817,9,2,3,2,
3817,10,2,3,2,
3817,11,2,3,2,
3818,1,1,3,2,
3818,2,1,3,2,
3818,3,1,3,2,
3818,4,1,3,2,
3818,5,1,3,2,
3818,6,3,4,2,
3818,7,3,4,2,
3818,8,2,3,2,
3818,9,3,4,2,
3818,10,3,4,2,
3818,11,2,3,2,
3819,1,1,3,2,
3819,2,1,3,2,
3819,3,1,3,2,
3819,4,3,4,2,
3819,5,1,3,2,
3819,6,3,4,2,
3819,7,3,4,2,
3819,8,3,4,2,
3819,9,2,3,2,
3819,10,2,3,2,
3819,11,2,3,2,
3820,1,1,3,2,
3820,2,1,3,2,
3820,3,1,3,2,
3820,4,3,4,2,
3820,5,1,3,2,
3820,6,3,4,2,
3820,7,1,3,2,
3820,8,3,4,2,
3820,9,2,3,2,
3820,10,2,3,2,
3820,11,2,3,2,
3821,1,1,3,2,
3821,2,1,3,2,
3821,3,1,3,2,
3821,4,1,3,2,
3821,5,1,3,2,
3821,6,3,4,2,
3821,7,3,4,2,
3821,8,3,4,2,
3821,9,3,4,2,
3821,10,3,4,2,
3821,11,2,3,2,
3822,1,1,3,2,
3822,2,1,3,2,
3822,3,1,3,2,
3822,4,1,3,2,
3822,5,1,3,2,
3822,6,3,4,2,
3822,7,3,4,2,
3822,8,3,4,2,
3822,9,2,3,2,
3822,10,2,3,2,
3822,11,2,3,2,
3823,1,1,3,2,
3823,2,1,3,2,
3823,3,1,3,2,
3823,4,1,3,2,
3823,5,1,3,2,
3823,6,3,4,2,
3823,7,1,3,2,
3823,8,3,4,2,
3823,9,2,3,2,
3823,10,2,3,2,
3823,11,2,3,2,
3824,1,1,3,2,
3824,2,1,3,2,
3824,3,1,3,2,
3824,4,1,3,2,
3824,5,1,3,2,
3824,6,3,4,2,
3824,7,3,4,2,
3824,8,3,4,2,
3824,9,2,3,2,
3824,10,2,3,2,
3824,11,2,3,2,
3825,1,1,3,2,
3825,2,1,3,2,
3825,3,1,3,2,
3825,4,1,3,2,
3825,5,1,3,2,
3825,6,3,4,2,
3825,7,1,3,2,
3825,8,3,4,2,
3825,9,3,4,2,
3825,10,1,3,2,
3825,11,2,3,2,
3826,1,1,3,2,
3826,2,1,3,2,
3826,3,1,3,2,
3826,4,1,3,2,
3826,5,1,3,2,
3826,6,1,3,2,
3826,7,1,3,2,
3826,8,3,4,2,
3826,9,2,2,2,
3826,10,2,2,2,
3826,11,1,3,2,
3827,1,1,3,2,
3827,2,1,3,2,
3827,3,1,3,2,
3827,4,1,3,2,
3827,5,1,3,2,
3827,6,1,3,2,
3827,7,1,3,2,
3827,8,3,4,2,
3827,9,2,2,2,
3827,10,2,2,2,
3827,11,1,3,2,
3828,1,1,3,2,
3828,2,1,3,2,
3828,3,1,3,2,
3828,4,3,4,2,
3828,5,1,3,2,
3828,6,1,3,2,
3828,7,1,3,2,
3828,8,3,4,2,
3828,9,2,2,2,
3828,10,2,2,2,
3828,11,1,3,2,
3829,1,1,3,2,
3829,2,1,3,2,
3829,3,1,3,2,
3829,4,1,3,2,
3829,5,1,3,2,
3829,6,1,3,2,
3829,7,1,3,2,
3829,8,3,4,2,
3829,9,2,2,2,
3829,10,2,2,2,
3829,11,1,3,2,
3830,1,1,3,2,
3830,2,1,3,2,
3830,3,1,3,2,
3830,4,3,4,2,
3830,5,1,3,2,
3830,6,1,3,2,
3830,7,1,3,2,
3830,8,3,4,2,
3830,9,1,3,2,
3830,10,2,2,2,
3830,11,1,3,2,
3831,1,1,3,2,
3831,2,1,3,2,
3831,3,1,3,2,
3831,4,1,3,2,
3831,5,1,3,2,
3831,6,1,3,2,
3831,7,1,3,2,
3831,8,3,4,2,
3831,9,2,2,2,
3831,10,2,2,2,
3831,11,1,3,2,
3832,1,1,3,2,
3832,2,1,3,2,
3832,3,1,3,2,
3832,4,3,4,2,
3832,5,1,3,2,
3832,6,1,3,2,
3832,7,1,3,2,
3832,8,3,4,2,
3832,9,2,2,2,
3832,10,2,2,2,
3832,11,1,3,2,
3833,1,1,3,2,
3833,2,1,3,2,
3833,3,1,3,2,
3833,4,1,3,2,
3833,5,1,3,2,
3833,6,1,3,2,
3833,7,1,3,2,
3833,8,3,4,2,
3833,9,2,2,2,
3833,10,2,2,2,
3833,11,1,3,2,
3834,1,1,3,2,
3834,2,1,3,2,
3834,3,1,3,2,
3834,4,1,3,2,
3834,5,1,3,2,
3834,6,1,3,2,
3834,7,1,3,2,
3834,8,3,4,2,
3834,9,2,2,2,
3834,10,2,2,2,
3834,11,1,3,2,
3835,1,1,3,2,
3835,2,1,3,2,
3835,3,1,3,2,
3835,4,1,3,2,
3835,5,1,3,2,
3835,6,1,3,2,
3835,7,1,3,2,
3835,8,3,4,2,
3835,9,3,4,2,
3835,10,3,4,2,
3835,11,1,3,2,
3836,1,1,3,2,
3836,2,1,3,2,
3836,3,1,3,2,
3836,4,1,3,2,
3836,5,1,3,2,
3836,6,1,3,2,
3836,7,1,3,2,
3836,8,3,4,2,
3836,9,1,3,2,
3836,10,1,3,2,
3836,11,1,3,2,
3837,1,1,3,2,
3837,2,1,3,2,
3837,3,1,3,2,
3837,4,1,3,2,
3837,5,1,3,2,
3837,6,1,3,2,
3837,7,1,3,2,
3837,8,3,4,2,
3837,9,1,3,2,
3837,10,3,4,2,
3837,11,1,3,2,
3838,1,1,3,2,
3838,2,1,3,2,
3838,3,1,3,2,
3838,4,1,3,2,
3838,5,1,3,2,
3838,6,1,3,2,
3838,7,1,3,2,
3838,8,3,4,2,
3838,9,1,3,2,
3838,10,3,4,2,
3838,11,1,3,2,
3839,1,1,3,2,
3839,2,1,3,2,
3839,3,1,3,2,
3839,4,1,3,2,
3839,5,1,3,2,
3839,6,1,3,2,
3839,7,1,3,2,
3839,8,3,4,2,
3839,9,1,3,2,
3839,10,1,3,2,
3839,11,1,3,2,
3840,1,1,3,2,
3840,2,1,3,2,
3840,3,1,3,2,
3840,4,3,4,2,
3840,5,1,3,2,
3840,6,1,3,2,
3840,7,1,3,2,
3840,8,3,4,2,
3840,9,1,3,2,
3840,10,1,3,2,
3840,11,1,3,2,
3841,1,1,3,2,
3841,2,1,3,2,
3841,3,1,3,2,
3841,4,1,3,2,
3841,5,1,3,2,
3841,6,1,3,2,
3841,7,1,3,2,
3841,8,1,3,2,
3841,9,1,3,2,
3841,10,1,3,2,
3841,11,1,3,2,
3842,1,1,3,2,
3842,2,1,3,2,
3842,3,1,3,2,
3842,4,1,3,2,
3842,5,1,3,2,
3842,6,1,3,2,
3842,7,1,3,2,
3842,8,1,3,2,
3842,9,1,3,2,
3842,10,1,3,2,
3842,11,1,3,2,
3843,1,1,3,2,
3843,2,1,3,2,
3843,3,1,3,2,
3843,4,1,3,2,
3843,5,1,3,2,
3843,6,1,3,2,
3843,7,1,3,2,
3843,8,1,3,2,
3843,9,1,3,2,
3843,10,1,3,2,
3843,11,1,3,2,
3844,1,1,3,2,
3844,2,3,4,2,
3844,3,3,4,2,
3844,4,1,3,2,
3844,5,1,3,2,
3844,6,1,3,2,
3844,7,3,4,2,
3844,8,1,3,2,
3844,9,1,3,2,
3844,10,3,4,2,
3844,11,1,3,2,
3845,1,1,3,2,
3845,2,3,4,2,
3845,3,3,4,2,
3845,4,1,3,2,
3845,5,1,3,2,
3845,6,1,3,2,
3845,7,3,4,2,
3845,8,1,3,2,
3845,9,1,3,2,
3845,10,3,4,2,
3845,11,1,3,2,
3846,1,1,3,2,
3846,2,3,4,2,
3846,3,3,4,2,
3846,4,3,4,2,
3846,5,1,3,2,
3846,6,1,3,2,
3846,7,3,4,2,
3846,8,1,3,2,
3846,9,1,3,2,
3846,10,3,4,2,
3846,11,1,3,2,
3847,1,1,3,2,
3847,2,3,4,2,
3847,3,3,4,2,
3847,4,1,3,2,
3847,5,1,3,2,
3847,6,3,4,2,
3847,7,1,3,2,
3847,8,1,3,2,
3847,9,1,3,2,
3847,10,1,3,2,
3847,11,1,3,2,
3848,1,1,3,2,
3848,2,3,4,2,
3848,3,3,4,2,
3848,4,1,3,1,1
3848,5,1,3,2,
3848,6,3,4,2,
3848,7,1,3,2,
3848,8,3,4,2,
3848,9,1,3,2,
3848,10,3,4,2,
3848,11,1,3,2,
3849,1,1,3,2,
3849,2,3,4,2,
3849,3,3,4,2,
3849,4,3,4,2,
3849,5,1,3,2,
3849,6,1,3,2,
3849,7,3,4,2,
3849,8,1,3,2,
3849,9,2,3,2,
3849,10,3,4,2,
3849,11,1,3,2,
3850,1,2,2,1,2
3850,2,1,3,2,
3850,3,2,3,2,
3850,4,1,3,2,
3850,5,1,3,2,
3850,6,1,3,2,
3850,7,1,3,2,
3850,8,1,3,2,
3850,9,3,4,2,
3850,10,3,4,2,
3850,11,1,3,2,
3851,1,1,3,2,
3851,2,3,4,2,
3851,3,3,4,2,
3851,4,3,4,2,
3851,5,1,3,2,
3851,6,1,3,2,
3851,7,3,4,2,
3851,8,1,3,2,
3851,9,1,3,2,
3851,10,3,4,2,
3851,11,2,3,2,
3852,1,1,3,2,
3852,2,3,4,2,
3852,3,3,4,2,
3852,4,1,3,2,
3852,5,2,3,2,
3852,6,1,3,2,
3852,7,1,3,2,
3852,8,3,4,2,
3852,9,1,3,2,
3852,10,1,3,2,
3852,11,1,3,2,
3853,1,1,3,2,
3853,2,2,3,2,
3853,3,1,3,2,
3853,4,1,3,2,
3853,5,1,3,2,
3853,6,1,3,2,
3853,7,1,3,2,
3853,8,1,3,2,
3853,9,3,4,2,
3853,10,1,3,2,
3853,11,1,3,2,
3854,1,1,3,2,
3854,2,2,3,2,
3854,3,1,3,2,
3854,4,1,3,2,
3854,5,1,3,2,
3854,6,1,3,2,
3854,7,1,3,2,
3854,8,1,3,2,
3854,9,1,3,2,
3854,10,3,4,2,
3854,11,1,3,2,
3855,1,1,3,2,
3855,2,2,3,2,
3855,3,1,3,2,
3855,4,1,3,2,
3855,5,1,3,2,
3855,6,1,3,2,
3855,7,1,3,2,
3855,8,1,3,2,
3855,9,1,3,2,
3855,10,3,4,2,
3855,11,1,3,2,
3856,1,1,3,2,
3856,2,2,3,2,
3856,3,1,3,2,
3856,4,1,3,2,
3856,5,1,3,2,
3856,6,1,3,2,
3856,7,1,3,2,
3856,8,1,3,2,
3856,9,1,3,2,
3856,10,3,4,2,
3856,11,1,3,2,
3857,1,1,3,2,
3857,2,2,3,2,
3857,3,1,3,2,
3857,4,1,3,2,
3857,5,1,3,2,
3857,6,1,3,2,
3857,7,1,3,2,
3857,8,1,3,2,
3857,9,3,4,2,
3857,10,1,3,2,
3857,11,1,3,2,
3858,1,1,3,2,
3858,2,2,3,2,
3858,3,1,3,2,
3858,4,3,4,2,
3858,5,1,3,2,
3858,6,1,3,2,
3858,7,1,3,2,
3858,8,1,3,2,
3858,9,3,4,2,
3858,10,3,4,2,
3858,11,1,3,2,
3859,1,1,3,2,
3859,2,2,3,2,
3859,3,1,3,2,
3859,4,3,4,2,
3859,5,1,3,2,
3859,6,1,3,2,
3859,7,1,3,2,
3859,8,1,3,2,
3859,9,3,4,2,
3859,10,1,3,2,
3859,11,3,4,2,
3860,1,1,3,2,
3860,2,2,3,2,
3860,3,1,3,2,
3860,4,3,4,2,
3860,5,1,3,2,
3860,6,1,3,2,
3860,7,1,3,2,
3860,8,1,3,2,
3860,9,1,3,2,
3860,10,1,3,2,
3860,11,1,3,2,
3861,1,1,3,2,
3861,2,2,3,2,
3861,3,1,3,2,
3861,4,3,4,2,
3861,5,1,3,2,
3861,6,1,3,2,
3861,7,1,3,2,
3861,8,1,3,2,
3861,9,1,3,2,
3861,10,1,3,2,
3861,11,1,3,2,
3862,1,1,3,2,
3862,2,1,3,2,
3862,3,1,3,2,
3862,4,1,3,2,
3862,5,1,3,2,
3862,6,1,1,2,
3862,7,1,1,2,
3862,8,3,4,2,
3862,9,1,1,2,
3862,10,1,1,2,
3862,11,1,1,2,
3863,1,1,3,2,
3863,2,1,3,2,
3863,3,1,3,2,
3863,4,3,4,2,
3863,5,1,3,2,
3863,6,1,1,2,
3863,7,1,1,2,
3863,8,3,4,2,
3863,9,1,1,2,
3863,10,1,1,2,
3863,11,1,1,2,
3864,1,1,3,2,
3864,2,1,3,2,
3864,3,1,3,2,
3864,4,1,3,2,
3864,5,1,3,2,
3864,6,1,1,2,
3864,7,1,1,2,
3864,8,3,4,2,
3864,9,1,1,2,
3864,10,3,4,2,
3864,11,1,1,2,
3865,1,1,3,2,
3865,2,1,3,2,
3865,3,1,3,2,
3865,4,1,3,1,1
3865,5,1,3,2,
3865,6,1,1,2,
3865,7,1,1,2,
3865,8,3,4,2,
3865,9,1,1,2,
3865,10,3,4,2,
3865,11,1,1,2,
3866,1,1,3,2,
3866,2,1,3,2,
3866,3,1,3,2,
3866,4,1,3,2,
3866,5,1,3,2,
3866,6,1,1,2,
3866,7,1,1,2,
3866,8,3,4,2,
3866,9,1,1,2,
3866,10,3,4,2,
3866,11,1,1,2,
3867,1,1,3,2,
3867,2,1,3,2,
3867,3,1,3,2,
3867,4,1,3,2,
3867,5,1,3,2,
3867,6,1,1,2,
3867,7,1,1,2,
3867,8,2,3,2,
3867,9,1,1,2,
3867,10,1,1,2,
3867,11,1,1,2,
3868,1,1,3,2,
3868,2,1,3,2,
3868,3,1,3,2,
3868,4,1,3,2,
3868,5,1,3,2,
3868,6,1,1,2,
3868,7,1,1,2,
3868,8,3,4,2,
3868,9,1,1,2,
3868,10,1,1,2,
3868,11,1,1,2,
3869,1,1,3,2,
3869,2,1,3,2,
3869,3,1,3,2,
3869,4,1,3,2,
3869,5,1,3,2,
3869,6,1,1,2,
3869,7,1,1,2,
3869,8,2,3,2,
3869,9,1,1,2,
3869,10,1,1,2,
3869,11,1,1,2,
3870,1,1,3,2,
3870,2,1,3,2,
3870,3,1,3,2,
3870,4,1,3,2,
3870,5,1,3,2,
3870,6,1,1,2,
3870,7,1,1,2,
3870,8,2,3,2,
3870,9,1,1,2,
3870,10,3,4,2,
3870,11,1,1,2,
3871,1,1,1,2,
3871,2,2,2,2,
3871,3,2,2,2,
3871,4,1,1,2,
3871,5,1,1,2,
3871,6,2,2,2,
3871,7,1,1,2,
3871,8,2,2,2,
3871,9,2,2,2,
3871,10,2,2,2,
3871,11,1,1,2,
3872,1,1,1,2,
3872,2,2,2,2,
3872,3,2,2,2,
3872,4,1,1,2,
3872,5,1,1,2,
3872,6,2,2,2,
3872,7,2,2,2,
3872,8,2,2,2,
3872,9,2,2,2,
3872,10,2,2,2,
3872,11,2,2,2,
3873,1,1,1,2,
3873,2,2,2,2,
3873,3,2,2,2,
3873,4,1,1,2,
3873,5,1,1,2,
3873,6,1,1,2,
3873,7,2,2,2,
3873,8,2,2,2,
3873,9,2,2,2,
3873,10,2,2,2,
3873,11,1,1,2,
3874,1,1,1,2,
3874,2,2,2,2,
3874,3,2,2,2,
3874,4,1,1,2,
3874,5,1,1,2,
3874,6,1,1,2,
3874,7,2,2,2,
3874,8,2,2,2,
3874,9,2,2,2,
3874,10,2,2,2,
3874,11,1,1,2,
3875,1,2,2,2,
3875,2,2,2,2,
3875,3,2,2,2,
3875,4,2,2,2,
3875,5,1,1,2,
3875,6,2,2,2,
3875,7,2,2,2,
3875,8,2,2,2,
3875,9,1,1,2,
3875,10,2,2,2,
3875,11,1,1,2,
3876,1,1,1,2,
3876,2,2,2,2,
3876,3,2,2,2,
3876,4,2,2,2,
3876,5,1,1,2,
3876,6,1,1,2,
3876,7,2,2,2,
3876,8,2,2,2,
3876,9,1,1,2,
3876,10,2,2,2,
3876,11,2,2,2,
3877,1,2,2,2,
3877,2,2,2,2,
3877,3,2,2,2,
3877,4,1,1,2,
3877,5,1,1,2,
3877,6,2,2,2,
3877,7,2,2,2,
3877,8,2,2,2,
3877,9,2,2,2,
3877,10,1,1,2,
3877,11,1,1,2,
3878,1,1,1,2,
3878,2,2,2,2,
3878,3,2,2,2,
3878,4,2,2,2,
3878,5,1,1,2,
3878,6,2,2,2,
3878,7,2,2,2,
3878,8,2,2,2,
3878,9,2,2,2,
3878,10,1,1,2,
3878,11,1,1,2,
3879,1,1,1,2,
3879,2,2,2,2,
3879,3,2,2,2,
3879,4,2,2,2,
3879,5,1,1,2,
3879,6,2,2,2,
3879,7,1,1,2,
3879,8,2,2,2,
3879,9,2,2,2,
3879,10,2,2,2,
3879,11,2,2,2,
3880,1,1,1,2,
3880,2,1,3,2,
3880,3,1,3,2,
3880,4,3,4,2,
3880,5,1,3,1,1
3880,6,1,3,2,
3880,7,1,3,2,
3880,8,3,4,2,
3880,9,1,3,2,
3880,10,3,4,2,
3880,11,1,3,2,
3881,1,1,1,2,
3881,2,1,3,2,
3881,3,1,3,2,
3881,4,3,4,2,
3881,5,1,3,2,
3881,6,1,3,2,
3881,7,1,1,2,
3881,8,3,4,2,
3881,9,1,3,2,
3881,10,1,3,2,
3881,11,1,3,2,
3882,1,1,3,2,
3882,2,1,3,2,
3882,3,1,3,2,
3882,4,3,4,2,
3882,5,1,3,2,
3882,6,1,1,2,
3882,7,1,1,2,
3882,8,3,4,2,
3882,9,1,3,2,
3882,10,1,3,2,
3882,11,1,3,2,
3883,1,1,1,2,
3883,2,1,3,2,
3883,3,1,3,2,
3883,4,3,4,2,
3883,5,1,3,2,
3883,6,1,3,2,
3883,7,1,1,2,
3883,8,3,4,2,
3883,9,1,3,2,
3883,10,1,3,2,
3883,11,1,3,2,
3884,1,1,1,2,
3884,2,1,3,2,
3884,3,1,3,2,
3884,4,3,4,2,
3884,5,1,3,2,
3884,6,1,3,2,
3884,7,1,3,2,
3884,8,3,4,2,
3884,9,1,3,2,
3884,10,1,3,2,
3884,11,1,3,2,
3885,1,1,1,2,
3885,2,1,3,2,
3885,3,1,3,2,
3885,4,3,4,2,
3885,5,1,3,2,
3885,6,1,3,2,
3885,7,1,3,2,
3885,8,3,4,2,
3885,9,1,3,2,
3885,10,1,3,2,
3885,11,1,3,2,
3886,1,1,1,2,
3886,2,1,3,2,
3886,3,1,3,2,
3886,4,3,4,2,
3886,5,1,3,2,
3886,6,1,3,2,
3886,7,1,3,2,
3886,8,3,4,2,
3886,9,1,3,2,
3886,10,3,4,2,
3886,11,2,3,2,
3887,1,1,1,2,
3887,2,1,3,2,
3887,3,1,3,2,
3887,4,3,4,2,
3887,5,1,3,2,
3887,6,1,1,2,
3887,7,1,1,2,
3887,8,3,4,2,
3887,9,1,3,2,
3887,10,1,3,2,
3887,11,1,3,2,
3888,1,1,1,2,
3888,2,1,3,2,
3888,3,1,3,2,
3888,4,3,4,2,
3888,5,1,3,2,
3888,6,1,1,2,
3888,7,1,1,2,
3888,8,3,4,2,
3888,9,1,3,2,
3888,10,3,4,2,
3888,11,1,3,2,
3889,1,1,1,2,
3889,2,1,3,2,
3889,3,1,3,2,
3889,4,3,4,2,
3889,5,1,1,2,
3889,6,3,4,2,
3889,7,1,1,2,
3889,8,3,4,2,
3889,9,3,4,2,
3889,10,2,2,2,
3889,11,1,3,2,
3890,1,1,1,2,
3890,2,1,1,2,
3890,3,1,1,2,
3890,4,1,1,2,
3890,5,1,3,2,
3890,6,3,4,2,
3890,7,3,4,2,
3890,8,3,4,2,
3890,9,3,4,2,
3890,10,1,3,2,
3890,11,1,3,2,
3891,1,1,1,2,
3891,2,1,3,2,
3891,3,1,1,2,
3891,4,1,1,2,
3891,5,1,1,2,
3891,6,3,4,2,
3891,7,3,4,2,
3891,8,3,4,2,
3891,9,3,4,2,
3891,10,1,1,2,
3891,11,3,4,2,
3892,1,1,3,2,
3892,2,1,3,2,
3892,3,1,1,2,
3892,4,3,4,2,
3892,5,1,1,2,
3892,6,3,4,2,
3892,7,3,4,2,
3892,8,3,4,2,
3892,9,3,4,2,
3892,10,3,4,2,
3892,11,1,3,2,
3893,1,1,1,2,
3893,2,1,3,2,
3893,3,1,1,2,
3893,4,1,1,2,
3893,5,1,1,2,
3893,6,3,4,2,
3893,7,1,1,2,
3893,8,3,4,2,
3893,9,2,2,2,
3893,10,2,2,2,
3893,11,2,3,2,
3894,1,1,3,2,
3894,2,1,3,2,
3894,3,1,3,2,
3894,4,1,3,2,
3894,5,1,3,2,
3894,6,3,4,2,
3894,7,3,4,2,
3894,8,3,4,2,
3894,9,2,2,2,
3894,10,3,4,2,
3894,11,3,4,2,
3895,1,1,1,2,
3895,2,1,3,2,
3895,3,1,1,2,
3895,4,1,1,2,
3895,5,1,1,2,
3895,6,3,4,2,
3895,7,1,1,2,
3895,8,3,4,2,
3895,9,1,3,2,
3895,10,1,1,2,
3895,11,1,3,2,
3896,1,1,3,2,
3896,2,1,3,2,
3896,3,1,1,2,
3896,4,1,3,2,
3896,5,1,3,2,
3896,6,3,4,2,
3896,7,3,4,2,
3896,8,3,4,2,
3896,9,3,4,2,
3896,10,1,1,2,
3896,11,1,3,2,
3897,1,1,1,2,
3897,2,1,3,2,
3897,3,1,1,2,
3897,4,1,1,2,
3897,5,1,1,2,
3897,6,3,4,2,
3897,7,3,4,2,
3897,8,3,4,2,
3897,9,2,2,2,
3897,10,3,4,2,
3897,11,1,3,2,
3898,1,1,3,2,
3898,2,1,3,2,
3898,3,1,3,2,
3898,4,1,3,2,
3898,5,1,3,2,
3898,6,3,4,2,
3898,7,3,4,2,
3898,8,3,4,2,
3898,9,3,4,2,
3898,10,3,4,2,
3898,11,1,3,2,
3899,1,1,3,2,
3899,2,1,3,2,
3899,3,1,3,2,
3899,4,1,3,2,
3899,5,1,3,2,
3899,6,1,3,2,
3899,7,3,4,2,
3899,8,3,4,2,
3899,9,3,4,2,
3899,10,3,4,2,
3899,11,1,3,2,
3900,1,1,3,2,
3900,2,1,3,2,
3900,3,1,3,2,
3900,4,1,3,2,
3900,5,1,3,2,
3900,6,1,3,2,
3900,7,3,4,2,
3900,8,3,4,2,
3900,9,3,4,2,
3900,10,3,4,2,
3900,11,1,3,2,
3901,1,1,3,2,
3901,2,1,3,2,
3901,3,1,3,2,
3901,4,1,3,2,
3901,5,1,3,2,
3901,6,3,4,2,
3901,7,1,3,2,
3901,8,3,4,2,
3901,9,3,4,2,
3901,10,3,4,2,
3901,11,1,3,2,
3902,1,1,3,2,
3902,2,1,3,2,
3902,3,1,3,2,
3902,4,1,3,2,
3902,5,1,3,2,
3902,6,3,4,2,
3902,7,1,3,2,
3902,8,3,4,2,
3902,9,3,4,2,
3902,10,1,3,2,
3902,11,1,3,2,
3903,1,1,3,2,
3903,2,1,3,2,
3903,3,1,3,2,
3903,4,1,3,2,
3903,5,1,3,2,
3903,6,3,4,2,
3903,7,3,4,2,
3903,8,3,4,2,
3903,9,3,4,2,
3903,10,3,4,2,
3903,11,1,3,2,
3904,1,1,3,2,
3904,2,1,3,2,
3904,3,1,3,2,
3904,4,1,3,2,
3904,5,1,3,2,
3904,6,1,3,2,
3904,7,3,4,2,
3904,8,3,4,2,
3904,9,2,3,2,
3904,10,3,4,2,
3904,11,1,3,2,
3905,1,1,3,2,
3905,2,2,3,2,
3905,3,2,3,2,
3905,4,1,3,2,
3905,5,1,3,2,
3905,6,3,4,2,
3905,7,3,4,2,
3905,8,3,4,2,
3905,9,1,3,2,
3905,10,1,3,2,
3905,11,1,3,2,
3906,1,1,3,2,
3906,2,2,3,2,
3906,3,1,3,2,
3906,4,1,3,2,
3906,5,1,3,2,
3906,6,1,3,2,
3906,7,3,4,2,
3906,8,3,4,2,
3906,9,2,3,2,
3906,10,3,4,2,
3906,11,1,3,2,
3907,1,1,3,2,
3907,2,1,3,2,
3907,3,1,3,2,
3907,4,1,3,2,
3907,5,1,3,2,
3907,6,1,3,2,
3907,7,1,3,2,
3907,8,3,4,2,
3907,9,1,3,2,
3907,10,1,3,2,
3907,11,1,3,2,
3908,1,1,3,2,
3908,2,1,3,2,
3908,3,1,3,2,
3908,4,1,3,2,
3908,5,1,3,2,
3908,6,1,3,2,
3908,7,1,3,2,
3908,8,3,4,2,
3908,9,1,3,2,
3908,10,1,3,2,
3908,11,1,3,2,
3909,1,1,3,2,
3909,2,1,3,2,
3909,3,1,3,2,
3909,4,1,3,2,
3909,5,1,3,2,
3909,6,1,3,2,
3909,7,1,3,2,
3909,8,3,4,2,
3909,9,1,3,2,
3909,10,1,3,2,
3909,11,1,3,2,
3910,1,1,3,2,
3910,2,1,3,2,
3910,3,1,3,2,
3910,4,1,3,2,
3910,5,1,3,2,
3910,6,1,3,2,
3910,7,1,3,2,
3910,8,3,4,2,
3910,9,1,3,2,
3910,10,1,3,2,
3910,11,1,3,2,
3911,1,1,3,2,
3911,2,1,3,2,
3911,3,1,3,2,
3911,4,1,3,2,
3911,5,1,3,2,
3911,6,1,3,2,
3911,7,1,3,2,
3911,8,3,4,2,
3911,9,1,3,2,
3911,10,1,3,2,
3911,11,1,3,2,
3912,1,1,3,2,
3912,2,1,3,2,
3912,3,1,3,2,
3912,4,1,3,2,
3912,5,1,3,2,
3912,6,1,3,2,
3912,7,1,3,2,
3912,8,3,4,2,
3912,9,1,3,2,
3912,10,1,3,2,
3912,11,1,3,2,
3913,1,1,3,2,
3913,2,1,3,2,
3913,3,1,3,2,
3913,4,1,3,2,
3913,5,1,3,2,
3913,6,1,3,2,
3913,7,1,3,2,
3913,8,3,4,2,
3913,9,1,3,2,
3913,10,1,3,2,
3913,11,1,3,2,
3914,1,1,3,2,
3914,2,1,3,2,
3914,3,1,3,2,
3914,4,1,3,2,
3914,5,1,3,2,
3914,6,1,3,2,
3914,7,1,3,2,
3914,8,3,4,2,
3914,9,1,3,2,
3914,10,1,3,2,
3914,11,1,3,2,
3915,1,1,3,2,
3915,2,1,3,2,
3915,3,1,3,2,
3915,4,1,3,2,
3915,5,1,3,2,
3915,6,1,3,2,
3915,7,1,3,2,
3915,8,3,4,2,
3915,9,1,3,2,
3915,10,1,3,2,
3915,11,1,3,2,
3916,1,1,3,2,
3916,2,3,4,2,
3916,3,1,3,2,
3916,4,1,3,2,
3916,5,1,3,2,
3916,6,1,3,2,
3916,7,1,4,2,
3916,8,3,4,2,
3916,9,3,4,2,
3916,10,3,4,2,
3916,11,2,1,2,
3917,1,1,1,2,
3917,2,1,3,2,
3917,3,1,3,2,
3917,4,1,3,2,
3917,5,2,2,2,
3917,6,1,1,2,
3917,7,1,3,2,
3917,8,3,4,2,
3917,9,1,4,2,
3917,10,3,4,2,
3917,11,3,4,2,
3918,1,1,3,2,
3918,2,1,3,2,
3918,3,1,3,2,
3918,4,3,4,2,
3918,5,1,3,2,
3918,6,3,4,2,
3918,7,1,4,2,
3918,8,3,4,2,
3918,9,3,4,2,
3918,10,3,4,2,
3918,11,2,3,2,
3919,1,1,3,2,
3919,2,1,3,2,
3919,3,1,3,2,
3919,4,1,3,2,
3919,5,1,3,2,
3919,6,1,3,2,
3919,7,2,4,2,
3919,8,3,4,2,
3919,9,2,3,2,
3919,10,3,4,2,
3919,11,2,3,2,
3920,1,1,3,2,
3920,2,1,3,2,
3920,3,1,3,2,
3920,4,1,3,2,
3920,5,1,2,2,
3920,6,1,3,2,
3920,7,3,4,2,
3920,8,3,4,1,2
3920,9,3,4,2,
3920,10,3,4,2,
3920,11,2,1,2,
3921,1,1,3,2,
3921,2,1,3,2,
3921,3,1,3,2,
3921,4,1,3,2,
3921,5,1,3,2,
3921,6,1,3,2,
3921,7,1,4,2,
3921,8,3,4,2,
3921,9,2,4,2,
3921,10,1,3,2,
3921,11,2,3,2,
3922,1,1,3,2,
3922,2,1,3,2,
3922,3,1,3,2,
3922,4,1,3,2,
3922,5,1,3,2,
3922,6,1,3,2,
3922,7,1,3,2,
3922,8,3,4,2,
3922,9,3,4,2,
3922,10,1,3,2,
3922,11,2,3,2,
3923,1,3,4,1,2
3923,2,3,4,2,
3923,3,1,3,2,
3923,4,3,4,2,
3923,5,3,4,1,2
3923,6,1,1,2,
3923,7,1,3,2,
3923,8,3,4,2,
3923,9,1,3,2,
3923,10,3,4,2,
3923,11,2,3,2,
3924,1,1,3,2,
3924,2,1,3,2,
3924,3,1,3,2,
3924,4,1,3,2,
3924,5,1,3,2,
3924,6,1,3,2,
3924,7,1,3,2,
3924,8,3,4,2,
3924,9,1,3,2,
3924,10,3,4,2,
3924,11,2,3,2,
3925,1,1,1,2,
3925,2,1,1,2,
3925,3,1,1,2,
3925,4,1,1,2,
3925,5,1,1,2,
3925,6,1,1,2,
3925,7,1,1,2,
3925,8,3,4,2,
3925,9,2,2,2,
3925,10,2,2,2,
3925,11,1,1,2,
3926,1,1,1,2,
3926,2,1,1,2,
3926,3,1,1,2,
3926,4,1,1,2,
3926,5,1,1,2,
3926,6,1,1,2,
3926,7,1,1,2,
3926,8,3,4,2,
3926,9,1,1,2,
3926,10,1,1,2,
3926,11,1,1,2,
3927,1,1,1,2,
3927,2,1,1,2,
3927,3,1,1,2,
3927,4,1,1,2,
3927,5,1,1,2,
3927,6,1,1,2,
3927,7,2,2,2,
3927,8,3,4,1,2
3927,9,2,2,2,
3927,10,2,2,2,
3927,11,1,1,2,
3928,1,1,1,2,
3928,2,1,1,2,
3928,3,1,1,2,
3928,4,1,1,2,
3928,5,1,1,2,
3928,6,1,1,2,
3928,7,1,1,2,
3928,8,3,4,1,2
3928,9,2,2,2,
3928,10,2,2,2,
3928,11,1,1,2,
3929,1,1,1,2,
3929,2,1,1,2,
3929,3,1,1,2,
3929,4,3,4,2,
3929,5,1,1,2,
3929,6,1,1,2,
3929,7,1,1,2,
3929,8,3,4,1,2
3929,9,2,2,2,
3929,10,3,4,2,
3929,11,1,1,2,
3930,1,1,1,2,
3930,2,1,1,2,
3930,3,1,1,2,
3930,4,1,1,2,
3930,5,1,1,2,
3930,6,1,1,2,
3930,7,1,1,2,
3930,8,3,4,2,
3930,9,2,2,2,
3930,10,3,4,2,
3930,11,1,1,2,
3931,1,1,1,2,
3931,2,1,1,2,
3931,3,1,1,2,
3931,4,1,1,2,
3931,5,1,1,2,
3931,6,1,1,2,
3931,7,1,1,2,
3931,8,3,4,1,2
3931,9,2,2,2,
3931,10,3,4,2,
3931,11,1,1,2,
3932,1,1,1,2,
3932,2,1,1,2,
3932,3,1,1,2,
3932,4,1,1,2,
3932,5,1,1,2,
3932,6,1,1,2,
3932,7,1,1,2,
3932,8,3,4,2,
3932,9,2,2,2,
3932,10,1,1,2,
3932,11,1,1,2,
3933,1,1,1,2,
3933,2,1,1,2,
3933,3,1,1,2,
3933,4,1,1,2,
3933,5,1,1,2,
3933,6,1,1,2,
3933,7,1,1,2,
3933,8,3,4,1,2
3933,9,2,2,2,
3933,10,1,1,2,
3933,11,1,1,2,
3934,1,1,3,2,
3934,2,1,3,2,
3934,3,1,3,2,
3934,4,1,3,2,
3934,5,1,3,2,
3934,6,3,4,2,
3934,7,1,3,2,
3934,8,3,4,2,
3934,9,1,3,2,
3934,10,1,3,2,
3934,11,1,3,2,
3935,1,1,3,2,
3935,2,1,3,2,
3935,3,1,3,2,
3935,4,1,3,2,
3935,5,1,3,2,
3935,6,1,3,2,
3935,7,1,3,2,
3935,8,1,3,2,
3935,9,1,3,2,
3935,10,1,3,2,
3935,11,1,3,2,
3936,1,1,3,2,
3936,2,1,3,2,
3936,3,1,3,2,
3936,4,1,3,2,
3936,5,1,3,2,
3936,6,1,3,2,
3936,7,1,3,2,
3936,8,1,3,2,
3936,9,1,3,2,
3936,10,1,3,2,
3936,11,1,3,2,
3937,1,1,3,2,
3937,2,1,3,2,
3937,3,1,3,2,
3937,4,1,3,2,
3937,5,1,3,2,
3937,6,1,3,2,
3937,7,1,3,2,
3937,8,1,3,2,
3937,9,1,3,2,
3937,10,1,3,2,
3937,11,1,3,2,
3938,1,1,3,2,
3938,2,1,3,2,
3938,3,1,3,2,
3938,4,1,3,2,
3938,5,1,3,2,
3938,6,1,3,2,
3938,7,1,3,2,
3938,8,3,3,2,
3938,9,1,3,2,
3938,10,1,3,2,
3938,11,1,3,2,
3939,1,1,3,2,
3939,2,1,3,2,
3939,3,1,3,2,
3939,4,1,3,2,
3939,5,1,3,2,
3939,6,3,4,2,
3939,7,1,3,2,
3939,8,3,4,2,
3939,9,3,4,2,
3939,10,3,4,2,
3939,11,1,3,2,
3940,1,1,3,2,
3940,2,1,3,2,
3940,3,1,3,2,
3940,4,1,3,2,
3940,5,1,3,2,
3940,6,3,4,2,
3940,7,3,4,2,
3940,8,3,4,2,
3940,9,1,3,2,
3940,10,3,4,2,
3940,11,3,4,2,
3941,1,1,3,2,
3941,2,1,3,2,
3941,3,1,3,2,
3941,4,1,3,2,
3941,5,1,3,2,
3941,6,1,3,2,
3941,7,1,3,2,
3941,8,2,3,2,
3941,9,1,3,2,
3941,10,1,3,2,
3941,11,1,3,2,
3942,1,1,3,2,
3942,2,1,3,2,
3942,3,1,3,2,
3942,4,3,4,2,
3942,5,1,3,2,
3942,6,1,3,2,
3942,7,3,4,2,
3942,8,2,2,2,
3942,9,1,3,2,
3942,10,3,4,2,
3942,11,3,4,2,
3943,1,1,3,2,
3943,2,1,3,2,
3943,3,1,3,2,
3943,4,1,3,2,
3943,5,1,3,2,
3943,6,1,3,2,
3943,7,1,3,2,
3943,8,3,4,2,
3943,9,1,3,2,
3943,10,3,4,2,
3943,11,1,3,2,
3944,1,1,3,2,
3944,2,1,3,2,
3944,3,1,3,2,
3944,4,3,4,2,
3944,5,1,3,2,
3944,6,1,3,2,
3944,7,1,3,2,
3944,8,3,4,2,
3944,9,1,3,2,
3944,10,1,3,2,
3944,11,1,3,2,
3945,1,1,3,2,
3945,2,1,3,2,
3945,3,1,3,2,
3945,4,3,4,2,
3945,5,1,3,2,
3945,6,3,4,2,
3945,7,3,4,2,
3945,8,3,4,2,
3945,9,2,3,2,
3945,10,3,4,2,
3945,11,1,3,2,
3946,1,1,3,2,
3946,2,1,3,2,
3946,3,1,3,2,
3946,4,1,3,2,
3946,5,1,3,2,
3946,6,1,3,2,
3946,7,1,3,2,
3946,8,3,4,2,
3946,9,1,3,2,
3946,10,1,3,2,
3946,11,1,3,2,
3947,1,1,3,2,
3947,2,1,3,2,
3947,3,1,3,2,
3947,4,1,3,2,
3947,5,1,3,2,
3947,6,1,3,2,
3947,7,1,3,2,
3947,8,1,3,2,
3947,9,1,3,2,
3947,10,1,3,2,
3947,11,1,3,2,
3948,1,1,3,2,
3948,2,1,3,2,
3948,3,1,3,2,
3948,4,1,3,2,
3948,5,1,3,2,
3948,6,1,3,2,
3948,7,3,4,2,
3948,8,3,4,2,
3948,9,2,2,1,2
3948,10,3,4,2,
3948,11,1,3,2,
3949,1,1,3,2,
3949,2,1,3,2,
3949,3,1,3,2,
3949,4,1,3,2,
3949,5,1,3,2,
3949,6,1,3,2,
3949,7,3,4,2,
3949,8,3,4,2,
3949,9,1,3,2,
3949,10,3,4,2,
3949,11,1,3,2,
3950,1,1,3,2,
3950,2,1,3,2,
3950,3,1,3,2,
3950,4,3,4,2,
3950,5,1,3,2,
3950,6,1,3,2,
3950,7,1,3,2,
3950,8,3,4,2,
3950,9,2,2,1,2
3950,10,3,4,2,
3950,11,1,3,2,
3951,1,1,3,2,
3951,2,1,3,2,
3951,3,1,3,2,
3951,4,1,3,2,
3951,5,1,3,2,
3951,6,1,3,2,
3951,7,3,4,2,
3951,8,3,4,2,
3951,9,1,3,2,
3951,10,1,3,2,
3951,11,1,3,2,
3952,1,1,3,2,
3952,2,1,3,2,
3952,3,1,3,2,
3952,4,1,3,2,
3952,5,1,3,2,
3952,6,1,3,2,
3952,7,3,4,2,
3952,8,3,4,2,
3952,9,2,3,2,
3952,10,3,4,2,
3952,11,1,3,2,
3953,1,1,3,2,
3953,2,1,3,2,
3953,3,1,3,2,
3953,4,1,3,2,
3953,5,1,3,2,
3953,6,3,4,2,
3953,7,1,3,2,
3953,8,3,4,2,
3953,9,2,3,2,
3953,10,1,3,2,
3953,11,2,3,2,
3954,1,1,3,2,
3954,2,1,3,2,
3954,3,1,3,2,
3954,4,1,3,2,
3954,5,1,3,2,
3954,6,1,3,2,
3954,7,1,3,2,
3954,8,3,4,2,
3954,9,2,3,2,
3954,10,2,3,2,
3954,11,1,3,2,
3955,1,1,3,2,
3955,2,1,3,2,
3955,3,1,3,2,
3955,4,1,3,2,
3955,5,1,3,2,
3955,6,1,3,2,
3955,7,3,4,2,
3955,8,3,4,2,
3955,9,2,2,2,
3955,10,3,4,2,
3955,11,1,3,2,
3956,1,1,3,2,
3956,2,1,3,2,
3956,3,1,3,2,
3956,4,1,3,2,
3956,5,1,3,2,
3956,6,1,3,2,
3956,7,1,3,2,
3956,8,3,4,2,
3956,9,2,3,2,
3956,10,1,3,2,
3956,11,1,3,2,
3957,1,1,3,2,
3957,2,1,3,2,
3957,3,1,3,2,
3957,4,1,3,2,
3957,5,1,3,2,
3957,6,1,3,2,
3957,7,1,3,2,
3957,8,3,4,2,
3957,9,2,3,2,
3957,10,3,4,2,
3957,11,1,3,2,
3958,1,1,3,2,
3958,2,1,3,2,
3958,3,1,3,2,
3958,4,1,3,2,
3958,5,1,3,2,
3958,6,1,3,2,
3958,7,1,3,2,
3958,8,3,4,2,
3958,9,2,3,2,
3958,10,2,3,2,
3958,11,1,3,2,
3959,1,1,3,2,
3959,2,1,3,2,
3959,3,1,3,2,
3959,4,1,3,2,
3959,5,1,3,2,
3959,6,1,3,2,
3959,7,1,3,2,
3959,8,3,3,2,
3959,9,1,3,2,
3959,10,1,3,2,
3959,11,1,3,2,
3960,1,1,3,2,
3960,2,1,3,2,
3960,3,1,3,2,
3960,4,1,3,2,
3960,5,1,3,2,
3960,6,1,3,2,
3960,7,1,3,2,
3960,8,3,4,2,
3960,9,2,3,2,
3960,10,3,4,2,
3960,11,1,3,2,
3961,1,1,3,2,
3961,2,1,3,2,
3961,3,1,3,2,
3961,4,1,3,2,
3961,5,1,3,2,
3961,6,1,3,2,
3961,7,1,3,2,
3961,8,3,4,2,
3961,9,1,3,2,
3961,10,1,3,2,
3961,11,1,3,2,
3962,1,1,3,2,
3962,2,1,3,2,
3962,3,1,3,2,
3962,4,1,3,2,
3962,5,1,3,2,
3962,6,1,3,2,
3962,7,1,3,2,
3962,8,3,4,2,
3962,9,1,3,2,
3962,10,1,3,2,
3962,11,1,3,2,
3963,1,1,3,2,
3963,2,1,3,2,
3963,3,1,3,2,
3963,4,1,3,2,
3963,5,1,3,2,
3963,6,1,3,2,
3963,7,1,3,2,
3963,8,3,4,2,
3963,9,1,3,2,
3963,10,1,3,2,
3963,11,1,3,2,
3964,1,1,3,2,
3964,2,1,3,2,
3964,3,1,3,2,
3964,4,1,3,2,
3964,5,1,3,2,
3964,6,1,3,2,
3964,7,1,3,2,
3964,8,3,4,2,
3964,9,2,3,2,
3964,10,2,3,2,
3964,11,1,3,2,
3965,1,1,1,2,
3965,2,1,3,2,
3965,3,1,3,2,
3965,4,1,3,2,
3965,5,1,3,2,
3965,6,1,3,2,
3965,7,1,3,2,
3965,8,3,4,2,
3965,9,2,3,2,
3965,10,1,3,2,
3965,11,1,3,2,
3966,1,1,3,2,
3966,2,1,3,2,
3966,3,1,3,2,
3966,4,1,3,2,
3966,5,1,3,2,
3966,6,1,3,2,
3966,7,1,3,2,
3966,8,3,4,2,
3966,9,1,3,2,
3966,10,1,3,2,
3966,11,1,3,2,
3967,1,1,3,2,
3967,2,1,3,2,
3967,3,1,3,2,
3967,4,1,3,2,
3967,5,1,3,2,
3967,6,1,3,2,
3967,7,1,3,2,
3967,8,3,4,2,
3967,9,1,3,2,
3967,10,1,3,2,
3967,11,1,3,2,
3968,1,1,3,2,
3968,2,1,3,2,
3968,3,1,3,2,
3968,4,1,3,2,
3968,5,1,3,2,
3968,6,1,3,2,
3968,7,1,3,2,
3968,8,3,4,2,
3968,9,1,3,2,
3968,10,1,3,2,
3968,11,1,3,2,
3969,1,1,3,2,
3969,2,1,3,2,
3969,3,1,3,2,
3969,4,1,3,2,
3969,5,1,3,2,
3969,6,1,3,2,
3969,7,1,3,2,
3969,8,3,4,2,
3969,9,1,3,2,
3969,10,1,3,2,
3969,11,1,3,2,
3970,1,1,3,2,
3970,2,1,3,2,
3970,3,1,3,2,
3970,4,1,3,2,
3970,5,1,3,2,
3970,6,1,3,2,
3970,7,1,3,2,
3970,8,3,4,2,
3970,9,1,3,2,
3970,10,1,3,2,
3970,11,1,3,2,
3971,1,1,3,2,
3971,2,1,3,2,
3971,3,1,3,2,
3971,4,1,3,2,
3971,5,1,3,2,
3971,6,1,3,2,
3971,7,1,3,2,
3971,8,3,4,2,
3971,9,1,3,2,
3971,10,1,3,2,
3971,11,1,3,2,
3972,1,1,3,2,
3972,2,1,3,2,
3972,3,1,3,2,
3972,4,1,3,2,
3972,5,1,3,2,
3972,6,1,3,2,
3972,7,1,3,2,
3972,8,3,4,2,
3972,9,1,3,2,
3972,10,1,3,2,
3972,11,1,3,2,
3973,1,1,3,2,
3973,2,1,3,2,
3973,3,1,3,2,
3973,4,1,3,2,
3973,5,1,3,2,
3973,6,1,3,2,
3973,7,1,3,2,
3973,8,3,4,2,
3973,9,1,3,2,
3973,10,1,3,2,
3973,11,1,3,2,
3974,1,1,3,2,
3974,2,1,3,2,
3974,3,1,3,2,
3974,4,1,3,2,
3974,5,1,3,2,
3974,6,1,3,2,
3974,7,1,3,2,
3974,8,3,4,2,
3974,9,1,3,2,
3974,10,1,3,2,
3974,11,1,3,2,
3975,1,1,3,2,
3975,2,1,3,2,
3975,3,1,3,2,
3975,4,1,3,2,
3975,5,1,3,2,
3975,6,1,1,2,
3975,7,2,2,2,
3975,8,3,4,2,
3975,9,1,3,2,
3975,10,1,3,2,
3975,11,1,3,2,
3976,1,1,3,2,
3976,2,1,3,2,
3976,3,1,3,2,
3976,4,1,3,2,
3976,5,1,3,2,
3976,6,1,3,2,
3976,7,1,3,2,
3976,8,3,4,2,
3976,9,1,3,2,
3976,10,1,3,2,
3976,11,1,3,2,
3977,1,1,3,2,
3977,2,1,3,2,
3977,3,1,3,2,
3977,4,1,3,2,
3977,5,1,3,2,
3977,6,1,3,2,
3977,7,1,3,2,
3977,8,3,4,2,
3977,9,1,3,2,
3977,10,1,3,2,
3977,11,1,3,2,
3978,1,1,3,2,
3978,2,1,3,2,
3978,3,1,3,2,
3978,4,1,3,2,
3978,5,1,3,2,
3978,6,1,3,2,
3978,7,1,3,2,
3978,8,3,4,2,
3978,9,1,3,2,
3978,10,1,3,2,
3978,11,1,3,2,
3979,1,1,3,2,
3979,2,1,3,2,
3979,3,1,3,2,
3979,4,1,3,2,
3979,5,1,3,2,
3979,6,1,3,2,
3979,7,1,3,2,
3979,8,3,4,2,
3979,9,1,3,2,
3979,10,1,3,2,
3979,11,1,3,2,
3980,1,1,3,2,
3980,2,1,3,2,
3980,3,1,3,2,
3980,4,1,3,2,
3980,5,1,3,2,
3980,6,1,3,2,
3980,7,3,4,2,
3980,8,3,4,2,
3980,9,2,3,2,
3980,10,3,4,2,
3980,11,1,3,2,
3981,1,2,3,1,2
3981,2,1,3,2,
3981,3,1,3,2,
3981,4,3,4,2,
3981,5,1,3,2,
3981,6,3,4,2,
3981,7,1,3,2,
3981,8,3,4,2,
3981,9,2,3,2,
3981,10,2,3,2,
3981,11,2,3,2,
3982,1,1,3,2,
3982,2,1,3,2,
3982,3,1,3,2,
3982,4,1,3,2,
3982,5,1,3,2,
3982,6,1,3,2,
3982,7,3,4,2,
3982,8,3,4,2,
3982,9,1,3,2,
3982,10,3,4,2,
3982,11,3,4,2,
3983,1,1,3,2,
3983,2,1,3,2,
3983,3,1,3,2,
3983,4,1,3,2,
3983,5,1,3,2,
3983,6,1,3,2,
3983,7,1,3,2,
3983,8,3,4,2,
3983,9,2,3,2,
3983,10,2,3,2,
3983,11,2,3,2,
3984,1,1,3,2,
3984,2,1,3,2,
3984,3,1,3,2,
3984,4,1,3,2,
3984,5,1,3,2,
3984,6,1,3,2,
3984,7,1,3,2,
3984,8,3,4,2,
3984,9,2,2,2,
3984,10,2,2,2,
3984,11,2,2,2,
3985,1,1,3,2,
3985,2,1,3,2,
3985,3,1,3,2,
3985,4,1,3,2,
3985,5,1,3,2,
3985,6,1,3,2,
3985,7,1,3,2,
3985,8,3,4,2,
3985,9,1,3,2,
3985,10,1,3,2,
3985,11,1,3,2,
3986,1,1,3,1,2
3986,2,1,3,2,
3986,3,1,3,2,
3986,4,1,3,2,
3986,5,1,3,1,2
3986,6,1,3,2,
3986,7,1,3,2,
3986,8,3,4,2,
3986,9,2,3,2,
3986,10,2,3,2,
3986,11,1,3,2,
3987,1,1,3,2,
3987,2,1,3,2,
3987,3,1,3,2,
3987,4,1,3,2,
3987,5,1,3,2,
3987,6,1,3,2,
3987,7,3,4,2,
3987,8,3,4,2,
3987,9,2,3,2,
3987,10,3,4,2,
3987,11,3,4,2,
3988,1,1,3,2,
3988,2,1,3,2,
3988,3,1,3,2,
3988,4,1,3,2,
3988,5,1,3,2,
3988,6,1,3,2,
3988,7,1,3,2,
3988,8,3,4,2,
3988,9,2,3,2,
3988,10,3,4,2,
3988,11,1,3,2,
3989,1,1,3,2,
3989,2,1,3,2,
3989,3,1,3,2,
3989,4,1,3,2,
3989,5,1,3,2,
3989,6,1,3,2,
3989,7,1,3,2,
3989,8,3,4,2,
3989,9,2,3,2,
3989,10,3,4,2,
3989,11,2,3,2,
3990,1,1,3,2,
3990,2,1,3,2,
3990,3,1,3,2,
3990,4,1,3,2,
3990,5,1,3,2,
3990,6,1,3,2,
3990,7,1,3,2,
3990,8,3,4,2,
3990,9,2,3,2,
3990,10,2,3,2,
3990,11,2,3,2,
3991,1,1,3,2,
3991,2,1,3,2,
3991,3,1,3,2,
3991,4,1,3,2,
3991,5,1,3,2,
3991,6,1,3,2,
3991,7,1,3,2,
3991,8,3,4,2,
3991,9,2,3,2,
3991,10,1,3,2,
3991,11,1,3,2,
3992,1,1,3,2,
3992,2,1,3,2,
3992,3,1,3,2,
3992,4,1,3,2,
3992,5,1,3,2,
3992,6,1,3,2,
3992,7,1,3,2,
3992,8,3,4,2,
3992,9,2,3,2,
3992,10,1,3,2,
3992,11,2,3,2,
3993,1,1,3,2,
3993,2,1,3,2,
3993,3,1,3,2,
3993,4,1,3,2,
3993,5,1,3,2,
3993,6,1,3,2,
3993,7,1,3,2,
3993,8,3,4,2,
3993,9,2,3,2,
3993,10,3,4,2,
3993,11,1,3,2,
3994,1,1,3,2,
3994,2,1,3,2,
3994,3,1,3,2,
3994,4,1,3,2,
3994,5,1,3,2,
3994,6,1,3,2,
3994,7,1,3,2,
3994,8,3,4,2,
3994,9,1,3,2,
3994,10,2,3,2,
3994,11,1,3,2,
3995,1,1,3,2,
3995,2,1,3,2,
3995,3,1,3,2,
3995,4,1,3,2,
3995,5,1,3,2,
3995,6,1,3,2,
3995,7,1,3,2,
3995,8,3,4,2,
3995,9,1,3,2,
3995,10,3,4,2,
3995,11,1,3,2,
3996,1,1,3,2,
3996,2,1,3,2,
3996,3,1,3,2,
3996,4,1,3,2,
3996,5,1,3,2,
3996,6,1,3,2,
3996,7,1,3,2,
3996,8,3,4,2,
3996,9,2,3,2,
3996,10,3,4,2,
3996,11,3,4,2,
3997,1,1,1,2,
3997,2,1,1,2,
3997,3,1,1,2,
3997,4,1,1,2,
3997,5,1,1,2,
3997,6,1,1,2,
3997,7,1,1,2,
3997,8,3,4,2,
3997,9,1,1,2,
3997,10,1,1,2,
3997,11,1,1,2,
3998,1,1,3,2,
3998,2,1,1,2,
3998,3,1,1,2,
3998,4,1,1,2,
3998,5,1,1,2,
3998,6,1,1,2,
3998,7,1,1,2,
3998,8,3,4,2,
3998,9,1,1,2,
3998,10,1,1,2,
3998,11,1,1,2,
3999,1,1,1,2,
3999,2,1,3,2,
3999,3,1,3,2,
3999,4,1,4,2,
3999,5,1,3,2,
3999,6,1,1,2,
3999,7,1,1,2,
3999,8,3,4,2,
3999,9,1,4,2,
3999,10,1,3,2,
3999,11,1,1,2,
4000,1,1,3,2,
4000,2,1,3,2,
4000,3,1,3,2,
4000,4,1,3,2,
4000,5,1,3,2,
4000,6,1,3,2,
4000,7,1,3,2,
4000,8,3,4,2,
4000,9,1,3,2,
4000,10,1,3,2,
4000,11,1,3,2,
4001,1,1,1,2,
4001,2,1,1,2,
4001,3,1,1,2,
4001,4,1,1,2,
4001,5,1,1,2,
4001,6,1,1,2,
4001,7,1,1,2,
4001,8,3,4,2,
4001,9,1,1,2,
4001,10,1,1,2,
4001,11,1,1,2,
4002,1,1,1,2,
4002,2,1,1,2,
4002,3,1,1,2,
4002,4,1,1,2,
4002,5,1,1,2,
4002,6,1,1,2,
4002,7,1,1,2,
4002,8,3,4,2,
4002,9,1,1,2,
4002,10,1,1,2,
4002,11,1,1,2,
4003,1,1,4,2,
4003,2,1,4,2,
4003,3,1,4,2,
4003,4,1,4,2,
4003,5,1,4,2,
4003,6,1,4,2,
4003,7,1,4,2,
4003,8,1,4,2,
4003,9,1,4,2,
4003,10,1,4,2,
4003,11,1,4,2,
4004,1,1,3,2,
4004,2,1,3,2,
4004,3,1,3,2,
4004,4,1,3,2,
4004,5,1,3,2,
4004,6,1,1,2,
4004,7,1,1,2,
4004,8,3,4,2,
4004,9,1,1,2,
4004,10,1,4,2,
4004,11,1,1,2,
4005,1,1,1,2,
4005,2,1,1,2,
4005,3,1,1,2,
4005,4,1,1,2,
4005,5,1,1,2,
4005,6,1,1,2,
4005,7,1,1,2,
4005,8,3,4,2,
4005,9,1,1,2,
4005,10,1,1,2,
4005,11,1,1,2,
4006,1,2,2,2,
4006,2,3,4,2,
4006,3,3,4,2,
4006,4,3,4,2,
4006,5,1,3,2,
4006,6,2,2,2,
4006,7,1,1,2,
4006,8,3,4,2,
4006,9,1,3,2,
4006,10,2,3,2,
4006,11,2,3,2,
4007,1,2,2,2,
4007,2,3,3,2,
4007,3,3,3,2,
4007,4,3,3,2,
4007,5,1,1,2,
4007,6,2,2,2,
4007,7,1,1,2,
4007,8,2,3,2,
4007,9,2,3,2,
4007,10,2,3,2,
4007,11,2,3,2,
4008,1,2,2,2,
4008,2,3,4,2,
4008,3,3,4,2,
4008,4,3,4,2,
4008,5,2,1,2,
4008,6,2,1,2,
4008,7,1,1,2,
4008,8,2,3,2,
4008,9,2,3,2,
4008,10,2,3,2,
4008,11,2,3,2,
4009,1,2,2,2,
4009,2,3,4,2,
4009,3,3,4,2,
4009,4,3,4,2,
4009,5,1,1,2,
4009,6,1,1,2,
4009,7,1,1,2,
4009,8,1,1,2,
4009,9,2,3,2,
4009,10,2,3,2,
4009,11,2,3,2,
4010,1,2,2,1,2
4010,2,3,4,2,
4010,3,3,4,2,
4010,4,3,4,2,
4010,5,1,3,2,
4010,6,2,2,2,
4010,7,2,1,2,
4010,8,1,1,2,
4010,9,2,3,2,
4010,10,2,3,2,
4010,11,2,3,1,2
4011,1,2,2,1,2
4011,2,3,4,2,
4011,3,3,4,1,2
4011,4,3,4,1,2
4011,5,1,1,2,
4011,6,2,2,2,
4011,7,2,1,2,
4011,8,1,3,2,
4011,9,2,2,2,
4011,10,2,2,2,
4011,11,2,3,2,
4012,1,2,2,2,
4012,2,3,3,2,
4012,3,3,3,2,
4012,4,3,3,2,
4012,5,1,3,2,
4012,6,2,1,2,
4012,7,1,1,2,
4012,8,2,3,2,
4012,9,1,3,2,
4012,10,2,3,2,
4012,11,2,3,2,
4013,1,2,2,1,2
4013,2,3,4,2,
4013,3,3,4,2,
4013,4,3,4,2,
4013,5,2,3,2,
4013,6,2,3,2,
4013,7,2,1,2,
4013,8,1,3,2,
4013,9,2,3,2,
4013,10,2,3,2,
4013,11,2,3,2,
4014,1,2,2,2,
4014,2,3,4,2,
4014,3,3,4,2,
4014,4,3,4,2,
4014,5,1,3,2,
4014,6,2,3,2,
4014,7,2,3,2,
4014,8,2,1,2,
4014,9,2,3,2,
4014,10,2,3,2,
4014,11,2,3,2,
4015,1,2,3,2,
4015,2,1,3,2,
4015,3,2,3,2,
4015,4,1,3,2,
4015,5,1,3,2,
4015,6,3,4,2,
4015,7,1,3,2,
4015,8,1,3,2,
4015,9,3,4,2,
4015,10,1,3,2,
4015,11,1,3,2,
4016,1,1,3,2,
4016,2,1,3,2,
4016,3,1,3,2,
4016,4,3,4,2,
4016,5,1,3,2,
4016,6,3,4,2,
4016,7,3,4,2,
4016,8,1,3,2,
4016,9,1,3,2,
4016,10,3,4,2,
4016,11,1,3,2,
4017,1,1,3,2,
4017,2,2,3,2,
4017,3,1,3,2,
4017,4,1,3,2,
4017,5,1,3,2,
4017,6,3,4,2,
4017,7,3,4,2,
4017,8,1,3,2,
4017,9,3,4,2,
4017,10,3,4,2,
4017,11,1,3,2,
4018,1,2,3,2,
4018,2,1,3,2,
4018,3,2,3,2,
4018,4,1,3,2,
4018,5,1,3,2,
4018,6,3,4,2,
4018,7,1,3,2,
4018,8,1,3,2,
4018,9,1,3,2,
4018,10,1,3,2,
4018,11,1,3,2,
4019,1,2,3,2,
4019,2,1,3,2,
4019,3,2,3,2,
4019,4,1,3,2,
4019,5,1,3,2,
4019,6,3,4,2,
4019,7,1,3,2,
4019,8,1,3,2,
4019,9,1,3,2,
4019,10,3,4,2,
4019,11,1,3,2,
4020,1,2,3,2,
4020,2,1,3,2,
4020,3,1,3,2,
4020,4,3,4,2,
4020,5,1,3,2,
4020,6,3,4,2,
4020,7,3,4,2,
4020,8,1,3,2,
4020,9,3,4,2,
4020,10,1,3,2,
4020,11,1,3,2,
4021,1,2,3,2,
4021,2,1,3,2,
4021,3,1,3,2,
4021,4,1,3,2,
4021,5,1,3,2,
4021,6,3,4,2,
4021,7,3,4,2,
4021,8,2,3,2,
4021,9,3,4,2,
4021,10,1,3,2,
4021,11,1,3,2,
4022,1,2,3,2,
4022,2,1,3,2,
4022,3,2,3,2,
4022,4,1,3,2,
4022,5,1,3,2,
4022,6,3,4,2,
4022,7,3,4,2,
4022,8,1,3,2,
4022,9,3,4,2,
4022,10,1,3,2,
4022,11,1,3,2,
4023,1,2,3,2,
4023,2,1,3,2,
4023,3,2,3,2,
4023,4,1,3,2,
4023,5,1,3,2,
4023,6,3,4,2,
4023,7,1,3,2,
4023,8,1,3,2,
4023,9,3,4,2,
4023,10,3,4,2,
4023,11,1,3,2,
4024,1,1,3,2,
4024,2,3,4,2,
4024,3,1,3,2,
4024,4,3,4,2,
4024,5,1,3,2,
4024,6,3,4,2,
4024,7,1,3,2,
4024,8,2,3,2,
4024,9,1,3,2,
4024,10,3,4,2,
4024,11,1,3,2,
4025,1,1,3,2,
4025,2,3,4,2,
4025,3,1,3,2,
4025,4,3,4,2,
4025,5,1,3,2,
4025,6,3,4,2,
4025,7,3,4,2,
4025,8,2,3,2,
4025,9,1,3,2,
4025,10,3,4,2,
4025,11,1,3,2,
4026,1,1,3,2,
4026,2,3,4,2,
4026,3,1,3,2,
4026,4,3,4,2,
4026,5,1,3,2,
4026,6,3,4,2,
4026,7,1,3,2,
4026,8,2,3,2,
4026,9,3,4,2,
4026,10,1,3,2,
4026,11,1,3,2,
4027,1,1,3,2,
4027,2,3,4,2,
4027,3,1,3,2,
4027,4,3,4,2,
4027,5,1,3,2,
4027,6,3,4,2,
4027,7,1,3,2,
4027,8,2,3,2,
4027,9,3,4,2,
4027,10,3,4,2,
4027,11,1,3,2,
4028,1,1,3,2,
4028,2,3,4,2,
4028,3,1,3,2,
4028,4,3,4,2,
4028,5,1,3,2,
4028,6,3,4,2,
4028,7,3,4,2,
4028,8,2,3,2,
4028,9,1,3,2,
4028,10,3,4,2,
4028,11,1,3,2,
4029,1,1,3,2,
4029,2,3,4,2,
4029,3,1,3,2,
4029,4,3,4,2,
4029,5,1,3,2,
4029,6,3,4,2,
4029,7,1,3,2,
4029,8,2,3,2,
4029,9,1,3,2,
4029,10,3,4,2,
4029,11,1,3,2,
4030,1,1,3,2,
4030,2,3,4,2,
4030,3,1,3,2,
4030,4,3,4,2,
4030,5,1,3,2,
4030,6,3,4,2,
4030,7,1,3,2,
4030,8,2,3,2,
4030,9,1,3,2,
4030,10,1,3,2,
4030,11,1,3,2,
4031,1,1,3,2,
4031,2,3,4,2,
4031,3,1,3,2,
4031,4,3,4,2,
4031,5,1,3,2,
4031,6,3,4,2,
4031,7,3,4,2,
4031,8,2,3,2,
4031,9,1,3,2,
4031,10,1,3,2,
4031,11,1,3,2,
4032,1,1,3,2,
4032,2,3,4,2,
4032,3,1,3,2,
4032,4,3,4,2,
4032,5,1,3,2,
4032,6,3,4,2,
4032,7,1,3,2,
4032,8,2,3,2,
4032,9,3,4,2,
4032,10,1,3,2,
4032,11,1,3,2,
4033,1,1,3,2,
4033,2,3,4,2,
4033,3,1,3,2,
4033,4,3,4,2,
4033,5,1,3,2,
4033,6,3,4,2,
4033,7,1,3,2,
4033,8,3,4,2,
4033,9,1,3,2,
4033,10,1,3,2,
4033,11,1,3,2,
4034,1,1,3,2,
4034,2,2,3,2,
4034,3,1,3,2,
4034,4,1,3,2,
4034,5,1,3,2,
4034,6,3,4,2,
4034,7,1,3,2,
4034,8,3,4,2,
4034,9,3,4,2,
4034,10,3,3,2,
4034,11,1,3,2,
4035,1,1,3,2,
4035,2,3,4,2,
4035,3,1,3,2,
4035,4,1,3,2,
4035,5,1,3,2,
4035,6,3,4,2,
4035,7,1,3,2,
4035,8,2,3,2,
4035,9,1,3,2,
4035,10,1,3,2,
4035,11,3,4,2,
4036,1,1,1,2,
4036,2,3,4,2,
4036,3,1,3,2,
4036,4,3,4,2,
4036,5,1,3,2,
4036,6,3,4,2,
4036,7,1,3,2,
4036,8,3,4,2,
4036,9,1,3,2,
4036,10,3,4,2,
4036,11,1,3,2,
4037,1,1,3,2,
4037,2,1,3,2,
4037,3,1,3,2,
4037,4,3,4,2,
4037,5,1,3,2,
4037,6,3,4,2,
4037,7,1,3,2,
4037,8,3,4,2,
4037,9,1,3,2,
4037,10,1,3,2,
4037,11,1,3,2,
4038,1,1,3,2,
4038,2,3,4,2,
4038,3,1,3,2,
4038,4,3,4,2,
4038,5,1,3,2,
4038,6,2,4,2,
4038,7,1,3,2,
4038,8,3,4,2,
4038,9,1,3,2,
4038,10,1,3,2,
4038,11,1,3,2,
4039,1,2,2,2,
4039,2,3,4,2,
4039,3,2,1,2,
4039,4,2,3,2,
4039,5,1,3,2,
4039,6,3,4,2,
4039,7,2,3,2,
4039,8,3,4,2,
4039,9,2,4,2,
4039,10,3,4,2,
4039,11,1,1,2,
4040,1,1,3,2,
4040,2,3,4,2,
4040,3,2,3,2,
4040,4,1,3,2,
4040,5,1,3,2,
4040,6,3,4,2,
4040,7,1,3,2,
4040,8,3,4,2,
4040,9,1,3,2,
4040,10,3,4,2,
4040,11,1,3,2,
4041,1,1,3,2,
4041,2,3,4,2,
4041,3,2,3,2,
4041,4,1,3,2,
4041,5,1,3,2,
4041,6,3,4,2,
4041,7,1,3,2,
4041,8,3,4,2,
4041,9,1,3,2,
4041,10,3,4,2,
4041,11,2,1,2,
4042,1,1,1,2,
4042,2,2,3,2,
4042,3,1,1,2,
4042,4,3,4,2,
4042,5,1,1,2,
4042,6,1,1,2,
4042,7,3,4,2,
4042,8,3,4,2,
4042,9,1,1,2,
4042,10,3,4,2,
4042,11,1,1,2,
4043,1,1,1,2,
4043,2,2,3,2,
4043,3,1,1,2,
4043,4,3,4,2,
4043,5,1,1,2,
4043,6,1,1,2,
4043,7,1,1,2,
4043,8,3,4,2,
4043,9,1,1,2,
4043,10,3,4,2,
4043,11,1,1,2,
4044,1,1,1,2,
4044,2,2,3,2,
4044,3,1,1,2,
4044,4,3,4,2,
4044,5,1,1,2,
4044,6,1,1,2,
4044,7,1,1,2,
4044,8,2,3,2,
4044,9,1,1,2,
4044,10,1,1,2,
4044,11,1,1,2,
4045,1,1,1,2,
4045,2,1,1,2,
4045,3,1,1,2,
4045,4,3,4,2,
4045,5,1,1,2,
4045,6,1,1,2,
4045,7,1,1,2,
4045,8,3,4,2,
4045,9,1,1,2,
4045,10,3,4,2,
4045,11,1,1,2,
4046,1,1,1,2,
4046,2,2,3,2,
4046,3,1,1,2,
4046,4,3,4,2,
4046,5,1,1,2,
4046,6,1,1,2,
4046,7,1,1,2,
4046,8,2,3,2,
4046,9,2,3,2,
4046,10,1,1,2,
4046,11,1,1,2,
4047,1,1,1,2,
4047,2,2,3,2,
4047,3,1,1,2,
4047,4,3,4,2,
4047,5,1,1,2,
4047,6,1,1,2,
4047,7,3,4,2,
4047,8,3,4,2,
4047,9,1,1,2,
4047,10,3,4,2,
4047,11,1,1,2,
4048,1,1,1,2,
4048,2,1,1,2,
4048,3,1,1,2,
4048,4,3,3,2,
4048,5,1,1,2,
4048,6,1,1,2,
4048,7,1,1,2,
4048,8,1,1,2,
4048,9,1,1,2,
4048,10,1,1,2,
4048,11,1,1,2,
4049,1,1,1,2,
4049,2,2,3,2,
4049,3,1,1,2,
4049,4,3,4,2,
4049,5,1,1,2,
4049,6,1,1,2,
4049,7,1,1,2,
4049,8,1,1,2,
4049,9,2,3,2,
4049,10,1,1,2,
4049,11,1,1,2,
4050,1,1,1,2,
4050,2,2,3,2,
4050,3,1,1,2,
4050,4,3,4,2,
4050,5,1,1,2,
4050,6,1,1,2,
4050,7,3,4,2,
4050,8,3,4,2,
4050,9,2,3,2,
4050,10,1,1,2,
4050,11,1,1,2,
4051,1,1,1,2,
4051,2,2,3,2,
4051,3,1,3,2,
4051,4,1,3,1,1
4051,5,1,3,1,1
4051,6,3,4,2,
4051,7,2,3,2,
4051,8,3,4,2,
4051,9,2,3,2,
4051,10,3,4,2,
4051,11,3,4,2,
4052,1,1,3,2,
4052,2,1,3,2,
4052,3,1,1,2,
4052,4,1,3,2,
4052,5,1,3,2,
4052,6,3,4,2,
4052,7,3,4,2,
4052,8,3,4,2,
4052,9,2,3,2,
4052,10,2,3,2,
4052,11,1,2,2,
4053,1,1,3,2,
4053,2,1,3,2,
4053,3,1,1,2,
4053,4,1,3,2,
4053,5,1,3,2,
4053,6,3,4,2,
4053,7,1,1,2,
4053,8,3,4,2,
4053,9,2,3,2,
4053,10,3,4,2,
4053,11,2,3,2,
4054,1,1,3,2,
4054,2,1,3,2,
4054,3,1,1,2,
4054,4,1,3,2,
4054,5,1,3,2,
4054,6,3,4,2,
4054,7,2,3,2,
4054,8,3,4,2,
4054,9,2,3,2,
4054,10,3,4,2,
4054,11,3,4,2,
4055,1,1,1,2,
4055,2,1,3,2,
4055,3,1,3,2,
4055,4,1,3,2,
4055,5,1,3,2,
4055,6,3,4,2,
4055,7,3,4,2,
4055,8,3,4,2,
4055,9,2,3,2,
4055,10,3,4,2,
4055,11,3,4,2,
4056,1,1,1,2,
4056,2,1,3,2,
4056,3,1,1,2,
4056,4,3,4,2,
4056,5,1,3,2,
4056,6,3,4,2,
4056,7,2,3,2,
4056,8,3,4,2,
4056,9,2,3,2,
4056,10,3,4,2,
4056,11,2,3,2,
4057,1,1,1,2,
4057,2,1,1,2,
4057,3,1,1,2,
4057,4,1,3,2,
4057,5,1,3,2,
4057,6,3,4,2,
4057,7,1,3,2,
4057,8,3,4,2,
4057,9,1,3,2,
4057,10,3,4,2,
4057,11,2,2,2,
4058,1,1,3,2,
4058,2,1,3,2,
4058,3,2,3,1,2
4058,4,1,3,2,
4058,5,1,3,2,
4058,6,3,4,2,
4058,7,1,3,2,
4058,8,3,4,2,
4058,9,2,3,2,
4058,10,1,3,2,
4058,11,2,2,2,
4059,1,1,1,2,
4059,2,1,3,2,
4059,3,1,3,2,
4059,4,1,3,2,
4059,5,1,3,2,
4059,6,3,4,2,
4059,7,2,3,2,
4059,8,3,4,2,
4059,9,2,3,2,
4059,10,2,3,2,
4059,11,2,2,2,
4060,1,1,3,2,
4060,2,1,3,2,
4060,3,1,3,2,
4060,4,1,3,2,
4060,5,1,3,2,
4060,6,3,4,2,
4060,7,3,4,2,
4060,8,3,4,2,
4060,9,2,3,2,
4060,10,3,4,2,
4060,11,1,3,2,
4061,1,1,3,2,
4061,2,1,3,2,
4061,3,1,3,2,
4061,4,1,3,2,
4061,5,1,3,2,
4061,6,3,4,2,
4061,7,1,3,2,
4061,8,3,4,2,
4061,9,1,3,2,
4061,10,1,3,2,
4061,11,1,3,2,
4062,1,1,3,2,
4062,2,1,3,2,
4062,3,2,3,2,
4062,4,1,3,2,
4062,5,1,3,2,
4062,6,3,4,2,
4062,7,3,4,2,
4062,8,3,4,2,
4062,9,2,3,2,
4062,10,3,4,2,
4062,11,1,3,2,
4063,1,1,3,2,
4063,2,1,3,2,
4063,3,1,3,2,
4063,4,1,3,2,
4063,5,1,3,2,
4063,6,1,3,2,
4063,7,1,3,2,
4063,8,3,4,2,
4063,9,2,3,2,
4063,10,3,4,2,
4063,11,1,3,2,
4064,1,1,3,2,
4064,2,1,3,2,
4064,3,1,3,2,
4064,4,1,3,2,
4064,5,1,3,2,
4064,6,1,3,2,
4064,7,1,3,2,
4064,8,3,4,2,
4064,9,2,3,2,
4064,10,3,4,2,
4064,11,1,3,2,
4065,1,1,3,2,
4065,2,1,3,2,
4065,3,1,3,2,
4065,4,1,3,2,
4065,5,1,3,2,
4065,6,1,3,2,
4065,7,3,4,2,
4065,8,3,4,2,
4065,9,2,3,2,
4065,10,3,4,2,
4065,11,1,3,2,
4066,1,1,3,2,
4066,2,1,3,2,
4066,3,1,3,2,
4066,4,1,3,2,
4066,5,1,3,2,
4066,6,2,3,2,
4066,7,1,3,2,
4066,8,3,4,2,
4066,9,2,3,2,
4066,10,1,3,2,
4066,11,1,3,2,
4067,1,1,3,2,
4067,2,1,3,2,
4067,3,1,3,2,
4067,4,1,3,2,
4067,5,1,3,2,
4067,6,1,3,2,
4067,7,1,3,2,
4067,8,3,4,2,
4067,9,3,4,2,
4067,10,1,3,2,
4067,11,1,3,2,
4068,1,1,3,2,
4068,2,1,3,2,
4068,3,1,3,2,
4068,4,1,3,2,
4068,5,1,3,2,
4068,6,1,3,2,
4068,7,1,3,2,
4068,8,3,4,2,
4068,9,2,3,2,
4068,10,1,3,2,
4068,11,1,3,2,
4069,1,1,1,2,
4069,2,1,1,2,
4069,3,1,1,2,
4069,4,3,4,2,
4069,5,1,1,2,
4069,6,1,1,2,
4069,7,1,1,2,
4069,8,3,4,2,
4069,9,1,1,2,
4069,10,3,4,2,
4069,11,1,1,2,
4070,1,1,1,2,
4070,2,1,1,2,
4070,3,1,1,2,
4070,4,1,1,2,
4070,5,1,1,2,
4070,6,1,1,2,
4070,7,1,1,2,
4070,8,3,4,2,
4070,9,1,1,2,
4070,10,1,1,2,
4070,11,1,1,2,
4071,1,1,1,2,
4071,2,1,1,2,
4071,3,1,1,2,
4071,4,1,1,2,
4071,5,1,1,2,
4071,6,1,1,2,
4071,7,1,1,2,
4071,8,3,4,2,
4071,9,1,1,2,
4071,10,1,1,2,
4071,11,1,1,2,
4072,1,1,1,2,
4072,2,1,1,2,
4072,3,1,1,2,
4072,4,1,1,2,
4072,5,1,1,2,
4072,6,1,1,2,
4072,7,1,1,2,
4072,8,3,4,2,
4072,9,1,1,2,
4072,10,1,1,2,
4072,11,1,1,2,
4073,1,1,1,2,
4073,2,1,1,2,
4073,3,1,1,2,
4073,4,1,1,2,
4073,5,1,1,2,
4073,6,1,1,2,
4073,7,1,1,2,
4073,8,3,4,2,
4073,9,1,1,2,
4073,10,1,1,2,
4073,11,1,1,2,
4074,1,1,1,2,
4074,2,1,1,2,
4074,3,1,1,2,
4074,4,1,1,2,
4074,5,1,1,2,
4074,6,1,1,2,
4074,7,1,1,2,
4074,8,1,1,2,
4074,9,1,1,2,
4074,10,1,1,2,
4074,11,1,1,2,
4075,1,1,1,2,
4075,2,1,1,2,
4075,3,1,1,2,
4075,4,1,1,2,
4075,5,1,1,2,
4075,6,1,1,2,
4075,7,1,1,2,
4075,8,1,1,2,
4075,9,1,1,2,
4075,10,1,1,2,
4075,11,1,1,2,
4076,1,1,1,2,
4076,2,1,1,2,
4076,3,1,1,2,
4076,4,1,1,2,
4076,5,1,1,2,
4076,6,1,1,2,
4076,7,1,1,2,
4076,8,3,4,2,
4076,9,1,1,2,
4076,10,1,1,2,
4076,11,1,1,2,
4077,1,1,3,2,
4077,2,1,3,2,
4077,3,1,3,2,
4077,4,1,3,2,
4077,5,1,3,2,
4077,6,1,3,2,
4077,7,1,3,2,
4077,8,1,3,2,
4077,9,1,3,2,
4077,10,1,3,2,
4077,11,1,3,2,
4078,1,1,3,2,
4078,2,3,4,2,
4078,3,1,3,2,
4078,4,3,4,2,
4078,5,1,3,2,
4078,6,1,3,2,
4078,7,1,3,2,
4078,8,3,4,2,
4078,9,1,3,2,
4078,10,1,3,2,
4078,11,1,3,2,
4079,1,1,3,2,
4079,2,3,4,2,
4079,3,1,3,2,
4079,4,3,4,2,
4079,5,1,3,2,
4079,6,1,3,2,
4079,7,1,3,2,
4079,8,3,4,2,
4079,9,1,3,2,
4079,10,1,3,2,
4079,11,1,3,2,
4080,1,1,3,2,
4080,2,3,4,2,
4080,3,1,3,2,
4080,4,3,4,2,
4080,5,1,3,2,
4080,6,1,3,2,
4080,7,1,3,2,
4080,8,3,4,2,
4080,9,1,3,2,
4080,10,1,3,2,
4080,11,1,3,2,
4081,1,1,3,2,
4081,2,3,4,2,
4081,3,1,3,2,
4081,4,3,4,2,
4081,5,1,3,2,
4081,6,1,3,2,
4081,7,1,3,2,
4081,8,3,4,2,
4081,9,1,3,2,
4081,10,1,3,2,
4081,11,1,3,2,
4082,1,1,3,2,
4082,2,3,4,2,
4082,3,1,3,2,
4082,4,3,4,2,
4082,5,1,3,2,
4082,6,1,3,2,
4082,7,1,3,2,
4082,8,2,2,2,
4082,9,1,3,2,
4082,10,1,3,2,
4082,11,1,3,2,
4083,1,1,3,2,
4083,2,3,4,2,
4083,3,1,3,2,
4083,4,3,4,2,
4083,5,1,3,2,
4083,6,1,3,2,
4083,7,1,3,2,
4083,8,3,4,2,
4083,9,1,3,2,
4083,10,1,3,2,
4083,11,1,3,2,
4084,1,1,3,2,
4084,2,3,4,2,
4084,3,1,3,2,
4084,4,3,4,2,
4084,5,1,3,2,
4084,6,1,3,2,
4084,7,1,3,2,
4084,8,2,2,2,
4084,9,1,3,2,
4084,10,1,3,2,
4084,11,1,3,2,
4085,1,1,3,2,
4085,2,3,4,2,
4085,3,1,3,2,
4085,4,3,4,2,
4085,5,1,3,2,
4085,6,1,3,2,
4085,7,1,3,2,
4085,8,2,2,2,
4085,9,1,3,2,
4085,10,1,3,2,
4085,11,1,3,2,
4086,1,1,3,2,
4086,2,3,4,2,
4086,3,1,3,2,
4086,4,3,4,2,
4086,5,1,3,2,
4086,6,1,3,2,
4086,7,1,3,2,
4086,8,2,2,2,
4086,9,1,3,2,
4086,10,1,3,2,
4086,11,1,3,2,
4087,1,2,3,2,
4087,2,3,4,2,
4087,3,1,3,2,
4087,4,3,4,2,
4087,5,1,3,2,
4087,6,3,4,2,
4087,7,1,3,2,
4087,8,2,3,2,
4087,9,3,4,2,
4087,10,1,3,2,
4087,11,1,3,2,
4088,1,2,3,2,
4088,2,3,4,2,
4088,3,1,3,2,
4088,4,3,4,2,
4088,5,1,3,2,
4088,6,1,3,2,
4088,7,3,4,2,
4088,8,1,3,2,
4088,9,3,4,2,
4088,10,3,4,2,
4088,11,1,3,2,
4089,1,2,3,2,
4089,2,3,4,2,
4089,3,1,3,2,
4089,4,3,4,2,
4089,5,1,3,2,
4089,6,1,3,2,
4089,7,3,4,2,
4089,8,1,3,2,
4089,9,3,4,2,
4089,10,3,4,2,
4089,11,1,3,2,
4090,1,2,3,2,
4090,2,3,4,2,
4090,3,1,3,2,
4090,4,3,4,2,
4090,5,1,3,2,
4090,6,3,4,2,
4090,7,3,4,2,
4090,8,3,4,2,
4090,9,3,4,2,
4090,10,3,4,2,
4090,11,3,4,2,
4091,1,2,3,2,
4091,2,3,4,2,
4091,3,1,3,2,
4091,4,3,4,2,
4091,5,1,3,2,
4091,6,3,4,2,
4091,7,3,4,2,
4091,8,3,4,2,
4091,9,3,4,2,
4091,10,1,3,2,
4091,11,3,4,2,
4092,1,2,3,2,
4092,2,3,4,2,
4092,3,1,3,2,
4092,4,3,4,2,
4092,5,1,3,2,
4092,6,3,4,2,
4092,7,3,4,2,
4092,8,1,3,2,
4092,9,3,4,2,
4092,10,3,4,2,
4092,11,3,4,2,
4093,1,2,3,2,
4093,2,3,4,2,
4093,3,1,3,2,
4093,4,3,4,2,
4093,5,1,3,2,
4093,6,3,4,2,
4093,7,3,4,2,
4093,8,1,3,2,
4093,9,3,4,2,
4093,10,3,4,2,
4093,11,3,4,2,
4094,1,2,3,2,
4094,2,3,4,2,
4094,3,1,3,2,
4094,4,3,4,2,
4094,5,1,3,2,
4094,6,3,4,2,
4094,7,3,4,2,
4094,8,1,3,2,
4094,9,3,4,2,
4094,10,3,4,2,
4094,11,3,4,2,
4095,1,2,3,2,
4095,2,3,4,2,
4095,3,1,3,2,
4095,4,3,4,2,
4095,5,1,3,2,
4095,6,3,4,2,
4095,7,3,4,2,
4095,8,1,3,2,
4095,9,3,4,2,
4095,10,3,4,2,
4095,11,3,4,2,
4096,1,1,3,2,
4096,2,1,3,2,
4096,3,1,3,2,
4096,4,1,3,2,
4096,5,1,3,2,
4096,6,1,3,2,
4096,7,1,3,2,
4096,8,1,3,2,
4096,9,1,3,2,
4096,10,1,3,2,
4096,11,1,3,2,
4097,1,1,3,2,
4097,2,1,3,2,
4097,3,2,3,2,
4097,4,3,3,2,
4097,5,3,3,2,
4097,6,1,3,2,
4097,7,3,3,2,
4097,8,3,3,2,
4097,9,3,3,2,
4097,10,3,3,2,
4097,11,3,3,2,
4098,1,1,3,2,
4098,2,1,3,2,
4098,3,1,3,2,
4098,4,1,3,2,
4098,5,1,3,2,
4098,6,1,3,2,
4098,7,1,3,2,
4098,8,1,3,2,
4098,9,1,3,2,
4098,10,1,3,2,
4098,11,1,3,2,
4099,1,3,3,2,
4099,2,3,3,2,
4099,3,3,3,2,
4099,4,3,3,2,
4099,5,3,3,2,
4099,6,3,3,2,
4099,7,3,3,2,
4099,8,3,3,2,
4099,9,3,3,2,
4099,10,3,3,2,
4099,11,3,3,2,
4100,1,3,4,2,
4100,2,3,4,2,
4100,3,3,4,2,
4100,4,3,4,2,
4100,5,3,4,2,
4100,6,3,4,2,
4100,7,3,4,2,
4100,8,3,4,2,
4100,9,3,4,2,
4100,10,3,4,2,
4100,11,3,4,2,
4101,1,1,3,2,
4101,2,1,3,2,
4101,3,1,3,2,
4101,4,1,3,2,
4101,5,1,3,2,
4101,6,1,3,2,
4101,7,1,3,2,
4101,8,1,3,2,
4101,9,1,3,2,
4101,10,1,3,2,
4101,11,1,3,2,
4102,1,1,3,2,
4102,2,1,3,2,
4102,3,1,3,2,
4102,4,1,3,2,
4102,5,1,3,2,
4102,6,1,3,2,
4102,7,1,3,2,
4102,8,1,3,2,
4102,9,1,3,2,
4102,10,1,3,2,
4102,11,1,3,2,
4103,1,1,3,2,
4103,2,1,3,2,
4103,3,2,3,2,
4103,4,3,3,2,
4103,5,3,3,2,
4103,6,3,3,2,
4103,7,3,3,2,
4103,8,1,3,2,
4103,9,1,3,2,
4103,10,3,3,2,
4103,11,3,3,2,
4104,1,1,3,2,
4104,2,1,3,2,
4104,3,2,3,2,
4104,4,3,3,2,
4104,5,3,3,2,
4104,6,3,3,2,
4104,7,3,3,2,
4104,8,1,3,2,
4104,9,1,3,2,
4104,10,3,3,2,
4104,11,3,3,2,
4105,1,1,3,1,1
4105,2,1,3,1,1
4105,3,1,3,1,1
4105,4,3,4,2,
4105,5,1,1,2,
4105,6,1,1,2,
4105,7,1,3,2,
4105,8,1,3,2,
4105,9,1,3,2,
4105,10,1,3,2,
4105,11,1,3,2,
4106,1,2,3,1,1
4106,2,1,3,1,1
4106,3,1,3,1,1
4106,4,1,3,2,
4106,5,1,3,2,
4106,6,1,3,2,
4106,7,1,3,2,
4106,8,1,3,2,
4106,9,1,3,2,
4106,10,1,3,2,
4106,11,1,3,2,
4107,1,1,3,1,1
4107,2,1,3,1,1
4107,3,1,3,1,3
4107,4,1,3,2,
4107,5,1,3,2,
4107,6,1,3,2,
4107,7,1,3,2,
4107,8,1,3,2,
4107,9,1,3,2,
4107,10,1,3,2,
4107,11,1,3,2,
4108,1,1,1,1,1
4108,2,1,1,1,1
4108,3,1,1,2,
4108,4,1,1,1,1
4108,5,1,1,1,1
4108,6,1,3,2,
4108,7,1,3,2,
4108,8,3,4,2,
4108,9,1,1,2,
4108,10,1,1,2,
4108,11,1,1,2,
4109,1,2,3,1,1
4109,2,1,3,1,1
4109,3,1,3,1,1
4109,4,1,3,2,
4109,5,1,3,2,
4109,6,1,3,2,
4109,7,1,3,2,
4109,8,1,3,2,
4109,9,1,3,2,
4109,10,1,3,2,
4109,11,1,3,2,
4110,1,2,3,1,1
4110,2,1,3,2,
4110,3,1,3,2,
4110,4,1,3,2,
4110,5,1,3,2,
4110,6,1,3,2,
4110,7,1,3,2,
4110,8,1,3,2,
4110,9,1,3,2,
4110,10,1,3,2,
4110,11,1,3,2,
4111,1,1,1,1,1
4111,2,1,1,1,1
4111,3,1,3,2,
4111,4,1,3,2,
4111,5,1,3,2,
4111,6,1,3,2,
4111,7,1,3,2,
4111,8,1,3,2,
4111,9,1,3,2,
4111,10,1,3,2,
4111,11,1,3,2,
4112,1,2,3,1,1
4112,2,1,3,1,1
4112,3,1,3,1,1
4112,4,3,2,2,
4112,5,1,3,2,
4112,6,1,3,2,
4112,7,1,3,2,
4112,8,1,3,2,
4112,9,1,3,2,
4112,10,1,3,2,
4112,11,1,3,2,
4113,1,2,3,1,1
4113,2,1,3,2,
4113,3,1,3,2,
4113,4,1,1,1,1
4113,5,1,1,1,1
4113,6,1,3,2,
4113,7,1,3,2,
4113,8,1,3,2,
4113,9,1,3,2,
4113,10,1,3,2,
4113,11,1,3,2,
4114,1,1,3,2,
4114,2,2,3,2,
4114,3,1,3,2,
4114,4,1,3,2,
4114,5,1,3,2,
4114,6,1,3,2,
4114,7,1,3,2,
4114,8,1,3,2,
4114,9,3,3,2,
4114,10,1,3,2,
4114,11,1,3,2,
4115,1,1,3,2,
4115,2,2,3,2,
4115,3,1,3,2,
4115,4,2,3,2,
4115,5,1,3,2,
4115,6,1,3,2,
4115,7,3,3,2,
4115,8,1,3,2,
4115,9,3,3,2,
4115,10,3,3,2,
4115,11,1,3,2,
4116,1,1,3,2,
4116,2,2,3,2,
4116,3,1,3,2,
4116,4,1,3,2,
4116,5,1,3,2,
4116,6,1,3,2,
4116,7,1,3,2,
4116,8,1,3,2,
4116,9,3,3,2,
4116,10,3,3,2,
4116,11,1,3,2,
4117,1,1,3,2,
4117,2,2,3,2,
4117,3,1,3,2,
4117,4,1,3,2,
4117,5,1,3,2,
4117,6,1,3,2,
4117,7,1,3,2,
4117,8,1,3,2,
4117,9,3,3,2,
4117,10,1,3,2,
4117,11,1,3,2,
4118,1,1,3,2,
4118,2,2,3,2,
4118,3,1,3,2,
4118,4,1,3,2,
4118,5,1,3,2,
4118,6,1,3,2,
4118,7,1,3,2,
4118,8,1,3,2,
4118,9,2,3,2,
4118,10,3,3,2,
4118,11,1,3,2,
4119,1,1,3,2,
4119,2,2,3,2,
4119,3,1,3,2,
4119,4,1,3,2,
4119,5,1,3,2,
4119,6,1,3,2,
4119,7,1,3,2,
4119,8,1,3,2,
4119,9,3,3,2,
4119,10,1,3,2,
4119,11,1,3,2,
4120,1,1,3,2,
4120,2,2,3,2,
4120,3,1,3,2,
4120,4,1,3,2,
4120,5,1,3,2,
4120,6,1,3,2,
4120,7,1,3,2,
4120,8,1,3,2,
4120,9,2,3,2,
4120,10,2,3,2,
4120,11,1,3,2,
4121,1,1,3,2,
4121,2,2,3,2,
4121,3,1,3,2,
4121,4,1,3,2,
4121,5,1,3,2,
4121,6,1,3,2,
4121,7,3,3,2,
4121,8,1,3,2,
4121,9,2,3,2,
4121,10,3,3,2,
4121,11,1,3,2,
4122,1,1,3,2,
4122,2,2,3,2,
4122,3,1,3,2,
4122,4,1,3,2,
4122,5,1,3,2,
4122,6,1,3,2,
4122,7,1,3,2,
4122,8,1,3,2,
4122,9,2,3,2,
4122,10,2,3,2,
4122,11,1,3,2,
4123,1,2,3,2,
4123,2,2,3,2,
4123,3,2,3,2,
4123,4,2,3,2,
4123,5,1,3,2,
4123,6,1,3,2,
4123,7,1,3,2,
4123,8,1,3,2,
4123,9,1,3,2,
4123,10,1,3,2,
4123,11,1,3,2,
4124,1,2,3,2,
4124,2,2,3,2,
4124,3,2,3,2,
4124,4,2,3,2,
4124,5,1,3,2,
4124,6,1,3,2,
4124,7,1,3,2,
4124,8,1,3,2,
4124,9,1,3,2,
4124,10,1,3,2,
4124,11,1,3,2,
4125,1,2,3,2,
4125,2,2,3,2,
4125,3,2,3,2,
4125,4,2,3,2,
4125,5,1,3,2,
4125,6,1,3,2,
4125,7,1,3,2,
4125,8,1,3,2,
4125,9,1,3,2,
4125,10,1,3,2,
4125,11,1,3,2,
4126,1,2,3,2,
4126,2,2,3,2,
4126,3,2,3,2,
4126,4,2,3,2,
4126,5,1,3,2,
4126,6,1,3,2,
4126,7,1,3,2,
4126,8,1,3,2,
4126,9,1,3,2,
4126,10,1,3,2,
4126,11,1,3,2,
4127,1,2,3,2,
4127,2,2,3,2,
4127,3,2,3,2,
4127,4,2,3,2,
4127,5,1,3,2,
4127,6,1,3,2,
4127,7,1,3,2,
4127,8,1,3,2,
4127,9,1,3,2,
4127,10,1,3,2,
4127,11,1,3,2,
4128,1,2,3,2,
4128,2,2,3,2,
4128,3,2,3,2,
4128,4,2,3,2,
4128,5,1,3,2,
4128,6,1,3,2,
4128,7,1,3,2,
4128,8,1,3,2,
4128,9,1,3,2,
4128,10,1,3,2,
4128,11,1,3,2,
4129,1,2,3,2,
4129,2,2,3,2,
4129,3,2,3,2,
4129,4,2,3,2,
4129,5,1,3,2,
4129,6,1,3,2,
4129,7,1,3,2,
4129,8,1,3,2,
4129,9,1,3,2,
4129,10,1,3,2,
4129,11,1,3,2,
4130,1,2,3,2,
4130,2,2,3,2,
4130,3,2,3,2,
4130,4,2,3,2,
4130,5,1,3,2,
4130,6,1,3,2,
4130,7,1,3,2,
4130,8,1,3,2,
4130,9,1,3,2,
4130,10,1,3,2,
4130,11,1,3,2,
4131,1,2,3,2,
4131,2,2,3,2,
4131,3,2,3,2,
4131,4,2,3,2,
4131,5,1,3,2,
4131,6,1,3,2,
4131,7,1,3,2,
4131,8,1,3,2,
4131,9,1,3,2,
4131,10,1,3,2,
4131,11,1,3,2,
4132,1,1,3,2,
4132,2,1,3,2,
4132,3,1,1,2,
4132,4,3,4,2,
4132,5,1,1,2,
4132,6,1,1,2,
4132,7,1,1,2,
4132,8,3,4,2,
4132,9,2,2,2,
4132,10,2,2,2,
4132,11,1,3,2,
4133,1,1,3,2,
4133,2,1,3,2,
4133,3,1,1,2,
4133,4,1,1,2,
4133,5,1,1,2,
4133,6,3,4,2,
4133,7,1,1,2,
4133,8,3,4,2,
4133,9,2,2,2,
4133,10,2,2,2,
4133,11,1,3,2,
4134,1,1,3,2,
4134,2,1,3,2,
4134,3,1,1,2,
4134,4,1,1,2,
4134,5,1,1,2,
4134,6,1,1,2,
4134,7,1,1,2,
4134,8,3,4,2,
4134,9,2,2,2,
4134,10,2,2,2,
4134,11,1,3,2,
4135,1,1,3,2,
4135,2,1,3,2,
4135,3,1,1,2,
4135,4,3,4,2,
4135,5,1,1,2,
4135,6,3,4,2,
4135,7,1,1,2,
4135,8,3,4,2,
4135,9,2,2,2,
4135,10,3,4,2,
4135,11,1,3,2,
4136,1,1,3,2,
4136,2,1,3,2,
4136,3,1,1,2,
4136,4,3,4,2,
4136,5,1,1,2,
4136,6,3,4,2,
4136,7,1,1,2,
4136,8,3,4,2,
4136,9,2,2,2,
4136,10,3,4,2,
4136,11,1,3,2,
4137,1,1,3,2,
4137,2,1,3,2,
4137,3,1,1,2,
4137,4,1,1,2,
4137,5,1,1,2,
4137,6,3,4,2,
4137,7,1,1,2,
4137,8,3,4,2,
4137,9,3,4,2,
4137,10,3,4,2,
4137,11,1,3,2,
4138,1,1,3,2,
4138,2,1,3,2,
4138,3,1,1,2,
4138,4,1,1,2,
4138,5,1,1,2,
4138,6,3,4,2,
4138,7,1,1,2,
4138,8,3,4,2,
4138,9,2,2,2,
4138,10,3,4,2,
4138,11,1,3,2,
4139,1,1,3,2,
4139,2,1,3,2,
4139,3,1,1,2,
4139,4,3,4,2,
4139,5,1,1,2,
4139,6,1,1,2,
4139,7,1,1,2,
4139,8,3,4,2,
4139,9,2,2,2,
4139,10,2,2,2,
4139,11,1,3,2,
4140,1,1,3,2,
4140,2,1,3,2,
4140,3,1,1,2,
4140,4,1,1,2,
4140,5,1,1,2,
4140,6,3,4,2,
4140,7,1,1,2,
4140,8,3,4,2,
4140,9,2,2,2,
4140,10,3,4,2,
4140,11,1,3,2,
4141,1,1,3,2,
4141,2,3,4,2,
4141,3,3,4,2,
4141,4,1,3,2,
4141,5,1,3,2,
4141,6,1,3,2,
4141,7,1,3,2,
4141,8,3,4,2,
4141,9,1,3,2,
4141,10,3,4,2,
4141,11,1,3,2,
4142,1,1,3,2,
4142,2,3,4,2,
4142,3,3,4,2,
4142,4,3,4,2,
4142,5,1,3,2,
4142,6,1,3,2,
4142,7,1,3,2,
4142,8,3,4,2,
4142,9,1,3,2,
4142,10,1,3,2,
4142,11,1,3,2,
4143,1,1,3,2,
4143,2,3,4,2,
4143,3,3,4,2,
4143,4,1,3,2,
4143,5,1,3,2,
4143,6,1,3,2,
4143,7,1,3,2,
4143,8,3,4,2,
4143,9,1,3,2,
4143,10,1,3,2,
4143,11,1,3,2,
4144,1,1,3,2,
4144,2,3,4,2,
4144,3,3,4,2,
4144,4,1,3,2,
4144,5,1,3,2,
4144,6,1,3,2,
4144,7,1,3,2,
4144,8,3,4,2,
4144,9,1,3,2,
4144,10,3,4,2,
4144,11,1,3,2,
4145,1,1,3,2,
4145,2,3,4,2,
4145,3,3,4,2,
4145,4,3,4,2,
4145,5,1,3,2,
4145,6,1,3,2,
4145,7,1,3,2,
4145,8,3,4,2,
4145,9,1,3,2,
4145,10,3,4,2,
4145,11,1,3,2,
4146,1,1,3,2,
4146,2,3,4,2,
4146,3,3,4,2,
4146,4,1,3,2,
4146,5,1,3,2,
4146,6,1,3,2,
4146,7,1,3,2,
4146,8,3,4,2,
4146,9,1,3,2,
4146,10,3,4,2,
4146,11,1,3,2,
4147,1,1,3,2,
4147,2,3,4,2,
4147,3,3,4,2,
4147,4,1,3,2,
4147,5,1,3,2,
4147,6,1,3,2,
4147,7,1,3,2,
4147,8,3,4,2,
4147,9,1,3,2,
4147,10,1,3,2,
4147,11,1,3,2,
4148,1,1,3,2,
4148,2,3,4,2,
4148,3,3,4,2,
4148,4,1,3,2,
4148,5,1,3,2,
4148,6,1,3,2,
4148,7,1,3,2,
4148,8,3,4,2,
4148,9,1,3,2,
4148,10,1,3,2,
4148,11,1,3,2,
4149,1,2,3,2,
4149,2,3,4,2,
4149,3,3,4,2,
4149,4,3,4,2,
4149,5,1,3,2,
4149,6,1,3,2,
4149,7,1,3,2,
4149,8,3,4,2,
4149,9,1,3,2,
4149,10,1,3,2,
4149,11,1,3,2,
4150,1,1,3,2,
4150,2,3,4,2,
4150,3,3,4,2,
4150,4,3,4,2,
4150,5,1,3,2,
4150,6,1,3,2,
4150,7,1,1,2,
4150,8,3,4,2,
4150,9,1,3,2,
4150,10,1,3,2,
4150,11,1,3,2,
4151,1,1,3,2,
4151,2,3,4,2,
4151,3,3,4,2,
4151,4,3,4,2,
4151,5,1,3,2,
4151,6,1,3,2,
4151,7,1,3,2,
4151,8,3,4,2,
4151,9,1,3,2,
4151,10,3,4,2,
4151,11,1,3,2,
4152,1,1,3,2,
4152,2,3,4,2,
4152,3,3,4,2,
4152,4,3,4,2,
4152,5,1,3,2,
4152,6,1,3,2,
4152,7,1,3,2,
4152,8,1,3,2,
4152,9,1,3,2,
4152,10,1,3,2,
4152,11,1,3,2,
4153,1,1,3,2,
4153,2,3,4,2,
4153,3,3,4,2,
4153,4,3,4,2,
4153,5,1,3,2,
4153,6,1,3,2,
4153,7,1,3,2,
4153,8,1,3,2,
4153,9,1,3,2,
4153,10,3,4,2,
4153,11,1,3,2,
4154,1,1,3,2,
4154,2,3,4,2,
4154,3,3,4,2,
4154,4,1,3,2,
4154,5,1,3,2,
4154,6,1,3,2,
4154,7,3,4,2,
4154,8,3,4,2,
4154,9,1,1,2,
4154,10,3,4,2,
4154,11,1,3,2,
4155,1,1,3,2,
4155,2,3,4,2,
4155,3,3,4,2,
4155,4,3,4,2,
4155,5,1,3,2,
4155,6,1,3,2,
4155,7,1,3,2,
4155,8,2,3,2,
4155,9,1,3,2,
4155,10,2,3,2,
4155,11,1,3,2,
4156,1,1,3,2,
4156,2,3,4,2,
4156,3,3,4,2,
4156,4,3,4,2,
4156,5,1,3,1,1
4156,6,3,4,2,
4156,7,1,3,2,
4156,8,3,4,2,
4156,9,1,3,2,
4156,10,3,4,2,
4156,11,1,3,2,
4157,1,1,3,2,
4157,2,3,4,2,
4157,3,3,4,2,
4157,4,3,4,2,
4157,5,1,3,2,
4157,6,1,3,2,
4157,7,3,4,2,
4157,8,3,4,2,
4157,9,1,3,2,
4157,10,3,4,2,
4157,11,1,3,2,
4158,1,1,3,2,
4158,2,3,4,2,
4158,3,3,4,2,
4158,4,3,4,2,
4158,5,1,3,2,
4158,6,1,3,2,
4158,7,1,3,2,
4158,8,2,3,2,
4158,9,1,3,2,
4158,10,1,3,2,
4158,11,1,3,2,
4159,1,1,3,2,
4159,2,1,3,2,
4159,3,1,3,2,
4159,4,1,3,2,
4159,5,1,3,2,
4159,6,1,3,2,
4159,7,1,3,2,
4159,8,3,4,2,
4159,9,2,3,2,
4159,10,1,3,2,
4159,11,1,3,2,
4160,1,1,3,2,
4160,2,1,3,1,1
4160,3,1,3,2,
4160,4,1,3,2,
4160,5,1,3,1,1
4160,6,1,3,2,
4160,7,1,3,2,
4160,8,3,4,2,
4160,9,3,4,2,
4160,10,3,4,2,
4160,11,1,3,2,
4161,1,1,3,2,
4161,2,1,3,2,
4161,3,1,3,2,
4161,4,3,4,2,
4161,5,1,3,2,
4161,6,1,3,2,
4161,7,3,4,2,
4161,8,3,4,2,
4161,9,3,4,2,
4161,10,3,4,2,
4161,11,1,3,2,
4162,1,1,3,2,
4162,2,1,3,2,
4162,3,1,3,2,
4162,4,1,3,2,
4162,5,1,3,2,
4162,6,1,3,2,
4162,7,3,4,2,
4162,8,3,4,2,
4162,9,3,4,2,
4162,10,1,3,2,
4162,11,1,3,2,
4163,1,1,3,2,
4163,2,1,3,2,
4163,3,1,3,2,
4163,4,1,3,2,
4163,5,1,3,2,
4163,6,3,4,2,
4163,7,1,3,2,
4163,8,3,4,2,
4163,9,2,3,2,
4163,10,2,3,2,
4163,11,1,3,2,
4164,1,1,3,2,
4164,2,1,3,2,
4164,3,1,3,2,
4164,4,1,3,2,
4164,5,1,3,2,
4164,6,1,3,2,
4164,7,1,3,2,
4164,8,3,4,2,
4164,9,1,3,2,
4164,10,1,3,2,
4164,11,1,3,2,
4165,1,1,3,2,
4165,2,1,3,2,
4165,3,1,3,2,
4165,4,1,3,2,
4165,5,1,3,2,
4165,6,1,3,2,
4165,7,3,4,2,
4165,8,3,4,2,
4165,9,3,4,2,
4165,10,3,4,2,
4165,11,3,4,2,
4166,1,1,3,2,
4166,2,1,3,2,
4166,3,1,3,2,
4166,4,1,3,2,
4166,5,1,3,2,
4166,6,1,3,2,
4166,7,1,3,2,
4166,8,3,4,2,
4166,9,1,3,2,
4166,10,3,4,2,
4166,11,1,3,2,
4167,1,1,3,2,
4167,2,1,3,2,
4167,3,1,3,2,
4167,4,1,3,2,
4167,5,1,3,2,
4167,6,1,3,2,
4167,7,1,3,2,
4167,8,3,4,2,
4167,9,2,3,2,
4167,10,1,3,2,
4167,11,1,3,2,
4168,1,1,3,2,
4168,2,1,3,2,
4168,3,1,3,2,
4168,4,1,3,2,
4168,5,1,3,2,
4168,6,1,3,2,
4168,7,3,4,2,
4168,8,3,4,2,
4168,9,3,4,2,
4168,10,1,3,2,
4168,11,1,3,2,
4169,1,1,3,2,
4169,2,1,3,2,
4169,3,1,3,2,
4169,4,1,3,2,
4169,5,1,3,2,
4169,6,1,3,2,
4169,7,3,4,2,
4169,8,3,4,2,
4169,9,1,3,2,
4169,10,3,4,2,
4169,11,1,3,2,
4170,1,1,3,2,
4170,2,1,3,2,
4170,3,1,3,2,
4170,4,1,3,2,
4170,5,1,3,2,
4170,6,1,3,2,
4170,7,3,4,2,
4170,8,3,4,2,
4170,9,3,4,2,
4170,10,3,4,2,
4170,11,1,3,2,
4171,1,1,3,2,
4171,2,1,3,2,
4171,3,1,3,2,
4171,4,1,3,2,
4171,5,1,3,2,
4171,6,1,3,2,
4171,7,1,3,2,
4171,8,3,4,2,
4171,9,3,4,2,
4171,10,3,4,2,
4171,11,1,3,2,
4172,1,1,3,2,
4172,2,1,3,2,
4172,3,1,3,2,
4172,4,1,3,2,
4172,5,1,3,2,
4172,6,1,3,2,
4172,7,3,4,2,
4172,8,3,4,2,
4172,9,3,4,2,
4172,10,3,4,2,
4172,11,1,3,2,
4173,1,1,3,2,
4173,2,1,3,2,
4173,3,1,3,2,
4173,4,1,3,2,
4173,5,1,3,2,
4173,6,1,3,2,
4173,7,1,3,2,
4173,8,3,4,2,
4173,9,1,3,2,
4173,10,3,4,2,
4173,11,1,3,2,
4174,1,1,3,2,
4174,2,1,3,2,
4174,3,1,3,2,
4174,4,1,3,2,
4174,5,1,3,2,
4174,6,1,3,2,
4174,7,1,3,2,
4174,8,3,4,2,
4174,9,3,4,2,
4174,10,1,3,2,
4174,11,1,3,2,
4175,1,1,3,2,
4175,2,1,3,2,
4175,3,1,3,2,
4175,4,1,3,2,
4175,5,1,3,2,
4175,6,3,4,2,
4175,7,1,3,2,
4175,8,3,4,2,
4175,9,3,4,2,
4175,10,3,4,2,
4175,11,1,3,2,
4176,1,1,3,2,
4176,2,1,3,2,
4176,3,1,3,2,
4176,4,1,3,2,
4176,5,1,3,2,
4176,6,1,3,2,
4176,7,3,4,2,
4176,8,3,4,2,
4176,9,3,4,2,
4176,10,3,4,2,
4176,11,1,3,2,
4177,1,1,3,2,
4177,2,1,3,2,
4177,3,1,3,2,
4177,4,1,3,2,
4177,5,1,3,2,
4177,6,1,3,2,
4177,7,1,3,2,
4177,8,3,4,2,
4177,9,1,3,2,
4177,10,1,3,2,
4177,11,1,3,2,
4178,1,2,3,2,
4178,2,2,3,2,
4178,3,2,3,2,
4178,4,2,3,1,1
4178,5,2,3,1,1
4178,6,2,3,2,
4178,7,2,3,2,
4178,8,3,4,2,
4178,9,2,3,2,
4178,10,2,3,2,
4178,11,2,3,2,
4179,1,1,3,2,
4179,2,1,3,2,
4179,3,1,3,2,
4179,4,1,3,2,
4179,5,1,3,2,
4179,6,1,3,2,
4179,7,1,3,2,
4179,8,3,4,2,
4179,9,1,3,2,
4179,10,1,3,2,
4179,11,1,3,2,
4180,1,1,3,2,
4180,2,1,3,2,
4180,3,1,3,2,
4180,4,3,4,2,
4180,5,1,3,2,
4180,6,1,3,2,
4180,7,1,3,2,
4180,8,3,4,2,
4180,9,1,3,2,
4180,10,1,3,2,
4180,11,1,3,2,
4181,1,1,3,2,
4181,2,1,3,2,
4181,3,1,3,2,
4181,4,1,3,2,
4181,5,1,3,2,
4181,6,1,3,2,
4181,7,1,3,2,
4181,8,3,4,2,
4181,9,1,3,2,
4181,10,1,3,2,
4181,11,1,3,2,
4182,1,1,3,2,
4182,2,1,3,2,
4182,3,1,3,2,
4182,4,1,3,2,
4182,5,1,3,2,
4182,6,1,3,2,
4182,7,1,3,2,
4182,8,3,4,2,
4182,9,1,3,2,
4182,10,1,3,2,
4182,11,1,3,2,
4183,1,1,3,2,
4183,2,1,3,2,
4183,3,1,3,2,
4183,4,1,3,1,1
4183,5,1,3,1,1
4183,6,1,3,2,
4183,7,1,3,2,
4183,8,3,4,2,
4183,9,1,3,2,
4183,10,1,3,2,
4183,11,1,3,2,
4184,1,1,3,2,
4184,2,1,3,2,
4184,3,1,3,2,
4184,4,1,3,2,
4184,5,1,3,2,
4184,6,1,3,2,
4184,7,1,3,2,
4184,8,3,4,2,
4184,9,1,3,2,
4184,10,1,3,2,
4184,11,1,3,2,
4185,1,1,3,2,
4185,2,1,3,2,
4185,3,1,3,2,
4185,4,1,3,2,
4185,5,1,3,2,
4185,6,1,3,2,
4185,7,1,3,2,
4185,8,3,4,2,
4185,9,1,3,2,
4185,10,1,3,2,
4185,11,1,3,2,
4186,1,1,3,2,
4186,2,1,3,2,
4186,3,1,3,2,
4186,4,1,3,2,
4186,5,1,3,2,
4186,6,1,3,2,
4186,7,1,3,2,
4186,8,1,3,2,
4186,9,1,3,2,
4186,10,1,3,2,
4186,11,1,3,2,
4187,1,1,3,2,
4187,2,1,3,2,
4187,3,1,3,2,
4187,4,1,3,2,
4187,5,1,3,2,
4187,6,1,3,2,
4187,7,1,3,2,
4187,8,3,4,2,
4187,9,1,3,2,
4187,10,1,3,2,
4187,11,1,3,2,
4188,1,1,3,2,
4188,2,1,3,2,
4188,3,1,3,2,
4188,4,1,3,2,
4188,5,1,3,2,
4188,6,1,3,2,
4188,7,1,3,2,
4188,8,1,3,2,
4188,9,1,3,2,
4188,10,1,3,2,
4188,11,1,3,2,
4189,1,1,1,2,
4189,2,1,3,2,
4189,3,1,1,2,
4189,4,3,4,2,
4189,5,1,3,2,
4189,6,1,3,2,
4189,7,1,3,2,
4189,8,3,4,2,
4189,9,1,3,2,
4189,10,3,4,2,
4189,11,1,3,2,
4190,1,1,3,2,
4190,2,1,3,2,
4190,3,1,3,2,
4190,4,1,3,2,
4190,5,1,3,2,
4190,6,1,3,2,
4190,7,1,3,2,
4190,8,1,3,2,
4190,9,1,3,2,
4190,10,1,3,2,
4190,11,1,3,2,
4191,1,1,4,2,
4191,2,1,4,2,
4191,3,1,4,2,
4191,4,1,4,2,
4191,5,1,4,2,
4191,6,1,4,2,
4191,7,1,4,2,
4191,8,1,4,2,
4191,9,1,4,2,
4191,10,1,4,2,
4191,11,1,4,2,
4192,1,1,3,2,
4192,2,1,3,2,
4192,3,1,3,2,
4192,4,1,3,2,
4192,5,1,3,2,
4192,6,1,3,2,
4192,7,1,3,2,
4192,8,3,4,2,
4192,9,1,3,2,
4192,10,1,3,2,
4192,11,1,3,2,
4193,1,1,3,2,
4193,2,1,3,2,
4193,3,1,3,2,
4193,4,1,3,2,
4193,5,1,3,2,
4193,6,1,3,2,
4193,7,1,3,2,
4193,8,1,3,2,
4193,9,1,3,2,
4193,10,1,3,2,
4193,11,1,3,2,
4194,1,1,3,2,
4194,2,1,3,2,
4194,3,1,3,2,
4194,4,1,3,2,
4194,5,1,3,2,
4194,6,1,3,2,
4194,7,1,3,2,
4194,8,3,4,2,
4194,9,1,3,2,
4194,10,1,3,2,
4194,11,1,3,2,
4195,1,1,3,2,
4195,2,1,3,2,
4195,3,3,4,2,
4195,4,1,1,2,
4195,5,2,3,2,
4195,6,1,1,2,
4195,7,1,3,2,
4195,8,2,3,2,
4195,9,1,1,2,
4195,10,1,3,2,
4195,11,1,1,2,
4196,1,2,3,2,
4196,2,1,3,2,
4196,3,1,3,2,
4196,4,1,3,2,
4196,5,1,3,2,
4196,6,2,2,2,
4196,7,2,2,2,
4196,8,2,2,2,
4196,9,2,3,2,
4196,10,2,3,2,
4196,11,1,1,2,
4197,1,1,1,2,
4197,2,1,3,2,
4197,3,1,3,2,
4197,4,3,4,2,
4197,5,2,2,2,
4197,6,1,1,2,
4197,7,3,4,2,
4197,8,1,3,2,
4197,9,1,3,2,
4197,10,1,3,2,
4197,11,1,1,2,
4198,1,1,2,2,
4198,2,2,3,2,
4198,3,1,3,2,
4198,4,1,2,2,
4198,5,1,2,2,
4198,6,1,3,2,
4198,7,1,3,2,
4198,8,2,3,2,
4198,9,2,3,2,
4198,10,2,3,2,
4198,11,2,3,2,
4199,1,1,3,2,
4199,2,1,3,2,
4199,3,1,3,2,
4199,4,1,3,2,
4199,5,1,3,2,
4199,6,1,3,2,
4199,7,1,3,2,
4199,8,2,3,2,
4199,9,1,3,2,
4199,10,3,4,2,
4199,11,1,3,2,
4200,1,1,3,2,
4200,2,1,3,2,
4200,3,1,3,2,
4200,4,1,3,2,
4200,5,1,3,2,
4200,6,1,1,2,
4200,7,3,4,2,
4200,8,2,3,2,
4200,9,1,3,2,
4200,10,3,4,2,
4200,11,1,1,2,
4201,1,1,1,2,
4201,2,1,1,2,
4201,3,1,1,2,
4201,4,3,4,2,
4201,5,1,1,2,
4201,6,1,3,2,
4201,7,1,3,2,
4201,8,1,3,2,
4201,9,2,3,2,
4201,10,2,2,2,
4201,11,1,1,2,
4202,1,1,1,2,
4202,2,3,4,1,2
4202,3,1,3,2,
4202,4,3,4,2,
4202,5,1,1,2,
4202,6,1,1,2,
4202,7,1,3,2,
4202,8,1,3,2,
4202,9,1,1,2,
4202,10,3,4,2,
4202,11,1,1,2,
4203,1,1,3,2,
4203,2,3,4,2,
4203,3,1,1,2,
4203,4,3,4,2,
4203,5,1,3,2,
4203,6,1,3,2,
4203,7,3,4,2,
4203,8,2,3,1,2
4203,9,1,1,2,
4203,10,3,4,2,
4203,11,1,1,2,
4204,1,1,3,2,
4204,2,1,3,2,
4204,3,1,3,2,
4204,4,3,4,2,
4204,5,1,3,2,
4204,6,3,4,2,
4204,7,3,4,2,
4204,8,3,4,2,
4204,9,1,3,2,
4204,10,1,3,2,
4204,11,3,4,2,
4205,1,1,1,2,
4205,2,1,3,2,
4205,3,1,3,2,
4205,4,1,3,2,
4205,5,1,3,2,
4205,6,1,3,2,
4205,7,1,3,2,
4205,8,3,4,2,
4205,9,1,1,2,
4205,10,1,1,2,
4205,11,1,1,2,
4206,1,1,3,2,
4206,2,1,3,2,
4206,3,1,3,2,
4206,4,1,3,2,
4206,5,1,3,2,
4206,6,1,3,2,
4206,7,1,3,2,
4206,8,3,4,2,
4206,9,1,3,2,
4206,10,1,3,2,
4206,11,1,3,2,
4207,1,1,1,2,
4207,2,1,3,2,
4207,3,1,1,2,
4207,4,1,1,2,
4207,5,1,1,2,
4207,6,1,1,2,
4207,7,1,1,2,
4207,8,3,4,2,
4207,9,1,1,2,
4207,10,1,1,2,
4207,11,1,1,2,
4208,1,1,3,2,
4208,2,1,3,2,
4208,3,1,3,2,
4208,4,1,3,2,
4208,5,1,3,2,
4208,6,1,3,2,
4208,7,1,3,2,
4208,8,3,4,2,
4208,9,1,3,2,
4208,10,1,3,2,
4208,11,1,3,2,
4209,1,1,3,2,
4209,2,1,3,2,
4209,3,1,3,2,
4209,4,1,3,2,
4209,5,1,3,2,
4209,6,1,3,2,
4209,7,1,3,2,
4209,8,3,4,2,
4209,9,1,1,2,
4209,10,1,1,2,
4209,11,1,1,2,
4210,1,1,3,2,
4210,2,1,3,2,
4210,3,1,3,2,
4210,4,1,3,2,
4210,5,1,3,2,
4210,6,1,3,2,
4210,7,1,3,2,
4210,8,1,3,2,
4210,9,1,3,2,
4210,10,1,3,2,
4210,11,1,3,2,
4211,1,1,3,2,
4211,2,1,3,2,
4211,3,1,3,2,
4211,4,1,3,2,
4211,5,1,3,2,
4211,6,1,3,2,
4211,7,1,3,2,
4211,8,3,4,2,
4211,9,3,4,2,
4211,10,3,4,2,
4211,11,3,4,2,
4212,1,1,1,2,
4212,2,1,3,2,
4212,3,1,3,2,
4212,4,1,3,2,
4212,5,1,3,2,
4212,6,1,3,2,
4212,7,1,3,2,
4212,8,1,3,2,
4212,9,1,3,2,
4212,10,1,3,2,
4212,11,1,3,2,
4213,1,1,3,2,
4213,2,1,3,2,
4213,3,2,3,2,
4213,4,3,4,2,
4213,5,1,3,2,
4213,6,1,3,2,
4213,7,1,3,2,
4213,8,3,4,2,
4213,9,1,3,2,
4213,10,1,3,2,
4213,11,1,3,2,
4214,1,1,3,2,
4214,2,1,3,2,
4214,3,2,3,2,
4214,4,1,3,2,
4214,5,1,3,2,
4214,6,2,3,2,
4214,7,3,4,2,
4214,8,3,4,2,
4214,9,2,3,2,
4214,10,3,4,2,
4214,11,1,3,2,
4215,1,1,3,2,
4215,2,1,3,2,
4215,3,2,3,2,
4215,4,1,3,2,
4215,5,1,3,2,
4215,6,1,3,2,
4215,7,2,3,2,
4215,8,3,4,2,
4215,9,2,3,2,
4215,10,2,3,2,
4215,11,1,3,2,
4216,1,1,3,2,
4216,2,1,3,2,
4216,3,2,3,2,
4216,4,3,4,2,
4216,5,1,3,2,
4216,6,2,3,2,
4216,7,2,3,2,
4216,8,3,4,2,
4216,9,2,3,2,
4216,10,2,3,2,
4216,11,1,3,2,
4217,1,1,3,2,
4217,2,1,3,2,
4217,3,2,3,2,
4217,4,3,4,2,
4217,5,1,3,2,
4217,6,1,3,2,
4217,7,1,3,2,
4217,8,3,4,2,
4217,9,2,3,2,
4217,10,3,4,2,
4217,11,2,3,2,
4218,1,1,3,2,
4218,2,1,3,2,
4218,3,2,3,2,
4218,4,1,3,2,
4218,5,1,3,2,
4218,6,1,3,2,
4218,7,2,3,2,
4218,8,3,4,2,
4218,9,2,3,2,
4218,10,2,3,2,
4218,11,2,3,2,
4219,1,1,3,2,
4219,2,1,3,2,
4219,3,2,3,2,
4219,4,1,3,2,
4219,5,1,3,2,
4219,6,1,3,2,
4219,7,2,3,2,
4219,8,3,4,2,
4219,9,2,3,2,
4219,10,2,3,2,
4219,11,2,3,2,
4220,1,1,3,2,
4220,2,1,3,2,
4220,3,2,3,2,
4220,4,3,4,2,
4220,5,1,3,2,
4220,6,2,3,2,
4220,7,3,4,2,
4220,8,3,4,2,
4220,9,2,3,2,
4220,10,3,4,2,
4220,11,1,3,2,
4221,1,1,3,2,
4221,2,1,3,2,
4221,3,2,3,2,
4221,4,3,4,2,
4221,5,1,3,2,
4221,6,2,3,2,
4221,7,1,3,2,
4221,8,3,4,2,
4221,9,2,3,2,
4221,10,1,3,2,
4221,11,1,3,2,
4222,1,1,3,2,
4222,2,2,3,2,
4222,3,2,3,2,
4222,4,3,4,2,
4222,5,1,3,2,
4222,6,1,3,1,1
4222,7,1,3,2,
4222,8,3,4,2,
4222,9,1,1,2,
4222,10,3,4,2,
4222,11,1,3,2,
4223,1,1,3,1,1
4223,2,2,3,2,
4223,3,2,3,2,
4223,4,3,4,2,
4223,5,1,3,2,
4223,6,3,4,2,
4223,7,3,4,2,
4223,8,3,4,2,
4223,9,3,4,2,
4223,10,3,4,2,
4223,11,1,3,2,
4224,1,1,3,2,
4224,2,2,3,2,
4224,3,2,3,2,
4224,4,3,4,2,
4224,5,1,3,2,
4224,6,3,4,2,
4224,7,1,3,2,
4224,8,3,4,2,
4224,9,1,3,1,1
4224,10,3,4,2,
4224,11,1,3,2,
4225,1,1,3,2,
4225,2,2,3,2,
4225,3,2,3,2,
4225,4,3,4,2,
4225,5,1,3,2,
4225,6,1,3,2,
4225,7,1,3,2,
4225,8,3,4,2,
4225,9,1,3,1,1
4225,10,1,1,2,
4225,11,1,3,2,
4226,1,1,3,2,
4226,2,2,3,2,
4226,3,2,3,2,
4226,4,3,4,2,
4226,5,1,3,1,1
4226,6,3,4,2,
4226,7,3,4,2,
4226,8,3,4,2,
4226,9,1,3,2,
4226,10,1,3,2,
4226,11,1,3,2,
4227,1,1,3,2,
4227,2,2,3,2,
4227,3,2,3,2,
4227,4,3,4,2,
4227,5,1,3,2,
4227,6,1,3,2,
4227,7,3,4,2,
4227,8,3,4,2,
4227,9,1,3,1,1
4227,10,1,1,2,
4227,11,1,3,2,
4228,1,1,3,2,
4228,2,2,3,2,
4228,3,2,3,2,
4228,4,3,4,2,
4228,5,1,3,2,
4228,6,1,3,1,1
4228,7,3,4,2,
4228,8,3,4,2,
4228,9,3,4,2,
4228,10,1,3,2,
4228,11,1,3,2,
4229,1,1,3,2,
4229,2,2,3,2,
4229,3,2,3,2,
4229,4,3,4,2,
4229,5,1,3,1,1
4229,6,3,4,2,
4229,7,3,4,2,
4229,8,3,4,2,
4229,9,1,3,2,
4229,10,1,3,2,
4229,11,2,3,2,
4230,1,1,3,1,1
4230,2,2,3,2,
4230,3,2,3,2,
4230,4,3,4,2,
4230,5,1,3,2,
4230,6,3,4,2,
4230,7,3,4,2,
4230,8,3,4,2,
4230,9,1,1,2,
4230,10,1,3,2,
4230,11,1,3,2,
4231,1,1,3,2,
4231,2,1,3,2,
4231,3,2,3,1,2
4231,4,3,4,2,
4231,5,1,3,2,
4231,6,1,3,2,
4231,7,1,3,2,
4231,8,1,3,2,
4231,9,1,3,2,
4231,10,1,3,2,
4231,11,1,3,2,
4232,1,1,3,2,
4232,2,1,3,2,
4232,3,2,3,1,2
4232,4,3,4,2,
4232,5,1,3,2,
4232,6,1,3,2,
4232,7,1,3,2,
4232,8,2,2,1,2
4232,9,1,3,2,
4232,10,1,3,2,
4232,11,1,3,2,
4233,1,1,3,2,
4233,2,1,3,2,
4233,3,2,3,1,2
4233,4,3,4,2,
4233,5,1,3,2,
4233,6,1,3,2,
4233,7,1,3,2,
4233,8,2,2,1,2
4233,9,1,3,2,
4233,10,1,3,2,
4233,11,2,3,2,
4234,1,1,3,2,
4234,2,1,3,2,
4234,3,2,3,1,2
4234,4,1,3,2,
4234,5,1,3,2,
4234,6,1,3,2,
4234,7,2,2,1,2
4234,8,1,3,2,
4234,9,1,3,2,
4234,10,1,3,2,
4234,11,1,3,2,
4235,1,1,3,2,
4235,2,1,3,2,
4235,3,2,3,1,2
4235,4,3,4,2,
4235,5,1,3,2,
4235,6,1,3,2,
4235,7,1,3,2,
4235,8,2,2,1,2
4235,9,1,3,2,
4235,10,1,3,2,
4235,11,1,3,2,
4236,1,1,3,2,
4236,2,1,3,2,
4236,3,2,3,1,2
4236,4,3,4,2,
4236,5,1,3,2,
4236,6,1,3,2,
4236,7,1,3,2,
4236,8,2,2,1,2
4236,9,1,3,2,
4236,10,1,3,2,
4236,11,1,3,2,
4237,1,1,3,2,
4237,2,1,3,2,
4237,3,2,3,1,2
4237,4,3,4,2,
4237,5,1,3,2,
4237,6,1,3,2,
4237,7,1,3,2,
4237,8,2,2,1,2
4237,9,1,3,2,
4237,10,1,3,2,
4237,11,1,3,2,
4238,1,1,3,2,
4238,2,1,3,2,
4238,3,2,3,1,2
4238,4,3,4,2,
4238,5,1,3,2,
4238,6,1,3,2,
4238,7,1,3,2,
4238,8,2,3,1,2
4238,9,1,3,2,
4238,10,1,3,2,
4238,11,1,3,2,
4239,1,1,3,2,
4239,2,1,3,2,
4239,3,2,3,1,2
4239,4,3,4,2,
4239,5,1,3,2,
4239,6,1,3,2,
4239,7,1,3,2,
4239,8,2,2,1,2
4239,9,1,3,2,
4239,10,1,3,2,
4239,11,1,3,2,
4240,1,1,3,2,
4240,2,1,3,2,
4240,3,1,3,2,
4240,4,3,4,2,
4240,5,1,3,2,
4240,6,1,3,2,
4240,7,1,3,2,
4240,8,3,4,2,
4240,9,2,2,2,
4240,10,2,2,2,
4240,11,1,3,2,
4241,1,1,3,2,
4241,2,1,3,2,
4241,3,1,3,2,
4241,4,3,4,2,
4241,5,1,3,2,
4241,6,1,3,2,
4241,7,1,3,2,
4241,8,3,4,2,
4241,9,1,3,2,
4241,10,2,2,2,
4241,11,1,3,2,
4242,1,1,3,2,
4242,2,1,3,2,
4242,3,1,3,2,
4242,4,3,4,2,
4242,5,1,3,2,
4242,6,1,3,2,
4242,7,1,3,2,
4242,8,1,3,2,
4242,9,2,2,2,
4242,10,2,2,2,
4242,11,1,3,2,
4243,1,1,3,2,
4243,2,1,3,2,
4243,3,1,3,2,
4243,4,3,4,2,
4243,5,1,3,2,
4243,6,1,3,2,
4243,7,1,3,2,
4243,8,3,4,2,
4243,9,2,2,2,
4243,10,2,2,2,
4243,11,1,3,2,
4244,1,1,3,2,
4244,2,1,3,2,
4244,3,1,3,2,
4244,4,3,4,2,
4244,5,1,3,2,
4244,6,1,3,2,
4244,7,1,3,2,
4244,8,3,4,2,
4244,9,2,2,2,
4244,10,3,4,2,
4244,11,1,3,2,
4245,1,1,3,2,
4245,2,1,3,2,
4245,3,1,3,2,
4245,4,3,4,2,
4245,5,1,3,2,
4245,6,1,3,2,
4245,7,1,3,2,
4245,8,3,4,2,
4245,9,2,2,2,
4245,10,2,2,2,
4245,11,1,3,2,
4246,1,1,3,2,
4246,2,1,3,2,
4246,3,1,3,2,
4246,4,3,4,2,
4246,5,1,3,2,
4246,6,1,3,2,
4246,7,1,3,2,
4246,8,3,4,2,
4246,9,2,2,2,
4246,10,2,2,2,
4246,11,1,3,2,
4247,1,1,3,2,
4247,2,1,3,2,
4247,3,1,3,2,
4247,4,1,3,2,
4247,5,1,3,2,
4247,6,1,3,2,
4247,7,1,3,2,
4247,8,3,4,2,
4247,9,1,3,2,
4247,10,1,3,2,
4247,11,1,3,2,
4248,1,1,3,2,
4248,2,1,3,2,
4248,3,1,3,2,
4248,4,3,4,2,
4248,5,1,3,2,
4248,6,1,3,2,
4248,7,1,3,2,
4248,8,3,4,2,
4248,9,1,3,2,
4248,10,2,2,2,
4248,11,1,3,2,
4249,1,1,3,2,
4249,2,1,3,2,
4249,3,1,3,2,
4249,4,3,4,2,
4249,5,1,3,2,
4249,6,1,3,2,
4249,7,1,3,2,
4249,8,3,4,2,
4249,9,1,3,2,
4249,10,2,2,2,
4249,11,1,3,2,
4250,1,1,3,2,
4250,2,1,3,2,
4250,3,1,3,2,
4250,4,1,3,2,
4250,5,1,3,2,
4250,6,1,3,2,
4250,7,1,3,2,
4250,8,3,4,2,
4250,9,2,2,2,
4250,10,2,2,2,
4250,11,1,3,2,
4251,1,1,3,2,
4251,2,1,3,2,
4251,3,1,3,2,
4251,4,1,3,2,
4251,5,1,3,2,
4251,6,1,3,2,
4251,7,1,3,2,
4251,8,3,4,2,
4251,9,2,2,2,
4251,10,2,2,2,
4251,11,1,3,2,
4252,1,1,3,2,
4252,2,1,3,2,
4252,3,1,3,2,
4252,4,3,4,2,
4252,5,1,3,2,
4252,6,1,3,2,
4252,7,1,3,2,
4252,8,3,4,2,
4252,9,2,2,2,
4252,10,2,2,2,
4252,11,1,3,2,
4253,1,1,3,2,
4253,2,1,3,2,
4253,3,1,3,2,
4253,4,1,3,2,
4253,5,1,3,2,
4253,6,1,3,2,
4253,7,1,3,2,
4253,8,3,4,2,
4253,9,2,3,2,
4253,10,2,3,2,
4253,11,1,3,2,
4254,1,1,3,2,
4254,2,1,3,2,
4254,3,1,3,2,
4254,4,3,4,2,
4254,5,1,3,2,
4254,6,1,3,2,
4254,7,1,3,2,
4254,8,3,4,2,
4254,9,2,2,2,
4254,10,2,2,2,
4254,11,1,3,2,
4255,1,1,3,2,
4255,2,1,3,2,
4255,3,1,3,2,
4255,4,1,3,2,
4255,5,1,3,2,
4255,6,1,3,2,
4255,7,1,3,2,
4255,8,3,4,2,
4255,9,1,3,2,
4255,10,2,2,2,
4255,11,1,3,2,
4256,1,1,3,2,
4256,2,1,3,2,
4256,3,1,3,2,
4256,4,3,4,2,
4256,5,1,3,2,
4256,6,1,3,2,
4256,7,1,3,2,
4256,8,3,4,2,
4256,9,2,2,2,
4256,10,1,2,2,
4256,11,1,3,2,
4257,1,1,3,2,
4257,2,1,3,2,
4257,3,1,3,2,
4257,4,3,4,2,
4257,5,1,3,2,
4257,6,1,3,2,
4257,7,1,3,2,
4257,8,3,4,2,
4257,9,2,2,2,
4257,10,1,3,2,
4257,11,1,3,2,
4258,1,1,3,2,
4258,2,1,3,2,
4258,3,1,3,2,
4258,4,1,3,2,
4258,5,1,3,2,
4258,6,1,3,2,
4258,7,1,3,2,
4258,8,3,4,2,
4258,9,1,3,2,
4258,10,1,3,2,
4258,11,1,3,2,
4259,1,1,3,2,
4259,2,1,3,2,
4259,3,1,3,2,
4259,4,1,3,2,
4259,5,1,3,2,
4259,6,1,3,2,
4259,7,1,3,2,
4259,8,3,4,2,
4259,9,1,3,2,
4259,10,1,3,2,
4259,11,1,3,2,
4260,1,1,3,2,
4260,2,1,3,2,
4260,3,1,3,2,
4260,4,1,3,2,
4260,5,1,3,2,
4260,6,1,3,2,
4260,7,1,3,2,
4260,8,3,4,2,
4260,9,1,3,2,
4260,10,1,3,2,
4260,11,1,3,2,
4261,1,1,3,2,
4261,2,1,3,2,
4261,3,1,3,2,
4261,4,1,3,2,
4261,5,1,3,2,
4261,6,1,3,2,
4261,7,1,3,2,
4261,8,3,4,2,
4261,9,1,3,2,
4261,10,1,3,2,
4261,11,1,3,2,
4262,1,1,3,2,
4262,2,1,3,2,
4262,3,1,3,2,
4262,4,1,3,2,
4262,5,1,3,2,
4262,6,1,3,2,
4262,7,1,3,2,
4262,8,3,4,2,
4262,9,1,3,2,
4262,10,1,3,2,
4262,11,1,3,2,
4263,1,1,3,2,
4263,2,1,3,2,
4263,3,1,3,2,
4263,4,1,3,2,
4263,5,1,3,2,
4263,6,1,3,2,
4263,7,1,3,2,
4263,8,3,4,2,
4263,9,1,3,2,
4263,10,1,3,2,
4263,11,1,3,2,
4264,1,1,3,2,
4264,2,1,3,2,
4264,3,1,3,2,
4264,4,1,3,2,
4264,5,1,3,2,
4264,6,1,3,2,
4264,7,1,3,2,
4264,8,3,4,2,
4264,9,1,3,2,
4264,10,1,3,2,
4264,11,1,3,2,
4265,1,1,3,2,
4265,2,1,3,2,
4265,3,1,3,2,
4265,4,1,3,2,
4265,5,1,3,2,
4265,6,1,3,2,
4265,7,1,3,2,
4265,8,3,4,2,
4265,9,1,3,2,
4265,10,1,3,2,
4265,11,1,3,2,
4266,1,1,3,2,
4266,2,1,3,2,
4266,3,1,3,2,
4266,4,1,3,1,1
4266,5,1,3,2,
4266,6,1,3,2,
4266,7,1,3,2,
4266,8,3,4,2,
4266,9,1,3,2,
4266,10,1,3,2,
4266,11,1,3,2,
4267,1,1,3,2,
4267,2,1,3,2,
4267,3,1,3,2,
4267,4,3,4,2,
4267,5,1,3,2,
4267,6,1,3,2,
4267,7,1,3,2,
4267,8,1,3,2,
4267,9,1,3,2,
4267,10,1,3,2,
4267,11,1,3,2,
4268,1,1,3,2,
4268,2,1,3,2,
4268,3,1,3,2,
4268,4,3,4,2,
4268,5,1,3,2,
4268,6,1,3,2,
4268,7,3,4,2,
4268,8,3,4,2,
4268,9,1,3,2,
4268,10,3,4,2,
4268,11,1,3,2,
4269,1,1,3,2,
4269,2,1,3,2,
4269,3,1,3,2,
4269,4,2,4,2,
4269,5,1,3,2,
4269,6,1,3,2,
4269,7,1,3,2,
4269,8,3,4,2,
4269,9,1,3,2,
4269,10,3,4,2,
4269,11,1,3,2,
4270,1,1,3,2,
4270,2,1,3,2,
4270,3,1,3,2,
4270,4,1,3,2,
4270,5,1,3,2,
4270,6,1,3,2,
4270,7,1,3,2,
4270,8,3,4,2,
4270,9,1,3,2,
4270,10,3,4,2,
4270,11,1,3,2,
4271,1,1,3,2,
4271,2,1,3,2,
4271,3,1,3,2,
4271,4,1,3,2,
4271,5,1,3,2,
4271,6,1,3,2,
4271,7,1,3,2,
4271,8,3,4,2,
4271,9,1,3,2,
4271,10,1,3,2,
4271,11,1,3,2,
4272,1,1,3,2,
4272,2,1,3,2,
4272,3,1,3,2,
4272,4,1,3,2,
4272,5,1,3,2,
4272,6,1,3,2,
4272,7,1,3,2,
4272,8,3,4,2,
4272,9,3,4,2,
4272,10,3,4,2,
4272,11,1,3,2,
4273,1,1,3,2,
4273,2,1,3,2,
4273,3,1,3,2,
4273,4,1,3,2,
4273,5,1,3,2,
4273,6,1,3,2,
4273,7,1,3,2,
4273,8,3,4,2,
4273,9,1,3,2,
4273,10,3,4,2,
4273,11,1,3,2,
4274,1,1,3,2,
4274,2,1,3,2,
4274,3,1,3,2,
4274,4,1,3,2,
4274,5,1,3,2,
4274,6,1,3,2,
4274,7,1,3,2,
4274,8,1,3,2,
4274,9,1,3,2,
4274,10,1,3,2,
4274,11,1,3,2,
4275,1,1,3,2,
4275,2,1,3,2,
4275,3,1,3,2,
4275,4,1,3,2,
4275,5,1,3,2,
4275,6,1,3,2,
4275,7,1,3,2,
4275,8,3,4,2,
4275,9,1,3,2,
4275,10,1,3,2,
4275,11,1,3,2,
4276,1,1,3,2,
4276,2,3,4,2,
4276,3,3,4,2,
4276,4,1,3,2,
4276,5,2,3,1,2
4276,6,1,3,2,
4276,7,2,3,1,2
4276,8,1,3,2,
4276,9,2,3,1,2
4276,10,1,3,2,
4276,11,1,3,2,
4277,1,1,3,2,
4277,2,3,4,2,
4277,3,3,4,2,
4277,4,3,4,2,
4277,5,1,3,2,
4277,6,1,3,2,
4277,7,1,3,2,
4277,8,1,3,2,
4277,9,2,3,2,
4277,10,3,4,2,
4277,11,1,3,2,
4278,1,1,3,2,
4278,2,3,4,2,
4278,3,3,4,2,
4278,4,1,3,2,
4278,5,1,3,2,
4278,6,1,3,2,
4278,7,3,4,2,
4278,8,1,3,2,
4278,9,2,3,2,
4278,10,1,3,2,
4278,11,1,3,2,
4279,1,1,3,2,
4279,2,3,4,2,
4279,3,3,4,2,
4279,4,1,3,2,
4279,5,2,3,1,2
4279,6,1,3,2,
4279,7,1,3,2,
4279,8,3,4,2,
4279,9,2,3,2,
4279,10,3,4,2,
4279,11,1,3,2,
4280,1,1,3,2,
4280,2,3,4,2,
4280,3,3,4,2,
4280,4,1,3,2,
4280,5,2,3,2,
4280,6,1,3,2,
4280,7,1,3,2,
4280,8,1,3,2,
4280,9,2,3,2,
4280,10,2,3,2,
4280,11,1,3,2,
4281,1,1,3,2,
4281,2,3,4,2,
4281,3,3,4,2,
4281,4,1,3,2,
4281,5,1,3,2,
4281,6,1,3,2,
4281,7,2,3,2,
4281,8,1,3,2,
4281,9,1,3,2,
4281,10,1,3,2,
4281,11,1,3,2,
4282,1,1,3,2,
4282,2,3,4,2,
4282,3,3,4,2,
4282,4,1,3,1,2
4282,5,2,3,2,
4282,6,1,3,2,
4282,7,1,3,2,
4282,8,1,3,2,
4282,9,1,3,2,
4282,10,2,3,2,
4282,11,1,3,2,
4283,1,1,3,2,
4283,2,3,4,2,
4283,3,3,4,2,
4283,4,1,3,2,
4283,5,1,3,2,
4283,6,1,3,2,
4283,7,3,4,2,
4283,8,1,3,2,
4283,9,1,3,2,
4283,10,1,3,2,
4283,11,1,3,2,
4284,1,1,3,2,
4284,2,3,4,2,
4284,3,3,4,2,
4284,4,3,4,2,
4284,5,1,3,2,
4284,6,1,3,2,
4284,7,1,3,2,
4284,8,3,4,2,
4284,9,2,3,2,
4284,10,3,4,2,
4284,11,1,3,2,
4285,1,1,3,2,
4285,2,2,3,2,
4285,3,2,3,2,
4285,4,1,3,2,
4285,5,1,3,2,
4285,6,1,3,2,
4285,7,1,3,2,
4285,8,1,3,2,
4285,9,3,4,2,
4285,10,3,4,2,
4285,11,3,4,2,
4286,1,1,3,2,
4286,2,2,3,2,
4286,3,2,3,2,
4286,4,1,3,2,
4286,5,1,3,2,
4286,6,1,3,2,
4286,7,1,3,2,
4286,8,1,3,2,
4286,9,1,3,2,
4286,10,1,3,2,
4286,11,2,3,2,
4287,1,1,3,2,
4287,2,2,3,2,
4287,3,2,3,2,
4287,4,1,3,2,
4287,5,1,3,2,
4287,6,1,3,2,
4287,7,3,4,2,
4287,8,1,3,2,
4287,9,1,3,2,
4287,10,3,4,2,
4287,11,1,3,2,
4288,1,1,3,2,
4288,2,2,3,2,
4288,3,2,3,2,
4288,4,1,3,2,
4288,5,1,3,2,
4288,6,1,3,2,
4288,7,1,3,2,
4288,8,1,3,2,
4288,9,3,4,2,
4288,10,3,4,2,
4288,11,1,3,2,
4289,1,1,3,2,
4289,2,2,3,2,
4289,3,2,3,2,
4289,4,1,3,2,
4289,5,1,3,2,
4289,6,1,3,2,
4289,7,1,3,2,
4289,8,1,3,2,
4289,9,1,3,2,
4289,10,3,4,2,
4289,11,1,3,2,
4290,1,1,3,2,
4290,2,2,3,2,
4290,3,2,3,2,
4290,4,1,3,2,
4290,5,1,3,2,
4290,6,1,3,2,
4290,7,3,4,2,
4290,8,1,3,2,
4290,9,3,4,2,
4290,10,3,4,2,
4290,11,1,3,2,
4291,1,1,3,2,
4291,2,2,3,2,
4291,3,2,3,2,
4291,4,1,3,2,
4291,5,1,3,2,
4291,6,1,3,2,
4291,7,1,3,2,
4291,8,1,3,2,
4291,9,3,4,2,
4291,10,3,4,2,
4291,11,1,3,2,
4292,1,1,3,2,
4292,2,2,3,2,
4292,3,2,3,2,
4292,4,1,3,2,
4292,5,1,3,2,
4292,6,1,3,2,
4292,7,3,4,2,
4292,8,1,3,2,
4292,9,3,4,2,
4292,10,3,4,2,
4292,11,1,3,2,
4293,1,1,3,2,
4293,2,2,3,2,
4293,3,2,3,2,
4293,4,1,3,2,
4293,5,1,3,2,
4293,6,1,3,2,
4293,7,1,3,2,
4293,8,1,3,2,
4293,9,1,3,2,
4293,10,1,3,2,
4293,11,1,3,2,
4294,1,1,3,2,
4294,2,1,3,2,
4294,3,1,3,2,
4294,4,3,4,2,
4294,5,1,3,2,
4294,6,1,1,2,
4294,7,1,1,2,
4294,8,2,3,2,
4294,9,1,1,2,
4294,10,1,1,2,
4294,11,1,1,2,
4295,1,1,3,2,
4295,2,1,3,2,
4295,3,1,3,2,
4295,4,3,4,2,
4295,5,1,3,2,
4295,6,1,1,2,
4295,7,1,1,2,
4295,8,2,3,2,
4295,9,1,1,2,
4295,10,1,1,2,
4295,11,1,1,2,
4296,1,1,3,2,
4296,2,1,3,2,
4296,3,1,3,2,
4296,4,1,3,2,
4296,5,1,3,2,
4296,6,1,1,2,
4296,7,1,1,2,
4296,8,2,3,2,
4296,9,1,1,2,
4296,10,1,1,2,
4296,11,1,1,2,
4297,1,1,3,2,
4297,2,1,3,2,
4297,3,1,3,2,
4297,4,3,4,2,
4297,5,1,3,2,
4297,6,1,1,2,
4297,7,1,1,2,
4297,8,2,3,2,
4297,9,1,1,2,
4297,10,1,1,2,
4297,11,1,1,2,
4298,1,1,3,2,
4298,2,1,3,2,
4298,3,1,3,2,
4298,4,1,3,1,1
4298,5,1,3,2,
4298,6,1,1,2,
4298,7,1,1,2,
4298,8,2,3,2,
4298,9,1,1,2,
4298,10,1,1,2,
4298,11,1,1,2,
4299,1,1,3,2,
4299,2,1,3,2,
4299,3,1,3,2,
4299,4,2,4,2,
4299,5,1,3,2,
4299,6,1,1,2,
4299,7,1,1,2,
4299,8,2,3,2,
4299,9,1,1,2,
4299,10,1,1,2,
4299,11,1,1,2,
4300,1,1,3,2,
4300,2,1,3,2,
4300,3,1,3,2,
4300,4,1,3,2,
4300,5,1,3,2,
4300,6,1,1,2,
4300,7,1,1,2,
4300,8,2,3,2,
4300,9,1,1,2,
4300,10,3,4,2,
4300,11,1,1,2,
4301,1,1,3,2,
4301,2,1,3,2,
4301,3,1,3,2,
4301,4,1,3,2,
4301,5,1,3,2,
4301,6,1,1,2,
4301,7,1,1,2,
4301,8,2,3,2,
4301,9,1,1,2,
4301,10,1,1,2,
4301,11,1,1,2,
4302,1,1,3,2,
4302,2,1,3,2,
4302,3,1,3,2,
4302,4,3,4,2,
4302,5,1,3,2,
4302,6,1,1,2,
4302,7,1,1,2,
4302,8,2,3,2,
4302,9,1,1,2,
4302,10,1,1,2,
4302,11,1,1,2,
4303,1,1,3,2,
4303,2,1,3,2,
4303,3,2,3,2,
4303,4,3,4,2,
4303,5,1,3,2,
4303,6,1,1,2,
4303,7,1,1,2,
4303,8,2,3,2,
4303,9,1,3,2,
4303,10,3,4,2,
4303,11,2,3,2,
4304,1,2,3,2,
4304,2,1,3,2,
4304,3,2,3,2,
4304,4,1,3,2,
4304,5,1,3,1,1
4304,6,1,1,2,
4304,7,1,1,2,
4304,8,2,3,2,
4304,9,1,3,2,
4304,10,3,4,2,
4304,11,2,3,2,
4305,1,1,3,2,
4305,2,1,3,2,
4305,3,1,3,2,
4305,4,1,3,2,
4305,5,1,3,2,
4305,6,1,3,2,
4305,7,1,3,2,
4305,8,2,3,2,
4305,9,1,3,2,
4305,10,3,4,2,
4305,11,2,3,2,
4306,1,1,3,2,
4306,2,1,3,2,
4306,3,1,3,2,
4306,4,1,3,2,
4306,5,1,3,2,
4306,6,1,1,2,
4306,7,1,3,2,
4306,8,2,3,2,
4306,9,1,3,2,
4306,10,3,4,2,
4306,11,2,3,2,
4307,1,1,3,2,
4307,2,1,3,2,
4307,3,1,3,2,
4307,4,1,3,2,
4307,5,1,3,2,
4307,6,1,3,2,
4307,7,1,3,2,
4307,8,2,3,2,
4307,9,1,3,2,
4307,10,3,4,2,
4307,11,2,3,2,
4308,1,1,3,2,
4308,2,1,3,2,
4308,3,1,3,2,
4308,4,1,3,2,
4308,5,1,3,2,
4308,6,1,1,2,
4308,7,1,1,2,
4308,8,2,3,2,
4308,9,1,3,2,
4308,10,3,4,2,
4308,11,2,3,2,
4309,1,2,3,2,
4309,2,1,3,2,
4309,3,2,3,2,
4309,4,3,4,2,
4309,5,1,3,2,
4309,6,1,3,2,
4309,7,1,3,2,
4309,8,2,3,2,
4309,9,1,3,2,
4309,10,1,3,2,
4309,11,2,3,2,
4310,1,2,3,2,
4310,2,1,3,2,
4310,3,2,3,2,
4310,4,1,3,2,
4310,5,1,3,2,
4310,6,1,1,2,
4310,7,1,1,2,
4310,8,2,3,2,
4310,9,1,3,2,
4310,10,1,3,2,
4310,11,2,3,2,
4311,1,2,3,2,
4311,2,1,3,2,
4311,3,2,3,2,
4311,4,1,3,2,
4311,5,1,3,2,
4311,6,1,3,2,
4311,7,1,3,2,
4311,8,2,3,2,
4311,9,1,3,2,
4311,10,3,4,2,
4311,11,2,3,2,
4312,1,2,2,2,
4312,2,2,2,2,
4312,3,2,2,2,
4312,4,2,2,2,
4312,5,1,1,2,
4312,6,2,2,2,
4312,7,2,2,2,
4312,8,2,2,2,
4312,9,2,2,2,
4312,10,2,2,2,
4312,11,1,1,2,
4313,1,1,1,2,
4313,2,2,2,2,
4313,3,2,2,2,
4313,4,1,1,2,
4313,5,1,1,2,
4313,6,1,1,2,
4313,7,1,1,2,
4313,8,2,2,2,
4313,9,1,1,2,
4313,10,1,1,2,
4313,11,1,1,2,
4314,1,1,1,2,
4314,2,2,2,2,
4314,3,2,2,2,
4314,4,1,1,2,
4314,5,1,1,2,
4314,6,1,1,2,
4314,7,1,1,2,
4314,8,2,2,2,
4314,9,2,2,2,
4314,10,2,2,2,
4314,11,1,1,2,
4315,1,1,1,2,
4315,2,2,2,2,
4315,3,2,2,2,
4315,4,2,2,2,
4315,5,1,1,2,
4315,6,2,2,2,
4315,7,2,2,2,
4315,8,2,2,2,
4315,9,2,2,2,
4315,10,2,2,2,
4315,11,1,1,2,
4316,1,2,2,2,
4316,2,2,2,2,
4316,3,2,2,2,
4316,4,1,1,2,
4316,5,1,1,2,
4316,6,1,1,2,
4316,7,2,2,2,
4316,8,2,2,2,
4316,9,1,1,2,
4316,10,1,1,2,
4316,11,1,1,2,
4317,1,2,2,2,
4317,2,2,2,2,
4317,3,2,2,2,
4317,4,2,2,2,
4317,5,1,1,2,
4317,6,1,1,2,
4317,7,2,2,2,
4317,8,2,2,2,
4317,9,2,2,2,
4317,10,2,2,2,
4317,11,2,2,2,
4318,1,2,2,1,2
4318,2,2,2,2,
4318,3,1,1,2,
4318,4,1,1,2,
4318,5,1,1,2,
4318,6,1,1,2,
4318,7,1,1,2,
4318,8,2,2,2,
4318,9,2,2,2,
4318,10,2,2,2,
4318,11,1,1,2,
4319,1,2,2,2,
4319,2,2,2,2,
4319,3,1,1,2,
4319,4,2,2,2,
4319,5,1,1,2,
4319,6,1,1,2,
4319,7,2,2,2,
4319,8,2,2,2,
4319,9,2,2,2,
4319,10,2,2,2,
4319,11,2,2,2,
4320,1,2,2,1,2
4320,2,2,2,2,
4320,3,2,2,2,
4320,4,1,1,2,
4320,5,1,1,2,
4320,6,1,1,2,
4320,7,2,2,2,
4320,8,2,2,2,
4320,9,2,2,2,
4320,10,2,2,2,
4320,11,1,1,2,
4321,1,1,1,2,
4321,2,1,3,2,
4321,3,1,1,2,
4321,4,1,1,2,
4321,5,1,3,2,
4321,6,3,4,2,
4321,7,1,1,2,
4321,8,3,4,2,
4321,9,2,2,2,
4321,10,3,4,2,
4321,11,1,3,2,
4322,1,1,1,2,
4322,2,1,1,2,
4322,3,1,1,2,
4322,4,3,4,2,
4322,5,1,3,2,
4322,6,3,4,2,
4322,7,3,4,2,
4322,8,3,4,2,
4322,9,1,1,2,
4322,10,1,1,2,
4322,11,1,3,2,
4323,1,1,1,2,
4323,2,1,3,2,
4323,3,1,1,2,
4323,4,1,1,2,
4323,5,1,3,2,
4323,6,3,4,2,
4323,7,1,1,2,
4323,8,3,4,2,
4323,9,3,4,2,
4323,10,3,4,2,
4323,11,2,3,2,
4324,1,1,3,2,
4324,2,1,3,2,
4324,3,1,1,2,
4324,4,3,4,2,
4324,5,1,1,2,
4324,6,3,4,2,
4324,7,1,1,2,
4324,8,3,4,2,
4324,9,3,4,2,
4324,10,1,1,2,
4324,11,1,3,2,
4325,1,1,3,2,
4325,2,1,3,2,
4325,3,1,1,2,
4325,4,1,3,2,
4325,5,1,3,2,
4325,6,3,4,2,
4325,7,1,1,2,
4325,8,3,4,2,
4325,9,2,2,2,
4325,10,2,2,2,
4325,11,2,3,2,
4326,1,1,1,2,
4326,2,1,3,2,
4326,3,1,1,2,
4326,4,1,1,2,
4326,5,1,1,2,
4326,6,3,4,2,
4326,7,3,4,2,
4326,8,3,4,2,
4326,9,2,2,2,
4326,10,3,4,2,
4326,11,3,4,2,
4327,1,1,1,2,
4327,2,1,1,2,
4327,3,1,1,2,
4327,4,1,1,2,
4327,5,1,1,2,
4327,6,3,4,2,
4327,7,1,1,2,
4327,8,3,4,2,
4327,9,1,1,2,
4327,10,3,4,2,
4327,11,3,4,2,
4328,1,1,1,2,
4328,2,1,1,2,
4328,3,1,1,2,
4328,4,1,1,2,
4328,5,1,1,2,
4328,6,3,4,2,
4328,7,3,4,2,
4328,8,3,4,2,
4328,9,1,1,2,
4328,10,1,1,2,
4328,11,3,4,2,
4329,1,1,1,2,
4329,2,1,3,2,
4329,3,1,1,2,
4329,4,1,1,2,
4329,5,1,3,2,
4329,6,3,4,2,
4329,7,3,4,2,
4329,8,3,4,2,
4329,9,1,1,2,
4329,10,3,4,2,
4329,11,1,3,2,
4330,1,1,3,2,
4330,2,1,3,2,
4330,3,2,3,2,
4330,4,1,3,2,
4330,5,1,3,2,
4330,6,3,4,2,
4330,7,1,3,2,
4330,8,3,4,2,
4330,9,2,3,2,
4330,10,2,3,2,
4330,11,1,3,2,
4331,1,1,3,2,
4331,2,1,3,2,
4331,3,1,3,2,
4331,4,1,3,2,
4331,5,1,3,2,
4331,6,1,3,2,
4331,7,3,4,2,
4331,8,3,4,2,
4331,9,1,3,2,
4331,10,3,4,2,
4331,11,1,3,2,
4332,1,1,3,2,
4332,2,1,3,2,
4332,3,1,3,2,
4332,4,1,3,2,
4332,5,1,3,2,
4332,6,1,3,2,
4332,7,3,4,2,
4332,8,3,4,2,
4332,9,1,3,2,
4332,10,1,3,2,
4332,11,1,3,2,
4333,1,1,3,2,
4333,2,1,3,2,
4333,3,1,3,2,
4333,4,1,3,2,
4333,5,1,3,2,
4333,6,1,3,2,
4333,7,2,3,2,
4333,8,2,3,2,
4333,9,2,3,2,
4333,10,1,3,2,
4333,11,1,3,2,
4334,1,1,3,2,
4334,2,1,3,2,
4334,3,1,3,2,
4334,4,1,3,2,
4334,5,1,3,2,
4334,6,1,3,2,
4334,7,3,4,2,
4334,8,3,4,2,
4334,9,2,3,2,
4334,10,3,4,2,
4334,11,1,3,2,
4335,1,1,3,2,
4335,2,1,3,2,
4335,3,1,3,2,
4335,4,1,3,2,
4335,5,1,3,2,
4335,6,3,4,2,
4335,7,1,3,2,
4335,8,3,4,2,
4335,9,3,4,2,
4335,10,1,3,2,
4335,11,1,3,2,
4336,1,1,3,2,
4336,2,1,3,2,
4336,3,1,3,2,
4336,4,1,3,2,
4336,5,1,3,2,
4336,6,3,4,2,
4336,7,3,4,2,
4336,8,3,4,2,
4336,9,1,3,2,
4336,10,1,3,2,
4336,11,1,3,2,
4337,1,1,3,2,
4337,2,1,3,2,
4337,3,1,3,2,
4337,4,1,3,2,
4337,5,1,3,2,
4337,6,1,3,2,
4337,7,3,4,2,
4337,8,3,4,2,
4337,9,1,3,2,
4337,10,3,4,2,
4337,11,1,3,2,
4338,1,1,3,2,
4338,2,1,3,2,
4338,3,1,3,2,
4338,4,1,3,2,
4338,5,1,3,2,
4338,6,3,4,2,
4338,7,3,4,2,
4338,8,3,4,2,
4338,9,1,3,2,
4338,10,2,3,2,
4338,11,1,3,2,
4339,1,1,3,2,
4339,2,1,3,2,
4339,3,1,3,2,
4339,4,1,3,2,
4339,5,1,3,2,
4339,6,1,3,2,
4339,7,1,3,2,
4339,8,3,4,2,
4339,9,1,3,2,
4339,10,1,3,2,
4339,11,1,3,2,
4340,1,1,3,2,
4340,2,1,3,2,
4340,3,1,3,2,
4340,4,1,3,2,
4340,5,1,3,2,
4340,6,1,3,2,
4340,7,1,3,2,
4340,8,3,4,2,
4340,9,2,3,2,
4340,10,1,3,2,
4340,11,1,3,2,
4341,1,1,3,2,
4341,2,1,3,2,
4341,3,1,3,2,
4341,4,1,3,2,
4341,5,1,3,2,
4341,6,1,3,2,
4341,7,1,3,2,
4341,8,3,4,2,
4341,9,1,3,2,
4341,10,1,3,2,
4341,11,1,3,2,
4342,1,1,3,2,
4342,2,1,3,2,
4342,3,1,3,2,
4342,4,1,3,2,
4342,5,1,3,2,
4342,6,1,3,2,
4342,7,1,3,2,
4342,8,3,3,2,
4342,9,2,3,2,
4342,10,3,3,2,
4342,11,1,3,2,
4343,1,1,3,2,
4343,2,1,3,2,
4343,3,1,3,2,
4343,4,1,3,2,
4343,5,1,3,2,
4343,6,1,3,2,
4343,7,1,3,2,
4343,8,3,4,2,
4343,9,1,3,2,
4343,10,1,3,2,
4343,11,1,3,2,
4344,1,1,3,2,
4344,2,1,3,2,
4344,3,1,3,2,
4344,4,1,3,2,
4344,5,1,3,2,
4344,6,1,3,2,
4344,7,1,3,2,
4344,8,3,4,2,
4344,9,1,3,2,
4344,10,1,3,2,
4344,11,1,3,2,
4345,1,1,3,2,
4345,2,1,3,2,
4345,3,1,3,2,
4345,4,1,3,2,
4345,5,1,3,2,
4345,6,1,3,2,
4345,7,1,3,2,
4345,8,3,4,2,
4345,9,1,3,2,
4345,10,1,3,2,
4345,11,1,3,2,
4346,1,1,3,2,
4346,2,1,3,2,
4346,3,1,3,2,
4346,4,1,3,2,
4346,5,1,3,2,
4346,6,1,3,2,
4346,7,1,3,2,
4346,8,3,4,2,
4346,9,1,3,2,
4346,10,1,3,2,
4346,11,1,3,2,
4347,1,1,3,2,
4347,2,1,3,2,
4347,3,1,3,2,
4347,4,1,3,2,
4347,5,1,3,2,
4347,6,1,3,2,
4347,7,1,3,2,
4347,8,3,4,2,
4347,9,1,3,2,
4347,10,1,3,2,
4347,11,1,3,2,
4348,1,2,1,2,
4348,2,1,3,2,
4348,3,1,3,2,
4348,4,1,3,2,
4348,5,1,2,2,
4348,6,1,3,2,
4348,7,1,3,2,
4348,8,3,4,2,
4348,9,2,4,2,
4348,10,2,4,2,
4348,11,2,3,2,
4349,1,1,3,2,
4349,2,1,3,2,
4349,3,1,3,2,
4349,4,1,3,2,
4349,5,1,3,2,
4349,6,1,3,2,
4349,7,1,3,2,
4349,8,3,4,2,
4349,9,1,3,2,
4349,10,3,4,2,
4349,11,1,3,2,
4350,1,1,3,2,
4350,2,1,3,2,
4350,3,1,3,2,
4350,4,1,3,2,
4350,5,1,3,2,
4350,6,1,3,2,
4350,7,1,3,2,
4350,8,3,4,2,
4350,9,3,4,2,
4350,10,1,3,2,
4350,11,2,3,2,
4351,1,1,3,2,
4351,2,1,3,2,
4351,3,1,3,2,
4351,4,1,3,2,
4351,5,1,3,2,
4351,6,1,3,2,
4351,7,1,3,2,
4351,8,1,3,2,
4351,9,1,3,2,
4351,10,1,3,2,
4351,11,1,3,2,
4352,1,1,1,2,
4352,2,1,3,2,
4352,3,1,3,2,
4352,4,1,3,2,
4352,5,2,2,2,
4352,6,1,3,2,
4352,7,2,4,2,
4352,8,3,4,2,
4352,9,2,3,2,
4352,10,3,4,2,
4352,11,2,3,2,
4353,1,1,1,2,
4353,2,1,1,2,
4353,3,1,1,2,
4353,4,1,3,2,
4353,5,2,2,2,
4353,6,1,3,2,
4353,7,3,4,2,
4353,8,3,4,2,
4353,9,3,4,2,
4353,10,3,4,2,
4353,11,2,3,2,
4354,1,1,3,2,
4354,2,1,3,2,
4354,3,1,3,2,
4354,4,3,4,2,
4354,5,2,2,2,
4354,6,1,3,2,
4354,7,2,3,2,
4354,8,3,4,2,
4354,9,3,4,2,
4354,10,1,3,2,
4354,11,2,1,2,
4355,1,1,3,2,
4355,2,1,3,2,
4355,3,1,3,2,
4355,4,1,3,2,
4355,5,1,2,2,
4355,6,1,3,2,
4355,7,2,3,2,
4355,8,3,4,2,
4355,9,3,4,2,
4355,10,3,4,2,
4355,11,2,1,2,
4356,1,1,3,2,
4356,2,1,3,2,
4356,3,1,3,2,
4356,4,1,3,2,
4356,5,1,3,2,
4356,6,1,3,2,
4356,7,3,4,2,
4356,8,3,4,2,
4356,9,3,4,2,
4356,10,3,4,2,
4356,11,3,4,2,
4357,1,1,1,2,
4357,2,1,1,2,
4357,3,1,1,2,
4357,4,1,1,2,
4357,5,1,1,2,
4357,6,1,1,2,
4357,7,1,1,2,
4357,8,3,4,2,
4357,9,2,2,2,
4357,10,3,4,2,
4357,11,1,1,2,
4358,1,1,3,2,
4358,2,1,3,2,
4358,3,1,3,2,
4358,4,1,3,2,
4358,5,1,3,2,
4358,6,1,3,2,
4358,7,1,3,2,
4358,8,3,4,2,
4358,9,1,3,2,
4358,10,3,4,2,
4358,11,2,2,2,
4359,1,1,1,2,
4359,2,1,1,2,
4359,3,1,1,2,
4359,4,1,1,2,
4359,5,1,1,2,
4359,6,1,1,2,
4359,7,1,1,2,
4359,8,3,4,2,
4359,9,2,2,2,
4359,10,2,2,2,
4359,11,1,1,2,
4360,1,2,2,2,
4360,2,1,1,2,
4360,3,3,4,2,
4360,4,1,1,2,
4360,5,1,1,2,
4360,6,1,1,2,
4360,7,1,1,2,
4360,8,3,4,2,
4360,9,1,1,2,
4360,10,3,4,2,
4360,11,1,1,2,
4361,1,1,1,2,
4361,2,1,1,2,
4361,3,1,1,2,
4361,4,1,1,2,
4361,5,1,1,2,
4361,6,1,1,2,
4361,7,1,1,2,
4361,8,3,4,2,
4361,9,2,2,2,
4361,10,3,4,2,
4361,11,1,1,2,
4362,1,1,1,2,
4362,2,1,1,2,
4362,3,1,1,2,
4362,4,2,2,2,
4362,5,1,1,2,
4362,6,1,1,2,
4362,7,1,1,2,
4362,8,3,4,2,
4362,9,2,2,2,
4362,10,3,4,2,
4362,11,1,1,2,
4363,1,1,1,2,
4363,2,1,1,2,
4363,3,3,4,2,
4363,4,1,1,2,
4363,5,1,1,2,
4363,6,1,1,2,
4363,7,1,1,2,
4363,8,3,4,2,
4363,9,2,2,2,
4363,10,3,4,2,
4363,11,1,1,2,
4364,1,1,1,2,
4364,2,1,1,2,
4364,3,1,1,2,
4364,4,1,1,2,
4364,5,1,1,2,
4364,6,1,1,2,
4364,7,1,1,2,
4364,8,3,4,2,
4364,9,1,1,2,
4364,10,2,2,2,
4364,11,1,1,2,
4365,1,1,1,2,
4365,2,1,1,2,
4365,3,3,4,2,
4365,4,1,1,2,
4365,5,1,1,2,
4365,6,1,1,2,
4365,7,1,1,2,
4365,8,3,4,2,
4365,9,2,2,2,
4365,10,3,4,2,
4365,11,1,1,2,
4366,1,1,3,2,
4366,2,1,3,2,
4366,3,1,3,2,
4366,4,1,3,2,
4366,5,1,3,2,
4366,6,3,4,2,
4366,7,1,3,2,
4366,8,3,4,2,
4366,9,1,3,2,
4366,10,1,3,2,
4366,11,2,2,2,
4367,1,1,3,2,
4367,2,1,3,2,
4367,3,1,3,2,
4367,4,1,3,2,
4367,5,1,3,2,
4367,6,2,3,2,
4367,7,1,3,2,
4367,8,3,4,2,
4367,9,1,3,2,
4367,10,1,3,2,
4367,11,1,3,2,
4368,1,1,3,2,
4368,2,1,3,2,
4368,3,1,3,2,
4368,4,1,3,2,
4368,5,1,3,2,
4368,6,3,3,2,
4368,7,1,3,2,
4368,8,3,3,2,
4368,9,1,3,2,
4368,10,1,3,2,
4368,11,1,3,2,
4369,1,1,3,2,
4369,2,1,3,2,
4369,3,1,3,2,
4369,4,1,3,2,
4369,5,1,3,2,
4369,6,3,4,2,
4369,7,3,4,2,
4369,8,3,4,2,
4369,9,3,4,2,
4369,10,3,4,2,
4369,11,1,3,2,
4370,1,1,3,2,
4370,2,1,3,2,
4370,3,1,3,2,
4370,4,1,3,2,
4370,5,1,3,2,
4370,6,1,3,2,
4370,7,1,3,2,
4370,8,1,3,2,
4370,9,3,4,2,
4370,10,1,3,2,
4370,11,1,3,2,
4371,1,1,3,2,
4371,2,1,3,2,
4371,3,1,3,2,
4371,4,1,3,2,
4371,5,1,3,2,
4371,6,1,3,2,
4371,7,1,3,2,
4371,8,3,4,2,
4371,9,1,3,2,
4371,10,3,4,2,
4371,11,2,3,2,
4372,1,1,3,2,
4372,2,1,3,2,
4372,3,1,3,2,
4372,4,1,3,2,
4372,5,1,3,2,
4372,6,3,4,2,
4372,7,1,3,2,
4372,8,3,4,2,
4372,9,1,3,2,
4372,10,1,3,2,
4372,11,1,3,2,
4373,1,1,3,2,
4373,2,1,3,2,
4373,3,1,3,2,
4373,4,1,3,2,
4373,5,1,3,2,
4373,6,3,4,2,
4373,7,3,4,2,
4373,8,3,4,2,
4373,9,1,3,2,
4373,10,3,4,2,
4373,11,1,3,2,
4374,1,1,3,2,
4374,2,1,3,2,
4374,3,1,3,2,
4374,4,1,3,2,
4374,5,1,3,2,
4374,6,1,3,2,
4374,7,3,4,2,
4374,8,3,4,2,
4374,9,2,1,2,
4374,10,3,4,2,
4374,11,1,3,2,
4375,1,1,3,2,
4375,2,1,3,2,
4375,3,1,3,2,
4375,4,1,3,2,
4375,5,1,3,2,
4375,6,1,3,2,
4375,7,1,3,2,
4375,8,3,4,2,
4375,9,1,3,2,
4375,10,2,2,2,
4375,11,2,2,2,
4376,1,1,3,2,
4376,2,1,3,2,
4376,3,1,1,2,
4376,4,1,3,2,
4376,5,1,3,2,
4376,6,1,3,2,
4376,7,3,4,2,
4376,8,3,4,2,
4376,9,3,4,2,
4376,10,3,4,2,
4376,11,1,3,2,
4377,1,1,3,2,
4377,2,1,3,2,
4377,3,1,3,2,
4377,4,1,3,2,
4377,5,1,3,2,
4377,6,1,3,2,
4377,7,3,4,2,
4377,8,3,4,2,
4377,9,1,3,2,
4377,10,3,4,2,
4377,11,1,3,2,
4378,1,1,3,2,
4378,2,1,3,2,
4378,3,1,1,2,
4378,4,1,3,2,
4378,5,1,3,2,
4378,6,1,3,2,
4378,7,1,3,2,
4378,8,3,4,2,
4378,9,3,4,2,
4378,10,3,4,2,
4378,11,1,3,2,
4379,1,1,3,2,
4379,2,1,3,2,
4379,3,1,3,2,
4379,4,1,3,2,
4379,5,1,3,2,
4379,6,1,3,2,
4379,7,1,3,2,
4379,8,3,4,2,
4379,9,2,2,2,
4379,10,1,2,2,
4379,11,1,3,2,
4380,1,1,3,2,
4380,2,1,3,2,
4380,3,1,1,2,
4380,4,1,3,2,
4380,5,1,3,2,
4380,6,1,3,2,
4380,7,1,3,2,
4380,8,3,4,2,
4380,9,2,2,2,
4380,10,1,3,2,
4380,11,1,3,2,
4381,1,1,3,2,
4381,2,1,3,2,
4381,3,1,3,2,
4381,4,1,3,2,
4381,5,1,3,2,
4381,6,1,3,2,
4381,7,3,4,2,
4381,8,3,4,2,
4381,9,2,2,2,
4381,10,2,2,2,
4381,11,1,3,2,
4382,1,1,3,2,
4382,2,1,3,2,
4382,3,1,1,2,
4382,4,1,3,2,
4382,5,1,3,2,
4382,6,1,3,2,
4382,7,1,3,2,
4382,8,3,4,2,
4382,9,1,3,2,
4382,10,1,3,2,
4382,11,1,3,2,
4383,1,1,3,2,
4383,2,1,3,2,
4383,3,1,1,2,
4383,4,1,3,2,
4383,5,1,3,2,
4383,6,1,3,2,
4383,7,2,2,1,2
4383,8,3,4,2,
4383,9,2,2,1,2
4383,10,3,4,2,
4383,11,3,4,2,
4384,1,1,3,2,
4384,2,1,3,2,
4384,3,1,3,2,
4384,4,1,3,2,
4384,5,1,3,2,
4384,6,1,3,2,
4384,7,1,3,2,
4384,8,3,4,2,
4384,9,1,3,2,
4384,10,1,3,2,
4384,11,1,3,2,
4385,1,1,3,2,
4385,2,1,3,2,
4385,3,1,3,2,
4385,4,1,3,2,
4385,5,1,3,2,
4385,6,3,4,2,
4385,7,1,3,2,
4385,8,3,4,2,
4385,9,2,3,2,
4385,10,2,3,2,
4385,11,1,3,2,
4386,1,1,3,2,
4386,2,1,3,2,
4386,3,1,3,2,
4386,4,1,3,2,
4386,5,1,3,2,
4386,6,3,4,2,
4386,7,1,3,2,
4386,8,3,4,2,
4386,9,2,3,2,
4386,10,2,3,2,
4386,11,1,3,2,
4387,1,1,3,2,
4387,2,1,3,2,
4387,3,1,3,2,
4387,4,1,3,2,
4387,5,1,3,2,
4387,6,3,4,2,
4387,7,1,3,2,
4387,8,3,4,2,
4387,9,1,3,2,
4387,10,1,3,2,
4387,11,1,3,2,
4388,1,1,3,2,
4388,2,1,3,2,
4388,3,1,3,2,
4388,4,1,3,2,
4388,5,1,3,2,
4388,6,1,3,2,
4388,7,3,4,2,
4388,8,3,4,2,
4388,9,2,3,2,
4388,10,3,4,2,
4388,11,1,3,2,
4389,1,1,3,2,
4389,2,1,3,2,
4389,3,1,3,2,
4389,4,1,3,2,
4389,5,1,3,2,
4389,6,3,4,2,
4389,7,3,4,2,
4389,8,3,4,2,
4389,9,2,3,2,
4389,10,3,4,2,
4389,11,1,3,2,
4390,1,1,3,2,
4390,2,1,3,2,
4390,3,1,3,2,
4390,4,1,3,2,
4390,5,1,3,2,
4390,6,1,3,2,
4390,7,1,3,2,
4390,8,3,3,2,
4390,9,1,3,2,
4390,10,1,3,2,
4390,11,1,3,2,
4391,1,1,3,2,
4391,2,1,3,2,
4391,3,1,3,2,
4391,4,1,3,2,
4391,5,1,3,2,
4391,6,3,4,2,
4391,7,1,3,2,
4391,8,3,4,2,
4391,9,1,3,2,
4391,10,3,4,2,
4391,11,1,3,2,
4392,1,1,3,2,
4392,2,1,3,2,
4392,3,1,3,2,
4392,4,1,3,2,
4392,5,1,3,2,
4392,6,1,3,2,
4392,7,1,3,2,
4392,8,3,4,2,
4392,9,2,3,2,
4392,10,3,4,2,
4392,11,1,3,2,
4393,1,1,3,2,
4393,2,1,3,2,
4393,3,1,3,2,
4393,4,1,3,2,
4393,5,1,3,2,
4393,6,1,3,2,
4393,7,1,3,2,
4393,8,3,4,2,
4393,9,1,3,2,
4393,10,1,3,2,
4393,11,1,3,2,
4394,1,1,3,2,
4394,2,1,3,2,
4394,3,1,3,2,
4394,4,1,3,2,
4394,5,1,3,2,
4394,6,1,3,2,
4394,7,1,3,2,
4394,8,3,4,2,
4394,9,2,2,2,
4394,10,3,4,2,
4394,11,1,3,2,
4395,1,1,3,2,
4395,2,1,3,2,
4395,3,1,3,2,
4395,4,1,3,2,
4395,5,2,2,2,
4395,6,1,3,2,
4395,7,2,3,2,
4395,8,3,4,2,
4395,9,1,3,2,
4395,10,3,4,2,
4395,11,1,3,2,
4396,1,1,3,2,
4396,2,1,3,2,
4396,3,1,3,2,
4396,4,1,3,2,
4396,5,1,3,2,
4396,6,1,3,2,
4396,7,1,3,2,
4396,8,3,4,2,
4396,9,1,3,2,
4396,10,3,4,2,
4396,11,2,3,2,
4397,1,1,3,2,
4397,2,1,3,2,
4397,3,1,3,2,
4397,4,1,3,2,
4397,5,1,3,2,
4397,6,1,3,2,
4397,7,2,2,2,
4397,8,3,4,2,
4397,9,1,3,2,
4397,10,1,3,2,
4397,11,1,3,2,
4398,1,1,3,2,
4398,2,1,3,2,
4398,3,1,3,2,
4398,4,1,3,2,
4398,5,1,3,2,
4398,6,1,3,2,
4398,7,1,3,2,
4398,8,3,4,2,
4398,9,2,2,2,
4398,10,3,4,2,
4398,11,1,3,2,
4399,1,1,3,2,
4399,2,1,3,2,
4399,3,1,3,2,
4399,4,1,3,2,
4399,5,1,3,2,
4399,6,1,3,2,
4399,7,1,3,2,
4399,8,3,4,2,
4399,9,1,3,2,
4399,10,1,3,2,
4399,11,1,3,2,
4400,1,1,3,2,
4400,2,1,3,2,
4400,3,1,3,2,
4400,4,1,3,2,
4400,5,1,3,2,
4400,6,1,3,2,
4400,7,1,3,2,
4400,8,3,4,2,
4400,9,1,4,2,
4400,10,3,3,2,
4400,11,1,3,2,
4401,1,1,3,2,
4401,2,1,3,2,
4401,3,1,3,2,
4401,4,1,3,2,
4401,5,1,3,2,
4401,6,1,3,2,
4401,7,1,3,2,
4401,8,3,4,2,
4401,9,1,3,2,
4401,10,3,4,2,
4401,11,1,3,2,
4402,1,1,3,2,
4402,2,1,3,2,
4402,3,1,3,2,
4402,4,1,3,2,
4402,5,1,3,2,
4402,6,1,3,2,
4402,7,1,3,2,
4402,8,3,4,2,
4402,9,1,3,2,
4402,10,1,3,2,
4402,11,1,3,2,
4403,1,1,3,2,
4403,2,1,3,2,
4403,3,1,3,2,
4403,4,1,3,2,
4403,5,1,3,2,
4403,6,1,3,2,
4403,7,1,3,2,
4403,8,3,4,2,
4403,9,1,3,2,
4403,10,1,3,2,
4403,11,1,3,2,
4404,1,1,3,2,
4404,2,1,3,2,
4404,3,1,3,2,
4404,4,1,3,2,
4404,5,1,3,2,
4404,6,1,3,2,
4404,7,1,3,2,
4404,8,3,4,2,
4404,9,1,3,2,
4404,10,1,3,2,
4404,11,1,3,2,
4405,1,1,3,2,
4405,2,1,3,2,
4405,3,1,3,2,
4405,4,1,3,2,
4405,5,1,3,2,
4405,6,1,3,2,
4405,7,1,3,2,
4405,8,3,4,2,
4405,9,1,3,2,
4405,10,1,3,2,
4405,11,1,3,2,
4406,1,1,3,2,
4406,2,1,3,2,
4406,3,1,3,2,
4406,4,1,3,2,
4406,5,1,3,2,
4406,6,1,3,2,
4406,7,1,3,2,
4406,8,3,4,2,
4406,9,1,3,2,
4406,10,1,3,2,
4406,11,1,3,2,
4407,1,1,3,2,
4407,2,1,3,2,
4407,3,1,3,2,
4407,4,1,3,2,
4407,5,1,3,2,
4407,6,1,3,2,
4407,7,1,3,2,
4407,8,3,4,2,
4407,9,1,3,2,
4407,10,1,3,2,
4407,11,1,3,2,
4408,1,1,3,2,
4408,2,1,3,2,
4408,3,1,3,2,
4408,4,1,3,2,
4408,5,1,3,2,
4408,6,1,3,2,
4408,7,1,3,2,
4408,8,3,4,2,
4408,9,1,3,2,
4408,10,1,3,2,
4408,11,1,3,2,
4409,1,1,3,2,
4409,2,1,3,2,
4409,3,1,3,2,
4409,4,1,3,2,
4409,5,1,3,2,
4409,6,1,3,2,
4409,7,1,3,2,
4409,8,3,4,2,
4409,9,1,3,2,
4409,10,1,3,2,
4409,11,1,3,2,
4410,1,1,3,2,
4410,2,1,3,2,
4410,3,1,3,2,
4410,4,1,3,2,
4410,5,1,3,2,
4410,6,1,3,2,
4410,7,1,3,2,
4410,8,3,4,2,
4410,9,1,3,2,
4410,10,1,3,2,
4410,11,1,3,2,
4411,1,1,3,1,1
4411,2,1,3,2,
4411,3,1,3,2,
4411,4,1,3,2,
4411,5,1,3,2,
4411,6,1,3,2,
4411,7,1,3,2,
4411,8,3,4,2,
4411,9,2,2,2,
4411,10,2,3,2,
4411,11,2,3,2,
4412,1,1,3,1,1
4412,2,1,3,2,
4412,3,1,3,2,
4412,4,1,3,2,
4412,5,1,3,2,
4412,6,1,3,2,
4412,7,3,4,2,
4412,8,3,4,2,
4412,9,1,3,2,
4412,10,3,4,2,
4412,11,1,3,2,
4413,1,1,3,2,
4413,2,1,3,2,
4413,3,1,3,2,
4413,4,1,3,2,
4413,5,1,3,2,
4413,6,1,3,2,
4413,7,1,3,2,
4413,8,3,4,2,
4413,9,2,3,1,1
4413,10,2,3,1,1
4413,11,2,3,2,
4414,1,1,3,2,
4414,2,1,3,2,
4414,3,1,3,2,
4414,4,1,3,2,
4414,5,1,3,2,
4414,6,1,3,2,
4414,7,1,3,2,
4414,8,3,4,2,
4414,9,2,3,2,
4414,10,2,3,2,
4414,11,2,3,2,
4415,1,1,3,1,1
4415,2,1,3,1,1
4415,3,1,1,2,
4415,4,1,3,1,1
4415,5,1,3,1,1
4415,6,1,3,2,
4415,7,1,3,2,
4415,8,3,4,2,
4415,9,1,3,1,1
4415,10,1,3,2,
4415,11,1,3,2,
4416,1,1,3,2,
4416,2,1,3,2,
4416,3,1,3,2,
4416,4,1,3,2,
4416,5,1,3,2,
4416,6,1,3,2,
4416,7,1,3,2,
4416,8,3,4,2,
4416,9,1,3,2,
4416,10,1,3,2,
4416,11,1,3,2,
4417,1,1,3,2,
4417,2,2,2,2,
4417,3,1,3,2,
4417,4,1,3,2,
4417,5,1,3,2,
4417,6,1,3,2,
4417,7,3,4,2,
4417,8,3,4,2,
4417,9,2,3,2,
4417,10,3,4,2,
4417,11,3,4,2,
4418,1,1,3,2,
4418,2,1,3,2,
4418,3,1,3,2,
4418,4,1,3,2,
4418,5,1,3,2,
4418,6,1,3,2,
4418,7,1,3,2,
4418,8,3,4,2,
4418,9,2,2,2,
4418,10,2,3,2,
4418,11,2,3,2,
4419,1,1,3,2,
4419,2,1,3,2,
4419,3,1,3,2,
4419,4,1,3,2,
4419,5,1,3,2,
4419,6,1,3,2,
4419,7,1,3,2,
4419,8,3,4,2,
4419,9,1,3,2,
4419,10,1,3,2,
4419,11,1,3,2,
4420,1,1,3,2,
4420,2,1,3,2,
4420,3,1,3,2,
4420,4,3,4,2,
4420,5,1,3,2,
4420,6,3,4,2,
4420,7,3,4,2,
4420,8,3,4,2,
4420,9,2,3,2,
4420,10,3,4,2,
4420,11,1,3,2,
4421,1,1,3,2,
4421,2,1,3,2,
4421,3,1,3,2,
4421,4,3,4,2,
4421,5,1,3,2,
4421,6,3,4,2,
4421,7,3,4,2,
4421,8,3,4,2,
4421,9,2,3,2,
4421,10,3,4,2,
4421,11,3,4,2,
4422,1,1,3,2,
4422,2,1,3,2,
4422,3,1,3,2,
4422,4,3,4,2,
4422,5,1,3,2,
4422,6,1,3,2,
4422,7,3,4,2,
4422,8,3,4,2,
4422,9,2,3,2,
4422,10,3,4,2,
4422,11,1,3,2,
4423,1,1,3,2,
4423,2,1,3,2,
4423,3,1,3,2,
4423,4,1,3,2,
4423,5,1,3,2,
4423,6,1,3,2,
4423,7,1,3,2,
4423,8,3,4,2,
4423,9,2,3,2,
4423,10,1,3,2,
4423,11,1,3,2,
4424,1,1,3,2,
4424,2,1,3,2,
4424,3,1,3,2,
4424,4,3,4,2,
4424,5,1,3,2,
4424,6,3,4,2,
4424,7,3,4,2,
4424,8,3,4,2,
4424,9,2,3,2,
4424,10,3,4,2,
4424,11,1,3,2,
4425,1,1,3,2,
4425,2,1,3,2,
4425,3,1,3,2,
4425,4,3,4,2,
4425,5,2,3,2,
4425,6,3,4,2,
4425,7,3,4,2,
4425,8,3,4,2,
4425,9,2,3,2,
4425,10,2,3,2,
4425,11,1,3,2,
4426,1,1,3,2,
4426,2,1,3,2,
4426,3,1,3,2,
4426,4,1,3,2,
4426,5,1,3,2,
4426,6,1,3,2,
4426,7,1,3,2,
4426,8,3,4,2,
4426,9,2,3,2,
4426,10,3,4,2,
4426,11,1,3,2,
4427,1,1,3,2,
4427,2,1,3,2,
4427,3,1,3,2,
4427,4,1,3,2,
4427,5,1,3,2,
4427,6,3,4,2,
4427,7,3,4,2,
4427,8,3,4,2,
4427,9,1,3,2,
4427,10,1,3,2,
4427,11,1,3,2,
4428,1,2,3,2,
4428,2,1,3,2,
4428,3,2,3,2,
4428,4,1,3,2,
4428,5,1,3,2,
4428,6,1,3,2,
4428,7,1,3,2,
4428,8,3,4,2,
4428,9,1,3,2,
4428,10,3,4,2,
4428,11,1,3,2,
4429,1,1,1,2,
4429,2,1,3,2,
4429,3,1,3,2,
4429,4,1,3,2,
4429,5,1,3,2,
4429,6,1,3,2,
4429,7,1,1,2,
4429,8,3,4,2,
4429,9,1,3,2,
4429,10,1,3,2,
4429,11,1,1,2,
4430,1,1,3,2,
4430,2,1,3,2,
4430,3,1,3,2,
4430,4,1,3,2,
4430,5,1,3,2,
4430,6,1,3,2,
4430,7,1,3,2,
4430,8,3,4,2,
4430,9,1,3,2,
4430,10,1,3,2,
4430,11,1,3,2,
4431,1,1,3,2,
4431,2,1,3,2,
4431,3,1,3,2,
4431,4,1,3,2,
4431,5,1,3,2,
4431,6,1,1,2,
4431,7,1,1,2,
4431,8,3,4,2,
4431,9,1,3,2,
4431,10,1,3,2,
4431,11,1,1,2,
4432,1,1,3,2,
4432,2,1,3,2,
4432,3,1,3,2,
4432,4,1,3,2,
4432,5,1,3,2,
4432,6,1,3,2,
4432,7,1,1,2,
4432,8,3,4,2,
4432,9,1,1,2,
4432,10,1,4,2,
4432,11,1,3,2,
4433,1,1,1,2,
4433,2,1,3,2,
4433,3,1,1,2,
4433,4,1,3,2,
4433,5,1,3,2,
4433,6,1,1,2,
4433,7,1,1,2,
4433,8,3,4,2,
4433,9,1,1,2,
4433,10,1,1,2,
4433,11,1,1,2,
4434,1,1,1,2,
4434,2,1,3,2,
4434,3,1,3,2,
4434,4,1,3,2,
4434,5,1,3,2,
4434,6,1,3,2,
4434,7,3,4,2,
4434,8,3,4,2,
4434,9,1,1,2,
4434,10,1,4,2,
4434,11,1,3,2,
4435,1,1,1,2,
4435,2,1,1,2,
4435,3,1,1,2,
4435,4,1,1,2,
4435,5,1,1,2,
4435,6,1,1,2,
4435,7,1,1,2,
4435,8,3,4,2,
4435,9,1,1,2,
4435,10,1,1,2,
4435,11,1,1,2,
4436,1,1,3,2,
4436,2,1,3,2,
4436,3,1,1,2,
4436,4,1,3,2,
4436,5,1,3,2,
4436,6,1,3,2,
4436,7,1,1,2,
4436,8,3,4,2,
4436,9,1,4,2,
4436,10,1,1,2,
4436,11,1,1,2,
4437,1,1,1,2,
4437,2,1,1,2,
4437,3,1,1,2,
4437,4,1,1,2,
4437,5,1,1,2,
4437,6,1,1,2,
4437,7,1,1,2,
4437,8,3,4,2,
4437,9,1,1,2,
4437,10,1,1,2,
4437,11,1,1,2,
4438,1,1,1,2,
4438,2,3,4,2,
4438,3,3,4,2,
4438,4,1,3,2,
4438,5,1,3,2,
4438,6,3,3,2,
4438,7,2,1,2,
4438,8,3,3,2,
4438,9,2,3,2,
4438,10,2,3,2,
4438,11,2,3,2,
4439,1,1,3,2,
4439,2,3,4,2,
4439,3,3,4,2,
4439,4,1,3,2,
4439,5,1,1,2,
4439,6,2,2,2,
4439,7,1,1,2,
4439,8,3,3,2,
4439,9,2,3,2,
4439,10,2,3,2,
4439,11,2,3,2,
4440,1,1,1,2,
4440,2,3,4,2,
4440,3,3,4,1,2
4440,4,3,4,2,
4440,5,1,1,2,
4440,6,2,3,2,
4440,7,1,1,1,2
4440,8,3,4,2,
4440,9,2,2,2,
4440,10,1,1,1,2
4440,11,2,3,1,2
4441,1,1,1,2,
4441,2,3,4,2,
4441,3,3,4,2,
4441,4,2,3,2,
4441,5,2,3,2,
4441,6,2,3,2,
4441,7,1,1,2,
4441,8,3,4,2,
4441,9,1,1,2,
4441,10,2,3,2,
4441,11,2,3,2,
4442,1,1,1,2,
4442,2,3,4,2,
4442,3,3,4,2,
4442,4,3,4,2,
4442,5,1,1,2,
4442,6,2,3,2,
4442,7,1,1,2,
4442,8,3,4,2,
4442,9,2,3,2,
4442,10,2,3,2,
4442,11,2,3,2,
4443,1,1,1,2,
4443,2,3,4,2,
4443,3,3,4,2,
4443,4,2,4,2,
4443,5,1,1,2,
4443,6,2,3,2,
4443,7,2,3,2,
4443,8,3,4,2,
4443,9,1,3,2,
4443,10,3,4,2,
4443,11,2,3,2,
4444,1,1,1,2,
4444,2,3,4,2,
4444,3,3,4,2,
4444,4,2,3,1,2
4444,5,2,3,2,
4444,6,2,3,2,
4444,7,1,1,2,
4444,8,3,4,2,
4444,9,2,3,2,
4444,10,1,1,2,
4444,11,2,3,1,2
4445,1,1,3,2,
4445,2,3,4,2,
4445,3,3,4,2,
4445,4,2,3,2,
4445,5,1,1,2,
4445,6,2,3,2,
4445,7,2,1,2,
4445,8,3,4,2,
4445,9,2,3,2,
4445,10,2,3,2,
4445,11,2,3,2,
4446,1,1,1,2,
4446,2,3,4,2,
4446,3,3,4,2,
4446,4,2,2,2,
4446,5,2,3,2,
4446,6,2,3,2,
4446,7,1,1,2,
4446,8,3,4,2,
4446,9,2,3,2,
4446,10,2,3,2,
4446,11,2,3,2,
4447,1,1,3,2,
4447,2,3,4,2,
4447,3,2,3,2,
4447,4,3,4,2,
4447,5,1,3,2,
4447,6,3,4,2,
4447,7,1,3,2,
4447,8,1,3,2,
4447,9,3,4,2,
4447,10,1,3,2,
4447,11,1,3,2,
4448,1,1,3,2,
4448,2,3,4,2,
4448,3,1,3,2,
4448,4,3,4,2,
4448,5,1,3,2,
4448,6,3,4,2,
4448,7,3,4,2,
4448,8,1,3,2,
4448,9,1,3,2,
4448,10,3,4,2,
4448,11,1,3,2,
4449,1,1,3,2,
4449,2,3,4,2,
4449,3,1,3,2,
4449,4,3,4,2,
4449,5,1,3,2,
4449,6,3,4,2,
4449,7,3,4,2,
4449,8,1,3,2,
4449,9,1,3,2,
4449,10,1,3,2,
4449,11,1,3,2,
4450,1,1,3,2,
4450,2,3,4,2,
4450,3,1,3,2,
4450,4,3,4,2,
4450,5,1,3,2,
4450,6,3,4,2,
4450,7,3,4,2,
4450,8,1,3,2,
4450,9,1,3,2,
4450,10,3,4,2,
4450,11,1,3,2,
4451,1,1,3,2,
4451,2,3,4,2,
4451,3,1,3,2,
4451,4,3,4,2,
4451,5,1,3,2,
4451,6,3,4,2,
4451,7,3,4,2,
4451,8,1,3,2,
4451,9,1,3,2,
4451,10,3,4,2,
4451,11,1,3,2,
4452,1,1,3,2,
4452,2,3,4,2,
4452,3,1,3,2,
4452,4,3,4,2,
4452,5,1,3,2,
4452,6,3,4,2,
4452,7,1,3,2,
4452,8,1,3,2,
4452,9,1,3,2,
4452,10,1,3,2,
4452,11,1,3,2,
4453,1,1,3,2,
4453,2,3,4,2,
4453,3,1,3,2,
4453,4,1,3,2,
4453,5,1,3,2,
4453,6,3,4,2,
4453,7,3,4,2,
4453,8,1,3,2,
4453,9,3,4,2,
4453,10,3,4,2,
4453,11,3,4,2,
4454,1,1,3,2,
4454,2,3,4,2,
4454,3,1,3,2,
4454,4,3,4,2,
4454,5,1,3,2,
4454,6,3,4,2,
4454,7,1,3,2,
4454,8,1,3,2,
4454,9,1,3,2,
4454,10,3,4,2,
4454,11,1,3,2,
4455,1,1,3,2,
4455,2,3,4,2,
4455,3,1,3,2,
4455,4,3,4,2,
4455,5,1,3,2,
4455,6,3,4,2,
4455,7,1,3,2,
4455,8,1,3,2,
4455,9,3,4,2,
4455,10,3,4,2,
4455,11,1,3,2,
4456,1,1,3,2,
4456,2,1,3,2,
4456,3,1,3,2,
4456,4,1,3,2,
4456,5,1,3,2,
4456,6,3,4,2,
4456,7,3,4,2,
4456,8,3,4,2,
4456,9,1,3,2,
4456,10,3,4,2,
4456,11,1,3,2,
4457,1,2,3,2,
4457,2,1,3,2,
4457,3,2,3,2,
4457,4,1,3,2,
4457,5,1,3,2,
4457,6,3,4,2,
4457,7,1,3,2,
4457,8,3,4,2,
4457,9,3,4,2,
4457,10,1,3,2,
4457,11,1,3,2,
4458,1,2,3,2,
4458,2,1,3,2,
4458,3,1,3,2,
4458,4,1,3,2,
4458,5,1,3,2,
4458,6,3,4,2,
4458,7,3,4,2,
4458,8,3,4,2,
4458,9,1,3,2,
4458,10,1,3,2,
4458,11,1,3,2,
4459,1,1,3,2,
4459,2,1,3,2,
4459,3,1,3,2,
4459,4,1,3,2,
4459,5,1,3,2,
4459,6,3,4,2,
4459,7,1,3,2,
4459,8,3,4,2,
4459,9,1,3,2,
4459,10,3,4,2,
4459,11,1,3,2,
4460,1,2,3,2,
4460,2,1,3,2,
4460,3,1,3,2,
4460,4,3,4,2,
4460,5,1,3,2,
4460,6,3,4,2,
4460,7,3,4,2,
4460,8,3,4,2,
4460,9,3,4,2,
4460,10,1,3,2,
4460,11,1,3,2,
4461,1,1,3,2,
4461,2,1,3,2,
4461,3,1,3,2,
4461,4,1,3,2,
4461,5,1,3,2,
4461,6,3,4,2,
4461,7,1,3,2,
4461,8,3,4,2,
4461,9,3,4,2,
4461,10,3,4,2,
4461,11,1,3,2,
4462,1,1,3,2,
4462,2,1,3,2,
4462,3,1,3,2,
4462,4,1,3,2,
4462,5,1,3,2,
4462,6,3,4,2,
4462,7,3,4,2,
4462,8,3,4,2,
4462,9,3,4,2,
4462,10,3,4,2,
4462,11,3,4,2,
4463,1,2,3,2,
4463,2,1,3,2,
4463,3,1,3,2,
4463,4,1,3,2,
4463,5,1,3,2,
4463,6,3,4,2,
4463,7,1,3,2,
4463,8,3,4,2,
4463,9,1,3,2,
4463,10,1,3,2,
4463,11,1,3,2,
4464,1,2,3,2,
4464,2,1,3,2,
4464,3,1,3,2,
4464,4,1,3,2,
4464,5,1,3,2,
4464,6,3,4,2,
4464,7,1,3,2,
4464,8,3,4,2,
4464,9,3,4,2,
4464,10,1,3,2,
4464,11,1,3,2,
4465,1,1,3,2,
4465,2,3,4,2,
4465,3,1,3,2,
4465,4,3,4,2,
4465,5,1,3,2,
4465,6,3,4,2,
4465,7,1,3,2,
4465,8,3,4,2,
4465,9,1,3,2,
4465,10,1,3,2,
4465,11,1,3,2,
4466,1,1,3,2,
4466,2,1,3,2,
4466,3,1,3,2,
4466,4,3,4,2,
4466,5,1,3,2,
4466,6,3,4,2,
4466,7,1,3,2,
4466,8,1,3,2,
4466,9,1,3,2,
4466,10,3,4,2,
4466,11,1,3,2,
4467,1,1,3,2,
4467,2,3,4,2,
4467,3,2,3,2,
4467,4,3,4,2,
4467,5,1,3,2,
4467,6,3,4,2,
4467,7,1,3,2,
4467,8,3,4,2,
4467,9,2,3,2,
4467,10,3,4,2,
4467,11,1,3,2,
4468,1,1,3,2,
4468,2,2,3,2,
4468,3,1,3,2,
4468,4,3,4,2,
4468,5,1,3,2,
4468,6,3,4,2,
4468,7,1,3,2,
4468,8,2,3,2,
4468,9,1,3,2,
4468,10,3,4,2,
4468,11,1,3,2,
4469,1,1,3,2,
4469,2,3,4,2,
4469,3,1,3,2,
4469,4,3,4,2,
4469,5,1,3,2,
4469,6,3,4,2,
4469,7,1,3,2,
4469,8,3,4,2,
4469,9,1,3,2,
4469,10,1,3,2,
4469,11,1,3,2,
4470,1,1,3,2,
4470,2,3,4,2,
4470,3,1,3,2,
4470,4,3,4,2,
4470,5,1,3,2,
4470,6,3,4,2,
4470,7,1,3,2,
4470,8,3,4,2,
4470,9,1,3,2,
4470,10,1,3,2,
4470,11,1,3,2,
4471,1,1,3,2,
4471,2,3,4,2,
4471,3,3,4,2,
4471,4,3,4,2,
4471,5,1,3,2,
4471,6,3,4,2,
4471,7,1,3,2,
4471,8,3,4,2,
4471,9,2,3,2,
4471,10,3,4,2,
4471,11,1,3,2,
4472,1,1,3,2,
4472,2,3,4,2,
4472,3,3,4,2,
4472,4,3,4,2,
4472,5,1,3,2,
4472,6,3,4,2,
4472,7,3,4,2,
4472,8,3,4,2,
4472,9,2,3,2,
4472,10,3,4,2,
4472,11,1,3,2,
4473,1,1,3,2,
4473,2,3,4,2,
4473,3,1,3,2,
4473,4,3,4,2,
4473,5,1,3,2,
4473,6,3,4,2,
4473,7,1,3,2,
4473,8,3,4,2,
4473,9,1,3,2,
4473,10,1,3,2,
4473,11,1,3,2,
4474,1,1,1,2,
4474,2,2,3,2,
4474,3,1,1,2,
4474,4,3,4,2,
4474,5,1,1,2,
4474,6,1,1,2,
4474,7,1,1,2,
4474,8,3,4,2,
4474,9,2,3,2,
4474,10,3,4,2,
4474,11,1,1,2,
4475,1,1,1,2,
4475,2,2,3,2,
4475,3,1,1,2,
4475,4,3,4,2,
4475,5,1,1,2,
4475,6,1,1,2,
4475,7,1,1,2,
4475,8,2,3,2,
4475,9,1,1,2,
4475,10,3,4,2,
4475,11,1,1,2,
4476,1,1,1,2,
4476,2,2,3,2,
4476,3,1,1,2,
4476,4,3,4,2,
4476,5,1,1,2,
4476,6,1,1,2,
4476,7,3,4,2,
4476,8,2,3,2,
4476,9,2,3,2,
4476,10,3,4,2,
4476,11,1,1,2,
4477,1,1,1,2,
4477,2,1,1,2,
4477,3,1,1,2,
4477,4,3,4,2,
4477,5,1,1,2,
4477,6,1,1,2,
4477,7,1,1,2,
4477,8,1,1,2,
4477,9,1,1,2,
4477,10,1,1,2,
4477,11,1,1,2,
4478,1,1,1,2,
4478,2,1,1,2,
4478,3,1,1,2,
4478,4,3,4,2,
4478,5,1,1,2,
4478,6,1,1,2,
4478,7,1,1,2,
4478,8,1,1,2,
4478,9,1,1,2,
4478,10,1,1,2,
4478,11,1,1,2,
4479,1,1,1,2,
4479,2,1,1,2,
4479,3,2,3,2,
4479,4,2,3,2,
4479,5,1,1,2,
4479,6,1,1,2,
4479,7,1,1,2,
4479,8,1,1,2,
4479,9,1,1,2,
4479,10,1,1,2,
4479,11,1,1,2,
4480,1,1,1,2,
4480,2,1,1,2,
4480,3,1,1,2,
4480,4,3,4,2,
4480,5,1,1,2,
4480,6,1,1,2,
4480,7,1,1,2,
4480,8,3,4,2,
4480,9,1,1,2,
4480,10,1,1,2,
4480,11,1,1,2,
4481,1,1,1,2,
4481,2,2,3,2,
4481,3,1,1,2,
4481,4,3,4,2,
4481,5,1,1,2,
4481,6,1,1,2,
4481,7,1,1,2,
4481,8,2,3,2,
4481,9,2,3,2,
4481,10,3,4,2,
4481,11,1,1,2,
4482,1,1,1,2,
4482,2,1,1,2,
4482,3,1,1,2,
4482,4,3,4,2,
4482,5,1,1,2,
4482,6,1,1,2,
4482,7,1,1,2,
4482,8,3,4,2,
4482,9,1,1,2,
4482,10,1,1,2,
4482,11,1,1,2,
4483,1,1,3,2,
4483,2,1,3,2,
4483,3,2,3,2,
4483,4,3,4,2,
4483,5,1,3,2,
4483,6,3,4,2,
4483,7,3,4,2,
4483,8,3,4,2,
4483,9,2,3,2,
4483,10,2,3,2,
4483,11,2,2,2,
4484,1,1,3,2,
4484,2,1,3,2,
4484,3,2,3,2,
4484,4,1,3,1,1
4484,5,1,3,1,1
4484,6,3,4,2,
4484,7,2,3,2,
4484,8,3,4,2,
4484,9,2,3,2,
4484,10,3,4,2,
4484,11,2,2,2,
4485,1,1,1,2,
4485,2,1,3,2,
4485,3,1,1,2,
4485,4,3,4,2,
4485,5,1,3,2,
4485,6,3,4,2,
4485,7,1,3,2,
4485,8,3,4,2,
4485,9,2,3,2,
4485,10,3,4,2,
4485,11,2,2,2,
4486,1,1,1,2,
4486,2,1,3,2,
4486,3,1,1,2,
4486,4,1,3,2,
4486,5,1,3,2,
4486,6,1,1,2,
4486,7,1,1,2,
4486,8,3,4,2,
4486,9,2,3,2,
4486,10,3,4,2,
4486,11,2,3,2,
4487,1,1,1,2,
4487,2,1,1,2,
4487,3,1,3,2,
4487,4,3,4,2,
4487,5,1,3,2,
4487,6,3,4,2,
4487,7,1,1,2,
4487,8,3,4,2,
4487,9,2,3,2,
4487,10,2,3,2,
4487,11,2,2,2,
4488,1,1,3,2,
4488,2,1,3,2,
4488,3,2,3,2,
4488,4,3,4,2,
4488,5,1,3,2,
4488,6,3,4,2,
4488,7,1,3,2,
4488,8,3,4,2,
4488,9,2,3,2,
4488,10,3,4,2,
4488,11,1,3,2,
4489,1,1,1,2,
4489,2,1,3,2,
4489,3,2,3,2,
4489,4,1,3,2,
4489,5,1,3,2,
4489,6,3,4,2,
4489,7,2,3,2,
4489,8,3,4,2,
4489,9,2,3,2,
4489,10,2,3,2,
4489,11,2,2,2,
4490,1,1,1,2,
4490,2,1,3,2,
4490,3,1,1,2,
4490,4,1,3,2,
4490,5,1,3,2,
4490,6,3,4,2,
4490,7,1,1,2,
4490,8,3,4,2,
4490,9,1,3,2,
4490,10,1,1,2,
4490,11,3,4,2,
4491,1,1,1,2,
4491,2,1,3,2,
4491,3,1,3,2,
4491,4,3,4,2,
4491,5,1,3,2,
4491,6,3,4,2,
4491,7,1,3,2,
4491,8,3,4,2,
4491,9,2,3,2,
4491,10,1,3,2,
4491,11,2,2,2,
4492,1,1,3,2,
4492,2,1,3,2,
4492,3,2,3,2,
4492,4,1,3,2,
4492,5,1,3,2,
4492,6,1,3,2,
4492,7,1,3,2,
4492,8,3,4,2,
4492,9,1,3,2,
4492,10,3,4,2,
4492,11,1,3,2,
4493,1,2,3,2,
4493,2,1,3,2,
4493,3,2,3,2,
4493,4,1,3,2,
4493,5,1,3,2,
4493,6,1,3,2,
4493,7,1,3,2,
4493,8,3,4,2,
4493,9,1,3,2,
4493,10,3,4,2,
4493,11,1,3,2,
4494,1,1,3,2,
4494,2,1,3,2,
4494,3,1,3,2,
4494,4,1,3,2,
4494,5,1,3,2,
4494,6,1,3,2,
4494,7,1,3,2,
4494,8,3,4,2,
4494,9,1,3,2,
4494,10,3,4,2,
4494,11,1,3,2,
4495,1,2,3,2,
4495,2,1,3,2,
4495,3,2,3,2,
4495,4,1,3,2,
4495,5,1,3,2,
4495,6,1,3,2,
4495,7,1,3,2,
4495,8,3,4,2,
4495,9,1,3,2,
4495,10,3,4,2,
4495,11,1,3,2,
4496,1,2,3,2,
4496,2,1,3,2,
4496,3,2,3,2,
4496,4,1,3,2,
4496,5,1,3,2,
4496,6,1,3,2,
4496,7,1,3,2,
4496,8,3,4,2,
4496,9,1,3,2,
4496,10,1,3,2,
4496,11,1,3,2,
4497,1,2,3,2,
4497,2,1,3,2,
4497,3,2,3,2,
4497,4,1,3,2,
4497,5,1,3,2,
4497,6,1,3,2,
4497,7,1,3,2,
4497,8,3,4,2,
4497,9,2,3,2,
4497,10,2,3,2,
4497,11,1,3,2,
4498,1,2,3,2,
4498,2,1,3,2,
4498,3,2,3,2,
4498,4,1,3,2,
4498,5,1,3,2,
4498,6,3,4,2,
4498,7,3,4,2,
4498,8,3,4,2,
4498,9,2,3,2,
4498,10,1,3,2,
4498,11,1,3,2,
4499,1,2,3,2,
4499,2,1,3,2,
4499,3,2,3,2,
4499,4,1,3,2,
4499,5,1,3,2,
4499,6,1,3,2,
4499,7,1,3,2,
4499,8,3,4,2,
4499,9,2,3,2,
4499,10,3,4,2,
4499,11,1,3,2,
4500,1,2,3,2,
4500,2,1,3,2,
4500,3,2,3,2,
4500,4,1,3,2,
4500,5,1,3,2,
4500,6,1,3,2,
4500,7,1,3,2,
4500,8,3,4,2,
4500,9,2,3,2,
4500,10,3,4,2,
4500,11,1,3,2,
4501,1,1,1,2,
4501,2,1,1,2,
4501,3,1,1,2,
4501,4,1,1,2,
4501,5,1,1,2,
4501,6,1,1,2,
4501,7,1,1,2,
4501,8,1,1,2,
4501,9,1,1,2,
4501,10,1,1,2,
4501,11,1,1,2,
4502,1,1,1,2,
4502,2,1,1,2,
4502,3,1,1,2,
4502,4,1,1,2,
4502,5,1,1,2,
4502,6,1,1,2,
4502,7,1,1,2,
4502,8,3,4,2,
4502,9,1,1,2,
4502,10,3,4,2,
4502,11,1,1,2,
4503,1,1,1,2,
4503,2,1,1,2,
4503,3,1,1,2,
4503,4,1,1,2,
4503,5,1,1,2,
4503,6,1,1,2,
4503,7,1,1,2,
4503,8,1,1,2,
4503,9,1,1,2,
4503,10,1,1,2,
4503,11,1,1,2,
4504,1,1,1,2,
4504,2,1,1,2,
4504,3,1,1,2,
4504,4,1,1,2,
4504,5,1,1,2,
4504,6,1,1,2,
4504,7,1,1,2,
4504,8,1,1,2,
4504,9,1,1,2,
4504,10,1,1,2,
4504,11,1,1,2,
4505,1,1,1,2,
4505,2,1,1,2,
4505,3,1,1,2,
4505,4,1,1,2,
4505,5,1,1,2,
4505,6,1,1,2,
4505,7,1,1,2,
4505,8,1,1,2,
4505,9,1,1,2,
4505,10,1,1,2,
4505,11,1,1,2,
4506,1,1,1,2,
4506,2,1,1,2,
4506,3,1,1,2,
4506,4,1,1,2,
4506,5,1,1,2,
4506,6,1,1,2,
4506,7,1,1,2,
4506,8,1,1,2,
4506,9,1,1,2,
4506,10,1,1,2,
4506,11,1,1,2,
4507,1,1,1,2,
4507,2,1,1,2,
4507,3,1,1,2,
4507,4,1,1,2,
4507,5,1,1,2,
4507,6,1,1,2,
4507,7,1,1,2,
4507,8,1,4,2,
4507,9,1,1,2,
4507,10,1,1,2,
4507,11,1,1,2,
4508,1,3,4,2,
4508,2,1,1,2,
4508,3,1,1,2,
4508,4,1,1,2,
4508,5,1,1,2,
4508,6,1,1,2,
4508,7,1,1,2,
4508,8,3,4,2,
4508,9,1,1,2,
4508,10,1,1,2,
4508,11,1,1,2,
4509,1,1,1,2,
4509,2,1,1,2,
4509,3,1,1,2,
4509,4,1,1,2,
4509,5,1,1,2,
4509,6,1,1,2,
4509,7,1,1,2,
4509,8,1,1,2,
4509,9,1,1,2,
4509,10,1,1,2,
4509,11,1,1,2,
4510,1,1,3,2,
4510,2,3,4,2,
4510,3,1,3,2,
4510,4,3,4,2,
4510,5,1,3,2,
4510,6,1,3,2,
4510,7,1,3,2,
4510,8,1,3,2,
4510,9,1,3,2,
4510,10,1,3,2,
4510,11,1,3,2,
4511,1,1,3,2,
4511,2,3,4,2,
4511,3,1,3,2,
4511,4,3,4,2,
4511,5,1,3,2,
4511,6,1,3,2,
4511,7,1,3,2,
4511,8,1,3,2,
4511,9,1,3,2,
4511,10,1,3,2,
4511,11,1,3,2,
4512,1,1,3,2,
4512,2,3,4,2,
4512,3,1,3,2,
4512,4,3,4,2,
4512,5,1,3,2,
4512,6,1,3,2,
4512,7,1,3,2,
4512,8,1,3,2,
4512,9,1,3,2,
4512,10,1,3,2,
4512,11,1,3,2,
4513,1,1,3,2,
4513,2,3,4,2,
4513,3,1,3,2,
4513,4,3,4,2,
4513,5,1,3,2,
4513,6,1,3,2,
4513,7,1,3,2,
4513,8,3,4,2,
4513,9,1,3,2,
4513,10,1,3,2,
4513,11,1,3,2,
4514,1,1,3,2,
4514,2,3,4,2,
4514,3,1,3,2,
4514,4,3,4,2,
4514,5,1,3,2,
4514,6,1,3,2,
4514,7,1,3,2,
4514,8,1,3,2,
4514,9,1,3,2,
4514,10,1,3,2,
4514,11,1,3,2,
4515,1,1,3,2,
4515,2,3,4,2,
4515,3,1,3,2,
4515,4,3,4,2,
4515,5,1,3,2,
4515,6,1,3,2,
4515,7,1,3,2,
4515,8,3,4,2,
4515,9,1,3,2,
4515,10,1,3,2,
4515,11,1,3,2,
4516,1,1,3,2,
4516,2,3,4,2,
4516,3,1,3,2,
4516,4,3,4,2,
4516,5,1,3,2,
4516,6,1,3,2,
4516,7,1,3,2,
4516,8,1,3,2,
4516,9,1,3,2,
4516,10,1,3,2,
4516,11,1,3,2,
4517,1,1,3,2,
4517,2,3,4,2,
4517,3,1,3,2,
4517,4,3,4,2,
4517,5,1,3,2,
4517,6,1,3,2,
4517,7,1,3,2,
4517,8,3,4,2,
4517,9,1,3,2,
4517,10,1,3,2,
4517,11,1,3,2,
4518,1,1,3,2,
4518,2,3,4,2,
4518,3,1,3,2,
4518,4,3,4,2,
4518,5,1,3,2,
4518,6,1,3,2,
4518,7,1,3,2,
4518,8,1,3,2,
4518,9,1,3,2,
4518,10,1,3,2,
4518,11,1,3,2,
4519,1,2,3,2,
4519,2,3,4,2,
4519,3,1,3,2,
4519,4,3,4,2,
4519,5,1,3,2,
4519,6,1,3,2,
4519,7,3,4,2,
4519,8,1,3,2,
4519,9,3,4,2,
4519,10,3,4,2,
4519,11,1,3,2,
4520,1,3,4,2,
4520,2,3,4,2,
4520,3,1,3,2,
4520,4,3,4,2,
4520,5,1,3,2,
4520,6,3,4,2,
4520,7,3,4,2,
4520,8,3,4,2,
4520,9,3,4,2,
4520,10,1,3,2,
4520,11,3,4,2,
4521,1,2,3,2,
4521,2,3,4,2,
4521,3,1,3,2,
4521,4,3,4,2,
4521,5,1,3,2,
4521,6,1,3,2,
4521,7,1,3,2,
4521,8,1,3,2,
4521,9,3,4,2,
4521,10,1,3,2,
4521,11,1,3,2,
4522,1,3,4,2,
4522,2,3,4,2,
4522,3,3,4,2,
4522,4,3,4,2,
4522,5,1,3,2,
4522,6,3,4,2,
4522,7,3,4,2,
4522,8,1,3,2,
4522,9,3,4,2,
4522,10,3,4,2,
4522,11,1,3,2,
4523,1,3,4,2,
4523,2,3,4,2,
4523,3,1,3,2,
4523,4,3,4,2,
4523,5,1,3,2,
4523,6,1,3,2,
4523,7,3,4,2,
4523,8,3,4,2,
4523,9,3,4,2,
4523,10,3,4,2,
4523,11,3,4,2,
4524,1,3,4,2,
4524,2,3,4,2,
4524,3,1,3,2,
4524,4,3,4,2,
4524,5,1,3,2,
4524,6,1,3,2,
4524,7,3,4,2,
4524,8,1,3,2,
4524,9,3,4,2,
4524,10,3,4,2,
4524,11,3,4,2,
4525,1,2,3,2,
4525,2,3,4,2,
4525,3,1,3,2,
4525,4,3,4,2,
4525,5,1,3,2,
4525,6,3,4,2,
4525,7,1,3,2,
4525,8,1,3,2,
4525,9,3,4,2,
4525,10,1,3,2,
4525,11,3,4,2,
4526,1,3,4,2,
4526,2,3,4,2,
4526,3,1,3,2,
4526,4,3,4,2,
4526,5,1,3,2,
4526,6,1,3,2,
4526,7,3,4,2,
4526,8,1,3,2,
4526,9,3,4,2,
4526,10,3,4,2,
4526,11,3,4,2,
4527,1,2,3,2,
4527,2,3,4,2,
4527,3,1,3,2,
4527,4,3,4,2,
4527,5,1,3,2,
4527,6,1,3,2,
4527,7,1,3,2,
4527,8,1,3,2,
4527,9,3,4,2,
4527,10,3,4,2,
4527,11,1,3,2,
4528,1,1,3,2,
4528,2,1,3,2,
4528,3,3,3,2,
4528,4,3,3,2,
4528,5,1,3,2,
4528,6,3,3,2,
4528,7,3,3,2,
4528,8,3,3,2,
4528,9,1,3,2,
4528,10,1,3,2,
4528,11,3,3,2,
4529,1,1,3,2,
4529,2,1,3,2,
4529,3,1,3,2,
4529,4,3,4,2,
4529,5,3,4,2,
4529,6,3,4,2,
4529,7,3,4,2,
4529,8,3,4,2,
4529,9,3,1,2,
4529,10,1,3,2,
4529,11,1,3,2,
4530,1,1,3,2,
4530,2,1,3,2,
4530,3,1,3,2,
4530,4,1,3,2,
4530,5,1,3,2,
4530,6,1,3,2,
4530,7,1,3,2,
4530,8,1,3,2,
4530,9,1,3,2,
4530,10,1,3,2,
4530,11,1,3,2,
4531,1,1,3,2,
4531,2,1,3,2,
4531,3,2,4,2,
4531,4,1,3,2,
4531,5,1,3,2,
4531,6,1,3,2,
4531,7,3,4,2,
4531,8,3,4,2,
4531,9,1,3,2,
4531,10,3,4,2,
4531,11,3,4,2,
4532,1,1,3,2,
4532,2,1,3,2,
4532,3,3,4,2,
4532,4,3,4,2,
4532,5,1,3,2,
4532,6,1,3,2,
4532,7,3,4,2,
4532,8,3,4,2,
4532,9,3,4,2,
4532,10,3,4,2,
4532,11,3,4,2,
4533,1,1,3,2,
4533,2,1,3,2,
4533,3,1,3,2,
4533,4,1,3,2,
4533,5,1,3,2,
4533,6,1,3,2,
4533,7,1,3,2,
4533,8,1,3,2,
4533,9,1,3,2,
4533,10,1,3,2,
4533,11,1,3,2,
4534,1,1,3,2,
4534,2,1,3,2,
4534,3,1,3,2,
4534,4,1,3,2,
4534,5,1,3,2,
4534,6,1,3,2,
4534,7,1,3,2,
4534,8,1,3,2,
4534,9,1,3,2,
4534,10,1,3,2,
4534,11,1,3,2,
4535,1,1,3,2,
4535,2,1,3,2,
4535,3,1,3,2,
4535,4,3,3,2,
4535,5,3,3,2,
4535,6,3,3,2,
4535,7,3,3,2,
4535,8,3,3,2,
4535,9,1,3,2,
4535,10,1,3,2,
4535,11,3,3,2,
4536,1,1,3,2,
4536,2,1,3,2,
4536,3,1,3,2,
4536,4,1,3,2,
4536,5,1,3,2,
4536,6,3,4,2,
4536,7,3,4,2,
4536,8,3,4,2,
4536,9,1,3,2,
4536,10,3,4,2,
4536,11,3,4,2,
4537,1,1,1,1,1
4537,2,1,3,1,1
4537,3,1,1,1,1
4537,4,2,4,2,
4537,5,1,3,1,1
4537,6,1,3,2,
4537,7,1,3,2,
4537,8,3,4,2,
4537,9,1,1,2,
4537,10,1,1,2,
4537,11,1,1,2,
4538,1,1,1,1,1
4538,2,1,3,1,1
4538,3,1,3,1,1
4538,4,1,3,1,1
4538,5,1,3,1,1
4538,6,1,3,2,
4538,7,1,3,2,
4538,8,3,4,2,
4538,9,1,1,2,
4538,10,1,1,2,
4538,11,1,3,2,
4539,1,1,1,1,1
4539,2,1,3,1,1
4539,3,1,1,1,1
4539,4,3,4,2,
4539,5,1,1,1,1
4539,6,1,3,2,
4539,7,1,1,2,
4539,8,3,4,2,
4539,9,1,1,2,
4539,10,1,1,2,
4539,11,1,3,2,
4540,1,1,1,1,1
4540,2,1,3,2,
4540,3,1,1,2,
4540,4,1,1,1,1
4540,5,1,1,1,1
4540,6,1,3,2,
4540,7,1,1,2,
4540,8,3,4,2,
4540,9,1,1,2,
4540,10,1,1,2,
4540,11,1,3,2,
4541,1,1,1,1,1
4541,2,1,1,1,1
4541,3,1,1,1,1
4541,4,1,1,1,1
4541,5,1,1,1,1
4541,6,1,3,2,
4541,7,1,3,2,
4541,8,3,4,2,
4541,9,1,3,2,
4541,10,1,3,2,
4541,11,1,3,2,
4542,1,1,1,1,1
4542,2,1,1,1,1
4542,3,1,3,1,1
4542,4,3,4,2,
4542,5,1,1,1,1
4542,6,1,3,2,
4542,7,1,3,2,
4542,8,3,4,2,
4542,9,1,1,2,
4542,10,1,3,2,
4542,11,1,3,2,
4543,1,1,1,1,1
4543,2,1,3,1,1
4543,3,1,3,2,
4543,4,1,3,1,1
4543,5,1,3,1,1
4543,6,1,3,2,
4543,7,1,1,2,
4543,8,3,4,2,
4543,9,1,1,2,
4543,10,1,1,2,
4543,11,1,3,2,
4544,1,1,1,1,1
4544,2,1,3,2,
4544,3,1,3,2,
4544,4,1,3,1,1
4544,5,1,3,1,1
4544,6,1,1,2,
4544,7,1,3,2,
4544,8,3,4,2,
4544,9,1,3,2,
4544,10,1,1,2,
4544,11,1,3,2,
4545,1,1,1,1,1
4545,2,1,1,1,1
4545,3,1,3,1,1
4545,4,1,3,1,1
4545,5,1,3,1,1
4545,6,1,3,2,
4545,7,1,1,2,
4545,8,3,4,2,
4545,9,1,1,2,
4545,10,1,1,2,
4545,11,1,3,2,
4546,1,1,3,2,
4546,2,2,3,2,
4546,3,1,3,2,
4546,4,2,3,2,
4546,5,1,3,2,
4546,6,1,3,2,
4546,7,1,3,2,
4546,8,1,3,2,
4546,9,2,3,2,
4546,10,2,3,2,
4546,11,2,3,2,
4547,1,1,3,2,
4547,2,2,3,2,
4547,3,1,3,2,
4547,4,2,3,2,
4547,5,1,3,2,
4547,6,1,3,2,
4547,7,1,3,2,
4547,8,1,3,2,
4547,9,2,3,2,
4547,10,2,3,2,
4547,11,2,3,2,
4548,1,1,3,2,
4548,2,2,3,2,
4548,3,1,3,2,
4548,4,2,3,2,
4548,5,1,3,2,
4548,6,1,3,2,
4548,7,1,3,2,
4548,8,1,3,2,
4548,9,2,3,2,
4548,10,2,3,2,
4548,11,2,3,2,
4549,1,1,3,2,
4549,2,2,3,2,
4549,3,1,3,2,
4549,4,2,3,2,
4549,5,1,3,2,
4549,6,1,3,2,
4549,7,1,3,2,
4549,8,1,3,2,
4549,9,2,3,2,
4549,10,2,3,2,
4549,11,2,3,2,
4550,1,1,3,2,
4550,2,2,3,2,
4550,3,1,3,2,
4550,4,2,3,2,
4550,5,1,3,2,
4550,6,1,3,2,
4550,7,1,3,2,
4550,8,1,3,2,
4550,9,2,3,2,
4550,10,2,3,2,
4550,11,2,3,2,
4551,1,1,3,2,
4551,2,2,3,2,
4551,3,1,3,2,
4551,4,2,3,2,
4551,5,1,3,2,
4551,6,1,3,2,
4551,7,1,3,2,
4551,8,1,3,2,
4551,9,2,3,2,
4551,10,2,3,2,
4551,11,2,3,2,
4552,1,1,3,2,
4552,2,2,3,2,
4552,3,1,3,2,
4552,4,2,3,2,
4552,5,1,3,2,
4552,6,1,3,2,
4552,7,1,3,2,
4552,8,1,3,2,
4552,9,2,3,2,
4552,10,2,3,2,
4552,11,2,3,2,
4553,1,1,3,2,
4553,2,2,3,2,
4553,3,1,3,2,
4553,4,2,3,2,
4553,5,1,3,2,
4553,6,1,3,2,
4553,7,1,3,2,
4553,8,1,3,2,
4553,9,2,3,2,
4553,10,2,3,2,
4553,11,2,3,2,
4554,1,1,3,2,
4554,2,2,3,2,
4554,3,1,3,2,
4554,4,2,3,2,
4554,5,1,3,2,
4554,6,1,3,2,
4554,7,1,3,2,
4554,8,1,3,2,
4554,9,2,3,2,
4554,10,2,3,2,
4554,11,2,3,2,
4555,1,2,2,1,2
4555,2,2,3,2,
4555,3,2,3,2,
4555,4,2,3,2,
4555,5,1,3,2,
4555,6,1,3,2,
4555,7,1,3,2,
4555,8,1,3,2,
4555,9,1,3,2,
4555,10,1,3,2,
4555,11,1,3,2,
4556,1,2,2,1,2
4556,2,2,3,2,
4556,3,2,3,2,
4556,4,2,3,2,
4556,5,1,3,2,
4556,6,1,3,2,
4556,7,1,3,2,
4556,8,1,3,2,
4556,9,1,3,2,
4556,10,1,3,2,
4556,11,1,3,2,
4557,1,2,2,1,2
4557,2,2,3,2,
4557,3,2,3,2,
4557,4,2,3,2,
4557,5,1,3,2,
4557,6,1,3,2,
4557,7,1,3,2,
4557,8,1,3,2,
4557,9,1,3,2,
4557,10,1,3,2,
4557,11,1,3,2,
4558,1,2,2,1,2
4558,2,2,3,2,
4558,3,2,3,2,
4558,4,2,3,2,
4558,5,1,3,2,
4558,6,1,3,2,
4558,7,1,3,2,
4558,8,1,3,2,
4558,9,1,3,2,
4558,10,1,3,2,
4558,11,1,3,2,
4559,1,2,2,1,2
4559,2,2,3,2,
4559,3,2,3,2,
4559,4,2,3,2,
4559,5,1,3,2,
4559,6,1,3,2,
4559,7,1,3,2,
4559,8,1,3,2,
4559,9,1,3,2,
4559,10,1,3,2,
4559,11,1,3,2,
4560,1,2,2,1,2
4560,2,2,3,2,
4560,3,2,3,2,
4560,4,2,3,2,
4560,5,1,3,2,
4560,6,1,3,2,
4560,7,1,3,2,
4560,8,1,3,2,
4560,9,1,3,2,
4560,10,1,3,2,
4560,11,1,3,2,
4561,1,2,2,1,2
4561,2,2,3,2,
4561,3,2,3,2,
4561,4,2,3,2,
4561,5,1,3,2,
4561,6,1,3,2,
4561,7,1,3,2,
4561,8,1,3,2,
4561,9,1,3,2,
4561,10,1,3,2,
4561,11,1,3,2,
4562,1,2,2,1,2
4562,2,2,3,2,
4562,3,2,3,2,
4562,4,2,3,2,
4562,5,1,3,2,
4562,6,1,3,2,
4562,7,1,3,2,
4562,8,1,3,2,
4562,9,1,3,2,
4562,10,1,3,2,
4562,11,1,3,2,
4563,1,2,2,1,2
4563,2,2,3,2,
4563,3,2,3,2,
4563,4,2,3,2,
4563,5,1,3,2,
4563,6,1,3,2,
4563,7,1,3,2,
4563,8,1,3,2,
4563,9,1,3,2,
4563,10,1,3,2,
4563,11,1,3,2,
4564,1,1,1,2,
4564,2,1,3,2,
4564,3,1,1,2,
4564,4,1,1,2,
4564,5,1,1,2,
4564,6,1,1,2,
4564,7,1,1,2,
4564,8,3,4,2,
4564,9,2,2,2,
4564,10,3,4,2,
4564,11,1,3,2,
4565,1,1,1,2,
4565,2,1,3,2,
4565,3,1,1,2,
4565,4,3,4,2,
4565,5,1,3,2,
4565,6,3,4,2,
4565,7,1,1,2,
4565,8,3,4,2,
4565,9,2,2,2,
4565,10,3,4,2,
4565,11,1,3,2,
4566,1,1,1,2,
4566,2,1,3,2,
4566,3,1,1,2,
4566,4,1,3,2,
4566,5,1,3,2,
4566,6,1,1,2,
4566,7,1,1,2,
4566,8,3,4,2,
4566,9,2,2,2,
4566,10,2,2,2,
4566,11,1,3,2,
4567,1,1,1,2,
4567,2,1,3,2,
4567,3,1,1,2,
4567,4,3,4,2,
4567,5,1,3,2,
4567,6,1,1,2,
4567,7,1,1,2,
4567,8,3,4,2,
4567,9,2,2,2,
4567,10,3,4,2,
4567,11,1,3,2,
4568,1,1,1,2,
4568,2,1,3,2,
4568,3,1,1,2,
4568,4,1,3,2,
4568,5,1,3,2,
4568,6,1,1,2,
4568,7,1,1,2,
4568,8,3,4,2,
4568,9,2,2,2,
4568,10,2,2,2,
4568,11,1,3,2,
4569,1,1,1,2,
4569,2,1,3,2,
4569,3,1,1,2,
4569,4,3,4,2,
4569,5,1,3,2,
4569,6,3,4,2,
4569,7,1,1,2,
4569,8,3,4,2,
4569,9,3,4,2,
4569,10,2,2,2,
4569,11,1,3,2,
4570,1,1,1,2,
4570,2,1,3,2,
4570,3,1,1,2,
4570,4,1,3,2,
4570,5,1,3,2,
4570,6,1,1,2,
4570,7,1,1,2,
4570,8,3,4,2,
4570,9,2,2,2,
4570,10,3,4,2,
4570,11,1,3,2,
4571,1,1,1,2,
4571,2,1,1,2,
4571,3,1,1,2,
4571,4,1,1,2,
4571,5,1,1,2,
4571,6,1,1,2,
4571,7,1,1,2,
4571,8,3,4,2,
4571,9,2,2,2,
4571,10,3,4,2,
4571,11,1,3,2,
4572,1,1,1,2,
4572,2,1,3,2,
4572,3,1,1,2,
4572,4,1,3,2,
4572,5,1,3,2,
4572,6,1,1,2,
4572,7,1,1,2,
4572,8,3,4,2,
4572,9,2,2,2,
4572,10,3,4,2,
4572,11,1,3,2,
4573,1,1,3,2,
4573,2,1,3,2,
4573,3,1,3,2,
4573,4,1,3,2,
4573,5,1,3,2,
4573,6,1,3,2,
4573,7,1,3,2,
4573,8,3,4,2,
4573,9,1,3,2,
4573,10,1,3,2,
4573,11,1,3,2,
4574,1,1,3,2,
4574,2,3,4,2,
4574,3,1,3,2,
4574,4,1,3,2,
4574,5,1,3,2,
4574,6,1,3,2,
4574,7,1,3,2,
4574,8,3,4,2,
4574,9,1,3,2,
4574,10,1,3,2,
4574,11,1,3,2,
4575,1,2,3,2,
4575,2,1,3,2,
4575,3,1,3,2,
4575,4,1,3,2,
4575,5,1,3,2,
4575,6,1,3,2,
4575,7,1,3,2,
4575,8,3,4,2,
4575,9,1,3,2,
4575,10,3,4,2,
4575,11,1,3,2,
4576,1,2,3,2,
4576,2,3,4,2,
4576,3,1,3,2,
4576,4,3,4,2,
4576,5,1,3,2,
4576,6,1,3,2,
4576,7,1,3,2,
4576,8,3,4,2,
4576,9,1,3,2,
4576,10,1,3,2,
4576,11,1,3,2,
4577,1,1,3,2,
4577,2,1,3,2,
4577,3,1,3,2,
4577,4,1,3,2,
4577,5,1,3,2,
4577,6,1,3,2,
4577,7,1,3,2,
4577,8,3,4,2,
4577,9,1,3,2,
4577,10,1,3,2,
4577,11,1,3,2,
4578,1,1,3,2,
4578,2,1,3,2,
4578,3,1,3,2,
4578,4,1,3,2,
4578,5,1,3,2,
4578,6,1,3,2,
4578,7,1,3,2,
4578,8,3,4,2,
4578,9,1,3,2,
4578,10,3,4,2,
4578,11,1,3,2,
4579,1,2,3,2,
4579,2,1,3,2,
4579,3,1,3,2,
4579,4,1,3,2,
4579,5,1,3,2,
4579,6,1,3,2,
4579,7,1,3,2,
4579,8,3,4,2,
4579,9,2,3,2,
4579,10,3,4,2,
4579,11,1,3,2,
4580,1,2,3,2,
4580,2,1,3,2,
4580,3,1,3,2,
4580,4,1,3,2,
4580,5,1,3,2,
4580,6,1,3,2,
4580,7,1,3,2,
4580,8,3,4,2,
4580,9,1,3,2,
4580,10,3,4,2,
4580,11,1,3,2,
4581,1,2,3,2,
4581,2,3,4,2,
4581,3,1,3,2,
4581,4,1,3,2,
4581,5,1,3,2,
4581,6,1,3,2,
4581,7,1,3,2,
4581,8,3,4,2,
4581,9,1,3,2,
4581,10,1,3,2,
4581,11,1,3,2,
4582,1,1,3,2,
4582,2,1,3,2,
4582,3,2,3,2,
4582,4,1,3,2,
4582,5,1,3,2,
4582,6,1,3,2,
4582,7,1,3,2,
4582,8,3,4,2,
4582,9,1,3,2,
4582,10,3,4,2,
4582,11,1,3,2,
4583,1,1,3,2,
4583,2,1,3,2,
4583,3,2,3,2,
4583,4,3,4,2,
4583,5,1,3,2,
4583,6,1,3,2,
4583,7,1,3,2,
4583,8,3,4,2,
4583,9,1,3,2,
4583,10,2,3,2,
4583,11,1,3,2,
4584,1,1,3,2,
4584,2,1,3,2,
4584,3,2,3,1,2
4584,4,1,3,1,1
4584,5,1,3,2,
4584,6,1,3,2,
4584,7,3,4,2,
4584,8,3,4,2,
4584,9,1,3,2,
4584,10,1,3,2,
4584,11,1,3,2,
4585,1,1,3,2,
4585,2,1,3,2,
4585,3,2,3,2,
4585,4,3,4,2,
4585,5,1,3,2,
4585,6,1,3,2,
4585,7,1,3,2,
4585,8,3,4,2,
4585,9,1,3,2,
4585,10,2,3,2,
4585,11,1,3,2,
4586,1,1,3,2,
4586,2,1,3,2,
4586,3,2,3,1,2
4586,4,1,3,2,
4586,5,1,3,2,
4586,6,3,4,2,
4586,7,1,3,2,
4586,8,3,4,2,
4586,9,1,3,2,
4586,10,1,3,2,
4586,11,1,3,2,
4587,1,1,3,2,
4587,2,1,3,2,
4587,3,2,3,1,2
4587,4,1,3,2,
4587,5,1,3,2,
4587,6,1,3,2,
4587,7,3,4,2,
4587,8,1,3,2,
4587,9,1,3,2,
4587,10,1,3,2,
4587,11,1,3,2,
4588,1,1,3,2,
4588,2,1,3,2,
4588,3,1,3,2,
4588,4,3,4,2,
4588,5,1,3,2,
4588,6,1,3,2,
4588,7,1,3,2,
4588,8,3,4,2,
4588,9,1,3,2,
4588,10,2,3,2,
4588,11,1,3,2,
4589,1,1,1,2,
4589,2,1,3,2,
4589,3,2,3,1,2
4589,4,1,3,2,
4589,5,1,3,2,
4589,6,1,3,2,
4589,7,3,4,2,
4589,8,3,4,2,
4589,9,1,3,2,
4589,10,3,4,2,
4589,11,1,3,2,
4590,1,1,3,2,
4590,2,1,3,2,
4590,3,2,3,2,
4590,4,3,4,2,
4590,5,1,3,2,
4590,6,1,3,2,
4590,7,3,4,2,
4590,8,3,4,2,
4590,9,1,3,2,
4590,10,3,4,2,
4590,11,1,3,2,
4591,1,1,3,2,
4591,2,3,4,2,
4591,3,1,3,2,
4591,4,3,4,2,
4591,5,1,3,2,
4591,6,1,3,2,
4591,7,3,4,2,
4591,8,3,4,2,
4591,9,1,3,2,
4591,10,3,4,2,
4591,11,1,3,2,
4592,1,1,3,2,
4592,2,3,4,2,
4592,3,1,3,2,
4592,4,3,4,2,
4592,5,1,3,2,
4592,6,1,3,2,
4592,7,3,4,2,
4592,8,3,4,2,
4592,9,3,4,2,
4592,10,1,3,2,
4592,11,1,3,2,
4593,1,1,3,2,
4593,2,3,4,2,
4593,3,1,3,2,
4593,4,3,4,2,
4593,5,1,3,2,
4593,6,1,3,2,
4593,7,3,4,2,
4593,8,3,4,2,
4593,9,1,3,2,
4593,10,3,4,2,
4593,11,1,3,2,
4594,1,1,3,1,1
4594,2,3,4,2,
4594,3,1,3,2,
4594,4,3,4,2,
4594,5,1,3,2,
4594,6,1,3,2,
4594,7,3,4,2,
4594,8,3,4,2,
4594,9,3,4,2,
4594,10,3,4,2,
4594,11,3,4,2,
4595,1,1,3,2,
4595,2,1,3,2,
4595,3,1,3,2,
4595,4,1,3,2,
4595,5,1,3,2,
4595,6,1,3,2,
4595,7,3,4,2,
4595,8,3,4,2,
4595,9,1,3,2,
4595,10,3,4,2,
4595,11,1,3,2,
4596,1,1,3,2,
4596,2,3,4,2,
4596,3,1,3,2,
4596,4,1,3,2,
4596,5,1,3,2,
4596,6,1,3,2,
4596,7,3,4,2,
4596,8,3,4,2,
4596,9,1,3,2,
4596,10,3,4,2,
4596,11,1,3,2,
4597,1,1,3,2,
4597,2,3,4,2,
4597,3,1,3,2,
4597,4,3,4,2,
4597,5,1,3,2,
4597,6,1,3,2,
4597,7,3,4,2,
4597,8,3,4,2,
4597,9,3,4,2,
4597,10,3,4,2,
4597,11,3,4,2,
4598,1,1,3,2,
4598,2,3,4,2,
4598,3,1,3,2,
4598,4,3,4,2,
4598,5,1,3,2,
4598,6,1,3,2,
4598,7,3,4,2,
4598,8,3,4,2,
4598,9,3,4,2,
4598,10,1,3,2,
4598,11,1,3,2,
4599,1,1,3,2,
4599,2,1,3,2,
4599,3,1,3,2,
4599,4,3,4,2,
4599,5,1,3,2,
4599,6,1,3,2,
4599,7,3,4,2,
4599,8,3,4,2,
4599,9,2,3,2,
4599,10,3,4,2,
4599,11,1,3,2,
4600,1,1,3,2,
4600,2,1,3,2,
4600,3,1,3,2,
4600,4,3,4,2,
4600,5,1,3,2,
4600,6,1,3,2,
4600,7,3,4,2,
4600,8,3,4,2,
4600,9,1,3,2,
4600,10,1,3,2,
4600,11,1,3,2,
4601,1,1,3,2,
4601,2,1,3,2,
4601,3,1,3,2,
4601,4,3,4,2,
4601,5,1,3,2,
4601,6,1,3,2,
4601,7,3,4,2,
4601,8,3,4,2,
4601,9,3,4,2,
4601,10,3,4,2,
4601,11,1,3,2,
4602,1,2,3,2,
4602,2,1,3,2,
4602,3,1,3,2,
4602,4,3,4,2,
4602,5,1,3,2,
4602,6,1,3,2,
4602,7,1,3,2,
4602,8,3,4,2,
4602,9,1,3,2,
4602,10,3,4,2,
4602,11,1,3,2,
4603,1,1,3,2,
4603,2,1,3,2,
4603,3,1,3,2,
4603,4,3,4,2,
4603,5,1,3,2,
4603,6,1,3,2,
4603,7,3,4,2,
4603,8,3,4,2,
4603,9,1,3,2,
4603,10,3,4,2,
4603,11,1,3,2,
4604,1,1,3,2,
4604,2,1,3,2,
4604,3,1,3,2,
4604,4,3,4,2,
4604,5,1,3,2,
4604,6,1,3,2,
4604,7,1,3,2,
4604,8,3,4,2,
4604,9,1,3,2,
4604,10,1,3,2,
4604,11,1,3,2,
4605,1,1,3,2,
4605,2,1,3,2,
4605,3,1,3,2,
4605,4,3,4,2,
4605,5,1,3,2,
4605,6,1,3,2,
4605,7,1,3,2,
4605,8,3,4,2,
4605,9,3,4,2,
4605,10,1,3,2,
4605,11,1,3,2,
4606,1,1,3,2,
4606,2,1,3,2,
4606,3,1,3,2,
4606,4,3,4,2,
4606,5,1,3,2,
4606,6,1,3,2,
4606,7,3,4,2,
4606,8,3,4,2,
4606,9,1,3,2,
4606,10,3,4,2,
4606,11,1,3,2,
4607,1,1,3,2,
4607,2,1,3,2,
4607,3,1,3,2,
4607,4,3,4,2,
4607,5,1,3,2,
4607,6,1,3,2,
4607,7,1,3,2,
4607,8,3,4,2,
4607,9,3,4,2,
4607,10,3,4,2,
4607,11,1,3,2,
4608,1,1,3,2,
4608,2,1,3,2,
4608,3,1,3,2,
4608,4,3,4,2,
4608,5,1,3,2,
4608,6,1,3,2,
4608,7,1,3,2,
4608,8,3,4,2,
4608,9,3,4,2,
4608,10,1,3,2,
4608,11,1,3,2,
4609,1,1,3,2,
4609,2,1,3,2,
4609,3,1,3,2,
4609,4,1,3,1,1
4609,5,1,3,1,1
4609,6,1,3,2,
4609,7,1,3,2,
4609,8,3,4,2,
4609,9,1,3,2,
4609,10,1,3,2,
4609,11,1,3,2,
4610,1,1,3,2,
4610,2,1,3,2,
4610,3,1,3,2,
4610,4,3,4,2,
4610,5,1,3,2,
4610,6,1,3,2,
4610,7,1,3,2,
4610,8,3,4,2,
4610,9,1,3,2,
4610,10,1,3,2,
4610,11,1,3,2,
4611,1,1,3,2,
4611,2,1,3,2,
4611,3,1,3,2,
4611,4,3,4,2,
4611,5,1,3,1,1
4611,6,1,3,2,
4611,7,3,4,2,
4611,8,3,4,2,
4611,9,1,3,2,
4611,10,1,3,2,
4611,11,1,3,2,
4612,1,1,3,2,
4612,2,1,3,2,
4612,3,1,3,2,
4612,4,1,3,2,
4612,5,1,3,2,
4612,6,1,3,2,
4612,7,1,3,2,
4612,8,3,4,2,
4612,9,1,3,2,
4612,10,1,3,2,
4612,11,1,3,2,
4613,1,1,3,2,
4613,2,1,3,2,
4613,3,1,3,2,
4613,4,3,4,2,
4613,5,1,3,2,
4613,6,1,3,2,
4613,7,1,3,2,
4613,8,3,4,2,
4613,9,1,3,2,
4613,10,1,3,2,
4613,11,1,3,2,
4614,1,1,3,2,
4614,2,1,3,2,
4614,3,1,3,2,
4614,4,3,4,2,
4614,5,1,3,2,
4614,6,1,3,2,
4614,7,1,3,2,
4614,8,3,4,2,
4614,9,1,3,2,
4614,10,1,3,2,
4614,11,1,3,2,
4615,1,1,3,2,
4615,2,1,3,2,
4615,3,1,3,2,
4615,4,3,4,2,
4615,5,1,3,2,
4615,6,1,3,2,
4615,7,1,3,2,
4615,8,3,4,2,
4615,9,1,3,2,
4615,10,1,3,2,
4615,11,1,3,2,
4616,1,1,3,2,
4616,2,1,3,2,
4616,3,1,3,2,
4616,4,1,3,2,
4616,5,1,3,2,
4616,6,1,3,2,
4616,7,1,3,2,
4616,8,3,4,2,
4616,9,1,3,2,
4616,10,1,3,2,
4616,11,1,3,2,
4617,1,1,3,2,
4617,2,1,3,2,
4617,3,1,3,2,
4617,4,1,3,2,
4617,5,1,3,2,
4617,6,1,3,2,
4617,7,1,3,2,
4617,8,3,4,2,
4617,9,1,3,2,
4617,10,1,3,2,
4617,11,1,3,2,
4618,1,1,3,2,
4618,2,1,3,2,
4618,3,1,3,2,
4618,4,3,4,2,
4618,5,1,3,2,
4618,6,1,3,2,
4618,7,1,3,2,
4618,8,1,3,2,
4618,9,1,3,2,
4618,10,1,3,2,
4618,11,1,3,2,
4619,1,1,3,2,
4619,2,1,3,2,
4619,3,1,3,2,
4619,4,3,4,2,
4619,5,1,3,2,
4619,6,1,3,2,
4619,7,1,3,2,
4619,8,1,3,2,
4619,9,1,3,2,
4619,10,1,2,2,
4619,11,1,3,2,
4620,1,1,3,2,
4620,2,1,3,2,
4620,3,1,3,2,
4620,4,3,4,2,
4620,5,1,3,2,
4620,6,1,3,2,
4620,7,1,3,2,
4620,8,1,3,2,
4620,9,1,3,2,
4620,10,1,3,2,
4620,11,1,3,2,
4621,1,1,3,2,
4621,2,1,3,2,
4621,3,1,3,2,
4621,4,3,4,2,
4621,5,1,3,2,
4621,6,1,3,2,
4621,7,1,3,2,
4621,8,1,3,2,
4621,9,1,3,2,
4621,10,1,3,2,
4621,11,1,3,2,
4622,1,1,3,2,
4622,2,1,3,2,
4622,3,1,3,2,
4622,4,3,4,2,
4622,5,1,3,2,
4622,6,1,3,2,
4622,7,1,3,2,
4622,8,1,3,2,
4622,9,1,3,2,
4622,10,1,3,2,
4622,11,1,3,2,
4623,1,1,3,2,
4623,2,1,3,2,
4623,3,1,3,2,
4623,4,3,4,2,
4623,5,1,3,2,
4623,6,1,3,2,
4623,7,1,3,2,
4623,8,1,3,2,
4623,9,1,3,2,
4623,10,1,3,2,
4623,11,1,3,2,
4624,1,1,3,2,
4624,2,1,3,2,
4624,3,1,3,2,
4624,4,3,4,2,
4624,5,1,3,2,
4624,6,1,3,2,
4624,7,1,3,2,
4624,8,1,3,2,
4624,9,1,3,2,
4624,10,1,3,2,
4624,11,1,3,2,
4625,1,1,3,2,
4625,2,1,3,2,
4625,3,1,3,2,
4625,4,3,4,2,
4625,5,1,3,2,
4625,6,1,3,2,
4625,7,1,3,2,
4625,8,1,3,2,
4625,9,1,3,2,
4625,10,1,3,2,
4625,11,1,3,2,
4626,1,1,3,2,
4626,2,1,3,2,
4626,3,1,3,2,
4626,4,3,4,2,
4626,5,1,3,2,
4626,6,1,3,2,
4626,7,1,3,2,
4626,8,1,3,2,
4626,9,1,3,2,
4626,10,1,3,2,
4626,11,1,3,2,
4627,1,1,3,2,
4627,2,1,3,2,
4627,3,1,3,2,
4627,4,3,4,2,
4627,5,2,2,2,
4627,6,3,4,2,
4627,7,1,3,2,
4627,8,3,4,2,
4627,9,2,2,2,
4627,10,1,1,2,
4627,11,2,2,2,
4628,1,1,3,2,
4628,2,1,3,2,
4628,3,1,3,2,
4628,4,3,4,2,
4628,5,2,3,2,
4628,6,1,1,2,
4628,7,1,3,2,
4628,8,3,4,2,
4628,9,1,1,2,
4628,10,1,1,2,
4628,11,2,3,2,
4629,1,1,3,2,
4629,2,1,3,2,
4629,3,1,3,2,
4629,4,2,3,2,
4629,5,2,2,2,
4629,6,1,3,2,
4629,7,3,4,2,
4629,8,3,4,2,
4629,9,1,3,2,
4629,10,3,4,2,
4629,11,2,2,2,
4630,1,1,3,2,
4630,2,1,3,2,
4630,3,1,3,2,
4630,4,3,4,2,
4630,5,1,3,2,
4630,6,1,3,2,
4630,7,3,4,2,
4630,8,3,4,2,
4630,9,1,3,2,
4630,10,2,3,2,
4630,11,2,3,2,
4631,1,1,3,2,
4631,2,1,3,2,
4631,3,1,3,2,
4631,4,3,4,2,
4631,5,1,2,2,
4631,6,1,1,2,
4631,7,1,3,2,
4631,8,3,4,2,
4631,9,1,3,2,
4631,10,1,3,2,
4631,11,2,3,2,
4632,1,1,3,2,
4632,2,1,3,2,
4632,3,1,3,2,
4632,4,3,4,2,
4632,5,2,2,2,
4632,6,1,3,2,
4632,7,3,4,2,
4632,8,3,4,2,
4632,9,1,3,2,
4632,10,1,3,2,
4632,11,2,2,2,
4633,1,1,3,2,
4633,2,1,3,2,
4633,3,1,3,2,
4633,4,1,3,2,
4633,5,2,2,1,1
4633,6,1,3,2,
4633,7,3,4,2,
4633,8,3,4,2,
4633,9,2,3,1,1
4633,10,3,4,2,
4633,11,3,4,2,
4634,1,1,3,2,
4634,2,1,3,2,
4634,3,1,3,2,
4634,4,1,3,2,
4634,5,1,3,2,
4634,6,1,3,2,
4634,7,1,3,2,
4634,8,3,4,2,
4634,9,1,3,2,
4634,10,1,3,2,
4634,11,2,3,2,
4635,1,1,3,2,
4635,2,1,3,2,
4635,3,1,3,2,
4635,4,1,3,2,
4635,5,2,2,2,
4635,6,1,3,2,
4635,7,1,1,2,
4635,8,3,4,2,
4635,9,1,3,2,
4635,10,1,3,2,
4635,11,2,2,2,
4636,1,2,3,2,
4636,2,1,3,2,
4636,3,1,3,2,
4636,4,1,3,2,
4636,5,1,3,2,
4636,6,3,4,2,
4636,7,3,4,2,
4636,8,3,4,2,
4636,9,3,4,2,
4636,10,3,4,2,
4636,11,1,3,2,
4637,1,1,3,2,
4637,2,1,3,2,
4637,3,1,3,2,
4637,4,1,3,2,
4637,5,1,3,2,
4637,6,1,3,2,
4637,7,1,3,2,
4637,8,3,4,2,
4637,9,1,3,2,
4637,10,1,3,2,
4637,11,1,3,2,
4638,1,1,1,2,
4638,2,1,3,2,
4638,3,1,3,2,
4638,4,1,3,2,
4638,5,1,3,2,
4638,6,1,3,2,
4638,7,1,3,2,
4638,8,1,3,2,
4638,9,1,3,2,
4638,10,1,3,2,
4638,11,1,3,2,
4639,1,1,1,2,
4639,2,1,1,2,
4639,3,1,1,2,
4639,4,1,1,2,
4639,5,1,1,2,
4639,6,1,1,2,
4639,7,1,1,2,
4639,8,1,1,2,
4639,9,1,1,2,
4639,10,1,1,2,
4639,11,1,1,2,
4640,1,1,1,2,
4640,2,1,3,2,
4640,3,1,3,2,
4640,4,1,1,2,
4640,5,1,1,2,
4640,6,1,1,2,
4640,7,1,1,2,
4640,8,1,1,2,
4640,9,1,1,2,
4640,10,1,1,2,
4640,11,1,1,2,
4641,1,1,3,2,
4641,2,1,3,2,
4641,3,1,3,2,
4641,4,1,3,2,
4641,5,1,3,2,
4641,6,1,3,2,
4641,7,1,3,2,
4641,8,1,3,2,
4641,9,1,3,2,
4641,10,1,3,2,
4641,11,1,3,2,
4642,1,1,1,2,
4642,2,1,3,2,
4642,3,1,1,2,
4642,4,1,1,2,
4642,5,1,1,2,
4642,6,3,4,2,
4642,7,3,4,2,
4642,8,3,4,2,
4642,9,1,1,2,
4642,10,1,1,2,
4642,11,1,1,2,
4643,1,1,1,2,
4643,2,1,3,2,
4643,3,1,1,2,
4643,4,1,1,2,
4643,5,1,1,2,
4643,6,1,1,2,
4643,7,1,1,2,
4643,8,3,4,2,
4643,9,1,1,2,
4643,10,1,1,2,
4643,11,1,1,2,
4644,1,1,3,2,
4644,2,1,3,2,
4644,3,1,3,2,
4644,4,1,3,2,
4644,5,1,3,2,
4644,6,1,3,2,
4644,7,1,3,2,
4644,8,3,3,2,
4644,9,1,3,2,
4644,10,1,3,2,
4644,11,1,3,2,
4645,1,1,3,2,
4645,2,1,3,2,
4645,3,2,3,2,
4645,4,3,4,2,
4645,5,1,3,2,
4645,6,1,3,2,
4645,7,2,3,2,
4645,8,3,4,2,
4645,9,2,3,2,
4645,10,1,3,2,
4645,11,2,3,2,
4646,1,1,3,2,
4646,2,1,3,2,
4646,3,2,3,2,
4646,4,3,4,2,
4646,5,1,3,2,
4646,6,1,3,2,
4646,7,1,3,2,
4646,8,3,4,2,
4646,9,1,3,2,
4646,10,1,3,2,
4646,11,2,3,2,
4647,1,1,3,1,1
4647,2,1,3,2,
4647,3,2,3,2,
4647,4,3,4,2,
4647,5,1,3,2,
4647,6,1,3,2,
4647,7,1,3,2,
4647,8,3,4,2,
4647,9,1,3,2,
4647,10,2,3,2,
4647,11,2,3,2,
4648,1,1,3,2,
4648,2,1,3,2,
4648,3,2,3,2,
4648,4,3,4,2,
4648,5,1,3,2,
4648,6,2,3,2,
4648,7,1,3,2,
4648,8,3,4,2,
4648,9,2,3,2,
4648,10,3,4,2,
4648,11,2,3,2,
4649,1,1,3,2,
4649,2,1,3,2,
4649,3,2,3,2,
4649,4,3,4,2,
4649,5,1,3,2,
4649,6,1,3,2,
4649,7,1,3,2,
4649,8,3,4,2,
4649,9,2,3,2,
4649,10,1,3,2,
4649,11,2,3,2,
4650,1,1,3,2,
4650,2,1,3,2,
4650,3,2,3,2,
4650,4,3,4,2,
4650,5,1,3,2,
4650,6,1,3,2,
4650,7,1,3,2,
4650,8,3,4,2,
4650,9,2,3,2,
4650,10,2,3,2,
4650,11,1,3,2,
4651,1,1,3,2,
4651,2,1,3,2,
4651,3,2,3,2,
4651,4,3,4,2,
4651,5,1,3,2,
4651,6,2,3,2,
4651,7,1,3,2,
4651,8,3,4,2,
4651,9,2,3,2,
4651,10,2,3,2,
4651,11,2,3,2,
4652,1,1,3,2,
4652,2,1,3,2,
4652,3,2,3,2,
4652,4,3,4,2,
4652,5,1,3,2,
4652,6,3,4,2,
4652,7,1,3,2,
4652,8,3,4,2,
4652,9,2,3,2,
4652,10,2,3,2,
4652,11,1,3,2,
4653,1,1,3,2,
4653,2,1,3,2,
4653,3,2,3,2,
4653,4,3,4,2,
4653,5,1,3,2,
4653,6,1,3,2,
4653,7,1,3,2,
4653,8,3,4,2,
4653,9,2,3,2,
4653,10,3,4,2,
4653,11,2,3,2,
4654,1,1,3,2,
4654,2,2,3,2,
4654,3,2,3,2,
4654,4,1,3,1,1
4654,5,1,3,2,
4654,6,1,3,2,
4654,7,1,3,2,
4654,8,1,3,2,
4654,9,1,3,2,
4654,10,1,3,2,
4654,11,1,3,2,
4655,1,1,3,2,
4655,2,2,3,2,
4655,3,2,3,2,
4655,4,1,3,1,1
4655,5,1,3,2,
4655,6,3,4,2,
4655,7,3,4,2,
4655,8,1,3,2,
4655,9,3,4,2,
4655,10,3,4,2,
4655,11,1,3,2,
4656,1,1,3,2,
4656,2,2,3,2,
4656,3,2,3,2,
4656,4,3,4,2,
4656,5,1,3,1,1
4656,6,3,4,2,
4656,7,3,4,2,
4656,8,1,3,2,
4656,9,3,4,2,
4656,10,3,4,2,
4656,11,1,3,2,
4657,1,1,3,1,1
4657,2,2,3,2,
4657,3,2,3,2,
4657,4,1,3,2,
4657,5,1,3,2,
4657,6,3,4,2,
4657,7,3,4,2,
4657,8,1,3,1,1
4657,9,1,3,2,
4657,10,1,3,2,
4657,11,1,3,2,
4658,1,1,3,2,
4658,2,2,3,2,
4658,3,2,3,2,
4658,4,1,3,1,1
4658,5,1,3,2,
4658,6,1,3,2,
4658,7,3,4,2,
4658,8,1,1,1,1
4658,9,1,1,2,
4658,10,1,1,2,
4658,11,1,3,2,
4659,1,1,3,2,
4659,2,2,3,2,
4659,3,2,3,2,
4659,4,3,4,2,
4659,5,1,3,1,1
4659,6,1,3,2,
4659,7,1,3,2,
4659,8,1,3,1,1
4659,9,1,1,2,
4659,10,3,4,2,
4659,11,1,3,2,
4660,1,1,3,2,
4660,2,2,3,2,
4660,3,2,3,2,
4660,4,3,4,2,
4660,5,1,3,1,1
4660,6,3,4,2,
4660,7,3,4,2,
4660,8,1,3,2,
4660,9,3,4,2,
4660,10,3,4,2,
4660,11,1,3,2,
4661,1,1,3,2,
4661,2,2,3,2,
4661,3,2,3,2,
4661,4,3,4,2,
4661,5,1,3,2,
4661,6,3,4,2,
4661,7,2,3,2,
4661,8,1,3,1,1
4661,9,1,1,1,1
4661,10,3,4,2,
4661,11,1,3,2,
4662,1,1,3,2,
4662,2,2,3,2,
4662,3,2,3,2,
4662,4,3,4,2,
4662,5,1,3,1,1
4662,6,3,4,2,
4662,7,2,3,2,
4662,8,1,3,2,
4662,9,3,4,2,
4662,10,1,3,2,
4662,11,1,3,2,
4663,1,2,2,1,2
4663,2,1,3,2,
4663,3,2,3,1,2
4663,4,3,4,2,
4663,5,1,3,2,
4663,6,1,3,2,
4663,7,1,3,2,
4663,8,2,3,2,
4663,9,1,3,2,
4663,10,1,3,2,
4663,11,2,3,1,2
4664,1,2,2,1,2
4664,2,1,3,2,
4664,3,2,3,1,2
4664,4,3,4,2,
4664,5,1,3,2,
4664,6,1,3,2,
4664,7,1,3,2,
4664,8,3,4,2,
4664,9,1,3,2,
4664,10,1,3,2,
4664,11,1,3,1,2
4665,1,2,3,2,
4665,2,2,3,2,
4665,3,2,3,2,
4665,4,2,3,2,
4665,5,2,3,2,
4665,6,2,3,2,
4665,7,2,3,2,
4665,8,2,3,2,
4665,9,2,3,2,
4665,10,2,3,2,
4665,11,1,3,2,
4666,1,2,2,1,2
4666,2,1,3,2,
4666,3,2,3,1,2
4666,4,3,4,2,
4666,5,1,3,2,
4666,6,1,3,2,
4666,7,1,3,2,
4666,8,3,4,2,
4666,9,1,3,2,
4666,10,1,3,2,
4666,11,2,3,1,2
4667,1,2,2,1,2
4667,2,1,3,2,
4667,3,2,3,1,2
4667,4,3,3,2,
4667,5,1,3,2,
4667,6,1,3,2,
4667,7,1,3,2,
4667,8,3,4,2,
4667,9,1,3,2,
4667,10,1,3,2,
4667,11,2,3,1,2
4668,1,2,2,1,2
4668,2,1,3,2,
4668,3,2,2,1,2
4668,4,3,4,2,
4668,5,1,3,2,
4668,6,1,3,2,
4668,7,1,3,2,
4668,8,3,4,2,
4668,9,1,3,2,
4668,10,1,3,2,
4668,11,2,3,1,2
4669,1,2,2,1,2
4669,2,1,3,2,
4669,3,2,3,1,2
4669,4,3,4,2,
4669,5,1,3,2,
4669,6,1,3,2,
4669,7,1,3,2,
4669,8,3,4,2,
4669,9,1,3,2,
4669,10,1,3,2,
4669,11,1,3,2,
4670,1,2,2,1,2
4670,2,1,3,2,
4670,3,2,3,1,2
4670,4,1,4,2,
4670,5,1,3,2,
4670,6,1,3,2,
4670,7,1,3,2,
4670,8,3,4,2,
4670,9,1,3,2,
4670,10,1,3,2,
4670,11,2,3,2,
4671,1,2,2,1,2
4671,2,1,3,2,
4671,3,2,3,1,2
4671,4,3,4,2,
4671,5,1,3,2,
4671,6,1,3,2,
4671,7,1,3,2,
4671,8,3,4,2,
4671,9,1,3,2,
4671,10,1,3,2,
4671,11,2,3,2,
4672,1,1,3,2,
4672,2,1,3,2,
4672,3,1,3,2,
4672,4,3,4,2,
4672,5,1,3,2,
4672,6,1,3,2,
4672,7,1,3,2,
4672,8,3,4,2,
4672,9,1,3,2,
4672,10,1,3,2,
4672,11,1,3,2,
4673,1,1,3,2,
4673,2,1,3,2,
4673,3,1,3,2,
4673,4,1,3,2,
4673,5,1,3,2,
4673,6,1,3,2,
4673,7,1,3,2,
4673,8,3,4,2,
4673,9,2,2,2,
4673,10,2,2,2,
4673,11,1,3,2,
4674,1,1,3,2,
4674,2,1,3,2,
4674,3,1,3,2,
4674,4,1,3,2,
4674,5,1,3,2,
4674,6,1,3,2,
4674,7,1,3,2,
4674,8,3,4,2,
4674,9,1,3,2,
4674,10,2,2,2,
4674,11,1,3,2,
4675,1,1,3,2,
4675,2,1,3,2,
4675,3,1,3,2,
4675,4,1,3,2,
4675,5,1,3,2,
4675,6,1,3,2,
4675,7,1,3,2,
4675,8,3,4,2,
4675,9,2,2,2,
4675,10,2,2,2,
4675,11,1,3,2,
4676,1,1,3,2,
4676,2,1,3,2,
4676,3,1,3,2,
4676,4,1,3,2,
4676,5,1,3,2,
4676,6,1,3,2,
4676,7,1,3,2,
4676,8,3,4,2,
4676,9,2,2,2,
4676,10,2,2,2,
4676,11,1,3,2,
4677,1,1,3,2,
4677,2,1,3,2,
4677,3,1,3,2,
4677,4,1,3,2,
4677,5,1,3,2,
4677,6,1,3,2,
4677,7,1,3,2,
4677,8,3,4,2,
4677,9,2,2,2,
4677,10,3,4,2,
4677,11,1,3,2,
4678,1,1,3,2,
4678,2,1,3,2,
4678,3,1,3,2,
4678,4,1,3,2,
4678,5,1,3,2,
4678,6,1,3,2,
4678,7,1,3,2,
4678,8,3,4,2,
4678,9,2,2,2,
4678,10,2,2,2,
4678,11,1,3,2,
4679,1,1,3,2,
4679,2,1,3,2,
4679,3,1,3,2,
4679,4,1,3,2,
4679,5,1,3,2,
4679,6,1,3,2,
4679,7,1,3,2,
4679,8,3,4,2,
4679,9,2,2,2,
4679,10,2,2,2,
4679,11,1,3,2,
4680,1,1,3,2,
4680,2,1,3,2,
4680,3,1,3,2,
4680,4,1,3,2,
4680,5,1,3,2,
4680,6,1,3,2,
4680,7,1,3,2,
4680,8,3,4,2,
4680,9,2,2,2,
4680,10,2,2,2,
4680,11,1,3,2,
4681,1,1,3,2,
4681,2,1,3,2,
4681,3,1,3,2,
4681,4,3,4,2,
4681,5,1,3,2,
4681,6,3,4,2,
4681,7,1,3,2,
4681,8,3,4,2,
4681,9,2,3,2,
4681,10,2,3,2,
4681,11,2,3,2,
4682,1,1,3,2,
4682,2,1,3,2,
4682,3,1,3,2,
4682,4,3,4,2,
4682,5,1,3,2,
4682,6,3,4,2,
4682,7,1,3,2,
4682,8,3,4,2,
4682,9,3,4,2,
4682,10,2,3,2,
4682,11,2,3,2,
4683,1,1,3,2,
4683,2,1,3,2,
4683,3,1,3,2,
4683,4,3,4,2,
4683,5,1,3,2,
4683,6,3,4,2,
4683,7,1,3,2,
4683,8,3,4,2,
4683,9,1,3,2,
4683,10,2,3,2,
4683,11,1,3,2,
4684,1,1,3,2,
4684,2,1,3,2,
4684,3,1,3,2,
4684,4,3,4,2,
4684,5,1,3,2,
4684,6,3,4,2,
4684,7,1,3,2,
4684,8,3,4,2,
4684,9,3,4,2,
4684,10,2,3,2,
4684,11,2,3,2,
4685,1,1,3,2,
4685,2,1,3,2,
4685,3,1,3,2,
4685,4,3,4,2,
4685,5,1,3,2,
4685,6,3,4,2,
4685,7,1,3,2,
4685,8,3,4,2,
4685,9,2,3,2,
4685,10,2,3,2,
4685,11,2,3,2,
4686,1,1,3,2,
4686,2,1,3,2,
4686,3,1,3,2,
4686,4,3,4,2,
4686,5,1,3,2,
4686,6,3,4,2,
4686,7,1,3,2,
4686,8,3,4,2,
4686,9,1,3,2,
4686,10,2,3,2,
4686,11,2,3,2,
4687,1,1,3,2,
4687,2,1,3,2,
4687,3,1,3,2,
4687,4,2,3,2,
4687,5,1,3,2,
4687,6,3,4,2,
4687,7,1,3,2,
4687,8,3,4,2,
4687,9,2,3,2,
4687,10,2,3,2,
4687,11,2,3,2,
4688,1,1,3,2,
4688,2,1,3,2,
4688,3,1,3,2,
4688,4,3,4,2,
4688,5,1,3,2,
4688,6,3,4,2,
4688,7,1,3,2,
4688,8,3,4,2,
4688,9,3,4,2,
4688,10,2,3,2,
4688,11,2,3,2,
4689,1,1,3,2,
4689,2,1,3,2,
4689,3,1,3,2,
4689,4,3,4,2,
4689,5,1,3,2,
4689,6,3,4,2,
4689,7,1,3,2,
4689,8,3,4,2,
4689,9,2,3,2,
4689,10,2,3,2,
4689,11,2,3,2,
4690,1,1,3,2,
4690,2,1,3,2,
4690,3,1,3,2,
4690,4,1,3,2,
4690,5,1,3,2,
4690,6,1,3,2,
4690,7,1,3,2,
4690,8,3,4,2,
4690,9,1,3,2,
4690,10,1,3,2,
4690,11,1,3,2,
4691,1,1,3,2,
4691,2,1,3,2,
4691,3,1,3,2,
4691,4,1,3,2,
4691,5,1,3,2,
4691,6,1,3,2,
4691,7,3,4,2,
4691,8,1,3,2,
4691,9,1,3,2,
4691,10,1,3,2,
4691,11,1,3,2,
4692,1,1,3,2,
4692,2,1,3,2,
4692,3,1,3,2,
4692,4,1,3,2,
4692,5,1,3,2,
4692,6,1,3,2,
4692,7,1,3,2,
4692,8,3,4,2,
4692,9,1,3,2,
4692,10,1,3,2,
4692,11,1,3,2,
4693,1,1,3,2,
4693,2,1,3,2,
4693,3,1,3,2,
4693,4,1,3,2,
4693,5,1,3,2,
4693,6,1,3,2,
4693,7,1,3,2,
4693,8,3,4,2,
4693,9,1,3,2,
4693,10,1,3,2,
4693,11,1,3,2,
4694,1,1,3,2,
4694,2,1,3,2,
4694,3,1,3,2,
4694,4,1,3,2,
4694,5,1,3,2,
4694,6,1,3,2,
4694,7,1,3,2,
4694,8,3,4,2,
4694,9,1,3,2,
4694,10,1,3,2,
4694,11,1,3,2,
4695,1,1,3,2,
4695,2,1,3,1,1
4695,3,1,3,2,
4695,4,1,3,1,1
4695,5,1,3,2,
4695,6,1,3,2,
4695,7,1,3,2,
4695,8,3,4,2,
4695,9,1,3,2,
4695,10,1,3,2,
4695,11,1,3,2,
4696,1,1,3,2,
4696,2,1,3,2,
4696,3,1,3,2,
4696,4,1,3,2,
4696,5,1,3,2,
4696,6,1,3,2,
4696,7,1,3,2,
4696,8,3,4,2,
4696,9,1,3,2,
4696,10,1,3,2,
4696,11,1,3,2,
4697,1,1,3,2,
4697,2,1,3,2,
4697,3,1,3,2,
4697,4,1,3,2,
4697,5,1,3,2,
4697,6,1,3,2,
4697,7,1,3,2,
4697,8,3,4,2,
4697,9,1,3,2,
4697,10,1,3,2,
4697,11,1,3,2,
4698,1,1,3,2,
4698,2,1,3,2,
4698,3,1,3,2,
4698,4,1,3,2,
4698,5,1,3,2,
4698,6,1,3,2,
4698,7,1,3,2,
4698,8,3,4,2,
4698,9,1,3,2,
4698,10,1,3,2,
4698,11,1,3,2,
4699,1,1,3,2,
4699,2,1,3,2,
4699,3,1,3,2,
4699,4,1,3,2,
4699,5,1,3,2,
4699,6,1,3,2,
4699,7,1,3,2,
4699,8,3,4,2,
4699,9,3,4,2,
4699,10,3,4,2,
4699,11,1,3,2,
4700,1,1,3,2,
4700,2,1,3,2,
4700,3,1,3,2,
4700,4,1,3,2,
4700,5,1,3,2,
4700,6,1,3,2,
4700,7,1,3,2,
4700,8,1,3,2,
4700,9,1,3,2,
4700,10,1,3,2,
4700,11,1,3,2,
4701,1,1,3,2,
4701,2,1,3,2,
4701,3,1,3,2,
4701,4,1,3,2,
4701,5,1,3,2,
4701,6,1,3,2,
4701,7,3,4,2,
4701,8,1,3,2,
4701,9,1,3,2,
4701,10,1,3,2,
4701,11,1,3,2,
4702,1,1,3,2,
4702,2,1,3,2,
4702,3,1,3,2,
4702,4,1,3,2,
4702,5,1,3,2,
4702,6,1,3,2,
4702,7,1,3,2,
4702,8,1,3,2,
4702,9,1,3,2,
4702,10,1,3,2,
4702,11,1,3,2,
4703,1,1,3,2,
4703,2,1,3,2,
4703,3,1,3,2,
4703,4,1,3,2,
4703,5,1,3,2,
4703,6,1,3,2,
4703,7,1,3,2,
4703,8,1,3,2,
4703,9,3,4,2,
4703,10,3,4,2,
4703,11,1,3,2,
4704,1,1,3,2,
4704,2,1,3,2,
4704,3,1,3,2,
4704,4,1,3,2,
4704,5,1,3,2,
4704,6,1,3,2,
4704,7,1,3,2,
4704,8,1,3,2,
4704,9,1,3,2,
4704,10,1,3,2,
4704,11,1,3,2,
4705,1,1,3,2,
4705,2,1,3,2,
4705,3,1,3,2,
4705,4,1,3,2,
4705,5,1,3,2,
4705,6,1,3,2,
4705,7,1,3,2,
4705,8,1,3,2,
4705,9,1,3,2,
4705,10,3,4,2,
4705,11,1,3,2,
4706,1,1,3,2,
4706,2,1,3,2,
4706,3,1,3,2,
4706,4,1,3,2,
4706,5,1,3,2,
4706,6,1,3,2,
4706,7,1,3,2,
4706,8,1,3,2,
4706,9,1,3,2,
4706,10,1,3,2,
4706,11,1,3,2,
4707,1,1,3,2,
4707,2,1,3,2,
4707,3,1,3,2,
4707,4,1,3,2,
4707,5,1,3,2,
4707,6,1,3,2,
4707,7,1,3,2,
4707,8,1,3,2,
4707,9,3,4,2,
4707,10,3,4,2,
4707,11,1,3,2,
4708,1,1,3,2,
4708,2,3,4,2,
4708,3,3,4,2,
4708,4,1,3,2,
4708,5,1,3,2,
4708,6,1,3,2,
4708,7,1,3,2,
4708,8,3,4,2,
4708,9,1,3,2,
4708,10,3,4,2,
4708,11,2,2,1,2
4709,1,1,3,2,
4709,2,1,3,2,
4709,3,3,4,2,
4709,4,2,3,2,
4709,5,1,3,2,
4709,6,1,3,2,
4709,7,3,4,2,
4709,8,3,4,2,
4709,9,2,3,2,
4709,10,1,3,2,
4709,11,2,2,2,
4710,1,1,3,2,
4710,2,3,4,2,
4710,3,3,4,2,
4710,4,1,3,2,
4710,5,1,3,2,
4710,6,1,3,2,
4710,7,1,3,2,
4710,8,3,4,2,
4710,9,1,3,2,
4710,10,3,4,2,
4710,11,2,2,1,2
4711,1,1,3,2,
4711,2,3,4,2,
4711,3,3,4,2,
4711,4,1,3,2,
4711,5,1,3,2,
4711,6,1,3,2,
4711,7,1,3,2,
4711,8,3,4,2,
4711,9,2,3,2,
4711,10,1,3,2,
4711,11,2,3,2,
4712,1,1,3,2,
4712,2,3,4,2,
4712,3,3,4,2,
4712,4,3,4,2,
4712,5,1,3,2,
4712,6,1,3,2,
4712,7,3,4,2,
4712,8,3,4,2,
4712,9,1,3,2,
4712,10,1,3,2,
4712,11,2,2,2,
4713,1,1,3,2,
4713,2,1,3,2,
4713,3,3,4,2,
4713,4,1,3,2,
4713,5,1,3,2,
4713,6,1,3,2,
4713,7,1,3,2,
4713,8,3,4,2,
4713,9,1,3,2,
4713,10,2,2,2,
4713,11,2,2,2,
4714,1,1,3,2,
4714,2,3,4,2,
4714,3,3,4,2,
4714,4,1,3,2,
4714,5,1,3,2,
4714,6,1,3,2,
4714,7,1,3,2,
4714,8,3,4,2,
4714,9,1,3,2,
4714,10,1,3,2,
4714,11,2,2,1,2
4715,1,1,3,2,
4715,2,1,3,2,
4715,3,3,4,2,
4715,4,1,3,2,
4715,5,1,3,2,
4715,6,1,3,2,
4715,7,1,3,2,
4715,8,3,4,2,
4715,9,2,3,2,
4715,10,3,4,2,
4715,11,2,2,2,
4716,1,1,3,2,
4716,2,1,3,2,
4716,3,3,4,2,
4716,4,1,3,2,
4716,5,1,3,2,
4716,6,1,3,2,
4716,7,3,4,2,
4716,8,3,4,2,
4716,9,1,3,2,
4716,10,3,4,2,
4716,11,2,2,2,
4717,1,1,3,2,
4717,2,2,3,2,
4717,3,1,3,2,
4717,4,1,3,2,
4717,5,1,3,2,
4717,6,1,3,2,
4717,7,1,3,2,
4717,8,1,3,2,
4717,9,1,3,2,
4717,10,1,3,2,
4717,11,1,3,2,
4718,1,1,3,2,
4718,2,2,3,2,
4718,3,1,3,2,
4718,4,1,3,2,
4718,5,1,3,2,
4718,6,1,3,2,
4718,7,1,3,2,
4718,8,1,3,2,
4718,9,3,4,2,
4718,10,1,3,2,
4718,11,1,3,2,
4719,1,1,3,2,
4719,2,2,3,2,
4719,3,1,3,2,
4719,4,1,3,2,
4719,5,1,3,2,
4719,6,1,3,2,
4719,7,1,3,2,
4719,8,1,3,2,
4719,9,3,4,2,
4719,10,3,4,2,
4719,11,3,4,2,
4720,1,1,3,2,
4720,2,1,3,2,
4720,3,1,3,2,
4720,4,3,4,2,
4720,5,1,3,2,
4720,6,1,3,2,
4720,7,1,3,2,
4720,8,1,3,2,
4720,9,3,4,2,
4720,10,3,4,2,
4720,11,1,3,2,
4721,1,1,3,2,
4721,2,2,3,2,
4721,3,1,3,2,
4721,4,1,3,2,
4721,5,1,3,2,
4721,6,1,3,2,
4721,7,1,3,2,
4721,8,1,3,2,
4721,9,1,3,2,
4721,10,1,3,2,
4721,11,3,4,2,
4722,1,1,3,2,
4722,2,2,3,2,
4722,3,1,3,2,
4722,4,2,3,2,
4722,5,1,3,2,
4722,6,1,3,2,
4722,7,1,3,2,
4722,8,1,3,2,
4722,9,3,4,2,
4722,10,3,4,2,
4722,11,1,3,2,
4723,1,1,3,2,
4723,2,2,3,2,
4723,3,1,3,2,
4723,4,1,3,2,
4723,5,1,3,2,
4723,6,1,3,2,
4723,7,1,3,2,
4723,8,1,3,2,
4723,9,3,4,2,
4723,10,3,4,2,
4723,11,3,4,2,
4724,1,1,3,2,
4724,2,2,3,2,
4724,3,1,3,2,
4724,4,1,3,2,
4724,5,1,3,2,
4724,6,1,3,2,
4724,7,1,3,2,
4724,8,1,3,2,
4724,9,1,3,2,
4724,10,1,3,2,
4724,11,1,3,2,
4725,1,1,3,2,
4725,2,1,3,2,
4725,3,1,3,2,
4725,4,3,4,2,
4725,5,1,3,2,
4725,6,1,3,2,
4725,7,1,3,2,
4725,8,1,3,2,
4725,9,1,3,2,
4725,10,3,3,2,
4725,11,1,3,2,
4726,1,1,1,2,
4726,2,2,2,2,
4726,3,2,2,2,
4726,4,1,1,2,
4726,5,1,1,2,
4726,6,2,2,2,
4726,7,1,1,2,
4726,8,2,2,2,
4726,9,1,1,2,
4726,10,1,1,2,
4726,11,1,1,2,
4727,1,1,1,2,
4727,2,2,2,2,
4727,3,2,2,2,
4727,4,1,1,2,
4727,5,1,1,2,
4727,6,2,2,2,
4727,7,2,2,2,
4727,8,2,2,2,
4727,9,2,2,2,
4727,10,1,1,2,
4727,11,2,2,2,
4728,1,1,1,2,
4728,2,2,2,2,
4728,3,2,2,2,
4728,4,1,1,2,
4728,5,1,1,2,
4728,6,1,1,2,
4728,7,1,1,2,
4728,8,2,2,2,
4728,9,2,2,2,
4728,10,1,1,2,
4728,11,1,1,2,
4729,1,1,1,2,
4729,2,2,2,2,
4729,3,2,2,2,
4729,4,2,2,2,
4729,5,2,2,2,
4729,6,2,2,2,
4729,7,2,2,2,
4729,8,2,2,2,
4729,9,2,2,2,
4729,10,1,1,2,
4729,11,1,1,2,
4730,1,1,1,2,
4730,2,2,2,2,
4730,3,2,2,2,
4730,4,2,2,2,
4730,5,1,1,2,
4730,6,1,1,2,
4730,7,2,2,2,
4730,8,2,2,2,
4730,9,2,2,2,
4730,10,2,2,2,
4730,11,1,1,2,
4731,1,1,1,2,
4731,2,2,2,2,
4731,3,2,2,2,
4731,4,2,2,2,
4731,5,1,1,2,
4731,6,1,1,2,
4731,7,1,1,2,
4731,8,2,2,2,
4731,9,2,2,2,
4731,10,2,2,2,
4731,11,1,1,2,
4732,1,1,1,2,
4732,2,2,2,2,
4732,3,2,2,2,
4732,4,1,1,2,
4732,5,1,1,2,
4732,6,2,2,2,
4732,7,2,2,2,
4732,8,2,2,2,
4732,9,2,2,2,
4732,10,2,2,2,
4732,11,1,1,2,
4733,1,1,1,2,
4733,2,2,2,2,
4733,3,2,2,2,
4733,4,1,1,2,
4733,5,1,1,2,
4733,6,2,2,2,
4733,7,2,2,2,
4733,8,2,2,2,
4733,9,2,2,2,
4733,10,2,2,2,
4733,11,1,1,2,
4734,1,1,1,2,
4734,2,2,2,2,
4734,3,2,2,2,
4734,4,1,1,2,
4734,5,1,1,2,
4734,6,1,1,2,
4734,7,1,1,2,
4734,8,2,2,2,
4734,9,2,2,2,
4734,10,2,2,2,
4734,11,1,1,2,
4735,1,1,3,2,
4735,2,3,4,2,
4735,3,1,3,2,
4735,4,1,3,2,
4735,5,1,3,2,
4735,6,1,3,2,
4735,7,3,4,2,
4735,8,2,3,2,
4735,9,1,3,2,
4735,10,3,4,2,
4735,11,1,3,2,
4736,1,1,3,2,
4736,2,1,3,2,
4736,3,1,3,2,
4736,4,1,3,2,
4736,5,1,3,2,
4736,6,1,3,2,
4736,7,1,3,2,
4736,8,2,3,2,
4736,9,1,3,2,
4736,10,1,3,2,
4736,11,1,3,2,
4737,1,1,3,2,
4737,2,1,3,2,
4737,3,1,3,2,
4737,4,1,3,2,
4737,5,1,3,2,
4737,6,1,3,2,
4737,7,1,3,2,
4737,8,2,3,2,
4737,9,1,3,2,
4737,10,3,4,2,
4737,11,1,3,2,
4738,1,1,3,2,
4738,2,1,3,2,
4738,3,1,3,2,
4738,4,3,4,2,
4738,5,1,3,2,
4738,6,1,1,2,
4738,7,1,1,2,
4738,8,2,3,2,
4738,9,1,3,2,
4738,10,1,3,2,
4738,11,1,3,2,
4739,1,1,3,2,
4739,2,1,3,2,
4739,3,1,3,2,
4739,4,3,4,2,
4739,5,1,3,2,
4739,6,1,3,2,
4739,7,1,3,2,
4739,8,2,3,2,
4739,9,1,3,2,
4739,10,3,4,2,
4739,11,1,3,2,
4740,1,1,3,2,
4740,2,1,3,2,
4740,3,1,3,2,
4740,4,3,4,2,
4740,5,1,3,2,
4740,6,1,3,2,
4740,7,1,3,2,
4740,8,2,3,2,
4740,9,1,3,2,
4740,10,3,4,2,
4740,11,1,3,2,
4741,1,1,3,2,
4741,2,1,3,2,
4741,3,1,3,2,
4741,4,3,4,2,
4741,5,1,3,2,
4741,6,1,1,2,
4741,7,1,1,2,
4741,8,2,3,2,
4741,9,1,3,2,
4741,10,1,3,2,
4741,11,1,3,2,
4742,1,1,3,2,
4742,2,1,3,2,
4742,3,1,3,2,
4742,4,3,4,2,
4742,5,1,3,2,
4742,6,1,3,2,
4742,7,1,3,2,
4742,8,2,3,2,
4742,9,1,3,2,
4742,10,3,4,2,
4742,11,1,3,2,
4743,1,1,3,2,
4743,2,1,3,2,
4743,3,1,3,2,
4743,4,3,4,2,
4743,5,1,3,2,
4743,6,1,3,2,
4743,7,1,3,2,
4743,8,2,3,2,
4743,9,1,3,2,
4743,10,3,4,2,
4743,11,1,3,2,
4744,1,2,2,2,
4744,2,1,3,2,
4744,3,1,1,2,
4744,4,1,3,2,
4744,5,1,3,2,
4744,6,1,1,2,
4744,7,1,1,2,
4744,8,3,4,2,
4744,9,1,1,2,
4744,10,3,4,2,
4744,11,1,1,2,
4745,1,2,2,2,
4745,2,1,3,2,
4745,3,1,3,2,
4745,4,3,4,2,
4745,5,1,3,2,
4745,6,1,1,2,
4745,7,1,1,2,
4745,8,3,4,2,
4745,9,1,1,2,
4745,10,1,1,2,
4745,11,1,1,2,
4746,1,2,2,2,
4746,2,1,3,2,
4746,3,1,3,2,
4746,4,3,4,2,
4746,5,1,3,2,
4746,6,1,1,2,
4746,7,1,3,2,
4746,8,3,4,2,
4746,9,1,1,2,
4746,10,1,1,2,
4746,11,1,3,2,
4747,1,2,2,2,
4747,2,1,3,2,
4747,3,1,3,2,
4747,4,3,4,2,
4747,5,1,3,2,
4747,6,1,1,2,
4747,7,1,1,2,
4747,8,3,4,2,
4747,9,1,1,2,
4747,10,1,1,2,
4747,11,1,1,2,
4748,1,1,3,2,
4748,2,1,3,2,
4748,3,1,3,2,
4748,4,1,3,2,
4748,5,1,3,2,
4748,6,1,3,2,
4748,7,1,3,2,
4748,8,1,3,2,
4748,9,1,3,2,
4748,10,1,3,2,
4748,11,1,3,2,
4749,1,2,2,2,
4749,2,1,3,2,
4749,3,1,3,2,
4749,4,3,4,2,
4749,5,1,3,2,
4749,6,1,1,2,
4749,7,1,1,2,
4749,8,3,4,2,
4749,9,1,1,2,
4749,10,1,1,2,
4749,11,1,1,2,
4750,1,2,2,2,
4750,2,1,3,2,
4750,3,1,3,2,
4750,4,1,3,2,
4750,5,1,3,2,
4750,6,1,1,2,
4750,7,1,1,2,
4750,8,3,4,2,
4750,9,1,1,2,
4750,10,1,1,2,
4750,11,1,1,2,
4751,1,2,2,2,
4751,2,1,3,2,
4751,3,1,3,2,
4751,4,1,3,2,
4751,5,1,3,2,
4751,6,1,1,2,
4751,7,1,1,2,
4751,8,3,4,2,
4751,9,1,1,2,
4751,10,3,4,2,
4751,11,1,3,2,
4752,1,2,2,2,
4752,2,1,3,2,
4752,3,1,3,2,
4752,4,3,4,2,
4752,5,1,3,2,
4752,6,1,3,2,
4752,7,1,1,2,
4752,8,1,3,2,
4752,9,1,3,2,
4752,10,1,3,2,
4752,11,1,3,2,
4753,1,1,3,2,
4753,2,1,1,2,
4753,3,1,3,2,
4753,4,3,4,2,
4753,5,1,3,2,
4753,6,3,4,2,
4753,7,1,1,2,
4753,8,3,4,2,
4753,9,2,2,2,
4753,10,2,2,2,
4753,11,1,3,2,
4754,1,1,1,2,
4754,2,1,3,2,
4754,3,1,1,2,
4754,4,1,1,2,
4754,5,1,3,2,
4754,6,1,3,2,
4754,7,1,1,2,
4754,8,3,4,2,
4754,9,2,2,2,
4754,10,3,4,2,
4754,11,2,3,2,
4755,1,1,3,2,
4755,2,1,3,2,
4755,3,1,1,2,
4755,4,1,1,2,
4755,5,1,3,2,
4755,6,3,4,2,
4755,7,1,1,2,
4755,8,3,4,2,
4755,9,2,2,2,
4755,10,3,4,2,
4755,11,2,3,2,
4756,1,1,1,2,
4756,2,1,3,2,
4756,3,1,1,2,
4756,4,1,3,2,
4756,5,1,3,2,
4756,6,1,1,2,
4756,7,1,1,2,
4756,8,2,2,2,
4756,9,2,2,2,
4756,10,3,4,2,
4756,11,1,3,2,
4757,1,1,1,2,
4757,2,1,3,2,
4757,3,1,3,2,
4757,4,3,4,2,
4757,5,1,3,2,
4757,6,3,4,2,
4757,7,3,4,2,
4757,8,3,4,2,
4757,9,3,4,2,
4757,10,3,4,2,
4757,11,1,3,2,
4758,1,1,1,2,
4758,2,1,3,2,
4758,3,1,1,2,
4758,4,1,1,2,
4758,5,1,3,2,
4758,6,1,1,2,
4758,7,1,1,2,
4758,8,2,2,2,
4758,9,2,2,2,
4758,10,2,2,2,
4758,11,2,3,2,
4759,1,1,3,2,
4759,2,1,3,2,
4759,3,1,1,2,
4759,4,1,3,2,
4759,5,1,3,2,
4759,6,3,4,2,
4759,7,1,1,2,
4759,8,3,4,2,
4759,9,2,2,2,
4759,10,2,2,2,
4759,11,2,3,2,
4760,1,1,1,2,
4760,2,1,3,2,
4760,3,1,1,2,
4760,4,1,3,2,
4760,5,1,3,2,
4760,6,3,4,2,
4760,7,3,4,2,
4760,8,3,4,2,
4760,9,2,2,2,
4760,10,3,4,2,
4760,11,3,4,2,
4761,1,1,1,2,
4761,2,1,1,2,
4761,3,1,1,2,
4761,4,1,1,2,
4761,5,1,1,2,
4761,6,3,4,2,
4761,7,3,4,2,
4761,8,3,4,2,
4761,9,1,1,2,
4761,10,1,1,2,
4761,11,3,4,2,
4762,1,1,3,2,
4762,2,1,3,2,
4762,3,1,3,2,
4762,4,1,3,2,
4762,5,1,3,2,
4762,6,3,4,2,
4762,7,1,3,2,
4762,8,3,4,2,
4762,9,3,4,2,
4762,10,3,4,2,
4762,11,1,3,2,
4763,1,1,3,2,
4763,2,1,3,2,
4763,3,1,3,2,
4763,4,1,3,2,
4763,5,1,3,2,
4763,6,1,3,2,
4763,7,3,4,2,
4763,8,3,4,2,
4763,9,3,4,2,
4763,10,3,4,2,
4763,11,1,3,2,
4764,1,1,3,2,
4764,2,1,3,2,
4764,3,1,3,2,
4764,4,1,3,2,
4764,5,1,3,2,
4764,6,1,3,2,
4764,7,3,4,2,
4764,8,3,4,2,
4764,9,1,3,2,
4764,10,1,3,2,
4764,11,1,3,2,
4765,1,1,3,2,
4765,2,3,3,2,
4765,3,1,3,2,
4765,4,1,3,2,
4765,5,1,3,2,
4765,6,3,4,2,
4765,7,1,3,2,
4765,8,3,4,2,
4765,9,1,3,2,
4765,10,3,4,2,
4765,11,1,3,2,
4766,1,1,3,2,
4766,2,2,3,2,
4766,3,1,3,2,
4766,4,1,3,2,
4766,5,1,3,2,
4766,6,1,3,2,
4766,7,3,4,2,
4766,8,3,4,2,
4766,9,2,3,2,
4766,10,3,4,2,
4766,11,1,3,2,
4767,1,1,3,2,
4767,2,1,3,2,
4767,3,1,3,2,
4767,4,1,3,2,
4767,5,1,3,2,
4767,6,1,3,2,
4767,7,3,4,2,
4767,8,3,4,2,
4767,9,3,4,2,
4767,10,1,3,2,
4767,11,1,3,2,
4768,1,1,3,2,
4768,2,1,3,2,
4768,3,1,3,2,
4768,4,1,3,2,
4768,5,1,3,2,
4768,6,3,4,2,
4768,7,3,4,2,
4768,8,3,4,2,
4768,9,3,4,2,
4768,10,1,3,2,
4768,11,1,3,2,
4769,1,1,3,2,
4769,2,1,3,2,
4769,3,1,3,2,
4769,4,1,3,2,
4769,5,1,3,2,
4769,6,1,3,2,
4769,7,3,4,2,
4769,8,3,4,2,
4769,9,2,3,2,
4769,10,3,4,2,
4769,11,1,3,2,
4770,1,1,3,2,
4770,2,1,3,2,
4770,3,1,3,2,
4770,4,1,3,2,
4770,5,1,3,2,
4770,6,1,3,2,
4770,7,1,3,2,
4770,8,3,4,2,
4770,9,2,3,2,
4770,10,3,4,2,
4770,11,1,3,2,
4771,1,1,3,2,
4771,2,1,3,2,
4771,3,1,3,2,
4771,4,1,3,2,
4771,5,1,3,2,
4771,6,1,3,2,
4771,7,1,3,2,
4771,8,3,4,2,
4771,9,1,3,2,
4771,10,1,3,2,
4771,11,1,3,2,
4772,1,1,3,2,
4772,2,1,3,2,
4772,3,1,3,2,
4772,4,1,3,2,
4772,5,1,3,2,
4772,6,1,3,2,
4772,7,1,3,2,
4772,8,3,4,2,
4772,9,1,3,2,
4772,10,1,3,2,
4772,11,1,3,2,
4773,1,1,3,2,
4773,2,1,3,2,
4773,3,1,3,2,
4773,4,1,3,2,
4773,5,1,3,2,
4773,6,1,3,2,
4773,7,1,3,2,
4773,8,3,4,2,
4773,9,1,3,2,
4773,10,1,3,2,
4773,11,1,3,2,
4774,1,1,3,2,
4774,2,1,3,2,
4774,3,1,3,2,
4774,4,1,3,2,
4774,5,1,3,2,
4774,6,1,3,2,
4774,7,1,3,2,
4774,8,3,4,2,
4774,9,1,3,2,
4774,10,1,3,2,
4774,11,1,3,2,
4775,1,1,3,2,
4775,2,1,3,2,
4775,3,1,3,2,
4775,4,1,3,2,
4775,5,1,3,2,
4775,6,1,3,2,
4775,7,1,3,2,
4775,8,3,4,2,
4775,9,1,3,2,
4775,10,1,3,2,
4775,11,1,3,2,
4776,1,1,1,2,
4776,2,1,3,2,
4776,3,1,3,2,
4776,4,1,3,2,
4776,5,1,3,2,
4776,6,1,3,2,
4776,7,3,4,2,
4776,8,3,4,2,
4776,9,2,3,2,
4776,10,3,2,2,
4776,11,1,3,2,
4777,1,1,3,2,
4777,2,1,3,2,
4777,3,1,3,2,
4777,4,1,3,2,
4777,5,1,3,2,
4777,6,1,3,2,
4777,7,1,3,2,
4777,8,3,4,2,
4777,9,1,3,2,
4777,10,1,3,2,
4777,11,1,3,2,
4778,1,1,3,2,
4778,2,1,3,2,
4778,3,1,3,2,
4778,4,1,3,2,
4778,5,1,3,2,
4778,6,1,3,2,
4778,7,1,3,2,
4778,8,3,4,2,
4778,9,1,3,2,
4778,10,1,3,2,
4778,11,1,3,2,
4779,1,1,3,2,
4779,2,1,3,2,
4779,3,1,3,2,
4779,4,1,3,2,
4779,5,1,3,2,
4779,6,1,3,2,
4779,7,1,3,2,
4779,8,3,4,2,
4779,9,1,3,2,
4779,10,1,3,2,
4779,11,1,3,2,
4780,1,1,3,2,
4780,2,1,3,2,
4780,3,1,3,2,
4780,4,1,3,2,
4780,5,1,3,2,
4780,6,1,3,2,
4780,7,3,4,2,
4780,8,3,4,2,
4780,9,1,3,2,
4780,10,3,4,2,
4780,11,3,4,2,
4781,1,1,3,2,
4781,2,1,3,2,
4781,3,1,3,2,
4781,4,3,4,2,
4781,5,1,3,2,
4781,6,1,3,2,
4781,7,3,4,2,
4781,8,3,4,2,
4781,9,1,4,2,
4781,10,3,4,2,
4781,11,1,3,2,
4782,1,1,3,2,
4782,2,1,3,2,
4782,3,1,3,2,
4782,4,3,4,2,
4782,5,1,3,2,
4782,6,1,3,2,
4782,7,3,4,2,
4782,8,3,4,2,
4782,9,1,3,2,
4782,10,3,4,2,
4782,11,1,4,2,
4783,1,1,3,2,
4783,2,1,3,2,
4783,3,1,3,2,
4783,4,1,3,2,
4783,5,1,3,2,
4783,6,1,3,2,
4783,7,2,3,1,2
4783,8,3,4,2,
4783,9,2,4,2,
4783,10,2,4,2,
4783,11,2,3,2,
4784,1,1,3,2,
4784,2,1,3,2,
4784,3,1,3,2,
4784,4,3,4,2,
4784,5,1,3,2,
4784,6,1,3,2,
4784,7,3,4,2,
4784,8,3,4,2,
4784,9,1,3,2,
4784,10,3,4,2,
4784,11,3,4,2,
4785,1,1,1,2,
4785,2,1,1,2,
4785,3,1,3,2,
4785,4,3,4,2,
4785,5,1,3,2,
4785,6,1,1,2,
4785,7,3,4,2,
4785,8,3,4,2,
4785,9,3,4,2,
4785,10,3,4,2,
4785,11,3,4,2,
4786,1,1,3,2,
4786,2,1,3,2,
4786,3,1,3,2,
4786,4,3,4,2,
4786,5,1,1,2,
4786,6,1,3,2,
4786,7,3,4,2,
4786,8,3,4,2,
4786,9,1,3,2,
4786,10,3,4,2,
4786,11,1,3,2,
4787,1,1,3,2,
4787,2,1,3,2,
4787,3,1,3,2,
4787,4,1,3,2,
4787,5,1,3,2,
4787,6,1,3,2,
4787,7,1,4,2,
4787,8,3,4,2,
4787,9,3,4,2,
4787,10,3,4,2,
4787,11,2,4,2,
4788,1,1,3,2,
4788,2,1,3,2,
4788,3,1,3,2,
4788,4,1,3,2,
4788,5,1,3,2,
4788,6,1,3,2,
4788,7,1,3,2,
4788,8,3,4,2,
4788,9,3,4,2,
4788,10,3,4,2,
4788,11,2,3,2,
4789,1,1,1,2,
4789,2,1,1,2,
4789,3,1,1,2,
4789,4,1,1,2,
4789,5,1,1,2,
4789,6,1,1,2,
4789,7,1,1,2,
4789,8,3,4,2,
4789,9,2,2,2,
4789,10,2,2,2,
4789,11,1,1,2,
4790,1,1,1,2,
4790,2,1,1,2,
4790,3,1,1,2,
4790,4,1,1,2,
4790,5,1,1,2,
4790,6,1,1,2,
4790,7,1,1,2,
4790,8,1,1,2,
4790,9,1,1,2,
4790,10,1,1,2,
4790,11,1,1,2,
4791,1,1,1,2,
4791,2,1,1,2,
4791,3,1,1,2,
4791,4,1,1,2,
4791,5,1,1,2,
4791,6,1,1,2,
4791,7,1,1,2,
4791,8,3,4,2,
4791,9,2,2,2,
4791,10,2,2,2,
4791,11,1,1,2,
4792,1,1,1,2,
4792,2,1,1,2,
4792,3,1,1,2,
4792,4,1,1,2,
4792,5,1,1,2,
4792,6,1,1,2,
4792,7,1,1,2,
4792,8,3,4,2,
4792,9,2,2,2,
4792,10,3,4,2,
4792,11,1,1,2,
4793,1,1,1,2,
4793,2,1,1,2,
4793,3,1,1,2,
4793,4,1,1,2,
4793,5,1,1,2,
4793,6,1,1,2,
4793,7,1,1,2,
4793,8,1,1,2,
4793,9,1,1,2,
4793,10,1,1,2,
4793,11,1,1,2,
4794,1,1,1,2,
4794,2,1,1,2,
4794,3,1,1,2,
4794,4,1,1,2,
4794,5,1,1,2,
4794,6,1,1,2,
4794,7,1,1,2,
4794,8,1,1,2,
4794,9,1,1,2,
4794,10,1,1,2,
4794,11,1,1,2,
4795,1,1,1,2,
4795,2,1,1,2,
4795,3,1,1,2,
4795,4,1,1,2,
4795,5,1,1,2,
4795,6,1,1,2,
4795,7,1,1,2,
4795,8,3,4,2,
4795,9,1,1,2,
4795,10,3,4,2,
4795,11,1,1,2,
4796,1,1,1,2,
4796,2,1,1,2,
4796,3,1,1,2,
4796,4,1,1,2,
4796,5,1,1,2,
4796,6,1,1,2,
4796,7,1,1,2,
4796,8,3,4,2,
4796,9,1,1,2,
4796,10,1,1,2,
4796,11,1,1,2,
4797,1,1,3,2,
4797,2,1,1,2,
4797,3,1,1,2,
4797,4,1,1,2,
4797,5,1,1,2,
4797,6,1,1,2,
4797,7,1,1,2,
4797,8,1,1,2,
4797,9,1,1,2,
4797,10,1,1,2,
4797,11,1,1,2,
4798,1,1,3,2,
4798,2,1,3,2,
4798,3,1,3,2,
4798,4,1,3,2,
4798,5,1,3,2,
4798,6,3,4,2,
4798,7,1,3,2,
4798,8,3,4,2,
4798,9,1,3,2,
4798,10,1,3,2,
4798,11,2,3,2,
4799,1,1,3,2,
4799,2,1,3,2,
4799,3,1,3,2,
4799,4,1,3,2,
4799,5,1,3,2,
4799,6,3,4,2,
4799,7,3,4,2,
4799,8,3,4,2,
4799,9,1,3,2,
4799,10,3,4,2,
4799,11,1,3,2,
4800,1,1,3,2,
4800,2,1,3,2,
4800,3,1,3,2,
4800,4,1,3,2,
4800,5,1,3,2,
4800,6,3,4,2,
4800,7,1,3,2,
4800,8,3,4,2,
4800,9,1,3,2,
4800,10,3,4,2,
4800,11,1,3,2,
4801,1,1,3,2,
4801,2,1,3,2,
4801,3,1,3,2,
4801,4,1,3,2,
4801,5,1,3,2,
4801,6,1,3,2,
4801,7,3,4,2,
4801,8,3,4,2,
4801,9,1,3,2,
4801,10,3,4,2,
4801,11,2,3,2,
4802,1,1,3,2,
4802,2,1,3,2,
4802,3,1,3,2,
4802,4,1,3,2,
4802,5,1,3,2,
4802,6,1,3,2,
4802,7,1,3,2,
4802,8,3,4,2,
4802,9,1,3,2,
4802,10,1,3,2,
4802,11,1,3,2,
4803,1,1,3,2,
4803,2,1,3,2,
4803,3,1,3,2,
4803,4,1,3,2,
4803,5,1,3,2,
4803,6,2,3,2,
4803,7,3,4,2,
4803,8,3,4,2,
4803,9,2,2,2,
4803,10,2,2,2,
4803,11,1,3,2,
4804,1,1,3,2,
4804,2,1,3,2,
4804,3,1,3,2,
4804,4,1,3,2,
4804,5,1,3,2,
4804,6,1,3,2,
4804,7,3,4,2,
4804,8,3,4,2,
4804,9,1,3,2,
4804,10,3,4,2,
4804,11,3,4,2,
4805,1,1,3,2,
4805,2,1,3,2,
4805,3,1,3,2,
4805,4,1,3,2,
4805,5,1,3,2,
4805,6,1,3,2,
4805,7,1,3,2,
4805,8,3,4,2,
4805,9,1,3,2,
4805,10,3,4,2,
4805,11,1,3,2,
4806,1,1,3,2,
4806,2,1,3,2,
4806,3,1,3,2,
4806,4,1,3,2,
4806,5,1,3,2,
4806,6,3,4,2,
4806,7,1,3,2,
4806,8,3,4,2,
4806,9,1,3,2,
4806,10,1,3,2,
4806,11,1,3,2,
4807,1,1,3,2,
4807,2,1,3,2,
4807,3,1,1,2,
4807,4,1,3,1,1
4807,5,1,3,2,
4807,6,1,3,2,
4807,7,1,3,2,
4807,8,3,4,2,
4807,9,1,3,2,
4807,10,1,3,2,
4807,11,1,3,2,
4808,1,1,3,2,
4808,2,1,1,2,
4808,3,1,1,2,
4808,4,1,3,2,
4808,5,1,3,2,
4808,6,1,3,2,
4808,7,1,3,2,
4808,8,3,4,2,
4808,9,1,3,2,
4808,10,3,4,2,
4808,11,1,3,2,
4809,1,1,3,2,
4809,2,1,3,2,
4809,3,1,1,2,
4809,4,3,4,2,
4809,5,1,2,2,
4809,6,1,3,2,
4809,7,1,3,2,
4809,8,3,4,2,
4809,9,2,2,1,2
4809,10,3,4,2,
4809,11,1,3,2,
4810,1,1,3,2,
4810,2,1,3,2,
4810,3,1,1,2,
4810,4,3,4,2,
4810,5,2,2,1,2
4810,6,1,3,2,
4810,7,1,3,2,
4810,8,3,4,2,
4810,9,1,3,2,
4810,10,1,3,2,
4810,11,2,2,2,
4811,1,1,3,2,
4811,2,1,3,2,
4811,3,1,3,2,
4811,4,3,4,2,
4811,5,1,3,2,
4811,6,1,3,2,
4811,7,3,4,2,
4811,8,3,4,2,
4811,9,2,2,1,2
4811,10,2,2,1,2
4811,11,1,3,2,
4812,1,1,3,2,
4812,2,1,3,2,
4812,3,2,3,2,
4812,4,1,3,2,
4812,5,1,3,2,
4812,6,1,3,2,
4812,7,1,3,2,
4812,8,3,4,2,
4812,9,1,3,2,
4812,10,3,4,2,
4812,11,1,3,2,
4813,1,1,3,2,
4813,2,1,3,2,
4813,3,1,3,2,
4813,4,1,3,2,
4813,5,1,3,2,
4813,6,1,3,2,
4813,7,1,3,2,
4813,8,3,4,2,
4813,9,1,2,1,2
4813,10,2,2,2,
4813,11,1,3,2,
4814,1,1,3,2,
4814,2,1,3,2,
4814,3,1,3,2,
4814,4,1,3,2,
4814,5,1,3,2,
4814,6,1,3,2,
4814,7,1,3,2,
4814,8,3,4,2,
4814,9,1,3,2,
4814,10,3,4,2,
4814,11,1,3,2,
4815,1,1,3,2,
4815,2,1,3,2,
4815,3,1,3,2,
4815,4,1,3,2,
4815,5,1,3,2,
4815,6,1,3,2,
4815,7,2,2,2,
4815,8,3,4,2,
4815,9,1,3,2,
4815,10,2,2,2,
4815,11,1,3,2,
4816,1,1,3,2,
4816,2,1,3,2,
4816,3,1,3,2,
4816,4,1,3,2,
4816,5,1,3,2,
4816,6,1,3,2,
4816,7,3,4,2,
4816,8,3,4,2,
4816,9,2,3,2,
4816,10,3,4,2,
4816,11,1,3,2,
4817,1,1,3,2,
4817,2,1,3,2,
4817,3,1,3,2,
4817,4,1,3,2,
4817,5,1,3,2,
4817,6,1,3,2,
4817,7,3,4,2,
4817,8,3,4,2,
4817,9,2,2,2,
4817,10,3,4,2,
4817,11,1,3,2,
4818,1,1,3,2,
4818,2,1,3,2,
4818,3,1,3,2,
4818,4,1,3,2,
4818,5,1,3,2,
4818,6,1,3,2,
4818,7,1,3,2,
4818,8,3,4,2,
4818,9,1,3,2,
4818,10,1,3,2,
4818,11,1,3,2,
4819,1,1,3,2,
4819,2,1,3,2,
4819,3,1,3,2,
4819,4,1,3,2,
4819,5,1,3,2,
4819,6,1,3,2,
4819,7,1,3,2,
4819,8,3,4,2,
4819,9,2,2,2,
4819,10,3,4,2,
4819,11,1,3,2,
4820,1,1,3,2,
4820,2,1,3,2,
4820,3,1,3,2,
4820,4,1,3,2,
4820,5,1,3,2,
4820,6,3,4,2,
4820,7,1,3,2,
4820,8,3,4,2,
4820,9,2,3,2,
4820,10,3,4,2,
4820,11,1,3,2,
4821,1,1,3,2,
4821,2,1,3,2,
4821,3,1,3,2,
4821,4,1,3,2,
4821,5,1,3,2,
4821,6,1,3,2,
4821,7,1,3,2,
4821,8,3,4,2,
4821,9,2,3,2,
4821,10,3,4,2,
4821,11,1,3,2,
4822,1,1,3,2,
4822,2,1,3,2,
4822,3,1,3,2,
4822,4,1,3,2,
4822,5,1,3,2,
4822,6,1,3,2,
4822,7,3,4,2,
4822,8,3,4,2,
4822,9,2,2,2,
4822,10,3,4,2,
4822,11,1,3,2,
4823,1,1,3,2,
4823,2,1,3,2,
4823,3,1,3,2,
4823,4,1,3,2,
4823,5,1,3,2,
4823,6,1,3,2,
4823,7,1,3,2,
4823,8,3,4,2,
4823,9,1,3,2,
4823,10,2,3,2,
4823,11,1,3,2,
4824,1,1,3,2,
4824,2,1,3,2,
4824,3,1,3,2,
4824,4,1,3,2,
4824,5,1,3,2,
4824,6,1,3,2,
4824,7,1,3,2,
4824,8,3,4,2,
4824,9,2,3,2,
4824,10,2,3,2,
4824,11,1,3,2,
4825,1,1,3,2,
4825,2,1,3,2,
4825,3,1,3,2,
4825,4,1,3,2,
4825,5,1,3,2,
4825,6,1,3,2,
4825,7,1,3,2,
4825,8,3,4,2,
4825,9,2,2,2,
4825,10,1,3,2,
4825,11,1,3,2,
4826,1,1,3,2,
4826,2,1,3,2,
4826,3,1,3,2,
4826,4,1,3,2,
4826,5,2,2,1,2
4826,6,1,3,2,
4826,7,2,2,2,
4826,8,3,4,2,
4826,9,1,3,2,
4826,10,1,3,2,
4826,11,1,3,2,
4827,1,1,3,2,
4827,2,3,4,2,
4827,3,1,3,2,
4827,4,1,3,2,
4827,5,1,3,2,
4827,6,1,3,2,
4827,7,1,3,2,
4827,8,2,2,2,
4827,9,1,3,2,
4827,10,1,3,2,
4827,11,3,4,2,
4828,1,1,3,2,
4828,2,1,3,2,
4828,3,1,3,2,
4828,4,1,3,2,
4828,5,1,3,2,
4828,6,1,3,2,
4828,7,1,3,2,
4828,8,3,4,2,
4828,9,1,3,2,
4828,10,3,4,2,
4828,11,1,3,2,
4829,1,1,3,2,
4829,2,1,3,2,
4829,3,1,3,2,
4829,4,1,3,2,
4829,5,1,3,2,
4829,6,1,3,2,
4829,7,1,3,2,
4829,8,3,4,2,
4829,9,1,3,2,
4829,10,1,3,2,
4829,11,1,3,2,
4830,1,1,3,2,
4830,2,1,3,2,
4830,3,1,3,2,
4830,4,1,3,2,
4830,5,1,3,2,
4830,6,1,3,2,
4830,7,2,2,2,
4830,8,3,4,2,
4830,9,2,2,1,3
4830,10,2,1,2,
4830,11,1,3,2,
4831,1,1,3,2,
4831,2,1,3,2,
4831,3,1,3,2,
4831,4,1,3,2,
4831,5,1,3,2,
4831,6,1,3,2,
4831,7,1,3,2,
4831,8,3,4,2,
4831,9,1,3,2,
4831,10,1,3,2,
4831,11,2,2,1,2
4832,1,1,3,2,
4832,2,1,3,2,
4832,3,1,3,2,
4832,4,1,3,2,
4832,5,1,3,2,
4832,6,1,3,2,
4832,7,1,3,2,
4832,8,3,4,2,
4832,9,1,3,2,
4832,10,1,3,2,
4832,11,1,3,2,
4833,1,2,2,1,2
4833,2,1,3,2,
4833,3,1,3,2,
4833,4,1,3,2,
4833,5,1,3,2,
4833,6,1,3,2,
4833,7,1,3,2,
4833,8,3,4,2,
4833,9,1,3,2,
4833,10,2,2,1,2
4833,11,2,2,2,
4834,1,1,3,2,
4834,2,1,3,2,
4834,3,1,3,2,
4834,4,1,3,2,
4834,5,1,3,2,
4834,6,1,3,2,
4834,7,1,3,2,
4834,8,3,4,2,
4834,9,1,3,2,
4834,10,1,3,2,
4834,11,1,3,2,
4835,1,1,3,2,
4835,2,1,3,2,
4835,3,1,3,2,
4835,4,1,3,2,
4835,5,1,3,2,
4835,6,1,3,2,
4835,7,1,3,2,
4835,8,3,4,2,
4835,9,1,3,2,
4835,10,1,3,2,
4835,11,1,3,2,
4836,1,1,3,2,
4836,2,1,3,2,
4836,3,1,3,2,
4836,4,1,3,2,
4836,5,1,3,2,
4836,6,1,3,2,
4836,7,1,3,2,
4836,8,3,4,2,
4836,9,1,3,2,
4836,10,1,3,2,
4836,11,1,3,2,
4837,1,1,3,2,
4837,2,1,3,2,
4837,3,1,3,2,
4837,4,1,3,2,
4837,5,1,3,2,
4837,6,1,3,2,
4837,7,1,3,2,
4837,8,3,4,2,
4837,9,1,3,2,
4837,10,1,3,2,
4837,11,1,3,2,
4838,1,1,3,2,
4838,2,1,3,2,
4838,3,1,3,2,
4838,4,1,3,2,
4838,5,1,3,2,
4838,6,1,3,2,
4838,7,1,3,2,
4838,8,3,4,2,
4838,9,1,3,2,
4838,10,1,3,2,
4838,11,1,3,2,
4839,1,1,3,2,
4839,2,1,3,2,
4839,3,1,3,2,
4839,4,1,3,2,
4839,5,1,3,2,
4839,6,1,3,2,
4839,7,1,3,2,
4839,8,3,4,2,
4839,9,1,3,2,
4839,10,1,3,2,
4839,11,1,3,2,
4840,1,1,3,2,
4840,2,1,3,2,
4840,3,1,3,2,
4840,4,1,3,2,
4840,5,1,3,2,
4840,6,1,3,2,
4840,7,1,3,2,
4840,8,3,4,2,
4840,9,1,3,2,
4840,10,1,3,2,
4840,11,1,3,2,
4841,1,1,3,2,
4841,2,1,3,2,
4841,3,1,3,2,
4841,4,1,3,2,
4841,5,1,3,2,
4841,6,1,3,2,
4841,7,1,3,2,
4841,8,3,4,2,
4841,9,1,3,2,
4841,10,1,3,2,
4841,11,1,3,2,
4842,1,1,3,2,
4842,2,1,3,2,
4842,3,1,3,2,
4842,4,1,3,2,
4842,5,1,3,2,
4842,6,1,3,2,
4842,7,1,3,2,
4842,8,3,4,2,
4842,9,1,3,2,
4842,10,1,3,2,
4842,11,1,3,2,
4843,1,1,3,2,
4843,2,1,3,2,
4843,3,1,3,2,
4843,4,1,3,2,
4843,5,1,3,2,
4843,6,1,3,2,
4843,7,1,3,2,
4843,8,3,3,2,
4843,9,1,3,2,
4843,10,1,3,2,
4843,11,1,3,2,
4844,1,1,3,2,
4844,2,1,3,2,
4844,3,1,3,2,
4844,4,1,3,2,
4844,5,1,3,2,
4844,6,1,3,2,
4844,7,1,3,2,
4844,8,3,4,2,
4844,9,1,3,2,
4844,10,1,3,2,
4844,11,1,3,2,
4845,1,1,3,2,
4845,2,1,3,2,
4845,3,1,3,2,
4845,4,1,3,2,
4845,5,1,3,2,
4845,6,1,3,2,
4845,7,1,3,2,
4845,8,3,4,2,
4845,9,2,3,2,
4845,10,1,3,2,
4845,11,2,3,2,
4846,1,2,3,1,1
4846,2,1,3,2,
4846,3,1,3,2,
4846,4,1,3,2,
4846,5,1,3,2,
4846,6,1,3,2,
4846,7,2,3,2,
4846,8,3,4,2,
4846,9,2,3,2,
4846,10,2,2,2,
4846,11,2,3,2,
4847,1,1,3,2,
4847,2,1,3,2,
4847,3,1,3,2,
4847,4,1,3,2,
4847,5,1,3,2,
4847,6,2,2,2,
4847,7,1,3,2,
4847,8,3,4,2,
4847,9,1,3,2,
4847,10,1,3,2,
4847,11,1,3,2,
4848,1,2,3,2,
4848,2,1,3,2,
4848,3,2,3,2,
4848,4,1,3,2,
4848,5,1,3,2,
4848,6,1,3,2,
4848,7,3,4,2,
4848,8,3,4,2,
4848,9,2,3,2,
4848,10,3,4,2,
4848,11,3,4,2,
4849,1,1,3,1,1
4849,2,1,3,2,
4849,3,1,3,2,
4849,4,1,3,2,
4849,5,1,3,1,1
4849,6,1,3,2,
4849,7,1,3,2,
4849,8,3,4,2,
4849,9,1,3,2,
4849,10,1,3,2,
4849,11,1,3,2,
4850,1,1,3,1,1
4850,2,1,3,2,
4850,3,1,3,2,
4850,4,1,3,2,
4850,5,1,3,2,
4850,6,1,3,2,
4850,7,1,3,2,
4850,8,3,4,2,
4850,9,1,3,2,
4850,10,2,2,2,
4850,11,1,3,2,
4851,1,1,3,2,
4851,2,1,3,2,
4851,3,1,3,2,
4851,4,1,3,2,
4851,5,1,3,2,
4851,6,1,3,2,
4851,7,1,3,2,
4851,8,3,4,2,
4851,9,1,3,2,
4851,10,1,3,2,
4851,11,1,3,2,
4852,1,1,3,2,
4852,2,1,3,2,
4852,3,1,3,2,
4852,4,1,3,2,
4852,5,1,3,2,
4852,6,1,3,2,
4852,7,1,3,2,
4852,8,3,4,2,
4852,9,1,3,2,
4852,10,3,4,2,
4852,11,1,3,2,
4853,1,1,3,2,
4853,2,1,3,2,
4853,3,1,3,2,
4853,4,1,3,2,
4853,5,1,3,2,
4853,6,1,3,2,
4853,7,1,3,2,
4853,8,3,4,2,
4853,9,1,3,2,
4853,10,3,4,2,
4853,11,1,3,2,
4854,1,1,3,2,
4854,2,1,3,2,
4854,3,1,3,2,
4854,4,1,3,2,
4854,5,1,3,2,
4854,6,1,3,2,
4854,7,1,3,2,
4854,8,3,4,2,
4854,9,1,3,2,
4854,10,1,3,2,
4854,11,2,3,2,
4855,1,1,3,2,
4855,2,1,3,2,
4855,3,1,3,2,
4855,4,1,3,2,
4855,5,1,3,2,
4855,6,3,4,2,
4855,7,3,4,2,
4855,8,3,4,2,
4855,9,2,3,2,
4855,10,3,4,2,
4855,11,1,3,2,
4856,1,1,3,2,
4856,2,1,3,2,
4856,3,1,3,2,
4856,4,1,3,2,
4856,5,1,3,2,
4856,6,1,3,2,
4856,7,1,3,2,
4856,8,3,4,2,
4856,9,1,3,2,
4856,10,1,3,2,
4856,11,1,3,2,
4857,1,1,3,2,
4857,2,1,3,2,
4857,3,1,3,2,
4857,4,1,3,2,
4857,5,1,3,2,
4857,6,1,3,2,
4857,7,3,4,2,
4857,8,3,4,2,
4857,9,2,3,2,
4857,10,3,4,2,
4857,11,1,3,2,
4858,1,1,3,2,
4858,2,1,3,2,
4858,3,1,3,2,
4858,4,1,3,2,
4858,5,1,3,2,
4858,6,1,3,2,
4858,7,1,3,2,
4858,8,3,4,2,
4858,9,1,3,2,
4858,10,1,3,2,
4858,11,1,3,2,
4859,1,1,3,2,
4859,2,1,3,2,
4859,3,1,3,2,
4859,4,1,3,2,
4859,5,1,3,2,
4859,6,1,3,2,
4859,7,1,3,2,
4859,8,3,4,2,
4859,9,1,3,2,
4859,10,1,3,2,
4859,11,1,3,2,
4860,1,1,3,2,
4860,2,1,3,2,
4860,3,1,3,2,
4860,4,1,3,2,
4860,5,1,3,2,
4860,6,1,3,2,
4860,7,3,4,2,
4860,8,3,4,2,
4860,9,1,3,2,
4860,10,3,4,2,
4860,11,1,3,2,
4861,1,1,3,2,
4861,2,1,3,2,
4861,3,1,3,2,
4861,4,1,1,2,
4861,5,1,3,2,
4861,6,1,1,2,
4861,7,1,1,2,
4861,8,3,4,2,
4861,9,1,1,2,
4861,10,1,3,2,
4861,11,1,1,2,
4862,1,1,3,2,
4862,2,1,3,2,
4862,3,1,3,2,
4862,4,1,3,2,
4862,5,1,3,2,
4862,6,1,3,2,
4862,7,1,3,2,
4862,8,3,4,2,
4862,9,1,3,2,
4862,10,1,3,2,
4862,11,1,3,2,
4863,1,1,1,2,
4863,2,1,1,2,
4863,3,1,1,2,
4863,4,1,1,2,
4863,5,1,1,2,
4863,6,1,1,2,
4863,7,1,1,2,
4863,8,3,4,2,
4863,9,1,1,2,
4863,10,1,1,2,
4863,11,1,1,2,
4864,1,1,3,2,
4864,2,1,3,2,
4864,3,1,3,2,
4864,4,3,3,2,
4864,5,1,3,2,
4864,6,3,4,2,
4864,7,3,4,2,
4864,8,3,4,2,
4864,9,3,4,2,
4864,10,3,4,2,
4864,11,1,1,2,
4865,1,1,1,2,
4865,2,1,1,2,
4865,3,1,1,2,
4865,4,1,1,2,
4865,5,1,1,2,
4865,6,1,1,2,
4865,7,1,1,2,
4865,8,3,4,2,
4865,9,1,1,2,
4865,10,1,1,2,
4865,11,1,1,2,
4866,1,1,1,2,
4866,2,1,1,2,
4866,3,1,1,2,
4866,4,1,1,2,
4866,5,1,1,2,
4866,6,1,1,2,
4866,7,1,1,2,
4866,8,3,4,2,
4866,9,1,1,2,
4866,10,1,1,2,
4866,11,1,1,2,
4867,1,1,2,2,
4867,2,1,3,2,
4867,3,1,1,2,
4867,4,1,3,2,
4867,5,1,3,2,
4867,6,1,3,2,
4867,7,1,1,2,
4867,8,3,4,2,
4867,9,1,1,2,
4867,10,1,1,2,
4867,11,1,1,2,
4868,1,1,1,2,
4868,2,1,1,2,
4868,3,1,1,2,
4868,4,1,1,2,
4868,5,1,1,2,
4868,6,1,1,2,
4868,7,1,1,2,
4868,8,3,4,2,
4868,9,1,1,2,
4868,10,1,1,2,
4868,11,1,1,2,
4869,1,1,1,2,
4869,2,1,1,2,
4869,3,1,1,2,
4869,4,1,1,2,
4869,5,1,1,2,
4869,6,1,1,2,
4869,7,1,1,2,
4869,8,3,4,2,
4869,9,1,1,2,
4869,10,1,1,2,
4869,11,1,1,2,
4870,1,1,1,2,
4870,2,3,4,2,
4870,3,1,3,2,
4870,4,2,3,2,
4870,5,2,3,2,
4870,6,2,3,2,
4870,7,1,1,2,
4870,8,2,3,2,
4870,9,2,3,2,
4870,10,2,3,2,
4870,11,2,3,2,
4871,1,1,1,2,
4871,2,3,4,2,
4871,3,1,1,2,
4871,4,2,2,2,
4871,5,1,3,2,
4871,6,2,3,2,
4871,7,1,1,2,
4871,8,3,2,2,
4871,9,3,2,2,
4871,10,2,3,2,
4871,11,2,3,2,
4872,1,1,3,2,
4872,2,3,4,2,
4872,3,2,2,1,2
4872,4,3,4,2,
4872,5,1,1,2,
4872,6,2,3,2,
4872,7,1,1,2,
4872,8,2,3,1,2
4872,9,2,3,2,
4872,10,1,1,2,
4872,11,1,3,2,
4873,1,1,1,2,
4873,2,3,1,2,
4873,3,1,4,2,
4873,4,3,4,2,
4873,5,1,1,2,
4873,6,2,3,2,
4873,7,1,1,2,
4873,8,2,3,2,
4873,9,1,3,2,
4873,10,3,4,2,
4873,11,2,3,2,
4874,1,1,1,2,
4874,2,3,4,2,
4874,3,2,3,2,
4874,4,3,4,2,
4874,5,2,3,2,
4874,6,2,3,2,
4874,7,1,1,2,
4874,8,3,4,2,
4874,9,1,3,2,
4874,10,3,4,2,
4874,11,1,3,2,
4875,1,1,1,2,
4875,2,3,4,2,
4875,3,1,3,1,1
4875,4,2,2,1,2
4875,5,2,3,2,
4875,6,2,3,2,
4875,7,1,1,2,
4875,8,2,3,2,
4875,9,1,3,2,
4875,10,3,4,2,
4875,11,1,3,2,
4876,1,1,3,2,
4876,2,3,4,2,
4876,3,1,3,2,
4876,4,2,3,2,
4876,5,1,3,2,
4876,6,2,2,2,
4876,7,2,1,2,
4876,8,2,2,2,
4876,9,2,2,2,
4876,10,1,3,2,
4876,11,2,3,2,
4877,1,1,3,2,
4877,2,3,4,2,
4877,3,1,3,2,
4877,4,3,4,2,
4877,5,2,3,2,
4877,6,2,3,2,
4877,7,2,3,2,
4877,8,1,1,2,
4877,9,2,3,2,
4877,10,2,3,2,
4877,11,3,4,2,
4878,1,1,3,2,
4878,2,3,4,2,
4878,3,1,3,2,
4878,4,3,4,2,
4878,5,1,1,2,
4878,6,2,2,2,
4878,7,1,1,2,
4878,8,2,2,2,
4878,9,2,2,2,
4878,10,1,1,2,
4878,11,2,3,2,
4879,1,2,3,2,
4879,2,1,3,2,
4879,3,1,3,2,
4879,4,1,3,2,
4879,5,1,3,2,
4879,6,3,4,2,
4879,7,1,3,2,
4879,8,2,3,2,
4879,9,1,3,2,
4879,10,1,3,2,
4879,11,1,3,2,
4880,1,2,3,2,
4880,2,1,3,2,
4880,3,1,3,2,
4880,4,1,3,2,
4880,5,1,3,2,
4880,6,3,4,2,
4880,7,1,3,2,
4880,8,2,3,2,
4880,9,1,3,2,
4880,10,1,3,2,
4880,11,1,3,2,
4881,1,2,3,2,
4881,2,1,3,2,
4881,3,1,3,2,
4881,4,3,4,2,
4881,5,1,3,2,
4881,6,3,4,2,
4881,7,1,3,2,
4881,8,2,3,2,
4881,9,3,4,2,
4881,10,3,4,2,
4881,11,1,3,2,
4882,1,2,3,2,
4882,2,1,3,2,
4882,3,1,3,2,
4882,4,3,4,2,
4882,5,1,3,2,
4882,6,3,4,2,
4882,7,3,4,2,
4882,8,2,3,2,
4882,9,3,4,2,
4882,10,3,4,2,
4882,11,3,4,2,
4883,1,1,3,2,
4883,2,1,3,2,
4883,3,1,3,2,
4883,4,1,3,2,
4883,5,1,3,2,
4883,6,3,4,2,
4883,7,3,4,2,
4883,8,3,4,2,
4883,9,1,3,2,
4883,10,3,4,2,
4883,11,3,4,2,
4884,1,1,3,2,
4884,2,1,3,2,
4884,3,1,3,2,
4884,4,1,3,2,
4884,5,1,3,2,
4884,6,3,4,2,
4884,7,1,3,2,
4884,8,3,4,2,
4884,9,3,4,2,
4884,10,3,4,2,
4884,11,3,4,2,
4885,1,2,3,2,
4885,2,1,3,2,
4885,3,1,3,2,
4885,4,1,3,2,
4885,5,1,3,2,
4885,6,3,4,2,
4885,7,1,3,2,
4885,8,3,4,2,
4885,9,3,4,2,
4885,10,1,3,2,
4885,11,1,3,2,
4886,1,2,3,2,
4886,2,1,3,2,
4886,3,1,3,2,
4886,4,1,3,2,
4886,5,1,3,2,
4886,6,3,4,2,
4886,7,1,3,2,
4886,8,3,4,2,
4886,9,3,4,2,
4886,10,3,4,2,
4886,11,1,3,2,
4887,1,2,3,2,
4887,2,1,3,2,
4887,3,1,3,2,
4887,4,1,3,2,
4887,5,1,3,2,
4887,6,3,4,2,
4887,7,1,3,2,
4887,8,3,4,2,
4887,9,1,3,2,
4887,10,1,3,2,
4887,11,1,3,2,
4888,1,1,3,2,
4888,2,3,4,2,
4888,3,1,3,2,
4888,4,1,3,2,
4888,5,1,3,2,
4888,6,3,4,2,
4888,7,3,4,2,
4888,8,2,3,2,
4888,9,3,4,2,
4888,10,3,4,2,
4888,11,3,4,2,
4889,1,1,3,2,
4889,2,3,4,2,
4889,3,1,3,2,
4889,4,3,4,2,
4889,5,1,3,2,
4889,6,3,4,2,
4889,7,1,3,2,
4889,8,2,3,2,
4889,9,3,4,2,
4889,10,1,3,2,
4889,11,1,3,2,
4890,1,1,3,2,
4890,2,3,4,2,
4890,3,1,3,2,
4890,4,3,4,2,
4890,5,1,3,2,
4890,6,3,4,2,
4890,7,3,4,2,
4890,8,2,3,2,
4890,9,3,4,2,
4890,10,3,4,2,
4890,11,1,3,2,
4891,1,1,3,2,
4891,2,3,4,2,
4891,3,1,3,2,
4891,4,3,4,2,
4891,5,1,3,2,
4891,6,3,4,2,
4891,7,1,3,2,
4891,8,2,3,2,
4891,9,3,4,2,
4891,10,3,4,2,
4891,11,1,3,2,
4892,1,1,3,2,
4892,2,3,4,2,
4892,3,1,3,2,
4892,4,1,3,2,
4892,5,1,3,2,
4892,6,3,4,2,
4892,7,3,4,2,
4892,8,2,3,2,
4892,9,1,3,2,
4892,10,3,4,2,
4892,11,3,4,2,
4893,1,1,3,2,
4893,2,3,4,2,
4893,3,1,3,2,
4893,4,3,4,2,
4893,5,1,3,2,
4893,6,3,4,2,
4893,7,3,4,2,
4893,8,2,3,2,
4893,9,3,4,2,
4893,10,1,3,2,
4893,11,1,3,2,
4894,1,1,3,2,
4894,2,3,4,2,
4894,3,1,3,2,
4894,4,3,4,2,
4894,5,1,3,2,
4894,6,3,4,2,
4894,7,3,4,2,
4894,8,2,3,2,
4894,9,3,4,2,
4894,10,3,4,2,
4894,11,1,3,2,
4895,1,1,3,2,
4895,2,3,4,2,
4895,3,1,3,2,
4895,4,1,3,2,
4895,5,1,3,2,
4895,6,3,4,2,
4895,7,3,4,2,
4895,8,2,3,2,
4895,9,3,4,2,
4895,10,3,4,2,
4895,11,3,4,2,
4896,1,1,3,2,
4896,2,3,4,2,
4896,3,1,3,2,
4896,4,3,4,2,
4896,5,1,3,2,
4896,6,3,4,2,
4896,7,3,4,2,
4896,8,2,3,2,
4896,9,3,4,2,
4896,10,1,3,2,
4896,11,1,3,2,
4897,1,1,3,2,
4897,2,3,4,2,
4897,3,1,3,2,
4897,4,3,4,2,
4897,5,1,3,2,
4897,6,3,4,2,
4897,7,3,4,2,
4897,8,3,4,2,
4897,9,1,3,2,
4897,10,1,3,2,
4897,11,1,3,2,
4898,1,1,3,2,
4898,2,3,4,2,
4898,3,1,3,2,
4898,4,3,4,2,
4898,5,1,3,2,
4898,6,3,4,2,
4898,7,1,3,2,
4898,8,1,3,2,
4898,9,1,3,2,
4898,10,3,4,2,
4898,11,1,3,2,
4899,1,1,3,2,
4899,2,3,4,2,
4899,3,1,3,2,
4899,4,3,4,2,
4899,5,1,3,2,
4899,6,3,4,2,
4899,7,1,3,2,
4899,8,1,3,2,
4899,9,1,3,2,
4899,10,1,3,2,
4899,11,1,3,2,
4900,1,1,3,2,
4900,2,2,3,2,
4900,3,3,4,2,
4900,4,3,4,2,
4900,5,1,3,2,
4900,6,3,4,2,
4900,7,1,3,2,
4900,8,3,4,2,
4900,9,1,3,2,
4900,10,3,4,2,
4900,11,1,3,2,
4901,1,1,3,2,
4901,2,1,3,2,
4901,3,1,3,2,
4901,4,3,4,2,
4901,5,1,3,2,
4901,6,3,4,2,
4901,7,1,3,2,
4901,8,1,3,2,
4901,9,1,3,2,
4901,10,1,3,2,
4901,11,1,3,2,
4902,1,1,3,2,
4902,2,3,4,2,
4902,3,1,3,2,
4902,4,3,4,2,
4902,5,1,3,2,
4902,6,3,4,2,
4902,7,1,3,2,
4902,8,3,4,2,
4902,9,1,3,2,
4902,10,3,4,2,
4902,11,1,3,2,
4903,1,1,3,2,
4903,2,3,4,2,
4903,3,1,3,2,
4903,4,3,4,2,
4903,5,1,3,2,
4903,6,3,4,2,
4903,7,1,3,2,
4903,8,3,4,2,
4903,9,1,3,2,
4903,10,1,3,2,
4903,11,1,3,2,
4904,1,1,3,2,
4904,2,3,4,2,
4904,3,1,3,2,
4904,4,3,4,2,
4904,5,1,3,2,
4904,6,3,4,2,
4904,7,3,4,2,
4904,8,1,3,2,
4904,9,1,3,2,
4904,10,3,4,2,
4904,11,1,3,2,
4905,1,1,3,2,
4905,2,3,4,2,
4905,3,1,3,2,
4905,4,3,4,2,
4905,5,1,3,2,
4905,6,3,4,2,
4905,7,1,3,2,
4905,8,3,4,2,
4905,9,1,3,2,
4905,10,1,3,2,
4905,11,1,3,2,
4906,1,1,1,2,
4906,2,2,3,2,
4906,3,1,1,2,
4906,4,2,3,2,
4906,5,1,1,2,
4906,6,1,1,2,
4906,7,1,1,2,
4906,8,1,1,2,
4906,9,1,1,2,
4906,10,3,4,2,
4906,11,1,1,2,
4907,1,1,1,2,
4907,2,2,3,2,
4907,3,1,1,2,
4907,4,3,4,2,
4907,5,1,1,2,
4907,6,1,1,2,
4907,7,1,1,2,
4907,8,2,3,2,
4907,9,1,1,2,
4907,10,1,1,2,
4907,11,1,1,2,
4908,1,1,1,2,
4908,2,1,1,2,
4908,3,1,1,2,
4908,4,3,4,2,
4908,5,1,1,2,
4908,6,1,1,2,
4908,7,1,1,2,
4908,8,1,1,2,
4908,9,1,1,2,
4908,10,1,1,2,
4908,11,1,1,2,
4909,1,1,1,2,
4909,2,2,3,2,
4909,3,1,1,2,
4909,4,2,3,2,
4909,5,1,1,2,
4909,6,1,1,2,
4909,7,1,1,2,
4909,8,1,1,2,
4909,9,1,1,2,
4909,10,1,1,2,
4909,11,1,1,2,
4910,1,1,1,2,
4910,2,1,1,2,
4910,3,1,1,2,
4910,4,3,3,2,
4910,5,1,1,2,
4910,6,1,1,2,
4910,7,1,1,2,
4910,8,1,1,2,
4910,9,1,1,2,
4910,10,1,1,2,
4910,11,1,1,2,
4911,1,1,1,2,
4911,2,2,3,2,
4911,3,1,1,2,
4911,4,3,4,2,
4911,5,1,1,2,
4911,6,1,1,2,
4911,7,1,1,2,
4911,8,2,3,2,
4911,9,1,1,2,
4911,10,3,4,2,
4911,11,1,1,2,
4912,1,1,1,2,
4912,2,1,1,2,
4912,3,1,1,2,
4912,4,3,4,2,
4912,5,1,1,2,
4912,6,1,1,2,
4912,7,1,1,2,
4912,8,1,1,2,
4912,9,1,1,2,
4912,10,3,4,2,
4912,11,1,1,2,
4913,1,1,1,2,
4913,2,1,1,2,
4913,3,1,1,2,
4913,4,3,4,2,
4913,5,1,1,2,
4913,6,1,1,2,
4913,7,1,1,2,
4913,8,1,1,2,
4913,9,2,3,2,
4913,10,3,4,2,
4913,11,1,1,2,
4914,1,1,1,2,
4914,2,1,1,2,
4914,3,1,1,2,
4914,4,3,4,2,
4914,5,1,1,2,
4914,6,1,1,2,
4914,7,1,1,2,
4914,8,1,1,2,
4914,9,1,1,2,
4914,10,1,1,2,
4914,11,1,1,2,
4915,1,1,3,2,
4915,2,1,3,2,
4915,3,2,3,2,
4915,4,1,3,2,
4915,5,1,3,2,
4915,6,1,3,1,1
4915,7,1,3,2,
4915,8,3,4,2,
4915,9,2,2,2,
4915,10,3,4,2,
4915,11,2,3,2,
4916,1,1,1,2,
4916,2,1,3,2,
4916,3,1,3,2,
4916,4,1,3,2,
4916,5,1,3,2,
4916,6,3,4,2,
4916,7,3,4,2,
4916,8,3,4,2,
4916,9,1,3,2,
4916,10,3,4,2,
4916,11,3,4,2,
4917,1,1,3,2,
4917,2,1,3,2,
4917,3,1,3,2,
4917,4,1,3,2,
4917,5,1,3,2,
4917,6,3,4,2,
4917,7,2,3,2,
4917,8,2,3,2,
4917,9,2,3,2,
4917,10,3,4,2,
4917,11,2,2,2,
4918,1,1,3,2,
4918,2,1,3,2,
4918,3,1,1,2,
4918,4,1,3,2,
4918,5,1,3,2,
4918,6,3,4,2,
4918,7,2,3,2,
4918,8,3,4,2,
4918,9,2,3,2,
4918,10,3,4,2,
4918,11,3,4,2,
4919,1,2,3,2,
4919,2,2,3,2,
4919,3,1,3,2,
4919,4,1,3,2,
4919,5,1,3,1,1
4919,6,3,4,2,
4919,7,2,3,2,
4919,8,3,4,2,
4919,9,2,3,2,
4919,10,2,3,2,
4919,11,3,4,2,
4920,1,1,3,2,
4920,2,1,3,2,
4920,3,1,3,2,
4920,4,1,3,1,1
4920,5,1,3,2,
4920,6,3,4,2,
4920,7,1,3,2,
4920,8,3,4,2,
4920,9,2,3,2,
4920,10,2,3,2,
4920,11,2,2,2,
4921,1,1,1,2,
4921,2,1,3,2,
4921,3,1,3,2,
4921,4,1,3,1,1
4921,5,1,3,2,
4921,6,1,1,2,
4921,7,1,1,2,
4921,8,3,4,2,
4921,9,2,3,2,
4921,10,2,3,2,
4921,11,2,2,2,
4922,1,2,3,2,
4922,2,2,3,2,
4922,3,1,3,2,
4922,4,3,4,2,
4922,5,1,3,1,1
4922,6,3,4,2,
4922,7,3,4,2,
4922,8,3,4,2,
4922,9,2,3,2,
4922,10,2,3,2,
4922,11,3,4,2,
4923,1,2,3,2,
4923,2,2,3,2,
4923,3,1,3,2,
4923,4,1,3,1,1
4923,5,1,3,1,1
4923,6,3,4,2,
4923,7,2,3,2,
4923,8,3,4,2,
4923,9,2,3,2,
4923,10,3,4,2,
4923,11,2,3,2,
4924,1,2,3,2,
4924,2,2,3,2,
4924,3,2,3,2,
4924,4,1,3,2,
4924,5,1,3,2,
4924,6,3,4,2,
4924,7,2,3,2,
4924,8,3,4,2,
4924,9,1,3,2,
4924,10,3,4,2,
4924,11,1,3,2,
4925,1,2,3,2,
4925,2,2,3,2,
4925,3,2,3,2,
4925,4,1,3,2,
4925,5,1,3,2,
4925,6,3,4,2,
4925,7,1,3,2,
4925,8,3,4,2,
4925,9,1,3,2,
4925,10,3,4,2,
4925,11,1,3,2,
4926,1,2,3,2,
4926,2,2,3,2,
4926,3,2,3,2,
4926,4,1,3,2,
4926,5,1,3,2,
4926,6,3,4,2,
4926,7,1,3,2,
4926,8,3,4,2,
4926,9,2,3,2,
4926,10,2,3,2,
4926,11,2,3,2,
4927,1,2,3,2,
4927,2,2,3,2,
4927,3,2,3,2,
4927,4,1,3,2,
4927,5,1,3,2,
4927,6,3,4,2,
4927,7,3,4,2,
4927,8,3,4,2,
4927,9,2,3,2,
4927,10,3,4,2,
4927,11,1,3,2,
4928,1,2,3,2,
4928,2,2,3,2,
4928,3,2,3,2,
4928,4,1,3,2,
4928,5,1,3,2,
4928,6,3,4,2,
4928,7,2,3,2,
4928,8,3,4,2,
4928,9,2,3,2,
4928,10,3,4,2,
4928,11,1,3,2,
4929,1,2,3,2,
4929,2,2,3,2,
4929,3,2,3,2,
4929,4,1,3,2,
4929,5,1,3,2,
4929,6,1,3,2,
4929,7,1,3,2,
4929,8,3,4,2,
4929,9,1,3,2,
4929,10,3,4,2,
4929,11,1,3,2,
4930,1,2,3,2,
4930,2,2,3,2,
4930,3,2,3,2,
4930,4,1,3,2,
4930,5,1,3,2,
4930,6,3,4,2,
4930,7,2,3,2,
4930,8,3,4,2,
4930,9,2,3,2,
4930,10,3,4,2,
4930,11,1,3,2,
4931,1,2,3,2,
4931,2,2,3,2,
4931,3,2,3,2,
4931,4,1,3,2,
4931,5,1,3,2,
4931,6,3,4,2,
4931,7,2,3,2,
4931,8,3,4,2,
4931,9,2,3,2,
4931,10,1,3,2,
4931,11,1,3,2,
4932,1,2,3,2,
4932,2,2,3,2,
4932,3,2,3,2,
4932,4,1,3,2,
4932,5,1,3,2,
4932,6,1,3,2,
4932,7,1,3,2,
4932,8,3,3,2,
4932,9,2,3,2,
4932,10,3,4,2,
4932,11,1,3,2,
4933,1,1,1,2,
4933,2,2,3,2,
4933,3,1,1,2,
4933,4,2,3,2,
4933,5,1,1,2,
4933,6,1,1,2,
4933,7,1,1,2,
4933,8,1,1,2,
4933,9,1,1,2,
4933,10,1,1,2,
4933,11,1,1,2,
4934,1,1,1,2,
4934,2,2,3,2,
4934,3,1,1,2,
4934,4,2,3,2,
4934,5,1,1,2,
4934,6,1,1,2,
4934,7,1,1,2,
4934,8,1,1,2,
4934,9,1,1,2,
4934,10,1,1,2,
4934,11,1,1,2,
4935,1,1,1,2,
4935,2,2,3,2,
4935,3,1,1,2,
4935,4,2,3,2,
4935,5,1,1,2,
4935,6,1,1,2,
4935,7,1,1,2,
4935,8,1,1,2,
4935,9,1,1,2,
4935,10,1,1,2,
4935,11,1,1,2,
4936,1,1,1,2,
4936,2,2,1,2,
4936,3,1,4,2,
4936,4,2,3,2,
4936,5,1,1,2,
4936,6,1,1,2,
4936,7,1,1,2,
4936,8,1,1,2,
4936,9,1,1,2,
4936,10,1,1,2,
4936,11,1,1,2,
4937,1,1,1,2,
4937,2,2,3,2,
4937,3,1,1,2,
4937,4,2,3,2,
4937,5,1,1,2,
4937,6,1,1,2,
4937,7,1,1,2,
4937,8,1,1,2,
4937,9,1,1,2,
4937,10,1,1,2,
4937,11,1,1,2,
4938,1,1,1,2,
4938,2,2,3,2,
4938,3,1,1,2,
4938,4,2,3,2,
4938,5,1,1,2,
4938,6,1,1,2,
4938,7,1,1,2,
4938,8,1,1,2,
4938,9,1,1,2,
4938,10,1,1,2,
4938,11,1,1,2,
4939,1,1,1,2,
4939,2,2,3,2,
4939,3,1,1,2,
4939,4,2,3,2,
4939,5,1,1,2,
4939,6,1,1,2,
4939,7,1,1,2,
4939,8,1,1,2,
4939,9,1,1,2,
4939,10,1,1,2,
4939,11,1,1,2,
4940,1,1,1,2,
4940,2,2,3,2,
4940,3,1,1,2,
4940,4,2,3,2,
4940,5,1,1,2,
4940,6,1,1,2,
4940,7,1,1,2,
4940,8,1,1,2,
4940,9,1,1,2,
4940,10,1,1,2,
4940,11,1,1,2,
4941,1,1,1,2,
4941,2,2,3,2,
4941,3,1,1,2,
4941,4,2,3,2,
4941,5,1,1,2,
4941,6,1,1,2,
4941,7,1,1,2,
4941,8,1,1,2,
4941,9,1,1,2,
4941,10,1,1,2,
4941,11,1,1,2,
4942,1,1,3,2,
4942,2,3,4,2,
4942,3,1,3,2,
4942,4,3,4,2,
4942,5,1,3,2,
4942,6,1,3,2,
4942,7,1,3,2,
4942,8,2,2,2,
4942,9,1,3,2,
4942,10,1,3,2,
4942,11,1,3,2,
4943,1,1,3,2,
4943,2,3,4,2,
4943,3,1,3,2,
4943,4,3,4,2,
4943,5,1,3,2,
4943,6,1,3,2,
4943,7,1,3,2,
4943,8,3,4,2,
4943,9,1,3,2,
4943,10,1,3,2,
4943,11,1,3,2,
4944,1,1,3,2,
4944,2,3,4,2,
4944,3,1,3,2,
4944,4,3,4,2,
4944,5,1,3,2,
4944,6,1,3,2,
4944,7,1,3,2,
4944,8,2,2,2,
4944,9,1,3,2,
4944,10,1,3,2,
4944,11,1,3,2,
4945,1,1,3,2,
4945,2,3,4,2,
4945,3,1,3,2,
4945,4,3,4,2,
4945,5,1,3,2,
4945,6,1,3,2,
4945,7,1,3,2,
4945,8,2,2,2,
4945,9,1,3,2,
4945,10,1,3,2,
4945,11,1,3,2,
4946,1,1,3,2,
4946,2,3,4,2,
4946,3,1,3,2,
4946,4,3,4,2,
4946,5,1,3,2,
4946,6,1,3,2,
4946,7,1,3,2,
4946,8,2,2,2,
4946,9,1,3,2,
4946,10,1,3,2,
4946,11,1,3,2,
4947,1,1,3,2,
4947,2,3,4,2,
4947,3,1,3,2,
4947,4,3,4,2,
4947,5,1,3,2,
4947,6,1,3,2,
4947,7,1,3,2,
4947,8,3,4,2,
4947,9,1,3,2,
4947,10,1,3,2,
4947,11,1,3,2,
4948,1,1,3,2,
4948,2,1,3,2,
4948,3,1,3,2,
4948,4,3,4,2,
4948,5,1,3,2,
4948,6,1,3,2,
4948,7,1,3,2,
4948,8,3,4,2,
4948,9,1,3,2,
4948,10,1,3,2,
4948,11,1,3,2,
4949,1,1,3,2,
4949,2,1,3,2,
4949,3,1,3,2,
4949,4,3,4,2,
4949,5,1,3,2,
4949,6,1,3,2,
4949,7,1,3,2,
4949,8,3,4,2,
4949,9,1,3,2,
4949,10,1,3,2,
4949,11,1,3,2,
4950,1,1,3,2,
4950,2,3,4,2,
4950,3,1,3,2,
4950,4,3,4,2,
4950,5,1,3,2,
4950,6,1,3,2,
4950,7,1,3,2,
4950,8,3,4,2,
4950,9,1,3,2,
4950,10,1,3,2,
4950,11,1,3,2,
4951,1,1,3,2,
4951,2,1,3,2,
4951,3,1,3,2,
4951,4,1,3,2,
4951,5,1,3,2,
4951,6,1,3,2,
4951,7,3,4,2,
4951,8,2,3,2,
4951,9,3,4,2,
4951,10,3,4,2,
4951,11,3,4,2,
4952,1,1,3,2,
4952,2,1,3,2,
4952,3,1,3,2,
4952,4,3,4,2,
4952,5,1,3,2,
4952,6,3,4,2,
4952,7,1,3,2,
4952,8,3,4,2,
4952,9,3,4,2,
4952,10,3,4,2,
4952,11,3,4,2,
4953,1,1,3,2,
4953,2,3,4,2,
4953,3,1,3,2,
4953,4,3,4,2,
4953,5,1,3,2,
4953,6,3,4,2,
4953,7,1,3,2,
4953,8,3,4,2,
4953,9,3,4,2,
4953,10,3,4,2,
4953,11,3,4,2,
4954,1,1,3,2,
4954,2,1,3,2,
4954,3,1,3,2,
4954,4,3,4,2,
4954,5,1,3,2,
4954,6,3,4,2,
4954,7,3,4,2,
4954,8,2,3,2,
4954,9,3,4,2,
4954,10,3,4,2,
4954,11,1,3,2,
4955,1,1,3,2,
4955,2,1,3,2,
4955,3,1,3,2,
4955,4,3,4,2,
4955,5,1,3,2,
4955,6,3,4,2,
4955,7,3,4,2,
4955,8,2,3,2,
4955,9,3,4,2,
4955,10,3,4,2,
4955,11,3,4,2,
4956,1,1,3,2,
4956,2,1,3,2,
4956,3,1,3,2,
4956,4,3,4,2,
4956,5,1,3,2,
4956,6,1,3,2,
4956,7,3,4,2,
4956,8,3,4,2,
4956,9,3,4,2,
4956,10,1,3,2,
4956,11,3,4,2,
4957,1,1,3,2,
4957,2,1,3,2,
4957,3,1,3,2,
4957,4,1,3,2,
4957,5,1,3,2,
4957,6,3,4,2,
4957,7,3,4,2,
4957,8,1,3,2,
4957,9,3,4,2,
4957,10,1,3,2,
4957,11,1,3,2,
4958,1,1,3,2,
4958,2,1,3,2,
4958,3,1,3,2,
4958,4,1,3,1,1
4958,5,1,3,2,
4958,6,3,4,2,
4958,7,3,4,2,
4958,8,2,3,2,
4958,9,3,4,2,
4958,10,1,3,2,
4958,11,1,3,2,
4959,1,1,3,2,
4959,2,1,3,2,
4959,3,1,3,2,
4959,4,1,3,2,
4959,5,1,3,2,
4959,6,3,4,2,
4959,7,3,4,2,
4959,8,2,3,2,
4959,9,3,4,2,
4959,10,3,4,2,
4959,11,3,4,2,
4960,1,1,3,2,
4960,2,1,3,2,
4960,3,1,3,2,
4960,4,1,3,2,
4960,5,1,3,2,
4960,6,1,3,2,
4960,7,1,3,2,
4960,8,1,3,2,
4960,9,1,3,2,
4960,10,1,3,2,
4960,11,1,3,2,
4961,1,1,3,2,
4961,2,1,3,2,
4961,3,3,4,2,
4961,4,3,4,2,
4961,5,1,3,2,
4961,6,3,4,2,
4961,7,3,4,2,
4961,8,3,4,2,
4961,9,1,3,2,
4961,10,1,3,2,
4961,11,3,4,2,
4962,1,1,3,2,
4962,2,1,3,2,
4962,3,1,3,2,
4962,4,1,3,2,
4962,5,1,3,2,
4962,6,3,4,2,
4962,7,3,4,2,
4962,8,3,4,2,
4962,9,1,3,2,
4962,10,1,3,2,
4962,11,3,4,2,
4963,1,1,3,2,
4963,2,1,3,2,
4963,3,1,3,2,
4963,4,1,3,2,
4963,5,1,3,2,
4963,6,1,3,2,
4963,7,1,3,2,
4963,8,1,3,2,
4963,9,1,3,2,
4963,10,1,3,2,
4963,11,1,3,2,
4964,1,1,3,2,
4964,2,3,3,2,
4964,3,1,3,2,
4964,4,3,4,2,
4964,5,1,3,2,
4964,6,3,4,2,
4964,7,3,4,2,
4964,8,3,4,2,
4964,9,1,3,2,
4964,10,1,3,2,
4964,11,3,4,2,
4965,1,1,3,2,
4965,2,1,3,2,
4965,3,1,3,2,
4965,4,1,3,2,
4965,5,1,3,2,
4965,6,1,3,2,
4965,7,1,3,2,
4965,8,1,3,2,
4965,9,1,3,2,
4965,10,1,3,2,
4965,11,1,3,2,
4966,1,3,4,2,
4966,2,3,4,2,
4966,3,3,4,2,
4966,4,3,4,2,
4966,5,3,4,2,
4966,6,3,4,2,
4966,7,3,4,2,
4966,8,3,4,2,
4966,9,3,4,2,
4966,10,3,4,2,
4966,11,3,4,2,
4967,1,1,3,2,
4967,2,1,3,2,
4967,3,1,3,2,
4967,4,3,4,2,
4967,5,1,3,2,
4967,6,3,4,2,
4967,7,3,4,2,
4967,8,3,4,2,
4967,9,1,3,2,
4967,10,1,3,2,
4967,11,1,3,2,
4968,1,1,3,2,
4968,2,1,3,2,
4968,3,1,3,2,
4968,4,3,4,2,
4968,5,1,3,2,
4968,6,3,4,2,
4968,7,3,4,2,
4968,8,3,4,2,
4968,9,1,3,2,
4968,10,1,3,2,
4968,11,3,4,2,
4969,1,1,1,1,1
4969,2,1,3,2,
4969,3,1,3,2,
4969,4,1,1,2,
4969,5,3,4,2,
4969,6,1,1,1,1
4969,7,3,4,2,
4969,8,3,4,2,
4969,9,1,1,1,1
4969,10,3,4,2,
4969,11,3,4,2,
4970,1,1,1,1,1
4970,2,1,3,2,
4970,3,1,1,1,1
4970,4,3,4,2,
4970,5,1,3,1,1
4970,6,1,3,2,
4970,7,1,1,2,
4970,8,1,3,1,1
4970,9,1,1,2,
4970,10,1,1,2,
4970,11,1,3,2,
4971,1,1,1,1,1
4971,2,1,3,2,
4971,3,1,1,1,1
4971,4,3,4,2,
4971,5,1,3,1,1
4971,6,1,3,2,
4971,7,1,3,2,
4971,8,1,3,1,1
4971,9,1,3,2,
4971,10,1,3,2,
4971,11,1,3,2,
4972,1,1,1,1,1
4972,2,3,2,1,1
4972,3,1,1,1,1
4972,4,3,4,2,
4972,5,1,1,1,1
4972,6,3,4,2,
4972,7,3,4,2,
4972,8,1,3,1,1
4972,9,1,3,2,
4972,10,3,4,2,
4972,11,1,3,2,
4973,1,1,1,1,1
4973,2,1,3,2,
4973,3,1,1,1,1
4973,4,3,4,2,
4973,5,1,3,1,1
4973,6,1,1,2,
4973,7,1,1,2,
4973,8,1,3,1,1
4973,9,1,1,2,
4973,10,1,1,2,
4973,11,1,3,2,
4974,1,1,1,1,1
4974,2,1,3,2,
4974,3,1,1,2,
4974,4,3,4,2,
4974,5,1,3,2,
4974,6,1,3,2,
4974,7,1,3,2,
4974,8,1,3,1,1
4974,9,1,3,2,
4974,10,1,3,2,
4974,11,1,3,2,
4975,1,1,1,1,1
4975,2,1,3,2,
4975,3,1,1,1,1
4975,4,3,4,2,
4975,5,1,3,1,1
4975,6,1,3,2,
4975,7,1,1,2,
4975,8,1,3,2,
4975,9,1,3,2,
4975,10,1,3,2,
4975,11,1,3,2,
4976,1,1,1,1,1
4976,2,1,3,2,
4976,3,1,1,1,1
4976,4,3,4,2,
4976,5,1,3,1,1
4976,6,1,3,2,
4976,7,1,1,2,
4976,8,1,3,2,
4976,9,1,3,2,
4976,10,1,3,2,
4976,11,1,3,2,
4977,1,1,1,1,1
4977,2,1,3,2,
4977,3,1,1,2,
4977,4,3,4,2,
4977,5,1,3,1,1
4977,6,1,3,2,
4977,7,1,1,2,
4977,8,1,3,1,1
4977,9,1,3,2,
4977,10,1,3,2,
4977,11,1,3,2,
4978,1,1,3,2,
4978,2,1,3,2,
4978,3,1,3,2,
4978,4,1,3,2,
4978,5,1,3,2,
4978,6,1,3,2,
4978,7,1,3,2,
4978,8,3,4,2,
4978,9,2,3,2,
4978,10,2,3,2,
4978,11,2,3,2,
4979,1,1,3,2,
4979,2,1,3,2,
4979,3,1,3,2,
4979,4,1,3,2,
4979,5,1,3,2,
4979,6,1,3,2,
4979,7,1,3,2,
4979,8,3,4,2,
4979,9,2,3,2,
4979,10,2,3,2,
4979,11,2,3,2,
4980,1,1,3,2,
4980,2,1,3,2,
4980,3,1,3,2,
4980,4,1,3,2,
4980,5,1,3,2,
4980,6,1,3,2,
4980,7,1,3,2,
4980,8,3,4,2,
4980,9,2,3,2,
4980,10,1,3,2,
4980,11,2,3,2,
4981,1,1,3,2,
4981,2,1,3,2,
4981,3,1,3,2,
4981,4,1,3,2,
4981,5,1,3,2,
4981,6,1,3,2,
4981,7,1,3,2,
4981,8,3,4,2,
4981,9,2,3,2,
4981,10,2,3,2,
4981,11,2,3,2,
4982,1,1,3,2,
4982,2,1,3,2,
4982,3,1,3,2,
4982,4,1,3,2,
4982,5,1,3,2,
4982,6,1,3,2,
4982,7,1,3,2,
4982,8,3,4,2,
4982,9,2,3,2,
4982,10,1,3,2,
4982,11,2,3,2,
4983,1,1,3,2,
4983,2,1,3,2,
4983,3,1,3,2,
4983,4,1,3,2,
4983,5,1,3,2,
4983,6,1,3,2,
4983,7,1,3,2,
4983,8,3,4,2,
4983,9,2,3,2,
4983,10,2,3,2,
4983,11,2,3,2,
4984,1,1,3,2,
4984,2,1,3,2,
4984,3,1,3,2,
4984,4,1,3,2,
4984,5,1,3,2,
4984,6,1,3,2,
4984,7,1,3,2,
4984,8,3,4,2,
4984,9,2,3,2,
4984,10,2,3,2,
4984,11,2,3,2,
4985,1,1,3,2,
4985,2,1,3,2,
4985,3,1,3,2,
4985,4,2,3,2,
4985,5,1,3,2,
4985,6,1,3,2,
4985,7,3,3,2,
4985,8,3,3,2,
4985,9,2,3,2,
4985,10,3,3,2,
4985,11,2,3,2,
4986,1,1,3,2,
4986,2,1,3,2,
4986,3,1,3,2,
4986,4,1,3,2,
4986,5,1,3,2,
4986,6,1,3,2,
4986,7,1,3,2,
4986,8,2,4,2,
4986,9,2,3,2,
4986,10,2,3,2,
4986,11,2,3,2,
4987,1,1,3,2,
4987,2,2,3,2,
4987,3,1,3,2,
4987,4,2,3,2,
4987,5,1,3,2,
4987,6,1,3,2,
4987,7,1,3,2,
4987,8,1,3,2,
4987,9,1,3,2,
4987,10,1,3,2,
4987,11,1,3,2,
4988,1,1,3,2,
4988,2,2,3,2,
4988,3,1,3,2,
4988,4,2,3,2,
4988,5,1,3,2,
4988,6,1,3,2,
4988,7,1,3,2,
4988,8,1,3,2,
4988,9,1,3,2,
4988,10,1,3,2,
4988,11,1,3,2,
4989,1,1,3,2,
4989,2,2,3,2,
4989,3,1,3,2,
4989,4,2,3,2,
4989,5,1,3,2,
4989,6,1,3,2,
4989,7,1,3,2,
4989,8,1,3,2,
4989,9,1,3,2,
4989,10,1,3,2,
4989,11,1,3,2,
4990,1,1,3,2,
4990,2,2,3,2,
4990,3,1,3,2,
4990,4,2,3,2,
4990,5,1,3,2,
4990,6,1,3,2,
4990,7,1,3,2,
4990,8,1,3,2,
4990,9,1,3,2,
4990,10,1,3,2,
4990,11,1,3,2,
4991,1,1,3,2,
4991,2,2,3,2,
4991,3,1,3,2,
4991,4,2,3,2,
4991,5,1,3,2,
4991,6,1,3,2,
4991,7,1,3,2,
4991,8,1,3,2,
4991,9,1,3,2,
4991,10,1,3,2,
4991,11,1,3,2,
4992,1,1,3,2,
4992,2,2,3,2,
4992,3,1,3,2,
4992,4,2,3,2,
4992,5,1,3,2,
4992,6,1,3,2,
4992,7,1,3,2,
4992,8,1,3,2,
4992,9,1,3,2,
4992,10,1,3,2,
4992,11,1,3,2,
4993,1,1,3,2,
4993,2,2,3,2,
4993,3,1,3,2,
4993,4,2,3,2,
4993,5,1,3,2,
4993,6,1,3,2,
4993,7,1,3,2,
4993,8,1,3,2,
4993,9,1,3,2,
4993,10,1,3,2,
4993,11,1,3,2,
4994,1,1,3,2,
4994,2,2,3,2,
4994,3,1,3,2,
4994,4,2,3,2,
4994,5,1,3,2,
4994,6,1,3,2,
4994,7,1,3,2,
4994,8,1,3,2,
4994,9,1,3,2,
4994,10,1,3,2,
4994,11,1,3,2,
4995,1,1,3,2,
4995,2,2,3,2,
4995,3,1,3,2,
4995,4,2,3,2,
4995,5,1,3,2,
4995,6,1,3,2,
4995,7,1,3,2,
4995,8,1,3,2,
4995,9,1,3,2,
4995,10,1,3,2,
4995,11,1,3,2,
4996,1,1,3,2,
4996,2,1,3,2,
4996,3,1,1,2,
4996,4,1,3,2,
4996,5,1,3,2,
4996,6,1,1,2,
4996,7,1,1,2,
4996,8,3,4,2,
4996,9,2,2,2,
4996,10,3,4,2,
4996,11,1,3,2,
4997,1,1,3,2,
4997,2,1,3,2,
4997,3,1,1,2,
4997,4,1,2,2,
4997,5,1,3,2,
4997,6,1,3,2,
4997,7,1,3,2,
4997,8,3,4,2,
4997,9,2,2,2,
4997,10,2,2,2,
4997,11,1,3,2,
4998,1,1,3,2,
4998,2,1,3,2,
4998,3,1,1,2,
4998,4,3,4,2,
4998,5,1,1,2,
4998,6,3,4,2,
4998,7,1,1,2,
4998,8,3,4,2,
4998,9,2,2,2,
4998,10,3,4,2,
4998,11,1,3,2,
4999,1,1,3,2,
4999,2,1,3,2,
4999,3,1,1,2,
4999,4,1,1,2,
4999,5,1,3,2,
4999,6,1,1,2,
4999,7,3,4,2,
4999,8,3,4,2,
4999,9,2,2,2,
4999,10,3,4,2,
4999,11,1,3,2,
5000,1,1,3,2,
5000,2,1,3,2,
5000,3,1,1,2,
5000,4,1,1,2,
5000,5,1,3,2,
5000,6,1,1,2,
5000,7,1,1,2,
5000,8,3,4,2,
5000,9,2,2,2,
5000,10,3,4,2,
5000,11,1,3,2,
5001,1,1,3,2,
5001,2,1,3,2,
5001,3,1,1,2,
5001,4,1,1,2,
5001,5,1,3,2,
5001,6,3,4,2,
5001,7,1,1,2,
5001,8,3,4,2,
5001,9,2,2,2,
5001,10,3,4,2,
5001,11,1,3,2,
5002,1,1,3,2,
5002,2,1,3,2,
5002,3,1,1,2,
5002,4,1,1,2,
5002,5,1,3,2,
5002,6,1,1,2,
5002,7,1,1,2,
5002,8,3,4,2,
5002,9,2,2,2,
5002,10,3,4,2,
5002,11,1,3,2,
5003,1,1,3,2,
5003,2,1,3,2,
5003,3,1,1,2,
5003,4,1,3,2,
5003,5,1,3,2,
5003,6,1,1,2,
5003,7,1,1,2,
5003,8,3,4,2,
5003,9,2,2,2,
5003,10,2,2,2,
5003,11,1,3,2,
5004,1,1,3,2,
5004,2,1,3,2,
5004,3,1,1,2,
5004,4,1,1,2,
5004,5,1,3,2,
5004,6,1,1,2,
5004,7,1,1,2,
5004,8,3,4,2,
5004,9,2,2,2,
5004,10,2,2,2,
5004,11,1,3,2,
5005,1,2,3,2,
5005,2,1,3,2,
5005,3,2,3,2,
5005,4,1,3,2,
5005,5,1,3,2,
5005,6,1,3,2,
5005,7,1,3,2,
5005,8,3,4,2,
5005,9,1,3,2,
5005,10,1,3,2,
5005,11,1,3,2,
5006,1,1,3,2,
5006,2,1,3,2,
5006,3,2,3,2,
5006,4,3,4,2,
5006,5,1,3,2,
5006,6,1,3,2,
5006,7,1,3,2,
5006,8,3,4,2,
5006,9,1,3,2,
5006,10,1,3,2,
5006,11,1,3,2,
5007,1,2,3,2,
5007,2,1,3,2,
5007,3,2,3,2,
5007,4,1,3,2,
5007,5,1,3,2,
5007,6,1,3,2,
5007,7,1,3,2,
5007,8,3,4,2,
5007,9,1,3,2,
5007,10,1,3,2,
5007,11,1,3,2,
5008,1,2,3,2,
5008,2,1,3,2,
5008,3,2,3,2,
5008,4,1,3,2,
5008,5,1,3,2,
5008,6,1,3,2,
5008,7,1,3,2,
5008,8,3,4,2,
5008,9,1,3,2,
5008,10,1,3,2,
5008,11,1,3,2,
5009,1,2,3,2,
5009,2,1,3,2,
5009,3,2,3,2,
5009,4,3,4,2,
5009,5,1,3,2,
5009,6,1,3,2,
5009,7,1,3,2,
5009,8,3,4,2,
5009,9,1,3,2,
5009,10,3,4,2,
5009,11,1,3,2,
5010,1,1,3,2,
5010,2,1,3,2,
5010,3,1,3,2,
5010,4,1,3,2,
5010,5,1,3,2,
5010,6,1,3,2,
5010,7,3,4,2,
5010,8,3,4,2,
5010,9,1,3,2,
5010,10,3,4,2,
5010,11,1,3,2,
5011,1,1,3,2,
5011,2,1,3,2,
5011,3,2,3,2,
5011,4,1,3,2,
5011,5,1,3,2,
5011,6,1,3,2,
5011,7,1,3,2,
5011,8,3,4,2,
5011,9,1,3,2,
5011,10,1,3,2,
5011,11,1,3,2,
5012,1,2,3,2,
5012,2,1,3,2,
5012,3,2,3,2,
5012,4,1,3,2,
5012,5,1,3,2,
5012,6,1,3,2,
5012,7,1,3,2,
5012,8,3,4,2,
5012,9,1,3,2,
5012,10,1,3,2,
5012,11,1,3,2,
5013,1,2,3,2,
5013,2,1,3,2,
5013,3,2,3,2,
5013,4,1,3,2,
5013,5,1,3,2,
5013,6,1,3,2,
5013,7,1,3,2,
5013,8,3,4,2,
5013,9,1,3,2,
5013,10,1,3,2,
5013,11,1,3,2,
5014,1,1,3,2,
5014,2,3,4,2,
5014,3,2,3,1,2
5014,4,2,3,2,
5014,5,1,3,2,
5014,6,1,3,2,
5014,7,3,4,2,
5014,8,3,4,2,
5014,9,3,4,2,
5014,10,3,4,2,
5014,11,1,3,2,
5015,1,1,3,2,
5015,2,1,3,2,
5015,3,1,3,2,
5015,4,1,3,2,
5015,5,1,3,2,
5015,6,1,3,2,
5015,7,1,3,2,
5015,8,3,4,2,
5015,9,1,3,2,
5015,10,3,4,2,
5015,11,1,3,2,
5016,1,1,3,2,
5016,2,1,3,1,1
5016,3,1,3,2,
5016,4,1,3,2,
5016,5,1,3,2,
5016,6,1,3,2,
5016,7,1,3,2,
5016,8,3,4,2,
5016,9,1,3,2,
5016,10,3,4,2,
5016,11,1,3,2,
5017,1,1,3,2,
5017,2,1,3,2,
5017,3,1,3,2,
5017,4,3,4,2,
5017,5,1,3,2,
5017,6,1,3,2,
5017,7,1,3,2,
5017,8,3,4,2,
5017,9,1,3,2,
5017,10,1,3,2,
5017,11,1,3,2,
5018,1,2,3,2,
5018,2,3,4,2,
5018,3,3,4,2,
5018,4,3,4,2,
5018,5,1,3,2,
5018,6,1,3,2,
5018,7,3,4,2,
5018,8,3,4,2,
5018,9,1,3,2,
5018,10,3,4,2,
5018,11,1,3,2,
5019,1,1,3,2,
5019,2,3,4,2,
5019,3,1,3,2,
5019,4,3,4,2,
5019,5,1,3,2,
5019,6,1,3,2,
5019,7,3,4,2,
5019,8,3,4,2,
5019,9,1,3,2,
5019,10,3,4,2,
5019,11,1,3,2,
5020,1,1,3,2,
5020,2,1,3,2,
5020,3,1,1,2,
5020,4,1,3,2,
5020,5,1,3,2,
5020,6,1,3,2,
5020,7,3,4,2,
5020,8,3,4,2,
5020,9,1,3,2,
5020,10,3,4,2,
5020,11,1,3,2,
5021,1,1,3,2,
5021,2,1,3,2,
5021,3,1,3,2,
5021,4,3,4,2,
5021,5,1,3,2,
5021,6,1,3,2,
5021,7,3,4,2,
5021,8,3,4,2,
5021,9,1,3,2,
5021,10,1,3,2,
5021,11,1,3,2,
5022,1,1,3,2,
5022,2,3,4,2,
5022,3,1,3,2,
5022,4,3,4,2,
5022,5,1,3,2,
5022,6,1,3,2,
5022,7,1,3,2,
5022,8,3,4,2,
5022,9,1,3,2,
5022,10,3,4,2,
5022,11,1,3,2,
5023,1,1,3,2,
5023,2,1,3,2,
5023,3,1,3,2,
5023,4,3,4,2,
5023,5,1,3,2,
5023,6,1,3,2,
5023,7,3,4,2,
5023,8,3,4,2,
5023,9,2,3,2,
5023,10,3,4,2,
5023,11,1,3,2,
5024,1,1,3,2,
5024,2,1,3,2,
5024,3,1,3,2,
5024,4,3,4,2,
5024,5,1,3,2,
5024,6,3,4,2,
5024,7,3,4,2,
5024,8,3,4,2,
5024,9,3,4,2,
5024,10,3,4,2,
5024,11,1,3,2,
5025,1,1,3,2,
5025,2,1,3,2,
5025,3,1,3,2,
5025,4,1,3,2,
5025,5,1,3,2,
5025,6,1,3,2,
5025,7,1,3,2,
5025,8,3,4,2,
5025,9,1,3,2,
5025,10,3,4,2,
5025,11,1,3,2,
5026,1,1,3,2,
5026,2,1,3,2,
5026,3,1,3,2,
5026,4,3,4,2,
5026,5,1,3,2,
5026,6,3,4,2,
5026,7,1,3,2,
5026,8,3,4,2,
5026,9,1,3,2,
5026,10,3,4,2,
5026,11,1,3,2,
5027,1,1,3,2,
5027,2,1,3,2,
5027,3,1,3,2,
5027,4,1,3,2,
5027,5,1,3,2,
5027,6,3,4,2,
5027,7,1,3,2,
5027,8,3,4,2,
5027,9,3,4,2,
5027,10,3,4,2,
5027,11,1,3,2,
5028,1,1,3,2,
5028,2,1,3,2,
5028,3,1,3,2,
5028,4,1,3,2,
5028,5,1,3,2,
5028,6,1,3,2,
5028,7,3,4,2,
5028,8,3,4,2,
5028,9,2,3,2,
5028,10,3,4,2,
5028,11,1,3,2,
5029,1,1,3,2,
5029,2,1,3,2,
5029,3,1,3,2,
5029,4,3,4,2,
5029,5,1,3,2,
5029,6,3,4,2,
5029,7,1,3,2,
5029,8,3,4,2,
5029,9,2,3,2,
5029,10,3,4,2,
5029,11,1,3,2,
5030,1,1,3,2,
5030,2,1,3,2,
5030,3,1,3,2,
5030,4,3,4,2,
5030,5,1,3,2,
5030,6,1,3,2,
5030,7,3,4,2,
5030,8,3,4,2,
5030,9,2,3,2,
5030,10,3,4,2,
5030,11,1,3,2,
5031,1,1,3,2,
5031,2,1,3,2,
5031,3,1,3,2,
5031,4,3,4,2,
5031,5,1,3,2,
5031,6,3,4,2,
5031,7,1,3,2,
5031,8,3,4,2,
5031,9,1,3,2,
5031,10,1,3,2,
5031,11,1,3,2,
5032,1,3,4,2,
5032,2,3,4,2,
5032,3,3,4,2,
5032,4,3,4,2,
5032,5,1,3,2,
5032,6,1,3,2,
5032,7,3,4,2,
5032,8,3,4,2,
5032,9,1,3,2,
5032,10,3,4,2,
5032,11,1,3,2,
5033,1,3,4,2,
5033,2,3,4,2,
5033,3,3,4,2,
5033,4,3,4,2,
5033,5,1,3,2,
5033,6,1,3,2,
5033,7,1,3,2,
5033,8,3,4,2,
5033,9,3,4,2,
5033,10,3,4,2,
5033,11,1,3,2,
5034,1,3,4,2,
5034,2,3,4,2,
5034,3,3,4,2,
5034,4,3,4,2,
5034,5,1,3,2,
5034,6,1,3,2,
5034,7,3,4,2,
5034,8,3,4,2,
5034,9,1,3,2,
5034,10,3,4,2,
5034,11,3,4,2,
5035,1,3,4,2,
5035,2,3,4,2,
5035,3,3,4,2,
5035,4,3,4,2,
5035,5,1,3,2,
5035,6,1,3,2,
5035,7,1,3,2,
5035,8,3,4,2,
5035,9,1,3,2,
5035,10,3,4,2,
5035,11,1,3,2,
5036,1,3,4,2,
5036,2,3,4,2,
5036,3,3,4,2,
5036,4,3,4,2,
5036,5,1,3,2,
5036,6,1,3,2,
5036,7,1,3,2,
5036,8,3,4,2,
5036,9,1,3,2,
5036,10,1,3,2,
5036,11,1,3,2,
5037,1,3,4,2,
5037,2,3,4,2,
5037,3,3,4,2,
5037,4,3,4,2,
5037,5,1,3,2,
5037,6,1,3,2,
5037,7,1,3,2,
5037,8,3,4,2,
5037,9,1,3,2,
5037,10,3,4,2,
5037,11,1,3,2,
5038,1,3,4,2,
5038,2,3,4,2,
5038,3,3,4,2,
5038,4,3,4,2,
5038,5,1,3,2,
5038,6,1,3,2,
5038,7,3,4,2,
5038,8,3,4,2,
5038,9,3,4,2,
5038,10,1,3,2,
5038,11,1,3,2,
5039,1,3,4,2,
5039,2,3,4,2,
5039,3,3,4,2,
5039,4,3,4,2,
5039,5,1,3,2,
5039,6,1,3,2,
5039,7,1,3,2,
5039,8,3,4,2,
5039,9,1,3,2,
5039,10,3,4,2,
5039,11,1,3,2,
5040,1,3,4,2,
5040,2,3,4,2,
5040,3,3,4,2,
5040,4,3,4,2,
5040,5,1,3,2,
5040,6,1,3,2,
5040,7,3,4,2,
5040,8,3,4,2,
5040,9,1,3,2,
5040,10,1,3,2,
5040,11,1,3,2,
5041,1,1,3,2,
5041,2,1,3,2,
5041,3,1,3,2,
5041,4,3,4,2,
5041,5,1,3,2,
5041,6,1,3,2,
5041,7,3,4,2,
5041,8,3,4,2,
5041,9,3,4,2,
5041,10,3,4,2,
5041,11,3,4,2,
5042,1,1,3,2,
5042,2,1,3,2,
5042,3,1,3,2,
5042,4,3,4,2,
5042,5,1,3,2,
5042,6,1,3,2,
5042,7,1,3,2,
5042,8,3,4,2,
5042,9,1,3,2,
5042,10,1,3,2,
5042,11,1,3,2,
5043,1,1,3,2,
5043,2,1,3,2,
5043,3,1,3,2,
5043,4,3,4,2,
5043,5,1,3,2,
5043,6,1,3,2,
5043,7,1,3,2,
5043,8,3,4,2,
5043,9,1,3,2,
5043,10,1,3,2,
5043,11,1,3,2,
5044,1,1,3,2,
5044,2,1,3,2,
5044,3,1,3,2,
5044,4,3,4,2,
5044,5,1,3,2,
5044,6,1,3,2,
5044,7,1,3,2,
5044,8,3,4,2,
5044,9,1,3,2,
5044,10,1,3,2,
5044,11,1,3,2,
5045,1,1,3,2,
5045,2,1,3,2,
5045,3,1,3,2,
5045,4,3,4,2,
5045,5,1,3,2,
5045,6,1,3,2,
5045,7,1,3,2,
5045,8,3,4,2,
5045,9,1,3,2,
5045,10,1,3,2,
5045,11,1,3,2,
5046,1,1,3,2,
5046,2,1,3,2,
5046,3,1,3,2,
5046,4,1,3,2,
5046,5,1,3,2,
5046,6,1,3,2,
5046,7,1,3,2,
5046,8,3,4,2,
5046,9,1,3,2,
5046,10,1,3,2,
5046,11,1,3,2,
5047,1,1,3,2,
5047,2,1,3,2,
5047,3,1,3,2,
5047,4,3,4,2,
5047,5,1,3,2,
5047,6,1,3,2,
5047,7,1,3,2,
5047,8,3,4,2,
5047,9,1,3,2,
5047,10,1,3,2,
5047,11,1,3,2,
5048,1,1,3,2,
5048,2,1,3,2,
5048,3,1,3,2,
5048,4,3,4,2,
5048,5,1,3,2,
5048,6,1,3,2,
5048,7,1,3,2,
5048,8,3,4,2,
5048,9,1,3,2,
5048,10,1,3,2,
5048,11,1,3,2,
5049,1,1,3,2,
5049,2,1,3,2,
5049,3,1,3,2,
5049,4,3,4,2,
5049,5,1,3,2,
5049,6,1,3,2,
5049,7,1,3,2,
5049,8,3,4,2,
5049,9,1,3,2,
5049,10,1,3,2,
5049,11,1,3,2,
5050,1,1,3,2,
5050,2,1,3,2,
5050,3,2,3,2,
5050,4,3,4,2,
5050,5,1,3,2,
5050,6,1,3,2,
5050,7,1,3,2,
5050,8,1,3,2,
5050,9,1,3,2,
5050,10,1,3,2,
5050,11,1,3,2,
5051,1,1,3,2,
5051,2,1,3,2,
5051,3,3,4,2,
5051,4,3,4,2,
5051,5,1,3,2,
5051,6,1,3,2,
5051,7,1,3,2,
5051,8,1,3,2,
5051,9,1,3,2,
5051,10,1,3,2,
5051,11,1,3,2,
5052,1,1,3,2,
5052,2,1,3,2,
5052,3,2,3,2,
5052,4,3,4,2,
5052,5,2,2,1,2
5052,6,1,3,2,
5052,7,1,3,2,
5052,8,1,3,2,
5052,9,1,3,2,
5052,10,1,3,2,
5052,11,1,3,2,
5053,1,1,3,2,
5053,2,1,3,2,
5053,3,2,3,2,
5053,4,3,4,2,
5053,5,1,3,2,
5053,6,1,3,2,
5053,7,1,3,2,
5053,8,1,3,2,
5053,9,1,3,2,
5053,10,1,3,2,
5053,11,1,3,2,
5054,1,1,3,2,
5054,2,1,3,2,
5054,3,2,3,2,
5054,4,1,3,2,
5054,5,1,3,2,
5054,6,1,3,2,
5054,7,1,3,2,
5054,8,1,3,2,
5054,9,1,3,2,
5054,10,1,3,2,
5054,11,1,3,2,
5055,1,1,3,2,
5055,2,1,3,2,
5055,3,2,3,2,
5055,4,3,4,2,
5055,5,1,3,2,
5055,6,1,3,2,
5055,7,1,3,2,
5055,8,1,3,2,
5055,9,1,3,2,
5055,10,1,3,2,
5055,11,1,3,2,
5056,1,1,3,2,
5056,2,1,3,2,
5056,3,2,3,2,
5056,4,3,4,2,
5056,5,1,3,2,
5056,6,1,3,2,
5056,7,1,3,2,
5056,8,1,3,2,
5056,9,1,3,2,
5056,10,1,3,2,
5056,11,1,3,2,
5057,1,1,3,2,
5057,2,1,3,2,
5057,3,2,3,2,
5057,4,3,4,2,
5057,5,1,3,2,
5057,6,1,3,2,
5057,7,1,3,2,
5057,8,1,3,2,
5057,9,1,3,2,
5057,10,1,3,2,
5057,11,1,3,2,
5058,1,1,3,2,
5058,2,1,3,2,
5058,3,2,3,2,
5058,4,3,4,2,
5058,5,1,3,2,
5058,6,1,3,2,
5058,7,1,3,2,
5058,8,1,3,2,
5058,9,1,3,2,
5058,10,1,3,2,
5058,11,1,3,2,
5059,1,1,3,2,
5059,2,1,3,2,
5059,3,1,3,2,
5059,4,1,3,2,
5059,5,1,3,2,
5059,6,1,3,2,
5059,7,3,4,2,
5059,8,3,4,2,
5059,9,1,1,2,
5059,10,1,3,2,
5059,11,2,2,2,
5060,1,1,3,2,
5060,2,1,3,2,
5060,3,1,3,2,
5060,4,3,4,2,
5060,5,1,1,2,
5060,6,3,4,2,
5060,7,3,4,2,
5060,8,3,4,2,
5060,9,1,1,2,
5060,10,3,4,2,
5060,11,2,3,2,
5061,1,1,1,2,
5061,2,1,1,2,
5061,3,1,1,2,
5061,4,1,1,2,
5061,5,1,3,2,
5061,6,1,1,2,
5061,7,1,3,2,
5061,8,3,4,2,
5061,9,1,1,2,
5061,10,1,3,2,
5061,11,1,1,2,
5062,1,1,3,2,
5062,2,1,3,2,
5062,3,1,3,2,
5062,4,1,3,2,
5062,5,1,3,2,
5062,6,1,1,2,
5062,7,3,4,2,
5062,8,3,4,2,
5062,9,1,1,2,
5062,10,3,4,2,
5062,11,1,3,2,
5063,1,1,3,2,
5063,2,1,3,2,
5063,3,1,3,2,
5063,4,1,3,2,
5063,5,1,3,2,
5063,6,1,3,2,
5063,7,1,3,2,
5063,8,3,4,2,
5063,9,1,3,2,
5063,10,3,4,2,
5063,11,2,2,2,
5064,1,1,3,2,
5064,2,1,3,2,
5064,3,1,3,2,
5064,4,1,3,2,
5064,5,1,3,2,
5064,6,3,4,2,
5064,7,3,4,2,
5064,8,3,4,2,
5064,9,1,3,2,
5064,10,3,4,2,
5064,11,1,3,2,
5065,1,1,3,2,
5065,2,1,3,2,
5065,3,1,1,2,
5065,4,1,1,2,
5065,5,1,1,2,
5065,6,3,4,2,
5065,7,1,3,2,
5065,8,3,4,2,
5065,9,1,3,2,
5065,10,1,3,2,
5065,11,1,3,2,
5066,1,1,3,2,
5066,2,1,3,2,
5066,3,1,3,2,
5066,4,3,4,2,
5066,5,1,3,2,
5066,6,1,3,2,
5066,7,1,3,2,
5066,8,3,4,2,
5066,9,1,3,2,
5066,10,2,3,2,
5066,11,1,3,2,
5067,1,1,3,2,
5067,2,1,3,2,
5067,3,1,1,2,
5067,4,1,1,2,
5067,5,1,3,1,1
5067,6,1,1,2,
5067,7,3,4,2,
5067,8,3,4,2,
5067,9,1,3,2,
5067,10,3,4,2,
5067,11,1,3,2,
5068,1,1,1,2,
5068,2,1,1,2,
5068,3,1,1,2,
5068,4,1,1,2,
5068,5,1,1,2,
5068,6,1,1,2,
5068,7,1,1,2,
5068,8,3,4,2,
5068,9,1,1,2,
5068,10,1,1,2,
5068,11,1,1,2,
5069,1,1,3,2,
5069,2,1,3,2,
5069,3,1,3,2,
5069,4,1,3,2,
5069,5,1,3,2,
5069,6,1,3,2,
5069,7,1,3,2,
5069,8,3,4,2,
5069,9,1,3,2,
5069,10,1,3,2,
5069,11,1,3,2,
5070,1,1,1,2,
5070,2,1,1,2,
5070,3,1,1,2,
5070,4,1,1,2,
5070,5,1,1,2,
5070,6,3,4,2,
5070,7,3,4,2,
5070,8,3,4,2,
5070,9,1,1,2,
5070,10,3,4,2,
5070,11,1,1,2,
5071,1,1,1,2,
5071,2,1,1,2,
5071,3,1,1,2,
5071,4,1,1,2,
5071,5,1,1,2,
5071,6,3,4,2,
5071,7,3,4,2,
5071,8,3,4,2,
5071,9,1,1,2,
5071,10,3,4,2,
5071,11,1,1,2,
5072,1,1,1,2,
5072,2,1,3,2,
5072,3,1,3,2,
5072,4,1,1,2,
5072,5,1,1,2,
5072,6,1,1,2,
5072,7,1,1,2,
5072,8,3,4,2,
5072,9,1,1,2,
5072,10,1,1,2,
5072,11,1,1,2,
5073,1,1,1,2,
5073,2,1,1,2,
5073,3,1,1,2,
5073,4,1,1,2,
5073,5,1,1,2,
5073,6,1,1,2,
5073,7,1,1,2,
5073,8,3,4,2,
5073,9,1,1,2,
5073,10,1,1,2,
5073,11,1,1,2,
5074,1,1,1,2,
5074,2,1,1,2,
5074,3,1,1,2,
5074,4,1,1,2,
5074,5,1,1,2,
5074,6,3,4,2,
5074,7,3,4,2,
5074,8,3,4,2,
5074,9,1,1,2,
5074,10,1,1,2,
5074,11,1,1,2,
5075,1,1,1,2,
5075,2,1,1,2,
5075,3,1,1,2,
5075,4,1,1,2,
5075,5,1,1,2,
5075,6,1,1,2,
5075,7,1,1,2,
5075,8,1,1,2,
5075,9,1,1,2,
5075,10,1,1,2,
5075,11,1,1,2,
5076,1,1,3,2,
5076,2,1,3,2,
5076,3,1,3,2,
5076,4,1,3,2,
5076,5,1,3,2,
5076,6,1,3,2,
5076,7,1,1,2,
5076,8,1,3,2,
5076,9,1,1,2,
5076,10,1,1,2,
5076,11,1,1,2,
5077,1,2,3,2,
5077,2,1,3,2,
5077,3,2,3,2,
5077,4,1,3,2,
5077,5,1,3,2,
5077,6,1,3,2,
5077,7,1,3,2,
5077,8,3,4,2,
5077,9,2,3,2,
5077,10,2,3,2,
5077,11,1,3,2,
5078,1,2,3,2,
5078,2,1,3,2,
5078,3,2,3,2,
5078,4,3,4,2,
5078,5,1,3,2,
5078,6,1,3,2,
5078,7,1,3,2,
5078,8,3,4,2,
5078,9,2,3,2,
5078,10,3,4,2,
5078,11,2,3,2,
5079,1,2,3,2,
5079,2,1,3,2,
5079,3,2,3,2,
5079,4,3,4,2,
5079,5,1,3,2,
5079,6,2,3,2,
5079,7,1,3,2,
5079,8,3,4,2,
5079,9,2,3,2,
5079,10,2,3,2,
5079,11,2,3,2,
5080,1,2,3,2,
5080,2,2,3,2,
5080,3,2,3,2,
5080,4,3,4,2,
5080,5,1,3,2,
5080,6,2,3,2,
5080,7,3,4,2,
5080,8,3,4,2,
5080,9,2,3,2,
5080,10,3,4,2,
5080,11,1,3,2,
5081,1,2,3,2,
5081,2,1,3,2,
5081,3,2,3,2,
5081,4,1,3,2,
5081,5,1,3,2,
5081,6,2,3,2,
5081,7,1,3,2,
5081,8,3,4,2,
5081,9,2,3,2,
5081,10,3,3,2,
5081,11,2,3,2,
5082,1,1,3,2,
5082,2,1,3,2,
5082,3,1,3,2,
5082,4,1,3,2,
5082,5,1,3,2,
5082,6,1,3,2,
5082,7,1,3,2,
5082,8,1,3,2,
5082,9,1,3,2,
5082,10,1,3,2,
5082,11,1,3,2,
5083,1,2,3,2,
5083,2,1,3,2,
5083,3,2,3,2,
5083,4,1,3,2,
5083,5,1,3,2,
5083,6,1,3,2,
5083,7,3,4,2,
5083,8,3,4,2,
5083,9,2,3,2,
5083,10,3,4,2,
5083,11,2,3,2,
5084,1,2,3,2,
5084,2,1,3,1,1
5084,3,2,3,2,
5084,4,1,3,2,
5084,5,1,3,2,
5084,6,2,3,2,
5084,7,2,3,2,
5084,8,3,4,2,
5084,9,2,3,2,
5084,10,2,3,2,
5084,11,2,3,2,
5085,1,2,3,2,
5085,2,1,3,2,
5085,3,2,3,2,
5085,4,1,3,2,
5085,5,1,3,2,
5085,6,2,3,2,
5085,7,1,3,2,
5085,8,3,4,2,
5085,9,2,3,2,
5085,10,2,3,2,
5085,11,2,3,2,
5086,1,1,3,2,
5086,2,2,3,2,
5086,3,2,3,2,
5086,4,1,3,2,
5086,5,1,3,2,
5086,6,1,3,2,
5086,7,2,3,2,
5086,8,1,3,1,1
5086,9,1,3,2,
5086,10,1,3,2,
5086,11,1,3,2,
5087,1,1,3,2,
5087,2,2,3,2,
5087,3,2,3,2,
5087,4,1,3,1,1
5087,5,1,3,2,
5087,6,1,3,1,1
5087,7,1,3,2,
5087,8,1,3,2,
5087,9,1,3,2,
5087,10,1,1,2,
5087,11,1,3,2,
5088,1,1,3,2,
5088,2,2,3,2,
5088,3,2,3,2,
5088,4,1,3,2,
5088,5,1,3,2,
5088,6,3,4,2,
5088,7,1,3,2,
5088,8,1,3,1,1
5088,9,1,1,2,
5088,10,3,4,2,
5088,11,1,3,2,
5089,1,1,3,2,
5089,2,2,3,2,
5089,3,2,3,2,
5089,4,3,4,2,
5089,5,1,3,2,
5089,6,3,4,2,
5089,7,2,3,2,
5089,8,1,3,1,1
5089,9,3,4,2,
5089,10,1,3,2,
5089,11,1,3,2,
5090,1,1,3,2,
5090,2,2,3,2,
5090,3,2,3,2,
5090,4,1,3,2,
5090,5,1,3,2,
5090,6,3,4,2,
5090,7,1,3,2,
5090,8,1,3,1,1
5090,9,1,3,2,
5090,10,1,1,2,
5090,11,1,1,2,
5091,1,1,3,1,2
5091,2,2,3,2,
5091,3,2,3,2,
5091,4,3,4,2,
5091,5,1,3,1,1
5091,6,3,4,2,
5091,7,2,3,1,2
5091,8,1,3,2,
5091,9,3,4,2,
5091,10,1,3,2,
5091,11,1,3,2,
5092,1,1,3,2,
5092,2,2,3,2,
5092,3,2,3,2,
5092,4,3,4,2,
5092,5,1,3,2,
5092,6,3,4,2,
5092,7,2,3,2,
5092,8,1,3,1,1
5092,9,1,3,2,
5092,10,1,3,2,
5092,11,1,3,2,
5093,1,1,3,2,
5093,2,2,3,2,
5093,3,2,3,2,
5093,4,1,3,1,1
5093,5,1,3,2,
5093,6,3,4,2,
5093,7,1,3,2,
5093,8,1,3,2,
5093,9,1,3,2,
5093,10,1,3,2,
5093,11,1,3,2,
5094,1,1,3,2,
5094,2,2,3,2,
5094,3,2,3,2,
5094,4,1,3,1,1
5094,5,1,3,2,
5094,6,1,3,1,1
5094,7,2,3,2,
5094,8,1,3,2,
5094,9,1,3,2,
5094,10,3,4,2,
5094,11,1,3,2,
5095,1,2,3,1,2
5095,2,2,3,2,
5095,3,2,3,1,2
5095,4,3,4,2,
5095,5,1,3,2,
5095,6,1,3,2,
5095,7,1,3,2,
5095,8,2,3,1,2
5095,9,1,3,2,
5095,10,1,3,2,
5095,11,2,3,2,
5096,1,2,3,1,2
5096,2,2,3,2,
5096,3,2,3,1,2
5096,4,3,4,2,
5096,5,1,3,2,
5096,6,1,3,2,
5096,7,1,3,2,
5096,8,2,3,2,
5096,9,1,3,2,
5096,10,1,3,2,
5096,11,2,2,1,2
5097,1,2,3,1,2
5097,2,2,3,2,
5097,3,2,3,1,2
5097,4,3,4,2,
5097,5,1,3,2,
5097,6,1,3,2,
5097,7,1,3,2,
5097,8,3,4,2,
5097,9,1,3,2,
5097,10,1,3,2,
5097,11,1,3,2,
5098,1,2,3,1,2
5098,2,2,3,1,2
5098,3,2,3,1,2
5098,4,3,4,2,
5098,5,1,3,2,
5098,6,1,3,2,
5098,7,1,3,2,
5098,8,2,2,1,2
5098,9,1,3,2,
5098,10,1,3,2,
5098,11,2,3,2,
5099,1,2,3,1,2
5099,2,2,3,1,2
5099,3,2,3,1,2
5099,4,3,4,2,
5099,5,1,3,2,
5099,6,1,3,2,
5099,7,1,3,2,
5099,8,2,2,1,2
5099,9,1,3,2,
5099,10,1,3,2,
5099,11,2,3,1,2
5100,1,2,3,1,2
5100,2,2,3,1,2
5100,3,2,3,1,2
5100,4,1,3,2,
5100,5,1,3,2,
5100,6,1,3,2,
5100,7,3,4,2,
5100,8,3,4,2,
5100,9,1,3,2,
5100,10,1,3,2,
5100,11,2,3,2,
5101,1,2,3,1,2
5101,2,2,3,1,2
5101,3,2,3,1,2
5101,4,3,4,2,
5101,5,1,3,2,
5101,6,1,3,2,
5101,7,1,3,2,
5101,8,2,2,1,2
5101,9,1,3,2,
5101,10,1,3,2,
5101,11,2,3,1,2
5102,1,2,3,1,2
5102,2,2,3,1,2
5102,3,2,3,1,2
5102,4,1,3,2,
5102,5,1,3,2,
5102,6,1,3,2,
5102,7,1,3,2,
5102,8,3,4,2,
5102,9,1,3,2,
5102,10,1,3,2,
5102,11,1,3,2,
5103,1,2,3,1,2
5103,2,2,3,2,
5103,3,2,3,1,2
5103,4,3,4,2,
5103,5,1,3,2,
5103,6,1,3,2,
5103,7,1,3,2,
5103,8,1,3,2,
5103,9,1,3,2,
5103,10,1,3,2,
5103,11,1,3,2,
5104,1,1,3,2,
5104,2,1,3,2,
5104,3,1,3,2,
5104,4,1,3,2,
5104,5,1,3,2,
5104,6,1,3,2,
5104,7,1,3,2,
5104,8,3,4,2,
5104,9,2,2,2,
5104,10,2,2,2,
5104,11,1,3,2,
5105,1,1,3,2,
5105,2,1,3,2,
5105,3,1,3,2,
5105,4,3,4,2,
5105,5,1,3,2,
5105,6,1,3,2,
5105,7,1,3,2,
5105,8,3,4,2,
5105,9,1,3,2,
5105,10,2,2,2,
5105,11,1,3,2,
5106,1,1,3,2,
5106,2,1,3,2,
5106,3,1,3,2,
5106,4,1,3,2,
5106,5,1,3,2,
5106,6,1,3,2,
5106,7,1,3,2,
5106,8,3,4,2,
5106,9,2,2,2,
5106,10,2,2,2,
5106,11,1,3,2,
5107,1,1,3,2,
5107,2,1,3,2,
5107,3,1,3,2,
5107,4,1,3,2,
5107,5,1,3,2,
5107,6,1,3,2,
5107,7,1,3,2,
5107,8,3,4,2,
5107,9,2,2,2,
5107,10,2,2,2,
5107,11,1,3,2,
5108,1,1,3,2,
5108,2,1,3,2,
5108,3,1,3,2,
5108,4,1,3,2,
5108,5,1,3,2,
5108,6,1,3,2,
5108,7,1,3,2,
5108,8,3,4,2,
5108,9,2,2,2,
5108,10,2,2,2,
5108,11,1,3,2,
5109,1,1,3,2,
5109,2,1,3,2,
5109,3,1,3,2,
5109,4,1,3,2,
5109,5,1,3,2,
5109,6,1,3,2,
5109,7,1,3,2,
5109,8,3,4,2,
5109,9,2,2,2,
5109,10,2,2,2,
5109,11,1,3,2,
5110,1,1,3,2,
5110,2,1,3,2,
5110,3,1,3,2,
5110,4,3,4,2,
5110,5,1,3,2,
5110,6,1,3,2,
5110,7,1,3,2,
5110,8,3,4,2,
5110,9,2,2,2,
5110,10,2,2,2,
5110,11,1,3,2,
5111,1,1,3,2,
5111,2,1,3,2,
5111,3,1,3,2,
5111,4,1,3,2,
5111,5,1,3,2,
5111,6,1,3,2,
5111,7,1,3,2,
5111,8,3,4,2,
5111,9,2,2,2,
5111,10,2,2,2,
5111,11,1,3,2,
5112,1,1,3,2,
5112,2,1,3,2,
5112,3,1,3,2,
5112,4,3,4,2,
5112,5,1,3,2,
5112,6,1,3,2,
5112,7,1,3,2,
5112,8,3,4,2,
5112,9,2,2,2,
5112,10,2,2,2,
5112,11,1,3,2,
5113,1,1,3,2,
5113,2,1,3,2,
5113,3,1,3,2,
5113,4,1,3,2,
5113,5,1,3,2,
5113,6,3,4,2,
5113,7,3,4,2,
5113,8,3,4,2,
5113,9,2,3,2,
5113,10,2,3,2,
5113,11,2,3,2,
5114,1,1,3,2,
5114,2,1,3,2,
5114,3,1,3,2,
5114,4,1,3,2,
5114,5,1,3,2,
5114,6,3,4,2,
5114,7,1,3,2,
5114,8,3,4,2,
5114,9,3,4,2,
5114,10,2,3,2,
5114,11,2,3,2,
5115,1,1,3,2,
5115,2,1,3,2,
5115,3,1,3,2,
5115,4,3,4,2,
5115,5,1,3,2,
5115,6,3,4,2,
5115,7,1,3,2,
5115,8,3,4,2,
5115,9,1,3,2,
5115,10,2,3,2,
5115,11,2,3,2,
5116,1,1,3,2,
5116,2,1,3,2,
5116,3,1,3,2,
5116,4,1,3,2,
5116,5,1,3,2,
5116,6,3,4,2,
5116,7,1,3,2,
5116,8,3,4,2,
5116,9,2,3,2,
5116,10,2,3,2,
5116,11,1,3,2,
5117,1,1,3,2,
5117,2,1,3,2,
5117,3,1,3,2,
5117,4,1,3,2,
5117,5,3,4,2,
5117,6,3,4,2,
5117,7,3,4,2,
5117,8,2,3,2,
5117,9,2,3,2,
5117,10,2,3,2,
5117,11,2,3,2,
5118,1,1,3,2,
5118,2,1,3,2,
5118,3,1,3,2,
5118,4,1,3,2,
5118,5,1,3,2,
5118,6,3,4,2,
5118,7,3,4,2,
5118,8,3,4,2,
5118,9,2,3,2,
5118,10,2,3,2,
5118,11,2,3,2,
5119,1,1,3,2,
5119,2,1,3,2,
5119,3,1,3,2,
5119,4,1,3,2,
5119,5,1,3,2,
5119,6,3,4,2,
5119,7,1,3,2,
5119,8,3,4,2,
5119,9,2,3,2,
5119,10,2,3,2,
5119,11,2,3,2,
5120,1,1,3,2,
5120,2,1,3,2,
5120,3,1,3,2,
5120,4,3,4,2,
5120,5,1,3,2,
5120,6,3,4,2,
5120,7,3,4,2,
5120,8,3,4,2,
5120,9,2,3,2,
5120,10,2,3,2,
5120,11,2,3,2,
5121,1,1,3,2,
5121,2,1,3,2,
5121,3,1,3,2,
5121,4,1,3,2,
5121,5,1,3,2,
5121,6,3,4,2,
5121,7,1,3,2,
5121,8,3,4,2,
5121,9,2,3,2,
5121,10,2,3,2,
5121,11,1,3,2,
5122,1,1,3,2,
5122,2,1,3,2,
5122,3,1,3,2,
5122,4,1,3,2,
5122,5,1,3,2,
5122,6,1,3,2,
5122,7,1,3,2,
5122,8,3,3,2,
5122,9,1,3,2,
5122,10,1,3,2,
5122,11,1,3,2,
5123,1,1,3,2,
5123,2,1,3,2,
5123,3,1,3,2,
5123,4,3,4,2,
5123,5,1,3,2,
5123,6,1,3,2,
5123,7,1,3,2,
5123,8,3,3,2,
5123,9,1,1,2,
5123,10,1,1,2,
5123,11,1,1,2,
5124,1,1,3,2,
5124,2,1,3,2,
5124,3,1,3,2,
5124,4,1,3,2,
5124,5,1,3,2,
5124,6,1,3,2,
5124,7,1,3,2,
5124,8,3,3,2,
5124,9,1,3,2,
5124,10,1,3,2,
5124,11,1,3,2,
5125,1,1,3,2,
5125,2,1,3,2,
5125,3,1,3,2,
5125,4,1,3,2,
5125,5,1,3,2,
5125,6,1,3,2,
5125,7,1,3,2,
5125,8,3,3,2,
5125,9,1,3,2,
5125,10,1,3,2,
5125,11,1,3,2,
5126,1,1,3,2,
5126,2,1,3,2,
5126,3,1,3,2,
5126,4,1,3,2,
5126,5,1,3,2,
5126,6,1,3,2,
5126,7,1,3,2,
5126,8,3,3,2,
5126,9,1,3,2,
5126,10,1,3,2,
5126,11,1,3,2,
5127,1,1,3,2,
5127,2,1,3,2,
5127,3,1,3,2,
5127,4,1,3,2,
5127,5,1,3,2,
5127,6,1,3,2,
5127,7,1,3,2,
5127,8,3,3,2,
5127,9,1,3,2,
5127,10,1,3,2,
5127,11,1,3,2,
5128,1,1,3,2,
5128,2,1,3,2,
5128,3,1,3,2,
5128,4,1,3,2,
5128,5,1,3,2,
5128,6,1,3,2,
5128,7,1,3,2,
5128,8,3,3,2,
5128,9,1,3,2,
5128,10,1,3,2,
5128,11,1,3,2,
5129,1,1,3,2,
5129,2,1,3,2,
5129,3,1,3,2,
5129,4,1,3,2,
5129,5,1,3,2,
5129,6,1,3,2,
5129,7,1,3,2,
5129,8,3,3,2,
5129,9,1,3,2,
5129,10,1,3,2,
5129,11,1,3,2,
5130,1,1,3,2,
5130,2,1,3,2,
5130,3,1,3,2,
5130,4,1,3,2,
5130,5,1,3,2,
5130,6,1,3,2,
5130,7,1,3,2,
5130,8,3,3,2,
5130,9,1,3,2,
5130,10,1,3,2,
5130,11,1,3,2,
5131,1,1,3,2,
5131,2,1,3,2,
5131,3,1,3,2,
5131,4,1,3,2,
5131,5,1,3,2,
5131,6,1,3,2,
5131,7,1,3,2,
5131,8,1,3,2,
5131,9,1,3,2,
5131,10,3,4,2,
5131,11,1,3,2,
5132,1,1,3,2,
5132,2,1,3,2,
5132,3,1,3,2,
5132,4,1,3,2,
5132,5,1,3,2,
5132,6,1,3,2,
5132,7,1,3,2,
5132,8,3,4,2,
5132,9,3,4,2,
5132,10,3,4,2,
5132,11,1,3,2,
5133,1,1,3,2,
5133,2,1,3,2,
5133,3,1,3,2,
5133,4,1,3,2,
5133,5,1,3,2,
5133,6,1,3,2,
5133,7,1,3,2,
5133,8,1,3,2,
5133,9,1,3,2,
5133,10,1,3,2,
5133,11,1,3,2,
5134,1,1,3,2,
5134,2,1,3,2,
5134,3,1,3,2,
5134,4,1,3,2,
5134,5,1,3,2,
5134,6,1,3,2,
5134,7,1,3,2,
5134,8,1,3,2,
5134,9,1,3,2,
5134,10,1,3,2,
5134,11,1,3,2,
5135,1,1,3,2,
5135,2,1,3,2,
5135,3,1,3,2,
5135,4,1,3,2,
5135,5,1,3,2,
5135,6,1,3,2,
5135,7,1,3,2,
5135,8,1,3,2,
5135,9,3,4,2,
5135,10,3,4,2,
5135,11,1,3,2,
5136,1,1,3,2,
5136,2,1,3,2,
5136,3,1,3,2,
5136,4,1,3,2,
5136,5,1,3,2,
5136,6,1,3,2,
5136,7,1,3,2,
5136,8,3,4,2,
5136,9,1,3,2,
5136,10,1,3,2,
5136,11,1,3,2,
5137,1,1,3,2,
5137,2,1,3,2,
5137,3,1,3,2,
5137,4,1,3,2,
5137,5,1,3,2,
5137,6,1,3,2,
5137,7,1,3,2,
5137,8,1,3,2,
5137,9,3,4,2,
5137,10,1,3,2,
5137,11,1,3,2,
5138,1,1,3,2,
5138,2,1,3,2,
5138,3,1,3,2,
5138,4,1,3,2,
5138,5,1,3,2,
5138,6,1,3,2,
5138,7,1,3,2,
5138,8,1,3,2,
5138,9,3,4,2,
5138,10,1,3,2,
5138,11,1,3,2,
5139,1,1,3,2,
5139,2,1,3,2,
5139,3,1,3,2,
5139,4,1,3,2,
5139,5,1,3,2,
5139,6,1,3,2,
5139,7,1,3,2,
5139,8,1,3,2,
5139,9,1,3,2,
5139,10,3,4,2,
5139,11,1,3,2,
5140,1,3,4,2,
5140,2,1,3,2,
5140,3,1,3,2,
5140,4,1,3,2,
5140,5,2,3,2,
5140,6,2,3,2,
5140,7,1,3,2,
5140,8,1,3,2,
5140,9,1,3,2,
5140,10,3,4,2,
5140,11,3,4,2,
5141,1,1,3,2,
5141,2,3,4,2,
5141,3,3,4,2,
5141,4,1,3,2,
5141,5,1,3,2,
5141,6,1,3,2,
5141,7,1,3,2,
5141,8,2,3,2,
5141,9,2,3,2,
5141,10,2,3,2,
5141,11,1,3,2,
5142,1,1,3,2,
5142,2,3,4,2,
5142,3,3,4,2,
5142,4,1,3,2,
5142,5,2,3,2,
5142,6,1,3,2,
5142,7,3,4,2,
5142,8,2,3,2,
5142,9,2,3,2,
5142,10,1,3,2,
5142,11,1,3,2,
5143,1,2,3,2,
5143,2,3,4,2,
5143,3,3,4,2,
5143,4,1,3,2,
5143,5,2,3,2,
5143,6,2,3,2,
5143,7,2,3,2,
5143,8,2,3,2,
5143,9,2,3,2,
5143,10,2,3,2,
5143,11,1,3,2,
5144,1,1,3,2,
5144,2,3,4,2,
5144,3,3,4,2,
5144,4,3,3,2,
5144,5,1,3,1,1
5144,6,1,3,2,
5144,7,3,4,2,
5144,8,2,3,2,
5144,9,1,3,2,
5144,10,3,4,2,
5144,11,1,3,2,
5145,1,1,3,2,
5145,2,3,4,2,
5145,3,3,4,2,
5145,4,1,3,2,
5145,5,1,3,2,
5145,6,1,3,2,
5145,7,1,3,2,
5145,8,2,3,2,
5145,9,2,3,2,
5145,10,1,3,2,
5145,11,1,3,2,
5146,1,1,3,2,
5146,2,3,4,2,
5146,3,3,4,2,
5146,4,1,3,2,
5146,5,1,3,2,
5146,6,3,4,2,
5146,7,1,3,2,
5146,8,2,3,1,1
5146,9,1,3,2,
5146,10,3,4,2,
5146,11,1,3,2,
5147,1,1,3,2,
5147,2,3,4,2,
5147,3,3,4,2,
5147,4,3,4,2,
5147,5,2,3,2,
5147,6,1,3,2,
5147,7,3,4,2,
5147,8,1,3,2,
5147,9,2,3,2,
5147,10,3,4,2,
5147,11,1,1,2,
5148,1,1,3,2,
5148,2,3,4,2,
5148,3,3,4,2,
5148,4,1,3,2,
5148,5,1,3,2,
5148,6,1,3,2,
5148,7,1,3,2,
5148,8,2,3,2,
5148,9,1,3,2,
5148,10,1,3,2,
5148,11,1,3,2,
5149,1,1,3,2,
5149,2,2,3,2,
5149,3,1,3,2,
5149,4,1,3,2,
5149,5,1,3,2,
5149,6,1,3,2,
5149,7,1,3,2,
5149,8,1,3,2,
5149,9,3,4,2,
5149,10,3,4,2,
5149,11,1,3,2,
5150,1,1,3,2,
5150,2,2,3,2,
5150,3,1,3,2,
5150,4,3,4,2,
5150,5,1,3,2,
5150,6,1,3,2,
5150,7,1,3,2,
5150,8,1,3,2,
5150,9,3,4,2,
5150,10,1,3,2,
5150,11,1,3,2,
5151,1,1,3,2,
5151,2,2,3,2,
5151,3,1,3,2,
5151,4,1,3,2,
5151,5,1,3,2,
5151,6,1,3,2,
5151,7,1,3,2,
5151,8,1,3,2,
5151,9,1,3,2,
5151,10,3,4,2,
5151,11,1,3,2,
5152,1,1,3,2,
5152,2,2,3,2,
5152,3,1,3,2,
5152,4,3,4,2,
5152,5,1,3,2,
5152,6,1,3,2,
5152,7,1,3,2,
5152,8,1,3,2,
5152,9,1,3,2,
5152,10,3,4,2,
5152,11,1,3,2,
5153,1,1,3,2,
5153,2,2,3,2,
5153,3,2,3,2,
5153,4,1,3,2,
5153,5,1,3,2,
5153,6,1,3,2,
5153,7,1,3,2,
5153,8,1,3,2,
5153,9,3,4,2,
5153,10,3,4,2,
5153,11,1,3,2,
5154,1,1,3,2,
5154,2,2,3,2,
5154,3,1,3,2,
5154,4,1,3,2,
5154,5,1,3,2,
5154,6,1,3,2,
5154,7,1,3,2,
5154,8,1,3,2,
5154,9,3,4,2,
5154,10,1,3,2,
5154,11,1,3,2,
5155,1,1,3,2,
5155,2,2,3,2,
5155,3,1,3,2,
5155,4,1,3,2,
5155,5,1,3,2,
5155,6,1,3,2,
5155,7,1,3,2,
5155,8,1,3,2,
5155,9,3,4,2,
5155,10,3,4,2,
5155,11,1,3,2,
5156,1,1,3,2,
5156,2,2,3,2,
5156,3,1,3,2,
5156,4,1,3,2,
5156,5,1,3,2,
5156,6,1,3,2,
5156,7,1,3,2,
5156,8,1,3,2,
5156,9,3,4,2,
5156,10,1,3,2,
5156,11,1,3,2,
5157,1,1,3,2,
5157,2,2,3,2,
5157,3,1,3,2,
5157,4,3,4,2,
5157,5,1,3,2,
5157,6,1,3,2,
5157,7,1,3,2,
5157,8,3,4,2,
5157,9,3,4,2,
5157,10,1,3,2,
5157,11,1,3,2,
5158,1,1,3,2,
5158,2,1,3,2,
5158,3,1,3,2,
5158,4,3,4,2,
5158,5,1,3,1,1
5158,6,1,1,2,
5158,7,1,3,2,
5158,8,3,4,2,
5158,9,1,3,2,
5158,10,3,4,2,
5158,11,1,3,2,
5159,1,1,3,2,
5159,2,1,3,2,
5159,3,1,3,2,
5159,4,3,4,2,
5159,5,1,3,2,
5159,6,1,3,2,
5159,7,1,1,2,
5159,8,1,3,2,
5159,9,1,3,2,
5159,10,3,4,2,
5159,11,1,3,2,
5160,1,1,3,2,
5160,2,1,3,2,
5160,3,1,3,2,
5160,4,3,4,2,
5160,5,1,3,2,
5160,6,1,3,2,
5160,7,1,3,2,
5160,8,2,3,2,
5160,9,1,3,2,
5160,10,3,4,2,
5160,11,1,3,2,
5161,1,1,3,2,
5161,2,1,3,2,
5161,3,1,3,2,
5161,4,3,4,2,
5161,5,1,3,2,
5161,6,1,1,2,
5161,7,1,1,2,
5161,8,2,3,2,
5161,9,1,3,2,
5161,10,3,4,2,
5161,11,1,3,2,
5162,1,1,3,2,
5162,2,1,3,2,
5162,3,1,3,2,
5162,4,3,4,2,
5162,5,1,3,2,
5162,6,1,3,2,
5162,7,1,3,2,
5162,8,2,3,2,
5162,9,1,3,2,
5162,10,3,4,2,
5162,11,1,3,2,
5163,1,1,3,2,
5163,2,1,3,2,
5163,3,1,3,2,
5163,4,3,4,2,
5163,5,1,3,2,
5163,6,1,1,2,
5163,7,1,1,2,
5163,8,2,3,2,
5163,9,1,3,2,
5163,10,1,3,2,
5163,11,1,3,2,
5164,1,1,3,2,
5164,2,1,3,2,
5164,3,1,3,2,
5164,4,3,4,2,
5164,5,1,3,2,
5164,6,1,3,2,
5164,7,1,3,2,
5164,8,2,3,2,
5164,9,1,3,2,
5164,10,3,4,2,
5164,11,1,3,2,
5165,1,1,3,2,
5165,2,1,3,2,
5165,3,1,3,2,
5165,4,3,4,2,
5165,5,1,3,2,
5165,6,1,3,2,
5165,7,1,1,2,
5165,8,2,3,2,
5165,9,1,3,2,
5165,10,1,3,2,
5165,11,1,3,2,
5166,1,1,3,2,
5166,2,2,3,2,
5166,3,1,3,2,
5166,4,3,4,2,
5166,5,1,3,2,
5166,6,1,3,2,
5166,7,1,3,2,
5166,8,1,3,2,
5166,9,3,4,2,
5166,10,1,3,2,
5166,11,1,3,2,
5167,1,1,1,2,
5167,2,2,2,2,
5167,3,2,2,2,
5167,4,1,1,2,
5167,5,1,1,2,
5167,6,2,2,2,
5167,7,2,2,2,
5167,8,2,1,1,2
5167,9,1,1,2,
5167,10,1,1,2,
5167,11,1,1,2,
5168,1,1,1,2,
5168,2,2,2,2,
5168,3,2,2,2,
5168,4,1,1,2,
5168,5,1,1,2,
5168,6,2,2,2,
5168,7,2,2,2,
5168,8,2,2,2,
5168,9,2,2,2,
5168,10,1,1,2,
5168,11,1,1,2,
5169,1,1,1,2,
5169,2,2,2,2,
5169,3,2,2,2,
5169,4,2,2,2,
5169,5,2,2,2,
5169,6,2,2,2,
5169,7,2,2,2,
5169,8,2,2,2,
5169,9,2,2,2,
5169,10,2,2,2,
5169,11,2,2,2,
5170,1,1,1,2,
5170,2,2,2,2,
5170,3,1,1,2,
5170,4,1,1,2,
5170,5,1,1,2,
5170,6,1,1,2,
5170,7,2,2,2,
5170,8,2,2,2,
5170,9,2,2,1,1
5170,10,2,1,1,1
5170,11,1,1,2,
5171,1,2,2,2,
5171,2,2,2,2,
5171,3,2,2,2,
5171,4,1,1,2,
5171,5,1,1,2,
5171,6,1,1,2,
5171,7,1,1,2,
5171,8,2,2,2,
5171,9,2,2,2,
5171,10,2,2,2,
5171,11,1,1,2,
5172,1,1,1,2,
5172,2,2,2,2,
5172,3,2,2,2,
5172,4,1,1,2,
5172,5,1,1,2,
5172,6,2,2,2,
5172,7,2,2,2,
5172,8,3,4,2,
5172,9,2,2,2,
5172,10,1,1,2,
5172,11,1,1,2,
5173,1,1,1,2,
5173,2,2,2,2,
5173,3,2,2,2,
5173,4,1,1,2,
5173,5,1,1,2,
5173,6,1,1,2,
5173,7,2,2,2,
5173,8,3,4,2,
5173,9,2,2,2,
5173,10,3,4,2,
5173,11,1,1,2,
5174,1,2,2,2,
5174,2,2,2,2,
5174,3,2,2,2,
5174,4,1,1,2,
5174,5,1,1,2,
5174,6,1,1,2,
5174,7,1,1,2,
5174,8,2,2,2,
5174,9,2,2,2,
5174,10,2,2,2,
5174,11,1,1,2,
5175,1,2,2,2,
5175,2,2,2,2,
5175,3,2,2,2,
5175,4,1,1,2,
5175,5,1,1,2,
5175,6,1,1,2,
5175,7,3,4,2,
5175,8,3,4,2,
5175,9,2,2,2,
5175,10,2,2,2,
5175,11,1,1,2,
5176,1,1,3,2,
5176,2,1,3,2,
5176,3,1,3,2,
5176,4,3,4,2,
5176,5,1,3,2,
5176,6,1,1,2,
5176,7,1,1,2,
5176,8,2,3,2,
5176,9,1,1,2,
5176,10,1,1,2,
5176,11,1,1,2,
5177,1,1,3,2,
5177,2,1,3,2,
5177,3,1,3,2,
5177,4,3,4,2,
5177,5,1,3,2,
5177,6,1,1,2,
5177,7,1,1,2,
5177,8,2,3,2,
5177,9,1,1,2,
5177,10,1,1,2,
5177,11,1,1,2,
5178,1,1,3,2,
5178,2,1,3,2,
5178,3,1,3,2,
5178,4,1,3,1,1
5178,5,1,3,2,
5178,6,1,1,2,
5178,7,1,1,2,
5178,8,2,3,2,
5178,9,1,1,2,
5178,10,3,4,2,
5178,11,1,1,2,
5179,1,1,3,2,
5179,2,1,3,2,
5179,3,1,3,2,
5179,4,1,3,1,1
5179,5,1,3,2,
5179,6,1,1,2,
5179,7,1,1,2,
5179,8,2,3,2,
5179,9,1,1,2,
5179,10,1,1,2,
5179,11,1,1,2,
5180,1,1,3,2,
5180,2,1,3,2,
5180,3,1,3,2,
5180,4,3,4,2,
5180,5,1,3,2,
5180,6,1,1,2,
5180,7,1,1,2,
5180,8,2,3,2,
5180,9,1,1,2,
5180,10,1,1,2,
5180,11,1,1,2,
5181,1,1,3,2,
5181,2,1,3,2,
5181,3,1,3,2,
5181,4,3,4,2,
5181,5,1,3,2,
5181,6,1,1,2,
5181,7,1,1,2,
5181,8,2,3,2,
5181,9,1,1,2,
5181,10,1,1,2,
5181,11,1,1,2,
5182,1,1,3,2,
5182,2,1,3,2,
5182,3,1,3,2,
5182,4,1,3,2,
5182,5,1,3,2,
5182,6,1,1,2,
5182,7,1,1,2,
5182,8,2,3,2,
5182,9,1,1,2,
5182,10,1,1,2,
5182,11,1,1,2,
5183,1,1,3,2,
5183,2,1,3,2,
5183,3,1,3,2,
5183,4,1,3,2,
5183,5,1,3,2,
5183,6,1,1,2,
5183,7,1,1,2,
5183,8,2,3,2,
5183,9,1,1,2,
5183,10,3,4,2,
5183,11,1,1,2,
5184,1,1,3,2,
5184,2,1,3,2,
5184,3,1,3,2,
5184,4,3,4,2,
5184,5,1,3,2,
5184,6,1,1,2,
5184,7,1,1,2,
5184,8,2,3,2,
5184,9,1,1,2,
5184,10,1,1,2,
5184,11,1,1,2,
