"recno","weight"
1,21.4814814814815
2,21.4814814814815
3,21.4814814814815
4,21.4814814814815
5,21.4814814814815
6,21.4814814814815
7,21.4814814814815
8,21.4814814814815
9,21.4814814814815
10,247.472222222222
11,247.472222222222
12,247.472222222222
13,247.472222222222
14,247.472222222222
15,247.472222222222
16,247.472222222222
17,247.472222222222
18,247.472222222222
19,164.703703703704
20,164.703703703704
21,164.703703703704
22,164.703703703704
23,164.703703703704
24,164.703703703704
25,164.703703703704
26,164.703703703704
27,164.703703703704
28,24.0277777777778
29,24.0277777777778
30,24.0277777777778
31,24.0277777777778
32,24.0277777777778
33,24.0277777777778
34,24.0277777777778
35,24.0277777777778
36,24.0277777777778
37,326.87962962963
38,326.87962962963
39,326.87962962963
40,326.87962962963
41,326.87962962963
42,326.87962962963
43,326.87962962963
44,326.87962962963
45,326.87962962963
46,92.6574074074074
47,92.6574074074074
48,92.6574074074074
49,92.6574074074074
50,92.6574074074074
51,92.6574074074074
52,92.6574074074074
53,92.6574074074074
54,92.6574074074074
55,294.296296296296
56,294.296296296296
57,294.296296296296
58,294.296296296296
59,294.296296296296
60,294.296296296296
61,294.296296296296
62,294.296296296296
63,294.296296296296
64,164.703703703704
65,164.703703703704
66,164.703703703704
67,164.703703703704
68,164.703703703704
69,164.703703703704
70,164.703703703704
71,164.703703703704
72,164.703703703704
73,118.388888888889
74,118.388888888889
75,118.388888888889
76,118.388888888889
77,118.388888888889
78,118.388888888889
79,118.388888888889
80,118.388888888889
81,118.388888888889
82,254.351851851852
83,254.351851851852
84,254.351851851852
85,254.351851851852
86,254.351851851852
87,254.351851851852
88,254.351851851852
89,254.351851851852
90,254.351851851852
91,173.953703703704
92,173.953703703704
93,173.953703703704
94,173.953703703704
95,173.953703703704
96,173.953703703704
97,173.953703703704
98,173.953703703704
99,173.953703703704
100,310.212962962963
101,310.212962962963
102,310.212962962963
103,310.212962962963
104,310.212962962963
105,310.212962962963
106,310.212962962963
107,310.212962962963
108,310.212962962963
109,317.287037037037
110,317.287037037037
111,317.287037037037
112,317.287037037037
113,317.287037037037
114,317.287037037037
115,317.287037037037
116,317.287037037037
117,317.287037037037
118,76.8796296296296
119,76.8796296296296
120,76.8796296296296
121,76.8796296296296
122,76.8796296296296
123,76.8796296296296
124,76.8796296296296
125,76.8796296296296
126,76.8796296296296
127,122.717592592593
128,122.717592592593
129,122.717592592593
130,122.717592592593
131,122.717592592593
132,122.717592592593
133,122.717592592593
134,122.717592592593
135,122.717592592593
136,122.717592592593
137,122.717592592593
138,122.717592592593
139,122.717592592593
140,122.717592592593
141,122.717592592593
142,122.717592592593
143,122.717592592593
144,122.717592592593
145,222.138888888889
146,222.138888888889
147,222.138888888889
148,222.138888888889
149,222.138888888889
150,222.138888888889
151,222.138888888889
152,222.138888888889
153,222.138888888889
154,91.0648148148148
155,91.0648148148148
156,91.0648148148148
157,91.0648148148148
158,91.0648148148148
159,91.0648148148148
160,91.0648148148148
161,91.0648148148148
162,91.0648148148148
163,91.0648148148148
164,91.0648148148148
165,91.0648148148148
166,91.0648148148148
167,91.0648148148148
168,91.0648148148148
169,91.0648148148148
170,91.0648148148148
171,91.0648148148148
172,222.138888888889
173,222.138888888889
174,222.138888888889
175,222.138888888889
176,222.138888888889
177,222.138888888889
178,222.138888888889
179,222.138888888889
180,222.138888888889
181,192.157407407407
182,192.157407407407
183,192.157407407407
184,192.157407407407
185,192.157407407407
186,192.157407407407
187,192.157407407407
188,192.157407407407
189,192.157407407407
190,192.157407407407
191,192.157407407407
192,192.157407407407
193,192.157407407407
194,192.157407407407
195,192.157407407407
196,192.157407407407
197,192.157407407407
198,192.157407407407
199,109.824074074074
200,109.824074074074
201,109.824074074074
202,109.824074074074
203,109.824074074074
204,109.824074074074
205,109.824074074074
206,109.824074074074
207,109.824074074074
208,109.824074074074
209,109.824074074074
210,109.824074074074
211,109.824074074074
212,109.824074074074
213,109.824074074074
214,109.824074074074
215,109.824074074074
216,109.824074074074
217,156.842592592593
218,156.842592592593
219,156.842592592593
220,156.842592592593
221,156.842592592593
222,156.842592592593
223,156.842592592593
224,156.842592592593
225,156.842592592593
226,192.638888888889
227,192.638888888889
228,192.638888888889
229,192.638888888889
230,192.638888888889
231,192.638888888889
232,192.638888888889
233,192.638888888889
234,192.638888888889
235,156.842592592593
236,156.842592592593
237,156.842592592593
238,156.842592592593
239,156.842592592593
240,156.842592592593
241,156.842592592593
242,156.842592592593
243,156.842592592593
244,156.33024691358
245,156.33024691358
246,156.33024691358
247,156.33024691358
248,156.33024691358
249,156.33024691358
250,156.33024691358
251,156.33024691358
252,156.33024691358
253,156.33024691358
254,156.33024691358
255,156.33024691358
256,156.33024691358
257,156.33024691358
258,156.33024691358
259,156.33024691358
260,156.33024691358
261,156.33024691358
262,146.666666666667
263,146.666666666667
264,146.666666666667
265,146.666666666667
266,146.666666666667
267,146.666666666667
268,146.666666666667
269,146.666666666667
270,146.666666666667
271,156.33024691358
272,156.33024691358
273,156.33024691358
274,156.33024691358
275,156.33024691358
276,156.33024691358
277,156.33024691358
278,156.33024691358
279,156.33024691358
280,146.666666666667
281,146.666666666667
282,146.666666666667
283,146.666666666667
284,146.666666666667
285,146.666666666667
286,146.666666666667
287,146.666666666667
288,146.666666666667
289,199.569444444444
290,199.569444444444
291,199.569444444444
292,199.569444444444
293,199.569444444444
294,199.569444444444
295,199.569444444444
296,199.569444444444
297,199.569444444444
298,259.527777777778
299,259.527777777778
300,259.527777777778
301,259.527777777778
302,259.527777777778
303,259.527777777778
304,259.527777777778
305,259.527777777778
306,259.527777777778
307,199.569444444444
308,199.569444444444
309,199.569444444444
310,199.569444444444
311,199.569444444444
312,199.569444444444
313,199.569444444444
314,199.569444444444
315,199.569444444444
316,185.768518518519
317,185.768518518519
318,185.768518518519
319,185.768518518519
320,185.768518518519
321,185.768518518519
322,185.768518518519
323,185.768518518519
324,185.768518518519
325,185.768518518519
326,185.768518518519
327,185.768518518519
328,185.768518518519
329,185.768518518519
330,185.768518518519
331,185.768518518519
332,185.768518518519
333,185.768518518519
334,126.657407407407
335,126.657407407407
336,126.657407407407
337,126.657407407407
338,126.657407407407
339,126.657407407407
340,126.657407407407
341,126.657407407407
342,126.657407407407
343,126.657407407407
344,126.657407407407
345,126.657407407407
346,126.657407407407
347,126.657407407407
348,126.657407407407
349,126.657407407407
350,126.657407407407
351,126.657407407407
352,117.453703703704
353,117.453703703704
354,117.453703703704
355,117.453703703704
356,117.453703703704
357,117.453703703704
358,117.453703703704
359,117.453703703704
360,117.453703703704
361,117.453703703704
362,117.453703703704
363,117.453703703704
364,117.453703703704
365,117.453703703704
366,117.453703703704
367,117.453703703704
368,117.453703703704
369,117.453703703704
370,117.314814814815
371,117.314814814815
372,117.314814814815
373,117.314814814815
374,117.314814814815
375,117.314814814815
376,117.314814814815
377,117.314814814815
378,117.314814814815
379,51.4351851851852
380,51.4351851851852
381,51.4351851851852
382,51.4351851851852
383,51.4351851851852
384,51.4351851851852
385,51.4351851851852
386,51.4351851851852
387,51.4351851851852
388,40.7453703703704
389,40.7453703703704
390,40.7453703703704
391,40.7453703703704
392,40.7453703703704
393,40.7453703703704
394,40.7453703703704
395,40.7453703703704
396,40.7453703703704
397,40.7453703703704
398,40.7453703703704
399,40.7453703703704
400,40.7453703703704
401,40.7453703703704
402,40.7453703703704
403,40.7453703703704
404,40.7453703703704
405,40.7453703703704
406,99.7962962962963
407,99.7962962962963
408,99.7962962962963
409,99.7962962962963
410,99.7962962962963
411,99.7962962962963
412,99.7962962962963
413,99.7962962962963
414,99.7962962962963
415,99.7962962962963
416,99.7962962962963
417,99.7962962962963
418,99.7962962962963
419,99.7962962962963
420,99.7962962962963
421,99.7962962962963
422,99.7962962962963
423,99.7962962962963
424,138.212962962963
425,138.212962962963
426,138.212962962963
427,138.212962962963
428,138.212962962963
429,138.212962962963
430,138.212962962963
431,138.212962962963
432,138.212962962963
433,21.4814814814815
434,21.4814814814815
435,21.4814814814815
436,21.4814814814815
437,21.4814814814815
438,21.4814814814815
439,21.4814814814815
440,21.4814814814815
441,21.4814814814815
442,247.472222222222
443,247.472222222222
444,247.472222222222
445,247.472222222222
446,247.472222222222
447,247.472222222222
448,247.472222222222
449,247.472222222222
450,247.472222222222
451,164.703703703704
452,164.703703703704
453,164.703703703704
454,164.703703703704
455,164.703703703704
456,164.703703703704
457,164.703703703704
458,164.703703703704
459,164.703703703704
460,24.0277777777778
461,24.0277777777778
462,24.0277777777778
463,24.0277777777778
464,24.0277777777778
465,24.0277777777778
466,24.0277777777778
467,24.0277777777778
468,24.0277777777778
469,326.87962962963
470,326.87962962963
471,326.87962962963
472,326.87962962963
473,326.87962962963
474,326.87962962963
475,326.87962962963
476,326.87962962963
477,326.87962962963
478,92.6574074074074
479,92.6574074074074
480,92.6574074074074
481,92.6574074074074
482,92.6574074074074
483,92.6574074074074
484,92.6574074074074
485,92.6574074074074
486,92.6574074074074
487,294.296296296296
488,294.296296296296
489,294.296296296296
490,294.296296296296
491,294.296296296296
492,294.296296296296
493,294.296296296296
494,294.296296296296
495,294.296296296296
496,164.703703703704
497,164.703703703704
498,164.703703703704
499,164.703703703704
500,164.703703703704
501,164.703703703704
502,164.703703703704
503,164.703703703704
504,164.703703703704
505,118.388888888889
506,118.388888888889
507,118.388888888889
508,118.388888888889
509,118.388888888889
510,118.388888888889
511,118.388888888889
512,118.388888888889
513,118.388888888889
514,254.351851851852
515,254.351851851852
516,254.351851851852
517,254.351851851852
518,254.351851851852
519,254.351851851852
520,254.351851851852
521,254.351851851852
522,254.351851851852
523,173.953703703704
524,173.953703703704
525,173.953703703704
526,173.953703703704
527,173.953703703704
528,173.953703703704
529,173.953703703704
530,173.953703703704
531,173.953703703704
532,310.212962962963
533,310.212962962963
534,310.212962962963
535,310.212962962963
536,310.212962962963
537,310.212962962963
538,310.212962962963
539,310.212962962963
540,310.212962962963
541,317.287037037037
542,317.287037037037
543,317.287037037037
544,317.287037037037
545,317.287037037037
546,317.287037037037
547,317.287037037037
548,317.287037037037
549,317.287037037037
550,76.8796296296296
551,76.8796296296296
552,76.8796296296296
553,76.8796296296296
554,76.8796296296296
555,76.8796296296296
556,76.8796296296296
557,76.8796296296296
558,76.8796296296296
559,122.717592592593
560,122.717592592593
561,122.717592592593
562,122.717592592593
563,122.717592592593
564,122.717592592593
565,122.717592592593
566,122.717592592593
567,122.717592592593
568,122.717592592593
569,122.717592592593
570,122.717592592593
571,122.717592592593
572,122.717592592593
573,122.717592592593
574,122.717592592593
575,122.717592592593
576,122.717592592593
577,222.138888888889
578,222.138888888889
579,222.138888888889
580,222.138888888889
581,222.138888888889
582,222.138888888889
583,222.138888888889
584,222.138888888889
585,222.138888888889
586,222.138888888889
587,222.138888888889
588,222.138888888889
589,222.138888888889
590,222.138888888889
591,222.138888888889
592,222.138888888889
593,222.138888888889
594,222.138888888889
595,91.0648148148148
596,91.0648148148148
597,91.0648148148148
598,91.0648148148148
599,91.0648148148148
600,91.0648148148148
601,91.0648148148148
602,91.0648148148148
603,91.0648148148148
604,91.0648148148148
605,91.0648148148148
606,91.0648148148148
607,91.0648148148148
608,91.0648148148148
609,91.0648148148148
610,91.0648148148148
611,91.0648148148148
612,91.0648148148148
613,109.824074074074
614,109.824074074074
615,109.824074074074
616,109.824074074074
617,109.824074074074
618,109.824074074074
619,109.824074074074
620,109.824074074074
621,109.824074074074
622,192.157407407407
623,192.157407407407
624,192.157407407407
625,192.157407407407
626,192.157407407407
627,192.157407407407
628,192.157407407407
629,192.157407407407
630,192.157407407407
631,192.157407407407
632,192.157407407407
633,192.157407407407
634,192.157407407407
635,192.157407407407
636,192.157407407407
637,192.157407407407
638,192.157407407407
639,192.157407407407
640,109.824074074074
641,109.824074074074
642,109.824074074074
643,109.824074074074
644,109.824074074074
645,109.824074074074
646,109.824074074074
647,109.824074074074
648,109.824074074074
649,156.842592592593
650,156.842592592593
651,156.842592592593
652,156.842592592593
653,156.842592592593
654,156.842592592593
655,156.842592592593
656,156.842592592593
657,156.842592592593
658,156.842592592593
659,156.842592592593
660,156.842592592593
661,156.842592592593
662,156.842592592593
663,156.842592592593
664,156.842592592593
665,156.842592592593
666,156.842592592593
667,192.638888888889
668,192.638888888889
669,192.638888888889
670,192.638888888889
671,192.638888888889
672,192.638888888889
673,192.638888888889
674,192.638888888889
675,192.638888888889
676,156.33024691358
677,156.33024691358
678,156.33024691358
679,156.33024691358
680,156.33024691358
681,156.33024691358
682,156.33024691358
683,156.33024691358
684,156.33024691358
685,146.666666666667
686,146.666666666667
687,146.666666666667
688,146.666666666667
689,146.666666666667
690,146.666666666667
691,146.666666666667
692,146.666666666667
693,146.666666666667
694,156.33024691358
695,156.33024691358
696,156.33024691358
697,156.33024691358
698,156.33024691358
699,156.33024691358
700,156.33024691358
701,156.33024691358
702,156.33024691358
703,156.33024691358
704,156.33024691358
705,156.33024691358
706,156.33024691358
707,156.33024691358
708,156.33024691358
709,156.33024691358
710,156.33024691358
711,156.33024691358
712,146.666666666667
713,146.666666666667
714,146.666666666667
715,146.666666666667
716,146.666666666667
717,146.666666666667
718,146.666666666667
719,146.666666666667
720,146.666666666667
721,199.569444444444
722,199.569444444444
723,199.569444444444
724,199.569444444444
725,199.569444444444
726,199.569444444444
727,199.569444444444
728,199.569444444444
729,199.569444444444
730,259.527777777778
731,259.527777777778
732,259.527777777778
733,259.527777777778
734,259.527777777778
735,259.527777777778
736,259.527777777778
737,259.527777777778
738,259.527777777778
739,199.569444444444
740,199.569444444444
741,199.569444444444
742,199.569444444444
743,199.569444444444
744,199.569444444444
745,199.569444444444
746,199.569444444444
747,199.569444444444
748,185.768518518519
749,185.768518518519
750,185.768518518519
751,185.768518518519
752,185.768518518519
753,185.768518518519
754,185.768518518519
755,185.768518518519
756,185.768518518519
757,126.657407407407
758,126.657407407407
759,126.657407407407
760,126.657407407407
761,126.657407407407
762,126.657407407407
763,126.657407407407
764,126.657407407407
765,126.657407407407
766,185.768518518519
767,185.768518518519
768,185.768518518519
769,185.768518518519
770,185.768518518519
771,185.768518518519
772,185.768518518519
773,185.768518518519
774,185.768518518519
775,126.657407407407
776,126.657407407407
777,126.657407407407
778,126.657407407407
779,126.657407407407
780,126.657407407407
781,126.657407407407
782,126.657407407407
783,126.657407407407
784,117.453703703704
785,117.453703703704
786,117.453703703704
787,117.453703703704
788,117.453703703704
789,117.453703703704
790,117.453703703704
791,117.453703703704
792,117.453703703704
793,117.314814814815
794,117.314814814815
795,117.314814814815
796,117.314814814815
797,117.314814814815
798,117.314814814815
799,117.314814814815
800,117.314814814815
801,117.314814814815
802,117.453703703704
803,117.453703703704
804,117.453703703704
805,117.453703703704
806,117.453703703704
807,117.453703703704
808,117.453703703704
809,117.453703703704
810,117.453703703704
811,51.4351851851852
812,51.4351851851852
813,51.4351851851852
814,51.4351851851852
815,51.4351851851852
816,51.4351851851852
817,51.4351851851852
818,51.4351851851852
819,51.4351851851852
820,40.7453703703704
821,40.7453703703704
822,40.7453703703704
823,40.7453703703704
824,40.7453703703704
825,40.7453703703704
826,40.7453703703704
827,40.7453703703704
828,40.7453703703704
829,40.7453703703704
830,40.7453703703704
831,40.7453703703704
832,40.7453703703704
833,40.7453703703704
834,40.7453703703704
835,40.7453703703704
836,40.7453703703704
837,40.7453703703704
838,99.7962962962963
839,99.7962962962963
840,99.7962962962963
841,99.7962962962963
842,99.7962962962963
843,99.7962962962963
844,99.7962962962963
845,99.7962962962963
846,99.7962962962963
847,99.7962962962963
848,99.7962962962963
849,99.7962962962963
850,99.7962962962963
851,99.7962962962963
852,99.7962962962963
853,99.7962962962963
854,99.7962962962963
855,99.7962962962963
856,138.212962962963
857,138.212962962963
858,138.212962962963
859,138.212962962963
860,138.212962962963
861,138.212962962963
862,138.212962962963
863,138.212962962963
864,138.212962962963
865,21.4814814814815
866,21.4814814814815
867,21.4814814814815
868,21.4814814814815
869,21.4814814814815
870,21.4814814814815
871,21.4814814814815
872,21.4814814814815
873,21.4814814814815
874,247.472222222222
875,247.472222222222
876,247.472222222222
877,247.472222222222
878,247.472222222222
879,247.472222222222
880,247.472222222222
881,247.472222222222
882,247.472222222222
883,164.703703703704
884,164.703703703704
885,164.703703703704
886,164.703703703704
887,164.703703703704
888,164.703703703704
889,164.703703703704
890,164.703703703704
891,164.703703703704
892,24.0277777777778
893,24.0277777777778
894,24.0277777777778
895,24.0277777777778
896,24.0277777777778
897,24.0277777777778
898,24.0277777777778
899,24.0277777777778
900,24.0277777777778
901,326.87962962963
902,326.87962962963
903,326.87962962963
904,326.87962962963
905,326.87962962963
906,326.87962962963
907,326.87962962963
908,326.87962962963
909,326.87962962963
910,92.6574074074074
911,92.6574074074074
912,92.6574074074074
913,92.6574074074074
914,92.6574074074074
915,92.6574074074074
916,92.6574074074074
917,92.6574074074074
918,92.6574074074074
919,294.296296296296
920,294.296296296296
921,294.296296296296
922,294.296296296296
923,294.296296296296
924,294.296296296296
925,294.296296296296
926,294.296296296296
927,294.296296296296
928,164.703703703704
929,164.703703703704
930,164.703703703704
931,164.703703703704
932,164.703703703704
933,164.703703703704
934,164.703703703704
935,164.703703703704
936,164.703703703704
937,118.388888888889
938,118.388888888889
939,118.388888888889
940,118.388888888889
941,118.388888888889
942,118.388888888889
943,118.388888888889
944,118.388888888889
945,118.388888888889
946,254.351851851852
947,254.351851851852
948,254.351851851852
949,254.351851851852
950,254.351851851852
951,254.351851851852
952,254.351851851852
953,254.351851851852
954,254.351851851852
955,173.953703703704
956,173.953703703704
957,173.953703703704
958,173.953703703704
959,173.953703703704
960,173.953703703704
961,173.953703703704
962,173.953703703704
963,173.953703703704
964,310.212962962963
965,310.212962962963
966,310.212962962963
967,310.212962962963
968,310.212962962963
969,310.212962962963
970,310.212962962963
971,310.212962962963
972,310.212962962963
973,317.287037037037
974,317.287037037037
975,317.287037037037
976,317.287037037037
977,317.287037037037
978,317.287037037037
979,317.287037037037
980,317.287037037037
981,317.287037037037
982,122.717592592593
983,122.717592592593
984,122.717592592593
985,122.717592592593
986,122.717592592593
987,122.717592592593
988,122.717592592593
989,122.717592592593
990,122.717592592593
991,76.8796296296296
992,76.8796296296296
993,76.8796296296296
994,76.8796296296296
995,76.8796296296296
996,76.8796296296296
997,76.8796296296296
998,76.8796296296296
999,76.8796296296296
1000,122.717592592593
1001,122.717592592593
1002,122.717592592593
1003,122.717592592593
1004,122.717592592593
1005,122.717592592593
1006,122.717592592593
1007,122.717592592593
1008,122.717592592593
1009,222.138888888889
1010,222.138888888889
1011,222.138888888889
1012,222.138888888889
1013,222.138888888889
1014,222.138888888889
1015,222.138888888889
1016,222.138888888889
1017,222.138888888889
1018,222.138888888889
1019,222.138888888889
1020,222.138888888889
1021,222.138888888889
1022,222.138888888889
1023,222.138888888889
1024,222.138888888889
1025,222.138888888889
1026,222.138888888889
1027,91.0648148148148
1028,91.0648148148148
1029,91.0648148148148
1030,91.0648148148148
1031,91.0648148148148
1032,91.0648148148148
1033,91.0648148148148
1034,91.0648148148148
1035,91.0648148148148
1036,91.0648148148148
1037,91.0648148148148
1038,91.0648148148148
1039,91.0648148148148
1040,91.0648148148148
1041,91.0648148148148
1042,91.0648148148148
1043,91.0648148148148
1044,91.0648148148148
1045,109.824074074074
1046,109.824074074074
1047,109.824074074074
1048,109.824074074074
1049,109.824074074074
1050,109.824074074074
1051,109.824074074074
1052,109.824074074074
1053,109.824074074074
1054,192.157407407407
1055,192.157407407407
1056,192.157407407407
1057,192.157407407407
1058,192.157407407407
1059,192.157407407407
1060,192.157407407407
1061,192.157407407407
1062,192.157407407407
1063,192.157407407407
1064,192.157407407407
1065,192.157407407407
1066,192.157407407407
1067,192.157407407407
1068,192.157407407407
1069,192.157407407407
1070,192.157407407407
1071,192.157407407407
1072,109.824074074074
1073,109.824074074074
1074,109.824074074074
1075,109.824074074074
1076,109.824074074074
1077,109.824074074074
1078,109.824074074074
1079,109.824074074074
1080,109.824074074074
1081,156.842592592593
1082,156.842592592593
1083,156.842592592593
1084,156.842592592593
1085,156.842592592593
1086,156.842592592593
1087,156.842592592593
1088,156.842592592593
1089,156.842592592593
1090,192.638888888889
1091,192.638888888889
1092,192.638888888889
1093,192.638888888889
1094,192.638888888889
1095,192.638888888889
1096,192.638888888889
1097,192.638888888889
1098,192.638888888889
1099,156.842592592593
1100,156.842592592593
1101,156.842592592593
1102,156.842592592593
1103,156.842592592593
1104,156.842592592593
1105,156.842592592593
1106,156.842592592593
1107,156.842592592593
1108,156.33024691358
1109,156.33024691358
1110,156.33024691358
1111,156.33024691358
1112,156.33024691358
1113,156.33024691358
1114,156.33024691358
1115,156.33024691358
1116,156.33024691358
1117,146.666666666667
1118,146.666666666667
1119,146.666666666667
1120,146.666666666667
1121,146.666666666667
1122,146.666666666667
1123,146.666666666667
1124,146.666666666667
1125,146.666666666667
1126,156.33024691358
1127,156.33024691358
1128,156.33024691358
1129,156.33024691358
1130,156.33024691358
1131,156.33024691358
1132,156.33024691358
1133,156.33024691358
1134,156.33024691358
1135,156.33024691358
1136,156.33024691358
1137,156.33024691358
1138,156.33024691358
1139,156.33024691358
1140,156.33024691358
1141,156.33024691358
1142,156.33024691358
1143,156.33024691358
1144,146.666666666667
1145,146.666666666667
1146,146.666666666667
1147,146.666666666667
1148,146.666666666667
1149,146.666666666667
1150,146.666666666667
1151,146.666666666667
1152,146.666666666667
1153,259.527777777778
1154,259.527777777778
1155,259.527777777778
1156,259.527777777778
1157,259.527777777778
1158,259.527777777778
1159,259.527777777778
1160,259.527777777778
1161,259.527777777778
1162,199.569444444444
1163,199.569444444444
1164,199.569444444444
1165,199.569444444444
1166,199.569444444444
1167,199.569444444444
1168,199.569444444444
1169,199.569444444444
1170,199.569444444444
1171,199.569444444444
1172,199.569444444444
1173,199.569444444444
1174,199.569444444444
1175,199.569444444444
1176,199.569444444444
1177,199.569444444444
1178,199.569444444444
1179,199.569444444444
1180,185.768518518519
1181,185.768518518519
1182,185.768518518519
1183,185.768518518519
1184,185.768518518519
1185,185.768518518519
1186,185.768518518519
1187,185.768518518519
1188,185.768518518519
1189,185.768518518519
1190,185.768518518519
1191,185.768518518519
1192,185.768518518519
1193,185.768518518519
1194,185.768518518519
1195,185.768518518519
1196,185.768518518519
1197,185.768518518519
1198,126.657407407407
1199,126.657407407407
1200,126.657407407407
1201,126.657407407407
1202,126.657407407407
1203,126.657407407407
1204,126.657407407407
1205,126.657407407407
1206,126.657407407407
1207,126.657407407407
1208,126.657407407407
1209,126.657407407407
1210,126.657407407407
1211,126.657407407407
1212,126.657407407407
1213,126.657407407407
1214,126.657407407407
1215,126.657407407407
1216,117.453703703704
1217,117.453703703704
1218,117.453703703704
1219,117.453703703704
1220,117.453703703704
1221,117.453703703704
1222,117.453703703704
1223,117.453703703704
1224,117.453703703704
1225,117.453703703704
1226,117.453703703704
1227,117.453703703704
1228,117.453703703704
1229,117.453703703704
1230,117.453703703704
1231,117.453703703704
1232,117.453703703704
1233,117.453703703704
1234,117.314814814815
1235,117.314814814815
1236,117.314814814815
1237,117.314814814815
1238,117.314814814815
1239,117.314814814815
1240,117.314814814815
1241,117.314814814815
1242,117.314814814815
1243,51.4351851851852
1244,51.4351851851852
1245,51.4351851851852
1246,51.4351851851852
1247,51.4351851851852
1248,51.4351851851852
1249,51.4351851851852
1250,51.4351851851852
1251,51.4351851851852
1252,40.7453703703704
1253,40.7453703703704
1254,40.7453703703704
1255,40.7453703703704
1256,40.7453703703704
1257,40.7453703703704
1258,40.7453703703704
1259,40.7453703703704
1260,40.7453703703704
1261,40.7453703703704
1262,40.7453703703704
1263,40.7453703703704
1264,40.7453703703704
1265,40.7453703703704
1266,40.7453703703704
1267,40.7453703703704
1268,40.7453703703704
1269,40.7453703703704
1270,99.7962962962963
1271,99.7962962962963
1272,99.7962962962963
1273,99.7962962962963
1274,99.7962962962963
1275,99.7962962962963
1276,99.7962962962963
1277,99.7962962962963
1278,99.7962962962963
1279,138.212962962963
1280,138.212962962963
1281,138.212962962963
1282,138.212962962963
1283,138.212962962963
1284,138.212962962963
1285,138.212962962963
1286,138.212962962963
1287,138.212962962963
1288,99.7962962962963
1289,99.7962962962963
1290,99.7962962962963
1291,99.7962962962963
1292,99.7962962962963
1293,99.7962962962963
1294,99.7962962962963
1295,99.7962962962963
1296,99.7962962962963
1297,21.4814814814815
1298,21.4814814814815
1299,21.4814814814815
1300,21.4814814814815
1301,21.4814814814815
1302,21.4814814814815
1303,21.4814814814815
1304,21.4814814814815
1305,21.4814814814815
1306,247.472222222222
1307,247.472222222222
1308,247.472222222222
1309,247.472222222222
1310,247.472222222222
1311,247.472222222222
1312,247.472222222222
1313,247.472222222222
1314,247.472222222222
1315,164.703703703704
1316,164.703703703704
1317,164.703703703704
1318,164.703703703704
1319,164.703703703704
1320,164.703703703704
1321,164.703703703704
1322,164.703703703704
1323,164.703703703704
1324,24.0277777777778
1325,24.0277777777778
1326,24.0277777777778
1327,24.0277777777778
1328,24.0277777777778
1329,24.0277777777778
1330,24.0277777777778
1331,24.0277777777778
1332,24.0277777777778
1333,326.87962962963
1334,326.87962962963
1335,326.87962962963
1336,326.87962962963
1337,326.87962962963
1338,326.87962962963
1339,326.87962962963
1340,326.87962962963
1341,326.87962962963
1342,92.6574074074074
1343,92.6574074074074
1344,92.6574074074074
1345,92.6574074074074
1346,92.6574074074074
1347,92.6574074074074
1348,92.6574074074074
1349,92.6574074074074
1350,92.6574074074074
1351,294.296296296296
1352,294.296296296296
1353,294.296296296296
1354,294.296296296296
1355,294.296296296296
1356,294.296296296296
1357,294.296296296296
1358,294.296296296296
1359,294.296296296296
1360,164.703703703704
1361,164.703703703704
1362,164.703703703704
1363,164.703703703704
1364,164.703703703704
1365,164.703703703704
1366,164.703703703704
1367,164.703703703704
1368,164.703703703704
1369,118.388888888889
1370,118.388888888889
1371,118.388888888889
1372,118.388888888889
1373,118.388888888889
1374,118.388888888889
1375,118.388888888889
1376,118.388888888889
1377,118.388888888889
1378,254.351851851852
1379,254.351851851852
1380,254.351851851852
1381,254.351851851852
1382,254.351851851852
1383,254.351851851852
1384,254.351851851852
1385,254.351851851852
1386,254.351851851852
1387,173.953703703704
1388,173.953703703704
1389,173.953703703704
1390,173.953703703704
1391,173.953703703704
1392,173.953703703704
1393,173.953703703704
1394,173.953703703704
1395,173.953703703704
1396,310.212962962963
1397,310.212962962963
1398,310.212962962963
1399,310.212962962963
1400,310.212962962963
1401,310.212962962963
1402,310.212962962963
1403,310.212962962963
1404,310.212962962963
1405,317.287037037037
1406,317.287037037037
1407,317.287037037037
1408,317.287037037037
1409,317.287037037037
1410,317.287037037037
1411,317.287037037037
1412,317.287037037037
1413,317.287037037037
1414,122.717592592593
1415,122.717592592593
1416,122.717592592593
1417,122.717592592593
1418,122.717592592593
1419,122.717592592593
1420,122.717592592593
1421,122.717592592593
1422,122.717592592593
1423,76.8796296296296
1424,76.8796296296296
1425,76.8796296296296
1426,76.8796296296296
1427,76.8796296296296
1428,76.8796296296296
1429,76.8796296296296
1430,76.8796296296296
1431,76.8796296296296
1432,122.717592592593
1433,122.717592592593
1434,122.717592592593
1435,122.717592592593
1436,122.717592592593
1437,122.717592592593
1438,122.717592592593
1439,122.717592592593
1440,122.717592592593
1441,222.138888888889
1442,222.138888888889
1443,222.138888888889
1444,222.138888888889
1445,222.138888888889
1446,222.138888888889
1447,222.138888888889
1448,222.138888888889
1449,222.138888888889
1450,91.0648148148148
1451,91.0648148148148
1452,91.0648148148148
1453,91.0648148148148
1454,91.0648148148148
1455,91.0648148148148
1456,91.0648148148148
1457,91.0648148148148
1458,91.0648148148148
1459,91.0648148148148
1460,91.0648148148148
1461,91.0648148148148
1462,91.0648148148148
1463,91.0648148148148
1464,91.0648148148148
1465,91.0648148148148
1466,91.0648148148148
1467,91.0648148148148
1468,222.138888888889
1469,222.138888888889
1470,222.138888888889
1471,222.138888888889
1472,222.138888888889
1473,222.138888888889
1474,222.138888888889
1475,222.138888888889
1476,222.138888888889
1477,109.824074074074
1478,109.824074074074
1479,109.824074074074
1480,109.824074074074
1481,109.824074074074
1482,109.824074074074
1483,109.824074074074
1484,109.824074074074
1485,109.824074074074
1486,192.157407407407
1487,192.157407407407
1488,192.157407407407
1489,192.157407407407
1490,192.157407407407
1491,192.157407407407
1492,192.157407407407
1493,192.157407407407
1494,192.157407407407
1495,192.157407407407
1496,192.157407407407
1497,192.157407407407
1498,192.157407407407
1499,192.157407407407
1500,192.157407407407
1501,192.157407407407
1502,192.157407407407
1503,192.157407407407
1504,109.824074074074
1505,109.824074074074
1506,109.824074074074
1507,109.824074074074
1508,109.824074074074
1509,109.824074074074
1510,109.824074074074
1511,109.824074074074
1512,109.824074074074
1513,156.842592592593
1514,156.842592592593
1515,156.842592592593
1516,156.842592592593
1517,156.842592592593
1518,156.842592592593
1519,156.842592592593
1520,156.842592592593
1521,156.842592592593
1522,156.842592592593
1523,156.842592592593
1524,156.842592592593
1525,156.842592592593
1526,156.842592592593
1527,156.842592592593
1528,156.842592592593
1529,156.842592592593
1530,156.842592592593
1531,192.638888888889
1532,192.638888888889
1533,192.638888888889
1534,192.638888888889
1535,192.638888888889
1536,192.638888888889
1537,192.638888888889
1538,192.638888888889
1539,192.638888888889
1540,156.33024691358
1541,156.33024691358
1542,156.33024691358
1543,156.33024691358
1544,156.33024691358
1545,156.33024691358
1546,156.33024691358
1547,156.33024691358
1548,156.33024691358
1549,146.666666666667
1550,146.666666666667
1551,146.666666666667
1552,146.666666666667
1553,146.666666666667
1554,146.666666666667
1555,146.666666666667
1556,146.666666666667
1557,146.666666666667
1558,146.666666666667
1559,146.666666666667
1560,146.666666666667
1561,146.666666666667
1562,146.666666666667
1563,146.666666666667
1564,146.666666666667
1565,146.666666666667
1566,146.666666666667
1567,156.33024691358
1568,156.33024691358
1569,156.33024691358
1570,156.33024691358
1571,156.33024691358
1572,156.33024691358
1573,156.33024691358
1574,156.33024691358
1575,156.33024691358
1576,156.33024691358
1577,156.33024691358
1578,156.33024691358
1579,156.33024691358
1580,156.33024691358
1581,156.33024691358
1582,156.33024691358
1583,156.33024691358
1584,156.33024691358
1585,199.569444444444
1586,199.569444444444
1587,199.569444444444
1588,199.569444444444
1589,199.569444444444
1590,199.569444444444
1591,199.569444444444
1592,199.569444444444
1593,199.569444444444
1594,259.527777777778
1595,259.527777777778
1596,259.527777777778
1597,259.527777777778
1598,259.527777777778
1599,259.527777777778
1600,259.527777777778
1601,259.527777777778
1602,259.527777777778
1603,199.569444444444
1604,199.569444444444
1605,199.569444444444
1606,199.569444444444
1607,199.569444444444
1608,199.569444444444
1609,199.569444444444
1610,199.569444444444
1611,199.569444444444
1612,185.768518518519
1613,185.768518518519
1614,185.768518518519
1615,185.768518518519
1616,185.768518518519
1617,185.768518518519
1618,185.768518518519
1619,185.768518518519
1620,185.768518518519
1621,185.768518518519
1622,185.768518518519
1623,185.768518518519
1624,185.768518518519
1625,185.768518518519
1626,185.768518518519
1627,185.768518518519
1628,185.768518518519
1629,185.768518518519
1630,126.657407407407
1631,126.657407407407
1632,126.657407407407
1633,126.657407407407
1634,126.657407407407
1635,126.657407407407
1636,126.657407407407
1637,126.657407407407
1638,126.657407407407
1639,126.657407407407
1640,126.657407407407
1641,126.657407407407
1642,126.657407407407
1643,126.657407407407
1644,126.657407407407
1645,126.657407407407
1646,126.657407407407
1647,126.657407407407
1648,117.453703703704
1649,117.453703703704
1650,117.453703703704
1651,117.453703703704
1652,117.453703703704
1653,117.453703703704
1654,117.453703703704
1655,117.453703703704
1656,117.453703703704
1657,117.314814814815
1658,117.314814814815
1659,117.314814814815
1660,117.314814814815
1661,117.314814814815
1662,117.314814814815
1663,117.314814814815
1664,117.314814814815
1665,117.314814814815
1666,117.453703703704
1667,117.453703703704
1668,117.453703703704
1669,117.453703703704
1670,117.453703703704
1671,117.453703703704
1672,117.453703703704
1673,117.453703703704
1674,117.453703703704
1675,51.4351851851852
1676,51.4351851851852
1677,51.4351851851852
1678,51.4351851851852
1679,51.4351851851852
1680,51.4351851851852
1681,51.4351851851852
1682,51.4351851851852
1683,51.4351851851852
1684,40.7453703703704
1685,40.7453703703704
1686,40.7453703703704
1687,40.7453703703704
1688,40.7453703703704
1689,40.7453703703704
1690,40.7453703703704
1691,40.7453703703704
1692,40.7453703703704
1693,40.7453703703704
1694,40.7453703703704
1695,40.7453703703704
1696,40.7453703703704
1697,40.7453703703704
1698,40.7453703703704
1699,40.7453703703704
1700,40.7453703703704
1701,40.7453703703704
1702,99.7962962962963
1703,99.7962962962963
1704,99.7962962962963
1705,99.7962962962963
1706,99.7962962962963
1707,99.7962962962963
1708,99.7962962962963
1709,99.7962962962963
1710,99.7962962962963
1711,138.212962962963
1712,138.212962962963
1713,138.212962962963
1714,138.212962962963
1715,138.212962962963
1716,138.212962962963
1717,138.212962962963
1718,138.212962962963
1719,138.212962962963
1720,99.7962962962963
1721,99.7962962962963
1722,99.7962962962963
1723,99.7962962962963
1724,99.7962962962963
1725,99.7962962962963
1726,99.7962962962963
1727,99.7962962962963
1728,99.7962962962963
1729,21.4814814814815
1730,21.4814814814815
1731,21.4814814814815
1732,21.4814814814815
1733,21.4814814814815
1734,21.4814814814815
1735,21.4814814814815
1736,21.4814814814815
1737,21.4814814814815
1738,247.472222222222
1739,247.472222222222
1740,247.472222222222
1741,247.472222222222
1742,247.472222222222
1743,247.472222222222
1744,247.472222222222
1745,247.472222222222
1746,247.472222222222
1747,164.703703703704
1748,164.703703703704
1749,164.703703703704
1750,164.703703703704
1751,164.703703703704
1752,164.703703703704
1753,164.703703703704
1754,164.703703703704
1755,164.703703703704
1756,24.0277777777778
1757,24.0277777777778
1758,24.0277777777778
1759,24.0277777777778
1760,24.0277777777778
1761,24.0277777777778
1762,24.0277777777778
1763,24.0277777777778
1764,24.0277777777778
1765,326.87962962963
1766,326.87962962963
1767,326.87962962963
1768,326.87962962963
1769,326.87962962963
1770,326.87962962963
1771,326.87962962963
1772,326.87962962963
1773,326.87962962963
1774,92.6574074074074
1775,92.6574074074074
1776,92.6574074074074
1777,92.6574074074074
1778,92.6574074074074
1779,92.6574074074074
1780,92.6574074074074
1781,92.6574074074074
1782,92.6574074074074
1783,294.296296296296
1784,294.296296296296
1785,294.296296296296
1786,294.296296296296
1787,294.296296296296
1788,294.296296296296
1789,294.296296296296
1790,294.296296296296
1791,294.296296296296
1792,164.703703703704
1793,164.703703703704
1794,164.703703703704
1795,164.703703703704
1796,164.703703703704
1797,164.703703703704
1798,164.703703703704
1799,164.703703703704
1800,164.703703703704
1801,118.388888888889
1802,118.388888888889
1803,118.388888888889
1804,118.388888888889
1805,118.388888888889
1806,118.388888888889
1807,118.388888888889
1808,118.388888888889
1809,118.388888888889
1810,254.351851851852
1811,254.351851851852
1812,254.351851851852
1813,254.351851851852
1814,254.351851851852
1815,254.351851851852
1816,254.351851851852
1817,254.351851851852
1818,254.351851851852
1819,173.953703703704
1820,173.953703703704
1821,173.953703703704
1822,173.953703703704
1823,173.953703703704
1824,173.953703703704
1825,173.953703703704
1826,173.953703703704
1827,173.953703703704
1828,310.212962962963
1829,310.212962962963
1830,310.212962962963
1831,310.212962962963
1832,310.212962962963
1833,310.212962962963
1834,310.212962962963
1835,310.212962962963
1836,310.212962962963
1837,317.287037037037
1838,317.287037037037
1839,317.287037037037
1840,317.287037037037
1841,317.287037037037
1842,317.287037037037
1843,317.287037037037
1844,317.287037037037
1845,317.287037037037
1846,76.8796296296296
1847,76.8796296296296
1848,76.8796296296296
1849,76.8796296296296
1850,76.8796296296296
1851,76.8796296296296
1852,76.8796296296296
1853,76.8796296296296
1854,76.8796296296296
1855,122.717592592593
1856,122.717592592593
1857,122.717592592593
1858,122.717592592593
1859,122.717592592593
1860,122.717592592593
1861,122.717592592593
1862,122.717592592593
1863,122.717592592593
1864,122.717592592593
1865,122.717592592593
1866,122.717592592593
1867,122.717592592593
1868,122.717592592593
1869,122.717592592593
1870,122.717592592593
1871,122.717592592593
1872,122.717592592593
1873,222.138888888889
1874,222.138888888889
1875,222.138888888889
1876,222.138888888889
1877,222.138888888889
1878,222.138888888889
1879,222.138888888889
1880,222.138888888889
1881,222.138888888889
1882,91.0648148148148
1883,91.0648148148148
1884,91.0648148148148
1885,91.0648148148148
1886,91.0648148148148
1887,91.0648148148148
1888,91.0648148148148
1889,91.0648148148148
1890,91.0648148148148
1891,91.0648148148148
1892,91.0648148148148
1893,91.0648148148148
1894,91.0648148148148
1895,91.0648148148148
1896,91.0648148148148
1897,91.0648148148148
1898,91.0648148148148
1899,91.0648148148148
1900,222.138888888889
1901,222.138888888889
1902,222.138888888889
1903,222.138888888889
1904,222.138888888889
1905,222.138888888889
1906,222.138888888889
1907,222.138888888889
1908,222.138888888889
1909,192.157407407407
1910,192.157407407407
1911,192.157407407407
1912,192.157407407407
1913,192.157407407407
1914,192.157407407407
1915,192.157407407407
1916,192.157407407407
1917,192.157407407407
1918,192.157407407407
1919,192.157407407407
1920,192.157407407407
1921,192.157407407407
1922,192.157407407407
1923,192.157407407407
1924,192.157407407407
1925,192.157407407407
1926,192.157407407407
1927,109.824074074074
1928,109.824074074074
1929,109.824074074074
1930,109.824074074074
1931,109.824074074074
1932,109.824074074074
1933,109.824074074074
1934,109.824074074074
1935,109.824074074074
1936,109.824074074074
1937,109.824074074074
1938,109.824074074074
1939,109.824074074074
1940,109.824074074074
1941,109.824074074074
1942,109.824074074074
1943,109.824074074074
1944,109.824074074074
1945,156.842592592593
1946,156.842592592593
1947,156.842592592593
1948,156.842592592593
1949,156.842592592593
1950,156.842592592593
1951,156.842592592593
1952,156.842592592593
1953,156.842592592593
1954,156.842592592593
1955,156.842592592593
1956,156.842592592593
1957,156.842592592593
1958,156.842592592593
1959,156.842592592593
1960,156.842592592593
1961,156.842592592593
1962,156.842592592593
1963,192.638888888889
1964,192.638888888889
1965,192.638888888889
1966,192.638888888889
1967,192.638888888889
1968,192.638888888889
1969,192.638888888889
1970,192.638888888889
1971,192.638888888889
1972,156.33024691358
1973,156.33024691358
1974,156.33024691358
1975,156.33024691358
1976,156.33024691358
1977,156.33024691358
1978,156.33024691358
1979,156.33024691358
1980,156.33024691358
1981,146.666666666667
1982,146.666666666667
1983,146.666666666667
1984,146.666666666667
1985,146.666666666667
1986,146.666666666667
1987,146.666666666667
1988,146.666666666667
1989,146.666666666667
1990,156.33024691358
1991,156.33024691358
1992,156.33024691358
1993,156.33024691358
1994,156.33024691358
1995,156.33024691358
1996,156.33024691358
1997,156.33024691358
1998,156.33024691358
1999,156.33024691358
2000,156.33024691358
2001,156.33024691358
2002,156.33024691358
2003,156.33024691358
2004,156.33024691358
2005,156.33024691358
2006,156.33024691358
2007,156.33024691358
2008,146.666666666667
2009,146.666666666667
2010,146.666666666667
2011,146.666666666667
2012,146.666666666667
2013,146.666666666667
2014,146.666666666667
2015,146.666666666667
2016,146.666666666667
2017,199.569444444444
2018,199.569444444444
2019,199.569444444444
2020,199.569444444444
2021,199.569444444444
2022,199.569444444444
2023,199.569444444444
2024,199.569444444444
2025,199.569444444444
2026,259.527777777778
2027,259.527777777778
2028,259.527777777778
2029,259.527777777778
2030,259.527777777778
2031,259.527777777778
2032,259.527777777778
2033,259.527777777778
2034,259.527777777778
2035,199.569444444444
2036,199.569444444444
2037,199.569444444444
2038,199.569444444444
2039,199.569444444444
2040,199.569444444444
2041,199.569444444444
2042,199.569444444444
2043,199.569444444444
2044,185.768518518519
2045,185.768518518519
2046,185.768518518519
2047,185.768518518519
2048,185.768518518519
2049,185.768518518519
2050,185.768518518519
2051,185.768518518519
2052,185.768518518519
2053,185.768518518519
2054,185.768518518519
2055,185.768518518519
2056,185.768518518519
2057,185.768518518519
2058,185.768518518519
2059,185.768518518519
2060,185.768518518519
2061,185.768518518519
2062,126.657407407407
2063,126.657407407407
2064,126.657407407407
2065,126.657407407407
2066,126.657407407407
2067,126.657407407407
2068,126.657407407407
2069,126.657407407407
2070,126.657407407407
2071,126.657407407407
2072,126.657407407407
2073,126.657407407407
2074,126.657407407407
2075,126.657407407407
2076,126.657407407407
2077,126.657407407407
2078,126.657407407407
2079,126.657407407407
2080,117.314814814815
2081,117.314814814815
2082,117.314814814815
2083,117.314814814815
2084,117.314814814815
2085,117.314814814815
2086,117.314814814815
2087,117.314814814815
2088,117.314814814815
2089,117.453703703704
2090,117.453703703704
2091,117.453703703704
2092,117.453703703704
2093,117.453703703704
2094,117.453703703704
2095,117.453703703704
2096,117.453703703704
2097,117.453703703704
2098,117.453703703704
2099,117.453703703704
2100,117.453703703704
2101,117.453703703704
2102,117.453703703704
2103,117.453703703704
2104,117.453703703704
2105,117.453703703704
2106,117.453703703704
2107,51.4351851851852
2108,51.4351851851852
2109,51.4351851851852
2110,51.4351851851852
2111,51.4351851851852
2112,51.4351851851852
2113,51.4351851851852
2114,51.4351851851852
2115,51.4351851851852
2116,40.7453703703704
2117,40.7453703703704
2118,40.7453703703704
2119,40.7453703703704
2120,40.7453703703704
2121,40.7453703703704
2122,40.7453703703704
2123,40.7453703703704
2124,40.7453703703704
2125,40.7453703703704
2126,40.7453703703704
2127,40.7453703703704
2128,40.7453703703704
2129,40.7453703703704
2130,40.7453703703704
2131,40.7453703703704
2132,40.7453703703704
2133,40.7453703703704
2134,99.7962962962963
2135,99.7962962962963
2136,99.7962962962963
2137,99.7962962962963
2138,99.7962962962963
2139,99.7962962962963
2140,99.7962962962963
2141,99.7962962962963
2142,99.7962962962963
2143,99.7962962962963
2144,99.7962962962963
2145,99.7962962962963
2146,99.7962962962963
2147,99.7962962962963
2148,99.7962962962963
2149,99.7962962962963
2150,99.7962962962963
2151,99.7962962962963
2152,138.212962962963
2153,138.212962962963
2154,138.212962962963
2155,138.212962962963
2156,138.212962962963
2157,138.212962962963
2158,138.212962962963
2159,138.212962962963
2160,138.212962962963
2161,21.4814814814815
2162,21.4814814814815
2163,21.4814814814815
2164,21.4814814814815
2165,21.4814814814815
2166,21.4814814814815
2167,21.4814814814815
2168,21.4814814814815
2169,21.4814814814815
2170,247.472222222222
2171,247.472222222222
2172,247.472222222222
2173,247.472222222222
2174,247.472222222222
2175,247.472222222222
2176,247.472222222222
2177,247.472222222222
2178,247.472222222222
2179,164.703703703704
2180,164.703703703704
2181,164.703703703704
2182,164.703703703704
2183,164.703703703704
2184,164.703703703704
2185,164.703703703704
2186,164.703703703704
2187,164.703703703704
2188,24.0277777777778
2189,24.0277777777778
2190,24.0277777777778
2191,24.0277777777778
2192,24.0277777777778
2193,24.0277777777778
2194,24.0277777777778
2195,24.0277777777778
2196,24.0277777777778
2197,326.87962962963
2198,326.87962962963
2199,326.87962962963
2200,326.87962962963
2201,326.87962962963
2202,326.87962962963
2203,326.87962962963
2204,326.87962962963
2205,326.87962962963
2206,92.6574074074074
2207,92.6574074074074
2208,92.6574074074074
2209,92.6574074074074
2210,92.6574074074074
2211,92.6574074074074
2212,92.6574074074074
2213,92.6574074074074
2214,92.6574074074074
2215,294.296296296296
2216,294.296296296296
2217,294.296296296296
2218,294.296296296296
2219,294.296296296296
2220,294.296296296296
2221,294.296296296296
2222,294.296296296296
2223,294.296296296296
2224,164.703703703704
2225,164.703703703704
2226,164.703703703704
2227,164.703703703704
2228,164.703703703704
2229,164.703703703704
2230,164.703703703704
2231,164.703703703704
2232,164.703703703704
2233,118.388888888889
2234,118.388888888889
2235,118.388888888889
2236,118.388888888889
2237,118.388888888889
2238,118.388888888889
2239,118.388888888889
2240,118.388888888889
2241,118.388888888889
2242,254.351851851852
2243,254.351851851852
2244,254.351851851852
2245,254.351851851852
2246,254.351851851852
2247,254.351851851852
2248,254.351851851852
2249,254.351851851852
2250,254.351851851852
2251,173.953703703704
2252,173.953703703704
2253,173.953703703704
2254,173.953703703704
2255,173.953703703704
2256,173.953703703704
2257,173.953703703704
2258,173.953703703704
2259,173.953703703704
2260,310.212962962963
2261,310.212962962963
2262,310.212962962963
2263,310.212962962963
2264,310.212962962963
2265,310.212962962963
2266,310.212962962963
2267,310.212962962963
2268,310.212962962963
2269,317.287037037037
2270,317.287037037037
2271,317.287037037037
2272,317.287037037037
2273,317.287037037037
2274,317.287037037037
2275,317.287037037037
2276,317.287037037037
2277,317.287037037037
2278,76.8796296296296
2279,76.8796296296296
2280,76.8796296296296
2281,76.8796296296296
2282,76.8796296296296
2283,76.8796296296296
2284,76.8796296296296
2285,76.8796296296296
2286,76.8796296296296
2287,122.717592592593
2288,122.717592592593
2289,122.717592592593
2290,122.717592592593
2291,122.717592592593
2292,122.717592592593
2293,122.717592592593
2294,122.717592592593
2295,122.717592592593
2296,122.717592592593
2297,122.717592592593
2298,122.717592592593
2299,122.717592592593
2300,122.717592592593
2301,122.717592592593
2302,122.717592592593
2303,122.717592592593
2304,122.717592592593
2305,222.138888888889
2306,222.138888888889
2307,222.138888888889
2308,222.138888888889
2309,222.138888888889
2310,222.138888888889
2311,222.138888888889
2312,222.138888888889
2313,222.138888888889
2314,222.138888888889
2315,222.138888888889
2316,222.138888888889
2317,222.138888888889
2318,222.138888888889
2319,222.138888888889
2320,222.138888888889
2321,222.138888888889
2322,222.138888888889
2323,91.0648148148148
2324,91.0648148148148
2325,91.0648148148148
2326,91.0648148148148
2327,91.0648148148148
2328,91.0648148148148
2329,91.0648148148148
2330,91.0648148148148
2331,91.0648148148148
2332,91.0648148148148
2333,91.0648148148148
2334,91.0648148148148
2335,91.0648148148148
2336,91.0648148148148
2337,91.0648148148148
2338,91.0648148148148
2339,91.0648148148148
2340,91.0648148148148
2341,109.824074074074
2342,109.824074074074
2343,109.824074074074
2344,109.824074074074
2345,109.824074074074
2346,109.824074074074
2347,109.824074074074
2348,109.824074074074
2349,109.824074074074
2350,192.157407407407
2351,192.157407407407
2352,192.157407407407
2353,192.157407407407
2354,192.157407407407
2355,192.157407407407
2356,192.157407407407
2357,192.157407407407
2358,192.157407407407
2359,192.157407407407
2360,192.157407407407
2361,192.157407407407
2362,192.157407407407
2363,192.157407407407
2364,192.157407407407
2365,192.157407407407
2366,192.157407407407
2367,192.157407407407
2368,109.824074074074
2369,109.824074074074
2370,109.824074074074
2371,109.824074074074
2372,109.824074074074
2373,109.824074074074
2374,109.824074074074
2375,109.824074074074
2376,109.824074074074
2377,156.842592592593
2378,156.842592592593
2379,156.842592592593
2380,156.842592592593
2381,156.842592592593
2382,156.842592592593
2383,156.842592592593
2384,156.842592592593
2385,156.842592592593
2386,156.842592592593
2387,156.842592592593
2388,156.842592592593
2389,156.842592592593
2390,156.842592592593
2391,156.842592592593
2392,156.842592592593
2393,156.842592592593
2394,156.842592592593
2395,192.638888888889
2396,192.638888888889
2397,192.638888888889
2398,192.638888888889
2399,192.638888888889
2400,192.638888888889
2401,192.638888888889
2402,192.638888888889
2403,192.638888888889
2404,146.666666666667
2405,146.666666666667
2406,146.666666666667
2407,146.666666666667
2408,146.666666666667
2409,146.666666666667
2410,146.666666666667
2411,146.666666666667
2412,146.666666666667
2413,156.33024691358
2414,156.33024691358
2415,156.33024691358
2416,156.33024691358
2417,156.33024691358
2418,156.33024691358
2419,156.33024691358
2420,156.33024691358
2421,156.33024691358
2422,146.666666666667
2423,146.666666666667
2424,146.666666666667
2425,146.666666666667
2426,146.666666666667
2427,146.666666666667
2428,146.666666666667
2429,146.666666666667
2430,146.666666666667
2431,156.33024691358
2432,156.33024691358
2433,156.33024691358
2434,156.33024691358
2435,156.33024691358
2436,156.33024691358
2437,156.33024691358
2438,156.33024691358
2439,156.33024691358
2440,156.33024691358
2441,156.33024691358
2442,156.33024691358
2443,156.33024691358
2444,156.33024691358
2445,156.33024691358
2446,156.33024691358
2447,156.33024691358
2448,156.33024691358
2449,199.569444444444
2450,199.569444444444
2451,199.569444444444
2452,199.569444444444
2453,199.569444444444
2454,199.569444444444
2455,199.569444444444
2456,199.569444444444
2457,199.569444444444
2458,259.527777777778
2459,259.527777777778
2460,259.527777777778
2461,259.527777777778
2462,259.527777777778
2463,259.527777777778
2464,259.527777777778
2465,259.527777777778
2466,259.527777777778
2467,199.569444444444
2468,199.569444444444
2469,199.569444444444
2470,199.569444444444
2471,199.569444444444
2472,199.569444444444
2473,199.569444444444
2474,199.569444444444
2475,199.569444444444
2476,185.768518518519
2477,185.768518518519
2478,185.768518518519
2479,185.768518518519
2480,185.768518518519
2481,185.768518518519
2482,185.768518518519
2483,185.768518518519
2484,185.768518518519
2485,185.768518518519
2486,185.768518518519
2487,185.768518518519
2488,185.768518518519
2489,185.768518518519
2490,185.768518518519
2491,185.768518518519
2492,185.768518518519
2493,185.768518518519
2494,126.657407407407
2495,126.657407407407
2496,126.657407407407
2497,126.657407407407
2498,126.657407407407
2499,126.657407407407
2500,126.657407407407
2501,126.657407407407
2502,126.657407407407
2503,126.657407407407
2504,126.657407407407
2505,126.657407407407
2506,126.657407407407
2507,126.657407407407
2508,126.657407407407
2509,126.657407407407
2510,126.657407407407
2511,126.657407407407
2512,117.314814814815
2513,117.314814814815
2514,117.314814814815
2515,117.314814814815
2516,117.314814814815
2517,117.314814814815
2518,117.314814814815
2519,117.314814814815
2520,117.314814814815
2521,117.453703703704
2522,117.453703703704
2523,117.453703703704
2524,117.453703703704
2525,117.453703703704
2526,117.453703703704
2527,117.453703703704
2528,117.453703703704
2529,117.453703703704
2530,117.453703703704
2531,117.453703703704
2532,117.453703703704
2533,117.453703703704
2534,117.453703703704
2535,117.453703703704
2536,117.453703703704
2537,117.453703703704
2538,117.453703703704
2539,40.7453703703704
2540,40.7453703703704
2541,40.7453703703704
2542,40.7453703703704
2543,40.7453703703704
2544,40.7453703703704
2545,40.7453703703704
2546,40.7453703703704
2547,40.7453703703704
2548,40.7453703703704
2549,40.7453703703704
2550,40.7453703703704
2551,40.7453703703704
2552,40.7453703703704
2553,40.7453703703704
2554,40.7453703703704
2555,40.7453703703704
2556,40.7453703703704
2557,51.4351851851852
2558,51.4351851851852
2559,51.4351851851852
2560,51.4351851851852
2561,51.4351851851852
2562,51.4351851851852
2563,51.4351851851852
2564,51.4351851851852
2565,51.4351851851852
2566,99.7962962962963
2567,99.7962962962963
2568,99.7962962962963
2569,99.7962962962963
2570,99.7962962962963
2571,99.7962962962963
2572,99.7962962962963
2573,99.7962962962963
2574,99.7962962962963
2575,99.7962962962963
2576,99.7962962962963
2577,99.7962962962963
2578,99.7962962962963
2579,99.7962962962963
2580,99.7962962962963
2581,99.7962962962963
2582,99.7962962962963
2583,99.7962962962963
2584,138.212962962963
2585,138.212962962963
2586,138.212962962963
2587,138.212962962963
2588,138.212962962963
2589,138.212962962963
2590,138.212962962963
2591,138.212962962963
2592,138.212962962963
2593,21.4814814814815
2594,21.4814814814815
2595,21.4814814814815
2596,21.4814814814815
2597,21.4814814814815
2598,21.4814814814815
2599,21.4814814814815
2600,21.4814814814815
2601,21.4814814814815
2602,247.472222222222
2603,247.472222222222
2604,247.472222222222
2605,247.472222222222
2606,247.472222222222
2607,247.472222222222
2608,247.472222222222
2609,247.472222222222
2610,247.472222222222
2611,164.703703703704
2612,164.703703703704
2613,164.703703703704
2614,164.703703703704
2615,164.703703703704
2616,164.703703703704
2617,164.703703703704
2618,164.703703703704
2619,164.703703703704
2620,24.0277777777778
2621,24.0277777777778
2622,24.0277777777778
2623,24.0277777777778
2624,24.0277777777778
2625,24.0277777777778
2626,24.0277777777778
2627,24.0277777777778
2628,24.0277777777778
2629,326.87962962963
2630,326.87962962963
2631,326.87962962963
2632,326.87962962963
2633,326.87962962963
2634,326.87962962963
2635,326.87962962963
2636,326.87962962963
2637,326.87962962963
2638,92.6574074074074
2639,92.6574074074074
2640,92.6574074074074
2641,92.6574074074074
2642,92.6574074074074
2643,92.6574074074074
2644,92.6574074074074
2645,92.6574074074074
2646,92.6574074074074
2647,294.296296296296
2648,294.296296296296
2649,294.296296296296
2650,294.296296296296
2651,294.296296296296
2652,294.296296296296
2653,294.296296296296
2654,294.296296296296
2655,294.296296296296
2656,164.703703703704
2657,164.703703703704
2658,164.703703703704
2659,164.703703703704
2660,164.703703703704
2661,164.703703703704
2662,164.703703703704
2663,164.703703703704
2664,164.703703703704
2665,118.388888888889
2666,118.388888888889
2667,118.388888888889
2668,118.388888888889
2669,118.388888888889
2670,118.388888888889
2671,118.388888888889
2672,118.388888888889
2673,118.388888888889
2674,254.351851851852
2675,254.351851851852
2676,254.351851851852
2677,254.351851851852
2678,254.351851851852
2679,254.351851851852
2680,254.351851851852
2681,254.351851851852
2682,254.351851851852
2683,173.953703703704
2684,173.953703703704
2685,173.953703703704
2686,173.953703703704
2687,173.953703703704
2688,173.953703703704
2689,173.953703703704
2690,173.953703703704
2691,173.953703703704
2692,310.212962962963
2693,310.212962962963
2694,310.212962962963
2695,310.212962962963
2696,310.212962962963
2697,310.212962962963
2698,310.212962962963
2699,310.212962962963
2700,310.212962962963
2701,317.287037037037
2702,317.287037037037
2703,317.287037037037
2704,317.287037037037
2705,317.287037037037
2706,317.287037037037
2707,317.287037037037
2708,317.287037037037
2709,317.287037037037
2710,122.717592592593
2711,122.717592592593
2712,122.717592592593
2713,122.717592592593
2714,122.717592592593
2715,122.717592592593
2716,122.717592592593
2717,122.717592592593
2718,122.717592592593
2719,76.8796296296296
2720,76.8796296296296
2721,76.8796296296296
2722,76.8796296296296
2723,76.8796296296296
2724,76.8796296296296
2725,76.8796296296296
2726,76.8796296296296
2727,76.8796296296296
2728,122.717592592593
2729,122.717592592593
2730,122.717592592593
2731,122.717592592593
2732,122.717592592593
2733,122.717592592593
2734,122.717592592593
2735,122.717592592593
2736,122.717592592593
2737,222.138888888889
2738,222.138888888889
2739,222.138888888889
2740,222.138888888889
2741,222.138888888889
2742,222.138888888889
2743,222.138888888889
2744,222.138888888889
2745,222.138888888889
2746,222.138888888889
2747,222.138888888889
2748,222.138888888889
2749,222.138888888889
2750,222.138888888889
2751,222.138888888889
2752,222.138888888889
2753,222.138888888889
2754,222.138888888889
2755,91.0648148148148
2756,91.0648148148148
2757,91.0648148148148
2758,91.0648148148148
2759,91.0648148148148
2760,91.0648148148148
2761,91.0648148148148
2762,91.0648148148148
2763,91.0648148148148
2764,91.0648148148148
2765,91.0648148148148
2766,91.0648148148148
2767,91.0648148148148
2768,91.0648148148148
2769,91.0648148148148
2770,91.0648148148148
2771,91.0648148148148
2772,91.0648148148148
2773,192.157407407407
2774,192.157407407407
2775,192.157407407407
2776,192.157407407407
2777,192.157407407407
2778,192.157407407407
2779,192.157407407407
2780,192.157407407407
2781,192.157407407407
2782,192.157407407407
2783,192.157407407407
2784,192.157407407407
2785,192.157407407407
2786,192.157407407407
2787,192.157407407407
2788,192.157407407407
2789,192.157407407407
2790,192.157407407407
2791,109.824074074074
2792,109.824074074074
2793,109.824074074074
2794,109.824074074074
2795,109.824074074074
2796,109.824074074074
2797,109.824074074074
2798,109.824074074074
2799,109.824074074074
2800,109.824074074074
2801,109.824074074074
2802,109.824074074074
2803,109.824074074074
2804,109.824074074074
2805,109.824074074074
2806,109.824074074074
2807,109.824074074074
2808,109.824074074074
2809,156.842592592593
2810,156.842592592593
2811,156.842592592593
2812,156.842592592593
2813,156.842592592593
2814,156.842592592593
2815,156.842592592593
2816,156.842592592593
2817,156.842592592593
2818,192.638888888889
2819,192.638888888889
2820,192.638888888889
2821,192.638888888889
2822,192.638888888889
2823,192.638888888889
2824,192.638888888889
2825,192.638888888889
2826,192.638888888889
2827,156.842592592593
2828,156.842592592593
2829,156.842592592593
2830,156.842592592593
2831,156.842592592593
2832,156.842592592593
2833,156.842592592593
2834,156.842592592593
2835,156.842592592593
2836,156.33024691358
2837,156.33024691358
2838,156.33024691358
2839,156.33024691358
2840,156.33024691358
2841,156.33024691358
2842,156.33024691358
2843,156.33024691358
2844,156.33024691358
2845,146.666666666667
2846,146.666666666667
2847,146.666666666667
2848,146.666666666667
2849,146.666666666667
2850,146.666666666667
2851,146.666666666667
2852,146.666666666667
2853,146.666666666667
2854,146.666666666667
2855,146.666666666667
2856,146.666666666667
2857,146.666666666667
2858,146.666666666667
2859,146.666666666667
2860,146.666666666667
2861,146.666666666667
2862,146.666666666667
2863,156.33024691358
2864,156.33024691358
2865,156.33024691358
2866,156.33024691358
2867,156.33024691358
2868,156.33024691358
2869,156.33024691358
2870,156.33024691358
2871,156.33024691358
2872,156.33024691358
2873,156.33024691358
2874,156.33024691358
2875,156.33024691358
2876,156.33024691358
2877,156.33024691358
2878,156.33024691358
2879,156.33024691358
2880,156.33024691358
2881,199.569444444444
2882,199.569444444444
2883,199.569444444444
2884,199.569444444444
2885,199.569444444444
2886,199.569444444444
2887,199.569444444444
2888,199.569444444444
2889,199.569444444444
2890,199.569444444444
2891,199.569444444444
2892,199.569444444444
2893,199.569444444444
2894,199.569444444444
2895,199.569444444444
2896,199.569444444444
2897,199.569444444444
2898,199.569444444444
2899,259.527777777778
2900,259.527777777778
2901,259.527777777778
2902,259.527777777778
2903,259.527777777778
2904,259.527777777778
2905,259.527777777778
2906,259.527777777778
2907,259.527777777778
2908,185.768518518519
2909,185.768518518519
2910,185.768518518519
2911,185.768518518519
2912,185.768518518519
2913,185.768518518519
2914,185.768518518519
2915,185.768518518519
2916,185.768518518519
2917,185.768518518519
2918,185.768518518519
2919,185.768518518519
2920,185.768518518519
2921,185.768518518519
2922,185.768518518519
2923,185.768518518519
2924,185.768518518519
2925,185.768518518519
2926,126.657407407407
2927,126.657407407407
2928,126.657407407407
2929,126.657407407407
2930,126.657407407407
2931,126.657407407407
2932,126.657407407407
2933,126.657407407407
2934,126.657407407407
2935,126.657407407407
2936,126.657407407407
2937,126.657407407407
2938,126.657407407407
2939,126.657407407407
2940,126.657407407407
2941,126.657407407407
2942,126.657407407407
2943,126.657407407407
2944,117.314814814815
2945,117.314814814815
2946,117.314814814815
2947,117.314814814815
2948,117.314814814815
2949,117.314814814815
2950,117.314814814815
2951,117.314814814815
2952,117.314814814815
2953,117.453703703704
2954,117.453703703704
2955,117.453703703704
2956,117.453703703704
2957,117.453703703704
2958,117.453703703704
2959,117.453703703704
2960,117.453703703704
2961,117.453703703704
2962,117.453703703704
2963,117.453703703704
2964,117.453703703704
2965,117.453703703704
2966,117.453703703704
2967,117.453703703704
2968,117.453703703704
2969,117.453703703704
2970,117.453703703704
2971,51.4351851851852
2972,51.4351851851852
2973,51.4351851851852
2974,51.4351851851852
2975,51.4351851851852
2976,51.4351851851852
2977,51.4351851851852
2978,51.4351851851852
2979,51.4351851851852
2980,40.7453703703704
2981,40.7453703703704
2982,40.7453703703704
2983,40.7453703703704
2984,40.7453703703704
2985,40.7453703703704
2986,40.7453703703704
2987,40.7453703703704
2988,40.7453703703704
2989,40.7453703703704
2990,40.7453703703704
2991,40.7453703703704
2992,40.7453703703704
2993,40.7453703703704
2994,40.7453703703704
2995,40.7453703703704
2996,40.7453703703704
2997,40.7453703703704
2998,138.212962962963
2999,138.212962962963
3000,138.212962962963
3001,138.212962962963
3002,138.212962962963
3003,138.212962962963
3004,138.212962962963
3005,138.212962962963
3006,138.212962962963
3007,99.7962962962963
3008,99.7962962962963
3009,99.7962962962963
3010,99.7962962962963
3011,99.7962962962963
3012,99.7962962962963
3013,99.7962962962963
3014,99.7962962962963
3015,99.7962962962963
3016,99.7962962962963
3017,99.7962962962963
3018,99.7962962962963
3019,99.7962962962963
3020,99.7962962962963
3021,99.7962962962963
3022,99.7962962962963
3023,99.7962962962963
3024,99.7962962962963
3025,21.4814814814815
3026,21.4814814814815
3027,21.4814814814815
3028,21.4814814814815
3029,21.4814814814815
3030,21.4814814814815
3031,21.4814814814815
3032,21.4814814814815
3033,21.4814814814815
3034,247.472222222222
3035,247.472222222222
3036,247.472222222222
3037,247.472222222222
3038,247.472222222222
3039,247.472222222222
3040,247.472222222222
3041,247.472222222222
3042,247.472222222222
3043,164.703703703704
3044,164.703703703704
3045,164.703703703704
3046,164.703703703704
3047,164.703703703704
3048,164.703703703704
3049,164.703703703704
3050,164.703703703704
3051,164.703703703704
3052,24.0277777777778
3053,24.0277777777778
3054,24.0277777777778
3055,24.0277777777778
3056,24.0277777777778
3057,24.0277777777778
3058,24.0277777777778
3059,24.0277777777778
3060,24.0277777777778
3061,326.87962962963
3062,326.87962962963
3063,326.87962962963
3064,326.87962962963
3065,326.87962962963
3066,326.87962962963
3067,326.87962962963
3068,326.87962962963
3069,326.87962962963
3070,92.6574074074074
3071,92.6574074074074
3072,92.6574074074074
3073,92.6574074074074
3074,92.6574074074074
3075,92.6574074074074
3076,92.6574074074074
3077,92.6574074074074
3078,92.6574074074074
3079,294.296296296296
3080,294.296296296296
3081,294.296296296296
3082,294.296296296296
3083,294.296296296296
3084,294.296296296296
3085,294.296296296296
3086,294.296296296296
3087,294.296296296296
3088,164.703703703704
3089,164.703703703704
3090,164.703703703704
3091,164.703703703704
3092,164.703703703704
3093,164.703703703704
3094,164.703703703704
3095,164.703703703704
3096,164.703703703704
3097,118.388888888889
3098,118.388888888889
3099,118.388888888889
3100,118.388888888889
3101,118.388888888889
3102,118.388888888889
3103,118.388888888889
3104,118.388888888889
3105,118.388888888889
3106,254.351851851852
3107,254.351851851852
3108,254.351851851852
3109,254.351851851852
3110,254.351851851852
3111,254.351851851852
3112,254.351851851852
3113,254.351851851852
3114,254.351851851852
3115,173.953703703704
3116,173.953703703704
3117,173.953703703704
3118,173.953703703704
3119,173.953703703704
3120,173.953703703704
3121,173.953703703704
3122,173.953703703704
3123,173.953703703704
3124,310.212962962963
3125,310.212962962963
3126,310.212962962963
3127,310.212962962963
3128,310.212962962963
3129,310.212962962963
3130,310.212962962963
3131,310.212962962963
3132,310.212962962963
3133,317.287037037037
3134,317.287037037037
3135,317.287037037037
3136,317.287037037037
3137,317.287037037037
3138,317.287037037037
3139,317.287037037037
3140,317.287037037037
3141,317.287037037037
3142,76.8796296296296
3143,76.8796296296296
3144,76.8796296296296
3145,76.8796296296296
3146,76.8796296296296
3147,76.8796296296296
3148,76.8796296296296
3149,76.8796296296296
3150,76.8796296296296
3151,122.717592592593
3152,122.717592592593
3153,122.717592592593
3154,122.717592592593
3155,122.717592592593
3156,122.717592592593
3157,122.717592592593
3158,122.717592592593
3159,122.717592592593
3160,122.717592592593
3161,122.717592592593
3162,122.717592592593
3163,122.717592592593
3164,122.717592592593
3165,122.717592592593
3166,122.717592592593
3167,122.717592592593
3168,122.717592592593
3169,222.138888888889
3170,222.138888888889
3171,222.138888888889
3172,222.138888888889
3173,222.138888888889
3174,222.138888888889
3175,222.138888888889
3176,222.138888888889
3177,222.138888888889
3178,222.138888888889
3179,222.138888888889
3180,222.138888888889
3181,222.138888888889
3182,222.138888888889
3183,222.138888888889
3184,222.138888888889
3185,222.138888888889
3186,222.138888888889
3187,91.0648148148148
3188,91.0648148148148
3189,91.0648148148148
3190,91.0648148148148
3191,91.0648148148148
3192,91.0648148148148
3193,91.0648148148148
3194,91.0648148148148
3195,91.0648148148148
3196,91.0648148148148
3197,91.0648148148148
3198,91.0648148148148
3199,91.0648148148148
3200,91.0648148148148
3201,91.0648148148148
3202,91.0648148148148
3203,91.0648148148148
3204,91.0648148148148
3205,192.157407407407
3206,192.157407407407
3207,192.157407407407
3208,192.157407407407
3209,192.157407407407
3210,192.157407407407
3211,192.157407407407
3212,192.157407407407
3213,192.157407407407
3214,192.157407407407
3215,192.157407407407
3216,192.157407407407
3217,192.157407407407
3218,192.157407407407
3219,192.157407407407
3220,192.157407407407
3221,192.157407407407
3222,192.157407407407
3223,109.824074074074
3224,109.824074074074
3225,109.824074074074
3226,109.824074074074
3227,109.824074074074
3228,109.824074074074
3229,109.824074074074
3230,109.824074074074
3231,109.824074074074
3232,109.824074074074
3233,109.824074074074
3234,109.824074074074
3235,109.824074074074
3236,109.824074074074
3237,109.824074074074
3238,109.824074074074
3239,109.824074074074
3240,109.824074074074
3241,156.842592592593
3242,156.842592592593
3243,156.842592592593
3244,156.842592592593
3245,156.842592592593
3246,156.842592592593
3247,156.842592592593
3248,156.842592592593
3249,156.842592592593
3250,156.842592592593
3251,156.842592592593
3252,156.842592592593
3253,156.842592592593
3254,156.842592592593
3255,156.842592592593
3256,156.842592592593
3257,156.842592592593
3258,156.842592592593
3259,192.638888888889
3260,192.638888888889
3261,192.638888888889
3262,192.638888888889
3263,192.638888888889
3264,192.638888888889
3265,192.638888888889
3266,192.638888888889
3267,192.638888888889
3268,146.666666666667
3269,146.666666666667
3270,146.666666666667
3271,146.666666666667
3272,146.666666666667
3273,146.666666666667
3274,146.666666666667
3275,146.666666666667
3276,146.666666666667
3277,156.33024691358
3278,156.33024691358
3279,156.33024691358
3280,156.33024691358
3281,156.33024691358
3282,156.33024691358
3283,156.33024691358
3284,156.33024691358
3285,156.33024691358
3286,156.33024691358
3287,156.33024691358
3288,156.33024691358
3289,156.33024691358
3290,156.33024691358
3291,156.33024691358
3292,156.33024691358
3293,156.33024691358
3294,156.33024691358
3295,156.33024691358
3296,156.33024691358
3297,156.33024691358
3298,156.33024691358
3299,156.33024691358
3300,156.33024691358
3301,156.33024691358
3302,156.33024691358
3303,156.33024691358
3304,146.666666666667
3305,146.666666666667
3306,146.666666666667
3307,146.666666666667
3308,146.666666666667
3309,146.666666666667
3310,146.666666666667
3311,146.666666666667
3312,146.666666666667
3313,199.569444444444
3314,199.569444444444
3315,199.569444444444
3316,199.569444444444
3317,199.569444444444
3318,199.569444444444
3319,199.569444444444
3320,199.569444444444
3321,199.569444444444
3322,199.569444444444
3323,199.569444444444
3324,199.569444444444
3325,199.569444444444
3326,199.569444444444
3327,199.569444444444
3328,199.569444444444
3329,199.569444444444
3330,199.569444444444
3331,259.527777777778
3332,259.527777777778
3333,259.527777777778
3334,259.527777777778
3335,259.527777777778
3336,259.527777777778
3337,259.527777777778
3338,259.527777777778
3339,259.527777777778
3340,185.768518518519
3341,185.768518518519
3342,185.768518518519
3343,185.768518518519
3344,185.768518518519
3345,185.768518518519
3346,185.768518518519
3347,185.768518518519
3348,185.768518518519
3349,185.768518518519
3350,185.768518518519
3351,185.768518518519
3352,185.768518518519
3353,185.768518518519
3354,185.768518518519
3355,185.768518518519
3356,185.768518518519
3357,185.768518518519
3358,126.657407407407
3359,126.657407407407
3360,126.657407407407
3361,126.657407407407
3362,126.657407407407
3363,126.657407407407
3364,126.657407407407
3365,126.657407407407
3366,126.657407407407
3367,126.657407407407
3368,126.657407407407
3369,126.657407407407
3370,126.657407407407
3371,126.657407407407
3372,126.657407407407
3373,126.657407407407
3374,126.657407407407
3375,126.657407407407
3376,117.314814814815
3377,117.314814814815
3378,117.314814814815
3379,117.314814814815
3380,117.314814814815
3381,117.314814814815
3382,117.314814814815
3383,117.314814814815
3384,117.314814814815
3385,117.453703703704
3386,117.453703703704
3387,117.453703703704
3388,117.453703703704
3389,117.453703703704
3390,117.453703703704
3391,117.453703703704
3392,117.453703703704
3393,117.453703703704
3394,117.453703703704
3395,117.453703703704
3396,117.453703703704
3397,117.453703703704
3398,117.453703703704
3399,117.453703703704
3400,117.453703703704
3401,117.453703703704
3402,117.453703703704
3403,51.4351851851852
3404,51.4351851851852
3405,51.4351851851852
3406,51.4351851851852
3407,51.4351851851852
3408,51.4351851851852
3409,51.4351851851852
3410,51.4351851851852
3411,51.4351851851852
3412,40.7453703703704
3413,40.7453703703704
3414,40.7453703703704
3415,40.7453703703704
3416,40.7453703703704
3417,40.7453703703704
3418,40.7453703703704
3419,40.7453703703704
3420,40.7453703703704
3421,40.7453703703704
3422,40.7453703703704
3423,40.7453703703704
3424,40.7453703703704
3425,40.7453703703704
3426,40.7453703703704
3427,40.7453703703704
3428,40.7453703703704
3429,40.7453703703704
3430,99.7962962962963
3431,99.7962962962963
3432,99.7962962962963
3433,99.7962962962963
3434,99.7962962962963
3435,99.7962962962963
3436,99.7962962962963
3437,99.7962962962963
3438,99.7962962962963
3439,99.7962962962963
3440,99.7962962962963
3441,99.7962962962963
3442,99.7962962962963
3443,99.7962962962963
3444,99.7962962962963
3445,99.7962962962963
3446,99.7962962962963
3447,99.7962962962963
3448,138.212962962963
3449,138.212962962963
3450,138.212962962963
3451,138.212962962963
3452,138.212962962963
3453,138.212962962963
3454,138.212962962963
3455,138.212962962963
3456,138.212962962963
3457,21.4814814814815
3458,21.4814814814815
3459,21.4814814814815
3460,21.4814814814815
3461,21.4814814814815
3462,21.4814814814815
3463,21.4814814814815
3464,21.4814814814815
3465,21.4814814814815
3466,247.472222222222
3467,247.472222222222
3468,247.472222222222
3469,247.472222222222
3470,247.472222222222
3471,247.472222222222
3472,247.472222222222
3473,247.472222222222
3474,247.472222222222
3475,164.703703703704
3476,164.703703703704
3477,164.703703703704
3478,164.703703703704
3479,164.703703703704
3480,164.703703703704
3481,164.703703703704
3482,164.703703703704
3483,164.703703703704
3484,24.0277777777778
3485,24.0277777777778
3486,24.0277777777778
3487,24.0277777777778
3488,24.0277777777778
3489,24.0277777777778
3490,24.0277777777778
3491,24.0277777777778
3492,24.0277777777778
3493,326.87962962963
3494,326.87962962963
3495,326.87962962963
3496,326.87962962963
3497,326.87962962963
3498,326.87962962963
3499,326.87962962963
3500,326.87962962963
3501,326.87962962963
3502,92.6574074074074
3503,92.6574074074074
3504,92.6574074074074
3505,92.6574074074074
3506,92.6574074074074
3507,92.6574074074074
3508,92.6574074074074
3509,92.6574074074074
3510,92.6574074074074
3511,294.296296296296
3512,294.296296296296
3513,294.296296296296
3514,294.296296296296
3515,294.296296296296
3516,294.296296296296
3517,294.296296296296
3518,294.296296296296
3519,294.296296296296
3520,164.703703703704
3521,164.703703703704
3522,164.703703703704
3523,164.703703703704
3524,164.703703703704
3525,164.703703703704
3526,164.703703703704
3527,164.703703703704
3528,164.703703703704
3529,118.388888888889
3530,118.388888888889
3531,118.388888888889
3532,118.388888888889
3533,118.388888888889
3534,118.388888888889
3535,118.388888888889
3536,118.388888888889
3537,118.388888888889
3538,254.351851851852
3539,254.351851851852
3540,254.351851851852
3541,254.351851851852
3542,254.351851851852
3543,254.351851851852
3544,254.351851851852
3545,254.351851851852
3546,254.351851851852
3547,173.953703703704
3548,173.953703703704
3549,173.953703703704
3550,173.953703703704
3551,173.953703703704
3552,173.953703703704
3553,173.953703703704
3554,173.953703703704
3555,173.953703703704
3556,310.212962962963
3557,310.212962962963
3558,310.212962962963
3559,310.212962962963
3560,310.212962962963
3561,310.212962962963
3562,310.212962962963
3563,310.212962962963
3564,310.212962962963
3565,317.287037037037
3566,317.287037037037
3567,317.287037037037
3568,317.287037037037
3569,317.287037037037
3570,317.287037037037
3571,317.287037037037
3572,317.287037037037
3573,317.287037037037
3574,76.8796296296296
3575,76.8796296296296
3576,76.8796296296296
3577,76.8796296296296
3578,76.8796296296296
3579,76.8796296296296
3580,76.8796296296296
3581,76.8796296296296
3582,76.8796296296296
3583,122.717592592593
3584,122.717592592593
3585,122.717592592593
3586,122.717592592593
3587,122.717592592593
3588,122.717592592593
3589,122.717592592593
3590,122.717592592593
3591,122.717592592593
3592,122.717592592593
3593,122.717592592593
3594,122.717592592593
3595,122.717592592593
3596,122.717592592593
3597,122.717592592593
3598,122.717592592593
3599,122.717592592593
3600,122.717592592593
3601,222.138888888889
3602,222.138888888889
3603,222.138888888889
3604,222.138888888889
3605,222.138888888889
3606,222.138888888889
3607,222.138888888889
3608,222.138888888889
3609,222.138888888889
3610,222.138888888889
3611,222.138888888889
3612,222.138888888889
3613,222.138888888889
3614,222.138888888889
3615,222.138888888889
3616,222.138888888889
3617,222.138888888889
3618,222.138888888889
3619,91.0648148148148
3620,91.0648148148148
3621,91.0648148148148
3622,91.0648148148148
3623,91.0648148148148
3624,91.0648148148148
3625,91.0648148148148
3626,91.0648148148148
3627,91.0648148148148
3628,91.0648148148148
3629,91.0648148148148
3630,91.0648148148148
3631,91.0648148148148
3632,91.0648148148148
3633,91.0648148148148
3634,91.0648148148148
3635,91.0648148148148
3636,91.0648148148148
3637,109.824074074074
3638,109.824074074074
3639,109.824074074074
3640,109.824074074074
3641,109.824074074074
3642,109.824074074074
3643,109.824074074074
3644,109.824074074074
3645,109.824074074074
3646,192.157407407407
3647,192.157407407407
3648,192.157407407407
3649,192.157407407407
3650,192.157407407407
3651,192.157407407407
3652,192.157407407407
3653,192.157407407407
3654,192.157407407407
3655,192.157407407407
3656,192.157407407407
3657,192.157407407407
3658,192.157407407407
3659,192.157407407407
3660,192.157407407407
3661,192.157407407407
3662,192.157407407407
3663,192.157407407407
3664,109.824074074074
3665,109.824074074074
3666,109.824074074074
3667,109.824074074074
3668,109.824074074074
3669,109.824074074074
3670,109.824074074074
3671,109.824074074074
3672,109.824074074074
3673,156.842592592593
3674,156.842592592593
3675,156.842592592593
3676,156.842592592593
3677,156.842592592593
3678,156.842592592593
3679,156.842592592593
3680,156.842592592593
3681,156.842592592593
3682,156.842592592593
3683,156.842592592593
3684,156.842592592593
3685,156.842592592593
3686,156.842592592593
3687,156.842592592593
3688,156.842592592593
3689,156.842592592593
3690,156.842592592593
3691,192.638888888889
3692,192.638888888889
3693,192.638888888889
3694,192.638888888889
3695,192.638888888889
3696,192.638888888889
3697,192.638888888889
3698,192.638888888889
3699,192.638888888889
3700,146.666666666667
3701,146.666666666667
3702,146.666666666667
3703,146.666666666667
3704,146.666666666667
3705,146.666666666667
3706,146.666666666667
3707,146.666666666667
3708,146.666666666667
3709,156.33024691358
3710,156.33024691358
3711,156.33024691358
3712,156.33024691358
3713,156.33024691358
3714,156.33024691358
3715,156.33024691358
3716,156.33024691358
3717,156.33024691358
3718,146.666666666667
3719,146.666666666667
3720,146.666666666667
3721,146.666666666667
3722,146.666666666667
3723,146.666666666667
3724,146.666666666667
3725,146.666666666667
3726,146.666666666667
3727,156.33024691358
3728,156.33024691358
3729,156.33024691358
3730,156.33024691358
3731,156.33024691358
3732,156.33024691358
3733,156.33024691358
3734,156.33024691358
3735,156.33024691358
3736,156.33024691358
3737,156.33024691358
3738,156.33024691358
3739,156.33024691358
3740,156.33024691358
3741,156.33024691358
3742,156.33024691358
3743,156.33024691358
3744,156.33024691358
3745,259.527777777778
3746,259.527777777778
3747,259.527777777778
3748,259.527777777778
3749,259.527777777778
3750,259.527777777778
3751,259.527777777778
3752,259.527777777778
3753,259.527777777778
3754,199.569444444444
3755,199.569444444444
3756,199.569444444444
3757,199.569444444444
3758,199.569444444444
3759,199.569444444444
3760,199.569444444444
3761,199.569444444444
3762,199.569444444444
3763,199.569444444444
3764,199.569444444444
3765,199.569444444444
3766,199.569444444444
3767,199.569444444444
3768,199.569444444444
3769,199.569444444444
3770,199.569444444444
3771,199.569444444444
3772,185.768518518519
3773,185.768518518519
3774,185.768518518519
3775,185.768518518519
3776,185.768518518519
3777,185.768518518519
3778,185.768518518519
3779,185.768518518519
3780,185.768518518519
3781,185.768518518519
3782,185.768518518519
3783,185.768518518519
3784,185.768518518519
3785,185.768518518519
3786,185.768518518519
3787,185.768518518519
3788,185.768518518519
3789,185.768518518519
3790,126.657407407407
3791,126.657407407407
3792,126.657407407407
3793,126.657407407407
3794,126.657407407407
3795,126.657407407407
3796,126.657407407407
3797,126.657407407407
3798,126.657407407407
3799,126.657407407407
3800,126.657407407407
3801,126.657407407407
3802,126.657407407407
3803,126.657407407407
3804,126.657407407407
3805,126.657407407407
3806,126.657407407407
3807,126.657407407407
3808,117.314814814815
3809,117.314814814815
3810,117.314814814815
3811,117.314814814815
3812,117.314814814815
3813,117.314814814815
3814,117.314814814815
3815,117.314814814815
3816,117.314814814815
3817,117.453703703704
3818,117.453703703704
3819,117.453703703704
3820,117.453703703704
3821,117.453703703704
3822,117.453703703704
3823,117.453703703704
3824,117.453703703704
3825,117.453703703704
3826,117.453703703704
3827,117.453703703704
3828,117.453703703704
3829,117.453703703704
3830,117.453703703704
3831,117.453703703704
3832,117.453703703704
3833,117.453703703704
3834,117.453703703704
3835,51.4351851851852
3836,51.4351851851852
3837,51.4351851851852
3838,51.4351851851852
3839,51.4351851851852
3840,51.4351851851852
3841,51.4351851851852
3842,51.4351851851852
3843,51.4351851851852
3844,40.7453703703704
3845,40.7453703703704
3846,40.7453703703704
3847,40.7453703703704
3848,40.7453703703704
3849,40.7453703703704
3850,40.7453703703704
3851,40.7453703703704
3852,40.7453703703704
3853,40.7453703703704
3854,40.7453703703704
3855,40.7453703703704
3856,40.7453703703704
3857,40.7453703703704
3858,40.7453703703704
3859,40.7453703703704
3860,40.7453703703704
3861,40.7453703703704
3862,138.212962962963
3863,138.212962962963
3864,138.212962962963
3865,138.212962962963
3866,138.212962962963
3867,138.212962962963
3868,138.212962962963
3869,138.212962962963
3870,138.212962962963
3871,99.7962962962963
3872,99.7962962962963
3873,99.7962962962963
3874,99.7962962962963
3875,99.7962962962963
3876,99.7962962962963
3877,99.7962962962963
3878,99.7962962962963
3879,99.7962962962963
3880,99.7962962962963
3881,99.7962962962963
3882,99.7962962962963
3883,99.7962962962963
3884,99.7962962962963
3885,99.7962962962963
3886,99.7962962962963
3887,99.7962962962963
3888,99.7962962962963
3889,21.4814814814815
3890,21.4814814814815
3891,21.4814814814815
3892,21.4814814814815
3893,21.4814814814815
3894,21.4814814814815
3895,21.4814814814815
3896,21.4814814814815
3897,21.4814814814815
3898,247.472222222222
3899,247.472222222222
3900,247.472222222222
3901,247.472222222222
3902,247.472222222222
3903,247.472222222222
3904,247.472222222222
3905,247.472222222222
3906,247.472222222222
3907,164.703703703704
3908,164.703703703704
3909,164.703703703704
3910,164.703703703704
3911,164.703703703704
3912,164.703703703704
3913,164.703703703704
3914,164.703703703704
3915,164.703703703704
3916,24.0277777777778
3917,24.0277777777778
3918,24.0277777777778
3919,24.0277777777778
3920,24.0277777777778
3921,24.0277777777778
3922,24.0277777777778
3923,24.0277777777778
3924,24.0277777777778
3925,326.87962962963
3926,326.87962962963
3927,326.87962962963
3928,326.87962962963
3929,326.87962962963
3930,326.87962962963
3931,326.87962962963
3932,326.87962962963
3933,326.87962962963
3934,92.6574074074074
3935,92.6574074074074
3936,92.6574074074074
3937,92.6574074074074
3938,92.6574074074074
3939,92.6574074074074
3940,92.6574074074074
3941,92.6574074074074
3942,92.6574074074074
3943,294.296296296296
3944,294.296296296296
3945,294.296296296296
3946,294.296296296296
3947,294.296296296296
3948,294.296296296296
3949,294.296296296296
3950,294.296296296296
3951,294.296296296296
3952,164.703703703704
3953,164.703703703704
3954,164.703703703704
3955,164.703703703704
3956,164.703703703704
3957,164.703703703704
3958,164.703703703704
3959,164.703703703704
3960,164.703703703704
3961,118.388888888889
3962,118.388888888889
3963,118.388888888889
3964,118.388888888889
3965,118.388888888889
3966,118.388888888889
3967,118.388888888889
3968,118.388888888889
3969,118.388888888889
3970,254.351851851852
3971,254.351851851852
3972,254.351851851852
3973,254.351851851852
3974,254.351851851852
3975,254.351851851852
3976,254.351851851852
3977,254.351851851852
3978,254.351851851852
3979,173.953703703704
3980,173.953703703704
3981,173.953703703704
3982,173.953703703704
3983,173.953703703704
3984,173.953703703704
3985,173.953703703704
3986,173.953703703704
3987,173.953703703704
3988,310.212962962963
3989,310.212962962963
3990,310.212962962963
3991,310.212962962963
3992,310.212962962963
3993,310.212962962963
3994,310.212962962963
3995,310.212962962963
3996,310.212962962963
3997,317.287037037037
3998,317.287037037037
3999,317.287037037037
4000,317.287037037037
4001,317.287037037037
4002,317.287037037037
4003,317.287037037037
4004,317.287037037037
4005,317.287037037037
4006,122.717592592593
4007,122.717592592593
4008,122.717592592593
4009,122.717592592593
4010,122.717592592593
4011,122.717592592593
4012,122.717592592593
4013,122.717592592593
4014,122.717592592593
4015,76.8796296296296
4016,76.8796296296296
4017,76.8796296296296
4018,76.8796296296296
4019,76.8796296296296
4020,76.8796296296296
4021,76.8796296296296
4022,76.8796296296296
4023,76.8796296296296
4024,122.717592592593
4025,122.717592592593
4026,122.717592592593
4027,122.717592592593
4028,122.717592592593
4029,122.717592592593
4030,122.717592592593
4031,122.717592592593
4032,122.717592592593
4033,222.138888888889
4034,222.138888888889
4035,222.138888888889
4036,222.138888888889
4037,222.138888888889
4038,222.138888888889
4039,222.138888888889
4040,222.138888888889
4041,222.138888888889
4042,222.138888888889
4043,222.138888888889
4044,222.138888888889
4045,222.138888888889
4046,222.138888888889
4047,222.138888888889
4048,222.138888888889
4049,222.138888888889
4050,222.138888888889
4051,91.0648148148148
4052,91.0648148148148
4053,91.0648148148148
4054,91.0648148148148
4055,91.0648148148148
4056,91.0648148148148
4057,91.0648148148148
4058,91.0648148148148
4059,91.0648148148148
4060,91.0648148148148
4061,91.0648148148148
4062,91.0648148148148
4063,91.0648148148148
4064,91.0648148148148
4065,91.0648148148148
4066,91.0648148148148
4067,91.0648148148148
4068,91.0648148148148
4069,109.824074074074
4070,109.824074074074
4071,109.824074074074
4072,109.824074074074
4073,109.824074074074
4074,109.824074074074
4075,109.824074074074
4076,109.824074074074
4077,109.824074074074
4078,192.157407407407
4079,192.157407407407
4080,192.157407407407
4081,192.157407407407
4082,192.157407407407
4083,192.157407407407
4084,192.157407407407
4085,192.157407407407
4086,192.157407407407
4087,192.157407407407
4088,192.157407407407
4089,192.157407407407
4090,192.157407407407
4091,192.157407407407
4092,192.157407407407
4093,192.157407407407
4094,192.157407407407
4095,192.157407407407
4096,109.824074074074
4097,109.824074074074
4098,109.824074074074
4099,109.824074074074
4100,109.824074074074
4101,109.824074074074
4102,109.824074074074
4103,109.824074074074
4104,109.824074074074
4105,192.638888888889
4106,192.638888888889
4107,192.638888888889
4108,192.638888888889
4109,192.638888888889
4110,192.638888888889
4111,192.638888888889
4112,192.638888888889
4113,192.638888888889
4114,156.842592592593
4115,156.842592592593
4116,156.842592592593
4117,156.842592592593
4118,156.842592592593
4119,156.842592592593
4120,156.842592592593
4121,156.842592592593
4122,156.842592592593
4123,156.842592592593
4124,156.842592592593
4125,156.842592592593
4126,156.842592592593
4127,156.842592592593
4128,156.842592592593
4129,156.842592592593
4130,156.842592592593
4131,156.842592592593
4132,156.33024691358
4133,156.33024691358
4134,156.33024691358
4135,156.33024691358
4136,156.33024691358
4137,156.33024691358
4138,156.33024691358
4139,156.33024691358
4140,156.33024691358
4141,146.666666666667
4142,146.666666666667
4143,146.666666666667
4144,146.666666666667
4145,146.666666666667
4146,146.666666666667
4147,146.666666666667
4148,146.666666666667
4149,146.666666666667
4150,146.666666666667
4151,146.666666666667
4152,146.666666666667
4153,146.666666666667
4154,146.666666666667
4155,146.666666666667
4156,146.666666666667
4157,146.666666666667
4158,146.666666666667
4159,156.33024691358
4160,156.33024691358
4161,156.33024691358
4162,156.33024691358
4163,156.33024691358
4164,156.33024691358
4165,156.33024691358
4166,156.33024691358
4167,156.33024691358
4168,156.33024691358
4169,156.33024691358
4170,156.33024691358
4171,156.33024691358
4172,156.33024691358
4173,156.33024691358
4174,156.33024691358
4175,156.33024691358
4176,156.33024691358
4177,199.569444444444
4178,199.569444444444
4179,199.569444444444
4180,199.569444444444
4181,199.569444444444
4182,199.569444444444
4183,199.569444444444
4184,199.569444444444
4185,199.569444444444
4186,199.569444444444
4187,199.569444444444
4188,199.569444444444
4189,199.569444444444
4190,199.569444444444
4191,199.569444444444
4192,199.569444444444
4193,199.569444444444
4194,199.569444444444
4195,259.527777777778
4196,259.527777777778
4197,259.527777777778
4198,259.527777777778
4199,259.527777777778
4200,259.527777777778
4201,259.527777777778
4202,259.527777777778
4203,259.527777777778
4204,185.768518518519
4205,185.768518518519
4206,185.768518518519
4207,185.768518518519
4208,185.768518518519
4209,185.768518518519
4210,185.768518518519
4211,185.768518518519
4212,185.768518518519
4213,185.768518518519
4214,185.768518518519
4215,185.768518518519
4216,185.768518518519
4217,185.768518518519
4218,185.768518518519
4219,185.768518518519
4220,185.768518518519
4221,185.768518518519
4222,126.657407407407
4223,126.657407407407
4224,126.657407407407
4225,126.657407407407
4226,126.657407407407
4227,126.657407407407
4228,126.657407407407
4229,126.657407407407
4230,126.657407407407
4231,126.657407407407
4232,126.657407407407
4233,126.657407407407
4234,126.657407407407
4235,126.657407407407
4236,126.657407407407
4237,126.657407407407
4238,126.657407407407
4239,126.657407407407
4240,117.314814814815
4241,117.314814814815
4242,117.314814814815
4243,117.314814814815
4244,117.314814814815
4245,117.314814814815
4246,117.314814814815
4247,117.314814814815
4248,117.314814814815
4249,117.453703703704
4250,117.453703703704
4251,117.453703703704
4252,117.453703703704
4253,117.453703703704
4254,117.453703703704
4255,117.453703703704
4256,117.453703703704
4257,117.453703703704
4258,117.453703703704
4259,117.453703703704
4260,117.453703703704
4261,117.453703703704
4262,117.453703703704
4263,117.453703703704
4264,117.453703703704
4265,117.453703703704
4266,117.453703703704
4267,51.4351851851852
4268,51.4351851851852
4269,51.4351851851852
4270,51.4351851851852
4271,51.4351851851852
4272,51.4351851851852
4273,51.4351851851852
4274,51.4351851851852
4275,51.4351851851852
4276,40.7453703703704
4277,40.7453703703704
4278,40.7453703703704
4279,40.7453703703704
4280,40.7453703703704
4281,40.7453703703704
4282,40.7453703703704
4283,40.7453703703704
4284,40.7453703703704
4285,40.7453703703704
4286,40.7453703703704
4287,40.7453703703704
4288,40.7453703703704
4289,40.7453703703704
4290,40.7453703703704
4291,40.7453703703704
4292,40.7453703703704
4293,40.7453703703704
4294,99.7962962962963
4295,99.7962962962963
4296,99.7962962962963
4297,99.7962962962963
4298,99.7962962962963
4299,99.7962962962963
4300,99.7962962962963
4301,99.7962962962963
4302,99.7962962962963
4303,99.7962962962963
4304,99.7962962962963
4305,99.7962962962963
4306,99.7962962962963
4307,99.7962962962963
4308,99.7962962962963
4309,99.7962962962963
4310,99.7962962962963
4311,99.7962962962963
4312,138.212962962963
4313,138.212962962963
4314,138.212962962963
4315,138.212962962963
4316,138.212962962963
4317,138.212962962963
4318,138.212962962963
4319,138.212962962963
4320,138.212962962963
4321,21.4814814814815
4322,21.4814814814815
4323,21.4814814814815
4324,21.4814814814815
4325,21.4814814814815
4326,21.4814814814815
4327,21.4814814814815
4328,21.4814814814815
4329,21.4814814814815
4330,247.472222222222
4331,247.472222222222
4332,247.472222222222
4333,247.472222222222
4334,247.472222222222
4335,247.472222222222
4336,247.472222222222
4337,247.472222222222
4338,247.472222222222
4339,164.703703703704
4340,164.703703703704
4341,164.703703703704
4342,164.703703703704
4343,164.703703703704
4344,164.703703703704
4345,164.703703703704
4346,164.703703703704
4347,164.703703703704
4348,24.0277777777778
4349,24.0277777777778
4350,24.0277777777778
4351,24.0277777777778
4352,24.0277777777778
4353,24.0277777777778
4354,24.0277777777778
4355,24.0277777777778
4356,24.0277777777778
4357,326.87962962963
4358,326.87962962963
4359,326.87962962963
4360,326.87962962963
4361,326.87962962963
4362,326.87962962963
4363,326.87962962963
4364,326.87962962963
4365,326.87962962963
4366,92.6574074074074
4367,92.6574074074074
4368,92.6574074074074
4369,92.6574074074074
4370,92.6574074074074
4371,92.6574074074074
4372,92.6574074074074
4373,92.6574074074074
4374,92.6574074074074
4375,294.296296296296
4376,294.296296296296
4377,294.296296296296
4378,294.296296296296
4379,294.296296296296
4380,294.296296296296
4381,294.296296296296
4382,294.296296296296
4383,294.296296296296
4384,164.703703703704
4385,164.703703703704
4386,164.703703703704
4387,164.703703703704
4388,164.703703703704
4389,164.703703703704
4390,164.703703703704
4391,164.703703703704
4392,164.703703703704
4393,118.388888888889
4394,118.388888888889
4395,118.388888888889
4396,118.388888888889
4397,118.388888888889
4398,118.388888888889
4399,118.388888888889
4400,118.388888888889
4401,118.388888888889
4402,254.351851851852
4403,254.351851851852
4404,254.351851851852
4405,254.351851851852
4406,254.351851851852
4407,254.351851851852
4408,254.351851851852
4409,254.351851851852
4410,254.351851851852
4411,173.953703703704
4412,173.953703703704
4413,173.953703703704
4414,173.953703703704
4415,173.953703703704
4416,173.953703703704
4417,173.953703703704
4418,173.953703703704
4419,173.953703703704
4420,310.212962962963
4421,310.212962962963
4422,310.212962962963
4423,310.212962962963
4424,310.212962962963
4425,310.212962962963
4426,310.212962962963
4427,310.212962962963
4428,310.212962962963
4429,317.287037037037
4430,317.287037037037
4431,317.287037037037
4432,317.287037037037
4433,317.287037037037
4434,317.287037037037
4435,317.287037037037
4436,317.287037037037
4437,317.287037037037
4438,122.717592592593
4439,122.717592592593
4440,122.717592592593
4441,122.717592592593
4442,122.717592592593
4443,122.717592592593
4444,122.717592592593
4445,122.717592592593
4446,122.717592592593
4447,122.717592592593
4448,122.717592592593
4449,122.717592592593
4450,122.717592592593
4451,122.717592592593
4452,122.717592592593
4453,122.717592592593
4454,122.717592592593
4455,122.717592592593
4456,76.8796296296296
4457,76.8796296296296
4458,76.8796296296296
4459,76.8796296296296
4460,76.8796296296296
4461,76.8796296296296
4462,76.8796296296296
4463,76.8796296296296
4464,76.8796296296296
4465,222.138888888889
4466,222.138888888889
4467,222.138888888889
4468,222.138888888889
4469,222.138888888889
4470,222.138888888889
4471,222.138888888889
4472,222.138888888889
4473,222.138888888889
4474,222.138888888889
4475,222.138888888889
4476,222.138888888889
4477,222.138888888889
4478,222.138888888889
4479,222.138888888889
4480,222.138888888889
4481,222.138888888889
4482,222.138888888889
4483,91.0648148148148
4484,91.0648148148148
4485,91.0648148148148
4486,91.0648148148148
4487,91.0648148148148
4488,91.0648148148148
4489,91.0648148148148
4490,91.0648148148148
4491,91.0648148148148
4492,91.0648148148148
4493,91.0648148148148
4494,91.0648148148148
4495,91.0648148148148
4496,91.0648148148148
4497,91.0648148148148
4498,91.0648148148148
4499,91.0648148148148
4500,91.0648148148148
4501,109.824074074074
4502,109.824074074074
4503,109.824074074074
4504,109.824074074074
4505,109.824074074074
4506,109.824074074074
4507,109.824074074074
4508,109.824074074074
4509,109.824074074074
4510,192.157407407407
4511,192.157407407407
4512,192.157407407407
4513,192.157407407407
4514,192.157407407407
4515,192.157407407407
4516,192.157407407407
4517,192.157407407407
4518,192.157407407407
4519,192.157407407407
4520,192.157407407407
4521,192.157407407407
4522,192.157407407407
4523,192.157407407407
4524,192.157407407407
4525,192.157407407407
4526,192.157407407407
4527,192.157407407407
4528,109.824074074074
4529,109.824074074074
4530,109.824074074074
4531,109.824074074074
4532,109.824074074074
4533,109.824074074074
4534,109.824074074074
4535,109.824074074074
4536,109.824074074074
4537,192.638888888889
4538,192.638888888889
4539,192.638888888889
4540,192.638888888889
4541,192.638888888889
4542,192.638888888889
4543,192.638888888889
4544,192.638888888889
4545,192.638888888889
4546,156.842592592593
4547,156.842592592593
4548,156.842592592593
4549,156.842592592593
4550,156.842592592593
4551,156.842592592593
4552,156.842592592593
4553,156.842592592593
4554,156.842592592593
4555,156.842592592593
4556,156.842592592593
4557,156.842592592593
4558,156.842592592593
4559,156.842592592593
4560,156.842592592593
4561,156.842592592593
4562,156.842592592593
4563,156.842592592593
4564,156.33024691358
4565,156.33024691358
4566,156.33024691358
4567,156.33024691358
4568,156.33024691358
4569,156.33024691358
4570,156.33024691358
4571,156.33024691358
4572,156.33024691358
4573,146.666666666667
4574,146.666666666667
4575,146.666666666667
4576,146.666666666667
4577,146.666666666667
4578,146.666666666667
4579,146.666666666667
4580,146.666666666667
4581,146.666666666667
4582,156.33024691358
4583,156.33024691358
4584,156.33024691358
4585,156.33024691358
4586,156.33024691358
4587,156.33024691358
4588,156.33024691358
4589,156.33024691358
4590,156.33024691358
4591,146.666666666667
4592,146.666666666667
4593,146.666666666667
4594,146.666666666667
4595,146.666666666667
4596,146.666666666667
4597,146.666666666667
4598,146.666666666667
4599,146.666666666667
4600,156.33024691358
4601,156.33024691358
4602,156.33024691358
4603,156.33024691358
4604,156.33024691358
4605,156.33024691358
4606,156.33024691358
4607,156.33024691358
4608,156.33024691358
4609,199.569444444444
4610,199.569444444444
4611,199.569444444444
4612,199.569444444444
4613,199.569444444444
4614,199.569444444444
4615,199.569444444444
4616,199.569444444444
4617,199.569444444444
4618,259.527777777778
4619,259.527777777778
4620,259.527777777778
4621,259.527777777778
4622,259.527777777778
4623,259.527777777778
4624,259.527777777778
4625,259.527777777778
4626,259.527777777778
4627,199.569444444444
4628,199.569444444444
4629,199.569444444444
4630,199.569444444444
4631,199.569444444444
4632,199.569444444444
4633,199.569444444444
4634,199.569444444444
4635,199.569444444444
4636,185.768518518519
4637,185.768518518519
4638,185.768518518519
4639,185.768518518519
4640,185.768518518519
4641,185.768518518519
4642,185.768518518519
4643,185.768518518519
4644,185.768518518519
4645,185.768518518519
4646,185.768518518519
4647,185.768518518519
4648,185.768518518519
4649,185.768518518519
4650,185.768518518519
4651,185.768518518519
4652,185.768518518519
4653,185.768518518519
4654,126.657407407407
4655,126.657407407407
4656,126.657407407407
4657,126.657407407407
4658,126.657407407407
4659,126.657407407407
4660,126.657407407407
4661,126.657407407407
4662,126.657407407407
4663,126.657407407407
4664,126.657407407407
4665,126.657407407407
4666,126.657407407407
4667,126.657407407407
4668,126.657407407407
4669,126.657407407407
4670,126.657407407407
4671,126.657407407407
4672,117.453703703704
4673,117.453703703704
4674,117.453703703704
4675,117.453703703704
4676,117.453703703704
4677,117.453703703704
4678,117.453703703704
4679,117.453703703704
4680,117.453703703704
4681,117.314814814815
4682,117.314814814815
4683,117.314814814815
4684,117.314814814815
4685,117.314814814815
4686,117.314814814815
4687,117.314814814815
4688,117.314814814815
4689,117.314814814815
4690,117.453703703704
4691,117.453703703704
4692,117.453703703704
4693,117.453703703704
4694,117.453703703704
4695,117.453703703704
4696,117.453703703704
4697,117.453703703704
4698,117.453703703704
4699,51.4351851851852
4700,51.4351851851852
4701,51.4351851851852
4702,51.4351851851852
4703,51.4351851851852
4704,51.4351851851852
4705,51.4351851851852
4706,51.4351851851852
4707,51.4351851851852
4708,40.7453703703704
4709,40.7453703703704
4710,40.7453703703704
4711,40.7453703703704
4712,40.7453703703704
4713,40.7453703703704
4714,40.7453703703704
4715,40.7453703703704
4716,40.7453703703704
4717,40.7453703703704
4718,40.7453703703704
4719,40.7453703703704
4720,40.7453703703704
4721,40.7453703703704
4722,40.7453703703704
4723,40.7453703703704
4724,40.7453703703704
4725,40.7453703703704
4726,99.7962962962963
4727,99.7962962962963
4728,99.7962962962963
4729,99.7962962962963
4730,99.7962962962963
4731,99.7962962962963
4732,99.7962962962963
4733,99.7962962962963
4734,99.7962962962963
4735,99.7962962962963
4736,99.7962962962963
4737,99.7962962962963
4738,99.7962962962963
4739,99.7962962962963
4740,99.7962962962963
4741,99.7962962962963
4742,99.7962962962963
4743,99.7962962962963
4744,138.212962962963
4745,138.212962962963
4746,138.212962962963
4747,138.212962962963
4748,138.212962962963
4749,138.212962962963
4750,138.212962962963
4751,138.212962962963
4752,138.212962962963
4753,21.4814814814815
4754,21.4814814814815
4755,21.4814814814815
4756,21.4814814814815
4757,21.4814814814815
4758,21.4814814814815
4759,21.4814814814815
4760,21.4814814814815
4761,21.4814814814815
4762,247.472222222222
4763,247.472222222222
4764,247.472222222222
4765,247.472222222222
4766,247.472222222222
4767,247.472222222222
4768,247.472222222222
4769,247.472222222222
4770,247.472222222222
4771,164.703703703704
4772,164.703703703704
4773,164.703703703704
4774,164.703703703704
4775,164.703703703704
4776,164.703703703704
4777,164.703703703704
4778,164.703703703704
4779,164.703703703704
4780,24.0277777777778
4781,24.0277777777778
4782,24.0277777777778
4783,24.0277777777778
4784,24.0277777777778
4785,24.0277777777778
4786,24.0277777777778
4787,24.0277777777778
4788,24.0277777777778
4789,326.87962962963
4790,326.87962962963
4791,326.87962962963
4792,326.87962962963
4793,326.87962962963
4794,326.87962962963
4795,326.87962962963
4796,326.87962962963
4797,326.87962962963
4798,92.6574074074074
4799,92.6574074074074
4800,92.6574074074074
4801,92.6574074074074
4802,92.6574074074074
4803,92.6574074074074
4804,92.6574074074074
4805,92.6574074074074
4806,92.6574074074074
4807,294.296296296296
4808,294.296296296296
4809,294.296296296296
4810,294.296296296296
4811,294.296296296296
4812,294.296296296296
4813,294.296296296296
4814,294.296296296296
4815,294.296296296296
4816,164.703703703704
4817,164.703703703704
4818,164.703703703704
4819,164.703703703704
4820,164.703703703704
4821,164.703703703704
4822,164.703703703704
4823,164.703703703704
4824,164.703703703704
4825,118.388888888889
4826,118.388888888889
4827,118.388888888889
4828,118.388888888889
4829,118.388888888889
4830,118.388888888889
4831,118.388888888889
4832,118.388888888889
4833,118.388888888889
4834,254.351851851852
4835,254.351851851852
4836,254.351851851852
4837,254.351851851852
4838,254.351851851852
4839,254.351851851852
4840,254.351851851852
4841,254.351851851852
4842,254.351851851852
4843,173.953703703704
4844,173.953703703704
4845,173.953703703704
4846,173.953703703704
4847,173.953703703704
4848,173.953703703704
4849,173.953703703704
4850,173.953703703704
4851,173.953703703704
4852,310.212962962963
4853,310.212962962963
4854,310.212962962963
4855,310.212962962963
4856,310.212962962963
4857,310.212962962963
4858,310.212962962963
4859,310.212962962963
4860,310.212962962963
4861,317.287037037037
4862,317.287037037037
4863,317.287037037037
4864,317.287037037037
4865,317.287037037037
4866,317.287037037037
4867,317.287037037037
4868,317.287037037037
4869,317.287037037037
4870,122.717592592593
4871,122.717592592593
4872,122.717592592593
4873,122.717592592593
4874,122.717592592593
4875,122.717592592593
4876,122.717592592593
4877,122.717592592593
4878,122.717592592593
4879,76.8796296296296
4880,76.8796296296296
4881,76.8796296296296
4882,76.8796296296296
4883,76.8796296296296
4884,76.8796296296296
4885,76.8796296296296
4886,76.8796296296296
4887,76.8796296296296
4888,122.717592592593
4889,122.717592592593
4890,122.717592592593
4891,122.717592592593
4892,122.717592592593
4893,122.717592592593
4894,122.717592592593
4895,122.717592592593
4896,122.717592592593
4897,222.138888888889
4898,222.138888888889
4899,222.138888888889
4900,222.138888888889
4901,222.138888888889
4902,222.138888888889
4903,222.138888888889
4904,222.138888888889
4905,222.138888888889
4906,222.138888888889
4907,222.138888888889
4908,222.138888888889
4909,222.138888888889
4910,222.138888888889
4911,222.138888888889
4912,222.138888888889
4913,222.138888888889
4914,222.138888888889
4915,91.0648148148148
4916,91.0648148148148
4917,91.0648148148148
4918,91.0648148148148
4919,91.0648148148148
4920,91.0648148148148
4921,91.0648148148148
4922,91.0648148148148
4923,91.0648148148148
4924,91.0648148148148
4925,91.0648148148148
4926,91.0648148148148
4927,91.0648148148148
4928,91.0648148148148
4929,91.0648148148148
4930,91.0648148148148
4931,91.0648148148148
4932,91.0648148148148
4933,192.157407407407
4934,192.157407407407
4935,192.157407407407
4936,192.157407407407
4937,192.157407407407
4938,192.157407407407
4939,192.157407407407
4940,192.157407407407
4941,192.157407407407
4942,192.157407407407
4943,192.157407407407
4944,192.157407407407
4945,192.157407407407
4946,192.157407407407
4947,192.157407407407
4948,192.157407407407
4949,192.157407407407
4950,192.157407407407
4951,109.824074074074
4952,109.824074074074
4953,109.824074074074
4954,109.824074074074
4955,109.824074074074
4956,109.824074074074
4957,109.824074074074
4958,109.824074074074
4959,109.824074074074
4960,109.824074074074
4961,109.824074074074
4962,109.824074074074
4963,109.824074074074
4964,109.824074074074
4965,109.824074074074
4966,109.824074074074
4967,109.824074074074
4968,109.824074074074
4969,156.842592592593
4970,156.842592592593
4971,156.842592592593
4972,156.842592592593
4973,156.842592592593
4974,156.842592592593
4975,156.842592592593
4976,156.842592592593
4977,156.842592592593
4978,192.638888888889
4979,192.638888888889
4980,192.638888888889
4981,192.638888888889
4982,192.638888888889
4983,192.638888888889
4984,192.638888888889
4985,192.638888888889
4986,192.638888888889
4987,156.842592592593
4988,156.842592592593
4989,156.842592592593
4990,156.842592592593
4991,156.842592592593
4992,156.842592592593
4993,156.842592592593
4994,156.842592592593
4995,156.842592592593
4996,156.33024691358
4997,156.33024691358
4998,156.33024691358
4999,156.33024691358
5000,156.33024691358
5001,156.33024691358
5002,156.33024691358
5003,156.33024691358
5004,156.33024691358
5005,156.33024691358
5006,156.33024691358
5007,156.33024691358
5008,156.33024691358
5009,156.33024691358
5010,156.33024691358
5011,156.33024691358
5012,156.33024691358
5013,156.33024691358
5014,146.666666666667
5015,146.666666666667
5016,146.666666666667
5017,146.666666666667
5018,146.666666666667
5019,146.666666666667
5020,146.666666666667
5021,146.666666666667
5022,146.666666666667
5023,156.33024691358
5024,156.33024691358
5025,156.33024691358
5026,156.33024691358
5027,156.33024691358
5028,156.33024691358
5029,156.33024691358
5030,156.33024691358
5031,156.33024691358
5032,146.666666666667
5033,146.666666666667
5034,146.666666666667
5035,146.666666666667
5036,146.666666666667
5037,146.666666666667
5038,146.666666666667
5039,146.666666666667
5040,146.666666666667
5041,199.569444444444
5042,199.569444444444
5043,199.569444444444
5044,199.569444444444
5045,199.569444444444
5046,199.569444444444
5047,199.569444444444
5048,199.569444444444
5049,199.569444444444
5050,259.527777777778
5051,259.527777777778
5052,259.527777777778
5053,259.527777777778
5054,259.527777777778
5055,259.527777777778
5056,259.527777777778
5057,259.527777777778
5058,259.527777777778
5059,199.569444444444
5060,199.569444444444
5061,199.569444444444
5062,199.569444444444
5063,199.569444444444
5064,199.569444444444
5065,199.569444444444
5066,199.569444444444
5067,199.569444444444
5068,185.768518518519
5069,185.768518518519
5070,185.768518518519
5071,185.768518518519
5072,185.768518518519
5073,185.768518518519
5074,185.768518518519
5075,185.768518518519
5076,185.768518518519
5077,185.768518518519
5078,185.768518518519
5079,185.768518518519
5080,185.768518518519
5081,185.768518518519
5082,185.768518518519
5083,185.768518518519
5084,185.768518518519
5085,185.768518518519
5086,126.657407407407
5087,126.657407407407
5088,126.657407407407
5089,126.657407407407
5090,126.657407407407
5091,126.657407407407
5092,126.657407407407
5093,126.657407407407
5094,126.657407407407
5095,126.657407407407
5096,126.657407407407
5097,126.657407407407
5098,126.657407407407
5099,126.657407407407
5100,126.657407407407
5101,126.657407407407
5102,126.657407407407
5103,126.657407407407
5104,117.453703703704
5105,117.453703703704
5106,117.453703703704
5107,117.453703703704
5108,117.453703703704
5109,117.453703703704
5110,117.453703703704
5111,117.453703703704
5112,117.453703703704
5113,117.453703703704
5114,117.453703703704
5115,117.453703703704
5116,117.453703703704
5117,117.453703703704
5118,117.453703703704
5119,117.453703703704
5120,117.453703703704
5121,117.453703703704
5122,117.314814814815
5123,117.314814814815
5124,117.314814814815
5125,117.314814814815
5126,117.314814814815
5127,117.314814814815
5128,117.314814814815
5129,117.314814814815
5130,117.314814814815
5131,51.4351851851852
5132,51.4351851851852
5133,51.4351851851852
5134,51.4351851851852
5135,51.4351851851852
5136,51.4351851851852
5137,51.4351851851852
5138,51.4351851851852
5139,51.4351851851852
5140,40.7453703703704
5141,40.7453703703704
5142,40.7453703703704
5143,40.7453703703704
5144,40.7453703703704
5145,40.7453703703704
5146,40.7453703703704
5147,40.7453703703704
5148,40.7453703703704
5149,40.7453703703704
5150,40.7453703703704
5151,40.7453703703704
5152,40.7453703703704
5153,40.7453703703704
5154,40.7453703703704
5155,40.7453703703704
5156,40.7453703703704
5157,40.7453703703704
5158,99.7962962962963
5159,99.7962962962963
5160,99.7962962962963
5161,99.7962962962963
5162,99.7962962962963
5163,99.7962962962963
5164,99.7962962962963
5165,99.7962962962963
5166,99.7962962962963
5167,138.212962962963
5168,138.212962962963
5169,138.212962962963
5170,138.212962962963
5171,138.212962962963
5172,138.212962962963
5173,138.212962962963
5174,138.212962962963
5175,138.212962962963
5176,99.7962962962963
5177,99.7962962962963
5178,99.7962962962963
5179,99.7962962962963
5180,99.7962962962963
5181,99.7962962962963
5182,99.7962962962963
5183,99.7962962962963
5184,99.7962962962963
