"recno","date","day","x3_1","x3_2","x3_2drm","x3_3"
1,1,14,3,600,600,1
1,1,19,4,800,800,1
1,1,20,4,700,700,1
1,1,21,4,650,650,1
1,1,26,4,800,800,1
1,1,27,4,600,600,1
1,1,28,3,1000,1000,1
1,1,29,3,900,900,1
2,1,28,1,50000,50000,1
5,1,16,2,1800,1800,1
5,1,22,3,500,500,1
5,1,24,3,500,500,1
5,1,27,3,500,500,1
6,1,21,3,300,300,1
6,1,28,2,4500,4500,1
7,1,12,3,500,500,1
7,1,13,3,500,500,1
7,1,14,3,500,500,1
7,1,15,3,500,500,1
7,1,16,3,500,500,1
7,1,17,3,500,500,1
7,1,19,3,500,500,1
7,1,20,3,500,500,1
7,1,21,3,500,500,1
7,1,22,3,500,500,1
7,1,23,3,500,500,1
7,1,24,3,500,500,1
7,1,26,3,500,500,1
7,1,27,3,500,500,1
7,1,28,1,8000,8000,1
7,1,29,3,500,500,1
7,1,30,3,500,500,1
7,1,31,3,500,500,1
18,1,12,3,1500,1500,1
18,1,12,4,1500,1500,1
18,1,14,3,400,400,1
18,1,20,3,350,350,1
18,1,22,3,600,600,1
18,1,26,3,300,300,1
18,1,28,3,350,350,1
18,1,29,3,250,250,1
19,1,19,3,500,500,1
19,1,21,3,600,600,1
19,1,22,3,500,500,1
19,1,25,3,500,500,1
19,1,29,3,500,500,1
19,1,30,3,600,600,1
28,1,28,1,30000,30000,1
36,1,12,3,200,200,1
36,1,13,3,200,200,1
36,1,14,3,200,200,1
36,1,15,3,200,200,1
36,1,16,3,200,200,1
36,1,17,3,200,200,1
36,1,18,3,200,200,1
36,1,19,3,200,200,1
36,1,22,3,200,200,1
36,1,23,3,200,200,1
36,1,24,3,200,200,1
36,1,25,3,200,200,1
36,1,27,3,200,200,1
36,1,28,3,200,200,1
36,1,29,3,200,200,1
36,1,30,3,200,200,1
36,1,31,3,200,200,1
40,1,19,3,800,800,1
40,1,20,3,16000,16000,1
40,1,24,3,14500,14500,1
40,1,27,3,15000,15000,1
40,1,29,3,800,800,1
40,1,30,3,14500,14500,1
42,1,19,3,1500,1500,1
42,1,20,3,3800,3800,1
42,1,21,3,17500,17500,1
42,1,22,3,11500,11500,1
42,1,23,3,600,600,1
42,1,26,3,17500,17500,1
42,1,27,3,18000,18000,1
42,1,28,2,18000,18000,1
42,1,29,3,12000,12000,1
44,1,12,3,1200,1200,1
44,1,13,4,200,200,1
44,1,14,3,1200,1200,1
44,1,15,4,200,200,1
44,1,16,4,200,200,1
44,1,19,4,200,200,1
44,1,20,4,200,200,1
44,1,21,4,200,200,1
44,1,22,4,200,200,1
44,1,23,4,200,200,1
44,1,26,4,200,200,1
44,1,27,4,200,200,1
44,1,29,4,200,200,1
44,1,30,4,200,200,1
51,1,12,3,1500,1500,1
51,1,13,3,1500,1500,1
51,1,14,3,1500,1500,1
51,1,15,3,1500,1500,1
51,1,16,3,1500,1500,1
51,1,19,3,1500,1500,1
51,1,20,3,1500,1500,1
51,1,21,3,1500,1500,1
51,1,22,3,1500,1500,1
51,1,23,3,1500,1500,1
51,1,26,3,1500,1500,1
51,1,27,3,1500,1500,1
51,1,28,3,1500,1500,1
51,1,29,3,1500,1500,1
51,1,30,3,1500,1500,1
52,1,10,2,9000,9000,1
52,1,12,3,3000,3000,1
52,1,13,3,3000,3000,1
52,1,14,3,3000,3000,1
52,1,15,3,3000,3000,1
52,1,16,3,3000,3000,1
52,1,17,3,3000,3000,1
52,1,18,3,3000,3000,1
52,1,19,3,3000,3000,1
52,1,20,3,3000,3000,1
52,1,21,3,3000,3000,1
52,1,22,3,3000,3000,1
52,1,23,3,3000,3000,1
52,1,24,3,3000,3000,1
52,1,25,3,3000,3000,1
52,1,26,3,3000,3000,1
52,1,27,3,3000,3000,1
52,1,28,3,3000,3000,1
52,1,29,3,3000,3000,1
52,1,30,3,3000,3000,1
52,1,31,3,3000,3000,1
54,1,12,3,200,200,1
54,1,13,3,200,200,1
54,1,14,3,200,200,1
54,1,15,3,200,200,1
54,1,16,3,200,200,1
54,1,19,3,200,200,1
54,1,20,3,200,200,1
54,1,21,3,200,200,1
54,1,22,3,200,200,1
54,1,23,3,200,200,1
54,1,26,3,200,200,1
54,1,27,3,200,200,1
54,1,28,3,200,200,1
54,1,29,3,200,200,1
54,1,30,3,200,200,1
55,1,22,4,2000,2000,1
55,1,29,4,2000,2000,1
56,1,14,2,3000,3000,1
56,1,21,2,2500,2500,1
56,1,28,2,2500,2500,1
57,1,20,2,10000,10000,1
57,1,20,3,2000,2000,1
57,1,27,2,10000,10000,1
57,1,27,3,2000,2000,1
62,1,20,2,25000,25000,1
62,1,20,3,400,400,1
62,1,27,2,25000,25000,1
62,1,27,3,1400,1400,1
62,1,31,2,5000,5000,1
62,1,31,3,600,600,1
66,1,16,3,1000,1000,1
66,1,16,4,500,500,1
66,1,17,4,500,500,1
66,1,18,3,1000,1000,1
66,1,18,4,500,500,1
66,1,19,4,500,500,1
66,1,20,3,1000,1000,1
66,1,20,4,500,500,1
66,1,22,3,1000,1000,1
66,1,22,4,500,500,1
66,1,25,3,1000,1000,1
66,1,26,3,1000,1000,1
66,1,28,3,1000,1000,1
66,1,28,4,500,500,1
66,1,29,3,1000,1000,1
66,1,29,4,500,500,1
81,1,12,3,200,200,1
81,1,13,3,200,200,1
81,1,14,3,200,200,1
81,1,16,3,200,200,1
81,1,19,3,200,200,1
81,1,20,3,200,200,1
81,1,21,3,200,200,1
81,1,22,3,200,200,1
81,1,23,3,200,200,1
81,1,26,3,200,200,1
81,1,27,3,200,200,1
81,1,29,3,200,200,1
81,1,30,3,200,200,1
82,1,1,3,1200,1200,1
82,1,12,3,350,350,1
82,1,13,3,300,300,1
82,1,14,3,300,300,1
82,1,15,3,500,500,1
82,1,16,3,350,350,1
82,1,17,3,350,350,1
82,1,18,3,450,450,1
82,1,19,3,400,400,1
82,1,20,3,400,400,1
82,1,21,3,550,550,1
82,1,23,3,600,600,1
82,1,24,3,500,500,1
82,1,25,3,500,500,1
82,1,26,3,500,500,1
82,1,28,3,450,450,1
82,1,29,3,700,700,1
82,1,30,3,400,400,1
82,1,31,3,400,400,1
86,1,12,3,600,600,1
86,1,13,3,300,300,1
86,1,14,3,400,400,1
86,1,15,3,560,560,1
86,1,16,3,400,400,1
86,1,17,3,400,400,1
86,1,21,3,400,400,1
86,1,22,3,600,600,1
86,1,23,3,450,450,1
86,1,25,3,400,400,1
86,1,28,3,400,400,1
86,1,29,3,250,250,1
92,1,12,4,500,500,1
92,1,15,4,500,500,1
92,1,16,4,500,500,1
92,1,17,4,500,500,1
92,1,18,4,500,500,1
92,1,19,4,500,500,1
92,1,20,4,500,500,1
92,1,21,4,500,500,1
92,1,22,4,500,500,1
92,1,23,4,500,500,1
92,1,24,4,500,500,1
92,1,25,4,500,500,1
92,1,26,4,500,500,1
92,1,27,4,500,500,1
92,1,28,4,500,500,1
92,1,29,4,500,500,1
92,1,30,4,500,500,1
92,1,31,4,500,500,1
95,1,12,3,1000,1000,1
95,1,13,3,1000,1000,1
95,1,14,3,1000,1000,1
95,1,15,3,1000,1000,1
95,1,16,3,1000,1000,1
95,1,19,3,1000,1000,1
95,1,21,3,1000,1000,1
95,1,22,3,1000,1000,1
95,1,23,3,1000,1000,1
95,1,26,3,1000,1000,1
95,1,27,3,1000,1000,1
95,1,28,3,1000,1000,1
95,1,29,3,1000,1000,1
95,1,30,3,1000,1000,1
97,1,12,3,2000,2000,1
97,1,13,3,2000,2000,1
97,1,14,3,2000,2000,1
97,1,15,3,2000,2000,1
97,1,16,3,2000,2000,1
97,1,19,3,1500,1500,1
97,1,20,3,2000,2000,1
97,1,21,3,2000,2000,1
97,1,22,3,2000,2000,1
97,1,23,3,2000,2000,1
97,1,26,3,2000,2000,1
97,1,27,3,2000,2000,1
97,1,28,3,2000,2000,1
97,1,29,3,2000,2000,1
97,1,30,3,2000,2000,1
99,1,12,3,300,300,1
99,1,13,3,200,200,1
99,1,14,3,200,200,1
99,1,15,3,200,200,1
99,1,16,3,200,200,1
99,1,19,3,200,200,1
99,1,20,3,200,200,1
99,1,21,3,200,200,1
99,1,22,3,200,200,1
99,1,23,3,200,200,1
99,1,26,3,200,200,1
99,1,27,3,200,200,1
99,1,28,3,200,200,1
99,1,29,3,200,200,1
99,1,30,3,200,200,1
113,1,19,3,200,200,1
113,1,20,3,200,200,1
113,1,21,3,200,200,1
113,1,22,3,200,200,1
113,1,23,3,200,200,1
113,1,26,3,200,200,1
113,1,27,3,200,200,1
113,1,29,3,300,300,1
113,1,30,3,300,300,1
154,1,15,3,200,200,1
154,1,19,3,200,200,1
154,1,20,3,200,200,1
154,1,22,3,150,150,1
154,1,24,3,200,200,1
154,1,26,3,150,150,1
154,1,27,3,200,200,1
154,1,28,3,200,200,1
156,1,14,3,300,300,1
156,1,15,3,400,400,1
156,1,16,3,300,300,1
156,1,19,4,300,300,1
156,1,20,3,400,400,1
156,1,21,3,300,300,1
156,1,23,3,200,200,1
156,1,27,3,300,300,1
156,1,28,3,200,200,1
156,1,29,3,300,300,1
156,1,30,3,400,400,1
156,1,31,3,300,300,1
157,1,12,3,200,200,1
157,1,12,4,400,400,1
157,1,12,5,300,300,1
157,1,13,4,200,200,1
157,1,13,5,300,300,1
157,1,14,4,200,200,1
157,1,14,5,800,800,1
157,1,15,4,300,300,1
157,1,16,3,1200,1200,1
157,1,20,4,700,700,1
157,1,20,5,300,300,1
157,1,21,4,500,500,1
157,1,26,4,500,500,1
157,1,26,5,200,200,1
157,1,29,3,200,200,1
157,1,29,4,700,700,1
161,1,12,3,200,200,1
161,1,13,3,150,150,1
161,1,14,3,200,200,1
161,1,15,3,200,200,1
161,1,16,3,200,200,1
161,1,19,3,100,100,1
161,1,20,3,200,200,1
161,1,21,3,150,150,1
161,1,22,3,200,200,1
161,1,29,3,200,200,1
161,1,30,3,200,200,1
161,1,31,3,150,150,1
162,1,12,3,100,100,1
162,1,16,3,500,500,1
162,1,18,3,300,300,1
164,1,19,2,5000,5000,1
164,1,21,2,5000,5000,1
164,1,23,2,5000,5000,1
164,1,31,2,5000,5000,1
202,1,13,3,500,500,1
202,1,14,3,400,400,1
202,1,15,3,400,400,1
202,1,16,3,200,200,1
202,1,19,3,1000,1000,1
202,1,20,3,200,200,1
202,1,21,3,200,200,1
202,1,22,3,500,500,1
202,1,23,3,600,600,1
202,1,26,3,400,400,1
202,1,27,3,400,400,1
253,1,15,3,500,500,1
253,1,16,3,400,400,1
253,1,19,3,500,500,1
253,1,20,3,400,400,1
253,1,21,3,400,400,1
253,1,22,3,500,500,1
253,1,23,3,400,400,1
253,1,27,3,500,500,1
253,1,28,3,100,100,1
253,1,29,3,500,500,1
253,1,30,3,400,400,1
254,1,12,3,400,400,1
254,1,14,3,400,400,1
254,1,15,3,400,400,1
254,1,16,3,500,500,1
254,1,17,3,400,400,1
254,1,19,3,500,500,1
254,1,20,3,400,400,1
254,1,21,3,400,400,1
254,1,22,3,300,300,1
254,1,23,3,400,400,1
254,1,24,3,500,500,1
254,1,26,3,400,400,1
254,1,27,3,400,400,1
254,1,29,3,500,500,1
254,1,30,3,400,400,1
254,1,31,3,500,500,1
256,1,1,2,3500,3500,1
256,1,14,2,1000,1000,1
256,1,17,2,1000,1000,1
256,1,20,2,1200,1200,1
256,1,24,2,1500,1500,1
256,1,27,2,1000,1000,1
256,1,30,2,1000,1000,1
258,1,1,2,10000,10000,1
258,1,14,3,1000,1000,1
258,1,15,3,1000,1000,1
258,1,16,3,1000,1000,1
258,1,19,3,1000,1000,1
258,1,20,3,500,500,1
258,1,21,3,800,800,1
258,1,22,3,1000,1000,1
258,1,23,3,900,900,1
258,1,26,3,1000,1000,1
258,1,27,3,1000,1000,1
258,1,28,3,1000,1000,1
258,1,29,3,1000,1000,1
258,1,30,3,1000,1000,1
261,1,15,3,300,300,1
261,1,16,3,250,250,1
261,1,19,3,400,400,1
261,1,21,3,200,200,1
261,1,23,3,300,300,1
261,1,29,3,200,200,1
273,1,15,5,220,220,1
274,1,13,3,300,300,1
274,1,14,3,300,300,1
274,1,15,3,300,300,1
274,1,16,3,300,300,1
274,1,19,3,300,300,1
274,1,20,3,300,300,1
274,1,21,3,300,300,1
274,1,22,3,300,300,1
274,1,23,3,300,300,1
309,1,12,3,150,150,1
309,1,13,3,150,150,1
309,1,14,3,150,150,1
309,1,15,3,150,150,1
309,1,16,3,150,150,1
309,1,17,3,150,150,1
309,1,19,3,150,150,1
309,1,20,3,150,150,1
309,1,21,3,150,150,1
309,1,23,3,150,150,1
309,1,25,3,150,150,1
309,1,27,3,250,250,1
309,1,28,3,200,200,1
309,1,29,3,250,250,1
309,1,30,3,250,250,1
309,1,31,3,250,250,1
314,1,12,3,150,150,1
314,1,13,3,150,150,1
314,1,14,3,150,150,1
314,1,15,3,150,150,1
314,1,16,3,150,150,1
314,1,19,3,200,200,1
314,1,20,3,150,150,1
314,1,21,3,150,150,1
314,1,22,3,200,200,1
314,1,23,3,150,150,1
314,1,24,3,200,200,1
314,1,26,3,200,200,1
314,1,27,3,150,150,1
314,1,29,3,150,150,1
314,1,30,3,150,150,1
314,1,31,3,200,200,1
343,1,12,3,200,200,1
343,1,13,3,200,200,1
343,1,14,3,200,200,1
343,1,15,3,200,200,1
343,1,16,3,200,200,1
343,1,19,3,200,200,1
343,1,20,3,200,200,1
343,1,21,3,200,200,1
343,1,22,3,200,200,1
343,1,23,3,200,200,1
343,1,26,3,200,200,1
343,1,27,3,200,200,1
343,1,28,3,200,200,1
343,1,29,3,200,200,1
343,1,30,3,200,200,1
359,1,12,3,500,500,1
359,1,13,3,500,500,1
359,1,14,3,500,500,1
359,1,15,3,600,600,1
359,1,16,3,700,700,1
359,1,19,3,500,500,1
359,1,20,3,600,600,1
359,1,21,3,700,700,1
359,1,22,3,500,500,1
359,1,23,3,500,500,1
359,1,26,3,600,600,1
359,1,27,3,500,500,1
359,1,28,3,500,500,1
359,1,29,3,600,600,1
359,1,30,3,600,600,1
379,1,12,3,200,200,1
379,1,13,3,300,300,1
379,1,15,3,200,200,1
379,1,16,3,350,350,1
379,1,17,3,300,300,1
379,1,18,3,500,500,1
379,1,19,3,300,300,1
379,1,20,3,150,150,1
379,1,22,3,300,300,1
379,1,23,3,250,250,1
379,1,24,3,250,250,1
379,1,26,3,400,400,1
379,1,27,3,300,300,1
379,1,28,3,200,200,1
379,1,29,3,250,250,1
379,1,30,3,200,200,1
379,1,31,3,400,400,1
380,1,19,4,200,200,1
381,1,11,3,400,400,1
381,1,11,5,350,350,1
381,1,13,3,600,600,1
381,1,14,3,800,800,1
381,1,15,3,400,400,1
381,1,16,3,500,500,1
381,1,17,3,400,400,1
381,1,18,3,300,300,1
381,1,19,3,300,300,1
381,1,20,3,200,200,1
381,1,21,3,300,300,1
381,1,22,3,200,200,1
381,1,23,3,300,300,1
381,1,24,3,250,250,1
381,1,25,3,300,300,1
381,1,26,3,200,200,1
381,1,27,3,200,200,1
381,1,28,3,200,200,1
381,1,29,3,300,300,1
381,1,30,3,200,200,1
383,1,13,3,500,500,1
383,1,14,3,300,300,1
383,1,15,3,300,300,1
383,1,16,3,300,300,1
383,1,17,3,300,300,1
383,1,18,3,400,400,1
383,1,19,3,200,200,1
383,1,20,3,300,300,1
383,1,22,3,300,300,1
383,1,23,3,300,300,1
383,1,25,3,250,250,1
383,1,26,3,200,200,1
383,1,27,3,310,310,1
383,1,28,3,400,400,1
383,1,29,3,200,200,1
384,1,28,2,4000,4000,1
387,1,13,3,300,300,1
387,1,15,3,400,400,1
387,1,16,3,700,700,1
387,1,17,3,200,200,1
387,1,18,3,500,500,1
387,1,20,3,350,350,1
387,1,21,3,250,250,1
387,1,24,3,400,400,1
387,1,27,3,300,300,1
387,1,28,3,300,300,1
397,1,18,2,700,700,1
397,1,19,3,300,300,1
397,1,22,2,1250,1250,1
397,1,27,2,450,450,1
403,1,21,2,600,600,1
403,1,23,2,400,400,1
403,1,30,2,600,600,1
409,1,27,3,500,500,1
411,1,16,3,1000,1000,1
411,1,29,3,1000,1000,1
424,1,13,3,150,150,1
424,1,14,3,100,100,1
424,1,15,3,150,150,1
424,1,18,3,200,200,1
424,1,19,3,150,150,1
424,1,20,3,150,150,1
424,1,21,3,150,150,1
424,1,22,3,150,150,1
424,1,23,3,200,200,1
424,1,26,3,150,150,1
424,1,27,3,200,200,1
424,1,29,3,150,150,1
424,1,30,3,200,200,1
426,1,12,3,200,200,1
426,1,13,3,150,150,1
426,1,14,3,100,100,1
426,1,15,3,100,100,1
426,1,17,3,100,100,1
426,1,19,3,150,150,1
426,1,20,3,100,100,1
426,1,21,3,200,200,1
426,1,22,3,150,150,1
426,1,23,3,200,200,1
426,1,26,3,150,150,1
426,1,27,3,200,200,1
426,1,29,3,150,150,1
426,1,30,3,150,150,1
431,1,26,3,200,200,1
431,1,27,3,200,200,1
431,1,29,3,200,200,1
431,1,30,3,200,200,1
432,1,12,3,100,100,1
432,1,13,3,100,100,1
432,1,14,3,200,200,1
432,1,15,3,150,150,1
432,1,18,3,150,150,1
432,1,19,3,200,200,1
432,1,20,3,200,200,1
432,1,21,3,200,200,1
432,1,22,3,150,150,1
432,1,23,3,200,200,1
432,1,26,3,150,150,1
432,1,27,3,200,200,1
432,1,29,3,200,200,1
432,1,30,3,200,200,1
435,2,7,3,500,500,1
435,2,10,3,500,500,1
435,2,13,3,500,500,1
435,2,16,3,500,500,1
435,2,18,2,1500,1500,1
435,2,20,3,500,500,1
435,2,23,2,1500,1500,1
435,2,24,3,500,500,1
435,2,27,3,500,500,1
462,2,1,3,300,300,1
462,2,2,3,300,300,1
462,2,4,3,300,300,1
462,2,5,3,300,300,1
462,2,6,3,300,300,1
462,2,9,3,300,300,1
462,2,10,3,400,400,1
462,2,11,3,400,400,1
462,2,12,3,400,400,1
462,2,13,3,300,300,1
462,2,15,3,400,400,1
462,2,16,3,300,300,1
462,2,17,3,300,300,1
462,2,18,3,300,300,1
462,2,21,3,300,300,1
462,2,22,3,300,300,1
462,2,23,3,300,300,1
462,2,24,3,300,300,1
462,2,25,3,300,300,1
462,2,26,3,300,300,1
462,2,27,3,300,300,1
462,2,28,3,300,300,1
467,2,1,3,200,200,1
467,2,3,3,200,200,1
467,2,5,3,200,200,1
467,2,6,3,200,200,1
467,2,7,3,200,200,1
467,2,8,3,200,200,1
467,2,11,3,200,200,1
467,2,12,3,200,200,1
467,2,13,3,200,200,1
467,2,15,3,200,200,1
467,2,16,3,200,200,1
467,2,17,3,200,200,1
467,2,18,3,200,200,1
467,2,20,3,200,200,1
467,2,21,3,200,200,1
467,2,22,3,200,200,1
467,2,24,3,200,200,1
467,2,25,3,200,200,1
467,2,26,3,200,200,1
467,2,27,3,200,200,1
467,2,28,3,200,200,1
470,2,3,3,300,300,1
470,2,4,3,200,200,1
470,2,5,3,200,200,1
470,2,6,3,200,200,1
470,2,9,3,150,150,1
470,2,10,3,150,150,1
470,2,11,3,150,150,1
470,2,12,3,150,150,1
470,2,13,3,150,150,1
470,2,16,3,150,150,1
470,2,17,3,150,150,1
470,2,20,3,150,150,1
470,2,23,3,150,150,1
470,2,25,3,150,150,1
470,2,26,3,150,150,1
470,2,27,3,150,150,1
471,2,4,3,500,500,1
471,2,5,3,500,500,1
471,2,7,3,500,500,1
471,2,9,3,500,500,1
471,2,10,3,500,500,1
471,2,11,3,500,500,1
471,2,12,3,500,500,1
471,2,13,3,500,500,1
471,2,14,3,500,500,1
471,2,15,3,500,500,1
471,2,16,3,500,500,1
471,2,17,3,500,500,1
471,2,18,3,500,500,1
471,2,26,3,500,500,1
472,2,2,3,500,500,1
472,2,3,3,400,400,1
472,2,5,3,700,700,1
472,2,6,3,800,800,1
472,2,8,3,800,800,1
472,2,9,3,900,900,1
472,2,10,3,500,500,1
472,2,11,3,700,700,1
472,2,12,3,500,500,1
472,2,14,3,600,600,1
472,2,15,3,900,900,1
472,2,17,3,700,700,1
472,2,18,3,500,500,1
472,2,19,3,600,600,1
472,2,20,3,700,700,1
472,2,21,3,800,800,1
472,2,22,3,1000,1000,1
472,2,23,3,300,300,1
472,2,24,3,700,700,1
472,2,25,3,700,700,1
472,2,26,3,600,600,1
472,2,27,3,700,700,1
472,2,28,3,400,400,1
473,2,2,3,1000,1000,1
473,2,3,3,800,800,1
473,2,4,3,1000,1000,1
473,2,9,3,800,800,1
473,2,11,3,500,500,1
473,2,12,3,1000,1000,1
473,2,13,3,600,600,1
473,2,16,3,1000,1000,1
473,2,17,3,800,800,1
474,2,2,3,600,600,1
474,2,3,3,200,200,1
474,2,4,3,500,500,1
474,2,5,3,400,400,1
474,2,6,3,400,400,1
474,2,9,3,500,500,1
474,2,10,3,400,400,1
474,2,12,3,600,600,1
474,2,16,3,400,400,1
474,2,22,3,800,800,1
474,2,24,3,600,600,1
474,2,25,3,500,500,1
475,2,5,3,1000,1000,1
475,2,17,3,1000,1000,1
475,2,23,3,1000,1000,1
479,2,1,3,1000,1000,1
479,2,2,3,1000,1000,1
479,2,3,3,1000,1000,1
479,2,4,3,1000,1000,1
479,2,5,3,1000,1000,1
479,2,6,3,1000,1000,1
479,2,7,3,1000,1000,1
479,2,8,3,1000,1000,1
479,2,9,3,1000,1000,1
479,2,10,3,1000,1000,1
479,2,11,3,1000,1000,1
479,2,12,3,1000,1000,1
479,2,13,3,1000,1000,1
479,2,14,3,1000,1000,1
479,2,15,3,1000,1000,1
479,2,16,3,1000,1000,1
479,2,17,3,1000,1000,1
479,2,18,3,1000,1000,1
479,2,19,3,1000,1000,1
479,2,20,3,1000,1000,1
479,2,21,3,1000,1000,1
479,2,22,3,1000,1000,1
479,2,23,3,1000,1000,1
479,2,24,3,1000,1000,1
479,2,25,3,1000,1000,1
479,2,26,3,1000,1000,1
479,2,27,3,1000,1000,1
479,2,28,3,1000,1000,1
480,2,1,3,500,500,1
480,2,2,3,500,500,1
480,2,3,3,500,500,1
480,2,6,3,500,500,1
480,2,7,3,500,500,1
480,2,8,3,500,500,1
480,2,9,3,500,500,1
480,2,13,3,500,500,1
480,2,14,3,500,500,1
480,2,15,3,500,500,1
480,2,20,3,500,500,1
480,2,21,3,500,500,1
480,2,22,3,500,500,1
480,2,27,3,500,500,1
480,2,28,3,500,500,1
484,2,1,3,1200,1200,1
484,2,2,3,1200,1200,1
484,2,3,3,1200,1200,1
484,2,4,3,1200,1200,1
484,2,5,3,1200,1200,1
484,2,6,3,1200,1200,1
484,2,9,3,1200,1200,1
484,2,10,3,1200,1200,1
484,2,11,3,1200,1200,1
484,2,12,3,1200,1200,1
484,2,13,3,1200,1200,1
484,2,16,3,1200,1200,1
484,2,17,3,1200,1200,1
484,2,18,3,1200,1200,1
484,2,19,3,1200,1200,1
484,2,20,3,1200,1200,1
484,2,21,3,1200,1200,1
484,2,23,3,1200,1200,1
484,2,24,3,1200,1200,1
484,2,25,3,1200,1200,1
484,2,26,3,1200,1200,1
484,2,27,3,1200,1200,1
488,2,1,2,7000,7000,1
488,2,8,2,7000,7000,1
488,2,15,2,7000,7000,1
488,2,22,2,7000,7000,1
495,2,1,2,3000,3000,1
495,2,8,2,3000,3000,1
495,2,15,2,3000,3000,1
495,2,22,2,4000,4000,1
506,2,2,3,1000,1000,1
506,2,3,3,1000,1000,1
506,2,4,3,1000,1000,1
506,2,5,3,1000,1000,1
506,2,6,3,1000,1000,1
506,2,9,3,1000,1000,1
506,2,10,3,1000,1000,1
506,2,11,3,1000,1000,1
506,2,12,3,1000,1000,1
506,2,13,3,1000,1000,1
506,2,16,3,1000,1000,1
506,2,17,3,1000,1000,1
506,2,18,3,1000,1000,1
506,2,19,3,1000,1000,1
506,2,20,3,1000,1000,1
506,2,23,3,1000,1000,1
506,2,24,3,1000,1000,1
506,2,25,3,1000,1000,1
506,2,26,3,1000,1000,1
506,2,27,3,1000,1000,1
508,2,3,3,500,500,1
508,2,4,3,500,500,1
508,2,5,3,500,500,1
508,2,6,3,500,500,1
508,2,9,3,500,500,1
508,2,10,3,500,500,1
508,2,11,3,500,500,1
508,2,12,3,500,500,1
508,2,13,3,500,500,1
508,2,16,3,500,500,1
508,2,17,3,500,500,1
508,2,18,3,500,500,1
508,2,19,3,500,500,1
508,2,20,3,500,500,1
508,2,23,3,500,500,1
508,2,24,3,500,500,1
508,2,25,3,500,500,1
508,2,26,3,500,500,1
508,2,27,3,500,500,1
509,2,9,3,1000,1000,1
509,2,10,3,1000,1000,1
509,2,11,3,1000,1000,1
509,2,12,3,1000,1000,1
509,2,13,3,1000,1000,1
509,2,16,3,1000,1000,1
509,2,17,3,1000,1000,1
509,2,18,3,1000,1000,1
509,2,19,3,1000,1000,1
509,2,20,3,1000,1000,1
509,2,23,3,1000,1000,1
509,2,24,3,1000,1000,1
509,2,25,3,1000,1000,1
509,2,26,3,1000,1000,1
509,2,27,3,1000,1000,1
513,2,2,4,700,700,1
513,2,3,4,700,700,1
513,2,4,4,700,700,1
513,2,5,4,700,700,1
513,2,6,4,700,700,1
513,2,7,4,700,700,1
513,2,9,4,700,700,1
513,2,10,4,700,700,1
513,2,11,4,700,700,1
513,2,12,4,700,700,1
513,2,13,4,700,700,1
513,2,14,4,700,700,1
513,2,16,4,700,700,1
513,2,17,4,700,700,1
513,2,18,4,700,700,1
513,2,19,4,700,700,1
513,2,20,4,700,700,1
513,2,21,4,700,700,1
513,2,23,4,700,700,1
513,2,24,4,700,700,1
513,2,25,4,700,700,1
513,2,26,4,700,700,1
513,2,27,4,700,700,1
513,2,28,4,700,700,1
514,2,1,3,200,200,1
514,2,2,3,200,200,1
514,2,3,3,180,180,1
514,2,5,3,200,200,1
514,2,6,3,200,200,1
514,2,7,3,200,200,1
514,2,8,3,200,200,1
514,2,9,3,200,200,1
514,2,12,3,200,200,1
514,2,13,3,150,150,1
514,2,14,3,200,200,1
514,2,15,3,200,200,1
514,2,16,3,250,250,1
514,2,18,3,160,160,1
514,2,19,3,200,200,1
514,2,20,3,200,200,1
514,2,21,3,200,200,1
514,2,24,3,200,200,1
514,2,25,4,160,160,1
514,2,26,3,200,200,1
514,2,27,3,200,200,1
517,2,1,3,250,250,1
517,2,2,3,260,260,1
517,2,3,3,250,250,1
517,2,4,3,250,250,1
517,2,5,3,300,300,1
517,2,6,3,260,260,1
517,2,8,3,250,250,1
517,2,9,3,250,250,1
517,2,10,3,250,250,1
517,2,12,3,300,300,1
517,2,14,3,300,300,1
517,2,15,3,300,300,1
517,2,16,3,300,300,1
517,2,17,3,250,250,1
517,2,19,3,200,200,1
517,2,20,3,250,250,1
517,2,21,3,280,280,1
517,2,23,3,900,900,1
517,2,24,3,250,250,1
517,2,25,3,250,250,1
517,2,26,3,250,250,1
517,2,27,3,260,260,1
518,2,1,3,450,450,1
518,2,2,3,500,500,1
518,2,3,3,300,300,1
518,2,4,3,500,500,1
518,2,5,3,420,420,1
518,2,6,3,400,400,1
518,2,7,3,500,500,1
518,2,8,3,400,400,1
518,2,9,3,500,500,1
518,2,10,3,400,400,1
518,2,11,3,400,400,1
518,2,12,3,500,500,1
518,2,13,3,500,500,1
518,2,14,3,500,500,1
518,2,15,3,500,500,1
518,2,16,3,500,500,1
518,2,17,3,500,500,1
518,2,18,3,500,500,1
518,2,19,3,500,500,1
518,2,20,3,500,500,1
518,2,21,3,500,500,1
518,2,22,3,500,500,1
518,2,23,3,500,500,1
518,2,24,3,400,400,1
518,2,25,3,500,500,1
518,2,26,3,500,500,1
518,2,27,3,500,500,1
519,2,1,3,490,490,1
519,2,2,3,660,660,1
519,2,3,3,600,600,1
519,2,4,3,600,600,1
519,2,5,3,700,700,1
519,2,7,3,600,600,1
519,2,8,3,600,600,1
519,2,9,3,500,500,1
519,2,10,3,600,600,1
519,2,11,3,550,550,1
519,2,12,3,600,600,1
519,2,14,3,300,300,1
519,2,15,3,400,400,1
519,2,16,3,600,600,1
519,2,17,3,600,600,1
519,2,18,3,400,400,1
519,2,19,3,600,600,1
519,2,20,3,600,600,1
519,2,21,3,600,600,1
519,2,22,3,600,600,1
519,2,24,3,600,600,1
519,2,25,3,500,500,1
519,2,26,3,300,300,1
519,2,27,3,390,390,1
519,2,28,3,400,400,1
520,2,1,3,450,450,1
520,2,2,3,440,440,1
520,2,3,3,400,400,1
520,2,4,3,450,450,1
520,2,5,3,420,420,1
520,2,6,3,420,420,1
520,2,8,3,400,400,1
520,2,9,3,450,450,1
520,2,10,3,500,500,1
520,2,11,3,460,460,1
520,2,12,3,400,400,1
520,2,14,3,400,400,1
520,2,15,3,350,350,1
520,2,16,3,400,400,1
520,2,17,3,420,420,1
520,2,19,3,400,400,1
520,2,20,3,360,360,1
520,2,23,3,400,400,1
520,2,25,3,390,390,1
520,2,26,3,420,420,1
520,2,27,3,420,420,1
523,2,2,4,100,100,1
527,2,9,3,100,100,1
528,2,2,3,200,200,1
528,2,3,3,200,200,1
528,2,4,3,200,200,1
528,2,5,3,200,200,1
528,2,6,3,400,400,1
528,2,8,3,200,200,1
528,2,9,3,200,200,1
528,2,10,3,200,200,1
528,2,11,3,200,200,1
528,2,12,3,200,200,1
528,2,13,3,200,200,1
528,2,15,3,200,200,1
538,2,11,4,1000,1000,1
538,2,12,4,200,200,1
538,2,13,4,200,200,1
538,2,13,5,1500,1500,1
538,2,16,5,520,520,1
538,2,17,1,28500,28500,1
538,2,18,4,220,220,1
538,2,21,2,8000,8000,1
538,2,24,3,160,160,1
540,2,20,3,1600,1600,1
543,2,4,2,1500,1500,1
543,2,12,2,1000,1000,1
543,2,15,3,500,500,1
543,2,22,3,1500,1500,1
543,2,24,3,1500,1500,1
543,2,28,3,1000,1000,1
544,2,25,3,1000,1000,1
579,2,16,2,950,950,1
588,2,1,3,1500,1500,1
588,2,5,3,2000,2000,1
588,2,7,3,1000,1000,1
588,2,14,3,1000,1000,1
588,2,23,3,1000,1000,1
588,2,24,3,1000,1000,1
588,2,25,3,1000,1000,1
588,2,26,4,2500,2500,1
588,2,27,5,1000,1000,1
590,2,5,3,300,300,1
590,2,10,3,500,500,1
590,2,12,3,300,300,1
590,2,18,3,300,300,1
590,2,21,3,500,500,1
592,2,20,2,10000,10000,1
593,2,1,3,200,200,1
593,2,2,3,300,300,1
595,2,28,2,28000,28000,1
643,2,11,2,1580,1580,1
643,2,16,3,100,100,1
643,2,17,3,220,220,1
643,2,20,3,300,300,1
643,2,27,3,100,100,1
678,2,2,4,150,150,1
678,2,3,4,150,150,1
678,2,4,4,200,200,1
678,2,5,4,200,200,1
678,2,6,4,250,250,1
678,2,7,4,150,150,1
678,2,9,4,200,200,1
678,2,10,4,200,200,1
678,2,11,4,100,100,1
678,2,12,4,150,150,1
678,2,13,4,250,250,1
678,2,14,4,200,200,1
678,2,16,4,150,150,1
678,2,17,4,150,150,1
678,2,18,4,200,200,1
678,2,19,4,150,150,1
678,2,20,4,200,200,1
678,2,21,4,200,200,1
678,2,23,4,250,250,1
678,2,24,4,200,200,1
678,2,25,4,150,150,1
678,2,26,4,200,200,1
678,2,27,4,250,250,1
678,2,28,4,150,150,1
688,2,1,3,400,400,1
688,2,2,3,400,400,1
688,2,3,3,500,500,1
688,2,4,3,500,500,1
688,2,5,3,400,400,1
688,2,8,3,500,500,1
688,2,9,3,500,500,1
688,2,10,3,400,400,1
688,2,11,3,600,600,1
688,2,12,3,500,500,1
688,2,13,3,200,200,1
688,2,15,3,400,400,1
688,2,16,3,500,500,1
688,2,17,3,600,600,1
688,2,18,3,400,400,1
688,2,19,3,400,400,1
688,2,20,3,200,200,1
688,2,21,3,400,400,1
688,2,22,3,500,500,1
688,2,23,3,400,400,1
688,2,24,3,500,500,1
688,2,25,3,500,500,1
688,2,26,3,500,500,1
688,2,27,3,400,400,1
692,2,1,3,150,150,1
692,2,2,3,200,200,1
692,2,5,3,200,200,1
692,2,8,3,150,150,1
692,2,10,3,150,150,1
692,2,22,3,200,200,1
692,2,25,3,200,200,1
698,2,6,3,1500,1500,1
698,2,7,3,1500,1500,1
698,2,8,3,1500,1500,1
698,2,9,3,500,500,1
704,2,2,3,140,140,1
704,2,3,3,140,140,1
704,2,4,3,140,140,1
704,2,5,3,140,140,1
704,2,6,3,140,140,1
704,2,9,3,140,140,1
705,2,4,3,150,150,1
705,2,5,3,150,150,1
705,2,6,3,150,150,1
705,2,9,3,150,150,1
705,2,10,3,150,150,1
705,2,11,3,150,150,1
705,2,12,3,150,150,1
705,2,16,3,150,150,1
705,2,17,3,150,150,1
705,2,18,3,150,150,1
705,2,19,3,150,150,1
705,2,20,3,150,150,1
705,2,23,3,150,150,1
705,2,26,3,150,150,1
705,2,27,3,150,150,1
739,2,2,3,300,300,1
739,2,3,3,300,300,1
739,2,4,3,300,300,1
739,2,5,3,300,300,1
739,2,6,3,300,300,1
739,2,7,3,300,300,1
739,2,9,3,300,300,1
739,2,10,3,300,300,1
739,2,11,3,300,300,1
739,2,12,3,300,300,1
739,2,13,3,300,300,1
739,2,14,3,150,150,1
739,2,16,3,300,300,1
739,2,17,3,300,300,1
739,2,18,3,300,300,1
739,2,19,3,300,300,1
739,2,20,3,300,300,1
740,2,2,3,400,400,1
740,2,3,3,400,400,1
740,2,4,3,400,400,1
740,2,5,3,400,400,1
740,2,6,3,400,400,1
740,2,9,3,400,400,1
740,2,10,3,400,400,1
740,2,11,3,300,300,1
740,2,12,3,400,400,1
740,2,13,3,400,400,1
740,2,15,3,400,400,1
740,2,16,3,400,400,1
740,2,17,3,300,300,1
740,2,18,3,300,300,1
740,2,19,3,400,400,1
740,2,20,3,400,400,1
740,2,21,3,400,400,1
740,2,22,3,400,400,1
740,2,24,3,300,300,1
740,2,25,3,300,300,1
740,2,26,3,300,300,1
746,2,1,3,500,500,1
746,2,2,3,500,500,1
746,2,3,3,500,500,1
746,2,4,3,300,300,1
746,2,5,3,500,500,1
746,2,6,3,400,400,1
746,2,9,3,400,400,1
746,2,10,3,300,300,1
746,2,11,3,500,500,1
746,2,12,3,400,400,1
746,2,13,3,400,400,1
746,2,14,3,400,400,1
746,2,16,3,500,500,1
746,2,17,3,500,500,1
746,2,18,3,400,400,1
746,2,19,3,500,500,1
746,2,20,3,500,500,1
746,2,23,3,500,500,1
746,2,24,3,500,500,1
746,2,25,3,500,500,1
746,2,26,3,500,500,1
746,2,27,3,500,500,1
755,2,1,4,300,300,1
755,2,3,2,500,500,1
755,2,4,4,1300,1300,1
755,2,9,4,1300,1300,1
755,2,11,2,3000,3000,1
755,2,13,2,18000,18000,1
755,2,25,4,150,150,1
784,2,7,3,1500,1500,1
784,2,11,3,800,800,1
784,2,13,3,1500,1500,1
784,2,19,2,4200,4200,1
784,2,24,3,2000,2000,1
784,2,25,3,5000,5000,1
788,2,4,4,120,120,1
788,2,6,4,150,150,1
788,2,9,4,150,150,1
788,2,12,4,150,150,1
788,2,16,4,100,100,1
788,2,18,4,100,100,1
788,2,20,4,150,150,1
788,2,22,4,200,200,1
788,2,26,4,150,150,1
802,2,2,3,850,850,1
802,2,3,3,900,900,1
802,2,4,3,950,950,1
802,2,5,3,600,600,1
802,2,6,3,1100,1100,1
802,2,7,3,350,350,1
802,2,9,3,950,950,1
802,2,10,3,800,800,1
802,2,11,3,700,700,1
802,2,12,3,1100,1100,1
802,2,13,3,950,950,1
802,2,14,3,350,350,1
802,2,16,3,950,950,1
802,2,17,3,950,950,1
802,2,18,3,800,800,1
802,2,19,3,850,850,1
802,2,20,3,1100,1100,1
802,2,21,3,450,450,1
802,2,23,3,950,950,1
802,2,24,3,800,800,1
802,2,25,3,850,850,1
802,2,26,3,1100,1100,1
802,2,27,3,950,950,1
802,2,28,3,1100,1100,1
812,2,10,3,300,300,1
812,2,11,3,200,200,1
812,2,12,3,300,300,1
812,2,14,3,200,200,1
812,2,15,3,200,200,1
812,2,16,3,200,200,1
812,2,17,3,200,200,1
812,2,18,3,300,300,1
812,2,19,3,200,200,1
812,2,22,3,200,200,1
812,2,23,3,200,200,1
812,2,24,3,300,300,1
812,2,25,3,200,200,1
812,2,27,3,300,300,1
813,2,1,4,800,800,1
813,2,2,4,1000,1000,1
813,2,3,4,1000,1000,1
813,2,4,4,500,500,1
813,2,5,4,1000,1000,1
813,2,7,4,500,500,1
813,2,10,4,120,120,1
813,2,12,4,1000,1000,1
813,2,13,4,750,750,1
813,2,14,4,500,500,1
813,2,15,4,500,500,1
813,2,16,4,500,500,1
813,2,17,4,600,600,1
813,2,18,4,500,500,1
813,2,22,4,500,500,1
814,2,1,3,200,200,1
814,2,2,3,200,200,1
814,2,3,3,200,200,1
814,2,4,3,200,200,1
814,2,5,3,200,200,1
814,2,6,3,200,200,1
814,2,7,4,200,200,1
814,2,8,4,500,500,1
814,2,9,3,200,200,1
814,2,10,2,5500,5500,1
814,2,10,3,200,200,1
814,2,11,3,200,200,1
814,2,12,3,200,200,1
814,2,13,3,200,200,1
814,2,14,2,2000,2000,1
814,2,14,3,200,200,1
814,2,15,3,200,200,1
814,2,24,3,300,300,1
814,2,25,3,400,400,1
814,2,26,3,300,300,1
814,2,27,3,350,350,1
814,2,28,3,300,300,1
815,2,1,4,400,400,1
815,2,2,2,2500,2500,1
815,2,6,3,1000,1000,1
815,2,7,1,40000,40000,1
815,2,22,3,2500,2500,1
816,2,1,4,200,200,1
816,2,2,2,300,300,1
818,2,1,3,200,200,1
818,2,3,3,200,200,1
818,2,5,3,300,300,1
818,2,7,3,300,300,1
818,2,9,3,300,300,1
818,2,11,3,300,300,1
818,2,14,3,250,250,1
818,2,16,3,250,250,1
818,2,19,3,300,300,1
818,2,21,3,150,150,1
818,2,24,3,200,200,1
818,2,27,3,250,250,1
827,2,5,2,3000,3000,1
830,2,8,1,150000,150000,1
830,2,9,3,200,200,1
830,2,13,3,500,500,1
830,2,14,3,200,200,1
830,2,17,3,200,200,1
830,2,19,3,200,200,1
830,2,22,3,200,200,1
830,2,23,3,200,200,1
830,2,26,3,200,200,1
830,2,27,3,200,200,1
831,2,2,3,200,200,1
831,2,9,3,300,300,1
831,2,12,3,200,200,1
831,2,16,3,300,300,1
831,2,28,3,300,300,1
836,2,1,3,200,200,1
836,2,2,3,100,100,1
836,2,3,3,100,100,1
836,2,4,3,100,100,1
836,2,5,3,200,200,1
836,2,6,3,200,200,1
836,2,7,3,100,100,1
836,2,8,3,200,200,1
836,2,9,3,200,200,1
836,2,10,3,200,200,1
836,2,11,3,200,200,1
836,2,12,3,200,200,1
836,2,13,3,200,200,1
836,2,14,3,200,200,1
836,2,15,3,200,200,1
836,2,16,3,100,100,1
836,2,17,3,100,100,1
836,2,18,3,100,100,1
836,2,19,3,100,100,1
836,2,20,3,100,100,1
836,2,21,3,100,100,1
836,2,22,3,100,100,1
836,2,23,3,100,100,1
836,2,24,3,200,200,1
836,2,25,3,200,200,1
836,2,26,3,100,100,1
836,2,27,3,200,200,1
836,2,28,3,200,200,1
843,2,8,3,500,500,1
843,2,13,3,400,400,1
843,2,18,3,400,400,1
849,2,6,3,1000,1000,1
849,2,13,3,1000,1000,1
849,2,19,3,1000,1000,1
849,2,23,3,1000,1000,1
850,2,7,3,1000,1000,1
850,2,23,3,1000,1000,1
851,2,3,3,1000,1000,1
851,2,19,3,1000,1000,1
851,2,26,3,1000,1000,1
853,2,10,3,1000,1000,1
853,2,20,3,500,500,1
856,2,1,3,200,200,1
856,2,2,3,400,400,1
856,2,3,3,400,400,1
856,2,4,3,400,400,1
856,2,5,3,500,500,1
856,2,6,3,500,500,1
856,2,7,3,400,400,1
856,2,8,3,200,200,1
856,2,9,3,500,500,1
856,2,10,3,500,500,1
856,2,11,3,500,500,1
856,2,12,3,500,500,1
856,2,13,3,500,500,1
856,2,14,3,400,400,1
856,2,15,3,200,200,1
856,2,16,3,400,400,1
856,2,17,3,500,500,1
856,2,18,3,500,500,1
856,2,19,3,500,500,1
856,2,20,3,400,400,1
856,2,21,3,400,400,1
856,2,22,3,200,200,1
856,2,23,3,500,500,1
856,2,24,3,500,500,1
856,2,25,3,500,500,1
856,2,26,3,400,400,1
856,2,27,3,500,500,1
856,2,28,3,600,600,1
857,2,2,3,100,100,1
857,2,3,3,100,100,1
857,2,4,3,100,100,1
857,2,5,3,100,100,1
857,2,6,3,100,100,1
857,2,9,3,100,100,1
857,2,10,3,100,100,1
857,2,11,3,100,100,1
857,2,12,3,100,100,1
857,2,13,3,100,100,1
857,2,16,3,100,100,1
857,2,17,3,100,100,1
857,2,18,3,100,100,1
857,2,19,3,100,100,1
857,2,20,3,100,100,1
857,2,23,3,100,100,1
857,2,24,3,100,100,1
857,2,25,3,100,100,1
857,2,27,3,100,100,1
860,2,2,3,600,600,1
860,2,3,3,800,800,1
860,2,4,3,1000,1000,1
860,2,5,3,1000,1000,1
860,2,6,3,800,800,1
860,2,7,3,200,200,1
860,2,9,3,1000,1000,1
860,2,10,3,600,600,1
860,2,11,3,500,500,1
860,2,12,3,500,500,1
860,2,13,3,600,600,1
860,2,14,3,200,200,1
860,2,16,3,600,600,1
860,2,17,3,600,600,1
860,2,18,3,800,800,1
860,2,19,3,1000,1000,1
860,2,20,3,1000,1000,1
860,2,21,3,400,400,1
860,2,23,3,800,800,1
860,2,24,3,800,800,1
860,2,25,3,800,800,1
860,2,26,3,1000,1000,1
860,2,27,3,1000,1000,1
861,2,2,4,150,150,1
861,2,3,4,150,150,1
861,2,4,3,150,150,1
861,2,5,3,150,150,1
861,2,6,3,150,150,1
861,2,9,3,100,100,1
861,2,10,3,100,100,1
861,2,11,3,200,200,1
861,2,12,3,200,200,1
861,2,13,3,150,150,1
861,2,16,3,100,100,1
861,2,17,3,100,100,1
861,2,18,3,150,150,1
861,2,19,3,200,200,1
861,2,20,3,200,200,1
861,2,23,3,150,150,1
861,2,24,3,200,200,1
861,2,25,3,100,100,1
861,2,26,3,200,200,1
861,2,27,3,200,200,1
863,2,2,3,100,100,1
863,2,3,3,100,100,1
863,2,4,3,100,100,1
863,2,5,3,100,100,1
863,2,6,3,100,100,1
863,2,9,3,150,150,1
863,2,10,3,200,200,1
863,2,11,3,100,100,1
863,2,12,3,100,100,1
863,2,13,3,100,100,1
863,2,16,3,100,100,1
863,2,17,3,100,100,1
863,2,18,3,100,100,1
863,2,19,3,100,100,1
863,2,20,3,100,100,1
863,2,23,3,100,100,1
863,2,24,3,100,100,1
863,2,25,3,100,100,1
863,2,26,3,100,100,1
863,2,27,3,100,100,1
864,2,1,3,200,200,1
864,2,2,3,600,600,1
864,2,3,3,500,500,1
864,2,4,3,600,600,1
864,2,5,3,800,800,1
864,2,6,3,600,600,1
864,2,7,3,200,200,1
864,2,8,3,200,200,1
864,2,9,3,500,500,1
864,2,10,3,600,600,1
864,2,11,3,600,600,1
864,2,12,3,600,600,1
864,2,13,3,600,600,1
864,2,14,3,200,200,1
864,2,15,3,200,200,1
864,2,16,3,500,500,1
864,2,17,3,600,600,1
864,2,18,3,600,600,1
864,2,19,3,600,600,1
864,2,20,3,1000,1000,1
864,2,21,3,200,200,1
864,2,22,3,200,200,1
864,2,23,3,500,500,1
864,2,24,3,600,600,1
864,2,25,3,500,500,1
864,2,26,3,600,600,1
864,2,27,3,600,600,1
864,2,28,3,200,200,1
866,3,6,3,600,600,1
866,3,8,1,54000,54000,1
866,3,10,3,600,600,1
866,3,24,3,600,600,1
866,3,30,3,600,600,1
867,3,8,1,40000,40000,1
867,3,27,2,1200,1200,1
868,3,8,1,30000,30000,1
869,3,5,3,1000,1000,1
869,3,10,3,1000,1000,1
869,3,13,3,600,600,1
869,3,17,2,1500,1500,1
869,3,21,3,600,600,1
869,3,25,3,1000,1000,1
869,3,30,2,1200,1200,1
871,3,2,3,400,400,1
871,3,3,3,400,400,1
871,3,10,3,400,400,1
871,3,16,3,400,400,1
871,3,18,3,500,500,1
871,3,24,3,400,400,1
871,3,28,3,400,400,1
887,3,4,4,1100,1100,1
887,3,7,4,1200,1200,1
887,3,10,4,1300,1300,1
887,3,13,3,1200,1200,1
887,3,16,3,1400,1400,1
887,3,19,3,1200,1200,1
887,3,22,4,1200,1200,1
887,3,25,3,1300,1300,1
887,3,28,3,1100,1100,1
892,3,2,3,1000,1000,1
892,3,3,3,1000,1000,1
892,3,4,3,1000,1000,1
892,3,6,3,1000,1000,1
892,3,10,3,1000,1000,1
892,3,12,3,1000,1000,1
892,3,14,3,1000,1000,1
892,3,15,3,1000,1000,1
892,3,16,3,1000,1000,1
892,3,18,3,1000,1000,1
892,3,19,3,1000,1000,1
892,3,20,3,1000,1000,1
892,3,21,3,1000,1000,1
892,3,22,3,1000,1000,1
892,3,23,3,1600,1600,1
892,3,24,3,1000,1000,1
892,3,25,3,1000,1000,1
892,3,26,3,1000,1000,1
892,3,27,3,1000,1000,1
892,3,29,3,1000,1000,1
892,3,30,3,1000,1000,1
892,3,31,3,1000,1000,1
901,3,2,3,600,600,1
901,3,3,3,300,300,1
901,3,6,3,400,400,1
901,3,7,3,400,400,1
901,3,8,3,400,400,1
901,3,9,3,400,400,1
901,3,10,3,600,600,1
901,3,11,3,400,400,1
901,3,12,3,300,300,1
901,3,14,3,600,600,1
901,3,15,3,500,500,1
901,3,16,3,800,800,1
901,3,18,3,500,500,1
901,3,19,3,500,500,1
901,3,20,3,400,400,1
901,3,21,3,500,500,1
901,3,23,3,600,600,1
901,3,25,3,1000,1000,1
901,3,26,3,300,300,1
901,3,27,3,400,400,1
901,3,30,3,300,300,1
901,3,31,3,300,300,1
902,3,2,3,2000,2000,1
902,3,3,3,2000,2000,1
902,3,4,3,2000,2000,1
902,3,6,3,2000,2000,1
902,3,7,3,2000,2000,1
902,3,9,3,2000,2000,1
902,3,10,3,2000,2000,1
902,3,11,3,2000,2000,1
902,3,12,3,2000,2000,1
902,3,13,3,2000,2000,1
902,3,15,3,2000,2000,1
902,3,16,3,2000,2000,1
902,3,17,3,2000,2000,1
902,3,18,3,1500,1500,1
902,3,19,3,2000,2000,1
902,3,20,3,2000,2000,1
902,3,21,3,2000,2000,1
902,3,23,3,2000,2000,1
902,3,24,3,2000,2000,1
902,3,25,3,2000,2000,1
902,3,26,3,2000,2000,1
902,3,27,3,2000,2000,1
902,3,28,3,2000,2000,1
902,3,30,3,1000,1000,1
902,3,31,3,2000,2000,1
903,3,3,3,500,500,1
903,3,5,3,500,500,1
903,3,9,3,300,300,1
903,3,11,3,500,500,1
903,3,14,3,500,500,1
903,3,15,3,1000,1000,1
903,3,18,3,500,500,1
903,3,22,3,600,600,1
903,3,24,3,600,600,1
903,3,27,3,500,500,1
903,3,30,3,300,300,1
904,3,8,3,800,800,1
904,3,9,3,600,600,1
904,3,10,3,600,600,1
904,3,11,3,700,700,1
904,3,14,3,700,700,1
904,3,15,3,800,800,1
904,3,16,3,800,800,1
904,3,20,3,600,600,1
904,3,21,3,800,800,1
904,3,23,3,800,800,1
904,3,24,3,700,700,1
904,3,26,3,700,700,1
904,3,30,3,800,800,1
904,3,31,3,800,800,1
905,3,2,3,1000,1000,1
905,3,4,3,600,600,1
905,3,5,3,800,800,1
905,3,6,3,600,600,1
905,3,7,3,800,800,1
905,3,8,3,800,800,1
905,3,9,3,500,500,1
905,3,10,3,600,600,1
905,3,12,3,800,800,1
905,3,13,3,500,500,1
905,3,14,3,600,600,1
905,3,16,3,700,700,1
905,3,18,3,800,800,1
905,3,19,3,800,800,1
905,3,20,3,600,600,1
905,3,22,3,500,500,1
905,3,24,3,800,800,1
905,3,26,3,600,600,1
905,3,28,3,800,800,1
905,3,29,3,500,500,1
905,3,31,3,500,500,1
906,3,2,3,800,800,1
906,3,3,3,1000,1000,1
906,3,5,3,1000,1000,1
906,3,6,3,1000,1000,1
906,3,7,3,1000,1000,1
906,3,9,3,1000,1000,1
906,3,12,3,1000,1000,1
906,3,13,3,800,800,1
906,3,18,3,1000,1000,1
906,3,19,3,600,600,1
906,3,20,3,1000,1000,1
906,3,23,3,800,800,1
906,3,24,3,1000,1000,1
906,3,25,3,1000,1000,1
906,3,26,3,1000,1000,1
906,3,27,3,1000,1000,1
906,3,30,3,1000,1000,1
906,3,31,3,800,800,1
907,3,1,3,300,300,1
907,3,2,3,300,300,1
907,3,3,3,300,300,1
907,3,4,3,300,300,1
907,3,5,3,300,300,1
907,3,6,3,300,300,1
907,3,7,3,400,400,1
907,3,9,3,300,300,1
907,3,10,3,300,300,1
907,3,11,3,300,300,1
907,3,12,3,300,300,1
907,3,13,3,300,300,1
907,3,14,3,300,300,1
907,3,15,3,300,300,1
907,3,16,3,300,300,1
907,3,17,3,300,300,1
907,3,18,3,300,300,1
907,3,19,3,300,300,1
907,3,20,3,200,200,1
907,3,21,3,300,300,1
907,3,23,3,300,300,1
907,3,24,3,300,300,1
907,3,25,3,300,300,1
907,3,26,3,300,300,1
907,3,27,3,300,300,1
907,3,28,3,300,300,1
907,3,29,3,300,300,1
907,3,30,3,300,300,1
907,3,31,3,300,300,1
909,3,4,3,200,200,1
909,3,6,3,100,100,1
909,3,7,3,200,200,1
909,3,8,3,200,200,1
909,3,11,3,200,200,1
909,3,16,3,150,150,1
909,3,18,3,100,100,1
909,3,23,3,100,100,1
909,3,31,3,100,100,1
910,3,2,3,800,800,1
910,3,3,3,800,800,1
910,3,4,3,800,800,1
910,3,5,3,800,800,1
910,3,6,3,800,800,1
910,3,9,3,800,800,1
910,3,10,3,800,800,1
910,3,11,3,800,800,1
910,3,12,3,800,800,1
910,3,13,3,800,800,1
910,3,16,3,800,800,1
910,3,17,3,800,800,1
910,3,18,3,800,800,1
910,3,19,3,800,800,1
910,3,20,3,800,800,1
910,3,23,3,800,800,1
910,3,24,3,800,800,1
910,3,25,3,800,800,1
910,3,26,3,800,800,1
910,3,27,3,800,800,1
910,3,30,3,800,800,1
910,3,31,3,800,800,1
916,3,1,3,500,500,1
916,3,2,3,500,500,1
916,3,3,3,500,500,1
916,3,4,3,500,500,1
916,3,5,3,500,500,1
916,3,6,3,500,500,1
916,3,7,3,500,500,1
916,3,9,3,500,500,1
916,3,10,3,500,500,1
916,3,11,3,500,500,1
916,3,12,3,500,500,1
916,3,13,3,500,500,1
916,3,14,3,500,500,1
916,3,16,3,500,500,1
916,3,17,3,500,500,1
916,3,18,3,500,500,1
916,3,19,3,500,500,1
916,3,20,3,500,500,1
916,3,21,3,500,500,1
916,3,23,3,500,500,1
916,3,24,3,500,500,1
916,3,25,3,500,500,1
916,3,26,3,500,500,1
916,3,27,3,500,500,1
916,3,28,3,500,500,1
916,3,29,3,500,500,1
916,3,30,3,500,500,1
916,3,31,3,500,500,1
924,3,1,2,6000,6000,1
924,3,7,2,4000,4000,1
924,3,15,2,4000,4000,1
924,3,22,2,4500,4500,1
929,3,2,3,1000,1000,1
929,3,3,3,1000,1000,1
929,3,4,3,1000,1000,1
929,3,5,3,1000,1000,1
929,3,6,3,1000,1000,1
929,3,7,3,1000,1000,1
929,3,8,2,3000,3000,1
929,3,9,3,1000,1000,1
929,3,10,3,1000,1000,1
929,3,11,3,1000,1000,1
929,3,12,3,1000,1000,1
929,3,13,3,1000,1000,1
929,3,14,3,1000,1000,1
929,3,16,3,1000,1000,1
929,3,17,3,600,600,1
929,3,18,3,1000,1000,1
929,3,19,3,1000,1000,1
929,3,21,3,1000,1000,1
929,3,23,3,1200,1200,1
929,3,24,3,1000,1000,1
929,3,25,3,1000,1000,1
929,3,26,3,1000,1000,1
929,3,27,3,1000,1000,1
929,3,28,3,1000,1000,1
929,3,30,3,1000,1000,1
929,3,31,3,1200,1200,1
930,3,8,3,5000,5000,1
936,3,2,3,1000,1000,1
936,3,3,3,1000,1000,1
936,3,4,3,1000,1000,1
936,3,5,3,1000,1000,1
936,3,6,3,1000,1000,1
936,3,7,3,1000,1000,1
936,3,9,3,1000,1000,1
936,3,10,3,1200,1200,1
936,3,11,3,1200,1200,1
936,3,12,3,1200,1200,1
936,3,13,3,1500,1500,1
936,3,15,3,500,500,1
936,3,16,3,1200,1200,1
936,3,17,3,1200,1200,1
936,3,18,3,1200,1200,1
936,3,19,3,1200,1200,1
936,3,20,3,1200,1200,1
936,3,21,3,1000,1000,1
936,3,23,3,1200,1200,1
936,3,24,3,1200,1200,1
936,3,25,3,1200,1200,1
936,3,26,3,1200,1200,1
936,3,27,3,1200,1200,1
936,3,28,3,1200,1200,1
936,3,30,3,1300,1300,1
950,3,1,3,400,400,1
950,3,3,3,250,250,1
950,3,4,3,400,400,1
950,3,5,3,350,350,1
950,3,7,3,400,400,1
950,3,8,3,400,400,1
950,3,9,3,400,400,1
950,3,10,3,400,400,1
950,3,11,3,420,420,1
950,3,12,3,300,300,1
950,3,14,3,400,400,1
950,3,15,3,300,300,1
950,3,16,3,300,300,1
950,3,17,3,260,260,1
950,3,20,3,300,300,1
950,3,21,3,320,320,1
950,3,22,3,400,400,1
950,3,23,3,400,400,1
950,3,24,3,340,340,1
950,3,25,3,300,300,1
950,3,26,3,400,400,1
950,3,27,3,300,300,1
950,3,28,3,250,250,1
950,3,30,3,300,300,1
950,3,31,3,300,300,1
955,3,2,3,150,150,1
955,3,3,3,150,150,1
955,3,4,3,150,150,1
955,3,5,3,150,150,1
955,3,6,3,150,150,1
955,3,9,3,150,150,1
955,3,10,3,150,150,1
955,3,11,3,150,150,1
955,3,12,3,150,150,1
955,3,13,3,150,150,1
959,3,2,3,200,200,1
959,3,3,3,300,300,1
959,3,4,3,100,100,1
959,3,5,3,100,100,1
959,3,6,3,100,100,1
959,3,9,3,200,200,1
959,3,10,3,150,150,1
959,3,11,3,100,100,1
959,3,12,3,100,100,1
959,3,13,3,150,150,1
959,3,16,3,200,200,1
959,3,17,3,150,150,1
959,3,18,3,150,150,1
959,3,19,3,100,100,1
959,3,20,3,200,200,1
959,3,23,3,200,200,1
959,3,24,3,200,200,1
959,3,25,3,200,200,1
959,3,26,3,200,200,1
959,3,27,3,200,200,1
959,3,30,3,200,200,1
959,3,31,3,200,200,1
962,3,2,3,300,300,1
962,3,3,3,400,400,1
962,3,5,3,1000,1000,1
962,3,6,3,300,300,1
962,3,9,3,400,400,1
962,3,10,3,500,500,1
962,3,11,3,500,500,1
962,3,12,3,400,400,1
962,3,13,3,800,800,1
962,3,17,3,400,400,1
962,3,18,3,300,300,1
962,3,19,3,500,500,1
962,3,27,3,300,300,1
962,3,30,3,600,600,1
962,3,31,3,800,800,1
973,3,2,3,400,400,1
973,3,3,3,300,300,1
973,3,4,3,400,400,1
973,3,5,3,400,400,1
973,3,6,3,500,500,1
973,3,9,3,400,400,1
973,3,10,3,300,300,1
973,3,11,3,300,300,1
973,3,12,3,400,400,1
973,3,13,3,400,400,1
973,3,16,3,200,200,1
973,3,17,3,300,300,1
973,3,18,3,300,300,1
973,3,19,3,400,400,1
973,3,20,3,300,300,1
973,3,21,3,300,300,1
973,3,22,3,400,400,1
973,3,24,3,300,300,1
973,3,25,3,400,400,1
973,3,26,3,400,400,1
973,3,27,3,300,300,1
973,3,30,3,300,300,1
974,3,2,3,600,600,1
974,3,3,3,300,300,1
974,3,4,3,400,400,1
974,3,5,3,300,300,1
974,3,6,3,300,300,1
974,3,9,3,300,300,1
974,3,10,3,400,400,1
974,3,11,3,300,300,1
974,3,12,3,300,300,1
974,3,13,3,400,400,1
974,3,16,3,400,400,1
974,3,17,3,400,400,1
974,3,18,3,400,400,1
974,3,23,3,400,400,1
974,3,24,3,400,400,1
974,3,25,3,300,300,1
974,3,26,3,400,400,1
974,3,27,3,400,400,1
974,3,28,3,400,400,1
974,3,30,3,400,400,1
974,3,31,3,400,400,1
975,3,16,2,13000,13000,1
976,3,13,2,13000,13000,1
976,3,26,2,12000,12000,1
977,3,9,3,1500,1500,1
977,3,20,2,13000,13000,1
978,3,2,3,200,200,1
978,3,6,3,1000,1000,1
980,3,8,2,16000,16000,1
981,3,2,3,300,300,1
981,3,3,3,400,400,1
981,3,4,3,300,300,1
981,3,5,3,400,400,1
981,3,6,3,300,300,1
981,3,9,3,300,300,1
981,3,10,3,300,300,1
981,3,11,3,300,300,1
981,3,12,3,300,300,1
981,3,13,3,300,300,1
981,3,16,3,300,300,1
981,3,17,3,300,300,1
981,3,18,3,350,350,1
981,3,19,3,300,300,1
981,3,20,3,300,300,1
981,3,23,3,300,300,1
981,3,24,3,300,300,1
981,3,25,3,300,300,1
981,3,26,3,300,300,1
981,3,27,3,350,350,1
981,3,30,3,300,300,1
981,3,31,3,400,400,1
1018,3,1,3,950,950,1
1018,3,2,3,800,800,1
1018,3,5,3,500,500,1
1018,3,10,3,700,700,1
1018,3,12,3,700,700,1
1018,3,19,3,800,800,1
1018,3,21,3,700,700,1
1018,3,26,3,500,500,1
1018,3,27,3,500,500,1
1020,3,2,3,600,600,1
1020,3,3,2,1400,1400,1
1020,3,3,3,200,200,1
1020,3,4,3,200,200,1
1020,3,7,3,500,500,1
1020,3,10,2,1000,1000,1
1020,3,10,3,200,200,1
1020,3,27,3,200,200,1
1020,3,31,3,200,200,1
1021,3,2,3,200,200,1
1021,3,3,3,200,200,1
1021,3,5,3,300,300,1
1021,3,9,3,200,200,1
1021,3,10,3,200,200,1
1021,3,11,3,200,200,1
1021,3,14,5,300,300,1
1021,3,23,3,200,200,1
1021,3,24,4,200,200,1
1021,3,24,5,300,300,1
1021,3,25,3,200,200,1
1021,3,26,3,200,200,1
1021,3,26,5,500,500,1
1021,3,28,3,500,500,1
1021,3,30,3,200,200,1
1021,3,31,3,200,200,1
1022,3,1,4,500,500,1
1022,3,3,4,1500,1500,1
1022,3,5,3,1000,1000,1
1022,3,25,3,1200,1200,1
1022,3,30,3,500,500,1
1023,3,1,3,300,300,1
1023,3,2,3,500,500,1
1023,3,3,3,500,500,1
1023,3,4,3,600,600,1
1023,3,11,3,600,600,1
1023,3,12,3,500,500,1
1023,3,15,3,600,600,1
1023,3,17,3,500,500,1
1023,3,20,3,600,600,1
1023,3,23,3,500,500,1
1023,3,27,3,1000,1000,1
1024,3,2,3,1500,1500,1
1024,3,3,4,2300,2300,1
1024,3,6,3,2300,2300,1
1024,3,6,4,500,500,1
1024,3,22,3,1200,1200,1
1024,3,23,3,2000,2000,1
1024,3,26,2,5000,5000,1
1024,3,27,3,2500,2500,1
1024,3,30,3,1800,1800,1
1056,3,14,4,300,300,1
1088,3,4,3,100,100,1
1088,3,5,3,100,100,1
1088,3,6,3,100,100,1
1088,3,9,3,100,100,1
1088,3,10,3,150,150,1
1088,3,11,3,100,100,1
1088,3,12,3,100,100,1
1088,3,16,3,100,100,1
1088,3,17,3,100,100,1
1088,3,18,3,100,100,1
1088,3,23,3,100,100,1
1088,3,24,3,100,100,1
1088,3,25,3,100,100,1
1117,3,2,3,300,300,1
1117,3,3,3,300,300,1
1117,3,4,3,300,300,1
1117,3,5,3,300,300,1
1117,3,6,3,300,300,1
1117,3,9,3,300,300,1
1117,3,10,3,300,300,1
1117,3,11,3,300,300,1
1117,3,12,3,300,300,1
1117,3,13,3,300,300,1
1119,3,2,3,200,200,1
1119,3,3,3,200,200,1
1119,3,4,3,200,200,1
1119,3,5,3,300,300,1
1119,3,8,3,300,300,1
1119,3,9,3,200,200,1
1119,3,10,3,300,300,1
1119,3,11,3,200,200,1
1119,3,13,3,300,300,1
1119,3,17,4,200,200,1
1119,3,31,3,300,300,1
1121,3,2,3,1000,1000,1
1121,3,3,3,1000,1000,1
1121,3,4,3,1000,1000,1
1121,3,5,3,1000,1000,1
1121,3,6,3,1000,1000,1
1121,3,9,3,1000,1000,1
1121,3,10,3,1000,1000,1
1121,3,11,3,1000,1000,1
1121,3,12,3,1000,1000,1
1121,3,13,3,1000,1000,1
1121,3,30,3,1000,1000,1
1121,3,31,3,1000,1000,1
1124,3,1,3,200,200,1
1133,3,3,3,500,500,1
1133,3,4,3,500,500,1
1133,3,9,3,500,500,1
1133,3,10,3,500,500,1
1133,3,11,3,500,500,1
1133,3,14,3,500,500,1
1133,3,17,3,500,500,1
1133,3,22,3,500,500,1
1133,3,27,3,500,500,1
1136,3,9,3,200,200,1
1136,3,10,3,200,200,1
1136,3,11,3,200,200,1
1136,3,12,3,200,200,1
1136,3,13,3,200,200,1
1136,3,30,3,200,200,1
1136,3,31,3,200,200,1
1137,3,6,3,530,530,1
1137,3,9,2,1500,1500,1
1137,3,9,3,1000,1000,1
1137,3,12,2,550,550,1
1137,3,17,4,150,150,1
1137,3,18,2,1800,1800,1
1137,3,19,2,3080,3080,1
1137,3,28,4,1000,1000,1
1137,3,30,4,100,100,1
1141,3,2,3,300,300,1
1141,3,3,3,300,300,1
1141,3,4,3,300,300,1
1141,3,5,3,300,300,1
1141,3,6,3,300,300,1
1141,3,9,3,300,300,1
1141,3,10,3,300,300,1
1141,3,11,3,300,300,1
1141,3,12,3,300,300,1
1141,3,13,3,300,300,1
1141,3,30,3,300,300,1
1141,3,31,3,300,300,1
1163,3,3,4,100,100,1
1163,3,10,4,100,100,1
1163,3,15,4,100,100,1
1163,3,18,4,100,100,1
1163,3,22,4,100,100,1
1163,3,24,4,100,100,1
1163,3,26,4,100,100,1
1163,3,29,4,100,100,1
1168,3,1,4,200,200,1
1168,3,2,4,200,200,1
1168,3,3,2,500,500,1
1168,3,4,4,200,200,1
1168,3,6,4,350,350,1
1168,3,7,2,700,700,1
1168,3,8,4,250,250,1
1168,3,10,4,300,300,1
1168,3,11,4,150,150,1
1168,3,12,2,700,700,1
1168,3,13,4,200,200,1
1168,3,14,4,300,300,1
1168,3,15,4,250,250,1
1168,3,16,4,300,300,1
1168,3,17,2,1500,1500,1
1168,3,18,4,300,300,1
1168,3,19,4,700,700,1
1168,3,20,4,300,300,1
1168,3,21,4,250,250,1
1168,3,23,2,700,700,1
1168,3,24,4,250,250,1
1168,3,25,2,1000,1000,1
1168,3,26,4,350,350,1
1168,3,27,4,350,350,1
1168,3,28,4,500,500,1
1168,3,29,2,1000,1000,1
1168,3,30,4,350,350,1
1168,3,31,4,300,300,1
1174,3,1,3,400,400,1
1174,3,2,3,400,400,1
1174,3,3,3,300,300,1
1174,3,4,3,400,400,1
1174,3,5,3,400,400,1
1174,3,6,3,300,300,1
1174,3,7,3,300,300,1
1174,3,9,3,350,350,1
1174,3,10,3,400,400,1
1174,3,11,3,350,350,1
1174,3,12,3,350,350,1
1174,3,13,3,400,400,1
1174,3,14,3,400,400,1
1174,3,16,3,400,400,1
1174,3,17,3,350,350,1
1174,3,18,3,400,400,1
1174,3,19,3,350,350,1
1174,3,20,3,350,350,1
1174,3,21,3,400,400,1
1174,3,23,3,300,300,1
1174,3,24,3,400,400,1
1174,3,25,3,400,400,1
1174,3,26,3,400,400,1
1174,3,27,3,400,400,1
1174,3,28,3,300,300,1
1174,3,30,3,300,300,1
1174,3,31,3,400,400,1
1177,3,2,3,400,400,1
1177,3,3,3,400,400,1
1177,3,4,3,400,400,1
1177,3,5,3,400,400,1
1177,3,9,3,400,400,1
1177,3,10,3,400,400,1
1177,3,11,3,400,400,1
1177,3,12,3,400,400,1
1177,3,13,3,400,400,1
1177,3,16,3,300,300,1
1177,3,17,3,300,300,1
1177,3,18,3,300,300,1
1177,3,19,3,400,400,1
1177,3,20,3,300,300,1
1177,3,21,3,300,300,1
1177,3,22,3,400,400,1
1177,3,25,3,400,400,1
1177,3,26,3,400,400,1
1177,3,27,3,400,400,1
1177,3,28,3,400,400,1
1177,3,29,3,300,300,1
1177,3,30,3,400,400,1
1177,3,31,3,300,300,1
1180,3,1,4,100,100,1
1180,3,2,4,140,140,1
1180,3,14,4,100,100,1
1211,3,1,3,500,500,1
1211,3,2,3,500,500,1
1211,3,3,3,500,500,1
1211,3,4,3,500,500,1
1211,3,5,3,500,500,1
1211,3,6,3,500,500,1
1211,3,9,3,500,500,1
1211,3,10,3,500,500,1
1211,3,11,3,500,500,1
1211,3,12,3,500,500,1
1211,3,13,3,500,500,1
1211,3,16,3,500,500,1
1211,3,17,3,500,500,1
1211,3,18,3,500,500,1
1211,3,19,3,500,500,1
1211,3,20,3,500,500,1
1211,3,23,3,500,500,1
1211,3,24,3,500,500,1
1211,3,25,3,500,500,1
1211,3,26,3,500,500,1
1211,3,27,3,500,500,1
1211,3,30,3,500,500,1
1211,3,31,3,500,500,1
1244,3,1,3,200,200,1
1244,3,2,3,200,200,1
1244,3,4,4,400,400,1
1244,3,5,4,400,400,1
1244,3,12,3,250,250,1
1244,3,14,3,400,400,1
1244,3,15,3,400,400,1
1244,3,16,3,200,200,1
1244,3,17,3,400,400,1
1244,3,18,3,250,250,1
1244,3,19,3,400,400,1
1244,3,20,3,400,400,1
1244,3,26,4,300,300,1
1244,3,27,4,320,320,1
1244,3,28,4,200,200,1
1244,3,31,4,300,300,1
1249,3,17,3,200,200,1
1249,3,18,3,300,300,1
1250,3,2,3,150,150,1
1250,3,3,3,150,150,1
1250,3,4,3,200,200,1
1250,3,5,3,150,150,1
1250,3,7,3,150,150,1
1250,3,8,3,150,150,1
1250,3,9,3,200,200,1
1250,3,13,3,150,150,1
1250,3,14,3,150,150,1
1250,3,15,3,150,150,1
1250,3,16,3,150,150,1
1250,3,17,3,150,150,1
1250,3,18,3,150,150,1
1250,3,20,3,150,150,1
1250,3,21,3,150,150,1
1250,3,22,3,200,200,1
1250,3,23,3,200,200,1
1250,3,24,3,150,150,1
1250,3,25,3,150,150,1
1250,3,26,4,500,500,1
1250,3,27,3,200,200,1
1250,3,28,3,300,300,1
1250,3,29,3,300,300,1
1250,3,30,3,200,200,1
1250,3,31,3,400,400,1
1251,3,1,3,300,300,1
1251,3,2,3,200,200,1
1251,3,3,3,300,300,1
1251,3,4,3,250,250,1
1251,3,5,3,200,200,1
1251,3,6,3,200,200,1
1251,3,9,3,200,200,1
1251,3,10,3,200,200,1
1251,3,11,3,200,200,1
1251,3,12,3,200,200,1
1258,3,29,4,200,200,1
1261,3,2,3,600,600,1
1261,3,5,1,40000,40000,1
1261,3,6,2,1000,1000,1
1261,3,8,2,800,800,1
1261,3,10,4,700,700,1
1261,3,12,3,2000,2000,1
1261,3,15,2,3500,3500,1
1261,3,18,5,1400,1400,1
1261,3,21,2,1000,1000,1
1261,3,24,3,5000,5000,1
1261,3,27,2,1500,1500,1
1261,3,28,3,1000,1000,1
1261,3,31,3,500,500,1
1262,3,13,2,3000,3000,1
1264,3,1,3,200,200,1
1264,3,2,3,200,200,1
1264,3,3,3,400,400,1
1264,3,4,4,200,200,1
1264,3,5,4,300,300,1
1264,3,6,3,200,200,1
1264,3,7,4,400,400,1
1264,3,10,3,200,200,1
1264,3,12,4,100,100,1
1264,3,13,4,200,200,1
1264,3,17,4,200,200,1
1264,3,18,4,200,200,1
1264,3,21,4,200,200,1
1264,3,24,4,100,100,1
1264,3,26,4,200,200,1
1264,3,28,4,500,500,1
1264,3,29,4,100,100,1
1264,3,30,4,200,200,1
1267,3,4,3,200,200,1
1267,3,8,3,300,300,1
1267,3,9,3,200,200,1
1267,3,10,3,500,500,1
1267,3,11,4,300,300,1
1267,3,12,4,200,200,1
1267,3,14,4,300,300,1
1267,3,15,4,100,100,1
1267,3,17,4,500,500,1
1267,3,18,4,200,200,1
1267,3,21,4,100,100,1
1267,3,24,4,100,100,1
1267,3,25,4,200,200,1
1267,3,27,4,100,100,1
1267,3,29,4,500,500,1
1267,3,30,4,200,200,1
1271,3,5,3,1000,1000,1
1271,3,12,3,1000,1000,1
1273,3,12,3,1000,1000,1
1280,3,7,3,500,500,1
1280,3,24,3,1000,1000,1
1282,3,8,3,1000,1000,1
1288,3,2,3,100,100,1
1288,3,3,3,100,100,1
1288,3,4,3,200,200,1
1288,3,5,3,100,100,1
1288,3,6,3,200,200,1
1288,3,9,3,200,200,1
1288,3,10,3,200,200,1
1288,3,11,3,100,100,1
1288,3,12,3,100,100,1
1288,3,13,3,200,200,1
1288,3,30,3,200,200,1
1288,3,31,3,200,200,1
1291,3,2,3,400,400,1
1291,3,3,3,400,400,1
1291,3,4,3,400,400,1
1291,3,5,3,500,500,1
1291,3,6,3,400,400,1
1291,3,9,3,400,400,1
1291,3,10,3,400,400,1
1291,3,11,3,400,400,1
1291,3,12,3,400,400,1
1291,3,13,3,400,400,1
1291,3,16,3,100,100,1
1291,3,17,3,100,100,1
1291,3,18,3,100,100,1
1291,3,19,3,100,100,1
1291,3,20,3,100,100,1
1291,3,23,3,100,100,1
1291,3,24,3,100,100,1
1291,3,25,3,100,100,1
1291,3,26,3,100,100,1
1291,3,27,3,100,100,1
1291,3,30,3,400,400,1
1291,3,31,3,400,400,1
1295,3,6,3,300,300,1
1295,3,7,3,500,500,1
1295,3,13,3,500,500,1
1295,3,14,3,500,500,1
1295,3,20,3,500,500,1
1295,3,21,3,1000,1000,1
1295,3,27,3,500,500,1
1295,3,28,3,500,500,1
1296,3,2,3,150,150,1
1296,3,3,3,100,100,1
1296,3,4,3,100,100,1
1296,3,5,3,100,100,1
1296,3,6,3,100,100,1
1296,3,9,3,100,100,1
1296,3,10,3,100,100,1
1296,3,11,3,100,100,1
1296,3,12,3,100,100,1
1296,3,13,3,100,100,1
1296,3,16,3,100,100,1
1296,3,17,3,100,100,1
1296,3,18,3,150,150,1
1296,3,19,3,100,100,1
1296,3,20,3,100,100,1
1296,3,23,3,100,100,1
1296,3,24,3,100,100,1
1296,3,25,3,100,100,1
1296,3,26,3,100,100,1
1296,3,27,3,100,100,1
1296,3,30,3,100,100,1
1296,3,31,3,100,100,1
1313,4,5,5,400,400,1
1313,4,12,5,300,300,1
1333,4,1,2,25000,25000,1
1334,4,1,3,3000,3000,1
1335,4,1,1,76000,76000,1
1340,4,2,1,60000,60000,1
1343,4,15,3,4500,4500,1
1343,4,30,3,4000,4000,1
1347,4,15,2,11000,11000,1
1347,4,30,2,11000,11000,1
1348,4,15,3,2200,2200,1
1348,4,30,3,2200,2200,1
1350,4,15,2,7200,7200,1
1350,4,30,2,6000,6000,1
1353,4,29,2,10000,10000,1
1358,4,30,2,20000,20000,1
1360,4,1,1,55000,55000,1
1365,4,1,1,85000,85000,1
1367,4,1,2,16000,16000,1
1373,4,20,4,20000,20000,1
1373,4,21,4,1000,1000,1
1373,4,22,4,1000,1000,1
1373,4,23,4,1000,1000,1
1373,4,24,2,5000,5000,1
1373,4,27,4,1000,1000,1
1373,4,28,4,1000,1000,1
1373,4,29,4,1000,1000,1
1373,4,30,4,1000,1000,1
1375,4,19,4,8000,8000,1
1379,4,2,3,3600,3600,1
1379,4,5,3,4000,4000,1
1384,4,2,3,3000,3000,1
1384,4,6,3,2000,2000,1
1385,4,2,3,3600,3600,1
1385,4,7,3,2600,2600,1
1389,4,1,3,1300,1300,1
1389,4,13,3,500,500,1
1389,4,14,3,500,500,1
1389,4,15,3,600,600,1
1389,4,16,3,500,500,1
1389,4,20,3,500,500,1
1389,4,21,3,500,500,1
1389,4,22,3,500,500,1
1389,4,23,3,500,500,1
1389,4,24,3,500,500,1
1389,4,27,3,500,500,1
1389,4,28,3,500,500,1
1389,4,29,3,600,600,1
1389,4,30,3,500,500,1
1390,4,1,3,1000,1000,1
1390,4,13,3,200,200,1
1390,4,14,3,200,200,1
1390,4,15,3,500,500,1
1390,4,16,3,500,500,1
1390,4,17,3,400,400,1
1390,4,20,3,500,500,1
1390,4,21,3,500,500,1
1390,4,22,3,500,500,1
1390,4,23,3,400,400,1
1390,4,27,3,500,500,1
1390,4,28,3,500,500,1
1390,4,29,3,400,400,1
1390,4,30,3,500,500,1
1394,4,1,3,3000,3000,1
1394,4,8,3,4000,4000,1
1394,4,16,3,2500,2500,1
1407,4,2,2,20000,20000,1
1410,4,1,1,80000,80000,1
1450,4,1,3,3000,3000,1
1453,4,1,2,10000,10000,1
1453,4,1,3,3000,3000,1
1454,4,1,3,2000,2000,1
1456,4,1,3,2000,2000,1
1458,4,1,2,4000,4000,1
1461,4,1,4,7500,7500,1
1465,4,1,2,25000,25000,1
1467,4,1,2,8000,8000,1
1504,4,7,2,1000,1000,1
1504,4,21,2,1000,1000,1
1504,4,30,2,1000,1000,1
1529,4,7,3,300,300,1
1529,4,9,3,500,500,1
1550,4,1,2,6000,6000,1
1556,4,1,2,8000,8000,1
1557,4,1,3,5000,5000,1
1569,4,1,3,200,200,1
1569,4,2,3,100,100,1
1569,4,3,3,500,500,1
1569,4,5,3,400,400,1
1569,4,12,4,450,450,1
1569,4,17,3,200,200,1
1569,4,29,3,300,300,1
1569,4,30,3,300,300,1
1571,4,1,3,150,150,1
1571,4,3,3,150,150,1
1571,4,4,3,200,200,1
1571,4,7,3,200,200,1
1571,4,8,3,150,150,1
1571,4,9,3,200,200,1
1571,4,15,3,150,150,1
1571,4,16,3,2000,2000,1
1571,4,17,3,120,120,1
1571,4,20,3,150,150,1
1571,4,21,3,150,150,1
1571,4,22,3,150,150,1
1571,4,23,3,150,150,1
1571,4,28,3,150,150,1
1571,4,29,3,150,150,1
1571,4,30,3,150,150,1
1574,4,1,3,300,300,1
1574,4,2,3,300,300,1
1574,4,3,3,300,300,1
1574,4,4,3,300,300,1
1574,4,7,3,3000,3000,1
1574,4,8,3,300,300,1
1574,4,12,3,300,300,1
1574,4,13,3,600,600,1
1574,4,14,3,300,300,1
1574,4,15,3,300,300,1
1574,4,16,3,300,300,1
1574,4,17,3,300,300,1
1574,4,18,3,300,300,1
1574,4,19,3,300,300,1
1574,4,20,3,300,300,1
1574,4,21,3,300,300,1
1574,4,22,3,300,300,1
1574,4,23,3,300,300,1
1574,4,24,3,300,300,1
1574,4,26,3,300,300,1
1574,4,27,2,5000,5000,1
1574,4,28,3,300,300,1
1574,4,29,3,300,300,1
1574,4,30,3,300,300,1
1642,4,1,2,8000,8000,1
1713,4,1,3,150,150,1
1713,4,2,3,150,150,1
1713,4,3,3,200,200,1
1713,4,7,3,200,200,1
1713,4,8,3,150,150,1
1713,4,9,3,200,200,1
1713,4,10,3,200,200,1
1713,4,11,3,200,200,1
1713,4,13,3,200,200,1
1713,4,14,3,200,200,1
1713,4,15,3,200,200,1
1713,4,16,3,150,150,1
1713,4,17,3,150,150,1
1713,4,18,3,150,150,1
1713,4,20,3,200,200,1
1713,4,21,3,200,200,1
1713,4,22,3,200,200,1
1713,4,27,3,200,200,1
1713,4,28,3,200,200,1
1713,4,29,3,150,150,1
1713,4,30,3,200,200,1
1715,4,1,3,500,500,1
1715,4,2,3,600,600,1
1715,4,3,3,600,600,1
1715,4,7,3,500,500,1
1715,4,8,3,500,500,1
1715,4,9,3,500,500,1
1715,4,10,3,600,600,1
1715,4,11,3,600,600,1
1715,4,13,3,500,500,1
1715,4,14,3,500,500,1
1715,4,15,3,500,500,1
1715,4,16,3,500,500,1
1715,4,17,3,800,800,1
1715,4,18,3,600,600,1
1715,4,20,3,500,500,1
1715,4,21,3,600,600,1
1715,4,22,3,500,500,1
1715,4,27,3,500,500,1
1715,4,28,3,500,500,1
1715,4,29,3,600,600,1
1715,4,30,3,500,500,1
1716,4,1,3,120,120,1
1716,4,2,3,100,100,1
1716,4,3,3,100,100,1
1716,4,7,3,100,100,1
1716,4,8,3,150,150,1
1716,4,9,3,150,150,1
1716,4,10,3,100,100,1
1716,4,11,3,100,100,1
1716,4,13,3,100,100,1
1716,4,14,3,100,100,1
1716,4,15,3,150,150,1
1716,4,16,3,150,150,1
1716,4,17,3,150,150,1
1716,4,18,3,150,150,1
1716,4,20,3,100,100,1
1716,4,21,3,200,200,1
1716,4,22,3,150,150,1
1716,4,27,3,150,150,1
1716,4,28,3,150,150,1
1716,4,29,3,100,100,1
1716,4,30,3,100,100,1
1717,4,1,3,100,100,1
1717,4,2,3,100,100,1
1717,4,3,3,200,200,1
1717,4,7,3,100,100,1
1717,4,8,3,200,200,1
1717,4,9,3,200,200,1
1717,4,10,3,150,150,1
1717,4,11,3,100,100,1
1717,4,13,3,100,100,1
1717,4,14,3,100,100,1
1717,4,15,3,100,100,1
1717,4,16,3,200,200,1
1717,4,17,3,200,200,1
1717,4,18,3,100,100,1
1717,4,20,3,100,100,1
1717,4,21,3,200,200,1
1717,4,22,3,100,100,1
1717,4,27,3,100,100,1
1717,4,28,3,100,100,1
1717,4,29,3,100,100,1
1717,4,30,3,100,100,1
1718,4,1,3,200,200,1
1718,4,2,3,700,700,1
1718,4,3,3,100,100,1
1718,4,7,3,150,150,1
1718,4,8,3,200,200,1
1718,4,9,3,100,100,1
1718,4,10,3,150,150,1
1718,4,11,3,100,100,1
1718,4,13,3,100,100,1
1718,4,14,3,100,100,1
1718,4,15,3,100,100,1
1718,4,16,3,100,100,1
1718,4,17,3,100,100,1
1718,4,18,3,150,150,1
1718,4,20,3,150,150,1
1718,4,21,3,100,100,1
1718,4,22,3,100,100,1
1718,4,27,3,100,100,1
1718,4,28,3,100,100,1
1718,4,29,3,100,100,1
1718,4,30,3,150,150,1
1719,4,1,3,550,550,1
1719,4,2,3,550,550,1
1719,4,3,3,550,550,1
1719,4,7,3,250,250,1
1719,4,8,3,150,150,1
1719,4,9,3,150,150,1
1719,4,10,3,150,150,1
1719,4,11,3,150,150,1
1719,4,12,3,250,250,1
1719,4,13,3,100,100,1
1719,4,14,3,350,350,1
1719,4,15,3,250,250,1
1719,4,16,3,250,250,1
1719,4,17,3,100,100,1
1719,4,18,3,150,150,1
1719,4,20,3,150,150,1
1719,4,21,3,150,150,1
1719,4,22,3,150,150,1
1719,4,27,3,100,100,1
1719,4,28,3,150,150,1
1719,4,29,3,150,150,1
1719,4,30,3,150,150,1
1720,4,1,3,150,150,1
1720,4,2,3,200,200,1
1720,4,3,3,150,150,1
1720,4,6,3,150,150,1
1720,4,7,3,200,200,1
1720,4,8,3,150,150,1
1720,4,9,3,150,150,1
1720,4,10,3,200,200,1
1720,4,13,3,150,150,1
1720,4,14,3,200,200,1
1720,4,15,3,150,150,1
1720,4,16,3,150,150,1
1720,4,17,3,150,150,1
1720,4,18,3,200,200,1
1720,4,20,3,150,150,1
1720,4,21,3,150,150,1
1720,4,22,3,200,200,1
1720,4,27,3,200,200,1
1720,4,28,3,150,150,1
1720,4,29,3,150,150,1
1720,4,30,3,200,200,1
1721,4,1,3,300,300,1
1721,4,3,3,300,300,1
1721,4,5,3,400,400,1
1721,4,7,4,300,300,1
1721,4,8,3,350,350,1
1721,4,10,4,300,300,1
1721,4,11,4,300,300,1
1721,4,13,3,300,300,1
1721,4,17,3,300,300,1
1721,4,18,3,300,300,1
1721,4,19,3,500,500,1
1721,4,20,3,300,300,1
1721,4,21,3,350,350,1
1721,4,23,3,300,300,1
1721,4,26,3,500,500,1
1721,4,28,3,300,300,1
1721,4,30,3,300,300,1
1722,4,26,4,500,500,1
1724,4,6,3,1000,1000,1
1724,4,13,3,1000,1000,1
1726,4,14,3,2500,2500,1
1728,4,16,3,1500,1500,1
1728,4,22,3,1000,1000,1
1736,5,28,1,20000,20000,1
1737,5,24,1,35000,35000,1
1737,5,28,1,32000,32000,1
1740,5,4,3,2400,2400,1
1740,5,5,3,2500,2500,1
1740,5,7,3,1500,1500,1
1740,5,20,3,400,400,1
1740,5,22,3,400,400,1
1740,5,25,3,400,400,1
1740,5,27,3,300,300,1
1740,5,28,3,250,250,1
1740,5,29,3,250,250,1
1769,5,1,3,2000,2000,1
1769,5,21,3,1000,1000,1
1769,5,22,3,1000,1000,1
1769,5,23,3,1000,1000,1
1769,5,24,3,1000,1000,1
1769,5,25,3,1500,1500,1
1769,5,26,3,1000,1000,1
1769,5,27,3,1500,1500,1
1769,5,28,3,1000,1000,1
1769,5,29,3,1500,1500,1
1769,5,30,3,1000,1000,1
1772,5,2,2,30000,30000,1
1772,5,25,3,800,800,1
1772,5,27,3,800,800,1
1772,5,28,3,1000,1000,1
1772,5,29,3,1000,1000,1
1773,5,3,2,29000,29000,1
1773,5,21,3,3000,3000,1
1773,5,22,3,3000,3000,1
1773,5,23,3,2000,2000,1
1773,5,25,3,3500,3500,1
1773,5,26,3,2000,2000,1
1773,5,27,3,1000,1000,1
1773,5,28,3,3500,3500,1
1773,5,29,3,1000,1000,1
1773,5,30,3,1000,1000,1
1778,5,19,3,4500,4500,1
1778,5,21,3,300,300,1
1778,5,22,3,300,300,1
1778,5,25,3,300,300,1
1778,5,26,3,300,300,1
1778,5,27,3,300,300,1
1778,5,29,3,300,300,1
1781,5,20,3,3000,3000,1
1781,5,21,3,200,200,1
1781,5,22,3,200,200,1
1781,5,25,3,200,200,1
1781,5,26,3,200,200,1
1781,5,27,3,200,200,1
1781,5,29,3,200,200,1
1783,5,24,2,2800,2800,1
1783,5,25,2,3000,3000,1
1783,5,26,2,2500,2500,1
1783,5,27,2,1500,1500,1
1783,5,29,2,3000,3000,1
1784,5,22,2,28000,28000,1
1787,5,21,2,8000,8000,1
1788,5,20,2,25000,25000,1
1790,5,20,1,60000,60000,1
1792,5,1,2,7000,7000,1
1792,5,21,3,350,350,1
1792,5,22,3,500,500,1
1792,5,23,3,500,500,1
1792,5,24,3,500,500,1
1792,5,25,3,600,600,1
1796,5,1,3,1200,1200,1
1796,5,25,3,1000,1000,1
1796,5,27,3,600,600,1
1797,5,1,2,8000,8000,1
1812,5,1,3,3500,3500,1
1812,5,19,3,280,280,1
1812,5,20,3,260,260,1
1812,5,21,3,300,300,1
1812,5,22,3,200,200,1
1812,5,23,3,260,260,1
1813,5,1,3,1600,1600,1
1813,5,20,3,250,250,1
1813,5,21,3,300,300,1
1813,5,23,3,500,500,1
1814,5,1,3,2400,2400,1
1814,5,21,3,260,260,1
1815,5,1,3,3600,3600,1
1815,5,21,3,290,290,1
1815,5,22,3,200,200,1
1815,5,23,3,300,300,1
1815,5,25,3,260,260,1
1815,5,26,3,300,300,1
1815,5,27,3,300,300,1
1815,5,28,3,260,260,1
1815,5,30,3,300,300,1
1815,5,31,3,300,300,1
1820,5,1,2,7000,7000,1
1820,5,25,3,600,600,1
1820,5,29,3,600,600,1
1827,5,1,4,1800,1800,1
1827,5,21,3,150,150,1
1827,5,22,4,150,150,1
1837,5,1,3,5000,5000,1
1837,5,21,3,300,300,1
1837,5,22,3,300,300,1
1837,5,24,2,14000,14000,1
1841,5,28,2,13000,13000,1
1844,5,29,2,13000,13000,1
1884,5,2,3,100,100,1
1886,5,1,2,10000,10000,1
1886,5,20,4,1000,1000,1
1886,5,23,2,1000,1000,1
1886,5,24,3,800,800,1
1886,5,25,3,500,500,1
1886,5,26,4,1200,1200,1
1889,5,1,2,5000,5000,1
1889,5,1,3,3000,3000,1
1889,5,20,3,1600,1600,1
1889,5,21,3,200,200,1
1889,5,22,3,400,400,1
1889,5,23,4,1000,1000,1
1889,5,25,3,900,900,1
1889,5,29,3,1400,1400,1
1890,5,2,2,15000,15000,1
1890,5,20,2,1500,1500,1
1890,5,20,3,800,800,1
1890,5,21,2,1000,1000,1
1890,5,21,4,500,500,1
1890,5,23,3,2400,2400,1
1890,5,26,2,500,500,1
1890,5,26,3,500,500,1
1902,5,1,4,20000,20000,1
1929,5,1,2,10000,10000,1
1929,5,21,3,1000,1000,1
1929,5,22,3,1000,1000,1
1929,5,25,3,800,800,1
1929,5,26,3,800,800,1
1929,5,27,3,1000,1000,1
1929,5,29,3,1000,1000,1
1935,5,1,2,10000,10000,1
1935,5,21,3,1000,1000,1
1935,5,22,3,1000,1000,1
1935,5,25,3,700,700,1
1935,5,26,3,1000,1000,1
1935,5,27,3,700,700,1
1935,5,29,3,1000,1000,1
1983,5,29,3,2000,2000,1
1990,5,21,1,90000,90000,1
2000,5,22,3,1000,1000,1
2000,5,25,3,1000,1000,1
2000,5,26,3,1000,1000,1
2000,5,27,3,1000,1000,1
2000,5,29,3,1000,1000,1
2002,5,1,2,18000,18000,1
2002,5,23,2,3700,3700,1
2002,5,28,2,3000,3000,1
2033,5,20,4,15000,15000,1
2033,5,21,4,500,500,1
2033,5,22,4,600,600,1
2033,5,23,4,500,500,1
2033,5,24,4,400,400,1
2033,5,26,4,500,500,1
2033,5,27,4,500,500,1
2033,5,28,4,500,500,1
2033,5,31,4,500,500,1
2107,5,1,2,3000,3000,1
2110,5,1,3,3000,3000,1
2111,5,1,2,2500,2500,1
2111,5,1,3,4000,4000,1
2112,5,1,2,4000,4000,1
2112,5,1,3,2500,2500,1
2113,5,1,3,4000,4000,1
2113,5,1,4,1500,1500,1
2113,5,3,2,7000,7000,1
2113,5,3,3,5000,5000,1
2115,5,2,2,21500,21500,1
2115,5,2,4,2000,2000,1
2142,5,3,3,500,500,1
2142,5,6,3,1000,1000,1
2142,5,13,3,1000,1000,1
2152,5,1,3,800,800,1
2152,5,2,3,1000,1000,1
2152,5,3,3,800,800,1
2152,5,4,3,800,800,1
2152,5,5,3,800,800,1
2152,5,6,3,1000,1000,1
2152,5,7,3,800,800,1
2152,5,8,3,800,800,1
2152,5,9,3,600,600,1
2152,5,10,3,600,600,1
2152,5,11,3,450,450,1
2152,5,12,3,450,450,1
2152,5,13,3,600,600,1
2152,5,14,3,700,700,1
2152,5,15,3,600,600,1
2152,5,16,3,600,600,1
2152,5,17,3,800,800,1
2152,5,18,3,800,800,1
2152,5,19,3,700,700,1
2152,5,20,3,800,800,1
2152,5,21,3,1000,1000,1
2152,5,22,3,800,800,1
2152,5,23,3,600,600,1
2152,5,24,3,700,700,1
2152,5,25,3,500,500,1
2152,5,26,3,500,500,1
2152,5,27,3,700,700,1
2152,5,28,3,700,700,1
2152,5,29,3,700,700,1
2152,5,30,3,500,500,1
2152,5,31,3,500,500,1
2153,5,4,3,200,200,1
2153,5,5,3,100,100,1
2153,5,6,3,200,200,1
2153,5,7,3,300,300,1
2153,5,8,3,200,200,1
2153,5,11,3,200,200,1
2153,5,12,3,200,200,1
2153,5,13,3,200,200,1
2153,5,14,3,200,200,1
2153,5,15,3,150,150,1
2153,5,16,3,200,200,1
2153,5,18,3,200,200,1
2153,5,19,3,200,200,1
2153,5,20,3,200,200,1
2154,5,2,3,600,600,1
2154,5,3,3,200,200,1
2154,5,4,3,600,600,1
2154,5,5,3,500,500,1
2154,5,6,3,200,200,1
2154,5,7,3,600,600,1
2154,5,8,3,500,500,1
2154,5,11,3,600,600,1
2154,5,12,3,500,500,1
2154,5,13,3,600,600,1
2154,5,14,3,400,400,1
2154,5,15,3,500,500,1
2154,5,18,3,600,600,1
2154,5,19,3,400,400,1
2154,5,20,3,400,400,1
2154,5,21,3,400,400,1
2154,5,22,3,400,400,1
2154,5,25,3,300,300,1
2159,5,4,3,500,500,1
2159,5,5,3,500,500,1
2159,5,6,3,600,600,1
2159,5,7,3,600,600,1
2159,5,8,3,500,500,1
2159,5,11,3,500,500,1
2159,5,12,3,500,500,1
2159,5,13,3,500,500,1
2159,5,14,3,600,600,1
2159,5,15,3,600,600,1
2159,5,16,3,600,600,1
2159,5,19,3,500,500,1
2159,5,20,3,500,500,1
2159,5,21,3,500,500,1
2159,5,22,3,500,500,1
2159,5,25,3,600,600,1
2159,5,26,3,500,500,1
2159,5,27,3,500,500,1
2159,5,29,3,500,500,1
2159,5,30,3,600,600,1
2166,6,24,2,1500,1500,1
2168,6,5,3,700,700,1
2168,6,10,3,700,700,1
2168,6,15,3,700,700,1
2169,6,19,1,8500,8500,1
2178,6,5,4,500,500,1
2178,6,9,4,350,350,1
2178,6,15,4,300,300,1
2178,6,22,4,350,350,1
2178,6,29,4,250,250,1
2198,6,6,3,810,810,1
2198,6,7,3,1000,1000,1
2198,6,8,3,200,200,1
2198,6,8,5,350,350,1
2198,6,9,2,450,450,1
2198,6,9,5,500,500,1
2198,6,10,4,300,300,1
2198,6,23,3,1000,1000,1
2198,6,29,3,1000,1000,1
2200,6,1,3,1000,1000,1
2200,6,2,3,1000,1000,1
2200,6,6,3,1000,1000,1
2200,6,11,3,1000,1000,1
2200,6,12,3,1000,1000,1
2200,6,13,3,1000,1000,1
2200,6,14,3,800,800,1
2200,6,15,3,800,800,1
2200,6,16,3,1000,1000,1
2200,6,17,3,1000,1000,1
2200,6,20,3,1000,1000,1
2200,6,23,3,1000,1000,1
2202,6,11,3,1000,1000,1
2202,6,17,3,1000,1000,1
2202,6,24,3,600,600,1
2203,6,1,3,200,200,1
2203,6,1,4,400,400,1
2203,6,8,3,150,150,1
2203,6,22,3,1000,1000,1
2203,6,25,3,500,500,1
2203,6,29,3,800,800,1
2206,6,1,3,600,600,1
2206,6,2,3,600,600,1
2206,6,3,3,800,800,1
2206,6,4,3,600,600,1
2206,6,5,3,800,800,1
2206,6,8,3,600,600,1
2206,6,9,3,600,600,1
2206,6,10,3,600,600,1
2206,6,11,3,600,600,1
2206,6,12,3,800,800,1
2206,6,15,3,600,600,1
2206,6,16,3,600,600,1
2206,6,17,3,600,600,1
2206,6,18,3,800,800,1
2206,6,19,3,600,600,1
2206,6,22,3,600,600,1
2206,6,23,3,800,800,1
2206,6,24,3,800,800,1
2206,6,25,3,600,600,1
2206,6,26,3,600,600,1
2206,6,29,3,600,600,1
2206,6,30,3,600,600,1
2208,6,1,3,1000,1000,1
2208,6,2,3,1000,1000,1
2208,6,3,3,1000,1000,1
2208,6,4,3,1000,1000,1
2208,6,5,3,1000,1000,1
2208,6,8,3,1000,1000,1
2208,6,9,3,1000,1000,1
2208,6,10,3,1000,1000,1
2208,6,11,3,1000,1000,1
2208,6,12,3,1000,1000,1
2208,6,15,3,1000,1000,1
2208,6,16,3,1000,1000,1
2208,6,17,3,1000,1000,1
2208,6,18,3,1000,1000,1
2208,6,19,3,1000,1000,1
2208,6,22,3,1000,1000,1
2208,6,23,3,1000,1000,1
2208,6,24,3,1000,1000,1
2208,6,25,3,1000,1000,1
2208,6,26,3,1000,1000,1
2208,6,29,3,1000,1000,1
2208,6,30,3,1000,1000,1
2212,6,1,3,1500,1500,1
2212,6,2,3,1500,1500,1
2212,6,3,3,1500,1500,1
2212,6,4,3,1500,1500,1
2212,6,5,3,1500,1500,1
2212,6,6,3,700,700,1
2212,6,7,3,700,700,1
2212,6,8,3,1500,1500,1
2212,6,9,3,1500,1500,1
2212,6,10,3,1500,1500,1
2212,6,11,3,1500,1500,1
2212,6,12,3,1500,1500,1
2212,6,13,3,700,700,1
2212,6,14,3,700,700,1
2212,6,15,3,1500,1500,1
2212,6,16,3,1500,1500,1
2212,6,17,3,1500,1500,1
2212,6,18,3,1500,1500,1
2212,6,19,3,1500,1500,1
2212,6,20,3,800,800,1
2212,6,21,3,800,800,1
2212,6,22,3,1500,1500,1
2212,6,23,3,1500,1500,1
2212,6,24,3,1500,1500,1
2212,6,25,3,1500,1500,1
2212,6,26,3,1500,1500,1
2212,6,27,3,800,800,1
2212,6,28,3,800,800,1
2212,6,29,3,1500,1500,1
2212,6,30,3,1500,1500,1
2214,6,1,3,400,400,1
2214,6,2,3,400,400,1
2214,6,3,3,400,400,1
2214,6,4,3,400,400,1
2214,6,5,3,400,400,1
2214,6,6,3,400,400,1
2214,6,8,3,400,400,1
2214,6,9,3,400,400,1
2214,6,10,3,400,400,1
2214,6,11,3,400,400,1
2214,6,12,3,400,400,1
2214,6,13,3,400,400,1
2214,6,15,3,400,400,1
2214,6,16,3,400,400,1
2214,6,17,3,400,400,1
2214,6,18,3,400,400,1
2214,6,19,3,400,400,1
2214,6,20,3,400,400,1
2214,6,22,3,400,400,1
2214,6,23,3,400,400,1
2214,6,24,3,400,400,1
2214,6,25,3,400,400,1
2214,6,26,3,400,400,1
2214,6,27,3,400,400,1
2214,6,29,3,400,400,1
2214,6,30,3,400,400,1
2215,6,9,2,3000,3000,1
2215,6,10,3,2000,2000,1
2215,6,11,3,2000,2000,1
2215,6,12,3,1500,1500,1
2215,6,13,3,1800,1800,1
2215,6,14,3,2000,2000,1
2215,6,15,3,2000,2000,1
2215,6,16,3,2000,2000,1
2215,6,17,2,3000,3000,1
2215,6,18,2,1500,1500,1
2215,6,19,3,1200,1200,1
2215,6,20,3,1400,1400,1
2215,6,21,2,1400,1400,1
2215,6,22,3,1200,1200,1
2215,6,23,3,1200,1200,1
2218,6,1,2,7000,7000,1
2218,6,8,2,7000,7000,1
2218,6,21,2,7000,7000,1
2218,6,28,2,7000,7000,1
2233,6,1,4,1000,1000,1
2233,6,2,5,700,700,1
2233,6,3,3,700,700,1
2233,6,4,3,1000,1000,1
2233,6,5,3,800,800,1
2233,6,8,5,1000,1000,1
2233,6,9,5,800,800,1
2233,6,10,5,800,800,1
2233,6,11,5,800,800,1
2233,6,12,5,800,800,1
2233,6,15,5,800,800,1
2233,6,16,5,1000,1000,1
2233,6,17,5,700,700,1
2233,6,18,5,1000,1000,1
2233,6,19,5,1000,1000,1
2233,6,22,5,1000,1000,1
2233,6,23,5,800,800,1
2233,6,24,5,800,800,1
2233,6,25,5,700,700,1
2233,6,26,5,1000,1000,1
2233,6,29,5,800,800,1
2233,6,30,5,800,800,1
2246,6,1,3,600,600,1
2246,6,2,3,500,500,1
2246,6,3,3,500,500,1
2246,6,4,3,600,600,1
2246,6,5,3,500,500,1
2246,6,7,3,500,500,1
2246,6,8,3,600,600,1
2246,6,9,3,500,500,1
2246,6,10,3,500,500,1
2246,6,11,3,500,500,1
2246,6,14,3,500,500,1
2246,6,15,3,600,600,1
2246,6,16,3,600,600,1
2246,6,17,3,500,500,1
2246,6,18,3,600,600,1
2246,6,19,3,600,600,1
2246,6,20,3,500,500,1
2246,6,21,3,500,500,1
2246,6,23,3,500,500,1
2246,6,24,3,500,500,1
2246,6,25,3,400,400,1
2246,6,26,3,600,600,1
2246,6,28,3,500,500,1
2246,6,29,3,600,600,1
2246,6,30,3,600,600,1
2249,6,1,3,290,290,1
2249,6,2,3,500,500,1
2249,6,3,3,500,500,1
2249,6,4,3,400,400,1
2249,6,5,3,350,350,1
2249,6,6,3,350,350,1
2249,6,7,3,300,300,1
2249,6,8,3,300,300,1
2249,6,9,3,250,250,1
2249,6,10,3,320,320,1
2249,6,11,3,250,250,1
2249,6,13,3,300,300,1
2249,6,14,3,350,350,1
2249,6,15,3,300,300,1
2249,6,16,3,300,300,1
2249,6,25,3,300,300,1
2249,6,26,3,300,300,1
2249,6,27,3,300,300,1
2249,6,29,3,300,300,1
2249,6,30,3,260,260,1
2250,6,1,3,200,200,1
2250,6,2,3,250,250,1
2250,6,3,3,300,300,1
2250,6,4,3,290,290,1
2250,6,5,3,300,300,1
2250,6,6,3,300,300,1
2250,6,7,3,200,200,1
2250,6,8,3,300,300,1
2250,6,9,3,210,210,1
2250,6,10,3,240,240,1
2250,6,11,3,200,200,1
2250,6,12,3,240,240,1
2250,6,13,3,220,220,1
2250,6,14,3,300,300,1
2250,6,15,3,260,260,1
2250,6,16,3,240,240,1
2250,6,17,3,300,300,1
2250,6,18,3,290,290,1
2250,6,20,3,300,300,1
2250,6,21,3,250,250,1
2250,6,22,3,260,260,1
2250,6,23,3,300,300,1
2250,6,24,3,260,260,1
2250,6,25,3,200,200,1
2250,6,26,3,260,260,1
2250,6,27,3,300,300,1
2250,6,28,3,300,300,1
2250,6,29,3,200,200,1
2250,6,30,3,300,300,1
2256,6,3,3,500,500,1
2256,6,5,3,500,500,1
2269,6,24,2,1500,1500,1
2273,6,3,2,13500,13500,1
2273,6,7,2,12500,12500,1
2273,6,10,2,1500,1500,1
2273,6,18,2,13000,13000,1
2273,6,27,2,1000,1000,1
2274,6,20,2,1500,1500,1
2321,6,19,3,300,300,1
2370,6,12,3,5000,5000,1
2418,6,2,3,300,300,1
2418,6,4,3,1000,1000,1
2418,6,6,3,600,600,1
2418,6,10,3,1000,1000,1
2418,6,11,3,300,300,1
2418,6,14,3,600,600,1
2418,6,16,3,300,300,1
2418,6,18,3,1000,1000,1
2418,6,22,3,1200,1200,1
2418,6,25,3,600,600,1
2418,6,27,3,300,300,1
2418,6,29,3,600,600,1
2419,6,9,3,500,500,1
2432,6,1,3,200,200,1
2432,6,2,3,200,200,1
2432,6,3,3,200,200,1
2432,6,6,5,200,200,1
2432,6,8,3,200,200,1
2432,6,9,3,200,200,1
2432,6,10,3,180,180,1
2432,6,11,3,200,200,1
2432,6,12,3,200,200,1
2432,6,16,3,200,200,1
2432,6,17,3,200,200,1
2432,6,18,3,200,200,1
2432,6,19,3,180,180,1
2432,6,22,3,200,200,1
2432,6,23,3,200,200,1
2432,6,24,3,200,200,1
2432,6,25,3,200,200,1
2432,6,26,3,300,300,1
2432,6,30,3,200,200,1
2435,6,1,3,500,500,1
2435,6,2,3,320,320,1
2435,6,4,3,200,200,1
2435,6,8,3,400,400,1
2435,6,9,3,160,160,1
2435,6,10,3,400,400,1
2435,6,11,3,500,500,1
2435,6,13,3,600,600,1
2435,6,14,3,480,480,1
2435,6,15,3,500,500,1
2435,6,17,3,600,600,1
2435,6,18,3,300,300,1
2435,6,19,3,300,300,1
2435,6,20,3,200,200,1
2435,6,21,3,160,160,1
2435,6,22,3,300,300,1
2435,6,23,3,250,250,1
2435,6,24,3,300,300,1
2435,6,25,3,300,300,1
2435,6,26,3,200,200,1
2435,6,27,3,300,300,1
2435,6,28,3,500,500,1
2435,6,29,3,500,500,1
2435,6,30,3,500,500,1
2458,6,1,4,200,200,1
2458,6,3,3,700,700,1
2458,6,8,3,450,450,1
2459,6,1,3,500,500,1
2459,6,4,3,500,500,1
2459,6,8,3,500,500,1
2459,6,17,3,450,450,1
2461,6,1,2,3000,3000,1
2461,6,27,2,3000,3000,1
2470,6,1,4,300,300,1
2470,6,4,4,300,300,1
2470,6,5,4,300,300,1
2470,6,6,4,300,300,1
2470,6,8,4,300,300,1
2470,6,11,4,300,300,1
2470,6,12,4,300,300,1
2470,6,13,4,300,300,1
2470,6,14,4,300,300,1
2470,6,15,4,300,300,1
2470,6,18,4,300,300,1
2470,6,19,4,300,300,1
2470,6,20,4,300,300,1
2470,6,21,4,300,300,1
2470,6,22,4,300,300,1
2470,6,23,4,300,300,1
2470,6,24,4,300,300,1
2470,6,25,4,300,300,1
2470,6,26,4,300,300,1
2471,6,1,3,400,400,1
2471,6,4,3,400,400,1
2471,6,5,3,400,400,1
2471,6,6,3,400,400,1
2471,6,7,3,400,400,1
2471,6,8,3,400,400,1
2471,6,12,3,400,400,1
2471,6,13,3,400,400,1
2471,6,15,3,400,400,1
2562,6,10,2,3000,3000,1
2562,6,28,3,5000,5000,1
2564,6,5,3,500,500,1
2564,6,8,3,3000,3000,1
2576,6,6,3,1000,1000,1
2576,6,17,3,1000,1000,1
2576,6,27,3,1000,1000,1
2587,6,1,3,200,200,1
2587,6,2,3,200,200,1
2587,6,3,3,200,200,1
2587,6,4,3,200,200,1
2587,6,5,3,200,200,1
2587,6,8,3,300,300,1
2587,6,9,3,300,300,1
2587,6,10,3,300,300,1
2587,6,11,3,200,200,1
2587,6,12,3,200,200,1
2587,6,15,3,200,200,1
2587,6,16,3,200,200,1
2587,6,17,3,200,200,1
2587,6,18,3,200,200,1
2587,6,19,3,200,200,1
2587,6,22,3,200,200,1
2587,6,23,3,200,200,1
2587,6,24,3,200,200,1
2587,6,25,3,200,200,1
2587,6,26,3,200,200,1
2587,6,29,3,200,200,1
2587,6,30,3,300,300,1
2588,6,1,3,150,150,1
2588,6,2,3,150,150,1
2588,6,3,3,150,150,1
2588,6,4,3,150,150,1
2588,6,7,3,100,100,1
2588,6,8,3,100,100,1
2588,6,9,3,100,100,1
2588,6,11,3,150,150,1
2588,6,15,3,150,150,1
2588,6,16,3,100,100,1
2588,6,18,3,150,150,1
2588,6,19,3,200,200,1
2588,6,22,3,100,100,1
2588,6,23,3,200,200,1
2588,6,24,3,150,150,1
2588,6,25,3,100,100,1
2588,6,26,3,100,100,1
2588,6,29,3,100,100,1
2588,6,30,3,100,100,1
2591,6,1,3,300,300,1
2591,6,2,3,300,300,1
2591,6,3,3,300,300,1
2591,6,4,3,400,400,1
2591,6,5,3,300,300,1
2591,6,8,3,300,300,1
2591,6,9,3,300,300,1
2591,6,10,3,300,300,1
2591,6,11,3,300,300,1
2591,6,12,3,300,300,1
2591,6,15,3,400,400,1
2591,6,16,3,300,300,1
2591,6,17,3,300,300,1
2591,6,18,3,300,300,1
2591,6,19,3,300,300,1
2591,6,22,3,300,300,1
2591,6,23,3,300,300,1
2591,6,24,3,300,300,1
2591,6,25,3,300,300,1
2591,6,26,3,300,300,1
2591,6,29,3,300,300,1
2591,6,30,3,300,300,1
2592,6,12,2,11500,11500,1
2596,7,4,2,1500,1500,1
2598,7,30,2,3300,3300,1
2599,7,25,2,1500,1500,1
2600,7,12,2,1800,1800,1
2600,7,18,2,2000,2000,1
2601,7,24,2,1500,1500,1
2607,7,2,5,500,500,1
2607,7,10,5,300,300,1
2633,7,1,3,800,800,1
2633,7,2,3,1000,1000,1
2633,7,3,3,1000,1000,1
2633,7,4,3,600,600,1
2633,7,6,3,1500,1500,1
2633,7,7,3,500,500,1
2633,7,9,3,1000,1000,1
2633,7,10,3,600,600,1
2633,7,13,3,1000,1000,1
2633,7,14,3,1500,1500,1
2633,7,15,3,1000,1000,1
2633,7,16,3,1500,1500,1
2633,7,18,3,1000,1000,1
2633,7,20,3,1000,1000,1
2633,7,21,3,800,800,1
2633,7,22,3,1000,1000,1
2634,7,1,3,1000,1000,1
2634,7,4,3,1000,1000,1
2634,7,28,3,1000,1000,1
2639,7,1,3,2000,2000,1
2639,7,2,3,2000,2000,1
2639,7,3,3,2000,2000,1
2639,7,4,3,2000,2000,1
2639,7,5,3,1000,1000,1
2639,7,6,3,2000,2000,1
2639,7,7,3,2000,2000,1
2639,7,8,3,2000,2000,1
2639,7,9,3,2000,2000,1
2639,7,10,3,2000,2000,1
2639,7,11,3,2000,2000,1
2639,7,12,3,1000,1000,1
2639,7,13,3,2000,2000,1
2639,7,14,3,2000,2000,1
2639,7,15,3,2000,2000,1
2639,7,16,3,2000,2000,1
2639,7,17,3,2000,2000,1
2639,7,18,3,2000,2000,1
2639,7,19,3,1000,1000,1
2639,7,20,3,2000,2000,1
2639,7,21,3,2000,2000,1
2639,7,22,3,2000,2000,1
2639,7,23,3,2000,2000,1
2639,7,24,3,2000,2000,1
2639,7,25,3,2000,2000,1
2639,7,26,3,1000,1000,1
2639,7,27,3,2000,2000,1
2639,7,28,3,2000,2000,1
2639,7,29,3,2000,2000,1
2639,7,30,3,2000,2000,1
2639,7,31,3,2000,2000,1
2640,7,1,3,1000,1000,1
2640,7,2,3,1000,1000,1
2640,7,3,3,1000,1000,1
2640,7,4,3,1000,1000,1
2640,7,5,3,800,800,1
2640,7,6,3,1000,1000,1
2640,7,7,3,1000,1000,1
2640,7,8,3,1000,1000,1
2640,7,9,3,1000,1000,1
2640,7,10,3,1000,1000,1
2640,7,11,3,1000,1000,1
2640,7,12,3,700,700,1
2640,7,13,3,1000,1000,1
2640,7,14,3,1000,1000,1
2640,7,15,3,1000,1000,1
2640,7,16,3,1000,1000,1
2640,7,17,3,1000,1000,1
2640,7,18,3,1000,1000,1
2640,7,19,3,700,700,1
2640,7,20,3,1000,1000,1
2640,7,21,3,1000,1000,1
2640,7,22,3,1000,1000,1
2640,7,23,3,1000,1000,1
2640,7,24,3,1000,1000,1
2640,7,25,3,1000,1000,1
2640,7,26,3,700,700,1
2640,7,27,3,1000,1000,1
2640,7,28,3,1000,1000,1
2640,7,29,3,1000,1000,1
2640,7,30,3,1000,1000,1
2640,7,31,3,1000,1000,1
2645,7,1,3,300,300,1
2645,7,2,3,300,300,1
2645,7,3,3,500,500,1
2645,7,4,3,500,500,1
2645,7,7,3,500,500,1
2645,7,8,3,300,300,1
2645,7,9,3,200,200,1
2645,7,10,3,200,200,1
2645,7,11,3,300,300,1
2645,7,13,3,300,300,1
2645,7,14,3,300,300,1
2648,7,25,1,80000,80000,1
2649,7,1,2,24000,24000,1
2649,7,9,2,24000,24000,1
2649,7,17,2,12000,12000,1
2649,7,22,2,19000,19000,1
2649,7,29,2,14000,14000,1
2656,7,1,3,600,600,1
2656,7,2,3,600,600,1
2656,7,8,3,600,600,1
2656,7,9,3,700,700,1
2656,7,13,3,700,700,1
2656,7,14,3,700,700,1
2656,7,15,3,700,700,1
2656,7,20,3,600,600,1
2656,7,21,3,700,700,1
2656,7,22,3,700,700,1
2656,7,23,3,700,700,1
2664,7,1,3,1000,1000,1
2664,7,2,3,700,700,1
2664,7,3,3,700,700,1
2664,7,4,3,700,700,1
2664,7,5,3,600,600,1
2664,7,7,3,700,700,1
2664,7,11,3,600,600,1
2664,7,14,3,700,700,1
2664,7,15,3,700,700,1
2664,7,21,3,700,700,1
2664,7,22,3,600,600,1
2664,7,23,3,700,700,1
2664,7,24,3,700,700,1
2664,7,27,3,600,600,1
2664,7,28,3,700,700,1
2665,7,1,3,4000,4000,1
2665,7,2,3,4000,4000,1
2665,7,3,3,4000,4000,1
2665,7,6,3,4000,4000,1
2665,7,7,3,4000,4000,1
2665,7,8,3,4000,4000,1
2665,7,9,3,4000,4000,1
2665,7,10,3,4000,4000,1
2665,7,13,3,4000,4000,1
2665,7,14,3,4000,4000,1
2665,7,15,3,4000,4000,1
2665,7,16,3,4000,4000,1
2665,7,17,3,4000,4000,1
2665,7,20,3,4000,4000,1
2665,7,21,3,4000,4000,1
2665,7,22,3,4000,4000,1
2665,7,23,3,4000,4000,1
2665,7,24,3,4000,4000,1
2665,7,27,3,4000,4000,1
2665,7,28,3,4000,4000,1
2665,7,29,3,4000,4000,1
2665,7,30,3,4000,4000,1
2665,7,31,3,4000,4000,1
2668,7,11,5,1500,1500,1
2685,7,1,3,700,700,1
2685,7,2,3,700,700,1
2685,7,3,3,700,700,1
2688,7,10,2,2000,2000,1
2690,7,1,3,1000,1000,1
2690,7,2,3,1200,1200,1
2690,7,3,3,1500,1500,1
2690,7,7,3,2000,2000,1
2690,7,8,3,800,800,1
2690,7,10,3,1200,1200,1
2690,7,13,3,600,600,1
2690,7,14,4,1000,1000,1
2690,7,15,3,1200,1200,1
2690,7,16,3,1000,1000,1
2690,7,17,3,800,800,1
2690,7,19,2,2000,2000,1
2690,7,20,3,1000,1000,1
2690,7,22,3,1000,1000,1
2690,7,23,3,1200,1200,1
2690,7,24,3,400,400,1
2690,7,27,4,1200,1200,1
2690,7,28,3,800,800,1
2690,7,29,3,1000,1000,1
2701,7,29,2,13000,13000,1
2702,7,2,3,400,400,1
2702,7,16,3,400,400,1
2703,7,14,3,1000,1000,1
2703,7,30,2,13000,13000,1
2706,7,1,2,12000,12000,1
2706,7,2,2,1000,1000,1
2706,7,3,2,800,800,1
2706,7,6,3,700,700,1
2706,7,7,3,700,700,1
2706,7,9,3,500,500,1
2706,7,10,2,12000,12000,1
2706,7,21,3,500,500,1
2706,7,24,3,200,200,1
2706,7,28,3,700,700,1
2706,7,30,3,500,500,1
2708,7,5,2,18000,18000,1
2708,7,7,2,12000,12000,1
2708,7,11,2,13000,13000,1
2708,7,20,1,85000,85000,1
2708,7,22,2,2000,2000,1
2708,7,29,2,12000,12000,1
2709,7,25,2,18000,18000,1
2746,7,1,3,350,350,1
2746,7,2,3,350,350,1
2746,7,3,3,200,200,1
2746,7,3,5,200,200,1
2746,7,6,3,400,400,1
2746,7,16,3,500,500,1
2746,7,20,3,150,150,1
2746,7,20,4,200,200,1
2746,7,21,3,200,200,1
2746,7,21,4,200,200,1
2746,7,22,4,400,400,1
2746,7,23,4,400,400,1
2746,7,26,3,400,400,1
2746,7,29,3,200,200,1
2746,7,29,4,200,200,1
2747,7,1,3,300,300,1
2747,7,2,3,900,900,1
2747,7,4,3,400,400,1
2747,7,5,3,800,800,1
2747,7,6,3,800,800,1
2747,7,7,3,150,150,1
2747,7,8,3,200,200,1
2747,7,9,3,200,200,1
2747,7,16,3,500,500,1
2747,7,18,3,500,500,1
2747,7,21,3,500,500,1
2747,7,22,3,400,400,1
2747,7,25,3,500,500,1
2747,7,29,3,600,600,1
2752,7,1,3,500,500,1
2752,7,2,3,400,400,1
2752,7,3,3,500,500,1
2752,7,6,3,600,600,1
2752,7,7,3,550,550,1
2752,7,15,3,2200,2200,1
2752,7,23,3,1400,1400,1
2752,7,25,3,500,500,1
2798,7,1,3,1000,1000,1
2798,7,2,3,500,500,1
2798,7,3,3,1000,1000,1
2798,7,6,3,500,500,1
2798,7,7,3,800,800,1
2798,7,8,3,600,600,1
2798,7,9,3,800,800,1
2798,7,10,3,1000,1000,1
2798,7,14,3,600,600,1
2798,7,15,3,500,500,1
2798,7,17,3,1000,1000,1
2798,7,18,3,500,500,1
2798,7,20,3,700,700,1
2798,7,21,3,1000,1000,1
2798,7,22,3,1000,1000,1
2798,7,23,3,800,800,1
2798,7,24,3,1000,1000,1
2798,7,27,3,1000,1000,1
2798,7,28,3,1000,1000,1
2798,7,29,3,500,500,1
2798,7,30,3,1000,1000,1
2798,7,31,3,1000,1000,1
2865,7,1,3,310,310,1
2865,7,2,4,750,750,1
2865,7,2,5,1500,1500,1
2865,7,3,5,120,120,1
2877,7,18,5,200,200,1
2880,7,20,4,300,300,1
2880,7,21,4,200,200,1
2880,7,28,4,500,500,1
2890,7,15,2,1000,1000,1
3007,7,1,3,400,400,1
3007,7,2,3,400,400,1
3007,7,3,3,400,400,1
3007,7,6,3,300,300,1
3007,7,7,3,300,300,1
3007,7,8,3,300,300,1
3007,7,9,3,300,300,1
3007,7,10,3,300,300,1
3007,7,14,3,400,400,1
3007,7,15,3,300,300,1
3007,7,16,3,300,300,1
3007,7,17,3,300,300,1
3007,7,18,3,300,300,1
3007,7,20,3,400,400,1
3007,7,21,3,300,300,1
3007,7,22,3,300,300,1
3007,7,23,3,300,300,1
3007,7,24,3,300,300,1
3007,7,27,3,200,200,1
3007,7,28,3,300,300,1
3007,7,29,3,300,300,1
3007,7,30,3,300,300,1
3007,7,31,3,300,300,1
3014,7,1,3,200,200,1
3014,7,2,3,200,200,1
3014,7,3,3,100,100,1
3014,7,4,3,100,100,1
3014,7,5,3,200,200,1
3014,7,6,3,200,200,1
3014,7,7,3,200,200,1
3014,7,8,3,200,200,1
3014,7,9,3,150,150,1
3014,7,10,3,150,150,1
3014,7,11,3,200,200,1
3014,7,12,3,150,150,1
3014,7,13,3,200,200,1
3014,7,14,3,200,200,1
3014,7,15,3,200,200,1
3014,7,16,3,150,150,1
3014,7,17,3,200,200,1
3014,7,18,3,200,200,1
3014,7,19,3,150,150,1
3014,7,20,3,150,150,1
3014,7,21,3,200,200,1
3014,7,22,3,200,200,1
3014,7,23,3,200,200,1
3014,7,24,3,150,150,1
3014,7,27,3,200,200,1
3014,7,28,3,200,200,1
3014,7,29,3,150,150,1
3014,7,30,3,150,150,1
3014,7,31,3,150,150,1
3030,8,4,3,500,500,1
3030,8,8,3,500,500,1
3030,8,13,3,500,500,1
3030,8,17,3,500,500,1
3030,8,20,3,500,500,1
3030,8,23,3,500,500,1
3062,8,4,3,500,500,1
3062,8,5,2,14000,14000,1
3064,8,4,3,1000,1000,1
3064,8,5,3,1000,1000,1
3064,8,6,3,1000,1000,1
3064,8,7,3,1000,1000,1
3064,8,8,3,1000,1000,1
3064,8,9,3,1000,1000,1
3064,8,10,3,1000,1000,1
3064,8,11,3,1000,1000,1
3064,8,12,3,1000,1000,1
3064,8,13,3,1000,1000,1
3064,8,14,3,1000,1000,1
3064,8,15,3,1000,1000,1
3064,8,16,3,1000,1000,1
3064,8,17,3,1000,1000,1
3064,8,18,3,1000,1000,1
3064,8,19,3,1000,1000,1
3064,8,20,3,1000,1000,1
3064,8,29,3,1000,1000,1
3064,8,30,3,1000,1000,1
3064,8,31,3,1000,1000,1
3065,8,1,3,1000,1000,1
3065,8,2,3,800,800,1
3065,8,3,3,800,800,1
3065,8,4,3,1000,1000,1
3065,8,7,3,600,600,1
3065,8,8,3,1000,1000,1
3065,8,9,3,800,800,1
3065,8,10,3,1000,1000,1
3065,8,11,3,1000,1000,1
3065,8,15,3,1000,1000,1
3065,8,16,3,1000,1000,1
3065,8,17,3,600,600,1
3065,8,18,3,800,800,1
3065,8,19,3,800,800,1
3065,8,20,3,1000,1000,1
3065,8,21,3,1000,1000,1
3065,8,27,3,1000,1000,1
3065,8,28,3,1000,1000,1
3065,8,29,3,800,800,1
3065,8,30,3,1000,1000,1
3065,8,31,3,1000,1000,1
3066,8,1,3,1000,1000,1
3066,8,5,3,1000,1000,1
3066,8,8,3,400,400,1
3066,8,12,3,300,300,1
3066,8,15,3,400,400,1
3066,8,17,3,300,300,1
3068,8,1,3,1000,1000,1
3068,8,2,3,600,600,1
3068,8,3,3,1000,1000,1
3068,8,4,3,1000,1000,1
3068,8,5,3,1000,1000,1
3068,8,6,3,1000,1000,1
3068,8,7,3,1000,1000,1
3068,8,8,3,1000,1000,1
3068,8,9,3,800,800,1
3068,8,10,3,1000,1000,1
3068,8,11,3,1000,1000,1
3068,8,12,3,1000,1000,1
3068,8,13,3,800,800,1
3068,8,30,3,1000,1000,1
3068,8,31,3,800,800,1
3069,8,5,2,11000,11000,1
3069,8,7,2,11000,11000,1
3069,8,10,2,11000,11000,1
3069,8,14,2,12700,12700,1
3069,8,17,2,11000,11000,1
3071,8,1,3,3000,3000,1
3071,8,2,3,3000,3000,1
3071,8,3,3,3000,3000,1
3071,8,4,3,3000,3000,1
3071,8,5,3,3000,3000,1
3071,8,6,3,3000,3000,1
3071,8,7,3,3000,3000,1
3071,8,8,3,3000,3000,1
3071,8,9,3,3000,3000,1
3071,8,10,3,3000,3000,1
3071,8,11,3,3000,3000,1
3071,8,12,3,3000,3000,1
3071,8,13,3,3000,3000,1
3071,8,14,3,3000,3000,1
3071,8,15,3,3000,3000,1
3071,8,16,3,3000,3000,1
3071,8,17,3,3000,3000,1
3071,8,18,3,3000,3000,1
3071,8,19,3,3000,3000,1
3071,8,20,3,3000,3000,1
3071,8,21,3,3000,3000,1
3071,8,22,3,3000,3000,1
3071,8,23,3,3000,3000,1
3071,8,24,3,3000,3000,1
3071,8,25,3,3000,3000,1
3071,8,26,3,3000,3000,1
3071,8,27,3,3000,3000,1
3071,8,28,3,3000,3000,1
3071,8,29,3,3000,3000,1
3071,8,30,3,3000,3000,1
3071,8,31,3,3000,3000,1
3073,8,1,3,500,500,1
3073,8,2,3,600,600,1
3073,8,3,3,500,500,1
3073,8,4,3,600,600,1
3073,8,5,3,600,600,1
3073,8,6,3,600,600,1
3073,8,7,3,600,600,1
3073,8,8,3,600,600,1
3073,8,10,3,600,600,1
3073,8,11,3,600,600,1
3073,8,12,3,600,600,1
3073,8,13,3,600,600,1
3073,8,14,3,600,600,1
3073,8,15,3,600,600,1
3073,8,17,3,600,600,1
3073,8,18,3,600,600,1
3073,8,19,3,600,600,1
3073,8,20,3,600,600,1
3073,8,21,3,600,600,1
3073,8,22,3,600,600,1
3073,8,24,3,600,600,1
3073,8,25,3,600,600,1
3073,8,26,3,600,600,1
3073,8,27,3,600,600,1
3073,8,28,3,600,600,1
3073,8,29,3,600,600,1
3073,8,31,3,600,600,1
3077,8,1,3,500,500,1
3077,8,2,3,500,500,1
3077,8,3,3,500,500,1
3077,8,4,3,500,500,1
3077,8,5,3,500,500,1
3077,8,6,3,500,500,1
3077,8,7,3,500,500,1
3077,8,8,3,500,500,1
3077,8,10,3,500,500,1
3077,8,11,3,500,500,1
3077,8,12,3,500,500,1
3077,8,13,3,500,500,1
3077,8,14,3,500,500,1
3077,8,15,3,500,500,1
3077,8,17,3,500,500,1
3077,8,18,3,500,500,1
3077,8,19,3,500,500,1
3077,8,20,3,500,500,1
3077,8,21,3,500,500,1
3077,8,22,3,500,500,1
3077,8,24,3,500,500,1
3077,8,25,3,500,500,1
3077,8,26,3,500,500,1
3077,8,27,3,500,500,1
3077,8,28,3,500,500,1
3077,8,29,3,500,500,1
3077,8,31,3,500,500,1
3084,8,1,2,10000,10000,1
3084,8,8,2,10000,10000,1
3084,8,15,2,10000,10000,1
3084,8,22,2,10000,10000,1
3084,8,29,2,4000,4000,1
3094,8,2,2,20000,20000,1
3094,8,6,2,5000,5000,1
3094,8,8,2,5600,5600,1
3094,8,15,2,100,47978,3
3103,8,3,4,1000,1000,1
3103,8,4,4,1000,1000,1
3103,8,5,4,1000,1000,1
3103,8,6,4,1000,1000,1
3103,8,7,4,1000,1000,1
3103,8,10,4,1000,1000,1
3103,8,11,4,1000,1000,1
3103,8,12,4,1000,1000,1
3103,8,13,4,1000,1000,1
3103,8,14,4,1000,1000,1
3103,8,17,4,1000,1000,1
3103,8,18,4,1000,1000,1
3103,8,19,4,1000,1000,1
3103,8,20,4,1000,1000,1
3103,8,21,4,1000,1000,1
3103,8,24,4,1000,1000,1
3103,8,25,4,1000,1000,1
3103,8,26,4,1000,1000,1
3103,8,27,4,1000,1000,1
3103,8,28,4,1000,1000,1
3103,8,31,4,1000,1000,1
3104,8,1,4,500,500,1
3104,8,2,4,500,500,1
3104,8,4,4,500,500,1
3104,8,5,4,500,500,1
3104,8,6,4,500,500,1
3104,8,7,4,500,500,1
3104,8,8,4,500,500,1
3104,8,9,4,500,500,1
3104,8,11,4,500,500,1
3104,8,12,4,500,500,1
3104,8,13,4,500,500,1
3104,8,14,4,500,500,1
3104,8,15,4,500,500,1
3104,8,16,4,500,500,1
3104,8,18,4,500,500,1
3104,8,19,4,500,500,1
3108,8,1,3,700,700,1
3108,8,2,3,600,600,1
3108,8,3,3,500,500,1
3108,8,4,3,600,600,1
3108,8,7,3,700,700,1
3108,8,8,3,600,600,1
3108,8,9,3,500,500,1
3108,8,10,3,500,500,1
3108,8,11,3,550,550,1
3108,8,12,3,500,500,1
3108,8,13,3,450,450,1
3108,8,14,3,600,600,1
3108,8,15,3,450,450,1
3108,8,16,3,600,600,1
3108,8,18,3,500,500,1
3112,8,1,3,650,650,1
3112,8,2,3,800,800,1
3112,8,3,3,800,800,1
3112,8,4,3,750,750,1
3112,8,5,2,2000,2000,1
3112,8,5,3,600,600,1
3112,8,7,3,700,700,1
3112,8,8,3,650,650,1
3112,8,9,3,450,450,1
3112,8,10,2,3000,3000,1
3112,8,10,3,450,450,1
3112,8,11,3,450,450,1
3112,8,18,1,150000,150000,1
3112,8,18,2,25000,25000,1
3112,8,20,3,700,700,1
3112,8,21,3,650,650,1
3112,8,22,3,800,800,1
3112,8,24,3,700,700,1
3112,8,25,3,600,600,1
3112,8,26,3,500,500,1
3112,8,27,3,400,400,1
3112,8,28,3,500,500,1
3112,8,29,3,400,400,1
3113,8,30,2,1500,1500,1
3116,8,1,5,200,200,1
3116,8,4,5,250,250,1
3116,8,6,5,200,200,1
3116,8,10,5,200,200,1
3116,8,11,5,200,200,1
3116,8,12,5,300,300,1
3116,8,13,5,250,250,1
3116,8,14,5,300,300,1
3116,8,16,5,300,300,1
3116,8,18,5,300,300,1
3116,8,21,5,300,300,1
3116,8,22,5,350,350,1
3116,8,23,5,300,300,1
3116,8,24,5,400,400,1
3116,8,25,5,200,200,1
3116,8,26,5,200,200,1
3116,8,27,5,200,200,1
3116,8,29,5,300,300,1
3116,8,31,5,300,300,1
3119,8,22,2,1600,1600,1
3133,8,1,5,400,400,1
3133,8,2,5,300,300,1
3133,8,3,5,400,400,1
3133,8,4,5,300,300,1
3133,8,5,5,300,300,1
3133,8,6,5,500,500,1
3133,8,7,5,300,300,1
3133,8,8,5,400,400,1
3133,8,11,5,200,200,1
3133,8,14,5,300,300,1
3133,8,15,5,200,200,1
3133,8,18,5,300,300,1
3133,8,19,5,300,300,1
3133,8,20,5,300,300,1
3133,8,25,5,300,300,1
3133,8,26,5,300,300,1
3133,8,27,5,100,100,1
3133,8,28,5,200,200,1
3133,8,29,5,200,200,1
3133,8,30,2,16000,16000,1
3133,8,31,5,200,200,1
3135,8,25,2,1500,1500,1
3178,8,2,3,1300,1300,1
3178,8,3,3,500,500,1
3178,8,4,3,700,700,1
3178,8,7,3,1000,1000,1
3178,8,12,3,700,700,1
3179,8,1,4,300,300,1
3179,8,1,5,300,300,1
3179,8,2,3,300,300,1
3179,8,2,4,500,500,1
3179,8,3,4,400,400,1
3179,8,4,3,500,500,1
3179,8,7,3,300,300,1
3179,8,12,3,500,500,1
3179,8,14,3,600,600,1
3179,8,15,3,500,500,1
3179,8,17,3,400,400,1
3179,8,17,4,500,500,1
3179,8,23,3,500,500,1
3179,8,26,3,700,700,1
3179,8,28,3,500,500,1
3179,8,29,4,500,500,1
3179,8,30,3,1000,1000,1
3182,8,5,4,500,500,1
3182,8,16,3,600,600,1
3182,8,18,5,500,500,1
3183,8,2,3,600,600,1
3183,8,4,4,300,300,1
3183,8,6,3,1000,1000,1
3183,8,8,3,1000,1000,1
3183,8,23,3,500,500,1
3183,8,28,3,500,500,1
3183,8,30,3,600,600,1
3184,8,1,3,600,600,1
3184,8,4,3,1000,1000,1
3184,8,6,3,400,400,1
3184,8,9,3,800,800,1
3184,8,11,3,700,700,1
3185,8,3,5,500,500,1
3185,8,11,4,500,500,1
3185,8,21,3,1500,1500,1
3186,8,6,2,500,500,1
3186,8,8,3,600,600,1
3191,8,12,4,2000,2000,1
3191,8,17,2,2000,2000,1
3191,8,19,2,2000,2000,1
3191,8,24,2,2000,2000,1
3191,8,31,2,2000,2000,1
3223,8,4,3,200,200,1
3223,8,6,3,500,500,1
3223,8,7,3,200,200,1
3223,8,10,3,400,400,1
3223,8,11,3,200,200,1
3223,8,12,3,400,400,1
3223,8,13,3,200,200,1
3223,8,14,3,200,200,1
3223,8,17,3,300,300,1
3223,8,18,3,300,300,1
3223,8,19,3,200,200,1
3223,8,20,3,200,200,1
3223,8,21,3,500,500,1
3223,8,24,3,200,200,1
3223,8,25,3,200,200,1
3223,8,26,3,200,200,1
3223,8,28,3,300,300,1
3223,8,31,3,300,300,1
3225,8,4,3,200,200,1
3225,8,5,3,200,200,1
3225,8,6,3,500,500,1
3225,8,7,3,400,400,1
3225,8,10,3,300,300,1
3225,8,11,3,300,300,1
3225,8,12,3,500,500,1
3225,8,13,3,300,300,1
3225,8,24,3,300,300,1
3225,8,25,3,600,600,1
3225,8,26,3,400,400,1
3225,8,27,3,400,400,1
3225,8,28,3,400,400,1
3277,8,2,3,300,300,1
3277,8,4,3,200,200,1
3277,8,6,3,400,400,1
3277,8,10,3,300,300,1
3277,8,14,3,250,250,1
3277,8,19,3,400,400,1
3277,8,24,3,400,400,1
3277,8,27,3,200,200,1
3281,8,27,2,2800,2800,1
3282,8,2,3,2200,2200,1
3282,8,4,3,2000,2000,1
3282,8,7,3,1800,1800,1
3282,8,9,3,2500,2500,1
3282,8,13,3,2000,2000,1
3282,8,17,3,1500,1500,1
3282,8,19,3,1500,1500,1
3282,8,22,2,3000,3000,1
3282,8,25,3,2000,2000,1
3282,8,29,2,3000,3000,1
3283,8,20,2,3000,3000,1
3284,8,1,4,250,250,1
3309,8,7,5,100,100,1
3322,8,22,4,250,250,1
3409,8,10,4,200,200,1
3409,8,11,5,1000,1000,1
3449,8,3,3,500,500,1
3449,8,4,3,500,500,1
3449,8,5,3,500,500,1
3449,8,6,3,400,400,1
3449,8,7,3,500,500,1
3449,8,10,3,500,500,1
3449,8,11,3,500,500,1
3449,8,12,3,400,400,1
3449,8,13,3,400,400,1
3449,8,14,3,400,400,1
3449,8,17,3,400,400,1
3449,8,18,3,500,500,1
3449,8,19,3,200,200,1
3449,8,20,3,200,200,1
3449,8,21,3,500,500,1
3449,8,24,3,400,400,1
3449,8,25,3,500,500,1
3449,8,26,3,400,400,1
3449,8,27,3,500,500,1
3449,8,28,3,400,400,1
3449,8,31,3,400,400,1
3450,8,3,3,200,200,1
3450,8,4,3,200,200,1
3450,8,5,3,200,200,1
3450,8,6,3,200,200,1
3450,8,7,3,200,200,1
3450,8,10,3,300,300,1
3450,8,11,3,300,300,1
3450,8,12,3,200,200,1
3450,8,13,3,300,300,1
3450,8,14,3,300,300,1
3450,8,17,3,300,300,1
3450,8,18,3,300,300,1
3450,8,19,3,300,300,1
3450,8,20,3,300,300,1
3450,8,21,3,300,300,1
3450,8,24,3,300,300,1
3450,8,25,3,300,300,1
3450,8,26,3,300,300,1
3450,8,28,3,300,300,1
3450,8,31,3,300,300,1
3456,8,2,5,500,500,1
3459,9,21,2,2000,2000,1
3459,9,27,2,4000,4000,1
3460,9,5,2,1800,1800,1
3460,9,21,2,1500,1500,1
3461,9,9,3,700,700,1
3463,9,9,3,700,700,1
3463,9,16,3,700,700,1
3463,9,21,2,7500,7500,1
3463,9,28,3,700,700,1
3465,9,21,1,10000,10000,1
3479,9,3,3,1000,1000,1
3479,9,5,3,1000,1000,1
3479,9,6,3,1000,1000,1
3479,9,8,3,1000,1000,1
3479,9,10,3,1000,1000,1
3479,9,11,3,1000,1000,1
3479,9,13,3,1000,1000,1
3479,9,16,3,1000,1000,1
3479,9,17,3,1000,1000,1
3479,9,19,3,1000,1000,1
3479,9,25,3,1000,1000,1
3479,9,27,3,1000,1000,1
3479,9,29,3,1000,1000,1
3479,9,30,3,1000,1000,1
3490,9,1,3,1000,1000,1
3490,9,2,3,1000,1000,1
3490,9,3,3,1000,1000,1
3490,9,4,3,1000,1000,1
3490,9,5,3,1000,1000,1
3490,9,7,3,1000,1000,1
3490,9,8,3,1000,1000,1
3490,9,9,3,1000,1000,1
3490,9,10,3,1000,1000,1
3490,9,11,3,1000,1000,1
3490,9,14,3,1000,1000,1
3490,9,15,3,1000,1000,1
3490,9,16,3,1000,1000,1
3490,9,19,3,1000,1000,1
3490,9,20,3,1000,1000,1
3490,9,21,3,1000,1000,1
3490,9,24,3,1000,1000,1
3490,9,25,3,1000,1000,1
3490,9,26,3,1000,1000,1
3490,9,27,3,1000,1000,1
3490,9,28,3,1000,1000,1
3497,9,2,3,100,100,1
3497,9,3,3,200,200,1
3497,9,4,3,200,200,1
3497,9,8,3,500,500,1
3497,9,9,3,200,200,1
3497,9,10,3,200,200,1
3497,9,11,3,200,200,1
3497,9,15,3,100,100,1
3497,9,16,3,100,100,1
3497,9,17,3,200,200,1
3497,9,18,3,100,100,1
3497,9,19,3,100,100,1
3497,9,20,1,70000,70000,1
3497,9,22,3,100,100,1
3497,9,23,3,100,100,1
3497,9,25,3,100,100,1
3497,9,28,3,400,400,1
3497,9,30,3,100,100,1
3504,9,1,3,600,600,1
3504,9,2,3,700,700,1
3504,9,3,3,600,600,1
3504,9,4,3,700,700,1
3504,9,7,3,600,600,1
3504,9,8,3,600,600,1
3504,9,9,3,600,600,1
3504,9,10,3,700,700,1
3504,9,11,3,600,600,1
3504,9,14,3,600,600,1
3504,9,15,3,700,700,1
3504,9,16,3,600,600,1
3504,9,17,3,700,700,1
3504,9,18,3,600,600,1
3504,9,21,3,700,700,1
3504,9,22,3,700,700,1
3504,9,23,3,700,700,1
3504,9,24,3,600,600,1
3504,9,25,3,600,600,1
3504,9,28,3,700,700,1
3504,9,29,3,600,600,1
3504,9,30,3,600,600,1
3505,9,1,3,3000,3000,1
3505,9,2,3,3000,3000,1
3505,9,3,3,3000,3000,1
3505,9,4,3,3000,3000,1
3505,9,5,3,3000,3000,1
3505,9,7,3,3000,3000,1
3505,9,8,3,3000,3000,1
3505,9,9,3,3000,3000,1
3505,9,10,3,3000,3000,1
3505,9,11,3,3000,3000,1
3505,9,12,3,3000,3000,1
3505,9,14,3,3000,3000,1
3505,9,15,3,3000,3000,1
3505,9,16,3,3000,3000,1
3505,9,17,3,3000,3000,1
3505,9,18,3,3000,3000,1
3505,9,19,3,3000,3000,1
3505,9,21,3,3000,3000,1
3505,9,22,3,3000,3000,1
3505,9,23,3,3000,3000,1
3505,9,24,3,3000,3000,1
3505,9,25,3,3000,3000,1
3505,9,26,3,3000,3000,1
3505,9,27,3,3000,3000,1
3505,9,28,3,3000,3000,1
3505,9,29,3,3000,3000,1
3505,9,30,3,3000,3000,1
3506,9,1,3,200,200,1
3506,9,2,3,200,200,1
3506,9,3,3,200,200,1
3506,9,4,3,200,200,1
3506,9,7,3,200,200,1
3506,9,8,3,200,200,1
3506,9,9,3,200,200,1
3506,9,10,3,200,200,1
3506,9,11,3,200,200,1
3506,9,14,3,200,200,1
3506,9,15,3,200,200,1
3506,9,16,3,200,200,1
3506,9,17,3,200,200,1
3506,9,18,3,200,200,1
3506,9,22,3,200,200,1
3506,9,23,3,200,200,1
3506,9,24,3,200,200,1
3506,9,25,3,200,200,1
3506,9,28,3,200,200,1
3506,9,29,3,200,200,1
3506,9,30,3,200,200,1
3510,9,1,3,3000,3000,1
3510,9,2,3,3000,3000,1
3510,9,3,3,3000,3000,1
3510,9,4,3,3000,3000,1
3510,9,5,3,3000,3000,1
3510,9,7,3,3000,3000,1
3510,9,8,3,3000,3000,1
3510,9,9,3,3000,3000,1
3510,9,10,3,3000,3000,1
3510,9,11,3,3000,3000,1
3510,9,12,3,3000,3000,1
3510,9,14,3,3000,3000,1
3510,9,15,3,3000,3000,1
3510,9,16,3,3000,3000,1
3510,9,17,3,3000,3000,1
3510,9,18,3,3000,3000,1
3510,9,19,3,3000,3000,1
3510,9,21,3,3000,3000,1
3510,9,22,3,3000,3000,1
3510,9,23,3,3000,3000,1
3510,9,24,3,3000,3000,1
3510,9,25,3,3000,3000,1
3510,9,26,3,3000,3000,1
3510,9,28,3,3000,3000,1
3510,9,29,3,3000,3000,1
3510,9,30,3,3000,3000,1
3516,9,1,2,800,800,1
3516,9,14,2,3000,3000,1
3516,9,21,2,3000,3000,1
3516,9,28,2,2000,2000,1
3521,9,1,2,4000,4000,1
3521,9,7,3,800,800,1
3521,9,8,3,600,600,1
3521,9,9,3,600,600,1
3521,9,10,3,700,700,1
3521,9,15,3,800,800,1
3521,9,17,3,800,800,1
3524,9,1,3,1500,1500,1
3524,9,2,3,500,500,1
3524,9,4,3,500,500,1
3524,9,7,3,500,500,1
3524,9,8,3,500,500,1
3524,9,9,3,500,500,1
3524,9,10,3,1000,1000,1
3524,9,11,3,500,500,1
3524,9,15,3,1000,1000,1
3524,9,17,3,500,500,1
3524,9,18,3,550,550,1
3524,9,22,3,1500,1500,1
3524,9,25,3,500,500,1
3524,9,28,3,1000,1000,1
3526,9,2,3,1000,1000,1
3526,9,3,3,1000,1000,1
3526,9,4,3,1000,1000,1
3526,9,7,3,1000,1000,1
3526,9,8,3,1000,1000,1
3526,9,9,3,1000,1000,1
3526,9,10,3,1300,1300,1
3526,9,11,3,1000,1000,1
3526,9,15,3,1000,1000,1
3526,9,16,3,1000,1000,1
3526,9,17,3,1000,1000,1
3526,9,22,3,1000,1000,1
3526,9,24,3,1000,1000,1
3526,9,25,3,1000,1000,1
3526,9,29,3,1500,1500,1
3526,9,30,3,1500,1500,1
3527,9,1,3,1000,1000,1
3527,9,2,3,1000,1000,1
3527,9,3,3,1000,1000,1
3527,9,4,3,1000,1000,1
3527,9,7,3,1000,1000,1
3527,9,9,3,1000,1000,1
3527,9,11,3,1000,1000,1
3527,9,15,3,1000,1000,1
3527,9,16,3,1000,1000,1
3527,9,17,3,1000,1000,1
3527,9,18,3,1000,1000,1
3527,9,22,3,1000,1000,1
3527,9,23,3,1000,1000,1
3527,9,24,3,1000,1000,1
3527,9,25,3,1000,1000,1
3527,9,28,3,1000,1000,1
3527,9,29,3,1000,1000,1
3527,9,30,3,1000,1000,1
3530,9,1,3,1000,1000,1
3530,9,2,3,1000,1000,1
3530,9,3,3,1000,1000,1
3530,9,4,3,1000,1000,1
3530,9,7,3,1000,1000,1
3530,9,8,3,1000,1000,1
3530,9,9,3,1500,1500,1
3530,9,10,3,1200,1200,1
3530,9,11,3,1000,1000,1
3530,9,15,3,900,900,1
3530,9,16,3,1000,1000,1
3530,9,17,3,1000,1000,1
3530,9,18,3,1200,1200,1
3530,9,19,3,1000,1000,1
3530,9,22,3,1500,1500,1
3530,9,23,3,1000,1000,1
3530,9,24,3,900,900,1
3530,9,25,3,1300,1300,1
3538,9,5,3,200,200,1
3538,9,7,3,200,200,1
3538,9,8,3,200,200,1
3538,9,10,5,300,300,1
3538,9,11,5,200,200,1
3538,9,13,5,150,150,1
3538,9,14,3,150,150,1
3538,9,14,5,200,200,1
3538,9,15,3,150,150,1
3538,9,15,5,150,150,1
3538,9,16,3,200,200,1
3538,9,17,5,200,200,1
3538,9,20,5,400,400,1
3538,9,22,3,200,200,1
3538,9,22,5,200,200,1
3538,9,23,3,200,200,1
3538,9,23,5,250,250,1
3538,9,24,3,200,200,1
3538,9,24,5,150,150,1
3538,9,26,3,200,200,1
3538,9,26,5,200,200,1
3538,9,28,3,200,200,1
3538,9,30,3,150,150,1
3538,9,30,5,150,150,1
3543,9,1,3,200,200,1
3543,9,2,3,200,200,1
3543,9,3,3,300,300,1
3543,9,5,3,250,250,1
3543,9,6,3,300,300,1
3543,9,7,3,400,400,1
3543,9,8,3,300,300,1
3543,9,9,3,200,200,1
3543,9,10,3,400,400,1
3543,9,11,3,300,300,1
3543,9,15,3,300,300,1
3543,9,16,3,200,200,1
3543,9,17,3,200,200,1
3543,9,18,3,200,200,1
3543,9,19,3,300,300,1
3543,9,22,3,300,300,1
3543,9,23,3,300,300,1
3543,9,24,3,200,200,1
3543,9,25,3,200,200,1
3543,9,26,3,210,210,1
3543,9,27,4,240,240,1
3543,9,29,3,300,300,1
3543,9,30,3,260,260,1
3545,9,1,3,350,350,1
3545,9,3,3,250,250,1
3545,9,4,2,1250,1250,1
3545,9,5,3,200,200,1
3545,9,6,3,300,300,1
3545,9,7,3,300,300,1
3545,9,8,3,400,400,1
3545,9,9,3,260,260,1
3545,9,10,3,200,200,1
3545,9,11,3,250,250,1
3545,9,16,3,200,200,1
3545,9,17,3,260,260,1
3545,9,18,3,250,250,1
3545,9,19,3,290,290,1
3545,9,22,3,300,300,1
3545,9,23,3,300,300,1
3545,9,24,3,260,260,1
3545,9,25,2,1500,1500,1
3545,9,27,3,300,300,1
3545,9,28,3,200,200,1
3545,9,29,3,300,300,1
3545,9,30,3,300,300,1
3546,9,14,3,150,150,1
3546,9,24,3,250,250,1
3549,9,1,3,200,200,1
3549,9,2,3,150,150,1
3549,9,3,3,150,150,1
3549,9,4,3,100,100,1
3549,9,8,3,200,200,1
3549,9,9,3,200,200,1
3549,9,10,3,200,200,1
3549,9,11,3,200,200,1
3549,9,15,3,200,200,1
3549,9,16,3,200,200,1
3549,9,17,3,200,200,1
3549,9,18,3,200,200,1
3549,9,22,3,200,200,1
3549,9,23,3,200,200,1
3549,9,24,3,200,200,1
3549,9,25,3,200,200,1
3549,9,28,3,200,200,1
3549,9,29,3,200,200,1
3549,9,30,3,200,200,1
3551,9,1,4,600,600,1
3551,9,2,4,500,500,1
3551,9,3,4,700,700,1
3551,9,4,4,500,500,1
3551,9,5,4,1000,1000,1
3551,9,7,4,500,500,1
3551,9,8,4,800,800,1
3551,9,9,4,700,700,1
3551,9,10,4,1000,1000,1
3551,9,15,4,500,500,1
3551,9,16,4,500,500,1
3551,9,17,4,600,600,1
3551,9,18,4,500,500,1
3551,9,19,4,600,600,1
3551,9,21,4,500,500,1
3551,9,22,4,600,600,1
3551,9,23,4,500,500,1
3551,9,25,4,500,500,1
3551,9,28,4,1000,1000,1
3551,9,29,4,1000,1000,1
3551,9,30,4,1000,1000,1
3553,9,1,5,400,400,1
3553,9,2,5,400,400,1
3553,9,3,5,400,400,1
3553,9,4,5,400,400,1
3553,9,5,5,400,400,1
3553,9,6,4,1500,1500,1
3553,9,7,4,1000,1000,1
3553,9,8,4,600,600,1
3553,9,9,5,500,500,1
3553,9,10,5,400,400,1
3553,9,11,5,600,600,1
3553,9,12,5,500,500,1
3553,9,13,5,400,400,1
3553,9,14,5,600,600,1
3553,9,15,4,600,600,1
3553,9,16,5,600,600,1
3553,9,17,5,600,600,1
3553,9,18,5,500,500,1
3553,9,19,5,600,600,1
3553,9,20,4,500,500,1
3554,9,4,3,800,800,1
3554,9,7,3,1500,1500,1
3555,9,4,3,100,100,1
3555,9,5,3,100,100,1
3555,9,8,3,100,100,1
3555,9,10,3,100,100,1
3555,9,14,3,100,100,1
3555,9,15,3,100,100,1
3555,9,16,3,100,100,1
3555,9,17,3,100,100,1
3555,9,22,3,100,100,1
3555,9,23,3,100,100,1
3565,9,24,2,14000,14000,1
3566,9,1,3,500,500,1
3566,9,2,3,600,600,1
3566,9,3,3,500,500,1
3566,9,4,3,500,500,1
3566,9,5,3,600,600,1
3566,9,6,3,500,500,1
3566,9,7,3,500,500,1
3566,9,8,3,500,500,1
3566,9,9,3,400,400,1
3566,9,10,3,700,700,1
3566,9,11,3,800,800,1
3566,9,12,3,400,400,1
3566,9,13,3,300,300,1
3566,9,15,3,800,800,1
3566,9,16,3,800,800,1
3566,9,17,3,500,500,1
3566,9,18,3,500,500,1
3566,9,22,3,600,600,1
3566,9,23,3,600,600,1
3566,9,24,3,800,800,1
3566,9,25,3,500,500,1
3566,9,26,3,600,600,1
3566,9,28,3,700,700,1
3566,9,29,3,600,600,1
3566,9,30,3,600,600,1
3567,9,12,2,3000,3000,1
3571,9,1,3,1500,1500,1
3571,9,2,2,1500,1500,1
3571,9,3,2,700,700,1
3571,9,4,2,600,600,1
3571,9,5,2,500,500,1
3571,9,7,2,600,600,1
3571,9,8,2,700,700,1
3571,9,9,2,500,500,1
3571,9,10,3,800,800,1
3571,9,11,3,600,600,1
3571,9,14,2,17000,17000,1
3571,9,15,2,800,800,1
3571,9,16,2,1000,1000,1
3571,9,17,2,700,700,1
3571,9,18,2,500,500,1
3571,9,19,2,600,600,1
3571,9,22,2,500,500,1
3571,9,23,2,500,500,1
3571,9,24,3,500,500,1
3572,9,5,3,1000,1000,1
3572,9,6,2,2000,2000,1
3572,9,11,2,1000,1000,1
3572,9,21,2,1500,1500,1
3572,9,24,2,1500,1500,1
3572,9,25,2,1500,1500,1
3572,9,30,2,800,800,1
3607,9,1,3,1000,1000,1
3607,9,2,3,1000,1000,1
3607,9,3,3,1000,1000,1
3607,9,4,3,1000,1000,1
3607,9,7,3,1000,1000,1
3607,9,8,3,1000,1000,1
3607,9,9,3,1000,1000,1
3607,9,10,3,1000,1000,1
3607,9,15,3,1300,1300,1
3607,9,16,3,1000,1000,1
3607,9,17,3,1000,1000,1
3607,9,18,3,1200,1200,1
3607,9,22,3,1000,1000,1
3607,9,23,3,1000,1000,1
3607,9,24,3,1000,1000,1
3607,9,25,3,1000,1000,1
3607,9,28,3,1200,1200,1
3607,9,29,3,1000,1000,1
3611,9,2,3,500,500,1
3611,9,3,3,400,400,1
3611,9,4,3,700,700,1
3611,9,5,3,900,900,1
3611,9,7,3,800,800,1
3611,9,8,3,500,500,1
3611,9,9,3,700,700,1
3611,9,14,3,700,700,1
3611,9,15,3,550,550,1
3611,9,16,3,700,700,1
3611,9,21,3,700,700,1
3611,9,22,3,500,500,1
3611,9,23,3,700,700,1
3611,9,25,3,800,800,1
3611,9,28,3,800,800,1
3616,9,1,3,500,500,1
3616,9,2,3,300,300,1
3616,9,3,3,400,400,1
3616,9,6,3,400,400,1
3616,9,7,4,500,500,1
3616,9,8,3,500,500,1
3616,9,10,3,500,500,1
3616,9,15,3,400,400,1
3616,9,17,3,400,400,1
3616,9,19,3,200,200,1
3618,9,27,3,200,200,1
3620,9,30,3,5000,5000,1
3712,9,1,3,500,500,1
3712,9,2,3,800,800,1
3712,9,3,3,300,300,1
3712,9,4,3,240,240,1
3712,9,5,3,700,700,1
3712,9,7,3,400,400,1
3712,9,8,3,300,300,1
3712,9,9,3,240,240,1
3712,9,10,3,300,300,1
3712,9,11,3,300,300,1
3712,9,15,3,800,800,1
3712,9,16,3,600,600,1
3712,9,17,3,700,700,1
3712,9,18,3,240,240,1
3712,9,19,3,700,700,1
3712,9,23,3,300,300,1
3712,9,24,3,700,700,1
3712,9,25,3,300,300,1
3712,9,28,3,600,600,1
3712,9,29,3,500,500,1
3712,9,30,3,300,300,1
3716,9,1,3,1500,1500,1
3716,9,3,3,1200,1200,1
3716,9,5,3,1000,1000,1
3716,9,6,3,1000,1000,1
3716,9,9,3,1500,1500,1
3716,9,10,3,1000,1000,1
3716,9,13,3,1200,1200,1
3716,9,15,2,900,900,1
3716,9,17,3,1500,1500,1
3716,9,19,3,1000,1000,1
3716,9,21,3,1500,1500,1
3716,9,23,3,1000,1000,1
3716,9,25,3,1200,1200,1
3716,9,27,3,1000,1000,1
3716,9,29,3,1000,1000,1
3727,9,1,2,1700,1700,1
3727,9,1,3,600,600,1
3727,9,2,3,400,400,1
3727,9,3,3,1000,1000,1
3727,9,4,3,1500,1500,1
3727,9,5,3,400,400,1
3727,9,6,3,200,200,1
3727,9,7,3,400,400,1
3727,9,8,3,350,350,1
3727,9,9,3,700,700,1
3727,9,10,3,1300,1300,1
3727,9,11,3,300,300,1
3727,9,12,3,700,700,1
3727,9,14,3,300,300,1
3727,9,15,3,300,300,1
3727,9,16,3,200,200,1
3727,9,17,3,800,800,1
3727,9,18,3,1050,1050,1
3727,9,19,3,1000,1000,1
3727,9,20,3,200,200,1
3727,9,21,3,200,200,1
3727,9,22,3,200,200,1
3727,9,23,3,400,400,1
3727,9,24,3,400,400,1
3727,9,25,3,800,800,1
3727,9,26,3,200,200,1
3727,9,27,4,200,200,1
3727,9,28,3,200,200,1
3727,9,29,3,1000,1000,1
3727,9,30,3,720,720,1
3729,9,7,3,100,100,1
3729,9,8,3,100,100,1
3729,9,9,3,100,100,1
3729,9,10,3,100,100,1
3729,9,11,3,100,100,1
3729,9,14,3,100,100,1
3729,9,15,3,100,100,1
3729,9,16,3,100,100,1
3729,9,17,3,100,100,1
3729,9,18,3,100,100,1
3729,9,21,3,100,100,1
3729,9,28,3,100,100,1
3729,9,29,3,100,100,1
3729,9,30,3,100,100,1
3730,9,2,3,300,300,1
3730,9,3,3,300,300,1
3730,9,4,3,300,300,1
3730,9,7,3,150,150,1
3730,9,8,3,100,100,1
3730,9,9,3,150,150,1
3730,9,10,3,100,100,1
3730,9,11,3,100,100,1
3730,9,15,3,300,300,1
3730,9,16,3,250,250,1
3730,9,17,3,200,200,1
3730,9,18,3,300,300,1
3730,9,19,3,430,430,1
3730,9,22,3,250,250,1
3730,9,23,3,250,250,1
3730,9,24,3,150,150,1
3730,9,25,3,100,100,1
3734,9,1,3,600,600,1
3734,9,4,3,580,580,1
3734,9,19,3,500,500,1
3754,9,9,3,200,200,1
3754,9,10,3,300,300,1
3754,9,14,3,300,300,1
3759,9,3,3,500,500,1
3759,9,17,3,600,600,1
3759,9,21,3,600,600,1
3759,9,28,3,600,600,1
3766,9,3,3,1500,1500,1
3766,9,5,3,1500,1500,1
3766,9,6,3,1000,1000,1
3766,9,10,3,1500,1500,1
3766,9,11,3,1500,1500,1
3766,9,12,3,1500,1500,1
3766,9,13,3,1500,1500,1
3766,9,15,3,1500,1500,1
3766,9,16,3,1500,1500,1
3766,9,17,3,1500,1500,1
3766,9,18,3,1500,1500,1
3766,9,19,3,1500,1500,1
3766,9,20,3,1500,1500,1
3766,9,22,3,1000,1000,1
3766,9,23,3,1000,1000,1
3766,9,24,3,1000,1000,1
3766,9,26,3,1500,1500,1
3766,9,27,3,1500,1500,1
3766,9,29,3,150,150,1
3766,9,30,3,150,150,1
3767,9,1,3,600,600,1
3767,9,2,3,400,400,1
3767,9,3,3,400,400,1
3767,9,4,3,500,500,1
3767,9,5,3,400,400,1
3767,9,6,3,400,400,1
3767,9,7,3,400,400,1
3767,9,9,3,500,500,1
3767,9,10,3,300,300,1
3767,9,11,3,450,450,1
3767,9,12,3,500,500,1
3767,9,13,3,300,300,1
3767,9,15,3,400,400,1
3767,9,16,3,400,400,1
3767,9,17,3,600,600,1
3767,9,18,3,200,200,1
3767,9,19,3,300,300,1
3767,9,20,3,200,200,1
3767,9,22,3,400,400,1
3767,9,23,3,400,400,1
3767,9,24,3,400,400,1
3767,9,25,3,400,400,1
3767,9,26,3,400,400,1
3767,9,27,3,600,600,1
3767,9,29,3,400,400,1
3767,9,30,3,400,400,1
3789,9,5,3,200,200,1
3789,9,8,3,200,200,1
3789,9,10,3,250,250,1
3789,9,11,3,200,200,1
3789,9,14,3,200,200,1
3789,9,15,3,200,200,1
3789,9,16,3,200,200,1
3789,9,17,3,200,200,1
3789,9,21,3,250,250,1
3789,9,22,3,250,250,1
3789,9,23,3,250,250,1
3789,9,24,3,250,250,1
3789,9,25,3,250,250,1
3789,9,28,3,300,300,1
3789,9,29,3,200,200,1
3789,9,30,3,300,300,1
3836,9,1,3,200,200,1
3836,9,2,3,250,250,1
3836,9,3,3,150,150,1
3836,9,4,3,200,200,1
3836,9,5,3,200,200,1
3836,9,8,3,250,250,1
3836,9,9,3,250,250,1
3836,9,10,3,200,200,1
3836,9,11,3,150,150,1
3836,9,12,3,150,150,1
3836,9,14,3,300,300,1
3836,9,15,3,150,150,1
3836,9,16,3,200,200,1
3836,9,17,3,150,150,1
3836,9,18,3,200,200,1
3836,9,19,3,200,200,1
3836,9,22,3,150,150,1
3836,9,23,3,150,150,1
3836,9,28,3,200,200,1
3836,9,29,3,200,200,1
3836,9,30,3,200,200,1
3839,9,14,3,200,200,1
3841,9,14,4,100,100,1
3842,9,5,2,20000,20000,1
3842,9,21,2,20000,20000,1
3842,9,25,2,10000,10000,1
3861,9,1,2,5000,5000,1
3862,9,1,3,120,120,1
3862,9,2,3,150,150,1
3862,9,3,3,150,150,1
3862,9,4,3,150,150,1
3862,9,7,3,200,200,1
3862,9,8,3,300,300,1
3862,9,9,3,300,300,1
3862,9,10,3,300,300,1
3862,9,11,3,300,300,1
3862,9,15,3,200,200,1
3862,9,16,3,200,200,1
3862,9,17,3,200,200,1
3862,9,18,3,300,300,1
3862,9,19,3,300,300,1
3862,9,22,3,300,300,1
3862,9,23,3,200,200,1
3862,9,24,3,300,300,1
3862,9,25,3,200,200,1
3862,9,28,3,300,300,1
3862,9,29,3,300,300,1
3862,9,30,3,300,300,1
3863,9,1,3,300,300,1
3863,9,2,3,500,500,1
3863,9,3,3,400,400,1
3863,9,4,3,300,300,1
3863,9,7,3,400,400,1
3863,9,8,3,300,300,1
3863,9,9,3,400,400,1
3863,9,10,3,300,300,1
3863,9,11,3,300,300,1
3863,9,15,3,400,400,1
3863,9,16,3,300,300,1
3863,9,17,3,400,400,1
3863,9,18,3,400,400,1
3863,9,19,3,300,300,1
3863,9,22,3,300,300,1
3863,9,23,3,300,300,1
3863,9,24,3,300,300,1
3863,9,25,3,300,300,1
3863,9,28,3,300,300,1
3863,9,29,3,400,400,1
3863,9,30,3,400,400,1
3867,9,1,3,500,500,1
3867,9,2,3,500,500,1
3867,9,3,3,500,500,1
3867,9,4,3,500,500,1
3867,9,5,3,200,200,1
3867,9,7,3,600,600,1
3867,9,8,3,400,400,1
3867,9,9,3,500,500,1
3867,9,10,3,400,400,1
3867,9,11,3,400,400,1
3867,9,12,3,200,200,1
3867,9,15,3,400,400,1
3867,9,16,3,500,500,1
3867,9,17,3,400,400,1
3867,9,18,3,400,400,1
3867,9,19,3,400,400,1
3867,9,20,3,200,200,1
3867,9,22,3,400,400,1
3867,9,23,3,400,400,1
3867,9,24,3,400,400,1
3867,9,25,3,400,400,1
3867,9,26,3,200,200,1
3867,9,28,3,400,400,1
3867,9,29,3,300,300,1
3867,9,30,3,400,400,1
3868,9,1,3,200,200,1
3868,9,2,3,200,200,1
3868,9,3,3,300,300,1
3868,9,4,3,300,300,1
3868,9,7,3,200,200,1
3868,9,8,3,200,200,1
3868,9,9,3,200,200,1
3868,9,10,3,200,200,1
3868,9,11,3,200,200,1
3868,9,15,3,200,200,1
3868,9,16,3,200,200,1
3868,9,17,3,200,200,1
3868,9,18,3,200,200,1
3868,9,19,3,300,300,1
3868,9,22,3,200,200,1
3868,9,23,3,200,200,1
3868,9,24,3,200,200,1
3868,9,25,3,200,200,1
3868,9,28,3,200,200,1
3868,9,29,3,200,200,1
3868,9,30,3,200,200,1
3869,9,2,3,150,150,1
3869,9,3,3,150,150,1
3869,9,4,3,150,150,1
3869,9,7,3,150,150,1
3869,9,8,3,150,150,1
3869,9,9,3,150,150,1
3869,9,10,3,200,200,1
3869,9,11,3,200,200,1
3869,9,15,3,200,200,1
3869,9,16,3,200,200,1
3869,9,17,3,200,200,1
3869,9,18,3,150,150,1
3869,9,19,3,150,150,1
3869,9,22,3,150,150,1
3869,9,23,3,200,200,1
3869,9,24,3,200,200,1
3869,9,25,3,200,200,1
3869,9,28,3,200,200,1
3869,9,29,3,200,200,1
3869,9,30,3,200,200,1
3880,9,1,3,1000,1000,1
3880,9,4,4,500,500,1
3880,9,8,3,800,800,1
3880,9,14,3,1000,1000,1
3880,9,18,3,600,600,1
3880,9,25,3,1000,1000,1
3881,9,3,2,600,600,1
3883,9,12,3,1000,1000,1
3883,9,23,3,1000,1000,1
3887,9,1,3,300,300,1
3887,9,2,3,250,250,1
3887,9,3,3,250,250,1
3887,9,7,3,200,200,1
3887,9,8,3,150,150,1
3887,9,10,3,200,200,1
3887,9,14,3,150,150,1
3887,9,15,3,150,150,1
3887,9,17,3,200,200,1
3887,9,21,3,150,150,1
3887,9,23,3,150,150,1
3887,9,25,3,150,150,1
3887,9,26,3,150,150,1
3887,9,28,3,150,150,1
3887,9,30,3,150,150,1
3908,10,1,2,12000,12000,1
3925,10,22,3,11000,11000,1
3925,10,24,3,300,300,1
3925,10,25,3,400,400,1
3925,10,27,3,400,400,1
3925,10,28,3,300,300,1
3925,10,29,3,400,400,1
3925,10,30,3,400,400,1
3925,10,31,3,300,300,1
3926,10,22,2,25000,25000,1
3926,10,24,3,1000,1000,1
3926,10,25,3,1500,1500,1
3926,10,26,3,1500,1500,1
3927,10,22,3,2500,2500,1
3928,10,21,2,20000,20000,1
3928,10,23,3,1000,1000,1
3928,10,27,3,1000,1000,1
3928,10,29,3,1000,1000,1
3928,10,30,3,1000,1000,1
3928,10,31,3,1500,1500,1
3932,10,21,3,1500,1500,1
3932,10,25,3,150,150,1
3932,10,26,3,150,150,1
3932,10,27,3,150,150,1
3932,10,28,3,200,200,1
3932,10,29,3,150,150,1
3932,10,30,3,150,150,1
3932,10,31,3,200,200,1
3933,10,21,3,4000,4000,1
3933,10,23,3,1000,1000,1
3933,10,26,3,1000,1000,1
3933,10,28,3,500,500,1
3933,10,29,3,800,800,1
3933,10,30,3,600,600,1
3933,10,31,3,500,500,1
3934,10,21,2,6000,6000,1
3934,10,22,3,500,500,1
3934,10,23,3,500,500,1
3934,10,26,3,500,500,1
3934,10,27,3,500,500,1
3934,10,28,3,500,500,1
3934,10,29,3,500,500,1
3934,10,30,3,500,500,1
3935,10,20,2,9000,9000,1
3935,10,22,3,500,500,1
3935,10,23,3,500,500,1
3935,10,24,3,500,500,1
3935,10,26,3,500,500,1
3935,10,27,3,500,500,1
3935,10,28,3,500,500,1
3935,10,29,3,500,500,1
3935,10,30,3,500,500,1
3935,10,31,3,500,500,1
3936,10,21,3,3000,3000,1
3936,10,22,3,200,200,1
3936,10,23,3,200,200,1
3936,10,26,3,200,200,1
3936,10,27,3,200,200,1
3936,10,28,3,200,200,1
3936,10,29,3,200,200,1
3936,10,30,3,200,200,1
3937,10,21,2,15000,15000,1
3937,10,22,3,1000,1000,1
3937,10,23,3,1000,1000,1
3937,10,26,3,1000,1000,1
3937,10,27,3,1000,1000,1
3937,10,28,3,1000,1000,1
3937,10,29,3,1000,1000,1
3937,10,30,3,1000,1000,1
3956,10,26,3,600,600,1
3956,10,27,3,700,700,1
3956,10,30,3,600,600,1
3962,10,22,2,15000,15000,1
3962,10,24,3,1000,1000,1
3962,10,26,3,1000,1000,1
3962,10,28,3,1000,1000,1
3962,10,30,3,1000,1000,1
3963,10,22,4,5000,5000,1
3963,10,25,4,500,500,1
3963,10,26,4,500,500,1
3963,10,28,4,500,500,1
3963,10,30,4,500,500,1
3966,10,21,2,15000,15000,1
3966,10,23,3,500,500,1
3966,10,26,3,1000,1000,1
3966,10,27,3,1000,1000,1
3966,10,28,3,1000,1000,1
3966,10,29,3,1000,1000,1
3966,10,30,3,1000,1000,1
3969,10,22,4,6000,6000,1
3969,10,23,4,300,300,1
3969,10,25,4,300,300,1
3969,10,26,4,300,300,1
3969,10,27,4,300,300,1
3969,10,28,4,500,500,1
3969,10,29,4,300,300,1
3969,10,30,4,300,300,1
3971,10,22,3,1800,1800,1
3971,10,26,3,200,200,1
3971,10,27,3,200,200,1
3971,10,28,3,100,100,1
3971,10,29,3,200,200,1
3971,10,30,3,300,300,1
3972,10,24,3,1500,1500,1
3972,10,25,3,100,100,1
3972,10,27,3,100,100,1
3972,10,28,3,100,100,1
3972,10,29,3,200,200,1
3972,10,30,3,150,150,1
3976,10,21,2,9000,9000,1
3976,10,22,3,350,350,1
3976,10,23,3,350,350,1
3976,10,24,3,400,400,1
3976,10,25,3,400,400,1
3976,10,26,3,300,300,1
3976,10,27,3,400,400,1
3976,10,28,3,350,350,1
3976,10,29,3,350,350,1
3976,10,30,3,260,260,1
3978,10,21,3,2500,2500,1
3978,10,22,3,250,250,1
3978,10,23,3,250,250,1
3978,10,26,3,250,250,1
3978,10,27,3,300,300,1
3978,10,28,3,300,300,1
3978,10,29,3,200,200,1
3978,10,30,3,250,250,1
3979,10,1,3,4000,4000,1
3979,10,21,3,300,300,1
3979,10,22,3,350,350,1
3979,10,26,4,350,350,1
3979,10,27,4,350,350,1
3979,10,28,4,350,350,1
3979,10,30,4,350,350,1
3983,10,1,3,4200,4200,1
3983,10,21,3,300,300,1
3983,10,22,3,300,300,1
3983,10,23,3,300,300,1
3983,10,25,3,300,300,1
3983,10,27,3,300,300,1
3983,10,28,3,300,300,1
3983,10,29,3,300,300,1
3983,10,30,3,300,300,1
3985,10,1,3,400,400,1
3985,10,21,3,400,400,1
3985,10,22,3,400,400,1
3985,10,23,3,400,400,1
3985,10,24,3,400,400,1
3985,10,26,3,400,400,1
3985,10,28,3,300,300,1
3985,10,29,3,300,300,1
3985,10,30,3,300,300,1
3986,10,1,2,13000,13000,1
3986,10,21,3,800,800,1
3986,10,22,3,800,800,1
3986,10,27,3,800,800,1
3986,10,29,3,900,900,1
3986,10,30,3,800,800,1
3999,10,23,3,500,500,1
3999,10,26,3,500,500,1
3999,10,27,3,500,500,1
3999,10,28,3,500,500,1
3999,10,29,3,400,400,1
3999,10,30,3,500,500,1
3999,10,31,3,700,700,1
4042,10,1,3,1000,1000,1
4042,10,4,3,500,500,1
4042,10,6,3,400,400,1
4042,10,8,3,1500,1500,1
4042,10,15,3,1000,1000,1
4042,10,16,3,700,700,1
4042,10,17,3,500,500,1
4042,10,18,3,1000,1000,1
4042,10,23,3,1300,1300,1
4042,10,29,3,1300,1300,1
4042,10,30,3,1000,1000,1
4045,10,1,2,1000,1000,1
4045,10,2,3,1000,1000,1
4045,10,5,4,1500,1500,1
4045,10,7,3,1000,1000,1
4045,10,10,3,700,700,1
4045,10,13,3,2000,2000,1
4045,10,15,3,1000,1000,1
4045,10,18,3,1000,1000,1
4045,10,20,3,1000,1000,1
4045,10,29,3,1500,1500,1
4046,10,2,3,100,100,1
4046,10,6,3,200,200,1
4046,10,16,3,200,200,1
4046,10,24,3,200,200,1
4046,10,29,3,200,200,1
4048,10,1,3,1000,1000,1
4048,10,29,3,500,500,1
4048,10,30,3,200,200,1
4048,10,31,3,1000,1000,1
4049,10,1,3,400,400,1
4049,10,2,3,600,600,1
4049,10,7,3,300,300,1
4049,10,8,3,350,350,1
4049,10,12,3,300,300,1
4049,10,25,3,300,300,1
4058,10,31,1,35000,35000,1
4058,10,31,2,10000,10000,1
4143,10,1,2,10000,10000,1
4147,10,1,1,55000,55000,1
4147,10,3,3,600,600,1
4147,10,5,3,2000,2000,1
4147,10,7,3,1500,1500,1
4148,10,1,2,7000,7000,1
4148,10,2,2,6000,6000,1
4148,10,4,3,400,400,1
4148,10,5,3,300,300,1
4148,10,6,3,300,300,1
4148,10,7,3,300,300,1
4148,10,8,3,400,400,1
4159,10,1,2,6000,6000,1
4164,10,2,2,15100,15100,1
4167,10,1,2,6000,6000,1
4195,10,1,3,500,500,1
4195,10,2,3,500,500,1
4195,10,3,3,500,500,1
4195,10,4,3,500,500,1
4195,10,5,3,500,500,1
4195,10,6,3,500,500,1
4195,10,7,3,500,500,1
4195,10,8,3,500,500,1
4195,10,9,3,500,500,1
4195,10,10,3,500,500,1
4195,10,12,3,500,500,1
4195,10,13,3,500,500,1
4195,10,14,3,500,500,1
4195,10,15,3,500,500,1
4195,10,16,3,500,500,1
4195,10,17,3,500,500,1
4195,10,21,3,500,500,1
4195,10,22,3,500,500,1
4195,10,23,3,500,500,1
4195,10,25,3,500,500,1
4195,10,26,3,500,500,1
4195,10,27,3,500,500,1
4195,10,28,3,500,500,1
4195,10,29,3,500,500,1
4195,10,30,3,500,500,1
4196,10,1,3,150,150,1
4196,10,2,3,150,150,1
4196,10,5,3,150,150,1
4196,10,6,3,150,150,1
4196,10,7,3,150,150,1
4196,10,8,3,150,150,1
4196,10,9,3,150,150,1
4196,10,12,3,150,150,1
4196,10,13,3,150,150,1
4196,10,14,3,150,150,1
4196,10,15,3,150,150,1
4196,10,16,3,150,150,1
4196,10,17,3,150,150,1
4196,10,19,3,150,150,1
4201,10,1,2,8000,8000,1
4218,10,22,2,8000,8000,1
4218,10,24,3,500,500,1
4218,10,25,3,600,600,1
4218,10,26,3,550,550,1
4218,10,27,3,600,600,1
4218,10,28,3,600,600,1
4218,10,29,3,500,500,1
4218,10,30,3,600,600,1
4218,10,31,3,500,500,1
4295,10,1,3,200,200,1
4295,10,2,3,400,400,1
4295,10,3,3,150,150,1
4295,10,5,3,400,400,1
4295,10,6,3,500,500,1
4295,10,7,3,400,400,1
4295,10,8,3,500,500,1
4295,10,9,3,350,350,1
4295,10,10,3,150,150,1
4295,10,12,3,500,500,1
4295,10,13,3,500,500,1
4295,10,14,3,300,300,1
4295,10,15,3,500,500,1
4295,10,16,3,400,400,1
4295,10,17,3,150,150,1
4295,10,19,3,500,500,1
4295,10,20,3,300,300,1
4295,10,21,3,300,300,1
4295,10,22,3,500,500,1
4295,10,23,3,300,300,1
4295,10,24,3,200,200,1
4295,10,26,3,400,400,1
4295,10,27,3,500,500,1
4295,10,28,3,500,500,1
4295,10,29,3,500,500,1
4295,10,30,3,500,500,1
4295,10,31,3,200,200,1
4296,10,1,3,2500,2500,1
4296,10,26,3,250,250,1
4296,10,27,3,250,250,1
4296,10,28,3,300,300,1
4296,10,29,3,400,400,1
4296,10,30,3,200,200,1
4297,10,1,3,2500,2500,1
4298,10,2,2,7000,7000,1
4299,10,5,3,150,150,1
4299,10,6,3,200,200,1
4299,10,7,3,150,150,1
4299,10,8,3,200,200,1
4299,10,12,3,150,150,1
4299,10,13,3,200,200,1
4299,10,14,3,200,200,1
4299,10,15,3,200,200,1
4299,10,19,3,150,150,1
4299,10,20,3,150,150,1
4299,10,21,3,150,150,1
4299,10,22,3,200,200,1
4318,10,15,3,2000,2000,1
4318,10,20,3,1400,1400,1
4324,11,3,2,3000,3000,1
4324,11,17,2,3000,3000,1
4324,11,26,2,3000,3000,1
4335,11,12,4,2500,2500,1
4335,11,15,4,1200,1200,1
4344,11,4,4,500,500,1
4344,11,7,4,500,500,1
4344,11,10,5,500,500,1
4344,11,24,4,500,500,1
4346,11,5,4,1000,1000,1
4346,11,10,5,500,500,1
4346,11,14,4,1000,1000,1
4346,11,26,4,1000,1000,1
4359,11,2,3,200,200,1
4359,11,3,3,200,200,1
4359,11,4,3,200,200,1
4359,11,5,3,200,200,1
4359,11,6,3,200,200,1
4359,11,12,3,200,200,1
4359,11,13,3,200,200,1
4359,11,14,3,200,200,1
4359,11,16,3,200,200,1
4359,11,18,3,200,200,1
4359,11,19,3,200,200,1
4359,11,20,3,200,200,1
4359,11,23,3,200,200,1
4359,11,24,3,200,200,1
4359,11,25,3,200,200,1
4359,11,26,3,200,200,1
4359,11,27,3,200,200,1
4359,11,28,3,200,200,1
4359,11,30,3,200,200,1
4362,11,2,3,600,600,1
4362,11,3,3,400,400,1
4362,11,4,3,700,700,1
4362,11,5,3,500,500,1
4362,11,6,3,500,500,1
4362,11,9,3,500,500,1
4362,11,11,3,700,700,1
4362,11,13,3,200,200,1
4362,11,16,3,500,500,1
4362,11,17,3,600,600,1
4362,11,18,3,600,600,1
4362,11,24,3,500,500,1
4362,11,25,3,700,700,1
4362,11,26,3,500,500,1
4362,11,27,3,600,600,1
4362,11,30,3,500,500,1
4370,11,1,3,500,500,1
4370,11,2,3,500,500,1
4370,11,3,3,500,500,1
4370,11,4,3,500,500,1
4370,11,5,3,500,500,1
4370,11,6,3,500,500,1
4370,11,9,3,100,100,1
4370,11,10,3,500,500,1
4370,11,11,3,500,500,1
4370,11,12,3,500,500,1
4370,11,13,3,500,500,1
4370,11,16,3,500,500,1
4370,11,17,3,500,500,1
4370,11,18,3,500,500,1
4370,11,19,3,500,500,1
4370,11,20,3,500,500,1
4370,11,23,3,500,500,1
4370,11,24,3,500,500,1
4370,11,25,3,500,500,1
4370,11,26,3,500,500,1
4370,11,27,3,500,500,1
4370,11,30,3,500,500,1
4372,11,1,3,2000,2000,1
4372,11,3,3,2000,2000,1
4372,11,4,3,1000,1000,1
4372,11,5,3,1000,1000,1
4372,11,6,3,1000,1000,1
4372,11,7,3,1000,1000,1
4372,11,8,3,2000,2000,1
4372,11,10,3,2000,2000,1
4372,11,11,3,1000,1000,1
4372,11,12,3,1000,1000,1
4372,11,13,3,2000,2000,1
4372,11,14,3,1000,1000,1
4372,11,15,3,1000,1000,1
4372,11,16,3,1000,1000,1
4372,11,17,3,2000,2000,1
4372,11,18,3,1000,1000,1
4372,11,19,3,1000,1000,1
4372,11,20,3,2000,2000,1
4372,11,21,3,1000,1000,1
4372,11,22,3,1000,1000,1
4372,11,24,3,2000,2000,1
4372,11,25,3,2000,2000,1
4372,11,26,3,1000,1000,1
4372,11,27,3,2000,2000,1
4372,11,28,3,1000,1000,1
4372,11,30,3,2000,2000,1
4375,11,1,2,1000,1000,1
4375,11,9,2,1200,1200,1
4375,11,16,2,1200,1200,1
4375,11,23,2,1200,1200,1
4378,11,2,3,3000,3000,1
4378,11,9,2,3000,3000,1
4378,11,16,2,3000,3000,1
4378,11,23,2,3000,3000,1
4380,11,1,2,17000,17000,1
4380,11,8,2,16000,16000,1
4380,11,15,2,10000,10000,1
4380,11,22,2,12000,12000,1
4381,11,1,3,2000,2000,1
4385,11,15,2,2500,2500,1
4386,11,2,3,500,500,1
4386,11,3,3,300,300,1
4386,11,4,3,300,300,1
4386,11,5,3,300,300,1
4386,11,9,3,300,300,1
4386,11,12,3,500,500,1
4386,11,30,3,400,400,1
4391,11,1,3,300,300,1
4391,11,2,3,200,200,1
4391,11,3,3,250,250,1
4391,11,4,3,300,300,1
4391,11,5,3,250,250,1
4391,11,7,3,250,250,1
4391,11,8,3,200,200,1
4391,11,11,3,200,200,1
4391,11,13,3,300,300,1
4391,11,16,3,250,250,1
4391,11,17,3,200,200,1
4391,11,18,3,300,300,1
4391,11,19,3,200,200,1
4391,11,20,3,250,250,1
4391,11,21,3,300,300,1
4391,11,26,3,200,200,1
4391,11,27,3,300,300,1
4393,11,2,3,500,500,1
4393,11,3,3,500,500,1
4393,11,4,3,500,500,1
4393,11,5,3,500,500,1
4393,11,16,3,500,500,1
4393,11,17,3,500,500,1
4393,11,18,3,500,500,1
4393,11,19,3,500,500,1
4393,11,20,3,500,500,1
4393,11,23,3,500,500,1
4393,11,24,3,500,500,1
4393,11,25,3,500,500,1
4393,11,26,3,500,500,1
4393,11,27,3,500,500,1
4393,11,30,3,500,500,1
4397,11,2,2,1000,1000,1
4397,11,3,2,1000,1000,1
4397,11,4,2,1000,1000,1
4397,11,5,2,1000,1000,1
4397,11,6,2,1000,1000,1
4397,11,9,2,1000,1000,1
4397,11,10,2,1000,1000,1
4397,11,11,2,1000,1000,1
4397,11,12,2,1000,1000,1
4397,11,13,2,1000,1000,1
4397,11,16,2,1000,1000,1
4397,11,17,2,1000,1000,1
4397,11,18,2,1000,1000,1
4397,11,19,2,1000,1000,1
4397,11,20,2,1000,1000,1
4397,11,23,2,1000,1000,1
4397,11,24,2,1000,1000,1
4397,11,25,2,1000,1000,1
4397,11,26,2,1000,1000,1
4397,11,27,2,1000,1000,1
4397,11,30,2,1000,1000,1
4406,11,1,3,300,300,1
4406,11,2,3,200,200,1
4406,11,3,3,300,300,1
4406,11,4,3,200,200,1
4406,11,5,3,250,250,1
4406,11,10,3,300,300,1
4406,11,11,3,250,250,1
4406,11,13,3,250,250,1
4406,11,14,3,300,300,1
4406,11,15,3,300,300,1
4406,11,17,3,260,260,1
4406,11,18,3,150,150,1
4406,11,19,3,250,250,1
4406,11,21,3,300,300,1
4406,11,22,3,250,250,1
4406,11,23,3,290,290,1
4406,11,24,3,200,200,1
4406,11,25,3,250,250,1
4406,11,26,3,300,300,1
4406,11,27,3,300,300,1
4406,11,30,3,200,200,1
4407,11,1,3,250,250,1
4407,11,2,3,200,200,1
4407,11,3,3,150,150,1
4407,11,4,3,200,200,1
4407,11,5,3,200,200,1
4407,11,7,3,300,300,1
4407,11,8,3,200,200,1
4407,11,9,3,200,200,1
4407,11,10,3,250,250,1
4407,11,11,3,150,150,1
4407,11,12,3,250,250,1
4407,11,14,3,260,260,1
4407,11,15,3,300,300,1
4407,11,16,3,200,200,1
4407,11,17,3,200,200,1
4407,11,20,3,200,200,1
4407,11,21,3,250,250,1
4407,11,22,3,200,200,1
4407,11,23,3,240,240,1
4407,11,24,3,290,290,1
4407,11,25,3,200,200,1
4407,11,27,3,200,200,1
4407,11,28,3,200,200,1
4407,11,30,3,250,250,1
4408,11,10,2,1000,1000,1
4409,11,1,3,500,500,1
4409,11,2,3,600,600,1
4409,11,3,3,500,500,1
4409,11,4,3,600,600,1
4409,11,5,3,400,400,1
4409,11,6,3,400,400,1
4409,11,7,3,400,400,1
4409,11,8,3,300,300,1
4409,11,9,3,450,450,1
4409,11,11,3,500,500,1
4409,11,12,3,400,400,1
4409,11,13,3,500,500,1
4409,11,14,3,400,400,1
4409,11,15,3,400,400,1
4409,11,16,3,320,320,1
4409,11,17,3,400,400,1
4409,11,18,3,500,500,1
4409,11,19,3,400,400,1
4409,11,20,3,350,350,1
4409,11,21,3,400,400,1
4409,11,22,3,300,300,1
4409,11,23,3,450,450,1
4409,11,24,3,500,500,1
4409,11,25,3,500,500,1
4409,11,26,3,290,290,1
4409,11,28,3,500,500,1
4410,11,5,3,300,300,1
4410,11,8,3,300,300,1
4410,11,12,3,400,400,1
4410,11,14,3,400,400,1
4410,11,16,3,300,300,1
4410,11,18,3,300,300,1
4410,11,23,3,400,400,1
4410,11,25,3,300,300,1
4410,11,27,3,400,400,1
4410,11,28,3,300,300,1
4410,11,29,3,300,300,1
4410,11,30,3,400,400,1
4413,11,2,3,400,400,1
4413,11,3,3,1000,1000,1
4413,11,4,3,1000,1000,1
4413,11,5,3,1000,1000,1
4413,11,6,3,1000,1000,1
4413,11,9,3,1000,1000,1
4413,11,10,3,900,900,1
4413,11,11,3,1000,1000,1
4413,11,12,3,1000,1000,1
4413,11,13,3,400,400,1
4413,11,16,3,1000,1000,1
4413,11,17,3,1200,1200,1
4413,11,18,3,1000,1000,1
4413,11,19,3,1000,1000,1
4413,11,20,3,800,800,1
4413,11,30,3,1000,1000,1
4415,11,2,3,300,300,1
4415,11,3,3,300,300,1
4415,11,6,3,500,500,1
4415,11,9,3,300,300,1
4415,11,10,3,200,200,1
4415,11,11,3,200,200,1
4415,11,12,3,300,300,1
4415,11,16,3,300,300,1
4415,11,17,3,500,500,1
4415,11,18,2,3000,3000,1
4415,11,18,3,600,600,1
4415,11,19,3,300,300,1
4415,11,20,3,300,300,1
4415,11,23,3,300,300,1
4415,11,24,3,300,300,1
4415,11,25,3,300,300,1
4415,11,26,3,300,300,1
4415,11,30,3,300,300,1
4420,11,2,2,7000,7000,1
4420,11,3,2,1500,1500,1
4420,11,6,2,6000,6000,1
4420,11,7,2,6000,6000,1
4420,11,11,2,6000,6000,1
4420,11,12,2,6000,6000,1
4420,11,14,2,5000,5000,1
4420,11,15,2,5000,5000,1
4420,11,16,2,3000,3000,1
4420,11,18,2,3000,3000,1
4420,11,19,2,3000,3000,1
4420,11,20,2,3000,3000,1
4420,11,21,2,3000,3000,1
4420,11,22,2,3000,3000,1
4420,11,24,2,3000,3000,1
4420,11,25,2,3000,3000,1
4420,11,26,2,3000,3000,1
4420,11,28,2,3000,3000,1
4430,11,2,3,1000,1000,1
4430,11,3,3,1000,1000,1
4430,11,4,3,1500,1500,1
4430,11,5,3,1500,1500,1
4430,11,6,3,1500,1500,1
4430,11,9,3,1000,1000,1
4430,11,10,2,12000,12000,1
4430,11,10,3,800,800,1
4430,11,11,3,1000,1000,1
4430,11,12,3,1000,1000,1
4430,11,13,3,1400,1400,1
4430,11,16,3,800,800,1
4430,11,17,3,700,700,1
4430,11,18,3,1000,1000,1
4430,11,20,3,900,900,1
4430,11,23,3,1200,1200,1
4430,11,24,3,1000,1000,1
4430,11,27,3,1100,1100,1
4431,11,2,3,500,500,1
4431,11,3,3,400,400,1
4431,11,4,3,400,400,1
4431,11,5,3,400,400,1
4431,11,6,3,400,400,1
4431,11,9,3,300,300,1
4431,11,10,3,400,400,1
4431,11,11,3,500,500,1
4431,11,12,3,400,400,1
4431,11,13,3,400,400,1
4431,11,16,3,400,400,1
4431,11,17,3,400,400,1
4431,11,18,3,400,400,1
4431,11,19,3,200,200,1
4431,11,20,3,200,200,1
4431,11,23,3,400,400,1
4431,11,24,3,250,250,1
4431,11,25,3,400,400,1
4431,11,26,3,400,400,1
4431,11,27,3,400,400,1
4431,11,30,3,400,400,1
4435,11,20,2,3000,3000,1
4435,11,24,2,14000,14000,1
4477,11,3,3,450,450,1
4477,11,4,3,200,200,1
4477,11,6,3,200,200,1
4477,11,9,3,200,200,1
4477,11,11,3,200,200,1
4477,11,12,3,200,200,1
4477,11,13,3,100,100,1
4477,11,22,3,100,100,1
4477,11,23,3,100,100,1
4477,11,24,3,100,100,1
4477,11,25,3,100,100,1
4477,11,29,3,100,100,1
4478,11,4,3,200,200,1
4478,11,5,3,100,100,1
4478,11,6,3,150,150,1
4478,11,9,3,200,200,1
4478,11,10,3,200,200,1
4478,11,11,3,200,200,1
4478,11,16,3,100,100,1
4478,11,17,3,100,100,1
4478,11,18,3,200,200,1
4478,11,26,3,200,200,1
4479,11,6,3,500,500,1
4479,11,7,4,250,250,1
4479,11,7,5,150,150,1
4479,11,9,3,350,350,1
4479,11,16,3,400,400,1
4479,11,30,3,500,500,1
4480,11,1,3,500,500,1
4480,11,1,4,1000,1000,1
4480,11,2,3,1000,1000,1
4480,11,2,4,400,400,1
4480,11,5,3,1700,1700,1
4480,11,7,4,500,500,1
4480,11,9,3,700,700,1
4480,11,9,4,1000,1000,1
4480,11,12,4,1500,1500,1
4480,11,21,4,1800,1800,1
4480,11,30,3,1000,1000,1
4480,11,30,4,800,800,1
4487,11,30,1,55000,55000,1
4487,11,30,2,15000,15000,1
4489,11,22,2,5000,5000,1
4489,11,27,2,5000,5000,1
4489,11,30,2,5000,5000,1
4491,11,30,1,42000,42000,1
4505,11,1,3,500,500,1
4505,11,2,3,300,300,1
4505,11,3,3,300,300,1
4505,11,8,3,600,600,1
4505,11,27,3,700,700,1
4510,11,6,3,500,500,1
4510,11,9,3,400,400,1
4510,11,10,3,400,400,1
4510,11,11,3,300,300,1
4510,11,12,3,700,700,1
4510,11,13,3,300,300,1
4510,11,14,4,400,400,1
4510,11,16,3,400,400,1
4510,11,17,2,1200,1200,1
4510,11,18,3,400,400,1
4510,11,19,3,400,400,1
4510,11,19,4,700,700,1
4510,11,20,3,500,500,1
4510,11,20,4,1000,1000,1
4510,11,23,2,1200,1200,1
4510,11,23,3,400,400,1
4510,11,24,3,400,400,1
4510,11,25,3,400,400,1
4510,11,26,3,400,400,1
4510,11,27,2,1500,1500,1
4510,11,27,3,400,400,1
4510,11,30,3,400,400,1
4518,11,9,3,100,100,1
4518,11,10,3,100,100,1
4518,11,11,3,160,160,1
4518,11,16,3,100,100,1
4518,11,17,3,250,250,1
4518,11,18,3,250,250,1
4518,11,19,3,100,100,1
4518,11,20,3,100,100,1
4518,11,23,3,100,100,1
4518,11,24,3,100,100,1
4518,11,27,3,150,150,1
4518,11,28,3,200,200,1
4518,11,29,3,150,150,1
4518,11,30,3,150,150,1
4520,11,2,3,500,500,1
4520,11,3,3,1000,1000,1
4520,11,4,3,500,500,1
4520,11,11,3,1000,1000,1
4520,11,13,3,1000,1000,1
4520,11,18,3,900,900,1
4520,11,20,3,1000,1000,1
4520,11,23,3,500,500,1
4520,11,25,3,500,500,1
4520,11,26,3,1000,1000,1
4520,11,27,3,1000,1000,1
4573,11,2,3,200,200,1
4573,11,3,3,200,200,1
4573,11,4,3,200,200,1
4573,11,5,3,200,200,1
4573,11,6,3,200,200,1
4573,11,9,3,200,200,1
4573,11,10,3,200,200,1
4573,11,11,3,200,200,1
4573,11,12,3,200,200,1
4573,11,13,3,200,200,1
4573,11,16,3,150,150,1
4573,11,17,3,200,200,1
4573,11,18,3,200,200,1
4573,11,19,3,200,200,1
4573,11,20,3,200,200,1
4573,11,23,3,200,200,1
4573,11,24,3,150,150,1
4573,11,25,3,200,200,1
4573,11,26,3,200,200,1
4573,11,27,3,200,200,1
4573,11,30,3,200,200,1
4574,11,1,3,200,200,1
4574,11,2,3,200,200,1
4574,11,3,3,200,200,1
4574,11,4,3,200,200,1
4574,11,5,3,200,200,1
4574,11,6,3,400,400,1
4574,11,8,3,200,200,1
4574,11,9,3,200,200,1
4574,11,10,3,450,450,1
4574,11,11,3,200,200,1
4574,11,13,3,200,200,1
4574,11,14,3,200,200,1
4574,11,15,3,200,200,1
4574,11,16,3,400,400,1
4574,11,17,3,200,200,1
4574,11,18,3,300,300,1
4574,11,19,3,200,200,1
4574,11,20,3,200,200,1
4574,11,21,3,200,200,1
4574,11,22,3,200,200,1
4574,11,24,3,200,200,1
4574,11,25,3,200,200,1
4574,11,26,3,400,400,1
4574,11,28,3,200,200,1
4574,11,29,3,200,200,1
4574,11,30,3,300,300,1
4576,11,2,3,150,150,1
4576,11,3,3,150,150,1
4576,11,4,3,150,150,1
4576,11,5,3,150,150,1
4576,11,6,3,150,150,1
4576,11,9,3,150,150,1
4576,11,10,3,150,150,1
4576,11,11,3,150,150,1
4576,11,12,3,150,150,1
4576,11,13,3,150,150,1
4576,11,16,3,150,150,1
4576,11,17,3,150,150,1
4576,11,18,3,150,150,1
4576,11,19,3,150,150,1
4576,11,20,3,150,150,1
4576,11,23,3,150,150,1
4576,11,24,3,150,150,1
4576,11,25,3,150,150,1
4576,11,26,3,150,150,1
4576,11,27,3,150,150,1
4576,11,30,5,150,150,1
4577,11,2,3,150,150,1
4577,11,3,3,100,100,1
4577,11,4,3,150,150,1
4577,11,5,3,150,150,1
4577,11,6,3,150,150,1
4577,11,9,3,100,100,1
4577,11,10,3,200,200,1
4577,11,11,3,150,150,1
4577,11,12,3,100,100,1
4577,11,13,3,200,200,1
4577,11,16,3,150,150,1
4577,11,17,3,150,150,1
4577,11,18,3,150,150,1
4577,11,19,3,150,150,1
4577,11,20,3,100,100,1
4577,11,23,3,150,150,1
4577,11,24,3,150,150,1
4577,11,25,3,100,100,1
4577,11,26,3,100,100,1
4577,11,27,3,150,150,1
4577,11,30,3,150,150,1
4583,11,2,3,150,150,1
4583,11,3,3,150,150,1
4583,11,4,3,150,150,1
4583,11,5,3,150,150,1
4583,11,6,3,150,150,1
4583,11,7,4,200,200,1
4583,11,9,3,150,150,1
4583,11,10,3,150,150,1
4583,11,11,3,150,150,1
4583,11,12,3,150,150,1
4583,11,13,3,150,150,1
4583,11,14,4,200,200,1
4583,11,16,3,150,150,1
4583,11,17,3,150,150,1
4583,11,18,3,150,150,1
4583,11,19,3,150,150,1
4583,11,20,3,150,150,1
4583,11,21,3,200,200,1
4583,11,23,3,150,150,1
4583,11,24,3,150,150,1
4583,11,25,3,150,150,1
4583,11,26,3,150,150,1
4583,11,27,3,150,150,1
4583,11,30,3,150,150,1
4585,11,5,3,1500,1500,1
4585,11,17,3,1500,1500,1
4587,11,2,3,150,150,1
4587,11,3,3,150,150,1
4587,11,4,3,120,120,1
4587,11,5,3,120,120,1
4587,11,6,3,150,150,1
4587,11,9,3,120,120,1
4587,11,10,3,150,150,1
4587,11,11,3,150,150,1
4587,11,12,3,150,150,1
4587,11,13,3,120,120,1
4587,11,16,3,100,100,1
4587,11,17,3,150,150,1
4587,11,18,3,150,150,1
4587,11,19,3,120,120,1
4587,11,20,3,120,120,1
4587,11,22,3,150,150,1
4587,11,23,3,150,150,1
4587,11,24,3,150,150,1
4587,11,25,3,120,120,1
4587,11,26,3,150,150,1
4587,11,27,3,120,120,1
4587,11,30,3,150,150,1
4592,11,2,3,200,200,1
4592,11,3,3,280,280,1
4592,11,4,3,300,300,1
4592,11,5,3,300,300,1
4592,11,6,3,280,280,1
4592,11,9,3,300,300,1
4592,11,10,3,300,300,1
4592,11,11,3,300,300,1
4592,11,12,3,300,300,1
4592,11,17,3,300,300,1
4592,11,20,3,280,280,1
4592,11,21,3,300,300,1
4592,11,22,3,300,300,1
4592,11,23,3,300,300,1
4592,11,24,3,300,300,1
4603,11,3,3,1000,1000,1
4603,11,7,3,300,300,1
4603,11,14,3,300,300,1
4603,11,16,3,300,300,1
4603,11,17,3,200,200,1
4603,11,19,3,300,300,1
4603,11,20,3,100,100,1
4603,11,21,3,400,400,1
4603,11,22,3,200,200,1
4603,11,23,3,200,200,1
4603,11,24,3,300,300,1
4603,11,25,3,200,200,1
4603,11,26,3,300,300,1
4603,11,27,3,200,200,1
4603,11,28,3,200,200,1
4607,11,2,3,200,200,1
4607,11,3,3,200,200,1
4607,11,4,3,200,200,1
4607,11,5,3,200,200,1
4607,11,6,3,200,200,1
4607,11,9,3,200,200,1
4607,11,10,3,200,200,1
4607,11,11,3,200,200,1
4607,11,12,3,200,200,1
4607,11,13,3,200,200,1
4613,11,2,3,500,500,1
4613,11,3,3,500,500,1
4613,11,4,3,500,500,1
4613,11,5,3,500,500,1
4613,11,6,2,1000,1000,1
4613,11,7,2,1000,1000,1
4613,11,9,3,500,500,1
4613,11,10,3,500,500,1
4613,11,11,3,500,500,1
4613,11,12,3,500,500,1
4613,11,13,3,500,500,1
4613,11,14,3,500,500,1
4613,11,16,3,500,500,1
4613,11,17,3,500,500,1
4613,11,18,3,500,500,1
4613,11,19,3,500,500,1
4613,11,20,3,500,500,1
4613,11,23,3,500,500,1
4613,11,24,3,500,500,1
4613,11,25,3,500,500,1
4613,11,26,3,500,500,1
4613,11,27,3,500,500,1
4619,11,12,3,1000,1000,1
4619,11,27,2,2000,2000,1
4624,11,15,3,500,500,1
4627,11,1,3,600,600,1
4627,11,3,3,600,600,1
4627,11,4,3,600,600,1
4627,11,5,3,600,600,1
4627,11,6,3,600,600,1
4627,11,9,3,600,600,1
4627,11,10,3,600,600,1
4627,11,11,3,600,600,1
4627,11,12,3,600,600,1
4627,11,13,3,600,600,1
4627,11,16,3,600,600,1
4627,11,17,3,600,600,1
4627,11,18,3,600,600,1
4627,11,19,3,600,600,1
4627,11,20,3,600,600,1
4627,11,23,3,600,600,1
4627,11,24,3,600,600,1
4627,11,25,3,600,600,1
4627,11,26,3,500,500,1
4627,11,27,3,600,600,1
4627,11,30,3,600,600,1
4628,11,2,3,500,500,1
4628,11,3,3,500,500,1
4628,11,4,3,400,400,1
4628,11,5,3,500,500,1
4628,11,6,3,500,500,1
4628,11,9,3,500,500,1
4628,11,10,3,500,500,1
4628,11,11,3,500,500,1
4628,11,12,3,400,400,1
4628,11,13,3,500,500,1
4628,11,16,3,500,500,1
4628,11,17,3,300,300,1
4628,11,18,3,400,400,1
4628,11,19,3,400,400,1
4628,11,20,3,400,400,1
4628,11,23,3,400,400,1
4628,11,24,3,400,400,1
4628,11,25,3,400,400,1
4628,11,26,3,600,600,1
4628,11,27,3,400,400,1
4628,11,30,3,400,400,1
4632,11,1,3,500,500,1
4632,11,2,3,500,500,1
4632,11,3,3,500,500,1
4632,11,4,3,500,500,1
4632,11,5,3,500,500,1
4632,11,6,3,500,500,1
4632,11,7,3,500,500,1
4634,11,1,3,250,250,1
4634,11,2,3,250,250,1
4634,11,3,3,200,200,1
4634,11,4,3,250,250,1
4634,11,5,3,250,250,1
4634,11,6,3,250,250,1
4634,11,9,3,200,200,1
4634,11,10,3,250,250,1
4634,11,11,3,200,200,1
4634,11,12,3,250,250,1
4634,11,13,3,250,250,1
4634,11,16,3,250,250,1
4634,11,17,3,200,200,1
4634,11,18,3,250,250,1
4634,11,19,3,250,250,1
4634,11,20,3,250,250,1
4634,11,22,3,250,250,1
4634,11,24,3,200,200,1
4634,11,26,3,250,250,1
4634,11,27,3,250,250,1
4634,11,30,3,250,250,1
4701,11,2,4,300,300,1
4701,11,3,3,250,250,1
4701,11,4,4,400,400,1
4701,11,5,3,150,150,1
4701,11,6,4,600,600,1
4701,11,8,3,300,300,1
4701,11,11,3,200,200,1
4701,11,12,4,200,200,1
4701,11,13,3,150,150,1
4701,11,14,4,200,200,1
4701,11,16,3,300,300,1
4701,11,17,3,400,400,1
4701,11,18,4,500,500,1
4701,11,19,4,200,200,1
4701,11,20,4,100,100,1
4701,11,22,4,200,200,1
4701,11,23,3,150,150,1
4704,11,1,3,400,400,1
4704,11,4,3,250,250,1
4704,11,5,3,500,500,1
4704,11,6,3,200,200,1
4704,11,7,3,400,400,1
4704,11,12,3,200,200,1
4704,11,13,3,400,400,1
4704,11,14,3,400,400,1
4704,11,17,3,400,400,1
4704,11,18,3,500,500,1
4704,11,19,3,400,400,1
4704,11,23,3,400,400,1
4704,11,24,3,400,400,1
4704,11,25,3,400,400,1
4704,11,26,3,500,500,1
4704,11,27,3,400,400,1
4704,11,30,3,400,400,1
4706,11,12,3,150,150,1
4706,11,13,3,200,200,1
4706,11,13,5,300,300,1
4706,11,15,3,200,200,1
4706,11,24,3,400,400,1
4707,11,1,3,300,300,1
4717,11,2,3,100,100,1
4717,11,13,3,100,100,1
4717,11,16,3,100,100,1
4717,11,17,3,100,100,1
4717,11,18,3,100,100,1
4717,11,23,3,100,100,1
4736,11,4,3,1000,1000,1
4736,11,11,3,1000,1000,1
4736,11,24,3,1000,1000,1
4738,11,8,3,1000,1000,1
4738,11,18,3,1000,1000,1
4741,11,5,3,1000,1000,1
4741,11,13,3,1000,1000,1
4741,11,23,3,1000,1000,1
4746,11,2,3,200,200,1
4746,11,3,3,200,200,1
4746,11,4,3,200,200,1
4746,11,5,3,200,200,1
4746,11,6,3,200,200,1
4746,11,9,3,200,200,1
4746,11,10,3,200,200,1
4746,11,11,3,200,200,1
4746,11,12,3,200,200,1
4746,11,13,3,300,300,1
4746,11,16,3,100,100,1
4746,11,17,3,100,100,1
4746,11,18,3,200,200,1
4746,11,19,3,200,200,1
4746,11,20,3,200,200,1
4746,11,23,3,200,200,1
4746,11,24,3,200,200,1
4746,11,25,3,200,200,1
4746,11,26,3,200,200,1
4746,11,27,3,200,200,1
4746,11,30,3,200,200,1
4749,11,3,3,100,100,1
4749,11,4,3,150,150,1
4749,11,5,3,100,100,1
4749,11,6,3,100,100,1
4749,11,7,3,100,100,1
4749,11,9,3,100,100,1
4749,11,10,3,120,120,1
4749,11,11,3,100,100,1
4749,11,12,3,100,100,1
4749,11,13,3,150,150,1
4749,11,16,3,100,100,1
4749,11,17,3,150,150,1
4749,11,18,3,100,100,1
4749,11,19,3,120,120,1
4749,11,20,3,150,150,1
4749,11,23,3,100,100,1
4749,11,24,3,100,100,1
4749,11,25,3,100,100,1
4749,11,26,3,100,100,1
4749,11,27,3,100,100,1
4749,11,30,3,150,150,1
4750,11,2,3,500,500,1
4750,11,3,3,500,500,1
4750,11,4,3,600,600,1
4750,11,5,3,500,500,1
4750,11,6,3,500,500,1
4750,11,9,3,500,500,1
4750,11,10,3,600,600,1
4750,11,11,3,600,600,1
4750,11,12,3,800,800,1
4750,11,13,3,500,500,1
4750,11,16,3,500,500,1
4750,11,17,3,600,600,1
4750,11,18,3,500,500,1
4750,11,19,3,600,600,1
4750,11,20,3,500,500,1
4750,11,23,3,500,500,1
4750,11,24,3,600,600,1
4750,11,25,3,600,600,1
4750,11,26,3,500,500,1
4750,11,27,3,600,600,1
4750,11,30,3,500,500,1
4752,11,2,3,200,200,1
4752,11,3,3,300,300,1
4752,11,4,3,100,100,1
4752,11,5,3,300,300,1
4752,11,6,3,500,500,1
4752,11,9,3,400,400,1
4752,11,10,3,300,300,1
4752,11,11,3,400,400,1
4752,11,12,3,300,300,1
4752,11,16,3,300,300,1
4752,11,17,3,300,300,1
4752,11,18,3,400,400,1
4752,11,19,3,400,400,1
4752,11,20,3,300,300,1
4752,11,23,3,400,400,1
4752,11,24,3,300,300,1
4752,11,25,3,400,400,1
4752,11,26,3,300,300,1
4752,11,27,3,300,300,1
4755,12,12,2,1800,1800,1
4755,12,20,2,1800,1800,1
4756,12,12,3,500,500,1
4756,12,23,3,500,500,1
4756,12,27,2,1500,1500,1
4757,12,16,3,600,600,1
4757,12,20,3,600,600,1
4757,12,26,3,600,600,1
4759,12,18,1,10000,10000,1
4761,12,18,2,2000,2000,1
4761,12,22,3,1000,1000,1
4762,12,2,3,450,450,1
4762,12,7,3,500,500,1
4762,12,14,3,400,400,1
4762,12,21,3,350,350,1
4762,12,28,3,400,400,1
4769,12,14,5,200,200,1
4769,12,15,3,400,400,1
4769,12,17,3,400,400,1
4769,12,21,3,300,300,1
4769,12,23,3,450,450,1
4769,12,24,3,1600,1600,1
4769,12,25,3,300,300,1
4769,12,29,3,800,800,1
4769,12,30,3,300,300,1
4789,12,1,3,500,500,1
4789,12,5,3,500,500,1
4789,12,7,3,400,400,1
4789,12,8,3,500,500,1
4789,12,9,3,500,500,1
4789,12,10,3,500,500,1
4789,12,11,3,400,400,1
4789,12,12,3,500,500,1
4789,12,13,3,500,500,1
4789,12,14,3,500,500,1
4789,12,15,3,500,500,1
4789,12,16,3,500,500,1
4789,12,17,3,500,500,1
4789,12,18,3,500,500,1
4789,12,19,3,500,500,1
4789,12,20,3,500,500,1
4789,12,21,3,500,500,1
4789,12,22,3,500,500,1
4789,12,23,3,500,500,1
4789,12,24,3,500,500,1
4793,12,1,3,500,500,1
4793,12,2,3,400,400,1
4793,12,3,3,500,500,1
4793,12,4,3,500,500,1
4793,12,5,3,400,400,1
4793,12,7,3,500,500,1
4793,12,8,3,500,500,1
4793,12,9,3,500,500,1
4793,12,10,3,500,500,1
4793,12,12,3,500,500,1
4793,12,14,3,600,600,1
4793,12,20,3,500,500,1
4793,12,23,3,500,500,1
4793,12,24,3,500,500,1
4793,12,26,3,600,600,1
4793,12,27,3,500,500,1
4793,12,28,3,600,600,1
4793,12,29,3,500,500,1
4794,12,1,3,500,500,1
4794,12,2,3,500,500,1
4794,12,8,3,500,500,1
4794,12,9,3,500,500,1
4794,12,10,3,500,500,1
4794,12,11,3,500,500,1
4794,12,12,3,500,500,1
4794,12,15,3,500,500,1
4794,12,17,3,600,600,1
4794,12,18,3,600,600,1
4794,12,19,3,600,600,1
4794,12,20,3,600,600,1
4794,12,21,3,500,500,1
4794,12,22,3,500,500,1
4794,12,23,3,500,500,1
4794,12,24,3,500,500,1
4794,12,25,3,600,600,1
4794,12,26,3,500,500,1
4794,12,27,3,500,500,1
4796,12,3,3,600,600,1
4796,12,4,3,800,800,1
4796,12,5,3,600,600,1
4796,12,7,3,500,500,1
4796,12,10,3,800,800,1
4796,12,12,3,1000,1000,1
4796,12,14,3,600,600,1
4796,12,16,3,800,800,1
4796,12,18,3,1000,1000,1
4796,12,19,3,600,600,1
4796,12,22,3,800,800,1
4796,12,23,3,800,800,1
4796,12,24,3,800,800,1
4796,12,26,3,1000,1000,1
4796,12,27,3,800,800,1
4796,12,28,3,1000,1000,1
4798,12,1,3,400,400,1
4798,12,2,3,400,400,1
4798,12,3,3,400,400,1
4798,12,4,3,400,400,1
4798,12,7,3,400,400,1
4798,12,8,3,400,400,1
4798,12,9,3,400,400,1
4798,12,10,3,400,400,1
4798,12,11,3,400,400,1
4798,12,14,3,400,400,1
4798,12,15,3,400,400,1
4798,12,16,3,400,400,1
4798,12,17,3,400,400,1
4798,12,18,3,400,400,1
4798,12,19,3,400,400,1
4798,12,21,3,400,400,1
4798,12,22,3,400,400,1
4798,12,23,3,400,400,1
4798,12,24,3,400,400,1
4798,12,25,3,400,400,1
4798,12,26,3,400,400,1
4798,12,28,3,400,400,1
4798,12,29,3,400,400,1
4798,12,30,3,400,400,1
4799,12,1,3,3000,3000,1
4799,12,2,3,3000,3000,1
4799,12,3,3,3000,3000,1
4799,12,4,3,3000,3000,1
4799,12,7,3,3000,3000,1
4799,12,8,3,3000,3000,1
4799,12,9,3,3000,3000,1
4799,12,10,3,2000,2000,1
4799,12,11,3,3000,3000,1
4799,12,14,3,3000,3000,1
4799,12,15,3,2000,2000,1
4799,12,16,3,3000,3000,1
4799,12,17,3,3000,3000,1
4799,12,18,3,2000,2000,1
4799,12,21,3,2000,2000,1
4799,12,22,3,2000,2000,1
4799,12,23,3,3000,3000,1
4799,12,26,3,2000,2000,1
4799,12,28,3,3000,3000,1
4799,12,29,3,3000,3000,1
4799,12,30,3,2000,2000,1
4801,12,1,3,1000,1000,1
4801,12,2,3,1000,1000,1
4801,12,3,3,1000,1000,1
4801,12,4,3,1000,1000,1
4801,12,5,3,1000,1000,1
4801,12,6,3,1000,1000,1
4801,12,7,3,1000,1000,1
4801,12,8,3,1000,1000,1
4801,12,9,3,1000,1000,1
4801,12,10,3,1000,1000,1
4801,12,11,3,1000,1000,1
4801,12,12,3,1000,1000,1
4801,12,13,3,1000,1000,1
4801,12,14,3,1000,1000,1
4801,12,15,3,1000,1000,1
4801,12,16,3,1000,1000,1
4801,12,17,3,1000,1000,1
4801,12,18,3,1000,1000,1
4801,12,19,3,1000,1000,1
4801,12,20,3,1000,1000,1
4801,12,21,3,1000,1000,1
4801,12,22,3,1000,1000,1
4801,12,23,3,1000,1000,1
4801,12,24,3,1000,1000,1
4801,12,25,3,1000,1000,1
4801,12,26,3,1000,1000,1
4801,12,27,3,1000,1000,1
4801,12,28,3,1000,1000,1
4801,12,29,3,1000,1000,1
4801,12,30,3,1000,1000,1
4801,12,31,3,1000,1000,1
4802,12,1,3,1500,1500,1
4802,12,2,3,1500,1500,1
4802,12,3,3,1500,1500,1
4802,12,4,3,1500,1500,1
4802,12,5,3,1500,1500,1
4802,12,7,3,1500,1500,1
4802,12,8,3,1500,1500,1
4802,12,9,3,1500,1500,1
4802,12,10,3,1500,1500,1
4802,12,11,3,1500,1500,1
4802,12,12,3,1500,1500,1
4802,12,14,3,1500,1500,1
4802,12,15,3,1500,1500,1
4802,12,16,3,1500,1500,1
4802,12,17,3,1500,1500,1
4802,12,18,3,1500,1500,1
4802,12,19,3,1500,1500,1
4802,12,21,3,1500,1500,1
4802,12,22,3,1500,1500,1
4802,12,23,3,1500,1500,1
4802,12,24,3,1500,1500,1
4802,12,25,3,1500,1500,1
4802,12,26,3,1500,1500,1
4802,12,28,3,1500,1500,1
4802,12,29,3,1500,1500,1
4802,12,30,3,1500,1500,1
4802,12,31,3,1500,1500,1
4804,12,1,3,500,500,1
4804,12,2,3,500,500,1
4804,12,3,3,500,500,1
4804,12,4,3,500,500,1
4804,12,5,3,500,500,1
4804,12,7,3,500,500,1
4804,12,8,3,500,500,1
4804,12,9,3,500,500,1
4804,12,10,3,500,500,1
4804,12,11,3,500,500,1
4804,12,12,3,500,500,1
4804,12,14,3,500,500,1
4804,12,15,3,500,500,1
4804,12,16,3,500,500,1
4804,12,17,3,500,500,1
4804,12,18,3,500,500,1
4804,12,19,3,500,500,1
4804,12,21,3,500,500,1
4804,12,22,3,500,500,1
4804,12,23,3,500,500,1
4804,12,24,3,500,500,1
4804,12,25,3,500,500,1
4804,12,26,3,500,500,1
4804,12,28,3,500,500,1
4804,12,29,3,500,500,1
4804,12,30,3,500,500,1
4804,12,31,3,500,500,1
4805,12,1,3,1300,1300,1
4805,12,2,3,1300,1300,1
4805,12,3,3,1300,1300,1
4805,12,4,3,1300,1300,1
4805,12,5,3,300,300,1
4805,12,6,3,300,300,1
4805,12,7,3,1300,1300,1
4805,12,8,3,1300,1300,1
4805,12,9,3,1300,1300,1
4805,12,10,3,1300,1300,1
4805,12,11,3,1300,1300,1
4805,12,12,3,300,300,1
4805,12,13,3,300,300,1
4805,12,14,3,1300,1300,1
4805,12,15,3,1300,1300,1
4805,12,16,3,1300,1300,1
4805,12,17,3,1300,1300,1
4805,12,18,3,1300,1300,1
4805,12,19,3,300,300,1
4805,12,20,3,300,300,1
4805,12,21,3,1300,1300,1
4805,12,22,3,1300,1300,1
4805,12,23,3,1300,1300,1
4805,12,24,3,1300,1300,1
4805,12,25,3,1300,1300,1
4805,12,26,3,300,300,1
4805,12,27,3,300,300,1
4805,12,28,3,300,300,1
4805,12,29,3,1300,1300,1
4805,12,30,3,1300,1300,1
4805,12,31,3,300,300,1
4815,12,1,1,60000,60000,1
4823,12,1,3,1000,1000,1
4823,12,2,3,1000,1000,1
4823,12,3,3,1000,1000,1
4823,12,4,3,1000,1000,1
4823,12,7,3,1000,1000,1
4823,12,8,3,1000,1000,1
4823,12,9,3,1000,1000,1
4823,12,10,3,1000,1000,1
4823,12,11,3,1000,1000,1
4823,12,14,3,1000,1000,1
4823,12,15,3,1000,1000,1
4823,12,17,3,1000,1000,1
4823,12,18,3,1000,1000,1
4823,12,21,3,1000,1000,1
4823,12,24,3,1000,1000,1
4833,12,1,3,500,500,1
4833,12,2,3,500,500,1
4833,12,3,3,500,500,1
4833,12,4,3,500,500,1
4833,12,8,3,250,250,1
4833,12,9,3,250,250,1
4833,12,21,3,350,350,1
4833,12,23,3,350,350,1
4836,12,1,3,300,300,1
4836,12,2,3,200,200,1
4836,12,3,3,200,200,1
4836,12,4,3,200,200,1
4836,12,5,3,240,240,1
4836,12,7,3,260,260,1
4836,12,8,3,240,240,1
4836,12,9,3,200,200,1
4836,12,10,3,240,240,1
4836,12,11,3,300,300,1
4836,12,12,3,240,240,1
4836,12,15,3,250,250,1
4836,12,16,3,260,260,1
4836,12,17,3,310,310,1
4836,12,18,3,260,260,1
4836,12,19,3,210,210,1
4836,12,21,3,200,200,1
4836,12,22,3,200,200,1
4836,12,23,3,260,260,1
4836,12,24,3,300,300,1
4836,12,25,3,250,250,1
4836,12,26,3,250,250,1
4836,12,28,3,200,200,1
4836,12,29,3,600,600,1
4838,12,1,3,400,400,1
4838,12,1,4,800,800,1
4838,12,2,3,1600,1600,1
4838,12,2,4,800,800,1
4838,12,3,3,1200,1200,1
4838,12,4,3,850,850,1
4838,12,7,3,2200,2200,1
4838,12,7,4,700,700,1
4838,12,8,3,5300,5300,1
4838,12,8,4,4100,4100,1
4838,12,9,3,1300,1300,1
4838,12,9,4,700,700,1
4838,12,10,3,1100,1100,1
4838,12,10,4,600,600,1
4838,12,11,3,1350,1350,1
4838,12,11,4,750,750,1
4838,12,12,3,1300,1300,1
4838,12,12,4,800,800,1
4838,12,13,3,1600,1600,1
4838,12,13,4,800,800,1
4838,12,14,3,1250,1250,1
4838,12,14,4,600,600,1
4838,12,15,3,1300,1300,1
4838,12,15,4,750,750,1
4838,12,16,1,40000,40000,1
4838,12,16,2,20000,20000,1
4838,12,16,3,1150,1150,1
4838,12,16,4,550,550,1
4841,12,1,3,200,200,1
4841,12,2,3,300,300,1
4841,12,3,3,200,200,1
4841,12,4,3,150,150,1
4841,12,5,3,200,200,1
4841,12,7,3,200,200,1
4841,12,8,3,200,200,1
4841,12,9,3,200,200,1
4841,12,10,3,210,210,1
4841,12,11,3,200,200,1
4841,12,13,3,210,210,1
4841,12,14,3,300,300,1
4841,12,15,3,250,250,1
4841,12,16,3,200,200,1
4841,12,17,3,200,200,1
4841,12,18,3,250,250,1
4841,12,20,3,250,250,1
4841,12,21,3,200,200,1
4841,12,22,3,250,250,1
4841,12,23,3,250,250,1
4841,12,24,3,210,210,1
4841,12,25,3,260,260,1
4841,12,27,3,200,200,1
4841,12,28,3,250,250,1
4841,12,29,3,190,190,1
4844,12,1,3,100,100,1
4844,12,9,3,100,100,1
4849,12,1,3,300,300,1
4849,12,2,3,300,300,1
4849,12,3,3,300,300,1
4849,12,4,3,300,300,1
4849,12,7,3,400,400,1
4849,12,8,3,300,300,1
4849,12,9,3,300,300,1
4849,12,10,3,300,300,1
4849,12,11,3,300,300,1
4849,12,14,3,300,300,1
4849,12,15,3,300,300,1
4849,12,16,3,300,300,1
4849,12,17,3,300,300,1
4849,12,18,3,300,300,1
4849,12,21,3,200,200,1
4849,12,22,3,200,200,1
4849,12,23,3,200,200,1
4850,12,1,3,200,200,1
4850,12,2,3,200,200,1
4850,12,3,3,200,200,1
4850,12,4,3,200,200,1
4850,12,7,3,300,300,1
4850,12,8,3,300,300,1
4850,12,9,3,300,300,1
4850,12,10,3,300,300,1
4850,12,11,3,300,300,1
4850,12,14,3,300,300,1
4850,12,15,3,300,300,1
4850,12,16,3,300,300,1
4850,12,17,3,300,300,1
4850,12,18,3,300,300,1
4850,12,21,3,300,300,1
4850,12,22,3,300,300,1
4850,12,23,3,300,300,1
4850,12,24,3,300,300,1
4850,12,25,3,300,300,1
4851,12,1,3,500,500,1
4851,12,2,3,500,500,1
4851,12,3,3,500,500,1
4851,12,4,3,500,500,1
4851,12,7,3,500,500,1
4851,12,8,3,500,500,1
4851,12,9,3,500,500,1
4851,12,10,3,500,500,1
4851,12,11,3,500,500,1
4851,12,14,3,500,500,1
4851,12,15,3,500,500,1
4851,12,16,3,500,500,1
4851,12,17,3,500,500,1
4851,12,18,3,500,500,1
4851,12,21,3,500,500,1
4851,12,22,3,500,500,1
4851,12,23,3,500,500,1
4851,12,24,3,500,500,1
4851,12,25,3,500,500,1
4867,12,3,3,700,700,1
4867,12,8,3,700,700,1
4867,12,9,3,700,700,1
4867,12,10,3,800,800,1
4867,12,11,3,500,500,1
4867,12,13,3,500,500,1
4867,12,15,3,700,700,1
4867,12,21,2,15000,15000,1
4867,12,22,3,400,400,1
4907,12,1,3,300,300,1
4907,12,2,3,400,400,1
4907,12,3,3,350,350,1
4907,12,11,3,200,200,1
4907,12,14,3,300,300,1
4907,12,17,3,200,200,1
4908,12,2,3,200,200,1
4908,12,3,3,100,100,1
4908,12,4,3,100,100,1
4908,12,5,3,100,100,1
4914,12,1,3,200,200,1
4914,12,2,3,200,200,1
4914,12,3,3,250,250,1
4914,12,4,3,300,300,1
4914,12,7,3,200,200,1
4914,12,9,3,300,300,1
4915,12,13,3,2000,2000,1
4915,12,15,3,2000,2000,1
4915,12,16,3,2000,2000,1
4915,12,17,3,2000,2000,1
4915,12,19,3,2000,2000,1
4915,12,21,3,2000,2000,1
4915,12,22,3,2000,2000,1
4915,12,23,3,2000,2000,1
4915,12,25,3,2000,2000,1
4915,12,27,3,2000,2000,1
4915,12,31,3,2000,2000,1
4952,12,1,3,500,500,1
4952,12,2,3,500,500,1
4952,12,3,3,400,400,1
4952,12,4,3,400,400,1
4952,12,8,3,300,300,1
4952,12,9,3,400,400,1
4952,12,10,3,400,400,1
4952,12,11,3,300,300,1
4952,12,23,3,400,400,1
4952,12,24,3,300,300,1
4952,12,25,3,400,400,1
5005,12,1,3,1000,1000,1
5005,12,2,3,1000,1000,1
5005,12,3,3,1000,1000,1
5005,12,4,3,1500,1500,1
5005,12,5,3,1000,1000,1
5005,12,6,3,1000,1000,1
5005,12,7,3,1500,1500,1
5005,12,8,3,500,500,1
5005,12,9,3,1000,1000,1
5005,12,10,3,1000,1000,1
5005,12,11,3,1000,1000,1
5005,12,12,3,1500,1500,1
5005,12,13,3,1000,1000,1
5005,12,14,3,1200,1200,1
5005,12,15,3,1000,1000,1
5005,12,16,3,1000,1000,1
5005,12,17,3,1000,1000,1
5005,12,18,3,1000,1000,1
5005,12,19,3,1000,1000,1
5005,12,20,3,1000,1000,1
5005,12,21,3,1000,1000,1
5005,12,22,3,600,600,1
5005,12,23,3,1000,1000,1
5005,12,24,3,700,700,1
5005,12,25,3,1000,1000,1
5005,12,26,3,1000,1000,1
5005,12,27,3,700,700,1
5005,12,28,3,700,700,1
5005,12,29,3,1000,1000,1
5005,12,30,3,500,500,1
5006,12,1,3,500,500,1
5006,12,2,3,600,600,1
5006,12,3,3,600,600,1
5006,12,4,3,600,600,1
5006,12,5,3,300,300,1
5006,12,7,3,400,400,1
5006,12,8,3,600,600,1
5006,12,9,3,500,500,1
5006,12,10,2,1200,1200,1
5006,12,11,2,1200,1200,1
5006,12,14,2,400,400,1
5006,12,15,3,400,400,1
5006,12,16,3,500,500,1
5006,12,17,3,500,500,1
5006,12,18,3,300,300,1
5006,12,21,3,400,400,1
5006,12,22,3,400,400,1
5006,12,23,3,300,300,1
5006,12,24,3,1200,1200,1
5006,12,25,3,400,400,1
5006,12,28,3,300,300,1
5006,12,29,3,500,500,1
5013,12,1,3,300,300,1
5013,12,8,3,420,420,1
5013,12,14,3,150,150,1
5013,12,21,3,350,350,1
5013,12,23,3,150,150,1
5031,12,1,3,200,200,1
5031,12,2,3,150,150,1
5031,12,3,3,150,150,1
5031,12,4,3,200,200,1
5031,12,7,3,200,200,1
5031,12,8,3,150,150,1
5031,12,9,3,200,200,1
5031,12,10,3,150,150,1
5031,12,11,3,150,150,1
5031,12,14,3,150,150,1
5031,12,15,3,150,150,1
5031,12,16,3,200,200,1
5031,12,17,3,200,200,1
5031,12,18,3,200,200,1
5031,12,21,3,200,200,1
5031,12,22,3,150,150,1
5031,12,23,3,150,150,1
5031,12,24,3,150,150,1
5059,12,1,3,300,300,1
5059,12,2,3,300,300,1
5059,12,3,3,300,300,1
5059,12,4,3,300,300,1
5059,12,5,3,300,300,1
5059,12,7,3,300,300,1
5059,12,8,3,300,300,1
5059,12,9,3,300,300,1
5059,12,10,3,300,300,1
5059,12,11,3,300,300,1
5059,12,12,3,300,300,1
5059,12,14,3,300,300,1
5059,12,15,3,300,300,1
5059,12,16,3,300,300,1
5059,12,17,3,300,300,1
5059,12,18,3,300,300,1
5059,12,19,3,300,300,1
5059,12,21,3,300,300,1
5059,12,22,3,300,300,1
5060,12,1,3,1500,1500,1
5060,12,2,3,1500,1500,1
5060,12,3,3,1500,1500,1
5060,12,4,3,1500,1500,1
5060,12,5,3,1500,1500,1
5060,12,6,3,1500,1500,1
5060,12,8,3,1200,1200,1
5060,12,9,3,1400,1400,1
5060,12,10,3,1300,1300,1
5060,12,11,3,1500,1500,1
5060,12,12,3,1200,1200,1
5060,12,13,3,1300,1300,1
5060,12,15,3,1200,1200,1
5060,12,16,3,1200,1200,1
5060,12,17,3,1400,1400,1
5060,12,18,3,1300,1300,1
5060,12,19,3,1000,1000,1
5060,12,20,3,1200,1200,1
5060,12,22,3,1200,1200,1
5060,12,23,3,1200,1200,1
5060,12,24,3,1300,1300,1
5060,12,25,3,1200,1200,1
5060,12,26,3,1500,1500,1
5060,12,27,3,1500,1500,1
5060,12,28,3,1200,1200,1
5060,12,29,3,1200,1200,1
5060,12,30,3,1200,1200,1
5060,12,31,3,1500,1500,1
5137,12,12,4,200,200,1
5137,12,13,4,300,300,1
5137,12,18,3,200,200,1
5137,12,19,4,500,500,1
5137,12,23,3,250,250,1
5137,12,23,4,150,150,1
5137,12,29,4,250,250,1
5139,12,21,2,3000,3000,1
5150,12,1,3,100,100,1
5150,12,3,3,100,100,1
5150,12,4,3,100,100,1
5150,12,11,3,100,100,1
5150,12,13,3,100,100,1
5150,12,16,3,200,200,1
5150,12,21,3,200,200,1
5150,12,23,3,200,200,1
5154,12,13,3,100,100,1
5156,12,21,2,16000,16000,1
5156,12,26,3,450,450,1
5163,12,7,3,1000,1000,1
5163,12,16,3,1000,1000,1
5163,12,22,3,1000,1000,1
5165,12,4,3,1000,1000,1
5165,12,22,3,1000,1000,1
5165,12,24,3,1000,1000,1
5177,12,1,3,200,200,1
5177,12,2,3,200,200,1
5177,12,3,3,200,200,1
5177,12,4,3,200,200,1
5177,12,8,3,100,100,1
5177,12,9,3,200,200,1
5177,12,10,3,200,200,1
5177,12,11,3,200,200,1
5177,12,14,3,200,200,1
5177,12,15,3,200,200,1
5177,12,16,3,200,200,1
5177,12,17,3,200,200,1
5177,12,18,3,200,200,1
5177,12,21,3,200,200,1
5177,12,22,3,200,200,1
5177,12,23,3,200,200,1
5177,12,24,3,200,200,1
5177,12,25,3,200,200,1
5180,12,1,3,300,300,1
5180,12,2,3,300,300,1
5180,12,3,3,400,400,1
5180,12,4,3,300,300,1
5180,12,7,3,300,300,1
5180,12,8,3,500,500,1
5180,12,9,3,500,500,1
5180,12,10,3,300,300,1
5180,12,11,3,300,300,1
5180,12,14,3,300,300,1
5180,12,15,3,400,400,1
5180,12,16,3,300,300,1
5180,12,17,3,300,300,1
5180,12,18,3,300,300,1
5180,12,21,3,300,300,1
5180,12,22,3,300,300,1
5180,12,23,3,400,400,1
5180,12,24,3,400,400,1
5180,12,25,3,500,500,1
5182,12,1,3,200,200,1
5182,12,2,3,200,200,1
5182,12,3,3,200,200,1
5182,12,4,3,200,200,1
5182,12,7,3,200,200,1
5182,12,8,3,250,250,1
5182,12,9,3,200,200,1
5182,12,10,3,200,200,1
5182,12,11,3,200,200,1
5182,12,14,3,100,100,1
5182,12,15,3,200,200,1
5182,12,16,3,200,200,1
5182,12,17,3,150,150,1
5182,12,18,3,150,150,1
5182,12,21,3,200,200,1
5182,12,22,3,150,150,1
5182,12,23,3,200,200,1
5182,12,24,3,200,200,1
5182,12,25,3,200,200,1
5182,12,28,3,200,200,1
5182,12,29,3,200,200,1
5182,12,30,3,150,150,1
