"recno","y1_1","y1_2","y1_3","y1_3drm","y1_4","y1_5"
1,1,1,150000,150000,1,3
1,2,1,100000,100000,1,3
2,1,1,70000,70000,1,3
2,1,18,50000,50000,1,3
3,1,3,42500,42500,1,3
3,1,19,10000,74100,2,3
4,1,1,80000,80000,1,3
4,2,1,100000,100000,1,3
5,1,1,180000,180000,1,3
5,2,1,55000,55000,1,3
6,1,1,310000,310000,1,3
6,1,19,20000,148200,2,3
7,1,1,370000,370000,1,3
8,1,1,200000,200000,1,3
9,1,1,65000,65000,1,3
9,3,19,20000,148200,2,3
10,1,3,38000,38000,1,3
11,1,3,39000,39000,1,3
11,2,3,35000,35000,1,3
12,1,3,24000,24000,1,3
12,2,1,180000,180000,1,3
12,2,21,50000,16666.6666666667,1,7
13,1,1,120000,120000,1,3
13,3,1,140000,140000,1,3
13,4,2,170000,170000,1,3
13,7,1,60000,60000,1,3
14,1,3,36000,36000,1,3
15,1,3,43000,43000,1,3
15,2,3,39000,39000,1,3
15,3,1,100000,100000,1,3
16,1,3,35000,35000,1,3
16,3,1,90000,90000,1,3
17,1,3,41000,41000,1,3
18,1,1,150000,150000,1,3
18,2,1,80000,80000,1,3
18,3,1,120000,120000,1,3
18,4,1,70000,70000,1,3
18,5,3,28000,28000,1,3
19,1,1,80000,80000,1,3
19,1,3,52000,52000,1,3
20,2,1,120000,120000,1,3
20,3,1,120000,120000,1,3
21,1,1,60000,60000,1,3
21,1,3,58000,58000,1,3
21,2,3,30000,30000,1,3
21,3,1,80000,80000,1,3
21,4,1,65000,65000,1,3
22,1,3,36000,36000,1,3
22,2,1,150000,150000,1,3
22,3,1,80000,80000,1,3
23,1,1,40000,40000,1,3
23,2,1,45000,45000,1,3
23,3,1,45000,45000,1,3
23,5,3,16000,16000,1,3
24,1,3,36000,36000,1,3
25,1,1,150000,150000,1,3
25,2,1,80000,80000,1,3
26,1,1,170000,170000,1,3
26,1,3,54000,54000,1,3
27,1,19,450,71359.5,3,7
28,1,21,300000,100000,1,7
28,4,1,40000,40000,1,3
29,1,3,40000,40000,1,3
29,2,1,90000,90000,1,3
29,3,1,100000,100000,1,3
29,5,1,42000,42000,1,3
29,7,1,60000,20000,1,7
30,1,1,400000,400000,1,3
30,2,1,230000,230000,1,3
31,1,3,70000,70000,1,3
31,2,3,30000,30000,1,3
32,1,1,100000,100000,1,3
32,2,21,100000,33333.3333333333,1,7
33,1,16,80000,26666.6666666667,1,7
33,1,21,40000,13333.3333333333,1,7
33,2,1,80000,80000,1,3
33,4,1,100000,100000,1,3
33,4,2,100000,33333.3333333333,1,7
34,2,1,60000,60000,1,3
34,2,22,30000,30000,1,3
34,5,12,4650,4650,1,3
34,6,1,86000,86000,1,3
34,6,3,56000,56000,1,3
35,1,2,100000,100000,1,3
36,1,19,10000,74100,2,3
36,2,1,120000,120000,1,3
37,1,3,60000,60000,1,3
38,1,3,34000,34000,1,3
39,1,3,48000,48000,1,3
40,1,3,80000,80000,1,3
40,2,1,55000,55000,1,3
40,2,19,70000,23333.3333333333,1,7
41,1,3,51000,51000,1,3
41,2,3,36000,36000,1,3
42,1,3,49000,49000,1,3
42,2,1,250000,250000,1,3
42,4,12,6000,6000,1,3
43,1,3,44000,44000,1,3
43,2,3,42000,42000,1,3
43,3,1,85000,85000,1,3
43,4,12,6000,6000,1,3
44,2,19,70000,70000,1,3
45,1,3,47000,47000,1,3
45,2,1,140000,140000,1,3
45,3,1,89000,89000,1,3
46,1,1,100000,100000,1,3
46,2,1,65000,65000,1,3
46,3,1,90000,90000,1,3
46,4,12,5000,5000,1,3
46,5,3,30000,30000,1,3
47,1,1,150000,150000,1,3
47,2,1,200000,200000,1,3
48,1,1,500000,500000,1,3
48,2,3,24000,24000,1,3
49,1,3,50000,50000,1,3
49,2,1,320000,320000,1,3
49,3,1,320000,320000,1,3
50,1,1,200000,200000,1,3
50,3,1,150000,150000,1,3
51,1,1,50000,50000,1,3
51,2,1,60000,60000,1,3
51,5,1,90000,90000,1,3
52,1,1,350000,350000,1,3
52,2,2,250000,250000,1,3
52,3,2,300000,300000,1,3
52,4,1,450000,450000,1,3
52,5,1,300000,300000,1,3
53,1,3,52000,52000,1,3
53,2,3,35000,35000,1,3
54,1,19,200000,200000,1,3
55,2,1,100000,100000,1,3
56,1,1,150000,150000,1,3
56,1,3,40000,40000,1,3
56,5,3,70000,70000,1,3
56,7,3,70000,70000,1,3
57,1,1,350000,350000,1,3
58,1,1,100000,100000,1,3
58,2,3,27000,27000,1,3
59,1,3,36000,36000,1,3
59,2,1,200000,200000,1,3
60,1,5,28000,28000,1,3
60,2,1,150000,150000,1,3
61,1,3,27000,27000,1,3
61,1,5,17000,17000,1,3
62,1,1,150000,150000,1,3
62,1,3,55000,55000,1,3
62,2,3,37000,37000,1,3
62,3,1,180000,180000,1,3
63,1,1,260000,260000,1,3
63,2,1,400000,400000,1,3
64,2,1,85000,85000,1,3
64,2,22,100,47573,3,3
65,1,3,50000,50000,1,3
65,1,19,150,71359.5,3,3
65,2,3,35000,35000,1,3
66,1,3,50000,50000,1,3
66,3,1,70000,70000,1,3
67,1,1,120000,120000,1,3
67,3,1,100000,100000,1,3
67,6,1,80000,80000,1,3
68,1,2,250000,250000,1,3
69,1,1,235000,235000,1,3
69,2,1,240000,240000,1,3
70,1,3,40000,40000,1,3
71,1,1,170000,170000,1,3
72,1,3,50000,50000,1,3
72,2,1,150000,150000,1,3
73,1,3,29000,29000,1,3
73,1,3,40000,40000,1,3
73,1,5,32000,32000,1,3
73,2,3,29000,29000,1,3
73,2,3,40000,40000,1,3
73,3,1,150000,150000,1,3
74,1,19,30000,222300,2,3
75,1,18,150000,150000,1,3
75,1,22,100000,33333.3333333333,1,7
76,1,2,15000,15000,1,3
76,1,3,26000,26000,1,3
76,1,3,50000,50000,1,3
76,2,3,60000,60000,1,3
76,3,3,16000,16000,1,3
76,3,21,50000,12500,1,6
76,7,2,120000,120000,1,3
77,1,1,140000,140000,1,3
77,1,3,34000,34000,1,3
78,1,3,38000,38000,1,3
78,3,1,200000,200000,1,3
79,1,3,43000,43000,1,3
79,1,22,25000,8333.33333333333,1,7
80,1,1,90000,90000,1,3
80,1,3,60000,60000,1,3
80,2,1,125000,125000,1,3
80,3,1,120000,120000,1,3
80,4,1,100000,100000,1,3
80,6,3,54000,54000,1,3
81,2,19,15000,111150,2,3
81,2,19,15000,111150,2,3
82,1,1,400000,400000,1,3
82,2,1,350000,350000,1,3
83,1,1,63000,63000,1,3
83,1,3,41500,41500,1,3
84,3,1,60000,60000,1,3
84,4,1,60000,60000,1,3
85,1,1,130000,130000,1,3
85,2,1,20000,20000,1,3
85,4,3,16000,16000,1,3
86,1,3,41000,41000,1,3
86,1,21,40000,13333.3333333333,1,7
86,2,3,42000,42000,1,3
86,3,1,90000,90000,1,3
87,1,1,60000,60000,1,3
87,2,1,60000,60000,1,3
88,1,19,60000,20000,1,7
89,1,3,50500,50500,1,3
89,2,3,45000,45000,1,3
89,2,13,22800,22800,1,3
89,3,2,120000,120000,1,3
90,2,22,27000,4500,1,5
91,1,1,60000,60000,1,3
92,1,1,200000,200000,1,3
92,2,8,18000,18000,1,3
93,1,3,40000,40000,1,3
93,2,3,28000,28000,1,3
94,1,22,30000,10000,1,7
94,6,1,60000,60000,1,3
95,1,1,72000,72000,1,3
95,2,1,49000,49000,1,3
95,3,19,200000,66666.6666666667,1,7
96,1,19,20000,49400,2,7
96,3,3,40000,40000,1,3
97,1,1,390000,390000,1,3
97,2,1,320000,320000,1,3
98,1,1,80000,80000,1,3
98,2,1,32000,32000,1,3
99,2,22,400000,400000,1,3
100,1,3,48000,48000,1,3
101,1,3,50000,50000,1,3
101,2,3,52000,52000,1,3
101,3,1,150000,150000,1,3
101,4,1,120000,120000,1,3
102,1,3,57000,57000,1,3
102,1,19,250000,83333.3333333333,1,7
102,2,3,45000,45000,1,3
103,1,1,80000,80000,1,3
103,2,3,16000,16000,1,3
104,1,3,38000,38000,1,3
104,1,18,15000,15000,1,3
105,1,3,48000,48000,1,3
105,2,3,45000,45000,1,3
106,2,1,180000,180000,1,3
106,5,3,50000,50000,1,3
107,1,3,64000,64000,1,3
107,2,3,57000,57000,1,3
107,3,1,70000,70000,1,3
108,1,3,40000,40000,1,3
108,2,1,200000,200000,1,3
108,3,2,200000,200000,1,3
108,4,8,36000,36000,1,3
109,1,2,350000,350000,1,3
109,1,3,31000,31000,1,3
109,2,3,35000,35000,1,3
109,3,3,48000,48000,1,3
110,1,3,42000,42000,1,3
110,2,3,48000,48000,1,3
110,3,1,150000,150000,1,3
111,1,3,38000,38000,1,3
111,2,3,72000,72000,1,3
111,3,1,90000,90000,1,3
111,4,1,35000,35000,1,3
112,1,22,20000,1666.66666666667,1,4
112,3,1,100000,100000,1,3
112,4,8,18000,18000,1,3
113,1,1,120000,120000,1,3
113,2,1,50000,50000,1,3
114,1,1,58000,58000,1,3
114,1,16,20000,3333.33333333333,1,5
114,4,3,36000,36000,1,3
115,1,3,48000,48000,1,3
115,2,1,90000,90000,1,3
115,5,1,120000,120000,1,3
116,1,2,400000,400000,1,3
116,3,1,250000,250000,1,3
117,1,3,32000,32000,1,3
117,2,1,80000,80000,1,3
117,2,3,43000,43000,1,3
117,4,1,50000,50000,1,3
118,1,1,200000,66666.6666666667,1,7
118,1,22,100000,25000,1,6
118,2,1,70000,70000,1,3
119,1,1,270000,270000,1,3
119,1,19,500,237865,3,3
119,4,1,300000,300000,1,3
120,1,3,47000,47000,1,3
120,1,16,500,237865,3,3
120,2,3,42000,42000,1,3
121,1,1,90000,90000,1,3
121,1,17,30000,30000,1,3
121,3,1,150000,150000,1,3
122,1,3,47000,47000,1,3
122,2,3,41000,41000,1,3
122,4,19,400,190292,3,3
122,4,22,100000,25000,1,6
123,1,3,41000,41000,1,3
123,3,1,90000,90000,1,3
123,3,19,400,190292,3,3
124,1,22,100000,25000,1,6
124,2,13,10000,10000,1,3
124,4,1,65000,65000,1,3
124,4,19,460,218835.8,3,3
125,1,1,140000,140000,1,3
125,2,1,50000,50000,1,3
125,3,1,170000,170000,1,3
125,5,1,80000,80000,1,3
125,5,3,38000,38000,1,3
126,1,1,300000,300000,1,3
126,1,19,200,110916,4,3
126,2,13,58000,58000,1,3
126,3,1,230000,230000,1,3
127,2,19,10000,74100,2,3
128,1,1,90000,90000,1,3
129,1,3,41000,41000,1,3
129,2,3,34000,34000,1,3
130,1,3,41000,41000,1,3
131,1,3,39700,39700,1,3
131,2,3,29000,29000,1,3
132,1,3,40000,40000,1,3
132,2,3,36700,36700,1,3
133,1,3,37600,37600,1,3
133,2,13,100000,100000,1,3
134,1,13,100000,100000,1,3
135,1,3,41500,41500,1,3
135,2,3,35600,35600,1,3
135,3,13,90000,90000,1,3
136,1,3,34800,34800,1,3
136,1,18,15000,15000,1,3
137,1,13,120000,120000,1,3
138,1,13,15000,5000,1,7
138,2,1,130000,130000,1,3
139,1,1,96000,32000,1,7
139,2,13,50000,16666.6666666667,1,7
140,1,1,110000,110000,1,3
140,2,1,68000,68000,1,3
141,1,13,88000,88000,1,3
142,1,1,70000,70000,1,3
143,1,19,7000,51870,2,3
144,1,1,160000,160000,1,3
144,2,1,100000,100000,1,3
145,1,22,30000,10000,1,7
146,1,2,10000,10000,1,3
146,3,2,100000,100000,1,3
146,5,2,80000,80000,1,3
147,1,3,31000,31000,1,3
147,2,1,247000,247000,1,3
147,2,3,30000,30000,1,3
147,4,1,890000,890000,1,3
148,3,1,140000,140000,1,3
149,2,1,35000,35000,1,3
149,2,22,40000,13333.3333333333,1,7
150,1,13,42000,42000,1,3
150,4,12,5000,5000,1,3
150,5,3,16000,16000,1,3
151,1,3,38000,38000,1,3
151,3,19,30000,222300,2,3
152,1,3,92000,92000,1,3
153,1,2,25000,25000,1,3
153,3,2,10000,3333.33333333333,1,7
153,3,22,20000,6666.66666666667,1,7
154,1,22,30000,74100,2,7
154,3,1,50000,50000,1,3
155,1,1,320000,320000,1,3
155,2,1,220000,220000,1,3
156,1,22,50000,123500,2,7
157,1,1,50000,50000,1,3
157,3,1,100000,33333.3333333333,1,7
157,4,1,100000,100000,1,3
158,2,3,36000,36000,1,3
158,3,1,50000,16666.6666666667,1,7
159,1,2,70000,70000,1,3
159,3,12,5000,5000,1,3
160,1,1,70000,70000,1,3
160,1,19,5000,37050,2,3
161,1,1,120000,120000,1,3
161,2,1,80000,80000,1,3
162,1,1,200000,200000,1,3
162,1,3,45000,45000,1,3
162,2,3,32000,32000,1,3
162,3,1,80000,80000,1,3
163,1,3,65000,65000,1,3
163,2,2,120000,120000,1,3
163,3,1,50000,50000,1,3
164,1,1,370000,370000,1,3
164,3,1,300000,300000,1,3
165,1,1,85000,85000,1,3
166,1,1,150000,150000,1,3
167,2,22,125000,31250,1,6
168,2,19,4000,9880,2,7
168,3,2,120000,120000,1,3
169,1,2,80000,80000,1,3
170,3,2,115000,115000,1,3
171,1,1,120000,120000,1,3
172,1,13,150000,150000,1,3
172,2,1,130000,130000,1,3
173,1,13,300000,300000,1,3
173,3,1,230000,230000,1,3
174,1,13,150000,150000,1,3
174,2,1,120000,120000,1,3
175,2,1,215000,215000,1,3
175,2,19,10000,24700,2,7
175,3,3,16000,16000,1,3
176,1,1,280000,280000,1,3
176,1,13,210000,210000,1,3
177,1,13,120000,120000,1,3
177,2,1,120000,120000,1,3
178,1,3,49000,49000,1,3
178,1,13,150000,150000,1,3
179,1,3,45500,45500,1,3
180,2,3,24000,24000,1,3
180,4,1,80000,80000,1,3
181,1,1,150000,150000,1,3
181,1,18,50000,16666.6666666667,1,7
181,2,22,120000,40000,1,7
182,1,3,26000,26000,1,3
182,3,2,50000,16666.6666666667,1,7
182,3,19,150000,50000,1,7
183,1,22,250000,83333.3333333333,1,7
184,1,13,80000,80000,1,3
184,3,21,80000,26666.6666666667,1,7
185,1,1,120000,120000,1,3
185,1,22,200000,66666.6666666667,1,7
185,2,3,40000,40000,1,3
186,1,3,38000,38000,1,3
186,2,13,40000,13333.3333333333,1,7
186,2,22,100000,33333.3333333333,1,7
187,1,22,120000,40000,1,7
187,2,5,32000,32000,1,3
188,1,1,100000,100000,1,3
188,3,2,150000,50000,1,7
188,7,2,120000,40000,1,7
188,9,2,150000,50000,1,7
189,1,13,80000,26666.6666666667,1,7
189,1,18,80000,26666.6666666667,1,7
189,1,21,50000,16666.6666666667,1,7
190,1,3,38000,38000,1,3
190,3,2,120000,120000,1,3
191,1,3,28000,28000,1,3
191,2,21,130000,10833.3333333333,1,4
192,1,21,80000,6666.66666666667,1,4
193,2,21,120000,40000,1,7
194,1,21,150000,50000,1,7
194,3,3,22000,22000,1,3
195,1,3,27000,27000,1,3
195,2,21,100000,25000,1,6
196,1,2,70000,70000,1,3
197,3,21,150000,50000,1,7
198,1,3,30000,30000,1,3
198,2,3,45000,45000,1,3
198,3,21,90000,30000,1,7
199,1,1,230000,230000,1,3
200,1,3,37000,37000,1,3
201,1,3,36000,36000,1,3
202,1,2,90000,90000,1,3
202,2,1,82000,82000,1,3
203,1,3,33800,33800,1,3
203,2,2,60000,60000,1,3
203,3,1,52000,52000,1,3
204,1,19,150000,150000,1,3
205,1,3,35000,35000,1,3
205,2,3,34000,34000,1,3
206,1,3,35000,35000,1,3
206,3,1,80000,80000,1,3
207,1,19,100000,100000,1,3
208,1,1,50000,50000,1,3
208,1,3,16000,16000,1,3
209,1,1,650000,650000,1,3
209,2,1,200000,200000,1,3
209,3,1,200000,200000,1,3
210,1,1,50000,50000,1,3
211,1,1,200000,200000,1,3
212,1,3,33000,33000,1,3
212,1,19,30000,10000,1,7
213,1,1,250000,250000,1,3
213,2,8,16000,16000,1,3
214,1,1,200000,200000,1,3
215,1,3,40000,40000,1,3
215,2,1,45000,45000,1,3
215,2,3,22000,22000,1,3
216,1,2,100000,100000,1,3
217,1,3,35000,35000,1,3
217,1,22,100000,100000,1,3
217,3,3,16000,16000,1,3
218,1,1,120000,120000,1,3
218,3,3,18000,18000,1,3
219,1,22,250000,250000,1,3
220,1,13,80000,80000,1,3
221,1,22,200000,200000,1,3
221,2,3,34000,34000,1,3
222,1,3,35000,35000,1,3
222,1,22,50000,50000,1,3
222,3,3,65000,65000,1,3
223,1,22,300000,300000,1,3
224,1,22,300000,300000,1,3
225,1,22,250000,250000,1,3
226,1,3,25000,25000,1,3
226,1,5,22000,22000,1,3
227,1,3,39000,39000,1,3
227,2,22,300,142719,3,3
227,3,5,34000,34000,1,3
228,1,3,45000,45000,1,3
229,1,3,40000,40000,1,3
229,2,1,45000,45000,1,3
229,2,3,35000,35000,1,3
229,3,1,80000,80000,1,3
230,1,3,50000,50000,1,3
230,2,1,100000,100000,1,3
231,2,1,74000,74000,1,3
231,2,19,300,142719,3,3
232,1,3,44000,44000,1,3
232,2,3,38000,38000,1,3
232,3,1,150000,150000,1,3
232,4,1,94000,94000,1,3
233,2,5,35000,35000,1,3
233,2,19,900,428157,3,3
234,1,19,200,95146,3,3
235,1,22,100000,100000,1,3
236,1,22,350000,116666.666666667,1,7
236,2,5,27000,27000,1,3
237,1,22,80000,80000,1,3
237,2,5,28000,28000,1,3
238,1,3,28000,28000,1,3
239,1,1,60000,60000,1,3
239,2,1,60000,60000,1,3
239,3,1,160000,160000,1,3
239,6,5,29000,29000,1,3
240,1,22,200000,200000,1,3
241,1,3,28000,28000,1,3
241,1,22,60000,60000,1,3
241,2,5,29000,29000,1,3
242,1,3,35000,35000,1,3
242,2,3,33000,33000,1,3
243,1,3,20000,20000,1,3
244,1,5,17000,17000,1,3
244,1,19,100,47573,3,3
245,1,1,330000,330000,1,3
245,2,1,280000,280000,1,3
246,2,1,50000,50000,1,3
246,3,1,90000,90000,1,3
247,1,5,22000,22000,1,3
247,2,3,16000,16000,1,3
248,1,3,41000,41000,1,3
248,1,5,17000,17000,1,3
249,1,3,45000,45000,1,3
249,2,3,35000,35000,1,3
250,1,1,120000,120000,1,3
251,3,1,100000,100000,1,3
252,1,3,33000,33000,1,3
252,1,5,17000,17000,1,3
252,2,3,55000,55000,1,3
253,1,22,100000,100000,1,3
253,2,5,35000,35000,1,3
254,1,3,55000,55000,1,3
254,2,1,101000,101000,1,3
254,3,1,45000,45000,1,3
255,1,3,37000,37000,1,3
255,1,5,17000,17000,1,3
255,1,18,15000,15000,1,3
256,1,1,150000,150000,1,3
256,4,8,18000,18000,1,3
257,1,3,34500,34500,1,3
258,1,22,500000,500000,1,3
258,3,1,270000,270000,1,3
259,1,3,33000,33000,1,3
259,1,19,400,190292,3,3
260,1,2,10000,10000,1,3
260,1,3,38300,38300,1,3
260,1,5,17000,17000,1,3
261,1,1,40000,40000,1,3
261,1,3,28000,28000,1,3
261,2,1,40000,40000,1,3
261,2,5,24000,24000,1,3
262,1,5,41000,41000,1,3
262,2,21,25000,8333.33333333333,1,7
263,1,3,41000,41000,1,3
263,1,5,17000,17000,1,3
263,1,21,15000,3750,1,6
264,1,13,30000,10000,1,7
264,3,1,65000,65000,1,3
265,1,3,30000,30000,1,3
265,1,5,29500,29500,1,3
266,1,3,42000,42000,1,3
266,2,3,43000,43000,1,3
267,1,3,42000,42000,1,3
268,1,3,32000,32000,1,3
268,2,3,37000,37000,1,3
269,1,3,27000,27000,1,3
269,1,13,16000,5333.33333333333,1,7
269,3,21,200000,66666.6666666667,1,7
270,1,6,17000,2833.33333333333,1,5
270,1,19,200,31715.3333333333,3,7
271,1,3,38000,38000,1,3
272,1,3,18000,18000,1,3
272,4,1,100000,100000,1,3
272,6,3,46000,46000,1,3
273,1,2,20000,20000,1,3
273,2,5,45000,45000,1,3
273,3,3,18000,18000,1,3
274,1,1,150000,150000,1,3
275,1,1,86000,86000,1,3
276,1,1,153000,153000,1,3
277,1,3,44000,44000,1,3
277,1,5,16000,16000,1,3
278,1,3,44000,44000,1,3
278,2,3,29500,29500,1,3
278,3,1,70000,70000,1,3
279,1,18,15000,15000,1,3
280,2,13,30000,10000,1,7
281,1,1,40000,40000,1,3
281,1,3,39000,39000,1,3
282,1,3,38800,38800,1,3
283,1,3,35000,35000,1,3
284,1,13,30000,10000,1,7
284,3,1,80000,80000,1,3
285,1,3,47000,47000,1,3
286,1,21,25000,8333.33333333333,1,7
286,1,22,3000,7410,2,7
287,1,1,49500,49500,1,3
288,1,3,34000,34000,1,3
288,2,5,17000,17000,1,3
289,1,22,40000,98800,2,7
289,2,1,85000,85000,1,3
290,1,3,26000,26000,1,3
290,1,5,32000,32000,1,3
290,1,22,85000,28333.3333333333,1,7
290,2,1,55000,55000,1,3
290,7,3,41000,41000,1,3
291,1,22,150000,12500,1,4
292,1,5,35000,35000,1,3
292,1,19,25000,185250,2,3
293,1,1,150000,150000,1,3
293,1,3,40000,40000,1,3
293,3,1,100000,100000,1,3
294,1,1,150000,150000,1,3
294,1,5,28000,28000,1,3
295,1,22,100000,123500,2,5
295,2,1,51000,51000,1,3
295,2,3,43000,43000,1,3
296,1,1,201000,201000,1,3
296,1,3,33000,33000,1,3
296,1,19,60000,37050,2,4
296,1,19,100,15857.6666666667,3,7
297,1,3,23000,23000,1,3
297,1,22,40000,3333.33333333333,1,4
297,2,1,2000,60000,1,1
298,1,3,28500,28500,1,3
298,2,2,100000,100000,1,3
299,1,3,24000,24000,1,3
299,3,1,150000,150000,1,3
299,4,1,60000,60000,1,3
300,1,1,100000,100000,1,3
301,1,1,110000,110000,1,3
301,3,1,90000,90000,1,3
302,1,1,75000,75000,1,3
302,1,3,50000,50000,1,3
302,2,1,92000,92000,1,3
302,3,1,120000,120000,1,3
303,1,1,115000,115000,1,3
303,2,1,125000,125000,1,3
304,1,3,42000,42000,1,3
304,2,3,32000,32000,1,3
305,1,21,80000,26666.6666666667,1,7
306,1,22,80000,20000,1,6
306,2,1,60000,60000,1,3
306,5,3,45000,45000,1,3
307,1,3,37000,37000,1,3
307,1,5,17000,17000,1,3
308,1,3,23000,23000,1,3
308,1,3,26000,26000,1,3
308,1,11,30000,30000,1,3
308,2,3,42000,42000,1,3
309,1,1,180000,180000,1,3
310,2,19,7000,17290,2,7
310,4,1,100000,100000,1,3
310,5,1,30000,30000,1,3
311,1,1,60000,60000,1,3
311,1,3,22600,22600,1,3
311,3,2,80000,80000,1,3
312,1,3,56000,56000,1,3
313,1,1,80000,80000,1,3
313,2,19,200,31715.3333333333,3,7
314,1,1,150000,150000,1,3
315,1,18,30000,10000,1,7
315,2,1,70000,70000,1,3
316,1,22,50000,50000,1,3
317,1,22,150000,150000,1,3
318,1,1,35000,35000,1,3
318,1,5,16000,16000,1,3
319,1,1,100000,100000,1,3
320,3,1,80000,80000,1,3
320,4,5,28000,28000,1,3
321,3,1,60000,60000,1,3
321,4,18,300,142719,3,3
322,1,3,39000,39000,1,3
322,3,5,28000,28000,1,3
323,1,3,23000,23000,1,3
323,2,1,100000,100000,1,3
323,3,5,30000,30000,1,3
324,1,22,150,71359.5,3,3
325,1,3,42000,42000,1,3
325,2,3,35000,35000,1,3
326,1,22,10000,74100,2,3
327,1,3,43000,43000,1,3
328,1,3,34000,34000,1,3
329,1,3,35000,35000,1,3
329,2,1,30000,30000,1,3
330,1,3,47000,47000,1,3
330,1,5,16000,16000,1,3
331,1,3,36000,36000,1,3
332,2,1,30000,30000,1,3
332,4,3,40000,40000,1,3
333,1,2,150000,150000,1,3
334,3,5,34000,34000,1,3
334,3,13,15000,15000,1,3
334,3,19,200,95146,3,3
335,1,22,300,142719,3,3
335,2,13,15000,15000,1,3
336,1,22,300,142719,3,3
336,2,13,15000,15000,1,3
337,1,2,85000,85000,1,3
337,2,13,30000,30000,1,3
337,3,22,200,31715.3333333333,3,7
338,1,13,15000,15000,1,3
338,2,1,80000,80000,1,3
339,1,3,52000,52000,1,3
339,1,13,10000,10000,1,3
339,1,19,2000,1235,2,4
340,1,3,46000,46000,1,3
340,1,5,10000,10000,1,3
340,1,13,10000,10000,1,3
340,2,3,32000,32000,1,3
341,1,1,65000,65000,1,3
342,1,3,56000,56000,1,3
342,1,13,50000,50000,1,3
342,3,22,250,9911.04166666667,3,4
343,1,22,30000,2500,1,4
344,1,22,35000,5833.33333333333,1,5
345,1,13,25000,25000,1,3
346,1,22,30000,30000,1,3
347,1,3,39000,39000,1,3
347,2,3,23000,23000,1,3
348,2,13,28000,4666.66666666667,1,5
349,2,5,27000,27000,1,3
350,1,3,47000,47000,1,3
351,1,3,36000,36000,1,3
352,1,3,33000,33000,1,3
353,1,1,189000,189000,1,3
353,1,19,100,47573,3,3
354,1,3,50000,50000,1,3
355,1,1,100000,100000,1,3
355,2,1,50000,50000,1,3
355,3,12,4600,4600,1,3
356,1,3,45000,45000,1,3
356,2,1,50000,50000,1,3
356,3,1,120000,120000,1,3
356,4,1,50000,50000,1,3
357,1,1,120000,120000,1,3
358,1,1,120000,120000,1,3
359,1,3,35000,35000,1,3
359,2,1,180000,180000,1,3
360,1,1,30000,30000,1,3
360,1,19,200,95146,3,3
361,2,2,100000,100000,1,3
361,2,19,100,47573,3,3
362,1,3,62000,62000,1,3
362,1,19,150,71359.5,3,3
362,2,3,41000,41000,1,3
363,1,1,120000,120000,1,3
363,2,1,60000,60000,1,3
364,1,2,150000,150000,1,3
364,3,1,100000,100000,1,3
365,1,1,120000,120000,1,3
365,2,2,30000,30000,1,3
366,1,3,45000,45000,1,3
366,2,3,39000,39000,1,3
366,3,2,80000,80000,1,3
367,1,1,120000,120000,1,3
367,2,1,60000,60000,1,3
367,3,1,65000,65000,1,3
367,4,1,125000,125000,1,3
368,1,1,55000,55000,1,3
368,1,18,20000,20000,1,3
369,1,1,120000,120000,1,3
370,1,3,36000,36000,1,3
370,1,13,100000,25000,1,6
370,2,3,36000,36000,1,3
371,1,3,30000,30000,1,3
371,1,19,180,28543.8,3,7
372,3,1,60000,60000,1,3
372,3,3,48000,48000,1,3
372,3,5,36000,36000,1,3
373,1,1,45000,45000,1,3
373,1,13,100000,100000,1,3
373,2,13,100000,100000,1,3
373,3,1,100000,100000,1,3
373,3,3,36000,36000,1,3
374,1,3,41000,41000,1,3
374,2,1,50000,50000,1,3
375,1,13,55000,18333.3333333333,1,7
375,2,1,60000,60000,1,3
375,3,1,180000,180000,1,3
376,1,1,120000,120000,1,3
376,1,3,41000,41000,1,3
376,2,13,140000,46666.6666666667,1,7
376,3,1,100000,100000,1,3
377,1,3,48000,48000,1,3
377,2,2,250000,250000,1,3
377,2,3,43000,43000,1,3
378,1,3,40000,40000,1,3
378,1,13,30000,30000,1,3
379,1,1,120000,120000,1,3
379,1,3,45000,45000,1,3
380,1,26,4800,35568,2,3
380,2,3,32000,32000,1,3
381,1,1,120000,120000,1,3
381,3,1,80000,80000,1,3
381,4,1,90000,90000,1,3
382,1,3,24000,24000,1,3
382,2,2,100000,100000,1,3
383,1,3,37000,37000,1,3
383,2,3,44000,44000,1,3
383,3,1,30000,30000,1,3
383,3,5,27000,27000,1,3
383,5,25,30000,30000,1,3
384,1,19,200,95146,3,3
384,3,1,150000,150000,1,3
385,1,19,200,95146,3,3
386,1,19,400,190292,3,3
386,4,5,28000,28000,1,3
387,3,2,50000,50000,1,3
387,6,2,95000,95000,1,3
388,1,19,8000,59280,2,3
389,1,21,25000,8333.33333333333,1,7
389,2,3,37000,37000,1,3
389,2,22,70000,23333.3333333333,1,7
390,2,19,10000,24700,2,7
391,1,5,28000,28000,1,3
391,2,21,40000,13333.3333333333,1,7
391,5,1,45000,45000,1,3
392,1,3,49200,49200,1,3
392,2,3,37000,37000,1,3
393,1,3,47000,47000,1,3
393,1,19,5000,1666.66666666667,1,7
393,2,3,35600,35600,1,3
394,1,3,54600,54600,1,3
394,2,3,45500,45500,1,3
394,3,3,22000,22000,1,3
395,1,3,36000,36000,1,3
395,1,21,23000,23000,1,3
396,2,21,60000,5000,1,4
397,1,1,70000,70000,1,3
397,2,2,35000,35000,1,3
397,3,1,70000,70000,1,3
398,1,3,45000,45000,1,3
398,2,3,26000,26000,1,3
398,3,13,20000,20000,1,3
398,4,1,130000,130000,1,3
399,1,3,23000,23000,1,3
399,2,3,28000,28000,1,3
401,1,3,30000,30000,1,3
401,2,2,67000,67000,1,3
402,2,3,30000,30000,1,3
403,1,3,32000,32000,1,3
403,4,3,33000,33000,1,3
404,2,5,28000,28000,1,3
404,3,1,130000,130000,1,3
404,4,2,25000,25000,1,3
405,1,3,28300,28300,1,3
405,2,3,35580,35580,1,3
406,1,3,35000,35000,1,3
406,2,1,65000,65000,1,3
406,2,3,50000,50000,1,3
407,1,1,60000,60000,1,3
407,1,3,60000,60000,1,3
407,2,3,30000,30000,1,3
408,1,1,70000,70000,1,3
408,1,3,48000,48000,1,3
408,2,1,75000,75000,1,3
409,1,2,100000,100000,1,3
410,1,3,32000,32000,1,3
410,1,5,17000,17000,1,3
410,1,19,1000,2470,2,7
411,1,22,100000,33333.3333333333,1,7
411,5,12,5000,5000,1,3
412,1,3,30000,30000,1,3
412,2,3,36000,36000,1,3
413,2,5,29000,29000,1,3
414,1,3,56700,56700,1,3
414,1,5,17000,17000,1,3
415,1,2,40000,13333.3333333333,1,7
415,2,13,13000,13000,1,3
416,1,1,150000,150000,1,3
417,1,3,50500,50500,1,3
417,2,5,20500,20500,1,3
417,4,3,20500,20500,1,3
418,1,1,94000,94000,1,3
418,2,3,38000,38000,1,3
419,1,1,39000,39000,1,3
420,1,1,150000,150000,1,3
421,1,3,37000,37000,1,3
421,2,3,34000,34000,1,3
422,4,1,39000,39000,1,3
422,6,3,49000,49000,1,3
423,1,1,110000,110000,1,3
424,1,2,50000,50000,1,3
424,2,13,15000,5000,1,7
425,1,5,35000,35000,1,3
425,1,25,30000,30000,1,3
426,1,3,32000,32000,1,3
426,3,18,200,31715.3333333333,3,7
427,2,21,100000,33333.3333333333,1,7
427,3,1,25000,25000,1,3
427,4,1,30000,30000,1,3
428,1,3,31000,31000,1,3
428,3,2,20000,20000,1,3
428,5,2,35000,35000,1,3
429,1,2,30000,30000,1,3
429,1,3,48000,48000,1,3
429,1,13,100000,100000,1,3
430,3,3,16000,16000,1,3
430,4,2,50000,50000,1,3
431,1,3,25000,25000,1,3
431,2,5,33000,33000,1,3
431,3,2,50000,50000,1,3
431,3,21,40000,40000,1,3
432,1,5,31000,31000,1,3
432,2,21,100000,8333.33333333333,1,4
433,2,1,100000,100000,1,3
433,2,19,20000,149200,2,3
434,1,1,200000,200000,1,3
434,2,1,85000,85000,1,3
435,1,1,180000,180000,1,3
435,2,1,75000,75000,1,3
436,1,1,180000,180000,1,3
436,2,1,220000,220000,1,3
437,1,1,310000,310000,1,3
437,1,19,20000,149200,2,3
438,1,1,90000,90000,1,3
438,2,1,65000,65000,1,3
438,3,1,180000,180000,1,3
439,1,1,80000,80000,1,3
439,1,19,200,108674,4,3
440,1,1,370000,370000,1,3
440,2,1,250000,250000,1,3
441,1,1,200000,200000,1,3
441,2,1,80000,80000,1,3
442,1,3,34000,34000,1,3
442,1,18,6000,6000,1,3
443,1,17,250000,250000,1,3
443,1,19,47000,47000,1,3
444,1,3,70000,70000,1,3
444,2,3,50000,50000,1,3
445,1,1,65000,65000,1,3
445,1,21,100000,16666.6666666667,1,5
445,4,1,75000,75000,1,3
446,1,1,70000,70000,1,3
446,1,18,40000,40000,1,3
447,1,18,21000,21000,1,3
448,1,3,41000,41000,1,3
448,2,3,33000,33000,1,3
449,1,1,30000,30000,1,3
449,1,3,43000,43000,1,3
449,3,1,170000,170000,1,3
450,1,3,70000,70000,1,3
450,2,1,180000,180000,1,3
450,2,22,200000,16666.6666666667,1,4
451,1,3,38000,38000,1,3
451,2,3,39900,39900,1,3
452,1,1,56000,56000,1,3
452,2,3,17000,17000,1,3
452,3,1,120000,120000,1,3
453,1,1,140000,140000,1,3
453,2,3,28000,28000,1,3
453,3,1,120000,120000,1,3
454,1,3,39000,39000,1,3
455,1,1,60000,60000,1,3
455,1,3,39000,39000,1,3
455,3,3,19000,19000,1,3
455,3,19,100,54337,4,3
456,1,1,70000,70000,1,3
456,2,1,48000,48000,1,3
456,2,19,5000,37300,2,3
457,1,1,60000,60000,1,3
457,4,1,90000,90000,1,3
458,1,3,50000,50000,1,3
458,3,1,140000,140000,1,3
458,4,1,150000,150000,1,3
459,1,1,130000,130000,1,3
460,2,3,30000,30000,1,3
460,3,21,100000,100000,1,3
460,4,3,16000,16000,1,3
461,1,3,31000,31000,1,3
461,1,21,10000,10000,1,3
462,1,1,80000,80000,1,3
462,2,1,80000,80000,1,3
463,1,22,60000,60000,1,3
463,2,1,60000,60000,1,3
464,1,3,106000,106000,1,3
464,2,2,220000,220000,1,3
464,2,3,40000,40000,1,3
465,1,3,32000,32000,1,3
465,1,19,250,29899.375,3,6
465,2,21,80000,80000,1,3
466,1,2,60000,60000,1,3
467,1,21,45000,45000,1,3
467,2,1,60000,60000,1,3
468,1,1,90000,90000,1,3
468,1,3,50000,50000,1,3
468,2,3,30000,30000,1,3
469,1,1,200000,200000,1,3
469,2,8,18000,18000,1,3
470,1,3,40000,40000,1,3
470,2,3,37000,37000,1,3
470,2,5,16000,16000,1,3
470,3,3,39000,39000,1,3
470,4,3,70000,70000,1,3
471,4,1,120000,120000,1,3
472,1,2,250000,250000,1,3
472,2,1,80000,80000,1,3
473,1,3,42000,42000,1,3
473,2,1,230000,230000,1,3
473,3,1,85000,85000,1,3
474,1,1,100000,100000,1,3
474,2,19,100000,33333.3333333333,1,7
475,1,1,400000,400000,1,3
475,2,1,225000,225000,1,3
475,3,1,205000,205000,1,3
476,1,1,200000,200000,1,3
476,3,3,19000,19000,1,3
477,1,3,47000,47000,1,3
477,2,3,40800,40800,1,3
478,1,3,33000,33000,1,3
478,3,1,140000,140000,1,3
478,4,12,5000,5000,1,3
479,1,2,60000,60000,1,3
480,1,18,30000,10000,1,7
480,2,1,80000,80000,1,3
481,2,5,27000,27000,1,3
481,2,21,150000,12500,1,4
482,1,1,120000,120000,1,3
482,3,3,19000,19000,1,3
483,1,1,60000,60000,1,3
483,1,19,5000,12433.3333333333,2,7
484,1,1,62000,62000,1,3
484,1,3,64000,64000,1,3
484,3,1,80000,80000,1,3
485,1,1,170000,170000,1,3
485,3,1,160000,160000,1,3
486,1,3,32000,32000,1,3
486,1,19,50000,50000,1,3
487,1,1,50000,50000,1,3
487,2,1,200000,200000,1,3
487,3,5,33000,33000,1,3
487,7,3,50000,50000,1,3
488,5,1,250000,250000,1,3
489,1,1,150000,150000,1,3
489,1,3,39000,39000,1,3
489,2,1,80000,80000,1,3
489,5,3,45000,45000,1,3
490,1,1,186000,186000,1,3
491,1,3,40000,40000,1,3
491,2,3,35000,35000,1,3
491,2,19,100,18112.3333333333,4,7
492,2,1,90000,90000,1,3
493,1,1,120000,120000,1,3
494,2,19,140000,140000,1,3
494,3,2,31000,31000,1,3
494,4,1,67000,67000,1,3
494,5,1,28000,28000,1,3
495,1,1,100000,100000,1,3
495,1,3,46000,46000,1,3
495,2,3,38000,38000,1,3
495,3,2,150000,150000,1,3
495,4,1,70000,70000,1,3
496,1,21,70000,5833.33333333333,1,4
497,1,1,80000,80000,1,3
497,1,3,22000,22000,1,3
497,2,1,80000,80000,1,3
498,1,1,250000,250000,1,3
498,1,3,53000,53000,1,3
498,2,1,227000,227000,1,3
498,2,3,37000,37000,1,3
499,1,3,45000,45000,1,3
500,1,19,400,191356,3,3
501,1,3,53000,53000,1,3
502,1,3,53000,53000,1,3
502,2,1,200000,200000,1,3
502,2,19,100,47839,3,3
503,1,1,80000,80000,1,3
504,2,1,195000,195000,1,3
504,2,19,150000,150000,1,3
504,3,3,18000,18000,1,3
505,1,1,200000,200000,1,3
505,1,3,49500,49500,1,3
505,2,3,30000,30000,1,3
505,3,1,270000,270000,1,3
505,4,1,450000,450000,1,3
506,1,3,80000,80000,1,3
506,2,3,35000,35000,1,3
506,3,1,200000,200000,1,3
507,1,3,34000,34000,1,3
507,2,2,120000,120000,1,3
507,2,21,60000,15000,1,6
507,3,8,18000,18000,1,3
508,1,3,40000,40000,1,3
508,2,1,200000,200000,1,3
508,3,1,50000,50000,1,3
509,1,12,6000,6000,1,3
509,1,18,75000,75000,1,3
509,2,18,75000,75000,1,3
510,1,19,150,81505.5,4,3
511,2,2,80000,80000,1,3
511,3,2,120000,120000,1,3
512,1,3,49000,49000,1,3
512,1,18,100000,100000,1,3
512,2,3,45000,45000,1,3
513,1,3,49500,49500,1,3
513,2,2,350000,350000,1,3
513,3,8,18000,18000,1,3
514,1,3,28000,28000,1,3
514,2,1,100000,100000,1,3
515,1,3,55000,55000,1,3
515,1,19,160000,160000,1,3
515,3,1,60000,60000,1,3
516,1,1,50000,50000,1,3
516,1,3,80000,80000,1,3
516,2,3,34000,34000,1,3
516,3,2,80000,80000,1,3
517,1,1,90000,90000,1,3
517,1,3,70000,70000,1,3
517,2,1,60000,60000,1,3
518,1,3,55000,55000,1,3
518,2,3,37000,37000,1,3
518,3,1,140000,140000,1,3
519,1,1,60000,60000,1,3
519,1,3,52500,52500,1,3
519,2,1,60000,60000,1,3
519,3,1,100000,100000,1,3
519,4,1,80000,80000,1,3
520,1,2,240000,240000,1,3
520,1,3,23000,23000,1,3
520,7,1,120000,120000,1,3
521,1,3,51000,51000,1,3
521,2,1,80000,80000,1,3
521,2,3,52000,52000,1,3
522,1,1,79000,79000,1,3
523,2,3,42000,42000,1,3
523,3,1,80000,80000,1,3
523,4,1,70000,70000,1,3
524,3,1,60000,60000,1,3
524,4,1,165000,165000,1,3
525,1,1,70000,70000,1,3
525,2,1,70000,70000,1,3
525,3,1,60000,60000,1,3
525,5,1,250000,250000,1,3
526,2,1,130000,130000,1,3
527,1,19,400,191356,3,3
527,2,1,70000,70000,1,3
527,3,1,110000,110000,1,3
528,1,1,130000,130000,1,3
528,1,3,40000,40000,1,3
528,2,3,37000,37000,1,3
528,3,1,70000,70000,1,3
529,1,3,42000,42000,1,3
529,1,17,80000,80000,1,3
530,1,3,34000,34000,1,3
530,1,18,15000,15000,1,3
531,1,1,30000,30000,1,3
531,1,19,250,39865.8333333333,3,7
532,1,3,39000,39000,1,3
532,2,1,250000,250000,1,3
532,5,1,250000,250000,1,3
532,6,3,21000,21000,1,3
533,1,1,450000,450000,1,3
533,2,1,450000,450000,1,3
534,1,22,200000,66666.6666666667,1,7
534,5,3,50000,50000,1,3
534,6,1,60000,60000,1,3
535,1,1,70000,70000,1,3
535,1,3,50000,50000,1,3
535,2,1,50000,50000,1,3
536,1,2,200000,200000,1,3
537,1,3,52000,52000,1,3
537,2,1,200000,200000,1,3
538,1,22,150000,50000,1,7
538,2,18,100000,100000,1,3
539,1,1,50000,50000,1,3
539,1,3,45000,45000,1,3
539,3,1,110000,110000,1,3
540,1,3,39000,39000,1,3
540,2,2,400000,400000,1,3
541,1,3,41000,41000,1,3
541,2,3,21500,21500,1,3
542,2,1,300000,300000,1,3
543,1,1,266000,266000,1,3
543,1,22,200,95678,3,3
544,1,1,450000,450000,1,3
545,1,1,150000,150000,1,3
545,1,3,47000,47000,1,3
545,4,1,250000,250000,1,3
546,1,3,32000,32000,1,3
546,2,1,60000,60000,1,3
547,1,3,37000,37000,1,3
548,1,3,31000,31000,1,3
548,2,16,20000,6666.66666666667,1,7
549,1,19,12000,89520,2,3
549,2,3,27000,27000,1,3
550,4,1,70000,70000,1,3
550,4,22,300,143517,3,3
551,1,3,42000,42000,1,3
551,2,3,37000,37000,1,3
551,3,1,320000,320000,1,3
551,3,19,250,119597.5,3,3
551,4,1,235000,235000,1,3
552,1,13,280000,46666.6666666667,1,5
552,2,13,35000,35000,1,3
552,3,1,140000,140000,1,3
552,3,5,27000,27000,1,3
552,4,1,80000,80000,1,3
553,1,5,33000,33000,1,3
553,1,22,70000,23333.3333333333,1,7
553,2,13,25000,25000,1,3
554,1,3,45000,45000,1,3
554,1,19,500,239195,3,3
554,2,3,42000,42000,1,3
555,1,13,170000,28333.3333333333,1,5
555,1,19,400,191356,3,3
555,2,13,15000,15000,1,3
556,1,3,37000,37000,1,3
556,1,19,400,191356,3,3
557,2,13,70000,70000,1,3
557,2,19,400,191356,3,3
557,3,2,300000,300000,1,3
558,1,3,25000,25000,1,3
558,1,13,380000,63333.3333333333,1,5
558,2,13,15000,15000,1,3
558,3,1,170000,170000,1,3
559,1,13,100000,100000,1,3
560,1,13,90000,90000,1,3
561,1,13,95000,95000,1,3
562,1,3,41600,41600,1,3
562,1,19,6000,44760,2,3
562,2,3,38500,38500,1,3
563,1,13,104000,104000,1,3
564,1,1,54000,54000,1,3
564,1,3,20000,20000,1,3
564,1,13,15000,15000,1,3
565,1,3,27000,27000,1,3
565,1,13,20000,20000,1,3
566,1,1,56000,56000,1,3
566,1,3,30200,30200,1,3
566,2,1,120000,120000,1,3
567,1,3,38900,38900,1,3
568,1,13,110000,110000,1,3
569,1,1,120000,120000,1,3
569,2,1,56000,56000,1,3
570,1,3,39700,39700,1,3
570,2,3,36500,36500,1,3
570,3,13,90000,90000,1,3
571,1,1,140000,140000,1,3
571,2,13,30000,30000,1,3
572,1,13,100000,100000,1,3
573,1,3,37500,37500,1,3
573,2,3,24600,24600,1,3
573,2,13,26000,26000,1,3
574,1,3,39700,39700,1,3
574,1,13,20000,20000,1,3
575,1,1,140000,140000,1,3
575,2,13,40000,40000,1,3
576,1,3,41000,41000,1,3
576,1,13,20000,20000,1,3
576,2,3,34500,34500,1,3
577,1,3,32000,32000,1,3
577,2,1,40000,40000,1,3
577,2,3,32000,32000,1,3
578,1,1,50000,50000,1,3
578,1,3,58000,58000,1,3
579,1,2,100000,100000,1,3
580,1,3,38600,38600,1,3
581,2,13,60000,60000,1,3
581,3,1,160000,160000,1,3
582,1,21,50000,4166.66666666667,1,4
583,2,1,23000,23000,1,3
583,3,22,75000,25000,1,7
584,1,3,36800,36800,1,3
584,2,22,14000,4666.66666666667,1,7
585,4,3,16000,16000,1,3
585,4,5,30000,30000,1,3
585,7,3,36000,36000,1,3
586,1,3,42000,42000,1,3
586,1,5,17000,17000,1,3
587,1,3,35000,35000,1,3
587,1,19,3000,22380,2,3
588,1,2,50000,50000,1,3
588,2,1,50000,50000,1,3
588,3,3,40000,40000,1,3
588,4,3,30000,30000,1,3
588,5,2,150000,150000,1,3
588,6,2,90000,90000,1,3
588,7,8,18000,18000,1,3
589,1,1,70000,70000,1,3
589,2,7,50000,4166.66666666667,1,4
590,1,5,32000,32000,1,3
590,2,1,150000,150000,1,3
591,1,5,32000,32000,1,3
591,1,19,40000,40000,1,3
592,1,2,80000,80000,1,3
592,2,19,5000,12433.3333333333,2,7
592,3,1,50000,50000,1,3
592,4,1,140000,140000,1,3
593,1,1,110000,110000,1,3
593,7,3,35000,35000,1,3
594,1,3,37000,37000,1,3
594,1,19,3000,22380,2,3
594,2,3,33000,33000,1,3
595,1,1,130000,130000,1,3
595,2,1,160000,160000,1,3
596,1,1,45000,45000,1,3
596,4,1,60000,60000,1,3
597,1,18,50000,50000,1,3
597,1,22,200000,33333.3333333333,1,5
598,1,3,35000,35000,1,3
598,1,13,15000,15000,1,3
598,3,1,90000,90000,1,3
599,1,3,42000,42000,1,3
599,2,3,42000,42000,1,3
599,2,19,3000,22380,2,3
600,2,3,18000,18000,1,3
600,2,19,10000,74600,2,3
600,3,1,109000,109000,1,3
600,4,8,18000,18000,1,3
601,1,3,36000,36000,1,3
601,1,18,15000,5000,1,7
601,2,3,22000,22000,1,3
602,1,1,84000,84000,1,3
602,2,1,75000,75000,1,3
603,1,3,30000,30000,1,3
603,3,1,150000,150000,1,3
604,1,1,80000,80000,1,3
604,2,3,26000,26000,1,3
604,4,1,80000,80000,1,3
605,1,3,36400,36400,1,3
605,6,1,65000,65000,1,3
606,1,1,85000,85000,1,3
606,1,25,10000,10000,1,3
607,1,1,200000,200000,1,3
608,1,3,37500,37500,1,3
608,2,3,39200,39200,1,3
608,3,1,85000,85000,1,3
608,3,3,42000,42000,1,3
609,1,2,200000,200000,1,3
610,1,3,28400,28400,1,3
610,2,1,42000,42000,1,3
610,3,2,80000,80000,1,3
611,1,1,92000,92000,1,3
612,1,5,22500,22500,1,3
612,1,19,30000,30000,1,3
612,2,3,19500,19500,1,3
613,1,3,51000,51000,1,3
613,2,1,75000,75000,1,3
613,3,3,27000,27000,1,3
613,4,2,100000,100000,1,3
614,1,3,42000,42000,1,3
614,1,19,20000,6666.66666666667,1,7
614,2,3,25000,25000,1,3
615,1,1,100000,100000,1,3
616,1,2,80000,26666.6666666667,1,7
616,4,2,120000,40000,1,7
617,1,19,100000,33333.3333333333,1,7
617,2,1,100000,100000,1,3
618,3,1,120000,120000,1,3
618,6,2,100000,100000,1,3
619,1,3,19000,19000,1,3
619,1,19,100,47839,3,3
620,1,3,34000,34000,1,3
620,3,2,80000,26666.6666666667,1,7
621,1,3,38000,38000,1,3
621,2,3,42000,42000,1,3
622,1,3,19600,19600,1,3
622,2,21,150000,12500,1,4
622,3,1,150000,150000,1,3
622,6,1,130000,130000,1,3
623,1,3,52000,52000,1,3
624,1,2,186000,186000,1,3
624,2,21,100000,33333.3333333333,1,7
625,1,1,80000,80000,1,3
625,2,21,200000,66666.6666666667,1,7
626,1,1,80000,80000,1,3
626,2,1,50000,50000,1,3
626,3,1,70000,70000,1,3
627,1,1,185000,185000,1,3
627,2,5,36000,36000,1,3
627,4,3,18000,18000,1,3
628,1,2,100000,100000,1,3
628,3,1,140000,140000,1,3
629,1,1,330000,330000,1,3
629,1,5,21000,21000,1,3
629,1,19,150,71758.5,3,3
629,2,3,16000,16000,1,3
630,1,1,200000,200000,1,3
630,3,2,170000,170000,1,3
631,3,1,120000,120000,1,3
632,1,3,40000,40000,1,3
632,2,3,34000,34000,1,3
632,3,1,37000,37000,1,3
633,1,5,54000,54000,1,3
633,3,1,35000,35000,1,3
634,1,3,29000,29000,1,3
635,1,21,80000,80000,1,3
636,1,3,36000,36000,1,3
636,2,3,50000,50000,1,3
637,1,19,100000,100000,1,3
638,1,3,43000,43000,1,3
638,4,3,19000,19000,1,3
639,1,1,65000,65000,1,3
639,1,19,80000,80000,1,3
640,1,1,80000,80000,1,3
640,1,3,45000,45000,1,3
641,1,2,250000,250000,1,3
641,2,1,70000,70000,1,3
642,2,1,170000,170000,1,3
643,1,1,94000,94000,1,3
643,1,2,30000,30000,1,3
644,1,1,47000,47000,1,3
644,2,3,17000,17000,1,3
644,3,3,17000,17000,1,3
645,2,1,50000,50000,1,3
645,2,2,100000,100000,1,3
646,1,3,54000,54000,1,3
646,2,1,230000,230000,1,3
647,1,1,90000,90000,1,3
648,3,2,80000,80000,1,3
649,2,13,50000,50000,1,3
650,1,1,22500,22500,1,3
650,1,5,21000,21000,1,3
650,1,13,70000,70000,1,3
651,1,13,70000,70000,1,3
652,1,1,50000,50000,1,3
652,3,1,128000,128000,1,3
653,1,3,35000,35000,1,3
653,2,3,35000,35000,1,3
654,1,13,60000,60000,1,3
654,1,21,100000,100000,1,3
655,1,13,50000,50000,1,3
655,3,22,70000,70000,1,3
656,1,5,35000,35000,1,3
656,1,13,60000,60000,1,3
657,1,1,60000,60000,1,3
657,2,5,18000,18000,1,3
658,1,3,47000,47000,1,3
658,2,3,41000,41000,1,3
659,1,2,180000,180000,1,3
659,2,1,50000,50000,1,3
660,1,22,200000,200000,1,3
660,2,13,40000,40000,1,3
661,1,3,47000,47000,1,3
661,2,3,35500,35500,1,3
662,1,1,120000,120000,1,3
662,1,19,200,31892.6666666667,3,7
663,1,3,43500,43500,1,3
663,3,1,160000,160000,1,3
664,1,3,75000,75000,1,3
664,1,13,60000,60000,1,3
664,2,5,28000,28000,1,3
665,1,13,55000,55000,1,3
665,1,21,50000,16666.6666666667,1,7
666,1,3,46000,46000,1,3
666,3,22,600,287034,3,3
667,1,1,30000,30000,1,3
667,2,3,45000,45000,1,3
667,3,3,45000,45000,1,3
667,5,25,25000,25000,1,3
668,1,3,35000,35000,1,3
668,1,21,30000,7500,1,6
669,1,1,100000,100000,1,3
669,1,19,600,95678,3,7
670,1,22,40000,40000,1,3
671,1,3,40000,40000,1,3
671,2,1,80000,80000,1,3
672,1,1,22000,22000,1,3
672,1,3,27000,27000,1,3
672,2,3,33000,33000,1,3
673,1,3,30000,30000,1,3
673,2,5,24000,24000,1,3
673,2,25,14000,14000,1,3
674,1,1,300000,300000,1,3
675,1,22,40000,40000,1,3
675,2,5,29000,29000,1,3
676,1,3,32000,32000,1,3
676,1,5,17000,17000,1,3
676,2,19,15000,111900,2,3
677,1,19,20000,149200,2,3
678,1,3,33800,33800,1,3
678,1,5,30000,30000,1,3
678,2,1,50000,50000,1,3
679,1,1,80000,80000,1,3
680,1,3,30000,30000,1,3
680,1,5,40000,40000,1,3
681,1,3,38000,38000,1,3
681,1,5,17000,17000,1,3
682,1,19,500,239195,3,3
683,1,3,32000,32000,1,3
683,2,2,150000,150000,1,3
684,1,3,28000,28000,1,3
684,2,1,50000,50000,1,3
684,3,1,85000,85000,1,3
685,1,2,200000,200000,1,3
686,1,1,30000,30000,1,3
686,1,3,30000,30000,1,3
687,1,21,25000,8333.33333333333,1,7
688,1,21,60000,60000,1,3
688,1,22,120000,120000,1,3
688,2,5,28000,28000,1,3
689,1,5,30000,30000,1,3
689,1,21,30000,30000,1,3
690,1,3,32000,32000,1,3
690,2,21,30000,30000,1,3
691,1,3,33000,33000,1,3
691,2,1,50000,50000,1,3
692,1,3,42000,42000,1,3
692,2,1,70000,70000,1,3
693,1,3,29000,29000,1,3
693,2,2,200000,200000,1,3
694,1,5,36000,36000,1,3
694,1,18,20000,20000,1,3
694,1,21,22000,22000,1,3
695,1,1,47000,47000,1,3
695,1,5,28000,28000,1,3
695,1,21,35000,11666.6666666667,1,7
696,1,1,160000,160000,1,3
697,2,1,60000,60000,1,3
697,2,21,20000,5000,1,6
698,2,3,22000,22000,1,3
698,2,19,200,31892.6666666667,3,7
698,3,1,90000,90000,1,3
698,6,3,22000,22000,1,3
699,1,22,100000,33333.3333333333,1,7
700,1,3,32000,32000,1,3
700,2,1,120000,120000,1,3
701,1,2,100000,100000,1,3
701,1,21,50000,16666.6666666667,1,7
702,1,3,17000,17000,1,3
702,1,5,40000,40000,1,3
702,1,21,20000,6666.66666666667,1,7
703,1,1,1000,30000,1,1
704,1,5,28000,28000,1,3
704,1,21,25000,25000,1,3
705,1,3,63000,63000,1,3
705,2,3,37000,37000,1,3
705,2,21,30000,2500,1,4
705,3,2,1500,45000,1,1
706,1,5,17000,17000,1,3
706,2,3,16000,16000,1,3
706,3,3,21500,21500,1,3
707,1,19,1000,2486.66666666667,2,7
707,2,5,23000,23000,1,3
708,2,3,30000,30000,1,3
708,2,19,20000,149200,2,3
709,1,3,32000,32000,1,3
709,1,5,17000,17000,1,3
710,2,5,28000,28000,1,3
710,2,22,30000,30000,1,3
711,1,3,16000,16000,1,3
711,1,5,22500,22500,1,3
711,3,7,50000,4166.66666666667,1,4
712,1,3,45000,45000,1,3
713,1,3,36000,36000,1,3
714,1,22,300,47839,3,7
715,2,5,28000,28000,1,3
715,2,22,20000,6666.66666666667,1,7
716,2,19,5000,12433.3333333333,2,7
716,5,3,44000,44000,1,3
717,1,3,20000,20000,1,3
718,1,22,500,79731.6666666667,3,7
719,1,3,39000,39000,1,3
720,1,21,15000,5000,1,7
720,3,19,3000,7460,2,7
721,1,1,90000,90000,1,3
721,1,5,28000,28000,1,3
722,1,3,37000,37000,1,3
722,1,19,5000,37300,2,3
722,2,1,45000,45000,1,3
723,1,22,150000,50000,1,7
723,3,1,100000,100000,1,3
724,1,22,10000,24866.6666666667,2,7
724,3,1,90000,90000,1,3
724,7,2,120000,120000,1,3
724,8,1,80000,80000,1,3
725,1,1,50000,50000,1,3
725,1,5,28000,28000,1,3
725,1,19,8000,59680,2,3
726,1,1,70000,70000,1,3
726,3,1,80000,80000,1,3
727,1,1,90000,90000,1,3
728,1,5,28000,28000,1,3
728,1,22,100000,33333.3333333333,1,7
728,3,3,18000,18000,1,3
728,4,3,18000,18000,1,3
729,1,1,110000,110000,1,3
729,3,1,130000,130000,1,3
730,1,3,34000,34000,1,3
730,2,1,60000,60000,1,3
731,1,3,37000,37000,1,3
732,1,3,24000,24000,1,3
732,2,3,46000,46000,1,3
732,3,1,80000,80000,1,3
732,4,1,30000,30000,1,3
733,1,1,80000,80000,1,3
733,2,1,50000,50000,1,3
733,4,12,5000,5000,1,3
734,1,3,27000,27000,1,3
734,2,1,270000,270000,1,3
734,6,1,130000,130000,1,3
735,1,1,48000,48000,1,3
735,1,3,48000,48000,1,3
735,2,1,60000,60000,1,3
735,3,3,29000,29000,1,3
735,4,1,110000,110000,1,3
736,1,19,200000,66666.6666666667,1,7
736,5,3,30000,30000,1,3
737,1,1,80000,80000,1,3
737,3,12,5000,5000,1,3
737,5,3,49000,49000,1,3
737,6,3,48000,48000,1,3
738,1,5,27000,27000,1,3
738,1,18,30000,30000,1,3
738,1,25,60000,60000,1,3
739,1,2,80000,80000,1,3
739,1,3,18000,18000,1,3
739,1,5,29000,29000,1,3
740,1,3,36000,36000,1,3
740,2,3,35000,35000,1,3
740,2,5,34000,34000,1,3
740,3,21,50000,16666.6666666667,1,7
741,1,3,44000,44000,1,3
741,1,22,40000,13333.3333333333,1,7
741,3,1,70000,70000,1,3
742,1,1,249000,249000,1,3
742,1,3,47000,47000,1,3
743,1,19,200,31892.6666666667,3,7
743,2,3,25000,25000,1,3
744,1,22,150000,50000,1,7
744,5,3,36500,36500,1,3
745,1,3,40000,40000,1,3
745,2,22,70000,70000,1,3
746,1,3,48000,48000,1,3
746,1,5,30000,30000,1,3
746,2,12,5000,5000,1,3
747,1,3,49000,49000,1,3
748,1,3,44000,44000,1,3
749,1,3,40000,40000,1,3
749,2,1,44000,44000,1,3
749,2,3,35000,35000,1,3
750,1,3,46000,46000,1,3
750,2,3,35000,35000,1,3
750,4,1,80000,80000,1,3
751,1,3,44000,44000,1,3
752,1,1,120000,120000,1,3
753,1,3,35000,35000,1,3
753,2,1,80000,80000,1,3
753,3,1,150000,150000,1,3
754,1,3,35000,35000,1,3
754,2,3,32000,32000,1,3
754,3,2,50000,50000,1,3
754,4,2,45000,45000,1,3
754,5,1,70000,70000,1,3
754,6,12,6000,6000,1,3
755,1,1,50000,50000,1,3
755,3,2,50000,50000,1,3
756,1,3,38000,38000,1,3
756,2,3,28000,28000,1,3
757,1,22,15000,37300,2,7
758,1,1,60000,60000,1,3
758,2,13,10000,10000,1,3
759,2,13,15000,15000,1,3
759,3,1,80000,80000,1,3
760,1,22,80000,80000,1,3
760,2,13,5000,5000,1,3
761,1,3,30000,30000,1,3
761,1,13,25000,25000,1,3
761,2,3,32000,32000,1,3
761,3,2,80000,80000,1,3
762,1,22,50000,50000,1,3
762,2,5,28000,28000,1,3
763,1,22,10000,74600,2,3
763,2,13,15000,15000,1,3
764,1,1,80000,80000,1,3
764,2,2,40000,40000,1,3
765,1,1,65000,65000,1,3
765,2,1,57000,57000,1,3
766,1,1,85000,85000,1,3
766,2,1,76000,76000,1,3
767,2,19,300,143517,3,3
767,5,1,75000,75000,1,3
768,1,22,200,95678,3,3
768,2,1,62000,62000,1,3
769,1,1,85000,85000,1,3
770,2,18,100000,100000,1,3
770,3,3,18000,18000,1,3
771,1,2,80000,80000,1,3
771,1,19,200,95678,3,3
771,2,2,110000,110000,1,3
772,1,3,45000,45000,1,3
772,2,3,32000,32000,1,3
772,2,17,100000,100000,1,3
773,1,1,45000,45000,1,3
773,1,3,34000,34000,1,3
774,1,1,55000,55000,1,3
774,1,19,100,47839,3,3
774,3,1,45000,45000,1,3
775,1,3,70000,70000,1,3
776,2,5,28000,28000,1,3
777,1,3,24000,24000,1,3
777,2,5,35000,35000,1,3
778,2,5,42000,42000,1,3
779,1,3,27000,27000,1,3
780,2,5,28000,28000,1,3
781,2,5,28000,28000,1,3
781,5,3,24000,24000,1,3
782,2,5,28000,28000,1,3
783,1,3,25000,25000,1,3
783,2,5,28000,28000,1,3
783,3,3,19000,19000,1,3
784,1,1,70000,70000,1,3
784,1,3,39500,39500,1,3
784,3,1,252000,252000,1,3
785,1,1,155000,155000,1,3
785,3,1,160000,160000,1,3
785,7,1,166000,166000,1,3
786,1,1,100000,100000,1,3
786,2,1,60000,60000,1,3
787,1,3,28000,28000,1,3
787,2,2,60000,60000,1,3
788,1,2,90000,90000,1,3
789,1,1,80000,80000,1,3
789,2,1,60000,60000,1,3
789,3,1,135000,135000,1,3
790,1,1,95000,95000,1,3
791,1,3,45600,45600,1,3
791,1,18,20000,20000,1,3
792,1,3,43800,43800,1,3
792,2,1,120000,120000,1,3
793,1,1,60000,60000,1,3
794,1,1,220000,220000,1,3
794,2,1,210000,210000,1,3
794,3,13,130000,130000,1,3
795,1,3,44000,44000,1,3
795,2,13,140000,140000,1,3
795,3,1,215000,215000,1,3
796,1,3,51000,51000,1,3
796,2,13,100000,100000,1,3
796,3,1,210000,210000,1,3
797,1,1,300000,300000,1,3
797,1,13,130000,130000,1,3
797,3,1,280000,280000,1,3
798,1,3,36000,36000,1,3
798,2,13,130000,130000,1,3
799,1,3,52000,52000,1,3
799,2,3,38000,38000,1,3
799,3,1,270000,270000,1,3
799,3,13,120000,120000,1,3
800,1,27,30000,30000,1,3
800,2,13,85000,85000,1,3
800,2,19,300,143517,3,3
801,1,1,220000,220000,1,3
801,2,13,90000,90000,1,3
801,3,1,270000,270000,1,3
802,1,1,60000,60000,1,3
802,1,3,55000,55000,1,3
802,3,1,100000,100000,1,3
803,1,1,250000,250000,1,3
804,1,3,41000,41000,1,3
804,2,1,80000,80000,1,3
804,2,3,52000,52000,1,3
805,1,1,200000,200000,1,3
805,2,1,45000,45000,1,3
805,3,1,100000,100000,1,3
806,1,1,120000,120000,1,3
806,2,1,45000,45000,1,3
807,1,1,150000,150000,1,3
808,2,19,300,143517,3,3
809,1,3,40000,40000,1,3
809,2,1,50000,50000,1,3
810,1,3,50000,50000,1,3
810,2,3,43000,43000,1,3
810,3,3,19000,19000,1,3
811,1,3,26000,26000,1,3
811,1,19,200,95678,3,3
812,1,3,40000,40000,1,3
812,2,5,30000,30000,1,3
812,3,3,14000,14000,1,3
812,4,3,14000,14000,1,3
813,1,3,28000,28000,1,3
813,2,3,28000,28000,1,3
813,3,2,50000,50000,1,3
814,1,1,60000,60000,1,3
815,1,1,45000,45000,1,3
815,1,3,28000,28000,1,3
815,2,1,60000,60000,1,3
815,3,2,50000,50000,1,3
816,1,1,80000,80000,1,3
817,3,3,46000,46000,1,3
817,4,3,15000,15000,1,3
818,1,3,48000,48000,1,3
818,2,1,100000,100000,1,3
818,3,1,90000,90000,1,3
819,1,3,34000,34000,1,3
819,2,1,60000,60000,1,3
819,3,1,120000,120000,1,3
819,4,5,22000,22000,1,3
820,2,19,200000,66666.6666666667,1,7
821,1,1,70000,70000,1,3
821,1,5,29000,29000,1,3
821,1,21,20000,20000,1,3
822,1,1,140000,140000,1,3
822,2,3,27000,27000,1,3
823,1,1,55000,55000,1,3
823,1,3,48000,48000,1,3
824,1,1,70000,70000,1,3
824,1,21,18000,18000,1,3
825,1,1,120000,120000,1,3
826,1,22,150000,50000,1,7
827,2,1,90000,90000,1,3
827,3,3,40000,40000,1,3
828,1,3,41000,41000,1,3
829,1,3,40000,40000,1,3
829,1,13,45000,15000,1,7
829,2,13,22500,7500,1,7
830,1,3,18000,18000,1,3
830,2,5,28000,28000,1,3
830,2,19,20000,49733.3333333333,2,7
830,6,1,60000,60000,1,3
831,2,1,170000,170000,1,3
831,2,19,200000,200000,1,3
832,1,3,48000,48000,1,3
832,2,1,100000,100000,1,3
833,1,3,40000,40000,1,3
833,2,1,57000,57000,1,3
833,3,1,37000,37000,1,3
834,1,1,53000,53000,1,3
834,2,3,26000,26000,1,3
834,3,1,65000,65000,1,3
835,2,1,62000,62000,1,3
835,5,2,49000,16333.3333333333,1,7
836,1,1,20000,20000,1,3
836,1,5,30000,30000,1,3
836,2,3,24000,24000,1,3
836,3,3,24000,24000,1,3
837,1,1,50000,50000,1,3
837,2,1,52000,52000,1,3
837,2,3,32000,32000,1,3
838,1,1,78000,78000,1,3
838,2,1,65000,65000,1,3
839,4,22,50000,50000,1,3
840,1,22,90000,90000,1,3
840,5,12,5000,5000,1,3
841,1,13,90000,90000,1,3
842,1,3,49000,49000,1,3
842,2,3,34000,34000,1,3
843,2,5,35000,35000,1,3
844,1,3,48000,48000,1,3
844,2,3,30000,30000,1,3
845,1,3,50000,50000,1,3
845,1,5,17000,17000,1,3
845,2,3,37000,37000,1,3
846,1,3,43000,43000,1,3
846,2,1,42000,42000,1,3
846,2,3,43000,43000,1,3
846,4,1,45000,45000,1,3
847,2,1,25000,25000,1,3
847,2,13,7000,2333.33333333333,1,7
848,1,3,39400,39400,1,3
848,3,13,20000,6666.66666666667,1,7
849,1,1,45000,45000,1,3
849,2,1,63000,63000,1,3
850,1,1,47000,47000,1,3
850,1,3,50000,50000,1,3
851,1,1,30000,30000,1,3
851,1,3,36000,36000,1,3
851,1,5,35000,35000,1,3
852,1,22,100000,33333.3333333333,1,7
853,5,3,42000,42000,1,3
854,2,3,29000,29000,1,3
854,5,3,62000,62000,1,3
855,2,1,73000,73000,1,3
856,1,2,60000,60000,1,3
856,3,1,70000,70000,1,3
856,4,1,45000,45000,1,3
857,2,5,23000,23000,1,3
857,2,19,3000,22380,2,3
858,1,2,60000,60000,1,3
859,1,2,30000,10000,1,7
859,1,21,70000,70000,1,3
860,1,3,70000,70000,1,3
860,2,1,270000,270000,1,3
860,3,1,300000,300000,1,3
860,4,1,400000,400000,1,3
860,5,1,270000,270000,1,3
861,1,3,27000,27000,1,3
861,2,1,45000,45000,1,3
861,2,5,28000,28000,1,3
862,2,1,50000,50000,1,3
863,1,3,33000,33000,1,3
863,2,1,20000,20000,1,3
863,3,5,28000,28000,1,3
864,1,1,80000,80000,1,3
864,1,3,49000,49000,1,3
864,2,2,45000,45000,1,3
864,3,1,120000,120000,1,3
864,4,1,28000,28000,1,3
865,2,1,210000,210000,1,3
865,2,19,20000,159000,2,3
865,4,1,320000,320000,1,3
866,1,1,400000,400000,1,3
866,2,1,215000,215000,1,3
867,1,1,230000,230000,1,3
868,1,1,350000,350000,1,3
869,1,1,100000,100000,1,3
869,2,1,110000,110000,1,3
869,3,1,100000,100000,1,3
870,1,1,120000,120000,1,3
870,1,19,100,51726,4,3
871,1,1,65000,65000,1,3
871,2,1,30000,30000,1,3
872,1,1,90000,90000,1,3
872,2,1,80000,80000,1,3
873,1,1,200000,200000,1,3
874,1,1,60000,60000,1,3
874,1,3,54000,54000,1,3
874,1,17,80000,80000,1,3
874,3,1,200000,200000,1,3
874,6,1,82000,82000,1,3
874,7,1,100000,100000,1,3
875,1,3,33000,33000,1,3
875,1,19,150,25863,4,7
876,1,1,75000,75000,1,3
877,1,1,200000,200000,1,3
877,2,1,80000,80000,1,3
878,1,1,70000,70000,1,3
878,1,3,39000,39000,1,3
878,2,3,27000,27000,1,3
879,1,3,33000,33000,1,3
879,2,2,100000,100000,1,3
879,4,3,20000,20000,1,3
880,1,15,220000,36666.6666666667,1,5
880,1,19,100,51726,4,3
881,1,1,80000,80000,1,3
881,3,1,90000,90000,1,3
881,4,3,45000,45000,1,3
882,1,1,50000,50000,1,3
882,1,3,47000,47000,1,3
882,1,18,20000,20000,1,3
883,1,1,150000,150000,1,3
883,5,1,120000,120000,1,3
884,1,19,70000,17500,1,6
885,1,1,50000,50000,1,3
885,1,3,55000,55000,1,3
885,2,3,50000,50000,1,3
885,3,1,150000,150000,1,3
886,1,3,45000,45000,1,3
887,1,3,34000,34000,1,3
887,2,1,150000,150000,1,3
888,3,1,100000,100000,1,3
888,3,2,50000,50000,1,3
889,1,1,60000,60000,1,3
889,1,3,90000,90000,1,3
889,4,1,90000,90000,1,3
890,2,1,80000,80000,1,3
890,3,1,100000,100000,1,3
891,2,1,150000,150000,1,3
892,1,1,250000,250000,1,3
892,2,1,350000,350000,1,3
892,3,1,300000,300000,1,3
893,1,3,41400,41400,1,3
893,1,19,100,51726,4,3
894,2,19,7500,59625,2,3
895,1,1,70000,70000,1,3
895,1,3,42000,42000,1,3
895,2,1,70000,70000,1,3
896,1,3,41400,41400,1,3
896,1,18,40000,40000,1,3
897,3,18,100000,100000,1,3
898,1,21,30000,30000,1,3
898,2,1,120000,120000,1,3
899,2,1,70000,70000,1,3
899,2,19,200,95530,3,3
899,3,1,120000,120000,1,3
900,1,3,32000,32000,1,3
900,1,18,100000,25000,1,6
901,1,3,35000,35000,1,3
901,2,1,80000,80000,1,3
901,3,1,50000,50000,1,3
901,4,3,40000,40000,1,3
902,1,3,38000,38000,1,3
902,2,1,100000,100000,1,3
902,3,1,80000,80000,1,3
902,6,12,5000,5000,1,3
903,1,1,100000,100000,1,3
903,2,1,60000,60000,1,3
904,1,3,35000,35000,1,3
904,2,1,80000,80000,1,3
904,3,1,170000,170000,1,3
905,1,2,150000,150000,1,3
906,1,3,31000,31000,1,3
906,2,1,160000,160000,1,3
906,3,1,80000,80000,1,3
906,5,12,4500,4500,1,3
907,1,3,38000,38000,1,3
907,2,1,75000,75000,1,3
907,2,5,28000,28000,1,3
908,1,1,180000,180000,1,3
909,1,19,3000,23850,2,3
910,1,21,60000,20000,1,7
910,2,5,28000,28000,1,3
911,1,1,69000,69000,1,3
911,1,3,58000,58000,1,3
912,1,3,34000,34000,1,3
912,2,3,33000,33000,1,3
913,1,3,30000,30000,1,3
913,2,1,50000,50000,1,3
914,1,1,60000,60000,1,3
914,1,3,40000,40000,1,3
914,2,3,35000,35000,1,3
915,1,3,33000,33000,1,3
915,2,3,15000,15000,1,3
916,1,1,200000,200000,1,3
917,1,19,200,95530,3,3
917,2,1,70000,70000,1,3
917,3,1,80000,80000,1,3
918,1,3,70000,70000,1,3
918,2,1,35000,35000,1,3
919,1,3,40000,40000,1,3
919,2,2,200000,200000,1,3
919,5,2,200000,200000,1,3
920,1,1,40000,40000,1,3
920,2,1,35000,35000,1,3
920,2,3,36000,36000,1,3
920,3,1,50000,50000,1,3
920,5,3,21000,21000,1,3
921,1,3,35000,35000,1,3
921,2,3,30000,30000,1,3
922,1,1,180000,180000,1,3
922,3,1,180000,180000,1,3
923,1,3,26000,26000,1,3
923,2,2,40000,40000,1,3
924,1,3,42000,42000,1,3
924,2,1,200000,200000,1,3
924,3,1,50000,50000,1,3
924,4,1,110000,110000,1,3
925,3,2,150000,150000,1,3
925,6,1,100000,100000,1,3
925,7,1,50000,50000,1,3
926,1,1,250000,250000,1,3
926,2,18,100000,100000,1,3
927,1,1,60000,60000,1,3
927,2,1,60000,60000,1,3
927,2,19,100,47765,3,3
928,1,3,39200,39200,1,3
928,1,5,16000,16000,1,3
928,2,3,19000,19000,1,3
929,1,1,300000,300000,1,3
929,2,1,240000,240000,1,3
929,3,1,280000,280000,1,3
930,2,1,50000,50000,1,3
930,3,1,200000,200000,1,3
931,1,2,50000,50000,1,3
931,1,3,31500,31500,1,3
931,2,5,23000,23000,1,3
932,1,1,130000,130000,1,3
932,2,1,90000,90000,1,3
932,3,1,85000,85000,1,3
933,2,2,200000,200000,1,3
934,1,2,150000,150000,1,3
934,3,2,150000,150000,1,3
935,1,1,150000,150000,1,3
936,1,1,70000,70000,1,3
936,2,1,120000,120000,1,3
936,3,1,150000,150000,1,3
936,4,8,18000,18000,1,3
937,2,19,300,11941.25,3,4
938,1,1,200000,200000,1,3
939,2,1,80000,80000,1,3
939,3,1,150000,150000,1,3
939,4,1,80000,80000,1,3
940,1,3,49500,49500,1,3
940,4,2,150000,150000,1,3
941,1,19,20000,159000,2,3
942,1,3,70000,70000,1,3
942,1,5,28000,28000,1,3
942,1,21,600000,50000,1,4
942,2,2,100000,100000,1,3
943,1,3,47000,47000,1,3
943,1,19,100,47765,3,3
943,2,3,47000,47000,1,3
944,1,1,230000,230000,1,3
944,1,18,30000,30000,1,3
944,1,19,5000,39750,2,3
945,1,3,45000,45000,1,3
945,1,22,50000,16666.6666666667,1,7
946,1,1,100000,100000,1,3
946,2,8,18000,18000,1,3
946,4,3,33000,33000,1,3
946,4,21,20000,20000,1,3
947,1,3,35000,35000,1,3
947,2,5,45000,45000,1,3
947,2,21,40000,40000,1,3
948,1,1,60000,60000,1,3
948,3,1,60000,60000,1,3
948,3,5,32000,32000,1,3
949,1,18,60000,60000,1,3
949,1,19,50,5970.625,3,6
950,1,1,70000,70000,1,3
950,2,1,80000,80000,1,3
950,5,1,80000,80000,1,3
951,1,1,80000,80000,1,3
951,2,1,65000,65000,1,3
951,3,1,30000,30000,1,3
951,7,1,80000,80000,1,3
952,1,18,10000,3333.33333333333,1,7
952,3,21,60000,15000,1,6
952,6,3,51600,51600,1,3
953,1,3,28000,28000,1,3
953,1,22,60000,60000,1,3
953,2,13,30000,30000,1,3
954,1,3,16000,16000,1,3
954,1,13,90000,90000,1,3
954,1,21,30000,10000,1,7
955,1,3,70000,70000,1,3
955,1,22,150000,150000,1,3
956,1,18,40000,40000,1,3
956,1,22,40000,40000,1,3
957,1,3,39500,39500,1,3
957,1,5,17000,17000,1,3
957,1,18,20000,6666.66666666667,1,7
958,2,1,80000,80000,1,3
958,2,22,250000,83333.3333333333,1,7
958,6,1,80000,80000,1,3
958,7,3,41000,41000,1,3
959,1,3,43000,43000,1,3
959,2,27,37000,37000,1,3
959,3,1,130000,130000,1,3
960,1,3,40000,40000,1,3
960,3,1,80000,80000,1,3
961,1,3,45000,45000,1,3
961,2,3,23000,23000,1,3
962,2,1,150000,150000,1,3
963,2,3,39100,39100,1,3
963,3,1,85000,85000,1,3
964,1,3,36000,36000,1,3
964,1,19,80000,26666.6666666667,1,7
965,1,3,75000,75000,1,3
965,2,1,22000,22000,1,3
966,1,3,99000,99000,1,3
966,1,19,75000,75000,1,3
966,2,3,35000,35000,1,3
967,1,3,45900,45900,1,3
967,2,1,100000,100000,1,3
968,1,19,120000,120000,1,3
968,4,1,80000,80000,1,3
969,1,3,32000,32000,1,3
969,2,22,120000,40000,1,7
970,1,3,65000,65000,1,3
970,1,5,17000,17000,1,3
970,1,18,200000,200000,1,3
971,1,3,67000,67000,1,3
971,1,5,17000,17000,1,3
972,1,1,250000,250000,1,3
972,1,3,44000,44000,1,3
973,3,1,200000,200000,1,3
973,7,3,73000,73000,1,3
974,1,1,100000,100000,1,3
974,1,3,53000,53000,1,3
974,2,1,80000,80000,1,3
974,2,3,51000,51000,1,3
975,1,3,39900,39900,1,3
975,2,1,140000,140000,1,3
975,3,1,68000,68000,1,3
976,1,1,160000,160000,1,3
976,1,3,48000,48000,1,3
976,2,3,45000,45000,1,3
976,3,1,100000,100000,1,3
977,1,1,280000,280000,1,3
977,1,19,3000,23850,2,3
978,1,1,220000,220000,1,3
978,1,3,62000,62000,1,3
979,1,3,19000,19000,1,3
979,1,5,17000,17000,1,3
979,1,19,4000,31800,2,3
980,1,1,200000,200000,1,3
981,2,1,180000,180000,1,3
981,5,3,52900,52900,1,3
982,1,1,260000,260000,1,3
982,1,5,27000,27000,1,3
982,2,22,70000,17500,1,6
983,1,1,270000,270000,1,3
984,1,3,42000,42000,1,3
984,1,19,300,143295,3,3
984,2,3,40000,40000,1,3
985,1,3,43000,43000,1,3
985,2,3,40000,40000,1,3
985,4,1,90000,90000,1,3
985,4,13,12000,12000,1,3
985,4,19,300,143295,3,3
985,5,13,230000,38333.3333333333,1,5
986,1,3,41000,41000,1,3
986,1,13,67000,67000,1,3
986,2,1,380000,380000,1,3
986,2,5,33000,33000,1,3
986,3,13,80000,80000,1,3
987,1,13,75000,75000,1,3
987,1,19,400,191060,3,3
988,1,3,45000,45000,1,3
988,1,19,250,119412.5,3,3
989,1,1,390000,390000,1,3
989,3,1,330000,330000,1,3
990,1,3,42000,42000,1,3
990,3,1,240000,240000,1,3
990,3,19,580,277037,3,3
991,1,3,43600,43600,1,3
991,2,3,37500,37500,1,3
992,2,1,80000,80000,1,3
992,2,19,10000,79500,2,3
993,1,3,43000,43000,1,3
993,1,16,7000,55650,2,3
994,1,1,140000,140000,1,3
994,2,1,120000,120000,1,3
995,1,3,40400,40400,1,3
995,1,5,18000,18000,1,3
995,2,3,37000,37000,1,3
996,1,3,39400,39400,1,3
996,1,19,4000,31800,2,3
997,1,1,100000,100000,1,3
998,1,1,200000,66666.6666666667,1,7
998,2,1,45000,45000,1,3
999,1,3,44500,44500,1,3
999,2,1,110000,110000,1,3
999,3,1,50000,50000,1,3
1000,1,3,43200,43200,1,3
1000,1,5,18000,18000,1,3
1001,1,3,42600,42600,1,3
1001,1,19,360,57318,3,7
1002,1,1,160000,160000,1,3
1002,2,1,55000,55000,1,3
1003,1,1,130000,130000,1,3
1004,1,13,148000,148000,1,3
1005,1,13,98000,98000,1,3
1006,1,3,43500,43500,1,3
1006,2,13,105000,105000,1,3
1007,1,3,44200,44200,1,3
1007,2,3,37800,37800,1,3
1008,1,3,44000,44000,1,3
1008,2,3,38900,38900,1,3
1009,1,13,6000,6000,1,3
1009,2,22,85000,28333.3333333333,1,7
1010,2,22,180000,60000,1,7
1010,9,3,37000,37000,1,3
1011,1,2,50000,50000,1,3
1011,2,13,16800,16800,1,3
1012,1,2,60000,60000,1,3
1012,3,1,150000,150000,1,3
1012,4,1,150000,150000,1,3
1013,1,3,46000,46000,1,3
1013,2,3,43000,43000,1,3
1014,1,2,100000,100000,1,3
1014,1,5,28000,28000,1,3
1015,1,3,36000,36000,1,3
1016,2,3,16000,16000,1,3
1016,2,19,45000,357750,2,3
1017,1,3,26000,26000,1,3
1017,2,22,95000,31666.6666666667,1,7
1018,1,3,41000,41000,1,3
1018,2,1,90000,90000,1,3
1018,2,3,39000,39000,1,3
1018,3,1,80000,80000,1,3
1019,1,1,80000,80000,1,3
1020,1,3,39000,39000,1,3
1020,2,3,44000,44000,1,3
1020,3,2,140000,140000,1,3
1021,1,2,180000,180000,1,3
1022,2,2,200000,200000,1,3
1023,1,2,150000,150000,1,3
1024,1,3,70000,70000,1,3
1024,2,3,36000,36000,1,3
1024,3,1,200000,200000,1,3
1024,4,1,90000,90000,1,3
1024,5,1,65000,65000,1,3
1025,1,3,38000,38000,1,3
1025,1,19,100,51726,4,3
1026,1,3,49000,49000,1,3
1027,1,3,48000,48000,1,3
1027,2,18,20000,20000,1,3
1028,1,3,39000,39000,1,3
1028,2,21,20000,20000,1,3
1028,3,3,16000,16000,1,3
1028,4,3,16000,16000,1,3
1029,1,3,42000,42000,1,3
1029,1,18,10000,10000,1,3
1030,1,1,170000,170000,1,3
1030,2,3,17000,17000,1,3
1031,1,3,36000,36000,1,3
1032,3,1,130000,130000,1,3
1033,1,1,75000,75000,1,3
1033,2,5,35000,35000,1,3
1034,1,3,37200,37200,1,3
1034,2,1,80000,26666.6666666667,1,7
1034,3,3,19000,19000,1,3
1034,3,5,23000,23000,1,3
1035,1,1,80000,80000,1,3
1035,1,19,3000,23850,2,3
1036,1,2,70000,23333.3333333333,1,7
1036,1,2,70000,23333.3333333333,1,7
1036,2,5,22000,22000,1,3
1036,3,3,14000,14000,1,3
1037,1,3,45700,45700,1,3
1037,2,3,37400,37400,1,3
1038,2,1,85000,85000,1,3
1039,1,3,42400,42400,1,3
1040,1,1,85000,85000,1,3
1040,1,3,47500,47500,1,3
1040,2,1,60000,60000,1,3
1041,1,22,120000,120000,1,3
1042,1,3,49500,49500,1,3
1042,3,1,85000,85000,1,3
1043,1,1,115000,115000,1,3
1043,2,3,32500,32500,1,3
1044,1,1,82000,82000,1,3
1044,1,3,36000,36000,1,3
1044,2,1,55000,55000,1,3
1045,1,1,107000,107000,1,3
1045,2,1,50000,50000,1,3
1046,1,3,38000,38000,1,3
1046,1,19,100000,33333.3333333333,1,7
1046,4,2,120000,120000,1,3
1047,1,21,60000,20000,1,7
1047,2,1,45000,45000,1,3
1048,2,3,16000,16000,1,3
1048,3,1,250000,250000,1,3
1049,1,3,22000,22000,1,3
1049,1,19,100000,100000,1,3
1050,1,2,150000,150000,1,3
1050,1,21,200000,66666.6666666667,1,7
1051,1,2,80000,80000,1,3
1051,3,1,200000,200000,1,3
1052,1,2,100000,100000,1,3
1052,3,2,100000,100000,1,3
1053,1,3,43000,43000,1,3
1053,1,19,100000,33333.3333333333,1,7
1054,1,1,98000,98000,1,3
1054,2,1,70000,70000,1,3
1054,3,1,100000,100000,1,3
1055,1,3,31000,31000,1,3
1056,1,3,19600,19600,1,3
1056,1,5,17000,17000,1,3
1056,1,18,10000,10000,1,3
1057,1,13,40000,40000,1,3
1057,2,19,150,71647.5,3,3
1057,3,21,80000,26666.6666666667,1,7
1058,1,3,30500,30500,1,3
1058,1,18,12000,12000,1,3
1059,1,2,100000,33333.3333333333,1,7
1060,1,3,33000,33000,1,3
1061,2,21,100000,33333.3333333333,1,7
1062,1,3,37000,37000,1,3
1062,2,3,32000,32000,1,3
1062,3,2,150000,150000,1,3
1063,1,2,150000,150000,1,3
1064,2,19,150000,150000,1,3
1065,1,2,80000,80000,1,3
1065,2,1,60000,60000,1,3
1066,1,1,220000,220000,1,3
1067,1,1,37000,37000,1,3
1068,3,1,80000,80000,1,3
1069,1,1,70000,70000,1,3
1069,1,3,32000,32000,1,3
1070,1,1,5000,150000,1,1
1070,2,1,50000,50000,1,3
1070,3,1,82000,82000,1,3
1071,1,1,5000,150000,1,1
1071,6,27,30000,30000,1,3
1072,1,19,1000,2650,2,7
1072,2,2,200000,200000,1,3
1073,1,19,25000,198750,2,3
1074,1,1,130000,130000,1,3
1074,1,3,64000,64000,1,3
1074,2,3,55000,55000,1,3
1074,3,1,200000,200000,1,3
1075,1,1,100000,100000,1,3
1076,1,3,22000,22000,1,3
1076,3,2,80000,80000,1,3
1077,1,3,75000,75000,1,3
1077,2,1,45000,45000,1,3
1078,2,19,15000,119250,2,3
1079,1,26,80000,80000,1,3
1080,1,1,95000,95000,1,3
1080,2,1,45000,45000,1,3
1081,1,3,40000,40000,1,3
1081,1,22,100000,100000,1,3
1082,1,5,21000,21000,1,3
1082,1,22,50000,50000,1,3
1082,2,3,19200,19200,1,3
1083,1,22,110000,110000,1,3
1084,1,3,37000,37000,1,3
1084,2,1,160000,160000,1,3
1084,2,22,100000,100000,1,3
1085,1,22,120000,120000,1,3
1086,1,3,35000,35000,1,3
1086,2,3,40000,40000,1,3
1086,3,22,100000,100000,1,3
1087,1,22,200000,200000,1,3
1088,1,22,150000,150000,1,3
1089,1,3,40000,40000,1,3
1089,2,3,30000,30000,1,3
1089,3,5,28000,28000,1,3
1090,1,1,105000,105000,1,3
1090,2,1,85000,85000,1,3
1091,1,22,500,238825,3,3
1092,1,22,200,95530,3,3
1092,5,3,32000,32000,1,3
1093,1,3,47000,47000,1,3
1093,2,3,35500,35500,1,3
1093,3,1,85000,85000,1,3
1094,2,1,90000,90000,1,3
1095,1,22,100000,100000,1,3
1095,2,1,180000,180000,1,3
1096,1,3,124000,124000,1,3
1097,1,1,160000,160000,1,3
1097,2,1,120000,120000,1,3
1098,1,3,37500,37500,1,3
1098,2,2,100000,100000,1,3
1098,3,1,85000,85000,1,3
1099,1,22,100000,33333.3333333333,1,7
1100,1,21,100000,33333.3333333333,1,7
1100,1,22,100000,33333.3333333333,1,7
1101,1,22,160000,53333.3333333333,1,7
1102,1,3,25000,25000,1,3
1102,3,22,170000,170000,1,3
1103,1,1,90000,90000,1,3
1103,3,1,130000,130000,1,3
1103,4,1,56000,56000,1,3
1104,1,3,26000,26000,1,3
1104,1,22,100000,33333.3333333333,1,7
1104,3,5,24000,24000,1,3
1105,2,3,18000,18000,1,3
1105,2,22,90000,90000,1,3
1106,1,22,100000,33333.3333333333,1,7
1107,1,3,30000,30000,1,3
1107,2,3,20000,20000,1,3
1107,3,22,100000,100000,1,3
1108,1,3,41000,41000,1,3
1108,2,3,59000,59000,1,3
1109,1,3,41000,41000,1,3
1109,2,1,180000,180000,1,3
1110,1,1,60000,60000,1,3
1111,1,3,37000,37000,1,3
1111,1,19,100,51726,4,3
1112,1,5,22500,22500,1,3
1112,1,19,10000,79500,2,3
1113,1,3,41000,41000,1,3
1113,1,5,17000,17000,1,3
1114,1,5,22500,22500,1,3
1114,2,1,45000,45000,1,3
1115,1,1,85000,85000,1,3
1115,3,1,125000,125000,1,3
1115,5,12,4500,4500,1,3
1116,1,3,19000,19000,1,3
1116,1,5,21000,21000,1,3
1117,2,3,27000,27000,1,3
1117,2,13,5000,5000,1,3
1117,3,1,150000,150000,1,3
1117,4,5,27000,27000,1,3
1118,1,3,30000,30000,1,3
1118,1,18,25000,25000,1,3
1118,2,3,35000,35000,1,3
1119,1,21,90000,30000,1,7
1119,2,18,30000,2500,1,4
1120,1,21,100000,100000,1,3
1120,2,13,60000,60000,1,3
1121,1,2,60000,20000,1,7
1121,1,5,25000,25000,1,3
1121,2,2,25000,25000,1,3
1121,2,5,48500,48500,1,3
1121,2,21,80000,80000,1,3
1122,1,21,90000,90000,1,3
1122,3,5,33000,33000,1,3
1122,7,3,19000,19000,1,3
1123,1,3,39000,39000,1,3
1124,1,3,38000,38000,1,3
1124,2,3,38000,38000,1,3
1124,2,13,10000,10000,1,3
1124,4,5,22000,22000,1,3
1125,1,1,120000,120000,1,3
1125,2,13,15000,15000,1,3
1125,4,5,21000,21000,1,3
1126,1,18,10000,10000,1,3
1126,2,21,40000,13333.3333333333,1,7
1127,2,1,68000,68000,1,3
1127,3,1,110000,110000,1,3
1127,4,8,18000,18000,1,3
1128,1,18,20000,20000,1,3
1129,1,3,49000,49000,1,3
1130,1,3,40500,40500,1,3
1130,2,3,33000,33000,1,3
1130,5,3,21000,21000,1,3
1131,1,1,65000,65000,1,3
1132,1,19,200,31843.3333333333,3,7
1133,1,1,65000,65000,1,3
1134,1,28,300,143295,3,3
1135,1,3,37000,37000,1,3
1135,2,5,28000,28000,1,3
1136,1,3,37000,37000,1,3
1136,3,1,130000,130000,1,3
1136,3,19,500,238825,3,3
1137,1,3,35000,35000,1,3
1137,2,1,80000,80000,1,3
1137,3,1,140000,140000,1,3
1137,4,1,45000,45000,1,3
1138,1,1,125000,125000,1,3
1138,2,3,18000,18000,1,3
1139,1,3,43000,43000,1,3
1139,1,19,100,47765,3,3
1140,1,3,41700,41700,1,3
1140,2,3,22000,22000,1,3
1141,1,5,33500,33500,1,3
1141,1,21,25000,25000,1,3
1142,1,3,38000,38000,1,3
1143,1,3,42000,42000,1,3
1143,2,1,120000,120000,1,3
1144,1,21,100000,8333.33333333333,1,4
1145,1,22,100,47765,3,3
1145,2,5,29000,29000,1,3
1146,1,3,27500,27500,1,3
1146,2,22,200,31843.3333333333,3,7
1147,1,3,38000,38000,1,3
1147,2,3,34000,34000,1,3
1147,3,5,45000,45000,1,3
1148,1,22,300,143295,3,3
1149,2,3,28000,28000,1,3
1149,2,5,22000,22000,1,3
1150,1,3,29000,29000,1,3
1150,2,5,29000,29000,1,3
1151,1,3,40000,40000,1,3
1151,2,3,27000,27000,1,3
1151,3,5,29000,29000,1,3
1152,1,22,250000,83333.3333333333,1,7
1152,2,5,25000,25000,1,3
1153,1,3,33000,33000,1,3
1153,2,1,120000,120000,1,3
1154,1,22,15000,39750,2,7
1154,3,5,27000,27000,1,3
1155,1,1,100000,100000,1,3
1155,3,21,100000,33333.3333333333,1,7
1156,1,1,120000,120000,1,3
1156,2,1,100000,100000,1,3
1156,7,1,80000,80000,1,3
1157,1,1,130000,130000,1,3
1158,1,3,41000,41000,1,3
1158,2,13,300000,300000,1,3
1159,2,19,15000,119250,2,3
1159,2,19,15000,119250,2,3
1160,1,13,250000,250000,1,3
1161,3,2,200000,200000,1,3
1161,8,3,34000,34000,1,3
1162,1,1,80000,80000,1,3
1162,1,3,51000,51000,1,3
1162,3,1,100000,100000,1,3
1163,1,3,36000,36000,1,3
1163,2,3,35000,35000,1,3
1163,4,12,5000,5000,1,3
1164,1,3,30000,30000,1,3
1164,4,1,110000,110000,1,3
1165,2,3,19000,19000,1,3
1165,3,1,150000,150000,1,3
1166,2,3,27000,27000,1,3
1166,3,2,250000,250000,1,3
1166,4,1,125000,125000,1,3
1167,1,3,40000,40000,1,3
1167,2,3,45000,45000,1,3
1168,1,3,45000,45000,1,3
1168,2,2,400000,400000,1,3
1168,3,1,190000,190000,1,3
1168,4,3,15000,15000,1,3
1169,1,3,36000,36000,1,3
1169,2,2,30000,30000,1,3
1169,4,1,80000,80000,1,3
1169,5,1,70000,70000,1,3
1170,1,1,100000,100000,1,3
1171,1,5,35000,35000,1,3
1171,1,21,80000,26666.6666666667,1,7
1172,1,1,100000,100000,1,3
1172,2,1,70000,70000,1,3
1173,1,19,50000,16666.6666666667,1,7
1173,1,21,50000,16666.6666666667,1,7
1174,3,3,30900,5150,1,5
1175,1,3,32000,32000,1,3
1175,1,21,50000,16666.6666666667,1,7
1175,1,22,30000,10000,1,7
1175,2,3,28000,28000,1,3
1176,1,19,50000,50000,1,3
1176,1,21,50000,50000,1,3
1176,2,1,45000,45000,1,3
1177,1,3,25000,25000,1,3
1177,1,5,22500,22500,1,3
1177,2,3,29000,29000,1,3
1178,1,3,45000,45000,1,3
1178,1,21,30000,30000,1,3
1179,1,22,150000,50000,1,7
1179,4,3,34000,34000,1,3
1180,1,1,35000,35000,1,3
1180,1,3,35000,35000,1,3
1181,1,3,43000,43000,1,3
1182,1,3,30000,30000,1,3
1182,2,22,80000,80000,1,3
1182,3,5,27000,27000,1,3
1183,1,1,60000,60000,1,3
1183,2,5,18000,18000,1,3
1183,3,1,60000,60000,1,3
1184,1,3,32000,32000,1,3
1184,2,1,60000,60000,1,3
1184,4,5,28000,28000,1,3
1185,1,3,35000,35000,1,3
1185,2,1,60000,60000,1,3
1185,3,1,45000,45000,1,3
1186,1,27,83000,83000,1,3
1186,2,19,80000,80000,1,3
1187,1,3,40000,40000,1,3
1187,2,3,27000,27000,1,3
1187,4,1,65000,65000,1,3
1188,1,3,38000,38000,1,3
1188,1,5,17000,17000,1,3
1189,1,3,38000,38000,1,3
1189,2,3,40000,40000,1,3
1190,1,3,34000,34000,1,3
1190,2,19,10000,79500,2,3
1190,4,5,26000,26000,1,3
1191,1,1,80000,80000,1,3
1191,2,19,100,17242,4,7
1192,1,1,150000,150000,1,3
1192,1,3,60000,60000,1,3
1192,3,1,40000,40000,1,3
1193,1,1,50000,50000,1,3
1193,1,3,44000,44000,1,3
1194,1,3,35000,35000,1,3
1194,1,5,17000,17000,1,3
1195,1,3,42000,42000,1,3
1195,2,3,36000,36000,1,3
1195,2,19,5000,39750,2,3
1196,1,3,30000,30000,1,3
1196,2,1,60000,60000,1,3
1196,3,1,20000,20000,1,3
1196,4,3,22000,22000,1,3
1197,1,19,10000,79500,2,3
1198,1,3,65000,65000,1,3
1198,2,3,34000,34000,1,3
1198,2,13,30000,30000,1,3
1198,3,3,24000,24000,1,3
1199,2,13,90000,90000,1,3
1199,2,19,15000,119250,2,3
1200,2,13,95000,95000,1,3
1200,2,19,100000,100000,1,3
1200,2,19,50,23882.5,3,3
1201,1,3,32000,32000,1,3
1201,3,13,48000,48000,1,3
1201,3,19,200,95530,3,3
1202,2,13,15000,15000,1,3
1202,2,19,200,95530,3,3
1203,2,1,78000,78000,1,3
1203,2,19,60000,60000,1,3
1203,5,3,41000,41000,1,3
1203,5,13,15000,15000,1,3
1204,1,3,47000,47000,1,3
1204,1,13,25000,25000,1,3
1204,1,19,20000,159000,2,3
1204,2,3,32000,32000,1,3
1205,1,3,48000,48000,1,3
1205,3,1,72000,72000,1,3
1205,3,13,12000,12000,1,3
1205,3,18,50000,50000,1,3
1206,2,13,30000,30000,1,3
1206,2,19,150,71647.5,3,3
1206,5,3,45000,45000,1,3
1206,6,3,34000,34000,1,3
1207,1,5,28000,28000,1,3
1208,1,3,33000,33000,1,3
1209,1,18,10000,10000,1,3
1210,2,19,8000,63600,2,3
1211,2,19,10000,79500,2,3
1212,1,1,60000,60000,1,3
1212,1,3,29000,29000,1,3
1213,1,5,28000,28000,1,3
1214,1,1,65000,65000,1,3
1215,2,1,70000,70000,1,3
1216,1,1,120000,120000,1,3
1216,3,1,120000,120000,1,3
1217,1,3,49000,49000,1,3
1217,2,2,150000,150000,1,3
1217,3,1,80000,80000,1,3
1218,1,5,29000,29000,1,3
1218,1,18,60000,60000,1,3
1218,1,19,80000,80000,1,3
1219,1,3,26000,26000,1,3
1219,1,5,17000,17000,1,3
1219,1,19,40000,40000,1,3
1220,1,3,54000,54000,1,3
1220,2,3,39800,39800,1,3
1221,1,1,100000,100000,1,3
1221,2,1,60000,60000,1,3
1222,1,1,55000,55000,1,3
1222,2,1,50000,50000,1,3
1222,3,1,170000,170000,1,3
1223,1,3,29000,29000,1,3
1223,1,5,23000,23000,1,3
1223,2,8,18000,18000,1,3
1223,2,19,150,71647.5,3,3
1224,1,3,30000,30000,1,3
1224,1,19,150,71647.5,3,3
1224,2,3,20000,20000,1,3
1224,2,5,23000,23000,1,3
1225,2,2,200000,200000,1,3
1225,3,1,65000,65000,1,3
1226,1,1,96000,96000,1,3
1226,1,3,26000,26000,1,3
1226,2,1,74000,74000,1,3
1226,2,3,26000,26000,1,3
1226,3,1,85000,85000,1,3
1227,1,1,150000,150000,1,3
1227,2,1,80000,80000,1,3
1228,1,1,140000,140000,1,3
1228,1,3,43000,43000,1,3
1228,1,19,400,191060,3,3
1228,5,3,22000,22000,1,3
1229,2,19,370,176730.5,3,3
1230,1,17,200000,200000,1,3
1231,1,1,260000,260000,1,3
1231,1,3,32000,32000,1,3
1231,2,1,220000,220000,1,3
1231,3,1,330000,330000,1,3
1232,1,1,140000,140000,1,3
1232,2,1,90000,90000,1,3
1233,1,2,180000,180000,1,3
1234,1,13,30000,30000,1,3
1234,3,3,17000,17000,1,3
1234,6,1,90000,90000,1,3
1235,1,1,100000,33333.3333333333,1,7
1235,2,5,32500,32500,1,3
1236,1,1,245000,245000,1,3
1236,2,2,250000,250000,1,3
1236,2,13,85000,85000,1,3
1237,1,1,230000,230000,1,3
1238,1,1,400000,400000,1,3
1238,2,13,80000,80000,1,3
1239,1,13,40000,40000,1,3
1239,3,1,80000,80000,1,3
1240,1,1,90000,90000,1,3
1240,2,13,25000,25000,1,3
1241,1,1,220000,220000,1,3
1241,1,3,50000,50000,1,3
1241,1,13,110000,110000,1,3
1241,2,3,40000,40000,1,3
1242,1,1,140000,140000,1,3
1243,1,3,38000,38000,1,3
1243,1,19,100,47765,3,3
1244,1,1,110000,110000,1,3
1244,2,5,27000,27000,1,3
1245,1,3,26000,26000,1,3
1245,2,2,55000,55000,1,3
1246,1,5,31000,31000,1,3
1246,1,18,15000,15000,1,3
1247,1,1,30000,30000,1,3
1247,2,1,50000,50000,1,3
1248,1,2,40000,40000,1,3
1248,2,18,100,47765,3,3
1249,1,1,280000,280000,1,3
1249,2,1,310000,310000,1,3
1249,3,1,330000,330000,1,3
1250,1,1,55000,55000,1,3
1250,1,3,35000,35000,1,3
1250,2,3,35000,35000,1,3
1250,4,2,30000,30000,1,3
1251,1,1,88000,88000,1,3
1251,1,3,28000,28000,1,3
1251,2,1,50000,50000,1,3
1252,1,3,59000,59000,1,3
1252,1,21,72000,6000,1,4
1252,2,1,70000,70000,1,3
1252,2,3,53000,53000,1,3
1252,8,3,52000,52000,1,3
1253,1,3,41630,41630,1,3
1253,2,13,200000,66666.6666666667,1,7
1253,3,1,85000,85000,1,3
1254,1,3,35000,35000,1,3
1254,2,13,30000,30000,1,3
1254,3,21,290000,48333.3333333333,1,5
1255,2,13,13000,13000,1,3
1255,2,22,50000,50000,1,3
1255,3,21,30000,30000,1,3
1256,1,1,210000,210000,1,3
1256,2,13,3000000,250000,1,4
1256,3,1,195000,195000,1,3
1257,1,3,70000,70000,1,3
1257,3,3,40000,40000,1,3
1257,7,1,150000,150000,1,3
1258,1,1,101000,101000,1,3
1258,2,13,25000,25000,1,3
1259,1,3,44600,44600,1,3
1259,2,3,42300,42300,1,3
1260,1,1,153000,153000,1,3
1260,1,21,150000,50000,1,7
1261,1,1,70000,70000,1,3
1261,2,26,9000,71550,2,3
1261,3,2,70000,70000,1,3
1261,4,1,104000,104000,1,3
1261,5,8,18000,18000,1,3
1262,1,3,42000,42000,1,3
1262,2,3,34000,34000,1,3
1262,2,18,25000,8333.33333333333,1,7
1262,2,18,30000,10000,1,7
1263,1,13,35000,35000,1,3
1263,2,2,75000,75000,1,3
1263,3,13,65000,21666.6666666667,1,7
1264,1,3,42000,42000,1,3
1264,1,13,75000,75000,1,3
1264,2,3,30000,30000,1,3
1265,1,1,240000,240000,1,3
1265,2,13,90000,90000,1,3
1266,1,3,42000,42000,1,3
1266,2,3,35000,35000,1,3
1267,1,13,35000,11666.6666666667,1,7
1267,2,13,30000,10000,1,7
1267,3,2,70000,70000,1,3
1267,7,1,104000,104000,1,3
1268,1,1,70000,70000,1,3
1268,1,3,60000,60000,1,3
1268,2,19,200,31843.3333333333,3,7
1269,1,1,93000,93000,1,3
1269,3,3,45000,45000,1,3
1269,4,2,90000,30000,1,7
1270,1,19,7000,55650,2,3
1271,1,3,34000,34000,1,3
1271,2,3,36000,36000,1,3
1271,3,26,8000,63600,2,3
1271,5,3,16000,16000,1,3
1272,1,3,51000,51000,1,3
1273,1,21,50000,16666.6666666667,1,7
1274,1,3,35000,35000,1,3
1274,2,3,41000,41000,1,3
1275,1,3,44000,44000,1,3
1275,2,3,45000,45000,1,3
1276,1,3,56000,56000,1,3
1276,2,3,56000,56000,1,3
1277,1,3,55000,55000,1,3
1277,2,3,41000,41000,1,3
1278,6,3,40000,40000,1,3
1279,1,1,80000,80000,1,3
1280,1,26,85000,85000,1,3
1280,2,26,87000,87000,1,3
1280,6,1,150000,150000,1,3
1281,1,2,47000,47000,1,3
1281,1,3,36000,36000,1,3
1282,1,3,54000,54000,1,3
1282,2,1,100000,100000,1,3
1282,3,1,50000,50000,1,3
1282,4,1,60000,60000,1,3
1283,1,1,75000,75000,1,3
1284,1,3,41000,41000,1,3
1285,1,1,65000,65000,1,3
1286,2,1,50000,50000,1,3
1287,1,3,51000,51000,1,3
1287,2,3,49000,49000,1,3
1288,1,3,16000,16000,1,3
1288,1,5,28000,28000,1,3
1289,2,1,130000,130000,1,3
1289,3,2,50000,50000,1,3
1290,1,27,16000,16000,1,3
1291,1,2,50000,50000,1,3
1291,1,5,45000,45000,1,3
1292,1,3,27000,27000,1,3
1292,1,21,20000,20000,1,3
1293,1,2,70000,70000,1,3
1293,3,1,60000,60000,1,3
1294,1,2,90000,90000,1,3
1294,1,5,27000,27000,1,3
1295,1,1,200000,200000,1,3
1295,4,1,100000,100000,1,3
1295,5,8,18000,18000,1,3
1296,1,27,25000,25000,1,3
1296,3,2,50000,50000,1,3
1297,1,1,80000,80000,1,3
1298,1,1,350000,350000,1,3
1298,2,1,250000,250000,1,3
1299,1,1,150000,150000,1,3
1299,2,1,100000,100000,1,3
1300,1,3,32500,32500,1,3
1300,2,1,120000,120000,1,3
1300,3,25,30000,30000,1,3
1301,2,1,220000,220000,1,3
1301,2,19,20000,180200,2,3
1301,3,1,230000,230000,1,3
1301,4,1,230000,230000,1,3
1302,1,1,270000,270000,1,3
1302,1,19,200,94814,3,3
1303,1,1,90000,90000,1,3
1303,2,1,160000,160000,1,3
1304,1,3,32000,32000,1,3
1304,1,19,100,47407,3,3
1305,2,1,210000,210000,1,3
1305,2,19,20000,180200,2,3
1305,4,1,280000,280000,1,3
1306,1,2,200000,200000,1,3
1306,1,3,28000,28000,1,3
1306,1,19,5000,45050,2,3
1307,1,3,16000,16000,1,3
1307,1,18,12000,12000,1,3
1308,1,2,50000,50000,1,3
1308,1,16,20000,6666.66666666667,1,7
1308,2,18,15000,15000,1,3
1309,1,1,50000,50000,1,3
1309,1,3,45000,45000,1,3
1309,1,19,100,47407,3,3
1309,2,1,130000,130000,1,3
1310,1,1,69000,69000,1,3
1310,1,2,25000,25000,1,3
1311,1,1,120000,120000,1,3
1311,1,3,44000,44000,1,3
1312,1,1,60000,60000,1,3
1312,1,1,260000,260000,1,3
1312,2,2,50000,50000,1,3
1313,1,1,180000,180000,1,3
1313,2,2,80000,80000,1,3
1314,1,1,150000,150000,1,3
1314,3,1,180000,180000,1,3
1314,6,3,38000,38000,1,3
1315,1,1,100000,100000,1,3
1315,2,1,60000,60000,1,3
1316,3,1,70000,70000,1,3
1317,3,1,150000,150000,1,3
1318,1,1,200000,200000,1,3
1319,1,1,80000,80000,1,3
1319,1,3,35000,35000,1,3
1320,1,3,42000,42000,1,3
1320,2,3,26000,26000,1,3
1321,1,1,150000,150000,1,3
1321,2,1,73000,73000,1,3
1321,3,1,90000,90000,1,3
1322,1,2,150000,150000,1,3
1323,1,1,150000,50000,1,7
1323,2,1,70000,70000,1,3
1323,3,1,100000,100000,1,3
1324,1,2,90000,90000,1,3
1324,3,2,20000,20000,1,3
1325,1,1,80000,80000,1,3
1325,2,21,30000,10000,1,7
1326,1,3,30000,30000,1,3
1326,3,21,150000,150000,1,3
1327,1,1,80000,80000,1,3
1327,2,1,50000,50000,1,3
1327,3,1,80000,80000,1,3
1327,4,1,80000,80000,1,3
1328,2,1,60000,60000,1,3
1328,5,3,35000,35000,1,3
1329,1,21,70000,23333.3333333333,1,7
1329,2,1,70000,70000,1,3
1329,3,1,100000,100000,1,3
1330,1,2,60000,60000,1,3
1330,2,19,4000,36040,2,3
1331,2,1,40000,40000,1,3
1331,3,2,120000,120000,1,3
1332,1,1,330000,330000,1,3
1332,1,19,500,237035,3,3
1333,1,12,5000,5000,1,3
1333,1,18,24000,24000,1,3
1333,2,18,30000,30000,1,3
1333,3,18,30000,30000,1,3
1334,1,3,42000,42000,1,3
1334,1,19,10000,90100,2,3
1335,1,3,29000,29000,1,3
1335,2,1,430000,430000,1,3
1335,3,1,450000,450000,1,3
1336,1,3,41000,41000,1,3
1336,2,18,200000,200000,1,3
1337,1,1,160000,160000,1,3
1337,2,3,27000,27000,1,3
1337,2,11,50000,50000,1,3
1337,4,1,170000,170000,1,3
1338,1,3,40000,40000,1,3
1338,1,19,45000,11250,1,6
1339,1,3,32000,32000,1,3
1339,2,2,150000,150000,1,3
1340,1,3,47000,47000,1,3
1340,2,1,120000,120000,1,3
1340,4,1,80000,80000,1,3
1341,1,1,80000,80000,1,3
1341,1,3,49000,49000,1,3
1341,2,3,31000,31000,1,3
1341,3,1,110000,110000,1,3
1342,1,1,200000,200000,1,3
1342,5,1,60000,60000,1,3
1342,5,3,36000,36000,1,3
1343,1,3,30000,30000,1,3
1343,3,1,150000,150000,1,3
1343,4,1,60000,60000,1,3
1344,1,1,100000,100000,1,3
1344,3,1,80000,80000,1,3
1344,4,2,200000,200000,1,3
1345,1,1,70000,70000,1,3
1345,2,2,50000,50000,1,3
1345,3,2,60000,60000,1,3
1346,1,3,37000,37000,1,3
1346,2,3,41000,41000,1,3
1346,3,1,30000,30000,1,3
1347,1,1,80000,80000,1,3
1347,1,3,40000,40000,1,3
1347,3,1,75000,75000,1,3
1348,1,1,102000,102000,1,3
1348,1,5,29000,29000,1,3
1349,1,2,150000,150000,1,3
1349,2,1,80000,80000,1,3
1350,4,12,4600,4600,1,3
1350,5,3,41000,41000,1,3
1351,1,2,50000,50000,1,3
1351,3,1,200000,200000,1,3
1351,4,1,100000,100000,1,3
1351,6,3,42000,42000,1,3
1352,2,1,90000,90000,1,3
1352,3,1,60000,60000,1,3
1353,1,3,129000,129000,1,3
1353,2,2,60000,60000,1,3
1353,2,3,48000,48000,1,3
1353,4,1,40000,40000,1,3
1354,1,3,40000,40000,1,3
1354,2,3,52000,52000,1,3
1354,2,18,20000,20000,1,3
1355,1,1,30000,30000,1,3
1355,2,1,50000,50000,1,3
1355,3,1,140000,140000,1,3
1356,1,3,48000,48000,1,3
1356,2,3,150000,150000,1,3
1356,2,18,20000,20000,1,3
1357,1,1,60000,60000,1,3
1357,2,1,50000,50000,1,3
1358,1,3,50000,50000,1,3
1358,3,1,170000,170000,1,3
1358,4,1,50000,50000,1,3
1358,7,1,40000,40000,1,3
1359,1,3,63000,63000,1,3
1359,1,19,100000,100000,1,3
1360,1,1,80000,80000,1,3
1360,1,19,100,47407,3,3
1360,2,1,120000,120000,1,3
1360,3,1,70000,70000,1,3
1361,1,3,50000,50000,1,3
1361,1,18,30000,30000,1,3
1362,1,3,36500,36500,1,3
1362,2,3,45000,45000,1,3
1362,4,2,70000,70000,1,3
1362,5,2,80000,80000,1,3
1363,1,3,55000,55000,1,3
1364,1,3,50000,50000,1,3
1365,1,1,100000,100000,1,3
1365,2,1,85000,85000,1,3
1366,1,1,200000,200000,1,3
1367,1,1,200000,200000,1,3
1367,2,1,100000,100000,1,3
1368,1,3,40000,40000,1,3
1368,1,19,100,51088,4,3
1369,1,2,400000,400000,1,3
1369,2,1,230000,230000,1,3
1369,2,2,150000,150000,1,3
1369,3,1,210000,210000,1,3
1370,1,3,35000,35000,1,3
1370,2,2,300000,300000,1,3
1370,3,18,20000,20000,1,3
1370,4,1,100000,100000,1,3
1370,5,12,5000,5000,1,3
1371,1,3,32000,32000,1,3
1371,1,18,15000,15000,1,3
1371,1,22,10000,2500,1,6
1372,1,2,150000,150000,1,3
1372,3,1,60000,60000,1,3
1372,4,8,18000,18000,1,3
1373,2,1,7000,210000,1,1
1373,3,1,130000,130000,1,3
1373,5,1,75000,75000,1,3
1374,1,3,37000,37000,1,3
1374,2,2,250000,250000,1,3
1375,1,1,70000,70000,1,3
1375,2,2,40000,13333.3333333333,1,7
1375,3,1,60000,60000,1,3
1375,5,1,70000,70000,1,3
1376,1,3,35000,35000,1,3
1376,2,3,31600,31600,1,3
1376,2,21,20000,6666.66666666667,1,7
1377,1,3,47500,47500,1,3
1377,1,18,20000,20000,1,3
1378,1,3,70000,70000,1,3
1378,2,3,40000,40000,1,3
1378,3,1,160000,160000,1,3
1379,1,1,60000,60000,1,3
1379,3,1,60000,60000,1,3
1379,6,1,60000,60000,1,3
1380,1,3,40800,40800,1,3
1380,1,19,300,47407,3,7
1381,1,3,67300,67300,1,3
1381,2,1,60000,60000,1,3
1381,2,3,50000,50000,1,3
1381,4,3,16000,16000,1,3
1382,1,1,150000,150000,1,3
1382,1,3,52000,52000,1,3
1382,1,19,200,31604.6666666667,3,7
1382,2,3,35000,35000,1,3
1383,1,3,76000,76000,1,3
1383,1,18,5000,5000,1,3
1384,1,3,46000,46000,1,3
1384,1,17,70000,70000,1,3
1384,3,1,180000,180000,1,3
1384,3,18,50000,50000,1,3
1385,1,2,200000,200000,1,3
1385,2,1,90000,90000,1,3
1386,1,2,30000,30000,1,3
1386,1,18,50000,50000,1,3
1387,1,1,40000,40000,1,3
1387,1,3,79400,79400,1,3
1387,2,1,20000,20000,1,3
1388,1,1,80000,80000,1,3
1388,1,3,38000,38000,1,3
1389,1,3,30000,30000,1,3
1389,4,1,100000,100000,1,3
1389,8,3,21000,21000,1,3
1390,1,5,23000,23000,1,3
1390,1,18,60000,20000,1,7
1391,1,3,17000,17000,1,3
1391,2,1,64000,64000,1,3
1392,1,1,120000,120000,1,3
1393,1,1,37000,37000,1,3
1393,1,3,34000,34000,1,3
1393,2,1,150000,150000,1,3
1393,3,1,60000,60000,1,3
1394,1,1,100000,100000,1,3
1394,2,1,60000,60000,1,3
1395,1,3,30300,30300,1,3
1396,1,3,70000,70000,1,3
1396,2,3,38000,38000,1,3
1397,1,19,170000,170000,1,3
1398,1,1,200000,200000,1,3
1398,2,3,32000,32000,1,3
1399,1,1,250000,250000,1,3
1399,2,1,90000,90000,1,3
1400,1,1,200000,200000,1,3
1400,1,3,110000,110000,1,3
1400,2,1,255000,255000,1,3
1401,1,3,50000,50000,1,3
1401,2,3,30000,30000,1,3
1401,3,1,30000,30000,1,3
1401,5,1,50000,16666.6666666667,1,7
1402,1,1,70000,70000,1,3
1402,1,3,42000,42000,1,3
1402,1,18,50000,50000,1,3
1402,3,3,43000,43000,1,3
1403,2,1,90000,90000,1,3
1403,3,1,160000,160000,1,3
1404,2,18,200000,66666.6666666667,1,7
1405,2,1,170000,170000,1,3
1405,5,1,150000,150000,1,3
1406,1,3,26000,26000,1,3
1406,1,19,200,102176,4,3
1406,2,1,100000,100000,1,3
1407,1,1,400000,400000,1,3
1407,2,1,287000,287000,1,3
1407,3,12,6000,6000,1,3
1408,1,3,46800,46800,1,3
1408,3,1,114000,114000,1,3
1408,4,1,400000,400000,1,3
1409,1,1,100000,100000,1,3
1409,1,5,30000,30000,1,3
1409,4,3,20000,20000,1,3
1410,1,1,130000,130000,1,3
1411,1,1,100000,100000,1,3
1411,2,1,100000,100000,1,3
1411,3,1,60000,60000,1,3
1412,1,1,120000,120000,1,3
1413,1,1,3000,90000,1,1
1413,2,19,150,76632,4,3
1413,3,1,4000,120000,1,1
1414,1,1,90000,90000,1,3
1414,1,3,50000,50000,1,3
1414,2,1,80000,80000,1,3
1414,2,3,33000,33000,1,3
1414,3,5,27000,27000,1,3
1414,3,13,25000,25000,1,3
1414,4,13,20000,20000,1,3
1415,2,13,85000,85000,1,3
1415,2,19,470,222812.9,3,3
1415,4,5,27000,27000,1,3
1415,4,13,80000,80000,1,3
1416,1,13,30000,30000,1,3
1416,2,1,150000,150000,1,3
1416,3,13,20000,20000,1,3
1417,1,3,40000,40000,1,3
1417,1,13,50000,50000,1,3
1417,2,1,60000,60000,1,3
1417,2,5,33500,33500,1,3
1417,3,1,85000,85000,1,3
1417,3,13,20000,20000,1,3
1418,1,13,85000,85000,1,3
1418,1,19,300,142221,3,3
1418,2,13,80000,80000,1,3
1419,1,13,75000,75000,1,3
1419,1,19,400,189628,3,3
1419,2,13,80000,80000,1,3
1420,1,1,185000,185000,1,3
1420,1,19,400,189628,3,3
1421,1,3,60000,60000,1,3
1421,1,19,300,142221,3,3
1421,2,3,50000,50000,1,3
1422,2,5,32000,32000,1,3
1422,2,13,95000,95000,1,3
1422,2,19,500,237035,3,3
1423,1,3,38600,38600,1,3
1423,2,1,110000,110000,1,3
1423,3,1,50000,50000,1,3
1424,1,3,40500,40500,1,3
1424,2,3,38600,38600,1,3
1425,1,1,100000,100000,1,3
1425,2,1,48000,48000,1,3
1426,1,1,95000,95000,1,3
1426,2,1,50000,50000,1,3
1427,1,1,100000,100000,1,3
1427,2,1,70000,70000,1,3
1428,1,3,39600,39600,1,3
1428,2,3,36300,36300,1,3
1429,1,3,40600,40600,1,3
1429,1,19,15000,45050,2,7
1429,2,3,38500,38500,1,3
1430,1,3,39500,39500,1,3
1430,1,5,16000,16000,1,3
1430,1,18,10000,10000,1,3
1431,1,3,41000,41000,1,3
1432,1,3,39600,39600,1,3
1432,1,13,15000,15000,1,3
1432,2,3,36500,36500,1,3
1433,1,13,160000,160000,1,3
1433,3,1,240000,240000,1,3
1434,1,3,39200,39200,1,3
1434,2,13,105000,105000,1,3
1435,1,13,100000,100000,1,3
1436,1,3,40400,40400,1,3
1436,2,3,22700,22700,1,3
1437,1,13,110000,110000,1,3
1438,1,13,40000,40000,1,3
1438,1,19,9000,81090,2,3
1439,1,3,38000,38000,1,3
1439,1,5,16000,16000,1,3
1439,1,18,10000,10000,1,3
1440,1,3,39500,39500,1,3
1440,1,19,20000,60066.6666666667,2,7
1441,1,3,25000,25000,1,3
1441,1,5,17000,17000,1,3
1442,1,3,48300,48300,1,3
1442,1,13,80000,80000,1,3
1442,2,3,35000,35000,1,3
1443,1,22,150000,50000,1,7
1444,2,5,28000,28000,1,3
1444,2,13,40000,13333.3333333333,1,7
1444,2,19,15000,135150,2,3
1445,1,13,10000,10000,1,3
1445,3,1,80000,80000,1,3
1446,1,3,31000,31000,1,3
1446,3,1,120000,120000,1,3
1446,5,1,60000,60000,1,3
1447,1,13,20000,20000,1,3
1447,4,1,150000,150000,1,3
1448,1,3,34000,34000,1,3
1448,2,3,25000,25000,1,3
1448,3,1,100000,100000,1,3
1449,1,2,50000,50000,1,3
1449,2,13,100000,33333.3333333333,1,7
1449,4,1,40000,40000,1,3
1450,1,1,260000,260000,1,3
1450,1,3,34000,34000,1,3
1451,1,1,120000,120000,1,3
1452,1,1,60000,60000,1,3
1452,1,19,100,12772,4,6
1453,1,1,260000,260000,1,3
1454,1,1,150000,150000,1,3
1454,5,3,34000,34000,1,3
1455,1,3,52000,52000,1,3
1456,1,3,38000,38000,1,3
1456,2,1,150000,150000,1,3
1456,3,1,20000,20000,1,3
1456,6,2,120000,40000,1,7
1457,1,3,44000,44000,1,3
1457,2,3,39000,39000,1,3
1458,1,1,265000,265000,1,3
1458,1,3,47000,47000,1,3
1459,1,3,35000,35000,1,3
1460,1,1,330000,330000,1,3
1460,2,1,220000,220000,1,3
1461,1,1,246000,246000,1,3
1461,1,3,45000,45000,1,3
1461,1,19,200,102176,4,3
1462,1,3,30000,30000,1,3
1462,1,21,40000,13333.3333333333,1,7
1462,2,1,43000,43000,1,3
1463,1,10,18000,18000,1,3
1463,1,21,42000,14000,1,7
1464,1,3,16000,16000,1,3
1465,1,3,45000,45000,1,3
1465,2,1,110000,110000,1,3
1466,1,3,39000,39000,1,3
1466,2,3,44000,44000,1,3
1467,1,27,35000,35000,1,3
1467,2,1,239000,239000,1,3
1467,2,19,10000,90100,2,3
1467,3,1,335000,335000,1,3
1468,1,3,42500,42500,1,3
1468,1,13,120000,120000,1,3
1469,1,1,95000,95000,1,3
1469,2,1,50000,50000,1,3
1469,3,1,85000,85000,1,3
1470,1,3,44700,44700,1,3
1470,3,1,85000,85000,1,3
1470,4,1,85000,85000,1,3
1470,5,3,21000,21000,1,3
1471,1,1,230000,230000,1,3
1471,2,22,40000,40000,1,3
1472,1,3,28400,28400,1,3
1472,2,5,45500,45500,1,3
1473,1,1,95000,95000,1,3
1473,2,1,80000,80000,1,3
1474,1,3,44500,44500,1,3
1474,2,1,30000,30000,1,3
1474,2,5,17000,17000,1,3
1475,2,1,75000,75000,1,3
1475,4,1,80000,80000,1,3
1476,1,1,125000,125000,1,3
1476,3,2,130000,130000,1,3
1477,1,1,150000,150000,1,3
1478,1,2,100000,100000,1,3
1478,2,2,30000,30000,1,3
1479,1,1,80000,80000,1,3
1480,1,2,100000,100000,1,3
1480,1,19,200,31604.6666666667,3,7
1481,1,1,80000,80000,1,3
1481,2,1,80000,80000,1,3
1481,3,1,80000,80000,1,3
1482,1,3,39000,39000,1,3
1482,2,19,100000,100000,1,3
1483,1,3,46000,46000,1,3
1483,2,3,33000,33000,1,3
1483,3,2,100000,100000,1,3
1484,1,18,100000,100000,1,3
1485,1,3,40000,40000,1,3
1485,2,19,150000,150000,1,3
1485,2,22,50000,16666.6666666667,1,7
1486,1,13,50000,16666.6666666667,1,7
1486,2,21,120000,10000,1,4
1487,1,3,35000,35000,1,3
1487,2,13,45000,15000,1,7
1488,1,3,40000,40000,1,3
1488,2,3,45000,45000,1,3
1488,3,13,13000,13000,1,3
1489,1,3,42000,42000,1,3
1489,2,3,45000,45000,1,3
1490,1,3,33000,33000,1,3
1490,2,21,100000,33333.3333333333,1,7
1491,2,21,80000,26666.6666666667,1,7
1491,3,13,12000,12000,1,3
1492,1,13,30000,10000,1,7
1492,2,21,100000,33333.3333333333,1,7
1493,1,19,150,71110.5,3,3
1493,2,21,30000,10000,1,7
1494,1,3,46000,46000,1,3
1494,2,21,35000,11666.6666666667,1,7
1495,2,19,150000,150000,1,3
1496,1,13,50000,50000,1,3
1496,1,19,100000,100000,1,3
1497,1,1,750,22500,1,1
1497,1,3,40000,40000,1,3
1497,2,1,4000,120000,1,1
1498,2,1,4000,120000,1,1
1499,1,3,32000,32000,1,3
1499,2,1,4000,120000,1,1
1500,1,19,80000,80000,1,3
1501,1,1,88000,88000,1,3
1502,1,5,22500,22500,1,3
1503,1,3,37000,37000,1,3
1504,1,1,150000,150000,1,3
1504,3,1,150000,150000,1,3
1504,4,1,70000,70000,1,3
1505,1,22,50000,16666.6666666667,1,7
1506,1,2,300000,300000,1,3
1507,1,1,30000,30000,1,3
1507,1,3,35000,35000,1,3
1507,2,2,80000,80000,1,3
1508,1,1,40000,40000,1,3
1509,1,3,30000,30000,1,3
1509,2,1,70000,70000,1,3
1510,1,2,100000,100000,1,3
1510,2,3,27000,27000,1,3
1510,3,2,100000,100000,1,3
1511,1,1,58000,58000,1,3
1511,3,1,60000,60000,1,3
1512,1,2,150000,150000,1,3
1512,1,3,35000,35000,1,3
1512,3,2,170000,170000,1,3
1513,1,1,245000,245000,1,3
1513,2,1,246000,246000,1,3
1513,2,13,110000,110000,1,3
1514,1,5,35000,35000,1,3
1514,1,13,100000,100000,1,3
1515,1,13,170000,170000,1,3
1516,1,13,100000,100000,1,3
1516,2,5,40000,40000,1,3
1517,1,13,130000,130000,1,3
1517,2,1,236000,236000,1,3
1517,3,1,205000,205000,1,3
1518,2,13,90000,90000,1,3
1519,1,5,35000,35000,1,3
1519,1,13,150000,150000,1,3
1520,1,13,70000,70000,1,3
1521,1,13,100000,100000,1,3
1522,1,2,160000,160000,1,3
1523,1,16,200,94814,3,3
1523,3,1,80000,80000,1,3
1523,4,5,28000,28000,1,3
1524,1,2,150000,150000,1,3
1524,2,13,60000,60000,1,3
1524,4,5,35000,35000,1,3
1525,1,13,40000,40000,1,3
1525,3,1,120000,120000,1,3
1526,1,13,120000,40000,1,7
1527,1,3,42000,42000,1,3
1527,2,3,36000,36000,1,3
1527,3,13,120000,120000,1,3
1528,2,5,29000,29000,1,3
1528,2,19,200,94814,3,3
1529,1,1,150000,50000,1,7
1529,2,5,35000,35000,1,3
1530,2,1,140000,46666.6666666667,1,7
1531,1,3,45000,45000,1,3
1531,1,21,30000,10000,1,7
1532,1,22,100000,33333.3333333333,1,7
1533,2,1,100000,100000,1,3
1533,2,19,200,31604.6666666667,3,7
1534,3,1,210000,210000,1,3
1534,3,22,100000,25000,1,6
1534,4,1,250000,250000,1,3
1535,1,21,80000,13333.3333333333,1,5
1535,2,1,50000,50000,1,3
1535,3,1,50000,50000,1,3
1536,1,3,41000,41000,1,3
1537,1,3,30000,30000,1,3
1537,1,19,20000,45050,2,6
1538,1,5,29000,29000,1,3
1538,1,25,30000,30000,1,3
1539,1,3,35000,35000,1,3
1539,2,3,37000,37000,1,3
1540,1,1,140000,140000,1,3
1541,1,1,150000,150000,1,3
1541,2,1,120000,120000,1,3
1542,1,19,10000,90100,2,3
1543,1,1,170000,170000,1,3
1543,2,1,60000,60000,1,3
1544,2,1,225000,225000,1,3
1544,3,19,20000,180200,2,3
1545,1,19,15000,135150,2,3
1546,1,1,100000,100000,1,3
1546,2,1,60000,60000,1,3
1547,2,19,20000,180200,2,3
1548,1,1,50000,50000,1,3
1548,1,5,29000,29000,1,3
1548,2,2,80000,80000,1,3
1549,1,13,20000,20000,1,3
1549,2,22,120000,120000,1,3
1550,1,3,45000,45000,1,3
1550,1,13,16000,16000,1,3
1550,2,3,45000,45000,1,3
1551,1,3,25000,25000,1,3
1551,1,13,60000,60000,1,3
1551,2,22,600000,50000,1,4
1551,3,21,100000,33333.3333333333,1,7
1552,1,3,37000,37000,1,3
1552,1,13,100000,100000,1,3
1552,1,19,10000,30033.3333333333,2,7
1553,2,3,30000,30000,1,3
1553,4,5,29000,29000,1,3
1554,1,1,240000,240000,1,3
1554,1,3,28000,28000,1,3
1555,1,13,50000,50000,1,3
1556,1,2,80000,80000,1,3
1556,2,3,32000,32000,1,3
1556,3,2,80000,80000,1,3
1556,4,5,35000,35000,1,3
1557,1,3,52000,52000,1,3
1557,2,3,36500,36500,1,3
1557,3,3,27000,27000,1,3
1557,4,5,35000,35000,1,3
1558,1,5,28000,28000,1,3
1558,2,21,50000,12500,1,6
1558,5,3,21000,21000,1,3
1559,1,3,41000,41000,1,3
1559,2,2,20000,20000,1,3
1560,1,5,23000,23000,1,3
1560,1,21,50000,16666.6666666667,1,7
1561,1,3,43000,43000,1,3
1561,1,5,22000,22000,1,3
1561,1,21,50000,16666.6666666667,1,7
1562,1,5,23000,3833.33333333333,1,5
1562,1,21,60000,15000,1,6
1563,2,5,28000,28000,1,3
1563,2,21,50000,16666.6666666667,1,7
1564,1,1,67000,67000,1,3
1564,1,3,25000,25000,1,3
1564,2,5,22000,22000,1,3
1564,2,21,40000,13333.3333333333,1,7
1565,1,1,100000,100000,1,3
1565,2,21,200000,16666.6666666667,1,4
1566,1,3,34000,34000,1,3
1566,1,19,50000,16666.6666666667,1,7
1567,1,3,45900,45900,1,3
1568,1,1,60000,60000,1,3
1568,2,1,60000,60000,1,3
1569,1,27,26000,26000,1,3
1569,2,1,80000,80000,1,3
1569,3,1,180000,180000,1,3
1570,1,3,38000,38000,1,3
1570,1,19,5000,45050,2,3
1571,2,1,50000,50000,1,3
1571,2,3,23000,23000,1,3
1571,2,19,5000,45050,2,3
1571,3,1,130000,130000,1,3
1572,1,27,34000,34000,1,3
1572,2,3,24000,24000,1,3
1572,4,5,30000,30000,1,3
1573,1,3,100000,100000,1,3
1573,2,1,50000,50000,1,3
1573,2,3,45000,45000,1,3
1573,3,1,180000,180000,1,3
1574,1,19,20000,180200,2,3
1574,2,3,30000,30000,1,3
1575,1,3,23800,23800,1,3
1575,1,5,17000,17000,1,3
1576,1,1,107000,107000,1,3
1577,2,19,300,47407,3,7
1578,1,3,35000,35000,1,3
1578,2,3,35000,35000,1,3
1579,1,3,41000,41000,1,3
1579,1,5,18000,18000,1,3
1579,1,19,2000,18020,2,3
1580,1,3,44000,44000,1,3
1580,2,3,37000,37000,1,3
1581,1,3,46000,46000,1,3
1581,2,3,43000,43000,1,3
1582,1,3,38000,38000,1,3
1582,2,1,50000,50000,1,3
1583,1,3,35000,35000,1,3
1584,1,3,45000,45000,1,3
1584,2,3,36000,36000,1,3
1584,3,1,45000,45000,1,3
1584,4,1,35000,35000,1,3
1585,2,19,15000,135150,2,3
1585,3,1,75000,75000,1,3
1586,1,1,80000,80000,1,3
1586,1,5,28000,28000,1,3
1587,1,3,34000,34000,1,3
1587,1,22,70000,23333.3333333333,1,7
1588,1,3,28000,28000,1,3
1588,2,3,22000,22000,1,3
1589,1,19,100,11851.75,3,6
1589,2,3,36000,36000,1,3
1590,1,22,800,126418.666666667,3,7
1591,1,1,80000,80000,1,3
1591,1,21,120000,40000,1,7
1592,1,1,70000,70000,1,3
1592,1,5,28000,28000,1,3
1592,1,21,100000,33333.3333333333,1,7
1593,2,19,15000,135150,2,3
1594,2,1,95000,95000,1,3
1594,5,1,105000,105000,1,3
1595,1,1,64000,64000,1,3
1595,1,3,56000,56000,1,3
1595,2,1,45000,45000,1,3
1595,3,1,80000,80000,1,3
1596,1,1,80000,80000,1,3
1596,2,1,25000,25000,1,3
1596,8,1,100000,100000,1,3
1597,1,1,80000,80000,1,3
1598,2,1,50000,50000,1,3
1599,2,1,60000,60000,1,3
1599,3,3,25000,25000,1,3
1599,9,3,21000,21000,1,3
1600,1,1,120000,120000,1,3
1600,3,1,140000,140000,1,3
1600,4,3,34000,34000,1,3
1601,1,3,47000,47000,1,3
1601,3,1,100000,100000,1,3
1602,2,1,75000,75000,1,3
1603,1,3,63000,63000,1,3
1603,2,3,50000,50000,1,3
1603,3,2,60000,60000,1,3
1604,1,3,100000,100000,1,3
1605,2,22,200,31604.6666666667,3,7
1605,5,3,32000,32000,1,3
1606,1,1,200000,200000,1,3
1606,3,3,91000,91000,1,3
1606,4,3,45000,45000,1,3
1607,1,3,50000,50000,1,3
1607,1,22,20000,6666.66666666667,1,7
1607,2,3,50000,50000,1,3
1608,1,1,270000,270000,1,3
1608,1,3,51000,51000,1,3
1608,2,3,41700,41700,1,3
1608,3,1,330000,330000,1,3
1608,4,1,296000,296000,1,3
1609,1,3,44000,44000,1,3
1609,2,22,50000,16666.6666666667,1,7
1610,1,3,15000,15000,1,3
1610,2,1,80000,80000,1,3
1611,1,1,130000,130000,1,3
1611,2,1,60000,60000,1,3
1611,3,1,120000,120000,1,3
1612,2,16,8000,72080,2,3
1613,1,1,60000,60000,1,3
1613,1,3,30000,30000,1,3
1613,2,3,30000,30000,1,3
1613,3,5,21000,21000,1,3
1614,1,22,200000,200000,1,3
1614,4,12,5000,5000,1,3
1615,1,19,200,94814,3,3
1616,1,1,30000,30000,1,3
1616,2,3,19000,19000,1,3
1616,2,5,16000,16000,1,3
1617,1,3,50000,50000,1,3
1618,2,19,10000,90100,2,3
1619,1,3,55000,55000,1,3
1619,4,22,10000,90100,2,3
1619,5,5,28000,28000,1,3
1620,1,3,39000,39000,1,3
1620,3,1,55000,55000,1,3
1620,4,5,45000,45000,1,3
1621,2,5,17000,17000,1,3
1621,2,19,10000,90100,2,3
1622,1,3,46000,46000,1,3
1623,2,19,10000,90100,2,3
1624,1,3,32000,32000,1,3
1624,2,22,5000,15016.6666666667,2,7
1625,1,1,50000,50000,1,3
1625,1,3,20000,20000,1,3
1625,1,5,22000,22000,1,3
1626,1,2,100000,100000,1,3
1626,3,1,70000,70000,1,3
1627,2,22,80000,26666.6666666667,1,7
1627,4,5,21000,21000,1,3
1628,1,3,35000,35000,1,3
1628,2,3,35000,35000,1,3
1629,1,3,32000,32000,1,3
1629,1,5,16500,16500,1,3
1630,1,3,42000,42000,1,3
1630,1,13,25000,25000,1,3
1630,2,2,140000,140000,1,3
1631,1,3,23000,23000,1,3
1631,1,5,18000,18000,1,3
1631,1,19,30,14222.1,3,3
1632,2,13,15000,15000,1,3
1632,2,19,200,94814,3,3
1632,7,1,140000,140000,1,3
1633,1,2,180000,180000,1,3
1633,2,13,24000,24000,1,3
1634,1,13,30000,30000,1,3
1634,1,19,100,47407,3,3
1635,1,1,290000,290000,1,3
1635,2,13,95000,95000,1,3
1635,3,3,18000,18000,1,3
1636,1,1,202000,202000,1,3
1636,1,3,52000,52000,1,3
1636,2,3,26000,26000,1,3
1636,2,13,85000,85000,1,3
1637,2,13,105000,105000,1,3
1637,2,19,150,71110.5,3,3
1638,1,13,90000,90000,1,3
1638,2,1,280000,280000,1,3
1638,3,2,160000,160000,1,3
1639,1,3,28000,28000,1,3
1640,1,3,38000,38000,1,3
1640,2,3,21000,21000,1,3
1641,1,5,28000,28000,1,3
1642,1,13,35000,35000,1,3
1642,5,3,33000,33000,1,3
1643,5,3,38000,38000,1,3
1643,6,3,24000,24000,1,3
1644,1,13,30000,30000,1,3
1645,1,19,100,15802.3333333333,3,7
1646,1,5,28000,28000,1,3
1646,5,3,25000,25000,1,3
1647,1,13,35000,35000,1,3
1648,1,1,310000,310000,1,3
1648,1,3,40000,40000,1,3
1648,2,1,350000,350000,1,3
1648,3,1,257000,257000,1,3
1648,4,1,330000,330000,1,3
1649,1,1,600000,600000,1,3
1649,2,1,240000,240000,1,3
1650,1,3,51000,51000,1,3
1650,1,19,60000,60000,1,3
1651,1,3,50000,50000,1,3
1651,1,19,300,142221,3,3
1652,1,1,200000,200000,1,3
1653,1,3,58000,58000,1,3
1653,2,3,51000,51000,1,3
1653,3,1,370000,370000,1,3
1653,4,8,18000,18000,1,3
1654,1,1,300000,300000,1,3
1655,1,1,170000,170000,1,3
1655,2,8,18000,18000,1,3
1656,1,3,52000,52000,1,3
1656,1,19,100,47407,3,3
1657,1,1,310000,310000,1,3
1658,1,3,45000,45000,1,3
1658,2,3,45000,45000,1,3
1658,3,13,35000,35000,1,3
1659,1,3,54000,54000,1,3
1659,2,13,70000,70000,1,3
1659,3,5,62000,62000,1,3
1660,2,1,298000,298000,1,3
1660,2,13,95000,95000,1,3
1661,1,3,52000,52000,1,3
1661,1,19,200,94814,3,3
1662,1,3,50000,50000,1,3
1662,1,13,100000,100000,1,3
1662,3,1,245000,245000,1,3
1663,2,1,215000,215000,1,3
1663,2,19,300,142221,3,3
1663,3,1,330000,330000,1,3
1664,1,1,65000,65000,1,3
1665,1,3,45000,45000,1,3
1665,2,3,38000,38000,1,3
1665,3,1,335000,335000,1,3
1666,1,3,70000,70000,1,3
1666,2,1,50000,50000,1,3
1666,3,1,120000,120000,1,3
1666,4,1,50000,50000,1,3
1666,4,19,100,47407,3,3
1667,1,3,50000,50000,1,3
1667,2,5,30000,30000,1,3
1667,3,12,4700,4700,1,3
1667,4,3,16000,16000,1,3
1668,1,1,150000,150000,1,3
1668,4,12,4700,4700,1,3
1669,1,3,34000,34000,1,3
1669,2,1,200000,200000,1,3
1670,1,3,36000,36000,1,3
1670,1,19,100,47407,3,3
1671,1,1,70000,70000,1,3
1671,2,1,45000,45000,1,3
1671,3,1,104000,104000,1,3
1671,4,1,40000,40000,1,3
1672,1,3,50000,50000,1,3
1672,2,3,39000,39000,1,3
1672,3,1,90000,90000,1,3
1672,4,1,80000,80000,1,3
1673,2,19,200,94814,3,3
1673,3,1,270000,270000,1,3
1673,4,1,300000,300000,1,3
1674,1,3,41000,41000,1,3
1674,2,1,65000,65000,1,3
1675,1,1,40000,40000,1,3
1675,1,3,25000,25000,1,3
1675,3,1,100000,100000,1,3
1676,2,1,50000,50000,1,3
1676,3,3,27000,27000,1,3
1677,1,3,65000,65000,1,3
1678,1,3,42000,42000,1,3
1678,2,3,42000,42000,1,3
1678,4,2,70000,70000,1,3
1679,1,2,150000,150000,1,3
1679,2,1,85000,85000,1,3
1679,3,1,70000,70000,1,3
1679,4,1,75000,75000,1,3
1679,5,1,65000,65000,1,3
1680,1,3,39000,39000,1,3
1680,2,3,30000,30000,1,3
1680,3,1,150000,150000,1,3
1681,2,1,65000,65000,1,3
1681,2,19,200,94814,3,3
1682,1,1,70000,70000,1,3
1682,3,1,80000,80000,1,3
1682,4,1,70000,70000,1,3
1683,1,3,44000,44000,1,3
1683,1,19,100,47407,3,3
1684,1,3,40000,40000,1,3
1684,2,3,40000,40000,1,3
1685,1,21,65000,21666.6666666667,1,7
1685,2,13,4000,4000,1,3
1686,1,3,49000,49000,1,3
1686,1,18,10000,10000,1,3
1687,1,5,28000,28000,1,3
1687,1,21,100000,33333.3333333333,1,7
1687,5,3,30000,30000,1,3
1688,2,21,60000,20000,1,7
1689,2,3,31000,31000,1,3
1689,3,1,100000,100000,1,3
1689,4,1,50000,50000,1,3
1690,1,1,120000,120000,1,3
1690,2,3,45000,45000,1,3
1691,1,1,80000,80000,1,3
1691,5,3,50000,50000,1,3
1692,1,3,46000,46000,1,3
1692,1,19,10000,30033.3333333333,2,7
1692,2,3,38000,38000,1,3
1693,1,3,53000,53000,1,3
1693,2,1,65000,65000,1,3
1693,2,13,20000,20000,1,3
1694,1,1,350000,350000,1,3
1694,2,1,240000,240000,1,3
1694,3,1,300000,300000,1,3
1695,1,1,320000,320000,1,3
1695,2,1,250000,250000,1,3
1695,2,19,10000,90100,2,3
1696,1,1,70000,70000,1,3
1696,1,3,50000,50000,1,3
1696,2,13,40000,40000,1,3
1697,1,1,64000,64000,1,3
1697,2,1,86000,86000,1,3
1697,2,2,30000,2500,1,4
1697,2,3,37000,37000,1,3
1697,2,13,10000,10000,1,3
1698,1,3,70000,70000,1,3
1698,2,13,30000,30000,1,3
1698,3,13,35000,2916.66666666667,1,4
1699,1,3,37000,37000,1,3
1699,2,3,47000,47000,1,3
1699,2,13,15000,1250,1,4
1699,2,13,30000,2500,1,4
1700,1,3,27000,27000,1,3
1700,2,2,50000,4166.66666666667,1,4
1700,2,3,26000,26000,1,3
1701,1,3,30000,30000,1,3
1701,1,13,50000,4166.66666666667,1,4
1701,2,1,270000,270000,1,3
1702,2,1,50000,50000,1,3
1703,2,19,200,94814,3,3
1704,1,1,64000,64000,1,3
1704,3,1,104000,104000,1,3
1704,4,1,106000,106000,1,3
1704,8,3,48000,48000,1,3
1705,4,1,100000,100000,1,3
1705,5,3,97000,97000,1,3
1705,6,3,97000,97000,1,3
1706,1,2,40000,40000,1,3
1706,1,3,56000,56000,1,3
1707,2,1,50000,50000,1,3
1707,3,1,60000,60000,1,3
1708,1,1,90000,90000,1,3
1709,3,1,45000,45000,1,3
1709,4,3,19000,19000,1,3
1710,3,1,100000,100000,1,3
1711,2,5,28000,28000,1,3
1711,2,21,20000,20000,1,3
1712,1,3,50000,50000,1,3
1712,2,3,33000,33000,1,3
1712,2,21,40000,40000,1,3
1713,2,1,30000,30000,1,3
1713,2,5,48000,48000,1,3
1713,5,1,150000,150000,1,3
1713,6,21,40000,40000,1,3
1714,1,1,100000,100000,1,3
1714,2,1,80000,80000,1,3
1714,5,3,35000,35000,1,3
1715,1,1,50000,50000,1,3
1715,2,1,60000,60000,1,3
1715,3,1,58000,58000,1,3
1716,1,2,70000,70000,1,3
1716,1,5,28000,28000,1,3
1717,1,1,60000,60000,1,3
1717,5,3,35000,35000,1,3
1717,5,21,50000,50000,1,3
1718,2,5,35000,35000,1,3
1718,2,18,3000,27030,2,3
1719,1,3,39000,39000,1,3
1719,4,1,60000,60000,1,3
1720,1,22,85000,28333.3333333333,1,7
1721,1,1,129000,129000,1,3
1721,2,1,82000,82000,1,3
1721,3,1,145000,145000,1,3
1722,1,3,62000,62000,1,3
1722,2,3,54000,54000,1,3
1722,3,3,51000,51000,1,3
1723,1,3,30000,30000,1,3
1723,2,22,80000,26666.6666666667,1,7
1724,1,3,42000,42000,1,3
1724,3,5,35000,35000,1,3
1725,1,3,30000,30000,1,3
1725,1,5,15000,15000,1,3
1726,1,1,58000,58000,1,3
1726,2,1,50000,50000,1,3
1727,1,3,36700,36700,1,3
1727,2,19,3000,27030,2,3
1728,1,3,39000,39000,1,3
1728,3,13,15000,5000,1,7
1729,1,1,90000,90000,1,3
1729,2,1,65000,65000,1,3
1730,1,19,20000,63466.6666666667,2,7
1730,3,1,52000,52000,1,3
1731,1,1,160000,160000,1,3
1732,1,19,130000,130000,1,3
1732,3,1,330000,330000,1,3
1733,1,3,26000,26000,1,3
1733,1,19,10000,95200,2,3
1733,2,3,32500,32500,1,3
1734,1,1,200000,200000,1,3
1734,2,1,100000,100000,1,3
1735,1,1,120000,120000,1,3
1735,2,1,200000,200000,1,3
1736,1,1,200000,200000,1,3
1737,1,1,230000,230000,1,3
1737,2,1,65000,65000,1,3
1737,3,12,5000,5000,1,3
1738,1,3,55000,55000,1,3
1738,1,19,100,53673,4,3
1739,1,3,53000,53000,1,3
1739,2,3,45000,45000,1,3
1740,1,1,250000,250000,1,3
1740,2,8,18000,18000,1,3
1741,1,1,430000,430000,1,3
1741,2,1,280000,280000,1,3
1742,1,1,325000,325000,1,3
1743,1,1,250000,250000,1,3
1743,1,18,15000,15000,1,3
1744,1,1,75000,75000,1,3
1744,1,3,37000,37000,1,3
1744,2,1,180000,180000,1,3
1745,1,1,75000,75000,1,3
1745,1,3,35000,35000,1,3
1745,2,1,90000,90000,1,3
1746,1,17,100000,100000,1,3
1746,1,19,250,120062.5,3,3
1746,1,22,50,8004.16666666667,3,7
1747,2,19,200000,200000,1,3
1748,1,1,140000,140000,1,3
1748,3,1,90000,90000,1,3
1748,4,1,90000,90000,1,3
1749,1,1,70000,70000,1,3
1750,1,3,50000,50000,1,3
1750,2,3,30000,30000,1,3
1750,3,1,120000,120000,1,3
1751,2,1,250000,250000,1,3
1751,3,1,350000,350000,1,3
1751,4,1,300000,300000,1,3
1752,1,1,80000,80000,1,3
1752,2,1,75000,75000,1,3
1753,1,1,70000,70000,1,3
1753,5,3,18000,18000,1,3
1754,3,1,250000,250000,1,3
1754,4,8,18000,18000,1,3
1754,7,1,180000,180000,1,3
1755,1,2,90000,90000,1,3
1756,3,1,150000,150000,1,3
1757,1,3,31000,31000,1,3
1757,1,5,17000,17000,1,3
1758,1,2,100000,100000,1,3
1758,3,21,100000,33333.3333333333,1,7
1758,4,1,60000,60000,1,3
1758,5,1,100000,100000,1,3
1758,7,2,40000,40000,1,3
1759,1,2,150000,150000,1,3
1759,3,1,60000,60000,1,3
1759,4,1,100000,100000,1,3
1760,1,3,41500,41500,1,3
1761,1,1,86000,86000,1,3
1762,3,19,300,48025,3,7
1762,3,22,200,96050,3,3
1763,2,1,100000,100000,1,3
1764,1,3,27000,27000,1,3
1764,2,1,80000,80000,1,3
1765,1,3,29000,29000,1,3
1765,2,19,10000,95200,2,3
1766,1,3,36000,36000,1,3
1766,1,5,16000,16000,1,3
1767,1,2,20000,20000,1,3
1768,1,3,30000,30000,1,3
1769,1,3,32000,32000,1,3
1769,2,1,340000,340000,1,3
1769,2,19,10000,95200,2,3
1770,1,3,35000,35000,1,3
1770,1,5,17000,17000,1,3
1771,1,3,33000,33000,1,3
1771,1,5,17000,17000,1,3
1771,2,3,45000,45000,1,3
1772,1,1,130000,130000,1,3
1772,1,3,49000,49000,1,3
1772,2,3,49000,49000,1,3
1772,3,2,40000,40000,1,3
1773,1,3,41000,41000,1,3
1773,2,1,200000,200000,1,3
1774,2,2,40000,40000,1,3
1774,3,1,30000,30000,1,3
1775,1,3,50000,50000,1,3
1775,2,3,35000,35000,1,3
1776,1,2,100000,100000,1,3
1777,1,3,42000,42000,1,3
1777,2,3,34000,34000,1,3
1777,3,1,170000,170000,1,3
1778,1,1,150000,150000,1,3
1778,1,19,7000,66640,2,3
1779,1,1,200000,200000,1,3
1779,2,1,75000,75000,1,3
1779,3,1,200000,200000,1,3
1780,1,18,100000,100000,1,3
1781,3,1,60000,60000,1,3
1781,4,1,37500,37500,1,3
1782,1,1,59000,59000,1,3
1782,1,3,57000,57000,1,3
1782,2,1,190000,190000,1,3
1782,3,1,80000,80000,1,3
1783,1,1,150000,150000,1,3
1783,3,1,260000,260000,1,3
1783,4,12,5000,5000,1,3
1784,1,1,170000,170000,1,3
1784,1,3,47000,47000,1,3
1784,2,3,39000,39000,1,3
1784,3,19,10000,95200,2,3
1785,1,1,45000,45000,1,3
1785,2,1,160000,160000,1,3
1787,1,19,10000,95200,2,3
1787,3,3,18000,18000,1,3
1788,1,1,150000,150000,1,3
1788,2,1,60000,60000,1,3
1788,3,1,70000,70000,1,3
1789,1,3,73000,73000,1,3
1790,1,1,180000,180000,1,3
1790,2,2,50000,50000,1,3
1791,1,1,45000,45000,1,3
1791,2,1,100000,100000,1,3
1791,3,1,60000,60000,1,3
1791,6,1,70000,70000,1,3
1792,1,1,70000,70000,1,3
1792,1,3,36000,36000,1,3
1792,3,19,200,96050,3,3
1792,3,19,200,96050,3,3
1792,5,3,21000,21000,1,3
1793,1,3,36000,36000,1,3
1793,2,1,103000,103000,1,3
1794,1,1,120000,120000,1,3
1795,1,3,75000,75000,1,3
1795,2,3,27000,27000,1,3
1795,3,2,50000,50000,1,3
1796,1,1,270000,270000,1,3
1796,2,1,310000,310000,1,3
1797,1,1,100000,100000,1,3
1797,2,1,80000,80000,1,3
1798,1,5,40000,40000,1,3
1798,1,22,300000,75000,1,6
1799,1,1,150000,150000,1,3
1799,2,1,90000,90000,1,3
1800,1,3,45000,45000,1,3
1801,3,1,150000,150000,1,3
1801,6,1,180000,180000,1,3
1801,6,21,70000,17500,1,6
1801,7,1,60000,60000,1,3
1802,1,3,48000,48000,1,3
1802,1,18,20000,20000,1,3
1803,1,3,37000,37000,1,3
1803,1,20,10000,1666.66666666667,1,5
1803,2,1,150000,150000,1,3
1803,3,2,90000,90000,1,3
1804,1,3,49500,49500,1,3
1804,1,18,30000,30000,1,3
1804,2,16,20000,6666.66666666667,1,7
1805,1,3,50000,50000,1,3
1805,2,1,70000,70000,1,3
1805,3,2,400000,400000,1,3
1805,4,8,18000,18000,1,3
1806,1,22,50000,16666.6666666667,1,7
1806,1,26,7000,66640,2,3
1807,1,3,37000,37000,1,3
1807,3,1,85000,85000,1,3
1807,3,19,200,24012.5,3,6
1808,1,1,130000,130000,1,3
1808,2,16,30000,10000,1,7
1809,1,3,45000,45000,1,3
1809,2,1,3500,105000,1,1
1809,2,21,50000,16666.6666666667,1,7
1809,3,12,4000,4000,1,3
1810,1,3,35000,35000,1,3
1811,1,3,38900,38900,1,3
1811,2,1,52000,52000,1,3
1811,4,1,60000,60000,1,3
1812,3,1,80000,80000,1,3
1812,3,21,75000,6250,1,4
1812,4,1,40000,40000,1,3
1813,1,1,330000,330000,1,3
1814,1,2,168000,168000,1,3
1815,1,2,360000,360000,1,3
1815,1,18,50000,50000,1,3
1815,1,21,100000,33333.3333333333,1,7
1816,1,1,30000,30000,1,3
1816,1,21,10000,10000,1,3
1816,3,1,150000,150000,1,3
1817,1,3,27000,27000,1,3
1817,3,1,120000,120000,1,3
1817,5,1,60000,60000,1,3
1817,6,2,80000,80000,1,3
1818,1,1,20000,20000,1,3
1818,3,1,110000,110000,1,3
1819,1,3,60700,60700,1,3
1820,1,1,296000,296000,1,3
1821,1,3,41000,41000,1,3
1821,2,3,38000,38000,1,3
1821,3,1,70000,70000,1,3
1822,1,22,300,144075,3,3
1823,1,3,42000,42000,1,3
1823,2,3,39000,39000,1,3
1824,1,3,39000,39000,1,3
1825,1,2,350000,350000,1,3
1825,1,3,60000,60000,1,3
1825,2,1,400000,400000,1,3
1825,2,3,60000,60000,1,3
1826,1,3,36000,36000,1,3
1826,2,3,19900,19900,1,3
1826,3,1,90000,90000,1,3
1826,4,1,70000,70000,1,3
1827,1,1,82000,82000,1,3
1827,1,3,54000,54000,1,3
1827,2,1,82000,82000,1,3
1827,2,3,57000,57000,1,3
1827,3,1,150000,150000,1,3
1828,1,1,320000,320000,1,3
1828,1,18,80000,80000,1,3
1829,1,18,80000,80000,1,3
1830,1,3,100000,100000,1,3
1830,3,1,140000,140000,1,3
1830,4,3,32000,32000,1,3
1831,1,3,42000,42000,1,3
1831,1,18,20000,20000,1,3
1832,1,3,50000,50000,1,3
1832,1,19,50000,50000,1,3
1832,2,3,36000,36000,1,3
1832,3,1,40000,40000,1,3
1833,1,1,100000,100000,1,3
1833,2,3,20000,20000,1,3
1833,3,1,75000,75000,1,3
1834,1,1,70000,70000,1,3
1834,2,1,60000,60000,1,3
1835,1,3,47000,47000,1,3
1835,1,18,15000,15000,1,3
1836,1,3,49000,49000,1,3
1837,1,3,48000,48000,1,3
1837,3,1,200000,200000,1,3
1838,1,3,53600,53600,1,3
1839,1,16,20000,1666.66666666667,1,4
1839,1,22,50000,4166.66666666667,1,4
1840,2,19,10000,95200,2,3
1840,2,22,30000,10000,1,7
1841,1,3,35000,35000,1,3
1841,2,1,400000,400000,1,3
1842,1,3,65000,65000,1,3
1842,2,22,30000,2500,1,4
1843,1,1,51000,51000,1,3
1843,2,2,90000,90000,1,3
1843,2,16,30000,2500,1,4
1844,2,1,350000,350000,1,3
1844,3,1,350000,350000,1,3
1845,2,1,250000,250000,1,3
1846,1,1,170000,170000,1,3
1846,2,1,60000,60000,1,3
1846,3,1,140000,140000,1,3
1847,1,1,220000,220000,1,3
1847,1,19,300,144075,3,3
1847,2,1,240000,240000,1,3
1848,1,1,85000,85000,1,3
1848,1,3,40000,40000,1,3
1848,2,1,70000,70000,1,3
1848,3,1,70000,70000,1,3
1848,4,1,80000,80000,1,3
1849,1,1,400000,400000,1,3
1849,1,5,33000,33000,1,3
1849,1,19,630,100852.5,3,7
1849,2,13,65000,65000,1,3
1850,1,3,41000,41000,1,3
1850,1,13,65000,65000,1,3
1850,2,13,70000,70000,1,3
1850,4,1,205000,205000,1,3
1850,4,5,27000,27000,1,3
1850,4,19,500,240125,3,3
1851,1,13,75000,75000,1,3
1851,2,2,320000,320000,1,3
1851,3,1,215000,215000,1,3
1851,5,13,70000,70000,1,3
1852,1,3,45000,45000,1,3
1852,2,3,41000,41000,1,3
1852,4,13,62000,62000,1,3
1852,4,17,60000,60000,1,3
1852,4,19,700,336175,3,3
1853,1,3,43000,43000,1,3
1853,1,19,500,240125,3,3
1853,2,3,40000,40000,1,3
1854,1,1,180000,180000,1,3
1854,2,13,10000,10000,1,3
1854,3,1,160000,160000,1,3
1854,3,5,21000,21000,1,3
1855,1,13,115000,115000,1,3
1856,1,3,41500,41500,1,3
1856,2,3,37800,37800,1,3
1857,1,1,110000,110000,1,3
1857,1,13,15000,15000,1,3
1857,2,1,68000,68000,1,3
1858,1,3,42000,42000,1,3
1858,1,19,8000,76160,2,3
1858,2,3,38000,38000,1,3
1859,1,13,105000,105000,1,3
1860,1,3,42200,42200,1,3
1860,1,13,110000,110000,1,3
1861,1,3,39800,39800,1,3
1861,1,5,16000,16000,1,3
1861,1,18,10000,10000,1,3
1862,1,3,41400,41400,1,3
1862,1,13,15000,15000,1,3
1863,1,13,40000,40000,1,3
1863,1,19,20000,63466.6666666667,2,7
1864,1,3,40800,40800,1,3
1864,2,3,38500,38500,1,3
1864,3,13,100000,100000,1,3
1865,1,3,42600,42600,1,3
1865,1,19,9000,85680,2,3
1865,2,3,37800,37800,1,3
1866,1,3,41600,41600,1,3
1866,2,13,30000,30000,1,3
1867,1,13,110000,110000,1,3
1868,1,1,110000,110000,1,3
1868,2,1,50000,50000,1,3
1869,1,3,42500,42500,1,3
1870,1,3,43500,43500,1,3
1870,1,19,10000,95200,2,3
1871,1,13,120000,120000,1,3
1872,2,19,20000,190400,2,3
1873,1,3,22000,22000,1,3
1873,1,13,25000,25000,1,3
1873,4,5,33000,33000,1,3
1874,1,1,70000,70000,1,3
1874,3,1,117000,117000,1,3
1875,1,3,36000,36000,1,3
1875,2,1,130000,130000,1,3
1875,2,3,48000,48000,1,3
1875,3,1,120000,120000,1,3
1875,4,1,75000,75000,1,3
1876,1,3,28000,28000,1,3
1876,1,13,27000,27000,1,3
1877,1,3,41000,41000,1,3
1877,3,1,150000,50000,1,7
1878,1,1,90000,90000,1,3
1878,1,3,39000,39000,1,3
1879,1,13,30000,30000,1,3
1879,3,1,100000,100000,1,3
1880,1,1,58000,58000,1,3
1880,1,3,40000,40000,1,3
1880,2,1,90000,90000,1,3
1880,3,3,19000,19000,1,3
1881,3,1,160000,160000,1,3
1881,5,2,80000,80000,1,3
1882,1,3,30000,30000,1,3
1882,1,5,17000,17000,1,3
1882,2,3,30000,30000,1,3
1883,2,1,100000,100000,1,3
1884,1,3,107000,107000,1,3
1884,2,3,24000,24000,1,3
1884,4,1,70000,70000,1,3
1885,1,2,70000,70000,1,3
1885,2,1,60000,60000,1,3
1886,1,2,250000,250000,1,3
1886,1,19,30000,47600,2,5
1887,1,1,80000,80000,1,3
1888,1,3,42000,42000,1,3
1888,2,3,38000,38000,1,3
1889,1,1,150000,150000,1,3
1889,2,1,60000,60000,1,3
1890,1,1,100000,33333.3333333333,1,7
1890,2,1,80000,80000,1,3
1890,3,1,180000,180000,1,3
1891,1,2,300000,300000,1,3
1891,2,3,34000,34000,1,3
1892,1,3,24000,24000,1,3
1892,2,3,19000,19000,1,3
1892,2,5,23500,23500,1,3
1892,3,3,19000,19000,1,3
1893,1,1,80000,80000,1,3
1893,1,21,150000,25000,1,5
1893,2,1,50000,50000,1,3
1894,1,3,51000,51000,1,3
1894,2,1,70000,70000,1,3
1894,3,1,60000,60000,1,3
1895,1,1,270000,270000,1,3
1895,1,3,47000,47000,1,3
1895,2,1,210000,210000,1,3
1895,2,3,27000,27000,1,3
1896,1,1,85000,85000,1,3
1896,2,1,150000,150000,1,3
1897,2,1,230000,230000,1,3
1897,2,19,500,240125,3,3
1898,1,5,17000,17000,1,3
1898,1,11,55000,13750,1,6
1898,1,20,18000,18000,1,3
1898,2,3,19000,19000,1,3
1899,1,3,32000,32000,1,3
1899,3,1,150000,150000,1,3
1900,2,19,200,96050,3,3
1900,3,1,90000,90000,1,3
1900,4,8,18000,18000,1,3
1901,1,2,250000,83333.3333333333,1,7
1902,1,1,125000,125000,1,3
1902,2,1,122000,122000,1,3
1903,2,19,500,80041.6666666667,3,7
1904,1,3,47400,47400,1,3
1904,2,3,42300,42300,1,3
1905,1,1,130000,130000,1,3
1905,2,13,60000,60000,1,3
1906,1,3,47000,47000,1,3
1906,1,5,17000,17000,1,3
1907,3,1,60000,60000,1,3
1907,4,1,60000,60000,1,3
1908,1,3,37000,37000,1,3
1908,1,5,17000,17000,1,3
1909,1,3,28000,28000,1,3
1909,1,21,150000,50000,1,7
1909,2,3,56000,56000,1,3
1910,1,3,27000,27000,1,3
1910,2,3,28000,28000,1,3
1911,1,21,200000,66666.6666666667,1,7
1912,1,3,28000,28000,1,3
1912,1,21,80000,6666.66666666667,1,4
1912,2,19,48000,48000,1,3
1913,1,19,100000,100000,1,3
1913,2,2,150000,150000,1,3
1913,2,21,200000,16666.6666666667,1,4
1914,1,21,200000,16666.6666666667,1,4
1914,1,22,100000,33333.3333333333,1,7
1915,2,19,200000,66666.6666666667,1,7
1915,3,13,80000,80000,1,3
1916,1,3,16000,16000,1,3
1916,1,22,100000,33333.3333333333,1,7
1916,2,2,200000,200000,1,3
1917,1,21,100000,8333.33333333333,1,4
1917,2,13,80000,80000,1,3
1918,1,3,47000,47000,1,3
1918,1,19,200,96050,3,3
1919,1,1,120000,120000,1,3
1919,2,13,20000,20000,1,3
1919,3,3,19600,19600,1,3
1920,1,1,70000,70000,1,3
1920,2,13,24500,24500,1,3
1920,2,19,150,72037.5,3,3
1921,1,3,45000,45000,1,3
1921,2,1,85000,85000,1,3
1921,3,13,50000,50000,1,3
1922,1,1,80000,80000,1,3
1922,2,1,100000,100000,1,3
1923,1,1,60000,60000,1,3
1923,3,1,170000,170000,1,3
1924,1,1,80000,26666.6666666667,1,7
1924,2,1,45000,15000,1,7
1924,3,1,200000,200000,1,3
1925,1,1,180000,180000,1,3
1925,2,1,48000,48000,1,3
1925,3,2,42000,42000,1,3
1926,1,1,80000,80000,1,3
1926,2,1,47000,47000,1,3
1926,3,3,45500,45500,1,3
1927,1,19,150000,150000,1,3
1928,1,1,100000,100000,1,3
1928,3,1,100000,100000,1,3
1929,1,3,51000,51000,1,3
1929,2,3,41000,41000,1,3
1929,3,1,140000,140000,1,3
1930,1,1,400000,400000,1,3
1930,1,3,35000,35000,1,3
1930,2,1,550000,550000,1,3
1931,1,1,100000,100000,1,3
1931,2,1,70000,70000,1,3
1932,1,3,42500,42500,1,3
1933,1,1,50000,50000,1,3
1933,1,3,37000,37000,1,3
1933,3,1,100000,100000,1,3
1934,1,1,50000,50000,1,3
1935,1,1,350000,350000,1,3
1935,1,3,35000,35000,1,3
1935,2,1,250000,250000,1,3
1935,3,2,140000,140000,1,3
1936,1,3,35000,35000,1,3
1937,1,1,200000,200000,1,3
1937,1,19,500,80041.6666666667,3,7
1937,2,2,100000,100000,1,3
1937,6,2,60000,60000,1,3
1938,2,19,5000,47600,2,3
1939,1,1,90000,90000,1,3
1939,1,19,200,32016.6666666667,3,7
1940,1,3,34000,34000,1,3
1941,1,2,100000,100000,1,3
1941,3,1,85000,85000,1,3
1942,1,2,200000,200000,1,3
1942,2,19,200,96050,3,3
1943,1,3,30000,30000,1,3
1943,2,3,30000,30000,1,3
1944,1,3,35000,35000,1,3
1945,1,3,60000,60000,1,3
1945,1,13,40000,40000,1,3
1945,2,1,100000,100000,1,3
1946,2,5,29000,29000,1,3
1946,2,13,70000,70000,1,3
1947,1,13,80000,80000,1,3
1948,1,13,150000,150000,1,3
1949,1,1,195000,195000,1,3
1949,1,3,32000,32000,1,3
1949,2,1,225000,225000,1,3
1950,1,5,29000,29000,1,3
1950,1,13,70000,70000,1,3
1951,1,5,29000,29000,1,3
1951,1,13,80000,80000,1,3
1951,2,3,37000,37000,1,3
1952,1,3,40000,40000,1,3
1952,1,13,100000,100000,1,3
1953,1,3,42000,42000,1,3
1954,1,3,28500,28500,1,3
1954,1,5,22000,22000,1,3
1954,2,3,35000,35000,1,3
1955,1,1,120000,120000,1,3
1956,1,1,120000,120000,1,3
1957,1,3,28500,28500,1,3
1957,1,19,200,96050,3,3
1957,2,13,25000,25000,1,3
1958,1,2,200000,66666.6666666667,1,7
1958,2,13,25000,25000,1,3
1959,1,3,43000,43000,1,3
1959,1,19,100,48025,3,3
1960,1,1,120000,40000,1,7
1960,1,3,37000,37000,1,3
1960,2,1,80000,80000,1,3
1961,1,1,90000,90000,1,3
1961,2,13,30000,30000,1,3
1962,1,3,32000,32000,1,3
1962,1,19,200,32016.6666666667,3,7
1962,2,1,60000,20000,1,7
1963,1,22,90000,15000,1,5
1964,1,1,60000,60000,1,3
1964,1,3,35000,35000,1,3
1964,1,22,70000,70000,1,3
1964,2,3,35000,35000,1,3
1964,4,5,32000,32000,1,3
1965,1,1,150000,150000,1,3
1966,1,21,50000,16666.6666666667,1,7
1967,1,1,160000,160000,1,3
1967,3,1,80000,80000,1,3
1968,1,3,35000,35000,1,3
1968,1,19,80000,761600,2,3
1969,1,22,160000,53333.3333333333,1,7
1970,1,3,36000,36000,1,3
1970,3,3,40000,40000,1,3
1971,1,2,120000,120000,1,3
1971,1,22,60000,60000,1,3
1972,1,3,38000,38000,1,3
1973,1,3,39000,39000,1,3
1974,1,3,37000,37000,1,3
1974,2,1,60000,60000,1,3
1975,1,3,37000,37000,1,3
1975,1,5,17000,17000,1,3
1976,1,18,20000,20000,1,3
1977,1,3,36000,36000,1,3
1977,2,3,35000,35000,1,3
1977,3,1,150000,150000,1,3
1978,1,3,37000,37000,1,3
1978,1,19,100,48025,3,3
1979,1,1,50000,50000,1,3
1979,2,3,18000,18000,1,3
1980,2,1,100000,100000,1,3
1981,1,3,50000,50000,1,3
1982,1,1,70000,70000,1,3
1982,2,3,30000,30000,1,3
1983,1,3,40000,40000,1,3
1983,2,1,170000,170000,1,3
1983,3,13,10000,10000,1,3
1984,1,3,40000,40000,1,3
1985,1,3,35000,35000,1,3
1986,1,2,10000,10000,1,3
1986,1,13,8000,8000,1,3
1986,1,21,7000,7000,1,3
1987,2,5,27000,27000,1,3
1987,2,21,60000,20000,1,7
1988,1,3,29900,29900,1,3
1988,1,13,15000,15000,1,3
1988,2,3,35000,35000,1,3
1989,1,3,43000,43000,1,3
1990,1,1,86000,86000,1,3
1990,3,21,60000,5000,1,4
1990,6,1,120000,120000,1,3
1991,2,19,20000,190400,2,3
1991,3,1,120000,120000,1,3
1991,6,1,60000,60000,1,3
1992,1,22,40000,40000,1,3
1993,1,3,42000,42000,1,3
1993,2,1,110000,110000,1,3
1994,1,21,30000,2500,1,4
1995,2,5,22000,22000,1,3
1995,2,21,25000,8333.33333333333,1,7
1996,1,1,60000,60000,1,3
1997,2,19,100000,100000,1,3
1998,1,3,51000,51000,1,3
1998,3,1,150000,150000,1,3
1999,1,1,60000,60000,1,3
2000,1,1,70000,70000,1,3
2000,2,1,120000,120000,1,3
2001,1,1,250000,250000,1,3
2001,1,3,27000,27000,1,3
2001,1,19,1000,44727.5,4,4
2002,1,1,82000,82000,1,3
2003,1,1,45000,45000,1,3
2003,1,3,32000,32000,1,3
2004,1,3,32000,32000,1,3
2004,2,1,80000,80000,1,3
2005,2,1,3000,90000,1,1
2006,2,1,45000,45000,1,3
2007,1,1,1000,30000,1,1
2007,1,3,35000,35000,1,3
2007,1,21,50000,50000,1,3
2008,1,1,120000,120000,1,3
2008,2,13,20000,6666.66666666667,1,7
2009,1,13,70000,23333.3333333333,1,7
2009,1,19,5000,47600,2,3
2010,1,3,32000,32000,1,3
2011,1,3,70000,70000,1,3
2011,1,19,300000,25000,1,4
2011,2,5,36000,36000,1,3
2011,7,3,30000,30000,1,3
2012,1,1,85000,85000,1,3
2012,2,3,44000,44000,1,3
2012,2,19,2000,19040,2,3
2012,3,3,37000,37000,1,3
2013,1,3,27000,27000,1,3
2013,2,13,60000,20000,1,7
2014,1,13,40000,13333.3333333333,1,7
2015,1,21,100000,16666.6666666667,1,5
2015,7,3,30000,30000,1,3
2016,1,3,45000,45000,1,3
2016,2,21,60000,5000,1,4
2017,2,19,15000,142800,2,3
2018,1,19,10000,95200,2,3
2019,1,5,34000,34000,1,3
2019,1,18,70000,70000,1,3
2019,1,19,5000,47600,2,3
2020,1,2,120000,120000,1,3
2021,1,3,39000,39000,1,3
2021,2,1,50000,50000,1,3
2021,5,1,45000,45000,1,3
2022,4,1,45000,45000,1,3
2022,4,19,15000,142800,2,3
2022,7,19,5000,47600,2,3
2023,1,1,60000,60000,1,3
2023,1,3,34000,34000,1,3
2023,1,19,10000,95200,2,3
2023,2,1,40000,40000,1,3
2024,1,3,38000,38000,1,3
2024,2,1,45000,45000,1,3
2024,3,1,60000,60000,1,3
2024,5,1,45000,45000,1,3
2024,5,19,15000,142800,2,3
2025,1,5,21000,21000,1,3
2025,1,21,50000,16666.6666666667,1,7
2026,1,1,60000,60000,1,3
2026,2,1,60000,60000,1,3
2026,3,1,30000,30000,1,3
2026,4,1,60000,60000,1,3
2027,1,1,80000,80000,1,3
2028,1,2,150000,150000,1,3
2029,1,1,100000,100000,1,3
2029,1,3,37000,37000,1,3
2030,1,1,100000,100000,1,3
2030,2,1,50000,50000,1,3
2031,1,18,20000,20000,1,3
2032,1,19,50000,50000,1,3
2033,1,1,310000,310000,1,3
2034,1,1,70000,70000,1,3
2034,2,1,96000,96000,1,3
2034,2,3,48000,48000,1,3
2035,1,3,38000,38000,1,3
2035,2,1,120000,120000,1,3
2036,1,3,43000,43000,1,3
2036,1,19,8000,76160,2,3
2036,2,3,35000,35000,1,3
2037,1,1,180000,180000,1,3
2038,1,1,145000,145000,1,3
2038,2,1,65000,65000,1,3
2038,3,1,100000,100000,1,3
2038,5,1,75000,75000,1,3
2039,1,3,55000,55000,1,3
2039,2,3,37000,37000,1,3
2040,1,3,58000,58000,1,3
2040,2,1,112000,112000,1,3
2040,2,3,55000,55000,1,3
2040,4,2,100000,100000,1,3
2040,5,1,80000,80000,1,3
2041,1,3,44000,44000,1,3
2041,2,3,37000,37000,1,3
2041,3,2,80000,80000,1,3
2042,1,19,15000,142800,2,3
2043,1,3,30000,30000,1,3
2043,2,22,60000,20000,1,7
2043,3,1,50000,50000,1,3
2044,1,3,36000,36000,1,3
2044,2,1,60000,60000,1,3
2044,3,19,150,24012.5,3,7
2045,2,1,102000,102000,1,3
2045,2,19,80000,80000,1,3
2046,1,2,50000,50000,1,3
2046,1,3,42000,42000,1,3
2046,2,1,81000,81000,1,3
2046,2,3,32000,32000,1,3
2047,1,3,45000,45000,1,3
2048,1,1,50000,50000,1,3
2048,1,3,56000,56000,1,3
2049,1,3,40000,40000,1,3
2049,2,3,42000,42000,1,3
2049,3,1,55000,55000,1,3
2050,1,3,36000,36000,1,3
2050,2,6,16000,16000,1,3
2050,3,12,21000,21000,1,3
2051,1,3,39800,39800,1,3
2051,1,5,17000,17000,1,3
2052,1,5,17000,17000,1,3
2053,1,3,33000,33000,1,3
2053,2,21,30000,10000,1,7
2054,1,1,80000,80000,1,3
2055,1,1,45000,45000,1,3
2055,1,3,30000,30000,1,3
2056,1,1,60000,60000,1,3
2056,2,5,21000,21000,1,3
2057,1,22,5000,47600,2,3
2058,1,1,40000,13333.3333333333,1,7
2058,2,5,22000,22000,1,3
2059,2,5,28000,28000,1,3
2059,2,19,3000,28560,2,3
2060,1,21,30000,10000,1,7
2060,2,5,28000,28000,1,3
2061,1,3,47000,47000,1,3
2061,2,3,39000,39000,1,3
2062,1,1,65000,65000,1,3
2062,1,5,32000,32000,1,3
2062,2,3,18000,18000,1,3
2062,2,13,70000,70000,1,3
2062,3,3,18000,18000,1,3
2063,1,13,105000,105000,1,3
2063,1,19,200,96050,3,3
2064,2,13,65000,65000,1,3
2064,2,19,250,120062.5,3,3
2065,1,3,42000,42000,1,3
2065,1,13,105000,105000,1,3
2065,2,3,34000,34000,1,3
2066,1,1,45000,45000,1,3
2066,2,1,52000,52000,1,3
2066,2,13,40000,40000,1,3
2066,3,1,58000,58000,1,3
2067,1,3,36000,36000,1,3
2067,2,13,85000,85000,1,3
2068,1,1,205000,205000,1,3
2068,2,13,190000,190000,1,3
2068,3,1,270000,270000,1,3
2069,1,1,270000,270000,1,3
2069,1,13,120000,120000,1,3
2069,2,1,249000,249000,1,3
2069,3,1,222000,222000,1,3
2070,1,3,38000,38000,1,3
2070,1,13,170000,170000,1,3
2070,1,19,200,96050,3,3
2070,2,3,26000,26000,1,3
2071,2,22,30000,5000,1,5
2072,2,3,28000,28000,1,3
2073,2,5,28000,28000,1,3
2074,4,1,70000,70000,1,3
2075,1,13,30000,30000,1,3
2076,1,5,41000,41000,1,3
2077,1,3,29000,29000,1,3
2078,1,13,30000,7500,1,6
2079,1,1,110000,110000,1,3
2080,1,1,210000,210000,1,3
2080,2,13,150000,150000,1,3
2081,1,1,210000,210000,1,3
2081,1,3,50000,50000,1,3
2081,1,13,170000,170000,1,3
2081,2,1,200000,200000,1,3
2081,2,3,60000,60000,1,3
2081,3,1,260000,260000,1,3
2081,4,1,200000,200000,1,3
2082,1,3,42000,42000,1,3
2083,1,3,52000,52000,1,3
2083,1,13,20000,20000,1,3
2083,2,1,65000,65000,1,3
2083,2,3,50000,50000,1,3
2084,1,3,42000,42000,1,3
2085,1,13,180000,60000,1,7
2085,2,13,90000,90000,1,3
2086,1,1,120000,120000,1,3
2086,1,13,58000,14500,1,6
2086,2,1,60000,60000,1,3
2086,3,1,50000,50000,1,3
2087,1,1,100000,100000,1,3
2088,1,1,56000,56000,1,3
2088,2,13,16000,16000,1,3
2088,3,3,28000,28000,1,3
2089,1,1,40000,40000,1,3
2089,2,3,49000,49000,1,3
2089,2,19,100,48025,3,3
2090,1,1,95000,95000,1,3
2090,2,1,45000,45000,1,3
2091,1,3,39000,39000,1,3
2091,2,1,45000,45000,1,3
2091,2,19,100,48025,3,3
2092,1,1,50000,50000,1,3
2092,1,3,39000,39000,1,3
2092,2,19,100,48025,3,3
2093,1,3,17000,17000,1,3
2093,1,3,48000,48000,1,3
2093,2,1,135000,135000,1,3
2094,1,1,230000,230000,1,3
2094,2,1,45000,45000,1,3
2095,1,3,50000,50000,1,3
2095,1,19,150,72037.5,3,3
2096,1,3,40000,40000,1,3
2096,2,1,100000,100000,1,3
2096,3,19,40000,40000,1,3
2097,2,3,30000,30000,1,3
2097,3,1,80000,80000,1,3
2098,1,1,45000,45000,1,3
2098,1,3,39000,39000,1,3
2098,2,1,150000,150000,1,3
2099,1,3,30000,30000,1,3
2099,2,2,350000,350000,1,3
2100,1,3,36000,36000,1,3
2100,2,3,38000,38000,1,3
2100,3,1,80000,80000,1,3
2100,4,1,200000,200000,1,3
2101,1,1,300000,300000,1,3
2102,1,2,500000,500000,1,3
2103,1,3,48000,48000,1,3
2103,2,1,350000,350000,1,3
2104,1,1,330000,330000,1,3
2104,2,1,230000,230000,1,3
2105,1,3,43000,43000,1,3
2105,2,1,200000,66666.6666666667,1,7
2106,1,3,36000,36000,1,3
2106,1,5,17000,17000,1,3
2107,1,3,58000,58000,1,3
2107,2,1,210000,210000,1,3
2107,2,19,300,144075,3,3
2108,1,3,29000,29000,1,3
2108,2,1,150000,150000,1,3
2109,1,1,70000,70000,1,3
2110,2,2,170000,56666.6666666667,1,7
2110,3,5,28000,28000,1,3
2111,1,19,400,192100,3,3
2112,1,1,60000,60000,1,3
2112,1,3,28000,28000,1,3
2112,4,1,5000,5000,1,3
2112,4,5,28000,28000,1,3
2112,4,19,200,96050,3,3
2113,1,1,60000,60000,1,3
2113,2,1,50000,50000,1,3
2113,2,5,27000,27000,1,3
2113,2,19,300,144075,3,3
2114,2,19,200,96050,3,3
2114,6,3,21500,21500,1,3
2115,1,2,200000,200000,1,3
2115,2,1,70000,70000,1,3
2116,1,21,80000,26666.6666666667,1,7
2116,2,13,30000,30000,1,3
2117,2,19,300000,300000,1,3
2118,1,1,55000,55000,1,3
2119,1,1,50000,50000,1,3
2119,3,1,165000,165000,1,3
2119,4,3,46000,46000,1,3
2120,1,3,29600,29600,1,3
2120,1,19,500000,166666.666666667,1,7
2120,2,3,30400,30400,1,3
2121,2,1,50000,50000,1,3
2121,2,22,10000,10000,1,3
2122,1,21,60000,60000,1,3
2123,1,3,45000,45000,1,3
2123,1,21,7000,2333.33333333333,1,7
2124,1,3,55000,55000,1,3
2124,1,4,49000,49000,1,3
2125,1,1,239000,239000,1,3
2125,1,3,45000,45000,1,3
2126,1,3,35000,35000,1,3
2126,2,3,31000,31000,1,3
2126,2,5,23000,23000,1,3
2126,3,3,27000,27000,1,3
2127,1,1,60000,60000,1,3
2127,2,1,40000,40000,1,3
2127,2,13,15000,5000,1,7
2128,1,1,85000,85000,1,3
2128,2,13,40000,40000,1,3
2129,1,3,36000,36000,1,3
2129,2,3,35000,35000,1,3
2129,3,3,19000,19000,1,3
2129,5,1,35000,35000,1,3
2130,1,22,70000,70000,1,3
2130,2,1,200000,200000,1,3
2131,1,13,40000,13333.3333333333,1,7
2131,2,1,37000,37000,1,3
2131,2,18,30000,10000,1,7
2132,2,22,100000,100000,1,3
2132,4,1,300000,300000,1,3
2133,1,22,150000,12500,1,4
2133,2,13,10000,3333.33333333333,1,7
2134,3,1,60000,20000,1,7
2135,1,3,33600,33600,1,3
2135,1,5,17000,17000,1,3
2136,1,1,84000,84000,1,3
2136,6,3,46000,46000,1,3
2137,1,3,30000,30000,1,3
2137,2,1,70000,70000,1,3
2137,2,3,30000,30000,1,3
2138,1,3,39000,39000,1,3
2138,1,19,3000,9520,2,7
2139,1,3,50000,50000,1,3
2139,2,3,45000,45000,1,3
2140,2,1,65000,65000,1,3
2141,1,1,100000,100000,1,3
2141,3,3,41000,41000,1,3
2142,2,1,51000,51000,1,3
2143,1,1,250000,250000,1,3
2143,2,1,50000,50000,1,3
2144,1,3,37000,37000,1,3
2145,1,3,27000,27000,1,3
2146,1,3,36000,36000,1,3
2147,1,3,93000,93000,1,3
2147,2,1,42000,42000,1,3
2148,1,2,50000,50000,1,3
2149,1,3,70000,70000,1,3
2149,2,3,30000,30000,1,3
2149,4,1,76000,76000,1,3
2150,1,3,44000,44000,1,3
2150,1,22,25000,8333.33333333333,1,7
2151,1,3,37000,37000,1,3
2152,1,2,130000,130000,1,3
2152,2,2,100000,100000,1,3
2153,2,5,27000,27000,1,3
2153,2,21,60000,20000,1,7
2154,1,2,60000,60000,1,3
2154,2,1,85000,85000,1,3
2155,1,5,22000,22000,1,3
2155,2,1,40000,40000,1,3
2155,3,3,17000,17000,1,3
2156,1,3,56000,56000,1,3
2157,1,3,31000,31000,1,3
2157,3,19,10000,95200,2,3
2158,1,3,32000,32000,1,3
2158,2,3,38000,38000,1,3
2159,2,3,41000,41000,1,3
2159,2,22,200,96050,3,3
2159,4,1,90000,90000,1,3
2160,1,3,35000,35000,1,3
2160,3,1,50000,50000,1,3
2161,1,1,180000,180000,1,3
2161,2,3,26000,26000,1,3
2161,3,3,28500,28500,1,3
2162,1,3,33000,33000,1,3
2162,1,18,30000,30000,1,3
2163,1,1,220000,220000,1,3
2164,1,1,200000,200000,1,3
2164,2,1,150000,150000,1,3
2164,3,12,5000,5000,1,3
2165,1,1,200000,200000,1,3
2165,2,1,10000,10000,1,3
2166,1,1,80000,80000,1,3
2166,2,1,90000,90000,1,3
2166,3,1,120000,120000,1,3
2167,1,3,28500,28500,1,3
2167,1,19,10000,87100,2,3
2167,2,3,32000,32000,1,3
2167,3,1,60000,60000,1,3
2167,3,3,38000,38000,1,3
2168,1,1,240000,240000,1,3
2169,1,1,330000,330000,1,3
2169,2,1,280000,280000,1,3
2170,1,1,270000,270000,1,3
2170,2,1,310000,310000,1,3
2171,1,3,45000,45000,1,3
2171,2,3,32000,32000,1,3
2171,3,1,180000,180000,1,3
2171,4,1,100000,100000,1,3
2172,1,3,45000,45000,1,3
2172,1,18,10000,10000,1,3
2173,1,3,38000,38000,1,3
2173,1,5,16000,16000,1,3
2174,2,2,400000,400000,1,3
2175,1,3,39000,39000,1,3
2175,2,3,31000,31000,1,3
2175,2,18,7000,7000,1,3
2176,2,1,55000,55000,1,3
2176,2,21,70000,11666.6666666667,1,5
2176,4,15,60000,15000,1,6
2177,1,1,45000,45000,1,3
2177,3,1,75000,75000,1,3
2177,3,3,74000,74000,1,3
2178,1,3,23000,23000,1,3
2178,2,3,48000,48000,1,3
2178,3,1,100000,100000,1,3
2179,1,3,35000,35000,1,3
2180,1,1,150000,150000,1,3
2180,2,1,100000,100000,1,3
2180,3,1,80000,80000,1,3
2180,4,1,100000,100000,1,3
2180,6,3,41000,41000,1,3
2181,1,3,38000,38000,1,3
2181,2,18,2000,79186.6666666667,3,4
2182,1,1,150000,150000,1,3
2182,2,3,34000,34000,1,3
2182,3,2,130000,130000,1,3
2182,5,3,21500,21500,1,3
2182,7,2,100000,100000,1,3
2182,7,3,35000,35000,1,3
2183,1,1,53000,53000,1,3
2184,1,1,60000,60000,1,3
2184,2,1,45000,45000,1,3
2184,3,1,45000,45000,1,3
2184,4,1,120000,120000,1,3
2184,6,1,140000,140000,1,3
2185,1,3,47000,47000,1,3
2185,2,1,150000,150000,1,3
2186,1,1,42000,42000,1,3
2186,1,3,45000,45000,1,3
2186,2,1,60000,60000,1,3
2186,3,1,60000,60000,1,3
2187,1,3,59000,59000,1,3
2187,2,1,40000,40000,1,3
2187,3,1,60000,60000,1,3
2187,5,12,5000,5000,1,3
2188,1,3,39200,39200,1,3
2188,1,19,4000,34840,2,3
2189,1,2,80000,80000,1,3
2189,2,1,55000,55000,1,3
2189,3,2,50000,50000,1,3
2189,5,1,50000,50000,1,3
2190,1,21,60000,60000,1,3
2190,2,1,120000,120000,1,3
2191,1,1,60000,60000,1,3
2191,1,3,35000,35000,1,3
2191,1,21,80000,26666.6666666667,1,7
2191,2,2,80000,26666.6666666667,1,7
2191,2,21,30000,10000,1,7
2191,6,1,120000,120000,1,3
2191,6,21,180000,60000,1,7
2191,7,2,20000,20000,1,3
2192,1,3,50000,50000,1,3
2192,2,3,42600,42600,1,3
2192,2,17,60000,60000,1,3
2192,3,3,72500,72500,1,3
2193,1,18,80000,80000,1,3
2193,4,1,70000,70000,1,3
2193,6,1,90000,90000,1,3
2194,1,2,90000,90000,1,3
2194,5,3,49000,49000,1,3
2194,5,21,30000,30000,1,3
2194,6,3,42000,42000,1,3
2195,1,1,45000,45000,1,3
2196,1,3,41600,41600,1,3
2196,2,3,40500,40500,1,3
2197,1,3,23000,23000,1,3
2197,3,1,200000,200000,1,3
2197,4,1,90000,90000,1,3
2198,2,1,90000,90000,1,3
2199,1,1,120000,120000,1,3
2199,2,1,36000,36000,1,3
2200,1,1,330000,330000,1,3
2200,2,1,400000,400000,1,3
2200,3,8,36000,36000,1,3
2201,1,1,150000,150000,1,3
2202,1,1,250000,250000,1,3
2202,2,3,16000,16000,1,3
2203,1,3,35000,35000,1,3
2203,2,3,35000,35000,1,3
2203,4,1,120000,120000,1,3
2203,5,1,80000,80000,1,3
2204,1,3,30000,30000,1,3
2205,1,3,47000,47000,1,3
2205,2,3,28000,28000,1,3
2206,1,26,30000,30000,1,3
2206,2,1,214000,214000,1,3
2206,2,19,20000,174200,2,3
2207,1,1,200000,200000,1,3
2207,2,3,30000,30000,1,3
2207,3,3,35000,35000,1,3
2208,2,1,90000,90000,1,3
2208,3,1,90000,90000,1,3
2208,4,1,120000,120000,1,3
2209,1,3,40000,40000,1,3
2209,2,1,75000,75000,1,3
2209,2,3,33000,33000,1,3
2210,2,19,150000,150000,1,3
2211,1,3,58000,58000,1,3
2211,2,3,49000,49000,1,3
2212,1,1,50000,50000,1,3
2212,1,3,30000,30000,1,3
2212,3,1,64000,64000,1,3
2213,1,3,45000,45000,1,3
2213,2,1,100000,100000,1,3
2213,3,1,200000,200000,1,3
2214,1,3,33000,33000,1,3
2214,2,3,37000,37000,1,3
2214,3,1,60000,60000,1,3
2215,1,1,200000,200000,1,3
2216,1,3,35000,35000,1,3
2216,3,1,160000,160000,1,3
2216,4,1,80000,80000,1,3
2216,5,1,80000,80000,1,3
2217,1,3,40000,40000,1,3
2217,2,1,100000,100000,1,3
2217,2,20,13500,13500,1,3
2218,1,3,39000,39000,1,3
2218,2,3,34000,34000,1,3
2218,3,1,180000,180000,1,3
2218,4,8,18000,18000,1,3
2219,1,3,43000,43000,1,3
2219,2,3,37000,37000,1,3
2219,3,1,170000,170000,1,3
2220,1,3,42000,42000,1,3
2220,2,19,20000,174200,2,3
2221,1,1,270000,270000,1,3
2221,1,3,43000,43000,1,3
2221,2,1,260000,260000,1,3
2222,3,1,200000,200000,1,3
2223,1,20,9450,9450,1,3
2223,7,1,200000,200000,1,3
2224,1,2,150000,150000,1,3
2224,2,2,70000,70000,1,3
2225,1,5,28000,28000,1,3
2226,2,1,90000,90000,1,3
2227,1,3,44000,44000,1,3
2227,1,19,250,118780,3,3
2228,1,3,56000,56000,1,3
2228,2,3,44000,44000,1,3
2229,1,1,80000,80000,1,3
2230,3,1,80000,80000,1,3
2231,1,1,250000,250000,1,3
2231,2,2,45000,45000,1,3
2232,1,3,34000,34000,1,3
2232,2,1,180000,180000,1,3
2233,1,1,270000,270000,1,3
2233,1,2,250000,250000,1,3
2233,1,19,200,106556,4,3
2233,2,1,300000,300000,1,3
2234,1,1,100000,100000,1,3
2234,1,3,50000,50000,1,3
2234,3,2,150000,150000,1,3
2234,4,2,100000,100000,1,3
2235,1,1,65000,65000,1,3
2235,1,3,50000,50000,1,3
2235,2,1,60000,60000,1,3
2235,3,1,100000,100000,1,3
2236,2,3,40800,40800,1,3
2237,1,1,180000,180000,1,3
2237,1,2,80000,80000,1,3
2237,2,1,60000,60000,1,3
2238,1,3,100000,100000,1,3
2238,2,1,270000,270000,1,3
2238,2,3,57000,57000,1,3
2238,3,1,310000,310000,1,3
2238,4,1,260000,260000,1,3
2239,1,3,40800,40800,1,3
2240,1,1,210000,210000,1,3
2240,2,8,18000,18000,1,3
2241,1,1,300000,300000,1,3
2241,1,2,150000,150000,1,3
2241,1,19,300,142536,3,3
2241,2,8,18000,18000,1,3
2242,1,3,38000,38000,1,3
2243,1,3,58000,58000,1,3
2243,2,3,62000,62000,1,3
2244,1,2,130000,130000,1,3
2244,1,19,155000,155000,1,3
2245,1,3,49000,49000,1,3
2246,1,1,100000,100000,1,3
2246,1,19,100000,33333.3333333333,1,7
2246,4,3,34000,34000,1,3
2246,6,1,60000,60000,1,3
2247,1,2,70000,70000,1,3
2248,1,3,24000,24000,1,3
2248,2,1,90000,90000,1,3
2248,3,19,50000,50000,1,3
2249,1,1,70000,70000,1,3
2249,2,2,70000,70000,1,3
2250,1,1,60000,60000,1,3
2250,1,3,40000,40000,1,3
2250,2,1,60000,60000,1,3
2250,4,2,7000,7000,1,3
2251,1,3,55000,55000,1,3
2252,1,3,30000,30000,1,3
2253,1,1,50000,50000,1,3
2253,1,21,30000,30000,1,3
2254,1,1,190000,190000,1,3
2254,2,1,85000,85000,1,3
2255,1,5,34000,34000,1,3
2256,1,3,80000,80000,1,3
2256,2,3,45000,45000,1,3
2256,3,1,200000,200000,1,3
2257,1,2,72000,72000,1,3
2257,2,2,30000,30000,1,3
2258,3,1,100000,100000,1,3
2258,4,1,90000,90000,1,3
2258,7,1,110000,110000,1,3
2259,1,3,25000,25000,1,3
2259,2,1,40000,40000,1,3
2259,5,1,30000,30000,1,3
2260,1,1,300000,300000,1,3
2260,1,3,57000,57000,1,3
2260,2,3,40000,40000,1,3
2261,1,3,32000,32000,1,3
2261,2,1,150000,150000,1,3
2261,4,12,4500,4500,1,3
2262,1,3,37000,37000,1,3
2262,1,22,50000,16666.6666666667,1,7
2263,1,1,150000,150000,1,3
2263,3,1,120000,120000,1,3
2263,4,1,100000,100000,1,3
2264,1,3,86000,86000,1,3
2264,2,1,90000,90000,1,3
2264,2,3,54000,54000,1,3
2265,1,3,57000,57000,1,3
2266,1,3,48000,48000,1,3
2266,4,2,200000,200000,1,3
2266,5,3,42000,42000,1,3
2267,1,19,150000,150000,1,3
2267,3,1,120000,120000,1,3
2268,1,3,55000,55000,1,3
2268,1,5,17000,17000,1,3
2269,1,1,150000,150000,1,3
2269,2,26,7000,60970,2,3
2270,1,1,57000,57000,1,3
2271,1,1,150000,150000,1,3
2271,1,22,30000,2500,1,4
2272,1,3,40800,40800,1,3
2272,1,19,100,53278,4,3
2273,3,1,65000,65000,1,3
2273,4,1,200000,200000,1,3
2274,1,19,15000,130650,2,3
2274,4,2,50000,50000,1,3
2275,1,3,38300,38300,1,3
2275,2,1,90000,90000,1,3
2275,2,5,19000,19000,1,3
2275,3,3,16000,16000,1,3
2275,4,3,16000,16000,1,3
2276,1,1,90000,90000,1,3
2277,1,1,100000,100000,1,3
2277,2,1,20000,20000,1,3
2278,1,1,380000,380000,1,3
2278,1,5,27000,27000,1,3
2278,2,1,230000,230000,1,3
2279,1,1,330000,330000,1,3
2279,1,19,300,142536,3,3
2279,2,1,220000,220000,1,3
2280,1,1,70000,70000,1,3
2280,2,1,150000,150000,1,3
2280,2,5,27000,27000,1,3
2280,3,1,80000,80000,1,3
2281,1,3,42000,42000,1,3
2281,2,3,37000,37000,1,3
2281,4,1,220000,220000,1,3
2281,4,19,500,237560,3,3
2282,1,3,25000,25000,1,3
2282,1,17,45000,45000,1,3
2282,1,19,500,237560,3,3
2283,2,1,225000,225000,1,3
2283,2,5,33000,33000,1,3
2283,2,19,600,285072,3,3
2284,1,3,55000,55000,1,3
2284,2,2,230000,230000,1,3
2284,2,19,100,53278,4,3
2285,1,3,41000,41000,1,3
2285,1,19,200,106556,4,3
2286,1,2,180000,180000,1,3
2286,3,1,370000,370000,1,3
2287,1,3,42000,42000,1,3
2287,2,3,38500,38500,1,3
2288,1,1,90000,90000,1,3
2288,2,19,250,44398.3333333333,4,7
2289,2,13,18000,18000,1,3
2289,2,19,20000,174200,2,3
2290,1,3,40500,40500,1,3
2290,2,3,38600,38600,1,3
2290,3,3,20000,20000,1,3
2291,1,3,39600,39600,1,3
2291,3,19,25000,217750,2,3
2292,1,13,110000,110000,1,3
2293,1,3,41500,41500,1,3
2293,2,13,105000,105000,1,3
2294,1,13,100000,100000,1,3
2295,1,3,41400,41400,1,3
2295,1,5,16000,16000,1,3
2296,1,3,41800,41800,1,3
2296,1,19,25000,72583.3333333333,2,7
2296,2,3,38800,38800,1,3
2297,1,3,40800,40800,1,3
2297,2,3,38500,38500,1,3
2298,1,13,80000,80000,1,3
2298,2,1,68000,68000,1,3
2299,1,1,120000,120000,1,3
2299,2,13,50000,16666.6666666667,1,7
2300,1,1,150000,150000,1,3
2300,2,13,30000,10000,1,7
2301,1,13,100000,100000,1,3
2302,1,3,41400,41400,1,3
2302,1,19,250,44398.3333333333,4,7
2303,1,3,43000,43000,1,3
2303,1,13,95000,95000,1,3
2304,1,13,50000,50000,1,3
2304,1,19,300,47512,3,7
2305,1,1,45000,45000,1,3
2305,2,1,80000,80000,1,3
2305,3,13,90000,90000,1,3
2306,1,3,23000,23000,1,3
2306,2,1,100000,33333.3333333333,1,7
2306,3,5,32000,32000,1,3
2306,3,13,20000,20000,1,3
2307,1,3,35000,35000,1,3
2307,2,2,10000,10000,1,3
2307,2,3,35000,35000,1,3
2307,4,5,40000,40000,1,3
2307,4,13,20000,20000,1,3
2308,2,2,150000,150000,1,3
2308,3,13,30000,30000,1,3
2309,1,1,40000,40000,1,3
2309,1,13,80000,80000,1,3
2310,1,13,70000,23333.3333333333,1,7
2311,1,3,36000,36000,1,3
2311,2,3,17000,17000,1,3
2311,2,5,19000,19000,1,3
2312,1,3,29000,29000,1,3
2312,2,3,34000,34000,1,3
2313,1,3,35000,35000,1,3
2313,2,13,80000,26666.6666666667,1,7
2314,1,3,35000,35000,1,3
2314,1,19,3000,8710,2,7
2315,1,3,33000,33000,1,3
2315,1,5,17000,17000,1,3
2315,2,3,30000,30000,1,3
2316,1,13,120000,40000,1,7
2317,1,1,55000,55000,1,3
2317,1,13,50000,16666.6666666667,1,7
2318,1,3,40000,40000,1,3
2318,1,19,2000,17420,2,3
2319,1,1,130000,130000,1,3
2319,2,13,50000,12500,1,6
2320,1,3,38000,38000,1,3
2320,1,5,17000,17000,1,3
2320,1,13,60000,20000,1,7
2321,1,13,20000,6666.66666666667,1,7
2321,1,19,20000,174200,2,3
2322,1,13,50000,16666.6666666667,1,7
2322,2,1,130000,130000,1,3
2323,1,3,23000,23000,1,3
2323,2,1,120000,120000,1,3
2324,1,18,25000,25000,1,3
2324,1,19,100,53278,4,3
2325,2,3,23000,23000,1,3
2325,3,1,65000,65000,1,3
2326,1,1,80000,80000,1,3
2326,2,1,94600,31533.3333333333,1,7
2326,3,1,100000,100000,1,3
2327,1,1,125000,125000,1,3
2327,2,5,28000,28000,1,3
2327,4,12,4650,4650,1,3
2328,2,1,110000,110000,1,3
2329,1,3,34000,34000,1,3
2329,2,1,47000,47000,1,3
2330,1,3,22000,22000,1,3
2330,2,19,25000,217750,2,3
2331,2,1,180000,180000,1,3
2331,5,1,150000,50000,1,7
2332,1,1,185000,185000,1,3
2333,1,1,170000,170000,1,3
2334,2,19,1000,158373.333333333,3,7
2335,1,1,115000,115000,1,3
2335,3,1,95000,95000,1,3
2336,1,1,200000,200000,1,3
2336,1,25,20000,20000,1,3
2337,1,1,110000,110000,1,3
2337,2,1,95000,95000,1,3
2338,1,1,175000,175000,1,3
2339,1,2,75000,75000,1,3
2339,2,1,95000,95000,1,3
2339,3,1,85000,85000,1,3
2340,1,3,47000,47000,1,3
2341,1,1,300000,300000,1,3
2341,3,1,350000,350000,1,3
2341,4,1,270000,270000,1,3
2342,1,3,28000,28000,1,3
2342,2,3,33000,33000,1,3
2342,2,19,300,47512,3,7
2343,1,3,37000,37000,1,3
2343,2,3,27000,27000,1,3
2344,1,19,50,26639,4,3
2345,1,2,100000,100000,1,3
2346,1,3,30000,30000,1,3
2346,1,19,100000,100000,1,3
2347,1,2,150000,150000,1,3
2348,1,3,40000,40000,1,3
2348,1,19,48000,16000,1,7
2349,1,19,50000,50000,1,3
2350,1,13,70000,23333.3333333333,1,7
2351,1,13,140000,140000,1,3
2352,1,13,120000,40000,1,7
2352,4,1,75000,75000,1,3
2353,1,13,225000,75000,1,7
2354,1,13,100000,100000,1,3
2355,1,13,115000,38333.3333333333,1,7
2356,1,13,130000,43333.3333333333,1,7
2357,1,13,85000,28333.3333333333,1,7
2358,1,13,85000,28333.3333333333,1,7
2358,2,21,50000,16666.6666666667,1,7
2359,1,13,80000,26666.6666666667,1,7
2360,1,21,60000,60000,1,3
2361,1,3,96000,96000,1,3
2362,4,1,70000,70000,1,3
2363,1,3,30000,30000,1,3
2363,1,13,73700,73700,1,3
2363,3,2,130000,130000,1,3
2363,7,1,230000,230000,1,3
2364,1,3,52000,52000,1,3
2364,1,13,100000,33333.3333333333,1,7
2364,3,1,195000,195000,1,3
2365,1,3,37000,37000,1,3
2366,1,13,100000,33333.3333333333,1,7
2367,1,13,400000,133333.333333333,1,7
2368,1,3,40000,40000,1,3
2368,2,1,100000,100000,1,3
2368,3,1,200000,200000,1,3
2369,1,2,200000,200000,1,3
2369,4,3,20000,20000,1,3
2370,1,3,40000,40000,1,3
2370,2,1,90000,90000,1,3
2370,2,3,60000,60000,1,3
2370,3,1,70000,70000,1,3
2371,2,1,140000,140000,1,3
2371,3,1,120000,120000,1,3
2372,3,2,60000,60000,1,3
2372,4,1,40000,40000,1,3
2372,8,3,45000,45000,1,3
2373,1,1,170000,170000,1,3
2373,2,3,30000,30000,1,3
2374,1,1,60000,60000,1,3
2374,2,1,60000,60000,1,3
2375,1,1,50000,50000,1,3
2375,2,1,60000,60000,1,3
2376,1,3,39000,39000,1,3
2376,1,19,100,15837.3333333333,3,7
2377,1,5,28000,28000,1,3
2377,1,13,50000,50000,1,3
2378,1,3,42000,42000,1,3
2378,2,3,30000,30000,1,3
2379,1,1,80000,80000,1,3
2379,3,3,21000,21000,1,3
2379,8,3,42000,42000,1,3
2380,1,1,80000,80000,1,3
2381,1,1,130000,130000,1,3
2381,1,5,28000,28000,1,3
2382,1,1,40000,40000,1,3
2382,2,1,65000,65000,1,3
2383,1,5,17000,17000,1,3
2383,1,13,30000,30000,1,3
2384,3,1,140000,140000,1,3
2385,1,5,28000,28000,1,3
2385,1,13,50000,50000,1,3
2386,1,3,39500,39500,1,3
2386,1,5,17000,17000,1,3
2387,1,1,180000,180000,1,3
2388,1,1,75000,75000,1,3
2388,2,1,65000,65000,1,3
2388,3,13,50000,50000,1,3
2388,6,3,38000,38000,1,3
2389,1,3,40000,40000,1,3
2389,2,3,38000,38000,1,3
2389,3,1,75000,75000,1,3
2389,4,13,40000,40000,1,3
2390,1,3,40000,40000,1,3
2390,1,13,76900,76900,1,3
2390,2,1,228000,228000,1,3
2390,2,3,38000,38000,1,3
2390,3,1,225000,225000,1,3
2391,1,18,60000,60000,1,3
2392,1,3,45500,45500,1,3
2392,2,1,45000,45000,1,3
2392,2,13,35000,35000,1,3
2392,3,3,21000,21000,1,3
2393,1,13,100000,100000,1,3
2393,1,19,200,95024,3,3
2394,1,5,28000,28000,1,3
2394,1,13,70000,70000,1,3
2395,1,3,34000,34000,1,3
2396,1,3,35000,35000,1,3
2397,1,3,30000,30000,1,3
2397,4,1,75000,75000,1,3
2398,1,22,200000,200000,1,3
2399,2,1,40000,40000,1,3
2400,1,3,30000,30000,1,3
2401,1,3,30000,30000,1,3
2401,1,19,60000,60000,1,3
2401,2,3,29000,29000,1,3
2402,1,1,300000,300000,1,3
2402,1,3,50000,50000,1,3
2402,2,1,210000,210000,1,3
2402,3,1,390000,390000,1,3
2403,1,3,30000,30000,1,3
2403,2,3,25000,25000,1,3
2403,4,5,29000,29000,1,3
2404,1,3,39000,39000,1,3
2404,2,1,85000,85000,1,3
2405,2,1,100000,100000,1,3
2405,6,1,90000,90000,1,3
2406,1,2,150000,50000,1,7
2406,1,3,27000,27000,1,3
2406,8,1,85000,85000,1,3
2406,9,1,150000,50000,1,7
2407,1,3,38000,38000,1,3
2407,2,3,39000,39000,1,3
2407,3,3,25000,25000,1,3
2408,1,3,52000,52000,1,3
2409,2,19,20000,174200,2,3
2409,3,1,100000,100000,1,3
2410,2,1,80000,80000,1,3
2411,1,3,38500,38500,1,3
2411,1,5,17000,17000,1,3
2412,2,13,69900,69900,1,3
2412,2,19,15000,130650,2,3
2413,1,3,55000,55000,1,3
2413,1,5,17000,17000,1,3
2414,1,2,120000,120000,1,3
2415,2,19,15000,43550,2,7
2415,2,19,15000,43550,2,7
2416,2,5,28000,28000,1,3
2416,2,22,40000,40000,1,3
2417,1,5,17000,17000,1,3
2417,1,21,5000,5000,1,3
2418,1,2,80000,80000,1,3
2418,1,3,17000,17000,1,3
2418,2,5,17000,17000,1,3
2418,2,21,20000,20000,1,3
2419,1,1,100000,100000,1,3
2419,2,5,44500,44500,1,3
2419,2,21,30000,30000,1,3
2420,1,1,80000,80000,1,3
2420,2,1,30000,30000,1,3
2420,2,3,31000,31000,1,3
2420,3,1,80000,80000,1,3
2420,4,3,43000,43000,1,3
2421,1,27,35000,35000,1,3
2421,2,3,47000,47000,1,3
2421,2,6,17000,4250,1,6
2422,2,5,33000,33000,1,3
2422,2,21,50000,16666.6666666667,1,7
2423,2,21,250000,20833.3333333333,1,4
2423,3,3,21000,21000,1,3
2423,4,1,60000,60000,1,3
2424,2,13,30000,10000,1,7
2424,2,21,40000,13333.3333333333,1,7
2425,1,3,37000,37000,1,3
2425,1,21,300000,25000,1,4
2426,1,3,31000,31000,1,3
2426,1,13,60000,20000,1,7
2427,1,3,27000,27000,1,3
2427,1,21,40000,13333.3333333333,1,7
2428,1,3,42000,42000,1,3
2428,2,3,40000,40000,1,3
2429,2,21,100000,16666.6666666667,1,5
2429,3,1,100000,100000,1,3
2430,1,3,45000,45000,1,3
2430,2,3,26000,26000,1,3
2430,2,5,23500,23500,1,3
2431,1,3,33000,33000,1,3
2431,1,5,17000,17000,1,3
2432,1,3,28000,28000,1,3
2432,1,19,10000,87100,2,3
2433,1,3,31000,31000,1,3
2433,2,3,30800,30800,1,3
2433,2,5,17000,17000,1,3
2434,1,3,16000,16000,1,3
2434,1,5,20000,20000,1,3
2434,2,1,50000,50000,1,3
2435,1,2,3000,90000,1,1
2435,1,3,42000,42000,1,3
2436,1,1,200000,200000,1,3
2436,2,1,50000,50000,1,3
2437,3,1,2000,60000,1,1
2438,1,1,250000,250000,1,3
2438,2,1,300000,300000,1,3
2438,4,1,270000,270000,1,3
2438,4,3,42000,42000,1,3
2439,1,3,60000,60000,1,3
2439,2,3,42000,42000,1,3
2439,2,19,200,95024,3,3
2439,3,1,35000,35000,1,3
2440,1,3,30000,30000,1,3
2440,3,5,28000,28000,1,3
2441,1,1,70000,70000,1,3
2441,2,1,70000,70000,1,3
2442,1,3,37000,37000,1,3
2442,1,19,2000,5806.66666666667,2,7
2442,2,1,40000,40000,1,3
2442,2,5,17000,17000,1,3
2443,1,3,35000,35000,1,3
2444,1,3,30000,30000,1,3
2444,2,3,60000,60000,1,3
2444,3,5,17000,17000,1,3
2444,3,19,1000,8710,2,3
2445,2,1,60000,60000,1,3
2445,2,19,6000,52260,2,3
2445,4,5,28000,28000,1,3
2446,1,3,35000,35000,1,3
2446,2,3,30000,30000,1,3
2446,3,1,90000,90000,1,3
2446,4,19,5000,43550,2,3
2447,1,3,38000,38000,1,3
2447,1,18,10000,10000,1,3
2447,1,19,1000,2903.33333333333,2,7
2448,1,1,100000,100000,1,3
2448,2,1,135000,135000,1,3
2449,1,1,55000,55000,1,3
2449,1,19,10000,29033.3333333333,2,7
2450,2,19,15000,130650,2,3
2451,1,1,150000,150000,1,3
2452,1,19,250,118780,3,3
2453,1,3,42000,42000,1,3
2453,2,22,80000,26666.6666666667,1,7
2454,1,1,85000,85000,1,3
2455,2,1,100000,100000,1,3
2455,3,1,100000,100000,1,3
2455,4,1,50000,50000,1,3
2456,1,1,150000,150000,1,3
2457,1,3,43000,43000,1,3
2457,1,18,50000,50000,1,3
2458,1,2,400000,400000,1,3
2459,1,1,210000,210000,1,3
2459,2,1,80000,80000,1,3
2460,1,1,220000,220000,1,3
2460,5,3,32000,32000,1,3
2461,1,1,380000,380000,1,3
2461,2,1,274000,274000,1,3
2462,2,1,78000,78000,1,3
2462,7,3,58000,58000,1,3
2462,7,5,32000,32000,1,3
2462,8,3,42000,42000,1,3
2463,3,3,56000,56000,1,3
2463,4,1,150000,150000,1,3
2463,5,1,150000,150000,1,3
2464,4,1,150000,150000,1,3
2465,1,1,330000,330000,1,3
2465,3,1,470000,470000,1,3
2466,1,1,100000,100000,1,3
2466,1,19,10000,87100,2,3
2466,4,1,100000,100000,1,3
2467,1,3,31500,31500,1,3
2467,1,18,20000,20000,1,3
2468,1,3,42000,42000,1,3
2469,1,2,180000,180000,1,3
2470,2,1,70000,70000,1,3
2470,2,19,20000,174200,2,3
2471,1,1,250000,250000,1,3
2472,1,1,120000,120000,1,3
2472,1,22,60000,60000,1,3
2473,1,3,25600,25600,1,3
2473,2,1,120000,120000,1,3
2474,1,2,350000,350000,1,3
2475,1,3,58000,58000,1,3
2476,1,3,42000,42000,1,3
2477,2,1,80000,80000,1,3
2477,3,5,28000,28000,1,3
2478,1,1,60000,60000,1,3
2478,1,3,33000,33000,1,3
2479,2,19,12000,104520,2,3
2480,1,1,120000,120000,1,3
2480,2,1,70000,70000,1,3
2481,1,1,50000,50000,1,3
2481,4,1,50000,50000,1,3
2482,1,3,35000,35000,1,3
2482,1,5,17000,17000,1,3
2483,1,5,28000,28000,1,3
2483,1,19,8000,5806.66666666667,2,4
2484,1,3,44000,44000,1,3
2484,1,5,17000,17000,1,3
2485,1,22,5000,14516.6666666667,2,7
2485,4,3,32000,32000,1,3
2486,1,21,200,7918.66666666667,3,4
2487,1,3,40000,40000,1,3
2487,1,5,17000,17000,1,3
2488,1,2,7000,28000,1,2
2489,2,1,50000,50000,1,3
2490,1,22,100000,33333.3333333333,1,7
2491,1,1,40000,40000,1,3
2491,1,3,30000,30000,1,3
2492,1,1,80000,80000,1,3
2493,1,3,62000,62000,1,3
2493,2,1,120000,120000,1,3
2494,1,3,42000,42000,1,3
2494,1,5,18000,18000,1,3
2494,1,13,90000,90000,1,3
2495,1,3,36000,36000,1,3
2495,1,13,35000,35000,1,3
2495,2,1,120000,120000,1,3
2496,1,3,45000,45000,1,3
2496,1,5,18000,18000,1,3
2497,2,13,85000,85000,1,3
2497,2,19,20000,174200,2,3
2497,4,1,210000,210000,1,3
2498,1,13,80000,80000,1,3
2498,1,19,12000,104520,2,3
2499,1,3,39000,39000,1,3
2499,1,13,85000,85000,1,3
2499,1,19,50,1979.66666666667,3,4
2500,1,1,270000,270000,1,3
2500,1,3,36000,36000,1,3
2500,1,19,40,19004.8,3,3
2500,2,3,25000,25000,1,3
2500,2,13,100000,100000,1,3
2501,1,3,42000,42000,1,3
2501,2,13,130000,130000,1,3
2501,2,19,150,71268,3,3
2502,1,3,32000,32000,1,3
2502,1,13,60000,60000,1,3
2502,1,19,150,71268,3,3
2503,1,3,23000,23000,1,3
2503,2,5,21000,21000,1,3
2504,1,1,55000,55000,1,3
2504,1,3,28000,28000,1,3
2505,1,13,30000,7500,1,6
2505,1,22,15000,43550,2,7
2506,2,5,28000,28000,1,3
2506,2,19,300,47512,3,7
2507,1,19,500,59390,3,6
2508,2,5,28000,28000,1,3
2508,2,22,80000,20000,1,6
2509,1,19,25000,54437.5,2,6
2510,1,5,28000,28000,1,3
2511,1,13,60000,5000,1,4
2512,1,3,45000,45000,1,3
2512,1,19,400,71037.3333333333,4,7
2513,1,3,42000,42000,1,3
2514,1,1,310000,310000,1,3
2514,1,13,115000,115000,1,3
2514,2,1,195000,195000,1,3
2515,1,1,310000,310000,1,3
2515,1,13,95000,95000,1,3
2515,2,1,370000,370000,1,3
2516,1,3,65300,65300,1,3
2517,1,3,53500,53500,1,3
2518,1,1,180000,180000,1,3
2518,2,13,20000,20000,1,3
2519,1,3,32000,32000,1,3
2519,2,1,50000,50000,1,3
2519,3,1,120000,120000,1,3
2520,1,3,45000,45000,1,3
2520,2,3,45000,45000,1,3
2521,1,1,140000,140000,1,3
2522,2,1,300000,300000,1,3
2522,2,19,150,71268,3,3
2523,1,3,43500,43500,1,3
2524,1,1,100000,100000,1,3
2524,3,1,120000,120000,1,3
2525,1,1,90000,90000,1,3
2525,1,3,58000,58000,1,3
2525,2,3,45000,45000,1,3
2526,1,3,45000,45000,1,3
2526,2,3,30000,30000,1,3
2526,3,1,50000,50000,1,3
2527,1,1,100000,100000,1,3
2528,1,1,180000,180000,1,3
2528,2,8,18000,18000,1,3
2529,1,1,90000,90000,1,3
2530,1,1,250000,250000,1,3
2531,1,1,250000,250000,1,3
2532,1,1,300000,300000,1,3
2532,2,1,220000,220000,1,3
2532,3,1,350000,350000,1,3
2533,1,1,200000,200000,1,3
2534,1,1,150000,150000,1,3
2535,1,3,46000,46000,1,3
2535,1,5,17000,17000,1,3
2536,1,1,150000,150000,1,3
2536,3,1,120000,120000,1,3
2537,1,1,200000,200000,1,3
2538,1,3,84000,84000,1,3
2538,3,1,200000,200000,1,3
2539,1,2,200000,200000,1,3
2540,1,2,25000,25000,1,3
2540,1,13,144500,144500,1,3
2540,2,1,215000,215000,1,3
2540,2,2,55000,55000,1,3
2540,3,1,270000,270000,1,3
2541,1,3,43000,43000,1,3
2541,2,1,97000,97000,1,3
2541,2,2,80000,80000,1,3
2542,1,3,40000,40000,1,3
2542,2,1,90000,90000,1,3
2542,3,5,30000,30000,1,3
2542,3,13,45000,45000,1,3
2543,1,18,100,47512,3,3
2543,2,1,85000,85000,1,3
2543,2,3,35000,35000,1,3
2544,1,3,38000,38000,1,3
2544,3,1,100000,100000,1,3
2544,4,13,45000,45000,1,3
2545,1,3,45000,45000,1,3
2545,2,3,55000,55000,1,3
2545,3,2,300000,300000,1,3
2545,4,13,220000,220000,1,3
2546,3,1,50000,50000,1,3
2546,3,3,16000,16000,1,3
2547,1,3,36000,36000,1,3
2547,2,1,90000,90000,1,3
2548,1,21,90000,30000,1,7
2548,2,18,50000,16666.6666666667,1,7
2549,1,1,67000,67000,1,3
2549,1,21,39000,13000,1,7
2550,1,13,16000,16000,1,3
2550,1,19,10000,87100,2,3
2551,1,13,65000,65000,1,3
2551,2,13,34000,34000,1,3
2552,1,1,40000,40000,1,3
2552,1,21,100000,33333.3333333333,1,7
2552,2,1,40000,40000,1,3
2552,4,1,68000,68000,1,3
2553,1,13,10000,10000,1,3
2553,1,21,60000,20000,1,7
2554,1,5,28000,28000,1,3
2554,1,13,30000,10000,1,7
2554,2,3,16000,16000,1,3
2554,2,13,12000,12000,1,3
2555,1,3,60000,60000,1,3
2555,2,3,50000,50000,1,3
2555,3,1,45000,45000,1,3
2555,3,3,36000,36000,1,3
2556,1,21,100000,33333.3333333333,1,7
2556,2,3,30985,30985,1,3
2557,1,2,150000,150000,1,3
2557,2,1,70000,70000,1,3
2558,1,1,80000,80000,1,3
2558,3,1,180000,180000,1,3
2559,3,1,240000,240000,1,3
2560,1,3,54000,54000,1,3
2560,2,3,54000,54000,1,3
2561,1,3,50000,50000,1,3
2561,2,1,95000,95000,1,3
2562,1,1,48000,48000,1,3
2562,1,3,48000,48000,1,3
2562,3,2,5000,150000,1,1
2562,4,1,67000,67000,1,3
2562,7,3,62000,62000,1,3
2563,1,1,69000,69000,1,3
2563,1,5,27000,27000,1,3
2563,1,18,20000,20000,1,3
2564,1,1,340000,340000,1,3
2564,2,3,16000,16000,1,3
2564,3,1,250000,250000,1,3
2565,1,3,45000,45000,1,3
2565,1,19,10000,87100,2,3
2565,2,3,48000,48000,1,3
2566,1,13,48000,48000,1,3
2566,3,5,29000,29000,1,3
2567,1,2,47000,47000,1,3
2568,1,3,52000,52000,1,3
2569,1,3,35000,35000,1,3
2569,1,13,450000,150000,1,7
2569,2,3,35000,35000,1,3
2569,3,3,75000,75000,1,3
2569,4,3,16000,16000,1,3
2570,2,1,63000,63000,1,3
2570,3,1,120000,120000,1,3
2571,1,2,70000,70000,1,3
2572,1,1,50000,50000,1,3
2573,1,3,33000,33000,1,3
2573,2,6,18000,4500,1,6
2573,6,3,50000,50000,1,3
2574,1,18,15000,15000,1,3
2574,1,21,5000,5000,1,3
2575,1,3,30000,30000,1,3
2576,1,3,30000,30000,1,3
2576,5,1,55000,55000,1,3
2577,1,1,100000,100000,1,3
2578,1,1,100000,100000,1,3
2578,2,3,30000,30000,1,3
2578,3,1,120000,120000,1,3
2578,4,2,90000,90000,1,3
2579,1,2,200000,200000,1,3
2579,6,3,30000,30000,1,3
2579,7,3,30000,30000,1,3
2580,2,1,115000,115000,1,3
2580,5,3,30000,30000,1,3
2581,1,3,30000,30000,1,3
2582,1,19,10000,29033.3333333333,2,7
2582,1,26,10000,87100,2,3
2582,2,3,27000,27000,1,3
2583,1,1,265000,265000,1,3
2583,1,13,136100,136100,1,3
2583,3,1,205000,205000,1,3
2584,1,1,140000,140000,1,3
2584,1,3,40000,40000,1,3
2584,2,3,40000,40000,1,3
2584,3,1,120000,120000,1,3
2584,4,1,86000,86000,1,3
2585,1,3,52000,52000,1,3
2585,1,5,17000,17000,1,3
2586,1,3,50000,50000,1,3
2587,1,1,90000,90000,1,3
2587,1,3,37000,37000,1,3
2587,1,17,100000,100000,1,3
2588,1,3,50000,50000,1,3
2588,2,1,400000,400000,1,3
2589,2,19,15000,130650,2,3
2590,1,1,150000,150000,1,3
2591,1,1,55000,55000,1,3
2591,2,1,75000,75000,1,3
2592,1,1,280000,280000,1,3
2593,1,1,230000,230000,1,3
2593,2,1,330000,330000,1,3
2594,1,1,9000,9000,1,3
2594,2,1,80000,80000,1,3
2595,2,3,53000,53000,1,3
2595,3,19,20000,166400,2,3
2596,1,1,330000,330000,1,3
2597,1,18,120000,120000,1,3
2597,2,25,50000,50000,1,3
2598,2,1,90000,90000,1,3
2598,2,19,20000,166400,2,3
2599,1,1,100000,100000,1,3
2599,2,1,90000,90000,1,3
2600,1,1,330000,330000,1,3
2601,1,1,110000,110000,1,3
2601,2,1,200000,200000,1,3
2602,1,1,60000,60000,1,3
2602,1,3,47000,47000,1,3
2602,2,3,32000,32000,1,3
2603,1,1,220000,220000,1,3
2603,1,17,60000,60000,1,3
2604,1,1,200000,200000,1,3
2604,2,18,15000,15000,1,3
2605,1,3,55000,55000,1,3
2606,1,2,220000,220000,1,3
2606,2,2,260000,260000,1,3
2607,1,2,150000,150000,1,3
2607,2,2,120000,120000,1,3
2607,6,2,100000,100000,1,3
2608,1,3,44000,44000,1,3
2608,2,18,10000,10000,1,3
2609,1,3,26000,26000,1,3
2609,2,1,150000,150000,1,3
2609,3,1,90000,90000,1,3
2610,1,3,55000,55000,1,3
2610,1,21,40000,3333.33333333333,1,4
2611,1,3,39000,39000,1,3
2611,2,1,50000,50000,1,3
2611,2,3,42000,42000,1,3
2612,1,3,32000,32000,1,3
2613,1,3,65000,65000,1,3
2613,2,3,55000,55000,1,3
2614,1,18,100,47733,3,3
2615,1,3,38000,38000,1,3
2616,1,3,37000,37000,1,3
2616,2,1,100000,100000,1,3
2617,1,3,45000,45000,1,3
2618,1,1,58000,58000,1,3
2618,2,1,87000,87000,1,3
2618,3,1,90000,90000,1,3
2619,1,3,37600,37600,1,3
2619,1,19,200,95466,3,3
2620,1,3,36600,36600,1,3
2620,1,18,30000,30000,1,3
2620,2,3,35500,35500,1,3
2620,2,21,50000,50000,1,3
2620,3,2,120000,120000,1,3
2621,1,1,70000,70000,1,3
2621,2,21,40000,40000,1,3
2621,4,1,80000,80000,1,3
2622,1,3,46000,46000,1,3
2622,2,3,41000,41000,1,3
2622,4,21,80000,26666.6666666667,1,7
2623,1,3,40000,40000,1,3
2623,2,3,40000,40000,1,3
2623,3,1,120000,120000,1,3
2623,6,12,50000,50000,1,3
2624,1,1,80000,80000,1,3
2624,1,3,41500,41500,1,3
2624,2,1,120000,120000,1,3
2625,1,3,41000,41000,1,3
2625,2,1,90000,90000,1,3
2625,3,1,90000,90000,1,3
2626,1,3,37000,37000,1,3
2626,1,21,15000,15000,1,3
2627,1,2,80000,80000,1,3
2627,1,3,41500,41500,1,3
2628,1,1,150000,150000,1,3
2628,4,12,5000,5000,1,3
2628,5,3,40000,40000,1,3
2629,1,3,39000,39000,1,3
2629,2,3,25000,25000,1,3
2629,2,19,10000,83200,2,3
2630,1,3,58000,58000,1,3
2630,2,22,250000,250000,1,3
2631,2,3,27000,27000,1,3
2631,4,19,80000,80000,1,3
2632,1,3,40000,40000,1,3
2633,1,3,38000,38000,1,3
2633,3,1,240000,240000,1,3
2633,5,1,290000,290000,1,3
2633,6,1,330000,330000,1,3
2634,2,1,300000,300000,1,3
2634,3,19,200000,200000,1,3
2635,1,3,45000,45000,1,3
2635,3,1,70000,70000,1,3
2636,1,3,43000,43000,1,3
2636,1,19,10000,27733.3333333333,2,7
2637,1,3,42000,42000,1,3
2637,2,3,25000,25000,1,3
2637,3,1,150000,150000,1,3
2637,4,2,50000,50000,1,3
2638,2,19,140000,46666.6666666667,1,7
2639,2,19,20000,166400,2,3
2639,3,1,350000,350000,1,3
2639,5,1,270000,270000,1,3
2640,1,1,90000,90000,1,3
2640,3,1,90000,90000,1,3
2640,4,1,70000,70000,1,3
2641,1,1,100000,100000,1,3
2641,3,1,150000,150000,1,3
2642,1,3,48000,48000,1,3
2643,1,3,39000,39000,1,3
2644,1,21,60000,15000,1,6
2645,1,1,180000,180000,1,3
2646,2,3,16000,16000,1,3
2646,2,19,6000,16640,2,7
2646,3,1,90000,90000,1,3
2646,4,1,90000,90000,1,3
2647,1,1,250000,250000,1,3
2647,4,2,150000,150000,1,3
2648,2,1,400000,400000,1,3
2648,4,1,430000,430000,1,3
2649,1,1,380000,380000,1,3
2649,3,2,300000,300000,1,3
2649,5,1,250000,250000,1,3
2650,1,1,100000,100000,1,3
2650,1,3,36000,36000,1,3
2650,2,1,60000,60000,1,3
2651,1,1,250000,250000,1,3
2651,2,1,250000,250000,1,3
2651,2,19,100000,100000,1,3
2652,1,1,150000,150000,1,3
2652,1,3,30000,30000,1,3
2652,2,1,70000,70000,1,3
2652,3,1,70000,70000,1,3
2653,1,2,150000,150000,1,3
2653,3,1,80000,80000,1,3
2653,5,3,38000,38000,1,3
2654,1,1,140000,140000,1,3
2654,1,3,58000,58000,1,3
2655,1,1,90000,90000,1,3
2655,1,3,36000,36000,1,3
2655,5,1,75000,25000,1,7
2656,1,1,85000,85000,1,3
2656,1,3,35000,35000,1,3
2656,3,1,180000,180000,1,3
2656,4,8,18000,18000,1,3
2657,1,3,40000,40000,1,3
2657,2,1,70000,70000,1,3
2658,1,1,120000,120000,1,3
2658,2,1,100000,100000,1,3
2658,4,1,60000,10000,1,5
2658,5,8,18000,18000,1,3
2659,1,1,80000,80000,1,3
2659,1,3,39500,39500,1,3
2659,2,1,65000,65000,1,3
2660,1,1,100000,100000,1,3
2660,2,1,60000,60000,1,3
2661,1,3,52500,52500,1,3
2662,2,2,90000,90000,1,3
2662,3,1,65000,65000,1,3
2663,1,3,49500,49500,1,3
2663,7,2,80000,80000,1,3
2664,1,3,40000,40000,1,3
2664,2,1,70000,70000,1,3
2664,3,1,200000,200000,1,3
2666,1,3,34000,34000,1,3
2666,2,5,35000,35000,1,3
2667,2,1,200000,200000,1,3
2668,1,2,350000,350000,1,3
2668,2,1,60000,60000,1,3
2669,1,1,270000,270000,1,3
2669,2,8,18000,18000,1,3
2669,2,19,300,143199,3,3
2670,1,3,40000,40000,1,3
2670,2,22,200000,33333.3333333333,1,5
2671,1,1,150000,150000,1,3
2671,4,1,80000,80000,1,3
2672,2,2,180000,180000,1,3
2672,2,19,300,143199,3,3
2672,3,1,250000,250000,1,3
2673,1,1,112000,112000,1,3
2674,1,19,80000,80000,1,3
2675,1,3,48000,48000,1,3
2676,1,2,50000,50000,1,3
2676,1,21,18000,6000,1,7
2677,1,3,60000,60000,1,3
2677,2,3,20000,20000,1,3
2677,3,1,60000,60000,1,3
2678,1,5,22500,22500,1,3
2678,1,21,12000,1000,1,4
2679,1,3,48160,48160,1,3
2679,1,19,50000,16666.6666666667,1,7
2680,1,1,60000,60000,1,3
2680,3,1,60000,60000,1,3
2681,1,3,39000,39000,1,3
2681,1,18,10000,10000,1,3
2681,1,19,38000,12666.6666666667,1,7
2682,2,1,120000,120000,1,3
2683,1,1,300000,300000,1,3
2683,1,3,48000,48000,1,3
2683,2,1,300000,300000,1,3
2684,1,1,10000,10000,1,3
2684,2,1,90000,90000,1,3
2685,1,1,230000,230000,1,3
2685,2,1,230000,230000,1,3
2685,2,3,34000,34000,1,3
2685,3,1,400000,400000,1,3
2686,1,2,210000,210000,1,3
2686,2,1,226000,226000,1,3
2687,2,1,50000,50000,1,3
2687,2,3,45000,45000,1,3
2688,1,3,41000,41000,1,3
2688,1,22,3000,8320,2,7
2689,1,3,62000,62000,1,3
2689,1,6,17000,2833.33333333333,1,5
2689,2,3,54900,54900,1,3
2690,1,3,35000,35000,1,3
2690,2,1,200000,200000,1,3
2690,3,1,95000,95000,1,3
2691,2,1,33000,33000,1,3
2692,1,3,40000,40000,1,3
2692,2,1,150000,150000,1,3
2692,5,5,17000,17000,1,3
2693,1,3,40000,40000,1,3
2693,2,1,200000,200000,1,3
2694,1,1,75000,75000,1,3
2694,1,3,30000,30000,1,3
2694,2,2,38000,38000,1,3
2695,1,1,70000,70000,1,3
2695,1,3,59000,59000,1,3
2695,2,3,36000,36000,1,3
2696,1,22,120000,120000,1,3
2697,2,2,400000,400000,1,3
2697,5,1,210000,210000,1,3
2697,5,22,300000,100000,1,7
2698,1,1,250000,250000,1,3
2698,2,1,240000,240000,1,3
2698,3,1,300000,300000,1,3
2698,4,1,270000,270000,1,3
2699,1,3,42000,42000,1,3
2700,1,3,60000,60000,1,3
2701,1,1,350000,350000,1,3
2701,2,2,130000,130000,1,3
2702,1,1,200000,200000,1,3
2702,2,1,70000,70000,1,3
2702,4,3,45000,45000,1,3
2703,1,15,90000,7500,1,4
2703,3,1,270000,270000,1,3
2704,1,3,42000,42000,1,3
2704,1,5,18000,18000,1,3
2705,1,3,21000,21000,1,3
2705,2,2,50000,50000,1,3
2706,2,19,10000,83200,2,3
2706,3,1,100000,100000,1,3
2706,4,1,80000,80000,1,3
2707,1,1,370000,370000,1,3
2707,1,19,200,95466,3,3
2708,1,1,350000,350000,1,3
2708,2,1,244000,244000,1,3
2709,1,1,64000,64000,1,3
2709,2,1,80000,80000,1,3
2709,3,1,90000,90000,1,3
2710,1,13,80000,80000,1,3
2710,1,13,550000,183333.333333333,1,7
2710,2,1,370000,370000,1,3
2710,2,13,200000,16666.6666666667,1,4
2711,1,13,750000,250000,1,7
2711,2,13,145000,145000,1,3
2711,3,1,380000,380000,1,3
2712,1,3,47000,47000,1,3
2712,1,19,200,95466,3,3
2712,2,3,41000,41000,1,3
2712,2,13,80000,80000,1,3
2713,1,1,240000,240000,1,3
2713,1,13,80000,26666.6666666667,1,7
2713,1,19,150,71599.5,3,3
2714,1,1,320000,320000,1,3
2714,1,5,33000,33000,1,3
2714,1,13,80000,26666.6666666667,1,7
2714,2,13,105000,105000,1,3
2715,1,3,45000,45000,1,3
2715,1,13,80000,80000,1,3
2715,2,3,41000,41000,1,3
2715,2,13,75000,75000,1,3
2715,3,1,230000,230000,1,3
2715,4,1,210000,210000,1,3
2716,1,1,330000,330000,1,3
2716,1,13,500000,166666.666666667,1,7
2716,1,19,250,119332.5,3,3
2716,2,13,75000,75000,1,3
2717,2,13,80000,80000,1,3
2717,2,13,1000000,250000,1,6
2717,2,19,300,143199,3,3
2717,3,1,260000,260000,1,3
2717,3,13,300000,25000,1,4
2717,4,13,65000,65000,1,3
2718,1,1,280000,280000,1,3
2718,1,5,27000,27000,1,3
2718,1,13,550000,183333.333333333,1,7
2718,2,13,75000,75000,1,3
2719,1,1,260000,260000,1,3
2720,1,1,214000,214000,1,3
2720,1,3,28600,28600,1,3
2720,1,19,20000,55466.6666666667,2,7
2721,2,19,10000,83200,2,3
2722,1,3,41600,41600,1,3
2722,1,19,20000,55466.6666666667,2,7
2722,2,3,37400,37400,1,3
2723,1,3,43500,43500,1,3
2723,2,1,250000,83333.3333333333,1,7
2723,3,1,90000,90000,1,3
2724,1,1,120000,120000,1,3
2724,2,1,95000,95000,1,3
2725,1,1,120000,120000,1,3
2726,1,3,42500,42500,1,3
2727,1,3,44800,44800,1,3
2727,2,1,90000,90000,1,3
2728,1,13,110000,110000,1,3
2729,1,3,39600,39600,1,3
2730,1,13,125000,125000,1,3
2731,1,3,41000,41000,1,3
2731,1,13,10000,10000,1,3
2732,1,13,120000,120000,1,3
2733,2,13,68300,68300,1,3
2733,2,19,25000,208000,2,3
2734,1,3,40600,40600,1,3
2735,1,1,100000,100000,1,3
2736,2,13,67100,67100,1,3
2736,2,19,21000,174720,2,3
2737,1,1,50000,50000,1,3
2737,2,13,150000,50000,1,7
2738,1,3,40000,40000,1,3
2738,2,3,30000,30000,1,3
2738,3,3,29000,29000,1,3
2738,4,1,80000,80000,1,3
2738,5,13,30000,30000,1,3
2739,1,3,40000,40000,1,3
2739,2,13,200000,66666.6666666667,1,7
2740,1,3,32000,32000,1,3
2740,2,13,65000,21666.6666666667,1,7
2741,1,2,300000,300000,1,3
2741,1,13,50000,50000,1,3
2741,3,3,16000,16000,1,3
2742,1,3,30100,30100,1,3
2742,1,13,200000,66666.6666666667,1,7
2742,3,5,32000,32000,1,3
2742,3,13,200000,66666.6666666667,1,7
2743,1,3,35000,35000,1,3
2743,1,13,300000,100000,1,7
2743,2,3,16000,16000,1,3
2744,1,3,45000,45000,1,3
2744,2,3,46000,46000,1,3
2744,4,1,65000,65000,1,3
2745,1,3,16000,16000,1,3
2745,1,13,300000,100000,1,7
2745,2,3,18000,18000,1,3
2745,3,5,28000,28000,1,3
2746,2,1,75000,75000,1,3
2746,2,19,10000,83200,2,3
2746,3,1,60000,60000,1,3
2747,1,2,150000,150000,1,3
2747,3,12,5000,5000,1,3
2748,1,3,32000,32000,1,3
2748,2,2,200000,200000,1,3
2748,4,13,50000,16666.6666666667,1,7
2749,1,3,35000,35000,1,3
2749,2,1,80000,26666.6666666667,1,7
2749,2,3,36000,36000,1,3
2750,1,2,200000,200000,1,3
2751,1,3,45000,45000,1,3
2751,1,5,17000,17000,1,3
2751,1,19,5000,13866.6666666667,2,7
2752,1,1,120000,120000,1,3
2752,2,1,50000,50000,1,3
2752,3,1,150000,150000,1,3
2752,4,1,120000,120000,1,3
2752,5,1,60000,60000,1,3
2753,1,3,60000,60000,1,3
2753,2,2,160000,160000,1,3
2754,1,5,34000,34000,1,3
2754,1,13,150000,50000,1,7
2755,1,5,17000,17000,1,3
2755,1,13,7800,2600,1,7
2755,1,18,20000,20000,1,3
2756,1,3,42000,42000,1,3
2757,1,1,450000,450000,1,3
2758,1,3,60000,60000,1,3
2758,1,18,50000,50000,1,3
2759,2,5,28000,28000,1,3
2759,2,18,20000,6666.66666666667,1,7
2759,2,19,5000,41600,2,3
2760,1,1,60000,60000,1,3
2760,2,1,20000,20000,1,3
2761,1,1,85000,85000,1,3
2761,1,21,30000,10000,1,7
2762,1,1,120000,120000,1,3
2762,1,18,30000,10000,1,7
2763,1,3,42000,42000,1,3
2763,2,3,30000,30000,1,3
2763,3,1,120000,120000,1,3
2764,1,3,48000,48000,1,3
2765,1,3,39500,39500,1,3
2765,2,3,40000,40000,1,3
2765,3,13,120000,120000,1,3
2765,6,1,95000,95000,1,3
2766,1,3,47000,47000,1,3
2767,1,3,42400,42400,1,3
2767,2,13,130000,43333.3333333333,1,7
2767,3,1,80000,26666.6666666667,1,7
2768,1,2,200000,200000,1,3
2768,4,3,18000,18000,1,3
2768,5,3,47000,47000,1,3
2769,1,1,130000,130000,1,3
2769,1,3,45000,45000,1,3
2769,2,3,35000,35000,1,3
2770,1,1,95000,95000,1,3
2770,6,1,105000,105000,1,3
2770,7,3,39000,39000,1,3
2771,1,1,80000,80000,1,3
2772,1,3,46300,46300,1,3
2772,2,13,170000,170000,1,3
2773,1,13,150000,150000,1,3
2774,2,13,100000,100000,1,3
2774,2,19,200,95466,3,3
2775,1,13,150000,150000,1,3
2776,1,1,120000,120000,1,3
2776,2,21,100000,33333.3333333333,1,7
2777,1,2,100000,33333.3333333333,1,7
2777,1,19,100000,100000,1,3
2777,1,21,100000,33333.3333333333,1,7
2778,1,13,200000,200000,1,3
2779,1,13,160000,160000,1,3
2780,1,18,100000,33333.3333333333,1,7
2781,1,3,34000,34000,1,3
2781,1,19,120,57279.6,3,3
2782,1,13,150000,50000,1,7
2782,3,1,170000,170000,1,3
2783,1,13,200000,66666.6666666667,1,7
2784,1,13,135000,45000,1,7
2784,4,1,200000,200000,1,3
2785,1,13,188000,62666.6666666667,1,7
2786,1,1,120000,40000,1,7
2786,2,1,100000,33333.3333333333,1,7
2786,3,1,135000,45000,1,7
2786,4,1,70000,23333.3333333333,1,7
2787,1,1,80000,26666.6666666667,1,7
2787,1,13,69000,69000,1,3
2787,1,19,150,71599.5,3,3
2788,1,1,100000,33333.3333333333,1,7
2788,1,3,46000,46000,1,3
2788,2,1,150000,150000,1,3
2788,3,1,80000,26666.6666666667,1,7
2789,2,1,80000,80000,1,3
2789,2,19,200,95466,3,3
2790,1,3,42500,42500,1,3
2790,2,13,110000,36666.6666666667,1,7
2790,4,2,165000,165000,1,3
2791,1,1,70000,70000,1,3
2792,1,3,38000,38000,1,3
2792,2,3,39000,39000,1,3
2792,3,1,150000,150000,1,3
2793,1,1,1500,45000,1,1
2793,1,3,16000,16000,1,3
2793,2,1,27000,27000,1,3
2793,2,3,50000,50000,1,3
2793,4,19,100000,100000,1,3
2793,5,3,21000,21000,1,3
2794,1,2,150000,150000,1,3
2794,4,1,120000,120000,1,3
2795,1,1,120000,120000,1,3
2796,1,1,200000,200000,1,3
2797,1,1,240000,240000,1,3
2797,2,1,215000,215000,1,3
2798,1,1,310000,310000,1,3
2798,2,3,23000,23000,1,3
2798,3,1,300000,300000,1,3
2799,3,1,140000,140000,1,3
2800,1,3,27000,27000,1,3
2800,1,19,2000,16640,2,3
2801,1,21,30000,30000,1,3
2802,1,3,25000,25000,1,3
2802,1,19,10000,83200,2,3
2803,1,5,35000,35000,1,3
2804,2,19,10000,83200,2,3
2805,1,1,450000,450000,1,3
2805,2,1,210000,210000,1,3
2805,3,1,300000,300000,1,3
2806,1,1,300000,300000,1,3
2806,2,1,300000,300000,1,3
2806,3,1,170000,170000,1,3
2807,1,3,52000,52000,1,3
2807,2,3,41000,41000,1,3
2808,2,1,120000,120000,1,3
2809,1,3,42000,42000,1,3
2809,2,13,60000,60000,1,3
2810,1,3,40000,40000,1,3
2810,1,13,50000,50000,1,3
2810,2,3,32000,32000,1,3
2811,1,3,42000,42000,1,3
2811,1,13,50000,50000,1,3
2811,2,3,31000,31000,1,3
2812,1,13,50000,50000,1,3
2812,3,1,120000,120000,1,3
2813,1,1,80000,80000,1,3
2813,2,13,50000,50000,1,3
2814,1,1,80000,80000,1,3
2814,2,13,60000,60000,1,3
2814,3,1,80000,80000,1,3
2815,1,13,50000,50000,1,3
2815,2,1,80000,80000,1,3
2816,1,1,120000,120000,1,3
2816,2,13,50000,50000,1,3
2816,3,1,100000,100000,1,3
2817,1,1,90000,90000,1,3
2817,2,13,50000,50000,1,3
2817,3,1,100000,100000,1,3
2818,1,3,43000,43000,1,3
2818,1,19,100,47733,3,3
2819,1,2,200000,66666.6666666667,1,7
2819,2,5,28000,28000,1,3
2820,1,3,41000,41000,1,3
2820,3,19,400,190932,3,3
2821,2,1,120000,120000,1,3
2822,1,1,250000,250000,1,3
2823,1,3,52000,52000,1,3
2823,1,19,200,95466,3,3
2823,2,3,43000,43000,1,3
2824,1,3,50000,50000,1,3
2824,2,3,40000,40000,1,3
2824,4,1,75000,75000,1,3
2824,4,19,400,190932,3,3
2825,1,1,160000,160000,1,3
2826,1,1,140000,46666.6666666667,1,7
2827,1,3,41000,41000,1,3
2827,1,13,30000,30000,1,3
2827,2,1,160000,160000,1,3
2828,1,3,45000,45000,1,3
2828,3,13,80000,26666.6666666667,1,7
2829,1,3,40000,40000,1,3
2829,2,3,30000,30000,1,3
2829,2,13,25000,25000,1,3
2829,3,3,60000,60000,1,3
2830,1,3,37000,37000,1,3
2830,3,3,36000,36000,1,3
2830,3,13,20000,20000,1,3
2831,2,13,20000,20000,1,3
2832,1,3,36000,36000,1,3
2832,2,13,18000,18000,1,3
2833,1,13,15000,15000,1,3
2834,1,3,43000,43000,1,3
2834,2,3,49000,49000,1,3
2834,2,13,30000,30000,1,3
2835,1,1,80000,80000,1,3
2835,1,3,43000,43000,1,3
2835,2,13,15000,15000,1,3
2836,1,19,150,71599.5,3,3
2837,1,3,41000,41000,1,3
2838,2,19,20000,166400,2,3
2839,1,3,38000,38000,1,3
2839,2,19,10000,83200,2,3
2840,1,3,19000,19000,1,3
2840,2,1,120000,40000,1,7
2840,2,3,19000,19000,1,3
2841,1,1,60000,60000,1,3
2842,1,1,80000,80000,1,3
2842,1,5,28000,28000,1,3
2843,1,5,22500,22500,1,3
2843,2,3,16000,16000,1,3
2843,3,3,16000,16000,1,3
2844,1,3,41000,41000,1,3
2845,1,21,80000,80000,1,3
2845,2,13,15000,15000,1,3
2845,4,5,43000,43000,1,3
2846,1,2,50000,50000,1,3
2846,2,21,50000,50000,1,3
2847,1,3,42000,42000,1,3
2847,1,13,22000,22000,1,3
2847,3,19,20000,20000,1,3
2848,1,13,10000,10000,1,3
2848,1,21,5000,5000,1,3
2849,2,13,15000,15000,1,3
2849,2,19,30000,83200,2,7
2849,4,5,32000,32000,1,3
2850,2,19,90000,249600,2,7
2850,10,3,36000,36000,1,3
2851,2,19,30000,83200,2,7
2852,1,1,80000,80000,1,3
2852,1,3,21000,21000,1,3
2852,2,1,50000,50000,1,3
2852,5,13,30000,30000,1,3
2853,2,5,32000,32000,1,3
2853,2,13,15000,15000,1,3
2853,2,19,30000,83200,2,7
2853,6,3,32000,32000,1,3
2854,1,3,38000,38000,1,3
2854,1,13,25000,8333.33333333333,1,7
2854,2,3,32000,32000,1,3
2855,1,13,45000,45000,1,3
2855,2,1,57000,57000,1,3
2856,2,21,42000,10500,1,6
2857,1,3,33000,33000,1,3
2857,1,5,17000,17000,1,3
2858,1,5,23000,23000,1,3
2858,1,13,20000,20000,1,3
2858,2,21,30000,10000,1,7
2859,1,1,61000,61000,1,3
2859,1,21,20000,6666.66666666667,1,7
2860,1,3,32000,32000,1,3
2860,1,22,50000,16666.6666666667,1,7
2860,5,5,21000,21000,1,3
2861,2,3,28000,28000,1,3
2861,2,21,40000,13333.3333333333,1,7
2862,1,3,39000,39000,1,3
2863,1,3,38000,38000,1,3
2863,2,1,50000,50000,1,3
2864,1,1,50000,50000,1,3
2865,1,1,75000,75000,1,3
2865,2,1,45000,45000,1,3
2865,3,1,60000,60000,1,3
2866,1,3,37000,37000,1,3
2866,1,18,30000,30000,1,3
2867,2,3,18000,18000,1,3
2867,2,5,22000,22000,1,3
2868,1,3,34000,34000,1,3
2868,1,5,17000,17000,1,3
2869,2,1,1500,45000,1,1
2869,2,19,5000,41600,2,3
2870,1,3,29000,29000,1,3
2870,1,19,5000,3466.66666666667,2,4
2870,2,1,7500,225000,1,1
2870,2,19,50,26263.5,4,3
2871,1,3,32000,32000,1,3
2871,1,5,17000,17000,1,3
2872,1,1,120000,120000,1,3
2872,1,3,30000,30000,1,3
2872,2,1,100000,100000,1,3
2873,1,3,35000,35000,1,3
2873,1,21,15000,2500,1,5
2874,1,5,30000,30000,1,3
2874,1,19,4000,33280,2,3
2874,2,3,24000,24000,1,3
2874,3,3,24000,24000,1,3
2875,1,3,40000,40000,1,3
2875,2,3,33000,33000,1,3
2876,1,3,33000,33000,1,3
2876,2,3,43000,43000,1,3
2876,4,5,28000,28000,1,3
2877,1,1,60000,60000,1,3
2877,2,21,20000,6666.66666666667,1,7
2878,1,3,32000,32000,1,3
2878,2,1,100000,100000,1,3
2878,3,5,33000,33000,1,3
2879,1,1,100000,100000,1,3
2880,1,3,45000,45000,1,3
2880,2,1,70000,70000,1,3
2880,2,3,20000,20000,1,3
2881,1,3,42000,42000,1,3
2881,1,5,32000,32000,1,3
2881,2,1,110000,110000,1,3
2882,1,3,48000,48000,1,3
2882,2,1,85000,85000,1,3
2882,5,19,25000,69333.3333333333,2,7
2883,1,3,36500,36500,1,3
2883,2,27,25000,25000,1,3
2883,3,1,65000,65000,1,3
2883,3,5,32000,32000,1,3
2883,3,19,5000,41600,2,3
2884,1,3,37000,37000,1,3
2884,2,3,32000,32000,1,3
2884,2,19,5000,13866.6666666667,2,7
2885,1,1,130000,130000,1,3
2885,4,19,10000,83200,2,3
2886,1,21,100000,33333.3333333333,1,7
2886,3,1,120000,120000,1,3
2887,1,1,180000,180000,1,3
2888,1,1,120000,120000,1,3
2888,2,1,120000,120000,1,3
2888,3,1,50000,50000,1,3
2889,2,2,90000,90000,1,3
2889,2,19,20000,166400,2,3
2889,3,1,130000,130000,1,3
2889,4,1,65000,65000,1,3
2890,1,1,80000,80000,1,3
2891,1,1,80000,80000,1,3
2892,1,1,64000,64000,1,3
2892,1,19,3000,24960,2,3
2893,1,1,50000,50000,1,3
2893,2,1,65000,65000,1,3
2893,3,1,100000,100000,1,3
2893,4,1,35000,35000,1,3
2894,1,3,34000,34000,1,3
2894,2,1,180000,180000,1,3
2895,1,3,38000,38000,1,3
2895,1,19,10000,83200,2,3
2895,3,1,75000,75000,1,3
2896,1,3,21500,21500,1,3
2896,1,5,30000,30000,1,3
2897,1,1,300000,300000,1,3
2897,1,3,33200,33200,1,3
2897,3,1,80000,80000,1,3
2898,1,1,200000,200000,1,3
2898,2,3,34000,34000,1,3
2898,3,1,120000,120000,1,3
2898,5,3,21500,21500,1,3
2899,1,3,31000,31000,1,3
2899,1,13,62900,62900,1,3
2899,2,2,250000,250000,1,3
2899,4,1,230000,230000,1,3
2899,5,2,80000,80000,1,3
2900,1,2,200000,200000,1,3
2900,3,2,40000,40000,1,3
2901,1,3,39000,39000,1,3
2901,2,3,26000,26000,1,3
2901,4,1,150000,150000,1,3
2902,1,3,40000,40000,1,3
2902,2,22,180000,60000,1,7
2903,1,13,20000,20000,1,3
2903,1,21,100000,33333.3333333333,1,7
2904,1,1,50000,50000,1,3
2904,1,22,50000,16666.6666666667,1,7
2904,2,1,15000,15000,1,3
2905,1,1,100000,100000,1,3
2905,3,1,120000,120000,1,3
2905,3,3,26000,26000,1,3
2906,1,1,70000,70000,1,3
2906,1,3,20000,20000,1,3
2906,2,1,50000,50000,1,3
2906,5,3,30000,30000,1,3
2906,5,5,30000,30000,1,3
2907,2,13,90000,90000,1,3
2907,2,19,10000,83200,2,3
2907,2,22,40000,13333.3333333333,1,7
2908,2,3,33000,33000,1,3
2908,2,19,75000,75000,1,3
2908,3,17,45000,45000,1,3
2909,1,13,35000,35000,1,3
2909,2,1,75000,75000,1,3
2910,1,3,39000,39000,1,3
2910,1,13,20000,20000,1,3
2911,2,3,30000,30000,1,3
2911,2,13,25000,25000,1,3
2911,2,19,75000,75000,1,3
2912,1,3,36000,36000,1,3
2912,2,3,36000,36000,1,3
2912,3,13,20000,20000,1,3
2912,4,1,50000,50000,1,3
2912,4,5,28000,28000,1,3
2913,1,19,90000,90000,1,3
2913,3,5,28000,28000,1,3
2914,1,3,42000,42000,1,3
2914,2,3,40000,40000,1,3
2914,3,13,30000,30000,1,3
2914,3,19,90000,90000,1,3
2915,1,3,28000,28000,1,3
2915,2,13,120000,120000,1,3
2916,1,3,45000,45000,1,3
2916,2,3,37000,37000,1,3
2917,1,3,40000,40000,1,3
2918,2,3,19000,19000,1,3
2918,2,19,90000,90000,1,3
2918,3,1,2000,60000,1,1
2919,1,1,100000,100000,1,3
2919,2,1,70000,70000,1,3
2920,2,1,85000,85000,1,3
2920,2,19,70000,70000,1,3
2920,3,1,70000,70000,1,3
2921,1,1,80000,80000,1,3
2921,1,19,75000,75000,1,3
2922,2,5,28000,28000,1,3
2922,2,19,75000,75000,1,3
2923,1,2,100000,100000,1,3
2924,2,19,75000,75000,1,3
2925,3,19,75000,75000,1,3
2926,2,13,90000,90000,1,3
2926,2,19,20000,166400,2,3
2927,1,2,80000,80000,1,3
2927,1,19,50,23866.5,3,3
2927,2,13,25000,25000,1,3
2928,1,3,42000,42000,1,3
2928,1,19,200,95466,3,3
2928,2,3,27000,27000,1,3
2928,2,13,30000,30000,1,3
2929,1,13,40000,40000,1,3
2929,1,19,150,71599.5,3,3
2929,2,5,39000,39000,1,3
2930,1,13,25000,25000,1,3
2930,2,1,45000,45000,1,3
2931,2,13,25000,25000,1,3
2931,2,19,200,95466,3,3
2932,2,13,120000,120000,1,3
2932,2,19,150,71599.5,3,3
2932,3,1,228000,228000,1,3
2933,1,3,68000,68000,1,3
2933,1,5,25000,25000,1,3
2933,1,13,30000,30000,1,3
2933,1,19,150,71599.5,3,3
2933,4,3,18000,18000,1,3
2934,1,13,75000,75000,1,3
2934,4,3,42000,42000,1,3
2935,3,1,80000,80000,1,3
2936,1,3,35000,35000,1,3
2936,2,1,50000,50000,1,3
2937,1,3,35000,35000,1,3
2937,2,1,28000,28000,1,3
2937,3,1,70000,70000,1,3
2938,1,3,41000,41000,1,3
2938,2,3,27000,27000,1,3
2939,1,5,17000,17000,1,3
2939,1,22,13000,2166.66666666667,1,5
2940,2,3,17000,17000,1,3
2940,2,19,250,39777.5,3,7
2941,2,1,55000,55000,1,3
2942,1,19,80,38186.4,3,3
2943,1,3,43000,43000,1,3
2943,2,3,20000,20000,1,3
2944,1,1,70000,70000,1,3
2944,1,13,20000,20000,1,3
2944,2,1,55000,55000,1,3
2945,1,3,45000,45000,1,3
2945,2,3,38500,38500,1,3
2946,1,13,60000,60000,1,3
2947,1,3,44000,44000,1,3
2947,1,18,15000,15000,1,3
2948,1,3,49000,49000,1,3
2948,2,1,54000,54000,1,3
2948,2,13,15000,15000,1,3
2948,3,1,50000,50000,1,3
2949,2,1,100000,100000,1,3
2949,3,1,100000,100000,1,3
2950,1,1,85000,85000,1,3
2951,1,3,33800,33800,1,3
2951,3,1,250000,250000,1,3
2951,4,1,70000,70000,1,3
2952,1,19,40000,40000,1,3
2953,1,1,60000,60000,1,3
2954,2,1,210000,210000,1,3
2954,2,3,33000,33000,1,3
2954,2,19,10000,83200,2,3
2955,1,2,350000,350000,1,3
2955,2,3,35000,35000,1,3
2956,1,1,250000,250000,1,3
2957,1,1,80000,80000,1,3
2958,1,2,600000,150000,1,6
2958,2,1,100000,100000,1,3
2959,1,1,68000,68000,1,3
2959,2,1,150000,150000,1,3
2960,1,19,15000,124800,2,3
2961,1,19,20000,166400,2,3
2961,3,1,65000,65000,1,3
2962,1,1,200000,200000,1,3
2962,2,1,55000,55000,1,3
2962,3,1,180000,180000,1,3
2963,1,1,90000,90000,1,3
2963,3,1,150000,150000,1,3
2963,4,1,30000,30000,1,3
2964,1,1,150000,150000,1,3
2964,2,3,25000,25000,1,3
2965,1,1,78000,78000,1,3
2965,2,1,85000,85000,1,3
2965,3,1,180000,180000,1,3
2966,1,3,43000,43000,1,3
2966,2,3,33000,33000,1,3
2967,1,1,80000,80000,1,3
2967,2,1,30000,30000,1,3
2967,2,18,30000,30000,1,3
2967,5,3,40000,40000,1,3
2968,1,1,300000,300000,1,3
2969,1,3,40000,40000,1,3
2969,3,1,200000,200000,1,3
2969,4,1,45000,45000,1,3
2970,1,3,50000,50000,1,3
2971,1,3,45000,45000,1,3
2971,3,19,150,71599.5,3,3
2972,1,19,300,47733,3,7
2972,1,26,6000,49920,2,3
2972,5,27,6000,49920,2,3
2973,1,1,150000,150000,1,3
2974,1,3,70000,70000,1,3
2975,1,3,40000,40000,1,3
2976,1,1,46000,46000,1,3
2976,1,3,27000,27000,1,3
2976,1,19,200,31822,3,7
2976,2,5,21500,21500,1,3
2976,3,3,19000,19000,1,3
2977,1,1,90000,90000,1,3
2977,2,1,70000,70000,1,3
2977,3,2,150000,150000,1,3
2977,4,1,67000,67000,1,3
2978,1,19,400,190932,3,3
2979,1,3,33000,33000,1,3
2979,1,19,100,47733,3,3
2980,1,21,60000,20000,1,7
2980,2,13,35000,11666.6666666667,1,7
2980,6,3,45000,45000,1,3
2981,1,21,50000,16666.6666666667,1,7
2981,2,13,10000,10000,1,3
2982,1,3,48500,48500,1,3
2982,2,3,44100,44100,1,3
2982,4,13,46000,46000,1,3
2983,2,13,13000,13000,1,3
2983,3,1,120000,120000,1,3
2984,1,1,49700,49700,1,3
2984,1,21,80000,26666.6666666667,1,7
2984,3,3,16000,16000,1,3
2985,1,5,22500,22500,1,3
2985,1,21,65000,21666.6666666667,1,7
2986,1,3,19000,19000,1,3
2986,1,5,29000,29000,1,3
2986,5,3,39800,39800,1,3
2987,1,5,28500,28500,1,3
2987,1,21,40000,40000,1,3
2988,1,3,35000,35000,1,3
2988,1,5,33500,33500,1,3
2988,2,3,32000,32000,1,3
2988,4,1,43000,43000,1,3
2989,1,1,97000,97000,1,3
2989,1,3,42000,42000,1,3
2989,2,1,110000,110000,1,3
2989,3,1,60000,60000,1,3
2990,2,1,210000,210000,1,3
2990,2,13,63400,63400,1,3
2990,2,19,10000,83200,2,3
2991,1,1,50000,50000,1,3
2991,1,3,30000,30000,1,3
2992,1,3,57000,57000,1,3
2992,2,2,75000,75000,1,3
2992,3,1,55000,55000,1,3
2992,3,3,34000,34000,1,3
2993,1,3,56000,56000,1,3
2993,2,3,51000,51000,1,3
2993,2,13,30000,10000,1,7
2994,1,3,40000,40000,1,3
2994,3,19,100000,100000,1,3
2995,2,1,90000,90000,1,3
2995,2,19,50000,50000,1,3
2996,2,13,25000,8333.33333333333,1,7
2996,3,1,65000,65000,1,3
2996,4,2,20000,20000,1,3
2997,1,1,80000,80000,1,3
2997,3,1,86000,86000,1,3
2998,1,2,75000,75000,1,3
2998,2,1,50000,50000,1,3
2999,1,3,63000,63000,1,3
3000,1,1,200000,200000,1,3
3000,2,1,86000,86000,1,3
3001,2,1,20000,20000,1,3
3001,2,19,8000,22186.6666666667,2,7
3001,4,1,40000,40000,1,3
3002,1,3,42000,42000,1,3
3002,2,1,46000,46000,1,3
3003,1,1,175000,175000,1,3
3003,1,3,60000,60000,1,3
3003,2,1,400000,400000,1,3
3003,3,1,210000,210000,1,3
3004,1,3,50000,50000,1,3
3005,1,1,155000,155000,1,3
3006,1,1,131000,131000,1,3
3006,1,3,36000,36000,1,3
3007,1,1,113000,113000,1,3
3007,1,21,80000,80000,1,3
3008,1,21,70000,70000,1,3
3008,2,1,30000,30000,1,3
3009,1,21,60000,60000,1,3
3009,3,3,16000,16000,1,3
3010,2,13,90000,15000,1,5
3010,3,2,70000,70000,1,3
3011,1,13,15000,15000,1,3
3011,1,13,25000,8333.33333333333,1,7
3011,1,21,35000,35000,1,3
3012,1,13,40000,40000,1,3
3012,4,3,32000,32000,1,3
3013,1,3,27000,27000,1,3
3013,1,3,30000,30000,1,3
3013,2,2,160000,160000,1,3
3013,3,2,80000,80000,1,3
3013,4,13,100000,8333.33333333333,1,4
3014,1,3,34000,34000,1,3
3014,3,2,150000,150000,1,3
3014,4,1,60000,60000,1,3
3015,1,21,100000,100000,1,3
3015,6,2,70000,70000,1,3
3016,1,27,70000,70000,1,3
3016,6,3,33000,33000,1,3
3016,6,5,28000,28000,1,3
3017,1,1,70000,70000,1,3
3017,1,13,60000,10000,1,5
3017,2,1,39000,39000,1,3
3017,5,3,40000,40000,1,3
3018,1,5,23000,23000,1,3
3018,1,13,30000,2500,1,4
3019,1,3,50000,50000,1,3
3019,2,3,50000,50000,1,3
3019,3,1,50000,50000,1,3
3019,4,1,28000,28000,1,3
3020,1,3,56000,56000,1,3
3020,2,1,50000,50000,1,3
3020,4,1,50000,50000,1,3
3020,6,3,20000,20000,1,3
3021,1,3,43000,43000,1,3
3021,1,3,54000,54000,1,3
3022,1,3,31500,31500,1,3
3022,3,1,35000,11666.6666666667,1,7
3022,3,5,36000,36000,1,3
3023,1,3,60000,60000,1,3
3023,2,3,46000,46000,1,3
3023,3,2,150000,50000,1,7
3023,7,2,150000,50000,1,7
3024,2,5,29000,29000,1,3
3024,2,13,30000,5000,1,5
3025,1,1,150000,150000,1,3
3025,3,1,120000,120000,1,3
3026,1,1,330000,330000,1,3
3027,1,1,300000,300000,1,3
3027,1,18,50000,50000,1,3
3028,1,1,180000,180000,1,3
3028,2,1,65000,65000,1,3
3029,1,1,90000,90000,1,3
3029,2,1,210000,210000,1,3
3030,1,1,130000,130000,1,3
3030,3,1,190000,190000,1,3
3031,1,1,250000,250000,1,3
3031,2,1,240000,240000,1,3
3032,2,19,30000,219000,2,3
3033,1,1,105000,105000,1,3
3033,2,1,80000,80000,1,3
3034,1,2,180000,180000,1,3
3034,5,1,55000,55000,1,3
3034,5,3,59000,59000,1,3
3035,1,2,250000,250000,1,3
3035,2,2,200000,200000,1,3
3035,4,1,225000,225000,1,3
3036,1,3,32000,32000,1,3
3036,2,3,44000,44000,1,3
3037,1,3,34000,34000,1,3
3037,3,19,8000,58400,2,3
3038,1,17,70000,70000,1,3
3038,1,19,300,143934,3,3
3039,1,1,250000,250000,1,3
3039,2,1,120000,120000,1,3
3039,4,12,5000,5000,1,3
3040,1,1,240000,240000,1,3
3040,1,18,50000,50000,1,3
3041,1,3,39000,39000,1,3
3041,2,21,30000,10000,1,7
3042,1,3,59000,59000,1,3
3043,1,3,49000,49000,1,3
3043,2,6,50000,4166.66666666667,1,4
3044,1,1,80000,80000,1,3
3044,2,1,50000,50000,1,3
3044,5,3,52000,52000,1,3
3044,6,3,48000,48000,1,3
3045,1,3,45000,45000,1,3
3045,2,1,100000,100000,1,3
3045,3,5,22000,22000,1,3
3046,1,3,40000,40000,1,3
3046,2,1,180000,180000,1,3
3047,1,2,50000,50000,1,3
3047,2,2,45000,45000,1,3
3047,3,1,45000,45000,1,3
3048,1,1,60000,60000,1,3
3048,1,3,45000,45000,1,3
3049,1,3,70000,70000,1,3
3050,1,3,37000,37000,1,3
3050,2,2,80000,80000,1,3
3050,2,5,30000,30000,1,3
3051,2,2,50000,50000,1,3
3051,2,5,21000,21000,1,3
3051,4,3,19000,19000,1,3
3052,1,1,53000,53000,1,3
3052,1,28,10000,3333.33333333333,1,7
3052,2,1,58000,58000,1,3
3053,2,3,31000,31000,1,3
3053,2,5,17000,17000,1,3
3054,1,3,41000,41000,1,3
3054,2,1,97000,97000,1,3
3055,1,1,200000,200000,1,3
3055,3,1,100000,100000,1,3
3056,1,3,120000,120000,1,3
3056,1,18,60000,60000,1,3
3056,2,3,36000,36000,1,3
3056,3,19,3000,7300,2,7
3056,6,1,150000,150000,1,3
3057,1,1,120000,120000,1,3
3057,2,1,80000,80000,1,3
3058,1,18,80000,80000,1,3
3059,1,1,100000,100000,1,3
3059,2,1,150000,150000,1,3
3059,2,2,150000,50000,1,7
3060,1,1,30000,30000,1,3
3060,1,3,43000,43000,1,3
3060,2,21,40000,40000,1,3
3060,3,1,90000,90000,1,3
3061,1,3,38000,38000,1,3
3061,1,18,20000,20000,1,3
3062,1,1,110000,110000,1,3
3062,2,1,65000,65000,1,3
3062,3,1,47000,47000,1,3
3062,5,3,47000,47000,1,3
3063,1,3,60000,60000,1,3
3064,1,3,35000,35000,1,3
3064,2,2,350000,350000,1,3
3064,3,8,18000,18000,1,3
3065,1,1,300000,300000,1,3
3065,2,1,200000,200000,1,3
3065,3,1,350000,350000,1,3
3066,1,3,43000,43000,1,3
3066,2,1,65000,65000,1,3
3066,3,2,150000,150000,1,3
3067,1,18,60000,60000,1,3
3068,1,3,28000,28000,1,3
3068,2,1,300000,300000,1,3
3069,1,3,33000,33000,1,3
3069,2,3,32000,32000,1,3
3069,3,1,70000,70000,1,3
3070,1,3,35000,35000,1,3
3070,1,5,17000,17000,1,3
3071,1,1,150000,150000,1,3
3071,3,1,100000,100000,1,3
3072,2,19,20000,146000,2,3
3072,4,1,200000,200000,1,3
3073,1,3,40000,40000,1,3
3073,3,1,300000,300000,1,3
3073,4,1,400000,400000,1,3
3074,1,3,60000,60000,1,3
3074,2,21,60000,20000,1,7
3075,1,3,48000,48000,1,3
3075,2,3,49000,49000,1,3
3076,1,21,300000,75000,1,6
3077,2,3,25000,25000,1,3
3077,3,1,100000,100000,1,3
3077,6,1,100000,100000,1,3
3078,1,3,49000,49000,1,3
3078,1,19,250,119945,3,3
3078,2,3,37000,37000,1,3
3079,1,1,60000,60000,1,3
3079,1,5,29000,29000,1,3
3079,1,19,15000,109500,2,3
3079,4,3,32000,32000,1,3
3080,1,3,36000,36000,1,3
3080,2,1,50000,50000,1,3
3080,2,28,100000,100000,1,3
3081,1,1,180000,180000,1,3
3081,3,1,200000,200000,1,3
3082,2,19,20000,146000,2,3
3083,1,1,90000,90000,1,3
3083,2,1,100000,100000,1,3
3084,1,2,300000,300000,1,3
3085,1,1,45000,45000,1,3
3085,1,3,98000,98000,1,3
3086,1,5,29000,29000,1,3
3086,1,20,20000,20000,1,3
3087,1,3,35000,35000,1,3
3087,2,1,100000,100000,1,3
3087,3,2,60000,60000,1,3
3087,4,1,300000,300000,1,3
3088,1,3,27000,27000,1,3
3088,1,19,60000,60000,1,3
3089,1,2,250000,250000,1,3
3090,1,3,41500,41500,1,3
3090,1,19,35000,8750,1,6
3091,1,1,170000,170000,1,3
3091,1,3,50000,50000,1,3
3092,2,1,60000,60000,1,3
3092,3,1,75000,75000,1,3
3092,6,1,60000,60000,1,3
3092,7,1,60000,60000,1,3
3093,1,3,41500,41500,1,3
3093,2,1,95000,95000,1,3
3094,1,22,300000,25000,1,4
3095,1,1,300000,300000,1,3
3095,1,3,27000,27000,1,3
3095,2,1,310000,310000,1,3
3096,1,3,30000,30000,1,3
3096,2,2,130000,130000,1,3
3097,1,1,550000,550000,1,3
3098,1,3,41000,41000,1,3
3099,1,2,150000,150000,1,3
3100,1,2,190000,190000,1,3
3100,1,21,500000,83333.3333333333,1,5
3100,2,18,20000,20000,1,3
3101,1,1,340000,340000,1,3
3101,1,3,44000,44000,1,3
3102,1,3,39000,39000,1,3
3102,2,3,28000,28000,1,3
3102,2,21,50000,50000,1,3
3102,3,1,120000,120000,1,3
3103,1,1,450000,450000,1,3
3103,2,1,250000,250000,1,3
3104,1,1,225000,225000,1,3
3104,1,21,100000,33333.3333333333,1,7
3105,1,1,37000,37000,1,3
3105,1,3,46000,46000,1,3
3105,1,21,30000,10000,1,7
3106,1,3,66000,66000,1,3
3106,2,3,16000,16000,1,3
3107,1,2,160000,160000,1,3
3108,1,1,330000,330000,1,3
3108,2,1,270000,270000,1,3
3108,5,1,198000,198000,1,3
3108,5,3,50000,50000,1,3
3109,1,1,62000,62000,1,3
3110,1,1,80000,80000,1,3
3110,1,21,50000,16666.6666666667,1,7
3111,1,3,75000,75000,1,3
3111,1,19,50000,50000,1,3
3112,1,1,330000,330000,1,3
3112,2,1,340000,340000,1,3
3112,3,1,240000,240000,1,3
3112,4,1,350000,350000,1,3
3112,5,1,220000,220000,1,3
3112,7,3,65000,65000,1,3
3113,1,1,60000,60000,1,3
3113,2,3,36000,36000,1,3
3113,2,5,28000,28000,1,3
3113,3,2,30000,30000,1,3
3113,5,3,19000,19000,1,3
3113,6,3,21500,21500,1,3
3114,1,2,160000,160000,1,3
3114,1,16,125000,125000,1,3
3114,1,21,48000,48000,1,3
3115,1,3,47000,47000,1,3
3115,2,3,38000,38000,1,3
3115,3,1,110000,110000,1,3
3116,1,1,80000,80000,1,3
3116,1,19,10000,10000,1,3
3117,1,3,53000,53000,1,3
3117,2,3,21000,21000,1,3
3118,1,19,15000,9125,2,4
3118,1,21,90000,30000,1,7
3119,1,3,16000,16000,1,3
3119,1,5,22000,22000,1,3
3119,1,19,200,31985.3333333333,3,7
3120,1,1,120000,120000,1,3
3120,1,3,41000,41000,1,3
3120,2,1,120000,120000,1,3
3120,3,1,110000,110000,1,3
3120,7,1,80000,80000,1,3
3121,1,3,33000,33000,1,3
3121,2,1,100000,100000,1,3
3122,1,3,26000,26000,1,3
3122,1,19,100,53432,4,3
3123,1,3,40800,40800,1,3
3123,7,2,30000,30000,1,3
3123,8,3,19000,19000,1,3
3124,1,22,350000,350000,1,3
3125,1,3,42000,42000,1,3
3125,1,22,30000,10000,1,7
3126,1,2,100000,100000,1,3
3126,1,3,38000,38000,1,3
3126,2,3,32000,32000,1,3
3126,3,1,100000,100000,1,3
3127,1,1,150000,150000,1,3
3128,1,3,43000,43000,1,3
3129,1,1,300000,300000,1,3
3129,1,18,100000,100000,1,3
3129,2,3,27000,27000,1,3
3130,1,2,220000,220000,1,3
3130,2,1,340000,340000,1,3
3130,2,3,28000,28000,1,3
3131,2,1,80000,80000,1,3
3132,1,1,80000,80000,1,3
3132,1,3,30000,30000,1,3
3132,2,3,45000,45000,1,3
3133,1,2,150000,150000,1,3
3134,1,1,240000,240000,1,3
3134,1,3,53000,53000,1,3
3134,2,1,270000,270000,1,3
3134,2,3,56000,56000,1,3
3135,1,1,360000,360000,1,3
3136,1,3,39900,39900,1,3
3136,1,5,18000,18000,1,3
3137,1,3,48000,48000,1,3
3137,2,1,280000,280000,1,3
3137,2,3,34000,34000,1,3
3138,1,1,350000,350000,1,3
3138,2,1,300000,300000,1,3
3139,1,3,46000,46000,1,3
3140,1,1,240000,240000,1,3
3140,1,3,73000,73000,1,3
3141,1,1,300000,300000,1,3
3141,2,1,210000,210000,1,3
3141,2,19,10000,10000,1,3
3142,1,1,370000,370000,1,3
3142,1,19,300,143934,3,3
3143,2,1,220000,220000,1,3
3143,2,19,500,239890,3,3
3144,1,3,45000,45000,1,3
3144,1,19,500,239890,3,3
3145,1,3,45000,45000,1,3
3145,1,19,400,191912,3,3
3145,2,3,42000,42000,1,3
3146,1,13,20000,20000,1,3
3146,2,13,12000,12000,1,3
3146,3,1,150000,150000,1,3
3146,4,1,60000,60000,1,3
3147,1,3,48000,48000,1,3
3147,2,3,43000,43000,1,3
3147,3,13,25000,25000,1,3
3147,4,13,20000,20000,1,3
3147,5,1,140000,140000,1,3
3148,2,5,33000,33000,1,3
3148,2,13,75000,75000,1,3
3148,2,19,420,201507.6,3,3
3149,1,3,42000,42000,1,3
3149,1,13,65000,65000,1,3
3149,3,5,28000,28000,1,3
3149,3,13,60000,60000,1,3
3149,3,19,460,220698.8,3,3
3150,1,3,42000,42000,1,3
3150,1,17,30000,30000,1,3
3150,1,19,350,167923,3,3
3151,1,3,45000,45000,1,3
3151,2,13,110000,110000,1,3
3152,1,3,44500,44500,1,3
3152,1,19,20000,48666.6666666667,2,7
3152,2,3,38400,38400,1,3
3153,1,3,41500,41500,1,3
3153,2,3,36700,36700,1,3
3153,3,13,100000,100000,1,3
3154,1,3,42000,42000,1,3
3154,1,18,15000,15000,1,3
3154,2,3,38000,38000,1,3
3155,1,13,110000,110000,1,3
3156,1,13,100000,100000,1,3
3157,1,3,40600,40600,1,3
3157,2,13,110000,110000,1,3
3158,1,13,20000,20000,1,3
3158,2,1,80000,80000,1,3
3159,1,3,48000,48000,1,3
3159,1,13,69100,69100,1,3
3159,1,18,25000,25000,1,3
3160,1,3,42800,42800,1,3
3160,1,19,300,53432,4,7
3160,2,3,39700,39700,1,3
3161,1,3,43000,43000,1,3
3161,2,13,45000,45000,1,3
3162,1,13,50000,50000,1,3
3162,2,1,70000,70000,1,3
3163,1,5,22500,22500,1,3
3163,1,13,40000,40000,1,3
3164,1,3,38500,38500,1,3
3164,1,13,130000,130000,1,3
3165,1,1,210000,210000,1,3
3165,1,3,32600,32600,1,3
3166,1,13,18000,18000,1,3
3166,2,1,140000,140000,1,3
3167,1,1,120000,120000,1,3
3167,2,13,36000,12000,1,7
3168,1,3,41000,41000,1,3
3168,1,5,18000,18000,1,3
3168,2,3,38600,38600,1,3
3169,1,13,90000,30000,1,7
3170,1,19,10000,18250,2,6
3171,1,3,35000,35000,1,3
3171,2,13,125000,125000,1,3
3172,1,3,42000,42000,1,3
3172,2,3,41000,41000,1,3
3173,2,5,33500,33500,1,3
3173,2,19,5000,12166.6666666667,2,7
3174,1,22,30000,10000,1,7
3175,1,3,42000,42000,1,3
3175,2,5,33000,33000,1,3
3175,2,13,60000,60000,1,3
3176,1,2,50000,50000,1,3
3176,2,13,80000,80000,1,3
3177,1,13,35000,11666.6666666667,1,7
3177,3,1,50000,50000,1,3
3178,1,1,250000,250000,1,3
3178,2,13,200000,66666.6666666667,1,7
3178,3,2,150000,150000,1,3
3178,4,2,100000,100000,1,3
3179,1,2,220000,220000,1,3
3179,3,1,80000,80000,1,3
3179,4,1,80000,80000,1,3
3179,8,1,120000,120000,1,3
3180,1,3,38000,38000,1,3
3180,2,1,120000,120000,1,3
3180,3,1,15000,15000,1,3
3180,3,5,27000,27000,1,3
3181,1,1,50000,50000,1,3
3182,1,13,200000,66666.6666666667,1,7
3182,3,1,100000,100000,1,3
3182,4,2,100000,100000,1,3
3182,7,3,27000,27000,1,3
3183,1,3,48000,48000,1,3
3183,1,13,50000,50000,1,3
3183,2,1,100000,100000,1,3
3183,3,1,100000,100000,1,3
3184,1,13,50000,50000,1,3
3184,2,3,27000,27000,1,3
3184,3,2,150000,150000,1,3
3185,1,3,38000,38000,1,3
3185,1,13,150000,50000,1,7
3186,1,3,47000,47000,1,3
3186,2,1,200000,200000,1,3
3186,3,13,40000,40000,1,3
3187,2,1,65000,65000,1,3
3187,2,18,20000,20000,1,3
3188,1,1,120000,120000,1,3
3189,1,1,135000,135000,1,3
3190,1,27,39000,39000,1,3
3190,2,1,228000,228000,1,3
3190,3,1,228000,228000,1,3
3191,2,19,10000,73000,2,3
3191,3,1,85000,85000,1,3
3192,2,19,12000,87600,2,3
3193,1,1,120000,120000,1,3
3193,3,3,19000,19000,1,3
3194,1,1,125000,125000,1,3
3195,1,3,57000,57000,1,3
3195,2,1,100000,100000,1,3
3196,1,2,100000,100000,1,3
3197,1,1,85000,85000,1,3
3197,1,3,34500,34500,1,3
3197,3,1,60000,60000,1,3
3198,1,3,47000,47000,1,3
3198,2,3,42000,42000,1,3
3198,4,1,180000,180000,1,3
3199,1,2,130000,130000,1,3
3200,1,3,54500,54500,1,3
3201,1,3,47200,47200,1,3
3201,2,3,42500,42500,1,3
3202,1,1,75000,75000,1,3
3202,2,1,90000,90000,1,3
3202,2,3,37500,37500,1,3
3203,1,1,150000,150000,1,3
3203,2,1,75000,75000,1,3
3204,1,1,245000,245000,1,3
3204,1,3,47500,47500,1,3
3205,1,3,37000,37000,1,3
3205,2,1,70000,70000,1,3
3205,3,1,24000,24000,1,3
3205,4,1,85000,85000,1,3
3206,1,3,37000,37000,1,3
3206,2,2,250000,250000,1,3
3207,1,21,250000,20833.3333333333,1,4
3207,2,2,100000,100000,1,3
3208,1,3,19000,19000,1,3
3208,1,21,80000,26666.6666666667,1,7
3208,2,2,150000,150000,1,3
3209,1,3,36000,36000,1,3
3209,1,13,200000,200000,1,3
3209,2,3,30000,30000,1,3
3209,3,2,90000,30000,1,7
3210,1,3,49000,49000,1,3
3210,2,21,100000,33333.3333333333,1,7
3211,1,3,37000,37000,1,3
3211,1,19,48000,16000,1,7
3212,1,3,37000,37000,1,3
3212,2,13,150000,50000,1,7
3213,1,3,37000,37000,1,3
3213,2,3,35000,35000,1,3
3213,3,1,70000,70000,1,3
3214,1,3,43000,43000,1,3
3214,1,13,130000,43333.3333333333,1,7
3214,2,3,38000,38000,1,3
3214,2,21,70000,23333.3333333333,1,7
3214,3,1,100000,100000,1,3
3215,1,3,40000,40000,1,3
3215,2,13,200000,66666.6666666667,1,7
3216,1,3,44000,44000,1,3
3216,2,3,47000,47000,1,3
3216,4,2,200000,200000,1,3
3217,1,13,80000,26666.6666666667,1,7
3217,3,19,200,95956,3,3
3218,1,13,100000,33333.3333333333,1,7
3218,1,21,80000,26666.6666666667,1,7
3218,3,19,150,23989,3,7
3219,1,13,220000,73333.3333333333,1,7
3220,1,3,42000,42000,1,3
3220,1,13,64200,64200,1,3
3220,2,3,50000,50000,1,3
3220,2,19,150,71967,3,3
3220,3,1,235000,235000,1,3
3221,1,1,80000,80000,1,3
3221,2,21,100000,33333.3333333333,1,7
3222,1,13,60000,20000,1,7
3222,1,19,100,47978,3,3
3223,1,1,76000,76000,1,3
3224,1,1,50000,50000,1,3
3224,1,3,40000,40000,1,3
3224,3,1,50000,50000,1,3
3225,1,1,320000,320000,1,3
3226,1,1,180000,180000,1,3
3227,1,3,50000,50000,1,3
3228,1,3,42000,42000,1,3
3229,1,1,100000,100000,1,3
3229,2,1,80000,80000,1,3
3229,5,3,43000,43000,1,3
3230,1,2,180000,180000,1,3
3230,2,1,90000,90000,1,3
3231,1,1,70000,70000,1,3
3231,2,1,30000,30000,1,3
3232,1,1,60000,60000,1,3
3232,3,3,21500,21500,1,3
3233,1,1,60000,60000,1,3
3233,1,3,35000,35000,1,3
3233,3,1,150000,150000,1,3
3234,1,1,60000,60000,1,3
3234,1,21,10000,3333.33333333333,1,7
3234,3,1,80000,80000,1,3
3235,1,2,60000,60000,1,3
3235,2,3,32000,32000,1,3
3236,1,3,40000,40000,1,3
3236,2,3,37000,37000,1,3
3237,2,2,100000,100000,1,3
3238,1,27,40000,40000,1,3
3238,2,3,22000,22000,1,3
3238,3,1,220000,220000,1,3
3238,3,19,4000,29200,2,3
3239,1,19,50,26716,4,3
3239,2,1,40000,40000,1,3
3240,1,2,60000,60000,1,3
3240,1,19,100,47978,3,3
3240,2,2,20000,20000,1,3
3241,1,3,42000,42000,1,3
3242,1,13,150000,150000,1,3
3243,1,1,75000,75000,1,3
3243,2,13,40000,40000,1,3
3244,1,3,35000,35000,1,3
3244,1,13,80000,80000,1,3
3245,1,5,28000,28000,1,3
3245,1,13,50000,50000,1,3
3246,1,1,250000,250000,1,3
3246,2,13,30000,30000,1,3
3247,1,13,150000,150000,1,3
3248,1,13,90000,90000,1,3
3248,2,1,200000,200000,1,3
3248,3,1,230000,230000,1,3
3249,1,13,30000,30000,1,3
3249,4,1,75000,75000,1,3
3250,1,1,50000,50000,1,3
3251,2,13,69100,69100,1,3
3251,2,19,200,95956,3,3
3252,1,5,31000,31000,1,3
3252,1,19,100,15992.6666666667,3,7
3253,1,13,40000,40000,1,3
3253,1,19,200,95956,3,3
3254,1,5,31000,31000,1,3
3254,1,18,40000,40000,1,3
3255,1,3,45000,45000,1,3
3255,1,19,200,95956,3,3
3255,2,3,38500,38500,1,3
3256,1,3,60800,60800,1,3
3256,1,13,40000,40000,1,3
3257,1,3,43000,43000,1,3
3257,2,1,72000,72000,1,3
3257,3,1,45000,45000,1,3
3258,1,2,200000,200000,1,3
3258,2,5,34000,34000,1,3
3259,1,2,60000,20000,1,7
3259,1,22,90000,30000,1,7
3260,1,3,45000,45000,1,3
3260,2,1,80000,80000,1,3
3260,3,1,45000,45000,1,3
3261,1,3,30000,30000,1,3
3261,2,1,60000,60000,1,3
3261,3,1,55000,55000,1,3
3262,1,3,45000,45000,1,3
3262,3,1,100000,100000,1,3
3263,1,3,40000,40000,1,3
3263,2,1,35000,35000,1,3
3263,2,3,40000,40000,1,3
3263,3,2,60000,60000,1,3
3263,4,1,70000,70000,1,3
3264,1,3,151000,151000,1,3
3264,2,1,144000,144000,1,3
3265,1,3,20000,20000,1,3
3265,1,18,25000,8333.33333333333,1,7
3266,1,1,30000,30000,1,3
3266,1,3,28000,28000,1,3
3267,1,3,35000,35000,1,3
3267,2,3,30000,30000,1,3
3268,1,3,42000,42000,1,3
3268,1,13,12000,4000,1,7
3268,2,19,15000,109500,2,3
3269,2,18,100000,100000,1,3
3269,2,19,200,35621.3333333333,4,7
3270,1,3,42000,42000,1,3
3270,1,13,6000,2000,1,7
3270,2,3,41000,41000,1,3
3271,1,3,38000,38000,1,3
3271,1,13,8000,2666.66666666667,1,7
3272,1,1,70000,70000,1,3
3272,1,3,91000,91000,1,3
3272,2,13,20000,6666.66666666667,1,7
3273,1,3,47000,47000,1,3
3273,2,3,39000,39000,1,3
3273,2,13,15000,5000,1,7
3274,1,3,39000,39000,1,3
3274,1,13,7000,2333.33333333333,1,7
3274,3,19,20000,146000,2,3
3275,1,3,45000,45000,1,3
3275,1,5,33500,33500,1,3
3275,1,13,10000,3333.33333333333,1,7
3275,2,3,31000,31000,1,3
3275,4,19,20000,146000,2,3
3276,1,3,83000,83000,1,3
3276,1,13,8000,2666.66666666667,1,7
3276,2,3,39000,39000,1,3
3277,1,1,50000,50000,1,3
3277,2,1,20000,20000,1,3
3277,2,5,23000,23000,1,3
3278,1,3,31000,31000,1,3
3278,1,18,10000,3333.33333333333,1,7
3278,3,5,29000,29000,1,3
3279,2,1,220000,220000,1,3
3279,2,19,10000,24333.3333333333,2,7
3280,1,3,36000,36000,1,3
3280,1,5,17000,17000,1,3
3280,3,3,20000,20000,1,3
3280,4,3,20000,20000,1,3
3281,2,3,16000,16000,1,3
3281,2,5,21000,21000,1,3
3281,2,19,20000,48666.6666666667,2,7
3281,5,3,22000,22000,1,3
3281,6,3,54000,54000,1,3
3282,1,3,32000,32000,1,3
3282,1,19,20000,48666.6666666667,2,7
3282,2,1,60000,60000,1,3
3282,2,3,32000,32000,1,3
3282,3,1,120000,120000,1,3
3283,1,3,56000,56000,1,3
3283,2,21,200000,200000,1,3
3283,3,3,31000,31000,1,3
3284,5,3,103000,103000,1,3
3285,1,1,57000,57000,1,3
3285,1,3,53000,53000,1,3
3285,2,19,100,17810.6666666667,4,7
3285,2,21,130000,130000,1,3
3285,3,3,33000,33000,1,3
3286,1,3,53000,53000,1,3
3286,2,3,41000,41000,1,3
3286,4,1,48000,48000,1,3
3286,6,1,45000,45000,1,3
3287,2,21,300000,25000,1,4
3287,3,1,75000,75000,1,3
3288,2,5,29000,29000,1,3
3288,2,18,10000,3333.33333333333,1,7
3289,1,3,42000,42000,1,3
3290,1,3,35000,35000,1,3
3290,1,5,16000,16000,1,3
3291,1,3,41000,41000,1,3
3291,2,3,43000,43000,1,3
3292,1,3,42000,42000,1,3
3292,2,3,40000,40000,1,3
3293,1,3,40000,40000,1,3
3293,2,3,42000,42000,1,3
3293,2,5,16000,16000,1,3
3294,2,19,200,95956,3,3
3295,1,5,33500,33500,1,3
3295,1,21,70000,70000,1,3
3296,1,3,65000,65000,1,3
3296,2,3,95000,95000,1,3
3297,1,3,42000,42000,1,3
3297,2,3,28200,28200,1,3
3298,1,3,48000,48000,1,3
3299,1,3,38200,38200,1,3
3299,2,3,36600,36600,1,3
3300,1,3,39900,39900,1,3
3300,2,3,34000,34000,1,3
3300,2,5,17000,17000,1,3
3301,1,21,100000,33333.3333333333,1,7
3302,1,3,39000,39000,1,3
3302,2,3,28000,28000,1,3
3303,1,3,33800,33800,1,3
3304,2,5,32000,32000,1,3
3304,2,19,12000,29200,2,7
3305,2,5,54000,54000,1,3
3305,4,3,21000,21000,1,3
3306,1,3,45000,45000,1,3
3306,2,27,35000,35000,1,3
3307,2,5,29000,29000,1,3
3308,2,13,25000,8333.33333333333,1,7
3308,6,3,42000,42000,1,3
3309,1,13,60000,20000,1,7
3309,2,3,24000,24000,1,3
3309,3,3,27000,27000,1,3
3310,1,3,35000,35000,1,3
3311,2,19,10000,24333.3333333333,2,7
3312,4,19,5000,12166.6666666667,2,7
3313,1,3,42000,42000,1,3
3313,2,3,35000,35000,1,3
3313,3,1,200000,200000,1,3
3313,4,1,65000,65000,1,3
3314,1,1,150000,150000,1,3
3315,1,1,120000,120000,1,3
3315,1,19,5000,36500,2,3
3315,2,1,96000,96000,1,3
3316,1,1,150000,150000,1,3
3316,2,1,70000,70000,1,3
3317,1,1,130000,130000,1,3
3318,1,3,49000,49000,1,3
3318,2,1,85000,85000,1,3
3318,2,19,10000,24333.3333333333,2,7
3319,2,5,27000,27000,1,3
3319,2,19,15000,109500,2,3
3320,1,3,61000,61000,1,3
3320,2,1,85000,85000,1,3
3321,1,22,150000,50000,1,7
3322,1,3,34000,34000,1,3
3322,2,1,70000,70000,1,3
3323,1,2,200000,200000,1,3
3323,1,3,35000,35000,1,3
3323,2,3,31000,31000,1,3
3324,1,3,33000,33000,1,3
3324,1,5,17000,17000,1,3
3324,2,3,30000,30000,1,3
3325,2,2,420000,420000,1,3
3325,3,1,350000,350000,1,3
3325,4,1,350000,350000,1,3
3326,1,3,49000,49000,1,3
3327,1,1,100000,100000,1,3
3327,1,3,40000,40000,1,3
3327,2,3,45000,45000,1,3
3328,1,5,36000,36000,1,3
3328,1,25,45000,45000,1,3
3329,2,5,28000,28000,1,3
3329,2,19,9000,65700,2,3
3330,1,3,51000,51000,1,3
3330,1,19,5000,36500,2,3
3331,1,3,40000,40000,1,3
3331,2,3,30000,30000,1,3
3332,3,3,21500,21500,1,3
3332,4,1,200000,200000,1,3
3333,1,1,220000,220000,1,3
3333,2,13,40000,40000,1,3
3333,3,1,100000,100000,1,3
3334,1,1,50000,50000,1,3
3334,1,3,45000,45000,1,3
3334,2,13,60000,60000,1,3
3335,1,3,38000,38000,1,3
3335,2,3,28000,28000,1,3
3335,2,13,30000,30000,1,3
3335,3,1,100000,100000,1,3
3336,1,3,34000,34000,1,3
3336,2,13,15000,15000,1,3
3336,3,1,90000,90000,1,3
3337,1,2,100000,100000,1,3
3338,1,3,50000,50000,1,3
3338,3,13,45000,45000,1,3
3338,4,3,19000,19000,1,3
3338,7,1,50000,50000,1,3
3338,7,3,21600,21600,1,3
3339,1,3,40000,40000,1,3
3339,2,3,27000,27000,1,3
3339,2,13,20000,20000,1,3
3340,1,1,50000,50000,1,3
3340,1,3,40000,40000,1,3
3340,3,1,50000,50000,1,3
3340,4,5,27000,27000,1,3
3341,1,1,60000,60000,1,3
3341,4,1,60000,60000,1,3
3342,1,1,80000,80000,1,3
3343,2,1,50000,50000,1,3
3343,2,3,50000,50000,1,3
3343,3,5,33000,33000,1,3
3343,7,1,50000,50000,1,3
3344,2,5,33000,33000,1,3
3344,2,18,90000,90000,1,3
3345,1,3,36000,36000,1,3
3345,3,1,100000,100000,1,3
3345,7,1,100000,100000,1,3
3346,2,5,30000,30000,1,3
3346,5,3,43000,43000,1,3
3346,6,3,50000,50000,1,3
3347,1,3,29650,29650,1,3
3347,2,19,10000,73000,2,3
3348,1,1,230000,230000,1,3
3348,1,3,105000,105000,1,3
3348,2,19,70000,70000,1,3
3349,1,3,33000,33000,1,3
3349,2,3,31000,31000,1,3
3349,4,5,28000,28000,1,3
3350,1,1,40000,40000,1,3
3350,1,3,33000,33000,1,3
3352,1,3,46000,46000,1,3
3352,2,3,32000,32000,1,3
3353,1,1,65000,65000,1,3
3353,1,3,40000,40000,1,3
3354,1,19,5000,36500,2,3
3355,1,1,50000,50000,1,3
3355,1,3,50000,50000,1,3
3355,3,19,10000,73000,2,3
3356,2,19,5000,36500,2,3
3356,3,1,40000,40000,1,3
3357,3,1,130000,130000,1,3
3358,1,3,42000,42000,1,3
3358,1,13,135000,135000,1,3
3358,2,3,26000,26000,1,3
3359,1,13,115000,115000,1,3
3359,1,19,20000,146000,2,3
3360,1,1,55000,55000,1,3
3360,1,19,200,95956,3,3
3360,2,13,30000,30000,1,3
3360,7,1,68000,68000,1,3
3361,1,2,85000,85000,1,3
3361,2,13,25000,25000,1,3
3362,1,2,60000,60000,1,3
3362,1,3,28000,28000,1,3
3362,2,1,50000,50000,1,3
3362,4,5,32000,32000,1,3
3362,4,13,15000,15000,1,3
3363,1,3,28000,28000,1,3
3363,1,5,32000,32000,1,3
3363,1,13,20000,20000,1,3
3363,1,19,15000,109500,2,3
3364,1,3,48000,48000,1,3
3364,2,13,45000,45000,1,3
3364,3,1,68000,68000,1,3
3365,1,3,36000,36000,1,3
3365,1,13,20000,20000,1,3
3365,1,19,150,71967,3,3
3365,3,1,62000,62000,1,3
3366,2,13,15000,15000,1,3
3366,2,17,45000,45000,1,3
3366,2,19,15000,109500,2,3
3367,1,3,32000,32000,1,3
3367,2,3,30000,30000,1,3
3368,2,1,30000,30000,1,3
3368,5,1,70000,70000,1,3
3369,1,1,55000,55000,1,3
3370,1,3,35000,35000,1,3
3370,1,13,10000,10000,1,3
3371,1,13,15000,15000,1,3
3372,1,1,50000,50000,1,3
3373,1,3,16000,16000,1,3
3373,2,1,55000,55000,1,3
3374,1,2,30000,10000,1,7
3374,1,3,29000,29000,1,3
3375,1,2,30000,7500,1,6
3375,5,3,38000,38000,1,3
3376,1,3,55000,55000,1,3
3376,1,18,15000,15000,1,3
3377,1,1,120000,120000,1,3
3377,2,1,30000,30000,1,3
3377,3,12,4900,4900,1,3
3378,1,1,250000,250000,1,3
3379,1,1,220000,220000,1,3
3379,1,3,54100,54100,1,3
3380,1,1,100000,100000,1,3
3380,2,19,300,47978,3,7
3381,1,3,41000,41000,1,3
3381,2,1,80000,80000,1,3
3382,1,3,60000,60000,1,3
3382,1,19,600,95956,3,7
3382,2,3,32100,32100,1,3
3383,1,1,100000,100000,1,3
3384,1,1,450000,450000,1,3
3384,1,3,42000,42000,1,3
3384,2,1,270000,270000,1,3
3384,3,13,100000,100000,1,3
3385,1,3,55000,55000,1,3
3385,2,3,50000,50000,1,3
3386,1,1,150000,150000,1,3
3387,1,1,150000,150000,1,3
3387,2,19,150,71967,3,3
3388,2,1,150000,150000,1,3
3388,3,1,50000,50000,1,3
3389,1,1,200000,200000,1,3
3389,2,19,50000,50000,1,3
3390,1,19,150,23989,3,7
3390,2,1,100000,100000,1,3
3391,1,1,100000,100000,1,3
3391,1,3,50000,50000,1,3
3391,3,1,50000,50000,1,3
3391,4,1,70000,70000,1,3
3392,1,1,100000,100000,1,3
3393,1,1,200000,200000,1,3
3393,2,1,85000,85000,1,3
3394,1,3,16000,16000,1,3
3394,2,1,70000,70000,1,3
3394,3,1,110000,110000,1,3
3394,7,1,120000,120000,1,3
3395,2,19,200,95956,3,3
3395,3,1,70000,70000,1,3
3396,1,3,45000,45000,1,3
3396,3,1,100000,33333.3333333333,1,7
3397,1,1,80000,80000,1,3
3397,2,1,30000,7500,1,6
3398,1,3,39000,39000,1,3
3398,2,1,200000,200000,1,3
3398,4,1,120000,120000,1,3
3398,4,12,5000,5000,1,3
3398,7,12,5000,5000,1,3
3399,1,19,200,95956,3,3
3400,2,1,275000,275000,1,3
3400,2,19,60000,60000,1,3
3400,3,1,260000,260000,1,3
3401,1,3,39000,39000,1,3
3401,3,19,80000,80000,1,3
3402,1,3,39000,39000,1,3
3402,2,2,220000,220000,1,3
3403,1,1,80000,80000,1,3
3403,1,3,40000,40000,1,3
3404,1,2,250000,250000,1,3
3404,1,3,26400,26400,1,3
3404,2,1,230000,230000,1,3
3405,1,3,40000,40000,1,3
3405,2,3,16000,16000,1,3
3405,2,5,17000,17000,1,3
3406,1,1,50000,50000,1,3
3407,1,3,34000,34000,1,3
3407,4,8,18000,18000,1,3
3407,4,19,200,95956,3,3
3408,1,3,48000,48000,1,3
3408,2,2,45000,45000,1,3
3408,3,5,29000,29000,1,3
3409,1,1,80000,80000,1,3
3409,2,1,60000,60000,1,3
3409,3,1,50000,50000,1,3
3409,4,8,18000,18000,1,3
3410,1,1,120000,120000,1,3
3410,2,1,85000,85000,1,3
3411,1,3,35000,35000,1,3
3411,2,1,45000,45000,1,3
3411,3,1,45000,45000,1,3
3412,2,5,29000,29000,1,3
3412,2,13,2000,2000,1,3
3412,2,22,80000,26666.6666666667,1,7
3413,1,21,45000,45000,1,3
3413,1,21,35000,5833.33333333333,1,5
3413,2,1,45000,45000,1,3
3414,1,3,43000,43000,1,3
3414,2,2,100000,100000,1,3
3415,1,3,25450,25450,1,3
3415,7,3,24000,24000,1,3
3415,7,5,31000,31000,1,3
3416,2,5,37500,37500,1,3
3416,2,13,5000,5000,1,3
3416,6,3,37000,37000,1,3
3417,1,3,35000,35000,1,3
3417,1,13,68000,22666.6666666667,1,7
3417,2,13,16000,16000,1,3
3418,1,5,29000,29000,1,3
3418,1,21,70000,17500,1,6
3418,2,21,30000,2500,1,4
3419,1,3,42000,42000,1,3
3419,2,3,35650,35650,1,3
3419,3,1,155000,155000,1,3
3420,1,1,210000,210000,1,3
3420,1,13,85000,85000,1,3
3420,2,3,35750,35750,1,3
3421,1,3,31000,31000,1,3
3421,2,3,40000,40000,1,3
3421,2,5,29000,29000,1,3
3421,2,13,30000,30000,1,3
3422,1,3,37000,37000,1,3
3422,4,1,72000,72000,1,3
3422,5,3,16000,16000,1,3
3423,1,1,120000,120000,1,3
3423,2,13,14000,14000,1,3
3424,1,1,225000,225000,1,3
3424,1,1,290000,290000,1,3
3424,1,13,62600,62600,1,3
3425,1,13,55000,18333.3333333333,1,7
3425,2,13,30000,30000,1,3
3426,1,13,25000,8333.33333333333,1,7
3426,2,13,30000,10000,1,7
3426,2,19,30000,30000,1,3
3426,3,2,70000,70000,1,3
3427,1,3,16000,16000,1,3
3427,1,13,20000,20000,1,3
3427,2,1,70000,70000,1,3
3428,1,1,250000,250000,1,3
3428,1,3,38000,38000,1,3
3428,1,13,93400,93400,1,3
3428,2,3,48000,48000,1,3
3429,1,3,42000,42000,1,3
3429,2,3,38000,38000,1,3
3430,1,3,63000,63000,1,3
3430,2,3,42000,42000,1,3
3431,1,1,110000,110000,1,3
3432,1,1,150000,150000,1,3
3432,2,1,40000,40000,1,3
3433,2,22,30000,30000,1,3
3434,1,1,120000,120000,1,3
3434,2,19,1000,119945,3,6
3435,1,5,23000,23000,1,3
3436,2,2,50000,50000,1,3
3436,3,1,100000,100000,1,3
3437,1,3,37600,37600,1,3
3438,1,1,280000,280000,1,3
3438,1,13,71200,71200,1,3
3439,1,3,129000,129000,1,3
3439,2,3,43000,43000,1,3
3440,1,3,45000,45000,1,3
3441,1,19,150,71967,3,3
3442,1,3,60000,60000,1,3
3443,1,5,23000,23000,1,3
3444,1,3,58000,58000,1,3
3444,3,1,80000,80000,1,3
3444,3,3,31000,31000,1,3
3445,1,3,40000,40000,1,3
3445,2,3,45000,45000,1,3
3445,3,1,53000,53000,1,3
3445,4,1,76000,76000,1,3
3446,1,26,50,23989,3,3
3447,1,19,200,95956,3,3
3448,1,1,190000,190000,1,3
3448,1,3,40000,40000,1,3
3448,2,1,120000,120000,1,3
3449,1,1,120000,120000,1,3
3449,2,1,90000,90000,1,3
3450,1,3,42000,42000,1,3
3450,2,3,27000,27000,1,3
3450,3,1,110000,110000,1,3
3451,1,2,200000,200000,1,3
3451,1,3,30000,30000,1,3
3451,3,2,70000,70000,1,3
3452,2,1,100000,100000,1,3
3452,5,3,40000,40000,1,3
3453,1,2,80000,80000,1,3
3453,1,3,57000,57000,1,3
3453,2,1,90000,90000,1,3
3453,4,1,120000,120000,1,3
3454,1,1,68000,68000,1,3
3454,1,3,49000,49000,1,3
3454,2,2,168000,168000,1,3
3454,3,1,70000,70000,1,3
3455,1,1,74000,74000,1,3
3455,2,1,80000,80000,1,3
3455,6,1,130000,130000,1,3
3456,2,1,80000,80000,1,3
3456,3,1,60000,60000,1,3
3456,4,1,50000,50000,1,3
3457,2,1,300000,300000,1,3
3457,2,19,20000,144600,2,3
3458,1,1,430000,430000,1,3
3459,2,1,400000,400000,1,3
3459,2,19,200,96214,3,3
3460,1,1,90000,90000,1,3
3460,2,1,50000,50000,1,3
3460,3,1,25000,100000,1,2
3461,1,1,200000,200000,1,3
3461,2,1,100000,100000,1,3
3462,1,3,28000,28000,1,3
3462,2,3,30000,30000,1,3
3462,3,1,35000,35000,1,3
3462,3,3,41000,41000,1,3
3462,5,1,72000,72000,1,3
3462,5,19,20000,144600,2,3
3463,1,1,320000,320000,1,3
3463,3,12,5000,5000,1,3
3464,1,3,28300,28300,1,3
3464,1,19,100,48107,3,3
3465,1,1,240000,240000,1,3
3466,1,3,67800,67800,1,3
3466,2,3,32400,32400,1,3
3467,1,3,37000,37000,1,3
3467,2,3,19000,19000,1,3
3468,1,1,270000,270000,1,3
3468,4,1,100000,100000,1,3
3469,1,3,44600,44600,1,3
3469,2,2,18000,18000,1,3
3470,1,1,250000,250000,1,3
3471,1,1,330000,330000,1,3
3471,1,19,100,54039,4,3
3472,1,1,120000,120000,1,3
3472,3,1,120000,120000,1,3
3473,1,3,40500,40500,1,3
3473,1,17,40000,40000,1,3
3473,3,1,80000,80000,1,3
3474,2,1,137000,137000,1,3
3474,2,18,15000,15000,1,3
3475,1,1,170000,170000,1,3
3476,1,1,200000,200000,1,3
3476,1,3,48000,48000,1,3
3476,2,3,32000,32000,1,3
3476,3,1,80000,80000,1,3
3477,2,1,160000,160000,1,3
3477,3,8,18000,18000,1,3
3478,2,1,100000,100000,1,3
3479,1,12,5000,5000,1,3
3479,1,18,70000,70000,1,3
3480,1,3,44000,44000,1,3
3480,2,3,34000,34000,1,3
3480,3,1,170000,170000,1,3
3481,2,1,100000,100000,1,3
3482,1,2,250000,250000,1,3
3482,1,3,35000,35000,1,3
3482,2,1,245000,245000,1,3
3482,2,3,35000,35000,1,3
3483,1,3,48000,48000,1,3
3484,1,3,59000,59000,1,3
3484,2,1,100000,100000,1,3
3484,3,1,45000,45000,1,3
3484,4,3,16000,16000,1,3
3484,5,3,16000,16000,1,3
3485,1,3,41600,41600,1,3
3486,1,1,63000,63000,1,3
3486,1,19,150,27019.5,4,7
3486,2,3,42000,42000,1,3
3487,1,1,180000,180000,1,3
3487,1,19,150,72160.5,3,3
3488,1,2,80000,80000,1,3
3488,3,3,41600,41600,1,3
3488,4,1,70000,70000,1,3
3488,5,1,70000,70000,1,3
3489,1,1,80000,80000,1,3
3489,2,21,40000,40000,1,3
3490,1,3,47000,47000,1,3
3490,2,3,42000,42000,1,3
3490,3,1,30000,30000,1,3
3490,4,1,125000,125000,1,3
3491,1,1,45000,45000,1,3
3491,1,18,20000,20000,1,3
3491,1,19,100,48107,3,3
3492,1,3,52000,52000,1,3
3492,2,3,41000,41000,1,3
3492,2,17,40000,40000,1,3
3492,3,2,40000,13333.3333333333,1,7
3492,3,3,70000,70000,1,3
3493,1,3,49320,49320,1,3
3493,1,19,200,96214,3,3
3494,1,3,30000,30000,1,3
3494,2,3,48000,48000,1,3
3494,4,1,150000,150000,1,3
3495,1,3,35000,35000,1,3
3495,1,5,18000,18000,1,3
3496,1,1,252000,252000,1,3
3496,1,3,54000,54000,1,3
3496,1,19,300,48107,3,7
3497,1,2,350000,350000,1,3
3497,1,19,1000,160356.666666667,3,7
3497,2,8,18000,18000,1,3
3498,1,3,48160,48160,1,3
3499,1,21,50000,50000,1,3
3500,1,3,37000,37000,1,3
3500,2,2,80000,80000,1,3
3500,3,2,80000,80000,1,3
3500,4,1,80000,80000,1,3
3501,1,1,80000,80000,1,3
3502,1,1,90000,90000,1,3
3502,2,2,60000,60000,1,3
3503,1,3,40000,40000,1,3
3503,2,1,80000,80000,1,3
3504,1,1,100000,100000,1,3
3504,2,1,100000,100000,1,3
3505,1,1,150000,150000,1,3
3505,1,3,36000,36000,1,3
3505,3,1,140000,140000,1,3
3505,4,1,70000,70000,1,3
3506,1,2,700000,700000,1,3
3506,2,8,17000,17000,1,3
3507,1,1,450000,450000,1,3
3507,2,1,250000,250000,1,3
3508,1,1,400000,400000,1,3
3508,2,1,294000,294000,1,3
3509,1,1,200000,200000,1,3
3509,3,1,350000,350000,1,3
3509,5,1,230000,230000,1,3
3509,6,1,450000,450000,1,3
3510,1,1,250000,250000,1,3
3510,1,3,60000,60000,1,3
3510,2,3,50000,50000,1,3
3510,3,1,550000,550000,1,3
3510,4,1,250000,250000,1,3
3511,1,3,33000,33000,1,3
3511,1,5,17000,17000,1,3
3511,2,3,19500,19500,1,3
3512,1,3,43000,43000,1,3
3512,1,5,17000,17000,1,3
3513,1,13,250000,250000,1,3
3513,4,1,410000,410000,1,3
3514,1,1,50000,50000,1,3
3514,2,1,150000,150000,1,3
3515,1,3,53000,53000,1,3
3515,2,3,33900,33900,1,3
3515,3,1,80000,80000,1,3
3515,3,3,16000,16000,1,3
3516,5,1,100000,100000,1,3
3517,1,22,60000,20000,1,7
3518,2,1,90000,90000,1,3
3518,3,1,200000,200000,1,3
3519,1,1,180000,180000,1,3
3520,2,8,18000,18000,1,3
3520,2,21,70000,23333.3333333333,1,7
3521,1,1,250000,250000,1,3
3521,2,1,230000,230000,1,3
3522,1,1,100000,100000,1,3
3523,1,3,40000,40000,1,3
3523,2,21,300000,25000,1,4
3524,2,2,60000,60000,1,3
3524,3,1,85000,85000,1,3
3524,4,1,170000,170000,1,3
3525,1,3,43000,43000,1,3
3525,2,3,26000,26000,1,3
3526,1,3,40000,40000,1,3
3526,2,1,250000,250000,1,3
3526,3,1,70000,70000,1,3
3527,1,3,36500,36500,1,3
3527,3,1,50000,50000,1,3
3528,3,1,80000,80000,1,3
3529,1,1,80000,80000,1,3
3529,1,5,35000,35000,1,3
3529,2,1,80000,80000,1,3
3530,1,18,60000,60000,1,3
3530,2,18,60000,60000,1,3
3530,3,18,60000,60000,1,3
3531,1,1,80000,80000,1,3
3531,2,1,80000,80000,1,3
3532,1,5,37000,37000,1,3
3532,1,19,7000,50610,2,3
3533,1,2,100000,100000,1,3
3533,3,1,100000,100000,1,3
3534,1,1,70000,70000,1,3
3534,1,3,48000,48000,1,3
3535,1,1,350000,350000,1,3
3535,1,3,48000,48000,1,3
3535,2,1,230000,230000,1,3
3535,3,1,200000,200000,1,3
3536,1,1,70000,70000,1,3
3536,3,1,120000,120000,1,3
3536,4,1,100000,100000,1,3
3537,1,3,35000,35000,1,3
3537,2,3,40000,40000,1,3
3538,1,1,100000,100000,1,3
3539,1,1,45000,45000,1,3
3539,2,1,60000,60000,1,3
3539,2,21,28000,28000,1,3
3540,1,1,120000,120000,1,3
3541,1,3,58000,58000,1,3
3541,2,3,39000,39000,1,3
3542,1,3,39900,39900,1,3
3542,1,18,10000,10000,1,3
3543,1,1,90000,90000,1,3
3543,5,1,45000,45000,1,3
3543,5,3,24000,24000,1,3
3543,5,21,20000,1666.66666666667,1,4
3544,1,3,46000,46000,1,3
3545,1,1,45000,45000,1,3
3545,2,1,80000,80000,1,3
3546,1,1,90000,90000,1,3
3546,3,1,60000,60000,1,3
3547,1,1,80000,80000,1,3
3547,2,3,36000,36000,1,3
3548,1,19,4000,28920,2,3
3549,1,5,23000,23000,1,3
3549,1,19,5000,3012.5,2,4
3550,1,1,108000,108000,1,3
3550,1,3,42000,42000,1,3
3550,2,1,67000,67000,1,3
3550,3,3,16000,16000,1,3
3551,1,1,290000,290000,1,3
3551,2,1,225000,225000,1,3
3551,2,18,30000,30000,1,3
3552,1,1,90000,90000,1,3
3552,1,1,100000,100000,1,3
3553,1,1,100000,100000,1,3
3553,3,1,100000,100000,1,3
3553,4,1,70000,70000,1,3
3553,6,1,150000,150000,1,3
3554,1,1,80000,80000,1,3
3554,2,1,60000,60000,1,3
3555,2,1,80000,80000,1,3
3555,2,5,26000,26000,1,3
3556,1,3,60000,60000,1,3
3556,2,3,50000,50000,1,3
3557,1,1,170000,170000,1,3
3557,2,1,120000,120000,1,3
3558,1,1,80000,80000,1,3
3558,2,1,80000,80000,1,3
3558,3,1,100000,100000,1,3
3559,1,3,32000,32000,1,3
3559,1,19,50000,16666.6666666667,1,7
3560,1,18,70000,70000,1,3
3561,1,3,53000,53000,1,3
3561,2,3,39000,39000,1,3
3561,3,1,150000,150000,1,3
3562,4,1,150000,150000,1,3
3563,1,1,82000,82000,1,3
3563,3,1,70000,70000,1,3
3564,1,3,48000,48000,1,3
3564,2,3,24000,24000,1,3
3565,1,3,117000,117000,1,3
3565,1,19,10000,72300,2,3
3565,2,3,43000,43000,1,3
3566,1,2,300000,300000,1,3
3567,1,1,200000,200000,1,3
3567,2,8,18000,18000,1,3
3568,1,3,66000,66000,1,3
3568,2,3,37000,37000,1,3
3569,1,1,75000,75000,1,3
3569,2,3,27000,27000,1,3
3569,2,16,15000,1250,1,4
3570,1,26,500,60133.75,3,6
3570,2,26,500,60133.75,3,6
3571,1,1,650000,650000,1,3
3571,2,1,280000,280000,1,3
3571,3,1,260000,260000,1,3
3572,1,2,300000,300000,1,3
3573,1,3,47000,47000,1,3
3573,1,19,100,48107,3,3
3574,1,3,55000,55000,1,3
3574,1,19,300,144321,3,3
3574,2,3,41000,41000,1,3
3575,1,3,45000,45000,1,3
3575,1,19,300,144321,3,3
3576,1,1,380000,380000,1,3
3576,1,5,33000,33000,1,3
3576,2,1,240000,240000,1,3
3577,1,1,300000,300000,1,3
3577,1,19,300,144321,3,3
3577,2,1,200000,200000,1,3
3578,1,2,370000,370000,1,3
3578,2,1,210000,210000,1,3
3578,3,1,300000,300000,1,3
3579,1,3,42000,42000,1,3
3579,1,13,50000,12500,1,6
3579,2,3,37000,37000,1,3
3579,2,13,300000,100000,1,7
3579,4,13,7000,7000,1,3
3579,4,19,350,168374.5,3,3
3580,1,3,45000,45000,1,3
3580,2,2,200000,200000,1,3
3580,3,13,10000,10000,1,3
3581,1,13,350000,58333.3333333333,1,5
3581,2,13,70000,70000,1,3
3581,3,1,370000,370000,1,3
3582,1,3,55000,55000,1,3
3582,4,19,600,288642,3,3
3583,1,3,19900,19900,1,3
3584,1,13,90000,90000,1,3
3585,1,3,39800,39800,1,3
3586,1,13,105000,105000,1,3
3587,1,13,100000,100000,1,3
3588,1,3,41000,41000,1,3
3588,2,3,38700,38700,1,3
3589,1,1,130000,130000,1,3
3590,1,13,90000,90000,1,3
3591,1,13,68400,68400,1,3
3591,1,19,15000,108450,2,3
3592,1,1,120000,120000,1,3
3592,2,13,40000,13333.3333333333,1,7
3593,1,3,41600,41600,1,3
3593,2,1,140000,140000,1,3
3593,3,13,25000,8333.33333333333,1,7
3594,1,13,150000,150000,1,3
3595,1,13,110000,110000,1,3
3596,1,3,36500,36500,1,3
3596,1,5,17000,17000,1,3
3597,1,13,100000,100000,1,3
3598,1,3,39800,39800,1,3
3599,1,3,40600,40600,1,3
3600,1,13,100000,100000,1,3
3601,1,1,70000,23333.3333333333,1,7
3601,1,5,35000,35000,1,3
3601,6,1,60000,60000,1,3
3602,1,3,40000,40000,1,3
3602,2,3,40000,40000,1,3
3603,1,3,50000,50000,1,3
3603,2,3,40000,40000,1,3
3603,5,2,100000,100000,1,3
3603,5,2,100000,100000,1,3
3604,1,1,80000,80000,1,3
3604,1,3,40000,40000,1,3
3604,2,3,45000,45000,1,3
3604,3,2,180000,180000,1,3
3604,4,1,80000,80000,1,3
3605,1,3,31000,31000,1,3
3605,2,1,100000,100000,1,3
3605,2,3,42000,42000,1,3
3605,3,1,150000,150000,1,3
3606,1,1,80000,80000,1,3
3606,3,1,65000,65000,1,3
3607,1,1,200000,200000,1,3
3607,2,1,100000,100000,1,3
3608,1,2,100000,100000,1,3
3608,2,1,230000,230000,1,3
3608,3,2,200000,200000,1,3
3608,4,1,220000,220000,1,3
3609,1,3,40000,40000,1,3
3609,2,3,44000,44000,1,3
3610,1,3,33000,33000,1,3
3610,2,1,70000,70000,1,3
3610,3,5,29000,29000,1,3
3611,1,13,150000,150000,1,3
3611,3,1,120000,120000,1,3
3612,1,1,85000,85000,1,3
3612,1,19,10000,24100,2,7
3612,2,3,16000,16000,1,3
3612,3,3,45000,45000,1,3
3613,1,2,100000,100000,1,3
3613,1,3,30000,30000,1,3
3613,2,3,16000,16000,1,3
3613,2,13,20000,6666.66666666667,1,7
3614,1,3,42000,42000,1,3
3615,1,1,70000,70000,1,3
3615,2,13,25000,8333.33333333333,1,7
3616,1,1,300000,300000,1,3
3617,1,3,45000,45000,1,3
3617,1,6,17000,5666.66666666667,1,7
3618,2,19,10000,24100,2,7
3619,1,13,250000,83333.3333333333,1,7
3619,2,2,35000,35000,1,3
3619,3,2,60000,20000,1,7
3619,4,2,65000,21666.6666666667,1,7
3620,1,2,80000,80000,1,3
3620,2,1,130000,130000,1,3
3620,3,1,45000,45000,1,3
3621,1,2,75000,75000,1,3
3622,2,26,8000,57840,2,3
3623,1,3,34000,34000,1,3
3623,1,5,22000,22000,1,3
3623,1,19,3000,21690,2,3
3624,1,3,26000,26000,1,3
3624,2,1,5000,150000,1,1
3625,1,1,2500,75000,1,1
3625,2,2,80000,80000,1,3
3625,3,1,50000,50000,1,3
3626,1,1,170000,170000,1,3
3627,1,1,360000,360000,1,3
3627,2,1,228000,228000,1,3
3627,3,1,225000,225000,1,3
3628,1,1,89000,89000,1,3
3628,3,1,130000,130000,1,3
3629,1,1,125000,125000,1,3
3629,2,1,95000,95000,1,3
3630,1,3,47000,47000,1,3
3630,3,1,42000,42000,1,3
3631,1,3,47200,47200,1,3
3632,1,1,250000,250000,1,3
3633,1,3,34000,34000,1,3
3633,2,21,100000,33333.3333333333,1,7
3634,1,1,95000,95000,1,3
3635,1,1,125000,125000,1,3
3635,2,1,98000,98000,1,3
3636,1,1,90000,90000,1,3
3637,1,1,120000,120000,1,3
3637,1,21,50000,16666.6666666667,1,7
3638,1,3,50000,50000,1,3
3638,2,1,65000,65000,1,3
3638,2,3,57000,57000,1,3
3639,1,1,74000,74000,1,3
3640,1,1,55000,55000,1,3
3640,1,3,48000,48000,1,3
3641,1,3,51700,51700,1,3
3641,2,1,50000,50000,1,3
3642,2,19,200000,200000,1,3
3643,1,3,50000,50000,1,3
3644,2,19,200000,200000,1,3
3645,1,1,200000,200000,1,3
3646,1,1,90000,90000,1,3
3646,2,1,80000,80000,1,3
3647,1,1,85000,85000,1,3
3647,1,13,15000,5000,1,7
3648,1,3,42000,42000,1,3
3648,2,13,25000,8333.33333333333,1,7
3648,4,1,130000,130000,1,3
3649,1,3,40000,40000,1,3
3649,2,13,80000,26666.6666666667,1,7
3649,3,21,110000,36666.6666666667,1,7
3650,1,1,80000,80000,1,3
3650,1,3,43000,43000,1,3
3650,2,1,50000,50000,1,3
3650,3,1,120000,120000,1,3
3650,4,1,100000,100000,1,3
3651,1,1,50000,16666.6666666667,1,7
3651,1,21,100000,25000,1,6
3651,2,1,30000,10000,1,7
3651,3,1,85000,85000,1,3
3652,1,3,47000,47000,1,3
3652,2,2,120000,120000,1,3
3652,4,1,80000,80000,1,3
3652,5,1,120000,120000,1,3
3653,1,1,100000,100000,1,3
3653,2,21,90000,30000,1,7
3653,3,1,85000,85000,1,3
3653,4,1,100000,100000,1,3
3654,1,3,48000,48000,1,3
3654,2,3,46000,46000,1,3
3654,3,2,160000,160000,1,3
3655,1,13,60000,60000,1,3
3656,1,1,200000,200000,1,3
3657,1,1,80000,80000,1,3
3657,2,3,19000,19000,1,3
3658,1,13,90000,90000,1,3
3659,1,13,40000,40000,1,3
3659,2,21,100000,33333.3333333333,1,7
3660,1,13,40000,40000,1,3
3660,2,1,50000,50000,1,3
3661,1,13,60000,60000,1,3
3661,3,3,16000,16000,1,3
3662,1,13,100000,33333.3333333333,1,7
3663,2,13,68200,68200,1,3
3663,3,2,200000,200000,1,3
3664,1,1,50000,50000,1,3
3664,1,3,38000,38000,1,3
3664,3,1,60000,60000,1,3
3664,3,3,32000,32000,1,3
3665,1,3,25000,25000,1,3
3665,2,2,50000,50000,1,3
3665,4,2,70000,70000,1,3
3666,3,1,45000,45000,1,3
3666,4,3,20000,20000,1,3
3666,5,3,40000,40000,1,3
3667,1,3,35000,35000,1,3
3667,1,19,8000,57840,2,3
3667,3,19,10000,72300,2,3
3668,2,3,39000,39000,1,3
3668,3,2,50000,50000,1,3
3668,4,1,50000,50000,1,3
3669,1,1,40000,40000,1,3
3670,2,2,60000,60000,1,3
3670,2,19,25000,25000,1,3
3671,1,2,200000,200000,1,3
3672,2,19,15000,108450,2,3
3672,4,1,80000,80000,1,3
3673,1,13,50000,50000,1,3
3674,1,5,22000,22000,1,3
3674,1,13,50000,50000,1,3
3674,3,3,21000,21000,1,3
3675,2,13,100200,100200,1,3
3675,2,22,50000,50000,1,3
3676,1,22,100000,100000,1,3
3677,1,13,50000,50000,1,3
3677,2,1,65000,65000,1,3
3677,4,1,100000,100000,1,3
3678,1,13,50000,50000,1,3
3679,1,3,35000,35000,1,3
3679,1,5,28000,28000,1,3
3679,1,13,20000,20000,1,3
3679,1,22,140000,11666.6666666667,1,4
3679,2,3,30000,30000,1,3
3680,1,13,30000,30000,1,3
3680,1,22,70000,70000,1,3
3681,1,13,60000,60000,1,3
3682,1,1,120000,120000,1,3
3682,2,5,28500,28500,1,3
3683,1,3,33000,33000,1,3
3683,3,5,23000,23000,1,3
3683,3,19,100000,100000,1,3
3684,1,3,33000,33000,1,3
3684,2,3,27000,27000,1,3
3684,3,1,120000,40000,1,7
3684,4,5,46500,46500,1,3
3685,1,3,16500,16500,1,3
3685,2,3,34500,34500,1,3
3685,4,1,100000,100000,1,3
3686,1,3,36000,36000,1,3
3687,1,3,25000,25000,1,3
3687,2,13,20000,20000,1,3
3687,3,2,150000,150000,1,3
3687,4,5,35000,35000,1,3
3688,1,3,25000,25000,1,3
3688,3,2,150000,150000,1,3
3688,6,2,150000,150000,1,3
3688,7,5,34000,34000,1,3
3689,1,13,80000,80000,1,3
3689,2,3,27000,27000,1,3
3689,4,5,27000,27000,1,3
3690,1,3,44000,44000,1,3
3690,2,3,37000,37000,1,3
3690,3,2,150000,150000,1,3
3690,4,5,34500,34500,1,3
3691,1,13,10000,10000,1,3
3691,1,22,60000,60000,1,3
3692,1,22,60000,60000,1,3
3692,1,26,7000,50610,2,3
3692,2,26,9000,65070,2,3
3693,1,3,29000,29000,1,3
3693,2,3,35000,35000,1,3
3694,1,3,30000,30000,1,3
3694,2,22,30000,10000,1,7
3695,1,3,29000,29000,1,3
3695,3,22,60000,60000,1,3
3696,1,3,35000,35000,1,3
3696,1,22,100000,100000,1,3
3697,1,2,15000,15000,1,3
3697,1,22,40000,40000,1,3
3698,1,3,25000,25000,1,3
3698,1,19,40000,40000,1,3
3699,1,3,30000,30000,1,3
3699,1,22,160000,160000,1,3
3699,2,3,26000,26000,1,3
3700,1,3,36000,36000,1,3
3700,1,13,50000,16666.6666666667,1,7
3700,2,2,150000,150000,1,3
3700,3,1,60000,60000,1,3
3701,1,1,85000,85000,1,3
3701,2,13,100000,33333.3333333333,1,7
3701,3,1,120000,120000,1,3
3701,4,1,80000,80000,1,3
3701,4,3,25000,25000,1,3
3702,2,13,30000,10000,1,7
3702,2,19,20000,144600,2,3
3703,1,13,80000,26666.6666666667,1,7
3704,1,13,60000,20000,1,7
3704,2,1,55000,55000,1,3
3704,3,1,250000,250000,1,3
3704,4,8,18000,18000,1,3
3705,1,1,70000,70000,1,3
3705,2,13,20000,6666.66666666667,1,7
3706,1,1,70000,70000,1,3
3706,2,13,20000,5000,1,6
3707,1,1,160000,160000,1,3
3707,2,13,35000,11666.6666666667,1,7
3707,3,1,120000,120000,1,3
3708,1,3,38000,38000,1,3
3708,1,5,17000,17000,1,3
3709,1,3,40000,40000,1,3
3709,1,21,40000,40000,1,3
3710,2,18,80000,20000,1,6
3710,2,22,40000,40000,1,3
3711,1,3,37000,37000,1,3
3711,2,3,43000,43000,1,3
3711,2,6,17000,4250,1,6
3712,1,27,37000,37000,1,3
3712,2,3,38000,38000,1,3
3713,1,3,27000,27000,1,3
3713,1,22,10000,10000,1,3
3714,1,3,33000,33000,1,3
3714,2,19,10000,24100,2,7
3715,1,22,5000,36150,2,3
3716,1,3,40000,40000,1,3
3716,2,3,40000,40000,1,3
3716,3,1,140000,140000,1,3
3717,1,3,70000,70000,1,3
3718,1,3,40000,40000,1,3
3718,2,3,34000,34000,1,3
3718,4,1,55000,55000,1,3
3719,1,1,80000,80000,1,3
3719,1,3,40000,40000,1,3
3719,2,1,60000,60000,1,3
3720,2,13,25000,8333.33333333333,1,7
3720,3,1,90000,90000,1,3
3721,1,3,42000,42000,1,3
3721,1,19,7000,4217.5,2,4
3721,2,3,41000,41000,1,3
3722,1,1,90000,90000,1,3
3722,1,19,10000,24100,2,7
3723,1,3,39000,39000,1,3
3723,2,3,36000,36000,1,3
3724,3,19,10000,24100,2,7
3724,3,21,80000,6666.66666666667,1,4
3725,1,3,41000,41000,1,3
3725,1,5,22000,22000,1,3
3725,2,19,8000,4820,2,4
3726,1,3,39000,39000,1,3
3726,1,13,10000,3333.33333333333,1,7
3727,1,2,1500,45000,1,1
3727,3,1,50000,50000,1,3
3727,4,1,50000,50000,1,3
3728,1,3,47000,47000,1,3
3729,1,3,42000,42000,1,3
3729,2,3,33000,33000,1,3
3729,2,5,22500,22500,1,3
3729,2,19,10000,72300,2,3
3730,1,3,41600,41600,1,3
3730,2,3,28300,28300,1,3
3730,2,5,28000,28000,1,3
3730,3,2,70000,70000,1,3
3730,4,1,83000,83000,1,3
3731,1,3,66000,66000,1,3
3731,2,3,38000,38000,1,3
3732,1,5,20000,20000,1,3
3732,1,19,1000,7230,2,3
3732,1,21,10000,1666.66666666667,1,5
3733,1,3,48000,48000,1,3
3733,2,3,45000,45000,1,3
3734,2,1,40000,40000,1,3
3734,3,1,2000,60000,1,1
3734,3,19,100,48107,3,3
3735,1,3,60000,60000,1,3
3735,2,1,110000,110000,1,3
3736,1,19,7000,50610,2,3
3736,2,3,28000,28000,1,3
3737,2,5,29000,29000,1,3
3737,2,19,7000,16870,2,7
3738,1,1,75000,75000,1,3
3738,2,3,35000,35000,1,3
3739,2,1,80000,80000,1,3
3739,4,19,6000,43380,2,3
3740,1,1,30000,10000,1,7
3740,1,5,36000,36000,1,3
3740,2,3,16000,16000,1,3
3740,3,3,16000,16000,1,3
3740,4,3,16000,16000,1,3
3741,1,1,90000,90000,1,3
3741,2,3,29000,29000,1,3
3741,3,1,80000,80000,1,3
3742,1,3,20000,20000,1,3
3743,1,21,20000,6666.66666666667,1,7
3744,1,1,100000,100000,1,3
3745,1,3,30000,30000,1,3
3745,3,13,10000,40000,1,2
3746,1,3,22000,22000,1,3
3746,2,3,16000,16000,1,3
3746,2,13,10000,40000,1,2
3747,2,13,20000,80000,1,2
3747,2,19,15000,108450,2,3
3748,1,13,150000,150000,1,3
3749,1,3,30000,30000,1,3
3749,1,5,28000,28000,1,3
3749,3,13,12000,48000,1,2
3750,1,3,39000,39000,1,3
3750,1,5,28000,28000,1,3
3750,2,13,15000,60000,1,2
3751,1,1,50000,50000,1,3
3751,1,3,46000,46000,1,3
3751,2,13,18000,72000,1,2
3751,3,1,150000,150000,1,3
3752,1,3,37000,37000,1,3
3752,2,1,150000,150000,1,3
3753,1,3,30000,30000,1,3
3753,2,1,120000,120000,1,3
3753,3,13,15000,60000,1,2
3754,1,3,45000,45000,1,3
3754,2,5,36000,36000,1,3
3755,2,19,6000,43380,2,3
3755,4,3,22000,22000,1,3
3756,1,3,43000,43000,1,3
3756,2,1,100000,100000,1,3
3757,2,5,28000,28000,1,3
3757,2,19,8000,57840,2,3
3758,1,3,47000,47000,1,3
3758,2,3,41000,41000,1,3
3758,3,5,27000,27000,1,3
3759,1,1,100000,100000,1,3
3759,1,3,23000,23000,1,3
3759,2,1,80000,80000,1,3
3759,3,1,110000,110000,1,3
3760,1,2,55000,55000,1,3
3760,1,19,10000,72300,2,3
3760,2,2,55000,55000,1,3
3761,1,1,130000,130000,1,3
3761,1,5,34000,34000,1,3
3761,6,3,16000,16000,1,3
3762,1,1,87000,87000,1,3
3762,1,3,96000,96000,1,3
3762,1,19,100,48107,3,3
3763,1,3,42000,42000,1,3
3763,1,5,17000,17000,1,3
3763,2,3,19500,3250,1,5
3764,1,1,160000,160000,1,3
3765,1,22,120,57728.4,3,3
3765,2,3,19000,19000,1,3
3766,1,3,41000,41000,1,3
3766,2,3,35000,35000,1,3
3766,3,19,20000,144600,2,3
3766,5,3,21000,21000,1,3
3767,1,2,120000,120000,1,3
3767,2,1,25000,25000,1,3
3767,2,22,50000,16666.6666666667,1,7
3768,1,3,19000,19000,1,3
3768,1,22,100,16035.6666666667,3,7
3769,1,1,50000,50000,1,3
3769,1,22,30000,10000,1,7
3769,3,3,41000,41000,1,3
3770,1,3,42000,42000,1,3
3770,1,18,15000,15000,1,3
3771,1,1,156000,156000,1,3
3771,4,3,30000,30000,1,3
3771,5,1,70000,70000,1,3
3772,2,1,95000,95000,1,3
3772,6,3,55000,55000,1,3
3773,1,3,25000,25000,1,3
3773,1,19,58000,9666.66666666667,1,5
3773,2,1,50000,50000,1,3
3774,1,3,38000,38000,1,3
3774,2,1,70000,70000,1,3
3775,1,1,55000,55000,1,3
3775,1,3,45000,45000,1,3
3775,2,1,55000,55000,1,3
3775,2,3,50000,50000,1,3
3775,3,1,55000,55000,1,3
3776,1,3,30900,30900,1,3
3776,3,1,63000,63000,1,3
3776,3,19,70000,70000,1,3
3777,1,1,70000,70000,1,3
3778,1,3,40000,40000,1,3
3779,1,1,78000,78000,1,3
3779,1,3,42000,42000,1,3
3780,1,1,100000,100000,1,3
3780,3,1,100000,100000,1,3
3781,1,3,32000,32000,1,3
3781,2,3,28000,28000,1,3
3781,2,5,29000,29000,1,3
3781,3,3,19000,19000,1,3
3782,1,3,44000,44000,1,3
3782,3,1,80000,80000,1,3
3782,4,1,180000,180000,1,3
3783,1,19,100,48107,3,3
3784,1,3,35000,35000,1,3
3784,2,3,40000,40000,1,3
3784,4,1,65000,65000,1,3
3785,1,3,44000,44000,1,3
3785,2,1,70000,70000,1,3
3786,1,2,60000,60000,1,3
3787,1,2,150000,150000,1,3
3788,1,3,38000,38000,1,3
3788,1,5,16000,16000,1,3
3789,2,5,28000,28000,1,3
3789,2,19,5000,36150,2,3
3790,2,13,120000,120000,1,3
3790,2,19,20000,144600,2,3
3791,2,5,39000,39000,1,3
3791,2,13,100000,100000,1,3
3791,2,19,150,72160.5,3,3
3792,2,13,130000,130000,1,3
3792,2,19,150,72160.5,3,3
3793,2,3,18000,18000,1,3
3793,2,13,20000,20000,1,3
3793,2,19,20000,144600,2,3
3794,2,13,110000,110000,1,3
3794,2,19,100,48107,3,3
3794,3,1,270000,270000,1,3
3794,4,1,218000,218000,1,3
3795,2,13,90000,90000,1,3
3795,2,19,200,96214,3,3
3795,4,1,208000,208000,1,3
3796,2,13,25000,25000,1,3
3796,2,19,15000,108450,2,3
3797,1,13,80000,80000,1,3
3797,1,19,180,86592.6,3,3
3798,1,3,42000,42000,1,3
3798,1,17,120000,10000,1,4
3798,1,19,3000,21690,2,3
3799,1,1,70000,70000,1,3
3799,3,3,17000,17000,1,3
3800,1,3,31000,31000,1,3
3800,4,22,20000,3333.33333333333,1,5
3801,1,3,37000,37000,1,3
3801,2,3,21000,21000,1,3
3802,1,3,28000,28000,1,3
3802,3,19,5000,36150,2,3
3803,1,19,10000,18075,2,6
3804,1,3,33000,33000,1,3
3804,2,13,20000,6666.66666666667,1,7
3805,2,5,23000,23000,1,3
3805,2,22,10000,2500,1,6
3806,1,3,38000,38000,1,3
3807,1,3,27000,27000,1,3
3807,1,5,16000,16000,1,3
3808,1,1,270000,270000,1,3
3808,1,3,52000,52000,1,3
3808,2,1,238000,238000,1,3
3809,1,3,55000,55000,1,3
3809,1,18,10000,10000,1,3
3810,1,3,55000,55000,1,3
3810,2,1,110000,110000,1,3
3811,1,1,95000,95000,1,3
3811,3,1,120000,120000,1,3
3811,4,1,80000,80000,1,3
3812,1,3,55000,55000,1,3
3812,2,3,35000,35000,1,3
3812,2,13,40000,13333.3333333333,1,7
3813,1,3,50000,50000,1,3
3813,1,13,8000,8000,1,3
3814,1,3,55000,55000,1,3
3814,1,13,10000,10000,1,3
3815,1,3,45000,45000,1,3
3815,1,13,20000,20000,1,3
3815,2,1,90000,90000,1,3
3816,1,3,35000,35000,1,3
3816,1,13,25000,25000,1,3
3816,2,1,55000,55000,1,3
3817,1,1,60000,60000,1,3
3817,1,3,35000,35000,1,3
3817,3,1,140000,140000,1,3
3818,1,1,60000,60000,1,3
3818,2,1,70000,70000,1,3
3819,1,3,46000,46000,1,3
3819,2,3,42000,42000,1,3
3820,1,2,200000,200000,1,3
3820,1,13,136100,136100,1,3
3820,2,3,25000,25000,1,3
3820,3,1,260000,260000,1,3
3821,1,1,65000,65000,1,3
3822,1,3,45000,45000,1,3
3822,2,13,240000,240000,1,3
3823,1,3,40000,40000,1,3
3823,1,19,250,120267.5,3,3
3823,2,3,37000,37000,1,3
3824,1,1,55000,55000,1,3
3824,1,3,42000,42000,1,3
3824,2,3,48000,48000,1,3
3824,3,1,120000,120000,1,3
3824,4,1,105000,105000,1,3
3825,1,1,290000,290000,1,3
3825,1,3,50000,50000,1,3
3825,1,13,61300,61300,1,3
3825,2,1,310000,310000,1,3
3826,2,19,400,192428,3,3
3827,1,3,37000,37000,1,3
3827,1,5,30000,30000,1,3
3827,1,19,300,144321,3,3
3827,3,12,4500,4500,1,3
3828,1,3,50000,50000,1,3
3828,2,3,42000,42000,1,3
3828,3,1,70000,70000,1,3
3828,4,1,50000,50000,1,3
3829,1,3,59000,59000,1,3
3829,2,3,50000,50000,1,3
3829,3,1,110000,110000,1,3
3830,1,1,180000,180000,1,3
3830,2,1,50000,50000,1,3
3830,3,1,40000,40000,1,3
3831,1,1,180000,180000,1,3
3832,1,1,40000,40000,1,3
3832,1,3,35000,35000,1,3
3832,2,1,42000,42000,1,3
3832,4,1,100000,100000,1,3
3833,1,1,250000,250000,1,3
3833,2,1,90000,90000,1,3
3833,3,1,57000,57000,1,3
3834,1,1,210000,210000,1,3
3834,2,8,18000,18000,1,3
3835,1,3,37000,37000,1,3
3835,1,19,100,48107,3,3
3836,1,1,40000,40000,1,3
3836,1,5,29000,29000,1,3
3837,2,1,150000,150000,1,3
3838,1,3,56000,56000,1,3
3838,2,3,54000,54000,1,3
3838,2,18,50000,50000,1,3
3838,3,3,34000,34000,1,3
3839,1,1,40000,40000,1,3
3839,2,5,28000,28000,1,3
3840,1,3,30000,30000,1,3
3840,2,3,16000,16000,1,3
3840,3,5,35000,35000,1,3
3841,2,19,200,96214,3,3
3841,3,3,50000,50000,1,3
3841,5,8,18000,18000,1,3
3841,5,19,80000,80000,1,3
3842,1,3,47000,47000,1,3
3842,2,3,43000,43000,1,3
3842,3,1,22000,22000,1,3
3843,1,3,30000,30000,1,3
3843,2,3,40000,40000,1,3
3843,3,1,150000,150000,1,3
3843,4,1,150000,150000,1,3
3844,1,3,36000,36000,1,3
3844,1,5,17000,17000,1,3
3845,1,3,54000,54000,1,3
3845,2,3,41000,41000,1,3
3845,3,3,54000,54000,1,3
3845,3,5,17000,17000,1,3
3846,1,13,15000,15000,1,3
3846,1,22,40000,13333.3333333333,1,7
3846,2,18,10000,10000,1,3
3847,1,1,80000,80000,1,3
3848,2,21,35000,11666.6666666667,1,7
3848,3,1,70000,70000,1,3
3849,1,3,33800,33800,1,3
3849,2,1,60000,60000,1,3
3849,3,21,40000,13333.3333333333,1,7
3850,3,5,33500,33500,1,3
3850,3,19,15000,9037.5,2,4
3850,7,3,28000,28000,1,3
3851,1,3,40000,40000,1,3
3851,2,3,40000,40000,1,3
3852,2,5,52000,52000,1,3
3852,8,3,28700,28700,1,3
3853,1,1,50000,50000,1,3
3853,1,3,34000,34000,1,3
3853,2,13,40000,13333.3333333333,1,7
3853,2,19,10000,72300,2,3
3854,1,1,100000,100000,1,3
3854,2,8,18000,18000,1,3
3855,1,13,40000,13333.3333333333,1,7
3855,3,1,150000,150000,1,3
3855,6,1,150000,150000,1,3
3856,1,1,270000,270000,1,3
3856,1,3,51000,51000,1,3
3856,2,3,38000,38000,1,3
3856,3,13,50000,16666.6666666667,1,7
3857,1,1,157000,157000,1,3
3858,1,3,39800,39800,1,3
3858,3,19,250,40089.1666666667,3,7
3859,1,1,150000,150000,1,3
3859,2,13,30000,10000,1,7
3859,5,2,40000,13333.3333333333,1,7
3860,1,1,308000,308000,1,3
3860,1,13,137200,137200,1,3
3861,1,13,15000,15000,1,3
3861,2,1,130000,130000,1,3
3861,3,13,25000,8333.33333333333,1,7
3862,1,1,180000,180000,1,3
3862,3,12,5000,5000,1,3
3863,1,1,200000,200000,1,3
3864,1,3,39000,39000,1,3
3865,1,3,48000,48000,1,3
3866,1,3,40000,40000,1,3
3866,1,5,17000,17000,1,3
3867,1,1,200000,200000,1,3
3867,2,1,70000,70000,1,3
3867,3,1,80000,80000,1,3
3868,1,3,40000,40000,1,3
3868,2,1,90000,90000,1,3
3868,3,1,30000,30000,1,3
3869,2,1,95000,95000,1,3
3869,2,21,150000,50000,1,7
3870,1,3,41000,41000,1,3
3870,2,3,47000,47000,1,3
3871,1,3,55000,55000,1,3
3871,2,3,50000,50000,1,3
3872,1,3,50000,50000,1,3
3872,2,3,55000,55000,1,3
3873,1,3,40000,40000,1,3
3873,2,3,52000,52000,1,3
3874,1,3,50000,50000,1,3
3875,1,3,45000,45000,1,3
3876,1,3,42000,42000,1,3
3876,2,3,41000,41000,1,3
3877,1,3,49000,49000,1,3
3877,2,3,45000,45000,1,3
3878,1,1,65000,65000,1,3
3878,2,1,49000,49000,1,3
3878,4,3,42000,42000,1,3
3879,1,1,25000,25000,1,3
3880,1,1,64000,64000,1,3
3881,1,1,150000,150000,1,3
3882,1,3,46000,46000,1,3
3882,2,1,85000,85000,1,3
3883,1,1,100000,100000,1,3
3883,1,19,500,40089.1666666667,3,5
3884,1,1,160000,160000,1,3
3885,1,3,30000,30000,1,3
3885,2,3,30000,30000,1,3
3885,3,2,100000,100000,1,3
3886,1,3,28000,28000,1,3
3886,2,3,26000,26000,1,3
3887,1,3,35000,35000,1,3
3887,2,1,55000,55000,1,3
3887,3,1,50000,50000,1,3
3887,4,12,5000,5000,1,3
3888,2,5,28000,28000,1,3
3888,3,1,150000,150000,1,3
3889,1,1,50000,50000,1,3
3889,1,19,200,106190,4,3
3889,2,3,16000,16000,1,3
3889,3,3,16000,16000,1,3
3890,1,1,250000,250000,1,3
3890,2,19,20000,149800,2,3
3890,4,1,240000,240000,1,3
3891,1,1,280000,280000,1,3
3892,1,1,200000,200000,1,3
3893,2,1,70000,70000,1,3
3893,2,19,15000,112350,2,3
3894,1,3,28500,28500,1,3
3894,1,18,30000,30000,1,3
3895,1,1,280000,280000,1,3
3895,3,12,5000,5000,1,3
3896,1,1,240000,240000,1,3
3897,1,3,28500,28500,1,3
3897,1,19,10000,74900,2,3
3897,2,1,90000,90000,1,3
3897,2,3,33000,33000,1,3
3898,1,1,230000,230000,1,3
3898,4,22,200,31503.3333333333,3,7
3899,1,3,48000,48000,1,3
3899,2,3,34000,34000,1,3
3900,1,3,38400,38400,1,3
3900,1,18,10000,10000,1,3
3901,1,1,143000,143000,1,3
3902,2,19,15000,112350,2,3
3903,1,18,200000,50000,1,6
3903,1,22,80000,13333.3333333333,1,5
3904,1,3,36000,36000,1,3
3904,2,1,113000,113000,1,3
3905,2,1,35000,35000,1,3
3905,3,1,180000,180000,1,3
3906,1,1,90000,90000,1,3
3906,1,3,70000,70000,1,3
3906,2,3,31000,31000,1,3
3907,1,3,40000,40000,1,3
3907,2,1,150000,150000,1,3
3908,1,1,140000,140000,1,3
3908,2,26,9000,67410,2,3
3909,1,3,33000,33000,1,3
3909,2,3,32800,32800,1,3
3909,2,5,17000,17000,1,3
3909,2,20,7500,7500,1,3
3910,1,3,42200,42200,1,3
3910,1,19,300,141765,3,3
3911,2,1,75000,75000,1,3
3911,3,3,41500,41500,1,3
3912,1,3,28000,28000,1,3
3912,2,3,21000,21000,1,3
3913,1,3,39200,39200,1,3
3913,2,1,65000,65000,1,3
3913,3,3,19600,19600,1,3
3914,1,1,95000,95000,1,3
3914,1,19,1000,39379.1666666667,3,4
3915,1,1,225000,225000,1,3
3915,2,2,280000,280000,1,3
3916,1,19,2000,4993.33333333333,2,7
3916,1,21,90000,90000,1,3
3917,1,3,70000,70000,1,3
3917,1,19,100,47255,3,3
3917,2,3,40000,40000,1,3
3918,1,2,60000,60000,1,3
3919,1,3,36000,36000,1,3
3919,1,19,15000,112350,2,3
3920,3,1,140000,140000,1,3
3921,1,1,60000,60000,1,3
3921,2,1,60000,60000,1,3
3921,4,2,60000,60000,1,3
3921,5,21,60000,60000,1,3
3922,1,1,100000,100000,1,3
3922,1,2,40000,40000,1,3
3922,1,21,40000,40000,1,3
3923,1,3,31000,31000,1,3
3923,1,5,17000,17000,1,3
3924,1,1,100000,100000,1,3
3924,3,1,80000,80000,1,3
3925,1,3,43000,43000,1,3
3925,2,3,54000,54000,1,3
3926,1,3,25000,25000,1,3
3926,2,2,250000,250000,1,3
3927,1,3,16000,16000,1,3
3927,2,1,40000,40000,1,3
3927,2,3,45000,45000,1,3
3927,4,1,60000,60000,1,3
3927,6,12,4650,4650,1,3
3928,1,1,150000,150000,1,3
3928,2,1,60000,60000,1,3
3928,3,1,90000,90000,1,3
3928,4,1,70000,70000,1,3
3929,3,1,100000,100000,1,3
3929,3,19,100000,100000,1,3
3930,3,2,200000,200000,1,3
3931,1,3,34000,34000,1,3
3931,2,19,70000,23333.3333333333,1,7
3932,1,3,35000,35000,1,3
3932,1,19,50000,50000,1,3
3933,1,3,60000,60000,1,3
3933,2,2,120000,120000,1,3
3933,3,1,80000,80000,1,3
3934,1,3,40000,40000,1,3
3934,2,3,45000,45000,1,3
3934,3,1,200000,200000,1,3
3934,4,1,37000,37000,1,3
3935,1,1,100000,100000,1,3
3935,1,3,55000,55000,1,3
3935,2,1,50000,50000,1,3
3935,3,1,100000,100000,1,3
3936,1,2,30000,30000,1,3
3936,2,1,90000,90000,1,3
3936,3,1,20000,20000,1,3
3937,2,1,120000,120000,1,3
3938,2,19,150000,150000,1,3
3938,4,1,80000,80000,1,3
3939,2,1,100000,100000,1,3
3939,2,19,10000,24966.6666666667,2,7
3939,3,1,70000,70000,1,3
3940,1,3,44800,44800,1,3
3941,1,2,70000,70000,1,3
3941,2,3,29000,29000,1,3
3941,4,1,100000,100000,1,3
3942,1,3,48000,48000,1,3
3943,1,3,30000,30000,1,3
3943,2,1,50000,50000,1,3
3944,2,2,135000,135000,1,3
3944,2,5,46000,46000,1,3
3944,3,1,80000,80000,1,3
3944,8,1,60000,60000,1,3
3944,13,1,50000,50000,1,3
3944,13,3,18000,18000,1,3
3945,2,1,120000,120000,1,3
3945,3,1,120000,120000,1,3
3946,1,1,150000,150000,1,3
3946,5,3,36000,36000,1,3
3947,1,3,57000,57000,1,3
3947,2,3,36000,36000,1,3
3947,2,19,100,3937.91666666667,3,4
3948,1,3,28900,28900,1,3
3949,1,3,84000,84000,1,3
3949,2,3,34000,34000,1,3
3950,1,1,120000,120000,1,3
3951,1,3,34000,34000,1,3
3951,1,22,150000,37500,1,6
3952,1,3,47000,47000,1,3
3953,1,2,100000,100000,1,3
3953,2,1,80000,80000,1,3
3954,1,1,150000,150000,1,3
3954,3,1,170000,170000,1,3
3954,4,1,78000,78000,1,3
3955,1,2,15000,15000,1,3
3955,1,3,71000,71000,1,3
3955,2,3,56000,56000,1,3
3956,1,1,150000,150000,1,3
3956,2,1,80000,80000,1,3
3957,1,3,50000,50000,1,3
3958,1,1,120000,120000,1,3
3958,3,1,110000,110000,1,3
3958,4,1,70000,70000,1,3
3959,1,1,300000,300000,1,3
3959,2,1,250000,250000,1,3
3959,3,1,260000,260000,1,3
3960,1,3,47500,47500,1,3
3960,1,19,150,70882.5,3,3
3961,1,3,38300,38300,1,3
3961,3,1,100000,100000,1,3
3961,4,12,4800,4800,1,3
3962,1,1,170000,170000,1,3
3962,3,1,100000,100000,1,3
3963,1,1,70000,70000,1,3
3963,1,3,49000,49000,1,3
3963,2,1,80000,80000,1,3
3963,3,1,120000,120000,1,3
3963,4,1,50000,50000,1,3
3964,1,1,180000,180000,1,3
3964,2,1,60000,60000,1,3
3964,3,1,150000,150000,1,3
3965,1,2,80000,80000,1,3
3965,1,19,100,17698.3333333333,4,7
3966,1,18,40000,40000,1,3
3966,2,18,40000,40000,1,3
3966,3,1,120000,120000,1,3
3967,1,1,130000,130000,1,3
3967,1,3,49000,49000,1,3
3967,3,1,160000,160000,1,3
3967,3,3,42000,42000,1,3
3967,7,1,100000,100000,1,3
3968,1,3,50000,50000,1,3
3968,2,1,220000,220000,1,3
3969,1,1,75000,75000,1,3
3969,2,1,75000,75000,1,3
3969,3,1,40000,40000,1,3
3970,1,3,29000,29000,1,3
3970,5,2,60000,60000,1,3
3971,1,1,80000,80000,1,3
3971,4,3,47000,47000,1,3
3971,5,3,37000,37000,1,3
3972,1,3,42000,42000,1,3
3972,2,1,120000,120000,1,3
3973,1,3,70000,70000,1,3
3974,1,1,86000,86000,1,3
3974,1,22,26000,2166.66666666667,1,4
3975,1,2,90000,90000,1,3
3975,4,3,62000,62000,1,3
3976,1,3,50000,50000,1,3
3976,2,1,45000,45000,1,3
3976,5,1,80000,80000,1,3
3977,1,21,48000,16000,1,7
3978,1,1,50000,50000,1,3
3978,2,1,80000,80000,1,3
3979,1,19,4000,29960,2,3
3980,1,3,40000,40000,1,3
3980,1,5,17000,17000,1,3
3981,1,1,40000,40000,1,3
3982,1,3,41000,41000,1,3
3983,1,1,130000,130000,1,3
3983,2,1,60000,60000,1,3
3984,1,3,42000,42000,1,3
3984,1,19,5000,37450,2,3
3984,2,27,37000,37000,1,3
3985,1,1,80000,80000,1,3
3985,2,1,80000,80000,1,3
3986,1,1,250000,83333.3333333333,1,7
3986,3,1,160000,160000,1,3
3986,4,12,5000,5000,1,3
3987,1,3,44000,44000,1,3
3987,1,18,12000,12000,1,3
3988,1,3,56000,56000,1,3
3988,2,3,36000,36000,1,3
3989,1,1,45000,45000,1,3
3989,2,3,38000,38000,1,3
3989,3,1,95000,95000,1,3
3990,1,1,200000,200000,1,3
3990,2,1,90000,90000,1,3
3991,1,3,50000,50000,1,3
3991,2,3,16000,16000,1,3
3991,4,1,90000,90000,1,3
3992,1,2,400000,400000,1,3
3992,2,1,300000,300000,1,3
3993,1,18,80000,80000,1,3
3994,1,2,150000,150000,1,3
3995,1,3,54000,54000,1,3
3995,2,3,25000,25000,1,3
3996,1,1,150000,150000,1,3
3996,2,3,45000,45000,1,3
3997,1,3,42000,42000,1,3
3997,1,19,1000,7490,2,3
3998,1,3,46000,46000,1,3
3998,1,22,20000,3333.33333333333,1,5
3999,1,1,300000,300000,1,3
3999,1,19,3000,22470,2,3
4000,1,2,100000,100000,1,3
4000,2,8,18000,18000,1,3
4000,4,1,100000,100000,1,3
4001,1,22,100000,16666.6666666667,1,5
4002,1,3,40000,40000,1,3
4002,2,1,320000,320000,1,3
4002,2,19,5000,37450,2,3
4003,1,26,14000,104860,2,3
4003,2,26,14000,104860,2,3
4004,1,1,160000,160000,1,3
4004,1,22,50000,50000,1,3
4004,2,8,18000,18000,1,3
4005,2,1,400000,400000,1,3
4006,1,3,45000,45000,1,3
4006,1,19,300,141765,3,3
4007,1,3,48000,48000,1,3
4007,1,19,330,155941.5,3,3
4007,2,3,44000,44000,1,3
4007,2,13,70000,70000,1,3
4008,2,5,35000,35000,1,3
4008,2,13,80000,80000,1,3
4008,2,19,420,198471,3,3
4009,2,13,85000,85000,1,3
4009,2,19,500,236275,3,3
4010,1,3,42000,42000,1,3
4010,1,13,80000,80000,1,3
4010,2,3,37000,37000,1,3
4010,2,13,85000,85000,1,3
4010,3,1,300000,300000,1,3
4010,3,19,200,94510,3,3
4010,4,19,100,47255,3,3
4011,1,1,310000,310000,1,3
4011,1,5,35000,35000,1,3
4011,2,13,110000,110000,1,3
4012,1,13,500000,166666.666666667,1,7
4012,1,19,300,141765,3,3
4012,2,13,98000,98000,1,3
4013,1,13,250000,41666.6666666667,1,5
4013,2,13,90000,90000,1,3
4013,4,13,80000,80000,1,3
4013,4,19,400,189020,3,3
4014,1,2,120000,120000,1,3
4014,1,13,320000,53333.3333333333,1,5
4014,2,13,50000,50000,1,3
4015,1,3,56000,56000,1,3
4015,2,1,150000,150000,1,3
4015,3,1,40000,40000,1,3
4016,1,1,52000,52000,1,3
4016,1,3,27000,27000,1,3
4016,1,19,450,70882.5,3,7
4017,1,3,25000,25000,1,3
4017,1,5,17000,17000,1,3
4017,2,3,37000,37000,1,3
4018,2,1,245000,245000,1,3
4018,2,19,30000,224700,2,3
4019,1,3,36000,36000,1,3
4019,2,2,130000,130000,1,3
4019,3,1,95000,95000,1,3
4020,1,1,150000,150000,1,3
4020,2,1,105000,105000,1,3
4021,1,3,45000,45000,1,3
4021,2,1,110000,110000,1,3
4021,2,3,20000,20000,1,3
4021,3,1,39000,39000,1,3
4022,1,3,49000,49000,1,3
4022,2,1,120000,120000,1,3
4022,3,1,20000,20000,1,3
4023,1,18,80000,80000,1,3
4024,1,3,41100,41100,1,3
4025,1,3,35800,35800,1,3
4026,1,13,110000,110000,1,3
4027,1,3,39600,39600,1,3
4027,1,13,105000,105000,1,3
4028,1,3,38800,38800,1,3
4028,2,3,37900,37900,1,3
4029,1,3,39800,39800,1,3
4029,1,5,17500,17500,1,3
4029,2,3,22000,22000,1,3
4029,2,19,250,44245.8333333333,4,7
4030,1,3,40900,40900,1,3
4030,2,13,110000,110000,1,3
4031,1,3,44000,44000,1,3
4031,2,13,110000,110000,1,3
4032,1,13,110000,110000,1,3
4033,1,3,16000,16000,1,3
4033,1,13,50000,16666.6666666667,1,7
4033,5,19,400000,133333.333333333,1,7
4034,1,2,150000,150000,1,3
4035,2,13,69100,69100,1,3
4035,2,19,200000,66666.6666666667,1,7
4035,3,1,330000,330000,1,3
4036,1,19,50000,50000,1,3
4037,2,19,88000,88000,1,3
4037,6,3,45000,45000,1,3
4038,1,1,30000,30000,1,3
4038,1,3,18000,18000,1,3
4038,3,2,90000,90000,1,3
4039,1,21,3000,118137.5,3,4
4040,1,16,50000,4166.66666666667,1,4
4040,2,22,130000,43333.3333333333,1,7
4041,1,13,68100,68100,1,3
4041,2,1,370000,370000,1,3
4041,3,1,410000,410000,1,3
4042,1,3,50000,50000,1,3
4042,2,1,150000,150000,1,3
4043,1,3,36800,36800,1,3
4043,1,19,2000,14980,2,3
4044,1,21,300000,25000,1,4
4044,2,1,55000,55000,1,3
4045,1,1,160000,160000,1,3
4046,1,3,42000,42000,1,3
4046,3,1,65000,65000,1,3
4046,3,19,20000,149800,2,3
4047,1,3,38000,38000,1,3
4047,1,6,17000,1416.66666666667,1,4
4048,1,1,270000,270000,1,3
4048,1,13,200000,66666.6666666667,1,7
4049,1,13,700000,58333.3333333333,1,4
4049,3,12,5000,5000,1,3
4049,5,3,35000,35000,1,3
4049,6,3,30000,30000,1,3
4050,1,3,38000,38000,1,3
4050,1,5,28000,28000,1,3
4050,2,13,50000,16666.6666666667,1,7
4051,1,1,65000,65000,1,3
4052,1,1,34000,34000,1,3
4052,1,3,61000,61000,1,3
4053,1,3,38000,38000,1,3
4053,1,19,4000,29960,2,3
4054,1,2,65000,65000,1,3
4054,2,1,60000,60000,1,3
4054,2,5,27000,27000,1,3
4054,5,3,16000,16000,1,3
4055,1,18,35000,35000,1,3
4056,1,3,28000,28000,1,3
4056,2,1,60000,60000,1,3
4056,4,1,80000,80000,1,3
4057,2,19,15000,112350,2,3
4057,3,1,165000,165000,1,3
4058,1,19,20000,149800,2,3
4058,1,19,300,141765,3,3
4058,3,1,235000,235000,1,3
4059,1,1,110000,110000,1,3
4060,1,3,48900,48900,1,3
4060,2,3,47500,47500,1,3
4061,2,1,98000,98000,1,3
4061,2,22,50000,16666.6666666667,1,7
4062,1,3,52000,52000,1,3
4062,1,5,17000,17000,1,3
4063,1,2,20000,20000,1,3
4063,2,3,21000,21000,1,3
4063,3,2,90000,90000,1,3
4063,4,1,92000,92000,1,3
4064,1,3,24500,24500,1,3
4064,2,1,50000,16666.6666666667,1,7
4064,3,1,98000,98000,1,3
4064,4,1,98000,98000,1,3
4065,1,3,35700,35700,1,3
4065,2,1,55000,55000,1,3
4065,3,1,60000,60000,1,3
4066,2,19,300,141765,3,3
4067,2,1,65000,65000,1,3
4067,2,19,100000,33333.3333333333,1,7
4068,2,1,96500,96500,1,3
4068,2,19,200,94510,3,3
4069,1,3,32000,32000,1,3
4069,3,2,80000,80000,1,3
4070,2,19,100000,33333.3333333333,1,7
4070,2,22,100000,33333.3333333333,1,7
4071,1,2,120000,120000,1,3
4072,2,19,120000,120000,1,3
4073,2,19,150000,150000,1,3
4073,6,1,60000,60000,1,3
4074,1,2,250000,250000,1,3
4075,1,1,200000,200000,1,3
4075,2,1,36000,36000,1,3
4076,1,1,74000,74000,1,3
4076,3,1,88000,88000,1,3
4077,1,3,32000,32000,1,3
4077,2,13,100000,33333.3333333333,1,7
4077,3,2,150000,150000,1,3
4078,1,3,53000,53000,1,3
4079,1,13,68000,68000,1,3
4079,6,3,47500,47500,1,3
4080,1,13,20000,6666.66666666667,1,7
4080,2,19,200,94510,3,3
4081,1,3,45000,45000,1,3
4081,1,13,8000,2666.66666666667,1,7
4081,1,21,20000,6666.66666666667,1,7
4082,1,13,40000,13333.3333333333,1,7
4082,3,1,100000,100000,1,3
4083,1,2,180000,180000,1,3
4083,2,1,100000,100000,1,3
4084,1,3,55000,55000,1,3
4084,2,3,53000,53000,1,3
4084,3,1,185000,185000,1,3
4084,4,1,55000,55000,1,3
4085,1,13,45000,45000,1,3
4085,2,21,80000,26666.6666666667,1,7
4086,1,13,30000,10000,1,7
4086,3,1,80000,80000,1,3
4087,1,3,38000,38000,1,3
4087,2,1,100000,100000,1,3
4087,3,1,80000,80000,1,3
4087,4,12,6000,6000,1,3
4088,1,3,30000,30000,1,3
4088,2,3,51000,51000,1,3
4089,1,3,34000,34000,1,3
4089,3,1,100000,33333.3333333333,1,7
4089,4,3,33000,33000,1,3
4090,2,21,50000,16666.6666666667,1,7
4091,2,5,28000,28000,1,3
4091,2,19,100000,100000,1,3
4092,1,13,80000,26666.6666666667,1,7
4093,1,1,80000,80000,1,3
4094,1,2,180000,180000,1,3
4094,1,13,67800,67800,1,3
4094,3,1,290000,290000,1,3
4095,1,13,120000,40000,1,7
4096,2,1,40000,40000,1,3
4096,2,19,40000,40000,1,3
4097,2,3,19000,19000,1,3
4097,3,1,100000,100000,1,3
4098,1,3,40000,40000,1,3
4098,2,3,30000,30000,1,3
4098,3,2,200000,200000,1,3
4099,1,3,44000,44000,1,3
4100,2,19,50000,374500,2,3
4101,1,3,37000,37000,1,3
4101,2,3,48000,48000,1,3
4102,1,1,50000,50000,1,3
4102,1,3,38000,38000,1,3
4102,5,1,40000,40000,1,3
4103,1,3,35000,35000,1,3
4104,1,3,62000,62000,1,3
4105,1,1,40000,40000,1,3
4105,1,3,40000,40000,1,3
4106,2,3,46000,46000,1,3
4106,2,22,50000,50000,1,3
4107,1,3,48000,48000,1,3
4107,2,3,36000,36000,1,3
4108,1,1,180000,180000,1,3
4109,1,3,42000,42000,1,3
4110,1,22,100000,100000,1,3
4111,2,5,30000,30000,1,3
4111,2,19,40000,40000,1,3
4111,2,22,20000,20000,1,3
4112,1,3,46000,46000,1,3
4113,1,1,120000,120000,1,3
4113,1,19,50000,50000,1,3
4114,1,1,210000,210000,1,3
4114,1,3,38000,38000,1,3
4114,1,13,68100,68100,1,3
4114,1,19,500,236275,3,3
4115,1,3,41000,41000,1,3
4115,2,3,33000,33000,1,3
4115,2,5,18000,18000,1,3
4116,1,3,43000,43000,1,3
4116,1,13,68200,68200,1,3
4116,1,19,400,189020,3,3
4117,1,3,41000,41000,1,3
4117,2,2,100000,100000,1,3
4117,2,19,300,141765,3,3
4118,1,19,400,189020,3,3
4119,1,1,100000,100000,1,3
4119,1,19,200,94510,3,3
4120,1,19,300,141765,3,3
4121,1,1,100000,100000,1,3
4122,1,13,92200,92200,1,3
4122,1,19,500,236275,3,3
4123,1,22,80000,26666.6666666667,1,7
4124,1,1,50000,50000,1,3
4124,1,22,60000,10000,1,5
4125,1,13,70000,23333.3333333333,1,7
4126,2,21,80000,26666.6666666667,1,7
4127,1,1,50000,50000,1,3
4127,1,3,30000,30000,1,3
4127,2,1,70000,70000,1,3
4128,1,3,30000,30000,1,3
4128,2,1,190000,190000,1,3
4128,2,22,100000,33333.3333333333,1,7
4129,1,3,32000,32000,1,3
4129,1,22,60000,20000,1,7
4130,1,3,35000,35000,1,3
4131,1,22,6000,14980,2,7
4132,1,1,40000,40000,1,3
4132,1,3,45000,45000,1,3
4132,2,3,32000,32000,1,3
4132,3,5,22500,22500,1,3
4132,4,3,16000,16000,1,3
4133,2,19,30000,224700,2,3
4133,4,1,55000,55000,1,3
4134,2,1,120000,120000,1,3
4134,4,5,35000,35000,1,3
4134,4,19,25000,187250,2,3
4135,1,1,45000,45000,1,3
4135,3,1,105000,105000,1,3
4136,2,19,20000,149800,2,3
4136,3,1,90000,90000,1,3
4137,1,1,45000,45000,1,3
4137,1,19,8000,59920,2,3
4138,1,1,30000,30000,1,3
4138,1,19,100,47255,3,3
4139,1,1,55000,55000,1,3
4139,1,5,22500,22500,1,3
4140,2,1,250000,250000,1,3
4141,1,3,41000,41000,1,3
4141,1,13,15000,15000,1,3
4141,2,2,80000,80000,1,3
4142,1,3,35000,35000,1,3
4142,1,13,30000,30000,1,3
4142,2,1,60000,60000,1,3
4142,3,22,100000,100000,1,3
4143,2,2,70000,70000,1,3
4143,2,22,60000,60000,1,3
4143,3,13,100000,100000,1,3
4144,1,3,33000,33000,1,3
4144,1,13,90000,90000,1,3
4144,2,3,42000,42000,1,3
4144,2,22,40000,40000,1,3
4145,2,13,70000,70000,1,3
4145,2,19,500,59068.75,3,6
4145,5,5,22000,22000,1,3
4146,2,13,100000,100000,1,3
4146,2,19,20000,149800,2,3
4146,2,22,20000,20000,1,3
4147,1,1,140000,140000,1,3
4147,1,3,50000,50000,1,3
4147,3,1,180000,180000,1,3
4147,8,1,140000,140000,1,3
4148,1,3,32000,32000,1,3
4148,1,13,20000,20000,1,3
4148,3,3,16000,16000,1,3
4148,4,1,60000,60000,1,3
4148,4,5,28000,28000,1,3
4149,2,5,30000,30000,1,3
4149,2,19,5000,9362.5,2,6
4150,1,3,34000,34000,1,3
4150,1,5,28000,28000,1,3
4150,3,13,27000,9000,1,7
4150,3,21,35000,11666.6666666667,1,7
4151,1,3,36000,36000,1,3
4151,1,5,18000,18000,1,3
4151,1,13,15000,5000,1,7
4152,1,5,39000,39000,1,3
4152,2,21,35000,2916.66666666667,1,4
4152,5,3,21000,21000,1,3
4153,2,13,50000,50000,1,3
4153,4,1,45000,45000,1,3
4153,4,5,30000,30000,1,3
4153,4,25,30000,30000,1,3
4153,7,1,40000,40000,1,3
4153,8,1,40000,40000,1,3
4154,1,3,43000,43000,1,3
4155,1,3,40000,40000,1,3
4155,1,5,22000,22000,1,3
4155,1,13,21000,7000,1,7
4155,3,21,30000,7500,1,6
4156,2,19,500,78758.3333333333,3,7
4157,1,3,75000,75000,1,3
4157,1,13,15000,5000,1,7
4158,1,3,42000,42000,1,3
4158,1,5,29000,29000,1,3
4158,1,19,15000,28087.5,2,6
4158,4,12,4800,4800,1,3
4159,1,3,60000,60000,1,3
4159,2,3,43900,43900,1,3
4159,3,3,19700,19700,1,3
4159,5,12,4700,4700,1,3
4159,6,12,4700,4700,1,3
4160,1,3,49000,49000,1,3
4160,2,1,2000,60000,1,1
4161,1,3,42000,42000,1,3
4162,1,3,29000,29000,1,3
4162,3,5,28000,28000,1,3
4163,1,21,100000,25000,1,6
4164,1,3,42000,42000,1,3
4164,2,3,42000,42000,1,3
4164,3,2,150000,150000,1,3
4164,4,1,62000,62000,1,3
4165,1,3,42000,42000,1,3
4165,2,3,38000,38000,1,3
4166,1,3,62000,62000,1,3
4166,2,3,40000,40000,1,3
4166,3,1,120000,120000,1,3
4167,1,3,47000,47000,1,3
4167,2,3,45000,45000,1,3
4167,3,5,28000,28000,1,3
4168,1,3,55000,55000,1,3
4168,3,1,125000,125000,1,3
4168,4,1,45000,45000,1,3
4169,1,3,58000,58000,1,3
4169,2,3,42000,42000,1,3
4170,1,1,120000,120000,1,3
4170,2,1,70000,70000,1,3
4171,2,1,50000,50000,1,3
4171,2,19,10000,74900,2,3
4171,3,1,100000,100000,1,3
4172,1,1,300000,300000,1,3
4172,2,1,230000,230000,1,3
4173,1,19,5000,37450,2,3
4173,2,3,16000,16000,1,3
4174,1,3,47000,47000,1,3
4174,2,3,33000,33000,1,3
4174,4,1,60000,60000,1,3
4174,4,19,20000,149800,2,3
4175,2,1,60000,60000,1,3
4176,2,1,40000,40000,1,3
4176,4,1,45000,45000,1,3
4177,1,18,40000,40000,1,3
4177,1,22,50000,16666.6666666667,1,7
4178,1,1,35000,35000,1,3
4178,2,1,55000,55000,1,3
4178,3,1,95000,95000,1,3
4179,1,18,80000,80000,1,3
4179,1,22,150000,50000,1,7
4180,1,1,150000,150000,1,3
4180,1,5,34000,34000,1,3
4181,1,1,230000,230000,1,3
4181,1,3,38000,38000,1,3
4181,3,1,195000,195000,1,3
4181,3,19,30000,224700,2,3
4181,4,1,250000,250000,1,3
4182,1,3,44000,44000,1,3
4182,2,1,280000,280000,1,3
4182,2,19,15000,112350,2,3
4182,3,1,200000,200000,1,3
4183,1,1,80000,80000,1,3
4183,3,1,60000,60000,1,3
4184,1,1,120000,120000,1,3
4184,3,1,180000,180000,1,3
4184,4,3,19000,19000,1,3
4185,1,3,38000,38000,1,3
4185,1,5,21000,21000,1,3
4185,2,3,28000,28000,1,3
4185,3,1,150000,150000,1,3
4185,3,13,200,31503.3333333333,3,7
4185,4,1,120000,120000,1,3
4186,1,1,50000,50000,1,3
4186,2,1,220000,220000,1,3
4186,3,1,80000,80000,1,3
4187,1,1,70000,70000,1,3
4187,1,3,60000,60000,1,3
4187,2,3,30000,30000,1,3
4188,1,1,83000,83000,1,3
4189,1,3,53000,53000,1,3
4190,1,1,120000,120000,1,3
4190,2,1,40000,40000,1,3
4191,1,19,200,94510,3,3
4192,1,2,130000,130000,1,3
4193,1,19,10000,74900,2,3
4194,1,3,60000,60000,1,3
4194,1,19,250,132737.5,4,3
4194,2,3,50000,50000,1,3
4195,1,1,100000,100000,1,3
4195,2,1,90000,90000,1,3
4196,1,1,170000,170000,1,3
4196,1,3,27000,27000,1,3
4196,2,1,55000,55000,1,3
4196,3,3,21000,21000,1,3
4197,3,1,170000,170000,1,3
4198,2,13,633500,633500,1,3
4198,3,2,150000,150000,1,3
4199,3,19,200,31503.3333333333,3,7
4200,1,3,47000,47000,1,3
4200,2,3,39000,39000,1,3
4200,2,19,5000,37450,2,3
4201,2,19,200000,200000,1,3
4201,4,3,50000,50000,1,3
4201,5,3,48000,48000,1,3
4202,2,1,150000,150000,1,3
4202,3,1,80000,80000,1,3
4202,5,1,135000,135000,1,3
4202,9,1,200000,200000,1,3
4203,2,1,55000,55000,1,3
4203,2,19,200,31503.3333333333,3,7
4203,3,3,75000,75000,1,3
4203,4,3,16000,16000,1,3
4204,1,1,60000,60000,1,3
4204,2,5,33500,33500,1,3
4205,1,3,32000,32000,1,3
4205,3,5,17000,17000,1,3
4205,3,19,74000,74000,1,3
4206,1,3,16000,16000,1,3
4206,2,5,22000,22000,1,3
4206,4,1,80000,20000,1,6
4207,2,1,150000,150000,1,3
4207,3,1,90000,90000,1,3
4208,1,1,70000,70000,1,3
4208,2,5,28000,28000,1,3
4209,1,3,30000,30000,1,3
4209,2,3,30000,30000,1,3
4209,4,19,84000,84000,1,3
4209,5,12,5000,5000,1,3
4210,1,5,16000,16000,1,3
4210,2,1,60000,60000,1,3
4210,3,1,60000,60000,1,3
4211,1,3,40000,40000,1,3
4212,1,22,75000,75000,1,3
4213,1,2,100000,100000,1,3
4214,1,3,45000,45000,1,3
4215,1,3,40000,40000,1,3
4215,2,3,44000,44000,1,3
4215,4,5,28000,28000,1,3
4216,1,3,51000,51000,1,3
4216,2,3,33000,33000,1,3
4216,4,1,60000,60000,1,3
4217,1,3,19000,19000,1,3
4217,2,19,10000,74900,2,3
4218,1,1,100000,100000,1,3
4219,1,1,70000,70000,1,3
4219,1,3,35000,35000,1,3
4219,2,1,50000,50000,1,3
4219,4,1,70000,70000,1,3
4220,1,3,44000,44000,1,3
4220,2,3,48000,48000,1,3
4221,1,3,41000,41000,1,3
4221,3,22,10000,74900,2,3
4222,1,13,290000,290000,1,3
4222,4,3,41000,41000,1,3
4223,1,1,270000,270000,1,3
4223,2,13,120000,120000,1,3
4223,3,1,260000,260000,1,3
4224,1,13,240000,240000,1,3
4224,1,19,100,47255,3,3
4225,1,1,270000,270000,1,3
4225,2,1,215000,215000,1,3
4225,3,3,18000,18000,1,3
4225,3,13,140000,140000,1,3
4226,1,13,230000,230000,1,3
4227,1,13,210000,210000,1,3
4227,2,8,18000,18000,1,3
4228,1,13,200000,200000,1,3
4228,6,3,38000,38000,1,3
4229,1,13,290000,290000,1,3
4230,1,1,270000,270000,1,3
4230,3,13,220000,220000,1,3
4230,4,1,260000,260000,1,3
4231,1,3,40000,40000,1,3
4231,2,3,26000,26000,1,3
4232,1,1,50000,50000,1,3
4232,4,1,70000,70000,1,3
4233,3,13,50000,8333.33333333333,1,5
4234,2,19,200,23627.5,3,6
4235,2,13,50000,50000,1,3
4236,1,3,35000,35000,1,3
4236,2,3,27000,27000,1,3
4237,1,3,34000,34000,1,3
4237,2,13,65000,21666.6666666667,1,7
4238,1,3,29000,29000,1,3
4238,3,1,58000,58000,1,3
4239,1,13,45000,7500,1,5
4239,3,1,70000,70000,1,3
4240,1,3,45000,45000,1,3
4241,1,1,420000,420000,1,3
4241,2,1,207000,207000,1,3
4241,3,12,4850,4850,1,3
4242,1,1,55000,55000,1,3
4242,1,3,40000,40000,1,3
4243,1,1,450000,450000,1,3
4244,1,1,180000,180000,1,3
4245,1,3,25000,25000,1,3
4245,2,1,200000,200000,1,3
4246,1,3,50000,50000,1,3
4246,2,3,42000,42000,1,3
4247,1,1,200000,200000,1,3
4247,2,8,18000,18000,1,3
4248,1,3,45000,45000,1,3
4248,2,3,34000,34000,1,3
4249,1,1,150000,150000,1,3
4250,1,1,120000,120000,1,3
4250,2,1,55000,55000,1,3
4251,1,3,51000,51000,1,3
4251,1,19,100,47255,3,3
4251,2,3,54000,54000,1,3
4252,1,19,250,118137.5,3,3
4253,1,1,200000,200000,1,3
4253,3,12,4800,4800,1,3
4254,1,3,37000,37000,1,3
4254,2,3,42000,42000,1,3
4254,3,3,48000,48000,1,3
4255,1,1,150000,150000,1,3
4255,2,1,100000,100000,1,3
4256,1,5,30000,30000,1,3
4256,1,19,50000,50000,1,3
4256,1,25,40000,40000,1,3
4256,2,12,5000,5000,1,3
4257,1,3,45000,45000,1,3
4258,1,2,100000,100000,1,3
4258,2,1,70000,70000,1,3
4258,3,1,150000,150000,1,3
4258,7,1,120000,120000,1,3
4258,8,3,55000,55000,1,3
4258,9,3,45000,45000,1,3
4259,1,3,55000,55000,1,3
4259,2,3,46000,46000,1,3
4260,1,2,270000,270000,1,3
4261,1,3,43000,43000,1,3
4261,2,5,23000,23000,1,3
4262,1,1,120000,120000,1,3
4263,1,3,51000,51000,1,3
4263,2,19,150,70882.5,3,3
4264,1,2,100000,100000,1,3
4265,1,1,200000,200000,1,3
4265,2,2,200000,200000,1,3
4265,3,3,21000,21000,1,3
4265,4,3,37000,37000,1,3
4265,5,3,38000,38000,1,3
4266,1,1,250000,250000,1,3
4266,1,19,150,70882.5,3,3
4267,1,3,40000,40000,1,3
4267,2,1,67000,67000,1,3
4267,2,3,30000,30000,1,3
4268,1,3,22000,22000,1,3
4268,1,5,17000,17000,1,3
4268,1,18,40000,13333.3333333333,1,7
4269,1,3,26000,26000,1,3
4269,1,19,200,94510,3,3
4270,1,1,62000,62000,1,3
4270,1,3,51000,51000,1,3
4270,2,3,39000,39000,1,3
4271,1,1,60000,60000,1,3
4271,2,5,55000,55000,1,3
4271,8,1,70000,70000,1,3
4272,1,1,110000,110000,1,3
4272,2,1,90000,90000,1,3
4272,2,19,10000,24966.6666666667,2,7
4273,1,1,75000,75000,1,3
4273,1,3,44000,44000,1,3
4273,2,1,65000,65000,1,3
4274,1,3,42000,42000,1,3
4274,1,5,17000,17000,1,3
4275,1,2,60000,60000,1,3
4275,2,3,30000,30000,1,3
4275,3,2,75000,75000,1,3
4276,1,1,51000,51000,1,3
4276,1,3,30000,30000,1,3
4276,2,1,71000,71000,1,3
4276,5,3,41000,41000,1,3
4276,5,13,6000,6000,1,3
4277,1,3,32600,32600,1,3
4277,2,13,30000,10000,1,7
4278,1,3,36600,36600,1,3
4278,2,13,45000,45000,1,3
4278,7,3,28000,28000,1,3
4278,7,5,29000,29000,1,3
4279,1,13,45000,45000,1,3
4279,1,13,26000,8666.66666666667,1,7
4280,1,1,47000,47000,1,3
4280,2,13,10000,3333.33333333333,1,7
4280,3,3,45900,45900,1,3
4281,1,5,29000,29000,1,3
4281,1,13,60000,5000,1,4
4281,2,1,41800,41800,1,3
4281,5,3,39850,39850,1,3
4282,1,3,36880,36880,1,3
4282,2,3,32880,32880,1,3
4282,3,1,212500,212500,1,3
4283,1,13,100000,33333.3333333333,1,7
4284,2,3,30000,30000,1,3
4284,2,13,21000,7000,1,7
4284,6,3,37600,37600,1,3
4285,1,1,217000,217000,1,3
4285,1,19,100,15751.6666666667,3,7
4286,1,1,80000,80000,1,3
4286,2,1,50000,50000,1,3
4286,2,13,10000,10000,1,3
4287,1,3,45000,45000,1,3
4287,1,18,25000,25000,1,3
4288,1,3,52000,52000,1,3
4288,2,3,38000,38000,1,3
4288,3,1,100000,100000,1,3
4288,4,19,100,15751.6666666667,3,7
4289,1,3,42000,42000,1,3
4289,2,2,70000,70000,1,3
4290,1,3,48000,48000,1,3
4290,1,13,68100,68100,1,3
4291,1,1,75000,75000,1,3
4291,1,13,40000,13333.3333333333,1,7
4291,2,13,50000,50000,1,3
4292,1,3,38000,38000,1,3
4292,1,18,20000,20000,1,3
4293,1,3,35000,35000,1,3
4293,2,1,135000,135000,1,3
4294,1,1,25000,25000,1,3
4294,2,1,15000,15000,1,3
4295,2,1,220000,220000,1,3
4295,2,13,67800,67800,1,3
4295,2,19,20000,149800,2,3
4295,3,1,210000,210000,1,3
4296,2,3,50000,50000,1,3
4296,2,19,15000,112350,2,3
4296,3,1,70000,70000,1,3
4296,6,3,34000,34000,1,3
4297,1,2,200000,200000,1,3
4298,1,1,160000,160000,1,3
4298,1,3,47000,47000,1,3
4298,2,3,32000,32000,1,3
4298,4,1,140000,140000,1,3
4298,6,3,20000,20000,1,3
4299,1,2,60000,60000,1,3
4299,3,1,70000,70000,1,3
4299,5,3,30000,30000,1,3
4300,1,3,41000,41000,1,3
4300,2,3,44000,44000,1,3
4301,1,3,45000,45000,1,3
4301,2,2,30000,30000,1,3
4302,2,1,84000,84000,1,3
4302,3,19,10000,74900,2,3
4302,4,3,31000,31000,1,3
4302,4,5,17000,17000,1,3
4303,1,3,39000,39000,1,3
4304,4,3,44000,44000,1,3
4305,1,3,38000,38000,1,3
4305,2,3,37000,37000,1,3
4306,1,3,34000,34000,1,3
4306,1,5,17000,17000,1,3
4307,1,3,29000,29000,1,3
4308,1,3,65000,65000,1,3
4308,2,3,44000,44000,1,3
4309,2,5,29000,29000,1,3
4310,1,1,120000,120000,1,3
4310,2,1,35000,35000,1,3
4310,5,3,40000,40000,1,3
4310,6,3,30000,30000,1,3
4311,1,3,32000,32000,1,3
4311,2,3,33000,33000,1,3
4312,1,3,43000,43000,1,3
4313,1,1,250000,250000,1,3
4313,1,3,53000,53000,1,3
4313,1,13,59300,59300,1,3
4313,2,1,169000,169000,1,3
4313,3,1,220000,220000,1,3
4313,4,1,205000,205000,1,3
4314,1,3,35000,35000,1,3
4315,1,13,120000,120000,1,3
4315,3,12,4500,4500,1,3
4315,4,12,4500,4500,1,3
4316,1,3,36000,36000,1,3
4316,4,5,28000,28000,1,3
4317,4,5,28500,28500,1,3
4317,5,3,21400,21400,1,3
4318,1,3,49000,49000,1,3
4318,1,13,15000,5000,1,7
4318,2,1,201000,201000,1,3
4318,2,3,53000,53000,1,3
4318,3,1,300000,300000,1,3
4319,1,3,39000,39000,1,3
4319,2,2,50000,50000,1,3
4319,3,2,75000,75000,1,3
4320,2,1,60000,60000,1,3
4321,1,1,220000,220000,1,3
4321,1,19,10000,73800,2,3
4322,1,1,220000,220000,1,3
4323,2,19,20000,147600,2,3
4323,4,1,37000,37000,1,3
4324,1,1,270000,270000,1,3
4324,1,19,200,96030,3,3
4325,1,1,180000,180000,1,3
4325,2,1,90000,90000,1,3
4326,1,3,28500,28500,1,3
4326,1,18,20000,20000,1,3
4327,1,1,260000,260000,1,3
4328,1,1,250000,250000,1,3
4329,1,1,160000,160000,1,3
4330,1,1,150000,150000,1,3
4330,2,19,300000,300000,1,3
4331,1,3,59000,59000,1,3
4331,2,18,20000,20000,1,3
4332,1,3,35000,35000,1,3
4332,2,3,30600,30600,1,3
4332,3,1,200000,200000,1,3
4333,1,3,40000,40000,1,3
4333,2,3,36600,36600,1,3
4333,3,1,190000,190000,1,3
4334,1,3,55000,55000,1,3
4334,2,3,42400,42400,1,3
4335,1,17,180000,180000,1,3
4335,2,1,74000,74000,1,3
4336,1,1,30000,30000,1,3
4336,1,3,34600,34600,1,3
4337,3,1,180000,180000,1,3
4337,3,3,16000,16000,1,3
4337,3,3,16000,16000,1,3
4338,1,3,45000,45000,1,3
4338,1,18,60000,60000,1,3
4338,2,3,32400,32400,1,3
4339,1,3,45000,45000,1,3
4339,2,3,43000,43000,1,3
4339,2,5,17000,17000,1,3
4340,1,19,5000,36900,2,3
4341,1,3,35000,35000,1,3
4341,2,1,150000,150000,1,3
4342,1,3,35000,35000,1,3
4343,1,1,310000,310000,1,3
4344,1,3,38000,38000,1,3
4344,2,1,180000,180000,1,3
4344,3,1,80000,80000,1,3
4345,1,3,28600,28600,1,3
4345,1,17,10000,10000,1,3
4346,3,1,80000,80000,1,3
4347,2,1,80000,80000,1,3
4348,2,3,30000,30000,1,3
4348,2,21,80000,26666.6666666667,1,7
4348,3,1,90000,90000,1,3
4348,4,8,18000,18000,1,3
4349,2,1,70000,70000,1,3
4349,2,21,100000,33333.3333333333,1,7
4349,3,3,32000,32000,1,3
4349,3,18,20000,20000,1,3
4350,2,19,20000,147600,2,3
4351,1,1,100000,100000,1,3
4352,1,3,30000,30000,1,3
4352,1,21,80000,80000,1,3
4352,2,1,80000,80000,1,3
4353,1,1,60000,60000,1,3
4353,1,3,30000,30000,1,3
4353,2,1,80000,80000,1,3
4354,1,21,40000,40000,1,3
4354,3,18,80000,80000,1,3
4354,6,1,80000,80000,1,3
4355,1,1,110000,110000,1,3
4355,1,3,35000,35000,1,3
4355,2,1,50000,50000,1,3
4356,1,3,40000,40000,1,3
4357,1,3,55000,55000,1,3
4358,1,2,200000,200000,1,3
4358,4,1,150000,150000,1,3
4358,7,3,33000,33000,1,3
4359,1,1,80000,80000,1,3
4359,1,3,34000,34000,1,3
4359,3,19,100000,100000,1,3
4360,1,1,150000,150000,1,3
4361,2,22,400000,400000,1,3
4362,1,1,300000,300000,1,3
4362,2,1,220000,220000,1,3
4362,3,1,400000,400000,1,3
4363,1,3,44000,44000,1,3
4363,1,5,17000,17000,1,3
4363,1,19,5000,12300,2,7
4364,1,1,60000,60000,1,3
4364,1,3,31000,31000,1,3
4365,1,3,45000,45000,1,3
4365,1,18,40000,40000,1,3
4366,1,1,80000,80000,1,3
4366,2,1,160000,160000,1,3
4366,3,1,80000,80000,1,3
4366,5,1,120000,120000,1,3
4366,5,3,45000,45000,1,3
4366,6,3,35000,35000,1,3
4367,1,3,27000,27000,1,3
4367,2,3,38000,38000,1,3
4367,3,2,50000,50000,1,3
4367,4,3,60000,60000,1,3
4368,1,1,200000,200000,1,3
4368,1,5,18000,18000,1,3
4368,2,3,42000,42000,1,3
4369,2,3,42000,42000,1,3
4369,2,18,50000,16666.6666666667,1,7
4370,1,1,150000,150000,1,3
4370,2,1,120000,120000,1,3
4370,3,1,100000,100000,1,3
4370,4,12,6000,6000,1,3
4371,1,3,19000,19000,1,3
4371,1,5,28000,28000,1,3
4371,3,8,18000,18000,1,3
4372,1,1,300000,300000,1,3
4372,2,1,350000,350000,1,3
4373,1,1,70000,70000,1,3
4373,1,3,41200,41200,1,3
4374,1,15,70000,5833.33333333333,1,4
4375,1,19,200,96030,3,3
4375,1,21,100000,100000,1,3
4376,1,1,97500,97500,1,3
4377,1,3,38000,38000,1,3
4377,2,3,50000,50000,1,3
4377,2,5,17000,17000,1,3
4378,1,1,100000,100000,1,3
4378,2,1,60000,60000,1,3
4379,1,3,44000,44000,1,3
4379,2,3,44000,44000,1,3
4379,2,19,5000,36900,2,3
4380,1,3,43000,43000,1,3
4380,2,2,180000,180000,1,3
4380,3,1,60000,60000,1,3
4380,6,1,90000,90000,1,3
4380,7,1,60000,60000,1,3
4380,7,1,85000,85000,1,3
4381,1,3,31000,31000,1,3
4381,2,1,55000,55000,1,3
4381,3,2,200000,200000,1,3
4382,2,1,80000,80000,1,3
4382,2,2,70000,70000,1,3
4383,1,3,48000,48000,1,3
4383,2,1,55000,55000,1,3
4383,3,3,16000,16000,1,3
4384,1,12,5000,5000,1,3
4384,1,18,100,48015,3,3
4384,2,18,100,48015,3,3
4385,1,2,130000,130000,1,3
4385,2,2,80000,80000,1,3
4386,1,1,78000,78000,1,3
4386,1,18,10000,3333.33333333333,1,7
4387,2,1,65000,65000,1,3
4388,1,3,41000,41000,1,3
4388,2,3,29000,29000,1,3
4388,3,1,330000,330000,1,3
4388,3,3,75000,75000,1,3
4389,1,1,60000,60000,1,3
4389,2,3,16000,16000,1,3
4389,3,3,48000,48000,1,3
4390,1,1,310000,310000,1,3
4390,2,1,250000,250000,1,3
4390,3,1,350000,350000,1,3
4391,1,1,250000,250000,1,3
4392,1,19,150,72022.5,3,3
4393,1,19,160000,160000,1,3
4394,1,1,25000,25000,1,3
4394,1,3,80000,80000,1,3
4394,2,1,25000,25000,1,3
4394,2,3,49000,49000,1,3
4394,2,16,4800,400,1,4
4395,1,1,75000,75000,1,3
4395,1,22,30000,10000,1,7
4396,1,3,55000,55000,1,3
4396,1,5,17000,17000,1,3
4398,1,1,330000,330000,1,3
4398,1,3,51000,51000,1,3
4398,2,3,49000,49000,1,3
4398,2,18,100000,8333.33333333333,1,4
4398,2,22,100000,33333.3333333333,1,7
4399,1,2,250000,250000,1,3
4400,1,16,20000,20000,1,3
4400,1,19,200,96030,3,3
4401,1,1,125000,125000,1,3
4401,1,3,50500,50500,1,3
4401,2,3,40800,40800,1,3
4402,1,3,40000,40000,1,3
4402,1,4,33000,33000,1,3
4402,2,1,80000,80000,1,3
4403,3,2,70000,70000,1,3
4404,1,1,38000,38000,1,3
4404,1,3,43000,43000,1,3
4405,1,3,46000,46000,1,3
4406,1,3,60000,60000,1,3
4406,1,18,30000,30000,1,3
4406,2,1,70000,70000,1,3
4406,2,19,2700,108033.75,3,4
4406,4,13,16000,16000,1,3
4407,1,3,58000,58000,1,3
4407,2,3,27000,27000,1,3
4407,3,1,70000,70000,1,3
4408,1,1,55000,55000,1,3
4408,1,19,60000,20000,1,7
4408,3,1,90000,90000,1,3
4408,6,3,41000,41000,1,3
4409,1,1,200000,200000,1,3
4409,1,3,35000,35000,1,3
4409,2,1,210000,210000,1,3
4409,3,1,330000,330000,1,3
4410,1,1,450000,450000,1,3
4410,5,3,39000,39000,1,3
4411,2,14,80000,80000,1,3
4412,1,3,42000,42000,1,3
4412,2,3,55000,55000,1,3
4413,2,1,400000,400000,1,3
4414,1,3,50000,50000,1,3
4414,1,17,50000,50000,1,3
4415,1,1,330000,330000,1,3
4415,2,19,500,85908.3333333333,4,7
4416,1,3,47000,47000,1,3
4416,3,1,150000,150000,1,3
4417,1,3,41000,41000,1,3
4418,1,1,150000,150000,1,3
4418,2,1,70000,70000,1,3
4418,5,3,35000,35000,1,3
4419,3,1,800,384120,3,3
4420,1,3,37000,37000,1,3
4420,3,1,150000,150000,1,3
4421,1,3,45000,45000,1,3
4421,1,5,17000,17000,1,3
4422,1,3,44000,44000,1,3
4423,1,3,60000,60000,1,3
4423,1,18,50000,50000,1,3
4424,1,18,60000,60000,1,3
4425,1,1,65000,65000,1,3
4426,1,3,37000,37000,1,3
4426,2,3,45000,45000,1,3
4426,2,5,17000,17000,1,3
4427,1,3,64000,64000,1,3
4427,3,1,120000,120000,1,3
4428,1,2,150000,150000,1,3
4428,3,1,100000,100000,1,3
4429,1,5,28000,28000,1,3
4429,1,18,10000,10000,1,3
4429,2,16,10000,10000,1,3
4430,1,1,750000,750000,1,3
4430,2,1,300000,300000,1,3
4431,1,1,330000,330000,1,3
4432,1,1,60000,60000,1,3
4432,1,22,50000,4166.66666666667,1,4
4433,1,2,400000,400000,1,3
4433,2,1,212000,212000,1,3
4434,1,3,34000,34000,1,3
4435,1,1,400000,400000,1,3
4436,1,3,37000,37000,1,3
4436,2,1,75000,75000,1,3
4436,3,1,30000,30000,1,3
4437,1,3,56000,56000,1,3
4438,1,1,330000,330000,1,3
4438,1,5,33000,33000,1,3
4438,1,13,660000,55000,1,4
4438,2,13,115000,115000,1,3
4439,1,13,105000,105000,1,3
4439,2,1,290000,290000,1,3
4439,2,5,27000,27000,1,3
4439,2,13,240000,40000,1,5
4439,3,13,95000,95000,1,3
4440,1,3,47000,47000,1,3
4440,2,3,42000,42000,1,3
4440,4,1,240000,240000,1,3
4440,4,13,95000,95000,1,3
4440,4,19,300,144045,3,3
4440,5,1,320000,320000,1,3
4440,5,13,220000,36666.6666666667,1,5
4441,1,3,47000,47000,1,3
4441,1,19,200,96030,3,3
4442,1,1,320000,320000,1,3
4442,1,5,27000,27000,1,3
4442,1,13,660000,55000,1,4
4442,2,13,105000,105000,1,3
4443,1,3,46000,46000,1,3
4443,1,18,50000,50000,1,3
4443,2,3,43000,43000,1,3
4443,2,13,10000,10000,1,3
4444,1,3,43000,43000,1,3
4444,2,1,320000,320000,1,3
4444,2,13,220000,36666.6666666667,1,5
4444,3,13,110000,110000,1,3
4444,4,1,300000,300000,1,3
4445,2,13,100000,100000,1,3
4445,2,13,250000,20833.3333333333,1,4
4445,2,19,420,201663,3,3
4446,1,1,320000,320000,1,3
4446,1,13,250000,62500,1,6
4446,1,19,300,144045,3,3
4446,2,13,130000,130000,1,3
4447,1,13,95000,95000,1,3
4448,1,3,41000,41000,1,3
4448,1,5,16000,16000,1,3
4448,1,18,20000,20000,1,3
4448,2,3,26000,26000,1,3
4449,1,3,40600,40600,1,3
4449,2,13,125000,125000,1,3
4450,1,13,150000,150000,1,3
4451,1,3,44000,44000,1,3
4451,2,3,38700,38700,1,3
4451,3,3,29000,29000,1,3
4451,3,13,15000,15000,1,3
4452,1,13,105000,105000,1,3
4453,1,3,42700,42700,1,3
4453,1,5,16000,16000,1,3
4454,1,1,128000,128000,1,3
4454,2,13,60000,20000,1,7
4455,1,3,41700,41700,1,3
4456,1,1,80000,80000,1,3
4456,1,3,28200,28200,1,3
4457,1,1,100000,100000,1,3
4457,2,1,90000,90000,1,3
4458,1,1,110000,110000,1,3
4458,2,1,100000,100000,1,3
4459,1,3,42000,42000,1,3
4459,1,19,20000,147600,2,3
4459,2,3,37800,37800,1,3
4460,1,3,41500,41500,1,3
4460,2,1,110000,110000,1,3
4460,3,1,90000,90000,1,3
4461,1,2,110000,110000,1,3
4462,1,3,47000,47000,1,3
4463,1,1,180000,180000,1,3
4463,2,1,90000,90000,1,3
4464,2,1,110000,110000,1,3
4464,2,19,20000,147600,2,3
4465,1,3,30000,30000,1,3
4465,2,21,25000,8333.33333333333,1,7
4465,3,13,70000,23333.3333333333,1,7
4466,1,3,28000,28000,1,3
4466,2,2,100000,100000,1,3
4466,3,13,70000,23333.3333333333,1,7
4467,1,13,150000,150000,1,3
4467,2,3,36000,36000,1,3
4467,3,3,28000,28000,1,3
4467,4,1,235000,235000,1,3
4468,1,3,50000,50000,1,3
4468,2,1,310000,310000,1,3
4469,1,13,25000,6250,1,6
4469,2,13,5000,1250,1,6
4469,3,22,50000,16666.6666666667,1,7
4470,1,3,28000,28000,1,3
4470,2,21,200000,16666.6666666667,1,4
4470,5,12,6000,6000,1,3
4471,1,3,40000,40000,1,3
4471,2,5,22500,22500,1,3
4471,3,3,21000,21000,1,3
4472,1,3,28000,28000,1,3
4472,2,13,60000,20000,1,7
4472,4,3,21000,21000,1,3
4472,5,3,21000,21000,1,3
4473,1,3,34000,34000,1,3
4473,2,13,60000,20000,1,7
4473,3,5,28000,28000,1,3
4473,3,22,18000,6000,1,7
4474,1,3,72000,72000,1,3
4474,2,3,39000,39000,1,3
4474,3,13,70000,70000,1,3
4475,1,3,48000,48000,1,3
4475,2,13,100000,100000,1,3
4475,4,1,60000,60000,1,3
4475,6,1,100000,100000,1,3
4476,1,1,110000,110000,1,3
4476,2,3,35000,35000,1,3
4477,1,5,26000,26000,1,3
4477,1,13,50000,50000,1,3
4477,2,3,19000,19000,1,3
4477,3,3,21000,21000,1,3
4478,1,3,47000,47000,1,3
4478,2,3,97000,97000,1,3
4478,2,13,150000,150000,1,3
4479,1,13,100000,100000,1,3
4479,2,3,16000,16000,1,3
4480,1,3,50000,50000,1,3
4480,2,2,250000,250000,1,3
4480,3,1,280000,280000,1,3
4481,1,3,45000,45000,1,3
4481,1,13,150000,150000,1,3
4481,1,19,10000,73800,2,3
4481,2,3,30000,30000,1,3
4481,4,1,180000,180000,1,3
4481,5,1,350000,350000,1,3
4482,1,1,270000,270000,1,3
4482,1,3,25000,25000,1,3
4482,1,19,5000,36900,2,3
4483,1,2,250000,250000,1,3
4484,1,1,58000,58000,1,3
4484,3,1,50000,50000,1,3
4484,3,3,18000,18000,1,3
4485,1,3,19000,19000,1,3
4485,1,19,5000,36900,2,3
4485,2,3,34000,34000,1,3
4486,1,3,27000,27000,1,3
4486,2,2,70000,70000,1,3
4486,2,16,10000,73800,2,3
4486,2,16,5000,36900,2,3
4486,3,2,100000,100000,1,3
4487,1,1,224000,224000,1,3
4487,2,2,410000,410000,1,3
4488,1,19,600,309270,4,3
4489,1,2,160000,160000,1,3
4489,2,1,435000,435000,1,3
4489,3,1,197000,197000,1,3
4490,1,1,350000,350000,1,3
4491,1,1,98000,98000,1,3
4491,1,3,47000,47000,1,3
4491,2,1,80000,80000,1,3
4491,3,1,170000,170000,1,3
4492,1,1,239000,239000,1,3
4492,1,3,38000,38000,1,3
4493,2,1,90000,90000,1,3
4493,2,22,80000,26666.6666666667,1,7
4494,1,2,150000,50000,1,7
4494,1,3,35000,35000,1,3
4494,2,1,150000,50000,1,7
4495,1,3,37500,37500,1,3
4495,2,3,35400,35400,1,3
4495,3,1,90000,90000,1,3
4496,1,2,100000,100000,1,3
4496,1,3,39400,39400,1,3
4496,3,2,80000,80000,1,3
4497,1,1,150000,150000,1,3
4498,1,3,42000,42000,1,3
4498,2,3,78000,78000,1,3
4498,3,1,85000,85000,1,3
4499,1,2,200000,200000,1,3
4499,2,2,100000,100000,1,3
4500,1,3,45400,45400,1,3
4500,2,3,37400,37400,1,3
4501,1,3,43000,43000,1,3
4501,2,3,53000,53000,1,3
4502,1,3,37000,37000,1,3
4502,2,19,150000,50000,1,7
4503,1,1,250000,250000,1,3
4503,1,3,48000,48000,1,3
4503,2,1,550000,550000,1,3
4504,1,1,200000,200000,1,3
4504,2,1,88000,88000,1,3
4504,3,1,75000,75000,1,3
4505,1,1,120000,120000,1,3
4505,1,19,50000,16666.6666666667,1,7
4506,1,1,170000,170000,1,3
4507,1,3,16000,16000,1,3
4508,1,1,200000,200000,1,3
4508,2,1,65000,65000,1,3
4509,1,3,40000,40000,1,3
4509,2,2,100000,100000,1,3
4510,1,1,100000,100000,1,3
4510,2,13,60000,20000,1,7
4511,1,3,30000,30000,1,3
4511,1,5,28000,28000,1,3
4511,2,13,80000,26666.6666666667,1,7
4512,1,3,25000,25000,1,3
4512,2,13,75000,25000,1,7
4513,1,2,200000,200000,1,3
4514,2,13,60000,20000,1,7
4514,3,21,100000,33333.3333333333,1,7
4514,5,3,25000,25000,1,3
4515,1,1,300000,300000,1,3
4516,1,3,45000,45000,1,3
4516,2,13,180000,180000,1,3
4516,3,5,16000,16000,1,3
4517,1,3,34300,34300,1,3
4517,3,1,100000,100000,1,3
4517,4,19,30000,73800,2,7
4518,1,13,40000,13333.3333333333,1,7
4518,3,1,80000,80000,1,3
4518,4,1,60000,60000,1,3
4518,5,3,12000,12000,1,3
4519,1,3,24000,24000,1,3
4519,2,3,31000,31000,1,3
4519,2,13,15000,15000,1,3
4520,1,1,410000,410000,1,3
4521,1,3,52000,52000,1,3
4521,2,19,150000,150000,1,3
4522,1,21,100000,33333.3333333333,1,7
4523,1,3,33000,33000,1,3
4523,1,5,27000,27000,1,3
4524,1,3,35000,35000,1,3
4524,2,3,27000,27000,1,3
4524,3,2,100000,100000,1,3
4525,1,1,130000,130000,1,3
4525,1,19,100000,100000,1,3
4526,1,3,50000,50000,1,3
4526,2,3,35000,35000,1,3
4526,3,1,82000,82000,1,3
4526,3,3,16000,16000,1,3
4527,1,3,32000,32000,1,3
4527,4,19,120000,120000,1,3
4528,1,1,60000,60000,1,3
4528,4,1,12000,12000,1,3
4529,1,1,100000,100000,1,3
4529,1,3,64000,64000,1,3
4529,2,3,1600,1600,1,3
4529,6,3,31000,31000,1,3
4530,1,3,50000,50000,1,3
4530,2,3,45000,45000,1,3
4530,3,1,110000,110000,1,3
4530,4,1,60000,60000,1,3
4531,1,3,50000,50000,1,3
4531,2,3,35000,35000,1,3
4532,2,1,130000,130000,1,3
4533,3,1,120000,120000,1,3
4533,4,8,18000,18000,1,3
4534,1,1,250000,250000,1,3
4534,1,3,50000,50000,1,3
4535,2,2,100000,100000,1,3
4535,3,1,80000,80000,1,3
4536,1,27,21000,21000,1,3
4536,2,26,40000,40000,1,3
4536,3,1,350000,350000,1,3
4537,1,22,120000,120000,1,3
4538,1,22,160000,160000,1,3
4539,1,22,150000,150000,1,3
4540,1,22,250000,83333.3333333333,1,7
4541,1,3,42000,42000,1,3
4542,1,3,45000,45000,1,3
4542,2,3,45000,45000,1,3
4543,1,3,44000,44000,1,3
4543,2,3,44000,44000,1,3
4543,3,2,80000,80000,1,3
4543,4,1,55000,55000,1,3
4544,1,22,100000,100000,1,3
4545,1,5,29000,29000,1,3
4545,1,22,130000,130000,1,3
4546,1,19,500,240075,3,3
4547,1,3,38500,38500,1,3
4547,2,22,500,240075,3,3
4548,1,22,250000,83333.3333333333,1,7
4548,2,5,36000,36000,1,3
4549,1,3,38500,38500,1,3
4549,2,22,180000,180000,1,3
4550,1,3,33000,33000,1,3
4550,2,22,150000,150000,1,3
4550,3,13,30000,30000,1,3
4551,1,19,200,96030,3,3
4551,2,1,215000,215000,1,3
4552,1,3,44500,44500,1,3
4552,1,13,40000,40000,1,3
4553,1,22,150000,50000,1,7
4554,1,3,44000,44000,1,3
4554,2,3,38000,38000,1,3
4554,3,13,60000,60000,1,3
4555,2,1,65000,65000,1,3
4555,2,22,4000,29520,2,3
4556,1,3,25000,25000,1,3
4556,2,19,40000,49200,2,5
4556,3,13,20000,20000,1,3
4557,1,1,80000,80000,1,3
4557,3,1,43000,43000,1,3
4558,1,3,32000,32000,1,3
4558,1,19,300000,25000,1,4
4559,1,1,80000,80000,1,3
4559,2,1,75000,75000,1,3
4560,1,13,20000,20000,1,3
4560,1,19,40000,49200,2,5
4560,1,22,30000,5000,1,5
4561,1,3,39000,39000,1,3
4561,4,13,20000,20000,1,3
4561,4,19,30000,36900,2,5
4561,4,22,60000,10000,1,5
4562,1,13,160000,53333.3333333333,1,7
4563,2,13,60000,20000,1,7
4563,2,19,100000,33333.3333333333,1,7
4564,1,2,190000,190000,1,3
4564,1,3,37000,37000,1,3
4565,1,1,85000,85000,1,3
4566,1,3,44000,44000,1,3
4566,2,1,100000,100000,1,3
4566,2,3,13000,13000,1,3
4566,3,1,75000,75000,1,3
4567,2,3,40000,40000,1,3
4568,1,1,60000,60000,1,3
4568,1,5,33500,33500,1,3
4568,3,19,15000,110700,2,3
4569,1,1,60000,60000,1,3
4569,2,1,150000,150000,1,3
4570,1,3,42000,42000,1,3
4570,1,19,5000,36900,2,3
4571,1,3,45000,45000,1,3
4571,2,3,32000,32000,1,3
4571,3,1,45000,45000,1,3
4572,1,3,47000,47000,1,3
4572,2,3,58000,58000,1,3
4573,1,13,100000,100000,1,3
4574,1,3,45000,45000,1,3
4574,2,3,28000,28000,1,3
4574,2,19,20000,147600,2,3
4575,2,3,26400,26400,1,3
4576,2,5,29000,29000,1,3
4576,2,22,60000,60000,1,3
4577,3,1,120000,120000,1,3
4577,4,1,70000,70000,1,3
4578,2,19,25000,46125,2,6
4579,1,1,15000,15000,1,3
4579,1,3,26000,26000,1,3
4579,1,22,20000,20000,1,3
4580,1,22,200000,200000,1,3
4581,2,5,43000,43000,1,3
4581,2,21,20000,20000,1,3
4581,2,22,60000,60000,1,3
4582,1,3,39000,39000,1,3
4582,1,19,30000,221400,2,3
4583,1,1,130000,130000,1,3
4583,1,18,100,48015,3,3
4583,2,1,120000,120000,1,3
4584,1,1,110000,110000,1,3
4584,2,21,30000,10000,1,7
4584,4,1,60000,60000,1,3
4585,1,1,80000,80000,1,3
4585,1,5,30000,30000,1,3
4585,1,18,20000,6666.66666666667,1,7
4586,1,2,120000,120000,1,3
4587,1,3,42000,42000,1,3
4587,2,1,68000,68000,1,3
4587,2,3,37000,37000,1,3
4587,3,2,110000,36666.6666666667,1,7
4588,1,1,29000,29000,1,3
4588,1,2,50000,50000,1,3
4588,1,5,22000,22000,1,3
4589,1,3,39000,39000,1,3
4589,1,5,18000,18000,1,3
4589,2,3,32000,32000,1,3
4590,1,1,60000,60000,1,3
4591,1,3,25000,25000,1,3
4591,1,5,18000,18000,1,3
4591,2,3,18000,18000,1,3
4592,1,2,48000,16000,1,7
4592,2,5,28000,28000,1,3
4593,1,3,32000,32000,1,3
4593,1,5,17000,17000,1,3
4594,1,3,35000,35000,1,3
4594,1,5,17000,17000,1,3
4595,1,3,42000,42000,1,3
4595,2,3,19000,19000,1,3
4595,2,5,18000,18000,1,3
4596,1,3,32000,32000,1,3
4596,1,5,17000,17000,1,3
4597,1,3,42000,42000,1,3
4598,2,5,28000,28000,1,3
4599,1,3,42000,42000,1,3
4599,4,5,23000,23000,1,3
4600,1,1,60000,20000,1,7
4600,2,5,45000,45000,1,3
4600,7,3,32000,32000,1,3
4601,1,3,22000,22000,1,3
4601,1,5,19000,19000,1,3
4602,1,3,18000,18000,1,3
4602,1,19,10000,73800,2,3
4603,1,1,60000,60000,1,3
4603,2,1,30000,30000,1,3
4604,1,1,35000,35000,1,3
4604,1,3,16000,16000,1,3
4604,1,5,22000,22000,1,3
4605,1,1,210000,210000,1,3
4605,2,1,90000,90000,1,3
4605,2,5,30000,30000,1,3
4606,1,3,16000,16000,1,3
4606,1,5,17000,17000,1,3
4607,2,1,90000,90000,1,3
4608,1,1,90000,90000,1,3
4608,1,18,70000,70000,1,3
4609,1,3,49000,49000,1,3
4609,2,3,40000,40000,1,3
4609,3,1,80000,80000,1,3
4609,3,19,10000,73800,2,3
4609,3,19,10000,73800,2,3
4610,1,1,200000,200000,1,3
4610,3,1,100000,100000,1,3
4610,7,1,80000,80000,1,3
4611,1,3,47000,47000,1,3
4611,1,5,28000,28000,1,3
4611,1,19,100,16005,3,7
4612,1,1,80000,80000,1,3
4612,1,19,5000,12300,2,7
4612,2,3,25000,25000,1,3
4612,3,1,100000,100000,1,3
4613,1,1,450000,450000,1,3
4614,1,1,150000,150000,1,3
4614,1,3,50000,50000,1,3
4614,2,1,90000,90000,1,3
4614,4,1,70000,70000,1,3
4615,1,3,47000,47000,1,3
4615,1,5,29000,29000,1,3
4615,1,19,15000,110700,2,3
4615,2,3,30000,30000,1,3
4615,3,1,120000,120000,1,3
4616,1,5,28000,28000,1,3
4616,3,3,16000,16000,1,3
4616,3,19,30000,221400,2,3
4617,1,5,22000,22000,1,3
4617,1,22,150000,37500,1,6
4618,1,3,60000,60000,1,3
4618,2,1,190000,190000,1,3
4618,3,1,350000,350000,1,3
4619,1,3,50000,50000,1,3
4619,2,1,150000,150000,1,3
4619,4,1,50000,50000,1,3
4620,1,3,40000,40000,1,3
4620,2,3,30000,30000,1,3
4620,4,13,910000,75833.3333333333,1,4
4621,1,1,162000,162000,1,3
4621,1,13,182000,15166.6666666667,1,4
4621,3,1,110000,110000,1,3
4622,1,3,70000,70000,1,3
4622,1,13,364000,30333.3333333333,1,4
4623,1,1,120000,120000,1,3
4623,3,13,260000,21666.6666666667,1,4
4624,1,3,60000,60000,1,3
4624,2,3,45000,45000,1,3
4624,3,1,250000,250000,1,3
4624,3,13,1300000,216666.666666667,1,5
4624,5,12,5000,5000,1,3
4625,1,2,300000,300000,1,3
4626,1,3,50000,50000,1,3
4626,1,19,25000,184500,2,3
4626,2,3,40000,40000,1,3
4627,1,22,300000,100000,1,7
4627,4,12,6000,6000,1,3
4627,6,3,42000,42000,1,3
4628,1,1,330000,330000,1,3
4628,2,1,70000,70000,1,3
4629,1,2,120000,120000,1,3
4630,1,2,70000,70000,1,3
4630,1,18,20000,6666.66666666667,1,7
4631,2,19,10000,73800,2,3
4632,2,3,28000,28000,1,3
4632,3,1,56000,56000,1,3
4632,4,3,21000,21000,1,3
4633,1,3,49000,49000,1,3
4634,1,1,150000,150000,1,3
4634,2,1,100000,100000,1,3
4635,1,1,150000,150000,1,3
4635,2,3,42500,42500,1,3
4636,1,2,45000,45000,1,3
4636,1,3,33000,33000,1,3
4637,1,3,50000,50000,1,3
4637,2,3,49000,49000,1,3
4637,2,19,80000,13333.3333333333,1,5
4638,1,3,42000,42000,1,3
4638,2,1,85000,85000,1,3
4638,3,3,30000,30000,1,3
4638,4,1,50000,50000,1,3
4639,1,3,49000,49000,1,3
4639,2,1,75000,75000,1,3
4640,1,1,200000,200000,1,3
4640,2,1,60000,60000,1,3
4641,1,3,38000,38000,1,3
4641,2,1,80000,80000,1,3
4641,2,22,100000,100000,1,3
4642,1,1,80000,80000,1,3
4642,2,5,28000,28000,1,3
4643,1,3,26000,26000,1,3
4643,2,1,150000,150000,1,3
4644,1,3,45000,45000,1,3
4644,1,5,17000,17000,1,3
4645,1,3,27000,27000,1,3
4645,2,2,50000,50000,1,3
4645,3,5,35000,35000,1,3
4646,3,2,100000,100000,1,3
4646,4,1,50000,50000,1,3
4647,1,1,40000,40000,1,3
4647,3,1,60000,60000,1,3
4647,4,1,50000,50000,1,3
4648,1,3,30000,30000,1,3
4648,2,5,17000,17000,1,3
4649,1,2,50000,50000,1,3
4649,2,3,24000,24000,1,3
4649,2,5,23000,23000,1,3
4649,3,3,19000,19000,1,3
4650,1,3,16000,16000,1,3
4650,1,5,30000,30000,1,3
4650,1,19,5000,36900,2,3
4651,1,3,42000,42000,1,3
4651,3,5,22000,22000,1,3
4652,1,19,10000,73800,2,3
4653,1,3,45000,45000,1,3
4653,1,22,10000,24600,2,7
4653,2,3,43000,43000,1,3
4654,1,3,36000,36000,1,3
4654,2,1,230000,230000,1,3
4654,3,1,215000,215000,1,3
4655,2,13,125000,125000,1,3
4655,2,19,15000,110700,2,3
4656,1,13,25000,25000,1,3
4656,1,19,20000,147600,2,3
4657,2,13,60000,60000,1,3
4657,2,19,20000,147600,2,3
4657,3,1,120000,120000,1,3
4658,1,3,56000,56000,1,3
4658,1,19,250,120037.5,3,3
4658,3,13,130000,130000,1,3
4659,2,1,80000,80000,1,3
4659,2,19,150,72022.5,3,3
4659,3,1,55000,55000,1,3
4660,2,13,105000,105000,1,3
4660,2,19,250,120037.5,3,3
4661,1,13,130000,130000,1,3
4661,1,19,20000,147600,2,3
4662,1,1,120000,120000,1,3
4662,1,13,25000,8333.33333333333,1,7
4662,1,19,100,48015,3,3
4663,1,19,100,48015,3,3
4664,1,3,38000,38000,1,3
4664,2,3,27000,27000,1,3
4665,1,3,32000,32000,1,3
4666,3,1,70000,70000,1,3
4667,1,2,45000,11250,1,6
4668,2,19,350,56017.5,3,7
4669,1,5,34000,34000,1,3
4670,1,1,70000,70000,1,3
4670,2,1,35000,35000,1,3
4670,3,1,60000,60000,1,3
4671,1,13,45000,11250,1,6
4672,1,1,90000,90000,1,3
4672,3,1,200000,200000,1,3
4673,1,1,170000,170000,1,3
4674,1,1,400000,400000,1,3
4674,1,3,40000,40000,1,3
4674,2,1,205000,205000,1,3
4675,1,1,450000,450000,1,3
4675,1,3,54000,54000,1,3
4675,2,1,240000,240000,1,3
4675,2,3,32000,32000,1,3
4676,1,1,55000,55000,1,3
4676,2,1,85000,85000,1,3
4677,1,1,100000,100000,1,3
4677,1,3,28000,28000,1,3
4677,2,3,48000,48000,1,3
4678,1,3,50000,50000,1,3
4678,3,1,300000,300000,1,3
4679,1,3,40000,40000,1,3
4679,2,1,130000,130000,1,3
4679,3,1,80000,80000,1,3
4679,4,1,90000,90000,1,3
4679,5,3,30000,30000,1,3
4680,1,1,125000,125000,1,3
4680,1,3,52000,52000,1,3
4680,2,3,36000,36000,1,3
4680,3,1,90000,90000,1,3
4681,1,1,210000,210000,1,3
4681,2,1,225000,225000,1,3
4681,3,1,304000,304000,1,3
4681,7,1,300000,300000,1,3
4681,10,3,43000,43000,1,3
4682,1,1,200000,200000,1,3
4682,1,5,43000,43000,1,3
4682,7,1,56000,56000,1,3
4683,1,19,150,72022.5,3,3
4684,1,1,250000,250000,1,3
4684,2,1,206000,206000,1,3
4685,1,3,35000,35000,1,3
4685,2,5,36500,36500,1,3
4685,3,19,300,144045,3,3
4686,1,1,240000,240000,1,3
4686,3,13,210000,210000,1,3
4686,4,1,355000,355000,1,3
4687,1,1,15500,15500,1,3
4687,1,5,52000,52000,1,3
4687,1,19,500,80025,3,7
4688,1,1,280000,280000,1,3
4688,2,2,100000,100000,1,3
4688,3,1,300000,300000,1,3
4689,1,1,154000,154000,1,3
4689,1,5,36000,36000,1,3
4690,1,3,40000,40000,1,3
4690,1,5,17000,17000,1,3
4691,1,3,39000,39000,1,3
4691,2,1,70000,70000,1,3
4691,2,5,17000,17000,1,3
4692,1,3,36000,36000,1,3
4692,1,5,17000,17000,1,3
4693,1,3,40000,40000,1,3
4694,1,3,38000,38000,1,3
4694,2,2,300000,300000,1,3
4695,1,3,65000,65000,1,3
4695,2,1,170000,170000,1,3
4695,3,1,170000,170000,1,3
4696,1,3,35000,35000,1,3
4696,1,19,100,48015,3,3
4697,1,1,300000,300000,1,3
4698,1,1,70000,70000,1,3
4698,2,1,208000,208000,1,3
4698,3,8,18000,18000,1,3
4699,1,1,100000,100000,1,3
4700,1,3,65000,65000,1,3
4700,2,2,60000,60000,1,3
4700,3,2,65000,65000,1,3
4701,1,3,38000,38000,1,3
4701,2,2,80000,80000,1,3
4702,1,3,43000,43000,1,3
4702,2,3,40000,40000,1,3
4702,3,2,180000,180000,1,3
4703,1,3,39000,39000,1,3
4703,1,19,200,96030,3,3
4704,1,3,37000,37000,1,3
4704,2,2,100000,100000,1,3
4704,4,3,21500,21500,1,3
4705,1,1,66000,66000,1,3
4705,1,3,57000,57000,1,3
4705,2,1,60000,60000,1,3
4705,2,3,44000,44000,1,3
4706,1,3,29000,29000,1,3
4706,1,5,26000,26000,1,3
4706,1,19,250,120037.5,3,3
4707,1,2,150000,150000,1,3
4707,2,1,74000,74000,1,3
4708,1,13,100000,8333.33333333333,1,4
4708,2,1,54600,54600,1,3
4708,2,3,36800,36800,1,3
4708,2,13,30000,30000,1,3
4709,1,1,50000,50000,1,3
4709,2,13,10000,10000,1,3
4709,2,13,28000,9333.33333333333,1,7
4710,1,1,130000,130000,1,3
4710,3,3,41200,41200,1,3
4711,1,3,45300,45300,1,3
4711,1,5,36500,36500,1,3
4711,2,3,45500,45500,1,3
4711,3,3,16000,16000,1,3
4711,4,21,30000,30000,1,3
4712,1,5,29000,29000,1,3
4712,1,21,35000,35000,1,3
4712,2,13,4500,4500,1,3
4713,1,22,70000,23333.3333333333,1,7
4713,2,13,30000,10000,1,7
4714,1,1,45000,45000,1,3
4714,1,5,30000,30000,1,3
4714,2,3,30000,30000,1,3
4714,2,13,5500,5500,1,3
4715,1,3,37700,37700,1,3
4715,1,13,6000,2000,1,7
4715,1,21,10000,10000,1,3
4716,1,3,50800,50800,1,3
4716,2,3,44000,44000,1,3
4716,4,13,100000,33333.3333333333,1,7
4717,1,3,32000,32000,1,3
4717,2,1,120000,120000,1,3
4718,2,5,28000,28000,1,3
4718,2,19,15000,110700,2,3
4719,1,19,6000,14760,2,7
4719,1,22,40000,13333.3333333333,1,7
4720,1,1,80000,80000,1,3
4720,2,2,45000,45000,1,3
4720,3,1,100000,100000,1,3
4720,4,1,50000,50000,1,3
4721,1,3,30000,30000,1,3
4721,2,3,27000,27000,1,3
4721,2,13,35000,11666.6666666667,1,7
4721,3,1,60000,60000,1,3
4722,1,19,500,240075,3,3
4722,1,19,200,32010,3,7
4723,1,19,11000,81180,2,3
4724,1,19,6000,44280,2,3
4724,1,19,100,48015,3,3
4724,5,3,20000,20000,1,3
4725,1,1,100000,100000,1,3
4725,1,3,41000,41000,1,3
4725,3,3,22000,22000,1,3
4726,1,3,54000,54000,1,3
4726,7,3,58000,58000,1,3
4727,1,1,55000,55000,1,3
4727,2,1,40000,40000,1,3
4727,2,5,35000,35000,1,3
4727,5,3,16000,16000,1,3
4727,6,3,16000,16000,1,3
4727,7,3,16000,16000,1,3
4728,1,3,47000,47000,1,3
4728,2,3,46000,46000,1,3
4729,1,1,300000,300000,1,3
4729,2,1,270000,270000,1,3
4729,3,1,205000,205000,1,3
4730,1,3,16000,16000,1,3
4730,1,13,35000,11666.6666666667,1,7
4731,1,3,35000,35000,1,3
4732,1,5,21000,21000,1,3
4733,2,5,27000,27000,1,3
4733,7,3,47000,47000,1,3
4734,1,13,145000,48333.3333333333,1,7
4734,6,3,45000,45000,1,3
4735,1,3,38000,38000,1,3
4736,1,1,25000,25000,1,3
4736,2,3,20000,20000,1,3
4736,6,3,41000,41000,1,3
4737,1,3,41000,41000,1,3
4737,2,3,30000,30000,1,3
4738,1,3,28000,28000,1,3
4738,1,5,45000,45000,1,3
4739,3,1,50000,16666.6666666667,1,7
4739,4,1,40000,13333.3333333333,1,7
4740,1,1,60000,60000,1,3
4741,1,3,20000,20000,1,3
4741,1,5,30000,30000,1,3
4742,1,3,30000,30000,1,3
4742,2,1,110000,110000,1,3
4743,2,19,5000,12300,2,7
4744,1,3,58000,58000,1,3
4745,1,2,150000,150000,1,3
4745,1,21,70000,23333.3333333333,1,7
4745,3,3,17000,17000,1,3
4746,1,2,130000,130000,1,3
4746,1,21,70000,70000,1,3
4747,1,2,200000,200000,1,3
4747,2,1,70000,70000,1,3
4748,1,3,35000,35000,1,3
4749,1,2,150000,150000,1,3
4749,1,21,50000,16666.6666666667,1,7
4750,1,1,60000,60000,1,3
4750,2,1,55000,55000,1,3
4750,3,1,120000,120000,1,3
4750,4,8,18000,18000,1,3
4751,11,3,47000,47000,1,3
4752,1,1,360000,360000,1,3
4752,2,2,200000,200000,1,3
4753,1,1,270000,270000,1,3
4753,1,19,20000,138200,2,3
4753,2,1,230000,230000,1,3
4754,2,1,10000,40000,1,2
4754,2,19,25000,172750,2,3
4754,3,1,170000,170000,1,3
4755,1,1,232000,232000,1,3
4755,1,3,42000,42000,1,3
4756,1,1,300000,300000,1,3
4756,2,1,350000,350000,1,3
4757,1,1,250000,250000,1,3
4758,1,1,120000,120000,1,3
4758,1,19,15000,103650,2,3
4759,1,1,220000,220000,1,3
4759,2,1,70000,70000,1,3
4760,1,3,28500,28500,1,3
4760,1,18,30000,30000,1,3
4761,1,1,280000,280000,1,3
4762,1,1,250000,250000,1,3
4762,2,19,100,17507,4,7
4763,1,1,60000,60000,1,3
4763,1,3,36400,36400,1,3
4763,3,2,240000,240000,1,3
4763,3,22,30000,10000,1,7
4763,4,1,66000,66000,1,3
4764,1,3,43000,43000,1,3
4764,2,1,180000,180000,1,3
4764,3,1,90000,90000,1,3
4764,4,1,120000,120000,1,3
4765,1,2,30000,30000,1,3
4765,1,19,100,17507,4,7
4766,1,2,50000,50000,1,3
4766,2,3,45000,45000,1,3
4766,2,18,15000,15000,1,3
4767,1,2,130000,130000,1,3
4767,1,3,39000,39000,1,3
4767,1,18,12000,12000,1,3
4767,2,3,28000,28000,1,3
4767,3,1,120000,120000,1,3
4768,1,1,180000,180000,1,3
4768,1,24,30000,2500,1,4
4768,2,18,50000,50000,1,3
4769,1,3,44000,44000,1,3
4769,2,3,37000,37000,1,3
4769,3,1,134000,134000,1,3
4770,1,1,60000,60000,1,3
4770,1,3,37000,37000,1,3
4770,2,19,2000,13820,2,3
4771,1,2,50000,50000,1,3
4771,2,3,16000,16000,1,3
4772,1,22,100000,100000,1,3
4773,1,3,25000,25000,1,3
4773,2,1,70000,70000,1,3
4773,3,1,80000,80000,1,3
4773,4,2,60000,60000,1,3
4774,1,3,50000,50000,1,3
4774,2,3,40000,40000,1,3
4775,1,3,74000,74000,1,3
4776,1,3,45000,45000,1,3
4777,2,1,80000,80000,1,3
4778,1,3,39000,39000,1,3
4778,2,3,33000,33000,1,3
4778,3,1,130000,130000,1,3
4778,7,25,37000,37000,1,3
4779,1,2,250000,250000,1,3
4779,2,25,20000,20000,1,3
4780,1,3,35300,35300,1,3
4781,1,3,37000,37000,1,3
4781,1,19,150,72439.5,3,3
4782,1,3,33000,33000,1,3
4782,2,3,25000,25000,1,3
4783,1,2,100000,33333.3333333333,1,7
4783,3,1,100000,100000,1,3
4784,1,3,30800,30800,1,3
4785,1,3,35000,35000,1,3
4786,1,3,35000,35000,1,3
4787,2,21,100000,100000,1,3
4787,3,3,16000,16000,1,3
4787,4,1,100000,100000,1,3
4788,1,18,12000,12000,1,3
4788,1,19,150,72439.5,3,3
4789,1,3,45000,45000,1,3
4789,2,3,25000,25000,1,3
4789,3,1,130000,130000,1,3
4790,1,3,42000,42000,1,3
4790,2,3,44000,44000,1,3
4790,2,19,70000,70000,1,3
4791,1,3,34000,34000,1,3
4791,2,1,150000,150000,1,3
4791,3,1,150000,150000,1,3
4792,1,3,35000,35000,1,3
4793,1,3,30000,30000,1,3
4793,3,1,180000,180000,1,3
4794,1,1,350000,350000,1,3
4794,2,19,10000,69100,2,3
4795,1,3,55000,55000,1,3
4795,2,3,45000,45000,1,3
4795,3,1,150000,150000,1,3
4796,1,1,120000,120000,1,3
4796,1,3,52000,52000,1,3
4796,2,3,48000,48000,1,3
4797,1,3,47000,47000,1,3
4797,3,1,112000,112000,1,3
4798,1,3,50000,50000,1,3
4798,2,1,74000,74000,1,3
4798,3,1,110000,110000,1,3
4798,4,1,50000,50000,1,3
4799,1,1,80000,80000,1,3
4799,2,1,150000,150000,1,3
4800,1,3,32000,32000,1,3
4800,1,19,300,144879,3,3
4801,2,2,150000,150000,1,3
4802,1,1,300000,300000,1,3
4802,1,3,45000,45000,1,3
4802,2,1,200000,200000,1,3
4802,2,3,35000,35000,1,3
4802,3,1,400000,400000,1,3
4802,5,1,350000,350000,1,3
4803,2,3,32000,32000,1,3
4803,2,20,1000,1000,1,3
4803,3,1,100000,100000,1,3
4803,4,1,65000,65000,1,3
4804,2,1,55000,55000,1,3
4804,3,2,50000,50000,1,3
4804,3,8,18000,18000,1,3
4804,4,1,80000,80000,1,3
4805,1,3,33000,33000,1,3
4805,2,1,70000,70000,1,3
4805,3,1,55000,55000,1,3
4805,4,1,75000,75000,1,3
4805,6,1,100000,100000,1,3
4806,2,18,50000,8333.33333333333,1,5
4806,2,19,150000,50000,1,7
4807,1,3,37000,37000,1,3
4807,3,1,300000,300000,1,3
4807,4,1,75000,75000,1,3
4808,1,1,260000,260000,1,3
4808,1,3,130000,130000,1,3
4809,1,3,60000,60000,1,3
4809,2,1,60000,60000,1,3
4809,3,1,25000,25000,1,3
4810,1,1,150000,150000,1,3
4810,1,2,120000,120000,1,3
4811,1,3,51000,51000,1,3
4811,3,1,450000,450000,1,3
4812,1,1,260000,260000,1,3
4812,2,1,310000,310000,1,3
4812,2,2,200000,200000,1,3
4813,3,5,23000,23000,1,3
4813,3,19,100000,100000,1,3
4814,1,3,40000,40000,1,3
4814,2,3,43000,43000,1,3
4815,1,3,35000,35000,1,3
4815,2,19,500,241465,3,3
4815,5,1,350000,350000,1,3
4816,1,3,39500,39500,1,3
4816,2,1,32000,32000,1,3
4816,2,3,60000,60000,1,3
4816,3,3,33000,33000,1,3
4817,1,1,80000,80000,1,3
4817,2,3,33000,33000,1,3
4817,3,1,100000,100000,1,3
4818,1,3,40000,40000,1,3
4818,2,1,150000,150000,1,3
4818,3,1,80000,80000,1,3
4819,1,3,45000,45000,1,3
4819,2,3,39500,39500,1,3
4819,3,2,50000,50000,1,3
4820,1,2,300000,300000,1,3
4821,1,19,200,32195.3333333333,3,7
4822,2,1,85000,85000,1,3
4823,1,2,150000,150000,1,3
4823,3,1,130000,130000,1,3
4823,4,1,90000,90000,1,3
4824,1,1,200000,200000,1,3
4824,3,1,120000,120000,1,3
4824,8,5,24000,24000,1,3
4825,1,3,54000,54000,1,3
4825,2,1,60000,60000,1,3
4825,2,1,60000,60000,1,3
4826,1,1,30000,30000,1,3
4826,1,3,50000,50000,1,3
4826,2,1,25000,25000,1,3
4826,2,3,49000,49000,1,3
4826,2,22,100000,16666.6666666667,1,5
4826,3,1,120000,120000,1,3
4826,4,8,18000,18000,1,3
4826,4,22,50000,8333.33333333333,1,5
4827,1,3,39000,39000,1,3
4827,1,19,100,13130.25,4,6
4828,1,3,34880,34880,1,3
4828,1,19,15000,103650,2,3
4829,1,1,60000,60000,1,3
4829,1,3,42000,42000,1,3
4829,2,3,48160,48160,1,3
4829,4,2,100000,100000,1,3
4830,1,3,100000,100000,1,3
4830,2,3,42000,42000,1,3
4830,3,1,300000,300000,1,3
4830,3,19,500,20122.0833333333,3,4
4830,4,1,230000,230000,1,3
4830,4,19,200,96586,3,3
4831,1,1,70000,70000,1,3
4831,1,21,150000,50000,1,7
4831,2,3,36000,36000,1,3
4832,1,1,73000,73000,1,3
4832,2,3,16000,16000,1,3
4833,1,12,20000,20000,1,3
4833,1,18,30000,30000,1,3
4833,2,12,5000,5000,1,3
4834,1,2,160000,53333.3333333333,1,7
4834,1,3,40000,40000,1,3
4834,2,1,120000,120000,1,3
4835,1,3,36000,36000,1,3
4835,1,19,5000,34550,2,3
4835,2,3,40000,40000,1,3
4836,1,3,55000,55000,1,3
4836,2,3,38000,38000,1,3
4836,2,19,50000,50000,1,3
4836,3,1,370000,370000,1,3
4837,2,1,80000,80000,1,3
4838,1,1,650000,650000,1,3
4838,2,1,230000,230000,1,3
4839,1,3,37000,37000,1,3
4839,1,19,40000,13333.3333333333,1,7
4839,2,3,33000,33000,1,3
4840,1,3,43000,43000,1,3
4840,1,19,150000,150000,1,3
4841,1,1,30000,30000,1,3
4841,2,1,120000,120000,1,3
4842,1,3,33000,33000,1,3
4842,1,18,100000,100000,1,3
4842,1,19,70000,70000,1,3
4843,1,3,32000,32000,1,3
4843,2,1,135000,135000,1,3
4844,2,1,250000,250000,1,3
4844,3,1,150000,150000,1,3
4845,1,26,10000,69100,2,3
4845,2,1,80000,80000,1,3
4846,2,1,60000,60000,1,3
4846,3,1,300000,300000,1,3
4847,1,1,52000,52000,1,3
4847,2,1,60000,60000,1,3
4847,3,1,60000,60000,1,3
4848,1,3,35000,35000,1,3
4848,1,18,25000,25000,1,3
4849,2,1,110000,110000,1,3
4850,1,3,42000,42000,1,3
4850,2,3,38000,38000,1,3
4850,3,1,60000,60000,1,3
4850,4,1,35000,35000,1,3
4850,4,3,16000,16000,1,3
4851,1,3,69000,69000,1,3
4851,2,3,39000,39000,1,3
4851,3,1,200000,200000,1,3
4852,1,3,45900,45900,1,3
4852,1,19,200000,200000,1,3
4853,1,3,50000,50000,1,3
4853,2,1,400000,400000,1,3
4854,1,3,60000,60000,1,3
4854,2,3,42000,42000,1,3
4854,3,1,100000,100000,1,3
4854,6,12,6000,6000,1,3
4855,1,3,19000,19000,1,3
4855,2,1,20000,20000,1,3
4855,3,2,55000,18333.3333333333,1,7
4855,4,3,22000,22000,1,3
4856,1,1,260000,260000,1,3
4857,1,21,30000,10000,1,7
4857,1,22,50000,16666.6666666667,1,7
4858,1,2,350000,350000,1,3
4858,2,1,400000,400000,1,3
4859,1,2,200000,200000,1,3
4859,1,3,25000,25000,1,3
4859,3,12,10000,10000,1,3
4860,1,3,65000,65000,1,3
4861,1,3,31000,31000,1,3
4861,2,3,29000,29000,1,3
4861,2,19,10000,69100,2,3
4862,1,3,41000,41000,1,3
4862,1,18,30000,30000,1,3
4863,1,1,120000,120000,1,3
4863,2,1,50000,50000,1,3
4864,1,3,35000,35000,1,3
4865,1,1,83000,83000,1,3
4865,1,3,38700,38700,1,3
4865,2,1,180000,180000,1,3
4866,1,1,58000,58000,1,3
4866,1,3,26000,26000,1,3
4866,2,1,55000,55000,1,3
4866,2,3,37000,37000,1,3
4866,3,1,37000,37000,1,3
4866,3,3,26000,26000,1,3
4867,1,3,34000,34000,1,3
4867,2,1,400000,400000,1,3
4867,3,1,60000,60000,1,3
4868,2,2,1500,181098.75,3,6
4869,1,19,250,120732.5,3,3
4869,1,22,1500,60366.25,3,4
4870,1,5,35000,35000,1,3
4870,1,13,370000,30833.3333333333,1,4
4870,1,22,50000,8333.33333333333,1,5
4870,2,13,33000,33000,1,3
4871,1,13,260000,43333.3333333333,1,5
4871,2,13,20000,20000,1,3
4871,2,22,100000,16666.6666666667,1,5
4872,1,3,40000,40000,1,3
4872,1,13,90000,90000,1,3
4872,2,1,330000,330000,1,3
4872,2,5,33000,33000,1,3
4872,2,13,480000,80000,1,5
4872,3,1,235000,235000,1,3
4872,3,13,75000,75000,1,3
4873,1,3,45000,45000,1,3
4873,1,19,200,96586,3,3
4873,2,3,42000,42000,1,3
4873,2,13,70000,70000,1,3
4874,1,3,50000,50000,1,3
4874,1,5,17000,17000,1,3
4874,1,19,330,159366.9,3,3
4875,1,3,55000,55000,1,3
4875,1,13,80000,80000,1,3
4875,2,3,50000,50000,1,3
4875,2,13,75000,75000,1,3
4875,3,1,380000,380000,1,3
4876,1,3,42000,42000,1,3
4876,1,13,80000,80000,1,3
4876,3,5,35000,35000,1,3
4876,3,13,90000,90000,1,3
4876,3,19,400,193172,3,3
4877,1,13,450000,75000,1,5
4877,2,13,75000,75000,1,3
4877,3,1,400000,400000,1,3
4877,3,13,130000,10833.3333333333,1,4
4878,1,3,55000,55000,1,3
4878,2,3,43000,43000,1,3
4878,2,13,75000,75000,1,3
4878,4,1,240000,240000,1,3
4878,4,13,72000,72000,1,3
4878,4,19,500,241465,3,3
4879,1,3,45000,45000,1,3
4879,2,3,38600,38600,1,3
4879,3,1,110000,110000,1,3
4880,1,1,140000,140000,1,3
4880,2,1,70000,70000,1,3
4881,1,1,80000,80000,1,3
4881,2,1,80000,80000,1,3
4882,1,3,39700,39700,1,3
4882,1,18,15000,15000,1,3
4882,2,3,28600,28600,1,3
4883,1,3,36800,36800,1,3
4883,1,5,17000,17000,1,3
4884,1,3,41800,41800,1,3
4884,1,19,200,35014,4,7
4884,2,3,38500,38500,1,3
4885,1,1,400000,133333.333333333,1,7
4885,2,1,90000,90000,1,3
4886,1,3,38800,38800,1,3
4886,1,19,100,48293,3,3
4887,2,1,50000,50000,1,3
4887,2,19,100000,100000,1,3
4888,1,3,40800,40800,1,3
4888,2,3,38600,38600,1,3
4889,1,13,95000,95000,1,3
4890,1,1,108000,108000,1,3
4890,2,13,30000,30000,1,3
4891,1,13,110000,110000,1,3
4892,1,3,40500,40500,1,3
4892,1,5,17000,17000,1,3
4892,1,13,25000,8333.33333333333,1,7
4893,1,3,42800,42800,1,3
4893,2,3,36900,36900,1,3
4893,3,13,110000,110000,1,3
4894,1,3,39900,39900,1,3
4894,1,13,30000,10000,1,7
4895,1,3,41000,41000,1,3
4895,1,19,300,48293,3,7
4895,2,3,38000,38000,1,3
4896,1,1,44000,44000,1,3
4896,1,3,25800,25800,1,3
4896,1,13,25000,8333.33333333333,1,7
4897,1,3,27000,27000,1,3
4897,2,1,85000,85000,1,3
4897,3,22,30000,10000,1,7
4898,2,13,50000,16666.6666666667,1,7
4898,2,22,280000,93333.3333333333,1,7
4899,1,13,50000,16666.6666666667,1,7
4899,2,22,50000,16666.6666666667,1,7
4899,4,2,170000,170000,1,3
4900,1,3,30000,30000,1,3
4900,2,3,28700,28700,1,3
4901,1,13,70000,23333.3333333333,1,7
4901,2,1,65000,65000,1,3
4901,2,22,50000,12500,1,6
4902,1,3,22000,22000,1,3
4902,1,18,20000,6666.66666666667,1,7
4903,1,3,34000,34000,1,3
4903,2,13,212000,53000,1,6
4904,1,3,32000,32000,1,3
4904,2,22,70000,23333.3333333333,1,7
4905,1,3,40000,40000,1,3
4905,2,3,30000,30000,1,3
4905,3,1,85000,85000,1,3
4905,4,22,20000,5000,1,6
4906,1,13,100000,33333.3333333333,1,7
4906,3,1,95000,95000,1,3
4907,1,3,45000,45000,1,3
4907,2,3,30000,30000,1,3
4907,3,2,120000,120000,1,3
4908,1,2,280000,280000,1,3
4908,4,3,30000,30000,1,3
4909,1,2,100000,100000,1,3
4910,1,1,250000,250000,1,3
4910,1,19,300,144879,3,3
4910,5,3,32000,32000,1,3
4911,1,3,51000,51000,1,3
4911,2,13,40000,40000,1,3
4912,1,3,35000,5833.33333333333,1,5
4912,1,18,50000,50000,1,3
4912,2,3,32000,5333.33333333333,1,5
4913,3,1,130000,43333.3333333333,1,7
4913,3,22,20000,46066.6666666667,2,7
4914,1,1,85000,85000,1,3
4914,2,1,65000,65000,1,3
4914,5,1,90000,90000,1,3
4915,1,3,31000,31000,1,3
4915,2,1,330000,330000,1,3
4916,1,3,44000,44000,1,3
4916,2,3,25000,25000,1,3
4916,2,19,10000,69100,2,3
4917,1,19,8000,55280,2,3
4917,1,21,100000,16666.6666666667,1,5
4917,2,3,30000,30000,1,3
4917,2,19,200,105042,4,3
4918,2,2,150000,150000,1,3
4918,3,1,60000,60000,1,3
4919,1,1,37000,12333.3333333333,1,7
4919,1,5,23000,23000,1,3
4920,1,1,180000,180000,1,3
4920,2,1,140000,140000,1,3
4921,1,3,22000,22000,1,3
4921,1,19,200,35014,4,7
4921,2,2,235000,235000,1,3
4921,3,1,400000,400000,1,3
4922,1,1,55000,55000,1,3
4922,1,6,17000,5666.66666666667,1,7
4923,2,1,60000,60000,1,3
4923,3,1,90000,90000,1,3
4924,1,1,135000,135000,1,3
4924,3,1,165000,165000,1,3
4924,4,1,55000,55000,1,3
4925,1,3,45500,45500,1,3
4925,1,19,300,144879,3,3
4925,3,8,18000,18000,1,3
4926,1,1,125000,125000,1,3
4926,1,22,15000,15000,1,3
4927,1,3,47500,47500,1,3
4927,1,21,15000,5000,1,7
4928,2,1,80000,80000,1,3
4928,2,22,40000,40000,1,3
4929,1,1,62000,62000,1,3
4929,1,2,10000,10000,1,3
4930,1,1,80000,80000,1,3
4930,2,1,90000,90000,1,3
4931,1,1,135000,135000,1,3
4931,2,1,72500,72500,1,3
4932,1,1,60000,60000,1,3
4932,2,1,95000,95000,1,3
4932,3,1,130000,130000,1,3
4933,1,2,80000,80000,1,3
4933,1,13,50000,50000,1,3
4933,2,1,55000,55000,1,3
4933,2,21,80000,26666.6666666667,1,7
4933,3,2,80000,80000,1,3
4934,1,1,75000,75000,1,3
4934,1,1,105000,105000,1,3
4935,1,1,15000,15000,1,3
4935,1,13,156000,13000,1,4
4935,4,2,150000,150000,1,3
4936,1,3,32340,32340,1,3
4936,2,3,38000,38000,1,3
4936,3,1,100000,100000,1,3
4937,1,3,30000,30000,1,3
4937,2,2,250000,250000,1,3
4938,1,3,27000,27000,1,3
4938,2,1,100000,100000,1,3
4938,3,1,50000,50000,1,3
4939,1,3,44000,44000,1,3
4939,2,3,35000,35000,1,3
4939,3,1,100000,100000,1,3
4940,1,1,150000,150000,1,3
4940,1,21,80000,6666.66666666667,1,4
4941,1,3,27000,27000,1,3
4941,2,1,50000,50000,1,3
4941,2,3,32000,32000,1,3
4941,3,3,16000,16000,1,3
4942,1,3,42000,42000,1,3
4942,2,1,120000,120000,1,3
4943,1,1,60000,60000,1,3
4943,3,1,200000,200000,1,3
4944,1,3,36000,36000,1,3
4944,4,1,50000,50000,1,3
4944,5,1,200000,200000,1,3
4944,6,1,180000,180000,1,3
4945,1,2,200000,200000,1,3
4946,1,3,45000,45000,1,3
4946,3,1,250000,250000,1,3
4947,1,3,48000,48000,1,3
4947,2,1,370000,370000,1,3
4947,3,1,210000,210000,1,3
4948,1,1,200000,200000,1,3
4948,3,2,100000,100000,1,3
4948,4,21,120000,40000,1,7
4949,1,13,32000,32000,1,3
4949,3,1,230000,230000,1,3
4950,1,1,280000,280000,1,3
4950,2,21,120000,40000,1,7
4951,1,3,27000,27000,1,3
4951,2,3,45000,45000,1,3
4951,3,1,69000,69000,1,3
4951,4,1,70000,70000,1,3
4952,1,1,350000,350000,1,3
4953,1,1,180000,180000,1,3
4954,1,1,125000,125000,1,3
4955,1,1,40000,40000,1,3
4955,1,3,19000,19000,1,3
4955,3,1,55000,55000,1,3
4955,3,3,39900,39900,1,3
4956,2,2,160000,160000,1,3
4957,1,3,37000,37000,1,3
4957,4,1,70000,70000,1,3
4958,1,2,200000,200000,1,3
4959,1,2,200000,200000,1,3
4960,1,3,42000,42000,1,3
4960,3,1,65000,65000,1,3
4961,1,1,60000,60000,1,3
4961,1,19,100,16097.6666666667,3,7
4961,2,5,28000,28000,1,3
4962,1,1,150000,150000,1,3
4963,1,3,16000,16000,1,3
4963,4,3,33000,33000,1,3
4963,5,3,35000,35000,1,3
4964,1,26,40000,40000,1,3
4964,2,2,100000,100000,1,3
4964,3,1,75000,75000,1,3
4965,1,1,80000,80000,1,3
4965,2,18,50000,50000,1,3
4966,1,3,37000,37000,1,3
4967,1,1,90000,90000,1,3
4967,1,19,200,8048.83333333333,3,4
4967,4,3,16000,16000,1,3
4967,5,1,52000,52000,1,3
4968,1,18,20000,20000,1,3
4968,3,3,21400,21400,1,3
4969,1,3,46000,46000,1,3
4969,2,3,46000,46000,1,3
4970,1,1,85000,85000,1,3
4970,1,3,48000,48000,1,3
4971,1,3,32000,32000,1,3
4971,2,22,120000,120000,1,3
4972,1,3,42000,42000,1,3
4972,2,3,36000,36000,1,3
4973,1,22,300000,25000,1,4
4973,2,3,28000,28000,1,3
4974,1,22,150000,150000,1,3
4974,2,22,300000,25000,1,4
4975,1,3,30000,30000,1,3
4975,1,22,200000,66666.6666666667,1,7
4976,1,3,36000,36000,1,3
4976,1,13,100000,8333.33333333333,1,4
4976,2,3,28000,28000,1,3
4977,1,3,32000,32000,1,3
4977,2,22,100000,100000,1,3
4978,1,3,76500,76500,1,3
4979,1,22,150000,150000,1,3
4979,2,5,29000,29000,1,3
4980,1,1,310000,310000,1,3
4980,2,1,235000,235000,1,3
4981,1,3,35000,35000,1,3
4981,2,22,500,80488.3333333333,3,7
4981,3,1,76000,76000,1,3
4981,3,5,29000,29000,1,3
4982,1,1,95000,95000,1,3
4982,2,1,75000,75000,1,3
4983,1,22,150000,150000,1,3
4983,6,1,67000,67000,1,3
4983,7,8,18000,18000,1,3
4984,1,2,200000,200000,1,3
4985,1,3,48000,48000,1,3
4986,1,3,34500,34500,1,3
4986,2,1,60000,60000,1,3
4986,3,2,100000,100000,1,3
4986,4,22,400,64390.6666666667,3,7
4987,1,3,35000,35000,1,3
4987,1,22,200000,66666.6666666667,1,7
4988,1,1,80000,80000,1,3
4988,2,22,150000,50000,1,7
4989,1,22,100000,33333.3333333333,1,7
4990,1,3,28000,28000,1,3
4990,3,22,200000,50000,1,6
4991,1,22,200000,66666.6666666667,1,7
4992,1,3,28000,28000,1,3
4992,2,3,33000,33000,1,3
4993,1,22,220000,36666.6666666667,1,5
4994,1,3,26000,26000,1,3
4995,1,3,43000,43000,1,3
4995,2,22,150000,50000,1,7
4996,1,1,105000,105000,1,3
4996,1,3,39000,39000,1,3
4996,2,1,55000,55000,1,3
4996,3,1,100000,100000,1,3
4997,1,2,160000,160000,1,3
4997,2,5,29000,29000,1,3
4998,1,1,200000,66666.6666666667,1,7
4999,1,3,38000,38000,1,3
4999,1,5,17000,17000,1,3
5000,1,3,29000,29000,1,3
5000,2,19,10000,69100,2,3
5001,1,1,275000,275000,1,3
5001,1,19,200,32195.3333333333,3,7
5002,1,1,100000,100000,1,3
5002,2,19,20000,138200,2,3
5002,4,5,29000,29000,1,3
5003,1,3,45000,45000,1,3
5003,3,19,20000,138200,2,3
5004,1,2,180000,180000,1,3
5004,1,3,18000,18000,1,3
5004,2,19,250,40244.1666666667,3,7
5005,1,1,270000,270000,1,3
5005,1,3,52000,52000,1,3
5005,2,3,37000,37000,1,3
5005,3,1,350000,350000,1,3
5005,4,1,350000,350000,1,3
5006,1,18,60000,60000,1,3
5006,2,18,60000,60000,1,3
5007,2,3,16000,16000,1,3
5007,2,19,20000,138200,2,3
5007,3,5,27000,27000,1,3
5008,2,1,210000,210000,1,3
5008,2,19,50000,345500,2,3
5009,2,21,100000,33333.3333333333,1,7
5009,2,22,100000,100000,1,3
5009,3,1,100000,100000,1,3
5010,1,3,52800,52800,1,3
5010,1,21,20000,6666.66666666667,1,7
5010,2,1,70000,70000,1,3
5011,1,1,200000,200000,1,3
5012,1,1,250000,250000,1,3
5012,2,1,220000,220000,1,3
5012,2,21,200000,66666.6666666667,1,7
5012,2,22,360000,360000,1,3
5012,3,1,220000,220000,1,3
5013,1,1,120000,120000,1,3
5013,1,21,300000,25000,1,4
5013,2,1,80000,80000,1,3
5013,3,1,150000,150000,1,3
5013,4,1,50000,50000,1,3
5014,1,3,33000,33000,1,3
5014,1,19,200,32195.3333333333,3,7
5015,1,1,60000,60000,1,3
5015,1,13,51000,17000,1,7
5015,3,1,48000,48000,1,3
5016,1,3,30000,30000,1,3
5016,2,13,13000,3250,1,6
5016,2,21,40000,10000,1,6
5017,1,5,23000,23000,1,3
5017,1,13,12000,12000,1,3
5017,1,21,20000,6666.66666666667,1,7
5017,2,3,16000,16000,1,3
5018,1,3,33000,33000,1,3
5018,1,5,17000,17000,1,3
5018,1,21,15000,5000,1,7
5019,1,3,38000,38000,1,3
5020,1,3,42000,42000,1,3
5021,1,5,43000,43000,1,3
5021,1,13,20000,6666.66666666667,1,7
5021,2,21,50000,4166.66666666667,1,4
5022,1,3,39000,39000,1,3
5022,2,3,37000,37000,1,3
5023,1,3,28600,28600,1,3
5024,1,1,70000,70000,1,3
5025,1,3,39200,39200,1,3
5025,2,1,67000,67000,1,3
5025,2,19,10000,69100,2,3
5026,2,22,15000,15000,1,3
5027,1,19,300,157563,4,3
5028,1,3,30000,30000,1,3
5029,1,1,2000,60000,1,1
5029,2,1,3000,90000,1,1
5030,1,21,25000,4166.66666666667,1,5
5031,1,3,42000,42000,1,3
5031,2,1,50000,50000,1,3
5031,2,19,15000,103650,2,3
5032,1,13,10000,10000,1,3
5032,2,5,17000,17000,1,3
5032,3,3,19000,19000,1,3
5032,4,3,19000,19000,1,3
5033,1,19,3000,6910,2,7
5034,1,3,51000,51000,1,3
5034,1,5,17000,17000,1,3
5035,2,3,27000,27000,1,3
5035,3,5,22000,22000,1,3
5036,1,19,30000,17275,2,4
5036,2,3,35000,35000,1,3
5036,4,5,29000,29000,1,3
5037,2,5,34000,34000,1,3
5037,2,19,10000,5758.33333333333,2,4
5038,2,22,100000,8333.33333333333,1,4
5038,7,27,36000,36000,1,3
5039,1,3,34000,34000,1,3
5040,1,3,27000,27000,1,3
5040,2,3,28000,28000,1,3
5040,4,1,33000,33000,1,3
5040,4,5,27000,27000,1,3
5041,1,1,25000,25000,1,3
5042,2,1,40000,40000,1,3
5043,1,1,100000,100000,1,3
5044,1,5,27000,27000,1,3
5045,1,1,135000,135000,1,3
5045,3,1,70000,70000,1,3
5046,1,3,40800,40800,1,3
5047,1,3,43000,43000,1,3
5047,1,19,7000,48370,2,3
5048,1,3,40500,40500,1,3
5049,1,1,7000,7000,1,3
5050,1,3,54000,54000,1,3
5050,2,3,30000,30000,1,3
5050,2,13,15000,60000,1,2
5050,3,1,180000,180000,1,3
5051,2,13,15000,60000,1,2
5051,3,1,100000,100000,1,3
5052,2,13,15000,60000,1,2
5052,3,1,230000,230000,1,3
5053,2,1,250000,250000,1,3
5054,1,3,36000,36000,1,3
5054,1,5,28000,28000,1,3
5054,2,3,31000,31000,1,3
5054,2,13,15000,60000,1,2
5054,3,10,28000,9333.33333333333,1,7
5054,4,10,28000,9333.33333333333,1,7
5055,2,22,150000,25000,1,5
5055,3,22,35000,20154.1666666667,2,4
5056,1,13,30000,120000,1,2
5057,1,3,40000,40000,1,3
5057,2,1,60000,60000,1,3
5057,2,3,45000,45000,1,3
5058,1,3,50000,50000,1,3
5058,2,1,80000,80000,1,3
5058,2,13,15000,60000,1,2
5058,3,1,120000,120000,1,3
5059,1,1,150000,150000,1,3
5059,2,1,50000,50000,1,3
5060,1,1,390000,390000,1,3
5061,1,1,80000,80000,1,3
5061,1,22,60000,20000,1,7
5061,2,1,100000,100000,1,3
5061,7,3,53000,53000,1,3
5062,1,3,44000,44000,1,3
5063,1,3,38000,38000,1,3
5063,1,19,300,48293,3,7
5064,2,1,100000,100000,1,3
5064,3,1,100000,100000,1,3
5065,1,1,120000,120000,1,3
5065,1,3,42000,42000,1,3
5065,3,1,120000,120000,1,3
5066,2,19,200,96586,3,3
5067,1,3,44000,44000,1,3
5067,1,19,100,16097.6666666667,3,7
5068,1,3,40000,40000,1,3
5068,3,5,28000,28000,1,3
5068,3,19,66000,66000,1,3
5069,1,3,40000,40000,1,3
5070,1,1,280000,280000,1,3
5071,1,3,31000,31000,1,3
5071,2,3,30000,30000,1,3
5071,2,5,17000,17000,1,3
5071,3,3,17000,17000,1,3
5071,4,1,57000,57000,1,3
5072,1,22,132000,132000,1,3
5073,1,3,29000,29000,1,3
5073,2,1,57000,57000,1,3
5074,1,3,45000,45000,1,3
5075,1,1,60000,60000,1,3
5075,1,3,40000,40000,1,3
5076,1,1,90000,90000,1,3
5076,2,22,40000,3333.33333333333,1,4
5077,1,19,20000,138200,2,3
5078,1,19,20000,46066.6666666667,2,7
5079,2,19,20000,138200,2,3
5079,3,1,45000,45000,1,3
5080,1,3,45000,45000,1,3
5081,1,3,40000,40000,1,3
5081,2,3,30000,30000,1,3
5082,1,3,45000,45000,1,3
5082,2,3,30000,30000,1,3
5082,3,1,70000,70000,1,3
5083,1,3,45000,45000,1,3
5084,1,3,35000,35000,1,3
5084,2,3,28000,28000,1,3
5084,3,1,60000,60000,1,3
5084,4,1,45000,45000,1,3
5085,1,3,50000,50000,1,3
5085,2,3,50000,50000,1,3
5086,1,3,37000,37000,1,3
5086,1,13,65000,65000,1,3
5086,3,2,140000,140000,1,3
5087,1,1,222000,222000,1,3
5087,1,3,26000,26000,1,3
5087,1,13,90000,90000,1,3
5087,2,1,215000,215000,1,3
5087,2,3,24000,24000,1,3
5088,1,13,160000,160000,1,3
5088,2,1,225000,225000,1,3
5089,3,22,25000,43187.5,2,6
5090,1,1,180000,180000,1,3
5090,2,13,45000,45000,1,3
5091,1,22,200,96586,3,3
5091,2,13,40000,40000,1,3
5092,2,5,39000,39000,1,3
5092,2,13,40000,40000,1,3
5092,2,19,15000,103650,2,3
5093,1,1,220000,220000,1,3
5093,1,13,140000,140000,1,3
5094,1,3,38000,38000,1,3
5094,2,1,230000,230000,1,3
5094,3,13,120000,120000,1,3
5095,1,13,160000,13333.3333333333,1,4
5096,2,22,50000,8333.33333333333,1,5
5097,1,22,20000,3333.33333333333,1,5
5097,2,5,29000,29000,1,3
5098,1,22,70000,11666.6666666667,1,5
5099,1,22,25000,4166.66666666667,1,5
5099,3,3,17000,17000,1,3
5100,1,3,35000,35000,1,3
5100,2,3,23000,23000,1,3
5101,1,3,32000,32000,1,3
5101,3,13,320000,26666.6666666667,1,4
5102,1,3,28000,28000,1,3
5102,1,22,20000,5000,1,6
5103,1,22,45000,7500,1,5
5104,1,3,41000,41000,1,3
5104,2,3,40000,40000,1,3
5105,1,1,50000,50000,1,3
5105,2,1,55000,55000,1,3
5106,2,1,160000,160000,1,3
5107,1,1,270000,270000,1,3
5107,1,3,51000,51000,1,3
5107,1,19,150,72439.5,3,3
5107,2,3,39000,39000,1,3
5108,1,3,35000,35000,1,3
5108,2,1,55000,55000,1,3
5108,3,1,180000,180000,1,3
5108,4,1,55000,55000,1,3
5109,1,3,35000,35000,1,3
5109,2,3,19000,19000,1,3
5109,2,18,30000,30000,1,3
5110,1,1,16000,16000,1,3
5111,1,1,150000,150000,1,3
5112,1,1,200000,200000,1,3
5113,1,1,60000,60000,1,3
5113,2,1,65000,65000,1,3
5113,3,1,150000,150000,1,3
5114,1,1,510000,510000,1,3
5115,1,1,180000,180000,1,3
5115,6,3,35000,35000,1,3
5116,1,3,33000,33000,1,3
5116,1,19,200,96586,3,3
5116,3,1,70000,70000,1,3
5117,1,1,150000,150000,1,3
5117,3,1,120000,120000,1,3
5117,6,3,35000,35000,1,3
5118,1,3,46000,46000,1,3
5118,2,3,40000,40000,1,3
5118,3,1,90000,90000,1,3
5118,4,1,60000,60000,1,3
5118,7,3,35000,35000,1,3
5119,1,1,300000,300000,1,3
5119,2,1,210000,210000,1,3
5120,1,3,48000,48000,1,3
5120,2,3,46000,46000,1,3
5121,1,3,46000,46000,1,3
5121,1,19,5000,34550,2,3
5121,2,3,42000,42000,1,3
5122,1,13,50000,16666.6666666667,1,7
5122,2,13,10000,10000,1,3
5122,3,1,80000,80000,1,3
5123,1,3,32000,32000,1,3
5123,1,5,30000,30000,1,3
5124,1,13,200000,66666.6666666667,1,7
5124,2,13,160000,160000,1,3
5125,1,13,80000,26666.6666666667,1,7
5125,2,3,58000,58000,1,3
5125,3,3,54000,54000,1,3
5126,1,13,200000,66666.6666666667,1,7
5126,2,13,220000,220000,1,3
5127,1,13,80000,26666.6666666667,1,7
5127,2,5,28000,28000,1,3
5128,1,13,160000,53333.3333333333,1,7
5128,5,13,110000,36666.6666666667,1,7
5129,1,13,65000,21666.6666666667,1,7
5129,2,5,28000,28000,1,3
5130,1,3,27000,27000,1,3
5130,1,5,35500,35500,1,3
5130,2,13,40000,13333.3333333333,1,7
5131,1,3,30000,30000,1,3
5131,2,2,50000,50000,1,3
5131,2,3,40000,40000,1,3
5131,3,1,80000,80000,1,3
5131,4,1,70000,70000,1,3
5132,1,2,120000,120000,1,3
5133,1,3,45500,45500,1,3
5133,2,3,44000,44000,1,3
5133,3,1,110000,110000,1,3
5133,4,1,48000,48000,1,3
5133,5,1,50000,50000,1,3
5134,1,3,48000,48000,1,3
5134,2,3,52000,52000,1,3
5134,3,1,55000,55000,1,3
5134,3,19,150,72439.5,3,3
5134,4,1,200000,200000,1,3
5134,5,1,55000,55000,1,3
5135,1,3,39000,39000,1,3
5135,1,5,17000,17000,1,3
5136,2,3,41000,41000,1,3
5136,3,19,300,144879,3,3
5137,1,2,150000,150000,1,3
5137,2,1,75000,75000,1,3
5138,1,2,200000,200000,1,3
5138,4,1,65000,65000,1,3
5139,1,1,140000,140000,1,3
5139,2,1,120000,120000,1,3
5139,3,3,45000,45000,1,3
5139,4,3,40000,40000,1,3
5139,5,1,130000,130000,1,3
5139,6,8,18000,18000,1,3
5140,1,1,170000,170000,1,3
5140,1,3,31000,31000,1,3
5140,2,13,14000,14000,1,3
5141,1,3,45600,45600,1,3
5141,2,1,150000,150000,1,3
5141,3,1,80000,80000,1,3
5141,3,3,33000,33000,1,3
5142,1,3,33000,33000,1,3
5142,2,13,15000,15000,1,3
5142,3,13,24000,8000,1,7
5142,3,21,120000,40000,1,7
5143,1,13,35000,11666.6666666667,1,7
5143,1,21,50000,12500,1,6
5143,2,1,85000,85000,1,3
5144,1,3,35000,35000,1,3
5144,1,16,15000,5000,1,7
5144,2,3,30000,30000,1,3
5144,3,3,21000,21000,1,3
5145,1,3,44000,44000,1,3
5145,2,3,37000,37000,1,3
5145,3,2,120000,120000,1,3
5145,4,13,25000,25000,1,3
5146,1,13,160000,13333.3333333333,1,4
5146,1,19,10000,23033.3333333333,2,7
5147,1,3,38400,38400,1,3
5147,2,13,10000,10000,1,3
5147,2,13,40000,3333.33333333333,1,4
5148,1,3,48000,48000,1,3
5148,1,13,75000,75000,1,3
5148,2,1,275000,275000,1,3
5149,1,2,100000,100000,1,3
5149,1,3,28000,28000,1,3
5149,3,2,65000,65000,1,3
5150,1,22,70000,23333.3333333333,1,7
5150,2,5,33000,33000,1,3
5151,1,3,34000,34000,1,3
5151,2,13,12000,12000,1,3
5151,2,13,15000,15000,1,3
5151,7,3,50000,50000,1,3
5151,8,3,42000,42000,1,3
5152,1,3,40000,40000,1,3
5152,2,2,100000,33333.3333333333,1,7
5152,3,2,57000,57000,1,3
5153,1,3,36000,36000,1,3
5153,1,19,400,64390.6666666667,3,7
5153,2,3,30000,30000,1,3
5154,1,2,70000,70000,1,3
5154,1,3,34000,34000,1,3
5154,3,2,85000,85000,1,3
5155,1,3,28000,28000,1,3
5155,1,19,200,96586,3,3
5155,2,13,75000,75000,1,3
5156,1,3,35000,35000,1,3
5156,2,1,350000,350000,1,3
5156,3,1,205000,205000,1,3
5157,1,1,125000,125000,1,3
5157,2,1,135000,135000,1,3
5158,1,3,50000,50000,1,3
5159,1,19,80000,26666.6666666667,1,7
5160,1,3,32000,32000,1,3
5161,1,3,34000,34000,1,3
5162,1,18,20000,20000,1,3
5163,1,3,54000,54000,1,3
5163,2,3,40000,40000,1,3
5163,2,5,54500,54500,1,3
5163,5,12,5000,5000,1,3
5164,1,3,54000,54000,1,3
5164,2,3,45000,45000,1,3
5164,5,1,100000,100000,1,3
5164,6,1,50000,50000,1,3
5165,1,3,48000,48000,1,3
5165,2,3,43000,43000,1,3
5165,3,1,85000,85000,1,3
5165,5,2,100000,100000,1,3
5166,1,3,41000,41000,1,3
5166,2,3,19000,19000,1,3
5167,1,3,40000,40000,1,3
5167,2,3,40000,40000,1,3
5167,4,1,150000,150000,1,3
5168,1,3,36000,36000,1,3
5169,1,1,105000,105000,1,3
5169,2,1,80000,80000,1,3
5170,1,3,47000,47000,1,3
5171,1,1,90000,90000,1,3
5172,1,3,42000,42000,1,3
5173,1,5,16000,16000,1,3
5173,2,3,29450,29450,1,3
5174,1,3,27800,27800,1,3
5174,2,3,26600,26600,1,3
5174,3,1,100000,100000,1,3
5174,4,1,55000,55000,1,3
5175,1,3,40000,40000,1,3
5175,1,5,17000,17000,1,3
5176,1,3,50000,50000,1,3
5176,2,3,40000,40000,1,3
5177,1,1,90000,90000,1,3
5177,1,21,35000,35000,1,3
5177,2,5,28000,28000,1,3
5178,1,3,41000,41000,1,3
5179,1,1,64000,64000,1,3
5179,1,3,37000,37000,1,3
5179,2,1,57000,57000,1,3
5179,5,3,46000,46000,1,3
5180,1,2,100000,100000,1,3
5180,1,5,32000,32000,1,3
5181,1,1,70000,70000,1,3
5181,1,3,27000,27000,1,3
5181,2,5,28000,28000,1,3
5181,3,2,200000,200000,1,3
5182,1,26,9000,62190,2,3
5182,2,26,8000,55280,2,3
5182,3,1,70000,70000,1,3
5183,1,3,45000,45000,1,3
5183,2,3,37000,37000,1,3
5184,1,2,60000,60000,1,3
5184,1,21,80000,26666.6666666667,1,7
